version 1
nodes
0 "Implicit" -1
end
skeleton
time 0
0  0.000000 0.000000 0.000000  0.000000 0.000000 0.000000
end
triangles
no_material
0  0.267917 0.000000 0.017393  0.496864 0.016092 0.867679  0.014281 0.315958
0  0.275539 0.000000 0.001851  0.831235 0.022543 -0.555465  0.376854 0.065943
0  0.276619 0.115776 0.016313  0.773551 -0.001710 0.633732  0.003909 0.185096
no_material
0  0.257954 -0.173664 0.017270  -0.198359 0.000520 0.980129  0.025545 0.512249
0  0.267917 -0.173664 0.017393  0.054159 0.002895 0.998528  0.014280 0.512251
0  0.257936 -0.057888 0.017267  -0.177051 -0.001087 0.984201  0.025566 0.381397
no_material
0  0.173664 -0.173664 0.001851  0.007342 -0.027705 -0.999589  0.573161 0.181053
0  0.173664 -0.115776 0.001851  0.000000 0.000000 -1.000000  0.507745 0.181055
0  0.275539 -0.173664 0.001851  0.679796 -0.006185 -0.733376  0.573159 0.065930
no_material
0  -0.247991 0.247305 0.000043  0.502308 -0.727003 -0.468138  0.668882 0.018472
0  -0.261502 0.249052 0.000584  -0.634571 -0.703090 -0.320912  0.656764 0.027675
0  -0.258206 0.250401 0.000043  -0.067175 -0.091029 -0.993580  0.658368 0.023797
no_material
0  -0.243673 0.252691 0.015782  0.011005 -0.042464 0.999037  0.725651 0.040563
0  0.000000 0.252854 0.015821  -0.000000 0.003608 0.999994  0.725465 0.315956
0  -0.115776 0.257946 0.017269  -0.000184 -0.113915 0.993491  0.719447 0.185095
no_material
0  0.115776 -0.259296 0.017393  0.004889 -0.273018 0.961996  0.869454 0.185096
0  0.000000 -0.259304 0.017393  -0.000051 0.045617 0.998959  0.869443 0.315953
0  0.000000 -0.275611 0.017393  0.024148 -0.990755 0.133496  0.851011 0.315953
no_material
0  -0.115776 0.115776 0.001851  0.000000 0.000000 -1.000000  0.246014 0.508137
0  -0.115776 -0.057888 0.001851  -0.000000 0.000000 -1.000000  0.442332 0.508137
0  -0.275539 0.000000 0.001851  -0.831235 0.022543 -0.555464  0.376854 0.688666
no_material
0  -0.240938 0.000000 0.017266  -0.139139 0.000367 0.990273  0.330253 0.045312
0  -0.115776 0.000000 0.017393  -0.000200 0.000023 1.000000  0.003977 0.765463
0  -0.231552 0.115776 0.017393  -0.051714 -0.000141 0.998662  0.199390 0.055923
no_material
0  0.115776 -0.259296 0.017393  0.004889 -0.273018 0.961996  0.869454 0.185096
0  0.057888 -0.257940 0.017268  -0.000011 0.183078 0.983099  0.870991 0.250523
0  0.000000 -0.259304 0.017393  -0.000051 0.045617 0.998959  0.869443 0.315953
no_material
0  -0.057888 -0.231552 0.017393  0.000000 -0.006656 0.999978  0.882915 0.847172
0  0.000000 -0.173664 0.017393  0.000000 0.000000 1.000000  0.974571 0.373386
0  -0.115776 -0.173664 0.017393  0.000000 0.000000 1.000000  0.142565 0.847868
no_material
0  -0.231552 -0.057888 0.017393  -0.006516 0.000416 0.999979  0.395692 0.055921
0  0.000000 -0.057888 0.017393  0.000000 0.000000 1.000000  0.296932 0.765495
0  -0.115776 0.000000 0.017393  -0.000200 0.000023 1.000000  0.370165 0.847868
no_material
0  0.267015 -0.275662 0.017393  -0.224245 -0.835484 0.501678  0.850975 0.014181
0  0.173664 -0.173664 0.001851  0.007342 -0.027705 -0.999589  0.573161 0.181053
0  0.274111 -0.274111 0.002931  0.358089 -0.670686 -0.649579  0.818623 0.003915
no_material
0  -0.275539 0.115776 0.001851  -0.680270 0.000000 -0.732961  0.246019 0.688675
0  -0.173664 0.173664 0.001851  -0.000883 0.000882 -0.999999  0.180600 0.573554
0  -0.115776 0.115776 0.001851  0.000000 0.000000 -1.000000  0.246014 0.508137
no_material
0  0.000000 0.000000 0.017393  0.000000 0.000000 1.000000  0.077247 0.839361
0  0.057888 -0.000000 0.017393  0.000000 0.000000 1.000000  0.289150 0.773974
0  0.115776 0.000000 0.017393  0.000000 0.000000 1.000000  0.289084 0.839361
no_material
0  0.000000 0.000000 0.001851  0.000000 0.000000 -1.000000  0.376848 0.377304
0  0.275539 0.000000 0.001851  0.831235 0.022543 -0.555465  0.376854 0.065943
0  0.115776 -0.057888 0.001851  0.000000 0.000000 -1.000000  0.442330 0.246470
no_material
0  -0.115776 0.000000 0.017393  -0.000200 0.000023 1.000000  0.003977 0.765463
0  0.000000 0.000000 0.017393  0.000000 0.000000 1.000000  0.077247 0.839361
0  0.000000 0.115776 0.017393  0.000000 0.000250 1.000000  0.809535 0.994960
no_material
0  -0.244071 0.251813 0.001947  0.794877 -0.258274 -0.549059  0.670416 0.011037
0  -0.253490 0.244970 0.001947  -0.056073 -0.682902 -0.728355  0.667536 0.025820
0  -0.247991 0.247305 0.000043  0.502308 -0.727003 -0.468138  0.668882 0.018472
no_material
0  -0.173664 -0.173664 0.001851  0.000000 0.000000 -1.000000  0.573161 0.573552
0  -0.115776 -0.173664 0.001851  0.001518 -0.003485 -0.999993  0.573162 0.508137
0  -0.173664 -0.275539 0.001851  -0.003554 -0.678086 -0.734974  0.688285 0.573559
no_material
0  0.243737 -0.251569 0.001947  -0.794881 0.258277 -0.549051  0.913602 0.600243
0  0.253155 -0.244726 0.001947  0.056071 0.682900 -0.728357  0.910722 0.615031
0  0.247656 -0.247060 0.000043  -0.502309 0.727001 -0.468140  0.912068 0.607680
no_material
0  0.257954 -0.173664 0.017270  -0.198359 0.000520 0.980129  0.025545 0.512249
0  0.259271 -0.250290 0.017393  -0.098152 0.025726 0.994839  0.024065 0.598853
0  0.267917 -0.173664 0.017393  0.054159 0.002895 0.998528  0.014280 0.512251
no_material
0  0.247656 -0.247060 0.000043  -0.502309 0.727001 -0.468140  0.912068 0.607680
0  0.244257 -0.257520 0.000043  -0.829519 -0.301856 -0.469873  0.906791 0.596600
0  0.243737 -0.251569 0.001947  -0.794881 0.258277 -0.549051  0.913602 0.600243
no_material
0  0.247656 0.247305 0.000043  -0.459030 -0.748358 -0.478802  0.632469 0.031806
0  0.243737 0.251813 0.001947  -0.836237 -0.414182 -0.359390  0.639907 0.030274
0  0.243252 0.254874 0.000584  -0.846967 -0.016068 -0.531402  0.642205 0.033778
no_material
0  0.173664 -0.231552 0.017393  0.000000 -0.006513 0.999979  0.736435 0.781749
0  0.231552 -0.173664 0.017393  0.006539 -0.000015 0.999979  0.948210 0.855646
0  0.173664 -0.115776 0.017393  -0.000000 0.000000 1.000000  0.974569 0.143221
no_material
0  -0.057888 -0.231552 0.017393  0.000000 -0.006656 0.999978  0.901359 0.381382
0  -0.057888 -0.240931 0.017268  0.000006 -0.144493 0.989506  0.890752 0.381382
0  0.057888 -0.231552 0.017393  -0.000003 -0.051682 0.998664  0.582028 0.847865
no_material
0  -0.115776 0.231552 0.017393  0.000139 0.051767 0.998659  0.749818 0.185095
0  -0.231552 0.231552 0.017393  -0.006235 0.006227 0.999961  0.068556 0.055900
0  -0.231552 0.115776 0.017393  -0.051714 -0.000141 0.998662  0.150455 0.773971
no_material
0  -0.262457 -0.267243 0.017393  -0.014489 -0.455090 0.890328  0.860486 0.612587
0  -0.270915 -0.274950 0.001851  -0.452257 -0.720360 -0.525875  0.687590 0.683445
0  -0.173664 -0.276619 0.016313  -0.015401 -0.773943 0.633068  0.849340 0.512235
no_material
0  0.231552 0.115776 0.017393  0.051748 -0.000002 0.998660  0.055926 0.185096
0  0.000000 0.115776 0.017393  0.000000 0.000250 1.000000  0.728619 0.781752
0  0.115776 0.000000 0.017393  0.000000 0.000000 1.000000  0.069295 0.773971
no_material
0  0.276619 -0.173664 0.016313  0.775238 0.001171 0.631668  0.803501 0.118155
0  0.275539 -0.057888 0.001851  0.680270 0.000000 -0.732961  0.442323 0.065935
0  0.276619 -0.057888 0.016313  0.751899 0.006707 0.659244  0.003913 0.381397
no_material
0  0.115776 0.276619 0.016313  0.001662 0.751167 0.660110  0.780562 0.183580
0  -0.115776 0.276619 0.016313  -0.001662 0.751166 0.660111  0.697800 0.185093
0  0.000000 0.267917 0.017393  0.000000 0.012254 0.999925  0.708168 0.315956
no_material
0  -0.115776 -0.276619 0.002931  0.031510 -0.732544 -0.679990  0.690014 0.508140
0  -0.173664 -0.275539 0.001851  -0.003554 -0.678086 -0.734974  0.688285 0.573559
0  -0.115776 -0.173664 0.001851  0.001518 -0.003485 -0.999993  0.573162 0.508137
no_material
0  0.115776 0.115776 0.001851  0.000000 0.000000 -1.000000  0.246014 0.246472
0  0.173664 0.173664 0.001851  0.000883 0.000882 -0.999999  0.180600 0.181055
0  0.275539 0.115776 0.001851  0.680270 0.000000 -0.732961  0.246017 0.065933
no_material
0  -0.173664 -0.115776 0.001851  0.000000 0.000000 -1.000000  0.507745 0.573552
0  -0.275539 -0.173664 0.001851  -0.689221 -0.003409 -0.724543  0.573161 0.688677
0  -0.275539 -0.057888 0.001851  -0.680270 0.000000 -0.732961  0.442325 0.688671
no_material
0  0.115776 0.000000 0.017393  0.000000 0.000000 1.000000  0.289084 0.839361
0  0.057888 -0.000000 0.017393  0.000000 0.000000 1.000000  0.728553 0.773279
0  0.173664 -0.000000 0.017393  -0.000000 0.000000 1.000000  0.069360 0.839358
no_material
0  0.000000 0.000000 0.001851  0.000000 0.000000 -1.000000  0.376848 0.377304
0  0.000000 0.275539 0.001851  0.000000 0.680271 -0.732961  0.065472 0.377304
0  0.115776 0.115776 0.001851  0.000000 0.000000 -1.000000  0.246014 0.246472
no_material
0  -0.115776 -0.276619 0.002931  0.031510 -0.732544 -0.679990  0.826434 0.445155
0  -0.173664 -0.276619 0.016313  -0.015401 -0.773943 0.633068  0.841554 0.510562
0  -0.173664 -0.275539 0.001851  -0.003554 -0.678086 -0.734974  0.688285 0.573559
no_material
0  0.262053 0.257765 0.000043  0.835677 0.275996 -0.474837  0.629836 0.051393
0  0.256216 0.264292 0.000584  0.277146 0.789005 -0.548327  0.639650 0.051821
0  0.258976 0.262886 0.001947  0.652317 0.667320 -0.359397  0.636686 0.054588
no_material
0  0.267917 0.259072 0.017393  0.049705 0.021991 0.998522  0.014288 0.023146
0  0.267917 0.000000 0.017393  0.496864 0.016092 0.867679  0.014281 0.315958
0  0.276619 0.115776 0.016313  0.773551 -0.001710 0.633732  0.803501 0.445308
no_material
0  -0.248847 -0.260783 0.000043  0.080037 -0.116928 -0.989910  0.050991 0.620550
0  -0.250430 -0.264048 0.000584  0.252234 -0.820922 -0.512314  0.052571 0.624411
0  -0.256550 -0.264048 0.000584  -0.277145 -0.789007 -0.548323  0.047827 0.629363
no_material
0  -0.270915 -0.274950 0.001851  -0.452257 -0.720360 -0.525875  0.687590 0.683445
0  -0.173664 -0.173664 0.001851  0.000000 0.000000 -1.000000  0.573161 0.573552
0  -0.173664 -0.275539 0.001851  -0.003554 -0.678086 -0.734974  0.688285 0.573559
no_material
0  -0.267917 0.259072 0.017393  -0.461129 -0.016483 0.887180  0.037438 0.014290
0  -0.275539 0.267956 0.001851  -0.512282 0.664691 -0.543832  0.074047 0.688673
0  -0.276619 0.115776 0.016313  -0.751171 -0.000478 0.660107  0.199390 0.003906
no_material
0  0.240917 -0.173664 0.017270  0.198077 0.000166 0.980187  0.045330 0.512249
0  0.231552 -0.057888 0.017393  0.006686 0.000006 0.999978  0.882885 0.707851
0  0.231552 -0.173664 0.017393  0.006539 -0.000015 0.999979  0.055920 0.512251
no_material
0  -0.173664 -0.231552 0.017393  0.001214 -0.051122 0.998692  0.909157 0.291014
0  -0.115776 -0.173664 0.017393  0.000000 0.000000 1.000000  0.150390 0.921758
0  -0.231552 -0.173664 0.017393  -0.006529 0.000000 0.999979  0.728503 0.855644
no_material
0  0.255707 -0.115776 0.016331  -0.246384 -0.000088 0.969172  0.028298 0.446826
0  0.249436 -0.000000 0.015705  -0.000000 -0.685161 0.728391  0.035445 0.315964
0  0.249436 -0.115776 0.015695  0.000006 -0.000141 1.000000  0.035440 0.446826
no_material
0  0.267917 -0.173664 0.017393  0.054159 0.002895 0.998528  0.014280 0.512251
0  0.276619 -0.173664 0.016313  0.775238 0.001171 0.631668  0.803501 0.118155
0  0.276619 -0.057888 0.016313  0.751899 0.006707 0.659244  0.003913 0.381397
no_material
0  -0.173664 -0.115776 0.001851  0.000000 0.000000 -1.000000  0.507745 0.573552
0  -0.275539 -0.057888 0.001851  -0.680270 0.000000 -0.732961  0.442325 0.688671
0  -0.115776 -0.057888 0.001851  -0.000000 0.000000 -1.000000  0.442332 0.508137
no_material
0  -0.267917 0.000000 0.017393  -0.460062 0.018644 0.887691  0.330251 0.014273
0  -0.252880 0.000000 0.015827  0.056054 0.001817 0.998426  0.330253 0.031542
0  -0.257943 0.115776 0.017268  0.114022 0.000182 0.993478  0.199391 0.025554
no_material
0  0.173664 -0.115776 0.001851  0.000000 0.000000 -1.000000  0.507745 0.181055
0  0.115776 -0.173664 0.001851  0.000000 -0.005244 -0.999986  0.573162 0.246470
0  0.115776 -0.057888 0.001851  0.000000 0.000000 -1.000000  0.442330 0.246470
no_material
0  -0.115776 -0.173664 0.001851  0.001518 -0.003485 -0.999993  0.573162 0.508137
0  -0.115776 -0.057888 0.001851  -0.000000 0.000000 -1.000000  0.442332 0.508137
0  0.000000 -0.173664 0.001851  0.000000 -0.043080 -0.999072  0.573164 0.377302
no_material
0  0.275661 -0.267014 0.017393  0.593799 -0.022583 0.804297  0.005535 0.617743
0  0.276619 -0.173664 0.016313  0.775238 0.001171 0.631668  0.003905 0.512251
0  0.267917 -0.173664 0.017393  0.054159 0.002895 0.998528  0.014280 0.512251
no_material
0  0.057888 -0.000000 0.017393  0.000000 0.000000 1.000000  0.077181 0.773973
0  0.000000 0.000000 0.017393  0.000000 0.000000 1.000000  0.516753 0.773970
0  0.000000 -0.057888 0.017393  0.000000 0.000000 1.000000  0.296932 0.765495
no_material
0  0.173664 -0.115776 0.017393  -0.000000 0.000000 1.000000  0.948308 0.773275
0  0.057888 -0.000000 0.017393  0.000000 0.000000 1.000000  0.362347 0.700080
0  0.057888 -0.115776 0.017393  0.000000 0.000000 1.000000  0.909155 0.217116
no_material
0  -0.259311 -0.262641 0.001947  -0.652316 -0.667324 -0.359393  0.044864 0.632130
0  -0.262909 -0.251569 0.001947  -0.794885 0.258277 -0.549045  0.031059 0.625587
0  -0.262388 -0.257520 0.000043  -0.835679 -0.275999 -0.474832  0.038013 0.628934
no_material
0  0.000000 -0.275611 0.017393  0.024148 -0.990755 0.133496  0.851011 0.315953
0  0.000000 -0.173664 0.001851  0.000000 -0.043080 -0.999072  0.573164 0.377302
0  0.115776 -0.276619 0.002931  0.017684 -0.929612 -0.368115  0.826434 0.183523
no_material
0  -0.115776 -0.173664 0.001851  0.001518 -0.003485 -0.999993  0.573162 0.508137
0  -0.173664 -0.115776 0.001851  0.000000 0.000000 -1.000000  0.507745 0.573552
0  -0.115776 -0.057888 0.001851  -0.000000 0.000000 -1.000000  0.442332 0.508137
no_material
0  0.231552 0.000000 0.017393  0.006718 0.000002 0.999977  0.077250 0.700076
0  0.240935 -0.057888 0.017267  0.206117 0.000095 0.978527  0.045319 0.381397
0  0.240938 0.000000 0.017266  0.176592 -0.020698 0.984067  0.045320 0.315960
no_material
0  -0.253490 0.244970 0.001947  -0.056073 -0.682902 -0.728355  0.667536 0.025820
0  -0.262909 0.251813 0.001947  -0.935306 -0.349122 -0.057591  0.652643 0.028062
0  -0.261502 0.249052 0.000584  -0.634571 -0.703090 -0.320912  0.656764 0.027675
no_material
0  -0.270915 -0.274950 0.001851  -0.452257 -0.720360 -0.525875  0.687590 0.683445
0  -0.173664 -0.275539 0.001851  -0.003554 -0.678086 -0.734974  0.688285 0.573559
0  -0.173664 -0.276619 0.016313  -0.015401 -0.773943 0.633068  0.849340 0.512235
no_material
0  0.231552 -0.231552 0.017393  0.004270 -0.047628 0.998856  0.901337 0.054265
0  0.173664 -0.231552 0.017393  0.000000 -0.006513 0.999979  0.901355 0.119673
0  0.173664 -0.240916 0.017271  0.000901 -0.155459 0.987842  0.890768 0.119675
no_material
0  0.250289 -0.259270 0.017393  -0.025788 0.097662 0.994885  0.869506 0.033074
0  0.115776 -0.259296 0.017393  0.004889 -0.273018 0.961996  0.869454 0.185096
0  0.267015 -0.275662 0.017393  -0.224245 -0.835484 0.501678  0.850975 0.014181
no_material
0  0.173664 -0.115776 0.001851  0.000000 0.000000 -1.000000  0.507745 0.181055
0  0.115776 -0.057888 0.001851  0.000000 0.000000 -1.000000  0.442330 0.246470
0  0.275539 -0.057888 0.001851  0.680270 0.000000 -0.732961  0.442323 0.065935
no_material
0  -0.247669 -0.262641 0.001947  0.580590 -0.799115 -0.155984  0.055206 0.621333
0  -0.253490 -0.264533 0.001947  -0.000000 -0.987758 -0.155996  0.051740 0.628363
0  -0.250430 -0.264048 0.000584  0.252234 -0.820922 -0.512314  0.052571 0.624411
no_material
0  0.267917 -0.173664 0.017393  0.054159 0.002895 0.998528  0.014280 0.512251
0  0.259271 -0.250290 0.017393  -0.098152 0.025726 0.994839  0.024065 0.598853
0  0.275661 -0.267014 0.017393  0.593799 -0.022583 0.804297  0.005535 0.617743
no_material
0  -0.231552 -0.173664 0.017393  -0.006529 0.000000 0.999979  0.728503 0.855644
0  -0.115776 -0.173664 0.017393  0.000000 0.000000 1.000000  0.589843 0.855641
0  -0.231552 -0.057888 0.017393  -0.006516 0.000416 0.999979  0.395692 0.055921
no_material
0  -0.115776 0.231552 0.017393  0.000139 0.051767 0.998659  0.809645 0.773274
0  -0.115776 0.246055 0.015812  -0.000092 0.057391 0.998352  0.733156 0.185095
0  -0.231829 0.240901 0.017273  -0.027064 0.071876 0.997046  0.739237 0.053960
no_material
0  -0.275539 0.000000 0.001851  -0.831235 0.022543 -0.555464  0.376854 0.688666
0  -0.275539 -0.057888 0.001851  -0.680270 0.000000 -0.732961  0.442325 0.688671
0  -0.276619 -0.057888 0.016313  -0.751901 0.006614 0.659242  0.395689 0.003903
no_material
0  -0.276619 -0.057888 0.016313  -0.751901 0.006614 0.659242  0.757617 0.379880
0  -0.275963 -0.271299 0.016313  -0.632591 -0.579698 0.513595  0.637019 0.004731
0  -0.267917 -0.173664 0.017393  -0.015263 0.000712 0.999883  0.526544 0.014266
no_material
0  0.173664 -0.115776 0.001851  0.000000 0.000000 -1.000000  0.507745 0.181055
0  0.173664 -0.173664 0.001851  0.007342 -0.027705 -0.999589  0.573161 0.181053
0  0.115776 -0.173664 0.001851  0.000000 -0.005244 -0.999986  0.573162 0.246470
no_material
0  0.000000 -0.173664 0.017393  0.000000 0.000000 1.000000  0.516603 0.913290
0  0.057888 -0.231552 0.017393  -0.000003 -0.051682 0.998664  0.801745 0.921065
0  0.057888 -0.115776 0.017393  0.000000 0.000000 1.000000  0.974575 0.364908
no_material
0  0.255707 -0.115776 0.016331  -0.246384 -0.000088 0.969172  0.028298 0.446826
0  0.257954 -0.173664 0.017270  -0.198359 0.000520 0.980129  0.025545 0.512249
0  0.257936 -0.057888 0.017267  -0.177051 -0.001087 0.984201  0.025566 0.381397
no_material
0  0.231552 -0.231552 0.017393  0.004270 -0.047628 0.998856  0.801859 0.781749
0  0.231552 -0.173664 0.017393  0.006539 -0.000015 0.999979  0.801859 0.847173
0  0.173664 -0.231552 0.017393  0.000000 -0.006513 0.999979  0.736435 0.781749
no_material
0  -0.173664 -0.173664 0.001851  0.000000 0.000000 -1.000000  0.573161 0.573552
0  -0.173664 -0.115776 0.001851  0.000000 0.000000 -1.000000  0.507745 0.573552
0  -0.115776 -0.173664 0.001851  0.001518 -0.003485 -0.999993  0.573162 0.508137
no_material
0  -0.275963 -0.271299 0.016313  -0.632591 -0.579698 0.513595  0.757616 0.621158
0  -0.257298 -0.252431 0.017276  0.061083 -0.010643 0.998076  0.615574 0.026294
0  -0.267917 -0.173664 0.017393  -0.015263 0.000712 0.999883  0.526544 0.014266
no_material
0  0.274111 -0.274111 0.002931  0.358089 -0.670686 -0.649579  0.818623 0.003915
0  0.273155 -0.273155 0.017393  0.366691 -0.591691 0.717941  0.853755 0.007247
0  0.267015 -0.275662 0.017393  -0.224245 -0.835484 0.501678  0.850975 0.014181
no_material
0  -0.274095 0.274095 0.016313  -0.642793 0.642793 0.416695  0.700737 0.005939
0  -0.173664 0.173664 0.001851  -0.000883 0.000882 -0.999999  0.180600 0.573554
0  -0.275539 0.267956 0.001851  -0.512282 0.664691 -0.543832  0.074047 0.688673
no_material
0  -0.267917 -0.173664 0.017393  -0.015263 0.000712 0.999883  0.526544 0.014266
0  -0.252775 -0.173664 0.015802  0.056527 0.001180 0.998400  0.526544 0.031648
0  -0.257936 -0.057888 0.017267  0.115353 -0.000661 0.993324  0.395689 0.025556
no_material
0  -0.231552 -0.173664 0.017393  -0.006529 0.000000 0.999979  0.728503 0.855644
0  -0.231552 -0.231552 0.017393  -0.047624 -0.004267 0.998856  0.728503 0.921060
0  -0.173664 -0.231552 0.017393  0.001214 -0.051122 0.998692  0.663089 0.921060
no_material
0  0.115776 0.276619 0.016313  0.001662 0.751167 0.660110  0.780562 0.183580
0  0.115776 0.257946 0.017269  0.000184 -0.113915 0.993491  0.719447 0.446818
0  0.259072 0.267917 0.017393  -0.016487 0.461126 0.887182  0.708189 0.608769
no_material
0  -0.115776 0.276619 0.016313  -0.001662 0.751166 0.660111  0.780562 0.445297
0  -0.115776 0.257946 0.017269  -0.000184 -0.113915 0.993491  0.719447 0.185095
0  0.000000 0.267917 0.017393  0.000000 0.012254 0.999925  0.708168 0.315956
no_material
0  0.257943 0.115776 0.017268  -0.069081 0.000003 0.997611  0.025557 0.185096
0  0.257933 0.000000 0.017266  -0.176205 -0.020853 0.984133  0.025572 0.315960
0  0.267917 0.000000 0.017393  0.496864 0.016092 0.867679  0.014281 0.315958
no_material
0  0.057888 -0.231552 0.017393  -0.000003 -0.051682 0.998664  0.901358 0.250523
0  0.173664 -0.115776 0.017393  -0.000000 0.000000 1.000000  0.142570 0.921764
0  0.057888 -0.115776 0.017393  0.000000 0.000000 1.000000  0.974575 0.364908
no_material
0  -0.276619 0.115776 0.016313  -0.751171 -0.000478 0.660107  0.757617 0.183582
0  -0.257943 0.115776 0.017268  0.114022 0.000182 0.993478  0.199391 0.025554
0  -0.267917 0.259072 0.017393  -0.461129 -0.016483 0.887180  0.037438 0.014290
no_material
0  0.115776 -0.276619 0.002931  0.017684 -0.929612 -0.368115  0.690014 0.246464
0  0.115776 -0.259296 0.017393  0.004889 -0.273018 0.961996  0.869454 0.185096
0  0.000000 -0.275611 0.017393  0.024148 -0.990755 0.133496  0.851011 0.315953
no_material
0  -0.057888 -0.231552 0.017393  0.000000 -0.006656 0.999978  0.077144 0.913287
0  -0.115776 -0.173664 0.017393  0.000000 0.000000 1.000000  0.974576 0.225594
0  -0.173664 -0.231552 0.017393  0.001214 -0.051122 0.998692  0.901355 0.512232
no_material
0  -0.231829 0.240901 0.017273  -0.027064 0.071876 0.997046  0.739237 0.053960
0  -0.231552 0.231552 0.017393  -0.006235 0.006227 0.999961  0.875097 0.847166
0  -0.115776 0.231552 0.017393  0.000139 0.051767 0.998659  0.749818 0.185095
no_material
0  0.173664 -0.115776 0.001851  0.000000 0.000000 -1.000000  0.507745 0.181055
0  0.275539 -0.057888 0.001851  0.680270 0.000000 -0.732961  0.442323 0.065935
0  0.275539 -0.173664 0.001851  0.679796 -0.006185 -0.733376  0.573159 0.065930
no_material
0  -0.173664 -0.115776 0.001851  0.000000 0.000000 -1.000000  0.507745 0.573552
0  -0.173664 -0.173664 0.001851  0.000000 0.000000 -1.000000  0.573161 0.573552
0  -0.275539 -0.173664 0.001851  -0.689221 -0.003409 -0.724543  0.573161 0.688677
no_material
0  0.000000 -0.173664 0.017393  0.000000 0.000000 1.000000  0.909155 0.299489
0  0.057888 -0.115776 0.017393  0.000000 0.000000 1.000000  0.974570 0.447282
0  0.000000 -0.057888 0.017393  0.000000 0.000000 1.000000  0.362294 0.987184
no_material
0  0.249436 -0.000000 0.015705  -0.000000 -0.685161 0.728391  0.035445 0.315964
0  0.243165 -0.115776 0.016331  0.246379 -0.000078 0.969174  0.042582 0.446826
0  0.249436 -0.115776 0.015695  0.000006 -0.000141 1.000000  0.035440 0.446826
no_material
0  0.173664 -0.257956 0.017271  0.000922 0.183334 0.983050  0.870979 0.119673
0  0.250289 -0.259270 0.017393  -0.025788 0.097662 0.994885  0.869506 0.033074
0  0.246445 -0.255450 0.016283  -0.025758 0.209537 0.977462  0.874026 0.037441
no_material
0  -0.173664 -0.267917 0.017393  -0.003970 -0.053147 0.998579  0.859717 0.512233
0  -0.115776 -0.275623 0.017393  0.004848 -0.680511 0.732722  0.851002 0.446810
0  -0.057888 -0.267917 0.017393  -0.000422 0.005964 0.999982  0.859709 0.381382
no_material
0  0.273155 -0.273155 0.017393  0.366691 -0.591691 0.717941  0.008313 0.624677
0  0.275963 -0.271299 0.016313  0.845453 -0.381845 0.373368  0.004749 0.622726
0  0.275661 -0.267014 0.017393  0.593799 -0.022583 0.804297  0.005535 0.617743
no_material
0  -0.057888 -0.257940 0.017268  -0.000465 0.144564 0.989495  0.870991 0.381382
0  0.000000 -0.259304 0.017393  -0.000051 0.045617 0.998959  0.869443 0.315953
0  0.057888 -0.257940 0.017268  -0.000011 0.183078 0.983099  0.870991 0.250523
no_material
0  -0.173664 -0.257956 0.017271  -0.001016 0.070527 0.997509  0.870979 0.512232
0  -0.173664 -0.246105 0.015800  0.000212 0.001153 0.999999  0.884640 0.512232
0  -0.247063 -0.251943 0.015768  0.049013 0.042894 0.997877  0.878020 0.595162
no_material
0  0.240657 -0.245553 0.015768  0.021322 -0.050095 0.998517  0.885269 0.043954
0  0.057888 -0.246026 0.015819  0.000046 -0.057247 0.998360  0.884727 0.250523
0  0.173664 -0.252766 0.015800  0.001035 0.137990 0.990433  0.877107 0.119673
no_material
0  0.231552 -0.231552 0.017393  0.004270 -0.047628 0.998856  0.901337 0.054265
0  0.240657 -0.245553 0.015768  0.021322 -0.050095 0.998517  0.885269 0.043954
0  0.240198 -0.235289 0.017276  0.112927 -0.062015 0.991666  0.046114 0.581855
no_material
0  -0.115776 0.115776 0.001851  0.000000 0.000000 -1.000000  0.246014 0.508137
0  -0.115776 0.275539 0.001851  0.000000 0.680269 -0.732962  0.065474 0.508142
0  0.000000 0.275539 0.001851  0.000000 0.680271 -0.732961  0.065472 0.377304
no_material
0  0.231552 0.115776 0.017393  0.051748 -0.000002 0.998660  0.223691 0.765499
0  0.246042 0.115776 0.015815  -0.001918 -0.000218 0.999998  0.039278 0.185096
0  0.240901 0.231830 0.017273  0.071814 0.027071 0.997051  0.045337 0.053962
no_material
0  -0.262457 -0.267243 0.017393  -0.014489 -0.455090 0.890328  0.860486 0.612587
0  -0.247063 -0.251943 0.015768  0.049013 0.042894 0.997877  0.878020 0.595162
0  -0.257298 -0.252431 0.017276  0.061083 -0.010643 0.998076  0.615574 0.026294
no_material
0  0.115776 0.276619 0.016313  0.001662 0.751167 0.660110  0.780562 0.183580
0  0.115776 0.275539 0.001851  0.000000 0.680269 -0.732962  0.065474 0.246466
0  0.000000 0.275539 0.001851  0.000000 0.680271 -0.732961  0.065472 0.377304
no_material
0  -0.231552 0.115776 0.017393  -0.051714 -0.000141 0.998662  0.589825 0.929535
0  -0.231552 0.231552 0.017393  -0.006235 0.006227 0.999961  0.068556 0.055900
0  -0.240901 0.231830 0.017273  -0.236277 0.022854 0.971417  0.068255 0.045338
no_material
0  -0.262909 -0.251569 0.001947  -0.794885 0.258277 -0.549045  0.031059 0.625587
0  -0.253490 -0.244726 0.001947  -0.023604 0.530640 -0.847268  0.033297 0.610692
0  -0.258989 -0.247060 0.000043  -0.432771 0.755812 -0.491384  0.032272 0.618091
no_material
0  -0.275539 -0.057888 0.001851  -0.680270 0.000000 -0.732961  0.442325 0.688671
0  -0.275539 0.000000 0.001851  -0.831235 0.022543 -0.555464  0.376854 0.688666
0  -0.115776 -0.057888 0.001851  -0.000000 0.000000 -1.000000  0.442332 0.508137
no_material
0  -0.173664 -0.246105 0.015800  0.000212 0.001153 0.999999  0.884640 0.512232
0  -0.245551 -0.240655 0.015768  -0.032504 -0.021246 0.999246  0.602264 0.039815
0  -0.247063 -0.251943 0.015768  0.049013 0.042894 0.997877  0.878020 0.595162
no_material
0  0.276619 -0.057888 0.016313  0.751899 0.006707 0.659244  0.803501 0.249009
0  0.257936 -0.057888 0.017267  -0.177051 -0.001087 0.984201  0.025566 0.381397
0  0.267917 -0.173664 0.017393  0.054159 0.002895 0.998528  0.014280 0.512251
no_material
0  -0.231829 0.240901 0.017273  -0.027064 0.071876 0.997046  0.739237 0.053960
0  -0.243673 0.252691 0.015782  0.011005 -0.042464 0.999037  0.725651 0.040563
0  -0.243612 0.243612 0.015763  -0.073891 0.017367 0.997115  0.054891 0.042008
no_material
0  0.173664 -0.240916 0.017271  0.000901 -0.155459 0.987842  0.890768 0.119675
0  0.173664 -0.231552 0.017393  0.000000 -0.006513 0.999979  0.922852 0.633960
0  0.057888 -0.231552 0.017393  -0.000003 -0.051682 0.998664  0.901358 0.250523
no_material
0  -0.173664 -0.276619 0.016313  -0.015401 -0.773943 0.633068  0.849340 0.512235
0  -0.173664 -0.267917 0.017393  -0.003970 -0.053147 0.998579  0.859717 0.512233
0  -0.262457 -0.267243 0.017393  -0.014489 -0.455090 0.890328  0.860486 0.612587
no_material
0  -0.115776 -0.275623 0.017393  0.004848 -0.680511 0.732722  0.851002 0.446810
0  -0.173664 -0.276619 0.016313  -0.015401 -0.773943 0.633068  0.841554 0.510562
0  -0.115776 -0.276619 0.002931  0.031510 -0.732544 -0.679990  0.826434 0.445155
no_material
0  0.274111 -0.274111 0.002931  0.358089 -0.670686 -0.649579  0.687024 0.067181
0  0.275539 -0.173664 0.001851  0.679796 -0.006185 -0.733376  0.573159 0.065930
0  0.275963 -0.271299 0.016313  0.845453 -0.381845 0.373368  0.803501 0.007730
no_material
0  0.173664 0.173664 0.001851  0.000883 0.000882 -0.999999  0.180600 0.181055
0  0.275539 0.267956 0.001851  0.425032 0.629616 -0.650332  0.074045 0.065935
0  0.275539 0.115776 0.001851  0.680270 0.000000 -0.732961  0.246017 0.065933
no_material
0  0.253155 0.264777 0.001947  0.000000 0.987761 -0.155978  0.643564 0.050822
0  0.258976 0.262886 0.001947  0.652317 0.667320 -0.359397  0.636686 0.054588
0  0.256216 0.264292 0.000584  0.277146 0.789005 -0.548327  0.639650 0.051821
no_material
0  0.276619 0.115776 0.016313  0.773551 -0.001710 0.633732  0.803501 0.445308
0  0.275539 0.115776 0.001851  0.680270 0.000000 -0.732961  0.246017 0.065933
0  0.275539 0.267956 0.001851  0.425032 0.629616 -0.650332  0.074045 0.065935
no_material
0  -0.259072 0.267917 0.017393  0.016487 0.461126 0.887182  0.708189 0.023141
0  -0.267956 0.275539 0.001851  -0.664691 0.512282 -0.543832  0.065487 0.680115
0  -0.274095 0.274095 0.016313  -0.642793 0.642793 0.416695  0.020237 0.006839
no_material
0  0.274095 0.274095 0.016313  0.502718 0.753987 0.422823  0.006836 0.005943
0  0.173664 0.173664 0.001851  0.000883 0.000882 -0.999999  0.180600 0.181055
0  0.267956 0.275539 0.001851  0.664691 0.512282 -0.543832  0.065485 0.074494
no_material
0  0.231552 0.115776 0.017393  0.051748 -0.000002 0.998660  0.055926 0.185096
0  0.231552 0.231552 0.017393  0.006235 0.006227 0.999961  0.749798 0.577651
0  0.115776 0.231552 0.017393  -0.000149 0.006491 0.999979  0.069332 0.847863
no_material
0  0.247334 -0.262641 0.001947  -0.272924 -0.476375 -0.835810  0.900081 0.593119
0  0.254116 -0.260798 0.000043  0.019646 -0.273558 -0.961655  0.896403 0.601619
0  0.253155 -0.264533 0.001947  -0.015949 -0.450834 -0.892465  0.893051 0.596585
no_material
0  0.253155 0.244970 0.001947  0.023605 -0.530640 -0.847268  0.625118 0.033149
0  0.243737 0.251813 0.001947  -0.836237 -0.414182 -0.359390  0.639907 0.030274
0  0.247656 0.247305 0.000043  -0.459030 -0.748358 -0.478802  0.632469 0.031806
no_material
0  0.253155 -0.244726 0.001947  0.056071 0.682900 -0.728357  0.910722 0.615031
0  0.262574 -0.251569 0.001947  0.935306 0.349121 -0.057587  0.895826 0.617273
0  0.261167 -0.248808 0.000584  0.634576 0.703088 -0.320906  0.899947 0.616886
no_material
0  0.275539 0.115776 0.001851  0.680270 0.000000 -0.732961  0.246017 0.065933
0  0.275539 0.000000 0.001851  0.831235 0.022543 -0.555465  0.376854 0.065943
0  0.115776 0.115776 0.001851  0.000000 0.000000 -1.000000  0.246014 0.246472
no_material
0  -0.244071 -0.257690 0.001947  0.939414 -0.305231 -0.156000  0.053978 0.613470
0  -0.245478 -0.260450 0.000584  0.704105 -0.494764 -0.509357  0.053596 0.617589
0  -0.243587 -0.254629 0.000584  0.846961 0.016069 -0.531413  0.050383 0.611321
no_material
0  0.000000 -0.057888 0.017393  0.000000 0.000000 1.000000  0.296932 0.765495
0  0.000000 0.000000 0.017393  0.000000 0.000000 1.000000  0.516753 0.773970
0  -0.115776 0.000000 0.017393  -0.000200 0.000023 1.000000  0.370165 0.847868
no_material
0  0.243413 -0.234353 0.016285  0.203694 -0.001091 0.979034  0.042306 0.580827
0  0.240198 -0.235289 0.017276  0.112927 -0.062015 0.991666  0.046114 0.581855
0  0.245551 -0.240655 0.015768  0.073756 -0.059693 0.995488  0.039832 0.587969
no_material
0  0.173664 0.173664 0.001851  0.000883 0.000882 -0.999999  0.180600 0.181055
0  0.115776 0.275539 0.001851  0.000000 0.680269 -0.732962  0.065474 0.246466
0  0.267956 0.275539 0.001851  0.664691 0.512282 -0.543832  0.065485 0.074494
no_material
0  0.000000 -0.173664 0.001851  0.000000 -0.043080 -0.999072  0.573164 0.377302
0  0.115776 -0.173664 0.001851  0.000000 -0.005244 -0.999986  0.573162 0.246470
0  0.115776 -0.276619 0.002931  0.017684 -0.929612 -0.368115  0.826434 0.183523
no_material
0  0.252663 -0.252663 0.016256  -0.115328 0.108223 0.987414  0.877124 0.030411
0  0.250289 -0.259270 0.017393  -0.025788 0.097662 0.994885  0.869506 0.033074
0  0.256623 -0.256623 0.017393  -0.053293 0.053465 0.997147  0.027048 0.606026
no_material
0  -0.255353 0.255353 0.017276  0.048769 -0.048737 0.997620  0.722386 0.027318
0  -0.274095 0.274095 0.016313  -0.642793 0.642793 0.416695  0.757614 0.003930
0  -0.267917 0.259072 0.017393  -0.461129 -0.016483 0.887180  0.037438 0.014290
no_material
0  0.247334 -0.262641 0.001947  -0.272924 -0.476375 -0.835810  0.900081 0.593119
0  0.243737 -0.251569 0.001947  -0.794881 0.258277 -0.549051  0.913602 0.600243
0  0.244257 -0.257520 0.000043  -0.829519 -0.301856 -0.469873  0.906791 0.596600
no_material
0  0.255353 0.255353 0.017276  -0.048770 -0.048737 0.997620  0.028486 0.027320
0  0.274095 0.274095 0.016313  0.502718 0.753987 0.422823  0.780559 0.003925
0  0.259072 0.267917 0.017393  -0.016487 0.461126 0.887182  0.708189 0.608769
no_material
0  -0.240938 0.000000 0.017266  -0.139139 0.000367 0.990273  0.330253 0.045312
0  -0.240917 -0.173664 0.017270  -0.155548 -0.001053 0.987828  0.526545 0.045317
0  -0.231552 -0.057888 0.017393  -0.006516 0.000416 0.999979  0.370170 0.765494
no_material
0  -0.259072 0.267917 0.017393  0.016487 0.461126 0.887182  0.708189 0.023141
0  -0.243673 0.252691 0.015782  0.011005 -0.042464 0.999037  0.725651 0.040563
0  -0.115776 0.257946 0.017269  -0.000184 -0.113915 0.993491  0.719447 0.185095
no_material
0  0.245551 -0.240655 0.015768  0.073756 -0.059693 0.995488  0.039832 0.587969
0  0.246790 -0.246790 0.015651  -0.020711 0.013644 0.999692  0.038399 0.594903
0  0.249436 -0.240403 0.015668  -0.030638 -0.006928 0.999507  0.035437 0.587672
no_material
0  0.115776 0.231552 0.017393  -0.000149 0.006491 0.999979  0.215803 0.913291
0  0.231552 0.231552 0.017393  0.006235 0.006227 0.999961  0.749798 0.577651
0  0.231829 0.240901 0.017273  0.023021 0.236187 0.971435  0.739238 0.577951
no_material
0  0.246042 0.115776 0.015815  -0.001918 -0.000218 0.999998  0.039278 0.185096
0  0.245991 0.000000 0.015827  0.101772 0.677270 0.728662  0.039342 0.315960
0  0.252880 0.000000 0.015827  -0.101776 0.677181 0.728743  0.031549 0.315960
no_material
0  0.000000 0.267917 0.017393  0.000000 0.012254 0.999925  0.708168 0.315956
0  0.000000 0.252854 0.015821  -0.000000 0.003608 0.999994  0.725465 0.315956
0  0.115776 0.257946 0.017269  0.000184 -0.113915 0.993491  0.719447 0.446818
no_material
0  0.231552 -0.057888 0.017393  0.006686 0.000006 0.999978  0.882885 0.707851
0  0.173664 -0.115776 0.017393  -0.000000 0.000000 1.000000  0.882796 0.921061
0  0.231552 -0.173664 0.017393  0.006539 -0.000015 0.999979  0.055920 0.512251
no_material
0  0.276619 -0.173664 0.016313  0.775238 0.001171 0.631668  0.003905 0.512251
0  0.275963 -0.271299 0.016313  0.845453 -0.381845 0.373368  0.803501 0.007730
0  0.275539 -0.173664 0.001851  0.679796 -0.006185 -0.733376  0.573159 0.065930
no_material
0  -0.247669 0.262886 0.001947  0.272924 0.476373 -0.835812  0.656897 0.003913
0  -0.244071 0.251813 0.001947  0.794877 -0.258274 -0.549059  0.670416 0.011037
0  -0.244592 0.257765 0.000043  0.829517 0.301854 -0.469879  0.663607 0.007393
no_material
0  0.275661 -0.267014 0.017393  0.593799 -0.022583 0.804297  0.005535 0.617743
0  0.256623 -0.256623 0.017393  -0.053293 0.053465 0.997147  0.872488 0.025899
0  0.273155 -0.273155 0.017393  0.366691 -0.591691 0.717941  0.008313 0.624677
no_material
0  0.262574 0.251813 0.001947  0.794883 -0.258277 -0.549048  0.622880 0.048045
0  0.253155 0.244970 0.001947  0.023605 -0.530640 -0.847268  0.625118 0.033149
0  0.258654 0.247305 0.000043  0.432769 -0.755807 -0.491392  0.624093 0.040549
no_material
0  0.231552 0.000000 0.017393  0.006718 0.000002 0.999977  0.077250 0.700076
0  0.173664 -0.000000 0.017393  -0.000000 0.000000 1.000000  0.844574 0.699381
0  0.231552 -0.057888 0.017393  0.006686 0.000006 0.999978  0.055931 0.381398
no_material
0  -0.115776 -0.173664 0.017393  0.000000 0.000000 1.000000  0.142565 0.847868
0  0.000000 -0.173664 0.017393  0.000000 0.000000 1.000000  0.909155 0.299489
0  0.000000 -0.057888 0.017393  0.000000 0.000000 1.000000  0.516650 0.700075
no_material
0  -0.173664 -0.267917 0.017393  -0.003970 -0.053147 0.998579  0.859717 0.512233
0  -0.057888 -0.257940 0.017268  -0.000465 0.144564 0.989495  0.870991 0.381382
0  -0.173664 -0.257956 0.017271  -0.001016 0.070527 0.997509  0.870979 0.512232
no_material
0  -0.255340 -0.252266 0.000043  0.009877 0.047617 -0.998817  0.039209 0.619198
0  -0.253490 -0.244726 0.001947  -0.023604 0.530640 -0.847268  0.033297 0.610692
0  -0.247991 -0.247060 0.000043  0.459028 0.748358 -0.478805  0.040647 0.609349
no_material
0  -0.262388 -0.257520 0.000043  -0.835679 -0.275999 -0.474832  0.038013 0.628934
0  -0.256550 -0.264048 0.000584  -0.277145 -0.789007 -0.548323  0.047827 0.629363
0  -0.259311 -0.262641 0.001947  -0.652316 -0.667324 -0.359393  0.044864 0.632130
no_material
0  -0.257936 -0.057888 0.017267  0.115353 -0.000661 0.993324  0.395689 0.025556
0  -0.276619 -0.057888 0.016313  -0.751901 0.006614 0.659242  0.757617 0.379880
0  -0.267917 -0.173664 0.017393  -0.015263 0.000712 0.999883  0.526544 0.014266
no_material
0  -0.173664 -0.231552 0.017393  0.001214 -0.051122 0.998692  0.901355 0.512232
0  -0.231552 -0.231552 0.017393  -0.047624 -0.004267 0.998856  0.901338 0.577640
0  -0.235288 -0.240198 0.017276  -0.083587 -0.393015 0.915725  0.891553 0.581834
no_material
0  -0.253490 -0.264533 0.001947  -0.000000 -0.987758 -0.155996  0.051740 0.628363
0  -0.259311 -0.262641 0.001947  -0.652316 -0.667324 -0.359393  0.044864 0.632130
0  -0.256550 -0.264048 0.000584  -0.277145 -0.789007 -0.548323  0.047827 0.629363
no_material
0  0.276619 -0.173664 0.016313  0.775238 0.001171 0.631668  0.003905 0.512251
0  0.275661 -0.267014 0.017393  0.593799 -0.022583 0.804297  0.005535 0.617743
0  0.275963 -0.271299 0.016313  0.845453 -0.381845 0.373368  0.803501 0.007730
no_material
0  -0.258206 0.250401 0.000043  -0.067175 -0.091029 -0.993580  0.658368 0.023797
0  -0.244592 0.257765 0.000043  0.829517 0.301854 -0.469879  0.663607 0.007393
0  -0.247991 0.247305 0.000043  0.502308 -0.727003 -0.468138  0.668882 0.018472
no_material
0  0.243165 -0.115776 0.016331  0.246379 -0.000078 0.969174  0.042582 0.446826
0  0.240935 -0.057888 0.017267  0.206117 0.000095 0.978527  0.045319 0.381397
0  0.240917 -0.173664 0.017270  0.198077 0.000166 0.980187  0.045330 0.512249
no_material
0  -0.243673 0.252691 0.015782  0.011005 -0.042464 0.999037  0.725651 0.040563
0  -0.252695 0.243677 0.015784  0.058064 -0.026133 0.997971  0.054854 0.031748
0  -0.243612 0.243612 0.015763  -0.073891 0.017367 0.997115  0.735906 0.040594
no_material
0  0.231829 0.240901 0.017273  0.023021 0.236187 0.971435  0.739238 0.577951
0  0.240901 0.231830 0.017273  0.071814 0.027071 0.997051  0.045337 0.053962
0  0.243612 0.243612 0.015763  0.017284 0.073971 0.997111  0.735906 0.591317
no_material
0  0.240198 -0.235289 0.017276  0.112927 -0.062015 0.991666  0.046114 0.581855
0  0.243413 -0.234353 0.016285  0.203694 -0.001091 0.979034  0.042306 0.580827
0  0.240917 -0.173664 0.017270  0.198077 0.000166 0.980187  0.045330 0.512249
no_material
0  0.231552 0.115776 0.017393  0.051748 -0.000002 0.998660  0.223691 0.765499
0  0.231552 0.000000 0.017393  0.006718 0.000002 0.999977  0.055935 0.315958
0  0.240938 0.000000 0.017266  0.176592 -0.020698 0.984067  0.045320 0.315960
no_material
0  0.249436 -0.240403 0.015668  -0.030638 -0.006928 0.999507  0.035437 0.587672
0  0.252663 -0.252663 0.016256  -0.115328 0.108223 0.987414  0.031683 0.601514
0  0.255458 -0.246453 0.016285  -0.180371 0.023844 0.983310  0.028577 0.594493
no_material
0  0.255458 -0.246453 0.016285  -0.180371 0.023844 0.983310  0.028577 0.594493
0  0.256623 -0.256623 0.017393  -0.053293 0.053465 0.997147  0.027048 0.606026
0  0.259271 -0.250290 0.017393  -0.098152 0.025726 0.994839  0.024065 0.598853
no_material
0  0.259271 -0.250290 0.017393  -0.098152 0.025726 0.994839  0.024065 0.598853
0  0.257954 -0.173664 0.017270  -0.198359 0.000520 0.980129  0.025545 0.512249
0  0.255458 -0.246453 0.016285  -0.180371 0.023844 0.983310  0.028577 0.594493
no_material
0  0.240657 -0.245553 0.015768  0.021322 -0.050095 0.998517  0.885269 0.043954
0  0.246790 -0.246790 0.015651  -0.020711 0.013644 0.999692  0.038399 0.594903
0  0.245551 -0.240655 0.015768  0.073756 -0.059693 0.995488  0.039832 0.587969
no_material
0  0.173664 -0.252766 0.015800  0.001035 0.137990 0.990433  0.877107 0.119673
0  0.246445 -0.255450 0.016283  -0.025758 0.209537 0.977462  0.874026 0.037441
0  0.247063 -0.251943 0.015768  -0.037928 0.080416 0.996040  0.878020 0.036742
no_material
0  -0.231552 -0.173664 0.017393  -0.006529 0.000000 0.999979  0.526547 0.055906
0  -0.240917 -0.173664 0.017270  -0.155548 -0.001053 0.987828  0.526545 0.045317
0  -0.231552 -0.231552 0.017393  -0.047624 -0.004267 0.998856  0.591956 0.055883
no_material
0  0.246790 -0.246790 0.015651  -0.020711 0.013644 0.999692  0.883839 0.037022
0  0.247063 -0.251943 0.015768  -0.037928 0.080416 0.996040  0.878020 0.036742
0  0.252663 -0.252663 0.016256  -0.115328 0.108223 0.987414  0.031683 0.601514
no_material
0  0.246790 -0.246790 0.015651  -0.020711 0.013644 0.999692  0.883839 0.037022
0  0.240657 -0.245553 0.015768  0.021322 -0.050095 0.998517  0.885269 0.043954
0  0.247063 -0.251943 0.015768  -0.037928 0.080416 0.996040  0.878020 0.036742
no_material
0  0.231829 0.240901 0.017273  0.023021 0.236187 0.971435  0.739238 0.577951
0  0.000000 0.240933 0.017267  -0.000155 0.063410 0.997988  0.739210 0.315956
0  0.115776 0.231552 0.017393  -0.000149 0.006491 0.999979  0.215803 0.913291
no_material
0  0.240938 0.000000 0.017266  0.176592 -0.020698 0.984067  0.045320 0.315960
0  0.245991 0.000000 0.015827  0.101772 0.677270 0.728662  0.039342 0.315960
0  0.246042 0.115776 0.015815  -0.001918 -0.000218 0.999998  0.039278 0.185096
no_material
0  0.243071 -0.000000 0.016348  0.185315 -0.674380 0.714751  0.042694 0.315964
0  0.240938 0.000000 0.017266  0.176592 -0.020698 0.984067  0.045320 0.315960
0  0.240935 -0.057888 0.017267  0.206117 0.000095 0.978527  0.045319 0.381397
no_material
0  -0.173664 -0.267917 0.017393  -0.003970 -0.053147 0.998579  0.859717 0.512233
0  -0.173664 -0.257956 0.017271  -0.001016 0.070527 0.997509  0.870979 0.512232
0  -0.262457 -0.267243 0.017393  -0.014489 -0.455090 0.890328  0.860486 0.612587
no_material
0  -0.276619 0.115776 0.016313  -0.751171 -0.000478 0.660107  0.757617 0.183582
0  -0.275539 0.115776 0.001851  -0.680270 0.000000 -0.732961  0.246019 0.688675
0  -0.275539 0.000000 0.001851  -0.831235 0.022543 -0.555464  0.376854 0.688666
no_material
0  -0.246008 -0.057888 0.015823  -0.138475 -0.000083 0.990366  0.395692 0.039310
0  -0.246042 0.115776 0.015815  -0.057282 0.000132 0.998358  0.199391 0.039275
0  -0.252880 0.000000 0.015827  0.056054 0.001817 0.998426  0.330253 0.031542
no_material
0  0.173664 -0.252766 0.015800  0.001035 0.137990 0.990433  0.877107 0.119673
0  -0.057888 -0.252845 0.015819  0.000074 0.138750 0.990327  0.877016 0.381382
0  0.057888 -0.257940 0.017268  -0.000011 0.183078 0.983099  0.870991 0.250523
no_material
0  -0.173664 -0.246105 0.015800  0.000212 0.001153 0.999999  0.884640 0.512232
0  0.057888 -0.246026 0.015819  0.000046 -0.057247 0.998360  0.884727 0.250523
0  -0.057888 -0.240931 0.017268  0.000006 -0.144493 0.989506  0.890752 0.381382
no_material
0  0.000000 -0.259304 0.017393  -0.000051 0.045617 0.998959  0.869443 0.315953
0  -0.057888 -0.257940 0.017268  -0.000465 0.144564 0.989495  0.870991 0.381382
0  -0.057888 -0.267917 0.017393  -0.000422 0.005964 0.999982  0.859709 0.381382
no_material
0  0.255707 -0.115776 0.016331  -0.246384 -0.000088 0.969172  0.028298 0.446826
0  0.249436 -0.240403 0.015668  -0.030638 -0.006928 0.999507  0.035437 0.587672
0  0.255458 -0.246453 0.016285  -0.180371 0.023844 0.983310  0.028577 0.594493
no_material
0  0.252880 0.000000 0.015827  -0.101776 0.677181 0.728743  0.031549 0.315960
0  0.257933 0.000000 0.017266  -0.176205 -0.020853 0.984133  0.025572 0.315960
0  0.257943 0.115776 0.017268  -0.069081 0.000003 0.997611  0.025557 0.185096
no_material
0  0.240901 0.231830 0.017273  0.071814 0.027071 0.997051  0.045337 0.053962
0  0.231552 0.231552 0.017393  0.006235 0.006227 0.999961  0.589886 0.700076
0  0.231552 0.115776 0.017393  0.051748 -0.000002 0.998660  0.055926 0.185096
no_material
0  -0.173664 -0.257956 0.017271  -0.001016 0.070527 0.997509  0.870979 0.512232
0  -0.057888 -0.257940 0.017268  -0.000465 0.144564 0.989495  0.870991 0.381382
0  -0.057888 -0.252845 0.015819  0.000074 0.138750 0.990327  0.877016 0.381382
no_material
0  0.057888 -0.257940 0.017268  -0.000011 0.183078 0.983099  0.870991 0.250523
0  0.173664 -0.257956 0.017271  0.000922 0.183334 0.983050  0.870979 0.119673
0  0.173664 -0.252766 0.015800  0.001035 0.137990 0.990433  0.877107 0.119673
no_material
0  0.246445 -0.255450 0.016283  -0.025758 0.209537 0.977462  0.874026 0.037441
0  0.173664 -0.252766 0.015800  0.001035 0.137990 0.990433  0.877107 0.119673
0  0.173664 -0.257956 0.017271  0.000922 0.183334 0.983050  0.870979 0.119673
no_material
0  0.057888 -0.231552 0.017393  -0.000003 -0.051682 0.998664  0.582028 0.847865
0  0.057888 -0.246026 0.015819  0.000046 -0.057247 0.998360  0.884727 0.250523
0  0.173664 -0.240916 0.017271  0.000901 -0.155459 0.987842  0.890768 0.119675
no_material
0  -0.245551 -0.240655 0.015768  -0.032504 -0.021246 0.999246  0.602264 0.039815
0  -0.246008 -0.057888 0.015823  -0.138475 -0.000083 0.990366  0.395692 0.039310
0  -0.252775 -0.173664 0.015802  0.056527 0.001180 0.998400  0.526544 0.031648
no_material
0  0.255800 -0.000000 0.016348  -0.185317 -0.674380 0.714751  0.028196 0.315964
0  0.252880 0.000000 0.015827  -0.101776 0.677181 0.728743  0.031549 0.315960
0  0.249436 -0.000000 0.015705  -0.000000 -0.685161 0.728391  0.035445 0.315964
no_material
0  -0.252880 0.000000 0.015827  0.056054 0.001817 0.998426  0.330253 0.031542
0  -0.252695 0.243677 0.015784  0.058064 -0.026133 0.997971  0.054854 0.031748
0  -0.257943 0.115776 0.017268  0.114022 0.000182 0.993478  0.199391 0.025554
no_material
0  -0.243612 0.243612 0.015763  -0.073891 0.017367 0.997115  0.735906 0.040594
0  -0.246042 0.115776 0.015815  -0.057282 0.000132 0.998358  0.199391 0.039275
0  -0.240901 0.231830 0.017273  -0.236277 0.022854 0.971417  0.068255 0.045338
no_material
0  -0.275539 0.115776 0.001851  -0.680270 0.000000 -0.732961  0.246019 0.688675
0  -0.115776 0.115776 0.001851  0.000000 0.000000 -1.000000  0.246014 0.508137
0  -0.275539 0.000000 0.001851  -0.831235 0.022543 -0.555464  0.376854 0.688666
no_material
0  -0.231552 -0.231552 0.017393  -0.047624 -0.004267 0.998856  0.591956 0.055883
0  -0.245551 -0.240655 0.015768  -0.032504 -0.021246 0.999246  0.602264 0.039815
0  -0.235288 -0.240198 0.017276  -0.083587 -0.393015 0.915725  0.891553 0.581834
no_material
0  0.252695 0.243677 0.015784  -0.042514 -0.010911 0.999036  0.031746 0.040560
0  0.243673 0.252691 0.015782  -0.026141 -0.058028 0.997973  0.725651 0.591350
0  0.243612 0.243612 0.015763  0.017284 0.073971 0.997111  0.042006 0.040597
no_material
0  -0.173664 -0.231552 0.017393  0.001214 -0.051122 0.998692  0.901355 0.512232
0  -0.173664 -0.246105 0.015800  0.000212 0.001153 0.999999  0.884640 0.512232
0  -0.057888 -0.240931 0.017268  0.000006 -0.144493 0.989506  0.890752 0.381382
no_material
0  -0.247063 -0.251943 0.015768  0.049013 0.042894 0.997877  0.878020 0.595162
0  -0.252775 -0.173664 0.015802  0.056527 0.001180 0.998400  0.526544 0.031648
0  -0.257298 -0.252431 0.017276  0.061083 -0.010643 0.998076  0.615574 0.026294
no_material
0  0.257933 0.000000 0.017266  -0.176205 -0.020853 0.984133  0.025572 0.315960
0  0.255800 -0.000000 0.016348  -0.185317 -0.674380 0.714751  0.028196 0.315964
0  0.257936 -0.057888 0.017267  -0.177051 -0.001087 0.984201  0.025566 0.381397
no_material
0  -0.252775 -0.173664 0.015802  0.056527 0.001180 0.998400  0.526544 0.031648
0  -0.252880 0.000000 0.015827  0.056054 0.001817 0.998426  0.330253 0.031542
0  -0.257936 -0.057888 0.017267  0.115353 -0.000661 0.993324  0.395689 0.025556
no_material
0  0.252695 0.243677 0.015784  -0.042514 -0.010911 0.999036  0.031746 0.040560
0  0.267917 0.259072 0.017393  0.049705 0.021991 0.998522  0.014288 0.023146
0  0.255353 0.255353 0.017276  -0.048770 -0.048737 0.997620  0.722386 0.604593
no_material
0  -0.173664 0.173664 0.001851  -0.000883 0.000882 -0.999999  0.180600 0.573554
0  -0.267956 0.275539 0.001851  -0.664691 0.512282 -0.543832  0.065487 0.680115
0  -0.115776 0.275539 0.001851  0.000000 0.680269 -0.732962  0.065474 0.508142
no_material
0  0.243612 0.243612 0.015763  0.017284 0.073971 0.997111  0.042006 0.040597
0  0.115776 0.246055 0.015812  0.000249 0.138518 0.990360  0.733156 0.446818
0  0.231829 0.240901 0.017273  0.023021 0.236187 0.971435  0.739238 0.577951
no_material
0  0.000000 0.252854 0.015821  -0.000000 0.003608 0.999994  0.725465 0.315956
0  0.243673 0.252691 0.015782  -0.026141 -0.058028 0.997973  0.725651 0.591350
0  0.115776 0.257946 0.017269  0.000184 -0.113915 0.993491  0.719447 0.446818
no_material
0  -0.253490 -0.244726 0.001947  -0.023604 0.530640 -0.847268  0.033297 0.610692
0  -0.244071 -0.251569 0.001947  0.836230 0.414178 -0.359411  0.048083 0.607818
0  -0.247991 -0.247060 0.000043  0.459028 0.748358 -0.478805  0.040647 0.609349
no_material
0  0.173664 -0.252766 0.015800  0.001035 0.137990 0.990433  0.877107 0.119673
0  0.247063 -0.251943 0.015768  -0.037928 0.080416 0.996040  0.878020 0.036742
0  0.240657 -0.245553 0.015768  0.021322 -0.050095 0.998517  0.885269 0.043954
no_material
0  0.000000 0.240933 0.017267  -0.000155 0.063410 0.997988  0.739210 0.315956
0  0.000000 0.252854 0.015821  -0.000000 0.003608 0.999994  0.725465 0.315956
0  -0.115776 0.246055 0.015812  -0.000092 0.057391 0.998352  0.733156 0.185095
no_material
0  -0.115776 -0.173664 0.001851  0.001518 -0.003485 -0.999993  0.573162 0.508137
0  0.000000 -0.173664 0.001851  0.000000 -0.043080 -0.999072  0.573164 0.377302
0  -0.115776 -0.276619 0.002931  0.031510 -0.732544 -0.679990  0.690014 0.508140
no_material
0  0.057888 -0.257940 0.017268  -0.000011 0.183078 0.983099  0.870991 0.250523
0  0.115776 -0.259296 0.017393  0.004889 -0.273018 0.961996  0.869454 0.185096
0  0.173664 -0.257956 0.017271  0.000922 0.183334 0.983050  0.870979 0.119673
no_material
0  0.240657 -0.245553 0.015768  0.021322 -0.050095 0.998517  0.885269 0.043954
0  0.245551 -0.240655 0.015768  0.073756 -0.059693 0.995488  0.039832 0.587969
0  0.240198 -0.235289 0.017276  0.112927 -0.062015 0.991666  0.046114 0.581855
no_material
0  0.115776 0.275539 0.001851  0.000000 0.680269 -0.732962  0.065474 0.246466
0  0.115776 0.276619 0.016313  0.001662 0.751167 0.660110  0.697800 0.446818
0  0.267956 0.275539 0.001851  0.664691 0.512282 -0.543832  0.065485 0.074494
no_material
0  0.252663 -0.252663 0.016256  -0.115328 0.108223 0.987414  0.877124 0.030411
0  0.247063 -0.251943 0.015768  -0.037928 0.080416 0.996040  0.878020 0.036742
0  0.246445 -0.255450 0.016283  -0.025758 0.209537 0.977462  0.874026 0.037441
no_material
0  0.245551 -0.240655 0.015768  0.073756 -0.059693 0.995488  0.039832 0.587969
0  0.249436 -0.240403 0.015668  -0.030638 -0.006928 0.999507  0.035437 0.587672
0  0.243413 -0.234353 0.016285  0.203694 -0.001091 0.979034  0.042306 0.580827
no_material
0  0.249436 -0.000000 0.015705  -0.000000 -0.685161 0.728391  0.035445 0.315964
0  0.245991 0.000000 0.015827  0.101772 0.677270 0.728662  0.039342 0.315960
0  0.243071 -0.000000 0.016348  0.185315 -0.674380 0.714751  0.042694 0.315964
no_material
0  -0.240901 0.231830 0.017273  -0.236277 0.022854 0.971417  0.068255 0.045338
0  -0.231829 0.240901 0.017273  -0.027064 0.071876 0.997046  0.739237 0.053960
0  -0.243612 0.243612 0.015763  -0.073891 0.017367 0.997115  0.054891 0.042008
no_material
0  0.249436 -0.000000 0.015705  -0.000000 -0.685161 0.728391  0.035445 0.315964
0  0.252880 0.000000 0.015827  -0.101776 0.677181 0.728743  0.031549 0.315960
0  0.245991 0.000000 0.015827  0.101772 0.677270 0.728662  0.039342 0.315960
no_material
0  0.231552 -0.173664 0.017393  0.006539 -0.000015 0.999979  0.055920 0.512251
0  0.240198 -0.235289 0.017276  0.112927 -0.062015 0.991666  0.046114 0.581855
0  0.240917 -0.173664 0.017270  0.198077 0.000166 0.980187  0.045330 0.512249
no_material
0  0.257954 -0.173664 0.017270  -0.198359 0.000520 0.980129  0.025545 0.512249
0  0.255707 -0.115776 0.016331  -0.246384 -0.000088 0.969172  0.028298 0.446826
0  0.255458 -0.246453 0.016285  -0.180371 0.023844 0.983310  0.028577 0.594493
no_material
0  0.255800 -0.000000 0.016348  -0.185317 -0.674380 0.714751  0.028196 0.315964
0  0.257933 0.000000 0.017266  -0.176205 -0.020853 0.984133  0.025572 0.315960
0  0.252880 0.000000 0.015827  -0.101776 0.677181 0.728743  0.031549 0.315960
no_material
0  0.240935 -0.057888 0.017267  0.206117 0.000095 0.978527  0.045319 0.381397
0  0.243165 -0.115776 0.016331  0.246379 -0.000078 0.969174  0.042582 0.446826
0  0.243071 -0.000000 0.016348  0.185315 -0.674380 0.714751  0.042694 0.315964
no_material
0  0.252695 0.243677 0.015784  -0.042514 -0.010911 0.999036  0.031746 0.040560
0  0.240901 0.231830 0.017273  0.071814 0.027071 0.997051  0.045337 0.053962
0  0.246042 0.115776 0.015815  -0.001918 -0.000218 0.999998  0.039278 0.185096
no_material
0  0.243071 -0.000000 0.016348  0.185315 -0.674380 0.714751  0.042694 0.315964
0  0.245991 0.000000 0.015827  0.101772 0.677270 0.728662  0.039342 0.315960
0  0.240938 0.000000 0.017266  0.176592 -0.020698 0.984067  0.045320 0.315960
no_material
0  0.246042 0.115776 0.015815  -0.001918 -0.000218 0.999998  0.039278 0.185096
0  0.257943 0.115776 0.017268  -0.069081 0.000003 0.997611  0.025557 0.185096
0  0.252695 0.243677 0.015784  -0.042514 -0.010911 0.999036  0.031746 0.040560
no_material
0  0.249436 -0.115776 0.015695  0.000006 -0.000141 1.000000  0.035440 0.446826
0  0.243413 -0.234353 0.016285  0.203694 -0.001091 0.979034  0.042306 0.580827
0  0.249436 -0.240403 0.015668  -0.030638 -0.006928 0.999507  0.035437 0.587672
no_material
0  0.257936 -0.057888 0.017267  -0.177051 -0.001087 0.984201  0.025566 0.381397
0  0.255800 -0.000000 0.016348  -0.185317 -0.674380 0.714751  0.028196 0.315964
0  0.255707 -0.115776 0.016331  -0.246384 -0.000088 0.969172  0.028298 0.446826
no_material
0  -0.057888 -0.240931 0.017268  0.000006 -0.144493 0.989506  0.890752 0.381382
0  -0.057888 -0.231552 0.017393  0.000000 -0.006656 0.999978  0.077144 0.913287
0  -0.173664 -0.231552 0.017393  0.001214 -0.051122 0.998692  0.901355 0.512232
no_material
0  0.240917 -0.173664 0.017270  0.198077 0.000166 0.980187  0.045330 0.512249
0  0.243413 -0.234353 0.016285  0.203694 -0.001091 0.979034  0.042306 0.580827
0  0.243165 -0.115776 0.016331  0.246379 -0.000078 0.969174  0.042582 0.446826
no_material
0  0.057888 -0.231552 0.017393  -0.000003 -0.051682 0.998664  0.582028 0.847865
0  0.000000 -0.173664 0.017393  0.000000 0.000000 1.000000  0.948334 0.781752
0  -0.057888 -0.231552 0.017393  0.000000 -0.006656 0.999978  0.901359 0.381382
no_material
0  0.275539 0.000000 0.001851  0.831235 0.022543 -0.555465  0.376854 0.065943
0  0.275539 0.115776 0.001851  0.680270 0.000000 -0.732961  0.246017 0.065933
0  0.276619 0.115776 0.016313  0.773551 -0.001710 0.633732  0.003909 0.185096
no_material
0  -0.267917 0.000000 0.017393  -0.460062 0.018644 0.887691  0.330251 0.014273
0  -0.275539 0.000000 0.001851  -0.831235 0.022543 -0.555464  0.376854 0.688666
0  -0.276619 -0.057888 0.016313  -0.751901 0.006614 0.659242  0.395689 0.003903
no_material
0  0.274095 0.274095 0.016313  0.502718 0.753987 0.422823  0.700737 0.625972
0  0.276619 0.115776 0.016313  0.773551 -0.001710 0.633732  0.803501 0.445308
0  0.275539 0.267956 0.001851  0.425032 0.629616 -0.650332  0.074045 0.065935
no_material
0  -0.115776 0.275539 0.001851  0.000000 0.680269 -0.732962  0.065474 0.508142
0  -0.115776 0.276619 0.016313  -0.001662 0.751166 0.660111  0.697800 0.185093
0  0.000000 0.275539 0.001851  0.000000 0.680271 -0.732961  0.065472 0.377304
no_material
0  -0.173664 0.173664 0.001851  -0.000883 0.000882 -0.999999  0.180600 0.573554
0  -0.275539 0.115776 0.001851  -0.680270 0.000000 -0.732961  0.246019 0.688675
0  -0.275539 0.267956 0.001851  -0.512282 0.664691 -0.543832  0.074047 0.688673
no_material
0  -0.275539 -0.173664 0.001851  -0.689221 -0.003409 -0.724543  0.573161 0.688677
0  -0.270915 -0.274950 0.001851  -0.452257 -0.720360 -0.525875  0.687590 0.683445
0  -0.275963 -0.271299 0.016313  -0.632591 -0.579698 0.513595  0.637019 0.004731
no_material
0  0.257871 -0.250157 0.000043  0.067176 0.091027 -0.993580  0.901552 0.613006
0  0.244257 -0.257520 0.000043  -0.829519 -0.301856 -0.469873  0.906791 0.596600
0  0.247656 -0.247060 0.000043  -0.502309 0.727001 -0.468140  0.912068 0.607680
no_material
0  -0.244071 -0.257690 0.001947  0.939414 -0.305231 -0.156000  0.053978 0.613470
0  -0.247669 -0.262641 0.001947  0.580590 -0.799115 -0.155984  0.055206 0.621333
0  -0.245478 -0.260450 0.000584  0.704105 -0.494764 -0.509357  0.053596 0.617589
no_material
0  -0.115776 0.276619 0.016313  -0.001662 0.751166 0.660111  0.780562 0.445297
0  -0.115776 0.275539 0.001851  0.000000 0.680269 -0.732962  0.065474 0.508142
0  -0.267956 0.275539 0.001851  -0.664691 0.512282 -0.543832  0.065487 0.680115
no_material
0  0.247656 -0.247060 0.000043  -0.502309 0.727001 -0.468140  0.912068 0.607680
0  0.261167 -0.248808 0.000584  0.634576 0.703088 -0.320906  0.899947 0.616886
0  0.257871 -0.250157 0.000043  0.067176 0.091027 -0.993580  0.901552 0.613006
no_material
0  0.115776 -0.276619 0.002931  0.017684 -0.929612 -0.368115  0.690014 0.246464
0  0.115776 -0.173664 0.001851  0.000000 -0.005244 -0.999986  0.573162 0.246470
0  0.173664 -0.173664 0.001851  0.007342 -0.027705 -0.999589  0.573161 0.181053
no_material
0  -0.261502 0.260695 0.000584  -0.642645 0.532020 -0.551328  0.647555 0.018066
0  -0.262909 0.257934 0.001947  -0.939417 0.305231 -0.155978  0.646991 0.022164
0  -0.259311 0.262886 0.001947  -0.234907 0.632908 -0.737730  0.646103 0.014257
no_material
0  0.255005 0.252511 0.000043  -0.009877 -0.047616 -0.998817  0.631031 0.041656
0  0.253155 0.244970 0.001947  0.023605 -0.530640 -0.847268  0.625118 0.033149
0  0.247656 0.247305 0.000043  -0.459030 -0.748358 -0.478802  0.632469 0.031806
no_material
0  -0.275539 0.115776 0.001851  -0.680270 0.000000 -0.732961  0.246019 0.688675
0  -0.276619 0.115776 0.016313  -0.751171 -0.000478 0.660107  0.199390 0.003906
0  -0.275539 0.267956 0.001851  -0.512282 0.664691 -0.543832  0.074047 0.688673
no_material
0  0.243737 0.251813 0.001947  -0.836237 -0.414182 -0.359390  0.639907 0.030274
0  0.243737 0.257934 0.001947  -0.939414 0.305240 -0.155977  0.645802 0.035927
0  0.243252 0.254874 0.000584  -0.846967 -0.016068 -0.531402  0.642205 0.033778
no_material
0  -0.243587 -0.254629 0.000584  0.846961 0.016069 -0.531413  0.050383 0.611321
0  -0.245478 -0.260450 0.000584  0.704105 -0.494764 -0.509357  0.053596 0.617589
0  -0.248847 -0.260783 0.000043  0.080037 -0.116928 -0.989910  0.050991 0.620550
no_material
0  0.258976 -0.262641 0.001947  0.234909 -0.632909 -0.737729  0.889284 0.603463
0  0.254116 -0.260798 0.000043  0.019646 -0.273558 -0.961655  0.896403 0.601619
0  0.261167 -0.260450 0.000584  0.642646 -0.532016 -0.551331  0.890737 0.607272
no_material
0  0.263059 -0.254629 0.000584  0.839611 -0.006983 -0.543143  0.893676 0.613675
0  0.262574 -0.251569 0.001947  0.935306 0.349121 -0.057587  0.895826 0.617273
0  0.262574 -0.257690 0.001947  0.939418 -0.305231 -0.155975  0.890173 0.611371
no_material
0  -0.247669 0.262886 0.001947  0.272924 0.476373 -0.835812  0.656897 0.003913
0  -0.254451 0.261042 0.000043  -0.019645 0.273554 -0.961656  0.653218 0.012412
0  -0.253490 0.264777 0.001947  0.015948 0.450823 -0.892471  0.649869 0.007381
no_material
0  0.274111 -0.274111 0.002931  0.358089 -0.670686 -0.649579  0.818623 0.003915
0  0.275963 -0.271299 0.016313  0.845453 -0.381845 0.373368  0.004749 0.622726
0  0.273155 -0.273155 0.017393  0.366691 -0.591691 0.717941  0.853755 0.007247
no_material
0  0.243737 0.257934 0.001947  -0.939414 0.305240 -0.155977  0.645802 0.035927
0  0.247334 0.262886 0.001947  -0.580588 0.799110 -0.156017  0.647029 0.043791
0  0.245143 0.260695 0.000584  -0.704112 0.494766 -0.509346  0.645419 0.040046
no_material
0  -0.173664 -0.276619 0.016313  -0.015401 -0.773943 0.633068  0.849340 0.512235
0  -0.115776 -0.275623 0.017393  0.004848 -0.680511 0.732722  0.851002 0.446810
0  -0.173664 -0.267917 0.017393  -0.003970 -0.053147 0.998579  0.859717 0.512233
no_material
0  -0.276619 -0.057888 0.016313  -0.751901 0.006614 0.659242  0.757617 0.379880
0  -0.275539 -0.057888 0.001851  -0.680270 0.000000 -0.732961  0.442325 0.688671
0  -0.275539 -0.173664 0.001851  -0.689221 -0.003409 -0.724543  0.573161 0.688677
no_material
0  -0.258989 -0.247060 0.000043  -0.432771 0.755812 -0.491384  0.032272 0.618091
0  -0.262388 -0.257520 0.000043  -0.835679 -0.275999 -0.474832  0.038013 0.628934
0  -0.262909 -0.251569 0.001947  -0.794885 0.258277 -0.549045  0.031059 0.625587
no_material
0  -0.244071 -0.251569 0.001947  0.836230 0.414178 -0.359411  0.048083 0.607818
0  -0.244071 -0.257690 0.001947  0.939414 -0.305231 -0.156000  0.053978 0.613470
0  -0.243587 -0.254629 0.000584  0.846961 0.016069 -0.531413  0.050383 0.611321
no_material
0  0.261167 -0.260450 0.000584  0.642646 -0.532016 -0.551331  0.890737 0.607272
0  0.262574 -0.257690 0.001947  0.939418 -0.305231 -0.155975  0.890173 0.611371
0  0.258976 -0.262641 0.001947  0.234909 -0.632909 -0.737729  0.889284 0.603463
no_material
0  -0.231552 -0.173664 0.017393  -0.006529 0.000000 0.999979  0.909154 0.521176
0  -0.231552 -0.057888 0.017393  -0.006516 0.000416 0.999979  0.395692 0.055921
0  -0.240917 -0.173664 0.017270  -0.155548 -0.001053 0.987828  0.526545 0.045317
no_material
0  0.276619 -0.057888 0.016313  0.751899 0.006707 0.659244  0.803501 0.249009
0  0.275539 -0.057888 0.001851  0.680270 0.000000 -0.732961  0.442323 0.065935
0  0.275539 0.000000 0.001851  0.831235 0.022543 -0.555465  0.376854 0.065943
no_material
0  -0.263393 0.254874 0.000584  -0.839612 0.006983 -0.543142  0.650496 0.024465
0  -0.262909 0.251813 0.001947  -0.935306 -0.349122 -0.057591  0.652643 0.028062
0  -0.262909 0.257934 0.001947  -0.939417 0.305231 -0.155978  0.646991 0.022164
no_material
0  -0.247991 0.247305 0.000043  0.502308 -0.727003 -0.468138  0.668882 0.018472
0  -0.244592 0.257765 0.000043  0.829517 0.301854 -0.469879  0.663607 0.007393
0  -0.244071 0.251813 0.001947  0.794877 -0.258274 -0.549059  0.670416 0.011037
no_material
0  -0.247669 -0.262641 0.001947  0.580590 -0.799115 -0.155984  0.055206 0.621333
0  -0.250430 -0.264048 0.000584  0.252234 -0.820922 -0.512314  0.052571 0.624411
0  -0.245478 -0.260450 0.000584  0.704105 -0.494764 -0.509357  0.053596 0.617589
no_material
0  0.000000 0.275539 0.001851  0.000000 0.680271 -0.732961  0.065472 0.377304
0  0.115776 0.275539 0.001851  0.000000 0.680269 -0.732962  0.065474 0.246466
0  0.115776 0.115776 0.001851  0.000000 0.000000 -1.000000  0.246014 0.246472
no_material
0  0.262574 -0.257690 0.001947  0.939418 -0.305231 -0.155975  0.890173 0.611371
0  0.261167 -0.260450 0.000584  0.642646 -0.532016 -0.551331  0.890737 0.607272
0  0.263059 -0.254629 0.000584  0.839611 -0.006983 -0.543143  0.893676 0.613675
no_material
0  0.248513 0.261028 0.000043  -0.080039 0.116927 -0.989910  0.642815 0.043008
0  0.250095 0.264292 0.000584  -0.252233 0.820918 -0.512320  0.644394 0.046869
0  0.256216 0.264292 0.000584  0.277146 0.789005 -0.548327  0.639650 0.051821
no_material
0  0.257871 -0.250157 0.000043  0.067176 0.091027 -0.993580  0.901552 0.613006
0  0.261167 -0.248808 0.000584  0.634576 0.703088 -0.320906  0.899947 0.616886
0  0.263059 -0.254629 0.000584  0.839611 -0.006983 -0.543143  0.893676 0.613675
no_material
0  -0.231552 0.115776 0.017393  -0.051714 -0.000141 0.998662  0.589825 0.929535
0  -0.246042 0.115776 0.015815  -0.057282 0.000132 0.998358  0.199391 0.039275
0  -0.240938 0.000000 0.017266  -0.139139 0.000367 0.990273  0.330253 0.045312
no_material
0  0.243737 0.257934 0.001947  -0.939414 0.305240 -0.155977  0.645802 0.035927
0  0.245143 0.260695 0.000584  -0.704112 0.494766 -0.509346  0.645419 0.040046
0  0.243252 0.254874 0.000584  -0.846967 -0.016068 -0.531402  0.642205 0.033778
no_material
0  0.000000 -0.173664 0.001851  0.000000 -0.043080 -0.999072  0.573164 0.377302
0  0.000000 0.000000 0.001851  0.000000 0.000000 -1.000000  0.376848 0.377304
0  0.115776 -0.057888 0.001851  0.000000 0.000000 -1.000000  0.442330 0.246470
no_material
0  0.258654 0.247305 0.000043  0.432769 -0.755807 -0.491392  0.624093 0.040549
0  0.262053 0.257765 0.000043  0.835677 0.275996 -0.474837  0.629836 0.051393
0  0.262574 0.251813 0.001947  0.794883 -0.258277 -0.549048  0.622880 0.048045
no_material
0  -0.262909 0.257934 0.001947  -0.939417 0.305231 -0.155978  0.646991 0.022164
0  -0.261502 0.260695 0.000584  -0.642645 0.532020 -0.551328  0.647555 0.018066
0  -0.263393 0.254874 0.000584  -0.839612 0.006983 -0.543142  0.650496 0.024465
no_material
0  0.000000 0.000000 0.017393  0.000000 0.000000 1.000000  0.077247 0.839361
0  0.115776 0.000000 0.017393  0.000000 0.000000 1.000000  0.069295 0.773971
0  0.000000 0.115776 0.017393  0.000000 0.000250 1.000000  0.728619 0.781752
no_material
0  0.000000 0.115776 0.017393  0.000000 0.000250 1.000000  0.296970 0.773967
0  0.000000 0.240933 0.017267  -0.000155 0.063410 0.997988  0.739210 0.315956
0  -0.115776 0.231552 0.017393  0.000139 0.051767 0.998659  0.809557 0.921068
no_material
0  -0.258206 0.250401 0.000043  -0.067175 -0.091029 -0.993580  0.658368 0.023797
0  -0.261502 0.249052 0.000584  -0.634571 -0.703090 -0.320912  0.656764 0.027675
0  -0.263393 0.254874 0.000584  -0.839612 0.006983 -0.543142  0.650496 0.024465
no_material
0  0.256623 -0.256623 0.017393  -0.053293 0.053465 0.997147  0.872488 0.025899
0  0.267015 -0.275662 0.017393  -0.224245 -0.835484 0.501678  0.850975 0.014181
0  0.273155 -0.273155 0.017393  0.366691 -0.591691 0.717941  0.008313 0.624677
no_material
0  0.000000 -0.275611 0.017393  0.024148 -0.990755 0.133496  0.851011 0.315953
0  -0.057888 -0.267917 0.017393  -0.000422 0.005964 0.999982  0.859709 0.381382
0  -0.115776 -0.275623 0.017393  0.004848 -0.680511 0.732722  0.851002 0.446810
no_material
0  0.275539 -0.057888 0.001851  0.680270 0.000000 -0.732961  0.442323 0.065935
0  0.115776 -0.057888 0.001851  0.000000 0.000000 -1.000000  0.442330 0.246470
0  0.275539 0.000000 0.001851  0.831235 0.022543 -0.555465  0.376854 0.065943
no_material
0  -0.057888 -0.257940 0.017268  -0.000465 0.144564 0.989495  0.870991 0.381382
0  0.057888 -0.257940 0.017268  -0.000011 0.183078 0.983099  0.870991 0.250523
0  -0.057888 -0.252845 0.015819  0.000074 0.138750 0.990327  0.877016 0.381382
no_material
0  -0.115776 -0.275623 0.017393  0.004848 -0.680511 0.732722  0.851002 0.446810
0  -0.115776 -0.276619 0.002931  0.031510 -0.732544 -0.679990  0.690014 0.508140
0  0.000000 -0.275611 0.017393  0.024148 -0.990755 0.133496  0.851011 0.315953
no_material
0  0.247334 0.262886 0.001947  -0.580588 0.799110 -0.156017  0.647029 0.043791
0  0.250095 0.264292 0.000584  -0.252233 0.820918 -0.512320  0.644394 0.046869
0  0.245143 0.260695 0.000584  -0.704112 0.494766 -0.509346  0.645419 0.040046
no_material
0  -0.255340 -0.252266 0.000043  0.009877 0.047617 -0.998817  0.039209 0.619198
0  -0.256550 -0.264048 0.000584  -0.277145 -0.789007 -0.548323  0.047827 0.629363
0  -0.262388 -0.257520 0.000043  -0.835679 -0.275999 -0.474832  0.038013 0.628934
no_material
0  -0.250430 -0.264048 0.000584  0.252234 -0.820922 -0.512314  0.052571 0.624411
0  -0.248847 -0.260783 0.000043  0.080037 -0.116928 -0.989910  0.050991 0.620550
0  -0.245478 -0.260450 0.000584  0.704105 -0.494764 -0.509357  0.053596 0.617589
no_material
0  -0.253490 -0.264533 0.001947  -0.000000 -0.987758 -0.155996  0.051740 0.628363
0  -0.256550 -0.264048 0.000584  -0.277145 -0.789007 -0.548323  0.047827 0.629363
0  -0.250430 -0.264048 0.000584  0.252234 -0.820922 -0.512314  0.052571 0.624411
no_material
0  0.257871 -0.250157 0.000043  0.067176 0.091027 -0.993580  0.901552 0.613006
0  0.261167 -0.260450 0.000584  0.642646 -0.532016 -0.551331  0.890737 0.607272
0  0.254116 -0.260798 0.000043  0.019646 -0.273558 -0.961655  0.896403 0.601619
no_material
0  0.115776 -0.057888 0.001851  0.000000 0.000000 -1.000000  0.442330 0.246470
0  0.115776 -0.173664 0.001851  0.000000 -0.005244 -0.999986  0.573162 0.246470
0  0.000000 -0.173664 0.001851  0.000000 -0.043080 -0.999072  0.573164 0.377302
no_material
0  -0.057888 -0.267917 0.017393  -0.000422 0.005964 0.999982  0.859709 0.381382
0  0.000000 -0.275611 0.017393  0.024148 -0.990755 0.133496  0.851011 0.315953
0  0.000000 -0.259304 0.017393  -0.000051 0.045617 0.998959  0.869443 0.315953
no_material
0  -0.247991 -0.247060 0.000043  0.459028 0.748358 -0.478805  0.040647 0.609349
0  -0.244071 -0.251569 0.001947  0.836230 0.414178 -0.359411  0.048083 0.607818
0  -0.243587 -0.254629 0.000584  0.846961 0.016069 -0.531413  0.050383 0.611321
no_material
0  -0.258206 0.250401 0.000043  -0.067175 -0.091029 -0.993580  0.658368 0.023797
0  -0.261502 0.260695 0.000584  -0.642645 0.532020 -0.551328  0.647555 0.018066
0  -0.254451 0.261042 0.000043  -0.019645 0.273554 -0.961656  0.653218 0.012412
no_material
0  0.115776 0.000000 0.017393  0.000000 0.000000 1.000000  0.069295 0.773971
0  0.231552 0.000000 0.017393  0.006718 0.000002 0.999977  0.055935 0.315958
0  0.231552 0.115776 0.017393  0.051748 -0.000002 0.998660  0.516587 0.987182
no_material
0  0.173664 -0.257956 0.017271  0.000922 0.183334 0.983050  0.870979 0.119673
0  0.115776 -0.259296 0.017393  0.004889 -0.273018 0.961996  0.869454 0.185096
0  0.250289 -0.259270 0.017393  -0.025788 0.097662 0.994885  0.869506 0.033074
no_material
0  0.255005 0.252511 0.000043  -0.009877 -0.047616 -0.998817  0.631031 0.041656
0  0.256216 0.264292 0.000584  0.277146 0.789005 -0.548327  0.639650 0.051821
0  0.262053 0.257765 0.000043  0.835677 0.275996 -0.474837  0.629836 0.051393
no_material
0  0.250095 0.264292 0.000584  -0.252233 0.820918 -0.512320  0.644394 0.046869
0  0.248513 0.261028 0.000043  -0.080039 0.116927 -0.989910  0.642815 0.043008
0  0.245143 0.260695 0.000584  -0.704112 0.494766 -0.509346  0.645419 0.040046
no_material
0  -0.267917 0.259072 0.017393  -0.461129 -0.016483 0.887180  0.037438 0.014290
0  -0.252695 0.243677 0.015784  0.058064 -0.026133 0.997971  0.054854 0.031748
0  -0.255353 0.255353 0.017276  0.048769 -0.048737 0.997620  0.722386 0.027318
no_material
0  0.253155 0.264777 0.001947  0.000000 0.987761 -0.155978  0.643564 0.050822
0  0.256216 0.264292 0.000584  0.277146 0.789005 -0.548327  0.639650 0.051821
0  0.250095 0.264292 0.000584  -0.252233 0.820918 -0.512320  0.644394 0.046869
no_material
0  -0.247991 -0.247060 0.000043  0.459028 0.748358 -0.478805  0.040647 0.609349
0  -0.248847 -0.260783 0.000043  0.080037 -0.116928 -0.989910  0.050991 0.620550
0  -0.255340 -0.252266 0.000043  0.009877 0.047617 -0.998817  0.039209 0.619198
no_material
0  0.243252 0.254874 0.000584  -0.846967 -0.016068 -0.531402  0.642205 0.033778
0  0.245143 0.260695 0.000584  -0.704112 0.494766 -0.509346  0.645419 0.040046
0  0.248513 0.261028 0.000043  -0.080039 0.116927 -0.989910  0.642815 0.043008
no_material
0  0.262574 -0.251569 0.001947  0.935306 0.349121 -0.057587  0.895826 0.617273
0  0.263059 -0.254629 0.000584  0.839611 -0.006983 -0.543143  0.893676 0.613675
0  0.261167 -0.248808 0.000584  0.634576 0.703088 -0.320906  0.899947 0.616886
no_material
0  0.247656 0.247305 0.000043  -0.459030 -0.748358 -0.478802  0.632469 0.031806
0  0.248513 0.261028 0.000043  -0.080039 0.116927 -0.989910  0.642815 0.043008
0  0.255005 0.252511 0.000043  -0.009877 -0.047616 -0.998817  0.631031 0.041656
no_material
0  0.259072 0.267917 0.017393  -0.016487 0.461126 0.887182  0.708189 0.608769
0  0.243673 0.252691 0.015782  -0.026141 -0.058028 0.997973  0.725651 0.591350
0  0.255353 0.255353 0.017276  -0.048770 -0.048737 0.997620  0.028486 0.027320
no_material
0  -0.262909 0.251813 0.001947  -0.935306 -0.349122 -0.057591  0.652643 0.028062
0  -0.263393 0.254874 0.000584  -0.839612 0.006983 -0.543142  0.650496 0.024465
0  -0.261502 0.249052 0.000584  -0.634571 -0.703090 -0.320912  0.656764 0.027675
no_material
0  0.000000 0.115776 0.017393  0.000000 0.000250 1.000000  0.663061 0.929544
0  -0.231552 0.115776 0.017393  -0.051714 -0.000141 0.998662  0.199390 0.055923
0  -0.115776 0.000000 0.017393  -0.000200 0.000023 1.000000  0.003977 0.765463
no_material
0  0.258976 0.262886 0.001947  0.652317 0.667320 -0.359397  0.636686 0.054588
0  0.262574 0.251813 0.001947  0.794883 -0.258277 -0.549048  0.622880 0.048045
0  0.262053 0.257765 0.000043  0.835677 0.275996 -0.474837  0.629836 0.051393
no_material
0  0.115776 0.000000 0.017393  0.000000 0.000000 1.000000  0.069295 0.773971
0  0.173664 -0.000000 0.017393  -0.000000 0.000000 1.000000  0.077185 0.765463
0  0.231552 0.000000 0.017393  0.006718 0.000002 0.999977  0.077250 0.700076
no_material
0  0.257933 0.000000 0.017266  -0.176205 -0.020853 0.984133  0.025572 0.315960
0  0.257936 -0.057888 0.017267  -0.177051 -0.001087 0.984201  0.025566 0.381397
0  0.267917 0.000000 0.017393  0.496864 0.016092 0.867679  0.014281 0.315958
no_material
0  0.173664 -0.115776 0.017393  -0.000000 0.000000 1.000000  0.948308 0.773275
0  0.231552 -0.057888 0.017393  0.006686 0.000006 0.999978  0.779149 0.633956
0  0.173664 -0.000000 0.017393  -0.000000 0.000000 1.000000  0.508830 0.700076
no_material
0  0.247334 0.262886 0.001947  -0.580588 0.799110 -0.156017  0.647029 0.043791
0  0.253155 0.264777 0.001947  0.000000 0.987761 -0.155978  0.643564 0.050822
0  0.250095 0.264292 0.000584  -0.252233 0.820918 -0.512320  0.644394 0.046869
no_material
0  -0.259311 0.262886 0.001947  -0.234907 0.632908 -0.737730  0.646103 0.014257
0  -0.254451 0.261042 0.000043  -0.019645 0.273554 -0.961656  0.653218 0.012412
0  -0.261502 0.260695 0.000584  -0.642645 0.532020 -0.551328  0.647555 0.018066
no_material
0  -0.115776 0.115776 0.001851  0.000000 0.000000 -1.000000  0.246014 0.508137
0  -0.173664 0.173664 0.001851  -0.000883 0.000882 -0.999999  0.180600 0.573554
0  -0.115776 0.275539 0.001851  0.000000 0.680269 -0.732962  0.065474 0.508142
no_material
0  0.259072 0.267917 0.017393  -0.016487 0.461126 0.887182  0.708189 0.608769
0  0.267956 0.275539 0.001851  0.664691 0.512282 -0.543832  0.065485 0.074494
0  0.115776 0.276619 0.016313  0.001662 0.751167 0.660110  0.697800 0.446818
no_material
0  0.173664 0.173664 0.001851  0.000883 0.000882 -0.999999  0.180600 0.181055
0  0.115776 0.115776 0.001851  0.000000 0.000000 -1.000000  0.246014 0.246472
0  0.115776 0.275539 0.001851  0.000000 0.680269 -0.732962  0.065474 0.246466
no_material
0  0.000000 -0.057888 0.017393  0.000000 0.000000 1.000000  0.909155 0.512697
0  0.057888 -0.115776 0.017393  0.000000 0.000000 1.000000  0.223633 0.921759
0  0.057888 -0.000000 0.017393  0.000000 0.000000 1.000000  0.362347 0.700080
no_material
0  0.267917 0.000000 0.017393  0.496864 0.016092 0.867679  0.014281 0.315958
0  0.276619 -0.057888 0.016313  0.751899 0.006707 0.659244  0.803501 0.249009
0  0.275539 0.000000 0.001851  0.831235 0.022543 -0.555465  0.376854 0.065943
no_material
0  -0.247991 0.247305 0.000043  0.502308 -0.727003 -0.468138  0.668882 0.018472
0  -0.253490 0.244970 0.001947  -0.056073 -0.682902 -0.728355  0.667536 0.025820
0  -0.261502 0.249052 0.000584  -0.634571 -0.703090 -0.320912  0.656764 0.027675
no_material
0  -0.243673 0.252691 0.015782  0.011005 -0.042464 0.999037  0.725651 0.040563
0  -0.115776 0.246055 0.015812  -0.000092 0.057391 0.998352  0.733156 0.185095
0  0.000000 0.252854 0.015821  -0.000000 0.003608 0.999994  0.725465 0.315956
no_material
0  -0.115776 0.115776 0.001851  0.000000 0.000000 -1.000000  0.246014 0.508137
0  0.000000 0.000000 0.001851  0.000000 0.000000 -1.000000  0.376848 0.377304
0  -0.115776 -0.057888 0.001851  -0.000000 0.000000 -1.000000  0.442332 0.508137
no_material
0  -0.240938 0.000000 0.017266  -0.139139 0.000367 0.990273  0.330253 0.045312
0  -0.231552 -0.057888 0.017393  -0.006516 0.000416 0.999979  0.003911 0.987180
0  -0.115776 0.000000 0.017393  -0.000200 0.000023 1.000000  0.003977 0.765463
no_material
0  -0.231552 -0.057888 0.017393  -0.006516 0.000416 0.999979  0.395692 0.055921
0  -0.115776 -0.173664 0.017393  0.000000 0.000000 1.000000  0.142565 0.847868
0  0.000000 -0.057888 0.017393  0.000000 0.000000 1.000000  0.296932 0.765495
no_material
0  0.267015 -0.275662 0.017393  -0.224245 -0.835484 0.501678  0.850975 0.014181
0  0.115776 -0.276619 0.002931  0.017684 -0.929612 -0.368115  0.690014 0.246464
0  0.173664 -0.173664 0.001851  0.007342 -0.027705 -0.999589  0.573161 0.181053
no_material
0  0.000000 0.000000 0.001851  0.000000 0.000000 -1.000000  0.376848 0.377304
0  0.115776 0.115776 0.001851  0.000000 0.000000 -1.000000  0.246014 0.246472
0  0.275539 0.000000 0.001851  0.831235 0.022543 -0.555465  0.376854 0.065943
no_material
0  -0.262457 -0.267243 0.017393  -0.014489 -0.455090 0.890328  0.860486 0.612587
0  -0.275963 -0.271299 0.016313  -0.632591 -0.579698 0.513595  0.757616 0.621158
0  -0.270915 -0.274950 0.001851  -0.452257 -0.720360 -0.525875  0.687590 0.683445
no_material
0  0.231552 0.115776 0.017393  0.051748 -0.000002 0.998660  0.055926 0.185096
0  0.115776 0.231552 0.017393  -0.000149 0.006491 0.999979  0.749818 0.446818
0  0.000000 0.115776 0.017393  0.000000 0.000250 1.000000  0.728619 0.781752
no_material
0  0.276619 -0.173664 0.016313  0.775238 0.001171 0.631668  0.803501 0.118155
0  0.275539 -0.173664 0.001851  0.679796 -0.006185 -0.733376  0.573159 0.065930
0  0.275539 -0.057888 0.001851  0.680270 0.000000 -0.732961  0.442323 0.065935
no_material
0  0.115776 0.276619 0.016313  0.001662 0.751167 0.660110  0.780562 0.183580
0  0.000000 0.275539 0.001851  0.000000 0.680271 -0.732961  0.065472 0.377304
0  -0.115776 0.276619 0.016313  -0.001662 0.751166 0.660111  0.697800 0.185093
no_material
0  0.000000 0.000000 0.001851  0.000000 0.000000 -1.000000  0.376848 0.377304
0  -0.115776 0.115776 0.001851  0.000000 0.000000 -1.000000  0.246014 0.508137
0  0.000000 0.275539 0.001851  0.000000 0.680271 -0.732961  0.065472 0.377304
no_material
0  0.267917 0.259072 0.017393  0.049705 0.021991 0.998522  0.014288 0.023146
0  0.257943 0.115776 0.017268  -0.069081 0.000003 0.997611  0.025557 0.185096
0  0.267917 0.000000 0.017393  0.496864 0.016092 0.867679  0.014281 0.315958
no_material
0  -0.267917 0.259072 0.017393  -0.461129 -0.016483 0.887180  0.037438 0.014290
0  -0.274095 0.274095 0.016313  -0.642793 0.642793 0.416695  0.780559 0.624952
0  -0.275539 0.267956 0.001851  -0.512282 0.664691 -0.543832  0.074047 0.688673
no_material
0  0.240917 -0.173664 0.017270  0.198077 0.000166 0.980187  0.045330 0.512249
0  0.240935 -0.057888 0.017267  0.206117 0.000095 0.978527  0.045319 0.381397
0  0.231552 -0.057888 0.017393  0.006686 0.000006 0.999978  0.882885 0.707851
no_material
0  0.255707 -0.115776 0.016331  -0.246384 -0.000088 0.969172  0.028298 0.446826
0  0.255800 -0.000000 0.016348  -0.185317 -0.674380 0.714751  0.028196 0.315964
0  0.249436 -0.000000 0.015705  -0.000000 -0.685161 0.728391  0.035445 0.315964
no_material
0  -0.267917 0.000000 0.017393  -0.460062 0.018644 0.887691  0.330251 0.014273
0  -0.257936 -0.057888 0.017267  0.115353 -0.000661 0.993324  0.395689 0.025556
0  -0.252880 0.000000 0.015827  0.056054 0.001817 0.998426  0.330253 0.031542
no_material
0  0.173664 -0.115776 0.017393  -0.000000 0.000000 1.000000  0.948308 0.773275
0  0.173664 -0.000000 0.017393  -0.000000 0.000000 1.000000  0.069360 0.839358
0  0.057888 -0.000000 0.017393  0.000000 0.000000 1.000000  0.362347 0.700080
no_material
0  0.000000 -0.275611 0.017393  0.024148 -0.990755 0.133496  0.851011 0.315953
0  -0.115776 -0.276619 0.002931  0.031510 -0.732544 -0.679990  0.690014 0.508140
0  0.000000 -0.173664 0.001851  0.000000 -0.043080 -0.999072  0.573164 0.377302
no_material
0  0.231552 0.000000 0.017393  0.006718 0.000002 0.999977  0.077250 0.700076
0  0.231552 -0.057888 0.017393  0.006686 0.000006 0.999978  0.055931 0.381398
0  0.240935 -0.057888 0.017267  0.206117 0.000095 0.978527  0.045319 0.381397
no_material
0  -0.115776 0.231552 0.017393  0.000139 0.051767 0.998659  0.809645 0.773274
0  0.000000 0.240933 0.017267  -0.000155 0.063410 0.997988  0.739210 0.315956
0  -0.115776 0.246055 0.015812  -0.000092 0.057391 0.998352  0.733156 0.185095
no_material
0  -0.276619 -0.057888 0.016313  -0.751901 0.006614 0.659242  0.757617 0.379880
0  -0.275539 -0.173664 0.001851  -0.689221 -0.003409 -0.724543  0.573161 0.688677
0  -0.275963 -0.271299 0.016313  -0.632591 -0.579698 0.513595  0.637019 0.004731
no_material
0  -0.275963 -0.271299 0.016313  -0.632591 -0.579698 0.513595  0.757616 0.621158
0  -0.262457 -0.267243 0.017393  -0.014489 -0.455090 0.890328  0.860486 0.612587
0  -0.257298 -0.252431 0.017276  0.061083 -0.010643 0.998076  0.615574 0.026294
no_material
0  -0.274095 0.274095 0.016313  -0.642793 0.642793 0.416695  0.700737 0.005939
0  -0.267956 0.275539 0.001851  -0.664691 0.512282 -0.543832  0.065487 0.680115
0  -0.173664 0.173664 0.001851  -0.000883 0.000882 -0.999999  0.180600 0.573554
no_material
0  -0.267917 -0.173664 0.017393  -0.015263 0.000712 0.999883  0.526544 0.014266
0  -0.257298 -0.252431 0.017276  0.061083 -0.010643 0.998076  0.615574 0.026294
0  -0.252775 -0.173664 0.015802  0.056527 0.001180 0.998400  0.526544 0.031648
no_material
0  0.115776 0.276619 0.016313  0.001662 0.751167 0.660110  0.780562 0.183580
0  0.000000 0.267917 0.017393  0.000000 0.012254 0.999925  0.708168 0.315956
0  0.115776 0.257946 0.017269  0.000184 -0.113915 0.993491  0.719447 0.446818
no_material
0  -0.115776 0.276619 0.016313  -0.001662 0.751166 0.660111  0.780562 0.445297
0  -0.259072 0.267917 0.017393  0.016487 0.461126 0.887182  0.708189 0.023141
0  -0.115776 0.257946 0.017269  -0.000184 -0.113915 0.993491  0.719447 0.185095
no_material
0  0.057888 -0.231552 0.017393  -0.000003 -0.051682 0.998664  0.901358 0.250523
0  0.173664 -0.231552 0.017393  0.000000 -0.006513 0.999979  0.736435 0.781749
0  0.173664 -0.115776 0.017393  -0.000000 0.000000 1.000000  0.142570 0.921764
no_material
0  -0.276619 0.115776 0.016313  -0.751171 -0.000478 0.660107  0.757617 0.183582
0  -0.267917 0.000000 0.017393  -0.460062 0.018644 0.887691  0.330251 0.014273
0  -0.257943 0.115776 0.017268  0.114022 0.000182 0.993478  0.199391 0.025554
no_material
0  0.115776 -0.276619 0.002931  0.017684 -0.929612 -0.368115  0.690014 0.246464
0  0.267015 -0.275662 0.017393  -0.224245 -0.835484 0.501678  0.850975 0.014181
0  0.115776 -0.259296 0.017393  0.004889 -0.273018 0.961996  0.869454 0.185096
no_material
0  0.249436 -0.000000 0.015705  -0.000000 -0.685161 0.728391  0.035445 0.315964
0  0.243071 -0.000000 0.016348  0.185315 -0.674380 0.714751  0.042694 0.315964
0  0.243165 -0.115776 0.016331  0.246379 -0.000078 0.969174  0.042582 0.446826
no_material
0  -0.173664 -0.257956 0.017271  -0.001016 0.070527 0.997509  0.870979 0.512232
0  -0.057888 -0.252845 0.015819  0.000074 0.138750 0.990327  0.877016 0.381382
0  -0.173664 -0.246105 0.015800  0.000212 0.001153 0.999999  0.884640 0.512232
no_material
0  0.240657 -0.245553 0.015768  0.021322 -0.050095 0.998517  0.885269 0.043954
0  0.173664 -0.240916 0.017271  0.000901 -0.155459 0.987842  0.890768 0.119675
0  0.057888 -0.246026 0.015819  0.000046 -0.057247 0.998360  0.884727 0.250523
no_material
0  0.231552 -0.231552 0.017393  0.004270 -0.047628 0.998856  0.901337 0.054265
0  0.173664 -0.240916 0.017271  0.000901 -0.155459 0.987842  0.890768 0.119675
0  0.240657 -0.245553 0.015768  0.021322 -0.050095 0.998517  0.885269 0.043954
no_material
0  0.231552 0.115776 0.017393  0.051748 -0.000002 0.998660  0.223691 0.765499
0  0.240938 0.000000 0.017266  0.176592 -0.020698 0.984067  0.045320 0.315960
0  0.246042 0.115776 0.015815  -0.001918 -0.000218 0.999998  0.039278 0.185096
no_material
0  -0.262457 -0.267243 0.017393  -0.014489 -0.455090 0.890328  0.860486 0.612587
0  -0.173664 -0.257956 0.017271  -0.001016 0.070527 0.997509  0.870979 0.512232
0  -0.247063 -0.251943 0.015768  0.049013 0.042894 0.997877  0.878020 0.595162
no_material
0  -0.173664 -0.246105 0.015800  0.000212 0.001153 0.999999  0.884640 0.512232
0  -0.235288 -0.240198 0.017276  -0.083587 -0.393015 0.915725  0.891553 0.581834
0  -0.245551 -0.240655 0.015768  -0.032504 -0.021246 0.999246  0.602264 0.039815
no_material
0  0.276619 -0.057888 0.016313  0.751899 0.006707 0.659244  0.803501 0.249009
0  0.267917 0.000000 0.017393  0.496864 0.016092 0.867679  0.014281 0.315958
0  0.257936 -0.057888 0.017267  -0.177051 -0.001087 0.984201  0.025566 0.381397
no_material
0  -0.231829 0.240901 0.017273  -0.027064 0.071876 0.997046  0.739237 0.053960
0  -0.115776 0.246055 0.015812  -0.000092 0.057391 0.998352  0.733156 0.185095
0  -0.243673 0.252691 0.015782  0.011005 -0.042464 0.999037  0.725651 0.040563
no_material
0  0.274111 -0.274111 0.002931  0.358089 -0.670686 -0.649579  0.687024 0.067181
0  0.173664 -0.173664 0.001851  0.007342 -0.027705 -0.999589  0.573161 0.181053
0  0.275539 -0.173664 0.001851  0.679796 -0.006185 -0.733376  0.573159 0.065930
no_material
0  -0.259072 0.267917 0.017393  0.016487 0.461126 0.887182  0.708189 0.023141
0  -0.115776 0.276619 0.016313  -0.001662 0.751166 0.660111  0.780562 0.445297
0  -0.267956 0.275539 0.001851  -0.664691 0.512282 -0.543832  0.065487 0.680115
no_material
0  0.274095 0.274095 0.016313  0.502718 0.753987 0.422823  0.006836 0.005943
0  0.275539 0.267956 0.001851  0.425032 0.629616 -0.650332  0.074045 0.065935
0  0.173664 0.173664 0.001851  0.000883 0.000882 -0.999999  0.180600 0.181055
no_material
0  0.247334 -0.262641 0.001947  -0.272924 -0.476375 -0.835810  0.900081 0.593119
0  0.244257 -0.257520 0.000043  -0.829519 -0.301856 -0.469873  0.906791 0.596600
0  0.254116 -0.260798 0.000043  0.019646 -0.273558 -0.961655  0.896403 0.601619
no_material
0  0.252663 -0.252663 0.016256  -0.115328 0.108223 0.987414  0.877124 0.030411
0  0.246445 -0.255450 0.016283  -0.025758 0.209537 0.977462  0.874026 0.037441
0  0.250289 -0.259270 0.017393  -0.025788 0.097662 0.994885  0.869506 0.033074
no_material
0  -0.255353 0.255353 0.017276  0.048769 -0.048737 0.997620  0.722386 0.027318
0  -0.259072 0.267917 0.017393  0.016487 0.461126 0.887182  0.708189 0.023141
0  -0.274095 0.274095 0.016313  -0.642793 0.642793 0.416695  0.757614 0.003930
no_material
0  0.255353 0.255353 0.017276  -0.048770 -0.048737 0.997620  0.028486 0.027320
0  0.267917 0.259072 0.017393  0.049705 0.021991 0.998522  0.014288 0.023146
0  0.274095 0.274095 0.016313  0.502718 0.753987 0.422823  0.780559 0.003925
no_material
0  -0.240938 0.000000 0.017266  -0.139139 0.000367 0.990273  0.330253 0.045312
0  -0.246008 -0.057888 0.015823  -0.138475 -0.000083 0.990366  0.395692 0.039310
0  -0.240917 -0.173664 0.017270  -0.155548 -0.001053 0.987828  0.526545 0.045317
no_material
0  -0.259072 0.267917 0.017393  0.016487 0.461126 0.887182  0.708189 0.023141
0  -0.255353 0.255353 0.017276  0.048769 -0.048737 0.997620  0.041614 0.028488
0  -0.243673 0.252691 0.015782  0.011005 -0.042464 0.999037  0.725651 0.040563
no_material
0  0.000000 0.267917 0.017393  0.000000 0.012254 0.999925  0.708168 0.315956
0  -0.115776 0.257946 0.017269  -0.000184 -0.113915 0.993491  0.719447 0.185095
0  0.000000 0.252854 0.015821  -0.000000 0.003608 0.999994  0.725465 0.315956
no_material
0  0.275661 -0.267014 0.017393  0.593799 -0.022583 0.804297  0.005535 0.617743
0  0.259271 -0.250290 0.017393  -0.098152 0.025726 0.994839  0.024065 0.598853
0  0.256623 -0.256623 0.017393  -0.053293 0.053465 0.997147  0.872488 0.025899
no_material
0  -0.173664 -0.267917 0.017393  -0.003970 -0.053147 0.998579  0.859717 0.512233
0  -0.057888 -0.267917 0.017393  -0.000422 0.005964 0.999982  0.859709 0.381382
0  -0.057888 -0.257940 0.017268  -0.000465 0.144564 0.989495  0.870991 0.381382
no_material
0  -0.255340 -0.252266 0.000043  0.009877 0.047617 -0.998817  0.039209 0.619198
0  -0.258989 -0.247060 0.000043  -0.432771 0.755812 -0.491384  0.032272 0.618091
0  -0.253490 -0.244726 0.001947  -0.023604 0.530640 -0.847268  0.033297 0.610692
no_material
0  -0.257936 -0.057888 0.017267  0.115353 -0.000661 0.993324  0.395689 0.025556
0  -0.267917 0.000000 0.017393  -0.460062 0.018644 0.887691  0.330251 0.014273
0  -0.276619 -0.057888 0.016313  -0.751901 0.006614 0.659242  0.757617 0.379880
no_material
0  -0.258206 0.250401 0.000043  -0.067175 -0.091029 -0.993580  0.658368 0.023797
0  -0.254451 0.261042 0.000043  -0.019645 0.273554 -0.961656  0.653218 0.012412
0  -0.244592 0.257765 0.000043  0.829517 0.301854 -0.469879  0.663607 0.007393
no_material
0  -0.243673 0.252691 0.015782  0.011005 -0.042464 0.999037  0.725651 0.040563
0  -0.255353 0.255353 0.017276  0.048769 -0.048737 0.997620  0.041614 0.028488
0  -0.252695 0.243677 0.015784  0.058064 -0.026133 0.997971  0.054854 0.031748
no_material
0  0.231829 0.240901 0.017273  0.023021 0.236187 0.971435  0.739238 0.577951
0  0.231552 0.231552 0.017393  0.006235 0.006227 0.999961  0.055899 0.054263
0  0.240901 0.231830 0.017273  0.071814 0.027071 0.997051  0.045337 0.053962
no_material
0  0.249436 -0.240403 0.015668  -0.030638 -0.006928 0.999507  0.035437 0.587672
0  0.246790 -0.246790 0.015651  -0.020711 0.013644 0.999692  0.883839 0.037022
0  0.252663 -0.252663 0.016256  -0.115328 0.108223 0.987414  0.031683 0.601514
no_material
0  0.255458 -0.246453 0.016285  -0.180371 0.023844 0.983310  0.028577 0.594493
0  0.252663 -0.252663 0.016256  -0.115328 0.108223 0.987414  0.877124 0.030411
0  0.256623 -0.256623 0.017393  -0.053293 0.053465 0.997147  0.027048 0.606026
no_material
0  0.231829 0.240901 0.017273  0.023021 0.236187 0.971435  0.739238 0.577951
0  0.115776 0.246055 0.015812  0.000249 0.138518 0.990360  0.733156 0.446818
0  0.000000 0.240933 0.017267  -0.000155 0.063410 0.997988  0.739210 0.315956
no_material
0  -0.246008 -0.057888 0.015823  -0.138475 -0.000083 0.990366  0.395692 0.039310
0  -0.240938 0.000000 0.017266  -0.139139 0.000367 0.990273  0.330253 0.045312
0  -0.246042 0.115776 0.015815  -0.057282 0.000132 0.998358  0.199391 0.039275
no_material
0  0.173664 -0.252766 0.015800  0.001035 0.137990 0.990433  0.877107 0.119673
0  0.057888 -0.246026 0.015819  0.000046 -0.057247 0.998360  0.884727 0.250523
0  -0.057888 -0.252845 0.015819  0.000074 0.138750 0.990327  0.877016 0.381382
no_material
0  -0.173664 -0.246105 0.015800  0.000212 0.001153 0.999999  0.884640 0.512232
0  -0.057888 -0.252845 0.015819  0.000074 0.138750 0.990327  0.877016 0.381382
0  0.057888 -0.246026 0.015819  0.000046 -0.057247 0.998360  0.884727 0.250523
no_material
0  0.255707 -0.115776 0.016331  -0.246384 -0.000088 0.969172  0.028298 0.446826
0  0.249436 -0.115776 0.015695  0.000006 -0.000141 1.000000  0.035440 0.446826
0  0.249436 -0.240403 0.015668  -0.030638 -0.006928 0.999507  0.035437 0.587672
no_material
0  0.057888 -0.231552 0.017393  -0.000003 -0.051682 0.998664  0.582028 0.847865
0  -0.057888 -0.240931 0.017268  0.000006 -0.144493 0.989506  0.890752 0.381382
0  0.057888 -0.246026 0.015819  0.000046 -0.057247 0.998360  0.884727 0.250523
no_material
0  -0.245551 -0.240655 0.015768  -0.032504 -0.021246 0.999246  0.602264 0.039815
0  -0.240917 -0.173664 0.017270  -0.155548 -0.001053 0.987828  0.526545 0.045317
0  -0.246008 -0.057888 0.015823  -0.138475 -0.000083 0.990366  0.395692 0.039310
no_material
0  -0.252880 0.000000 0.015827  0.056054 0.001817 0.998426  0.330253 0.031542
0  -0.246042 0.115776 0.015815  -0.057282 0.000132 0.998358  0.199391 0.039275
0  -0.252695 0.243677 0.015784  0.058064 -0.026133 0.997971  0.054854 0.031748
no_material
0  -0.243612 0.243612 0.015763  -0.073891 0.017367 0.997115  0.735906 0.040594
0  -0.252695 0.243677 0.015784  0.058064 -0.026133 0.997971  0.054854 0.031748
0  -0.246042 0.115776 0.015815  -0.057282 0.000132 0.998358  0.199391 0.039275
no_material
0  -0.231552 -0.231552 0.017393  -0.047624 -0.004267 0.998856  0.591956 0.055883
0  -0.240917 -0.173664 0.017270  -0.155548 -0.001053 0.987828  0.526545 0.045317
0  -0.245551 -0.240655 0.015768  -0.032504 -0.021246 0.999246  0.602264 0.039815
no_material
0  0.252695 0.243677 0.015784  -0.042514 -0.010911 0.999036  0.031746 0.040560
0  0.255353 0.255353 0.017276  -0.048770 -0.048737 0.997620  0.722386 0.604593
0  0.243673 0.252691 0.015782  -0.026141 -0.058028 0.997973  0.725651 0.591350
no_material
0  -0.173664 -0.231552 0.017393  0.001214 -0.051122 0.998692  0.901355 0.512232
0  -0.235288 -0.240198 0.017276  -0.083587 -0.393015 0.915725  0.891553 0.581834
0  -0.173664 -0.246105 0.015800  0.000212 0.001153 0.999999  0.884640 0.512232
no_material
0  -0.247063 -0.251943 0.015768  0.049013 0.042894 0.997877  0.878020 0.595162
0  -0.245551 -0.240655 0.015768  -0.032504 -0.021246 0.999246  0.602264 0.039815
0  -0.252775 -0.173664 0.015802  0.056527 0.001180 0.998400  0.526544 0.031648
no_material
0  -0.252775 -0.173664 0.015802  0.056527 0.001180 0.998400  0.526544 0.031648
0  -0.246008 -0.057888 0.015823  -0.138475 -0.000083 0.990366  0.395692 0.039310
0  -0.252880 0.000000 0.015827  0.056054 0.001817 0.998426  0.330253 0.031542
no_material
0  0.252695 0.243677 0.015784  -0.042514 -0.010911 0.999036  0.031746 0.040560
0  0.257943 0.115776 0.017268  -0.069081 0.000003 0.997611  0.025557 0.185096
0  0.267917 0.259072 0.017393  0.049705 0.021991 0.998522  0.014288 0.023146
no_material
0  0.243612 0.243612 0.015763  0.017284 0.073971 0.997111  0.042006 0.040597
0  0.243673 0.252691 0.015782  -0.026141 -0.058028 0.997973  0.725651 0.591350
0  0.115776 0.246055 0.015812  0.000249 0.138518 0.990360  0.733156 0.446818
no_material
0  0.000000 0.252854 0.015821  -0.000000 0.003608 0.999994  0.725465 0.315956
0  0.115776 0.246055 0.015812  0.000249 0.138518 0.990360  0.733156 0.446818
0  0.243673 0.252691 0.015782  -0.026141 -0.058028 0.997973  0.725651 0.591350
no_material
0  0.000000 0.240933 0.017267  -0.000155 0.063410 0.997988  0.739210 0.315956
0  0.115776 0.246055 0.015812  0.000249 0.138518 0.990360  0.733156 0.446818
0  0.000000 0.252854 0.015821  -0.000000 0.003608 0.999994  0.725465 0.315956
no_material
0  -0.240901 0.231830 0.017273  -0.236277 0.022854 0.971417  0.068255 0.045338
0  -0.231552 0.231552 0.017393  -0.006235 0.006227 0.999961  0.749798 0.054260
0  -0.231829 0.240901 0.017273  -0.027064 0.071876 0.997046  0.739237 0.053960
no_material
0  0.231552 -0.173664 0.017393  0.006539 -0.000015 0.999979  0.055920 0.512251
0  0.231552 -0.231552 0.017393  0.004270 -0.047628 0.998856  0.055899 0.577661
0  0.240198 -0.235289 0.017276  0.112927 -0.062015 0.991666  0.046114 0.581855
no_material
0  0.252695 0.243677 0.015784  -0.042514 -0.010911 0.999036  0.031746 0.040560
0  0.243612 0.243612 0.015763  0.017284 0.073971 0.997111  0.735906 0.591317
0  0.240901 0.231830 0.017273  0.071814 0.027071 0.997051  0.045337 0.053962
no_material
0  0.246042 0.115776 0.015815  -0.001918 -0.000218 0.999998  0.039278 0.185096
0  0.252880 0.000000 0.015827  -0.101776 0.677181 0.728743  0.031549 0.315960
0  0.257943 0.115776 0.017268  -0.069081 0.000003 0.997611  0.025557 0.185096
no_material
0  0.249436 -0.115776 0.015695  0.000006 -0.000141 1.000000  0.035440 0.446826
0  0.243165 -0.115776 0.016331  0.246379 -0.000078 0.969174  0.042582 0.446826
0  0.243413 -0.234353 0.016285  0.203694 -0.001091 0.979034  0.042306 0.580827
no_material
0  -0.267917 0.000000 0.017393  -0.460062 0.018644 0.887691  0.330251 0.014273
0  -0.276619 0.115776 0.016313  -0.751171 -0.000478 0.660107  0.757617 0.183582
0  -0.275539 0.000000 0.001851  -0.831235 0.022543 -0.555464  0.376854 0.688666
no_material
0  0.274095 0.274095 0.016313  0.502718 0.753987 0.422823  0.700737 0.625972
0  0.267917 0.259072 0.017393  0.049705 0.021991 0.998522  0.014288 0.023146
0  0.276619 0.115776 0.016313  0.773551 -0.001710 0.633732  0.803501 0.445308
no_material
0  -0.275539 -0.173664 0.001851  -0.689221 -0.003409 -0.724543  0.573161 0.688677
0  -0.173664 -0.173664 0.001851  0.000000 0.000000 -1.000000  0.573161 0.573552
0  -0.270915 -0.274950 0.001851  -0.452257 -0.720360 -0.525875  0.687590 0.683445
no_material
0  0.257871 -0.250157 0.000043  0.067176 0.091027 -0.993580  0.901552 0.613006
0  0.254116 -0.260798 0.000043  0.019646 -0.273558 -0.961655  0.896403 0.601619
0  0.244257 -0.257520 0.000043  -0.829519 -0.301856 -0.469873  0.906791 0.596600
no_material
0  0.247656 -0.247060 0.000043  -0.502309 0.727001 -0.468140  0.912068 0.607680
0  0.253155 -0.244726 0.001947  0.056071 0.682900 -0.728357  0.910722 0.615031
0  0.261167 -0.248808 0.000584  0.634576 0.703088 -0.320906  0.899947 0.616886
no_material
0  0.255005 0.252511 0.000043  -0.009877 -0.047616 -0.998817  0.631031 0.041656
0  0.258654 0.247305 0.000043  0.432769 -0.755807 -0.491392  0.624093 0.040549
0  0.253155 0.244970 0.001947  0.023605 -0.530640 -0.847268  0.625118 0.033149
no_material
0  0.258976 -0.262641 0.001947  0.234909 -0.632909 -0.737729  0.889284 0.603463
0  0.253155 -0.264533 0.001947  -0.015949 -0.450834 -0.892465  0.893051 0.596585
0  0.254116 -0.260798 0.000043  0.019646 -0.273558 -0.961655  0.896403 0.601619
no_material
0  -0.247669 0.262886 0.001947  0.272924 0.476373 -0.835812  0.656897 0.003913
0  -0.244592 0.257765 0.000043  0.829517 0.301854 -0.469879  0.663607 0.007393
0  -0.254451 0.261042 0.000043  -0.019645 0.273554 -0.961656  0.653218 0.012412
no_material
0  -0.258989 -0.247060 0.000043  -0.432771 0.755812 -0.491384  0.032272 0.618091
0  -0.255340 -0.252266 0.000043  0.009877 0.047617 -0.998817  0.039209 0.619198
0  -0.262388 -0.257520 0.000043  -0.835679 -0.275999 -0.474832  0.038013 0.628934
no_material
0  -0.231552 0.115776 0.017393  -0.051714 -0.000141 0.998662  0.589825 0.929535
0  -0.240901 0.231830 0.017273  -0.236277 0.022854 0.971417  0.068255 0.045338
0  -0.246042 0.115776 0.015815  -0.057282 0.000132 0.998358  0.199391 0.039275
no_material
0  0.000000 -0.173664 0.001851  0.000000 -0.043080 -0.999072  0.573164 0.377302
0  -0.115776 -0.057888 0.001851  -0.000000 0.000000 -1.000000  0.442332 0.508137
0  0.000000 0.000000 0.001851  0.000000 0.000000 -1.000000  0.376848 0.377304
no_material
0  0.258654 0.247305 0.000043  0.432769 -0.755807 -0.491392  0.624093 0.040549
0  0.255005 0.252511 0.000043  -0.009877 -0.047616 -0.998817  0.631031 0.041656
0  0.262053 0.257765 0.000043  0.835677 0.275996 -0.474837  0.629836 0.051393
no_material
0  0.000000 0.115776 0.017393  0.000000 0.000250 1.000000  0.296970 0.773967
0  0.115776 0.231552 0.017393  -0.000149 0.006491 0.999979  0.749818 0.446818
0  0.000000 0.240933 0.017267  -0.000155 0.063410 0.997988  0.739210 0.315956
no_material
0  0.256623 -0.256623 0.017393  -0.053293 0.053465 0.997147  0.872488 0.025899
0  0.250289 -0.259270 0.017393  -0.025788 0.097662 0.994885  0.869506 0.033074
0  0.267015 -0.275662 0.017393  -0.224245 -0.835484 0.501678  0.850975 0.014181
no_material
0  -0.255340 -0.252266 0.000043  0.009877 0.047617 -0.998817  0.039209 0.619198
0  -0.248847 -0.260783 0.000043  0.080037 -0.116928 -0.989910  0.050991 0.620550
0  -0.256550 -0.264048 0.000584  -0.277145 -0.789007 -0.548323  0.047827 0.629363
no_material
0  0.257871 -0.250157 0.000043  0.067176 0.091027 -0.993580  0.901552 0.613006
0  0.263059 -0.254629 0.000584  0.839611 -0.006983 -0.543143  0.893676 0.613675
0  0.261167 -0.260450 0.000584  0.642646 -0.532016 -0.551331  0.890737 0.607272
no_material
0  -0.258206 0.250401 0.000043  -0.067175 -0.091029 -0.993580  0.658368 0.023797
0  -0.263393 0.254874 0.000584  -0.839612 0.006983 -0.543142  0.650496 0.024465
0  -0.261502 0.260695 0.000584  -0.642645 0.532020 -0.551328  0.647555 0.018066
no_material
0  0.255005 0.252511 0.000043  -0.009877 -0.047616 -0.998817  0.631031 0.041656
0  0.248513 0.261028 0.000043  -0.080039 0.116927 -0.989910  0.642815 0.043008
0  0.256216 0.264292 0.000584  0.277146 0.789005 -0.548327  0.639650 0.051821
no_material
0  -0.267917 0.259072 0.017393  -0.461129 -0.016483 0.887180  0.037438 0.014290
0  -0.257943 0.115776 0.017268  0.114022 0.000182 0.993478  0.199391 0.025554
0  -0.252695 0.243677 0.015784  0.058064 -0.026133 0.997971  0.054854 0.031748
no_material
0  -0.247991 -0.247060 0.000043  0.459028 0.748358 -0.478805  0.040647 0.609349
0  -0.243587 -0.254629 0.000584  0.846961 0.016069 -0.531413  0.050383 0.611321
0  -0.248847 -0.260783 0.000043  0.080037 -0.116928 -0.989910  0.050991 0.620550
no_material
0  0.247656 0.247305 0.000043  -0.459030 -0.748358 -0.478802  0.632469 0.031806
0  0.243252 0.254874 0.000584  -0.846967 -0.016068 -0.531402  0.642205 0.033778
0  0.248513 0.261028 0.000043  -0.080039 0.116927 -0.989910  0.642815 0.043008
no_material
0  0.259072 0.267917 0.017393  -0.016487 0.461126 0.887182  0.708189 0.608769
0  0.115776 0.257946 0.017269  0.000184 -0.113915 0.993491  0.719447 0.446818
0  0.243673 0.252691 0.015782  -0.026141 -0.058028 0.997973  0.725651 0.591350
no_material
0  0.000000 0.115776 0.017393  0.000000 0.000250 1.000000  0.663061 0.929544
0  -0.115776 0.231552 0.017393  0.000139 0.051767 0.998659  0.749818 0.185095
0  -0.231552 0.115776 0.017393  -0.051714 -0.000141 0.998662  0.199390 0.055923
no_material
0  -0.259311 0.262886 0.001947  -0.234907 0.632908 -0.737730  0.646103 0.014257
0  -0.253490 0.264777 0.001947  0.015948 0.450823 -0.892471  0.649869 0.007381
0  -0.254451 0.261042 0.000043  -0.019645 0.273554 -0.961656  0.653218 0.012412
no_material
0  0.259072 0.267917 0.017393  -0.016487 0.461126 0.887182  0.708189 0.608769
0  0.274095 0.274095 0.016313  0.502718 0.753987 0.422823  0.803498 0.624960
0  0.267956 0.275539 0.001851  0.664691 0.512282 -0.543832  0.065485 0.074494
end
