version 1
nodes
0 "Implicit" -1
end
skeleton
time 0
0  0.000000 0.000000 0.000000  0.000000 0.000000 0.000000
end
triangles
no_material
0  0.883332 13.731873 107.850388  0.000000 0.000000 1.000000  0.961914 0.069824
0  0.883332 13.731873 107.850388  0.992264 0.000000 -0.124146  0.961914 0.069824
0  1.100719 13.731873 108.015221  -0.224582 0.000000 0.974455  0.967773 0.092773
no_material
0  0.036690 23.957096 113.292465  0.000000 0.000001 1.000000  0.001999 0.096191
0  0.036690 -23.957073 113.292496  0.000000 0.000001 1.000000  0.301270 0.096191
0  1.897252 -23.957073 113.292496  0.000000 0.000001 1.000000  0.301270 0.107422
no_material
0  1.897252 23.957096 113.292465  0.000000 0.000001 1.000000  0.001999 0.107422
0  0.036690 23.957096 113.292465  0.000000 0.000001 1.000000  0.001999 0.096191
0  1.897252 -23.957073 113.292496  0.000000 0.000001 1.000000  0.301270 0.107422
no_material
0  6.799657 21.105545 127.999985  0.000000 -0.000001 1.000000  0.625488 0.198730
0  6.799650 26.029221 127.999992  0.000003 -0.000002 1.000000  0.587402 0.198730
0  6.326983 26.501381 127.999992  0.000001 -0.000001 1.000000  0.583496 0.194824
no_material
0  6.799657 21.105545 127.999985  0.000000 -0.000001 1.000000  0.625488 0.198730
0  6.326983 26.501381 127.999992  0.000001 -0.000001 1.000000  0.583496 0.194824
0  -0.010866 21.105545 127.999985  -0.000000 -0.000001 1.000000  0.625488 0.145508
no_material
0  6.799657 0.000025 127.999992  -0.000000 0.000000 1.000000  0.789551 0.198730
0  6.799657 21.105545 127.999985  0.000000 -0.000001 1.000000  0.625488 0.198730
0  -0.010866 21.105545 127.999985  -0.000000 -0.000001 1.000000  0.625488 0.145508
no_material
0  6.799657 0.000025 127.999992  -0.000000 0.000000 1.000000  0.789551 0.198730
0  -0.010866 21.105545 127.999985  -0.000000 -0.000001 1.000000  0.625488 0.145508
0  -0.010866 0.000024 127.999992  -0.000001 0.000000 1.000000  0.789551 0.145508
no_material
0  6.799657 -21.105499 128.000000  0.000000 0.000000 1.000000  0.953613 0.198730
0  6.799657 0.000025 127.999992  -0.000000 0.000000 1.000000  0.789551 0.198730
0  -0.010866 0.000024 127.999992  -0.000001 0.000000 1.000000  0.789551 0.145508
no_material
0  -0.010866 -21.105499 128.000000  0.000000 0.000000 1.000000  0.953613 0.145508
0  6.799657 -21.105499 128.000000  0.000000 0.000000 1.000000  0.953613 0.198730
0  -0.010866 0.000024 127.999992  -0.000001 0.000000 1.000000  0.789551 0.145508
no_material
0  -0.010866 -21.105499 128.000000  0.000000 0.000000 1.000000  0.953613 0.145508
0  6.326983 -26.501335 128.000000  0.000000 0.000000 1.000000  0.995605 0.194824
0  6.799657 -21.105499 128.000000  0.000000 0.000000 1.000000  0.953613 0.198730
no_material
0  -0.010866 -21.105499 128.000000  0.000000 0.000000 1.000000  0.953613 0.145508
0  -0.010873 -26.501335 128.000000  0.000000 0.000000 1.000000  0.995605 0.145508
0  6.326983 -26.501335 128.000000  0.000000 0.000000 1.000000  0.995605 0.194824
no_material
0  6.326983 -26.501335 128.000000  0.000000 0.000000 1.000000  0.995605 0.194824
0  6.799650 -26.029175 128.000000  0.000000 0.000000 1.000000  0.991699 0.198730
0  6.799657 -21.105499 128.000000  0.000000 0.000000 1.000000  0.953613 0.198730
no_material
0  6.326983 26.501381 127.999992  0.000001 -0.000001 1.000000  0.583496 0.194824
0  -0.010873 26.501381 127.999992  0.000000 -0.000001 1.000000  0.583496 0.145508
0  -0.010866 21.105545 127.999985  -0.000000 -0.000001 1.000000  0.625488 0.145508
no_material
0  0.036665 23.957138 113.292465  -0.000000 0.000000 -1.000000  0.001999 0.107422
0  1.897226 23.957134 113.292465  0.000000 0.000000 -1.000000  0.001999 0.096191
0  1.897253 18.958891 113.292465  0.000012 0.000003 -1.000000  0.033203 0.096191
no_material
0  1.897278 13.960651 113.292450  -0.000454 0.000000 -1.000000  0.064453 0.096191
0  0.036665 23.957138 113.292465  -0.000000 0.000000 -1.000000  0.001999 0.107422
0  1.897253 18.958891 113.292465  0.000012 0.000003 -1.000000  0.033203 0.096191
no_material
0  1.897278 13.688974 113.292450  -0.000030 -0.000000 -1.000000  0.066101 0.096191
0  0.036665 23.957138 113.292465  -0.000000 0.000000 -1.000000  0.001999 0.107422
0  1.897278 13.960651 113.292450  -0.000454 0.000000 -1.000000  0.064453 0.096191
no_material
0  0.036665 -23.957066 113.292465  -0.000001 -0.000000 -1.000000  0.301758 0.107422
0  0.036665 23.957138 113.292465  -0.000000 0.000000 -1.000000  0.001999 0.107422
0  1.897278 13.688974 113.292450  -0.000030 -0.000000 -1.000000  0.066101 0.096191
no_material
0  0.036665 -23.957066 113.292465  -0.000001 -0.000000 -1.000000  0.301758 0.107422
0  1.897278 13.688974 113.292450  -0.000030 -0.000000 -1.000000  0.066101 0.096191
0  1.897278 -13.774729 113.292465  -0.000009 -0.000001 -1.000000  0.237671 0.096191
no_material
0  1.897278 -14.046406 113.292465  0.000000 0.000000 -1.000000  0.239380 0.096191
0  0.036665 -23.957066 113.292465  -0.000001 -0.000000 -1.000000  0.301758 0.107422
0  1.897278 -13.774729 113.292465  -0.000009 -0.000001 -1.000000  0.237671 0.096191
no_material
0  1.897253 -19.044649 113.292465  0.000000 0.000000 -1.000000  0.270508 0.096191
0  0.036665 -23.957066 113.292465  -0.000001 -0.000000 -1.000000  0.301758 0.107422
0  1.897278 -14.046406 113.292465  0.000000 0.000000 -1.000000  0.239380 0.096191
no_material
0  0.036665 -23.957066 113.292465  -0.000001 -0.000000 -1.000000  0.301758 0.107422
0  1.897253 -19.044649 113.292465  0.000000 0.000000 -1.000000  0.270508 0.096191
0  1.897226 -23.957073 113.292465  0.000000 0.000000 -1.000000  0.301758 0.096191
no_material
0  3.156662 24.633224 0.000002  -0.000000 0.000017 -1.000000  0.729004 0.201172
0  3.582679 24.210115 -0.000005  -0.000000 0.000017 -1.000000  0.722656 0.201172
0  0.000000 24.633219 0.000002  -0.000000 0.000017 -1.000000  0.729004 0.143066
no_material
0  0.000000 24.633219 0.000002  -0.000001 0.000000 -1.000000  0.729004 0.143066
0  3.859621 19.078518 -0.000004  -0.000002 -0.000000 -1.000000  0.646973 0.201172
0  0.000000 0.000001 0.000000  -0.000001 0.000000 -1.000000  0.365479 0.143066
no_material
0  0.000000 24.633219 0.000002  -0.000001 0.000000 -1.000000  0.729004 0.143066
0  3.685583 19.329750 -0.000004  0.000037 0.000026 -1.000000  0.650879 0.201172
0  3.859621 19.078518 -0.000004  -0.000002 -0.000000 -1.000000  0.646973 0.201172
no_material
0  0.362365 18.704346 107.850395  0.000000 -0.000000 -1.000000  -0.102173 0.201172
0  0.362365 -18.704338 107.850410  0.000000 -0.000000 -1.000000  -0.496826 0.201172
0  -5.180520 -18.704338 107.850410  0.000000 -0.000000 -1.000000  -0.496094 0.143066
no_material
0  -5.180520 18.704346 107.850395  0.000000 -0.000000 -1.000000  -0.102966 0.143066
0  0.362365 18.704346 107.850395  0.000000 -0.000000 -1.000000  -0.102173 0.201172
0  -5.180520 -18.704338 107.850410  0.000000 -0.000000 -1.000000  -0.496094 0.143066
no_material
0  -8.189656 16.344210 105.490288  -0.000009 -0.000000 -1.000000  0.194458 0.111816
0  -6.689677 16.344212 105.490288  -0.000010 -0.000000 -1.000000  0.194458 0.138672
0  -6.689677 -16.344229 105.490303  0.000009 -0.000000 -1.000000  0.788574 0.138672
no_material
0  -8.189656 -16.344231 105.490303  0.000010 -0.000000 -1.000000  0.788574 0.111816
0  -8.189656 16.344210 105.490288  -0.000009 -0.000000 -1.000000  0.194458 0.111816
0  -6.689677 -16.344229 105.490303  0.000009 -0.000000 -1.000000  0.788574 0.138672
no_material
0  -0.010861 -26.501352 32.169685  0.000000 0.000003 1.000000  0.821777 0.461426
0  6.326995 -26.501352 32.169685  0.000001 0.000003 1.000000  0.821777 0.339355
0  -0.010855 -21.105516 32.169670  -0.000000 0.000001 1.000000  0.925781 0.461426
no_material
0  6.799668 -21.105516 32.169670  0.000000 0.000001 1.000000  0.925781 0.330566
0  -0.010855 -21.105516 32.169670  -0.000000 0.000001 1.000000  0.925781 0.461426
0  6.326995 -26.501352 32.169685  0.000001 0.000003 1.000000  0.821777 0.339355
no_material
0  6.799668 -21.105516 32.169670  0.000000 0.000001 1.000000  0.925781 0.330566
0  6.799674 0.000007 32.169674  -0.000000 0.000000 1.000000  1.331055 0.330566
0  -0.010855 -21.105516 32.169670  -0.000000 0.000001 1.000000  0.925781 0.461426
no_material
0  -0.010855 -21.105516 32.169670  -0.000000 0.000001 1.000000  0.925781 0.461426
0  6.799674 0.000007 32.169674  -0.000000 0.000000 1.000000  1.331055 0.330566
0  -0.010848 0.000006 32.169674  -0.000000 0.000000 1.000000  1.331055 0.461426
no_material
0  -0.010848 0.000006 32.169674  -0.000000 0.000000 1.000000  1.331055 0.461426
0  6.799674 0.000007 32.169674  -0.000000 0.000000 1.000000  1.331055 0.330566
0  -0.010855 21.105528 32.169662  0.000000 0.000000 1.000000  1.737305 0.461426
no_material
0  -0.010848 0.000006 32.169674  -0.000000 0.000000 1.000000  1.331055 0.461426
0  -0.010855 21.105528 32.169662  0.000000 0.000000 1.000000  1.737305 0.461426
0  -5.180513 21.105528 32.169662  0.000000 0.000001 1.000000  1.737305 0.560547
no_material
0  -0.010848 0.000006 32.169674  -0.000000 0.000000 1.000000  1.331055 0.461426
0  -5.180513 21.105528 32.169662  0.000000 0.000001 1.000000  1.737305 0.560547
0  -5.180507 0.000006 32.169674  0.000000 0.000000 1.000000  1.331055 0.560547
no_material
0  -0.010855 -21.105516 32.169670  -0.000000 0.000001 1.000000  0.925781 0.461426
0  -0.010848 0.000006 32.169674  -0.000000 0.000000 1.000000  1.331055 0.461426
0  -5.180507 0.000006 32.169674  0.000000 0.000000 1.000000  1.331055 0.560547
no_material
0  -5.180513 -21.105516 32.169670  0.000000 -0.000000 1.000000  0.925781 0.560547
0  -0.010855 -21.105516 32.169670  -0.000000 0.000001 1.000000  0.925781 0.461426
0  -5.180507 0.000006 32.169674  0.000000 0.000000 1.000000  1.331055 0.560547
no_material
0  6.799668 -21.105516 32.169670  0.000000 0.000001 1.000000  0.925781 0.330566
0  6.326995 -26.501352 32.169685  0.000001 0.000003 1.000000  0.821777 0.339355
0  6.799662 -26.029192 32.169685  0.000004 0.000003 1.000000  0.831055 0.330566
no_material
0  6.326995 26.501364 32.169666  -0.000000 -0.000001 1.000000  1.840820 0.339355
0  -0.010861 26.501364 32.169666  0.000000 -0.000001 1.000000  1.840820 0.461426
0  -0.010855 21.105528 32.169662  0.000000 0.000000 1.000000  1.737305 0.461426
no_material
0  6.799668 21.105528 32.169662  -0.000000 -0.000000 1.000000  1.737305 0.330566
0  6.326995 26.501364 32.169666  -0.000000 -0.000001 1.000000  1.840820 0.339355
0  -0.010855 21.105528 32.169662  0.000000 0.000000 1.000000  1.737305 0.461426
no_material
0  6.799674 0.000007 32.169674  -0.000000 0.000000 1.000000  1.331055 0.330566
0  6.799668 21.105528 32.169662  -0.000000 -0.000000 1.000000  1.737305 0.330566
0  -0.010855 21.105528 32.169662  0.000000 0.000000 1.000000  1.737305 0.461426
no_material
0  6.799668 21.105528 32.169662  -0.000000 -0.000000 1.000000  1.737305 0.330566
0  6.799662 26.029203 32.169666  -0.000001 -0.000001 1.000000  1.832031 0.330566
0  6.326995 26.501364 32.169666  -0.000000 -0.000001 1.000000  1.840820 0.339355
no_material
0  -0.010873 -26.369392 127.198372  0.000000 -0.739924 -0.672690  1.666992 0.124023
0  -0.010872 -25.678329 126.586166  -0.000000 -0.672671 -0.739942  1.666992 0.138672
0  5.526968 -25.678337 126.586166  0.046180 -0.646273 -0.761708  1.579102 0.138672
no_material
0  6.799657 21.105545 127.490433  0.986392 0.000001 -0.164409  0.856934 0.119141
0  6.672189 25.893328 127.198326  0.728464 0.070510 -0.681446  0.789551 0.124023
0  6.799650 26.028006 127.490433  0.981144 0.078473 -0.176628  0.789551 0.119141
no_material
0  6.672189 25.893328 127.198326  0.728464 0.070510 -0.681446  0.789551 0.124023
0  6.799657 21.105545 127.490433  0.986392 0.000001 -0.164409  0.856934 0.119141
0  6.672194 21.105545 127.198326  0.672661 -0.000010 -0.739951  0.856934 0.124023
no_material
0  6.004791 25.201956 126.586151  0.631688 0.070176 -0.772040  0.789551 0.138672
0  6.672189 25.893328 127.198326  0.728464 0.070510 -0.681446  0.789551 0.124023
0  6.672194 21.105545 127.198326  0.672661 -0.000010 -0.739951  0.856934 0.124023
no_material
0  6.004791 21.105545 126.586151  0.672665 -0.000000 -0.739947  0.856934 0.138672
0  6.004791 25.201956 126.586151  0.631688 0.070176 -0.772040  0.789551 0.138672
0  6.672194 21.105545 127.198326  0.672661 -0.000010 -0.739951  0.856934 0.124023
no_material
0  6.004791 0.000024 126.586151  0.672670 -0.000000 -0.739943  1.178711 0.138672
0  6.004791 21.105545 126.586151  0.672665 -0.000000 -0.739947  0.856934 0.138672
0  6.672194 21.105545 127.198326  0.672661 -0.000010 -0.739951  0.856934 0.124023
no_material
0  6.004791 0.000024 126.586151  0.672670 -0.000000 -0.739943  1.178711 0.138672
0  6.672194 21.105545 127.198326  0.672661 -0.000010 -0.739951  0.856934 0.124023
0  6.672194 0.000024 127.198334  0.672662 -0.000000 -0.739950  1.178711 0.124023
no_material
0  6.004791 -21.105499 126.586166  0.672729 0.000000 -0.739888  1.500977 0.138672
0  6.004791 0.000024 126.586151  0.672670 -0.000000 -0.739943  1.178711 0.138672
0  6.672194 0.000024 127.198334  0.672662 -0.000000 -0.739950  1.178711 0.124023
no_material
0  6.004791 -21.105499 126.586166  0.672729 0.000000 -0.739888  1.500977 0.138672
0  6.672194 0.000024 127.198334  0.672662 -0.000000 -0.739950  1.178711 0.124023
0  6.672194 -21.105499 127.198341  0.672669 -0.000000 -0.739944  1.500977 0.124023
no_material
0  6.672194 -21.105499 127.198341  0.672669 -0.000000 -0.739944  1.500977 0.124023
0  6.004791 -25.201910 126.586166  0.631685 -0.070177 -0.772042  1.568359 0.138672
0  6.004791 -21.105499 126.586166  0.672729 0.000000 -0.739888  1.500977 0.138672
no_material
0  6.672194 -21.105499 127.198341  0.672669 -0.000000 -0.739944  1.500977 0.124023
0  6.672189 -25.893282 127.198341  0.728459 -0.070510 -0.681451  1.568359 0.124023
0  6.004791 -25.201910 126.586166  0.631685 -0.070177 -0.772042  1.568359 0.138672
no_material
0  6.672189 -25.893282 127.198341  0.728459 -0.070510 -0.681451  1.568359 0.124023
0  5.526968 -25.678337 126.586166  0.046180 -0.646273 -0.761708  1.579102 0.138672
0  6.004791 -25.201910 126.586166  0.631685 -0.070177 -0.772042  1.568359 0.138672
no_material
0  6.195441 -26.369360 127.198341  0.046296 -0.717817 -0.694691  1.579102 0.124023
0  5.526968 -25.678337 126.586166  0.046180 -0.646273 -0.761708  1.579102 0.138672
0  6.672189 -25.893282 127.198341  0.728459 -0.070510 -0.681451  1.568359 0.124023
no_material
0  6.195441 -26.369360 127.198341  0.046296 -0.717817 -0.694691  1.579102 0.124023
0  -0.010873 -26.369392 127.198372  0.000000 -0.739924 -0.672690  1.666992 0.124023
0  5.526968 -25.678337 126.586166  0.046180 -0.646273 -0.761708  1.579102 0.138672
no_material
0  -0.010873 -26.501335 127.490463  0.000023 -0.986395 -0.164395  1.666992 0.119141
0  -0.010873 -26.369392 127.198372  0.000000 -0.739924 -0.672690  1.666992 0.124023
0  6.195441 -26.369360 127.198341  0.046296 -0.717817 -0.694691  1.579102 0.124023
no_material
0  6.325751 -26.501333 127.490448  0.077233 -0.984972 -0.154484  1.579102 0.119141
0  -0.010873 -26.501335 127.490463  0.000023 -0.986395 -0.164395  1.666992 0.119141
0  6.195441 -26.369360 127.198341  0.046296 -0.717817 -0.694691  1.579102 0.124023
no_material
0  6.326983 -26.501335 128.000000  0.067641 -0.997709 -0.000996  1.579102 0.111816
0  -0.010873 -26.501335 127.490463  0.000023 -0.986395 -0.164395  1.666992 0.119141
0  6.325751 -26.501333 127.490448  0.077233 -0.984972 -0.154484  1.579102 0.119141
no_material
0  6.799650 -26.027960 127.490448  0.981144 -0.078471 -0.176634  1.568359 0.119141
0  6.326983 -26.501335 128.000000  0.067641 -0.997709 -0.000996  1.579102 0.111816
0  6.325751 -26.501333 127.490448  0.077233 -0.984972 -0.154484  1.579102 0.119141
no_material
0  6.799650 -26.029175 128.000000  0.996302 -0.085918 -0.000037  1.568359 0.111816
0  6.326983 -26.501335 128.000000  0.067641 -0.997709 -0.000996  1.579102 0.111816
0  6.799650 -26.027960 127.490448  0.981144 -0.078471 -0.176634  1.568359 0.119141
no_material
0  6.672194 21.105545 127.198326  0.672661 -0.000010 -0.739951  0.856934 0.124023
0  6.799657 21.105545 127.490433  0.986392 0.000001 -0.164409  0.856934 0.119141
0  6.672194 0.000024 127.198334  0.672662 -0.000000 -0.739950  1.178711 0.124023
no_material
0  6.799657 21.105545 127.490433  0.986392 0.000001 -0.164409  0.856934 0.119141
0  6.799657 0.000024 127.490433  0.986392 -0.000004 -0.164411  1.178711 0.119141
0  6.672194 0.000024 127.198334  0.672662 -0.000000 -0.739950  1.178711 0.124023
no_material
0  6.672194 0.000024 127.198334  0.672662 -0.000000 -0.739950  1.178711 0.124023
0  6.799657 0.000024 127.490433  0.986392 -0.000004 -0.164411  1.178711 0.119141
0  6.672194 -21.105499 127.198341  0.672669 -0.000000 -0.739944  1.500977 0.124023
no_material
0  6.799657 0.000024 127.490433  0.986392 -0.000004 -0.164411  1.178711 0.119141
0  6.799657 -21.105499 127.490448  0.986392 -0.000005 -0.164409  1.500977 0.119141
0  6.672194 -21.105499 127.198341  0.672669 -0.000000 -0.739944  1.500977 0.124023
no_material
0  6.672194 -21.105499 127.198341  0.672669 -0.000000 -0.739944  1.500977 0.124023
0  6.799657 -21.105499 127.490448  0.986392 -0.000005 -0.164409  1.500977 0.119141
0  6.672189 -25.893282 127.198341  0.728459 -0.070510 -0.681451  1.568359 0.124023
no_material
0  6.799650 -26.027960 127.490448  0.981144 -0.078471 -0.176634  1.568359 0.119141
0  6.672189 -25.893282 127.198341  0.728459 -0.070510 -0.681451  1.568359 0.124023
0  6.799657 -21.105499 127.490448  0.986392 -0.000005 -0.164409  1.500977 0.119141
no_material
0  6.195441 -26.369360 127.198341  0.046296 -0.717817 -0.694691  1.579102 0.124023
0  6.672189 -25.893282 127.198341  0.728459 -0.070510 -0.681451  1.568359 0.124023
0  6.799650 -26.027960 127.490448  0.981144 -0.078471 -0.176634  1.568359 0.119141
no_material
0  6.325751 -26.501333 127.490448  0.077233 -0.984972 -0.154484  1.579102 0.119141
0  6.195441 -26.369360 127.198341  0.046296 -0.717817 -0.694691  1.579102 0.124023
0  6.799650 -26.027960 127.490448  0.981144 -0.078471 -0.176634  1.568359 0.119141
no_material
0  6.326983 -26.501335 128.000000  0.067641 -0.997709 -0.000996  1.579102 0.111816
0  -0.010873 -26.501335 128.000000  0.000000 -1.000000 0.000000  1.666992 0.111816
0  -0.010873 -26.501335 127.490463  0.000023 -0.986395 -0.164395  1.666992 0.119141
no_material
0  6.799650 -26.029175 128.000000  0.996302 -0.085918 -0.000037  1.568359 0.111816
0  6.799650 -26.027960 127.490448  0.981144 -0.078471 -0.176634  1.568359 0.119141
0  6.799657 -21.105499 127.490448  0.986392 -0.000005 -0.164409  1.500977 0.119141
no_material
0  6.799657 -21.105499 128.000000  1.000000 -0.000001 0.000000  1.500977 0.111816
0  6.799650 -26.029175 128.000000  0.996302 -0.085918 -0.000037  1.568359 0.111816
0  6.799657 -21.105499 127.490448  0.986392 -0.000005 -0.164409  1.500977 0.119141
no_material
0  6.799657 0.000025 127.999992  1.000000 0.000000 0.000000  1.178711 0.111816
0  6.799657 -21.105499 128.000000  1.000000 -0.000001 0.000000  1.500977 0.111816
0  6.799657 -21.105499 127.490448  0.986392 -0.000005 -0.164409  1.500977 0.119141
no_material
0  6.799657 0.000025 127.999992  1.000000 0.000000 0.000000  1.178711 0.111816
0  6.799657 -21.105499 127.490448  0.986392 -0.000005 -0.164409  1.500977 0.119141
0  6.799657 0.000024 127.490433  0.986392 -0.000004 -0.164411  1.178711 0.119141
no_material
0  6.799657 21.105545 127.999985  1.000000 0.000001 0.000000  0.856934 0.111816
0  6.799657 0.000025 127.999992  1.000000 0.000000 0.000000  1.178711 0.111816
0  6.799657 0.000024 127.490433  0.986392 -0.000004 -0.164411  1.178711 0.119141
no_material
0  6.799657 21.105545 127.490433  0.986392 0.000001 -0.164409  0.856934 0.119141
0  6.799657 21.105545 127.999985  1.000000 0.000001 0.000000  0.856934 0.111816
0  6.799657 0.000024 127.490433  0.986392 -0.000004 -0.164411  1.178711 0.119141
no_material
0  6.799657 21.105545 127.490433  0.986392 0.000001 -0.164409  0.856934 0.119141
0  6.799650 26.029221 127.999992  0.996302 0.085913 -0.000983  0.789551 0.111816
0  6.799657 21.105545 127.999985  1.000000 0.000001 0.000000  0.856934 0.111816
no_material
0  6.799657 21.105545 127.490433  0.986392 0.000001 -0.164409  0.856934 0.119141
0  6.799650 26.028006 127.490433  0.981144 0.078473 -0.176628  0.789551 0.119141
0  6.799650 26.029221 127.999992  0.996302 0.085913 -0.000983  0.789551 0.111816
no_material
0  6.799650 26.028006 127.490433  0.981144 0.078473 -0.176628  0.789551 0.119141
0  6.326983 26.501381 127.999992  0.067642 0.997710 0.000009  0.779297 0.111816
0  6.799650 26.029221 127.999992  0.996302 0.085913 -0.000983  0.789551 0.111816
no_material
0  6.799650 26.028006 127.490433  0.981144 0.078473 -0.176628  0.789551 0.119141
0  6.325751 26.501379 127.490433  0.077229 0.984968 -0.154508  0.779297 0.119141
0  6.326983 26.501381 127.999992  0.067642 0.997710 0.000009  0.779297 0.111816
no_material
0  6.325751 26.501379 127.490433  0.077229 0.984968 -0.154508  0.779297 0.119141
0  -0.010873 26.501381 127.490448  0.000001 0.986395 -0.164395  0.690918 0.119141
0  6.326983 26.501381 127.999992  0.067642 0.997710 0.000009  0.779297 0.111816
no_material
0  6.325751 26.501379 127.490433  0.077229 0.984968 -0.154508  0.779297 0.119141
0  6.195441 26.369406 127.198326  0.046301 0.717826 -0.694681  0.779297 0.124023
0  -0.010873 26.501381 127.490448  0.000001 0.986395 -0.164395  0.690918 0.119141
no_material
0  6.195441 26.369406 127.198326  0.046301 0.717826 -0.694681  0.779297 0.124023
0  -0.010873 26.369438 127.198357  -0.000077 0.739925 -0.672689  0.690918 0.124023
0  -0.010873 26.501381 127.490448  0.000001 0.986395 -0.164395  0.690918 0.119141
no_material
0  6.195441 26.369406 127.198326  0.046301 0.717826 -0.694681  0.779297 0.124023
0  5.526968 25.678383 126.586151  0.046181 0.646273 -0.761708  0.779297 0.138672
0  -0.010873 26.369438 127.198357  -0.000077 0.739925 -0.672689  0.690918 0.124023
no_material
0  5.526968 25.678383 126.586151  0.046181 0.646273 -0.761708  0.779297 0.138672
0  -0.010872 25.678375 126.586151  -0.000000 0.672672 -0.739940  0.690918 0.138672
0  -0.010873 26.369438 127.198357  -0.000077 0.739925 -0.672689  0.690918 0.124023
no_material
0  6.799650 26.028006 127.490433  0.981144 0.078473 -0.176628  0.789551 0.119141
0  6.195441 26.369406 127.198326  0.046301 0.717826 -0.694681  0.779297 0.124023
0  6.325751 26.501379 127.490433  0.077229 0.984968 -0.154508  0.779297 0.119141
no_material
0  6.672189 25.893328 127.198326  0.728464 0.070510 -0.681446  0.789551 0.124023
0  6.195441 26.369406 127.198326  0.046301 0.717826 -0.694681  0.779297 0.124023
0  6.799650 26.028006 127.490433  0.981144 0.078473 -0.176628  0.789551 0.119141
no_material
0  6.672189 25.893328 127.198326  0.728464 0.070510 -0.681446  0.789551 0.124023
0  5.526968 25.678383 126.586151  0.046181 0.646273 -0.761708  0.779297 0.138672
0  6.195441 26.369406 127.198326  0.046301 0.717826 -0.694681  0.779297 0.124023
no_material
0  6.004791 25.201956 126.586151  0.631688 0.070176 -0.772040  0.789551 0.138672
0  5.526968 25.678383 126.586151  0.046181 0.646273 -0.761708  0.779297 0.138672
0  6.672189 25.893328 127.198326  0.728464 0.070510 -0.681446  0.789551 0.124023
no_material
0  -0.010873 26.501381 127.490448  0.000001 0.986395 -0.164395  0.690918 0.119141
0  -0.010873 26.501381 127.999992  0.000000 1.000000 0.000000  0.690918 0.111816
0  6.326983 26.501381 127.999992  0.067642 0.997710 0.000009  0.779297 0.111816
no_material
0  -8.189663 2.402242 34.571980  0.000000 0.000000 1.000000  -0.304443 0.111816
0  -6.689663 2.402242 34.571980  0.000000 0.000000 1.000000  -0.304443 0.138672
0  -6.689658 16.296906 34.571976  0.000000 0.000000 1.000000  -0.556641 0.138672
no_material
0  -8.189657 16.296904 34.571976  0.000000 0.000000 1.000000  -0.556641 0.111816
0  -8.189663 2.402242 34.571980  0.000000 0.000000 1.000000  -0.304443 0.111816
0  -6.689658 16.296906 34.571976  0.000000 0.000000 1.000000  -0.556641 0.138672
no_material
0  -8.189662 -16.296959 34.571960  0.000000 -0.000000 1.000000  0.150391 0.111816
0  -6.689663 -16.296957 34.571960  0.000000 -0.000000 1.000000  0.150391 0.138672
0  -6.689657 -2.402262 34.571964  0.000000 -0.000000 1.000000  -0.102051 0.138672
no_material
0  -8.189656 -2.402262 34.571964  0.000000 -0.000000 1.000000  -0.102051 0.111816
0  -8.189662 -16.296959 34.571960  0.000000 -0.000000 1.000000  0.150391 0.111816
0  -6.689657 -2.402262 34.571964  0.000000 -0.000000 1.000000  -0.102051 0.138672
no_material
0  3.458711 -17.010424 6.719084  0.851648 -0.000002 -0.524114  0.349121 0.349121
0  3.326233 -17.373524 6.355986  1.000000 -0.000009 -0.000009  0.345459 0.345703
0  3.326233 0.000005 6.355982  1.000000 0.000031 0.000008  0.512207 0.345703
no_material
0  3.458711 0.000005 6.719087  0.851669 0.000001 -0.524080  0.512207 0.349121
0  3.458711 -17.010424 6.719084  0.851648 -0.000002 -0.524114  0.349121 0.349121
0  3.326233 0.000005 6.355982  1.000000 0.000031 0.000008  0.512207 0.345703
no_material
0  3.826948 -16.572948 7.156554  0.851671 -0.000000 -0.524077  0.353271 0.353516
0  3.458711 -17.010424 6.719084  0.851648 -0.000002 -0.524114  0.349121 0.349121
0  3.458711 0.000005 6.719087  0.851669 0.000001 -0.524080  0.512207 0.349121
no_material
0  3.826948 0.000005 7.156557  0.851670 0.000001 -0.524079  0.512207 0.353516
0  3.826948 -16.572948 7.156554  0.851671 -0.000000 -0.524077  0.353271 0.353516
0  3.458711 0.000005 6.719087  0.851669 0.000001 -0.524080  0.512207 0.349121
no_material
0  3.959426 -16.209850 7.519660  1.000000 0.000106 -0.000064  0.356689 0.357422
0  3.826948 -16.572948 7.156554  0.851671 -0.000000 -0.524077  0.353271 0.353516
0  3.826948 0.000005 7.156557  0.851670 0.000001 -0.524079  0.512207 0.353516
no_material
0  3.959426 0.000005 7.519655  1.000000 -0.000025 0.000027  0.512207 0.357422
0  3.959426 -16.209850 7.519660  1.000000 0.000106 -0.000064  0.356689 0.357422
0  3.826948 0.000005 7.156557  0.851670 0.000001 -0.524079  0.512207 0.353516
no_material
0  3.458711 0.000005 6.719087  0.851669 0.000001 -0.524080  0.512207 0.349121
0  3.326233 0.000005 6.355982  1.000000 0.000031 0.000008  0.512207 0.345703
0  3.458711 17.010431 6.719083  0.851648 0.000002 -0.524114  0.674805 0.349121
no_material
0  3.458711 0.000005 6.719087  0.851669 0.000001 -0.524080  0.512207 0.349121
0  3.458711 17.010431 6.719083  0.851648 0.000002 -0.524114  0.674805 0.349121
0  3.826948 16.572958 7.156553  0.851645 -0.000000 -0.524120  0.670898 0.353516
no_material
0  3.826948 0.000005 7.156557  0.851670 0.000001 -0.524079  0.512207 0.353516
0  3.458711 0.000005 6.719087  0.851669 0.000001 -0.524080  0.512207 0.349121
0  3.826948 16.572958 7.156553  0.851645 -0.000000 -0.524120  0.670898 0.353516
no_material
0  3.959426 16.209858 7.519659  1.000000 -0.000107 -0.000064  0.667480 0.357422
0  3.826948 0.000005 7.156557  0.851670 0.000001 -0.524079  0.512207 0.353516
0  3.826948 16.572958 7.156553  0.851645 -0.000000 -0.524120  0.670898 0.353516
no_material
0  3.959426 16.209858 7.519659  1.000000 -0.000107 -0.000064  0.667480 0.357422
0  3.959426 0.000005 7.519655  1.000000 -0.000025 0.000027  0.512207 0.357422
0  3.826948 0.000005 7.156557  0.851670 0.000001 -0.524079  0.512207 0.353516
no_material
0  3.959424 0.000008 25.716160  1.000000 0.000000 -0.000006  0.512207 0.536865
0  3.959426 0.000005 7.519655  1.000000 -0.000025 0.000027  0.512207 0.357422
0  3.959426 16.209858 7.519659  1.000000 -0.000107 -0.000064  0.667480 0.357422
no_material
0  3.959426 -16.209850 7.519660  1.000000 0.000106 -0.000064  0.356689 0.357422
0  3.959426 0.000005 7.519655  1.000000 -0.000025 0.000027  0.512207 0.357422
0  3.959424 0.000008 25.716160  1.000000 0.000000 -0.000006  0.512207 0.536865
no_material
0  3.959426 -16.209850 7.519660  1.000000 0.000106 -0.000064  0.356689 0.357422
0  3.959424 0.000008 25.716160  1.000000 0.000000 -0.000006  0.512207 0.536865
0  3.959424 -16.209846 25.716166  1.000000 -0.000106 -0.000119  0.356689 0.536865
no_material
0  3.959426 -16.209850 7.519660  1.000000 0.000106 -0.000064  0.356689 0.357422
0  3.959424 -16.209846 25.716166  1.000000 -0.000106 -0.000119  0.356689 0.536865
0  3.826946 -16.572947 26.079264  0.851656 -0.524102 0.000000  0.353271 0.540283
no_material
0  3.826948 -16.572948 7.156554  0.851669 -0.524079 0.000001  0.353271 0.353516
0  3.959426 -16.209850 7.519660  1.000000 0.000106 -0.000064  0.356689 0.357422
0  3.826946 -16.572947 26.079264  0.851656 -0.524102 0.000000  0.353271 0.540283
no_material
0  3.826948 -16.572948 7.156554  0.851669 -0.524079 0.000001  0.353271 0.353516
0  3.826946 -16.572947 26.079264  0.851656 -0.524102 0.000000  0.353271 0.540283
0  3.458709 -17.010422 26.516737  0.851670 -0.524079 0.000003  0.349121 0.544678
no_material
0  3.458711 -17.010424 6.719084  0.851671 -0.524077 -0.000001  0.349121 0.349121
0  3.826948 -16.572948 7.156554  0.851669 -0.524079 0.000001  0.353271 0.353516
0  3.458709 -17.010422 26.516737  0.851670 -0.524079 0.000003  0.349121 0.544678
no_material
0  3.458711 -17.010424 6.719084  0.851671 -0.524077 -0.000001  0.349121 0.349121
0  3.458709 -17.010422 26.516737  0.851670 -0.524079 0.000003  0.349121 0.544678
0  3.326230 -17.373520 26.879843  1.000000 0.000015 -0.000015  0.345459 0.548340
no_material
0  3.326233 -17.373524 6.355986  1.000000 -0.000009 -0.000009  0.345459 0.345703
0  3.458711 -17.010424 6.719084  0.851671 -0.524077 -0.000001  0.349121 0.349121
0  3.326230 -17.373520 26.879843  1.000000 0.000015 -0.000015  0.345459 0.548340
no_material
0  3.959426 16.209858 7.519659  1.000000 -0.000107 -0.000064  0.667480 0.357422
0  3.826948 16.572958 7.156553  0.851668 0.524081 0.000000  0.670898 0.353516
0  3.826946 16.572960 26.079262  0.851655 0.524102 -0.000000  0.670898 0.540283
no_material
0  3.959426 16.209858 7.519659  1.000000 -0.000107 -0.000064  0.667480 0.357422
0  3.826946 16.572960 26.079262  0.851655 0.524102 -0.000000  0.670898 0.540283
0  3.959424 16.209860 25.716156  1.000000 0.000007 -0.000022  0.667480 0.536865
no_material
0  3.959424 0.000008 25.716160  1.000000 0.000000 -0.000006  0.512207 0.536865
0  3.959426 16.209858 7.519659  1.000000 -0.000107 -0.000064  0.667480 0.357422
0  3.959424 16.209860 25.716156  1.000000 0.000007 -0.000022  0.667480 0.536865
no_material
0  3.959424 0.000008 25.716160  1.000000 0.000000 -0.000006  0.512207 0.536865
0  3.959424 16.209860 25.716156  1.000000 0.000007 -0.000022  0.667480 0.536865
0  3.826946 0.000008 26.079266  0.851671 -0.000003 0.524076  0.512207 0.540283
no_material
0  3.959424 0.000008 25.716160  1.000000 0.000000 -0.000006  0.512207 0.536865
0  3.826946 0.000008 26.079266  0.851671 -0.000003 0.524076  0.512207 0.540283
0  3.959424 -16.209846 25.716166  1.000000 -0.000106 -0.000119  0.356689 0.536865
no_material
0  3.826946 0.000008 26.079266  0.851671 -0.000003 0.524076  0.512207 0.540283
0  3.826946 -16.572947 26.079264  0.851646 0.000000 0.524118  0.353271 0.540283
0  3.959424 -16.209846 25.716166  1.000000 -0.000106 -0.000119  0.356689 0.536865
no_material
0  3.826946 -16.572947 26.079264  0.851646 0.000000 0.524118  0.353271 0.540283
0  3.826946 0.000008 26.079266  0.851671 -0.000003 0.524076  0.512207 0.540283
0  3.458709 0.000008 26.516737  0.851667 0.000001 0.524083  0.512207 0.544678
no_material
0  3.458709 -17.010422 26.516737  0.851651 -0.000001 0.524110  0.349121 0.544678
0  3.826946 -16.572947 26.079264  0.851646 0.000000 0.524118  0.353271 0.540283
0  3.458709 0.000008 26.516737  0.851667 0.000001 0.524083  0.512207 0.544678
no_material
0  3.458709 -17.010422 26.516737  0.851651 -0.000001 0.524110  0.349121 0.544678
0  3.458709 0.000008 26.516737  0.851667 0.000001 0.524083  0.512207 0.544678
0  3.326230 0.000008 26.879841  1.000000 -0.000003 -0.000005  0.512207 0.548340
no_material
0  3.326230 -17.373520 26.879843  1.000000 0.000015 -0.000015  0.345459 0.548340
0  3.458709 -17.010422 26.516737  0.851651 -0.000001 0.524110  0.349121 0.544678
0  3.326230 0.000008 26.879841  1.000000 -0.000003 -0.000005  0.512207 0.548340
no_material
0  3.326230 -17.373520 26.879843  1.000000 0.000015 -0.000015  0.345459 0.548340
0  3.326230 0.000008 26.879841  1.000000 -0.000003 -0.000005  0.512207 0.548340
0  3.326230 0.000009 28.130217  1.000000 0.000000 0.000000  0.512207 0.560547
no_material
0  3.326230 -18.754963 28.130213  1.000000 0.000027 0.000000  0.332275 0.560547
0  3.326230 -17.373520 26.879843  1.000000 0.000015 -0.000015  0.345459 0.548340
0  3.326230 0.000009 28.130217  1.000000 0.000000 0.000000  0.512207 0.560547
no_material
0  3.326233 -17.373524 6.355986  1.000000 -0.000009 -0.000009  0.345459 0.345703
0  3.326230 -17.373520 26.879843  1.000000 0.000015 -0.000015  0.345459 0.548340
0  3.326230 -18.754963 28.130213  1.000000 0.000027 0.000000  0.332275 0.560547
no_material
0  3.326233 -18.754982 4.799536  1.000000 0.000023 -0.000001  0.332275 0.330566
0  3.326233 -17.373524 6.355986  1.000000 -0.000009 -0.000009  0.345459 0.345703
0  3.326230 -18.754963 28.130213  1.000000 0.000027 0.000000  0.332275 0.560547
no_material
0  3.326233 -17.373524 6.355986  1.000000 -0.000009 -0.000009  0.345459 0.345703
0  3.326233 -18.754982 4.799536  1.000000 0.000023 -0.000001  0.332275 0.330566
0  3.326233 0.000004 4.799531  1.000000 -0.000000 0.000000  0.512207 0.330566
no_material
0  3.326233 0.000005 6.355982  1.000000 0.000031 0.000008  0.512207 0.345703
0  3.326233 -17.373524 6.355986  1.000000 -0.000009 -0.000009  0.345459 0.345703
0  3.326233 0.000004 4.799531  1.000000 -0.000000 0.000000  0.512207 0.330566
no_material
0  3.326233 0.000005 6.355982  1.000000 0.000031 0.000008  0.512207 0.345703
0  3.326233 0.000004 4.799531  1.000000 -0.000000 0.000000  0.512207 0.330566
0  3.326233 17.373531 6.355985  1.000000 0.000009 -0.000010  0.678711 0.345703
no_material
0  3.326233 0.000005 6.355982  1.000000 0.000031 0.000008  0.512207 0.345703
0  3.326233 17.373531 6.355985  1.000000 0.000009 -0.000010  0.678711 0.345703
0  3.458711 17.010431 6.719083  0.851648 0.000002 -0.524114  0.674805 0.349121
no_material
0  3.326233 0.000004 4.799531  1.000000 -0.000000 0.000000  0.512207 0.330566
0  3.326233 18.754986 4.799527  1.000000 -0.000025 0.000058  0.691895 0.330566
0  3.326233 17.373531 6.355985  1.000000 0.000009 -0.000010  0.678711 0.345703
no_material
0  3.326230 17.373533 26.879835  1.000000 0.000018 0.000018  0.678711 0.548340
0  3.326230 18.754980 28.130209  1.000000 -0.000026 0.000000  0.691895 0.560547
0  3.326230 0.000009 28.130217  1.000000 0.000000 0.000000  0.512207 0.560547
no_material
0  3.326230 0.000008 26.879841  1.000000 -0.000003 -0.000005  0.512207 0.548340
0  3.326230 17.373533 26.879835  1.000000 0.000018 0.000018  0.678711 0.548340
0  3.326230 0.000009 28.130217  1.000000 0.000000 0.000000  0.512207 0.560547
no_material
0  3.326230 0.000008 26.879841  1.000000 -0.000003 -0.000005  0.512207 0.548340
0  3.458709 17.010435 26.516729  0.851649 0.000001 0.524113  0.674805 0.544678
0  3.326230 17.373533 26.879835  1.000000 0.000018 0.000018  0.678711 0.548340
no_material
0  3.458709 0.000008 26.516737  0.851667 0.000001 0.524083  0.512207 0.544678
0  3.458709 17.010435 26.516729  0.851649 0.000001 0.524113  0.674805 0.544678
0  3.326230 0.000008 26.879841  1.000000 -0.000003 -0.000005  0.512207 0.548340
no_material
0  3.458709 0.000008 26.516737  0.851667 0.000001 0.524083  0.512207 0.544678
0  3.826946 16.572960 26.079262  0.851669 0.000000 0.524080  0.670898 0.540283
0  3.458709 17.010435 26.516729  0.851649 0.000001 0.524113  0.674805 0.544678
no_material
0  3.826946 0.000008 26.079266  0.851671 -0.000003 0.524076  0.512207 0.540283
0  3.826946 16.572960 26.079262  0.851669 0.000000 0.524080  0.670898 0.540283
0  3.458709 0.000008 26.516737  0.851667 0.000001 0.524083  0.512207 0.544678
no_material
0  3.959424 16.209860 25.716156  1.000000 0.000007 -0.000022  0.667480 0.536865
0  3.826946 16.572960 26.079262  0.851669 0.000000 0.524080  0.670898 0.540283
0  3.826946 0.000008 26.079266  0.851671 -0.000003 0.524076  0.512207 0.540283
no_material
0  -0.000001 24.034304 4.799542  -0.000005 1.000000 -0.000000  0.770020 0.330566
0  -0.000004 24.034309 28.130215  -0.000005 1.000000 -0.000000  0.770020 0.560547
0  2.520365 24.034321 28.130209  0.000016 1.000000 -0.000011  0.745117 0.560547
no_material
0  2.519328 24.034315 4.799534  0.000007 1.000000 -0.000017  0.745605 0.330566
0  -0.000001 24.034304 4.799542  -0.000005 1.000000 -0.000000  0.770020 0.330566
0  2.520365 24.034321 28.130209  0.000016 1.000000 -0.000011  0.745117 0.560547
no_material
0  2.946386 23.610273 4.799526  1.000000 -0.000016 -0.000018  0.739258 0.330566
0  2.519328 24.034315 4.799534  0.000007 1.000000 -0.000017  0.745605 0.330566
0  2.520365 24.034321 28.130209  0.000016 1.000000 -0.000011  0.745117 0.560547
no_material
0  2.946386 23.610273 4.799526  1.000000 -0.000016 -0.000018  0.739258 0.330566
0  2.520365 24.034321 28.130209  0.000016 1.000000 -0.000011  0.745117 0.560547
0  2.946383 23.611210 28.130207  1.000000 -0.000006 -0.000016  0.739258 0.560547
no_material
0  2.946386 23.610273 4.799526  1.000000 -0.000016 -0.000018  0.739258 0.330566
0  2.946383 23.611210 28.130207  1.000000 -0.000006 -0.000016  0.739258 0.560547
0  2.946383 19.653305 28.130209  1.000000 -0.000033 0.000001  0.700195 0.560547
no_material
0  2.946386 19.653299 4.799527  1.000000 -0.000012 0.000000  0.700195 0.330566
0  2.946386 23.610273 4.799526  1.000000 -0.000016 -0.000018  0.739258 0.330566
0  2.946383 19.653305 28.130209  1.000000 -0.000033 0.000001  0.700195 0.560547
no_material
0  3.049423 19.329563 4.799527  0.906719 0.421734 -0.000021  0.697266 0.330566
0  2.946386 19.653299 4.799527  1.000000 -0.000012 0.000000  0.700195 0.330566
0  2.946383 19.653305 28.130209  1.000000 -0.000033 0.000001  0.700195 0.560547
no_material
0  3.049423 19.329563 4.799527  0.906719 0.421734 -0.000021  0.697266 0.330566
0  2.946383 19.653305 28.130209  1.000000 -0.000033 0.000001  0.700195 0.560547
0  3.049288 19.329760 28.130209  0.906728 0.421716 0.000002  0.697266 0.560547
no_material
0  3.223196 19.078724 4.799527  0.906723 0.421726 0.000017  0.694824 0.330566
0  3.049423 19.329563 4.799527  0.906719 0.421734 -0.000021  0.697266 0.330566
0  3.049288 19.329760 28.130209  0.906728 0.421716 0.000002  0.697266 0.560547
no_material
0  3.223196 19.078724 4.799527  0.906723 0.421726 0.000017  0.694824 0.330566
0  3.049288 19.329760 28.130209  0.906728 0.421716 0.000002  0.697266 0.560547
0  3.223326 19.078526 28.130209  0.906728 0.421715 0.000000  0.694824 0.560547
no_material
0  3.326233 18.754986 4.799527  1.000000 -0.000025 0.000058  0.691895 0.330566
0  3.223196 19.078724 4.799527  0.906723 0.421726 0.000017  0.694824 0.330566
0  3.223326 19.078526 28.130209  0.906728 0.421715 0.000000  0.694824 0.560547
no_material
0  3.326233 18.754986 4.799527  1.000000 -0.000025 0.000058  0.691895 0.330566
0  3.223326 19.078526 28.130209  0.906728 0.421715 0.000000  0.694824 0.560547
0  3.326230 18.754980 28.130209  1.000000 -0.000026 0.000000  0.691895 0.560547
no_material
0  3.326233 17.373531 6.355985  1.000000 0.000009 -0.000010  0.678711 0.345703
0  3.326233 18.754986 4.799527  1.000000 -0.000025 0.000058  0.691895 0.330566
0  3.326230 18.754980 28.130209  1.000000 -0.000026 0.000000  0.691895 0.560547
no_material
0  3.326233 17.373531 6.355985  1.000000 0.000009 -0.000010  0.678711 0.345703
0  3.326230 18.754980 28.130209  1.000000 -0.000026 0.000000  0.691895 0.560547
0  3.326230 17.373533 26.879835  1.000000 0.000018 0.000018  0.678711 0.548340
no_material
0  3.458711 17.010431 6.719083  0.851671 0.524078 -0.000001  0.674805 0.349121
0  3.326233 17.373531 6.355985  1.000000 0.000009 -0.000010  0.678711 0.345703
0  3.326230 17.373533 26.879835  1.000000 0.000018 0.000018  0.678711 0.548340
no_material
0  3.458711 17.010431 6.719083  0.851671 0.524078 -0.000001  0.674805 0.349121
0  3.326230 17.373533 26.879835  1.000000 0.000018 0.000018  0.678711 0.548340
0  3.458709 17.010435 26.516729  0.851670 0.524078 0.000003  0.674805 0.544678
no_material
0  3.826948 16.572958 7.156553  0.851668 0.524081 0.000000  0.670898 0.353516
0  3.458711 17.010431 6.719083  0.851671 0.524078 -0.000001  0.674805 0.349121
0  3.458709 17.010435 26.516729  0.851670 0.524078 0.000003  0.674805 0.544678
no_material
0  3.826948 16.572958 7.156553  0.851668 0.524081 0.000000  0.670898 0.353516
0  3.458709 17.010435 26.516729  0.851670 0.524078 0.000003  0.674805 0.544678
0  3.826946 16.572960 26.079262  0.851655 0.524102 -0.000000  0.670898 0.540283
no_material
0  -5.180519 -18.699213 88.328598  0.000000 0.000000 1.000000  0.848145 0.107422
0  -4.617092 -18.699213 88.328598  0.000000 0.000000 1.000000  0.848145 0.096191
0  -4.617092 18.699207 88.328590  0.000000 0.000000 1.000000  1.619141 0.096191
no_material
0  -5.180519 18.699207 88.328590  0.000000 0.000000 1.000000  1.619141 0.107422
0  -5.180519 -18.699213 88.328598  0.000000 0.000000 1.000000  0.848145 0.107422
0  -4.617092 18.699207 88.328590  0.000000 0.000000 1.000000  1.619141 0.096191
no_material
0  -6.689675 16.344208 90.552238  -0.000009 0.000000 1.000000  0.802246 0.138672
0  -8.189654 16.344206 90.552238  -0.000010 0.000000 1.000000  0.802246 0.111816
0  -8.189654 -16.344234 90.552254  0.000009 0.000000 1.000000  0.208252 0.111816
no_material
0  -6.689675 -16.344233 90.552254  0.000010 0.000000 1.000000  0.208252 0.138672
0  -6.689675 16.344208 90.552238  -0.000009 0.000000 1.000000  0.802246 0.138672
0  -8.189654 -16.344234 90.552254  0.000009 0.000000 1.000000  0.208252 0.111816
no_material
0  1.897225 23.957136 123.324966  0.000000 1.000000 0.000000  0.688477 0.061523
0  1.897226 23.957134 113.292465  0.000002 1.000000 0.000000  0.998535 0.061523
0  0.036665 23.957138 113.292465  0.000002 1.000000 0.000000  0.998535 0.001465
no_material
0  0.036664 23.957136 123.324966  0.000000 1.000000 0.000000  0.688477 0.001465
0  1.897225 23.957136 123.324966  0.000000 1.000000 0.000000  0.688477 0.061523
0  0.036665 23.957138 113.292465  0.000002 1.000000 0.000000  0.998535 0.001465
no_material
0  1.897225 -23.957071 123.324966  -0.000000 -1.000000 -0.000000  0.688477 0.061523
0  0.036664 -23.957071 123.324966  0.000000 -1.000000 -0.000000  0.688477 0.001465
0  0.036665 -23.957066 113.292465  -0.000004 -1.000000 -0.000000  0.998535 0.001465
no_material
0  1.897226 -23.957073 113.292465  -0.000004 -1.000000 0.000000  0.998535 0.061523
0  1.897225 -23.957071 123.324966  -0.000000 -1.000000 -0.000000  0.688477 0.061523
0  0.036665 -23.957066 113.292465  -0.000004 -1.000000 -0.000000  0.998535 0.001465
no_material
0  0.036690 -23.957073 113.292496  0.000000 -1.000000 0.000001  1.414062 0.111816
0  0.036701 -23.957115 32.000038  0.000000 -1.000000 0.000001  0.223755 0.111816
0  1.897263 -23.957115 32.000038  0.000000 -1.000000 0.000001  0.223755 0.138672
no_material
0  1.897252 -23.957073 113.292496  0.000000 -1.000000 0.000001  1.414062 0.138672
0  0.036690 -23.957073 113.292496  0.000000 -1.000000 0.000001  1.414062 0.111816
0  1.897263 -23.957115 32.000038  0.000000 -1.000000 0.000001  0.223755 0.138672
no_material
0  1.897263 23.957100 32.000031  0.000000 1.000000 0.000000  -0.053711 0.138672
0  0.036701 23.957100 32.000031  0.000000 1.000000 0.000000  -0.053711 0.111816
0  0.036690 23.957096 113.292465  0.000000 1.000000 0.000000  1.135742 0.111816
no_material
0  1.897252 23.957096 113.292465  0.000000 1.000000 0.000000  1.135742 0.138672
0  1.897263 23.957100 32.000031  0.000000 1.000000 0.000000  -0.053711 0.138672
0  0.036690 23.957096 113.292465  0.000000 1.000000 0.000000  1.135742 0.111816
no_material
0  -5.368527 16.887850 33.981010  0.396429 -0.000011 0.918065  -0.479980 0.168457
0  -6.689658 16.296906 34.571976  0.396428 -0.000000 0.918066  -0.469482 0.143066
0  -6.689663 2.402242 34.571980  0.396428 0.000000 0.918066  -0.225098 0.143066
no_material
0  -5.368522 1.811296 33.981030  0.396430 0.000008 0.918065  -0.214600 0.168457
0  -5.368527 16.887850 33.981010  0.396429 -0.000011 0.918065  -0.479980 0.168457
0  -6.689663 2.402242 34.571980  0.396428 0.000000 0.918066  -0.225098 0.143066
no_material
0  -5.368522 1.811296 33.981030  0.396430 0.000008 0.918065  -0.214600 0.168457
0  -5.180519 17.120920 33.747940  1.000000 0.000047 -0.000004  -0.484131 0.173828
0  -5.368527 16.887850 33.981010  0.396429 -0.000011 0.918065  -0.479980 0.168457
no_material
0  -5.368522 1.811296 33.981030  0.396430 0.000008 0.918065  -0.214600 0.168457
0  -5.180524 1.578218 33.745647  1.000000 0.000002 -0.000007  -0.210571 0.173828
0  -5.180519 17.120920 33.747940  1.000000 0.000047 -0.000004  -0.484131 0.173828
no_material
0  -5.180524 1.578218 33.745647  1.000000 0.000002 -0.000007  -0.210571 0.173828
0  -5.180526 -0.000007 32.169697  1.000000 -0.000000 -0.000002  -0.182739 0.201172
0  -5.180519 17.120920 33.747940  1.000000 0.000047 -0.000004  -0.484131 0.173828
no_material
0  -5.180526 -0.000007 32.169697  1.000000 -0.000000 -0.000002  -0.182739 0.201172
0  -5.180530 18.699175 32.169693  1.000000 0.000000 -0.000007  -0.511719 0.201172
0  -5.180519 17.120920 33.747940  1.000000 0.000047 -0.000004  -0.484131 0.173828
no_material
0  0.883332 -10.838671 107.850380  0.000000 0.000000 1.000000  0.922852 0.069824
0  0.883332 -10.838671 107.850380  0.992264 0.000000 -0.124146  0.922852 0.069824
0  1.100719 -10.838671 108.015213  -0.224582 0.000000 0.974455  0.928711 0.092773
no_material
0  -5.368527 -1.811316 33.981007  0.396455 -0.000012 0.918054  -0.488770 0.168457
0  -6.689657 -2.402262 34.571964  0.396431 -0.000001 0.918065  -0.478271 0.143066
0  -6.689663 -16.296957 34.571960  0.396409 0.000000 0.918074  -0.233887 0.143066
no_material
0  -5.368522 -16.887905 33.981026  0.396414 0.000008 0.918072  -0.223511 0.168457
0  -5.368527 -1.811316 33.981007  0.396455 -0.000012 0.918054  -0.488770 0.168457
0  -6.689663 -16.296957 34.571960  0.396409 0.000000 0.918074  -0.233887 0.143066
no_material
0  -5.368522 -16.887905 33.981026  0.396414 0.000008 0.918072  -0.223511 0.168457
0  -5.180518 -1.578246 33.747936  1.000000 0.000047 -0.000016  -0.492920 0.173828
0  -5.368527 -1.811316 33.981007  0.396455 -0.000012 0.918054  -0.488770 0.168457
no_material
0  -5.368522 -16.887905 33.981026  0.396414 0.000008 0.918072  -0.223511 0.168457
0  -5.180525 -17.120983 33.745644  1.000000 0.000001 -0.000002  -0.219360 0.173828
0  -5.180518 -1.578246 33.747936  1.000000 0.000047 -0.000016  -0.492920 0.173828
no_material
0  -5.180525 -17.120983 33.745644  1.000000 0.000001 -0.000002  -0.219360 0.173828
0  -5.180526 -18.699207 32.169701  1.000000 -0.000000 -0.000001  -0.191650 0.201172
0  -5.180518 -1.578246 33.747936  1.000000 0.000047 -0.000016  -0.492920 0.173828
no_material
0  -5.180526 -18.699207 32.169701  1.000000 -0.000000 -0.000001  -0.191650 0.201172
0  -5.180531 0.000009 32.169689  1.000000 0.000000 -0.000008  -0.520508 0.201172
0  -5.180518 -1.578246 33.747936  1.000000 0.000047 -0.000016  -0.492920 0.173828
no_material
0  -0.010861 26.501364 31.492016  0.000002 0.992281 -0.124011  0.633789 0.121582
0  -0.010861 26.501364 32.169666  0.000000 1.000000 0.000000  0.633789 0.111816
0  6.326995 26.501364 32.169666  0.067647 0.997709 -0.000024  0.715820 0.111816
no_material
0  5.526979 25.678366 30.867262  0.021286 0.404057 -0.914486  0.715820 0.138672
0  -0.010861 25.678358 30.867262  0.000005 0.421745 -0.906714  0.633789 0.138672
0  -0.010861 26.369421 31.199932  0.000085 0.624689 -0.780874  0.633789 0.126465
no_material
0  6.195453 26.369387 31.199902  0.045839 0.595699 -0.801899  0.715820 0.126465
0  5.526979 25.678366 30.867262  0.021286 0.404057 -0.914486  0.715820 0.138672
0  -0.010861 26.369421 31.199932  0.000085 0.624689 -0.780874  0.633789 0.126465
no_material
0  6.195453 26.369387 31.199902  0.045839 0.595699 -0.801899  0.715820 0.126465
0  -0.010861 26.369421 31.199932  0.000085 0.624689 -0.780874  0.633789 0.126465
0  -0.010861 26.501364 31.492016  0.000002 0.992281 -0.124011  0.633789 0.121582
no_material
0  6.195453 26.369387 31.199902  0.045839 0.595699 -0.801899  0.715820 0.126465
0  -0.010861 26.501364 31.492016  0.000002 0.992281 -0.124011  0.633789 0.121582
0  6.325763 26.501360 31.492008  0.076011 0.988199 -0.132986  0.715820 0.121582
no_material
0  6.325763 26.501360 31.492008  0.076011 0.988199 -0.132986  0.715820 0.121582
0  -0.010861 26.501364 31.492016  0.000002 0.992281 -0.124011  0.633789 0.121582
0  6.326995 26.501364 32.169666  0.067647 0.997709 -0.000024  0.715820 0.111816
no_material
0  6.799662 26.027987 31.492008  0.986074 0.096696 -0.135309  0.726074 0.121582
0  6.325763 26.501360 31.492008  0.076011 0.988199 -0.132986  0.715820 0.121582
0  6.326995 26.501364 32.169666  0.067647 0.997709 -0.000024  0.715820 0.111816
no_material
0  6.799662 26.027987 31.492008  0.986074 0.096696 -0.135309  0.726074 0.121582
0  6.326995 26.501364 32.169666  0.067647 0.997709 -0.000024  0.715820 0.111816
0  6.799662 26.029203 32.169666  0.996307 0.085861 -0.000744  0.726074 0.111816
no_material
0  6.799668 21.105528 31.492002  0.992280 -0.000003 -0.124015  0.792480 0.121582
0  6.799662 26.027987 31.492008  0.986074 0.096696 -0.135309  0.726074 0.121582
0  6.799662 26.029203 32.169666  0.996307 0.085861 -0.000744  0.726074 0.111816
no_material
0  6.799668 21.105528 31.492002  0.992280 -0.000003 -0.124015  0.792480 0.121582
0  6.672200 25.893312 31.199902  0.595718 0.045833 -0.801884  0.726074 0.126465
0  6.799662 26.027987 31.492008  0.986074 0.096696 -0.135309  0.726074 0.121582
no_material
0  6.672200 25.893312 31.199902  0.595718 0.045833 -0.801884  0.726074 0.126465
0  6.799668 21.105528 31.492002  0.992280 -0.000003 -0.124015  0.792480 0.121582
0  6.672206 21.105528 31.199903  0.624711 0.000020 -0.780856  0.792480 0.126465
no_material
0  6.004803 25.201939 30.867262  0.411761 0.043360 -0.910260  0.726074 0.138672
0  6.672200 25.893312 31.199902  0.595718 0.045833 -0.801884  0.726074 0.126465
0  6.672206 21.105528 31.199903  0.624711 0.000020 -0.780856  0.792480 0.126465
no_material
0  6.004803 21.105528 30.867262  0.447147 -0.000000 -0.894460  0.792480 0.138672
0  6.004803 25.201939 30.867262  0.411761 0.043360 -0.910260  0.726074 0.138672
0  6.672206 21.105528 31.199903  0.624711 0.000020 -0.780856  0.792480 0.126465
no_material
0  6.004803 0.000006 30.867268  0.447148 -0.000000 -0.894460  1.110352 0.138672
0  6.004803 21.105528 30.867262  0.447147 -0.000000 -0.894460  0.792480 0.138672
0  6.672206 21.105528 31.199903  0.624711 0.000020 -0.780856  0.792480 0.126465
no_material
0  6.004803 25.201939 30.867262  0.411761 0.043360 -0.910260  0.726074 0.138672
0  5.526979 25.678366 30.867262  0.021286 0.404057 -0.914486  0.715820 0.138672
0  6.672200 25.893312 31.199902  0.595718 0.045833 -0.801884  0.726074 0.126465
no_material
0  6.672200 25.893312 31.199902  0.595718 0.045833 -0.801884  0.726074 0.126465
0  5.526979 25.678366 30.867262  0.021286 0.404057 -0.914486  0.715820 0.138672
0  6.195453 26.369387 31.199902  0.045839 0.595699 -0.801899  0.715820 0.126465
no_material
0  6.799662 26.027987 31.492008  0.986074 0.096696 -0.135309  0.726074 0.121582
0  6.672200 25.893312 31.199902  0.595718 0.045833 -0.801884  0.726074 0.126465
0  6.195453 26.369387 31.199902  0.045839 0.595699 -0.801899  0.715820 0.126465
no_material
0  6.799662 26.027987 31.492008  0.986074 0.096696 -0.135309  0.726074 0.121582
0  6.195453 26.369387 31.199902  0.045839 0.595699 -0.801899  0.715820 0.126465
0  6.325763 26.501360 31.492008  0.076011 0.988199 -0.132986  0.715820 0.121582
no_material
0  6.799668 21.105528 31.492002  0.992280 -0.000003 -0.124015  0.792480 0.121582
0  6.799662 26.029203 32.169666  0.996307 0.085861 -0.000744  0.726074 0.111816
0  6.799668 21.105528 32.169662  1.000000 0.000001 0.000000  0.792480 0.111816
no_material
0  6.799674 0.000007 31.492016  0.992277 -0.000004 -0.124041  1.110352 0.121582
0  6.799668 21.105528 31.492002  0.992280 -0.000003 -0.124015  0.792480 0.121582
0  6.799668 21.105528 32.169662  1.000000 0.000001 0.000000  0.792480 0.111816
no_material
0  6.799674 0.000007 31.492016  0.992277 -0.000004 -0.124041  1.110352 0.121582
0  6.672206 21.105528 31.199903  0.624711 0.000020 -0.780856  0.792480 0.126465
0  6.799668 21.105528 31.492002  0.992280 -0.000003 -0.124015  0.792480 0.121582
no_material
0  6.672206 21.105528 31.199903  0.624711 0.000020 -0.780856  0.792480 0.126465
0  6.799674 0.000007 31.492016  0.992277 -0.000004 -0.124041  1.110352 0.121582
0  6.672212 0.000007 31.199909  0.624693 -0.000007 -0.780870  1.110352 0.126465
no_material
0  6.004803 0.000006 30.867268  0.447148 -0.000000 -0.894460  1.110352 0.138672
0  6.672206 21.105528 31.199903  0.624711 0.000020 -0.780856  0.792480 0.126465
0  6.672212 0.000007 31.199909  0.624693 -0.000007 -0.780870  1.110352 0.126465
no_material
0  6.004803 0.000006 30.867268  0.447148 -0.000000 -0.894460  1.110352 0.138672
0  6.672212 0.000007 31.199909  0.624693 -0.000007 -0.780870  1.110352 0.126465
0  6.672206 -21.105516 31.199915  0.624709 0.000016 -0.780858  1.427734 0.126465
no_material
0  6.004803 -21.105516 30.867273  0.447062 0.000000 -0.894503  1.427734 0.138672
0  6.004803 0.000006 30.867268  0.447148 -0.000000 -0.894460  1.110352 0.138672
0  6.672206 -21.105516 31.199915  0.624709 0.000016 -0.780858  1.427734 0.126465
no_material
0  6.004803 -25.201927 30.867273  0.411761 -0.043360 -0.910260  1.494141 0.138672
0  6.004803 -21.105516 30.867273  0.447062 0.000000 -0.894503  1.427734 0.138672
0  6.672206 -21.105516 31.199915  0.624709 0.000016 -0.780858  1.427734 0.126465
no_material
0  6.004803 -25.201927 30.867273  0.411761 -0.043360 -0.910260  1.494141 0.138672
0  6.672206 -21.105516 31.199915  0.624709 0.000016 -0.780858  1.427734 0.126465
0  6.672200 -25.893299 31.199913  0.595705 -0.045839 -0.801895  1.494141 0.126465
no_material
0  5.526979 -25.678354 30.867273  0.021286 -0.404056 -0.914486  1.503906 0.138672
0  6.004803 -25.201927 30.867273  0.411761 -0.043360 -0.910260  1.494141 0.138672
0  6.672200 -25.893299 31.199913  0.595705 -0.045839 -0.801895  1.494141 0.126465
no_material
0  5.526979 -25.678354 30.867273  0.021286 -0.404056 -0.914486  1.503906 0.138672
0  6.672200 -25.893299 31.199913  0.595705 -0.045839 -0.801895  1.494141 0.126465
0  6.195453 -26.369377 31.199913  0.045840 -0.595703 -0.801896  1.503906 0.126465
no_material
0  -0.010861 -26.369410 31.199944  0.000001 -0.624689 -0.780874  1.586914 0.126465
0  5.526979 -25.678354 30.867273  0.021286 -0.404056 -0.914486  1.503906 0.138672
0  6.195453 -26.369377 31.199913  0.045840 -0.595703 -0.801896  1.503906 0.126465
no_material
0  -0.010861 -26.501352 31.492027  0.000057 -0.992281 -0.124011  1.586914 0.121582
0  -0.010861 -26.369410 31.199944  0.000001 -0.624689 -0.780874  1.586914 0.126465
0  6.195453 -26.369377 31.199913  0.045840 -0.595703 -0.801896  1.503906 0.126465
no_material
0  -0.010861 -26.501352 31.492027  0.000057 -0.992281 -0.124011  1.586914 0.121582
0  6.195453 -26.369377 31.199913  0.045840 -0.595703 -0.801896  1.503906 0.126465
0  6.325763 -26.501350 31.492020  0.075986 -0.988194 -0.133040  1.503906 0.121582
no_material
0  6.325763 -26.501350 31.492020  0.075986 -0.988194 -0.133040  1.503906 0.121582
0  6.326995 -26.501352 32.169685  0.067647 -0.997709 -0.000751  1.503906 0.111816
0  -0.010861 -26.501352 31.492027  0.000057 -0.992281 -0.124011  1.586914 0.121582
no_material
0  6.325763 -26.501350 31.492020  0.075986 -0.988194 -0.133040  1.503906 0.121582
0  6.799662 -26.027977 31.492020  0.986070 -0.096678 -0.135351  1.494141 0.121582
0  6.326995 -26.501352 32.169685  0.067647 -0.997709 -0.000751  1.503906 0.111816
no_material
0  6.799662 -26.027977 31.492020  0.986070 -0.096678 -0.135351  1.494141 0.121582
0  6.799662 -26.029192 32.169685  0.996307 -0.085860 -0.000064  1.494141 0.111816
0  6.326995 -26.501352 32.169685  0.067647 -0.997709 -0.000751  1.503906 0.111816
no_material
0  6.799662 -26.027977 31.492020  0.986070 -0.096678 -0.135351  1.494141 0.121582
0  6.799668 -21.105516 31.492014  0.992280 -0.000006 -0.124017  1.427734 0.121582
0  6.799662 -26.029192 32.169685  0.996307 -0.085860 -0.000064  1.494141 0.111816
no_material
0  6.195453 -26.369377 31.199913  0.045840 -0.595703 -0.801896  1.503906 0.126465
0  6.799662 -26.027977 31.492020  0.986070 -0.096678 -0.135351  1.494141 0.121582
0  6.325763 -26.501350 31.492020  0.075986 -0.988194 -0.133040  1.503906 0.121582
no_material
0  6.672200 -25.893299 31.199913  0.595705 -0.045839 -0.801895  1.494141 0.126465
0  6.799662 -26.027977 31.492020  0.986070 -0.096678 -0.135351  1.494141 0.121582
0  6.195453 -26.369377 31.199913  0.045840 -0.595703 -0.801896  1.503906 0.126465
no_material
0  6.799662 -26.027977 31.492020  0.986070 -0.096678 -0.135351  1.494141 0.121582
0  6.672200 -25.893299 31.199913  0.595705 -0.045839 -0.801895  1.494141 0.126465
0  6.799668 -21.105516 31.492014  0.992280 -0.000006 -0.124017  1.427734 0.121582
no_material
0  6.672206 -21.105516 31.199915  0.624709 0.000016 -0.780858  1.427734 0.126465
0  6.799668 -21.105516 31.492014  0.992280 -0.000006 -0.124017  1.427734 0.121582
0  6.672200 -25.893299 31.199913  0.595705 -0.045839 -0.801895  1.494141 0.126465
no_material
0  6.799668 -21.105516 31.492014  0.992280 -0.000006 -0.124017  1.427734 0.121582
0  6.672206 -21.105516 31.199915  0.624709 0.000016 -0.780858  1.427734 0.126465
0  6.799674 0.000007 31.492016  0.992277 -0.000004 -0.124041  1.110352 0.121582
no_material
0  6.672212 0.000007 31.199909  0.624693 -0.000007 -0.780870  1.110352 0.126465
0  6.799674 0.000007 31.492016  0.992277 -0.000004 -0.124041  1.110352 0.121582
0  6.672206 -21.105516 31.199915  0.624709 0.000016 -0.780858  1.427734 0.126465
no_material
0  -0.010861 -26.369410 31.199944  0.000001 -0.624689 -0.780874  1.586914 0.126465
0  -0.010861 -25.678347 30.867273  0.000001 -0.421745 -0.906714  1.586914 0.138672
0  5.526979 -25.678354 30.867273  0.021286 -0.404056 -0.914486  1.503906 0.138672
no_material
0  6.326995 -26.501352 32.169685  0.067647 -0.997709 -0.000751  1.503906 0.111816
0  -0.010861 -26.501352 32.169685  0.000000 -1.000000 0.000000  1.586914 0.111816
0  -0.010861 -26.501352 31.492027  0.000057 -0.992281 -0.124011  1.586914 0.121582
no_material
0  6.799668 -21.105516 31.492014  0.992280 -0.000006 -0.124017  1.427734 0.121582
0  6.799668 -21.105516 32.169670  1.000000 -0.000001 0.000000  1.427734 0.111816
0  6.799662 -26.029192 32.169685  0.996307 -0.085860 -0.000064  1.494141 0.111816
no_material
0  6.799668 -21.105516 31.492014  0.992280 -0.000006 -0.124017  1.427734 0.121582
0  6.799674 0.000007 31.492016  0.992277 -0.000004 -0.124041  1.110352 0.121582
0  6.799668 -21.105516 32.169670  1.000000 -0.000001 0.000000  1.427734 0.111816
no_material
0  6.799674 0.000007 31.492016  0.992277 -0.000004 -0.124041  1.110352 0.121582
0  6.799674 0.000007 32.169674  1.000000 0.000000 0.000000  1.110352 0.111816
0  6.799668 -21.105516 32.169670  1.000000 -0.000001 0.000000  1.427734 0.111816
no_material
0  6.799674 0.000007 31.492016  0.992277 -0.000004 -0.124041  1.110352 0.121582
0  6.799668 21.105528 32.169662  1.000000 0.000001 0.000000  0.792480 0.111816
0  6.799674 0.000007 32.169674  1.000000 0.000000 0.000000  1.110352 0.111816
no_material
0  0.000000 24.633219 0.000002  -0.000002 -0.000000 -1.000000  1.417969 0.143066
0  3.582679 19.653297 -0.000004  -0.000003 -0.000001 -1.000000  1.343750 0.201172
0  3.685583 19.329750 -0.000004  -0.000003 -0.000001 -1.000000  1.339844 0.201172
no_material
0  0.000000 24.633219 0.000002  -0.000002 -0.000000 -1.000000  1.417969 0.143066
0  3.582679 24.210115 -0.000005  -0.000002 -0.000000 -1.000000  1.411133 0.201172
0  3.582679 19.653297 -0.000004  -0.000003 -0.000001 -1.000000  1.343750 0.201172
no_material
0  3.859621 -19.078516 0.000004  0.906720 -0.421733 0.000008  -0.847656 0.143066
0  3.859490 -19.078707 4.292974  0.906718 -0.421738 0.000013  -0.847656 0.191406
0  3.685713 -19.329557 4.292974  0.906727 -0.421718 -0.000008  -0.851074 0.191406
no_material
0  3.685583 -19.329750 0.000004  0.906714 -0.421746 -0.000000  -0.851074 0.143066
0  3.859621 -19.078516 0.000004  0.906720 -0.421733 0.000008  -0.847656 0.143066
0  3.685713 -19.329557 4.292974  0.906727 -0.421718 -0.000008  -0.851074 0.191406
no_material
0  3.685583 -19.329750 0.000004  0.906714 -0.421746 -0.000000  -0.851074 0.143066
0  3.685713 -19.329557 4.292974  0.906727 -0.421718 -0.000008  -0.851074 0.191406
0  3.582678 -19.653296 4.292974  1.000000 0.000007 -0.000007  -0.854980 0.191406
no_material
0  3.582679 -19.653296 0.000004  1.000000 -0.000014 0.000000  -0.854980 0.143066
0  3.685583 -19.329750 0.000004  0.906714 -0.421746 -0.000000  -0.851074 0.143066
0  3.582678 -19.653296 4.292974  1.000000 0.000007 -0.000007  -0.854980 0.191406
no_material
0  3.582679 -24.210121 0.000008  1.000000 -0.000009 0.000099  -0.904297 0.143066
0  3.582679 -19.653296 0.000004  1.000000 -0.000014 0.000000  -0.854980 0.143066
0  3.582678 -19.653296 4.292974  1.000000 0.000007 -0.000007  -0.854980 0.191406
no_material
0  3.582679 -24.210121 0.000008  1.000000 -0.000009 0.000099  -0.904297 0.143066
0  3.582678 -19.653296 4.292974  1.000000 0.000007 -0.000007  -0.854980 0.191406
0  3.582678 -24.209185 4.292968  1.000000 0.000011 0.000243  -0.904297 0.191406
no_material
0  3.582679 -24.210121 0.000008  1.000000 -0.000009 0.000099  -0.904297 0.143066
0  3.582678 -24.209185 4.292968  1.000000 0.000011 0.000243  -0.904297 0.191406
0  3.155621 -24.633223 4.292976  0.000010 -1.000000 0.000093  -0.911133 0.191406
no_material
0  3.156662 -24.633224 0.000008  0.000008 -1.000000 0.000071  -0.911133 0.143066
0  3.582679 -24.210121 0.000008  1.000000 -0.000009 0.000099  -0.904297 0.143066
0  3.155621 -24.633223 4.292976  0.000010 -1.000000 0.000093  -0.911133 0.191406
no_material
0  0.000000 -24.633219 0.000008  -0.000003 -1.000000 0.000001  -0.944336 0.143066
0  3.156662 -24.633224 0.000008  0.000008 -1.000000 0.000071  -0.911133 0.143066
0  3.155621 -24.633223 4.292976  0.000010 -1.000000 0.000093  -0.911133 0.191406
no_material
0  -0.000001 -24.633211 4.292984  -0.000004 -1.000000 0.000001  -0.944336 0.191406
0  0.000000 -24.633219 0.000008  -0.000003 -1.000000 0.000001  -0.944336 0.143066
0  3.155621 -24.633223 4.292976  0.000010 -1.000000 0.000093  -0.911133 0.191406
no_material
0  0.000000 24.633223 0.000001  -0.000001 1.000000 0.000001  -0.317627 0.143066
0  -0.000001 24.633211 4.292981  -0.000004 1.000000 0.000002  -0.317627 0.191406
0  3.155621 24.633223 4.292973  0.000013 1.000000 0.000065  -0.350830 0.191406
no_material
0  3.156662 24.633223 0.000001  0.000014 1.000000 0.000100  -0.350830 0.143066
0  0.000000 24.633223 0.000001  -0.000001 1.000000 0.000001  -0.317627 0.143066
0  3.155621 24.633223 4.292973  0.000013 1.000000 0.000065  -0.350830 0.191406
no_material
0  3.582679 24.210112 -0.000005  1.000000 0.000004 -0.000118  -0.357666 0.143066
0  3.156662 24.633223 0.000001  0.000014 1.000000 0.000100  -0.350830 0.143066
0  3.155621 24.633223 4.292973  0.000013 1.000000 0.000065  -0.350830 0.191406
no_material
0  3.582679 24.210112 -0.000005  1.000000 0.000004 -0.000118  -0.357666 0.143066
0  3.155621 24.633223 4.292973  0.000013 1.000000 0.000065  -0.350830 0.191406
0  3.582678 24.209183 4.292973  1.000000 -0.000013 0.000090  -0.357666 0.191406
no_material
0  3.582679 24.210112 -0.000005  1.000000 0.000004 -0.000118  -0.357666 0.143066
0  3.582678 24.209183 4.292973  1.000000 -0.000013 0.000090  -0.357666 0.191406
0  3.582678 19.653301 4.292966  1.000000 0.000038 -0.000007  -0.407227 0.191406
no_material
0  3.582679 19.653299 -0.000004  1.000000 -0.000030 -0.000075  -0.407227 0.143066
0  3.582679 24.210112 -0.000005  1.000000 0.000004 -0.000118  -0.357666 0.143066
0  3.582678 19.653301 4.292966  1.000000 0.000038 -0.000007  -0.407227 0.191406
no_material
0  3.685583 19.329754 -0.000004  0.906713 0.421747 0.000012  -0.410889 0.143066
0  3.582679 19.653299 -0.000004  1.000000 -0.000030 -0.000075  -0.407227 0.143066
0  3.582678 19.653301 4.292966  1.000000 0.000038 -0.000007  -0.407227 0.191406
no_material
0  3.685583 19.329754 -0.000004  0.906713 0.421747 0.000012  -0.410889 0.143066
0  3.582678 19.653301 4.292966  1.000000 0.000038 -0.000007  -0.407227 0.191406
0  3.685713 19.329563 4.292966  0.906729 0.421715 -0.000008  -0.410889 0.191406
no_material
0  3.859621 19.078520 -0.000004  0.906720 0.421734 -0.000004  -0.414551 0.143066
0  3.685583 19.329754 -0.000004  0.906713 0.421747 0.000012  -0.410889 0.143066
0  3.685713 19.329563 4.292966  0.906729 0.421715 -0.000008  -0.410889 0.191406
no_material
0  3.859621 19.078520 -0.000004  0.906720 0.421734 -0.000004  -0.414551 0.143066
0  3.685713 19.329563 4.292966  0.906729 0.421715 -0.000008  -0.410889 0.191406
0  3.859490 19.078711 4.292966  0.906719 0.421736 0.000001  -0.414551 0.191406
no_material
0  3.962527 18.754974 -0.000004  1.000000 0.000013 -0.000066  -0.418213 0.143066
0  3.859621 19.078520 -0.000004  0.906720 0.421734 -0.000004  -0.414551 0.143066
0  3.859490 19.078711 4.292966  0.906719 0.421736 0.000001  -0.414551 0.191406
no_material
0  3.962527 18.754974 -0.000004  1.000000 0.000013 -0.000066  -0.418213 0.143066
0  3.859490 19.078711 4.292966  0.906719 0.421736 0.000001  -0.414551 0.191406
0  3.962526 18.754974 4.292966  1.000000 0.000020 0.000000  -0.418213 0.191406
no_material
0  3.962527 0.000003 0.000000  1.000000 0.000000 0.000000  -0.630859 0.143066
0  3.962527 18.754974 -0.000004  1.000000 0.000013 -0.000066  -0.418213 0.143066
0  3.962526 18.754974 4.292966  1.000000 0.000020 0.000000  -0.418213 0.191406
no_material
0  3.962527 0.000003 0.000000  1.000000 0.000000 0.000000  -0.630859 0.143066
0  3.962526 18.754974 4.292966  1.000000 0.000020 0.000000  -0.418213 0.191406
0  3.962526 0.000004 4.292970  1.000000 0.000000 0.000000  -0.630859 0.191406
no_material
0  3.962527 -18.754971 0.000004  1.000000 0.000023 0.000008  -0.843750 0.143066
0  3.962527 0.000003 0.000000  1.000000 0.000000 0.000000  -0.630859 0.143066
0  3.962526 0.000004 4.292970  1.000000 0.000000 0.000000  -0.630859 0.191406
no_material
0  3.962527 -18.754971 0.000004  1.000000 0.000023 0.000008  -0.843750 0.143066
0  3.962526 0.000004 4.292970  1.000000 0.000000 0.000000  -0.630859 0.191406
0  3.962526 -18.754969 4.292974  1.000000 0.000020 0.000000  -0.843750 0.191406
no_material
0  3.962527 -18.754971 0.000004  1.000000 0.000023 0.000008  -0.843750 0.143066
0  3.962526 -18.754969 4.292974  1.000000 0.000020 0.000000  -0.843750 0.191406
0  3.859490 -19.078707 4.292974  0.906718 -0.421738 0.000013  -0.847656 0.191406
no_material
0  3.859621 -19.078516 0.000004  0.906720 -0.421733 0.000008  -0.847656 0.143066
0  3.962527 -18.754971 0.000004  1.000000 0.000023 0.000008  -0.843750 0.143066
0  3.859490 -19.078707 4.292974  0.906718 -0.421738 0.000013  -0.847656 0.191406
no_material
0  -5.180518 -18.699213 85.601303  0.000000 -0.000000 -1.000000  0.848633 0.096191
0  -5.180518 18.699207 85.601295  0.000000 -0.000000 -1.000000  1.620117 0.096191
0  -4.617091 18.699207 85.601295  0.000000 -0.000000 -1.000000  1.620117 0.107422
no_material
0  -4.617091 -18.699213 85.601303  0.000000 -0.000000 -1.000000  0.848633 0.107422
0  -5.180518 -18.699213 85.601303  0.000000 -0.000000 -1.000000  0.848633 0.096191
0  -4.617091 18.699207 85.601295  0.000000 -0.000000 -1.000000  1.620117 0.107422
no_material
0  -5.180520 18.704346 107.850395  0.000000 -1.000000 0.000000  0.461670 0.143066
0  -5.180511 18.704332 32.000031  0.000000 -1.000000 0.000000  1.261719 0.143066
0  0.362374 18.704332 32.000031  0.000000 -1.000000 0.000000  1.261719 0.201172
no_material
0  0.362365 18.704346 107.850395  0.000000 -1.000000 0.000000  0.461426 0.201172
0  -5.180520 18.704346 107.850395  0.000000 -1.000000 0.000000  0.461670 0.143066
0  0.362374 18.704332 32.000031  0.000000 -1.000000 0.000000  1.261719 0.201172
no_material
0  0.362365 -18.704338 107.850410  0.000000 1.000000 -0.000000  -0.496826 0.201172
0  0.362374 -18.704351 32.000038  0.000000 1.000000 -0.000000  0.303223 0.201172
0  -5.180511 -18.704351 32.000038  0.000000 1.000000 -0.000000  0.303223 0.143066
no_material
0  -5.180520 -18.704338 107.850410  0.000000 1.000000 -0.000000  -0.496826 0.143066
0  0.362365 -18.704338 107.850410  0.000000 1.000000 -0.000000  -0.496826 0.201172
0  -5.180511 -18.704351 32.000038  0.000000 1.000000 -0.000000  0.303223 0.143066
no_material
0  -8.189669 2.402259 83.199028  -0.000000 0.000000 -1.000000  0.574707 0.138672
0  -8.189663 16.296919 83.199028  -0.000004 0.000000 -1.000000  0.322266 0.138672
0  -6.689663 16.296921 83.199028  -0.000003 0.000000 -1.000000  0.322266 0.111816
no_material
0  -6.689669 2.402259 83.199028  0.000000 0.000000 -1.000000  0.574707 0.111816
0  -8.189669 2.402259 83.199028  -0.000000 0.000000 -1.000000  0.574707 0.138672
0  -6.689663 16.296921 83.199028  -0.000003 0.000000 -1.000000  0.322266 0.111816
no_material
0  -8.189668 -16.296944 83.199028  -0.000010 0.000000 -1.000000  0.590332 0.138672
0  -8.189662 -2.402246 83.199028  0.000016 0.000000 -1.000000  0.338135 0.138672
0  -6.689663 -2.402245 83.199028  0.000014 0.000000 -1.000000  0.338135 0.111816
no_material
0  -6.689669 -16.296942 83.199028  -0.000012 0.000000 -1.000000  0.590332 0.111816
0  -8.189668 -16.296944 83.199028  -0.000010 0.000000 -1.000000  0.590332 0.138672
0  -6.689663 -2.402245 83.199028  0.000014 0.000000 -1.000000  0.338135 0.111816
no_material
0  -8.189656 16.344210 105.490288  0.000001 -1.000000 0.000000  -0.145874 0.138672
0  -8.189654 16.344206 90.552238  0.000001 -1.000000 0.000000  -0.417236 0.138672
0  -6.689675 16.344208 90.552238  0.000001 -1.000000 0.000000  -0.417236 0.111816
no_material
0  -6.689677 16.344212 105.490288  0.000001 -1.000000 0.000000  -0.145874 0.111816
0  -8.189656 16.344210 105.490288  0.000001 -1.000000 0.000000  -0.145874 0.138672
0  -6.689675 16.344208 90.552238  0.000001 -1.000000 0.000000  -0.417236 0.111816
no_material
0  -8.189656 -16.344231 105.490303  -0.000001 1.000000 -0.000000  0.104492 0.138672
0  -6.689677 -16.344229 105.490303  -0.000001 1.000000 -0.000000  0.104492 0.111816
0  -6.689675 -16.344233 90.552254  -0.000001 1.000000 -0.000000  0.375732 0.111816
no_material
0  -8.189654 -16.344234 90.552254  -0.000001 1.000000 -0.000000  0.375732 0.138672
0  -8.189656 -16.344231 105.490303  -0.000001 1.000000 -0.000000  0.104492 0.138672
0  -6.689675 -16.344233 90.552254  -0.000001 1.000000 -0.000000  0.375732 0.111816
no_material
0  -6.689658 16.296906 34.571976  0.000001 -1.000000 0.000000  -0.025101 0.111816
0  -6.689663 16.296921 83.199028  0.000001 -1.000000 0.000000  0.857910 0.111816
0  -8.189663 16.296919 83.199028  0.000001 -1.000000 0.000000  0.857910 0.138672
no_material
0  -8.189657 16.296904 34.571976  0.000001 -1.000000 0.000000  -0.025101 0.138672
0  -6.689658 16.296906 34.571976  0.000001 -1.000000 0.000000  -0.025101 0.111816
0  -8.189663 16.296919 83.199028  0.000001 -1.000000 0.000000  0.857910 0.138672
no_material
0  -8.189668 -16.296944 83.199028  -0.000001 1.000000 -0.000000  0.441406 0.138672
0  -6.689669 -16.296942 83.199028  -0.000001 1.000000 -0.000000  0.441406 0.111816
0  -6.689663 -16.296957 34.571960  -0.000001 1.000000 -0.000000  1.324219 0.111816
no_material
0  -8.189662 -16.296959 34.571960  -0.000001 1.000000 -0.000000  1.324219 0.138672
0  -8.189668 -16.296944 83.199028  -0.000001 1.000000 -0.000000  0.441406 0.138672
0  -6.689663 -16.296957 34.571960  -0.000001 1.000000 -0.000000  1.324219 0.111816
no_material
0  -8.189669 2.402259 83.199028  0.000000 1.000000 -0.000000  0.901367 0.138672
0  -6.689669 2.402259 83.199028  0.000000 1.000000 -0.000000  0.901367 0.111816
0  -6.689663 2.402242 34.571980  0.000000 1.000000 -0.000000  1.784180 0.111816
no_material
0  -8.189663 2.402242 34.571980  0.000000 1.000000 -0.000000  1.784180 0.138672
0  -8.189669 2.402259 83.199028  0.000000 1.000000 -0.000000  0.901367 0.138672
0  -6.689663 2.402242 34.571980  0.000000 1.000000 -0.000000  1.784180 0.111816
no_material
0  -6.689657 -2.402262 34.571964  0.000000 -1.000000 0.000000  0.742676 0.111816
0  -6.689663 -2.402245 83.199028  0.000001 -1.000000 0.000000  1.625977 0.111816
0  -8.189662 -2.402246 83.199028  0.000001 -1.000000 0.000000  1.625977 0.138672
no_material
0  -8.189656 -2.402262 34.571964  0.000000 -1.000000 0.000000  0.742676 0.138672
0  -6.689657 -2.402262 34.571964  0.000000 -1.000000 0.000000  0.742676 0.111816
0  -8.189662 -2.402246 83.199028  0.000001 -1.000000 0.000000  1.625977 0.138672
no_material
0  -5.180524 -1.578228 84.023048  1.000000 0.000048 0.000062  0.913086 0.173828
0  -5.180537 0.000027 85.601295  1.000000 0.000000 0.000008  0.940918 0.201172
0  -5.180532 -18.699188 85.601311  1.000000 -0.000000 0.000001  0.611816 0.201172
no_material
0  -5.180524 -1.578228 84.023048  1.000000 0.000048 0.000062  0.913086 0.173828
0  -5.180532 -18.699188 85.601311  1.000000 -0.000000 0.000001  0.611816 0.201172
0  -5.180531 -17.120964 84.025352  1.000000 0.000002 0.000001  0.639648 0.173828
no_material
0  -5.180524 -1.578228 84.023048  1.000000 0.000048 0.000062  0.913086 0.173828
0  -5.180531 -17.120964 84.025352  1.000000 0.000002 0.000001  0.639648 0.173828
0  -5.368528 -16.887886 83.789970  0.396414 0.000007 -0.918072  0.643555 0.168457
no_material
0  -5.368534 -1.811299 83.789986  0.396439 -0.000012 -0.918061  0.909180 0.168457
0  -5.180524 -1.578228 84.023048  1.000000 0.000048 0.000062  0.913086 0.173828
0  -5.368528 -16.887886 83.789970  0.396414 0.000007 -0.918072  0.643555 0.168457
no_material
0  -5.368534 -1.811299 83.789986  0.396439 -0.000012 -0.918061  0.909180 0.168457
0  -5.368528 -16.887886 83.789970  0.396414 0.000007 -0.918072  0.643555 0.168457
0  -6.689669 -16.296942 83.199028  0.396419 -0.000000 -0.918070  0.654297 0.143066
no_material
0  -6.689663 -2.402245 83.199028  0.396431 -0.000001 -0.918065  0.898438 0.143066
0  -5.368534 -1.811299 83.789986  0.396439 -0.000012 -0.918061  0.909180 0.168457
0  -6.689669 -16.296942 83.199028  0.396419 -0.000000 -0.918070  0.654297 0.143066
no_material
0  0.362365 10.838711 111.496864  -0.000000 -1.000000 0.000000  0.422852 0.092773
0  0.362365 10.838709 107.850403  0.000000 -1.000000 0.000001  0.498779 0.092773
0  0.883333 10.838709 107.850403  -0.000000 -1.000000 0.000001  0.498779 0.082520
no_material
0  1.100720 10.838709 108.015236  -0.000000 -1.000000 0.000001  0.498779 0.063965
0  0.362365 10.838711 111.496864  -0.000000 -1.000000 0.000000  0.422852 0.092773
0  0.883333 10.838709 107.850403  -0.000000 -1.000000 0.000001  0.498779 0.082520
no_material
0  1.100720 10.838709 108.015236  -0.000000 -1.000000 0.000001  0.498779 0.063965
0  1.810635 10.838711 111.496864  0.000000 -1.000000 0.000000  0.422852 0.063965
0  0.362365 10.838711 111.496864  -0.000000 -1.000000 0.000000  0.422852 0.092773
no_material
0  0.362365 -18.704338 107.850410  1.000000 0.000000 0.000009  -0.388184 0.143066
0  0.362365 18.704346 107.850395  1.000000 -0.000000 0.000057  -0.061951 0.143066
0  0.367451 19.745556 108.799232  1.000000 -0.000000 -0.000008  -0.052856 0.151367
no_material
0  0.367451 -19.745518 108.799248  1.000000 -0.000003 0.000027  -0.397217 0.151367
0  0.362365 -18.704338 107.850410  1.000000 0.000000 0.000009  -0.388184 0.143066
0  0.367451 19.745556 108.799232  1.000000 -0.000000 -0.000008  -0.052856 0.151367
no_material
0  0.367451 -19.745518 108.799248  1.000000 -0.000003 0.000027  -0.397217 0.151367
0  0.367451 19.745556 108.799232  1.000000 -0.000000 -0.000008  -0.052856 0.151367
0  0.454968 20.060904 109.111122  0.866895 0.000001 -0.498490  -0.046906 0.157227
no_material
0  0.454968 -20.060881 109.111137  0.866914 -0.000000 -0.498457  -0.399902 0.157227
0  0.367451 -19.745518 108.799248  1.000000 -0.000003 0.000027  -0.397217 0.151367
0  0.454968 20.060904 109.111122  0.866895 0.000001 -0.498490  -0.046906 0.157227
no_material
0  0.454968 -20.060881 109.111137  0.866914 -0.000000 -0.498457  -0.399902 0.157227
0  0.454968 20.060904 109.111122  0.866895 0.000001 -0.498490  -0.046906 0.157227
0  1.810634 22.258226 111.496841  0.866913 -0.000003 -0.498460  -0.027573 0.181641
no_material
0  1.810634 -22.258188 111.496857  0.866905 0.000002 -0.498474  -0.419189 0.181641
0  0.454968 -20.060881 109.111137  0.866914 -0.000000 -0.498457  -0.399902 0.157227
0  1.810634 22.258226 111.496841  0.866913 -0.000003 -0.498460  -0.027573 0.181641
no_material
0  1.810634 -22.258188 111.496857  0.866905 0.000002 -0.498474  -0.419189 0.181641
0  1.810634 22.258226 111.496841  0.866913 -0.000003 -0.498460  -0.027573 0.181641
0  1.897292 22.565500 111.825211  1.000000 -0.000002 0.000011  -0.021286 0.188477
no_material
0  1.897292 -22.565462 111.825226  1.000000 0.000002 0.000015  -0.421875 0.188477
0  1.810634 -22.258188 111.496857  0.866905 0.000002 -0.498474  -0.419189 0.181641
0  1.897292 22.565500 111.825211  1.000000 -0.000002 0.000011  -0.021286 0.188477
no_material
0  1.897292 -22.565462 111.825226  1.000000 0.000002 0.000015  -0.421875 0.188477
0  1.897292 22.565500 111.825211  1.000000 -0.000002 0.000011  -0.021286 0.188477
0  1.897252 23.957096 113.292465  1.000000 0.000000 0.000027  -0.008942 0.201172
no_material
0  1.897252 -23.957073 113.292496  1.000000 0.000000 0.000027  -0.434082 0.201172
0  1.897292 -22.565462 111.825226  1.000000 0.000002 0.000015  -0.421875 0.188477
0  1.897252 23.957096 113.292465  1.000000 0.000000 0.000027  -0.008942 0.201172
no_material
0  0.367461 -19.745764 32.000023  1.000000 -0.000016 0.000051  0.158325 0.152344
0  0.362374 -18.704351 32.000038  1.000000 -0.000005 0.000000  0.158325 0.143066
0  0.362365 -18.704338 107.850410  1.000000 -0.000005 0.000000  -0.394287 0.143066
no_material
0  0.367461 -19.745764 32.000023  1.000000 -0.000016 0.000051  0.158325 0.152344
0  0.362365 -18.704338 107.850410  1.000000 -0.000005 0.000000  -0.394287 0.143066
0  0.367451 -19.745518 108.799248  1.000000 0.000008 0.000006  -0.401367 0.152344
no_material
0  0.367461 -19.745764 32.000023  1.000000 -0.000016 0.000051  0.158325 0.152344
0  0.367451 -19.745518 108.799248  1.000000 0.000008 0.000006  -0.401367 0.152344
0  0.454968 -20.060881 109.111137  0.851661 0.524093 0.000000  -0.403564 0.162109
no_material
0  0.455077 -20.061085 32.000023  0.851668 0.524081 0.000000  0.158203 0.162109
0  0.367461 -19.745764 32.000023  1.000000 -0.000016 0.000051  0.158325 0.152344
0  0.454968 -20.060881 109.111137  0.851661 0.524093 0.000000  -0.403564 0.162109
no_material
0  1.810545 -22.258083 32.000023  0.851670 0.524079 -0.000000  0.158203 0.181152
0  0.455077 -20.061085 32.000023  0.851668 0.524081 0.000000  0.158203 0.162109
0  0.454968 -20.060881 109.111137  0.851661 0.524093 0.000000  -0.403564 0.162109
no_material
0  1.810545 -22.258083 32.000023  0.851670 0.524079 -0.000000  0.158203 0.181152
0  0.454968 -20.060881 109.111137  0.851661 0.524093 0.000000  -0.403564 0.162109
0  1.810634 -22.258188 111.496857  0.851654 0.524104 -0.000005  -0.421143 0.181152
no_material
0  1.897302 -22.565626 32.000023  1.000000 0.000000 0.000052  0.158081 0.191406
0  1.810545 -22.258083 32.000023  0.851670 0.524079 -0.000000  0.158203 0.181152
0  1.810634 -22.258188 111.496857  0.851654 0.524104 -0.000005  -0.421143 0.181152
no_material
0  1.897292 -22.565462 111.825226  1.000000 -0.000013 -0.000005  -0.423584 0.191406
0  1.897302 -22.565626 32.000023  1.000000 0.000000 0.000052  0.158081 0.191406
0  1.810634 -22.258188 111.496857  0.851654 0.524104 -0.000005  -0.421143 0.181152
no_material
0  1.897292 -22.565462 111.825226  1.000000 -0.000013 -0.000005  -0.423584 0.191406
0  1.897263 -23.957115 32.000038  1.000000 -0.000028 0.000000  0.158081 0.201172
0  1.897302 -22.565626 32.000023  1.000000 0.000000 0.000052  0.158081 0.191406
no_material
0  1.897292 -22.565462 111.825226  1.000000 -0.000013 -0.000005  -0.423584 0.191406
0  1.897252 -23.957073 113.292496  1.000000 -0.000029 0.000000  -0.434082 0.201172
0  1.897263 -23.957115 32.000038  1.000000 -0.000028 0.000000  0.158081 0.201172
no_material
0  0.362365 -13.731833 111.496857  -0.000000 -1.000000 0.000001  0.422852 0.092773
0  0.362365 -13.731834 107.850403  0.000000 -1.000000 0.000000  0.498779 0.092773
0  0.883333 -13.731834 107.850403  -0.000000 -1.000000 0.000000  0.498779 0.082520
no_material
0  1.100720 -13.731834 108.015236  -0.000000 -1.000000 0.000000  0.498779 0.063965
0  0.362365 -13.731833 111.496857  -0.000000 -1.000000 0.000001  0.422852 0.092773
0  0.883333 -13.731834 107.850403  -0.000000 -1.000000 0.000000  0.498779 0.082520
no_material
0  1.100720 -13.731834 108.015236  -0.000000 -1.000000 0.000000  0.498779 0.063965
0  1.810635 -13.731833 111.496857  0.000000 -1.000000 0.000001  0.422852 0.063965
0  0.362365 -13.731833 111.496857  -0.000000 -1.000000 0.000001  0.422852 0.092773
no_material
0  1.100719 -10.838671 108.015213  0.000000 1.000000 -0.000000  0.498779 0.063965
0  0.362365 -10.838669 111.496849  0.000000 1.000000 -0.000000  0.422852 0.092773
0  1.810634 -10.838669 111.496849  0.000000 1.000000 -0.000000  0.422852 0.063965
no_material
0  1.100719 -10.838671 108.015213  0.000000 1.000000 -0.000000  0.498779 0.063965
0  0.883332 -10.838671 107.850380  0.000000 1.000000 -0.000000  0.498779 0.073730
0  0.362365 -10.838669 111.496849  0.000000 1.000000 -0.000000  0.422852 0.092773
no_material
0  0.883332 -10.838671 107.850380  0.000000 1.000000 -0.000000  0.498779 0.073730
0  0.362365 -10.838671 107.850380  0.000000 1.000000 -0.000001  0.498779 0.092773
0  0.362365 -10.838669 111.496849  0.000000 1.000000 -0.000000  0.422852 0.092773
no_material
0  -6.689675 -16.344233 90.552254  0.396425 0.918067 0.000000  0.059692 0.143066
0  -6.689677 -16.344229 105.490303  0.396425 0.918067 0.000000  0.324219 0.143066
0  -5.366193 -16.899229 106.045319  0.396452 0.918055 -0.000002  0.333984 0.168457
no_material
0  -5.366191 -16.899233 89.997246  0.396456 0.918054 0.000000  0.049835 0.168457
0  -6.689675 -16.344233 90.552254  0.396425 0.918067 0.000000  0.059692 0.143066
0  -5.366193 -16.899229 106.045319  0.396452 0.918055 -0.000002  0.333984 0.168457
no_material
0  -5.366191 -16.899233 89.997246  0.396456 0.918054 0.000000  0.049835 0.168457
0  -5.366193 -16.899229 106.045319  0.396452 0.918055 -0.000002  0.333984 0.168457
0  -5.180539 -17.147902 106.293976  1.000000 0.000018 0.000000  0.338379 0.173828
no_material
0  -5.180537 -17.147903 89.748589  1.000000 0.000002 -0.000008  0.045441 0.173828
0  -5.366191 -16.899233 89.997246  0.396456 0.918054 0.000000  0.049835 0.168457
0  -5.180539 -17.147902 106.293976  1.000000 0.000018 0.000000  0.338379 0.173828
no_material
0  -6.689675 16.344208 90.552238  0.396436 -0.000000 0.918062  0.638672 0.143066
0  -6.689675 -16.344233 90.552254  0.396468 0.000000 0.918048  0.059692 0.143066
0  -5.366191 -16.899233 89.997246  0.396423 -0.000000 0.918068  0.049835 0.168457
no_material
0  -5.366191 16.899208 89.997231  0.396435 -0.000002 0.918063  0.648438 0.168457
0  -6.689675 16.344208 90.552238  0.396436 -0.000000 0.918062  0.638672 0.143066
0  -5.366191 -16.899233 89.997246  0.396423 -0.000000 0.918068  0.049835 0.168457
no_material
0  -5.366191 16.899208 89.997231  0.396435 -0.000002 0.918063  0.648438 0.168457
0  -5.366191 -16.899233 89.997246  0.396423 -0.000000 0.918068  0.049835 0.168457
0  -5.180537 -17.147903 89.748589  1.000000 0.000002 -0.000008  0.045441 0.173828
no_material
0  -5.180537 17.147909 89.748573  1.000000 0.000005 -0.000009  0.652832 0.173828
0  -5.366191 16.899208 89.997231  0.396435 -0.000002 0.918063  0.648438 0.168457
0  -5.180537 -17.147903 89.748589  1.000000 0.000002 -0.000008  0.045441 0.173828
no_material
0  -5.180537 18.704319 88.192146  1.000000 0.000000 0.000000  0.680664 0.201172
0  -5.180537 17.147909 89.748573  1.000000 0.000005 -0.000009  0.652832 0.173828
0  -5.180537 -17.147903 89.748589  1.000000 0.000002 -0.000008  0.045441 0.173828
no_material
0  -5.180537 -18.704325 88.192162  1.000000 -0.000000 0.000000  0.017868 0.201172
0  -5.180537 18.704319 88.192146  1.000000 0.000000 0.000000  0.680664 0.201172
0  -5.180537 -17.147903 89.748589  1.000000 0.000002 -0.000008  0.045441 0.173828
no_material
0  -5.180537 -17.147903 89.748589  1.000000 0.000002 -0.000008  0.045441 0.173828
0  -5.180539 -17.147902 106.293976  1.000000 0.000018 0.000000  0.338379 0.173828
0  -5.180537 -18.704325 88.192162  1.000000 -0.000000 0.000000  0.017868 0.201172
no_material
0  -5.180539 -17.147902 106.293976  1.000000 0.000018 0.000000  0.338379 0.173828
0  -5.180539 -18.704334 107.850403  1.000000 0.000000 0.000000  0.365967 0.201172
0  -5.180537 -18.704325 88.192162  1.000000 -0.000000 0.000000  0.017868 0.201172
no_material
0  -5.366193 16.899212 106.045303  0.396432 -0.918064 -0.000002  0.662598 0.168457
0  -6.689677 16.344212 105.490288  0.396425 -0.918067 -0.000000  0.672363 0.143066
0  -6.689675 16.344208 90.552238  0.396425 -0.918067 0.000000  0.937012 0.143066
no_material
0  -5.366193 16.899212 106.045303  0.396432 -0.918064 -0.000002  0.662598 0.168457
0  -6.689675 16.344208 90.552238  0.396425 -0.918067 0.000000  0.937012 0.143066
0  -5.366191 16.899208 89.997231  0.396439 -0.918061 0.000000  0.946777 0.168457
no_material
0  -5.180539 17.147911 106.293968  1.000000 -0.000056 0.000057  0.658203 0.173828
0  -5.366193 16.899212 106.045303  0.396432 -0.918064 -0.000002  0.662598 0.168457
0  -5.366191 16.899208 89.997231  0.396439 -0.918061 0.000000  0.946777 0.168457
no_material
0  -5.180539 17.147911 106.293968  1.000000 -0.000056 0.000057  0.658203 0.173828
0  -5.366191 16.899208 89.997231  0.396439 -0.918061 0.000000  0.946777 0.168457
0  -5.180537 17.147909 89.748573  1.000000 0.000011 0.000001  0.951172 0.173828
no_material
0  -5.180539 17.147911 106.293968  1.000000 -0.000056 0.000057  0.658203 0.173828
0  -5.180537 17.147909 89.748573  1.000000 0.000011 0.000001  0.951172 0.173828
0  -5.180537 18.704319 88.192146  1.000000 -0.000000 0.000000  0.979004 0.201172
no_material
0  -5.180539 18.704340 107.850380  1.000000 0.000000 0.000000  0.630859 0.201172
0  -5.180539 17.147911 106.293968  1.000000 -0.000056 0.000057  0.658203 0.173828
0  -5.180537 18.704319 88.192146  1.000000 -0.000000 0.000000  0.979004 0.201172
no_material
0  -6.689677 -16.344229 105.490303  0.396429 0.000000 -0.918066  1.251953 0.143066
0  -6.689677 16.344212 105.490288  0.396444 -0.000000 -0.918059  0.672363 0.143066
0  -5.366193 16.899212 106.045303  0.396490 -0.000004 -0.918039  0.662598 0.168457
no_material
0  -5.366193 -16.899229 106.045319  0.396446 -0.000000 -0.918058  1.261719 0.168457
0  -6.689677 -16.344229 105.490303  0.396429 0.000000 -0.918066  1.251953 0.143066
0  -5.366193 16.899212 106.045303  0.396490 -0.000004 -0.918039  0.662598 0.168457
no_material
0  -5.366193 -16.899229 106.045319  0.396446 -0.000000 -0.918058  1.261719 0.168457
0  -5.366193 16.899212 106.045303  0.396490 -0.000004 -0.918039  0.662598 0.168457
0  -5.180539 17.147911 106.293968  1.000000 -0.000056 0.000057  0.658203 0.173828
no_material
0  -5.180539 -17.147902 106.293976  1.000000 -0.000003 0.000016  1.265625 0.173828
0  -5.366193 -16.899229 106.045319  0.396446 -0.000000 -0.918058  1.261719 0.168457
0  -5.180539 17.147911 106.293968  1.000000 -0.000056 0.000057  0.658203 0.173828
no_material
0  -5.180539 -17.147902 106.293976  1.000000 -0.000003 0.000016  1.265625 0.173828
0  -5.180539 17.147911 106.293968  1.000000 -0.000056 0.000057  0.658203 0.173828
0  -5.180539 18.704340 107.850380  1.000000 0.000000 0.000000  0.630859 0.201172
no_material
0  -5.180539 -18.704334 107.850403  1.000000 -0.000000 0.000000  1.292969 0.201172
0  -5.180539 -17.147902 106.293976  1.000000 -0.000003 0.000016  1.265625 0.173828
0  -5.180539 18.704340 107.850380  1.000000 0.000000 0.000000  0.630859 0.201172
no_material
0  1.100719 13.731873 108.015221  0.000000 1.000000 -0.000001  0.498779 0.063965
0  0.362365 13.731874 111.496857  0.000000 1.000000 -0.000000  0.422852 0.092773
0  1.810634 13.731874 111.496857  0.000000 1.000000 0.000000  0.422852 0.063965
no_material
0  1.100719 13.731873 108.015221  0.000000 1.000000 -0.000001  0.498779 0.063965
0  0.883332 13.731873 107.850388  0.000000 1.000000 -0.000001  0.498779 0.073730
0  0.362365 13.731874 111.496857  0.000000 1.000000 -0.000000  0.422852 0.092773
no_material
0  0.883332 13.731873 107.850388  0.000000 1.000000 -0.000001  0.498779 0.073730
0  0.362365 13.731873 107.850388  0.000000 1.000000 -0.000001  0.498779 0.092773
0  0.362365 13.731874 111.496857  0.000000 1.000000 -0.000000  0.422852 0.092773
no_material
0  0.362365 -13.731834 107.850403  0.000000 -0.000008 -1.000000  0.498779 0.063965
0  0.362365 -10.838671 107.850380  0.000000 -0.000008 -1.000000  0.498779 0.092773
0  0.883332 -10.838671 107.850380  0.599986 -0.000008 -0.800010  0.490479 0.092773
no_material
0  0.883333 -13.731834 107.850403  0.206938 -0.000008 -0.978354  0.490479 0.063965
0  0.362365 -13.731834 107.850403  0.000000 -0.000008 -1.000000  0.498779 0.063965
0  0.883332 -10.838671 107.850380  0.599986 -0.000008 -0.800010  0.490479 0.092773
no_material
0  0.883333 -13.731834 107.850403  0.206938 -0.000008 -0.978354  0.490479 0.063965
0  0.883332 -10.838671 107.850380  0.599986 -0.000008 -0.800010  0.490479 0.092773
0  1.100719 -10.838671 108.015213  0.967819 -0.000004 -0.251646  0.479980 0.092773
no_material
0  1.100720 -13.731834 108.015236  0.967822 -0.000003 -0.251636  0.479980 0.063965
0  0.883333 -13.731834 107.850403  0.206938 -0.000008 -0.978354  0.490479 0.063965
0  1.100719 -10.838671 108.015213  0.967819 -0.000004 -0.251646  0.479980 0.092773
no_material
0  1.810635 -13.731833 111.496857  0.978347 -0.000001 -0.206974  0.422852 0.063965
0  1.100720 -13.731834 108.015236  0.967822 -0.000003 -0.251636  0.479980 0.063965
0  1.100719 -10.838671 108.015213  0.967819 -0.000004 -0.251646  0.479980 0.092773
no_material
0  1.810634 -10.838669 111.496849  0.978347 -0.000000 -0.206973  0.422852 0.092773
0  1.810635 -13.731833 111.496857  0.978347 -0.000001 -0.206974  0.422852 0.063965
0  1.100719 -10.838671 108.015213  0.967819 -0.000004 -0.251646  0.479980 0.092773
no_material
0  -5.180525 17.120939 84.023048  1.000000 0.000048 0.000003  1.001953 0.173828
0  -5.180536 18.699194 85.601295  1.000000 0.000000 0.000007  1.029297 0.201172
0  -5.180532 0.000012 85.601311  1.000000 -0.000000 0.000001  0.700684 0.201172
no_material
0  -5.180525 17.120939 84.023048  1.000000 0.000048 0.000003  1.001953 0.173828
0  -5.180532 0.000012 85.601311  1.000000 -0.000000 0.000001  0.700684 0.201172
0  -5.180531 1.578236 84.025352  1.000000 0.000002 0.000001  0.728516 0.173828
no_material
0  -5.180525 17.120939 84.023048  1.000000 0.000048 0.000003  1.001953 0.173828
0  -5.180531 1.578236 84.025352  1.000000 0.000002 0.000001  0.728516 0.173828
0  -5.368528 1.811314 83.789970  0.396416 0.000007 -0.918071  0.732422 0.168457
no_material
0  -5.368533 16.887869 83.789986  0.396422 -0.000012 -0.918068  0.998047 0.168457
0  -5.180525 17.120939 84.023048  1.000000 0.000048 0.000003  1.001953 0.173828
0  -5.368528 1.811314 83.789970  0.396416 0.000007 -0.918071  0.732422 0.168457
no_material
0  -5.368533 16.887869 83.789986  0.396422 -0.000012 -0.918068  0.998047 0.168457
0  -5.368528 1.811314 83.789970  0.396416 0.000007 -0.918071  0.732422 0.168457
0  -6.689669 2.402259 83.199028  0.396423 -0.000000 -0.918068  0.743164 0.143066
no_material
0  -6.689663 16.296921 83.199028  0.396431 -0.000001 -0.918064  0.987793 0.143066
0  -5.368533 16.887869 83.789986  0.396422 -0.000012 -0.918068  0.998047 0.168457
0  -6.689669 2.402259 83.199028  0.396423 -0.000000 -0.918068  0.743164 0.143066
no_material
0  0.362365 10.838709 107.850403  0.000000 -0.000005 -1.000000  0.498779 0.063965
0  0.362365 13.731873 107.850388  0.000000 -0.000005 -1.000000  0.498779 0.092773
0  0.883332 13.731873 107.850388  0.600011 -0.000005 -0.799992  0.490479 0.092773
no_material
0  0.883333 10.838709 107.850403  0.206964 -0.000005 -0.978349  0.490479 0.063965
0  0.362365 10.838709 107.850403  0.000000 -0.000005 -1.000000  0.498779 0.063965
0  0.883332 13.731873 107.850388  0.600011 -0.000005 -0.799992  0.490479 0.092773
no_material
0  0.883333 10.838709 107.850403  0.206964 -0.000005 -0.978349  0.490479 0.063965
0  0.883332 13.731873 107.850388  0.600011 -0.000005 -0.799992  0.490479 0.092773
0  1.100719 13.731873 108.015221  0.967826 -0.000002 -0.251620  0.479980 0.092773
no_material
0  1.100720 10.838709 108.015236  0.967828 0.000201 -0.251612  0.479980 0.063965
0  0.883333 10.838709 107.850403  0.206964 -0.000005 -0.978349  0.490479 0.063965
0  1.100719 13.731873 108.015221  0.967826 -0.000002 -0.251620  0.479980 0.092773
no_material
0  1.810635 10.838711 111.496864  0.978347 -0.000000 -0.206974  0.422852 0.063965
0  1.100720 10.838709 108.015236  0.967828 0.000201 -0.251612  0.479980 0.063965
0  1.100719 13.731873 108.015221  0.967826 -0.000002 -0.251620  0.479980 0.092773
no_material
0  1.810634 13.731874 111.496857  0.978346 -0.000000 -0.206974  0.422852 0.092773
0  1.810635 10.838711 111.496864  0.978347 -0.000000 -0.206974  0.422852 0.063965
0  1.100719 13.731873 108.015221  0.967826 -0.000002 -0.251620  0.479980 0.092773
no_material
0  2.610077 11.861018 122.484497  1.000000 0.000012 -0.000041  0.373291 0.316406
0  2.610077 12.717026 123.324966  1.000000 0.000000 0.000000  0.363037 0.326172
0  2.610077 -12.802777 123.324966  1.000000 0.000000 0.000000  0.670898 0.326172
no_material
0  2.610077 11.861018 122.484497  1.000000 0.000012 -0.000041  0.373291 0.316406
0  2.610077 -12.802777 123.324966  1.000000 0.000000 0.000000  0.670898 0.326172
0  2.610077 -11.946771 122.484512  1.000000 -0.000012 0.000043  0.660156 0.316406
no_material
0  2.610077 11.861018 122.484497  1.000000 0.000012 -0.000041  0.373291 0.316406
0  2.610077 -11.946771 122.484512  1.000000 -0.000012 0.000043  0.660156 0.316406
0  2.661341 -11.813113 122.350861  0.818178 -0.000004 0.574965  0.658691 0.314453
no_material
0  2.661341 11.727361 122.350845  0.818211 0.000005 0.574917  0.375000 0.314453
0  2.610077 11.861018 122.484497  1.000000 0.000012 -0.000041  0.373291 0.316406
0  2.661341 -11.813113 122.350861  0.818178 -0.000004 0.574965  0.658691 0.314453
no_material
0  2.895838 11.466638 122.090134  0.799999 0.000000 0.600001  0.378174 0.311523
0  2.661341 11.727361 122.350845  0.818211 0.000005 0.574917  0.375000 0.314453
0  2.661341 -11.813113 122.350861  0.818178 -0.000004 0.574965  0.658691 0.314453
no_material
0  2.895838 11.466638 122.090134  0.799999 0.000000 0.600001  0.378174 0.311523
0  2.661341 -11.813113 122.350861  0.818178 -0.000004 0.574965  0.658691 0.314453
0  2.895838 -11.552390 122.090149  0.800006 -0.000000 0.599992  0.655762 0.311523
no_material
0  2.895838 11.466638 122.090134  0.799999 0.000000 0.600001  0.378174 0.311523
0  2.895838 -11.552390 122.090149  0.800006 -0.000000 0.599992  0.655762 0.311523
0  2.947102 -11.418733 121.956482  1.000000 0.000028 -0.000013  0.653809 0.310059
no_material
0  2.947102 11.332980 121.956482  1.000000 0.000002 -0.000018  0.379639 0.310059
0  2.895838 11.466638 122.090134  0.799999 0.000000 0.600001  0.378174 0.311523
0  2.947102 -11.418733 121.956482  1.000000 0.000028 -0.000013  0.653809 0.310059
no_material
0  2.947102 11.332980 121.956482  1.000000 0.000002 -0.000018  0.379639 0.310059
0  2.947103 -11.418734 115.878082  1.000000 -0.000010 0.000033  0.653809 0.236328
0  2.947103 11.332979 115.878067  1.000000 -0.000008 -0.000004  0.379639 0.236328
no_material
0  2.947103 -11.418734 115.878082  1.000000 -0.000010 0.000033  0.653809 0.236328
0  2.947102 11.332980 121.956482  1.000000 0.000002 -0.000018  0.379639 0.310059
0  2.947102 -11.418733 121.956482  1.000000 0.000028 -0.000013  0.653809 0.310059
no_material
0  2.947103 -11.418734 115.878082  1.000000 -0.000010 0.000033  0.653809 0.236328
0  2.947102 -11.418733 121.956482  1.000000 0.000028 -0.000013  0.653809 0.310059
0  2.895838 -11.552390 122.090149  0.799989 -0.600014 -0.000000  0.655762 0.311523
no_material
0  2.895839 -11.552391 115.744415  0.800018 -0.599976 -0.000001  0.655762 0.234863
0  2.947103 -11.418734 115.878082  1.000000 -0.000010 0.000033  0.653809 0.236328
0  2.895838 -11.552390 122.090149  0.799989 -0.600014 -0.000000  0.655762 0.311523
no_material
0  2.895839 -11.552391 115.744415  0.800018 -0.599976 -0.000001  0.655762 0.234863
0  2.895838 -11.552390 122.090149  0.799989 -0.600014 -0.000000  0.655762 0.311523
0  2.661341 -11.813113 122.350861  0.818182 -0.574959 -0.000001  0.658691 0.314453
no_material
0  2.661341 -11.813114 115.483704  0.818187 -0.574953 0.000001  0.658691 0.231934
0  2.895839 -11.552391 115.744415  0.800018 -0.599976 -0.000001  0.655762 0.234863
0  2.661341 -11.813113 122.350861  0.818182 -0.574959 -0.000001  0.658691 0.314453
no_material
0  2.661341 -11.813114 115.483704  0.818187 -0.574953 0.000001  0.658691 0.231934
0  2.661341 -11.813113 122.350861  0.818182 -0.574959 -0.000001  0.658691 0.314453
0  2.610077 -11.946771 122.484512  0.998753 -0.049931 -0.000001  0.660156 0.316406
no_material
0  2.610078 -11.946772 115.350052  0.998751 -0.049956 0.000001  0.660156 0.229980
0  2.661341 -11.813114 115.483704  0.818187 -0.574953 0.000001  0.658691 0.231934
0  2.610077 -11.946771 122.484512  0.998753 -0.049931 -0.000001  0.660156 0.316406
no_material
0  2.610078 -11.946772 115.350052  0.998751 -0.049956 0.000001  0.660156 0.229980
0  2.610077 -11.946771 122.484512  0.998753 -0.049931 -0.000001  0.660156 0.316406
0  2.610077 -12.802777 123.324966  0.998753 -0.049923 -0.000049  0.670898 0.326172
no_material
0  2.610078 -12.802779 114.494049  0.998752 -0.049942 0.000004  0.670898 0.219727
0  2.610078 -11.946772 115.350052  0.998751 -0.049956 0.000001  0.660156 0.229980
0  2.610077 -12.802777 123.324966  0.998753 -0.049923 -0.000049  0.670898 0.326172
no_material
0  2.610078 -12.802779 114.494049  0.998752 -0.049942 0.000004  0.670898 0.219727
0  2.610077 -12.802777 123.324966  0.998753 -0.049923 -0.000049  0.670898 0.326172
0  2.564967 -12.936089 123.324966  0.800001 -0.599999 0.000000  0.672363 0.326172
no_material
0  2.565074 -12.935960 114.346375  0.799990 -0.600013 0.000002  0.672363 0.218262
0  2.610078 -12.802779 114.494049  0.998752 -0.049942 0.000004  0.670898 0.219727
0  2.564967 -12.936089 123.324966  0.800001 -0.599999 0.000000  0.672363 0.326172
no_material
0  2.565074 -12.935960 114.346375  0.799990 -0.600013 0.000002  0.672363 0.218262
0  2.564967 -12.936089 123.324966  0.800001 -0.599999 0.000000  0.672363 0.326172
0  1.897277 -13.774727 123.324966  0.866904 -0.498474 0.000000  0.682617 0.326172
no_material
0  1.897278 -13.774729 113.292465  0.866911 -0.498462 0.000000  0.682617 0.205566
0  2.565074 -12.935960 114.346375  0.799990 -0.600013 0.000002  0.672363 0.218262
0  1.897277 -13.774727 123.324966  0.866904 -0.498474 0.000000  0.682617 0.326172
no_material
0  1.897278 -13.774729 113.292465  0.866911 -0.498462 0.000000  0.682617 0.205566
0  1.897277 -13.774727 123.324966  0.866904 -0.498474 0.000000  0.682617 0.326172
0  1.897277 -14.046404 123.324966  1.000000 -0.000003 0.000000  0.685547 0.326172
no_material
0  1.897278 -14.046406 113.292465  1.000000 -0.000003 0.000000  0.685547 0.205566
0  1.897278 -13.774729 113.292465  0.866911 -0.498462 0.000000  0.682617 0.205566
0  1.897277 -14.046404 123.324966  1.000000 -0.000003 0.000000  0.685547 0.326172
no_material
0  1.897278 -14.046406 113.292465  1.000000 -0.000003 0.000000  0.685547 0.205566
0  1.897277 -14.046404 123.324966  1.000000 -0.000003 0.000000  0.685547 0.326172
0  1.897251 -19.044647 123.324966  1.000000 -0.000005 0.000000  0.746094 0.326172
no_material
0  1.897253 -19.044649 113.292465  1.000000 -0.000005 0.000000  0.746094 0.205566
0  1.897278 -14.046406 113.292465  1.000000 -0.000003 0.000000  0.685547 0.205566
0  1.897251 -19.044647 123.324966  1.000000 -0.000005 0.000000  0.746094 0.326172
no_material
0  1.897253 -19.044649 113.292465  1.000000 -0.000005 0.000000  0.746094 0.205566
0  1.897251 -19.044647 123.324966  1.000000 -0.000005 0.000000  0.746094 0.326172
0  1.897225 -23.957071 123.324966  1.000000 -0.000005 0.000000  0.806152 0.326172
no_material
0  1.897226 -23.957073 113.292465  1.000000 -0.000005 0.000000  0.806152 0.205566
0  1.897253 -19.044649 113.292465  1.000000 -0.000005 0.000000  0.746094 0.205566
0  1.897225 -23.957071 123.324966  1.000000 -0.000005 0.000000  0.806152 0.326172
no_material
0  -5.180530 18.699175 32.169693  1.000000 0.000008 0.000000  1.352539 0.201172
0  -5.180536 18.699194 85.601295  1.000000 0.000006 0.000000  0.412354 0.201172
0  -5.180525 17.120939 84.023048  1.000000 0.000022 -0.000008  0.440186 0.173828
no_material
0  -5.180519 17.120920 33.747940  1.000000 0.000044 0.000007  1.324219 0.173828
0  -5.180530 18.699175 32.169693  1.000000 0.000008 0.000000  1.352539 0.201172
0  -5.180525 17.120939 84.023048  1.000000 0.000022 -0.000008  0.440186 0.173828
no_material
0  -5.368527 16.887850 33.981010  0.396421 -0.918069 -0.000011  1.320312 0.168457
0  -5.180519 17.120920 33.747940  1.000000 0.000044 0.000007  1.324219 0.173828
0  -5.180525 17.120939 84.023048  1.000000 0.000022 -0.000008  0.440186 0.173828
no_material
0  -5.368527 16.887850 33.981010  0.396421 -0.918069 -0.000011  1.320312 0.168457
0  -5.180525 17.120939 84.023048  1.000000 0.000022 -0.000008  0.440186 0.173828
0  -5.368533 16.887869 83.789986  0.396444 -0.918059 0.000014  0.444336 0.168457
no_material
0  -5.368527 16.887850 33.981010  0.396421 -0.918069 -0.000011  1.320312 0.168457
0  -5.368533 16.887869 83.789986  0.396444 -0.918059 0.000014  0.444336 0.168457
0  -6.689663 16.296921 83.199028  0.396425 -0.918067 -0.000000  0.454590 0.143066
no_material
0  -6.689658 16.296906 34.571976  0.396422 -0.918068 -0.000001  1.309570 0.143066
0  -5.368527 16.887850 33.981010  0.396421 -0.918069 -0.000011  1.320312 0.168457
0  -6.689663 16.296921 83.199028  0.396425 -0.918067 -0.000000  0.454590 0.143066
no_material
0  0.000000 0.000001 0.000000  -0.000000 -0.000000 -1.000000  1.053711 0.143066
0  3.859621 19.078518 -0.000004  -0.000000 -0.000000 -1.000000  1.335938 0.201172
0  3.962526 18.754971 -0.000004  -0.000000 -0.000000 -1.000000  1.331055 0.201172
no_material
0  0.000000 0.000001 0.000000  -0.000000 -0.000000 -1.000000  1.053711 0.143066
0  3.962526 18.754971 -0.000004  -0.000000 -0.000000 -1.000000  1.331055 0.201172
0  3.962526 0.000001 0.000000  0.000000 -0.000000 -1.000000  1.053711 0.201172
no_material
0  0.000000 0.000001 0.000000  -0.000000 -0.000000 -1.000000  1.053711 0.143066
0  3.962526 0.000001 0.000000  0.000000 -0.000000 -1.000000  1.053711 0.201172
0  3.962526 -18.754971 0.000004  0.000000 -0.000000 -1.000000  0.777344 0.201172
no_material
0  0.000000 0.000001 0.000000  -0.000000 -0.000000 -1.000000  1.053711 0.143066
0  3.962526 -18.754971 0.000004  0.000000 -0.000000 -1.000000  0.777344 0.201172
0  3.859621 -19.078518 0.000004  -0.000000 -0.000000 -1.000000  0.772461 0.201172
no_material
0  0.000000 -24.633219 0.000006  -0.000000 -0.000000 -1.000000  0.690430 0.143066
0  0.000000 0.000001 0.000000  -0.000000 -0.000000 -1.000000  1.053711 0.143066
0  3.859621 -19.078518 0.000004  -0.000000 -0.000000 -1.000000  0.772461 0.201172
no_material
0  0.000000 -24.633219 0.000006  -0.000000 -0.000000 -1.000000  0.690430 0.143066
0  3.859621 -19.078518 0.000004  -0.000000 -0.000000 -1.000000  0.772461 0.201172
0  3.685583 -19.329750 0.000004  -0.000157 0.000108 -1.000000  0.769043 0.201172
no_material
0  0.000000 -24.633219 0.000006  -0.000000 -0.000000 -1.000000  0.690430 0.143066
0  3.685583 -19.329750 0.000004  -0.000157 0.000108 -1.000000  0.769043 0.201172
0  3.582679 -19.653297 0.000004  -0.000001 0.000000 -1.000000  0.764160 0.201172
no_material
0  0.000000 -24.633219 0.000006  -0.000000 -0.000000 -1.000000  0.690430 0.143066
0  3.582679 -19.653297 0.000004  -0.000001 0.000000 -1.000000  0.764160 0.201172
0  3.582679 -24.210115 0.000005  -0.000000 -0.000001 -1.000000  0.696777 0.201172
no_material
0  3.156662 -24.633224 0.000006  -0.000000 -0.000002 -1.000000  0.690430 0.201172
0  0.000000 -24.633219 0.000006  -0.000000 -0.000000 -1.000000  0.690430 0.143066
0  3.582679 -24.210115 0.000005  -0.000000 -0.000001 -1.000000  0.696777 0.201172
no_material
0  2.848979 24.891453 28.130217  0.087960 0.923349 -0.373751  1.280273 0.143066
0  -0.010860 24.891453 28.130217  -0.000000 0.961518 -0.274740  1.363281 0.143066
0  -0.010861 25.678358 30.867262  -0.000000 0.961544 -0.274650  1.363281 0.201172
no_material
0  2.848979 24.891453 28.130217  0.087960 0.923349 -0.373751  1.280273 0.143066
0  -0.010861 25.678358 30.867262  -0.000000 0.961544 -0.274650  1.363281 0.201172
0  5.526979 25.678366 30.867262  0.087932 0.923368 -0.373711  1.280273 0.201172
no_material
0  3.326230 24.415947 28.130219  0.718237 -0.000018 -0.695799  1.269531 0.143066
0  2.848979 24.891453 28.130217  0.087960 0.923349 -0.373751  1.280273 0.143066
0  5.526979 25.678366 30.867262  0.087932 0.923368 -0.373711  1.280273 0.201172
no_material
0  3.326230 24.415947 28.130219  0.718237 -0.000018 -0.695799  1.269531 0.143066
0  5.526979 25.678366 30.867262  0.087932 0.923368 -0.373711  1.280273 0.201172
0  6.004803 25.201939 30.867262  0.718246 -0.000003 -0.695789  1.269531 0.201172
no_material
0  3.326230 24.415947 28.130219  0.718237 -0.000018 -0.695799  1.269531 0.143066
0  6.004803 25.201939 30.867262  0.718246 -0.000003 -0.695789  1.269531 0.201172
0  6.004803 21.105528 30.867262  0.718280 -0.000000 -0.695755  1.202148 0.201172
no_material
0  3.326230 21.105528 28.130201  0.718247 0.000000 -0.695788  1.202148 0.143066
0  3.326230 24.415947 28.130219  0.718237 -0.000018 -0.695799  1.269531 0.143066
0  6.004803 21.105528 30.867262  0.718280 -0.000000 -0.695755  1.202148 0.201172
no_material
0  3.326230 0.000005 28.130222  0.718245 0.000000 -0.695790  0.880371 0.143066
0  3.326230 21.105528 28.130201  0.718247 0.000000 -0.695788  1.202148 0.143066
0  6.004803 21.105528 30.867262  0.718280 -0.000000 -0.695755  1.202148 0.201172
no_material
0  3.326230 0.000005 28.130222  0.718245 0.000000 -0.695790  0.880371 0.143066
0  6.004803 21.105528 30.867262  0.718280 -0.000000 -0.695755  1.202148 0.201172
0  6.004803 0.000006 30.867268  0.718245 0.000000 -0.695790  0.880371 0.201172
no_material
0  3.326230 0.000005 28.130222  0.718245 0.000000 -0.695790  0.880371 0.143066
0  6.004803 0.000006 30.867268  0.718245 0.000000 -0.695790  0.880371 0.201172
0  6.004803 -21.105516 30.867273  0.718246 -0.000000 -0.695789  0.558105 0.201172
no_material
0  3.326230 -21.105516 28.130213  0.718280 0.000000 -0.695754  0.558105 0.143066
0  3.326230 0.000005 28.130222  0.718245 0.000000 -0.695790  0.880371 0.143066
0  6.004803 -21.105516 30.867273  0.718246 -0.000000 -0.695789  0.558105 0.201172
no_material
0  3.326230 -24.415937 28.130226  0.718235 0.000016 -0.695801  0.490723 0.143066
0  3.326230 -21.105516 28.130213  0.718280 0.000000 -0.695754  0.558105 0.143066
0  6.004803 -21.105516 30.867273  0.718246 -0.000000 -0.695789  0.558105 0.201172
no_material
0  3.326230 -24.415937 28.130226  0.718235 0.000016 -0.695801  0.490723 0.143066
0  6.004803 -21.105516 30.867273  0.718246 -0.000000 -0.695789  0.558105 0.201172
0  6.004803 -25.201927 30.867273  0.718250 0.000002 -0.695786  0.490723 0.201172
no_material
0  3.326230 -24.415937 28.130226  0.718235 0.000016 -0.695801  0.490723 0.143066
0  6.004803 -25.201927 30.867273  0.718250 0.000002 -0.695786  0.490723 0.201172
0  5.526979 -25.678354 30.867273  0.087935 -0.923369 -0.373707  0.480469 0.201172
no_material
0  2.848979 -24.891441 28.130228  0.087957 -0.923349 -0.373751  0.480469 0.143066
0  3.326230 -24.415937 28.130226  0.718235 0.000016 -0.695801  0.490723 0.143066
0  5.526979 -25.678354 30.867273  0.087935 -0.923369 -0.373707  0.480469 0.201172
no_material
0  -0.010861 -25.678347 30.867273  -0.000001 -0.961531 -0.274696  0.397217 0.201172
0  2.848979 -24.891441 28.130228  0.087957 -0.923349 -0.373751  0.480469 0.143066
0  5.526979 -25.678354 30.867273  0.087935 -0.923369 -0.373707  0.480469 0.201172
no_material
0  -0.010861 -25.678347 30.867273  -0.000001 -0.961531 -0.274696  0.397217 0.201172
0  -0.010860 -24.891441 28.130228  -0.000000 -0.961505 -0.274787  0.397217 0.143066
0  2.848979 -24.891441 28.130228  0.087957 -0.923349 -0.373751  0.480469 0.143066
no_material
0  -6.689663 -16.296957 34.571960  0.396422 0.918068 0.000000  0.779297 0.143066
0  -6.689669 -16.296942 83.199028  0.396420 0.918069 0.000001  1.634766 0.143066
0  -5.368528 -16.887886 83.789970  0.396458 0.918053 -0.000012  1.644531 0.168457
no_material
0  -5.368522 -16.887905 33.981026  0.396435 0.918063 0.000010  0.769043 0.168457
0  -6.689663 -16.296957 34.571960  0.396422 0.918068 0.000000  0.779297 0.143066
0  -5.368528 -16.887886 83.789970  0.396458 0.918053 -0.000012  1.644531 0.168457
no_material
0  -5.368522 -16.887905 33.981026  0.396435 0.918063 0.000010  0.769043 0.168457
0  -5.368528 -16.887886 83.789970  0.396458 0.918053 -0.000012  1.644531 0.168457
0  -5.180531 -17.120964 84.025352  1.000000 -0.000032 0.000043  1.648438 0.173828
no_material
0  -5.180525 -17.120983 33.745644  1.000000 -0.000001 -0.000042  0.764648 0.173828
0  -5.368522 -16.887905 33.981026  0.396435 0.918063 0.000010  0.769043 0.168457
0  -5.180531 -17.120964 84.025352  1.000000 -0.000032 0.000043  1.648438 0.173828
no_material
0  -5.180531 -17.120964 84.025352  1.000000 -0.000032 0.000043  1.648438 0.173828
0  -5.180532 -18.699188 85.601311  1.000000 -0.000001 0.000000  1.676758 0.201172
0  -5.180525 -17.120983 33.745644  1.000000 -0.000001 -0.000042  0.764648 0.173828
no_material
0  -5.180532 -18.699188 85.601311  1.000000 -0.000001 0.000000  1.676758 0.201172
0  -5.180526 -18.699207 32.169701  1.000000 -0.000000 0.000000  0.736816 0.201172
0  -5.180525 -17.120983 33.745644  1.000000 -0.000001 -0.000042  0.764648 0.173828
no_material
0  -6.689663 2.402242 34.571980  0.396421 0.918069 0.000000  0.630859 0.143066
0  -6.689669 2.402259 83.199028  0.396420 0.918069 0.000001  1.485352 0.143066
0  -5.368528 1.811314 83.789970  0.396458 0.918053 -0.000012  1.496094 0.168457
no_material
0  -5.368522 1.811296 33.981030  0.396436 0.918063 0.000012  0.620117 0.168457
0  -6.689663 2.402242 34.571980  0.396421 0.918069 0.000000  0.630859 0.143066
0  -5.368528 1.811314 83.789970  0.396458 0.918053 -0.000012  1.496094 0.168457
no_material
0  -5.368522 1.811296 33.981030  0.396436 0.918063 0.000012  0.620117 0.168457
0  -5.368528 1.811314 83.789970  0.396458 0.918053 -0.000012  1.496094 0.168457
0  -5.180531 1.578236 84.025352  1.000000 -0.000031 0.000043  1.500000 0.173828
no_material
0  -5.180524 1.578218 33.745647  1.000000 -0.000002 -0.000043  0.616211 0.173828
0  -5.368522 1.811296 33.981030  0.396436 0.918063 0.000012  0.620117 0.168457
0  -5.180531 1.578236 84.025352  1.000000 -0.000031 0.000043  1.500000 0.173828
no_material
0  -5.180531 1.578236 84.025352  1.000000 -0.000031 0.000043  1.500000 0.173828
0  -5.180532 0.000012 85.601311  1.000000 -0.000000 0.000000  1.528320 0.201172
0  -5.180524 1.578218 33.745647  1.000000 -0.000002 -0.000043  0.616211 0.173828
no_material
0  -5.180532 0.000012 85.601311  1.000000 -0.000000 0.000000  1.528320 0.201172
0  -5.180526 -0.000007 32.169697  1.000000 -0.000001 0.000000  0.588379 0.201172
0  -5.180524 1.578218 33.745647  1.000000 -0.000002 -0.000043  0.616211 0.173828
no_material
0  -5.180531 0.000009 32.169689  1.000000 0.000009 0.000000  0.895996 0.201172
0  -5.180537 0.000027 85.601295  1.000000 0.000008 0.000000  -0.043976 0.201172
0  -5.180524 -1.578228 84.023048  1.000000 0.000026 -0.000008  -0.016205 0.173828
no_material
0  -5.180518 -1.578246 33.747936  1.000000 0.000043 0.000007  0.868164 0.173828
0  -5.180531 0.000009 32.169689  1.000000 0.000009 0.000000  0.895996 0.201172
0  -5.180524 -1.578228 84.023048  1.000000 0.000026 -0.000008  -0.016205 0.173828
no_material
0  -5.368527 -1.811316 33.981007  0.396418 -0.918070 -0.000012  0.863770 0.168457
0  -5.180518 -1.578246 33.747936  1.000000 0.000043 0.000007  0.868164 0.173828
0  -5.180524 -1.578228 84.023048  1.000000 0.000026 -0.000008  -0.016205 0.173828
no_material
0  -5.368527 -1.811316 33.981007  0.396418 -0.918070 -0.000012  0.863770 0.168457
0  -5.180524 -1.578228 84.023048  1.000000 0.000026 -0.000008  -0.016205 0.173828
0  -5.368534 -1.811299 83.789986  0.396446 -0.918058 0.000014  -0.012108 0.168457
no_material
0  -5.368527 -1.811316 33.981007  0.396418 -0.918070 -0.000012  0.863770 0.168457
0  -5.368534 -1.811299 83.789986  0.396446 -0.918058 0.000014  -0.012108 0.168457
0  -6.689663 -2.402245 83.199028  0.396424 -0.918068 -0.000000  -0.001715 0.143066
no_material
0  -6.689657 -2.402262 34.571964  0.396424 -0.918068 -0.000001  0.853516 0.143066
0  -5.368527 -1.811316 33.981007  0.396418 -0.918070 -0.000012  0.863770 0.168457
0  -6.689663 -2.402245 83.199028  0.396424 -0.918068 -0.000000  -0.001715 0.143066
no_material
0  -0.010854 21.105528 28.130201  0.000000 0.000002 -1.000000  1.157227 0.145508
0  -0.010860 24.891453 28.130217  0.000000 0.000004 -1.000000  1.216797 0.145508
0  2.848979 24.891453 28.130217  0.000005 0.000002 -1.000000  1.216797 0.190918
no_material
0  -0.010854 21.105528 28.130201  0.000000 0.000002 -1.000000  1.157227 0.145508
0  2.848979 24.891453 28.130217  0.000005 0.000002 -1.000000  1.216797 0.190918
0  3.326230 24.415947 28.130219  0.000006 0.000002 -1.000000  1.209961 0.198730
no_material
0  -0.010854 21.105528 28.130201  0.000000 0.000002 -1.000000  1.157227 0.145508
0  3.326230 24.415947 28.130219  0.000006 0.000002 -1.000000  1.209961 0.198730
0  3.326230 21.105528 28.130201  0.000000 0.000002 -1.000000  1.157227 0.198730
no_material
0  -0.010854 21.105528 28.130201  0.000000 0.000002 -1.000000  1.157227 0.145508
0  3.326230 21.105528 28.130201  0.000000 0.000002 -1.000000  1.157227 0.198730
0  3.326230 0.000005 28.130222  0.000000 -0.000000 -1.000000  0.822754 0.198730
no_material
0  -0.010848 0.000005 28.130222  0.000000 -0.000000 -1.000000  0.822754 0.145508
0  -0.010854 21.105528 28.130201  0.000000 0.000002 -1.000000  1.157227 0.145508
0  3.326230 0.000005 28.130222  0.000000 -0.000000 -1.000000  0.822754 0.198730
no_material
0  -0.010854 -21.105516 28.130213  -0.000000 -0.000002 -1.000000  0.487793 0.145508
0  -0.010848 0.000005 28.130222  0.000000 -0.000000 -1.000000  0.822754 0.145508
0  3.326230 0.000005 28.130222  0.000000 -0.000000 -1.000000  0.822754 0.198730
no_material
0  -0.010854 -21.105516 28.130213  -0.000000 -0.000002 -1.000000  0.487793 0.145508
0  3.326230 0.000005 28.130222  0.000000 -0.000000 -1.000000  0.822754 0.198730
0  3.326230 -21.105516 28.130213  0.000000 -0.000002 -1.000000  0.487793 0.198730
no_material
0  3.326230 -21.105516 28.130213  0.000000 -0.000002 -1.000000  0.487793 0.198730
0  3.326230 -24.415937 28.130226  -0.000003 -0.000004 -1.000000  0.435303 0.198730
0  -0.010854 -21.105516 28.130213  -0.000000 -0.000002 -1.000000  0.487793 0.145508
no_material
0  3.326230 -24.415937 28.130226  -0.000003 -0.000004 -1.000000  0.435303 0.198730
0  2.848979 -24.891441 28.130228  -0.000003 -0.000004 -1.000000  0.427734 0.190918
0  -0.010854 -21.105516 28.130213  -0.000000 -0.000002 -1.000000  0.487793 0.145508
no_material
0  2.848979 -24.891441 28.130228  -0.000003 -0.000004 -1.000000  0.427734 0.190918
0  -0.010860 -24.891441 28.130228  0.000000 -0.000004 -1.000000  0.427734 0.145508
0  -0.010854 -21.105516 28.130213  -0.000000 -0.000002 -1.000000  0.487793 0.145508
no_material
0  4.441552 -24.891424 123.201302  0.000000 -0.000003 -1.000000  0.755371 0.150879
0  -0.010872 -24.891424 123.201302  0.000000 -0.000004 -1.000000  0.755371 0.198730
0  -0.010866 -21.105499 123.201286  0.000000 -0.000002 -1.000000  0.714844 0.198730
no_material
0  4.918803 -24.415920 123.201302  0.000000 -0.000003 -1.000000  0.750488 0.145508
0  4.441552 -24.891424 123.201302  0.000000 -0.000003 -1.000000  0.755371 0.150879
0  -0.010866 -21.105499 123.201286  0.000000 -0.000002 -1.000000  0.714844 0.198730
no_material
0  4.918803 -21.105499 123.201286  -0.000000 -0.000002 -1.000000  0.714844 0.145508
0  4.918803 -24.415920 123.201302  0.000000 -0.000003 -1.000000  0.750488 0.145508
0  -0.010866 -21.105499 123.201286  0.000000 -0.000002 -1.000000  0.714844 0.198730
no_material
0  4.918803 -21.105499 123.201286  -0.000000 -0.000002 -1.000000  0.714844 0.145508
0  -0.010866 -21.105499 123.201286  0.000000 -0.000002 -1.000000  0.714844 0.198730
0  -0.010866 0.000022 123.201279  0.000000 -0.000000 -1.000000  0.488281 0.198730
no_material
0  4.918803 0.000023 123.201279  -0.000000 -0.000000 -1.000000  0.488281 0.145508
0  4.918803 -21.105499 123.201286  -0.000000 -0.000002 -1.000000  0.714844 0.145508
0  -0.010866 0.000022 123.201279  0.000000 -0.000000 -1.000000  0.488281 0.198730
no_material
0  -0.010866 0.000022 123.201279  0.000000 -0.000000 -1.000000  0.488281 0.198730
0  -0.010866 21.105545 123.201271  0.000001 0.000002 -1.000000  0.261719 0.198730
0  4.918803 0.000023 123.201279  -0.000000 -0.000000 -1.000000  0.488281 0.145508
no_material
0  -0.010866 21.105545 123.201271  0.000001 0.000002 -1.000000  0.261719 0.198730
0  4.918803 21.105545 123.201271  0.000000 0.000002 -1.000000  0.261719 0.145508
0  4.918803 0.000023 123.201279  -0.000000 -0.000000 -1.000000  0.488281 0.145508
no_material
0  -0.010866 21.105545 123.201271  0.000001 0.000002 -1.000000  0.261719 0.198730
0  4.918803 24.415966 123.201286  0.000007 0.000003 -1.000000  0.226196 0.145508
0  4.918803 21.105545 123.201271  0.000000 0.000002 -1.000000  0.261719 0.145508
no_material
0  -0.010866 21.105545 123.201271  0.000001 0.000002 -1.000000  0.261719 0.198730
0  4.441552 24.891470 123.201286  0.000008 0.000003 -1.000000  0.221069 0.150879
0  4.918803 24.415966 123.201286  0.000007 0.000003 -1.000000  0.226196 0.145508
no_material
0  -0.010866 21.105545 123.201271  0.000001 0.000002 -1.000000  0.261719 0.198730
0  -0.010872 24.891470 123.201286  0.000000 0.000004 -1.000000  0.221069 0.198730
0  4.441552 24.891470 123.201286  0.000008 0.000003 -1.000000  0.221069 0.150879
no_material
0  4.441552 24.891470 123.201286  -0.000000 0.973419 -0.229032  0.476562 0.143066
0  -0.010872 24.891470 123.201286  0.000000 0.973425 -0.229007  0.571289 0.143066
0  -0.010872 25.678375 126.586151  -0.000000 0.973469 -0.228821  0.571289 0.201172
no_material
0  4.441552 24.891470 123.201286  -0.000000 0.973419 -0.229032  0.476562 0.143066
0  -0.010872 25.678375 126.586151  -0.000000 0.973469 -0.228821  0.571289 0.201172
0  5.526968 25.678383 126.586151  0.000009 0.973419 -0.229033  0.476562 0.201172
no_material
0  4.918803 24.415966 123.201286  0.954477 -0.000007 -0.298286  0.465576 0.143066
0  4.441552 24.891470 123.201286  -0.000000 0.973419 -0.229032  0.476562 0.143066
0  5.526968 25.678383 126.586151  0.000009 0.973419 -0.229033  0.476562 0.201172
no_material
0  4.918803 24.415966 123.201286  0.954477 -0.000007 -0.298286  0.465576 0.143066
0  5.526968 25.678383 126.586151  0.000009 0.973419 -0.229033  0.476562 0.201172
0  6.004791 25.201956 126.586151  0.954473 0.000022 -0.298298  0.465576 0.201172
no_material
0  4.918803 24.415966 123.201286  0.954477 -0.000007 -0.298286  0.465576 0.143066
0  6.004791 25.201956 126.586151  0.954473 0.000022 -0.298298  0.465576 0.201172
0  6.004791 21.105545 126.586151  0.954479 -0.000000 -0.298277  0.393066 0.201172
no_material
0  4.918803 21.105545 123.201271  0.954480 -0.000000 -0.298276  0.393066 0.143066
0  4.918803 24.415966 123.201286  0.954477 -0.000007 -0.298286  0.465576 0.143066
0  6.004791 21.105545 126.586151  0.954479 -0.000000 -0.298277  0.393066 0.201172
no_material
0  4.918803 0.000023 123.201279  0.954466 0.000000 -0.298321  0.045807 0.143066
0  4.918803 21.105545 123.201271  0.954480 -0.000000 -0.298276  0.393066 0.143066
0  6.004791 21.105545 126.586151  0.954479 -0.000000 -0.298277  0.393066 0.201172
no_material
0  4.918803 0.000023 123.201279  0.954466 0.000000 -0.298321  0.045807 0.143066
0  6.004791 21.105545 126.586151  0.954479 -0.000000 -0.298277  0.393066 0.201172
0  6.004791 0.000024 126.586151  0.954480 0.000000 -0.298275  0.045807 0.201172
no_material
0  4.918803 -21.105499 123.201286  0.954480 0.000000 -0.298276  -0.301270 0.143066
0  4.918803 0.000023 123.201279  0.954466 0.000000 -0.298321  0.045807 0.143066
0  6.004791 0.000024 126.586151  0.954480 0.000000 -0.298275  0.045807 0.201172
no_material
0  4.918803 -21.105499 123.201286  0.954480 0.000000 -0.298276  -0.301270 0.143066
0  6.004791 0.000024 126.586151  0.954480 0.000000 -0.298275  0.045807 0.201172
0  6.004791 -21.105499 126.586166  0.954480 -0.000000 -0.298276  -0.301270 0.201172
no_material
0  4.918803 -24.415920 123.201302  0.954477 0.000008 -0.298284  -0.374023 0.143066
0  4.918803 -21.105499 123.201286  0.954480 0.000000 -0.298276  -0.301270 0.143066
0  6.004791 -21.105499 126.586166  0.954480 -0.000000 -0.298276  -0.301270 0.201172
no_material
0  4.918803 -24.415920 123.201302  0.954477 0.000008 -0.298284  -0.374023 0.143066
0  6.004791 -21.105499 126.586166  0.954480 -0.000000 -0.298276  -0.301270 0.201172
0  6.004791 -25.201910 126.586166  0.954477 0.000034 -0.298284  -0.374023 0.201172
no_material
0  4.918803 -24.415920 123.201302  0.954477 0.000008 -0.298284  -0.374023 0.143066
0  6.004791 -25.201910 126.586166  0.954477 0.000034 -0.298284  -0.374023 0.201172
0  5.526968 -25.678337 126.586166  0.000012 -0.973419 -0.229033  -0.385010 0.201172
no_material
0  4.441552 -24.891424 123.201302  0.000001 -0.973419 -0.229032  -0.385010 0.143066
0  4.918803 -24.415920 123.201302  0.954477 0.000008 -0.298284  -0.374023 0.143066
0  5.526968 -25.678337 126.586166  0.000012 -0.973419 -0.229033  -0.385010 0.201172
no_material
0  -0.010872 -25.678329 126.586166  -0.000001 -0.973414 -0.229054  -0.479980 0.201172
0  4.441552 -24.891424 123.201302  0.000001 -0.973419 -0.229032  -0.385010 0.143066
0  5.526968 -25.678337 126.586166  0.000012 -0.973419 -0.229033  -0.385010 0.201172
no_material
0  -0.010872 -25.678329 126.586166  -0.000001 -0.973414 -0.229054  -0.479980 0.201172
0  -0.010872 -24.891424 123.201302  0.000000 -0.973436 -0.228959  -0.479980 0.143066
0  4.441552 -24.891424 123.201302  0.000001 -0.973419 -0.229032  -0.385010 0.143066
no_material
0  0.362365 18.704346 107.850395  1.000000 0.000005 -0.000000  0.662109 0.143066
0  0.362374 18.704332 32.000031  1.000000 0.000005 0.000000  1.214844 0.143066
0  0.367461 19.745749 32.000015  1.000000 0.000016 0.000000  1.214844 0.152344
no_material
0  0.367451 19.745556 108.799232  1.000000 -0.000017 0.000010  0.655273 0.152344
0  0.362365 18.704346 107.850395  1.000000 0.000005 -0.000000  0.662109 0.143066
0  0.367461 19.745749 32.000015  1.000000 0.000016 0.000000  1.214844 0.152344
no_material
0  0.454968 20.060904 109.111122  0.851659 -0.524096 -0.000000  0.652832 0.162109
0  0.367451 19.745556 108.799232  1.000000 -0.000017 0.000010  0.655273 0.152344
0  0.367461 19.745749 32.000015  1.000000 0.000016 0.000000  1.214844 0.152344
no_material
0  0.454968 20.060904 109.111122  0.851659 -0.524096 -0.000000  0.652832 0.162109
0  0.367461 19.745749 32.000015  1.000000 0.000016 0.000000  1.214844 0.152344
0  0.455077 20.061069 32.000015  0.851668 -0.524081 0.000000  1.214844 0.162109
no_material
0  0.454968 20.060904 109.111122  0.851659 -0.524096 -0.000000  0.652832 0.162109
0  0.455077 20.061069 32.000015  0.851668 -0.524081 0.000000  1.214844 0.162109
0  1.810545 22.258068 32.000015  0.851670 -0.524079 -0.000000  1.214844 0.181152
no_material
0  1.810634 22.258226 111.496841  0.851654 -0.524104 -0.000004  0.635254 0.181152
0  0.454968 20.060904 109.111122  0.851659 -0.524096 -0.000000  0.652832 0.162109
0  1.810545 22.258068 32.000015  0.851670 -0.524079 -0.000000  1.214844 0.181152
no_material
0  1.810634 22.258226 111.496841  0.851654 -0.524104 -0.000004  0.635254 0.181152
0  1.810545 22.258068 32.000015  0.851670 -0.524079 -0.000000  1.214844 0.181152
0  1.897302 22.565611 32.000015  1.000000 0.000050 0.000001  1.214844 0.191406
no_material
0  1.897292 22.565500 111.825211  1.000000 0.000013 -0.000002  0.632812 0.191406
0  1.810634 22.258226 111.496841  0.851654 -0.524104 -0.000004  0.635254 0.181152
0  1.897302 22.565611 32.000015  1.000000 0.000050 0.000001  1.214844 0.191406
no_material
0  1.897292 22.565500 111.825211  1.000000 0.000013 -0.000002  0.632812 0.191406
0  1.897302 22.565611 32.000015  1.000000 0.000050 0.000001  1.214844 0.191406
0  1.897263 23.957100 32.000031  1.000000 0.000028 0.000000  1.214844 0.201172
no_material
0  1.897252 23.957096 113.292465  1.000000 0.000029 0.000000  0.622070 0.201172
0  1.897292 22.565500 111.825211  1.000000 0.000013 -0.000002  0.632812 0.191406
0  1.897263 23.957100 32.000031  1.000000 0.000028 0.000000  1.214844 0.201172
no_material
0  -4.617092 18.699207 87.966156  0.996306 0.000000 0.085870  0.349854 0.135742
0  -4.617092 18.699207 88.328590  1.000000 0.000000 0.000000  0.349854 0.138672
0  -4.617092 -18.699213 88.328598  1.000000 0.000000 0.000000  0.001999 0.138672
no_material
0  -4.617092 18.699207 87.966156  0.996306 0.000000 0.085870  0.349854 0.135742
0  -4.617092 -18.699213 88.328598  1.000000 0.000000 0.000000  0.001999 0.138672
0  -4.617092 -18.699213 87.966171  0.996306 0.000000 0.085871  0.001999 0.135742
no_material
0  -4.573166 18.699207 87.838852  0.780881 0.000000 0.624680  0.349854 0.134277
0  -4.617092 18.699207 87.966156  0.996306 0.000000 0.085870  0.349854 0.135742
0  -4.617092 -18.699213 87.966171  0.996306 0.000000 0.085871  0.001999 0.135742
no_material
0  -4.573166 18.699207 87.838852  0.780881 0.000000 0.624680  0.349854 0.134277
0  -4.617092 -18.699213 87.966171  0.996306 0.000000 0.085871  0.001999 0.135742
0  -4.573166 -18.699213 87.838860  0.780854 0.000000 0.624714  0.001999 0.134277
no_material
0  -4.323569 18.699207 87.518326  0.780887 0.000000 0.624673  0.349854 0.130371
0  -4.573166 18.699207 87.838852  0.780881 0.000000 0.624680  0.349854 0.134277
0  -4.573166 -18.699213 87.838860  0.780854 0.000000 0.624714  0.001999 0.134277
no_material
0  -4.323569 18.699207 87.518326  0.780887 0.000000 0.624673  0.349854 0.130371
0  -4.573166 -18.699213 87.838860  0.780854 0.000000 0.624714  0.001999 0.134277
0  -4.323569 -18.699213 87.518341  0.780843 0.000085 0.624727  0.001999 0.130371
no_material
0  -4.279644 18.699207 87.391029  1.000000 0.000000 -0.000006  0.349854 0.129395
0  -4.323569 18.699207 87.518326  0.780887 0.000000 0.624673  0.349854 0.130371
0  -4.323569 -18.699213 87.518341  0.780843 0.000085 0.624727  0.001999 0.130371
no_material
0  -4.279644 18.699207 87.391029  1.000000 0.000000 -0.000006  0.349854 0.129395
0  -4.323569 -18.699213 87.518341  0.780843 0.000085 0.624727  0.001999 0.130371
0  -4.279644 -18.699213 87.391037  1.000000 0.000000 -0.000004  0.001999 0.129395
no_material
0  -4.279644 18.699207 86.538857  1.000000 -0.000000 -0.000072  0.349854 0.121094
0  -4.279644 18.699207 87.391029  1.000000 0.000000 -0.000006  0.349854 0.129395
0  -4.279644 -18.699213 87.391037  1.000000 0.000000 -0.000004  0.001999 0.129395
no_material
0  -4.279644 18.699207 86.538857  1.000000 -0.000000 -0.000072  0.349854 0.121094
0  -4.279644 -18.699213 87.391037  1.000000 0.000000 -0.000004  0.001999 0.129395
0  -4.279644 -18.699213 86.538864  1.000000 -0.000000 0.000120  0.001999 0.121094
no_material
0  -4.279644 18.699207 86.538857  1.000000 -0.000000 -0.000072  0.349854 0.121094
0  -4.279644 -18.699213 86.538864  1.000000 -0.000000 0.000120  0.001999 0.121094
0  -4.323569 -18.699213 86.411560  0.780916 -0.000000 -0.624636  0.001999 0.120117
no_material
0  -4.323569 18.699207 86.411552  0.780823 -0.000000 -0.624753  0.349854 0.120117
0  -4.279644 18.699207 86.538857  1.000000 -0.000000 -0.000072  0.349854 0.121094
0  -4.323569 -18.699213 86.411560  0.780916 -0.000000 -0.624636  0.001999 0.120117
no_material
0  -4.323569 18.699207 86.411552  0.780823 -0.000000 -0.624753  0.349854 0.120117
0  -4.323569 -18.699213 86.411560  0.780916 -0.000000 -0.624636  0.001999 0.120117
0  -4.573166 -18.699213 86.091049  0.780887 -0.000000 -0.624673  0.001999 0.116211
no_material
0  -4.573166 18.699207 86.091034  0.780881 -0.000092 -0.624680  0.349854 0.116211
0  -4.323569 18.699207 86.411552  0.780823 -0.000000 -0.624753  0.349854 0.120117
0  -4.573166 -18.699213 86.091049  0.780887 -0.000000 -0.624673  0.001999 0.116211
no_material
0  -4.573166 18.699207 86.091034  0.780881 -0.000092 -0.624680  0.349854 0.116211
0  -4.573166 -18.699213 86.091049  0.780887 -0.000000 -0.624673  0.001999 0.116211
0  -4.617091 -18.699213 85.963737  0.996305 -0.000000 -0.085883  0.001999 0.114746
no_material
0  -4.617091 18.699207 85.963730  0.996308 -0.000000 -0.085851  0.349854 0.115234
0  -4.573166 18.699207 86.091034  0.780881 -0.000092 -0.624680  0.349854 0.116211
0  -4.617091 -18.699213 85.963737  0.996305 -0.000000 -0.085883  0.001999 0.114746
no_material
0  -4.617091 18.699207 85.963730  0.996308 -0.000000 -0.085851  0.349854 0.115234
0  -4.617091 -18.699213 85.963737  0.996305 -0.000000 -0.085883  0.001999 0.114746
0  -4.617091 -18.699213 85.601303  1.000000 -0.000000 0.000000  0.001999 0.111816
no_material
0  -4.617091 18.699207 85.601295  1.000000 0.000000 0.000000  0.349854 0.111816
0  -4.617091 18.699207 85.963730  0.996308 -0.000000 -0.085851  0.349854 0.115234
0  -4.617091 -18.699213 85.601303  1.000000 -0.000000 0.000000  0.001999 0.111816
no_material
0  1.897278 -13.774729 113.292465  0.851656 0.000000 -0.524101  0.682617 0.205566
0  1.897278 13.688974 113.292450  0.851664 -0.000001 -0.524089  0.351318 0.205566
0  2.565074 12.850205 114.346359  0.851669 -0.000002 -0.524080  0.361328 0.218262
no_material
0  2.565074 -12.935960 114.346375  0.851665 0.000001 -0.524086  0.672363 0.218262
0  1.897278 -13.774729 113.292465  0.851656 0.000000 -0.524101  0.682617 0.205566
0  2.565074 12.850205 114.346359  0.851669 -0.000002 -0.524080  0.361328 0.218262
no_material
0  2.565074 -12.935960 114.346375  0.851665 0.000001 -0.524086  0.672363 0.218262
0  2.565074 12.850205 114.346359  0.851669 -0.000002 -0.524080  0.361328 0.218262
0  2.610078 12.717024 114.494034  1.000000 0.000004 -0.000016  0.363037 0.219727
no_material
0  2.610078 -12.802779 114.494049  1.000000 -0.000004 0.000024  0.670898 0.219727
0  2.565074 -12.935960 114.346375  0.851665 0.000001 -0.524086  0.672363 0.218262
0  2.610078 12.717024 114.494034  1.000000 0.000004 -0.000016  0.363037 0.219727
no_material
0  2.610078 -12.802779 114.494049  1.000000 -0.000004 0.000024  0.670898 0.219727
0  2.610078 12.717024 114.494034  1.000000 0.000004 -0.000016  0.363037 0.219727
0  2.610078 11.861017 115.350037  1.000000 0.000025 0.000011  0.373291 0.229980
no_material
0  2.610078 -11.946772 115.350052  1.000000 -0.000004 -0.000020  0.660156 0.229980
0  2.610078 -12.802779 114.494049  1.000000 -0.000004 0.000024  0.670898 0.219727
0  2.610078 11.861017 115.350037  1.000000 0.000025 0.000011  0.373291 0.229980
no_material
0  2.610078 -11.946772 115.350052  1.000000 -0.000004 -0.000020  0.660156 0.229980
0  2.610078 11.861017 115.350037  1.000000 0.000025 0.000011  0.373291 0.229980
0  2.661341 11.727360 115.483704  0.818195 -0.000000 -0.574941  0.375000 0.231934
no_material
0  2.661341 -11.813114 115.483704  0.818194 -0.000005 -0.574942  0.658691 0.231934
0  2.610078 -11.946772 115.350052  1.000000 -0.000004 -0.000020  0.660156 0.229980
0  2.661341 11.727360 115.483704  0.818195 -0.000000 -0.574941  0.375000 0.231934
no_material
0  2.661341 -11.813114 115.483704  0.818194 -0.000005 -0.574942  0.658691 0.231934
0  2.661341 11.727360 115.483704  0.818195 -0.000000 -0.574941  0.375000 0.231934
0  2.895839 11.466637 115.744400  0.800009 -0.000000 -0.599988  0.378174 0.234863
no_material
0  2.895839 -11.552391 115.744415  0.799992 -0.000000 -0.600010  0.655762 0.234863
0  2.661341 -11.813114 115.483704  0.818194 -0.000005 -0.574942  0.658691 0.231934
0  2.895839 11.466637 115.744400  0.800009 -0.000000 -0.599988  0.378174 0.234863
no_material
0  2.895839 -11.552391 115.744415  0.799992 -0.000000 -0.600010  0.655762 0.234863
0  2.895839 11.466637 115.744400  0.800009 -0.000000 -0.599988  0.378174 0.234863
0  2.947103 11.332979 115.878067  1.000000 -0.000008 -0.000004  0.379639 0.236328
no_material
0  2.947103 -11.418734 115.878082  1.000000 -0.000010 0.000033  0.653809 0.236328
0  2.895839 -11.552391 115.744415  0.799992 -0.000000 -0.600010  0.655762 0.234863
0  2.947103 11.332979 115.878067  1.000000 -0.000008 -0.000004  0.379639 0.236328
no_material
0  1.897253 18.958891 113.292465  1.000000 0.000005 0.000000  0.287598 0.205566
0  1.897226 23.957134 113.292465  1.000000 0.000005 0.000000  0.227539 0.205566
0  1.897225 23.957136 123.324966  1.000000 0.000005 0.000000  0.227539 0.326172
no_material
0  1.897253 18.958891 113.292465  1.000000 0.000005 0.000000  0.287598 0.205566
0  1.897225 23.957136 123.324966  1.000000 0.000005 0.000000  0.227539 0.326172
0  1.897251 18.958893 123.324966  1.000000 0.000005 0.000000  0.287598 0.326172
no_material
0  1.897278 13.960651 113.292450  1.000000 0.000003 0.000000  0.347900 0.205566
0  1.897253 18.958891 113.292465  1.000000 0.000005 0.000000  0.287598 0.205566
0  1.897251 18.958893 123.324966  1.000000 0.000005 0.000000  0.287598 0.326172
no_material
0  1.897278 13.960651 113.292450  1.000000 0.000003 0.000000  0.347900 0.205566
0  1.897251 18.958893 123.324966  1.000000 0.000005 0.000000  0.287598 0.326172
0  1.897277 13.960653 123.324966  1.000000 0.000003 0.000000  0.347900 0.326172
no_material
0  1.897278 13.688974 113.292450  0.866911 0.498462 0.000000  0.351318 0.205566
0  1.897278 13.960651 113.292450  1.000000 0.000003 0.000000  0.347900 0.205566
0  1.897277 13.960653 123.324966  1.000000 0.000003 0.000000  0.347900 0.326172
no_material
0  1.897278 13.688974 113.292450  0.866911 0.498462 0.000000  0.351318 0.205566
0  1.897277 13.960653 123.324966  1.000000 0.000003 0.000000  0.347900 0.326172
0  1.897277 13.688976 123.324966  0.866905 0.498474 0.000131  0.351318 0.326172
no_material
0  2.565074 12.850205 114.346359  0.799990 0.600013 0.000002  0.361328 0.218262
0  1.897278 13.688974 113.292450  0.866911 0.498462 0.000000  0.351318 0.205566
0  1.897277 13.688976 123.324966  0.866905 0.498474 0.000131  0.351318 0.326172
no_material
0  2.565074 12.850205 114.346359  0.799990 0.600013 0.000002  0.361328 0.218262
0  1.897277 13.688976 123.324966  0.866905 0.498474 0.000131  0.351318 0.326172
0  2.564967 12.850338 123.324966  0.800002 0.599997 -0.000047  0.361328 0.326172
no_material
0  2.610078 12.717024 114.494034  0.998752 0.049942 0.000004  0.363037 0.219727
0  2.565074 12.850205 114.346359  0.799990 0.600013 0.000002  0.361328 0.218262
0  2.564967 12.850338 123.324966  0.800002 0.599997 -0.000047  0.361328 0.326172
no_material
0  2.610078 12.717024 114.494034  0.998752 0.049942 0.000004  0.363037 0.219727
0  2.564967 12.850338 123.324966  0.800002 0.599997 -0.000047  0.361328 0.326172
0  2.610077 12.717026 123.324966  0.998753 0.049923 0.000009  0.363037 0.326172
no_material
0  2.610078 11.861017 115.350037  0.998752 0.049952 -0.000001  0.373291 0.229980
0  2.610078 12.717024 114.494034  0.998752 0.049942 0.000004  0.363037 0.219727
0  2.610077 12.717026 123.324966  0.998753 0.049923 0.000009  0.363037 0.326172
no_material
0  2.610078 11.861017 115.350037  0.998752 0.049952 -0.000001  0.373291 0.229980
0  2.610077 12.717026 123.324966  0.998753 0.049923 0.000009  0.363037 0.326172
0  2.610077 11.861018 122.484497  0.998753 0.049931 -0.000002  0.373291 0.316406
no_material
0  2.661341 11.727360 115.483704  0.818185 0.574955 -0.000004  0.375000 0.231934
0  2.610078 11.861017 115.350037  0.998752 0.049952 -0.000001  0.373291 0.229980
0  2.610077 11.861018 122.484497  0.998753 0.049931 -0.000002  0.373291 0.316406
no_material
0  2.661341 11.727360 115.483704  0.818185 0.574955 -0.000004  0.375000 0.231934
0  2.610077 11.861018 122.484497  0.998753 0.049931 -0.000002  0.373291 0.316406
0  2.661341 11.727361 122.350845  0.818181 0.574960 -0.000001  0.375000 0.314453
no_material
0  2.895839 11.466637 115.744400  0.799989 0.600014 0.000001  0.378174 0.234863
0  2.661341 11.727360 115.483704  0.818185 0.574955 -0.000004  0.375000 0.231934
0  2.661341 11.727361 122.350845  0.818181 0.574960 -0.000001  0.375000 0.314453
no_material
0  2.895839 11.466637 115.744400  0.799989 0.600014 0.000001  0.378174 0.234863
0  2.661341 11.727361 122.350845  0.818181 0.574960 -0.000001  0.375000 0.314453
0  2.895838 11.466638 122.090134  0.799992 0.600011 0.000000  0.378174 0.311523
no_material
0  2.947103 11.332979 115.878067  1.000000 -0.000008 -0.000004  0.379639 0.236328
0  2.895839 11.466637 115.744400  0.799989 0.600014 0.000001  0.378174 0.234863
0  2.895838 11.466638 122.090134  0.799992 0.600011 0.000000  0.378174 0.311523
no_material
0  2.947103 11.332979 115.878067  1.000000 -0.000008 -0.000004  0.379639 0.236328
0  2.895838 11.466638 122.090134  0.799992 0.600011 0.000000  0.378174 0.311523
0  2.947102 11.332980 121.956482  1.000000 0.000002 -0.000018  0.379639 0.310059
no_material
0  3.685713 -19.329557 4.292974  0.595641 -0.284881 0.751035  -0.851074 0.191406
0  3.859490 -19.078707 4.292974  0.595638 -0.284902 0.751030  -0.847656 0.191406
0  3.223196 -19.078718 4.799528  0.595643 -0.284867 0.751040  -0.847656 0.201172
no_material
0  3.685713 -19.329557 4.292974  0.595641 -0.284881 0.751035  -0.851074 0.191406
0  3.223196 -19.078718 4.799528  0.595643 -0.284867 0.751040  -0.847656 0.201172
0  3.049423 -19.329559 4.799536  0.595650 -0.284868 0.751033  -0.851074 0.201172
no_material
0  3.049423 -19.329559 4.799536  0.595650 -0.284868 0.751033  -0.851074 0.201172
0  3.582678 -19.653296 4.292974  0.635541 -0.022715 0.771733  -0.854980 0.191406
0  3.685713 -19.329557 4.292974  0.595641 -0.284881 0.751035  -0.851074 0.191406
no_material
0  3.049423 -19.329559 4.799536  0.595650 -0.284868 0.751033  -0.851074 0.201172
0  2.946386 -19.653296 4.799528  0.635544 -0.022701 0.771730  -0.854980 0.201172
0  3.582678 -19.653296 4.292974  0.635541 -0.022715 0.771733  -0.854980 0.191406
no_material
0  2.946386 -19.653296 4.799528  0.635544 -0.022701 0.771730  -0.854980 0.201172
0  2.946386 -23.610270 4.799530  0.595697 -0.045819 0.801902  -0.904297 0.201172
0  3.582678 -19.653296 4.292974  0.635541 -0.022715 0.771733  -0.854980 0.191406
no_material
0  2.946386 -23.610270 4.799530  0.595697 -0.045819 0.801902  -0.904297 0.201172
0  3.582678 -24.209185 4.292968  0.595695 -0.045842 0.801902  -0.904297 0.191406
0  3.582678 -19.653296 4.292974  0.635541 -0.022715 0.771733  -0.854980 0.191406
no_material
0  2.946386 -23.610270 4.799530  0.595697 -0.045819 0.801902  -0.904297 0.201172
0  3.155621 -24.633223 4.292976  0.069587 -0.579829 0.811761  -0.911133 0.191406
0  3.582678 -24.209185 4.292968  0.595695 -0.045842 0.801902  -0.904297 0.191406
no_material
0  2.946386 -23.610270 4.799530  0.595697 -0.045819 0.801902  -0.904297 0.201172
0  2.519328 -24.034309 4.799537  0.069592 -0.579824 0.811764  -0.911133 0.201172
0  3.155621 -24.633223 4.292976  0.069587 -0.579829 0.811761  -0.911133 0.191406
no_material
0  2.519328 -24.034309 4.799537  0.069592 -0.579824 0.811764  -0.911133 0.201172
0  -0.000001 -24.633211 4.292984  -0.000000 -0.649000 0.760788  -0.944336 0.191406
0  3.155621 -24.633223 4.292976  0.069587 -0.579829 0.811761  -0.911133 0.191406
no_material
0  2.519328 -24.034309 4.799537  0.069592 -0.579824 0.811764  -0.911133 0.201172
0  -0.000001 -24.034298 4.799545  -0.000000 -0.648964 0.760819  -0.944336 0.201172
0  -0.000001 -24.633211 4.292984  -0.000000 -0.649000 0.760788  -0.944336 0.191406
no_material
0  -0.000001 24.633211 4.292981  -0.000000 0.648931 0.760847  -0.317627 0.191406
0  -0.000001 24.034304 4.799542  0.000000 0.649041 0.760754  -0.317627 0.201172
0  2.519328 24.034315 4.799534  0.069593 0.579826 0.811762  -0.350830 0.201172
no_material
0  3.155621 24.633223 4.292973  0.069583 0.579831 0.811760  -0.350830 0.191406
0  -0.000001 24.633211 4.292981  -0.000000 0.648931 0.760847  -0.317627 0.191406
0  2.519328 24.034315 4.799534  0.069593 0.579826 0.811762  -0.350830 0.201172
no_material
0  3.155621 24.633223 4.292973  0.069583 0.579831 0.811760  -0.350830 0.191406
0  2.519328 24.034315 4.799534  0.069593 0.579826 0.811762  -0.350830 0.201172
0  2.946386 23.610273 4.799526  0.595692 0.045819 0.801905  -0.357666 0.201172
no_material
0  3.582678 24.209183 4.292973  0.595685 0.045843 0.801909  -0.357666 0.191406
0  3.155621 24.633223 4.292973  0.069583 0.579831 0.811760  -0.350830 0.191406
0  2.946386 23.610273 4.799526  0.595692 0.045819 0.801905  -0.357666 0.201172
no_material
0  3.582678 19.653301 4.292966  0.635544 0.022713 0.771731  -0.407227 0.191406
0  3.582678 24.209183 4.292973  0.595685 0.045843 0.801909  -0.357666 0.191406
0  2.946386 23.610273 4.799526  0.595692 0.045819 0.801905  -0.357666 0.201172
no_material
0  3.582678 19.653301 4.292966  0.635544 0.022713 0.771731  -0.407227 0.191406
0  2.946386 23.610273 4.799526  0.595692 0.045819 0.801905  -0.357666 0.201172
0  2.946386 19.653299 4.799527  0.635473 0.022668 0.771791  -0.407227 0.201172
no_material
0  3.582678 19.653301 4.292966  0.635544 0.022713 0.771731  -0.407227 0.191406
0  2.946386 19.653299 4.799527  0.635473 0.022668 0.771791  -0.407227 0.201172
0  3.049423 19.329563 4.799527  0.595647 0.284868 0.751036  -0.410889 0.201172
no_material
0  3.685713 19.329563 4.292966  0.595644 0.284883 0.751033  -0.410889 0.191406
0  3.582678 19.653301 4.292966  0.635544 0.022713 0.771731  -0.407227 0.191406
0  3.049423 19.329563 4.799527  0.595647 0.284868 0.751036  -0.410889 0.201172
no_material
0  3.685713 19.329563 4.292966  0.595644 0.284883 0.751033  -0.410889 0.191406
0  3.049423 19.329563 4.799527  0.595647 0.284868 0.751036  -0.410889 0.201172
0  3.223196 19.078724 4.799527  0.595648 0.284870 0.751034  -0.414551 0.201172
no_material
0  3.859490 19.078711 4.292966  0.595655 0.284852 0.751035  -0.414551 0.191406
0  3.685713 19.329563 4.292966  0.595644 0.284883 0.751033  -0.410889 0.191406
0  3.223196 19.078724 4.799527  0.595648 0.284870 0.751034  -0.414551 0.201172
no_material
0  3.859490 19.078711 4.292966  0.595655 0.284852 0.751035  -0.414551 0.191406
0  3.223196 19.078724 4.799527  0.595648 0.284870 0.751034  -0.414551 0.201172
0  3.326233 18.754986 4.799527  0.624698 0.000015 0.780866  -0.418213 0.201172
no_material
0  3.962526 18.754974 4.292966  0.624700 0.000010 0.780865  -0.418213 0.191406
0  3.859490 19.078711 4.292966  0.595655 0.284852 0.751035  -0.414551 0.191406
0  3.326233 18.754986 4.799527  0.624698 0.000015 0.780866  -0.418213 0.201172
no_material
0  3.962526 0.000004 4.292970  0.624600 0.000000 0.780945  -0.630859 0.191406
0  3.962526 18.754974 4.292966  0.624700 0.000010 0.780865  -0.418213 0.191406
0  3.326233 18.754986 4.799527  0.624698 0.000015 0.780866  -0.418213 0.201172
no_material
0  3.962526 0.000004 4.292970  0.624600 0.000000 0.780945  -0.630859 0.191406
0  3.326233 18.754986 4.799527  0.624698 0.000015 0.780866  -0.418213 0.201172
0  3.326233 0.000004 4.799531  0.624675 0.000000 0.780885  -0.630859 0.201172
no_material
0  3.962526 -18.754969 4.292974  0.624692 -0.000009 0.780871  -0.843750 0.191406
0  3.962526 0.000004 4.292970  0.624600 0.000000 0.780945  -0.630859 0.191406
0  3.326233 0.000004 4.799531  0.624675 0.000000 0.780885  -0.630859 0.201172
no_material
0  3.962526 -18.754969 4.292974  0.624692 -0.000009 0.780871  -0.843750 0.191406
0  3.326233 0.000004 4.799531  0.624675 0.000000 0.780885  -0.630859 0.201172
0  3.326233 -18.754982 4.799536  0.624695 0.000022 0.780869  -0.843750 0.201172
no_material
0  3.859490 -19.078707 4.292974  0.595638 -0.284902 0.751030  -0.847656 0.191406
0  3.962526 -18.754969 4.292974  0.624692 -0.000009 0.780871  -0.843750 0.191406
0  3.326233 -18.754982 4.799536  0.624695 0.000022 0.780869  -0.843750 0.201172
no_material
0  3.859490 -19.078707 4.292974  0.595638 -0.284902 0.751030  -0.847656 0.191406
0  3.326233 -18.754982 4.799536  0.624695 0.000022 0.780869  -0.843750 0.201172
0  3.223196 -19.078718 4.799528  0.595643 -0.284867 0.751040  -0.847656 0.201172
no_material
0  3.326233 -18.754982 4.799536  1.000000 0.000023 -0.000001  0.332275 0.330566
0  3.326230 -18.754963 28.130213  1.000000 0.000027 0.000000  0.332275 0.560547
0  3.223326 -19.078510 28.130213  0.906728 -0.421716 -0.000014  0.329102 0.560547
no_material
0  3.223196 -19.078718 4.799528  0.906724 -0.421725 -0.000001  0.329102 0.330566
0  3.326233 -18.754982 4.799536  1.000000 0.000023 -0.000001  0.332275 0.330566
0  3.223326 -19.078510 28.130213  0.906728 -0.421716 -0.000014  0.329102 0.560547
no_material
0  3.223196 -19.078718 4.799528  0.906724 -0.421725 -0.000001  0.329102 0.330566
0  3.223326 -19.078510 28.130213  0.906728 -0.421716 -0.000014  0.329102 0.560547
0  3.049288 -19.329742 28.130213  0.906727 -0.421717 0.000012  0.326904 0.560547
no_material
0  3.049423 -19.329559 4.799536  0.906720 -0.421732 -0.000000  0.326904 0.330566
0  3.223196 -19.078718 4.799528  0.906724 -0.421725 -0.000001  0.329102 0.330566
0  3.049288 -19.329742 28.130213  0.906727 -0.421717 0.000012  0.326904 0.560547
no_material
0  3.049423 -19.329559 4.799536  0.906720 -0.421732 -0.000000  0.326904 0.330566
0  3.049288 -19.329742 28.130213  0.906727 -0.421717 0.000012  0.326904 0.560547
0  2.946383 -19.653290 28.130213  1.000000 -0.000013 0.000002  0.323730 0.560547
no_material
0  2.946386 -19.653296 4.799528  1.000000 0.000013 0.000004  0.323730 0.330566
0  3.049423 -19.329559 4.799536  0.906720 -0.421732 -0.000000  0.326904 0.330566
0  2.946383 -19.653290 28.130213  1.000000 -0.000013 0.000002  0.323730 0.560547
no_material
0  2.946386 -23.610270 4.799530  1.000000 0.000015 -0.000018  0.284668 0.330566
0  2.946386 -19.653296 4.799528  1.000000 0.000013 0.000004  0.323730 0.330566
0  2.946383 -19.653290 28.130213  1.000000 -0.000013 0.000002  0.323730 0.560547
no_material
0  2.946383 -23.611193 28.130213  1.000000 0.000008 -0.000010  0.284668 0.560547
0  2.946386 -23.610270 4.799530  1.000000 0.000015 -0.000018  0.284668 0.330566
0  2.946383 -19.653290 28.130213  1.000000 -0.000013 0.000002  0.323730 0.560547
no_material
0  2.946383 -23.611193 28.130213  1.000000 0.000008 -0.000010  0.284668 0.560547
0  2.520365 -24.034304 28.130211  0.000016 -1.000000 -0.000013  0.278809 0.560547
0  2.946386 -23.610270 4.799530  1.000000 0.000015 -0.000018  0.284668 0.330566
no_material
0  2.520365 -24.034304 28.130211  0.000016 -1.000000 -0.000013  0.278809 0.560547
0  2.519328 -24.034309 4.799537  0.000007 -1.000000 -0.000008  0.278809 0.330566
0  2.946386 -23.610270 4.799530  1.000000 0.000015 -0.000018  0.284668 0.330566
no_material
0  2.520365 -24.034304 28.130211  0.000016 -1.000000 -0.000013  0.278809 0.560547
0  -0.000001 -24.034298 4.799545  -0.000005 -1.000000 0.000000  0.253906 0.330566
0  2.519328 -24.034309 4.799537  0.000007 -1.000000 -0.000008  0.278809 0.330566
no_material
0  2.520365 -24.034304 28.130211  0.000016 -1.000000 -0.000013  0.278809 0.560547
0  -0.000004 -24.034292 28.130230  -0.000005 -1.000000 0.000000  0.253906 0.560547
0  -0.000001 -24.034298 4.799545  -0.000005 -1.000000 0.000000  0.253906 0.330566
no_material
0  -8.189674 -16.887878 106.045319  1.000000 -0.000001 0.000000  0.022065 0.977325
0  -8.189672 -16.887884 89.997238  1.000000 -0.000001 0.000000  0.022065 0.883389
0  -8.189654 16.899193 89.997231  1.000000 -0.000001 0.000000  0.208777 0.883389
no_material
0  -8.189656 16.899199 106.045311  1.000000 -0.000001 0.000000  0.208777 0.977325
0  -8.189674 -16.887878 106.045319  1.000000 -0.000001 0.000000  0.022065 0.977325
0  -8.189654 16.899193 89.997231  1.000000 -0.000001 0.000000  0.208777 0.883389
no_material
0  -8.189671 -16.887886 83.789986  1.000000 -0.000000 0.000000  0.022065 0.852687
0  -8.189661 -16.887896 33.981007  1.000000 -0.000000 0.000000  0.022065 0.599628
0  -8.189648 16.899185 33.981014  1.000000 -0.000000 0.000000  0.208777 0.599628
no_material
0  -8.189653 16.899195 83.789986  1.000000 -0.000001 0.000000  0.208777 0.852687
0  -8.189671 -16.887886 83.789986  1.000000 -0.000000 0.000000  0.022065 0.852687
0  -8.189648 16.899185 33.981014  1.000000 -0.000000 0.000000  0.208777 0.599628
end
