qdir:    "c:\program files (x86)\steam\steamapps\sourcemods\who\modelsrc\placeholder\sourceenv_cycleslighting\"
gamedir: "C:\Program Files (x86)\Steam\steamapps\sourcemods\who\"
g_path:  "C:\Program Files (x86)\Steam\steamapps\sourcemods\who\ModelSrc\placeholder\sourceenv_cycleslighting\sourceenv_cycleslighting.qc"
Building binary model files...
Working on "sourceenv_cycleslighting.qc"
SMD MODEL ref.smd
SMD MODEL colls.smd
SMD MODEL anims/idle.smd
WARNING: Model has 2-dimensional geometry (less than 0.500 inches thick on any axis)!!!
WARNING: Model has 2-dimensional geometry (less than 0.500 inches thick on any axis)!!!
WARNING: Model has 2-dimensional geometry (less than 0.500 inches thick on any axis)!!!
WARNING: Model has 2-dimensional geometry (less than 0.500 inches thick on any axis)!!!
WARNING: Model has 2-dimensional geometry (less than 0.500 inches thick on any axis)!!!
WARNING: Model has 2-dimensional geometry (less than 0.500 inches thick on any axis)!!!
WARNING: Model has 2-dimensional geometry (less than 0.500 inches thick on any axis)!!!
WARNING: Model has 2-dimensional geometry (less than 0.500 inches thick on any axis)!!!
WARNING: Model has 2-dimensional geometry (less than 0.500 inches thick on any axis)!!!
WARNING: Model has 2-dimensional geometry (less than 0.500 inches thick on any axis)!!!
WARNING: Model has 2-dimensional geometry (less than 0.500 inches thick on any axis)!!!
WARNING: Model has 2-dimensional geometry (less than 0.500 inches thick on any axis)!!!
WARNING: Model has 2-dimensional geometry (less than 0.500 inches thick on any axis)!!!
WARNING: Model has 2-dimensional geometry (less than 0.500 inches thick on any axis)!!!
WARNING: Model has 2-dimensional geometry (less than 0.500 inches thick on any axis)!!!
WARNING: Model has 2-dimensional geometry (less than 0.500 inches thick on any axis)!!!
WARNING: Model has 2-dimensional geometry (less than 0.500 inches thick on any axis)!!!
WARNING: Model has 2-dimensional geometry (less than 0.500 inches thick on any axis)!!!
WARNING: Model has 2-dimensional geometry (less than 0.500 inches thick on any axis)!!!
WARNING: Model has 2-dimensional geometry (less than 0.500 inches thick on any axis)!!!
WARNING: Model has 2-dimensional geometry (less than 0.500 inches thick on any axis)!!!
WARNING: Model has 2-dimensional geometry (less than 0.500 inches thick on any axis)!!!
WARNING: Model has 2-dimensional geometry (less than 0.500 inches thick on any axis)!!!
WARNING: Model has 2-dimensional geometry (less than 0.500 inches thick on any axis)!!!
WARNING: Model has 2-dimensional geometry (less than 0.500 inches thick on any axis)!!!
WARNING: Model has 2-dimensional geometry (less than 0.500 inches thick on any axis)!!!
WARNING: Model has 2-dimensional geometry (less than 0.500 inches thick on any axis)!!!
WARNING: Model has 2-dimensional geometry (less than 0.500 inches thick on any axis)!!!
WARNING: Model has 2-dimensional geometry (less than 0.500 inches thick on any axis)!!!
WARNING: Model has 2-dimensional geometry (less than 0.500 inches thick on any axis)!!!
WARNING: Model has 2-dimensional geometry (less than 0.500 inches thick on any axis)!!!
WARNING: Model has 2-dimensional geometry (less than 0.500 inches thick on any axis)!!!
WARNING: Model has 2-dimensional geometry (less than 0.500 inches thick on any axis)!!!
WARNING: Model has 2-dimensional geometry (less than 0.500 inches thick on any axis)!!!
WARNING: Model has 2-dimensional geometry (less than 0.500 inches thick on any axis)!!!
WARNING: Model has 2-dimensional geometry (less than 0.500 inches thick on any axis)!!!
WARNING: Model has 2-dimensional geometry (less than 0.500 inches thick on any axis)!!!
WARNING: Model has 2-dimensional geometry (less than 0.500 inches thick on any axis)!!!
WARNING: Model has 2-dimensional geometry (less than 0.500 inches thick on any axis)!!!
WARNING: Model has 2-dimensional geometry (less than 0.500 inches thick on any axis)!!!
WARNING: Model has 2-dimensional geometry (less than 0.500 inches thick on any axis)!!!
WARNING: Model has 2-dimensional geometry (less than 0.500 inches thick on any axis)!!!
WARNING: Model has 2-dimensional geometry (less than 0.500 inches thick on any axis)!!!
WARNING: Model has 2-dimensional geometry (less than 0.500 inches thick on any axis)!!!
WARNING: Model has 2-dimensional geometry (less than 0.500 inches thick on any axis)!!!
WARNING: Model has 2-dimensional geometry (less than 0.500 inches thick on any axis)!!!
WARNING: Model has 2-dimensional geometry (less than 0.500 inches thick on any axis)!!!
WARNING: Model has 2-dimensional geometry (less than 0.500 inches thick on any axis)!!!
WARNING: Model has 2-dimensional geometry (less than 0.500 inches thick on any axis)!!!
WARNING: Model has 2-dimensional geometry (less than 0.500 inches thick on any axis)!!!
WARNING: Model has 2-dimensional geometry (less than 0.500 inches thick on any axis)!!!
WARNING: Model has 2-dimensional geometry (less than 0.500 inches thick on any axis)!!!
WARNING: Model has 2-dimensional geometry (less than 0.500 inches thick on any axis)!!!
WARNING: Model has 2-dimensional geometry (less than 0.500 inches thick on any axis)!!!
WARNING: Model has 2-dimensional geometry (less than 0.500 inches thick on any axis)!!!
WARNING: Model has 2-dimensional geometry (less than 0.500 inches thick on any axis)!!!
WARNING: Model has 2-dimensional geometry (less than 0.500 inches thick on any axis)!!!
WARNING: Model has 2-dimensional geometry (less than 0.500 inches thick on any axis)!!!
WARNING: Model has 2-dimensional geometry (less than 0.500 inches thick on any axis)!!!
WARNING: Model has 2-dimensional geometry (less than 0.500 inches thick on any axis)!!!
WARNING: Model has 2-dimensional geometry (less than 0.500 inches thick on any axis)!!!
WARNING: Model has 2-dimensional geometry (less than 0.500 inches thick on any axis)!!!
WARNING: Model has 2-dimensional geometry (less than 0.500 inches thick on any axis)!!!
WARNING: Model has 2-dimensional geometry (less than 0.500 inches thick on any axis)!!!
WARNING: Model has 2-dimensional geometry (less than 0.500 inches thick on any axis)!!!
WARNING: Model has 2-dimensional geometry (less than 0.500 inches thick on any axis)!!!
WARNING: Model has 2-dimensional geometry (less than 0.500 inches thick on any axis)!!!
WARNING: Model has 2-dimensional geometry (less than 0.500 inches thick on any axis)!!!
WARNING: Model has 2-dimensional geometry (less than 0.500 inches thick on any axis)!!!
WARNING: Model has 2-dimensional geometry (less than 0.500 inches thick on any axis)!!!
WARNING: Model has 2-dimensional geometry (less than 0.500 inches thick on any axis)!!!
WARNING: Model has 2-dimensional geometry (less than 0.500 inches thick on any axis)!!!
WARNING: Model has 2-dimensional geometry (less than 0.500 inches thick on any axis)!!!
WARNING: Model has 2-dimensional geometry (less than 0.500 inches thick on any axis)!!!
WARNING: Model has 2-dimensional geometry (less than 0.500 inches thick on any axis)!!!
WARNING: Model has 2-dimensional geometry (less than 0.500 inches thick on any axis)!!!
WARNING: Model has 2-dimensional geometry (less than 0.500 inches thick on any axis)!!!
WARNING: Model has 2-dimensional geometry (less than 0.500 inches thick on any axis)!!!
WARNING: Model has 2-dimensional geometry (less than 0.500 inches thick on any axis)!!!
WARNING: Model has 2-dimensional geometry (less than 0.500 inches thick on any axis)!!!
WARNING: Model has 2-dimensional geometry (less than 0.500 inches thick on any axis)!!!
WARNING: Model has 2-dimensional geometry (less than 0.500 inches thick on any axis)!!!
WARNING: Model has 2-dimensional geometry (less than 0.500 inches thick on any axis)!!!
WARNING: Model has 2-dimensional geometry (less than 0.500 inches thick on any axis)!!!
WARNING: Model has 2-dimensional geometry (less than 0.500 inches thick on any axis)!!!
WARNING: Model has 2-dimensional geometry (less than 0.500 inches thick on any axis)!!!
WARNING: Model has 2-dimensional geometry (less than 0.500 inches thick on any axis)!!!
WARNING: Model has 2-dimensional geometry (less than 0.500 inches thick on any axis)!!!
WARNING: Model has 2-dimensional geometry (less than 0.500 inches thick on any axis)!!!
WARNING: Model has 2-dimensional geometry (less than 0.500 inches thick on any axis)!!!
WARNING: Model has 2-dimensional geometry (less than 0.500 inches thick on any axis)!!!
WARNING: Model has 2-dimensional geometry (less than 0.500 inches thick on any axis)!!!
WARNING: Model has 2-dimensional geometry (less than 0.500 inches thick on any axis)!!!
WARNING: Model has 2-dimensional geometry (less than 0.500 inches thick on any axis)!!!
WARNING: Model has 2-dimensional geometry (less than 0.500 inches thick on any axis)!!!
WARNING: Model has 2-dimensional geometry (less than 0.500 inches thick on any axis)!!!
WARNING: Model has 2-dimensional geometry (less than 0.500 inches thick on any axis)!!!
WARNING: Model has 2-dimensional geometry (less than 0.500 inches thick on any axis)!!!
WARNING: Model has 2-dimensional geometry (less than 0.500 inches thick on any axis)!!!
WARNING: Model has 2-dimensional geometry (less than 0.500 inches thick on any axis)!!!
WARNING: Model has 2-dimensional geometry (less than 0.500 inches thick on any axis)!!!
WARNING: Model has 2-dimensional geometry (less than 0.500 inches thick on any axis)!!!
WARNING: Model has 2-dimensional geometry (less than 0.500 inches thick on any axis)!!!
WARNING: Model has 2-dimensional geometry (less than 0.500 inches thick on any axis)!!!
WARNING: Model has 2-dimensional geometry (less than 0.500 inches thick on any axis)!!!
WARNING: Model has 2-dimensional geometry (less than 0.500 inches thick on any axis)!!!
WARNING: Model has 2-dimensional geometry (less than 0.500 inches thick on any axis)!!!
WARNING: Model has 2-dimensional geometry (less than 0.500 inches thick on any axis)!!!
WARNING: Model has 2-dimensional geometry (less than 0.500 inches thick on any axis)!!!
WARNING: Model has 2-dimensional geometry (less than 0.500 inches thick on any axis)!!!
WARNING: Model has 2-dimensional geometry (less than 0.500 inches thick on any axis)!!!
WARNING: Model has 2-dimensional geometry (less than 0.500 inches thick on any axis)!!!
WARNING: Model has 2-dimensional geometry (less than 0.500 inches thick on any axis)!!!
WARNING: Model has 2-dimensional geometry (less than 0.500 inches thick on any axis)!!!
WARNING: Model has 2-dimensional geometry (less than 0.500 inches thick on any axis)!!!
WARNING: Model has 2-dimensional geometry (less than 0.500 inches thick on any axis)!!!
WARNING: Model has 2-dimensional geometry (less than 0.500 inches thick on any axis)!!!
WARNING: Model has 2-dimensional geometry (less than 0.500 inches thick on any axis)!!!
WARNING: Model has 2-dimensional geometry (less than 0.500 inches thick on any axis)!!!
WARNING: Model has 2-dimensional geometry (less than 0.500 inches thick on any axis)!!!
WARNING: Model has 2-dimensional geometry (less than 0.500 inches thick on any axis)!!!
WARNING: Model has 2-dimensional geometry (less than 0.500 inches thick on any axis)!!!
WARNING: Model has 2-dimensional geometry (less than 0.500 inches thick on any axis)!!!
WARNING: Model has 2-dimensional geometry (less than 0.500 inches thick on any axis)!!!
WARNING: Model has 2-dimensional geometry (less than 0.500 inches thick on any axis)!!!
WARNING: Model has 2-dimensional geometry (less than 0.500 inches thick on any axis)!!!
WARNING: Model has 2-dimensional geometry (less than 0.500 inches thick on any axis)!!!
WARNING: Model has 2-dimensional geometry (less than 0.500 inches thick on any axis)!!!
WARNING: Model has 2-dimensional geometry (less than 0.500 inches thick on any axis)!!!
WARNING: Model has 2-dimensional geometry (less than 0.500 inches thick on any axis)!!!
WARNING: Model has 2-dimensional geometry (less than 0.500 inches thick on any axis)!!!
WARNING: Model has 2-dimensional geometry (less than 0.500 inches thick on any axis)!!!
WARNING: Model has 2-dimensional geometry (less than 0.500 inches thick on any axis)!!!
WARNING: Model has 2-dimensional geometry (less than 0.500 inches thick on any axis)!!!
WARNING: Model has 2-dimensional geometry (less than 0.500 inches thick on any axis)!!!
WARNING: Model has 2-dimensional geometry (less than 0.500 inches thick on any axis)!!!
WARNING: Model has 2-dimensional geometry (less than 0.500 inches thick on any axis)!!!
WARNING: Model has 2-dimensional geometry (less than 0.500 inches thick on any axis)!!!
WARNING: Model has 2-dimensional geometry (less than 0.500 inches thick on any axis)!!!
WARNING: Model has 2-dimensional geometry (less than 0.500 inches thick on any axis)!!!
WARNING: Model has 2-dimensional geometry (less than 0.500 inches thick on any axis)!!!
WARNING: Model has 2-dimensional geometry (less than 0.500 inches thick on any axis)!!!
WARNING: Model has 2-dimensional geometry (less than 0.500 inches thick on any axis)!!!
WARNING: Model has 2-dimensional geometry (less than 0.500 inches thick on any axis)!!!
WARNING: Model has 2-dimensional geometry (less than 0.500 inches thick on any axis)!!!
WARNING: Model has 2-dimensional geometry (less than 0.500 inches thick on any axis)!!!
WARNING: Model has 2-dimensional geometry (less than 0.500 inches thick on any axis)!!!
WARNING: Model has 2-dimensional geometry (less than 0.500 inches thick on any axis)!!!
WARNING: Model has 2-dimensional geometry (less than 0.500 inches thick on any axis)!!!
WARNING: Model has 2-dimensional geometry (less than 0.500 inches thick on any axis)!!!
WARNING: Model has 2-dimensional geometry (less than 0.500 inches thick on any axis)!!!
WARNING: Model has 2-dimensional geometry (less than 0.500 inches thick on any axis)!!!
WARNING: Model has 2-dimensional geometry (less than 0.500 inches thick on any axis)!!!
WARNING: Model has 2-dimensional geometry (less than 0.500 inches thick on any axis)!!!
WARNING: Model has 2-dimensional geometry (less than 0.500 inches thick on any axis)!!!
WARNING: Model has 2-dimensional geometry (less than 0.500 inches thick on any axis)!!!
WARNING: Model has 2-dimensional geometry (less than 0.500 inches thick on any axis)!!!
WARNING: Model has 2-dimensional geometry (less than 0.500 inches thick on any axis)!!!
WARNING: Model has 2-dimensional geometry (less than 0.500 inches thick on any axis)!!!
WARNING: Model has 2-dimensional geometry (less than 0.500 inches thick on any axis)!!!
WARNING: Model has 2-dimensional geometry (less than 0.500 inches thick on any axis)!!!
WARNING: Model has 2-dimensional geometry (less than 0.500 inches thick on any axis)!!!
WARNING: Model has 2-dimensional geometry (less than 0.500 inches thick on any axis)!!!
WARNING: Model has 2-dimensional geometry (less than 0.500 inches thick on any axis)!!!
WARNING: Model has 2-dimensional geometry (less than 0.500 inches thick on any axis)!!!
WARNING: Model has 2-dimensional geometry (less than 0.500 inches thick on any axis)!!!
WARNING: Model has 2-dimensional geometry (less than 0.500 inches thick on any axis)!!!
WARNING: Model has 2-dimensional geometry (less than 0.500 inches thick on any axis)!!!
WARNING: Model has 2-dimensional geometry (less than 0.500 inches thick on any axis)!!!
WARNING: Model has 2-dimensional geometry (less than 0.500 inches thick on any axis)!!!
WARNING: Model has 2-dimensional geometry (less than 0.500 inches thick on any axis)!!!
WARNING: Model has 2-dimensional geometry (less than 0.500 inches thick on any axis)!!!
WARNING: Model has 2-dimensional geometry (less than 0.500 inches thick on any axis)!!!
WARNING: Model has 2-dimensional geometry (less than 0.500 inches thick on any axis)!!!
WARNING: Model has 2-dimensional geometry (less than 0.500 inches thick on any axis)!!!
WARNING: Model has 2-dimensional geometry (less than 0.500 inches thick on any axis)!!!
WARNING: Model has 2-dimensional geometry (less than 0.500 inches thick on any axis)!!!
WARNING: Model has 2-dimensional geometry (less than 0.500 inches thick on any axis)!!!
WARNING: Model has 2-dimensional geometry (less than 0.500 inches thick on any axis)!!!
WARNING: Model has 2-dimensional geometry (less than 0.500 inches thick on any axis)!!!
WARNING: Model has 2-dimensional geometry (less than 0.500 inches thick on any axis)!!!
WARNING: Model has 2-dimensional geometry (less than 0.500 inches thick on any axis)!!!
WARNING: Model has 2-dimensional geometry (less than 0.500 inches thick on any axis)!!!
WARNING: Model has 2-dimensional geometry (less than 0.500 inches thick on any axis)!!!
WARNING: Model has 2-dimensional geometry (less than 0.500 inches thick on any axis)!!!
WARNING: Model has 2-dimensional geometry (less than 0.500 inches thick on any axis)!!!
WARNING: Model has 2-dimensional geometry (less than 0.500 inches thick on any axis)!!!
WARNING: Model has 2-dimensional geometry (less than 0.500 inches thick on any axis)!!!
WARNING: Model has 2-dimensional geometry (less than 0.500 inches thick on any axis)!!!
WARNING: Model has 2-dimensional geometry (less than 0.500 inches thick on any axis)!!!
WARNING: Model has 2-dimensional geometry (less than 0.500 inches thick on any axis)!!!
WARNING: Model has 2-dimensional geometry (less than 0.500 inches thick on any axis)!!!
WARNING: Model has 2-dimensional geometry (less than 0.500 inches thick on any axis)!!!
WARNING: Model has 2-dimensional geometry (less than 0.500 inches thick on any axis)!!!
WARNING: Model has 2-dimensional geometry (less than 0.500 inches thick on any axis)!!!
WARNING: Model has 2-dimensional geometry (less than 0.500 inches thick on any axis)!!!
WARNING: Model has 2-dimensional geometry (less than 0.500 inches thick on any axis)!!!
WARNING: Model has 2-dimensional geometry (less than 0.500 inches thick on any axis)!!!
WARNING: Model has 2-dimensional geometry (less than 0.500 inches thick on any axis)!!!
WARNING: Model has 2-dimensional geometry (less than 0.500 inches thick on any axis)!!!
WARNING: Model has 2-dimensional geometry (less than 0.500 inches thick on any axis)!!!
WARNING: Model has 2-dimensional geometry (less than 0.500 inches thick on any axis)!!!
WARNING: Model has 2-dimensional geometry (less than 0.500 inches thick on any axis)!!!
WARNING: Model has 2-dimensional geometry (less than 0.500 inches thick on any axis)!!!
WARNING: Model has 2-dimensional geometry (less than 0.500 inches thick on any axis)!!!
WARNING: Model has 2-dimensional geometry (less than 0.500 inches thick on any axis)!!!
WARNING: Model has 2-dimensional geometry (less than 0.500 inches thick on any axis)!!!
WARNING: Model has 2-dimensional geometry (less than 0.500 inches thick on any axis)!!!
WARNING: Model has 2-dimensional geometry (less than 0.500 inches thick on any axis)!!!
WARNING: Model has 2-dimensional geometry (less than 0.500 inches thick on any axis)!!!
WARNING: Model has 2-dimensional geometry (less than 0.500 inches thick on any axis)!!!
WARNING: Model has 2-dimensional geometry (less than 0.500 inches thick on any axis)!!!
WARNING: Model has 2-dimensional geometry (less than 0.500 inches thick on any axis)!!!
WARNING: Model has 2-dimensional geometry (less than 0.500 inches thick on any axis)!!!
WARNING: Model has 2-dimensional geometry (less than 0.500 inches thick on any axis)!!!
WARNING: Model has 2-dimensional geometry (less than 0.500 inches thick on any axis)!!!
WARNING: Model has 2-dimensional geometry (less than 0.500 inches thick on any axis)!!!
WARNING: Model has 2-dimensional geometry (less than 0.500 inches thick on any axis)!!!
WARNING: Model has 2-dimensional geometry (less than 0.500 inches thick on any axis)!!!
WARNING: Model has 2-dimensional geometry (less than 0.500 inches thick on any axis)!!!
WARNING: Model has 2-dimensional geometry (less than 0.500 inches thick on any axis)!!!
WARNING: Model has 2-dimensional geometry (less than 0.500 inches thick on any axis)!!!
WARNING: Model has 2-dimensional geometry (less than 0.500 inches thick on any axis)!!!
WARNING: Model has 2-dimensional geometry (less than 0.500 inches thick on any axis)!!!
WARNING: Model has 2-dimensional geometry (less than 0.500 inches thick on any axis)!!!
WARNING: Model has 2-dimensional geometry (less than 0.500 inches thick on any axis)!!!
WARNING: Model has 2-dimensional geometry (less than 0.500 inches thick on any axis)!!!
WARNING: Model has 2-dimensional geometry (less than 0.500 inches thick on any axis)!!!
WARNING: Model has 2-dimensional geometry (less than 0.500 inches thick on any axis)!!!
WARNING: Model has 2-dimensional geometry (less than 0.500 inches thick on any axis)!!!
WARNING: Model has 2-dimensional geometry (less than 0.500 inches thick on any axis)!!!
WARNING: Model has 2-dimensional geometry (less than 0.500 inches thick on any axis)!!!
WARNING: Model has 2-dimensional geometry (less than 0.500 inches thick on any axis)!!!
WARNING: Model has 2-dimensional geometry (less than 0.500 inches thick on any axis)!!!
WARNING: Model has 2-dimensional geometry (less than 0.500 inches thick on any axis)!!!
WARNING: Model has 2-dimensional geometry (less than 0.500 inches thick on any axis)!!!
WARNING: Model has 2-dimensional geometry (less than 0.500 inches thick on any axis)!!!
WARNING: Model has 2-dimensional geometry (less than 0.500 inches thick on any axis)!!!
WARNING: Model has 2-dimensional geometry (less than 0.500 inches thick on any axis)!!!
WARNING: Model has 2-dimensional geometry (less than 0.500 inches thick on any axis)!!!
WARNING: Model has 2-dimensional geometry (less than 0.500 inches thick on any axis)!!!
WARNING: Model has 2-dimensional geometry (less than 0.500 inches thick on any axis)!!!
WARNING: Model has 2-dimensional geometry (less than 0.500 inches thick on any axis)!!!
WARNING: Model has 2-dimensional geometry (less than 0.500 inches thick on any axis)!!!
WARNING: Model has 2-dimensional geometry (less than 0.500 inches thick on any axis)!!!
WARNING: Model has 2-dimensional geometry (less than 0.500 inches thick on any axis)!!!
WARNING: Model has 2-dimensional geometry (less than 0.500 inches thick on any axis)!!!
WARNING: Model has 2-dimensional geometry (less than 0.500 inches thick on any axis)!!!
WARNING: Model has 2-dimensional geometry (less than 0.500 inches thick on any axis)!!!
WARNING: Model has 2-dimensional geometry (less than 0.500 inches thick on any axis)!!!
WARNING: Model has 2-dimensional geometry (less than 0.500 inches thick on any axis)!!!
WARNING: Model has 2-dimensional geometry (less than 0.500 inches thick on any axis)!!!
WARNING: Model has 2-dimensional geometry (less than 0.500 inches thick on any axis)!!!
WARNING: Model has 2-dimensional geometry (less than 0.500 inches thick on any axis)!!!
WARNING: Model has 2-dimensional geometry (less than 0.500 inches thick on any axis)!!!
WARNING: Model has 2-dimensional geometry (less than 0.500 inches thick on any axis)!!!
WARNING: Model has 2-dimensional geometry (less than 0.500 inches thick on any axis)!!!
WARNING: Model has 2-dimensional geometry (less than 0.500 inches thick on any axis)!!!
WARNING: Model has 2-dimensional geometry (less than 0.500 inches thick on any axis)!!!
WARNING: Model has 2-dimensional geometry (less than 0.500 inches thick on any axis)!!!
WARNING: Model has 2-dimensional geometry (less than 0.500 inches thick on any axis)!!!
WARNING: Model has 2-dimensional geometry (less than 0.500 inches thick on any axis)!!!
WARNING: Model has 2-dimensional geometry (less than 0.500 inches thick on any axis)!!!
WARNING: Model has 2-dimensional geometry (less than 0.500 inches thick on any axis)!!!
WARNING: Model has 2-dimensional geometry (less than 0.500 inches thick on any axis)!!!
WARNING: Model has 2-dimensional geometry (less than 0.500 inches thick on any axis)!!!
WARNING: Model has 2-dimensional geometry (less than 0.500 inches thick on any axis)!!!
WARNING: Model has 2-dimensional geometry (less than 0.500 inches thick on any axis)!!!
WARNING: Model has 2-dimensional geometry (less than 0.500 inches thick on any axis)!!!
WARNING: Model has 2-dimensional geometry (less than 0.500 inches thick on any axis)!!!
WARNING: Model has 2-dimensional geometry (less than 0.500 inches thick on any axis)!!!
WARNING: Model has 2-dimensional geometry (less than 0.500 inches thick on any axis)!!!
WARNING: Model has 2-dimensional geometry (less than 0.500 inches thick on any axis)!!!
WARNING: Model has 2-dimensional geometry (less than 0.500 inches thick on any axis)!!!
WARNING: Model has 2-dimensional geometry (less than 0.500 inches thick on any axis)!!!
WARNING: Model has 2-dimensional geometry (less than 0.500 inches thick on any axis)!!!
WARNING: Model has 2-dimensional geometry (less than 0.500 inches thick on any axis)!!!
WARNING: Model has 2-dimensional geometry (less than 0.500 inches thick on any axis)!!!
WARNING: Model has 2-dimensional geometry (less than 0.500 inches thick on any axis)!!!
WARNING: Model has 2-dimensional geometry (less than 0.500 inches thick on any axis)!!!
WARNING: Model has 2-dimensional geometry (less than 0.500 inches thick on any axis)!!!
WARNING: Model has 2-dimensional geometry (less than 0.500 inches thick on any axis)!!!
WARNING: Model has 2-dimensional geometry (less than 0.500 inches thick on any axis)!!!
WARNING: Model has 2-dimensional geometry (less than 0.500 inches thick on any axis)!!!
WARNING: Model has 2-dimensional geometry (less than 0.500 inches thick on any axis)!!!
WARNING: Model has 2-dimensional geometry (less than 0.500 inches thick on any axis)!!!
WARNING: Model has 2-dimensional geometry (less than 0.500 inches thick on any axis)!!!
WARNING: Model has 2-dimensional geometry (less than 0.500 inches thick on any axis)!!!
WARNING: Model has 2-dimensional geometry (less than 0.500 inches thick on any axis)!!!
WARNING: Model has 2-dimensional geometry (less than 0.500 inches thick on any axis)!!!
WARNING: Model has 2-dimensional geometry (less than 0.500 inches thick on any axis)!!!
WARNING: Model has 2-dimensional geometry (less than 0.500 inches thick on any axis)!!!
WARNING: Model has 2-dimensional geometry (less than 0.500 inches thick on any axis)!!!
WARNING: Model has 2-dimensional geometry (less than 0.500 inches thick on any axis)!!!
WARNING: Model has 2-dimensional geometry (less than 0.500 inches thick on any axis)!!!
WARNING: Model has 2-dimensional geometry (less than 0.500 inches thick on any axis)!!!
WARNING: Model has 2-dimensional geometry (less than 0.500 inches thick on any axis)!!!
WARNING: Model has 2-dimensional geometry (less than 0.500 inches thick on any axis)!!!
WARNING: Model has 2-dimensional geometry (less than 0.500 inches thick on any axis)!!!
WARNING: Model has 2-dimensional geometry (less than 0.500 inches thick on any axis)!!!
WARNING: Model has 2-dimensional geometry (less than 0.500 inches thick on any axis)!!!
WARNING: Model has 2-dimensional geometry (less than 0.500 inches thick on any axis)!!!
WARNING: Model has 2-dimensional geometry (less than 0.500 inches thick on any axis)!!!
WARNING: Model has 2-dimensional geometry (less than 0.500 inches thick on any axis)!!!
WARNING: Model has 2-dimensional geometry (less than 0.500 inches thick on any axis)!!!
WARNING: Model has 2-dimensional geometry (less than 0.500 inches thick on any axis)!!!
WARNING: Model has 2-dimensional geometry (less than 0.500 inches thick on any axis)!!!
WARNING: Model has 2-dimensional geometry (less than 0.500 inches thick on any axis)!!!
WARNING: Model has 2-dimensional geometry (less than 0.500 inches thick on any axis)!!!
WARNING: Model has 2-dimensional geometry (less than 0.500 inches thick on any axis)!!!
WARNING: Model has 2-dimensional geometry (less than 0.500 inches thick on any axis)!!!
WARNING: Model has 2-dimensional geometry (less than 0.500 inches thick on any axis)!!!
WARNING: Model has 2-dimensional geometry (less than 0.500 inches thick on any axis)!!!
WARNING: Model has 2-dimensional geometry (less than 0.500 inches thick on any axis)!!!
WARNING: Model has 2-dimensional geometry (less than 0.500 inches thick on any axis)!!!
WARNING: Model has 2-dimensional geometry (less than 0.500 inches thick on any axis)!!!
WARNING: Model has 2-dimensional geometry (less than 0.500 inches thick on any axis)!!!
WARNING: Model has 2-dimensional geometry (less than 0.500 inches thick on any axis)!!!
WARNING: Model has 2-dimensional geometry (less than 0.500 inches thick on any axis)!!!
WARNING: Model has 2-dimensional geometry (less than 0.500 inches thick on any axis)!!!
WARNING: Model has 2-dimensional geometry (less than 0.500 inches thick on any axis)!!!
WARNING: Model has 2-dimensional geometry (less than 0.500 inches thick on any axis)!!!
WARNING: Model has 2-dimensional geometry (less than 0.500 inches thick on any axis)!!!
WARNING: Model has 2-dimensional geometry (less than 0.500 inches thick on any axis)!!!
WARNING: Model has 2-dimensional geometry (less than 0.500 inches thick on any axis)!!!
WARNING: Model has 2-dimensional geometry (less than 0.500 inches thick on any axis)!!!
WARNING: Model has 2-dimensional geometry (less than 0.500 inches thick on any axis)!!!
WARNING: Model has 2-dimensional geometry (less than 0.500 inches thick on any axis)!!!
WARNING: Model has 2-dimensional geometry (less than 0.500 inches thick on any axis)!!!
WARNING: Model has 2-dimensional geometry (less than 0.500 inches thick on any axis)!!!
WARNING: Model has 2-dimensional geometry (less than 0.500 inches thick on any axis)!!!
WARNING: Model has 2-dimensional geometry (less than 0.500 inches thick on any axis)!!!
WARNING: Model has 2-dimensional geometry (less than 0.500 inches thick on any axis)!!!
WARNING: Model has 2-dimensional geometry (less than 0.500 inches thick on any axis)!!!
WARNING: Model has 2-dimensional geometry (less than 0.500 inches thick on any axis)!!!
WARNING: Model has 2-dimensional geometry (less than 0.500 inches thick on any axis)!!!
WARNING: Model has 2-dimensional geometry (less than 0.500 inches thick on any axis)!!!
WARNING: Model has 2-dimensional geometry (less than 0.500 inches thick on any axis)!!!
WARNING: Model has 2-dimensional geometry (less than 0.500 inches thick on any axis)!!!
WARNING: Model has 2-dimensional geometry (less than 0.500 inches thick on any axis)!!!
WARNING: Model has 2-dimensional geometry (less than 0.500 inches thick on any axis)!!!
WARNING: Model has 2-dimensional geometry (less than 0.500 inches thick on any axis)!!!
WARNING: Model has 2-dimensional geometry (less than 0.500 inches thick on any axis)!!!
WARNING: Model has 2-dimensional geometry (less than 0.500 inches thick on any axis)!!!
WARNING: Model has 2-dimensional geometry (less than 0.500 inches thick on any axis)!!!
WARNING: Model has 2-dimensional geometry (less than 0.500 inches thick on any axis)!!!
WARNING: Model has 2-dimensional geometry (less than 0.500 inches thick on any axis)!!!
WARNING: Model has 2-dimensional geometry (less than 0.500 inches thick on any axis)!!!
WARNING: Model has 2-dimensional geometry (less than 0.500 inches thick on any axis)!!!
WARNING: Model has 2-dimensional geometry (less than 0.500 inches thick on any axis)!!!
WARNING: Model has 2-dimensional geometry (less than 0.500 inches thick on any axis)!!!
WARNING: Model has 2-dimensional geometry (less than 0.500 inches thick on any axis)!!!
WARNING: Model has 2-dimensional geometry (less than 0.500 inches thick on any axis)!!!
WARNING: Model has 2-dimensional geometry (less than 0.500 inches thick on any axis)!!!
WARNING: Model has 2-dimensional geometry (less than 0.500 inches thick on any axis)!!!
WARNING: Model has 2-dimensional geometry (less than 0.500 inches thick on any axis)!!!
WARNING: Model has 2-dimensional geometry (less than 0.500 inches thick on any axis)!!!
WARNING: Model has 2-dimensional geometry (less than 0.500 inches thick on any axis)!!!
WARNING: Model has 2-dimensional geometry (less than 0.500 inches thick on any axis)!!!
WARNING: Model has 2-dimensional geometry (less than 0.500 inches thick on any axis)!!!
WARNING: Model has 2-dimensional geometry (less than 0.500 inches thick on any axis)!!!
WARNING: Model has 2-dimensional geometry (less than 0.500 inches thick on any axis)!!!
WARNING: Model has 2-dimensional geometry (less than 0.500 inches thick on any axis)!!!
WARNING: Model has 2-dimensional geometry (less than 0.500 inches thick on any axis)!!!
WARNING: Model has 2-dimensional geometry (less than 0.500 inches thick on any axis)!!!
WARNING: Model has 2-dimensional geometry (less than 0.500 inches thick on any axis)!!!
WARNING: Model has 2-dimensional geometry (less than 0.500 inches thick on any axis)!!!
WARNING: Model has 2-dimensional geometry (less than 0.500 inches thick on any axis)!!!
WARNING: Model has 2-dimensional geometry (less than 0.500 inches thick on any axis)!!!
WARNING: Model has 2-dimensional geometry (less than 0.500 inches thick on any axis)!!!
WARNING: Model has 2-dimensional geometry (less than 0.500 inches thick on any axis)!!!
WARNING: Model has 2-dimensional geometry (less than 0.500 inches thick on any axis)!!!
WARNING: Model has 2-dimensional geometry (less than 0.500 inches thick on any axis)!!!
WARNING: Model has 2-dimensional geometry (less than 0.500 inches thick on any axis)!!!
WARNING: Model has 2-dimensional geometry (less than 0.500 inches thick on any axis)!!!
WARNING: Model has 2-dimensional geometry (less than 0.500 inches thick on any axis)!!!
WARNING: Model has 2-dimensional geometry (less than 0.500 inches thick on any axis)!!!
WARNING: Model has 2-dimensional geometry (less than 0.500 inches thick on any axis)!!!
WARNING: Model has 2-dimensional geometry (less than 0.500 inches thick on any axis)!!!
WARNING: Model has 2-dimensional geometry (less than 0.500 inches thick on any axis)!!!
WARNING: Model has 2-dimensional geometry (less than 0.500 inches thick on any axis)!!!
WARNING: Model has 2-dimensional geometry (less than 0.500 inches thick on any axis)!!!
WARNING: Model has 2-dimensional geometry (less than 0.500 inches thick on any axis)!!!
WARNING: Model has 2-dimensional geometry (less than 0.500 inches thick on any axis)!!!
WARNING: Model has 2-dimensional geometry (less than 0.500 inches thick on any axis)!!!
WARNING: Model has 2-dimensional geometry (less than 0.500 inches thick on any axis)!!!
WARNING: Model has 2-dimensional geometry (less than 0.500 inches thick on any axis)!!!
WARNING: Model has 2-dimensional geometry (less than 0.500 inches thick on any axis)!!!
WARNING: Model has 2-dimensional geometry (less than 0.500 inches thick on any axis)!!!
WARNING: Model has 2-dimensional geometry (less than 0.500 inches thick on any axis)!!!
WARNING: Model has 2-dimensional geometry (less than 0.500 inches thick on any axis)!!!
WARNING: Model has 2-dimensional geometry (less than 0.500 inches thick on any axis)!!!
WARNING: Model has 2-dimensional geometry (less than 0.500 inches thick on any axis)!!!
WARNING: Model has 2-dimensional geometry (less than 0.500 inches thick on any axis)!!!
WARNING: Model has 2-dimensional geometry (less than 0.500 inches thick on any axis)!!!
WARNING: Model has 2-dimensional geometry (less than 0.500 inches thick on any axis)!!!
WARNING: Model has 2-dimensional geometry (less than 0.500 inches thick on any axis)!!!
WARNING: Model has 2-dimensional geometry (less than 0.500 inches thick on any axis)!!!
WARNING: Model has 2-dimensional geometry (less than 0.500 inches thick on any axis)!!!
WARNING: Model has 2-dimensional geometry (less than 0.500 inches thick on any axis)!!!
WARNING: Model has 2-dimensional geometry (less than 0.500 inches thick on any axis)!!!
WARNING: Model has 2-dimensional geometry (less than 0.500 inches thick on any axis)!!!
WARNING: Model has 2-dimensional geometry (less than 0.500 inches thick on any axis)!!!
WARNING: Model has 2-dimensional geometry (less than 0.500 inches thick on any axis)!!!
WARNING: Model has 2-dimensional geometry (less than 0.500 inches thick on any axis)!!!
WARNING: Model has 2-dimensional geometry (less than 0.500 inches thick on any axis)!!!
WARNING: Model has 2-dimensional geometry (less than 0.500 inches thick on any axis)!!!
WARNING: Model has 2-dimensional geometry (less than 0.500 inches thick on any axis)!!!
WARNING: Model has 2-dimensional geometry (less than 0.500 inches thick on any axis)!!!
WARNING: Model has 2-dimensional geometry (less than 0.500 inches thick on any axis)!!!
WARNING: Model has 2-dimensional geometry (less than 0.500 inches thick on any axis)!!!
WARNING: Model has 2-dimensional geometry (less than 0.500 inches thick on any axis)!!!
WARNING: Model has 2-dimensional geometry (less than 0.500 inches thick on any axis)!!!
WARNING: Model has 2-dimensional geometry (less than 0.500 inches thick on any axis)!!!
WARNING: Model has 2-dimensional geometry (less than 0.500 inches thick on any axis)!!!
WARNING: Model has 2-dimensional geometry (less than 0.500 inches thick on any axis)!!!
WARNING: Model has 2-dimensional geometry (less than 0.500 inches thick on any axis)!!!
WARNING: Model has 2-dimensional geometry (less than 0.500 inches thick on any axis)!!!
WARNING: Model has 2-dimensional geometry (less than 0.500 inches thick on any axis)!!!
WARNING: Model has 2-dimensional geometry (less than 0.500 inches thick on any axis)!!!
WARNING: Model has 2-dimensional geometry (less than 0.500 inches thick on any axis)!!!
WARNING: Model has 2-dimensional geometry (less than 0.500 inches thick on any axis)!!!
WARNING: Model has 2-dimensional geometry (less than 0.500 inches thick on any axis)!!!
WARNING: Model has 2-dimensional geometry (less than 0.500 inches thick on any axis)!!!
WARNING: Model has 2-dimensional geometry (less than 0.500 inches thick on any axis)!!!
WARNING: Model has 2-dimensional geometry (less than 0.500 inches thick on any axis)!!!
WARNING: Model has 2-dimensional geometry (less than 0.500 inches thick on any axis)!!!
WARNING: Model has 2-dimensional geometry (less than 0.500 inches thick on any axis)!!!
WARNING: Model has 2-dimensional geometry (less than 0.500 inches thick on any axis)!!!
WARNING: Model has 2-dimensional geometry (less than 0.500 inches thick on any axis)!!!
WARNING: Model has 2-dimensional geometry (less than 0.500 inches thick on any axis)!!!
WARNING: Model has 2-dimensional geometry (less than 0.500 inches thick on any axis)!!!
WARNING: Model has 2-dimensional geometry (less than 0.500 inches thick on any axis)!!!
WARNING: Model has 2-dimensional geometry (less than 0.500 inches thick on any axis)!!!
WARNING: Model has 2-dimensional geometry (less than 0.500 inches thick on any axis)!!!
WARNING: Model has 2-dimensional geometry (less than 0.500 inches thick on any axis)!!!
WARNING: Model has 2-dimensional geometry (less than 0.500 inches thick on any axis)!!!
WARNING: Model has 2-dimensional geometry (less than 0.500 inches thick on any axis)!!!
WARNING: Model has 2-dimensional geometry (less than 0.500 inches thick on any axis)!!!
WARNING: Model has 2-dimensional geometry (less than 0.500 inches thick on any axis)!!!
WARNING: Model has 2-dimensional geometry (less than 0.500 inches thick on any axis)!!!
WARNING: Model has 2-dimensional geometry (less than 0.500 inches thick on any axis)!!!
WARNING: Model has 2-dimensional geometry (less than 0.500 inches thick on any axis)!!!
WARNING: Model has 2-dimensional geometry (less than 0.500 inches thick on any axis)!!!
WARNING: Model has 2-dimensional geometry (less than 0.500 inches thick on any axis)!!!
WARNING: Model has 2-dimensional geometry (less than 0.500 inches thick on any axis)!!!
WARNING: Model has 2-dimensional geometry (less than 0.500 inches thick on any axis)!!!
WARNING: Model has 2-dimensional geometry (less than 0.500 inches thick on any axis)!!!
WARNING: Model has 2-dimensional geometry (less than 0.500 inches thick on any axis)!!!
WARNING: Model has 2-dimensional geometry (less than 0.500 inches thick on any axis)!!!
WARNING: Model has 2-dimensional geometry (less than 0.500 inches thick on any axis)!!!
WARNING: Model has 2-dimensional geometry (less than 0.500 inches thick on any axis)!!!
WARNING: Model has 2-dimensional geometry (less than 0.500 inches thick on any axis)!!!
WARNING: Model has 2-dimensional geometry (less than 0.500 inches thick on any axis)!!!
WARNING: Model has 2-dimensional geometry (less than 0.500 inches thick on any axis)!!!
WARNING: Model has 2-dimensional geometry (less than 0.500 inches thick on any axis)!!!
WARNING: Model has 2-dimensional geometry (less than 0.500 inches thick on any axis)!!!
WARNING: Model has 2-dimensional geometry (less than 0.500 inches thick on any axis)!!!
WARNING: Model has 2-dimensional geometry (less than 0.500 inches thick on any axis)!!!
WARNING: Model has 2-dimensional geometry (less than 0.500 inches thick on any axis)!!!
WARNING: Model has 2-dimensional geometry (less than 0.500 inches thick on any axis)!!!
WARNING: Model has 2-dimensional geometry (less than 0.500 inches thick on any axis)!!!
WARNING: Model has 2-dimensional geometry (less than 0.500 inches thick on any axis)!!!
WARNING: Model has 2-dimensional geometry (less than 0.500 inches thick on any axis)!!!
WARNING: Model has 2-dimensional geometry (less than 0.500 inches thick on any axis)!!!
WARNING: Model has 2-dimensional geometry (less than 0.500 inches thick on any axis)!!!
WARNING: Model has 2-dimensional geometry (less than 0.500 inches thick on any axis)!!!
WARNING: Model has 2-dimensional geometry (less than 0.500 inches thick on any axis)!!!
WARNING: Model has 2-dimensional geometry (less than 0.500 inches thick on any axis)!!!
WARNING: Model has 2-dimensional geometry (less than 0.500 inches thick on any axis)!!!
WARNING: Model has 2-dimensional geometry (less than 0.500 inches thick on any axis)!!!
WARNING: Model has 2-dimensional geometry (less than 0.500 inches thick on any axis)!!!
WARNING: Model has 2-dimensional geometry (less than 0.500 inches thick on any axis)!!!
WARNING: Model has 2-dimensional geometry (less than 0.500 inches thick on any axis)!!!
WARNING: Model has 2-dimensional geometry (less than 0.500 inches thick on any axis)!!!
WARNING: Model has 2-dimensional geometry (less than 0.500 inches thick on any axis)!!!
WARNING: Model has 2-dimensional geometry (less than 0.500 inches thick on any axis)!!!
WARNING: Model has 2-dimensional geometry (less than 0.500 inches thick on any axis)!!!
WARNING: Model has 2-dimensional geometry (less than 0.500 inches thick on any axis)!!!
WARNING: Model has 2-dimensional geometry (less than 0.500 inches thick on any axis)!!!
WARNING: Model has 2-dimensional geometry (less than 0.500 inches thick on any axis)!!!
WARNING: Model has 2-dimensional geometry (less than 0.500 inches thick on any axis)!!!
WARNING: Model has 2-dimensional geometry (less than 0.500 inches thick on any axis)!!!
WARNING: Model has 2-dimensional geometry (less than 0.500 inches thick on any axis)!!!
WARNING: Model has 2-dimensional geometry (less than 0.500 inches thick on any axis)!!!
WARNING: Model has 2-dimensional geometry (less than 0.500 inches thick on any axis)!!!
WARNING: Model has 2-dimensional geometry (less than 0.500 inches thick on any axis)!!!
WARNING: Model has 2-dimensional geometry (less than 0.500 inches thick on any axis)!!!
WARNING: Model has 2-dimensional geometry (less than 0.500 inches thick on any axis)!!!
WARNING: Model has 2-dimensional geometry (less than 0.500 inches thick on any axis)!!!
WARNING: Model has 2-dimensional geometry (less than 0.500 inches thick on any axis)!!!
WARNING: Model has 2-dimensional geometry (less than 0.500 inches thick on any axis)!!!
WARNING: Model has 2-dimensional geometry (less than 0.500 inches thick on any axis)!!!
WARNING: Model has 2-dimensional geometry (less than 0.500 inches thick on any axis)!!!
WARNING: Model has 2-dimensional geometry (less than 0.500 inches thick on any axis)!!!
WARNING: Model has 2-dimensional geometry (less than 0.500 inches thick on any axis)!!!
WARNING: Model has 2-dimensional geometry (less than 0.500 inches thick on any axis)!!!
WARNING: Model has 2-dimensional geometry (less than 0.500 inches thick on any axis)!!!
WARNING: Model has 2-dimensional geometry (less than 0.500 inches thick on any axis)!!!
WARNING: Model has 2-dimensional geometry (less than 0.500 inches thick on any axis)!!!
WARNING: Model has 2-dimensional geometry (less than 0.500 inches thick on any axis)!!!
WARNING: Model has 2-dimensional geometry (less than 0.500 inches thick on any axis)!!!
WARNING: Model has 2-dimensional geometry (less than 0.500 inches thick on any axis)!!!
WARNING: Model has 2-dimensional geometry (less than 0.500 inches thick on any axis)!!!
WARNING: Model has 2-dimensional geometry (less than 0.500 inches thick on any axis)!!!
WARNING: Model has 2-dimensional geometry (less than 0.500 inches thick on any axis)!!!
WARNING: Model has 2-dimensional geometry (less than 0.500 inches thick on any axis)!!!
WARNING: Model has 2-dimensional geometry (less than 0.500 inches thick on any axis)!!!
WARNING: Model has 2-dimensional geometry (less than 0.500 inches thick on any axis)!!!
WARNING: Model has 2-dimensional geometry (less than 0.500 inches thick on any axis)!!!
WARNING: Model has 2-dimensional geometry (less than 0.500 inches thick on any axis)!!!
WARNING: Model has 2-dimensional geometry (less than 0.500 inches thick on any axis)!!!
WARNING: Model has 2-dimensional geometry (less than 0.500 inches thick on any axis)!!!
WARNING: Model has 2-dimensional geometry (less than 0.500 inches thick on any axis)!!!
WARNING: Model has 2-dimensional geometry (less than 0.500 inches thick on any axis)!!!
WARNING: Model has 2-dimensional geometry (less than 0.500 inches thick on any axis)!!!
WARNING: Model has 2-dimensional geometry (less than 0.500 inches thick on any axis)!!!
WARNING: Model has 2-dimensional geometry (less than 0.500 inches thick on any axis)!!!
WARNING: Model has 2-dimensional geometry (less than 0.500 inches thick on any axis)!!!
WARNING: Model has 2-dimensional geometry (less than 0.500 inches thick on any axis)!!!
WARNING: Model has 2-dimensional geometry (less than 0.500 inches thick on any axis)!!!
WARNING: Model has 2-dimensional geometry (less than 0.500 inches thick on any axis)!!!
WARNING: Model has 2-dimensional geometry (less than 0.500 inches thick on any axis)!!!
WARNING: Model has 2-dimensional geometry (less than 0.500 inches thick on any axis)!!!
WARNING: Model has 2-dimensional geometry (less than 0.500 inches thick on any axis)!!!
WARNING: Model has 2-dimensional geometry (less than 0.500 inches thick on any axis)!!!
WARNING: Model has 2-dimensional geometry (less than 0.500 inches thick on any axis)!!!
WARNING: Model has 2-dimensional geometry (less than 0.500 inches thick on any axis)!!!
WARNING: Model has 2-dimensional geometry (less than 0.500 inches thick on any axis)!!!
WARNING: Model has 2-dimensional geometry (less than 0.500 inches thick on any axis)!!!
WARNING: Model has 2-dimensional geometry (less than 0.500 inches thick on any axis)!!!
WARNING: Model has 2-dimensional geometry (less than 0.500 inches thick on any axis)!!!
WARNING: Model has 2-dimensional geometry (less than 0.500 inches thick on any axis)!!!
WARNING: Model has 2-dimensional geometry (less than 0.500 inches thick on any axis)!!!
WARNING: Model has 2-dimensional geometry (less than 0.500 inches thick on any axis)!!!
WARNING: Model has 2-dimensional geometry (less than 0.500 inches thick on any axis)!!!
WARNING: Model has 2-dimensional geometry (less than 0.500 inches thick on any axis)!!!
WARNING: Model has 2-dimensional geometry (less than 0.500 inches thick on any axis)!!!
WARNING: Model has 2-dimensional geometry (less than 0.500 inches thick on any axis)!!!
WARNING: Model has 2-dimensional geometry (less than 0.500 inches thick on any axis)!!!
WARNING: Model has 2-dimensional geometry (less than 0.500 inches thick on any axis)!!!
WARNING: Model has 2-dimensional geometry (less than 0.500 inches thick on any axis)!!!
WARNING: Model has 2-dimensional geometry (less than 0.500 inches thick on any axis)!!!
WARNING: Model has 2-dimensional geometry (less than 0.500 inches thick on any axis)!!!
WARNING: Model has 2-dimensional geometry (less than 0.500 inches thick on any axis)!!!
WARNING: Model has 2-dimensional geometry (less than 0.500 inches thick on any axis)!!!
WARNING: Model has 2-dimensional geometry (less than 0.500 inches thick on any axis)!!!
WARNING: Model has 2-dimensional geometry (less than 0.500 inches thick on any axis)!!!
WARNING: Model has 2-dimensional geometry (less than 0.500 inches thick on any axis)!!!
WARNING: Model has 2-dimensional geometry (less than 0.500 inches thick on any axis)!!!
WARNING: Model has 2-dimensional geometry (less than 0.500 inches thick on any axis)!!!
WARNING: Model has 2-dimensional geometry (less than 0.500 inches thick on any axis)!!!
WARNING: Model has 2-dimensional geometry (less than 0.500 inches thick on any axis)!!!
WARNING: Model has 2-dimensional geometry (less than 0.500 inches thick on any axis)!!!
WARNING: Model has 2-dimensional geometry (less than 0.500 inches thick on any axis)!!!
WARNING: Model has 2-dimensional geometry (less than 0.500 inches thick on any axis)!!!
WARNING: Model has 2-dimensional geometry (less than 0.500 inches thick on any axis)!!!
WARNING: Model has 2-dimensional geometry (less than 0.500 inches thick on any axis)!!!
WARNING: Model has 2-dimensional geometry (less than 0.500 inches thick on any axis)!!!
WARNING: Model has 2-dimensional geometry (less than 0.500 inches thick on any axis)!!!
WARNING: Model has 2-dimensional geometry (less than 0.500 inches thick on any axis)!!!
WARNING: Model has 2-dimensional geometry (less than 0.500 inches thick on any axis)!!!
WARNING: Model has 2-dimensional geometry (less than 0.500 inches thick on any axis)!!!
WARNING: Model has 2-dimensional geometry (less than 0.500 inches thick on any axis)!!!
WARNING: Model has 2-dimensional geometry (less than 0.500 inches thick on any axis)!!!
WARNING: Model has 2-dimensional geometry (less than 0.500 inches thick on any axis)!!!
WARNING: Model has 2-dimensional geometry (less than 0.500 inches thick on any axis)!!!
WARNING: Model has 2-dimensional geometry (less than 0.500 inches thick on any axis)!!!
WARNING: Model has 2-dimensional geometry (less than 0.500 inches thick on any axis)!!!
WARNING: Model has 2-dimensional geometry (less than 0.500 inches thick on any axis)!!!
WARNING: Model has 2-dimensional geometry (less than 0.500 inches thick on any axis)!!!
WARNING: Model has 2-dimensional geometry (less than 0.500 inches thick on any axis)!!!
WARNING: Model has 2-dimensional geometry (less than 0.500 inches thick on any axis)!!!
WARNING: Model has 2-dimensional geometry (less than 0.500 inches thick on any axis)!!!
WARNING: Model has 2-dimensional geometry (less than 0.500 inches thick on any axis)!!!
WARNING: Model has 2-dimensional geometry (less than 0.500 inches thick on any axis)!!!
WARNING: Model has 2-dimensional geometry (less than 0.500 inches thick on any axis)!!!
WARNING: Model has 2-dimensional geometry (less than 0.500 inches thick on any axis)!!!
WARNING: Model has 2-dimensional geometry (less than 0.500 inches thick on any axis)!!!
WARNING: Model has 2-dimensional geometry (less than 0.500 inches thick on any axis)!!!
WARNING: Model has 2-dimensional geometry (less than 0.500 inches thick on any axis)!!!
WARNING: Model has 2-dimensional geometry (less than 0.500 inches thick on any axis)!!!
WARNING: Model has 2-dimensional geometry (less than 0.500 inches thick on any axis)!!!
WARNING: Model has 2-dimensional geometry (less than 0.500 inches thick on any axis)!!!
WARNING: Model has 2-dimensional geometry (less than 0.500 inches thick on any axis)!!!
WARNING: Model has 2-dimensional geometry (less than 0.500 inches thick on any axis)!!!
WARNING: Model has 2-dimensional geometry (less than 0.500 inches thick on any axis)!!!
WARNING: Model has 2-dimensional geometry (less than 0.500 inches thick on any axis)!!!
WARNING: Model has 2-dimensional geometry (less than 0.500 inches thick on any axis)!!!
WARNING: Model has 2-dimensional geometry (less than 0.500 inches thick on any axis)!!!
WARNING: Model has 2-dimensional geometry (less than 0.500 inches thick on any axis)!!!
WARNING: Model has 2-dimensional geometry (less than 0.500 inches thick on any axis)!!!
WARNING: Model has 2-dimensional geometry (less than 0.500 inches thick on any axis)!!!
WARNING: Model has 2-dimensional geometry (less than 0.500 inches thick on any axis)!!!
WARNING: Model has 2-dimensional geometry (less than 0.500 inches thick on any axis)!!!
WARNING: Model has 2-dimensional geometry (less than 0.500 inches thick on any axis)!!!
WARNING: Model has 2-dimensional geometry (less than 0.500 inches thick on any axis)!!!
WARNING: Model has 2-dimensional geometry (less than 0.500 inches thick on any axis)!!!
WARNING: Model has 2-dimensional geometry (less than 0.500 inches thick on any axis)!!!
WARNING: Model has 2-dimensional geometry (less than 0.500 inches thick on any axis)!!!
WARNING: Model has 2-dimensional geometry (less than 0.500 inches thick on any axis)!!!
WARNING: Model has 2-dimensional geometry (less than 0.500 inches thick on any axis)!!!
WARNING: Model has 2-dimensional geometry (less than 0.500 inches thick on any axis)!!!
WARNING: Model has 2-dimensional geometry (less than 0.500 inches thick on any axis)!!!
WARNING: Model has 2-dimensional geometry (less than 0.500 inches thick on any axis)!!!
WARNING: Model has 2-dimensional geometry (less than 0.500 inches thick on any axis)!!!
WARNING: Model has 2-dimensional geometry (less than 0.500 inches thick on any axis)!!!
WARNING: Model has 2-dimensional geometry (less than 0.500 inches thick on any axis)!!!
WARNING: Model has 2-dimensional geometry (less than 0.500 inches thick on any axis)!!!
WARNING: Model has 2-dimensional geometry (less than 0.500 inches thick on any axis)!!!
WARNING: Model has 2-dimensional geometry (less than 0.500 inches thick on any axis)!!!
WARNING: Model has 2-dimensional geometry (less than 0.500 inches thick on any axis)!!!
WARNING: Model has 2-dimensional geometry (less than 0.500 inches thick on any axis)!!!
WARNING: Model has 2-dimensional geometry (less than 0.500 inches thick on any axis)!!!
WARNING: Model has 2-dimensional geometry (less than 0.500 inches thick on any axis)!!!
WARNING: Model has 2-dimensional geometry (less than 0.500 inches thick on any axis)!!!
WARNING: Model has 2-dimensional geometry (less than 0.500 inches thick on any axis)!!!
WARNING: Model has 2-dimensional geometry (less than 0.500 inches thick on any axis)!!!
WARNING: Model has 2-dimensional geometry (less than 0.500 inches thick on any axis)!!!
WARNING: Model has 2-dimensional geometry (less than 0.500 inches thick on any axis)!!!
WARNING: Model has 2-dimensional geometry (less than 0.500 inches thick on any axis)!!!
WARNING: Model has 2-dimensional geometry (less than 0.500 inches thick on any axis)!!!
WARNING: Model has 2-dimensional geometry (less than 0.500 inches thick on any axis)!!!
WARNING: Model has 2-dimensional geometry (less than 0.500 inches thick on any axis)!!!
WARNING: Model has 2-dimensional geometry (less than 0.500 inches thick on any axis)!!!
WARNING: Model has 2-dimensional geometry (less than 0.500 inches thick on any axis)!!!
WARNING: Model has 2-dimensional geometry (less than 0.500 inches thick on any axis)!!!
WARNING: Model has 2-dimensional geometry (less than 0.500 inches thick on any axis)!!!
WARNING: Model has 2-dimensional geometry (less than 0.500 inches thick on any axis)!!!
WARNING: Model has 2-dimensional geometry (less than 0.500 inches thick on any axis)!!!
WARNING: Model has 2-dimensional geometry (less than 0.500 inches thick on any axis)!!!
WARNING: Model has 2-dimensional geometry (less than 0.500 inches thick on any axis)!!!
WARNING: Model has 2-dimensional geometry (less than 0.500 inches thick on any axis)!!!
WARNING: Model has 2-dimensional geometry (less than 0.500 inches thick on any axis)!!!
WARNING: Model has 2-dimensional geometry (less than 0.500 inches thick on any axis)!!!
WARNING: Model has 2-dimensional geometry (less than 0.500 inches thick on any axis)!!!
WARNING: Model has 2-dimensional geometry (less than 0.500 inches thick on any axis)!!!
WARNING: Model has 2-dimensional geometry (less than 0.500 inches thick on any axis)!!!
WARNING: Model has 2-dimensional geometry (less than 0.500 inches thick on any axis)!!!
WARNING: Model has 2-dimensional geometry (less than 0.500 inches thick on any axis)!!!
WARNING: Model has 2-dimensional geometry (less than 0.500 inches thick on any axis)!!!
WARNING: Model has 2-dimensional geometry (less than 0.500 inches thick on any axis)!!!
WARNING: Model has 2-dimensional geometry (less than 0.500 inches thick on any axis)!!!
WARNING: Model has 2-dimensional geometry (less than 0.500 inches thick on any axis)!!!
WARNING: Model has 2-dimensional geometry (less than 0.500 inches thick on any axis)!!!
WARNING: Model has 2-dimensional geometry (less than 0.500 inches thick on any axis)!!!
WARNING: Model has 2-dimensional geometry (less than 0.500 inches thick on any axis)!!!
WARNING: Model has 2-dimensional geometry (less than 0.500 inches thick on any axis)!!!
WARNING: Model has 2-dimensional geometry (less than 0.500 inches thick on any axis)!!!
WARNING: Model has 2-dimensional geometry (less than 0.500 inches thick on any axis)!!!
WARNING: Model has 2-dimensional geometry (less than 0.500 inches thick on any axis)!!!
WARNING: Model has 2-dimensional geometry (less than 0.500 inches thick on any axis)!!!
WARNING: Model has 2-dimensional geometry (less than 0.500 inches thick on any axis)!!!
WARNING: Model has 2-dimensional geometry (less than 0.500 inches thick on any axis)!!!
WARNING: Model has 2-dimensional geometry (less than 0.500 inches thick on any axis)!!!
WARNING: Model has 2-dimensional geometry (less than 0.500 inches thick on any axis)!!!
WARNING: Model has 2-dimensional geometry (less than 0.500 inches thick on any axis)!!!
WARNING: Model has 2-dimensional geometry (less than 0.500 inches thick on any axis)!!!
WARNING: Model has 2-dimensional geometry (less than 0.500 inches thick on any axis)!!!
WARNING: Model has 2-dimensional geometry (less than 0.500 inches thick on any axis)!!!
WARNING: Model has 2-dimensional geometry (less than 0.500 inches thick on any axis)!!!
WARNING: Model has 2-dimensional geometry (less than 0.500 inches thick on any axis)!!!
WARNING: Model has 2-dimensional geometry (less than 0.500 inches thick on any axis)!!!
WARNING: Model has 2-dimensional geometry (less than 0.500 inches thick on any axis)!!!
WARNING: Model has 2-dimensional geometry (less than 0.500 inches thick on any axis)!!!
WARNING: Model has 2-dimensional geometry (less than 0.500 inches thick on any axis)!!!
WARNING: Model has 2-dimensional geometry (less than 0.500 inches thick on any axis)!!!
WARNING: Model has 2-dimensional geometry (less than 0.500 inches thick on any axis)!!!
WARNING: Model has 2-dimensional geometry (less than 0.500 inches thick on any axis)!!!
WARNING: Model has 2-dimensional geometry (less than 0.500 inches thick on any axis)!!!
WARNING: Model has 2-dimensional geometry (less than 0.500 inches thick on any axis)!!!
WARNING: Model has 2-dimensional geometry (less than 0.500 inches thick on any axis)!!!
WARNING: Model has 2-dimensional geometry (less than 0.500 inches thick on any axis)!!!
WARNING: Model has 2-dimensional geometry (less than 0.500 inches thick on any axis)!!!
WARNING: Model has 2-dimensional geometry (less than 0.500 inches thick on any axis)!!!
WARNING: Model has 2-dimensional geometry (less than 0.500 inches thick on any axis)!!!
WARNING: Model has 2-dimensional geometry (less than 0.500 inches thick on any axis)!!!
WARNING: Model has 2-dimensional geometry (less than 0.500 inches thick on any axis)!!!
WARNING: Model has 2-dimensional geometry (less than 0.500 inches thick on any axis)!!!
WARNING: Model has 2-dimensional geometry (less than 0.500 inches thick on any axis)!!!
WARNING: Model has 2-dimensional geometry (less than 0.500 inches thick on any axis)!!!
WARNING: Model has 2-dimensional geometry (less than 0.500 inches thick on any axis)!!!
WARNING: Model has 2-dimensional geometry (less than 0.500 inches thick on any axis)!!!
WARNING: Model has 2-dimensional geometry (less than 0.500 inches thick on any axis)!!!
WARNING: Model has 2-dimensional geometry (less than 0.500 inches thick on any axis)!!!
WARNING: Model has 2-dimensional geometry (less than 0.500 inches thick on any axis)!!!
WARNING: Model has 2-dimensional geometry (less than 0.500 inches thick on any axis)!!!
WARNING: Model has 2-dimensional geometry (less than 0.500 inches thick on any axis)!!!
WARNING: Model has 2-dimensional geometry (less than 0.500 inches thick on any axis)!!!
WARNING: Model has 2-dimensional geometry (less than 0.500 inches thick on any axis)!!!
WARNING: Model has 2-dimensional geometry (less than 0.500 inches thick on any axis)!!!
WARNING: Model has 2-dimensional geometry (less than 0.500 inches thick on any axis)!!!
WARNING: Model has 2-dimensional geometry (less than 0.500 inches thick on any axis)!!!
WARNING: Model has 2-dimensional geometry (less than 0.500 inches thick on any axis)!!!
WARNING: Model has 2-dimensional geometry (less than 0.500 inches thick on any axis)!!!
WARNING: Model has 2-dimensional geometry (less than 0.500 inches thick on any axis)!!!
WARNING: Model has 2-dimensional geometry (less than 0.500 inches thick on any axis)!!!
WARNING: Model has 2-dimensional geometry (less than 0.500 inches thick on any axis)!!!
WARNING: Model has 2-dimensional geometry (less than 0.500 inches thick on any axis)!!!
WARNING: Model has 2-dimensional geometry (less than 0.500 inches thick on any axis)!!!
WARNING: Model has 2-dimensional geometry (less than 0.500 inches thick on any axis)!!!
WARNING: Model has 2-dimensional geometry (less than 0.500 inches thick on any axis)!!!
WARNING: Model has 2-dimensional geometry (less than 0.500 inches thick on any axis)!!!
WARNING: Model has 2-dimensional geometry (less than 0.500 inches thick on any axis)!!!
WARNING: Model has 2-dimensional geometry (less than 0.500 inches thick on any axis)!!!
WARNING: Model has 2-dimensional geometry (less than 0.500 inches thick on any axis)!!!
WARNING: Model has 2-dimensional geometry (less than 0.500 inches thick on any axis)!!!
WARNING: Model has 2-dimensional geometry (less than 0.500 inches thick on any axis)!!!
WARNING: Model has 2-dimensional geometry (less than 0.500 inches thick on any axis)!!!
WARNING: Model has 2-dimensional geometry (less than 0.500 inches thick on any axis)!!!
WARNING: Model has 2-dimensional geometry (less than 0.500 inches thick on any axis)!!!
WARNING: Model has 2-dimensional geometry (less than 0.500 inches thick on any axis)!!!
WARNING: Model has 2-dimensional geometry (less than 0.500 inches thick on any axis)!!!
WARNING: Model has 2-dimensional geometry (less than 0.500 inches thick on any axis)!!!
WARNING: Model has 2-dimensional geometry (less than 0.500 inches thick on any axis)!!!
WARNING: Model has 2-dimensional geometry (less than 0.500 inches thick on any axis)!!!
WARNING: Model has 2-dimensional geometry (less than 0.500 inches thick on any axis)!!!
WARNING: Model has 2-dimensional geometry (less than 0.500 inches thick on any axis)!!!
WARNING: Model has 2-dimensional geometry (less than 0.500 inches thick on any axis)!!!
WARNING: Model has 2-dimensional geometry (less than 0.500 inches thick on any axis)!!!
WARNING: Model has 2-dimensional geometry (less than 0.500 inches thick on any axis)!!!
WARNING: Model has 2-dimensional geometry (less than 0.500 inches thick on any axis)!!!
WARNING: Model has 2-dimensional geometry (less than 0.500 inches thick on any axis)!!!
WARNING: Model has 2-dimensional geometry (less than 0.500 inches thick on any axis)!!!
WARNING: Model has 2-dimensional geometry (less than 0.500 inches thick on any axis)!!!
WARNING: Model has 2-dimensional geometry (less than 0.500 inches thick on any axis)!!!
WARNING: Model has 2-dimensional geometry (less than 0.500 inches thick on any axis)!!!
WARNING: Model has 2-dimensional geometry (less than 0.500 inches thick on any axis)!!!
WARNING: Model has 2-dimensional geometry (less than 0.500 inches thick on any axis)!!!
WARNING: Model has 2-dimensional geometry (less than 0.500 inches thick on any axis)!!!
WARNING: Model has 2-dimensional geometry (less than 0.500 inches thick on any axis)!!!
WARNING: Model has 2-dimensional geometry (less than 0.500 inches thick on any axis)!!!
WARNING: Model has 2-dimensional geometry (less than 0.500 inches thick on any axis)!!!
WARNING: Model has 2-dimensional geometry (less than 0.500 inches thick on any axis)!!!
WARNING: Model has 2-dimensional geometry (less than 0.500 inches thick on any axis)!!!
WARNING: Model has 2-dimensional geometry (less than 0.500 inches thick on any axis)!!!
WARNING: Model has 2-dimensional geometry (less than 0.500 inches thick on any axis)!!!
WARNING: Model has 2-dimensional geometry (less than 0.500 inches thick on any axis)!!!
WARNING: Model has 2-dimensional geometry (less than 0.500 inches thick on any axis)!!!
WARNING: Model has 2-dimensional geometry (less than 0.500 inches thick on any axis)!!!
WARNING: Model has 2-dimensional geometry (less than 0.500 inches thick on any axis)!!!
WARNING: Model has 2-dimensional geometry (less than 0.500 inches thick on any axis)!!!
WARNING: Model has 2-dimensional geometry (less than 0.500 inches thick on any axis)!!!
WARNING: Model has 2-dimensional geometry (less than 0.500 inches thick on any axis)!!!
WARNING: Model has 2-dimensional geometry (less than 0.500 inches thick on any axis)!!!
WARNING: Model has 2-dimensional geometry (less than 0.500 inches thick on any axis)!!!
WARNING: Model has 2-dimensional geometry (less than 0.500 inches thick on any axis)!!!
WARNING: Model has 2-dimensional geometry (less than 0.500 inches thick on any axis)!!!
WARNING: Model has 2-dimensional geometry (less than 0.500 inches thick on any axis)!!!
WARNING: Model has 2-dimensional geometry (less than 0.500 inches thick on any axis)!!!
WARNING: Model has 2-dimensional geometry (less than 0.500 inches thick on any axis)!!!
WARNING: Model has 2-dimensional geometry (less than 0.500 inches thick on any axis)!!!
WARNING: Model has 2-dimensional geometry (less than 0.500 inches thick on any axis)!!!
WARNING: Model has 2-dimensional geometry (less than 0.500 inches thick on any axis)!!!
WARNING: Model has 2-dimensional geometry (less than 0.500 inches thick on any axis)!!!
WARNING: Model has 2-dimensional geometry (less than 0.500 inches thick on any axis)!!!
WARNING: Model has 2-dimensional geometry (less than 0.500 inches thick on any axis)!!!
WARNING: Model has 2-dimensional geometry (less than 0.500 inches thick on any axis)!!!
WARNING: Model has 2-dimensional geometry (less than 0.500 inches thick on any axis)!!!
WARNING: Model has 2-dimensional geometry (less than 0.500 inches thick on any axis)!!!
WARNING: Model has 2-dimensional geometry (less than 0.500 inches thick on any axis)!!!
WARNING: Model has 2-dimensional geometry (less than 0.500 inches thick on any axis)!!!
WARNING: Model has 2-dimensional geometry (less than 0.500 inches thick on any axis)!!!
WARNING: Model has 2-dimensional geometry (less than 0.500 inches thick on any axis)!!!
WARNING: Model has 2-dimensional geometry (less than 0.500 inches thick on any axis)!!!
WARNING: Model has 2-dimensional geometry (less than 0.500 inches thick on any axis)!!!
WARNING: Model has 2-dimensional geometry (less than 0.500 inches thick on any axis)!!!
WARNING: Model has 2-dimensional geometry (less than 0.500 inches thick on any axis)!!!
WARNING: Model has 2-dimensional geometry (less than 0.500 inches thick on any axis)!!!
WARNING: Model has 2-dimensional geometry (less than 0.500 inches thick on any axis)!!!
WARNING: Model has 2-dimensional geometry (less than 0.500 inches thick on any axis)!!!
WARNING: Model has 2-dimensional geometry (less than 0.500 inches thick on any axis)!!!
WARNING: Model has 2-dimensional geometry (less than 0.500 inches thick on any axis)!!!
WARNING: Model has 2-dimensional geometry (less than 0.500 inches thick on any axis)!!!
WARNING: Model has 2-dimensional geometry (less than 0.500 inches thick on any axis)!!!
WARNING: Model has 2-dimensional geometry (less than 0.500 inches thick on any axis)!!!
WARNING: Model has 2-dimensional geometry (less than 0.500 inches thick on any axis)!!!
WARNING: Model has 2-dimensional geometry (less than 0.500 inches thick on any axis)!!!
WARNING: Model has 2-dimensional geometry (less than 0.500 inches thick on any axis)!!!
WARNING: Model has 2-dimensional geometry (less than 0.500 inches thick on any axis)!!!
WARNING: Model has 2-dimensional geometry (less than 0.500 inches thick on any axis)!!!
WARNING: Model has 2-dimensional geometry (less than 0.500 inches thick on any axis)!!!
WARNING: Model has 2-dimensional geometry (less than 0.500 inches thick on any axis)!!!
WARNING: Model has 2-dimensional geometry (less than 0.500 inches thick on any axis)!!!
WARNING: Model has 2-dimensional geometry (less than 0.500 inches thick on any axis)!!!
WARNING: Model has 2-dimensional geometry (less than 0.500 inches thick on any axis)!!!
WARNING: Model has 2-dimensional geometry (less than 0.500 inches thick on any axis)!!!
WARNING: Model has 2-dimensional geometry (less than 0.500 inches thick on any axis)!!!
WARNING: Model has 2-dimensional geometry (less than 0.500 inches thick on any axis)!!!
WARNING: Model has 2-dimensional geometry (less than 0.500 inches thick on any axis)!!!
WARNING: Model has 2-dimensional geometry (less than 0.500 inches thick on any axis)!!!
WARNING: Model has 2-dimensional geometry (less than 0.500 inches thick on any axis)!!!
WARNING: Model has 2-dimensional geometry (less than 0.500 inches thick on any axis)!!!
WARNING: Model has 2-dimensional geometry (less than 0.500 inches thick on any axis)!!!
WARNING: Model has 2-dimensional geometry (less than 0.500 inches thick on any axis)!!!
WARNING: Model has 2-dimensional geometry (less than 0.500 inches thick on any axis)!!!
WARNING: Model has 2-dimensional geometry (less than 0.500 inches thick on any axis)!!!
WARNING: Model has 2-dimensional geometry (less than 0.500 inches thick on any axis)!!!
WARNING: Model has 2-dimensional geometry (less than 0.500 inches thick on any axis)!!!
WARNING: Model has 2-dimensional geometry (less than 0.500 inches thick on any axis)!!!
WARNING: Model has 2-dimensional geometry (less than 0.500 inches thick on any axis)!!!
WARNING: Model has 2-dimensional geometry (less than 0.500 inches thick on any axis)!!!
WARNING: Model has 2-dimensional geometry (less than 0.500 inches thick on any axis)!!!
WARNING: Model has 2-dimensional geometry (less than 0.500 inches thick on any axis)!!!
WARNING: Model has 2-dimensional geometry (less than 0.500 inches thick on any axis)!!!
WARNING: Model has 2-dimensional geometry (less than 0.500 inches thick on any axis)!!!
WARNING: Model has 2-dimensional geometry (less than 0.500 inches thick on any axis)!!!
WARNING: Model has 2-dimensional geometry (less than 0.500 inches thick on any axis)!!!
WARNING: Model has 2-dimensional geometry (less than 0.500 inches thick on any axis)!!!
WARNING: Model has 2-dimensional geometry (less than 0.500 inches thick on any axis)!!!
WARNING: Model has 2-dimensional geometry (less than 0.500 inches thick on any axis)!!!
WARNING: Model has 2-dimensional geometry (less than 0.500 inches thick on any axis)!!!
WARNING: Model has 2-dimensional geometry (less than 0.500 inches thick on any axis)!!!
WARNING: Model has 2-dimensional geometry (less than 0.500 inches thick on any axis)!!!
WARNING: Model has 2-dimensional geometry (less than 0.500 inches thick on any axis)!!!
WARNING: Model has 2-dimensional geometry (less than 0.500 inches thick on any axis)!!!
WARNING: Model has 2-dimensional geometry (less than 0.500 inches thick on any axis)!!!
WARNING: Model has 2-dimensional geometry (less than 0.500 inches thick on any axis)!!!
WARNING: Model has 2-dimensional geometry (less than 0.500 inches thick on any axis)!!!
WARNING: Model has 2-dimensional geometry (less than 0.500 inches thick on any axis)!!!
WARNING: Model has 2-dimensional geometry (less than 0.500 inches thick on any axis)!!!
WARNING: Model has 2-dimensional geometry (less than 0.500 inches thick on any axis)!!!
WARNING: Model has 2-dimensional geometry (less than 0.500 inches thick on any axis)!!!
WARNING: Model has 2-dimensional geometry (less than 0.500 inches thick on any axis)!!!
WARNING: Model has 2-dimensional geometry (less than 0.500 inches thick on any axis)!!!
WARNING: Model has 2-dimensional geometry (less than 0.500 inches thick on any axis)!!!
WARNING: Model has 2-dimensional geometry (less than 0.500 inches thick on any axis)!!!
WARNING: Model has 2-dimensional geometry (less than 0.500 inches thick on any axis)!!!
WARNING: Model has 2-dimensional geometry (less than 0.500 inches thick on any axis)!!!
WARNING: Model has 2-dimensional geometry (less than 0.500 inches thick on any axis)!!!
WARNING: Model has 2-dimensional geometry (less than 0.500 inches thick on any axis)!!!
WARNING: Model has 2-dimensional geometry (less than 0.500 inches thick on any axis)!!!
WARNING: Model has 2-dimensional geometry (less than 0.500 inches thick on any axis)!!!
WARNING: Model has 2-dimensional geometry (less than 0.500 inches thick on any axis)!!!
WARNING: Model has 2-dimensional geometry (less than 0.500 inches thick on any axis)!!!
WARNING: Model has 2-dimensional geometry (less than 0.500 inches thick on any axis)!!!
WARNING: Model has 2-dimensional geometry (less than 0.500 inches thick on any axis)!!!
WARNING: Model has 2-dimensional geometry (less than 0.500 inches thick on any axis)!!!
WARNING: Model has 2-dimensional geometry (less than 0.500 inches thick on any axis)!!!
WARNING: Model has 2-dimensional geometry (less than 0.500 inches thick on any axis)!!!
WARNING: Model has 2-dimensional geometry (less than 0.500 inches thick on any axis)!!!
WARNING: Model has 2-dimensional geometry (less than 0.500 inches thick on any axis)!!!
WARNING: Model has 2-dimensional geometry (less than 0.500 inches thick on any axis)!!!
WARNING: Model has 2-dimensional geometry (less than 0.500 inches thick on any axis)!!!
WARNING: Model has 2-dimensional geometry (less than 0.500 inches thick on any axis)!!!
WARNING: Model has 2-dimensional geometry (less than 0.500 inches thick on any axis)!!!
WARNING: Model has 2-dimensional geometry (less than 0.500 inches thick on any axis)!!!
WARNING: Model has 2-dimensional geometry (less than 0.500 inches thick on any axis)!!!
WARNING: Model has 2-dimensional geometry (less than 0.500 inches thick on any axis)!!!
WARNING: Model has 2-dimensional geometry (less than 0.500 inches thick on any axis)!!!
WARNING: Model has 2-dimensional geometry (less than 0.500 inches thick on any axis)!!!
WARNING: Model has 2-dimensional geometry (less than 0.500 inches thick on any axis)!!!
WARNING: Model has 2-dimensional geometry (less than 0.500 inches thick on any axis)!!!
WARNING: Model has 2-dimensional geometry (less than 0.500 inches thick on any axis)!!!
WARNING: Model has 2-dimensional geometry (less than 0.500 inches thick on any axis)!!!
WARNING: Model has 2-dimensional geometry (less than 0.500 inches thick on any axis)!!!
WARNING: Model has 2-dimensional geometry (less than 0.500 inches thick on any axis)!!!
WARNING: Model has 2-dimensional geometry (less than 0.500 inches thick on any axis)!!!
WARNING: Model has 2-dimensional geometry (less than 0.500 inches thick on any axis)!!!
WARNING: Model has 2-dimensional geometry (less than 0.500 inches thick on any axis)!!!
WARNING: Model has 2-dimensional geometry (less than 0.500 inches thick on any axis)!!!
WARNING: Model has 2-dimensional geometry (less than 0.500 inches thick on any axis)!!!
WARNING: Model has 2-dimensional geometry (less than 0.500 inches thick on any axis)!!!
WARNING: Model has 2-dimensional geometry (less than 0.500 inches thick on any axis)!!!
WARNING: Model has 2-dimensional geometry (less than 0.500 inches thick on any axis)!!!
WARNING: Model has 2-dimensional geometry (less than 0.500 inches thick on any axis)!!!
WARNING: Model has 2-dimensional geometry (less than 0.500 inches thick on any axis)!!!
WARNING: Model has 2-dimensional geometry (less than 0.500 inches thick on any axis)!!!
WARNING: Model has 2-dimensional geometry (less than 0.500 inches thick on any axis)!!!
WARNING: Model has 2-dimensional geometry (less than 0.500 inches thick on any axis)!!!
WARNING: Model has 2-dimensional geometry (less than 0.500 inches thick on any axis)!!!
WARNING: Model has 2-dimensional geometry (less than 0.500 inches thick on any axis)!!!
WARNING: Model has 2-dimensional geometry (less than 0.500 inches thick on any axis)!!!
WARNING: Model has 2-dimensional geometry (less than 0.500 inches thick on any axis)!!!
WARNING: Model has 2-dimensional geometry (less than 0.500 inches thick on any axis)!!!
WARNING: Model has 2-dimensional geometry (less than 0.500 inches thick on any axis)!!!
WARNING: Model has 2-dimensional geometry (less than 0.500 inches thick on any axis)!!!
WARNING: Model has 2-dimensional geometry (less than 0.500 inches thick on any axis)!!!
WARNING: Model has 2-dimensional geometry (less than 0.500 inches thick on any axis)!!!
WARNING: Model has 2-dimensional geometry (less than 0.500 inches thick on any axis)!!!
WARNING: Model has 2-dimensional geometry (less than 0.500 inches thick on any axis)!!!
WARNING: Model has 2-dimensional geometry (less than 0.500 inches thick on any axis)!!!
WARNING: Model has 2-dimensional geometry (less than 0.500 inches thick on any axis)!!!
WARNING: Model has 2-dimensional geometry (less than 0.500 inches thick on any axis)!!!
WARNING: Model has 2-dimensional geometry (less than 0.500 inches thick on any axis)!!!
WARNING: Model has 2-dimensional geometry (less than 0.500 inches thick on any axis)!!!
WARNING: Model has 2-dimensional geometry (less than 0.500 inches thick on any axis)!!!
WARNING: Model has 2-dimensional geometry (less than 0.500 inches thick on any axis)!!!
WARNING: Model has 2-dimensional geometry (less than 0.500 inches thick on any axis)!!!
WARNING: Model has 2-dimensional geometry (less than 0.500 inches thick on any axis)!!!
WARNING: Model has 2-dimensional geometry (less than 0.500 inches thick on any axis)!!!
WARNING: Model has 2-dimensional geometry (less than 0.500 inches thick on any axis)!!!
WARNING: Model has 2-dimensional geometry (less than 0.500 inches thick on any axis)!!!
WARNING: Model has 2-dimensional geometry (less than 0.500 inches thick on any axis)!!!
WARNING: Model has 2-dimensional geometry (less than 0.500 inches thick on any axis)!!!
WARNING: Model has 2-dimensional geometry (less than 0.500 inches thick on any axis)!!!
WARNING: Model has 2-dimensional geometry (less than 0.500 inches thick on any axis)!!!
WARNING: Model has 2-dimensional geometry (less than 0.500 inches thick on any axis)!!!
WARNING: Model has 2-dimensional geometry (less than 0.500 inches thick on any axis)!!!
WARNING: Model has 2-dimensional geometry (less than 0.500 inches thick on any axis)!!!
WARNING: Model has 2-dimensional geometry (less than 0.500 inches thick on any axis)!!!
WARNING: Model has 2-dimensional geometry (less than 0.500 inches thick on any axis)!!!
WARNING: Model has 2-dimensional geometry (less than 0.500 inches thick on any axis)!!!
WARNING: Model has 2-dimensional geometry (less than 0.500 inches thick on any axis)!!!
WARNING: Model has 2-dimensional geometry (less than 0.500 inches thick on any axis)!!!
WARNING: Model has 2-dimensional geometry (less than 0.500 inches thick on any axis)!!!
WARNING: Model has 2-dimensional geometry (less than 0.500 inches thick on any axis)!!!
WARNING: Model has 2-dimensional geometry (less than 0.500 inches thick on any axis)!!!
WARNING: Model has 2-dimensional geometry (less than 0.500 inches thick on any axis)!!!
WARNING: Model has 2-dimensional geometry (less than 0.500 inches thick on any axis)!!!
WARNING: Model has 2-dimensional geometry (less than 0.500 inches thick on any axis)!!!
WARNING: Model has 2-dimensional geometry (less than 0.500 inches thick on any axis)!!!
WARNING: Model has 2-dimensional geometry (less than 0.500 inches thick on any axis)!!!
WARNING: Model has 2-dimensional geometry (less than 0.500 inches thick on any axis)!!!
WARNING: Model has 2-dimensional geometry (less than 0.500 inches thick on any axis)!!!
WARNING: Model has 2-dimensional geometry (less than 0.500 inches thick on any axis)!!!
WARNING: Model has 2-dimensional geometry (less than 0.500 inches thick on any axis)!!!
WARNING: Model has 2-dimensional geometry (less than 0.500 inches thick on any axis)!!!
WARNING: Model has 2-dimensional geometry (less than 0.500 inches thick on any axis)!!!
WARNING: Model has 2-dimensional geometry (less than 0.500 inches thick on any axis)!!!
WARNING: Model has 2-dimensional geometry (less than 0.500 inches thick on any axis)!!!
WARNING: Model has 2-dimensional geometry (less than 0.500 inches thick on any axis)!!!
WARNING: Model has 2-dimensional geometry (less than 0.500 inches thick on any axis)!!!
WARNING: Model has 2-dimensional geometry (less than 0.500 inches thick on any axis)!!!
WARNING: Model has 2-dimensional geometry (less than 0.500 inches thick on any axis)!!!
WARNING: Model has 2-dimensional geometry (less than 0.500 inches thick on any axis)!!!
WARNING: Model has 2-dimensional geometry (less than 0.500 inches thick on any axis)!!!
WARNING: Model has 2-dimensional geometry (less than 0.500 inches thick on any axis)!!!
WARNING: Model has 2-dimensional geometry (less than 0.500 inches thick on any axis)!!!
WARNING: Model has 2-dimensional geometry (less than 0.500 inches thick on any axis)!!!
WARNING: Model has 2-dimensional geometry (less than 0.500 inches thick on any axis)!!!
WARNING: Model has 2-dimensional geometry (less than 0.500 inches thick on any axis)!!!
WARNING: Model has 2-dimensional geometry (less than 0.500 inches thick on any axis)!!!
WARNING: Model has 2-dimensional geometry (less than 0.500 inches thick on any axis)!!!
WARNING: Model has 2-dimensional geometry (less than 0.500 inches thick on any axis)!!!
WARNING: Model has 2-dimensional geometry (less than 0.500 inches thick on any axis)!!!
WARNING: Model has 2-dimensional geometry (less than 0.500 inches thick on any axis)!!!
WARNING: Model has 2-dimensional geometry (less than 0.500 inches thick on any axis)!!!
WARNING: Model has 2-dimensional geometry (less than 0.500 inches thick on any axis)!!!
WARNING: Model has 2-dimensional geometry (less than 0.500 inches thick on any axis)!!!
WARNING: Model has 2-dimensional geometry (less than 0.500 inches thick on any axis)!!!
WARNING: Model has 2-dimensional geometry (less than 0.500 inches thick on any axis)!!!
WARNING: Model has 2-dimensional geometry (less than 0.500 inches thick on any axis)!!!
WARNING: Model has 2-dimensional geometry (less than 0.500 inches thick on any axis)!!!
WARNING: Model has 2-dimensional geometry (less than 0.500 inches thick on any axis)!!!
WARNING: Model has 2-dimensional geometry (less than 0.500 inches thick on any axis)!!!
WARNING: Model has 2-dimensional geometry (less than 0.500 inches thick on any axis)!!!
WARNING: Model has 2-dimensional geometry (less than 0.500 inches thick on any axis)!!!
WARNING: Model has 2-dimensional geometry (less than 0.500 inches thick on any axis)!!!
WARNING: Model has 2-dimensional geometry (less than 0.500 inches thick on any axis)!!!
WARNING: Model has 2-dimensional geometry (less than 0.500 inches thick on any axis)!!!
WARNING: Model has 2-dimensional geometry (less than 0.500 inches thick on any axis)!!!
WARNING: Model has 2-dimensional geometry (less than 0.500 inches thick on any axis)!!!
WARNING: Model has 2-dimensional geometry (less than 0.500 inches thick on any axis)!!!
WARNING: Model has 2-dimensional geometry (less than 0.500 inches thick on any axis)!!!
WARNING: Model has 2-dimensional geometry (less than 0.500 inches thick on any axis)!!!
WARNING: Model has 2-dimensional geometry (less than 0.500 inches thick on any axis)!!!
WARNING: Model has 2-dimensional geometry (less than 0.500 inches thick on any axis)!!!
WARNING: Model has 2-dimensional geometry (less than 0.500 inches thick on any axis)!!!
WARNING: Model has 2-dimensional geometry (less than 0.500 inches thick on any axis)!!!
WARNING: Model has 2-dimensional geometry (less than 0.500 inches thick on any axis)!!!
WARNING: Model has 2-dimensional geometry (less than 0.500 inches thick on any axis)!!!
WARNING: Model has 2-dimensional geometry (less than 0.500 inches thick on any axis)!!!
WARNING: Model has 2-dimensional geometry (less than 0.500 inches thick on any axis)!!!
WARNING: Model has 2-dimensional geometry (less than 0.500 inches thick on any axis)!!!
WARNING: Model has 2-dimensional geometry (less than 0.500 inches thick on any axis)!!!
WARNING: Model has 2-dimensional geometry (less than 0.500 inches thick on any axis)!!!
WARNING: Model has 2-dimensional geometry (less than 0.500 inches thick on any axis)!!!
WARNING: Model has 2-dimensional geometry (less than 0.500 inches thick on any axis)!!!
WARNING: Model has 2-dimensional geometry (less than 0.500 inches thick on any axis)!!!
WARNING: Model has 2-dimensional geometry (less than 0.500 inches thick on any axis)!!!
WARNING: Model has 2-dimensional geometry (less than 0.500 inches thick on any axis)!!!
WARNING: Model has 2-dimensional geometry (less than 0.500 inches thick on any axis)!!!
WARNING: Model has 2-dimensional geometry (less than 0.500 inches thick on any axis)!!!
WARNING: Model has 2-dimensional geometry (less than 0.500 inches thick on any axis)!!!
WARNING: Model has 2-dimensional geometry (less than 0.500 inches thick on any axis)!!!
WARNING: Model has 2-dimensional geometry (less than 0.500 inches thick on any axis)!!!
WARNING: Model has 2-dimensional geometry (less than 0.500 inches thick on any axis)!!!
WARNING: Model has 2-dimensional geometry (less than 0.500 inches thick on any axis)!!!
WARNING: Model has 2-dimensional geometry (less than 0.500 inches thick on any axis)!!!
WARNING: Model has 2-dimensional geometry (less than 0.500 inches thick on any axis)!!!
WARNING: Model has 2-dimensional geometry (less than 0.500 inches thick on any axis)!!!
WARNING: Model has 2-dimensional geometry (less than 0.500 inches thick on any axis)!!!
WARNING: Model has 2-dimensional geometry (less than 0.500 inches thick on any axis)!!!
WARNING: Model has 2-dimensional geometry (less than 0.500 inches thick on any axis)!!!
WARNING: Model has 2-dimensional geometry (less than 0.500 inches thick on any axis)!!!
WARNING: Model has 2-dimensional geometry (less than 0.500 inches thick on any axis)!!!
WARNING: Model has 2-dimensional geometry (less than 0.500 inches thick on any axis)!!!
WARNING: Model has 2-dimensional geometry (less than 0.500 inches thick on any axis)!!!
WARNING: Model has 2-dimensional geometry (less than 0.500 inches thick on any axis)!!!
WARNING: Model has 2-dimensional geometry (less than 0.500 inches thick on any axis)!!!
WARNING: Model has 2-dimensional geometry (less than 0.500 inches thick on any axis)!!!
WARNING: Model has 2-dimensional geometry (less than 0.500 inches thick on any axis)!!!
WARNING: Model has 2-dimensional geometry (less than 0.500 inches thick on any axis)!!!
WARNING: Model has 2-dimensional geometry (less than 0.500 inches thick on any axis)!!!
WARNING: Model has 2-dimensional geometry (less than 0.500 inches thick on any axis)!!!
WARNING: Model has 2-dimensional geometry (less than 0.500 inches thick on any axis)!!!
WARNING: Model has 2-dimensional geometry (less than 0.500 inches thick on any axis)!!!
WARNING: Model has 2-dimensional geometry (less than 0.500 inches thick on any axis)!!!
WARNING: Model has 2-dimensional geometry (less than 0.500 inches thick on any axis)!!!
WARNING: Model has 2-dimensional geometry (less than 0.500 inches thick on any axis)!!!
WARNING: Model has 2-dimensional geometry (less than 0.500 inches thick on any axis)!!!
WARNING: Model has 2-dimensional geometry (less than 0.500 inches thick on any axis)!!!
WARNING: Model has 2-dimensional geometry (less than 0.500 inches thick on any axis)!!!
WARNING: Model has 2-dimensional geometry (less than 0.500 inches thick on any axis)!!!
WARNING: Model has 2-dimensional geometry (less than 0.500 inches thick on any axis)!!!
WARNING: Model has 2-dimensional geometry (less than 0.500 inches thick on any axis)!!!
WARNING: Model has 2-dimensional geometry (less than 0.500 inches thick on any axis)!!!
WARNING: Model has 2-dimensional geometry (less than 0.500 inches thick on any axis)!!!
WARNING: Model has 2-dimensional geometry (less than 0.500 inches thick on any axis)!!!
WARNING: Model has 2-dimensional geometry (less than 0.500 inches thick on any axis)!!!
WARNING: Model has 2-dimensional geometry (less than 0.500 inches thick on any axis)!!!
WARNING: Model has 2-dimensional geometry (less than 0.500 inches thick on any axis)!!!
WARNING: Model has 2-dimensional geometry (less than 0.500 inches thick on any axis)!!!
WARNING: Model has 2-dimensional geometry (less than 0.500 inches thick on any axis)!!!
WARNING: Model has 2-dimensional geometry (less than 0.500 inches thick on any axis)!!!
WARNING: Model has 2-dimensional geometry (less than 0.500 inches thick on any axis)!!!
WARNING: Model has 2-dimensional geometry (less than 0.500 inches thick on any axis)!!!
WARNING: Model has 2-dimensional geometry (less than 0.500 inches thick on any axis)!!!
WARNING: Model has 2-dimensional geometry (less than 0.500 inches thick on any axis)!!!
WARNING: Model has 2-dimensional geometry (less than 0.500 inches thick on any axis)!!!
WARNING: Model has 2-dimensional geometry (less than 0.500 inches thick on any axis)!!!
WARNING: Model has 2-dimensional geometry (less than 0.500 inches thick on any axis)!!!
WARNING: Model has 2-dimensional geometry (less than 0.500 inches thick on any axis)!!!
WARNING: Model has 2-dimensional geometry (less than 0.500 inches thick on any axis)!!!
WARNING: Model has 2-dimensional geometry (less than 0.500 inches thick on any axis)!!!
WARNING: Model has 2-dimensional geometry (less than 0.500 inches thick on any axis)!!!
WARNING: Model has 2-dimensional geometry (less than 0.500 inches thick on any axis)!!!
WARNING: Model has 2-dimensional geometry (less than 0.500 inches thick on any axis)!!!
WARNING: Model has 2-dimensional geometry (less than 0.500 inches thick on any axis)!!!
WARNING: Model has 2-dimensional geometry (less than 0.500 inches thick on any axis)!!!
WARNING: Model has 2-dimensional geometry (less than 0.500 inches thick on any axis)!!!
WARNING: Model has 2-dimensional geometry (less than 0.500 inches thick on any axis)!!!
WARNING: Model has 2-dimensional geometry (less than 0.500 inches thick on any axis)!!!
WARNING: Model has 2-dimensional geometry (less than 0.500 inches thick on any axis)!!!
WARNING: Model has 2-dimensional geometry (less than 0.500 inches thick on any axis)!!!
WARNING: Model has 2-dimensional geometry (less than 0.500 inches thick on any axis)!!!
WARNING: Model has 2-dimensional geometry (less than 0.500 inches thick on any axis)!!!
WARNING: Model has 2-dimensional geometry (less than 0.500 inches thick on any axis)!!!
WARNING: Model has 2-dimensional geometry (less than 0.500 inches thick on any axis)!!!
WARNING: Model has 2-dimensional geometry (less than 0.500 inches thick on any axis)!!!
WARNING: Model has 2-dimensional geometry (less than 0.500 inches thick on any axis)!!!
WARNING: Model has 2-dimensional geometry (less than 0.500 inches thick on any axis)!!!
WARNING: Model has 2-dimensional geometry (less than 0.500 inches thick on any axis)!!!
WARNING: Model has 2-dimensional geometry (less than 0.500 inches thick on any axis)!!!
WARNING: Model has 2-dimensional geometry (less than 0.500 inches thick on any axis)!!!
WARNING: Model has 2-dimensional geometry (less than 0.500 inches thick on any axis)!!!
WARNING: Model has 2-dimensional geometry (less than 0.500 inches thick on any axis)!!!
WARNING: Model has 2-dimensional geometry (less than 0.500 inches thick on any axis)!!!
WARNING: Model has 2-dimensional geometry (less than 0.500 inches thick on any axis)!!!
WARNING: Model has 2-dimensional geometry (less than 0.500 inches thick on any axis)!!!
WARNING: Model has 2-dimensional geometry (less than 0.500 inches thick on any axis)!!!
WARNING: Model has 2-dimensional geometry (less than 0.500 inches thick on any axis)!!!
WARNING: Model has 2-dimensional geometry (less than 0.500 inches thick on any axis)!!!
WARNING: Model has 2-dimensional geometry (less than 0.500 inches thick on any axis)!!!
WARNING: Model has 2-dimensional geometry (less than 0.500 inches thick on any axis)!!!
WARNING: Model has 2-dimensional geometry (less than 0.500 inches thick on any axis)!!!
WARNING: Model has 2-dimensional geometry (less than 0.500 inches thick on any axis)!!!
WARNING: Model has 2-dimensional geometry (less than 0.500 inches thick on any axis)!!!
WARNING: Model has 2-dimensional geometry (less than 0.500 inches thick on any axis)!!!
WARNING: Model has 2-dimensional geometry (less than 0.500 inches thick on any axis)!!!
WARNING: Model has 2-dimensional geometry (less than 0.500 inches thick on any axis)!!!
WARNING: Model has 2-dimensional geometry (less than 0.500 inches thick on any axis)!!!
WARNING: Model has 2-dimensional geometry (less than 0.500 inches thick on any axis)!!!
WARNING: Model has 2-dimensional geometry (less than 0.500 inches thick on any axis)!!!
WARNING: Model has 2-dimensional geometry (less than 0.500 inches thick on any axis)!!!
WARNING: Model has 2-dimensional geometry (less than 0.500 inches thick on any axis)!!!
WARNING: Model has 2-dimensional geometry (less than 0.500 inches thick on any axis)!!!
WARNING: Model has 2-dimensional geometry (less than 0.500 inches thick on any axis)!!!
WARNING: Model has 2-dimensional geometry (less than 0.500 inches thick on any axis)!!!
WARNING: Model has 2-dimensional geometry (less than 0.500 inches thick on any axis)!!!
WARNING: Model has 2-dimensional geometry (less than 0.500 inches thick on any axis)!!!
WARNING: Model has 2-dimensional geometry (less than 0.500 inches thick on any axis)!!!
WARNING: Model has 2-dimensional geometry (less than 0.500 inches thick on any axis)!!!
WARNING: Model has 2-dimensional geometry (less than 0.500 inches thick on any axis)!!!
WARNING: Model has 2-dimensional geometry (less than 0.500 inches thick on any axis)!!!
WARNING: Model has 2-dimensional geometry (less than 0.500 inches thick on any axis)!!!
WARNING: Model has 2-dimensional geometry (less than 0.500 inches thick on any axis)!!!
WARNING: Model has 2-dimensional geometry (less than 0.500 inches thick on any axis)!!!
WARNING: Model has 2-dimensional geometry (less than 0.500 inches thick on any axis)!!!
WARNING: Model has 2-dimensional geometry (less than 0.500 inches thick on any axis)!!!
WARNING: Model has 2-dimensional geometry (less than 0.500 inches thick on any axis)!!!
WARNING: Model has 2-dimensional geometry (less than 0.500 inches thick on any axis)!!!
WARNING: Model has 2-dimensional geometry (less than 0.500 inches thick on any axis)!!!
WARNING: Model has 2-dimensional geometry (less than 0.500 inches thick on any axis)!!!
WARNING: Model has 2-dimensional geometry (less than 0.500 inches thick on any axis)!!!
WARNING: Model has 2-dimensional geometry (less than 0.500 inches thick on any axis)!!!
WARNING: Model has 2-dimensional geometry (less than 0.500 inches thick on any axis)!!!
WARNING: Model has 2-dimensional geometry (less than 0.500 inches thick on any axis)!!!
WARNING: Model has 2-dimensional geometry (less than 0.500 inches thick on any axis)!!!
WARNING: Model has 2-dimensional geometry (less than 0.500 inches thick on any axis)!!!
WARNING: Model has 2-dimensional geometry (less than 0.500 inches thick on any axis)!!!
WARNING: Model has 2-dimensional geometry (less than 0.500 inches thick on any axis)!!!
WARNING: Model has 2-dimensional geometry (less than 0.500 inches thick on any axis)!!!
WARNING: Model has 2-dimensional geometry (less than 0.500 inches thick on any axis)!!!
WARNING: Model has 2-dimensional geometry (less than 0.500 inches thick on any axis)!!!
WARNING: Model has 2-dimensional geometry (less than 0.500 inches thick on any axis)!!!
WARNING: Model has 2-dimensional geometry (less than 0.500 inches thick on any axis)!!!
WARNING: Model has 2-dimensional geometry (less than 0.500 inches thick on any axis)!!!
WARNING: Model has 2-dimensional geometry (less than 0.500 inches thick on any axis)!!!
WARNING: Model has 2-dimensional geometry (less than 0.500 inches thick on any axis)!!!
WARNING: Model has 2-dimensional geometry (less than 0.500 inches thick on any axis)!!!
WARNING: Model has 2-dimensional geometry (less than 0.500 inches thick on any axis)!!!
WARNING: Model has 2-dimensional geometry (less than 0.500 inches thick on any axis)!!!
WARNING: Model has 2-dimensional geometry (less than 0.500 inches thick on any axis)!!!
WARNING: Model has 2-dimensional geometry (less than 0.500 inches thick on any axis)!!!
WARNING: Model has 2-dimensional geometry (less than 0.500 inches thick on any axis)!!!
WARNING: Model has 2-dimensional geometry (less than 0.500 inches thick on any axis)!!!
WARNING: Model has 2-dimensional geometry (less than 0.500 inches thick on any axis)!!!
WARNING: Model has 2-dimensional geometry (less than 0.500 inches thick on any axis)!!!
WARNING: Model has 2-dimensional geometry (less than 0.500 inches thick on any axis)!!!
WARNING: Model has 2-dimensional geometry (less than 0.500 inches thick on any axis)!!!
WARNING: Model has 2-dimensional geometry (less than 0.500 inches thick on any axis)!!!
WARNING: Model has 2-dimensional geometry (less than 0.500 inches thick on any axis)!!!
WARNING: Model has 2-dimensional geometry (less than 0.500 inches thick on any axis)!!!
WARNING: Model has 2-dimensional geometry (less than 0.500 inches thick on any axis)!!!
WARNING: Model has 2-dimensional geometry (less than 0.500 inches thick on any axis)!!!
WARNING: Model has 2-dimensional geometry (less than 0.500 inches thick on any axis)!!!
WARNING: Model has 2-dimensional geometry (less than 0.500 inches thick on any axis)!!!
WARNING: Model has 2-dimensional geometry (less than 0.500 inches thick on any axis)!!!
WARNING: Model has 2-dimensional geometry (less than 0.500 inches thick on any axis)!!!
WARNING: Model has 2-dimensional geometry (less than 0.500 inches thick on any axis)!!!
WARNING: Model has 2-dimensional geometry (less than 0.500 inches thick on any axis)!!!
WARNING: Model has 2-dimensional geometry (less than 0.500 inches thick on any axis)!!!
WARNING: Model has 2-dimensional geometry (less than 0.500 inches thick on any axis)!!!
WARNING: Model has 2-dimensional geometry (less than 0.500 inches thick on any axis)!!!
WARNING: Model has 2-dimensional geometry (less than 0.500 inches thick on any axis)!!!
WARNING: Model has 2-dimensional geometry (less than 0.500 inches thick on any axis)!!!
WARNING: Model has 2-dimensional geometry (less than 0.500 inches thick on any axis)!!!
WARNING: Model has 2-dimensional geometry (less than 0.500 inches thick on any axis)!!!
WARNING: Model has 2-dimensional geometry (less than 0.500 inches thick on any axis)!!!
WARNING: Model has 2-dimensional geometry (less than 0.500 inches thick on any axis)!!!
WARNING: Model has 2-dimensional geometry (less than 0.500 inches thick on any axis)!!!
WARNING: Model has 2-dimensional geometry (less than 0.500 inches thick on any axis)!!!
WARNING: Error with convex elements of colls.smd, building single convex!!!!
Model has 267 convex sub-parts
Collision model completed.
---------------------
writing C:\Program Files (x86)\Steam\steamapps\sourcemods\who\models/placeholder/sourceenv_cycleslighting.mdl:
bones          964 bytes (1)
animations     112 bytes (1 anims) (1 frames) [0:00]
sequences      220 bytes (1 seq) 
ik/pose        164 bytes
eyeballs         0 bytes (0 eyeballs)
flexes           0 bytes (0 flexes)
textures        72 bytes
keyvalues        0 bytes
bone transforms        0 bytes
bone flex driver       0 bytes
Collision model volume 43860644.00 in^3
collision        0 bytes
total         1764
---------------------
writing C:\Program Files (x86)\Steam\steamapps\sourcemods\who\models/placeholder/sourceenv_cycleslighting.vvd:
vertices    701712 bytes (14619 vertices)
tangents    233904 bytes (14619 vertices)
total       935680 bytes
---------------------
Generating optimized mesh "C:\Program Files (x86)\Steam\steamapps\sourcemods\who\models/placeholder/sourceenv_cycleslighting.sw.vtx":
body parts:         8 bytes
models:            20 bytes
model LODs:        12 bytes
meshes:             9 bytes
strip groups:      25 bytes
strips:            27 bytes
verts:         131571 bytes
indices:        62982 bytes
bone changes:      16 bytes
everything:    194694 bytes
---------------------
Generating optimized mesh "C:\Program Files (x86)\Steam\steamapps\sourcemods\who\models/placeholder/sourceenv_cycleslighting.dx80.vtx":
body parts:         8 bytes
models:            20 bytes
model LODs:        12 bytes
meshes:             9 bytes
strip groups:      25 bytes
strips:            27 bytes
verts:         131571 bytes
indices:        62982 bytes
bone changes:      16 bytes
everything:    194694 bytes
---------------------
Generating optimized mesh "C:\Program Files (x86)\Steam\steamapps\sourcemods\who\models/placeholder/sourceenv_cycleslighting.dx90.vtx":
body parts:         8 bytes
models:            20 bytes
model LODs:        12 bytes
meshes:             9 bytes
strip groups:      25 bytes
strips:            27 bytes
verts:         131571 bytes
indices:        62982 bytes
bone changes:      16 bytes
everything:    194694 bytes

Completed "sourceenv_cycleslighting.qc"



