version 1
nodes
0 "Implicit" -1
end
skeleton
time 0
0  0.000000 0.000000 0.000000  0.000000 0.000000 0.000000
end
triangles
no_material
0  0.688690 -1.814315 15.002732  -0.000000 -1.000000 0.000001  0.990921 0.069956
0  -0.562680 -1.814315 15.159155  0.000000 -1.000000 0.000001  0.903217 0.080919
0  -0.719102 -1.814315 15.002732  0.000000 -1.000000 0.000000  0.892254 0.069956
no_material
0  -0.719102 -1.814314 28.972363  0.000000 -1.000000 -0.000000  0.872951 0.528516
0  0.532269 -1.814314 28.815939  0.000000 -1.000000 -0.000000  0.906091 0.524373
0  0.688690 -1.814314 28.972363  -0.000000 -1.000000 -0.000000  0.910234 0.528516
no_material
0  -0.631532 1.795408 15.076264  -0.000000 1.000000 -0.000000  0.984765 0.154913
0  0.601121 1.795408 15.076264  0.000000 1.000000 -0.000001  0.899163 0.154913
0  0.766901 1.795408 14.056184  0.000000 1.000000 -0.000000  0.887651 0.084073
no_material
0  0.601121 1.795409 28.898830  0.000000 1.000000 -0.000001  0.875270 0.556577
0  -0.631532 1.795409 28.898830  -0.000000 1.000000 0.000001  0.907915 0.556577
0  -0.797312 1.795410 29.918909  -0.000000 1.000000 -0.000000  0.912305 0.583592
no_material
0  -23.804935 1.795408 14.056184  0.000000 0.000000 -1.000000  0.877550 0.108937
0  -0.797312 -1.814315 14.056184  0.000000 0.000000 -1.000000  0.643539 0.055460
0  -23.804935 -1.814315 14.056184  0.000000 0.000000 -1.000000  0.877550 0.055460
no_material
0  -0.797312 -1.814314 29.918909  0.000000 0.000000 1.000000  0.005918 0.854591
0  -23.804935 1.795410 29.918909  0.000000 0.000000 1.000000  0.239662 0.801052
0  -23.804935 -1.814314 29.918909  0.000000 0.000000 1.000000  0.239662 0.854591
no_material
0  -23.804935 -1.814314 29.918909  -1.000000 0.000000 0.000000  0.768747 0.433258
0  -23.804935 1.795408 14.056184  -1.000000 0.000000 0.000000  0.942508 0.383752
0  -23.804935 -1.814315 14.056184  -1.000000 0.000000 0.000000  0.942508 0.433258
no_material
0  22.671555 -0.205983 15.159155  0.000000 0.000000 1.000000  0.235426 0.172541
0  0.766901 -1.579683 15.159155  0.000000 0.000000 1.000000  0.012637 0.152190
0  22.671555 -1.579683 15.159155  0.000000 0.000000 1.000000  0.235426 0.152190
no_material
0  23.774527 1.795410 29.918909  1.000000 0.000000 0.000000  0.941344 0.646525
0  23.774527 -1.814315 14.056184  1.000000 0.000000 0.000000  0.767583 0.696031
0  23.774527 1.795408 14.056184  1.000000 0.000000 0.000000  0.767583 0.646525
no_material
0  22.671555 -0.205982 28.815939  -1.000000 0.000000 0.000000  0.929590 0.731914
0  22.671555 -1.579683 15.159155  -1.000000 0.000000 0.000000  0.779337 0.712992
0  22.671555 -1.579682 28.815939  -1.000000 0.000000 0.000000  0.929590 0.712992
no_material
0  -0.797312 1.795408 14.910484  0.000000 1.000000 -0.000000  0.643539 0.121594
0  -23.804935 1.795408 14.056184  0.000000 1.000000 -0.000000  0.877550 0.108937
0  -22.950636 1.795408 14.910484  0.000000 1.000000 -0.000000  0.868861 0.121594
no_material
0  22.920225 1.795409 29.064610  -0.000000 1.000000 -0.000000  0.931986 0.634809
0  23.774527 1.795408 14.056184  -0.000000 1.000000 -0.000000  0.767583 0.646525
0  22.920225 1.795408 14.910484  -0.000000 1.000000 -0.000000  0.776941 0.634809
no_material
0  0.766901 1.795409 29.064610  0.000000 1.000000 0.000001  0.652502 0.861866
0  23.774527 1.795410 29.918909  -0.000000 1.000000 -0.000000  0.885564 0.849158
0  22.920225 1.795409 29.064610  -0.000000 1.000000 -0.000000  0.876910 0.861866
no_material
0  -22.950636 1.795408 14.910484  0.000000 1.000000 -0.000000  0.933150 0.372036
0  -23.804935 1.795410 29.918909  0.000000 1.000000 -0.000000  0.768747 0.383752
0  -22.950636 1.795409 29.064610  0.000000 1.000000 -0.000000  0.778105 0.372036
no_material
0  0.766901 -1.814315 14.924521  -0.000000 -1.000000 0.000001  0.012637 0.146756
0  23.774527 -1.814315 14.056184  0.000000 -1.000000 -0.000000  0.246644 0.133891
0  22.906189 -1.814315 14.924521  0.000000 -1.000000 -0.000000  0.237813 0.146756
no_material
0  -22.936598 -1.814314 29.050570  -0.000000 -1.000000 0.000000  0.778259 0.445167
0  -23.804935 -1.814315 14.056184  -0.000000 -1.000000 -0.000000  0.942508 0.433258
0  -22.936598 -1.814315 14.924521  -0.000000 -1.000000 -0.000000  0.932996 0.445167
no_material
0  -0.797312 -1.814314 29.050570  0.000000 -1.000000 0.000000  0.005918 0.867470
0  -23.804935 -1.814314 29.918909  -0.000000 -1.000000 0.000000  0.239662 0.854591
0  -22.936598 -1.814314 29.050570  -0.000000 -1.000000 0.000000  0.230841 0.867470
no_material
0  22.906189 -1.814315 14.924521  0.000000 -1.000000 -0.000000  0.777095 0.707940
0  23.774527 -1.814314 29.918909  0.000000 -1.000000 0.000000  0.941344 0.696031
0  22.906189 -1.814314 29.050570  0.000000 -1.000000 0.000000  0.931832 0.707940
no_material
0  -22.701965 -0.205983 15.159155  1.000000 0.000000 0.000000  0.930754 0.469141
0  -22.701965 -1.579682 28.815939  1.000000 0.000000 0.000000  0.780501 0.450218
0  -22.701965 -1.579683 15.159155  1.000000 0.000000 0.000000  0.930754 0.450218
no_material
0  -22.701965 -0.205982 28.815939  0.000000 0.000000 -1.000000  0.228457 0.893284
0  -0.797312 -1.579682 28.815939  0.000000 0.000000 -1.000000  0.005918 0.872910
0  -22.701965 -1.579682 28.815939  0.000000 0.000000 -1.000000  0.228457 0.872910
no_material
0  0.766901 1.795408 14.910484  0.000000 1.000000 -0.000000  0.012637 0.067757
0  23.774527 1.795408 14.056184  -0.000000 1.000000 -0.000000  0.246644 0.080413
0  0.766901 1.795408 14.056184  0.000000 1.000000 -0.000000  0.012637 0.080413
no_material
0  0.766901 1.795408 14.056184  0.000000 0.000000 -1.000000  0.012637 0.080413
0  23.774527 -1.814315 14.056184  0.000000 0.000000 -1.000000  0.246644 0.133891
0  0.766901 -1.814315 14.056184  0.000000 0.000000 -1.000000  0.012637 0.133891
no_material
0  -0.797312 -1.814315 14.924521  0.000001 -1.000000 -0.000000  0.643539 0.042596
0  -23.804935 -1.814315 14.056184  -0.000000 -1.000000 -0.000000  0.877550 0.055460
0  -0.797312 -1.814315 14.056184  0.000000 -1.000000 0.000000  0.643539 0.055460
no_material
0  -0.797312 -1.579683 15.159155  0.000000 0.000000 1.000000  0.643539 0.037161
0  -22.701965 -0.205983 15.159155  0.000000 0.000000 1.000000  0.866331 0.016810
0  -22.701965 -1.579683 15.159155  0.000000 0.000000 1.000000  0.866331 0.037161
no_material
0  -0.797312 1.795409 29.064610  -0.000000 1.000000 -0.000000  0.005918 0.788382
0  -23.804935 1.795410 29.918909  0.000000 1.000000 -0.000000  0.239662 0.801052
0  -0.797312 1.795410 29.918909  -0.000000 1.000000 -0.000000  0.005918 0.801052
no_material
0  0.766901 -1.579682 28.815939  0.000000 0.000000 -1.000000  0.652502 0.777090
0  22.671555 -0.205982 28.815939  0.000000 0.000000 -1.000000  0.874391 0.756656
0  22.671555 -1.579682 28.815939  0.000000 0.000000 -1.000000  0.874391 0.777090
no_material
0  0.766901 -1.814314 29.050570  -0.000000 -1.000000 0.000000  0.652502 0.782546
0  23.774527 -1.814314 29.918909  0.000000 -1.000000 0.000000  0.885564 0.795463
0  0.766901 -1.814314 29.918909  -0.000000 -1.000000 0.000000  0.652502 0.795463
no_material
0  0.766901 -1.814314 29.918909  0.000000 0.000000 1.000000  0.652502 0.795463
0  23.774527 1.795410 29.918909  0.000000 0.000000 1.000000  0.885564 0.849158
0  0.766901 1.795410 29.918909  0.000000 0.000000 1.000000  0.652502 0.849158
no_material
0  -0.797312 -1.814315 14.056184  0.000000 0.000000 -1.000000  0.681709 0.269847
0  0.766901 1.795408 14.056184  0.000000 0.000000 -1.000000  0.653813 0.219912
0  0.766901 -1.814315 14.056184  0.000000 0.000000 -1.000000  0.653813 0.269847
no_material
0  -0.797312 1.795410 29.918909  0.000000 0.000000 1.000000  0.828656 0.583592
0  0.766901 -1.814314 29.918909  0.000000 0.000000 1.000000  0.870081 0.487995
0  0.766901 1.795410 29.918909  0.000000 0.000000 1.000000  0.870081 0.583592
no_material
0  0.766901 1.546740 28.815939  1.000000 0.000000 0.000000  0.917527 0.221192
0  0.766901 0.187076 15.159155  1.000000 0.000000 0.000000  0.751455 0.238064
0  0.766901 1.546739 15.159155  1.000000 0.000000 0.000000  0.751455 0.221192
no_material
0  -0.548643 1.795409 28.815939  0.000000 1.000000 0.000001  0.917527 0.203296
0  0.518231 1.795408 15.159155  0.000000 1.000000 -0.000003  0.751455 0.216534
0  -0.548643 1.795408 15.159155  0.000000 1.000000 0.000003  0.751455 0.203296
no_material
0  0.532269 -1.814314 28.815939  0.000000 -1.000000 -0.000000  0.917527 0.284788
0  -0.562680 -1.814315 15.159155  0.000000 -1.000000 0.000001  0.751455 0.298374
0  0.532269 -1.814315 15.159155  0.000000 -1.000000 0.000001  0.751455 0.284788
no_material
0  -0.797312 -1.579682 28.815939  -1.000000 0.000000 0.000000  0.917527 0.302770
0  -0.797312 -0.205983 15.159155  -1.000000 0.000000 0.000000  0.751455 0.319815
0  -0.797312 -1.579683 15.159155  -1.000000 0.000000 0.000000  0.751455 0.302770
no_material
0  0.766901 -0.205982 28.815939  1.000000 0.000000 0.000000  0.917527 0.263347
0  0.766901 -1.579683 15.159155  1.000000 0.000000 0.000000  0.751455 0.280392
0  0.766901 -0.205983 15.159155  1.000000 0.000000 0.000000  0.751455 0.263347
no_material
0  22.671555 0.187076 15.159155  0.000000 0.000000 1.000000  0.235426 0.041854
0  0.766901 1.546739 15.159155  0.000000 0.000000 1.000000  0.012637 0.061997
0  0.766901 0.187076 15.159155  0.000000 0.000000 1.000000  0.012637 0.041854
no_material
0  22.671555 0.187077 28.815939  -1.000000 0.000000 0.000000  0.929610 0.610721
0  22.671555 1.546739 15.159155  -1.000000 0.000000 0.000000  0.779317 0.629455
0  22.671555 0.187076 15.159155  -1.000000 0.000000 0.000000  0.779317 0.610721
no_material
0  0.766901 0.187077 28.815939  0.000000 0.000000 -1.000000  0.652502 0.887874
0  22.671555 1.546740 28.815939  0.000000 0.000000 -1.000000  0.874391 0.867649
0  22.671555 0.187077 28.815939  0.000000 0.000000 -1.000000  0.874391 0.887874
no_material
0  -22.701965 0.187076 15.159155  1.000000 0.000000 0.000000  0.930774 0.347948
0  -22.701965 1.546740 28.815939  1.000000 0.000000 0.000000  0.780481 0.366682
0  -22.701965 0.187077 28.815939  1.000000 0.000000 0.000000  0.780481 0.347948
no_material
0  -0.797312 0.187076 15.159155  0.000000 0.000000 1.000000  0.643539 0.147496
0  -22.701965 1.546739 15.159155  0.000000 0.000000 1.000000  0.866332 0.127353
0  -22.701965 0.187076 15.159155  0.000000 0.000000 1.000000  0.866332 0.147496
no_material
0  -0.797312 0.187077 28.815939  -1.000000 0.000000 0.000000  0.917527 0.181766
0  -0.797312 1.546739 15.159155  -1.000000 0.000000 0.000000  0.751455 0.198638
0  -0.797312 0.187076 15.159155  -1.000000 0.000000 0.000000  0.751455 0.181766
no_material
0  -22.701965 0.187077 28.815939  0.000000 0.000000 -1.000000  0.228457 0.762450
0  -0.797312 1.546740 28.815939  0.000000 0.000000 -1.000000  0.005917 0.782616
0  -0.797312 0.187077 28.815939  0.000000 0.000000 -1.000000  0.005917 0.762450
no_material
0  1.589116 -0.113734 15.981368  0.000000 0.000000 1.000000  0.020999 0.025216
0  21.849340 0.094828 15.981368  0.000000 0.000000 1.000000  0.227064 0.028306
0  1.589116 0.094828 15.981368  0.000000 0.000000 1.000000  0.020999 0.028306
no_material
0  21.849340 -0.113734 15.981368  -1.000000 0.000000 0.000000  0.788366 0.595248
0  21.849340 0.094829 27.993727  -1.000000 0.000000 0.000000  0.920561 0.598121
0  21.849340 0.094828 15.981368  -1.000000 0.000000 0.000000  0.788366 0.598121
no_material
0  -21.879751 -0.113733 27.993727  1.000000 0.000000 0.000000  0.789530 0.332475
0  -21.879751 0.094828 15.981368  1.000000 0.000000 0.000000  0.921725 0.335348
0  -21.879751 0.094829 27.993727  1.000000 0.000000 0.000000  0.789530 0.335348
no_material
0  -1.619527 -0.113733 27.993727  0.000000 0.000000 -1.000000  0.014271 0.745794
0  -21.879751 0.094829 27.993727  0.000000 0.000000 -1.000000  0.220104 0.748887
0  -1.619527 0.094829 27.993727  0.000000 0.000000 -1.000000  0.014271 0.748887
no_material
0  -21.879751 -0.113734 15.981368  0.000000 0.000000 1.000000  0.857969 0.164134
0  -1.619527 0.094828 15.981368  0.000000 0.000000 1.000000  0.651902 0.161044
0  -21.879751 0.094828 15.981368  0.000000 0.000000 1.000000  0.857969 0.161044
no_material
0  21.849340 -0.113733 27.993727  0.000000 0.000000 -1.000000  0.866063 0.904579
0  1.589116 0.094829 27.993727  0.000000 0.000000 -1.000000  0.660831 0.901477
0  21.849340 0.094829 27.993727  0.000000 0.000000 -1.000000  0.866063 0.901477
no_material
0  1.589116 0.094828 15.981368  1.000000 0.000000 0.000000  0.761453 0.249411
0  1.589116 -0.113733 27.993727  1.000000 0.000000 0.000000  0.907528 0.251999
0  1.589116 -0.113734 15.981368  1.000000 0.000000 0.000000  0.761453 0.251999
no_material
0  -1.619527 -0.113734 15.981368  -1.000000 0.000000 0.000000  0.761453 0.167831
0  -1.619527 0.094829 27.993727  -1.000000 0.000000 0.000000  0.907528 0.170419
0  -1.619527 0.094828 15.981368  -1.000000 0.000000 0.000000  0.761453 0.170419
no_material
0  21.849340 0.187076 15.981368  -0.000000 1.000000 -0.000000  0.227064 0.029673
0  0.766901 0.187076 15.159155  0.000000 1.000000 -0.000000  0.012637 0.041854
0  1.589116 0.187076 15.981368  0.000000 1.000000 -0.000000  0.020999 0.029673
no_material
0  1.589116 -0.205983 15.981368  -0.000000 -1.000000 0.000000  0.021000 0.184722
0  22.671555 -0.205983 15.159155  0.000000 -1.000000 0.000000  0.235426 0.172541
0  21.849340 -0.205983 15.981368  0.000000 -1.000000 0.000000  0.227064 0.184722
no_material
0  21.849340 0.187077 27.993727  0.000000 1.000000 -0.000000  0.920561 0.599392
0  22.671555 0.187076 15.159155  -0.000000 1.000000 -0.000000  0.779317 0.610721
0  21.849340 0.187076 15.981368  -0.000000 1.000000 -0.000000  0.788366 0.599392
no_material
0  21.849340 -0.205983 15.981368  0.000000 -1.000000 0.000000  0.788383 0.743240
0  22.671555 -0.205982 28.815939  -0.000000 -1.000000 0.000000  0.929590 0.731914
0  21.849340 -0.205982 27.993727  -0.000000 -1.000000 0.000000  0.920544 0.743240
no_material
0  1.589116 0.187077 27.993727  -0.000000 1.000000 -0.000000  0.660831 0.900104
0  22.671555 0.187077 28.815939  0.000000 1.000000 -0.000000  0.874391 0.887874
0  21.849340 0.187077 27.993727  0.000000 1.000000 -0.000000  0.866063 0.900104
no_material
0  21.849340 -0.205982 27.993727  -0.000000 -1.000000 0.000000  0.866062 0.744425
0  0.766901 -0.205982 28.815939  0.000000 -1.000000 0.000000  0.652502 0.756656
0  1.589116 -0.205982 27.993727  0.000000 -1.000000 0.000000  0.660831 0.744425
no_material
0  1.589116 -0.205982 27.993727  0.000000 -1.000000 0.000000  0.907528 0.253144
0  0.766901 -0.205983 15.159155  -0.000000 -1.000000 0.000000  0.751455 0.263347
0  1.589116 -0.205983 15.981368  -0.000000 -1.000000 0.000000  0.761453 0.253144
no_material
0  1.589116 0.187076 15.981368  0.000000 1.000000 -0.000000  0.761453 0.248267
0  0.766901 0.187077 28.815939  -0.000000 1.000000 -0.000000  0.917527 0.238064
0  1.589116 0.187077 27.993727  -0.000000 1.000000 -0.000000  0.907528 0.248267
no_material
0  -21.879751 0.187076 15.981368  0.000000 1.000000 -0.000000  0.921725 0.336619
0  -22.701965 0.187077 28.815939  -0.000000 1.000000 -0.000000  0.780481 0.347948
0  -21.879751 0.187077 27.993727  -0.000000 1.000000 -0.000000  0.789530 0.336619
no_material
0  -21.879751 -0.205982 27.993727  0.000000 -1.000000 0.000000  0.789547 0.480467
0  -22.701965 -0.205983 15.159155  -0.000000 -1.000000 0.000000  0.930754 0.469141
0  -21.879751 -0.205983 15.981368  -0.000000 -1.000000 0.000000  0.921708 0.480467
no_material
0  -21.879751 0.187077 27.993727  -0.000000 1.000000 -0.000000  0.220104 0.750255
0  -0.797312 0.187077 28.815939  0.000000 1.000000 -0.000000  0.005917 0.762450
0  -1.619527 0.187077 27.993727  0.000000 1.000000 -0.000000  0.014271 0.750255
no_material
0  -1.619527 -0.205982 27.993727  -0.000000 -1.000000 0.000000  0.014271 0.905479
0  -22.701965 -0.205982 28.815939  0.000000 -1.000000 0.000000  0.228457 0.893284
0  -21.879751 -0.205982 27.993727  0.000000 -1.000000 0.000000  0.220104 0.905479
no_material
0  -1.619527 0.187076 15.981368  -0.000000 1.000000 -0.000000  0.651902 0.159677
0  -22.701965 0.187076 15.159155  0.000000 1.000000 -0.000000  0.866332 0.147496
0  -21.879751 0.187076 15.981368  0.000000 1.000000 -0.000000  0.857969 0.159677
no_material
0  -21.879751 -0.205983 15.981368  -0.000000 -1.000000 0.000000  0.857969 0.004629
0  -0.797312 -0.205983 15.159155  0.000000 -1.000000 0.000000  0.643539 0.016810
0  -1.619527 -0.205983 15.981368  0.000000 -1.000000 0.000000  0.651902 0.004629
no_material
0  -1.619527 0.187077 27.993727  0.000000 1.000000 -0.000000  0.907528 0.171563
0  -0.797312 0.187076 15.159155  -0.000000 1.000000 -0.000000  0.751455 0.181766
0  -1.619527 0.187076 15.981368  -0.000000 1.000000 -0.000000  0.761453 0.171563
no_material
0  -1.619527 -0.205983 15.981368  0.000000 -1.000000 0.000000  0.761453 0.330018
0  -0.797312 -0.205982 28.815939  -0.000000 -1.000000 0.000000  0.917527 0.319815
0  -1.619527 -0.205982 27.993727  -0.000000 -1.000000 0.000000  0.907528 0.330018
no_material
0  21.849340 0.094828 15.981368  0.000000 0.000000 1.000000  0.227064 0.028306
0  1.589116 0.187076 15.981368  0.000000 0.000000 1.000000  0.020999 0.029673
0  1.589116 0.094828 15.981368  0.000000 0.000000 1.000000  0.020999 0.028306
no_material
0  1.589116 -0.113734 15.981368  0.000000 0.000000 1.000000  0.020999 0.025216
0  21.849340 -0.205983 15.981368  0.000000 0.000000 1.000000  0.227064 0.023849
0  21.849340 -0.113734 15.981368  0.000000 0.000000 1.000000  0.227064 0.025216
no_material
0  21.849340 0.094829 27.993727  -1.000000 0.000000 0.000000  0.920561 0.598121
0  21.849340 0.187076 15.981368  -1.000000 0.000000 0.000000  0.788366 0.599392
0  21.849340 0.094828 15.981368  -1.000000 0.000000 0.000000  0.788366 0.598121
no_material
0  21.849340 -0.113734 15.981368  -1.000000 0.000000 0.000000  0.788366 0.595248
0  21.849340 -0.205982 27.993727  -1.000000 0.000000 0.000000  0.920561 0.593977
0  21.849340 -0.113733 27.993727  -1.000000 0.000000 0.000000  0.920561 0.595248
no_material
0  1.589116 0.094829 27.993727  0.000000 0.000000 -1.000000  0.660831 0.901477
0  21.849340 0.187077 27.993727  0.000000 0.000000 -1.000000  0.866063 0.900104
0  21.849340 0.094829 27.993727  0.000000 0.000000 -1.000000  0.866063 0.901477
no_material
0  21.849340 -0.113733 27.993727  0.000000 0.000000 -1.000000  0.866063 0.904579
0  1.589116 -0.205982 27.993727  0.000000 0.000000 -1.000000  0.660831 0.905951
0  1.589116 -0.113733 27.993727  0.000000 0.000000 -1.000000  0.660831 0.904579
no_material
0  1.589116 -0.113733 27.993727  1.000000 0.000000 0.000000  0.907528 0.251999
0  1.589116 -0.205983 15.981368  1.000000 0.000000 0.000000  0.761453 0.253144
0  1.589116 -0.113734 15.981368  1.000000 0.000000 0.000000  0.761453 0.251999
no_material
0  1.589116 0.094828 15.981368  1.000000 0.000000 0.000000  0.761453 0.249411
0  1.589116 0.187077 27.993727  1.000000 0.000000 0.000000  0.907528 0.248267
0  1.589116 0.094829 27.993727  1.000000 0.000000 0.000000  0.907528 0.249411
no_material
0  -21.879751 0.094828 15.981368  1.000000 0.000000 0.000000  0.921725 0.335348
0  -21.879751 0.187077 27.993727  1.000000 0.000000 0.000000  0.789530 0.336619
0  -21.879751 0.094829 27.993727  1.000000 0.000000 0.000000  0.789530 0.335348
no_material
0  -21.879751 -0.113733 27.993727  1.000000 0.000000 0.000000  0.789530 0.332475
0  -21.879751 -0.205983 15.981368  1.000000 0.000000 0.000000  0.921725 0.331204
0  -21.879751 -0.113734 15.981368  1.000000 0.000000 0.000000  0.921725 0.332475
no_material
0  -21.879751 0.094829 27.993727  0.000000 0.000000 -1.000000  0.220104 0.748887
0  -1.619527 0.187077 27.993727  0.000000 0.000000 -1.000000  0.014271 0.750255
0  -1.619527 0.094829 27.993727  0.000000 0.000000 -1.000000  0.014271 0.748887
no_material
0  -1.619527 -0.113733 27.993727  0.000000 0.000000 -1.000000  0.014271 0.745794
0  -21.879751 -0.205982 27.993727  0.000000 0.000000 -1.000000  0.220104 0.744425
0  -21.879751 -0.113733 27.993727  0.000000 0.000000 -1.000000  0.220104 0.745794
no_material
0  -1.619527 0.094828 15.981368  0.000000 0.000000 1.000000  0.651902 0.161044
0  -21.879751 0.187076 15.981368  0.000000 0.000000 1.000000  0.857969 0.159677
0  -21.879751 0.094828 15.981368  0.000000 0.000000 1.000000  0.857969 0.161044
no_material
0  -21.879751 -0.113734 15.981368  0.000000 0.000000 1.000000  0.857969 0.164134
0  -1.619527 -0.205983 15.981368  0.000000 0.000000 1.000000  0.651902 0.165500
0  -1.619527 -0.113734 15.981368  0.000000 0.000000 1.000000  0.651902 0.164134
no_material
0  -1.619527 0.094829 27.993727  -1.000000 0.000000 0.000000  0.907528 0.170419
0  -1.619527 0.187076 15.981368  -1.000000 0.000000 0.000000  0.761453 0.171563
0  -1.619527 0.094828 15.981368  -1.000000 0.000000 0.000000  0.761453 0.170419
no_material
0  -1.619527 -0.113734 15.981368  -1.000000 0.000000 0.000000  0.761453 0.167831
0  -1.619527 -0.205982 27.993727  -1.000000 0.000000 0.000000  0.907528 0.166686
0  -1.619527 -0.113733 27.993727  -1.000000 0.000000 0.000000  0.907528 0.167831
no_material
0  0.760676 -1.704589 28.822166  0.492153 -0.719553 -0.489927  0.774526 0.555378
0  0.747777 -1.790720 28.930573  0.323034 -0.857425 -0.400588  0.774526 0.557541
0  0.652268 -1.790720 28.835064  0.401983 -0.856887 -0.322728  0.775921 0.556460
no_material
0  -0.682679 -1.790720 28.835064  -0.400615 -0.857412 -0.323036  0.799167 0.556460
0  -0.778188 -1.790720 28.930573  -0.322733 -0.856890 -0.401975  0.800562 0.556460
0  -0.791088 -1.704589 28.822166  -0.489917 -0.719566 -0.492145  0.800562 0.556460
no_material
0  0.760676 -1.704590 15.152929  0.489935 -0.719535 0.492173  0.654743 0.268765
0  0.652268 -1.790720 15.140030  0.400589 -0.857424 0.323038  0.656138 0.269847
0  0.747777 -1.790720 15.044521  0.322730 -0.856890 0.401975  0.654743 0.270929
no_material
0  -0.791088 -1.704590 15.152929  -0.492141 -0.719564 0.489923  0.683104 0.269847
0  -0.778188 -1.790720 15.044521  -0.323048 -0.857423 0.400583  0.681709 0.269847
0  -0.682679 -1.790720 15.140030  -0.401973 -0.856893 0.322725  0.680315 0.269847
no_material
0  22.791443 -1.784343 15.039268  -0.265724 -0.924207 0.274286  0.236646 0.148326
0  0.766901 -1.814315 14.924521  0.095841 -0.962756 0.252817  0.012637 0.146756
0  22.906189 -1.814315 14.924521  -0.128792 -0.981034 0.144864  0.237813 0.146756
no_material
0  22.791443 -1.784342 28.935827  -0.265731 -0.924185 -0.274351  0.930575 0.709566
0  22.906189 -1.814315 14.924521  -0.128792 -0.981034 0.144864  0.777095 0.707940
0  22.906189 -1.814314 29.050570  -0.128814 -0.981011 -0.144996  0.931832 0.707940
no_material
0  -22.731937 -1.694427 28.845911  0.867595 -0.497271 0.000001  0.780501 0.448537
0  -22.701965 -1.579683 15.159155  0.967544 -0.252704 0.000000  0.930754 0.450218
0  -22.701965 -1.579682 28.815939  0.967532 -0.252750 0.000000  0.780501 0.450218
no_material
0  -0.864350 -1.680238 28.849459  -0.117399 -0.593836 -0.795975  0.006599 0.871151
0  -22.701965 -1.579682 28.815939  0.000180 -0.284600 -0.958646  0.228457 0.872910
0  -0.797312 -1.579682 28.815939  0.000181 -0.284735 -0.958606  0.005918 0.872910
no_material
0  -22.731937 -1.694428 15.129183  0.000382 -0.511686 0.859172  0.866636 0.038732
0  -0.797312 -1.579683 15.159155  0.000161 -0.284690 0.958620  0.643539 0.037161
0  -22.701965 -1.579683 15.159155  0.000160 -0.284632 0.958637  0.866331 0.037161
no_material
0  0.833939 -1.780795 28.950016  0.137922 -0.869240 -0.474762  0.653181 0.780782
0  22.906189 -1.814314 29.050570  -0.128814 -0.981011 -0.144996  0.876768 0.782546
0  0.766901 -1.814314 29.050570  0.095802 -0.962719 -0.252971  0.652502 0.782546
no_material
0  -0.763794 -1.680239 15.226192  -0.789522 -0.602427 0.117203  0.752270 0.301454
0  -0.797312 -1.579682 28.815939  -0.948683 -0.316229 0.000000  0.917527 0.302770
0  -0.797312 -1.579683 15.159155  -0.948683 -0.316228 0.000000  0.751455 0.302770
no_material
0  0.733382 -1.680238 28.748903  0.789522 -0.602427 -0.117204  0.916712 0.281708
0  0.766901 -1.579683 15.159155  0.948684 -0.316227 0.000000  0.751455 0.280392
0  0.766901 -1.579682 28.815939  0.948683 -0.316229 0.000000  0.917527 0.280392
no_material
0  0.610480 -1.814314 28.894150  0.220373 -0.953292 -0.206567  0.776386 0.557542
0  0.747777 -1.790720 28.930573  0.323034 -0.857425 -0.400588  0.774526 0.557541
0  0.688690 -1.814314 28.972363  0.206557 -0.953296 -0.220367  0.774991 0.558623
no_material
0  0.833939 -1.780795 28.950016  0.137922 -0.869240 -0.474762  0.773596 0.557542
0  0.760676 -1.704589 28.822166  0.492153 -0.719553 -0.489927  0.774526 0.555378
0  0.833939 -1.680238 28.849459  0.118100 -0.595329 -0.794755  0.773596 0.555378
no_material
0  0.733382 -1.680238 28.748903  0.789522 -0.602427 -0.117204  0.774991 0.554296
0  0.652268 -1.790720 28.835064  0.401983 -0.856887 -0.322728  0.775921 0.556460
0  0.632826 -1.780795 28.748903  0.483517 -0.864488 -0.137376  0.776386 0.555378
no_material
0  0.610480 -1.814314 28.894150  0.220373 -0.953292 -0.206567  0.776386 0.557542
0  0.632826 -1.780795 28.748903  0.483517 -0.864488 -0.137376  0.776386 0.555378
0  0.652268 -1.790720 28.835064  0.401983 -0.856887 -0.322728  0.775921 0.556460
no_material
0  0.833939 -1.780795 28.950016  0.137922 -0.869240 -0.474762  0.773596 0.557542
0  0.688690 -1.814314 28.972363  0.206557 -0.953296 -0.220367  0.774991 0.558623
0  0.747777 -1.790720 28.930573  0.323034 -0.857425 -0.400588  0.774526 0.557541
no_material
0  0.733382 -1.680238 28.748903  0.705360 -0.070300 -0.705355  0.774991 0.554296
0  0.833939 -1.680238 28.849459  0.705358 -0.070308 -0.705356  0.773596 0.555378
0  0.760676 -1.704589 28.822166  0.705363 -0.070323 -0.705349  0.774526 0.555378
no_material
0  -0.864350 -1.680238 28.849459  -0.117399 -0.593836 -0.795975  0.801492 0.556460
0  -0.778188 -1.790720 28.930573  -0.322733 -0.856890 -0.401975  0.800562 0.556460
0  -0.864350 -1.780795 28.950016  -0.137445 -0.868584 -0.476100  0.801492 0.556460
no_material
0  -0.719102 -1.814314 28.972363  -0.206576 -0.953302 -0.220323  0.800097 0.556460
0  -0.682679 -1.790720 28.835064  -0.400615 -0.857412 -0.323036  0.799167 0.556460
0  -0.640891 -1.814314 28.894150  -0.220372 -0.953294 -0.206558  0.798702 0.556460
no_material
0  -0.663237 -1.780795 28.748903  -0.482194 -0.865154 -0.137833  0.798702 0.556460
0  -0.791088 -1.704589 28.822166  -0.489917 -0.719566 -0.492145  0.800562 0.556460
0  -0.763794 -1.680238 28.748903  -0.788282 -0.603912 -0.117903  0.800097 0.556460
no_material
0  -0.864350 -1.680238 28.849459  -0.705357 -0.070308 -0.705357  0.801492 0.556460
0  -0.763794 -1.680238 28.748903  -0.705359 -0.070300 -0.705355  0.800097 0.556460
0  -0.791088 -1.704589 28.822166  -0.705363 -0.070322 -0.705350  0.800562 0.556460
no_material
0  -0.719102 -1.814314 28.972363  -0.206576 -0.953302 -0.220323  0.800097 0.556460
0  -0.864350 -1.780795 28.950016  -0.137445 -0.868584 -0.476100  0.801492 0.556460
0  -0.778188 -1.790720 28.930573  -0.322733 -0.856890 -0.401975  0.800562 0.556460
no_material
0  -0.663237 -1.780795 28.748903  -0.482194 -0.865154 -0.137833  0.798702 0.556460
0  -0.640891 -1.814314 28.894150  -0.220372 -0.953294 -0.206558  0.798702 0.556460
0  -0.682679 -1.790720 28.835064  -0.400615 -0.857412 -0.323036  0.799167 0.556460
no_material
0  0.688690 -1.814315 15.002732  0.206561 -0.953294 0.220368  0.655208 0.272011
0  0.652268 -1.790720 15.140030  0.400589 -0.857424 0.323038  0.656138 0.269847
0  0.610480 -1.814315 15.080944  0.220373 -0.953293 0.206564  0.656603 0.270929
no_material
0  0.632826 -1.780796 15.226192  0.482190 -0.865156 0.137831  0.656603 0.268765
0  0.760676 -1.704590 15.152929  0.489935 -0.719535 0.492173  0.654743 0.268765
0  0.733382 -1.680239 15.226192  0.788315 -0.603867 0.117916  0.655208 0.267683
no_material
0  0.833939 -1.680239 15.125636  0.117390 -0.593787 0.796013  0.653813 0.268765
0  0.747777 -1.790720 15.044521  0.322730 -0.856890 0.401975  0.654743 0.270929
0  0.833939 -1.780796 15.025078  0.137443 -0.868616 0.476042  0.653813 0.270929
no_material
0  0.688690 -1.814315 15.002732  0.206561 -0.953294 0.220368  0.655208 0.272011
0  0.833939 -1.780796 15.025078  0.137443 -0.868616 0.476042  0.653813 0.270929
0  0.747777 -1.790720 15.044521  0.322730 -0.856890 0.401975  0.654743 0.270929
no_material
0  0.632826 -1.780796 15.226192  0.482190 -0.865156 0.137831  0.656603 0.268765
0  0.610480 -1.814315 15.080944  0.220373 -0.953293 0.206564  0.656603 0.270929
0  0.652268 -1.790720 15.140030  0.400589 -0.857424 0.323038  0.656138 0.269847
no_material
0  0.833939 -1.680239 15.125636  0.705362 -0.070291 0.705353  0.653813 0.268765
0  0.733382 -1.680239 15.226192  0.705364 -0.070289 0.705352  0.655208 0.267683
0  0.760676 -1.704590 15.152929  0.705373 -0.070311 0.705341  0.654743 0.268765
no_material
0  -0.640891 -1.814315 15.080944  -0.220371 -0.953294 0.206562  0.678920 0.269847
0  -0.778188 -1.790720 15.044521  -0.323048 -0.857423 0.400583  0.681709 0.269847
0  -0.719102 -1.814315 15.002732  -0.206564 -0.953294 0.220367  0.680314 0.269847
no_material
0  -0.864350 -1.780796 15.025078  -0.137903 -0.869274 0.474706  0.683104 0.269847
0  -0.791088 -1.704590 15.152929  -0.492141 -0.719564 0.489923  0.683104 0.269847
0  -0.864350 -1.680239 15.125636  -0.118104 -0.595252 0.794812  0.684499 0.269847
no_material
0  -0.763794 -1.680239 15.226192  -0.789522 -0.602427 0.117203  0.683104 0.269847
0  -0.682679 -1.790720 15.140030  -0.401973 -0.856893 0.322725  0.680315 0.269847
0  -0.663237 -1.780796 15.226192  -0.483525 -0.864483 0.137377  0.680314 0.269847
no_material
0  -0.640891 -1.814315 15.080944  -0.220371 -0.953294 0.206562  0.678920 0.269847
0  -0.663237 -1.780796 15.226192  -0.483525 -0.864483 0.137377  0.680314 0.269847
0  -0.682679 -1.790720 15.140030  -0.401973 -0.856893 0.322725  0.680315 0.269847
no_material
0  -0.864350 -1.780796 15.025078  -0.137903 -0.869274 0.474706  0.683104 0.269847
0  -0.719102 -1.814315 15.002732  -0.206564 -0.953294 0.220367  0.680314 0.269847
0  -0.778188 -1.790720 15.044521  -0.323048 -0.857423 0.400583  0.681709 0.269847
no_material
0  -0.763794 -1.680239 15.226192  -0.705364 -0.070288 0.705352  0.683104 0.269847
0  -0.864350 -1.680239 15.125636  -0.705362 -0.070290 0.705354  0.684499 0.269847
0  -0.791088 -1.704590 15.152929  -0.705371 -0.070307 0.705343  0.683104 0.269847
no_material
0  22.791443 -1.784343 15.039268  -0.265724 -0.924207 0.274286  0.236646 0.148326
0  0.833939 -1.680239 15.125636  0.117390 -0.593787 0.796013  0.013319 0.150433
0  0.833939 -1.780796 15.025078  0.137443 -0.868616 0.476042  0.013319 0.148326
no_material
0  22.701529 -1.694428 15.129183  -0.000380 -0.511689 0.859171  0.235731 0.150433
0  0.766901 -1.579683 15.159155  -0.000161 -0.284690 0.958620  0.012637 0.152190
0  0.833939 -1.680239 15.125636  0.117390 -0.593787 0.796013  0.013319 0.150433
no_material
0  22.791443 -1.784342 28.935827  -0.265731 -0.924185 -0.274351  0.930575 0.709566
0  22.701529 -1.694428 15.129183  -0.867620 -0.497227 -0.000002  0.779337 0.711310
0  22.791443 -1.784343 15.039268  -0.265724 -0.924207 0.274286  0.778352 0.709566
no_material
0  22.701529 -1.694427 28.845911  -0.867584 -0.497291 0.000001  0.929590 0.711310
0  22.671555 -1.579683 15.159155  -0.967545 -0.252699 0.000000  0.779337 0.712992
0  22.701529 -1.694428 15.129183  -0.867620 -0.497227 -0.000002  0.779337 0.711310
no_material
0  -22.731937 -1.694427 28.845911  0.867595 -0.497271 0.000001  0.780501 0.448537
0  -22.821854 -1.784343 15.039268  0.265733 -0.924201 0.274295  0.931739 0.446793
0  -22.731937 -1.694428 15.129183  0.867608 -0.497249 -0.000001  0.930754 0.448537
no_material
0  -22.821854 -1.784342 28.935827  0.265748 -0.924176 -0.274368  0.779516 0.446793
0  -22.936598 -1.814315 14.924521  0.128793 -0.981033 0.144865  0.932996 0.445167
0  -22.821854 -1.784343 15.039268  0.265733 -0.924201 0.274295  0.931739 0.446793
no_material
0  -0.864350 -1.680238 28.849459  -0.117399 -0.593836 -0.795975  0.006599 0.871151
0  -22.821854 -1.784342 28.935827  0.265748 -0.924176 -0.274368  0.229675 0.869042
0  -22.731937 -1.694427 28.845911  0.000386 -0.511710 -0.859158  0.228761 0.871151
no_material
0  -0.864350 -1.780795 28.950016  -0.137445 -0.868584 -0.476100  0.006599 0.869042
0  -22.936598 -1.814314 29.050570  0.128812 -0.981011 -0.144998  0.230841 0.867470
0  -22.821854 -1.784342 28.935827  0.265748 -0.924176 -0.274368  0.229675 0.869042
no_material
0  -22.731937 -1.694428 15.129183  0.000382 -0.511686 0.859172  0.866636 0.038732
0  -0.864350 -1.780796 15.025078  -0.137903 -0.869274 0.474706  0.644221 0.040838
0  -0.864350 -1.680239 15.125636  -0.118104 -0.595252 0.794812  0.644221 0.038732
no_material
0  -22.821854 -1.784343 15.039268  0.265733 -0.924201 0.274295  0.867551 0.040838
0  -0.797312 -1.814315 14.924521  -0.095840 -0.962755 0.252819  0.643539 0.042596
0  -0.864350 -1.780796 15.025078  -0.137903 -0.869274 0.474706  0.644221 0.040838
no_material
0  0.833939 -1.780795 28.950016  0.137922 -0.869240 -0.474762  0.653181 0.780782
0  22.701529 -1.694427 28.845911  -0.000385 -0.511729 -0.859147  0.874695 0.778667
0  22.791443 -1.784342 28.935827  -0.265731 -0.924185 -0.274351  0.875606 0.780782
no_material
0  0.833939 -1.680238 28.849459  0.118100 -0.595329 -0.794755  0.653181 0.778667
0  22.671555 -1.579682 28.815939  -0.000179 -0.284692 -0.958619  0.874391 0.777090
0  22.701529 -1.694427 28.845911  -0.000385 -0.511729 -0.859147  0.874695 0.778667
no_material
0  -0.763794 -1.680239 15.226192  -0.789522 -0.602427 0.117203  0.752270 0.301454
0  -0.663237 -1.780795 28.748903  -0.482194 -0.865154 -0.137833  0.916712 0.299690
0  -0.763794 -1.680238 28.748903  -0.788282 -0.603912 -0.117903  0.916712 0.301454
no_material
0  -0.663237 -1.780796 15.226192  -0.483525 -0.864483 0.137377  0.752270 0.299690
0  -0.562680 -1.814314 28.815939  -0.268933 -0.958363 -0.096000  0.917527 0.298374
0  -0.663237 -1.780795 28.748903  -0.482194 -0.865154 -0.137833  0.916712 0.299690
no_material
0  0.733382 -1.680238 28.748903  0.789522 -0.602427 -0.117204  0.916712 0.281708
0  0.632826 -1.780796 15.226192  0.482190 -0.865156 0.137831  0.752270 0.283472
0  0.733382 -1.680239 15.226192  0.788315 -0.603867 0.117916  0.752270 0.281708
no_material
0  0.632826 -1.780795 28.748903  0.483517 -0.864488 -0.137376  0.916712 0.283472
0  0.532269 -1.814315 15.159155  0.268938 -0.958361 0.096002  0.751455 0.284788
0  0.632826 -1.780796 15.226192  0.482190 -0.865156 0.137831  0.752270 0.283472
no_material
0  -0.790715 1.679120 28.822536  -0.492146 0.719559 -0.489926  0.802970 0.506525
0  -0.777044 1.770404 28.937429  -0.323048 0.857418 -0.400594  0.801492 0.506525
0  -0.675821 1.770404 28.836208  -0.401968 0.856894 -0.322729  0.800013 0.506525
no_material
0  0.645409 1.770404 28.836208  0.400576 0.857428 -0.323042  0.776060 0.506525
0  0.746633 1.770404 28.937429  0.322730 0.856884 -0.401989  0.774582 0.506525
0  0.760304 1.679120 28.822536  0.489930 0.719561 -0.492138  0.774582 0.506525
no_material
0  0.760304 1.679119 15.152557  0.492140 0.719563 0.489926  0.652335 0.219912
0  0.746633 1.770403 15.037663  0.323033 0.857427 0.400586  0.653814 0.219912
0  0.645409 1.770403 15.138885  0.401972 0.856893 0.322727  0.655292 0.219912
no_material
0  -0.675821 1.770403 15.138885  -0.400587 0.857423 0.323041  0.679245 0.219912
0  -0.777044 1.770403 15.037663  -0.322724 0.856892 0.401978  0.680724 0.219912
0  -0.790715 1.679119 15.152557  -0.489920 0.719569 0.492138  0.680724 0.219912
no_material
0  -0.868361 1.653311 15.123630  -0.117377 0.593836 0.795978  0.644262 0.125491
0  -22.701965 1.546739 15.159155  0.000191 0.284757 0.958600  0.866332 0.127353
0  -0.797312 1.546739 15.159155  0.000192 0.284737 0.958606  0.643539 0.127353
no_material
0  22.703321 1.668349 28.847704  -0.867608 0.497248 0.000002  0.929610 0.631237
0  22.671555 1.546739 15.159155  -0.967539 0.252723 -0.000000  0.779317 0.629455
0  22.671555 1.546740 28.815939  -0.967525 0.252775 -0.000000  0.929610 0.629455
no_material
0  0.837950 1.653312 28.851463  0.117383 0.593831 -0.795981  0.653222 0.865779
0  22.671555 1.546740 28.815939  -0.000191 0.284750 -0.958602  0.874391 0.867649
0  0.766901 1.546740 28.815939  -0.000192 0.284728 -0.958608  0.652502 0.867649
no_material
0  -22.733730 1.668348 15.127389  0.867600 0.497262 -0.000001  0.930774 0.368464
0  -22.701965 1.546740 28.815939  0.967538 0.252725 -0.000000  0.780481 0.366682
0  -22.701965 1.546739 15.159155  0.967534 0.252742 -0.000000  0.930774 0.366682
no_material
0  22.703321 1.668348 15.127389  -0.000401 0.511664 0.859186  0.235749 0.063662
0  0.766901 1.546739 15.159155  -0.000171 0.284599 0.958647  0.012637 0.061997
0  22.671555 1.546739 15.159155  -0.000171 0.284592 0.958649  0.235426 0.061997
no_material
0  -22.733730 1.668349 28.847704  0.000400 0.511664 -0.859186  0.228780 0.784282
0  -0.797312 1.546740 28.815939  0.000172 0.284638 -0.958635  0.005917 0.782616
0  -22.701965 1.546740 28.815939  0.000171 0.284584 -0.958651  0.228457 0.782616
no_material
0  0.624804 1.759885 28.744892  0.482188 0.865154 -0.137848  0.916663 0.217928
0  0.518231 1.795408 15.159155  0.268939 0.958361 0.096003  0.751455 0.216534
0  0.518231 1.795409 28.815939  0.268958 0.958356 -0.095997  0.917527 0.216534
no_material
0  -0.761788 1.653312 28.744892  -0.789520 0.602429 -0.117206  0.916663 0.200032
0  -0.797312 1.546739 15.159155  -0.948683 0.316228 -0.000000  0.751455 0.198638
0  -0.797312 1.546740 28.815939  -0.948683 0.316228 -0.000000  0.917527 0.198638
no_material
0  -0.631532 1.795409 28.898830  -0.220370 0.953293 -0.206564  0.798535 0.506525
0  -0.777044 1.770404 28.937429  -0.323048 0.857418 -0.400594  0.801492 0.506525
0  -0.714422 1.795409 28.981720  -0.206561 0.953296 -0.220364  0.800013 0.506525
no_material
0  -0.868361 1.759885 28.958036  -0.137893 0.869275 -0.474707  0.802970 0.506525
0  -0.790715 1.679120 28.822536  -0.492146 0.719559 -0.489926  0.802970 0.506525
0  -0.868361 1.653312 28.851463  -0.118096 0.595250 -0.794815  0.804448 0.506525
no_material
0  -0.761788 1.653312 28.744892  -0.789520 0.602429 -0.117206  0.802970 0.506525
0  -0.675821 1.770404 28.836208  -0.401968 0.856894 -0.322729  0.800013 0.506525
0  -0.655215 1.759885 28.744892  -0.483524 0.864484 -0.137378  0.800013 0.506525
no_material
0  -0.631532 1.795409 28.898830  -0.220370 0.953293 -0.206564  0.798535 0.506525
0  -0.655215 1.759885 28.744892  -0.483524 0.864484 -0.137378  0.800013 0.506525
0  -0.675821 1.770404 28.836208  -0.401968 0.856894 -0.322729  0.800013 0.506525
no_material
0  -0.868361 1.759885 28.958036  -0.137893 0.869275 -0.474707  0.802970 0.506525
0  -0.714422 1.795409 28.981720  -0.206561 0.953296 -0.220364  0.800013 0.506525
0  -0.777044 1.770404 28.937429  -0.323048 0.857418 -0.400594  0.801492 0.506525
no_material
0  -0.761788 1.653312 28.744892  -0.705356 0.070291 -0.705359  0.802970 0.506525
0  -0.868361 1.653312 28.851463  -0.705355 0.070289 -0.705360  0.804448 0.506525
0  -0.790715 1.679120 28.822536  -0.705337 0.070262 -0.705382  0.802970 0.506525
no_material
0  0.837950 1.653312 28.851463  0.117383 0.593831 -0.795981  0.773596 0.506525
0  0.746633 1.770404 28.937429  0.322730 0.856884 -0.401989  0.774582 0.506525
0  0.837950 1.759885 28.958036  0.137434 0.868585 -0.476102  0.773596 0.506525
no_material
0  0.684011 1.795409 28.981720  0.206563 0.953294 -0.220370  0.775074 0.506525
0  0.645409 1.770404 28.836208  0.400576 0.857428 -0.323042  0.776060 0.506525
0  0.601121 1.795409 28.898830  0.220418 0.953284 -0.206555  0.776552 0.506525
no_material
0  0.624804 1.759885 28.744892  0.482188 0.865154 -0.137848  0.776552 0.506525
0  0.760304 1.679120 28.822536  0.489930 0.719561 -0.492138  0.774582 0.506525
0  0.731377 1.653312 28.744892  0.788299 0.603889 -0.117911  0.775074 0.506525
no_material
0  0.837950 1.653312 28.851463  0.705355 0.070289 -0.705361  0.773596 0.506525
0  0.731377 1.653312 28.744892  0.705356 0.070291 -0.705360  0.775074 0.506525
0  0.760304 1.679120 28.822536  0.705335 0.070261 -0.705383  0.774582 0.506525
no_material
0  0.684011 1.795409 28.981720  0.206563 0.953294 -0.220370  0.775074 0.506525
0  0.837950 1.759885 28.958036  0.137434 0.868585 -0.476102  0.773596 0.506525
0  0.746633 1.770404 28.937429  0.322730 0.856884 -0.401989  0.774582 0.506525
no_material
0  0.624804 1.759885 28.744892  0.482188 0.865154 -0.137848  0.776552 0.506525
0  0.601121 1.795409 28.898830  0.220418 0.953284 -0.206555  0.776552 0.506525
0  0.645409 1.770404 28.836208  0.400576 0.857428 -0.323042  0.776060 0.506525
no_material
0  0.601121 1.795408 15.076264  0.220372 0.953293 0.206566  0.656770 0.219912
0  0.746633 1.770403 15.037663  0.323033 0.857427 0.400586  0.653814 0.219912
0  0.684011 1.795408 14.993374  0.206560 0.953295 0.220369  0.655292 0.219912
no_material
0  0.837950 1.759884 15.017057  0.137886 0.869274 0.474710  0.652335 0.219912
0  0.760304 1.679119 15.152557  0.492140 0.719563 0.489926  0.652335 0.219912
0  0.837950 1.653311 15.123630  0.118092 0.595252 0.794814  0.650857 0.219912
no_material
0  0.731377 1.653311 15.230202  0.789526 0.602421 0.117205  0.652335 0.219912
0  0.645409 1.770403 15.138885  0.401972 0.856893 0.322727  0.655292 0.219912
0  0.624804 1.759884 15.230202  0.483525 0.864483 0.137382  0.655292 0.219912
no_material
0  0.601121 1.795408 15.076264  0.220372 0.953293 0.206566  0.656770 0.219912
0  0.624804 1.759884 15.230202  0.483525 0.864483 0.137382  0.655292 0.219912
0  0.645409 1.770403 15.138885  0.401972 0.856893 0.322727  0.655292 0.219912
no_material
0  0.837950 1.759884 15.017057  0.137886 0.869274 0.474710  0.652335 0.219912
0  0.684011 1.795408 14.993374  0.206560 0.953295 0.220369  0.655292 0.219912
0  0.746633 1.770403 15.037663  0.323033 0.857427 0.400586  0.653814 0.219912
no_material
0  0.731377 1.653311 15.230202  0.705357 0.070288 0.705358  0.652335 0.219912
0  0.837950 1.653311 15.123630  0.705356 0.070287 0.705360  0.650857 0.219912
0  0.760304 1.679119 15.152557  0.705339 0.070301 0.705376  0.652335 0.219912
no_material
0  -0.868361 1.653311 15.123630  -0.117377 0.593836 0.795978  0.681709 0.219912
0  -0.777044 1.770403 15.037663  -0.322724 0.856892 0.401978  0.680724 0.219912
0  -0.868361 1.759884 15.017057  -0.137434 0.868583 0.476105  0.681709 0.219912
no_material
0  -0.714422 1.795408 14.993374  -0.206552 0.953285 0.220418  0.680231 0.219912
0  -0.675821 1.770403 15.138885  -0.400587 0.857423 0.323041  0.679245 0.219912
0  -0.631532 1.795408 15.076264  -0.220370 0.953292 0.206569  0.678753 0.219912
no_material
0  -0.655215 1.759884 15.230202  -0.482189 0.865156 0.137833  0.678753 0.219912
0  -0.790715 1.679119 15.152557  -0.489920 0.719569 0.492138  0.680724 0.219912
0  -0.761788 1.653311 15.230202  -0.788289 0.603904 0.117901  0.680231 0.219912
no_material
0  -0.868361 1.653311 15.123630  -0.705356 0.070286 0.705360  0.681709 0.219912
0  -0.761788 1.653311 15.230202  -0.705357 0.070288 0.705358  0.680231 0.219912
0  -0.790715 1.679119 15.152557  -0.705339 0.070302 0.705376  0.680724 0.219912
no_material
0  -0.714422 1.795408 14.993374  -0.206552 0.953285 0.220418  0.680231 0.219912
0  -0.868361 1.759884 15.017057  -0.137434 0.868583 0.476105  0.681709 0.219912
0  -0.777044 1.770403 15.037663  -0.322724 0.856892 0.401978  0.680724 0.219912
no_material
0  -0.655215 1.759884 15.230202  -0.482189 0.865156 0.137833  0.678753 0.219912
0  -0.631532 1.795408 15.076264  -0.220370 0.953292 0.206569  0.678753 0.219912
0  -0.675821 1.770403 15.138885  -0.400587 0.857423 0.323041  0.679245 0.219912
no_material
0  -0.868361 1.653311 15.123630  -0.117377 0.593836 0.795978  0.644262 0.125491
0  -22.829025 1.763643 15.032095  0.265767 0.924173 0.274359  0.867624 0.123258
0  -22.733730 1.668348 15.127389  0.000412 0.511727 0.859148  0.866655 0.125491
no_material
0  -0.868361 1.759884 15.017057  -0.137434 0.868583 0.476105  0.644262 0.123258
0  -22.950636 1.795408 14.910484  0.128820 0.981010 0.145002  0.868861 0.121594
0  -22.829025 1.763643 15.032095  0.265767 0.924173 0.274359  0.867624 0.123258
no_material
0  22.703321 1.668349 28.847704  -0.867608 0.497248 0.000002  0.929610 0.631237
0  22.798615 1.763643 15.032095  -0.265767 0.924197 0.274277  0.778273 0.633085
0  22.703321 1.668348 15.127389  -0.867612 0.497243 -0.000001  0.779317 0.631237
no_material
0  22.798615 1.763644 28.942999  -0.265765 0.924173 -0.274361  0.930654 0.633085
0  22.920225 1.795408 14.910484  -0.128796 0.981026 0.144909  0.776941 0.634809
0  22.798615 1.763643 15.032095  -0.265767 0.924197 0.274277  0.778273 0.633085
no_material
0  0.837950 1.653312 28.851463  0.117383 0.593831 -0.795981  0.653222 0.865779
0  22.798615 1.763644 28.942999  -0.265765 0.924173 -0.274361  0.875679 0.863537
0  22.703321 1.668349 28.847704  -0.000413 0.511727 -0.859148  0.874713 0.865779
no_material
0  0.837950 1.759885 28.958036  0.137434 0.868585 -0.476102  0.653222 0.863537
0  22.920225 1.795409 29.064610  -0.128809 0.981011 -0.145002  0.876910 0.861866
0  22.798615 1.763644 28.942999  -0.265765 0.924173 -0.274361  0.875679 0.863537
no_material
0  -22.733730 1.668348 15.127389  0.867600 0.497262 -0.000001  0.930774 0.368464
0  -22.829025 1.763644 28.942999  0.265767 0.924198 -0.274275  0.779437 0.370312
0  -22.733730 1.668349 28.847704  0.867609 0.497247 0.000002  0.780481 0.368464
no_material
0  -22.829025 1.763643 15.032095  0.265767 0.924173 0.274359  0.931818 0.370312
0  -22.950636 1.795409 29.064610  0.128797 0.981026 -0.144909  0.778105 0.372036
0  -22.829025 1.763644 28.942999  0.265767 0.924198 -0.274275  0.779437 0.370312
no_material
0  22.703321 1.668348 15.127389  -0.000401 0.511664 0.859186  0.235749 0.063662
0  0.837950 1.759884 15.017057  0.137886 0.869274 0.474710  0.013359 0.065894
0  0.837950 1.653311 15.123630  0.118092 0.595252 0.794814  0.013359 0.063662
no_material
0  22.798615 1.763643 15.032095  -0.265767 0.924197 0.274277  0.236719 0.065894
0  0.766901 1.795408 14.910484  0.095836 0.962756 0.252817  0.012637 0.067757
0  0.837950 1.759884 15.017057  0.137886 0.869274 0.474710  0.013359 0.065894
no_material
0  -22.733730 1.668349 28.847704  0.000400 0.511664 -0.859186  0.228780 0.784282
0  -0.868361 1.759885 28.958036  -0.137893 0.869275 -0.474707  0.006639 0.786517
0  -0.868361 1.653312 28.851463  -0.118096 0.595250 -0.794815  0.006639 0.784282
no_material
0  -22.829025 1.763644 28.942999  0.265767 0.924198 -0.274275  0.229748 0.786517
0  -0.797312 1.795409 29.064610  -0.095831 0.962756 -0.252818  0.005918 0.788382
0  -0.868361 1.759885 28.958036  -0.137893 0.869275 -0.474707  0.006639 0.786517
no_material
0  0.624804 1.759885 28.744892  0.482188 0.865154 -0.137848  0.916663 0.217928
0  0.731377 1.653311 15.230202  0.789526 0.602421 0.117205  0.752319 0.219798
0  0.624804 1.759884 15.230202  0.483525 0.864483 0.137382  0.752319 0.217928
no_material
0  0.731377 1.653312 28.744892  0.788299 0.603889 -0.117911  0.916663 0.219798
0  0.766901 1.546739 15.159155  0.948683 0.316229 -0.000000  0.751455 0.221192
0  0.731377 1.653311 15.230202  0.789526 0.602421 0.117205  0.752319 0.219798
no_material
0  -0.761788 1.653312 28.744892  -0.789520 0.602429 -0.117206  0.916663 0.200032
0  -0.655215 1.759884 15.230202  -0.482189 0.865156 0.137833  0.752319 0.201902
0  -0.761788 1.653311 15.230202  -0.788289 0.603904 0.117901  0.752319 0.200032
no_material
0  -0.655215 1.759885 28.744892  -0.483524 0.864484 -0.137378  0.916663 0.201902
0  -0.548643 1.795408 15.159155  -0.268937 0.958361 0.096001  0.751455 0.203296
0  -0.655215 1.759884 15.230202  -0.482189 0.865156 0.137833  0.752319 0.201902
no_material
0  1.589116 -0.113734 15.981368  0.000000 -1.000000 0.000000  0.822290 0.323429
0  21.849340 -0.113733 27.993727  0.000000 -1.000000 0.000000  0.554980 0.481918
0  1.589116 -0.113733 27.993727  0.000000 -1.000000 0.000000  0.822290 0.481918
no_material
0  1.589116 0.094829 27.993727  0.000000 1.000000 -0.000000  0.004072 0.315284
0  21.849340 0.094828 15.981368  0.000000 1.000000 -0.000000  0.271382 0.156796
0  1.589116 0.094828 15.981368  0.000000 1.000000 -0.000000  0.004072 0.156796
no_material
0  -1.619527 -0.113733 27.993727  0.000000 -1.000000 0.000000  0.004072 0.481918
0  -21.879751 -0.113734 15.981368  0.000000 -1.000000 0.000000  0.271382 0.323429
0  -1.619527 -0.113734 15.981368  0.000000 -1.000000 0.000000  0.004072 0.323429
no_material
0  -21.879751 0.094828 15.981368  0.000000 1.000000 -0.000000  0.279526 0.323429
0  -1.619527 0.094829 27.993727  0.000000 1.000000 -0.000000  0.546836 0.481918
0  -1.619527 0.094828 15.981368  0.000000 1.000000 -0.000000  0.546836 0.323429
no_material
0  -1.619527 0.094829 27.993727  1.000000 0.000000 0.000000  0.841330 0.315284
0  -1.619527 -0.113734 15.981368  1.000000 0.000000 0.000000  0.844081 0.156796
0  -1.619527 0.094828 15.981368  1.000000 0.000000 0.000000  0.841330 0.156796
no_material
0  1.589116 -0.113733 27.993727  -1.000000 0.000000 0.000000  0.830434 0.315284
0  1.589116 0.094828 15.981368  -1.000000 0.000000 0.000000  0.833185 0.156796
0  1.589116 -0.113734 15.981368  -1.000000 0.000000 0.000000  0.830434 0.156796
no_material
0  21.849340 0.094828 15.981368  0.000000 0.000000 -1.000000  0.822290 0.315284
0  1.589116 -0.113734 15.981368  0.000000 0.000000 -1.000000  0.554980 0.312533
0  1.589116 0.094828 15.981368  0.000000 0.000000 -1.000000  0.554980 0.315284
no_material
0  21.849340 0.094829 27.993727  1.000000 0.000000 0.000000  0.841330 0.481918
0  21.849340 -0.113734 15.981368  1.000000 0.000000 0.000000  0.844081 0.323429
0  21.849340 0.094828 15.981368  1.000000 0.000000 0.000000  0.841330 0.323429
no_material
0  -21.879751 0.094828 15.981368  -1.000000 0.000000 0.000000  0.833185 0.323429
0  -21.879751 -0.113733 27.993727  -1.000000 0.000000 0.000000  0.830434 0.481918
0  -21.879751 0.094829 27.993727  -1.000000 0.000000 0.000000  0.833185 0.481918
no_material
0  -21.879751 0.094829 27.993727  0.000000 0.000000 1.000000  0.554980 0.290741
0  -1.619527 -0.113733 27.993727  0.000000 0.000000 1.000000  0.822290 0.293493
0  -1.619527 0.094829 27.993727  0.000000 0.000000 1.000000  0.822290 0.290741
no_material
0  -1.619527 0.094828 15.981368  0.000000 0.000000 -1.000000  0.546836 0.293493
0  -21.879751 -0.113734 15.981368  0.000000 0.000000 -1.000000  0.279526 0.290741
0  -21.879751 0.094828 15.981368  0.000000 0.000000 -1.000000  0.279526 0.293493
no_material
0  1.589116 0.094829 27.993727  0.000000 0.000000 1.000000  0.554980 0.301637
0  21.849340 -0.113733 27.993727  0.000000 0.000000 1.000000  0.822290 0.304389
0  21.849340 0.094829 27.993727  0.000000 0.000000 1.000000  0.822290 0.301637
no_material
0  22.144484 -1.228735 12.340762  -1.000000 0.000000 0.000000  0.742750 0.304645
0  22.144484 1.129614 -29.772675  -1.000000 0.000000 0.000000  0.150064 0.330049
0  22.144484 -1.228739 -29.772675  -1.000000 0.000000 0.000000  0.150064 0.304645
no_material
0  -22.174894 1.129617 12.340762  1.000000 0.000000 0.000000  0.743144 0.635665
0  -22.174894 -1.228739 -29.772675  1.000000 0.000000 0.000000  0.150990 0.661048
0  -22.174894 1.129614 -29.772675  1.000000 0.000000 0.000000  0.150990 0.635665
no_material
0  -22.174894 1.129617 12.340762  0.000000 0.000000 -1.000000  0.755983 0.438971
0  22.144484 -1.228735 12.340762  0.000000 0.000000 -1.000000  0.136516 0.413402
0  -22.174894 -1.228735 12.340762  0.000000 0.000000 -1.000000  0.755983 0.413402
no_material
0  -22.174894 -1.228739 -29.772675  0.000000 0.000000 1.000000  0.756587 0.550083
0  22.144484 1.129614 -29.772675  0.000000 0.000000 1.000000  0.137624 0.524532
0  -22.174894 1.129614 -29.772675  0.000000 0.000000 1.000000  0.756587 0.524532
no_material
0  23.774527 1.795407 -31.488100  1.000000 0.000000 0.000000  0.128252 0.352094
0  23.774527 -1.814312 14.056188  1.000000 0.000000 0.000000  0.764563 0.390694
0  23.774527 -1.814316 -31.488100  1.000000 0.000000 0.000000  0.128252 0.390694
no_material
0  -23.804935 -1.814316 -31.488100  -1.000000 0.000000 0.000000  0.128846 0.682577
0  -23.804935 1.795411 14.056188  -1.000000 0.000000 0.000000  0.765288 0.721188
0  -23.804935 1.795407 -31.488100  -1.000000 0.000000 0.000000  0.128846 0.721188
no_material
0  23.774527 -1.814312 14.056188  0.000000 0.000000 1.000000  0.115920 0.500854
0  -23.804935 1.795411 14.056188  0.000000 0.000000 1.000000  0.776579 0.461974
0  -23.804935 -1.814312 14.056188  0.000000 0.000000 1.000000  0.776579 0.500854
no_material
0  23.774527 1.795407 -31.488100  0.000000 0.000000 -1.000000  0.116714 0.611470
0  -23.804935 -1.814316 -31.488100  0.000000 0.000000 -1.000000  0.777497 0.572581
0  -23.804935 1.795407 -31.488100  0.000000 0.000000 -1.000000  0.777497 0.611470
no_material
0  23.774527 -1.814316 -31.488100  -0.000000 -1.000000 0.000000  0.128252 0.390694
0  22.535582 -1.814313 12.752347  0.000000 -1.000000 0.000000  0.746346 0.403942
0  22.535582 -1.814316 -30.184258  -0.000000 -1.000000 0.000000  0.146468 0.403942
no_material
0  23.774527 1.795411 14.056188  -0.000000 1.000000 0.000000  0.764563 0.352094
0  22.613802 1.795407 -30.266579  0.000000 1.000000 -0.000000  0.145318 0.339682
0  22.613802 1.795411 12.834664  -0.000000 1.000000 0.000000  0.747496 0.339682
no_material
0  -23.804935 1.795407 -31.488100  -0.000000 1.000000 -0.000000  0.128846 0.721188
0  -22.644213 1.795411 12.834664  0.000000 1.000000 -0.000000  0.748218 0.733604
0  -22.644213 1.795407 -30.266579  -0.000000 1.000000 -0.000000  0.145916 0.733604
no_material
0  -23.804935 -1.814312 14.056188  -0.000000 -1.000000 0.000000  0.765288 0.682577
0  -22.565992 -1.814316 -30.184258  0.000000 -1.000000 0.000000  0.147066 0.669324
0  -22.565992 -1.814313 12.752347  -0.000000 -1.000000 0.000000  0.747068 0.669324
no_material
0  -23.804935 1.795411 14.056188  0.000000 1.000000 -0.000000  0.776579 0.461974
0  22.613802 1.795411 12.834664  -0.000000 1.000000 0.000000  0.132037 0.448817
0  -22.644213 1.795411 12.834664  0.000000 1.000000 -0.000000  0.760462 0.448817
no_material
0  23.774527 -1.814312 14.056188  0.000000 -1.000000 0.000000  0.115920 0.500854
0  -22.565992 -1.814313 12.752347  -0.000000 -1.000000 0.000000  0.759376 0.514897
0  22.535582 -1.814313 12.752347  0.000000 -1.000000 0.000000  0.133123 0.514897
no_material
0  -23.804935 -1.814316 -31.488100  0.000000 -1.000000 0.000000  0.777497 0.572581
0  22.535582 -1.814316 -30.184258  -0.000000 -1.000000 0.000000  0.133920 0.558534
0  -22.565992 -1.814316 -30.184258  0.000000 -1.000000 0.000000  0.760291 0.558534
no_material
0  23.774527 1.795407 -31.488100  0.000000 1.000000 -0.000000  0.116714 0.611470
0  -22.644213 1.795407 -30.266579  -0.000000 1.000000 -0.000000  0.761377 0.624631
0  22.613802 1.795407 -30.266579  0.000000 1.000000 -0.000000  0.132834 0.624631
no_material
0  22.421032 -1.530706 12.631797  -0.927224 -0.374506 0.000000  0.746346 0.407467
0  22.535582 -1.814316 -30.184258  -0.927225 -0.374505 0.000000  0.146468 0.403942
0  22.535582 -1.814313 12.752347  -0.927224 -0.374506 0.000000  0.746346 0.403942
no_material
0  -22.451443 -1.530709 -30.063711  0.927224 -0.374506 0.000000  0.147066 0.665798
0  -22.565992 -1.814313 12.752347  0.927223 -0.374509 0.000000  0.747068 0.669324
0  -22.565992 -1.814316 -30.184258  0.927224 -0.374506 0.000000  0.147066 0.669324
no_material
0  -22.451443 -1.530706 12.631797  0.000000 -0.391188 -0.920311  0.759376 0.518447
0  22.535582 -1.814313 12.752347  0.000000 -0.391188 -0.920311  0.133123 0.514897
0  -22.565992 -1.814313 12.752347  0.000000 -0.391188 -0.920311  0.759376 0.514897
no_material
0  22.421032 -1.530709 -30.063711  0.000000 -0.391178 0.920315  0.133920 0.554983
0  -22.565992 -1.814316 -30.184258  0.000000 -0.391178 0.920315  0.760291 0.558534
0  22.535582 -1.814316 -30.184258  0.000000 -0.391178 0.920315  0.133920 0.558534
no_material
0  22.421032 -1.530706 12.631797  -0.203061 -0.959672 -0.194411  0.746346 0.407467
0  22.310675 -1.483831 -29.947573  -0.203126 -0.959671 0.194350  0.148100 0.408757
0  22.421032 -1.530709 -30.063711  -0.203053 -0.959672 0.194420  0.146468 0.407467
no_material
0  -22.451443 -1.530709 -30.063711  0.203056 -0.959674 0.194406  0.147066 0.665798
0  -22.341084 -1.483828 12.515657  0.203123 -0.959673 -0.194345  0.745436 0.664508
0  -22.451443 -1.530706 12.631797  0.203051 -0.959674 -0.194414  0.747068 0.665798
no_material
0  -22.451443 -1.530706 12.631797  0.203051 -0.959674 -0.194414  0.759376 0.518447
0  22.310675 -1.483828 12.515657  -0.203103 -0.959671 -0.194371  0.134663 0.519803
0  22.421032 -1.530706 12.631797  -0.203061 -0.959672 -0.194411  0.133123 0.518447
no_material
0  22.421032 -1.530709 -30.063711  -0.203053 -0.959672 0.194420  0.133920 0.554983
0  -22.341084 -1.483831 -29.947573  0.203125 -0.959673 0.194340  0.758751 0.553626
0  -22.451443 -1.530709 -30.063711  0.203056 -0.959674 0.194406  0.760291 0.554983
no_material
0  22.476341 1.455079 -30.121920  -0.927223 0.374509 -0.000000  0.145318 0.335449
0  22.613802 1.795411 12.834664  -0.927221 0.374514 -0.000000  0.747496 0.339682
0  22.613802 1.795407 -30.266579  -0.927223 0.374509 -0.000000  0.145318 0.339682
no_material
0  -22.506752 1.455082 12.690002  0.927221 0.374515 -0.000000  0.748218 0.737838
0  -22.644213 1.795407 -30.266579  0.927221 0.374514 -0.000000  0.145916 0.733604
0  -22.644213 1.795411 12.834664  0.927221 0.374515 -0.000000  0.748218 0.733604
no_material
0  22.476341 1.455082 12.690002  0.000000 0.391192 -0.920309  0.132037 0.444555
0  -22.644213 1.795411 12.834664  0.000000 0.391192 -0.920309  0.760462 0.448817
0  22.613802 1.795411 12.834664  0.000000 0.391192 -0.920309  0.132037 0.448817
no_material
0  -22.506752 1.455079 -30.121920  0.000000 0.391185 0.920312  0.761377 0.628894
0  22.613802 1.795407 -30.266579  0.000000 0.391186 0.920312  0.132834 0.624631
0  -22.644213 1.795407 -30.266579  0.000000 0.391185 0.920312  0.761377 0.624631
no_material
0  22.476341 1.455079 -30.121920  -0.203053 0.959673 0.194413  0.145318 0.335449
0  22.310675 1.384709 12.515657  -0.203100 0.959670 -0.194379  0.745044 0.333511
0  22.476341 1.455082 12.690002  -0.203060 0.959671 -0.194417  0.747496 0.335449
no_material
0  -22.506752 1.455082 12.690002  0.203055 0.959672 -0.194416  0.748218 0.737838
0  -22.341084 1.384706 -29.947573  0.203096 0.959671 0.194379  0.148369 0.739776
0  -22.506752 1.455079 -30.121920  0.203057 0.959672 0.194416  0.145916 0.737838
no_material
0  22.476341 1.455082 12.690002  -0.203060 0.959671 -0.194417  0.132037 0.444555
0  -22.341084 1.384709 12.515657  0.203129 0.959671 -0.194345  0.758148 0.442518
0  -22.506752 1.455082 12.690002  0.203055 0.959672 -0.194416  0.760462 0.444555
no_material
0  -22.506752 1.455079 -30.121920  0.203057 0.959672 0.194416  0.761377 0.628894
0  22.310675 1.384706 -29.947573  -0.203129 0.959672 0.194341  0.135149 0.630932
0  22.476341 1.455079 -30.121920  -0.203053 0.959673 0.194413  0.132834 0.628894
no_material
0  22.245535 1.344571 -29.879017  -0.643868 0.765137 0.000000  0.148734 0.332688
0  22.310675 1.384709 12.515657  -0.524556 0.851376 -0.000000  0.745044 0.333511
0  22.310675 1.384706 -29.947573  -0.524568 0.851368 -0.000000  0.147770 0.333511
no_material
0  22.245535 -1.443693 12.447106  -0.643864 -0.765140 -0.000001  0.743751 0.409580
0  22.310675 -1.483831 -29.947573  -0.524552 -0.851379 0.000000  0.148100 0.408757
0  22.310675 -1.483828 12.515657  -0.524568 -0.851368 0.000000  0.744714 0.408757
no_material
0  -22.275946 -1.443696 -29.879017  0.643873 -0.765132 0.000000  0.149662 0.663685
0  -22.341084 -1.483828 12.515657  0.524559 -0.851374 0.000000  0.745436 0.664508
0  -22.341084 -1.483831 -29.947573  0.524568 -0.851368 0.000000  0.148698 0.664508
no_material
0  -22.275946 1.344574 12.447106  0.643864 0.765140 -0.000000  0.744801 0.740600
0  -22.341084 1.384706 -29.947573  0.524571 0.851366 -0.000000  0.148369 0.739776
0  -22.341084 1.384709 12.515657  0.524568 0.851368 -0.000000  0.745765 0.739776
no_material
0  -22.275946 -1.443693 12.447106  -0.000002 -0.780343 -0.625352  0.756927 0.520663
0  22.310675 -1.483828 12.515657  0.000000 -0.862975 -0.505247  0.134663 0.519803
0  -22.341084 -1.483828 12.515657  0.000000 -0.862973 -0.505250  0.757836 0.519803
no_material
0  22.245535 1.344574 12.447106  0.000002 0.780344 -0.625351  0.135261 0.441657
0  -22.341084 1.384709 12.515657  0.000000 0.862974 -0.505248  0.758148 0.442518
0  22.310675 1.384709 12.515657  0.000000 0.862974 -0.505248  0.134351 0.442518
no_material
0  -22.275946 1.344571 -29.879017  -0.000002 0.780355 0.625337  0.758152 0.631793
0  22.310675 1.384706 -29.947573  0.000000 0.862988 0.505224  0.135149 0.630932
0  -22.341084 1.384706 -29.947573  0.000000 0.862990 0.505221  0.759062 0.630932
no_material
0  22.245535 -1.443696 -29.879017  0.000002 -0.780353 0.625339  0.136370 0.552766
0  -22.341084 -1.483831 -29.947573  0.000000 -0.862991 0.505219  0.758751 0.553626
0  22.310675 -1.483831 -29.947573  0.000000 -0.862988 0.505224  0.135461 0.553626
no_material
0  22.245535 1.344571 -29.879017  -0.643868 0.765137 0.000000  0.148734 0.332688
0  22.190641 1.282479 12.389337  -0.837604 0.546278 -0.000001  0.743267 0.331795
0  22.245535 1.344574 12.447106  -0.643870 0.765135 -0.000001  0.744080 0.332688
no_material
0  22.190641 1.282476 -29.821249  -0.837618 0.546256 0.000000  0.149547 0.331795
0  22.155712 1.206701 12.352578  -0.958731 0.284315 0.000000  0.742750 0.330897
0  22.190641 1.282479 12.389337  -0.837604 0.546278 -0.000001  0.743267 0.331795
no_material
0  22.155712 1.206698 -29.784492  -0.958741 0.284280 -0.000000  0.150064 0.330897
0  22.144484 1.129617 12.340762  -0.989557 0.144142 -0.000000  0.742750 0.330049
0  22.155712 1.206701 12.352578  -0.958731 0.284315 0.000000  0.742750 0.330897
no_material
0  22.245535 -1.443693 12.447106  -0.643864 -0.765140 -0.000001  0.743751 0.409580
0  22.190641 -1.381601 -29.821249  -0.837603 -0.546280 0.000000  0.149875 0.410471
0  22.245535 -1.443696 -29.879017  -0.643869 -0.765136 0.000000  0.149063 0.409580
no_material
0  22.190641 -1.381598 12.389337  -0.837614 -0.546263 -0.000001  0.742940 0.410471
0  22.155712 -1.305823 -29.784492  -0.958726 -0.284332 0.000000  0.150391 0.411368
0  22.190641 -1.381601 -29.821249  -0.837603 -0.546280 0.000000  0.149875 0.410471
no_material
0  22.155712 -1.305820 12.352578  -0.958747 -0.284262 0.000001  0.742423 0.411368
0  22.144484 -1.228739 -29.772675  -0.989555 -0.144153 0.000000  0.150391 0.412216
0  22.155712 -1.305823 -29.784492  -0.958726 -0.284332 0.000000  0.150391 0.411368
no_material
0  -22.275946 -1.443696 -29.879017  0.643873 -0.765132 0.000000  0.149662 0.663685
0  -22.221050 -1.381598 12.389337  0.837600 -0.546284 -0.000001  0.743660 0.662793
0  -22.275946 -1.443693 12.447106  0.643865 -0.765139 -0.000000  0.744472 0.663685
no_material
0  -22.221050 -1.381601 -29.821249  0.837628 -0.546241 0.000000  0.150473 0.662793
0  -22.186123 -1.305820 12.352578  0.958737 -0.284294 0.000001  0.743144 0.661896
0  -22.221050 -1.381598 12.389337  0.837600 -0.546284 -0.000001  0.743660 0.662793
no_material
0  -22.186123 -1.305823 -29.784492  0.958741 -0.284280 0.000000  0.150990 0.661896
0  -22.174894 -1.228735 12.340762  0.989556 -0.144146 0.000000  0.743144 0.661048
0  -22.186123 -1.305820 12.352578  0.958737 -0.284294 0.000001  0.743144 0.661896
no_material
0  -22.275946 1.344574 12.447106  0.643864 0.765140 -0.000000  0.744801 0.740600
0  -22.221050 1.282476 -29.821249  0.837609 0.546271 0.000000  0.150146 0.741492
0  -22.275946 1.344571 -29.879017  0.643880 0.765126 -0.000000  0.149333 0.740600
no_material
0  -22.221050 1.282479 12.389337  0.837614 0.546262 -0.000001  0.743988 0.741492
0  -22.186123 1.206698 -29.784492  0.958732 0.284310 -0.000000  0.150663 0.742391
0  -22.221050 1.282476 -29.821249  0.837609 0.546271 0.000000  0.150146 0.741492
no_material
0  -22.186123 1.206701 12.352578  0.958747 0.284262 0.000001  0.743471 0.742391
0  -22.174894 1.129614 -29.772675  0.989555 0.144158 -0.000000  0.150663 0.743240
0  -22.186123 1.206698 -29.784492  0.958732 0.284310 -0.000000  0.150663 0.742391
no_material
0  -22.275946 -1.443693 12.447106  -0.000002 -0.780343 -0.625352  0.756927 0.520663
0  22.190641 -1.381598 12.389337  0.000000 -0.565011 -0.825083  0.136338 0.521581
0  22.245535 -1.443693 12.447106  0.000002 -0.780339 -0.625356  0.135572 0.520663
no_material
0  -22.221050 -1.381598 12.389337  -0.000001 -0.565011 -0.825084  0.756161 0.521581
0  22.155712 -1.305820 12.352578  -0.000001 -0.297293 -0.954786  0.136826 0.522493
0  22.190641 -1.381598 12.389337  0.000000 -0.565011 -0.825083  0.136338 0.521581
no_material
0  -22.186123 -1.305820 12.352578  0.000001 -0.297289 -0.954788  0.755673 0.522493
0  22.144484 -1.228735 12.340762  0.000000 -0.151518 -0.988455  0.136826 0.523346
0  22.155712 -1.305820 12.352578  -0.000001 -0.297293 -0.954786  0.136826 0.522493
no_material
0  22.245535 1.344574 12.447106  0.000002 0.780344 -0.625351  0.135261 0.441657
0  -22.221050 1.282479 12.389337  -0.000001 0.565010 -0.825084  0.756471 0.440738
0  -22.275946 1.344574 12.447106  -0.000002 0.780340 -0.625356  0.757238 0.441657
no_material
0  22.190641 1.282479 12.389337  0.000000 0.565012 -0.825083  0.136028 0.440738
0  -22.186123 1.206701 12.352578  0.000001 0.297291 -0.954787  0.755983 0.439825
0  -22.221050 1.282479 12.389337  -0.000001 0.565010 -0.825084  0.756471 0.440738
no_material
0  22.155712 1.206701 12.352578  -0.000001 0.297289 -0.954787  0.136516 0.439825
0  -22.174894 1.129617 12.340762  0.000000 0.151517 -0.988455  0.755983 0.438971
0  -22.186123 1.206701 12.352578  0.000001 0.297291 -0.954787  0.755983 0.439825
no_material
0  -22.275946 1.344571 -29.879017  -0.000002 0.780355 0.625337  0.758152 0.631793
0  22.190641 1.282476 -29.821249  0.000000 0.564997 0.825093  0.136826 0.632712
0  22.245535 1.344571 -29.879017  0.000002 0.780348 0.625345  0.136059 0.631793
no_material
0  -22.221050 1.282476 -29.821249  -0.000001 0.564996 0.825094  0.757385 0.632712
0  22.155712 1.206698 -29.784492  -0.000001 0.297339 0.954772  0.137314 0.633625
0  22.190641 1.282476 -29.821249  0.000000 0.564997 0.825093  0.136826 0.632712
no_material
0  -22.186123 1.206698 -29.784492  0.000001 0.297239 0.954803  0.756897 0.633625
0  22.144484 1.129614 -29.772675  0.000000 0.151541 0.988451  0.137314 0.634480
0  22.155712 1.206698 -29.784492  -0.000001 0.297339 0.954772  0.137314 0.633625
no_material
0  22.245535 -1.443696 -29.879017  0.000002 -0.780353 0.625339  0.136370 0.552766
0  -22.221050 -1.381601 -29.821249  -0.000001 -0.564996 0.825094  0.757075 0.551848
0  -22.275946 -1.443696 -29.879017  -0.000002 -0.780350 0.625343  0.757841 0.552766
no_material
0  22.190641 -1.381601 -29.821249  0.000000 -0.564997 0.825093  0.137136 0.551848
0  -22.186123 -1.305823 -29.784492  0.000001 -0.297338 0.954772  0.756587 0.550936
0  -22.221050 -1.381601 -29.821249  -0.000001 -0.564996 0.825094  0.757075 0.551848
no_material
0  22.155712 -1.305823 -29.784492  -0.000001 -0.297241 0.954803  0.137624 0.550936
0  -22.174894 -1.228739 -29.772675  0.000000 -0.151541 0.988451  0.756587 0.550083
0  -22.186123 -1.305823 -29.784492  0.000001 -0.297338 0.954772  0.756587 0.550936
no_material
0  1.195403 -0.932700 -7.755385  -0.000000 -1.000000 0.000000  0.023878 0.553347
0  0.351197 -0.932699 -5.133966  -0.000000 -1.000000 0.000000  0.066096 0.346338
0  0.178304 -0.932699 -5.306859  -0.000000 -1.000000 0.000000  0.074743 0.359991
no_material
0  0.955529 -2.175663 -10.908072  0.000003 0.000000 -1.000000  0.027011 0.333545
0  0.657808 -2.759973 -10.908072  0.000001 0.000000 -1.000000  0.010776 0.336565
0  0.371219 -2.473384 -10.908072  -0.000001 0.000000 -1.000000  0.012365 0.324780
no_material
0  -0.334604 -0.520769 -29.752621  0.000005 0.000000 -1.000000  0.246978 0.227209
0  -0.378409 -0.330819 -29.752621  -0.000003 0.000000 -1.000000  0.247458 0.229813
0  22.138109 -0.535371 -29.752621  0.000000 0.000000 -1.000000  0.000593 0.227008
no_material
0  -0.334604 -0.287011 12.320708  0.000006 0.000000 1.000000  0.369913 0.895517
0  -0.378409 -0.476961 12.320708  0.000005 0.000000 1.000000  0.369432 0.892912
0  22.138109 -0.272409 12.320708  -0.000000 0.000000 1.000000  0.616297 0.895717
no_material
0  0.930278 -1.144334 -7.268784  0.788646 -0.598291 0.141724  0.042351 0.681598
0  0.863410 -1.172398 -7.195929  0.406965 -0.857680 0.314268  0.040914 0.693894
0  0.889753 -1.178802 -7.269130  0.508579 -0.857682 0.075692  0.046460 0.686675
no_material
0  0.813934 -1.129702 -7.101543  0.317217 -0.542649 0.777756  0.032776 0.705313
0  0.719763 -1.165869 -7.121310  -0.002890 -0.837354 0.546654  0.042706 0.712706
0  0.796571 -1.167083 -7.135184  0.253723 -0.819326 0.514129  0.039226 0.704293
no_material
0  0.910701 -1.153474 -7.373259  0.722629 -0.638394 -0.265067  0.054687 0.676414
0  0.889753 -1.178802 -7.269130  0.508579 -0.857682 0.075692  0.046460 0.686675
0  0.870364 -1.186504 -7.357166  0.409866 -0.898785 -0.155549  0.056310 0.682937
no_material
0  0.710985 -1.128075 -7.082947  -0.084449 -0.542067 0.836081  0.037869 0.717372
0  0.633536 -1.168257 -7.148600  -0.254855 -0.819377 0.513488  0.050867 0.719367
0  0.719763 -1.165869 -7.121310  -0.002890 -0.837354 0.546654  0.042706 0.712706
no_material
0  0.633536 -1.168257 -7.148600  -0.254855 -0.819377 0.513488  0.050867 0.719367
0  0.583070 -1.173447 -7.207927  -0.409864 -0.858121 0.309257  0.059893 0.720560
0  0.676637 -1.197074 -7.208511  -0.116428 -0.959637 0.256010  0.054320 0.710958
no_material
0  0.542733 -1.138125 -7.197814  -0.722625 -0.582670 0.371899  0.061515 0.727083
0  0.563682 -1.181150 -7.295963  -0.508578 -0.857796 0.074393  0.069742 0.716822
0  0.583070 -1.173447 -7.207927  -0.409864 -0.858121 0.309257  0.059893 0.720560
no_material
0  0.948420 -1.104172 -7.270794  0.907888 -0.404639 0.109574  0.038758 0.677004
0  0.935608 -1.098783 -7.214756  0.841750 -0.419865 0.339368  0.033014 0.682795
0  0.930278 -1.144334 -7.268784  0.788646 -0.598291 0.141724  0.042351 0.681598
no_material
0  0.894969 -1.135750 -7.170671  0.638177 -0.569928 0.517602  0.034453 0.692039
0  0.796571 -1.167083 -7.135184  0.253723 -0.819326 0.514129  0.039226 0.704293
0  0.863410 -1.172398 -7.195929  0.406965 -0.857680 0.314268  0.040914 0.693894
no_material
0  0.505013 -1.107365 -7.307285  -0.907877 -0.417542 -0.037644  0.077444 0.726494
0  0.517826 -1.111788 -7.363405  -0.841753 -0.472414 -0.261298  0.083188 0.720702
0  0.523157 -1.147265 -7.302291  -0.788641 -0.613818 -0.035683  0.073851 0.721899
no_material
0  0.525656 -1.097449 -7.194276  -0.821585 -0.381740 0.423406  0.062442 0.732860
0  0.508584 -1.101777 -7.249310  -0.878087 -0.434692 0.200017  0.070331 0.730719
0  0.542733 -1.138125 -7.197814  -0.722625 -0.582670 0.371899  0.061515 0.727083
no_material
0  0.909630 -1.094709 -7.162963  0.747249 -0.370545 0.551649  0.028986 0.689951
0  0.870361 -1.090533 -7.120781  0.578792 -0.389523 0.716430  0.026897 0.697856
0  0.894969 -1.135750 -7.170671  0.638177 -0.569928 0.517602  0.034453 0.692039
no_material
0  0.610374 -1.131168 -7.118296  -0.471430 -0.550411 0.689058  0.048525 0.725464
0  0.583070 -1.173447 -7.207927  -0.409864 -0.858121 0.309257  0.059893 0.720560
0  0.633536 -1.168257 -7.148600  -0.254855 -0.819377 0.513488  0.050867 0.719367
no_material
0  0.558465 -1.155849 -7.400404  -0.638176 -0.651154 -0.410768  0.081749 0.711459
0  0.656864 -1.192869 -7.429912  -0.253724 -0.896159 -0.364039  0.076976 0.699204
0  0.590025 -1.187554 -7.369164  -0.406965 -0.899225 -0.160542  0.075288 0.709603
no_material
0  0.639500 -1.161897 -7.469532  -0.317212 -0.669455 -0.671719  0.083426 0.698185
0  0.733671 -1.194082 -7.443786  0.002899 -0.919555 -0.392951  0.073496 0.690792
0  0.656864 -1.192869 -7.429912  -0.253724 -0.896159 -0.364039  0.076976 0.699204
no_material
0  0.843061 -1.160432 -7.452779  0.471433 -0.661703 -0.583010  0.067677 0.678034
0  0.870364 -1.186504 -7.357166  0.409866 -0.898785 -0.155549  0.056310 0.682937
0  0.819899 -1.191695 -7.416493  0.254857 -0.896099 -0.363394  0.065335 0.684130
no_material
0  0.863410 -1.172398 -7.195929  0.406965 -0.857680 0.314268  0.040914 0.693894
0  0.764260 -1.196443 -7.201302  0.090225 -0.958322 0.271071  0.048236 0.703079
0  0.814340 -1.202741 -7.273288  0.206732 -0.973242 0.100306  0.052016 0.693869
no_material
0  0.889753 -1.178802 -7.269130  0.508579 -0.857682 0.075692  0.046460 0.686675
0  0.863410 -1.172398 -7.195929  0.406965 -0.857680 0.314268  0.040914 0.693894
0  0.814340 -1.202741 -7.273288  0.206732 -0.973242 0.100306  0.052016 0.693869
no_material
0  0.590025 -1.187554 -7.369164  -0.406965 -0.899225 -0.160542  0.075288 0.709603
0  0.689175 -1.210301 -7.359700  -0.090305 -0.990811 -0.100687  0.067968 0.700419
0  0.639095 -1.204003 -7.287710  -0.206708 -0.975883 0.070176  0.064186 0.709628
no_material
0  0.563682 -1.181150 -7.295963  -0.508578 -0.857796 0.074393  0.069742 0.716822
0  0.590025 -1.187554 -7.369164  -0.406965 -0.899225 -0.160542  0.075288 0.709603
0  0.639095 -1.204003 -7.287710  -0.206708 -0.975883 0.070176  0.064186 0.709628
no_material
0  0.719763 -1.165869 -7.121310  -0.002890 -0.837354 0.546654  0.042706 0.712706
0  0.676637 -1.197074 -7.208511  -0.116428 -0.959637 0.256010  0.054320 0.710958
0  0.764260 -1.196443 -7.201302  0.090225 -0.958322 0.271071  0.048236 0.703079
no_material
0  0.796571 -1.167083 -7.135184  0.253723 -0.819326 0.514129  0.039226 0.704293
0  0.719763 -1.165869 -7.121310  -0.002890 -0.837354 0.546654  0.042706 0.712706
0  0.764260 -1.196443 -7.201302  0.090225 -0.958322 0.271071  0.048236 0.703079
no_material
0  0.733671 -1.194082 -7.443786  0.002899 -0.919555 -0.392951  0.073496 0.690792
0  0.776797 -1.209670 -7.352490  0.116482 -0.989495 -0.085619  0.061882 0.692541
0  0.689175 -1.210301 -7.359700  -0.090305 -0.990811 -0.100687  0.067968 0.700419
no_material
0  0.656864 -1.192869 -7.429912  -0.253724 -0.896159 -0.364039  0.076976 0.699204
0  0.733671 -1.194082 -7.443786  0.002899 -0.919555 -0.392951  0.073496 0.690792
0  0.689175 -1.210301 -7.359700  -0.090305 -0.990811 -0.100687  0.067968 0.700419
no_material
0  0.583070 -1.173447 -7.207927  -0.409864 -0.858121 0.309257  0.059893 0.720560
0  0.639095 -1.204003 -7.287710  -0.206708 -0.975883 0.070176  0.064186 0.709628
0  0.676637 -1.197074 -7.208511  -0.116428 -0.959637 0.256010  0.054320 0.710958
no_material
0  0.870364 -1.186504 -7.357166  0.409866 -0.898785 -0.155549  0.056310 0.682937
0  0.814340 -1.202741 -7.273288  0.206732 -0.973242 0.100306  0.052016 0.693869
0  0.776797 -1.209670 -7.352490  0.116482 -0.989495 -0.085619  0.061882 0.692541
no_material
0  0.819899 -1.191695 -7.416493  0.254857 -0.896099 -0.363394  0.065335 0.684130
0  0.870364 -1.186504 -7.357166  0.409866 -0.898785 -0.155549  0.056310 0.682937
0  0.776797 -1.209670 -7.352490  0.116482 -0.989495 -0.085619  0.061882 0.692541
no_material
0  0.742449 -1.163524 -7.488128  0.084447 -0.678995 -0.729270  0.078334 0.686125
0  0.819899 -1.191695 -7.416493  0.254857 -0.896099 -0.363394  0.065335 0.684130
0  0.733671 -1.194082 -7.443786  0.002899 -0.919555 -0.392951  0.073496 0.690792
no_material
0  0.523157 -1.147265 -7.302291  -0.788641 -0.613818 -0.035683  0.073851 0.721899
0  0.590025 -1.187554 -7.369164  -0.406965 -0.899225 -0.160542  0.075288 0.709603
0  0.563682 -1.181150 -7.295963  -0.508578 -0.857796 0.074393  0.069742 0.716822
no_material
0  0.543804 -1.116770 -7.415123  -0.747278 -0.460699 -0.478887  0.087216 0.713546
0  0.583072 -1.119982 -7.457387  -0.578797 -0.508001 -0.637910  0.089305 0.705642
0  0.558465 -1.155849 -7.400404  -0.638176 -0.651154 -0.410768  0.081749 0.711459
no_material
0  0.744865 -1.125061 -7.509884  0.074328 -0.494510 -0.865988  0.082876 0.682433
0  0.801206 -1.123462 -7.497161  0.299286 -0.522051 -0.798681  0.077076 0.676672
0  0.742449 -1.163524 -7.488128  0.084447 -0.678995 -0.729270  0.078334 0.686125
no_material
0  0.631727 -1.123301 -7.489431  -0.389944 -0.482807 -0.784118  0.089202 0.697370
0  0.686884 -1.124304 -7.506460  -0.159786 -0.522787 -0.837354  0.087059 0.689500
0  0.639500 -1.161897 -7.469532  -0.317212 -0.669455 -0.671719  0.083426 0.698185
no_material
0  0.853430 -1.121704 -7.471188  0.517940 -0.476403 -0.710478  0.069859 0.672625
0  0.895775 -1.117801 -7.432136  0.681973 -0.496537 -0.536995  0.061972 0.670546
0  0.843061 -1.160432 -7.452779  0.471433 -0.661703 -0.583010  0.067677 0.678034
no_material
0  0.944850 -1.108737 -7.328858  0.878087 -0.462818 -0.121506  0.045871 0.672778
0  0.930278 -1.144334 -7.268784  0.788646 -0.598291 0.141724  0.042351 0.681598
0  0.910701 -1.153474 -7.373259  0.722629 -0.638394 -0.265067  0.054687 0.676414
no_material
0  0.821708 -1.088236 -7.088648  0.389962 -0.339319 0.856033  0.027001 0.706128
0  0.766550 -1.086267 -7.071702  0.159785 -0.369474 0.915400  0.029143 0.713998
0  0.813934 -1.129702 -7.101543  0.317217 -0.542649 0.777756  0.032776 0.705313
no_material
0  0.600004 -1.089833 -7.106892  -0.517931 -0.345799 0.782413  0.046344 0.730872
0  0.557659 -1.092770 -7.146026  -0.681959 -0.395745 0.615076  0.054230 0.732952
0  0.610374 -1.131168 -7.118296  -0.471430 -0.550411 0.689058  0.048525 0.725464
no_material
0  0.508584 -1.101777 -7.249310  -0.878087 -0.434692 0.200017  0.070331 0.730719
0  0.523157 -1.147265 -7.302291  -0.788641 -0.613818 -0.035683  0.073851 0.721899
0  0.542733 -1.138125 -7.197814  -0.722625 -0.582670 0.371899  0.061515 0.727083
no_material
0  0.708568 -1.086418 -7.068198  -0.074289 -0.336669 0.938688  0.033328 0.721064
0  0.652229 -1.087053 -7.081007  -0.299289 -0.375449 0.877191  0.039126 0.726826
0  0.710985 -1.128075 -7.082947  -0.084449 -0.542067 0.836081  0.037869 0.717372
no_material
0  0.935608 -1.098783 -7.214756  0.841750 -0.419865 0.339368  0.033014 0.682795
0  0.894969 -1.135750 -7.170671  0.638177 -0.569928 0.517602  0.034453 0.692039
0  0.930278 -1.144334 -7.268784  0.788646 -0.598291 0.141724  0.042351 0.681598
no_material
0  0.927778 -1.114030 -7.383806  0.821593 -0.449454 -0.350678  0.053760 0.670635
0  0.944850 -1.108737 -7.328858  0.878087 -0.462818 -0.121506  0.045871 0.672778
0  0.910701 -1.153474 -7.373259  0.722629 -0.638394 -0.265067  0.054687 0.676414
no_material
0  0.517826 -1.111788 -7.363405  -0.841753 -0.472414 -0.261298  0.083188 0.720702
0  0.558465 -1.155849 -7.400404  -0.638176 -0.651154 -0.410768  0.081749 0.711459
0  0.523157 -1.147265 -7.302291  -0.788641 -0.613818 -0.035683  0.073851 0.721899
no_material
0  0.726732 -1.211535 -7.279965  0.000019 -0.996214 0.086930  0.058117 0.701736
0  0.764260 -1.196443 -7.201302  0.090225 -0.958322 0.271071  0.048236 0.703079
0  0.676637 -1.197074 -7.208511  -0.116428 -0.959637 0.256010  0.054320 0.710958
no_material
0  0.726732 -1.211535 -7.279965  0.000019 -0.996214 0.086930  0.058117 0.701736
0  0.639095 -1.204003 -7.287710  -0.206708 -0.975883 0.070176  0.064186 0.709628
0  0.689175 -1.210301 -7.359700  -0.090305 -0.990811 -0.100687  0.067968 0.700419
no_material
0  0.726732 -1.211535 -7.279965  0.000019 -0.996214 0.086930  0.058117 0.701736
0  0.776797 -1.209670 -7.352490  0.116482 -0.989495 -0.085619  0.061882 0.692541
0  0.814340 -1.202741 -7.273288  0.206732 -0.973242 0.100306  0.052016 0.693869
no_material
0  0.726732 -1.211535 -7.279965  0.000019 -0.996214 0.086930  0.058117 0.701736
0  0.814340 -1.202741 -7.273288  0.206732 -0.973242 0.100306  0.052016 0.693869
0  0.764260 -1.196443 -7.201302  0.090225 -0.958322 0.271071  0.048236 0.703079
no_material
0  0.726732 -1.211535 -7.279965  0.000019 -0.996214 0.086930  0.058117 0.701736
0  0.676637 -1.197074 -7.208511  -0.116428 -0.959637 0.256010  0.054320 0.710958
0  0.639095 -1.204003 -7.287710  -0.206708 -0.975883 0.070176  0.064186 0.709628
no_material
0  0.726732 -1.211535 -7.279965  0.000019 -0.996214 0.086930  0.058117 0.701736
0  0.689175 -1.210301 -7.359700  -0.090305 -0.990811 -0.100687  0.067968 0.700419
0  0.776797 -1.209670 -7.352490  0.116482 -0.989495 -0.085619  0.061882 0.692541
no_material
0  0.583072 -1.119982 -7.457387  -0.578797 -0.508001 -0.637910  0.089305 0.705642
0  0.639500 -1.161897 -7.469532  -0.317212 -0.669455 -0.671719  0.083426 0.698185
0  0.558465 -1.155849 -7.400404  -0.638176 -0.651154 -0.410768  0.081749 0.711459
no_material
0  0.686884 -1.124304 -7.506460  -0.159786 -0.522787 -0.837354  0.087059 0.689500
0  0.742449 -1.163524 -7.488128  0.084447 -0.678995 -0.729270  0.078334 0.686125
0  0.639500 -1.161897 -7.469532  -0.317212 -0.669455 -0.671719  0.083426 0.698185
no_material
0  0.801206 -1.123462 -7.497161  0.299286 -0.522051 -0.798681  0.077076 0.676672
0  0.843061 -1.160432 -7.452779  0.471433 -0.661703 -0.583010  0.067677 0.678034
0  0.742449 -1.163524 -7.488128  0.084447 -0.678995 -0.729270  0.078334 0.686125
no_material
0  0.895775 -1.117801 -7.432136  0.681973 -0.496537 -0.536995  0.061972 0.670546
0  0.910701 -1.153474 -7.373259  0.722629 -0.638394 -0.265067  0.054687 0.676414
0  0.843061 -1.160432 -7.452779  0.471433 -0.661703 -0.583010  0.067677 0.678034
no_material
0  0.870361 -1.090533 -7.120781  0.578792 -0.389523 0.716430  0.026897 0.697856
0  0.813934 -1.129702 -7.101543  0.317217 -0.542649 0.777756  0.032776 0.705313
0  0.894969 -1.135750 -7.170671  0.638177 -0.569928 0.517602  0.034453 0.692039
no_material
0  0.766550 -1.086267 -7.071702  0.159785 -0.369474 0.915400  0.029143 0.713998
0  0.710985 -1.128075 -7.082947  -0.084449 -0.542067 0.836081  0.037869 0.717372
0  0.813934 -1.129702 -7.101543  0.317217 -0.542649 0.777756  0.032776 0.705313
no_material
0  0.652229 -1.087053 -7.081007  -0.299289 -0.375449 0.877191  0.039126 0.726826
0  0.610374 -1.131168 -7.118296  -0.471430 -0.550411 0.689058  0.048525 0.725464
0  0.710985 -1.128075 -7.082947  -0.084449 -0.542067 0.836081  0.037869 0.717372
no_material
0  0.557659 -1.092770 -7.146026  -0.681959 -0.395745 0.615076  0.054230 0.732952
0  0.542733 -1.138125 -7.197814  -0.722625 -0.582670 0.371899  0.061515 0.727083
0  0.610374 -1.131168 -7.118296  -0.471430 -0.550411 0.689058  0.048525 0.725464
no_material
0  0.765493 -1.079935 -7.076595  0.114082 0.628566 0.769344  0.028044 0.714506
0  0.708568 -1.086418 -7.068198  -0.030827 0.635357 0.771603  0.033328 0.721064
0  0.766550 -1.086267 -7.071702  0.183479 0.626942 0.757152  0.029143 0.713998
no_material
0  0.931338 -1.092182 -7.216584  0.768318 0.584018 0.261936  0.032023 0.682097
0  0.909630 -1.094709 -7.162963  0.698210 0.601808 0.387724  0.028986 0.689951
0  0.935608 -1.098783 -7.214756  0.792389 0.577674 0.195992  0.033014 0.682795
no_material
0  0.892562 -1.110824 -7.429660  0.654270 0.512334 -0.556278  0.062082 0.669339
0  0.927778 -1.114030 -7.383806  0.729122 0.529886 -0.433129  0.053760 0.670635
0  0.895775 -1.117801 -7.432136  0.608933 0.507082 -0.609974  0.061972 0.670546
no_material
0  0.687941 -1.117218 -7.502742  -0.114109 0.485274 -0.866884  0.088159 0.688990
0  0.744865 -1.125061 -7.509884  0.030812 0.491588 -0.870283  0.082876 0.682433
0  0.686884 -1.124304 -7.506460  -0.183473 0.485797 -0.854598  0.087059 0.689500
no_material
0  0.522096 -1.104970 -7.362753  -0.768359 0.529597 -0.359376  0.084179 0.721400
0  0.543804 -1.116770 -7.415123  -0.698158 0.525430 -0.486312  0.087216 0.713546
0  0.517826 -1.111788 -7.363405  -0.792426 0.534818 -0.293312  0.083188 0.720702
no_material
0  0.560872 -1.086329 -7.149680  -0.654151 0.601331 0.458789  0.054121 0.734158
0  0.525656 -1.097449 -7.194276  -0.729055 0.597111 0.334571  0.062442 0.732860
0  0.557659 -1.092770 -7.146026  -0.608810 0.605487 0.512578  0.054230 0.732952
no_material
0  0.512829 -1.095197 -7.251039  -0.822962 0.564299 0.065582  0.070852 0.731808
0  0.505013 -1.107365 -7.307285  -0.824692 0.559954 -0.079587  0.077444 0.726494
0  0.508584 -1.101777 -7.249310  -0.811004 0.569264 0.134950  0.070331 0.730719
no_material
0  0.653354 -1.080742 -7.085826  -0.312289 0.621385 0.718579  0.038445 0.727820
0  0.600004 -1.089833 -7.106892  -0.438771 0.623449 0.647141  0.046344 0.730872
0  0.652229 -1.087053 -7.081007  -0.246056 0.622442 0.742982  0.039126 0.726826
no_material
0  0.867242 -1.084122 -7.124456  0.510649 0.611525 0.604379  0.025694 0.697763
0  0.821708 -1.088236 -7.088648  0.386020 0.626114 0.677473  0.027001 0.706128
0  0.870361 -1.090533 -7.120781  0.564880 0.606517 0.559507  0.026897 0.697856
no_material
0  0.940606 -1.101956 -7.328298  0.823023 0.544228 -0.162631  0.045351 0.671690
0  0.948420 -1.104172 -7.270794  0.824757 0.565171 -0.018899  0.038758 0.677004
0  0.944850 -1.108737 -7.328858  0.811041 0.537103 -0.231803  0.045871 0.672778
no_material
0  0.800081 -1.116410 -7.493510  0.312282 0.487164 -0.815568  0.077757 0.675677
0  0.853430 -1.121704 -7.471188  0.438772 0.501627 -0.745554  0.069859 0.672625
0  0.801206 -1.123462 -7.497161  0.246041 0.483964 -0.839788  0.077076 0.676672
no_material
0  0.586192 -1.113031 -7.454884  -0.510705 0.497094 -0.701483  0.090508 0.705735
0  0.631727 -1.123301 -7.489431  -0.386036 0.498798 -0.776001  0.089202 0.697370
0  0.583072 -1.119982 -7.457387  -0.564938 0.499978 -0.656405  0.089305 0.705642
no_material
0  0.819530 -1.081445 -7.093853  0.316897 0.631966 0.707245  0.025694 0.706310
0  0.766550 -1.086267 -7.071702  0.183479 0.626942 0.757152  0.029143 0.713998
0  0.821708 -1.088236 -7.088648  0.386020 0.626114 0.677473  0.027001 0.706128
no_material
0  0.943354 -1.097016 -7.271832  0.816319 0.574928 0.055508  0.037948 0.675963
0  0.935608 -1.098783 -7.214756  0.792389 0.577674 0.195992  0.033014 0.682795
0  0.948420 -1.104172 -7.270794  0.824757 0.565171 -0.018899  0.038758 0.677004
no_material
0  0.850541 -1.114148 -7.467650  0.499430 0.508725 -0.701262  0.070355 0.671402
0  0.895775 -1.117801 -7.432136  0.608933 0.507082 -0.609974  0.061972 0.670546
0  0.853430 -1.121704 -7.471188  0.438772 0.501627 -0.745554  0.069859 0.672625
no_material
0  0.633904 -1.115708 -7.485487  -0.316945 0.499364 -0.806338  0.090508 0.697187
0  0.686884 -1.124304 -7.506460  -0.183473 0.485797 -0.854598  0.087059 0.689500
0  0.631727 -1.123301 -7.489431  -0.386036 0.498798 -0.776001  0.089202 0.697370
no_material
0  0.510081 -1.100137 -7.307505  -0.816279 0.556614 -0.154495  0.078256 0.727535
0  0.517826 -1.111788 -7.363405  -0.792426 0.534818 -0.293312  0.083188 0.720702
0  0.505013 -1.107365 -7.307285  -0.824692 0.559954 -0.079587  0.077444 0.726494
no_material
0  0.602894 -1.083005 -7.111687  -0.499426 0.622760 0.602281  0.045848 0.732095
0  0.557659 -1.092770 -7.146026  -0.608810 0.605487 0.512578  0.054230 0.732952
0  0.600004 -1.089833 -7.106892  -0.438771 0.623449 0.647141  0.046344 0.730872
no_material
0  0.530152 -1.090487 -7.197207  -0.760428 0.592204 0.266540  0.062647 0.734157
0  0.508584 -1.101777 -7.249310  -0.811004 0.569264 0.134950  0.070331 0.730719
0  0.525656 -1.097449 -7.194276  -0.729055 0.597111 0.334571  0.062442 0.732860
no_material
0  0.708813 -1.079695 -7.073856  -0.105603 0.635766 0.764624  0.032307 0.721890
0  0.652229 -1.087053 -7.081007  -0.246056 0.622442 0.742982  0.039126 0.726826
0  0.708568 -1.086418 -7.068198  -0.030827 0.635357 0.771603  0.033328 0.721064
no_material
0  0.905378 -1.087784 -7.166317  0.654852 0.608176 0.448655  0.027761 0.689481
0  0.870361 -1.090533 -7.120781  0.564880 0.606517 0.559507  0.026897 0.697856
0  0.909630 -1.094709 -7.162963  0.698210 0.601808 0.387724  0.028986 0.689951
no_material
0  0.923282 -1.106665 -7.382130  0.760499 0.536835 -0.365309  0.053555 0.669340
0  0.944850 -1.108737 -7.328858  0.811041 0.537103 -0.231803  0.045871 0.672778
0  0.927778 -1.114030 -7.383806  0.729122 0.529886 -0.433129  0.053760 0.670635
no_material
0  0.744621 -1.117458 -7.505481  0.105592 0.493211 -0.863477  0.083895 0.681608
0  0.801206 -1.123462 -7.497161  0.246041 0.483964 -0.839788  0.077076 0.676672
0  0.744865 -1.125061 -7.509884  0.030812 0.491588 -0.870283  0.082876 0.682433
no_material
0  0.548056 -1.109368 -7.413020  -0.654799 0.521132 -0.547412  0.088441 0.714016
0  0.583072 -1.119982 -7.457387  -0.564938 0.499978 -0.656405  0.089305 0.705642
0  0.543804 -1.116770 -7.415123  -0.698158 0.525430 -0.486312  0.087216 0.713546
no_material
0  0.930278 -1.144334 -7.268784  0.788646 -0.598291 0.141724  0.042351 0.681598
0  0.894969 -1.135750 -7.170671  0.638177 -0.569928 0.517602  0.034453 0.692039
0  0.863410 -1.172398 -7.195929  0.406965 -0.857680 0.314268  0.040914 0.693894
no_material
0  0.813934 -1.129702 -7.101543  0.317217 -0.542649 0.777756  0.032776 0.705313
0  0.710985 -1.128075 -7.082947  -0.084449 -0.542067 0.836081  0.037869 0.717372
0  0.719763 -1.165869 -7.121310  -0.002890 -0.837354 0.546654  0.042706 0.712706
no_material
0  0.910701 -1.153474 -7.373259  0.722629 -0.638394 -0.265067  0.054687 0.676414
0  0.930278 -1.144334 -7.268784  0.788646 -0.598291 0.141724  0.042351 0.681598
0  0.889753 -1.178802 -7.269130  0.508579 -0.857682 0.075692  0.046460 0.686675
no_material
0  0.710985 -1.128075 -7.082947  -0.084449 -0.542067 0.836081  0.037869 0.717372
0  0.610374 -1.131168 -7.118296  -0.471430 -0.550411 0.689058  0.048525 0.725464
0  0.633536 -1.168257 -7.148600  -0.254855 -0.819377 0.513488  0.050867 0.719367
no_material
0  0.542733 -1.138125 -7.197814  -0.722625 -0.582670 0.371899  0.061515 0.727083
0  0.523157 -1.147265 -7.302291  -0.788641 -0.613818 -0.035683  0.073851 0.721899
0  0.563682 -1.181150 -7.295963  -0.508578 -0.857796 0.074393  0.069742 0.716822
no_material
0  0.894969 -1.135750 -7.170671  0.638177 -0.569928 0.517602  0.034453 0.692039
0  0.813934 -1.129702 -7.101543  0.317217 -0.542649 0.777756  0.032776 0.705313
0  0.796571 -1.167083 -7.135184  0.253723 -0.819326 0.514129  0.039226 0.704293
no_material
0  0.610374 -1.131168 -7.118296  -0.471430 -0.550411 0.689058  0.048525 0.725464
0  0.542733 -1.138125 -7.197814  -0.722625 -0.582670 0.371899  0.061515 0.727083
0  0.583070 -1.173447 -7.207927  -0.409864 -0.858121 0.309257  0.059893 0.720560
no_material
0  0.558465 -1.155849 -7.400404  -0.638176 -0.651154 -0.410768  0.081749 0.711459
0  0.639500 -1.161897 -7.469532  -0.317212 -0.669455 -0.671719  0.083426 0.698185
0  0.656864 -1.192869 -7.429912  -0.253724 -0.896159 -0.364039  0.076976 0.699204
no_material
0  0.639500 -1.161897 -7.469532  -0.317212 -0.669455 -0.671719  0.083426 0.698185
0  0.742449 -1.163524 -7.488128  0.084447 -0.678995 -0.729270  0.078334 0.686125
0  0.733671 -1.194082 -7.443786  0.002899 -0.919555 -0.392951  0.073496 0.690792
no_material
0  0.843061 -1.160432 -7.452779  0.471433 -0.661703 -0.583010  0.067677 0.678034
0  0.910701 -1.153474 -7.373259  0.722629 -0.638394 -0.265067  0.054687 0.676414
0  0.870364 -1.186504 -7.357166  0.409866 -0.898785 -0.155549  0.056310 0.682937
no_material
0  0.863410 -1.172398 -7.195929  0.406965 -0.857680 0.314268  0.040914 0.693894
0  0.796571 -1.167083 -7.135184  0.253723 -0.819326 0.514129  0.039226 0.704293
0  0.764260 -1.196443 -7.201302  0.090225 -0.958322 0.271071  0.048236 0.703079
no_material
0  0.590025 -1.187554 -7.369164  -0.406965 -0.899225 -0.160542  0.075288 0.709603
0  0.656864 -1.192869 -7.429912  -0.253724 -0.896159 -0.364039  0.076976 0.699204
0  0.689175 -1.210301 -7.359700  -0.090305 -0.990811 -0.100687  0.067968 0.700419
no_material
0  0.719763 -1.165869 -7.121310  -0.002890 -0.837354 0.546654  0.042706 0.712706
0  0.633536 -1.168257 -7.148600  -0.254855 -0.819377 0.513488  0.050867 0.719367
0  0.676637 -1.197074 -7.208511  -0.116428 -0.959637 0.256010  0.054320 0.710958
no_material
0  0.733671 -1.194082 -7.443786  0.002899 -0.919555 -0.392951  0.073496 0.690792
0  0.819899 -1.191695 -7.416493  0.254857 -0.896099 -0.363394  0.065335 0.684130
0  0.776797 -1.209670 -7.352490  0.116482 -0.989495 -0.085619  0.061882 0.692541
no_material
0  0.583070 -1.173447 -7.207927  -0.409864 -0.858121 0.309257  0.059893 0.720560
0  0.563682 -1.181150 -7.295963  -0.508578 -0.857796 0.074393  0.069742 0.716822
0  0.639095 -1.204003 -7.287710  -0.206708 -0.975883 0.070176  0.064186 0.709628
no_material
0  0.870364 -1.186504 -7.357166  0.409866 -0.898785 -0.155549  0.056310 0.682937
0  0.889753 -1.178802 -7.269130  0.508579 -0.857682 0.075692  0.046460 0.686675
0  0.814340 -1.202741 -7.273288  0.206732 -0.973242 0.100306  0.052016 0.693869
no_material
0  0.742449 -1.163524 -7.488128  0.084447 -0.678995 -0.729270  0.078334 0.686125
0  0.843061 -1.160432 -7.452779  0.471433 -0.661703 -0.583010  0.067677 0.678034
0  0.819899 -1.191695 -7.416493  0.254857 -0.896099 -0.363394  0.065335 0.684130
no_material
0  0.523157 -1.147265 -7.302291  -0.788641 -0.613818 -0.035683  0.073851 0.721899
0  0.558465 -1.155849 -7.400404  -0.638176 -0.651154 -0.410768  0.081749 0.711459
0  0.590025 -1.187554 -7.369164  -0.406965 -0.899225 -0.160542  0.075288 0.709603
no_material
0  0.944850 -1.108737 -7.328858  0.878087 -0.462818 -0.121506  0.045871 0.672778
0  0.948420 -1.104172 -7.270794  0.907888 -0.404639 0.109574  0.038758 0.677004
0  0.930278 -1.144334 -7.268784  0.788646 -0.598291 0.141724  0.042351 0.681598
no_material
0  0.508584 -1.101777 -7.249310  -0.878087 -0.434692 0.200017  0.070331 0.730719
0  0.505013 -1.107365 -7.307285  -0.907877 -0.417542 -0.037644  0.077444 0.726494
0  0.523157 -1.147265 -7.302291  -0.788641 -0.613818 -0.035683  0.073851 0.721899
no_material
0  0.935608 -1.098783 -7.214756  0.841750 -0.419865 0.339368  0.033014 0.682795
0  0.909630 -1.094709 -7.162963  0.747249 -0.370545 0.551649  0.028986 0.689951
0  0.894969 -1.135750 -7.170671  0.638177 -0.569928 0.517602  0.034453 0.692039
no_material
0  0.517826 -1.111788 -7.363405  -0.841753 -0.472414 -0.261298  0.083188 0.720702
0  0.543804 -1.116770 -7.415123  -0.747278 -0.460699 -0.478887  0.087216 0.713546
0  0.558465 -1.155849 -7.400404  -0.638176 -0.651154 -0.410768  0.081749 0.711459
no_material
0  0.583072 -1.119982 -7.457387  -0.578797 -0.508001 -0.637910  0.089305 0.705642
0  0.631727 -1.123301 -7.489431  -0.389944 -0.482807 -0.784118  0.089202 0.697370
0  0.639500 -1.161897 -7.469532  -0.317212 -0.669455 -0.671719  0.083426 0.698185
no_material
0  0.686884 -1.124304 -7.506460  -0.159786 -0.522787 -0.837354  0.087059 0.689500
0  0.744865 -1.125061 -7.509884  0.074328 -0.494510 -0.865988  0.082876 0.682433
0  0.742449 -1.163524 -7.488128  0.084447 -0.678995 -0.729270  0.078334 0.686125
no_material
0  0.801206 -1.123462 -7.497161  0.299286 -0.522051 -0.798681  0.077076 0.676672
0  0.853430 -1.121704 -7.471188  0.517940 -0.476403 -0.710478  0.069859 0.672625
0  0.843061 -1.160432 -7.452779  0.471433 -0.661703 -0.583010  0.067677 0.678034
no_material
0  0.895775 -1.117801 -7.432136  0.681973 -0.496537 -0.536995  0.061972 0.670546
0  0.927778 -1.114030 -7.383806  0.821593 -0.449454 -0.350678  0.053760 0.670635
0  0.910701 -1.153474 -7.373259  0.722629 -0.638394 -0.265067  0.054687 0.676414
no_material
0  0.870361 -1.090533 -7.120781  0.578792 -0.389523 0.716430  0.026897 0.697856
0  0.821708 -1.088236 -7.088648  0.389962 -0.339319 0.856033  0.027001 0.706128
0  0.813934 -1.129702 -7.101543  0.317217 -0.542649 0.777756  0.032776 0.705313
no_material
0  0.766550 -1.086267 -7.071702  0.159785 -0.369474 0.915400  0.029143 0.713998
0  0.708568 -1.086418 -7.068198  -0.074289 -0.336669 0.938688  0.033328 0.721064
0  0.710985 -1.128075 -7.082947  -0.084449 -0.542067 0.836081  0.037869 0.717372
no_material
0  0.652229 -1.087053 -7.081007  -0.299289 -0.375449 0.877191  0.039126 0.726826
0  0.600004 -1.089833 -7.106892  -0.517931 -0.345799 0.782413  0.046344 0.730872
0  0.610374 -1.131168 -7.118296  -0.471430 -0.550411 0.689058  0.048525 0.725464
no_material
0  0.557659 -1.092770 -7.146026  -0.681959 -0.395745 0.615076  0.054230 0.732952
0  0.525656 -1.097449 -7.194276  -0.821585 -0.381740 0.423406  0.062442 0.732860
0  0.542733 -1.138125 -7.197814  -0.722625 -0.582670 0.371899  0.061515 0.727083
no_material
0  0.765493 -1.079935 -7.076595  0.114082 0.628566 0.769344  0.028044 0.714506
0  0.708813 -1.079695 -7.073856  -0.105603 0.635766 0.764624  0.032307 0.721890
0  0.708568 -1.086418 -7.068198  -0.030827 0.635357 0.771603  0.033328 0.721064
no_material
0  0.931338 -1.092182 -7.216584  0.768318 0.584018 0.261936  0.032023 0.682097
0  0.905378 -1.087784 -7.166317  0.654852 0.608176 0.448655  0.027761 0.689481
0  0.909630 -1.094709 -7.162963  0.698210 0.601808 0.387724  0.028986 0.689951
no_material
0  0.892562 -1.110824 -7.429660  0.654270 0.512334 -0.556278  0.062082 0.669339
0  0.923282 -1.106665 -7.382130  0.760499 0.536835 -0.365309  0.053555 0.669340
0  0.927778 -1.114030 -7.383806  0.729122 0.529886 -0.433129  0.053760 0.670635
no_material
0  0.687941 -1.117218 -7.502742  -0.114109 0.485274 -0.866884  0.088159 0.688990
0  0.744621 -1.117458 -7.505481  0.105592 0.493211 -0.863477  0.083895 0.681608
0  0.744865 -1.125061 -7.509884  0.030812 0.491588 -0.870283  0.082876 0.682433
no_material
0  0.522096 -1.104970 -7.362753  -0.768359 0.529597 -0.359376  0.084179 0.721400
0  0.548056 -1.109368 -7.413020  -0.654799 0.521132 -0.547412  0.088441 0.714016
0  0.543804 -1.116770 -7.415123  -0.698158 0.525430 -0.486312  0.087216 0.713546
no_material
0  0.560872 -1.086329 -7.149680  -0.654151 0.601331 0.458789  0.054121 0.734158
0  0.530152 -1.090487 -7.197207  -0.760428 0.592204 0.266540  0.062647 0.734157
0  0.525656 -1.097449 -7.194276  -0.729055 0.597111 0.334571  0.062442 0.732860
no_material
0  0.512829 -1.095197 -7.251039  -0.822962 0.564299 0.065582  0.070852 0.731808
0  0.510081 -1.100137 -7.307505  -0.816279 0.556614 -0.154495  0.078256 0.727535
0  0.505013 -1.107365 -7.307285  -0.824692 0.559954 -0.079587  0.077444 0.726494
no_material
0  0.653354 -1.080742 -7.085826  -0.312289 0.621385 0.718579  0.038445 0.727820
0  0.602894 -1.083005 -7.111687  -0.499426 0.622760 0.602281  0.045848 0.732095
0  0.600004 -1.089833 -7.106892  -0.438771 0.623449 0.647141  0.046344 0.730872
no_material
0  0.867242 -1.084122 -7.124456  0.510649 0.611525 0.604379  0.025694 0.697763
0  0.819530 -1.081445 -7.093853  0.316897 0.631966 0.707245  0.025694 0.706310
0  0.821708 -1.088236 -7.088648  0.386020 0.626114 0.677473  0.027001 0.706128
no_material
0  0.940606 -1.101956 -7.328298  0.823023 0.544228 -0.162631  0.045351 0.671690
0  0.943354 -1.097016 -7.271832  0.816319 0.574928 0.055508  0.037948 0.675963
0  0.948420 -1.104172 -7.270794  0.824757 0.565171 -0.018899  0.038758 0.677004
no_material
0  0.800081 -1.116410 -7.493510  0.312282 0.487164 -0.815568  0.077757 0.675677
0  0.850541 -1.114148 -7.467650  0.499430 0.508725 -0.701262  0.070355 0.671402
0  0.853430 -1.121704 -7.471188  0.438772 0.501627 -0.745554  0.069859 0.672625
no_material
0  0.586192 -1.113031 -7.454884  -0.510705 0.497094 -0.701483  0.090508 0.705735
0  0.633904 -1.115708 -7.485487  -0.316945 0.499364 -0.806338  0.090508 0.697187
0  0.631727 -1.123301 -7.489431  -0.386036 0.498798 -0.776001  0.089202 0.697370
no_material
0  0.819530 -1.081445 -7.093853  0.316897 0.631966 0.707245  0.025694 0.706310
0  0.765493 -1.079935 -7.076595  0.114082 0.628566 0.769344  0.028044 0.714506
0  0.766550 -1.086267 -7.071702  0.183479 0.626942 0.757152  0.029143 0.713998
no_material
0  0.943354 -1.097016 -7.271832  0.816319 0.574928 0.055508  0.037948 0.675963
0  0.931338 -1.092182 -7.216584  0.768318 0.584018 0.261936  0.032023 0.682097
0  0.935608 -1.098783 -7.214756  0.792389 0.577674 0.195992  0.033014 0.682795
no_material
0  0.850541 -1.114148 -7.467650  0.499430 0.508725 -0.701262  0.070355 0.671402
0  0.892562 -1.110824 -7.429660  0.654270 0.512334 -0.556278  0.062082 0.669339
0  0.895775 -1.117801 -7.432136  0.608933 0.507082 -0.609974  0.061972 0.670546
no_material
0  0.633904 -1.115708 -7.485487  -0.316945 0.499364 -0.806338  0.090508 0.697187
0  0.687941 -1.117218 -7.502742  -0.114109 0.485274 -0.866884  0.088159 0.688990
0  0.686884 -1.124304 -7.506460  -0.183473 0.485797 -0.854598  0.087059 0.689500
no_material
0  0.510081 -1.100137 -7.307505  -0.816279 0.556614 -0.154495  0.078256 0.727535
0  0.522096 -1.104970 -7.362753  -0.768359 0.529597 -0.359376  0.084179 0.721400
0  0.517826 -1.111788 -7.363405  -0.792426 0.534818 -0.293312  0.083188 0.720702
no_material
0  0.602894 -1.083005 -7.111687  -0.499426 0.622760 0.602281  0.045848 0.732095
0  0.560872 -1.086329 -7.149680  -0.654151 0.601331 0.458789  0.054121 0.734158
0  0.557659 -1.092770 -7.146026  -0.608810 0.605487 0.512578  0.054230 0.732952
no_material
0  0.530152 -1.090487 -7.197207  -0.760428 0.592204 0.266540  0.062647 0.734157
0  0.512829 -1.095197 -7.251039  -0.822962 0.564299 0.065582  0.070852 0.731808
0  0.508584 -1.101777 -7.249310  -0.811004 0.569264 0.134950  0.070331 0.730719
no_material
0  0.708813 -1.079695 -7.073856  -0.105603 0.635766 0.764624  0.032307 0.721890
0  0.653354 -1.080742 -7.085826  -0.312289 0.621385 0.718579  0.038445 0.727820
0  0.652229 -1.087053 -7.081007  -0.246056 0.622442 0.742982  0.039126 0.726826
no_material
0  0.905378 -1.087784 -7.166317  0.654852 0.608176 0.448655  0.027761 0.689481
0  0.867242 -1.084122 -7.124456  0.510649 0.611525 0.604379  0.025694 0.697763
0  0.870361 -1.090533 -7.120781  0.564880 0.606517 0.559507  0.026897 0.697856
no_material
0  0.923282 -1.106665 -7.382130  0.760499 0.536835 -0.365309  0.053555 0.669340
0  0.940606 -1.101956 -7.328298  0.823023 0.544228 -0.162631  0.045351 0.671690
0  0.944850 -1.108737 -7.328858  0.811041 0.537103 -0.231803  0.045871 0.672778
no_material
0  0.744621 -1.117458 -7.505481  0.105592 0.493211 -0.863477  0.083895 0.681608
0  0.800081 -1.116410 -7.493510  0.312282 0.487164 -0.815568  0.077757 0.675677
0  0.801206 -1.123462 -7.497161  0.246041 0.483964 -0.839788  0.077076 0.676672
no_material
0  0.548056 -1.109368 -7.413020  -0.654799 0.521132 -0.547412  0.088441 0.714016
0  0.586192 -1.113031 -7.454884  -0.510705 0.497094 -0.701483  0.090508 0.705735
0  0.583072 -1.119982 -7.457387  -0.564938 0.499978 -0.656405  0.089305 0.705642
no_material
0  0.726717 -1.016042 -5.802402  0.023806 -0.675195 -0.737255  0.026900 0.583596
0  0.802117 -1.044913 -5.738775  0.203994 -0.915516 -0.346724  0.025462 0.595892
0  0.726717 -1.046674 -5.758900  -0.041224 -0.901924 -0.429922  0.031008 0.588673
no_material
0  0.903606 -1.007141 -5.700663  0.698919 -0.638825 -0.321581  0.017324 0.607310
0  0.888594 -1.032974 -5.602305  0.470236 -0.881585 0.041049  0.027254 0.614703
0  0.868391 -1.039545 -5.677419  0.418383 -0.882940 -0.213008  0.023775 0.606290
no_material
0  0.623811 -1.013589 -5.774363  -0.378105 -0.671011 -0.637794  0.039235 0.578411
0  0.726717 -1.046674 -5.758900  -0.041224 -0.901924 -0.429922  0.031008 0.588673
0  0.640240 -1.044356 -5.732404  -0.266239 -0.912379 -0.310936  0.040857 0.584934
no_material
0  0.930686 -0.998333 -5.599982  0.789950 -0.608831 0.072822  0.022417 0.619370
0  0.868391 -1.025287 -5.514449  0.459599 -0.838764 0.291965  0.035415 0.621364
0  0.888594 -1.032974 -5.602305  0.470236 -0.881585 0.041049  0.027254 0.614703
no_material
0  0.868391 -1.025287 -5.514449  0.459599 -0.838764 0.291965  0.035415 0.621364
0  0.813194 -1.020476 -5.459461  0.266244 -0.844519 0.464652  0.044441 0.622558
0  0.802859 -1.051981 -5.550092  0.180401 -0.965691 0.186807  0.038868 0.612955
no_material
0  0.829623 -0.982891 -5.423485  0.378112 -0.550060 0.744625  0.046064 0.629080
0  0.726717 -1.018158 -5.432964  0.041226 -0.813559 0.580020  0.054290 0.618820
0  0.813194 -1.020476 -5.459461  0.266244 -0.844519 0.464652  0.044441 0.622558
no_material
0  0.726717 -0.977597 -5.824039  -0.001095 -0.490466 -0.871460  0.023306 0.579001
0  0.783874 -0.976406 -5.815976  0.231175 -0.521383 -0.821412  0.017561 0.584793
0  0.726717 -1.016042 -5.802402  0.023806 -0.675195 -0.737255  0.026900 0.583596
no_material
0  0.827780 -1.013682 -5.775424  0.411847 -0.669299 -0.618402  0.019002 0.594036
0  0.868391 -1.039545 -5.677419  0.418383 -0.882940 -0.213008  0.023775 0.606290
0  0.802117 -1.044913 -5.738775  0.203994 -0.915516 -0.346724  0.025462 0.595892
no_material
0  0.726717 -0.938820 -5.380813  0.001090 -0.331692 0.943387  0.061991 0.628490
0  0.669560 -0.939046 -5.388958  -0.231164 -0.370857 0.899460  0.067737 0.622700
0  0.726717 -0.980438 -5.395446  -0.023803 -0.536907 0.843305  0.058398 0.623896
no_material
0  0.838074 -0.941398 -5.410614  0.454837 -0.347054 0.820169  0.046989 0.634858
0  0.784467 -0.939037 -5.389179  0.233133 -0.373653 0.897793  0.054879 0.632717
0  0.829623 -0.982891 -5.423485  0.378112 -0.550060 0.744625  0.046064 0.629080
no_material
0  0.837788 -0.974976 -5.794405  0.453992 -0.484186 -0.747967  0.013534 0.591949
0  0.883263 -0.971387 -5.758937  0.629797 -0.503886 -0.591147  0.011444 0.599853
0  0.827780 -1.013682 -5.775424  0.411847 -0.669299 -0.618402  0.019002 0.594036
no_material
0  0.903606 -0.989339 -5.497185  0.675111 -0.569688 0.468701  0.033073 0.627461
0  0.813194 -1.020476 -5.459461  0.266244 -0.844519 0.464652  0.044441 0.622558
0  0.868391 -1.025287 -5.514449  0.459599 -0.838764 0.291965  0.035415 0.621364
no_material
0  0.625655 -0.982798 -5.422423  -0.411844 -0.551758 0.725222  0.066296 0.613455
0  0.585043 -1.025287 -5.514449  -0.418389 -0.832536 0.363091  0.061524 0.601202
0  0.651317 -1.019919 -5.453090  -0.204001 -0.841392 0.500443  0.059836 0.611600
no_material
0  0.549828 -0.989339 -5.497185  -0.698918 -0.573281 0.427624  0.067974 0.600182
0  0.564840 -1.031859 -5.589563  -0.470233 -0.875323 0.112652  0.058045 0.592788
0  0.585043 -1.025287 -5.514449  -0.418389 -0.832536 0.363091  0.061524 0.601202
no_material
0  0.549828 -1.007141 -5.700663  -0.675113 -0.642419 -0.362657  0.052225 0.580032
0  0.640240 -1.044356 -5.732404  -0.266239 -0.912379 -0.310936  0.040857 0.584934
0  0.585043 -1.039545 -5.677419  -0.459604 -0.876717 -0.141888  0.049882 0.586127
no_material
0  0.802117 -1.044913 -5.738775  0.203994 -0.915516 -0.346724  0.025462 0.595892
0  0.802859 -1.059644 -5.637679  0.178453 -0.983753 -0.019607  0.032783 0.605076
0  0.726717 -1.063475 -5.681473  -0.001906 -0.992640 -0.121087  0.036564 0.595866
no_material
0  0.726717 -1.046674 -5.758900  -0.041224 -0.901924 -0.429922  0.031008 0.588673
0  0.802117 -1.044913 -5.738775  0.203994 -0.915516 -0.346724  0.025462 0.595892
0  0.726717 -1.063475 -5.681473  -0.001906 -0.992640 -0.121087  0.036564 0.595866
no_material
0  0.651317 -1.019919 -5.453090  -0.204001 -0.841392 0.500443  0.059836 0.611600
0  0.650575 -1.051981 -5.550092  -0.178592 -0.965360 0.190225  0.052515 0.602415
0  0.726717 -1.048149 -5.506300  0.001944 -0.956486 0.291772  0.048734 0.611625
no_material
0  0.726717 -1.018158 -5.432964  0.041226 -0.813559 0.580020  0.054290 0.618820
0  0.651317 -1.019919 -5.453090  -0.204001 -0.841392 0.500443  0.059836 0.611600
0  0.726717 -1.048149 -5.506300  0.001944 -0.956486 0.291772  0.048734 0.611625
no_material
0  0.888594 -1.032974 -5.602305  0.470236 -0.881585 0.041049  0.027254 0.614703
0  0.802859 -1.051981 -5.550092  0.180401 -0.965691 0.186807  0.038868 0.612955
0  0.802859 -1.059644 -5.637679  0.178453 -0.983753 -0.019607  0.032783 0.605076
no_material
0  0.868391 -1.039545 -5.677419  0.418383 -0.882940 -0.213008  0.023775 0.606290
0  0.888594 -1.032974 -5.602305  0.470236 -0.881585 0.041049  0.027254 0.614703
0  0.802859 -1.059644 -5.637679  0.178453 -0.983753 -0.019607  0.032783 0.605076
no_material
0  0.564840 -1.031859 -5.589563  -0.470233 -0.875323 0.112652  0.058045 0.592788
0  0.650575 -1.059644 -5.637679  -0.180540 -0.983433 -0.016311  0.046429 0.594537
0  0.650575 -1.051981 -5.550092  -0.178592 -0.965360 0.190225  0.052515 0.602415
no_material
0  0.585043 -1.025287 -5.514449  -0.418389 -0.832536 0.363091  0.061524 0.601202
0  0.564840 -1.031859 -5.589563  -0.470233 -0.875323 0.112652  0.058045 0.592788
0  0.650575 -1.051981 -5.550092  -0.178592 -0.965360 0.190225  0.052515 0.602415
no_material
0  0.813194 -1.020476 -5.459461  0.266244 -0.844519 0.464652  0.044441 0.622558
0  0.726717 -1.048149 -5.506300  0.001944 -0.956486 0.291772  0.048734 0.611625
0  0.802859 -1.051981 -5.550092  0.180401 -0.965691 0.186807  0.038868 0.612955
no_material
0  0.640240 -1.044356 -5.732404  -0.266239 -0.912379 -0.310936  0.040857 0.584934
0  0.726717 -1.063475 -5.681473  -0.001906 -0.992640 -0.121087  0.036564 0.595866
0  0.650575 -1.059644 -5.637679  -0.180540 -0.983433 -0.016311  0.046429 0.594537
no_material
0  0.585043 -1.039545 -5.677419  -0.459604 -0.876717 -0.141888  0.049882 0.586127
0  0.640240 -1.044356 -5.732404  -0.266239 -0.912379 -0.310936  0.040857 0.584934
0  0.650575 -1.059644 -5.637679  -0.180540 -0.983433 -0.016311  0.046429 0.594537
no_material
0  0.522748 -0.998147 -5.597862  -0.789946 -0.612232 0.034018  0.062882 0.588123
0  0.585043 -1.039545 -5.677419  -0.459604 -0.876717 -0.141888  0.049882 0.586127
0  0.564840 -1.031859 -5.589563  -0.470233 -0.875323 0.112652  0.058045 0.592788
no_material
0  0.726717 -0.980438 -5.395446  -0.023803 -0.536907 0.843305  0.058398 0.623896
0  0.651317 -1.019919 -5.453090  -0.204001 -0.841392 0.500443  0.059836 0.611600
0  0.726717 -1.018158 -5.432964  0.041226 -0.813559 0.580020  0.054290 0.618820
no_material
0  0.615645 -0.941384 -5.410449  -0.453974 -0.347006 0.820667  0.071763 0.615543
0  0.570172 -0.944008 -5.446003  -0.629804 -0.393597 0.669648  0.073853 0.607639
0  0.625655 -0.982798 -5.422423  -0.411844 -0.551758 0.725222  0.066296 0.613455
no_material
0  0.504288 -0.958165 -5.602265  -0.908816 -0.415565 0.036852  0.067423 0.584431
0  0.512421 -0.962669 -5.659291  -0.862917 -0.468715 -0.188893  0.061623 0.578669
0  0.522748 -0.998147 -5.597862  -0.789946 -0.612232 0.034018  0.062882 0.588123
no_material
0  0.534062 -0.948514 -5.491619  -0.788291 -0.371323 0.490628  0.073749 0.599367
0  0.512528 -0.952700 -5.545025  -0.863577 -0.425942 0.269829  0.071606 0.591497
0  0.549828 -0.989339 -5.497185  -0.698918 -0.573281 0.427624  0.067974 0.600182
no_material
0  0.534062 -0.967903 -5.713233  -0.789397 -0.450706 -0.416793  0.054407 0.574623
0  0.569685 -0.971380 -5.758533  -0.632416 -0.501226 -0.590612  0.046520 0.572543
0  0.549828 -1.007141 -5.700663  -0.675113 -0.642419 -0.362657  0.052225 0.580032
no_material
0  0.668967 -0.976358 -5.815761  -0.233128 -0.523865 -0.819278  0.030418 0.574775
0  0.726717 -1.016042 -5.802402  0.023806 -0.675195 -0.737255  0.026900 0.583596
0  0.623811 -1.013589 -5.774363  -0.378105 -0.671011 -0.637794  0.039235 0.578411
no_material
0  0.919372 -0.967903 -5.713233  0.788293 -0.450872 -0.418698  0.011548 0.608125
0  0.940906 -0.962752 -5.659913  0.863579 -0.466327 -0.191754  0.013691 0.615995
0  0.903606 -1.007141 -5.700663  0.698919 -0.638825 -0.321581  0.017324 0.607310
no_material
0  0.919372 -0.948514 -5.491619  0.789397 -0.371490 0.488721  0.030891 0.632869
0  0.883749 -0.944072 -5.446401  0.632407 -0.391067 0.668676  0.038777 0.634949
0  0.903606 -0.989339 -5.497185  0.675111 -0.569688 0.468701  0.033073 0.627461
no_material
0  0.784467 -0.939037 -5.389179  0.233133 -0.373653 0.897793  0.054879 0.632717
0  0.726717 -0.980438 -5.395446  -0.023803 -0.536907 0.843305  0.058398 0.623896
0  0.829623 -0.982891 -5.423485  0.378112 -0.550060 0.744625  0.046064 0.629080
no_material
0  0.949146 -0.958194 -5.602592  0.908826 -0.415630 0.035861  0.017875 0.623062
0  0.941013 -0.952726 -5.545649  0.862924 -0.428783 0.267410  0.023675 0.628823
0  0.930686 -0.998333 -5.599982  0.789950 -0.608831 0.072822  0.022417 0.619370
no_material
0  0.783874 -0.976406 -5.815976  0.231175 -0.521383 -0.821412  0.017561 0.584793
0  0.827780 -1.013682 -5.775424  0.411847 -0.669299 -0.618402  0.019002 0.594036
0  0.726717 -1.016042 -5.802402  0.023806 -0.675195 -0.737255  0.026900 0.583596
no_material
0  0.615360 -0.974961 -5.794243  -0.454836 -0.484198 -0.747447  0.038309 0.572632
0  0.668967 -0.976358 -5.815761  -0.233128 -0.523865 -0.819278  0.030418 0.574775
0  0.623811 -1.013589 -5.774363  -0.378105 -0.671011 -0.637794  0.039235 0.578411
no_material
0  0.669560 -0.939046 -5.388958  -0.231164 -0.370857 0.899460  0.067737 0.622700
0  0.625655 -0.982798 -5.422423  -0.411844 -0.551758 0.725222  0.066296 0.613455
0  0.726717 -0.980438 -5.395446  -0.023803 -0.536907 0.843305  0.058398 0.623896
no_material
0  0.726539 -1.063960 -5.593174  -0.000227 -0.996195 0.087155  0.042665 0.603733
0  0.802859 -1.059644 -5.637679  0.178453 -0.983753 -0.019607  0.032783 0.605076
0  0.802859 -1.051981 -5.550092  0.180401 -0.965691 0.186807  0.038868 0.612955
no_material
0  0.726539 -1.063960 -5.593174  -0.000227 -0.996195 0.087155  0.042665 0.603733
0  0.726717 -1.048149 -5.506300  0.001944 -0.956486 0.291772  0.048734 0.611625
0  0.650575 -1.051981 -5.550092  -0.178592 -0.965360 0.190225  0.052515 0.602415
no_material
0  0.726539 -1.063960 -5.593174  -0.000227 -0.996195 0.087155  0.042665 0.603733
0  0.650575 -1.059644 -5.637679  -0.180540 -0.983433 -0.016311  0.046429 0.594537
0  0.726717 -1.063475 -5.681473  -0.001906 -0.992640 -0.121087  0.036564 0.595866
no_material
0  0.726539 -1.063960 -5.593174  -0.000227 -0.996195 0.087155  0.042665 0.603733
0  0.726717 -1.063475 -5.681473  -0.001906 -0.992640 -0.121087  0.036564 0.595866
0  0.802859 -1.059644 -5.637679  0.178453 -0.983753 -0.019607  0.032783 0.605076
no_material
0  0.726539 -1.063960 -5.593174  -0.000227 -0.996195 0.087155  0.042665 0.603733
0  0.802859 -1.051981 -5.550092  0.180401 -0.965691 0.186807  0.038868 0.612955
0  0.726717 -1.048149 -5.506300  0.001944 -0.956486 0.291772  0.048734 0.611625
no_material
0  0.726539 -1.063960 -5.593174  -0.000227 -0.996195 0.087155  0.042665 0.603733
0  0.650575 -1.051981 -5.550092  -0.178592 -0.965360 0.190225  0.052515 0.602415
0  0.650575 -1.059644 -5.637679  -0.180540 -0.983433 -0.016311  0.046429 0.594537
no_material
0  0.570172 -0.944008 -5.446003  -0.629804 -0.393597 0.669648  0.073853 0.607639
0  0.549828 -0.989339 -5.497185  -0.698918 -0.573281 0.427624  0.067974 0.600182
0  0.625655 -0.982798 -5.422423  -0.411844 -0.551758 0.725222  0.066296 0.613455
no_material
0  0.512528 -0.952700 -5.545025  -0.863577 -0.425942 0.269829  0.071606 0.591497
0  0.522748 -0.998147 -5.597862  -0.789946 -0.612232 0.034018  0.062882 0.588123
0  0.549828 -0.989339 -5.497185  -0.698918 -0.573281 0.427624  0.067974 0.600182
no_material
0  0.512421 -0.962669 -5.659291  -0.862917 -0.468715 -0.188893  0.061623 0.578669
0  0.549828 -1.007141 -5.700663  -0.675113 -0.642419 -0.362657  0.052225 0.580032
0  0.522748 -0.998147 -5.597862  -0.789946 -0.612232 0.034018  0.062882 0.588123
no_material
0  0.569685 -0.971380 -5.758533  -0.632416 -0.501226 -0.590612  0.046520 0.572543
0  0.623811 -1.013589 -5.774363  -0.378105 -0.671011 -0.637794  0.039235 0.578411
0  0.549828 -1.007141 -5.700663  -0.675113 -0.642419 -0.362657  0.052225 0.580032
no_material
0  0.883263 -0.971387 -5.758937  0.629797 -0.503886 -0.591147  0.011444 0.599853
0  0.903606 -1.007141 -5.700663  0.698919 -0.638825 -0.321581  0.017324 0.607310
0  0.827780 -1.013682 -5.775424  0.411847 -0.669299 -0.618402  0.019002 0.594036
no_material
0  0.940906 -0.962752 -5.659913  0.863579 -0.466327 -0.191754  0.013691 0.615995
0  0.930686 -0.998333 -5.599982  0.789950 -0.608831 0.072822  0.022417 0.619370
0  0.903606 -1.007141 -5.700663  0.698919 -0.638825 -0.321581  0.017324 0.607310
no_material
0  0.941013 -0.952726 -5.545649  0.862924 -0.428783 0.267410  0.023675 0.628823
0  0.903606 -0.989339 -5.497185  0.675111 -0.569688 0.468701  0.033073 0.627461
0  0.930686 -0.998333 -5.599982  0.789950 -0.608831 0.072822  0.022417 0.619370
no_material
0  0.883749 -0.944072 -5.446401  0.632407 -0.391067 0.668676  0.038777 0.634949
0  0.829623 -0.982891 -5.423485  0.378112 -0.550060 0.744625  0.046064 0.629080
0  0.903606 -0.989339 -5.497185  0.675111 -0.569688 0.468701  0.033073 0.627461
no_material
0  0.936688 -0.955919 -5.659095  0.809140 0.541006 -0.229357  0.012592 0.616503
0  0.949146 -0.958194 -5.602592  0.823793 0.560286 -0.086282  0.017875 0.623062
0  0.940906 -0.962752 -5.659913  0.791178 0.534512 -0.297210  0.013691 0.615995
no_material
0  0.782985 -0.969316 -5.812221  0.247487 0.487826 -0.837124  0.016571 0.584094
0  0.837788 -0.974976 -5.794405  0.379735 0.499735 -0.778503  0.013534 0.591949
0  0.783874 -0.976406 -5.815976  0.179520 0.485677 -0.855506  0.017561 0.584793
no_material
0  0.573015 -0.964413 -5.756183  -0.561668 0.503606 -0.656437  0.046629 0.571336
0  0.615360 -0.974961 -5.794243  -0.444004 0.502971 -0.741540  0.038309 0.572632
0  0.569685 -0.971380 -5.758533  -0.611681 0.507386 -0.606965  0.046520 0.572543
no_material
0  0.516747 -0.946114 -5.547014  -0.809144 0.572593 0.131996  0.072707 0.590987
0  0.504288 -0.958165 -5.602265  -0.823758 0.566807 -0.012380  0.067423 0.584431
0  0.512528 -0.952700 -5.545025  -0.791194 0.577982 0.199870  0.071606 0.591497
no_material
0  0.670449 -0.932717 -5.393888  -0.247507 0.625895 0.739592  0.068727 0.623397
0  0.615645 -0.941384 -5.410449  -0.379717 0.627387 0.679853  0.071763 0.615543
0  0.669560 -0.939046 -5.388958  -0.179496 0.626972 0.758081  0.067737 0.622700
no_material
0  0.880420 -0.937620 -5.449926  0.561615 0.609967 0.559043  0.038669 0.636157
0  0.838074 -0.941398 -5.410614  0.444097 0.623994 0.642969  0.046989 0.634858
0  0.883749 -0.944072 -5.446401  0.611642 0.605107 0.509646  0.038777 0.634949
no_material
0  0.782971 -0.932716 -5.393882  0.181904 0.624850 0.759258  0.055400 0.633805
0  0.726717 -0.938820 -5.380813  0.037511 0.634482 0.772027  0.061991 0.628490
0  0.784467 -0.939037 -5.389179  0.250254 0.622207 0.741776  0.054879 0.632717
no_material
0  0.936684 -0.946113 -5.547001  0.793119 0.575847 0.198401  0.022992 0.629817
0  0.919372 -0.948514 -5.491619  0.732771 0.595641 0.329027  0.030891 0.632869
0  0.941013 -0.952726 -5.545649  0.811990 0.568844 0.130723  0.023675 0.628823
no_material
0  0.880430 -0.964413 -5.756171  0.611164 0.505222 -0.609286  0.010241 0.599760
0  0.919372 -0.967903 -5.713233  0.695208 0.523819 -0.492239  0.011548 0.608125
0  0.883263 -0.971387 -5.758937  0.561691 0.499762 -0.659350  0.011444 0.599853
no_material
0  0.670463 -0.969317 -5.812227  -0.181939 0.483492 -0.856232  0.029898 0.573686
0  0.726717 -0.977597 -5.824039  -0.037533 0.490868 -0.870425  0.023306 0.579001
0  0.668967 -0.976358 -5.815761  -0.250301 0.483952 -0.838534  0.030418 0.574775
no_material
0  0.516751 -0.955921 -5.659108  -0.793095 0.532687 -0.295374  0.062305 0.577674
0  0.534062 -0.967903 -5.713233  -0.732700 0.529528 -0.427494  0.054407 0.574623
0  0.512421 -0.962669 -5.659291  -0.811968 0.537539 -0.227507  0.061623 0.578669
no_material
0  0.573004 -0.937621 -5.449938  -0.611197 0.603346 0.512261  0.075056 0.607732
0  0.534062 -0.948514 -5.491619  -0.695221 0.601324 0.393798  0.073749 0.599367
0  0.570172 -0.944008 -5.446003  -0.561735 0.606654 0.562517  0.073853 0.607639
no_material
0  0.914973 -0.960489 -5.711324  0.730971 0.532778 -0.426414  0.010241 0.608307
0  0.940906 -0.962752 -5.659913  0.791178 0.534512 -0.297210  0.013691 0.615995
0  0.919372 -0.967903 -5.713233  0.695208 0.523819 -0.492239  0.011548 0.608125
no_material
0  0.726724 -0.969962 -5.819602  0.037856 0.494281 -0.868478  0.022495 0.577960
0  0.783874 -0.976406 -5.815976  0.179520 0.485677 -0.855506  0.017561 0.584793
0  0.726717 -0.977597 -5.824039  -0.037533 0.490868 -0.870425  0.023306 0.579001
no_material
0  0.538468 -0.960490 -5.711336  -0.693104 0.527139 -0.491663  0.054903 0.573399
0  0.569685 -0.971380 -5.758533  -0.611681 0.507386 -0.606965  0.046520 0.572543
0  0.534062 -0.967903 -5.713233  -0.732700 0.529528 -0.427494  0.054407 0.574623
no_material
0  0.538461 -0.941544 -5.494786  -0.730964 0.598748 0.327404  0.075056 0.599184
0  0.512528 -0.952700 -5.545025  -0.791194 0.577982 0.199870  0.071606 0.591497
0  0.534062 -0.948514 -5.491619  -0.695221 0.601324 0.393798  0.073749 0.599367
no_material
0  0.726710 -0.932071 -5.386508  -0.037840 0.637501 0.769520  0.062803 0.629531
0  0.669560 -0.939046 -5.388958  -0.179496 0.626972 0.758081  0.067737 0.622700
0  0.726717 -0.938820 -5.380813  0.037511 0.634482 0.772027  0.061991 0.628490
no_material
0  0.914966 -0.941543 -5.494773  0.693144 0.604451 0.392671  0.030395 0.634092
0  0.883749 -0.944072 -5.446401  0.611642 0.605107 0.509646  0.038777 0.634949
0  0.919372 -0.948514 -5.491619  0.732771 0.595641 0.329027  0.030891 0.632869
no_material
0  0.835399 -0.934609 -5.415514  0.378686 0.628227 0.679653  0.047195 0.636154
0  0.784467 -0.939037 -5.389179  0.250254 0.622207 0.741776  0.054879 0.632717
0  0.838074 -0.941398 -5.410614  0.444097 0.623994 0.642969  0.046989 0.634858
no_material
0  0.944092 -0.951016 -5.603048  0.823053 0.567846 -0.011569  0.016854 0.623887
0  0.941013 -0.952726 -5.545649  0.811990 0.568844 0.130723  0.023675 0.628823
0  0.949146 -0.958194 -5.602592  0.823793 0.560286 -0.086282  0.017875 0.623062
no_material
0  0.835411 -0.967424 -5.790586  0.444405 0.504096 -0.740535  0.012309 0.591477
0  0.883263 -0.971387 -5.758937  0.561691 0.499762 -0.659350  0.011444 0.599853
0  0.837788 -0.974976 -5.794405  0.379735 0.499735 -0.778503  0.013534 0.591949
no_material
0  0.618036 -0.967424 -5.790596  -0.378635 0.500762 -0.778379  0.038103 0.571337
0  0.668967 -0.976358 -5.815761  -0.250301 0.483952 -0.838534  0.030418 0.574775
0  0.615360 -0.974961 -5.794243  -0.444004 0.502971 -0.741540  0.038309 0.572632
no_material
0  0.509342 -0.951017 -5.603061  -0.823021 0.561277 -0.087205  0.068443 0.583604
0  0.512421 -0.962669 -5.659291  -0.811968 0.537539 -0.227507  0.061623 0.578669
0  0.504288 -0.958165 -5.602265  -0.823758 0.566807 -0.012380  0.067423 0.584431
no_material
0  0.618023 -0.934610 -5.415523  -0.444348 0.625081 0.641739  0.072989 0.616012
0  0.570172 -0.944008 -5.446003  -0.561735 0.606654 0.562517  0.073853 0.607639
0  0.615645 -0.941384 -5.410449  -0.379717 0.627387 0.679853  0.071763 0.615543
no_material
0  0.726717 -1.016042 -5.802402  0.023806 -0.675195 -0.737255  0.026900 0.583596
0  0.827780 -1.013682 -5.775424  0.411847 -0.669299 -0.618402  0.019002 0.594036
0  0.802117 -1.044913 -5.738775  0.203994 -0.915516 -0.346724  0.025462 0.595892
no_material
0  0.903606 -1.007141 -5.700663  0.698919 -0.638825 -0.321581  0.017324 0.607310
0  0.930686 -0.998333 -5.599982  0.789950 -0.608831 0.072822  0.022417 0.619370
0  0.888594 -1.032974 -5.602305  0.470236 -0.881585 0.041049  0.027254 0.614703
no_material
0  0.623811 -1.013589 -5.774363  -0.378105 -0.671011 -0.637794  0.039235 0.578411
0  0.726717 -1.016042 -5.802402  0.023806 -0.675195 -0.737255  0.026900 0.583596
0  0.726717 -1.046674 -5.758900  -0.041224 -0.901924 -0.429922  0.031008 0.588673
no_material
0  0.930686 -0.998333 -5.599982  0.789950 -0.608831 0.072822  0.022417 0.619370
0  0.903606 -0.989339 -5.497185  0.675111 -0.569688 0.468701  0.033073 0.627461
0  0.868391 -1.025287 -5.514449  0.459599 -0.838764 0.291965  0.035415 0.621364
no_material
0  0.829623 -0.982891 -5.423485  0.378112 -0.550060 0.744625  0.046064 0.629080
0  0.726717 -0.980438 -5.395446  -0.023803 -0.536907 0.843305  0.058398 0.623896
0  0.726717 -1.018158 -5.432964  0.041226 -0.813559 0.580020  0.054290 0.618820
no_material
0  0.827780 -1.013682 -5.775424  0.411847 -0.669299 -0.618402  0.019002 0.594036
0  0.903606 -1.007141 -5.700663  0.698919 -0.638825 -0.321581  0.017324 0.607310
0  0.868391 -1.039545 -5.677419  0.418383 -0.882940 -0.213008  0.023775 0.606290
no_material
0  0.903606 -0.989339 -5.497185  0.675111 -0.569688 0.468701  0.033073 0.627461
0  0.829623 -0.982891 -5.423485  0.378112 -0.550060 0.744625  0.046064 0.629080
0  0.813194 -1.020476 -5.459461  0.266244 -0.844519 0.464652  0.044441 0.622558
no_material
0  0.625655 -0.982798 -5.422423  -0.411844 -0.551758 0.725222  0.066296 0.613455
0  0.549828 -0.989339 -5.497185  -0.698918 -0.573281 0.427624  0.067974 0.600182
0  0.585043 -1.025287 -5.514449  -0.418389 -0.832536 0.363091  0.061524 0.601202
no_material
0  0.549828 -0.989339 -5.497185  -0.698918 -0.573281 0.427624  0.067974 0.600182
0  0.522748 -0.998147 -5.597862  -0.789946 -0.612232 0.034018  0.062882 0.588123
0  0.564840 -1.031859 -5.589563  -0.470233 -0.875323 0.112652  0.058045 0.592788
no_material
0  0.549828 -1.007141 -5.700663  -0.675113 -0.642419 -0.362657  0.052225 0.580032
0  0.623811 -1.013589 -5.774363  -0.378105 -0.671011 -0.637794  0.039235 0.578411
0  0.640240 -1.044356 -5.732404  -0.266239 -0.912379 -0.310936  0.040857 0.584934
no_material
0  0.802117 -1.044913 -5.738775  0.203994 -0.915516 -0.346724  0.025462 0.595892
0  0.868391 -1.039545 -5.677419  0.418383 -0.882940 -0.213008  0.023775 0.606290
0  0.802859 -1.059644 -5.637679  0.178453 -0.983753 -0.019607  0.032783 0.605076
no_material
0  0.651317 -1.019919 -5.453090  -0.204001 -0.841392 0.500443  0.059836 0.611600
0  0.585043 -1.025287 -5.514449  -0.418389 -0.832536 0.363091  0.061524 0.601202
0  0.650575 -1.051981 -5.550092  -0.178592 -0.965360 0.190225  0.052515 0.602415
no_material
0  0.888594 -1.032974 -5.602305  0.470236 -0.881585 0.041049  0.027254 0.614703
0  0.868391 -1.025287 -5.514449  0.459599 -0.838764 0.291965  0.035415 0.621364
0  0.802859 -1.051981 -5.550092  0.180401 -0.965691 0.186807  0.038868 0.612955
no_material
0  0.564840 -1.031859 -5.589563  -0.470233 -0.875323 0.112652  0.058045 0.592788
0  0.585043 -1.039545 -5.677419  -0.459604 -0.876717 -0.141888  0.049882 0.586127
0  0.650575 -1.059644 -5.637679  -0.180540 -0.983433 -0.016311  0.046429 0.594537
no_material
0  0.813194 -1.020476 -5.459461  0.266244 -0.844519 0.464652  0.044441 0.622558
0  0.726717 -1.018158 -5.432964  0.041226 -0.813559 0.580020  0.054290 0.618820
0  0.726717 -1.048149 -5.506300  0.001944 -0.956486 0.291772  0.048734 0.611625
no_material
0  0.640240 -1.044356 -5.732404  -0.266239 -0.912379 -0.310936  0.040857 0.584934
0  0.726717 -1.046674 -5.758900  -0.041224 -0.901924 -0.429922  0.031008 0.588673
0  0.726717 -1.063475 -5.681473  -0.001906 -0.992640 -0.121087  0.036564 0.595866
no_material
0  0.522748 -0.998147 -5.597862  -0.789946 -0.612232 0.034018  0.062882 0.588123
0  0.549828 -1.007141 -5.700663  -0.675113 -0.642419 -0.362657  0.052225 0.580032
0  0.585043 -1.039545 -5.677419  -0.459604 -0.876717 -0.141888  0.049882 0.586127
no_material
0  0.726717 -0.980438 -5.395446  -0.023803 -0.536907 0.843305  0.058398 0.623896
0  0.625655 -0.982798 -5.422423  -0.411844 -0.551758 0.725222  0.066296 0.613455
0  0.651317 -1.019919 -5.453090  -0.204001 -0.841392 0.500443  0.059836 0.611600
no_material
0  0.668967 -0.976358 -5.815761  -0.233128 -0.523865 -0.819278  0.030418 0.574775
0  0.726717 -0.977597 -5.824039  -0.001095 -0.490466 -0.871460  0.023306 0.579001
0  0.726717 -1.016042 -5.802402  0.023806 -0.675195 -0.737255  0.026900 0.583596
no_material
0  0.784467 -0.939037 -5.389179  0.233133 -0.373653 0.897793  0.054879 0.632717
0  0.726717 -0.938820 -5.380813  0.001090 -0.331692 0.943387  0.061991 0.628490
0  0.726717 -0.980438 -5.395446  -0.023803 -0.536907 0.843305  0.058398 0.623896
no_material
0  0.783874 -0.976406 -5.815976  0.231175 -0.521383 -0.821412  0.017561 0.584793
0  0.837788 -0.974976 -5.794405  0.453992 -0.484186 -0.747967  0.013534 0.591949
0  0.827780 -1.013682 -5.775424  0.411847 -0.669299 -0.618402  0.019002 0.594036
no_material
0  0.669560 -0.939046 -5.388958  -0.231164 -0.370857 0.899460  0.067737 0.622700
0  0.615645 -0.941384 -5.410449  -0.453974 -0.347006 0.820667  0.071763 0.615543
0  0.625655 -0.982798 -5.422423  -0.411844 -0.551758 0.725222  0.066296 0.613455
no_material
0  0.570172 -0.944008 -5.446003  -0.629804 -0.393597 0.669648  0.073853 0.607639
0  0.534062 -0.948514 -5.491619  -0.788291 -0.371323 0.490628  0.073749 0.599367
0  0.549828 -0.989339 -5.497185  -0.698918 -0.573281 0.427624  0.067974 0.600182
no_material
0  0.512528 -0.952700 -5.545025  -0.863577 -0.425942 0.269829  0.071606 0.591497
0  0.504288 -0.958165 -5.602265  -0.908816 -0.415565 0.036852  0.067423 0.584431
0  0.522748 -0.998147 -5.597862  -0.789946 -0.612232 0.034018  0.062882 0.588123
no_material
0  0.512421 -0.962669 -5.659291  -0.862917 -0.468715 -0.188893  0.061623 0.578669
0  0.534062 -0.967903 -5.713233  -0.789397 -0.450706 -0.416793  0.054407 0.574623
0  0.549828 -1.007141 -5.700663  -0.675113 -0.642419 -0.362657  0.052225 0.580032
no_material
0  0.569685 -0.971380 -5.758533  -0.632416 -0.501226 -0.590612  0.046520 0.572543
0  0.615360 -0.974961 -5.794243  -0.454836 -0.484198 -0.747447  0.038309 0.572632
0  0.623811 -1.013589 -5.774363  -0.378105 -0.671011 -0.637794  0.039235 0.578411
no_material
0  0.883263 -0.971387 -5.758937  0.629797 -0.503886 -0.591147  0.011444 0.599853
0  0.919372 -0.967903 -5.713233  0.788293 -0.450872 -0.418698  0.011548 0.608125
0  0.903606 -1.007141 -5.700663  0.698919 -0.638825 -0.321581  0.017324 0.607310
no_material
0  0.940906 -0.962752 -5.659913  0.863579 -0.466327 -0.191754  0.013691 0.615995
0  0.949146 -0.958194 -5.602592  0.908826 -0.415630 0.035861  0.017875 0.623062
0  0.930686 -0.998333 -5.599982  0.789950 -0.608831 0.072822  0.022417 0.619370
no_material
0  0.941013 -0.952726 -5.545649  0.862924 -0.428783 0.267410  0.023675 0.628823
0  0.919372 -0.948514 -5.491619  0.789397 -0.371490 0.488721  0.030891 0.632869
0  0.903606 -0.989339 -5.497185  0.675111 -0.569688 0.468701  0.033073 0.627461
no_material
0  0.883749 -0.944072 -5.446401  0.632407 -0.391067 0.668676  0.038777 0.634949
0  0.838074 -0.941398 -5.410614  0.454837 -0.347054 0.820169  0.046989 0.634858
0  0.829623 -0.982891 -5.423485  0.378112 -0.550060 0.744625  0.046064 0.629080
no_material
0  0.936688 -0.955919 -5.659095  0.809140 0.541006 -0.229357  0.012592 0.616503
0  0.944092 -0.951016 -5.603048  0.823053 0.567846 -0.011569  0.016854 0.623887
0  0.949146 -0.958194 -5.602592  0.823793 0.560286 -0.086282  0.017875 0.623062
no_material
0  0.782985 -0.969316 -5.812221  0.247487 0.487826 -0.837124  0.016571 0.584094
0  0.835411 -0.967424 -5.790586  0.444405 0.504096 -0.740535  0.012309 0.591477
0  0.837788 -0.974976 -5.794405  0.379735 0.499735 -0.778503  0.013534 0.591949
no_material
0  0.573015 -0.964413 -5.756183  -0.561668 0.503606 -0.656437  0.046629 0.571336
0  0.618036 -0.967424 -5.790596  -0.378635 0.500762 -0.778379  0.038103 0.571337
0  0.615360 -0.974961 -5.794243  -0.444004 0.502971 -0.741540  0.038309 0.572632
no_material
0  0.516747 -0.946114 -5.547014  -0.809144 0.572593 0.131996  0.072707 0.590987
0  0.509342 -0.951017 -5.603061  -0.823021 0.561277 -0.087205  0.068443 0.583604
0  0.504288 -0.958165 -5.602265  -0.823758 0.566807 -0.012380  0.067423 0.584431
no_material
0  0.670449 -0.932717 -5.393888  -0.247507 0.625895 0.739592  0.068727 0.623397
0  0.618023 -0.934610 -5.415523  -0.444348 0.625081 0.641739  0.072989 0.616012
0  0.615645 -0.941384 -5.410449  -0.379717 0.627387 0.679853  0.071763 0.615543
no_material
0  0.880420 -0.937620 -5.449926  0.561615 0.609967 0.559043  0.038669 0.636157
0  0.835399 -0.934609 -5.415514  0.378686 0.628227 0.679653  0.047195 0.636154
0  0.838074 -0.941398 -5.410614  0.444097 0.623994 0.642969  0.046989 0.634858
no_material
0  0.782971 -0.932716 -5.393882  0.181904 0.624850 0.759258  0.055400 0.633805
0  0.726710 -0.932071 -5.386508  -0.037840 0.637501 0.769520  0.062803 0.629531
0  0.726717 -0.938820 -5.380813  0.037511 0.634482 0.772027  0.061991 0.628490
no_material
0  0.936684 -0.946113 -5.547001  0.793119 0.575847 0.198401  0.022992 0.629817
0  0.914966 -0.941543 -5.494773  0.693144 0.604451 0.392671  0.030395 0.634092
0  0.919372 -0.948514 -5.491619  0.732771 0.595641 0.329027  0.030891 0.632869
no_material
0  0.880430 -0.964413 -5.756171  0.611164 0.505222 -0.609286  0.010241 0.599760
0  0.914973 -0.960489 -5.711324  0.730971 0.532778 -0.426414  0.010241 0.608307
0  0.919372 -0.967903 -5.713233  0.695208 0.523819 -0.492239  0.011548 0.608125
no_material
0  0.670463 -0.969317 -5.812227  -0.181939 0.483492 -0.856232  0.029898 0.573686
0  0.726724 -0.969962 -5.819602  0.037856 0.494281 -0.868478  0.022495 0.577960
0  0.726717 -0.977597 -5.824039  -0.037533 0.490868 -0.870425  0.023306 0.579001
no_material
0  0.516751 -0.955921 -5.659108  -0.793095 0.532687 -0.295374  0.062305 0.577674
0  0.538468 -0.960490 -5.711336  -0.693104 0.527139 -0.491663  0.054903 0.573399
0  0.534062 -0.967903 -5.713233  -0.732700 0.529528 -0.427494  0.054407 0.574623
no_material
0  0.573004 -0.937621 -5.449938  -0.611197 0.603346 0.512261  0.075056 0.607732
0  0.538461 -0.941544 -5.494786  -0.730964 0.598748 0.327404  0.075056 0.599184
0  0.534062 -0.948514 -5.491619  -0.695221 0.601324 0.393798  0.073749 0.599367
no_material
0  0.914973 -0.960489 -5.711324  0.730971 0.532778 -0.426414  0.010241 0.608307
0  0.936688 -0.955919 -5.659095  0.809140 0.541006 -0.229357  0.012592 0.616503
0  0.940906 -0.962752 -5.659913  0.791178 0.534512 -0.297210  0.013691 0.615995
no_material
0  0.726724 -0.969962 -5.819602  0.037856 0.494281 -0.868478  0.022495 0.577960
0  0.782985 -0.969316 -5.812221  0.247487 0.487826 -0.837124  0.016571 0.584094
0  0.783874 -0.976406 -5.815976  0.179520 0.485677 -0.855506  0.017561 0.584793
no_material
0  0.538468 -0.960490 -5.711336  -0.693104 0.527139 -0.491663  0.054903 0.573399
0  0.573015 -0.964413 -5.756183  -0.561668 0.503606 -0.656437  0.046629 0.571336
0  0.569685 -0.971380 -5.758533  -0.611681 0.507386 -0.606965  0.046520 0.572543
no_material
0  0.538461 -0.941544 -5.494786  -0.730964 0.598748 0.327404  0.075056 0.599184
0  0.516747 -0.946114 -5.547014  -0.809144 0.572593 0.131996  0.072707 0.590987
0  0.512528 -0.952700 -5.545025  -0.791194 0.577982 0.199870  0.071606 0.591497
no_material
0  0.726710 -0.932071 -5.386508  -0.037840 0.637501 0.769520  0.062803 0.629531
0  0.670449 -0.932717 -5.393888  -0.247507 0.625895 0.739592  0.068727 0.623397
0  0.669560 -0.939046 -5.388958  -0.179496 0.626972 0.758081  0.067737 0.622700
no_material
0  0.914966 -0.941543 -5.494773  0.693144 0.604451 0.392671  0.030395 0.634092
0  0.880420 -0.937620 -5.449926  0.561615 0.609967 0.559043  0.038669 0.636157
0  0.883749 -0.944072 -5.446401  0.611642 0.605107 0.509646  0.038777 0.634949
no_material
0  0.835399 -0.934609 -5.415514  0.378686 0.628227 0.679653  0.047195 0.636154
0  0.782971 -0.932716 -5.393882  0.181904 0.624850 0.759258  0.055400 0.633805
0  0.784467 -0.939037 -5.389179  0.250254 0.622207 0.741776  0.054879 0.632717
no_material
0  0.944092 -0.951016 -5.603048  0.823053 0.567846 -0.011569  0.016854 0.623887
0  0.936684 -0.946113 -5.547001  0.793119 0.575847 0.198401  0.022992 0.629817
0  0.941013 -0.952726 -5.545649  0.811990 0.568844 0.130723  0.023675 0.628823
no_material
0  0.835411 -0.967424 -5.790586  0.444405 0.504096 -0.740535  0.012309 0.591477
0  0.880430 -0.964413 -5.756171  0.611164 0.505222 -0.609286  0.010241 0.599760
0  0.883263 -0.971387 -5.758937  0.561691 0.499762 -0.659350  0.011444 0.599853
no_material
0  0.618036 -0.967424 -5.790596  -0.378635 0.500762 -0.778379  0.038103 0.571337
0  0.670463 -0.969317 -5.812227  -0.181939 0.483492 -0.856232  0.029898 0.573686
0  0.668967 -0.976358 -5.815761  -0.250301 0.483952 -0.838534  0.030418 0.574775
no_material
0  0.509342 -0.951017 -5.603061  -0.823021 0.561277 -0.087205  0.068443 0.583604
0  0.516751 -0.955921 -5.659108  -0.793095 0.532687 -0.295374  0.062305 0.577674
0  0.512421 -0.962669 -5.659291  -0.811968 0.537539 -0.227507  0.061623 0.578669
no_material
0  0.618023 -0.934610 -5.415523  -0.444348 0.625081 0.641739  0.072989 0.616012
0  0.573004 -0.937621 -5.449938  -0.611197 0.603346 0.512261  0.075056 0.607732
0  0.570172 -0.944008 -5.446003  -0.561735 0.606654 0.562517  0.073853 0.607639
no_material
0  0.110120 -0.507554 -5.300415  -0.995563 0.000000 0.094100  0.108664 0.370248
0  0.110120 -0.864516 -7.638710  -0.995563 0.000000 -0.094102  0.087192 0.522926
0  0.110120 -0.864516 -5.300415  -0.995563 0.000000 0.094101  0.087192 0.370248
no_material
0  0.110120 -0.507555 -7.638710  -0.995563 0.000000 -0.094100  0.108664 0.522926
0  0.126595 -0.864516 -7.725079  -0.926861 0.000000 -0.375405  0.087229 0.528667
0  0.110120 -0.864516 -7.638710  -0.995563 0.000000 -0.094102  0.087192 0.522926
no_material
0  0.126595 -0.507555 -7.725079  -0.926861 0.000000 -0.375404  0.108664 0.528667
0  0.178843 -0.864516 -7.804621  -0.707112 0.000000 -0.707102  0.087233 0.534881
0  0.126595 -0.864516 -7.725079  -0.926861 0.000000 -0.375405  0.087229 0.528667
no_material
0  0.178843 -0.507555 -7.804621  -0.707105 0.000000 -0.707109  0.108664 0.534881
0  0.258386 -0.864516 -7.856870  -0.375399 0.000000 -0.926863  0.087229 0.541095
0  0.178843 -0.864516 -7.804621  -0.707112 0.000000 -0.707102  0.087233 0.534881
no_material
0  0.258386 -0.507555 -7.856870  -0.375390 0.000000 -0.926867  0.108664 0.541095
0  0.344753 -0.864516 -7.873342  -0.094090 0.000000 -0.995564  0.087192 0.546836
0  0.258386 -0.864516 -7.856870  -0.375399 0.000000 -0.926863  0.087229 0.541095
no_material
0  0.344753 -0.507555 -7.873342  -0.094090 0.000000 -0.995564  0.108664 0.546836
0  1.078730 -0.864516 -7.873342  0.094090 0.000000 -0.995564  0.087192 0.594761
0  0.344753 -0.864516 -7.873342  -0.094090 0.000000 -0.995564  0.087192 0.546836
no_material
0  1.078730 -0.507555 -7.873342  0.094090 0.000000 -0.995564  0.010120 0.646500
0  1.165097 -0.864516 -7.856870  0.375390 0.000000 -0.926867  0.012854 0.656710
0  1.078730 -0.864516 -7.873342  0.094090 0.000000 -0.995564  0.010120 0.656727
no_material
0  1.165097 -0.507555 -7.856870  0.375399 0.000000 -0.926863  0.012854 0.646500
0  1.244640 -0.864516 -7.804621  0.707105 0.000000 -0.707108  0.015814 0.656708
0  1.165097 -0.864516 -7.856870  0.375390 0.000000 -0.926867  0.012854 0.656710
no_material
0  1.244640 -0.507555 -7.804621  0.707112 0.000000 -0.707101  0.015814 0.646500
0  1.296888 -0.864516 -7.725079  0.926863 0.000000 -0.375399  0.018774 0.656710
0  1.244640 -0.864516 -7.804621  0.707105 0.000000 -0.707108  0.015814 0.656708
no_material
0  1.296888 -0.507555 -7.725079  0.926863 0.000000 -0.375401  0.018774 0.646500
0  1.313361 -0.864516 -7.638710  0.995563 0.000000 -0.094096  0.021508 0.656727
0  1.296888 -0.864516 -7.725079  0.926863 0.000000 -0.375399  0.018774 0.656710
no_material
0  1.313361 -0.507555 -7.638710  0.995563 0.000000 -0.094097  0.021508 0.646500
0  1.313361 -0.864516 -5.300415  0.995563 0.000000 0.094096  0.094231 0.656727
0  1.313361 -0.864516 -7.638710  0.995563 0.000000 -0.094096  0.021508 0.656727
no_material
0  1.313361 -0.507554 -5.300415  0.995563 0.000000 0.094097  0.094231 0.646500
0  1.296888 -0.864516 -5.214046  0.926863 0.000000 0.375399  0.096965 0.656710
0  1.313361 -0.864516 -5.300415  0.995563 0.000000 0.094096  0.094231 0.656727
no_material
0  1.296888 -0.507554 -5.214046  0.926863 0.000000 0.375400  0.096965 0.646500
0  1.244640 -0.864516 -5.134504  0.707111 0.000000 0.707103  0.099925 0.656708
0  1.296888 -0.864516 -5.214046  0.926863 0.000000 0.375399  0.096965 0.656710
no_material
0  1.244640 -0.507554 -5.134504  0.707108 0.000000 0.707105  0.099925 0.646500
0  1.165097 -0.864516 -5.082255  0.375412 0.000000 0.926858  0.102885 0.656710
0  1.244640 -0.864516 -5.134504  0.707111 0.000000 0.707103  0.099925 0.656708
no_material
0  1.165097 -0.507554 -5.082255  0.375412 0.000000 0.926858  0.102885 0.646500
0  1.078730 -0.864516 -5.065780  0.094105 0.000000 0.995562  0.105619 0.656727
0  1.165097 -0.864516 -5.082255  0.375412 0.000000 0.926858  0.102885 0.656710
no_material
0  1.078730 -0.507554 -5.065780  0.094108 0.000000 0.995562  0.105619 0.646500
0  0.344753 -0.864516 -5.065780  -0.094108 0.000000 0.995562  0.128446 0.656727
0  1.078730 -0.864516 -5.065780  0.094105 0.000000 0.995562  0.105619 0.656727
no_material
0  0.344753 -0.507554 -5.065780  -0.094105 0.000000 0.995562  0.108664 0.346338
0  0.258386 -0.864516 -5.082255  -0.375411 0.000000 0.926859  0.087229 0.352079
0  0.344753 -0.864516 -5.065780  -0.094108 0.000000 0.995562  0.087192 0.346338
no_material
0  0.258386 -0.507554 -5.082255  -0.375413 0.000000 0.926858  0.108664 0.352079
0  0.178843 -0.864516 -5.134504  -0.707108 0.000000 0.707106  0.087233 0.358293
0  0.258386 -0.864516 -5.082255  -0.375411 0.000000 0.926859  0.087229 0.352079
no_material
0  0.178843 -0.507554 -5.134504  -0.707112 0.000000 0.707102  0.108664 0.358293
0  0.126595 -0.864516 -5.214046  -0.926861 0.000000 0.375404  0.087229 0.364507
0  0.178843 -0.864516 -5.134504  -0.707108 0.000000 0.707106  0.087233 0.358293
no_material
0  0.126595 -0.507554 -5.214046  -0.926861 0.000000 0.375404  0.108664 0.364507
0  0.110120 -0.864516 -5.300415  -0.995563 0.000000 0.094101  0.087192 0.370248
0  0.126595 -0.864516 -5.214046  -0.926861 0.000000 0.375404  0.087229 0.364507
no_material
0  0.301030 -0.932700 -6.404511  -0.987688 0.000000 0.156434  0.971400 0.990958
0  0.301030 -1.228130 -6.534614  -0.987664 0.001158 -0.156583  0.966677 0.978121
0  0.301030 -1.228130 -6.404511  -0.987680 -0.001322 0.156485  0.971400 0.978121
no_material
0  0.301030 -0.932700 -6.534614  -0.987688 0.000000 -0.156436  0.966677 0.990958
0  0.341233 -1.228130 -6.658345  -0.890908 0.003181 -0.454173  0.961952 0.978121
0  0.301030 -1.228130 -6.534614  -0.987664 0.001158 -0.156583  0.966677 0.978121
no_material
0  0.341233 -0.932700 -6.658345  -0.891007 0.000000 -0.453990  0.961952 0.990958
0  0.417704 -1.228130 -6.763599  -0.707120 0.004595 -0.707079  0.957229 0.978121
0  0.341233 -1.228130 -6.658345  -0.890908 0.003181 -0.454173  0.961952 0.978121
no_material
0  0.417704 -0.932700 -6.763599  -0.707110 0.000000 -0.707104  0.957229 0.990958
0  0.522958 -1.228130 -6.840072  -0.453651 0.005502 -0.891162  0.952505 0.978121
0  0.417704 -1.228130 -6.763599  -0.707120 0.004595 -0.707079  0.957229 0.978121
no_material
0  0.522958 -0.932700 -6.840072  -0.453990 0.000000 -0.891007  0.952505 0.990958
0  0.646691 -1.228130 -6.880274  -0.156523 0.005806 -0.987657  0.947781 0.978121
0  0.522958 -1.228130 -6.840072  -0.453651 0.005502 -0.891162  0.952505 0.978121
no_material
0  0.646691 -0.932700 -6.880274  -0.156432 0.000000 -0.987689  0.947781 0.990958
0  0.776792 -1.228130 -6.880274  0.156458 0.005872 -0.987667  0.943058 0.978121
0  0.646691 -1.228130 -6.880274  -0.156523 0.005806 -0.987657  0.947781 0.978121
no_material
0  0.776792 -0.932700 -6.880274  0.156436 0.000000 -0.987688  0.943058 0.990958
0  0.900525 -1.228130 -6.840072  0.454146 0.005553 -0.890910  0.938334 0.978121
0  0.776792 -1.228130 -6.880274  0.156458 0.005872 -0.987667  0.943058 0.978121
no_material
0  0.900525 -0.932700 -6.840072  0.453995 0.000000 -0.891004  0.938334 0.990958
0  1.005779 -1.228130 -6.763599  0.707367 0.004722 -0.706831  0.933610 0.978121
0  0.900525 -1.228130 -6.840072  0.454146 0.005553 -0.890910  0.938334 0.978121
no_material
0  1.005779 -0.932700 -6.763599  0.707110 0.000000 -0.707103  0.933610 0.990958
0  1.082250 -1.228130 -6.658345  0.890952 0.003140 -0.454087  0.928887 0.978121
0  1.005779 -1.228130 -6.763599  0.707367 0.004722 -0.706831  0.933610 0.978121
no_material
0  1.082250 -0.932700 -6.658345  0.891007 0.000000 -0.453990  0.928887 0.990958
0  1.122453 -1.228130 -6.534614  0.987688 0.001140 -0.156434  0.924164 0.978121
0  1.082250 -1.228130 -6.658345  0.890952 0.003140 -0.454087  0.928887 0.978121
no_material
0  1.122453 -0.932700 -6.534614  0.987688 0.000000 -0.156436  0.924164 0.990958
0  1.122453 -1.228130 -6.404511  0.987665 -0.001327 0.156577  0.919439 0.978121
0  1.122453 -1.228130 -6.534614  0.987688 0.001140 -0.156434  0.924164 0.978121
no_material
0  1.122453 -0.932700 -6.404511  0.987689 0.000000 0.156432  0.919439 0.990958
0  1.082250 -1.228130 -6.280777  0.890894 -0.003963 0.454195  0.914715 0.978121
0  1.122453 -1.228130 -6.404511  0.987665 -0.001327 0.156577  0.919439 0.978121
no_material
0  1.082250 -0.932700 -6.280777  0.891006 0.000000 0.453991  0.914715 0.990958
0  1.005779 -1.228130 -6.175526  0.707026 -0.006418 0.707158  0.909992 0.978121
0  1.082250 -1.228130 -6.280777  0.890894 -0.003963 0.454195  0.914715 0.978121
no_material
0  1.005779 -0.932700 -6.175526  0.707106 0.000000 0.707107  0.909992 0.990958
0  0.900525 -1.228130 -6.099053  0.453567 -0.008343 0.891183  0.905269 0.978121
0  1.005779 -1.228130 -6.175526  0.707026 -0.006418 0.707158  0.909992 0.978121
no_material
0  0.900525 -0.932700 -6.099053  0.453990 0.000000 0.891007  0.905269 0.990958
0  0.776792 -1.228130 -6.058851  0.156277 -0.009324 0.987669  0.900545 0.978121
0  0.900525 -1.228130 -6.099053  0.453567 -0.008343 0.891183  0.905269 0.978121
no_material
0  0.776792 -0.932700 -6.058851  0.156432 0.000000 0.987689  0.995019 0.990958
0  0.646691 -1.228130 -6.058851  -0.156245 -0.009284 0.987675  0.990295 0.978121
0  0.776792 -1.228130 -6.058851  0.156277 -0.009324 0.987669  0.995019 0.978121
no_material
0  0.646691 -0.932700 -6.058851  -0.156430 0.000000 0.987689  0.990295 0.990958
0  0.522958 -1.228130 -6.099053  -0.453548 -0.008235 0.891194  0.985571 0.978121
0  0.646691 -1.228130 -6.058851  -0.156245 -0.009284 0.987675  0.990295 0.978121
no_material
0  0.522958 -0.932700 -6.099053  -0.453989 0.000000 0.891007  0.985571 0.990958
0  0.417704 -1.228130 -6.175526  -0.707023 -0.006410 0.707161  0.980847 0.978121
0  0.522958 -1.228130 -6.099053  -0.453548 -0.008235 0.891194  0.985571 0.978121
no_material
0  0.417704 -0.932700 -6.175526  -0.707109 0.000000 0.707105  0.980847 0.990958
0  0.341233 -1.228130 -6.280777  -0.890789 -0.003955 0.454399  0.976124 0.978121
0  0.417704 -1.228130 -6.175526  -0.707023 -0.006410 0.707161  0.980847 0.978121
no_material
0  0.341233 -0.932700 -6.280777  -0.891006 0.000000 0.453991  0.976124 0.990958
0  0.301030 -1.228130 -6.404511  -0.987680 -0.001322 0.156485  0.971400 0.978121
0  0.341233 -1.228130 -6.280777  -0.890789 -0.003955 0.454399  0.976124 0.978121
no_material
0  0.301030 -2.483171 -7.495778  -0.987649 -0.155568 0.018644  0.971400 0.901958
0  0.301030 -2.354400 -7.671144  -0.987664 0.156589 -0.000512  0.966677 0.894474
0  0.301030 -2.484500 -7.671144  -0.987626 -0.156824 0.000622  0.971400 0.894474
no_material
0  0.301030 -2.353221 -7.502042  -0.987644 0.155613 -0.018556  0.966677 0.901958
0  0.341233 -2.230667 -7.671144  -0.891122 0.453761 -0.001468  0.961952 0.894474
0  0.301030 -2.354400 -7.671144  -0.987664 0.156589 -0.000512  0.966677 0.894474
no_material
0  0.341233 -2.229632 -7.507999  -0.890672 0.451466 -0.053682  0.961952 0.901958
0  0.417704 -2.125413 -7.671144  -0.706972 0.707239 -0.002049  0.957229 0.894474
0  0.341233 -2.230667 -7.671144  -0.891122 0.453761 -0.001468  0.961952 0.894474
no_material
0  0.417704 -2.124500 -7.513067  -0.706462 0.702841 -0.083228  0.957229 0.901958
0  0.522958 -2.048942 -7.671144  -0.454056 0.890970 -0.002430  0.952505 0.894474
0  0.417704 -2.125413 -7.671144  -0.706972 0.707239 -0.002049  0.957229 0.894474
no_material
0  0.522958 -2.048117 -7.516748  -0.453363 0.885187 -0.104432  0.952505 0.901958
0  0.646691 -2.008738 -7.671144  -0.156445 0.987683 -0.002552  0.947781 0.894474
0  0.522958 -2.048942 -7.671144  -0.454056 0.890970 -0.002430  0.952505 0.894474
no_material
0  0.646691 -2.007961 -7.518682  -0.156225 0.980945 -0.115501  0.947781 0.901958
0  0.776792 -2.008738 -7.671144  0.156475 0.987679 -0.002519  0.943058 0.894474
0  0.646691 -2.008738 -7.671144  -0.156445 0.987683 -0.002552  0.947781 0.894474
no_material
0  0.776792 -2.007961 -7.518682  0.156262 0.980938 -0.115515  0.943058 0.901958
0  0.900525 -2.048942 -7.671144  0.454071 0.890963 -0.002348  0.938334 0.894474
0  0.776792 -2.008738 -7.671144  0.156475 0.987679 -0.002519  0.943058 0.894474
no_material
0  0.900525 -2.048117 -7.516748  0.453337 0.885200 -0.104430  0.938334 0.901958
0  1.005779 -2.125413 -7.671144  0.707216 0.706994 -0.001993  0.933610 0.894474
0  0.900525 -2.048942 -7.671144  0.454071 0.890963 -0.002348  0.938334 0.894474
no_material
0  1.005779 -2.124500 -7.513067  0.706453 0.702850 -0.083229  0.933610 0.901958
0  1.082250 -2.230667 -7.671144  0.891114 0.453777 -0.001392  0.928887 0.894474
0  1.005779 -2.125413 -7.671144  0.707216 0.706994 -0.001993  0.933610 0.894474
no_material
0  1.082250 -2.229632 -7.507999  0.890680 0.451450 -0.053681  0.928887 0.901958
0  1.122453 -2.354400 -7.671144  0.987738 0.156121 -0.000515  0.924164 0.894474
0  1.082250 -2.230667 -7.671144  0.891114 0.453777 -0.001392  0.928887 0.894474
no_material
0  1.122453 -2.353221 -7.502042  0.987639 0.155641 -0.018563  0.924164 0.901958
0  1.122453 -2.484500 -7.671144  0.987685 -0.156455 0.000612  0.919439 0.894474
0  1.122453 -2.354400 -7.671144  0.987738 0.156121 -0.000515  0.924164 0.894474
no_material
0  1.122453 -2.483171 -7.495778  0.987636 -0.155651 0.018660  0.919439 0.901958
0  1.082250 -2.608234 -7.671144  0.890832 -0.454329 0.001821  0.914715 0.894474
0  1.122453 -2.484500 -7.671144  0.987685 -0.156455 0.000612  0.919439 0.894474
no_material
0  1.082250 -2.606761 -7.489823  0.890631 -0.451495 0.054123  0.914715 0.901958
0  1.005779 -2.713487 -7.671144  0.706866 -0.707341 0.002987  0.909992 0.894474
0  1.082250 -2.608234 -7.671144  0.890832 -0.454329 0.001821  0.914715 0.894474
no_material
0  1.005779 -2.711892 -7.484756  0.706431 -0.702755 0.084207  0.909992 0.901958
0  0.900525 -2.789958 -7.671144  0.453780 -0.891105 0.003907  0.905269 0.894474
0  1.005779 -2.713487 -7.671144  0.706866 -0.707341 0.002987  0.909992 0.894474
no_material
0  0.900525 -2.788275 -7.481075  0.453303 -0.885036 0.105962  0.905269 0.901958
0  0.776792 -2.830162 -7.671144  0.156345 -0.987693 0.004425  0.900545 0.894474
0  0.900525 -2.789958 -7.671144  0.453780 -0.891105 0.003907  0.905269 0.894474
no_material
0  0.776792 -2.828432 -7.479137  0.156046 -0.980759 0.117311  0.995019 0.901958
0  0.646691 -2.830162 -7.671144  -0.156365 -0.987689 0.004448  0.990295 0.894474
0  0.776792 -2.830162 -7.671144  0.156345 -0.987693 0.004425  0.995019 0.894474
no_material
0  0.646691 -2.828432 -7.479137  -0.156152 -0.980737 0.117354  0.990295 0.901958
0  0.522958 -2.789958 -7.671144  -0.453791 -0.891099 0.003968  0.985571 0.894474
0  0.646691 -2.830162 -7.671144  -0.156365 -0.987689 0.004448  0.990295 0.894474
no_material
0  0.522958 -2.788275 -7.481075  -0.453314 -0.885030 0.105963  0.985571 0.901958
0  0.417704 -2.713487 -7.671144  -0.706867 -0.707340 0.003064  0.980847 0.894474
0  0.522958 -2.789958 -7.671144  -0.453791 -0.891099 0.003968  0.985571 0.894474
no_material
0  0.417704 -2.711892 -7.484756  -0.706400 -0.702785 0.084211  0.980847 0.901958
0  0.341233 -2.608234 -7.671144  -0.890985 -0.454029 0.001862  0.976124 0.894474
0  0.417704 -2.713487 -7.671144  -0.706867 -0.707340 0.003064  0.980847 0.894474
no_material
0  0.341233 -2.606761 -7.489823  -0.890653 -0.451451 0.054115  0.976124 0.901958
0  0.301030 -2.484500 -7.671144  -0.987626 -0.156824 0.000622  0.971400 0.894474
0  0.341233 -2.608234 -7.671144  -0.890985 -0.454029 0.001862  0.976124 0.894474
no_material
0  0.301030 -2.484500 -7.671144  -0.987626 -0.156824 0.000622  0.971400 0.894474
0  0.301030 -2.354400 -10.837883  -0.987688 0.156434 0.000000  0.966677 0.756867
0  0.301030 -2.484500 -10.837883  -0.987689 -0.156433 0.000000  0.971400 0.756867
no_material
0  0.301030 -2.354400 -7.671144  -0.987664 0.156589 -0.000512  0.966677 0.894474
0  0.341233 -2.230667 -10.837883  -0.891007 0.453989 -0.000000  0.961952 0.756867
0  0.301030 -2.354400 -10.837883  -0.987688 0.156434 0.000000  0.966677 0.756867
no_material
0  0.341233 -2.230667 -7.671144  -0.891122 0.453761 -0.001468  0.961952 0.894474
0  0.417704 -2.125413 -10.837883  -0.707107 0.707106 -0.000000  0.957229 0.756867
0  0.341233 -2.230667 -10.837883  -0.891007 0.453989 -0.000000  0.961952 0.756867
no_material
0  0.417704 -2.125413 -7.671144  -0.706972 0.707239 -0.002049  0.957229 0.894474
0  0.522958 -2.048942 -10.837883  -0.453992 0.891006 -0.000000  0.952505 0.756867
0  0.417704 -2.125413 -10.837883  -0.707107 0.707106 -0.000000  0.957229 0.756867
no_material
0  0.522958 -2.048942 -7.671144  -0.454056 0.890970 -0.002430  0.952505 0.894474
0  0.646691 -2.008739 -10.837883  -0.156436 0.987688 -0.000000  0.947781 0.756867
0  0.522958 -2.048942 -10.837883  -0.453992 0.891006 -0.000000  0.952505 0.756867
no_material
0  0.646691 -2.008738 -7.671144  -0.156445 0.987683 -0.002552  0.947781 0.894474
0  0.776792 -2.008739 -10.837883  0.156436 0.987688 -0.000000  0.943058 0.756867
0  0.646691 -2.008739 -10.837883  -0.156436 0.987688 -0.000000  0.947781 0.756867
no_material
0  0.776792 -2.008738 -7.671144  0.156475 0.987679 -0.002519  0.943058 0.894474
0  0.900525 -2.048942 -10.837883  0.453992 0.891006 -0.000000  0.938334 0.756867
0  0.776792 -2.008739 -10.837883  0.156436 0.987688 -0.000000  0.943058 0.756867
no_material
0  0.900525 -2.048942 -7.671144  0.454071 0.890963 -0.002348  0.938334 0.894474
0  1.005779 -2.125413 -10.837883  0.707108 0.707106 -0.000000  0.933610 0.756867
0  0.900525 -2.048942 -10.837883  0.453992 0.891006 -0.000000  0.938334 0.756867
no_material
0  1.005779 -2.125413 -7.671144  0.707216 0.706994 -0.001993  0.933610 0.894474
0  1.082250 -2.230667 -10.837883  0.891008 0.453989 -0.000000  0.928887 0.756867
0  1.005779 -2.125413 -10.837883  0.707108 0.707106 -0.000000  0.933610 0.756867
no_material
0  1.082250 -2.230667 -7.671144  0.891114 0.453777 -0.001392  0.928887 0.894474
0  1.122453 -2.354400 -10.837883  0.987688 0.156434 0.000000  0.924164 0.756867
0  1.082250 -2.230667 -10.837883  0.891008 0.453989 -0.000000  0.928887 0.756867
no_material
0  1.122453 -2.354400 -7.671144  0.987738 0.156121 -0.000515  0.924164 0.894474
0  1.122453 -2.484500 -10.837883  0.987689 -0.156433 0.000000  0.919439 0.756867
0  1.122453 -2.354400 -10.837883  0.987688 0.156434 0.000000  0.924164 0.756867
no_material
0  1.122453 -2.484500 -7.671144  0.987685 -0.156455 0.000612  0.919439 0.894474
0  1.082250 -2.608234 -10.837883  0.891007 -0.453989 0.000000  0.914715 0.756867
0  1.122453 -2.484500 -10.837883  0.987689 -0.156433 0.000000  0.919439 0.756867
no_material
0  1.082250 -2.608234 -7.671144  0.890832 -0.454329 0.001821  0.914715 0.894474
0  1.005779 -2.713487 -10.837883  0.707106 -0.707107 0.000000  0.909992 0.756867
0  1.082250 -2.608234 -10.837883  0.891007 -0.453989 0.000000  0.914715 0.756867
no_material
0  1.005779 -2.713487 -7.671144  0.706866 -0.707341 0.002987  0.909992 0.894474
0  0.900525 -2.789958 -10.837883  0.453991 -0.891006 0.000000  0.905269 0.756867
0  1.005779 -2.713487 -10.837883  0.707106 -0.707107 0.000000  0.909992 0.756867
no_material
0  0.900525 -2.789958 -7.671144  0.453780 -0.891105 0.003907  0.905269 0.894474
0  0.776792 -2.830162 -10.837883  0.156436 -0.987688 0.000000  0.900545 0.756867
0  0.900525 -2.789958 -10.837883  0.453991 -0.891006 0.000000  0.905269 0.756867
no_material
0  0.776792 -2.830162 -7.671144  0.156345 -0.987693 0.004425  0.995019 0.894474
0  0.646691 -2.830162 -10.837883  -0.156436 -0.987688 0.000000  0.990295 0.756867
0  0.776792 -2.830162 -10.837883  0.156436 -0.987688 0.000000  0.995019 0.756867
no_material
0  0.646691 -2.830162 -7.671144  -0.156365 -0.987689 0.004448  0.990295 0.894474
0  0.522958 -2.789958 -10.837883  -0.453991 -0.891006 0.000000  0.985571 0.756867
0  0.646691 -2.830162 -10.837883  -0.156436 -0.987688 0.000000  0.990295 0.756867
no_material
0  0.522958 -2.789958 -7.671144  -0.453791 -0.891099 0.003968  0.985571 0.894474
0  0.417704 -2.713487 -10.837883  -0.707106 -0.707107 0.000000  0.980847 0.756867
0  0.522958 -2.789958 -10.837883  -0.453991 -0.891006 0.000000  0.985571 0.756867
no_material
0  0.417704 -2.713487 -7.671144  -0.706867 -0.707340 0.003064  0.980847 0.894474
0  0.341233 -2.608234 -10.837883  -0.891007 -0.453989 0.000000  0.976124 0.756867
0  0.417704 -2.713487 -10.837883  -0.707106 -0.707107 0.000000  0.980847 0.756867
no_material
0  0.341233 -2.608234 -7.671144  -0.890985 -0.454029 0.001862  0.976124 0.894474
0  0.301030 -2.484500 -10.837883  -0.987689 -0.156433 0.000000  0.971400 0.756867
0  0.341233 -2.608234 -10.837883  -0.891007 -0.453989 0.000000  0.976124 0.756867
no_material
0  1.122453 -1.228130 -6.404511  0.987665 -0.001327 0.156577  0.919439 0.978121
0  1.082250 -1.433152 -6.284345  0.891068 -0.041489 0.451969  0.914715 0.969825
0  1.122453 -1.423887 -6.407731  0.987697 -0.014256 0.155729  0.919439 0.969825
no_material
0  1.122453 -1.628240 -6.441846  0.987694 -0.039590 0.151306  0.919439 0.961333
0  1.082250 -1.875468 -6.400074  0.891052 -0.192047 0.411272  0.914715 0.952841
0  1.122453 -1.823116 -6.512187  0.987686 -0.066195 0.141753  0.919439 0.952841
no_material
0  1.122453 -2.002150 -6.616450  0.987686 -0.090624 0.127525  0.919439 0.944349
0  1.082250 -2.248153 -6.664920  0.891029 -0.325259 0.316660  0.914715 0.935857
0  1.122453 -2.159497 -6.751234  0.987694 -0.112059 0.109098  0.919439 0.935857
no_material
0  1.122453 -2.290016 -6.912132  0.987694 -0.129865 0.087149  0.919439 0.927365
0  1.082250 -2.502920 -7.044566  0.890906 -0.424394 0.161789  0.914715 0.918872
0  1.122453 -2.389446 -7.093896  0.987675 -0.146258 0.055735  0.919439 0.918872
no_material
0  1.122453 -2.389446 -7.093896  0.987675 -0.146258 0.055735  0.919439 0.918872
0  1.082250 -2.606761 -7.489823  0.890631 -0.451495 0.054123  0.914715 0.901958
0  1.122453 -2.483171 -7.495778  0.987636 -0.155651 0.018660  0.919439 0.901958
no_material
0  1.122453 -1.228130 -6.534614  0.987688 0.001140 -0.156434  0.924164 0.978121
0  1.122453 -1.423887 -6.407731  0.987697 -0.014256 0.155729  0.919439 0.969825
0  1.122453 -1.414146 -6.537466  0.987703 0.014082 -0.155706  0.924164 0.969825
no_material
0  1.122453 -1.595308 -6.567710  0.987701 0.039579 -0.151262  0.924164 0.961333
0  1.122453 -1.823116 -6.512187  0.987686 -0.066195 0.141753  0.919439 0.952841
0  1.122453 -1.768069 -6.630067  0.987693 0.066176 -0.141715  0.924164 0.952841
no_material
0  1.122453 -1.926787 -6.722501  0.987693 0.090602 -0.127491  0.924164 0.944349
0  1.122453 -2.159497 -6.751234  0.987694 -0.112059 0.109098  0.919439 0.935857
0  1.122453 -2.066278 -6.841988  0.987693 0.112066 -0.109103  0.924164 0.935857
no_material
0  1.122453 -2.181985 -6.984629  0.987693 0.129874 -0.087152  0.924164 0.927365
0  1.122453 -2.389446 -7.093896  0.987675 -0.146258 0.055735  0.919439 0.918872
0  1.122453 -2.270132 -7.145766  0.987674 0.146267 -0.055738  0.924164 0.918872
no_material
0  1.122453 -2.270132 -7.145766  0.987674 0.146267 -0.055738  0.924164 0.918872
0  1.122453 -2.483171 -7.495778  0.987636 -0.155651 0.018660  0.919439 0.901958
0  1.122453 -2.353221 -7.502042  0.987639 0.155641 -0.018563  0.924164 0.901958
no_material
0  1.082250 -1.228130 -6.658345  0.890952 0.003140 -0.454087  0.928887 0.978121
0  1.122453 -1.414146 -6.537466  0.987703 0.014082 -0.155706  0.924164 0.969825
0  1.082250 -1.404881 -6.660851  0.891100 0.040703 -0.451978  0.928887 0.969825
no_material
0  1.082250 -1.563988 -6.687415  0.891034 0.114904 -0.439153  0.928887 0.961333
0  1.122453 -1.768069 -6.630067  0.987693 0.066176 -0.141715  0.924164 0.952841
0  1.082250 -1.715717 -6.742179  0.891059 0.192042 -0.411260  0.928887 0.952841
no_material
0  1.082250 -1.855112 -6.823358  0.891033 0.262954 -0.370019  0.928887 0.944349
0  1.122453 -2.066278 -6.841988  0.987693 0.112066 -0.109103  0.924164 0.935857
0  1.082250 -1.977621 -6.928301  0.891032 0.325256 -0.316656  0.928887 0.935857
no_material
0  1.082250 -2.079242 -7.053574  0.891033 0.376933 -0.252947  0.928887 0.927365
0  1.122453 -2.270132 -7.145766  0.987674 0.146267 -0.055738  0.924164 0.918872
0  1.082250 -2.156658 -7.195096  0.890915 0.424377 -0.161784  0.928887 0.918872
no_material
0  1.082250 -2.156658 -7.195096  0.890915 0.424377 -0.161784  0.928887 0.918872
0  1.122453 -2.353221 -7.502042  0.987639 0.155641 -0.018563  0.924164 0.901958
0  1.082250 -2.229632 -7.507999  0.890680 0.451450 -0.053681  0.928887 0.901958
no_material
0  1.005779 -1.228130 -6.763599  0.707367 0.004722 -0.706831  0.933610 0.978121
0  1.082250 -1.404881 -6.660851  0.891100 0.040703 -0.451978  0.928887 0.969825
0  1.005779 -1.396999 -6.765809  0.707283 0.063049 -0.704113  0.933610 0.969825
no_material
0  1.005779 -1.537346 -6.789242  0.707174 0.178974 -0.684013  0.933610 0.961333
0  1.082250 -1.715717 -6.742179  0.891059 0.192042 -0.411260  0.928887 0.952841
0  1.005779 -1.671184 -6.837551  0.707208 0.299138 -0.640604  0.933610 0.952841
no_material
0  1.005779 -1.794142 -6.909154  0.707173 0.409569 -0.576333  0.933610 0.944349
0  1.082250 -1.977621 -6.928301  0.891032 0.325256 -0.316656  0.928887 0.935857
0  1.005779 -1.902205 -7.001722  0.707175 0.506604 -0.493210  0.933610 0.935857
no_material
0  1.005779 -1.991844 -7.112225  0.707177 0.587096 -0.393979  0.933610 0.927365
0  1.082250 -2.156658 -7.195096  0.890915 0.424377 -0.161784  0.928887 0.918872
0  1.005779 -2.060131 -7.237058  0.706915 0.660845 -0.252101  0.933610 0.918872
no_material
0  1.005779 -2.060131 -7.237058  0.706915 0.660845 -0.252101  0.933610 0.918872
0  1.082250 -2.229632 -7.507999  0.890680 0.451450 -0.053681  0.928887 0.901958
0  1.005779 -2.124500 -7.513067  0.706453 0.702850 -0.083229  0.933610 0.901958
no_material
0  0.900525 -1.228130 -6.840072  0.454146 0.005553 -0.890910  0.938334 0.978121
0  1.005779 -1.396999 -6.765809  0.707283 0.063049 -0.704113  0.933610 0.969825
0  0.900525 -1.391273 -6.842067  0.454217 0.079084 -0.887374  0.938334 0.969825
no_material
0  0.900525 -1.517989 -6.863221  0.454114 0.225520 -0.861929  0.938334 0.961333
0  1.005779 -1.671184 -6.837551  0.707208 0.299138 -0.640604  0.933610 0.952841
0  0.900525 -1.638828 -6.906838  0.454072 0.376973 -0.807286  0.938334 0.952841
no_material
0  0.900525 -1.749845 -6.971490  0.454080 0.516109 -0.726253  0.938334 0.944349
0  1.005779 -1.902205 -7.001722  0.707175 0.506604 -0.493210  0.933610 0.935857
0  0.900525 -1.847412 -7.055068  0.454032 0.638405 -0.621526  0.938334 0.935857
no_material
0  0.900525 -1.928345 -7.154839  0.454075 0.739819 -0.496471  0.938334 0.927365
0  1.005779 -2.060131 -7.237058  0.706915 0.660845 -0.252101  0.933610 0.918872
0  0.900525 -1.990000 -7.267545  0.453799 0.832507 -0.317803  0.938334 0.918872
no_material
0  0.900525 -1.990000 -7.267545  0.453799 0.832507 -0.317803  0.938334 0.918872
0  1.005779 -2.124500 -7.513067  0.706453 0.702850 -0.083229  0.933610 0.901958
0  0.900525 -2.048117 -7.516748  0.453337 0.885200 -0.104430  0.938334 0.901958
no_material
0  0.776792 -1.228130 -6.880274  0.156458 0.005872 -0.987667  0.943058 0.978121
0  0.900525 -1.391273 -6.842067  0.454217 0.079084 -0.887374  0.938334 0.969825
0  0.776792 -1.388263 -6.882156  0.156347 0.087444 -0.983824  0.943058 0.969825
no_material
0  0.776792 -1.507813 -6.902116  0.156585 0.250001 -0.955500  0.943058 0.961333
0  0.900525 -1.638828 -6.906838  0.454072 0.376973 -0.807286  0.938334 0.952841
0  0.776792 -1.621818 -6.943264  0.156387 0.417903 -0.894930  0.943058 0.952841
no_material
0  0.776792 -1.726556 -7.004262  0.156484 0.572133 -0.805094  0.943058 0.944349
0  0.900525 -1.847412 -7.055068  0.454032 0.638405 -0.621526  0.938334 0.935857
0  0.776792 -1.818606 -7.083109  0.156431 0.707692 -0.688986  0.943058 0.935857
no_material
0  0.776792 -1.894962 -7.177241  0.156483 0.820131 -0.550362  0.943058 0.927365
0  0.900525 -1.990000 -7.267545  0.453799 0.832507 -0.317803  0.938334 0.918872
0  0.776792 -1.953130 -7.283573  0.156385 0.922702 -0.352369  0.943058 0.918872
no_material
0  0.776792 -1.953130 -7.283573  0.156385 0.922702 -0.352369  0.943058 0.918872
0  0.900525 -2.048117 -7.516748  0.453337 0.885200 -0.104430  0.938334 0.901958
0  0.776792 -2.007961 -7.518682  0.156262 0.980938 -0.115515  0.943058 0.901958
no_material
0  0.646691 -1.228130 -6.880274  -0.156523 0.005806 -0.987657  0.947781 0.978121
0  0.776792 -1.388263 -6.882156  0.156347 0.087444 -0.983824  0.943058 0.969825
0  0.646691 -1.388263 -6.882156  -0.156506 0.087449 -0.983798  0.947781 0.969825
no_material
0  0.646691 -1.507813 -6.902116  -0.156535 0.250002 -0.955508  0.947781 0.961333
0  0.776792 -1.621818 -6.943264  0.156387 0.417903 -0.894930  0.943058 0.952841
0  0.646691 -1.621818 -6.943264  -0.156387 0.417904 -0.894930  0.947781 0.952841
no_material
0  0.646691 -1.726556 -7.004262  -0.156584 0.572125 -0.805080  0.947781 0.944349
0  0.776792 -1.818606 -7.083109  0.156431 0.707692 -0.688986  0.943058 0.935857
0  0.646691 -1.818606 -7.083109  -0.156578 0.707676 -0.688969  0.947781 0.935857
no_material
0  0.646691 -1.894962 -7.177241  -0.156386 0.820144 -0.550370  0.947781 0.927365
0  0.776792 -1.953130 -7.283573  0.156385 0.922702 -0.352369  0.943058 0.918872
0  0.646691 -1.953130 -7.283573  -0.156431 0.922700 -0.352354  0.947781 0.918872
no_material
0  0.646691 -1.953130 -7.283573  -0.156431 0.922700 -0.352354  0.947781 0.918872
0  0.776792 -2.007961 -7.518682  0.156262 0.980938 -0.115515  0.943058 0.901958
0  0.646691 -2.007961 -7.518682  -0.156225 0.980945 -0.115501  0.947781 0.901958
no_material
0  0.522958 -1.228130 -6.840072  -0.453651 0.005502 -0.891162  0.952505 0.978121
0  0.646691 -1.388263 -6.882156  -0.156506 0.087449 -0.983798  0.947781 0.969825
0  0.522958 -1.391273 -6.842067  -0.454208 0.079085 -0.887378  0.952505 0.969825
no_material
0  0.522958 -1.517989 -6.863221  -0.454118 0.225517 -0.861927  0.952505 0.961333
0  0.646691 -1.621818 -6.943264  -0.156387 0.417904 -0.894930  0.947781 0.952841
0  0.522958 -1.638828 -6.906838  -0.454069 0.376974 -0.807286  0.952505 0.952841
no_material
0  0.522958 -1.749845 -6.971490  -0.454078 0.516108 -0.726255  0.952505 0.944349
0  0.646691 -1.818606 -7.083109  -0.156578 0.707676 -0.688969  0.947781 0.935857
0  0.522958 -1.847412 -7.055068  -0.454073 0.638389 -0.621512  0.952505 0.935857
no_material
0  0.522958 -1.928345 -7.154839  -0.454033 0.739838 -0.496481  0.952505 0.927365
0  0.646691 -1.953130 -7.283573  -0.156431 0.922700 -0.352354  0.947781 0.918872
0  0.522958 -1.990000 -7.267545  -0.453802 0.832506 -0.317802  0.952505 0.918872
no_material
0  0.522958 -1.990000 -7.267545  -0.453802 0.832506 -0.317802  0.952505 0.918872
0  0.646691 -2.007961 -7.518682  -0.156225 0.980945 -0.115501  0.947781 0.901958
0  0.522958 -2.048117 -7.516748  -0.453363 0.885187 -0.104432  0.952505 0.901958
no_material
0  0.417704 -1.228130 -6.763599  -0.707120 0.004595 -0.707079  0.957229 0.978121
0  0.522958 -1.391273 -6.842067  -0.454208 0.079085 -0.887378  0.952505 0.969825
0  0.417704 -1.396999 -6.765809  -0.707276 0.063050 -0.704120  0.957229 0.969825
no_material
0  0.417704 -1.537346 -6.789242  -0.707170 0.178973 -0.684017  0.957229 0.961333
0  0.522958 -1.638828 -6.906838  -0.454069 0.376974 -0.807286  0.952505 0.952841
0  0.417704 -1.671184 -6.837551  -0.707175 0.299151 -0.640635  0.957229 0.952841
no_material
0  0.417704 -1.794142 -6.909154  -0.707177 0.409565 -0.576331  0.957229 0.944349
0  0.522958 -1.847412 -7.055068  -0.454073 0.638389 -0.621512  0.952505 0.935857
0  0.417704 -1.902205 -7.001722  -0.707174 0.506604 -0.493211  0.957229 0.935857
no_material
0  0.417704 -1.991844 -7.112225  -0.707175 0.587096 -0.393982  0.957229 0.927365
0  0.522958 -1.990000 -7.267545  -0.453802 0.832506 -0.317802  0.952505 0.918872
0  0.417704 -2.060131 -7.237058  -0.706918 0.660842 -0.252099  0.957229 0.918872
no_material
0  0.417704 -2.060131 -7.237058  -0.706918 0.660842 -0.252099  0.957229 0.918872
0  0.522958 -2.048117 -7.516748  -0.453363 0.885187 -0.104432  0.952505 0.901958
0  0.417704 -2.124500 -7.513067  -0.706462 0.702841 -0.083228  0.957229 0.901958
no_material
0  0.341233 -1.228130 -6.658345  -0.890908 0.003181 -0.454173  0.961952 0.978121
0  0.417704 -1.396999 -6.765809  -0.707276 0.063050 -0.704120  0.957229 0.969825
0  0.341233 -1.404881 -6.660851  -0.891105 0.040702 -0.451969  0.961952 0.969825
no_material
0  0.341233 -1.563988 -6.687415  -0.891057 0.114891 -0.439109  0.961952 0.961333
0  0.417704 -1.671184 -6.837551  -0.707175 0.299151 -0.640635  0.957229 0.952841
0  0.341233 -1.715717 -6.742179  -0.891058 0.192044 -0.411260  0.961952 0.952841
no_material
0  0.341233 -1.855112 -6.823358  -0.891033 0.262954 -0.370021  0.961952 0.944349
0  0.417704 -1.902205 -7.001722  -0.707174 0.506604 -0.493211  0.957229 0.935857
0  0.341233 -1.977621 -6.928301  -0.891032 0.325255 -0.316656  0.961952 0.935857
no_material
0  0.341233 -2.079242 -7.053574  -0.891033 0.376933 -0.252947  0.961952 0.927365
0  0.417704 -2.060131 -7.237058  -0.706918 0.660842 -0.252099  0.957229 0.918872
0  0.341233 -2.156658 -7.195096  -0.890919 0.424371 -0.161780  0.961952 0.918872
no_material
0  0.341233 -2.156658 -7.195096  -0.890919 0.424371 -0.161780  0.961952 0.918872
0  0.417704 -2.124500 -7.513067  -0.706462 0.702841 -0.083228  0.957229 0.901958
0  0.341233 -2.229632 -7.507999  -0.890672 0.451466 -0.053682  0.961952 0.901958
no_material
0  0.301030 -1.228130 -6.534614  -0.987664 0.001158 -0.156583  0.966677 0.978121
0  0.341233 -1.404881 -6.660851  -0.891105 0.040702 -0.451969  0.961952 0.969825
0  0.301030 -1.414146 -6.537466  -0.987695 0.014088 -0.155758  0.966677 0.969825
no_material
0  0.301030 -1.595308 -6.567710  -0.987693 0.039590 -0.151310  0.966677 0.961333
0  0.341233 -1.715717 -6.742179  -0.891058 0.192044 -0.411260  0.961952 0.952841
0  0.301030 -1.768069 -6.630067  -0.987693 0.066176 -0.141714  0.966677 0.952841
no_material
0  0.301030 -1.926787 -6.722501  -0.987693 0.090601 -0.127492  0.966677 0.944349
0  0.341233 -1.977621 -6.928301  -0.891032 0.325255 -0.316656  0.961952 0.935857
0  0.301030 -2.066278 -6.841988  -0.987693 0.112067 -0.109102  0.966677 0.935857
no_material
0  0.301030 -2.181985 -6.984629  -0.987693 0.129873 -0.087154  0.966677 0.927365
0  0.341233 -2.156658 -7.195096  -0.890919 0.424371 -0.161780  0.961952 0.918872
0  0.301030 -2.270132 -7.145766  -0.987675 0.146256 -0.055735  0.966677 0.918872
no_material
0  0.301030 -2.270132 -7.145766  -0.987675 0.146256 -0.055735  0.966677 0.918872
0  0.341233 -2.229632 -7.507999  -0.890672 0.451466 -0.053682  0.961952 0.901958
0  0.301030 -2.353221 -7.502042  -0.987644 0.155613 -0.018556  0.966677 0.901958
no_material
0  0.301030 -1.228130 -6.404511  -0.987680 -0.001322 0.156485  0.971400 0.978121
0  0.301030 -1.414146 -6.537466  -0.987695 0.014088 -0.155758  0.966677 0.969825
0  0.301030 -1.423887 -6.407731  -0.987696 -0.014255 0.155734  0.971400 0.969825
no_material
0  0.301030 -1.628240 -6.441846  -0.987694 -0.039589 0.151307  0.971400 0.961333
0  0.301030 -1.768069 -6.630067  -0.987693 0.066176 -0.141714  0.966677 0.952841
0  0.301030 -1.823116 -6.512187  -0.987686 -0.066195 0.141753  0.971400 0.952841
no_material
0  0.301030 -2.002150 -6.616450  -0.987695 -0.090595 0.127484  0.971400 0.944349
0  0.301030 -2.066278 -6.841988  -0.987693 0.112067 -0.109102  0.966677 0.935857
0  0.301030 -2.159497 -6.751234  -0.987687 -0.112095 0.109133  0.971400 0.935857
no_material
0  0.301030 -2.290016 -6.912132  -0.987694 -0.129866 0.087149  0.971400 0.927365
0  0.301030 -2.270132 -7.145766  -0.987675 0.146256 -0.055735  0.966677 0.918872
0  0.301030 -2.389446 -7.093896  -0.987674 -0.146269 0.055736  0.971400 0.918872
no_material
0  0.301030 -2.389446 -7.093896  -0.987674 -0.146269 0.055736  0.971400 0.918872
0  0.301030 -2.353221 -7.502042  -0.987644 0.155613 -0.018556  0.966677 0.901958
0  0.301030 -2.483171 -7.495778  -0.987649 -0.155568 0.018644  0.971400 0.901958
no_material
0  0.341233 -1.228130 -6.280777  -0.890789 -0.003955 0.454399  0.976124 0.978121
0  0.301030 -1.423887 -6.407731  -0.987696 -0.014255 0.155734  0.971400 0.969825
0  0.341233 -1.433152 -6.284345  -0.891055 -0.041491 0.451996  0.976124 0.969825
no_material
0  0.341233 -1.659560 -6.322145  -0.891030 -0.114904 0.439162  0.976124 0.961333
0  0.301030 -1.823116 -6.512187  -0.987686 -0.066195 0.141753  0.971400 0.952841
0  0.341233 -1.875468 -6.400074  -0.891053 -0.192047 0.411270  0.976124 0.952841
no_material
0  0.341233 -2.073825 -6.515590  -0.891053 -0.262930 0.369990  0.976124 0.944349
0  0.301030 -2.159497 -6.751234  -0.987687 -0.112095 0.109133  0.971400 0.935857
0  0.341233 -2.248153 -6.664920  -0.891029 -0.325259 0.316660  0.976124 0.935857
no_material
0  0.341233 -2.392759 -6.843184  -0.891028 -0.376941 0.252952  0.976124 0.927365
0  0.301030 -2.389446 -7.093896  -0.987674 -0.146269 0.055736  0.971400 0.918872
0  0.341233 -2.502920 -7.044566  -0.890880 -0.424444 0.161805  0.976124 0.918872
no_material
0  0.341233 -2.502920 -7.044566  -0.890880 -0.424444 0.161805  0.976124 0.918872
0  0.301030 -2.483171 -7.495778  -0.987649 -0.155568 0.018644  0.971400 0.901958
0  0.341233 -2.606761 -7.489823  -0.890653 -0.451451 0.054115  0.976124 0.901958
no_material
0  0.417704 -1.228130 -6.175526  -0.707023 -0.006410 0.707161  0.980847 0.978121
0  0.341233 -1.433152 -6.284345  -0.891055 -0.041491 0.451996  0.976124 0.969825
0  0.417704 -1.441033 -6.179387  -0.707206 -0.064837 0.704028  0.980847 0.969825
no_material
0  0.417704 -1.686203 -6.220318  -0.707160 -0.178974 0.684027  0.980847 0.961333
0  0.341233 -1.875468 -6.400074  -0.891053 -0.192047 0.411270  0.976124 0.952841
0  0.417704 -1.920001 -6.304707  -0.707160 -0.299157 0.640648  0.980847 0.952841
no_material
0  0.417704 -2.134795 -6.429793  -0.707159 -0.409575 0.576346  0.980847 0.944349
0  0.341233 -2.248153 -6.664920  -0.891029 -0.325259 0.316660  0.976124 0.935857
0  0.417704 -2.323569 -6.591499  -0.707163 -0.506614 0.493217  0.980847 0.935857
no_material
0  0.417704 -2.480157 -6.784536  -0.707163 -0.587107 0.393987  0.980847 0.927365
0  0.341233 -2.502920 -7.044566  -0.890880 -0.424444 0.161805  0.976124 0.918872
0  0.417704 -2.599447 -7.002604  -0.706915 -0.660845 0.252101  0.980847 0.918872
no_material
0  0.417704 -2.599447 -7.002604  -0.706915 -0.660845 0.252101  0.980847 0.918872
0  0.341233 -2.606761 -7.489823  -0.890653 -0.451451 0.054115  0.976124 0.901958
0  0.417704 -2.711892 -7.484756  -0.706400 -0.702785 0.084211  0.980847 0.901958
no_material
0  0.522958 -1.228130 -6.099053  -0.453548 -0.008235 0.891194  0.985571 0.978121
0  0.417704 -1.441033 -6.179387  -0.707206 -0.064837 0.704028  0.980847 0.969825
0  0.522958 -1.446759 -6.103129  -0.454077 -0.081887 0.887191  0.985571 0.969825
no_material
0  0.522958 -1.705559 -6.146339  -0.454079 -0.225526 0.861946  0.985571 0.961333
0  0.417704 -1.920001 -6.304707  -0.707160 -0.299157 0.640648  0.980847 0.952841
0  0.522958 -1.952357 -6.235419  -0.453997 -0.376988 0.807321  0.985571 0.952841
no_material
0  0.522958 -2.179093 -6.367461  -0.454037 -0.516119 0.726272  0.985571 0.944349
0  0.417704 -2.323569 -6.591499  -0.707163 -0.506614 0.493217  0.980847 0.935857
0  0.522958 -2.378361 -6.538154  -0.454042 -0.638400 0.621524  0.985571 0.935857
no_material
0  0.522958 -2.543656 -6.741922  -0.454039 -0.739835 0.496480  0.985571 0.927365
0  0.417704 -2.599447 -7.002604  -0.706915 -0.660845 0.252101  0.980847 0.918872
0  0.522958 -2.669578 -6.972114  -0.453760 -0.832526 0.317810  0.985571 0.918872
no_material
0  0.522958 -2.669578 -6.972114  -0.453760 -0.832526 0.317810  0.985571 0.918872
0  0.417704 -2.711892 -7.484756  -0.706400 -0.702785 0.084211  0.980847 0.901958
0  0.522958 -2.788275 -7.481075  -0.453314 -0.885030 0.105963  0.985571 0.901958
no_material
0  0.646691 -1.228130 -6.058851  -0.156245 -0.009284 0.987675  0.990295 0.978121
0  0.522958 -1.446759 -6.103129  -0.454077 -0.081887 0.887191  0.985571 0.969825
0  0.646691 -1.449770 -6.063040  -0.156568 -0.090881 0.983477  0.990295 0.969825
no_material
0  0.646691 -1.715736 -6.107444  -0.156503 -0.250005 0.955513  0.990295 0.961333
0  0.522958 -1.952357 -6.235419  -0.453997 -0.376988 0.807321  0.985571 0.952841
0  0.646691 -1.969367 -6.198989  -0.156354 -0.417902 0.894937  0.990295 0.952841
no_material
0  0.646691 -2.202381 -6.334688  -0.156347 -0.572145 0.805112  0.990295 0.944349
0  0.522958 -2.378361 -6.538154  -0.454042 -0.638400 0.621524  0.985571 0.935857
0  0.646691 -2.407168 -6.510109  -0.156346 -0.707703 0.688994  0.990295 0.935857
no_material
0  0.646691 -2.577039 -6.719520  -0.156499 -0.820128 0.550361  0.990295 0.927365
0  0.522958 -2.669578 -6.972114  -0.453760 -0.832526 0.317810  0.985571 0.918872
0  0.646691 -2.706448 -6.956086  -0.156363 -0.922705 0.352373  0.990295 0.918872
no_material
0  0.646691 -2.706448 -6.956086  -0.156363 -0.922705 0.352373  0.990295 0.918872
0  0.522958 -2.788275 -7.481075  -0.453314 -0.885030 0.105963  0.985571 0.901958
0  0.646691 -2.828432 -7.479137  -0.156152 -0.980737 0.117354  0.990295 0.901958
no_material
0  0.776792 -1.228130 -6.058851  0.156277 -0.009324 0.987669  0.995019 0.978121
0  0.646691 -1.449770 -6.063040  -0.156568 -0.090881 0.983477  0.990295 0.969825
0  0.776792 -1.449770 -6.063040  0.156445 -0.090871 0.983498  0.995019 0.969825
no_material
0  0.776792 -1.715736 -6.107444  0.156453 -0.250006 0.955520  0.995019 0.961333
0  0.646691 -1.969367 -6.198989  -0.156354 -0.417902 0.894937  0.990295 0.952841
0  0.776792 -1.969367 -6.198989  0.156452 -0.417894 0.894923  0.995019 0.952841
no_material
0  0.776792 -2.202381 -6.334688  0.156249 -0.572154 0.805125  0.995019 0.944349
0  0.646691 -2.407168 -6.510109  -0.156346 -0.707703 0.688994  0.990295 0.935857
0  0.776792 -2.407168 -6.510109  0.156501 -0.707686 0.688976  0.995019 0.935857
no_material
0  0.776792 -2.577039 -6.719520  0.156449 -0.820135 0.550366  0.995019 0.927365
0  0.646691 -2.706448 -6.956086  -0.156363 -0.922705 0.352373  0.990295 0.918872
0  0.776792 -2.706448 -6.956086  0.156314 -0.922706 0.352391  0.995019 0.918872
no_material
0  0.776792 -2.706448 -6.956086  0.156314 -0.922706 0.352391  0.995019 0.918872
0  0.646691 -2.828432 -7.479137  -0.156152 -0.980737 0.117354  0.990295 0.901958
0  0.776792 -2.828432 -7.479137  0.156046 -0.980759 0.117311  0.995019 0.901958
no_material
0  0.900525 -1.228130 -6.099053  0.453567 -0.008343 0.891183  0.905269 0.978121
0  0.776792 -1.449770 -6.063040  0.156445 -0.090871 0.983498  0.900545 0.969825
0  0.900525 -1.446759 -6.103129  0.454098 -0.081885 0.887181  0.905269 0.969825
no_material
0  0.900525 -1.705559 -6.146339  0.453991 -0.225536 0.861989  0.905269 0.961333
0  0.776792 -1.969367 -6.198989  0.156452 -0.417894 0.894923  0.900545 0.952841
0  0.900525 -1.952357 -6.235419  0.454039 -0.376980 0.807301  0.905269 0.952841
no_material
0  0.900525 -2.179093 -6.367461  0.454086 -0.516105 0.726251  0.905269 0.944349
0  0.776792 -2.407168 -6.510109  0.156501 -0.707686 0.688976  0.900545 0.935857
0  0.900525 -2.378361 -6.538154  0.454084 -0.638385 0.621508  0.905269 0.935857
no_material
0  0.900525 -2.543656 -6.741922  0.454040 -0.739834 0.496481  0.905269 0.927365
0  0.776792 -2.706448 -6.956086  0.156314 -0.922706 0.352391  0.900545 0.918872
0  0.900525 -2.669578 -6.972114  0.453762 -0.832524 0.317810  0.905269 0.918872
no_material
0  0.900525 -2.669578 -6.972114  0.453762 -0.832524 0.317810  0.905269 0.918872
0  0.776792 -2.828432 -7.479137  0.156046 -0.980759 0.117311  0.900545 0.901958
0  0.900525 -2.788275 -7.481075  0.453303 -0.885036 0.105962  0.905269 0.901958
no_material
0  1.005779 -1.228130 -6.175526  0.707026 -0.006418 0.707158  0.909992 0.978121
0  0.900525 -1.446759 -6.103129  0.454098 -0.081885 0.887181  0.905269 0.969825
0  1.005779 -1.441033 -6.179387  0.707206 -0.064837 0.704029  0.909992 0.969825
no_material
0  1.005779 -1.686203 -6.220318  0.707160 -0.178973 0.684028  0.909992 0.961333
0  0.900525 -1.952357 -6.235419  0.454039 -0.376980 0.807301  0.905269 0.952841
0  1.005779 -1.920001 -6.304707  0.707161 -0.299158 0.640647  0.909992 0.952841
no_material
0  1.005779 -2.134795 -6.429793  0.707160 -0.409574 0.576346  0.909992 0.944349
0  0.900525 -2.378361 -6.538154  0.454084 -0.638385 0.621508  0.905269 0.935857
0  1.005779 -2.323569 -6.591499  0.707164 -0.506613 0.493217  0.909992 0.935857
no_material
0  1.005779 -2.480157 -6.784536  0.707199 -0.587077 0.393967  0.909992 0.927365
0  0.900525 -2.669578 -6.972114  0.453762 -0.832524 0.317810  0.905269 0.918872
0  1.005779 -2.599447 -7.002604  0.706918 -0.660843 0.252100  0.909992 0.918872
no_material
0  1.005779 -2.599447 -7.002604  0.706918 -0.660843 0.252100  0.909992 0.918872
0  0.900525 -2.788275 -7.481075  0.453303 -0.885036 0.105962  0.905269 0.901958
0  1.005779 -2.711892 -7.484756  0.706431 -0.702755 0.084207  0.909992 0.901958
no_material
0  1.082250 -1.228130 -6.280777  0.890894 -0.003963 0.454195  0.914715 0.978121
0  1.005779 -1.441033 -6.179387  0.707206 -0.064837 0.704029  0.909992 0.969825
0  1.082250 -1.433152 -6.284345  0.891068 -0.041489 0.451969  0.914715 0.969825
no_material
0  1.082250 -1.659560 -6.322145  0.891053 -0.114893 0.439119  0.914715 0.961333
0  1.005779 -1.920001 -6.304707  0.707161 -0.299158 0.640647  0.909992 0.952841
0  1.082250 -1.875468 -6.400074  0.891052 -0.192047 0.411272  0.914715 0.952841
no_material
0  1.082250 -2.073825 -6.515590  0.891053 -0.262931 0.369989  0.914715 0.944349
0  1.005779 -2.323569 -6.591499  0.707164 -0.506613 0.493217  0.909992 0.935857
0  1.082250 -2.248153 -6.664920  0.891029 -0.325259 0.316660  0.914715 0.935857
no_material
0  1.082250 -2.392759 -6.843184  0.891051 -0.376903 0.252926  0.914715 0.927365
0  1.005779 -2.599447 -7.002604  0.706918 -0.660843 0.252100  0.909992 0.918872
0  1.082250 -2.502920 -7.044566  0.890906 -0.424394 0.161789  0.914715 0.918872
no_material
0  1.082250 -2.502920 -7.044566  0.890906 -0.424394 0.161789  0.914715 0.918872
0  1.005779 -2.711892 -7.484756  0.706431 -0.702755 0.084207  0.909992 0.901958
0  1.082250 -2.606761 -7.489823  0.890631 -0.451495 0.054123  0.914715 0.901958
no_material
0  1.122453 -1.414146 -6.537466  0.987703 0.014082 -0.155706  0.924164 0.969825
0  1.122453 -1.628240 -6.441846  0.987694 -0.039590 0.151306  0.919439 0.961333
0  1.122453 -1.595308 -6.567710  0.987701 0.039579 -0.151262  0.924164 0.961333
no_material
0  1.082250 -1.404881 -6.660851  0.891100 0.040703 -0.451978  0.928887 0.969825
0  1.122453 -1.595308 -6.567710  0.987701 0.039579 -0.151262  0.924164 0.961333
0  1.082250 -1.563988 -6.687415  0.891034 0.114904 -0.439153  0.928887 0.961333
no_material
0  1.005779 -1.396999 -6.765809  0.707283 0.063049 -0.704113  0.933610 0.969825
0  1.082250 -1.563988 -6.687415  0.891034 0.114904 -0.439153  0.928887 0.961333
0  1.005779 -1.537346 -6.789242  0.707174 0.178974 -0.684013  0.933610 0.961333
no_material
0  0.900525 -1.391273 -6.842067  0.454217 0.079084 -0.887374  0.938334 0.969825
0  1.005779 -1.537346 -6.789242  0.707174 0.178974 -0.684013  0.933610 0.961333
0  0.900525 -1.517989 -6.863221  0.454114 0.225520 -0.861929  0.938334 0.961333
no_material
0  0.776792 -1.388263 -6.882156  0.156347 0.087444 -0.983824  0.943058 0.969825
0  0.900525 -1.517989 -6.863221  0.454114 0.225520 -0.861929  0.938334 0.961333
0  0.776792 -1.507813 -6.902116  0.156585 0.250001 -0.955500  0.943058 0.961333
no_material
0  0.646691 -1.388263 -6.882156  -0.156506 0.087449 -0.983798  0.947781 0.969825
0  0.776792 -1.507813 -6.902116  0.156585 0.250001 -0.955500  0.943058 0.961333
0  0.646691 -1.507813 -6.902116  -0.156535 0.250002 -0.955508  0.947781 0.961333
no_material
0  0.522958 -1.391273 -6.842067  -0.454208 0.079085 -0.887378  0.952505 0.969825
0  0.646691 -1.507813 -6.902116  -0.156535 0.250002 -0.955508  0.947781 0.961333
0  0.522958 -1.517989 -6.863221  -0.454118 0.225517 -0.861927  0.952505 0.961333
no_material
0  0.417704 -1.396999 -6.765809  -0.707276 0.063050 -0.704120  0.957229 0.969825
0  0.522958 -1.517989 -6.863221  -0.454118 0.225517 -0.861927  0.952505 0.961333
0  0.417704 -1.537346 -6.789242  -0.707170 0.178973 -0.684017  0.957229 0.961333
no_material
0  0.341233 -1.404881 -6.660851  -0.891105 0.040702 -0.451969  0.961952 0.969825
0  0.417704 -1.537346 -6.789242  -0.707170 0.178973 -0.684017  0.957229 0.961333
0  0.341233 -1.563988 -6.687415  -0.891057 0.114891 -0.439109  0.961952 0.961333
no_material
0  0.301030 -1.414146 -6.537466  -0.987695 0.014088 -0.155758  0.966677 0.969825
0  0.341233 -1.563988 -6.687415  -0.891057 0.114891 -0.439109  0.961952 0.961333
0  0.301030 -1.595308 -6.567710  -0.987693 0.039590 -0.151310  0.966677 0.961333
no_material
0  0.301030 -1.423887 -6.407731  -0.987696 -0.014255 0.155734  0.971400 0.969825
0  0.301030 -1.595308 -6.567710  -0.987693 0.039590 -0.151310  0.966677 0.961333
0  0.301030 -1.628240 -6.441846  -0.987694 -0.039589 0.151307  0.971400 0.961333
no_material
0  0.341233 -1.433152 -6.284345  -0.891055 -0.041491 0.451996  0.976124 0.969825
0  0.301030 -1.628240 -6.441846  -0.987694 -0.039589 0.151307  0.971400 0.961333
0  0.341233 -1.659560 -6.322145  -0.891030 -0.114904 0.439162  0.976124 0.961333
no_material
0  0.417704 -1.441033 -6.179387  -0.707206 -0.064837 0.704028  0.980847 0.969825
0  0.341233 -1.659560 -6.322145  -0.891030 -0.114904 0.439162  0.976124 0.961333
0  0.417704 -1.686203 -6.220318  -0.707160 -0.178974 0.684027  0.980847 0.961333
no_material
0  0.522958 -1.446759 -6.103129  -0.454077 -0.081887 0.887191  0.985571 0.969825
0  0.417704 -1.686203 -6.220318  -0.707160 -0.178974 0.684027  0.980847 0.961333
0  0.522958 -1.705559 -6.146339  -0.454079 -0.225526 0.861946  0.985571 0.961333
no_material
0  0.646691 -1.449770 -6.063040  -0.156568 -0.090881 0.983477  0.990295 0.969825
0  0.522958 -1.705559 -6.146339  -0.454079 -0.225526 0.861946  0.985571 0.961333
0  0.646691 -1.715736 -6.107444  -0.156503 -0.250005 0.955513  0.990295 0.961333
no_material
0  0.776792 -1.449770 -6.063040  0.156445 -0.090871 0.983498  0.995019 0.969825
0  0.646691 -1.715736 -6.107444  -0.156503 -0.250005 0.955513  0.990295 0.961333
0  0.776792 -1.715736 -6.107444  0.156453 -0.250006 0.955520  0.995019 0.961333
no_material
0  0.900525 -1.446759 -6.103129  0.454098 -0.081885 0.887181  0.905269 0.969825
0  0.776792 -1.715736 -6.107444  0.156453 -0.250006 0.955520  0.900545 0.961333
0  0.900525 -1.705559 -6.146339  0.453991 -0.225536 0.861989  0.905269 0.961333
no_material
0  1.005779 -1.441033 -6.179387  0.707206 -0.064837 0.704029  0.909992 0.969825
0  0.900525 -1.705559 -6.146339  0.453991 -0.225536 0.861989  0.905269 0.961333
0  1.005779 -1.686203 -6.220318  0.707160 -0.178973 0.684028  0.909992 0.961333
no_material
0  1.082250 -1.433152 -6.284345  0.891068 -0.041489 0.451969  0.914715 0.969825
0  1.005779 -1.686203 -6.220318  0.707160 -0.178973 0.684028  0.909992 0.961333
0  1.082250 -1.659560 -6.322145  0.891053 -0.114893 0.439119  0.914715 0.961333
no_material
0  1.122453 -1.423887 -6.407731  0.987697 -0.014256 0.155729  0.919439 0.969825
0  1.082250 -1.659560 -6.322145  0.891053 -0.114893 0.439119  0.914715 0.961333
0  1.122453 -1.628240 -6.441846  0.987694 -0.039590 0.151306  0.919439 0.961333
no_material
0  1.122453 -1.768069 -6.630067  0.987693 0.066176 -0.141715  0.924164 0.952841
0  1.122453 -2.002150 -6.616450  0.987686 -0.090624 0.127525  0.919439 0.944349
0  1.122453 -1.926787 -6.722501  0.987693 0.090602 -0.127491  0.924164 0.944349
no_material
0  1.082250 -1.715717 -6.742179  0.891059 0.192042 -0.411260  0.928887 0.952841
0  1.122453 -1.926787 -6.722501  0.987693 0.090602 -0.127491  0.924164 0.944349
0  1.082250 -1.855112 -6.823358  0.891033 0.262954 -0.370019  0.928887 0.944349
no_material
0  1.005779 -1.671184 -6.837551  0.707208 0.299138 -0.640604  0.933610 0.952841
0  1.082250 -1.855112 -6.823358  0.891033 0.262954 -0.370019  0.928887 0.944349
0  1.005779 -1.794142 -6.909154  0.707173 0.409569 -0.576333  0.933610 0.944349
no_material
0  0.900525 -1.638828 -6.906838  0.454072 0.376973 -0.807286  0.938334 0.952841
0  1.005779 -1.794142 -6.909154  0.707173 0.409569 -0.576333  0.933610 0.944349
0  0.900525 -1.749845 -6.971490  0.454080 0.516109 -0.726253  0.938334 0.944349
no_material
0  0.776792 -1.621818 -6.943264  0.156387 0.417903 -0.894930  0.943058 0.952841
0  0.900525 -1.749845 -6.971490  0.454080 0.516109 -0.726253  0.938334 0.944349
0  0.776792 -1.726556 -7.004262  0.156484 0.572133 -0.805094  0.943058 0.944349
no_material
0  0.646691 -1.621818 -6.943264  -0.156387 0.417904 -0.894930  0.947781 0.952841
0  0.776792 -1.726556 -7.004262  0.156484 0.572133 -0.805094  0.943058 0.944349
0  0.646691 -1.726556 -7.004262  -0.156584 0.572125 -0.805080  0.947781 0.944349
no_material
0  0.522958 -1.638828 -6.906838  -0.454069 0.376974 -0.807286  0.952505 0.952841
0  0.646691 -1.726556 -7.004262  -0.156584 0.572125 -0.805080  0.947781 0.944349
0  0.522958 -1.749845 -6.971490  -0.454078 0.516108 -0.726255  0.952505 0.944349
no_material
0  0.417704 -1.671184 -6.837551  -0.707175 0.299151 -0.640635  0.957229 0.952841
0  0.522958 -1.749845 -6.971490  -0.454078 0.516108 -0.726255  0.952505 0.944349
0  0.417704 -1.794142 -6.909154  -0.707177 0.409565 -0.576331  0.957229 0.944349
no_material
0  0.341233 -1.715717 -6.742179  -0.891058 0.192044 -0.411260  0.961952 0.952841
0  0.417704 -1.794142 -6.909154  -0.707177 0.409565 -0.576331  0.957229 0.944349
0  0.341233 -1.855112 -6.823358  -0.891033 0.262954 -0.370021  0.961952 0.944349
no_material
0  0.301030 -1.768069 -6.630067  -0.987693 0.066176 -0.141714  0.966677 0.952841
0  0.341233 -1.855112 -6.823358  -0.891033 0.262954 -0.370021  0.961952 0.944349
0  0.301030 -1.926787 -6.722501  -0.987693 0.090601 -0.127492  0.966677 0.944349
no_material
0  0.301030 -1.823116 -6.512187  -0.987686 -0.066195 0.141753  0.971400 0.952841
0  0.301030 -1.926787 -6.722501  -0.987693 0.090601 -0.127492  0.966677 0.944349
0  0.301030 -2.002150 -6.616450  -0.987695 -0.090595 0.127484  0.971400 0.944349
no_material
0  0.341233 -1.875468 -6.400074  -0.891053 -0.192047 0.411270  0.976124 0.952841
0  0.301030 -2.002150 -6.616450  -0.987695 -0.090595 0.127484  0.971400 0.944349
0  0.341233 -2.073825 -6.515590  -0.891053 -0.262930 0.369990  0.976124 0.944349
no_material
0  0.417704 -1.920001 -6.304707  -0.707160 -0.299157 0.640648  0.980847 0.952841
0  0.341233 -2.073825 -6.515590  -0.891053 -0.262930 0.369990  0.976124 0.944349
0  0.417704 -2.134795 -6.429793  -0.707159 -0.409575 0.576346  0.980847 0.944349
no_material
0  0.522958 -1.952357 -6.235419  -0.453997 -0.376988 0.807321  0.985571 0.952841
0  0.417704 -2.134795 -6.429793  -0.707159 -0.409575 0.576346  0.980847 0.944349
0  0.522958 -2.179093 -6.367461  -0.454037 -0.516119 0.726272  0.985571 0.944349
no_material
0  0.646691 -1.969367 -6.198989  -0.156354 -0.417902 0.894937  0.990295 0.952841
0  0.522958 -2.179093 -6.367461  -0.454037 -0.516119 0.726272  0.985571 0.944349
0  0.646691 -2.202381 -6.334688  -0.156347 -0.572145 0.805112  0.990295 0.944349
no_material
0  0.776792 -1.969367 -6.198989  0.156452 -0.417894 0.894923  0.995019 0.952841
0  0.646691 -2.202381 -6.334688  -0.156347 -0.572145 0.805112  0.990295 0.944349
0  0.776792 -2.202381 -6.334688  0.156249 -0.572154 0.805125  0.995019 0.944349
no_material
0  0.900525 -1.952357 -6.235419  0.454039 -0.376980 0.807301  0.905269 0.952841
0  0.776792 -2.202381 -6.334688  0.156249 -0.572154 0.805125  0.900545 0.944349
0  0.900525 -2.179093 -6.367461  0.454086 -0.516105 0.726251  0.905269 0.944349
no_material
0  1.005779 -1.920001 -6.304707  0.707161 -0.299158 0.640647  0.909992 0.952841
0  0.900525 -2.179093 -6.367461  0.454086 -0.516105 0.726251  0.905269 0.944349
0  1.005779 -2.134795 -6.429793  0.707160 -0.409574 0.576346  0.909992 0.944349
no_material
0  1.082250 -1.875468 -6.400074  0.891052 -0.192047 0.411272  0.914715 0.952841
0  1.005779 -2.134795 -6.429793  0.707160 -0.409574 0.576346  0.909992 0.944349
0  1.082250 -2.073825 -6.515590  0.891053 -0.262931 0.369989  0.914715 0.944349
no_material
0  1.122453 -1.823116 -6.512187  0.987686 -0.066195 0.141753  0.919439 0.952841
0  1.082250 -2.073825 -6.515590  0.891053 -0.262931 0.369989  0.914715 0.944349
0  1.122453 -2.002150 -6.616450  0.987686 -0.090624 0.127525  0.919439 0.944349
no_material
0  1.122453 -2.066278 -6.841988  0.987693 0.112066 -0.109103  0.924164 0.935857
0  1.122453 -2.290016 -6.912132  0.987694 -0.129865 0.087149  0.919439 0.927365
0  1.122453 -2.181985 -6.984629  0.987693 0.129874 -0.087152  0.924164 0.927365
no_material
0  1.082250 -1.977621 -6.928301  0.891032 0.325256 -0.316656  0.928887 0.935857
0  1.122453 -2.181985 -6.984629  0.987693 0.129874 -0.087152  0.924164 0.927365
0  1.082250 -2.079242 -7.053574  0.891033 0.376933 -0.252947  0.928887 0.927365
no_material
0  1.005779 -1.902205 -7.001722  0.707175 0.506604 -0.493210  0.933610 0.935857
0  1.082250 -2.079242 -7.053574  0.891033 0.376933 -0.252947  0.928887 0.927365
0  1.005779 -1.991844 -7.112225  0.707177 0.587096 -0.393979  0.933610 0.927365
no_material
0  0.900525 -1.847412 -7.055068  0.454032 0.638405 -0.621526  0.938334 0.935857
0  1.005779 -1.991844 -7.112225  0.707177 0.587096 -0.393979  0.933610 0.927365
0  0.900525 -1.928345 -7.154839  0.454075 0.739819 -0.496471  0.938334 0.927365
no_material
0  0.776792 -1.818606 -7.083109  0.156431 0.707692 -0.688986  0.943058 0.935857
0  0.900525 -1.928345 -7.154839  0.454075 0.739819 -0.496471  0.938334 0.927365
0  0.776792 -1.894962 -7.177241  0.156483 0.820131 -0.550362  0.943058 0.927365
no_material
0  0.646691 -1.818606 -7.083109  -0.156578 0.707676 -0.688969  0.947781 0.935857
0  0.776792 -1.894962 -7.177241  0.156483 0.820131 -0.550362  0.943058 0.927365
0  0.646691 -1.894962 -7.177241  -0.156386 0.820144 -0.550370  0.947781 0.927365
no_material
0  0.522958 -1.847412 -7.055068  -0.454073 0.638389 -0.621512  0.952505 0.935857
0  0.646691 -1.894962 -7.177241  -0.156386 0.820144 -0.550370  0.947781 0.927365
0  0.522958 -1.928345 -7.154839  -0.454033 0.739838 -0.496481  0.952505 0.927365
no_material
0  0.417704 -1.902205 -7.001722  -0.707174 0.506604 -0.493211  0.957229 0.935857
0  0.522958 -1.928345 -7.154839  -0.454033 0.739838 -0.496481  0.952505 0.927365
0  0.417704 -1.991844 -7.112225  -0.707175 0.587096 -0.393982  0.957229 0.927365
no_material
0  0.341233 -1.977621 -6.928301  -0.891032 0.325255 -0.316656  0.961952 0.935857
0  0.417704 -1.991844 -7.112225  -0.707175 0.587096 -0.393982  0.957229 0.927365
0  0.341233 -2.079242 -7.053574  -0.891033 0.376933 -0.252947  0.961952 0.927365
no_material
0  0.301030 -2.066278 -6.841988  -0.987693 0.112067 -0.109102  0.966677 0.935857
0  0.341233 -2.079242 -7.053574  -0.891033 0.376933 -0.252947  0.961952 0.927365
0  0.301030 -2.181985 -6.984629  -0.987693 0.129873 -0.087154  0.966677 0.927365
no_material
0  0.301030 -2.159497 -6.751234  -0.987687 -0.112095 0.109133  0.971400 0.935857
0  0.301030 -2.181985 -6.984629  -0.987693 0.129873 -0.087154  0.966677 0.927365
0  0.301030 -2.290016 -6.912132  -0.987694 -0.129866 0.087149  0.971400 0.927365
no_material
0  0.341233 -2.248153 -6.664920  -0.891029 -0.325259 0.316660  0.976124 0.935857
0  0.301030 -2.290016 -6.912132  -0.987694 -0.129866 0.087149  0.971400 0.927365
0  0.341233 -2.392759 -6.843184  -0.891028 -0.376941 0.252952  0.976124 0.927365
no_material
0  0.417704 -2.323569 -6.591499  -0.707163 -0.506614 0.493217  0.980847 0.935857
0  0.341233 -2.392759 -6.843184  -0.891028 -0.376941 0.252952  0.976124 0.927365
0  0.417704 -2.480157 -6.784536  -0.707163 -0.587107 0.393987  0.980847 0.927365
no_material
0  0.522958 -2.378361 -6.538154  -0.454042 -0.638400 0.621524  0.985571 0.935857
0  0.417704 -2.480157 -6.784536  -0.707163 -0.587107 0.393987  0.980847 0.927365
0  0.522958 -2.543656 -6.741922  -0.454039 -0.739835 0.496480  0.985571 0.927365
no_material
0  0.646691 -2.407168 -6.510109  -0.156346 -0.707703 0.688994  0.990295 0.935857
0  0.522958 -2.543656 -6.741922  -0.454039 -0.739835 0.496480  0.985571 0.927365
0  0.646691 -2.577039 -6.719520  -0.156499 -0.820128 0.550361  0.990295 0.927365
no_material
0  0.776792 -2.407168 -6.510109  0.156501 -0.707686 0.688976  0.995019 0.935857
0  0.646691 -2.577039 -6.719520  -0.156499 -0.820128 0.550361  0.990295 0.927365
0  0.776792 -2.577039 -6.719520  0.156449 -0.820135 0.550366  0.995019 0.927365
no_material
0  0.900525 -2.378361 -6.538154  0.454084 -0.638385 0.621508  0.905269 0.935857
0  0.776792 -2.577039 -6.719520  0.156449 -0.820135 0.550366  0.900545 0.927365
0  0.900525 -2.543656 -6.741922  0.454040 -0.739834 0.496481  0.905269 0.927365
no_material
0  1.005779 -2.323569 -6.591499  0.707164 -0.506613 0.493217  0.909992 0.935857
0  0.900525 -2.543656 -6.741922  0.454040 -0.739834 0.496481  0.905269 0.927365
0  1.005779 -2.480157 -6.784536  0.707199 -0.587077 0.393967  0.909992 0.927365
no_material
0  1.082250 -2.248153 -6.664920  0.891029 -0.325259 0.316660  0.914715 0.935857
0  1.005779 -2.480157 -6.784536  0.707199 -0.587077 0.393967  0.909992 0.927365
0  1.082250 -2.392759 -6.843184  0.891051 -0.376903 0.252926  0.914715 0.927365
no_material
0  1.122453 -2.159497 -6.751234  0.987694 -0.112059 0.109098  0.919439 0.935857
0  1.082250 -2.392759 -6.843184  0.891051 -0.376903 0.252926  0.914715 0.927365
0  1.122453 -2.290016 -6.912132  0.987694 -0.129865 0.087149  0.919439 0.927365
no_material
0  0.110120 -0.864516 -7.638710  -0.962967 -0.253793 -0.091020  0.087192 0.522926
0  0.118831 -0.897861 -5.301235  -0.862788 -0.498944 0.081556  0.085118 0.369622
0  0.110120 -0.864516 -5.300415  -0.962970 -0.253783 0.091013  0.087192 0.370248
no_material
0  0.126595 -0.864516 -7.725079  -0.895638 -0.257363 -0.362763  0.087229 0.528667
0  0.118831 -0.897861 -7.637887  -0.862797 -0.498929 -0.081554  0.085118 0.523310
0  0.110120 -0.864516 -7.638710  -0.962967 -0.253793 -0.091020  0.087192 0.522926
no_material
0  0.178843 -0.864516 -7.804621  -0.683224 -0.257728 -0.683214  0.087233 0.534881
0  0.134825 -0.897861 -7.721744  -0.800243 -0.504545 -0.324107  0.085156 0.528924
0  0.126595 -0.864516 -7.725079  -0.895638 -0.257363 -0.362763  0.087229 0.528667
no_material
0  0.258386 -0.864516 -7.856870  -0.362746 -0.257367 -0.895644  0.087229 0.541095
0  0.185132 -0.897861 -7.798332  -0.610249 -0.505165 -0.610250  0.085161 0.534952
0  0.178843 -0.864516 -7.804621  -0.683224 -0.257728 -0.683214  0.087233 0.534881
no_material
0  0.344753 -0.864516 -7.873342  -0.091017 -0.253750 -0.962978  0.087192 0.546836
0  0.261720 -0.897861 -7.848639  -0.324121 -0.504521 -0.800253  0.085156 0.540978
0  0.258386 -0.864516 -7.856870  -0.362746 -0.257367 -0.895644  0.087229 0.541095
no_material
0  1.078730 -0.864516 -7.873342  0.091001 -0.253743 -0.962981  0.087192 0.594761
0  0.345576 -0.897861 -7.864634  -0.081554 -0.498891 -0.862819  0.085118 0.546593
0  0.344753 -0.864516 -7.873342  -0.091017 -0.253750 -0.962978  0.087192 0.546836
no_material
0  1.165097 -0.864516 -7.856870  0.362761 -0.257363 -0.895639  0.012854 0.656710
0  1.077907 -0.897861 -7.864634  0.081546 -0.498914 -0.862806  0.010120 0.657715
0  1.078730 -0.864516 -7.873342  0.091001 -0.253743 -0.962981  0.010120 0.656727
no_material
0  1.244640 -0.864516 -7.804621  0.683219 -0.257727 -0.683219  0.015814 0.656708
0  1.161763 -0.897861 -7.848639  0.324114 -0.504557 -0.800232  0.012794 0.657697
0  1.165097 -0.864516 -7.856870  0.362761 -0.257363 -0.895639  0.012854 0.656710
no_material
0  1.296888 -0.864516 -7.725079  0.895643 -0.257354 -0.362758  0.018774 0.656710
0  1.238350 -0.897861 -7.798332  0.610244 -0.505162 -0.610257  0.015665 0.657695
0  1.244640 -0.864516 -7.804621  0.683219 -0.257727 -0.683219  0.015814 0.656708
no_material
0  1.313361 -0.864516 -7.638710  0.962972 -0.253773 -0.091017  0.021508 0.656727
0  1.288657 -0.897861 -7.721744  0.800263 -0.504508 -0.324116  0.018535 0.657697
0  1.296888 -0.864516 -7.725079  0.895643 -0.257354 -0.362758  0.018774 0.656710
no_material
0  1.313361 -0.864516 -5.300415  0.962974 -0.253766 0.091011  0.094231 0.656727
0  1.304652 -0.897861 -7.637887  0.862795 -0.498934 -0.081550  0.021210 0.657715
0  1.313361 -0.864516 -7.638710  0.962972 -0.253773 -0.091017  0.021508 0.656727
no_material
0  1.296888 -0.864516 -5.214046  0.895652 -0.257324 0.362755  0.096965 0.656710
0  1.304652 -0.897861 -5.301235  0.862802 -0.498920 0.081553  0.094413 0.657715
0  1.313361 -0.864516 -5.300415  0.962974 -0.253766 0.091011  0.094231 0.656727
no_material
0  1.244640 -0.864516 -5.134504  0.683224 -0.257713 0.683220  0.099925 0.656708
0  1.288657 -0.897861 -5.217378  0.800242 -0.504538 0.324120  0.097088 0.657697
0  1.296888 -0.864516 -5.214046  0.895652 -0.257324 0.362755  0.096965 0.656710
no_material
0  1.165097 -0.864516 -5.082255  0.362763 -0.257353 0.895641  0.102885 0.656710
0  1.238350 -0.897861 -5.140792  0.610248 -0.505159 0.610255  0.099958 0.657695
0  1.244640 -0.864516 -5.134504  0.683224 -0.257713 0.683220  0.099925 0.656708
no_material
0  1.078730 -0.864516 -5.065780  0.091019 -0.253828 0.962957  0.105619 0.656727
0  1.161763 -0.897860 -5.090486  0.324122 -0.504550 0.800234  0.102829 0.657697
0  1.165097 -0.864516 -5.082255  0.362763 -0.257353 0.895641  0.102885 0.656710
no_material
0  0.344753 -0.864516 -5.065780  -0.091022 -0.253834 0.962956  0.128446 0.656727
0  1.077907 -0.897860 -5.074492  0.081546 -0.498928 0.862798  0.105504 0.657715
0  1.078730 -0.864516 -5.065780  0.091019 -0.253828 0.962957  0.105619 0.656727
no_material
0  0.258386 -0.864516 -5.082255  -0.362763 -0.257364 0.895638  0.087229 0.352079
0  0.345576 -0.897860 -5.074492  -0.081547 -0.498944 0.862789  0.085118 0.346338
0  0.344753 -0.864516 -5.065780  -0.091022 -0.253834 0.962956  0.087192 0.346338
no_material
0  0.178843 -0.864516 -5.134504  -0.683221 -0.257720 0.683220  0.087233 0.358293
0  0.261720 -0.897860 -5.090486  -0.324126 -0.504535 0.800242  0.085156 0.351953
0  0.258386 -0.864516 -5.082255  -0.362763 -0.257364 0.895638  0.087229 0.352079
no_material
0  0.126595 -0.864516 -5.214046  -0.895649 -0.257330 0.362760  0.087229 0.364507
0  0.185132 -0.897861 -5.140792  -0.610245 -0.505159 0.610259  0.085161 0.357979
0  0.178843 -0.864516 -5.134504  -0.683221 -0.257720 0.683220  0.087233 0.358293
no_material
0  0.110120 -0.864516 -5.300415  -0.962970 -0.253783 0.091013  0.087192 0.370248
0  0.134825 -0.897861 -5.217378  -0.800233 -0.504550 0.324125  0.085156 0.364007
0  0.126595 -0.864516 -5.214046  -0.895649 -0.257330 0.362760  0.087229 0.364507
no_material
0  0.144960 -0.923990 -7.635418  -0.493438 -0.868530 -0.046639  0.082891 0.524495
0  0.118831 -0.897861 -5.301235  -0.862788 -0.498944 0.081556  0.085118 0.369622
0  0.118831 -0.897861 -7.637887  -0.862797 -0.498929 -0.081554  0.085118 0.523310
no_material
0  0.178304 -0.932700 -7.632266  -0.250559 -0.967812 -0.023684  0.080808 0.526087
0  0.144960 -0.923990 -5.303707  -0.493409 -0.868547 0.046634  0.082891 0.367686
0  0.144960 -0.923990 -7.635418  -0.493438 -0.868530 -0.046639  0.082891 0.524495
no_material
0  0.159518 -0.923990 -7.711743  -0.454190 -0.871706 -0.183958  0.082916 0.529720
0  0.118831 -0.897861 -7.637887  -0.862797 -0.498929 -0.081554  0.085118 0.523310
0  0.134825 -0.897861 -7.721744  -0.800243 -0.504545 -0.324107  0.085156 0.528924
no_material
0  0.191030 -0.932700 -7.698980  -0.230018 -0.968717 -0.093160  0.080808 0.530789
0  0.144960 -0.923990 -7.635418  -0.493438 -0.868530 -0.046639  0.082891 0.524495
0  0.159518 -0.923990 -7.711743  -0.454190 -0.871706 -0.183958  0.082916 0.529720
no_material
0  0.204000 -0.923990 -7.779464  -0.346078 -0.872040 -0.346088  0.082919 0.535169
0  0.134825 -0.897861 -7.721744  -0.800243 -0.504545 -0.324107  0.085156 0.528924
0  0.185132 -0.897861 -7.798332  -0.610249 -0.505165 -0.610250  0.085161 0.534952
no_material
0  0.228079 -0.932700 -7.755385  -0.175219 -0.968812 -0.175217  0.080808 0.535462
0  0.159518 -0.923990 -7.711743  -0.454190 -0.871706 -0.183958  0.082916 0.529720
0  0.204000 -0.923990 -7.779464  -0.346078 -0.872040 -0.346088  0.082919 0.535169
no_material
0  0.271721 -0.923990 -7.823945  -0.183961 -0.871703 -0.454195  0.082916 0.540618
0  0.185132 -0.897861 -7.798332  -0.610249 -0.505165 -0.610250  0.085161 0.534952
0  0.261720 -0.897861 -7.848639  -0.324121 -0.504521 -0.800253  0.085156 0.540978
no_material
0  0.284484 -0.932700 -7.792436  -0.093163 -0.968714 -0.230029  0.080808 0.540134
0  0.204000 -0.923990 -7.779464  -0.346078 -0.872040 -0.346088  0.082919 0.535169
0  0.271721 -0.923990 -7.823945  -0.183961 -0.871703 -0.454195  0.082916 0.540618
no_material
0  0.348045 -0.923990 -7.838504  -0.046638 -0.868554 -0.493396  0.082891 0.545844
0  0.261720 -0.897861 -7.848639  -0.324121 -0.504521 -0.800253  0.085156 0.540978
0  0.345576 -0.897861 -7.864634  -0.081554 -0.498891 -0.862819  0.085118 0.546593
no_material
0  0.351197 -0.932700 -7.805159  -0.023683 -0.967812 -0.250556  0.080808 0.544836
0  0.271721 -0.923990 -7.823945  -0.183961 -0.871703 -0.454195  0.082916 0.540618
0  0.348045 -0.923990 -7.838504  -0.046638 -0.868554 -0.493396  0.082891 0.545844
no_material
0  1.075436 -0.923990 -7.838504  0.046638 -0.868536 -0.493426  0.082891 0.594761
0  0.345576 -0.897861 -7.864634  -0.081554 -0.498891 -0.862819  0.085118 0.546593
0  1.077907 -0.897861 -7.864634  0.081546 -0.498914 -0.862806  0.085118 0.594761
no_material
0  1.072285 -0.932700 -7.805159  0.023680 -0.967812 -0.250557  0.080808 0.594761
0  0.348045 -0.923990 -7.838504  -0.046638 -0.868554 -0.493396  0.082891 0.545844
0  1.075436 -0.923990 -7.838504  0.046638 -0.868536 -0.493426  0.082891 0.594761
no_material
0  1.151762 -0.923990 -7.823945  0.183953 -0.871710 -0.454184  0.012608 0.658764
0  1.077907 -0.897861 -7.864634  0.081546 -0.498914 -0.862806  0.010120 0.657715
0  1.161763 -0.897861 -7.848639  0.324114 -0.504557 -0.800232  0.012794 0.657697
no_material
0  1.138999 -0.932700 -7.792436  0.093168 -0.968714 -0.230028  0.012359 0.659768
0  1.075436 -0.923990 -7.838504  0.046638 -0.868536 -0.493426  0.010120 0.658776
0  1.151762 -0.923990 -7.823945  0.183953 -0.871710 -0.454184  0.012608 0.658764
no_material
0  1.219482 -0.923990 -7.779464  0.346077 -0.872041 -0.346086  0.015204 0.658763
0  1.161763 -0.897861 -7.848639  0.324114 -0.504557 -0.800232  0.012794 0.657697
0  1.238350 -0.897861 -7.798332  0.610244 -0.505162 -0.610257  0.015665 0.657695
no_material
0  1.195403 -0.932700 -7.755385  0.175216 -0.968813 -0.175218  0.014585 0.659768
0  1.151762 -0.923990 -7.823945  0.183953 -0.871710 -0.454184  0.012608 0.658764
0  1.219482 -0.923990 -7.779464  0.346077 -0.872041 -0.346086  0.015204 0.658763
no_material
0  1.263965 -0.923990 -7.711743  0.454204 -0.871698 -0.183960  0.017799 0.658764
0  1.238350 -0.897861 -7.798332  0.610244 -0.505162 -0.610257  0.015665 0.657695
0  1.288657 -0.897861 -7.721744  0.800263 -0.504508 -0.324116  0.018535 0.657697
no_material
0  1.232453 -0.932700 -7.698980  0.230016 -0.968718 -0.093160  0.016810 0.659768
0  1.219482 -0.923990 -7.779464  0.346077 -0.872041 -0.346086  0.015204 0.658763
0  1.263965 -0.923990 -7.711743  0.454204 -0.871698 -0.183960  0.017799 0.658764
no_material
0  1.278523 -0.923990 -7.635418  0.493411 -0.868545 -0.046636  0.020288 0.658776
0  1.288657 -0.897861 -7.721744  0.800263 -0.504508 -0.324116  0.018535 0.657697
0  1.304652 -0.897861 -7.637887  0.862795 -0.498934 -0.081550  0.021210 0.657715
no_material
0  1.245178 -0.932700 -7.632266  0.250555 -0.967813 -0.023681  0.019050 0.659768
0  1.263965 -0.923990 -7.711743  0.454204 -0.871698 -0.183960  0.017799 0.658764
0  1.278523 -0.923990 -7.635418  0.493411 -0.868545 -0.046636  0.020288 0.658776
no_material
0  1.278523 -0.923990 -5.303707  0.493436 -0.868531 0.046636  0.094978 0.658776
0  1.304652 -0.897861 -7.637887  0.862795 -0.498934 -0.081550  0.021210 0.657715
0  1.304652 -0.897861 -5.301235  0.862802 -0.498920 0.081553  0.094413 0.657715
no_material
0  1.245178 -0.932699 -5.306859  0.250556 -0.967812 0.023682  0.095736 0.659768
0  1.278523 -0.923990 -7.635418  0.493411 -0.868545 -0.046636  0.020288 0.658776
0  1.278523 -0.923990 -5.303707  0.493436 -0.868531 0.046636  0.094978 0.658776
no_material
0  1.263965 -0.923990 -5.227381  0.454179 -0.871713 0.183951  0.097467 0.658764
0  1.304652 -0.897861 -5.301235  0.862802 -0.498920 0.081553  0.094413 0.657715
0  1.288657 -0.897861 -5.217378  0.800242 -0.504538 0.324120  0.097088 0.657697
no_material
0  1.232453 -0.932699 -5.240145  0.230013 -0.968718 0.093160  0.097976 0.659768
0  1.278523 -0.923990 -5.303707  0.493436 -0.868531 0.046636  0.094978 0.658776
0  1.263965 -0.923990 -5.227381  0.454179 -0.871713 0.183951  0.097467 0.658764
no_material
0  1.219482 -0.923990 -5.159660  0.346078 -0.872043 0.346078  0.100062 0.658763
0  1.288657 -0.897861 -5.217378  0.800242 -0.504538 0.324120  0.097088 0.657697
0  1.238350 -0.897861 -5.140792  0.610248 -0.505159 0.610255  0.099958 0.657695
no_material
0  1.195403 -0.932699 -5.183740  0.175217 -0.968814 0.175210  0.100201 0.659768
0  1.263965 -0.923990 -5.227381  0.454179 -0.871713 0.183951  0.097467 0.658764
0  1.219482 -0.923990 -5.159660  0.346078 -0.872043 0.346078  0.100062 0.658763
no_material
0  1.151762 -0.923990 -5.115177  0.183965 -0.871692 0.454213  0.102657 0.658764
0  1.238350 -0.897861 -5.140792  0.610248 -0.505159 0.610255  0.099958 0.657695
0  1.161763 -0.897860 -5.090486  0.324122 -0.504550 0.800234  0.102829 0.657697
no_material
0  1.138999 -0.932699 -5.146689  0.093157 -0.968718 0.230014  0.102427 0.659768
0  1.219482 -0.923990 -5.159660  0.346078 -0.872043 0.346078  0.100062 0.658763
0  1.151762 -0.923990 -5.115177  0.183965 -0.871692 0.454213  0.102657 0.658764
no_material
0  1.075436 -0.923990 -5.100621  0.046632 -0.868551 0.493402  0.105146 0.658776
0  1.161763 -0.897860 -5.090486  0.324122 -0.504550 0.800234  0.102829 0.657697
0  1.077907 -0.897860 -5.074492  0.081546 -0.498928 0.862798  0.105504 0.657715
no_material
0  1.072285 -0.932699 -5.133966  0.023679 -0.967813 0.250556  0.104667 0.659768
0  1.151762 -0.923990 -5.115177  0.183965 -0.871692 0.454213  0.102657 0.658764
0  1.075436 -0.923990 -5.100621  0.046632 -0.868551 0.493402  0.105146 0.658776
no_material
0  0.348045 -0.923990 -5.100621  -0.046635 -0.868537 0.493425  0.128446 0.658776
0  1.077907 -0.897860 -5.074492  0.081546 -0.498928 0.862798  0.105504 0.657715
0  0.345576 -0.897860 -5.074492  -0.081547 -0.498944 0.862789  0.128446 0.657715
no_material
0  0.351197 -0.932699 -5.133966  -0.023679 -0.967814 0.250550  0.128446 0.659768
0  1.075436 -0.923990 -5.100621  0.046632 -0.868551 0.493402  0.105146 0.658776
0  0.348045 -0.923990 -5.100621  -0.046635 -0.868537 0.493425  0.128446 0.658776
no_material
0  0.271721 -0.923990 -5.115177  -0.183957 -0.871700 0.454201  0.082916 0.351563
0  0.345576 -0.897860 -5.074492  -0.081547 -0.498944 0.862789  0.085118 0.346338
0  0.261720 -0.897860 -5.090486  -0.324126 -0.504535 0.800242  0.085156 0.351953
no_material
0  0.284484 -0.932699 -5.146689  -0.093158 -0.968718 0.230015  0.080808 0.351041
0  0.348045 -0.923990 -5.100621  -0.046635 -0.868537 0.493425  0.082891 0.346338
0  0.271721 -0.923990 -5.115177  -0.183957 -0.871700 0.454201  0.082916 0.351563
no_material
0  0.204000 -0.923990 -5.159660  -0.346082 -0.872041 0.346081  0.082919 0.357012
0  0.261720 -0.897860 -5.090486  -0.324126 -0.504535 0.800242  0.085156 0.351953
0  0.185132 -0.897861 -5.140792  -0.610245 -0.505159 0.610259  0.085161 0.357979
no_material
0  0.228079 -0.932699 -5.183740  -0.175219 -0.968813 0.175214  0.080808 0.355713
0  0.271721 -0.923990 -5.115177  -0.183957 -0.871700 0.454201  0.082916 0.351563
0  0.204000 -0.923990 -5.159660  -0.346082 -0.872041 0.346081  0.082919 0.357012
no_material
0  0.159518 -0.923990 -5.227381  -0.454197 -0.871702 0.183957  0.082916 0.362461
0  0.185132 -0.897861 -5.140792  -0.610245 -0.505159 0.610259  0.085161 0.357979
0  0.134825 -0.897861 -5.217378  -0.800233 -0.504550 0.324125  0.085156 0.364007
no_material
0  0.191030 -0.932699 -5.240145  -0.230015 -0.968718 0.093161  0.080808 0.360385
0  0.204000 -0.923990 -5.159660  -0.346082 -0.872041 0.346081  0.082919 0.357012
0  0.159518 -0.923990 -5.227381  -0.454197 -0.871702 0.183957  0.082916 0.362461
no_material
0  0.144960 -0.923990 -5.303707  -0.493409 -0.868547 0.046634  0.082891 0.367686
0  0.134825 -0.897861 -5.217378  -0.800233 -0.504550 0.324125  0.085156 0.364007
0  0.118831 -0.897861 -5.301235  -0.862788 -0.498944 0.081556  0.085118 0.369622
no_material
0  0.178304 -0.932699 -5.306859  -0.250558 -0.967812 0.023682  0.080808 0.365087
0  0.159518 -0.923990 -5.227381  -0.454197 -0.871702 0.183957  0.082916 0.362461
0  0.144960 -0.923990 -5.303707  -0.493409 -0.868547 0.046634  0.082891 0.367686
no_material
0  0.301030 -2.354400 -10.837883  -0.954866 0.151232 -0.255655  0.966677 0.756867
0  0.309996 -2.483081 -10.872210  -0.854270 -0.135301 -0.501913  0.971400 0.755324
0  0.301030 -2.484500 -10.837883  -0.954863 -0.151238 -0.255665  0.971400 0.756867
no_material
0  0.341233 -2.230667 -10.837883  -0.861392 0.438908 -0.255664  0.961952 0.756867
0  0.309996 -2.355820 -10.872210  -0.854275 0.135301 -0.501905  0.966677 0.755324
0  0.301030 -2.354400 -10.837883  -0.954866 0.151232 -0.255655  0.966677 0.756867
no_material
0  0.417704 -2.125413 -10.837883  -0.683602 0.683610 -0.255666  0.957229 0.756867
0  0.349321 -2.234788 -10.872210  -0.770645 0.392670 -0.501912  0.961952 0.755324
0  0.341233 -2.230667 -10.837883  -0.861392 0.438908 -0.255664  0.961952 0.756867
no_material
0  0.522958 -2.048942 -10.837883  -0.438908 0.861391 -0.255664  0.952505 0.756867
0  0.424123 -2.131832 -10.872210  -0.611589 0.611591 -0.501912  0.957229 0.755324
0  0.417704 -2.125413 -10.837883  -0.683602 0.683610 -0.255666  0.957229 0.756867
no_material
0  0.646691 -2.008739 -10.837883  -0.151238 0.954862 -0.255669  0.947781 0.756867
0  0.527079 -2.057030 -10.872210  -0.392670 0.770648 -0.501908  0.952505 0.755324
0  0.522958 -2.048942 -10.837883  -0.438908 0.861391 -0.255664  0.952505 0.756867
no_material
0  0.776792 -2.008739 -10.837883  0.151234 0.954864 -0.255662  0.943058 0.756867
0  0.648111 -2.017705 -10.872210  -0.135305 0.854269 -0.501913  0.947781 0.755324
0  0.646691 -2.008739 -10.837883  -0.151238 0.954862 -0.255669  0.947781 0.756867
no_material
0  0.900525 -2.048942 -10.837883  0.438899 0.861396 -0.255663  0.938334 0.756867
0  0.775371 -2.017705 -10.872210  0.135302 0.854272 -0.501909  0.943058 0.755324
0  0.776792 -2.008739 -10.837883  0.151234 0.954864 -0.255662  0.943058 0.756867
no_material
0  1.005779 -2.125413 -10.837883  0.683613 0.683600 -0.255664  0.933610 0.756867
0  0.896403 -2.057030 -10.872210  0.392663 0.770649 -0.501913  0.938334 0.755324
0  0.900525 -2.048942 -10.837883  0.438899 0.861396 -0.255663  0.938334 0.756867
no_material
0  1.082250 -2.230667 -10.837883  0.861399 0.438898 -0.255656  0.928887 0.756867
0  0.999360 -2.131832 -10.872210  0.611587 0.611591 -0.501914  0.933610 0.755324
0  1.005779 -2.125413 -10.837883  0.683613 0.683600 -0.255664  0.933610 0.756867
no_material
0  1.122453 -2.354400 -10.837883  0.954862 0.151240 -0.255667  0.924164 0.756867
0  1.074161 -2.234788 -10.872210  0.770647 0.392671 -0.501909  0.928887 0.755324
0  1.082250 -2.230667 -10.837883  0.861399 0.438898 -0.255656  0.928887 0.756867
no_material
0  1.122453 -2.484500 -10.837883  0.954867 -0.151228 -0.255653  0.919439 0.756867
0  1.113487 -2.355820 -10.872210  0.854273 0.135305 -0.501906  0.924164 0.755324
0  1.122453 -2.354400 -10.837883  0.954862 0.151240 -0.255667  0.924164 0.756867
no_material
0  1.082250 -2.608234 -10.837883  0.861396 -0.438897 -0.255669  0.914715 0.756867
0  1.113487 -2.483081 -10.872210  0.854275 -0.135298 -0.501904  0.919439 0.755324
0  1.122453 -2.484500 -10.837883  0.954867 -0.151228 -0.255653  0.919439 0.756867
no_material
0  1.005779 -2.713487 -10.837883  0.683605 -0.683609 -0.255662  0.909992 0.756867
0  1.074161 -2.604112 -10.872210  0.770644 -0.392668 -0.501916  0.914715 0.755324
0  1.082250 -2.608234 -10.837883  0.861396 -0.438897 -0.255669  0.914715 0.756867
no_material
0  0.900525 -2.789958 -10.837883  0.438908 -0.861391 -0.255665  0.905269 0.756867
0  0.999360 -2.707068 -10.872210  0.611585 -0.611596 -0.501910  0.909992 0.755324
0  1.005779 -2.713487 -10.837883  0.683605 -0.683609 -0.255662  0.909992 0.756867
no_material
0  0.776792 -2.830162 -10.837883  0.151239 -0.954864 -0.255659  0.900545 0.756867
0  0.896403 -2.781870 -10.872210  0.392662 -0.770649 -0.501913  0.905269 0.755324
0  0.900525 -2.789958 -10.837883  0.438908 -0.861391 -0.255665  0.905269 0.756867
no_material
0  0.646691 -2.830162 -10.837883  -0.151236 -0.954863 -0.255666  0.990295 0.756867
0  0.775371 -2.821196 -10.872210  0.135304 -0.854271 -0.501910  0.995019 0.755324
0  0.776792 -2.830162 -10.837883  0.151239 -0.954864 -0.255659  0.995019 0.756867
no_material
0  0.522958 -2.789958 -10.837883  -0.438904 -0.861394 -0.255663  0.985571 0.756867
0  0.648111 -2.821196 -10.872210  -0.135300 -0.854271 -0.501911  0.990295 0.755324
0  0.646691 -2.830162 -10.837883  -0.151236 -0.954863 -0.255666  0.990295 0.756867
no_material
0  0.417704 -2.713487 -10.837883  -0.683613 -0.683601 -0.255661  0.980847 0.756867
0  0.527079 -2.781870 -10.872210  -0.392668 -0.770648 -0.501909  0.985571 0.755324
0  0.522958 -2.789958 -10.837883  -0.438904 -0.861394 -0.255663  0.985571 0.756867
no_material
0  0.341233 -2.608234 -10.837883  -0.861404 -0.438887 -0.255659  0.976124 0.756867
0  0.424123 -2.707068 -10.872210  -0.611588 -0.611590 -0.501914  0.980847 0.755324
0  0.417704 -2.713487 -10.837883  -0.683613 -0.683601 -0.255661  0.980847 0.756867
no_material
0  0.301030 -2.484500 -10.837883  -0.954863 -0.151238 -0.255665  0.971400 0.756867
0  0.349321 -2.604112 -10.872210  -0.770651 -0.392662 -0.501910  0.976124 0.755324
0  0.341233 -2.608234 -10.837883  -0.861404 -0.438887 -0.255659  0.976124 0.756867
no_material
0  0.336893 -2.360080 -10.899107  -0.486586 0.077066 -0.870227  0.966677 0.753660
0  0.309996 -2.483081 -10.872210  -0.854270 -0.135301 -0.501913  0.971400 0.755324
0  0.309996 -2.355820 -10.872210  -0.854275 0.135301 -0.501905  0.966677 0.755324
no_material
0  0.371219 -2.365517 -10.908072  -0.246724 0.039076 -0.968298  0.966677 0.752101
0  0.336893 -2.478820 -10.899107  -0.486572 -0.077091 -0.870232  0.971400 0.753660
0  0.336893 -2.360080 -10.899107  -0.486586 0.077066 -0.870227  0.966677 0.753660
no_material
0  0.373586 -2.247152 -10.899107  -0.438953 0.223654 -0.870229  0.961952 0.753660
0  0.309996 -2.355820 -10.872210  -0.854275 0.135301 -0.501905  0.966677 0.755324
0  0.349321 -2.234788 -10.872210  -0.770645 0.392670 -0.501912  0.961952 0.755324
no_material
0  0.404551 -2.262929 -10.908072  -0.222571 0.113406 -0.968298  0.961952 0.752101
0  0.336893 -2.360080 -10.899107  -0.486586 0.077066 -0.870227  0.966677 0.753660
0  0.373586 -2.247152 -10.899107  -0.438953 0.223654 -0.870229  0.961952 0.753660
no_material
0  0.443380 -2.151089 -10.899107  -0.348348 0.348362 -0.870229  0.957229 0.753660
0  0.349321 -2.234788 -10.872210  -0.770645 0.392670 -0.501912  0.961952 0.755324
0  0.424123 -2.131832 -10.872210  -0.611589 0.611591 -0.501912  0.957229 0.755324
no_material
0  0.467954 -2.175663 -10.908072  -0.176637 0.176634 -0.968297  0.957229 0.752101
0  0.373586 -2.247152 -10.899107  -0.438953 0.223654 -0.870229  0.961952 0.753660
0  0.443380 -2.151089 -10.899107  -0.348348 0.348362 -0.870229  0.957229 0.753660
no_material
0  0.539442 -2.081295 -10.899107  -0.223654 0.438955 -0.870228  0.952505 0.753660
0  0.424123 -2.131832 -10.872210  -0.611589 0.611591 -0.501912  0.957229 0.755324
0  0.527079 -2.057030 -10.872210  -0.392670 0.770648 -0.501908  0.952505 0.755324
no_material
0  0.555220 -2.112261 -10.908072  -0.113395 0.222569 -0.968300  0.952505 0.752101
0  0.443380 -2.151089 -10.899107  -0.348348 0.348362 -0.870229  0.957229 0.753660
0  0.539442 -2.081295 -10.899107  -0.223654 0.438955 -0.870228  0.952505 0.753660
no_material
0  0.652371 -2.044603 -10.899107  -0.077069 0.486583 -0.870228  0.947781 0.753660
0  0.527079 -2.057030 -10.872210  -0.392670 0.770648 -0.501908  0.952505 0.755324
0  0.648111 -2.017705 -10.872210  -0.135305 0.854269 -0.501913  0.947781 0.755324
no_material
0  0.657808 -2.078928 -10.908072  -0.039076 0.246723 -0.968298  0.947781 0.752101
0  0.539442 -2.081295 -10.899107  -0.223654 0.438955 -0.870228  0.952505 0.753660
0  0.652371 -2.044603 -10.899107  -0.077069 0.486583 -0.870228  0.947781 0.753660
no_material
0  0.771111 -2.044603 -10.899107  0.077073 0.486585 -0.870227  0.943058 0.753660
0  0.648111 -2.017705 -10.872210  -0.135305 0.854269 -0.501913  0.947781 0.755324
0  0.775371 -2.017705 -10.872210  0.135302 0.854272 -0.501909  0.943058 0.755324
no_material
0  0.765675 -2.078928 -10.908072  0.039079 0.246723 -0.968298  0.943058 0.752101
0  0.652371 -2.044603 -10.899107  -0.077069 0.486583 -0.870228  0.947781 0.753660
0  0.771111 -2.044603 -10.899107  0.077073 0.486585 -0.870227  0.943058 0.753660
no_material
0  0.884040 -2.081295 -10.899107  0.223654 0.438954 -0.870229  0.938334 0.753660
0  0.775371 -2.017705 -10.872210  0.135302 0.854272 -0.501909  0.943058 0.755324
0  0.896403 -2.057030 -10.872210  0.392663 0.770649 -0.501913  0.938334 0.755324
no_material
0  0.868262 -2.112261 -10.908072  0.113399 0.222570 -0.968299  0.938334 0.752101
0  0.771111 -2.044603 -10.899107  0.077073 0.486585 -0.870227  0.943058 0.753660
0  0.884040 -2.081295 -10.899107  0.223654 0.438954 -0.870229  0.938334 0.753660
no_material
0  0.980103 -2.151089 -10.899107  0.348359 0.348348 -0.870229  0.933610 0.753660
0  0.896403 -2.057030 -10.872210  0.392663 0.770649 -0.501913  0.938334 0.755324
0  0.999360 -2.131832 -10.872210  0.611587 0.611591 -0.501914  0.933610 0.755324
no_material
0  0.955529 -2.175663 -10.908072  0.176630 0.176634 -0.968299  0.933610 0.752101
0  0.884040 -2.081295 -10.899107  0.223654 0.438954 -0.870229  0.938334 0.753660
0  0.980103 -2.151089 -10.899107  0.348359 0.348348 -0.870229  0.933610 0.753660
no_material
0  1.049896 -2.247152 -10.899107  0.438943 0.223661 -0.870232  0.928887 0.753660
0  0.999360 -2.131832 -10.872210  0.611587 0.611591 -0.501914  0.933610 0.755324
0  1.074161 -2.234788 -10.872210  0.770647 0.392671 -0.501909  0.928887 0.755324
no_material
0  1.018931 -2.262929 -10.908072  0.222562 0.113405 -0.968300  0.928887 0.752101
0  0.980103 -2.151089 -10.899107  0.348359 0.348348 -0.870229  0.933610 0.753660
0  1.049896 -2.247152 -10.899107  0.438943 0.223661 -0.870232  0.928887 0.753660
no_material
0  1.086589 -2.360080 -10.899107  0.486590 0.077074 -0.870224  0.924164 0.753660
0  1.074161 -2.234788 -10.872210  0.770647 0.392671 -0.501909  0.928887 0.755324
0  1.113487 -2.355820 -10.872210  0.854273 0.135305 -0.501906  0.924164 0.755324
no_material
0  1.052264 -2.365517 -10.908072  0.246733 0.039077 -0.968295  0.924164 0.752101
0  1.049896 -2.247152 -10.899107  0.438943 0.223661 -0.870232  0.928887 0.753660
0  1.086589 -2.360080 -10.899107  0.486590 0.077074 -0.870224  0.924164 0.753660
no_material
0  1.086589 -2.478820 -10.899107  0.486575 -0.077065 -0.870233  0.919439 0.753660
0  1.113487 -2.355820 -10.872210  0.854273 0.135305 -0.501906  0.924164 0.755324
0  1.113487 -2.483081 -10.872210  0.854275 -0.135298 -0.501904  0.919439 0.755324
no_material
0  1.052264 -2.473384 -10.908072  0.246702 -0.039077 -0.968303  0.919439 0.752101
0  1.086589 -2.360080 -10.899107  0.486590 0.077074 -0.870224  0.924164 0.753660
0  1.086589 -2.478820 -10.899107  0.486575 -0.077065 -0.870233  0.919439 0.753660
no_material
0  1.049896 -2.591749 -10.899107  0.438952 -0.223655 -0.870230  0.914715 0.753660
0  1.113487 -2.483081 -10.872210  0.854275 -0.135298 -0.501904  0.919439 0.755324
0  1.074161 -2.604112 -10.872210  0.770644 -0.392668 -0.501916  0.914715 0.755324
no_material
0  1.018931 -2.575972 -10.908072  0.222575 -0.113408 -0.968297  0.914715 0.752101
0  1.086589 -2.478820 -10.899107  0.486575 -0.077065 -0.870233  0.919439 0.753660
0  1.049896 -2.591749 -10.899107  0.438952 -0.223655 -0.870230  0.914715 0.753660
no_material
0  0.980103 -2.687812 -10.899107  0.348342 -0.348365 -0.870230  0.909992 0.753660
0  1.074161 -2.604112 -10.872210  0.770644 -0.392668 -0.501916  0.914715 0.755324
0  0.999360 -2.707068 -10.872210  0.611585 -0.611596 -0.501910  0.909992 0.755324
no_material
0  0.955529 -2.663237 -10.908072  0.176629 -0.176632 -0.968299  0.909992 0.752101
0  1.049896 -2.591749 -10.899107  0.438952 -0.223655 -0.870230  0.914715 0.753660
0  0.980103 -2.687812 -10.899107  0.348342 -0.348365 -0.870230  0.909992 0.753660
no_material
0  0.884040 -2.757606 -10.899107  0.223645 -0.438955 -0.870231  0.905269 0.753660
0  0.999360 -2.707068 -10.872210  0.611585 -0.611596 -0.501910  0.909992 0.755324
0  0.896403 -2.781870 -10.872210  0.392662 -0.770649 -0.501913  0.905269 0.755324
no_material
0  0.868262 -2.726640 -10.908072  0.113396 -0.222572 -0.968299  0.905269 0.752101
0  0.980103 -2.687812 -10.899107  0.348342 -0.348365 -0.870230  0.909992 0.753660
0  0.884040 -2.757606 -10.899107  0.223645 -0.438955 -0.870231  0.905269 0.753660
no_material
0  0.771111 -2.794298 -10.899107  0.077060 -0.486582 -0.870230  0.900545 0.753660
0  0.896403 -2.781870 -10.872210  0.392662 -0.770649 -0.501913  0.905269 0.755324
0  0.775371 -2.821196 -10.872210  0.135304 -0.854271 -0.501910  0.900545 0.755324
no_material
0  0.765675 -2.759973 -10.908072  0.039071 -0.246721 -0.968298  0.900545 0.752101
0  0.884040 -2.757606 -10.899107  0.223645 -0.438955 -0.870231  0.905269 0.753660
0  0.771111 -2.794298 -10.899107  0.077060 -0.486582 -0.870230  0.900545 0.753660
no_material
0  0.652371 -2.794298 -10.899107  -0.077067 -0.486584 -0.870228  0.990295 0.753660
0  0.775371 -2.821196 -10.872210  0.135304 -0.854271 -0.501910  0.995019 0.755324
0  0.648111 -2.821196 -10.872210  -0.135300 -0.854271 -0.501911  0.990295 0.755324
no_material
0  0.657808 -2.759973 -10.908072  -0.039070 -0.246719 -0.968299  0.990295 0.752101
0  0.771111 -2.794298 -10.899107  0.077060 -0.486582 -0.870230  0.995019 0.753660
0  0.652371 -2.794298 -10.899107  -0.077067 -0.486584 -0.870228  0.990295 0.753660
no_material
0  0.539442 -2.757606 -10.899107  -0.223657 -0.438955 -0.870227  0.985571 0.753660
0  0.648111 -2.821196 -10.872210  -0.135300 -0.854271 -0.501911  0.990295 0.755324
0  0.527079 -2.781870 -10.872210  -0.392668 -0.770648 -0.501909  0.985571 0.755324
no_material
0  0.555220 -2.726640 -10.908072  -0.113388 -0.222570 -0.968301  0.985571 0.752101
0  0.652371 -2.794298 -10.899107  -0.077067 -0.486584 -0.870228  0.990295 0.753660
0  0.539442 -2.757606 -10.899107  -0.223657 -0.438955 -0.870227  0.985571 0.753660
no_material
0  0.443380 -2.687812 -10.899107  -0.348331 -0.348319 -0.870253  0.980847 0.753660
0  0.527079 -2.781870 -10.872210  -0.392668 -0.770648 -0.501909  0.985571 0.755324
0  0.424123 -2.707068 -10.872210  -0.611588 -0.611590 -0.501914  0.980847 0.755324
no_material
0  0.467954 -2.663237 -10.908072  -0.176648 -0.176633 -0.968296  0.980847 0.752101
0  0.539442 -2.757606 -10.899107  -0.223657 -0.438955 -0.870227  0.985571 0.753660
0  0.443380 -2.687812 -10.899107  -0.348331 -0.348319 -0.870253  0.980847 0.753660
no_material
0  0.373586 -2.591749 -10.899107  -0.438951 -0.223660 -0.870229  0.976124 0.753660
0  0.424123 -2.707068 -10.872210  -0.611588 -0.611590 -0.501914  0.980847 0.755324
0  0.349321 -2.604112 -10.872210  -0.770651 -0.392662 -0.501910  0.976124 0.755324
no_material
0  0.404551 -2.575972 -10.908072  -0.222576 -0.113407 -0.968297  0.976124 0.752101
0  0.443380 -2.687812 -10.899107  -0.348331 -0.348319 -0.870253  0.980847 0.753660
0  0.373586 -2.591749 -10.899107  -0.438951 -0.223660 -0.870229  0.976124 0.753660
no_material
0  0.336893 -2.478820 -10.899107  -0.486572 -0.077091 -0.870232  0.971400 0.753660
0  0.349321 -2.604112 -10.872210  -0.770651 -0.392662 -0.501910  0.976124 0.755324
0  0.309996 -2.483081 -10.872210  -0.854270 -0.135301 -0.501913  0.971400 0.755324
no_material
0  0.371219 -2.473384 -10.908072  -0.246712 -0.039078 -0.968301  0.971400 0.752101
0  0.373586 -2.591749 -10.899107  -0.438951 -0.223660 -0.870229  0.976124 0.753660
0  0.336893 -2.478820 -10.899107  -0.486572 -0.077091 -0.870232  0.971400 0.753660
no_material
0  22.138109 -0.272413 -29.752621  1.000000 0.000000 0.000000  0.642354 0.152865
0  22.138109 -0.535368 12.320708  1.000000 0.000000 0.000000  0.243881 0.148682
0  22.138109 -0.535371 -29.752621  1.000000 0.000000 0.000000  0.642354 0.148682
no_material
0  0.021683 -0.272413 -29.752621  -1.000000 0.000000 0.000000  0.240848 0.805905
0  0.021683 0.516465 12.320708  -1.000000 0.000000 0.000000  0.651317 0.818094
0  0.021683 0.516462 -29.752621  -1.000000 0.000000 0.000000  0.240848 0.818094
no_material
0  -0.278703 -0.272409 12.320708  0.000000 1.000000 -0.000000  0.651317 0.801263
0  0.021683 -0.272413 -29.752621  0.000000 1.000000 -0.000000  0.240848 0.805905
0  -0.278703 -0.272413 -29.752621  0.000000 1.000000 -0.000000  0.240848 0.801263
no_material
0  22.138109 0.516462 -29.752621  0.000000 0.000000 -1.000000  0.000593 0.241429
0  0.021683 -0.272413 -29.752621  0.000000 0.000000 -1.000000  0.243071 0.230614
0  0.021683 0.516462 -29.752621  0.000000 0.000000 -1.000000  0.243071 0.241429
no_material
0  1.425464 -0.510802 10.916927  0.008749 -0.999923 -0.008749  0.637621 0.768944
0  0.021683 -0.535371 -29.752621  0.005832 -0.999966 0.005832  0.240848 0.790634
0  1.425464 -0.510805 -28.348839  0.008749 -0.999923 0.008749  0.254544 0.768944
no_material
0  20.734329 -0.510802 10.916927  -0.008749 -0.999923 -0.008749  0.600907 0.872863
0  0.021683 -0.535368 12.320708  0.005831 -0.999966 -0.005831  0.373819 0.892112
0  1.425464 -0.510802 10.916927  0.008749 -0.999923 -0.008749  0.389210 0.872863
no_material
0  20.734329 -0.510805 -28.348839  -0.008749 -0.999923 0.008749  0.629058 0.126345
0  22.138109 -0.535368 12.320708  -0.008749 -0.999923 -0.008749  0.243881 0.148682
0  20.734329 -0.510802 10.916927  -0.008749 -0.999923 -0.008749  0.257176 0.126345
no_material
0  1.425464 -0.510805 -28.348839  0.008749 -0.999923 0.008749  0.227681 0.207759
0  22.138109 -0.535371 -29.752621  -0.008749 -0.999923 0.008749  0.000593 0.227008
0  20.734329 -0.510805 -28.348839  -0.008749 -0.999923 0.008749  0.015984 0.207759
no_material
0  20.814533 0.493303 10.997131  -0.008749 0.999923 -0.008749  0.256417 0.186476
0  22.138109 0.516462 -29.752621  -0.008749 0.999924 0.008749  0.642354 0.165416
0  20.814533 0.493300 -28.429041  -0.008749 0.999923 0.008749  0.629818 0.186476
no_material
0  1.345260 0.493303 10.997131  0.008749 0.999923 -0.008749  0.388330 0.924681
0  22.138109 0.516465 12.320708  -0.008749 0.999924 -0.008749  0.616297 0.906532
0  20.814533 0.493303 10.997131  -0.008749 0.999923 -0.008749  0.601786 0.924681
no_material
0  1.345260 0.493300 -28.429041  0.008749 0.999923 0.008749  0.253761 0.838549
0  0.021683 0.516465 12.320708  0.008749 0.999923 -0.008749  0.651317 0.818094
0  1.345260 0.493303 10.997131  0.008749 0.999923 -0.008749  0.638404 0.838549
no_material
0  20.814533 0.493300 -28.429041  -0.008749 0.999923 0.008749  0.015104 0.259578
0  0.021683 0.516462 -29.752621  0.008749 0.999924 0.008749  0.243071 0.241429
0  1.345260 0.493300 -28.429041  0.008749 0.999923 0.008749  0.228560 0.259578
no_material
0  1.425464 -0.535331 10.916927  -1.000000 0.000000 0.000000  0.637621 0.768565
0  1.425464 -0.510805 -28.348839  -1.000000 0.000000 0.000000  0.254544 0.768944
0  1.425464 -0.535334 -28.348839  -1.000000 0.000000 0.000000  0.254544 0.768565
no_material
0  20.734329 -0.535331 10.916927  0.000000 0.000000 1.000000  0.600907 0.872526
0  1.425464 -0.510802 10.916927  0.000000 0.000000 1.000000  0.389210 0.872863
0  1.425464 -0.535331 10.916927  0.000000 0.000000 1.000000  0.389210 0.872526
no_material
0  20.734329 -0.535334 -28.348839  1.000000 0.000000 0.000000  0.629058 0.125955
0  20.734329 -0.510802 10.916927  1.000000 0.000000 0.000000  0.257176 0.126345
0  20.734329 -0.535331 10.916927  1.000000 0.000000 0.000000  0.257176 0.125955
no_material
0  1.425464 -0.535334 -28.348839  0.000000 0.000000 -1.000000  0.227681 0.207423
0  20.734329 -0.510805 -28.348839  0.000000 0.000000 -1.000000  0.015984 0.207759
0  20.734329 -0.535334 -28.348839  0.000000 0.000000 -1.000000  0.015984 0.207423
no_material
0  20.174482 0.188079 10.426576  -0.193097 0.957112 -0.215987  0.261726 0.198087
0  20.734329 0.411680 -28.348839  -0.193091 0.957112 0.215991  0.629155 0.188491
0  20.174482 0.188076 -27.858486  -0.193097 0.957112 0.215988  0.624509 0.198087
no_material
0  1.985311 0.188079 10.426576  0.193097 0.957112 -0.215988  0.395242 0.933814
0  20.734329 0.411683 10.916927  -0.193072 0.957111 -0.216014  0.601019 0.926418
0  20.174482 0.188079 10.426576  -0.193097 0.957112 -0.215987  0.594874 0.933814
no_material
0  1.985311 0.188076 -27.858486  0.193067 0.957111 0.216018  0.259230 0.849825
0  1.425464 0.411683 10.916927  0.193092 0.957112 -0.215991  0.637721 0.840505
0  1.985311 0.188079 10.426576  0.193097 0.957112 -0.215988  0.632935 0.849825
no_material
0  20.174482 0.188076 -27.858486  -0.193097 0.957112 0.215988  0.022016 0.268711
0  1.425464 0.411680 -28.348839  0.193072 0.957111 0.216013  0.227793 0.261315
0  1.985311 0.188076 -27.858486  0.193067 0.957111 0.216018  0.221648 0.268711
no_material
0  1.802480 -0.639611 10.539910  -0.000000 -1.000000 0.000000  0.634071 0.761818
0  1.529745 -0.639614 -28.244560  0.000000 -1.000000 0.000000  0.255432 0.766035
0  1.802480 -0.639614 -27.971823  0.000000 -1.000000 0.000000  0.258094 0.761818
no_material
0  20.357313 -0.639611 10.539910  0.000000 -1.000000 0.000000  0.596914 0.866537
0  1.529745 -0.639611 10.812645  -0.000000 -1.000000 0.000000  0.390208 0.870281
0  1.802480 -0.639611 10.539910  -0.000000 -1.000000 0.000000  0.393202 0.866537
no_material
0  20.357313 -0.639614 -27.971823  -0.000000 -1.000000 0.000000  0.625612 0.119009
0  20.630049 -0.639611 10.812645  0.000000 -1.000000 0.000000  0.258038 0.123351
0  20.357313 -0.639611 10.539910  0.000000 -1.000000 0.000000  0.260623 0.119009
no_material
0  1.802480 -0.639614 -27.971823  0.000000 -1.000000 0.000000  0.223688 0.201434
0  20.630049 -0.639614 -28.244560  -0.000000 -1.000000 0.000000  0.016982 0.205178
0  20.357313 -0.639614 -27.971823  -0.000000 -1.000000 0.000000  0.019976 0.201434
no_material
0  1.935180 -0.273602 -27.864269  0.994156 -0.107950 0.000000  0.258982 0.755214
0  1.906760 -0.535331 10.435630  0.994156 -0.107948 0.000000  0.633183 0.759289
0  1.906760 -0.535333 -27.867544  0.994156 -0.107950 0.000000  0.258982 0.759289
no_material
0  1.935180 -0.273599 10.432355  0.000000 -0.012512 -0.999922  0.394201 0.860664
0  20.253033 -0.535331 10.435630  0.000000 -0.012512 -0.999922  0.595915 0.864290
0  1.906760 -0.535331 10.435630  0.000000 -0.012512 -0.999922  0.394201 0.864290
no_material
0  20.224611 -0.273599 10.432355  -0.994157 -0.107943 0.000000  0.261485 0.112209
0  20.253033 -0.535333 -27.867544  -0.994154 -0.107973 0.000000  0.624750 0.116404
0  20.253033 -0.535331 10.435630  -0.994157 -0.107943 0.000000  0.261485 0.116404
no_material
0  20.224611 -0.273602 -27.864269  0.000000 -0.012512 0.999922  0.020975 0.195561
0  1.906760 -0.535333 -27.867544  0.000000 -0.012512 0.999922  0.222689 0.199187
0  20.253033 -0.535333 -27.867544  0.000000 -0.012512 0.999922  0.020975 0.199187
no_material
0  1.478748 -0.626291 10.863643  -0.265594 -0.926752 0.265687  0.637231 0.766850
0  1.529745 -0.639614 -28.244560  -0.128434 -0.983368 -0.128425  0.255432 0.766035
0  1.529745 -0.639611 10.812645  -0.128432 -0.983367 0.128430  0.636733 0.766035
no_material
0  20.681046 -0.626291 10.863643  0.265540 -0.926793 0.265599  0.600468 0.871005
0  1.529745 -0.639611 10.812645  -0.128432 -0.983367 0.128430  0.390208 0.870281
0  20.630049 -0.639611 10.812645  0.128435 -0.983367 0.128427  0.599908 0.870281
no_material
0  20.681046 -0.626294 -28.295559  0.265580 -0.926766 -0.265655  0.628680 0.124190
0  20.630049 -0.639611 10.812645  0.128435 -0.983367 0.128427  0.258038 0.123351
0  20.630049 -0.639614 -28.244560  0.128431 -0.983368 -0.128427  0.628196 0.123351
no_material
0  1.478748 -0.626294 -28.295559  -0.265601 -0.926767 -0.265628  0.227242 0.205902
0  20.630049 -0.639614 -28.244560  0.128431 -0.983368 -0.128427  0.016982 0.205178
0  1.529745 -0.639614 -28.244560  -0.128434 -0.983368 -0.128425  0.226682 0.205178
no_material
0  1.893440 -0.586328 10.448951  0.867595 -0.497271 0.000002  0.633183 0.760129
0  1.906760 -0.535333 -27.867544  0.967538 -0.252725 0.000000  0.258982 0.759289
0  1.906760 -0.535331 10.435630  0.967537 -0.252729 0.000000  0.633183 0.759289
no_material
0  20.266354 -0.586328 10.448951  0.000001 -0.497272 -0.867594  0.595915 0.865037
0  1.906760 -0.535331 10.435630  0.000000 -0.252727 -0.967538  0.394201 0.864290
0  20.253033 -0.535331 10.435630  0.000000 -0.252728 -0.967537  0.595915 0.864290
no_material
0  20.266354 -0.586331 -27.880861  -0.867584 -0.497290 -0.000006  0.624750 0.117270
0  20.253033 -0.535331 10.435630  -0.967544 -0.252703 0.000000  0.261485 0.116404
0  20.253033 -0.535333 -27.867544  -0.967535 -0.252737 0.000000  0.624750 0.116404
no_material
0  1.893440 -0.586331 -27.880861  -0.000001 -0.497249 0.867608  0.222689 0.199934
0  20.253033 -0.535333 -27.867544  0.000000 -0.252659 0.967555  0.020975 0.199187
0  1.906760 -0.535333 -27.867544  0.000000 -0.252660 0.967555  0.222689 0.199187
no_material
0  1.478748 -0.626291 10.863643  -0.265594 -0.926752 0.265687  0.637231 0.766850
0  1.438785 -0.586331 -28.335516  -0.867601 -0.497260 -0.000001  0.254544 0.767724
0  1.478748 -0.626294 -28.295559  -0.265601 -0.926767 -0.265628  0.254934 0.766850
no_material
0  1.438785 -0.586328 10.903605  -0.867610 -0.497246 -0.000004  0.637621 0.767724
0  1.425464 -0.535334 -28.348839  -0.967538 -0.252724 0.000000  0.254544 0.768565
0  1.438785 -0.586331 -28.335516  -0.867601 -0.497260 -0.000001  0.254544 0.767724
no_material
0  20.681046 -0.626291 10.863643  0.265540 -0.926793 0.265599  0.600468 0.871005
0  1.438785 -0.586328 10.903605  0.000003 -0.497266 0.867598  0.389210 0.871780
0  1.478748 -0.626291 10.863643  -0.265594 -0.926752 0.265687  0.389648 0.871005
no_material
0  20.721008 -0.586328 10.903605  -0.000003 -0.497307 0.867575  0.600907 0.871780
0  1.425464 -0.535331 10.916927  0.000000 -0.252745 0.967533  0.389210 0.872526
0  1.438785 -0.586328 10.903605  0.000003 -0.497266 0.867598  0.389210 0.871780
no_material
0  20.681046 -0.626294 -28.295559  0.265580 -0.926766 -0.265655  0.628680 0.124190
0  20.721008 -0.586328 10.903605  0.867609 -0.497247 -0.000004  0.257176 0.125090
0  20.681046 -0.626291 10.863643  0.265540 -0.926793 0.265599  0.257555 0.124190
no_material
0  20.721008 -0.586331 -28.335516  0.867601 -0.497261 -0.000001  0.629058 0.125090
0  20.734329 -0.535331 10.916927  0.967539 -0.252721 0.000000  0.257176 0.125955
0  20.721008 -0.586328 10.903605  0.867609 -0.497247 -0.000004  0.257176 0.125090
no_material
0  1.478748 -0.626294 -28.295559  -0.265601 -0.926767 -0.265628  0.227242 0.205902
0  20.721008 -0.586331 -28.335516  -0.000005 -0.497250 -0.867607  0.015984 0.206677
0  20.681046 -0.626294 -28.295559  0.265580 -0.926766 -0.265655  0.016422 0.205902
no_material
0  1.438785 -0.586331 -28.335516  0.000005 -0.497247 -0.867609  0.227681 0.206677
0  20.734329 -0.535334 -28.348839  0.000000 -0.252761 -0.967529  0.015984 0.207423
0  20.721008 -0.586331 -28.335516  -0.000005 -0.497250 -0.867607  0.015984 0.206677
no_material
0  1.893440 -0.586328 10.448951  0.867595 -0.497271 0.000002  0.633183 0.760129
0  1.853477 -0.626294 -27.920824  0.265585 -0.926784 0.265585  0.258592 0.761003
0  1.893440 -0.586331 -27.880861  0.867610 -0.497245 -0.000006  0.258982 0.760129
no_material
0  1.853477 -0.626291 10.488914  0.265592 -0.926780 -0.265592  0.633573 0.761003
0  1.802480 -0.639614 -27.971823  0.128432 -0.983368 0.128424  0.258094 0.761818
0  1.853477 -0.626294 -27.920824  0.265585 -0.926784 0.265585  0.258592 0.761003
no_material
0  20.266354 -0.586328 10.448951  0.000001 -0.497272 -0.867594  0.595915 0.865037
0  1.853477 -0.626291 10.488914  0.265592 -0.926780 -0.265592  0.393762 0.865813
0  1.893440 -0.586328 10.448951  -0.000001 -0.497254 -0.867605  0.394201 0.865037
no_material
0  20.306316 -0.626291 10.488914  -0.265586 -0.926783 -0.265588  0.596354 0.865813
0  1.802480 -0.639611 10.539910  0.128433 -0.983367 -0.128429  0.393202 0.866537
0  1.853477 -0.626291 10.488914  0.265592 -0.926780 -0.265592  0.393762 0.865813
no_material
0  20.266354 -0.586331 -27.880861  -0.867584 -0.497290 -0.000006  0.624750 0.117270
0  20.306316 -0.626291 10.488914  -0.265586 -0.926783 -0.265588  0.261107 0.118170
0  20.266354 -0.586328 10.448951  -0.867605 -0.497254 0.000001  0.261485 0.117270
no_material
0  20.306316 -0.626294 -27.920824  -0.265591 -0.926782 0.265586  0.625128 0.118170
0  20.357313 -0.639611 10.539910  -0.128437 -0.983367 -0.128429  0.260623 0.119009
0  20.306316 -0.626291 10.488914  -0.265586 -0.926783 -0.265588  0.261107 0.118170
no_material
0  1.893440 -0.586331 -27.880861  -0.000001 -0.497249 0.867608  0.222689 0.199934
0  20.306316 -0.626294 -27.920824  -0.265591 -0.926782 0.265586  0.020536 0.200710
0  20.266354 -0.586331 -27.880861  0.000001 -0.497232 0.867617  0.020975 0.199934
no_material
0  1.853477 -0.626294 -27.920824  0.265585 -0.926784 0.265585  0.223128 0.200710
0  20.357313 -0.639614 -27.971823  -0.128430 -0.983368 0.128429  0.019976 0.201434
0  20.306316 -0.626294 -27.920824  -0.265591 -0.926782 0.265586  0.020536 0.200710
no_material
0  20.744553 0.451182 10.927149  -0.870335 0.492461 0.000003  0.257080 0.187822
0  20.734329 0.411680 -28.348839  -0.968088 0.250610 -0.000000  0.629155 0.188491
0  20.734329 0.411683 10.916927  -0.968089 0.250605 -0.000000  0.257080 0.188491
no_material
0  1.415242 0.451182 10.927149  -0.000001 0.492467 -0.870331  0.389097 0.925841
0  20.734329 0.411683 10.916927  0.000000 0.250526 -0.968110  0.601019 0.926418
0  1.425464 0.411683 10.916927  0.000000 0.250525 -0.968110  0.389097 0.926418
no_material
0  1.415242 0.451179 -28.359060  0.870328 0.492472 -0.000002  0.254444 0.839855
0  1.425464 0.411683 10.916927  0.968109 0.250531 -0.000000  0.637721 0.840505
0  1.425464 0.411680 -28.348839  0.968106 0.250542 -0.000000  0.254444 0.840505
no_material
0  20.744553 0.451179 -28.359060  -0.000000 0.492461 0.870334  0.015871 0.260738
0  1.425464 0.411680 -28.348839  0.000000 0.250525 0.968110  0.227793 0.261315
0  20.734329 0.411680 -28.348839  0.000000 0.250526 0.968110  0.015871 0.261315
no_material
0  20.744553 0.451182 10.927149  -0.870335 0.492461 0.000003  0.257080 0.187822
0  20.775219 0.482388 -28.389727  -0.271945 0.923086 0.271951  0.629446 0.187125
0  20.744553 0.451179 -28.359060  -0.870322 0.492483 -0.000003  0.629155 0.187822
no_material
0  20.775219 0.482391 10.957816  -0.271962 0.923081 -0.271954  0.256789 0.187125
0  20.814533 0.493300 -28.429041  -0.136186 0.981279 0.136178  0.629818 0.186476
0  20.775219 0.482388 -28.389727  -0.271945 0.923086 0.271951  0.629446 0.187125
no_material
0  1.415242 0.451182 10.927149  -0.000001 0.492467 -0.870331  0.389097 0.925841
0  20.775219 0.482391 10.957816  -0.271962 0.923081 -0.271954  0.601355 0.925241
0  20.744553 0.451182 10.927149  -0.000000 0.492466 -0.870332  0.601019 0.925841
no_material
0  1.384575 0.482391 10.957816  0.271945 0.923088 -0.271946  0.388761 0.925241
0  20.814533 0.493303 10.997131  -0.136185 0.981278 -0.136184  0.601786 0.924681
0  20.775219 0.482391 10.957816  -0.271962 0.923081 -0.271954  0.601355 0.925241
no_material
0  1.415242 0.451179 -28.359060  0.870328 0.492472 -0.000002  0.254444 0.839855
0  1.384575 0.482391 10.957816  0.271945 0.923088 -0.271946  0.638020 0.839179
0  1.415242 0.451182 10.927149  0.870332 0.492465 0.000002  0.637721 0.839855
no_material
0  1.384575 0.482388 -28.389727  0.271952 0.923084 0.271953  0.254145 0.839179
0  1.345260 0.493303 10.997131  0.136186 0.981279 -0.136178  0.638404 0.838549
0  1.384575 0.482391 10.957816  0.271945 0.923088 -0.271946  0.638020 0.839179
no_material
0  20.744553 0.451179 -28.359060  -0.000000 0.492461 0.870334  0.015871 0.260738
0  1.384575 0.482388 -28.389727  0.271952 0.923084 0.271953  0.228129 0.260138
0  1.415242 0.451179 -28.359060  -0.000001 0.492456 0.870338  0.227793 0.260738
no_material
0  20.775219 0.482388 -28.389727  -0.271945 0.923086 0.271951  0.015535 0.260138
0  1.345260 0.493300 -28.429041  0.136180 0.981279 0.136185  0.228560 0.259578
0  1.384575 0.482388 -28.389727  0.271952 0.923084 0.271953  0.228129 0.260138
no_material
0  22.138109 -0.272413 -29.752621  1.000000 0.000000 0.000000  0.642354 0.152865
0  22.138109 0.516465 12.320708  1.000000 0.000000 0.000000  0.243881 0.165416
0  22.138109 -0.272409 12.320708  1.000000 0.000000 0.000000  0.243881 0.152865
no_material
0  22.138109 -0.272409 12.320708  -0.000000 0.000000 1.000000  0.616297 0.895717
0  0.021683 0.516465 12.320708  0.000000 0.000000 1.000000  0.373819 0.906532
0  0.021683 -0.272409 12.320708  0.000000 0.000000 1.000000  0.373819 0.895717
no_material
0  -0.393011 -0.386720 -29.752621  -1.000000 0.000000 0.000000  0.240848 0.798520
0  -0.393011 -0.421060 12.320708  -1.000000 0.000000 0.000000  0.651317 0.797990
0  -0.393011 -0.386717 12.320708  -1.000000 0.000000 0.000000  0.651317 0.798520
no_material
0  -0.278703 -0.535371 -29.752621  0.000000 -1.000000 0.000000  0.240848 0.795276
0  0.021683 -0.535368 12.320708  0.005831 -0.999966 -0.005831  0.651317 0.790634
0  -0.278703 -0.535368 12.320708  0.000000 -1.000000 0.000000  0.651317 0.795276
no_material
0  -0.378409 -0.330816 12.320708  -0.867597 0.497268 -0.000000  0.651317 0.799413
0  -0.393011 -0.386720 -29.752621  -0.967539 0.252723 -0.000000  0.240848 0.798520
0  -0.393011 -0.386717 12.320708  -0.967539 0.252723 -0.000000  0.651317 0.798520
no_material
0  -0.334604 -0.520766 12.320708  -0.497265 -0.867599 0.000000  0.651317 0.796140
0  -0.278703 -0.535371 -29.752621  -0.252727 -0.967538 0.000000  0.240848 0.795276
0  -0.278703 -0.535368 12.320708  -0.252727 -0.967538 0.000000  0.651317 0.795276
no_material
0  -0.378409 -0.330816 12.320708  -0.867597 0.497268 -0.000000  0.651317 0.799413
0  -0.334604 -0.287014 -29.752621  -0.497265 0.867598 -0.000000  0.240848 0.800370
0  -0.378409 -0.330819 -29.752621  -0.867596 0.497270 -0.000000  0.240848 0.799413
no_material
0  -0.334604 -0.287011 12.320708  -0.497266 0.867598 -0.000000  0.651317 0.800370
0  -0.278703 -0.272413 -29.752621  -0.252727 0.967538 -0.000000  0.240848 0.801263
0  -0.334604 -0.287014 -29.752621  -0.497265 0.867598 -0.000000  0.240848 0.800370
no_material
0  -0.334604 -0.520766 12.320708  -0.497265 -0.867599 0.000000  0.651317 0.796140
0  -0.378409 -0.476964 -29.752621  -0.867597 -0.497269 0.000000  0.240848 0.797097
0  -0.334604 -0.520769 -29.752621  -0.497266 -0.867598 0.000000  0.240848 0.796140
no_material
0  -0.378409 -0.476961 12.320708  -0.867596 -0.497269 0.000000  0.651317 0.797097
0  -0.393011 -0.421063 -29.752621  -0.967539 -0.252723 0.000000  0.240848 0.797990
0  -0.378409 -0.476964 -29.752621  -0.867597 -0.497269 0.000000  0.240848 0.797097
no_material
0  20.202902 -0.073655 -27.861767  0.000000 -0.012533 0.999921  0.020978 0.189553
0  1.985311 0.188076 -27.858486  0.000000 -0.012533 0.999922  0.222686 0.185908
0  1.956891 -0.073655 -27.861767  0.000000 -0.012533 0.999921  0.222686 0.189553
no_material
0  20.202902 -0.073653 10.429852  -0.994157 -0.107945 0.000000  0.261485 0.105297
0  20.174482 0.188076 -27.858486  -0.994156 -0.107949 0.000000  0.624749 0.101101
0  20.202902 -0.073655 -27.861767  -0.994156 -0.107949 0.000000  0.624749 0.105297
no_material
0  1.956891 -0.073653 10.429852  0.000000 -0.012515 -0.999922  0.394204 0.854656
0  20.174482 0.188079 10.426576  0.000000 -0.012515 -0.999922  0.595912 0.851011
0  20.202902 -0.073653 10.429852  0.000000 -0.012515 -0.999922  0.595912 0.854656
no_material
0  1.956891 -0.073655 -27.861767  0.994156 -0.107948 0.000000  0.258982 0.748501
0  1.985311 0.188079 10.426576  0.994156 -0.107950 0.000000  0.633183 0.744425
0  1.956891 -0.073653 10.429852  0.994156 -0.107950 0.000000  0.633183 0.748501
no_material
0  1.819703 -0.259606 10.548501  0.994157 -0.107948 0.000000  0.634318 0.753414
0  1.841413 -0.059663 -27.977911  0.994157 -0.107948 0.000000  0.257847 0.750301
0  1.841413 -0.059660 10.545999  0.994157 -0.107948 0.000000  0.634318 0.750301
no_material
0  20.340090 -0.259606 10.548501  0.000000 -0.012515 -0.999922  0.597189 0.859051
0  1.841413 -0.059660 10.545999  0.000000 -0.012515 -0.999922  0.392928 0.856274
0  20.318380 -0.059660 10.545999  0.000000 -0.012515 -0.999922  0.597189 0.856274
no_material
0  20.340090 -0.259609 -27.980415  -0.994158 -0.107938 0.000000  0.625851 0.110356
0  20.318380 -0.059660 10.545999  -0.994158 -0.107932 0.000000  0.260384 0.107151
0  20.318380 -0.059663 -27.977911  -0.994158 -0.107938 0.000000  0.625851 0.107151
no_material
0  1.819703 -0.259609 -27.980415  0.000000 -0.012524 0.999922  0.223963 0.193948
0  20.318380 -0.059663 -27.977911  0.000000 -0.012524 0.999922  0.019702 0.191171
0  1.841413 -0.059663 -27.977911  0.000000 -0.012524 0.999922  0.223963 0.191171
no_material
0  1.841413 -0.059663 -27.977911  -0.060145 -0.996370 -0.060240  0.257847 0.750301
0  1.956891 -0.073653 10.429852  -0.060438 -0.996370 0.059948  0.633183 0.748501
0  1.841413 -0.059660 10.545999  -0.060145 -0.996370 0.060239  0.634318 0.750301
no_material
0  1.819703 -0.259606 10.548501  0.060144 0.996370 -0.060240  0.634318 0.753414
0  1.935180 -0.273602 -27.864269  0.060437 0.996370 0.059948  0.258982 0.755214
0  1.819703 -0.259609 -27.980415  0.060145 0.996370 0.060240  0.257847 0.753414
no_material
0  1.841413 -0.059660 10.545999  -0.060145 -0.996370 0.060239  0.392928 0.856274
0  20.202902 -0.073653 10.429852  0.060437 -0.996370 0.059948  0.595912 0.854656
0  20.318380 -0.059660 10.545999  0.060144 -0.996370 0.060239  0.597189 0.856274
no_material
0  20.340090 -0.259606 10.548501  -0.060145 0.996370 -0.060240  0.597189 0.859051
0  1.935180 -0.273599 10.432355  0.060438 0.996370 -0.059948  0.394201 0.860664
0  1.819703 -0.259606 10.548501  0.060144 0.996370 -0.060240  0.392928 0.859051
no_material
0  20.318380 -0.059660 10.545999  0.060144 -0.996370 0.060239  0.260384 0.107151
0  20.202902 -0.073655 -27.861767  0.060436 -0.996370 -0.059949  0.624749 0.105297
0  20.318380 -0.059663 -27.977911  0.060145 -0.996370 -0.060239  0.625851 0.107151
no_material
0  20.340090 -0.259609 -27.980415  -0.060143 0.996370 0.060240  0.625851 0.110356
0  20.224611 -0.273599 10.432355  -0.060437 0.996370 -0.059949  0.261485 0.112209
0  20.340090 -0.259606 10.548501  -0.060145 0.996370 -0.060240  0.260384 0.110356
no_material
0  20.318380 -0.059663 -27.977911  0.060145 -0.996370 -0.060239  0.019702 0.191171
0  1.956891 -0.073655 -27.861767  -0.060437 -0.996370 -0.059949  0.222686 0.189553
0  1.841413 -0.059663 -27.977911  -0.060145 -0.996370 -0.060240  0.223963 0.191171
no_material
0  1.819703 -0.259609 -27.980415  0.060145 0.996370 0.060240  0.223963 0.193948
0  20.224611 -0.273602 -27.864269  -0.060436 0.996370 0.059949  0.020975 0.195561
0  20.340090 -0.259609 -27.980415  -0.060143 0.996370 0.060240  0.019702 0.193948
no_material
0  1.956891 -0.073655 -27.861767  -0.994156 0.107949 -0.000000  0.746190 0.490095
0  1.935180 -0.273599 10.432355  -0.994157 0.107948 -0.000000  0.746476 0.995340
0  1.956891 -0.073653 10.429852  -0.994156 0.107948 -0.000000  0.746190 0.995307
no_material
0  1.956891 -0.073653 10.429852  0.000000 0.012519 0.999922  0.746190 0.995307
0  20.224611 -0.273599 10.432355  0.000000 0.012519 0.999922  0.505169 0.995340
0  20.202902 -0.073653 10.429852  0.000000 0.012519 0.999922  0.505455 0.995307
no_material
0  20.202902 -0.073653 10.429852  0.994159 0.107929 -0.000000  0.505455 0.995307
0  20.224611 -0.273602 -27.864269  0.994157 0.107947 -0.000000  0.505169 0.490062
0  20.202902 -0.073655 -27.861767  0.994157 0.107947 -0.000000  0.505455 0.490095
no_material
0  20.202902 -0.073655 -27.861767  0.000000 0.012515 -0.999922  0.505455 0.490095
0  1.935180 -0.273602 -27.864269  0.000000 0.012515 -0.999922  0.746476 0.490062
0  1.956891 -0.073655 -27.861767  0.000000 0.012515 -0.999922  0.746190 0.490095
no_material
0  20.202902 -0.073655 -27.861767  0.000000 1.000000 -0.000000  0.505455 0.490095
0  1.956891 -0.073653 10.429852  0.000000 1.000000 -0.000000  0.746190 0.995307
0  20.202902 -0.073653 10.429852  0.000000 1.000000 -0.000000  0.505455 0.995307
no_material
0  1.935180 -0.273602 -27.864269  0.000000 -1.000000 0.000000  0.754620 0.490062
0  20.224611 -0.273599 10.432355  0.000000 -1.000000 0.000000  0.995928 0.995340
0  1.935180 -0.273599 10.432355  0.000000 -1.000000 0.000000  0.754620 0.995340
no_material
0  0.347998 0.597462 12.320708  0.000010 0.000000 1.000000  0.785450 0.491429
0  0.304193 0.787412 12.320708  -0.000008 0.000000 1.000000  0.784774 0.493286
0  -0.052094 0.801904 12.320708  0.000000 0.000000 1.000000  0.779274 0.493427
no_material
0  0.347998 0.743604 -29.752621  -0.000007 0.000000 -1.000000  0.785450 0.500334
0  0.304193 0.553654 -29.752621  -0.000001 0.000000 -1.000000  0.784774 0.502190
0  -0.052094 0.539052 -29.752621  0.000001 0.000000 -1.000000  0.779274 0.502333
no_material
0  -0.052094 -0.249929 12.320708  0.000000 0.000000 1.000000  0.148417 0.960774
0  -0.052094 0.539055 12.320708  0.000000 0.000000 1.000000  0.148417 0.950009
0  -22.168520 0.801904 12.320708  0.000000 0.000000 1.000000  0.392567 0.946422
no_material
0  -0.052094 0.539052 -29.752621  0.000001 0.000000 -1.000000  0.841419 0.950487
0  -22.168520 -0.249932 -29.752621  -0.000000 0.000000 -1.000000  0.597310 0.961254
0  -22.168520 0.801901 -29.752621  -0.000000 0.000000 -1.000000  0.597310 0.946901
no_material
0  -1.924028 0.212020 10.454620  0.999595 -0.028445 0.000000  0.497025 0.995928
0  -1.929731 0.011602 -27.878290  0.999595 -0.028442 0.000000  0.496949 0.490170
0  -1.924028 0.212017 -27.886534  0.999595 -0.028442 0.000000  0.497025 0.490062
no_material
0  -1.924028 0.212017 -27.886534  0.000000 -0.041098 -0.999155  0.497025 0.490062
0  -20.290884 0.011602 -27.878290  0.000000 -0.041098 -0.999155  0.254696 0.490170
0  -20.296587 0.212017 -27.886534  0.000000 -0.041098 -0.999155  0.254620 0.490062
no_material
0  -20.296587 0.212017 -27.886534  -0.999596 -0.028437 0.000000  0.254620 0.490062
0  -20.290884 0.011605 10.446380  -0.999595 -0.028457 0.000000  0.254696 0.995819
0  -20.296587 0.212020 10.454620  -0.999595 -0.028457 0.000000  0.254620 0.995928
no_material
0  -1.929731 0.011605 10.446380  0.000000 -0.041083 0.999156  0.496949 0.995819
0  -20.296587 0.212020 10.454620  0.000000 -0.041083 0.999156  0.254620 0.995928
0  -20.290884 0.011605 10.446380  0.000000 -0.041083 0.999156  0.254696 0.995819
no_material
0  -1.924028 0.212017 -27.886534  0.000000 1.000000 -0.000000  0.004072 0.490062
0  -20.296587 0.212020 10.454620  0.000000 1.000000 -0.000000  0.246476 0.995928
0  -1.924028 0.212020 10.454620  0.000000 1.000000 -0.000000  0.004072 0.995928
no_material
0  -20.290884 0.011605 10.446380  0.000000 -1.000000 0.000000  0.254696 0.995819
0  -1.929731 0.011602 -27.878290  0.000000 -1.000000 0.000000  0.496949 0.490170
0  -1.929731 0.011605 10.446380  0.000000 -1.000000 0.000000  0.496949 0.995819
no_material
0  0.347998 0.597459 -29.752621  0.867596 -0.497269 0.000000  0.243494 0.253350
0  0.362599 0.653363 12.320708  0.967539 -0.252723 0.000000  0.652628 0.252455
0  0.347998 0.597462 12.320708  0.867596 -0.497269 0.000000  0.652628 0.253350
no_material
0  0.304193 0.553654 -29.752621  0.497265 -0.867599 0.000000  0.243494 0.254311
0  0.347998 0.597462 12.320708  0.867596 -0.497269 0.000000  0.652628 0.253350
0  0.304193 0.553657 12.320708  0.497266 -0.867598 0.000000  0.652628 0.254311
no_material
0  -0.052094 0.539055 12.320708  1.000000 0.000000 0.000000  0.652628 0.259865
0  -0.052094 -0.237684 -29.752621  1.000000 0.000000 0.000000  0.243494 0.272003
0  -0.052094 0.539052 -29.752621  1.000000 0.000000 0.000000  0.243494 0.259865
no_material
0  -22.168520 -0.249932 -29.752621  -1.000000 0.000000 0.000000  0.642125 0.067574
0  -22.168520 0.801904 12.320708  -1.000000 0.000000 0.000000  0.244440 0.050807
0  -22.168520 0.801901 -29.752621  -1.000000 0.000000 0.000000  0.642125 0.050807
no_material
0  -20.774961 0.736621 10.927149  0.000001 0.492473 -0.870328  0.377183 0.927207
0  -1.414986 0.767829 10.957816  -0.271950 0.923086 -0.271947  0.163463 0.927804
0  -1.445653 0.736621 10.927149  0.000002 0.492463 -0.870334  0.163801 0.927207
no_material
0  0.304193 0.787409 -29.752621  0.497266 0.867598 -0.000000  0.243494 0.250066
0  0.248292 0.802014 12.320708  0.252727 0.967538 -0.000000  0.652628 0.249199
0  0.304193 0.787412 12.320708  0.497266 0.867598 -0.000000  0.652628 0.250066
no_material
0  -1.414986 0.767829 10.957816  -0.271950 0.923086 -0.271947  0.639375 0.223408
0  -1.375672 0.778738 -28.429041  -0.136186 0.981279 0.136176  0.256364 0.224018
0  -1.414986 0.767826 -28.389727  -0.271947 0.923087 0.271947  0.256747 0.223408
no_material
0  0.347998 0.743604 -29.752621  0.867597 0.497268 -0.000000  0.243494 0.251026
0  0.304193 0.787412 12.320708  0.497266 0.867598 -0.000000  0.652628 0.250066
0  0.347998 0.743607 12.320708  0.867596 0.497270 -0.000000  0.652628 0.251026
no_material
0  -20.805630 0.767829 10.957816  0.271957 0.923086 -0.271941  0.377521 0.927804
0  -1.375672 0.778741 10.997131  -0.136175 0.981280 -0.136181  0.163029 0.928361
0  -1.414986 0.767829 10.957816  -0.271950 0.923086 -0.271947  0.163463 0.927804
no_material
0  -1.445653 0.736621 10.927149  -0.870329 0.492471 0.000002  0.639076 0.222730
0  -1.414986 0.767826 -28.389727  -0.271947 0.923087 0.271947  0.256747 0.223408
0  -1.445653 0.736618 -28.359060  -0.870333 0.492463 -0.000002  0.257045 0.222730
no_material
0  -1.455875 -0.225366 -28.348839  -0.006404 -0.999959 0.006472  0.257144 0.293771
0  -0.052094 -0.249929 12.320708  -0.006608 -0.999939 -0.008823  0.652628 0.272003
0  -1.455875 -0.225363 10.916927  -0.006603 -0.999939 -0.008823  0.638977 0.293771
no_material
0  -20.764738 -0.225366 -28.348839  0.008902 -0.999938 0.006641  0.612813 0.980402
0  -0.052094 -0.237684 -29.752621  -0.006443 -0.999958 0.006515  0.841419 0.961087
0  -1.455875 -0.225366 -28.348839  -0.006404 -0.999959 0.006472  0.825933 0.980256
no_material
0  -20.764738 -0.225363 10.916927  0.008749 -0.999923 -0.008749  0.257709 0.089955
0  -22.168520 -0.249932 -29.752621  0.008897 -0.999939 0.006567  0.642125 0.067574
0  -20.764738 -0.225366 -28.348839  0.008902 -0.999938 0.006641  0.628856 0.089955
no_material
0  -1.455875 -0.225363 10.916927  -0.006603 -0.999939 -0.008823  0.163914 0.979930
0  -22.168520 -0.249929 12.320708  0.008749 -0.999924 -0.008749  0.392567 0.960774
0  -20.764738 -0.225363 10.916927  0.008749 -0.999923 -0.008749  0.377070 0.979930
no_material
0  -20.844942 0.778738 -28.429041  0.008749 0.999923 0.008749  0.629614 0.029704
0  -22.168520 0.801904 12.320708  0.008749 0.999923 -0.008749  0.244440 0.050807
0  -20.844942 0.778741 10.997131  0.008749 0.999923 -0.008749  0.256950 0.029704
no_material
0  -1.375672 0.778738 -28.429041  -0.008749 0.999923 0.008749  0.826810 0.928836
0  -22.168520 0.801901 -29.752621  0.008749 0.999923 0.008749  0.597310 0.946901
0  -20.844942 0.778738 -28.429041  0.008749 0.999923 0.008749  0.611919 0.928836
no_material
0  -1.375672 0.778741 10.997131  -0.008749 0.999923 -0.008750  0.639757 0.224018
0  -0.052094 0.801901 -29.752621  -0.005916 0.999966 0.005793  0.243494 0.244541
0  -1.375672 0.778738 -28.429041  -0.008749 0.999923 0.008749  0.256364 0.224018
no_material
0  -20.844942 0.778741 10.997131  0.008749 0.999923 -0.008749  0.377955 0.928361
0  -0.052094 0.801904 12.320708  -0.005883 0.999966 -0.005758  0.148417 0.946422
0  -1.375672 0.778741 10.997131  -0.008749 0.999923 -0.008750  0.163029 0.928361
no_material
0  -1.455875 -0.249895 -28.348839  1.000000 0.000000 0.000000  0.257144 0.294151
0  -1.455875 -0.225363 10.916927  1.000000 0.000000 0.000000  0.638977 0.293771
0  -1.455875 -0.249892 10.916927  1.000000 0.000000 0.000000  0.638977 0.294151
no_material
0  -20.764738 -0.249895 -28.348839  0.000000 0.000000 -1.000000  0.612813 0.980737
0  -1.455875 -0.225366 -28.348839  0.000000 0.000000 -1.000000  0.825933 0.980256
0  -1.455875 -0.249895 -28.348839  0.000000 0.000000 -1.000000  0.825934 0.980591
no_material
0  -20.764738 -0.249892 10.916927  -1.000000 0.000000 0.000000  0.257709 0.090346
0  -20.764738 -0.225366 -28.348839  -1.000000 0.000000 0.000000  0.628856 0.089955
0  -20.764738 -0.249895 -28.348839  -1.000000 0.000000 0.000000  0.628856 0.090346
no_material
0  -1.455875 -0.249892 10.916927  0.000000 0.000000 1.000000  0.163914 0.980264
0  -20.764738 -0.225363 10.916927  0.000000 0.000000 1.000000  0.377070 0.979930
0  -20.764738 -0.249892 10.916927  0.000000 0.000000 1.000000  0.377070 0.980264
no_material
0  -20.304028 0.473515 -27.897282  0.229669 0.944833 0.233543  0.624682 0.019518
0  -20.764738 0.697122 10.916927  0.229778 0.944834 -0.233432  0.257612 0.027686
0  -20.304028 0.473518 10.465370  0.229639 0.944833 -0.233573  0.261882 0.019518
no_material
0  -1.916587 0.473515 -27.897282  -0.229668 0.944834 0.233543  0.820947 0.920225
0  -20.764738 0.697119 -28.348839  0.229747 0.944834 0.233464  0.612691 0.927108
0  -20.304028 0.473515 -27.897282  0.229669 0.944833 0.233543  0.617781 0.920225
no_material
0  -1.916587 0.473518 10.465370  -0.229727 0.944834 -0.233482  0.634683 0.214133
0  -1.455875 0.697119 -28.348839  -0.229777 0.944834 0.233431  0.257045 0.222078
0  -1.916587 0.473515 -27.897282  -0.229668 0.944834 0.233543  0.261438 0.214133
no_material
0  -20.304028 0.473518 10.465370  0.229639 0.944833 -0.233573  0.372092 0.919751
0  -1.455875 0.697122 10.916927  -0.229716 0.944834 -0.233494  0.163801 0.926633
0  -1.916587 0.473518 10.465370  -0.229727 0.944834 -0.233482  0.168892 0.919751
no_material
0  -1.832891 -0.354176 -27.971823  -0.000000 -1.000000 0.000000  0.260683 0.300921
0  -1.560156 -0.354173 10.812645  -0.000000 -1.000000 0.000000  0.638092 0.296689
0  -1.832891 -0.354173 10.539910  -0.000000 -1.000000 0.000000  0.635438 0.300921
no_material
0  -20.387724 -0.354176 -27.971823  0.000000 -1.000000 0.000000  0.616835 0.986696
0  -1.560156 -0.354176 -28.244560  -0.000000 -1.000000 0.000000  0.824929 0.982827
0  -1.832891 -0.354176 -27.971823  -0.000000 -1.000000 0.000000  0.821916 0.986556
no_material
0  -20.387724 -0.354173 10.539910  0.000000 -1.000000 0.000000  0.261149 0.097305
0  -20.660458 -0.354176 -28.244560  0.000000 -1.000000 0.000000  0.627996 0.092955
0  -20.387724 -0.354176 -27.971823  0.000000 -1.000000 0.000000  0.625416 0.097305
no_material
0  -1.832891 -0.354173 10.539910  -0.000000 -1.000000 0.000000  0.167934 0.986225
0  -20.660458 -0.354173 10.812645  0.000000 -1.000000 0.000000  0.376064 0.982499
0  -20.387724 -0.354173 10.539910  0.000000 -1.000000 0.000000  0.373049 0.986225
no_material
0  -1.929731 0.011605 10.446380  -0.999595 0.028443 -0.000000  0.634682 0.203340
0  -1.937172 -0.249895 -27.867544  -0.999595 0.028446 -0.000000  0.261439 0.199273
0  -1.937172 -0.249892 10.435630  -0.999595 0.028443 -0.000000  0.634682 0.199273
no_material
0  -1.929731 0.011602 -27.878290  0.000000 0.041059 0.999157  0.820946 0.910720
0  -20.283443 -0.249895 -27.867544  0.000000 0.041059 0.999157  0.617782 0.907137
0  -1.937172 -0.249895 -27.867544  0.000000 0.041059 0.999157  0.820946 0.907137
no_material
0  -20.290884 0.011602 -27.878290  0.999596 0.028434 -0.000000  0.624682 0.008422
0  -20.283443 -0.249892 10.435630  0.999595 0.028453 -0.000000  0.261883 0.004241
0  -20.283443 -0.249895 -27.867544  0.999596 0.028434 -0.000000  0.624682 0.004241
no_material
0  -1.916587 0.473518 10.465370  0.000000 0.041074 -0.999156  0.168892 0.919751
0  -20.296587 0.212020 10.454620  0.000000 0.041074 -0.999156  0.372092 0.916173
0  -20.304028 0.473518 10.465370  0.000000 0.041074 -0.999156  0.372092 0.919751
no_material
0  -1.509159 -0.340855 -28.295559  0.265558 -0.926787 -0.265603  0.257533 0.295871
0  -1.560156 -0.354173 10.812645  0.128433 -0.983367 0.128428  0.638092 0.296689
0  -1.560156 -0.354176 -28.244560  0.128432 -0.983368 -0.128426  0.258029 0.296689
no_material
0  -20.711454 -0.340855 -28.295559  -0.265555 -0.926790 -0.265596  0.613255 0.982251
0  -1.560156 -0.354176 -28.244560  0.128432 -0.983368 -0.128426  0.824929 0.982827
0  -20.660458 -0.354176 -28.244560  -0.128426 -0.983369 -0.128424  0.613819 0.982971
no_material
0  -20.711454 -0.340852 10.863643  -0.265560 -0.926795 0.265574  0.258087 0.092114
0  -20.660458 -0.354176 -28.244560  -0.128426 -0.983369 -0.128424  0.627996 0.092955
0  -20.660458 -0.354173 10.812645  -0.128439 -0.983366 0.128429  0.258569 0.092955
no_material
0  -1.509159 -0.340852 10.863643  0.265574 -0.926796 0.265556  0.164356 0.981779
0  -20.660458 -0.354173 10.812645  -0.128439 -0.983366 0.128429  0.376064 0.982499
0  -1.560156 -0.354173 10.812645  0.128433 -0.983367 0.128428  0.164919 0.982499
no_material
0  -1.923851 -0.300893 -27.880861  -0.867597 -0.497269 -0.000006  0.261568 0.302616
0  -1.937172 -0.249892 10.435630  -0.967538 -0.252725 0.000000  0.634553 0.303460
0  -1.937172 -0.249895 -27.867544  -0.967537 -0.252729 0.000000  0.261568 0.303460
no_material
0  -20.296764 -0.300893 -27.880861  -0.000001 -0.497248 0.867608  0.617841 0.988188
0  -1.937172 -0.249895 -27.867544  0.000000 -0.252659 0.967555  0.820912 0.988792
0  -20.283443 -0.249895 -27.867544  0.000000 -0.252659 0.967555  0.617841 0.988931
no_material
0  -20.296764 -0.300890 10.448951  0.867608 -0.497249 0.000002  0.262009 0.099048
0  -20.283443 -0.249895 -27.867544  0.967534 -0.252739 0.000000  0.624556 0.099915
0  -20.283443 -0.249892 10.435630  0.967535 -0.252737 0.000000  0.262009 0.099915
no_material
0  -1.923851 -0.300890 10.448951  0.000001 -0.497272 -0.867595  0.168940 0.987718
0  -20.283443 -0.249892 10.435630  0.000000 -0.252727 -0.967538  0.372044 0.988461
0  -1.937172 -0.249892 10.435630  0.000000 -0.252727 -0.967538  0.168940 0.988461
no_material
0  -1.509159 -0.340855 -28.295559  0.265558 -0.926787 -0.265603  0.257533 0.295871
0  -1.469196 -0.300890 10.903605  0.867600 -0.497263 -0.000003  0.638977 0.294994
0  -1.509159 -0.340852 10.863643  0.265574 -0.926796 0.265556  0.638588 0.295871
no_material
0  -1.469196 -0.300893 -28.335516  0.867605 -0.497255 -0.000001  0.257144 0.294994
0  -1.455875 -0.249892 10.916927  0.967536 -0.252734 0.000000  0.638977 0.294151
0  -1.469196 -0.300890 10.903605  0.867600 -0.497263 -0.000003  0.638977 0.294994
no_material
0  -20.711454 -0.340855 -28.295559  -0.265555 -0.926790 -0.265596  0.613255 0.982251
0  -1.469196 -0.300893 -28.335516  -0.000005 -0.497252 -0.867606  0.825934 0.981333
0  -1.509159 -0.340855 -28.295559  0.265558 -0.926787 -0.265603  0.825493 0.982106
no_material
0  -20.751419 -0.300893 -28.335516  0.000006 -0.497247 -0.867609  0.612813 0.981479
0  -1.455875 -0.249895 -28.348839  0.000000 -0.252761 -0.967529  0.825934 0.980591
0  -1.469196 -0.300893 -28.335516  -0.000005 -0.497252 -0.867606  0.825934 0.981333
no_material
0  -20.711454 -0.340852 10.863643  -0.265560 -0.926795 0.265574  0.258087 0.092114
0  -20.751419 -0.300893 -28.335516  -0.867599 -0.497264 -0.000002  0.628856 0.091213
0  -20.711454 -0.340855 -28.295559  -0.265555 -0.926790 -0.265596  0.628478 0.092114
no_material
0  -20.751419 -0.300890 10.903605  -0.867644 -0.497186 -0.000004  0.257709 0.091213
0  -20.764738 -0.249895 -28.348839  -0.967539 -0.252723 0.000000  0.628856 0.090346
0  -20.751419 -0.300893 -28.335516  -0.867599 -0.497264 -0.000002  0.628856 0.091213
no_material
0  -1.509159 -0.340852 10.863643  0.265574 -0.926796 0.265556  0.164356 0.981779
0  -20.751419 -0.300890 10.903605  0.000004 -0.497265 0.867599  0.377070 0.981007
0  -20.711454 -0.340852 10.863643  -0.265560 -0.926795 0.265574  0.376628 0.981779
no_material
0  -1.469196 -0.300890 10.903605  -0.000003 -0.497262 0.867600  0.163914 0.981007
0  -20.764738 -0.249892 10.916927  0.000000 -0.252744 0.967533  0.377070 0.980264
0  -20.751419 -0.300890 10.903605  0.000004 -0.497265 0.867599  0.377070 0.981007
no_material
0  -1.923851 -0.300893 -27.880861  -0.867597 -0.497269 -0.000006  0.261568 0.302616
0  -1.883889 -0.340852 10.488914  -0.265585 -0.926783 -0.265589  0.634942 0.301739
0  -1.923851 -0.300890 10.448951  -0.867608 -0.497249 0.000001  0.634553 0.302616
no_material
0  -1.883889 -0.340855 -27.920824  -0.265593 -0.926781 0.265587  0.261180 0.301739
0  -1.832891 -0.354173 10.539910  -0.128435 -0.983367 -0.128426  0.635438 0.300921
0  -1.883889 -0.340852 10.488914  -0.265585 -0.926783 -0.265589  0.634942 0.301739
no_material
0  -20.296764 -0.300893 -27.880861  -0.000001 -0.497248 0.867608  0.617841 0.988188
0  -1.883889 -0.340855 -27.920824  -0.265593 -0.926781 0.265587  0.821353 0.987276
0  -1.923851 -0.300893 -27.880861  0.000001 -0.497232 0.867618  0.820912 0.988049
no_material
0  -20.336725 -0.340855 -27.920824  0.265577 -0.926786 0.265588  0.617399 0.987416
0  -1.832891 -0.354176 -27.971823  -0.128426 -0.983368 0.128430  0.821916 0.986556
0  -1.883889 -0.340855 -27.920824  -0.265593 -0.926781 0.265587  0.821353 0.987276
no_material
0  -20.296764 -0.300890 10.448951  0.867608 -0.497249 0.000002  0.262009 0.099048
0  -20.336725 -0.340855 -27.920824  0.265577 -0.926786 0.265588  0.624934 0.098146
0  -20.296764 -0.300893 -27.880861  0.867600 -0.497263 -0.000006  0.624556 0.099048
no_material
0  -20.336725 -0.340852 10.488914  0.265586 -0.926781 -0.265595  0.261631 0.098146
0  -20.387724 -0.354176 -27.971823  0.128430 -0.983368 0.128423  0.625416 0.097305
0  -20.336725 -0.340855 -27.920824  0.265577 -0.926786 0.265588  0.624934 0.098146
no_material
0  -1.923851 -0.300890 10.448951  0.000001 -0.497272 -0.867595  0.168940 0.987718
0  -20.336725 -0.340852 10.488914  0.265586 -0.926781 -0.265595  0.372486 0.986945
0  -20.296764 -0.300890 10.448951  -0.000002 -0.497254 -0.867605  0.372044 0.987718
no_material
0  -1.883889 -0.340852 10.488914  -0.265585 -0.926783 -0.265589  0.168498 0.986945
0  -20.387724 -0.354173 10.539910  0.128421 -0.983369 -0.128427  0.373049 0.986225
0  -20.336725 -0.340852 10.488914  0.265586 -0.926781 -0.265595  0.372486 0.986945
no_material
0  -20.774961 0.736618 -28.359060  0.870304 0.492514 -0.000003  0.628953 0.028357
0  -20.764738 0.697122 10.916927  0.968090 0.250604 -0.000000  0.257612 0.027686
0  -20.764738 0.697119 -28.348839  0.968090 0.250604 -0.000000  0.628953 0.027686
no_material
0  -1.445653 0.736618 -28.359060  0.000002 0.492458 0.870336  0.826038 0.927683
0  -20.764738 0.697119 -28.348839  0.000000 0.250526 0.968110  0.612691 0.927108
0  -1.455875 0.697119 -28.348839  0.000000 0.250526 0.968110  0.826038 0.927108
no_material
0  -1.445653 0.736621 10.927149  -0.870329 0.492471 0.000002  0.639076 0.222730
0  -1.455875 0.697119 -28.348839  -0.968109 0.250528 -0.000000  0.257045 0.222078
0  -1.455875 0.697122 10.916927  -0.968107 0.250538 -0.000000  0.639076 0.222078
no_material
0  -20.774961 0.736621 10.927149  0.000001 0.492473 -0.870328  0.377183 0.927207
0  -1.455875 0.697122 10.916927  0.000000 0.250525 -0.968110  0.163801 0.926633
0  -20.764738 0.697122 10.916927  0.000000 0.250525 -0.968110  0.377183 0.926633
no_material
0  -20.774961 0.736618 -28.359060  0.870304 0.492514 -0.000003  0.628953 0.028357
0  -20.805630 0.767829 10.957816  0.271957 0.923086 -0.271941  0.257322 0.029054
0  -20.774961 0.736621 10.927149  0.870333 0.492463 0.000003  0.257612 0.028357
no_material
0  -20.805630 0.767826 -28.389727  0.271955 0.923085 0.271946  0.629242 0.029054
0  -20.844942 0.778741 10.997131  0.136187 0.981279 -0.136179  0.256950 0.029704
0  -20.805630 0.767829 10.957816  0.271957 0.923086 -0.271941  0.257322 0.029054
no_material
0  -1.445653 0.736618 -28.359060  0.000002 0.492458 0.870336  0.826038 0.927683
0  -20.805630 0.767826 -28.389727  0.271955 0.923085 0.271946  0.612352 0.928280
0  -20.774961 0.736618 -28.359060  0.000001 0.492459 0.870336  0.612691 0.927683
no_material
0  -1.414986 0.767826 -28.389727  -0.271947 0.923087 0.271947  0.826376 0.928280
0  -20.844942 0.778738 -28.429041  0.136186 0.981279 0.136182  0.611919 0.928836
0  -20.805630 0.767826 -28.389727  0.271955 0.923085 0.271946  0.612352 0.928280
no_material
0  0.248292 0.802010 -29.752621  -0.000364 1.000000 -0.000000  0.243494 0.249199
0  -0.052094 0.801904 12.320708  -0.005883 0.999966 -0.005758  0.652628 0.244541
0  0.248292 0.802014 12.320708  -0.000364 1.000000 -0.000000  0.652628 0.249199
no_material
0  0.362599 0.687706 12.320708  1.000000 0.000000 0.000000  0.652628 0.251922
0  0.362599 0.653360 -29.752621  1.000000 0.000000 0.000000  0.243494 0.252455
0  0.362599 0.687702 -29.752621  1.000000 0.000000 0.000000  0.243494 0.251922
no_material
0  0.248292 0.539055 12.320708  0.000000 -1.000000 0.000000  0.652628 0.255207
0  -0.052094 0.539052 -29.752621  0.000000 -1.000000 0.000000  0.243494 0.259865
0  0.248292 0.539052 -29.752621  0.000000 -1.000000 0.000000  0.243494 0.255207
no_material
0  0.347998 0.743604 -29.752621  0.867597 0.497268 -0.000000  0.243494 0.251026
0  0.362599 0.687706 12.320708  0.967539 0.252723 -0.000000  0.652628 0.251922
0  0.362599 0.687702 -29.752621  0.967539 0.252723 -0.000000  0.243494 0.251922
no_material
0  0.304193 0.553654 -29.752621  0.497265 -0.867599 0.000000  0.243494 0.254311
0  0.248292 0.539055 12.320708  0.252727 -0.967538 0.000000  0.652628 0.255207
0  0.248292 0.539052 -29.752621  0.252727 -0.967538 0.000000  0.243494 0.255207
no_material
0  -20.296587 0.212017 -27.886534  0.999596 0.028426 -0.000000  0.624682 0.015341
0  -20.304028 0.473518 10.465370  0.999595 0.028449 -0.000000  0.261882 0.019518
0  -20.296587 0.212020 10.454620  0.999595 0.028449 -0.000000  0.261882 0.015341
no_material
0  -1.929731 0.011605 10.446380  0.000000 0.041074 -0.999156  0.168893 0.910247
0  -20.283443 -0.249892 10.435630  0.000000 0.041074 -0.999156  0.372091 0.906665
0  -20.290884 0.011605 10.446380  0.000000 0.041074 -0.999156  0.372091 0.910247
no_material
0  -1.924028 0.212020 10.454620  -0.999595 0.028441 -0.000000  0.634683 0.210070
0  -1.916587 0.473515 -27.897282  -0.999595 0.028442 -0.000000  0.261438 0.214133
0  -1.924028 0.212017 -27.886534  -0.999595 0.028442 -0.000000  0.261438 0.210070
no_material
0  -1.924028 0.212017 -27.886534  0.000000 0.041067 0.999156  0.820947 0.916647
0  -20.304028 0.473515 -27.897282  0.000000 0.041067 0.999156  0.617781 0.920225
0  -20.296587 0.212017 -27.886534  0.000000 0.041067 0.999156  0.617781 0.916647
no_material
0  -1.813600 0.003526 -27.994375  -0.999595 0.028443 -0.000000  0.260308 0.205147
0  -1.807898 0.203944 10.570700  -0.999595 0.028440 -0.000000  0.635813 0.208263
0  -1.807898 0.203941 -28.002613  -0.999595 0.028443 -0.000000  0.260308 0.208263
no_material
0  -20.407015 0.003526 -27.994375  0.000000 0.041069 0.999156  0.616497 0.912312
0  -1.807898 0.203941 -28.002613  0.000000 0.041069 0.999156  0.822231 0.915056
0  -20.412716 0.203941 -28.002613  0.000000 0.041069 0.999156  0.616497 0.915056
no_material
0  -20.407015 0.003529 10.562460  0.999596 0.028427 -0.000000  0.260784 0.010280
0  -20.412716 0.203941 -28.002613  0.999595 0.028444 -0.000000  0.625781 0.013484
0  -20.412716 0.203944 10.570700  0.999596 0.028427 -0.000000  0.260784 0.013484
no_material
0  -20.412716 0.203944 10.570700  0.000000 0.041079 -0.999156  0.373376 0.914583
0  -1.813600 0.003529 10.562460  0.000000 0.041079 -0.999156  0.167608 0.911839
0  -20.407015 0.003529 10.562460  0.000000 0.041079 -0.999156  0.373376 0.911839
no_material
0  -1.807898 0.203944 10.570700  -0.034742 -0.998792 -0.034738  0.635813 0.208263
0  -1.924028 0.212017 -27.886534  -0.034729 -0.998792 0.034751  0.261438 0.210070
0  -1.807898 0.203941 -28.002613  -0.034742 -0.998792 0.034738  0.260308 0.208263
no_material
0  -1.813600 0.003526 -27.994375  0.034741 0.998793 -0.034737  0.260308 0.205147
0  -1.929731 0.011605 10.446380  0.034729 0.998792 0.034750  0.634682 0.203340
0  -1.813600 0.003529 10.562460  0.034742 0.998792 0.034737  0.635813 0.205147
no_material
0  -1.807898 0.203941 -28.002613  -0.034742 -0.998792 0.034738  0.822231 0.915056
0  -20.296587 0.212017 -27.886534  0.034729 -0.998792 0.034751  0.617781 0.916647
0  -20.412716 0.203941 -28.002613  0.034741 -0.998792 0.034739  0.616497 0.915056
no_material
0  -20.407015 0.003526 -27.994375  -0.034741 0.998792 -0.034737  0.616497 0.912312
0  -1.929731 0.011602 -27.878290  0.034729 0.998792 -0.034749  0.820946 0.910720
0  -1.813600 0.003526 -27.994375  0.034741 0.998793 -0.034737  0.822231 0.912312
no_material
0  -20.412716 0.203941 -28.002613  0.034741 -0.998792 0.034739  0.625781 0.013484
0  -20.296587 0.212020 10.454620  0.034731 -0.998792 -0.034751  0.261882 0.015341
0  -20.412716 0.203944 10.570700  0.034743 -0.998792 -0.034738  0.260784 0.013484
no_material
0  -20.407015 0.003529 10.562460  -0.034741 0.998792 0.034738  0.260784 0.010280
0  -20.290884 0.011602 -27.878290  -0.034730 0.998792 -0.034749  0.624682 0.008422
0  -20.407015 0.003526 -27.994375  -0.034741 0.998792 -0.034737  0.625781 0.010280
no_material
0  -1.813600 0.003529 10.562460  0.034742 0.998792 0.034737  0.167608 0.911839
0  -20.290884 0.011605 10.446380  -0.034729 0.998792 0.034750  0.372091 0.910247
0  -20.407015 0.003529 10.562460  -0.034741 0.998792 0.034738  0.373376 0.911839
no_material
0  -20.412716 0.203944 10.570700  0.034743 -0.998792 -0.034738  0.373376 0.914583
0  -1.924028 0.212020 10.454620  -0.034729 -0.998792 -0.034751  0.168892 0.916173
0  -1.807898 0.203944 10.570700  -0.034742 -0.998792 -0.034738  0.167608 0.914583
no_material
0  -0.797312 -1.814315 14.056184  0.000000 -1.000000 0.000000  0.886773 0.003616
0  0.766901 -1.814315 14.056184  0.000000 -1.000000 0.000000  0.996402 0.003616
0  0.766901 -1.814315 14.924521  -0.000000 -1.000000 0.000001  0.996402 0.064475
no_material
0  0.688690 -1.814315 15.002732  -0.000000 -1.000000 0.000001  0.990921 0.069956
0  0.610480 -1.814315 15.080944  -0.000061 0.998050 -0.062423  0.985439 0.075438
0  0.532269 -1.814315 15.159155  0.000000 -1.000000 0.000001  0.979958 0.080919
no_material
0  -0.797312 -1.814315 14.056184  0.000000 -1.000000 0.000000  0.886773 0.003616
0  0.766901 -1.814315 14.924521  -0.000000 -1.000000 0.000001  0.996402 0.064475
0  0.688690 -1.814315 15.002732  -0.000000 -1.000000 0.000001  0.990921 0.069956
no_material
0  -0.719102 -1.814315 15.002732  0.000000 -1.000000 0.000000  0.892254 0.069956
0  -0.797312 -1.814315 14.924521  0.000001 -1.000000 -0.000000  0.886773 0.064475
0  -0.797312 -1.814315 14.056184  0.000000 -1.000000 0.000000  0.886773 0.003616
no_material
0  -0.562680 -1.814315 15.159155  0.000000 -1.000000 0.000001  0.903217 0.080919
0  -0.640891 -1.814315 15.080944  0.000062 0.998050 -0.062423  0.897736 0.075438
0  -0.719102 -1.814315 15.002732  0.000000 -1.000000 0.000000  0.892254 0.069956
no_material
0  0.688690 -1.814315 15.002732  -0.000000 -1.000000 0.000001  0.990921 0.069956
0  0.532269 -1.814315 15.159155  0.000000 -1.000000 0.000001  0.979958 0.080919
0  -0.562680 -1.814315 15.159155  0.000000 -1.000000 0.000001  0.903217 0.080919
no_material
0  -0.719102 -1.814315 15.002732  0.000000 -1.000000 0.000000  0.892254 0.069956
0  -0.797312 -1.814315 14.056184  0.000000 -1.000000 0.000000  0.886773 0.003616
0  0.688690 -1.814315 15.002732  -0.000000 -1.000000 0.000001  0.990921 0.069956
no_material
0  0.766901 -1.814314 29.918909  -0.000000 -1.000000 0.000000  0.912305 0.553583
0  -0.797312 -1.814314 29.918909  0.000000 -1.000000 0.000000  0.870880 0.553583
0  -0.797312 -1.814314 29.050570  0.000000 -1.000000 0.000000  0.870880 0.530587
no_material
0  -0.719102 -1.814314 28.972363  0.000000 -1.000000 -0.000000  0.872951 0.528516
0  -0.640891 -1.814314 28.894150  -0.000067 0.998050 -0.062423  0.875022 0.526444
0  -0.562680 -1.814314 28.815939  0.000000 -1.000000 -0.000001  0.877094 0.524373
no_material
0  0.766901 -1.814314 29.918909  -0.000000 -1.000000 0.000000  0.912305 0.553583
0  -0.797312 -1.814314 29.050570  0.000000 -1.000000 0.000000  0.870880 0.530587
0  -0.719102 -1.814314 28.972363  0.000000 -1.000000 -0.000000  0.872951 0.528516
no_material
0  0.688690 -1.814314 28.972363  -0.000000 -1.000000 -0.000000  0.910234 0.528516
0  0.766901 -1.814314 29.050570  -0.000000 -1.000000 0.000000  0.912305 0.530587
0  0.766901 -1.814314 29.918909  -0.000000 -1.000000 0.000000  0.912305 0.553583
no_material
0  0.532269 -1.814314 28.815939  0.000000 -1.000000 -0.000000  0.906091 0.524373
0  0.610480 -1.814314 28.894150  0.000038 0.998050 -0.062423  0.908163 0.526444
0  0.688690 -1.814314 28.972363  -0.000000 -1.000000 -0.000000  0.910234 0.528516
no_material
0  -0.719102 -1.814314 28.972363  0.000000 -1.000000 -0.000000  0.872951 0.528516
0  -0.562680 -1.814314 28.815939  0.000000 -1.000000 -0.000001  0.877094 0.524373
0  0.532269 -1.814314 28.815939  0.000000 -1.000000 -0.000000  0.906091 0.524373
no_material
0  0.688690 -1.814314 28.972363  -0.000000 -1.000000 -0.000000  0.910234 0.528516
0  0.766901 -1.814314 29.918909  -0.000000 -1.000000 0.000000  0.912305 0.553583
0  -0.719102 -1.814314 28.972363  0.000000 -1.000000 -0.000000  0.872951 0.528516
no_material
0  0.766901 1.795408 14.056184  0.000000 1.000000 -0.000000  0.887651 0.084073
0  -0.797312 1.795408 14.056184  0.000000 1.000000 0.000000  0.996277 0.084073
0  -0.797312 1.795408 14.910484  0.000000 1.000000 -0.000000  0.996277 0.143400
no_material
0  0.766901 1.795408 14.056184  0.000000 1.000000 -0.000000  0.887651 0.084073
0  -0.797312 1.795408 14.910484  0.000000 1.000000 -0.000000  0.996277 0.143400
0  -0.714422 1.795408 14.993374  -0.000000 1.000000 -0.000002  0.990521 0.149157
no_material
0  0.684011 1.795408 14.993374  0.000001 1.000000 0.000000  0.893407 0.149157
0  0.766901 1.795408 14.910484  0.000000 1.000000 -0.000000  0.887651 0.143400
0  0.766901 1.795408 14.056184  0.000000 1.000000 -0.000000  0.887651 0.084073
no_material
0  -0.548643 1.795408 15.159155  0.000000 1.000000 0.000003  0.979008 0.160669
0  0.518231 1.795408 15.159155  0.000000 1.000000 -0.000003  0.904920 0.160669
0  0.601121 1.795408 15.076264  0.000000 1.000000 -0.000001  0.899163 0.154913
no_material
0  0.601121 1.795408 15.076264  0.000000 1.000000 -0.000001  0.899163 0.154913
0  0.684011 1.795408 14.993374  0.000001 1.000000 0.000000  0.893407 0.149157
0  0.766901 1.795408 14.056184  0.000000 1.000000 -0.000000  0.887651 0.084073
no_material
0  0.766901 1.795408 14.056184  0.000000 1.000000 -0.000000  0.887651 0.084073
0  -0.714422 1.795408 14.993374  -0.000000 1.000000 -0.000002  0.990521 0.149157
0  -0.631532 1.795408 15.076264  -0.000000 1.000000 -0.000000  0.984765 0.154913
no_material
0  -0.631532 1.795408 15.076264  -0.000000 1.000000 -0.000000  0.984765 0.154913
0  -0.548643 1.795408 15.159155  0.000000 1.000000 0.000003  0.979008 0.160669
0  0.601121 1.795408 15.076264  0.000000 1.000000 -0.000001  0.899163 0.154913
no_material
0  -0.797312 1.795410 29.918909  -0.000000 1.000000 -0.000000  0.912305 0.583592
0  0.766901 1.795410 29.918909  0.000000 1.000000 -0.000000  0.870880 0.583592
0  0.766901 1.795409 29.064610  0.000000 1.000000 0.000001  0.870880 0.560968
no_material
0  -0.797312 1.795410 29.918909  -0.000000 1.000000 -0.000000  0.912305 0.583592
0  0.766901 1.795409 29.064610  0.000000 1.000000 0.000001  0.870880 0.560968
0  0.684011 1.795409 28.981720  0.000000 1.000000 0.000001  0.873075 0.558773
no_material
0  -0.714422 1.795409 28.981720  -0.000000 1.000000 0.000000  0.910110 0.558773
0  -0.797312 1.795409 29.064610  -0.000000 1.000000 -0.000000  0.912305 0.560968
0  -0.797312 1.795410 29.918909  -0.000000 1.000000 -0.000000  0.912305 0.583592
no_material
0  0.518231 1.795409 28.815939  0.000000 1.000000 0.000000  0.877465 0.554382
0  -0.548643 1.795409 28.815939  0.000000 1.000000 0.000001  0.905720 0.554382
0  -0.631532 1.795409 28.898830  -0.000000 1.000000 0.000001  0.907915 0.556577
no_material
0  -0.631532 1.795409 28.898830  -0.000000 1.000000 0.000001  0.907915 0.556577
0  -0.714422 1.795409 28.981720  -0.000000 1.000000 0.000000  0.910110 0.558773
0  -0.797312 1.795410 29.918909  -0.000000 1.000000 -0.000000  0.912305 0.583592
no_material
0  -0.797312 1.795410 29.918909  -0.000000 1.000000 -0.000000  0.912305 0.583592
0  0.684011 1.795409 28.981720  0.000000 1.000000 0.000001  0.873075 0.558773
0  0.601121 1.795409 28.898830  0.000000 1.000000 -0.000001  0.875270 0.556577
no_material
0  0.601121 1.795409 28.898830  0.000000 1.000000 -0.000001  0.875270 0.556577
0  0.518231 1.795409 28.815939  0.000000 1.000000 0.000000  0.877465 0.554382
0  -0.631532 1.795409 28.898830  -0.000000 1.000000 0.000001  0.907915 0.556577
no_material
0  -23.804935 1.795408 14.056184  0.000000 0.000000 -1.000000  0.877550 0.108937
0  -0.797312 1.795408 14.056184  0.000000 0.000000 -1.000000  0.643539 0.108937
0  -0.797312 -1.814315 14.056184  0.000000 0.000000 -1.000000  0.643539 0.055460
no_material
0  -0.797312 -1.814314 29.918909  0.000000 0.000000 1.000000  0.005918 0.854591
0  -0.797312 1.795410 29.918909  0.000000 0.000000 1.000000  0.005918 0.801052
0  -23.804935 1.795410 29.918909  0.000000 0.000000 1.000000  0.239662 0.801052
no_material
0  -23.804935 -1.814314 29.918909  -1.000000 0.000000 0.000000  0.768747 0.433258
0  -23.804935 1.795410 29.918909  -1.000000 0.000000 0.000000  0.768747 0.383752
0  -23.804935 1.795408 14.056184  -1.000000 0.000000 0.000000  0.942508 0.383752
no_material
0  22.671555 -0.205983 15.159155  0.000000 0.000000 1.000000  0.235426 0.172541
0  0.766901 -0.205983 15.159155  0.000000 0.000000 1.000000  0.012637 0.172541
0  0.766901 -1.579683 15.159155  0.000000 0.000000 1.000000  0.012637 0.152190
no_material
0  23.774527 1.795410 29.918909  1.000000 0.000000 0.000000  0.941344 0.646525
0  23.774527 -1.814314 29.918909  1.000000 0.000000 0.000000  0.941344 0.696031
0  23.774527 -1.814315 14.056184  1.000000 0.000000 0.000000  0.767583 0.696031
no_material
0  22.671555 -0.205982 28.815939  -1.000000 0.000000 0.000000  0.929590 0.731914
0  22.671555 -0.205983 15.159155  -1.000000 0.000000 0.000000  0.779337 0.731914
0  22.671555 -1.579683 15.159155  -1.000000 0.000000 0.000000  0.779337 0.712992
no_material
0  -0.797312 1.795408 14.910484  0.000000 1.000000 -0.000000  0.643539 0.121594
0  -0.797312 1.795408 14.056184  0.000000 1.000000 0.000000  0.643539 0.108937
0  -23.804935 1.795408 14.056184  0.000000 1.000000 -0.000000  0.877550 0.108937
no_material
0  22.920225 1.795409 29.064610  -0.000000 1.000000 -0.000000  0.931986 0.634809
0  23.774527 1.795410 29.918909  -0.000000 1.000000 -0.000000  0.941344 0.646525
0  23.774527 1.795408 14.056184  -0.000000 1.000000 -0.000000  0.767583 0.646525
no_material
0  0.766901 1.795409 29.064610  0.000000 1.000000 0.000001  0.652502 0.861866
0  0.766901 1.795410 29.918909  0.000000 1.000000 -0.000000  0.652502 0.849158
0  23.774527 1.795410 29.918909  -0.000000 1.000000 -0.000000  0.885564 0.849158
no_material
0  -22.950636 1.795408 14.910484  0.000000 1.000000 -0.000000  0.933150 0.372036
0  -23.804935 1.795408 14.056184  0.000000 1.000000 -0.000000  0.942508 0.383752
0  -23.804935 1.795410 29.918909  0.000000 1.000000 -0.000000  0.768747 0.383752
no_material
0  0.766901 -1.814315 14.924521  -0.000000 -1.000000 0.000001  0.012637 0.146756
0  0.766901 -1.814315 14.056184  0.000000 -1.000000 0.000000  0.012637 0.133891
0  23.774527 -1.814315 14.056184  0.000000 -1.000000 -0.000000  0.246644 0.133891
no_material
0  -22.936598 -1.814314 29.050570  -0.000000 -1.000000 0.000000  0.778259 0.445167
0  -23.804935 -1.814314 29.918909  -0.000000 -1.000000 0.000000  0.768747 0.433258
0  -23.804935 -1.814315 14.056184  -0.000000 -1.000000 -0.000000  0.942508 0.433258
no_material
0  -0.797312 -1.814314 29.050570  0.000000 -1.000000 0.000000  0.005918 0.867470
0  -0.797312 -1.814314 29.918909  0.000000 -1.000000 0.000000  0.005918 0.854591
0  -23.804935 -1.814314 29.918909  -0.000000 -1.000000 0.000000  0.239662 0.854591
no_material
0  22.906189 -1.814315 14.924521  0.000000 -1.000000 -0.000000  0.777095 0.707940
0  23.774527 -1.814315 14.056184  0.000000 -1.000000 -0.000000  0.767583 0.696031
0  23.774527 -1.814314 29.918909  0.000000 -1.000000 0.000000  0.941344 0.696031
no_material
0  -22.701965 -0.205983 15.159155  1.000000 0.000000 0.000000  0.930754 0.469141
0  -22.701965 -0.205982 28.815939  1.000000 0.000000 0.000000  0.780501 0.469141
0  -22.701965 -1.579682 28.815939  1.000000 0.000000 0.000000  0.780501 0.450218
no_material
0  -22.701965 -0.205982 28.815939  0.000000 0.000000 -1.000000  0.228457 0.893284
0  -0.797312 -0.205982 28.815939  0.000000 0.000000 -1.000000  0.005918 0.893284
0  -0.797312 -1.579682 28.815939  0.000000 0.000000 -1.000000  0.005918 0.872910
no_material
0  0.766901 1.795408 14.910484  0.000000 1.000000 -0.000000  0.012637 0.067757
0  22.920225 1.795408 14.910484  -0.000000 1.000000 -0.000000  0.237955 0.067757
0  23.774527 1.795408 14.056184  -0.000000 1.000000 -0.000000  0.246644 0.080413
no_material
0  0.766901 1.795408 14.056184  0.000000 0.000000 -1.000000  0.012637 0.080413
0  23.774527 1.795408 14.056184  0.000000 0.000000 -1.000000  0.246644 0.080413
0  23.774527 -1.814315 14.056184  0.000000 0.000000 -1.000000  0.246644 0.133891
no_material
0  -0.797312 -1.814315 14.924521  0.000001 -1.000000 -0.000000  0.643539 0.042596
0  -22.936598 -1.814315 14.924521  -0.000000 -1.000000 -0.000000  0.868718 0.042596
0  -23.804935 -1.814315 14.056184  -0.000000 -1.000000 -0.000000  0.877550 0.055460
no_material
0  -0.797312 -1.579683 15.159155  0.000000 0.000000 1.000000  0.643539 0.037161
0  -0.797312 -0.205983 15.159155  0.000000 0.000000 1.000000  0.643539 0.016810
0  -22.701965 -0.205983 15.159155  0.000000 0.000000 1.000000  0.866331 0.016810
no_material
0  -0.797312 1.795409 29.064610  -0.000000 1.000000 -0.000000  0.005918 0.788382
0  -22.950636 1.795409 29.064610  0.000000 1.000000 -0.000000  0.230983 0.788382
0  -23.804935 1.795410 29.918909  0.000000 1.000000 -0.000000  0.239662 0.801052
no_material
0  0.766901 -1.579682 28.815939  0.000000 0.000000 -1.000000  0.652502 0.777090
0  0.766901 -0.205982 28.815939  0.000000 0.000000 -1.000000  0.652502 0.756656
0  22.671555 -0.205982 28.815939  0.000000 0.000000 -1.000000  0.874391 0.756656
no_material
0  0.766901 -1.814314 29.050570  -0.000000 -1.000000 0.000000  0.652502 0.782546
0  22.906189 -1.814314 29.050570  0.000000 -1.000000 0.000000  0.876768 0.782546
0  23.774527 -1.814314 29.918909  0.000000 -1.000000 0.000000  0.885564 0.795463
no_material
0  0.766901 -1.814314 29.918909  0.000000 0.000000 1.000000  0.652502 0.795463
0  23.774527 -1.814314 29.918909  0.000000 0.000000 1.000000  0.885564 0.795463
0  23.774527 1.795410 29.918909  0.000000 0.000000 1.000000  0.885564 0.849158
no_material
0  -0.797312 -1.814315 14.056184  0.000000 0.000000 -1.000000  0.681709 0.269847
0  -0.797312 1.795408 14.056184  0.000000 0.000000 -1.000000  0.681709 0.219912
0  0.766901 1.795408 14.056184  0.000000 0.000000 -1.000000  0.653813 0.219912
no_material
0  -0.797312 1.795410 29.918909  0.000000 0.000000 1.000000  0.828656 0.583592
0  -0.797312 -1.814314 29.918909  0.000000 0.000000 1.000000  0.828656 0.487995
0  0.766901 -1.814314 29.918909  0.000000 0.000000 1.000000  0.870081 0.487995
no_material
0  0.766901 1.546740 28.815939  1.000000 0.000000 0.000000  0.917527 0.221192
0  0.766901 0.187077 28.815939  1.000000 0.000000 0.000000  0.917527 0.238064
0  0.766901 0.187076 15.159155  1.000000 0.000000 0.000000  0.751455 0.238064
no_material
0  -0.548643 1.795409 28.815939  0.000000 1.000000 0.000001  0.917527 0.203296
0  0.518231 1.795409 28.815939  0.000000 1.000000 0.000000  0.917527 0.216534
0  0.518231 1.795408 15.159155  0.000000 1.000000 -0.000003  0.751455 0.216534
no_material
0  0.532269 -1.814314 28.815939  0.000000 -1.000000 -0.000000  0.917527 0.284788
0  -0.562680 -1.814314 28.815939  0.000000 -1.000000 -0.000001  0.917527 0.298374
0  -0.562680 -1.814315 15.159155  0.000000 -1.000000 0.000001  0.751455 0.298374
no_material
0  -0.797312 -1.579682 28.815939  -1.000000 0.000000 0.000000  0.917527 0.302770
0  -0.797312 -0.205982 28.815939  -1.000000 0.000000 0.000000  0.917527 0.319815
0  -0.797312 -0.205983 15.159155  -1.000000 0.000000 0.000000  0.751455 0.319815
no_material
0  0.766901 -0.205982 28.815939  1.000000 0.000000 0.000000  0.917527 0.263347
0  0.766901 -1.579682 28.815939  1.000000 0.000000 0.000000  0.917527 0.280392
0  0.766901 -1.579683 15.159155  1.000000 0.000000 0.000000  0.751455 0.280392
no_material
0  22.671555 0.187076 15.159155  0.000000 0.000000 1.000000  0.235426 0.041854
0  22.671555 1.546739 15.159155  0.000000 0.000000 1.000000  0.235426 0.061997
0  0.766901 1.546739 15.159155  0.000000 0.000000 1.000000  0.012637 0.061997
no_material
0  22.671555 0.187077 28.815939  -1.000000 0.000000 0.000000  0.929610 0.610721
0  22.671555 1.546740 28.815939  -1.000000 0.000000 0.000000  0.929610 0.629455
0  22.671555 1.546739 15.159155  -1.000000 0.000000 0.000000  0.779317 0.629455
no_material
0  0.766901 0.187077 28.815939  0.000000 0.000000 -1.000000  0.652502 0.887874
0  0.766901 1.546740 28.815939  0.000000 0.000000 -1.000000  0.652502 0.867649
0  22.671555 1.546740 28.815939  0.000000 0.000000 -1.000000  0.874391 0.867649
no_material
0  -22.701965 0.187076 15.159155  1.000000 0.000000 0.000000  0.930774 0.347948
0  -22.701965 1.546739 15.159155  1.000000 0.000000 0.000000  0.930774 0.366682
0  -22.701965 1.546740 28.815939  1.000000 0.000000 0.000000  0.780481 0.366682
no_material
0  -0.797312 0.187076 15.159155  0.000000 0.000000 1.000000  0.643539 0.147496
0  -0.797312 1.546739 15.159155  0.000000 0.000000 1.000000  0.643539 0.127353
0  -22.701965 1.546739 15.159155  0.000000 0.000000 1.000000  0.866332 0.127353
no_material
0  -0.797312 0.187077 28.815939  -1.000000 0.000000 0.000000  0.917527 0.181766
0  -0.797312 1.546740 28.815939  -1.000000 0.000000 0.000000  0.917527 0.198638
0  -0.797312 1.546739 15.159155  -1.000000 0.000000 0.000000  0.751455 0.198638
no_material
0  -22.701965 0.187077 28.815939  0.000000 0.000000 -1.000000  0.228457 0.762450
0  -22.701965 1.546740 28.815939  0.000000 0.000000 -1.000000  0.228457 0.782616
0  -0.797312 1.546740 28.815939  0.000000 0.000000 -1.000000  0.005917 0.782616
no_material
0  1.589116 -0.113734 15.981368  0.000000 0.000000 1.000000  0.020999 0.025216
0  21.849340 -0.113734 15.981368  0.000000 0.000000 1.000000  0.227064 0.025216
0  21.849340 0.094828 15.981368  0.000000 0.000000 1.000000  0.227064 0.028306
no_material
0  21.849340 -0.113734 15.981368  -1.000000 0.000000 0.000000  0.788366 0.595248
0  21.849340 -0.113733 27.993727  -1.000000 0.000000 0.000000  0.920561 0.595248
0  21.849340 0.094829 27.993727  -1.000000 0.000000 0.000000  0.920561 0.598121
no_material
0  -21.879751 -0.113733 27.993727  1.000000 0.000000 0.000000  0.789530 0.332475
0  -21.879751 -0.113734 15.981368  1.000000 0.000000 0.000000  0.921725 0.332475
0  -21.879751 0.094828 15.981368  1.000000 0.000000 0.000000  0.921725 0.335348
no_material
0  -1.619527 -0.113733 27.993727  0.000000 0.000000 -1.000000  0.014271 0.745794
0  -21.879751 -0.113733 27.993727  0.000000 0.000000 -1.000000  0.220104 0.745794
0  -21.879751 0.094829 27.993727  0.000000 0.000000 -1.000000  0.220104 0.748887
no_material
0  -21.879751 -0.113734 15.981368  0.000000 0.000000 1.000000  0.857969 0.164134
0  -1.619527 -0.113734 15.981368  0.000000 0.000000 1.000000  0.651902 0.164134
0  -1.619527 0.094828 15.981368  0.000000 0.000000 1.000000  0.651902 0.161044
no_material
0  21.849340 -0.113733 27.993727  0.000000 0.000000 -1.000000  0.866063 0.904579
0  1.589116 -0.113733 27.993727  0.000000 0.000000 -1.000000  0.660831 0.904579
0  1.589116 0.094829 27.993727  0.000000 0.000000 -1.000000  0.660831 0.901477
no_material
0  1.589116 0.094828 15.981368  1.000000 0.000000 0.000000  0.761453 0.249411
0  1.589116 0.094829 27.993727  1.000000 0.000000 0.000000  0.907528 0.249411
0  1.589116 -0.113733 27.993727  1.000000 0.000000 0.000000  0.907528 0.251999
no_material
0  -1.619527 -0.113734 15.981368  -1.000000 0.000000 0.000000  0.761453 0.167831
0  -1.619527 -0.113733 27.993727  -1.000000 0.000000 0.000000  0.907528 0.167831
0  -1.619527 0.094829 27.993727  -1.000000 0.000000 0.000000  0.907528 0.170419
no_material
0  21.849340 0.187076 15.981368  -0.000000 1.000000 -0.000000  0.227064 0.029673
0  22.671555 0.187076 15.159155  -0.000000 1.000000 -0.000000  0.235426 0.041854
0  0.766901 0.187076 15.159155  0.000000 1.000000 -0.000000  0.012637 0.041854
no_material
0  1.589116 -0.205983 15.981368  -0.000000 -1.000000 0.000000  0.021000 0.184722
0  0.766901 -0.205983 15.159155  -0.000000 -1.000000 0.000000  0.012637 0.172541
0  22.671555 -0.205983 15.159155  0.000000 -1.000000 0.000000  0.235426 0.172541
no_material
0  21.849340 0.187077 27.993727  0.000000 1.000000 -0.000000  0.920561 0.599392
0  22.671555 0.187077 28.815939  0.000000 1.000000 -0.000000  0.929610 0.610721
0  22.671555 0.187076 15.159155  -0.000000 1.000000 -0.000000  0.779317 0.610721
no_material
0  21.849340 -0.205983 15.981368  0.000000 -1.000000 0.000000  0.788383 0.743240
0  22.671555 -0.205983 15.159155  0.000000 -1.000000 0.000000  0.779337 0.731914
0  22.671555 -0.205982 28.815939  -0.000000 -1.000000 0.000000  0.929590 0.731914
no_material
0  1.589116 0.187077 27.993727  -0.000000 1.000000 -0.000000  0.660831 0.900104
0  0.766901 0.187077 28.815939  -0.000000 1.000000 -0.000000  0.652502 0.887874
0  22.671555 0.187077 28.815939  0.000000 1.000000 -0.000000  0.874391 0.887874
no_material
0  21.849340 -0.205982 27.993727  -0.000000 -1.000000 0.000000  0.866062 0.744425
0  22.671555 -0.205982 28.815939  -0.000000 -1.000000 0.000000  0.874391 0.756656
0  0.766901 -0.205982 28.815939  0.000000 -1.000000 0.000000  0.652502 0.756656
no_material
0  1.589116 -0.205982 27.993727  0.000000 -1.000000 0.000000  0.907528 0.253144
0  0.766901 -0.205982 28.815939  0.000000 -1.000000 0.000000  0.917527 0.263347
0  0.766901 -0.205983 15.159155  -0.000000 -1.000000 0.000000  0.751455 0.263347
no_material
0  1.589116 0.187076 15.981368  0.000000 1.000000 -0.000000  0.761453 0.248267
0  0.766901 0.187076 15.159155  0.000000 1.000000 -0.000000  0.751455 0.238064
0  0.766901 0.187077 28.815939  -0.000000 1.000000 -0.000000  0.917527 0.238064
no_material
0  -21.879751 0.187076 15.981368  0.000000 1.000000 -0.000000  0.921725 0.336619
0  -22.701965 0.187076 15.159155  0.000000 1.000000 -0.000000  0.930774 0.347948
0  -22.701965 0.187077 28.815939  -0.000000 1.000000 -0.000000  0.780481 0.347948
no_material
0  -21.879751 -0.205982 27.993727  0.000000 -1.000000 0.000000  0.789547 0.480467
0  -22.701965 -0.205982 28.815939  0.000000 -1.000000 0.000000  0.780501 0.469141
0  -22.701965 -0.205983 15.159155  -0.000000 -1.000000 0.000000  0.930754 0.469141
no_material
0  -21.879751 0.187077 27.993727  -0.000000 1.000000 -0.000000  0.220104 0.750255
0  -22.701965 0.187077 28.815939  -0.000000 1.000000 -0.000000  0.228457 0.762450
0  -0.797312 0.187077 28.815939  0.000000 1.000000 -0.000000  0.005917 0.762450
no_material
0  -1.619527 -0.205982 27.993727  -0.000000 -1.000000 0.000000  0.014271 0.905479
0  -0.797312 -0.205982 28.815939  -0.000000 -1.000000 0.000000  0.005918 0.893284
0  -22.701965 -0.205982 28.815939  0.000000 -1.000000 0.000000  0.228457 0.893284
no_material
0  -1.619527 0.187076 15.981368  -0.000000 1.000000 -0.000000  0.651902 0.159677
0  -0.797312 0.187076 15.159155  -0.000000 1.000000 -0.000000  0.643539 0.147496
0  -22.701965 0.187076 15.159155  0.000000 1.000000 -0.000000  0.866332 0.147496
no_material
0  -21.879751 -0.205983 15.981368  -0.000000 -1.000000 0.000000  0.857969 0.004629
0  -22.701965 -0.205983 15.159155  -0.000000 -1.000000 0.000000  0.866331 0.016810
0  -0.797312 -0.205983 15.159155  0.000000 -1.000000 0.000000  0.643539 0.016810
no_material
0  -1.619527 0.187077 27.993727  0.000000 1.000000 -0.000000  0.907528 0.171563
0  -0.797312 0.187077 28.815939  0.000000 1.000000 -0.000000  0.917527 0.181766
0  -0.797312 0.187076 15.159155  -0.000000 1.000000 -0.000000  0.751455 0.181766
no_material
0  -1.619527 -0.205983 15.981368  0.000000 -1.000000 0.000000  0.761453 0.330018
0  -0.797312 -0.205983 15.159155  0.000000 -1.000000 0.000000  0.751455 0.319815
0  -0.797312 -0.205982 28.815939  -0.000000 -1.000000 0.000000  0.917527 0.319815
no_material
0  21.849340 0.094828 15.981368  0.000000 0.000000 1.000000  0.227064 0.028306
0  21.849340 0.187076 15.981368  0.000000 0.000000 1.000000  0.227064 0.029673
0  1.589116 0.187076 15.981368  0.000000 0.000000 1.000000  0.020999 0.029673
no_material
0  1.589116 -0.113734 15.981368  0.000000 0.000000 1.000000  0.020999 0.025216
0  1.589116 -0.205983 15.981368  0.000000 0.000000 1.000000  0.020999 0.023849
0  21.849340 -0.205983 15.981368  0.000000 0.000000 1.000000  0.227064 0.023849
no_material
0  21.849340 0.094829 27.993727  -1.000000 0.000000 0.000000  0.920561 0.598121
0  21.849340 0.187077 27.993727  -1.000000 0.000000 0.000000  0.920561 0.599392
0  21.849340 0.187076 15.981368  -1.000000 0.000000 0.000000  0.788366 0.599392
no_material
0  21.849340 -0.113734 15.981368  -1.000000 0.000000 0.000000  0.788366 0.595248
0  21.849340 -0.205983 15.981368  -1.000000 0.000000 0.000000  0.788366 0.593977
0  21.849340 -0.205982 27.993727  -1.000000 0.000000 0.000000  0.920561 0.593977
no_material
0  1.589116 0.094829 27.993727  0.000000 0.000000 -1.000000  0.660831 0.901477
0  1.589116 0.187077 27.993727  0.000000 0.000000 -1.000000  0.660831 0.900104
0  21.849340 0.187077 27.993727  0.000000 0.000000 -1.000000  0.866063 0.900104
no_material
0  21.849340 -0.113733 27.993727  0.000000 0.000000 -1.000000  0.866063 0.904579
0  21.849340 -0.205982 27.993727  0.000000 0.000000 -1.000000  0.866063 0.905951
0  1.589116 -0.205982 27.993727  0.000000 0.000000 -1.000000  0.660831 0.905951
no_material
0  1.589116 -0.113733 27.993727  1.000000 0.000000 0.000000  0.907528 0.251999
0  1.589116 -0.205982 27.993727  1.000000 0.000000 0.000000  0.907528 0.253144
0  1.589116 -0.205983 15.981368  1.000000 0.000000 0.000000  0.761453 0.253144
no_material
0  1.589116 0.094828 15.981368  1.000000 0.000000 0.000000  0.761453 0.249411
0  1.589116 0.187076 15.981368  1.000000 0.000000 0.000000  0.761453 0.248267
0  1.589116 0.187077 27.993727  1.000000 0.000000 0.000000  0.907528 0.248267
no_material
0  -21.879751 0.094828 15.981368  1.000000 0.000000 0.000000  0.921725 0.335348
0  -21.879751 0.187076 15.981368  1.000000 0.000000 0.000000  0.921725 0.336619
0  -21.879751 0.187077 27.993727  1.000000 0.000000 0.000000  0.789530 0.336619
no_material
0  -21.879751 -0.113733 27.993727  1.000000 0.000000 0.000000  0.789530 0.332475
0  -21.879751 -0.205982 27.993727  1.000000 0.000000 0.000000  0.789530 0.331204
0  -21.879751 -0.205983 15.981368  1.000000 0.000000 0.000000  0.921725 0.331204
no_material
0  -21.879751 0.094829 27.993727  0.000000 0.000000 -1.000000  0.220104 0.748887
0  -21.879751 0.187077 27.993727  0.000000 0.000000 -1.000000  0.220104 0.750255
0  -1.619527 0.187077 27.993727  0.000000 0.000000 -1.000000  0.014271 0.750255
no_material
0  -1.619527 -0.113733 27.993727  0.000000 0.000000 -1.000000  0.014271 0.745794
0  -1.619527 -0.205982 27.993727  0.000000 0.000000 -1.000000  0.014271 0.744425
0  -21.879751 -0.205982 27.993727  0.000000 0.000000 -1.000000  0.220104 0.744425
no_material
0  -1.619527 0.094828 15.981368  0.000000 0.000000 1.000000  0.651902 0.161044
0  -1.619527 0.187076 15.981368  0.000000 0.000000 1.000000  0.651902 0.159677
0  -21.879751 0.187076 15.981368  0.000000 0.000000 1.000000  0.857969 0.159677
no_material
0  -21.879751 -0.113734 15.981368  0.000000 0.000000 1.000000  0.857969 0.164134
0  -21.879751 -0.205983 15.981368  0.000000 0.000000 1.000000  0.857969 0.165500
0  -1.619527 -0.205983 15.981368  0.000000 0.000000 1.000000  0.651902 0.165500
no_material
0  -1.619527 0.094829 27.993727  -1.000000 0.000000 0.000000  0.907528 0.170419
0  -1.619527 0.187077 27.993727  -1.000000 0.000000 0.000000  0.907528 0.171563
0  -1.619527 0.187076 15.981368  -1.000000 0.000000 0.000000  0.761453 0.171563
no_material
0  -1.619527 -0.113734 15.981368  -1.000000 0.000000 0.000000  0.761453 0.167831
0  -1.619527 -0.205983 15.981368  -1.000000 0.000000 0.000000  0.761453 0.166686
0  -1.619527 -0.205982 27.993727  -1.000000 0.000000 0.000000  0.907528 0.166686
no_material
0  22.791443 -1.784343 15.039268  -0.265724 -0.924207 0.274286  0.236646 0.148326
0  0.833939 -1.780796 15.025078  0.137443 -0.868616 0.476042  0.013319 0.148326
0  0.766901 -1.814315 14.924521  0.095841 -0.962756 0.252817  0.012637 0.146756
no_material
0  22.791443 -1.784342 28.935827  -0.265731 -0.924185 -0.274351  0.930575 0.709566
0  22.791443 -1.784343 15.039268  -0.265724 -0.924207 0.274286  0.778352 0.709566
0  22.906189 -1.814315 14.924521  -0.128792 -0.981034 0.144864  0.777095 0.707940
no_material
0  -22.731937 -1.694427 28.845911  0.867595 -0.497271 0.000001  0.780501 0.448537
0  -22.731937 -1.694428 15.129183  0.867608 -0.497249 -0.000001  0.930754 0.448537
0  -22.701965 -1.579683 15.159155  0.967544 -0.252704 0.000000  0.930754 0.450218
no_material
0  -0.864350 -1.680238 28.849459  -0.117399 -0.593836 -0.795975  0.006599 0.871151
0  -22.731937 -1.694427 28.845911  0.000386 -0.511710 -0.859158  0.228761 0.871151
0  -22.701965 -1.579682 28.815939  0.000180 -0.284600 -0.958646  0.228457 0.872910
no_material
0  -22.731937 -1.694428 15.129183  0.000382 -0.511686 0.859172  0.866636 0.038732
0  -0.864350 -1.680239 15.125636  -0.118104 -0.595252 0.794812  0.644221 0.038732
0  -0.797312 -1.579683 15.159155  0.000161 -0.284690 0.958620  0.643539 0.037161
no_material
0  0.833939 -1.780795 28.950016  0.137922 -0.869240 -0.474762  0.653181 0.780782
0  22.791443 -1.784342 28.935827  -0.265731 -0.924185 -0.274351  0.875606 0.780782
0  22.906189 -1.814314 29.050570  -0.128814 -0.981011 -0.144996  0.876768 0.782546
no_material
0  -0.763794 -1.680239 15.226192  -0.789522 -0.602427 0.117203  0.752270 0.301454
0  -0.763794 -1.680238 28.748903  -0.788282 -0.603912 -0.117903  0.916712 0.301454
0  -0.797312 -1.579682 28.815939  -0.948683 -0.316229 0.000000  0.917527 0.302770
no_material
0  0.733382 -1.680238 28.748903  0.789522 -0.602427 -0.117204  0.916712 0.281708
0  0.733382 -1.680239 15.226192  0.788315 -0.603867 0.117916  0.752270 0.281708
0  0.766901 -1.579683 15.159155  0.948684 -0.316227 0.000000  0.751455 0.280392
no_material
0  0.610480 -1.814314 28.894150  0.220373 -0.953292 -0.206567  0.776386 0.557542
0  0.652268 -1.790720 28.835064  0.401983 -0.856887 -0.322728  0.775921 0.556460
0  0.747777 -1.790720 28.930573  0.323034 -0.857425 -0.400588  0.774526 0.557541
no_material
0  0.833939 -1.780795 28.950016  0.137922 -0.869240 -0.474762  0.773596 0.557542
0  0.747777 -1.790720 28.930573  0.323034 -0.857425 -0.400588  0.774526 0.557541
0  0.760676 -1.704589 28.822166  0.492153 -0.719553 -0.489927  0.774526 0.555378
no_material
0  0.733382 -1.680238 28.748903  0.789522 -0.602427 -0.117204  0.774991 0.554296
0  0.760676 -1.704589 28.822166  0.492153 -0.719553 -0.489927  0.774526 0.555378
0  0.652268 -1.790720 28.835064  0.401983 -0.856887 -0.322728  0.775921 0.556460
no_material
0  0.610480 -1.814314 28.894150  0.220373 -0.953292 -0.206567  0.776386 0.557542
0  0.532269 -1.814314 28.815939  0.268946 -0.958360 -0.095988  0.777780 0.556460
0  0.632826 -1.780795 28.748903  0.483517 -0.864488 -0.137376  0.776386 0.555378
no_material
0  0.833939 -1.780795 28.950016  0.137922 -0.869240 -0.474762  0.773596 0.557542
0  0.766901 -1.814314 29.050570  0.095802 -0.962719 -0.252971  0.773596 0.559705
0  0.688690 -1.814314 28.972363  0.206557 -0.953296 -0.220367  0.774991 0.558623
no_material
0  0.733382 -1.680238 28.748903  0.705360 -0.070300 -0.705355  0.774991 0.554296
0  0.766901 -1.579682 28.815939  0.705360 -0.070344 -0.705350  0.773596 0.553214
0  0.833939 -1.680238 28.849459  0.705358 -0.070308 -0.705356  0.773596 0.555378
no_material
0  -0.864350 -1.680238 28.849459  -0.117399 -0.593836 -0.795975  0.801492 0.556460
0  -0.791088 -1.704589 28.822166  -0.489917 -0.719566 -0.492145  0.800562 0.556460
0  -0.778188 -1.790720 28.930573  -0.322733 -0.856890 -0.401975  0.800562 0.556460
no_material
0  -0.719102 -1.814314 28.972363  -0.206576 -0.953302 -0.220323  0.800097 0.556460
0  -0.778188 -1.790720 28.930573  -0.322733 -0.856890 -0.401975  0.800562 0.556460
0  -0.682679 -1.790720 28.835064  -0.400615 -0.857412 -0.323036  0.799167 0.556460
no_material
0  -0.663237 -1.780795 28.748903  -0.482194 -0.865154 -0.137833  0.798702 0.556460
0  -0.682679 -1.790720 28.835064  -0.400615 -0.857412 -0.323036  0.799167 0.556460
0  -0.791088 -1.704589 28.822166  -0.489917 -0.719566 -0.492145  0.800562 0.556460
no_material
0  -0.864350 -1.680238 28.849459  -0.705357 -0.070308 -0.705357  0.801492 0.556460
0  -0.797312 -1.579682 28.815939  -0.705359 -0.070345 -0.705351  0.801492 0.556460
0  -0.763794 -1.680238 28.748903  -0.705359 -0.070300 -0.705355  0.800097 0.556460
no_material
0  -0.719102 -1.814314 28.972363  -0.206576 -0.953302 -0.220323  0.800097 0.556460
0  -0.797312 -1.814314 29.050570  -0.095843 -0.962720 -0.252949  0.801492 0.556460
0  -0.864350 -1.780795 28.950016  -0.137445 -0.868584 -0.476100  0.801492 0.556460
no_material
0  -0.663237 -1.780795 28.748903  -0.482194 -0.865154 -0.137833  0.798702 0.556460
0  -0.562680 -1.814314 28.815939  -0.268933 -0.958363 -0.096000  0.797307 0.556460
0  -0.640891 -1.814314 28.894150  -0.220372 -0.953294 -0.206558  0.798702 0.556460
no_material
0  0.688690 -1.814315 15.002732  0.206561 -0.953294 0.220368  0.655208 0.272011
0  0.747777 -1.790720 15.044521  0.322730 -0.856890 0.401975  0.654743 0.270929
0  0.652268 -1.790720 15.140030  0.400589 -0.857424 0.323038  0.656138 0.269847
no_material
0  0.632826 -1.780796 15.226192  0.482190 -0.865156 0.137831  0.656603 0.268765
0  0.652268 -1.790720 15.140030  0.400589 -0.857424 0.323038  0.656138 0.269847
0  0.760676 -1.704590 15.152929  0.489935 -0.719535 0.492173  0.654743 0.268765
no_material
0  0.833939 -1.680239 15.125636  0.117390 -0.593787 0.796013  0.653813 0.268765
0  0.760676 -1.704590 15.152929  0.489935 -0.719535 0.492173  0.654743 0.268765
0  0.747777 -1.790720 15.044521  0.322730 -0.856890 0.401975  0.654743 0.270929
no_material
0  0.688690 -1.814315 15.002732  0.206561 -0.953294 0.220368  0.655208 0.272011
0  0.766901 -1.814315 14.924521  0.095841 -0.962756 0.252817  0.653813 0.273093
0  0.833939 -1.780796 15.025078  0.137443 -0.868616 0.476042  0.653813 0.270929
no_material
0  0.632826 -1.780796 15.226192  0.482190 -0.865156 0.137831  0.656603 0.268765
0  0.532269 -1.814315 15.159155  0.268938 -0.958361 0.096002  0.657998 0.269847
0  0.610480 -1.814315 15.080944  0.220373 -0.953293 0.206564  0.656603 0.270929
no_material
0  0.833939 -1.680239 15.125636  0.705362 -0.070291 0.705353  0.653813 0.268765
0  0.766901 -1.579683 15.159155  0.705360 -0.070286 0.705356  0.653813 0.266601
0  0.733382 -1.680239 15.226192  0.705364 -0.070289 0.705352  0.655208 0.267683
no_material
0  -0.640891 -1.814315 15.080944  -0.220371 -0.953294 0.206562  0.678920 0.269847
0  -0.682679 -1.790720 15.140030  -0.401973 -0.856893 0.322725  0.680315 0.269847
0  -0.778188 -1.790720 15.044521  -0.323048 -0.857423 0.400583  0.681709 0.269847
no_material
0  -0.864350 -1.780796 15.025078  -0.137903 -0.869274 0.474706  0.683104 0.269847
0  -0.778188 -1.790720 15.044521  -0.323048 -0.857423 0.400583  0.681709 0.269847
0  -0.791088 -1.704590 15.152929  -0.492141 -0.719564 0.489923  0.683104 0.269847
no_material
0  -0.763794 -1.680239 15.226192  -0.789522 -0.602427 0.117203  0.683104 0.269847
0  -0.791088 -1.704590 15.152929  -0.492141 -0.719564 0.489923  0.683104 0.269847
0  -0.682679 -1.790720 15.140030  -0.401973 -0.856893 0.322725  0.680315 0.269847
no_material
0  -0.640891 -1.814315 15.080944  -0.220371 -0.953294 0.206562  0.678920 0.269847
0  -0.562680 -1.814315 15.159155  -0.268952 -0.958358 0.095992  0.677525 0.269847
0  -0.663237 -1.780796 15.226192  -0.483525 -0.864483 0.137377  0.680314 0.269847
no_material
0  -0.864350 -1.780796 15.025078  -0.137903 -0.869274 0.474706  0.683104 0.269847
0  -0.797312 -1.814315 14.924521  -0.095840 -0.962755 0.252819  0.681709 0.269847
0  -0.719102 -1.814315 15.002732  -0.206564 -0.953294 0.220367  0.680314 0.269847
no_material
0  -0.763794 -1.680239 15.226192  -0.705364 -0.070288 0.705352  0.683104 0.269847
0  -0.797312 -1.579683 15.159155  -0.705361 -0.070287 0.705355  0.685894 0.269847
0  -0.864350 -1.680239 15.125636  -0.705362 -0.070290 0.705354  0.684499 0.269847
no_material
0  22.791443 -1.784343 15.039268  -0.265724 -0.924207 0.274286  0.236646 0.148326
0  22.701529 -1.694428 15.129183  -0.000380 -0.511689 0.859171  0.235731 0.150433
0  0.833939 -1.680239 15.125636  0.117390 -0.593787 0.796013  0.013319 0.150433
no_material
0  22.701529 -1.694428 15.129183  -0.000380 -0.511689 0.859171  0.235731 0.150433
0  22.671555 -1.579683 15.159155  -0.000160 -0.284678 0.958623  0.235426 0.152190
0  0.766901 -1.579683 15.159155  -0.000161 -0.284690 0.958620  0.012637 0.152190
no_material
0  22.791443 -1.784342 28.935827  -0.265731 -0.924185 -0.274351  0.930575 0.709566
0  22.701529 -1.694427 28.845911  -0.867584 -0.497291 0.000001  0.929590 0.711310
0  22.701529 -1.694428 15.129183  -0.867620 -0.497227 -0.000002  0.779337 0.711310
no_material
0  22.701529 -1.694427 28.845911  -0.867584 -0.497291 0.000001  0.929590 0.711310
0  22.671555 -1.579682 28.815939  -0.967522 -0.252786 0.000000  0.929590 0.712992
0  22.671555 -1.579683 15.159155  -0.967545 -0.252699 0.000000  0.779337 0.712992
no_material
0  -22.731937 -1.694427 28.845911  0.867595 -0.497271 0.000001  0.780501 0.448537
0  -22.821854 -1.784342 28.935827  0.265748 -0.924176 -0.274368  0.779516 0.446793
0  -22.821854 -1.784343 15.039268  0.265733 -0.924201 0.274295  0.931739 0.446793
no_material
0  -22.821854 -1.784342 28.935827  0.265748 -0.924176 -0.274368  0.779516 0.446793
0  -22.936598 -1.814314 29.050570  0.128812 -0.981011 -0.144998  0.778259 0.445167
0  -22.936598 -1.814315 14.924521  0.128793 -0.981033 0.144865  0.932996 0.445167
no_material
0  -0.864350 -1.680238 28.849459  -0.117399 -0.593836 -0.795975  0.006599 0.871151
0  -0.864350 -1.780795 28.950016  -0.137445 -0.868584 -0.476100  0.006599 0.869042
0  -22.821854 -1.784342 28.935827  0.265748 -0.924176 -0.274368  0.229675 0.869042
no_material
0  -0.864350 -1.780795 28.950016  -0.137445 -0.868584 -0.476100  0.006599 0.869042
0  -0.797312 -1.814314 29.050570  -0.095843 -0.962720 -0.252949  0.005918 0.867470
0  -22.936598 -1.814314 29.050570  0.128812 -0.981011 -0.144998  0.230841 0.867470
no_material
0  -22.731937 -1.694428 15.129183  0.000382 -0.511686 0.859172  0.866636 0.038732
0  -22.821854 -1.784343 15.039268  0.265733 -0.924201 0.274295  0.867551 0.040838
0  -0.864350 -1.780796 15.025078  -0.137903 -0.869274 0.474706  0.644221 0.040838
no_material
0  -22.821854 -1.784343 15.039268  0.265733 -0.924201 0.274295  0.867551 0.040838
0  -22.936598 -1.814315 14.924521  0.128793 -0.981033 0.144865  0.868718 0.042596
0  -0.797312 -1.814315 14.924521  -0.095840 -0.962755 0.252819  0.643539 0.042596
no_material
0  0.833939 -1.780795 28.950016  0.137922 -0.869240 -0.474762  0.653181 0.780782
0  0.833939 -1.680238 28.849459  0.118100 -0.595329 -0.794755  0.653181 0.778667
0  22.701529 -1.694427 28.845911  -0.000385 -0.511729 -0.859147  0.874695 0.778667
no_material
0  0.833939 -1.680238 28.849459  0.118100 -0.595329 -0.794755  0.653181 0.778667
0  0.766901 -1.579682 28.815939  -0.000181 -0.284781 -0.958593  0.652502 0.777090
0  22.671555 -1.579682 28.815939  -0.000179 -0.284692 -0.958619  0.874391 0.777090
no_material
0  -0.763794 -1.680239 15.226192  -0.789522 -0.602427 0.117203  0.752270 0.301454
0  -0.663237 -1.780796 15.226192  -0.483525 -0.864483 0.137377  0.752270 0.299690
0  -0.663237 -1.780795 28.748903  -0.482194 -0.865154 -0.137833  0.916712 0.299690
no_material
0  -0.663237 -1.780796 15.226192  -0.483525 -0.864483 0.137377  0.752270 0.299690
0  -0.562680 -1.814315 15.159155  -0.268952 -0.958358 0.095992  0.751455 0.298374
0  -0.562680 -1.814314 28.815939  -0.268933 -0.958363 -0.096000  0.917527 0.298374
no_material
0  0.733382 -1.680238 28.748903  0.789522 -0.602427 -0.117204  0.916712 0.281708
0  0.632826 -1.780795 28.748903  0.483517 -0.864488 -0.137376  0.916712 0.283472
0  0.632826 -1.780796 15.226192  0.482190 -0.865156 0.137831  0.752270 0.283472
no_material
0  0.632826 -1.780795 28.748903  0.483517 -0.864488 -0.137376  0.916712 0.283472
0  0.532269 -1.814314 28.815939  0.268946 -0.958360 -0.095988  0.917527 0.284788
0  0.532269 -1.814315 15.159155  0.268938 -0.958361 0.096002  0.751455 0.284788
no_material
0  -0.868361 1.653311 15.123630  -0.117377 0.593836 0.795978  0.644262 0.125491
0  -22.733730 1.668348 15.127389  0.000412 0.511727 0.859148  0.866655 0.125491
0  -22.701965 1.546739 15.159155  0.000191 0.284757 0.958600  0.866332 0.127353
no_material
0  22.703321 1.668349 28.847704  -0.867608 0.497248 0.000002  0.929610 0.631237
0  22.703321 1.668348 15.127389  -0.867612 0.497243 -0.000001  0.779317 0.631237
0  22.671555 1.546739 15.159155  -0.967539 0.252723 -0.000000  0.779317 0.629455
no_material
0  0.837950 1.653312 28.851463  0.117383 0.593831 -0.795981  0.653222 0.865779
0  22.703321 1.668349 28.847704  -0.000413 0.511727 -0.859148  0.874713 0.865779
0  22.671555 1.546740 28.815939  -0.000191 0.284750 -0.958602  0.874391 0.867649
no_material
0  -22.733730 1.668348 15.127389  0.867600 0.497262 -0.000001  0.930774 0.368464
0  -22.733730 1.668349 28.847704  0.867609 0.497247 0.000002  0.780481 0.368464
0  -22.701965 1.546740 28.815939  0.967538 0.252725 -0.000000  0.780481 0.366682
no_material
0  22.703321 1.668348 15.127389  -0.000401 0.511664 0.859186  0.235749 0.063662
0  0.837950 1.653311 15.123630  0.118092 0.595252 0.794814  0.013359 0.063662
0  0.766901 1.546739 15.159155  -0.000171 0.284599 0.958647  0.012637 0.061997
no_material
0  -22.733730 1.668349 28.847704  0.000400 0.511664 -0.859186  0.228780 0.784282
0  -0.868361 1.653312 28.851463  -0.118096 0.595250 -0.794815  0.006639 0.784282
0  -0.797312 1.546740 28.815939  0.000172 0.284638 -0.958635  0.005917 0.782616
no_material
0  0.624804 1.759885 28.744892  0.482188 0.865154 -0.137848  0.916663 0.217928
0  0.624804 1.759884 15.230202  0.483525 0.864483 0.137382  0.752319 0.217928
0  0.518231 1.795408 15.159155  0.268939 0.958361 0.096003  0.751455 0.216534
no_material
0  -0.761788 1.653312 28.744892  -0.789520 0.602429 -0.117206  0.916663 0.200032
0  -0.761788 1.653311 15.230202  -0.788289 0.603904 0.117901  0.752319 0.200032
0  -0.797312 1.546739 15.159155  -0.948683 0.316228 -0.000000  0.751455 0.198638
no_material
0  -0.631532 1.795409 28.898830  -0.220370 0.953293 -0.206564  0.798535 0.506525
0  -0.675821 1.770404 28.836208  -0.401968 0.856894 -0.322729  0.800013 0.506525
0  -0.777044 1.770404 28.937429  -0.323048 0.857418 -0.400594  0.801492 0.506525
no_material
0  -0.868361 1.759885 28.958036  -0.137893 0.869275 -0.474707  0.802970 0.506525
0  -0.777044 1.770404 28.937429  -0.323048 0.857418 -0.400594  0.801492 0.506525
0  -0.790715 1.679120 28.822536  -0.492146 0.719559 -0.489926  0.802970 0.506525
no_material
0  -0.761788 1.653312 28.744892  -0.789520 0.602429 -0.117206  0.802970 0.506525
0  -0.790715 1.679120 28.822536  -0.492146 0.719559 -0.489926  0.802970 0.506525
0  -0.675821 1.770404 28.836208  -0.401968 0.856894 -0.322729  0.800013 0.506525
no_material
0  -0.631532 1.795409 28.898830  -0.220370 0.953293 -0.206564  0.798535 0.506525
0  -0.548643 1.795409 28.815939  -0.268957 0.958356 -0.095995  0.797057 0.506525
0  -0.655215 1.759885 28.744892  -0.483524 0.864484 -0.137378  0.800013 0.506525
no_material
0  -0.868361 1.759885 28.958036  -0.137893 0.869275 -0.474707  0.802970 0.506525
0  -0.797312 1.795409 29.064610  -0.095831 0.962756 -0.252818  0.801491 0.506525
0  -0.714422 1.795409 28.981720  -0.206561 0.953296 -0.220364  0.800013 0.506525
no_material
0  -0.761788 1.653312 28.744892  -0.705356 0.070291 -0.705359  0.802970 0.506525
0  -0.797312 1.546740 28.815939  -0.705354 0.070339 -0.705357  0.805926 0.506525
0  -0.868361 1.653312 28.851463  -0.705355 0.070289 -0.705360  0.804448 0.506525
no_material
0  0.837950 1.653312 28.851463  0.117383 0.593831 -0.795981  0.773596 0.506525
0  0.760304 1.679120 28.822536  0.489930 0.719561 -0.492138  0.774582 0.506525
0  0.746633 1.770404 28.937429  0.322730 0.856884 -0.401989  0.774582 0.506525
no_material
0  0.684011 1.795409 28.981720  0.206563 0.953294 -0.220370  0.775074 0.506525
0  0.746633 1.770404 28.937429  0.322730 0.856884 -0.401989  0.774582 0.506525
0  0.645409 1.770404 28.836208  0.400576 0.857428 -0.323042  0.776060 0.506525
no_material
0  0.624804 1.759885 28.744892  0.482188 0.865154 -0.137848  0.776552 0.506525
0  0.645409 1.770404 28.836208  0.400576 0.857428 -0.323042  0.776060 0.506525
0  0.760304 1.679120 28.822536  0.489930 0.719561 -0.492138  0.774582 0.506525
no_material
0  0.837950 1.653312 28.851463  0.705355 0.070289 -0.705361  0.773596 0.506525
0  0.766901 1.546740 28.815939  0.705353 0.070340 -0.705357  0.773596 0.506525
0  0.731377 1.653312 28.744892  0.705356 0.070291 -0.705360  0.775074 0.506525
no_material
0  0.684011 1.795409 28.981720  0.206563 0.953294 -0.220370  0.775074 0.506525
0  0.766901 1.795409 29.064610  0.095796 0.962721 -0.252965  0.773596 0.506525
0  0.837950 1.759885 28.958036  0.137434 0.868585 -0.476102  0.773596 0.506525
no_material
0  0.624804 1.759885 28.744892  0.482188 0.865154 -0.137848  0.776552 0.506525
0  0.518231 1.795409 28.815939  0.268958 0.958356 -0.095997  0.778031 0.506525
0  0.601121 1.795409 28.898830  0.220418 0.953284 -0.206555  0.776552 0.506525
no_material
0  0.601121 1.795408 15.076264  0.220372 0.953293 0.206566  0.656770 0.219912
0  0.645409 1.770403 15.138885  0.401972 0.856893 0.322727  0.655292 0.219912
0  0.746633 1.770403 15.037663  0.323033 0.857427 0.400586  0.653814 0.219912
no_material
0  0.837950 1.759884 15.017057  0.137886 0.869274 0.474710  0.652335 0.219912
0  0.746633 1.770403 15.037663  0.323033 0.857427 0.400586  0.653814 0.219912
0  0.760304 1.679119 15.152557  0.492140 0.719563 0.489926  0.652335 0.219912
no_material
0  0.731377 1.653311 15.230202  0.789526 0.602421 0.117205  0.652335 0.219912
0  0.760304 1.679119 15.152557  0.492140 0.719563 0.489926  0.652335 0.219912
0  0.645409 1.770403 15.138885  0.401972 0.856893 0.322727  0.655292 0.219912
no_material
0  0.601121 1.795408 15.076264  0.220372 0.953293 0.206566  0.656770 0.219912
0  0.518231 1.795408 15.159155  0.268939 0.958361 0.096003  0.658248 0.219912
0  0.624804 1.759884 15.230202  0.483525 0.864483 0.137382  0.655292 0.219912
no_material
0  0.837950 1.759884 15.017057  0.137886 0.869274 0.474710  0.652335 0.219912
0  0.766901 1.795408 14.910484  0.095836 0.962756 0.252817  0.653813 0.219912
0  0.684011 1.795408 14.993374  0.206560 0.953295 0.220369  0.655292 0.219912
no_material
0  0.731377 1.653311 15.230202  0.705357 0.070288 0.705358  0.652335 0.219912
0  0.766901 1.546739 15.159155  0.705356 0.070294 0.705359  0.649379 0.219912
0  0.837950 1.653311 15.123630  0.705356 0.070287 0.705360  0.650857 0.219912
no_material
0  -0.868361 1.653311 15.123630  -0.117377 0.593836 0.795978  0.681709 0.219912
0  -0.790715 1.679119 15.152557  -0.489920 0.719569 0.492138  0.680724 0.219912
0  -0.777044 1.770403 15.037663  -0.322724 0.856892 0.401978  0.680724 0.219912
no_material
0  -0.714422 1.795408 14.993374  -0.206552 0.953285 0.220418  0.680231 0.219912
0  -0.777044 1.770403 15.037663  -0.322724 0.856892 0.401978  0.680724 0.219912
0  -0.675821 1.770403 15.138885  -0.400587 0.857423 0.323041  0.679245 0.219912
no_material
0  -0.655215 1.759884 15.230202  -0.482189 0.865156 0.137833  0.678753 0.219912
0  -0.675821 1.770403 15.138885  -0.400587 0.857423 0.323041  0.679245 0.219912
0  -0.790715 1.679119 15.152557  -0.489920 0.719569 0.492138  0.680724 0.219912
no_material
0  -0.868361 1.653311 15.123630  -0.705356 0.070286 0.705360  0.681709 0.219912
0  -0.797312 1.546739 15.159155  -0.705356 0.070294 0.705359  0.681709 0.219912
0  -0.761788 1.653311 15.230202  -0.705357 0.070288 0.705358  0.680231 0.219912
no_material
0  -0.714422 1.795408 14.993374  -0.206552 0.953285 0.220418  0.680231 0.219912
0  -0.797312 1.795408 14.910484  -0.095801 0.962720 0.252965  0.681709 0.219912
0  -0.868361 1.759884 15.017057  -0.137434 0.868583 0.476105  0.681709 0.219912
no_material
0  -0.655215 1.759884 15.230202  -0.482189 0.865156 0.137833  0.678753 0.219912
0  -0.548643 1.795408 15.159155  -0.268937 0.958361 0.096001  0.677274 0.219912
0  -0.631532 1.795408 15.076264  -0.220370 0.953292 0.206569  0.678753 0.219912
no_material
0  -0.868361 1.653311 15.123630  -0.117377 0.593836 0.795978  0.644262 0.125491
0  -0.868361 1.759884 15.017057  -0.137434 0.868583 0.476105  0.644262 0.123258
0  -22.829025 1.763643 15.032095  0.265767 0.924173 0.274359  0.867624 0.123258
no_material
0  -0.868361 1.759884 15.017057  -0.137434 0.868583 0.476105  0.644262 0.123258
0  -0.797312 1.795408 14.910484  -0.095801 0.962720 0.252965  0.643539 0.121594
0  -22.950636 1.795408 14.910484  0.128820 0.981010 0.145002  0.868861 0.121594
no_material
0  22.703321 1.668349 28.847704  -0.867608 0.497248 0.000002  0.929610 0.631237
0  22.798615 1.763644 28.942999  -0.265765 0.924173 -0.274361  0.930654 0.633085
0  22.798615 1.763643 15.032095  -0.265767 0.924197 0.274277  0.778273 0.633085
no_material
0  22.798615 1.763644 28.942999  -0.265765 0.924173 -0.274361  0.930654 0.633085
0  22.920225 1.795409 29.064610  -0.128809 0.981011 -0.145002  0.931986 0.634809
0  22.920225 1.795408 14.910484  -0.128796 0.981026 0.144909  0.776941 0.634809
no_material
0  0.837950 1.653312 28.851463  0.117383 0.593831 -0.795981  0.653222 0.865779
0  0.837950 1.759885 28.958036  0.137434 0.868585 -0.476102  0.653222 0.863537
0  22.798615 1.763644 28.942999  -0.265765 0.924173 -0.274361  0.875679 0.863537
no_material
0  0.837950 1.759885 28.958036  0.137434 0.868585 -0.476102  0.653222 0.863537
0  0.766901 1.795409 29.064610  0.095796 0.962721 -0.252965  0.652502 0.861866
0  22.920225 1.795409 29.064610  -0.128809 0.981011 -0.145002  0.876910 0.861866
no_material
0  -22.733730 1.668348 15.127389  0.867600 0.497262 -0.000001  0.930774 0.368464
0  -22.829025 1.763643 15.032095  0.265767 0.924173 0.274359  0.931818 0.370312
0  -22.829025 1.763644 28.942999  0.265767 0.924198 -0.274275  0.779437 0.370312
no_material
0  -22.829025 1.763643 15.032095  0.265767 0.924173 0.274359  0.931818 0.370312
0  -22.950636 1.795408 14.910484  0.128820 0.981010 0.145002  0.933150 0.372036
0  -22.950636 1.795409 29.064610  0.128797 0.981026 -0.144909  0.778105 0.372036
no_material
0  22.703321 1.668348 15.127389  -0.000401 0.511664 0.859186  0.235749 0.063662
0  22.798615 1.763643 15.032095  -0.265767 0.924197 0.274277  0.236719 0.065894
0  0.837950 1.759884 15.017057  0.137886 0.869274 0.474710  0.013359 0.065894
no_material
0  22.798615 1.763643 15.032095  -0.265767 0.924197 0.274277  0.236719 0.065894
0  22.920225 1.795408 14.910484  -0.128796 0.981026 0.144909  0.237955 0.067757
0  0.766901 1.795408 14.910484  0.095836 0.962756 0.252817  0.012637 0.067757
no_material
0  -22.733730 1.668349 28.847704  0.000400 0.511664 -0.859186  0.228780 0.784282
0  -22.829025 1.763644 28.942999  0.265767 0.924198 -0.274275  0.229748 0.786517
0  -0.868361 1.759885 28.958036  -0.137893 0.869275 -0.474707  0.006639 0.786517
no_material
0  -22.829025 1.763644 28.942999  0.265767 0.924198 -0.274275  0.229748 0.786517
0  -22.950636 1.795409 29.064610  0.128797 0.981026 -0.144909  0.230983 0.788382
0  -0.797312 1.795409 29.064610  -0.095831 0.962756 -0.252818  0.005918 0.788382
no_material
0  0.624804 1.759885 28.744892  0.482188 0.865154 -0.137848  0.916663 0.217928
0  0.731377 1.653312 28.744892  0.788299 0.603889 -0.117911  0.916663 0.219798
0  0.731377 1.653311 15.230202  0.789526 0.602421 0.117205  0.752319 0.219798
no_material
0  0.731377 1.653312 28.744892  0.788299 0.603889 -0.117911  0.916663 0.219798
0  0.766901 1.546740 28.815939  0.948683 0.316228 -0.000000  0.917527 0.221192
0  0.766901 1.546739 15.159155  0.948683 0.316229 -0.000000  0.751455 0.221192
no_material
0  -0.761788 1.653312 28.744892  -0.789520 0.602429 -0.117206  0.916663 0.200032
0  -0.655215 1.759885 28.744892  -0.483524 0.864484 -0.137378  0.916663 0.201902
0  -0.655215 1.759884 15.230202  -0.482189 0.865156 0.137833  0.752319 0.201902
no_material
0  -0.655215 1.759885 28.744892  -0.483524 0.864484 -0.137378  0.916663 0.201902
0  -0.548643 1.795409 28.815939  -0.268957 0.958356 -0.095995  0.917527 0.203296
0  -0.548643 1.795408 15.159155  -0.268937 0.958361 0.096001  0.751455 0.203296
no_material
0  1.589116 -0.113734 15.981368  0.000000 -1.000000 0.000000  0.822290 0.323429
0  21.849340 -0.113734 15.981368  0.000000 -1.000000 0.000000  0.554980 0.323429
0  21.849340 -0.113733 27.993727  0.000000 -1.000000 0.000000  0.554980 0.481918
no_material
0  1.589116 0.094829 27.993727  0.000000 1.000000 -0.000000  0.004072 0.315284
0  21.849340 0.094829 27.993727  0.000000 1.000000 -0.000000  0.271382 0.315284
0  21.849340 0.094828 15.981368  0.000000 1.000000 -0.000000  0.271382 0.156796
no_material
0  -1.619527 -0.113733 27.993727  0.000000 -1.000000 0.000000  0.004072 0.481918
0  -21.879751 -0.113733 27.993727  0.000000 -1.000000 0.000000  0.271382 0.481918
0  -21.879751 -0.113734 15.981368  0.000000 -1.000000 0.000000  0.271382 0.323429
no_material
0  -21.879751 0.094828 15.981368  0.000000 1.000000 -0.000000  0.279526 0.323429
0  -21.879751 0.094829 27.993727  0.000000 1.000000 -0.000000  0.279526 0.481918
0  -1.619527 0.094829 27.993727  0.000000 1.000000 -0.000000  0.546836 0.481918
no_material
0  -1.619527 0.094829 27.993727  1.000000 0.000000 0.000000  0.841330 0.315284
0  -1.619527 -0.113733 27.993727  1.000000 0.000000 0.000000  0.844081 0.315284
0  -1.619527 -0.113734 15.981368  1.000000 0.000000 0.000000  0.844081 0.156796
no_material
0  1.589116 -0.113733 27.993727  -1.000000 0.000000 0.000000  0.830434 0.315284
0  1.589116 0.094829 27.993727  -1.000000 0.000000 0.000000  0.833185 0.315284
0  1.589116 0.094828 15.981368  -1.000000 0.000000 0.000000  0.833185 0.156796
no_material
0  21.849340 0.094828 15.981368  0.000000 0.000000 -1.000000  0.822290 0.315284
0  21.849340 -0.113734 15.981368  0.000000 0.000000 -1.000000  0.822290 0.312533
0  1.589116 -0.113734 15.981368  0.000000 0.000000 -1.000000  0.554980 0.312533
no_material
0  21.849340 0.094829 27.993727  1.000000 0.000000 0.000000  0.841330 0.481918
0  21.849340 -0.113733 27.993727  1.000000 0.000000 0.000000  0.844081 0.481918
0  21.849340 -0.113734 15.981368  1.000000 0.000000 0.000000  0.844081 0.323429
no_material
0  -21.879751 0.094828 15.981368  -1.000000 0.000000 0.000000  0.833185 0.323429
0  -21.879751 -0.113734 15.981368  -1.000000 0.000000 0.000000  0.830434 0.323429
0  -21.879751 -0.113733 27.993727  -1.000000 0.000000 0.000000  0.830434 0.481918
no_material
0  -21.879751 0.094829 27.993727  0.000000 0.000000 1.000000  0.554980 0.290741
0  -21.879751 -0.113733 27.993727  0.000000 0.000000 1.000000  0.554980 0.293493
0  -1.619527 -0.113733 27.993727  0.000000 0.000000 1.000000  0.822290 0.293493
no_material
0  -1.619527 0.094828 15.981368  0.000000 0.000000 -1.000000  0.546836 0.293493
0  -1.619527 -0.113734 15.981368  0.000000 0.000000 -1.000000  0.546836 0.290741
0  -21.879751 -0.113734 15.981368  0.000000 0.000000 -1.000000  0.279526 0.290741
no_material
0  1.589116 0.094829 27.993727  0.000000 0.000000 1.000000  0.554980 0.301637
0  1.589116 -0.113733 27.993727  0.000000 0.000000 1.000000  0.554980 0.304389
0  21.849340 -0.113733 27.993727  0.000000 0.000000 1.000000  0.822290 0.304389
no_material
0  22.144484 -1.228735 12.340762  -1.000000 0.000000 0.000000  0.742750 0.304645
0  22.144484 1.129617 12.340762  -1.000000 0.000000 0.000000  0.742750 0.330049
0  22.144484 1.129614 -29.772675  -1.000000 0.000000 0.000000  0.150064 0.330049
no_material
0  -22.174894 1.129617 12.340762  1.000000 0.000000 0.000000  0.743144 0.635665
0  -22.174894 -1.228735 12.340762  1.000000 0.000000 0.000000  0.743144 0.661048
0  -22.174894 -1.228739 -29.772675  1.000000 0.000000 0.000000  0.150990 0.661048
no_material
0  -22.174894 1.129617 12.340762  0.000000 0.000000 -1.000000  0.755983 0.438971
0  22.144484 1.129617 12.340762  0.000000 0.000000 -1.000000  0.136516 0.438971
0  22.144484 -1.228735 12.340762  0.000000 0.000000 -1.000000  0.136516 0.413402
no_material
0  -22.174894 -1.228739 -29.772675  0.000000 0.000000 1.000000  0.756587 0.550083
0  22.144484 -1.228739 -29.772675  0.000000 0.000000 1.000000  0.137624 0.550083
0  22.144484 1.129614 -29.772675  0.000000 0.000000 1.000000  0.137624 0.524532
no_material
0  23.774527 1.795407 -31.488100  1.000000 0.000000 0.000000  0.128252 0.352094
0  23.774527 1.795411 14.056188  1.000000 0.000000 0.000000  0.764563 0.352094
0  23.774527 -1.814312 14.056188  1.000000 0.000000 0.000000  0.764563 0.390694
no_material
0  -23.804935 -1.814316 -31.488100  -1.000000 0.000000 0.000000  0.128846 0.682577
0  -23.804935 -1.814312 14.056188  -1.000000 0.000000 0.000000  0.765288 0.682577
0  -23.804935 1.795411 14.056188  -1.000000 0.000000 0.000000  0.765288 0.721188
no_material
0  23.774527 -1.814312 14.056188  0.000000 0.000000 1.000000  0.115920 0.500854
0  23.774527 1.795411 14.056188  0.000000 0.000000 1.000000  0.115920 0.461974
0  -23.804935 1.795411 14.056188  0.000000 0.000000 1.000000  0.776579 0.461974
no_material
0  23.774527 1.795407 -31.488100  0.000000 0.000000 -1.000000  0.116714 0.611470
0  23.774527 -1.814316 -31.488100  0.000000 0.000000 -1.000000  0.116714 0.572581
0  -23.804935 -1.814316 -31.488100  0.000000 0.000000 -1.000000  0.777497 0.572581
no_material
0  23.774527 -1.814316 -31.488100  -0.000000 -1.000000 0.000000  0.128252 0.390694
0  23.774527 -1.814312 14.056188  0.000000 -1.000000 0.000000  0.764563 0.390694
0  22.535582 -1.814313 12.752347  0.000000 -1.000000 0.000000  0.746346 0.403942
no_material
0  23.774527 1.795411 14.056188  -0.000000 1.000000 0.000000  0.764563 0.352094
0  23.774527 1.795407 -31.488100  0.000000 1.000000 -0.000000  0.128252 0.352094
0  22.613802 1.795407 -30.266579  0.000000 1.000000 -0.000000  0.145318 0.339682
no_material
0  -23.804935 1.795407 -31.488100  -0.000000 1.000000 -0.000000  0.128846 0.721188
0  -23.804935 1.795411 14.056188  0.000000 1.000000 -0.000000  0.765288 0.721188
0  -22.644213 1.795411 12.834664  0.000000 1.000000 -0.000000  0.748218 0.733604
no_material
0  -23.804935 -1.814312 14.056188  -0.000000 -1.000000 0.000000  0.765288 0.682577
0  -23.804935 -1.814316 -31.488100  0.000000 -1.000000 0.000000  0.128846 0.682577
0  -22.565992 -1.814316 -30.184258  0.000000 -1.000000 0.000000  0.147066 0.669324
no_material
0  -23.804935 1.795411 14.056188  0.000000 1.000000 -0.000000  0.776579 0.461974
0  23.774527 1.795411 14.056188  -0.000000 1.000000 0.000000  0.115920 0.461974
0  22.613802 1.795411 12.834664  -0.000000 1.000000 0.000000  0.132037 0.448817
no_material
0  23.774527 -1.814312 14.056188  0.000000 -1.000000 0.000000  0.115920 0.500854
0  -23.804935 -1.814312 14.056188  -0.000000 -1.000000 0.000000  0.776579 0.500854
0  -22.565992 -1.814313 12.752347  -0.000000 -1.000000 0.000000  0.759376 0.514897
no_material
0  -23.804935 -1.814316 -31.488100  0.000000 -1.000000 0.000000  0.777497 0.572581
0  23.774527 -1.814316 -31.488100  -0.000000 -1.000000 0.000000  0.116714 0.572581
0  22.535582 -1.814316 -30.184258  -0.000000 -1.000000 0.000000  0.133920 0.558534
no_material
0  23.774527 1.795407 -31.488100  0.000000 1.000000 -0.000000  0.116714 0.611470
0  -23.804935 1.795407 -31.488100  -0.000000 1.000000 -0.000000  0.777497 0.611470
0  -22.644213 1.795407 -30.266579  -0.000000 1.000000 -0.000000  0.761377 0.624631
no_material
0  22.421032 -1.530706 12.631797  -0.927224 -0.374506 0.000000  0.746346 0.407467
0  22.421032 -1.530709 -30.063711  -0.927225 -0.374505 0.000000  0.146468 0.407467
0  22.535582 -1.814316 -30.184258  -0.927225 -0.374505 0.000000  0.146468 0.403942
no_material
0  -22.451443 -1.530709 -30.063711  0.927224 -0.374506 0.000000  0.147066 0.665798
0  -22.451443 -1.530706 12.631797  0.927223 -0.374509 0.000000  0.747068 0.665798
0  -22.565992 -1.814313 12.752347  0.927223 -0.374509 0.000000  0.747068 0.669324
no_material
0  -22.451443 -1.530706 12.631797  0.000000 -0.391188 -0.920311  0.759376 0.518447
0  22.421032 -1.530706 12.631797  0.000000 -0.391188 -0.920311  0.133123 0.518447
0  22.535582 -1.814313 12.752347  0.000000 -0.391188 -0.920311  0.133123 0.514897
no_material
0  22.421032 -1.530709 -30.063711  0.000000 -0.391178 0.920315  0.133920 0.554983
0  -22.451443 -1.530709 -30.063711  0.000000 -0.391178 0.920315  0.760291 0.554983
0  -22.565992 -1.814316 -30.184258  0.000000 -0.391178 0.920315  0.760291 0.558534
no_material
0  22.421032 -1.530706 12.631797  -0.203061 -0.959672 -0.194411  0.746346 0.407467
0  22.310675 -1.483828 12.515657  -0.203103 -0.959671 -0.194371  0.744714 0.408757
0  22.310675 -1.483831 -29.947573  -0.203126 -0.959671 0.194350  0.148100 0.408757
no_material
0  -22.451443 -1.530709 -30.063711  0.203056 -0.959674 0.194406  0.147066 0.665798
0  -22.341084 -1.483831 -29.947573  0.203125 -0.959673 0.194340  0.148698 0.664508
0  -22.341084 -1.483828 12.515657  0.203123 -0.959673 -0.194345  0.745436 0.664508
no_material
0  -22.451443 -1.530706 12.631797  0.203051 -0.959674 -0.194414  0.759376 0.518447
0  -22.341084 -1.483828 12.515657  0.203123 -0.959673 -0.194345  0.757836 0.519803
0  22.310675 -1.483828 12.515657  -0.203103 -0.959671 -0.194371  0.134663 0.519803
no_material
0  22.421032 -1.530709 -30.063711  -0.203053 -0.959672 0.194420  0.133920 0.554983
0  22.310675 -1.483831 -29.947573  -0.203126 -0.959671 0.194350  0.135461 0.553626
0  -22.341084 -1.483831 -29.947573  0.203125 -0.959673 0.194340  0.758751 0.553626
no_material
0  22.476341 1.455079 -30.121920  -0.927223 0.374509 -0.000000  0.145318 0.335449
0  22.476341 1.455082 12.690002  -0.927221 0.374514 -0.000000  0.747496 0.335449
0  22.613802 1.795411 12.834664  -0.927221 0.374514 -0.000000  0.747496 0.339682
no_material
0  -22.506752 1.455082 12.690002  0.927221 0.374515 -0.000000  0.748218 0.737838
0  -22.506752 1.455079 -30.121920  0.927221 0.374514 -0.000000  0.145916 0.737838
0  -22.644213 1.795407 -30.266579  0.927221 0.374514 -0.000000  0.145916 0.733604
no_material
0  22.476341 1.455082 12.690002  0.000000 0.391192 -0.920309  0.132037 0.444555
0  -22.506752 1.455082 12.690002  0.000000 0.391192 -0.920309  0.760462 0.444555
0  -22.644213 1.795411 12.834664  0.000000 0.391192 -0.920309  0.760462 0.448817
no_material
0  -22.506752 1.455079 -30.121920  0.000000 0.391185 0.920312  0.761377 0.628894
0  22.476341 1.455079 -30.121920  0.000000 0.391186 0.920312  0.132834 0.628894
0  22.613802 1.795407 -30.266579  0.000000 0.391186 0.920312  0.132834 0.624631
no_material
0  22.476341 1.455079 -30.121920  -0.203053 0.959673 0.194413  0.145318 0.335449
0  22.310675 1.384706 -29.947573  -0.203129 0.959672 0.194341  0.147770 0.333511
0  22.310675 1.384709 12.515657  -0.203100 0.959670 -0.194379  0.745044 0.333511
no_material
0  -22.506752 1.455082 12.690002  0.203055 0.959672 -0.194416  0.748218 0.737838
0  -22.341084 1.384709 12.515657  0.203129 0.959671 -0.194345  0.745765 0.739776
0  -22.341084 1.384706 -29.947573  0.203096 0.959671 0.194379  0.148369 0.739776
no_material
0  22.476341 1.455082 12.690002  -0.203060 0.959671 -0.194417  0.132037 0.444555
0  22.310675 1.384709 12.515657  -0.203100 0.959670 -0.194379  0.134351 0.442518
0  -22.341084 1.384709 12.515657  0.203129 0.959671 -0.194345  0.758148 0.442518
no_material
0  -22.506752 1.455079 -30.121920  0.203057 0.959672 0.194416  0.761377 0.628894
0  -22.341084 1.384706 -29.947573  0.203096 0.959671 0.194379  0.759062 0.630932
0  22.310675 1.384706 -29.947573  -0.203129 0.959672 0.194341  0.135149 0.630932
no_material
0  22.245535 1.344571 -29.879017  -0.643868 0.765137 0.000000  0.148734 0.332688
0  22.245535 1.344574 12.447106  -0.643870 0.765135 -0.000001  0.744080 0.332688
0  22.310675 1.384709 12.515657  -0.524556 0.851376 -0.000000  0.745044 0.333511
no_material
0  22.245535 -1.443693 12.447106  -0.643864 -0.765140 -0.000001  0.743751 0.409580
0  22.245535 -1.443696 -29.879017  -0.643869 -0.765136 0.000000  0.149063 0.409580
0  22.310675 -1.483831 -29.947573  -0.524552 -0.851379 0.000000  0.148100 0.408757
no_material
0  -22.275946 -1.443696 -29.879017  0.643873 -0.765132 0.000000  0.149662 0.663685
0  -22.275946 -1.443693 12.447106  0.643865 -0.765139 -0.000000  0.744472 0.663685
0  -22.341084 -1.483828 12.515657  0.524559 -0.851374 0.000000  0.745436 0.664508
no_material
0  -22.275946 1.344574 12.447106  0.643864 0.765140 -0.000000  0.744801 0.740600
0  -22.275946 1.344571 -29.879017  0.643880 0.765126 -0.000000  0.149333 0.740600
0  -22.341084 1.384706 -29.947573  0.524571 0.851366 -0.000000  0.148369 0.739776
no_material
0  -22.275946 -1.443693 12.447106  -0.000002 -0.780343 -0.625352  0.756927 0.520663
0  22.245535 -1.443693 12.447106  0.000002 -0.780339 -0.625356  0.135572 0.520663
0  22.310675 -1.483828 12.515657  0.000000 -0.862975 -0.505247  0.134663 0.519803
no_material
0  22.245535 1.344574 12.447106  0.000002 0.780344 -0.625351  0.135261 0.441657
0  -22.275946 1.344574 12.447106  -0.000002 0.780340 -0.625356  0.757238 0.441657
0  -22.341084 1.384709 12.515657  0.000000 0.862974 -0.505248  0.758148 0.442518
no_material
0  -22.275946 1.344571 -29.879017  -0.000002 0.780355 0.625337  0.758152 0.631793
0  22.245535 1.344571 -29.879017  0.000002 0.780348 0.625345  0.136059 0.631793
0  22.310675 1.384706 -29.947573  0.000000 0.862988 0.505224  0.135149 0.630932
no_material
0  22.245535 -1.443696 -29.879017  0.000002 -0.780353 0.625339  0.136370 0.552766
0  -22.275946 -1.443696 -29.879017  -0.000002 -0.780350 0.625343  0.757841 0.552766
0  -22.341084 -1.483831 -29.947573  0.000000 -0.862991 0.505219  0.758751 0.553626
no_material
0  22.245535 1.344571 -29.879017  -0.643868 0.765137 0.000000  0.148734 0.332688
0  22.190641 1.282476 -29.821249  -0.837618 0.546256 0.000000  0.149547 0.331795
0  22.190641 1.282479 12.389337  -0.837604 0.546278 -0.000001  0.743267 0.331795
no_material
0  22.190641 1.282476 -29.821249  -0.837618 0.546256 0.000000  0.149547 0.331795
0  22.155712 1.206698 -29.784492  -0.958741 0.284280 -0.000000  0.150064 0.330897
0  22.155712 1.206701 12.352578  -0.958731 0.284315 0.000000  0.742750 0.330897
no_material
0  22.155712 1.206698 -29.784492  -0.958741 0.284280 -0.000000  0.150064 0.330897
0  22.144484 1.129614 -29.772675  -0.989561 0.144117 -0.000000  0.150064 0.330049
0  22.144484 1.129617 12.340762  -0.989557 0.144142 -0.000000  0.742750 0.330049
no_material
0  22.245535 -1.443693 12.447106  -0.643864 -0.765140 -0.000001  0.743751 0.409580
0  22.190641 -1.381598 12.389337  -0.837614 -0.546263 -0.000001  0.742940 0.410471
0  22.190641 -1.381601 -29.821249  -0.837603 -0.546280 0.000000  0.149875 0.410471
no_material
0  22.190641 -1.381598 12.389337  -0.837614 -0.546263 -0.000001  0.742940 0.410471
0  22.155712 -1.305820 12.352578  -0.958747 -0.284262 0.000001  0.742423 0.411368
0  22.155712 -1.305823 -29.784492  -0.958726 -0.284332 0.000000  0.150391 0.411368
no_material
0  22.155712 -1.305820 12.352578  -0.958747 -0.284262 0.000001  0.742423 0.411368
0  22.144484 -1.228735 12.340762  -0.989561 -0.144117 0.000000  0.742423 0.412216
0  22.144484 -1.228739 -29.772675  -0.989555 -0.144153 0.000000  0.150391 0.412216
no_material
0  -22.275946 -1.443696 -29.879017  0.643873 -0.765132 0.000000  0.149662 0.663685
0  -22.221050 -1.381601 -29.821249  0.837628 -0.546241 0.000000  0.150473 0.662793
0  -22.221050 -1.381598 12.389337  0.837600 -0.546284 -0.000001  0.743660 0.662793
no_material
0  -22.221050 -1.381601 -29.821249  0.837628 -0.546241 0.000000  0.150473 0.662793
0  -22.186123 -1.305823 -29.784492  0.958741 -0.284280 0.000000  0.150990 0.661896
0  -22.186123 -1.305820 12.352578  0.958737 -0.284294 0.000001  0.743144 0.661896
no_material
0  -22.186123 -1.305823 -29.784492  0.958741 -0.284280 0.000000  0.150990 0.661896
0  -22.174894 -1.228739 -29.772675  0.989561 -0.144117 0.000000  0.150990 0.661048
0  -22.174894 -1.228735 12.340762  0.989556 -0.144146 0.000000  0.743144 0.661048
no_material
0  -22.275946 1.344574 12.447106  0.643864 0.765140 -0.000000  0.744801 0.740600
0  -22.221050 1.282479 12.389337  0.837614 0.546262 -0.000001  0.743988 0.741492
0  -22.221050 1.282476 -29.821249  0.837609 0.546271 0.000000  0.150146 0.741492
no_material
0  -22.221050 1.282479 12.389337  0.837614 0.546262 -0.000001  0.743988 0.741492
0  -22.186123 1.206701 12.352578  0.958747 0.284262 0.000001  0.743471 0.742391
0  -22.186123 1.206698 -29.784492  0.958732 0.284310 -0.000000  0.150663 0.742391
no_material
0  -22.186123 1.206701 12.352578  0.958747 0.284262 0.000001  0.743471 0.742391
0  -22.174894 1.129617 12.340762  0.989561 0.144117 -0.000000  0.743471 0.743240
0  -22.174894 1.129614 -29.772675  0.989555 0.144158 -0.000000  0.150663 0.743240
no_material
0  -22.275946 -1.443693 12.447106  -0.000002 -0.780343 -0.625352  0.756927 0.520663
0  -22.221050 -1.381598 12.389337  -0.000001 -0.565011 -0.825084  0.756161 0.521581
0  22.190641 -1.381598 12.389337  0.000000 -0.565011 -0.825083  0.136338 0.521581
no_material
0  -22.221050 -1.381598 12.389337  -0.000001 -0.565011 -0.825084  0.756161 0.521581
0  -22.186123 -1.305820 12.352578  0.000001 -0.297289 -0.954788  0.755673 0.522493
0  22.155712 -1.305820 12.352578  -0.000001 -0.297293 -0.954786  0.136826 0.522493
no_material
0  -22.186123 -1.305820 12.352578  0.000001 -0.297289 -0.954788  0.755673 0.522493
0  -22.174894 -1.228735 12.340762  0.000000 -0.151518 -0.988455  0.755673 0.523346
0  22.144484 -1.228735 12.340762  0.000000 -0.151518 -0.988455  0.136826 0.523346
no_material
0  22.245535 1.344574 12.447106  0.000002 0.780344 -0.625351  0.135261 0.441657
0  22.190641 1.282479 12.389337  0.000000 0.565012 -0.825083  0.136028 0.440738
0  -22.221050 1.282479 12.389337  -0.000001 0.565010 -0.825084  0.756471 0.440738
no_material
0  22.190641 1.282479 12.389337  0.000000 0.565012 -0.825083  0.136028 0.440738
0  22.155712 1.206701 12.352578  -0.000001 0.297289 -0.954787  0.136516 0.439825
0  -22.186123 1.206701 12.352578  0.000001 0.297291 -0.954787  0.755983 0.439825
no_material
0  22.155712 1.206701 12.352578  -0.000001 0.297289 -0.954787  0.136516 0.439825
0  22.144484 1.129617 12.340762  0.000000 0.151518 -0.988454  0.136516 0.438971
0  -22.174894 1.129617 12.340762  0.000000 0.151517 -0.988455  0.755983 0.438971
no_material
0  -22.275946 1.344571 -29.879017  -0.000002 0.780355 0.625337  0.758152 0.631793
0  -22.221050 1.282476 -29.821249  -0.000001 0.564996 0.825094  0.757385 0.632712
0  22.190641 1.282476 -29.821249  0.000000 0.564997 0.825093  0.136826 0.632712
no_material
0  -22.221050 1.282476 -29.821249  -0.000001 0.564996 0.825094  0.757385 0.632712
0  -22.186123 1.206698 -29.784492  0.000001 0.297239 0.954803  0.756897 0.633625
0  22.155712 1.206698 -29.784492  -0.000001 0.297339 0.954772  0.137314 0.633625
no_material
0  -22.186123 1.206698 -29.784492  0.000001 0.297239 0.954803  0.756897 0.633625
0  -22.174894 1.129614 -29.772675  0.000000 0.151541 0.988451  0.756897 0.634480
0  22.144484 1.129614 -29.772675  0.000000 0.151541 0.988451  0.137314 0.634480
no_material
0  22.245535 -1.443696 -29.879017  0.000002 -0.780353 0.625339  0.136370 0.552766
0  22.190641 -1.381601 -29.821249  0.000000 -0.564997 0.825093  0.137136 0.551848
0  -22.221050 -1.381601 -29.821249  -0.000001 -0.564996 0.825094  0.757075 0.551848
no_material
0  22.190641 -1.381601 -29.821249  0.000000 -0.564997 0.825093  0.137136 0.551848
0  22.155712 -1.305823 -29.784492  -0.000001 -0.297241 0.954803  0.137624 0.550936
0  -22.186123 -1.305823 -29.784492  0.000001 -0.297338 0.954772  0.756587 0.550936
no_material
0  22.155712 -1.305823 -29.784492  -0.000001 -0.297241 0.954803  0.137624 0.550936
0  22.144484 -1.228739 -29.772675  0.000000 -0.151542 0.988451  0.137624 0.550083
0  -22.174894 -1.228739 -29.772675  0.000000 -0.151541 0.988451  0.756587 0.550083
no_material
0  0.178304 -0.932699 -5.306859  -0.000000 -1.000000 0.000000  0.074743 0.359991
0  0.178304 -0.932700 -7.632266  0.000000 -1.000000 0.000000  0.074743 0.543624
0  0.191030 -0.932700 -7.698980  0.000000 -1.000000 0.000000  0.074106 0.548892
no_material
0  0.191030 -0.932700 -7.698980  0.000000 -1.000000 0.000000  0.074106 0.548892
0  0.228079 -0.932700 -7.755385  0.000000 -1.000000 0.000004  0.072254 0.553347
0  0.284484 -0.932700 -7.792436  0.000000 -1.000000 0.000000  0.069433 0.556272
no_material
0  0.284484 -0.932700 -7.792436  0.000000 -1.000000 0.000000  0.069433 0.556272
0  0.351197 -0.932700 -7.805159  0.000000 -1.000000 0.000000  0.066096 0.557277
0  1.072285 -0.932700 -7.805159  0.000000 -1.000000 0.000001  0.030036 0.557277
no_material
0  1.072285 -0.932700 -7.805159  0.000000 -1.000000 0.000001  0.030036 0.557277
0  1.138999 -0.932700 -7.792436  0.000000 -1.000000 0.000000  0.026699 0.556272
0  1.195403 -0.932700 -7.755385  -0.000000 -1.000000 0.000000  0.023878 0.553347
no_material
0  1.195403 -0.932700 -7.755385  -0.000000 -1.000000 0.000000  0.023878 0.553347
0  1.232453 -0.932700 -7.698980  0.000000 -1.000000 -0.000001  0.022025 0.548892
0  1.245178 -0.932700 -7.632266  -0.000000 -1.000000 0.000000  0.021388 0.543624
no_material
0  1.245178 -0.932700 -7.632266  -0.000000 -1.000000 0.000000  0.021388 0.543624
0  1.245178 -0.932699 -5.306859  0.000000 -1.000000 0.000000  0.021388 0.359991
0  1.232453 -0.932699 -5.240145  0.000000 -1.000000 -0.000000  0.022025 0.354723
no_material
0  1.232453 -0.932699 -5.240145  0.000000 -1.000000 -0.000000  0.022025 0.354723
0  1.195403 -0.932699 -5.183740  0.000000 -1.000000 0.000004  0.023878 0.350269
0  1.138999 -0.932699 -5.146689  0.000000 -1.000000 -0.000001  0.026699 0.347343
no_material
0  1.138999 -0.932699 -5.146689  0.000000 -1.000000 -0.000001  0.026699 0.347343
0  1.072285 -0.932699 -5.133966  0.000000 -1.000000 0.000000  0.030036 0.346338
0  0.351197 -0.932699 -5.133966  -0.000000 -1.000000 0.000000  0.066096 0.346338
no_material
0  0.351197 -0.932699 -5.133966  -0.000000 -1.000000 0.000000  0.066096 0.346338
0  0.284484 -0.932699 -5.146689  0.000000 -1.000000 0.000000  0.069433 0.347343
0  0.228079 -0.932699 -5.183740  0.000000 -1.000000 0.000001  0.072254 0.350269
no_material
0  0.228079 -0.932699 -5.183740  0.000000 -1.000000 0.000001  0.072254 0.350269
0  0.191030 -0.932699 -5.240145  0.000000 -1.000000 0.000000  0.074106 0.354723
0  0.178304 -0.932699 -5.306859  -0.000000 -1.000000 0.000000  0.074743 0.359991
no_material
0  0.178304 -0.932699 -5.306859  -0.000000 -1.000000 0.000000  0.074743 0.359991
0  0.191030 -0.932700 -7.698980  0.000000 -1.000000 0.000000  0.074106 0.548892
0  0.284484 -0.932700 -7.792436  0.000000 -1.000000 0.000000  0.069433 0.556272
no_material
0  0.284484 -0.932700 -7.792436  0.000000 -1.000000 0.000000  0.069433 0.556272
0  1.072285 -0.932700 -7.805159  0.000000 -1.000000 0.000001  0.030036 0.557277
0  1.195403 -0.932700 -7.755385  -0.000000 -1.000000 0.000000  0.023878 0.553347
no_material
0  1.195403 -0.932700 -7.755385  -0.000000 -1.000000 0.000000  0.023878 0.553347
0  1.245178 -0.932700 -7.632266  -0.000000 -1.000000 0.000000  0.021388 0.543624
0  1.232453 -0.932699 -5.240145  0.000000 -1.000000 -0.000000  0.022025 0.354723
no_material
0  1.232453 -0.932699 -5.240145  0.000000 -1.000000 -0.000000  0.022025 0.354723
0  1.138999 -0.932699 -5.146689  0.000000 -1.000000 -0.000001  0.026699 0.347343
0  0.351197 -0.932699 -5.133966  -0.000000 -1.000000 0.000000  0.066096 0.346338
no_material
0  0.351197 -0.932699 -5.133966  -0.000000 -1.000000 0.000000  0.066096 0.346338
0  0.228079 -0.932699 -5.183740  0.000000 -1.000000 0.000001  0.072254 0.350269
0  0.178304 -0.932699 -5.306859  -0.000000 -1.000000 0.000000  0.074743 0.359991
no_material
0  0.178304 -0.932699 -5.306859  -0.000000 -1.000000 0.000000  0.074743 0.359991
0  0.284484 -0.932700 -7.792436  0.000000 -1.000000 0.000000  0.069433 0.556272
0  1.195403 -0.932700 -7.755385  -0.000000 -1.000000 0.000000  0.023878 0.553347
no_material
0  1.195403 -0.932700 -7.755385  -0.000000 -1.000000 0.000000  0.023878 0.553347
0  1.232453 -0.932699 -5.240145  0.000000 -1.000000 -0.000000  0.022025 0.354723
0  0.351197 -0.932699 -5.133966  -0.000000 -1.000000 0.000000  0.066096 0.346338
no_material
0  0.371219 -2.473384 -10.908072  -0.000001 0.000000 -1.000000  0.012365 0.324780
0  0.371219 -2.365517 -10.908072  -0.000066 0.000000 -1.000000  0.014552 0.322914
0  0.404551 -2.262929 -10.908072  0.000002 0.000000 -1.000000  0.017124 0.321932
no_material
0  0.404551 -2.262929 -10.908072  0.000002 0.000000 -1.000000  0.017124 0.321932
0  0.467954 -2.175663 -10.908072  -0.000033 0.000000 -1.000000  0.019827 0.321932
0  0.555220 -2.112261 -10.908072  -0.000000 0.000000 -1.000000  0.022399 0.322914
no_material
0  0.555220 -2.112261 -10.908072  -0.000000 0.000000 -1.000000  0.022399 0.322914
0  0.657808 -2.078928 -10.908072  0.000000 0.000000 -1.000000  0.024586 0.324780
0  0.765675 -2.078928 -10.908072  0.000000 0.000000 -1.000000  0.026176 0.327349
no_material
0  0.765675 -2.078928 -10.908072  0.000000 0.000000 -1.000000  0.026176 0.327349
0  0.868262 -2.112261 -10.908072  0.000000 0.000000 -1.000000  0.027011 0.330369
0  0.955529 -2.175663 -10.908072  0.000003 0.000000 -1.000000  0.027011 0.333545
no_material
0  0.955529 -2.175663 -10.908072  0.000003 0.000000 -1.000000  0.027011 0.333545
0  1.018931 -2.262929 -10.908072  0.000066 0.000000 -1.000000  0.026176 0.336565
0  1.052264 -2.365517 -10.908072  0.000007 0.000000 -1.000000  0.024586 0.339134
no_material
0  1.052264 -2.365517 -10.908072  0.000007 0.000000 -1.000000  0.024586 0.339134
0  1.052264 -2.473384 -10.908072  0.000066 0.000000 -1.000000  0.022399 0.341000
0  1.018931 -2.575972 -10.908072  0.000003 0.000000 -1.000000  0.019827 0.341982
no_material
0  1.018931 -2.575972 -10.908072  0.000003 0.000000 -1.000000  0.019827 0.341982
0  0.955529 -2.663237 -10.908072  0.000033 0.000000 -1.000000  0.017124 0.341982
0  0.868262 -2.726640 -10.908072  -0.000004 0.000000 -1.000000  0.014552 0.341000
no_material
0  0.868262 -2.726640 -10.908072  -0.000004 0.000000 -1.000000  0.014552 0.341000
0  0.765675 -2.759973 -10.908072  0.000000 0.000000 -1.000000  0.012365 0.339134
0  0.657808 -2.759973 -10.908072  0.000001 0.000000 -1.000000  0.010776 0.336565
no_material
0  0.657808 -2.759973 -10.908072  0.000001 0.000000 -1.000000  0.010776 0.336565
0  0.555220 -2.726640 -10.908072  0.000000 0.000000 -1.000000  0.009940 0.333545
0  0.467954 -2.663237 -10.908072  0.000016 0.000000 -1.000000  0.009940 0.330369
no_material
0  0.467954 -2.663237 -10.908072  0.000016 0.000000 -1.000000  0.009940 0.330369
0  0.404551 -2.575972 -10.908072  0.000000 0.000000 -1.000000  0.010776 0.327349
0  0.371219 -2.473384 -10.908072  -0.000001 0.000000 -1.000000  0.012365 0.324780
no_material
0  0.371219 -2.473384 -10.908072  -0.000001 0.000000 -1.000000  0.012365 0.324780
0  0.404551 -2.262929 -10.908072  0.000002 0.000000 -1.000000  0.017124 0.321932
0  0.555220 -2.112261 -10.908072  -0.000000 0.000000 -1.000000  0.022399 0.322914
no_material
0  0.555220 -2.112261 -10.908072  -0.000000 0.000000 -1.000000  0.022399 0.322914
0  0.765675 -2.078928 -10.908072  0.000000 0.000000 -1.000000  0.026176 0.327349
0  0.955529 -2.175663 -10.908072  0.000003 0.000000 -1.000000  0.027011 0.333545
no_material
0  0.955529 -2.175663 -10.908072  0.000003 0.000000 -1.000000  0.027011 0.333545
0  1.052264 -2.365517 -10.908072  0.000007 0.000000 -1.000000  0.024586 0.339134
0  1.018931 -2.575972 -10.908072  0.000003 0.000000 -1.000000  0.019827 0.341982
no_material
0  1.018931 -2.575972 -10.908072  0.000003 0.000000 -1.000000  0.019827 0.341982
0  0.868262 -2.726640 -10.908072  -0.000004 0.000000 -1.000000  0.014552 0.341000
0  0.657808 -2.759973 -10.908072  0.000001 0.000000 -1.000000  0.010776 0.336565
no_material
0  0.657808 -2.759973 -10.908072  0.000001 0.000000 -1.000000  0.010776 0.336565
0  0.467954 -2.663237 -10.908072  0.000016 0.000000 -1.000000  0.009940 0.330369
0  0.371219 -2.473384 -10.908072  -0.000001 0.000000 -1.000000  0.012365 0.324780
no_material
0  0.371219 -2.473384 -10.908072  -0.000001 0.000000 -1.000000  0.012365 0.324780
0  0.555220 -2.112261 -10.908072  -0.000000 0.000000 -1.000000  0.022399 0.322914
0  0.955529 -2.175663 -10.908072  0.000003 0.000000 -1.000000  0.027011 0.333545
no_material
0  0.955529 -2.175663 -10.908072  0.000003 0.000000 -1.000000  0.027011 0.333545
0  1.018931 -2.575972 -10.908072  0.000003 0.000000 -1.000000  0.019827 0.341982
0  0.657808 -2.759973 -10.908072  0.000001 0.000000 -1.000000  0.010776 0.336565
no_material
0  0.021683 -0.535371 -29.752621  0.000000 0.000000 -1.000000  0.243071 0.227008
0  -0.278703 -0.535371 -29.752621  -0.000000 0.000336 -1.000000  0.246365 0.227008
0  -0.334604 -0.520769 -29.752621  0.000005 0.000000 -1.000000  0.246978 0.227209
no_material
0  -0.334604 -0.520769 -29.752621  0.000005 0.000000 -1.000000  0.246978 0.227209
0  -0.378409 -0.476964 -29.752621  0.000132 0.000000 -1.000000  0.247458 0.227809
0  -0.393011 -0.421063 -29.752621  -0.000021 0.000000 -1.000000  0.247618 0.228576
no_material
0  -0.393011 -0.421063 -29.752621  -0.000021 0.000000 -1.000000  0.247618 0.228576
0  -0.393011 -0.386720 -29.752621  0.000475 0.000000 -1.000000  0.247618 0.229046
0  -0.378409 -0.330819 -29.752621  -0.000003 0.000000 -1.000000  0.247458 0.229813
no_material
0  -0.378409 -0.330819 -29.752621  -0.000003 0.000000 -1.000000  0.247458 0.229813
0  -0.334604 -0.287014 -29.752621  -0.000099 0.000000 -1.000000  0.246978 0.230413
0  -0.278703 -0.272413 -29.752621  -0.000009 0.000000 -1.000000  0.246365 0.230614
no_material
0  0.021683 -0.272413 -29.752621  0.000000 0.000000 -1.000000  0.243071 0.230614
0  22.138109 -0.272413 -29.752621  0.000000 0.000000 -1.000000  0.000593 0.230614
0  22.138109 -0.535371 -29.752621  0.000000 0.000000 -1.000000  0.000593 0.227008
no_material
0  -0.378409 -0.330819 -29.752621  -0.000003 0.000000 -1.000000  0.247458 0.229813
0  -0.278703 -0.272413 -29.752621  -0.000009 0.000000 -1.000000  0.246365 0.230614
0  0.021683 -0.272413 -29.752621  0.000000 0.000000 -1.000000  0.243071 0.230614
no_material
0  -0.334604 -0.520769 -29.752621  0.000005 0.000000 -1.000000  0.246978 0.227209
0  -0.393011 -0.421063 -29.752621  -0.000021 0.000000 -1.000000  0.247618 0.228576
0  -0.378409 -0.330819 -29.752621  -0.000003 0.000000 -1.000000  0.247458 0.229813
no_material
0  22.138109 -0.535371 -29.752621  0.000000 0.000000 -1.000000  0.000593 0.227008
0  0.021683 -0.535371 -29.752621  0.000000 0.000000 -1.000000  0.243071 0.227008
0  -0.334604 -0.520769 -29.752621  0.000005 0.000000 -1.000000  0.246978 0.227209
no_material
0  -0.378409 -0.330819 -29.752621  -0.000003 0.000000 -1.000000  0.247458 0.229813
0  0.021683 -0.272413 -29.752621  0.000000 0.000000 -1.000000  0.243071 0.230614
0  22.138109 -0.535371 -29.752621  0.000000 0.000000 -1.000000  0.000593 0.227008
no_material
0  0.021683 -0.272409 12.320708  0.000000 0.000000 1.000000  0.373819 0.895717
0  -0.278703 -0.272409 12.320708  0.000000 0.000000 1.000000  0.370526 0.895717
0  -0.334604 -0.287011 12.320708  0.000006 0.000000 1.000000  0.369913 0.895517
no_material
0  -0.334604 -0.287011 12.320708  0.000006 0.000000 1.000000  0.369913 0.895517
0  -0.378409 -0.330816 12.320708  0.000066 0.000000 1.000000  0.369432 0.894916
0  -0.393011 -0.386717 12.320708  0.000019 0.000000 1.000000  0.369272 0.894149
no_material
0  -0.393011 -0.386717 12.320708  0.000019 0.000000 1.000000  0.369272 0.894149
0  -0.393011 -0.421060 12.320708  0.000238 0.000000 1.000000  0.369272 0.893679
0  -0.378409 -0.476961 12.320708  0.000005 0.000000 1.000000  0.369432 0.892912
no_material
0  -0.378409 -0.476961 12.320708  0.000005 0.000000 1.000000  0.369432 0.892912
0  -0.334604 -0.520766 12.320708  -0.000033 0.000000 1.000000  0.369913 0.892312
0  -0.278703 -0.535368 12.320708  -0.000003 0.000000 1.000000  0.370526 0.892112
no_material
0  0.021683 -0.535368 12.320708  0.000000 0.000000 1.000000  0.373819 0.892112
0  22.138109 -0.535368 12.320708  0.000000 0.000000 1.000000  0.616297 0.892112
0  22.138109 -0.272409 12.320708  -0.000000 0.000000 1.000000  0.616297 0.895717
no_material
0  -0.378409 -0.476961 12.320708  0.000005 0.000000 1.000000  0.369432 0.892912
0  -0.278703 -0.535368 12.320708  -0.000003 0.000000 1.000000  0.370526 0.892112
0  0.021683 -0.535368 12.320708  0.000000 0.000000 1.000000  0.373819 0.892112
no_material
0  -0.334604 -0.287011 12.320708  0.000006 0.000000 1.000000  0.369913 0.895517
0  -0.393011 -0.386717 12.320708  0.000019 0.000000 1.000000  0.369272 0.894149
0  -0.378409 -0.476961 12.320708  0.000005 0.000000 1.000000  0.369432 0.892912
no_material
0  22.138109 -0.272409 12.320708  -0.000000 0.000000 1.000000  0.616297 0.895717
0  0.021683 -0.272409 12.320708  0.000000 0.000000 1.000000  0.373819 0.895717
0  -0.334604 -0.287011 12.320708  0.000006 0.000000 1.000000  0.369913 0.895517
no_material
0  -0.378409 -0.476961 12.320708  0.000005 0.000000 1.000000  0.369432 0.892912
0  0.021683 -0.535368 12.320708  0.000000 0.000000 1.000000  0.373819 0.892112
0  22.138109 -0.272409 12.320708  -0.000000 0.000000 1.000000  0.616297 0.895717
no_material
0  0.110120 -0.507554 -5.300415  -0.995563 0.000000 0.094100  0.108664 0.370248
0  0.110120 -0.507555 -7.638710  -0.995563 0.000000 -0.094100  0.108664 0.522926
0  0.110120 -0.864516 -7.638710  -0.995563 0.000000 -0.094102  0.087192 0.522926
no_material
0  0.110120 -0.507555 -7.638710  -0.995563 0.000000 -0.094100  0.108664 0.522926
0  0.126595 -0.507555 -7.725079  -0.926861 0.000000 -0.375404  0.108664 0.528667
0  0.126595 -0.864516 -7.725079  -0.926861 0.000000 -0.375405  0.087229 0.528667
no_material
0  0.126595 -0.507555 -7.725079  -0.926861 0.000000 -0.375404  0.108664 0.528667
0  0.178843 -0.507555 -7.804621  -0.707105 0.000000 -0.707109  0.108664 0.534881
0  0.178843 -0.864516 -7.804621  -0.707112 0.000000 -0.707102  0.087233 0.534881
no_material
0  0.178843 -0.507555 -7.804621  -0.707105 0.000000 -0.707109  0.108664 0.534881
0  0.258386 -0.507555 -7.856870  -0.375390 0.000000 -0.926867  0.108664 0.541095
0  0.258386 -0.864516 -7.856870  -0.375399 0.000000 -0.926863  0.087229 0.541095
no_material
0  0.258386 -0.507555 -7.856870  -0.375390 0.000000 -0.926867  0.108664 0.541095
0  0.344753 -0.507555 -7.873342  -0.094090 0.000000 -0.995564  0.108664 0.546836
0  0.344753 -0.864516 -7.873342  -0.094090 0.000000 -0.995564  0.087192 0.546836
no_material
0  0.344753 -0.507555 -7.873342  -0.094090 0.000000 -0.995564  0.108664 0.546836
0  1.078730 -0.507555 -7.873342  0.094090 0.000000 -0.995564  0.108664 0.594761
0  1.078730 -0.864516 -7.873342  0.094090 0.000000 -0.995564  0.087192 0.594761
no_material
0  1.078730 -0.507555 -7.873342  0.094090 0.000000 -0.995564  0.010120 0.646500
0  1.165097 -0.507555 -7.856870  0.375399 0.000000 -0.926863  0.012854 0.646500
0  1.165097 -0.864516 -7.856870  0.375390 0.000000 -0.926867  0.012854 0.656710
no_material
0  1.165097 -0.507555 -7.856870  0.375399 0.000000 -0.926863  0.012854 0.646500
0  1.244640 -0.507555 -7.804621  0.707112 0.000000 -0.707101  0.015814 0.646500
0  1.244640 -0.864516 -7.804621  0.707105 0.000000 -0.707108  0.015814 0.656708
no_material
0  1.244640 -0.507555 -7.804621  0.707112 0.000000 -0.707101  0.015814 0.646500
0  1.296888 -0.507555 -7.725079  0.926863 0.000000 -0.375401  0.018774 0.646500
0  1.296888 -0.864516 -7.725079  0.926863 0.000000 -0.375399  0.018774 0.656710
no_material
0  1.296888 -0.507555 -7.725079  0.926863 0.000000 -0.375401  0.018774 0.646500
0  1.313361 -0.507555 -7.638710  0.995563 0.000000 -0.094097  0.021508 0.646500
0  1.313361 -0.864516 -7.638710  0.995563 0.000000 -0.094096  0.021508 0.656727
no_material
0  1.313361 -0.507555 -7.638710  0.995563 0.000000 -0.094097  0.021508 0.646500
0  1.313361 -0.507554 -5.300415  0.995563 0.000000 0.094097  0.094231 0.646500
0  1.313361 -0.864516 -5.300415  0.995563 0.000000 0.094096  0.094231 0.656727
no_material
0  1.313361 -0.507554 -5.300415  0.995563 0.000000 0.094097  0.094231 0.646500
0  1.296888 -0.507554 -5.214046  0.926863 0.000000 0.375400  0.096965 0.646500
0  1.296888 -0.864516 -5.214046  0.926863 0.000000 0.375399  0.096965 0.656710
no_material
0  1.296888 -0.507554 -5.214046  0.926863 0.000000 0.375400  0.096965 0.646500
0  1.244640 -0.507554 -5.134504  0.707108 0.000000 0.707105  0.099925 0.646500
0  1.244640 -0.864516 -5.134504  0.707111 0.000000 0.707103  0.099925 0.656708
no_material
0  1.244640 -0.507554 -5.134504  0.707108 0.000000 0.707105  0.099925 0.646500
0  1.165097 -0.507554 -5.082255  0.375412 0.000000 0.926858  0.102885 0.646500
0  1.165097 -0.864516 -5.082255  0.375412 0.000000 0.926858  0.102885 0.656710
no_material
0  1.165097 -0.507554 -5.082255  0.375412 0.000000 0.926858  0.102885 0.646500
0  1.078730 -0.507554 -5.065780  0.094108 0.000000 0.995562  0.105619 0.646500
0  1.078730 -0.864516 -5.065780  0.094105 0.000000 0.995562  0.105619 0.656727
no_material
0  1.078730 -0.507554 -5.065780  0.094108 0.000000 0.995562  0.105619 0.646500
0  0.344753 -0.507554 -5.065780  -0.094105 0.000000 0.995562  0.128446 0.646500
0  0.344753 -0.864516 -5.065780  -0.094108 0.000000 0.995562  0.128446 0.656727
no_material
0  0.344753 -0.507554 -5.065780  -0.094105 0.000000 0.995562  0.108664 0.346338
0  0.258386 -0.507554 -5.082255  -0.375413 0.000000 0.926858  0.108664 0.352079
0  0.258386 -0.864516 -5.082255  -0.375411 0.000000 0.926859  0.087229 0.352079
no_material
0  0.258386 -0.507554 -5.082255  -0.375413 0.000000 0.926858  0.108664 0.352079
0  0.178843 -0.507554 -5.134504  -0.707112 0.000000 0.707102  0.108664 0.358293
0  0.178843 -0.864516 -5.134504  -0.707108 0.000000 0.707106  0.087233 0.358293
no_material
0  0.178843 -0.507554 -5.134504  -0.707112 0.000000 0.707102  0.108664 0.358293
0  0.126595 -0.507554 -5.214046  -0.926861 0.000000 0.375404  0.108664 0.364507
0  0.126595 -0.864516 -5.214046  -0.926861 0.000000 0.375404  0.087229 0.364507
no_material
0  0.126595 -0.507554 -5.214046  -0.926861 0.000000 0.375404  0.108664 0.364507
0  0.110120 -0.507554 -5.300415  -0.995563 0.000000 0.094100  0.108664 0.370248
0  0.110120 -0.864516 -5.300415  -0.995563 0.000000 0.094101  0.087192 0.370248
no_material
0  0.301030 -0.932700 -6.404511  -0.987688 0.000000 0.156434  0.971400 0.990958
0  0.301030 -0.932700 -6.534614  -0.987688 0.000000 -0.156436  0.966677 0.990958
0  0.301030 -1.228130 -6.534614  -0.987664 0.001158 -0.156583  0.966677 0.978121
no_material
0  0.301030 -0.932700 -6.534614  -0.987688 0.000000 -0.156436  0.966677 0.990958
0  0.341233 -0.932700 -6.658345  -0.891007 0.000000 -0.453990  0.961952 0.990958
0  0.341233 -1.228130 -6.658345  -0.890908 0.003181 -0.454173  0.961952 0.978121
no_material
0  0.341233 -0.932700 -6.658345  -0.891007 0.000000 -0.453990  0.961952 0.990958
0  0.417704 -0.932700 -6.763599  -0.707110 0.000000 -0.707104  0.957229 0.990958
0  0.417704 -1.228130 -6.763599  -0.707120 0.004595 -0.707079  0.957229 0.978121
no_material
0  0.417704 -0.932700 -6.763599  -0.707110 0.000000 -0.707104  0.957229 0.990958
0  0.522958 -0.932700 -6.840072  -0.453990 0.000000 -0.891007  0.952505 0.990958
0  0.522958 -1.228130 -6.840072  -0.453651 0.005502 -0.891162  0.952505 0.978121
no_material
0  0.522958 -0.932700 -6.840072  -0.453990 0.000000 -0.891007  0.952505 0.990958
0  0.646691 -0.932700 -6.880274  -0.156432 0.000000 -0.987689  0.947781 0.990958
0  0.646691 -1.228130 -6.880274  -0.156523 0.005806 -0.987657  0.947781 0.978121
no_material
0  0.646691 -0.932700 -6.880274  -0.156432 0.000000 -0.987689  0.947781 0.990958
0  0.776792 -0.932700 -6.880274  0.156436 0.000000 -0.987688  0.943058 0.990958
0  0.776792 -1.228130 -6.880274  0.156458 0.005872 -0.987667  0.943058 0.978121
no_material
0  0.776792 -0.932700 -6.880274  0.156436 0.000000 -0.987688  0.943058 0.990958
0  0.900525 -0.932700 -6.840072  0.453995 0.000000 -0.891004  0.938334 0.990958
0  0.900525 -1.228130 -6.840072  0.454146 0.005553 -0.890910  0.938334 0.978121
no_material
0  0.900525 -0.932700 -6.840072  0.453995 0.000000 -0.891004  0.938334 0.990958
0  1.005779 -0.932700 -6.763599  0.707110 0.000000 -0.707103  0.933610 0.990958
0  1.005779 -1.228130 -6.763599  0.707367 0.004722 -0.706831  0.933610 0.978121
no_material
0  1.005779 -0.932700 -6.763599  0.707110 0.000000 -0.707103  0.933610 0.990958
0  1.082250 -0.932700 -6.658345  0.891007 0.000000 -0.453990  0.928887 0.990958
0  1.082250 -1.228130 -6.658345  0.890952 0.003140 -0.454087  0.928887 0.978121
no_material
0  1.082250 -0.932700 -6.658345  0.891007 0.000000 -0.453990  0.928887 0.990958
0  1.122453 -0.932700 -6.534614  0.987688 0.000000 -0.156436  0.924164 0.990958
0  1.122453 -1.228130 -6.534614  0.987688 0.001140 -0.156434  0.924164 0.978121
no_material
0  1.122453 -0.932700 -6.534614  0.987688 0.000000 -0.156436  0.924164 0.990958
0  1.122453 -0.932700 -6.404511  0.987689 0.000000 0.156432  0.919439 0.990958
0  1.122453 -1.228130 -6.404511  0.987665 -0.001327 0.156577  0.919439 0.978121
no_material
0  1.122453 -0.932700 -6.404511  0.987689 0.000000 0.156432  0.919439 0.990958
0  1.082250 -0.932700 -6.280777  0.891006 0.000000 0.453991  0.914715 0.990958
0  1.082250 -1.228130 -6.280777  0.890894 -0.003963 0.454195  0.914715 0.978121
no_material
0  1.082250 -0.932700 -6.280777  0.891006 0.000000 0.453991  0.914715 0.990958
0  1.005779 -0.932700 -6.175526  0.707106 0.000000 0.707107  0.909992 0.990958
0  1.005779 -1.228130 -6.175526  0.707026 -0.006418 0.707158  0.909992 0.978121
no_material
0  1.005779 -0.932700 -6.175526  0.707106 0.000000 0.707107  0.909992 0.990958
0  0.900525 -0.932700 -6.099053  0.453990 0.000000 0.891007  0.905269 0.990958
0  0.900525 -1.228130 -6.099053  0.453567 -0.008343 0.891183  0.905269 0.978121
no_material
0  0.900525 -0.932700 -6.099053  0.453990 0.000000 0.891007  0.905269 0.990958
0  0.776792 -0.932700 -6.058851  0.156432 0.000000 0.987689  0.900545 0.990958
0  0.776792 -1.228130 -6.058851  0.156277 -0.009324 0.987669  0.900545 0.978121
no_material
0  0.776792 -0.932700 -6.058851  0.156432 0.000000 0.987689  0.995019 0.990958
0  0.646691 -0.932700 -6.058851  -0.156430 0.000000 0.987689  0.990295 0.990958
0  0.646691 -1.228130 -6.058851  -0.156245 -0.009284 0.987675  0.990295 0.978121
no_material
0  0.646691 -0.932700 -6.058851  -0.156430 0.000000 0.987689  0.990295 0.990958
0  0.522958 -0.932700 -6.099053  -0.453989 0.000000 0.891007  0.985571 0.990958
0  0.522958 -1.228130 -6.099053  -0.453548 -0.008235 0.891194  0.985571 0.978121
no_material
0  0.522958 -0.932700 -6.099053  -0.453989 0.000000 0.891007  0.985571 0.990958
0  0.417704 -0.932700 -6.175526  -0.707109 0.000000 0.707105  0.980847 0.990958
0  0.417704 -1.228130 -6.175526  -0.707023 -0.006410 0.707161  0.980847 0.978121
no_material
0  0.417704 -0.932700 -6.175526  -0.707109 0.000000 0.707105  0.980847 0.990958
0  0.341233 -0.932700 -6.280777  -0.891006 0.000000 0.453991  0.976124 0.990958
0  0.341233 -1.228130 -6.280777  -0.890789 -0.003955 0.454399  0.976124 0.978121
no_material
0  0.341233 -0.932700 -6.280777  -0.891006 0.000000 0.453991  0.976124 0.990958
0  0.301030 -0.932700 -6.404511  -0.987688 0.000000 0.156434  0.971400 0.990958
0  0.301030 -1.228130 -6.404511  -0.987680 -0.001322 0.156485  0.971400 0.978121
no_material
0  0.301030 -2.483171 -7.495778  -0.987649 -0.155568 0.018644  0.971400 0.901958
0  0.301030 -2.353221 -7.502042  -0.987644 0.155613 -0.018556  0.966677 0.901958
0  0.301030 -2.354400 -7.671144  -0.987664 0.156589 -0.000512  0.966677 0.894474
no_material
0  0.301030 -2.353221 -7.502042  -0.987644 0.155613 -0.018556  0.966677 0.901958
0  0.341233 -2.229632 -7.507999  -0.890672 0.451466 -0.053682  0.961952 0.901958
0  0.341233 -2.230667 -7.671144  -0.891122 0.453761 -0.001468  0.961952 0.894474
no_material
0  0.341233 -2.229632 -7.507999  -0.890672 0.451466 -0.053682  0.961952 0.901958
0  0.417704 -2.124500 -7.513067  -0.706462 0.702841 -0.083228  0.957229 0.901958
0  0.417704 -2.125413 -7.671144  -0.706972 0.707239 -0.002049  0.957229 0.894474
no_material
0  0.417704 -2.124500 -7.513067  -0.706462 0.702841 -0.083228  0.957229 0.901958
0  0.522958 -2.048117 -7.516748  -0.453363 0.885187 -0.104432  0.952505 0.901958
0  0.522958 -2.048942 -7.671144  -0.454056 0.890970 -0.002430  0.952505 0.894474
no_material
0  0.522958 -2.048117 -7.516748  -0.453363 0.885187 -0.104432  0.952505 0.901958
0  0.646691 -2.007961 -7.518682  -0.156225 0.980945 -0.115501  0.947781 0.901958
0  0.646691 -2.008738 -7.671144  -0.156445 0.987683 -0.002552  0.947781 0.894474
no_material
0  0.646691 -2.007961 -7.518682  -0.156225 0.980945 -0.115501  0.947781 0.901958
0  0.776792 -2.007961 -7.518682  0.156262 0.980938 -0.115515  0.943058 0.901958
0  0.776792 -2.008738 -7.671144  0.156475 0.987679 -0.002519  0.943058 0.894474
no_material
0  0.776792 -2.007961 -7.518682  0.156262 0.980938 -0.115515  0.943058 0.901958
0  0.900525 -2.048117 -7.516748  0.453337 0.885200 -0.104430  0.938334 0.901958
0  0.900525 -2.048942 -7.671144  0.454071 0.890963 -0.002348  0.938334 0.894474
no_material
0  0.900525 -2.048117 -7.516748  0.453337 0.885200 -0.104430  0.938334 0.901958
0  1.005779 -2.124500 -7.513067  0.706453 0.702850 -0.083229  0.933610 0.901958
0  1.005779 -2.125413 -7.671144  0.707216 0.706994 -0.001993  0.933610 0.894474
no_material
0  1.005779 -2.124500 -7.513067  0.706453 0.702850 -0.083229  0.933610 0.901958
0  1.082250 -2.229632 -7.507999  0.890680 0.451450 -0.053681  0.928887 0.901958
0  1.082250 -2.230667 -7.671144  0.891114 0.453777 -0.001392  0.928887 0.894474
no_material
0  1.082250 -2.229632 -7.507999  0.890680 0.451450 -0.053681  0.928887 0.901958
0  1.122453 -2.353221 -7.502042  0.987639 0.155641 -0.018563  0.924164 0.901958
0  1.122453 -2.354400 -7.671144  0.987738 0.156121 -0.000515  0.924164 0.894474
no_material
0  1.122453 -2.353221 -7.502042  0.987639 0.155641 -0.018563  0.924164 0.901958
0  1.122453 -2.483171 -7.495778  0.987636 -0.155651 0.018660  0.919439 0.901958
0  1.122453 -2.484500 -7.671144  0.987685 -0.156455 0.000612  0.919439 0.894474
no_material
0  1.122453 -2.483171 -7.495778  0.987636 -0.155651 0.018660  0.919439 0.901958
0  1.082250 -2.606761 -7.489823  0.890631 -0.451495 0.054123  0.914715 0.901958
0  1.082250 -2.608234 -7.671144  0.890832 -0.454329 0.001821  0.914715 0.894474
no_material
0  1.082250 -2.606761 -7.489823  0.890631 -0.451495 0.054123  0.914715 0.901958
0  1.005779 -2.711892 -7.484756  0.706431 -0.702755 0.084207  0.909992 0.901958
0  1.005779 -2.713487 -7.671144  0.706866 -0.707341 0.002987  0.909992 0.894474
no_material
0  1.005779 -2.711892 -7.484756  0.706431 -0.702755 0.084207  0.909992 0.901958
0  0.900525 -2.788275 -7.481075  0.453303 -0.885036 0.105962  0.905269 0.901958
0  0.900525 -2.789958 -7.671144  0.453780 -0.891105 0.003907  0.905269 0.894474
no_material
0  0.900525 -2.788275 -7.481075  0.453303 -0.885036 0.105962  0.905269 0.901958
0  0.776792 -2.828432 -7.479137  0.156046 -0.980759 0.117311  0.900545 0.901958
0  0.776792 -2.830162 -7.671144  0.156345 -0.987693 0.004425  0.900545 0.894474
no_material
0  0.776792 -2.828432 -7.479137  0.156046 -0.980759 0.117311  0.995019 0.901958
0  0.646691 -2.828432 -7.479137  -0.156152 -0.980737 0.117354  0.990295 0.901958
0  0.646691 -2.830162 -7.671144  -0.156365 -0.987689 0.004448  0.990295 0.894474
no_material
0  0.646691 -2.828432 -7.479137  -0.156152 -0.980737 0.117354  0.990295 0.901958
0  0.522958 -2.788275 -7.481075  -0.453314 -0.885030 0.105963  0.985571 0.901958
0  0.522958 -2.789958 -7.671144  -0.453791 -0.891099 0.003968  0.985571 0.894474
no_material
0  0.522958 -2.788275 -7.481075  -0.453314 -0.885030 0.105963  0.985571 0.901958
0  0.417704 -2.711892 -7.484756  -0.706400 -0.702785 0.084211  0.980847 0.901958
0  0.417704 -2.713487 -7.671144  -0.706867 -0.707340 0.003064  0.980847 0.894474
no_material
0  0.417704 -2.711892 -7.484756  -0.706400 -0.702785 0.084211  0.980847 0.901958
0  0.341233 -2.606761 -7.489823  -0.890653 -0.451451 0.054115  0.976124 0.901958
0  0.341233 -2.608234 -7.671144  -0.890985 -0.454029 0.001862  0.976124 0.894474
no_material
0  0.341233 -2.606761 -7.489823  -0.890653 -0.451451 0.054115  0.976124 0.901958
0  0.301030 -2.483171 -7.495778  -0.987649 -0.155568 0.018644  0.971400 0.901958
0  0.301030 -2.484500 -7.671144  -0.987626 -0.156824 0.000622  0.971400 0.894474
no_material
0  0.301030 -2.484500 -7.671144  -0.987626 -0.156824 0.000622  0.971400 0.894474
0  0.301030 -2.354400 -7.671144  -0.987664 0.156589 -0.000512  0.966677 0.894474
0  0.301030 -2.354400 -10.837883  -0.987688 0.156434 0.000000  0.966677 0.756867
no_material
0  0.301030 -2.354400 -7.671144  -0.987664 0.156589 -0.000512  0.966677 0.894474
0  0.341233 -2.230667 -7.671144  -0.891122 0.453761 -0.001468  0.961952 0.894474
0  0.341233 -2.230667 -10.837883  -0.891007 0.453989 -0.000000  0.961952 0.756867
no_material
0  0.341233 -2.230667 -7.671144  -0.891122 0.453761 -0.001468  0.961952 0.894474
0  0.417704 -2.125413 -7.671144  -0.706972 0.707239 -0.002049  0.957229 0.894474
0  0.417704 -2.125413 -10.837883  -0.707107 0.707106 -0.000000  0.957229 0.756867
no_material
0  0.417704 -2.125413 -7.671144  -0.706972 0.707239 -0.002049  0.957229 0.894474
0  0.522958 -2.048942 -7.671144  -0.454056 0.890970 -0.002430  0.952505 0.894474
0  0.522958 -2.048942 -10.837883  -0.453992 0.891006 -0.000000  0.952505 0.756867
no_material
0  0.522958 -2.048942 -7.671144  -0.454056 0.890970 -0.002430  0.952505 0.894474
0  0.646691 -2.008738 -7.671144  -0.156445 0.987683 -0.002552  0.947781 0.894474
0  0.646691 -2.008739 -10.837883  -0.156436 0.987688 -0.000000  0.947781 0.756867
no_material
0  0.646691 -2.008738 -7.671144  -0.156445 0.987683 -0.002552  0.947781 0.894474
0  0.776792 -2.008738 -7.671144  0.156475 0.987679 -0.002519  0.943058 0.894474
0  0.776792 -2.008739 -10.837883  0.156436 0.987688 -0.000000  0.943058 0.756867
no_material
0  0.776792 -2.008738 -7.671144  0.156475 0.987679 -0.002519  0.943058 0.894474
0  0.900525 -2.048942 -7.671144  0.454071 0.890963 -0.002348  0.938334 0.894474
0  0.900525 -2.048942 -10.837883  0.453992 0.891006 -0.000000  0.938334 0.756867
no_material
0  0.900525 -2.048942 -7.671144  0.454071 0.890963 -0.002348  0.938334 0.894474
0  1.005779 -2.125413 -7.671144  0.707216 0.706994 -0.001993  0.933610 0.894474
0  1.005779 -2.125413 -10.837883  0.707108 0.707106 -0.000000  0.933610 0.756867
no_material
0  1.005779 -2.125413 -7.671144  0.707216 0.706994 -0.001993  0.933610 0.894474
0  1.082250 -2.230667 -7.671144  0.891114 0.453777 -0.001392  0.928887 0.894474
0  1.082250 -2.230667 -10.837883  0.891008 0.453989 -0.000000  0.928887 0.756867
no_material
0  1.082250 -2.230667 -7.671144  0.891114 0.453777 -0.001392  0.928887 0.894474
0  1.122453 -2.354400 -7.671144  0.987738 0.156121 -0.000515  0.924164 0.894474
0  1.122453 -2.354400 -10.837883  0.987688 0.156434 0.000000  0.924164 0.756867
no_material
0  1.122453 -2.354400 -7.671144  0.987738 0.156121 -0.000515  0.924164 0.894474
0  1.122453 -2.484500 -7.671144  0.987685 -0.156455 0.000612  0.919439 0.894474
0  1.122453 -2.484500 -10.837883  0.987689 -0.156433 0.000000  0.919439 0.756867
no_material
0  1.122453 -2.484500 -7.671144  0.987685 -0.156455 0.000612  0.919439 0.894474
0  1.082250 -2.608234 -7.671144  0.890832 -0.454329 0.001821  0.914715 0.894474
0  1.082250 -2.608234 -10.837883  0.891007 -0.453989 0.000000  0.914715 0.756867
no_material
0  1.082250 -2.608234 -7.671144  0.890832 -0.454329 0.001821  0.914715 0.894474
0  1.005779 -2.713487 -7.671144  0.706866 -0.707341 0.002987  0.909992 0.894474
0  1.005779 -2.713487 -10.837883  0.707106 -0.707107 0.000000  0.909992 0.756867
no_material
0  1.005779 -2.713487 -7.671144  0.706866 -0.707341 0.002987  0.909992 0.894474
0  0.900525 -2.789958 -7.671144  0.453780 -0.891105 0.003907  0.905269 0.894474
0  0.900525 -2.789958 -10.837883  0.453991 -0.891006 0.000000  0.905269 0.756867
no_material
0  0.900525 -2.789958 -7.671144  0.453780 -0.891105 0.003907  0.905269 0.894474
0  0.776792 -2.830162 -7.671144  0.156345 -0.987693 0.004425  0.900545 0.894474
0  0.776792 -2.830162 -10.837883  0.156436 -0.987688 0.000000  0.900545 0.756867
no_material
0  0.776792 -2.830162 -7.671144  0.156345 -0.987693 0.004425  0.995019 0.894474
0  0.646691 -2.830162 -7.671144  -0.156365 -0.987689 0.004448  0.990295 0.894474
0  0.646691 -2.830162 -10.837883  -0.156436 -0.987688 0.000000  0.990295 0.756867
no_material
0  0.646691 -2.830162 -7.671144  -0.156365 -0.987689 0.004448  0.990295 0.894474
0  0.522958 -2.789958 -7.671144  -0.453791 -0.891099 0.003968  0.985571 0.894474
0  0.522958 -2.789958 -10.837883  -0.453991 -0.891006 0.000000  0.985571 0.756867
no_material
0  0.522958 -2.789958 -7.671144  -0.453791 -0.891099 0.003968  0.985571 0.894474
0  0.417704 -2.713487 -7.671144  -0.706867 -0.707340 0.003064  0.980847 0.894474
0  0.417704 -2.713487 -10.837883  -0.707106 -0.707107 0.000000  0.980847 0.756867
no_material
0  0.417704 -2.713487 -7.671144  -0.706867 -0.707340 0.003064  0.980847 0.894474
0  0.341233 -2.608234 -7.671144  -0.890985 -0.454029 0.001862  0.976124 0.894474
0  0.341233 -2.608234 -10.837883  -0.891007 -0.453989 0.000000  0.976124 0.756867
no_material
0  0.341233 -2.608234 -7.671144  -0.890985 -0.454029 0.001862  0.976124 0.894474
0  0.301030 -2.484500 -7.671144  -0.987626 -0.156824 0.000622  0.971400 0.894474
0  0.301030 -2.484500 -10.837883  -0.987689 -0.156433 0.000000  0.971400 0.756867
no_material
0  1.122453 -1.228130 -6.404511  0.987665 -0.001327 0.156577  0.919439 0.978121
0  1.082250 -1.228130 -6.280777  0.890894 -0.003963 0.454195  0.914715 0.978121
0  1.082250 -1.433152 -6.284345  0.891068 -0.041489 0.451969  0.914715 0.969825
no_material
0  1.122453 -1.628240 -6.441846  0.987694 -0.039590 0.151306  0.919439 0.961333
0  1.082250 -1.659560 -6.322145  0.891053 -0.114893 0.439119  0.914715 0.961333
0  1.082250 -1.875468 -6.400074  0.891052 -0.192047 0.411272  0.914715 0.952841
no_material
0  1.122453 -2.002150 -6.616450  0.987686 -0.090624 0.127525  0.919439 0.944349
0  1.082250 -2.073825 -6.515590  0.891053 -0.262931 0.369989  0.914715 0.944349
0  1.082250 -2.248153 -6.664920  0.891029 -0.325259 0.316660  0.914715 0.935857
no_material
0  1.122453 -2.290016 -6.912132  0.987694 -0.129865 0.087149  0.919439 0.927365
0  1.082250 -2.392759 -6.843184  0.891051 -0.376903 0.252926  0.914715 0.927365
0  1.082250 -2.502920 -7.044566  0.890906 -0.424394 0.161789  0.914715 0.918872
no_material
0  1.122453 -2.389446 -7.093896  0.987675 -0.146258 0.055735  0.919439 0.918872
0  1.082250 -2.502920 -7.044566  0.890906 -0.424394 0.161789  0.914715 0.918872
0  1.082250 -2.606761 -7.489823  0.890631 -0.451495 0.054123  0.914715 0.901958
no_material
0  1.122453 -1.228130 -6.534614  0.987688 0.001140 -0.156434  0.924164 0.978121
0  1.122453 -1.228130 -6.404511  0.987665 -0.001327 0.156577  0.919439 0.978121
0  1.122453 -1.423887 -6.407731  0.987697 -0.014256 0.155729  0.919439 0.969825
no_material
0  1.122453 -1.595308 -6.567710  0.987701 0.039579 -0.151262  0.924164 0.961333
0  1.122453 -1.628240 -6.441846  0.987694 -0.039590 0.151306  0.919439 0.961333
0  1.122453 -1.823116 -6.512187  0.987686 -0.066195 0.141753  0.919439 0.952841
no_material
0  1.122453 -1.926787 -6.722501  0.987693 0.090602 -0.127491  0.924164 0.944349
0  1.122453 -2.002150 -6.616450  0.987686 -0.090624 0.127525  0.919439 0.944349
0  1.122453 -2.159497 -6.751234  0.987694 -0.112059 0.109098  0.919439 0.935857
no_material
0  1.122453 -2.181985 -6.984629  0.987693 0.129874 -0.087152  0.924164 0.927365
0  1.122453 -2.290016 -6.912132  0.987694 -0.129865 0.087149  0.919439 0.927365
0  1.122453 -2.389446 -7.093896  0.987675 -0.146258 0.055735  0.919439 0.918872
no_material
0  1.122453 -2.270132 -7.145766  0.987674 0.146267 -0.055738  0.924164 0.918872
0  1.122453 -2.389446 -7.093896  0.987675 -0.146258 0.055735  0.919439 0.918872
0  1.122453 -2.483171 -7.495778  0.987636 -0.155651 0.018660  0.919439 0.901958
no_material
0  1.082250 -1.228130 -6.658345  0.890952 0.003140 -0.454087  0.928887 0.978121
0  1.122453 -1.228130 -6.534614  0.987688 0.001140 -0.156434  0.924164 0.978121
0  1.122453 -1.414146 -6.537466  0.987703 0.014082 -0.155706  0.924164 0.969825
no_material
0  1.082250 -1.563988 -6.687415  0.891034 0.114904 -0.439153  0.928887 0.961333
0  1.122453 -1.595308 -6.567710  0.987701 0.039579 -0.151262  0.924164 0.961333
0  1.122453 -1.768069 -6.630067  0.987693 0.066176 -0.141715  0.924164 0.952841
no_material
0  1.082250 -1.855112 -6.823358  0.891033 0.262954 -0.370019  0.928887 0.944349
0  1.122453 -1.926787 -6.722501  0.987693 0.090602 -0.127491  0.924164 0.944349
0  1.122453 -2.066278 -6.841988  0.987693 0.112066 -0.109103  0.924164 0.935857
no_material
0  1.082250 -2.079242 -7.053574  0.891033 0.376933 -0.252947  0.928887 0.927365
0  1.122453 -2.181985 -6.984629  0.987693 0.129874 -0.087152  0.924164 0.927365
0  1.122453 -2.270132 -7.145766  0.987674 0.146267 -0.055738  0.924164 0.918872
no_material
0  1.082250 -2.156658 -7.195096  0.890915 0.424377 -0.161784  0.928887 0.918872
0  1.122453 -2.270132 -7.145766  0.987674 0.146267 -0.055738  0.924164 0.918872
0  1.122453 -2.353221 -7.502042  0.987639 0.155641 -0.018563  0.924164 0.901958
no_material
0  1.005779 -1.228130 -6.763599  0.707367 0.004722 -0.706831  0.933610 0.978121
0  1.082250 -1.228130 -6.658345  0.890952 0.003140 -0.454087  0.928887 0.978121
0  1.082250 -1.404881 -6.660851  0.891100 0.040703 -0.451978  0.928887 0.969825
no_material
0  1.005779 -1.537346 -6.789242  0.707174 0.178974 -0.684013  0.933610 0.961333
0  1.082250 -1.563988 -6.687415  0.891034 0.114904 -0.439153  0.928887 0.961333
0  1.082250 -1.715717 -6.742179  0.891059 0.192042 -0.411260  0.928887 0.952841
no_material
0  1.005779 -1.794142 -6.909154  0.707173 0.409569 -0.576333  0.933610 0.944349
0  1.082250 -1.855112 -6.823358  0.891033 0.262954 -0.370019  0.928887 0.944349
0  1.082250 -1.977621 -6.928301  0.891032 0.325256 -0.316656  0.928887 0.935857
no_material
0  1.005779 -1.991844 -7.112225  0.707177 0.587096 -0.393979  0.933610 0.927365
0  1.082250 -2.079242 -7.053574  0.891033 0.376933 -0.252947  0.928887 0.927365
0  1.082250 -2.156658 -7.195096  0.890915 0.424377 -0.161784  0.928887 0.918872
no_material
0  1.005779 -2.060131 -7.237058  0.706915 0.660845 -0.252101  0.933610 0.918872
0  1.082250 -2.156658 -7.195096  0.890915 0.424377 -0.161784  0.928887 0.918872
0  1.082250 -2.229632 -7.507999  0.890680 0.451450 -0.053681  0.928887 0.901958
no_material
0  0.900525 -1.228130 -6.840072  0.454146 0.005553 -0.890910  0.938334 0.978121
0  1.005779 -1.228130 -6.763599  0.707367 0.004722 -0.706831  0.933610 0.978121
0  1.005779 -1.396999 -6.765809  0.707283 0.063049 -0.704113  0.933610 0.969825
no_material
0  0.900525 -1.517989 -6.863221  0.454114 0.225520 -0.861929  0.938334 0.961333
0  1.005779 -1.537346 -6.789242  0.707174 0.178974 -0.684013  0.933610 0.961333
0  1.005779 -1.671184 -6.837551  0.707208 0.299138 -0.640604  0.933610 0.952841
no_material
0  0.900525 -1.749845 -6.971490  0.454080 0.516109 -0.726253  0.938334 0.944349
0  1.005779 -1.794142 -6.909154  0.707173 0.409569 -0.576333  0.933610 0.944349
0  1.005779 -1.902205 -7.001722  0.707175 0.506604 -0.493210  0.933610 0.935857
no_material
0  0.900525 -1.928345 -7.154839  0.454075 0.739819 -0.496471  0.938334 0.927365
0  1.005779 -1.991844 -7.112225  0.707177 0.587096 -0.393979  0.933610 0.927365
0  1.005779 -2.060131 -7.237058  0.706915 0.660845 -0.252101  0.933610 0.918872
no_material
0  0.900525 -1.990000 -7.267545  0.453799 0.832507 -0.317803  0.938334 0.918872
0  1.005779 -2.060131 -7.237058  0.706915 0.660845 -0.252101  0.933610 0.918872
0  1.005779 -2.124500 -7.513067  0.706453 0.702850 -0.083229  0.933610 0.901958
no_material
0  0.776792 -1.228130 -6.880274  0.156458 0.005872 -0.987667  0.943058 0.978121
0  0.900525 -1.228130 -6.840072  0.454146 0.005553 -0.890910  0.938334 0.978121
0  0.900525 -1.391273 -6.842067  0.454217 0.079084 -0.887374  0.938334 0.969825
no_material
0  0.776792 -1.507813 -6.902116  0.156585 0.250001 -0.955500  0.943058 0.961333
0  0.900525 -1.517989 -6.863221  0.454114 0.225520 -0.861929  0.938334 0.961333
0  0.900525 -1.638828 -6.906838  0.454072 0.376973 -0.807286  0.938334 0.952841
no_material
0  0.776792 -1.726556 -7.004262  0.156484 0.572133 -0.805094  0.943058 0.944349
0  0.900525 -1.749845 -6.971490  0.454080 0.516109 -0.726253  0.938334 0.944349
0  0.900525 -1.847412 -7.055068  0.454032 0.638405 -0.621526  0.938334 0.935857
no_material
0  0.776792 -1.894962 -7.177241  0.156483 0.820131 -0.550362  0.943058 0.927365
0  0.900525 -1.928345 -7.154839  0.454075 0.739819 -0.496471  0.938334 0.927365
0  0.900525 -1.990000 -7.267545  0.453799 0.832507 -0.317803  0.938334 0.918872
no_material
0  0.776792 -1.953130 -7.283573  0.156385 0.922702 -0.352369  0.943058 0.918872
0  0.900525 -1.990000 -7.267545  0.453799 0.832507 -0.317803  0.938334 0.918872
0  0.900525 -2.048117 -7.516748  0.453337 0.885200 -0.104430  0.938334 0.901958
no_material
0  0.646691 -1.228130 -6.880274  -0.156523 0.005806 -0.987657  0.947781 0.978121
0  0.776792 -1.228130 -6.880274  0.156458 0.005872 -0.987667  0.943058 0.978121
0  0.776792 -1.388263 -6.882156  0.156347 0.087444 -0.983824  0.943058 0.969825
no_material
0  0.646691 -1.507813 -6.902116  -0.156535 0.250002 -0.955508  0.947781 0.961333
0  0.776792 -1.507813 -6.902116  0.156585 0.250001 -0.955500  0.943058 0.961333
0  0.776792 -1.621818 -6.943264  0.156387 0.417903 -0.894930  0.943058 0.952841
no_material
0  0.646691 -1.726556 -7.004262  -0.156584 0.572125 -0.805080  0.947781 0.944349
0  0.776792 -1.726556 -7.004262  0.156484 0.572133 -0.805094  0.943058 0.944349
0  0.776792 -1.818606 -7.083109  0.156431 0.707692 -0.688986  0.943058 0.935857
no_material
0  0.646691 -1.894962 -7.177241  -0.156386 0.820144 -0.550370  0.947781 0.927365
0  0.776792 -1.894962 -7.177241  0.156483 0.820131 -0.550362  0.943058 0.927365
0  0.776792 -1.953130 -7.283573  0.156385 0.922702 -0.352369  0.943058 0.918872
no_material
0  0.646691 -1.953130 -7.283573  -0.156431 0.922700 -0.352354  0.947781 0.918872
0  0.776792 -1.953130 -7.283573  0.156385 0.922702 -0.352369  0.943058 0.918872
0  0.776792 -2.007961 -7.518682  0.156262 0.980938 -0.115515  0.943058 0.901958
no_material
0  0.522958 -1.228130 -6.840072  -0.453651 0.005502 -0.891162  0.952505 0.978121
0  0.646691 -1.228130 -6.880274  -0.156523 0.005806 -0.987657  0.947781 0.978121
0  0.646691 -1.388263 -6.882156  -0.156506 0.087449 -0.983798  0.947781 0.969825
no_material
0  0.522958 -1.517989 -6.863221  -0.454118 0.225517 -0.861927  0.952505 0.961333
0  0.646691 -1.507813 -6.902116  -0.156535 0.250002 -0.955508  0.947781 0.961333
0  0.646691 -1.621818 -6.943264  -0.156387 0.417904 -0.894930  0.947781 0.952841
no_material
0  0.522958 -1.749845 -6.971490  -0.454078 0.516108 -0.726255  0.952505 0.944349
0  0.646691 -1.726556 -7.004262  -0.156584 0.572125 -0.805080  0.947781 0.944349
0  0.646691 -1.818606 -7.083109  -0.156578 0.707676 -0.688969  0.947781 0.935857
no_material
0  0.522958 -1.928345 -7.154839  -0.454033 0.739838 -0.496481  0.952505 0.927365
0  0.646691 -1.894962 -7.177241  -0.156386 0.820144 -0.550370  0.947781 0.927365
0  0.646691 -1.953130 -7.283573  -0.156431 0.922700 -0.352354  0.947781 0.918872
no_material
0  0.522958 -1.990000 -7.267545  -0.453802 0.832506 -0.317802  0.952505 0.918872
0  0.646691 -1.953130 -7.283573  -0.156431 0.922700 -0.352354  0.947781 0.918872
0  0.646691 -2.007961 -7.518682  -0.156225 0.980945 -0.115501  0.947781 0.901958
no_material
0  0.417704 -1.228130 -6.763599  -0.707120 0.004595 -0.707079  0.957229 0.978121
0  0.522958 -1.228130 -6.840072  -0.453651 0.005502 -0.891162  0.952505 0.978121
0  0.522958 -1.391273 -6.842067  -0.454208 0.079085 -0.887378  0.952505 0.969825
no_material
0  0.417704 -1.537346 -6.789242  -0.707170 0.178973 -0.684017  0.957229 0.961333
0  0.522958 -1.517989 -6.863221  -0.454118 0.225517 -0.861927  0.952505 0.961333
0  0.522958 -1.638828 -6.906838  -0.454069 0.376974 -0.807286  0.952505 0.952841
no_material
0  0.417704 -1.794142 -6.909154  -0.707177 0.409565 -0.576331  0.957229 0.944349
0  0.522958 -1.749845 -6.971490  -0.454078 0.516108 -0.726255  0.952505 0.944349
0  0.522958 -1.847412 -7.055068  -0.454073 0.638389 -0.621512  0.952505 0.935857
no_material
0  0.417704 -1.991844 -7.112225  -0.707175 0.587096 -0.393982  0.957229 0.927365
0  0.522958 -1.928345 -7.154839  -0.454033 0.739838 -0.496481  0.952505 0.927365
0  0.522958 -1.990000 -7.267545  -0.453802 0.832506 -0.317802  0.952505 0.918872
no_material
0  0.417704 -2.060131 -7.237058  -0.706918 0.660842 -0.252099  0.957229 0.918872
0  0.522958 -1.990000 -7.267545  -0.453802 0.832506 -0.317802  0.952505 0.918872
0  0.522958 -2.048117 -7.516748  -0.453363 0.885187 -0.104432  0.952505 0.901958
no_material
0  0.341233 -1.228130 -6.658345  -0.890908 0.003181 -0.454173  0.961952 0.978121
0  0.417704 -1.228130 -6.763599  -0.707120 0.004595 -0.707079  0.957229 0.978121
0  0.417704 -1.396999 -6.765809  -0.707276 0.063050 -0.704120  0.957229 0.969825
no_material
0  0.341233 -1.563988 -6.687415  -0.891057 0.114891 -0.439109  0.961952 0.961333
0  0.417704 -1.537346 -6.789242  -0.707170 0.178973 -0.684017  0.957229 0.961333
0  0.417704 -1.671184 -6.837551  -0.707175 0.299151 -0.640635  0.957229 0.952841
no_material
0  0.341233 -1.855112 -6.823358  -0.891033 0.262954 -0.370021  0.961952 0.944349
0  0.417704 -1.794142 -6.909154  -0.707177 0.409565 -0.576331  0.957229 0.944349
0  0.417704 -1.902205 -7.001722  -0.707174 0.506604 -0.493211  0.957229 0.935857
no_material
0  0.341233 -2.079242 -7.053574  -0.891033 0.376933 -0.252947  0.961952 0.927365
0  0.417704 -1.991844 -7.112225  -0.707175 0.587096 -0.393982  0.957229 0.927365
0  0.417704 -2.060131 -7.237058  -0.706918 0.660842 -0.252099  0.957229 0.918872
no_material
0  0.341233 -2.156658 -7.195096  -0.890919 0.424371 -0.161780  0.961952 0.918872
0  0.417704 -2.060131 -7.237058  -0.706918 0.660842 -0.252099  0.957229 0.918872
0  0.417704 -2.124500 -7.513067  -0.706462 0.702841 -0.083228  0.957229 0.901958
no_material
0  0.301030 -1.228130 -6.534614  -0.987664 0.001158 -0.156583  0.966677 0.978121
0  0.341233 -1.228130 -6.658345  -0.890908 0.003181 -0.454173  0.961952 0.978121
0  0.341233 -1.404881 -6.660851  -0.891105 0.040702 -0.451969  0.961952 0.969825
no_material
0  0.301030 -1.595308 -6.567710  -0.987693 0.039590 -0.151310  0.966677 0.961333
0  0.341233 -1.563988 -6.687415  -0.891057 0.114891 -0.439109  0.961952 0.961333
0  0.341233 -1.715717 -6.742179  -0.891058 0.192044 -0.411260  0.961952 0.952841
no_material
0  0.301030 -1.926787 -6.722501  -0.987693 0.090601 -0.127492  0.966677 0.944349
0  0.341233 -1.855112 -6.823358  -0.891033 0.262954 -0.370021  0.961952 0.944349
0  0.341233 -1.977621 -6.928301  -0.891032 0.325255 -0.316656  0.961952 0.935857
no_material
0  0.301030 -2.181985 -6.984629  -0.987693 0.129873 -0.087154  0.966677 0.927365
0  0.341233 -2.079242 -7.053574  -0.891033 0.376933 -0.252947  0.961952 0.927365
0  0.341233 -2.156658 -7.195096  -0.890919 0.424371 -0.161780  0.961952 0.918872
no_material
0  0.301030 -2.270132 -7.145766  -0.987675 0.146256 -0.055735  0.966677 0.918872
0  0.341233 -2.156658 -7.195096  -0.890919 0.424371 -0.161780  0.961952 0.918872
0  0.341233 -2.229632 -7.507999  -0.890672 0.451466 -0.053682  0.961952 0.901958
no_material
0  0.301030 -1.228130 -6.404511  -0.987680 -0.001322 0.156485  0.971400 0.978121
0  0.301030 -1.228130 -6.534614  -0.987664 0.001158 -0.156583  0.966677 0.978121
0  0.301030 -1.414146 -6.537466  -0.987695 0.014088 -0.155758  0.966677 0.969825
no_material
0  0.301030 -1.628240 -6.441846  -0.987694 -0.039589 0.151307  0.971400 0.961333
0  0.301030 -1.595308 -6.567710  -0.987693 0.039590 -0.151310  0.966677 0.961333
0  0.301030 -1.768069 -6.630067  -0.987693 0.066176 -0.141714  0.966677 0.952841
no_material
0  0.301030 -2.002150 -6.616450  -0.987695 -0.090595 0.127484  0.971400 0.944349
0  0.301030 -1.926787 -6.722501  -0.987693 0.090601 -0.127492  0.966677 0.944349
0  0.301030 -2.066278 -6.841988  -0.987693 0.112067 -0.109102  0.966677 0.935857
no_material
0  0.301030 -2.290016 -6.912132  -0.987694 -0.129866 0.087149  0.971400 0.927365
0  0.301030 -2.181985 -6.984629  -0.987693 0.129873 -0.087154  0.966677 0.927365
0  0.301030 -2.270132 -7.145766  -0.987675 0.146256 -0.055735  0.966677 0.918872
no_material
0  0.301030 -2.389446 -7.093896  -0.987674 -0.146269 0.055736  0.971400 0.918872
0  0.301030 -2.270132 -7.145766  -0.987675 0.146256 -0.055735  0.966677 0.918872
0  0.301030 -2.353221 -7.502042  -0.987644 0.155613 -0.018556  0.966677 0.901958
no_material
0  0.341233 -1.228130 -6.280777  -0.890789 -0.003955 0.454399  0.976124 0.978121
0  0.301030 -1.228130 -6.404511  -0.987680 -0.001322 0.156485  0.971400 0.978121
0  0.301030 -1.423887 -6.407731  -0.987696 -0.014255 0.155734  0.971400 0.969825
no_material
0  0.341233 -1.659560 -6.322145  -0.891030 -0.114904 0.439162  0.976124 0.961333
0  0.301030 -1.628240 -6.441846  -0.987694 -0.039589 0.151307  0.971400 0.961333
0  0.301030 -1.823116 -6.512187  -0.987686 -0.066195 0.141753  0.971400 0.952841
no_material
0  0.341233 -2.073825 -6.515590  -0.891053 -0.262930 0.369990  0.976124 0.944349
0  0.301030 -2.002150 -6.616450  -0.987695 -0.090595 0.127484  0.971400 0.944349
0  0.301030 -2.159497 -6.751234  -0.987687 -0.112095 0.109133  0.971400 0.935857
no_material
0  0.341233 -2.392759 -6.843184  -0.891028 -0.376941 0.252952  0.976124 0.927365
0  0.301030 -2.290016 -6.912132  -0.987694 -0.129866 0.087149  0.971400 0.927365
0  0.301030 -2.389446 -7.093896  -0.987674 -0.146269 0.055736  0.971400 0.918872
no_material
0  0.341233 -2.502920 -7.044566  -0.890880 -0.424444 0.161805  0.976124 0.918872
0  0.301030 -2.389446 -7.093896  -0.987674 -0.146269 0.055736  0.971400 0.918872
0  0.301030 -2.483171 -7.495778  -0.987649 -0.155568 0.018644  0.971400 0.901958
no_material
0  0.417704 -1.228130 -6.175526  -0.707023 -0.006410 0.707161  0.980847 0.978121
0  0.341233 -1.228130 -6.280777  -0.890789 -0.003955 0.454399  0.976124 0.978121
0  0.341233 -1.433152 -6.284345  -0.891055 -0.041491 0.451996  0.976124 0.969825
no_material
0  0.417704 -1.686203 -6.220318  -0.707160 -0.178974 0.684027  0.980847 0.961333
0  0.341233 -1.659560 -6.322145  -0.891030 -0.114904 0.439162  0.976124 0.961333
0  0.341233 -1.875468 -6.400074  -0.891053 -0.192047 0.411270  0.976124 0.952841
no_material
0  0.417704 -2.134795 -6.429793  -0.707159 -0.409575 0.576346  0.980847 0.944349
0  0.341233 -2.073825 -6.515590  -0.891053 -0.262930 0.369990  0.976124 0.944349
0  0.341233 -2.248153 -6.664920  -0.891029 -0.325259 0.316660  0.976124 0.935857
no_material
0  0.417704 -2.480157 -6.784536  -0.707163 -0.587107 0.393987  0.980847 0.927365
0  0.341233 -2.392759 -6.843184  -0.891028 -0.376941 0.252952  0.976124 0.927365
0  0.341233 -2.502920 -7.044566  -0.890880 -0.424444 0.161805  0.976124 0.918872
no_material
0  0.417704 -2.599447 -7.002604  -0.706915 -0.660845 0.252101  0.980847 0.918872
0  0.341233 -2.502920 -7.044566  -0.890880 -0.424444 0.161805  0.976124 0.918872
0  0.341233 -2.606761 -7.489823  -0.890653 -0.451451 0.054115  0.976124 0.901958
no_material
0  0.522958 -1.228130 -6.099053  -0.453548 -0.008235 0.891194  0.985571 0.978121
0  0.417704 -1.228130 -6.175526  -0.707023 -0.006410 0.707161  0.980847 0.978121
0  0.417704 -1.441033 -6.179387  -0.707206 -0.064837 0.704028  0.980847 0.969825
no_material
0  0.522958 -1.705559 -6.146339  -0.454079 -0.225526 0.861946  0.985571 0.961333
0  0.417704 -1.686203 -6.220318  -0.707160 -0.178974 0.684027  0.980847 0.961333
0  0.417704 -1.920001 -6.304707  -0.707160 -0.299157 0.640648  0.980847 0.952841
no_material
0  0.522958 -2.179093 -6.367461  -0.454037 -0.516119 0.726272  0.985571 0.944349
0  0.417704 -2.134795 -6.429793  -0.707159 -0.409575 0.576346  0.980847 0.944349
0  0.417704 -2.323569 -6.591499  -0.707163 -0.506614 0.493217  0.980847 0.935857
no_material
0  0.522958 -2.543656 -6.741922  -0.454039 -0.739835 0.496480  0.985571 0.927365
0  0.417704 -2.480157 -6.784536  -0.707163 -0.587107 0.393987  0.980847 0.927365
0  0.417704 -2.599447 -7.002604  -0.706915 -0.660845 0.252101  0.980847 0.918872
no_material
0  0.522958 -2.669578 -6.972114  -0.453760 -0.832526 0.317810  0.985571 0.918872
0  0.417704 -2.599447 -7.002604  -0.706915 -0.660845 0.252101  0.980847 0.918872
0  0.417704 -2.711892 -7.484756  -0.706400 -0.702785 0.084211  0.980847 0.901958
no_material
0  0.646691 -1.228130 -6.058851  -0.156245 -0.009284 0.987675  0.990295 0.978121
0  0.522958 -1.228130 -6.099053  -0.453548 -0.008235 0.891194  0.985571 0.978121
0  0.522958 -1.446759 -6.103129  -0.454077 -0.081887 0.887191  0.985571 0.969825
no_material
0  0.646691 -1.715736 -6.107444  -0.156503 -0.250005 0.955513  0.990295 0.961333
0  0.522958 -1.705559 -6.146339  -0.454079 -0.225526 0.861946  0.985571 0.961333
0  0.522958 -1.952357 -6.235419  -0.453997 -0.376988 0.807321  0.985571 0.952841
no_material
0  0.646691 -2.202381 -6.334688  -0.156347 -0.572145 0.805112  0.990295 0.944349
0  0.522958 -2.179093 -6.367461  -0.454037 -0.516119 0.726272  0.985571 0.944349
0  0.522958 -2.378361 -6.538154  -0.454042 -0.638400 0.621524  0.985571 0.935857
no_material
0  0.646691 -2.577039 -6.719520  -0.156499 -0.820128 0.550361  0.990295 0.927365
0  0.522958 -2.543656 -6.741922  -0.454039 -0.739835 0.496480  0.985571 0.927365
0  0.522958 -2.669578 -6.972114  -0.453760 -0.832526 0.317810  0.985571 0.918872
no_material
0  0.646691 -2.706448 -6.956086  -0.156363 -0.922705 0.352373  0.990295 0.918872
0  0.522958 -2.669578 -6.972114  -0.453760 -0.832526 0.317810  0.985571 0.918872
0  0.522958 -2.788275 -7.481075  -0.453314 -0.885030 0.105963  0.985571 0.901958
no_material
0  0.776792 -1.228130 -6.058851  0.156277 -0.009324 0.987669  0.995019 0.978121
0  0.646691 -1.228130 -6.058851  -0.156245 -0.009284 0.987675  0.990295 0.978121
0  0.646691 -1.449770 -6.063040  -0.156568 -0.090881 0.983477  0.990295 0.969825
no_material
0  0.776792 -1.715736 -6.107444  0.156453 -0.250006 0.955520  0.995019 0.961333
0  0.646691 -1.715736 -6.107444  -0.156503 -0.250005 0.955513  0.990295 0.961333
0  0.646691 -1.969367 -6.198989  -0.156354 -0.417902 0.894937  0.990295 0.952841
no_material
0  0.776792 -2.202381 -6.334688  0.156249 -0.572154 0.805125  0.995019 0.944349
0  0.646691 -2.202381 -6.334688  -0.156347 -0.572145 0.805112  0.990295 0.944349
0  0.646691 -2.407168 -6.510109  -0.156346 -0.707703 0.688994  0.990295 0.935857
no_material
0  0.776792 -2.577039 -6.719520  0.156449 -0.820135 0.550366  0.995019 0.927365
0  0.646691 -2.577039 -6.719520  -0.156499 -0.820128 0.550361  0.990295 0.927365
0  0.646691 -2.706448 -6.956086  -0.156363 -0.922705 0.352373  0.990295 0.918872
no_material
0  0.776792 -2.706448 -6.956086  0.156314 -0.922706 0.352391  0.995019 0.918872
0  0.646691 -2.706448 -6.956086  -0.156363 -0.922705 0.352373  0.990295 0.918872
0  0.646691 -2.828432 -7.479137  -0.156152 -0.980737 0.117354  0.990295 0.901958
no_material
0  0.900525 -1.228130 -6.099053  0.453567 -0.008343 0.891183  0.905269 0.978121
0  0.776792 -1.228130 -6.058851  0.156277 -0.009324 0.987669  0.900545 0.978121
0  0.776792 -1.449770 -6.063040  0.156445 -0.090871 0.983498  0.900545 0.969825
no_material
0  0.900525 -1.705559 -6.146339  0.453991 -0.225536 0.861989  0.905269 0.961333
0  0.776792 -1.715736 -6.107444  0.156453 -0.250006 0.955520  0.900545 0.961333
0  0.776792 -1.969367 -6.198989  0.156452 -0.417894 0.894923  0.900545 0.952841
no_material
0  0.900525 -2.179093 -6.367461  0.454086 -0.516105 0.726251  0.905269 0.944349
0  0.776792 -2.202381 -6.334688  0.156249 -0.572154 0.805125  0.900545 0.944349
0  0.776792 -2.407168 -6.510109  0.156501 -0.707686 0.688976  0.900545 0.935857
no_material
0  0.900525 -2.543656 -6.741922  0.454040 -0.739834 0.496481  0.905269 0.927365
0  0.776792 -2.577039 -6.719520  0.156449 -0.820135 0.550366  0.900545 0.927365
0  0.776792 -2.706448 -6.956086  0.156314 -0.922706 0.352391  0.900545 0.918872
no_material
0  0.900525 -2.669578 -6.972114  0.453762 -0.832524 0.317810  0.905269 0.918872
0  0.776792 -2.706448 -6.956086  0.156314 -0.922706 0.352391  0.900545 0.918872
0  0.776792 -2.828432 -7.479137  0.156046 -0.980759 0.117311  0.900545 0.901958
no_material
0  1.005779 -1.228130 -6.175526  0.707026 -0.006418 0.707158  0.909992 0.978121
0  0.900525 -1.228130 -6.099053  0.453567 -0.008343 0.891183  0.905269 0.978121
0  0.900525 -1.446759 -6.103129  0.454098 -0.081885 0.887181  0.905269 0.969825
no_material
0  1.005779 -1.686203 -6.220318  0.707160 -0.178973 0.684028  0.909992 0.961333
0  0.900525 -1.705559 -6.146339  0.453991 -0.225536 0.861989  0.905269 0.961333
0  0.900525 -1.952357 -6.235419  0.454039 -0.376980 0.807301  0.905269 0.952841
no_material
0  1.005779 -2.134795 -6.429793  0.707160 -0.409574 0.576346  0.909992 0.944349
0  0.900525 -2.179093 -6.367461  0.454086 -0.516105 0.726251  0.905269 0.944349
0  0.900525 -2.378361 -6.538154  0.454084 -0.638385 0.621508  0.905269 0.935857
no_material
0  1.005779 -2.480157 -6.784536  0.707199 -0.587077 0.393967  0.909992 0.927365
0  0.900525 -2.543656 -6.741922  0.454040 -0.739834 0.496481  0.905269 0.927365
0  0.900525 -2.669578 -6.972114  0.453762 -0.832524 0.317810  0.905269 0.918872
no_material
0  1.005779 -2.599447 -7.002604  0.706918 -0.660843 0.252100  0.909992 0.918872
0  0.900525 -2.669578 -6.972114  0.453762 -0.832524 0.317810  0.905269 0.918872
0  0.900525 -2.788275 -7.481075  0.453303 -0.885036 0.105962  0.905269 0.901958
no_material
0  1.082250 -1.228130 -6.280777  0.890894 -0.003963 0.454195  0.914715 0.978121
0  1.005779 -1.228130 -6.175526  0.707026 -0.006418 0.707158  0.909992 0.978121
0  1.005779 -1.441033 -6.179387  0.707206 -0.064837 0.704029  0.909992 0.969825
no_material
0  1.082250 -1.659560 -6.322145  0.891053 -0.114893 0.439119  0.914715 0.961333
0  1.005779 -1.686203 -6.220318  0.707160 -0.178973 0.684028  0.909992 0.961333
0  1.005779 -1.920001 -6.304707  0.707161 -0.299158 0.640647  0.909992 0.952841
no_material
0  1.082250 -2.073825 -6.515590  0.891053 -0.262931 0.369989  0.914715 0.944349
0  1.005779 -2.134795 -6.429793  0.707160 -0.409574 0.576346  0.909992 0.944349
0  1.005779 -2.323569 -6.591499  0.707164 -0.506613 0.493217  0.909992 0.935857
no_material
0  1.082250 -2.392759 -6.843184  0.891051 -0.376903 0.252926  0.914715 0.927365
0  1.005779 -2.480157 -6.784536  0.707199 -0.587077 0.393967  0.909992 0.927365
0  1.005779 -2.599447 -7.002604  0.706918 -0.660843 0.252100  0.909992 0.918872
no_material
0  1.082250 -2.502920 -7.044566  0.890906 -0.424394 0.161789  0.914715 0.918872
0  1.005779 -2.599447 -7.002604  0.706918 -0.660843 0.252100  0.909992 0.918872
0  1.005779 -2.711892 -7.484756  0.706431 -0.702755 0.084207  0.909992 0.901958
no_material
0  1.122453 -1.414146 -6.537466  0.987703 0.014082 -0.155706  0.924164 0.969825
0  1.122453 -1.423887 -6.407731  0.987697 -0.014256 0.155729  0.919439 0.969825
0  1.122453 -1.628240 -6.441846  0.987694 -0.039590 0.151306  0.919439 0.961333
no_material
0  1.082250 -1.404881 -6.660851  0.891100 0.040703 -0.451978  0.928887 0.969825
0  1.122453 -1.414146 -6.537466  0.987703 0.014082 -0.155706  0.924164 0.969825
0  1.122453 -1.595308 -6.567710  0.987701 0.039579 -0.151262  0.924164 0.961333
no_material
0  1.005779 -1.396999 -6.765809  0.707283 0.063049 -0.704113  0.933610 0.969825
0  1.082250 -1.404881 -6.660851  0.891100 0.040703 -0.451978  0.928887 0.969825
0  1.082250 -1.563988 -6.687415  0.891034 0.114904 -0.439153  0.928887 0.961333
no_material
0  0.900525 -1.391273 -6.842067  0.454217 0.079084 -0.887374  0.938334 0.969825
0  1.005779 -1.396999 -6.765809  0.707283 0.063049 -0.704113  0.933610 0.969825
0  1.005779 -1.537346 -6.789242  0.707174 0.178974 -0.684013  0.933610 0.961333
no_material
0  0.776792 -1.388263 -6.882156  0.156347 0.087444 -0.983824  0.943058 0.969825
0  0.900525 -1.391273 -6.842067  0.454217 0.079084 -0.887374  0.938334 0.969825
0  0.900525 -1.517989 -6.863221  0.454114 0.225520 -0.861929  0.938334 0.961333
no_material
0  0.646691 -1.388263 -6.882156  -0.156506 0.087449 -0.983798  0.947781 0.969825
0  0.776792 -1.388263 -6.882156  0.156347 0.087444 -0.983824  0.943058 0.969825
0  0.776792 -1.507813 -6.902116  0.156585 0.250001 -0.955500  0.943058 0.961333
no_material
0  0.522958 -1.391273 -6.842067  -0.454208 0.079085 -0.887378  0.952505 0.969825
0  0.646691 -1.388263 -6.882156  -0.156506 0.087449 -0.983798  0.947781 0.969825
0  0.646691 -1.507813 -6.902116  -0.156535 0.250002 -0.955508  0.947781 0.961333
no_material
0  0.417704 -1.396999 -6.765809  -0.707276 0.063050 -0.704120  0.957229 0.969825
0  0.522958 -1.391273 -6.842067  -0.454208 0.079085 -0.887378  0.952505 0.969825
0  0.522958 -1.517989 -6.863221  -0.454118 0.225517 -0.861927  0.952505 0.961333
no_material
0  0.341233 -1.404881 -6.660851  -0.891105 0.040702 -0.451969  0.961952 0.969825
0  0.417704 -1.396999 -6.765809  -0.707276 0.063050 -0.704120  0.957229 0.969825
0  0.417704 -1.537346 -6.789242  -0.707170 0.178973 -0.684017  0.957229 0.961333
no_material
0  0.301030 -1.414146 -6.537466  -0.987695 0.014088 -0.155758  0.966677 0.969825
0  0.341233 -1.404881 -6.660851  -0.891105 0.040702 -0.451969  0.961952 0.969825
0  0.341233 -1.563988 -6.687415  -0.891057 0.114891 -0.439109  0.961952 0.961333
no_material
0  0.301030 -1.423887 -6.407731  -0.987696 -0.014255 0.155734  0.971400 0.969825
0  0.301030 -1.414146 -6.537466  -0.987695 0.014088 -0.155758  0.966677 0.969825
0  0.301030 -1.595308 -6.567710  -0.987693 0.039590 -0.151310  0.966677 0.961333
no_material
0  0.341233 -1.433152 -6.284345  -0.891055 -0.041491 0.451996  0.976124 0.969825
0  0.301030 -1.423887 -6.407731  -0.987696 -0.014255 0.155734  0.971400 0.969825
0  0.301030 -1.628240 -6.441846  -0.987694 -0.039589 0.151307  0.971400 0.961333
no_material
0  0.417704 -1.441033 -6.179387  -0.707206 -0.064837 0.704028  0.980847 0.969825
0  0.341233 -1.433152 -6.284345  -0.891055 -0.041491 0.451996  0.976124 0.969825
0  0.341233 -1.659560 -6.322145  -0.891030 -0.114904 0.439162  0.976124 0.961333
no_material
0  0.522958 -1.446759 -6.103129  -0.454077 -0.081887 0.887191  0.985571 0.969825
0  0.417704 -1.441033 -6.179387  -0.707206 -0.064837 0.704028  0.980847 0.969825
0  0.417704 -1.686203 -6.220318  -0.707160 -0.178974 0.684027  0.980847 0.961333
no_material
0  0.646691 -1.449770 -6.063040  -0.156568 -0.090881 0.983477  0.990295 0.969825
0  0.522958 -1.446759 -6.103129  -0.454077 -0.081887 0.887191  0.985571 0.969825
0  0.522958 -1.705559 -6.146339  -0.454079 -0.225526 0.861946  0.985571 0.961333
no_material
0  0.776792 -1.449770 -6.063040  0.156445 -0.090871 0.983498  0.995019 0.969825
0  0.646691 -1.449770 -6.063040  -0.156568 -0.090881 0.983477  0.990295 0.969825
0  0.646691 -1.715736 -6.107444  -0.156503 -0.250005 0.955513  0.990295 0.961333
no_material
0  0.900525 -1.446759 -6.103129  0.454098 -0.081885 0.887181  0.905269 0.969825
0  0.776792 -1.449770 -6.063040  0.156445 -0.090871 0.983498  0.900545 0.969825
0  0.776792 -1.715736 -6.107444  0.156453 -0.250006 0.955520  0.900545 0.961333
no_material
0  1.005779 -1.441033 -6.179387  0.707206 -0.064837 0.704029  0.909992 0.969825
0  0.900525 -1.446759 -6.103129  0.454098 -0.081885 0.887181  0.905269 0.969825
0  0.900525 -1.705559 -6.146339  0.453991 -0.225536 0.861989  0.905269 0.961333
no_material
0  1.082250 -1.433152 -6.284345  0.891068 -0.041489 0.451969  0.914715 0.969825
0  1.005779 -1.441033 -6.179387  0.707206 -0.064837 0.704029  0.909992 0.969825
0  1.005779 -1.686203 -6.220318  0.707160 -0.178973 0.684028  0.909992 0.961333
no_material
0  1.122453 -1.423887 -6.407731  0.987697 -0.014256 0.155729  0.919439 0.969825
0  1.082250 -1.433152 -6.284345  0.891068 -0.041489 0.451969  0.914715 0.969825
0  1.082250 -1.659560 -6.322145  0.891053 -0.114893 0.439119  0.914715 0.961333
no_material
0  1.122453 -1.768069 -6.630067  0.987693 0.066176 -0.141715  0.924164 0.952841
0  1.122453 -1.823116 -6.512187  0.987686 -0.066195 0.141753  0.919439 0.952841
0  1.122453 -2.002150 -6.616450  0.987686 -0.090624 0.127525  0.919439 0.944349
no_material
0  1.082250 -1.715717 -6.742179  0.891059 0.192042 -0.411260  0.928887 0.952841
0  1.122453 -1.768069 -6.630067  0.987693 0.066176 -0.141715  0.924164 0.952841
0  1.122453 -1.926787 -6.722501  0.987693 0.090602 -0.127491  0.924164 0.944349
no_material
0  1.005779 -1.671184 -6.837551  0.707208 0.299138 -0.640604  0.933610 0.952841
0  1.082250 -1.715717 -6.742179  0.891059 0.192042 -0.411260  0.928887 0.952841
0  1.082250 -1.855112 -6.823358  0.891033 0.262954 -0.370019  0.928887 0.944349
no_material
0  0.900525 -1.638828 -6.906838  0.454072 0.376973 -0.807286  0.938334 0.952841
0  1.005779 -1.671184 -6.837551  0.707208 0.299138 -0.640604  0.933610 0.952841
0  1.005779 -1.794142 -6.909154  0.707173 0.409569 -0.576333  0.933610 0.944349
no_material
0  0.776792 -1.621818 -6.943264  0.156387 0.417903 -0.894930  0.943058 0.952841
0  0.900525 -1.638828 -6.906838  0.454072 0.376973 -0.807286  0.938334 0.952841
0  0.900525 -1.749845 -6.971490  0.454080 0.516109 -0.726253  0.938334 0.944349
no_material
0  0.646691 -1.621818 -6.943264  -0.156387 0.417904 -0.894930  0.947781 0.952841
0  0.776792 -1.621818 -6.943264  0.156387 0.417903 -0.894930  0.943058 0.952841
0  0.776792 -1.726556 -7.004262  0.156484 0.572133 -0.805094  0.943058 0.944349
no_material
0  0.522958 -1.638828 -6.906838  -0.454069 0.376974 -0.807286  0.952505 0.952841
0  0.646691 -1.621818 -6.943264  -0.156387 0.417904 -0.894930  0.947781 0.952841
0  0.646691 -1.726556 -7.004262  -0.156584 0.572125 -0.805080  0.947781 0.944349
no_material
0  0.417704 -1.671184 -6.837551  -0.707175 0.299151 -0.640635  0.957229 0.952841
0  0.522958 -1.638828 -6.906838  -0.454069 0.376974 -0.807286  0.952505 0.952841
0  0.522958 -1.749845 -6.971490  -0.454078 0.516108 -0.726255  0.952505 0.944349
no_material
0  0.341233 -1.715717 -6.742179  -0.891058 0.192044 -0.411260  0.961952 0.952841
0  0.417704 -1.671184 -6.837551  -0.707175 0.299151 -0.640635  0.957229 0.952841
0  0.417704 -1.794142 -6.909154  -0.707177 0.409565 -0.576331  0.957229 0.944349
no_material
0  0.301030 -1.768069 -6.630067  -0.987693 0.066176 -0.141714  0.966677 0.952841
0  0.341233 -1.715717 -6.742179  -0.891058 0.192044 -0.411260  0.961952 0.952841
0  0.341233 -1.855112 -6.823358  -0.891033 0.262954 -0.370021  0.961952 0.944349
no_material
0  0.301030 -1.823116 -6.512187  -0.987686 -0.066195 0.141753  0.971400 0.952841
0  0.301030 -1.768069 -6.630067  -0.987693 0.066176 -0.141714  0.966677 0.952841
0  0.301030 -1.926787 -6.722501  -0.987693 0.090601 -0.127492  0.966677 0.944349
no_material
0  0.341233 -1.875468 -6.400074  -0.891053 -0.192047 0.411270  0.976124 0.952841
0  0.301030 -1.823116 -6.512187  -0.987686 -0.066195 0.141753  0.971400 0.952841
0  0.301030 -2.002150 -6.616450  -0.987695 -0.090595 0.127484  0.971400 0.944349
no_material
0  0.417704 -1.920001 -6.304707  -0.707160 -0.299157 0.640648  0.980847 0.952841
0  0.341233 -1.875468 -6.400074  -0.891053 -0.192047 0.411270  0.976124 0.952841
0  0.341233 -2.073825 -6.515590  -0.891053 -0.262930 0.369990  0.976124 0.944349
no_material
0  0.522958 -1.952357 -6.235419  -0.453997 -0.376988 0.807321  0.985571 0.952841
0  0.417704 -1.920001 -6.304707  -0.707160 -0.299157 0.640648  0.980847 0.952841
0  0.417704 -2.134795 -6.429793  -0.707159 -0.409575 0.576346  0.980847 0.944349
no_material
0  0.646691 -1.969367 -6.198989  -0.156354 -0.417902 0.894937  0.990295 0.952841
0  0.522958 -1.952357 -6.235419  -0.453997 -0.376988 0.807321  0.985571 0.952841
0  0.522958 -2.179093 -6.367461  -0.454037 -0.516119 0.726272  0.985571 0.944349
no_material
0  0.776792 -1.969367 -6.198989  0.156452 -0.417894 0.894923  0.995019 0.952841
0  0.646691 -1.969367 -6.198989  -0.156354 -0.417902 0.894937  0.990295 0.952841
0  0.646691 -2.202381 -6.334688  -0.156347 -0.572145 0.805112  0.990295 0.944349
no_material
0  0.900525 -1.952357 -6.235419  0.454039 -0.376980 0.807301  0.905269 0.952841
0  0.776792 -1.969367 -6.198989  0.156452 -0.417894 0.894923  0.900545 0.952841
0  0.776792 -2.202381 -6.334688  0.156249 -0.572154 0.805125  0.900545 0.944349
no_material
0  1.005779 -1.920001 -6.304707  0.707161 -0.299158 0.640647  0.909992 0.952841
0  0.900525 -1.952357 -6.235419  0.454039 -0.376980 0.807301  0.905269 0.952841
0  0.900525 -2.179093 -6.367461  0.454086 -0.516105 0.726251  0.905269 0.944349
no_material
0  1.082250 -1.875468 -6.400074  0.891052 -0.192047 0.411272  0.914715 0.952841
0  1.005779 -1.920001 -6.304707  0.707161 -0.299158 0.640647  0.909992 0.952841
0  1.005779 -2.134795 -6.429793  0.707160 -0.409574 0.576346  0.909992 0.944349
no_material
0  1.122453 -1.823116 -6.512187  0.987686 -0.066195 0.141753  0.919439 0.952841
0  1.082250 -1.875468 -6.400074  0.891052 -0.192047 0.411272  0.914715 0.952841
0  1.082250 -2.073825 -6.515590  0.891053 -0.262931 0.369989  0.914715 0.944349
no_material
0  1.122453 -2.066278 -6.841988  0.987693 0.112066 -0.109103  0.924164 0.935857
0  1.122453 -2.159497 -6.751234  0.987694 -0.112059 0.109098  0.919439 0.935857
0  1.122453 -2.290016 -6.912132  0.987694 -0.129865 0.087149  0.919439 0.927365
no_material
0  1.082250 -1.977621 -6.928301  0.891032 0.325256 -0.316656  0.928887 0.935857
0  1.122453 -2.066278 -6.841988  0.987693 0.112066 -0.109103  0.924164 0.935857
0  1.122453 -2.181985 -6.984629  0.987693 0.129874 -0.087152  0.924164 0.927365
no_material
0  1.005779 -1.902205 -7.001722  0.707175 0.506604 -0.493210  0.933610 0.935857
0  1.082250 -1.977621 -6.928301  0.891032 0.325256 -0.316656  0.928887 0.935857
0  1.082250 -2.079242 -7.053574  0.891033 0.376933 -0.252947  0.928887 0.927365
no_material
0  0.900525 -1.847412 -7.055068  0.454032 0.638405 -0.621526  0.938334 0.935857
0  1.005779 -1.902205 -7.001722  0.707175 0.506604 -0.493210  0.933610 0.935857
0  1.005779 -1.991844 -7.112225  0.707177 0.587096 -0.393979  0.933610 0.927365
no_material
0  0.776792 -1.818606 -7.083109  0.156431 0.707692 -0.688986  0.943058 0.935857
0  0.900525 -1.847412 -7.055068  0.454032 0.638405 -0.621526  0.938334 0.935857
0  0.900525 -1.928345 -7.154839  0.454075 0.739819 -0.496471  0.938334 0.927365
no_material
0  0.646691 -1.818606 -7.083109  -0.156578 0.707676 -0.688969  0.947781 0.935857
0  0.776792 -1.818606 -7.083109  0.156431 0.707692 -0.688986  0.943058 0.935857
0  0.776792 -1.894962 -7.177241  0.156483 0.820131 -0.550362  0.943058 0.927365
no_material
0  0.522958 -1.847412 -7.055068  -0.454073 0.638389 -0.621512  0.952505 0.935857
0  0.646691 -1.818606 -7.083109  -0.156578 0.707676 -0.688969  0.947781 0.935857
0  0.646691 -1.894962 -7.177241  -0.156386 0.820144 -0.550370  0.947781 0.927365
no_material
0  0.417704 -1.902205 -7.001722  -0.707174 0.506604 -0.493211  0.957229 0.935857
0  0.522958 -1.847412 -7.055068  -0.454073 0.638389 -0.621512  0.952505 0.935857
0  0.522958 -1.928345 -7.154839  -0.454033 0.739838 -0.496481  0.952505 0.927365
no_material
0  0.341233 -1.977621 -6.928301  -0.891032 0.325255 -0.316656  0.961952 0.935857
0  0.417704 -1.902205 -7.001722  -0.707174 0.506604 -0.493211  0.957229 0.935857
0  0.417704 -1.991844 -7.112225  -0.707175 0.587096 -0.393982  0.957229 0.927365
no_material
0  0.301030 -2.066278 -6.841988  -0.987693 0.112067 -0.109102  0.966677 0.935857
0  0.341233 -1.977621 -6.928301  -0.891032 0.325255 -0.316656  0.961952 0.935857
0  0.341233 -2.079242 -7.053574  -0.891033 0.376933 -0.252947  0.961952 0.927365
no_material
0  0.301030 -2.159497 -6.751234  -0.987687 -0.112095 0.109133  0.971400 0.935857
0  0.301030 -2.066278 -6.841988  -0.987693 0.112067 -0.109102  0.966677 0.935857
0  0.301030 -2.181985 -6.984629  -0.987693 0.129873 -0.087154  0.966677 0.927365
no_material
0  0.341233 -2.248153 -6.664920  -0.891029 -0.325259 0.316660  0.976124 0.935857
0  0.301030 -2.159497 -6.751234  -0.987687 -0.112095 0.109133  0.971400 0.935857
0  0.301030 -2.290016 -6.912132  -0.987694 -0.129866 0.087149  0.971400 0.927365
no_material
0  0.417704 -2.323569 -6.591499  -0.707163 -0.506614 0.493217  0.980847 0.935857
0  0.341233 -2.248153 -6.664920  -0.891029 -0.325259 0.316660  0.976124 0.935857
0  0.341233 -2.392759 -6.843184  -0.891028 -0.376941 0.252952  0.976124 0.927365
no_material
0  0.522958 -2.378361 -6.538154  -0.454042 -0.638400 0.621524  0.985571 0.935857
0  0.417704 -2.323569 -6.591499  -0.707163 -0.506614 0.493217  0.980847 0.935857
0  0.417704 -2.480157 -6.784536  -0.707163 -0.587107 0.393987  0.980847 0.927365
no_material
0  0.646691 -2.407168 -6.510109  -0.156346 -0.707703 0.688994  0.990295 0.935857
0  0.522958 -2.378361 -6.538154  -0.454042 -0.638400 0.621524  0.985571 0.935857
0  0.522958 -2.543656 -6.741922  -0.454039 -0.739835 0.496480  0.985571 0.927365
no_material
0  0.776792 -2.407168 -6.510109  0.156501 -0.707686 0.688976  0.995019 0.935857
0  0.646691 -2.407168 -6.510109  -0.156346 -0.707703 0.688994  0.990295 0.935857
0  0.646691 -2.577039 -6.719520  -0.156499 -0.820128 0.550361  0.990295 0.927365
no_material
0  0.900525 -2.378361 -6.538154  0.454084 -0.638385 0.621508  0.905269 0.935857
0  0.776792 -2.407168 -6.510109  0.156501 -0.707686 0.688976  0.900545 0.935857
0  0.776792 -2.577039 -6.719520  0.156449 -0.820135 0.550366  0.900545 0.927365
no_material
0  1.005779 -2.323569 -6.591499  0.707164 -0.506613 0.493217  0.909992 0.935857
0  0.900525 -2.378361 -6.538154  0.454084 -0.638385 0.621508  0.905269 0.935857
0  0.900525 -2.543656 -6.741922  0.454040 -0.739834 0.496481  0.905269 0.927365
no_material
0  1.082250 -2.248153 -6.664920  0.891029 -0.325259 0.316660  0.914715 0.935857
0  1.005779 -2.323569 -6.591499  0.707164 -0.506613 0.493217  0.909992 0.935857
0  1.005779 -2.480157 -6.784536  0.707199 -0.587077 0.393967  0.909992 0.927365
no_material
0  1.122453 -2.159497 -6.751234  0.987694 -0.112059 0.109098  0.919439 0.935857
0  1.082250 -2.248153 -6.664920  0.891029 -0.325259 0.316660  0.914715 0.935857
0  1.082250 -2.392759 -6.843184  0.891051 -0.376903 0.252926  0.914715 0.927365
no_material
0  0.110120 -0.864516 -7.638710  -0.962967 -0.253793 -0.091020  0.087192 0.522926
0  0.118831 -0.897861 -7.637887  -0.862797 -0.498929 -0.081554  0.085118 0.523310
0  0.118831 -0.897861 -5.301235  -0.862788 -0.498944 0.081556  0.085118 0.369622
no_material
0  0.126595 -0.864516 -7.725079  -0.895638 -0.257363 -0.362763  0.087229 0.528667
0  0.134825 -0.897861 -7.721744  -0.800243 -0.504545 -0.324107  0.085156 0.528924
0  0.118831 -0.897861 -7.637887  -0.862797 -0.498929 -0.081554  0.085118 0.523310
no_material
0  0.178843 -0.864516 -7.804621  -0.683224 -0.257728 -0.683214  0.087233 0.534881
0  0.185132 -0.897861 -7.798332  -0.610249 -0.505165 -0.610250  0.085161 0.534952
0  0.134825 -0.897861 -7.721744  -0.800243 -0.504545 -0.324107  0.085156 0.528924
no_material
0  0.258386 -0.864516 -7.856870  -0.362746 -0.257367 -0.895644  0.087229 0.541095
0  0.261720 -0.897861 -7.848639  -0.324121 -0.504521 -0.800253  0.085156 0.540978
0  0.185132 -0.897861 -7.798332  -0.610249 -0.505165 -0.610250  0.085161 0.534952
no_material
0  0.344753 -0.864516 -7.873342  -0.091017 -0.253750 -0.962978  0.087192 0.546836
0  0.345576 -0.897861 -7.864634  -0.081554 -0.498891 -0.862819  0.085118 0.546593
0  0.261720 -0.897861 -7.848639  -0.324121 -0.504521 -0.800253  0.085156 0.540978
no_material
0  1.078730 -0.864516 -7.873342  0.091001 -0.253743 -0.962981  0.087192 0.594761
0  1.077907 -0.897861 -7.864634  0.081546 -0.498914 -0.862806  0.085118 0.594761
0  0.345576 -0.897861 -7.864634  -0.081554 -0.498891 -0.862819  0.085118 0.546593
no_material
0  1.165097 -0.864516 -7.856870  0.362761 -0.257363 -0.895639  0.012854 0.656710
0  1.161763 -0.897861 -7.848639  0.324114 -0.504557 -0.800232  0.012794 0.657697
0  1.077907 -0.897861 -7.864634  0.081546 -0.498914 -0.862806  0.010120 0.657715
no_material
0  1.244640 -0.864516 -7.804621  0.683219 -0.257727 -0.683219  0.015814 0.656708
0  1.238350 -0.897861 -7.798332  0.610244 -0.505162 -0.610257  0.015665 0.657695
0  1.161763 -0.897861 -7.848639  0.324114 -0.504557 -0.800232  0.012794 0.657697
no_material
0  1.296888 -0.864516 -7.725079  0.895643 -0.257354 -0.362758  0.018774 0.656710
0  1.288657 -0.897861 -7.721744  0.800263 -0.504508 -0.324116  0.018535 0.657697
0  1.238350 -0.897861 -7.798332  0.610244 -0.505162 -0.610257  0.015665 0.657695
no_material
0  1.313361 -0.864516 -7.638710  0.962972 -0.253773 -0.091017  0.021508 0.656727
0  1.304652 -0.897861 -7.637887  0.862795 -0.498934 -0.081550  0.021210 0.657715
0  1.288657 -0.897861 -7.721744  0.800263 -0.504508 -0.324116  0.018535 0.657697
no_material
0  1.313361 -0.864516 -5.300415  0.962974 -0.253766 0.091011  0.094231 0.656727
0  1.304652 -0.897861 -5.301235  0.862802 -0.498920 0.081553  0.094413 0.657715
0  1.304652 -0.897861 -7.637887  0.862795 -0.498934 -0.081550  0.021210 0.657715
no_material
0  1.296888 -0.864516 -5.214046  0.895652 -0.257324 0.362755  0.096965 0.656710
0  1.288657 -0.897861 -5.217378  0.800242 -0.504538 0.324120  0.097088 0.657697
0  1.304652 -0.897861 -5.301235  0.862802 -0.498920 0.081553  0.094413 0.657715
no_material
0  1.244640 -0.864516 -5.134504  0.683224 -0.257713 0.683220  0.099925 0.656708
0  1.238350 -0.897861 -5.140792  0.610248 -0.505159 0.610255  0.099958 0.657695
0  1.288657 -0.897861 -5.217378  0.800242 -0.504538 0.324120  0.097088 0.657697
no_material
0  1.165097 -0.864516 -5.082255  0.362763 -0.257353 0.895641  0.102885 0.656710
0  1.161763 -0.897860 -5.090486  0.324122 -0.504550 0.800234  0.102829 0.657697
0  1.238350 -0.897861 -5.140792  0.610248 -0.505159 0.610255  0.099958 0.657695
no_material
0  1.078730 -0.864516 -5.065780  0.091019 -0.253828 0.962957  0.105619 0.656727
0  1.077907 -0.897860 -5.074492  0.081546 -0.498928 0.862798  0.105504 0.657715
0  1.161763 -0.897860 -5.090486  0.324122 -0.504550 0.800234  0.102829 0.657697
no_material
0  0.344753 -0.864516 -5.065780  -0.091022 -0.253834 0.962956  0.128446 0.656727
0  0.345576 -0.897860 -5.074492  -0.081547 -0.498944 0.862789  0.128446 0.657715
0  1.077907 -0.897860 -5.074492  0.081546 -0.498928 0.862798  0.105504 0.657715
no_material
0  0.258386 -0.864516 -5.082255  -0.362763 -0.257364 0.895638  0.087229 0.352079
0  0.261720 -0.897860 -5.090486  -0.324126 -0.504535 0.800242  0.085156 0.351953
0  0.345576 -0.897860 -5.074492  -0.081547 -0.498944 0.862789  0.085118 0.346338
no_material
0  0.178843 -0.864516 -5.134504  -0.683221 -0.257720 0.683220  0.087233 0.358293
0  0.185132 -0.897861 -5.140792  -0.610245 -0.505159 0.610259  0.085161 0.357979
0  0.261720 -0.897860 -5.090486  -0.324126 -0.504535 0.800242  0.085156 0.351953
no_material
0  0.126595 -0.864516 -5.214046  -0.895649 -0.257330 0.362760  0.087229 0.364507
0  0.134825 -0.897861 -5.217378  -0.800233 -0.504550 0.324125  0.085156 0.364007
0  0.185132 -0.897861 -5.140792  -0.610245 -0.505159 0.610259  0.085161 0.357979
no_material
0  0.110120 -0.864516 -5.300415  -0.962970 -0.253783 0.091013  0.087192 0.370248
0  0.118831 -0.897861 -5.301235  -0.862788 -0.498944 0.081556  0.085118 0.369622
0  0.134825 -0.897861 -5.217378  -0.800233 -0.504550 0.324125  0.085156 0.364007
no_material
0  0.144960 -0.923990 -7.635418  -0.493438 -0.868530 -0.046639  0.082891 0.524495
0  0.144960 -0.923990 -5.303707  -0.493409 -0.868547 0.046634  0.082891 0.367686
0  0.118831 -0.897861 -5.301235  -0.862788 -0.498944 0.081556  0.085118 0.369622
no_material
0  0.178304 -0.932700 -7.632266  -0.250559 -0.967812 -0.023684  0.080808 0.526087
0  0.178304 -0.932699 -5.306859  -0.250558 -0.967812 0.023682  0.080808 0.365087
0  0.144960 -0.923990 -5.303707  -0.493409 -0.868547 0.046634  0.082891 0.367686
no_material
0  0.159518 -0.923990 -7.711743  -0.454190 -0.871706 -0.183958  0.082916 0.529720
0  0.144960 -0.923990 -7.635418  -0.493438 -0.868530 -0.046639  0.082891 0.524495
0  0.118831 -0.897861 -7.637887  -0.862797 -0.498929 -0.081554  0.085118 0.523310
no_material
0  0.191030 -0.932700 -7.698980  -0.230018 -0.968717 -0.093160  0.080808 0.530789
0  0.178304 -0.932700 -7.632266  -0.250559 -0.967812 -0.023684  0.080808 0.526087
0  0.144960 -0.923990 -7.635418  -0.493438 -0.868530 -0.046639  0.082891 0.524495
no_material
0  0.204000 -0.923990 -7.779464  -0.346078 -0.872040 -0.346088  0.082919 0.535169
0  0.159518 -0.923990 -7.711743  -0.454190 -0.871706 -0.183958  0.082916 0.529720
0  0.134825 -0.897861 -7.721744  -0.800243 -0.504545 -0.324107  0.085156 0.528924
no_material
0  0.228079 -0.932700 -7.755385  -0.175219 -0.968812 -0.175217  0.080808 0.535462
0  0.191030 -0.932700 -7.698980  -0.230018 -0.968717 -0.093160  0.080808 0.530789
0  0.159518 -0.923990 -7.711743  -0.454190 -0.871706 -0.183958  0.082916 0.529720
no_material
0  0.271721 -0.923990 -7.823945  -0.183961 -0.871703 -0.454195  0.082916 0.540618
0  0.204000 -0.923990 -7.779464  -0.346078 -0.872040 -0.346088  0.082919 0.535169
0  0.185132 -0.897861 -7.798332  -0.610249 -0.505165 -0.610250  0.085161 0.534952
no_material
0  0.284484 -0.932700 -7.792436  -0.093163 -0.968714 -0.230029  0.080808 0.540134
0  0.228079 -0.932700 -7.755385  -0.175219 -0.968812 -0.175217  0.080808 0.535462
0  0.204000 -0.923990 -7.779464  -0.346078 -0.872040 -0.346088  0.082919 0.535169
no_material
0  0.348045 -0.923990 -7.838504  -0.046638 -0.868554 -0.493396  0.082891 0.545844
0  0.271721 -0.923990 -7.823945  -0.183961 -0.871703 -0.454195  0.082916 0.540618
0  0.261720 -0.897861 -7.848639  -0.324121 -0.504521 -0.800253  0.085156 0.540978
no_material
0  0.351197 -0.932700 -7.805159  -0.023683 -0.967812 -0.250556  0.080808 0.544836
0  0.284484 -0.932700 -7.792436  -0.093163 -0.968714 -0.230029  0.080808 0.540134
0  0.271721 -0.923990 -7.823945  -0.183961 -0.871703 -0.454195  0.082916 0.540618
no_material
0  1.075436 -0.923990 -7.838504  0.046638 -0.868536 -0.493426  0.082891 0.594761
0  0.348045 -0.923990 -7.838504  -0.046638 -0.868554 -0.493396  0.082891 0.545844
0  0.345576 -0.897861 -7.864634  -0.081554 -0.498891 -0.862819  0.085118 0.546593
no_material
0  1.072285 -0.932700 -7.805159  0.023680 -0.967812 -0.250557  0.080808 0.594761
0  0.351197 -0.932700 -7.805159  -0.023683 -0.967812 -0.250556  0.080808 0.544836
0  0.348045 -0.923990 -7.838504  -0.046638 -0.868554 -0.493396  0.082891 0.545844
no_material
0  1.151762 -0.923990 -7.823945  0.183953 -0.871710 -0.454184  0.012608 0.658764
0  1.075436 -0.923990 -7.838504  0.046638 -0.868536 -0.493426  0.010120 0.658776
0  1.077907 -0.897861 -7.864634  0.081546 -0.498914 -0.862806  0.010120 0.657715
no_material
0  1.138999 -0.932700 -7.792436  0.093168 -0.968714 -0.230028  0.012359 0.659768
0  1.072285 -0.932700 -7.805159  0.023680 -0.967812 -0.250557  0.010120 0.659768
0  1.075436 -0.923990 -7.838504  0.046638 -0.868536 -0.493426  0.010120 0.658776
no_material
0  1.219482 -0.923990 -7.779464  0.346077 -0.872041 -0.346086  0.015204 0.658763
0  1.151762 -0.923990 -7.823945  0.183953 -0.871710 -0.454184  0.012608 0.658764
0  1.161763 -0.897861 -7.848639  0.324114 -0.504557 -0.800232  0.012794 0.657697
no_material
0  1.195403 -0.932700 -7.755385  0.175216 -0.968813 -0.175218  0.014585 0.659768
0  1.138999 -0.932700 -7.792436  0.093168 -0.968714 -0.230028  0.012359 0.659768
0  1.151762 -0.923990 -7.823945  0.183953 -0.871710 -0.454184  0.012608 0.658764
no_material
0  1.263965 -0.923990 -7.711743  0.454204 -0.871698 -0.183960  0.017799 0.658764
0  1.219482 -0.923990 -7.779464  0.346077 -0.872041 -0.346086  0.015204 0.658763
0  1.238350 -0.897861 -7.798332  0.610244 -0.505162 -0.610257  0.015665 0.657695
no_material
0  1.232453 -0.932700 -7.698980  0.230016 -0.968718 -0.093160  0.016810 0.659768
0  1.195403 -0.932700 -7.755385  0.175216 -0.968813 -0.175218  0.014585 0.659768
0  1.219482 -0.923990 -7.779464  0.346077 -0.872041 -0.346086  0.015204 0.658763
no_material
0  1.278523 -0.923990 -7.635418  0.493411 -0.868545 -0.046636  0.020288 0.658776
0  1.263965 -0.923990 -7.711743  0.454204 -0.871698 -0.183960  0.017799 0.658764
0  1.288657 -0.897861 -7.721744  0.800263 -0.504508 -0.324116  0.018535 0.657697
no_material
0  1.245178 -0.932700 -7.632266  0.250555 -0.967813 -0.023681  0.019050 0.659768
0  1.232453 -0.932700 -7.698980  0.230016 -0.968718 -0.093160  0.016810 0.659768
0  1.263965 -0.923990 -7.711743  0.454204 -0.871698 -0.183960  0.017799 0.658764
no_material
0  1.278523 -0.923990 -5.303707  0.493436 -0.868531 0.046636  0.094978 0.658776
0  1.278523 -0.923990 -7.635418  0.493411 -0.868545 -0.046636  0.020288 0.658776
0  1.304652 -0.897861 -7.637887  0.862795 -0.498934 -0.081550  0.021210 0.657715
no_material
0  1.245178 -0.932699 -5.306859  0.250556 -0.967812 0.023682  0.095736 0.659768
0  1.245178 -0.932700 -7.632266  0.250555 -0.967813 -0.023681  0.019050 0.659768
0  1.278523 -0.923990 -7.635418  0.493411 -0.868545 -0.046636  0.020288 0.658776
no_material
0  1.263965 -0.923990 -5.227381  0.454179 -0.871713 0.183951  0.097467 0.658764
0  1.278523 -0.923990 -5.303707  0.493436 -0.868531 0.046636  0.094978 0.658776
0  1.304652 -0.897861 -5.301235  0.862802 -0.498920 0.081553  0.094413 0.657715
no_material
0  1.232453 -0.932699 -5.240145  0.230013 -0.968718 0.093160  0.097976 0.659768
0  1.245178 -0.932699 -5.306859  0.250556 -0.967812 0.023682  0.095736 0.659768
0  1.278523 -0.923990 -5.303707  0.493436 -0.868531 0.046636  0.094978 0.658776
no_material
0  1.219482 -0.923990 -5.159660  0.346078 -0.872043 0.346078  0.100062 0.658763
0  1.263965 -0.923990 -5.227381  0.454179 -0.871713 0.183951  0.097467 0.658764
0  1.288657 -0.897861 -5.217378  0.800242 -0.504538 0.324120  0.097088 0.657697
no_material
0  1.195403 -0.932699 -5.183740  0.175217 -0.968814 0.175210  0.100201 0.659768
0  1.232453 -0.932699 -5.240145  0.230013 -0.968718 0.093160  0.097976 0.659768
0  1.263965 -0.923990 -5.227381  0.454179 -0.871713 0.183951  0.097467 0.658764
no_material
0  1.151762 -0.923990 -5.115177  0.183965 -0.871692 0.454213  0.102657 0.658764
0  1.219482 -0.923990 -5.159660  0.346078 -0.872043 0.346078  0.100062 0.658763
0  1.238350 -0.897861 -5.140792  0.610248 -0.505159 0.610255  0.099958 0.657695
no_material
0  1.138999 -0.932699 -5.146689  0.093157 -0.968718 0.230014  0.102427 0.659768
0  1.195403 -0.932699 -5.183740  0.175217 -0.968814 0.175210  0.100201 0.659768
0  1.219482 -0.923990 -5.159660  0.346078 -0.872043 0.346078  0.100062 0.658763
no_material
0  1.075436 -0.923990 -5.100621  0.046632 -0.868551 0.493402  0.105146 0.658776
0  1.151762 -0.923990 -5.115177  0.183965 -0.871692 0.454213  0.102657 0.658764
0  1.161763 -0.897860 -5.090486  0.324122 -0.504550 0.800234  0.102829 0.657697
no_material
0  1.072285 -0.932699 -5.133966  0.023679 -0.967813 0.250556  0.104667 0.659768
0  1.138999 -0.932699 -5.146689  0.093157 -0.968718 0.230014  0.102427 0.659768
0  1.151762 -0.923990 -5.115177  0.183965 -0.871692 0.454213  0.102657 0.658764
no_material
0  0.348045 -0.923990 -5.100621  -0.046635 -0.868537 0.493425  0.128446 0.658776
0  1.075436 -0.923990 -5.100621  0.046632 -0.868551 0.493402  0.105146 0.658776
0  1.077907 -0.897860 -5.074492  0.081546 -0.498928 0.862798  0.105504 0.657715
no_material
0  0.351197 -0.932699 -5.133966  -0.023679 -0.967814 0.250550  0.128446 0.659768
0  1.072285 -0.932699 -5.133966  0.023679 -0.967813 0.250556  0.104667 0.659768
0  1.075436 -0.923990 -5.100621  0.046632 -0.868551 0.493402  0.105146 0.658776
no_material
0  0.271721 -0.923990 -5.115177  -0.183957 -0.871700 0.454201  0.082916 0.351563
0  0.348045 -0.923990 -5.100621  -0.046635 -0.868537 0.493425  0.082891 0.346338
0  0.345576 -0.897860 -5.074492  -0.081547 -0.498944 0.862789  0.085118 0.346338
no_material
0  0.284484 -0.932699 -5.146689  -0.093158 -0.968718 0.230015  0.080808 0.351041
0  0.351197 -0.932699 -5.133966  -0.023679 -0.967814 0.250550  0.080808 0.346338
0  0.348045 -0.923990 -5.100621  -0.046635 -0.868537 0.493425  0.082891 0.346338
no_material
0  0.204000 -0.923990 -5.159660  -0.346082 -0.872041 0.346081  0.082919 0.357012
0  0.271721 -0.923990 -5.115177  -0.183957 -0.871700 0.454201  0.082916 0.351563
0  0.261720 -0.897860 -5.090486  -0.324126 -0.504535 0.800242  0.085156 0.351953
no_material
0  0.228079 -0.932699 -5.183740  -0.175219 -0.968813 0.175214  0.080808 0.355713
0  0.284484 -0.932699 -5.146689  -0.093158 -0.968718 0.230015  0.080808 0.351041
0  0.271721 -0.923990 -5.115177  -0.183957 -0.871700 0.454201  0.082916 0.351563
no_material
0  0.159518 -0.923990 -5.227381  -0.454197 -0.871702 0.183957  0.082916 0.362461
0  0.204000 -0.923990 -5.159660  -0.346082 -0.872041 0.346081  0.082919 0.357012
0  0.185132 -0.897861 -5.140792  -0.610245 -0.505159 0.610259  0.085161 0.357979
no_material
0  0.191030 -0.932699 -5.240145  -0.230015 -0.968718 0.093161  0.080808 0.360385
0  0.228079 -0.932699 -5.183740  -0.175219 -0.968813 0.175214  0.080808 0.355713
0  0.204000 -0.923990 -5.159660  -0.346082 -0.872041 0.346081  0.082919 0.357012
no_material
0  0.144960 -0.923990 -5.303707  -0.493409 -0.868547 0.046634  0.082891 0.367686
0  0.159518 -0.923990 -5.227381  -0.454197 -0.871702 0.183957  0.082916 0.362461
0  0.134825 -0.897861 -5.217378  -0.800233 -0.504550 0.324125  0.085156 0.364007
no_material
0  0.178304 -0.932699 -5.306859  -0.250558 -0.967812 0.023682  0.080808 0.365087
0  0.191030 -0.932699 -5.240145  -0.230015 -0.968718 0.093161  0.080808 0.360385
0  0.159518 -0.923990 -5.227381  -0.454197 -0.871702 0.183957  0.082916 0.362461
no_material
0  0.301030 -2.354400 -10.837883  -0.954866 0.151232 -0.255655  0.966677 0.756867
0  0.309996 -2.355820 -10.872210  -0.854275 0.135301 -0.501905  0.966677 0.755324
0  0.309996 -2.483081 -10.872210  -0.854270 -0.135301 -0.501913  0.971400 0.755324
no_material
0  0.341233 -2.230667 -10.837883  -0.861392 0.438908 -0.255664  0.961952 0.756867
0  0.349321 -2.234788 -10.872210  -0.770645 0.392670 -0.501912  0.961952 0.755324
0  0.309996 -2.355820 -10.872210  -0.854275 0.135301 -0.501905  0.966677 0.755324
no_material
0  0.417704 -2.125413 -10.837883  -0.683602 0.683610 -0.255666  0.957229 0.756867
0  0.424123 -2.131832 -10.872210  -0.611589 0.611591 -0.501912  0.957229 0.755324
0  0.349321 -2.234788 -10.872210  -0.770645 0.392670 -0.501912  0.961952 0.755324
no_material
0  0.522958 -2.048942 -10.837883  -0.438908 0.861391 -0.255664  0.952505 0.756867
0  0.527079 -2.057030 -10.872210  -0.392670 0.770648 -0.501908  0.952505 0.755324
0  0.424123 -2.131832 -10.872210  -0.611589 0.611591 -0.501912  0.957229 0.755324
no_material
0  0.646691 -2.008739 -10.837883  -0.151238 0.954862 -0.255669  0.947781 0.756867
0  0.648111 -2.017705 -10.872210  -0.135305 0.854269 -0.501913  0.947781 0.755324
0  0.527079 -2.057030 -10.872210  -0.392670 0.770648 -0.501908  0.952505 0.755324
no_material
0  0.776792 -2.008739 -10.837883  0.151234 0.954864 -0.255662  0.943058 0.756867
0  0.775371 -2.017705 -10.872210  0.135302 0.854272 -0.501909  0.943058 0.755324
0  0.648111 -2.017705 -10.872210  -0.135305 0.854269 -0.501913  0.947781 0.755324
no_material
0  0.900525 -2.048942 -10.837883  0.438899 0.861396 -0.255663  0.938334 0.756867
0  0.896403 -2.057030 -10.872210  0.392663 0.770649 -0.501913  0.938334 0.755324
0  0.775371 -2.017705 -10.872210  0.135302 0.854272 -0.501909  0.943058 0.755324
no_material
0  1.005779 -2.125413 -10.837883  0.683613 0.683600 -0.255664  0.933610 0.756867
0  0.999360 -2.131832 -10.872210  0.611587 0.611591 -0.501914  0.933610 0.755324
0  0.896403 -2.057030 -10.872210  0.392663 0.770649 -0.501913  0.938334 0.755324
no_material
0  1.082250 -2.230667 -10.837883  0.861399 0.438898 -0.255656  0.928887 0.756867
0  1.074161 -2.234788 -10.872210  0.770647 0.392671 -0.501909  0.928887 0.755324
0  0.999360 -2.131832 -10.872210  0.611587 0.611591 -0.501914  0.933610 0.755324
no_material
0  1.122453 -2.354400 -10.837883  0.954862 0.151240 -0.255667  0.924164 0.756867
0  1.113487 -2.355820 -10.872210  0.854273 0.135305 -0.501906  0.924164 0.755324
0  1.074161 -2.234788 -10.872210  0.770647 0.392671 -0.501909  0.928887 0.755324
no_material
0  1.122453 -2.484500 -10.837883  0.954867 -0.151228 -0.255653  0.919439 0.756867
0  1.113487 -2.483081 -10.872210  0.854275 -0.135298 -0.501904  0.919439 0.755324
0  1.113487 -2.355820 -10.872210  0.854273 0.135305 -0.501906  0.924164 0.755324
no_material
0  1.082250 -2.608234 -10.837883  0.861396 -0.438897 -0.255669  0.914715 0.756867
0  1.074161 -2.604112 -10.872210  0.770644 -0.392668 -0.501916  0.914715 0.755324
0  1.113487 -2.483081 -10.872210  0.854275 -0.135298 -0.501904  0.919439 0.755324
no_material
0  1.005779 -2.713487 -10.837883  0.683605 -0.683609 -0.255662  0.909992 0.756867
0  0.999360 -2.707068 -10.872210  0.611585 -0.611596 -0.501910  0.909992 0.755324
0  1.074161 -2.604112 -10.872210  0.770644 -0.392668 -0.501916  0.914715 0.755324
no_material
0  0.900525 -2.789958 -10.837883  0.438908 -0.861391 -0.255665  0.905269 0.756867
0  0.896403 -2.781870 -10.872210  0.392662 -0.770649 -0.501913  0.905269 0.755324
0  0.999360 -2.707068 -10.872210  0.611585 -0.611596 -0.501910  0.909992 0.755324
no_material
0  0.776792 -2.830162 -10.837883  0.151239 -0.954864 -0.255659  0.900545 0.756867
0  0.775371 -2.821196 -10.872210  0.135304 -0.854271 -0.501910  0.900545 0.755324
0  0.896403 -2.781870 -10.872210  0.392662 -0.770649 -0.501913  0.905269 0.755324
no_material
0  0.646691 -2.830162 -10.837883  -0.151236 -0.954863 -0.255666  0.990295 0.756867
0  0.648111 -2.821196 -10.872210  -0.135300 -0.854271 -0.501911  0.990295 0.755324
0  0.775371 -2.821196 -10.872210  0.135304 -0.854271 -0.501910  0.995019 0.755324
no_material
0  0.522958 -2.789958 -10.837883  -0.438904 -0.861394 -0.255663  0.985571 0.756867
0  0.527079 -2.781870 -10.872210  -0.392668 -0.770648 -0.501909  0.985571 0.755324
0  0.648111 -2.821196 -10.872210  -0.135300 -0.854271 -0.501911  0.990295 0.755324
no_material
0  0.417704 -2.713487 -10.837883  -0.683613 -0.683601 -0.255661  0.980847 0.756867
0  0.424123 -2.707068 -10.872210  -0.611588 -0.611590 -0.501914  0.980847 0.755324
0  0.527079 -2.781870 -10.872210  -0.392668 -0.770648 -0.501909  0.985571 0.755324
no_material
0  0.341233 -2.608234 -10.837883  -0.861404 -0.438887 -0.255659  0.976124 0.756867
0  0.349321 -2.604112 -10.872210  -0.770651 -0.392662 -0.501910  0.976124 0.755324
0  0.424123 -2.707068 -10.872210  -0.611588 -0.611590 -0.501914  0.980847 0.755324
no_material
0  0.301030 -2.484500 -10.837883  -0.954863 -0.151238 -0.255665  0.971400 0.756867
0  0.309996 -2.483081 -10.872210  -0.854270 -0.135301 -0.501913  0.971400 0.755324
0  0.349321 -2.604112 -10.872210  -0.770651 -0.392662 -0.501910  0.976124 0.755324
no_material
0  0.336893 -2.360080 -10.899107  -0.486586 0.077066 -0.870227  0.966677 0.753660
0  0.336893 -2.478820 -10.899107  -0.486572 -0.077091 -0.870232  0.971400 0.753660
0  0.309996 -2.483081 -10.872210  -0.854270 -0.135301 -0.501913  0.971400 0.755324
no_material
0  0.371219 -2.365517 -10.908072  -0.246724 0.039076 -0.968298  0.966677 0.752101
0  0.371219 -2.473384 -10.908072  -0.246712 -0.039078 -0.968301  0.971400 0.752101
0  0.336893 -2.478820 -10.899107  -0.486572 -0.077091 -0.870232  0.971400 0.753660
no_material
0  0.373586 -2.247152 -10.899107  -0.438953 0.223654 -0.870229  0.961952 0.753660
0  0.336893 -2.360080 -10.899107  -0.486586 0.077066 -0.870227  0.966677 0.753660
0  0.309996 -2.355820 -10.872210  -0.854275 0.135301 -0.501905  0.966677 0.755324
no_material
0  0.404551 -2.262929 -10.908072  -0.222571 0.113406 -0.968298  0.961952 0.752101
0  0.371219 -2.365517 -10.908072  -0.246724 0.039076 -0.968298  0.966677 0.752101
0  0.336893 -2.360080 -10.899107  -0.486586 0.077066 -0.870227  0.966677 0.753660
no_material
0  0.443380 -2.151089 -10.899107  -0.348348 0.348362 -0.870229  0.957229 0.753660
0  0.373586 -2.247152 -10.899107  -0.438953 0.223654 -0.870229  0.961952 0.753660
0  0.349321 -2.234788 -10.872210  -0.770645 0.392670 -0.501912  0.961952 0.755324
no_material
0  0.467954 -2.175663 -10.908072  -0.176637 0.176634 -0.968297  0.957229 0.752101
0  0.404551 -2.262929 -10.908072  -0.222571 0.113406 -0.968298  0.961952 0.752101
0  0.373586 -2.247152 -10.899107  -0.438953 0.223654 -0.870229  0.961952 0.753660
no_material
0  0.539442 -2.081295 -10.899107  -0.223654 0.438955 -0.870228  0.952505 0.753660
0  0.443380 -2.151089 -10.899107  -0.348348 0.348362 -0.870229  0.957229 0.753660
0  0.424123 -2.131832 -10.872210  -0.611589 0.611591 -0.501912  0.957229 0.755324
no_material
0  0.555220 -2.112261 -10.908072  -0.113395 0.222569 -0.968300  0.952505 0.752101
0  0.467954 -2.175663 -10.908072  -0.176637 0.176634 -0.968297  0.957229 0.752101
0  0.443380 -2.151089 -10.899107  -0.348348 0.348362 -0.870229  0.957229 0.753660
no_material
0  0.652371 -2.044603 -10.899107  -0.077069 0.486583 -0.870228  0.947781 0.753660
0  0.539442 -2.081295 -10.899107  -0.223654 0.438955 -0.870228  0.952505 0.753660
0  0.527079 -2.057030 -10.872210  -0.392670 0.770648 -0.501908  0.952505 0.755324
no_material
0  0.657808 -2.078928 -10.908072  -0.039076 0.246723 -0.968298  0.947781 0.752101
0  0.555220 -2.112261 -10.908072  -0.113395 0.222569 -0.968300  0.952505 0.752101
0  0.539442 -2.081295 -10.899107  -0.223654 0.438955 -0.870228  0.952505 0.753660
no_material
0  0.771111 -2.044603 -10.899107  0.077073 0.486585 -0.870227  0.943058 0.753660
0  0.652371 -2.044603 -10.899107  -0.077069 0.486583 -0.870228  0.947781 0.753660
0  0.648111 -2.017705 -10.872210  -0.135305 0.854269 -0.501913  0.947781 0.755324
no_material
0  0.765675 -2.078928 -10.908072  0.039079 0.246723 -0.968298  0.943058 0.752101
0  0.657808 -2.078928 -10.908072  -0.039076 0.246723 -0.968298  0.947781 0.752101
0  0.652371 -2.044603 -10.899107  -0.077069 0.486583 -0.870228  0.947781 0.753660
no_material
0  0.884040 -2.081295 -10.899107  0.223654 0.438954 -0.870229  0.938334 0.753660
0  0.771111 -2.044603 -10.899107  0.077073 0.486585 -0.870227  0.943058 0.753660
0  0.775371 -2.017705 -10.872210  0.135302 0.854272 -0.501909  0.943058 0.755324
no_material
0  0.868262 -2.112261 -10.908072  0.113399 0.222570 -0.968299  0.938334 0.752101
0  0.765675 -2.078928 -10.908072  0.039079 0.246723 -0.968298  0.943058 0.752101
0  0.771111 -2.044603 -10.899107  0.077073 0.486585 -0.870227  0.943058 0.753660
no_material
0  0.980103 -2.151089 -10.899107  0.348359 0.348348 -0.870229  0.933610 0.753660
0  0.884040 -2.081295 -10.899107  0.223654 0.438954 -0.870229  0.938334 0.753660
0  0.896403 -2.057030 -10.872210  0.392663 0.770649 -0.501913  0.938334 0.755324
no_material
0  0.955529 -2.175663 -10.908072  0.176630 0.176634 -0.968299  0.933610 0.752101
0  0.868262 -2.112261 -10.908072  0.113399 0.222570 -0.968299  0.938334 0.752101
0  0.884040 -2.081295 -10.899107  0.223654 0.438954 -0.870229  0.938334 0.753660
no_material
0  1.049896 -2.247152 -10.899107  0.438943 0.223661 -0.870232  0.928887 0.753660
0  0.980103 -2.151089 -10.899107  0.348359 0.348348 -0.870229  0.933610 0.753660
0  0.999360 -2.131832 -10.872210  0.611587 0.611591 -0.501914  0.933610 0.755324
no_material
0  1.018931 -2.262929 -10.908072  0.222562 0.113405 -0.968300  0.928887 0.752101
0  0.955529 -2.175663 -10.908072  0.176630 0.176634 -0.968299  0.933610 0.752101
0  0.980103 -2.151089 -10.899107  0.348359 0.348348 -0.870229  0.933610 0.753660
no_material
0  1.086589 -2.360080 -10.899107  0.486590 0.077074 -0.870224  0.924164 0.753660
0  1.049896 -2.247152 -10.899107  0.438943 0.223661 -0.870232  0.928887 0.753660
0  1.074161 -2.234788 -10.872210  0.770647 0.392671 -0.501909  0.928887 0.755324
no_material
0  1.052264 -2.365517 -10.908072  0.246733 0.039077 -0.968295  0.924164 0.752101
0  1.018931 -2.262929 -10.908072  0.222562 0.113405 -0.968300  0.928887 0.752101
0  1.049896 -2.247152 -10.899107  0.438943 0.223661 -0.870232  0.928887 0.753660
no_material
0  1.086589 -2.478820 -10.899107  0.486575 -0.077065 -0.870233  0.919439 0.753660
0  1.086589 -2.360080 -10.899107  0.486590 0.077074 -0.870224  0.924164 0.753660
0  1.113487 -2.355820 -10.872210  0.854273 0.135305 -0.501906  0.924164 0.755324
no_material
0  1.052264 -2.473384 -10.908072  0.246702 -0.039077 -0.968303  0.919439 0.752101
0  1.052264 -2.365517 -10.908072  0.246733 0.039077 -0.968295  0.924164 0.752101
0  1.086589 -2.360080 -10.899107  0.486590 0.077074 -0.870224  0.924164 0.753660
no_material
0  1.049896 -2.591749 -10.899107  0.438952 -0.223655 -0.870230  0.914715 0.753660
0  1.086589 -2.478820 -10.899107  0.486575 -0.077065 -0.870233  0.919439 0.753660
0  1.113487 -2.483081 -10.872210  0.854275 -0.135298 -0.501904  0.919439 0.755324
no_material
0  1.018931 -2.575972 -10.908072  0.222575 -0.113408 -0.968297  0.914715 0.752101
0  1.052264 -2.473384 -10.908072  0.246702 -0.039077 -0.968303  0.919439 0.752101
0  1.086589 -2.478820 -10.899107  0.486575 -0.077065 -0.870233  0.919439 0.753660
no_material
0  0.980103 -2.687812 -10.899107  0.348342 -0.348365 -0.870230  0.909992 0.753660
0  1.049896 -2.591749 -10.899107  0.438952 -0.223655 -0.870230  0.914715 0.753660
0  1.074161 -2.604112 -10.872210  0.770644 -0.392668 -0.501916  0.914715 0.755324
no_material
0  0.955529 -2.663237 -10.908072  0.176629 -0.176632 -0.968299  0.909992 0.752101
0  1.018931 -2.575972 -10.908072  0.222575 -0.113408 -0.968297  0.914715 0.752101
0  1.049896 -2.591749 -10.899107  0.438952 -0.223655 -0.870230  0.914715 0.753660
no_material
0  0.884040 -2.757606 -10.899107  0.223645 -0.438955 -0.870231  0.905269 0.753660
0  0.980103 -2.687812 -10.899107  0.348342 -0.348365 -0.870230  0.909992 0.753660
0  0.999360 -2.707068 -10.872210  0.611585 -0.611596 -0.501910  0.909992 0.755324
no_material
0  0.868262 -2.726640 -10.908072  0.113396 -0.222572 -0.968299  0.905269 0.752101
0  0.955529 -2.663237 -10.908072  0.176629 -0.176632 -0.968299  0.909992 0.752101
0  0.980103 -2.687812 -10.899107  0.348342 -0.348365 -0.870230  0.909992 0.753660
no_material
0  0.771111 -2.794298 -10.899107  0.077060 -0.486582 -0.870230  0.900545 0.753660
0  0.884040 -2.757606 -10.899107  0.223645 -0.438955 -0.870231  0.905269 0.753660
0  0.896403 -2.781870 -10.872210  0.392662 -0.770649 -0.501913  0.905269 0.755324
no_material
0  0.765675 -2.759973 -10.908072  0.039071 -0.246721 -0.968298  0.900545 0.752101
0  0.868262 -2.726640 -10.908072  0.113396 -0.222572 -0.968299  0.905269 0.752101
0  0.884040 -2.757606 -10.899107  0.223645 -0.438955 -0.870231  0.905269 0.753660
no_material
0  0.652371 -2.794298 -10.899107  -0.077067 -0.486584 -0.870228  0.990295 0.753660
0  0.771111 -2.794298 -10.899107  0.077060 -0.486582 -0.870230  0.995019 0.753660
0  0.775371 -2.821196 -10.872210  0.135304 -0.854271 -0.501910  0.995019 0.755324
no_material
0  0.657808 -2.759973 -10.908072  -0.039070 -0.246719 -0.968299  0.990295 0.752101
0  0.765675 -2.759973 -10.908072  0.039071 -0.246721 -0.968298  0.995019 0.752101
0  0.771111 -2.794298 -10.899107  0.077060 -0.486582 -0.870230  0.995019 0.753660
no_material
0  0.539442 -2.757606 -10.899107  -0.223657 -0.438955 -0.870227  0.985571 0.753660
0  0.652371 -2.794298 -10.899107  -0.077067 -0.486584 -0.870228  0.990295 0.753660
0  0.648111 -2.821196 -10.872210  -0.135300 -0.854271 -0.501911  0.990295 0.755324
no_material
0  0.555220 -2.726640 -10.908072  -0.113388 -0.222570 -0.968301  0.985571 0.752101
0  0.657808 -2.759973 -10.908072  -0.039070 -0.246719 -0.968299  0.990295 0.752101
0  0.652371 -2.794298 -10.899107  -0.077067 -0.486584 -0.870228  0.990295 0.753660
no_material
0  0.443380 -2.687812 -10.899107  -0.348331 -0.348319 -0.870253  0.980847 0.753660
0  0.539442 -2.757606 -10.899107  -0.223657 -0.438955 -0.870227  0.985571 0.753660
0  0.527079 -2.781870 -10.872210  -0.392668 -0.770648 -0.501909  0.985571 0.755324
no_material
0  0.467954 -2.663237 -10.908072  -0.176648 -0.176633 -0.968296  0.980847 0.752101
0  0.555220 -2.726640 -10.908072  -0.113388 -0.222570 -0.968301  0.985571 0.752101
0  0.539442 -2.757606 -10.899107  -0.223657 -0.438955 -0.870227  0.985571 0.753660
no_material
0  0.373586 -2.591749 -10.899107  -0.438951 -0.223660 -0.870229  0.976124 0.753660
0  0.443380 -2.687812 -10.899107  -0.348331 -0.348319 -0.870253  0.980847 0.753660
0  0.424123 -2.707068 -10.872210  -0.611588 -0.611590 -0.501914  0.980847 0.755324
no_material
0  0.404551 -2.575972 -10.908072  -0.222576 -0.113407 -0.968297  0.976124 0.752101
0  0.467954 -2.663237 -10.908072  -0.176648 -0.176633 -0.968296  0.980847 0.752101
0  0.443380 -2.687812 -10.899107  -0.348331 -0.348319 -0.870253  0.980847 0.753660
no_material
0  0.336893 -2.478820 -10.899107  -0.486572 -0.077091 -0.870232  0.971400 0.753660
0  0.373586 -2.591749 -10.899107  -0.438951 -0.223660 -0.870229  0.976124 0.753660
0  0.349321 -2.604112 -10.872210  -0.770651 -0.392662 -0.501910  0.976124 0.755324
no_material
0  0.371219 -2.473384 -10.908072  -0.246712 -0.039078 -0.968301  0.971400 0.752101
0  0.404551 -2.575972 -10.908072  -0.222576 -0.113407 -0.968297  0.976124 0.752101
0  0.373586 -2.591749 -10.899107  -0.438951 -0.223660 -0.870229  0.976124 0.753660
no_material
0  22.138109 -0.272413 -29.752621  1.000000 0.000000 0.000000  0.642354 0.152865
0  22.138109 -0.272409 12.320708  1.000000 0.000000 0.000000  0.243881 0.152865
0  22.138109 -0.535368 12.320708  1.000000 0.000000 0.000000  0.243881 0.148682
no_material
0  0.021683 -0.272413 -29.752621  -1.000000 0.000000 0.000000  0.240848 0.805905
0  0.021683 -0.272409 12.320708  -1.000000 0.000000 0.000000  0.651317 0.805905
0  0.021683 0.516465 12.320708  -1.000000 0.000000 0.000000  0.651317 0.818094
no_material
0  -0.278703 -0.272409 12.320708  0.000000 1.000000 -0.000000  0.651317 0.801263
0  0.021683 -0.272409 12.320708  0.000000 1.000000 -0.000000  0.651317 0.805905
0  0.021683 -0.272413 -29.752621  0.000000 1.000000 -0.000000  0.240848 0.805905
no_material
0  22.138109 0.516462 -29.752621  0.000000 0.000000 -1.000000  0.000593 0.241429
0  22.138109 -0.272413 -29.752621  0.000000 0.000000 -1.000000  0.000593 0.230614
0  0.021683 -0.272413 -29.752621  0.000000 0.000000 -1.000000  0.243071 0.230614
no_material
0  1.425464 -0.510802 10.916927  0.008749 -0.999923 -0.008749  0.637621 0.768944
0  0.021683 -0.535368 12.320708  0.005831 -0.999966 -0.005831  0.651317 0.790634
0  0.021683 -0.535371 -29.752621  0.005832 -0.999966 0.005832  0.240848 0.790634
no_material
0  20.734329 -0.510802 10.916927  -0.008749 -0.999923 -0.008749  0.600907 0.872863
0  22.138109 -0.535368 12.320708  -0.008749 -0.999923 -0.008749  0.616297 0.892112
0  0.021683 -0.535368 12.320708  0.005831 -0.999966 -0.005831  0.373819 0.892112
no_material
0  20.734329 -0.510805 -28.348839  -0.008749 -0.999923 0.008749  0.629058 0.126345
0  22.138109 -0.535371 -29.752621  -0.008749 -0.999923 0.008749  0.642354 0.148682
0  22.138109 -0.535368 12.320708  -0.008749 -0.999923 -0.008749  0.243881 0.148682
no_material
0  1.425464 -0.510805 -28.348839  0.008749 -0.999923 0.008749  0.227681 0.207759
0  0.021683 -0.535371 -29.752621  0.005832 -0.999966 0.005832  0.243071 0.227008
0  22.138109 -0.535371 -29.752621  -0.008749 -0.999923 0.008749  0.000593 0.227008
no_material
0  20.814533 0.493303 10.997131  -0.008749 0.999923 -0.008749  0.256417 0.186476
0  22.138109 0.516465 12.320708  -0.008749 0.999924 -0.008749  0.243881 0.165416
0  22.138109 0.516462 -29.752621  -0.008749 0.999924 0.008749  0.642354 0.165416
no_material
0  1.345260 0.493303 10.997131  0.008749 0.999923 -0.008749  0.388330 0.924681
0  0.021683 0.516465 12.320708  0.008749 0.999923 -0.008749  0.373819 0.906532
0  22.138109 0.516465 12.320708  -0.008749 0.999924 -0.008749  0.616297 0.906532
no_material
0  1.345260 0.493300 -28.429041  0.008749 0.999923 0.008749  0.253761 0.838549
0  0.021683 0.516462 -29.752621  0.008749 0.999924 0.008749  0.240848 0.818094
0  0.021683 0.516465 12.320708  0.008749 0.999923 -0.008749  0.651317 0.818094
no_material
0  20.814533 0.493300 -28.429041  -0.008749 0.999923 0.008749  0.015104 0.259578
0  22.138109 0.516462 -29.752621  -0.008749 0.999924 0.008749  0.000593 0.241429
0  0.021683 0.516462 -29.752621  0.008749 0.999924 0.008749  0.243071 0.241429
no_material
0  1.425464 -0.535331 10.916927  -1.000000 0.000000 0.000000  0.637621 0.768565
0  1.425464 -0.510802 10.916927  -1.000000 0.000000 0.000000  0.637621 0.768944
0  1.425464 -0.510805 -28.348839  -1.000000 0.000000 0.000000  0.254544 0.768944
no_material
0  20.734329 -0.535331 10.916927  0.000000 0.000000 1.000000  0.600907 0.872526
0  20.734329 -0.510802 10.916927  0.000000 0.000000 1.000000  0.600907 0.872863
0  1.425464 -0.510802 10.916927  0.000000 0.000000 1.000000  0.389210 0.872863
no_material
0  20.734329 -0.535334 -28.348839  1.000000 0.000000 0.000000  0.629058 0.125955
0  20.734329 -0.510805 -28.348839  1.000000 0.000000 0.000000  0.629058 0.126345
0  20.734329 -0.510802 10.916927  1.000000 0.000000 0.000000  0.257176 0.126345
no_material
0  1.425464 -0.535334 -28.348839  0.000000 0.000000 -1.000000  0.227681 0.207423
0  1.425464 -0.510805 -28.348839  0.000000 0.000000 -1.000000  0.227681 0.207759
0  20.734329 -0.510805 -28.348839  0.000000 0.000000 -1.000000  0.015984 0.207759
no_material
0  20.174482 0.188079 10.426576  -0.193097 0.957112 -0.215987  0.261726 0.198087
0  20.734329 0.411683 10.916927  -0.193072 0.957111 -0.216014  0.257080 0.188491
0  20.734329 0.411680 -28.348839  -0.193091 0.957112 0.215991  0.629155 0.188491
no_material
0  1.985311 0.188079 10.426576  0.193097 0.957112 -0.215988  0.395242 0.933814
0  1.425464 0.411683 10.916927  0.193092 0.957112 -0.215991  0.389097 0.926418
0  20.734329 0.411683 10.916927  -0.193072 0.957111 -0.216014  0.601019 0.926418
no_material
0  1.985311 0.188076 -27.858486  0.193067 0.957111 0.216018  0.259230 0.849825
0  1.425464 0.411680 -28.348839  0.193072 0.957111 0.216013  0.254444 0.840505
0  1.425464 0.411683 10.916927  0.193092 0.957112 -0.215991  0.637721 0.840505
no_material
0  20.174482 0.188076 -27.858486  -0.193097 0.957112 0.215988  0.022016 0.268711
0  20.734329 0.411680 -28.348839  -0.193091 0.957112 0.215991  0.015871 0.261315
0  1.425464 0.411680 -28.348839  0.193072 0.957111 0.216013  0.227793 0.261315
no_material
0  1.802480 -0.639611 10.539910  -0.000000 -1.000000 0.000000  0.634071 0.761818
0  1.529745 -0.639611 10.812645  -0.000000 -1.000000 0.000000  0.636733 0.766035
0  1.529745 -0.639614 -28.244560  0.000000 -1.000000 0.000000  0.255432 0.766035
no_material
0  20.357313 -0.639611 10.539910  0.000000 -1.000000 0.000000  0.596914 0.866537
0  20.630049 -0.639611 10.812645  0.000000 -1.000000 0.000000  0.599908 0.870281
0  1.529745 -0.639611 10.812645  -0.000000 -1.000000 0.000000  0.390208 0.870281
no_material
0  20.357313 -0.639614 -27.971823  -0.000000 -1.000000 0.000000  0.625612 0.119009
0  20.630049 -0.639614 -28.244560  -0.000000 -1.000000 0.000000  0.628196 0.123351
0  20.630049 -0.639611 10.812645  0.000000 -1.000000 0.000000  0.258038 0.123351
no_material
0  1.802480 -0.639614 -27.971823  0.000000 -1.000000 0.000000  0.223688 0.201434
0  1.529745 -0.639614 -28.244560  0.000000 -1.000000 0.000000  0.226682 0.205178
0  20.630049 -0.639614 -28.244560  -0.000000 -1.000000 0.000000  0.016982 0.205178
no_material
0  1.935180 -0.273602 -27.864269  0.994156 -0.107950 0.000000  0.258982 0.755214
0  1.935180 -0.273599 10.432355  0.994157 -0.107948 0.000000  0.633183 0.755214
0  1.906760 -0.535331 10.435630  0.994156 -0.107948 0.000000  0.633183 0.759289
no_material
0  1.935180 -0.273599 10.432355  0.000000 -0.012512 -0.999922  0.394201 0.860664
0  20.224611 -0.273599 10.432355  0.000000 -0.012512 -0.999922  0.595915 0.860664
0  20.253033 -0.535331 10.435630  0.000000 -0.012512 -0.999922  0.595915 0.864290
no_material
0  20.224611 -0.273599 10.432355  -0.994157 -0.107943 0.000000  0.261485 0.112209
0  20.224611 -0.273602 -27.864269  -0.994154 -0.107974 0.000000  0.624750 0.112209
0  20.253033 -0.535333 -27.867544  -0.994154 -0.107973 0.000000  0.624750 0.116404
no_material
0  20.224611 -0.273602 -27.864269  0.000000 -0.012512 0.999922  0.020975 0.195561
0  1.935180 -0.273602 -27.864269  0.000000 -0.012512 0.999922  0.222689 0.195561
0  1.906760 -0.535333 -27.867544  0.000000 -0.012512 0.999922  0.222689 0.199187
no_material
0  1.478748 -0.626291 10.863643  -0.265594 -0.926752 0.265687  0.637231 0.766850
0  1.478748 -0.626294 -28.295559  -0.265601 -0.926767 -0.265628  0.254934 0.766850
0  1.529745 -0.639614 -28.244560  -0.128434 -0.983368 -0.128425  0.255432 0.766035
no_material
0  20.681046 -0.626291 10.863643  0.265540 -0.926793 0.265599  0.600468 0.871005
0  1.478748 -0.626291 10.863643  -0.265594 -0.926752 0.265687  0.389648 0.871005
0  1.529745 -0.639611 10.812645  -0.128432 -0.983367 0.128430  0.390208 0.870281
no_material
0  20.681046 -0.626294 -28.295559  0.265580 -0.926766 -0.265655  0.628680 0.124190
0  20.681046 -0.626291 10.863643  0.265540 -0.926793 0.265599  0.257555 0.124190
0  20.630049 -0.639611 10.812645  0.128435 -0.983367 0.128427  0.258038 0.123351
no_material
0  1.478748 -0.626294 -28.295559  -0.265601 -0.926767 -0.265628  0.227242 0.205902
0  20.681046 -0.626294 -28.295559  0.265580 -0.926766 -0.265655  0.016422 0.205902
0  20.630049 -0.639614 -28.244560  0.128431 -0.983368 -0.128427  0.016982 0.205178
no_material
0  1.893440 -0.586328 10.448951  0.867595 -0.497271 0.000002  0.633183 0.760129
0  1.893440 -0.586331 -27.880861  0.867610 -0.497245 -0.000006  0.258982 0.760129
0  1.906760 -0.535333 -27.867544  0.967538 -0.252725 0.000000  0.258982 0.759289
no_material
0  20.266354 -0.586328 10.448951  0.000001 -0.497272 -0.867594  0.595915 0.865037
0  1.893440 -0.586328 10.448951  -0.000001 -0.497254 -0.867605  0.394201 0.865037
0  1.906760 -0.535331 10.435630  0.000000 -0.252727 -0.967538  0.394201 0.864290
no_material
0  20.266354 -0.586331 -27.880861  -0.867584 -0.497290 -0.000006  0.624750 0.117270
0  20.266354 -0.586328 10.448951  -0.867605 -0.497254 0.000001  0.261485 0.117270
0  20.253033 -0.535331 10.435630  -0.967544 -0.252703 0.000000  0.261485 0.116404
no_material
0  1.893440 -0.586331 -27.880861  -0.000001 -0.497249 0.867608  0.222689 0.199934
0  20.266354 -0.586331 -27.880861  0.000001 -0.497232 0.867617  0.020975 0.199934
0  20.253033 -0.535333 -27.867544  0.000000 -0.252659 0.967555  0.020975 0.199187
no_material
0  1.478748 -0.626291 10.863643  -0.265594 -0.926752 0.265687  0.637231 0.766850
0  1.438785 -0.586328 10.903605  -0.867610 -0.497246 -0.000004  0.637621 0.767724
0  1.438785 -0.586331 -28.335516  -0.867601 -0.497260 -0.000001  0.254544 0.767724
no_material
0  1.438785 -0.586328 10.903605  -0.867610 -0.497246 -0.000004  0.637621 0.767724
0  1.425464 -0.535331 10.916927  -0.967538 -0.252727 0.000000  0.637621 0.768565
0  1.425464 -0.535334 -28.348839  -0.967538 -0.252724 0.000000  0.254544 0.768565
no_material
0  20.681046 -0.626291 10.863643  0.265540 -0.926793 0.265599  0.600468 0.871005
0  20.721008 -0.586328 10.903605  -0.000003 -0.497307 0.867575  0.600907 0.871780
0  1.438785 -0.586328 10.903605  0.000003 -0.497266 0.867598  0.389210 0.871780
no_material
0  20.721008 -0.586328 10.903605  -0.000003 -0.497307 0.867575  0.600907 0.871780
0  20.734329 -0.535331 10.916927  0.000000 -0.252744 0.967533  0.600907 0.872526
0  1.425464 -0.535331 10.916927  0.000000 -0.252745 0.967533  0.389210 0.872526
no_material
0  20.681046 -0.626294 -28.295559  0.265580 -0.926766 -0.265655  0.628680 0.124190
0  20.721008 -0.586331 -28.335516  0.867601 -0.497261 -0.000001  0.629058 0.125090
0  20.721008 -0.586328 10.903605  0.867609 -0.497247 -0.000004  0.257176 0.125090
no_material
0  20.721008 -0.586331 -28.335516  0.867601 -0.497261 -0.000001  0.629058 0.125090
0  20.734329 -0.535334 -28.348839  0.967536 -0.252734 0.000000  0.629058 0.125955
0  20.734329 -0.535331 10.916927  0.967539 -0.252721 0.000000  0.257176 0.125955
no_material
0  1.478748 -0.626294 -28.295559  -0.265601 -0.926767 -0.265628  0.227242 0.205902
0  1.438785 -0.586331 -28.335516  0.000005 -0.497247 -0.867609  0.227681 0.206677
0  20.721008 -0.586331 -28.335516  -0.000005 -0.497250 -0.867607  0.015984 0.206677
no_material
0  1.438785 -0.586331 -28.335516  0.000005 -0.497247 -0.867609  0.227681 0.206677
0  1.425464 -0.535334 -28.348839  0.000000 -0.252761 -0.967529  0.227681 0.207423
0  20.734329 -0.535334 -28.348839  0.000000 -0.252761 -0.967529  0.015984 0.207423
no_material
0  1.893440 -0.586328 10.448951  0.867595 -0.497271 0.000002  0.633183 0.760129
0  1.853477 -0.626291 10.488914  0.265592 -0.926780 -0.265592  0.633573 0.761003
0  1.853477 -0.626294 -27.920824  0.265585 -0.926784 0.265585  0.258592 0.761003
no_material
0  1.853477 -0.626291 10.488914  0.265592 -0.926780 -0.265592  0.633573 0.761003
0  1.802480 -0.639611 10.539910  0.128433 -0.983367 -0.128429  0.634071 0.761818
0  1.802480 -0.639614 -27.971823  0.128432 -0.983368 0.128424  0.258094 0.761818
no_material
0  20.266354 -0.586328 10.448951  0.000001 -0.497272 -0.867594  0.595915 0.865037
0  20.306316 -0.626291 10.488914  -0.265586 -0.926783 -0.265588  0.596354 0.865813
0  1.853477 -0.626291 10.488914  0.265592 -0.926780 -0.265592  0.393762 0.865813
no_material
0  20.306316 -0.626291 10.488914  -0.265586 -0.926783 -0.265588  0.596354 0.865813
0  20.357313 -0.639611 10.539910  -0.128437 -0.983367 -0.128429  0.596914 0.866537
0  1.802480 -0.639611 10.539910  0.128433 -0.983367 -0.128429  0.393202 0.866537
no_material
0  20.266354 -0.586331 -27.880861  -0.867584 -0.497290 -0.000006  0.624750 0.117270
0  20.306316 -0.626294 -27.920824  -0.265591 -0.926782 0.265586  0.625128 0.118170
0  20.306316 -0.626291 10.488914  -0.265586 -0.926783 -0.265588  0.261107 0.118170
no_material
0  20.306316 -0.626294 -27.920824  -0.265591 -0.926782 0.265586  0.625128 0.118170
0  20.357313 -0.639614 -27.971823  -0.128430 -0.983368 0.128429  0.625612 0.119009
0  20.357313 -0.639611 10.539910  -0.128437 -0.983367 -0.128429  0.260623 0.119009
no_material
0  1.893440 -0.586331 -27.880861  -0.000001 -0.497249 0.867608  0.222689 0.199934
0  1.853477 -0.626294 -27.920824  0.265585 -0.926784 0.265585  0.223128 0.200710
0  20.306316 -0.626294 -27.920824  -0.265591 -0.926782 0.265586  0.020536 0.200710
no_material
0  1.853477 -0.626294 -27.920824  0.265585 -0.926784 0.265585  0.223128 0.200710
0  1.802480 -0.639614 -27.971823  0.128432 -0.983368 0.128424  0.223688 0.201434
0  20.357313 -0.639614 -27.971823  -0.128430 -0.983368 0.128429  0.019976 0.201434
no_material
0  20.744553 0.451182 10.927149  -0.870335 0.492461 0.000003  0.257080 0.187822
0  20.744553 0.451179 -28.359060  -0.870322 0.492483 -0.000003  0.629155 0.187822
0  20.734329 0.411680 -28.348839  -0.968088 0.250610 -0.000000  0.629155 0.188491
no_material
0  1.415242 0.451182 10.927149  -0.000001 0.492467 -0.870331  0.389097 0.925841
0  20.744553 0.451182 10.927149  -0.000000 0.492466 -0.870332  0.601019 0.925841
0  20.734329 0.411683 10.916927  0.000000 0.250526 -0.968110  0.601019 0.926418
no_material
0  1.415242 0.451179 -28.359060  0.870328 0.492472 -0.000002  0.254444 0.839855
0  1.415242 0.451182 10.927149  0.870332 0.492465 0.000002  0.637721 0.839855
0  1.425464 0.411683 10.916927  0.968109 0.250531 -0.000000  0.637721 0.840505
no_material
0  20.744553 0.451179 -28.359060  -0.000000 0.492461 0.870334  0.015871 0.260738
0  1.415242 0.451179 -28.359060  -0.000001 0.492456 0.870338  0.227793 0.260738
0  1.425464 0.411680 -28.348839  0.000000 0.250525 0.968110  0.227793 0.261315
no_material
0  20.744553 0.451182 10.927149  -0.870335 0.492461 0.000003  0.257080 0.187822
0  20.775219 0.482391 10.957816  -0.271962 0.923081 -0.271954  0.256789 0.187125
0  20.775219 0.482388 -28.389727  -0.271945 0.923086 0.271951  0.629446 0.187125
no_material
0  20.775219 0.482391 10.957816  -0.271962 0.923081 -0.271954  0.256789 0.187125
0  20.814533 0.493303 10.997131  -0.136185 0.981278 -0.136184  0.256417 0.186476
0  20.814533 0.493300 -28.429041  -0.136186 0.981279 0.136178  0.629818 0.186476
no_material
0  1.415242 0.451182 10.927149  -0.000001 0.492467 -0.870331  0.389097 0.925841
0  1.384575 0.482391 10.957816  0.271945 0.923088 -0.271946  0.388761 0.925241
0  20.775219 0.482391 10.957816  -0.271962 0.923081 -0.271954  0.601355 0.925241
no_material
0  1.384575 0.482391 10.957816  0.271945 0.923088 -0.271946  0.388761 0.925241
0  1.345260 0.493303 10.997131  0.136186 0.981279 -0.136178  0.388330 0.924681
0  20.814533 0.493303 10.997131  -0.136185 0.981278 -0.136184  0.601786 0.924681
no_material
0  1.415242 0.451179 -28.359060  0.870328 0.492472 -0.000002  0.254444 0.839855
0  1.384575 0.482388 -28.389727  0.271952 0.923084 0.271953  0.254145 0.839179
0  1.384575 0.482391 10.957816  0.271945 0.923088 -0.271946  0.638020 0.839179
no_material
0  1.384575 0.482388 -28.389727  0.271952 0.923084 0.271953  0.254145 0.839179
0  1.345260 0.493300 -28.429041  0.136180 0.981279 0.136185  0.253761 0.838549
0  1.345260 0.493303 10.997131  0.136186 0.981279 -0.136178  0.638404 0.838549
no_material
0  20.744553 0.451179 -28.359060  -0.000000 0.492461 0.870334  0.015871 0.260738
0  20.775219 0.482388 -28.389727  -0.271945 0.923086 0.271951  0.015535 0.260138
0  1.384575 0.482388 -28.389727  0.271952 0.923084 0.271953  0.228129 0.260138
no_material
0  20.775219 0.482388 -28.389727  -0.271945 0.923086 0.271951  0.015535 0.260138
0  20.814533 0.493300 -28.429041  -0.136186 0.981279 0.136178  0.015104 0.259578
0  1.345260 0.493300 -28.429041  0.136180 0.981279 0.136185  0.228560 0.259578
no_material
0  22.138109 -0.272413 -29.752621  1.000000 0.000000 0.000000  0.642354 0.152865
0  22.138109 0.516462 -29.752621  1.000000 0.000000 0.000000  0.642354 0.165416
0  22.138109 0.516465 12.320708  1.000000 0.000000 0.000000  0.243881 0.165416
no_material
0  22.138109 -0.272409 12.320708  -0.000000 0.000000 1.000000  0.616297 0.895717
0  22.138109 0.516465 12.320708  0.000000 0.000000 1.000000  0.616297 0.906532
0  0.021683 0.516465 12.320708  0.000000 0.000000 1.000000  0.373819 0.906532
no_material
0  -0.393011 -0.386720 -29.752621  -1.000000 0.000000 0.000000  0.240848 0.798520
0  -0.393011 -0.421063 -29.752621  -1.000000 0.000000 0.000000  0.240848 0.797990
0  -0.393011 -0.421060 12.320708  -1.000000 0.000000 0.000000  0.651317 0.797990
no_material
0  -0.278703 -0.535371 -29.752621  0.000000 -1.000000 0.000000  0.240848 0.795276
0  0.021683 -0.535371 -29.752621  0.005832 -0.999966 0.005832  0.240848 0.790634
0  0.021683 -0.535368 12.320708  0.005831 -0.999966 -0.005831  0.651317 0.790634
no_material
0  -0.378409 -0.330816 12.320708  -0.867597 0.497268 -0.000000  0.651317 0.799413
0  -0.378409 -0.330819 -29.752621  -0.867596 0.497270 -0.000000  0.240848 0.799413
0  -0.393011 -0.386720 -29.752621  -0.967539 0.252723 -0.000000  0.240848 0.798520
no_material
0  -0.334604 -0.520766 12.320708  -0.497265 -0.867599 0.000000  0.651317 0.796140
0  -0.334604 -0.520769 -29.752621  -0.497266 -0.867598 0.000000  0.240848 0.796140
0  -0.278703 -0.535371 -29.752621  -0.252727 -0.967538 0.000000  0.240848 0.795276
no_material
0  -0.378409 -0.330816 12.320708  -0.867597 0.497268 -0.000000  0.651317 0.799413
0  -0.334604 -0.287011 12.320708  -0.497266 0.867598 -0.000000  0.651317 0.800370
0  -0.334604 -0.287014 -29.752621  -0.497265 0.867598 -0.000000  0.240848 0.800370
no_material
0  -0.334604 -0.287011 12.320708  -0.497266 0.867598 -0.000000  0.651317 0.800370
0  -0.278703 -0.272409 12.320708  -0.252727 0.967538 -0.000000  0.651317 0.801263
0  -0.278703 -0.272413 -29.752621  -0.252727 0.967538 -0.000000  0.240848 0.801263
no_material
0  -0.334604 -0.520766 12.320708  -0.497265 -0.867599 0.000000  0.651317 0.796140
0  -0.378409 -0.476961 12.320708  -0.867596 -0.497269 0.000000  0.651317 0.797097
0  -0.378409 -0.476964 -29.752621  -0.867597 -0.497269 0.000000  0.240848 0.797097
no_material
0  -0.378409 -0.476961 12.320708  -0.867596 -0.497269 0.000000  0.651317 0.797097
0  -0.393011 -0.421060 12.320708  -0.967539 -0.252723 0.000000  0.651317 0.797990
0  -0.393011 -0.421063 -29.752621  -0.967539 -0.252723 0.000000  0.240848 0.797990
no_material
0  20.202902 -0.073655 -27.861767  0.000000 -0.012533 0.999921  0.020978 0.189553
0  20.174482 0.188076 -27.858486  0.000000 -0.012533 0.999922  0.020978 0.185908
0  1.985311 0.188076 -27.858486  0.000000 -0.012533 0.999922  0.222686 0.185908
no_material
0  20.202902 -0.073653 10.429852  -0.994157 -0.107945 0.000000  0.261485 0.105297
0  20.174482 0.188079 10.426576  -0.994157 -0.107945 0.000000  0.261485 0.101101
0  20.174482 0.188076 -27.858486  -0.994156 -0.107949 0.000000  0.624749 0.101101
no_material
0  1.956891 -0.073653 10.429852  0.000000 -0.012515 -0.999922  0.394204 0.854656
0  1.985311 0.188079 10.426576  0.000000 -0.012515 -0.999922  0.394204 0.851011
0  20.174482 0.188079 10.426576  0.000000 -0.012515 -0.999922  0.595912 0.851011
no_material
0  1.956891 -0.073655 -27.861767  0.994156 -0.107948 0.000000  0.258982 0.748501
0  1.985311 0.188076 -27.858486  0.994157 -0.107948 0.000000  0.258982 0.744425
0  1.985311 0.188079 10.426576  0.994156 -0.107950 0.000000  0.633183 0.744425
no_material
0  1.819703 -0.259606 10.548501  0.994157 -0.107948 0.000000  0.634318 0.753414
0  1.819703 -0.259609 -27.980415  0.994157 -0.107948 0.000000  0.257847 0.753414
0  1.841413 -0.059663 -27.977911  0.994157 -0.107948 0.000000  0.257847 0.750301
no_material
0  20.340090 -0.259606 10.548501  0.000000 -0.012515 -0.999922  0.597189 0.859051
0  1.819703 -0.259606 10.548501  0.000000 -0.012515 -0.999922  0.392928 0.859051
0  1.841413 -0.059660 10.545999  0.000000 -0.012515 -0.999922  0.392928 0.856274
no_material
0  20.340090 -0.259609 -27.980415  -0.994158 -0.107938 0.000000  0.625851 0.110356
0  20.340090 -0.259606 10.548501  -0.994158 -0.107932 0.000000  0.260384 0.110356
0  20.318380 -0.059660 10.545999  -0.994158 -0.107932 0.000000  0.260384 0.107151
no_material
0  1.819703 -0.259609 -27.980415  0.000000 -0.012524 0.999922  0.223963 0.193948
0  20.340090 -0.259609 -27.980415  0.000000 -0.012524 0.999922  0.019702 0.193948
0  20.318380 -0.059663 -27.977911  0.000000 -0.012524 0.999922  0.019702 0.191171
no_material
0  1.841413 -0.059663 -27.977911  -0.060145 -0.996370 -0.060240  0.257847 0.750301
0  1.956891 -0.073655 -27.861767  -0.060437 -0.996370 -0.059949  0.258982 0.748501
0  1.956891 -0.073653 10.429852  -0.060438 -0.996370 0.059948  0.633183 0.748501
no_material
0  1.819703 -0.259606 10.548501  0.060144 0.996370 -0.060240  0.634318 0.753414
0  1.935180 -0.273599 10.432355  0.060438 0.996370 -0.059948  0.633183 0.755214
0  1.935180 -0.273602 -27.864269  0.060437 0.996370 0.059948  0.258982 0.755214
no_material
0  1.841413 -0.059660 10.545999  -0.060145 -0.996370 0.060239  0.392928 0.856274
0  1.956891 -0.073653 10.429852  -0.060438 -0.996370 0.059948  0.394204 0.854656
0  20.202902 -0.073653 10.429852  0.060437 -0.996370 0.059948  0.595912 0.854656
no_material
0  20.340090 -0.259606 10.548501  -0.060145 0.996370 -0.060240  0.597189 0.859051
0  20.224611 -0.273599 10.432355  -0.060437 0.996370 -0.059949  0.595915 0.860664
0  1.935180 -0.273599 10.432355  0.060438 0.996370 -0.059948  0.394201 0.860664
no_material
0  20.318380 -0.059660 10.545999  0.060144 -0.996370 0.060239  0.260384 0.107151
0  20.202902 -0.073653 10.429852  0.060437 -0.996370 0.059948  0.261485 0.105297
0  20.202902 -0.073655 -27.861767  0.060436 -0.996370 -0.059949  0.624749 0.105297
no_material
0  20.340090 -0.259609 -27.980415  -0.060143 0.996370 0.060240  0.625851 0.110356
0  20.224611 -0.273602 -27.864269  -0.060436 0.996370 0.059949  0.624750 0.112209
0  20.224611 -0.273599 10.432355  -0.060437 0.996370 -0.059949  0.261485 0.112209
no_material
0  20.318380 -0.059663 -27.977911  0.060145 -0.996370 -0.060239  0.019702 0.191171
0  20.202902 -0.073655 -27.861767  0.060436 -0.996370 -0.059949  0.020978 0.189553
0  1.956891 -0.073655 -27.861767  -0.060437 -0.996370 -0.059949  0.222686 0.189553
no_material
0  1.819703 -0.259609 -27.980415  0.060145 0.996370 0.060240  0.223963 0.193948
0  1.935180 -0.273602 -27.864269  0.060437 0.996370 0.059948  0.222689 0.195561
0  20.224611 -0.273602 -27.864269  -0.060436 0.996370 0.059949  0.020975 0.195561
no_material
0  1.956891 -0.073655 -27.861767  -0.994156 0.107949 -0.000000  0.746190 0.490095
0  1.935180 -0.273602 -27.864269  -0.994156 0.107949 -0.000000  0.746476 0.490062
0  1.935180 -0.273599 10.432355  -0.994157 0.107948 -0.000000  0.746476 0.995340
no_material
0  1.956891 -0.073653 10.429852  0.000000 0.012519 0.999922  0.746190 0.995307
0  1.935180 -0.273599 10.432355  0.000000 0.012519 0.999922  0.746476 0.995340
0  20.224611 -0.273599 10.432355  0.000000 0.012519 0.999922  0.505169 0.995340
no_material
0  20.202902 -0.073653 10.429852  0.994159 0.107929 -0.000000  0.505455 0.995307
0  20.224611 -0.273599 10.432355  0.994159 0.107929 -0.000000  0.505169 0.995340
0  20.224611 -0.273602 -27.864269  0.994157 0.107947 -0.000000  0.505169 0.490062
no_material
0  20.202902 -0.073655 -27.861767  0.000000 0.012515 -0.999922  0.505455 0.490095
0  20.224611 -0.273602 -27.864269  0.000000 0.012515 -0.999922  0.505169 0.490062
0  1.935180 -0.273602 -27.864269  0.000000 0.012515 -0.999922  0.746476 0.490062
no_material
0  20.202902 -0.073655 -27.861767  0.000000 1.000000 -0.000000  0.505455 0.490095
0  1.956891 -0.073655 -27.861767  0.000000 1.000000 -0.000000  0.746190 0.490095
0  1.956891 -0.073653 10.429852  0.000000 1.000000 -0.000000  0.746190 0.995307
no_material
0  1.935180 -0.273602 -27.864269  0.000000 -1.000000 0.000000  0.754620 0.490062
0  20.224611 -0.273602 -27.864269  0.000000 -1.000000 0.000000  0.995928 0.490062
0  20.224611 -0.273599 10.432355  0.000000 -1.000000 0.000000  0.995928 0.995340
no_material
0  -0.052094 0.801904 12.320708  0.000000 0.000000 1.000000  0.779274 0.493427
0  -0.052094 0.539055 12.320708  0.000000 0.000000 1.000000  0.779274 0.490858
0  0.248292 0.539055 12.320708  0.000004 0.000000 1.000000  0.783911 0.490858
no_material
0  0.248292 0.539055 12.320708  0.000004 0.000000 1.000000  0.783911 0.490858
0  0.304193 0.553657 12.320708  0.000000 0.000000 1.000000  0.784774 0.491000
0  0.347998 0.597462 12.320708  0.000010 0.000000 1.000000  0.785450 0.491429
no_material
0  0.347998 0.597462 12.320708  0.000010 0.000000 1.000000  0.785450 0.491429
0  0.362599 0.653363 12.320708  0.000238 0.000000 1.000000  0.785675 0.491975
0  0.362599 0.687706 12.320708  0.000007 0.000000 1.000000  0.785675 0.492311
no_material
0  0.362599 0.687706 12.320708  0.000007 0.000000 1.000000  0.785675 0.492311
0  0.347998 0.743607 12.320708  -0.000066 0.000000 1.000000  0.785450 0.492857
0  0.304193 0.787412 12.320708  -0.000008 0.000000 1.000000  0.784774 0.493286
no_material
0  0.304193 0.787412 12.320708  -0.000008 0.000000 1.000000  0.784774 0.493286
0  0.248292 0.802014 12.320708  0.000000 0.000000 1.000000  0.783911 0.493428
0  -0.052094 0.801904 12.320708  0.000000 0.000000 1.000000  0.779274 0.493427
no_material
0  -0.052094 0.801904 12.320708  0.000000 0.000000 1.000000  0.779274 0.493427
0  0.248292 0.539055 12.320708  0.000004 0.000000 1.000000  0.783911 0.490858
0  0.347998 0.597462 12.320708  0.000010 0.000000 1.000000  0.785450 0.491429
no_material
0  0.347998 0.597462 12.320708  0.000010 0.000000 1.000000  0.785450 0.491429
0  0.362599 0.687706 12.320708  0.000007 0.000000 1.000000  0.785675 0.492311
0  0.304193 0.787412 12.320708  -0.000008 0.000000 1.000000  0.784774 0.493286
no_material
0  -0.052094 0.539052 -29.752621  0.000001 0.000000 -1.000000  0.779274 0.502333
0  -0.052094 0.801901 -29.752621  0.000003 0.000000 -1.000000  0.779274 0.499764
0  0.248292 0.802010 -29.752621  0.000010 0.000000 -1.000000  0.783911 0.499763
no_material
0  0.248292 0.802010 -29.752621  0.000010 0.000000 -1.000000  0.783911 0.499763
0  0.304193 0.787409 -29.752621  0.000132 0.000000 -1.000000  0.784774 0.499905
0  0.347998 0.743604 -29.752621  -0.000007 0.000000 -1.000000  0.785450 0.500334
no_material
0  0.347998 0.743604 -29.752621  -0.000007 0.000000 -1.000000  0.785450 0.500334
0  0.362599 0.687702 -29.752621  -0.000475 0.000000 -1.000000  0.785675 0.500880
0  0.362599 0.653360 -29.752621  -0.000026 0.000000 -1.000000  0.785675 0.501216
no_material
0  0.362599 0.653360 -29.752621  -0.000026 0.000000 -1.000000  0.785675 0.501216
0  0.347998 0.597459 -29.752621  0.000000 0.000000 -1.000000  0.785450 0.501762
0  0.304193 0.553654 -29.752621  -0.000001 0.000000 -1.000000  0.784774 0.502190
no_material
0  0.304193 0.553654 -29.752621  -0.000001 0.000000 -1.000000  0.784774 0.502190
0  0.248292 0.539052 -29.752621  0.000000 0.000336 -1.000000  0.783911 0.502333
0  -0.052094 0.539052 -29.752621  0.000001 0.000000 -1.000000  0.779274 0.502333
no_material
0  -0.052094 0.539052 -29.752621  0.000001 0.000000 -1.000000  0.779274 0.502333
0  0.248292 0.802010 -29.752621  0.000010 0.000000 -1.000000  0.783911 0.499763
0  0.347998 0.743604 -29.752621  -0.000007 0.000000 -1.000000  0.785450 0.500334
no_material
0  0.347998 0.743604 -29.752621  -0.000007 0.000000 -1.000000  0.785450 0.500334
0  0.362599 0.653360 -29.752621  -0.000026 0.000000 -1.000000  0.785675 0.501216
0  0.304193 0.553654 -29.752621  -0.000001 0.000000 -1.000000  0.784774 0.502190
no_material
0  -22.168520 0.801904 12.320708  0.000000 0.000000 1.000000  0.392567 0.946422
0  -22.168520 -0.249929 12.320708  0.000000 0.000000 1.000000  0.392567 0.960774
0  -0.052094 -0.249929 12.320708  0.000000 0.000000 1.000000  0.148417 0.960774
no_material
0  -0.052094 0.539055 12.320708  0.000000 0.000000 1.000000  0.148417 0.950009
0  -0.052094 0.801904 12.320708  0.000000 0.000000 1.000000  0.148417 0.946422
0  -22.168520 0.801904 12.320708  0.000000 0.000000 1.000000  0.392567 0.946422
no_material
0  -22.168520 0.801901 -29.752621  -0.000000 0.000000 -1.000000  0.597310 0.946901
0  -0.052094 0.801901 -29.752621  0.000003 0.000000 -1.000000  0.841419 0.946901
0  -0.052094 0.539052 -29.752621  0.000001 0.000000 -1.000000  0.841419 0.950487
no_material
0  -0.052094 0.539052 -29.752621  0.000001 0.000000 -1.000000  0.841419 0.950487
0  -0.052094 -0.237684 -29.752621  0.000000 0.000000 -1.000000  0.841419 0.961087
0  -22.168520 -0.249932 -29.752621  -0.000000 0.000000 -1.000000  0.597310 0.961254
no_material
0  -1.924028 0.212020 10.454620  0.999595 -0.028445 0.000000  0.497025 0.995928
0  -1.929731 0.011605 10.446380  0.999595 -0.028445 0.000000  0.496949 0.995819
0  -1.929731 0.011602 -27.878290  0.999595 -0.028442 0.000000  0.496949 0.490170
no_material
0  -1.924028 0.212017 -27.886534  0.000000 -0.041098 -0.999155  0.497025 0.490062
0  -1.929731 0.011602 -27.878290  0.000000 -0.041098 -0.999155  0.496949 0.490170
0  -20.290884 0.011602 -27.878290  0.000000 -0.041098 -0.999155  0.254696 0.490170
no_material
0  -20.296587 0.212017 -27.886534  -0.999596 -0.028437 0.000000  0.254620 0.490062
0  -20.290884 0.011602 -27.878290  -0.999596 -0.028437 0.000000  0.254696 0.490170
0  -20.290884 0.011605 10.446380  -0.999595 -0.028457 0.000000  0.254696 0.995819
no_material
0  -1.929731 0.011605 10.446380  0.000000 -0.041083 0.999156  0.496949 0.995819
0  -1.924028 0.212020 10.454620  0.000000 -0.041083 0.999156  0.497025 0.995928
0  -20.296587 0.212020 10.454620  0.000000 -0.041083 0.999156  0.254620 0.995928
no_material
0  -1.924028 0.212017 -27.886534  0.000000 1.000000 -0.000000  0.004072 0.490062
0  -20.296587 0.212017 -27.886534  0.000000 1.000000 -0.000000  0.246476 0.490062
0  -20.296587 0.212020 10.454620  0.000000 1.000000 -0.000000  0.246476 0.995928
no_material
0  -20.290884 0.011605 10.446380  0.000000 -1.000000 0.000000  0.254696 0.995819
0  -20.290884 0.011602 -27.878290  0.000000 -1.000000 0.000000  0.254696 0.490170
0  -1.929731 0.011602 -27.878290  0.000000 -1.000000 0.000000  0.496949 0.490170
no_material
0  0.347998 0.597459 -29.752621  0.867596 -0.497269 0.000000  0.243494 0.253350
0  0.362599 0.653360 -29.752621  0.967539 -0.252723 0.000000  0.243494 0.252455
0  0.362599 0.653363 12.320708  0.967539 -0.252723 0.000000  0.652628 0.252455
no_material
0  0.304193 0.553654 -29.752621  0.497265 -0.867599 0.000000  0.243494 0.254311
0  0.347998 0.597459 -29.752621  0.867596 -0.497269 0.000000  0.243494 0.253350
0  0.347998 0.597462 12.320708  0.867596 -0.497269 0.000000  0.652628 0.253350
no_material
0  -0.052094 0.539055 12.320708  1.000000 0.000000 0.000000  0.652628 0.259865
0  -0.052094 -0.249929 12.320708  1.000000 0.000000 0.000000  0.652628 0.272003
0  -0.052094 -0.237684 -29.752621  1.000000 0.000000 0.000000  0.243494 0.272003
no_material
0  -22.168520 -0.249932 -29.752621  -1.000000 0.000000 0.000000  0.642125 0.067574
0  -22.168520 -0.249929 12.320708  -1.000000 0.000000 0.000000  0.244440 0.067574
0  -22.168520 0.801904 12.320708  -1.000000 0.000000 0.000000  0.244440 0.050807
no_material
0  -20.774961 0.736621 10.927149  0.000001 0.492473 -0.870328  0.377183 0.927207
0  -20.805630 0.767829 10.957816  0.271957 0.923086 -0.271941  0.377521 0.927804
0  -1.414986 0.767829 10.957816  -0.271950 0.923086 -0.271947  0.163463 0.927804
no_material
0  0.304193 0.787409 -29.752621  0.497266 0.867598 -0.000000  0.243494 0.250066
0  0.248292 0.802010 -29.752621  0.252727 0.967538 -0.000000  0.243494 0.249199
0  0.248292 0.802014 12.320708  0.252727 0.967538 -0.000000  0.652628 0.249199
no_material
0  -1.414986 0.767829 10.957816  -0.271950 0.923086 -0.271947  0.639375 0.223408
0  -1.375672 0.778741 10.997131  -0.136175 0.981280 -0.136181  0.639757 0.224018
0  -1.375672 0.778738 -28.429041  -0.136186 0.981279 0.136176  0.256364 0.224018
no_material
0  0.347998 0.743604 -29.752621  0.867597 0.497268 -0.000000  0.243494 0.251026
0  0.304193 0.787409 -29.752621  0.497266 0.867598 -0.000000  0.243494 0.250066
0  0.304193 0.787412 12.320708  0.497266 0.867598 -0.000000  0.652628 0.250066
no_material
0  -20.805630 0.767829 10.957816  0.271957 0.923086 -0.271941  0.377521 0.927804
0  -20.844942 0.778741 10.997131  0.136187 0.981279 -0.136179  0.377955 0.928361
0  -1.375672 0.778741 10.997131  -0.136175 0.981280 -0.136181  0.163029 0.928361
no_material
0  -1.445653 0.736621 10.927149  -0.870329 0.492471 0.000002  0.639076 0.222730
0  -1.414986 0.767829 10.957816  -0.271950 0.923086 -0.271947  0.639375 0.223408
0  -1.414986 0.767826 -28.389727  -0.271947 0.923087 0.271947  0.256747 0.223408
no_material
0  -1.455875 -0.225366 -28.348839  -0.006404 -0.999959 0.006472  0.257144 0.293771
0  -0.052094 -0.237684 -29.752621  -0.006443 -0.999958 0.006515  0.243494 0.272003
0  -0.052094 -0.249929 12.320708  -0.006608 -0.999939 -0.008823  0.652628 0.272003
no_material
0  -20.764738 -0.225366 -28.348839  0.008902 -0.999938 0.006641  0.612813 0.980402
0  -22.168520 -0.249932 -29.752621  0.008897 -0.999939 0.006567  0.597310 0.961254
0  -0.052094 -0.237684 -29.752621  -0.006443 -0.999958 0.006515  0.841419 0.961087
no_material
0  -20.764738 -0.225363 10.916927  0.008749 -0.999923 -0.008749  0.257709 0.089955
0  -22.168520 -0.249929 12.320708  0.008749 -0.999924 -0.008749  0.244440 0.067574
0  -22.168520 -0.249932 -29.752621  0.008897 -0.999939 0.006567  0.642125 0.067574
no_material
0  -1.455875 -0.225363 10.916927  -0.006603 -0.999939 -0.008823  0.163914 0.979930
0  -0.052094 -0.249929 12.320708  -0.006608 -0.999939 -0.008823  0.148417 0.960774
0  -22.168520 -0.249929 12.320708  0.008749 -0.999924 -0.008749  0.392567 0.960774
no_material
0  -20.844942 0.778738 -28.429041  0.008749 0.999923 0.008749  0.629614 0.029704
0  -22.168520 0.801901 -29.752621  0.008749 0.999923 0.008749  0.642125 0.050807
0  -22.168520 0.801904 12.320708  0.008749 0.999923 -0.008749  0.244440 0.050807
no_material
0  -1.375672 0.778738 -28.429041  -0.008749 0.999923 0.008749  0.826810 0.928836
0  -0.052094 0.801901 -29.752621  -0.005916 0.999966 0.005793  0.841419 0.946901
0  -22.168520 0.801901 -29.752621  0.008749 0.999923 0.008749  0.597310 0.946901
no_material
0  -1.375672 0.778741 10.997131  -0.008749 0.999923 -0.008750  0.639757 0.224018
0  -0.052094 0.801904 12.320708  -0.005883 0.999966 -0.005758  0.652628 0.244541
0  -0.052094 0.801901 -29.752621  -0.005916 0.999966 0.005793  0.243494 0.244541
no_material
0  -20.844942 0.778741 10.997131  0.008749 0.999923 -0.008749  0.377955 0.928361
0  -22.168520 0.801904 12.320708  0.008749 0.999923 -0.008749  0.392567 0.946422
0  -0.052094 0.801904 12.320708  -0.005883 0.999966 -0.005758  0.148417 0.946422
no_material
0  -1.455875 -0.249895 -28.348839  1.000000 0.000000 0.000000  0.257144 0.294151
0  -1.455875 -0.225366 -28.348839  1.000000 0.000000 0.000000  0.257144 0.293771
0  -1.455875 -0.225363 10.916927  1.000000 0.000000 0.000000  0.638977 0.293771
no_material
0  -20.764738 -0.249895 -28.348839  0.000000 0.000000 -1.000000  0.612813 0.980737
0  -20.764738 -0.225366 -28.348839  0.000000 0.000000 -1.000000  0.612813 0.980402
0  -1.455875 -0.225366 -28.348839  0.000000 0.000000 -1.000000  0.825933 0.980256
no_material
0  -20.764738 -0.249892 10.916927  -1.000000 0.000000 0.000000  0.257709 0.090346
0  -20.764738 -0.225363 10.916927  -1.000000 0.000000 0.000000  0.257709 0.089955
0  -20.764738 -0.225366 -28.348839  -1.000000 0.000000 0.000000  0.628856 0.089955
no_material
0  -1.455875 -0.249892 10.916927  0.000000 0.000000 1.000000  0.163914 0.980264
0  -1.455875 -0.225363 10.916927  0.000000 0.000000 1.000000  0.163914 0.979930
0  -20.764738 -0.225363 10.916927  0.000000 0.000000 1.000000  0.377070 0.979930
no_material
0  -20.304028 0.473515 -27.897282  0.229669 0.944833 0.233543  0.624682 0.019518
0  -20.764738 0.697119 -28.348839  0.229747 0.944834 0.233464  0.628953 0.027686
0  -20.764738 0.697122 10.916927  0.229778 0.944834 -0.233432  0.257612 0.027686
no_material
0  -1.916587 0.473515 -27.897282  -0.229668 0.944834 0.233543  0.820947 0.920225
0  -1.455875 0.697119 -28.348839  -0.229777 0.944834 0.233431  0.826038 0.927108
0  -20.764738 0.697119 -28.348839  0.229747 0.944834 0.233464  0.612691 0.927108
no_material
0  -1.916587 0.473518 10.465370  -0.229727 0.944834 -0.233482  0.634683 0.214133
0  -1.455875 0.697122 10.916927  -0.229716 0.944834 -0.233494  0.639076 0.222078
0  -1.455875 0.697119 -28.348839  -0.229777 0.944834 0.233431  0.257045 0.222078
no_material
0  -20.304028 0.473518 10.465370  0.229639 0.944833 -0.233573  0.372092 0.919751
0  -20.764738 0.697122 10.916927  0.229778 0.944834 -0.233432  0.377183 0.926633
0  -1.455875 0.697122 10.916927  -0.229716 0.944834 -0.233494  0.163801 0.926633
no_material
0  -1.832891 -0.354176 -27.971823  -0.000000 -1.000000 0.000000  0.260683 0.300921
0  -1.560156 -0.354176 -28.244560  -0.000000 -1.000000 0.000000  0.258029 0.296689
0  -1.560156 -0.354173 10.812645  -0.000000 -1.000000 0.000000  0.638092 0.296689
no_material
0  -20.387724 -0.354176 -27.971823  0.000000 -1.000000 0.000000  0.616835 0.986696
0  -20.660458 -0.354176 -28.244560  0.000000 -1.000000 0.000000  0.613819 0.982971
0  -1.560156 -0.354176 -28.244560  -0.000000 -1.000000 0.000000  0.824929 0.982827
no_material
0  -20.387724 -0.354173 10.539910  0.000000 -1.000000 0.000000  0.261149 0.097305
0  -20.660458 -0.354173 10.812645  0.000000 -1.000000 0.000000  0.258569 0.092955
0  -20.660458 -0.354176 -28.244560  0.000000 -1.000000 0.000000  0.627996 0.092955
no_material
0  -1.832891 -0.354173 10.539910  -0.000000 -1.000000 0.000000  0.167934 0.986225
0  -1.560156 -0.354173 10.812645  -0.000000 -1.000000 0.000000  0.164919 0.982499
0  -20.660458 -0.354173 10.812645  0.000000 -1.000000 0.000000  0.376064 0.982499
no_material
0  -1.929731 0.011605 10.446380  -0.999595 0.028443 -0.000000  0.634682 0.203340
0  -1.929731 0.011602 -27.878290  -0.999595 0.028446 -0.000000  0.261439 0.203340
0  -1.937172 -0.249895 -27.867544  -0.999595 0.028446 -0.000000  0.261439 0.199273
no_material
0  -1.929731 0.011602 -27.878290  0.000000 0.041059 0.999157  0.820946 0.910720
0  -20.290884 0.011602 -27.878290  0.000000 0.041059 0.999157  0.617782 0.910720
0  -20.283443 -0.249895 -27.867544  0.000000 0.041059 0.999157  0.617782 0.907137
no_material
0  -20.290884 0.011602 -27.878290  0.999596 0.028434 -0.000000  0.624682 0.008422
0  -20.290884 0.011605 10.446380  0.999595 0.028453 -0.000000  0.261883 0.008422
0  -20.283443 -0.249892 10.435630  0.999595 0.028453 -0.000000  0.261883 0.004241
no_material
0  -1.916587 0.473518 10.465370  0.000000 0.041074 -0.999156  0.168892 0.919751
0  -1.924028 0.212020 10.454620  0.000000 0.041074 -0.999156  0.168892 0.916173
0  -20.296587 0.212020 10.454620  0.000000 0.041074 -0.999156  0.372092 0.916173
no_material
0  -1.509159 -0.340855 -28.295559  0.265558 -0.926787 -0.265603  0.257533 0.295871
0  -1.509159 -0.340852 10.863643  0.265574 -0.926796 0.265556  0.638588 0.295871
0  -1.560156 -0.354173 10.812645  0.128433 -0.983367 0.128428  0.638092 0.296689
no_material
0  -20.711454 -0.340855 -28.295559  -0.265555 -0.926790 -0.265596  0.613255 0.982251
0  -1.509159 -0.340855 -28.295559  0.265558 -0.926787 -0.265603  0.825493 0.982106
0  -1.560156 -0.354176 -28.244560  0.128432 -0.983368 -0.128426  0.824929 0.982827
no_material
0  -20.711454 -0.340852 10.863643  -0.265560 -0.926795 0.265574  0.258087 0.092114
0  -20.711454 -0.340855 -28.295559  -0.265555 -0.926790 -0.265596  0.628478 0.092114
0  -20.660458 -0.354176 -28.244560  -0.128426 -0.983369 -0.128424  0.627996 0.092955
no_material
0  -1.509159 -0.340852 10.863643  0.265574 -0.926796 0.265556  0.164356 0.981779
0  -20.711454 -0.340852 10.863643  -0.265560 -0.926795 0.265574  0.376628 0.981779
0  -20.660458 -0.354173 10.812645  -0.128439 -0.983366 0.128429  0.376064 0.982499
no_material
0  -1.923851 -0.300893 -27.880861  -0.867597 -0.497269 -0.000006  0.261568 0.302616
0  -1.923851 -0.300890 10.448951  -0.867608 -0.497249 0.000001  0.634553 0.302616
0  -1.937172 -0.249892 10.435630  -0.967538 -0.252725 0.000000  0.634553 0.303460
no_material
0  -20.296764 -0.300893 -27.880861  -0.000001 -0.497248 0.867608  0.617841 0.988188
0  -1.923851 -0.300893 -27.880861  0.000001 -0.497232 0.867618  0.820912 0.988049
0  -1.937172 -0.249895 -27.867544  0.000000 -0.252659 0.967555  0.820912 0.988792
no_material
0  -20.296764 -0.300890 10.448951  0.867608 -0.497249 0.000002  0.262009 0.099048
0  -20.296764 -0.300893 -27.880861  0.867600 -0.497263 -0.000006  0.624556 0.099048
0  -20.283443 -0.249895 -27.867544  0.967534 -0.252739 0.000000  0.624556 0.099915
no_material
0  -1.923851 -0.300890 10.448951  0.000001 -0.497272 -0.867595  0.168940 0.987718
0  -20.296764 -0.300890 10.448951  -0.000002 -0.497254 -0.867605  0.372044 0.987718
0  -20.283443 -0.249892 10.435630  0.000000 -0.252727 -0.967538  0.372044 0.988461
no_material
0  -1.509159 -0.340855 -28.295559  0.265558 -0.926787 -0.265603  0.257533 0.295871
0  -1.469196 -0.300893 -28.335516  0.867605 -0.497255 -0.000001  0.257144 0.294994
0  -1.469196 -0.300890 10.903605  0.867600 -0.497263 -0.000003  0.638977 0.294994
no_material
0  -1.469196 -0.300893 -28.335516  0.867605 -0.497255 -0.000001  0.257144 0.294994
0  -1.455875 -0.249895 -28.348839  0.967539 -0.252724 0.000000  0.257144 0.294151
0  -1.455875 -0.249892 10.916927  0.967536 -0.252734 0.000000  0.638977 0.294151
no_material
0  -20.711454 -0.340855 -28.295559  -0.265555 -0.926790 -0.265596  0.613255 0.982251
0  -20.751419 -0.300893 -28.335516  0.000006 -0.497247 -0.867609  0.612813 0.981479
0  -1.469196 -0.300893 -28.335516  -0.000005 -0.497252 -0.867606  0.825934 0.981333
no_material
0  -20.751419 -0.300893 -28.335516  0.000006 -0.497247 -0.867609  0.612813 0.981479
0  -20.764738 -0.249895 -28.348839  0.000000 -0.252761 -0.967529  0.612813 0.980737
0  -1.455875 -0.249895 -28.348839  0.000000 -0.252761 -0.967529  0.825934 0.980591
no_material
0  -20.711454 -0.340852 10.863643  -0.265560 -0.926795 0.265574  0.258087 0.092114
0  -20.751419 -0.300890 10.903605  -0.867644 -0.497186 -0.000004  0.257709 0.091213
0  -20.751419 -0.300893 -28.335516  -0.867599 -0.497264 -0.000002  0.628856 0.091213
no_material
0  -20.751419 -0.300890 10.903605  -0.867644 -0.497186 -0.000004  0.257709 0.091213
0  -20.764738 -0.249892 10.916927  -0.967565 -0.252624 0.000000  0.257709 0.090346
0  -20.764738 -0.249895 -28.348839  -0.967539 -0.252723 0.000000  0.628856 0.090346
no_material
0  -1.509159 -0.340852 10.863643  0.265574 -0.926796 0.265556  0.164356 0.981779
0  -1.469196 -0.300890 10.903605  -0.000003 -0.497262 0.867600  0.163914 0.981007
0  -20.751419 -0.300890 10.903605  0.000004 -0.497265 0.867599  0.377070 0.981007
no_material
0  -1.469196 -0.300890 10.903605  -0.000003 -0.497262 0.867600  0.163914 0.981007
0  -1.455875 -0.249892 10.916927  0.000000 -0.252744 0.967533  0.163914 0.980264
0  -20.764738 -0.249892 10.916927  0.000000 -0.252744 0.967533  0.377070 0.980264
no_material
0  -1.923851 -0.300893 -27.880861  -0.867597 -0.497269 -0.000006  0.261568 0.302616
0  -1.883889 -0.340855 -27.920824  -0.265593 -0.926781 0.265587  0.261180 0.301739
0  -1.883889 -0.340852 10.488914  -0.265585 -0.926783 -0.265589  0.634942 0.301739
no_material
0  -1.883889 -0.340855 -27.920824  -0.265593 -0.926781 0.265587  0.261180 0.301739
0  -1.832891 -0.354176 -27.971823  -0.128426 -0.983368 0.128430  0.260683 0.300921
0  -1.832891 -0.354173 10.539910  -0.128435 -0.983367 -0.128426  0.635438 0.300921
no_material
0  -20.296764 -0.300893 -27.880861  -0.000001 -0.497248 0.867608  0.617841 0.988188
0  -20.336725 -0.340855 -27.920824  0.265577 -0.926786 0.265588  0.617399 0.987416
0  -1.883889 -0.340855 -27.920824  -0.265593 -0.926781 0.265587  0.821353 0.987276
no_material
0  -20.336725 -0.340855 -27.920824  0.265577 -0.926786 0.265588  0.617399 0.987416
0  -20.387724 -0.354176 -27.971823  0.128430 -0.983368 0.128423  0.616835 0.986696
0  -1.832891 -0.354176 -27.971823  -0.128426 -0.983368 0.128430  0.821916 0.986556
no_material
0  -20.296764 -0.300890 10.448951  0.867608 -0.497249 0.000002  0.262009 0.099048
0  -20.336725 -0.340852 10.488914  0.265586 -0.926781 -0.265595  0.261631 0.098146
0  -20.336725 -0.340855 -27.920824  0.265577 -0.926786 0.265588  0.624934 0.098146
no_material
0  -20.336725 -0.340852 10.488914  0.265586 -0.926781 -0.265595  0.261631 0.098146
0  -20.387724 -0.354173 10.539910  0.128421 -0.983369 -0.128427  0.261149 0.097305
0  -20.387724 -0.354176 -27.971823  0.128430 -0.983368 0.128423  0.625416 0.097305
no_material
0  -1.923851 -0.300890 10.448951  0.000001 -0.497272 -0.867595  0.168940 0.987718
0  -1.883889 -0.340852 10.488914  -0.265585 -0.926783 -0.265589  0.168498 0.986945
0  -20.336725 -0.340852 10.488914  0.265586 -0.926781 -0.265595  0.372486 0.986945
no_material
0  -1.883889 -0.340852 10.488914  -0.265585 -0.926783 -0.265589  0.168498 0.986945
0  -1.832891 -0.354173 10.539910  -0.128435 -0.983367 -0.128426  0.167934 0.986225
0  -20.387724 -0.354173 10.539910  0.128421 -0.983369 -0.128427  0.373049 0.986225
no_material
0  -20.774961 0.736618 -28.359060  0.870304 0.492514 -0.000003  0.628953 0.028357
0  -20.774961 0.736621 10.927149  0.870333 0.492463 0.000003  0.257612 0.028357
0  -20.764738 0.697122 10.916927  0.968090 0.250604 -0.000000  0.257612 0.027686
no_material
0  -1.445653 0.736618 -28.359060  0.000002 0.492458 0.870336  0.826038 0.927683
0  -20.774961 0.736618 -28.359060  0.000001 0.492459 0.870336  0.612691 0.927683
0  -20.764738 0.697119 -28.348839  0.000000 0.250526 0.968110  0.612691 0.927108
no_material
0  -1.445653 0.736621 10.927149  -0.870329 0.492471 0.000002  0.639076 0.222730
0  -1.445653 0.736618 -28.359060  -0.870333 0.492463 -0.000002  0.257045 0.222730
0  -1.455875 0.697119 -28.348839  -0.968109 0.250528 -0.000000  0.257045 0.222078
no_material
0  -20.774961 0.736621 10.927149  0.000001 0.492473 -0.870328  0.377183 0.927207
0  -1.445653 0.736621 10.927149  0.000002 0.492463 -0.870334  0.163801 0.927207
0  -1.455875 0.697122 10.916927  0.000000 0.250525 -0.968110  0.163801 0.926633
no_material
0  -20.774961 0.736618 -28.359060  0.870304 0.492514 -0.000003  0.628953 0.028357
0  -20.805630 0.767826 -28.389727  0.271955 0.923085 0.271946  0.629242 0.029054
0  -20.805630 0.767829 10.957816  0.271957 0.923086 -0.271941  0.257322 0.029054
no_material
0  -20.805630 0.767826 -28.389727  0.271955 0.923085 0.271946  0.629242 0.029054
0  -20.844942 0.778738 -28.429041  0.136186 0.981279 0.136182  0.629614 0.029704
0  -20.844942 0.778741 10.997131  0.136187 0.981279 -0.136179  0.256950 0.029704
no_material
0  -1.445653 0.736618 -28.359060  0.000002 0.492458 0.870336  0.826038 0.927683
0  -1.414986 0.767826 -28.389727  -0.271947 0.923087 0.271947  0.826376 0.928280
0  -20.805630 0.767826 -28.389727  0.271955 0.923085 0.271946  0.612352 0.928280
no_material
0  -1.414986 0.767826 -28.389727  -0.271947 0.923087 0.271947  0.826376 0.928280
0  -1.375672 0.778738 -28.429041  -0.136186 0.981279 0.136176  0.826810 0.928836
0  -20.844942 0.778738 -28.429041  0.136186 0.981279 0.136182  0.611919 0.928836
no_material
0  0.248292 0.802010 -29.752621  -0.000364 1.000000 -0.000000  0.243494 0.249199
0  -0.052094 0.801901 -29.752621  -0.005916 0.999966 0.005793  0.243494 0.244541
0  -0.052094 0.801904 12.320708  -0.005883 0.999966 -0.005758  0.652628 0.244541
no_material
0  0.362599 0.687706 12.320708  1.000000 0.000000 0.000000  0.652628 0.251922
0  0.362599 0.653363 12.320708  1.000000 0.000000 0.000000  0.652628 0.252455
0  0.362599 0.653360 -29.752621  1.000000 0.000000 0.000000  0.243494 0.252455
no_material
0  0.248292 0.539055 12.320708  0.000000 -1.000000 0.000000  0.652628 0.255207
0  -0.052094 0.539055 12.320708  0.000000 -1.000000 0.000000  0.652628 0.259865
0  -0.052094 0.539052 -29.752621  0.000000 -1.000000 0.000000  0.243494 0.259865
no_material
0  0.347998 0.743604 -29.752621  0.867597 0.497268 -0.000000  0.243494 0.251026
0  0.347998 0.743607 12.320708  0.867596 0.497270 -0.000000  0.652628 0.251026
0  0.362599 0.687706 12.320708  0.967539 0.252723 -0.000000  0.652628 0.251922
no_material
0  0.304193 0.553654 -29.752621  0.497265 -0.867599 0.000000  0.243494 0.254311
0  0.304193 0.553657 12.320708  0.497266 -0.867598 0.000000  0.652628 0.254311
0  0.248292 0.539055 12.320708  0.252727 -0.967538 0.000000  0.652628 0.255207
no_material
0  -20.296587 0.212017 -27.886534  0.999596 0.028426 -0.000000  0.624682 0.015341
0  -20.304028 0.473515 -27.897282  0.999596 0.028426 -0.000000  0.624682 0.019518
0  -20.304028 0.473518 10.465370  0.999595 0.028449 -0.000000  0.261882 0.019518
no_material
0  -1.929731 0.011605 10.446380  0.000000 0.041074 -0.999156  0.168893 0.910247
0  -1.937172 -0.249892 10.435630  0.000000 0.041074 -0.999156  0.168893 0.906665
0  -20.283443 -0.249892 10.435630  0.000000 0.041074 -0.999156  0.372091 0.906665
no_material
0  -1.924028 0.212020 10.454620  -0.999595 0.028441 -0.000000  0.634683 0.210070
0  -1.916587 0.473518 10.465370  -0.999595 0.028441 -0.000000  0.634683 0.214133
0  -1.916587 0.473515 -27.897282  -0.999595 0.028442 -0.000000  0.261438 0.214133
no_material
0  -1.924028 0.212017 -27.886534  0.000000 0.041067 0.999156  0.820947 0.916647
0  -1.916587 0.473515 -27.897282  0.000000 0.041067 0.999156  0.820947 0.920225
0  -20.304028 0.473515 -27.897282  0.000000 0.041067 0.999156  0.617781 0.920225
no_material
0  -1.813600 0.003526 -27.994375  -0.999595 0.028443 -0.000000  0.260308 0.205147
0  -1.813600 0.003529 10.562460  -0.999595 0.028440 -0.000000  0.635813 0.205147
0  -1.807898 0.203944 10.570700  -0.999595 0.028440 -0.000000  0.635813 0.208263
no_material
0  -20.407015 0.003526 -27.994375  0.000000 0.041069 0.999156  0.616497 0.912312
0  -1.813600 0.003526 -27.994375  0.000000 0.041069 0.999156  0.822231 0.912312
0  -1.807898 0.203941 -28.002613  0.000000 0.041069 0.999156  0.822231 0.915056
no_material
0  -20.407015 0.003529 10.562460  0.999596 0.028427 -0.000000  0.260784 0.010280
0  -20.407015 0.003526 -27.994375  0.999595 0.028444 -0.000000  0.625781 0.010280
0  -20.412716 0.203941 -28.002613  0.999595 0.028444 -0.000000  0.625781 0.013484
no_material
0  -20.412716 0.203944 10.570700  0.000000 0.041079 -0.999156  0.373376 0.914583
0  -1.807898 0.203944 10.570700  0.000000 0.041079 -0.999156  0.167608 0.914583
0  -1.813600 0.003529 10.562460  0.000000 0.041079 -0.999156  0.167608 0.911839
no_material
0  -1.807898 0.203944 10.570700  -0.034742 -0.998792 -0.034738  0.635813 0.208263
0  -1.924028 0.212020 10.454620  -0.034729 -0.998792 -0.034751  0.634683 0.210070
0  -1.924028 0.212017 -27.886534  -0.034729 -0.998792 0.034751  0.261438 0.210070
no_material
0  -1.813600 0.003526 -27.994375  0.034741 0.998793 -0.034737  0.260308 0.205147
0  -1.929731 0.011602 -27.878290  0.034729 0.998792 -0.034749  0.261439 0.203340
0  -1.929731 0.011605 10.446380  0.034729 0.998792 0.034750  0.634682 0.203340
no_material
0  -1.807898 0.203941 -28.002613  -0.034742 -0.998792 0.034738  0.822231 0.915056
0  -1.924028 0.212017 -27.886534  -0.034729 -0.998792 0.034751  0.820947 0.916647
0  -20.296587 0.212017 -27.886534  0.034729 -0.998792 0.034751  0.617781 0.916647
no_material
0  -20.407015 0.003526 -27.994375  -0.034741 0.998792 -0.034737  0.616497 0.912312
0  -20.290884 0.011602 -27.878290  -0.034730 0.998792 -0.034749  0.617782 0.910720
0  -1.929731 0.011602 -27.878290  0.034729 0.998792 -0.034749  0.820946 0.910720
no_material
0  -20.412716 0.203941 -28.002613  0.034741 -0.998792 0.034739  0.625781 0.013484
0  -20.296587 0.212017 -27.886534  0.034729 -0.998792 0.034751  0.624682 0.015341
0  -20.296587 0.212020 10.454620  0.034731 -0.998792 -0.034751  0.261882 0.015341
no_material
0  -20.407015 0.003529 10.562460  -0.034741 0.998792 0.034738  0.260784 0.010280
0  -20.290884 0.011605 10.446380  -0.034729 0.998792 0.034750  0.261883 0.008422
0  -20.290884 0.011602 -27.878290  -0.034730 0.998792 -0.034749  0.624682 0.008422
no_material
0  -1.813600 0.003529 10.562460  0.034742 0.998792 0.034737  0.167608 0.911839
0  -1.929731 0.011605 10.446380  0.034729 0.998792 0.034750  0.168893 0.910247
0  -20.290884 0.011605 10.446380  -0.034729 0.998792 0.034750  0.372091 0.910247
no_material
0  -20.412716 0.203944 10.570700  0.034743 -0.998792 -0.034738  0.373376 0.914583
0  -20.296587 0.212020 10.454620  0.034731 -0.998792 -0.034751  0.372092 0.916173
0  -1.924028 0.212020 10.454620  -0.034729 -0.998792 -0.034751  0.168892 0.916173
end
