version 1
nodes
0 "Implicit" -1
end
skeleton
time 0
0  0.000000 0.000000 0.000000  0.000000 0.000000 0.000000
end
triangles
chess_set_pieces_black
0  -0.000568 0.123253 0.343550  0.000392 0.897624 0.440762  0.988195 0.282752
0  0.033291 0.104216 0.379108  0.293457 0.910442 0.291511  0.980631 0.276069
0  0.037533 0.117300 0.343585  0.274967 0.854891 0.439948  0.987926 0.275577
chess_set_pieces_black
0  0.037533 0.117300 0.343585  0.274967 0.854891 0.439948  0.987926 0.275577
0  0.063908 0.088762 0.379158  0.558165 0.776397 0.292675  0.980055 0.269303
0  0.072025 0.099943 0.343673  0.524286 0.729841 0.438699  0.987311 0.268419
chess_set_pieces_black
0  0.072025 0.099943 0.343673  0.524286 0.729841 0.438699  0.987311 0.268419
0  0.088339 0.064613 0.379224  0.770046 0.566589 0.293268  0.979134 0.262595
0  0.099516 0.072727 0.343764  0.724133 0.532652 0.438080  0.986295 0.261339
chess_set_pieces_black
0  0.099516 0.072727 0.343764  0.724133 0.532652 0.438080  0.986295 0.261339
0  0.104125 0.034036 0.379276  0.907540 0.300646 0.293228  0.977874 0.255970
0  0.117232 0.038291 0.343846  0.853017 0.282778 0.438634  0.984915 0.254349
chess_set_pieces_black
0  0.117232 0.038291 0.343846  0.853017 0.282778 0.438634  0.984915 0.254349
0  0.109697 0.000027 0.379327  0.956106 0.005899 0.292961  0.976275 0.249440
0  0.123443 0.000026 0.343985  0.898230 0.005503 0.439492  0.983163 0.247463
chess_set_pieces_black
0  0.123443 0.000026 0.343985  0.898230 0.005503 0.439492  0.983163 0.247463
0  0.104494 -0.034093 0.379381  0.911685 -0.288382 0.292688  0.974342 0.243023
0  0.117548 -0.038335 0.344095  0.856431 -0.271565 0.439065  0.981046 0.240706
chess_set_pieces_black
0  0.117548 -0.038335 0.344095  0.856431 -0.271565 0.439065  0.981046 0.240706
0  0.089031 -0.065078 0.379472  0.778723 -0.554797 0.292902  0.971994 0.236795
0  0.100132 -0.073147 0.344188  0.732162 -0.522748 0.436663  0.978556 0.234074
chess_set_pieces_black
0  0.100132 -0.073147 0.344188  0.732162 -0.522748 0.436663  0.978556 0.234074
0  0.064741 -0.089829 0.379584  0.568879 -0.768357 0.293264  0.969352 0.230751
0  0.072777 -0.100895 0.344310  0.535242 -0.725676 0.432330  0.975610 0.227646
chess_set_pieces_black
0  0.072777 -0.100895 0.344310  0.535242 -0.725676 0.432330  0.975610 0.227646
0  0.033886 -0.105860 0.379679  0.300920 -0.907372 0.293466  0.966313 0.225066
0  0.038135 -0.118863 0.344347  0.283335 -0.858545 0.427342  0.972173 0.221475
chess_set_pieces_black
0  0.038135 -0.118863 0.344347  0.283335 -0.858545 0.427342  0.972173 0.221475
0  -0.000571 -0.111478 0.379729  0.002689 -0.956015 0.293306  0.962962 0.219793
0  -0.000574 -0.125118 0.344384  0.001737 -0.905634 0.424056  0.968183 0.215828
chess_set_pieces_black
0  -0.000574 -0.125118 0.344384  0.001737 -0.905634 0.424056  0.968951 0.351371
0  -0.035016 -0.106080 0.379744  -0.296247 -0.909153 0.292709  0.966999 0.341803
0  -0.039211 -0.118976 0.344363  -0.281141 -0.861433 0.422956  0.973055 0.345504
chess_set_pieces_black
0  -0.039211 -0.118976 0.344363  -0.281141 -0.861433 0.422956  0.973055 0.345504
0  -0.066133 -0.090176 0.379722  -0.564864 -0.771857 0.291830  0.970071 0.335895
0  -0.074057 -0.101085 0.344307  -0.535585 -0.730893 0.423017  0.976560 0.339084
chess_set_pieces_black
0  -0.074057 -0.101085 0.344307  -0.535585 -0.730893 0.423017  0.976560 0.339084
0  -0.090660 -0.065419 0.379663  -0.777524 -0.557639 0.290682  0.972727 0.329660
0  -0.101527 -0.073315 0.344207  -0.736398 -0.527546 0.423572  0.979521 0.332360
chess_set_pieces_black
0  -0.101527 -0.073315 0.344207  -0.736398 -0.527546 0.423572  0.979521 0.332360
0  -0.106243 -0.034320 0.379586  -0.912530 -0.288510 0.289916  0.975007 0.323238
0  -0.118973 -0.038454 0.344123  -0.863008 -0.273185 0.424956  0.981993 0.325445
chess_set_pieces_black
0  -0.118973 -0.038454 0.344123  -0.863008 -0.273185 0.424956  0.981993 0.325445
0  -0.111406 0.000120 0.379503  -0.957011 0.008837 0.289916  0.976898 0.316623
0  -0.124844 0.000052 0.344015  -0.904184 0.007300 0.427081  0.984016 0.318409
chess_set_pieces_black
0  -0.124844 0.000052 0.344015  -0.904184 0.007300 0.427081  0.984016 0.318409
0  -0.105647 0.034203 0.379402  -0.907059 0.305123 0.290075  0.978399 0.309937
0  -0.118484 0.038355 0.343880  -0.856322 0.286842 0.429458  0.985610 0.311306
chess_set_pieces_black
0  -0.118484 0.038355 0.343880  -0.856322 0.286842 0.429458  0.985610 0.311306
0  -0.089682 0.064800 0.379298  -0.768760 0.569923 0.290165  0.979539 0.303187
0  -0.100637 0.072741 0.343755  -0.725023 0.535702 0.432857  0.986802 0.304167
chess_set_pieces_black
0  -0.100637 0.072741 0.343755  -0.725023 0.535702 0.432857  0.986802 0.304167
0  -0.065128 0.088920 0.379202  -0.556483 0.778530 0.290203  0.980322 0.296419
0  -0.073126 0.099910 0.343655  -0.524045 0.731036 0.436994  0.987617 0.297020
chess_set_pieces_black
0  0.088339 0.064613 0.379224  0.770046 0.566589 0.293268  0.979134 0.262595
0  0.056612 0.078707 0.430509  0.575149 0.801292 0.164726  0.969448 0.270489
0  0.078264 0.057291 0.430537  0.793366 0.586281 0.163843  0.968652 0.264302
chess_set_pieces_black
0  -0.073126 0.099910 0.343655  -0.524045 0.731036 0.436994  0.987617 0.297020
0  -0.034436 0.104296 0.379127  -0.291610 0.911464 0.290166  0.980768 0.289646
0  -0.038658 0.117265 0.343572  -0.274173 0.855146 0.439948  0.988100 0.289892
chess_set_pieces_black
0  -0.038658 0.117265 0.343572  -0.274173 0.855146 0.439948  0.988100 0.289892
0  -0.000561 0.109566 0.379099  0.000797 0.956850 0.290583  0.980870 0.282860
0  -0.000568 0.123253 0.343550  0.000392 0.897624 0.440762  0.988195 0.282752
chess_set_pieces_black
0  -0.244555 0.079461 -0.000000  -0.006703 0.003342 -0.999972  0.941262 0.522255
0  -0.262722 -0.000001 0.000005  -0.263365 -0.000754 -0.964696  0.926611 0.516564
0  -0.251524 0.081621 0.000180  -0.248490 0.080856 -0.965254  0.941870 0.520986
chess_set_pieces_black
0  -0.083324 0.254747 0.075666  -0.290454 0.882273 0.370446  0.847299 0.151501
0  -0.000568 0.260421 0.092166  0.000614 0.999511 -0.031257  0.851186 0.167341
0  -0.000550 0.268250 0.075881  0.000222 0.929542 0.368715  0.847668 0.167374
chess_set_pieces_black
0  -0.157894 0.216579 0.075600  -0.546935 0.749285 0.373409  0.846562 0.135676
0  -0.080822 0.247169 0.092258  -0.312975 0.949203 -0.032563  0.850707 0.151392
0  -0.083324 0.254747 0.075666  -0.290454 0.882273 0.370446  0.847299 0.151501
chess_set_pieces_black
0  -0.217041 0.157255 0.075518  -0.753131 0.547475 0.364781  0.845409 0.119823
0  -0.152999 0.209857 0.092302  -0.590118 0.806767 -0.029796  0.850198 0.135467
0  -0.157894 0.216579 0.075600  -0.546935 0.749285 0.373409  0.846562 0.135676
chess_set_pieces_black
0  -0.255135 0.082708 0.075548  -0.887665 0.295978 0.352772  0.843857 0.103942
0  -0.210535 0.152526 0.092316  -0.806463 0.590408 -0.032183  0.848954 0.119541
0  -0.217041 0.157255 0.075518  -0.753131 0.547475 0.364781  0.845409 0.119823
chess_set_pieces_black
0  -0.269080 0.000038 0.075978  -0.934682 0.010425 0.355332  0.841988 0.087969
0  -0.248118 0.080363 0.092249  -0.947168 0.318405 -0.038612  0.847340 0.103565
0  -0.255135 0.082708 0.075548  -0.887665 0.295978 0.352772  0.843857 0.103942
chess_set_pieces_black
0  -0.256708 -0.083127 0.076502  -0.884386 -0.285379 0.369350  0.839576 0.071984
0  -0.261815 0.000002 0.092234  -0.999227 0.008688 -0.038350  0.845306 0.087517
0  -0.269080 0.000038 0.075978  -0.934682 0.010425 0.355332  0.841988 0.087969
chess_set_pieces_black
0  -0.218138 -0.158017 0.076311  -0.748026 -0.545411 0.378132  0.836664 0.056008
0  -0.249243 -0.080542 0.092266  -0.950423 -0.309060 -0.034319  0.842939 0.071443
0  -0.256708 -0.083127 0.076502  -0.884386 -0.285379 0.369350  0.839576 0.071984
chess_set_pieces_black
0  -0.158684 -0.217694 0.076349  -0.549074 -0.747515 0.373816  0.833188 0.040072
0  -0.211494 -0.153136 0.092235  -0.807619 -0.588593 -0.036188  0.840080 0.055325
0  -0.218138 -0.158017 0.076311  -0.748026 -0.545411 0.378132  0.836664 0.056008
chess_set_pieces_black
0  -0.083845 -0.256601 0.076781  -0.293139 -0.888034 0.354209  0.829387 0.024239
0  -0.153829 -0.211126 0.092118  -0.593528 -0.803714 -0.042050  0.836620 0.039274
0  -0.158684 -0.217694 0.076349  -0.549074 -0.747515 0.373816  0.833188 0.040072
chess_set_pieces_black
0  -0.000523 -0.269826 0.076607  -0.000576 -0.940910 0.338656  0.825171 0.008498
0  -0.081337 -0.249287 0.092175  -0.319833 -0.946056 -0.051817  0.832603 0.023394
0  -0.083845 -0.256601 0.076781  -0.293139 -0.888034 0.354209  0.829387 0.024239
chess_set_pieces_black
0  0.082694 -0.256606 0.076666  0.292967 -0.889232 0.351336  0.830360 0.313321
0  -0.000508 -0.263072 0.092169  -0.001928 -0.998151 -0.060757  0.829375 0.330709
0  -0.000523 -0.269826 0.076607  -0.000576 -0.940910 0.338656  0.826038 0.330078
chess_set_pieces_black
0  0.157619 -0.217852 0.076424  0.552236 -0.748748 0.366622  0.834304 0.296543
0  0.080183 -0.249612 0.092159  0.318361 -0.946303 -0.056195  0.833765 0.314209
0  0.082694 -0.256606 0.076666  0.292967 -0.889232 0.351336  0.830360 0.313321
chess_set_pieces_black
0  0.217006 -0.158029 0.076205  0.755975 -0.545906 0.361231  0.837796 0.279797
0  0.152760 -0.211242 0.092068  0.594802 -0.802628 -0.044707  0.837903 0.297352
0  0.157619 -0.217852 0.076424  0.552236 -0.748748 0.366622  0.834304 0.296543
chess_set_pieces_black
0  0.255289 -0.083070 0.076083  0.889442 -0.293681 0.350207  0.840726 0.263209
0  0.210376 -0.153151 0.092062  0.809015 -0.586385 -0.040576  0.841357 0.280481
0  0.217006 -0.158029 0.076205  0.755975 -0.545906 0.361231  0.837796 0.279797
chess_set_pieces_black
0  0.268996 0.000003 0.076511  0.934684 0.000069 0.355480  0.843193 0.246839
0  0.247877 -0.080476 0.091975  0.947891 -0.315679 -0.042997  0.844218 0.263753
0  0.255289 -0.083070 0.076083  0.889442 -0.293681 0.350207  0.840726 0.263209
chess_set_pieces_black
0  0.255092 0.083009 0.076202  0.879629 0.295220 0.372958  0.845020 0.230747
0  0.261298 0.000064 0.092142  0.999168 0.003350 -0.040656  0.846572 0.247277
0  0.268996 0.000003 0.076511  0.934684 0.000069 0.355480  0.843193 0.246839
chess_set_pieces_black
0  0.216289 0.157530 0.075813  0.742929 0.548984 0.382980  0.846249 0.214831
0  0.247228 0.080390 0.092205  0.946188 0.322078 -0.031540  0.848382 0.231074
0  0.255092 0.083009 0.076202  0.879629 0.295220 0.372958  0.845020 0.230747
chess_set_pieces_black
0  0.156699 0.216478 0.075543  0.543402 0.749494 0.378119  0.847071 0.198999
0  0.209308 0.152441 0.092227  0.803438 0.594873 -0.024780  0.849854 0.215074
0  0.216289 0.157530 0.075813  0.742929 0.548984 0.382980  0.846249 0.214831
chess_set_pieces_black
0  0.082153 0.254713 0.075654  0.291506 0.881661 0.371078  0.847584 0.183212
0  0.151754 0.209695 0.092279  0.588564 0.808087 -0.024220  0.850622 0.199152
0  0.156699 0.216478 0.075543  0.543402 0.749494 0.378119  0.847071 0.198999
chess_set_pieces_black
0  -0.000550 0.268250 0.075881  0.000222 0.929542 0.368715  0.847668 0.167374
0  0.079668 0.247073 0.092254  0.315088 0.948676 -0.027081  0.850996 0.183274
0  0.082153 0.254713 0.075654  0.291506 0.881661 0.371078  0.847584 0.183212
chess_set_pieces_black
0  -0.000530 0.274102 0.057518  0.000094 0.985064 0.172190  0.844021 0.167409
0  0.082153 0.254713 0.075654  0.291506 0.881661 0.371078  0.847584 0.183212
0  0.083945 0.260335 0.057486  0.308089 0.935733 0.171709  0.843998 0.183141
chess_set_pieces_black
0  0.083945 0.260335 0.057486  0.308089 0.935733 0.171709  0.843998 0.183141
0  0.156699 0.216478 0.075543  0.543402 0.749494 0.378119  0.847071 0.198999
0  0.160112 0.221185 0.057417  0.577998 0.798032 0.170480  0.843527 0.198858
chess_set_pieces_black
0  0.160112 0.221185 0.057417  0.577998 0.798032 0.170480  0.843527 0.198858
0  0.216289 0.157530 0.075813  0.742929 0.548984 0.382980  0.846249 0.214831
0  0.221216 0.161098 0.057508  0.794310 0.584191 0.166708  0.842611 0.214583
chess_set_pieces_black
0  0.221216 0.161098 0.057508  0.794310 0.584191 0.166708  0.842611 0.214583
0  0.255092 0.083009 0.076202  0.879629 0.295220 0.372958  0.845020 0.230747
0  0.260645 0.084814 0.057528  0.937975 0.309087 0.157061  0.841317 0.230376
chess_set_pieces_black
0  0.260645 0.084814 0.057528  0.937975 0.309087 0.157061  0.841317 0.230376
0  0.268996 0.000003 0.076511  0.934684 0.000069 0.355480  0.843193 0.246839
0  0.274280 -0.000053 0.057538  0.989269 -0.002789 0.146078  0.839438 0.246355
chess_set_pieces_black
0  0.274280 -0.000053 0.057538  0.989269 -0.002789 0.146078  0.839438 0.246355
0  0.255289 -0.083070 0.076083  0.889442 -0.293681 0.350207  0.840726 0.263209
0  0.259917 -0.084598 0.057405  0.940365 -0.309001 0.142239  0.836963 0.262599
chess_set_pieces_black
0  0.259917 -0.084598 0.057405  0.940365 -0.309001 0.142239  0.836963 0.262599
0  0.217006 -0.158029 0.076205  0.755975 -0.545906 0.361231  0.837796 0.279797
0  0.221278 -0.161114 0.057483  0.802992 -0.577215 0.148413  0.833969 0.279060
chess_set_pieces_black
0  0.221278 -0.161114 0.057483  0.802992 -0.577215 0.148413  0.833969 0.279060
0  0.157619 -0.217852 0.076424  0.552236 -0.748748 0.366622  0.834304 0.296543
0  0.161018 -0.222500 0.057628  0.585584 -0.795700 0.154766  0.830420 0.295667
chess_set_pieces_black
0  0.161018 -0.222500 0.057628  0.585584 -0.795700 0.154766  0.830420 0.295667
0  0.082694 -0.256606 0.076666  0.292967 -0.889232 0.351336  0.830360 0.313321
0  0.084481 -0.261972 0.057651  0.304810 -0.940723 0.148764  0.826459 0.312320
chess_set_pieces_black
0  0.084481 -0.261972 0.057651  0.304810 -0.940723 0.148764  0.826459 0.312320
0  -0.000523 -0.269826 0.076607  -0.000576 -0.940910 0.338656  0.826038 0.330078
0  -0.000579 -0.274912 0.057498  -0.001103 -0.990327 0.138751  0.822002 0.329241
chess_set_pieces_black
0  -0.000579 -0.274912 0.057498  -0.001103 -0.990327 0.138751  0.821384 0.009344
0  -0.083845 -0.256601 0.076781  -0.293139 -0.888034 0.354209  0.829387 0.024239
0  -0.085590 -0.261867 0.057585  -0.305054 -0.941225 0.145044  0.825696 0.025214
chess_set_pieces_black
0  -0.085590 -0.261867 0.057585  -0.305054 -0.941225 0.145044  0.825696 0.025214
0  -0.158684 -0.217694 0.076349  -0.549074 -0.747515 0.373816  0.833188 0.040072
0  -0.162165 -0.222504 0.057683  -0.581363 -0.797807 0.159755  0.829536 0.040912
chess_set_pieces_black
0  -0.162165 -0.222504 0.057683  -0.581363 -0.797807 0.159755  0.829536 0.040912
0  -0.218138 -0.158017 0.076311  -0.748026 -0.545411 0.378132  0.836664 0.056008
0  -0.223051 -0.161608 0.057632  -0.796969 -0.580634 0.166449  0.832941 0.056743
chess_set_pieces_black
0  -0.223051 -0.161608 0.057632  -0.796969 -0.580634 0.166449  0.832941 0.056743
0  -0.256708 -0.083127 0.076502  -0.884386 -0.285379 0.369350  0.839576 0.071984
0  -0.262395 -0.084935 0.057673  -0.938416 -0.301982 0.167875  0.835884 0.072604
chess_set_pieces_black
0  -0.262395 -0.084935 0.057673  -0.938416 -0.301982 0.167875  0.835884 0.072604
0  -0.269080 0.000038 0.075978  -0.934682 0.010425 0.355332  0.841988 0.087969
0  -0.274887 0.000066 0.057546  -0.985619 0.010177 0.168676  0.838307 0.088476
chess_set_pieces_black
0  -0.274887 0.000066 0.057546  -0.985619 0.010177 0.168676  0.838307 0.088476
0  -0.255135 0.082708 0.075548  -0.887665 0.295978 0.352772  0.843857 0.103942
0  -0.260373 0.084416 0.057363  -0.935765 0.309693 0.168622  0.840292 0.104338
chess_set_pieces_black
0  -0.260373 0.084416 0.057363  -0.935765 0.309693 0.168622  0.840292 0.104338
0  -0.217041 0.157255 0.075518  -0.753131 0.547475 0.364781  0.845409 0.119823
0  -0.221727 0.160609 0.057401  -0.798232 0.578143 0.169047  0.841834 0.120127
chess_set_pieces_black
0  -0.221727 0.160609 0.057401  -0.798232 0.578143 0.169047  0.841834 0.120127
0  -0.157894 0.216579 0.075600  -0.546935 0.749285 0.373409  0.846562 0.135676
0  -0.161382 0.221443 0.057452  -0.580929 0.795888 0.170543  0.842975 0.135895
chess_set_pieces_black
0  -0.161382 0.221443 0.057452  -0.580929 0.795888 0.170543  0.842975 0.135895
0  -0.083324 0.254747 0.075666  -0.290454 0.882273 0.370446  0.847299 0.151501
0  -0.085113 0.260324 0.057485  -0.306956 0.936085 0.171823  0.843709 0.151628
chess_set_pieces_black
0  -0.085113 0.260324 0.057485  -0.306956 0.936085 0.171823  0.843709 0.151628
0  -0.000550 0.268250 0.075881  0.000222 0.929542 0.368715  0.847668 0.167374
0  -0.000530 0.274102 0.057518  0.000094 0.985064 0.172190  0.844021 0.167409
chess_set_pieces_black
0  -0.085607 0.262000 0.032710  -0.308725 0.948263 -0.074073  0.839130 0.151801
0  -0.000530 0.274102 0.057518  0.000094 0.985064 0.172190  0.844021 0.167409
0  -0.000567 0.275760 0.032690  0.000080 0.996787 -0.080098  0.839424 0.167446
chess_set_pieces_black
0  -0.162240 0.222622 0.032626  -0.588740 0.805303 -0.069798  0.838398 0.136162
0  -0.085113 0.260324 0.057485  -0.306956 0.936085 0.171823  0.843709 0.151628
0  -0.085607 0.262000 0.032710  -0.308725 0.948263 -0.074073  0.839130 0.151801
chess_set_pieces_black
0  -0.223060 0.161554 0.032718  -0.806948 0.587106 -0.064352  0.837264 0.120507
0  -0.161382 0.221443 0.057452  -0.580929 0.795888 0.170543  0.842975 0.135895
0  -0.162240 0.222622 0.032626  -0.588740 0.805303 -0.069798  0.838398 0.136162
chess_set_pieces_black
0  -0.262091 0.084947 0.032776  -0.947888 0.313051 -0.059219  0.835710 0.104846
0  -0.221727 0.160609 0.057401  -0.798232 0.578143 0.169047  0.841834 0.120127
0  -0.223060 0.161554 0.032718  -0.806948 0.587106 -0.064352  0.837264 0.120507
chess_set_pieces_black
0  -0.276584 0.000034 0.032676  -0.997145 0.006308 -0.075241  0.833671 0.089120
0  -0.260373 0.084416 0.057363  -0.935765 0.309693 0.168622  0.840292 0.104338
0  -0.262091 0.084947 0.032776  -0.947888 0.313051 -0.059219  0.835710 0.104846
chess_set_pieces_black
0  -0.263835 -0.085351 0.032527  -0.948246 -0.304889 -0.088724  0.831229 0.073408
0  -0.274887 0.000066 0.057546  -0.985619 0.010177 0.168676  0.838307 0.088476
0  -0.276584 0.000034 0.032676  -0.997145 0.006308 -0.075241  0.833671 0.089120
chess_set_pieces_black
0  -0.224195 -0.162407 0.032573  -0.804896 -0.586753 -0.088677  0.828314 0.057682
0  -0.262395 -0.084935 0.057673  -0.938416 -0.301982 0.167875  0.835884 0.072604
0  -0.263835 -0.085351 0.032527  -0.948246 -0.304889 -0.088724  0.831229 0.073408
chess_set_pieces_black
0  -0.162983 -0.223643 0.032573  -0.585039 -0.805876 -0.091066  0.824943 0.041979
0  -0.223051 -0.161608 0.057632  -0.796969 -0.580634 0.166449  0.832941 0.056743
0  -0.224195 -0.162407 0.032573  -0.804896 -0.586753 -0.088677  0.828314 0.057682
chess_set_pieces_black
0  -0.085866 -0.262656 0.032623  -0.307451 -0.947518 -0.087651  0.821168 0.026440
0  -0.162165 -0.222504 0.057683  -0.581363 -0.797807 0.159755  0.829536 0.040912
0  -0.162983 -0.223643 0.032573  -0.585039 -0.805876 -0.091066  0.824943 0.041979
chess_set_pieces_black
0  -0.000573 -0.275636 0.032655  0.000173 -0.996217 -0.086902  0.816634 0.010612
0  -0.085590 -0.261867 0.057585  -0.305054 -0.941225 0.145044  0.825696 0.025214
0  -0.085866 -0.262656 0.032623  -0.307451 -0.947518 -0.087651  0.821168 0.026440
chess_set_pieces_black
0  0.084794 -0.263099 0.032582  0.305082 -0.948007 -0.090599  0.821600 0.311065
0  -0.000579 -0.274912 0.057498  -0.001103 -0.990327 0.138751  0.822002 0.329241
0  -0.000573 -0.275636 0.032655  0.000173 -0.996217 -0.086902  0.816931 0.327943
chess_set_pieces_black
0  0.161821 -0.223618 0.032581  0.588983 -0.804108 -0.080679  0.825592 0.294587
0  0.084481 -0.261972 0.057651  0.304810 -0.940723 0.148764  0.826459 0.312320
0  0.084794 -0.263099 0.032582  0.305082 -0.948007 -0.090599  0.821600 0.311065
chess_set_pieces_black
0  0.222263 -0.161851 0.032677  0.810206 -0.582064 -0.069043  0.829171 0.278129
0  0.161018 -0.222500 0.057628  0.585584 -0.795700 0.154766  0.830420 0.295667
0  0.161821 -0.223618 0.032581  0.588983 -0.804108 -0.080679  0.825592 0.294587
chess_set_pieces_black
0  0.261108 -0.085008 0.032718  0.948124 -0.310058 -0.070183  0.832231 0.261817
0  0.221278 -0.161114 0.057483  0.802992 -0.577215 0.148413  0.833969 0.279060
0  0.222263 -0.161851 0.032677  0.810206 -0.582064 -0.069043  0.829171 0.278129
chess_set_pieces_black
0  0.275379 -0.000021 0.032617  0.996875 -0.002408 -0.078961  0.834756 0.245709
0  0.259917 -0.084598 0.057405  0.940365 -0.309001 0.142239  0.836963 0.262599
0  0.261108 -0.085008 0.032718  0.948124 -0.310058 -0.070183  0.832231 0.261817
chess_set_pieces_black
0  0.261743 0.085191 0.032592  0.947163 0.310255 -0.081389  0.836689 0.229874
0  0.274280 -0.000053 0.057538  0.989269 -0.002789 0.146078  0.839438 0.246355
0  0.275379 -0.000021 0.032617  0.996875 -0.002408 -0.078961  0.834756 0.245709
chess_set_pieces_black
0  0.222356 0.161896 0.032580  0.803931 0.589779 -0.076525  0.838032 0.214243
0  0.260645 0.084814 0.057528  0.937975 0.309087 0.157061  0.841317 0.230376
0  0.261743 0.085191 0.032592  0.947163 0.310255 -0.081389  0.836689 0.229874
chess_set_pieces_black
0  0.161043 0.222509 0.032703  0.586534 0.807056 -0.068105  0.838958 0.198659
0  0.221216 0.161098 0.057508  0.794310 0.584191 0.166708  0.842611 0.214583
0  0.222356 0.161896 0.032580  0.803931 0.589779 -0.076525  0.838032 0.214243
chess_set_pieces_black
0  0.084435 0.261946 0.032709  0.309153 0.948322 -0.071475  0.839423 0.183046
0  0.160112 0.221185 0.057417  0.577998 0.798032 0.170480  0.843527 0.198858
0  0.161043 0.222509 0.032703  0.586534 0.807056 -0.068105  0.838958 0.198659
chess_set_pieces_black
0  -0.000567 0.275760 0.032690  0.000080 0.996787 -0.080098  0.839424 0.167446
0  0.083945 0.260335 0.057486  0.308089 0.935733 0.171709  0.843998 0.183141
0  0.084435 0.261946 0.032709  0.309153 0.948322 -0.071475  0.839423 0.183046
chess_set_pieces_black
0  -0.000588 0.268541 0.003672  -0.001078 0.945121 -0.326719  0.833873 0.167498
0  0.084435 0.261946 0.032709  0.309153 0.948322 -0.071475  0.839423 0.183046
0  0.082744 0.257380 0.003672  0.291007 0.903565 -0.314460  0.833971 0.182925
chess_set_pieces_black
0  0.082744 0.257380 0.003672  0.291007 0.903565 -0.314460  0.833971 0.182925
0  0.161043 0.222509 0.032703  0.586534 0.807056 -0.068105  0.838958 0.198659
0  0.157918 0.218342 0.003672  0.561149 0.771111 -0.300831  0.833500 0.198388
chess_set_pieces_black
0  0.157918 0.218342 0.003672  0.561149 0.771111 -0.300831  0.833500 0.198388
0  0.222356 0.161896 0.032580  0.803931 0.589779 -0.076525  0.838032 0.214243
0  0.217743 0.158469 0.003672  0.768447 0.562679 -0.304766  0.832616 0.213854
chess_set_pieces_black
0  0.217743 0.158469 0.003672  0.768447 0.562679 -0.304766  0.832616 0.213854
0  0.261743 0.085191 0.032592  0.947163 0.310255 -0.081389  0.836689 0.229874
0  0.256612 0.083389 0.003672  0.900686 0.293171 -0.320649  0.831211 0.229335
chess_set_pieces_black
0  0.256612 0.083389 0.003672  0.900686 0.293171 -0.320649  0.831211 0.229335
0  0.275379 -0.000021 0.032617  0.996875 -0.002408 -0.078961  0.834756 0.245709
0  0.269466 -0.000031 0.003672  0.946129 -0.001198 -0.323787  0.829160 0.244940
chess_set_pieces_black
0  0.269466 -0.000031 0.003672  0.946129 -0.001198 -0.323787  0.829160 0.244940
0  0.261108 -0.085008 0.032718  0.948124 -0.310058 -0.070183  0.832231 0.261817
0  0.256836 -0.083493 0.003672  0.904506 -0.293612 -0.309290  0.826562 0.260793
chess_set_pieces_black
0  0.256836 -0.083493 0.003672  0.904506 -0.293612 -0.309290  0.826562 0.260793
0  0.222263 -0.161851 0.032677  0.810206 -0.582064 -0.069043  0.829171 0.278129
0  0.218172 -0.158812 0.003672  0.771625 -0.555596 -0.309690  0.823463 0.276917
chess_set_pieces_black
0  0.218172 -0.158812 0.003672  0.771625 -0.555596 -0.309690  0.823463 0.276917
0  0.161821 -0.223618 0.032581  0.588983 -0.804108 -0.080679  0.825592 0.294587
0  0.158661 -0.219319 0.003672  0.554966 -0.762672 -0.332181  0.819939 0.293233
chess_set_pieces_black
0  0.158661 -0.219319 0.003672  0.554966 -0.762672 -0.332181  0.819939 0.293233
0  0.084794 -0.263099 0.032582  0.305082 -0.948007 -0.090599  0.821600 0.311065
0  0.082722 -0.256494 0.003672  0.287587 -0.894394 -0.342569  0.815875 0.309528
chess_set_pieces_black
0  0.082722 -0.256494 0.003672  0.287587 -0.894394 -0.342569  0.815875 0.309528
0  -0.000573 -0.275636 0.032655  0.000173 -0.996217 -0.086902  0.816931 0.327943
0  -0.000569 -0.270631 0.003672  0.002074 -0.941236 -0.337742  0.810935 0.326047
chess_set_pieces_black
0  -0.000569 -0.270631 0.003672  0.002074 -0.941236 -0.337742  0.810991 0.012487
0  -0.085866 -0.262656 0.032623  -0.307451 -0.947518 -0.087651  0.821168 0.026440
0  -0.084114 -0.257499 0.003672  -0.291813 -0.893458 -0.341435  0.815818 0.027828
chess_set_pieces_black
0  -0.084114 -0.257499 0.003672  -0.291813 -0.893458 -0.341435  0.815818 0.027828
0  -0.162983 -0.223643 0.032573  -0.585039 -0.805876 -0.091066  0.824943 0.041979
0  -0.158914 -0.217987 0.003672  -0.549894 -0.757881 -0.351045  0.819484 0.043226
chess_set_pieces_black
0  -0.158914 -0.217987 0.003672  -0.549894 -0.757881 -0.351045  0.819484 0.043226
0  -0.224195 -0.162407 0.032573  -0.804896 -0.586753 -0.088677  0.828314 0.057682
0  -0.219775 -0.159122 0.003672  -0.754092 -0.549345 -0.359953  0.822862 0.058782
chess_set_pieces_black
0  -0.219775 -0.159122 0.003672  -0.754092 -0.549345 -0.359953  0.822862 0.058782
0  -0.263835 -0.085351 0.032527  -0.948246 -0.304889 -0.088724  0.831229 0.073408
0  -0.257103 -0.083239 0.003672  -0.883850 -0.283331 -0.372200  0.825709 0.074323
chess_set_pieces_black
0  -0.257103 -0.083239 0.003672  -0.883850 -0.283331 -0.372200  0.825709 0.074323
0  -0.276584 0.000034 0.032676  -0.997145 0.006308 -0.075241  0.833671 0.089120
0  -0.270735 -0.000001 0.003672  -0.930194 0.002151 -0.367063  0.828184 0.089943
chess_set_pieces_black
0  -0.270735 -0.000001 0.003672  -0.930194 0.002151 -0.367063  0.828184 0.089943
0  -0.262091 0.084947 0.032776  -0.947888 0.313051 -0.059219  0.835710 0.104846
0  -0.258010 0.083532 0.003672  -0.895875 0.293901 -0.333212  0.830198 0.105486
chess_set_pieces_black
0  -0.258010 0.083532 0.003672  -0.895875 0.293901 -0.333212  0.830198 0.105486
0  -0.223060 0.161554 0.032718  -0.806948 0.587106 -0.064352  0.837264 0.120507
0  -0.218800 0.158458 0.003672  -0.768896 0.560523 -0.307593  0.831810 0.120989
chess_set_pieces_black
0  -0.218800 0.158458 0.003672  -0.768896 0.560523 -0.307593  0.831810 0.120989
0  -0.162240 0.222622 0.032626  -0.588740 0.805303 -0.069798  0.838398 0.136162
0  -0.158911 0.218143 0.003672  -0.561417 0.767758 -0.308802  0.832928 0.136532
chess_set_pieces_black
0  -0.158911 0.218143 0.003672  -0.561417 0.767758 -0.308802  0.832928 0.136532
0  -0.085607 0.262000 0.032710  -0.308725 0.948263 -0.074073  0.839130 0.151801
0  -0.083890 0.257342 0.003672  -0.290225 0.901012 -0.322409  0.833672 0.152012
chess_set_pieces_black
0  -0.083890 0.257342 0.003672  -0.290225 0.901012 -0.322409  0.833672 0.152012
0  -0.000567 0.275760 0.032690  0.000080 0.996787 -0.080098  0.839424 0.167446
0  -0.000588 0.268541 0.003672  -0.001078 0.945121 -0.326719  0.833873 0.167498
chess_set_pieces_black
0  -0.080822 0.247169 0.092258  -0.312975 0.949203 -0.032563  0.850707 0.151392
0  -0.000554 0.269645 0.121939  0.002825 0.970644 -0.240505  0.857023 0.167298
0  -0.000568 0.260421 0.092166  0.000614 0.999511 -0.031257  0.851186 0.167341
chess_set_pieces_black
0  -0.152999 0.209857 0.092302  -0.590118 0.806767 -0.029796  0.850198 0.135467
0  -0.083848 0.256340 0.121966  -0.304138 0.920463 -0.245456  0.856806 0.151206
0  -0.080822 0.247169 0.092258  -0.312975 0.949203 -0.032563  0.850707 0.151392
chess_set_pieces_black
0  -0.210535 0.152526 0.092316  -0.806463 0.590408 -0.032183  0.848954 0.119541
0  -0.158607 0.217525 0.122119  -0.572451 0.782207 -0.245870  0.856072 0.135127
0  -0.152999 0.209857 0.092302  -0.590118 0.806767 -0.029796  0.850198 0.135467
chess_set_pieces_black
0  -0.248118 0.080363 0.092249  -0.947168 0.318405 -0.038612  0.847340 0.103565
0  -0.218172 0.158089 0.122086  -0.782201 0.573655 -0.243066  0.854945 0.119057
0  -0.210535 0.152526 0.092316  -0.806463 0.590408 -0.032183  0.848954 0.119541
chess_set_pieces_black
0  -0.261815 0.000002 0.092234  -0.999227 0.008688 -0.038350  0.845306 0.087517
0  -0.256954 0.083281 0.121975  -0.920613 0.308012 -0.240001  0.853329 0.102917
0  -0.248118 0.080363 0.092249  -0.947168 0.318405 -0.038612  0.847340 0.103565
chess_set_pieces_black
0  -0.249243 -0.080542 0.092266  -0.950423 -0.309060 -0.034319  0.842939 0.071443
0  -0.270918 0.000037 0.121795  -0.971151 0.006264 -0.238382  0.851276 0.086733
0  -0.261815 0.000002 0.092234  -0.999227 0.008688 -0.038350  0.845306 0.087517
chess_set_pieces_black
0  -0.211494 -0.153136 0.092235  -0.807619 -0.588593 -0.036188  0.840080 0.055325
0  -0.257975 -0.083558 0.121693  -0.922457 -0.299602 -0.243539  0.848889 0.070485
0  -0.249243 -0.080542 0.092266  -0.950423 -0.309060 -0.034319  0.842939 0.071443
chess_set_pieces_black
0  -0.153829 -0.211126 0.092118  -0.593528 -0.803714 -0.042050  0.836620 0.039274
0  -0.219451 -0.158974 0.121698  -0.782992 -0.568269 -0.252971  0.846087 0.054188
0  -0.211494 -0.153136 0.092235  -0.807619 -0.588593 -0.036188  0.840080 0.055325
chess_set_pieces_black
0  -0.081337 -0.249287 0.092175  -0.319833 -0.946056 -0.051817  0.832603 0.023394
0  -0.159788 -0.219205 0.121637  -0.574384 -0.776663 -0.258608  0.842667 0.037860
0  -0.153829 -0.211126 0.092118  -0.593528 -0.803714 -0.042050  0.836620 0.039274
chess_set_pieces_black
0  -0.000508 -0.263072 0.092169  -0.001928 -0.998151 -0.060757  0.828305 0.007869
0  -0.084520 -0.258606 0.121423  -0.309696 -0.914306 -0.261021  0.838415 0.021779
0  -0.081337 -0.249287 0.092175  -0.319833 -0.946056 -0.051817  0.832603 0.023394
chess_set_pieces_black
0  0.080183 -0.249612 0.092159  0.318361 -0.946303 -0.056195  0.833765 0.314209
0  -0.000572 -0.272866 0.121015  -0.002617 -0.964827 -0.262873  0.835132 0.332635
0  -0.000508 -0.263072 0.092169  -0.001928 -0.998151 -0.060757  0.829375 0.330709
chess_set_pieces_black
0  0.152760 -0.211242 0.092068  0.594802 -0.802628 -0.044707  0.837903 0.297352
0  0.083415 -0.258961 0.121172  0.308101 -0.914220 -0.263202  0.839897 0.315838
0  0.080183 -0.249612 0.092159  0.318361 -0.946303 -0.056195  0.833765 0.314209
chess_set_pieces_black
0  0.210376 -0.153151 0.092062  0.809015 -0.586385 -0.040576  0.841357 0.280481
0  0.158802 -0.219389 0.121537  0.575462 -0.775105 -0.260875  0.844273 0.298784
0  0.152760 -0.211242 0.092068  0.594802 -0.802628 -0.044707  0.837903 0.297352
chess_set_pieces_black
0  0.247877 -0.080476 0.091975  0.947891 -0.315679 -0.042997  0.844218 0.263753
0  0.218299 -0.158975 0.121695  0.782055 -0.567840 -0.256804  0.847661 0.281619
0  0.210376 -0.153151 0.092062  0.809015 -0.586385 -0.040576  0.841357 0.280481
chess_set_pieces_black
0  0.261298 0.000064 0.092142  0.999168 0.003350 -0.040656  0.846572 0.247277
0  0.257300 -0.083705 0.121571  0.917985 -0.304506 -0.254123  0.850428 0.264685
0  0.247877 -0.080476 0.091975  0.947891 -0.315679 -0.042997  0.844218 0.263753
chess_set_pieces_black
0  0.247228 0.080390 0.092205  0.946188 0.322078 -0.031540  0.848382 0.231074
0  0.270862 0.000011 0.121439  0.967904 0.005054 -0.251268  0.852610 0.248013
0  0.261298 0.000064 0.092142  0.999168 0.003350 -0.040656  0.846572 0.247277
chess_set_pieces_black
0  0.209308 0.152441 0.092227  0.803438 0.594873 -0.024780  0.849854 0.215074
0  0.256400 0.083505 0.121795  0.916761 0.313241 -0.247849  0.854419 0.231626
0  0.247228 0.080390 0.092205  0.946188 0.322078 -0.031540  0.848382 0.231074
chess_set_pieces_black
0  0.151754 0.209695 0.092279  0.588564 0.808087 -0.024220  0.850622 0.199152
0  0.217086 0.158127 0.122079  0.779097 0.577158 -0.244739  0.855857 0.215461
0  0.209308 0.152441 0.092227  0.803438 0.594873 -0.024780  0.849854 0.215074
chess_set_pieces_black
0  0.079668 0.247073 0.092254  0.315088 0.948676 -0.027081  0.850996 0.183274
0  0.157355 0.217372 0.122159  0.570657 0.785142 -0.240628  0.856634 0.199344
0  0.151754 0.209695 0.092279  0.588564 0.808087 -0.024220  0.850622 0.199152
chess_set_pieces_black
0  -0.000568 0.260421 0.092166  0.000614 0.999511 -0.031257  0.851186 0.167341
0  0.082561 0.255865 0.122093  0.305876 0.921870 -0.237899  0.856981 0.183317
0  0.079668 0.247073 0.092254  0.315088 0.948676 -0.027081  0.850996 0.183274
chess_set_pieces_black
0  -0.083848 0.256340 0.121966  -0.304138 0.920463 -0.245456  0.856806 0.151206
0  -0.000557 0.271364 0.136766  0.003453 0.994540 0.104297  0.859873 0.167279
0  -0.000554 0.269645 0.121939  0.002825 0.970644 -0.240505  0.857023 0.167298
chess_set_pieces_black
0  -0.158607 0.217525 0.122119  -0.572451 0.782207 -0.245870  0.856072 0.135127
0  -0.084423 0.258095 0.136741  -0.310612 0.944982 0.102615  0.859643 0.151120
0  -0.083848 0.256340 0.121966  -0.304138 0.920463 -0.245456  0.856806 0.151206
chess_set_pieces_black
0  -0.218172 0.158089 0.122086  -0.782201 0.573655 -0.243066  0.854945 0.119057
0  -0.159662 0.218973 0.136763  -0.587371 0.802950 0.101327  0.858898 0.134967
0  -0.158607 0.217525 0.122119  -0.572451 0.782207 -0.245870  0.856072 0.135127
chess_set_pieces_black
0  -0.256954 0.083281 0.121975  -0.920613 0.308012 -0.240001  0.853329 0.102917
0  -0.219594 0.159123 0.136764  -0.802931 0.587226 0.102308  0.857781 0.118820
0  -0.218172 0.158089 0.122086  -0.782201 0.573655 -0.243066  0.854945 0.119057
chess_set_pieces_black
0  -0.270918 0.000037 0.121795  -0.971151 0.006264 -0.238382  0.851276 0.086733
0  -0.258596 0.083816 0.136747  -0.943645 0.314213 0.103940  0.856198 0.102595
0  -0.256954 0.083281 0.121975  -0.920613 0.308012 -0.240001  0.853329 0.102917
chess_set_pieces_black
0  -0.257975 -0.083558 0.121693  -0.922457 -0.299602 -0.243539  0.848889 0.070485
0  -0.272703 0.000035 0.136754  -0.994388 0.005534 0.105650  0.854176 0.086336
0  -0.270918 0.000037 0.121795  -0.971151 0.006264 -0.238382  0.851276 0.086733
chess_set_pieces_black
0  -0.219451 -0.158974 0.121698  -0.782992 -0.568269 -0.252971  0.846087 0.054188
0  -0.259708 -0.084133 0.136730  -0.946177 -0.305757 0.106123  0.851809 0.070016
0  -0.257975 -0.083558 0.121693  -0.922457 -0.299602 -0.243539  0.848889 0.070485
chess_set_pieces_black
0  -0.159788 -0.219205 0.121637  -0.574384 -0.776663 -0.258608  0.842667 0.037860
0  -0.221029 -0.160123 0.136730  -0.805865 -0.582692 0.105130  0.849006 0.053633
0  -0.219451 -0.158974 0.121698  -0.782992 -0.568269 -0.252971  0.846087 0.054188
chess_set_pieces_black
0  -0.084520 -0.258606 0.121423  -0.309696 -0.914306 -0.261021  0.838415 0.021779
0  -0.160951 -0.220778 0.136689  -0.591046 -0.799865 0.104307  0.845589 0.037174
0  -0.159788 -0.219205 0.121637  -0.574384 -0.776663 -0.258608  0.842667 0.037860
chess_set_pieces_black
0  -0.000572 -0.272866 0.121015  -0.002617 -0.964827 -0.262873  0.833716 0.006008
0  -0.085208 -0.260689 0.136607  -0.318578 -0.942272 0.103106  0.841293 0.020977
0  -0.084520 -0.258606 0.121423  -0.309696 -0.914306 -0.261021  0.838415 0.021779
chess_set_pieces_black
0  0.083415 -0.258961 0.121172  0.308101 -0.914220 -0.263202  0.839897 0.315838
0  -0.000585 -0.275262 0.136595  -0.002647 -0.994901 0.100823  0.838214 0.333593
0  -0.000572 -0.272866 0.121015  -0.002617 -0.964827 -0.262873  0.835132 0.332635
chess_set_pieces_black
0  0.158802 -0.219389 0.121537  0.575462 -0.775105 -0.260875  0.844273 0.298784
0  0.084109 -0.261110 0.136560  0.316297 -0.943553 0.098302  0.842991 0.316669
0  0.083415 -0.258961 0.121172  0.308101 -0.914220 -0.263202  0.839897 0.315838
chess_set_pieces_black
0  0.218299 -0.158975 0.121695  0.782055 -0.567840 -0.256804  0.847661 0.281619
0  0.160023 -0.221069 0.136693  0.592819 -0.799484 0.096907  0.847363 0.299484
0  0.158802 -0.219389 0.121537  0.575462 -0.775105 -0.260875  0.844273 0.298784
chess_set_pieces_black
0  0.257300 -0.083705 0.121571  0.917985 -0.304506 -0.254123  0.850428 0.264685
0  0.219859 -0.160110 0.136700  0.805904 -0.583829 0.098299  0.850727 0.282172
0  0.218299 -0.158975 0.121695  0.782055 -0.567840 -0.256804  0.847661 0.281619
chess_set_pieces_black
0  0.270862 0.000011 0.121439  0.967904 0.005054 -0.251268  0.852610 0.248013
0  0.259152 -0.084319 0.136735  0.944826 -0.311212 0.102232  0.853456 0.265127
0  0.257300 -0.083705 0.121571  0.917985 -0.304506 -0.254123  0.850428 0.264685
chess_set_pieces_black
0  0.256400 0.083505 0.121795  0.916761 0.313241 -0.247849  0.854419 0.231626
0  0.272839 0.000003 0.136687  0.994499 0.005473 0.104605  0.855615 0.248375
0  0.270862 0.000011 0.121439  0.967904 0.005054 -0.251268  0.852610 0.248013
chess_set_pieces_black
0  0.217086 0.158127 0.122079  0.779097 0.577158 -0.244739  0.855857 0.215461
0  0.258094 0.084059 0.136753  0.941639 0.320072 0.104261  0.857330 0.231909
0  0.256400 0.083505 0.121795  0.916761 0.313241 -0.247849  0.854419 0.231626
chess_set_pieces_black
0  0.157355 0.217372 0.122159  0.570657 0.785142 -0.240628  0.856634 0.199344
0  0.218438 0.159113 0.136773  0.799414 0.591680 0.104172  0.858701 0.215653
0  0.217086 0.158127 0.122079  0.779097 0.577158 -0.244739  0.855857 0.215461
chess_set_pieces_black
0  0.082561 0.255865 0.122093  0.305876 0.921870 -0.237899  0.856981 0.183317
0  0.158271 0.218629 0.136780  0.584422 0.804690 0.104525  0.859464 0.199444
0  0.157355 0.217372 0.122159  0.570657 0.785142 -0.240628  0.856634 0.199344
chess_set_pieces_black
0  -0.000554 0.269645 0.121939  0.002825 0.970644 -0.240505  0.857023 0.167298
0  0.083072 0.257428 0.136769  0.312652 0.944067 0.104810  0.859800 0.183350
0  0.082561 0.255865 0.122093  0.305876 0.921870 -0.237899  0.856981 0.183317
chess_set_pieces_black
0  -0.084423 0.258095 0.136741  -0.310612 0.944982 0.102615  0.536392 0.897608
0  -0.000563 0.263862 0.176223  0.003493 0.939045 0.343778  0.554625 0.888780
0  -0.000557 0.271364 0.136766  0.003453 0.994540 0.104297  0.555986 0.897608
chess_set_pieces_black
0  -0.159662 0.218973 0.136763  -0.587371 0.802950 0.101327  0.517273 0.891890
0  -0.082103 0.251010 0.176249  -0.293036 0.892324 0.343348  0.537682 0.888943
0  -0.084423 0.258095 0.136741  -0.310612 0.944982 0.102615  0.536392 0.897608
chess_set_pieces_black
0  -0.219594 0.159123 0.136764  -0.802931 0.587226 0.102308  0.500993 0.879895
0  -0.155383 0.213080 0.176050  -0.554906 0.758548 0.341592  0.521442 0.883628
0  -0.159662 0.218973 0.136763  -0.587371 0.802950 0.101327  0.517273 0.891890
chess_set_pieces_black
0  -0.258596 0.083816 0.136747  -0.943645 0.314213 0.103940  0.489464 0.863581
0  -0.213662 0.154811 0.176053  -0.758699 0.554669 0.341639  0.507471 0.873589
0  -0.219594 0.159123 0.136764  -0.802931 0.587226 0.102308  0.500993 0.879895
chess_set_pieces_black
0  -0.272703 0.000035 0.136754  -0.994388 0.005534 0.105650  0.483633 0.844710
0  -0.251495 0.081528 0.176214  -0.891021 0.296632 0.343644  0.497535 0.859655
0  -0.258596 0.083816 0.136747  -0.943645 0.314213 0.103940  0.489464 0.863581
chess_set_pieces_black
0  -0.259708 -0.084133 0.136730  -0.946177 -0.305757 0.106123  0.483928 0.825174
0  -0.265124 0.000024 0.176464  -0.937917 0.004795 0.346825  0.492451 0.843480
0  -0.272703 0.000035 0.136754  -0.994388 0.005534 0.105650  0.483633 0.844710
chess_set_pieces_black
0  -0.221029 -0.160123 0.136730  -0.805865 -0.582692 0.105130  0.489950 0.806384
0  -0.252256 -0.081738 0.176514  -0.891697 -0.288330 0.348917  0.492539 0.826599
0  -0.259708 -0.084133 0.136730  -0.946177 -0.305757 0.106123  0.483928 0.825174
chess_set_pieces_black
0  -0.160951 -0.220778 0.136689  -0.591046 -0.799865 0.104307  0.501999 0.790761
0  -0.214799 -0.155606 0.176541  -0.759259 -0.548826 0.349737  0.498052 0.810646
0  -0.221029 -0.160123 0.136730  -0.805865 -0.582692 0.105130  0.489950 0.806384
chess_set_pieces_black
0  -0.085208 -0.260689 0.136607  -0.318578 -0.942272 0.103106  0.517897 0.779817
0  -0.156344 -0.214419 0.176654  -0.556686 -0.752985 0.350876  0.508090 0.797221
0  -0.160951 -0.220778 0.136689  -0.591046 -0.799865 0.104307  0.501999 0.790761
chess_set_pieces_black
0  -0.000585 -0.275262 0.136595  -0.002647 -0.994901 0.100823  0.535973 0.774377
0  -0.082773 -0.253105 0.177056  -0.300297 -0.885907 0.353540  0.521658 0.787726
0  -0.085208 -0.260689 0.136607  -0.318578 -0.942272 0.103106  0.517897 0.779817
chess_set_pieces_black
0  0.084109 -0.261110 0.136560  0.316297 -0.943553 0.098302  0.554777 0.774281
0  -0.000608 -0.267067 0.177358  -0.003518 -0.935124 0.354304  0.537235 0.782825
0  -0.000585 -0.275262 0.136595  -0.002647 -0.994901 0.100823  0.535973 0.774377
chess_set_pieces_black
0  0.160023 -0.221069 0.136693  0.592819 -0.799484 0.096907  0.573136 0.780059
0  0.081771 -0.253727 0.177231  0.297132 -0.888044 0.350843  0.553505 0.782943
0  0.084109 -0.261110 0.136560  0.316297 -0.943553 0.098302  0.554777 0.774281
chess_set_pieces_black
0  0.219859 -0.160110 0.136700  0.805904 -0.583829 0.098299  0.589087 0.791248
0  0.155577 -0.214971 0.176870  0.558796 -0.753479 0.346434  0.569262 0.787990
0  0.160023 -0.221069 0.136693  0.592819 -0.799484 0.096907  0.573136 0.780059
chess_set_pieces_black
0  0.259152 -0.084319 0.136735  0.944826 -0.311212 0.102232  0.600489 0.806890
0  0.213989 -0.155843 0.176676  0.760423 -0.550101 0.345176  0.582757 0.797707
0  0.219859 -0.160110 0.136700  0.805904 -0.583829 0.098299  0.589087 0.791248
chess_set_pieces_black
0  0.272839 0.000003 0.136687  0.994499 0.005473 0.104605  0.606637 0.824798
0  0.251743 -0.081946 0.176725  0.890834 -0.292515 0.347634  0.592728 0.810910
0  0.259152 -0.084319 0.136735  0.944826 -0.311212 0.102232  0.600489 0.806890
chess_set_pieces_black
0  0.258094 0.084059 0.136753  0.941639 0.320072 0.104261  0.607445 0.843856
0  0.265018 -0.000007 0.176849  0.937068 0.005303 0.349108  0.598260 0.826385
0  0.272839 0.000003 0.136687  0.994499 0.005473 0.104605  0.606637 0.824798
chess_set_pieces_black
0  0.218438 0.159113 0.136773  0.799414 0.591680 0.104172  0.602309 0.862679
0  0.250896 0.081719 0.176430  0.888324 0.302251 0.345723  0.598761 0.842895
0  0.258094 0.084059 0.136753  0.941639 0.320072 0.104261  0.607445 0.843856
chess_set_pieces_black
0  0.158271 0.218629 0.136780  0.584422 0.804690 0.104525  0.591251 0.879464
0  0.212512 0.154819 0.176048  0.755040 0.559228 0.342314  0.594195 0.859010
0  0.218438 0.159113 0.136773  0.799414 0.591680 0.104172  0.602309 0.862679
chess_set_pieces_black
0  0.083072 0.257428 0.136769  0.312652 0.944067 0.104810  0.574929 0.891501
0  0.153989 0.212735 0.175897  0.552251 0.760656 0.341205  0.584543 0.873051
0  0.158271 0.218629 0.136780  0.584422 0.804690 0.104525  0.591251 0.879464
chess_set_pieces_black
0  -0.000557 0.271364 0.136766  0.003453 0.994540 0.104297  0.555986 0.897608
0  0.080797 0.250455 0.176040  0.295498 0.891882 0.342384  0.570827 0.883446
0  0.083072 0.257428 0.136769  0.312652 0.944067 0.104810  0.574929 0.891501
chess_set_pieces_black
0  -0.082103 0.251010 0.176249  -0.293036 0.892324 0.343348  0.537682 0.888943
0  -0.000562 0.242029 0.215648  0.003278 0.800691 0.599069  0.553179 0.879999
0  -0.000563 0.263862 0.176223  0.003493 0.939045 0.343778  0.554625 0.888780
chess_set_pieces_black
0  -0.155383 0.213080 0.176050  -0.554906 0.758548 0.341592  0.521442 0.883628
0  -0.075349 0.230233 0.215699  -0.249704 0.760608 0.599269  0.538972 0.880008
0  -0.082103 0.251010 0.176249  -0.293036 0.892324 0.343348  0.537682 0.888943
chess_set_pieces_black
0  -0.213662 0.154811 0.176053  -0.758699 0.554669 0.341639  0.507471 0.873589
0  -0.142662 0.195571 0.215406  -0.473425 0.647273 0.597416  0.525410 0.875577
0  -0.155383 0.213080 0.176050  -0.554906 0.758548 0.341592  0.521442 0.883628
chess_set_pieces_black
0  -0.251495 0.081528 0.176214  -0.891021 0.296632 0.343644  0.497535 0.859655
0  -0.196169 0.142090 0.215423  -0.647591 0.473641 0.596900  0.513940 0.867155
0  -0.213662 0.154811 0.176053  -0.758699 0.554669 0.341639  0.507471 0.873589
chess_set_pieces_black
0  -0.265124 0.000024 0.176464  -0.937917 0.004795 0.346825  0.492451 0.843480
0  -0.230761 0.074788 0.215651  -0.759933 0.253058 0.598718  0.505617 0.855716
0  -0.251495 0.081528 0.176214  -0.891021 0.296632 0.343644  0.497535 0.859655
chess_set_pieces_black
0  -0.252256 -0.081738 0.176514  -0.891697 -0.288330 0.348917  0.492539 0.826599
0  -0.243014 0.000022 0.216008  -0.798820 0.003654 0.601559  0.501307 0.842265
0  -0.265124 0.000024 0.176464  -0.937917 0.004795 0.346825  0.492451 0.843480
chess_set_pieces_black
0  -0.214799 -0.155606 0.176541  -0.759259 -0.548826 0.349737  0.498052 0.810646
0  -0.231140 -0.074878 0.215993  -0.759022 -0.245807 0.602880  0.501362 0.828175
0  -0.252256 -0.081738 0.176514  -0.891697 -0.288330 0.348917  0.492539 0.826599
chess_set_pieces_black
0  -0.156344 -0.214419 0.176654  -0.556686 -0.752985 0.350876  0.508090 0.797221
0  -0.196760 -0.142503 0.216068  -0.646038 -0.466890 0.603861  0.505831 0.814823
0  -0.214799 -0.155606 0.176541  -0.759259 -0.548826 0.349737  0.498052 0.810646
chess_set_pieces_black
0  -0.082773 -0.253105 0.177056  -0.300297 -0.885907 0.353540  0.521658 0.787726
0  -0.143196 -0.196312 0.216195  -0.473395 -0.639567 0.605683  0.514165 0.803509
0  -0.156344 -0.214419 0.176654  -0.556686 -0.752985 0.350876  0.508090 0.797221
chess_set_pieces_black
0  -0.000608 -0.267067 0.177358  -0.003518 -0.935124 0.354304  0.537235 0.782825
0  -0.075696 -0.231429 0.216874  -0.255142 -0.750092 0.610135  0.525568 0.795649
0  -0.082773 -0.253105 0.177056  -0.300297 -0.885907 0.353540  0.521658 0.787726
chess_set_pieces_black
0  0.081771 -0.253727 0.177231  0.297132 -0.888044 0.350843  0.553505 0.782943
0  -0.000607 -0.243997 0.217429  -0.004116 -0.789678 0.613508  0.538541 0.791457
0  -0.000608 -0.267067 0.177358  -0.003518 -0.935124 0.354304  0.537235 0.782825
chess_set_pieces_black
0  0.155577 -0.214971 0.176870  0.558796 -0.753479 0.346434  0.569262 0.787990
0  0.074693 -0.231985 0.217383  0.250617 -0.749958 0.612172  0.552191 0.791621
0  0.081771 -0.253727 0.177231  0.297132 -0.888044 0.350843  0.553505 0.782943
chess_set_pieces_black
0  0.213989 -0.155843 0.176676  0.760423 -0.550101 0.345176  0.582757 0.797707
0  0.142363 -0.196783 0.216734  0.473287 -0.637325 0.608125  0.565261 0.795953
0  0.155577 -0.214971 0.176870  0.558796 -0.753479 0.346434  0.569262 0.787990
chess_set_pieces_black
0  0.251743 -0.081946 0.176725  0.890834 -0.292515 0.347634  0.592728 0.810910
0  0.195956 -0.142743 0.216399  0.644834 -0.465903 0.605908  0.576686 0.803947
0  0.213989 -0.155843 0.176676  0.760423 -0.550101 0.345176  0.582757 0.797707
chess_set_pieces_black
0  0.265018 -0.000007 0.176849  0.937068 0.005303 0.349108  0.598260 0.826385
0  0.230523 -0.075049 0.216516  0.755776 -0.247606 0.606213  0.585021 0.815127
0  0.251743 -0.081946 0.176725  0.890834 -0.292515 0.347634  0.592728 0.810910
chess_set_pieces_black
0  0.250896 0.081719 0.176430  0.888324 0.302251 0.345723  0.598761 0.842895
0  0.242540 0.000046 0.216622  0.795137 0.004899 0.606410  0.589618 0.828108
0  0.265018 -0.000007 0.176849  0.937068 0.005303 0.349108  0.598260 0.826385
chess_set_pieces_black
0  0.212512 0.154819 0.176048  0.755040 0.559228 0.342314  0.594195 0.859010
0  0.229944 0.074907 0.215955  0.755608 0.257695 0.602205  0.590032 0.841911
0  0.250896 0.081719 0.176430  0.888324 0.302251 0.345723  0.598761 0.842895
chess_set_pieces_black
0  0.153989 0.212735 0.175897  0.552251 0.760656 0.341205  0.584543 0.873051
0  0.194990 0.142090 0.215377  0.644095 0.477497 0.597610  0.586128 0.855311
0  0.212512 0.154819 0.176048  0.755040 0.559228 0.342314  0.594195 0.859010
chess_set_pieces_black
0  0.080797 0.250455 0.176040  0.295498 0.891882 0.342384  0.570827 0.883446
0  0.141330 0.195329 0.215135  0.471746 0.650069 0.595706  0.578039 0.866930
0  0.153989 0.212735 0.175897  0.552251 0.760656 0.341205  0.584543 0.873051
chess_set_pieces_black
0  -0.000563 0.263862 0.176223  0.003493 0.939045 0.343778  0.554625 0.888780
0  0.074091 0.229831 0.215341  0.252461 0.761408 0.597095  0.566603 0.875391
0  0.080797 0.250455 0.176040  0.295498 0.891882 0.342384  0.570827 0.883446
chess_set_pieces_black
0  -0.075349 0.230233 0.215699  -0.249704 0.760608 0.599269  0.538972 0.880008
0  -0.000562 0.211397 0.245122  0.002620 0.622865 0.782325  0.551961 0.872226
0  -0.000562 0.242029 0.215648  0.003278 0.800691 0.599069  0.553179 0.879999
chess_set_pieces_black
0  -0.142662 0.195571 0.215406  -0.473425 0.647273 0.597416  0.525410 0.875577
0  -0.065852 0.201055 0.245122  -0.194609 0.589958 0.783630  0.540269 0.872272
0  -0.075349 0.230233 0.215699  -0.249704 0.760608 0.599269  0.538972 0.880008
chess_set_pieces_black
0  -0.196169 0.142090 0.215423  -0.647591 0.473641 0.596900  0.513940 0.867155
0  -0.124716 0.170917 0.244901  -0.366727 0.501261 0.783740  0.529023 0.868643
0  -0.142662 0.195571 0.215406  -0.473425 0.647273 0.597416  0.525410 0.875577
chess_set_pieces_black
0  -0.230761 0.074788 0.215651  -0.759933 0.253058 0.598718  0.505617 0.855716
0  -0.171528 0.124177 0.244966  -0.501458 0.368478 0.782793  0.519415 0.861693
0  -0.196169 0.142090 0.215423  -0.647591 0.473641 0.596900  0.513940 0.867155
chess_set_pieces_black
0  -0.243014 0.000022 0.216008  -0.798820 0.003654 0.601559  0.501307 0.842265
0  -0.201678 0.065324 0.245190  -0.591781 0.198631 0.781243  0.512554 0.852139
0  -0.230761 0.074788 0.215651  -0.759933 0.253058 0.598718  0.505617 0.855716
chess_set_pieces_black
0  -0.231140 -0.074878 0.215993  -0.759022 -0.245807 0.602880  0.501362 0.828175
0  -0.212178 0.000025 0.245480  -0.624505 0.002980 0.781015  0.509032 0.841076
0  -0.243014 0.000022 0.216008  -0.798820 0.003654 0.601559  0.501307 0.842265
chess_set_pieces_black
0  -0.196760 -0.142503 0.216068  -0.646038 -0.466890 0.603861  0.505831 0.814823
0  -0.201875 -0.065354 0.245458  -0.592670 -0.192812 0.782027  0.508998 0.829499
0  -0.231140 -0.074878 0.215993  -0.759022 -0.245807 0.602880  0.501362 0.828175
chess_set_pieces_black
0  -0.143196 -0.196312 0.216195  -0.473395 -0.639567 0.605683  0.514165 0.803509
0  -0.171828 -0.124373 0.245465  -0.503561 -0.364026 0.783525  0.512619 0.818414
0  -0.196760 -0.142503 0.216068  -0.646038 -0.466890 0.603861  0.505831 0.814823
chess_set_pieces_black
0  -0.075696 -0.231429 0.216874  -0.255142 -0.750092 0.610135  0.525568 0.795649
0  -0.125028 -0.171315 0.245634  -0.368981 -0.497724 0.784936  0.519515 0.809056
0  -0.143196 -0.196312 0.216195  -0.473395 -0.639567 0.605683  0.514165 0.803509
chess_set_pieces_black
0  -0.000607 -0.243997 0.217429  -0.004116 -0.789678 0.613508  0.538541 0.791457
0  -0.066033 -0.201649 0.246021  -0.198885 -0.582973 0.787773  0.528869 0.802426
0  -0.075696 -0.231429 0.216874  -0.255142 -0.750092 0.610135  0.525568 0.795649
chess_set_pieces_black
0  0.074693 -0.231985 0.217383  0.250617 -0.749958 0.612172  0.552191 0.791621
0  -0.000594 -0.212257 0.246460  -0.003383 -0.611699 0.791083  0.539625 0.799007
0  -0.000607 -0.243997 0.217429  -0.004116 -0.789678 0.613508  0.538541 0.791457
chess_set_pieces_black
0  0.142363 -0.196783 0.216734  0.473287 -0.637325 0.608125  0.565261 0.795953
0  0.064897 -0.201868 0.246337  0.194344 -0.578740 0.792017  0.550939 0.799073
0  0.074693 -0.231985 0.217383  0.250617 -0.749958 0.612172  0.552191 0.791621
chess_set_pieces_black
0  0.195956 -0.142743 0.216399  0.644834 -0.465903 0.605908  0.576686 0.803947
0  0.123973 -0.171465 0.245909  0.365954 -0.491531 0.790237  0.561792 0.802746
0  0.142363 -0.196783 0.216734  0.473287 -0.637325 0.608125  0.565261 0.795953
chess_set_pieces_black
0  0.230523 -0.075049 0.216516  0.755776 -0.247606 0.606213  0.585021 0.815127
0  0.170766 -0.124449 0.245664  0.498518 -0.360240 0.788484  0.571324 0.809474
0  0.195956 -0.142743 0.216399  0.644834 -0.465903 0.605908  0.576686 0.803947
chess_set_pieces_black
0  0.242540 0.000046 0.216622  0.795137 0.004899 0.606410  0.589618 0.828108
0  0.200881 -0.065419 0.245710  0.585263 -0.192224 0.787729  0.578310 0.818809
0  0.230523 -0.075049 0.216516  0.755776 -0.247606 0.606213  0.585021 0.815127
chess_set_pieces_black
0  0.229944 0.074907 0.215955  0.755608 0.257695 0.602205  0.590032 0.841911
0  0.211293 0.000033 0.245854  0.616960 0.004021 0.786984  0.582120 0.829552
0  0.242540 0.000046 0.216622  0.795137 0.004899 0.606410  0.589618 0.828108
chess_set_pieces_black
0  0.194990 0.142090 0.215377  0.644095 0.477497 0.597610  0.586128 0.855311
0  0.200599 0.065350 0.245343  0.586842 0.201342 0.784269  0.582412 0.840903
0  0.229944 0.074907 0.215955  0.755608 0.257695 0.602205  0.590032 0.841911
chess_set_pieces_black
0  0.141330 0.195329 0.215135  0.471746 0.650069 0.595706  0.578039 0.866930
0  0.170336 0.124162 0.244923  0.499981 0.371479 0.782319  0.579199 0.851986
0  0.194990 0.142090 0.215377  0.644095 0.477497 0.597610  0.586128 0.855311
chess_set_pieces_black
0  0.074091 0.229831 0.215341  0.252461 0.761408 0.597095  0.566603 0.875391
0  0.123514 0.170827 0.244766  0.366747 0.505232 0.781177  0.572440 0.861566
0  0.141330 0.195329 0.215135  0.471746 0.650069 0.595706  0.578039 0.866930
chess_set_pieces_black
0  -0.000562 0.242029 0.215648  0.003278 0.800691 0.599069  0.553179 0.879999
0  0.064668 0.200882 0.244872  0.197100 0.592451 0.781123  0.562993 0.868489
0  0.074091 0.229831 0.215341  0.252461 0.761408 0.597095  0.566603 0.875391
chess_set_pieces_black
0  -0.065852 0.201055 0.245122  -0.194609 0.589958 0.783630  0.540269 0.872272
0  -0.000597 0.179090 0.265026  0.002002 0.598177 0.801362  0.550889 0.865707
0  -0.000562 0.211397 0.245122  0.002620 0.622865 0.782325  0.551961 0.872226
chess_set_pieces_black
0  -0.124716 0.170917 0.244901  -0.366727 0.501261 0.783740  0.529023 0.868643
0  -0.055668 0.170146 0.264919  -0.188396 0.566971 0.801905  0.541341 0.865698
0  -0.065852 0.201055 0.245122  -0.194609 0.589958 0.783630  0.540269 0.872272
chess_set_pieces_black
0  -0.171528 0.124177 0.244966  -0.501458 0.368478 0.782793  0.519415 0.861693
0  -0.105374 0.144418 0.264641  -0.353180 0.482494 0.801538  0.532074 0.862662
0  -0.124716 0.170917 0.244901  -0.366727 0.501261 0.783740  0.529023 0.868643
chess_set_pieces_black
0  -0.201678 0.065324 0.245190  -0.591781 0.198631 0.781243  0.512554 0.852139
0  -0.145089 0.104906 0.264676  -0.481499 0.356428 0.800698  0.524153 0.856923
0  -0.171528 0.124177 0.244966  -0.501458 0.368478 0.782793  0.519415 0.861693
chess_set_pieces_black
0  -0.212178 0.000025 0.245480  -0.624505 0.002980 0.781015  0.509032 0.841076
0  -0.171086 0.055246 0.265102  -0.569096 0.194104 0.799033  0.518399 0.849134
0  -0.201678 0.065324 0.245190  -0.591781 0.198631 0.781243  0.512554 0.852139
chess_set_pieces_black
0  -0.201875 -0.065354 0.245458  -0.592670 -0.192812 0.782027  0.508998 0.829499
0  -0.180352 0.000074 0.265436  -0.601942 0.003281 0.798533  0.515423 0.840080
0  -0.212178 0.000025 0.245480  -0.624505 0.002980 0.781015  0.509032 0.841076
chess_set_pieces_black
0  -0.171828 -0.124373 0.245465  -0.503561 -0.364026 0.783525  0.512619 0.818414
0  -0.171375 -0.055284 0.265363  -0.571579 -0.187232 0.798900  0.515414 0.830574
0  -0.201875 -0.065354 0.245458  -0.592670 -0.192812 0.782027  0.508998 0.829499
chess_set_pieces_black
0  -0.125028 -0.171315 0.245634  -0.368981 -0.497724 0.784936  0.519515 0.809056
0  -0.145822 -0.105406 0.265146  -0.486889 -0.352177 0.799319  0.518382 0.821379
0  -0.171828 -0.124373 0.245465  -0.503561 -0.364026 0.783525  0.512619 0.818414
chess_set_pieces_black
0  -0.066033 -0.201649 0.246021  -0.198885 -0.582973 0.787773  0.528869 0.802426
0  -0.106010 -0.145331 0.265322  -0.357301 -0.481951 0.800037  0.524073 0.813619
0  -0.125028 -0.171315 0.245634  -0.368981 -0.497724 0.784936  0.519515 0.809056
chess_set_pieces_black
0  -0.000594 -0.212257 0.246460  -0.003383 -0.611699 0.791083  0.539625 0.799007
0  -0.056001 -0.171370 0.265513  -0.192037 -0.565332 0.802198  0.531747 0.808027
0  -0.066033 -0.201649 0.246021  -0.198885 -0.582973 0.787773  0.528869 0.802426
chess_set_pieces_black
0  0.064897 -0.201868 0.246337  0.194344 -0.578740 0.792017  0.550939 0.799073
0  -0.000576 -0.180487 0.265789  -0.002020 -0.592893 0.805279  0.540551 0.805174
0  -0.000594 -0.212257 0.246460  -0.003383 -0.611699 0.791083  0.539625 0.799007
chess_set_pieces_black
0  0.123973 -0.171465 0.245909  0.365954 -0.491531 0.790237  0.561792 0.802746
0  0.054852 -0.171437 0.265632  0.189488 -0.561130 0.805746  0.549839 0.805298
0  0.064897 -0.201868 0.246337  0.194344 -0.578740 0.792017  0.550939 0.799073
chess_set_pieces_black
0  0.170766 -0.124449 0.245664  0.498518 -0.360240 0.788484  0.571324 0.809474
0  0.104927 -0.145429 0.265181  0.355043 -0.477393 0.803767  0.558800 0.808461
0  0.123973 -0.171465 0.245909  0.365954 -0.491531 0.790237  0.561792 0.802746
chess_set_pieces_black
0  0.200881 -0.065419 0.245710  0.585263 -0.192224 0.787729  0.578310 0.818809
0  0.144621 -0.105377 0.265208  0.483236 -0.349436 0.802731  0.566759 0.814183
0  0.170766 -0.124449 0.245664  0.498518 -0.360240 0.788484  0.571324 0.809474
chess_set_pieces_black
0  0.211293 0.000033 0.245854  0.616960 0.004021 0.786984  0.582120 0.829552
0  0.170333 -0.055328 0.265225  0.566105 -0.186219 0.803024  0.572658 0.821950
0  0.200881 -0.065419 0.245710  0.585263 -0.192224 0.787729  0.578310 0.818809
chess_set_pieces_black
0  0.200599 0.065350 0.245343  0.586842 0.201342 0.784269  0.582412 0.840903
0  0.179238 0.000095 0.265442  0.595598 0.003214 0.803276  0.575851 0.830712
0  0.211293 0.000033 0.245854  0.616960 0.004021 0.786984  0.582120 0.829552
chess_set_pieces_black
0  0.170336 0.124162 0.244923  0.499981 0.371479 0.782319  0.579199 0.851986
0  0.170048 0.055291 0.265063  0.565943 0.194847 0.801089  0.576104 0.840017
0  0.200599 0.065350 0.245343  0.586842 0.201342 0.784269  0.582412 0.840903
chess_set_pieces_black
0  0.123514 0.170827 0.244766  0.366747 0.505232 0.781177  0.572440 0.861566
0  0.144070 0.104977 0.264677  0.481428 0.358401 0.799860  0.573277 0.849072
0  0.170336 0.124162 0.244923  0.499981 0.371479 0.782319  0.579199 0.851986
chess_set_pieces_black
0  0.064668 0.200882 0.244872  0.197100 0.592451 0.781123  0.562993 0.868489
0  0.104306 0.144475 0.264549  0.352948 0.485563 0.799785  0.567719 0.856949
0  0.123514 0.170827 0.244766  0.366747 0.505232 0.781177  0.572440 0.861566
chess_set_pieces_black
0  -0.000562 0.211397 0.245122  0.002620 0.622865 0.782325  0.551961 0.872226
0  0.054545 0.170027 0.264827  0.189823 0.568980 0.800143  0.559930 0.862674
0  0.064668 0.200882 0.244872  0.197100 0.592451 0.781123  0.562993 0.868489
chess_set_pieces_black
0  -0.055668 0.170146 0.264919  -0.188396 0.566971 0.801905  0.541341 0.865698
0  -0.000581 0.176203 0.271839  0.001158 0.998299 -0.058291  0.550692 0.864489
0  -0.000597 0.179090 0.265026  0.002002 0.598177 0.801362  0.550889 0.865707
chess_set_pieces_black
0  -0.105374 0.144418 0.264641  -0.353180 0.482494 0.801538  0.532074 0.862662
0  -0.054943 0.167551 0.271778  -0.313298 0.947889 -0.057886  0.541526 0.864433
0  -0.055668 0.170146 0.264919  -0.188396 0.566971 0.801905  0.541341 0.865698
chess_set_pieces_black
0  -0.145089 0.104906 0.264676  -0.481499 0.356428 0.800698  0.524153 0.856923
0  -0.103949 0.142345 0.271727  -0.587802 0.807128 -0.055070  0.532684 0.861451
0  -0.105374 0.144418 0.264641  -0.353180 0.482494 0.801538  0.532074 0.862662
chess_set_pieces_black
0  -0.171086 0.055246 0.265102  -0.569096 0.194104 0.799033  0.518399 0.849134
0  -0.142980 0.103473 0.271691  -0.803985 0.592185 -0.054080  0.525080 0.856011
0  -0.145089 0.104906 0.264676  -0.481499 0.356428 0.800698  0.524153 0.856923
chess_set_pieces_black
0  -0.180352 0.000074 0.265436  -0.601942 0.003281 0.798533  0.515423 0.840080
0  -0.168722 0.054574 0.271763  -0.944941 0.321808 -0.059380  0.519495 0.848591
0  -0.171086 0.055246 0.265102  -0.569096 0.194104 0.799033  0.518399 0.849134
chess_set_pieces_black
0  -0.171375 -0.055284 0.265363  -0.571579 -0.187232 0.798900  0.515414 0.830574
0  -0.177984 0.000058 0.271765  -0.997562 0.004433 -0.069652  0.516524 0.839906
0  -0.180352 0.000074 0.265436  -0.601942 0.003281 0.798533  0.515423 0.840080
chess_set_pieces_black
0  -0.145822 -0.105406 0.265146  -0.486889 -0.352177 0.799319  0.518382 0.821379
0  -0.169088 -0.054641 0.271755  -0.948341 -0.306946 -0.080208  0.516562 0.830747
0  -0.171375 -0.055284 0.265363  -0.571579 -0.187232 0.798900  0.515414 0.830574
chess_set_pieces_black
0  -0.106010 -0.145331 0.265322  -0.357301 -0.481951 0.800037  0.524073 0.813619
0  -0.144091 -0.104207 0.271720  -0.807373 -0.583617 -0.086831  0.519459 0.821929
0  -0.145822 -0.105406 0.265146  -0.486889 -0.352177 0.799319  0.518382 0.821379
chess_set_pieces_black
0  -0.056001 -0.171370 0.265513  -0.192037 -0.565332 0.802198  0.531747 0.808027
0  -0.104939 -0.143708 0.271636  -0.590527 -0.802182 -0.088212  0.524846 0.814415
0  -0.106010 -0.145331 0.265322  -0.357301 -0.481951 0.800037  0.524073 0.813619
chess_set_pieces_black
0  -0.000576 -0.180487 0.265789  -0.002020 -0.592893 0.805279  0.540551 0.805174
0  -0.055479 -0.169393 0.271773  -0.312522 -0.946496 -0.080467  0.532267 0.808988
0  -0.056001 -0.171370 0.265513  -0.192037 -0.565332 0.802198  0.531747 0.808027
chess_set_pieces_black
0  0.054852 -0.171437 0.265632  0.189488 -0.561130 0.805746  0.549839 0.805298
0  -0.000586 -0.178107 0.271930  0.003720 -0.997985 -0.063342  0.540708 0.806233
0  -0.000576 -0.180487 0.265789  -0.002020 -0.592893 0.805279  0.540551 0.805174
chess_set_pieces_black
0  0.104927 -0.145429 0.265181  0.355043 -0.477393 0.803767  0.558800 0.808461
0  0.054311 -0.169228 0.271903  0.316705 -0.947196 -0.050165  0.549661 0.806412
0  0.054852 -0.171437 0.265632  0.189488 -0.561130 0.805746  0.549839 0.805298
chess_set_pieces_black
0  0.144621 -0.105377 0.265208  0.483236 -0.349436 0.802731  0.566759 0.814183
0  0.103776 -0.143638 0.271834  0.591467 -0.804854 -0.048750  0.558194 0.809468
0  0.104927 -0.145429 0.265181  0.355043 -0.477393 0.803767  0.558800 0.808461
chess_set_pieces_black
0  0.170333 -0.055328 0.265225  0.566105 -0.186219 0.803024  0.572658 0.821950
0  0.142918 -0.104203 0.271679  0.811839 -0.582510 -0.039998  0.565940 0.815030
0  0.144621 -0.105377 0.265208  0.483236 -0.349436 0.802731  0.566759 0.814183
chess_set_pieces_black
0  0.179238 0.000095 0.265442  0.595598 0.003214 0.803276  0.575851 0.830712
0  0.167767 -0.054657 0.272000  0.951378 -0.307446 -0.018881  0.571631 0.822588
0  0.170333 -0.055328 0.265225  0.566105 -0.186219 0.803024  0.572658 0.821950
chess_set_pieces_black
0  0.170048 0.055291 0.265063  0.565943 0.194847 0.801089  0.576104 0.840017
0  0.176554 0.000031 0.271926  0.999684 -0.002495 -0.025003  0.574723 0.830915
0  0.179238 0.000095 0.265442  0.595598 0.003214 0.803276  0.575851 0.830712
chess_set_pieces_black
0  0.144070 0.104977 0.264677  0.481428 0.358401 0.799860  0.573277 0.849072
0  0.167586 0.054577 0.271814  0.947274 0.316793 -0.048110  0.574883 0.839857
0  0.170048 0.055291 0.265063  0.565943 0.194847 0.801089  0.576104 0.840017
chess_set_pieces_black
0  0.104306 0.144475 0.264549  0.352948 0.485563 0.799785  0.567719 0.856949
0  0.141882 0.103481 0.271749  0.803742 0.592416 -0.055157  0.572106 0.848505
0  0.144070 0.104977 0.264677  0.481428 0.358401 0.799860  0.573277 0.849072
chess_set_pieces_black
0  0.054545 0.170027 0.264827  0.189823 0.568980 0.800143  0.559930 0.862674
0  0.102797 0.142335 0.271645  0.586116 0.808303 -0.055806  0.566764 0.855994
0  0.104306 0.144475 0.264549  0.352948 0.485563 0.799785  0.567719 0.856949
chess_set_pieces_black
0  -0.000597 0.179090 0.265026  0.002002 0.598177 0.801362  0.550889 0.865707
0  0.053762 0.167356 0.271761  0.311212 0.948623 -0.057118  0.559348 0.861527
0  0.054545 0.170027 0.264827  0.189823 0.568980 0.800143  0.559930 0.862674
chess_set_pieces_black
0  -0.054943 0.167551 0.271778  -0.313298 0.947889 -0.057886  0.703795 0.492144
0  -0.000583 0.180513 0.289639  0.000911 0.998860 0.047723  0.693862 0.484661
0  -0.000581 0.176203 0.271839  0.001158 0.998299 -0.058291  0.696826 0.481793
chess_set_pieces_black
0  -0.103949 0.142345 0.271727  -0.587802 0.807128 -0.055070  0.707179 0.503903
0  -0.056271 0.171498 0.289632  -0.312674 0.948545 0.049982  0.700219 0.493826
0  -0.054943 0.167551 0.271778  -0.313298 0.947889 -0.057886  0.703795 0.492144
chess_set_pieces_black
0  -0.142980 0.103473 0.271691  -0.803985 0.592185 -0.054080  0.707178 0.516087
0  -0.106235 0.145442 0.289645  -0.588906 0.806677 0.049611  0.703425 0.504437
0  -0.103949 0.142345 0.271727  -0.587802 0.807128 -0.055070  0.707179 0.503903
chess_set_pieces_black
0  -0.168722 0.054574 0.271763  -0.944941 0.321808 -0.059380  0.703465 0.527835
0  -0.146073 0.105744 0.289660  -0.804111 0.591999 0.054247  0.703295 0.515490
0  -0.142980 0.103473 0.271691  -0.803985 0.592185 -0.054080  0.707178 0.516087
chess_set_pieces_black
0  -0.177984 0.000058 0.271765  -0.997562 0.004433 -0.069652  0.696304 0.537939
0  -0.172396 0.055808 0.289756  -0.945541 0.319059 0.064445  0.699917 0.526079
0  -0.168722 0.054574 0.271763  -0.944941 0.321808 -0.059380  0.703465 0.527835
chess_set_pieces_black
0  -0.169088 -0.054641 0.271755  -0.948341 -0.306946 -0.080208  0.686247 0.545353
0  -0.182054 0.000035 0.289681  -0.997750 0.005586 0.066819  0.693462 0.535162
0  -0.177984 0.000058 0.271765  -0.997562 0.004433 -0.069652  0.696304 0.537939
chess_set_pieces_black
0  -0.144091 -0.104207 0.271720  -0.807373 -0.583617 -0.086831  0.674301 0.549302
0  -0.173172 -0.056007 0.289513  -0.949765 -0.307162 0.059985  0.684411 0.541819
0  -0.169088 -0.054641 0.271755  -0.948341 -0.306946 -0.080208  0.686247 0.545353
chess_set_pieces_black
0  -0.104939 -0.143708 0.271636  -0.590527 -0.802182 -0.088212  0.661644 0.549396
0  -0.147520 -0.106799 0.289609  -0.808938 -0.584975 0.058514  0.673630 0.545335
0  -0.144091 -0.104207 0.271720  -0.807373 -0.583617 -0.086831  0.674301 0.549302
chess_set_pieces_black
0  -0.055479 -0.169393 0.271773  -0.312522 -0.946496 -0.080467  0.649388 0.545521
0  -0.107318 -0.146947 0.289607  -0.590606 -0.804575 0.061991  0.662250 0.545370
0  -0.104939 -0.143708 0.271636  -0.590527 -0.802182 -0.088212  0.661644 0.549396
chess_set_pieces_black
0  -0.000586 -0.178107 0.271930  0.003720 -0.997985 -0.063342  0.639299 0.537632
0  -0.056843 -0.173366 0.289569  -0.310883 -0.948173 0.065720  0.651345 0.541804
0  -0.055479 -0.169393 0.271773  -0.312522 -0.946496 -0.080467  0.649388 0.545521
chess_set_pieces_black
0  0.054311 -0.169228 0.271903  0.316705 -0.947196 -0.050165  0.632223 0.527218
0  -0.000638 -0.181800 0.289577  0.003919 -0.997729 0.067239  0.642200 0.534919
0  -0.000586 -0.178107 0.271930  0.003720 -0.997985 -0.063342  0.639299 0.537632
chess_set_pieces_black
0  0.103776 -0.143638 0.271834  0.591467 -0.804854 -0.048750  0.628772 0.515260
0  0.055481 -0.172581 0.289576  0.315146 -0.946679 0.066952  0.635749 0.525550
0  0.054311 -0.169228 0.271903  0.316705 -0.947196 -0.050165  0.632223 0.527218
chess_set_pieces_black
0  0.142918 -0.104203 0.271679  0.811839 -0.582510 -0.039998  0.628764 0.502767
0  0.105615 -0.146084 0.289673  0.590541 -0.804029 0.069268  0.632538 0.514728
0  0.103776 -0.143638 0.271834  0.591467 -0.804854 -0.048750  0.628772 0.515260
chess_set_pieces_black
0  0.167767 -0.054657 0.272000  0.951378 -0.307446 -0.018881  0.633119 0.491095
0  0.145828 -0.106338 0.289773  0.811119 -0.580120 0.074474  0.632806 0.503498
0  0.142918 -0.104203 0.271679  0.811839 -0.582510 -0.039998  0.628764 0.502767
chess_set_pieces_black
0  0.176554 0.000031 0.271926  0.999684 -0.002495 -0.025003  0.640363 0.481058
0  0.170125 -0.055455 0.289662  0.949159 -0.305212 0.077091  0.636436 0.492865
0  0.167767 -0.054657 0.272000  0.951378 -0.307446 -0.018881  0.633119 0.491095
chess_set_pieces_black
0  0.167586 0.054577 0.271814  0.947274 0.316793 -0.048110  0.650480 0.473534
0  0.179847 -0.000004 0.289653  0.997252 -0.005293 0.073889  0.643136 0.483822
0  0.176554 0.000031 0.271926  0.999684 -0.002495 -0.025003  0.640363 0.481058
chess_set_pieces_black
0  0.141882 0.103481 0.271749  0.803742 0.592416 -0.055157  0.662666 0.470034
0  0.171336 0.055817 0.289667  0.947741 0.312671 0.063426  0.652315 0.477277
0  0.167586 0.054577 0.271814  0.947274 0.316793 -0.048110  0.650480 0.473534
chess_set_pieces_black
0  0.102797 0.142335 0.271645  0.586116 0.808303 -0.055806  0.675133 0.470406
0  0.145084 0.105848 0.289634  0.804034 0.592146 0.053788  0.663165 0.474027
0  0.141882 0.103481 0.271749  0.803742 0.592416 -0.055157  0.662666 0.470034
chess_set_pieces_black
0  0.053762 0.167356 0.271761  0.311212 0.948623 -0.057118  0.686728 0.474534
0  0.105200 0.145539 0.289676  0.587380 0.807831 0.048926  0.674386 0.474333
0  0.102797 0.142335 0.271645  0.586116 0.808303 -0.055806  0.675133 0.470406
chess_set_pieces_black
0  -0.000581 0.176203 0.271839  0.001158 0.998299 -0.058291  0.696826 0.481793
0  0.055092 0.171337 0.289575  0.312507 0.948807 0.045881  0.684947 0.477928
0  0.053762 0.167356 0.271761  0.311212 0.948623 -0.057118  0.686728 0.474534
chess_set_pieces_black
0  -0.056271 0.171498 0.289632  -0.312674 0.948545 0.049982  0.700219 0.493826
0  -0.000568 0.174551 0.304333  -0.000544 0.797870 0.602829  0.691621 0.486818
0  -0.000583 0.180513 0.289639  0.000911 0.998860 0.047723  0.693862 0.484661
chess_set_pieces_black
0  -0.106235 0.145442 0.289645  -0.588906 0.806677 0.049611  0.703425 0.504437
0  -0.054464 0.165947 0.304388  -0.249383 0.757956 0.602753  0.697418 0.495207
0  -0.056271 0.171498 0.289632  -0.312674 0.948545 0.049982  0.700219 0.493826
chess_set_pieces_black
0  -0.146073 0.105744 0.289660  -0.804111 0.591999 0.054247  0.703295 0.515490
0  -0.102998 0.141054 0.304128  -0.472945 0.648625 0.596329  0.700386 0.504867
0  -0.106235 0.145442 0.289645  -0.588906 0.806677 0.049611  0.703425 0.504437
chess_set_pieces_black
0  -0.172396 0.055808 0.289756  -0.945541 0.319059 0.064445  0.699917 0.526079
0  -0.141640 0.102477 0.304163  -0.647583 0.475653 0.595308  0.700290 0.514985
0  -0.146073 0.105744 0.289660  -0.804111 0.591999 0.054247  0.703295 0.515490
chess_set_pieces_black
0  -0.182054 0.000035 0.289681  -0.997750 0.005586 0.066819  0.693462 0.535162
0  -0.166581 0.053942 0.304356  -0.755960 0.253734 0.603442  0.697156 0.524646
0  -0.172396 0.055808 0.289756  -0.945541 0.319059 0.064445  0.699917 0.526079
chess_set_pieces_black
0  -0.173172 -0.056007 0.289513  -0.949765 -0.307162 0.059985  0.684411 0.541819
0  -0.175539 0.000083 0.304815  -0.792292 0.006725 0.610105  0.691175 0.532877
0  -0.182054 0.000035 0.289681  -0.997750 0.005586 0.066819  0.693462 0.535162
chess_set_pieces_black
0  -0.147520 -0.106799 0.289609  -0.808938 -0.584975 0.058514  0.673630 0.545335
0  -0.167333 -0.054132 0.305198  -0.755090 -0.242104 0.609282  0.682884 0.538832
0  -0.173172 -0.056007 0.289513  -0.949765 -0.307162 0.059985  0.684411 0.541819
chess_set_pieces_black
0  -0.107318 -0.146947 0.289607  -0.590606 -0.804575 0.061991  0.662250 0.545370
0  -0.142433 -0.103047 0.305149  -0.643925 -0.465815 0.606941  0.673140 0.542028
0  -0.147520 -0.106799 0.289609  -0.808938 -0.584975 0.058514  0.673630 0.545335
chess_set_pieces_black
0  -0.056843 -0.173366 0.289569  -0.310883 -0.948173 0.065720  0.651345 0.541804
0  -0.103723 -0.141987 0.305142  -0.471159 -0.640906 0.606011  0.662807 0.542062
0  -0.107318 -0.146947 0.289607  -0.590606 -0.804575 0.061991  0.662250 0.545370
chess_set_pieces_black
0  -0.000638 -0.181800 0.289577  0.003919 -0.997729 0.067239  0.642200 0.534919
0  -0.054830 -0.167235 0.305515  -0.248210 -0.756078 0.605589  0.652925 0.538774
0  -0.056843 -0.173366 0.289569  -0.310883 -0.948173 0.065720  0.651345 0.541804
chess_set_pieces_black
0  0.055481 -0.172581 0.289576  0.315146 -0.946679 0.066952  0.635749 0.525550
0  -0.000597 -0.175750 0.305415  0.002688 -0.799612 0.600511  0.644622 0.532538
0  -0.000638 -0.181800 0.289577  0.003919 -0.997729 0.067239  0.642200 0.534919
chess_set_pieces_black
0  0.105615 -0.146084 0.289673  0.590541 -0.804029 0.069268  0.632538 0.514728
0  0.053708 -0.167147 0.305243  0.254937 -0.762341 0.594847  0.638710 0.524089
0  0.055481 -0.172581 0.289576  0.315146 -0.946679 0.066952  0.635749 0.525550
chess_set_pieces_black
0  0.145828 -0.106338 0.289773  0.811119 -0.580120 0.074474  0.632806 0.503498
0  0.102471 -0.141713 0.304679  0.477827 -0.646263 0.595000  0.635714 0.514285
0  0.105615 -0.146084 0.289673  0.590541 -0.804029 0.069268  0.632538 0.514728
chess_set_pieces_black
0  0.170125 -0.055455 0.289662  0.949159 -0.305212 0.077091  0.636436 0.492865
0  0.140882 -0.102737 0.304711  0.653205 -0.465056 0.597534  0.635917 0.504038
0  0.145828 -0.106338 0.289773  0.811119 -0.580120 0.074474  0.632806 0.503498
chess_set_pieces_black
0  0.179847 -0.000004 0.289653  0.997252 -0.005293 0.073889  0.643136 0.483822
0  0.165295 -0.053896 0.304167  0.766392 -0.245569 0.593581  0.639183 0.494315
0  0.170125 -0.055455 0.289662  0.949159 -0.305212 0.077091  0.636436 0.492865
chess_set_pieces_black
0  0.171336 0.055817 0.289667  0.947741 0.312671 0.063426  0.652315 0.477277
0  0.174042 0.000002 0.304431  0.801096 -0.004528 0.598519  0.645327 0.486096
0  0.179847 -0.000004 0.289653  0.997252 -0.005293 0.073889  0.643136 0.483822
chess_set_pieces_black
0  0.145084 0.105848 0.289634  0.804034 0.592146 0.053788  0.663165 0.474027
0  0.165565 0.053966 0.304491  0.758746 0.248515 0.602117  0.653715 0.480120
0  0.171336 0.055817 0.289667  0.947741 0.312671 0.063426  0.652315 0.477277
chess_set_pieces_black
0  0.105200 0.145539 0.289676  0.587380 0.807831 0.048926  0.674386 0.474333
0  0.140544 0.102532 0.304227  0.646624 0.475548 0.596432  0.663583 0.477144
0  0.145084 0.105848 0.289634  0.804034 0.592146 0.053788  0.663165 0.474027
chess_set_pieces_black
0  0.055092 0.171337 0.289575  0.312507 0.948807 0.045881  0.684947 0.477928
0  0.101826 0.140888 0.304039  0.474121 0.650769 0.593051  0.673837 0.477344
0  0.105200 0.145539 0.289676  0.587380 0.807831 0.048926  0.674386 0.474333
chess_set_pieces_black
0  -0.000583 0.180513 0.289639  0.000911 0.998860 0.047723  0.693862 0.484661
0  0.053338 0.166097 0.304372  0.250783 0.762002 0.597044  0.683476 0.480714
0  0.055092 0.171337 0.289575  0.312507 0.948807 0.045881  0.684947 0.477928
chess_set_pieces_black
0  -0.054464 0.165947 0.304388  -0.249383 0.757956 0.602753  0.697418 0.495207
0  -0.000578 0.159733 0.316513  -0.001343 0.542902 0.839795  0.689043 0.489313
0  -0.000568 0.174551 0.304333  -0.000544 0.797870 0.602829  0.691621 0.486818
chess_set_pieces_black
0  -0.102998 0.141054 0.304128  -0.472945 0.648625 0.596329  0.700386 0.504867
0  -0.049900 0.151842 0.316387  -0.169579 0.518235 0.838257  0.694241 0.496774
0  -0.054464 0.165947 0.304388  -0.249383 0.757956 0.602753  0.697418 0.495207
chess_set_pieces_black
0  -0.141640 0.102477 0.304163  -0.647583 0.475653 0.595308  0.700290 0.514985
0  -0.094411 0.129193 0.316374  -0.322083 0.444599 0.835819  0.696893 0.505398
0  -0.102998 0.141054 0.304128  -0.472945 0.648625 0.596329  0.700386 0.504867
chess_set_pieces_black
0  -0.166581 0.053942 0.304356  -0.755960 0.253734 0.603442  0.697156 0.524646
0  -0.129865 0.093961 0.316549  -0.443046 0.326213 0.835042  0.696798 0.514409
0  -0.141640 0.102477 0.304163  -0.647583 0.475653 0.595308  0.700290 0.514985
chess_set_pieces_black
0  -0.175539 0.000083 0.304815  -0.792292 0.006725 0.610105  0.691175 0.532877
0  -0.152684 0.049426 0.316702  -0.518863 0.173841 0.836995  0.693984 0.523027
0  -0.166581 0.053942 0.304356  -0.755960 0.253734 0.603442  0.697156 0.524646
chess_set_pieces_black
0  -0.167333 -0.054132 0.305198  -0.755090 -0.242104 0.609282  0.682884 0.538832
0  -0.160500 0.000045 0.316897  -0.541031 0.005878 0.840982  0.688617 0.530343
0  -0.175539 0.000083 0.304815  -0.792292 0.006725 0.610105  0.691175 0.532877
chess_set_pieces_black
0  -0.142433 -0.103047 0.305149  -0.643925 -0.465815 0.606941  0.673140 0.542028
0  -0.152801 -0.049444 0.317112  -0.511483 -0.162135 0.843858  0.681234 0.535642
0  -0.167333 -0.054132 0.305198  -0.755090 -0.242104 0.609282  0.682884 0.538832
chess_set_pieces_black
0  -0.103723 -0.141987 0.305142  -0.471159 -0.640906 0.606011  0.662807 0.542062
0  -0.130108 -0.094084 0.317176  -0.436641 -0.313837 0.843120  0.672574 0.538439
0  -0.142433 -0.103047 0.305149  -0.643925 -0.465815 0.606941  0.673140 0.542028
chess_set_pieces_black
0  -0.054830 -0.167235 0.305515  -0.248210 -0.756078 0.605589  0.652925 0.538774
0  -0.094774 -0.129633 0.317415  -0.319539 -0.432114 0.843311  0.663422 0.538424
0  -0.103723 -0.141987 0.305142  -0.471159 -0.640906 0.606011  0.662807 0.542062
chess_set_pieces_black
0  -0.000597 -0.175750 0.305415  0.002688 -0.799612 0.600511  0.644622 0.532538
0  -0.050080 -0.152481 0.317658  -0.167676 -0.507248 0.845331  0.654680 0.535499
0  -0.054830 -0.167235 0.305515  -0.248210 -0.756078 0.605589  0.652925 0.538774
chess_set_pieces_black
0  0.053708 -0.167147 0.305243  0.254937 -0.762341 0.594847  0.638710 0.524089
0  -0.000581 -0.160364 0.317733  0.000778 -0.534334 0.845273  0.647307 0.529979
0  -0.000597 -0.175750 0.305415  0.002688 -0.799612 0.600511  0.644622 0.532538
chess_set_pieces_black
0  0.102471 -0.141713 0.304679  0.477827 -0.646263 0.595000  0.635714 0.514285
0  0.048954 -0.152490 0.317646  0.171521 -0.511638 0.841907  0.642035 0.522469
0  0.053708 -0.167147 0.305243  0.254937 -0.762341 0.594847  0.638710 0.524089
chess_set_pieces_black
0  0.140882 -0.102737 0.304711  0.653205 -0.465056 0.597534  0.635917 0.504038
0  0.093592 -0.129532 0.317219  0.327664 -0.439274 0.836466  0.639338 0.513748
0  0.102471 -0.141713 0.304679  0.477827 -0.646263 0.595000  0.635714 0.514285
chess_set_pieces_black
0  0.165295 -0.053896 0.304167  0.766392 -0.245569 0.593581  0.639183 0.494315
0  0.128837 -0.093979 0.316830  0.452227 -0.320398 0.832367  0.639463 0.504620
0  0.140882 -0.102737 0.304711  0.653205 -0.465056 0.597534  0.635917 0.504038
chess_set_pieces_black
0  0.174042 0.000002 0.304431  0.801096 -0.004528 0.598519  0.645327 0.486096
0  0.151416 -0.049358 0.316569  0.530890 -0.169125 0.830393  0.642385 0.495966
0  0.165295 -0.053896 0.304167  0.766392 -0.245569 0.593581  0.639183 0.494315
chess_set_pieces_black
0  0.165565 0.053966 0.304491  0.758746 0.248515 0.602117  0.653715 0.480120
0  0.159213 0.000001 0.316620  0.553061 -0.000548 0.833140  0.647845 0.488674
0  0.174042 0.000002 0.304431  0.801096 -0.004528 0.598519  0.645327 0.486096
chess_set_pieces_black
0  0.140544 0.102532 0.304227  0.646624 0.475548 0.596432  0.663583 0.477144
0  0.151450 0.049387 0.316685  0.521048 0.171349 0.836151  0.655312 0.483368
0  0.165565 0.053966 0.304491  0.758746 0.248515 0.602117  0.653715 0.480120
chess_set_pieces_black
0  0.101826 0.140888 0.304039  0.474121 0.650769 0.593051  0.673837 0.477344
0  0.128744 0.093942 0.316598  0.442505 0.325424 0.835636  0.664092 0.480692
0  0.140544 0.102532 0.304227  0.646624 0.475548 0.596432  0.663583 0.477144
chess_set_pieces_black
0  0.053338 0.166097 0.304372  0.250783 0.762002 0.597044  0.683476 0.480714
0  0.093374 0.129329 0.316574  0.322740 0.444095 0.835834  0.673208 0.480863
0  0.101826 0.140888 0.304039  0.474121 0.650769 0.593051  0.673837 0.477344
chess_set_pieces_black
0  -0.000568 0.174551 0.304333  -0.000544 0.797870 0.602829  0.691621 0.486818
0  0.048788 0.151993 0.316631  0.168753 0.517587 0.838824  0.681770 0.483856
0  0.053338 0.166097 0.304372  0.250783 0.762002 0.597044  0.683476 0.480714
chess_set_pieces_black
0  -0.049900 0.151842 0.316387  -0.169579 0.518235 0.838257  0.694241 0.496774
0  -0.000563 0.132920 0.330895  -0.000780 0.585825 0.810437  0.685085 0.493106
0  -0.000578 0.159733 0.316513  -0.001343 0.542902 0.839795  0.689043 0.489313
chess_set_pieces_black
0  -0.094411 0.129193 0.316374  -0.322083 0.444599 0.835819  0.696893 0.505398
0  -0.041650 0.126466 0.330944  -0.181496 0.560118 0.808286  0.689328 0.499133
0  -0.049900 0.151842 0.316387  -0.169579 0.518235 0.838257  0.694241 0.496774
chess_set_pieces_black
0  -0.129865 0.093961 0.316549  -0.443046 0.326213 0.835042  0.696798 0.514409
0  -0.078739 0.107611 0.330998  -0.345534 0.479507 0.806647  0.691501 0.506149
0  -0.094411 0.129193 0.316374  -0.322083 0.444599 0.835819  0.696893 0.505398
chess_set_pieces_black
0  -0.152684 0.049426 0.316702  -0.518863 0.173841 0.836995  0.693984 0.523027
0  -0.108175 0.078194 0.331033  -0.476411 0.351025 0.806111  0.691422 0.513491
0  -0.129865 0.093961 0.316549  -0.443046 0.326213 0.835042  0.696798 0.514409
chess_set_pieces_black
0  -0.160500 0.000045 0.316897  -0.541031 0.005878 0.840982  0.688617 0.530343
0  -0.127179 0.041163 0.331163  -0.562288 0.187576 0.805386  0.689121 0.520496
0  -0.152684 0.049426 0.316702  -0.518863 0.173841 0.836995  0.693984 0.523027
chess_set_pieces_black
0  -0.152801 -0.049444 0.317112  -0.511483 -0.162135 0.843858  0.681234 0.535642
0  -0.133925 0.000035 0.331211  -0.594010 0.004698 0.804444  0.684806 0.526472
0  -0.160500 0.000045 0.316897  -0.541031 0.005878 0.840982  0.688617 0.530343
chess_set_pieces_black
0  -0.130108 -0.094084 0.317176  -0.436641 -0.313837 0.843120  0.672574 0.538439
0  -0.127498 -0.041227 0.331337  -0.567097 -0.179670 0.803816  0.678819 0.530798
0  -0.152801 -0.049444 0.317112  -0.511483 -0.162135 0.843858  0.681234 0.535642
chess_set_pieces_black
0  -0.094774 -0.129633 0.317415  -0.319539 -0.432114 0.843311  0.663422 0.538424
0  -0.108650 -0.078500 0.331478  -0.484675 -0.346704 0.803048  0.671764 0.533066
0  -0.130108 -0.094084 0.317176  -0.436641 -0.313837 0.843120  0.672574 0.538439
chess_set_pieces_black
0  -0.050080 -0.152481 0.317658  -0.167676 -0.507248 0.845331  0.654680 0.535499
0  -0.079166 -0.108148 0.331593  -0.353068 -0.479044 0.803654  0.664300 0.533043
0  -0.094774 -0.129633 0.317415  -0.319539 -0.432114 0.843311  0.663422 0.538424
chess_set_pieces_black
0  -0.000581 -0.160364 0.317733  0.000778 -0.534334 0.845273  0.647307 0.529979
0  -0.041867 -0.127186 0.331617  -0.185235 -0.563533 0.805058  0.657198 0.530654
0  -0.050080 -0.152481 0.317658  -0.167676 -0.507248 0.845331  0.654680 0.535499
chess_set_pieces_black
0  0.048954 -0.152490 0.317646  0.171521 -0.511638 0.841907  0.642035 0.522469
0  -0.000567 -0.133718 0.331612  0.000175 -0.592064 0.805891  0.651228 0.526173
0  -0.000581 -0.160364 0.317733  0.000778 -0.534334 0.845273  0.647307 0.529979
chess_set_pieces_black
0  0.093592 -0.129532 0.317219  0.327664 -0.439274 0.836466  0.639338 0.513748
0  0.040701 -0.127188 0.331629  0.185901 -0.563280 0.805081  0.646923 0.520101
0  0.048954 -0.152490 0.317646  0.171521 -0.511638 0.841907  0.642035 0.522469
chess_set_pieces_black
0  0.128837 -0.093979 0.316830  0.452227 -0.320398 0.832367  0.639463 0.504620
0  0.078069 -0.108234 0.331675  0.354954 -0.479971 0.802269  0.644694 0.512988
0  0.093592 -0.129532 0.317219  0.327664 -0.439274 0.836466  0.639338 0.513748
chess_set_pieces_black
0  0.151416 -0.049358 0.316569  0.530890 -0.169125 0.830393  0.642385 0.495966
0  0.107574 -0.078566 0.331668  0.489188 -0.348246 0.799637  0.644851 0.505549
0  0.128837 -0.093979 0.316830  0.452227 -0.320398 0.832367  0.639463 0.504620
chess_set_pieces_black
0  0.159213 0.000001 0.316620  0.553061 -0.000548 0.833140  0.647845 0.488674
0  0.126480 -0.041242 0.331509  0.572788 -0.181860 0.799275  0.647221 0.498500
0  0.151416 -0.049358 0.316569  0.530890 -0.169125 0.830393  0.642385 0.495966
chess_set_pieces_black
0  0.151450 0.049387 0.316685  0.521048 0.171349 0.836151  0.655312 0.483368
0  0.132865 0.000032 0.331373  0.597605 0.002616 0.801787  0.651675 0.492553
0  0.159213 0.000001 0.316620  0.553061 -0.000548 0.833140  0.647845 0.488674
chess_set_pieces_black
0  0.128744 0.093942 0.316598  0.442505 0.325424 0.835636  0.664092 0.480692
0  0.126140 0.041191 0.331191  0.563213 0.186570 0.804974  0.657765 0.488290
0  0.151450 0.049387 0.316685  0.521048 0.171349 0.836151  0.655312 0.483368
chess_set_pieces_black
0  0.093374 0.129329 0.316574  0.322740 0.444095 0.835834  0.673208 0.480863
0  0.107068 0.078217 0.331018  0.475656 0.349687 0.807138  0.664877 0.486130
0  0.128744 0.093942 0.316598  0.442505 0.325424 0.835636  0.664092 0.480692
chess_set_pieces_black
0  0.048788 0.151993 0.316631  0.168753 0.517587 0.838824  0.681770 0.483856
0  0.077563 0.107556 0.330908  0.343822 0.476267 0.809294  0.672262 0.486277
0  0.093374 0.129329 0.316574  0.322740 0.444095 0.835834  0.673208 0.480863
chess_set_pieces_black
0  -0.000578 0.159733 0.316513  -0.001343 0.542902 0.839795  0.689043 0.489313
0  0.040491 0.126395 0.330866  0.179775 0.556765 0.810983  0.679192 0.488696
0  0.048788 0.151993 0.316631  0.168753 0.517587 0.838824  0.681770 0.483856
chess_set_pieces_black
0  -0.041650 0.126466 0.330944  -0.181496 0.560118 0.808286  0.990900 0.290008
0  -0.000568 0.123253 0.343550  0.000392 0.897624 0.440762  0.988195 0.282752
0  -0.000563 0.132920 0.330895  -0.000780 0.585825 0.810437  0.991058 0.282748
chess_set_pieces_black
0  -0.078739 0.107611 0.330998  -0.345534 0.479507 0.806647  0.990449 0.297257
0  -0.038658 0.117265 0.343572  -0.274173 0.855146 0.439948  0.988100 0.289892
0  -0.041650 0.126466 0.330944  -0.181496 0.560118 0.808286  0.990900 0.290008
chess_set_pieces_black
0  -0.108175 0.078194 0.331033  -0.476411 0.351025 0.806111  0.989624 0.304551
0  -0.073126 0.099910 0.343655  -0.524045 0.731036 0.436994  0.987617 0.297020
0  -0.078739 0.107611 0.330998  -0.345534 0.479507 0.806647  0.990449 0.297257
chess_set_pieces_black
0  -0.127179 0.041163 0.331163  -0.562288 0.187576 0.805386  0.988404 0.311841
0  -0.100637 0.072741 0.343755  -0.725023 0.535702 0.432857  0.986802 0.304167
0  -0.108175 0.078194 0.331033  -0.476411 0.351025 0.806111  0.989624 0.304551
chess_set_pieces_black
0  -0.133925 0.000035 0.331211  -0.594010 0.004698 0.804444  0.986793 0.319107
0  -0.118484 0.038355 0.343880  -0.856322 0.286842 0.429458  0.985610 0.311306
0  -0.127179 0.041163 0.331163  -0.562288 0.187576 0.805386  0.988404 0.311841
chess_set_pieces_black
0  -0.127498 -0.041227 0.331337  -0.567097 -0.179670 0.803816  0.984718 0.326311
0  -0.124844 0.000052 0.344015  -0.904184 0.007300 0.427081  0.984016 0.318409
0  -0.133925 0.000035 0.331211  -0.594010 0.004698 0.804444  0.986793 0.319107
chess_set_pieces_black
0  -0.108650 -0.078500 0.331478  -0.484675 -0.346704 0.803048  0.982165 0.333404
0  -0.118973 -0.038454 0.344123  -0.863008 -0.273185 0.424956  0.981993 0.325445
0  -0.127498 -0.041227 0.331337  -0.567097 -0.179670 0.803816  0.984718 0.326311
chess_set_pieces_black
0  -0.079166 -0.108148 0.331593  -0.353068 -0.479044 0.803654  0.979103 0.340327
0  -0.101527 -0.073315 0.344207  -0.736398 -0.527546 0.423572  0.979521 0.332360
0  -0.108650 -0.078500 0.331478  -0.484675 -0.346704 0.803048  0.982165 0.333404
chess_set_pieces_black
0  -0.041867 -0.127186 0.331617  -0.185235 -0.563533 0.805058  0.975454 0.346989
0  -0.074057 -0.101085 0.344307  -0.535585 -0.730893 0.423017  0.976560 0.339084
0  -0.079166 -0.108148 0.331593  -0.353068 -0.479044 0.803654  0.979103 0.340327
chess_set_pieces_black
0  -0.000567 -0.133718 0.331612  0.000175 -0.592064 0.805891  0.971079 0.353176
0  -0.039211 -0.118976 0.344363  -0.281141 -0.861433 0.422956  0.973055 0.345504
0  -0.041867 -0.127186 0.331617  -0.185235 -0.563533 0.805058  0.975454 0.346989
chess_set_pieces_black
0  0.040701 -0.127188 0.331629  0.185901 -0.563280 0.805081  0.974471 0.220004
0  -0.000574 -0.125118 0.344384  0.001737 -0.905634 0.424056  0.968183 0.215828
0  -0.000567 -0.133718 0.331612  0.000175 -0.592064 0.805891  0.970221 0.214078
chess_set_pieces_black
0  0.078069 -0.108234 0.331675  0.354954 -0.479971 0.802269  0.978064 0.226409
0  0.038135 -0.118863 0.344347  0.283335 -0.858545 0.427342  0.972173 0.221475
0  0.040701 -0.127188 0.331629  0.185901 -0.563280 0.805081  0.974471 0.220004
chess_set_pieces_black
0  0.107574 -0.078566 0.331668  0.489188 -0.348246 0.799637  0.981053 0.233027
0  0.072777 -0.100895 0.344310  0.535242 -0.725676 0.432330  0.975610 0.227646
0  0.078069 -0.108234 0.331675  0.354954 -0.479971 0.802269  0.978064 0.226409
chess_set_pieces_black
0  0.126480 -0.041242 0.331509  0.572788 -0.181860 0.799275  0.983658 0.239777
0  0.100132 -0.073147 0.344188  0.732162 -0.522748 0.436663  0.978556 0.234074
0  0.107574 -0.078566 0.331668  0.489188 -0.348246 0.799637  0.981053 0.233027
chess_set_pieces_black
0  0.132865 0.000032 0.331373  0.597605 0.002616 0.801787  0.985844 0.246683
0  0.117548 -0.038335 0.344095  0.856431 -0.271565 0.439065  0.981046 0.240706
0  0.126480 -0.041242 0.331509  0.572788 -0.181860 0.799275  0.983658 0.239777
chess_set_pieces_black
0  0.126140 0.041191 0.331191  0.563213 0.186570 0.804974  0.987645 0.253714
0  0.123443 0.000026 0.343985  0.898230 0.005503 0.439492  0.983163 0.247463
0  0.132865 0.000032 0.331373  0.597605 0.002616 0.801787  0.985844 0.246683
chess_set_pieces_black
0  0.107068 0.078217 0.331018  0.475656 0.349687 0.807138  0.989076 0.260842
0  0.117232 0.038291 0.343846  0.853017 0.282778 0.438634  0.984915 0.254349
0  0.126140 0.041191 0.331191  0.563213 0.186570 0.804974  0.987645 0.253714
chess_set_pieces_black
0  0.077563 0.107556 0.330908  0.343822 0.476267 0.809294  0.990145 0.268065
0  0.099516 0.072727 0.343764  0.724133 0.532652 0.438080  0.986295 0.261339
0  0.107068 0.078217 0.331018  0.475656 0.349687 0.807138  0.989076 0.260842
chess_set_pieces_black
0  0.040491 0.126395 0.330866  0.179775 0.556765 0.810983  0.990830 0.275395
0  0.072025 0.099943 0.343673  0.524286 0.729841 0.438699  0.987311 0.268419
0  0.077563 0.107556 0.330908  0.343822 0.476267 0.809294  0.990145 0.268065
chess_set_pieces_black
0  -0.000563 0.132920 0.330895  -0.000780 0.585825 0.810437  0.991058 0.282748
0  0.037533 0.117300 0.343585  0.274967 0.854891 0.439948  0.987926 0.275577
0  0.040491 0.126395 0.330866  0.179775 0.556765 0.810983  0.990830 0.275395
chess_set_pieces_black
0  0.064741 -0.089829 0.379584  0.568879 -0.768357 0.293264  0.969352 0.230751
0  0.079043 -0.057702 0.430707  0.802303 -0.573920 0.164093  0.962465 0.240535
0  0.057397 -0.079740 0.430760  0.585127 -0.793815 0.165782  0.960227 0.234997
chess_set_pieces_black
0  0.033291 0.104216 0.379108  0.293457 0.910442 0.291511  0.980631 0.276069
0  -0.000555 0.097232 0.430506  0.000833 0.986208 0.165508  0.970146 0.282971
0  0.029483 0.092462 0.430500  0.302792 0.938636 0.165165  0.969942 0.276719
chess_set_pieces_black
0  -0.090660 -0.065419 0.379663  -0.777524 -0.557639 0.290682  0.972727 0.329660
0  -0.058743 -0.079984 0.430836  -0.582007 -0.795185 0.170145  0.960731 0.331625
0  -0.080507 -0.058049 0.430818  -0.800524 -0.574641 0.170140  0.962978 0.325966
chess_set_pieces_black
0  -0.065128 0.088920 0.379202  -0.556483 0.778530 0.290203  0.980322 0.296419
0  -0.079599 0.057484 0.430612  -0.792086 0.586962 0.167558  0.968942 0.301704
0  -0.057819 0.078868 0.430556  -0.573789 0.801846 0.166761  0.969668 0.295474
chess_set_pieces_black
0  0.104494 -0.034093 0.379381  0.911685 -0.288382 0.292688  0.974342 0.243023
0  0.097264 0.000027 0.430610  0.986716 0.006546 0.162319  0.966138 0.252149
0  0.092704 -0.030257 0.430652  0.940495 -0.298284 0.162774  0.964438 0.246255
chess_set_pieces_black
0  -0.035016 -0.106080 0.379744  -0.296247 -0.909153 0.292709  0.966999 0.341803
0  -0.000584 -0.098944 0.430841  0.001518 -0.985675 0.168651  0.955507 0.342133
0  -0.031138 -0.094115 0.430854  -0.306333 -0.936697 0.169581  0.958228 0.337058
chess_set_pieces_black
0  -0.105647 0.034203 0.379402  -0.907059 0.305123 0.290075  0.978399 0.309937
0  -0.098905 0.000015 0.430735  -0.985566 0.009005 0.169050  0.966587 0.314028
0  -0.093776 0.030356 0.430672  -0.934422 0.313911 0.168271  0.967905 0.307887
chess_set_pieces_black
0  0.104125 0.034036 0.379276  0.907540 0.300646 0.293228  0.977874 0.255970
0  0.078264 0.057291 0.430537  0.793366 0.586281 0.163843  0.968652 0.264302
0  0.092290 0.030188 0.430574  0.935993 0.312099 0.162824  0.967560 0.258171
chess_set_pieces_black
0  0.033886 -0.105860 0.379679  0.300920 -0.907372 0.293466  0.966313 0.225066
0  0.057397 -0.079740 0.430760  0.585127 -0.793815 0.165782  0.960227 0.234997
0  0.030014 -0.093958 0.430806  0.308711 -0.936309 0.167399  0.957781 0.229705
chess_set_pieces_black
0  -0.106243 -0.034320 0.379586  -0.912530 -0.288510 0.289916  0.975007 0.323238
0  -0.080507 -0.058049 0.430818  -0.800524 -0.574641 0.170140  0.962978 0.325966
0  -0.094360 -0.030451 0.430773  -0.939510 -0.297544 0.169673  0.964939 0.320064
chess_set_pieces_black
0  -0.034436 0.104296 0.379127  -0.291610 0.911464 0.290166  0.980768 0.289646
0  -0.057819 0.078868 0.430556  -0.573789 0.801846 0.166761  0.969668 0.295474
0  -0.030610 0.092532 0.430521  -0.301140 0.939022 0.165990  0.970038 0.289223
chess_set_pieces_black
0  0.063908 0.088762 0.379158  0.558165 0.776397 0.292675  0.980055 0.269303
0  0.029483 0.092462 0.430500  0.302792 0.938636 0.165165  0.969942 0.276719
0  0.056612 0.078707 0.430509  0.575149 0.801292 0.164726  0.969448 0.270489
chess_set_pieces_black
0  0.089031 -0.065078 0.379472  0.778723 -0.554797 0.292902  0.971994 0.236795
0  0.092704 -0.030257 0.430652  0.940495 -0.298284 0.162774  0.964438 0.246255
0  0.079043 -0.057702 0.430707  0.802303 -0.573920 0.164093  0.962465 0.240535
chess_set_pieces_black
0  -0.066133 -0.090176 0.379722  -0.564864 -0.771857 0.291830  0.970071 0.335895
0  -0.031138 -0.094115 0.430854  -0.306333 -0.936697 0.169581  0.958228 0.337058
0  -0.058743 -0.079984 0.430836  -0.582007 -0.795185 0.170145  0.960731 0.331625
chess_set_pieces_black
0  -0.089682 0.064800 0.379298  -0.768760 0.569923 0.290165  0.979539 0.303187
0  -0.093776 0.030356 0.430672  -0.934422 0.313911 0.168271  0.967905 0.307887
0  -0.079599 0.057484 0.430612  -0.792086 0.586962 0.167558  0.968942 0.301704
chess_set_pieces_black
0  0.109697 0.000027 0.379327  0.956106 0.005899 0.292961  0.976275 0.249440
0  0.092290 0.030188 0.430574  0.935993 0.312099 0.162824  0.967560 0.258171
0  0.097264 0.000027 0.430610  0.986716 0.006546 0.162319  0.966138 0.252149
chess_set_pieces_black
0  -0.000571 -0.111478 0.379729  0.002689 -0.956015 0.293306  0.962962 0.219793
0  0.030014 -0.093958 0.430806  0.308711 -0.936309 0.167399  0.957781 0.229705
0  -0.000584 -0.098944 0.430841  0.001518 -0.985675 0.168651  0.955144 0.224699
chess_set_pieces_black
0  -0.111406 0.000120 0.379503  -0.957011 0.008837 0.289916  0.976898 0.316623
0  -0.094360 -0.030451 0.430773  -0.939510 -0.297544 0.169673  0.964939 0.320064
0  -0.098905 0.000015 0.430735  -0.985566 0.009005 0.169050  0.966587 0.314028
chess_set_pieces_black
0  -0.000561 0.109566 0.379099  0.000797 0.956850 0.290583  0.980870 0.282860
0  -0.030610 0.092532 0.430521  -0.301140 0.939022 0.165990  0.970038 0.289223
0  -0.000555 0.097232 0.430506  0.000833 0.986208 0.165508  0.970146 0.282971
chess_set_pieces_black
0  0.092290 0.030188 0.430574  0.935993 0.312099 0.162824  0.967560 0.258171
0  0.069606 0.051007 0.521388  0.799737 0.594261 0.085290  0.950426 0.267039
0  0.082337 0.026950 0.521421  0.944502 0.317450 0.084510  0.949564 0.261744
chess_set_pieces_black
0  -0.030610 0.092532 0.430521  -0.301140 0.939022 0.165990  0.970038 0.289223
0  -0.051280 0.069840 0.521351  -0.579659 0.810532 0.083862  0.951147 0.293843
0  -0.027189 0.081994 0.521327  -0.304099 0.948921 0.084102  0.951476 0.288459
chess_set_pieces_black
0  -0.058743 -0.079984 0.430836  -0.582007 -0.795185 0.170145  0.960731 0.331625
0  -0.027666 -0.083318 0.521459  -0.310652 -0.946711 0.085046  0.942378 0.330113
0  -0.051988 -0.070776 0.521436  -0.588735 -0.803825 0.085189  0.944198 0.325236
chess_set_pieces_black
0  0.097264 0.000027 0.430610  0.986716 0.006546 0.162319  0.966138 0.252149
0  0.082337 0.026950 0.521421  0.944502 0.317450 0.084510  0.949564 0.261744
0  0.086854 0.000011 0.521430  0.996423 0.006656 0.084240  0.948472 0.256504
chess_set_pieces_black
0  -0.000555 0.097232 0.430506  0.000833 0.986208 0.165508  0.970146 0.282971
0  -0.027189 0.081994 0.521327  -0.304099 0.948921 0.084102  0.951476 0.288459
0  -0.000559 0.086176 0.521316  0.000872 0.996425 0.084483  0.951600 0.283081
chess_set_pieces_black
0  -0.080507 -0.058049 0.430818  -0.800524 -0.574641 0.170140  0.962978 0.325966
0  -0.051988 -0.070776 0.521436  -0.588735 -0.803825 0.085189  0.944198 0.325236
0  -0.071252 -0.051308 0.521430  -0.809051 -0.581575 0.084900  0.945864 0.320207
chess_set_pieces_black
0  0.092704 -0.030257 0.430652  0.940495 -0.298284 0.162774  0.964438 0.246255
0  0.086854 0.000011 0.521430  0.996423 0.006656 0.084240  0.948472 0.256504
0  0.082681 -0.027022 0.521448  0.949466 -0.302237 0.084658  0.947163 0.251345
chess_set_pieces_black
0  -0.094360 -0.030451 0.430773  -0.939510 -0.297544 0.169673  0.964939 0.320064
0  -0.071252 -0.051308 0.521430  -0.809051 -0.581575 0.084900  0.945864 0.320207
0  -0.083455 -0.026904 0.521438  -0.949915 -0.300810 0.084705  0.947368 0.315076
chess_set_pieces_black
0  0.079043 -0.057702 0.430707  0.802303 -0.573920 0.164093  0.962465 0.240535
0  0.082681 -0.027022 0.521448  0.949466 -0.302237 0.084658  0.947163 0.251345
0  0.070343 -0.051477 0.521452  0.809582 -0.580795 0.085165  0.945640 0.246283
chess_set_pieces_black
0  -0.098905 0.000015 0.430735  -0.985566 0.009005 0.169050  0.966587 0.314028
0  -0.083455 -0.026904 0.521438  -0.949915 -0.300810 0.084705  0.947368 0.315076
0  -0.087549 0.000005 0.521427  -0.996362 0.009048 0.084740  0.948629 0.309854
chess_set_pieces_black
0  0.057397 -0.079740 0.430760  0.585127 -0.793815 0.165782  0.960227 0.234997
0  0.070343 -0.051477 0.521452  0.809582 -0.580795 0.085165  0.945640 0.246283
0  0.050963 -0.070960 0.521455  0.590424 -0.802563 0.085399  0.943945 0.241325
chess_set_pieces_black
0  0.029483 0.092462 0.430500  0.302792 0.938636 0.165165  0.969942 0.276719
0  -0.000559 0.086176 0.521316  0.000872 0.996425 0.084483  0.951600 0.283081
0  0.026070 0.082003 0.521317  0.306565 0.948046 0.085011  0.951447 0.277712
chess_set_pieces_black
0  -0.093776 0.030356 0.430672  -0.934422 0.313911 0.168271  0.967905 0.307887
0  -0.087549 0.000005 0.521427  -0.996362 0.009048 0.084740  0.948629 0.309854
0  -0.083054 0.026848 0.521415  -0.944782 0.316629 0.084453  0.949703 0.304549
chess_set_pieces_black
0  0.030014 -0.093958 0.430806  0.308711 -0.936309 0.167399  0.957781 0.229705
0  0.050963 -0.070960 0.521455  0.590424 -0.802563 0.085399  0.943945 0.241325
0  0.026546 -0.083420 0.521469  0.311411 -0.946457 0.085100  0.942134 0.236525
chess_set_pieces_black
0  0.056612 0.078707 0.430509  0.575149 0.801292 0.164726  0.969448 0.270489
0  0.026070 0.082003 0.521317  0.306565 0.948046 0.085011  0.951447 0.277712
0  0.050223 0.069931 0.521360  0.580582 0.809692 0.085571  0.951041 0.272364
chess_set_pieces_black
0  -0.079599 0.057484 0.430612  -0.792086 0.586962 0.167558  0.968942 0.301704
0  -0.083054 0.026848 0.521415  -0.944782 0.316629 0.084453  0.949703 0.304549
0  -0.070534 0.050874 0.521383  -0.800888 0.592902 0.083937  0.950543 0.299210
chess_set_pieces_black
0  -0.000584 -0.098944 0.430841  0.001518 -0.985675 0.168651  0.955144 0.224699
0  0.026546 -0.083420 0.521469  0.311411 -0.946457 0.085100  0.942134 0.236525
0  -0.000662 -0.087730 0.521466  0.000680 -0.996387 0.084928  0.940192 0.231831
chess_set_pieces_black
0  0.078264 0.057291 0.430537  0.793366 0.586281 0.163843  0.968652 0.264302
0  0.050223 0.069931 0.521360  0.580582 0.809692 0.085571  0.951041 0.272364
0  0.069606 0.051007 0.521388  0.799737 0.594261 0.085290  0.950426 0.267039
chess_set_pieces_black
0  -0.057819 0.078868 0.430556  -0.573789 0.801846 0.166761  0.969668 0.295474
0  -0.070534 0.050874 0.521383  -0.800888 0.592902 0.083937  0.950543 0.299210
0  -0.051280 0.069840 0.521351  -0.579659 0.810532 0.083862  0.951147 0.293843
chess_set_pieces_black
0  -0.031138 -0.094115 0.430854  -0.306333 -0.936697 0.169581  0.958228 0.337058
0  -0.000662 -0.087730 0.521466  0.000680 -0.996387 0.084928  0.940459 0.334788
0  -0.027666 -0.083318 0.521459  -0.310652 -0.946711 0.085046  0.942378 0.330113
chess_set_pieces_black
0  0.026070 0.082003 0.521317  0.306565 0.948046 0.085011  0.951447 0.277712
0  -0.000535 0.083550 0.595611  0.001716 0.881225 -0.472695  0.937364 0.283082
0  0.025132 0.079366 0.595603  0.272202 0.838292 -0.472413  0.937298 0.278346
chess_set_pieces_black
0  -0.083054 0.026848 0.521415  -0.944782 0.316629 0.084453  0.949703 0.304549
0  -0.085164 0.000031 0.595052  -0.885636 0.008693 -0.464299  0.934956 0.306910
0  -0.080831 0.026063 0.595090  -0.838498 0.281509 -0.466555  0.935841 0.302189
chess_set_pieces_black
0  0.026546 -0.083420 0.521469  0.311411 -0.946457 0.085100  0.942134 0.236525
0  0.049148 -0.068599 0.595490  0.527598 -0.714527 -0.459448  0.930930 0.245670
0  0.025599 -0.080875 0.595497  0.279463 -0.843330 -0.459015  0.929335 0.241138
chess_set_pieces_black
0  0.050223 0.069931 0.521360  0.580582 0.809692 0.085571  0.951041 0.272364
0  0.025132 0.079366 0.595603  0.272202 0.838292 -0.472413  0.937298 0.278346
0  0.048354 0.067390 0.595606  0.514621 0.716505 -0.470941  0.937021 0.273622
chess_set_pieces_black
0  -0.070534 0.050874 0.521383  -0.800888 0.592902 0.083937  0.950543 0.299210
0  -0.080831 0.026063 0.595090  -0.838498 0.281509 -0.466555  0.935841 0.302189
0  -0.068612 0.049496 0.595285  -0.708945 0.526725 -0.468996  0.936502 0.297411
chess_set_pieces_black
0  -0.000662 -0.087730 0.521466  0.000680 -0.996387 0.084928  0.940192 0.231831
0  0.025599 -0.080875 0.595497  0.279463 -0.843330 -0.459015  0.929335 0.241138
0  -0.000468 -0.085229 0.595379  0.002180 -0.888302 -0.459255  0.927689 0.236650
chess_set_pieces_black
0  0.069606 0.051007 0.521388  0.799737 0.594261 0.085290  0.950426 0.267039
0  0.048354 0.067390 0.595606  0.514621 0.716505 -0.470941  0.937021 0.273622
0  0.067010 0.049057 0.595741  0.708588 0.527901 -0.468214  0.936451 0.268923
chess_set_pieces_black
0  -0.051280 0.069840 0.521351  -0.579659 0.810532 0.083862  0.951147 0.293843
0  -0.068612 0.049496 0.595285  -0.708945 0.526725 -0.468996  0.936502 0.297411
0  -0.049826 0.067933 0.595535  -0.512008 0.718296 -0.471061  0.936951 0.292614
chess_set_pieces_black
0  -0.027666 -0.083318 0.521459  -0.310652 -0.946711 0.085046  0.942378 0.330113
0  -0.000468 -0.085229 0.595379  0.002180 -0.888302 -0.459255  0.927743 0.330099
0  -0.026848 -0.081065 0.595176  -0.276426 -0.843799 -0.459990  0.929459 0.325515
chess_set_pieces_black
0  0.082337 0.026950 0.521421  0.944502 0.317450 0.084510  0.949564 0.261744
0  0.067010 0.049057 0.595741  0.708588 0.527901 -0.468214  0.936451 0.268923
0  0.079281 0.025826 0.595798  0.838633 0.283052 -0.465377  0.935685 0.264219
chess_set_pieces_black
0  -0.027189 0.081994 0.521327  -0.304099 0.948921 0.084102  0.951476 0.288459
0  -0.049826 0.067933 0.595535  -0.512008 0.718296 -0.471061  0.936951 0.292614
0  -0.026309 0.079502 0.595471  -0.267770 0.839805 -0.472258  0.937309 0.287842
chess_set_pieces_black
0  -0.051988 -0.070776 0.521436  -0.588735 -0.803825 0.085189  0.944198 0.325236
0  -0.026848 -0.081065 0.595176  -0.276426 -0.843799 -0.459990  0.929459 0.325515
0  -0.050582 -0.068878 0.595104  -0.524839 -0.716028 -0.460269  0.931066 0.320914
chess_set_pieces_black
0  0.086854 0.000011 0.521430  0.996423 0.006656 0.084240  0.948472 0.256504
0  0.079281 0.025826 0.595798  0.838633 0.283052 -0.465377  0.935685 0.264219
0  0.083514 0.000076 0.595900  0.886169 0.006187 -0.463322  0.934718 0.259574
chess_set_pieces_black
0  -0.000559 0.086176 0.521316  0.000872 0.996425 0.084483  0.951600 0.283081
0  -0.026309 0.079502 0.595471  -0.267770 0.839805 -0.472258  0.937309 0.287842
0  -0.000535 0.083550 0.595611  0.001716 0.881225 -0.472695  0.937364 0.283082
chess_set_pieces_black
0  -0.071252 -0.051308 0.521430  -0.809051 -0.581575 0.084900  0.945864 0.320207
0  -0.050582 -0.068878 0.595104  -0.524839 -0.716028 -0.460269  0.931066 0.320914
0  -0.069433 -0.049968 0.595070  -0.720295 -0.517978 -0.461383  0.932544 0.316278
chess_set_pieces_black
0  0.082681 -0.027022 0.521448  0.949466 -0.302237 0.084658  0.947163 0.251345
0  0.083514 0.000076 0.595900  0.886169 0.006187 -0.463322  0.934718 0.259574
0  0.079633 -0.025869 0.596040  0.845021 -0.268546 -0.462410  0.933556 0.254940
chess_set_pieces_black
0  -0.083455 -0.026904 0.521438  -0.949915 -0.300810 0.084705  0.947368 0.315076
0  -0.069433 -0.049968 0.595070  -0.720295 -0.517978 -0.461383  0.932544 0.316278
0  -0.081435 -0.026178 0.595117  -0.845254 -0.266712 -0.463044  0.933808 0.311591
chess_set_pieces_black
0  0.070343 -0.051477 0.521452  0.809582 -0.580795 0.085165  0.945640 0.246283
0  0.079633 -0.025869 0.596040  0.845021 -0.268546 -0.462410  0.933556 0.254940
0  0.067789 -0.049488 0.595708  0.721798 -0.516609 -0.460568  0.932339 0.250294
chess_set_pieces_black
0  -0.087549 0.000005 0.521427  -0.996362 0.009048 0.084740  0.948629 0.309854
0  -0.081435 -0.026178 0.595117  -0.845254 -0.266712 -0.463044  0.933808 0.311591
0  -0.085164 0.000031 0.595052  -0.885636 0.008693 -0.464299  0.934956 0.306910
chess_set_pieces_black
0  0.050963 -0.070960 0.521455  0.590424 -0.802563 0.085399  0.943945 0.241325
0  0.067789 -0.049488 0.595708  0.721798 -0.516609 -0.460568  0.932339 0.250294
0  0.049148 -0.068599 0.595490  0.527598 -0.714527 -0.459448  0.930930 0.245670
chess_set_pieces_black
0  -0.069433 -0.049968 0.595070  -0.720295 -0.517978 -0.461383  0.272022 0.856087
0  -0.072845 -0.099479 0.603214  -0.202839 -0.274181 -0.940043  0.263981 0.851227
0  -0.100049 -0.072268 0.603314  -0.280068 -0.199756 -0.938967  0.270837 0.848965
chess_set_pieces_black
0  0.079633 -0.025869 0.596040  0.845021 -0.268546 -0.462410  0.263574 0.882942
0  0.122393 0.000013 0.603392  0.333151 0.005411 -0.942858  0.264218 0.892385
0  0.116397 -0.037973 0.603171  0.314942 -0.100964 -0.943725  0.258364 0.888147
chess_set_pieces_black
0  -0.081435 -0.026178 0.595117  -0.845254 -0.266712 -0.463044  0.276981 0.856079
0  -0.100049 -0.072268 0.603314  -0.280068 -0.199756 -0.938967  0.270837 0.848965
0  -0.117506 -0.037955 0.603376  -0.329579 -0.104324 -0.938347  0.278045 0.848936
chess_set_pieces_black
0  0.067789 -0.049488 0.595708  0.721798 -0.516609 -0.460568  0.260636 0.878979
0  0.116397 -0.037973 0.603171  0.314942 -0.100964 -0.943725  0.258364 0.888147
0  0.098928 -0.072282 0.603271  0.270703 -0.196277 -0.942441  0.254088 0.882309
chess_set_pieces_black
0  -0.085164 0.000031 0.595052  -0.885636 0.008693 -0.464299  0.281648 0.857650
0  -0.117506 -0.037955 0.603376  -0.329579 -0.104324 -0.938347  0.278045 0.848936
0  -0.123495 0.000014 0.603547  -0.346492 0.003000 -0.938048  0.284922 0.851070
chess_set_pieces_black
0  0.049148 -0.068599 0.595490  0.527598 -0.714527 -0.459448  0.259017 0.874266
0  0.098928 -0.072282 0.603271  0.270703 -0.196277 -0.942441  0.254088 0.882309
0  0.071709 -0.099486 0.603278  0.200399 -0.271562 -0.941326  0.251840 0.875444
chess_set_pieces_black
0  0.025132 0.079366 0.595603  0.272202 0.838292 -0.472413  0.285673 0.882660
0  -0.000561 0.122887 0.603853  0.000522 0.345134 -0.938553  0.295273 0.882091
0  0.037395 0.116881 0.603801  0.106453 0.327924 -0.938687  0.291038 0.887944
chess_set_pieces_black
0  -0.080831 0.026063 0.595090  -0.838498 0.281509 -0.466555  0.285620 0.860540
0  -0.123495 0.000014 0.603547  -0.346492 0.003000 -0.938048  0.284922 0.851070
0  -0.117458 0.037973 0.603575  -0.329380 0.111054 -0.937644  0.290762 0.855285
chess_set_pieces_black
0  0.025599 -0.080875 0.595497  0.279463 -0.843330 -0.459015  0.258937 0.869319
0  0.071709 -0.099486 0.603278  0.200399 -0.271562 -0.941326  0.251840 0.875444
0  0.037424 -0.116985 0.603142  0.108343 -0.318593 -0.941680  0.251779 0.868236
chess_set_pieces_black
0  0.048354 0.067390 0.595606  0.514621 0.716505 -0.470941  0.281735 0.885530
0  0.037395 0.116881 0.603801  0.106453 0.327924 -0.938687  0.291038 0.887944
0  0.071663 0.099441 0.603745  0.201775 0.279223 -0.938787  0.285215 0.892265
chess_set_pieces_black
0  -0.068612 0.049496 0.595285  -0.708945 0.526725 -0.468996  0.288514 0.864527
0  -0.117458 0.037973 0.603575  -0.329380 0.111054 -0.937644  0.290762 0.855285
0  -0.100007 0.072237 0.603703  -0.279053 0.207679 -0.937549  0.295097 0.861071
chess_set_pieces_black
0  -0.000468 -0.085229 0.595379  0.002180 -0.888302 -0.459255  0.260387 0.864617
0  0.037424 -0.116985 0.603142  0.108343 -0.318593 -0.941680  0.251779 0.868236
0  -0.000568 -0.122981 0.603074  0.002029 -0.334825 -0.942278  0.253956 0.861357
chess_set_pieces_black
0  0.067010 0.049057 0.595741  0.708588 0.527901 -0.468214  0.277115 0.887111
0  0.071663 0.099441 0.603745  0.201775 0.279223 -0.938787  0.285215 0.892265
0  0.098875 0.072253 0.603649  0.276985 0.203778 -0.939018  0.278314 0.894532
chess_set_pieces_black
0  -0.049826 0.067933 0.595535  -0.512008 0.718296 -0.471061  0.290025 0.869203
0  -0.100007 0.072237 0.603703  -0.279053 0.207679 -0.937549  0.295097 0.861071
0  -0.072807 0.099433 0.603755  -0.202380 0.282619 -0.937640  0.297374 0.867961
chess_set_pieces_black
0  -0.026848 -0.081065 0.595176  -0.276426 -0.843799 -0.459990  0.263283 0.860575
0  -0.000568 -0.122981 0.603074  0.002029 -0.334825 -0.942278  0.253956 0.861357
0  -0.038565 -0.116952 0.603066  -0.106005 -0.320380 -0.941339  0.258177 0.855504
chess_set_pieces_black
0  0.079281 0.025826 0.595798  0.838633 0.283052 -0.465377  0.272218 0.887211
0  0.098875 0.072253 0.603649  0.276985 0.203778 -0.939018  0.278314 0.894532
0  0.116357 0.037982 0.603511  0.322106 0.110406 -0.940244  0.271096 0.894541
chess_set_pieces_black
0  -0.026309 0.079502 0.595471  -0.267770 0.839805 -0.472258  0.289990 0.874095
0  -0.072807 0.099433 0.603755  -0.202380 0.282619 -0.937640  0.297374 0.867961
0  -0.038534 0.116878 0.603760  -0.106332 0.329864 -0.938021  0.297410 0.875187
chess_set_pieces_black
0  -0.050582 -0.068878 0.595104  -0.524839 -0.716028 -0.460269  0.267295 0.857643
0  -0.038565 -0.116952 0.603066  -0.106005 -0.320380 -0.941339  0.258177 0.855504
0  -0.072845 -0.099479 0.603214  -0.202839 -0.274181 -0.940043  0.263981 0.851227
chess_set_pieces_black
0  0.083514 0.000076 0.595900  0.886169 0.006187 -0.463322  0.267574 0.885763
0  0.116357 0.037982 0.603511  0.322106 0.110406 -0.940244  0.271096 0.894541
0  0.122393 0.000013 0.603392  0.333151 0.005411 -0.942858  0.264218 0.892385
chess_set_pieces_black
0  -0.000535 0.083550 0.595611  0.001716 0.881225 -0.472695  0.288514 0.878730
0  -0.038534 0.116878 0.603760  -0.106332 0.329864 -0.938021  0.297410 0.875187
0  -0.000561 0.122887 0.603853  0.000522 0.345134 -0.938553  0.295273 0.882091
chess_set_pieces_black
0  -0.000568 -0.122981 0.603074  0.002029 -0.334825 -0.942278  0.253956 0.861357
0  0.047817 -0.148926 0.619588  0.203316 -0.609623 -0.766174  0.244763 0.867117
0  -0.000580 -0.156889 0.619196  -0.000441 -0.643545 -0.765408  0.247568 0.858148
chess_set_pieces_black
0  0.098875 0.072253 0.603649  0.276985 0.203778 -0.939018  0.278314 0.894532
0  0.091005 0.126048 0.620567  0.381946 0.526539 -0.759522  0.288457 0.898513
0  0.125503 0.091593 0.620525  0.524705 0.384572 -0.759466  0.279489 0.901503
chess_set_pieces_black
0  -0.072807 0.099433 0.603755  -0.202380 0.282619 -0.937640  0.297374 0.867961
0  -0.126753 0.091663 0.620400  -0.525543 0.386812 -0.757747  0.301359 0.857784
0  -0.092168 0.126085 0.620545  -0.383010 0.529992 -0.756579  0.304307 0.866763
chess_set_pieces_black
0  -0.038565 -0.116952 0.603066  -0.106005 -0.320380 -0.941339  0.258177 0.855504
0  -0.000580 -0.156889 0.619196  -0.000441 -0.643545 -0.765408  0.247568 0.858148
0  -0.048977 -0.149039 0.619457  -0.204619 -0.614469 -0.761945  0.253071 0.850553
chess_set_pieces_black
0  0.116357 0.037982 0.603511  0.322106 0.110406 -0.940244  0.271096 0.894541
0  0.125503 0.091593 0.620525  0.524705 0.384572 -0.759466  0.279489 0.901503
0  0.147728 0.048189 0.620408  0.613337 0.209642 -0.761491  0.270035 0.901531
chess_set_pieces_black
0  -0.038534 0.116878 0.603760  -0.106332 0.329864 -0.938021  0.297410 0.875187
0  -0.092168 0.126085 0.620545  -0.383010 0.529992 -0.756579  0.304307 0.866763
0  -0.048697 0.148139 0.620622  -0.202873 0.618102 -0.759469  0.304399 0.876235
chess_set_pieces_black
0  -0.072845 -0.099479 0.603214  -0.202839 -0.274181 -0.940043  0.263981 0.851227
0  -0.048977 -0.149039 0.619457  -0.204619 -0.614469 -0.761945  0.253071 0.850553
0  -0.092599 -0.126703 0.619560  -0.386060 -0.522945 -0.759925  0.260649 0.844947
chess_set_pieces_black
0  0.122393 0.000013 0.603392  0.333151 0.005411 -0.942858  0.264218 0.892385
0  0.147728 0.048189 0.620408  0.613337 0.209642 -0.761491  0.270035 0.901531
0  0.155957 0.000029 0.619683  0.642970 0.008971 -0.765839  0.261040 0.898760
chess_set_pieces_black
0  -0.000561 0.122887 0.603853  0.000522 0.345134 -0.938553  0.295273 0.882091
0  -0.048697 0.148139 0.620622  -0.202873 0.618102 -0.759469  0.304399 0.876235
0  -0.000565 0.155875 0.620470  -0.001215 0.646082 -0.763267  0.301614 0.885256
chess_set_pieces_black
0  -0.100049 -0.072268 0.603314  -0.280068 -0.199756 -0.938967  0.270837 0.848965
0  -0.092599 -0.126703 0.619560  -0.386060 -0.522945 -0.759925  0.260649 0.844947
0  -0.127145 -0.091928 0.619821  -0.530186 -0.379312 -0.758304  0.269643 0.841997
chess_set_pieces_black
0  0.116397 -0.037973 0.603171  0.314942 -0.100964 -0.943725  0.258364 0.888147
0  0.155957 0.000029 0.619683  0.642970 0.008971 -0.765839  0.261040 0.898760
0  0.148341 -0.048372 0.619585  0.610446 -0.198708 -0.766727  0.253404 0.893250
chess_set_pieces_black
0  -0.117506 -0.037955 0.603376  -0.329579 -0.104324 -0.938347  0.278045 0.848936
0  -0.127145 -0.091928 0.619821  -0.530186 -0.379312 -0.758304  0.269643 0.841997
0  -0.149220 -0.048295 0.619972  -0.620514 -0.199258 -0.758458  0.279102 0.841927
chess_set_pieces_black
0  0.098928 -0.072282 0.603271  0.270703 -0.196277 -0.942441  0.254088 0.882309
0  0.148341 -0.048372 0.619585  0.610446 -0.198708 -0.766727  0.253404 0.893250
0  0.126005 -0.091942 0.619732  0.518627 -0.380102 -0.765864  0.247818 0.885605
chess_set_pieces_black
0  -0.123495 0.000014 0.603547  -0.346492 0.003000 -0.938048  0.284922 0.851070
0  -0.149220 -0.048295 0.619972  -0.620514 -0.199258 -0.758458  0.279102 0.841927
0  -0.156862 0.000017 0.620000  -0.649744 0.002485 -0.760149  0.288096 0.844719
chess_set_pieces_black
0  0.071709 -0.099486 0.603278  0.200399 -0.271562 -0.941326  0.251840 0.875444
0  0.126005 -0.091942 0.619732  0.518627 -0.380102 -0.765864  0.247818 0.885605
0  0.091356 -0.126544 0.619785  0.380023 -0.518448 -0.766025  0.244812 0.876588
chess_set_pieces_black
0  0.037395 0.116881 0.603801  0.106453 0.327924 -0.938687  0.291038 0.887944
0  -0.000565 0.155875 0.620470  -0.001215 0.646082 -0.763267  0.301614 0.885256
0  0.047571 0.148168 0.620576  0.202144 0.615289 -0.761943  0.296076 0.892902
chess_set_pieces_black
0  -0.117458 0.037973 0.603575  -0.329380 0.111054 -0.937644  0.290762 0.855285
0  -0.156862 0.000017 0.620000  -0.649744 0.002485 -0.760149  0.288096 0.844719
0  -0.148982 0.048225 0.620253  -0.616590 0.205624 -0.759957  0.295709 0.850239
chess_set_pieces_black
0  0.037424 -0.116985 0.603142  0.108343 -0.318593 -0.941680  0.251779 0.868236
0  0.091356 -0.126544 0.619785  0.380023 -0.518448 -0.766025  0.244812 0.876588
0  0.047817 -0.148926 0.619588  0.203316 -0.609623 -0.766174  0.244763 0.867117
chess_set_pieces_black
0  0.071663 0.099441 0.603745  0.201775 0.279223 -0.938787  0.285215 0.892265
0  0.047571 0.148168 0.620576  0.202144 0.615289 -0.761943  0.296076 0.892902
0  0.091005 0.126048 0.620567  0.381946 0.526539 -0.759522  0.288457 0.898513
chess_set_pieces_black
0  -0.100007 0.072237 0.603703  -0.279053 0.207679 -0.937549  0.295097 0.861071
0  -0.148982 0.048225 0.620253  -0.616590 0.205624 -0.759957  0.295709 0.850239
0  -0.126753 0.091663 0.620400  -0.525543 0.386812 -0.757747  0.301359 0.857784
chess_set_pieces_black
0  0.126005 -0.091942 0.619732  0.518627 -0.380102 -0.765864  0.247818 0.885605
0  0.161970 -0.052666 0.641544  0.929796 -0.302300 -0.209987  0.249744 0.897097
0  0.137448 -0.100222 0.641570  0.789758 -0.576325 -0.210075  0.243012 0.888090
chess_set_pieces_black
0  -0.156862 0.000017 0.620000  -0.649744 0.002485 -0.760149  0.288096 0.844719
0  -0.161798 -0.052379 0.641740  -0.932280 -0.302504 -0.198358  0.279947 0.836826
0  -0.170291 0.000012 0.641754  -0.979478 0.001228 -0.201549  0.290369 0.840199
chess_set_pieces_black
0  0.091356 -0.126544 0.619785  0.380023 -0.518448 -0.766025  0.244812 0.876588
0  0.137448 -0.100222 0.641570  0.789758 -0.576325 -0.210075  0.243012 0.888090
0  0.099647 -0.138131 0.641522  0.576757 -0.789684 -0.209168  0.239566 0.877358
chess_set_pieces_black
0  0.047571 0.148168 0.620576  0.202144 0.615289 -0.761943  0.296076 0.892902
0  -0.000574 0.169764 0.641646  -0.002141 0.976750 -0.214371  0.306126 0.887506
0  0.051716 0.161067 0.641685  0.306444 0.927402 -0.214519  0.299760 0.896437
chess_set_pieces_black
0  -0.148982 0.048225 0.620253  -0.616590 0.205624 -0.759957  0.295709 0.850239
0  -0.170291 0.000012 0.641754  -0.979478 0.001228 -0.201549  0.290369 0.840199
0  -0.161838 0.052350 0.641716  -0.929208 0.306410 -0.206605  0.299250 0.846542
chess_set_pieces_black
0  0.047817 -0.148926 0.619588  0.203316 -0.609623 -0.766174  0.244763 0.867117
0  0.099647 -0.138131 0.641522  0.576757 -0.789684 -0.209168  0.239566 0.877358
0  0.052171 -0.162503 0.641592  0.306960 -0.929483 -0.204540  0.239554 0.866257
chess_set_pieces_black
0  0.091005 0.126048 0.620567  0.381946 0.526539 -0.759522  0.288457 0.898513
0  0.051716 0.161067 0.641685  0.306444 0.927402 -0.214519  0.299760 0.896437
0  0.098758 0.136742 0.641714  0.575054 0.789660 -0.213891  0.290851 0.903121
chess_set_pieces_black
0  -0.126753 0.091663 0.620400  -0.525543 0.386812 -0.757747  0.301359 0.857784
0  -0.161838 0.052350 0.641716  -0.929208 0.306410 -0.206605  0.299250 0.846542
0  -0.137281 0.099313 0.641729  -0.787118 0.580394 -0.208775  0.305844 0.855373
chess_set_pieces_black
0  -0.000580 -0.156889 0.619196  -0.000441 -0.643545 -0.765408  0.247568 0.858148
0  0.052171 -0.162503 0.641592  0.306960 -0.929483 -0.204540  0.239554 0.866257
0  -0.000584 -0.171199 0.641687  -0.004242 -0.980097 -0.198474  0.242878 0.855793
chess_set_pieces_black
0  0.125503 0.091593 0.620525  0.524705 0.384572 -0.759466  0.279489 0.901503
0  0.098758 0.136742 0.641714  0.575054 0.789660 -0.213891  0.290851 0.903121
0  0.136344 0.099431 0.641687  0.787810 0.577111 -0.215172  0.280243 0.906552
chess_set_pieces_black
0  -0.092168 0.126085 0.620545  -0.383010 0.529992 -0.756579  0.304307 0.866763
0  -0.137281 0.099313 0.641729  -0.787118 0.580394 -0.208775  0.305844 0.855373
0  -0.099675 0.136420 0.641752  -0.573711 0.791886 -0.209219  0.309403 0.865926
chess_set_pieces_black
0  -0.048977 -0.149039 0.619457  -0.204619 -0.614469 -0.761945  0.253071 0.850553
0  -0.000584 -0.171199 0.641687  -0.004242 -0.980097 -0.198474  0.242878 0.855793
0  -0.053195 -0.162087 0.641759  -0.311600 -0.929996 -0.194969  0.249282 0.846903
chess_set_pieces_black
0  0.147728 0.048189 0.620408  0.613337 0.209642 -0.761491  0.270035 0.901531
0  0.136344 0.099431 0.641687  0.787810 0.577111 -0.215172  0.280243 0.906552
0  0.160621 0.052345 0.641628  0.925478 0.311684 -0.215278  0.269230 0.906552
chess_set_pieces_black
0  -0.048697 0.148139 0.620622  -0.202873 0.618102 -0.759469  0.304399 0.876235
0  -0.099675 0.136420 0.641752  -0.573711 0.791886 -0.209219  0.309403 0.865926
0  -0.052759 0.160727 0.641729  -0.307808 0.927610 -0.211646  0.309406 0.877048
chess_set_pieces_black
0  -0.092599 -0.126703 0.619560  -0.386060 -0.522945 -0.759925  0.260649 0.844947
0  -0.053195 -0.162087 0.641759  -0.311600 -0.929996 -0.194969  0.249282 0.846903
0  -0.100578 -0.137677 0.641712  -0.580946 -0.789911 -0.196324  0.258160 0.840284
chess_set_pieces_black
0  0.155957 0.000029 0.619683  0.642970 0.008971 -0.765839  0.261040 0.898760
0  0.160621 0.052345 0.641628  0.925478 0.311684 -0.215278  0.269230 0.906552
0  0.170009 0.000102 0.641516  0.977156 0.009702 -0.212303  0.258782 0.903372
chess_set_pieces_black
0  -0.000565 0.155875 0.620470  -0.001215 0.646082 -0.763267  0.301614 0.885256
0  -0.052759 0.160727 0.641729  -0.307808 0.927610 -0.211646  0.309406 0.877048
0  -0.000574 0.169764 0.641646  -0.002141 0.976750 -0.214371  0.306126 0.887506
chess_set_pieces_black
0  -0.127145 -0.091928 0.619821  -0.530186 -0.379312 -0.758304  0.269643 0.841997
0  -0.100578 -0.137677 0.641712  -0.580946 -0.789911 -0.196324  0.258160 0.840284
0  -0.137811 -0.099669 0.641750  -0.796315 -0.571677 -0.197658  0.268795 0.836737
chess_set_pieces_black
0  0.148341 -0.048372 0.619585  0.610446 -0.198708 -0.766727  0.253404 0.893250
0  0.170009 0.000102 0.641516  0.977156 0.009702 -0.212303  0.258782 0.903372
0  0.161970 -0.052666 0.641544  0.929796 -0.302300 -0.209987  0.249744 0.897097
chess_set_pieces_black
0  -0.149220 -0.048295 0.619972  -0.620514 -0.199258 -0.758458  0.279102 0.841927
0  -0.137811 -0.099669 0.641750  -0.796315 -0.571677 -0.197658  0.268795 0.836737
0  -0.161798 -0.052379 0.641740  -0.932280 -0.302504 -0.198358  0.279947 0.836826
chess_set_pieces_black
0  0.160621 0.052345 0.641628  0.925478 0.311684 -0.215278  0.852186 0.866406
0  0.132180 0.096432 0.657093  0.629956 0.464045 0.622751  0.841002 0.866397
0  0.155849 0.050803 0.657442  0.740795 0.251341 0.622937  0.850619 0.863262
chess_set_pieces_black
0  -0.052759 0.160727 0.641729  -0.307808 0.927610 -0.211646  0.804067 0.850732
0  -0.096821 0.132492 0.656850  -0.460083 0.635009 0.620554  0.803853 0.839363
0  -0.051186 0.155855 0.656976  -0.245882 0.740609 0.625332  0.807060 0.849155
chess_set_pieces_black
0  -0.100578 -0.137677 0.641712  -0.580946 -0.789911 -0.196324  0.842165 0.798453
0  -0.051376 -0.156362 0.657438  -0.243138 -0.730350 0.638336  0.851204 0.805265
0  -0.097198 -0.133010 0.657417  -0.457281 -0.624066 0.633590  0.841529 0.801927
chess_set_pieces_black
0  0.170009 0.000102 0.641516  0.977156 0.009702 -0.212303  0.861327 0.859956
0  0.155849 0.050803 0.657442  0.740795 0.251341 0.622937  0.850619 0.863262
0  0.164402 0.000054 0.657950  0.778085 0.007235 0.628117  0.858867 0.857437
chess_set_pieces_black
0  -0.000574 0.169764 0.641646  -0.002141 0.976750 -0.214371  0.810668 0.859756
0  -0.051186 0.155855 0.656976  -0.245882 0.740609 0.625332  0.807060 0.849155
0  -0.000576 0.164182 0.657300  -0.002018 0.775822 0.630948  0.813043 0.857352
chess_set_pieces_black
0  -0.137811 -0.099669 0.641750  -0.796315 -0.571677 -0.197658  0.830657 0.798304
0  -0.097198 -0.133010 0.657417  -0.457281 -0.624066 0.633590  0.841529 0.801927
0  -0.133419 -0.096495 0.657233  -0.630940 -0.453117 0.629762  0.831202 0.801830
chess_set_pieces_black
0  0.161970 -0.052666 0.641544  0.929796 -0.302300 -0.209987  0.868038 0.850965
0  0.164402 0.000054 0.657950  0.778085 0.007235 0.628117  0.858867 0.857437
0  0.156417 -0.050944 0.658021  0.736945 -0.240186 0.631841  0.864828 0.849254
chess_set_pieces_black
0  -0.161798 -0.052379 0.641740  -0.932280 -0.302504 -0.198358  0.819759 0.801913
0  -0.133419 -0.096495 0.657233  -0.630940 -0.453117 0.629762  0.831202 0.801830
0  -0.156556 -0.050679 0.657079  -0.739035 -0.238899 0.629885  0.821353 0.804967
chess_set_pieces_black
0  0.137448 -0.100222 0.641570  0.789758 -0.576325 -0.210075  0.871650 0.840133
0  0.156417 -0.050944 0.658021  0.736945 -0.240186 0.631841  0.864828 0.849254
0  0.132853 -0.096895 0.657850  0.625822 -0.457089 0.631994  0.868007 0.839537
chess_set_pieces_black
0  -0.170291 0.000012 0.641754  -0.979478 0.001228 -0.201549  0.810657 0.808595
0  -0.156556 -0.050679 0.657079  -0.739035 -0.238899 0.629885  0.821353 0.804967
0  -0.164609 0.000005 0.657117  -0.775841 -0.001304 0.630927  0.813035 0.810987
chess_set_pieces_black
0  0.099647 -0.138131 0.641522  0.576757 -0.789684 -0.209168  0.871679 0.828744
0  0.132853 -0.096895 0.657850  0.625822 -0.457089 0.631994  0.868007 0.839537
0  0.096283 -0.133395 0.657842  0.454915 -0.625834 0.633549  0.868119 0.829325
chess_set_pieces_black
0  0.051716 0.161067 0.641685  0.306444 0.927402 -0.214519  0.819716 0.866221
0  -0.000576 0.164182 0.657300  -0.002018 0.775822 0.630948  0.813043 0.857352
0  0.050108 0.156067 0.657179  0.243081 0.738227 0.629231  0.821268 0.863204
chess_set_pieces_black
0  -0.161838 0.052350 0.641716  -0.929208 0.306410 -0.206605  0.803936 0.817628
0  -0.164609 0.000005 0.657117  -0.775841 -0.001304 0.630927  0.813035 0.810987
0  -0.156718 0.050704 0.657235  -0.739510 0.242298 0.628026  0.806989 0.819237
chess_set_pieces_black
0  0.052171 -0.162503 0.641592  0.306960 -0.929483 -0.204540  0.868283 0.818043
0  0.096283 -0.133395 0.657842  0.454915 -0.625834 0.633549  0.868119 0.829325
0  0.050344 -0.156797 0.657830  0.239067 -0.732031 0.637948  0.865094 0.819652
chess_set_pieces_black
0  0.098758 0.136742 0.641714  0.575054 0.789660 -0.213891  0.830367 0.869665
0  0.050108 0.156067 0.657179  0.243081 0.738227 0.629231  0.821268 0.863204
0  0.095800 0.132654 0.657016  0.458835 0.631425 0.625118  0.830902 0.866290
chess_set_pieces_black
0  -0.137281 0.099313 0.641729  -0.787118 0.580394 -0.208775  0.800412 0.828458
0  -0.156718 0.050704 0.657235  -0.739510 0.242298 0.628026  0.806989 0.819237
0  -0.133255 0.096390 0.657032  -0.630307 0.463926 0.622484  0.803788 0.829016
chess_set_pieces_black
0  -0.000584 -0.171199 0.641687  -0.004242 -0.980097 -0.198474  0.861862 0.808906
0  0.050344 -0.156797 0.657830  0.239067 -0.732031 0.637948  0.865094 0.819652
0  -0.000588 -0.164881 0.657859  -0.004026 -0.767079 0.641540  0.859336 0.811348
chess_set_pieces_black
0  0.136344 0.099431 0.641687  0.787810 0.577111 -0.215172  0.841500 0.869665
0  0.095800 0.132654 0.657016  0.458835 0.631425 0.625118  0.830902 0.866290
0  0.132180 0.096432 0.657093  0.629956 0.464045 0.622751  0.841002 0.866397
chess_set_pieces_black
0  -0.099675 0.136420 0.641752  -0.573711 0.791886 -0.209219  0.800445 0.839921
0  -0.133255 0.096390 0.657032  -0.630307 0.463926 0.622484  0.803788 0.829016
0  -0.096821 0.132492 0.656850  -0.460083 0.635009 0.620554  0.803853 0.839363
chess_set_pieces_black
0  -0.053195 -0.162087 0.641759  -0.311600 -0.929996 -0.194969  0.852874 0.802193
0  -0.000588 -0.164881 0.657859  -0.004026 -0.767079 0.641540  0.859336 0.811348
0  -0.051376 -0.156362 0.657438  -0.243138 -0.730350 0.638336  0.851204 0.805265
chess_set_pieces_black
0  0.050108 0.156067 0.657179  0.243081 0.738227 0.629231  0.821268 0.863204
0  -0.000568 0.143923 0.672410  -0.000313 0.438472 0.898745  0.816546 0.853817
0  0.043891 0.136849 0.672394  0.136762 0.416775 0.898663  0.823546 0.858819
chess_set_pieces_black
0  -0.156718 0.050704 0.657235  -0.739510 0.242298 0.628026  0.806989 0.819237
0  -0.144579 0.000008 0.672546  -0.442995 -0.000767 0.896524  0.816584 0.814550
0  -0.137537 0.044493 0.672575  -0.419380 0.138159 0.897236  0.811452 0.821542
chess_set_pieces_black
0  0.050344 -0.156797 0.657830  0.239067 -0.732031 0.637948  0.865094 0.819652
0  0.084198 -0.116689 0.673064  0.258089 -0.354148 0.898871  0.863165 0.830116
0  0.043982 -0.137166 0.673019  0.135953 -0.417505 0.898447  0.860629 0.821903
chess_set_pieces_black
0  0.095800 0.132654 0.657016  0.458835 0.631425 0.625118  0.830902 0.866290
0  0.043891 0.136849 0.672394  0.136762 0.416775 0.898663  0.823546 0.858819
0  0.084007 0.116417 0.672379  0.256789 0.359309 0.897194  0.831667 0.861428
chess_set_pieces_black
0  -0.133255 0.096390 0.657032  -0.630307 0.463926 0.622484  0.803788 0.829016
0  -0.137537 0.044493 0.672575  -0.419380 0.138159 0.897236  0.811452 0.821542
0  -0.117059 0.084629 0.672519  -0.355540 0.262982 0.896901  0.808753 0.829852
chess_set_pieces_black
0  -0.000588 -0.164881 0.657859  -0.004026 -0.767079 0.641540  0.859336 0.811348
0  0.043982 -0.137166 0.673019  0.135953 -0.417505 0.898447  0.860629 0.821903
0  -0.000587 -0.144209 0.672982  -0.003980 -0.439880 0.898048  0.855722 0.814832
chess_set_pieces_black
0  0.132180 0.096432 0.657093  0.629956 0.464045 0.622751  0.841002 0.866397
0  0.084007 0.116417 0.672379  0.256789 0.359309 0.897194  0.831667 0.861428
0  0.115913 0.084645 0.672565  0.353510 0.267340 0.896415  0.840183 0.861499
chess_set_pieces_black
0  -0.096821 0.132492 0.656850  -0.460083 0.635009 0.620554  0.803853 0.839363
0  -0.117059 0.084629 0.672519  -0.355540 0.262982 0.896901  0.808753 0.829852
0  -0.085159 0.116436 0.672374  -0.259445 0.359380 0.896401  0.808801 0.838561
chess_set_pieces_black
0  -0.051376 -0.156362 0.657438  -0.243138 -0.730350 0.638336  0.851204 0.805265
0  -0.000587 -0.144209 0.672982  -0.003980 -0.439880 0.898048  0.855722 0.814832
0  -0.045102 -0.137055 0.672753  -0.141243 -0.418992 0.896937  0.848819 0.809662
chess_set_pieces_black
0  0.155849 0.050803 0.657442  0.740795 0.251341 0.622937  0.850619 0.863262
0  0.115913 0.084645 0.672565  0.353510 0.267340 0.896415  0.840183 0.861499
0  0.136495 0.044541 0.672911  0.417065 0.145231 0.897198  0.848335 0.858853
chess_set_pieces_black
0  -0.051186 0.155855 0.656976  -0.245882 0.740609 0.625332  0.807060 0.849155
0  -0.085159 0.116436 0.672374  -0.259445 0.359380 0.896401  0.808801 0.838561
0  -0.045023 0.136871 0.672387  -0.137824 0.419499 0.897232  0.811471 0.846829
chess_set_pieces_black
0  -0.097198 -0.133010 0.657417  -0.457281 -0.624066 0.633590  0.841529 0.801927
0  -0.045102 -0.137055 0.672753  -0.141243 -0.418992 0.896937  0.848819 0.809662
0  -0.085277 -0.116593 0.672779  -0.262112 -0.355731 0.897080  0.840628 0.806885
chess_set_pieces_black
0  0.164402 0.000054 0.657950  0.778085 0.007235 0.628117  0.858867 0.857437
0  0.136495 0.044541 0.672911  0.417065 0.145231 0.897198  0.848335 0.858853
0  0.143711 0.000006 0.673317  0.436902 0.003887 0.899500  0.855323 0.853845
chess_set_pieces_black
0  -0.000576 0.164182 0.657300  -0.002018 0.775822 0.630948  0.813043 0.857352
0  -0.045023 0.136871 0.672387  -0.137824 0.419499 0.897232  0.811471 0.846829
0  -0.000568 0.143923 0.672410  -0.000313 0.438472 0.898745  0.816546 0.853817
chess_set_pieces_black
0  -0.133419 -0.096495 0.657233  -0.630940 -0.453117 0.629762  0.831202 0.801830
0  -0.085277 -0.116593 0.672779  -0.262112 -0.355731 0.897080  0.840628 0.806885
0  -0.117132 -0.084670 0.672694  -0.360346 -0.256719 0.896798  0.831909 0.806816
chess_set_pieces_black
0  0.156417 -0.050944 0.658021  0.736945 -0.240186 0.631841  0.864828 0.849254
0  0.143711 0.000006 0.673317  0.436902 0.003887 0.899500  0.855323 0.853845
0  0.136628 -0.044568 0.673201  0.413748 -0.136441 0.900109  0.860379 0.846904
chess_set_pieces_black
0  -0.156556 -0.050679 0.657079  -0.739035 -0.238899 0.629885  0.821353 0.804967
0  -0.117132 -0.084670 0.672694  -0.360346 -0.256719 0.896798  0.831909 0.806816
0  -0.137516 -0.044499 0.672503  -0.422437 -0.135528 0.896203  0.823591 0.809462
chess_set_pieces_black
0  0.132853 -0.096895 0.657850  0.625822 -0.457089 0.631994  0.868007 0.839537
0  0.136628 -0.044568 0.673201  0.413748 -0.136441 0.900109  0.860379 0.846904
0  0.116129 -0.084772 0.673111  0.352862 -0.257402 0.899574  0.863049 0.838718
chess_set_pieces_black
0  -0.164609 0.000005 0.657117  -0.775841 -0.001304 0.630927  0.813035 0.810987
0  -0.137516 -0.044499 0.672503  -0.422437 -0.135528 0.896203  0.823591 0.809462
0  -0.144579 0.000008 0.672546  -0.442995 -0.000767 0.896524  0.816584 0.814550
chess_set_pieces_black
0  0.096283 -0.133395 0.657842  0.454915 -0.625834 0.633549  0.868119 0.829325
0  0.116129 -0.084772 0.673111  0.352862 -0.257402 0.899574  0.863049 0.838718
0  0.084198 -0.116689 0.673064  0.258089 -0.354148 0.898871  0.863165 0.830116
chess_set_pieces_black
0  -0.000568 0.143923 0.672410  -0.000313 0.438472 0.898745  0.816546 0.853817
0  -0.025145 0.075749 0.696404  -0.131245 0.403585 0.905480  0.822922 0.840948
0  -0.000581 0.079605 0.696424  0.000647 0.423785 0.905762  0.825609 0.844743
chess_set_pieces_black
0  -0.117132 -0.084670 0.672694  -0.360346 -0.256719 0.896798  0.831909 0.806816
0  -0.047683 -0.064838 0.696849  -0.254612 -0.342972 0.904181  0.838558 0.819515
0  -0.065272 -0.046948 0.696697  -0.348019 -0.247117 0.904332  0.833920 0.819501
chess_set_pieces_black
0  0.136628 -0.044568 0.673201  0.413748 -0.136441 0.900109  0.860379 0.846904
0  0.079757 0.000017 0.697029  0.420517 0.003057 0.907280  0.846303 0.844852
0  0.075966 -0.024808 0.696910  0.400270 -0.131836 0.906864  0.849040 0.841088
chess_set_pieces_black
0  -0.137516 -0.044499 0.672503  -0.422437 -0.135528 0.896203  0.823591 0.809462
0  -0.065272 -0.046948 0.696697  -0.348019 -0.247117 0.904332  0.833920 0.819501
0  -0.076558 -0.024593 0.696678  -0.407136 -0.130382 0.904014  0.829494 0.820939
chess_set_pieces_black
0  0.116129 -0.084772 0.673111  0.352862 -0.257402 0.899574  0.863049 0.838718
0  0.075966 -0.024808 0.696910  0.400270 -0.131836 0.906864  0.849040 0.841088
0  0.064490 -0.047268 0.696890  0.342819 -0.248551 0.905923  0.850464 0.836632
chess_set_pieces_black
0  -0.144579 0.000008 0.672546  -0.442995 -0.000767 0.896524  0.816584 0.814550
0  -0.076558 -0.024593 0.696678  -0.407136 -0.130382 0.904014  0.829494 0.820939
0  -0.080522 -0.000009 0.696640  -0.426652 0.000223 0.904416  0.825740 0.823661
chess_set_pieces_black
0  0.084198 -0.116689 0.673064  0.258089 -0.354148 0.898871  0.863165 0.830116
0  0.064490 -0.047268 0.696890  0.342819 -0.248551 0.905923  0.850464 0.836632
0  0.046787 -0.065208 0.696990  0.251523 -0.342687 0.905153  0.850510 0.832000
chess_set_pieces_black
0  0.043891 0.136849 0.672394  0.136762 0.416775 0.898663  0.823546 0.858819
0  -0.000581 0.079605 0.696424  0.000647 0.423785 0.905762  0.825609 0.844743
0  0.023968 0.075626 0.696384  0.131741 0.402830 0.905744  0.829352 0.847421
chess_set_pieces_black
0  -0.137537 0.044493 0.672575  -0.419380 0.138159 0.897236  0.811452 0.821542
0  -0.080522 -0.000009 0.696640  -0.426652 0.000223 0.904416  0.825740 0.823661
0  -0.076636 0.024687 0.696601  -0.402876 0.134637 0.905297  0.822989 0.827436
chess_set_pieces_black
0  0.043982 -0.137166 0.673019  0.135953 -0.417505 0.898447  0.860629 0.821903
0  0.046787 -0.065208 0.696990  0.251523 -0.342687 0.905153  0.850510 0.832000
0  0.024306 -0.076739 0.697118  0.132722 -0.405508 0.904405  0.849257 0.827543
chess_set_pieces_black
0  0.084007 0.116417 0.672379  0.256789 0.359309 0.897194  0.831667 0.861428
0  0.023968 0.075626 0.696384  0.131741 0.402830 0.905744  0.829352 0.847421
0  0.046133 0.064378 0.696376  0.244934 0.347392 0.905166  0.833628 0.848778
chess_set_pieces_black
0  -0.117059 0.084629 0.672519  -0.355540 0.262982 0.896901  0.808753 0.829852
0  -0.076636 0.024687 0.696601  -0.402876 0.134637 0.905297  0.822989 0.827436
0  -0.064974 0.046793 0.696433  -0.340822 0.252785 0.905505  0.821512 0.831911
chess_set_pieces_black
0  -0.000587 -0.144209 0.672982  -0.003980 -0.439880 0.898048  0.855722 0.814832
0  0.024306 -0.076739 0.697118  0.132722 -0.405508 0.904405  0.849257 0.827543
0  -0.000593 -0.080622 0.697177  -0.003786 -0.427440 0.904036  0.846661 0.823655
chess_set_pieces_black
0  0.115913 0.084645 0.672565  0.353510 0.267340 0.896415  0.840183 0.861499
0  0.046133 0.064378 0.696376  0.244934 0.347392 0.905166  0.833628 0.848778
0  0.064164 0.047074 0.696749  0.337017 0.258466 0.905326  0.838122 0.848944
chess_set_pieces_black
0  -0.085159 0.116436 0.672374  -0.259445 0.359380 0.896401  0.808801 0.838561
0  -0.064974 0.046793 0.696433  -0.340822 0.252785 0.905505  0.821512 0.831911
0  -0.047405 0.064467 0.696407  -0.248441 0.343982 0.905513  0.821542 0.836558
chess_set_pieces_black
0  -0.045102 -0.137055 0.672753  -0.141243 -0.418992 0.896937  0.848819 0.809662
0  -0.000593 -0.080622 0.697177  -0.003786 -0.427440 0.904036  0.846661 0.823655
0  -0.025355 -0.076507 0.696978  -0.137859 -0.405749 0.903528  0.842913 0.820972
chess_set_pieces_black
0  0.136495 0.044541 0.672911  0.417065 0.145231 0.897198  0.848335 0.858853
0  0.064164 0.047074 0.696749  0.337017 0.258466 0.905326  0.838122 0.848944
0  0.075747 0.024802 0.696964  0.399497 0.139394 0.906075  0.842550 0.847633
chess_set_pieces_black
0  -0.045023 0.136871 0.672387  -0.137824 0.419499 0.897232  0.811471 0.846829
0  -0.047405 0.064467 0.696407  -0.248441 0.343982 0.905513  0.821542 0.836558
0  -0.025145 0.075749 0.696404  -0.131245 0.403585 0.905480  0.822922 0.840948
chess_set_pieces_black
0  -0.085277 -0.116593 0.672779  -0.262112 -0.355731 0.897080  0.840628 0.806885
0  -0.025355 -0.076507 0.696978  -0.137859 -0.405749 0.903528  0.842913 0.820972
0  -0.047683 -0.064838 0.696849  -0.254612 -0.342972 0.904181  0.838558 0.819515
chess_set_pieces_black
0  0.143711 0.000006 0.673317  0.436902 0.003887 0.899500  0.855323 0.853845
0  0.075747 0.024802 0.696964  0.399497 0.139394 0.906075  0.842550 0.847633
0  0.079757 0.000017 0.697029  0.420517 0.003057 0.907280  0.846303 0.844852
chess_set_pieces_black
0  -0.064974 0.046793 0.696433  -0.340822 0.252785 0.905505  0.821512 0.831911
0  -0.072781 0.023407 0.707238  -0.944597 0.324654 0.048325  0.824830 0.828377
0  -0.061589 0.044324 0.707239  -0.802130 0.594579 0.055347  0.823644 0.832249
chess_set_pieces_black
0  -0.000593 -0.080622 0.697177  -0.003786 -0.427440 0.904036  0.846661 0.823655
0  0.023276 -0.073524 0.707144  0.314258 -0.948723 0.034153  0.847563 0.828336
0  -0.000596 -0.077353 0.707130  -0.004419 -0.999489 0.031659  0.845289 0.824999
chess_set_pieces_black
0  0.064164 0.047074 0.696749  0.337017 0.258466 0.905326  0.838122 0.848944
0  0.043681 0.060980 0.707183  0.576590 0.815605 0.048285  0.833991 0.846871
0  0.060750 0.044567 0.707206  0.796063 0.603222 0.049064  0.837858 0.846976
chess_set_pieces_black
0  -0.047405 0.064467 0.696407  -0.248441 0.343982 0.905513  0.821542 0.836558
0  -0.061589 0.044324 0.707239  -0.802130 0.594579 0.055347  0.823644 0.832249
0  -0.044844 0.060991 0.707220  -0.588511 0.806788 0.052415  0.823540 0.836251
chess_set_pieces_black
0  -0.025355 -0.076507 0.696978  -0.137859 -0.405749 0.903528  0.842913 0.820972
0  -0.000596 -0.077353 0.707130  -0.004419 -0.999489 0.031659  0.845289 0.824999
0  -0.024320 -0.073388 0.707145  -0.319926 -0.946960 0.030237  0.842072 0.822607
chess_set_pieces_black
0  0.075747 0.024802 0.696964  0.399497 0.139394 0.906075  0.842550 0.847633
0  0.060750 0.044567 0.707206  0.796063 0.603222 0.049064  0.837858 0.846976
0  0.071922 0.023567 0.707213  0.945810 0.321364 0.046572  0.841637 0.845816
chess_set_pieces_black
0  -0.025145 0.075749 0.696404  -0.131245 0.403585 0.905480  0.822922 0.840948
0  -0.044844 0.060991 0.707220  -0.588511 0.806788 0.052415  0.823540 0.836251
0  -0.023837 0.071727 0.707196  -0.309411 0.949802 0.046275  0.824771 0.840022
chess_set_pieces_black
0  -0.047683 -0.064838 0.696849  -0.254612 -0.342972 0.904181  0.838558 0.819515
0  -0.024320 -0.073388 0.707145  -0.319926 -0.946960 0.030237  0.842072 0.822607
0  -0.045749 -0.062151 0.707144  -0.597751 -0.801137 0.029553  0.838248 0.821403
chess_set_pieces_black
0  0.079757 0.000017 0.697029  0.420517 0.003057 0.907280  0.846303 0.844852
0  0.071922 0.023567 0.707213  0.945810 0.321364 0.046572  0.841637 0.845816
0  0.075921 0.000058 0.707191  0.998964 0.006853 0.044987  0.844893 0.843491
chess_set_pieces_black
0  -0.000581 0.079605 0.696424  0.000647 0.423785 0.905762  0.825609 0.844743
0  -0.023837 0.071727 0.707196  -0.309411 0.949802 0.046275  0.824771 0.840022
0  -0.000602 0.075402 0.707201  0.003299 0.998968 0.045296  0.827118 0.843238
chess_set_pieces_black
0  -0.065272 -0.046948 0.696697  -0.348019 -0.247117 0.904332  0.833920 0.819501
0  -0.045749 -0.062151 0.707144  -0.597751 -0.801137 0.029553  0.838248 0.821403
0  -0.062556 -0.044906 0.707147  -0.814358 -0.579497 0.031702  0.834206 0.821442
chess_set_pieces_black
0  0.075966 -0.024808 0.696910  0.400270 -0.131836 0.906864  0.849040 0.841088
0  0.075921 0.000058 0.707191  0.998964 0.006853 0.044987  0.844893 0.843491
0  0.072344 -0.023583 0.707200  0.951012 -0.305771 0.045602  0.847258 0.840226
chess_set_pieces_black
0  -0.076558 -0.024593 0.696678  -0.407136 -0.130382 0.904014  0.829494 0.820939
0  -0.062556 -0.044906 0.707147  -0.814358 -0.579497 0.031702  0.834206 0.821442
0  -0.073270 -0.023480 0.707206  -0.951565 -0.305506 0.034484  0.830381 0.822716
chess_set_pieces_black
0  0.064490 -0.047268 0.696890  0.342819 -0.248551 0.905923  0.850464 0.836632
0  0.072344 -0.023583 0.707200  0.951012 -0.305771 0.045602  0.847258 0.840226
0  0.061547 -0.045071 0.707183  0.812409 -0.581542 0.042436  0.848519 0.836320
chess_set_pieces_black
0  -0.080522 -0.000009 0.696640  -0.426652 0.000223 0.904416  0.825740 0.823661
0  -0.073270 -0.023480 0.707206  -0.951565 -0.305506 0.034484  0.830381 0.822716
0  -0.076849 0.000031 0.707190  -0.999232 0.006689 0.038599  0.827152 0.825093
chess_set_pieces_black
0  0.046787 -0.065208 0.696990  0.251523 -0.342687 0.905153  0.850510 0.832000
0  0.061547 -0.045071 0.707183  0.812409 -0.581542 0.042436  0.848519 0.836320
0  0.044685 -0.062349 0.707161  0.595705 -0.802302 0.038037  0.848680 0.832234
chess_set_pieces_black
0  0.023968 0.075626 0.696384  0.131741 0.402830 0.905744  0.829352 0.847421
0  -0.000602 0.075402 0.707201  0.003299 0.998968 0.045296  0.827118 0.843238
0  0.022605 0.071612 0.707160  0.310048 0.949560 0.046976  0.830275 0.845608
chess_set_pieces_black
0  -0.076636 0.024687 0.696601  -0.402876 0.134637 0.905297  0.822989 0.827436
0  -0.076849 0.000031 0.707190  -0.999232 0.006689 0.038599  0.827152 0.825093
0  -0.072781 0.023407 0.707238  -0.944597 0.324654 0.048325  0.824830 0.828377
chess_set_pieces_black
0  0.024306 -0.076739 0.697118  0.132722 -0.405508 0.904405  0.849257 0.827543
0  0.044685 -0.062349 0.707161  0.595705 -0.802302 0.038037  0.848680 0.832234
0  0.023276 -0.073524 0.707144  0.314258 -0.948723 0.034153  0.847563 0.828336
chess_set_pieces_black
0  0.046133 0.064378 0.696376  0.244934 0.347392 0.905166  0.833628 0.848778
0  0.022605 0.071612 0.707160  0.310048 0.949560 0.046976  0.830275 0.845608
0  0.043681 0.060980 0.707183  0.576590 0.815605 0.048285  0.833991 0.846871
chess_set_pieces_black
0  -0.073270 -0.023480 0.707206  -0.951565 -0.305506 0.034484  0.023978 0.405577
0  -0.064766 -0.046496 0.717953  -0.591236 -0.420887 -0.687963  0.020913 0.408719
0  -0.075872 -0.024328 0.717945  -0.690474 -0.221398 -0.688643  0.022344 0.404705
chess_set_pieces_black
0  0.061547 -0.045071 0.707183  0.812409 -0.581542 0.042436  0.036019 0.422473
0  0.075022 -0.024449 0.717679  0.692782 -0.222040 -0.686113  0.040394 0.422900
0  0.063821 -0.046764 0.717856  0.591686 -0.423020 -0.686267  0.036304 0.424214
chess_set_pieces_black
0  -0.076849 0.000031 0.707190  -0.999232 0.006689 0.038599  0.026287 0.402669
0  -0.075872 -0.024328 0.717945  -0.690474 -0.221398 -0.688643  0.022344 0.404705
0  -0.079785 0.000009 0.717895  -0.723862 0.005738 -0.689921  0.024953 0.401263
chess_set_pieces_black
0  0.044685 -0.062349 0.707161  0.595705 -0.802302 0.038037  0.032271 0.422477
0  0.063821 -0.046764 0.717856  0.591686 -0.423020 -0.686267  0.036304 0.424214
0  0.046361 -0.064537 0.717732  0.434413 -0.583177 -0.686433  0.032064 0.424268
chess_set_pieces_black
0  0.022605 0.071612 0.707160  0.310048 0.949560 0.046976  0.044835 0.405633
0  -0.000607 0.078661 0.718201  0.001906 0.723249 -0.690585  0.044209 0.401468
0  0.023596 0.074650 0.718282  0.226243 0.687808 -0.689735  0.046587 0.404847
chess_set_pieces_black
0  -0.072781 0.023407 0.707238  -0.944597 0.324654 0.048325  0.029365 0.400538
0  -0.079785 0.000009 0.717895  -0.723862 0.005738 -0.689921  0.024953 0.401263
0  -0.075668 0.024330 0.718161  -0.683723 0.239116 -0.689454  0.028549 0.398841
chess_set_pieces_black
0  0.023276 -0.073524 0.707144  0.314258 -0.948723 0.034153  0.028747 0.421439
0  0.046361 -0.064537 0.717732  0.434413 -0.583177 -0.686433  0.032064 0.424268
0  0.024078 -0.076109 0.717536  0.230782 -0.688551 -0.687486  0.027966 0.423021
chess_set_pieces_black
0  0.043681 0.060980 0.707183  0.576590 0.815605 0.048285  0.045935 0.409124
0  0.023596 0.074650 0.718282  0.226243 0.687808 -0.689735  0.046587 0.404847
0  0.045545 0.063579 0.718291  0.419675 0.592153 -0.687915  0.047804 0.408868
chess_set_pieces_black
0  -0.061589 0.044324 0.707239  -0.802130 0.594579 0.055347  0.032961 0.399505
0  -0.075668 0.024330 0.718161  -0.683723 0.239116 -0.689454  0.028549 0.398841
0  -0.063949 0.046016 0.718323  -0.582068 0.432476 -0.688594  0.032666 0.397536
chess_set_pieces_black
0  -0.000596 -0.077353 0.707130  -0.004419 -0.999489 0.031659  0.025763 0.419281
0  0.024078 -0.076109 0.717536  0.230782 -0.688551 -0.687486  0.027966 0.423021
0  -0.000475 -0.080007 0.717478  -0.005025 -0.725297 -0.688417  0.024544 0.420541
chess_set_pieces_black
0  0.060750 0.044567 0.707206  0.796063 0.603222 0.049064  0.045924 0.412752
0  0.045545 0.063579 0.718291  0.419675 0.592153 -0.687915  0.047804 0.408868
0  0.063300 0.046408 0.718091  0.580823 0.438209 -0.686016  0.047736 0.413065
chess_set_pieces_black
0  -0.044844 0.060991 0.707220  -0.588511 0.806788 0.052415  0.036626 0.399467
0  -0.063949 0.046016 0.718323  -0.582068 0.432476 -0.688594  0.032666 0.397536
0  -0.046718 0.063567 0.718246  -0.428688 0.584935 -0.688533  0.036957 0.397576
chess_set_pieces_black
0  -0.024320 -0.073388 0.707145  -0.319926 -0.946960 0.030237  0.023678 0.416284
0  -0.000475 -0.080007 0.717478  -0.005025 -0.725297 -0.688417  0.024544 0.420541
0  -0.025128 -0.075910 0.717626  -0.233086 -0.687287 -0.687973  0.022032 0.417080
chess_set_pieces_black
0  0.071922 0.023567 0.707213  0.945810 0.321364 0.046572  0.044822 0.416216
0  0.063300 0.046408 0.718091  0.580823 0.438209 -0.686016  0.047736 0.413065
0  0.074864 0.024498 0.717892  0.689006 0.237314 -0.684801  0.046369 0.417023
chess_set_pieces_black
0  -0.023837 0.071727 0.707196  -0.309411 0.949802 0.046275  0.040056 0.400578
0  -0.046718 0.063567 0.718246  -0.428688 0.584935 -0.688533  0.036957 0.397576
0  -0.024826 0.074872 0.718224  -0.226865 0.688182 -0.689157  0.040966 0.398918
chess_set_pieces_black
0  -0.045749 -0.062151 0.707144  -0.597751 -0.801137 0.029553  0.022564 0.412710
0  -0.025128 -0.075910 0.717626  -0.233086 -0.687287 -0.687973  0.022032 0.417080
0  -0.047361 -0.064386 0.717799  -0.435002 -0.581025 -0.687883  0.020826 0.412951
chess_set_pieces_black
0  0.075921 0.000058 0.707191  0.998964 0.006853 0.044987  0.042603 0.419116
0  0.074864 0.024498 0.717892  0.689006 0.237314 -0.684801  0.046369 0.417023
0  0.078891 0.000046 0.717732  0.728264 0.006294 -0.685268  0.043871 0.420394
chess_set_pieces_black
0  -0.000602 0.075402 0.707201  0.003299 0.998968 0.045296  0.042892 0.402709
0  -0.024826 0.074872 0.718224  -0.226865 0.688182 -0.689157  0.040966 0.398918
0  -0.000607 0.078661 0.718201  0.001906 0.723249 -0.690585  0.044209 0.401468
chess_set_pieces_black
0  -0.062556 -0.044906 0.707147  -0.814358 -0.579497 0.031702  0.022710 0.409042
0  -0.047361 -0.064386 0.717799  -0.435002 -0.581025 -0.687883  0.020826 0.412951
0  -0.064766 -0.046496 0.717953  -0.591236 -0.420887 -0.687963  0.020913 0.408719
chess_set_pieces_black
0  0.072344 -0.023583 0.707200  0.951012 -0.305771 0.045602  0.039548 0.421247
0  0.078891 0.000046 0.717732  0.728264 0.006294 -0.685268  0.043871 0.420394
0  0.075022 -0.024449 0.717679  0.692782 -0.222040 -0.686113  0.040394 0.422900
chess_set_pieces_black
0  -0.000575 0.155018 0.822116  -0.000319 0.969912 -0.243457  0.745929 0.407609
0  0.048775 0.151929 0.864174  0.309098 0.951018 0.004879  0.756776 0.400243
0  0.047285 0.147387 0.822120  0.300457 0.922103 -0.243825  0.755773 0.408445
chess_set_pieces_black
0  -0.000564 0.138774 0.945272  -0.000826 0.874723 0.484623  0.751978 0.381368
0  0.034417 0.107703 0.978762  0.227439 0.691092 0.686049  0.762993 0.376134
0  0.042251 0.131872 0.945195  0.271726 0.831120 0.485185  0.760338 0.384358
chess_set_pieces_black
0  -0.000572 0.041336 1.020381  0.001190 0.305002 0.952351  0.531250 0.342352
0  -0.000571 0.000001 1.025540  0.000998 0.005840 0.999982  0.525891 0.347703
0  0.012202 0.039333 1.020474  0.095413 0.292033 0.951637  0.529331 0.340966
chess_set_pieces_black
0  -0.000572 0.138972 0.782956  -0.000495 0.875798 -0.482677  0.745907 0.416643
0  0.047285 0.147387 0.822120  0.300457 0.922103 -0.243825  0.755773 0.408445
0  0.042334 0.132168 0.782961  0.272243 0.832310 -0.482850  0.755133 0.417074
chess_set_pieces_black
0  -0.000568 0.154572 0.906074  -0.001096 0.969074 0.246769  0.748708 0.389820
0  0.042251 0.131872 0.945195  0.271726 0.831120 0.485185  0.760338 0.384358
0  0.047173 0.147028 0.906075  0.299930 0.921418 0.247045  0.758305 0.392301
chess_set_pieces_black
0  -0.000561 0.080411 1.005162  0.002546 0.529867 0.848077  0.536769 0.336868
0  0.012202 0.039333 1.020474  0.095413 0.292033 0.951637  0.529331 0.340966
0  0.024256 0.076402 1.005018  0.166602 0.503801 0.847602  0.532876 0.334063
chess_set_pieces_black
0  -0.000566 0.113883 0.748960  0.000343 0.741364 -0.671103  0.050260 0.395668
0  0.042334 0.132168 0.782961  0.272243 0.832310 -0.482850  0.062105 0.397594
0  0.034535 0.108195 0.749070  0.231446 0.704029 -0.671398  0.054164 0.401227
chess_set_pieces_black
0  -0.000577 0.159747 0.864170  -0.000725 0.999985 0.005443  0.746779 0.398679
0  0.047173 0.147028 0.906075  0.299930 0.921418 0.247045  0.758305 0.392301
0  0.048775 0.151929 0.864174  0.309098 0.951018 0.004879  0.756776 0.400243
chess_set_pieces_black
0  -0.000573 0.113361 0.978881  0.000771 0.727882 0.685702  0.542692 0.331021
0  0.024256 0.076402 1.005018  0.166602 0.503801 0.847602  0.532876 0.334063
0  0.034417 0.107703 0.978762  0.227439 0.691092 0.686049  0.536743 0.326642
chess_set_pieces_black
0  0.066246 0.092002 0.749114  0.434262 0.601586 -0.670456  0.056100 0.407791
0  0.023596 0.074650 0.718282  0.226243 0.687808 -0.689735  0.046587 0.404847
0  0.034535 0.108195 0.749070  0.231446 0.704029 -0.671398  0.054164 0.401227
chess_set_pieces_black
0  0.024256 0.076402 1.005018  0.166602 0.503801 0.847602  0.532876 0.334063
0  0.023738 0.033458 1.020464  0.180929 0.250076 0.951171  0.527081 0.340242
0  0.046628 0.064961 1.004987  0.312470 0.429833 0.847116  0.528306 0.332606
chess_set_pieces_black
0  0.034535 0.108195 0.749070  0.231446 0.704029 -0.671398  0.054164 0.401227
0  0.081029 0.112334 0.783031  0.514573 0.708599 -0.482807  0.064664 0.406802
0  0.066246 0.092002 0.749114  0.434262 0.601586 -0.670456  0.056100 0.407791
chess_set_pieces_black
0  0.048775 0.151929 0.864174  0.309098 0.951018 0.004879  0.756776 0.400243
0  0.090260 0.125033 0.906062  0.569331 0.783847 0.247884  0.767069 0.393954
0  0.093330 0.129257 0.864173  0.587456 0.809243 0.004613  0.766031 0.401500
chess_set_pieces_black
0  0.034417 0.107703 0.978762  0.227439 0.691092 0.686049  0.536743 0.326642
0  0.046628 0.064961 1.004987  0.312470 0.429833 0.847116  0.528306 0.332606
0  0.065967 0.091593 0.978737  0.427901 0.588253 0.686192  0.529674 0.324295
chess_set_pieces_black
0  0.091512 0.066876 0.749020  0.597113 0.442414 -0.669123  0.055931 0.414584
0  0.045545 0.063579 0.718291  0.419675 0.592153 -0.687915  0.047804 0.408868
0  0.066246 0.092002 0.749114  0.434262 0.601586 -0.670456  0.056100 0.407791
chess_set_pieces_black
0  0.047285 0.147387 0.822120  0.300457 0.922103 -0.243825  0.755773 0.408445
0  0.093330 0.129257 0.864173  0.587456 0.809243 0.004613  0.766031 0.401500
0  0.090475 0.125333 0.822145  0.569897 0.784540 -0.244365  0.765158 0.409347
chess_set_pieces_black
0  0.042251 0.131872 0.945195  0.271726 0.831120 0.485185  0.760338 0.384358
0  0.065967 0.091593 0.978737  0.427901 0.588253 0.686192  0.770202 0.378142
0  0.080902 0.112154 0.945186  0.513933 0.707019 0.485794  0.768477 0.386260
chess_set_pieces_black
0  0.012202 0.039333 1.020474  0.095413 0.292033 0.951637  0.529331 0.340966
0  -0.000571 0.000001 1.025540  0.000998 0.005840 0.999982  0.525891 0.347703
0  0.023738 0.033458 1.020464  0.180929 0.250076 0.951171  0.527081 0.340242
chess_set_pieces_black
0  0.042334 0.132168 0.782961  0.272243 0.832310 -0.482850  0.755133 0.417074
0  0.090475 0.125333 0.822145  0.569897 0.784540 -0.244365  0.765158 0.409347
0  0.081029 0.112334 0.783031  0.514573 0.708599 -0.482807  0.764400 0.418051
chess_set_pieces_black
0  0.047173 0.147028 0.906075  0.299930 0.921418 0.247045  0.758305 0.392301
0  0.080902 0.112154 0.945186  0.513933 0.707019 0.485794  0.768477 0.386260
0  0.090260 0.125033 0.906062  0.569331 0.783847 0.247884  0.767069 0.393954
chess_set_pieces_black
0  0.080902 0.112154 0.945186  0.513933 0.707019 0.485794  0.768477 0.386260
0  0.091018 0.066535 0.978725  0.588433 0.428234 0.685830  0.777513 0.379281
0  0.111595 0.081470 0.945190  0.706442 0.513951 0.486614  0.776466 0.387514
chess_set_pieces_black
0  0.023738 0.033458 1.020464  0.180929 0.250076 0.951171  0.527081 0.340242
0  -0.000571 0.000001 1.025540  0.000998 0.005840 0.999982  0.525891 0.347703
0  0.032892 0.024318 1.020490  0.246973 0.184661 0.951265  0.524718 0.340225
chess_set_pieces_black
0  0.081029 0.112334 0.783031  0.514573 0.708599 -0.482807  0.764400 0.418051
0  0.124798 0.091058 0.822134  0.782770 0.572613 -0.243690  0.774318 0.410162
0  0.111861 0.081664 0.782962  0.706064 0.518464 -0.482357  0.773758 0.418696
chess_set_pieces_black
0  0.090260 0.125033 0.906062  0.569331 0.783847 0.247884  0.767069 0.393954
0  0.111595 0.081470 0.945190  0.706442 0.513951 0.486614  0.776466 0.387514
0  0.124504 0.090853 0.906083  0.782630 0.570608 0.248790  0.775606 0.395031
chess_set_pieces_black
0  0.046628 0.064961 1.004987  0.312470 0.429833 0.847116  0.528306 0.332606
0  0.032892 0.024318 1.020490  0.246973 0.184661 0.951265  0.524718 0.340225
0  0.064417 0.047230 1.005020  0.429046 0.314738 0.846676  0.523504 0.332527
chess_set_pieces_black
0  0.066246 0.092002 0.749114  0.434262 0.601586 -0.670456  0.056100 0.407791
0  0.111861 0.081664 0.782962  0.706064 0.518464 -0.482357  0.064313 0.416205
0  0.091512 0.066876 0.749020  0.597113 0.442414 -0.669123  0.055931 0.414584
chess_set_pieces_black
0  0.093330 0.129257 0.864173  0.587456 0.809243 0.004613  0.766031 0.401500
0  0.124504 0.090853 0.906083  0.782630 0.570608 0.248790  0.775606 0.395031
0  0.128711 0.093917 0.864170  0.807723 0.589545 0.004446  0.774883 0.402455
chess_set_pieces_black
0  0.065967 0.091593 0.978737  0.427901 0.588253 0.686192  0.529674 0.324295
0  0.064417 0.047230 1.005020  0.429046 0.314738 0.846676  0.523504 0.332527
0  0.091018 0.066535 0.978725  0.588433 0.428234 0.685830  0.522247 0.324293
chess_set_pieces_black
0  0.107798 0.035201 0.748875  0.704969 0.236889 -0.668507  0.053741 0.420989
0  0.063300 0.046408 0.718091  0.580823 0.438209 -0.686016  0.047736 0.413065
0  0.091512 0.066876 0.749020  0.597113 0.442414 -0.669123  0.055931 0.414584
chess_set_pieces_black
0  0.090475 0.125333 0.822145  0.569897 0.784540 -0.244365  0.765158 0.409347
0  0.128711 0.093917 0.864170  0.807723 0.589545 0.004446  0.774883 0.402455
0  0.124798 0.091058 0.822134  0.782770 0.572613 -0.243690  0.774318 0.410162
chess_set_pieces_black
0  0.091018 0.066535 0.978725  0.588433 0.428234 0.685830  0.522247 0.324293
0  0.075925 0.024853 1.005148  0.505581 0.171368 0.845589  0.518930 0.334024
0  0.107087 0.034977 0.978720  0.692801 0.227249 0.684387  0.515204 0.326527
chess_set_pieces_black
0  0.113596 0.000014 0.748690  0.743678 0.005256 -0.668517  0.049604 0.426358
0  0.074864 0.024498 0.717892  0.689006 0.237314 -0.684801  0.046369 0.417023
0  0.107798 0.035201 0.748875  0.704969 0.236889 -0.668507  0.053741 0.420989
chess_set_pieces_black
0  0.124798 0.091058 0.822134  0.782770 0.572613 -0.243690  0.774318 0.410162
0  0.151607 0.049427 0.864178  0.950131 0.311813 0.004945  0.783626 0.403093
0  0.147028 0.047931 0.822071  0.921479 0.303552 -0.242347  0.783333 0.410686
chess_set_pieces_black
0  0.111595 0.081470 0.945190  0.706442 0.513951 0.486614  0.776466 0.387514
0  0.107087 0.034977 0.978720  0.692801 0.227249 0.684387  0.784920 0.379889
0  0.131273 0.042823 0.945188  0.829739 0.270791 0.488063  0.784403 0.388205
chess_set_pieces_black
0  0.032892 0.024318 1.020490  0.246973 0.184661 0.951265  0.524718 0.340225
0  -0.000571 0.000001 1.025540  0.000998 0.005840 0.999982  0.525891 0.347703
0  0.038782 0.012798 1.020578  0.288207 0.104237 0.951878  0.522460 0.340946
chess_set_pieces_black
0  0.111861 0.081664 0.782962  0.706064 0.518464 -0.482357  0.773758 0.418696
0  0.147028 0.047931 0.822071  0.921479 0.303552 -0.242347  0.783333 0.410686
0  0.131905 0.043007 0.782804  0.831567 0.275922 -0.482042  0.783018 0.419117
chess_set_pieces_black
0  0.124504 0.090853 0.906083  0.782630 0.570608 0.248790  0.775606 0.395031
0  0.131273 0.042823 0.945188  0.829739 0.270791 0.488063  0.784403 0.388205
0  0.146597 0.047802 0.906122  0.920104 0.301484 0.250032  0.784000 0.395758
chess_set_pieces_black
0  0.064417 0.047230 1.005020  0.429046 0.314738 0.846676  0.523504 0.332527
0  0.038782 0.012798 1.020578  0.288207 0.104237 0.951878  0.522460 0.340946
0  0.075925 0.024853 1.005148  0.505581 0.171368 0.845589  0.518930 0.334024
chess_set_pieces_black
0  0.091512 0.066876 0.749020  0.597113 0.442414 -0.669123  0.055931 0.414584
0  0.131905 0.043007 0.782804  0.831567 0.275922 -0.482042  0.061228 0.424982
0  0.107798 0.035201 0.748875  0.704969 0.236889 -0.668507  0.053741 0.420989
chess_set_pieces_black
0  0.128711 0.093917 0.864170  0.807723 0.589545 0.004446  0.774883 0.402455
0  0.146597 0.047802 0.906122  0.920104 0.301484 0.250032  0.784000 0.395758
0  0.151607 0.049427 0.864178  0.950131 0.311813 0.004945  0.783626 0.403093
chess_set_pieces_black
0  0.146597 0.047802 0.906122  0.920104 0.301484 0.250032  0.784000 0.395758
0  0.138071 0.000000 0.945210  0.872234 0.003632 0.489075  0.792372 0.388412
0  0.154356 0.000004 0.906165  0.968106 0.003416 0.250519  0.792351 0.396014
chess_set_pieces_black
0  0.075925 0.024853 1.005148  0.505581 0.171368 0.845589  0.518930 0.334024
0  0.040830 0.000008 1.020720  0.302649 0.006531 0.953080  0.520533 0.342335
0  0.080095 0.000058 1.005479  0.533747 0.004812 0.845630  0.515073 0.336848
chess_set_pieces_black
0  0.107798 0.035201 0.748875  0.704969 0.236889 -0.668507  0.053741 0.420989
0  0.138855 -0.000002 0.782691  0.876432 0.003812 -0.481510  0.055684 0.432597
0  0.113596 0.000014 0.748690  0.743678 0.005256 -0.668517  0.049604 0.426358
chess_set_pieces_black
0  0.151607 0.049427 0.864178  0.950131 0.311813 0.004945  0.783626 0.403093
0  0.154356 0.000004 0.906165  0.968106 0.003416 0.250519  0.792351 0.396014
0  0.159476 0.000004 0.864177  0.999983 0.002970 0.004947  0.792318 0.403352
chess_set_pieces_black
0  0.107087 0.034977 0.978720  0.692801 0.227249 0.684387  0.515204 0.326527
0  0.080095 0.000058 1.005479  0.533747 0.004812 0.845630  0.515073 0.336848
0  0.112643 0.000010 0.978740  0.729804 0.003848 0.683645  0.509138 0.330863
chess_set_pieces_black
0  0.108125 -0.035277 0.748569  0.707918 -0.226952 -0.668838  0.044093 0.430356
0  0.078891 0.000046 0.717732  0.728264 0.006294 -0.685268  0.043871 0.420394
0  0.113596 0.000014 0.748690  0.743678 0.005256 -0.668517  0.049604 0.426358
chess_set_pieces_black
0  0.147028 0.047931 0.822071  0.921479 0.303552 -0.242347  0.783333 0.410686
0  0.159476 0.000004 0.864177  0.999983 0.002970 0.004947  0.792318 0.403352
0  0.154785 0.000004 0.822039  0.970443 0.002868 -0.241313  0.792259 0.410903
chess_set_pieces_black
0  0.131273 0.042823 0.945188  0.829739 0.270791 0.488063  0.784403 0.388205
0  0.112643 0.000010 0.978740  0.729804 0.003848 0.683645  0.792405 0.380046
0  0.138071 0.000000 0.945210  0.872234 0.003632 0.489075  0.792372 0.388412
chess_set_pieces_black
0  0.038782 0.012798 1.020578  0.288207 0.104237 0.951878  0.522460 0.340946
0  -0.000571 0.000001 1.025540  0.000998 0.005840 0.999982  0.525891 0.347703
0  0.040830 0.000008 1.020720  0.302649 0.006531 0.953080  0.520533 0.342335
chess_set_pieces_black
0  0.131905 0.043007 0.782804  0.831567 0.275922 -0.482042  0.783018 0.419117
0  0.154785 0.000004 0.822039  0.970443 0.002868 -0.241313  0.792259 0.410903
0  0.138855 -0.000002 0.782691  0.876432 0.003812 -0.481510  0.792188 0.419269
chess_set_pieces_black
0  0.138071 0.000000 0.945210  0.872234 0.003632 0.489075  0.792372 0.388412
0  0.107265 -0.035022 0.978893  0.694888 -0.218569 0.685098  0.799935 0.379786
0  0.131544 -0.042894 0.945358  0.831719 -0.262628 0.489152  0.800378 0.388223
chess_set_pieces_black
0  0.040830 0.000008 1.020720  0.302649 0.006531 0.953080  0.520533 0.342335
0  -0.000571 0.000001 1.025540  0.000998 0.005840 0.999982  0.525891 0.347703
0  0.038817 -0.012799 1.020755  0.289032 -0.092512 0.952839  0.519143 0.344263
chess_set_pieces_black
0  0.138855 -0.000002 0.782691  0.876432 0.003812 -0.481510  0.792188 0.419269
0  0.147300 -0.048018 0.822002  0.923816 -0.296414 -0.242286  0.801196 0.410881
0  0.132160 -0.043104 0.782637  0.834622 -0.268120 -0.481163  0.801289 0.419173
chess_set_pieces_black
0  0.154356 0.000004 0.906165  0.968106 0.003416 0.250519  0.792351 0.396014
0  0.131544 -0.042894 0.945358  0.831719 -0.262628 0.489152  0.800378 0.388223
0  0.146951 -0.047908 0.906205  0.922683 -0.293641 0.249862  0.800722 0.395838
chess_set_pieces_black
0  0.080095 0.000058 1.005479  0.533747 0.004812 0.845630  0.515073 0.336848
0  0.038817 -0.012799 1.020755  0.289032 -0.092512 0.952839  0.519143 0.344263
0  0.076055 -0.024904 1.005380  0.507991 -0.161307 0.846123  0.512195 0.340708
chess_set_pieces_black
0  0.113596 0.000014 0.748690  0.743678 0.005256 -0.668517  0.049604 0.426358
0  0.132160 -0.043104 0.782637  0.834622 -0.268120 -0.481163  0.047902 0.438125
0  0.108125 -0.035277 0.748569  0.707918 -0.226952 -0.668838  0.044093 0.430356
chess_set_pieces_black
0  0.159476 0.000004 0.864177  0.999983 0.002970 0.004947  0.792318 0.403352
0  0.146951 -0.047908 0.906205  0.922683 -0.293641 0.249862  0.800722 0.395838
0  0.151874 -0.049511 0.864181  0.952515 -0.304464 0.004067  0.801041 0.403224
chess_set_pieces_black
0  0.112643 0.000010 0.978740  0.729804 0.003848 0.683645  0.509138 0.330863
0  0.076055 -0.024904 1.005380  0.507991 -0.161307 0.846123  0.512195 0.340708
0  0.107265 -0.035022 0.978893  0.694888 -0.218569 0.685098  0.504747 0.336887
chess_set_pieces_black
0  0.091988 -0.067197 0.748480  0.603712 -0.433208 -0.669225  0.037602 0.432473
0  0.075022 -0.024449 0.717679  0.692782 -0.222040 -0.686113  0.040394 0.422900
0  0.108125 -0.035277 0.748569  0.707918 -0.226952 -0.668838  0.044093 0.430356
chess_set_pieces_black
0  0.154785 0.000004 0.822039  0.970443 0.002868 -0.241313  0.792259 0.410903
0  0.151874 -0.049511 0.864181  0.952515 -0.304464 0.004067  0.801041 0.403224
0  0.147300 -0.048018 0.822002  0.923816 -0.296414 -0.242286  0.801196 0.410881
chess_set_pieces_black
0  0.151874 -0.049511 0.864181  0.952515 -0.304464 0.004067  0.801041 0.403224
0  0.125195 -0.091327 0.906273  0.788755 -0.562036 0.248960  0.809227 0.395258
0  0.129380 -0.094390 0.864189  0.813697 -0.581281 0.003053  0.809853 0.402762
chess_set_pieces_black
0  0.107265 -0.035022 0.978893  0.694888 -0.218569 0.685098  0.504747 0.336887
0  0.064659 -0.047377 1.005513  0.432943 -0.304843 0.848311  0.510767 0.345297
0  0.091372 -0.066767 0.979141  0.593178 -0.418339 0.687846  0.502394 0.343982
chess_set_pieces_black
0  0.066720 -0.092642 0.748362  0.442251 -0.596149 -0.670090  0.030749 0.432550
0  0.063821 -0.046764 0.717856  0.591686 -0.423020 -0.686267  0.036304 0.424214
0  0.091988 -0.067197 0.748480  0.603712 -0.433208 -0.669225  0.037602 0.432473
chess_set_pieces_black
0  0.147300 -0.048018 0.822002  0.923816 -0.296414 -0.242286  0.801196 0.410881
0  0.129380 -0.094390 0.864189  0.813697 -0.581281 0.003053  0.809853 0.402762
0  0.125375 -0.091470 0.821949  0.788167 -0.564795 -0.244539  0.810234 0.410504
chess_set_pieces_black
0  0.131544 -0.042894 0.945358  0.831719 -0.262628 0.489152  0.800378 0.388223
0  0.091372 -0.066767 0.979141  0.593178 -0.418339 0.687846  0.807485 0.379075
0  0.112130 -0.081845 0.945580  0.711638 -0.504353 0.489080  0.808454 0.387586
chess_set_pieces_black
0  0.038817 -0.012799 1.020755  0.289032 -0.092512 0.952839  0.519143 0.344263
0  -0.000571 0.000001 1.025540  0.000998 0.005840 0.999982  0.525891 0.347703
0  0.032941 -0.024347 1.020773  0.246966 -0.173655 0.953337  0.518421 0.346518
chess_set_pieces_black
0  0.132160 -0.043104 0.782637  0.834622 -0.268120 -0.481163  0.801289 0.419173
0  0.125375 -0.091470 0.821949  0.788167 -0.564795 -0.244539  0.810234 0.410504
0  0.112390 -0.082048 0.782611  0.711732 -0.511016 -0.481975  0.810574 0.419163
chess_set_pieces_black
0  0.146951 -0.047908 0.906205  0.922683 -0.293641 0.249862  0.800722 0.395838
0  0.112130 -0.081845 0.945580  0.711638 -0.504353 0.489080  0.808454 0.387586
0  0.125195 -0.091327 0.906273  0.788755 -0.562036 0.248960  0.809227 0.395258
chess_set_pieces_black
0  0.076055 -0.024904 1.005380  0.507991 -0.161307 0.846123  0.512195 0.340708
0  0.032941 -0.024347 1.020773  0.246966 -0.173655 0.953337  0.518421 0.346518
0  0.064659 -0.047377 1.005513  0.432943 -0.304843 0.848311  0.510767 0.345297
chess_set_pieces_black
0  0.108125 -0.035277 0.748569  0.707918 -0.226952 -0.668838  0.044093 0.430356
0  0.112390 -0.082048 0.782611  0.711732 -0.511016 -0.481975  0.038869 0.440979
0  0.091988 -0.067197 0.748480  0.603712 -0.433208 -0.669225  0.037602 0.432473
chess_set_pieces_black
0  0.125195 -0.091327 0.906273  0.788755 -0.562036 0.248960  0.809227 0.395258
0  0.081596 -0.113079 0.945867  0.521873 -0.697873 0.490533  0.816676 0.386433
0  0.091101 -0.126172 0.906402  0.578885 -0.776581 0.248624  0.817933 0.394326
chess_set_pieces_black
0  0.064659 -0.047377 1.005513  0.432943 -0.304843 0.848311  0.510767 0.345297
0  0.023780 -0.033515 1.020794  0.179927 -0.238041 0.954444  0.518408 0.348888
0  0.046903 -0.065299 1.005721  0.316412 -0.419965 0.850595  0.510734 0.350096
chess_set_pieces_black
0  0.091988 -0.067197 0.748480  0.603712 -0.433208 -0.669225  0.037602 0.432473
0  0.081635 -0.113182 0.782426  0.520575 -0.703184 -0.484288  0.029458 0.440979
0  0.066720 -0.092642 0.748362  0.442251 -0.596149 -0.670090  0.030749 0.432550
chess_set_pieces_black
0  0.129380 -0.094390 0.864189  0.813697 -0.581281 0.003053  0.809853 0.402762
0  0.091101 -0.126172 0.906402  0.578885 -0.776581 0.248624  0.817933 0.394326
0  0.094123 -0.130360 0.864175  0.596247 -0.802800 0.001110  0.818851 0.402017
chess_set_pieces_black
0  0.091372 -0.066767 0.979141  0.593178 -0.418339 0.687846  0.502394 0.343982
0  0.046903 -0.065299 1.005721  0.316412 -0.419965 0.850595  0.510734 0.350096
0  0.066394 -0.092163 0.979419  0.434030 -0.578525 0.690598  0.502415 0.351504
chess_set_pieces_black
0  0.034803 -0.109117 0.748136  0.235049 -0.702939 -0.671289  0.024198 0.430387
0  0.046361 -0.064537 0.717732  0.434413 -0.583177 -0.686433  0.032064 0.424268
0  0.066720 -0.092642 0.748362  0.442251 -0.596149 -0.670090  0.030749 0.432550
chess_set_pieces_black
0  0.125375 -0.091470 0.821949  0.788167 -0.564795 -0.244539  0.810234 0.410504
0  0.094123 -0.130360 0.864175  0.596247 -0.802800 0.001110  0.818851 0.402017
0  0.091177 -0.126293 0.821830  0.577037 -0.778464 -0.247027  0.819482 0.410003
chess_set_pieces_black
0  0.112130 -0.081845 0.945580  0.711638 -0.504353 0.489080  0.808454 0.387586
0  0.066394 -0.092163 0.979419  0.434030 -0.578525 0.690598  0.815073 0.377858
0  0.081596 -0.113079 0.945867  0.521873 -0.697873 0.490533  0.816676 0.386433
chess_set_pieces_black
0  0.032941 -0.024347 1.020773  0.246966 -0.173655 0.953337  0.518421 0.346518
0  -0.000571 0.000001 1.025540  0.000998 0.005840 0.999982  0.525891 0.347703
0  0.023780 -0.033515 1.020794  0.179927 -0.238041 0.954444  0.518408 0.348888
chess_set_pieces_black
0  0.112390 -0.082048 0.782611  0.711732 -0.511016 -0.481975  0.810574 0.419163
0  0.091177 -0.126293 0.821830  0.577037 -0.778464 -0.247027  0.819482 0.410003
0  0.081635 -0.113182 0.782426  0.520575 -0.703184 -0.484288  0.819947 0.418603
chess_set_pieces_black
0  0.091177 -0.126293 0.821830  0.577037 -0.778464 -0.247027  0.819482 0.410003
0  0.049351 -0.153872 0.864168  0.316270 -0.948669 0.000217  0.828235 0.401076
0  0.047767 -0.148939 0.821645  0.306248 -0.918780 -0.249109  0.828973 0.409418
chess_set_pieces_black
0  0.081596 -0.113079 0.945867  0.521873 -0.697873 0.490533  0.816676 0.386433
0  0.034719 -0.108617 0.979695  0.230299 -0.683563 0.692607  0.822639 0.376031
0  0.042703 -0.133395 0.946136  0.276091 -0.825275 0.492641  0.825160 0.384647
chess_set_pieces_black
0  0.023780 -0.033515 1.020794  0.179927 -0.238041 0.954444  0.518408 0.348888
0  -0.000571 0.000001 1.025540  0.000998 0.005840 0.999982  0.525891 0.347703
0  0.012231 -0.039398 1.020809  0.096004 -0.278838 0.955527  0.519153 0.351138
chess_set_pieces_black
0  0.081635 -0.113182 0.782426  0.520575 -0.703184 -0.484288  0.819947 0.418603
0  0.047767 -0.148939 0.821645  0.306248 -0.918780 -0.249109  0.828973 0.409418
0  0.042705 -0.133350 0.782245  0.276382 -0.828746 -0.486613  0.829214 0.418101
chess_set_pieces_black
0  0.091101 -0.126172 0.906402  0.578885 -0.776581 0.248624  0.817933 0.394326
0  0.042703 -0.133395 0.946136  0.276091 -0.825275 0.492641  0.825160 0.384647
0  0.047813 -0.149031 0.906589  0.306489 -0.918560 0.249625  0.827028 0.392916
chess_set_pieces_black
0  0.046903 -0.065299 1.005721  0.316412 -0.419965 0.850595  0.510734 0.350096
0  0.012231 -0.039398 1.020809  0.096004 -0.278838 0.955527  0.519153 0.351138
0  0.024419 -0.076857 1.005948  0.168513 -0.494703 0.852568  0.512226 0.354671
chess_set_pieces_black
0  0.066720 -0.092642 0.748362  0.442251 -0.596149 -0.670090  0.030749 0.432550
0  0.042705 -0.133350 0.782245  0.276382 -0.828746 -0.486613  0.020348 0.438211
0  0.034803 -0.109117 0.748136  0.235049 -0.702939 -0.671289  0.024198 0.430387
chess_set_pieces_black
0  0.094123 -0.130360 0.864175  0.596247 -0.802800 0.001110  0.818851 0.402017
0  0.047813 -0.149031 0.906589  0.306489 -0.918560 0.249625  0.827028 0.392916
0  0.049351 -0.153872 0.864168  0.316270 -0.948669 0.000217  0.828235 0.401076
chess_set_pieces_black
0  0.066394 -0.092163 0.979419  0.434030 -0.578525 0.690598  0.502415 0.351504
0  0.024419 -0.076857 1.005948  0.168513 -0.494703 0.852568  0.512226 0.354671
0  0.034719 -0.108617 0.979695  0.230299 -0.683563 0.692607  0.504776 0.358599
chess_set_pieces_black
0  -0.000559 -0.114814 0.748060  -0.001276 -0.740084 -0.672513  0.018689 0.426300
0  0.024078 -0.076109 0.717536  0.230782 -0.688551 -0.687486  0.027966 0.423021
0  0.034803 -0.109117 0.748136  0.235049 -0.702939 -0.671289  0.024198 0.430387
chess_set_pieces_black
0  0.049351 -0.153872 0.864168  0.316270 -0.948669 0.000217  0.828235 0.401076
0  -0.000619 -0.156764 0.906639  -0.003216 -0.968167 0.250285  0.836842 0.390682
0  -0.000573 -0.161938 0.864171  -0.002210 -0.999997 0.000941  0.838615 0.399794
chess_set_pieces_black
0  0.034719 -0.108617 0.979695  0.230299 -0.683563 0.692607  0.504776 0.358599
0  -0.000565 -0.080914 1.006078  0.002349 -0.521525 0.853233  0.515051 0.358566
0  -0.000579 -0.114361 0.979837  -0.000589 -0.721595 0.692315  0.509212 0.364582
chess_set_pieces_black
0  -0.035955 -0.109045 0.748200  -0.235097 -0.701521 -0.672754  0.014622 0.420749
0  -0.000475 -0.080007 0.717478  -0.005025 -0.725297 -0.688417  0.024544 0.420541
0  -0.000559 -0.114814 0.748060  -0.001276 -0.740084 -0.672513  0.018689 0.426300
chess_set_pieces_black
0  0.047767 -0.148939 0.821645  0.306248 -0.918780 -0.249109  0.828973 0.409418
0  -0.000573 -0.161938 0.864171  -0.002210 -0.999997 0.000941  0.838615 0.399794
0  -0.000564 -0.156857 0.821576  -0.000755 -0.968416 -0.249340  0.839026 0.409019
chess_set_pieces_black
0  0.042703 -0.133395 0.946136  0.276091 -0.825275 0.492641  0.825160 0.384647
0  -0.000579 -0.114361 0.979837  -0.000589 -0.721595 0.692315  0.830010 0.373360
0  -0.000579 -0.140323 0.946210  -0.002885 -0.870258 0.492588  0.833872 0.381910
chess_set_pieces_black
0  0.012231 -0.039398 1.020809  0.096004 -0.278838 0.955527  0.519153 0.351138
0  -0.000571 0.000001 1.025540  0.000998 0.005840 0.999982  0.525891 0.347703
0  -0.000567 -0.041430 1.020848  0.003454 -0.292649 0.956214  0.520538 0.353059
chess_set_pieces_black
0  0.042705 -0.133350 0.782245  0.276382 -0.828746 -0.486613  0.829214 0.418101
0  -0.000564 -0.156857 0.821576  -0.000755 -0.968416 -0.249340  0.839026 0.409019
0  -0.000557 -0.140388 0.782114  -0.000246 -0.872939 -0.487829  0.838569 0.418154
chess_set_pieces_black
0  0.047813 -0.149031 0.906589  0.306489 -0.918560 0.249625  0.827028 0.392916
0  -0.000579 -0.140323 0.946210  -0.002885 -0.870258 0.492588  0.833872 0.381910
0  -0.000619 -0.156764 0.906639  -0.003216 -0.968167 0.250285  0.836842 0.390682
chess_set_pieces_black
0  0.024419 -0.076857 1.005948  0.168513 -0.494703 0.852568  0.512226 0.354671
0  -0.000567 -0.041430 1.020848  0.003454 -0.292649 0.956214  0.520538 0.353059
0  -0.000565 -0.080914 1.006078  0.002349 -0.521525 0.853233  0.515051 0.358566
chess_set_pieces_black
0  0.034803 -0.109117 0.748136  0.235049 -0.702939 -0.671289  0.024198 0.430387
0  -0.000557 -0.140388 0.782114  -0.000246 -0.872939 -0.487829  0.012383 0.432584
0  -0.000559 -0.114814 0.748060  -0.001276 -0.740084 -0.672513  0.018689 0.426300
chess_set_pieces_black
0  -0.000557 -0.140388 0.782114  -0.000246 -0.872939 -0.487829  0.988695 0.624830
0  -0.048894 -0.148890 0.821668  -0.306227 -0.919257 -0.247367  0.979014 0.633583
0  -0.043866 -0.133372 0.782222  -0.275957 -0.828722 -0.486895  0.979296 0.624806
chess_set_pieces_black
0  -0.000619 -0.156764 0.906639  -0.003216 -0.968167 0.250285  0.986968 0.652383
0  -0.043783 -0.133136 0.945998  -0.277995 -0.825971 0.490398  0.975141 0.658423
0  -0.048853 -0.148670 0.906506  -0.307878 -0.917936 0.250209  0.977001 0.650167
chess_set_pieces_black
0  -0.000565 -0.080914 1.006078  0.002349 -0.521525 0.853233  0.515051 0.358566
0  -0.013375 -0.039406 1.020890  -0.092141 -0.278091 0.956125  0.522453 0.354460
0  -0.025532 -0.077003 1.006095  -0.166641 -0.496205 0.852063  0.518922 0.361383
chess_set_pieces_black
0  -0.000559 -0.114814 0.748060  -0.001276 -0.740084 -0.672513  0.018689 0.426300
0  -0.043866 -0.133372 0.782222  -0.275957 -0.828722 -0.486895  0.006777 0.424582
0  -0.035955 -0.109045 0.748200  -0.235097 -0.701521 -0.672754  0.014622 0.420749
chess_set_pieces_black
0  -0.000573 -0.161938 0.864171  -0.002210 -0.999997 0.000941  0.988601 0.643192
0  -0.048853 -0.148670 0.906506  -0.307878 -0.917936 0.250209  0.977001 0.650167
0  -0.050461 -0.153668 0.864179  -0.316700 -0.948523 0.002293  0.978300 0.641977
chess_set_pieces_black
0  -0.000579 -0.114361 0.979837  -0.000589 -0.721595 0.692315  0.509212 0.364582
0  -0.025532 -0.077003 1.006095  -0.166641 -0.496205 0.852063  0.518922 0.361383
0  -0.035843 -0.108603 0.979678  -0.231206 -0.686197 0.689694  0.515249 0.368854
chess_set_pieces_black
0  -0.067845 -0.092621 0.748382  -0.440764 -0.594466 -0.672560  0.012509 0.414198
0  -0.025128 -0.075910 0.717626  -0.233086 -0.687287 -0.687973  0.022032 0.417080
0  -0.035955 -0.109045 0.748200  -0.235097 -0.701521 -0.672754  0.014622 0.420749
chess_set_pieces_black
0  -0.000564 -0.156857 0.821576  -0.000755 -0.968416 -0.249340  0.989079 0.634015
0  -0.050461 -0.153668 0.864179  -0.316700 -0.948523 0.002293  0.978300 0.641977
0  -0.048894 -0.148890 0.821668  -0.306227 -0.919257 -0.247367  0.979014 0.633583
chess_set_pieces_black
0  -0.000579 -0.140323 0.946210  -0.002885 -0.870258 0.492588  0.983907 0.661230
0  -0.035843 -0.108603 0.979678  -0.231206 -0.686197 0.689694  0.972583 0.667044
0  -0.043783 -0.133136 0.945998  -0.277995 -0.825971 0.490398  0.975141 0.658423
chess_set_pieces_black
0  -0.000567 -0.041430 1.020848  0.003454 -0.292649 0.956214  0.520538 0.353059
0  -0.000571 0.000001 1.025540  0.000998 0.005840 0.999982  0.525891 0.347703
0  -0.013375 -0.039406 1.020890  -0.092141 -0.278091 0.956125  0.522453 0.354460
chess_set_pieces_black
0  -0.048894 -0.148890 0.821668  -0.306227 -0.919257 -0.247367  0.979014 0.633583
0  -0.095209 -0.130293 0.864181  -0.594571 -0.804035 0.003703  0.968839 0.641016
0  -0.092336 -0.126333 0.821825  -0.575525 -0.780089 -0.245423  0.969454 0.633031
chess_set_pieces_black
0  -0.043783 -0.133136 0.945998  -0.277995 -0.825971 0.490398  0.975141 0.658423
0  -0.067556 -0.092178 0.979443  -0.433655 -0.582899 0.687148  0.965034 0.665163
0  -0.082616 -0.112944 0.945760  -0.519799 -0.700754 0.488623  0.966691 0.656631
chess_set_pieces_black
0  -0.013375 -0.039406 1.020890  -0.092141 -0.278091 0.956125  0.522453 0.354460
0  -0.000571 0.000001 1.025540  0.000998 0.005840 0.999982  0.525891 0.347703
0  -0.024929 -0.033522 1.020888  -0.177361 -0.237428 0.955076  0.524713 0.355182
chess_set_pieces_black
0  -0.043866 -0.133372 0.782222  -0.275957 -0.828722 -0.486895  0.979296 0.624806
0  -0.092336 -0.126333 0.821825  -0.575525 -0.780089 -0.245423  0.969454 0.633031
0  -0.082800 -0.113229 0.782421  -0.519069 -0.703595 -0.485306  0.969885 0.624223
chess_set_pieces_black
0  -0.048853 -0.148670 0.906506  -0.307878 -0.917936 0.250209  0.977001 0.650167
0  -0.082616 -0.112944 0.945760  -0.519799 -0.700754 0.488623  0.966691 0.656631
0  -0.092143 -0.126071 0.906373  -0.576043 -0.778333 0.249744  0.967907 0.648686
chess_set_pieces_black
0  -0.025532 -0.077003 1.006095  -0.166641 -0.496205 0.852063  0.518922 0.361383
0  -0.024929 -0.033522 1.020888  -0.177361 -0.237428 0.955076  0.524713 0.355182
0  -0.048084 -0.065393 1.005855  -0.315145 -0.422376 0.849872  0.523493 0.362881
chess_set_pieces_black
0  -0.035955 -0.109045 0.748200  -0.235097 -0.701521 -0.672754  0.014622 0.420749
0  -0.082800 -0.113229 0.782421  -0.519069 -0.703595 -0.485306  0.004022 0.415468
0  -0.067845 -0.092621 0.748382  -0.440764 -0.594466 -0.672560  0.012509 0.414198
chess_set_pieces_black
0  -0.050461 -0.153668 0.864179  -0.316700 -0.948523 0.002293  0.978300 0.641977
0  -0.092143 -0.126071 0.906373  -0.576043 -0.778333 0.249744  0.967907 0.648686
0  -0.095209 -0.130293 0.864181  -0.594571 -0.804035 0.003703  0.968839 0.641016
chess_set_pieces_black
0  -0.035843 -0.108603 0.979678  -0.231206 -0.686197 0.689694  0.515249 0.368854
0  -0.048084 -0.065393 1.005855  -0.315145 -0.422376 0.849872  0.523493 0.362881
0  -0.067556 -0.092178 0.979443  -0.433655 -0.582899 0.687148  0.522246 0.371046
chess_set_pieces_black
0  -0.093084 -0.067170 0.748514  -0.601516 -0.430965 -0.672643  0.012623 0.407317
0  -0.047361 -0.064386 0.717799  -0.435002 -0.581025 -0.687883  0.020826 0.412951
0  -0.067845 -0.092621 0.748382  -0.440764 -0.594466 -0.672560  0.012509 0.414198
chess_set_pieces_black
0  -0.067845 -0.092621 0.748382  -0.440764 -0.594466 -0.672560  0.012509 0.414198
0  -0.113648 -0.082107 0.782530  -0.710525 -0.510820 -0.483959  0.004017 0.405979
0  -0.093084 -0.067170 0.748514  -0.601516 -0.430965 -0.672643  0.012623 0.407317
chess_set_pieces_black
0  -0.095209 -0.130293 0.864181  -0.594571 -0.804035 0.003703  0.968839 0.641016
0  -0.126360 -0.091355 0.906297  -0.787558 -0.563409 0.249644  0.959248 0.647781
0  -0.130555 -0.094414 0.864181  -0.812810 -0.582512 0.004522  0.959818 0.640282
chess_set_pieces_black
0  -0.067556 -0.092178 0.979443  -0.433655 -0.582899 0.687148  0.522246 0.371046
0  -0.065923 -0.047464 1.005775  -0.430173 -0.307822 0.848644  0.528291 0.362829
0  -0.092631 -0.066857 0.979262  -0.592566 -0.423479 0.685224  0.529574 0.371046
chess_set_pieces_black
0  -0.109230 -0.035258 0.748593  -0.704704 -0.227037 -0.672195  0.014849 0.400758
0  -0.064766 -0.046496 0.717953  -0.591236 -0.420887 -0.687963  0.020913 0.408719
0  -0.093084 -0.067170 0.748514  -0.601516 -0.430965 -0.672643  0.012623 0.407317
chess_set_pieces_black
0  -0.092336 -0.126333 0.821825  -0.575525 -0.780089 -0.245423  0.969454 0.633031
0  -0.130555 -0.094414 0.864181  -0.812810 -0.582512 0.004522  0.959818 0.640282
0  -0.126686 -0.091584 0.821876  -0.787974 -0.565559 -0.243394  0.960170 0.632499
chess_set_pieces_black
0  -0.082616 -0.112944 0.945760  -0.519799 -0.700754 0.488623  0.966691 0.656631
0  -0.092631 -0.066857 0.979262  -0.592566 -0.423479 0.685224  0.957475 0.663882
0  -0.113268 -0.081837 0.945561  -0.710571 -0.507764 0.487097  0.958468 0.655476
chess_set_pieces_black
0  -0.024929 -0.033522 1.020888  -0.177361 -0.237428 0.955076  0.524713 0.355182
0  -0.000571 0.000001 1.025540  0.000998 0.005840 0.999982  0.525891 0.347703
0  -0.034094 -0.024359 1.020875  -0.242536 -0.173507 0.954501  0.527079 0.355170
chess_set_pieces_black
0  -0.082800 -0.113229 0.782421  -0.519069 -0.703595 -0.485306  0.969885 0.624223
0  -0.126686 -0.091584 0.821876  -0.787974 -0.565559 -0.243394  0.960170 0.632499
0  -0.113648 -0.082107 0.782530  -0.710525 -0.510820 -0.483959  0.960432 0.623958
chess_set_pieces_black
0  -0.092143 -0.126071 0.906373  -0.576043 -0.778333 0.249744  0.967907 0.648686
0  -0.113268 -0.081837 0.945561  -0.710571 -0.507764 0.487097  0.958468 0.655476
0  -0.126360 -0.091355 0.906297  -0.787558 -0.563409 0.249644  0.959248 0.647781
chess_set_pieces_black
0  -0.048084 -0.065393 1.005855  -0.315145 -0.422376 0.849872  0.523493 0.362881
0  -0.034094 -0.024359 1.020875  -0.242536 -0.173507 0.954501  0.527079 0.355170
0  -0.065923 -0.047464 1.005775  -0.430173 -0.307822 0.848644  0.528291 0.362829
chess_set_pieces_black
0  -0.034094 -0.024359 1.020875  -0.242536 -0.173507 0.954501  0.527079 0.355170
0  -0.000571 0.000001 1.025540  0.000998 0.005840 0.999982  0.525891 0.347703
0  -0.039976 -0.012794 1.020864  -0.285599 -0.088983 0.954209  0.529322 0.354428
chess_set_pieces_black
0  -0.113648 -0.082107 0.782530  -0.710525 -0.510820 -0.483959  0.960432 0.623958
0  -0.148528 -0.048033 0.821973  -0.924283 -0.295348 -0.241807  0.951116 0.632200
0  -0.133411 -0.043112 0.782560  -0.834342 -0.267280 -0.482115  0.951212 0.623894
chess_set_pieces_black
0  -0.126360 -0.091355 0.906297  -0.787558 -0.563409 0.249644  0.959248 0.647781
0  -0.132806 -0.042933 0.945425  -0.833143 -0.264500 0.485708  0.950442 0.654873
0  -0.148092 -0.047903 0.906197  -0.922840 -0.293604 0.249325  0.950799 0.647250
chess_set_pieces_black
0  -0.065923 -0.047464 1.005775  -0.430173 -0.307822 0.848644  0.528291 0.362829
0  -0.039976 -0.012794 1.020864  -0.285599 -0.088983 0.954209  0.529322 0.354428
0  -0.077351 -0.024911 1.005724  -0.505755 -0.159677 0.847771  0.532826 0.361305
chess_set_pieces_black
0  -0.093084 -0.067170 0.748514  -0.601516 -0.430965 -0.672643  0.012623 0.407317
0  -0.133411 -0.043112 0.782560  -0.834342 -0.267280 -0.482115  0.006956 0.396768
0  -0.109230 -0.035258 0.748593  -0.704704 -0.227037 -0.672195  0.014849 0.400758
chess_set_pieces_black
0  -0.130555 -0.094414 0.864181  -0.812810 -0.582512 0.004522  0.959818 0.640282
0  -0.148092 -0.047903 0.906197  -0.922840 -0.293604 0.249325  0.950799 0.647250
0  -0.153056 -0.049520 0.864182  -0.952711 -0.303823 0.005759  0.950995 0.639864
chess_set_pieces_black
0  -0.092631 -0.066857 0.979262  -0.592566 -0.423479 0.685224  0.529574 0.371046
0  -0.077351 -0.024911 1.005724  -0.505755 -0.159677 0.847771  0.532826 0.361305
0  -0.108696 -0.035106 0.979176  -0.695700 -0.220500 0.683653  0.536613 0.368775
chess_set_pieces_black
0  -0.114861 0.000025 0.748574  -0.740772 0.004868 -0.671739  0.019050 0.395201
0  -0.075872 -0.024328 0.717945  -0.690474 -0.221398 -0.688643  0.022344 0.404705
0  -0.109230 -0.035258 0.748593  -0.704704 -0.227037 -0.672195  0.014849 0.400758
chess_set_pieces_black
0  -0.126686 -0.091584 0.821876  -0.787974 -0.565559 -0.243394  0.960170 0.632499
0  -0.153056 -0.049520 0.864182  -0.952711 -0.303823 0.005759  0.950995 0.639864
0  -0.148528 -0.048033 0.821973  -0.924283 -0.295348 -0.241807  0.951116 0.632200
chess_set_pieces_black
0  -0.113268 -0.081837 0.945561  -0.710571 -0.507764 0.487097  0.958468 0.655476
0  -0.108696 -0.035106 0.979176  -0.695700 -0.220500 0.683653  0.950015 0.663099
0  -0.132806 -0.042933 0.945425  -0.833143 -0.264500 0.485708  0.950442 0.654873
chess_set_pieces_black
0  -0.108984 0.035201 0.748835  -0.700975 0.238228 -0.672222  0.024710 0.391073
0  -0.079785 0.000009 0.717895  -0.723862 0.005738 -0.689921  0.024953 0.401263
0  -0.114861 0.000025 0.748574  -0.740772 0.004868 -0.671739  0.019050 0.395201
chess_set_pieces_black
0  -0.148528 -0.048033 0.821973  -0.924283 -0.295348 -0.241807  0.951116 0.632200
0  -0.160698 0.000006 0.864176  -0.999974 0.003058 0.006575  0.942286 0.639783
0  -0.155958 0.000016 0.822025  -0.970459 0.003374 -0.241241  0.942172 0.632266
chess_set_pieces_black
0  -0.132806 -0.042933 0.945425  -0.833143 -0.264500 0.485708  0.950442 0.654873
0  -0.114065 0.000001 0.978997  -0.730381 0.004957 0.683022  0.942562 0.663077
0  -0.139403 0.000006 0.945299  -0.874543 0.003738 0.484934  0.942470 0.654697
chess_set_pieces_black
0  -0.039976 -0.012794 1.020864  -0.285599 -0.088983 0.954209  0.529322 0.354428
0  -0.000571 0.000001 1.025540  0.000998 0.005840 0.999982  0.525891 0.347703
0  -0.041982 0.000012 1.020799  -0.300640 0.007567 0.953708  0.531240 0.353050
chess_set_pieces_black
0  -0.133411 -0.043112 0.782560  -0.834342 -0.267280 -0.482115  0.951212 0.623894
0  -0.155958 0.000016 0.822025  -0.970459 0.003374 -0.241241  0.942172 0.632266
0  -0.140029 0.000020 0.782682  -0.876636 0.003984 -0.481138  0.942022 0.623754
chess_set_pieces_black
0  -0.148092 -0.047903 0.906197  -0.922840 -0.293604 0.249325  0.950799 0.647250
0  -0.139403 0.000006 0.945299  -0.874543 0.003738 0.484934  0.942470 0.654697
0  -0.155405 0.000001 0.906144  -0.968478 0.003401 0.249075  0.942422 0.647130
chess_set_pieces_black
0  -0.077351 -0.024911 1.005724  -0.505755 -0.159677 0.847771  0.532826 0.361305
0  -0.041982 0.000012 1.020799  -0.300640 0.007567 0.953708  0.531240 0.353050
0  -0.081274 -0.000003 1.005584  -0.531585 0.006663 0.846979  0.536732 0.358557
chess_set_pieces_black
0  -0.109230 -0.035258 0.748593  -0.704704 -0.227037 -0.672195  0.014849 0.400758
0  -0.140029 0.000020 0.782682  -0.876636 0.003984 -0.481138  0.012745 0.388793
0  -0.114861 0.000025 0.748574  -0.740772 0.004868 -0.671739  0.019050 0.395201
chess_set_pieces_black
0  -0.153056 -0.049520 0.864182  -0.952711 -0.303823 0.005759  0.950995 0.639864
0  -0.155405 0.000001 0.906144  -0.968478 0.003401 0.249075  0.942422 0.647130
0  -0.160698 0.000006 0.864176  -0.999974 0.003058 0.006575  0.942286 0.639783
chess_set_pieces_black
0  -0.108696 -0.035106 0.979176  -0.695700 -0.220500 0.683653  0.536613 0.368775
0  -0.081274 -0.000003 1.005584  -0.531585 0.006663 0.846979  0.536732 0.358557
0  -0.114065 0.000001 0.978997  -0.730381 0.004957 0.683022  0.542557 0.364422
chess_set_pieces_black
0  -0.081274 -0.000003 1.005584  -0.531585 0.006663 0.846979  0.536732 0.358557
0  -0.039931 0.012801 1.020670  -0.285066 0.102741 0.952986  0.532622 0.351132
0  -0.077179 0.024893 1.005397  -0.503997 0.170977 0.846613  0.539528 0.354663
chess_set_pieces_black
0  -0.114861 0.000025 0.748574  -0.740772 0.004868 -0.671739  0.019050 0.395201
0  -0.133104 0.043023 0.782745  -0.831426 0.276292 -0.482072  0.020834 0.383215
0  -0.108984 0.035201 0.748835  -0.700975 0.238228 -0.672222  0.024710 0.391073
chess_set_pieces_black
0  -0.160698 0.000006 0.864176  -0.999974 0.003058 0.006575  0.942286 0.639783
0  -0.147744 0.047800 0.906109  -0.920318 0.301777 0.248889  0.934052 0.647410
0  -0.152748 0.049435 0.864171  -0.950168 0.311688 0.005578  0.933605 0.640083
chess_set_pieces_black
0  -0.114065 0.000001 0.978997  -0.730381 0.004957 0.683022  0.542557 0.364422
0  -0.077179 0.024893 1.005397  -0.503997 0.170977 0.846613  0.539528 0.354663
0  -0.108423 0.035037 0.978907  -0.692657 0.229766 0.683691  0.546893 0.358514
chess_set_pieces_black
0  -0.092628 0.066857 0.749049  -0.595109 0.440390 -0.672237  0.031398 0.389041
0  -0.075668 0.024330 0.718161  -0.683723 0.239116 -0.689454  0.028549 0.398841
0  -0.108984 0.035201 0.748835  -0.700975 0.238228 -0.672222  0.024710 0.391073
chess_set_pieces_black
0  -0.155958 0.000016 0.822025  -0.970459 0.003374 -0.241241  0.942172 0.632266
0  -0.152748 0.049435 0.864171  -0.950168 0.311688 0.005578  0.933605 0.640083
0  -0.148219 0.047937 0.822062  -0.921576 0.303520 -0.242019  0.933274 0.632484
chess_set_pieces_black
0  -0.139403 0.000006 0.945299  -0.874543 0.003738 0.484934  0.942470 0.654697
0  -0.108423 0.035037 0.978907  -0.692657 0.229766 0.683691  0.934997 0.663500
0  -0.132568 0.042878 0.945282  -0.830590 0.273001 0.485377  0.934466 0.654953
chess_set_pieces_black
0  -0.041982 0.000012 1.020799  -0.300640 0.007567 0.953708  0.531240 0.353050
0  -0.000571 0.000001 1.025540  0.000998 0.005840 0.999982  0.525891 0.347703
0  -0.039931 0.012801 1.020670  -0.285066 0.102741 0.952986  0.532622 0.351132
chess_set_pieces_black
0  -0.140029 0.000020 0.782682  -0.876636 0.003984 -0.481138  0.942022 0.623754
0  -0.148219 0.047937 0.822062  -0.921576 0.303520 -0.242019  0.933274 0.632484
0  -0.133104 0.043023 0.782745  -0.831426 0.276292 -0.482072  0.932879 0.624251
chess_set_pieces_black
0  -0.155405 0.000001 0.906144  -0.968478 0.003401 0.249075  0.942422 0.647130
0  -0.132568 0.042878 0.945282  -0.830590 0.273001 0.485377  0.934466 0.654953
0  -0.147744 0.047800 0.906109  -0.920318 0.301777 0.248889  0.934052 0.647410
chess_set_pieces_black
0  -0.039931 0.012801 1.020670  -0.285066 0.102741 0.952986  0.532622 0.351132
0  -0.000571 0.000001 1.025540  0.000998 0.005840 0.999982  0.525891 0.347703
0  -0.034032 0.024321 1.020528  -0.242160 0.183814 0.952665  0.533368 0.348887
chess_set_pieces_black
0  -0.133104 0.043023 0.782745  -0.831426 0.276292 -0.482072  0.932879 0.624251
0  -0.126000 0.091107 0.822105  -0.782237 0.573490 -0.243341  0.924340 0.633061
0  -0.113033 0.081680 0.782938  -0.705030 0.519250 -0.483025  0.923781 0.624672
chess_set_pieces_black
0  -0.147744 0.047800 0.906109  -0.920318 0.301777 0.248889  0.934052 0.647410
0  -0.112724 0.081470 0.945180  -0.705271 0.516665 0.485438  0.926460 0.655681
0  -0.125646 0.090849 0.906076  -0.781750 0.571869 0.248663  0.925633 0.648095
chess_set_pieces_black
0  -0.077179 0.024893 1.005397  -0.503997 0.170977 0.846613  0.539528 0.354663
0  -0.034032 0.024321 1.020528  -0.242160 0.183814 0.952665  0.533368 0.348887
0  -0.065689 0.047317 1.005257  -0.428470 0.316470 0.846322  0.541013 0.350115
chess_set_pieces_black
0  -0.108984 0.035201 0.748835  -0.700975 0.238228 -0.672222  0.024710 0.391073
0  -0.113033 0.081680 0.782938  -0.705030 0.519250 -0.483025  0.030077 0.380352
0  -0.092628 0.066857 0.749049  -0.595109 0.440390 -0.672237  0.031398 0.389041
chess_set_pieces_black
0  -0.152748 0.049435 0.864171  -0.950168 0.311688 0.005578  0.933605 0.640083
0  -0.125646 0.090849 0.906076  -0.781750 0.571869 0.248663  0.925633 0.648095
0  -0.129872 0.093926 0.864172  -0.807159 0.590313 0.004941  0.924919 0.640709
chess_set_pieces_black
0  -0.108423 0.035037 0.978907  -0.692657 0.229766 0.683691  0.546893 0.358514
0  -0.065689 0.047317 1.005257  -0.428470 0.316470 0.846322  0.541013 0.350115
0  -0.092190 0.066560 0.978765  -0.588445 0.432001 0.683453  0.549220 0.351530
chess_set_pieces_black
0  -0.067363 0.091966 0.749164  -0.436157 0.599711 -0.670905  0.038374 0.389192
0  -0.063949 0.046016 0.718323  -0.582068 0.432476 -0.688594  0.032666 0.397536
0  -0.092628 0.066857 0.749049  -0.595109 0.440390 -0.672237  0.031398 0.389041
chess_set_pieces_black
0  -0.148219 0.047937 0.822062  -0.921576 0.303520 -0.242019  0.933274 0.632484
0  -0.129872 0.093926 0.864172  -0.807159 0.590313 0.004941  0.924919 0.640709
0  -0.126000 0.091107 0.822105  -0.782237 0.573490 -0.243341  0.924340 0.633061
chess_set_pieces_black
0  -0.132568 0.042878 0.945282  -0.830590 0.273001 0.485377  0.934466 0.654953
0  -0.092190 0.066560 0.978765  -0.588445 0.432001 0.683453  0.927454 0.663998
0  -0.112724 0.081470 0.945180  -0.705271 0.516665 0.485438  0.926460 0.655681
chess_set_pieces_black
0  -0.092190 0.066560 0.978765  -0.588445 0.432001 0.683453  0.549220 0.351530
0  -0.047871 0.065101 1.005249  -0.312234 0.431080 0.846570  0.541009 0.345336
0  -0.067104 0.091592 0.978731  -0.429210 0.590988 0.683016  0.549288 0.344132
chess_set_pieces_black
0  -0.035686 0.108197 0.749079  -0.232276 0.704918 -0.670178  0.044885 0.391489
0  -0.046718 0.063567 0.718246  -0.428688 0.584935 -0.688533  0.036957 0.397576
0  -0.067363 0.091966 0.749164  -0.436157 0.599711 -0.670905  0.038374 0.389192
chess_set_pieces_black
0  -0.126000 0.091107 0.822105  -0.782237 0.573490 -0.243341  0.924340 0.633061
0  -0.094407 0.129169 0.864170  -0.586997 0.809573 0.005062  0.916103 0.641715
0  -0.091585 0.125301 0.822148  -0.569255 0.785175 -0.243823  0.915230 0.633857
chess_set_pieces_black
0  -0.112724 0.081470 0.945180  -0.705271 0.516665 0.485438  0.926460 0.655681
0  -0.067104 0.091592 0.978731  -0.429210 0.590988 0.683016  0.920125 0.665035
0  -0.081967 0.112051 0.945109  -0.513529 0.707947 0.484871  0.918461 0.656921
chess_set_pieces_black
0  -0.034032 0.024321 1.020528  -0.242160 0.183814 0.952665  0.533368 0.348887
0  -0.000571 0.000001 1.025540  0.000998 0.005840 0.999982  0.525891 0.347703
0  -0.024869 0.033451 1.020428  -0.176073 0.247149 0.952846  0.533361 0.346521
chess_set_pieces_black
0  -0.113033 0.081680 0.782938  -0.705030 0.519250 -0.483025  0.923781 0.624672
0  -0.091585 0.125301 0.822148  -0.569255 0.785175 -0.243823  0.915230 0.633857
0  -0.082143 0.112307 0.783045  -0.513788 0.708928 -0.483160  0.914547 0.625300
chess_set_pieces_black
0  -0.125646 0.090849 0.906076  -0.781750 0.571869 0.248663  0.925633 0.648095
0  -0.081967 0.112051 0.945109  -0.513529 0.707947 0.484871  0.918461 0.656921
0  -0.091341 0.124968 0.906045  -0.568423 0.784423 0.248145  0.917122 0.649254
chess_set_pieces_black
0  -0.065689 0.047317 1.005257  -0.428470 0.316470 0.846322  0.541013 0.350115
0  -0.024869 0.033451 1.020428  -0.176073 0.247149 0.952846  0.533361 0.346521
0  -0.047871 0.065101 1.005249  -0.312234 0.431080 0.846570  0.541009 0.345336
chess_set_pieces_black
0  -0.092628 0.066857 0.749049  -0.595109 0.440390 -0.672237  0.031398 0.389041
0  -0.082143 0.112307 0.783045  -0.513788 0.708928 -0.483160  0.039794 0.380506
0  -0.067363 0.091966 0.749164  -0.436157 0.599711 -0.670905  0.038374 0.389192
chess_set_pieces_black
0  -0.129872 0.093926 0.864172  -0.807159 0.590313 0.004941  0.924919 0.640709
0  -0.091341 0.124968 0.906045  -0.568423 0.784423 0.248145  0.917122 0.649254
0  -0.094407 0.129169 0.864170  -0.586997 0.809573 0.005062  0.916103 0.641715
chess_set_pieces_black
0  -0.047871 0.065101 1.005249  -0.312234 0.431080 0.846570  0.541009 0.345336
0  -0.013343 0.039309 1.020381  -0.092318 0.288575 0.952996  0.532625 0.344277
0  -0.025401 0.076534 1.005276  -0.163957 0.504937 0.847441  0.539512 0.340789
chess_set_pieces_black
0  -0.067363 0.091966 0.749164  -0.436157 0.599711 -0.670905  0.038374 0.389192
0  -0.043454 0.132093 0.783008  -0.272690 0.832074 -0.483004  0.048952 0.383659
0  -0.035686 0.108197 0.749079  -0.232276 0.704918 -0.670178  0.044885 0.391489
chess_set_pieces_black
0  -0.094407 0.129169 0.864170  -0.586997 0.809573 0.005062  0.916103 0.641715
0  -0.048280 0.146902 0.906041  -0.300872 0.921010 0.247419  0.908335 0.650943
0  -0.049892 0.151855 0.864172  -0.309957 0.950734 0.005677  0.906885 0.642993
chess_set_pieces_black
0  -0.067104 0.091592 0.978731  -0.429210 0.590988 0.683016  0.549288 0.344132
0  -0.025401 0.076534 1.005276  -0.163957 0.504937 0.847441  0.539512 0.340789
0  -0.035552 0.107722 0.978779  -0.227700 0.693243 0.683789  0.547045 0.337028
chess_set_pieces_black
0  -0.000566 0.113883 0.748960  0.000343 0.741364 -0.671103  0.050260 0.395668
0  -0.024826 0.074872 0.718224  -0.226865 0.688182 -0.689157  0.040966 0.398918
0  -0.035686 0.108197 0.749079  -0.232276 0.704918 -0.670178  0.044885 0.391489
chess_set_pieces_black
0  -0.091585 0.125301 0.822148  -0.569255 0.785175 -0.243823  0.915230 0.633857
0  -0.049892 0.151855 0.864172  -0.309957 0.950734 0.005677  0.906885 0.642993
0  -0.048433 0.147403 0.822124  -0.301047 0.921959 -0.243645  0.905858 0.634818
chess_set_pieces_black
0  -0.081967 0.112051 0.945109  -0.513529 0.707947 0.484871  0.918461 0.656921
0  -0.035552 0.107722 0.978779  -0.227700 0.693243 0.683789  0.912991 0.666955
0  -0.043375 0.131801 0.945152  -0.272921 0.831296 0.484212  0.910371 0.658809
chess_set_pieces_black
0  -0.024869 0.033451 1.020428  -0.176073 0.247149 0.952846  0.533361 0.346521
0  -0.000571 0.000001 1.025540  0.000998 0.005840 0.999982  0.525891 0.347703
0  -0.013343 0.039309 1.020381  -0.092318 0.288575 0.952996  0.532625 0.344277
chess_set_pieces_black
0  -0.082143 0.112307 0.783045  -0.513788 0.708928 -0.483160  0.914547 0.625300
0  -0.048433 0.147403 0.822124  -0.301047 0.921959 -0.243645  0.905858 0.634818
0  -0.043454 0.132093 0.783008  -0.272690 0.832074 -0.483004  0.905223 0.626001
chess_set_pieces_black
0  -0.091341 0.124968 0.906045  -0.568423 0.784423 0.248145  0.917122 0.649254
0  -0.043375 0.131801 0.945152  -0.272921 0.831296 0.484212  0.910371 0.658809
0  -0.048280 0.146902 0.906041  -0.300872 0.921010 0.247419  0.908335 0.650943
chess_set_pieces_black
0  -0.043375 0.131801 0.945152  -0.272921 0.831296 0.484212  0.910371 0.658809
0  -0.000573 0.113361 0.978881  0.000771 0.727882 0.685702  0.906054 0.669732
0  -0.000564 0.138774 0.945272  -0.000826 0.874723 0.484623  0.902094 0.661729
chess_set_pieces_black
0  -0.013343 0.039309 1.020381  -0.092318 0.288575 0.952996  0.532625 0.344277
0  -0.000571 0.000001 1.025540  0.000998 0.005840 0.999982  0.525891 0.347703
0  -0.000572 0.041336 1.020381  0.001190 0.305002 0.952351  0.531250 0.342352
chess_set_pieces_black
0  -0.043454 0.132093 0.783008  -0.272690 0.832074 -0.483004  0.905223 0.626001
0  -0.000575 0.155018 0.822116  -0.000319 0.969912 -0.243457  0.895914 0.635582
0  -0.000572 0.138972 0.782956  -0.000495 0.875798 -0.482677  0.895940 0.626521
chess_set_pieces_black
0  -0.048280 0.146902 0.906041  -0.300872 0.921010 0.247419  0.908335 0.650943
0  -0.000564 0.138774 0.945272  -0.000826 0.874723 0.484623  0.902094 0.661729
0  -0.000568 0.154572 0.906074  -0.001096 0.969074 0.246769  0.898912 0.653441
chess_set_pieces_black
0  -0.025401 0.076534 1.005276  -0.163957 0.504937 0.847441  0.539512 0.340789
0  -0.000572 0.041336 1.020381  0.001190 0.305002 0.952351  0.531250 0.342352
0  -0.000561 0.080411 1.005162  0.002546 0.529867 0.848077  0.536769 0.336868
chess_set_pieces_black
0  -0.035686 0.108197 0.749079  -0.232276 0.704918 -0.670178  0.044885 0.391489
0  -0.000572 0.138972 0.782956  -0.000495 0.875798 -0.482677  0.056709 0.389508
0  -0.000566 0.113883 0.748960  0.000343 0.741364 -0.671103  0.050260 0.395668
chess_set_pieces_black
0  -0.049892 0.151855 0.864172  -0.309957 0.950734 0.005677  0.906885 0.642993
0  -0.000568 0.154572 0.906074  -0.001096 0.969074 0.246769  0.898912 0.653441
0  -0.000577 0.159747 0.864170  -0.000725 0.999985 0.005443  0.896757 0.644641
chess_set_pieces_black
0  -0.035552 0.107722 0.978779  -0.227700 0.693243 0.683789  0.547045 0.337028
0  -0.000561 0.080411 1.005162  0.002546 0.529867 0.848077  0.536769 0.336868
0  -0.000573 0.113361 0.978881  0.000771 0.727882 0.685702  0.542692 0.331021
chess_set_pieces_black
0  -0.048433 0.147403 0.822124  -0.301047 0.921959 -0.243645  0.905858 0.634818
0  -0.000577 0.159747 0.864170  -0.000725 0.999985 0.005443  0.896757 0.644641
0  -0.000575 0.155018 0.822116  -0.000319 0.969912 -0.243457  0.895914 0.635582
chess_set_pieces_black
0  0.034535 0.108195 0.749070  0.231446 0.704029 -0.671398  0.054164 0.401227
0  -0.000607 0.078661 0.718201  0.001906 0.723249 -0.690585  0.044209 0.401468
0  -0.000566 0.113883 0.748960  0.000343 0.741364 -0.671103  0.050260 0.395668
chess_set_pieces_black
0  -0.071092 -0.218798 -0.000000  -0.000158 -0.000487 -1.000000  0.879513 0.546999
0  -0.135224 -0.186121 -0.000000  0.000034 -0.000086 -1.000000  0.887538 0.535678
0  -0.000000 -0.000000 0.000000  0.000000 0.000000 -1.000000  0.919257 0.566680
chess_set_pieces_black
0  -0.208031 0.151143 0.000000  -0.013713 0.011847 -0.999836  0.953911 0.531233
0  -0.251524 0.081621 0.000180  -0.248490 0.080856 -0.965254  0.941870 0.520986
0  -0.214621 0.155605 0.000606  -0.217640 0.160947 -0.962668  0.954950 0.530098
chess_set_pieces_black
0  -0.151144 0.208031 0.000000  -0.013603 0.018053 -0.999744  0.963165 0.543677
0  -0.214621 0.155605 0.000606  -0.217640 0.160947 -0.962668  0.954950 0.530098
0  -0.156076 0.214595 0.001000  -0.161944 0.221967 -0.961512  0.964565 0.542914
chess_set_pieces_black
0  -0.079461 0.244555 0.000000  -0.005948 0.012946 -0.999898  0.968128 0.558369
0  -0.156076 0.214595 0.001000  -0.161944 0.221967 -0.961512  0.964565 0.542914
0  -0.081842 0.251446 0.000380  -0.086587 0.263972 -0.960636  0.969511 0.558107
chess_set_pieces_black
0  -0.000000 0.257141 -0.000000  0.000090 0.007780 -0.999970  0.968306 0.573880
0  -0.081842 0.251446 0.000380  -0.086587 0.263972 -0.960636  0.969511 0.558107
0  -0.000303 0.264088 0.000099  -0.000038 0.286942 -0.957948  0.969640 0.574017
chess_set_pieces_black
0  0.079461 0.244555 -0.000000  0.005278 0.012307 -0.999910  0.963678 0.588685
0  -0.000303 0.264088 0.000099  -0.000038 0.286942 -0.957948  0.969640 0.574017
0  0.081356 0.251650 0.000438  0.087725 0.269784 -0.958917  0.964981 0.589246
chess_set_pieces_black
0  0.151145 0.208034 0.000001  0.014304 0.017798 -0.999739  0.954702 0.601332
0  0.081356 0.251650 0.000438  0.087725 0.269784 -0.958917  0.964981 0.589246
0  0.155371 0.214408 0.000759  0.168903 0.229672 -0.958500  0.955805 0.602322
chess_set_pieces_black
0  0.208032 0.151144 0.000001  0.022261 0.016125 -0.999622  0.942261 0.610584
0  0.155371 0.214408 0.000759  0.168903 0.229672 -0.958500  0.955805 0.602322
0  0.214273 0.155836 0.001042  0.233340 0.169622 -0.957487  0.942987 0.611917
chess_set_pieces_black
0  0.244559 0.079463 0.000003  0.018760 0.007955 -0.999792  0.927572 0.615549
0  0.214273 0.155836 0.001042  0.233340 0.169622 -0.957487  0.942987 0.611917
0  0.251492 0.081770 0.000767  0.270826 0.089764 -0.958434  0.927820 0.616944
chess_set_pieces_black
0  0.257141 0.000000 -0.000000  0.012142 0.000144 -0.999926  0.912062 0.615730
0  0.251492 0.081770 0.000767  0.270826 0.089764 -0.958434  0.927820 0.616944
0  0.263503 -0.000022 0.000061  0.283010 0.000825 -0.959117  0.911880 0.616944
chess_set_pieces_black
0  0.244556 -0.079461 0.000002  0.016404 -0.006905 -0.999842  0.897256 0.611103
0  0.263503 -0.000022 0.000061  0.283010 0.000825 -0.959117  0.911880 0.616944
0  0.251646 -0.081780 0.000688  0.265678 -0.087847 -0.960051  0.896612 0.612396
chess_set_pieces_black
0  0.208039 -0.151149 0.000010  0.017336 -0.011707 -0.999781  0.884606 0.602132
0  0.251646 -0.081780 0.000688  0.265678 -0.087847 -0.960051  0.896612 0.612396
0  0.214036 -0.155667 0.000864  0.223541 -0.160871 -0.961327  0.883570 0.603156
chess_set_pieces_black
0  0.151144 -0.208031 -0.000000  0.008855 -0.010286 -0.999908  0.875345 0.589690
0  0.214036 -0.155667 0.000864  0.223541 -0.160871 -0.961327  0.883570 0.603156
0  0.155246 -0.214201 0.000308  0.161145 -0.220932 -0.961884  0.874052 0.590301
chess_set_pieces_black
0  0.079461 -0.244555 0.000000  0.002983 -0.012075 -0.999923  0.870384 0.574993
0  0.155246 -0.214201 0.000308  0.161145 -0.220932 -0.961884  0.874052 0.590301
0  0.081253 -0.251205 0.000283  0.083505 -0.262495 -0.961313  0.869064 0.575149
chess_set_pieces_black
0  0.000000 -0.257151 0.000026  -0.000984 -0.019505 -0.999809  0.870208 0.559484
0  0.081253 -0.251205 0.000283  0.083505 -0.262495 -0.961313  0.869064 0.575149
0  -0.000280 -0.264532 0.000743  -0.000308 -0.267733 -0.963493  0.868801 0.559223
chess_set_pieces_black
0  -0.079465 -0.244571 0.000025  -0.005680 -0.019799 -0.999788  0.874831 0.544681
0  -0.000280 -0.264532 0.000743  -0.000308 -0.267733 -0.963493  0.868801 0.559223
0  -0.081957 -0.251587 0.000774  -0.082011 -0.252408 -0.964139  0.873556 0.544006
chess_set_pieces_black
0  -0.151143 -0.208031 -0.000000  -0.007336 -0.011901 -0.999902  0.883803 0.532029
0  -0.081957 -0.251587 0.000774  -0.082011 -0.252408 -0.964139  0.873556 0.544006
0  -0.155600 -0.213905 0.000402  -0.156886 -0.218318 -0.963184  0.882806 0.531013
chess_set_pieces_black
0  -0.208031 -0.151144 -0.000000  -0.006179 -0.005084 -0.999968  0.896246 0.522767
0  -0.155600 -0.213905 0.000402  -0.156886 -0.218318 -0.963184  0.882806 0.531013
0  -0.214008 -0.155226 0.000247  -0.213582 -0.155926 -0.964401  0.895634 0.521512
chess_set_pieces_black
0  -0.244555 -0.079461 0.000000  -0.003850 -0.001713 -0.999991  0.910943 0.517805
0  -0.214008 -0.155226 0.000247  -0.213582 -0.155926 -0.964401  0.895634 0.521512
0  -0.251307 -0.081496 0.000141  -0.252342 -0.080769 -0.964261  0.910744 0.516460
chess_set_pieces_black
0  -0.270735 -0.000001 0.003672  -0.930194 0.002151 -0.367063  0.828184 0.089943
0  -0.251524 0.081621 0.000180  -0.248490 0.080856 -0.965254  0.828780 0.105689
0  -0.262722 -0.000001 0.000005  -0.263365 -0.000754 -0.964696  0.826488 0.090179
chess_set_pieces_black
0  -0.000569 -0.270631 0.003672  0.002074 -0.941236 -0.337742  0.810991 0.012487
0  -0.081957 -0.251587 0.000774  -0.082011 -0.252408 -0.964139  0.814555 0.028141
0  -0.000280 -0.264532 0.000743  -0.000308 -0.267733 -0.963493  0.809795 0.012997
chess_set_pieces_black
0  0.269466 -0.000031 0.003672  0.946129 -0.001198 -0.323787  0.829160 0.244940
0  0.251646 -0.081780 0.000688  0.265678 -0.087847 -0.960051  0.825367 0.260575
0  0.263503 -0.000022 0.000061  0.283010 0.000825 -0.959117  0.827834 0.244742
chess_set_pieces_black
0  -0.218800 0.158458 0.003672  -0.768896 0.560523 -0.307593  0.831810 0.120989
0  -0.156076 0.214595 0.001000  -0.161944 0.221967 -0.961512  0.831946 0.136625
0  -0.214621 0.155605 0.000606  -0.217640 0.160947 -0.962668  0.830709 0.121118
chess_set_pieces_black
0  -0.158914 -0.217987 0.003672  -0.549894 -0.757881 -0.351045  0.819484 0.043226
0  -0.214008 -0.155226 0.000247  -0.213582 -0.155926 -0.964401  0.821410 0.059027
0  -0.155600 -0.213905 0.000402  -0.156886 -0.218318 -0.963184  0.818316 0.043436
chess_set_pieces_black
0  -0.000588 0.268541 0.003672  -0.001078 0.945121 -0.326719  0.833873 0.167498
0  0.081356 0.251650 0.000438  0.087725 0.269784 -0.958917  0.832724 0.182986
0  -0.000303 0.264088 0.000099  -0.000038 0.286942 -0.957948  0.832799 0.167561
chess_set_pieces_black
0  0.218172 -0.158812 0.003672  0.771625 -0.555596 -0.309690  0.823463 0.276917
0  0.155246 -0.214201 0.000308  0.161145 -0.220932 -0.961884  0.818579 0.292872
0  0.214036 -0.155667 0.000864  0.223541 -0.160871 -0.961327  0.822316 0.276658
chess_set_pieces_black
0  0.157918 0.218342 0.003672  0.561149 0.771111 -0.300831  0.833500 0.198388
0  0.214273 0.155836 0.001042  0.233340 0.169622 -0.957487  0.831687 0.213800
0  0.155371 0.214408 0.000759  0.168903 0.229672 -0.958500  0.832475 0.198393
chess_set_pieces_black
0  -0.083890 0.257342 0.003672  -0.290225 0.901012 -0.322409  0.833672 0.152012
0  -0.000303 0.264088 0.000099  -0.000038 0.286942 -0.957948  0.832799 0.167561
0  -0.081842 0.251446 0.000380  -0.086587 0.263972 -0.960636  0.832365 0.152081
chess_set_pieces_black
0  -0.257103 -0.083239 0.003672  -0.883850 -0.283331 -0.372200  0.825709 0.074323
0  -0.262722 -0.000001 0.000005  -0.263365 -0.000754 -0.964696  0.826488 0.090179
0  -0.251307 -0.081496 0.000141  -0.252342 -0.080769 -0.964261  0.824383 0.074531
chess_set_pieces_black
0  0.082722 -0.256494 0.003672  0.287587 -0.894394 -0.342569  0.815875 0.309528
0  -0.000280 -0.264532 0.000743  -0.000308 -0.267733 -0.963493  0.809671 0.325381
0  0.081253 -0.251205 0.000283  0.083505 -0.262495 -0.961313  0.814616 0.309134
chess_set_pieces_black
0  0.256612 0.083389 0.003672  0.900686 0.293171 -0.320649  0.831211 0.229335
0  0.263503 -0.000022 0.000061  0.283010 0.000825 -0.959117  0.827834 0.244742
0  0.251492 0.081770 0.000767  0.270826 0.089764 -0.958434  0.830072 0.229200
chess_set_pieces_black
0  -0.258010 0.083532 0.003672  -0.895875 0.293901 -0.333212  0.830198 0.105486
0  -0.214621 0.155605 0.000606  -0.217640 0.160947 -0.962668  0.830709 0.121118
0  -0.251524 0.081621 0.000180  -0.248490 0.080856 -0.965254  0.828780 0.105689
chess_set_pieces_black
0  -0.084114 -0.257499 0.003672  -0.291813 -0.893458 -0.341435  0.815818 0.027828
0  -0.155600 -0.213905 0.000402  -0.156886 -0.218318 -0.963184  0.818316 0.043436
0  -0.081957 -0.251587 0.000774  -0.082011 -0.252408 -0.964139  0.814555 0.028141
chess_set_pieces_black
0  0.256836 -0.083493 0.003672  0.904506 -0.293612 -0.309290  0.826562 0.260793
0  0.214036 -0.155667 0.000864  0.223541 -0.160871 -0.961327  0.822316 0.276658
0  0.251646 -0.081780 0.000688  0.265678 -0.087847 -0.960051  0.825367 0.260575
chess_set_pieces_black
0  0.082744 0.257380 0.003672  0.291007 0.903565 -0.314460  0.833971 0.182925
0  0.155371 0.214408 0.000759  0.168903 0.229672 -0.958500  0.832475 0.198393
0  0.081356 0.251650 0.000438  0.087725 0.269784 -0.958917  0.832724 0.182986
chess_set_pieces_black
0  -0.158911 0.218143 0.003672  -0.561417 0.767758 -0.308802  0.832928 0.136532
0  -0.081842 0.251446 0.000380  -0.086587 0.263972 -0.960636  0.832365 0.152081
0  -0.156076 0.214595 0.001000  -0.161944 0.221967 -0.961512  0.831946 0.136625
chess_set_pieces_black
0  -0.219775 -0.159122 0.003672  -0.754092 -0.549345 -0.359953  0.822862 0.058782
0  -0.251307 -0.081496 0.000141  -0.252342 -0.080769 -0.964261  0.824383 0.074531
0  -0.214008 -0.155226 0.000247  -0.213582 -0.155926 -0.964401  0.821410 0.059027
chess_set_pieces_black
0  0.158661 -0.219319 0.003672  0.554966 -0.762672 -0.332181  0.819939 0.293233
0  0.081253 -0.251205 0.000283  0.083505 -0.262495 -0.961313  0.814616 0.309134
0  0.155246 -0.214201 0.000308  0.161145 -0.220932 -0.961884  0.818579 0.292872
chess_set_pieces_black
0  0.217743 0.158469 0.003672  0.768447 0.562679 -0.304766  0.832616 0.213854
0  0.251492 0.081770 0.000767  0.270826 0.089764 -0.958434  0.830072 0.229200
0  0.214273 0.155836 0.001042  0.233340 0.169622 -0.957487  0.831687 0.213800
chess_set_pieces_black
0  -0.257141 -0.000000 0.000000  -0.002547 0.000058 -0.999997  0.926455 0.517628
0  -0.251307 -0.081496 0.000141  -0.252342 -0.080769 -0.964261  0.910744 0.516460
0  -0.262722 -0.000001 0.000005  -0.263365 -0.000754 -0.964696  0.926611 0.516564
chess_set_pieces_black
0  0.071092 0.218798 -0.000000  0.000001 -0.000000 -1.000000  0.959000 0.586366
0  -0.000000 0.257141 -0.000000  0.000090 0.007780 -0.999970  0.968306 0.573880
0  0.079461 0.244555 -0.000000  0.005278 0.012307 -0.999910  0.963678 0.588685
chess_set_pieces_black
0  0.135224 0.186121 0.000000  0.000012 0.000011 -1.000000  0.950969 0.597681
0  0.079461 0.244555 -0.000000  0.005278 0.012307 -0.999910  0.963678 0.588685
0  0.151145 0.208034 0.000001  0.014304 0.017798 -0.999739  0.954702 0.601332
chess_set_pieces_black
0  0.186120 0.135225 0.000000  0.000018 0.000013 -1.000000  0.939838 0.605961
0  0.151145 0.208034 0.000001  0.014304 0.017798 -0.999739  0.954702 0.601332
0  0.208032 0.151144 0.000001  0.022261 0.016125 -0.999622  0.942261 0.610584
chess_set_pieces_black
0  0.218798 0.071092 -0.000000  0.000059 0.000013 -1.000000  0.926695 0.610401
0  0.208032 0.151144 0.000001  0.022261 0.016125 -0.999622  0.942261 0.610584
0  0.244559 0.079463 0.000003  0.018760 0.007955 -0.999792  0.927572 0.615549
chess_set_pieces_black
0  0.230058 0.000000 -0.000000  0.000006 0.000009 -1.000000  0.912819 0.610563
0  0.244559 0.079463 0.000003  0.018760 0.007955 -0.999792  0.927572 0.615549
0  0.257141 0.000000 -0.000000  0.012142 0.000144 -0.999926  0.912062 0.615730
chess_set_pieces_black
0  0.218798 -0.071092 0.000000  0.000033 -0.000018 -1.000000  0.899574 0.606425
0  0.257141 0.000000 -0.000000  0.012142 0.000144 -0.999926  0.912062 0.615730
0  0.244556 -0.079461 0.000002  0.016404 -0.006905 -0.999842  0.897256 0.611103
chess_set_pieces_black
0  0.186121 -0.135224 0.000000  0.000141 -0.000134 -1.000000  0.888257 0.598397
0  0.244556 -0.079461 0.000002  0.016404 -0.006905 -0.999842  0.897256 0.611103
0  0.208039 -0.151149 0.000010  0.017336 -0.011707 -0.999781  0.884606 0.602132
chess_set_pieces_black
0  0.135225 -0.186120 -0.000000  0.000038 0.000002 -1.000000  0.879970 0.587266
0  0.208039 -0.151149 0.000010  0.017336 -0.011707 -0.999781  0.884606 0.602132
0  0.151144 -0.208031 -0.000000  0.008855 -0.010286 -0.999908  0.875345 0.589690
chess_set_pieces_black
0  0.071092 -0.218798 -0.000000  0.000001 -0.000003 -1.000000  0.875532 0.574118
0  0.151144 -0.208031 -0.000000  0.008855 -0.010286 -0.999908  0.875345 0.589690
0  0.079461 -0.244555 0.000000  0.002983 -0.012075 -0.999923  0.870384 0.574993
chess_set_pieces_black
0  0.000000 -0.230058 -0.000000  -0.000079 -0.000470 -1.000000  0.875376 0.560243
0  0.079461 -0.244555 0.000000  0.002983 -0.012075 -0.999923  0.870384 0.574993
0  0.000000 -0.257151 0.000026  -0.000984 -0.019505 -0.999809  0.870208 0.559484
chess_set_pieces_black
0  -0.071092 -0.218798 -0.000000  -0.000158 -0.000487 -1.000000  0.879513 0.546999
0  0.000000 -0.257151 0.000026  -0.000984 -0.019505 -0.999809  0.870208 0.559484
0  -0.079465 -0.244571 0.000025  -0.005680 -0.019799 -0.999788  0.874831 0.544681
chess_set_pieces_black
0  -0.135224 -0.186121 -0.000000  0.000034 -0.000086 -1.000000  0.887538 0.535678
0  -0.079465 -0.244571 0.000025  -0.005680 -0.019799 -0.999788  0.874831 0.544681
0  -0.151143 -0.208031 -0.000000  -0.007336 -0.011901 -0.999902  0.883803 0.532029
chess_set_pieces_black
0  -0.186120 -0.135225 -0.000000  -0.000000 0.000000 -1.000000  0.898670 0.527393
0  -0.151143 -0.208031 -0.000000  -0.007336 -0.011901 -0.999902  0.883803 0.532029
0  -0.208031 -0.151144 -0.000000  -0.006179 -0.005084 -0.999968  0.896246 0.522767
chess_set_pieces_black
0  -0.218798 -0.071092 0.000000  0.000000 -0.000000 -1.000000  0.911819 0.522953
0  -0.208031 -0.151144 -0.000000  -0.006179 -0.005084 -0.999968  0.896246 0.522767
0  -0.244555 -0.079461 0.000000  -0.003850 -0.001713 -0.999991  0.910943 0.517805
chess_set_pieces_black
0  -0.230058 -0.000000 -0.000000  -0.000001 -0.000000 -1.000000  0.925697 0.522795
0  -0.244555 -0.079461 0.000000  -0.003850 -0.001713 -0.999991  0.910943 0.517805
0  -0.257141 -0.000000 0.000000  -0.002547 0.000058 -0.999997  0.926455 0.517628
chess_set_pieces_black
0  -0.218798 0.071092 -0.000000  0.000000 0.000000 -1.000000  0.938943 0.526935
0  -0.257141 -0.000000 0.000000  -0.002547 0.000058 -0.999997  0.926455 0.517628
0  -0.244555 0.079461 -0.000000  -0.006703 0.003342 -0.999972  0.941262 0.522255
chess_set_pieces_black
0  -0.186121 0.135224 0.000000  0.000001 0.000001 -1.000000  0.950260 0.534966
0  -0.244555 0.079461 -0.000000  -0.006703 0.003342 -0.999972  0.941262 0.522255
0  -0.208031 0.151143 0.000000  -0.013713 0.011847 -0.999836  0.953911 0.531233
chess_set_pieces_black
0  -0.135225 0.186120 0.000000  0.000000 -0.000001 -1.000000  0.958541 0.546100
0  -0.208031 0.151143 0.000000  -0.013713 0.011847 -0.999836  0.953911 0.531233
0  -0.151144 0.208031 0.000000  -0.013603 0.018053 -0.999744  0.963165 0.543677
chess_set_pieces_black
0  -0.071092 0.218798 -0.000000  -0.000001 0.000000 -1.000000  0.962981 0.559245
0  -0.151144 0.208031 0.000000  -0.013603 0.018053 -0.999744  0.963165 0.543677
0  -0.079461 0.244555 0.000000  -0.005948 0.012946 -0.999898  0.968128 0.558369
chess_set_pieces_black
0  -0.000000 0.230058 -0.000000  -0.000000 0.000000 -1.000000  0.963139 0.573121
0  -0.079461 0.244555 0.000000  -0.005948 0.012946 -0.999898  0.968128 0.558369
0  -0.000000 0.257141 -0.000000  0.000090 0.007780 -0.999970  0.968306 0.573880
chess_set_pieces_black
0  0.218798 -0.071092 0.000000  0.000033 -0.000018 -1.000000  0.899574 0.606425
0  0.186121 -0.135224 0.000000  0.000141 -0.000134 -1.000000  0.888257 0.598397
0  -0.000000 -0.000000 0.000000  0.000000 0.000000 -1.000000  0.919257 0.566680
chess_set_pieces_black
0  -0.186121 0.135224 0.000000  0.000001 0.000001 -1.000000  0.950260 0.534966
0  -0.135225 0.186120 0.000000  0.000000 -0.000001 -1.000000  0.958541 0.546100
0  -0.000000 -0.000000 0.000000  0.000000 0.000000 -1.000000  0.919257 0.566680
chess_set_pieces_black
0  0.186120 0.135225 0.000000  0.000018 0.000013 -1.000000  0.939838 0.605961
0  0.218798 0.071092 -0.000000  0.000059 0.000013 -1.000000  0.926695 0.610401
0  -0.000000 -0.000000 0.000000  0.000000 0.000000 -1.000000  0.919257 0.566680
chess_set_pieces_black
0  -0.218798 -0.071092 0.000000  0.000000 -0.000000 -1.000000  0.911819 0.522953
0  -0.000000 -0.000000 0.000000  0.000000 0.000000 -1.000000  0.919257 0.566680
0  -0.186120 -0.135225 -0.000000  -0.000000 0.000000 -1.000000  0.898670 0.527393
chess_set_pieces_black
0  -0.000000 -0.000000 0.000000  0.000000 0.000000 -1.000000  0.919257 0.566680
0  0.071092 -0.218798 -0.000000  0.000001 -0.000003 -1.000000  0.875532 0.574118
0  0.000000 -0.230058 -0.000000  -0.000079 -0.000470 -1.000000  0.875376 0.560243
chess_set_pieces_black
0  -0.186120 -0.135225 -0.000000  -0.000000 0.000000 -1.000000  0.898670 0.527393
0  -0.000000 -0.000000 0.000000  0.000000 0.000000 -1.000000  0.919257 0.566680
0  -0.135224 -0.186121 -0.000000  0.000034 -0.000086 -1.000000  0.887538 0.535678
chess_set_pieces_black
0  0.000000 -0.230058 -0.000000  -0.000079 -0.000470 -1.000000  0.875376 0.560243
0  -0.071092 -0.218798 -0.000000  -0.000158 -0.000487 -1.000000  0.879513 0.546999
0  -0.000000 -0.000000 0.000000  0.000000 0.000000 -1.000000  0.919257 0.566680
chess_set_pieces_black
0  0.071092 -0.218798 -0.000000  0.000001 -0.000003 -1.000000  0.875532 0.574118
0  -0.000000 -0.000000 0.000000  0.000000 0.000000 -1.000000  0.919257 0.566680
0  0.135225 -0.186120 -0.000000  0.000038 0.000002 -1.000000  0.879970 0.587266
chess_set_pieces_black
0  -0.000000 -0.000000 0.000000  0.000000 0.000000 -1.000000  0.919257 0.566680
0  0.218798 0.071092 -0.000000  0.000059 0.000013 -1.000000  0.926695 0.610401
0  0.230058 0.000000 -0.000000  0.000006 0.000009 -1.000000  0.912819 0.610563
chess_set_pieces_black
0  0.135225 -0.186120 -0.000000  0.000038 0.000002 -1.000000  0.879970 0.587266
0  -0.000000 -0.000000 0.000000  0.000000 0.000000 -1.000000  0.919257 0.566680
0  0.186121 -0.135224 0.000000  0.000141 -0.000134 -1.000000  0.888257 0.598397
chess_set_pieces_black
0  0.230058 0.000000 -0.000000  0.000006 0.000009 -1.000000  0.912819 0.610563
0  0.218798 -0.071092 0.000000  0.000033 -0.000018 -1.000000  0.899574 0.606425
0  -0.000000 -0.000000 0.000000  0.000000 0.000000 -1.000000  0.919257 0.566680
chess_set_pieces_black
0  -0.135225 0.186120 0.000000  0.000000 -0.000001 -1.000000  0.958541 0.546100
0  -0.071092 0.218798 -0.000000  -0.000001 0.000000 -1.000000  0.962981 0.559245
0  -0.000000 -0.000000 0.000000  0.000000 0.000000 -1.000000  0.919257 0.566680
chess_set_pieces_black
0  -0.000000 -0.000000 0.000000  0.000000 0.000000 -1.000000  0.919257 0.566680
0  -0.218798 -0.071092 0.000000  0.000000 -0.000000 -1.000000  0.911819 0.522953
0  -0.230058 -0.000000 -0.000000  -0.000001 -0.000000 -1.000000  0.925697 0.522795
chess_set_pieces_black
0  -0.230058 -0.000000 -0.000000  -0.000001 -0.000000 -1.000000  0.925697 0.522795
0  -0.218798 0.071092 -0.000000  0.000000 0.000000 -1.000000  0.938943 0.526935
0  -0.000000 -0.000000 0.000000  0.000000 0.000000 -1.000000  0.919257 0.566680
chess_set_pieces_black
0  -0.218798 0.071092 -0.000000  0.000000 0.000000 -1.000000  0.938943 0.526935
0  -0.186121 0.135224 0.000000  0.000001 0.000001 -1.000000  0.950260 0.534966
0  -0.000000 -0.000000 0.000000  0.000000 0.000000 -1.000000  0.919257 0.566680
chess_set_pieces_black
0  -0.071092 0.218798 -0.000000  -0.000001 0.000000 -1.000000  0.962981 0.559245
0  -0.000000 0.230058 -0.000000  -0.000000 0.000000 -1.000000  0.963139 0.573121
0  -0.000000 -0.000000 0.000000  0.000000 0.000000 -1.000000  0.919257 0.566680
chess_set_pieces_black
0  -0.000000 0.230058 -0.000000  -0.000000 0.000000 -1.000000  0.963139 0.573121
0  0.071092 0.218798 -0.000000  0.000001 -0.000000 -1.000000  0.959000 0.586366
0  -0.000000 -0.000000 0.000000  0.000000 0.000000 -1.000000  0.919257 0.566680
chess_set_pieces_black
0  0.071092 0.218798 -0.000000  0.000001 -0.000000 -1.000000  0.959000 0.586366
0  0.135224 0.186121 0.000000  0.000012 0.000011 -1.000000  0.950969 0.597681
0  -0.000000 -0.000000 0.000000  0.000000 0.000000 -1.000000  0.919257 0.566680
chess_set_pieces_black
0  0.135224 0.186121 0.000000  0.000012 0.000011 -1.000000  0.950969 0.597681
0  0.186120 0.135225 0.000000  0.000018 0.000013 -1.000000  0.939838 0.605961
0  -0.000000 -0.000000 0.000000  0.000000 0.000000 -1.000000  0.919257 0.566680
chess_set_pieces_black
0  -0.000568 0.123253 0.343550  0.000392 0.897624 0.440762  0.988195 0.282752
0  -0.000561 0.109566 0.379099  0.000797 0.956850 0.290583  0.980870 0.282860
0  0.033291 0.104216 0.379108  0.293457 0.910442 0.291511  0.980631 0.276069
chess_set_pieces_black
0  0.037533 0.117300 0.343585  0.274967 0.854891 0.439948  0.987926 0.275577
0  0.033291 0.104216 0.379108  0.293457 0.910442 0.291511  0.980631 0.276069
0  0.063908 0.088762 0.379158  0.558165 0.776397 0.292675  0.980055 0.269303
chess_set_pieces_black
0  0.072025 0.099943 0.343673  0.524286 0.729841 0.438699  0.987311 0.268419
0  0.063908 0.088762 0.379158  0.558165 0.776397 0.292675  0.980055 0.269303
0  0.088339 0.064613 0.379224  0.770046 0.566589 0.293268  0.979134 0.262595
chess_set_pieces_black
0  0.099516 0.072727 0.343764  0.724133 0.532652 0.438080  0.986295 0.261339
0  0.088339 0.064613 0.379224  0.770046 0.566589 0.293268  0.979134 0.262595
0  0.104125 0.034036 0.379276  0.907540 0.300646 0.293228  0.977874 0.255970
chess_set_pieces_black
0  0.117232 0.038291 0.343846  0.853017 0.282778 0.438634  0.984915 0.254349
0  0.104125 0.034036 0.379276  0.907540 0.300646 0.293228  0.977874 0.255970
0  0.109697 0.000027 0.379327  0.956106 0.005899 0.292961  0.976275 0.249440
chess_set_pieces_black
0  0.123443 0.000026 0.343985  0.898230 0.005503 0.439492  0.983163 0.247463
0  0.109697 0.000027 0.379327  0.956106 0.005899 0.292961  0.976275 0.249440
0  0.104494 -0.034093 0.379381  0.911685 -0.288382 0.292688  0.974342 0.243023
chess_set_pieces_black
0  0.117548 -0.038335 0.344095  0.856431 -0.271565 0.439065  0.981046 0.240706
0  0.104494 -0.034093 0.379381  0.911685 -0.288382 0.292688  0.974342 0.243023
0  0.089031 -0.065078 0.379472  0.778723 -0.554797 0.292902  0.971994 0.236795
chess_set_pieces_black
0  0.100132 -0.073147 0.344188  0.732162 -0.522748 0.436663  0.978556 0.234074
0  0.089031 -0.065078 0.379472  0.778723 -0.554797 0.292902  0.971994 0.236795
0  0.064741 -0.089829 0.379584  0.568879 -0.768357 0.293264  0.969352 0.230751
chess_set_pieces_black
0  0.072777 -0.100895 0.344310  0.535242 -0.725676 0.432330  0.975610 0.227646
0  0.064741 -0.089829 0.379584  0.568879 -0.768357 0.293264  0.969352 0.230751
0  0.033886 -0.105860 0.379679  0.300920 -0.907372 0.293466  0.966313 0.225066
chess_set_pieces_black
0  0.038135 -0.118863 0.344347  0.283335 -0.858545 0.427342  0.972173 0.221475
0  0.033886 -0.105860 0.379679  0.300920 -0.907372 0.293466  0.966313 0.225066
0  -0.000571 -0.111478 0.379729  0.002689 -0.956015 0.293306  0.962962 0.219793
chess_set_pieces_black
0  -0.000574 -0.125118 0.344384  0.001737 -0.905634 0.424056  0.968951 0.351371
0  -0.000571 -0.111478 0.379729  0.002689 -0.956015 0.293306  0.963511 0.347276
0  -0.035016 -0.106080 0.379744  -0.296247 -0.909153 0.292709  0.966999 0.341803
chess_set_pieces_black
0  -0.039211 -0.118976 0.344363  -0.281141 -0.861433 0.422956  0.973055 0.345504
0  -0.035016 -0.106080 0.379744  -0.296247 -0.909153 0.292709  0.966999 0.341803
0  -0.066133 -0.090176 0.379722  -0.564864 -0.771857 0.291830  0.970071 0.335895
chess_set_pieces_black
0  -0.074057 -0.101085 0.344307  -0.535585 -0.730893 0.423017  0.976560 0.339084
0  -0.066133 -0.090176 0.379722  -0.564864 -0.771857 0.291830  0.970071 0.335895
0  -0.090660 -0.065419 0.379663  -0.777524 -0.557639 0.290682  0.972727 0.329660
chess_set_pieces_black
0  -0.101527 -0.073315 0.344207  -0.736398 -0.527546 0.423572  0.979521 0.332360
0  -0.090660 -0.065419 0.379663  -0.777524 -0.557639 0.290682  0.972727 0.329660
0  -0.106243 -0.034320 0.379586  -0.912530 -0.288510 0.289916  0.975007 0.323238
chess_set_pieces_black
0  -0.118973 -0.038454 0.344123  -0.863008 -0.273185 0.424956  0.981993 0.325445
0  -0.106243 -0.034320 0.379586  -0.912530 -0.288510 0.289916  0.975007 0.323238
0  -0.111406 0.000120 0.379503  -0.957011 0.008837 0.289916  0.976898 0.316623
chess_set_pieces_black
0  -0.124844 0.000052 0.344015  -0.904184 0.007300 0.427081  0.984016 0.318409
0  -0.111406 0.000120 0.379503  -0.957011 0.008837 0.289916  0.976898 0.316623
0  -0.105647 0.034203 0.379402  -0.907059 0.305123 0.290075  0.978399 0.309937
chess_set_pieces_black
0  -0.118484 0.038355 0.343880  -0.856322 0.286842 0.429458  0.985610 0.311306
0  -0.105647 0.034203 0.379402  -0.907059 0.305123 0.290075  0.978399 0.309937
0  -0.089682 0.064800 0.379298  -0.768760 0.569923 0.290165  0.979539 0.303187
chess_set_pieces_black
0  -0.100637 0.072741 0.343755  -0.725023 0.535702 0.432857  0.986802 0.304167
0  -0.089682 0.064800 0.379298  -0.768760 0.569923 0.290165  0.979539 0.303187
0  -0.065128 0.088920 0.379202  -0.556483 0.778530 0.290203  0.980322 0.296419
chess_set_pieces_black
0  0.088339 0.064613 0.379224  0.770046 0.566589 0.293268  0.979134 0.262595
0  0.063908 0.088762 0.379158  0.558165 0.776397 0.292675  0.980055 0.269303
0  0.056612 0.078707 0.430509  0.575149 0.801292 0.164726  0.969448 0.270489
chess_set_pieces_black
0  -0.073126 0.099910 0.343655  -0.524045 0.731036 0.436994  0.987617 0.297020
0  -0.065128 0.088920 0.379202  -0.556483 0.778530 0.290203  0.980322 0.296419
0  -0.034436 0.104296 0.379127  -0.291610 0.911464 0.290166  0.980768 0.289646
chess_set_pieces_black
0  -0.038658 0.117265 0.343572  -0.274173 0.855146 0.439948  0.988100 0.289892
0  -0.034436 0.104296 0.379127  -0.291610 0.911464 0.290166  0.980768 0.289646
0  -0.000561 0.109566 0.379099  0.000797 0.956850 0.290583  0.980870 0.282860
chess_set_pieces_black
0  -0.244555 0.079461 -0.000000  -0.006703 0.003342 -0.999972  0.941262 0.522255
0  -0.257141 -0.000000 0.000000  -0.002547 0.000058 -0.999997  0.926455 0.517628
0  -0.262722 -0.000001 0.000005  -0.263365 -0.000754 -0.964696  0.926611 0.516564
chess_set_pieces_black
0  -0.083324 0.254747 0.075666  -0.290454 0.882273 0.370446  0.847299 0.151501
0  -0.080822 0.247169 0.092258  -0.312975 0.949203 -0.032563  0.850707 0.151392
0  -0.000568 0.260421 0.092166  0.000614 0.999511 -0.031257  0.851186 0.167341
chess_set_pieces_black
0  -0.157894 0.216579 0.075600  -0.546935 0.749285 0.373409  0.846562 0.135676
0  -0.152999 0.209857 0.092302  -0.590118 0.806767 -0.029796  0.850198 0.135467
0  -0.080822 0.247169 0.092258  -0.312975 0.949203 -0.032563  0.850707 0.151392
chess_set_pieces_black
0  -0.217041 0.157255 0.075518  -0.753131 0.547475 0.364781  0.845409 0.119823
0  -0.210535 0.152526 0.092316  -0.806463 0.590408 -0.032183  0.848954 0.119541
0  -0.152999 0.209857 0.092302  -0.590118 0.806767 -0.029796  0.850198 0.135467
chess_set_pieces_black
0  -0.255135 0.082708 0.075548  -0.887665 0.295978 0.352772  0.843857 0.103942
0  -0.248118 0.080363 0.092249  -0.947168 0.318405 -0.038612  0.847340 0.103565
0  -0.210535 0.152526 0.092316  -0.806463 0.590408 -0.032183  0.848954 0.119541
chess_set_pieces_black
0  -0.269080 0.000038 0.075978  -0.934682 0.010425 0.355332  0.841988 0.087969
0  -0.261815 0.000002 0.092234  -0.999227 0.008688 -0.038350  0.845306 0.087517
0  -0.248118 0.080363 0.092249  -0.947168 0.318405 -0.038612  0.847340 0.103565
chess_set_pieces_black
0  -0.256708 -0.083127 0.076502  -0.884386 -0.285379 0.369350  0.839576 0.071984
0  -0.249243 -0.080542 0.092266  -0.950423 -0.309060 -0.034319  0.842939 0.071443
0  -0.261815 0.000002 0.092234  -0.999227 0.008688 -0.038350  0.845306 0.087517
chess_set_pieces_black
0  -0.218138 -0.158017 0.076311  -0.748026 -0.545411 0.378132  0.836664 0.056008
0  -0.211494 -0.153136 0.092235  -0.807619 -0.588593 -0.036188  0.840080 0.055325
0  -0.249243 -0.080542 0.092266  -0.950423 -0.309060 -0.034319  0.842939 0.071443
chess_set_pieces_black
0  -0.158684 -0.217694 0.076349  -0.549074 -0.747515 0.373816  0.833188 0.040072
0  -0.153829 -0.211126 0.092118  -0.593528 -0.803714 -0.042050  0.836620 0.039274
0  -0.211494 -0.153136 0.092235  -0.807619 -0.588593 -0.036188  0.840080 0.055325
chess_set_pieces_black
0  -0.083845 -0.256601 0.076781  -0.293139 -0.888034 0.354209  0.829387 0.024239
0  -0.081337 -0.249287 0.092175  -0.319833 -0.946056 -0.051817  0.832603 0.023394
0  -0.153829 -0.211126 0.092118  -0.593528 -0.803714 -0.042050  0.836620 0.039274
chess_set_pieces_black
0  -0.000523 -0.269826 0.076607  -0.000576 -0.940910 0.338656  0.825171 0.008498
0  -0.000508 -0.263072 0.092169  -0.001928 -0.998151 -0.060757  0.828305 0.007869
0  -0.081337 -0.249287 0.092175  -0.319833 -0.946056 -0.051817  0.832603 0.023394
chess_set_pieces_black
0  0.082694 -0.256606 0.076666  0.292967 -0.889232 0.351336  0.830360 0.313321
0  0.080183 -0.249612 0.092159  0.318361 -0.946303 -0.056195  0.833765 0.314209
0  -0.000508 -0.263072 0.092169  -0.001928 -0.998151 -0.060757  0.829375 0.330709
chess_set_pieces_black
0  0.157619 -0.217852 0.076424  0.552236 -0.748748 0.366622  0.834304 0.296543
0  0.152760 -0.211242 0.092068  0.594802 -0.802628 -0.044707  0.837903 0.297352
0  0.080183 -0.249612 0.092159  0.318361 -0.946303 -0.056195  0.833765 0.314209
chess_set_pieces_black
0  0.217006 -0.158029 0.076205  0.755975 -0.545906 0.361231  0.837796 0.279797
0  0.210376 -0.153151 0.092062  0.809015 -0.586385 -0.040576  0.841357 0.280481
0  0.152760 -0.211242 0.092068  0.594802 -0.802628 -0.044707  0.837903 0.297352
chess_set_pieces_black
0  0.255289 -0.083070 0.076083  0.889442 -0.293681 0.350207  0.840726 0.263209
0  0.247877 -0.080476 0.091975  0.947891 -0.315679 -0.042997  0.844218 0.263753
0  0.210376 -0.153151 0.092062  0.809015 -0.586385 -0.040576  0.841357 0.280481
chess_set_pieces_black
0  0.268996 0.000003 0.076511  0.934684 0.000069 0.355480  0.843193 0.246839
0  0.261298 0.000064 0.092142  0.999168 0.003350 -0.040656  0.846572 0.247277
0  0.247877 -0.080476 0.091975  0.947891 -0.315679 -0.042997  0.844218 0.263753
chess_set_pieces_black
0  0.255092 0.083009 0.076202  0.879629 0.295220 0.372958  0.845020 0.230747
0  0.247228 0.080390 0.092205  0.946188 0.322078 -0.031540  0.848382 0.231074
0  0.261298 0.000064 0.092142  0.999168 0.003350 -0.040656  0.846572 0.247277
chess_set_pieces_black
0  0.216289 0.157530 0.075813  0.742929 0.548984 0.382980  0.846249 0.214831
0  0.209308 0.152441 0.092227  0.803438 0.594873 -0.024780  0.849854 0.215074
0  0.247228 0.080390 0.092205  0.946188 0.322078 -0.031540  0.848382 0.231074
chess_set_pieces_black
0  0.156699 0.216478 0.075543  0.543402 0.749494 0.378119  0.847071 0.198999
0  0.151754 0.209695 0.092279  0.588564 0.808087 -0.024220  0.850622 0.199152
0  0.209308 0.152441 0.092227  0.803438 0.594873 -0.024780  0.849854 0.215074
chess_set_pieces_black
0  0.082153 0.254713 0.075654  0.291506 0.881661 0.371078  0.847584 0.183212
0  0.079668 0.247073 0.092254  0.315088 0.948676 -0.027081  0.850996 0.183274
0  0.151754 0.209695 0.092279  0.588564 0.808087 -0.024220  0.850622 0.199152
chess_set_pieces_black
0  -0.000550 0.268250 0.075881  0.000222 0.929542 0.368715  0.847668 0.167374
0  -0.000568 0.260421 0.092166  0.000614 0.999511 -0.031257  0.851186 0.167341
0  0.079668 0.247073 0.092254  0.315088 0.948676 -0.027081  0.850996 0.183274
chess_set_pieces_black
0  -0.000530 0.274102 0.057518  0.000094 0.985064 0.172190  0.844021 0.167409
0  -0.000550 0.268250 0.075881  0.000222 0.929542 0.368715  0.847668 0.167374
0  0.082153 0.254713 0.075654  0.291506 0.881661 0.371078  0.847584 0.183212
chess_set_pieces_black
0  0.083945 0.260335 0.057486  0.308089 0.935733 0.171709  0.843998 0.183141
0  0.082153 0.254713 0.075654  0.291506 0.881661 0.371078  0.847584 0.183212
0  0.156699 0.216478 0.075543  0.543402 0.749494 0.378119  0.847071 0.198999
chess_set_pieces_black
0  0.160112 0.221185 0.057417  0.577998 0.798032 0.170480  0.843527 0.198858
0  0.156699 0.216478 0.075543  0.543402 0.749494 0.378119  0.847071 0.198999
0  0.216289 0.157530 0.075813  0.742929 0.548984 0.382980  0.846249 0.214831
chess_set_pieces_black
0  0.221216 0.161098 0.057508  0.794310 0.584191 0.166708  0.842611 0.214583
0  0.216289 0.157530 0.075813  0.742929 0.548984 0.382980  0.846249 0.214831
0  0.255092 0.083009 0.076202  0.879629 0.295220 0.372958  0.845020 0.230747
chess_set_pieces_black
0  0.260645 0.084814 0.057528  0.937975 0.309087 0.157061  0.841317 0.230376
0  0.255092 0.083009 0.076202  0.879629 0.295220 0.372958  0.845020 0.230747
0  0.268996 0.000003 0.076511  0.934684 0.000069 0.355480  0.843193 0.246839
chess_set_pieces_black
0  0.274280 -0.000053 0.057538  0.989269 -0.002789 0.146078  0.839438 0.246355
0  0.268996 0.000003 0.076511  0.934684 0.000069 0.355480  0.843193 0.246839
0  0.255289 -0.083070 0.076083  0.889442 -0.293681 0.350207  0.840726 0.263209
chess_set_pieces_black
0  0.259917 -0.084598 0.057405  0.940365 -0.309001 0.142239  0.836963 0.262599
0  0.255289 -0.083070 0.076083  0.889442 -0.293681 0.350207  0.840726 0.263209
0  0.217006 -0.158029 0.076205  0.755975 -0.545906 0.361231  0.837796 0.279797
chess_set_pieces_black
0  0.221278 -0.161114 0.057483  0.802992 -0.577215 0.148413  0.833969 0.279060
0  0.217006 -0.158029 0.076205  0.755975 -0.545906 0.361231  0.837796 0.279797
0  0.157619 -0.217852 0.076424  0.552236 -0.748748 0.366622  0.834304 0.296543
chess_set_pieces_black
0  0.161018 -0.222500 0.057628  0.585584 -0.795700 0.154766  0.830420 0.295667
0  0.157619 -0.217852 0.076424  0.552236 -0.748748 0.366622  0.834304 0.296543
0  0.082694 -0.256606 0.076666  0.292967 -0.889232 0.351336  0.830360 0.313321
chess_set_pieces_black
0  0.084481 -0.261972 0.057651  0.304810 -0.940723 0.148764  0.826459 0.312320
0  0.082694 -0.256606 0.076666  0.292967 -0.889232 0.351336  0.830360 0.313321
0  -0.000523 -0.269826 0.076607  -0.000576 -0.940910 0.338656  0.826038 0.330078
chess_set_pieces_black
0  -0.000579 -0.274912 0.057498  -0.001103 -0.990327 0.138751  0.821384 0.009344
0  -0.000523 -0.269826 0.076607  -0.000576 -0.940910 0.338656  0.825171 0.008498
0  -0.083845 -0.256601 0.076781  -0.293139 -0.888034 0.354209  0.829387 0.024239
chess_set_pieces_black
0  -0.085590 -0.261867 0.057585  -0.305054 -0.941225 0.145044  0.825696 0.025214
0  -0.083845 -0.256601 0.076781  -0.293139 -0.888034 0.354209  0.829387 0.024239
0  -0.158684 -0.217694 0.076349  -0.549074 -0.747515 0.373816  0.833188 0.040072
chess_set_pieces_black
0  -0.162165 -0.222504 0.057683  -0.581363 -0.797807 0.159755  0.829536 0.040912
0  -0.158684 -0.217694 0.076349  -0.549074 -0.747515 0.373816  0.833188 0.040072
0  -0.218138 -0.158017 0.076311  -0.748026 -0.545411 0.378132  0.836664 0.056008
chess_set_pieces_black
0  -0.223051 -0.161608 0.057632  -0.796969 -0.580634 0.166449  0.832941 0.056743
0  -0.218138 -0.158017 0.076311  -0.748026 -0.545411 0.378132  0.836664 0.056008
0  -0.256708 -0.083127 0.076502  -0.884386 -0.285379 0.369350  0.839576 0.071984
chess_set_pieces_black
0  -0.262395 -0.084935 0.057673  -0.938416 -0.301982 0.167875  0.835884 0.072604
0  -0.256708 -0.083127 0.076502  -0.884386 -0.285379 0.369350  0.839576 0.071984
0  -0.269080 0.000038 0.075978  -0.934682 0.010425 0.355332  0.841988 0.087969
chess_set_pieces_black
0  -0.274887 0.000066 0.057546  -0.985619 0.010177 0.168676  0.838307 0.088476
0  -0.269080 0.000038 0.075978  -0.934682 0.010425 0.355332  0.841988 0.087969
0  -0.255135 0.082708 0.075548  -0.887665 0.295978 0.352772  0.843857 0.103942
chess_set_pieces_black
0  -0.260373 0.084416 0.057363  -0.935765 0.309693 0.168622  0.840292 0.104338
0  -0.255135 0.082708 0.075548  -0.887665 0.295978 0.352772  0.843857 0.103942
0  -0.217041 0.157255 0.075518  -0.753131 0.547475 0.364781  0.845409 0.119823
chess_set_pieces_black
0  -0.221727 0.160609 0.057401  -0.798232 0.578143 0.169047  0.841834 0.120127
0  -0.217041 0.157255 0.075518  -0.753131 0.547475 0.364781  0.845409 0.119823
0  -0.157894 0.216579 0.075600  -0.546935 0.749285 0.373409  0.846562 0.135676
chess_set_pieces_black
0  -0.161382 0.221443 0.057452  -0.580929 0.795888 0.170543  0.842975 0.135895
0  -0.157894 0.216579 0.075600  -0.546935 0.749285 0.373409  0.846562 0.135676
0  -0.083324 0.254747 0.075666  -0.290454 0.882273 0.370446  0.847299 0.151501
chess_set_pieces_black
0  -0.085113 0.260324 0.057485  -0.306956 0.936085 0.171823  0.843709 0.151628
0  -0.083324 0.254747 0.075666  -0.290454 0.882273 0.370446  0.847299 0.151501
0  -0.000550 0.268250 0.075881  0.000222 0.929542 0.368715  0.847668 0.167374
chess_set_pieces_black
0  -0.085607 0.262000 0.032710  -0.308725 0.948263 -0.074073  0.839130 0.151801
0  -0.085113 0.260324 0.057485  -0.306956 0.936085 0.171823  0.843709 0.151628
0  -0.000530 0.274102 0.057518  0.000094 0.985064 0.172190  0.844021 0.167409
chess_set_pieces_black
0  -0.162240 0.222622 0.032626  -0.588740 0.805303 -0.069798  0.838398 0.136162
0  -0.161382 0.221443 0.057452  -0.580929 0.795888 0.170543  0.842975 0.135895
0  -0.085113 0.260324 0.057485  -0.306956 0.936085 0.171823  0.843709 0.151628
chess_set_pieces_black
0  -0.223060 0.161554 0.032718  -0.806948 0.587106 -0.064352  0.837264 0.120507
0  -0.221727 0.160609 0.057401  -0.798232 0.578143 0.169047  0.841834 0.120127
0  -0.161382 0.221443 0.057452  -0.580929 0.795888 0.170543  0.842975 0.135895
chess_set_pieces_black
0  -0.262091 0.084947 0.032776  -0.947888 0.313051 -0.059219  0.835710 0.104846
0  -0.260373 0.084416 0.057363  -0.935765 0.309693 0.168622  0.840292 0.104338
0  -0.221727 0.160609 0.057401  -0.798232 0.578143 0.169047  0.841834 0.120127
chess_set_pieces_black
0  -0.276584 0.000034 0.032676  -0.997145 0.006308 -0.075241  0.833671 0.089120
0  -0.274887 0.000066 0.057546  -0.985619 0.010177 0.168676  0.838307 0.088476
0  -0.260373 0.084416 0.057363  -0.935765 0.309693 0.168622  0.840292 0.104338
chess_set_pieces_black
0  -0.263835 -0.085351 0.032527  -0.948246 -0.304889 -0.088724  0.831229 0.073408
0  -0.262395 -0.084935 0.057673  -0.938416 -0.301982 0.167875  0.835884 0.072604
0  -0.274887 0.000066 0.057546  -0.985619 0.010177 0.168676  0.838307 0.088476
chess_set_pieces_black
0  -0.224195 -0.162407 0.032573  -0.804896 -0.586753 -0.088677  0.828314 0.057682
0  -0.223051 -0.161608 0.057632  -0.796969 -0.580634 0.166449  0.832941 0.056743
0  -0.262395 -0.084935 0.057673  -0.938416 -0.301982 0.167875  0.835884 0.072604
chess_set_pieces_black
0  -0.162983 -0.223643 0.032573  -0.585039 -0.805876 -0.091066  0.824943 0.041979
0  -0.162165 -0.222504 0.057683  -0.581363 -0.797807 0.159755  0.829536 0.040912
0  -0.223051 -0.161608 0.057632  -0.796969 -0.580634 0.166449  0.832941 0.056743
chess_set_pieces_black
0  -0.085866 -0.262656 0.032623  -0.307451 -0.947518 -0.087651  0.821168 0.026440
0  -0.085590 -0.261867 0.057585  -0.305054 -0.941225 0.145044  0.825696 0.025214
0  -0.162165 -0.222504 0.057683  -0.581363 -0.797807 0.159755  0.829536 0.040912
chess_set_pieces_black
0  -0.000573 -0.275636 0.032655  0.000173 -0.996217 -0.086902  0.816634 0.010612
0  -0.000579 -0.274912 0.057498  -0.001103 -0.990327 0.138751  0.821384 0.009344
0  -0.085590 -0.261867 0.057585  -0.305054 -0.941225 0.145044  0.825696 0.025214
chess_set_pieces_black
0  0.084794 -0.263099 0.032582  0.305082 -0.948007 -0.090599  0.821600 0.311065
0  0.084481 -0.261972 0.057651  0.304810 -0.940723 0.148764  0.826459 0.312320
0  -0.000579 -0.274912 0.057498  -0.001103 -0.990327 0.138751  0.822002 0.329241
chess_set_pieces_black
0  0.161821 -0.223618 0.032581  0.588983 -0.804108 -0.080679  0.825592 0.294587
0  0.161018 -0.222500 0.057628  0.585584 -0.795700 0.154766  0.830420 0.295667
0  0.084481 -0.261972 0.057651  0.304810 -0.940723 0.148764  0.826459 0.312320
chess_set_pieces_black
0  0.222263 -0.161851 0.032677  0.810206 -0.582064 -0.069043  0.829171 0.278129
0  0.221278 -0.161114 0.057483  0.802992 -0.577215 0.148413  0.833969 0.279060
0  0.161018 -0.222500 0.057628  0.585584 -0.795700 0.154766  0.830420 0.295667
chess_set_pieces_black
0  0.261108 -0.085008 0.032718  0.948124 -0.310058 -0.070183  0.832231 0.261817
0  0.259917 -0.084598 0.057405  0.940365 -0.309001 0.142239  0.836963 0.262599
0  0.221278 -0.161114 0.057483  0.802992 -0.577215 0.148413  0.833969 0.279060
chess_set_pieces_black
0  0.275379 -0.000021 0.032617  0.996875 -0.002408 -0.078961  0.834756 0.245709
0  0.274280 -0.000053 0.057538  0.989269 -0.002789 0.146078  0.839438 0.246355
0  0.259917 -0.084598 0.057405  0.940365 -0.309001 0.142239  0.836963 0.262599
chess_set_pieces_black
0  0.261743 0.085191 0.032592  0.947163 0.310255 -0.081389  0.836689 0.229874
0  0.260645 0.084814 0.057528  0.937975 0.309087 0.157061  0.841317 0.230376
0  0.274280 -0.000053 0.057538  0.989269 -0.002789 0.146078  0.839438 0.246355
chess_set_pieces_black
0  0.222356 0.161896 0.032580  0.803931 0.589779 -0.076525  0.838032 0.214243
0  0.221216 0.161098 0.057508  0.794310 0.584191 0.166708  0.842611 0.214583
0  0.260645 0.084814 0.057528  0.937975 0.309087 0.157061  0.841317 0.230376
chess_set_pieces_black
0  0.161043 0.222509 0.032703  0.586534 0.807056 -0.068105  0.838958 0.198659
0  0.160112 0.221185 0.057417  0.577998 0.798032 0.170480  0.843527 0.198858
0  0.221216 0.161098 0.057508  0.794310 0.584191 0.166708  0.842611 0.214583
chess_set_pieces_black
0  0.084435 0.261946 0.032709  0.309153 0.948322 -0.071475  0.839423 0.183046
0  0.083945 0.260335 0.057486  0.308089 0.935733 0.171709  0.843998 0.183141
0  0.160112 0.221185 0.057417  0.577998 0.798032 0.170480  0.843527 0.198858
chess_set_pieces_black
0  -0.000567 0.275760 0.032690  0.000080 0.996787 -0.080098  0.839424 0.167446
0  -0.000530 0.274102 0.057518  0.000094 0.985064 0.172190  0.844021 0.167409
0  0.083945 0.260335 0.057486  0.308089 0.935733 0.171709  0.843998 0.183141
chess_set_pieces_black
0  -0.000588 0.268541 0.003672  -0.001078 0.945121 -0.326719  0.833873 0.167498
0  -0.000567 0.275760 0.032690  0.000080 0.996787 -0.080098  0.839424 0.167446
0  0.084435 0.261946 0.032709  0.309153 0.948322 -0.071475  0.839423 0.183046
chess_set_pieces_black
0  0.082744 0.257380 0.003672  0.291007 0.903565 -0.314460  0.833971 0.182925
0  0.084435 0.261946 0.032709  0.309153 0.948322 -0.071475  0.839423 0.183046
0  0.161043 0.222509 0.032703  0.586534 0.807056 -0.068105  0.838958 0.198659
chess_set_pieces_black
0  0.157918 0.218342 0.003672  0.561149 0.771111 -0.300831  0.833500 0.198388
0  0.161043 0.222509 0.032703  0.586534 0.807056 -0.068105  0.838958 0.198659
0  0.222356 0.161896 0.032580  0.803931 0.589779 -0.076525  0.838032 0.214243
chess_set_pieces_black
0  0.217743 0.158469 0.003672  0.768447 0.562679 -0.304766  0.832616 0.213854
0  0.222356 0.161896 0.032580  0.803931 0.589779 -0.076525  0.838032 0.214243
0  0.261743 0.085191 0.032592  0.947163 0.310255 -0.081389  0.836689 0.229874
chess_set_pieces_black
0  0.256612 0.083389 0.003672  0.900686 0.293171 -0.320649  0.831211 0.229335
0  0.261743 0.085191 0.032592  0.947163 0.310255 -0.081389  0.836689 0.229874
0  0.275379 -0.000021 0.032617  0.996875 -0.002408 -0.078961  0.834756 0.245709
chess_set_pieces_black
0  0.269466 -0.000031 0.003672  0.946129 -0.001198 -0.323787  0.829160 0.244940
0  0.275379 -0.000021 0.032617  0.996875 -0.002408 -0.078961  0.834756 0.245709
0  0.261108 -0.085008 0.032718  0.948124 -0.310058 -0.070183  0.832231 0.261817
chess_set_pieces_black
0  0.256836 -0.083493 0.003672  0.904506 -0.293612 -0.309290  0.826562 0.260793
0  0.261108 -0.085008 0.032718  0.948124 -0.310058 -0.070183  0.832231 0.261817
0  0.222263 -0.161851 0.032677  0.810206 -0.582064 -0.069043  0.829171 0.278129
chess_set_pieces_black
0  0.218172 -0.158812 0.003672  0.771625 -0.555596 -0.309690  0.823463 0.276917
0  0.222263 -0.161851 0.032677  0.810206 -0.582064 -0.069043  0.829171 0.278129
0  0.161821 -0.223618 0.032581  0.588983 -0.804108 -0.080679  0.825592 0.294587
chess_set_pieces_black
0  0.158661 -0.219319 0.003672  0.554966 -0.762672 -0.332181  0.819939 0.293233
0  0.161821 -0.223618 0.032581  0.588983 -0.804108 -0.080679  0.825592 0.294587
0  0.084794 -0.263099 0.032582  0.305082 -0.948007 -0.090599  0.821600 0.311065
chess_set_pieces_black
0  0.082722 -0.256494 0.003672  0.287587 -0.894394 -0.342569  0.815875 0.309528
0  0.084794 -0.263099 0.032582  0.305082 -0.948007 -0.090599  0.821600 0.311065
0  -0.000573 -0.275636 0.032655  0.000173 -0.996217 -0.086902  0.816931 0.327943
chess_set_pieces_black
0  -0.000569 -0.270631 0.003672  0.002074 -0.941236 -0.337742  0.810991 0.012487
0  -0.000573 -0.275636 0.032655  0.000173 -0.996217 -0.086902  0.816634 0.010612
0  -0.085866 -0.262656 0.032623  -0.307451 -0.947518 -0.087651  0.821168 0.026440
chess_set_pieces_black
0  -0.084114 -0.257499 0.003672  -0.291813 -0.893458 -0.341435  0.815818 0.027828
0  -0.085866 -0.262656 0.032623  -0.307451 -0.947518 -0.087651  0.821168 0.026440
0  -0.162983 -0.223643 0.032573  -0.585039 -0.805876 -0.091066  0.824943 0.041979
chess_set_pieces_black
0  -0.158914 -0.217987 0.003672  -0.549894 -0.757881 -0.351045  0.819484 0.043226
0  -0.162983 -0.223643 0.032573  -0.585039 -0.805876 -0.091066  0.824943 0.041979
0  -0.224195 -0.162407 0.032573  -0.804896 -0.586753 -0.088677  0.828314 0.057682
chess_set_pieces_black
0  -0.219775 -0.159122 0.003672  -0.754092 -0.549345 -0.359953  0.822862 0.058782
0  -0.224195 -0.162407 0.032573  -0.804896 -0.586753 -0.088677  0.828314 0.057682
0  -0.263835 -0.085351 0.032527  -0.948246 -0.304889 -0.088724  0.831229 0.073408
chess_set_pieces_black
0  -0.257103 -0.083239 0.003672  -0.883850 -0.283331 -0.372200  0.825709 0.074323
0  -0.263835 -0.085351 0.032527  -0.948246 -0.304889 -0.088724  0.831229 0.073408
0  -0.276584 0.000034 0.032676  -0.997145 0.006308 -0.075241  0.833671 0.089120
chess_set_pieces_black
0  -0.270735 -0.000001 0.003672  -0.930194 0.002151 -0.367063  0.828184 0.089943
0  -0.276584 0.000034 0.032676  -0.997145 0.006308 -0.075241  0.833671 0.089120
0  -0.262091 0.084947 0.032776  -0.947888 0.313051 -0.059219  0.835710 0.104846
chess_set_pieces_black
0  -0.258010 0.083532 0.003672  -0.895875 0.293901 -0.333212  0.830198 0.105486
0  -0.262091 0.084947 0.032776  -0.947888 0.313051 -0.059219  0.835710 0.104846
0  -0.223060 0.161554 0.032718  -0.806948 0.587106 -0.064352  0.837264 0.120507
chess_set_pieces_black
0  -0.218800 0.158458 0.003672  -0.768896 0.560523 -0.307593  0.831810 0.120989
0  -0.223060 0.161554 0.032718  -0.806948 0.587106 -0.064352  0.837264 0.120507
0  -0.162240 0.222622 0.032626  -0.588740 0.805303 -0.069798  0.838398 0.136162
chess_set_pieces_black
0  -0.158911 0.218143 0.003672  -0.561417 0.767758 -0.308802  0.832928 0.136532
0  -0.162240 0.222622 0.032626  -0.588740 0.805303 -0.069798  0.838398 0.136162
0  -0.085607 0.262000 0.032710  -0.308725 0.948263 -0.074073  0.839130 0.151801
chess_set_pieces_black
0  -0.083890 0.257342 0.003672  -0.290225 0.901012 -0.322409  0.833672 0.152012
0  -0.085607 0.262000 0.032710  -0.308725 0.948263 -0.074073  0.839130 0.151801
0  -0.000567 0.275760 0.032690  0.000080 0.996787 -0.080098  0.839424 0.167446
chess_set_pieces_black
0  -0.080822 0.247169 0.092258  -0.312975 0.949203 -0.032563  0.850707 0.151392
0  -0.083848 0.256340 0.121966  -0.304138 0.920463 -0.245456  0.856806 0.151206
0  -0.000554 0.269645 0.121939  0.002825 0.970644 -0.240505  0.857023 0.167298
chess_set_pieces_black
0  -0.152999 0.209857 0.092302  -0.590118 0.806767 -0.029796  0.850198 0.135467
0  -0.158607 0.217525 0.122119  -0.572451 0.782207 -0.245870  0.856072 0.135127
0  -0.083848 0.256340 0.121966  -0.304138 0.920463 -0.245456  0.856806 0.151206
chess_set_pieces_black
0  -0.210535 0.152526 0.092316  -0.806463 0.590408 -0.032183  0.848954 0.119541
0  -0.218172 0.158089 0.122086  -0.782201 0.573655 -0.243066  0.854945 0.119057
0  -0.158607 0.217525 0.122119  -0.572451 0.782207 -0.245870  0.856072 0.135127
chess_set_pieces_black
0  -0.248118 0.080363 0.092249  -0.947168 0.318405 -0.038612  0.847340 0.103565
0  -0.256954 0.083281 0.121975  -0.920613 0.308012 -0.240001  0.853329 0.102917
0  -0.218172 0.158089 0.122086  -0.782201 0.573655 -0.243066  0.854945 0.119057
chess_set_pieces_black
0  -0.261815 0.000002 0.092234  -0.999227 0.008688 -0.038350  0.845306 0.087517
0  -0.270918 0.000037 0.121795  -0.971151 0.006264 -0.238382  0.851276 0.086733
0  -0.256954 0.083281 0.121975  -0.920613 0.308012 -0.240001  0.853329 0.102917
chess_set_pieces_black
0  -0.249243 -0.080542 0.092266  -0.950423 -0.309060 -0.034319  0.842939 0.071443
0  -0.257975 -0.083558 0.121693  -0.922457 -0.299602 -0.243539  0.848889 0.070485
0  -0.270918 0.000037 0.121795  -0.971151 0.006264 -0.238382  0.851276 0.086733
chess_set_pieces_black
0  -0.211494 -0.153136 0.092235  -0.807619 -0.588593 -0.036188  0.840080 0.055325
0  -0.219451 -0.158974 0.121698  -0.782992 -0.568269 -0.252971  0.846087 0.054188
0  -0.257975 -0.083558 0.121693  -0.922457 -0.299602 -0.243539  0.848889 0.070485
chess_set_pieces_black
0  -0.153829 -0.211126 0.092118  -0.593528 -0.803714 -0.042050  0.836620 0.039274
0  -0.159788 -0.219205 0.121637  -0.574384 -0.776663 -0.258608  0.842667 0.037860
0  -0.219451 -0.158974 0.121698  -0.782992 -0.568269 -0.252971  0.846087 0.054188
chess_set_pieces_black
0  -0.081337 -0.249287 0.092175  -0.319833 -0.946056 -0.051817  0.832603 0.023394
0  -0.084520 -0.258606 0.121423  -0.309696 -0.914306 -0.261021  0.838415 0.021779
0  -0.159788 -0.219205 0.121637  -0.574384 -0.776663 -0.258608  0.842667 0.037860
chess_set_pieces_black
0  -0.000508 -0.263072 0.092169  -0.001928 -0.998151 -0.060757  0.828305 0.007869
0  -0.000572 -0.272866 0.121015  -0.002617 -0.964827 -0.262873  0.833716 0.006008
0  -0.084520 -0.258606 0.121423  -0.309696 -0.914306 -0.261021  0.838415 0.021779
chess_set_pieces_black
0  0.080183 -0.249612 0.092159  0.318361 -0.946303 -0.056195  0.833765 0.314209
0  0.083415 -0.258961 0.121172  0.308101 -0.914220 -0.263202  0.839897 0.315838
0  -0.000572 -0.272866 0.121015  -0.002617 -0.964827 -0.262873  0.835132 0.332635
chess_set_pieces_black
0  0.152760 -0.211242 0.092068  0.594802 -0.802628 -0.044707  0.837903 0.297352
0  0.158802 -0.219389 0.121537  0.575462 -0.775105 -0.260875  0.844273 0.298784
0  0.083415 -0.258961 0.121172  0.308101 -0.914220 -0.263202  0.839897 0.315838
chess_set_pieces_black
0  0.210376 -0.153151 0.092062  0.809015 -0.586385 -0.040576  0.841357 0.280481
0  0.218299 -0.158975 0.121695  0.782055 -0.567840 -0.256804  0.847661 0.281619
0  0.158802 -0.219389 0.121537  0.575462 -0.775105 -0.260875  0.844273 0.298784
chess_set_pieces_black
0  0.247877 -0.080476 0.091975  0.947891 -0.315679 -0.042997  0.844218 0.263753
0  0.257300 -0.083705 0.121571  0.917985 -0.304506 -0.254123  0.850428 0.264685
0  0.218299 -0.158975 0.121695  0.782055 -0.567840 -0.256804  0.847661 0.281619
chess_set_pieces_black
0  0.261298 0.000064 0.092142  0.999168 0.003350 -0.040656  0.846572 0.247277
0  0.270862 0.000011 0.121439  0.967904 0.005054 -0.251268  0.852610 0.248013
0  0.257300 -0.083705 0.121571  0.917985 -0.304506 -0.254123  0.850428 0.264685
chess_set_pieces_black
0  0.247228 0.080390 0.092205  0.946188 0.322078 -0.031540  0.848382 0.231074
0  0.256400 0.083505 0.121795  0.916761 0.313241 -0.247849  0.854419 0.231626
0  0.270862 0.000011 0.121439  0.967904 0.005054 -0.251268  0.852610 0.248013
chess_set_pieces_black
0  0.209308 0.152441 0.092227  0.803438 0.594873 -0.024780  0.849854 0.215074
0  0.217086 0.158127 0.122079  0.779097 0.577158 -0.244739  0.855857 0.215461
0  0.256400 0.083505 0.121795  0.916761 0.313241 -0.247849  0.854419 0.231626
chess_set_pieces_black
0  0.151754 0.209695 0.092279  0.588564 0.808087 -0.024220  0.850622 0.199152
0  0.157355 0.217372 0.122159  0.570657 0.785142 -0.240628  0.856634 0.199344
0  0.217086 0.158127 0.122079  0.779097 0.577158 -0.244739  0.855857 0.215461
chess_set_pieces_black
0  0.079668 0.247073 0.092254  0.315088 0.948676 -0.027081  0.850996 0.183274
0  0.082561 0.255865 0.122093  0.305876 0.921870 -0.237899  0.856981 0.183317
0  0.157355 0.217372 0.122159  0.570657 0.785142 -0.240628  0.856634 0.199344
chess_set_pieces_black
0  -0.000568 0.260421 0.092166  0.000614 0.999511 -0.031257  0.851186 0.167341
0  -0.000554 0.269645 0.121939  0.002825 0.970644 -0.240505  0.857023 0.167298
0  0.082561 0.255865 0.122093  0.305876 0.921870 -0.237899  0.856981 0.183317
chess_set_pieces_black
0  -0.083848 0.256340 0.121966  -0.304138 0.920463 -0.245456  0.856806 0.151206
0  -0.084423 0.258095 0.136741  -0.310612 0.944982 0.102615  0.859643 0.151120
0  -0.000557 0.271364 0.136766  0.003453 0.994540 0.104297  0.859873 0.167279
chess_set_pieces_black
0  -0.158607 0.217525 0.122119  -0.572451 0.782207 -0.245870  0.856072 0.135127
0  -0.159662 0.218973 0.136763  -0.587371 0.802950 0.101327  0.858898 0.134967
0  -0.084423 0.258095 0.136741  -0.310612 0.944982 0.102615  0.859643 0.151120
chess_set_pieces_black
0  -0.218172 0.158089 0.122086  -0.782201 0.573655 -0.243066  0.854945 0.119057
0  -0.219594 0.159123 0.136764  -0.802931 0.587226 0.102308  0.857781 0.118820
0  -0.159662 0.218973 0.136763  -0.587371 0.802950 0.101327  0.858898 0.134967
chess_set_pieces_black
0  -0.256954 0.083281 0.121975  -0.920613 0.308012 -0.240001  0.853329 0.102917
0  -0.258596 0.083816 0.136747  -0.943645 0.314213 0.103940  0.856198 0.102595
0  -0.219594 0.159123 0.136764  -0.802931 0.587226 0.102308  0.857781 0.118820
chess_set_pieces_black
0  -0.270918 0.000037 0.121795  -0.971151 0.006264 -0.238382  0.851276 0.086733
0  -0.272703 0.000035 0.136754  -0.994388 0.005534 0.105650  0.854176 0.086336
0  -0.258596 0.083816 0.136747  -0.943645 0.314213 0.103940  0.856198 0.102595
chess_set_pieces_black
0  -0.257975 -0.083558 0.121693  -0.922457 -0.299602 -0.243539  0.848889 0.070485
0  -0.259708 -0.084133 0.136730  -0.946177 -0.305757 0.106123  0.851809 0.070016
0  -0.272703 0.000035 0.136754  -0.994388 0.005534 0.105650  0.854176 0.086336
chess_set_pieces_black
0  -0.219451 -0.158974 0.121698  -0.782992 -0.568269 -0.252971  0.846087 0.054188
0  -0.221029 -0.160123 0.136730  -0.805865 -0.582692 0.105130  0.849006 0.053633
0  -0.259708 -0.084133 0.136730  -0.946177 -0.305757 0.106123  0.851809 0.070016
chess_set_pieces_black
0  -0.159788 -0.219205 0.121637  -0.574384 -0.776663 -0.258608  0.842667 0.037860
0  -0.160951 -0.220778 0.136689  -0.591046 -0.799865 0.104307  0.845589 0.037174
0  -0.221029 -0.160123 0.136730  -0.805865 -0.582692 0.105130  0.849006 0.053633
chess_set_pieces_black
0  -0.084520 -0.258606 0.121423  -0.309696 -0.914306 -0.261021  0.838415 0.021779
0  -0.085208 -0.260689 0.136607  -0.318578 -0.942272 0.103106  0.841293 0.020977
0  -0.160951 -0.220778 0.136689  -0.591046 -0.799865 0.104307  0.845589 0.037174
chess_set_pieces_black
0  -0.000572 -0.272866 0.121015  -0.002617 -0.964827 -0.262873  0.833716 0.006008
0  -0.000585 -0.275262 0.136595  -0.002647 -0.994901 0.100823  0.836636 0.005072
0  -0.085208 -0.260689 0.136607  -0.318578 -0.942272 0.103106  0.841293 0.020977
chess_set_pieces_black
0  0.083415 -0.258961 0.121172  0.308101 -0.914220 -0.263202  0.839897 0.315838
0  0.084109 -0.261110 0.136560  0.316297 -0.943553 0.098302  0.842991 0.316669
0  -0.000585 -0.275262 0.136595  -0.002647 -0.994901 0.100823  0.838214 0.333593
chess_set_pieces_black
0  0.158802 -0.219389 0.121537  0.575462 -0.775105 -0.260875  0.844273 0.298784
0  0.160023 -0.221069 0.136693  0.592819 -0.799484 0.096907  0.847363 0.299484
0  0.084109 -0.261110 0.136560  0.316297 -0.943553 0.098302  0.842991 0.316669
chess_set_pieces_black
0  0.218299 -0.158975 0.121695  0.782055 -0.567840 -0.256804  0.847661 0.281619
0  0.219859 -0.160110 0.136700  0.805904 -0.583829 0.098299  0.850727 0.282172
0  0.160023 -0.221069 0.136693  0.592819 -0.799484 0.096907  0.847363 0.299484
chess_set_pieces_black
0  0.257300 -0.083705 0.121571  0.917985 -0.304506 -0.254123  0.850428 0.264685
0  0.259152 -0.084319 0.136735  0.944826 -0.311212 0.102232  0.853456 0.265127
0  0.219859 -0.160110 0.136700  0.805904 -0.583829 0.098299  0.850727 0.282172
chess_set_pieces_black
0  0.270862 0.000011 0.121439  0.967904 0.005054 -0.251268  0.852610 0.248013
0  0.272839 0.000003 0.136687  0.994499 0.005473 0.104605  0.855615 0.248375
0  0.259152 -0.084319 0.136735  0.944826 -0.311212 0.102232  0.853456 0.265127
chess_set_pieces_black
0  0.256400 0.083505 0.121795  0.916761 0.313241 -0.247849  0.854419 0.231626
0  0.258094 0.084059 0.136753  0.941639 0.320072 0.104261  0.857330 0.231909
0  0.272839 0.000003 0.136687  0.994499 0.005473 0.104605  0.855615 0.248375
chess_set_pieces_black
0  0.217086 0.158127 0.122079  0.779097 0.577158 -0.244739  0.855857 0.215461
0  0.218438 0.159113 0.136773  0.799414 0.591680 0.104172  0.858701 0.215653
0  0.258094 0.084059 0.136753  0.941639 0.320072 0.104261  0.857330 0.231909
chess_set_pieces_black
0  0.157355 0.217372 0.122159  0.570657 0.785142 -0.240628  0.856634 0.199344
0  0.158271 0.218629 0.136780  0.584422 0.804690 0.104525  0.859464 0.199444
0  0.218438 0.159113 0.136773  0.799414 0.591680 0.104172  0.858701 0.215653
chess_set_pieces_black
0  0.082561 0.255865 0.122093  0.305876 0.921870 -0.237899  0.856981 0.183317
0  0.083072 0.257428 0.136769  0.312652 0.944067 0.104810  0.859800 0.183350
0  0.158271 0.218629 0.136780  0.584422 0.804690 0.104525  0.859464 0.199444
chess_set_pieces_black
0  -0.000554 0.269645 0.121939  0.002825 0.970644 -0.240505  0.857023 0.167298
0  -0.000557 0.271364 0.136766  0.003453 0.994540 0.104297  0.859873 0.167279
0  0.083072 0.257428 0.136769  0.312652 0.944067 0.104810  0.859800 0.183350
chess_set_pieces_black
0  -0.084423 0.258095 0.136741  -0.310612 0.944982 0.102615  0.536392 0.897608
0  -0.082103 0.251010 0.176249  -0.293036 0.892324 0.343348  0.537682 0.888943
0  -0.000563 0.263862 0.176223  0.003493 0.939045 0.343778  0.554625 0.888780
chess_set_pieces_black
0  -0.159662 0.218973 0.136763  -0.587371 0.802950 0.101327  0.517273 0.891890
0  -0.155383 0.213080 0.176050  -0.554906 0.758548 0.341592  0.521442 0.883628
0  -0.082103 0.251010 0.176249  -0.293036 0.892324 0.343348  0.537682 0.888943
chess_set_pieces_black
0  -0.219594 0.159123 0.136764  -0.802931 0.587226 0.102308  0.500993 0.879895
0  -0.213662 0.154811 0.176053  -0.758699 0.554669 0.341639  0.507471 0.873589
0  -0.155383 0.213080 0.176050  -0.554906 0.758548 0.341592  0.521442 0.883628
chess_set_pieces_black
0  -0.258596 0.083816 0.136747  -0.943645 0.314213 0.103940  0.489464 0.863581
0  -0.251495 0.081528 0.176214  -0.891021 0.296632 0.343644  0.497535 0.859655
0  -0.213662 0.154811 0.176053  -0.758699 0.554669 0.341639  0.507471 0.873589
chess_set_pieces_black
0  -0.272703 0.000035 0.136754  -0.994388 0.005534 0.105650  0.483633 0.844710
0  -0.265124 0.000024 0.176464  -0.937917 0.004795 0.346825  0.492451 0.843480
0  -0.251495 0.081528 0.176214  -0.891021 0.296632 0.343644  0.497535 0.859655
chess_set_pieces_black
0  -0.259708 -0.084133 0.136730  -0.946177 -0.305757 0.106123  0.483928 0.825174
0  -0.252256 -0.081738 0.176514  -0.891697 -0.288330 0.348917  0.492539 0.826599
0  -0.265124 0.000024 0.176464  -0.937917 0.004795 0.346825  0.492451 0.843480
chess_set_pieces_black
0  -0.221029 -0.160123 0.136730  -0.805865 -0.582692 0.105130  0.489950 0.806384
0  -0.214799 -0.155606 0.176541  -0.759259 -0.548826 0.349737  0.498052 0.810646
0  -0.252256 -0.081738 0.176514  -0.891697 -0.288330 0.348917  0.492539 0.826599
chess_set_pieces_black
0  -0.160951 -0.220778 0.136689  -0.591046 -0.799865 0.104307  0.501999 0.790761
0  -0.156344 -0.214419 0.176654  -0.556686 -0.752985 0.350876  0.508090 0.797221
0  -0.214799 -0.155606 0.176541  -0.759259 -0.548826 0.349737  0.498052 0.810646
chess_set_pieces_black
0  -0.085208 -0.260689 0.136607  -0.318578 -0.942272 0.103106  0.517897 0.779817
0  -0.082773 -0.253105 0.177056  -0.300297 -0.885907 0.353540  0.521658 0.787726
0  -0.156344 -0.214419 0.176654  -0.556686 -0.752985 0.350876  0.508090 0.797221
chess_set_pieces_black
0  -0.000585 -0.275262 0.136595  -0.002647 -0.994901 0.100823  0.535973 0.774377
0  -0.000608 -0.267067 0.177358  -0.003518 -0.935124 0.354304  0.537235 0.782825
0  -0.082773 -0.253105 0.177056  -0.300297 -0.885907 0.353540  0.521658 0.787726
chess_set_pieces_black
0  0.084109 -0.261110 0.136560  0.316297 -0.943553 0.098302  0.554777 0.774281
0  0.081771 -0.253727 0.177231  0.297132 -0.888044 0.350843  0.553505 0.782943
0  -0.000608 -0.267067 0.177358  -0.003518 -0.935124 0.354304  0.537235 0.782825
chess_set_pieces_black
0  0.160023 -0.221069 0.136693  0.592819 -0.799484 0.096907  0.573136 0.780059
0  0.155577 -0.214971 0.176870  0.558796 -0.753479 0.346434  0.569262 0.787990
0  0.081771 -0.253727 0.177231  0.297132 -0.888044 0.350843  0.553505 0.782943
chess_set_pieces_black
0  0.219859 -0.160110 0.136700  0.805904 -0.583829 0.098299  0.589087 0.791248
0  0.213989 -0.155843 0.176676  0.760423 -0.550101 0.345176  0.582757 0.797707
0  0.155577 -0.214971 0.176870  0.558796 -0.753479 0.346434  0.569262 0.787990
chess_set_pieces_black
0  0.259152 -0.084319 0.136735  0.944826 -0.311212 0.102232  0.600489 0.806890
0  0.251743 -0.081946 0.176725  0.890834 -0.292515 0.347634  0.592728 0.810910
0  0.213989 -0.155843 0.176676  0.760423 -0.550101 0.345176  0.582757 0.797707
chess_set_pieces_black
0  0.272839 0.000003 0.136687  0.994499 0.005473 0.104605  0.606637 0.824798
0  0.265018 -0.000007 0.176849  0.937068 0.005303 0.349108  0.598260 0.826385
0  0.251743 -0.081946 0.176725  0.890834 -0.292515 0.347634  0.592728 0.810910
chess_set_pieces_black
0  0.258094 0.084059 0.136753  0.941639 0.320072 0.104261  0.607445 0.843856
0  0.250896 0.081719 0.176430  0.888324 0.302251 0.345723  0.598761 0.842895
0  0.265018 -0.000007 0.176849  0.937068 0.005303 0.349108  0.598260 0.826385
chess_set_pieces_black
0  0.218438 0.159113 0.136773  0.799414 0.591680 0.104172  0.602309 0.862679
0  0.212512 0.154819 0.176048  0.755040 0.559228 0.342314  0.594195 0.859010
0  0.250896 0.081719 0.176430  0.888324 0.302251 0.345723  0.598761 0.842895
chess_set_pieces_black
0  0.158271 0.218629 0.136780  0.584422 0.804690 0.104525  0.591251 0.879464
0  0.153989 0.212735 0.175897  0.552251 0.760656 0.341205  0.584543 0.873051
0  0.212512 0.154819 0.176048  0.755040 0.559228 0.342314  0.594195 0.859010
chess_set_pieces_black
0  0.083072 0.257428 0.136769  0.312652 0.944067 0.104810  0.574929 0.891501
0  0.080797 0.250455 0.176040  0.295498 0.891882 0.342384  0.570827 0.883446
0  0.153989 0.212735 0.175897  0.552251 0.760656 0.341205  0.584543 0.873051
chess_set_pieces_black
0  -0.000557 0.271364 0.136766  0.003453 0.994540 0.104297  0.555986 0.897608
0  -0.000563 0.263862 0.176223  0.003493 0.939045 0.343778  0.554625 0.888780
0  0.080797 0.250455 0.176040  0.295498 0.891882 0.342384  0.570827 0.883446
chess_set_pieces_black
0  -0.082103 0.251010 0.176249  -0.293036 0.892324 0.343348  0.537682 0.888943
0  -0.075349 0.230233 0.215699  -0.249704 0.760608 0.599269  0.538972 0.880008
0  -0.000562 0.242029 0.215648  0.003278 0.800691 0.599069  0.553179 0.879999
chess_set_pieces_black
0  -0.155383 0.213080 0.176050  -0.554906 0.758548 0.341592  0.521442 0.883628
0  -0.142662 0.195571 0.215406  -0.473425 0.647273 0.597416  0.525410 0.875577
0  -0.075349 0.230233 0.215699  -0.249704 0.760608 0.599269  0.538972 0.880008
chess_set_pieces_black
0  -0.213662 0.154811 0.176053  -0.758699 0.554669 0.341639  0.507471 0.873589
0  -0.196169 0.142090 0.215423  -0.647591 0.473641 0.596900  0.513940 0.867155
0  -0.142662 0.195571 0.215406  -0.473425 0.647273 0.597416  0.525410 0.875577
chess_set_pieces_black
0  -0.251495 0.081528 0.176214  -0.891021 0.296632 0.343644  0.497535 0.859655
0  -0.230761 0.074788 0.215651  -0.759933 0.253058 0.598718  0.505617 0.855716
0  -0.196169 0.142090 0.215423  -0.647591 0.473641 0.596900  0.513940 0.867155
chess_set_pieces_black
0  -0.265124 0.000024 0.176464  -0.937917 0.004795 0.346825  0.492451 0.843480
0  -0.243014 0.000022 0.216008  -0.798820 0.003654 0.601559  0.501307 0.842265
0  -0.230761 0.074788 0.215651  -0.759933 0.253058 0.598718  0.505617 0.855716
chess_set_pieces_black
0  -0.252256 -0.081738 0.176514  -0.891697 -0.288330 0.348917  0.492539 0.826599
0  -0.231140 -0.074878 0.215993  -0.759022 -0.245807 0.602880  0.501362 0.828175
0  -0.243014 0.000022 0.216008  -0.798820 0.003654 0.601559  0.501307 0.842265
chess_set_pieces_black
0  -0.214799 -0.155606 0.176541  -0.759259 -0.548826 0.349737  0.498052 0.810646
0  -0.196760 -0.142503 0.216068  -0.646038 -0.466890 0.603861  0.505831 0.814823
0  -0.231140 -0.074878 0.215993  -0.759022 -0.245807 0.602880  0.501362 0.828175
chess_set_pieces_black
0  -0.156344 -0.214419 0.176654  -0.556686 -0.752985 0.350876  0.508090 0.797221
0  -0.143196 -0.196312 0.216195  -0.473395 -0.639567 0.605683  0.514165 0.803509
0  -0.196760 -0.142503 0.216068  -0.646038 -0.466890 0.603861  0.505831 0.814823
chess_set_pieces_black
0  -0.082773 -0.253105 0.177056  -0.300297 -0.885907 0.353540  0.521658 0.787726
0  -0.075696 -0.231429 0.216874  -0.255142 -0.750092 0.610135  0.525568 0.795649
0  -0.143196 -0.196312 0.216195  -0.473395 -0.639567 0.605683  0.514165 0.803509
chess_set_pieces_black
0  -0.000608 -0.267067 0.177358  -0.003518 -0.935124 0.354304  0.537235 0.782825
0  -0.000607 -0.243997 0.217429  -0.004116 -0.789678 0.613508  0.538541 0.791457
0  -0.075696 -0.231429 0.216874  -0.255142 -0.750092 0.610135  0.525568 0.795649
chess_set_pieces_black
0  0.081771 -0.253727 0.177231  0.297132 -0.888044 0.350843  0.553505 0.782943
0  0.074693 -0.231985 0.217383  0.250617 -0.749958 0.612172  0.552191 0.791621
0  -0.000607 -0.243997 0.217429  -0.004116 -0.789678 0.613508  0.538541 0.791457
chess_set_pieces_black
0  0.155577 -0.214971 0.176870  0.558796 -0.753479 0.346434  0.569262 0.787990
0  0.142363 -0.196783 0.216734  0.473287 -0.637325 0.608125  0.565261 0.795953
0  0.074693 -0.231985 0.217383  0.250617 -0.749958 0.612172  0.552191 0.791621
chess_set_pieces_black
0  0.213989 -0.155843 0.176676  0.760423 -0.550101 0.345176  0.582757 0.797707
0  0.195956 -0.142743 0.216399  0.644834 -0.465903 0.605908  0.576686 0.803947
0  0.142363 -0.196783 0.216734  0.473287 -0.637325 0.608125  0.565261 0.795953
chess_set_pieces_black
0  0.251743 -0.081946 0.176725  0.890834 -0.292515 0.347634  0.592728 0.810910
0  0.230523 -0.075049 0.216516  0.755776 -0.247606 0.606213  0.585021 0.815127
0  0.195956 -0.142743 0.216399  0.644834 -0.465903 0.605908  0.576686 0.803947
chess_set_pieces_black
0  0.265018 -0.000007 0.176849  0.937068 0.005303 0.349108  0.598260 0.826385
0  0.242540 0.000046 0.216622  0.795137 0.004899 0.606410  0.589618 0.828108
0  0.230523 -0.075049 0.216516  0.755776 -0.247606 0.606213  0.585021 0.815127
chess_set_pieces_black
0  0.250896 0.081719 0.176430  0.888324 0.302251 0.345723  0.598761 0.842895
0  0.229944 0.074907 0.215955  0.755608 0.257695 0.602205  0.590032 0.841911
0  0.242540 0.000046 0.216622  0.795137 0.004899 0.606410  0.589618 0.828108
chess_set_pieces_black
0  0.212512 0.154819 0.176048  0.755040 0.559228 0.342314  0.594195 0.859010
0  0.194990 0.142090 0.215377  0.644095 0.477497 0.597610  0.586128 0.855311
0  0.229944 0.074907 0.215955  0.755608 0.257695 0.602205  0.590032 0.841911
chess_set_pieces_black
0  0.153989 0.212735 0.175897  0.552251 0.760656 0.341205  0.584543 0.873051
0  0.141330 0.195329 0.215135  0.471746 0.650069 0.595706  0.578039 0.866930
0  0.194990 0.142090 0.215377  0.644095 0.477497 0.597610  0.586128 0.855311
chess_set_pieces_black
0  0.080797 0.250455 0.176040  0.295498 0.891882 0.342384  0.570827 0.883446
0  0.074091 0.229831 0.215341  0.252461 0.761408 0.597095  0.566603 0.875391
0  0.141330 0.195329 0.215135  0.471746 0.650069 0.595706  0.578039 0.866930
chess_set_pieces_black
0  -0.000563 0.263862 0.176223  0.003493 0.939045 0.343778  0.554625 0.888780
0  -0.000562 0.242029 0.215648  0.003278 0.800691 0.599069  0.553179 0.879999
0  0.074091 0.229831 0.215341  0.252461 0.761408 0.597095  0.566603 0.875391
chess_set_pieces_black
0  -0.075349 0.230233 0.215699  -0.249704 0.760608 0.599269  0.538972 0.880008
0  -0.065852 0.201055 0.245122  -0.194609 0.589958 0.783630  0.540269 0.872272
0  -0.000562 0.211397 0.245122  0.002620 0.622865 0.782325  0.551961 0.872226
chess_set_pieces_black
0  -0.142662 0.195571 0.215406  -0.473425 0.647273 0.597416  0.525410 0.875577
0  -0.124716 0.170917 0.244901  -0.366727 0.501261 0.783740  0.529023 0.868643
0  -0.065852 0.201055 0.245122  -0.194609 0.589958 0.783630  0.540269 0.872272
chess_set_pieces_black
0  -0.196169 0.142090 0.215423  -0.647591 0.473641 0.596900  0.513940 0.867155
0  -0.171528 0.124177 0.244966  -0.501458 0.368478 0.782793  0.519415 0.861693
0  -0.124716 0.170917 0.244901  -0.366727 0.501261 0.783740  0.529023 0.868643
chess_set_pieces_black
0  -0.230761 0.074788 0.215651  -0.759933 0.253058 0.598718  0.505617 0.855716
0  -0.201678 0.065324 0.245190  -0.591781 0.198631 0.781243  0.512554 0.852139
0  -0.171528 0.124177 0.244966  -0.501458 0.368478 0.782793  0.519415 0.861693
chess_set_pieces_black
0  -0.243014 0.000022 0.216008  -0.798820 0.003654 0.601559  0.501307 0.842265
0  -0.212178 0.000025 0.245480  -0.624505 0.002980 0.781015  0.509032 0.841076
0  -0.201678 0.065324 0.245190  -0.591781 0.198631 0.781243  0.512554 0.852139
chess_set_pieces_black
0  -0.231140 -0.074878 0.215993  -0.759022 -0.245807 0.602880  0.501362 0.828175
0  -0.201875 -0.065354 0.245458  -0.592670 -0.192812 0.782027  0.508998 0.829499
0  -0.212178 0.000025 0.245480  -0.624505 0.002980 0.781015  0.509032 0.841076
chess_set_pieces_black
0  -0.196760 -0.142503 0.216068  -0.646038 -0.466890 0.603861  0.505831 0.814823
0  -0.171828 -0.124373 0.245465  -0.503561 -0.364026 0.783525  0.512619 0.818414
0  -0.201875 -0.065354 0.245458  -0.592670 -0.192812 0.782027  0.508998 0.829499
chess_set_pieces_black
0  -0.143196 -0.196312 0.216195  -0.473395 -0.639567 0.605683  0.514165 0.803509
0  -0.125028 -0.171315 0.245634  -0.368981 -0.497724 0.784936  0.519515 0.809056
0  -0.171828 -0.124373 0.245465  -0.503561 -0.364026 0.783525  0.512619 0.818414
chess_set_pieces_black
0  -0.075696 -0.231429 0.216874  -0.255142 -0.750092 0.610135  0.525568 0.795649
0  -0.066033 -0.201649 0.246021  -0.198885 -0.582973 0.787773  0.528869 0.802426
0  -0.125028 -0.171315 0.245634  -0.368981 -0.497724 0.784936  0.519515 0.809056
chess_set_pieces_black
0  -0.000607 -0.243997 0.217429  -0.004116 -0.789678 0.613508  0.538541 0.791457
0  -0.000594 -0.212257 0.246460  -0.003383 -0.611699 0.791083  0.539625 0.799007
0  -0.066033 -0.201649 0.246021  -0.198885 -0.582973 0.787773  0.528869 0.802426
chess_set_pieces_black
0  0.074693 -0.231985 0.217383  0.250617 -0.749958 0.612172  0.552191 0.791621
0  0.064897 -0.201868 0.246337  0.194344 -0.578740 0.792017  0.550939 0.799073
0  -0.000594 -0.212257 0.246460  -0.003383 -0.611699 0.791083  0.539625 0.799007
chess_set_pieces_black
0  0.142363 -0.196783 0.216734  0.473287 -0.637325 0.608125  0.565261 0.795953
0  0.123973 -0.171465 0.245909  0.365954 -0.491531 0.790237  0.561792 0.802746
0  0.064897 -0.201868 0.246337  0.194344 -0.578740 0.792017  0.550939 0.799073
chess_set_pieces_black
0  0.195956 -0.142743 0.216399  0.644834 -0.465903 0.605908  0.576686 0.803947
0  0.170766 -0.124449 0.245664  0.498518 -0.360240 0.788484  0.571324 0.809474
0  0.123973 -0.171465 0.245909  0.365954 -0.491531 0.790237  0.561792 0.802746
chess_set_pieces_black
0  0.230523 -0.075049 0.216516  0.755776 -0.247606 0.606213  0.585021 0.815127
0  0.200881 -0.065419 0.245710  0.585263 -0.192224 0.787729  0.578310 0.818809
0  0.170766 -0.124449 0.245664  0.498518 -0.360240 0.788484  0.571324 0.809474
chess_set_pieces_black
0  0.242540 0.000046 0.216622  0.795137 0.004899 0.606410  0.589618 0.828108
0  0.211293 0.000033 0.245854  0.616960 0.004021 0.786984  0.582120 0.829552
0  0.200881 -0.065419 0.245710  0.585263 -0.192224 0.787729  0.578310 0.818809
chess_set_pieces_black
0  0.229944 0.074907 0.215955  0.755608 0.257695 0.602205  0.590032 0.841911
0  0.200599 0.065350 0.245343  0.586842 0.201342 0.784269  0.582412 0.840903
0  0.211293 0.000033 0.245854  0.616960 0.004021 0.786984  0.582120 0.829552
chess_set_pieces_black
0  0.194990 0.142090 0.215377  0.644095 0.477497 0.597610  0.586128 0.855311
0  0.170336 0.124162 0.244923  0.499981 0.371479 0.782319  0.579199 0.851986
0  0.200599 0.065350 0.245343  0.586842 0.201342 0.784269  0.582412 0.840903
chess_set_pieces_black
0  0.141330 0.195329 0.215135  0.471746 0.650069 0.595706  0.578039 0.866930
0  0.123514 0.170827 0.244766  0.366747 0.505232 0.781177  0.572440 0.861566
0  0.170336 0.124162 0.244923  0.499981 0.371479 0.782319  0.579199 0.851986
chess_set_pieces_black
0  0.074091 0.229831 0.215341  0.252461 0.761408 0.597095  0.566603 0.875391
0  0.064668 0.200882 0.244872  0.197100 0.592451 0.781123  0.562993 0.868489
0  0.123514 0.170827 0.244766  0.366747 0.505232 0.781177  0.572440 0.861566
chess_set_pieces_black
0  -0.000562 0.242029 0.215648  0.003278 0.800691 0.599069  0.553179 0.879999
0  -0.000562 0.211397 0.245122  0.002620 0.622865 0.782325  0.551961 0.872226
0  0.064668 0.200882 0.244872  0.197100 0.592451 0.781123  0.562993 0.868489
chess_set_pieces_black
0  -0.065852 0.201055 0.245122  -0.194609 0.589958 0.783630  0.540269 0.872272
0  -0.055668 0.170146 0.264919  -0.188396 0.566971 0.801905  0.541341 0.865698
0  -0.000597 0.179090 0.265026  0.002002 0.598177 0.801362  0.550889 0.865707
chess_set_pieces_black
0  -0.124716 0.170917 0.244901  -0.366727 0.501261 0.783740  0.529023 0.868643
0  -0.105374 0.144418 0.264641  -0.353180 0.482494 0.801538  0.532074 0.862662
0  -0.055668 0.170146 0.264919  -0.188396 0.566971 0.801905  0.541341 0.865698
chess_set_pieces_black
0  -0.171528 0.124177 0.244966  -0.501458 0.368478 0.782793  0.519415 0.861693
0  -0.145089 0.104906 0.264676  -0.481499 0.356428 0.800698  0.524153 0.856923
0  -0.105374 0.144418 0.264641  -0.353180 0.482494 0.801538  0.532074 0.862662
chess_set_pieces_black
0  -0.201678 0.065324 0.245190  -0.591781 0.198631 0.781243  0.512554 0.852139
0  -0.171086 0.055246 0.265102  -0.569096 0.194104 0.799033  0.518399 0.849134
0  -0.145089 0.104906 0.264676  -0.481499 0.356428 0.800698  0.524153 0.856923
chess_set_pieces_black
0  -0.212178 0.000025 0.245480  -0.624505 0.002980 0.781015  0.509032 0.841076
0  -0.180352 0.000074 0.265436  -0.601942 0.003281 0.798533  0.515423 0.840080
0  -0.171086 0.055246 0.265102  -0.569096 0.194104 0.799033  0.518399 0.849134
chess_set_pieces_black
0  -0.201875 -0.065354 0.245458  -0.592670 -0.192812 0.782027  0.508998 0.829499
0  -0.171375 -0.055284 0.265363  -0.571579 -0.187232 0.798900  0.515414 0.830574
0  -0.180352 0.000074 0.265436  -0.601942 0.003281 0.798533  0.515423 0.840080
chess_set_pieces_black
0  -0.171828 -0.124373 0.245465  -0.503561 -0.364026 0.783525  0.512619 0.818414
0  -0.145822 -0.105406 0.265146  -0.486889 -0.352177 0.799319  0.518382 0.821379
0  -0.171375 -0.055284 0.265363  -0.571579 -0.187232 0.798900  0.515414 0.830574
chess_set_pieces_black
0  -0.125028 -0.171315 0.245634  -0.368981 -0.497724 0.784936  0.519515 0.809056
0  -0.106010 -0.145331 0.265322  -0.357301 -0.481951 0.800037  0.524073 0.813619
0  -0.145822 -0.105406 0.265146  -0.486889 -0.352177 0.799319  0.518382 0.821379
chess_set_pieces_black
0  -0.066033 -0.201649 0.246021  -0.198885 -0.582973 0.787773  0.528869 0.802426
0  -0.056001 -0.171370 0.265513  -0.192037 -0.565332 0.802198  0.531747 0.808027
0  -0.106010 -0.145331 0.265322  -0.357301 -0.481951 0.800037  0.524073 0.813619
chess_set_pieces_black
0  -0.000594 -0.212257 0.246460  -0.003383 -0.611699 0.791083  0.539625 0.799007
0  -0.000576 -0.180487 0.265789  -0.002020 -0.592893 0.805279  0.540551 0.805174
0  -0.056001 -0.171370 0.265513  -0.192037 -0.565332 0.802198  0.531747 0.808027
chess_set_pieces_black
0  0.064897 -0.201868 0.246337  0.194344 -0.578740 0.792017  0.550939 0.799073
0  0.054852 -0.171437 0.265632  0.189488 -0.561130 0.805746  0.549839 0.805298
0  -0.000576 -0.180487 0.265789  -0.002020 -0.592893 0.805279  0.540551 0.805174
chess_set_pieces_black
0  0.123973 -0.171465 0.245909  0.365954 -0.491531 0.790237  0.561792 0.802746
0  0.104927 -0.145429 0.265181  0.355043 -0.477393 0.803767  0.558800 0.808461
0  0.054852 -0.171437 0.265632  0.189488 -0.561130 0.805746  0.549839 0.805298
chess_set_pieces_black
0  0.170766 -0.124449 0.245664  0.498518 -0.360240 0.788484  0.571324 0.809474
0  0.144621 -0.105377 0.265208  0.483236 -0.349436 0.802731  0.566759 0.814183
0  0.104927 -0.145429 0.265181  0.355043 -0.477393 0.803767  0.558800 0.808461
chess_set_pieces_black
0  0.200881 -0.065419 0.245710  0.585263 -0.192224 0.787729  0.578310 0.818809
0  0.170333 -0.055328 0.265225  0.566105 -0.186219 0.803024  0.572658 0.821950
0  0.144621 -0.105377 0.265208  0.483236 -0.349436 0.802731  0.566759 0.814183
chess_set_pieces_black
0  0.211293 0.000033 0.245854  0.616960 0.004021 0.786984  0.582120 0.829552
0  0.179238 0.000095 0.265442  0.595598 0.003214 0.803276  0.575851 0.830712
0  0.170333 -0.055328 0.265225  0.566105 -0.186219 0.803024  0.572658 0.821950
chess_set_pieces_black
0  0.200599 0.065350 0.245343  0.586842 0.201342 0.784269  0.582412 0.840903
0  0.170048 0.055291 0.265063  0.565943 0.194847 0.801089  0.576104 0.840017
0  0.179238 0.000095 0.265442  0.595598 0.003214 0.803276  0.575851 0.830712
chess_set_pieces_black
0  0.170336 0.124162 0.244923  0.499981 0.371479 0.782319  0.579199 0.851986
0  0.144070 0.104977 0.264677  0.481428 0.358401 0.799860  0.573277 0.849072
0  0.170048 0.055291 0.265063  0.565943 0.194847 0.801089  0.576104 0.840017
chess_set_pieces_black
0  0.123514 0.170827 0.244766  0.366747 0.505232 0.781177  0.572440 0.861566
0  0.104306 0.144475 0.264549  0.352948 0.485563 0.799785  0.567719 0.856949
0  0.144070 0.104977 0.264677  0.481428 0.358401 0.799860  0.573277 0.849072
chess_set_pieces_black
0  0.064668 0.200882 0.244872  0.197100 0.592451 0.781123  0.562993 0.868489
0  0.054545 0.170027 0.264827  0.189823 0.568980 0.800143  0.559930 0.862674
0  0.104306 0.144475 0.264549  0.352948 0.485563 0.799785  0.567719 0.856949
chess_set_pieces_black
0  -0.000562 0.211397 0.245122  0.002620 0.622865 0.782325  0.551961 0.872226
0  -0.000597 0.179090 0.265026  0.002002 0.598177 0.801362  0.550889 0.865707
0  0.054545 0.170027 0.264827  0.189823 0.568980 0.800143  0.559930 0.862674
chess_set_pieces_black
0  -0.055668 0.170146 0.264919  -0.188396 0.566971 0.801905  0.541341 0.865698
0  -0.054943 0.167551 0.271778  -0.313298 0.947889 -0.057886  0.541526 0.864433
0  -0.000581 0.176203 0.271839  0.001158 0.998299 -0.058291  0.550692 0.864489
chess_set_pieces_black
0  -0.105374 0.144418 0.264641  -0.353180 0.482494 0.801538  0.532074 0.862662
0  -0.103949 0.142345 0.271727  -0.587802 0.807128 -0.055070  0.532684 0.861451
0  -0.054943 0.167551 0.271778  -0.313298 0.947889 -0.057886  0.541526 0.864433
chess_set_pieces_black
0  -0.145089 0.104906 0.264676  -0.481499 0.356428 0.800698  0.524153 0.856923
0  -0.142980 0.103473 0.271691  -0.803985 0.592185 -0.054080  0.525080 0.856011
0  -0.103949 0.142345 0.271727  -0.587802 0.807128 -0.055070  0.532684 0.861451
chess_set_pieces_black
0  -0.171086 0.055246 0.265102  -0.569096 0.194104 0.799033  0.518399 0.849134
0  -0.168722 0.054574 0.271763  -0.944941 0.321808 -0.059380  0.519495 0.848591
0  -0.142980 0.103473 0.271691  -0.803985 0.592185 -0.054080  0.525080 0.856011
chess_set_pieces_black
0  -0.180352 0.000074 0.265436  -0.601942 0.003281 0.798533  0.515423 0.840080
0  -0.177984 0.000058 0.271765  -0.997562 0.004433 -0.069652  0.516524 0.839906
0  -0.168722 0.054574 0.271763  -0.944941 0.321808 -0.059380  0.519495 0.848591
chess_set_pieces_black
0  -0.171375 -0.055284 0.265363  -0.571579 -0.187232 0.798900  0.515414 0.830574
0  -0.169088 -0.054641 0.271755  -0.948341 -0.306946 -0.080208  0.516562 0.830747
0  -0.177984 0.000058 0.271765  -0.997562 0.004433 -0.069652  0.516524 0.839906
chess_set_pieces_black
0  -0.145822 -0.105406 0.265146  -0.486889 -0.352177 0.799319  0.518382 0.821379
0  -0.144091 -0.104207 0.271720  -0.807373 -0.583617 -0.086831  0.519459 0.821929
0  -0.169088 -0.054641 0.271755  -0.948341 -0.306946 -0.080208  0.516562 0.830747
chess_set_pieces_black
0  -0.106010 -0.145331 0.265322  -0.357301 -0.481951 0.800037  0.524073 0.813619
0  -0.104939 -0.143708 0.271636  -0.590527 -0.802182 -0.088212  0.524846 0.814415
0  -0.144091 -0.104207 0.271720  -0.807373 -0.583617 -0.086831  0.519459 0.821929
chess_set_pieces_black
0  -0.056001 -0.171370 0.265513  -0.192037 -0.565332 0.802198  0.531747 0.808027
0  -0.055479 -0.169393 0.271773  -0.312522 -0.946496 -0.080467  0.532267 0.808988
0  -0.104939 -0.143708 0.271636  -0.590527 -0.802182 -0.088212  0.524846 0.814415
chess_set_pieces_black
0  -0.000576 -0.180487 0.265789  -0.002020 -0.592893 0.805279  0.540551 0.805174
0  -0.000586 -0.178107 0.271930  0.003720 -0.997985 -0.063342  0.540708 0.806233
0  -0.055479 -0.169393 0.271773  -0.312522 -0.946496 -0.080467  0.532267 0.808988
chess_set_pieces_black
0  0.054852 -0.171437 0.265632  0.189488 -0.561130 0.805746  0.549839 0.805298
0  0.054311 -0.169228 0.271903  0.316705 -0.947196 -0.050165  0.549661 0.806412
0  -0.000586 -0.178107 0.271930  0.003720 -0.997985 -0.063342  0.540708 0.806233
chess_set_pieces_black
0  0.104927 -0.145429 0.265181  0.355043 -0.477393 0.803767  0.558800 0.808461
0  0.103776 -0.143638 0.271834  0.591467 -0.804854 -0.048750  0.558194 0.809468
0  0.054311 -0.169228 0.271903  0.316705 -0.947196 -0.050165  0.549661 0.806412
chess_set_pieces_black
0  0.144621 -0.105377 0.265208  0.483236 -0.349436 0.802731  0.566759 0.814183
0  0.142918 -0.104203 0.271679  0.811839 -0.582510 -0.039998  0.565940 0.815030
0  0.103776 -0.143638 0.271834  0.591467 -0.804854 -0.048750  0.558194 0.809468
chess_set_pieces_black
0  0.170333 -0.055328 0.265225  0.566105 -0.186219 0.803024  0.572658 0.821950
0  0.167767 -0.054657 0.272000  0.951378 -0.307446 -0.018881  0.571631 0.822588
0  0.142918 -0.104203 0.271679  0.811839 -0.582510 -0.039998  0.565940 0.815030
chess_set_pieces_black
0  0.179238 0.000095 0.265442  0.595598 0.003214 0.803276  0.575851 0.830712
0  0.176554 0.000031 0.271926  0.999684 -0.002495 -0.025003  0.574723 0.830915
0  0.167767 -0.054657 0.272000  0.951378 -0.307446 -0.018881  0.571631 0.822588
chess_set_pieces_black
0  0.170048 0.055291 0.265063  0.565943 0.194847 0.801089  0.576104 0.840017
0  0.167586 0.054577 0.271814  0.947274 0.316793 -0.048110  0.574883 0.839857
0  0.176554 0.000031 0.271926  0.999684 -0.002495 -0.025003  0.574723 0.830915
chess_set_pieces_black
0  0.144070 0.104977 0.264677  0.481428 0.358401 0.799860  0.573277 0.849072
0  0.141882 0.103481 0.271749  0.803742 0.592416 -0.055157  0.572106 0.848505
0  0.167586 0.054577 0.271814  0.947274 0.316793 -0.048110  0.574883 0.839857
chess_set_pieces_black
0  0.104306 0.144475 0.264549  0.352948 0.485563 0.799785  0.567719 0.856949
0  0.102797 0.142335 0.271645  0.586116 0.808303 -0.055806  0.566764 0.855994
0  0.141882 0.103481 0.271749  0.803742 0.592416 -0.055157  0.572106 0.848505
chess_set_pieces_black
0  0.054545 0.170027 0.264827  0.189823 0.568980 0.800143  0.559930 0.862674
0  0.053762 0.167356 0.271761  0.311212 0.948623 -0.057118  0.559348 0.861527
0  0.102797 0.142335 0.271645  0.586116 0.808303 -0.055806  0.566764 0.855994
chess_set_pieces_black
0  -0.000597 0.179090 0.265026  0.002002 0.598177 0.801362  0.550889 0.865707
0  -0.000581 0.176203 0.271839  0.001158 0.998299 -0.058291  0.550692 0.864489
0  0.053762 0.167356 0.271761  0.311212 0.948623 -0.057118  0.559348 0.861527
chess_set_pieces_black
0  -0.054943 0.167551 0.271778  -0.313298 0.947889 -0.057886  0.703795 0.492144
0  -0.056271 0.171498 0.289632  -0.312674 0.948545 0.049982  0.700219 0.493826
0  -0.000583 0.180513 0.289639  0.000911 0.998860 0.047723  0.693862 0.484661
chess_set_pieces_black
0  -0.103949 0.142345 0.271727  -0.587802 0.807128 -0.055070  0.707179 0.503903
0  -0.106235 0.145442 0.289645  -0.588906 0.806677 0.049611  0.703425 0.504437
0  -0.056271 0.171498 0.289632  -0.312674 0.948545 0.049982  0.700219 0.493826
chess_set_pieces_black
0  -0.142980 0.103473 0.271691  -0.803985 0.592185 -0.054080  0.707178 0.516087
0  -0.146073 0.105744 0.289660  -0.804111 0.591999 0.054247  0.703295 0.515490
0  -0.106235 0.145442 0.289645  -0.588906 0.806677 0.049611  0.703425 0.504437
chess_set_pieces_black
0  -0.168722 0.054574 0.271763  -0.944941 0.321808 -0.059380  0.703465 0.527835
0  -0.172396 0.055808 0.289756  -0.945541 0.319059 0.064445  0.699917 0.526079
0  -0.146073 0.105744 0.289660  -0.804111 0.591999 0.054247  0.703295 0.515490
chess_set_pieces_black
0  -0.177984 0.000058 0.271765  -0.997562 0.004433 -0.069652  0.696304 0.537939
0  -0.182054 0.000035 0.289681  -0.997750 0.005586 0.066819  0.693462 0.535162
0  -0.172396 0.055808 0.289756  -0.945541 0.319059 0.064445  0.699917 0.526079
chess_set_pieces_black
0  -0.169088 -0.054641 0.271755  -0.948341 -0.306946 -0.080208  0.686247 0.545353
0  -0.173172 -0.056007 0.289513  -0.949765 -0.307162 0.059985  0.684411 0.541819
0  -0.182054 0.000035 0.289681  -0.997750 0.005586 0.066819  0.693462 0.535162
chess_set_pieces_black
0  -0.144091 -0.104207 0.271720  -0.807373 -0.583617 -0.086831  0.674301 0.549302
0  -0.147520 -0.106799 0.289609  -0.808938 -0.584975 0.058514  0.673630 0.545335
0  -0.173172 -0.056007 0.289513  -0.949765 -0.307162 0.059985  0.684411 0.541819
chess_set_pieces_black
0  -0.104939 -0.143708 0.271636  -0.590527 -0.802182 -0.088212  0.661644 0.549396
0  -0.107318 -0.146947 0.289607  -0.590606 -0.804575 0.061991  0.662250 0.545370
0  -0.147520 -0.106799 0.289609  -0.808938 -0.584975 0.058514  0.673630 0.545335
chess_set_pieces_black
0  -0.055479 -0.169393 0.271773  -0.312522 -0.946496 -0.080467  0.649388 0.545521
0  -0.056843 -0.173366 0.289569  -0.310883 -0.948173 0.065720  0.651345 0.541804
0  -0.107318 -0.146947 0.289607  -0.590606 -0.804575 0.061991  0.662250 0.545370
chess_set_pieces_black
0  -0.000586 -0.178107 0.271930  0.003720 -0.997985 -0.063342  0.639299 0.537632
0  -0.000638 -0.181800 0.289577  0.003919 -0.997729 0.067239  0.642200 0.534919
0  -0.056843 -0.173366 0.289569  -0.310883 -0.948173 0.065720  0.651345 0.541804
chess_set_pieces_black
0  0.054311 -0.169228 0.271903  0.316705 -0.947196 -0.050165  0.632223 0.527218
0  0.055481 -0.172581 0.289576  0.315146 -0.946679 0.066952  0.635749 0.525550
0  -0.000638 -0.181800 0.289577  0.003919 -0.997729 0.067239  0.642200 0.534919
chess_set_pieces_black
0  0.103776 -0.143638 0.271834  0.591467 -0.804854 -0.048750  0.628772 0.515260
0  0.105615 -0.146084 0.289673  0.590541 -0.804029 0.069268  0.632538 0.514728
0  0.055481 -0.172581 0.289576  0.315146 -0.946679 0.066952  0.635749 0.525550
chess_set_pieces_black
0  0.142918 -0.104203 0.271679  0.811839 -0.582510 -0.039998  0.628764 0.502767
0  0.145828 -0.106338 0.289773  0.811119 -0.580120 0.074474  0.632806 0.503498
0  0.105615 -0.146084 0.289673  0.590541 -0.804029 0.069268  0.632538 0.514728
chess_set_pieces_black
0  0.167767 -0.054657 0.272000  0.951378 -0.307446 -0.018881  0.633119 0.491095
0  0.170125 -0.055455 0.289662  0.949159 -0.305212 0.077091  0.636436 0.492865
0  0.145828 -0.106338 0.289773  0.811119 -0.580120 0.074474  0.632806 0.503498
chess_set_pieces_black
0  0.176554 0.000031 0.271926  0.999684 -0.002495 -0.025003  0.640363 0.481058
0  0.179847 -0.000004 0.289653  0.997252 -0.005293 0.073889  0.643136 0.483822
0  0.170125 -0.055455 0.289662  0.949159 -0.305212 0.077091  0.636436 0.492865
chess_set_pieces_black
0  0.167586 0.054577 0.271814  0.947274 0.316793 -0.048110  0.650480 0.473534
0  0.171336 0.055817 0.289667  0.947741 0.312671 0.063426  0.652315 0.477277
0  0.179847 -0.000004 0.289653  0.997252 -0.005293 0.073889  0.643136 0.483822
chess_set_pieces_black
0  0.141882 0.103481 0.271749  0.803742 0.592416 -0.055157  0.662666 0.470034
0  0.145084 0.105848 0.289634  0.804034 0.592146 0.053788  0.663165 0.474027
0  0.171336 0.055817 0.289667  0.947741 0.312671 0.063426  0.652315 0.477277
chess_set_pieces_black
0  0.102797 0.142335 0.271645  0.586116 0.808303 -0.055806  0.675133 0.470406
0  0.105200 0.145539 0.289676  0.587380 0.807831 0.048926  0.674386 0.474333
0  0.145084 0.105848 0.289634  0.804034 0.592146 0.053788  0.663165 0.474027
chess_set_pieces_black
0  0.053762 0.167356 0.271761  0.311212 0.948623 -0.057118  0.686728 0.474534
0  0.055092 0.171337 0.289575  0.312507 0.948807 0.045881  0.684947 0.477928
0  0.105200 0.145539 0.289676  0.587380 0.807831 0.048926  0.674386 0.474333
chess_set_pieces_black
0  -0.000581 0.176203 0.271839  0.001158 0.998299 -0.058291  0.696826 0.481793
0  -0.000583 0.180513 0.289639  0.000911 0.998860 0.047723  0.693862 0.484661
0  0.055092 0.171337 0.289575  0.312507 0.948807 0.045881  0.684947 0.477928
chess_set_pieces_black
0  -0.056271 0.171498 0.289632  -0.312674 0.948545 0.049982  0.700219 0.493826
0  -0.054464 0.165947 0.304388  -0.249383 0.757956 0.602753  0.697418 0.495207
0  -0.000568 0.174551 0.304333  -0.000544 0.797870 0.602829  0.691621 0.486818
chess_set_pieces_black
0  -0.106235 0.145442 0.289645  -0.588906 0.806677 0.049611  0.703425 0.504437
0  -0.102998 0.141054 0.304128  -0.472945 0.648625 0.596329  0.700386 0.504867
0  -0.054464 0.165947 0.304388  -0.249383 0.757956 0.602753  0.697418 0.495207
chess_set_pieces_black
0  -0.146073 0.105744 0.289660  -0.804111 0.591999 0.054247  0.703295 0.515490
0  -0.141640 0.102477 0.304163  -0.647583 0.475653 0.595308  0.700290 0.514985
0  -0.102998 0.141054 0.304128  -0.472945 0.648625 0.596329  0.700386 0.504867
chess_set_pieces_black
0  -0.172396 0.055808 0.289756  -0.945541 0.319059 0.064445  0.699917 0.526079
0  -0.166581 0.053942 0.304356  -0.755960 0.253734 0.603442  0.697156 0.524646
0  -0.141640 0.102477 0.304163  -0.647583 0.475653 0.595308  0.700290 0.514985
chess_set_pieces_black
0  -0.182054 0.000035 0.289681  -0.997750 0.005586 0.066819  0.693462 0.535162
0  -0.175539 0.000083 0.304815  -0.792292 0.006725 0.610105  0.691175 0.532877
0  -0.166581 0.053942 0.304356  -0.755960 0.253734 0.603442  0.697156 0.524646
chess_set_pieces_black
0  -0.173172 -0.056007 0.289513  -0.949765 -0.307162 0.059985  0.684411 0.541819
0  -0.167333 -0.054132 0.305198  -0.755090 -0.242104 0.609282  0.682884 0.538832
0  -0.175539 0.000083 0.304815  -0.792292 0.006725 0.610105  0.691175 0.532877
chess_set_pieces_black
0  -0.147520 -0.106799 0.289609  -0.808938 -0.584975 0.058514  0.673630 0.545335
0  -0.142433 -0.103047 0.305149  -0.643925 -0.465815 0.606941  0.673140 0.542028
0  -0.167333 -0.054132 0.305198  -0.755090 -0.242104 0.609282  0.682884 0.538832
chess_set_pieces_black
0  -0.107318 -0.146947 0.289607  -0.590606 -0.804575 0.061991  0.662250 0.545370
0  -0.103723 -0.141987 0.305142  -0.471159 -0.640906 0.606011  0.662807 0.542062
0  -0.142433 -0.103047 0.305149  -0.643925 -0.465815 0.606941  0.673140 0.542028
chess_set_pieces_black
0  -0.056843 -0.173366 0.289569  -0.310883 -0.948173 0.065720  0.651345 0.541804
0  -0.054830 -0.167235 0.305515  -0.248210 -0.756078 0.605589  0.652925 0.538774
0  -0.103723 -0.141987 0.305142  -0.471159 -0.640906 0.606011  0.662807 0.542062
chess_set_pieces_black
0  -0.000638 -0.181800 0.289577  0.003919 -0.997729 0.067239  0.642200 0.534919
0  -0.000597 -0.175750 0.305415  0.002688 -0.799612 0.600511  0.644622 0.532538
0  -0.054830 -0.167235 0.305515  -0.248210 -0.756078 0.605589  0.652925 0.538774
chess_set_pieces_black
0  0.055481 -0.172581 0.289576  0.315146 -0.946679 0.066952  0.635749 0.525550
0  0.053708 -0.167147 0.305243  0.254937 -0.762341 0.594847  0.638710 0.524089
0  -0.000597 -0.175750 0.305415  0.002688 -0.799612 0.600511  0.644622 0.532538
chess_set_pieces_black
0  0.105615 -0.146084 0.289673  0.590541 -0.804029 0.069268  0.632538 0.514728
0  0.102471 -0.141713 0.304679  0.477827 -0.646263 0.595000  0.635714 0.514285
0  0.053708 -0.167147 0.305243  0.254937 -0.762341 0.594847  0.638710 0.524089
chess_set_pieces_black
0  0.145828 -0.106338 0.289773  0.811119 -0.580120 0.074474  0.632806 0.503498
0  0.140882 -0.102737 0.304711  0.653205 -0.465056 0.597534  0.635917 0.504038
0  0.102471 -0.141713 0.304679  0.477827 -0.646263 0.595000  0.635714 0.514285
chess_set_pieces_black
0  0.170125 -0.055455 0.289662  0.949159 -0.305212 0.077091  0.636436 0.492865
0  0.165295 -0.053896 0.304167  0.766392 -0.245569 0.593581  0.639183 0.494315
0  0.140882 -0.102737 0.304711  0.653205 -0.465056 0.597534  0.635917 0.504038
chess_set_pieces_black
0  0.179847 -0.000004 0.289653  0.997252 -0.005293 0.073889  0.643136 0.483822
0  0.174042 0.000002 0.304431  0.801096 -0.004528 0.598519  0.645327 0.486096
0  0.165295 -0.053896 0.304167  0.766392 -0.245569 0.593581  0.639183 0.494315
chess_set_pieces_black
0  0.171336 0.055817 0.289667  0.947741 0.312671 0.063426  0.652315 0.477277
0  0.165565 0.053966 0.304491  0.758746 0.248515 0.602117  0.653715 0.480120
0  0.174042 0.000002 0.304431  0.801096 -0.004528 0.598519  0.645327 0.486096
chess_set_pieces_black
0  0.145084 0.105848 0.289634  0.804034 0.592146 0.053788  0.663165 0.474027
0  0.140544 0.102532 0.304227  0.646624 0.475548 0.596432  0.663583 0.477144
0  0.165565 0.053966 0.304491  0.758746 0.248515 0.602117  0.653715 0.480120
chess_set_pieces_black
0  0.105200 0.145539 0.289676  0.587380 0.807831 0.048926  0.674386 0.474333
0  0.101826 0.140888 0.304039  0.474121 0.650769 0.593051  0.673837 0.477344
0  0.140544 0.102532 0.304227  0.646624 0.475548 0.596432  0.663583 0.477144
chess_set_pieces_black
0  0.055092 0.171337 0.289575  0.312507 0.948807 0.045881  0.684947 0.477928
0  0.053338 0.166097 0.304372  0.250783 0.762002 0.597044  0.683476 0.480714
0  0.101826 0.140888 0.304039  0.474121 0.650769 0.593051  0.673837 0.477344
chess_set_pieces_black
0  -0.000583 0.180513 0.289639  0.000911 0.998860 0.047723  0.693862 0.484661
0  -0.000568 0.174551 0.304333  -0.000544 0.797870 0.602829  0.691621 0.486818
0  0.053338 0.166097 0.304372  0.250783 0.762002 0.597044  0.683476 0.480714
chess_set_pieces_black
0  -0.054464 0.165947 0.304388  -0.249383 0.757956 0.602753  0.697418 0.495207
0  -0.049900 0.151842 0.316387  -0.169579 0.518235 0.838257  0.694241 0.496774
0  -0.000578 0.159733 0.316513  -0.001343 0.542902 0.839795  0.689043 0.489313
chess_set_pieces_black
0  -0.102998 0.141054 0.304128  -0.472945 0.648625 0.596329  0.700386 0.504867
0  -0.094411 0.129193 0.316374  -0.322083 0.444599 0.835819  0.696893 0.505398
0  -0.049900 0.151842 0.316387  -0.169579 0.518235 0.838257  0.694241 0.496774
chess_set_pieces_black
0  -0.141640 0.102477 0.304163  -0.647583 0.475653 0.595308  0.700290 0.514985
0  -0.129865 0.093961 0.316549  -0.443046 0.326213 0.835042  0.696798 0.514409
0  -0.094411 0.129193 0.316374  -0.322083 0.444599 0.835819  0.696893 0.505398
chess_set_pieces_black
0  -0.166581 0.053942 0.304356  -0.755960 0.253734 0.603442  0.697156 0.524646
0  -0.152684 0.049426 0.316702  -0.518863 0.173841 0.836995  0.693984 0.523027
0  -0.129865 0.093961 0.316549  -0.443046 0.326213 0.835042  0.696798 0.514409
chess_set_pieces_black
0  -0.175539 0.000083 0.304815  -0.792292 0.006725 0.610105  0.691175 0.532877
0  -0.160500 0.000045 0.316897  -0.541031 0.005878 0.840982  0.688617 0.530343
0  -0.152684 0.049426 0.316702  -0.518863 0.173841 0.836995  0.693984 0.523027
chess_set_pieces_black
0  -0.167333 -0.054132 0.305198  -0.755090 -0.242104 0.609282  0.682884 0.538832
0  -0.152801 -0.049444 0.317112  -0.511483 -0.162135 0.843858  0.681234 0.535642
0  -0.160500 0.000045 0.316897  -0.541031 0.005878 0.840982  0.688617 0.530343
chess_set_pieces_black
0  -0.142433 -0.103047 0.305149  -0.643925 -0.465815 0.606941  0.673140 0.542028
0  -0.130108 -0.094084 0.317176  -0.436641 -0.313837 0.843120  0.672574 0.538439
0  -0.152801 -0.049444 0.317112  -0.511483 -0.162135 0.843858  0.681234 0.535642
chess_set_pieces_black
0  -0.103723 -0.141987 0.305142  -0.471159 -0.640906 0.606011  0.662807 0.542062
0  -0.094774 -0.129633 0.317415  -0.319539 -0.432114 0.843311  0.663422 0.538424
0  -0.130108 -0.094084 0.317176  -0.436641 -0.313837 0.843120  0.672574 0.538439
chess_set_pieces_black
0  -0.054830 -0.167235 0.305515  -0.248210 -0.756078 0.605589  0.652925 0.538774
0  -0.050080 -0.152481 0.317658  -0.167676 -0.507248 0.845331  0.654680 0.535499
0  -0.094774 -0.129633 0.317415  -0.319539 -0.432114 0.843311  0.663422 0.538424
chess_set_pieces_black
0  -0.000597 -0.175750 0.305415  0.002688 -0.799612 0.600511  0.644622 0.532538
0  -0.000581 -0.160364 0.317733  0.000778 -0.534334 0.845273  0.647307 0.529979
0  -0.050080 -0.152481 0.317658  -0.167676 -0.507248 0.845331  0.654680 0.535499
chess_set_pieces_black
0  0.053708 -0.167147 0.305243  0.254937 -0.762341 0.594847  0.638710 0.524089
0  0.048954 -0.152490 0.317646  0.171521 -0.511638 0.841907  0.642035 0.522469
0  -0.000581 -0.160364 0.317733  0.000778 -0.534334 0.845273  0.647307 0.529979
chess_set_pieces_black
0  0.102471 -0.141713 0.304679  0.477827 -0.646263 0.595000  0.635714 0.514285
0  0.093592 -0.129532 0.317219  0.327664 -0.439274 0.836466  0.639338 0.513748
0  0.048954 -0.152490 0.317646  0.171521 -0.511638 0.841907  0.642035 0.522469
chess_set_pieces_black
0  0.140882 -0.102737 0.304711  0.653205 -0.465056 0.597534  0.635917 0.504038
0  0.128837 -0.093979 0.316830  0.452227 -0.320398 0.832367  0.639463 0.504620
0  0.093592 -0.129532 0.317219  0.327664 -0.439274 0.836466  0.639338 0.513748
chess_set_pieces_black
0  0.165295 -0.053896 0.304167  0.766392 -0.245569 0.593581  0.639183 0.494315
0  0.151416 -0.049358 0.316569  0.530890 -0.169125 0.830393  0.642385 0.495966
0  0.128837 -0.093979 0.316830  0.452227 -0.320398 0.832367  0.639463 0.504620
chess_set_pieces_black
0  0.174042 0.000002 0.304431  0.801096 -0.004528 0.598519  0.645327 0.486096
0  0.159213 0.000001 0.316620  0.553061 -0.000548 0.833140  0.647845 0.488674
0  0.151416 -0.049358 0.316569  0.530890 -0.169125 0.830393  0.642385 0.495966
chess_set_pieces_black
0  0.165565 0.053966 0.304491  0.758746 0.248515 0.602117  0.653715 0.480120
0  0.151450 0.049387 0.316685  0.521048 0.171349 0.836151  0.655312 0.483368
0  0.159213 0.000001 0.316620  0.553061 -0.000548 0.833140  0.647845 0.488674
chess_set_pieces_black
0  0.140544 0.102532 0.304227  0.646624 0.475548 0.596432  0.663583 0.477144
0  0.128744 0.093942 0.316598  0.442505 0.325424 0.835636  0.664092 0.480692
0  0.151450 0.049387 0.316685  0.521048 0.171349 0.836151  0.655312 0.483368
chess_set_pieces_black
0  0.101826 0.140888 0.304039  0.474121 0.650769 0.593051  0.673837 0.477344
0  0.093374 0.129329 0.316574  0.322740 0.444095 0.835834  0.673208 0.480863
0  0.128744 0.093942 0.316598  0.442505 0.325424 0.835636  0.664092 0.480692
chess_set_pieces_black
0  0.053338 0.166097 0.304372  0.250783 0.762002 0.597044  0.683476 0.480714
0  0.048788 0.151993 0.316631  0.168753 0.517587 0.838824  0.681770 0.483856
0  0.093374 0.129329 0.316574  0.322740 0.444095 0.835834  0.673208 0.480863
chess_set_pieces_black
0  -0.000568 0.174551 0.304333  -0.000544 0.797870 0.602829  0.691621 0.486818
0  -0.000578 0.159733 0.316513  -0.001343 0.542902 0.839795  0.689043 0.489313
0  0.048788 0.151993 0.316631  0.168753 0.517587 0.838824  0.681770 0.483856
chess_set_pieces_black
0  -0.049900 0.151842 0.316387  -0.169579 0.518235 0.838257  0.694241 0.496774
0  -0.041650 0.126466 0.330944  -0.181496 0.560118 0.808286  0.689328 0.499133
0  -0.000563 0.132920 0.330895  -0.000780 0.585825 0.810437  0.685085 0.493106
chess_set_pieces_black
0  -0.094411 0.129193 0.316374  -0.322083 0.444599 0.835819  0.696893 0.505398
0  -0.078739 0.107611 0.330998  -0.345534 0.479507 0.806647  0.691501 0.506149
0  -0.041650 0.126466 0.330944  -0.181496 0.560118 0.808286  0.689328 0.499133
chess_set_pieces_black
0  -0.129865 0.093961 0.316549  -0.443046 0.326213 0.835042  0.696798 0.514409
0  -0.108175 0.078194 0.331033  -0.476411 0.351025 0.806111  0.691422 0.513491
0  -0.078739 0.107611 0.330998  -0.345534 0.479507 0.806647  0.691501 0.506149
chess_set_pieces_black
0  -0.152684 0.049426 0.316702  -0.518863 0.173841 0.836995  0.693984 0.523027
0  -0.127179 0.041163 0.331163  -0.562288 0.187576 0.805386  0.689121 0.520496
0  -0.108175 0.078194 0.331033  -0.476411 0.351025 0.806111  0.691422 0.513491
chess_set_pieces_black
0  -0.160500 0.000045 0.316897  -0.541031 0.005878 0.840982  0.688617 0.530343
0  -0.133925 0.000035 0.331211  -0.594010 0.004698 0.804444  0.684806 0.526472
0  -0.127179 0.041163 0.331163  -0.562288 0.187576 0.805386  0.689121 0.520496
chess_set_pieces_black
0  -0.152801 -0.049444 0.317112  -0.511483 -0.162135 0.843858  0.681234 0.535642
0  -0.127498 -0.041227 0.331337  -0.567097 -0.179670 0.803816  0.678819 0.530798
0  -0.133925 0.000035 0.331211  -0.594010 0.004698 0.804444  0.684806 0.526472
chess_set_pieces_black
0  -0.130108 -0.094084 0.317176  -0.436641 -0.313837 0.843120  0.672574 0.538439
0  -0.108650 -0.078500 0.331478  -0.484675 -0.346704 0.803048  0.671764 0.533066
0  -0.127498 -0.041227 0.331337  -0.567097 -0.179670 0.803816  0.678819 0.530798
chess_set_pieces_black
0  -0.094774 -0.129633 0.317415  -0.319539 -0.432114 0.843311  0.663422 0.538424
0  -0.079166 -0.108148 0.331593  -0.353068 -0.479044 0.803654  0.664300 0.533043
0  -0.108650 -0.078500 0.331478  -0.484675 -0.346704 0.803048  0.671764 0.533066
chess_set_pieces_black
0  -0.050080 -0.152481 0.317658  -0.167676 -0.507248 0.845331  0.654680 0.535499
0  -0.041867 -0.127186 0.331617  -0.185235 -0.563533 0.805058  0.657198 0.530654
0  -0.079166 -0.108148 0.331593  -0.353068 -0.479044 0.803654  0.664300 0.533043
chess_set_pieces_black
0  -0.000581 -0.160364 0.317733  0.000778 -0.534334 0.845273  0.647307 0.529979
0  -0.000567 -0.133718 0.331612  0.000175 -0.592064 0.805891  0.651228 0.526173
0  -0.041867 -0.127186 0.331617  -0.185235 -0.563533 0.805058  0.657198 0.530654
chess_set_pieces_black
0  0.048954 -0.152490 0.317646  0.171521 -0.511638 0.841907  0.642035 0.522469
0  0.040701 -0.127188 0.331629  0.185901 -0.563280 0.805081  0.646923 0.520101
0  -0.000567 -0.133718 0.331612  0.000175 -0.592064 0.805891  0.651228 0.526173
chess_set_pieces_black
0  0.093592 -0.129532 0.317219  0.327664 -0.439274 0.836466  0.639338 0.513748
0  0.078069 -0.108234 0.331675  0.354954 -0.479971 0.802269  0.644694 0.512988
0  0.040701 -0.127188 0.331629  0.185901 -0.563280 0.805081  0.646923 0.520101
chess_set_pieces_black
0  0.128837 -0.093979 0.316830  0.452227 -0.320398 0.832367  0.639463 0.504620
0  0.107574 -0.078566 0.331668  0.489188 -0.348246 0.799637  0.644851 0.505549
0  0.078069 -0.108234 0.331675  0.354954 -0.479971 0.802269  0.644694 0.512988
chess_set_pieces_black
0  0.151416 -0.049358 0.316569  0.530890 -0.169125 0.830393  0.642385 0.495966
0  0.126480 -0.041242 0.331509  0.572788 -0.181860 0.799275  0.647221 0.498500
0  0.107574 -0.078566 0.331668  0.489188 -0.348246 0.799637  0.644851 0.505549
chess_set_pieces_black
0  0.159213 0.000001 0.316620  0.553061 -0.000548 0.833140  0.647845 0.488674
0  0.132865 0.000032 0.331373  0.597605 0.002616 0.801787  0.651675 0.492553
0  0.126480 -0.041242 0.331509  0.572788 -0.181860 0.799275  0.647221 0.498500
chess_set_pieces_black
0  0.151450 0.049387 0.316685  0.521048 0.171349 0.836151  0.655312 0.483368
0  0.126140 0.041191 0.331191  0.563213 0.186570 0.804974  0.657765 0.488290
0  0.132865 0.000032 0.331373  0.597605 0.002616 0.801787  0.651675 0.492553
chess_set_pieces_black
0  0.128744 0.093942 0.316598  0.442505 0.325424 0.835636  0.664092 0.480692
0  0.107068 0.078217 0.331018  0.475656 0.349687 0.807138  0.664877 0.486130
0  0.126140 0.041191 0.331191  0.563213 0.186570 0.804974  0.657765 0.488290
chess_set_pieces_black
0  0.093374 0.129329 0.316574  0.322740 0.444095 0.835834  0.673208 0.480863
0  0.077563 0.107556 0.330908  0.343822 0.476267 0.809294  0.672262 0.486277
0  0.107068 0.078217 0.331018  0.475656 0.349687 0.807138  0.664877 0.486130
chess_set_pieces_black
0  0.048788 0.151993 0.316631  0.168753 0.517587 0.838824  0.681770 0.483856
0  0.040491 0.126395 0.330866  0.179775 0.556765 0.810983  0.679192 0.488696
0  0.077563 0.107556 0.330908  0.343822 0.476267 0.809294  0.672262 0.486277
chess_set_pieces_black
0  -0.000578 0.159733 0.316513  -0.001343 0.542902 0.839795  0.689043 0.489313
0  -0.000563 0.132920 0.330895  -0.000780 0.585825 0.810437  0.685085 0.493106
0  0.040491 0.126395 0.330866  0.179775 0.556765 0.810983  0.679192 0.488696
chess_set_pieces_black
0  -0.041650 0.126466 0.330944  -0.181496 0.560118 0.808286  0.990900 0.290008
0  -0.038658 0.117265 0.343572  -0.274173 0.855146 0.439948  0.988100 0.289892
0  -0.000568 0.123253 0.343550  0.000392 0.897624 0.440762  0.988195 0.282752
chess_set_pieces_black
0  -0.078739 0.107611 0.330998  -0.345534 0.479507 0.806647  0.990449 0.297257
0  -0.073126 0.099910 0.343655  -0.524045 0.731036 0.436994  0.987617 0.297020
0  -0.038658 0.117265 0.343572  -0.274173 0.855146 0.439948  0.988100 0.289892
chess_set_pieces_black
0  -0.108175 0.078194 0.331033  -0.476411 0.351025 0.806111  0.989624 0.304551
0  -0.100637 0.072741 0.343755  -0.725023 0.535702 0.432857  0.986802 0.304167
0  -0.073126 0.099910 0.343655  -0.524045 0.731036 0.436994  0.987617 0.297020
chess_set_pieces_black
0  -0.127179 0.041163 0.331163  -0.562288 0.187576 0.805386  0.988404 0.311841
0  -0.118484 0.038355 0.343880  -0.856322 0.286842 0.429458  0.985610 0.311306
0  -0.100637 0.072741 0.343755  -0.725023 0.535702 0.432857  0.986802 0.304167
chess_set_pieces_black
0  -0.133925 0.000035 0.331211  -0.594010 0.004698 0.804444  0.986793 0.319107
0  -0.124844 0.000052 0.344015  -0.904184 0.007300 0.427081  0.984016 0.318409
0  -0.118484 0.038355 0.343880  -0.856322 0.286842 0.429458  0.985610 0.311306
chess_set_pieces_black
0  -0.127498 -0.041227 0.331337  -0.567097 -0.179670 0.803816  0.984718 0.326311
0  -0.118973 -0.038454 0.344123  -0.863008 -0.273185 0.424956  0.981993 0.325445
0  -0.124844 0.000052 0.344015  -0.904184 0.007300 0.427081  0.984016 0.318409
chess_set_pieces_black
0  -0.108650 -0.078500 0.331478  -0.484675 -0.346704 0.803048  0.982165 0.333404
0  -0.101527 -0.073315 0.344207  -0.736398 -0.527546 0.423572  0.979521 0.332360
0  -0.118973 -0.038454 0.344123  -0.863008 -0.273185 0.424956  0.981993 0.325445
chess_set_pieces_black
0  -0.079166 -0.108148 0.331593  -0.353068 -0.479044 0.803654  0.979103 0.340327
0  -0.074057 -0.101085 0.344307  -0.535585 -0.730893 0.423017  0.976560 0.339084
0  -0.101527 -0.073315 0.344207  -0.736398 -0.527546 0.423572  0.979521 0.332360
chess_set_pieces_black
0  -0.041867 -0.127186 0.331617  -0.185235 -0.563533 0.805058  0.975454 0.346989
0  -0.039211 -0.118976 0.344363  -0.281141 -0.861433 0.422956  0.973055 0.345504
0  -0.074057 -0.101085 0.344307  -0.535585 -0.730893 0.423017  0.976560 0.339084
chess_set_pieces_black
0  -0.000567 -0.133718 0.331612  0.000175 -0.592064 0.805891  0.971079 0.353176
0  -0.000574 -0.125118 0.344384  0.001737 -0.905634 0.424056  0.968951 0.351371
0  -0.039211 -0.118976 0.344363  -0.281141 -0.861433 0.422956  0.973055 0.345504
chess_set_pieces_black
0  0.040701 -0.127188 0.331629  0.185901 -0.563280 0.805081  0.974471 0.220004
0  0.038135 -0.118863 0.344347  0.283335 -0.858545 0.427342  0.972173 0.221475
0  -0.000574 -0.125118 0.344384  0.001737 -0.905634 0.424056  0.968183 0.215828
chess_set_pieces_black
0  0.078069 -0.108234 0.331675  0.354954 -0.479971 0.802269  0.978064 0.226409
0  0.072777 -0.100895 0.344310  0.535242 -0.725676 0.432330  0.975610 0.227646
0  0.038135 -0.118863 0.344347  0.283335 -0.858545 0.427342  0.972173 0.221475
chess_set_pieces_black
0  0.107574 -0.078566 0.331668  0.489188 -0.348246 0.799637  0.981053 0.233027
0  0.100132 -0.073147 0.344188  0.732162 -0.522748 0.436663  0.978556 0.234074
0  0.072777 -0.100895 0.344310  0.535242 -0.725676 0.432330  0.975610 0.227646
chess_set_pieces_black
0  0.126480 -0.041242 0.331509  0.572788 -0.181860 0.799275  0.983658 0.239777
0  0.117548 -0.038335 0.344095  0.856431 -0.271565 0.439065  0.981046 0.240706
0  0.100132 -0.073147 0.344188  0.732162 -0.522748 0.436663  0.978556 0.234074
chess_set_pieces_black
0  0.132865 0.000032 0.331373  0.597605 0.002616 0.801787  0.985844 0.246683
0  0.123443 0.000026 0.343985  0.898230 0.005503 0.439492  0.983163 0.247463
0  0.117548 -0.038335 0.344095  0.856431 -0.271565 0.439065  0.981046 0.240706
chess_set_pieces_black
0  0.126140 0.041191 0.331191  0.563213 0.186570 0.804974  0.987645 0.253714
0  0.117232 0.038291 0.343846  0.853017 0.282778 0.438634  0.984915 0.254349
0  0.123443 0.000026 0.343985  0.898230 0.005503 0.439492  0.983163 0.247463
chess_set_pieces_black
0  0.107068 0.078217 0.331018  0.475656 0.349687 0.807138  0.989076 0.260842
0  0.099516 0.072727 0.343764  0.724133 0.532652 0.438080  0.986295 0.261339
0  0.117232 0.038291 0.343846  0.853017 0.282778 0.438634  0.984915 0.254349
chess_set_pieces_black
0  0.077563 0.107556 0.330908  0.343822 0.476267 0.809294  0.990145 0.268065
0  0.072025 0.099943 0.343673  0.524286 0.729841 0.438699  0.987311 0.268419
0  0.099516 0.072727 0.343764  0.724133 0.532652 0.438080  0.986295 0.261339
chess_set_pieces_black
0  0.040491 0.126395 0.330866  0.179775 0.556765 0.810983  0.990830 0.275395
0  0.037533 0.117300 0.343585  0.274967 0.854891 0.439948  0.987926 0.275577
0  0.072025 0.099943 0.343673  0.524286 0.729841 0.438699  0.987311 0.268419
chess_set_pieces_black
0  -0.000563 0.132920 0.330895  -0.000780 0.585825 0.810437  0.991058 0.282748
0  -0.000568 0.123253 0.343550  0.000392 0.897624 0.440762  0.988195 0.282752
0  0.037533 0.117300 0.343585  0.274967 0.854891 0.439948  0.987926 0.275577
chess_set_pieces_black
0  0.064741 -0.089829 0.379584  0.568879 -0.768357 0.293264  0.969352 0.230751
0  0.089031 -0.065078 0.379472  0.778723 -0.554797 0.292902  0.971994 0.236795
0  0.079043 -0.057702 0.430707  0.802303 -0.573920 0.164093  0.962465 0.240535
chess_set_pieces_black
0  0.033291 0.104216 0.379108  0.293457 0.910442 0.291511  0.980631 0.276069
0  -0.000561 0.109566 0.379099  0.000797 0.956850 0.290583  0.980870 0.282860
0  -0.000555 0.097232 0.430506  0.000833 0.986208 0.165508  0.970146 0.282971
chess_set_pieces_black
0  -0.090660 -0.065419 0.379663  -0.777524 -0.557639 0.290682  0.972727 0.329660
0  -0.066133 -0.090176 0.379722  -0.564864 -0.771857 0.291830  0.970071 0.335895
0  -0.058743 -0.079984 0.430836  -0.582007 -0.795185 0.170145  0.960731 0.331625
chess_set_pieces_black
0  -0.065128 0.088920 0.379202  -0.556483 0.778530 0.290203  0.980322 0.296419
0  -0.089682 0.064800 0.379298  -0.768760 0.569923 0.290165  0.979539 0.303187
0  -0.079599 0.057484 0.430612  -0.792086 0.586962 0.167558  0.968942 0.301704
chess_set_pieces_black
0  0.104494 -0.034093 0.379381  0.911685 -0.288382 0.292688  0.974342 0.243023
0  0.109697 0.000027 0.379327  0.956106 0.005899 0.292961  0.976275 0.249440
0  0.097264 0.000027 0.430610  0.986716 0.006546 0.162319  0.966138 0.252149
chess_set_pieces_black
0  -0.035016 -0.106080 0.379744  -0.296247 -0.909153 0.292709  0.966999 0.341803
0  -0.000571 -0.111478 0.379729  0.002689 -0.956015 0.293306  0.963511 0.347276
0  -0.000584 -0.098944 0.430841  0.001518 -0.985675 0.168651  0.955507 0.342133
chess_set_pieces_black
0  -0.105647 0.034203 0.379402  -0.907059 0.305123 0.290075  0.978399 0.309937
0  -0.111406 0.000120 0.379503  -0.957011 0.008837 0.289916  0.976898 0.316623
0  -0.098905 0.000015 0.430735  -0.985566 0.009005 0.169050  0.966587 0.314028
chess_set_pieces_black
0  0.104125 0.034036 0.379276  0.907540 0.300646 0.293228  0.977874 0.255970
0  0.088339 0.064613 0.379224  0.770046 0.566589 0.293268  0.979134 0.262595
0  0.078264 0.057291 0.430537  0.793366 0.586281 0.163843  0.968652 0.264302
chess_set_pieces_black
0  0.033886 -0.105860 0.379679  0.300920 -0.907372 0.293466  0.966313 0.225066
0  0.064741 -0.089829 0.379584  0.568879 -0.768357 0.293264  0.969352 0.230751
0  0.057397 -0.079740 0.430760  0.585127 -0.793815 0.165782  0.960227 0.234997
chess_set_pieces_black
0  -0.106243 -0.034320 0.379586  -0.912530 -0.288510 0.289916  0.975007 0.323238
0  -0.090660 -0.065419 0.379663  -0.777524 -0.557639 0.290682  0.972727 0.329660
0  -0.080507 -0.058049 0.430818  -0.800524 -0.574641 0.170140  0.962978 0.325966
chess_set_pieces_black
0  -0.034436 0.104296 0.379127  -0.291610 0.911464 0.290166  0.980768 0.289646
0  -0.065128 0.088920 0.379202  -0.556483 0.778530 0.290203  0.980322 0.296419
0  -0.057819 0.078868 0.430556  -0.573789 0.801846 0.166761  0.969668 0.295474
chess_set_pieces_black
0  0.063908 0.088762 0.379158  0.558165 0.776397 0.292675  0.980055 0.269303
0  0.033291 0.104216 0.379108  0.293457 0.910442 0.291511  0.980631 0.276069
0  0.029483 0.092462 0.430500  0.302792 0.938636 0.165165  0.969942 0.276719
chess_set_pieces_black
0  0.089031 -0.065078 0.379472  0.778723 -0.554797 0.292902  0.971994 0.236795
0  0.104494 -0.034093 0.379381  0.911685 -0.288382 0.292688  0.974342 0.243023
0  0.092704 -0.030257 0.430652  0.940495 -0.298284 0.162774  0.964438 0.246255
chess_set_pieces_black
0  -0.066133 -0.090176 0.379722  -0.564864 -0.771857 0.291830  0.970071 0.335895
0  -0.035016 -0.106080 0.379744  -0.296247 -0.909153 0.292709  0.966999 0.341803
0  -0.031138 -0.094115 0.430854  -0.306333 -0.936697 0.169581  0.958228 0.337058
chess_set_pieces_black
0  -0.089682 0.064800 0.379298  -0.768760 0.569923 0.290165  0.979539 0.303187
0  -0.105647 0.034203 0.379402  -0.907059 0.305123 0.290075  0.978399 0.309937
0  -0.093776 0.030356 0.430672  -0.934422 0.313911 0.168271  0.967905 0.307887
chess_set_pieces_black
0  0.109697 0.000027 0.379327  0.956106 0.005899 0.292961  0.976275 0.249440
0  0.104125 0.034036 0.379276  0.907540 0.300646 0.293228  0.977874 0.255970
0  0.092290 0.030188 0.430574  0.935993 0.312099 0.162824  0.967560 0.258171
chess_set_pieces_black
0  -0.000571 -0.111478 0.379729  0.002689 -0.956015 0.293306  0.962962 0.219793
0  0.033886 -0.105860 0.379679  0.300920 -0.907372 0.293466  0.966313 0.225066
0  0.030014 -0.093958 0.430806  0.308711 -0.936309 0.167399  0.957781 0.229705
chess_set_pieces_black
0  -0.111406 0.000120 0.379503  -0.957011 0.008837 0.289916  0.976898 0.316623
0  -0.106243 -0.034320 0.379586  -0.912530 -0.288510 0.289916  0.975007 0.323238
0  -0.094360 -0.030451 0.430773  -0.939510 -0.297544 0.169673  0.964939 0.320064
chess_set_pieces_black
0  -0.000561 0.109566 0.379099  0.000797 0.956850 0.290583  0.980870 0.282860
0  -0.034436 0.104296 0.379127  -0.291610 0.911464 0.290166  0.980768 0.289646
0  -0.030610 0.092532 0.430521  -0.301140 0.939022 0.165990  0.970038 0.289223
chess_set_pieces_black
0  0.092290 0.030188 0.430574  0.935993 0.312099 0.162824  0.967560 0.258171
0  0.078264 0.057291 0.430537  0.793366 0.586281 0.163843  0.968652 0.264302
0  0.069606 0.051007 0.521388  0.799737 0.594261 0.085290  0.950426 0.267039
chess_set_pieces_black
0  -0.030610 0.092532 0.430521  -0.301140 0.939022 0.165990  0.970038 0.289223
0  -0.057819 0.078868 0.430556  -0.573789 0.801846 0.166761  0.969668 0.295474
0  -0.051280 0.069840 0.521351  -0.579659 0.810532 0.083862  0.951147 0.293843
chess_set_pieces_black
0  -0.058743 -0.079984 0.430836  -0.582007 -0.795185 0.170145  0.960731 0.331625
0  -0.031138 -0.094115 0.430854  -0.306333 -0.936697 0.169581  0.958228 0.337058
0  -0.027666 -0.083318 0.521459  -0.310652 -0.946711 0.085046  0.942378 0.330113
chess_set_pieces_black
0  0.097264 0.000027 0.430610  0.986716 0.006546 0.162319  0.966138 0.252149
0  0.092290 0.030188 0.430574  0.935993 0.312099 0.162824  0.967560 0.258171
0  0.082337 0.026950 0.521421  0.944502 0.317450 0.084510  0.949564 0.261744
chess_set_pieces_black
0  -0.000555 0.097232 0.430506  0.000833 0.986208 0.165508  0.970146 0.282971
0  -0.030610 0.092532 0.430521  -0.301140 0.939022 0.165990  0.970038 0.289223
0  -0.027189 0.081994 0.521327  -0.304099 0.948921 0.084102  0.951476 0.288459
chess_set_pieces_black
0  -0.080507 -0.058049 0.430818  -0.800524 -0.574641 0.170140  0.962978 0.325966
0  -0.058743 -0.079984 0.430836  -0.582007 -0.795185 0.170145  0.960731 0.331625
0  -0.051988 -0.070776 0.521436  -0.588735 -0.803825 0.085189  0.944198 0.325236
chess_set_pieces_black
0  0.092704 -0.030257 0.430652  0.940495 -0.298284 0.162774  0.964438 0.246255
0  0.097264 0.000027 0.430610  0.986716 0.006546 0.162319  0.966138 0.252149
0  0.086854 0.000011 0.521430  0.996423 0.006656 0.084240  0.948472 0.256504
chess_set_pieces_black
0  -0.094360 -0.030451 0.430773  -0.939510 -0.297544 0.169673  0.964939 0.320064
0  -0.080507 -0.058049 0.430818  -0.800524 -0.574641 0.170140  0.962978 0.325966
0  -0.071252 -0.051308 0.521430  -0.809051 -0.581575 0.084900  0.945864 0.320207
chess_set_pieces_black
0  0.079043 -0.057702 0.430707  0.802303 -0.573920 0.164093  0.962465 0.240535
0  0.092704 -0.030257 0.430652  0.940495 -0.298284 0.162774  0.964438 0.246255
0  0.082681 -0.027022 0.521448  0.949466 -0.302237 0.084658  0.947163 0.251345
chess_set_pieces_black
0  -0.098905 0.000015 0.430735  -0.985566 0.009005 0.169050  0.966587 0.314028
0  -0.094360 -0.030451 0.430773  -0.939510 -0.297544 0.169673  0.964939 0.320064
0  -0.083455 -0.026904 0.521438  -0.949915 -0.300810 0.084705  0.947368 0.315076
chess_set_pieces_black
0  0.057397 -0.079740 0.430760  0.585127 -0.793815 0.165782  0.960227 0.234997
0  0.079043 -0.057702 0.430707  0.802303 -0.573920 0.164093  0.962465 0.240535
0  0.070343 -0.051477 0.521452  0.809582 -0.580795 0.085165  0.945640 0.246283
chess_set_pieces_black
0  0.029483 0.092462 0.430500  0.302792 0.938636 0.165165  0.969942 0.276719
0  -0.000555 0.097232 0.430506  0.000833 0.986208 0.165508  0.970146 0.282971
0  -0.000559 0.086176 0.521316  0.000872 0.996425 0.084483  0.951600 0.283081
chess_set_pieces_black
0  -0.093776 0.030356 0.430672  -0.934422 0.313911 0.168271  0.967905 0.307887
0  -0.098905 0.000015 0.430735  -0.985566 0.009005 0.169050  0.966587 0.314028
0  -0.087549 0.000005 0.521427  -0.996362 0.009048 0.084740  0.948629 0.309854
chess_set_pieces_black
0  0.030014 -0.093958 0.430806  0.308711 -0.936309 0.167399  0.957781 0.229705
0  0.057397 -0.079740 0.430760  0.585127 -0.793815 0.165782  0.960227 0.234997
0  0.050963 -0.070960 0.521455  0.590424 -0.802563 0.085399  0.943945 0.241325
chess_set_pieces_black
0  0.056612 0.078707 0.430509  0.575149 0.801292 0.164726  0.969448 0.270489
0  0.029483 0.092462 0.430500  0.302792 0.938636 0.165165  0.969942 0.276719
0  0.026070 0.082003 0.521317  0.306565 0.948046 0.085011  0.951447 0.277712
chess_set_pieces_black
0  -0.079599 0.057484 0.430612  -0.792086 0.586962 0.167558  0.968942 0.301704
0  -0.093776 0.030356 0.430672  -0.934422 0.313911 0.168271  0.967905 0.307887
0  -0.083054 0.026848 0.521415  -0.944782 0.316629 0.084453  0.949703 0.304549
chess_set_pieces_black
0  -0.000584 -0.098944 0.430841  0.001518 -0.985675 0.168651  0.955144 0.224699
0  0.030014 -0.093958 0.430806  0.308711 -0.936309 0.167399  0.957781 0.229705
0  0.026546 -0.083420 0.521469  0.311411 -0.946457 0.085100  0.942134 0.236525
chess_set_pieces_black
0  0.078264 0.057291 0.430537  0.793366 0.586281 0.163843  0.968652 0.264302
0  0.056612 0.078707 0.430509  0.575149 0.801292 0.164726  0.969448 0.270489
0  0.050223 0.069931 0.521360  0.580582 0.809692 0.085571  0.951041 0.272364
chess_set_pieces_black
0  -0.057819 0.078868 0.430556  -0.573789 0.801846 0.166761  0.969668 0.295474
0  -0.079599 0.057484 0.430612  -0.792086 0.586962 0.167558  0.968942 0.301704
0  -0.070534 0.050874 0.521383  -0.800888 0.592902 0.083937  0.950543 0.299210
chess_set_pieces_black
0  -0.031138 -0.094115 0.430854  -0.306333 -0.936697 0.169581  0.958228 0.337058
0  -0.000584 -0.098944 0.430841  0.001518 -0.985675 0.168651  0.955507 0.342133
0  -0.000662 -0.087730 0.521466  0.000680 -0.996387 0.084928  0.940459 0.334788
chess_set_pieces_black
0  0.026070 0.082003 0.521317  0.306565 0.948046 0.085011  0.951447 0.277712
0  -0.000559 0.086176 0.521316  0.000872 0.996425 0.084483  0.951600 0.283081
0  -0.000535 0.083550 0.595611  0.001716 0.881225 -0.472695  0.937364 0.283082
chess_set_pieces_black
0  -0.083054 0.026848 0.521415  -0.944782 0.316629 0.084453  0.949703 0.304549
0  -0.087549 0.000005 0.521427  -0.996362 0.009048 0.084740  0.948629 0.309854
0  -0.085164 0.000031 0.595052  -0.885636 0.008693 -0.464299  0.934956 0.306910
chess_set_pieces_black
0  0.026546 -0.083420 0.521469  0.311411 -0.946457 0.085100  0.942134 0.236525
0  0.050963 -0.070960 0.521455  0.590424 -0.802563 0.085399  0.943945 0.241325
0  0.049148 -0.068599 0.595490  0.527598 -0.714527 -0.459448  0.930930 0.245670
chess_set_pieces_black
0  0.050223 0.069931 0.521360  0.580582 0.809692 0.085571  0.951041 0.272364
0  0.026070 0.082003 0.521317  0.306565 0.948046 0.085011  0.951447 0.277712
0  0.025132 0.079366 0.595603  0.272202 0.838292 -0.472413  0.937298 0.278346
chess_set_pieces_black
0  -0.070534 0.050874 0.521383  -0.800888 0.592902 0.083937  0.950543 0.299210
0  -0.083054 0.026848 0.521415  -0.944782 0.316629 0.084453  0.949703 0.304549
0  -0.080831 0.026063 0.595090  -0.838498 0.281509 -0.466555  0.935841 0.302189
chess_set_pieces_black
0  -0.000662 -0.087730 0.521466  0.000680 -0.996387 0.084928  0.940192 0.231831
0  0.026546 -0.083420 0.521469  0.311411 -0.946457 0.085100  0.942134 0.236525
0  0.025599 -0.080875 0.595497  0.279463 -0.843330 -0.459015  0.929335 0.241138
chess_set_pieces_black
0  0.069606 0.051007 0.521388  0.799737 0.594261 0.085290  0.950426 0.267039
0  0.050223 0.069931 0.521360  0.580582 0.809692 0.085571  0.951041 0.272364
0  0.048354 0.067390 0.595606  0.514621 0.716505 -0.470941  0.937021 0.273622
chess_set_pieces_black
0  -0.051280 0.069840 0.521351  -0.579659 0.810532 0.083862  0.951147 0.293843
0  -0.070534 0.050874 0.521383  -0.800888 0.592902 0.083937  0.950543 0.299210
0  -0.068612 0.049496 0.595285  -0.708945 0.526725 -0.468996  0.936502 0.297411
chess_set_pieces_black
0  -0.027666 -0.083318 0.521459  -0.310652 -0.946711 0.085046  0.942378 0.330113
0  -0.000662 -0.087730 0.521466  0.000680 -0.996387 0.084928  0.940459 0.334788
0  -0.000468 -0.085229 0.595379  0.002180 -0.888302 -0.459255  0.927743 0.330099
chess_set_pieces_black
0  0.082337 0.026950 0.521421  0.944502 0.317450 0.084510  0.949564 0.261744
0  0.069606 0.051007 0.521388  0.799737 0.594261 0.085290  0.950426 0.267039
0  0.067010 0.049057 0.595741  0.708588 0.527901 -0.468214  0.936451 0.268923
chess_set_pieces_black
0  -0.027189 0.081994 0.521327  -0.304099 0.948921 0.084102  0.951476 0.288459
0  -0.051280 0.069840 0.521351  -0.579659 0.810532 0.083862  0.951147 0.293843
0  -0.049826 0.067933 0.595535  -0.512008 0.718296 -0.471061  0.936951 0.292614
chess_set_pieces_black
0  -0.051988 -0.070776 0.521436  -0.588735 -0.803825 0.085189  0.944198 0.325236
0  -0.027666 -0.083318 0.521459  -0.310652 -0.946711 0.085046  0.942378 0.330113
0  -0.026848 -0.081065 0.595176  -0.276426 -0.843799 -0.459990  0.929459 0.325515
chess_set_pieces_black
0  0.086854 0.000011 0.521430  0.996423 0.006656 0.084240  0.948472 0.256504
0  0.082337 0.026950 0.521421  0.944502 0.317450 0.084510  0.949564 0.261744
0  0.079281 0.025826 0.595798  0.838633 0.283052 -0.465377  0.935685 0.264219
chess_set_pieces_black
0  -0.000559 0.086176 0.521316  0.000872 0.996425 0.084483  0.951600 0.283081
0  -0.027189 0.081994 0.521327  -0.304099 0.948921 0.084102  0.951476 0.288459
0  -0.026309 0.079502 0.595471  -0.267770 0.839805 -0.472258  0.937309 0.287842
chess_set_pieces_black
0  -0.071252 -0.051308 0.521430  -0.809051 -0.581575 0.084900  0.945864 0.320207
0  -0.051988 -0.070776 0.521436  -0.588735 -0.803825 0.085189  0.944198 0.325236
0  -0.050582 -0.068878 0.595104  -0.524839 -0.716028 -0.460269  0.931066 0.320914
chess_set_pieces_black
0  0.082681 -0.027022 0.521448  0.949466 -0.302237 0.084658  0.947163 0.251345
0  0.086854 0.000011 0.521430  0.996423 0.006656 0.084240  0.948472 0.256504
0  0.083514 0.000076 0.595900  0.886169 0.006187 -0.463322  0.934718 0.259574
chess_set_pieces_black
0  -0.083455 -0.026904 0.521438  -0.949915 -0.300810 0.084705  0.947368 0.315076
0  -0.071252 -0.051308 0.521430  -0.809051 -0.581575 0.084900  0.945864 0.320207
0  -0.069433 -0.049968 0.595070  -0.720295 -0.517978 -0.461383  0.932544 0.316278
chess_set_pieces_black
0  0.070343 -0.051477 0.521452  0.809582 -0.580795 0.085165  0.945640 0.246283
0  0.082681 -0.027022 0.521448  0.949466 -0.302237 0.084658  0.947163 0.251345
0  0.079633 -0.025869 0.596040  0.845021 -0.268546 -0.462410  0.933556 0.254940
chess_set_pieces_black
0  -0.087549 0.000005 0.521427  -0.996362 0.009048 0.084740  0.948629 0.309854
0  -0.083455 -0.026904 0.521438  -0.949915 -0.300810 0.084705  0.947368 0.315076
0  -0.081435 -0.026178 0.595117  -0.845254 -0.266712 -0.463044  0.933808 0.311591
chess_set_pieces_black
0  0.050963 -0.070960 0.521455  0.590424 -0.802563 0.085399  0.943945 0.241325
0  0.070343 -0.051477 0.521452  0.809582 -0.580795 0.085165  0.945640 0.246283
0  0.067789 -0.049488 0.595708  0.721798 -0.516609 -0.460568  0.932339 0.250294
chess_set_pieces_black
0  -0.069433 -0.049968 0.595070  -0.720295 -0.517978 -0.461383  0.272022 0.856087
0  -0.050582 -0.068878 0.595104  -0.524839 -0.716028 -0.460269  0.267295 0.857643
0  -0.072845 -0.099479 0.603214  -0.202839 -0.274181 -0.940043  0.263981 0.851227
chess_set_pieces_black
0  0.079633 -0.025869 0.596040  0.845021 -0.268546 -0.462410  0.263574 0.882942
0  0.083514 0.000076 0.595900  0.886169 0.006187 -0.463322  0.267574 0.885763
0  0.122393 0.000013 0.603392  0.333151 0.005411 -0.942858  0.264218 0.892385
chess_set_pieces_black
0  -0.081435 -0.026178 0.595117  -0.845254 -0.266712 -0.463044  0.276981 0.856079
0  -0.069433 -0.049968 0.595070  -0.720295 -0.517978 -0.461383  0.272022 0.856087
0  -0.100049 -0.072268 0.603314  -0.280068 -0.199756 -0.938967  0.270837 0.848965
chess_set_pieces_black
0  0.067789 -0.049488 0.595708  0.721798 -0.516609 -0.460568  0.260636 0.878979
0  0.079633 -0.025869 0.596040  0.845021 -0.268546 -0.462410  0.263574 0.882942
0  0.116397 -0.037973 0.603171  0.314942 -0.100964 -0.943725  0.258364 0.888147
chess_set_pieces_black
0  -0.085164 0.000031 0.595052  -0.885636 0.008693 -0.464299  0.281648 0.857650
0  -0.081435 -0.026178 0.595117  -0.845254 -0.266712 -0.463044  0.276981 0.856079
0  -0.117506 -0.037955 0.603376  -0.329579 -0.104324 -0.938347  0.278045 0.848936
chess_set_pieces_black
0  0.049148 -0.068599 0.595490  0.527598 -0.714527 -0.459448  0.259017 0.874266
0  0.067789 -0.049488 0.595708  0.721798 -0.516609 -0.460568  0.260636 0.878979
0  0.098928 -0.072282 0.603271  0.270703 -0.196277 -0.942441  0.254088 0.882309
chess_set_pieces_black
0  0.025132 0.079366 0.595603  0.272202 0.838292 -0.472413  0.285673 0.882660
0  -0.000535 0.083550 0.595611  0.001716 0.881225 -0.472695  0.288514 0.878730
0  -0.000561 0.122887 0.603853  0.000522 0.345134 -0.938553  0.295273 0.882091
chess_set_pieces_black
0  -0.080831 0.026063 0.595090  -0.838498 0.281509 -0.466555  0.285620 0.860540
0  -0.085164 0.000031 0.595052  -0.885636 0.008693 -0.464299  0.281648 0.857650
0  -0.123495 0.000014 0.603547  -0.346492 0.003000 -0.938048  0.284922 0.851070
chess_set_pieces_black
0  0.025599 -0.080875 0.595497  0.279463 -0.843330 -0.459015  0.258937 0.869319
0  0.049148 -0.068599 0.595490  0.527598 -0.714527 -0.459448  0.259017 0.874266
0  0.071709 -0.099486 0.603278  0.200399 -0.271562 -0.941326  0.251840 0.875444
chess_set_pieces_black
0  0.048354 0.067390 0.595606  0.514621 0.716505 -0.470941  0.281735 0.885530
0  0.025132 0.079366 0.595603  0.272202 0.838292 -0.472413  0.285673 0.882660
0  0.037395 0.116881 0.603801  0.106453 0.327924 -0.938687  0.291038 0.887944
chess_set_pieces_black
0  -0.068612 0.049496 0.595285  -0.708945 0.526725 -0.468996  0.288514 0.864527
0  -0.080831 0.026063 0.595090  -0.838498 0.281509 -0.466555  0.285620 0.860540
0  -0.117458 0.037973 0.603575  -0.329380 0.111054 -0.937644  0.290762 0.855285
chess_set_pieces_black
0  -0.000468 -0.085229 0.595379  0.002180 -0.888302 -0.459255  0.260387 0.864617
0  0.025599 -0.080875 0.595497  0.279463 -0.843330 -0.459015  0.258937 0.869319
0  0.037424 -0.116985 0.603142  0.108343 -0.318593 -0.941680  0.251779 0.868236
chess_set_pieces_black
0  0.067010 0.049057 0.595741  0.708588 0.527901 -0.468214  0.277115 0.887111
0  0.048354 0.067390 0.595606  0.514621 0.716505 -0.470941  0.281735 0.885530
0  0.071663 0.099441 0.603745  0.201775 0.279223 -0.938787  0.285215 0.892265
chess_set_pieces_black
0  -0.049826 0.067933 0.595535  -0.512008 0.718296 -0.471061  0.290025 0.869203
0  -0.068612 0.049496 0.595285  -0.708945 0.526725 -0.468996  0.288514 0.864527
0  -0.100007 0.072237 0.603703  -0.279053 0.207679 -0.937549  0.295097 0.861071
chess_set_pieces_black
0  -0.026848 -0.081065 0.595176  -0.276426 -0.843799 -0.459990  0.263283 0.860575
0  -0.000468 -0.085229 0.595379  0.002180 -0.888302 -0.459255  0.260387 0.864617
0  -0.000568 -0.122981 0.603074  0.002029 -0.334825 -0.942278  0.253956 0.861357
chess_set_pieces_black
0  0.079281 0.025826 0.595798  0.838633 0.283052 -0.465377  0.272218 0.887211
0  0.067010 0.049057 0.595741  0.708588 0.527901 -0.468214  0.277115 0.887111
0  0.098875 0.072253 0.603649  0.276985 0.203778 -0.939018  0.278314 0.894532
chess_set_pieces_black
0  -0.026309 0.079502 0.595471  -0.267770 0.839805 -0.472258  0.289990 0.874095
0  -0.049826 0.067933 0.595535  -0.512008 0.718296 -0.471061  0.290025 0.869203
0  -0.072807 0.099433 0.603755  -0.202380 0.282619 -0.937640  0.297374 0.867961
chess_set_pieces_black
0  -0.050582 -0.068878 0.595104  -0.524839 -0.716028 -0.460269  0.267295 0.857643
0  -0.026848 -0.081065 0.595176  -0.276426 -0.843799 -0.459990  0.263283 0.860575
0  -0.038565 -0.116952 0.603066  -0.106005 -0.320380 -0.941339  0.258177 0.855504
chess_set_pieces_black
0  0.083514 0.000076 0.595900  0.886169 0.006187 -0.463322  0.267574 0.885763
0  0.079281 0.025826 0.595798  0.838633 0.283052 -0.465377  0.272218 0.887211
0  0.116357 0.037982 0.603511  0.322106 0.110406 -0.940244  0.271096 0.894541
chess_set_pieces_black
0  -0.000535 0.083550 0.595611  0.001716 0.881225 -0.472695  0.288514 0.878730
0  -0.026309 0.079502 0.595471  -0.267770 0.839805 -0.472258  0.289990 0.874095
0  -0.038534 0.116878 0.603760  -0.106332 0.329864 -0.938021  0.297410 0.875187
chess_set_pieces_black
0  -0.000568 -0.122981 0.603074  0.002029 -0.334825 -0.942278  0.253956 0.861357
0  0.037424 -0.116985 0.603142  0.108343 -0.318593 -0.941680  0.251779 0.868236
0  0.047817 -0.148926 0.619588  0.203316 -0.609623 -0.766174  0.244763 0.867117
chess_set_pieces_black
0  0.098875 0.072253 0.603649  0.276985 0.203778 -0.939018  0.278314 0.894532
0  0.071663 0.099441 0.603745  0.201775 0.279223 -0.938787  0.285215 0.892265
0  0.091005 0.126048 0.620567  0.381946 0.526539 -0.759522  0.288457 0.898513
chess_set_pieces_black
0  -0.072807 0.099433 0.603755  -0.202380 0.282619 -0.937640  0.297374 0.867961
0  -0.100007 0.072237 0.603703  -0.279053 0.207679 -0.937549  0.295097 0.861071
0  -0.126753 0.091663 0.620400  -0.525543 0.386812 -0.757747  0.301359 0.857784
chess_set_pieces_black
0  -0.038565 -0.116952 0.603066  -0.106005 -0.320380 -0.941339  0.258177 0.855504
0  -0.000568 -0.122981 0.603074  0.002029 -0.334825 -0.942278  0.253956 0.861357
0  -0.000580 -0.156889 0.619196  -0.000441 -0.643545 -0.765408  0.247568 0.858148
chess_set_pieces_black
0  0.116357 0.037982 0.603511  0.322106 0.110406 -0.940244  0.271096 0.894541
0  0.098875 0.072253 0.603649  0.276985 0.203778 -0.939018  0.278314 0.894532
0  0.125503 0.091593 0.620525  0.524705 0.384572 -0.759466  0.279489 0.901503
chess_set_pieces_black
0  -0.038534 0.116878 0.603760  -0.106332 0.329864 -0.938021  0.297410 0.875187
0  -0.072807 0.099433 0.603755  -0.202380 0.282619 -0.937640  0.297374 0.867961
0  -0.092168 0.126085 0.620545  -0.383010 0.529992 -0.756579  0.304307 0.866763
chess_set_pieces_black
0  -0.072845 -0.099479 0.603214  -0.202839 -0.274181 -0.940043  0.263981 0.851227
0  -0.038565 -0.116952 0.603066  -0.106005 -0.320380 -0.941339  0.258177 0.855504
0  -0.048977 -0.149039 0.619457  -0.204619 -0.614469 -0.761945  0.253071 0.850553
chess_set_pieces_black
0  0.122393 0.000013 0.603392  0.333151 0.005411 -0.942858  0.264218 0.892385
0  0.116357 0.037982 0.603511  0.322106 0.110406 -0.940244  0.271096 0.894541
0  0.147728 0.048189 0.620408  0.613337 0.209642 -0.761491  0.270035 0.901531
chess_set_pieces_black
0  -0.000561 0.122887 0.603853  0.000522 0.345134 -0.938553  0.295273 0.882091
0  -0.038534 0.116878 0.603760  -0.106332 0.329864 -0.938021  0.297410 0.875187
0  -0.048697 0.148139 0.620622  -0.202873 0.618102 -0.759469  0.304399 0.876235
chess_set_pieces_black
0  -0.100049 -0.072268 0.603314  -0.280068 -0.199756 -0.938967  0.270837 0.848965
0  -0.072845 -0.099479 0.603214  -0.202839 -0.274181 -0.940043  0.263981 0.851227
0  -0.092599 -0.126703 0.619560  -0.386060 -0.522945 -0.759925  0.260649 0.844947
chess_set_pieces_black
0  0.116397 -0.037973 0.603171  0.314942 -0.100964 -0.943725  0.258364 0.888147
0  0.122393 0.000013 0.603392  0.333151 0.005411 -0.942858  0.264218 0.892385
0  0.155957 0.000029 0.619683  0.642970 0.008971 -0.765839  0.261040 0.898760
chess_set_pieces_black
0  -0.117506 -0.037955 0.603376  -0.329579 -0.104324 -0.938347  0.278045 0.848936
0  -0.100049 -0.072268 0.603314  -0.280068 -0.199756 -0.938967  0.270837 0.848965
0  -0.127145 -0.091928 0.619821  -0.530186 -0.379312 -0.758304  0.269643 0.841997
chess_set_pieces_black
0  0.098928 -0.072282 0.603271  0.270703 -0.196277 -0.942441  0.254088 0.882309
0  0.116397 -0.037973 0.603171  0.314942 -0.100964 -0.943725  0.258364 0.888147
0  0.148341 -0.048372 0.619585  0.610446 -0.198708 -0.766727  0.253404 0.893250
chess_set_pieces_black
0  -0.123495 0.000014 0.603547  -0.346492 0.003000 -0.938048  0.284922 0.851070
0  -0.117506 -0.037955 0.603376  -0.329579 -0.104324 -0.938347  0.278045 0.848936
0  -0.149220 -0.048295 0.619972  -0.620514 -0.199258 -0.758458  0.279102 0.841927
chess_set_pieces_black
0  0.071709 -0.099486 0.603278  0.200399 -0.271562 -0.941326  0.251840 0.875444
0  0.098928 -0.072282 0.603271  0.270703 -0.196277 -0.942441  0.254088 0.882309
0  0.126005 -0.091942 0.619732  0.518627 -0.380102 -0.765864  0.247818 0.885605
chess_set_pieces_black
0  0.037395 0.116881 0.603801  0.106453 0.327924 -0.938687  0.291038 0.887944
0  -0.000561 0.122887 0.603853  0.000522 0.345134 -0.938553  0.295273 0.882091
0  -0.000565 0.155875 0.620470  -0.001215 0.646082 -0.763267  0.301614 0.885256
chess_set_pieces_black
0  -0.117458 0.037973 0.603575  -0.329380 0.111054 -0.937644  0.290762 0.855285
0  -0.123495 0.000014 0.603547  -0.346492 0.003000 -0.938048  0.284922 0.851070
0  -0.156862 0.000017 0.620000  -0.649744 0.002485 -0.760149  0.288096 0.844719
chess_set_pieces_black
0  0.037424 -0.116985 0.603142  0.108343 -0.318593 -0.941680  0.251779 0.868236
0  0.071709 -0.099486 0.603278  0.200399 -0.271562 -0.941326  0.251840 0.875444
0  0.091356 -0.126544 0.619785  0.380023 -0.518448 -0.766025  0.244812 0.876588
chess_set_pieces_black
0  0.071663 0.099441 0.603745  0.201775 0.279223 -0.938787  0.285215 0.892265
0  0.037395 0.116881 0.603801  0.106453 0.327924 -0.938687  0.291038 0.887944
0  0.047571 0.148168 0.620576  0.202144 0.615289 -0.761943  0.296076 0.892902
chess_set_pieces_black
0  -0.100007 0.072237 0.603703  -0.279053 0.207679 -0.937549  0.295097 0.861071
0  -0.117458 0.037973 0.603575  -0.329380 0.111054 -0.937644  0.290762 0.855285
0  -0.148982 0.048225 0.620253  -0.616590 0.205624 -0.759957  0.295709 0.850239
chess_set_pieces_black
0  0.126005 -0.091942 0.619732  0.518627 -0.380102 -0.765864  0.247818 0.885605
0  0.148341 -0.048372 0.619585  0.610446 -0.198708 -0.766727  0.253404 0.893250
0  0.161970 -0.052666 0.641544  0.929796 -0.302300 -0.209987  0.249744 0.897097
chess_set_pieces_black
0  -0.156862 0.000017 0.620000  -0.649744 0.002485 -0.760149  0.288096 0.844719
0  -0.149220 -0.048295 0.619972  -0.620514 -0.199258 -0.758458  0.279102 0.841927
0  -0.161798 -0.052379 0.641740  -0.932280 -0.302504 -0.198358  0.279947 0.836826
chess_set_pieces_black
0  0.091356 -0.126544 0.619785  0.380023 -0.518448 -0.766025  0.244812 0.876588
0  0.126005 -0.091942 0.619732  0.518627 -0.380102 -0.765864  0.247818 0.885605
0  0.137448 -0.100222 0.641570  0.789758 -0.576325 -0.210075  0.243012 0.888090
chess_set_pieces_black
0  0.047571 0.148168 0.620576  0.202144 0.615289 -0.761943  0.296076 0.892902
0  -0.000565 0.155875 0.620470  -0.001215 0.646082 -0.763267  0.301614 0.885256
0  -0.000574 0.169764 0.641646  -0.002141 0.976750 -0.214371  0.306126 0.887506
chess_set_pieces_black
0  -0.148982 0.048225 0.620253  -0.616590 0.205624 -0.759957  0.295709 0.850239
0  -0.156862 0.000017 0.620000  -0.649744 0.002485 -0.760149  0.288096 0.844719
0  -0.170291 0.000012 0.641754  -0.979478 0.001228 -0.201549  0.290369 0.840199
chess_set_pieces_black
0  0.047817 -0.148926 0.619588  0.203316 -0.609623 -0.766174  0.244763 0.867117
0  0.091356 -0.126544 0.619785  0.380023 -0.518448 -0.766025  0.244812 0.876588
0  0.099647 -0.138131 0.641522  0.576757 -0.789684 -0.209168  0.239566 0.877358
chess_set_pieces_black
0  0.091005 0.126048 0.620567  0.381946 0.526539 -0.759522  0.288457 0.898513
0  0.047571 0.148168 0.620576  0.202144 0.615289 -0.761943  0.296076 0.892902
0  0.051716 0.161067 0.641685  0.306444 0.927402 -0.214519  0.299760 0.896437
chess_set_pieces_black
0  -0.126753 0.091663 0.620400  -0.525543 0.386812 -0.757747  0.301359 0.857784
0  -0.148982 0.048225 0.620253  -0.616590 0.205624 -0.759957  0.295709 0.850239
0  -0.161838 0.052350 0.641716  -0.929208 0.306410 -0.206605  0.299250 0.846542
chess_set_pieces_black
0  -0.000580 -0.156889 0.619196  -0.000441 -0.643545 -0.765408  0.247568 0.858148
0  0.047817 -0.148926 0.619588  0.203316 -0.609623 -0.766174  0.244763 0.867117
0  0.052171 -0.162503 0.641592  0.306960 -0.929483 -0.204540  0.239554 0.866257
chess_set_pieces_black
0  0.125503 0.091593 0.620525  0.524705 0.384572 -0.759466  0.279489 0.901503
0  0.091005 0.126048 0.620567  0.381946 0.526539 -0.759522  0.288457 0.898513
0  0.098758 0.136742 0.641714  0.575054 0.789660 -0.213891  0.290851 0.903121
chess_set_pieces_black
0  -0.092168 0.126085 0.620545  -0.383010 0.529992 -0.756579  0.304307 0.866763
0  -0.126753 0.091663 0.620400  -0.525543 0.386812 -0.757747  0.301359 0.857784
0  -0.137281 0.099313 0.641729  -0.787118 0.580394 -0.208775  0.305844 0.855373
chess_set_pieces_black
0  -0.048977 -0.149039 0.619457  -0.204619 -0.614469 -0.761945  0.253071 0.850553
0  -0.000580 -0.156889 0.619196  -0.000441 -0.643545 -0.765408  0.247568 0.858148
0  -0.000584 -0.171199 0.641687  -0.004242 -0.980097 -0.198474  0.242878 0.855793
chess_set_pieces_black
0  0.147728 0.048189 0.620408  0.613337 0.209642 -0.761491  0.270035 0.901531
0  0.125503 0.091593 0.620525  0.524705 0.384572 -0.759466  0.279489 0.901503
0  0.136344 0.099431 0.641687  0.787810 0.577111 -0.215172  0.280243 0.906552
chess_set_pieces_black
0  -0.048697 0.148139 0.620622  -0.202873 0.618102 -0.759469  0.304399 0.876235
0  -0.092168 0.126085 0.620545  -0.383010 0.529992 -0.756579  0.304307 0.866763
0  -0.099675 0.136420 0.641752  -0.573711 0.791886 -0.209219  0.309403 0.865926
chess_set_pieces_black
0  -0.092599 -0.126703 0.619560  -0.386060 -0.522945 -0.759925  0.260649 0.844947
0  -0.048977 -0.149039 0.619457  -0.204619 -0.614469 -0.761945  0.253071 0.850553
0  -0.053195 -0.162087 0.641759  -0.311600 -0.929996 -0.194969  0.249282 0.846903
chess_set_pieces_black
0  0.155957 0.000029 0.619683  0.642970 0.008971 -0.765839  0.261040 0.898760
0  0.147728 0.048189 0.620408  0.613337 0.209642 -0.761491  0.270035 0.901531
0  0.160621 0.052345 0.641628  0.925478 0.311684 -0.215278  0.269230 0.906552
chess_set_pieces_black
0  -0.000565 0.155875 0.620470  -0.001215 0.646082 -0.763267  0.301614 0.885256
0  -0.048697 0.148139 0.620622  -0.202873 0.618102 -0.759469  0.304399 0.876235
0  -0.052759 0.160727 0.641729  -0.307808 0.927610 -0.211646  0.309406 0.877048
chess_set_pieces_black
0  -0.127145 -0.091928 0.619821  -0.530186 -0.379312 -0.758304  0.269643 0.841997
0  -0.092599 -0.126703 0.619560  -0.386060 -0.522945 -0.759925  0.260649 0.844947
0  -0.100578 -0.137677 0.641712  -0.580946 -0.789911 -0.196324  0.258160 0.840284
chess_set_pieces_black
0  0.148341 -0.048372 0.619585  0.610446 -0.198708 -0.766727  0.253404 0.893250
0  0.155957 0.000029 0.619683  0.642970 0.008971 -0.765839  0.261040 0.898760
0  0.170009 0.000102 0.641516  0.977156 0.009702 -0.212303  0.258782 0.903372
chess_set_pieces_black
0  -0.149220 -0.048295 0.619972  -0.620514 -0.199258 -0.758458  0.279102 0.841927
0  -0.127145 -0.091928 0.619821  -0.530186 -0.379312 -0.758304  0.269643 0.841997
0  -0.137811 -0.099669 0.641750  -0.796315 -0.571677 -0.197658  0.268795 0.836737
chess_set_pieces_black
0  0.160621 0.052345 0.641628  0.925478 0.311684 -0.215278  0.852186 0.866406
0  0.136344 0.099431 0.641687  0.787810 0.577111 -0.215172  0.841500 0.869665
0  0.132180 0.096432 0.657093  0.629956 0.464045 0.622751  0.841002 0.866397
chess_set_pieces_black
0  -0.052759 0.160727 0.641729  -0.307808 0.927610 -0.211646  0.804067 0.850732
0  -0.099675 0.136420 0.641752  -0.573711 0.791886 -0.209219  0.800445 0.839921
0  -0.096821 0.132492 0.656850  -0.460083 0.635009 0.620554  0.803853 0.839363
chess_set_pieces_black
0  -0.100578 -0.137677 0.641712  -0.580946 -0.789911 -0.196324  0.842165 0.798453
0  -0.053195 -0.162087 0.641759  -0.311600 -0.929996 -0.194969  0.852874 0.802193
0  -0.051376 -0.156362 0.657438  -0.243138 -0.730350 0.638336  0.851204 0.805265
chess_set_pieces_black
0  0.170009 0.000102 0.641516  0.977156 0.009702 -0.212303  0.861327 0.859956
0  0.160621 0.052345 0.641628  0.925478 0.311684 -0.215278  0.852186 0.866406
0  0.155849 0.050803 0.657442  0.740795 0.251341 0.622937  0.850619 0.863262
chess_set_pieces_black
0  -0.000574 0.169764 0.641646  -0.002141 0.976750 -0.214371  0.810668 0.859756
0  -0.052759 0.160727 0.641729  -0.307808 0.927610 -0.211646  0.804067 0.850732
0  -0.051186 0.155855 0.656976  -0.245882 0.740609 0.625332  0.807060 0.849155
chess_set_pieces_black
0  -0.137811 -0.099669 0.641750  -0.796315 -0.571677 -0.197658  0.830657 0.798304
0  -0.100578 -0.137677 0.641712  -0.580946 -0.789911 -0.196324  0.842165 0.798453
0  -0.097198 -0.133010 0.657417  -0.457281 -0.624066 0.633590  0.841529 0.801927
chess_set_pieces_black
0  0.161970 -0.052666 0.641544  0.929796 -0.302300 -0.209987  0.868038 0.850965
0  0.170009 0.000102 0.641516  0.977156 0.009702 -0.212303  0.861327 0.859956
0  0.164402 0.000054 0.657950  0.778085 0.007235 0.628117  0.858867 0.857437
chess_set_pieces_black
0  -0.161798 -0.052379 0.641740  -0.932280 -0.302504 -0.198358  0.819759 0.801913
0  -0.137811 -0.099669 0.641750  -0.796315 -0.571677 -0.197658  0.830657 0.798304
0  -0.133419 -0.096495 0.657233  -0.630940 -0.453117 0.629762  0.831202 0.801830
chess_set_pieces_black
0  0.137448 -0.100222 0.641570  0.789758 -0.576325 -0.210075  0.871650 0.840133
0  0.161970 -0.052666 0.641544  0.929796 -0.302300 -0.209987  0.868038 0.850965
0  0.156417 -0.050944 0.658021  0.736945 -0.240186 0.631841  0.864828 0.849254
chess_set_pieces_black
0  -0.170291 0.000012 0.641754  -0.979478 0.001228 -0.201549  0.810657 0.808595
0  -0.161798 -0.052379 0.641740  -0.932280 -0.302504 -0.198358  0.819759 0.801913
0  -0.156556 -0.050679 0.657079  -0.739035 -0.238899 0.629885  0.821353 0.804967
chess_set_pieces_black
0  0.099647 -0.138131 0.641522  0.576757 -0.789684 -0.209168  0.871679 0.828744
0  0.137448 -0.100222 0.641570  0.789758 -0.576325 -0.210075  0.871650 0.840133
0  0.132853 -0.096895 0.657850  0.625822 -0.457089 0.631994  0.868007 0.839537
chess_set_pieces_black
0  0.051716 0.161067 0.641685  0.306444 0.927402 -0.214519  0.819716 0.866221
0  -0.000574 0.169764 0.641646  -0.002141 0.976750 -0.214371  0.810668 0.859756
0  -0.000576 0.164182 0.657300  -0.002018 0.775822 0.630948  0.813043 0.857352
chess_set_pieces_black
0  -0.161838 0.052350 0.641716  -0.929208 0.306410 -0.206605  0.803936 0.817628
0  -0.170291 0.000012 0.641754  -0.979478 0.001228 -0.201549  0.810657 0.808595
0  -0.164609 0.000005 0.657117  -0.775841 -0.001304 0.630927  0.813035 0.810987
chess_set_pieces_black
0  0.052171 -0.162503 0.641592  0.306960 -0.929483 -0.204540  0.868283 0.818043
0  0.099647 -0.138131 0.641522  0.576757 -0.789684 -0.209168  0.871679 0.828744
0  0.096283 -0.133395 0.657842  0.454915 -0.625834 0.633549  0.868119 0.829325
chess_set_pieces_black
0  0.098758 0.136742 0.641714  0.575054 0.789660 -0.213891  0.830367 0.869665
0  0.051716 0.161067 0.641685  0.306444 0.927402 -0.214519  0.819716 0.866221
0  0.050108 0.156067 0.657179  0.243081 0.738227 0.629231  0.821268 0.863204
chess_set_pieces_black
0  -0.137281 0.099313 0.641729  -0.787118 0.580394 -0.208775  0.800412 0.828458
0  -0.161838 0.052350 0.641716  -0.929208 0.306410 -0.206605  0.803936 0.817628
0  -0.156718 0.050704 0.657235  -0.739510 0.242298 0.628026  0.806989 0.819237
chess_set_pieces_black
0  -0.000584 -0.171199 0.641687  -0.004242 -0.980097 -0.198474  0.861862 0.808906
0  0.052171 -0.162503 0.641592  0.306960 -0.929483 -0.204540  0.868283 0.818043
0  0.050344 -0.156797 0.657830  0.239067 -0.732031 0.637948  0.865094 0.819652
chess_set_pieces_black
0  0.136344 0.099431 0.641687  0.787810 0.577111 -0.215172  0.841500 0.869665
0  0.098758 0.136742 0.641714  0.575054 0.789660 -0.213891  0.830367 0.869665
0  0.095800 0.132654 0.657016  0.458835 0.631425 0.625118  0.830902 0.866290
chess_set_pieces_black
0  -0.099675 0.136420 0.641752  -0.573711 0.791886 -0.209219  0.800445 0.839921
0  -0.137281 0.099313 0.641729  -0.787118 0.580394 -0.208775  0.800412 0.828458
0  -0.133255 0.096390 0.657032  -0.630307 0.463926 0.622484  0.803788 0.829016
chess_set_pieces_black
0  -0.053195 -0.162087 0.641759  -0.311600 -0.929996 -0.194969  0.852874 0.802193
0  -0.000584 -0.171199 0.641687  -0.004242 -0.980097 -0.198474  0.861862 0.808906
0  -0.000588 -0.164881 0.657859  -0.004026 -0.767079 0.641540  0.859336 0.811348
chess_set_pieces_black
0  0.050108 0.156067 0.657179  0.243081 0.738227 0.629231  0.821268 0.863204
0  -0.000576 0.164182 0.657300  -0.002018 0.775822 0.630948  0.813043 0.857352
0  -0.000568 0.143923 0.672410  -0.000313 0.438472 0.898745  0.816546 0.853817
chess_set_pieces_black
0  -0.156718 0.050704 0.657235  -0.739510 0.242298 0.628026  0.806989 0.819237
0  -0.164609 0.000005 0.657117  -0.775841 -0.001304 0.630927  0.813035 0.810987
0  -0.144579 0.000008 0.672546  -0.442995 -0.000767 0.896524  0.816584 0.814550
chess_set_pieces_black
0  0.050344 -0.156797 0.657830  0.239067 -0.732031 0.637948  0.865094 0.819652
0  0.096283 -0.133395 0.657842  0.454915 -0.625834 0.633549  0.868119 0.829325
0  0.084198 -0.116689 0.673064  0.258089 -0.354148 0.898871  0.863165 0.830116
chess_set_pieces_black
0  0.095800 0.132654 0.657016  0.458835 0.631425 0.625118  0.830902 0.866290
0  0.050108 0.156067 0.657179  0.243081 0.738227 0.629231  0.821268 0.863204
0  0.043891 0.136849 0.672394  0.136762 0.416775 0.898663  0.823546 0.858819
chess_set_pieces_black
0  -0.133255 0.096390 0.657032  -0.630307 0.463926 0.622484  0.803788 0.829016
0  -0.156718 0.050704 0.657235  -0.739510 0.242298 0.628026  0.806989 0.819237
0  -0.137537 0.044493 0.672575  -0.419380 0.138159 0.897236  0.811452 0.821542
chess_set_pieces_black
0  -0.000588 -0.164881 0.657859  -0.004026 -0.767079 0.641540  0.859336 0.811348
0  0.050344 -0.156797 0.657830  0.239067 -0.732031 0.637948  0.865094 0.819652
0  0.043982 -0.137166 0.673019  0.135953 -0.417505 0.898447  0.860629 0.821903
chess_set_pieces_black
0  0.132180 0.096432 0.657093  0.629956 0.464045 0.622751  0.841002 0.866397
0  0.095800 0.132654 0.657016  0.458835 0.631425 0.625118  0.830902 0.866290
0  0.084007 0.116417 0.672379  0.256789 0.359309 0.897194  0.831667 0.861428
chess_set_pieces_black
0  -0.096821 0.132492 0.656850  -0.460083 0.635009 0.620554  0.803853 0.839363
0  -0.133255 0.096390 0.657032  -0.630307 0.463926 0.622484  0.803788 0.829016
0  -0.117059 0.084629 0.672519  -0.355540 0.262982 0.896901  0.808753 0.829852
chess_set_pieces_black
0  -0.051376 -0.156362 0.657438  -0.243138 -0.730350 0.638336  0.851204 0.805265
0  -0.000588 -0.164881 0.657859  -0.004026 -0.767079 0.641540  0.859336 0.811348
0  -0.000587 -0.144209 0.672982  -0.003980 -0.439880 0.898048  0.855722 0.814832
chess_set_pieces_black
0  0.155849 0.050803 0.657442  0.740795 0.251341 0.622937  0.850619 0.863262
0  0.132180 0.096432 0.657093  0.629956 0.464045 0.622751  0.841002 0.866397
0  0.115913 0.084645 0.672565  0.353510 0.267340 0.896415  0.840183 0.861499
chess_set_pieces_black
0  -0.051186 0.155855 0.656976  -0.245882 0.740609 0.625332  0.807060 0.849155
0  -0.096821 0.132492 0.656850  -0.460083 0.635009 0.620554  0.803853 0.839363
0  -0.085159 0.116436 0.672374  -0.259445 0.359380 0.896401  0.808801 0.838561
chess_set_pieces_black
0  -0.097198 -0.133010 0.657417  -0.457281 -0.624066 0.633590  0.841529 0.801927
0  -0.051376 -0.156362 0.657438  -0.243138 -0.730350 0.638336  0.851204 0.805265
0  -0.045102 -0.137055 0.672753  -0.141243 -0.418992 0.896937  0.848819 0.809662
chess_set_pieces_black
0  0.164402 0.000054 0.657950  0.778085 0.007235 0.628117  0.858867 0.857437
0  0.155849 0.050803 0.657442  0.740795 0.251341 0.622937  0.850619 0.863262
0  0.136495 0.044541 0.672911  0.417065 0.145231 0.897198  0.848335 0.858853
chess_set_pieces_black
0  -0.000576 0.164182 0.657300  -0.002018 0.775822 0.630948  0.813043 0.857352
0  -0.051186 0.155855 0.656976  -0.245882 0.740609 0.625332  0.807060 0.849155
0  -0.045023 0.136871 0.672387  -0.137824 0.419499 0.897232  0.811471 0.846829
chess_set_pieces_black
0  -0.133419 -0.096495 0.657233  -0.630940 -0.453117 0.629762  0.831202 0.801830
0  -0.097198 -0.133010 0.657417  -0.457281 -0.624066 0.633590  0.841529 0.801927
0  -0.085277 -0.116593 0.672779  -0.262112 -0.355731 0.897080  0.840628 0.806885
chess_set_pieces_black
0  0.156417 -0.050944 0.658021  0.736945 -0.240186 0.631841  0.864828 0.849254
0  0.164402 0.000054 0.657950  0.778085 0.007235 0.628117  0.858867 0.857437
0  0.143711 0.000006 0.673317  0.436902 0.003887 0.899500  0.855323 0.853845
chess_set_pieces_black
0  -0.156556 -0.050679 0.657079  -0.739035 -0.238899 0.629885  0.821353 0.804967
0  -0.133419 -0.096495 0.657233  -0.630940 -0.453117 0.629762  0.831202 0.801830
0  -0.117132 -0.084670 0.672694  -0.360346 -0.256719 0.896798  0.831909 0.806816
chess_set_pieces_black
0  0.132853 -0.096895 0.657850  0.625822 -0.457089 0.631994  0.868007 0.839537
0  0.156417 -0.050944 0.658021  0.736945 -0.240186 0.631841  0.864828 0.849254
0  0.136628 -0.044568 0.673201  0.413748 -0.136441 0.900109  0.860379 0.846904
chess_set_pieces_black
0  -0.164609 0.000005 0.657117  -0.775841 -0.001304 0.630927  0.813035 0.810987
0  -0.156556 -0.050679 0.657079  -0.739035 -0.238899 0.629885  0.821353 0.804967
0  -0.137516 -0.044499 0.672503  -0.422437 -0.135528 0.896203  0.823591 0.809462
chess_set_pieces_black
0  0.096283 -0.133395 0.657842  0.454915 -0.625834 0.633549  0.868119 0.829325
0  0.132853 -0.096895 0.657850  0.625822 -0.457089 0.631994  0.868007 0.839537
0  0.116129 -0.084772 0.673111  0.352862 -0.257402 0.899574  0.863049 0.838718
chess_set_pieces_black
0  -0.000568 0.143923 0.672410  -0.000313 0.438472 0.898745  0.816546 0.853817
0  -0.045023 0.136871 0.672387  -0.137824 0.419499 0.897232  0.811471 0.846829
0  -0.025145 0.075749 0.696404  -0.131245 0.403585 0.905480  0.822922 0.840948
chess_set_pieces_black
0  -0.117132 -0.084670 0.672694  -0.360346 -0.256719 0.896798  0.831909 0.806816
0  -0.085277 -0.116593 0.672779  -0.262112 -0.355731 0.897080  0.840628 0.806885
0  -0.047683 -0.064838 0.696849  -0.254612 -0.342972 0.904181  0.838558 0.819515
chess_set_pieces_black
0  0.136628 -0.044568 0.673201  0.413748 -0.136441 0.900109  0.860379 0.846904
0  0.143711 0.000006 0.673317  0.436902 0.003887 0.899500  0.855323 0.853845
0  0.079757 0.000017 0.697029  0.420517 0.003057 0.907280  0.846303 0.844852
chess_set_pieces_black
0  -0.137516 -0.044499 0.672503  -0.422437 -0.135528 0.896203  0.823591 0.809462
0  -0.117132 -0.084670 0.672694  -0.360346 -0.256719 0.896798  0.831909 0.806816
0  -0.065272 -0.046948 0.696697  -0.348019 -0.247117 0.904332  0.833920 0.819501
chess_set_pieces_black
0  0.116129 -0.084772 0.673111  0.352862 -0.257402 0.899574  0.863049 0.838718
0  0.136628 -0.044568 0.673201  0.413748 -0.136441 0.900109  0.860379 0.846904
0  0.075966 -0.024808 0.696910  0.400270 -0.131836 0.906864  0.849040 0.841088
chess_set_pieces_black
0  -0.144579 0.000008 0.672546  -0.442995 -0.000767 0.896524  0.816584 0.814550
0  -0.137516 -0.044499 0.672503  -0.422437 -0.135528 0.896203  0.823591 0.809462
0  -0.076558 -0.024593 0.696678  -0.407136 -0.130382 0.904014  0.829494 0.820939
chess_set_pieces_black
0  0.084198 -0.116689 0.673064  0.258089 -0.354148 0.898871  0.863165 0.830116
0  0.116129 -0.084772 0.673111  0.352862 -0.257402 0.899574  0.863049 0.838718
0  0.064490 -0.047268 0.696890  0.342819 -0.248551 0.905923  0.850464 0.836632
chess_set_pieces_black
0  0.043891 0.136849 0.672394  0.136762 0.416775 0.898663  0.823546 0.858819
0  -0.000568 0.143923 0.672410  -0.000313 0.438472 0.898745  0.816546 0.853817
0  -0.000581 0.079605 0.696424  0.000647 0.423785 0.905762  0.825609 0.844743
chess_set_pieces_black
0  -0.137537 0.044493 0.672575  -0.419380 0.138159 0.897236  0.811452 0.821542
0  -0.144579 0.000008 0.672546  -0.442995 -0.000767 0.896524  0.816584 0.814550
0  -0.080522 -0.000009 0.696640  -0.426652 0.000223 0.904416  0.825740 0.823661
chess_set_pieces_black
0  0.043982 -0.137166 0.673019  0.135953 -0.417505 0.898447  0.860629 0.821903
0  0.084198 -0.116689 0.673064  0.258089 -0.354148 0.898871  0.863165 0.830116
0  0.046787 -0.065208 0.696990  0.251523 -0.342687 0.905153  0.850510 0.832000
chess_set_pieces_black
0  0.084007 0.116417 0.672379  0.256789 0.359309 0.897194  0.831667 0.861428
0  0.043891 0.136849 0.672394  0.136762 0.416775 0.898663  0.823546 0.858819
0  0.023968 0.075626 0.696384  0.131741 0.402830 0.905744  0.829352 0.847421
chess_set_pieces_black
0  -0.117059 0.084629 0.672519  -0.355540 0.262982 0.896901  0.808753 0.829852
0  -0.137537 0.044493 0.672575  -0.419380 0.138159 0.897236  0.811452 0.821542
0  -0.076636 0.024687 0.696601  -0.402876 0.134637 0.905297  0.822989 0.827436
chess_set_pieces_black
0  -0.000587 -0.144209 0.672982  -0.003980 -0.439880 0.898048  0.855722 0.814832
0  0.043982 -0.137166 0.673019  0.135953 -0.417505 0.898447  0.860629 0.821903
0  0.024306 -0.076739 0.697118  0.132722 -0.405508 0.904405  0.849257 0.827543
chess_set_pieces_black
0  0.115913 0.084645 0.672565  0.353510 0.267340 0.896415  0.840183 0.861499
0  0.084007 0.116417 0.672379  0.256789 0.359309 0.897194  0.831667 0.861428
0  0.046133 0.064378 0.696376  0.244934 0.347392 0.905166  0.833628 0.848778
chess_set_pieces_black
0  -0.085159 0.116436 0.672374  -0.259445 0.359380 0.896401  0.808801 0.838561
0  -0.117059 0.084629 0.672519  -0.355540 0.262982 0.896901  0.808753 0.829852
0  -0.064974 0.046793 0.696433  -0.340822 0.252785 0.905505  0.821512 0.831911
chess_set_pieces_black
0  -0.045102 -0.137055 0.672753  -0.141243 -0.418992 0.896937  0.848819 0.809662
0  -0.000587 -0.144209 0.672982  -0.003980 -0.439880 0.898048  0.855722 0.814832
0  -0.000593 -0.080622 0.697177  -0.003786 -0.427440 0.904036  0.846661 0.823655
chess_set_pieces_black
0  0.136495 0.044541 0.672911  0.417065 0.145231 0.897198  0.848335 0.858853
0  0.115913 0.084645 0.672565  0.353510 0.267340 0.896415  0.840183 0.861499
0  0.064164 0.047074 0.696749  0.337017 0.258466 0.905326  0.838122 0.848944
chess_set_pieces_black
0  -0.045023 0.136871 0.672387  -0.137824 0.419499 0.897232  0.811471 0.846829
0  -0.085159 0.116436 0.672374  -0.259445 0.359380 0.896401  0.808801 0.838561
0  -0.047405 0.064467 0.696407  -0.248441 0.343982 0.905513  0.821542 0.836558
chess_set_pieces_black
0  -0.085277 -0.116593 0.672779  -0.262112 -0.355731 0.897080  0.840628 0.806885
0  -0.045102 -0.137055 0.672753  -0.141243 -0.418992 0.896937  0.848819 0.809662
0  -0.025355 -0.076507 0.696978  -0.137859 -0.405749 0.903528  0.842913 0.820972
chess_set_pieces_black
0  0.143711 0.000006 0.673317  0.436902 0.003887 0.899500  0.855323 0.853845
0  0.136495 0.044541 0.672911  0.417065 0.145231 0.897198  0.848335 0.858853
0  0.075747 0.024802 0.696964  0.399497 0.139394 0.906075  0.842550 0.847633
chess_set_pieces_black
0  -0.064974 0.046793 0.696433  -0.340822 0.252785 0.905505  0.821512 0.831911
0  -0.076636 0.024687 0.696601  -0.402876 0.134637 0.905297  0.822989 0.827436
0  -0.072781 0.023407 0.707238  -0.944597 0.324654 0.048325  0.824830 0.828377
chess_set_pieces_black
0  -0.000593 -0.080622 0.697177  -0.003786 -0.427440 0.904036  0.846661 0.823655
0  0.024306 -0.076739 0.697118  0.132722 -0.405508 0.904405  0.849257 0.827543
0  0.023276 -0.073524 0.707144  0.314258 -0.948723 0.034153  0.847563 0.828336
chess_set_pieces_black
0  0.064164 0.047074 0.696749  0.337017 0.258466 0.905326  0.838122 0.848944
0  0.046133 0.064378 0.696376  0.244934 0.347392 0.905166  0.833628 0.848778
0  0.043681 0.060980 0.707183  0.576590 0.815605 0.048285  0.833991 0.846871
chess_set_pieces_black
0  -0.047405 0.064467 0.696407  -0.248441 0.343982 0.905513  0.821542 0.836558
0  -0.064974 0.046793 0.696433  -0.340822 0.252785 0.905505  0.821512 0.831911
0  -0.061589 0.044324 0.707239  -0.802130 0.594579 0.055347  0.823644 0.832249
chess_set_pieces_black
0  -0.025355 -0.076507 0.696978  -0.137859 -0.405749 0.903528  0.842913 0.820972
0  -0.000593 -0.080622 0.697177  -0.003786 -0.427440 0.904036  0.846661 0.823655
0  -0.000596 -0.077353 0.707130  -0.004419 -0.999489 0.031659  0.845289 0.824999
chess_set_pieces_black
0  0.075747 0.024802 0.696964  0.399497 0.139394 0.906075  0.842550 0.847633
0  0.064164 0.047074 0.696749  0.337017 0.258466 0.905326  0.838122 0.848944
0  0.060750 0.044567 0.707206  0.796063 0.603222 0.049064  0.837858 0.846976
chess_set_pieces_black
0  -0.025145 0.075749 0.696404  -0.131245 0.403585 0.905480  0.822922 0.840948
0  -0.047405 0.064467 0.696407  -0.248441 0.343982 0.905513  0.821542 0.836558
0  -0.044844 0.060991 0.707220  -0.588511 0.806788 0.052415  0.823540 0.836251
chess_set_pieces_black
0  -0.047683 -0.064838 0.696849  -0.254612 -0.342972 0.904181  0.838558 0.819515
0  -0.025355 -0.076507 0.696978  -0.137859 -0.405749 0.903528  0.842913 0.820972
0  -0.024320 -0.073388 0.707145  -0.319926 -0.946960 0.030237  0.842072 0.822607
chess_set_pieces_black
0  0.079757 0.000017 0.697029  0.420517 0.003057 0.907280  0.846303 0.844852
0  0.075747 0.024802 0.696964  0.399497 0.139394 0.906075  0.842550 0.847633
0  0.071922 0.023567 0.707213  0.945810 0.321364 0.046572  0.841637 0.845816
chess_set_pieces_black
0  -0.000581 0.079605 0.696424  0.000647 0.423785 0.905762  0.825609 0.844743
0  -0.025145 0.075749 0.696404  -0.131245 0.403585 0.905480  0.822922 0.840948
0  -0.023837 0.071727 0.707196  -0.309411 0.949802 0.046275  0.824771 0.840022
chess_set_pieces_black
0  -0.065272 -0.046948 0.696697  -0.348019 -0.247117 0.904332  0.833920 0.819501
0  -0.047683 -0.064838 0.696849  -0.254612 -0.342972 0.904181  0.838558 0.819515
0  -0.045749 -0.062151 0.707144  -0.597751 -0.801137 0.029553  0.838248 0.821403
chess_set_pieces_black
0  0.075966 -0.024808 0.696910  0.400270 -0.131836 0.906864  0.849040 0.841088
0  0.079757 0.000017 0.697029  0.420517 0.003057 0.907280  0.846303 0.844852
0  0.075921 0.000058 0.707191  0.998964 0.006853 0.044987  0.844893 0.843491
chess_set_pieces_black
0  -0.076558 -0.024593 0.696678  -0.407136 -0.130382 0.904014  0.829494 0.820939
0  -0.065272 -0.046948 0.696697  -0.348019 -0.247117 0.904332  0.833920 0.819501
0  -0.062556 -0.044906 0.707147  -0.814358 -0.579497 0.031702  0.834206 0.821442
chess_set_pieces_black
0  0.064490 -0.047268 0.696890  0.342819 -0.248551 0.905923  0.850464 0.836632
0  0.075966 -0.024808 0.696910  0.400270 -0.131836 0.906864  0.849040 0.841088
0  0.072344 -0.023583 0.707200  0.951012 -0.305771 0.045602  0.847258 0.840226
chess_set_pieces_black
0  -0.080522 -0.000009 0.696640  -0.426652 0.000223 0.904416  0.825740 0.823661
0  -0.076558 -0.024593 0.696678  -0.407136 -0.130382 0.904014  0.829494 0.820939
0  -0.073270 -0.023480 0.707206  -0.951565 -0.305506 0.034484  0.830381 0.822716
chess_set_pieces_black
0  0.046787 -0.065208 0.696990  0.251523 -0.342687 0.905153  0.850510 0.832000
0  0.064490 -0.047268 0.696890  0.342819 -0.248551 0.905923  0.850464 0.836632
0  0.061547 -0.045071 0.707183  0.812409 -0.581542 0.042436  0.848519 0.836320
chess_set_pieces_black
0  0.023968 0.075626 0.696384  0.131741 0.402830 0.905744  0.829352 0.847421
0  -0.000581 0.079605 0.696424  0.000647 0.423785 0.905762  0.825609 0.844743
0  -0.000602 0.075402 0.707201  0.003299 0.998968 0.045296  0.827118 0.843238
chess_set_pieces_black
0  -0.076636 0.024687 0.696601  -0.402876 0.134637 0.905297  0.822989 0.827436
0  -0.080522 -0.000009 0.696640  -0.426652 0.000223 0.904416  0.825740 0.823661
0  -0.076849 0.000031 0.707190  -0.999232 0.006689 0.038599  0.827152 0.825093
chess_set_pieces_black
0  0.024306 -0.076739 0.697118  0.132722 -0.405508 0.904405  0.849257 0.827543
0  0.046787 -0.065208 0.696990  0.251523 -0.342687 0.905153  0.850510 0.832000
0  0.044685 -0.062349 0.707161  0.595705 -0.802302 0.038037  0.848680 0.832234
chess_set_pieces_black
0  0.046133 0.064378 0.696376  0.244934 0.347392 0.905166  0.833628 0.848778
0  0.023968 0.075626 0.696384  0.131741 0.402830 0.905744  0.829352 0.847421
0  0.022605 0.071612 0.707160  0.310048 0.949560 0.046976  0.830275 0.845608
chess_set_pieces_black
0  -0.073270 -0.023480 0.707206  -0.951565 -0.305506 0.034484  0.023978 0.405577
0  -0.062556 -0.044906 0.707147  -0.814358 -0.579497 0.031702  0.022710 0.409042
0  -0.064766 -0.046496 0.717953  -0.591236 -0.420887 -0.687963  0.020913 0.408719
chess_set_pieces_black
0  0.061547 -0.045071 0.707183  0.812409 -0.581542 0.042436  0.036019 0.422473
0  0.072344 -0.023583 0.707200  0.951012 -0.305771 0.045602  0.039548 0.421247
0  0.075022 -0.024449 0.717679  0.692782 -0.222040 -0.686113  0.040394 0.422900
chess_set_pieces_black
0  -0.076849 0.000031 0.707190  -0.999232 0.006689 0.038599  0.026287 0.402669
0  -0.073270 -0.023480 0.707206  -0.951565 -0.305506 0.034484  0.023978 0.405577
0  -0.075872 -0.024328 0.717945  -0.690474 -0.221398 -0.688643  0.022344 0.404705
chess_set_pieces_black
0  0.044685 -0.062349 0.707161  0.595705 -0.802302 0.038037  0.032271 0.422477
0  0.061547 -0.045071 0.707183  0.812409 -0.581542 0.042436  0.036019 0.422473
0  0.063821 -0.046764 0.717856  0.591686 -0.423020 -0.686267  0.036304 0.424214
chess_set_pieces_black
0  0.022605 0.071612 0.707160  0.310048 0.949560 0.046976  0.044835 0.405633
0  -0.000602 0.075402 0.707201  0.003299 0.998968 0.045296  0.042892 0.402709
0  -0.000607 0.078661 0.718201  0.001906 0.723249 -0.690585  0.044209 0.401468
chess_set_pieces_black
0  -0.072781 0.023407 0.707238  -0.944597 0.324654 0.048325  0.029365 0.400538
0  -0.076849 0.000031 0.707190  -0.999232 0.006689 0.038599  0.026287 0.402669
0  -0.079785 0.000009 0.717895  -0.723862 0.005738 -0.689921  0.024953 0.401263
chess_set_pieces_black
0  0.023276 -0.073524 0.707144  0.314258 -0.948723 0.034153  0.028747 0.421439
0  0.044685 -0.062349 0.707161  0.595705 -0.802302 0.038037  0.032271 0.422477
0  0.046361 -0.064537 0.717732  0.434413 -0.583177 -0.686433  0.032064 0.424268
chess_set_pieces_black
0  0.043681 0.060980 0.707183  0.576590 0.815605 0.048285  0.045935 0.409124
0  0.022605 0.071612 0.707160  0.310048 0.949560 0.046976  0.044835 0.405633
0  0.023596 0.074650 0.718282  0.226243 0.687808 -0.689735  0.046587 0.404847
chess_set_pieces_black
0  -0.061589 0.044324 0.707239  -0.802130 0.594579 0.055347  0.032961 0.399505
0  -0.072781 0.023407 0.707238  -0.944597 0.324654 0.048325  0.029365 0.400538
0  -0.075668 0.024330 0.718161  -0.683723 0.239116 -0.689454  0.028549 0.398841
chess_set_pieces_black
0  -0.000596 -0.077353 0.707130  -0.004419 -0.999489 0.031659  0.025763 0.419281
0  0.023276 -0.073524 0.707144  0.314258 -0.948723 0.034153  0.028747 0.421439
0  0.024078 -0.076109 0.717536  0.230782 -0.688551 -0.687486  0.027966 0.423021
chess_set_pieces_black
0  0.060750 0.044567 0.707206  0.796063 0.603222 0.049064  0.045924 0.412752
0  0.043681 0.060980 0.707183  0.576590 0.815605 0.048285  0.045935 0.409124
0  0.045545 0.063579 0.718291  0.419675 0.592153 -0.687915  0.047804 0.408868
chess_set_pieces_black
0  -0.044844 0.060991 0.707220  -0.588511 0.806788 0.052415  0.036626 0.399467
0  -0.061589 0.044324 0.707239  -0.802130 0.594579 0.055347  0.032961 0.399505
0  -0.063949 0.046016 0.718323  -0.582068 0.432476 -0.688594  0.032666 0.397536
chess_set_pieces_black
0  -0.024320 -0.073388 0.707145  -0.319926 -0.946960 0.030237  0.023678 0.416284
0  -0.000596 -0.077353 0.707130  -0.004419 -0.999489 0.031659  0.025763 0.419281
0  -0.000475 -0.080007 0.717478  -0.005025 -0.725297 -0.688417  0.024544 0.420541
chess_set_pieces_black
0  0.071922 0.023567 0.707213  0.945810 0.321364 0.046572  0.044822 0.416216
0  0.060750 0.044567 0.707206  0.796063 0.603222 0.049064  0.045924 0.412752
0  0.063300 0.046408 0.718091  0.580823 0.438209 -0.686016  0.047736 0.413065
chess_set_pieces_black
0  -0.023837 0.071727 0.707196  -0.309411 0.949802 0.046275  0.040056 0.400578
0  -0.044844 0.060991 0.707220  -0.588511 0.806788 0.052415  0.036626 0.399467
0  -0.046718 0.063567 0.718246  -0.428688 0.584935 -0.688533  0.036957 0.397576
chess_set_pieces_black
0  -0.045749 -0.062151 0.707144  -0.597751 -0.801137 0.029553  0.022564 0.412710
0  -0.024320 -0.073388 0.707145  -0.319926 -0.946960 0.030237  0.023678 0.416284
0  -0.025128 -0.075910 0.717626  -0.233086 -0.687287 -0.687973  0.022032 0.417080
chess_set_pieces_black
0  0.075921 0.000058 0.707191  0.998964 0.006853 0.044987  0.042603 0.419116
0  0.071922 0.023567 0.707213  0.945810 0.321364 0.046572  0.044822 0.416216
0  0.074864 0.024498 0.717892  0.689006 0.237314 -0.684801  0.046369 0.417023
chess_set_pieces_black
0  -0.000602 0.075402 0.707201  0.003299 0.998968 0.045296  0.042892 0.402709
0  -0.023837 0.071727 0.707196  -0.309411 0.949802 0.046275  0.040056 0.400578
0  -0.024826 0.074872 0.718224  -0.226865 0.688182 -0.689157  0.040966 0.398918
chess_set_pieces_black
0  -0.062556 -0.044906 0.707147  -0.814358 -0.579497 0.031702  0.022710 0.409042
0  -0.045749 -0.062151 0.707144  -0.597751 -0.801137 0.029553  0.022564 0.412710
0  -0.047361 -0.064386 0.717799  -0.435002 -0.581025 -0.687883  0.020826 0.412951
chess_set_pieces_black
0  0.072344 -0.023583 0.707200  0.951012 -0.305771 0.045602  0.039548 0.421247
0  0.075921 0.000058 0.707191  0.998964 0.006853 0.044987  0.042603 0.419116
0  0.078891 0.000046 0.717732  0.728264 0.006294 -0.685268  0.043871 0.420394
chess_set_pieces_black
0  -0.000575 0.155018 0.822116  -0.000319 0.969912 -0.243457  0.745929 0.407609
0  -0.000577 0.159747 0.864170  -0.000725 0.999985 0.005443  0.746779 0.398679
0  0.048775 0.151929 0.864174  0.309098 0.951018 0.004879  0.756776 0.400243
chess_set_pieces_black
0  -0.000564 0.138774 0.945272  -0.000826 0.874723 0.484623  0.751978 0.381368
0  -0.000573 0.113361 0.978881  0.000771 0.727882 0.685702  0.755998 0.373394
0  0.034417 0.107703 0.978762  0.227439 0.691092 0.686049  0.762993 0.376134
chess_set_pieces_black
0  -0.000572 0.138972 0.782956  -0.000495 0.875798 -0.482677  0.745907 0.416643
0  -0.000575 0.155018 0.822116  -0.000319 0.969912 -0.243457  0.745929 0.407609
0  0.047285 0.147387 0.822120  0.300457 0.922103 -0.243825  0.755773 0.408445
chess_set_pieces_black
0  -0.000568 0.154572 0.906074  -0.001096 0.969074 0.246769  0.748708 0.389820
0  -0.000564 0.138774 0.945272  -0.000826 0.874723 0.484623  0.751978 0.381368
0  0.042251 0.131872 0.945195  0.271726 0.831120 0.485185  0.760338 0.384358
chess_set_pieces_black
0  -0.000561 0.080411 1.005162  0.002546 0.529867 0.848077  0.536769 0.336868
0  -0.000572 0.041336 1.020381  0.001190 0.305002 0.952351  0.531250 0.342352
0  0.012202 0.039333 1.020474  0.095413 0.292033 0.951637  0.529331 0.340966
chess_set_pieces_black
0  -0.000566 0.113883 0.748960  0.000343 0.741364 -0.671103  0.050260 0.395668
0  -0.000572 0.138972 0.782956  -0.000495 0.875798 -0.482677  0.056709 0.389508
0  0.042334 0.132168 0.782961  0.272243 0.832310 -0.482850  0.062105 0.397594
chess_set_pieces_black
0  -0.000577 0.159747 0.864170  -0.000725 0.999985 0.005443  0.746779 0.398679
0  -0.000568 0.154572 0.906074  -0.001096 0.969074 0.246769  0.748708 0.389820
0  0.047173 0.147028 0.906075  0.299930 0.921418 0.247045  0.758305 0.392301
chess_set_pieces_black
0  -0.000573 0.113361 0.978881  0.000771 0.727882 0.685702  0.542692 0.331021
0  -0.000561 0.080411 1.005162  0.002546 0.529867 0.848077  0.536769 0.336868
0  0.024256 0.076402 1.005018  0.166602 0.503801 0.847602  0.532876 0.334063
chess_set_pieces_black
0  0.066246 0.092002 0.749114  0.434262 0.601586 -0.670456  0.056100 0.407791
0  0.045545 0.063579 0.718291  0.419675 0.592153 -0.687915  0.047804 0.408868
0  0.023596 0.074650 0.718282  0.226243 0.687808 -0.689735  0.046587 0.404847
chess_set_pieces_black
0  0.024256 0.076402 1.005018  0.166602 0.503801 0.847602  0.532876 0.334063
0  0.012202 0.039333 1.020474  0.095413 0.292033 0.951637  0.529331 0.340966
0  0.023738 0.033458 1.020464  0.180929 0.250076 0.951171  0.527081 0.340242
chess_set_pieces_black
0  0.034535 0.108195 0.749070  0.231446 0.704029 -0.671398  0.054164 0.401227
0  0.042334 0.132168 0.782961  0.272243 0.832310 -0.482850  0.062105 0.397594
0  0.081029 0.112334 0.783031  0.514573 0.708599 -0.482807  0.064664 0.406802
chess_set_pieces_black
0  0.048775 0.151929 0.864174  0.309098 0.951018 0.004879  0.756776 0.400243
0  0.047173 0.147028 0.906075  0.299930 0.921418 0.247045  0.758305 0.392301
0  0.090260 0.125033 0.906062  0.569331 0.783847 0.247884  0.767069 0.393954
chess_set_pieces_black
0  0.034417 0.107703 0.978762  0.227439 0.691092 0.686049  0.536743 0.326642
0  0.024256 0.076402 1.005018  0.166602 0.503801 0.847602  0.532876 0.334063
0  0.046628 0.064961 1.004987  0.312470 0.429833 0.847116  0.528306 0.332606
chess_set_pieces_black
0  0.091512 0.066876 0.749020  0.597113 0.442414 -0.669123  0.055931 0.414584
0  0.063300 0.046408 0.718091  0.580823 0.438209 -0.686016  0.047736 0.413065
0  0.045545 0.063579 0.718291  0.419675 0.592153 -0.687915  0.047804 0.408868
chess_set_pieces_black
0  0.047285 0.147387 0.822120  0.300457 0.922103 -0.243825  0.755773 0.408445
0  0.048775 0.151929 0.864174  0.309098 0.951018 0.004879  0.756776 0.400243
0  0.093330 0.129257 0.864173  0.587456 0.809243 0.004613  0.766031 0.401500
chess_set_pieces_black
0  0.042251 0.131872 0.945195  0.271726 0.831120 0.485185  0.760338 0.384358
0  0.034417 0.107703 0.978762  0.227439 0.691092 0.686049  0.762993 0.376134
0  0.065967 0.091593 0.978737  0.427901 0.588253 0.686192  0.770202 0.378142
chess_set_pieces_black
0  0.042334 0.132168 0.782961  0.272243 0.832310 -0.482850  0.755133 0.417074
0  0.047285 0.147387 0.822120  0.300457 0.922103 -0.243825  0.755773 0.408445
0  0.090475 0.125333 0.822145  0.569897 0.784540 -0.244365  0.765158 0.409347
chess_set_pieces_black
0  0.047173 0.147028 0.906075  0.299930 0.921418 0.247045  0.758305 0.392301
0  0.042251 0.131872 0.945195  0.271726 0.831120 0.485185  0.760338 0.384358
0  0.080902 0.112154 0.945186  0.513933 0.707019 0.485794  0.768477 0.386260
chess_set_pieces_black
0  0.080902 0.112154 0.945186  0.513933 0.707019 0.485794  0.768477 0.386260
0  0.065967 0.091593 0.978737  0.427901 0.588253 0.686192  0.770202 0.378142
0  0.091018 0.066535 0.978725  0.588433 0.428234 0.685830  0.777513 0.379281
chess_set_pieces_black
0  0.081029 0.112334 0.783031  0.514573 0.708599 -0.482807  0.764400 0.418051
0  0.090475 0.125333 0.822145  0.569897 0.784540 -0.244365  0.765158 0.409347
0  0.124798 0.091058 0.822134  0.782770 0.572613 -0.243690  0.774318 0.410162
chess_set_pieces_black
0  0.090260 0.125033 0.906062  0.569331 0.783847 0.247884  0.767069 0.393954
0  0.080902 0.112154 0.945186  0.513933 0.707019 0.485794  0.768477 0.386260
0  0.111595 0.081470 0.945190  0.706442 0.513951 0.486614  0.776466 0.387514
chess_set_pieces_black
0  0.046628 0.064961 1.004987  0.312470 0.429833 0.847116  0.528306 0.332606
0  0.023738 0.033458 1.020464  0.180929 0.250076 0.951171  0.527081 0.340242
0  0.032892 0.024318 1.020490  0.246973 0.184661 0.951265  0.524718 0.340225
chess_set_pieces_black
0  0.066246 0.092002 0.749114  0.434262 0.601586 -0.670456  0.056100 0.407791
0  0.081029 0.112334 0.783031  0.514573 0.708599 -0.482807  0.064664 0.406802
0  0.111861 0.081664 0.782962  0.706064 0.518464 -0.482357  0.064313 0.416205
chess_set_pieces_black
0  0.093330 0.129257 0.864173  0.587456 0.809243 0.004613  0.766031 0.401500
0  0.090260 0.125033 0.906062  0.569331 0.783847 0.247884  0.767069 0.393954
0  0.124504 0.090853 0.906083  0.782630 0.570608 0.248790  0.775606 0.395031
chess_set_pieces_black
0  0.065967 0.091593 0.978737  0.427901 0.588253 0.686192  0.529674 0.324295
0  0.046628 0.064961 1.004987  0.312470 0.429833 0.847116  0.528306 0.332606
0  0.064417 0.047230 1.005020  0.429046 0.314738 0.846676  0.523504 0.332527
chess_set_pieces_black
0  0.107798 0.035201 0.748875  0.704969 0.236889 -0.668507  0.053741 0.420989
0  0.074864 0.024498 0.717892  0.689006 0.237314 -0.684801  0.046369 0.417023
0  0.063300 0.046408 0.718091  0.580823 0.438209 -0.686016  0.047736 0.413065
chess_set_pieces_black
0  0.090475 0.125333 0.822145  0.569897 0.784540 -0.244365  0.765158 0.409347
0  0.093330 0.129257 0.864173  0.587456 0.809243 0.004613  0.766031 0.401500
0  0.128711 0.093917 0.864170  0.807723 0.589545 0.004446  0.774883 0.402455
chess_set_pieces_black
0  0.091018 0.066535 0.978725  0.588433 0.428234 0.685830  0.522247 0.324293
0  0.064417 0.047230 1.005020  0.429046 0.314738 0.846676  0.523504 0.332527
0  0.075925 0.024853 1.005148  0.505581 0.171368 0.845589  0.518930 0.334024
chess_set_pieces_black
0  0.113596 0.000014 0.748690  0.743678 0.005256 -0.668517  0.049604 0.426358
0  0.078891 0.000046 0.717732  0.728264 0.006294 -0.685268  0.043871 0.420394
0  0.074864 0.024498 0.717892  0.689006 0.237314 -0.684801  0.046369 0.417023
chess_set_pieces_black
0  0.124798 0.091058 0.822134  0.782770 0.572613 -0.243690  0.774318 0.410162
0  0.128711 0.093917 0.864170  0.807723 0.589545 0.004446  0.774883 0.402455
0  0.151607 0.049427 0.864178  0.950131 0.311813 0.004945  0.783626 0.403093
chess_set_pieces_black
0  0.111595 0.081470 0.945190  0.706442 0.513951 0.486614  0.776466 0.387514
0  0.091018 0.066535 0.978725  0.588433 0.428234 0.685830  0.777513 0.379281
0  0.107087 0.034977 0.978720  0.692801 0.227249 0.684387  0.784920 0.379889
chess_set_pieces_black
0  0.111861 0.081664 0.782962  0.706064 0.518464 -0.482357  0.773758 0.418696
0  0.124798 0.091058 0.822134  0.782770 0.572613 -0.243690  0.774318 0.410162
0  0.147028 0.047931 0.822071  0.921479 0.303552 -0.242347  0.783333 0.410686
chess_set_pieces_black
0  0.124504 0.090853 0.906083  0.782630 0.570608 0.248790  0.775606 0.395031
0  0.111595 0.081470 0.945190  0.706442 0.513951 0.486614  0.776466 0.387514
0  0.131273 0.042823 0.945188  0.829739 0.270791 0.488063  0.784403 0.388205
chess_set_pieces_black
0  0.064417 0.047230 1.005020  0.429046 0.314738 0.846676  0.523504 0.332527
0  0.032892 0.024318 1.020490  0.246973 0.184661 0.951265  0.524718 0.340225
0  0.038782 0.012798 1.020578  0.288207 0.104237 0.951878  0.522460 0.340946
chess_set_pieces_black
0  0.091512 0.066876 0.749020  0.597113 0.442414 -0.669123  0.055931 0.414584
0  0.111861 0.081664 0.782962  0.706064 0.518464 -0.482357  0.064313 0.416205
0  0.131905 0.043007 0.782804  0.831567 0.275922 -0.482042  0.061228 0.424982
chess_set_pieces_black
0  0.128711 0.093917 0.864170  0.807723 0.589545 0.004446  0.774883 0.402455
0  0.124504 0.090853 0.906083  0.782630 0.570608 0.248790  0.775606 0.395031
0  0.146597 0.047802 0.906122  0.920104 0.301484 0.250032  0.784000 0.395758
chess_set_pieces_black
0  0.146597 0.047802 0.906122  0.920104 0.301484 0.250032  0.784000 0.395758
0  0.131273 0.042823 0.945188  0.829739 0.270791 0.488063  0.784403 0.388205
0  0.138071 0.000000 0.945210  0.872234 0.003632 0.489075  0.792372 0.388412
chess_set_pieces_black
0  0.075925 0.024853 1.005148  0.505581 0.171368 0.845589  0.518930 0.334024
0  0.038782 0.012798 1.020578  0.288207 0.104237 0.951878  0.522460 0.340946
0  0.040830 0.000008 1.020720  0.302649 0.006531 0.953080  0.520533 0.342335
chess_set_pieces_black
0  0.107798 0.035201 0.748875  0.704969 0.236889 -0.668507  0.053741 0.420989
0  0.131905 0.043007 0.782804  0.831567 0.275922 -0.482042  0.061228 0.424982
0  0.138855 -0.000002 0.782691  0.876432 0.003812 -0.481510  0.055684 0.432597
chess_set_pieces_black
0  0.151607 0.049427 0.864178  0.950131 0.311813 0.004945  0.783626 0.403093
0  0.146597 0.047802 0.906122  0.920104 0.301484 0.250032  0.784000 0.395758
0  0.154356 0.000004 0.906165  0.968106 0.003416 0.250519  0.792351 0.396014
chess_set_pieces_black
0  0.107087 0.034977 0.978720  0.692801 0.227249 0.684387  0.515204 0.326527
0  0.075925 0.024853 1.005148  0.505581 0.171368 0.845589  0.518930 0.334024
0  0.080095 0.000058 1.005479  0.533747 0.004812 0.845630  0.515073 0.336848
chess_set_pieces_black
0  0.108125 -0.035277 0.748569  0.707918 -0.226952 -0.668838  0.044093 0.430356
0  0.075022 -0.024449 0.717679  0.692782 -0.222040 -0.686113  0.040394 0.422900
0  0.078891 0.000046 0.717732  0.728264 0.006294 -0.685268  0.043871 0.420394
chess_set_pieces_black
0  0.147028 0.047931 0.822071  0.921479 0.303552 -0.242347  0.783333 0.410686
0  0.151607 0.049427 0.864178  0.950131 0.311813 0.004945  0.783626 0.403093
0  0.159476 0.000004 0.864177  0.999983 0.002970 0.004947  0.792318 0.403352
chess_set_pieces_black
0  0.131273 0.042823 0.945188  0.829739 0.270791 0.488063  0.784403 0.388205
0  0.107087 0.034977 0.978720  0.692801 0.227249 0.684387  0.784920 0.379889
0  0.112643 0.000010 0.978740  0.729804 0.003848 0.683645  0.792405 0.380046
chess_set_pieces_black
0  0.131905 0.043007 0.782804  0.831567 0.275922 -0.482042  0.783018 0.419117
0  0.147028 0.047931 0.822071  0.921479 0.303552 -0.242347  0.783333 0.410686
0  0.154785 0.000004 0.822039  0.970443 0.002868 -0.241313  0.792259 0.410903
chess_set_pieces_black
0  0.138071 0.000000 0.945210  0.872234 0.003632 0.489075  0.792372 0.388412
0  0.112643 0.000010 0.978740  0.729804 0.003848 0.683645  0.792405 0.380046
0  0.107265 -0.035022 0.978893  0.694888 -0.218569 0.685098  0.799935 0.379786
chess_set_pieces_black
0  0.138855 -0.000002 0.782691  0.876432 0.003812 -0.481510  0.792188 0.419269
0  0.154785 0.000004 0.822039  0.970443 0.002868 -0.241313  0.792259 0.410903
0  0.147300 -0.048018 0.822002  0.923816 -0.296414 -0.242286  0.801196 0.410881
chess_set_pieces_black
0  0.154356 0.000004 0.906165  0.968106 0.003416 0.250519  0.792351 0.396014
0  0.138071 0.000000 0.945210  0.872234 0.003632 0.489075  0.792372 0.388412
0  0.131544 -0.042894 0.945358  0.831719 -0.262628 0.489152  0.800378 0.388223
chess_set_pieces_black
0  0.080095 0.000058 1.005479  0.533747 0.004812 0.845630  0.515073 0.336848
0  0.040830 0.000008 1.020720  0.302649 0.006531 0.953080  0.520533 0.342335
0  0.038817 -0.012799 1.020755  0.289032 -0.092512 0.952839  0.519143 0.344263
chess_set_pieces_black
0  0.113596 0.000014 0.748690  0.743678 0.005256 -0.668517  0.049604 0.426358
0  0.138855 -0.000002 0.782691  0.876432 0.003812 -0.481510  0.055684 0.432597
0  0.132160 -0.043104 0.782637  0.834622 -0.268120 -0.481163  0.047902 0.438125
chess_set_pieces_black
0  0.159476 0.000004 0.864177  0.999983 0.002970 0.004947  0.792318 0.403352
0  0.154356 0.000004 0.906165  0.968106 0.003416 0.250519  0.792351 0.396014
0  0.146951 -0.047908 0.906205  0.922683 -0.293641 0.249862  0.800722 0.395838
chess_set_pieces_black
0  0.112643 0.000010 0.978740  0.729804 0.003848 0.683645  0.509138 0.330863
0  0.080095 0.000058 1.005479  0.533747 0.004812 0.845630  0.515073 0.336848
0  0.076055 -0.024904 1.005380  0.507991 -0.161307 0.846123  0.512195 0.340708
chess_set_pieces_black
0  0.091988 -0.067197 0.748480  0.603712 -0.433208 -0.669225  0.037602 0.432473
0  0.063821 -0.046764 0.717856  0.591686 -0.423020 -0.686267  0.036304 0.424214
0  0.075022 -0.024449 0.717679  0.692782 -0.222040 -0.686113  0.040394 0.422900
chess_set_pieces_black
0  0.154785 0.000004 0.822039  0.970443 0.002868 -0.241313  0.792259 0.410903
0  0.159476 0.000004 0.864177  0.999983 0.002970 0.004947  0.792318 0.403352
0  0.151874 -0.049511 0.864181  0.952515 -0.304464 0.004067  0.801041 0.403224
chess_set_pieces_black
0  0.151874 -0.049511 0.864181  0.952515 -0.304464 0.004067  0.801041 0.403224
0  0.146951 -0.047908 0.906205  0.922683 -0.293641 0.249862  0.800722 0.395838
0  0.125195 -0.091327 0.906273  0.788755 -0.562036 0.248960  0.809227 0.395258
chess_set_pieces_black
0  0.107265 -0.035022 0.978893  0.694888 -0.218569 0.685098  0.504747 0.336887
0  0.076055 -0.024904 1.005380  0.507991 -0.161307 0.846123  0.512195 0.340708
0  0.064659 -0.047377 1.005513  0.432943 -0.304843 0.848311  0.510767 0.345297
chess_set_pieces_black
0  0.066720 -0.092642 0.748362  0.442251 -0.596149 -0.670090  0.030749 0.432550
0  0.046361 -0.064537 0.717732  0.434413 -0.583177 -0.686433  0.032064 0.424268
0  0.063821 -0.046764 0.717856  0.591686 -0.423020 -0.686267  0.036304 0.424214
chess_set_pieces_black
0  0.147300 -0.048018 0.822002  0.923816 -0.296414 -0.242286  0.801196 0.410881
0  0.151874 -0.049511 0.864181  0.952515 -0.304464 0.004067  0.801041 0.403224
0  0.129380 -0.094390 0.864189  0.813697 -0.581281 0.003053  0.809853 0.402762
chess_set_pieces_black
0  0.131544 -0.042894 0.945358  0.831719 -0.262628 0.489152  0.800378 0.388223
0  0.107265 -0.035022 0.978893  0.694888 -0.218569 0.685098  0.799935 0.379786
0  0.091372 -0.066767 0.979141  0.593178 -0.418339 0.687846  0.807485 0.379075
chess_set_pieces_black
0  0.132160 -0.043104 0.782637  0.834622 -0.268120 -0.481163  0.801289 0.419173
0  0.147300 -0.048018 0.822002  0.923816 -0.296414 -0.242286  0.801196 0.410881
0  0.125375 -0.091470 0.821949  0.788167 -0.564795 -0.244539  0.810234 0.410504
chess_set_pieces_black
0  0.146951 -0.047908 0.906205  0.922683 -0.293641 0.249862  0.800722 0.395838
0  0.131544 -0.042894 0.945358  0.831719 -0.262628 0.489152  0.800378 0.388223
0  0.112130 -0.081845 0.945580  0.711638 -0.504353 0.489080  0.808454 0.387586
chess_set_pieces_black
0  0.076055 -0.024904 1.005380  0.507991 -0.161307 0.846123  0.512195 0.340708
0  0.038817 -0.012799 1.020755  0.289032 -0.092512 0.952839  0.519143 0.344263
0  0.032941 -0.024347 1.020773  0.246966 -0.173655 0.953337  0.518421 0.346518
chess_set_pieces_black
0  0.108125 -0.035277 0.748569  0.707918 -0.226952 -0.668838  0.044093 0.430356
0  0.132160 -0.043104 0.782637  0.834622 -0.268120 -0.481163  0.047902 0.438125
0  0.112390 -0.082048 0.782611  0.711732 -0.511016 -0.481975  0.038869 0.440979
chess_set_pieces_black
0  0.125195 -0.091327 0.906273  0.788755 -0.562036 0.248960  0.809227 0.395258
0  0.112130 -0.081845 0.945580  0.711638 -0.504353 0.489080  0.808454 0.387586
0  0.081596 -0.113079 0.945867  0.521873 -0.697873 0.490533  0.816676 0.386433
chess_set_pieces_black
0  0.064659 -0.047377 1.005513  0.432943 -0.304843 0.848311  0.510767 0.345297
0  0.032941 -0.024347 1.020773  0.246966 -0.173655 0.953337  0.518421 0.346518
0  0.023780 -0.033515 1.020794  0.179927 -0.238041 0.954444  0.518408 0.348888
chess_set_pieces_black
0  0.091988 -0.067197 0.748480  0.603712 -0.433208 -0.669225  0.037602 0.432473
0  0.112390 -0.082048 0.782611  0.711732 -0.511016 -0.481975  0.038869 0.440979
0  0.081635 -0.113182 0.782426  0.520575 -0.703184 -0.484288  0.029458 0.440979
chess_set_pieces_black
0  0.129380 -0.094390 0.864189  0.813697 -0.581281 0.003053  0.809853 0.402762
0  0.125195 -0.091327 0.906273  0.788755 -0.562036 0.248960  0.809227 0.395258
0  0.091101 -0.126172 0.906402  0.578885 -0.776581 0.248624  0.817933 0.394326
chess_set_pieces_black
0  0.091372 -0.066767 0.979141  0.593178 -0.418339 0.687846  0.502394 0.343982
0  0.064659 -0.047377 1.005513  0.432943 -0.304843 0.848311  0.510767 0.345297
0  0.046903 -0.065299 1.005721  0.316412 -0.419965 0.850595  0.510734 0.350096
chess_set_pieces_black
0  0.034803 -0.109117 0.748136  0.235049 -0.702939 -0.671289  0.024198 0.430387
0  0.024078 -0.076109 0.717536  0.230782 -0.688551 -0.687486  0.027966 0.423021
0  0.046361 -0.064537 0.717732  0.434413 -0.583177 -0.686433  0.032064 0.424268
chess_set_pieces_black
0  0.125375 -0.091470 0.821949  0.788167 -0.564795 -0.244539  0.810234 0.410504
0  0.129380 -0.094390 0.864189  0.813697 -0.581281 0.003053  0.809853 0.402762
0  0.094123 -0.130360 0.864175  0.596247 -0.802800 0.001110  0.818851 0.402017
chess_set_pieces_black
0  0.112130 -0.081845 0.945580  0.711638 -0.504353 0.489080  0.808454 0.387586
0  0.091372 -0.066767 0.979141  0.593178 -0.418339 0.687846  0.807485 0.379075
0  0.066394 -0.092163 0.979419  0.434030 -0.578525 0.690598  0.815073 0.377858
chess_set_pieces_black
0  0.112390 -0.082048 0.782611  0.711732 -0.511016 -0.481975  0.810574 0.419163
0  0.125375 -0.091470 0.821949  0.788167 -0.564795 -0.244539  0.810234 0.410504
0  0.091177 -0.126293 0.821830  0.577037 -0.778464 -0.247027  0.819482 0.410003
chess_set_pieces_black
0  0.091177 -0.126293 0.821830  0.577037 -0.778464 -0.247027  0.819482 0.410003
0  0.094123 -0.130360 0.864175  0.596247 -0.802800 0.001110  0.818851 0.402017
0  0.049351 -0.153872 0.864168  0.316270 -0.948669 0.000217  0.828235 0.401076
chess_set_pieces_black
0  0.081596 -0.113079 0.945867  0.521873 -0.697873 0.490533  0.816676 0.386433
0  0.066394 -0.092163 0.979419  0.434030 -0.578525 0.690598  0.815073 0.377858
0  0.034719 -0.108617 0.979695  0.230299 -0.683563 0.692607  0.822639 0.376031
chess_set_pieces_black
0  0.081635 -0.113182 0.782426  0.520575 -0.703184 -0.484288  0.819947 0.418603
0  0.091177 -0.126293 0.821830  0.577037 -0.778464 -0.247027  0.819482 0.410003
0  0.047767 -0.148939 0.821645  0.306248 -0.918780 -0.249109  0.828973 0.409418
chess_set_pieces_black
0  0.091101 -0.126172 0.906402  0.578885 -0.776581 0.248624  0.817933 0.394326
0  0.081596 -0.113079 0.945867  0.521873 -0.697873 0.490533  0.816676 0.386433
0  0.042703 -0.133395 0.946136  0.276091 -0.825275 0.492641  0.825160 0.384647
chess_set_pieces_black
0  0.046903 -0.065299 1.005721  0.316412 -0.419965 0.850595  0.510734 0.350096
0  0.023780 -0.033515 1.020794  0.179927 -0.238041 0.954444  0.518408 0.348888
0  0.012231 -0.039398 1.020809  0.096004 -0.278838 0.955527  0.519153 0.351138
chess_set_pieces_black
0  0.066720 -0.092642 0.748362  0.442251 -0.596149 -0.670090  0.030749 0.432550
0  0.081635 -0.113182 0.782426  0.520575 -0.703184 -0.484288  0.029458 0.440979
0  0.042705 -0.133350 0.782245  0.276382 -0.828746 -0.486613  0.020348 0.438211
chess_set_pieces_black
0  0.094123 -0.130360 0.864175  0.596247 -0.802800 0.001110  0.818851 0.402017
0  0.091101 -0.126172 0.906402  0.578885 -0.776581 0.248624  0.817933 0.394326
0  0.047813 -0.149031 0.906589  0.306489 -0.918560 0.249625  0.827028 0.392916
chess_set_pieces_black
0  0.066394 -0.092163 0.979419  0.434030 -0.578525 0.690598  0.502415 0.351504
0  0.046903 -0.065299 1.005721  0.316412 -0.419965 0.850595  0.510734 0.350096
0  0.024419 -0.076857 1.005948  0.168513 -0.494703 0.852568  0.512226 0.354671
chess_set_pieces_black
0  -0.000559 -0.114814 0.748060  -0.001276 -0.740084 -0.672513  0.018689 0.426300
0  -0.000475 -0.080007 0.717478  -0.005025 -0.725297 -0.688417  0.024544 0.420541
0  0.024078 -0.076109 0.717536  0.230782 -0.688551 -0.687486  0.027966 0.423021
chess_set_pieces_black
0  0.049351 -0.153872 0.864168  0.316270 -0.948669 0.000217  0.828235 0.401076
0  0.047813 -0.149031 0.906589  0.306489 -0.918560 0.249625  0.827028 0.392916
0  -0.000619 -0.156764 0.906639  -0.003216 -0.968167 0.250285  0.836842 0.390682
chess_set_pieces_black
0  0.034719 -0.108617 0.979695  0.230299 -0.683563 0.692607  0.504776 0.358599
0  0.024419 -0.076857 1.005948  0.168513 -0.494703 0.852568  0.512226 0.354671
0  -0.000565 -0.080914 1.006078  0.002349 -0.521525 0.853233  0.515051 0.358566
chess_set_pieces_black
0  -0.035955 -0.109045 0.748200  -0.235097 -0.701521 -0.672754  0.014622 0.420749
0  -0.025128 -0.075910 0.717626  -0.233086 -0.687287 -0.687973  0.022032 0.417080
0  -0.000475 -0.080007 0.717478  -0.005025 -0.725297 -0.688417  0.024544 0.420541
chess_set_pieces_black
0  0.047767 -0.148939 0.821645  0.306248 -0.918780 -0.249109  0.828973 0.409418
0  0.049351 -0.153872 0.864168  0.316270 -0.948669 0.000217  0.828235 0.401076
0  -0.000573 -0.161938 0.864171  -0.002210 -0.999997 0.000941  0.838615 0.399794
chess_set_pieces_black
0  0.042703 -0.133395 0.946136  0.276091 -0.825275 0.492641  0.825160 0.384647
0  0.034719 -0.108617 0.979695  0.230299 -0.683563 0.692607  0.822639 0.376031
0  -0.000579 -0.114361 0.979837  -0.000589 -0.721595 0.692315  0.830010 0.373360
chess_set_pieces_black
0  0.042705 -0.133350 0.782245  0.276382 -0.828746 -0.486613  0.829214 0.418101
0  0.047767 -0.148939 0.821645  0.306248 -0.918780 -0.249109  0.828973 0.409418
0  -0.000564 -0.156857 0.821576  -0.000755 -0.968416 -0.249340  0.839026 0.409019
chess_set_pieces_black
0  0.047813 -0.149031 0.906589  0.306489 -0.918560 0.249625  0.827028 0.392916
0  0.042703 -0.133395 0.946136  0.276091 -0.825275 0.492641  0.825160 0.384647
0  -0.000579 -0.140323 0.946210  -0.002885 -0.870258 0.492588  0.833872 0.381910
chess_set_pieces_black
0  0.024419 -0.076857 1.005948  0.168513 -0.494703 0.852568  0.512226 0.354671
0  0.012231 -0.039398 1.020809  0.096004 -0.278838 0.955527  0.519153 0.351138
0  -0.000567 -0.041430 1.020848  0.003454 -0.292649 0.956214  0.520538 0.353059
chess_set_pieces_black
0  0.034803 -0.109117 0.748136  0.235049 -0.702939 -0.671289  0.024198 0.430387
0  0.042705 -0.133350 0.782245  0.276382 -0.828746 -0.486613  0.020348 0.438211
0  -0.000557 -0.140388 0.782114  -0.000246 -0.872939 -0.487829  0.012383 0.432584
chess_set_pieces_black
0  -0.000557 -0.140388 0.782114  -0.000246 -0.872939 -0.487829  0.988695 0.624830
0  -0.000564 -0.156857 0.821576  -0.000755 -0.968416 -0.249340  0.989079 0.634015
0  -0.048894 -0.148890 0.821668  -0.306227 -0.919257 -0.247367  0.979014 0.633583
chess_set_pieces_black
0  -0.000619 -0.156764 0.906639  -0.003216 -0.968167 0.250285  0.986968 0.652383
0  -0.000579 -0.140323 0.946210  -0.002885 -0.870258 0.492588  0.983907 0.661230
0  -0.043783 -0.133136 0.945998  -0.277995 -0.825971 0.490398  0.975141 0.658423
chess_set_pieces_black
0  -0.000565 -0.080914 1.006078  0.002349 -0.521525 0.853233  0.515051 0.358566
0  -0.000567 -0.041430 1.020848  0.003454 -0.292649 0.956214  0.520538 0.353059
0  -0.013375 -0.039406 1.020890  -0.092141 -0.278091 0.956125  0.522453 0.354460
chess_set_pieces_black
0  -0.000559 -0.114814 0.748060  -0.001276 -0.740084 -0.672513  0.018689 0.426300
0  -0.000557 -0.140388 0.782114  -0.000246 -0.872939 -0.487829  0.012383 0.432584
0  -0.043866 -0.133372 0.782222  -0.275957 -0.828722 -0.486895  0.006777 0.424582
chess_set_pieces_black
0  -0.000573 -0.161938 0.864171  -0.002210 -0.999997 0.000941  0.988601 0.643192
0  -0.000619 -0.156764 0.906639  -0.003216 -0.968167 0.250285  0.986968 0.652383
0  -0.048853 -0.148670 0.906506  -0.307878 -0.917936 0.250209  0.977001 0.650167
chess_set_pieces_black
0  -0.000579 -0.114361 0.979837  -0.000589 -0.721595 0.692315  0.509212 0.364582
0  -0.000565 -0.080914 1.006078  0.002349 -0.521525 0.853233  0.515051 0.358566
0  -0.025532 -0.077003 1.006095  -0.166641 -0.496205 0.852063  0.518922 0.361383
chess_set_pieces_black
0  -0.067845 -0.092621 0.748382  -0.440764 -0.594466 -0.672560  0.012509 0.414198
0  -0.047361 -0.064386 0.717799  -0.435002 -0.581025 -0.687883  0.020826 0.412951
0  -0.025128 -0.075910 0.717626  -0.233086 -0.687287 -0.687973  0.022032 0.417080
chess_set_pieces_black
0  -0.000564 -0.156857 0.821576  -0.000755 -0.968416 -0.249340  0.989079 0.634015
0  -0.000573 -0.161938 0.864171  -0.002210 -0.999997 0.000941  0.988601 0.643192
0  -0.050461 -0.153668 0.864179  -0.316700 -0.948523 0.002293  0.978300 0.641977
chess_set_pieces_black
0  -0.000579 -0.140323 0.946210  -0.002885 -0.870258 0.492588  0.983907 0.661230
0  -0.000579 -0.114361 0.979837  -0.000589 -0.721595 0.692315  0.979961 0.669777
0  -0.035843 -0.108603 0.979678  -0.231206 -0.686197 0.689694  0.972583 0.667044
chess_set_pieces_black
0  -0.048894 -0.148890 0.821668  -0.306227 -0.919257 -0.247367  0.979014 0.633583
0  -0.050461 -0.153668 0.864179  -0.316700 -0.948523 0.002293  0.978300 0.641977
0  -0.095209 -0.130293 0.864181  -0.594571 -0.804035 0.003703  0.968839 0.641016
chess_set_pieces_black
0  -0.043783 -0.133136 0.945998  -0.277995 -0.825971 0.490398  0.975141 0.658423
0  -0.035843 -0.108603 0.979678  -0.231206 -0.686197 0.689694  0.972583 0.667044
0  -0.067556 -0.092178 0.979443  -0.433655 -0.582899 0.687148  0.965034 0.665163
chess_set_pieces_black
0  -0.043866 -0.133372 0.782222  -0.275957 -0.828722 -0.486895  0.979296 0.624806
0  -0.048894 -0.148890 0.821668  -0.306227 -0.919257 -0.247367  0.979014 0.633583
0  -0.092336 -0.126333 0.821825  -0.575525 -0.780089 -0.245423  0.969454 0.633031
chess_set_pieces_black
0  -0.048853 -0.148670 0.906506  -0.307878 -0.917936 0.250209  0.977001 0.650167
0  -0.043783 -0.133136 0.945998  -0.277995 -0.825971 0.490398  0.975141 0.658423
0  -0.082616 -0.112944 0.945760  -0.519799 -0.700754 0.488623  0.966691 0.656631
chess_set_pieces_black
0  -0.025532 -0.077003 1.006095  -0.166641 -0.496205 0.852063  0.518922 0.361383
0  -0.013375 -0.039406 1.020890  -0.092141 -0.278091 0.956125  0.522453 0.354460
0  -0.024929 -0.033522 1.020888  -0.177361 -0.237428 0.955076  0.524713 0.355182
chess_set_pieces_black
0  -0.035955 -0.109045 0.748200  -0.235097 -0.701521 -0.672754  0.014622 0.420749
0  -0.043866 -0.133372 0.782222  -0.275957 -0.828722 -0.486895  0.006777 0.424582
0  -0.082800 -0.113229 0.782421  -0.519069 -0.703595 -0.485306  0.004022 0.415468
chess_set_pieces_black
0  -0.050461 -0.153668 0.864179  -0.316700 -0.948523 0.002293  0.978300 0.641977
0  -0.048853 -0.148670 0.906506  -0.307878 -0.917936 0.250209  0.977001 0.650167
0  -0.092143 -0.126071 0.906373  -0.576043 -0.778333 0.249744  0.967907 0.648686
chess_set_pieces_black
0  -0.035843 -0.108603 0.979678  -0.231206 -0.686197 0.689694  0.515249 0.368854
0  -0.025532 -0.077003 1.006095  -0.166641 -0.496205 0.852063  0.518922 0.361383
0  -0.048084 -0.065393 1.005855  -0.315145 -0.422376 0.849872  0.523493 0.362881
chess_set_pieces_black
0  -0.093084 -0.067170 0.748514  -0.601516 -0.430965 -0.672643  0.012623 0.407317
0  -0.064766 -0.046496 0.717953  -0.591236 -0.420887 -0.687963  0.020913 0.408719
0  -0.047361 -0.064386 0.717799  -0.435002 -0.581025 -0.687883  0.020826 0.412951
chess_set_pieces_black
0  -0.067845 -0.092621 0.748382  -0.440764 -0.594466 -0.672560  0.012509 0.414198
0  -0.082800 -0.113229 0.782421  -0.519069 -0.703595 -0.485306  0.004022 0.415468
0  -0.113648 -0.082107 0.782530  -0.710525 -0.510820 -0.483959  0.004017 0.405979
chess_set_pieces_black
0  -0.095209 -0.130293 0.864181  -0.594571 -0.804035 0.003703  0.968839 0.641016
0  -0.092143 -0.126071 0.906373  -0.576043 -0.778333 0.249744  0.967907 0.648686
0  -0.126360 -0.091355 0.906297  -0.787558 -0.563409 0.249644  0.959248 0.647781
chess_set_pieces_black
0  -0.067556 -0.092178 0.979443  -0.433655 -0.582899 0.687148  0.522246 0.371046
0  -0.048084 -0.065393 1.005855  -0.315145 -0.422376 0.849872  0.523493 0.362881
0  -0.065923 -0.047464 1.005775  -0.430173 -0.307822 0.848644  0.528291 0.362829
chess_set_pieces_black
0  -0.109230 -0.035258 0.748593  -0.704704 -0.227037 -0.672195  0.014849 0.400758
0  -0.075872 -0.024328 0.717945  -0.690474 -0.221398 -0.688643  0.022344 0.404705
0  -0.064766 -0.046496 0.717953  -0.591236 -0.420887 -0.687963  0.020913 0.408719
chess_set_pieces_black
0  -0.092336 -0.126333 0.821825  -0.575525 -0.780089 -0.245423  0.969454 0.633031
0  -0.095209 -0.130293 0.864181  -0.594571 -0.804035 0.003703  0.968839 0.641016
0  -0.130555 -0.094414 0.864181  -0.812810 -0.582512 0.004522  0.959818 0.640282
chess_set_pieces_black
0  -0.082616 -0.112944 0.945760  -0.519799 -0.700754 0.488623  0.966691 0.656631
0  -0.067556 -0.092178 0.979443  -0.433655 -0.582899 0.687148  0.965034 0.665163
0  -0.092631 -0.066857 0.979262  -0.592566 -0.423479 0.685224  0.957475 0.663882
chess_set_pieces_black
0  -0.082800 -0.113229 0.782421  -0.519069 -0.703595 -0.485306  0.969885 0.624223
0  -0.092336 -0.126333 0.821825  -0.575525 -0.780089 -0.245423  0.969454 0.633031
0  -0.126686 -0.091584 0.821876  -0.787974 -0.565559 -0.243394  0.960170 0.632499
chess_set_pieces_black
0  -0.092143 -0.126071 0.906373  -0.576043 -0.778333 0.249744  0.967907 0.648686
0  -0.082616 -0.112944 0.945760  -0.519799 -0.700754 0.488623  0.966691 0.656631
0  -0.113268 -0.081837 0.945561  -0.710571 -0.507764 0.487097  0.958468 0.655476
chess_set_pieces_black
0  -0.048084 -0.065393 1.005855  -0.315145 -0.422376 0.849872  0.523493 0.362881
0  -0.024929 -0.033522 1.020888  -0.177361 -0.237428 0.955076  0.524713 0.355182
0  -0.034094 -0.024359 1.020875  -0.242536 -0.173507 0.954501  0.527079 0.355170
chess_set_pieces_black
0  -0.113648 -0.082107 0.782530  -0.710525 -0.510820 -0.483959  0.960432 0.623958
0  -0.126686 -0.091584 0.821876  -0.787974 -0.565559 -0.243394  0.960170 0.632499
0  -0.148528 -0.048033 0.821973  -0.924283 -0.295348 -0.241807  0.951116 0.632200
chess_set_pieces_black
0  -0.126360 -0.091355 0.906297  -0.787558 -0.563409 0.249644  0.959248 0.647781
0  -0.113268 -0.081837 0.945561  -0.710571 -0.507764 0.487097  0.958468 0.655476
0  -0.132806 -0.042933 0.945425  -0.833143 -0.264500 0.485708  0.950442 0.654873
chess_set_pieces_black
0  -0.065923 -0.047464 1.005775  -0.430173 -0.307822 0.848644  0.528291 0.362829
0  -0.034094 -0.024359 1.020875  -0.242536 -0.173507 0.954501  0.527079 0.355170
0  -0.039976 -0.012794 1.020864  -0.285599 -0.088983 0.954209  0.529322 0.354428
chess_set_pieces_black
0  -0.093084 -0.067170 0.748514  -0.601516 -0.430965 -0.672643  0.012623 0.407317
0  -0.113648 -0.082107 0.782530  -0.710525 -0.510820 -0.483959  0.004017 0.405979
0  -0.133411 -0.043112 0.782560  -0.834342 -0.267280 -0.482115  0.006956 0.396768
chess_set_pieces_black
0  -0.130555 -0.094414 0.864181  -0.812810 -0.582512 0.004522  0.959818 0.640282
0  -0.126360 -0.091355 0.906297  -0.787558 -0.563409 0.249644  0.959248 0.647781
0  -0.148092 -0.047903 0.906197  -0.922840 -0.293604 0.249325  0.950799 0.647250
chess_set_pieces_black
0  -0.092631 -0.066857 0.979262  -0.592566 -0.423479 0.685224  0.529574 0.371046
0  -0.065923 -0.047464 1.005775  -0.430173 -0.307822 0.848644  0.528291 0.362829
0  -0.077351 -0.024911 1.005724  -0.505755 -0.159677 0.847771  0.532826 0.361305
chess_set_pieces_black
0  -0.114861 0.000025 0.748574  -0.740772 0.004868 -0.671739  0.019050 0.395201
0  -0.079785 0.000009 0.717895  -0.723862 0.005738 -0.689921  0.024953 0.401263
0  -0.075872 -0.024328 0.717945  -0.690474 -0.221398 -0.688643  0.022344 0.404705
chess_set_pieces_black
0  -0.126686 -0.091584 0.821876  -0.787974 -0.565559 -0.243394  0.960170 0.632499
0  -0.130555 -0.094414 0.864181  -0.812810 -0.582512 0.004522  0.959818 0.640282
0  -0.153056 -0.049520 0.864182  -0.952711 -0.303823 0.005759  0.950995 0.639864
chess_set_pieces_black
0  -0.113268 -0.081837 0.945561  -0.710571 -0.507764 0.487097  0.958468 0.655476
0  -0.092631 -0.066857 0.979262  -0.592566 -0.423479 0.685224  0.957475 0.663882
0  -0.108696 -0.035106 0.979176  -0.695700 -0.220500 0.683653  0.950015 0.663099
chess_set_pieces_black
0  -0.108984 0.035201 0.748835  -0.700975 0.238228 -0.672222  0.024710 0.391073
0  -0.075668 0.024330 0.718161  -0.683723 0.239116 -0.689454  0.028549 0.398841
0  -0.079785 0.000009 0.717895  -0.723862 0.005738 -0.689921  0.024953 0.401263
chess_set_pieces_black
0  -0.148528 -0.048033 0.821973  -0.924283 -0.295348 -0.241807  0.951116 0.632200
0  -0.153056 -0.049520 0.864182  -0.952711 -0.303823 0.005759  0.950995 0.639864
0  -0.160698 0.000006 0.864176  -0.999974 0.003058 0.006575  0.942286 0.639783
chess_set_pieces_black
0  -0.132806 -0.042933 0.945425  -0.833143 -0.264500 0.485708  0.950442 0.654873
0  -0.108696 -0.035106 0.979176  -0.695700 -0.220500 0.683653  0.950015 0.663099
0  -0.114065 0.000001 0.978997  -0.730381 0.004957 0.683022  0.942562 0.663077
chess_set_pieces_black
0  -0.133411 -0.043112 0.782560  -0.834342 -0.267280 -0.482115  0.951212 0.623894
0  -0.148528 -0.048033 0.821973  -0.924283 -0.295348 -0.241807  0.951116 0.632200
0  -0.155958 0.000016 0.822025  -0.970459 0.003374 -0.241241  0.942172 0.632266
chess_set_pieces_black
0  -0.148092 -0.047903 0.906197  -0.922840 -0.293604 0.249325  0.950799 0.647250
0  -0.132806 -0.042933 0.945425  -0.833143 -0.264500 0.485708  0.950442 0.654873
0  -0.139403 0.000006 0.945299  -0.874543 0.003738 0.484934  0.942470 0.654697
chess_set_pieces_black
0  -0.077351 -0.024911 1.005724  -0.505755 -0.159677 0.847771  0.532826 0.361305
0  -0.039976 -0.012794 1.020864  -0.285599 -0.088983 0.954209  0.529322 0.354428
0  -0.041982 0.000012 1.020799  -0.300640 0.007567 0.953708  0.531240 0.353050
chess_set_pieces_black
0  -0.109230 -0.035258 0.748593  -0.704704 -0.227037 -0.672195  0.014849 0.400758
0  -0.133411 -0.043112 0.782560  -0.834342 -0.267280 -0.482115  0.006956 0.396768
0  -0.140029 0.000020 0.782682  -0.876636 0.003984 -0.481138  0.012745 0.388793
chess_set_pieces_black
0  -0.153056 -0.049520 0.864182  -0.952711 -0.303823 0.005759  0.950995 0.639864
0  -0.148092 -0.047903 0.906197  -0.922840 -0.293604 0.249325  0.950799 0.647250
0  -0.155405 0.000001 0.906144  -0.968478 0.003401 0.249075  0.942422 0.647130
chess_set_pieces_black
0  -0.108696 -0.035106 0.979176  -0.695700 -0.220500 0.683653  0.536613 0.368775
0  -0.077351 -0.024911 1.005724  -0.505755 -0.159677 0.847771  0.532826 0.361305
0  -0.081274 -0.000003 1.005584  -0.531585 0.006663 0.846979  0.536732 0.358557
chess_set_pieces_black
0  -0.081274 -0.000003 1.005584  -0.531585 0.006663 0.846979  0.536732 0.358557
0  -0.041982 0.000012 1.020799  -0.300640 0.007567 0.953708  0.531240 0.353050
0  -0.039931 0.012801 1.020670  -0.285066 0.102741 0.952986  0.532622 0.351132
chess_set_pieces_black
0  -0.114861 0.000025 0.748574  -0.740772 0.004868 -0.671739  0.019050 0.395201
0  -0.140029 0.000020 0.782682  -0.876636 0.003984 -0.481138  0.012745 0.388793
0  -0.133104 0.043023 0.782745  -0.831426 0.276292 -0.482072  0.020834 0.383215
chess_set_pieces_black
0  -0.160698 0.000006 0.864176  -0.999974 0.003058 0.006575  0.942286 0.639783
0  -0.155405 0.000001 0.906144  -0.968478 0.003401 0.249075  0.942422 0.647130
0  -0.147744 0.047800 0.906109  -0.920318 0.301777 0.248889  0.934052 0.647410
chess_set_pieces_black
0  -0.114065 0.000001 0.978997  -0.730381 0.004957 0.683022  0.542557 0.364422
0  -0.081274 -0.000003 1.005584  -0.531585 0.006663 0.846979  0.536732 0.358557
0  -0.077179 0.024893 1.005397  -0.503997 0.170977 0.846613  0.539528 0.354663
chess_set_pieces_black
0  -0.092628 0.066857 0.749049  -0.595109 0.440390 -0.672237  0.031398 0.389041
0  -0.063949 0.046016 0.718323  -0.582068 0.432476 -0.688594  0.032666 0.397536
0  -0.075668 0.024330 0.718161  -0.683723 0.239116 -0.689454  0.028549 0.398841
chess_set_pieces_black
0  -0.155958 0.000016 0.822025  -0.970459 0.003374 -0.241241  0.942172 0.632266
0  -0.160698 0.000006 0.864176  -0.999974 0.003058 0.006575  0.942286 0.639783
0  -0.152748 0.049435 0.864171  -0.950168 0.311688 0.005578  0.933605 0.640083
chess_set_pieces_black
0  -0.139403 0.000006 0.945299  -0.874543 0.003738 0.484934  0.942470 0.654697
0  -0.114065 0.000001 0.978997  -0.730381 0.004957 0.683022  0.942562 0.663077
0  -0.108423 0.035037 0.978907  -0.692657 0.229766 0.683691  0.934997 0.663500
chess_set_pieces_black
0  -0.140029 0.000020 0.782682  -0.876636 0.003984 -0.481138  0.942022 0.623754
0  -0.155958 0.000016 0.822025  -0.970459 0.003374 -0.241241  0.942172 0.632266
0  -0.148219 0.047937 0.822062  -0.921576 0.303520 -0.242019  0.933274 0.632484
chess_set_pieces_black
0  -0.155405 0.000001 0.906144  -0.968478 0.003401 0.249075  0.942422 0.647130
0  -0.139403 0.000006 0.945299  -0.874543 0.003738 0.484934  0.942470 0.654697
0  -0.132568 0.042878 0.945282  -0.830590 0.273001 0.485377  0.934466 0.654953
chess_set_pieces_black
0  -0.133104 0.043023 0.782745  -0.831426 0.276292 -0.482072  0.932879 0.624251
0  -0.148219 0.047937 0.822062  -0.921576 0.303520 -0.242019  0.933274 0.632484
0  -0.126000 0.091107 0.822105  -0.782237 0.573490 -0.243341  0.924340 0.633061
chess_set_pieces_black
0  -0.147744 0.047800 0.906109  -0.920318 0.301777 0.248889  0.934052 0.647410
0  -0.132568 0.042878 0.945282  -0.830590 0.273001 0.485377  0.934466 0.654953
0  -0.112724 0.081470 0.945180  -0.705271 0.516665 0.485438  0.926460 0.655681
chess_set_pieces_black
0  -0.077179 0.024893 1.005397  -0.503997 0.170977 0.846613  0.539528 0.354663
0  -0.039931 0.012801 1.020670  -0.285066 0.102741 0.952986  0.532622 0.351132
0  -0.034032 0.024321 1.020528  -0.242160 0.183814 0.952665  0.533368 0.348887
chess_set_pieces_black
0  -0.108984 0.035201 0.748835  -0.700975 0.238228 -0.672222  0.024710 0.391073
0  -0.133104 0.043023 0.782745  -0.831426 0.276292 -0.482072  0.020834 0.383215
0  -0.113033 0.081680 0.782938  -0.705030 0.519250 -0.483025  0.030077 0.380352
chess_set_pieces_black
0  -0.152748 0.049435 0.864171  -0.950168 0.311688 0.005578  0.933605 0.640083
0  -0.147744 0.047800 0.906109  -0.920318 0.301777 0.248889  0.934052 0.647410
0  -0.125646 0.090849 0.906076  -0.781750 0.571869 0.248663  0.925633 0.648095
chess_set_pieces_black
0  -0.108423 0.035037 0.978907  -0.692657 0.229766 0.683691  0.546893 0.358514
0  -0.077179 0.024893 1.005397  -0.503997 0.170977 0.846613  0.539528 0.354663
0  -0.065689 0.047317 1.005257  -0.428470 0.316470 0.846322  0.541013 0.350115
chess_set_pieces_black
0  -0.067363 0.091966 0.749164  -0.436157 0.599711 -0.670905  0.038374 0.389192
0  -0.046718 0.063567 0.718246  -0.428688 0.584935 -0.688533  0.036957 0.397576
0  -0.063949 0.046016 0.718323  -0.582068 0.432476 -0.688594  0.032666 0.397536
chess_set_pieces_black
0  -0.148219 0.047937 0.822062  -0.921576 0.303520 -0.242019  0.933274 0.632484
0  -0.152748 0.049435 0.864171  -0.950168 0.311688 0.005578  0.933605 0.640083
0  -0.129872 0.093926 0.864172  -0.807159 0.590313 0.004941  0.924919 0.640709
chess_set_pieces_black
0  -0.132568 0.042878 0.945282  -0.830590 0.273001 0.485377  0.934466 0.654953
0  -0.108423 0.035037 0.978907  -0.692657 0.229766 0.683691  0.934997 0.663500
0  -0.092190 0.066560 0.978765  -0.588445 0.432001 0.683453  0.927454 0.663998
chess_set_pieces_black
0  -0.092190 0.066560 0.978765  -0.588445 0.432001 0.683453  0.549220 0.351530
0  -0.065689 0.047317 1.005257  -0.428470 0.316470 0.846322  0.541013 0.350115
0  -0.047871 0.065101 1.005249  -0.312234 0.431080 0.846570  0.541009 0.345336
chess_set_pieces_black
0  -0.035686 0.108197 0.749079  -0.232276 0.704918 -0.670178  0.044885 0.391489
0  -0.024826 0.074872 0.718224  -0.226865 0.688182 -0.689157  0.040966 0.398918
0  -0.046718 0.063567 0.718246  -0.428688 0.584935 -0.688533  0.036957 0.397576
chess_set_pieces_black
0  -0.126000 0.091107 0.822105  -0.782237 0.573490 -0.243341  0.924340 0.633061
0  -0.129872 0.093926 0.864172  -0.807159 0.590313 0.004941  0.924919 0.640709
0  -0.094407 0.129169 0.864170  -0.586997 0.809573 0.005062  0.916103 0.641715
chess_set_pieces_black
0  -0.112724 0.081470 0.945180  -0.705271 0.516665 0.485438  0.926460 0.655681
0  -0.092190 0.066560 0.978765  -0.588445 0.432001 0.683453  0.927454 0.663998
0  -0.067104 0.091592 0.978731  -0.429210 0.590988 0.683016  0.920125 0.665035
chess_set_pieces_black
0  -0.113033 0.081680 0.782938  -0.705030 0.519250 -0.483025  0.923781 0.624672
0  -0.126000 0.091107 0.822105  -0.782237 0.573490 -0.243341  0.924340 0.633061
0  -0.091585 0.125301 0.822148  -0.569255 0.785175 -0.243823  0.915230 0.633857
chess_set_pieces_black
0  -0.125646 0.090849 0.906076  -0.781750 0.571869 0.248663  0.925633 0.648095
0  -0.112724 0.081470 0.945180  -0.705271 0.516665 0.485438  0.926460 0.655681
0  -0.081967 0.112051 0.945109  -0.513529 0.707947 0.484871  0.918461 0.656921
chess_set_pieces_black
0  -0.065689 0.047317 1.005257  -0.428470 0.316470 0.846322  0.541013 0.350115
0  -0.034032 0.024321 1.020528  -0.242160 0.183814 0.952665  0.533368 0.348887
0  -0.024869 0.033451 1.020428  -0.176073 0.247149 0.952846  0.533361 0.346521
chess_set_pieces_black
0  -0.092628 0.066857 0.749049  -0.595109 0.440390 -0.672237  0.031398 0.389041
0  -0.113033 0.081680 0.782938  -0.705030 0.519250 -0.483025  0.030077 0.380352
0  -0.082143 0.112307 0.783045  -0.513788 0.708928 -0.483160  0.039794 0.380506
chess_set_pieces_black
0  -0.129872 0.093926 0.864172  -0.807159 0.590313 0.004941  0.924919 0.640709
0  -0.125646 0.090849 0.906076  -0.781750 0.571869 0.248663  0.925633 0.648095
0  -0.091341 0.124968 0.906045  -0.568423 0.784423 0.248145  0.917122 0.649254
chess_set_pieces_black
0  -0.047871 0.065101 1.005249  -0.312234 0.431080 0.846570  0.541009 0.345336
0  -0.024869 0.033451 1.020428  -0.176073 0.247149 0.952846  0.533361 0.346521
0  -0.013343 0.039309 1.020381  -0.092318 0.288575 0.952996  0.532625 0.344277
chess_set_pieces_black
0  -0.067363 0.091966 0.749164  -0.436157 0.599711 -0.670905  0.038374 0.389192
0  -0.082143 0.112307 0.783045  -0.513788 0.708928 -0.483160  0.039794 0.380506
0  -0.043454 0.132093 0.783008  -0.272690 0.832074 -0.483004  0.048952 0.383659
chess_set_pieces_black
0  -0.094407 0.129169 0.864170  -0.586997 0.809573 0.005062  0.916103 0.641715
0  -0.091341 0.124968 0.906045  -0.568423 0.784423 0.248145  0.917122 0.649254
0  -0.048280 0.146902 0.906041  -0.300872 0.921010 0.247419  0.908335 0.650943
chess_set_pieces_black
0  -0.067104 0.091592 0.978731  -0.429210 0.590988 0.683016  0.549288 0.344132
0  -0.047871 0.065101 1.005249  -0.312234 0.431080 0.846570  0.541009 0.345336
0  -0.025401 0.076534 1.005276  -0.163957 0.504937 0.847441  0.539512 0.340789
chess_set_pieces_black
0  -0.000566 0.113883 0.748960  0.000343 0.741364 -0.671103  0.050260 0.395668
0  -0.000607 0.078661 0.718201  0.001906 0.723249 -0.690585  0.044209 0.401468
0  -0.024826 0.074872 0.718224  -0.226865 0.688182 -0.689157  0.040966 0.398918
chess_set_pieces_black
0  -0.091585 0.125301 0.822148  -0.569255 0.785175 -0.243823  0.915230 0.633857
0  -0.094407 0.129169 0.864170  -0.586997 0.809573 0.005062  0.916103 0.641715
0  -0.049892 0.151855 0.864172  -0.309957 0.950734 0.005677  0.906885 0.642993
chess_set_pieces_black
0  -0.081967 0.112051 0.945109  -0.513529 0.707947 0.484871  0.918461 0.656921
0  -0.067104 0.091592 0.978731  -0.429210 0.590988 0.683016  0.920125 0.665035
0  -0.035552 0.107722 0.978779  -0.227700 0.693243 0.683789  0.912991 0.666955
chess_set_pieces_black
0  -0.082143 0.112307 0.783045  -0.513788 0.708928 -0.483160  0.914547 0.625300
0  -0.091585 0.125301 0.822148  -0.569255 0.785175 -0.243823  0.915230 0.633857
0  -0.048433 0.147403 0.822124  -0.301047 0.921959 -0.243645  0.905858 0.634818
chess_set_pieces_black
0  -0.091341 0.124968 0.906045  -0.568423 0.784423 0.248145  0.917122 0.649254
0  -0.081967 0.112051 0.945109  -0.513529 0.707947 0.484871  0.918461 0.656921
0  -0.043375 0.131801 0.945152  -0.272921 0.831296 0.484212  0.910371 0.658809
chess_set_pieces_black
0  -0.043375 0.131801 0.945152  -0.272921 0.831296 0.484212  0.910371 0.658809
0  -0.035552 0.107722 0.978779  -0.227700 0.693243 0.683789  0.912991 0.666955
0  -0.000573 0.113361 0.978881  0.000771 0.727882 0.685702  0.906054 0.669732
chess_set_pieces_black
0  -0.043454 0.132093 0.783008  -0.272690 0.832074 -0.483004  0.905223 0.626001
0  -0.048433 0.147403 0.822124  -0.301047 0.921959 -0.243645  0.905858 0.634818
0  -0.000575 0.155018 0.822116  -0.000319 0.969912 -0.243457  0.895914 0.635582
chess_set_pieces_black
0  -0.048280 0.146902 0.906041  -0.300872 0.921010 0.247419  0.908335 0.650943
0  -0.043375 0.131801 0.945152  -0.272921 0.831296 0.484212  0.910371 0.658809
0  -0.000564 0.138774 0.945272  -0.000826 0.874723 0.484623  0.902094 0.661729
chess_set_pieces_black
0  -0.025401 0.076534 1.005276  -0.163957 0.504937 0.847441  0.539512 0.340789
0  -0.013343 0.039309 1.020381  -0.092318 0.288575 0.952996  0.532625 0.344277
0  -0.000572 0.041336 1.020381  0.001190 0.305002 0.952351  0.531250 0.342352
chess_set_pieces_black
0  -0.035686 0.108197 0.749079  -0.232276 0.704918 -0.670178  0.044885 0.391489
0  -0.043454 0.132093 0.783008  -0.272690 0.832074 -0.483004  0.048952 0.383659
0  -0.000572 0.138972 0.782956  -0.000495 0.875798 -0.482677  0.056709 0.389508
chess_set_pieces_black
0  -0.049892 0.151855 0.864172  -0.309957 0.950734 0.005677  0.906885 0.642993
0  -0.048280 0.146902 0.906041  -0.300872 0.921010 0.247419  0.908335 0.650943
0  -0.000568 0.154572 0.906074  -0.001096 0.969074 0.246769  0.898912 0.653441
chess_set_pieces_black
0  -0.035552 0.107722 0.978779  -0.227700 0.693243 0.683789  0.547045 0.337028
0  -0.025401 0.076534 1.005276  -0.163957 0.504937 0.847441  0.539512 0.340789
0  -0.000561 0.080411 1.005162  0.002546 0.529867 0.848077  0.536769 0.336868
chess_set_pieces_black
0  -0.048433 0.147403 0.822124  -0.301047 0.921959 -0.243645  0.905858 0.634818
0  -0.049892 0.151855 0.864172  -0.309957 0.950734 0.005677  0.906885 0.642993
0  -0.000577 0.159747 0.864170  -0.000725 0.999985 0.005443  0.896757 0.644641
chess_set_pieces_black
0  0.034535 0.108195 0.749070  0.231446 0.704029 -0.671398  0.054164 0.401227
0  0.023596 0.074650 0.718282  0.226243 0.687808 -0.689735  0.046587 0.404847
0  -0.000607 0.078661 0.718201  0.001906 0.723249 -0.690585  0.044209 0.401468
chess_set_pieces_black
0  -0.208031 0.151143 0.000000  -0.013713 0.011847 -0.999836  0.953911 0.531233
0  -0.244555 0.079461 -0.000000  -0.006703 0.003342 -0.999972  0.941262 0.522255
0  -0.251524 0.081621 0.000180  -0.248490 0.080856 -0.965254  0.941870 0.520986
chess_set_pieces_black
0  -0.151144 0.208031 0.000000  -0.013603 0.018053 -0.999744  0.963165 0.543677
0  -0.208031 0.151143 0.000000  -0.013713 0.011847 -0.999836  0.953911 0.531233
0  -0.214621 0.155605 0.000606  -0.217640 0.160947 -0.962668  0.954950 0.530098
chess_set_pieces_black
0  -0.079461 0.244555 0.000000  -0.005948 0.012946 -0.999898  0.968128 0.558369
0  -0.151144 0.208031 0.000000  -0.013603 0.018053 -0.999744  0.963165 0.543677
0  -0.156076 0.214595 0.001000  -0.161944 0.221967 -0.961512  0.964565 0.542914
chess_set_pieces_black
0  -0.000000 0.257141 -0.000000  0.000090 0.007780 -0.999970  0.968306 0.573880
0  -0.079461 0.244555 0.000000  -0.005948 0.012946 -0.999898  0.968128 0.558369
0  -0.081842 0.251446 0.000380  -0.086587 0.263972 -0.960636  0.969511 0.558107
chess_set_pieces_black
0  0.079461 0.244555 -0.000000  0.005278 0.012307 -0.999910  0.963678 0.588685
0  -0.000000 0.257141 -0.000000  0.000090 0.007780 -0.999970  0.968306 0.573880
0  -0.000303 0.264088 0.000099  -0.000038 0.286942 -0.957948  0.969640 0.574017
chess_set_pieces_black
0  0.151145 0.208034 0.000001  0.014304 0.017798 -0.999739  0.954702 0.601332
0  0.079461 0.244555 -0.000000  0.005278 0.012307 -0.999910  0.963678 0.588685
0  0.081356 0.251650 0.000438  0.087725 0.269784 -0.958917  0.964981 0.589246
chess_set_pieces_black
0  0.208032 0.151144 0.000001  0.022261 0.016125 -0.999622  0.942261 0.610584
0  0.151145 0.208034 0.000001  0.014304 0.017798 -0.999739  0.954702 0.601332
0  0.155371 0.214408 0.000759  0.168903 0.229672 -0.958500  0.955805 0.602322
chess_set_pieces_black
0  0.244559 0.079463 0.000003  0.018760 0.007955 -0.999792  0.927572 0.615549
0  0.208032 0.151144 0.000001  0.022261 0.016125 -0.999622  0.942261 0.610584
0  0.214273 0.155836 0.001042  0.233340 0.169622 -0.957487  0.942987 0.611917
chess_set_pieces_black
0  0.257141 0.000000 -0.000000  0.012142 0.000144 -0.999926  0.912062 0.615730
0  0.244559 0.079463 0.000003  0.018760 0.007955 -0.999792  0.927572 0.615549
0  0.251492 0.081770 0.000767  0.270826 0.089764 -0.958434  0.927820 0.616944
chess_set_pieces_black
0  0.244556 -0.079461 0.000002  0.016404 -0.006905 -0.999842  0.897256 0.611103
0  0.257141 0.000000 -0.000000  0.012142 0.000144 -0.999926  0.912062 0.615730
0  0.263503 -0.000022 0.000061  0.283010 0.000825 -0.959117  0.911880 0.616944
chess_set_pieces_black
0  0.208039 -0.151149 0.000010  0.017336 -0.011707 -0.999781  0.884606 0.602132
0  0.244556 -0.079461 0.000002  0.016404 -0.006905 -0.999842  0.897256 0.611103
0  0.251646 -0.081780 0.000688  0.265678 -0.087847 -0.960051  0.896612 0.612396
chess_set_pieces_black
0  0.151144 -0.208031 -0.000000  0.008855 -0.010286 -0.999908  0.875345 0.589690
0  0.208039 -0.151149 0.000010  0.017336 -0.011707 -0.999781  0.884606 0.602132
0  0.214036 -0.155667 0.000864  0.223541 -0.160871 -0.961327  0.883570 0.603156
chess_set_pieces_black
0  0.079461 -0.244555 0.000000  0.002983 -0.012075 -0.999923  0.870384 0.574993
0  0.151144 -0.208031 -0.000000  0.008855 -0.010286 -0.999908  0.875345 0.589690
0  0.155246 -0.214201 0.000308  0.161145 -0.220932 -0.961884  0.874052 0.590301
chess_set_pieces_black
0  0.000000 -0.257151 0.000026  -0.000984 -0.019505 -0.999809  0.870208 0.559484
0  0.079461 -0.244555 0.000000  0.002983 -0.012075 -0.999923  0.870384 0.574993
0  0.081253 -0.251205 0.000283  0.083505 -0.262495 -0.961313  0.869064 0.575149
chess_set_pieces_black
0  -0.079465 -0.244571 0.000025  -0.005680 -0.019799 -0.999788  0.874831 0.544681
0  0.000000 -0.257151 0.000026  -0.000984 -0.019505 -0.999809  0.870208 0.559484
0  -0.000280 -0.264532 0.000743  -0.000308 -0.267733 -0.963493  0.868801 0.559223
chess_set_pieces_black
0  -0.151143 -0.208031 -0.000000  -0.007336 -0.011901 -0.999902  0.883803 0.532029
0  -0.079465 -0.244571 0.000025  -0.005680 -0.019799 -0.999788  0.874831 0.544681
0  -0.081957 -0.251587 0.000774  -0.082011 -0.252408 -0.964139  0.873556 0.544006
chess_set_pieces_black
0  -0.208031 -0.151144 -0.000000  -0.006179 -0.005084 -0.999968  0.896246 0.522767
0  -0.151143 -0.208031 -0.000000  -0.007336 -0.011901 -0.999902  0.883803 0.532029
0  -0.155600 -0.213905 0.000402  -0.156886 -0.218318 -0.963184  0.882806 0.531013
chess_set_pieces_black
0  -0.244555 -0.079461 0.000000  -0.003850 -0.001713 -0.999991  0.910943 0.517805
0  -0.208031 -0.151144 -0.000000  -0.006179 -0.005084 -0.999968  0.896246 0.522767
0  -0.214008 -0.155226 0.000247  -0.213582 -0.155926 -0.964401  0.895634 0.521512
chess_set_pieces_black
0  -0.270735 -0.000001 0.003672  -0.930194 0.002151 -0.367063  0.828184 0.089943
0  -0.258010 0.083532 0.003672  -0.895875 0.293901 -0.333212  0.830198 0.105486
0  -0.251524 0.081621 0.000180  -0.248490 0.080856 -0.965254  0.828780 0.105689
chess_set_pieces_black
0  -0.000569 -0.270631 0.003672  0.002074 -0.941236 -0.337742  0.810991 0.012487
0  -0.084114 -0.257499 0.003672  -0.291813 -0.893458 -0.341435  0.815818 0.027828
0  -0.081957 -0.251587 0.000774  -0.082011 -0.252408 -0.964139  0.814555 0.028141
chess_set_pieces_black
0  0.269466 -0.000031 0.003672  0.946129 -0.001198 -0.323787  0.829160 0.244940
0  0.256836 -0.083493 0.003672  0.904506 -0.293612 -0.309290  0.826562 0.260793
0  0.251646 -0.081780 0.000688  0.265678 -0.087847 -0.960051  0.825367 0.260575
chess_set_pieces_black
0  -0.218800 0.158458 0.003672  -0.768896 0.560523 -0.307593  0.831810 0.120989
0  -0.158911 0.218143 0.003672  -0.561417 0.767758 -0.308802  0.832928 0.136532
0  -0.156076 0.214595 0.001000  -0.161944 0.221967 -0.961512  0.831946 0.136625
chess_set_pieces_black
0  -0.158914 -0.217987 0.003672  -0.549894 -0.757881 -0.351045  0.819484 0.043226
0  -0.219775 -0.159122 0.003672  -0.754092 -0.549345 -0.359953  0.822862 0.058782
0  -0.214008 -0.155226 0.000247  -0.213582 -0.155926 -0.964401  0.821410 0.059027
chess_set_pieces_black
0  -0.000588 0.268541 0.003672  -0.001078 0.945121 -0.326719  0.833873 0.167498
0  0.082744 0.257380 0.003672  0.291007 0.903565 -0.314460  0.833971 0.182925
0  0.081356 0.251650 0.000438  0.087725 0.269784 -0.958917  0.832724 0.182986
chess_set_pieces_black
0  0.218172 -0.158812 0.003672  0.771625 -0.555596 -0.309690  0.823463 0.276917
0  0.158661 -0.219319 0.003672  0.554966 -0.762672 -0.332181  0.819939 0.293233
0  0.155246 -0.214201 0.000308  0.161145 -0.220932 -0.961884  0.818579 0.292872
chess_set_pieces_black
0  0.157918 0.218342 0.003672  0.561149 0.771111 -0.300831  0.833500 0.198388
0  0.217743 0.158469 0.003672  0.768447 0.562679 -0.304766  0.832616 0.213854
0  0.214273 0.155836 0.001042  0.233340 0.169622 -0.957487  0.831687 0.213800
chess_set_pieces_black
0  -0.083890 0.257342 0.003672  -0.290225 0.901012 -0.322409  0.833672 0.152012
0  -0.000588 0.268541 0.003672  -0.001078 0.945121 -0.326719  0.833873 0.167498
0  -0.000303 0.264088 0.000099  -0.000038 0.286942 -0.957948  0.832799 0.167561
chess_set_pieces_black
0  -0.257103 -0.083239 0.003672  -0.883850 -0.283331 -0.372200  0.825709 0.074323
0  -0.270735 -0.000001 0.003672  -0.930194 0.002151 -0.367063  0.828184 0.089943
0  -0.262722 -0.000001 0.000005  -0.263365 -0.000754 -0.964696  0.826488 0.090179
chess_set_pieces_black
0  0.082722 -0.256494 0.003672  0.287587 -0.894394 -0.342569  0.815875 0.309528
0  -0.000569 -0.270631 0.003672  0.002074 -0.941236 -0.337742  0.810935 0.326047
0  -0.000280 -0.264532 0.000743  -0.000308 -0.267733 -0.963493  0.809671 0.325381
chess_set_pieces_black
0  0.256612 0.083389 0.003672  0.900686 0.293171 -0.320649  0.831211 0.229335
0  0.269466 -0.000031 0.003672  0.946129 -0.001198 -0.323787  0.829160 0.244940
0  0.263503 -0.000022 0.000061  0.283010 0.000825 -0.959117  0.827834 0.244742
chess_set_pieces_black
0  -0.258010 0.083532 0.003672  -0.895875 0.293901 -0.333212  0.830198 0.105486
0  -0.218800 0.158458 0.003672  -0.768896 0.560523 -0.307593  0.831810 0.120989
0  -0.214621 0.155605 0.000606  -0.217640 0.160947 -0.962668  0.830709 0.121118
chess_set_pieces_black
0  -0.084114 -0.257499 0.003672  -0.291813 -0.893458 -0.341435  0.815818 0.027828
0  -0.158914 -0.217987 0.003672  -0.549894 -0.757881 -0.351045  0.819484 0.043226
0  -0.155600 -0.213905 0.000402  -0.156886 -0.218318 -0.963184  0.818316 0.043436
chess_set_pieces_black
0  0.256836 -0.083493 0.003672  0.904506 -0.293612 -0.309290  0.826562 0.260793
0  0.218172 -0.158812 0.003672  0.771625 -0.555596 -0.309690  0.823463 0.276917
0  0.214036 -0.155667 0.000864  0.223541 -0.160871 -0.961327  0.822316 0.276658
chess_set_pieces_black
0  0.082744 0.257380 0.003672  0.291007 0.903565 -0.314460  0.833971 0.182925
0  0.157918 0.218342 0.003672  0.561149 0.771111 -0.300831  0.833500 0.198388
0  0.155371 0.214408 0.000759  0.168903 0.229672 -0.958500  0.832475 0.198393
chess_set_pieces_black
0  -0.158911 0.218143 0.003672  -0.561417 0.767758 -0.308802  0.832928 0.136532
0  -0.083890 0.257342 0.003672  -0.290225 0.901012 -0.322409  0.833672 0.152012
0  -0.081842 0.251446 0.000380  -0.086587 0.263972 -0.960636  0.832365 0.152081
chess_set_pieces_black
0  -0.219775 -0.159122 0.003672  -0.754092 -0.549345 -0.359953  0.822862 0.058782
0  -0.257103 -0.083239 0.003672  -0.883850 -0.283331 -0.372200  0.825709 0.074323
0  -0.251307 -0.081496 0.000141  -0.252342 -0.080769 -0.964261  0.824383 0.074531
chess_set_pieces_black
0  0.158661 -0.219319 0.003672  0.554966 -0.762672 -0.332181  0.819939 0.293233
0  0.082722 -0.256494 0.003672  0.287587 -0.894394 -0.342569  0.815875 0.309528
0  0.081253 -0.251205 0.000283  0.083505 -0.262495 -0.961313  0.814616 0.309134
chess_set_pieces_black
0  0.217743 0.158469 0.003672  0.768447 0.562679 -0.304766  0.832616 0.213854
0  0.256612 0.083389 0.003672  0.900686 0.293171 -0.320649  0.831211 0.229335
0  0.251492 0.081770 0.000767  0.270826 0.089764 -0.958434  0.830072 0.229200
chess_set_pieces_black
0  -0.257141 -0.000000 0.000000  -0.002547 0.000058 -0.999997  0.926455 0.517628
0  -0.244555 -0.079461 0.000000  -0.003850 -0.001713 -0.999991  0.910943 0.517805
0  -0.251307 -0.081496 0.000141  -0.252342 -0.080769 -0.964261  0.910744 0.516460
chess_set_pieces_black
0  0.071092 0.218798 -0.000000  0.000001 -0.000000 -1.000000  0.959000 0.586366
0  -0.000000 0.230058 -0.000000  -0.000000 0.000000 -1.000000  0.963139 0.573121
0  -0.000000 0.257141 -0.000000  0.000090 0.007780 -0.999970  0.968306 0.573880
chess_set_pieces_black
0  0.135224 0.186121 0.000000  0.000012 0.000011 -1.000000  0.950969 0.597681
0  0.071092 0.218798 -0.000000  0.000001 -0.000000 -1.000000  0.959000 0.586366
0  0.079461 0.244555 -0.000000  0.005278 0.012307 -0.999910  0.963678 0.588685
chess_set_pieces_black
0  0.186120 0.135225 0.000000  0.000018 0.000013 -1.000000  0.939838 0.605961
0  0.135224 0.186121 0.000000  0.000012 0.000011 -1.000000  0.950969 0.597681
0  0.151145 0.208034 0.000001  0.014304 0.017798 -0.999739  0.954702 0.601332
chess_set_pieces_black
0  0.218798 0.071092 -0.000000  0.000059 0.000013 -1.000000  0.926695 0.610401
0  0.186120 0.135225 0.000000  0.000018 0.000013 -1.000000  0.939838 0.605961
0  0.208032 0.151144 0.000001  0.022261 0.016125 -0.999622  0.942261 0.610584
chess_set_pieces_black
0  0.230058 0.000000 -0.000000  0.000006 0.000009 -1.000000  0.912819 0.610563
0  0.218798 0.071092 -0.000000  0.000059 0.000013 -1.000000  0.926695 0.610401
0  0.244559 0.079463 0.000003  0.018760 0.007955 -0.999792  0.927572 0.615549
chess_set_pieces_black
0  0.218798 -0.071092 0.000000  0.000033 -0.000018 -1.000000  0.899574 0.606425
0  0.230058 0.000000 -0.000000  0.000006 0.000009 -1.000000  0.912819 0.610563
0  0.257141 0.000000 -0.000000  0.012142 0.000144 -0.999926  0.912062 0.615730
chess_set_pieces_black
0  0.186121 -0.135224 0.000000  0.000141 -0.000134 -1.000000  0.888257 0.598397
0  0.218798 -0.071092 0.000000  0.000033 -0.000018 -1.000000  0.899574 0.606425
0  0.244556 -0.079461 0.000002  0.016404 -0.006905 -0.999842  0.897256 0.611103
chess_set_pieces_black
0  0.135225 -0.186120 -0.000000  0.000038 0.000002 -1.000000  0.879970 0.587266
0  0.186121 -0.135224 0.000000  0.000141 -0.000134 -1.000000  0.888257 0.598397
0  0.208039 -0.151149 0.000010  0.017336 -0.011707 -0.999781  0.884606 0.602132
chess_set_pieces_black
0  0.071092 -0.218798 -0.000000  0.000001 -0.000003 -1.000000  0.875532 0.574118
0  0.135225 -0.186120 -0.000000  0.000038 0.000002 -1.000000  0.879970 0.587266
0  0.151144 -0.208031 -0.000000  0.008855 -0.010286 -0.999908  0.875345 0.589690
chess_set_pieces_black
0  0.000000 -0.230058 -0.000000  -0.000079 -0.000470 -1.000000  0.875376 0.560243
0  0.071092 -0.218798 -0.000000  0.000001 -0.000003 -1.000000  0.875532 0.574118
0  0.079461 -0.244555 0.000000  0.002983 -0.012075 -0.999923  0.870384 0.574993
chess_set_pieces_black
0  -0.071092 -0.218798 -0.000000  -0.000158 -0.000487 -1.000000  0.879513 0.546999
0  0.000000 -0.230058 -0.000000  -0.000079 -0.000470 -1.000000  0.875376 0.560243
0  0.000000 -0.257151 0.000026  -0.000984 -0.019505 -0.999809  0.870208 0.559484
chess_set_pieces_black
0  -0.135224 -0.186121 -0.000000  0.000034 -0.000086 -1.000000  0.887538 0.535678
0  -0.071092 -0.218798 -0.000000  -0.000158 -0.000487 -1.000000  0.879513 0.546999
0  -0.079465 -0.244571 0.000025  -0.005680 -0.019799 -0.999788  0.874831 0.544681
chess_set_pieces_black
0  -0.186120 -0.135225 -0.000000  -0.000000 0.000000 -1.000000  0.898670 0.527393
0  -0.135224 -0.186121 -0.000000  0.000034 -0.000086 -1.000000  0.887538 0.535678
0  -0.151143 -0.208031 -0.000000  -0.007336 -0.011901 -0.999902  0.883803 0.532029
chess_set_pieces_black
0  -0.218798 -0.071092 0.000000  0.000000 -0.000000 -1.000000  0.911819 0.522953
0  -0.186120 -0.135225 -0.000000  -0.000000 0.000000 -1.000000  0.898670 0.527393
0  -0.208031 -0.151144 -0.000000  -0.006179 -0.005084 -0.999968  0.896246 0.522767
chess_set_pieces_black
0  -0.230058 -0.000000 -0.000000  -0.000001 -0.000000 -1.000000  0.925697 0.522795
0  -0.218798 -0.071092 0.000000  0.000000 -0.000000 -1.000000  0.911819 0.522953
0  -0.244555 -0.079461 0.000000  -0.003850 -0.001713 -0.999991  0.910943 0.517805
chess_set_pieces_black
0  -0.218798 0.071092 -0.000000  0.000000 0.000000 -1.000000  0.938943 0.526935
0  -0.230058 -0.000000 -0.000000  -0.000001 -0.000000 -1.000000  0.925697 0.522795
0  -0.257141 -0.000000 0.000000  -0.002547 0.000058 -0.999997  0.926455 0.517628
chess_set_pieces_black
0  -0.186121 0.135224 0.000000  0.000001 0.000001 -1.000000  0.950260 0.534966
0  -0.218798 0.071092 -0.000000  0.000000 0.000000 -1.000000  0.938943 0.526935
0  -0.244555 0.079461 -0.000000  -0.006703 0.003342 -0.999972  0.941262 0.522255
chess_set_pieces_black
0  -0.135225 0.186120 0.000000  0.000000 -0.000001 -1.000000  0.958541 0.546100
0  -0.186121 0.135224 0.000000  0.000001 0.000001 -1.000000  0.950260 0.534966
0  -0.208031 0.151143 0.000000  -0.013713 0.011847 -0.999836  0.953911 0.531233
chess_set_pieces_black
0  -0.071092 0.218798 -0.000000  -0.000001 0.000000 -1.000000  0.962981 0.559245
0  -0.135225 0.186120 0.000000  0.000000 -0.000001 -1.000000  0.958541 0.546100
0  -0.151144 0.208031 0.000000  -0.013603 0.018053 -0.999744  0.963165 0.543677
chess_set_pieces_black
0  -0.000000 0.230058 -0.000000  -0.000000 0.000000 -1.000000  0.963139 0.573121
0  -0.071092 0.218798 -0.000000  -0.000001 0.000000 -1.000000  0.962981 0.559245
0  -0.079461 0.244555 0.000000  -0.005948 0.012946 -0.999898  0.968128 0.558369
end
