qdir:    "c:\program files (x86)\steam\steamapps\sourcemods\who\modelsrc\chessandpieces\floayting_knight\"
gamedir: "C:\Program Files (x86)\Steam\steamapps\sourcemods\who\"
g_path:  "C:\Program Files (x86)\Steam\steamapps\sourcemods\who\ModelSrc\chessandpieces\floayting_knight\floayting_knight.qc"
Building binary model files...
Working on "floayting_knight.qc"
SMD MODEL ref.smd
SMD MODEL anims/idle.smd
SMD MODEL colls.smd
WARNING: Model has 2-dimensional geometry (less than 0.500 inches thick on any axis)!!!
WARNING: Model has 2-dimensional geometry (less than 0.500 inches thick on any axis)!!!
WARNING: Model has 2-dimensional geometry (less than 0.500 inches thick on any axis)!!!
WARNING: Model has 2-dimensional geometry (less than 0.500 inches thick on any axis)!!!
WARNING: Model has 2-dimensional geometry (less than 0.500 inches thick on any axis)!!!
WARNING: Model has 2-dimensional geometry (less than 0.500 inches thick on any axis)!!!
WARNING: Model has 2-dimensional geometry (less than 0.500 inches thick on any axis)!!!
WARNING: Model has 2-dimensional geometry (less than 0.500 inches thick on any axis)!!!
WARNING: Model has 2-dimensional geometry (less than 0.500 inches thick on any axis)!!!
WARNING: Model has 2-dimensional geometry (less than 0.500 inches thick on any axis)!!!
WARNING: Model has 2-dimensional geometry (less than 0.500 inches thick on any axis)!!!
WARNING: Model has 2-dimensional geometry (less than 0.500 inches thick on any axis)!!!
WARNING: Model has 2-dimensional geometry (less than 0.500 inches thick on any axis)!!!
WARNING: Model has 2-dimensional geometry (less than 0.500 inches thick on any axis)!!!
WARNING: Model has 2-dimensional geometry (less than 0.500 inches thick on any axis)!!!
WARNING: Model has 2-dimensional geometry (less than 0.500 inches thick on any axis)!!!
WARNING: Model has 2-dimensional geometry (less than 0.500 inches thick on any axis)!!!
WARNING: Model has 2-dimensional geometry (less than 0.500 inches thick on any axis)!!!
WARNING: Model has 2-dimensional geometry (less than 0.500 inches thick on any axis)!!!
WARNING: Model has 2-dimensional geometry (less than 0.500 inches thick on any axis)!!!
WARNING: Model has 2-dimensional geometry (less than 0.500 inches thick on any axis)!!!
WARNING: Model has 2-dimensional geometry (less than 0.500 inches thick on any axis)!!!
WARNING: Model has 2-dimensional geometry (less than 0.500 inches thick on any axis)!!!
WARNING: Model has 2-dimensional geometry (less than 0.500 inches thick on any axis)!!!
WARNING: Model has 2-dimensional geometry (less than 0.500 inches thick on any axis)!!!
WARNING: Model has 2-dimensional geometry (less than 0.500 inches thick on any axis)!!!
WARNING: Model has 2-dimensional geometry (less than 0.500 inches thick on any axis)!!!
WARNING: Model has 2-dimensional geometry (less than 0.500 inches thick on any axis)!!!
WARNING: Model has 2-dimensional geometry (less than 0.500 inches thick on any axis)!!!
WARNING: Model has 2-dimensional geometry (less than 0.500 inches thick on any axis)!!!
WARNING: Model has 2-dimensional geometry (less than 0.500 inches thick on any axis)!!!
WARNING: Model has 2-dimensional geometry (less than 0.500 inches thick on any axis)!!!
WARNING: Model has 2-dimensional geometry (less than 0.500 inches thick on any axis)!!!
WARNING: Model has 2-dimensional geometry (less than 0.500 inches thick on any axis)!!!
WARNING: Model has 2-dimensional geometry (less than 0.500 inches thick on any axis)!!!
WARNING: Model has 2-dimensional geometry (less than 0.500 inches thick on any axis)!!!
WARNING: Model has 2-dimensional geometry (less than 0.500 inches thick on any axis)!!!
WARNING: Model has 2-dimensional geometry (less than 0.500 inches thick on any axis)!!!
WARNING: Model has 2-dimensional geometry (less than 0.500 inches thick on any axis)!!!
WARNING: Model has 2-dimensional geometry (less than 0.500 inches thick on any axis)!!!
WARNING: Model has 2-dimensional geometry (less than 0.500 inches thick on any axis)!!!
WARNING: Model has 2-dimensional geometry (less than 0.500 inches thick on any axis)!!!
WARNING: Model has 2-dimensional geometry (less than 0.500 inches thick on any axis)!!!
WARNING: Model has 2-dimensional geometry (less than 0.500 inches thick on any axis)!!!
WARNING: Model has 2-dimensional geometry (less than 0.500 inches thick on any axis)!!!
WARNING: Model has 2-dimensional geometry (less than 0.500 inches thick on any axis)!!!
WARNING: Model has 2-dimensional geometry (less than 0.500 inches thick on any axis)!!!
WARNING: Model has 2-dimensional geometry (less than 0.500 inches thick on any axis)!!!
WARNING: Model has 2-dimensional geometry (less than 0.500 inches thick on any axis)!!!
WARNING: Model has 2-dimensional geometry (less than 0.500 inches thick on any axis)!!!
WARNING: Model has 2-dimensional geometry (less than 0.500 inches thick on any axis)!!!
WARNING: Model has 2-dimensional geometry (less than 0.500 inches thick on any axis)!!!
WARNING: Model has 2-dimensional geometry (less than 0.500 inches thick on any axis)!!!
WARNING: Model has 2-dimensional geometry (less than 0.500 inches thick on any axis)!!!
WARNING: Model has 2-dimensional geometry (less than 0.500 inches thick on any axis)!!!
WARNING: Model has 2-dimensional geometry (less than 0.500 inches thick on any axis)!!!
WARNING: Model has 2-dimensional geometry (less than 0.500 inches thick on any axis)!!!
WARNING: Model has 2-dimensional geometry (less than 0.500 inches thick on any axis)!!!
WARNING: Model has 2-dimensional geometry (less than 0.500 inches thick on any axis)!!!
WARNING: Model has 2-dimensional geometry (less than 0.500 inches thick on any axis)!!!
WARNING: Model has 2-dimensional geometry (less than 0.500 inches thick on any axis)!!!
WARNING: Model has 2-dimensional geometry (less than 0.500 inches thick on any axis)!!!
WARNING: Model has 2-dimensional geometry (less than 0.500 inches thick on any axis)!!!
WARNING: Model has 2-dimensional geometry (less than 0.500 inches thick on any axis)!!!
WARNING: Model has 2-dimensional geometry (less than 0.500 inches thick on any axis)!!!
WARNING: Model has 2-dimensional geometry (less than 0.500 inches thick on any axis)!!!
WARNING: Model has 2-dimensional geometry (less than 0.500 inches thick on any axis)!!!
WARNING: Model has 2-dimensional geometry (less than 0.500 inches thick on any axis)!!!
WARNING: Model has 2-dimensional geometry (less than 0.500 inches thick on any axis)!!!
WARNING: Model has 2-dimensional geometry (less than 0.500 inches thick on any axis)!!!
WARNING: Model has 2-dimensional geometry (less than 0.500 inches thick on any axis)!!!
WARNING: Model has 2-dimensional geometry (less than 0.500 inches thick on any axis)!!!
WARNING: Model has 2-dimensional geometry (less than 0.500 inches thick on any axis)!!!
WARNING: Model has 2-dimensional geometry (less than 0.500 inches thick on any axis)!!!
WARNING: Model has 2-dimensional geometry (less than 0.500 inches thick on any axis)!!!
WARNING: Model has 2-dimensional geometry (less than 0.500 inches thick on any axis)!!!
WARNING: Model has 2-dimensional geometry (less than 0.500 inches thick on any axis)!!!
WARNING: Model has 2-dimensional geometry (less than 0.500 inches thick on any axis)!!!
WARNING: Model has 2-dimensional geometry (less than 0.500 inches thick on any axis)!!!
WARNING: Model has 2-dimensional geometry (less than 0.500 inches thick on any axis)!!!
WARNING: Model has 2-dimensional geometry (less than 0.500 inches thick on any axis)!!!
WARNING: Model has 2-dimensional geometry (less than 0.500 inches thick on any axis)!!!
WARNING: Model has 2-dimensional geometry (less than 0.500 inches thick on any axis)!!!
WARNING: Model has 2-dimensional geometry (less than 0.500 inches thick on any axis)!!!
WARNING: Model has 2-dimensional geometry (less than 0.500 inches thick on any axis)!!!
WARNING: Model has 2-dimensional geometry (less than 0.500 inches thick on any axis)!!!
WARNING: Model has 2-dimensional geometry (less than 0.500 inches thick on any axis)!!!
WARNING: Model has 2-dimensional geometry (less than 0.500 inches thick on any axis)!!!
WARNING: Model has 2-dimensional geometry (less than 0.500 inches thick on any axis)!!!
WARNING: Model has 2-dimensional geometry (less than 0.500 inches thick on any axis)!!!
WARNING: Model has 2-dimensional geometry (less than 0.500 inches thick on any axis)!!!
WARNING: Model has 2-dimensional geometry (less than 0.500 inches thick on any axis)!!!
WARNING: Model has 2-dimensional geometry (less than 0.500 inches thick on any axis)!!!
WARNING: Model has 2-dimensional geometry (less than 0.500 inches thick on any axis)!!!
WARNING: Model has 2-dimensional geometry (less than 0.500 inches thick on any axis)!!!
WARNING: Model has 2-dimensional geometry (less than 0.500 inches thick on any axis)!!!
WARNING: Model has 2-dimensional geometry (less than 0.500 inches thick on any axis)!!!
WARNING: Model has 2-dimensional geometry (less than 0.500 inches thick on any axis)!!!
WARNING: Model has 2-dimensional geometry (less than 0.500 inches thick on any axis)!!!
WARNING: Model has 2-dimensional geometry (less than 0.500 inches thick on any axis)!!!
WARNING: Model has 2-dimensional geometry (less than 0.500 inches thick on any axis)!!!
WARNING: Model has 2-dimensional geometry (less than 0.500 inches thick on any axis)!!!
WARNING: Model has 2-dimensional geometry (less than 0.500 inches thick on any axis)!!!
WARNING: Model has 2-dimensional geometry (less than 0.500 inches thick on any axis)!!!
WARNING: Model has 2-dimensional geometry (less than 0.500 inches thick on any axis)!!!
WARNING: Model has 2-dimensional geometry (less than 0.500 inches thick on any axis)!!!
WARNING: Model has 2-dimensional geometry (less than 0.500 inches thick on any axis)!!!
WARNING: Model has 2-dimensional geometry (less than 0.500 inches thick on any axis)!!!
WARNING: Model has 2-dimensional geometry (less than 0.500 inches thick on any axis)!!!
WARNING: Model has 2-dimensional geometry (less than 0.500 inches thick on any axis)!!!
WARNING: Model has 2-dimensional geometry (less than 0.500 inches thick on any axis)!!!
WARNING: Model has 2-dimensional geometry (less than 0.500 inches thick on any axis)!!!
WARNING: Model has 2-dimensional geometry (less than 0.500 inches thick on any axis)!!!
WARNING: Model has 2-dimensional geometry (less than 0.500 inches thick on any axis)!!!
WARNING: Model has 2-dimensional geometry (less than 0.500 inches thick on any axis)!!!
WARNING: Model has 2-dimensional geometry (less than 0.500 inches thick on any axis)!!!
WARNING: Model has 2-dimensional geometry (less than 0.500 inches thick on any axis)!!!
WARNING: Model has 2-dimensional geometry (less than 0.500 inches thick on any axis)!!!
WARNING: Model has 2-dimensional geometry (less than 0.500 inches thick on any axis)!!!
WARNING: Model has 2-dimensional geometry (less than 0.500 inches thick on any axis)!!!
WARNING: Model has 2-dimensional geometry (less than 0.500 inches thick on any axis)!!!
WARNING: Model has 2-dimensional geometry (less than 0.500 inches thick on any axis)!!!
WARNING: Model has 2-dimensional geometry (less than 0.500 inches thick on any axis)!!!
WARNING: Model has 2-dimensional geometry (less than 0.500 inches thick on any axis)!!!
WARNING: Model has 2-dimensional geometry (less than 0.500 inches thick on any axis)!!!
WARNING: Model has 2-dimensional geometry (less than 0.500 inches thick on any axis)!!!
WARNING: Model has 2-dimensional geometry (less than 0.500 inches thick on any axis)!!!
WARNING: Model has 2-dimensional geometry (less than 0.500 inches thick on any axis)!!!
WARNING: Model has 2-dimensional geometry (less than 0.500 inches thick on any axis)!!!
WARNING: Model has 2-dimensional geometry (less than 0.500 inches thick on any axis)!!!
WARNING: Model has 2-dimensional geometry (less than 0.500 inches thick on any axis)!!!
WARNING: Model has 2-dimensional geometry (less than 0.500 inches thick on any axis)!!!
WARNING: Model has 2-dimensional geometry (less than 0.500 inches thick on any axis)!!!
WARNING: Model has 2-dimensional geometry (less than 0.500 inches thick on any axis)!!!
WARNING: Model has 2-dimensional geometry (less than 0.500 inches thick on any axis)!!!
WARNING: Model has 2-dimensional geometry (less than 0.500 inches thick on any axis)!!!
WARNING: Model has 2-dimensional geometry (less than 0.500 inches thick on any axis)!!!
WARNING: Model has 2-dimensional geometry (less than 0.500 inches thick on any axis)!!!
WARNING: Model has 2-dimensional geometry (less than 0.500 inches thick on any axis)!!!
WARNING: Model has 2-dimensional geometry (less than 0.500 inches thick on any axis)!!!
WARNING: Model has 2-dimensional geometry (less than 0.500 inches thick on any axis)!!!
WARNING: Model has 2-dimensional geometry (less than 0.500 inches thick on any axis)!!!
WARNING: Model has 2-dimensional geometry (less than 0.500 inches thick on any axis)!!!
WARNING: Model has 2-dimensional geometry (less than 0.500 inches thick on any axis)!!!
WARNING: Model has 2-dimensional geometry (less than 0.500 inches thick on any axis)!!!
WARNING: Model has 2-dimensional geometry (less than 0.500 inches thick on any axis)!!!
WARNING: Model has 2-dimensional geometry (less than 0.500 inches thick on any axis)!!!
WARNING: Model has 2-dimensional geometry (less than 0.500 inches thick on any axis)!!!
WARNING: Model has 2-dimensional geometry (less than 0.500 inches thick on any axis)!!!
WARNING: Model has 2-dimensional geometry (less than 0.500 inches thick on any axis)!!!
WARNING: Model has 2-dimensional geometry (less than 0.500 inches thick on any axis)!!!
WARNING: Model has 2-dimensional geometry (less than 0.500 inches thick on any axis)!!!
WARNING: Model has 2-dimensional geometry (less than 0.500 inches thick on any axis)!!!
WARNING: Model has 2-dimensional geometry (less than 0.500 inches thick on any axis)!!!
WARNING: Model has 2-dimensional geometry (less than 0.500 inches thick on any axis)!!!
WARNING: Model has 2-dimensional geometry (less than 0.500 inches thick on any axis)!!!
WARNING: Model has 2-dimensional geometry (less than 0.500 inches thick on any axis)!!!
WARNING: Model has 2-dimensional geometry (less than 0.500 inches thick on any axis)!!!
WARNING: Model has 2-dimensional geometry (less than 0.500 inches thick on any axis)!!!
WARNING: Model has 2-dimensional geometry (less than 0.500 inches thick on any axis)!!!
WARNING: Model has 2-dimensional geometry (less than 0.500 inches thick on any axis)!!!
WARNING: Model has 2-dimensional geometry (less than 0.500 inches thick on any axis)!!!
WARNING: Model has 2-dimensional geometry (less than 0.500 inches thick on any axis)!!!
WARNING: Model has 2-dimensional geometry (less than 0.500 inches thick on any axis)!!!
WARNING: Model has 2-dimensional geometry (less than 0.500 inches thick on any axis)!!!
WARNING: Model has 2-dimensional geometry (less than 0.500 inches thick on any axis)!!!
WARNING: Model has 2-dimensional geometry (less than 0.500 inches thick on any axis)!!!
WARNING: Model has 2-dimensional geometry (less than 0.500 inches thick on any axis)!!!
WARNING: Model has 2-dimensional geometry (less than 0.500 inches thick on any axis)!!!
WARNING: Model has 2-dimensional geometry (less than 0.500 inches thick on any axis)!!!
WARNING: Model has 2-dimensional geometry (less than 0.500 inches thick on any axis)!!!
WARNING: Model has 2-dimensional geometry (less than 0.500 inches thick on any axis)!!!
WARNING: Model has 2-dimensional geometry (less than 0.500 inches thick on any axis)!!!
WARNING: Model has 2-dimensional geometry (less than 0.500 inches thick on any axis)!!!
WARNING: Model has 2-dimensional geometry (less than 0.500 inches thick on any axis)!!!
WARNING: Model has 2-dimensional geometry (less than 0.500 inches thick on any axis)!!!
WARNING: Model has 2-dimensional geometry (less than 0.500 inches thick on any axis)!!!
WARNING: Model has 2-dimensional geometry (less than 0.500 inches thick on any axis)!!!
WARNING: Model has 2-dimensional geometry (less than 0.500 inches thick on any axis)!!!
WARNING: Model has 2-dimensional geometry (less than 0.500 inches thick on any axis)!!!
WARNING: Model has 2-dimensional geometry (less than 0.500 inches thick on any axis)!!!
WARNING: Model has 2-dimensional geometry (less than 0.500 inches thick on any axis)!!!
WARNING: Model has 2-dimensional geometry (less than 0.500 inches thick on any axis)!!!
WARNING: Model has 2-dimensional geometry (less than 0.500 inches thick on any axis)!!!
WARNING: Model has 2-dimensional geometry (less than 0.500 inches thick on any axis)!!!
WARNING: Model has 2-dimensional geometry (less than 0.500 inches thick on any axis)!!!
WARNING: Model has 2-dimensional geometry (less than 0.500 inches thick on any axis)!!!
WARNING: Model has 2-dimensional geometry (less than 0.500 inches thick on any axis)!!!
WARNING: Model has 2-dimensional geometry (less than 0.500 inches thick on any axis)!!!
WARNING: Model has 2-dimensional geometry (less than 0.500 inches thick on any axis)!!!
WARNING: Model has 2-dimensional geometry (less than 0.500 inches thick on any axis)!!!
WARNING: Model has 2-dimensional geometry (less than 0.500 inches thick on any axis)!!!
WARNING: Model has 2-dimensional geometry (less than 0.500 inches thick on any axis)!!!
WARNING: Model has 2-dimensional geometry (less than 0.500 inches thick on any axis)!!!
WARNING: Model has 2-dimensional geometry (less than 0.500 inches thick on any axis)!!!
WARNING: Model has 2-dimensional geometry (less than 0.500 inches thick on any axis)!!!
WARNING: Model has 2-dimensional geometry (less than 0.500 inches thick on any axis)!!!
WARNING: Model has 2-dimensional geometry (less than 0.500 inches thick on any axis)!!!
WARNING: Model has 2-dimensional geometry (less than 0.500 inches thick on any axis)!!!
WARNING: Model has 2-dimensional geometry (less than 0.500 inches thick on any axis)!!!
WARNING: Model has 2-dimensional geometry (less than 0.500 inches thick on any axis)!!!
WARNING: Model has 2-dimensional geometry (less than 0.500 inches thick on any axis)!!!
WARNING: Model has 2-dimensional geometry (less than 0.500 inches thick on any axis)!!!
WARNING: Model has 2-dimensional geometry (less than 0.500 inches thick on any axis)!!!
WARNING: Model has 2-dimensional geometry (less than 0.500 inches thick on any axis)!!!
WARNING: Model has 2-dimensional geometry (less than 0.500 inches thick on any axis)!!!
WARNING: Model has 2-dimensional geometry (less than 0.500 inches thick on any axis)!!!
WARNING: Model has 2-dimensional geometry (less than 0.500 inches thick on any axis)!!!
WARNING: Model has 2-dimensional geometry (less than 0.500 inches thick on any axis)!!!
WARNING: Model has 2-dimensional geometry (less than 0.500 inches thick on any axis)!!!
WARNING: Model has 2-dimensional geometry (less than 0.500 inches thick on any axis)!!!
WARNING: Model has 2-dimensional geometry (less than 0.500 inches thick on any axis)!!!
WARNING: Model has 2-dimensional geometry (less than 0.500 inches thick on any axis)!!!
WARNING: Model has 2-dimensional geometry (less than 0.500 inches thick on any axis)!!!
WARNING: Model has 2-dimensional geometry (less than 0.500 inches thick on any axis)!!!
WARNING: Model has 2-dimensional geometry (less than 0.500 inches thick on any axis)!!!
WARNING: Model has 2-dimensional geometry (less than 0.500 inches thick on any axis)!!!
WARNING: Model has 2-dimensional geometry (less than 0.500 inches thick on any axis)!!!
WARNING: Model has 2-dimensional geometry (less than 0.500 inches thick on any axis)!!!
WARNING: Model has 2-dimensional geometry (less than 0.500 inches thick on any axis)!!!
WARNING: Model has 2-dimensional geometry (less than 0.500 inches thick on any axis)!!!
WARNING: Model has 2-dimensional geometry (less than 0.500 inches thick on any axis)!!!
WARNING: Model has 2-dimensional geometry (less than 0.500 inches thick on any axis)!!!
WARNING: Model has 2-dimensional geometry (less than 0.500 inches thick on any axis)!!!
WARNING: Model has 2-dimensional geometry (less than 0.500 inches thick on any axis)!!!
WARNING: Model has 2-dimensional geometry (less than 0.500 inches thick on any axis)!!!
WARNING: Model has 2-dimensional geometry (less than 0.500 inches thick on any axis)!!!
WARNING: Model has 2-dimensional geometry (less than 0.500 inches thick on any axis)!!!
WARNING: Model has 2-dimensional geometry (less than 0.500 inches thick on any axis)!!!
WARNING: Model has 2-dimensional geometry (less than 0.500 inches thick on any axis)!!!
WARNING: Model has 2-dimensional geometry (less than 0.500 inches thick on any axis)!!!
WARNING: Model has 2-dimensional geometry (less than 0.500 inches thick on any axis)!!!
WARNING: Model has 2-dimensional geometry (less than 0.500 inches thick on any axis)!!!
WARNING: Model has 2-dimensional geometry (less than 0.500 inches thick on any axis)!!!
WARNING: Model has 2-dimensional geometry (less than 0.500 inches thick on any axis)!!!
WARNING: Model has 2-dimensional geometry (less than 0.500 inches thick on any axis)!!!
WARNING: Model has 2-dimensional geometry (less than 0.500 inches thick on any axis)!!!
WARNING: Model has 2-dimensional geometry (less than 0.500 inches thick on any axis)!!!
WARNING: Model has 2-dimensional geometry (less than 0.500 inches thick on any axis)!!!
WARNING: Model has 2-dimensional geometry (less than 0.500 inches thick on any axis)!!!
WARNING: Model has 2-dimensional geometry (less than 0.500 inches thick on any axis)!!!
WARNING: Model has 2-dimensional geometry (less than 0.500 inches thick on any axis)!!!
WARNING: Model has 2-dimensional geometry (less than 0.500 inches thick on any axis)!!!
WARNING: Model has 2-dimensional geometry (less than 0.500 inches thick on any axis)!!!
WARNING: Model has 2-dimensional geometry (less than 0.500 inches thick on any axis)!!!
WARNING: Model has 2-dimensional geometry (less than 0.500 inches thick on any axis)!!!
WARNING: Model has 2-dimensional geometry (less than 0.500 inches thick on any axis)!!!
WARNING: Model has 2-dimensional geometry (less than 0.500 inches thick on any axis)!!!
WARNING: Model has 2-dimensional geometry (less than 0.500 inches thick on any axis)!!!
WARNING: Model has 2-dimensional geometry (less than 0.500 inches thick on any axis)!!!
WARNING: Model has 2-dimensional geometry (less than 0.500 inches thick on any axis)!!!
WARNING: Model has 2-dimensional geometry (less than 0.500 inches thick on any axis)!!!
WARNING: Model has 2-dimensional geometry (less than 0.500 inches thick on any axis)!!!
WARNING: Model has 2-dimensional geometry (less than 0.500 inches thick on any axis)!!!
WARNING: Model has 2-dimensional geometry (less than 0.500 inches thick on any axis)!!!
WARNING: Model has 2-dimensional geometry (less than 0.500 inches thick on any axis)!!!
WARNING: Model has 2-dimensional geometry (less than 0.500 inches thick on any axis)!!!
WARNING: Model has 2-dimensional geometry (less than 0.500 inches thick on any axis)!!!
WARNING: Model has 2-dimensional geometry (less than 0.500 inches thick on any axis)!!!
WARNING: Model has 2-dimensional geometry (less than 0.500 inches thick on any axis)!!!
WARNING: Model has 2-dimensional geometry (less than 0.500 inches thick on any axis)!!!
WARNING: Model has 2-dimensional geometry (less than 0.500 inches thick on any axis)!!!
WARNING: Model has 2-dimensional geometry (less than 0.500 inches thick on any axis)!!!
WARNING: Model has 2-dimensional geometry (less than 0.500 inches thick on any axis)!!!
WARNING: Model has 2-dimensional geometry (less than 0.500 inches thick on any axis)!!!
WARNING: Model has 2-dimensional geometry (less than 0.500 inches thick on any axis)!!!
WARNING: Model has 2-dimensional geometry (less than 0.500 inches thick on any axis)!!!
WARNING: Model has 2-dimensional geometry (less than 0.500 inches thick on any axis)!!!
WARNING: Model has 2-dimensional geometry (less than 0.500 inches thick on any axis)!!!
WARNING: Model has 2-dimensional geometry (less than 0.500 inches thick on any axis)!!!
WARNING: Model has 2-dimensional geometry (less than 0.500 inches thick on any axis)!!!
WARNING: Model has 2-dimensional geometry (less than 0.500 inches thick on any axis)!!!
WARNING: Model has 2-dimensional geometry (less than 0.500 inches thick on any axis)!!!
WARNING: Model has 2-dimensional geometry (less than 0.500 inches thick on any axis)!!!
WARNING: Model has 2-dimensional geometry (less than 0.500 inches thick on any axis)!!!
WARNING: Model has 2-dimensional geometry (less than 0.500 inches thick on any axis)!!!
WARNING: Model has 2-dimensional geometry (less than 0.500 inches thick on any axis)!!!
WARNING: Model has 2-dimensional geometry (less than 0.500 inches thick on any axis)!!!
WARNING: Model has 2-dimensional geometry (less than 0.500 inches thick on any axis)!!!
WARNING: Model has 2-dimensional geometry (less than 0.500 inches thick on any axis)!!!
WARNING: Model has 2-dimensional geometry (less than 0.500 inches thick on any axis)!!!
WARNING: Model has 2-dimensional geometry (less than 0.500 inches thick on any axis)!!!
WARNING: Model has 2-dimensional geometry (less than 0.500 inches thick on any axis)!!!
WARNING: Model has 2-dimensional geometry (less than 0.500 inches thick on any axis)!!!
WARNING: Model has 2-dimensional geometry (less than 0.500 inches thick on any axis)!!!
WARNING: Model has 2-dimensional geometry (less than 0.500 inches thick on any axis)!!!
WARNING: Model has 2-dimensional geometry (less than 0.500 inches thick on any axis)!!!
WARNING: Model has 2-dimensional geometry (less than 0.500 inches thick on any axis)!!!
WARNING: Model has 2-dimensional geometry (less than 0.500 inches thick on any axis)!!!
WARNING: Model has 2-dimensional geometry (less than 0.500 inches thick on any axis)!!!
WARNING: Model has 2-dimensional geometry (less than 0.500 inches thick on any axis)!!!
WARNING: Model has 2-dimensional geometry (less than 0.500 inches thick on any axis)!!!
WARNING: Model has 2-dimensional geometry (less than 0.500 inches thick on any axis)!!!
WARNING: Model has 2-dimensional geometry (less than 0.500 inches thick on any axis)!!!
WARNING: Model has 2-dimensional geometry (less than 0.500 inches thick on any axis)!!!
WARNING: Model has 2-dimensional geometry (less than 0.500 inches thick on any axis)!!!
WARNING: Model has 2-dimensional geometry (less than 0.500 inches thick on any axis)!!!
WARNING: Model has 2-dimensional geometry (less than 0.500 inches thick on any axis)!!!
WARNING: Model has 2-dimensional geometry (less than 0.500 inches thick on any axis)!!!
WARNING: Model has 2-dimensional geometry (less than 0.500 inches thick on any axis)!!!
WARNING: Model has 2-dimensional geometry (less than 0.500 inches thick on any axis)!!!
WARNING: Model has 2-dimensional geometry (less than 0.500 inches thick on any axis)!!!
WARNING: Model has 2-dimensional geometry (less than 0.500 inches thick on any axis)!!!
WARNING: Model has 2-dimensional geometry (less than 0.500 inches thick on any axis)!!!
WARNING: Model has 2-dimensional geometry (less than 0.500 inches thick on any axis)!!!
WARNING: Model has 2-dimensional geometry (less than 0.500 inches thick on any axis)!!!
WARNING: Model has 2-dimensional geometry (less than 0.500 inches thick on any axis)!!!
WARNING: Model has 2-dimensional geometry (less than 0.500 inches thick on any axis)!!!
WARNING: Model has 2-dimensional geometry (less than 0.500 inches thick on any axis)!!!
WARNING: Model has 2-dimensional geometry (less than 0.500 inches thick on any axis)!!!
WARNING: Model has 2-dimensional geometry (less than 0.500 inches thick on any axis)!!!
WARNING: Model has 2-dimensional geometry (less than 0.500 inches thick on any axis)!!!
WARNING: Model has 2-dimensional geometry (less than 0.500 inches thick on any axis)!!!
WARNING: Model has 2-dimensional geometry (less than 0.500 inches thick on any axis)!!!
WARNING: Model has 2-dimensional geometry (less than 0.500 inches thick on any axis)!!!
WARNING: Model has 2-dimensional geometry (less than 0.500 inches thick on any axis)!!!
WARNING: Model has 2-dimensional geometry (less than 0.500 inches thick on any axis)!!!
WARNING: Model has 2-dimensional geometry (less than 0.500 inches thick on any axis)!!!
WARNING: Model has 2-dimensional geometry (less than 0.500 inches thick on any axis)!!!
WARNING: Model has 2-dimensional geometry (less than 0.500 inches thick on any axis)!!!
WARNING: Model has 2-dimensional geometry (less than 0.500 inches thick on any axis)!!!
WARNING: Model has 2-dimensional geometry (less than 0.500 inches thick on any axis)!!!
WARNING: Model has 2-dimensional geometry (less than 0.500 inches thick on any axis)!!!
WARNING: Model has 2-dimensional geometry (less than 0.500 inches thick on any axis)!!!
WARNING: Model has 2-dimensional geometry (less than 0.500 inches thick on any axis)!!!
WARNING: Model has 2-dimensional geometry (less than 0.500 inches thick on any axis)!!!
WARNING: Model has 2-dimensional geometry (less than 0.500 inches thick on any axis)!!!
WARNING: Model has 2-dimensional geometry (less than 0.500 inches thick on any axis)!!!
WARNING: Model has 2-dimensional geometry (less than 0.500 inches thick on any axis)!!!
WARNING: Model has 2-dimensional geometry (less than 0.500 inches thick on any axis)!!!
WARNING: Model has 2-dimensional geometry (less than 0.500 inches thick on any axis)!!!
WARNING: Model has 2-dimensional geometry (less than 0.500 inches thick on any axis)!!!
WARNING: Model has 2-dimensional geometry (less than 0.500 inches thick on any axis)!!!
WARNING: Model has 2-dimensional geometry (less than 0.500 inches thick on any axis)!!!
WARNING: Model has 2-dimensional geometry (less than 0.500 inches thick on any axis)!!!
WARNING: Model has 2-dimensional geometry (less than 0.500 inches thick on any axis)!!!
WARNING: Model has 2-dimensional geometry (less than 0.500 inches thick on any axis)!!!
WARNING: Model has 2-dimensional geometry (less than 0.500 inches thick on any axis)!!!
WARNING: Model has 2-dimensional geometry (less than 0.500 inches thick on any axis)!!!
WARNING: Model has 2-dimensional geometry (less than 0.500 inches thick on any axis)!!!
WARNING: Model has 2-dimensional geometry (less than 0.500 inches thick on any axis)!!!
WARNING: Model has 2-dimensional geometry (less than 0.500 inches thick on any axis)!!!
WARNING: Model has 2-dimensional geometry (less than 0.500 inches thick on any axis)!!!
WARNING: Model has 2-dimensional geometry (less than 0.500 inches thick on any axis)!!!
WARNING: Model has 2-dimensional geometry (less than 0.500 inches thick on any axis)!!!
WARNING: Model has 2-dimensional geometry (less than 0.500 inches thick on any axis)!!!
WARNING: Model has 2-dimensional geometry (less than 0.500 inches thick on any axis)!!!
WARNING: Model has 2-dimensional geometry (less than 0.500 inches thick on any axis)!!!
WARNING: Model has 2-dimensional geometry (less than 0.500 inches thick on any axis)!!!
WARNING: Model has 2-dimensional geometry (less than 0.500 inches thick on any axis)!!!
WARNING: Model has 2-dimensional geometry (less than 0.500 inches thick on any axis)!!!
WARNING: Model has 2-dimensional geometry (less than 0.500 inches thick on any axis)!!!
WARNING: Model has 2-dimensional geometry (less than 0.500 inches thick on any axis)!!!
WARNING: Model has 2-dimensional geometry (less than 0.500 inches thick on any axis)!!!
WARNING: Model has 2-dimensional geometry (less than 0.500 inches thick on any axis)!!!
WARNING: Model has 2-dimensional geometry (less than 0.500 inches thick on any axis)!!!
WARNING: Model has 2-dimensional geometry (less than 0.500 inches thick on any axis)!!!
WARNING: Model has 2-dimensional geometry (less than 0.500 inches thick on any axis)!!!
WARNING: Model has 2-dimensional geometry (less than 0.500 inches thick on any axis)!!!
WARNING: Model has 2-dimensional geometry (less than 0.500 inches thick on any axis)!!!
WARNING: Model has 2-dimensional geometry (less than 0.500 inches thick on any axis)!!!
WARNING: Model has 2-dimensional geometry (less than 0.500 inches thick on any axis)!!!
WARNING: Model has 2-dimensional geometry (less than 0.500 inches thick on any axis)!!!
WARNING: Model has 2-dimensional geometry (less than 0.500 inches thick on any axis)!!!
WARNING: Model has 2-dimensional geometry (less than 0.500 inches thick on any axis)!!!
WARNING: Model has 2-dimensional geometry (less than 0.500 inches thick on any axis)!!!
WARNING: Model has 2-dimensional geometry (less than 0.500 inches thick on any axis)!!!
WARNING: Model has 2-dimensional geometry (less than 0.500 inches thick on any axis)!!!
WARNING: Model has 2-dimensional geometry (less than 0.500 inches thick on any axis)!!!
WARNING: Model has 2-dimensional geometry (less than 0.500 inches thick on any axis)!!!
WARNING: Model has 2-dimensional geometry (less than 0.500 inches thick on any axis)!!!
WARNING: Model has 2-dimensional geometry (less than 0.500 inches thick on any axis)!!!
WARNING: Model has 2-dimensional geometry (less than 0.500 inches thick on any axis)!!!
WARNING: Model has 2-dimensional geometry (less than 0.500 inches thick on any axis)!!!
WARNING: Model has 2-dimensional geometry (less than 0.500 inches thick on any axis)!!!
WARNING: Model has 2-dimensional geometry (less than 0.500 inches thick on any axis)!!!
WARNING: Model has 2-dimensional geometry (less than 0.500 inches thick on any axis)!!!
WARNING: Model has 2-dimensional geometry (less than 0.500 inches thick on any axis)!!!
WARNING: Model has 2-dimensional geometry (less than 0.500 inches thick on any axis)!!!
WARNING: Model has 2-dimensional geometry (less than 0.500 inches thick on any axis)!!!
WARNING: Model has 2-dimensional geometry (less than 0.500 inches thick on any axis)!!!
WARNING: Model has 2-dimensional geometry (less than 0.500 inches thick on any axis)!!!
WARNING: Model has 2-dimensional geometry (less than 0.500 inches thick on any axis)!!!
WARNING: Model has 2-dimensional geometry (less than 0.500 inches thick on any axis)!!!
WARNING: Model has 2-dimensional geometry (less than 0.500 inches thick on any axis)!!!
WARNING: Model has 2-dimensional geometry (less than 0.500 inches thick on any axis)!!!
WARNING: Model has 2-dimensional geometry (less than 0.500 inches thick on any axis)!!!
WARNING: Model has 2-dimensional geometry (less than 0.500 inches thick on any axis)!!!
WARNING: Model has 2-dimensional geometry (less than 0.500 inches thick on any axis)!!!
WARNING: Model has 2-dimensional geometry (less than 0.500 inches thick on any axis)!!!
WARNING: Model has 2-dimensional geometry (less than 0.500 inches thick on any axis)!!!
WARNING: Model has 2-dimensional geometry (less than 0.500 inches thick on any axis)!!!
WARNING: Model has 2-dimensional geometry (less than 0.500 inches thick on any axis)!!!
WARNING: Model has 2-dimensional geometry (less than 0.500 inches thick on any axis)!!!
WARNING: Model has 2-dimensional geometry (less than 0.500 inches thick on any axis)!!!
WARNING: Model has 2-dimensional geometry (less than 0.500 inches thick on any axis)!!!
WARNING: Model has 2-dimensional geometry (less than 0.500 inches thick on any axis)!!!
WARNING: Model has 2-dimensional geometry (less than 0.500 inches thick on any axis)!!!
WARNING: Model has 2-dimensional geometry (less than 0.500 inches thick on any axis)!!!
WARNING: Model has 2-dimensional geometry (less than 0.500 inches thick on any axis)!!!
WARNING: Model has 2-dimensional geometry (less than 0.500 inches thick on any axis)!!!
WARNING: Model has 2-dimensional geometry (less than 0.500 inches thick on any axis)!!!
WARNING: Model has 2-dimensional geometry (less than 0.500 inches thick on any axis)!!!
WARNING: Model has 2-dimensional geometry (less than 0.500 inches thick on any axis)!!!
WARNING: Model has 2-dimensional geometry (less than 0.500 inches thick on any axis)!!!
WARNING: Model has 2-dimensional geometry (less than 0.500 inches thick on any axis)!!!
WARNING: Model has 2-dimensional geometry (less than 0.500 inches thick on any axis)!!!
WARNING: Model has 2-dimensional geometry (less than 0.500 inches thick on any axis)!!!
WARNING: Model has 2-dimensional geometry (less than 0.500 inches thick on any axis)!!!
WARNING: Model has 2-dimensional geometry (less than 0.500 inches thick on any axis)!!!
WARNING: Model has 2-dimensional geometry (less than 0.500 inches thick on any axis)!!!
WARNING: Model has 2-dimensional geometry (less than 0.500 inches thick on any axis)!!!
WARNING: Model has 2-dimensional geometry (less than 0.500 inches thick on any axis)!!!
WARNING: Model has 2-dimensional geometry (less than 0.500 inches thick on any axis)!!!
WARNING: Model has 2-dimensional geometry (less than 0.500 inches thick on any axis)!!!
WARNING: Model has 2-dimensional geometry (less than 0.500 inches thick on any axis)!!!
WARNING: Model has 2-dimensional geometry (less than 0.500 inches thick on any axis)!!!
WARNING: Model has 2-dimensional geometry (less than 0.500 inches thick on any axis)!!!
WARNING: Model has 2-dimensional geometry (less than 0.500 inches thick on any axis)!!!
WARNING: Model has 2-dimensional geometry (less than 0.500 inches thick on any axis)!!!
WARNING: Model has 2-dimensional geometry (less than 0.500 inches thick on any axis)!!!
WARNING: Model has 2-dimensional geometry (less than 0.500 inches thick on any axis)!!!
WARNING: Model has 2-dimensional geometry (less than 0.500 inches thick on any axis)!!!
WARNING: Model has 2-dimensional geometry (less than 0.500 inches thick on any axis)!!!
WARNING: Model has 2-dimensional geometry (less than 0.500 inches thick on any axis)!!!
WARNING: Model has 2-dimensional geometry (less than 0.500 inches thick on any axis)!!!
WARNING: Model has 2-dimensional geometry (less than 0.500 inches thick on any axis)!!!
WARNING: Model has 2-dimensional geometry (less than 0.500 inches thick on any axis)!!!
WARNING: Model has 2-dimensional geometry (less than 0.500 inches thick on any axis)!!!
WARNING: Model has 2-dimensional geometry (less than 0.500 inches thick on any axis)!!!
WARNING: Model has 2-dimensional geometry (less than 0.500 inches thick on any axis)!!!
WARNING: Model has 2-dimensional geometry (less than 0.500 inches thick on any axis)!!!
WARNING: Model has 2-dimensional geometry (less than 0.500 inches thick on any axis)!!!
WARNING: Model has 2-dimensional geometry (less than 0.500 inches thick on any axis)!!!
WARNING: Model has 2-dimensional geometry (less than 0.500 inches thick on any axis)!!!
WARNING: Model has 2-dimensional geometry (less than 0.500 inches thick on any axis)!!!
WARNING: Model has 2-dimensional geometry (less than 0.500 inches thick on any axis)!!!
WARNING: Model has 2-dimensional geometry (less than 0.500 inches thick on any axis)!!!
WARNING: Model has 2-dimensional geometry (less than 0.500 inches thick on any axis)!!!
WARNING: Model has 2-dimensional geometry (less than 0.500 inches thick on any axis)!!!
WARNING: Model has 2-dimensional geometry (less than 0.500 inches thick on any axis)!!!
WARNING: Model has 2-dimensional geometry (less than 0.500 inches thick on any axis)!!!
WARNING: Model has 2-dimensional geometry (less than 0.500 inches thick on any axis)!!!
WARNING: Model has 2-dimensional geometry (less than 0.500 inches thick on any axis)!!!
WARNING: Model has 2-dimensional geometry (less than 0.500 inches thick on any axis)!!!
WARNING: Model has 2-dimensional geometry (less than 0.500 inches thick on any axis)!!!
WARNING: Model has 2-dimensional geometry (less than 0.500 inches thick on any axis)!!!
WARNING: Model has 2-dimensional geometry (less than 0.500 inches thick on any axis)!!!
WARNING: Model has 2-dimensional geometry (less than 0.500 inches thick on any axis)!!!
WARNING: Model has 2-dimensional geometry (less than 0.500 inches thick on any axis)!!!
WARNING: Model has 2-dimensional geometry (less than 0.500 inches thick on any axis)!!!
WARNING: Model has 2-dimensional geometry (less than 0.500 inches thick on any axis)!!!
WARNING: Model has 2-dimensional geometry (less than 0.500 inches thick on any axis)!!!
WARNING: Model has 2-dimensional geometry (less than 0.500 inches thick on any axis)!!!
WARNING: Model has 2-dimensional geometry (less than 0.500 inches thick on any axis)!!!
WARNING: Model has 2-dimensional geometry (less than 0.500 inches thick on any axis)!!!
WARNING: Model has 2-dimensional geometry (less than 0.500 inches thick on any axis)!!!
WARNING: Model has 2-dimensional geometry (less than 0.500 inches thick on any axis)!!!
WARNING: Model has 2-dimensional geometry (less than 0.500 inches thick on any axis)!!!
WARNING: Model has 2-dimensional geometry (less than 0.500 inches thick on any axis)!!!
WARNING: Model has 2-dimensional geometry (less than 0.500 inches thick on any axis)!!!
WARNING: Model has 2-dimensional geometry (less than 0.500 inches thick on any axis)!!!
WARNING: Model has 2-dimensional geometry (less than 0.500 inches thick on any axis)!!!
WARNING: Model has 2-dimensional geometry (less than 0.500 inches thick on any axis)!!!
WARNING: Model has 2-dimensional geometry (less than 0.500 inches thick on any axis)!!!
WARNING: Model has 2-dimensional geometry (less than 0.500 inches thick on any axis)!!!
WARNING: Model has 2-dimensional geometry (less than 0.500 inches thick on any axis)!!!
WARNING: Model has 2-dimensional geometry (less than 0.500 inches thick on any axis)!!!
WARNING: Model has 2-dimensional geometry (less than 0.500 inches thick on any axis)!!!
WARNING: Model has 2-dimensional geometry (less than 0.500 inches thick on any axis)!!!
WARNING: Model has 2-dimensional geometry (less than 0.500 inches thick on any axis)!!!
WARNING: Model has 2-dimensional geometry (less than 0.500 inches thick on any axis)!!!
WARNING: Model has 2-dimensional geometry (less than 0.500 inches thick on any axis)!!!
WARNING: Model has 2-dimensional geometry (less than 0.500 inches thick on any axis)!!!
WARNING: Model has 2-dimensional geometry (less than 0.500 inches thick on any axis)!!!
WARNING: Model has 2-dimensional geometry (less than 0.500 inches thick on any axis)!!!
WARNING: Model has 2-dimensional geometry (less than 0.500 inches thick on any axis)!!!
WARNING: Model has 2-dimensional geometry (less than 0.500 inches thick on any axis)!!!
WARNING: Model has 2-dimensional geometry (less than 0.500 inches thick on any axis)!!!
WARNING: Model has 2-dimensional geometry (less than 0.500 inches thick on any axis)!!!
WARNING: Model has 2-dimensional geometry (less than 0.500 inches thick on any axis)!!!
WARNING: Model has 2-dimensional geometry (less than 0.500 inches thick on any axis)!!!
WARNING: Model has 2-dimensional geometry (less than 0.500 inches thick on any axis)!!!
WARNING: Model has 2-dimensional geometry (less than 0.500 inches thick on any axis)!!!
WARNING: Model has 2-dimensional geometry (less than 0.500 inches thick on any axis)!!!
WARNING: Model has 2-dimensional geometry (less than 0.500 inches thick on any axis)!!!
WARNING: Model has 2-dimensional geometry (less than 0.500 inches thick on any axis)!!!
WARNING: Model has 2-dimensional geometry (less than 0.500 inches thick on any axis)!!!
WARNING: Model has 2-dimensional geometry (less than 0.500 inches thick on any axis)!!!
WARNING: Model has 2-dimensional geometry (less than 0.500 inches thick on any axis)!!!
WARNING: Model has 2-dimensional geometry (less than 0.500 inches thick on any axis)!!!
WARNING: Model has 2-dimensional geometry (less than 0.500 inches thick on any axis)!!!
WARNING: Model has 2-dimensional geometry (less than 0.500 inches thick on any axis)!!!
WARNING: Model has 2-dimensional geometry (less than 0.500 inches thick on any axis)!!!
WARNING: Model has 2-dimensional geometry (less than 0.500 inches thick on any axis)!!!
WARNING: Model has 2-dimensional geometry (less than 0.500 inches thick on any axis)!!!
WARNING: Model has 2-dimensional geometry (less than 0.500 inches thick on any axis)!!!
WARNING: Model has 2-dimensional geometry (less than 0.500 inches thick on any axis)!!!
WARNING: Model has 2-dimensional geometry (less than 0.500 inches thick on any axis)!!!
WARNING: Model has 2-dimensional geometry (less than 0.500 inches thick on any axis)!!!
WARNING: Model has 2-dimensional geometry (less than 0.500 inches thick on any axis)!!!
WARNING: Model has 2-dimensional geometry (less than 0.500 inches thick on any axis)!!!
WARNING: Model has 2-dimensional geometry (less than 0.500 inches thick on any axis)!!!
WARNING: Model has 2-dimensional geometry (less than 0.500 inches thick on any axis)!!!
WARNING: Model has 2-dimensional geometry (less than 0.500 inches thick on any axis)!!!
WARNING: Model has 2-dimensional geometry (less than 0.500 inches thick on any axis)!!!
WARNING: Model has 2-dimensional geometry (less than 0.500 inches thick on any axis)!!!
WARNING: Model has 2-dimensional geometry (less than 0.500 inches thick on any axis)!!!
WARNING: Model has 2-dimensional geometry (less than 0.500 inches thick on any axis)!!!
WARNING: Model has 2-dimensional geometry (less than 0.500 inches thick on any axis)!!!
WARNING: Model has 2-dimensional geometry (less than 0.500 inches thick on any axis)!!!
WARNING: Model has 2-dimensional geometry (less than 0.500 inches thick on any axis)!!!
WARNING: Model has 2-dimensional geometry (less than 0.500 inches thick on any axis)!!!
WARNING: Model has 2-dimensional geometry (less than 0.500 inches thick on any axis)!!!
WARNING: Model has 2-dimensional geometry (less than 0.500 inches thick on any axis)!!!
WARNING: Model has 2-dimensional geometry (less than 0.500 inches thick on any axis)!!!
WARNING: Model has 2-dimensional geometry (less than 0.500 inches thick on any axis)!!!
WARNING: Model has 2-dimensional geometry (less than 0.500 inches thick on any axis)!!!
WARNING: Model has 2-dimensional geometry (less than 0.500 inches thick on any axis)!!!
WARNING: Model has 2-dimensional geometry (less than 0.500 inches thick on any axis)!!!
WARNING: Model has 2-dimensional geometry (less than 0.500 inches thick on any axis)!!!
WARNING: Model has 2-dimensional geometry (less than 0.500 inches thick on any axis)!!!
WARNING: Model has 2-dimensional geometry (less than 0.500 inches thick on any axis)!!!
WARNING: Model has 2-dimensional geometry (less than 0.500 inches thick on any axis)!!!
WARNING: Model has 2-dimensional geometry (less than 0.500 inches thick on any axis)!!!
WARNING: Model has 2-dimensional geometry (less than 0.500 inches thick on any axis)!!!
WARNING: Model has 2-dimensional geometry (less than 0.500 inches thick on any axis)!!!
WARNING: Model has 2-dimensional geometry (less than 0.500 inches thick on any axis)!!!
WARNING: Model has 2-dimensional geometry (less than 0.500 inches thick on any axis)!!!
WARNING: Model has 2-dimensional geometry (less than 0.500 inches thick on any axis)!!!
WARNING: Model has 2-dimensional geometry (less than 0.500 inches thick on any axis)!!!
WARNING: Model has 2-dimensional geometry (less than 0.500 inches thick on any axis)!!!
WARNING: Model has 2-dimensional geometry (less than 0.500 inches thick on any axis)!!!
WARNING: Model has 2-dimensional geometry (less than 0.500 inches thick on any axis)!!!
WARNING: Model has 2-dimensional geometry (less than 0.500 inches thick on any axis)!!!
WARNING: Model has 2-dimensional geometry (less than 0.500 inches thick on any axis)!!!
WARNING: Model has 2-dimensional geometry (less than 0.500 inches thick on any axis)!!!
WARNING: Model has 2-dimensional geometry (less than 0.500 inches thick on any axis)!!!
WARNING: Model has 2-dimensional geometry (less than 0.500 inches thick on any axis)!!!
WARNING: Model has 2-dimensional geometry (less than 0.500 inches thick on any axis)!!!
WARNING: Model has 2-dimensional geometry (less than 0.500 inches thick on any axis)!!!
WARNING: Model has 2-dimensional geometry (less than 0.500 inches thick on any axis)!!!
WARNING: Model has 2-dimensional geometry (less than 0.500 inches thick on any axis)!!!
WARNING: Model has 2-dimensional geometry (less than 0.500 inches thick on any axis)!!!
WARNING: Model has 2-dimensional geometry (less than 0.500 inches thick on any axis)!!!
WARNING: Model has 2-dimensional geometry (less than 0.500 inches thick on any axis)!!!
WARNING: Model has 2-dimensional geometry (less than 0.500 inches thick on any axis)!!!
WARNING: Model has 2-dimensional geometry (less than 0.500 inches thick on any axis)!!!
WARNING: Model has 2-dimensional geometry (less than 0.500 inches thick on any axis)!!!
WARNING: Model has 2-dimensional geometry (less than 0.500 inches thick on any axis)!!!
WARNING: Model has 2-dimensional geometry (less than 0.500 inches thick on any axis)!!!
WARNING: Model has 2-dimensional geometry (less than 0.500 inches thick on any axis)!!!
WARNING: Model has 2-dimensional geometry (less than 0.500 inches thick on any axis)!!!
WARNING: Model has 2-dimensional geometry (less than 0.500 inches thick on any axis)!!!
WARNING: Model has 2-dimensional geometry (less than 0.500 inches thick on any axis)!!!
WARNING: Model has 2-dimensional geometry (less than 0.500 inches thick on any axis)!!!
WARNING: Model has 2-dimensional geometry (less than 0.500 inches thick on any axis)!!!
WARNING: Model has 2-dimensional geometry (less than 0.500 inches thick on any axis)!!!
WARNING: Model has 2-dimensional geometry (less than 0.500 inches thick on any axis)!!!
WARNING: Model has 2-dimensional geometry (less than 0.500 inches thick on any axis)!!!
WARNING: Model has 2-dimensional geometry (less than 0.500 inches thick on any axis)!!!
WARNING: Model has 2-dimensional geometry (less than 0.500 inches thick on any axis)!!!
WARNING: Model has 2-dimensional geometry (less than 0.500 inches thick on any axis)!!!
WARNING: Model has 2-dimensional geometry (less than 0.500 inches thick on any axis)!!!
WARNING: Model has 2-dimensional geometry (less than 0.500 inches thick on any axis)!!!
WARNING: Model has 2-dimensional geometry (less than 0.500 inches thick on any axis)!!!
WARNING: Model has 2-dimensional geometry (less than 0.500 inches thick on any axis)!!!
WARNING: Model has 2-dimensional geometry (less than 0.500 inches thick on any axis)!!!
WARNING: Model has 2-dimensional geometry (less than 0.500 inches thick on any axis)!!!
WARNING: Model has 2-dimensional geometry (less than 0.500 inches thick on any axis)!!!
WARNING: Model has 2-dimensional geometry (less than 0.500 inches thick on any axis)!!!
WARNING: Model has 2-dimensional geometry (less than 0.500 inches thick on any axis)!!!
WARNING: Model has 2-dimensional geometry (less than 0.500 inches thick on any axis)!!!
WARNING: Model has 2-dimensional geometry (less than 0.500 inches thick on any axis)!!!
WARNING: Model has 2-dimensional geometry (less than 0.500 inches thick on any axis)!!!
WARNING: Model has 2-dimensional geometry (less than 0.500 inches thick on any axis)!!!
WARNING: Model has 2-dimensional geometry (less than 0.500 inches thick on any axis)!!!
WARNING: Model has 2-dimensional geometry (less than 0.500 inches thick on any axis)!!!
WARNING: Model has 2-dimensional geometry (less than 0.500 inches thick on any axis)!!!
WARNING: Model has 2-dimensional geometry (less than 0.500 inches thick on any axis)!!!
WARNING: Model has 2-dimensional geometry (less than 0.500 inches thick on any axis)!!!
WARNING: Model has 2-dimensional geometry (less than 0.500 inches thick on any axis)!!!
WARNING: Model has 2-dimensional geometry (less than 0.500 inches thick on any axis)!!!
WARNING: Model has 2-dimensional geometry (less than 0.500 inches thick on any axis)!!!
WARNING: Model has 2-dimensional geometry (less than 0.500 inches thick on any axis)!!!
WARNING: Model has 2-dimensional geometry (less than 0.500 inches thick on any axis)!!!
WARNING: Model has 2-dimensional geometry (less than 0.500 inches thick on any axis)!!!
WARNING: Model has 2-dimensional geometry (less than 0.500 inches thick on any axis)!!!
WARNING: Model has 2-dimensional geometry (less than 0.500 inches thick on any axis)!!!
WARNING: Model has 2-dimensional geometry (less than 0.500 inches thick on any axis)!!!
WARNING: Model has 2-dimensional geometry (less than 0.500 inches thick on any axis)!!!
WARNING: Model has 2-dimensional geometry (less than 0.500 inches thick on any axis)!!!
WARNING: Model has 2-dimensional geometry (less than 0.500 inches thick on any axis)!!!
WARNING: Model has 2-dimensional geometry (less than 0.500 inches thick on any axis)!!!
WARNING: Model has 2-dimensional geometry (less than 0.500 inches thick on any axis)!!!
WARNING: Model has 2-dimensional geometry (less than 0.500 inches thick on any axis)!!!
WARNING: Model has 2-dimensional geometry (less than 0.500 inches thick on any axis)!!!
WARNING: Model has 2-dimensional geometry (less than 0.500 inches thick on any axis)!!!
WARNING: Model has 2-dimensional geometry (less than 0.500 inches thick on any axis)!!!
WARNING: Model has 2-dimensional geometry (less than 0.500 inches thick on any axis)!!!
WARNING: Model has 2-dimensional geometry (less than 0.500 inches thick on any axis)!!!
WARNING: Model has 2-dimensional geometry (less than 0.500 inches thick on any axis)!!!
WARNING: Model has 2-dimensional geometry (less than 0.500 inches thick on any axis)!!!
WARNING: Model has 2-dimensional geometry (less than 0.500 inches thick on any axis)!!!
WARNING: Model has 2-dimensional geometry (less than 0.500 inches thick on any axis)!!!
WARNING: Model has 2-dimensional geometry (less than 0.500 inches thick on any axis)!!!
WARNING: Model has 2-dimensional geometry (less than 0.500 inches thick on any axis)!!!
WARNING: Model has 2-dimensional geometry (less than 0.500 inches thick on any axis)!!!
WARNING: Model has 2-dimensional geometry (less than 0.500 inches thick on any axis)!!!
WARNING: Model has 2-dimensional geometry (less than 0.500 inches thick on any axis)!!!
WARNING: Model has 2-dimensional geometry (less than 0.500 inches thick on any axis)!!!
WARNING: Model has 2-dimensional geometry (less than 0.500 inches thick on any axis)!!!
WARNING: Model has 2-dimensional geometry (less than 0.500 inches thick on any axis)!!!
WARNING: Model has 2-dimensional geometry (less than 0.500 inches thick on any axis)!!!
WARNING: Model has 2-dimensional geometry (less than 0.500 inches thick on any axis)!!!
WARNING: Model has 2-dimensional geometry (less than 0.500 inches thick on any axis)!!!
WARNING: Model has 2-dimensional geometry (less than 0.500 inches thick on any axis)!!!
WARNING: Model has 2-dimensional geometry (less than 0.500 inches thick on any axis)!!!
WARNING: Model has 2-dimensional geometry (less than 0.500 inches thick on any axis)!!!
WARNING: Model has 2-dimensional geometry (less than 0.500 inches thick on any axis)!!!
WARNING: Model has 2-dimensional geometry (less than 0.500 inches thick on any axis)!!!
WARNING: Model has 2-dimensional geometry (less than 0.500 inches thick on any axis)!!!
WARNING: Model has 2-dimensional geometry (less than 0.500 inches thick on any axis)!!!
WARNING: Model has 2-dimensional geometry (less than 0.500 inches thick on any axis)!!!
WARNING: Model has 2-dimensional geometry (less than 0.500 inches thick on any axis)!!!
WARNING: Model has 2-dimensional geometry (less than 0.500 inches thick on any axis)!!!
WARNING: Model has 2-dimensional geometry (less than 0.500 inches thick on any axis)!!!
WARNING: Model has 2-dimensional geometry (less than 0.500 inches thick on any axis)!!!
WARNING: Model has 2-dimensional geometry (less than 0.500 inches thick on any axis)!!!
WARNING: Model has 2-dimensional geometry (less than 0.500 inches thick on any axis)!!!
WARNING: Model has 2-dimensional geometry (less than 0.500 inches thick on any axis)!!!
WARNING: Model has 2-dimensional geometry (less than 0.500 inches thick on any axis)!!!
WARNING: Model has 2-dimensional geometry (less than 0.500 inches thick on any axis)!!!
WARNING: Model has 2-dimensional geometry (less than 0.500 inches thick on any axis)!!!
WARNING: Model has 2-dimensional geometry (less than 0.500 inches thick on any axis)!!!
WARNING: Model has 2-dimensional geometry (less than 0.500 inches thick on any axis)!!!
WARNING: Model has 2-dimensional geometry (less than 0.500 inches thick on any axis)!!!
WARNING: Model has 2-dimensional geometry (less than 0.500 inches thick on any axis)!!!
WARNING: Model has 2-dimensional geometry (less than 0.500 inches thick on any axis)!!!
WARNING: Model has 2-dimensional geometry (less than 0.500 inches thick on any axis)!!!
WARNING: Model has 2-dimensional geometry (less than 0.500 inches thick on any axis)!!!
WARNING: Model has 2-dimensional geometry (less than 0.500 inches thick on any axis)!!!
WARNING: Model has 2-dimensional geometry (less than 0.500 inches thick on any axis)!!!
WARNING: Model has 2-dimensional geometry (less than 0.500 inches thick on any axis)!!!
WARNING: Model has 2-dimensional geometry (less than 0.500 inches thick on any axis)!!!
WARNING: Model has 2-dimensional geometry (less than 0.500 inches thick on any axis)!!!
WARNING: Model has 2-dimensional geometry (less than 0.500 inches thick on any axis)!!!
WARNING: Model has 2-dimensional geometry (less than 0.500 inches thick on any axis)!!!
WARNING: Model has 2-dimensional geometry (less than 0.500 inches thick on any axis)!!!
WARNING: Model has 2-dimensional geometry (less than 0.500 inches thick on any axis)!!!
WARNING: Model has 2-dimensional geometry (less than 0.500 inches thick on any axis)!!!
WARNING: Model has 2-dimensional geometry (less than 0.500 inches thick on any axis)!!!
WARNING: Model has 2-dimensional geometry (less than 0.500 inches thick on any axis)!!!
WARNING: Model has 2-dimensional geometry (less than 0.500 inches thick on any axis)!!!
WARNING: Model has 2-dimensional geometry (less than 0.500 inches thick on any axis)!!!
WARNING: Model has 2-dimensional geometry (less than 0.500 inches thick on any axis)!!!
WARNING: Model has 2-dimensional geometry (less than 0.500 inches thick on any axis)!!!
WARNING: Model has 2-dimensional geometry (less than 0.500 inches thick on any axis)!!!
WARNING: Model has 2-dimensional geometry (less than 0.500 inches thick on any axis)!!!
WARNING: Model has 2-dimensional geometry (less than 0.500 inches thick on any axis)!!!
WARNING: Model has 2-dimensional geometry (less than 0.500 inches thick on any axis)!!!
WARNING: Model has 2-dimensional geometry (less than 0.500 inches thick on any axis)!!!
WARNING: Model has 2-dimensional geometry (less than 0.500 inches thick on any axis)!!!
WARNING: Model has 2-dimensional geometry (less than 0.500 inches thick on any axis)!!!
WARNING: Model has 2-dimensional geometry (less than 0.500 inches thick on any axis)!!!
WARNING: Model has 2-dimensional geometry (less than 0.500 inches thick on any axis)!!!
WARNING: Model has 2-dimensional geometry (less than 0.500 inches thick on any axis)!!!
WARNING: Model has 2-dimensional geometry (less than 0.500 inches thick on any axis)!!!
WARNING: Model has 2-dimensional geometry (less than 0.500 inches thick on any axis)!!!
WARNING: Model has 2-dimensional geometry (less than 0.500 inches thick on any axis)!!!
WARNING: Model has 2-dimensional geometry (less than 0.500 inches thick on any axis)!!!
WARNING: Model has 2-dimensional geometry (less than 0.500 inches thick on any axis)!!!
WARNING: Model has 2-dimensional geometry (less than 0.500 inches thick on any axis)!!!
WARNING: Model has 2-dimensional geometry (less than 0.500 inches thick on any axis)!!!
WARNING: Model has 2-dimensional geometry (less than 0.500 inches thick on any axis)!!!
WARNING: Model has 2-dimensional geometry (less than 0.500 inches thick on any axis)!!!
WARNING: Model has 2-dimensional geometry (less than 0.500 inches thick on any axis)!!!
WARNING: Model has 2-dimensional geometry (less than 0.500 inches thick on any axis)!!!
WARNING: Model has 2-dimensional geometry (less than 0.500 inches thick on any axis)!!!
WARNING: Model has 2-dimensional geometry (less than 0.500 inches thick on any axis)!!!
WARNING: Model has 2-dimensional geometry (less than 0.500 inches thick on any axis)!!!
WARNING: Model has 2-dimensional geometry (less than 0.500 inches thick on any axis)!!!
WARNING: Model has 2-dimensional geometry (less than 0.500 inches thick on any axis)!!!
WARNING: Model has 2-dimensional geometry (less than 0.500 inches thick on any axis)!!!
WARNING: Model has 2-dimensional geometry (less than 0.500 inches thick on any axis)!!!
WARNING: Model has 2-dimensional geometry (less than 0.500 inches thick on any axis)!!!
WARNING: Model has 2-dimensional geometry (less than 0.500 inches thick on any axis)!!!
WARNING: Model has 2-dimensional geometry (less than 0.500 inches thick on any axis)!!!
WARNING: Model has 2-dimensional geometry (less than 0.500 inches thick on any axis)!!!
WARNING: Model has 2-dimensional geometry (less than 0.500 inches thick on any axis)!!!
WARNING: Model has 2-dimensional geometry (less than 0.500 inches thick on any axis)!!!
WARNING: Model has 2-dimensional geometry (less than 0.500 inches thick on any axis)!!!
WARNING: Model has 2-dimensional geometry (less than 0.500 inches thick on any axis)!!!
WARNING: Model has 2-dimensional geometry (less than 0.500 inches thick on any axis)!!!
WARNING: Model has 2-dimensional geometry (less than 0.500 inches thick on any axis)!!!
WARNING: Model has 2-dimensional geometry (less than 0.500 inches thick on any axis)!!!
WARNING: Model has 2-dimensional geometry (less than 0.500 inches thick on any axis)!!!
WARNING: Model has 2-dimensional geometry (less than 0.500 inches thick on any axis)!!!
WARNING: Model has 2-dimensional geometry (less than 0.500 inches thick on any axis)!!!
WARNING: Model has 2-dimensional geometry (less than 0.500 inches thick on any axis)!!!
WARNING: Model has 2-dimensional geometry (less than 0.500 inches thick on any axis)!!!
WARNING: Model has 2-dimensional geometry (less than 0.500 inches thick on any axis)!!!
WARNING: Model has 2-dimensional geometry (less than 0.500 inches thick on any axis)!!!
WARNING: Model has 2-dimensional geometry (less than 0.500 inches thick on any axis)!!!
WARNING: Model has 2-dimensional geometry (less than 0.500 inches thick on any axis)!!!
WARNING: Model has 2-dimensional geometry (less than 0.500 inches thick on any axis)!!!
WARNING: Model has 2-dimensional geometry (less than 0.500 inches thick on any axis)!!!
WARNING: Model has 2-dimensional geometry (less than 0.500 inches thick on any axis)!!!
WARNING: Model has 2-dimensional geometry (less than 0.500 inches thick on any axis)!!!
WARNING: Model has 2-dimensional geometry (less than 0.500 inches thick on any axis)!!!
WARNING: Model has 2-dimensional geometry (less than 0.500 inches thick on any axis)!!!
WARNING: Model has 2-dimensional geometry (less than 0.500 inches thick on any axis)!!!
WARNING: Model has 2-dimensional geometry (less than 0.500 inches thick on any axis)!!!
WARNING: Model has 2-dimensional geometry (less than 0.500 inches thick on any axis)!!!
WARNING: Model has 2-dimensional geometry (less than 0.500 inches thick on any axis)!!!
WARNING: Model has 2-dimensional geometry (less than 0.500 inches thick on any axis)!!!
WARNING: Model has 2-dimensional geometry (less than 0.500 inches thick on any axis)!!!
WARNING: Model has 2-dimensional geometry (less than 0.500 inches thick on any axis)!!!
WARNING: Model has 2-dimensional geometry (less than 0.500 inches thick on any axis)!!!
WARNING: Model has 2-dimensional geometry (less than 0.500 inches thick on any axis)!!!
WARNING: Model has 2-dimensional geometry (less than 0.500 inches thick on any axis)!!!
WARNING: Model has 2-dimensional geometry (less than 0.500 inches thick on any axis)!!!
WARNING: Model has 2-dimensional geometry (less than 0.500 inches thick on any axis)!!!
WARNING: Model has 2-dimensional geometry (less than 0.500 inches thick on any axis)!!!
WARNING: Model has 2-dimensional geometry (less than 0.500 inches thick on any axis)!!!
WARNING: Model has 2-dimensional geometry (less than 0.500 inches thick on any axis)!!!
WARNING: Model has 2-dimensional geometry (less than 0.500 inches thick on any axis)!!!
WARNING: Model has 2-dimensional geometry (less than 0.500 inches thick on any axis)!!!
WARNING: Model has 2-dimensional geometry (less than 0.500 inches thick on any axis)!!!
WARNING: Model has 2-dimensional geometry (less than 0.500 inches thick on any axis)!!!
WARNING: Model has 2-dimensional geometry (less than 0.500 inches thick on any axis)!!!
WARNING: Model has 2-dimensional geometry (less than 0.500 inches thick on any axis)!!!
WARNING: Model has 2-dimensional geometry (less than 0.500 inches thick on any axis)!!!
WARNING: Model has 2-dimensional geometry (less than 0.500 inches thick on any axis)!!!
WARNING: Model has 2-dimensional geometry (less than 0.500 inches thick on any axis)!!!
WARNING: Model has 2-dimensional geometry (less than 0.500 inches thick on any axis)!!!
WARNING: Model has 2-dimensional geometry (less than 0.500 inches thick on any axis)!!!
WARNING: Model has 2-dimensional geometry (less than 0.500 inches thick on any axis)!!!
WARNING: Model has 2-dimensional geometry (less than 0.500 inches thick on any axis)!!!
WARNING: Model has 2-dimensional geometry (less than 0.500 inches thick on any axis)!!!
WARNING: Model has 2-dimensional geometry (less than 0.500 inches thick on any axis)!!!
WARNING: Model has 2-dimensional geometry (less than 0.500 inches thick on any axis)!!!
WARNING: Model has 2-dimensional geometry (less than 0.500 inches thick on any axis)!!!
WARNING: Model has 2-dimensional geometry (less than 0.500 inches thick on any axis)!!!
WARNING: Model has 2-dimensional geometry (less than 0.500 inches thick on any axis)!!!
WARNING: Model has 2-dimensional geometry (less than 0.500 inches thick on any axis)!!!
WARNING: Model has 2-dimensional geometry (less than 0.500 inches thick on any axis)!!!
WARNING: Model has 2-dimensional geometry (less than 0.500 inches thick on any axis)!!!
WARNING: Model has 2-dimensional geometry (less than 0.500 inches thick on any axis)!!!
WARNING: Model has 2-dimensional geometry (less than 0.500 inches thick on any axis)!!!
WARNING: Model has 2-dimensional geometry (less than 0.500 inches thick on any axis)!!!
WARNING: Model has 2-dimensional geometry (less than 0.500 inches thick on any axis)!!!
WARNING: Model has 2-dimensional geometry (less than 0.500 inches thick on any axis)!!!
WARNING: Model has 2-dimensional geometry (less than 0.500 inches thick on any axis)!!!
WARNING: Model has 2-dimensional geometry (less than 0.500 inches thick on any axis)!!!
WARNING: Model has 2-dimensional geometry (less than 0.500 inches thick on any axis)!!!
WARNING: Model has 2-dimensional geometry (less than 0.500 inches thick on any axis)!!!
WARNING: Model has 2-dimensional geometry (less than 0.500 inches thick on any axis)!!!
WARNING: Model has 2-dimensional geometry (less than 0.500 inches thick on any axis)!!!
WARNING: Model has 2-dimensional geometry (less than 0.500 inches thick on any axis)!!!
WARNING: Model has 2-dimensional geometry (less than 0.500 inches thick on any axis)!!!
WARNING: Model has 2-dimensional geometry (less than 0.500 inches thick on any axis)!!!
WARNING: Model has 2-dimensional geometry (less than 0.500 inches thick on any axis)!!!
WARNING: Model has 2-dimensional geometry (less than 0.500 inches thick on any axis)!!!
WARNING: Model has 2-dimensional geometry (less than 0.500 inches thick on any axis)!!!
WARNING: Model has 2-dimensional geometry (less than 0.500 inches thick on any axis)!!!
WARNING: Model has 2-dimensional geometry (less than 0.500 inches thick on any axis)!!!
WARNING: Model has 2-dimensional geometry (less than 0.500 inches thick on any axis)!!!
WARNING: Model has 2-dimensional geometry (less than 0.500 inches thick on any axis)!!!
WARNING: Model has 2-dimensional geometry (less than 0.500 inches thick on any axis)!!!
WARNING: Model has 2-dimensional geometry (less than 0.500 inches thick on any axis)!!!
WARNING: Model has 2-dimensional geometry (less than 0.500 inches thick on any axis)!!!
WARNING: Model has 2-dimensional geometry (less than 0.500 inches thick on any axis)!!!
WARNING: Model has 2-dimensional geometry (less than 0.500 inches thick on any axis)!!!
WARNING: Model has 2-dimensional geometry (less than 0.500 inches thick on any axis)!!!
WARNING: Model has 2-dimensional geometry (less than 0.500 inches thick on any axis)!!!
WARNING: Model has 2-dimensional geometry (less than 0.500 inches thick on any axis)!!!
WARNING: Model has 2-dimensional geometry (less than 0.500 inches thick on any axis)!!!
WARNING: Model has 2-dimensional geometry (less than 0.500 inches thick on any axis)!!!
WARNING: Model has 2-dimensional geometry (less than 0.500 inches thick on any axis)!!!
WARNING: Model has 2-dimensional geometry (less than 0.500 inches thick on any axis)!!!
WARNING: Model has 2-dimensional geometry (less than 0.500 inches thick on any axis)!!!
WARNING: Model has 2-dimensional geometry (less than 0.500 inches thick on any axis)!!!
WARNING: Model has 2-dimensional geometry (less than 0.500 inches thick on any axis)!!!
WARNING: Model has 2-dimensional geometry (less than 0.500 inches thick on any axis)!!!
WARNING: Model has 2-dimensional geometry (less than 0.500 inches thick on any axis)!!!
WARNING: Model has 2-dimensional geometry (less than 0.500 inches thick on any axis)!!!
WARNING: Model has 2-dimensional geometry (less than 0.500 inches thick on any axis)!!!
WARNING: Model has 2-dimensional geometry (less than 0.500 inches thick on any axis)!!!
WARNING: Model has 2-dimensional geometry (less than 0.500 inches thick on any axis)!!!
WARNING: Model has 2-dimensional geometry (less than 0.500 inches thick on any axis)!!!
WARNING: Model has 2-dimensional geometry (less than 0.500 inches thick on any axis)!!!
WARNING: Model has 2-dimensional geometry (less than 0.500 inches thick on any axis)!!!
WARNING: Model has 2-dimensional geometry (less than 0.500 inches thick on any axis)!!!
WARNING: Model has 2-dimensional geometry (less than 0.500 inches thick on any axis)!!!
WARNING: Model has 2-dimensional geometry (less than 0.500 inches thick on any axis)!!!
WARNING: Model has 2-dimensional geometry (less than 0.500 inches thick on any axis)!!!
WARNING: Model has 2-dimensional geometry (less than 0.500 inches thick on any axis)!!!
WARNING: Model has 2-dimensional geometry (less than 0.500 inches thick on any axis)!!!
WARNING: Model has 2-dimensional geometry (less than 0.500 inches thick on any axis)!!!
WARNING: Model has 2-dimensional geometry (less than 0.500 inches thick on any axis)!!!
WARNING: Model has 2-dimensional geometry (less than 0.500 inches thick on any axis)!!!
WARNING: Model has 2-dimensional geometry (less than 0.500 inches thick on any axis)!!!
WARNING: Model has 2-dimensional geometry (less than 0.500 inches thick on any axis)!!!
WARNING: Model has 2-dimensional geometry (less than 0.500 inches thick on any axis)!!!
WARNING: Model has 2-dimensional geometry (less than 0.500 inches thick on any axis)!!!
WARNING: Model has 2-dimensional geometry (less than 0.500 inches thick on any axis)!!!
WARNING: Model has 2-dimensional geometry (less than 0.500 inches thick on any axis)!!!
WARNING: Model has 2-dimensional geometry (less than 0.500 inches thick on any axis)!!!
WARNING: Model has 2-dimensional geometry (less than 0.500 inches thick on any axis)!!!
WARNING: Model has 2-dimensional geometry (less than 0.500 inches thick on any axis)!!!
WARNING: Model has 2-dimensional geometry (less than 0.500 inches thick on any axis)!!!
WARNING: Model has 2-dimensional geometry (less than 0.500 inches thick on any axis)!!!
WARNING: Model has 2-dimensional geometry (less than 0.500 inches thick on any axis)!!!
WARNING: Model has 2-dimensional geometry (less than 0.500 inches thick on any axis)!!!
WARNING: Model has 2-dimensional geometry (less than 0.500 inches thick on any axis)!!!
WARNING: Model has 2-dimensional geometry (less than 0.500 inches thick on any axis)!!!
WARNING: Model has 2-dimensional geometry (less than 0.500 inches thick on any axis)!!!
WARNING: Model has 2-dimensional geometry (less than 0.500 inches thick on any axis)!!!
WARNING: Model has 2-dimensional geometry (less than 0.500 inches thick on any axis)!!!
WARNING: Model has 2-dimensional geometry (less than 0.500 inches thick on any axis)!!!
WARNING: Model has 2-dimensional geometry (less than 0.500 inches thick on any axis)!!!
WARNING: Model has 2-dimensional geometry (less than 0.500 inches thick on any axis)!!!
WARNING: Model has 2-dimensional geometry (less than 0.500 inches thick on any axis)!!!
WARNING: Model has 2-dimensional geometry (less than 0.500 inches thick on any axis)!!!
WARNING: Model has 2-dimensional geometry (less than 0.500 inches thick on any axis)!!!
WARNING: Model has 2-dimensional geometry (less than 0.500 inches thick on any axis)!!!
WARNING: Model has 2-dimensional geometry (less than 0.500 inches thick on any axis)!!!
WARNING: Model has 2-dimensional geometry (less than 0.500 inches thick on any axis)!!!
WARNING: Model has 2-dimensional geometry (less than 0.500 inches thick on any axis)!!!
WARNING: Model has 2-dimensional geometry (less than 0.500 inches thick on any axis)!!!
WARNING: Model has 2-dimensional geometry (less than 0.500 inches thick on any axis)!!!
WARNING: Model has 2-dimensional geometry (less than 0.500 inches thick on any axis)!!!
WARNING: Model has 2-dimensional geometry (less than 0.500 inches thick on any axis)!!!
WARNING: Model has 2-dimensional geometry (less than 0.500 inches thick on any axis)!!!
WARNING: Model has 2-dimensional geometry (less than 0.500 inches thick on any axis)!!!
WARNING: Model has 2-dimensional geometry (less than 0.500 inches thick on any axis)!!!
WARNING: Model has 2-dimensional geometry (less than 0.500 inches thick on any axis)!!!
WARNING: Model has 2-dimensional geometry (less than 0.500 inches thick on any axis)!!!
WARNING: Model has 2-dimensional geometry (less than 0.500 inches thick on any axis)!!!
WARNING: Model has 2-dimensional geometry (less than 0.500 inches thick on any axis)!!!
WARNING: Model has 2-dimensional geometry (less than 0.500 inches thick on any axis)!!!
WARNING: Model has 2-dimensional geometry (less than 0.500 inches thick on any axis)!!!
WARNING: Model has 2-dimensional geometry (less than 0.500 inches thick on any axis)!!!
WARNING: Model has 2-dimensional geometry (less than 0.500 inches thick on any axis)!!!
WARNING: Model has 2-dimensional geometry (less than 0.500 inches thick on any axis)!!!
WARNING: Model has 2-dimensional geometry (less than 0.500 inches thick on any axis)!!!
WARNING: Model has 2-dimensional geometry (less than 0.500 inches thick on any axis)!!!
WARNING: Model has 2-dimensional geometry (less than 0.500 inches thick on any axis)!!!
WARNING: Model has 2-dimensional geometry (less than 0.500 inches thick on any axis)!!!
WARNING: Model has 2-dimensional geometry (less than 0.500 inches thick on any axis)!!!
WARNING: Model has 2-dimensional geometry (less than 0.500 inches thick on any axis)!!!
WARNING: Model has 2-dimensional geometry (less than 0.500 inches thick on any axis)!!!
WARNING: Model has 2-dimensional geometry (less than 0.500 inches thick on any axis)!!!
WARNING: Model has 2-dimensional geometry (less than 0.500 inches thick on any axis)!!!
WARNING: Model has 2-dimensional geometry (less than 0.500 inches thick on any axis)!!!
WARNING: Model has 2-dimensional geometry (less than 0.500 inches thick on any axis)!!!
WARNING: Model has 2-dimensional geometry (less than 0.500 inches thick on any axis)!!!
WARNING: Model has 2-dimensional geometry (less than 0.500 inches thick on any axis)!!!
WARNING: Model has 2-dimensional geometry (less than 0.500 inches thick on any axis)!!!
WARNING: Model has 2-dimensional geometry (less than 0.500 inches thick on any axis)!!!
WARNING: Model has 2-dimensional geometry (less than 0.500 inches thick on any axis)!!!
WARNING: Model has 2-dimensional geometry (less than 0.500 inches thick on any axis)!!!
WARNING: Model has 2-dimensional geometry (less than 0.500 inches thick on any axis)!!!
WARNING: Model has 2-dimensional geometry (less than 0.500 inches thick on any axis)!!!
WARNING: Model has 2-dimensional geometry (less than 0.500 inches thick on any axis)!!!
WARNING: Model has 2-dimensional geometry (less than 0.500 inches thick on any axis)!!!
WARNING: Model has 2-dimensional geometry (less than 0.500 inches thick on any axis)!!!
WARNING: Model has 2-dimensional geometry (less than 0.500 inches thick on any axis)!!!
WARNING: Model has 2-dimensional geometry (less than 0.500 inches thick on any axis)!!!
WARNING: Model has 2-dimensional geometry (less than 0.500 inches thick on any axis)!!!
WARNING: Model has 2-dimensional geometry (less than 0.500 inches thick on any axis)!!!
WARNING: Model has 2-dimensional geometry (less than 0.500 inches thick on any axis)!!!
WARNING: Model has 2-dimensional geometry (less than 0.500 inches thick on any axis)!!!
WARNING: Model has 2-dimensional geometry (less than 0.500 inches thick on any axis)!!!
WARNING: Model has 2-dimensional geometry (less than 0.500 inches thick on any axis)!!!
WARNING: Model has 2-dimensional geometry (less than 0.500 inches thick on any axis)!!!
WARNING: Model has 2-dimensional geometry (less than 0.500 inches thick on any axis)!!!
WARNING: Model has 2-dimensional geometry (less than 0.500 inches thick on any axis)!!!
WARNING: Model has 2-dimensional geometry (less than 0.500 inches thick on any axis)!!!
WARNING: Model has 2-dimensional geometry (less than 0.500 inches thick on any axis)!!!
WARNING: Model has 2-dimensional geometry (less than 0.500 inches thick on any axis)!!!
WARNING: Model has 2-dimensional geometry (less than 0.500 inches thick on any axis)!!!
WARNING: Model has 2-dimensional geometry (less than 0.500 inches thick on any axis)!!!
WARNING: Model has 2-dimensional geometry (less than 0.500 inches thick on any axis)!!!
WARNING: Model has 2-dimensional geometry (less than 0.500 inches thick on any axis)!!!
WARNING: Model has 2-dimensional geometry (less than 0.500 inches thick on any axis)!!!
WARNING: Model has 2-dimensional geometry (less than 0.500 inches thick on any axis)!!!
WARNING: Model has 2-dimensional geometry (less than 0.500 inches thick on any axis)!!!
WARNING: Model has 2-dimensional geometry (less than 0.500 inches thick on any axis)!!!
WARNING: Model has 2-dimensional geometry (less than 0.500 inches thick on any axis)!!!
WARNING: Model has 2-dimensional geometry (less than 0.500 inches thick on any axis)!!!
WARNING: Model has 2-dimensional geometry (less than 0.500 inches thick on any axis)!!!
WARNING: Model has 2-dimensional geometry (less than 0.500 inches thick on any axis)!!!
WARNING: Model has 2-dimensional geometry (less than 0.500 inches thick on any axis)!!!
WARNING: Model has 2-dimensional geometry (less than 0.500 inches thick on any axis)!!!
WARNING: Model has 2-dimensional geometry (less than 0.500 inches thick on any axis)!!!
WARNING: Model has 2-dimensional geometry (less than 0.500 inches thick on any axis)!!!
WARNING: Model has 2-dimensional geometry (less than 0.500 inches thick on any axis)!!!
WARNING: Model has 2-dimensional geometry (less than 0.500 inches thick on any axis)!!!
WARNING: Model has 2-dimensional geometry (less than 0.500 inches thick on any axis)!!!
WARNING: Model has 2-dimensional geometry (less than 0.500 inches thick on any axis)!!!
WARNING: Model has 2-dimensional geometry (less than 0.500 inches thick on any axis)!!!
WARNING: Model has 2-dimensional geometry (less than 0.500 inches thick on any axis)!!!
WARNING: Model has 2-dimensional geometry (less than 0.500 inches thick on any axis)!!!
WARNING: Model has 2-dimensional geometry (less than 0.500 inches thick on any axis)!!!
WARNING: Model has 2-dimensional geometry (less than 0.500 inches thick on any axis)!!!
WARNING: Model has 2-dimensional geometry (less than 0.500 inches thick on any axis)!!!
WARNING: Model has 2-dimensional geometry (less than 0.500 inches thick on any axis)!!!
WARNING: Model has 2-dimensional geometry (less than 0.500 inches thick on any axis)!!!
WARNING: Model has 2-dimensional geometry (less than 0.500 inches thick on any axis)!!!
WARNING: Model has 2-dimensional geometry (less than 0.500 inches thick on any axis)!!!
WARNING: Model has 2-dimensional geometry (less than 0.500 inches thick on any axis)!!!
WARNING: Model has 2-dimensional geometry (less than 0.500 inches thick on any axis)!!!
WARNING: Model has 2-dimensional geometry (less than 0.500 inches thick on any axis)!!!
WARNING: Model has 2-dimensional geometry (less than 0.500 inches thick on any axis)!!!
WARNING: Model has 2-dimensional geometry (less than 0.500 inches thick on any axis)!!!
WARNING: Model has 2-dimensional geometry (less than 0.500 inches thick on any axis)!!!
WARNING: Model has 2-dimensional geometry (less than 0.500 inches thick on any axis)!!!
WARNING: Model has 2-dimensional geometry (less than 0.500 inches thick on any axis)!!!
WARNING: Model has 2-dimensional geometry (less than 0.500 inches thick on any axis)!!!
WARNING: Model has 2-dimensional geometry (less than 0.500 inches thick on any axis)!!!
WARNING: Model has 2-dimensional geometry (less than 0.500 inches thick on any axis)!!!
WARNING: Model has 2-dimensional geometry (less than 0.500 inches thick on any axis)!!!
WARNING: Model has 2-dimensional geometry (less than 0.500 inches thick on any axis)!!!
WARNING: Model has 2-dimensional geometry (less than 0.500 inches thick on any axis)!!!
WARNING: Model has 2-dimensional geometry (less than 0.500 inches thick on any axis)!!!
WARNING: Model has 2-dimensional geometry (less than 0.500 inches thick on any axis)!!!
WARNING: Model has 2-dimensional geometry (less than 0.500 inches thick on any axis)!!!
WARNING: Model has 2-dimensional geometry (less than 0.500 inches thick on any axis)!!!
WARNING: Model has 2-dimensional geometry (less than 0.500 inches thick on any axis)!!!
WARNING: Model has 2-dimensional geometry (less than 0.500 inches thick on any axis)!!!
WARNING: Model has 2-dimensional geometry (less than 0.500 inches thick on any axis)!!!
WARNING: Model has 2-dimensional geometry (less than 0.500 inches thick on any axis)!!!
WARNING: Model has 2-dimensional geometry (less than 0.500 inches thick on any axis)!!!
WARNING: Model has 2-dimensional geometry (less than 0.500 inches thick on any axis)!!!
WARNING: Model has 2-dimensional geometry (less than 0.500 inches thick on any axis)!!!
WARNING: Model has 2-dimensional geometry (less than 0.500 inches thick on any axis)!!!
WARNING: Model has 2-dimensional geometry (less than 0.500 inches thick on any axis)!!!
WARNING: Model has 2-dimensional geometry (less than 0.500 inches thick on any axis)!!!
WARNING: Model has 2-dimensional geometry (less than 0.500 inches thick on any axis)!!!
WARNING: Model has 2-dimensional geometry (less than 0.500 inches thick on any axis)!!!
WARNING: Model has 2-dimensional geometry (less than 0.500 inches thick on any axis)!!!
WARNING: Model has 2-dimensional geometry (less than 0.500 inches thick on any axis)!!!
WARNING: Model has 2-dimensional geometry (less than 0.500 inches thick on any axis)!!!
WARNING: Model has 2-dimensional geometry (less than 0.500 inches thick on any axis)!!!
WARNING: Model has 2-dimensional geometry (less than 0.500 inches thick on any axis)!!!
WARNING: Model has 2-dimensional geometry (less than 0.500 inches thick on any axis)!!!
WARNING: Model has 2-dimensional geometry (less than 0.500 inches thick on any axis)!!!
WARNING: Model has 2-dimensional geometry (less than 0.500 inches thick on any axis)!!!
WARNING: Model has 2-dimensional geometry (less than 0.500 inches thick on any axis)!!!
WARNING: Model has 2-dimensional geometry (less than 0.500 inches thick on any axis)!!!
WARNING: Model has 2-dimensional geometry (less than 0.500 inches thick on any axis)!!!
WARNING: Model has 2-dimensional geometry (less than 0.500 inches thick on any axis)!!!
WARNING: Model has 2-dimensional geometry (less than 0.500 inches thick on any axis)!!!
WARNING: Model has 2-dimensional geometry (less than 0.500 inches thick on any axis)!!!
WARNING: Model has 2-dimensional geometry (less than 0.500 inches thick on any axis)!!!
WARNING: Model has 2-dimensional geometry (less than 0.500 inches thick on any axis)!!!
WARNING: Model has 2-dimensional geometry (less than 0.500 inches thick on any axis)!!!
WARNING: Model has 2-dimensional geometry (less than 0.500 inches thick on any axis)!!!
WARNING: Model has 2-dimensional geometry (less than 0.500 inches thick on any axis)!!!
WARNING: Model has 2-dimensional geometry (less than 0.500 inches thick on any axis)!!!
WARNING: Model has 2-dimensional geometry (less than 0.500 inches thick on any axis)!!!
WARNING: Model has 2-dimensional geometry (less than 0.500 inches thick on any axis)!!!
WARNING: Model has 2-dimensional geometry (less than 0.500 inches thick on any axis)!!!
WARNING: Model has 2-dimensional geometry (less than 0.500 inches thick on any axis)!!!
WARNING: Model has 2-dimensional geometry (less than 0.500 inches thick on any axis)!!!
WARNING: Model has 2-dimensional geometry (less than 0.500 inches thick on any axis)!!!
WARNING: Model has 2-dimensional geometry (less than 0.500 inches thick on any axis)!!!
WARNING: Model has 2-dimensional geometry (less than 0.500 inches thick on any axis)!!!
WARNING: Model has 2-dimensional geometry (less than 0.500 inches thick on any axis)!!!
WARNING: Model has 2-dimensional geometry (less than 0.500 inches thick on any axis)!!!
WARNING: Model has 2-dimensional geometry (less than 0.500 inches thick on any axis)!!!
WARNING: Model has 2-dimensional geometry (less than 0.500 inches thick on any axis)!!!
WARNING: Model has 2-dimensional geometry (less than 0.500 inches thick on any axis)!!!
WARNING: Model has 2-dimensional geometry (less than 0.500 inches thick on any axis)!!!
WARNING: Model has 2-dimensional geometry (less than 0.500 inches thick on any axis)!!!
WARNING: Model has 2-dimensional geometry (less than 0.500 inches thick on any axis)!!!
WARNING: Model has 2-dimensional geometry (less than 0.500 inches thick on any axis)!!!
WARNING: Model has 2-dimensional geometry (less than 0.500 inches thick on any axis)!!!
WARNING: Model has 2-dimensional geometry (less than 0.500 inches thick on any axis)!!!
WARNING: Model has 2-dimensional geometry (less than 0.500 inches thick on any axis)!!!
WARNING: Model has 2-dimensional geometry (less than 0.500 inches thick on any axis)!!!
WARNING: Model has 2-dimensional geometry (less than 0.500 inches thick on any axis)!!!
WARNING: Model has 2-dimensional geometry (less than 0.500 inches thick on any axis)!!!
WARNING: Model has 2-dimensional geometry (less than 0.500 inches thick on any axis)!!!
WARNING: Model has 2-dimensional geometry (less than 0.500 inches thick on any axis)!!!
WARNING: Model has 2-dimensional geometry (less than 0.500 inches thick on any axis)!!!
WARNING: Model has 2-dimensional geometry (less than 0.500 inches thick on any axis)!!!
WARNING: Model has 2-dimensional geometry (less than 0.500 inches thick on any axis)!!!
WARNING: Model has 2-dimensional geometry (less than 0.500 inches thick on any axis)!!!
WARNING: Model has 2-dimensional geometry (less than 0.500 inches thick on any axis)!!!
WARNING: Model has 2-dimensional geometry (less than 0.500 inches thick on any axis)!!!
WARNING: Model has 2-dimensional geometry (less than 0.500 inches thick on any axis)!!!
WARNING: Model has 2-dimensional geometry (less than 0.500 inches thick on any axis)!!!
WARNING: Model has 2-dimensional geometry (less than 0.500 inches thick on any axis)!!!
WARNING: Model has 2-dimensional geometry (less than 0.500 inches thick on any axis)!!!
WARNING: Model has 2-dimensional geometry (less than 0.500 inches thick on any axis)!!!
WARNING: Model has 2-dimensional geometry (less than 0.500 inches thick on any axis)!!!
WARNING: Model has 2-dimensional geometry (less than 0.500 inches thick on any axis)!!!
WARNING: Model has 2-dimensional geometry (less than 0.500 inches thick on any axis)!!!
WARNING: Model has 2-dimensional geometry (less than 0.500 inches thick on any axis)!!!
WARNING: Model has 2-dimensional geometry (less than 0.500 inches thick on any axis)!!!
WARNING: Model has 2-dimensional geometry (less than 0.500 inches thick on any axis)!!!
WARNING: Model has 2-dimensional geometry (less than 0.500 inches thick on any axis)!!!
WARNING: Model has 2-dimensional geometry (less than 0.500 inches thick on any axis)!!!
WARNING: Model has 2-dimensional geometry (less than 0.500 inches thick on any axis)!!!
WARNING: Model has 2-dimensional geometry (less than 0.500 inches thick on any axis)!!!
WARNING: Model has 2-dimensional geometry (less than 0.500 inches thick on any axis)!!!
WARNING: Model has 2-dimensional geometry (less than 0.500 inches thick on any axis)!!!
WARNING: Model has 2-dimensional geometry (less than 0.500 inches thick on any axis)!!!
WARNING: Model has 2-dimensional geometry (less than 0.500 inches thick on any axis)!!!
WARNING: Model has 2-dimensional geometry (less than 0.500 inches thick on any axis)!!!
WARNING: Model has 2-dimensional geometry (less than 0.500 inches thick on any axis)!!!
WARNING: Model has 2-dimensional geometry (less than 0.500 inches thick on any axis)!!!
WARNING: Model has 2-dimensional geometry (less than 0.500 inches thick on any axis)!!!
WARNING: Model has 2-dimensional geometry (less than 0.500 inches thick on any axis)!!!
WARNING: Model has 2-dimensional geometry (less than 0.500 inches thick on any axis)!!!
WARNING: Model has 2-dimensional geometry (less than 0.500 inches thick on any axis)!!!
WARNING: Model has 2-dimensional geometry (less than 0.500 inches thick on any axis)!!!
WARNING: Model has 2-dimensional geometry (less than 0.500 inches thick on any axis)!!!
WARNING: Model has 2-dimensional geometry (less than 0.500 inches thick on any axis)!!!
WARNING: Model has 2-dimensional geometry (less than 0.500 inches thick on any axis)!!!
WARNING: Model has 2-dimensional geometry (less than 0.500 inches thick on any axis)!!!
WARNING: Model has 2-dimensional geometry (less than 0.500 inches thick on any axis)!!!
WARNING: Model has 2-dimensional geometry (less than 0.500 inches thick on any axis)!!!
WARNING: Model has 2-dimensional geometry (less than 0.500 inches thick on any axis)!!!
WARNING: Model has 2-dimensional geometry (less than 0.500 inches thick on any axis)!!!
WARNING: Model has 2-dimensional geometry (less than 0.500 inches thick on any axis)!!!
WARNING: Model has 2-dimensional geometry (less than 0.500 inches thick on any axis)!!!
WARNING: Model has 2-dimensional geometry (less than 0.500 inches thick on any axis)!!!
WARNING: Model has 2-dimensional geometry (less than 0.500 inches thick on any axis)!!!
WARNING: Model has 2-dimensional geometry (less than 0.500 inches thick on any axis)!!!
WARNING: Model has 2-dimensional geometry (less than 0.500 inches thick on any axis)!!!
WARNING: Model has 2-dimensional geometry (less than 0.500 inches thick on any axis)!!!
WARNING: Model has 2-dimensional geometry (less than 0.500 inches thick on any axis)!!!
WARNING: Model has 2-dimensional geometry (less than 0.500 inches thick on any axis)!!!
WARNING: Model has 2-dimensional geometry (less than 0.500 inches thick on any axis)!!!
WARNING: Model has 2-dimensional geometry (less than 0.500 inches thick on any axis)!!!
WARNING: Model has 2-dimensional geometry (less than 0.500 inches thick on any axis)!!!
WARNING: Model has 2-dimensional geometry (less than 0.500 inches thick on any axis)!!!
WARNING: Model has 2-dimensional geometry (less than 0.500 inches thick on any axis)!!!
WARNING: Model has 2-dimensional geometry (less than 0.500 inches thick on any axis)!!!
WARNING: Model has 2-dimensional geometry (less than 0.500 inches thick on any axis)!!!
WARNING: Model has 2-dimensional geometry (less than 0.500 inches thick on any axis)!!!
WARNING: Model has 2-dimensional geometry (less than 0.500 inches thick on any axis)!!!
WARNING: Model has 2-dimensional geometry (less than 0.500 inches thick on any axis)!!!
WARNING: Model has 2-dimensional geometry (less than 0.500 inches thick on any axis)!!!
WARNING: Model has 2-dimensional geometry (less than 0.500 inches thick on any axis)!!!
WARNING: Model has 2-dimensional geometry (less than 0.500 inches thick on any axis)!!!
WARNING: Model has 2-dimensional geometry (less than 0.500 inches thick on any axis)!!!
WARNING: Model has 2-dimensional geometry (less than 0.500 inches thick on any axis)!!!
WARNING: Model has 2-dimensional geometry (less than 0.500 inches thick on any axis)!!!
WARNING: Model has 2-dimensional geometry (less than 0.500 inches thick on any axis)!!!
WARNING: Model has 2-dimensional geometry (less than 0.500 inches thick on any axis)!!!
WARNING: Model has 2-dimensional geometry (less than 0.500 inches thick on any axis)!!!
WARNING: Model has 2-dimensional geometry (less than 0.500 inches thick on any axis)!!!
WARNING: Model has 2-dimensional geometry (less than 0.500 inches thick on any axis)!!!
WARNING: Model has 2-dimensional geometry (less than 0.500 inches thick on any axis)!!!
WARNING: Model has 2-dimensional geometry (less than 0.500 inches thick on any axis)!!!
WARNING: Model has 2-dimensional geometry (less than 0.500 inches thick on any axis)!!!
WARNING: Model has 2-dimensional geometry (less than 0.500 inches thick on any axis)!!!
WARNING: Model has 2-dimensional geometry (less than 0.500 inches thick on any axis)!!!
WARNING: Model has 2-dimensional geometry (less than 0.500 inches thick on any axis)!!!
WARNING: Model has 2-dimensional geometry (less than 0.500 inches thick on any axis)!!!
WARNING: Model has 2-dimensional geometry (less than 0.500 inches thick on any axis)!!!
WARNING: Model has 2-dimensional geometry (less than 0.500 inches thick on any axis)!!!
WARNING: Model has 2-dimensional geometry (less than 0.500 inches thick on any axis)!!!
WARNING: Model has 2-dimensional geometry (less than 0.500 inches thick on any axis)!!!
WARNING: Model has 2-dimensional geometry (less than 0.500 inches thick on any axis)!!!
WARNING: Model has 2-dimensional geometry (less than 0.500 inches thick on any axis)!!!
WARNING: Model has 2-dimensional geometry (less than 0.500 inches thick on any axis)!!!
WARNING: Model has 2-dimensional geometry (less than 0.500 inches thick on any axis)!!!
WARNING: Model has 2-dimensional geometry (less than 0.500 inches thick on any axis)!!!
WARNING: Model has 2-dimensional geometry (less than 0.500 inches thick on any axis)!!!
WARNING: Model has 2-dimensional geometry (less than 0.500 inches thick on any axis)!!!
WARNING: Model has 2-dimensional geometry (less than 0.500 inches thick on any axis)!!!
WARNING: Model has 2-dimensional geometry (less than 0.500 inches thick on any axis)!!!
WARNING: Model has 2-dimensional geometry (less than 0.500 inches thick on any axis)!!!
WARNING: Model has 2-dimensional geometry (less than 0.500 inches thick on any axis)!!!
WARNING: Model has 2-dimensional geometry (less than 0.500 inches thick on any axis)!!!
WARNING: Model has 2-dimensional geometry (less than 0.500 inches thick on any axis)!!!
WARNING: Model has 2-dimensional geometry (less than 0.500 inches thick on any axis)!!!
WARNING: Model has 2-dimensional geometry (less than 0.500 inches thick on any axis)!!!
WARNING: Model has 2-dimensional geometry (less than 0.500 inches thick on any axis)!!!
WARNING: Model has 2-dimensional geometry (less than 0.500 inches thick on any axis)!!!
WARNING: Model has 2-dimensional geometry (less than 0.500 inches thick on any axis)!!!
WARNING: Model has 2-dimensional geometry (less than 0.500 inches thick on any axis)!!!
WARNING: Model has 2-dimensional geometry (less than 0.500 inches thick on any axis)!!!
WARNING: Model has 2-dimensional geometry (less than 0.500 inches thick on any axis)!!!
WARNING: Model has 2-dimensional geometry (less than 0.500 inches thick on any axis)!!!
WARNING: Model has 2-dimensional geometry (less than 0.500 inches thick on any axis)!!!
WARNING: Model has 2-dimensional geometry (less than 0.500 inches thick on any axis)!!!
WARNING: Model has 2-dimensional geometry (less than 0.500 inches thick on any axis)!!!
WARNING: Model has 2-dimensional geometry (less than 0.500 inches thick on any axis)!!!
WARNING: Model has 2-dimensional geometry (less than 0.500 inches thick on any axis)!!!
WARNING: Model has 2-dimensional geometry (less than 0.500 inches thick on any axis)!!!
WARNING: Model has 2-dimensional geometry (less than 0.500 inches thick on any axis)!!!
WARNING: Model has 2-dimensional geometry (less than 0.500 inches thick on any axis)!!!
WARNING: Model has 2-dimensional geometry (less than 0.500 inches thick on any axis)!!!
WARNING: Model has 2-dimensional geometry (less than 0.500 inches thick on any axis)!!!
WARNING: Model has 2-dimensional geometry (less than 0.500 inches thick on any axis)!!!
WARNING: Model has 2-dimensional geometry (less than 0.500 inches thick on any axis)!!!
WARNING: Model has 2-dimensional geometry (less than 0.500 inches thick on any axis)!!!
WARNING: Model has 2-dimensional geometry (less than 0.500 inches thick on any axis)!!!
WARNING: Model has 2-dimensional geometry (less than 0.500 inches thick on any axis)!!!
WARNING: Model has 2-dimensional geometry (less than 0.500 inches thick on any axis)!!!
WARNING: Model has 2-dimensional geometry (less than 0.500 inches thick on any axis)!!!
WARNING: Model has 2-dimensional geometry (less than 0.500 inches thick on any axis)!!!
WARNING: Model has 2-dimensional geometry (less than 0.500 inches thick on any axis)!!!
WARNING: Model has 2-dimensional geometry (less than 0.500 inches thick on any axis)!!!
WARNING: Model has 2-dimensional geometry (less than 0.500 inches thick on any axis)!!!
WARNING: Model has 2-dimensional geometry (less than 0.500 inches thick on any axis)!!!
WARNING: Model has 2-dimensional geometry (less than 0.500 inches thick on any axis)!!!
WARNING: Model has 2-dimensional geometry (less than 0.500 inches thick on any axis)!!!
WARNING: Model has 2-dimensional geometry (less than 0.500 inches thick on any axis)!!!
WARNING: Model has 2-dimensional geometry (less than 0.500 inches thick on any axis)!!!
WARNING: Model has 2-dimensional geometry (less than 0.500 inches thick on any axis)!!!
WARNING: Model has 2-dimensional geometry (less than 0.500 inches thick on any axis)!!!
WARNING: Model has 2-dimensional geometry (less than 0.500 inches thick on any axis)!!!
WARNING: Model has 2-dimensional geometry (less than 0.500 inches thick on any axis)!!!
WARNING: Model has 2-dimensional geometry (less than 0.500 inches thick on any axis)!!!
WARNING: Model has 2-dimensional geometry (less than 0.500 inches thick on any axis)!!!
WARNING: Model has 2-dimensional geometry (less than 0.500 inches thick on any axis)!!!
WARNING: Model has 2-dimensional geometry (less than 0.500 inches thick on any axis)!!!
WARNING: Model has 2-dimensional geometry (less than 0.500 inches thick on any axis)!!!
WARNING: Model has 2-dimensional geometry (less than 0.500 inches thick on any axis)!!!
WARNING: Model has 2-dimensional geometry (less than 0.500 inches thick on any axis)!!!
WARNING: Model has 2-dimensional geometry (less than 0.500 inches thick on any axis)!!!
WARNING: Model has 2-dimensional geometry (less than 0.500 inches thick on any axis)!!!
WARNING: Model has 2-dimensional geometry (less than 0.500 inches thick on any axis)!!!
WARNING: Model has 2-dimensional geometry (less than 0.500 inches thick on any axis)!!!
WARNING: Model has 2-dimensional geometry (less than 0.500 inches thick on any axis)!!!
WARNING: Model has 2-dimensional geometry (less than 0.500 inches thick on any axis)!!!
WARNING: Model has 2-dimensional geometry (less than 0.500 inches thick on any axis)!!!
WARNING: Model has 2-dimensional geometry (less than 0.500 inches thick on any axis)!!!
WARNING: Model has 2-dimensional geometry (less than 0.500 inches thick on any axis)!!!
WARNING: Model has 2-dimensional geometry (less than 0.500 inches thick on any axis)!!!
WARNING: Model has 2-dimensional geometry (less than 0.500 inches thick on any axis)!!!
WARNING: Model has 2-dimensional geometry (less than 0.500 inches thick on any axis)!!!
WARNING: Model has 2-dimensional geometry (less than 0.500 inches thick on any axis)!!!
WARNING: Model has 2-dimensional geometry (less than 0.500 inches thick on any axis)!!!
WARNING: Model has 2-dimensional geometry (less than 0.500 inches thick on any axis)!!!
WARNING: Model has 2-dimensional geometry (less than 0.500 inches thick on any axis)!!!
WARNING: Model has 2-dimensional geometry (less than 0.500 inches thick on any axis)!!!
WARNING: Model has 2-dimensional geometry (less than 0.500 inches thick on any axis)!!!
WARNING: Model has 2-dimensional geometry (less than 0.500 inches thick on any axis)!!!
WARNING: Model has 2-dimensional geometry (less than 0.500 inches thick on any axis)!!!
WARNING: Model has 2-dimensional geometry (less than 0.500 inches thick on any axis)!!!
WARNING: Model has 2-dimensional geometry (less than 0.500 inches thick on any axis)!!!
WARNING: Model has 2-dimensional geometry (less than 0.500 inches thick on any axis)!!!
WARNING: Model has 2-dimensional geometry (less than 0.500 inches thick on any axis)!!!
WARNING: Model has 2-dimensional geometry (less than 0.500 inches thick on any axis)!!!
WARNING: Model has 2-dimensional geometry (less than 0.500 inches thick on any axis)!!!
WARNING: Model has 2-dimensional geometry (less than 0.500 inches thick on any axis)!!!
WARNING: Model has 2-dimensional geometry (less than 0.500 inches thick on any axis)!!!
WARNING: Model has 2-dimensional geometry (less than 0.500 inches thick on any axis)!!!
WARNING: Model has 2-dimensional geometry (less than 0.500 inches thick on any axis)!!!
WARNING: Model has 2-dimensional geometry (less than 0.500 inches thick on any axis)!!!
WARNING: Model has 2-dimensional geometry (less than 0.500 inches thick on any axis)!!!
WARNING: Model has 2-dimensional geometry (less than 0.500 inches thick on any axis)!!!
WARNING: Model has 2-dimensional geometry (less than 0.500 inches thick on any axis)!!!
WARNING: Model has 2-dimensional geometry (less than 0.500 inches thick on any axis)!!!
WARNING: Model has 2-dimensional geometry (less than 0.500 inches thick on any axis)!!!
WARNING: Model has 2-dimensional geometry (less than 0.500 inches thick on any axis)!!!
WARNING: Model has 2-dimensional geometry (less than 0.500 inches thick on any axis)!!!
WARNING: Model has 2-dimensional geometry (less than 0.500 inches thick on any axis)!!!
WARNING: Model has 2-dimensional geometry (less than 0.500 inches thick on any axis)!!!
WARNING: Model has 2-dimensional geometry (less than 0.500 inches thick on any axis)!!!
WARNING: Model has 2-dimensional geometry (less than 0.500 inches thick on any axis)!!!
WARNING: Model has 2-dimensional geometry (less than 0.500 inches thick on any axis)!!!
WARNING: Model has 2-dimensional geometry (less than 0.500 inches thick on any axis)!!!
WARNING: Model has 2-dimensional geometry (less than 0.500 inches thick on any axis)!!!
WARNING: Model has 2-dimensional geometry (less than 0.500 inches thick on any axis)!!!
WARNING: Model has 2-dimensional geometry (less than 0.500 inches thick on any axis)!!!
WARNING: Model has 2-dimensional geometry (less than 0.500 inches thick on any axis)!!!
WARNING: Model has 2-dimensional geometry (less than 0.500 inches thick on any axis)!!!
WARNING: Model has 2-dimensional geometry (less than 0.500 inches thick on any axis)!!!
WARNING: Model has 2-dimensional geometry (less than 0.500 inches thick on any axis)!!!
WARNING: Model has 2-dimensional geometry (less than 0.500 inches thick on any axis)!!!
WARNING: Model has 2-dimensional geometry (less than 0.500 inches thick on any axis)!!!
WARNING: Model has 2-dimensional geometry (less than 0.500 inches thick on any axis)!!!
WARNING: Model has 2-dimensional geometry (less than 0.500 inches thick on any axis)!!!
WARNING: Model has 2-dimensional geometry (less than 0.500 inches thick on any axis)!!!
WARNING: Model has 2-dimensional geometry (less than 0.500 inches thick on any axis)!!!
WARNING: Model has 2-dimensional geometry (less than 0.500 inches thick on any axis)!!!
WARNING: Model has 2-dimensional geometry (less than 0.500 inches thick on any axis)!!!
WARNING: Model has 2-dimensional geometry (less than 0.500 inches thick on any axis)!!!
WARNING: Model has 2-dimensional geometry (less than 0.500 inches thick on any axis)!!!
WARNING: Model has 2-dimensional geometry (less than 0.500 inches thick on any axis)!!!
WARNING: Model has 2-dimensional geometry (less than 0.500 inches thick on any axis)!!!
WARNING: Model has 2-dimensional geometry (less than 0.500 inches thick on any axis)!!!
WARNING: Model has 2-dimensional geometry (less than 0.500 inches thick on any axis)!!!
WARNING: Model has 2-dimensional geometry (less than 0.500 inches thick on any axis)!!!
WARNING: Model has 2-dimensional geometry (less than 0.500 inches thick on any axis)!!!
WARNING: Model has 2-dimensional geometry (less than 0.500 inches thick on any axis)!!!
WARNING: Model has 2-dimensional geometry (less than 0.500 inches thick on any axis)!!!
WARNING: Model has 2-dimensional geometry (less than 0.500 inches thick on any axis)!!!
WARNING: Model has 2-dimensional geometry (less than 0.500 inches thick on any axis)!!!
WARNING: Model has 2-dimensional geometry (less than 0.500 inches thick on any axis)!!!
WARNING: Model has 2-dimensional geometry (less than 0.500 inches thick on any axis)!!!
WARNING: Model has 2-dimensional geometry (less than 0.500 inches thick on any axis)!!!
WARNING: Model has 2-dimensional geometry (less than 0.500 inches thick on any axis)!!!
WARNING: Model has 2-dimensional geometry (less than 0.500 inches thick on any axis)!!!
WARNING: Model has 2-dimensional geometry (less than 0.500 inches thick on any axis)!!!
WARNING: Model has 2-dimensional geometry (less than 0.500 inches thick on any axis)!!!
WARNING: Model has 2-dimensional geometry (less than 0.500 inches thick on any axis)!!!
WARNING: Model has 2-dimensional geometry (less than 0.500 inches thick on any axis)!!!
WARNING: Model has 2-dimensional geometry (less than 0.500 inches thick on any axis)!!!
WARNING: Model has 2-dimensional geometry (less than 0.500 inches thick on any axis)!!!
WARNING: Model has 2-dimensional geometry (less than 0.500 inches thick on any axis)!!!
WARNING: Model has 2-dimensional geometry (less than 0.500 inches thick on any axis)!!!
WARNING: Model has 2-dimensional geometry (less than 0.500 inches thick on any axis)!!!
WARNING: Model has 2-dimensional geometry (less than 0.500 inches thick on any axis)!!!
WARNING: Model has 2-dimensional geometry (less than 0.500 inches thick on any axis)!!!
WARNING: Model has 2-dimensional geometry (less than 0.500 inches thick on any axis)!!!
WARNING: Model has 2-dimensional geometry (less than 0.500 inches thick on any axis)!!!
WARNING: Model has 2-dimensional geometry (less than 0.500 inches thick on any axis)!!!
WARNING: Model has 2-dimensional geometry (less than 0.500 inches thick on any axis)!!!
WARNING: Model has 2-dimensional geometry (less than 0.500 inches thick on any axis)!!!
WARNING: Model has 2-dimensional geometry (less than 0.500 inches thick on any axis)!!!
WARNING: Model has 2-dimensional geometry (less than 0.500 inches thick on any axis)!!!
WARNING: Model has 2-dimensional geometry (less than 0.500 inches thick on any axis)!!!
WARNING: Model has 2-dimensional geometry (less than 0.500 inches thick on any axis)!!!
WARNING: Model has 2-dimensional geometry (less than 0.500 inches thick on any axis)!!!
WARNING: Model has 2-dimensional geometry (less than 0.500 inches thick on any axis)!!!
WARNING: Model has 2-dimensional geometry (less than 0.500 inches thick on any axis)!!!
WARNING: Model has 2-dimensional geometry (less than 0.500 inches thick on any axis)!!!
WARNING: Model has 2-dimensional geometry (less than 0.500 inches thick on any axis)!!!
WARNING: Model has 2-dimensional geometry (less than 0.500 inches thick on any axis)!!!
WARNING: Model has 2-dimensional geometry (less than 0.500 inches thick on any axis)!!!
WARNING: Model has 2-dimensional geometry (less than 0.500 inches thick on any axis)!!!
WARNING: Model has 2-dimensional geometry (less than 0.500 inches thick on any axis)!!!
WARNING: Model has 2-dimensional geometry (less than 0.500 inches thick on any axis)!!!
WARNING: Model has 2-dimensional geometry (less than 0.500 inches thick on any axis)!!!
WARNING: Model has 2-dimensional geometry (less than 0.500 inches thick on any axis)!!!
WARNING: Model has 2-dimensional geometry (less than 0.500 inches thick on any axis)!!!
WARNING: Model has 2-dimensional geometry (less than 0.500 inches thick on any axis)!!!
WARNING: Model has 2-dimensional geometry (less than 0.500 inches thick on any axis)!!!
WARNING: Model has 2-dimensional geometry (less than 0.500 inches thick on any axis)!!!
WARNING: Model has 2-dimensional geometry (less than 0.500 inches thick on any axis)!!!
WARNING: Model has 2-dimensional geometry (less than 0.500 inches thick on any axis)!!!
WARNING: Model has 2-dimensional geometry (less than 0.500 inches thick on any axis)!!!
WARNING: Model has 2-dimensional geometry (less than 0.500 inches thick on any axis)!!!
WARNING: Model has 2-dimensional geometry (less than 0.500 inches thick on any axis)!!!
WARNING: Model has 2-dimensional geometry (less than 0.500 inches thick on any axis)!!!
WARNING: Model has 2-dimensional geometry (less than 0.500 inches thick on any axis)!!!
WARNING: Model has 2-dimensional geometry (less than 0.500 inches thick on any axis)!!!
WARNING: Model has 2-dimensional geometry (less than 0.500 inches thick on any axis)!!!
WARNING: Model has 2-dimensional geometry (less than 0.500 inches thick on any axis)!!!
WARNING: Model has 2-dimensional geometry (less than 0.500 inches thick on any axis)!!!
WARNING: Model has 2-dimensional geometry (less than 0.500 inches thick on any axis)!!!
WARNING: Model has 2-dimensional geometry (less than 0.500 inches thick on any axis)!!!
WARNING: Model has 2-dimensional geometry (less than 0.500 inches thick on any axis)!!!
WARNING: Model has 2-dimensional geometry (less than 0.500 inches thick on any axis)!!!
WARNING: Model has 2-dimensional geometry (less than 0.500 inches thick on any axis)!!!
WARNING: Model has 2-dimensional geometry (less than 0.500 inches thick on any axis)!!!
WARNING: Model has 2-dimensional geometry (less than 0.500 inches thick on any axis)!!!
WARNING: Model has 2-dimensional geometry (less than 0.500 inches thick on any axis)!!!
WARNING: Model has 2-dimensional geometry (less than 0.500 inches thick on any axis)!!!
WARNING: Model has 2-dimensional geometry (less than 0.500 inches thick on any axis)!!!
WARNING: Model has 2-dimensional geometry (less than 0.500 inches thick on any axis)!!!
WARNING: Model has 2-dimensional geometry (less than 0.500 inches thick on any axis)!!!
WARNING: Model has 2-dimensional geometry (less than 0.500 inches thick on any axis)!!!
WARNING: Model has 2-dimensional geometry (less than 0.500 inches thick on any axis)!!!
WARNING: Model has 2-dimensional geometry (less than 0.500 inches thick on any axis)!!!
WARNING: Model has 2-dimensional geometry (less than 0.500 inches thick on any axis)!!!
WARNING: Model has 2-dimensional geometry (less than 0.500 inches thick on any axis)!!!
WARNING: Model has 2-dimensional geometry (less than 0.500 inches thick on any axis)!!!
WARNING: Model has 2-dimensional geometry (less than 0.500 inches thick on any axis)!!!
WARNING: Model has 2-dimensional geometry (less than 0.500 inches thick on any axis)!!!
WARNING: Model has 2-dimensional geometry (less than 0.500 inches thick on any axis)!!!
WARNING: Model has 2-dimensional geometry (less than 0.500 inches thick on any axis)!!!
WARNING: Model has 2-dimensional geometry (less than 0.500 inches thick on any axis)!!!
WARNING: Model has 2-dimensional geometry (less than 0.500 inches thick on any axis)!!!
WARNING: Model has 2-dimensional geometry (less than 0.500 inches thick on any axis)!!!
WARNING: Model has 2-dimensional geometry (less than 0.500 inches thick on any axis)!!!
WARNING: Model has 2-dimensional geometry (less than 0.500 inches thick on any axis)!!!
WARNING: Model has 2-dimensional geometry (less than 0.500 inches thick on any axis)!!!
WARNING: Model has 2-dimensional geometry (less than 0.500 inches thick on any axis)!!!
WARNING: Model has 2-dimensional geometry (less than 0.500 inches thick on any axis)!!!
WARNING: Model has 2-dimensional geometry (less than 0.500 inches thick on any axis)!!!
WARNING: Model has 2-dimensional geometry (less than 0.500 inches thick on any axis)!!!
WARNING: Model has 2-dimensional geometry (less than 0.500 inches thick on any axis)!!!
WARNING: Model has 2-dimensional geometry (less than 0.500 inches thick on any axis)!!!
WARNING: Model has 2-dimensional geometry (less than 0.500 inches thick on any axis)!!!
WARNING: Model has 2-dimensional geometry (less than 0.500 inches thick on any axis)!!!
WARNING: Model has 2-dimensional geometry (less than 0.500 inches thick on any axis)!!!
WARNING: Model has 2-dimensional geometry (less than 0.500 inches thick on any axis)!!!
WARNING: Model has 2-dimensional geometry (less than 0.500 inches thick on any axis)!!!
WARNING: Model has 2-dimensional geometry (less than 0.500 inches thick on any axis)!!!
WARNING: Model has 2-dimensional geometry (less than 0.500 inches thick on any axis)!!!
WARNING: Model has 2-dimensional geometry (less than 0.500 inches thick on any axis)!!!
WARNING: Model has 2-dimensional geometry (less than 0.500 inches thick on any axis)!!!
WARNING: Model has 2-dimensional geometry (less than 0.500 inches thick on any axis)!!!
WARNING: Model has 2-dimensional geometry (less than 0.500 inches thick on any axis)!!!
WARNING: Model has 2-dimensional geometry (less than 0.500 inches thick on any axis)!!!
WARNING: Model has 2-dimensional geometry (less than 0.500 inches thick on any axis)!!!
WARNING: Model has 2-dimensional geometry (less than 0.500 inches thick on any axis)!!!
WARNING: Model has 2-dimensional geometry (less than 0.500 inches thick on any axis)!!!
WARNING: Model has 2-dimensional geometry (less than 0.500 inches thick on any axis)!!!
WARNING: Model has 2-dimensional geometry (less than 0.500 inches thick on any axis)!!!
WARNING: Model has 2-dimensional geometry (less than 0.500 inches thick on any axis)!!!
WARNING: Model has 2-dimensional geometry (less than 0.500 inches thick on any axis)!!!
WARNING: Model has 2-dimensional geometry (less than 0.500 inches thick on any axis)!!!
WARNING: Model has 2-dimensional geometry (less than 0.500 inches thick on any axis)!!!
WARNING: Model has 2-dimensional geometry (less than 0.500 inches thick on any axis)!!!
WARNING: Model has 2-dimensional geometry (less than 0.500 inches thick on any axis)!!!
WARNING: Model has 2-dimensional geometry (less than 0.500 inches thick on any axis)!!!
WARNING: Model has 2-dimensional geometry (less than 0.500 inches thick on any axis)!!!
WARNING: Model has 2-dimensional geometry (less than 0.500 inches thick on any axis)!!!
WARNING: Model has 2-dimensional geometry (less than 0.500 inches thick on any axis)!!!
WARNING: Model has 2-dimensional geometry (less than 0.500 inches thick on any axis)!!!
WARNING: Model has 2-dimensional geometry (less than 0.500 inches thick on any axis)!!!
WARNING: Model has 2-dimensional geometry (less than 0.500 inches thick on any axis)!!!
WARNING: Model has 2-dimensional geometry (less than 0.500 inches thick on any axis)!!!
WARNING: Model has 2-dimensional geometry (less than 0.500 inches thick on any axis)!!!
WARNING: Model has 2-dimensional geometry (less than 0.500 inches thick on any axis)!!!
WARNING: Model has 2-dimensional geometry (less than 0.500 inches thick on any axis)!!!
WARNING: Model has 2-dimensional geometry (less than 0.500 inches thick on any axis)!!!
WARNING: Model has 2-dimensional geometry (less than 0.500 inches thick on any axis)!!!
WARNING: Model has 2-dimensional geometry (less than 0.500 inches thick on any axis)!!!
WARNING: Model has 2-dimensional geometry (less than 0.500 inches thick on any axis)!!!
WARNING: Model has 2-dimensional geometry (less than 0.500 inches thick on any axis)!!!
WARNING: Model has 2-dimensional geometry (less than 0.500 inches thick on any axis)!!!
WARNING: Model has 2-dimensional geometry (less than 0.500 inches thick on any axis)!!!
WARNING: Model has 2-dimensional geometry (less than 0.500 inches thick on any axis)!!!
WARNING: Model has 2-dimensional geometry (less than 0.500 inches thick on any axis)!!!
WARNING: Model has 2-dimensional geometry (less than 0.500 inches thick on any axis)!!!
WARNING: Model has 2-dimensional geometry (less than 0.500 inches thick on any axis)!!!
WARNING: Model has 2-dimensional geometry (less than 0.500 inches thick on any axis)!!!
WARNING: Model has 2-dimensional geometry (less than 0.500 inches thick on any axis)!!!
WARNING: Model has 2-dimensional geometry (less than 0.500 inches thick on any axis)!!!
WARNING: Model has 2-dimensional geometry (less than 0.500 inches thick on any axis)!!!
WARNING: Model has 2-dimensional geometry (less than 0.500 inches thick on any axis)!!!
WARNING: Model has 2-dimensional geometry (less than 0.500 inches thick on any axis)!!!
WARNING: Model has 2-dimensional geometry (less than 0.500 inches thick on any axis)!!!
WARNING: Model has 2-dimensional geometry (less than 0.500 inches thick on any axis)!!!
WARNING: Model has 2-dimensional geometry (less than 0.500 inches thick on any axis)!!!
WARNING: Model has 2-dimensional geometry (less than 0.500 inches thick on any axis)!!!
WARNING: Model has 2-dimensional geometry (less than 0.500 inches thick on any axis)!!!
WARNING: Model has 2-dimensional geometry (less than 0.500 inches thick on any axis)!!!
WARNING: Model has 2-dimensional geometry (less than 0.500 inches thick on any axis)!!!
WARNING: Model has 2-dimensional geometry (less than 0.500 inches thick on any axis)!!!
WARNING: Model has 2-dimensional geometry (less than 0.500 inches thick on any axis)!!!
WARNING: Model has 2-dimensional geometry (less than 0.500 inches thick on any axis)!!!
WARNING: Model has 2-dimensional geometry (less than 0.500 inches thick on any axis)!!!
WARNING: Model has 2-dimensional geometry (less than 0.500 inches thick on any axis)!!!
WARNING: Model has 2-dimensional geometry (less than 0.500 inches thick on any axis)!!!
WARNING: Model has 2-dimensional geometry (less than 0.500 inches thick on any axis)!!!
WARNING: Model has 2-dimensional geometry (less than 0.500 inches thick on any axis)!!!
WARNING: Model has 2-dimensional geometry (less than 0.500 inches thick on any axis)!!!
WARNING: Model has 2-dimensional geometry (less than 0.500 inches thick on any axis)!!!
WARNING: Model has 2-dimensional geometry (less than 0.500 inches thick on any axis)!!!
WARNING: Model has 2-dimensional geometry (less than 0.500 inches thick on any axis)!!!
WARNING: Model has 2-dimensional geometry (less than 0.500 inches thick on any axis)!!!
WARNING: Model has 2-dimensional geometry (less than 0.500 inches thick on any axis)!!!
WARNING: Model has 2-dimensional geometry (less than 0.500 inches thick on any axis)!!!
WARNING: Model has 2-dimensional geometry (less than 0.500 inches thick on any axis)!!!
WARNING: Model has 2-dimensional geometry (less than 0.500 inches thick on any axis)!!!
WARNING: Model has 2-dimensional geometry (less than 0.500 inches thick on any axis)!!!
WARNING: Model has 2-dimensional geometry (less than 0.500 inches thick on any axis)!!!
WARNING: Model has 2-dimensional geometry (less than 0.500 inches thick on any axis)!!!
WARNING: Model has 2-dimensional geometry (less than 0.500 inches thick on any axis)!!!
WARNING: Model has 2-dimensional geometry (less than 0.500 inches thick on any axis)!!!
WARNING: Model has 2-dimensional geometry (less than 0.500 inches thick on any axis)!!!
WARNING: Model has 2-dimensional geometry (less than 0.500 inches thick on any axis)!!!
WARNING: Model has 2-dimensional geometry (less than 0.500 inches thick on any axis)!!!
WARNING: Model has 2-dimensional geometry (less than 0.500 inches thick on any axis)!!!
WARNING: Model has 2-dimensional geometry (less than 0.500 inches thick on any axis)!!!
WARNING: Model has 2-dimensional geometry (less than 0.500 inches thick on any axis)!!!
WARNING: Model has 2-dimensional geometry (less than 0.500 inches thick on any axis)!!!
WARNING: Model has 2-dimensional geometry (less than 0.500 inches thick on any axis)!!!
WARNING: Model has 2-dimensional geometry (less than 0.500 inches thick on any axis)!!!
WARNING: Model has 2-dimensional geometry (less than 0.500 inches thick on any axis)!!!
WARNING: Model has 2-dimensional geometry (less than 0.500 inches thick on any axis)!!!
WARNING: Model has 2-dimensional geometry (less than 0.500 inches thick on any axis)!!!
WARNING: Model has 2-dimensional geometry (less than 0.500 inches thick on any axis)!!!
WARNING: Model has 2-dimensional geometry (less than 0.500 inches thick on any axis)!!!
WARNING: Model has 2-dimensional geometry (less than 0.500 inches thick on any axis)!!!
WARNING: Model has 2-dimensional geometry (less than 0.500 inches thick on any axis)!!!
WARNING: Model has 2-dimensional geometry (less than 0.500 inches thick on any axis)!!!
WARNING: Model has 2-dimensional geometry (less than 0.500 inches thick on any axis)!!!
WARNING: Model has 2-dimensional geometry (less than 0.500 inches thick on any axis)!!!
WARNING: Model has 2-dimensional geometry (less than 0.500 inches thick on any axis)!!!
WARNING: Model has 2-dimensional geometry (less than 0.500 inches thick on any axis)!!!
WARNING: Model has 2-dimensional geometry (less than 0.500 inches thick on any axis)!!!
WARNING: Model has 2-dimensional geometry (less than 0.500 inches thick on any axis)!!!
WARNING: Model has 2-dimensional geometry (less than 0.500 inches thick on any axis)!!!
WARNING: Model has 2-dimensional geometry (less than 0.500 inches thick on any axis)!!!
WARNING: Model has 2-dimensional geometry (less than 0.500 inches thick on any axis)!!!
WARNING: Model has 2-dimensional geometry (less than 0.500 inches thick on any axis)!!!
WARNING: Model has 2-dimensional geometry (less than 0.500 inches thick on any axis)!!!
WARNING: Model has 2-dimensional geometry (less than 0.500 inches thick on any axis)!!!
WARNING: Model has 2-dimensional geometry (less than 0.500 inches thick on any axis)!!!
WARNING: Model has 2-dimensional geometry (less than 0.500 inches thick on any axis)!!!
WARNING: Model has 2-dimensional geometry (less than 0.500 inches thick on any axis)!!!
WARNING: Model has 2-dimensional geometry (less than 0.500 inches thick on any axis)!!!
WARNING: Model has 2-dimensional geometry (less than 0.500 inches thick on any axis)!!!
WARNING: Model has 2-dimensional geometry (less than 0.500 inches thick on any axis)!!!
WARNING: Model has 2-dimensional geometry (less than 0.500 inches thick on any axis)!!!
WARNING: Model has 2-dimensional geometry (less than 0.500 inches thick on any axis)!!!
WARNING: Model has 2-dimensional geometry (less than 0.500 inches thick on any axis)!!!
WARNING: Model has 2-dimensional geometry (less than 0.500 inches thick on any axis)!!!
WARNING: Model has 2-dimensional geometry (less than 0.500 inches thick on any axis)!!!
WARNING: Model has 2-dimensional geometry (less than 0.500 inches thick on any axis)!!!
WARNING: Model has 2-dimensional geometry (less than 0.500 inches thick on any axis)!!!
WARNING: Model has 2-dimensional geometry (less than 0.500 inches thick on any axis)!!!
WARNING: Model has 2-dimensional geometry (less than 0.500 inches thick on any axis)!!!
WARNING: Model has 2-dimensional geometry (less than 0.500 inches thick on any axis)!!!
WARNING: Model has 2-dimensional geometry (less than 0.500 inches thick on any axis)!!!
WARNING: Model has 2-dimensional geometry (less than 0.500 inches thick on any axis)!!!
WARNING: Model has 2-dimensional geometry (less than 0.500 inches thick on any axis)!!!
WARNING: Model has 2-dimensional geometry (less than 0.500 inches thick on any axis)!!!
WARNING: Model has 2-dimensional geometry (less than 0.500 inches thick on any axis)!!!
WARNING: Model has 2-dimensional geometry (less than 0.500 inches thick on any axis)!!!
WARNING: Model has 2-dimensional geometry (less than 0.500 inches thick on any axis)!!!
WARNING: Model has 2-dimensional geometry (less than 0.500 inches thick on any axis)!!!
WARNING: Model has 2-dimensional geometry (less than 0.500 inches thick on any axis)!!!
WARNING: Model has 2-dimensional geometry (less than 0.500 inches thick on any axis)!!!
WARNING: Model has 2-dimensional geometry (less than 0.500 inches thick on any axis)!!!
WARNING: Model has 2-dimensional geometry (less than 0.500 inches thick on any axis)!!!
WARNING: Model has 2-dimensional geometry (less than 0.500 inches thick on any axis)!!!
WARNING: Model has 2-dimensional geometry (less than 0.500 inches thick on any axis)!!!
WARNING: Model has 2-dimensional geometry (less than 0.500 inches thick on any axis)!!!
WARNING: Model has 2-dimensional geometry (less than 0.500 inches thick on any axis)!!!
WARNING: Model has 2-dimensional geometry (less than 0.500 inches thick on any axis)!!!
WARNING: Model has 2-dimensional geometry (less than 0.500 inches thick on any axis)!!!
WARNING: Model has 2-dimensional geometry (less than 0.500 inches thick on any axis)!!!
WARNING: Model has 2-dimensional geometry (less than 0.500 inches thick on any axis)!!!
WARNING: Model has 2-dimensional geometry (less than 0.500 inches thick on any axis)!!!
WARNING: Model has 2-dimensional geometry (less than 0.500 inches thick on any axis)!!!
WARNING: Model has 2-dimensional geometry (less than 0.500 inches thick on any axis)!!!
WARNING: Model has 2-dimensional geometry (less than 0.500 inches thick on any axis)!!!
WARNING: Model has 2-dimensional geometry (less than 0.500 inches thick on any axis)!!!
WARNING: Model has 2-dimensional geometry (less than 0.500 inches thick on any axis)!!!
WARNING: Model has 2-dimensional geometry (less than 0.500 inches thick on any axis)!!!
WARNING: Model has 2-dimensional geometry (less than 0.500 inches thick on any axis)!!!
WARNING: Model has 2-dimensional geometry (less than 0.500 inches thick on any axis)!!!
WARNING: Model has 2-dimensional geometry (less than 0.500 inches thick on any axis)!!!
WARNING: Model has 2-dimensional geometry (less than 0.500 inches thick on any axis)!!!
WARNING: Model has 2-dimensional geometry (less than 0.500 inches thick on any axis)!!!
WARNING: Model has 2-dimensional geometry (less than 0.500 inches thick on any axis)!!!
WARNING: Model has 2-dimensional geometry (less than 0.500 inches thick on any axis)!!!
WARNING: Model has 2-dimensional geometry (less than 0.500 inches thick on any axis)!!!
WARNING: Model has 2-dimensional geometry (less than 0.500 inches thick on any axis)!!!
WARNING: Model has 2-dimensional geometry (less than 0.500 inches thick on any axis)!!!
WARNING: Model has 2-dimensional geometry (less than 0.500 inches thick on any axis)!!!
WARNING: Model has 2-dimensional geometry (less than 0.500 inches thick on any axis)!!!
WARNING: Model has 2-dimensional geometry (less than 0.500 inches thick on any axis)!!!
WARNING: Model has 2-dimensional geometry (less than 0.500 inches thick on any axis)!!!
WARNING: Model has 2-dimensional geometry (less than 0.500 inches thick on any axis)!!!
WARNING: Model has 2-dimensional geometry (less than 0.500 inches thick on any axis)!!!
WARNING: Model has 2-dimensional geometry (less than 0.500 inches thick on any axis)!!!
WARNING: Model has 2-dimensional geometry (less than 0.500 inches thick on any axis)!!!
WARNING: Model has 2-dimensional geometry (less than 0.500 inches thick on any axis)!!!
WARNING: Model has 2-dimensional geometry (less than 0.500 inches thick on any axis)!!!
WARNING: Model has 2-dimensional geometry (less than 0.500 inches thick on any axis)!!!
WARNING: Model has 2-dimensional geometry (less than 0.500 inches thick on any axis)!!!
WARNING: Model has 2-dimensional geometry (less than 0.500 inches thick on any axis)!!!
WARNING: Model has 2-dimensional geometry (less than 0.500 inches thick on any axis)!!!
WARNING: Model has 2-dimensional geometry (less than 0.500 inches thick on any axis)!!!
WARNING: Model has 2-dimensional geometry (less than 0.500 inches thick on any axis)!!!
WARNING: Model has 2-dimensional geometry (less than 0.500 inches thick on any axis)!!!
WARNING: Model has 2-dimensional geometry (less than 0.500 inches thick on any axis)!!!
WARNING: Model has 2-dimensional geometry (less than 0.500 inches thick on any axis)!!!
WARNING: Model has 2-dimensional geometry (less than 0.500 inches thick on any axis)!!!
WARNING: Model has 2-dimensional geometry (less than 0.500 inches thick on any axis)!!!
WARNING: Model has 2-dimensional geometry (less than 0.500 inches thick on any axis)!!!
WARNING: Model has 2-dimensional geometry (less than 0.500 inches thick on any axis)!!!
WARNING: Model has 2-dimensional geometry (less than 0.500 inches thick on any axis)!!!
WARNING: Model has 2-dimensional geometry (less than 0.500 inches thick on any axis)!!!
WARNING: Model has 2-dimensional geometry (less than 0.500 inches thick on any axis)!!!
WARNING: Model has 2-dimensional geometry (less than 0.500 inches thick on any axis)!!!
WARNING: Model has 2-dimensional geometry (less than 0.500 inches thick on any axis)!!!
WARNING: Model has 2-dimensional geometry (less than 0.500 inches thick on any axis)!!!
WARNING: Model has 2-dimensional geometry (less than 0.500 inches thick on any axis)!!!
WARNING: Model has 2-dimensional geometry (less than 0.500 inches thick on any axis)!!!
WARNING: Model has 2-dimensional geometry (less than 0.500 inches thick on any axis)!!!
WARNING: Model has 2-dimensional geometry (less than 0.500 inches thick on any axis)!!!
WARNING: Model has 2-dimensional geometry (less than 0.500 inches thick on any axis)!!!
WARNING: Model has 2-dimensional geometry (less than 0.500 inches thick on any axis)!!!
WARNING: Model has 2-dimensional geometry (less than 0.500 inches thick on any axis)!!!
WARNING: Model has 2-dimensional geometry (less than 0.500 inches thick on any axis)!!!
WARNING: Model has 2-dimensional geometry (less than 0.500 inches thick on any axis)!!!
WARNING: Model has 2-dimensional geometry (less than 0.500 inches thick on any axis)!!!
WARNING: Model has 2-dimensional geometry (less than 0.500 inches thick on any axis)!!!
WARNING: Model has 2-dimensional geometry (less than 0.500 inches thick on any axis)!!!
WARNING: Model has 2-dimensional geometry (less than 0.500 inches thick on any axis)!!!
WARNING: Model has 2-dimensional geometry (less than 0.500 inches thick on any axis)!!!
WARNING: Model has 2-dimensional geometry (less than 0.500 inches thick on any axis)!!!
WARNING: Model has 2-dimensional geometry (less than 0.500 inches thick on any axis)!!!
WARNING: Model has 2-dimensional geometry (less than 0.500 inches thick on any axis)!!!
WARNING: Model has 2-dimensional geometry (less than 0.500 inches thick on any axis)!!!
WARNING: Model has 2-dimensional geometry (less than 0.500 inches thick on any axis)!!!
WARNING: Model has 2-dimensional geometry (less than 0.500 inches thick on any axis)!!!
WARNING: Model has 2-dimensional geometry (less than 0.500 inches thick on any axis)!!!
WARNING: Model has 2-dimensional geometry (less than 0.500 inches thick on any axis)!!!
WARNING: Model has 2-dimensional geometry (less than 0.500 inches thick on any axis)!!!
WARNING: Model has 2-dimensional geometry (less than 0.500 inches thick on any axis)!!!
WARNING: Model has 2-dimensional geometry (less than 0.500 inches thick on any axis)!!!
WARNING: Model has 2-dimensional geometry (less than 0.500 inches thick on any axis)!!!
WARNING: Model has 2-dimensional geometry (less than 0.500 inches thick on any axis)!!!
WARNING: Model has 2-dimensional geometry (less than 0.500 inches thick on any axis)!!!
WARNING: Model has 2-dimensional geometry (less than 0.500 inches thick on any axis)!!!
WARNING: Model has 2-dimensional geometry (less than 0.500 inches thick on any axis)!!!
WARNING: Model has 2-dimensional geometry (less than 0.500 inches thick on any axis)!!!
WARNING: Model has 2-dimensional geometry (less than 0.500 inches thick on any axis)!!!
WARNING: Model has 2-dimensional geometry (less than 0.500 inches thick on any axis)!!!
WARNING: Model has 2-dimensional geometry (less than 0.500 inches thick on any axis)!!!
WARNING: Model has 2-dimensional geometry (less than 0.500 inches thick on any axis)!!!
WARNING: Model has 2-dimensional geometry (less than 0.500 inches thick on any axis)!!!
WARNING: Model has 2-dimensional geometry (less than 0.500 inches thick on any axis)!!!
WARNING: Model has 2-dimensional geometry (less than 0.500 inches thick on any axis)!!!
WARNING: Model has 2-dimensional geometry (less than 0.500 inches thick on any axis)!!!
WARNING: Model has 2-dimensional geometry (less than 0.500 inches thick on any axis)!!!
WARNING: Model has 2-dimensional geometry (less than 0.500 inches thick on any axis)!!!
WARNING: Model has 2-dimensional geometry (less than 0.500 inches thick on any axis)!!!
WARNING: Model has 2-dimensional geometry (less than 0.500 inches thick on any axis)!!!
WARNING: Model has 2-dimensional geometry (less than 0.500 inches thick on any axis)!!!
WARNING: Model has 2-dimensional geometry (less than 0.500 inches thick on any axis)!!!
WARNING: Model has 2-dimensional geometry (less than 0.500 inches thick on any axis)!!!
WARNING: Model has 2-dimensional geometry (less than 0.500 inches thick on any axis)!!!
WARNING: Model has 2-dimensional geometry (less than 0.500 inches thick on any axis)!!!
WARNING: Model has 2-dimensional geometry (less than 0.500 inches thick on any axis)!!!
WARNING: Model has 2-dimensional geometry (less than 0.500 inches thick on any axis)!!!
WARNING: Model has 2-dimensional geometry (less than 0.500 inches thick on any axis)!!!
WARNING: Model has 2-dimensional geometry (less than 0.500 inches thick on any axis)!!!
WARNING: Model has 2-dimensional geometry (less than 0.500 inches thick on any axis)!!!
WARNING: Model has 2-dimensional geometry (less than 0.500 inches thick on any axis)!!!
WARNING: Model has 2-dimensional geometry (less than 0.500 inches thick on any axis)!!!
WARNING: Model has 2-dimensional geometry (less than 0.500 inches thick on any axis)!!!
WARNING: Model has 2-dimensional geometry (less than 0.500 inches thick on any axis)!!!
WARNING: Model has 2-dimensional geometry (less than 0.500 inches thick on any axis)!!!
WARNING: Model has 2-dimensional geometry (less than 0.500 inches thick on any axis)!!!
WARNING: Model has 2-dimensional geometry (less than 0.500 inches thick on any axis)!!!
WARNING: Model has 2-dimensional geometry (less than 0.500 inches thick on any axis)!!!
WARNING: Model has 2-dimensional geometry (less than 0.500 inches thick on any axis)!!!
WARNING: Model has 2-dimensional geometry (less than 0.500 inches thick on any axis)!!!
WARNING: Model has 2-dimensional geometry (less than 0.500 inches thick on any axis)!!!
WARNING: Model has 2-dimensional geometry (less than 0.500 inches thick on any axis)!!!
WARNING: Model has 2-dimensional geometry (less than 0.500 inches thick on any axis)!!!
WARNING: Model has 2-dimensional geometry (less than 0.500 inches thick on any axis)!!!
WARNING: Model has 2-dimensional geometry (less than 0.500 inches thick on any axis)!!!
WARNING: Model has 2-dimensional geometry (less than 0.500 inches thick on any axis)!!!
WARNING: Model has 2-dimensional geometry (less than 0.500 inches thick on any axis)!!!
WARNING: Model has 2-dimensional geometry (less than 0.500 inches thick on any axis)!!!
WARNING: Model has 2-dimensional geometry (less than 0.500 inches thick on any axis)!!!
WARNING: Model has 2-dimensional geometry (less than 0.500 inches thick on any axis)!!!
WARNING: Model has 2-dimensional geometry (less than 0.500 inches thick on any axis)!!!
WARNING: Model has 2-dimensional geometry (less than 0.500 inches thick on any axis)!!!
WARNING: Model has 2-dimensional geometry (less than 0.500 inches thick on any axis)!!!
WARNING: Model has 2-dimensional geometry (less than 0.500 inches thick on any axis)!!!
WARNING: Model has 2-dimensional geometry (less than 0.500 inches thick on any axis)!!!
WARNING: Model has 2-dimensional geometry (less than 0.500 inches thick on any axis)!!!
WARNING: Model has 2-dimensional geometry (less than 0.500 inches thick on any axis)!!!
WARNING: Model has 2-dimensional geometry (less than 0.500 inches thick on any axis)!!!
WARNING: Model has 2-dimensional geometry (less than 0.500 inches thick on any axis)!!!
WARNING: Model has 2-dimensional geometry (less than 0.500 inches thick on any axis)!!!
WARNING: Model has 2-dimensional geometry (less than 0.500 inches thick on any axis)!!!
WARNING: Model has 2-dimensional geometry (less than 0.500 inches thick on any axis)!!!
WARNING: Model has 2-dimensional geometry (less than 0.500 inches thick on any axis)!!!
WARNING: Model has 2-dimensional geometry (less than 0.500 inches thick on any axis)!!!
WARNING: Model has 2-dimensional geometry (less than 0.500 inches thick on any axis)!!!
WARNING: Model has 2-dimensional geometry (less than 0.500 inches thick on any axis)!!!
WARNING: Model has 2-dimensional geometry (less than 0.500 inches thick on any axis)!!!
WARNING: Model has 2-dimensional geometry (less than 0.500 inches thick on any axis)!!!
WARNING: Model has 2-dimensional geometry (less than 0.500 inches thick on any axis)!!!
WARNING: Model has 2-dimensional geometry (less than 0.500 inches thick on any axis)!!!
WARNING: Model has 2-dimensional geometry (less than 0.500 inches thick on any axis)!!!
WARNING: Model has 2-dimensional geometry (less than 0.500 inches thick on any axis)!!!
WARNING: Model has 2-dimensional geometry (less than 0.500 inches thick on any axis)!!!
WARNING: Model has 2-dimensional geometry (less than 0.500 inches thick on any axis)!!!
WARNING: Model has 2-dimensional geometry (less than 0.500 inches thick on any axis)!!!
WARNING: Model has 2-dimensional geometry (less than 0.500 inches thick on any axis)!!!
WARNING: Model has 2-dimensional geometry (less than 0.500 inches thick on any axis)!!!
WARNING: Model has 2-dimensional geometry (less than 0.500 inches thick on any axis)!!!
WARNING: Model has 2-dimensional geometry (less than 0.500 inches thick on any axis)!!!
WARNING: Model has 2-dimensional geometry (less than 0.500 inches thick on any axis)!!!
WARNING: Model has 2-dimensional geometry (less than 0.500 inches thick on any axis)!!!
WARNING: Model has 2-dimensional geometry (less than 0.500 inches thick on any axis)!!!
WARNING: Model has 2-dimensional geometry (less than 0.500 inches thick on any axis)!!!
WARNING: Model has 2-dimensional geometry (less than 0.500 inches thick on any axis)!!!
WARNING: Model has 2-dimensional geometry (less than 0.500 inches thick on any axis)!!!
WARNING: Model has 2-dimensional geometry (less than 0.500 inches thick on any axis)!!!
WARNING: Model has 2-dimensional geometry (less than 0.500 inches thick on any axis)!!!
WARNING: Model has 2-dimensional geometry (less than 0.500 inches thick on any axis)!!!
WARNING: Model has 2-dimensional geometry (less than 0.500 inches thick on any axis)!!!
WARNING: Model has 2-dimensional geometry (less than 0.500 inches thick on any axis)!!!
WARNING: Model has 2-dimensional geometry (less than 0.500 inches thick on any axis)!!!
WARNING: Model has 2-dimensional geometry (less than 0.500 inches thick on any axis)!!!
WARNING: Model has 2-dimensional geometry (less than 0.500 inches thick on any axis)!!!
WARNING: Model has 2-dimensional geometry (less than 0.500 inches thick on any axis)!!!
WARNING: Model has 2-dimensional geometry (less than 0.500 inches thick on any axis)!!!
WARNING: Model has 2-dimensional geometry (less than 0.500 inches thick on any axis)!!!
WARNING: Model has 2-dimensional geometry (less than 0.500 inches thick on any axis)!!!
WARNING: Model has 2-dimensional geometry (less than 0.500 inches thick on any axis)!!!
WARNING: Model has 2-dimensional geometry (less than 0.500 inches thick on any axis)!!!
WARNING: Model has 2-dimensional geometry (less than 0.500 inches thick on any axis)!!!
WARNING: Model has 2-dimensional geometry (less than 0.500 inches thick on any axis)!!!
WARNING: Model has 2-dimensional geometry (less than 0.500 inches thick on any axis)!!!
WARNING: Model has 2-dimensional geometry (less than 0.500 inches thick on any axis)!!!
WARNING: Model has 2-dimensional geometry (less than 0.500 inches thick on any axis)!!!
WARNING: Model has 2-dimensional geometry (less than 0.500 inches thick on any axis)!!!
WARNING: Model has 2-dimensional geometry (less than 0.500 inches thick on any axis)!!!
WARNING: Model has 2-dimensional geometry (less than 0.500 inches thick on any axis)!!!
WARNING: Model has 2-dimensional geometry (less than 0.500 inches thick on any axis)!!!
WARNING: Model has 2-dimensional geometry (less than 0.500 inches thick on any axis)!!!
WARNING: Model has 2-dimensional geometry (less than 0.500 inches thick on any axis)!!!
WARNING: Model has 2-dimensional geometry (less than 0.500 inches thick on any axis)!!!
WARNING: Model has 2-dimensional geometry (less than 0.500 inches thick on any axis)!!!
WARNING: Model has 2-dimensional geometry (less than 0.500 inches thick on any axis)!!!
WARNING: Model has 2-dimensional geometry (less than 0.500 inches thick on any axis)!!!
WARNING: Model has 2-dimensional geometry (less than 0.500 inches thick on any axis)!!!
WARNING: Model has 2-dimensional geometry (less than 0.500 inches thick on any axis)!!!
WARNING: Model has 2-dimensional geometry (less than 0.500 inches thick on any axis)!!!
WARNING: Model has 2-dimensional geometry (less than 0.500 inches thick on any axis)!!!
WARNING: Model has 2-dimensional geometry (less than 0.500 inches thick on any axis)!!!
WARNING: Model has 2-dimensional geometry (less than 0.500 inches thick on any axis)!!!
WARNING: Model has 2-dimensional geometry (less than 0.500 inches thick on any axis)!!!
WARNING: Model has 2-dimensional geometry (less than 0.500 inches thick on any axis)!!!
WARNING: Model has 2-dimensional geometry (less than 0.500 inches thick on any axis)!!!
WARNING: Model has 2-dimensional geometry (less than 0.500 inches thick on any axis)!!!
WARNING: Model has 2-dimensional geometry (less than 0.500 inches thick on any axis)!!!
WARNING: Model has 2-dimensional geometry (less than 0.500 inches thick on any axis)!!!
WARNING: Model has 2-dimensional geometry (less than 0.500 inches thick on any axis)!!!
WARNING: Model has 2-dimensional geometry (less than 0.500 inches thick on any axis)!!!
WARNING: Model has 2-dimensional geometry (less than 0.500 inches thick on any axis)!!!
WARNING: Model has 2-dimensional geometry (less than 0.500 inches thick on any axis)!!!
WARNING: Model has 2-dimensional geometry (less than 0.500 inches thick on any axis)!!!
WARNING: Model has 2-dimensional geometry (less than 0.500 inches thick on any axis)!!!
WARNING: Model has 2-dimensional geometry (less than 0.500 inches thick on any axis)!!!
WARNING: Model has 2-dimensional geometry (less than 0.500 inches thick on any axis)!!!
WARNING: Model has 2-dimensional geometry (less than 0.500 inches thick on any axis)!!!
WARNING: Model has 2-dimensional geometry (less than 0.500 inches thick on any axis)!!!
WARNING: Model has 2-dimensional geometry (less than 0.500 inches thick on any axis)!!!
WARNING: Model has 2-dimensional geometry (less than 0.500 inches thick on any axis)!!!
WARNING: Model has 2-dimensional geometry (less than 0.500 inches thick on any axis)!!!
WARNING: Model has 2-dimensional geometry (less than 0.500 inches thick on any axis)!!!
WARNING: Model has 2-dimensional geometry (less than 0.500 inches thick on any axis)!!!
WARNING: Model has 2-dimensional geometry (less than 0.500 inches thick on any axis)!!!
WARNING: Model has 2-dimensional geometry (less than 0.500 inches thick on any axis)!!!
WARNING: Model has 2-dimensional geometry (less than 0.500 inches thick on any axis)!!!
WARNING: Model has 2-dimensional geometry (less than 0.500 inches thick on any axis)!!!
WARNING: Model has 2-dimensional geometry (less than 0.500 inches thick on any axis)!!!
WARNING: Model has 2-dimensional geometry (less than 0.500 inches thick on any axis)!!!
WARNING: Model has 2-dimensional geometry (less than 0.500 inches thick on any axis)!!!
WARNING: Model has 2-dimensional geometry (less than 0.500 inches thick on any axis)!!!
WARNING: Model has 2-dimensional geometry (less than 0.500 inches thick on any axis)!!!
WARNING: Model has 2-dimensional geometry (less than 0.500 inches thick on any axis)!!!
WARNING: Model has 2-dimensional geometry (less than 0.500 inches thick on any axis)!!!
WARNING: Model has 2-dimensional geometry (less than 0.500 inches thick on any axis)!!!
WARNING: Model has 2-dimensional geometry (less than 0.500 inches thick on any axis)!!!
WARNING: Model has 2-dimensional geometry (less than 0.500 inches thick on any axis)!!!
WARNING: Model has 2-dimensional geometry (less than 0.500 inches thick on any axis)!!!
WARNING: Model has 2-dimensional geometry (less than 0.500 inches thick on any axis)!!!
WARNING: Model has 2-dimensional geometry (less than 0.500 inches thick on any axis)!!!
WARNING: Model has 2-dimensional geometry (less than 0.500 inches thick on any axis)!!!
WARNING: Model has 2-dimensional geometry (less than 0.500 inches thick on any axis)!!!
WARNING: Model has 2-dimensional geometry (less than 0.500 inches thick on any axis)!!!
WARNING: Model has 2-dimensional geometry (less than 0.500 inches thick on any axis)!!!
WARNING: Model has 2-dimensional geometry (less than 0.500 inches thick on any axis)!!!
WARNING: Model has 2-dimensional geometry (less than 0.500 inches thick on any axis)!!!
WARNING: Model has 2-dimensional geometry (less than 0.500 inches thick on any axis)!!!
WARNING: Model has 2-dimensional geometry (less than 0.500 inches thick on any axis)!!!
WARNING: Model has 2-dimensional geometry (less than 0.500 inches thick on any axis)!!!
WARNING: COSTLY COLLISION MODEL!!!! (1627 parts - 40 allowed)
WARNING: Error with convex elements of colls.smd, building single convex!!!!
Model has 8 convex sub-parts
Collision model completed.
---------------------
writing C:\Program Files (x86)\Steam\steamapps\sourcemods\who\models/chessandpieces/floayting_knight.mdl:
bones          964 bytes (1)
animations     124 bytes (1 anims) (1 frames) [0:00]
sequences      220 bytes (1 seq) 
ik/pose        164 bytes
eyeballs         0 bytes (0 eyeballs)
flexes           0 bytes (0 flexes)
textures        72 bytes
keyvalues       56 bytes
bone transforms        0 bytes
bone flex driver       0 bytes
Collision model volume 41487.98 in^3
collision        0 bytes
total         1840
---------------------
writing C:\Program Files (x86)\Steam\steamapps\sourcemods\who\models/chessandpieces/floayting_knight.vvd:
vertices     81840 bytes (1705 vertices)
tangents     27280 bytes (1705 vertices)
total       109184 bytes
---------------------
Generating optimized mesh "C:\Program Files (x86)\Steam\steamapps\sourcemods\who\models/chessandpieces/floayting_knight.sw.vtx":
body parts:         8 bytes
models:            20 bytes
model LODs:        12 bytes
meshes:             9 bytes
strip groups:      25 bytes
strips:            27 bytes
verts:          15345 bytes
indices:        15972 bytes
bone changes:       8 bytes
everything:     31450 bytes
---------------------
Generating optimized mesh "C:\Program Files (x86)\Steam\steamapps\sourcemods\who\models/chessandpieces/floayting_knight.dx80.vtx":
body parts:         8 bytes
models:            20 bytes
model LODs:        12 bytes
meshes:             9 bytes
strip groups:      25 bytes
strips:            27 bytes
verts:          15345 bytes
indices:        15972 bytes
bone changes:      16 bytes
everything:     31458 bytes
---------------------
Generating optimized mesh "C:\Program Files (x86)\Steam\steamapps\sourcemods\who\models/chessandpieces/floayting_knight.dx90.vtx":
body parts:         8 bytes
models:            20 bytes
model LODs:        12 bytes
meshes:             9 bytes
strip groups:      25 bytes
strips:            27 bytes
verts:          15345 bytes
indices:        15972 bytes
bone changes:      16 bytes
everything:     31458 bytes

Completed "floayting_knight.qc"



