version 1
nodes
0 "Implicit" -1
end
skeleton
time 0
0  0.000000 0.000000 0.000000  0.000000 0.000000 0.000000
end
triangles
chess_set_pieces_black
0  9.036224 -4.126455 47.224308  0.881469 -0.467457 0.067057  0.188072 0.321114
0  8.423955 -4.580460 45.472187  0.891766 -0.452428 -0.007958  0.194921 0.319667
0  9.702315 -2.323800 46.736820  0.992562 -0.121350 0.009767  0.185880 0.314189
chess_set_pieces_black
0  9.065025 6.116805 46.417767  0.945123 0.301600 0.125620  0.168543 0.288870
0  8.941410 6.063795 43.341751  0.963102 0.262476 -0.059502  0.177218 0.281100
0  7.928775 8.827380 47.274883  0.908134 0.388774 0.155395  0.158750 0.283450
chess_set_pieces_black
0  8.941410 6.063795 43.341751  0.963102 0.262476 -0.059502  0.177218 0.281100
0  9.065025 6.116805 46.417767  0.945123 0.301600 0.125620  0.168543 0.288870
0  9.410940 3.453975 42.721424  0.986186 0.125237 -0.108410  0.185790 0.287473
chess_set_pieces_black
0  9.065025 6.116805 46.417767  0.945123 0.301600 0.125620  0.168543 0.288870
0  9.266940 3.823830 45.993736  0.989614 0.142547 0.018549  0.175255 0.294079
0  9.410940 3.453975 42.721424  0.986186 0.125237 -0.108410  0.185790 0.287473
chess_set_pieces_black
0  9.266940 3.823830 45.993736  0.989614 0.142547 0.018549  0.175255 0.294079
0  9.599265 1.368945 46.017090  0.997498 0.070227 0.008130  0.180594 0.301380
0  9.410940 3.453975 42.721424  0.986186 0.125237 -0.108410  0.185790 0.287473
chess_set_pieces_black
0  9.599265 1.368945 46.017090  0.997498 0.070227 0.008130  0.180594 0.301380
0  9.749249 0.737685 43.708004  0.998035 0.025594 -0.057200  0.189092 0.298264
0  9.410940 3.453975 42.721424  0.986186 0.125237 -0.108410  0.185790 0.287473
chess_set_pieces_black
0  9.749249 0.737685 43.708004  0.998035 0.025594 -0.057200  0.189092 0.298264
0  9.599265 1.368945 46.017090  0.997498 0.070227 0.008130  0.180594 0.301380
0  9.702315 -2.323800 46.736820  0.992562 -0.121350 0.009767  0.185880 0.314189
chess_set_pieces_black
0  9.653310 -2.684700 44.694180  0.972840 -0.222234 -0.064758  0.192868 0.311148
0  9.749249 0.737685 43.708004  0.998035 0.025594 -0.057200  0.189092 0.298264
0  9.702315 -2.323800 46.736820  0.992562 -0.121350 0.009767  0.185880 0.314189
chess_set_pieces_black
0  8.423955 -4.580460 45.472187  0.891766 -0.452428 -0.007958  0.194921 0.319667
0  9.653310 -2.684700 44.694180  0.972840 -0.222234 -0.064758  0.192868 0.311148
0  9.702315 -2.323800 46.736820  0.992562 -0.121350 0.009767  0.185880 0.314189
chess_set_pieces_black
0  9.171225 -2.675295 43.142311  0.948321 -0.267657 -0.170434  0.198313 0.308288
0  9.653310 -2.684700 44.694180  0.972840 -0.222234 -0.064758  0.192868 0.311148
0  8.423955 -4.580460 45.472187  0.891766 -0.452428 -0.007958  0.194921 0.319667
chess_set_pieces_black
0  8.132670 -5.178960 43.686947  0.944346 -0.327426 0.031670  0.201793 0.318145
0  9.171225 -2.675295 43.142311  0.948321 -0.267657 -0.170434  0.198313 0.308288
0  8.423955 -4.580460 45.472187  0.891766 -0.452428 -0.007958  0.194921 0.319667
chess_set_pieces_black
0  9.171225 -2.675295 43.142311  0.948321 -0.267657 -0.170434  0.198313 0.308288
0  8.132670 -5.178960 43.686947  0.944346 -0.327426 0.031670  0.201793 0.318145
0  8.602875 -3.275775 41.086262  0.998670 -0.040543 0.031844  0.207247 0.306533
chess_set_pieces_black
0  8.132670 -5.178960 43.686947  0.944346 -0.327426 0.031670  0.201793 0.318145
0  8.326395 -5.725350 41.834927  0.967744 -0.189196 0.166363  0.208690 0.316691
0  8.602875 -3.275775 41.086262  0.998670 -0.040543 0.031844  0.207247 0.306533
chess_set_pieces_black
0  8.602875 -3.275775 41.086262  0.998670 -0.040543 0.031844  0.207247 0.306533
0  8.326395 -5.725350 41.834927  0.967744 -0.189196 0.166363  0.208690 0.316691
0  9.150300 -5.975685 38.103031  0.966688 -0.136402 0.216586  0.221994 0.312540
chess_set_pieces_black
0  9.119925 1.465110 39.903481  0.890118 -0.066624 -0.450834  0.199867 0.286750
0  8.038665 3.426075 38.568062  0.700095 -0.036699 -0.713106  0.200206 0.275273
0  9.410940 3.453975 42.721424  0.986186 0.125237 -0.108410  0.185790 0.287473
chess_set_pieces_black
0  9.513540 -0.459675 41.591881  0.942282 -0.122149 -0.311744  0.198688 0.297390
0  9.119925 1.465110 39.903481  0.890118 -0.066624 -0.450834  0.199867 0.286750
0  9.410940 3.453975 42.721424  0.986186 0.125237 -0.108410  0.185790 0.287473
chess_set_pieces_black
0  9.749249 0.737685 43.708004  0.998035 0.025594 -0.057200  0.189092 0.298264
0  9.513540 -0.459675 41.591881  0.942282 -0.122149 -0.311744  0.198688 0.297390
0  9.410940 3.453975 42.721424  0.986186 0.125237 -0.108410  0.185790 0.287473
chess_set_pieces_black
0  9.513540 -0.459675 41.591881  0.942282 -0.122149 -0.311744  0.198688 0.297390
0  9.749249 0.737685 43.708004  0.998035 0.025594 -0.057200  0.189092 0.298264
0  9.171225 -2.675295 43.142311  0.948321 -0.267657 -0.170434  0.198313 0.308288
chess_set_pieces_black
0  9.749249 0.737685 43.708004  0.998035 0.025594 -0.057200  0.189092 0.298264
0  9.653310 -2.684700 44.694180  0.972840 -0.222234 -0.064758  0.192868 0.311148
0  9.171225 -2.675295 43.142311  0.948321 -0.267657 -0.170434  0.198313 0.308288
chess_set_pieces_black
0  9.513540 -0.459675 41.591881  0.942282 -0.122149 -0.311744  0.198688 0.297390
0  9.171225 -2.675295 43.142311  0.948321 -0.267657 -0.170434  0.198313 0.308288
0  8.602875 -3.275775 41.086262  0.998670 -0.040543 0.031844  0.207247 0.306533
chess_set_pieces_black
0  8.224740 -1.176975 40.231979  0.977234 0.074189 -0.198771  0.207219 0.296564
0  9.513540 -0.459675 41.591881  0.942282 -0.122149 -0.311744  0.198688 0.297390
0  8.602875 -3.275775 41.086262  0.998670 -0.040543 0.031844  0.207247 0.306533
chess_set_pieces_black
0  9.119925 1.465110 39.903481  0.890118 -0.066624 -0.450834  0.199867 0.286750
0  9.513540 -0.459675 41.591881  0.942282 -0.122149 -0.311744  0.198688 0.297390
0  8.224740 -1.176975 40.231979  0.977234 0.074189 -0.198771  0.207219 0.296564
chess_set_pieces_black
0  7.690050 0.673335 39.237930  0.882473 0.108163 -0.457757  0.207961 0.286454
0  9.119925 1.465110 39.903481  0.890118 -0.066624 -0.450834  0.199867 0.286750
0  8.224740 -1.176975 40.231979  0.977234 0.074189 -0.198771  0.207219 0.296564
chess_set_pieces_black
0  8.038665 3.426075 38.568062  0.700095 -0.036699 -0.713106  0.200206 0.275273
0  9.119925 1.465110 39.903481  0.890118 -0.066624 -0.450834  0.199867 0.286750
0  7.690050 0.673335 39.237930  0.882473 0.108163 -0.457757  0.207961 0.286454
chess_set_pieces_black
0  6.701490 2.276910 38.292526  0.708368 0.172465 -0.684449  0.208916 0.275578
0  8.038665 3.426075 38.568062  0.700095 -0.036699 -0.713106  0.200206 0.275273
0  7.690050 0.673335 39.237930  0.882473 0.108163 -0.457757  0.207961 0.286454
chess_set_pieces_black
0  6.701490 2.276910 38.292526  0.708368 0.172465 -0.684449  0.208916 0.275578
0  5.411475 3.790350 37.670532  0.511693 0.327866 -0.794150  0.209328 0.263449
0  8.038665 3.426075 38.568062  0.700095 -0.036699 -0.713106  0.200206 0.275273
chess_set_pieces_black
0  3.798270 5.105025 37.310444  0.373735 0.554713 -0.743381  0.208303 0.249832
0  5.411475 3.790350 37.670532  0.511693 0.327866 -0.794150  0.209328 0.263449
0  3.717855 5.006385 36.273106  0.537347 0.829947 0.149819  0.215261 0.248799
chess_set_pieces_black
0  5.411475 3.790350 37.670532  0.511693 0.327866 -0.794150  0.209328 0.263449
0  5.283630 3.677400 36.387272  0.716806 0.683948 0.135661  0.216822 0.261832
0  3.717855 5.006385 36.273106  0.537347 0.829947 0.149819  0.215261 0.248799
chess_set_pieces_black
0  5.283630 3.677400 36.387272  0.716806 0.683948 0.135661  0.216822 0.261832
0  5.411475 3.790350 37.670532  0.511693 0.327866 -0.794150  0.209328 0.263449
0  6.701490 2.276910 38.292526  0.708368 0.172465 -0.684449  0.208916 0.275578
chess_set_pieces_black
0  6.536070 1.974240 36.628201  0.806428 0.575809 0.134604  0.217980 0.273938
0  5.283630 3.677400 36.387272  0.716806 0.683948 0.135661  0.216822 0.261832
0  6.701490 2.276910 38.292526  0.708368 0.172465 -0.684449  0.208916 0.275578
chess_set_pieces_black
0  6.536070 1.974240 36.628201  0.806428 0.575809 0.134604  0.217980 0.273938
0  6.701490 2.276910 38.292526  0.708368 0.172465 -0.684449  0.208916 0.275578
0  7.690050 0.673335 39.237930  0.882473 0.108163 -0.457757  0.207961 0.286454
chess_set_pieces_black
0  7.703955 0.228870 37.063259  0.860792 0.485494 0.152754  0.218717 0.284923
0  6.536070 1.974240 36.628201  0.806428 0.575809 0.134604  0.217980 0.273938
0  7.690050 0.673335 39.237930  0.882473 0.108163 -0.457757  0.207961 0.286454
chess_set_pieces_black
0  7.703955 0.228870 37.063259  0.860792 0.485494 0.152754  0.218717 0.284923
0  7.690050 0.673335 39.237930  0.882473 0.108163 -0.457757  0.207961 0.286454
0  8.224740 -1.176975 40.231979  0.977234 0.074189 -0.198771  0.207219 0.296564
chess_set_pieces_black
0  8.683830 -1.551600 37.477306  0.923257 0.338414 0.181856  0.219580 0.294500
0  7.703955 0.228870 37.063259  0.860792 0.485494 0.152754  0.218717 0.284923
0  8.224740 -1.176975 40.231979  0.977234 0.074189 -0.198771  0.207219 0.296564
chess_set_pieces_black
0  8.683830 -1.551600 37.477306  0.923257 0.338414 0.181856  0.219580 0.294500
0  8.224740 -1.176975 40.231979  0.977234 0.074189 -0.198771  0.207219 0.296564
0  8.602875 -3.275775 41.086262  0.998670 -0.040543 0.031844  0.207247 0.306533
chess_set_pieces_black
0  9.289124 -3.621960 37.813320  0.973684 0.100851 0.204374  0.220769 0.303583
0  8.683830 -1.551600 37.477306  0.923257 0.338414 0.181856  0.219580 0.294500
0  8.602875 -3.275775 41.086262  0.998670 -0.040543 0.031844  0.207247 0.306533
chess_set_pieces_black
0  9.289124 -3.621960 37.813320  0.973684 0.100851 0.204374  0.220769 0.303583
0  8.602875 -3.275775 41.086262  0.998670 -0.040543 0.031844  0.207247 0.306533
0  9.150300 -5.975685 38.103031  0.966688 -0.136402 0.216586  0.221994 0.312540
chess_set_pieces_black
0  9.150300 -5.975685 38.103031  0.966688 -0.136402 0.216586  0.221994 0.312540
0  10.045620 -5.727825 34.066936  0.973911 -0.096221 0.205521  0.236456 0.308989
0  9.289124 -3.621960 37.813320  0.973684 0.100851 0.204374  0.220769 0.303583
chess_set_pieces_black
0  10.045620 -5.727825 34.066936  0.973911 -0.096221 0.205521  0.236456 0.308989
0  10.020960 -3.524130 34.189739  0.970519 0.104690 0.217103  0.235124 0.300916
0  9.289124 -3.621960 37.813320  0.973684 0.100851 0.204374  0.220769 0.303583
chess_set_pieces_black
0  10.707840 -2.558430 30.511709  0.972612 0.117533 0.200527  0.249246 0.296872
0  10.020960 -3.524130 34.189739  0.970519 0.104690 0.217103  0.235124 0.300916
0  10.045620 -5.727825 34.066936  0.973911 -0.096221 0.205521  0.236456 0.308989
chess_set_pieces_black
0  10.020960 -3.524130 34.189739  0.970519 0.104690 0.217103  0.235124 0.300916
0  10.707840 -2.558430 30.511709  0.972612 0.117533 0.200527  0.249246 0.296872
0  10.138950 -0.381735 31.007835  0.928507 0.272593 0.252125  0.247252 0.288166
chess_set_pieces_black
0  10.138950 -0.381735 31.007835  0.928507 0.272593 0.252125  0.247252 0.288166
0  10.707840 -2.558430 30.511709  0.972612 0.117533 0.200527  0.249246 0.296872
0  11.264265 -1.030185 26.405594  0.977078 0.139597 0.160723  0.264941 0.292503
chess_set_pieces_black
0  10.683540 1.353600 26.972189  0.942340 0.257487 0.213764  0.263711 0.283260
0  10.138950 -0.381735 31.007835  0.928507 0.272593 0.252125  0.247252 0.288166
0  11.264265 -1.030185 26.405594  0.977078 0.139597 0.160723  0.264941 0.292503
chess_set_pieces_black
0  10.876860 3.375180 23.020245  0.947446 0.260946 0.185078  0.279316 0.278408
0  10.683540 1.353600 26.972189  0.942340 0.257487 0.213764  0.263711 0.283260
0  11.264265 -1.030185 26.405594  0.977078 0.139597 0.160723  0.264941 0.292503
chess_set_pieces_black
0  9.739125 3.558015 27.727966  0.880783 0.374763 0.289436  0.261710 0.273794
0  10.683540 1.353600 26.972189  0.942340 0.257487 0.213764  0.263711 0.283260
0  10.876860 3.375180 23.020245  0.947446 0.260946 0.185078  0.279316 0.278408
chess_set_pieces_black
0  11.530620 0.836235 22.438620  0.978998 0.153630 0.134016  0.280015 0.287943
0  10.876860 3.375180 23.020245  0.947446 0.260946 0.185078  0.279316 0.278408
0  11.264265 -1.030185 26.405594  0.977078 0.139597 0.160723  0.264941 0.292503
chess_set_pieces_black
0  3.921975 5.402925 34.993214  0.502724 0.761874 0.408431  0.224028 0.247798
0  2.025630 6.284745 35.152920  0.269302 0.853805 0.445527  0.222490 0.234630
0  3.717855 5.006385 36.273106  0.537347 0.829947 0.149819  0.215261 0.248799
chess_set_pieces_black
0  3.921975 5.402925 34.993214  0.502724 0.761874 0.408431  0.224028 0.247798
0  3.717855 5.006385 36.273106  0.537347 0.829947 0.149819  0.215261 0.248799
0  5.283630 3.677400 36.387272  0.716806 0.683948 0.135661  0.216822 0.261832
chess_set_pieces_black
0  5.658885 4.070430 34.873562  0.646716 0.654593 0.391493  0.226002 0.260478
0  3.921975 5.402925 34.993214  0.502724 0.761874 0.408431  0.224028 0.247798
0  5.283630 3.677400 36.387272  0.716806 0.683948 0.135661  0.216822 0.261832
chess_set_pieces_black
0  5.658885 4.070430 34.873562  0.646716 0.654593 0.391493  0.226002 0.260478
0  5.283630 3.677400 36.387272  0.716806 0.683948 0.135661  0.216822 0.261832
0  6.536070 1.974240 36.628201  0.806428 0.575809 0.134604  0.217980 0.273938
chess_set_pieces_black
0  7.190865 2.345670 34.811054  0.741153 0.557854 0.373485  0.228024 0.272541
0  5.658885 4.070430 34.873562  0.646716 0.654593 0.391493  0.226002 0.260478
0  6.536070 1.974240 36.628201  0.806428 0.575809 0.134604  0.217980 0.273938
chess_set_pieces_black
0  7.190865 2.345670 34.811054  0.741153 0.557854 0.373485  0.228024 0.272541
0  6.536070 1.974240 36.628201  0.806428 0.575809 0.134604  0.217980 0.273938
0  7.703955 0.228870 37.063259  0.860792 0.485494 0.152754  0.218717 0.284923
chess_set_pieces_black
0  2.025630 6.284745 35.152920  0.269302 0.853805 0.445527  0.222490 0.234630
0  2.163600 7.308990 33.304813  0.273951 0.808420 0.520968  0.235275 0.233630
0  0.000270 7.546680 33.362503  0.002203 0.842758 0.538288  0.234757 0.221467
chess_set_pieces_black
0  2.163600 7.308990 33.304813  0.273951 0.808420 0.520968  0.235275 0.233630
0  2.025630 6.284745 35.152920  0.269302 0.853805 0.445527  0.222490 0.234630
0  3.921975 5.402925 34.993214  0.502724 0.761874 0.408431  0.224028 0.247798
chess_set_pieces_black
0  4.198185 6.392205 33.013172  0.493676 0.724580 0.480903  0.236666 0.245855
0  2.163600 7.308990 33.304813  0.273951 0.808420 0.520968  0.235275 0.233630
0  3.921975 5.402925 34.993214  0.502724 0.761874 0.408431  0.224028 0.247798
chess_set_pieces_black
0  4.198185 6.392205 33.013172  0.493676 0.724580 0.480903  0.236666 0.245855
0  3.921975 5.402925 34.993214  0.502724 0.761874 0.408431  0.224028 0.247798
0  5.658885 4.070430 34.873562  0.646716 0.654593 0.391493  0.226002 0.260478
chess_set_pieces_black
0  6.085125 5.063400 32.656097  0.626937 0.636904 0.448669  0.238731 0.257765
0  4.198185 6.392205 33.013172  0.493676 0.724580 0.480903  0.236666 0.245855
0  5.658885 4.070430 34.873562  0.646716 0.654593 0.391493  0.226002 0.260478
chess_set_pieces_black
0  6.085125 5.063400 32.656097  0.626937 0.636904 0.448669  0.238731 0.257765
0  5.658885 4.070430 34.873562  0.646716 0.654593 0.391493  0.226002 0.260478
0  7.190865 2.345670 34.811054  0.741153 0.557854 0.373485  0.228024 0.272541
chess_set_pieces_black
0  7.837965 3.406365 32.186970  0.749390 0.527550 0.400131  0.241579 0.269242
0  6.085125 5.063400 32.656097  0.626937 0.636904 0.448669  0.238731 0.257765
0  7.190865 2.345670 34.811054  0.741153 0.557854 0.373485  0.228024 0.272541
chess_set_pieces_black
0  7.837965 3.406365 32.186970  0.749390 0.527550 0.400131  0.241579 0.269242
0  7.190865 2.345670 34.811054  0.741153 0.557854 0.373485  0.228024 0.272541
0  8.493705 0.499230 34.701977  0.821490 0.468692 0.324779  0.230309 0.283095
chess_set_pieces_black
0  8.493705 0.499230 34.701977  0.821490 0.468692 0.324779  0.230309 0.283095
0  7.190865 2.345670 34.811054  0.741153 0.557854 0.373485  0.228024 0.272541
0  7.703955 0.228870 37.063259  0.860792 0.485494 0.152754  0.218717 0.284923
chess_set_pieces_black
0  8.493705 0.499230 34.701977  0.821490 0.468692 0.324779  0.230309 0.283095
0  7.703955 0.228870 37.063259  0.860792 0.485494 0.152754  0.218717 0.284923
0  9.530460 -1.427670 34.464779  0.911693 0.317085 0.261291  0.232913 0.292395
chess_set_pieces_black
0  7.703955 0.228870 37.063259  0.860792 0.485494 0.152754  0.218717 0.284923
0  8.683830 -1.551600 37.477306  0.923257 0.338414 0.181856  0.219580 0.294500
0  9.530460 -1.427670 34.464779  0.911693 0.317085 0.261291  0.232913 0.292395
chess_set_pieces_black
0  9.530460 -1.427670 34.464779  0.911693 0.317085 0.261291  0.232913 0.292395
0  8.683830 -1.551600 37.477306  0.923257 0.338414 0.181856  0.219580 0.294500
0  9.289124 -3.621960 37.813320  0.973684 0.100851 0.204374  0.220769 0.303583
chess_set_pieces_black
0  10.020960 -3.524130 34.189739  0.970519 0.104690 0.217103  0.235124 0.300916
0  9.530460 -1.427670 34.464779  0.911693 0.317085 0.261291  0.232913 0.292395
0  9.289124 -3.621960 37.813320  0.973684 0.100851 0.204374  0.220769 0.303583
chess_set_pieces_black
0  9.530460 -1.427670 34.464779  0.911693 0.317085 0.261291  0.232913 0.292395
0  10.020960 -3.524130 34.189739  0.970519 0.104690 0.217103  0.235124 0.300916
0  10.138950 -0.381735 31.007835  0.928507 0.272593 0.252125  0.247252 0.288166
chess_set_pieces_black
0  8.493705 0.499230 34.701977  0.821490 0.468692 0.324779  0.230309 0.283095
0  9.530460 -1.427670 34.464779  0.911693 0.317085 0.261291  0.232913 0.292395
0  10.138950 -0.381735 31.007835  0.928507 0.272593 0.252125  0.247252 0.288166
chess_set_pieces_black
0  9.173116 1.575360 31.592430  0.852770 0.407513 0.326674  0.244604 0.279200
0  8.493705 0.499230 34.701977  0.821490 0.468692 0.324779  0.230309 0.283095
0  10.138950 -0.381735 31.007835  0.928507 0.272593 0.252125  0.247252 0.288166
chess_set_pieces_black
0  9.173116 1.575360 31.592430  0.852770 0.407513 0.326674  0.244604 0.279200
0  7.837965 3.406365 32.186970  0.749390 0.527550 0.400131  0.241579 0.269242
0  8.493705 0.499230 34.701977  0.821490 0.468692 0.324779  0.230309 0.283095
chess_set_pieces_black
0  8.403660 5.510925 28.569195  0.767474 0.514281 0.382752  0.259205 0.264034
0  7.837965 3.406365 32.186970  0.749390 0.527550 0.400131  0.241579 0.269242
0  9.173116 1.575360 31.592430  0.852770 0.407513 0.326674  0.244604 0.279200
chess_set_pieces_black
0  6.085125 5.063400 32.656097  0.626937 0.636904 0.448669  0.238731 0.257765
0  7.837965 3.406365 32.186970  0.749390 0.527550 0.400131  0.241579 0.269242
0  8.403660 5.510925 28.569195  0.767474 0.514281 0.382752  0.259205 0.264034
chess_set_pieces_black
0  6.605325 7.134975 29.196451  0.624866 0.635913 0.452942  0.257165 0.253743
0  6.085125 5.063400 32.656097  0.626937 0.636904 0.448669  0.238731 0.257765
0  8.403660 5.510925 28.569195  0.767474 0.514281 0.382752  0.259205 0.264034
chess_set_pieces_black
0  4.198185 6.392205 33.013172  0.493676 0.724580 0.480903  0.236666 0.245855
0  6.085125 5.063400 32.656097  0.626937 0.636904 0.448669  0.238731 0.257765
0  6.605325 7.134975 29.196451  0.624866 0.635913 0.452942  0.257165 0.253743
chess_set_pieces_black
0  4.562325 8.488666 29.638981  0.485737 0.722428 0.492095  0.255960 0.242996
0  4.198185 6.392205 33.013172  0.493676 0.724580 0.480903  0.236666 0.245855
0  6.605325 7.134975 29.196451  0.624866 0.635913 0.452942  0.257165 0.253743
chess_set_pieces_black
0  2.163600 7.308990 33.304813  0.273951 0.808420 0.520968  0.235275 0.233630
0  4.198185 6.392205 33.013172  0.493676 0.724580 0.480903  0.236666 0.245855
0  4.562325 8.488666 29.638981  0.485737 0.722428 0.492095  0.255960 0.242996
chess_set_pieces_black
0  2.369295 9.505486 29.959425  0.273256 0.804877 0.526786  0.255480 0.232177
0  2.163600 7.308990 33.304813  0.273951 0.808420 0.520968  0.235275 0.233630
0  4.562325 8.488666 29.638981  0.485737 0.722428 0.492095  0.255960 0.242996
chess_set_pieces_black
0  0.000270 7.546680 33.362503  0.002203 0.842758 0.538288  0.234757 0.221467
0  2.163600 7.308990 33.304813  0.273951 0.808420 0.520968  0.235275 0.233630
0  2.369295 9.505486 29.959425  0.273256 0.804877 0.526786  0.255480 0.232177
chess_set_pieces_black
0  0.004725 9.837584 30.066120  0.001769 0.840722 0.541465  0.255312 0.221454
0  0.000270 7.546680 33.362503  0.002203 0.842758 0.538288  0.234757 0.221467
0  2.369295 9.505486 29.959425  0.273256 0.804877 0.526786  0.255480 0.232177
chess_set_pieces_black
0  0.004725 9.837584 30.066120  0.001769 0.840722 0.541465  0.255312 0.221454
0  2.369295 9.505486 29.959425  0.273256 0.804877 0.526786  0.255480 0.232177
0  2.485485 12.097080 25.765919  0.264039 0.841257 0.471773  0.275693 0.230839
chess_set_pieces_black
0  0.000090 12.419415 25.854481  0.001817 0.876104 0.482118  0.275691 0.221419
0  0.004725 9.837584 30.066120  0.001769 0.840722 0.541465  0.255312 0.221454
0  2.485485 12.097080 25.765919  0.264039 0.841257 0.471773  0.275693 0.230839
chess_set_pieces_black
0  6.862545 9.680535 25.157431  0.630660 0.661014 0.406606  0.275855 0.249776
0  6.605325 7.134975 29.196451  0.624866 0.635913 0.452942  0.257165 0.253743
0  8.403660 5.510925 28.569195  0.767474 0.514281 0.382752  0.259205 0.264034
chess_set_pieces_black
0  4.562325 8.488666 29.638981  0.485737 0.722428 0.492095  0.255960 0.242996
0  6.605325 7.134975 29.196451  0.624866 0.635913 0.452942  0.257165 0.253743
0  6.862545 9.680535 25.157431  0.630660 0.661014 0.406606  0.275855 0.249776
chess_set_pieces_black
0  4.806000 11.104830 25.532820  0.473626 0.758653 0.447352  0.275632 0.240337
0  4.562325 8.488666 29.638981  0.485737 0.722428 0.492095  0.255960 0.242996
0  6.862545 9.680535 25.157431  0.630660 0.661014 0.406606  0.275855 0.249776
chess_set_pieces_black
0  2.369295 9.505486 29.959425  0.273256 0.804877 0.526786  0.255480 0.232177
0  4.562325 8.488666 29.638981  0.485737 0.722428 0.492095  0.255960 0.242996
0  4.806000 11.104830 25.532820  0.473626 0.758653 0.447352  0.275632 0.240337
chess_set_pieces_black
0  2.485485 12.097080 25.765919  0.264039 0.841257 0.471773  0.275693 0.230839
0  2.369295 9.505486 29.959425  0.273256 0.804877 0.526786  0.255480 0.232177
0  4.806000 11.104830 25.532820  0.473626 0.758653 0.447352  0.275632 0.240337
chess_set_pieces_black
0  2.485485 12.097080 25.765919  0.264039 0.841257 0.471773  0.275693 0.230839
0  4.806000 11.104830 25.532820  0.473626 0.758653 0.447352  0.275632 0.240337
0  2.346345 13.667445 22.407391  0.259679 0.895925 0.360396  0.289033 0.229701
chess_set_pieces_black
0  2.485485 12.097080 25.765919  0.264039 0.841257 0.471773  0.275693 0.230839
0  2.346345 13.667445 22.407391  0.259679 0.895925 0.360396  0.289033 0.229701
0  -0.002970 14.012731 22.463551  0.002364 0.925640 0.378397  0.289176 0.221403
chess_set_pieces_black
0  4.806000 11.104830 25.532820  0.473626 0.758653 0.447352  0.275632 0.240337
0  6.862545 9.680535 25.157431  0.630660 0.661014 0.406606  0.275855 0.249776
0  4.634460 12.810105 22.311451  0.462240 0.821949 0.332766  0.288616 0.238230
chess_set_pieces_black
0  4.806000 11.104830 25.532820  0.473626 0.758653 0.447352  0.275632 0.240337
0  4.634460 12.810105 22.311451  0.462240 0.821949 0.332766  0.288616 0.238230
0  2.346345 13.667445 22.407391  0.259679 0.895925 0.360396  0.289033 0.229701
chess_set_pieces_black
0  0.000090 12.419415 25.854481  0.001817 0.876104 0.482118  0.275691 0.221419
0  2.485485 12.097080 25.765919  0.264039 0.841257 0.471773  0.275693 0.230839
0  -0.002970 14.012731 22.463551  0.002364 0.925640 0.378397  0.289176 0.221403
chess_set_pieces_black
0  0.000090 12.419415 25.854481  0.001817 0.876104 0.482118  0.275691 0.221419
0  -0.002970 14.012731 22.463551  0.002364 0.925640 0.378397  0.289176 0.221403
0  -2.352555 13.674826 22.409775  -0.254697 0.896256 0.363117  0.289028 0.213109
chess_set_pieces_black
0  -2.352555 13.674826 22.409775  -0.254697 0.896256 0.363117  0.289028 0.213109
0  -0.002970 14.012731 22.463551  0.002364 0.925640 0.378397  0.289176 0.221403
0  -2.427120 14.182560 20.516174  -0.275965 0.954389 0.113954  0.295872 0.212894
chess_set_pieces_black
0  -2.352555 13.674826 22.409775  -0.254697 0.896256 0.363117  0.289028 0.213109
0  -2.427120 14.182560 20.516174  -0.275965 0.954389 0.113954  0.295872 0.212894
0  -4.725585 13.242466 20.447775  -0.470973 0.878419 0.081025  0.295277 0.204282
chess_set_pieces_black
0  10.138950 -0.381735 31.007835  0.928507 0.272593 0.252125  0.247252 0.288166
0  10.683540 1.353600 26.972189  0.942340 0.257487 0.213764  0.263711 0.283260
0  9.739125 3.558015 27.727966  0.880783 0.374763 0.289436  0.261710 0.273794
chess_set_pieces_black
0  9.173116 1.575360 31.592430  0.852770 0.407513 0.326674  0.244604 0.279200
0  10.138950 -0.381735 31.007835  0.928507 0.272593 0.252125  0.247252 0.288166
0  9.739125 3.558015 27.727966  0.880783 0.374763 0.289436  0.261710 0.273794
chess_set_pieces_black
0  9.739125 3.558015 27.727966  0.880783 0.374763 0.289436  0.261710 0.273794
0  8.403660 5.510925 28.569195  0.767474 0.514281 0.382752  0.259205 0.264034
0  9.173116 1.575360 31.592430  0.852770 0.407513 0.326674  0.244604 0.279200
chess_set_pieces_black
0  8.403660 5.510925 28.569195  0.767474 0.514281 0.382752  0.259205 0.264034
0  9.739125 3.558015 27.727966  0.880783 0.374763 0.289436  0.261710 0.273794
0  8.693010 7.886295 24.593174  0.782009 0.527733 0.331603  0.276648 0.259446
chess_set_pieces_black
0  8.693010 7.886295 24.593174  0.782009 0.527733 0.331603  0.276648 0.259446
0  6.862545 9.680535 25.157431  0.630660 0.661014 0.406606  0.275855 0.249776
0  8.403660 5.510925 28.569195  0.767474 0.514281 0.382752  0.259205 0.264034
chess_set_pieces_black
0  6.862545 9.680535 25.157431  0.630660 0.661014 0.406606  0.275855 0.249776
0  8.693010 7.886295 24.593174  0.782009 0.527733 0.331603  0.276648 0.259446
0  6.713190 11.431935 22.131811  0.639350 0.708898 0.297818  0.288102 0.246917
chess_set_pieces_black
0  6.862545 9.680535 25.157431  0.630660 0.661014 0.406606  0.275855 0.249776
0  6.713190 11.431935 22.131811  0.639350 0.708898 0.297818  0.288102 0.246917
0  4.634460 12.810105 22.311451  0.462240 0.821949 0.332766  0.288616 0.238230
chess_set_pieces_black
0  4.634460 12.810105 22.311451  0.462240 0.821949 0.332766  0.288616 0.238230
0  6.713190 11.431935 22.131811  0.639350 0.708898 0.297818  0.288102 0.246917
0  4.709520 13.202100 20.448540  0.472322 0.877656 0.081433  0.295258 0.238547
chess_set_pieces_black
0  4.634460 12.810105 22.311451  0.462240 0.821949 0.332766  0.288616 0.238230
0  4.709520 13.202100 20.448540  0.472322 0.877656 0.081433  0.295258 0.238547
0  2.419110 14.161185 20.515095  0.282891 0.952504 0.112733  0.295865 0.229918
chess_set_pieces_black
0  2.346345 13.667445 22.407391  0.259679 0.895925 0.360396  0.289033 0.229701
0  4.634460 12.810105 22.311451  0.462240 0.821949 0.332766  0.288616 0.238230
0  2.419110 14.161185 20.515095  0.282891 0.952504 0.112733  0.295865 0.229918
chess_set_pieces_black
0  2.346345 13.667445 22.407391  0.259679 0.895925 0.360396  0.289033 0.229701
0  2.419110 14.161185 20.515095  0.282891 0.952504 0.112733  0.295865 0.229918
0  -0.006615 14.658030 20.573235  0.002822 0.991728 0.128330  0.296033 0.221387
chess_set_pieces_black
0  -0.002970 14.012731 22.463551  0.002364 0.925640 0.378397  0.289176 0.221403
0  2.346345 13.667445 22.407391  0.259679 0.895925 0.360396  0.289033 0.229701
0  -0.006615 14.658030 20.573235  0.002822 0.991728 0.128330  0.296033 0.221387
chess_set_pieces_black
0  -0.002970 14.012731 22.463551  0.002364 0.925640 0.378397  0.289176 0.221403
0  -0.006615 14.658030 20.573235  0.002822 0.991728 0.128330  0.296033 0.221387
0  -2.427120 14.182560 20.516174  -0.275965 0.954389 0.113954  0.295872 0.212894
chess_set_pieces_black
0  9.984105 5.714460 23.801624  0.894343 0.375119 0.243795  0.277979 0.269031
0  9.739125 3.558015 27.727966  0.880783 0.374763 0.289436  0.261710 0.273794
0  10.876860 3.375180 23.020245  0.947446 0.260946 0.185078  0.279316 0.278408
chess_set_pieces_black
0  9.739125 3.558015 27.727966  0.880783 0.374763 0.289436  0.261710 0.273794
0  9.984105 5.714460 23.801624  0.894343 0.375119 0.243795  0.277979 0.269031
0  8.693010 7.886295 24.593174  0.782009 0.527733 0.331603  0.276648 0.259446
chess_set_pieces_black
0  8.693010 7.886295 24.593174  0.782009 0.527733 0.331603  0.276648 0.259446
0  9.984105 5.714460 23.801624  0.894343 0.375119 0.243795  0.277979 0.269031
0  8.493885 9.571185 21.838095  0.789362 0.564569 0.241182  0.287672 0.255922
chess_set_pieces_black
0  8.693010 7.886295 24.593174  0.782009 0.527733 0.331603  0.276648 0.259446
0  8.493885 9.571185 21.838095  0.789362 0.564569 0.241182  0.287672 0.255922
0  6.713190 11.431935 22.131811  0.639350 0.708898 0.297818  0.288102 0.246917
chess_set_pieces_black
0  6.713190 11.431935 22.131811  0.639350 0.708898 0.297818  0.288102 0.246917
0  8.493885 9.571185 21.838095  0.789362 0.564569 0.241182  0.287672 0.255922
0  6.793965 11.821815 20.352554  0.654775 0.754391 0.046521  0.294420 0.247154
chess_set_pieces_black
0  6.713190 11.431935 22.131811  0.639350 0.708898 0.297818  0.288102 0.246917
0  6.793965 11.821815 20.352554  0.654775 0.754391 0.046521  0.294420 0.247154
0  4.709520 13.202100 20.448540  0.472322 0.877656 0.081433  0.295258 0.238547
chess_set_pieces_black
0  4.676040 13.064310 19.072081  0.432663 0.811507 -0.392758  0.300113 0.239262
0  4.709520 13.202100 20.448540  0.472322 0.877656 0.081433  0.295258 0.238547
0  6.793965 11.821815 20.352554  0.654775 0.754391 0.046521  0.294420 0.247154
chess_set_pieces_black
0  4.676040 13.064310 19.072081  0.432663 0.811507 -0.392758  0.300113 0.239262
0  2.441250 14.052510 19.073385  0.251530 0.869452 -0.425189  0.300997 0.230475
0  4.709520 13.202100 20.448540  0.472322 0.877656 0.081433  0.295258 0.238547
chess_set_pieces_black
0  2.441250 14.052510 19.073385  0.251530 0.869452 -0.425189  0.300997 0.230475
0  2.419110 14.161185 20.515095  0.282891 0.952504 0.112733  0.295865 0.229918
0  4.709520 13.202100 20.448540  0.472322 0.877656 0.081433  0.295258 0.238547
chess_set_pieces_black
0  2.441250 14.052510 19.073385  0.251530 0.869452 -0.425189  0.300997 0.230475
0  -0.009540 14.507054 18.965700  0.002208 0.892624 -0.450797  0.301811 0.221381
0  2.419110 14.161185 20.515095  0.282891 0.952504 0.112733  0.295865 0.229918
chess_set_pieces_black
0  -0.009540 14.507054 18.965700  0.002208 0.892624 -0.450797  0.301811 0.221381
0  -0.006615 14.658030 20.573235  0.002822 0.991728 0.128330  0.296033 0.221387
0  2.419110 14.161185 20.515095  0.282891 0.952504 0.112733  0.295865 0.229918
chess_set_pieces_black
0  -0.009540 14.507054 18.965700  0.002208 0.892624 -0.450797  0.301811 0.221381
0  -2.451690 14.061106 19.069874  -0.244590 0.869586 -0.428947  0.301019 0.212320
0  -0.006615 14.658030 20.573235  0.002822 0.991728 0.128330  0.296033 0.221387
chess_set_pieces_black
0  -2.451690 14.061106 19.069874  -0.244590 0.869586 -0.428947  0.301019 0.212320
0  -2.427120 14.182560 20.516174  -0.275965 0.954389 0.113954  0.295872 0.212894
0  -0.006615 14.658030 20.573235  0.002822 0.991728 0.128330  0.296033 0.221387
chess_set_pieces_black
0  -2.451690 14.061106 19.069874  -0.244590 0.869586 -0.428947  0.301019 0.212320
0  -4.693185 13.103504 19.056194  -0.431350 0.809646 -0.398008  0.300178 0.203554
0  -2.427120 14.182560 20.516174  -0.275965 0.954389 0.113954  0.295872 0.212894
chess_set_pieces_black
0  -4.693185 13.103504 19.056194  -0.431350 0.809646 -0.398008  0.300178 0.203554
0  -4.725585 13.242466 20.447775  -0.470973 0.878419 0.081025  0.295277 0.204282
0  -2.427120 14.182560 20.516174  -0.275965 0.954389 0.113954  0.295872 0.212894
chess_set_pieces_black
0  -4.693185 13.103504 19.056194  -0.431350 0.809646 -0.398008  0.300178 0.203554
0  -6.707430 11.647620 19.000980  -0.604788 0.704137 -0.372052  0.299129 0.194743
0  -4.725585 13.242466 20.447775  -0.470973 0.878419 0.081025  0.295277 0.204282
chess_set_pieces_black
0  -6.707430 11.647620 19.000980  -0.604788 0.704137 -0.372052  0.299129 0.194743
0  -6.814260 11.841525 20.352736  -0.659210 0.750724 0.043079  0.294420 0.195646
0  -4.725585 13.242466 20.447775  -0.470973 0.878419 0.081025  0.295277 0.204282
chess_set_pieces_black
0  -6.707430 11.647620 19.000980  -0.604788 0.704137 -0.372052  0.299129 0.194743
0  -8.382510 9.765090 18.916605  -0.740949 0.576943 -0.343702  0.297947 0.185904
0  -6.814260 11.841525 20.352736  -0.659210 0.750724 0.043079  0.294420 0.195646
chess_set_pieces_black
0  11.183311 2.507625 18.432495  0.905197 0.115314 -0.409049  0.294950 0.284245
0  10.652715 5.106060 18.617939  0.895811 0.278537 -0.346322  0.295775 0.275023
0  11.565495 2.483010 19.680704  0.974669 0.153612 -0.162551  0.290457 0.283835
chess_set_pieces_black
0  10.652715 5.106060 18.617939  0.895811 0.278537 -0.346322  0.295775 0.275023
0  10.829340 5.145075 19.864845  0.950591 0.304668 -0.059612  0.291432 0.274327
0  11.565495 2.483010 19.680704  0.974669 0.153612 -0.162551  0.290457 0.283835
chess_set_pieces_black
0  11.602216 2.131335 20.677996  0.982759 0.164270 0.084852  0.286856 0.284502
0  11.565495 2.483010 19.680704  0.974669 0.153612 -0.162551  0.290457 0.283835
0  10.829340 5.145075 19.864845  0.950591 0.304668 -0.059612  0.291432 0.274327
chess_set_pieces_black
0  10.854585 4.826250 21.000151  0.947890 0.283335 0.145694  0.287324 0.274722
0  11.602216 2.131335 20.677996  0.982759 0.164270 0.084852  0.286856 0.284502
0  10.829340 5.145075 19.864845  0.950591 0.304668 -0.059612  0.291432 0.274327
chess_set_pieces_black
0  11.530620 0.836235 22.438620  0.978998 0.153630 0.134016  0.280015 0.287943
0  11.602216 2.131335 20.677996  0.982759 0.164270 0.084852  0.286856 0.284502
0  10.854585 4.826250 21.000151  0.947890 0.283335 0.145694  0.287324 0.274722
chess_set_pieces_black
0  10.876860 3.375180 23.020245  0.947446 0.260946 0.185078  0.279316 0.278408
0  11.530620 0.836235 22.438620  0.978998 0.153630 0.134016  0.280015 0.287943
0  10.854585 4.826250 21.000151  0.947890 0.283335 0.145694  0.287324 0.274722
chess_set_pieces_black
0  10.876860 3.375180 23.020245  0.947446 0.260946 0.185078  0.279316 0.278408
0  10.854585 4.826250 21.000151  0.947890 0.283335 0.145694  0.287324 0.274722
0  9.884070 7.342605 21.426435  0.895799 0.405594 0.181761  0.287500 0.265183
chess_set_pieces_black
0  9.984105 5.714460 23.801624  0.894343 0.375119 0.243795  0.277979 0.269031
0  10.876860 3.375180 23.020245  0.947446 0.260946 0.185078  0.279316 0.278408
0  9.884070 7.342605 21.426435  0.895799 0.405594 0.181761  0.287500 0.265183
chess_set_pieces_black
0  9.984105 5.714460 23.801624  0.894343 0.375119 0.243795  0.277979 0.269031
0  9.884070 7.342605 21.426435  0.895799 0.405594 0.181761  0.287500 0.265183
0  8.493885 9.571185 21.838095  0.789362 0.564569 0.241182  0.287672 0.255922
chess_set_pieces_black
0  8.493885 9.571185 21.838095  0.789362 0.564569 0.241182  0.287672 0.255922
0  9.884070 7.342605 21.426435  0.895799 0.405594 0.181761  0.287500 0.265183
0  8.512515 9.911250 20.226690  0.798497 0.601883 0.011817  0.293403 0.255967
chess_set_pieces_black
0  8.493885 9.571185 21.838095  0.789362 0.564569 0.241182  0.287672 0.255922
0  8.512515 9.911250 20.226690  0.798497 0.601883 0.011817  0.293403 0.255967
0  6.793965 11.821815 20.352554  0.654775 0.754391 0.046521  0.294420 0.247154
chess_set_pieces_black
0  6.703020 11.642896 19.004490  0.602271 0.707164 -0.370390  0.299113 0.248053
0  6.793965 11.821815 20.352554  0.654775 0.754391 0.046521  0.294420 0.247154
0  8.512515 9.911250 20.226690  0.798497 0.601883 0.011817  0.293403 0.255967
chess_set_pieces_black
0  6.703020 11.642896 19.004490  0.602271 0.707164 -0.370390  0.299113 0.248053
0  4.676040 13.064310 19.072081  0.432663 0.811507 -0.392758  0.300113 0.239262
0  6.793965 11.821815 20.352554  0.654775 0.754391 0.046521  0.294420 0.247154
chess_set_pieces_black
0  10.652715 5.106060 18.617939  0.895811 0.278537 -0.346322  0.295775 0.275023
0  9.717976 7.568280 18.789434  0.840769 0.429384 -0.329754  0.296794 0.265848
0  10.829340 5.145075 19.864845  0.950591 0.304668 -0.059612  0.291432 0.274327
chess_set_pieces_black
0  9.717976 7.568280 18.789434  0.840769 0.429384 -0.329754  0.296794 0.265848
0  9.893970 7.684155 20.053755  0.896209 0.443251 -0.018391  0.292417 0.264976
0  10.829340 5.145075 19.864845  0.950591 0.304668 -0.059612  0.291432 0.274327
chess_set_pieces_black
0  10.854585 4.826250 21.000151  0.947890 0.283335 0.145694  0.287324 0.274722
0  10.829340 5.145075 19.864845  0.950591 0.304668 -0.059612  0.291432 0.274327
0  9.893970 7.684155 20.053755  0.896209 0.443251 -0.018391  0.292417 0.264976
chess_set_pieces_black
0  9.884070 7.342605 21.426435  0.895799 0.405594 0.181761  0.287500 0.265183
0  10.854585 4.826250 21.000151  0.947890 0.283335 0.145694  0.287324 0.274722
0  9.893970 7.684155 20.053755  0.896209 0.443251 -0.018391  0.292417 0.264976
chess_set_pieces_black
0  9.884070 7.342605 21.426435  0.895799 0.405594 0.181761  0.287500 0.265183
0  9.893970 7.684155 20.053755  0.896209 0.443251 -0.018391  0.292417 0.264976
0  8.512515 9.911250 20.226690  0.798497 0.601883 0.011817  0.293403 0.255967
chess_set_pieces_black
0  8.364690 9.751725 18.921555  0.741927 0.574532 -0.345626  0.297938 0.256888
0  8.512515 9.911250 20.226690  0.798497 0.601883 0.011817  0.293403 0.255967
0  9.893970 7.684155 20.053755  0.896209 0.443251 -0.018391  0.292417 0.264976
chess_set_pieces_black
0  8.364690 9.751725 18.921555  0.741927 0.574532 -0.345626  0.297938 0.256888
0  6.703020 11.642896 19.004490  0.602271 0.707164 -0.370390  0.299113 0.248053
0  8.512515 9.911250 20.226690  0.798497 0.601883 0.011817  0.293403 0.255967
chess_set_pieces_black
0  9.717976 7.568280 18.789434  0.840769 0.429384 -0.329754  0.296794 0.265848
0  8.364690 9.751725 18.921555  0.741927 0.574532 -0.345626  0.297938 0.256888
0  9.893970 7.684155 20.053755  0.896209 0.443251 -0.018391  0.292417 0.264976
chess_set_pieces_black
0  10.849635 -4.915170 30.228075  0.982869 -0.034772 0.180998  0.250221 0.305466
0  10.707840 -2.558430 30.511709  0.972612 0.117533 0.200527  0.249246 0.296872
0  10.045620 -5.727825 34.066936  0.973911 -0.096221 0.205521  0.236456 0.308989
chess_set_pieces_black
0  11.264265 -1.030185 26.405594  0.977078 0.139597 0.160723  0.264941 0.292503
0  10.707840 -2.558430 30.511709  0.972612 0.117533 0.200527  0.249246 0.296872
0  10.849635 -4.915170 30.228075  0.982869 -0.034772 0.180998  0.250221 0.305466
chess_set_pieces_black
0  11.557620 -3.579255 26.025616  0.991362 0.017011 0.130045  0.265464 0.301744
0  11.264265 -1.030185 26.405594  0.977078 0.139597 0.160723  0.264941 0.292503
0  10.849635 -4.915170 30.228075  0.982869 -0.034772 0.180998  0.250221 0.305466
chess_set_pieces_black
0  11.264265 -1.030185 26.405594  0.977078 0.139597 0.160723  0.264941 0.292503
0  11.557620 -3.579255 26.025616  0.991362 0.017011 0.130045  0.265464 0.301744
0  11.530620 0.836235 22.438620  0.978998 0.153630 0.134016  0.280015 0.287943
chess_set_pieces_black
0  11.557620 -3.579255 26.025616  0.991362 0.017011 0.130045  0.265464 0.301744
0  11.830545 -1.881225 22.023136  0.996054 0.042911 0.077682  0.280115 0.297652
0  11.530620 0.836235 22.438620  0.978998 0.153630 0.134016  0.280015 0.287943
chess_set_pieces_black
0  11.530620 0.836235 22.438620  0.978998 0.153630 0.134016  0.280015 0.287943
0  11.830545 -1.881225 22.023136  0.996054 0.042911 0.077682  0.280115 0.297652
0  11.602216 2.131335 20.677996  0.982759 0.164270 0.084852  0.286856 0.284502
chess_set_pieces_black
0  11.830545 -1.881225 22.023136  0.996054 0.042911 0.077682  0.280115 0.297652
0  11.847510 -0.741915 20.394135  0.998592 0.042962 -0.031118  0.286312 0.294564
0  11.602216 2.131335 20.677996  0.982759 0.164270 0.084852  0.286856 0.284502
chess_set_pieces_black
0  11.602216 2.131335 20.677996  0.982759 0.164270 0.084852  0.286856 0.284502
0  11.847510 -0.741915 20.394135  0.998592 0.042962 -0.031118  0.286312 0.294564
0  11.565495 2.483010 19.680704  0.974669 0.153612 -0.162551  0.290457 0.283835
chess_set_pieces_black
0  11.847510 -0.741915 20.394135  0.998592 0.042962 -0.031118  0.286312 0.294564
0  11.677051 -0.323055 19.480141  0.953982 0.020501 -0.299161  0.289725 0.293558
0  11.565495 2.483010 19.680704  0.974669 0.153612 -0.162551  0.290457 0.283835
chess_set_pieces_black
0  11.183311 2.507625 18.432495  0.905197 0.115314 -0.409049  0.294950 0.284245
0  11.565495 2.483010 19.680704  0.974669 0.153612 -0.162551  0.290457 0.283835
0  11.677051 -0.323055 19.480141  0.953982 0.020501 -0.299161  0.289725 0.293558
chess_set_pieces_black
0  11.130255 -0.171180 18.271034  0.881880 0.005168 -0.471446  0.294405 0.293589
0  11.183311 2.507625 18.432495  0.905197 0.115314 -0.409049  0.294950 0.284245
0  11.677051 -0.323055 19.480141  0.953982 0.020501 -0.299161  0.289725 0.293558
chess_set_pieces_black
0  -2.410200 4.208310 59.293396  -0.725810 0.240735 0.644396  0.897673 0.236232
0  -2.230830 7.189695 58.131989  -0.661903 0.612943 0.431492  0.894239 0.248877
0  -3.624480 5.683770 57.560490  -0.416287 0.464119 0.781856  0.902344 0.245689
chess_set_pieces_black
0  -1.744110 6.708555 60.599251  -0.616276 0.649765 0.444983  0.888737 0.241361
0  -2.230830 7.189695 58.131989  -0.661903 0.612943 0.431492  0.894239 0.248877
0  -2.458755 4.728420 60.381359  -0.940996 0.049030 0.334846  0.893059 0.236385
chess_set_pieces_black
0  -1.744110 6.708555 60.599251  -0.616276 0.649765 0.444983  0.888737 0.241361
0  0.014895 7.523145 61.004879  0.004974 0.855779 0.517318  0.883539 0.241851
0  -2.230830 7.189695 58.131989  -0.661903 0.612943 0.431492  0.894239 0.248877
chess_set_pieces_black
0  0.014895 7.523145 61.004879  0.004974 0.855779 0.517318  0.883539 0.241851
0  0.012150 8.214165 58.255291  0.004911 0.957582 0.288119  0.883504 0.252159
0  -2.230830 7.189695 58.131989  -0.661903 0.612943 0.431492  0.894239 0.248877
chess_set_pieces_black
0  0.014895 7.523145 61.004879  0.004974 0.855779 0.517318  0.883539 0.241851
0  1.745955 6.695460 60.582825  0.616024 0.651235 0.443180  0.878365 0.241368
0  0.012150 8.214165 58.255291  0.004911 0.957582 0.288119  0.883504 0.252159
chess_set_pieces_black
0  1.745955 6.695460 60.582825  0.616024 0.651235 0.443180  0.878365 0.241368
0  2.227365 7.146495 58.165424  0.666776 0.608127 0.430803  0.872881 0.248644
0  0.012150 8.214165 58.255291  0.004911 0.957582 0.288119  0.883504 0.252159
chess_set_pieces_black
0  1.745955 6.695460 60.582825  0.616024 0.651235 0.443180  0.878365 0.241368
0  1.553670 5.255505 61.575844  0.672576 0.249923 0.696549  0.878976 0.236382
0  2.227365 7.146495 58.165424  0.666776 0.608127 0.430803  0.872881 0.248644
chess_set_pieces_black
0  1.553670 5.255505 61.575844  0.672576 0.249923 0.696549  0.878976 0.236382
0  2.413800 4.802355 60.480000  0.943270 0.042748 0.329263  0.874484 0.236491
0  2.227365 7.146495 58.165424  0.666776 0.608127 0.430803  0.872881 0.248644
chess_set_pieces_black
0  1.553670 5.255505 61.575844  0.672576 0.249923 0.696549  0.878976 0.236382
0  1.158345 3.812445 61.732891  0.509165 -0.150163 0.847468  0.879566 0.231754
0  2.413800 4.802355 60.480000  0.943270 0.042748 0.329263  0.874484 0.236491
chess_set_pieces_black
0  1.158345 3.812445 61.732891  0.509165 -0.150163 0.847468  0.879566 0.231754
0  1.380555 3.410055 61.330051  0.740237 0.005168 0.672326  0.877816 0.230178
0  2.413800 4.802355 60.480000  0.943270 0.042748 0.329263  0.874484 0.236491
chess_set_pieces_black
0  1.158345 3.812445 61.732891  0.509165 -0.150163 0.847468  0.879566 0.231754
0  -0.002565 4.098915 62.218124  -0.000364 -0.144306 0.989533  0.883566 0.232504
0  1.380555 3.410055 61.330051  0.740237 0.005168 0.672326  0.877816 0.230178
chess_set_pieces_black
0  -0.002565 4.098915 62.218124  -0.000364 -0.144306 0.989533  0.883566 0.232504
0  0.000000 3.712545 61.848270  0.001028 0.107783 0.994174  0.883556 0.230659
0  1.380555 3.410055 61.330051  0.740237 0.005168 0.672326  0.877816 0.230178
chess_set_pieces_black
0  -0.002565 4.098915 62.218124  -0.000364 -0.144306 0.989533  0.883566 0.232504
0  -1.142325 3.789540 61.728031  -0.514956 -0.146818 0.844550  0.887529 0.231660
0  0.000000 3.712545 61.848270  0.001028 0.107783 0.994174  0.883556 0.230659
chess_set_pieces_black
0  -1.142325 3.789540 61.728031  -0.514956 -0.146818 0.844550  0.887529 0.231660
0  -1.386990 3.411315 61.335987  -0.733571 0.008851 0.679555  0.889284 0.230175
0  0.000000 3.712545 61.848270  0.001028 0.107783 0.994174  0.883556 0.230659
chess_set_pieces_black
0  -1.142325 3.789540 61.728031  -0.514956 -0.146818 0.844550  0.887529 0.231660
0  -1.567620 5.273640 61.579216  -0.678815 0.246541 0.691684  0.888162 0.236420
0  -1.386990 3.411315 61.335987  -0.733571 0.008851 0.679555  0.889284 0.230175
chess_set_pieces_black
0  -1.567620 5.273640 61.579216  -0.678815 0.246541 0.691684  0.888162 0.236420
0  -2.458755 4.728420 60.381359  -0.940996 0.049030 0.334846  0.893059 0.236385
0  -1.386990 3.411315 61.335987  -0.733571 0.008851 0.679555  0.889284 0.230175
chess_set_pieces_black
0  -1.567620 5.273640 61.579216  -0.678815 0.246541 0.691684  0.888162 0.236420
0  -1.744110 6.708555 60.599251  -0.616276 0.649765 0.444983  0.888737 0.241361
0  -2.458755 4.728420 60.381359  -0.940996 0.049030 0.334846  0.893059 0.236385
chess_set_pieces_black
0  0.014895 7.523145 61.004879  0.004964 0.855782 0.517313  0.883540 0.241846
0  -1.744110 6.708555 60.599251  -0.616276 0.649765 0.444983  0.888737 0.241361
0  -1.567620 5.273640 61.579216  -0.678815 0.246541 0.691684  0.888162 0.236420
chess_set_pieces_black
0  0.020295 5.716980 62.144684  0.002630 0.337258 0.941409  0.883520 0.236983
0  0.014895 7.523145 61.004879  0.004964 0.855782 0.517313  0.883540 0.241846
0  -1.567620 5.273640 61.579216  -0.678815 0.246541 0.691684  0.888162 0.236420
chess_set_pieces_black
0  0.014895 7.523145 61.004879  0.004964 0.855782 0.517313  0.883540 0.241846
0  0.020295 5.716980 62.144684  0.002630 0.337258 0.941409  0.883520 0.236983
0  1.745955 6.695460 60.582825  0.616024 0.651235 0.443180  0.878365 0.241368
chess_set_pieces_black
0  0.020295 5.716980 62.144684  0.002630 0.337258 0.941409  0.883520 0.236983
0  1.553670 5.255505 61.575844  0.672576 0.249923 0.696549  0.878976 0.236382
0  1.745955 6.695460 60.582825  0.616024 0.651235 0.443180  0.878365 0.241368
chess_set_pieces_black
0  0.020295 5.716980 62.144684  0.002630 0.337258 0.941409  0.883520 0.236983
0  -0.002565 4.098915 62.218124  -0.000364 -0.144306 0.989533  0.883566 0.232504
0  1.553670 5.255505 61.575844  0.672576 0.249923 0.696549  0.878976 0.236382
chess_set_pieces_black
0  -0.002565 4.098915 62.218124  -0.000364 -0.144306 0.989533  0.883566 0.232504
0  1.158345 3.812445 61.732891  0.509165 -0.150163 0.847468  0.879566 0.231754
0  1.553670 5.255505 61.575844  0.672576 0.249923 0.696549  0.878976 0.236382
chess_set_pieces_black
0  0.020295 5.716980 62.144684  0.002630 0.337258 0.941409  0.883520 0.236983
0  -1.567620 5.273640 61.579216  -0.678815 0.246541 0.691684  0.888162 0.236420
0  -1.142325 3.789540 61.728031  -0.514956 -0.146818 0.844550  0.887529 0.231660
chess_set_pieces_black
0  -0.002565 4.098915 62.218124  -0.000364 -0.144306 0.989533  0.883566 0.232504
0  0.020295 5.716980 62.144684  0.002630 0.337258 0.941409  0.883520 0.236983
0  -1.142325 3.789540 61.728031  -0.514956 -0.146818 0.844550  0.887529 0.231660
chess_set_pieces_black
0  0.002790 -2.381895 61.833870  0.008121 -0.303576 0.952772  0.883454 0.207967
0  0.006390 -5.091930 60.709366  0.007980 -0.441797 0.897079  0.883388 0.196250
0  1.364175 -2.207430 61.354126  0.611256 -0.244792 0.752624  0.877724 0.208227
chess_set_pieces_black
0  0.006390 -5.091930 60.709366  0.007980 -0.441797 0.897079  0.883388 0.196250
0  0.002790 -2.381895 61.833870  0.008121 -0.303576 0.952772  0.883454 0.207967
0  -1.197225 -4.887135 60.348782  -0.571337 -0.366159 0.734508  0.888733 0.196375
chess_set_pieces_black
0  0.002790 -2.381895 61.833870  0.008121 -0.303576 0.952772  0.883454 0.207967
0  -1.356615 -2.211525 61.379597  -0.603561 -0.245463 0.758592  0.889152 0.208194
0  -1.197225 -4.887135 60.348782  -0.571337 -0.366159 0.734508  0.888733 0.196375
chess_set_pieces_black
0  -1.356615 -2.211525 61.379597  -0.603561 -0.245463 0.758592  0.889152 0.208194
0  0.002790 -2.381895 61.833870  0.008121 -0.303576 0.952772  0.883454 0.207967
0  -1.504530 -0.151245 61.770554  -0.632143 -0.099940 0.768380  0.889469 0.216425
chess_set_pieces_black
0  0.002790 -2.381895 61.833870  0.008121 -0.303576 0.952772  0.883454 0.207967
0  -0.002565 -0.189180 62.293182  0.005405 -0.125545 0.992073  0.883489 0.216380
0  -1.504530 -0.151245 61.770554  -0.632143 -0.099940 0.768380  0.889469 0.216425
chess_set_pieces_black
0  -1.504530 -0.151245 61.770554  -0.632143 -0.099940 0.768380  0.889469 0.216425
0  -0.002565 -0.189180 62.293182  0.005405 -0.125545 0.992073  0.883489 0.216380
0  0.009810 1.732635 62.353577  0.003139 0.119162 0.992870  0.883532 0.223302
chess_set_pieces_black
0  1.544580 1.691145 61.814880  0.645646 0.106725 0.756142  0.877673 0.223284
0  0.009810 1.732635 62.353577  0.003139 0.119162 0.992870  0.883532 0.223302
0  -0.002565 -0.189180 62.293182  0.005405 -0.125545 0.992073  0.883489 0.216380
chess_set_pieces_black
0  0.009810 1.732635 62.353577  0.003139 0.119162 0.992870  0.883532 0.223302
0  1.544580 1.691145 61.814880  0.645646 0.106725 0.756142  0.877673 0.223284
0  1.380555 3.410055 61.330051  0.740237 0.005168 0.672326  0.877816 0.230178
chess_set_pieces_black
0  0.000000 3.712545 61.848270  0.001028 0.107783 0.994174  0.883556 0.230659
0  0.009810 1.732635 62.353577  0.003139 0.119162 0.992870  0.883532 0.223302
0  1.380555 3.410055 61.330051  0.740237 0.005168 0.672326  0.877816 0.230178
chess_set_pieces_black
0  0.009810 1.732635 62.353577  0.003139 0.119162 0.992870  0.883532 0.223302
0  0.000000 3.712545 61.848270  0.001028 0.107783 0.994174  0.883556 0.230659
0  -1.554660 1.695645 61.820820  -0.639040 0.108052 0.761546  0.889448 0.223339
chess_set_pieces_black
0  0.000000 3.712545 61.848270  0.001028 0.107783 0.994174  0.883556 0.230659
0  -1.386990 3.411315 61.335987  -0.733571 0.008851 0.679555  0.889284 0.230175
0  -1.554660 1.695645 61.820820  -0.639040 0.108052 0.761546  0.889448 0.223339
chess_set_pieces_black
0  -1.554660 1.695645 61.820820  -0.639040 0.108052 0.761546  0.889448 0.223339
0  -1.504530 -0.151245 61.770554  -0.632143 -0.099940 0.768380  0.889469 0.216425
0  0.009810 1.732635 62.353577  0.003139 0.119162 0.992870  0.883532 0.223302
chess_set_pieces_black
0  1.507995 -0.157770 61.753277  0.638554 -0.100942 0.762928  0.877498 0.216413
0  1.544580 1.691145 61.814880  0.645646 0.106725 0.756142  0.877673 0.223284
0  -0.002565 -0.189180 62.293182  0.005405 -0.125545 0.992073  0.883489 0.216380
chess_set_pieces_black
0  1.364175 -2.207430 61.354126  0.611256 -0.244792 0.752624  0.877724 0.208227
0  1.507995 -0.157770 61.753277  0.638554 -0.100942 0.762928  0.877498 0.216413
0  -0.002565 -0.189180 62.293182  0.005405 -0.125545 0.992073  0.883489 0.216380
chess_set_pieces_black
0  0.002790 -2.381895 61.833870  0.008121 -0.303576 0.952772  0.883454 0.207967
0  1.364175 -2.207430 61.354126  0.611256 -0.244792 0.752624  0.877724 0.208227
0  -0.002565 -0.189180 62.293182  0.005405 -0.125545 0.992073  0.883489 0.216380
chess_set_pieces_black
0  -1.197225 -4.887135 60.348782  -0.571337 -0.366159 0.734508  0.888733 0.196375
0  -1.195875 -7.704405 58.728821  -0.581922 -0.500485 0.641000  0.888666 0.182700
0  0.001125 -7.988940 59.048820  0.006794 -0.600653 0.799481  0.883334 0.182530
chess_set_pieces_black
0  0.006390 -5.091930 60.709366  0.007980 -0.441797 0.897079  0.883388 0.196250
0  -1.197225 -4.887135 60.348782  -0.571337 -0.366159 0.734508  0.888733 0.196375
0  0.001125 -7.988940 59.048820  0.006794 -0.600653 0.799481  0.883334 0.182530
chess_set_pieces_black
0  0.006390 -5.091930 60.709366  0.007980 -0.441797 0.897079  0.883388 0.196250
0  0.001125 -7.988940 59.048820  0.006794 -0.600653 0.799481  0.883334 0.182530
0  1.187595 -7.690905 58.723202  0.588783 -0.497087 0.637369  0.878029 0.182795
chess_set_pieces_black
0  1.198170 -4.876155 60.328571  0.580142 -0.363592 0.728860  0.878058 0.196434
0  0.006390 -5.091930 60.709366  0.007980 -0.441797 0.897079  0.883388 0.196250
0  1.187595 -7.690905 58.723202  0.588783 -0.497087 0.637369  0.878029 0.182795
chess_set_pieces_black
0  0.006390 -5.091930 60.709366  0.007980 -0.441797 0.897079  0.883388 0.196250
0  1.198170 -4.876155 60.328571  0.580142 -0.363592 0.728860  0.878058 0.196434
0  1.364175 -2.207430 61.354126  0.611256 -0.244792 0.752624  0.877724 0.208227
chess_set_pieces_black
0  1.198170 -4.876155 60.328571  0.580142 -0.363592 0.728860  0.878058 0.196434
0  2.064555 -4.476465 59.421509  0.862779 -0.242322 0.443726  0.872342 0.196380
0  1.364175 -2.207430 61.354126  0.611256 -0.244792 0.752624  0.877724 0.208227
chess_set_pieces_black
0  2.064555 -4.476465 59.421509  0.862779 -0.242322 0.443726  0.872342 0.196380
0  2.240370 -1.919835 60.124992  0.833014 -0.193015 0.518491  0.871207 0.208150
0  1.364175 -2.207430 61.354126  0.611256 -0.244792 0.752624  0.877724 0.208227
chess_set_pieces_black
0  1.364175 -2.207430 61.354126  0.611256 -0.244792 0.752624  0.877724 0.208227
0  2.240370 -1.919835 60.124992  0.833014 -0.193015 0.518491  0.871207 0.208150
0  1.507995 -0.157770 61.753277  0.638554 -0.100942 0.762928  0.877498 0.216413
chess_set_pieces_black
0  2.240370 -1.919835 60.124992  0.833014 -0.193015 0.518491  0.871207 0.208150
0  2.286450 0.120600 60.308414  0.814376 -0.096930 0.572186  0.870662 0.217217
0  1.507995 -0.157770 61.753277  0.638554 -0.100942 0.762928  0.877498 0.216413
chess_set_pieces_black
0  1.507995 -0.157770 61.753277  0.638554 -0.100942 0.762928  0.877498 0.216413
0  2.286450 0.120600 60.308414  0.814376 -0.096930 0.572186  0.870662 0.217217
0  1.544580 1.691145 61.814880  0.645646 0.106725 0.756142  0.877673 0.223284
chess_set_pieces_black
0  2.286450 0.120600 60.308414  0.814376 -0.096930 0.572186  0.870662 0.217217
0  2.246625 1.588815 60.359669  0.787032 0.087738 0.610641  0.871201 0.223574
0  1.544580 1.691145 61.814880  0.645646 0.106725 0.756142  0.877673 0.223284
chess_set_pieces_black
0  1.544580 1.691145 61.814880  0.645646 0.106725 0.756142  0.877673 0.223284
0  2.246625 1.588815 60.359669  0.787032 0.087738 0.610641  0.871201 0.223574
0  1.380555 3.410055 61.330051  0.740237 0.005168 0.672326  0.877816 0.230178
chess_set_pieces_black
0  2.246625 1.588815 60.359669  0.787032 0.087738 0.610641  0.871201 0.223574
0  2.127645 2.909025 60.043995  0.767750 0.113895 0.630546  0.871086 0.229627
0  1.380555 3.410055 61.330051  0.740237 0.005168 0.672326  0.877816 0.230178
chess_set_pieces_black
0  1.380555 3.410055 61.330051  0.740237 0.005168 0.672326  0.877816 0.230178
0  2.127645 2.909025 60.043995  0.767750 0.113895 0.630546  0.871086 0.229627
0  2.413800 4.802355 60.480000  0.943270 0.042748 0.329263  0.874484 0.236491
chess_set_pieces_black
0  2.127645 2.909025 60.043995  0.767750 0.113895 0.630546  0.871086 0.229627
0  2.373930 4.199040 59.297085  0.742282 0.230859 0.629064  0.869460 0.236152
0  2.413800 4.802355 60.480000  0.943270 0.042748 0.329263  0.874484 0.236491
chess_set_pieces_black
0  2.373930 4.199040 59.297085  0.742282 0.230859 0.629064  0.869460 0.236152
0  2.227365 7.146495 58.165424  0.666776 0.608127 0.430803  0.872881 0.248644
0  2.413800 4.802355 60.480000  0.943270 0.042748 0.329263  0.874484 0.236491
chess_set_pieces_black
0  2.373930 4.199040 59.297085  0.742282 0.230859 0.629064  0.869460 0.236152
0  3.604140 5.693085 57.541950  0.430227 0.454534 0.779938  0.864779 0.245782
0  2.227365 7.146495 58.165424  0.666776 0.608127 0.430803  0.872881 0.248644
chess_set_pieces_black
0  1.613160 -9.620865 55.609741  0.873992 -0.369521 0.315584  0.873335 0.167316
0  1.922400 -7.151130 57.952801  0.892509 -0.304915 0.332349  0.872824 0.182752
0  1.187595 -7.690905 58.723202  0.588783 -0.497087 0.637369  0.878029 0.182795
chess_set_pieces_black
0  1.187595 -7.690905 58.723202  0.588783 -0.497087 0.637369  0.878029 0.182795
0  1.922400 -7.151130 57.952801  0.892509 -0.304915 0.332349  0.872824 0.182752
0  2.064555 -4.476465 59.421509  0.862779 -0.242322 0.443726  0.872342 0.196380
chess_set_pieces_black
0  1.198170 -4.876155 60.328571  0.580142 -0.363592 0.728860  0.878058 0.196434
0  1.187595 -7.690905 58.723202  0.588783 -0.497087 0.637369  0.878029 0.182795
0  2.064555 -4.476465 59.421509  0.862779 -0.242322 0.443726  0.872342 0.196380
chess_set_pieces_black
0  -0.000090 -10.720756 56.401066  0.005598 -0.739185 0.673479  0.883231 0.166577
0  0.986265 -10.453589 56.218365  0.611492 -0.592812 0.524072  0.878729 0.166819
0  1.187595 -7.690905 58.723202  0.588783 -0.497087 0.637369  0.878029 0.182795
chess_set_pieces_black
0  0.001125 -7.988940 59.048820  0.006794 -0.600653 0.799481  0.883334 0.182530
0  -0.000090 -10.720756 56.401066  0.005598 -0.739185 0.673479  0.883231 0.166577
0  1.187595 -7.690905 58.723202  0.588783 -0.497087 0.637369  0.878029 0.182795
chess_set_pieces_black
0  -0.000090 -10.720756 56.401066  0.005598 -0.739185 0.673479  0.883231 0.166577
0  0.001125 -7.988940 59.048820  0.006794 -0.600653 0.799481  0.883334 0.182530
0  -0.990180 -10.459665 56.228897  -0.607470 -0.595720 0.525451  0.887737 0.166773
chess_set_pieces_black
0  0.001125 -7.988940 59.048820  0.006794 -0.600653 0.799481  0.883334 0.182530
0  -1.195875 -7.704405 58.728821  -0.581922 -0.500485 0.641000  0.888666 0.182700
0  -0.990180 -10.459665 56.228897  -0.607470 -0.595720 0.525451  0.887737 0.166773
chess_set_pieces_black
0  -0.990180 -10.459665 56.228897  -0.607470 -0.595720 0.525451  0.887737 0.166773
0  -1.195875 -7.704405 58.728821  -0.581922 -0.500485 0.641000  0.888666 0.182700
0  -1.944270 -7.155315 57.961304  -0.891460 -0.315284 0.325415  0.893922 0.182634
chess_set_pieces_black
0  -1.195875 -7.704405 58.728821  -0.581922 -0.500485 0.641000  0.888666 0.182700
0  -1.197225 -4.887135 60.348782  -0.571337 -0.366159 0.734508  0.888733 0.196375
0  -1.944270 -7.155315 57.961304  -0.891460 -0.315284 0.325415  0.893922 0.182634
chess_set_pieces_black
0  -1.197225 -4.887135 60.348782  -0.571337 -0.366159 0.734508  0.888733 0.196375
0  -2.093985 -4.476600 59.430283  -0.842259 -0.277882 0.461931  0.894588 0.196286
0  -1.944270 -7.155315 57.961304  -0.891460 -0.315284 0.325415  0.893922 0.182634
chess_set_pieces_black
0  -2.093985 -4.476600 59.430283  -0.842259 -0.277882 0.461931  0.894588 0.196286
0  -1.197225 -4.887135 60.348782  -0.571337 -0.366159 0.734508  0.888733 0.196375
0  -2.267145 -1.919655 60.135662  -0.801340 -0.200456 0.563623  0.895818 0.208069
chess_set_pieces_black
0  -1.197225 -4.887135 60.348782  -0.571337 -0.366159 0.734508  0.888733 0.196375
0  -1.356615 -2.211525 61.379597  -0.603561 -0.245463 0.758592  0.889152 0.208194
0  -2.267145 -1.919655 60.135662  -0.801340 -0.200456 0.563623  0.895818 0.208069
chess_set_pieces_black
0  -2.267145 -1.919655 60.135662  -0.801340 -0.200456 0.563623  0.895818 0.208069
0  -1.356615 -2.211525 61.379597  -0.603561 -0.245463 0.758592  0.889152 0.208194
0  -2.316195 0.121635 60.314175  -0.791168 -0.087667 0.605283  0.896457 0.217168
chess_set_pieces_black
0  -1.356615 -2.211525 61.379597  -0.603561 -0.245463 0.758592  0.889152 0.208194
0  -1.504530 -0.151245 61.770554  -0.632143 -0.099940 0.768380  0.889469 0.216425
0  -2.316195 0.121635 60.314175  -0.791168 -0.087667 0.605283  0.896457 0.217168
chess_set_pieces_black
0  -2.316195 0.121635 60.314175  -0.791168 -0.087667 0.605283  0.896457 0.217168
0  -1.504530 -0.151245 61.770554  -0.632143 -0.099940 0.768380  0.889469 0.216425
0  -2.272950 1.588725 60.362282  -0.783269 0.102274 0.613212  0.895962 0.223578
chess_set_pieces_black
0  -1.504530 -0.151245 61.770554  -0.632143 -0.099940 0.768380  0.889469 0.216425
0  -1.554660 1.695645 61.820820  -0.639040 0.108052 0.761546  0.889448 0.223339
0  -2.272950 1.588725 60.362282  -0.783269 0.102274 0.613212  0.895962 0.223578
chess_set_pieces_black
0  -2.272950 1.588725 60.362282  -0.783269 0.102274 0.613212  0.895962 0.223578
0  -1.554660 1.695645 61.820820  -0.639040 0.108052 0.761546  0.889448 0.223339
0  -2.152800 2.929095 60.045525  -0.765397 0.107390 0.634536  0.896053 0.229735
chess_set_pieces_black
0  -1.554660 1.695645 61.820820  -0.639040 0.108052 0.761546  0.889448 0.223339
0  -1.386990 3.411315 61.335987  -0.733571 0.008851 0.679555  0.889284 0.230175
0  -2.152800 2.929095 60.045525  -0.765397 0.107390 0.634536  0.896053 0.229735
chess_set_pieces_black
0  -2.152800 2.929095 60.045525  -0.765397 0.107390 0.634536  0.896053 0.229735
0  -1.386990 3.411315 61.335987  -0.733571 0.008851 0.679555  0.889284 0.230175
0  -2.410200 4.208310 59.293396  -0.725810 0.240735 0.644396  0.897673 0.236232
chess_set_pieces_black
0  -1.386990 3.411315 61.335987  -0.733571 0.008851 0.679555  0.889284 0.230175
0  -2.458755 4.728420 60.381359  -0.940996 0.049030 0.334846  0.893059 0.236385
0  -2.410200 4.208310 59.293396  -0.725810 0.240735 0.644396  0.897673 0.236232
chess_set_pieces_black
0  -2.410200 4.208310 59.293396  -0.725810 0.240735 0.644396  0.897673 0.236232
0  -2.458755 4.728420 60.381359  -0.940996 0.049030 0.334846  0.893059 0.236385
0  -2.230830 7.189695 58.131989  -0.661903 0.612943 0.431492  0.894239 0.248877
chess_set_pieces_black
0  -1.620810 -9.611640 55.618969  -0.882096 -0.354593 0.310113  0.893195 0.167234
0  -0.990180 -10.459665 56.228897  -0.607470 -0.595720 0.525451  0.887737 0.166773
0  -1.944270 -7.155315 57.961304  -0.891460 -0.315284 0.325415  0.893922 0.182634
chess_set_pieces_black
0  -0.990180 -10.459665 56.228897  -0.607470 -0.595720 0.525451  0.887737 0.166773
0  -1.620810 -9.611640 55.618969  -0.882096 -0.354593 0.310113  0.893195 0.167234
0  -0.943110 -12.480255 53.576279  -0.590520 -0.650423 0.477741  0.887600 0.152084
chess_set_pieces_black
0  -1.620810 -9.611640 55.618969  -0.882096 -0.354593 0.310113  0.893195 0.167234
0  -1.777860 -11.781135 52.873962  -0.847815 -0.403457 0.344140  0.893382 0.151286
0  -0.943110 -12.480255 53.576279  -0.590520 -0.650423 0.477741  0.887600 0.152084
chess_set_pieces_black
0  -1.777860 -11.781135 52.873962  -0.847815 -0.403457 0.344140  0.893382 0.151286
0  -2.045340 -13.602691 49.992298  -0.847209 -0.451050 0.280697  0.894137 0.135836
0  -0.943110 -12.480255 53.576279  -0.590520 -0.650423 0.477741  0.887600 0.152084
chess_set_pieces_black
0  0.002385 -12.787155 53.715736  0.004564 -0.819651 0.572845  0.883117 0.151831
0  -0.000090 -10.720756 56.401066  0.005598 -0.739185 0.673479  0.883231 0.166577
0  -0.990180 -10.459665 56.228897  -0.607470 -0.595720 0.525451  0.887737 0.166773
chess_set_pieces_black
0  -0.943110 -12.480255 53.576279  -0.590520 -0.650423 0.477741  0.887600 0.152084
0  0.002385 -12.787155 53.715736  0.004564 -0.819651 0.572845  0.883117 0.151831
0  -0.990180 -10.459665 56.228897  -0.607470 -0.595720 0.525451  0.887737 0.166773
chess_set_pieces_black
0  -0.943110 -12.480255 53.576279  -0.590520 -0.650423 0.477741  0.887600 0.152084
0  -1.305045 -14.391404 50.387131  -0.558709 -0.722150 0.407853  0.889055 0.135704
0  0.002385 -12.787155 53.715736  0.004564 -0.819651 0.572845  0.883117 0.151831
chess_set_pieces_black
0  -2.045340 -13.602691 49.992298  -0.847209 -0.451050 0.280697  0.894137 0.135836
0  -1.305045 -14.391404 50.387131  -0.558709 -0.722150 0.407853  0.889055 0.135704
0  -0.943110 -12.480255 53.576279  -0.590520 -0.650423 0.477741  0.887600 0.152084
chess_set_pieces_black
0  -1.381950 -15.859620 47.109150  -0.539363 -0.784794 0.305263  0.889339 0.120005
0  -1.305045 -14.391404 50.387131  -0.558709 -0.722150 0.407853  0.889055 0.135704
0  -2.045340 -13.602691 49.992298  -0.847209 -0.451050 0.280697  0.894137 0.135836
chess_set_pieces_black
0  -2.106045 -14.961870 46.798378  -0.852519 -0.486580 0.190922  0.894694 0.120171
0  -1.381950 -15.859620 47.109150  -0.539363 -0.784794 0.305263  0.889339 0.120005
0  -2.045340 -13.602691 49.992298  -0.847209 -0.451050 0.280697  0.894137 0.135836
chess_set_pieces_black
0  -2.106045 -14.961870 46.798378  -0.852519 -0.486580 0.190922  0.894694 0.120171
0  -2.043540 -16.464600 42.843018  -0.831801 -0.542008 0.119728  0.893710 0.100981
0  -1.381950 -15.859620 47.109150  -0.539363 -0.784794 0.305263  0.889339 0.120005
chess_set_pieces_black
0  0.936675 -12.467654 53.576775  0.596614 -0.646283 0.475783  0.878669 0.152181
0  0.986265 -10.453589 56.218365  0.611492 -0.592812 0.524072  0.878729 0.166819
0  -0.000090 -10.720756 56.401066  0.005598 -0.739185 0.673479  0.883231 0.166577
chess_set_pieces_black
0  0.002385 -12.787155 53.715736  0.004564 -0.819651 0.572845  0.883117 0.151831
0  0.936675 -12.467654 53.576775  0.596614 -0.646283 0.475783  0.878669 0.152181
0  -0.000090 -10.720756 56.401066  0.005598 -0.739185 0.673479  0.883231 0.166577
chess_set_pieces_black
0  0.936675 -12.467654 53.576775  0.596614 -0.646283 0.475783  0.878669 0.152181
0  0.002385 -12.787155 53.715736  0.004564 -0.819651 0.572845  0.883117 0.151831
0  0.016425 -14.833665 50.593456  0.002354 -0.880300 0.474412  0.882944 0.135619
chess_set_pieces_black
0  -1.305045 -14.391404 50.387131  -0.558709 -0.722150 0.407853  0.889055 0.135704
0  0.016425 -14.833665 50.593456  0.002354 -0.880300 0.474412  0.882944 0.135619
0  0.002385 -12.787155 53.715736  0.004564 -0.819651 0.572845  0.883117 0.151831
chess_set_pieces_black
0  0.017955 -16.308990 47.240326  -0.001432 -0.931349 0.364126  0.882814 0.119859
0  0.016425 -14.833665 50.593456  0.002354 -0.880300 0.474412  0.882944 0.135619
0  -1.305045 -14.391404 50.387131  -0.558709 -0.722150 0.407853  0.889055 0.135704
chess_set_pieces_black
0  -1.381950 -15.859620 47.109150  -0.539363 -0.784794 0.305263  0.889339 0.120005
0  0.017955 -16.308990 47.240326  -0.001432 -0.931349 0.364126  0.882814 0.119859
0  -1.305045 -14.391404 50.387131  -0.558709 -0.722150 0.407853  0.889055 0.135704
chess_set_pieces_black
0  -1.381950 -15.859620 47.109150  -0.539363 -0.784794 0.305263  0.889339 0.120005
0  -1.127925 -17.427780 42.933826  -0.499339 -0.849787 0.168888  0.887802 0.100541
0  0.017955 -16.308990 47.240326  -0.001432 -0.931349 0.364126  0.882814 0.119859
chess_set_pieces_black
0  -2.043540 -16.464600 42.843018  -0.831801 -0.542008 0.119728  0.893710 0.100981
0  -1.127925 -17.427780 42.933826  -0.499339 -0.849787 0.168888  0.887802 0.100541
0  -1.381950 -15.859620 47.109150  -0.539363 -0.784794 0.305263  0.889339 0.120005
chess_set_pieces_black
0  -1.127925 -17.427780 42.933826  -0.499339 -0.849787 0.168888  0.887802 0.100541
0  -2.043540 -16.464600 42.843018  -0.831801 -0.542008 0.119728  0.893710 0.100981
0  -1.161900 -17.823780 37.706581  -0.439037 -0.898365 0.013695  0.887869 0.077394
chess_set_pieces_black
0  -2.043540 -16.464600 42.843018  -0.831801 -0.542008 0.119728  0.893710 0.100981
0  -2.104425 -17.090055 37.740376  -0.791628 -0.609406 0.044146  0.893306 0.077599
0  -1.161900 -17.823780 37.706581  -0.439037 -0.898365 0.013695  0.887869 0.077394
chess_set_pieces_black
0  -1.161900 -17.823780 37.706581  -0.439037 -0.898365 0.013695  0.887869 0.077394
0  -2.104425 -17.090055 37.740376  -0.791628 -0.609406 0.044146  0.893306 0.077599
0  -2.593170 -16.429230 31.851721  -0.698339 -0.715678 -0.011257  0.896180 0.050439
chess_set_pieces_black
0  -1.543635 -17.507790 31.502251  -0.375992 -0.917980 -0.126265  0.889207 0.049479
0  -1.161900 -17.823780 37.706581  -0.439037 -0.898365 0.013695  0.887869 0.077394
0  -2.593170 -16.429230 31.851721  -0.698339 -0.715678 -0.011257  0.896180 0.050439
chess_set_pieces_black
0  -1.543635 -17.507790 31.502251  -0.375992 -0.917980 -0.126265  0.889207 0.049479
0  -2.593170 -16.429230 31.851721  -0.698339 -0.715678 -0.011257  0.896180 0.050439
0  -3.202650 -15.675436 27.201330  -0.516017 -0.848836 -0.114905  0.897449 0.028351
chess_set_pieces_black
0  -1.542420 -16.110001 26.582624  -0.256688 -0.927198 -0.272791  0.889173 0.026193
0  -1.543635 -17.507790 31.502251  -0.375992 -0.917980 -0.126265  0.889207 0.049479
0  -3.202650 -15.675436 27.201330  -0.516017 -0.848836 -0.114905  0.897449 0.028351
chess_set_pieces_black
0  -3.202650 -15.675436 27.201330  -0.516017 -0.848836 -0.114905  0.897449 0.028351
0  -4.411935 -14.141880 23.153942  -0.387708 -0.889977 -0.240049  0.902969 0.007915
0  -2.287260 -14.475195 22.357889  -0.183719 -0.914421 -0.360667  0.892558 0.004958
chess_set_pieces_black
0  -1.542420 -16.110001 26.582624  -0.256688 -0.927198 -0.272791  0.889173 0.026193
0  -3.202650 -15.675436 27.201330  -0.516017 -0.848836 -0.114905  0.897449 0.028351
0  -2.287260 -14.475195 22.357889  -0.183719 -0.914421 -0.360667  0.892558 0.004958
chess_set_pieces_black
0  -1.542420 -16.110001 26.582624  -0.256688 -0.927198 -0.272791  0.889173 0.026193
0  -2.287260 -14.475195 22.357889  -0.183719 -0.914421 -0.360667  0.892558 0.004958
0  -0.000405 -16.200991 26.464951  0.006606 -0.949335 -0.314195  0.881969 0.025870
chess_set_pieces_black
0  -1.543635 -17.507790 31.502251  -0.375992 -0.917980 -0.126265  0.889207 0.049479
0  -1.542420 -16.110001 26.582624  -0.256688 -0.927198 -0.272791  0.889173 0.026193
0  -0.000405 -16.200991 26.464951  0.006606 -0.949335 -0.314195  0.881969 0.025870
chess_set_pieces_black
0  -0.004590 -17.639866 31.136356  0.018167 -0.986829 -0.160742  0.882237 0.048024
0  -1.543635 -17.507790 31.502251  -0.375992 -0.917980 -0.126265  0.889207 0.049479
0  -0.000405 -16.200991 26.464951  0.006606 -0.949335 -0.314195  0.881969 0.025870
chess_set_pieces_black
0  -1.543635 -17.507790 31.502251  -0.375992 -0.917980 -0.126265  0.889207 0.049479
0  -0.004590 -17.639866 31.136356  0.018167 -0.986829 -0.160742  0.882237 0.048024
0  -1.161900 -17.823780 37.706581  -0.439037 -0.898365 0.013695  0.887869 0.077394
chess_set_pieces_black
0  -0.004590 -17.639866 31.136356  0.018167 -0.986829 -0.160742  0.882237 0.048024
0  0.000495 -18.043695 37.678230  0.018029 -0.999831 -0.003497  0.882503 0.077298
0  -1.161900 -17.823780 37.706581  -0.439037 -0.898365 0.013695  0.887869 0.077394
chess_set_pieces_black
0  -1.161900 -17.823780 37.706581  -0.439037 -0.898365 0.013695  0.887869 0.077394
0  0.000495 -18.043695 37.678230  0.018029 -0.999831 -0.003497  0.882503 0.077298
0  -1.127925 -17.427780 42.933826  -0.499339 -0.849787 0.168888  0.887802 0.100541
chess_set_pieces_black
0  0.000495 -18.043695 37.678230  0.018029 -0.999831 -0.003497  0.882503 0.077298
0  -0.001665 -17.714834 42.936390  0.003673 -0.981281 0.192548  0.882746 0.100333
0  -1.127925 -17.427780 42.933826  -0.499339 -0.849787 0.168888  0.887802 0.100541
chess_set_pieces_black
0  -1.127925 -17.427780 42.933826  -0.499339 -0.849787 0.168888  0.887802 0.100541
0  -0.001665 -17.714834 42.936390  0.003673 -0.981281 0.192548  0.882746 0.100333
0  0.017955 -16.308990 47.240326  -0.001432 -0.931349 0.364126  0.882814 0.119859
chess_set_pieces_black
0  1.371600 -15.859079 47.115360  0.545775 -0.780580 0.304671  0.876481 0.120128
0  0.017955 -16.308990 47.240326  -0.001432 -0.931349 0.364126  0.882814 0.119859
0  -0.001665 -17.714834 42.936390  0.003673 -0.981281 0.192548  0.882746 0.100333
chess_set_pieces_black
0  0.017955 -16.308990 47.240326  -0.001432 -0.931349 0.364126  0.882814 0.119859
0  1.371600 -15.859079 47.115360  0.545775 -0.780580 0.304671  0.876481 0.120128
0  0.016425 -14.833665 50.593456  0.002354 -0.880300 0.474412  0.882944 0.135619
chess_set_pieces_black
0  1.371600 -15.859079 47.115360  0.545775 -0.780580 0.304671  0.876481 0.120128
0  1.303290 -14.385195 50.382946  0.567537 -0.715852 0.406764  0.876965 0.135793
0  0.016425 -14.833665 50.593456  0.002354 -0.880300 0.474412  0.882944 0.135619
chess_set_pieces_black
0  1.303290 -14.385195 50.382946  0.567537 -0.715852 0.406764  0.876965 0.135793
0  0.936675 -12.467654 53.576775  0.596614 -0.646283 0.475783  0.878669 0.152181
0  0.016425 -14.833665 50.593456  0.002354 -0.880300 0.474412  0.882944 0.135619
chess_set_pieces_black
0  1.766565 -11.768400 52.878689  0.837266 -0.419206 0.351073  0.872899 0.151485
0  0.936675 -12.467654 53.576775  0.596614 -0.646283 0.475783  0.878669 0.152181
0  1.303290 -14.385195 50.382946  0.567537 -0.715852 0.406764  0.876965 0.135793
chess_set_pieces_black
0  0.986265 -10.453589 56.218365  0.611492 -0.592812 0.524072  0.878729 0.166819
0  0.936675 -12.467654 53.576775  0.596614 -0.646283 0.475783  0.878669 0.152181
0  1.766565 -11.768400 52.878689  0.837266 -0.419206 0.351073  0.872899 0.151485
chess_set_pieces_black
0  1.613160 -9.620865 55.609741  0.873992 -0.369521 0.315584  0.873335 0.167316
0  0.986265 -10.453589 56.218365  0.611492 -0.592812 0.524072  0.878729 0.166819
0  1.766565 -11.768400 52.878689  0.837266 -0.419206 0.351073  0.872899 0.151485
chess_set_pieces_black
0  0.986265 -10.453589 56.218365  0.611492 -0.592812 0.524072  0.878729 0.166819
0  1.613160 -9.620865 55.609741  0.873992 -0.369521 0.315584  0.873335 0.167316
0  1.187595 -7.690905 58.723202  0.588783 -0.497087 0.637369  0.878029 0.182795
chess_set_pieces_black
0  -0.004590 -17.639866 31.136356  0.018167 -0.986829 -0.160742  0.882237 0.048024
0  1.564470 -17.446230 31.543741  0.388091 -0.913523 -0.121904  0.875121 0.049764
0  0.000495 -18.043695 37.678230  0.018029 -0.999831 -0.003497  0.882503 0.077298
chess_set_pieces_black
0  1.564470 -17.446230 31.543741  0.388091 -0.913523 -0.121904  0.875121 0.049764
0  -0.004590 -17.639866 31.136356  0.018167 -0.986829 -0.160742  0.882237 0.048024
0  1.544265 -16.104464 26.586315  0.261560 -0.926776 -0.269579  0.874762 0.026366
chess_set_pieces_black
0  -0.004590 -17.639866 31.136356  0.018167 -0.986829 -0.160742  0.882237 0.048024
0  -0.000405 -16.200991 26.464951  0.006606 -0.949335 -0.314195  0.881969 0.025870
0  1.544265 -16.104464 26.586315  0.261560 -0.926776 -0.269579  0.874762 0.026366
chess_set_pieces_black
0  2.037690 -13.592745 49.983162  0.836032 -0.465472 0.290493  0.871883 0.135993
0  1.766565 -11.768400 52.878689  0.837266 -0.419206 0.351073  0.872899 0.151485
0  1.303290 -14.385195 50.382946  0.567537 -0.715852 0.406764  0.876965 0.135793
chess_set_pieces_black
0  2.106810 -14.959484 46.804501  0.845747 -0.497051 0.194041  0.871093 0.120386
0  2.037690 -13.592745 49.983162  0.836032 -0.465472 0.290493  0.871883 0.135993
0  1.303290 -14.385195 50.382946  0.567537 -0.715852 0.406764  0.876965 0.135793
chess_set_pieces_black
0  1.371600 -15.859079 47.115360  0.545775 -0.780580 0.304671  0.876481 0.120128
0  2.106810 -14.959484 46.804501  0.845747 -0.497051 0.194041  0.871093 0.120386
0  1.303290 -14.385195 50.382946  0.567537 -0.715852 0.406764  0.876965 0.135793
chess_set_pieces_black
0  2.106810 -14.959484 46.804501  0.845747 -0.497051 0.194041  0.871093 0.120386
0  1.371600 -15.859079 47.115360  0.545775 -0.780580 0.304671  0.876481 0.120128
0  1.131030 -17.445826 42.931709  0.509172 -0.845143 0.162717  0.877694 0.100606
chess_set_pieces_black
0  1.131030 -17.445826 42.931709  0.509172 -0.845143 0.162717  0.877694 0.100606
0  1.371600 -15.859079 47.115360  0.545775 -0.780580 0.304671  0.876481 0.120128
0  -0.001665 -17.714834 42.936390  0.003673 -0.981281 0.192548  0.882746 0.100333
chess_set_pieces_black
0  1.132650 -17.759251 37.705994  0.454537 -0.890662 0.010819  0.877212 0.077500
0  1.131030 -17.445826 42.931709  0.509172 -0.845143 0.162717  0.877694 0.100606
0  -0.001665 -17.714834 42.936390  0.003673 -0.981281 0.192548  0.882746 0.100333
chess_set_pieces_black
0  0.000495 -18.043695 37.678230  0.018029 -0.999831 -0.003497  0.882503 0.077298
0  1.132650 -17.759251 37.705994  0.454537 -0.890662 0.010819  0.877212 0.077500
0  -0.001665 -17.714834 42.936390  0.003673 -0.981281 0.192548  0.882746 0.100333
chess_set_pieces_black
0  1.564470 -17.446230 31.543741  0.388091 -0.913523 -0.121904  0.875121 0.049764
0  1.132650 -17.759251 37.705994  0.454537 -0.890662 0.010819  0.877212 0.077500
0  0.000495 -18.043695 37.678230  0.018029 -0.999831 -0.003497  0.882503 0.077298
chess_set_pieces_black
0  1.132650 -17.759251 37.705994  0.454537 -0.890662 0.010819  0.877212 0.077500
0  1.564470 -17.446230 31.543741  0.388091 -0.913523 -0.121904  0.875121 0.049764
0  2.052810 -17.046539 37.738708  0.781313 -0.623121 0.035634  0.871910 0.077789
chess_set_pieces_black
0  1.564470 -17.446230 31.543741  0.388091 -0.913523 -0.121904  0.875121 0.049764
0  2.553570 -16.406460 31.848480  0.691601 -0.721888 -0.023767  0.868505 0.050705
0  2.052810 -17.046539 37.738708  0.781313 -0.623121 0.035634  0.871910 0.077789
chess_set_pieces_black
0  1.564470 -17.446230 31.543741  0.388091 -0.913523 -0.121904  0.875121 0.049764
0  1.544265 -16.104464 26.586315  0.261560 -0.926776 -0.269579  0.874762 0.026366
0  2.553570 -16.406460 31.848480  0.691601 -0.721888 -0.023767  0.868505 0.050705
chess_set_pieces_black
0  1.544265 -16.104464 26.586315  0.261560 -0.926776 -0.269579  0.874762 0.026366
0  3.185865 -15.660585 27.205648  0.504713 -0.853183 -0.131693  0.866615 0.028708
0  2.553570 -16.406460 31.848480  0.691601 -0.721888 -0.023767  0.868505 0.050705
chess_set_pieces_black
0  3.185865 -15.660585 27.205648  0.504713 -0.853183 -0.131693  0.866615 0.028708
0  1.544265 -16.104464 26.586315  0.261560 -0.926776 -0.269579  0.874762 0.026366
0  4.410180 -14.135310 23.156731  0.372418 -0.892764 -0.253528  0.860560 0.008420
chess_set_pieces_black
0  1.544265 -16.104464 26.586315  0.261560 -0.926776 -0.269579  0.874762 0.026366
0  2.287125 -14.469525 22.363201  0.185232 -0.914845 -0.358816  0.870889 0.005229
0  4.410180 -14.135310 23.156731  0.372418 -0.892764 -0.253528  0.860560 0.008420
chess_set_pieces_black
0  -0.000180 -14.613480 22.076731  0.001213 -0.919763 -0.392473  0.881713 0.004034
0  2.287125 -14.469525 22.363201  0.185232 -0.914845 -0.358816  0.870889 0.005229
0  1.544265 -16.104464 26.586315  0.261560 -0.926776 -0.269579  0.874762 0.026366
chess_set_pieces_black
0  -0.000405 -16.200991 26.464951  0.006606 -0.949335 -0.314195  0.881969 0.025870
0  -0.000180 -14.613480 22.076731  0.001213 -0.919763 -0.392473  0.881713 0.004034
0  1.544265 -16.104464 26.586315  0.261560 -0.926776 -0.269579  0.874762 0.026366
chess_set_pieces_black
0  -2.287260 -14.475195 22.357889  -0.183719 -0.914421 -0.360667  0.892558 0.004958
0  -0.000180 -14.613480 22.076731  0.001213 -0.919763 -0.392473  0.881713 0.004034
0  -0.000405 -16.200991 26.464951  0.006606 -0.949335 -0.314195  0.881969 0.025870
chess_set_pieces_black
0  1.131030 -17.445826 42.931709  0.509172 -0.845143 0.162717  0.877694 0.100606
0  1.132650 -17.759251 37.705994  0.454537 -0.890662 0.010819  0.877212 0.077500
0  2.052810 -17.046539 37.738708  0.781313 -0.623121 0.035634  0.871910 0.077789
chess_set_pieces_black
0  2.043990 -16.452404 42.840900  0.823118 -0.556219 0.114440  0.871714 0.101157
0  1.131030 -17.445826 42.931709  0.509172 -0.845143 0.162717  0.877694 0.100606
0  2.052810 -17.046539 37.738708  0.781313 -0.623121 0.035634  0.871910 0.077789
chess_set_pieces_black
0  2.043990 -16.452404 42.840900  0.823118 -0.556219 0.114440  0.871714 0.101157
0  2.106810 -14.959484 46.804501  0.845747 -0.497051 0.194041  0.871093 0.120386
0  1.131030 -17.445826 42.931709  0.509172 -0.845143 0.162717  0.877694 0.100606
chess_set_pieces_black
0  -15.715080 5.340015 7.769880  -0.938300 0.301650 0.169115  0.134877 0.131935
0  -14.328674 8.502030 7.772085  -0.858099 0.486509 0.164241  0.131557 0.145800
0  -14.203620 8.361945 6.386490  -0.816289 0.460174 -0.349159  0.137261 0.146777
chess_set_pieces_black
0  -15.565769 5.221890 6.397110  -0.893498 0.285924 -0.346280  0.140558 0.133100
0  -15.715080 5.340015 7.769880  -0.938300 0.301650 0.169115  0.134877 0.131935
0  -14.203620 8.361945 6.386490  -0.816289 0.460174 -0.349159  0.137261 0.146777
chess_set_pieces_black
0  -16.433146 1.956150 7.766955  -0.978008 0.112058 0.175905  0.138747 0.118015
0  -15.715080 5.340015 7.769880  -0.938300 0.301650 0.169115  0.134877 0.131935
0  -15.565769 5.221890 6.397110  -0.893498 0.285924 -0.346280  0.140558 0.133100
chess_set_pieces_black
0  -16.269615 1.870830 6.401700  -0.929380 0.102721 -0.354544  0.144416 0.119396
0  -16.433146 1.956150 7.766955  -0.978008 0.112058 0.175905  0.138747 0.118015
0  -15.565769 5.221890 6.397110  -0.893498 0.285924 -0.346280  0.140558 0.133100
chess_set_pieces_black
0  -16.525709 -1.504350 7.778115  -0.979758 -0.090042 0.178792  0.143100 0.104159
0  -16.433146 1.956150 7.766955  -0.978008 0.112058 0.175905  0.138747 0.118015
0  -16.269615 1.870830 6.401700  -0.929380 0.102721 -0.354544  0.144416 0.119396
chess_set_pieces_black
0  -16.299675 -1.548360 6.392385  -0.923766 -0.090920 -0.372007  0.148832 0.105789
0  -16.525709 -1.504350 7.778115  -0.979758 -0.090042 0.178792  0.143100 0.104159
0  -16.269615 1.870830 6.401700  -0.929380 0.102721 -0.354544  0.144416 0.119396
chess_set_pieces_black
0  -15.824610 -4.909680 7.780140  -0.935644 -0.305170 0.177317  0.148062 0.090357
0  -16.525709 -1.504350 7.778115  -0.979758 -0.090042 0.178792  0.143100 0.104159
0  -16.299675 -1.548360 6.392385  -0.923766 -0.090920 -0.372007  0.148832 0.105789
chess_set_pieces_black
0  -15.576795 -4.900635 6.396480  -0.878879 -0.289089 -0.379473  0.153798 0.092214
0  -15.824610 -4.909680 7.780140  -0.935644 -0.305170 0.177317  0.148062 0.090357
0  -16.299675 -1.548360 6.392385  -0.923766 -0.090920 -0.372007  0.148832 0.105789
chess_set_pieces_black
0  -14.372280 -8.064315 7.775730  -0.854296 -0.487589 0.180098  0.153663 0.076536
0  -15.824610 -4.909680 7.780140  -0.935644 -0.305170 0.177317  0.148062 0.090357
0  -15.576795 -4.900635 6.396480  -0.878879 -0.289089 -0.379473  0.153798 0.092214
chess_set_pieces_black
0  -14.166494 -8.012880 6.404130  -0.803855 -0.457575 -0.380054  0.159342 0.078681
0  -14.372280 -8.064315 7.775730  -0.854296 -0.487589 0.180098  0.153663 0.076536
0  -15.576795 -4.900635 6.396480  -0.878879 -0.289089 -0.379473  0.153798 0.092214
chess_set_pieces_black
0  -12.396105 -10.927845 7.784550  -0.727631 -0.659347 0.189247  0.159872 0.062865
0  -14.372280 -8.064315 7.775730  -0.854296 -0.487589 0.180098  0.153663 0.076536
0  -14.166494 -8.012880 6.404130  -0.803855 -0.457575 -0.380054  0.159342 0.078681
chess_set_pieces_black
0  -12.204090 -10.827900 6.378975  -0.685634 -0.619188 -0.382770  0.165521 0.065275
0  -12.396105 -10.927845 7.784550  -0.727631 -0.659347 0.189247  0.159872 0.062865
0  -14.166494 -8.012880 6.404130  -0.803855 -0.457575 -0.380054  0.159342 0.078681
chess_set_pieces_black
0  -9.746505 -13.176315 7.771005  -0.558278 -0.804623 0.202256  0.166700 0.049451
0  -12.396105 -10.927845 7.784550  -0.727631 -0.659347 0.189247  0.159872 0.062865
0  -12.204090 -10.827900 6.378975  -0.685634 -0.619188 -0.382770  0.165521 0.065275
chess_set_pieces_black
0  -9.612855 -13.060845 6.410835  -0.537396 -0.758318 -0.368998  0.172127 0.052095
0  -9.746505 -13.176315 7.771005  -0.558278 -0.804623 0.202256  0.166700 0.049451
0  -12.204090 -10.827900 6.378975  -0.685634 -0.619188 -0.382770  0.165521 0.065275
chess_set_pieces_black
0  -6.717150 -14.854410 7.754220  -0.389461 -0.895932 0.213602  0.174101 0.036253
0  -9.746505 -13.176315 7.771005  -0.558278 -0.804623 0.202256  0.166700 0.049451
0  -9.612855 -13.060845 6.410835  -0.537396 -0.758318 -0.368998  0.172127 0.052095
chess_set_pieces_black
0  -6.652125 -14.780025 6.401835  -0.375170 -0.857063 -0.353114  0.179346 0.039088
0  -6.717150 -14.854410 7.754220  -0.389461 -0.895932 0.213602  0.174101 0.036253
0  -9.612855 -13.060845 6.410835  -0.537396 -0.758318 -0.368998  0.172127 0.052095
chess_set_pieces_black
0  -3.428865 -15.924105 7.764030  -0.229827 -0.950796 0.207768  0.181854 0.023079
0  -6.717150 -14.854410 7.754220  -0.389461 -0.895932 0.213602  0.174101 0.036253
0  -6.652125 -14.780025 6.401835  -0.375170 -0.857063 -0.353114  0.179346 0.039088
chess_set_pieces_black
0  -3.386970 -15.782040 6.420870  -0.208984 -0.907298 -0.364878  0.187056 0.026234
0  -3.428865 -15.924105 7.764030  -0.229827 -0.950796 0.207768  0.181854 0.023079
0  -6.652125 -14.780025 6.401835  -0.375170 -0.857063 -0.353114  0.179346 0.039088
chess_set_pieces_black
0  -3.386970 -15.782040 6.420870  -0.208984 -0.907298 -0.364878  0.187056 0.026234
0  -6.652125 -14.780025 6.401835  -0.375170 -0.857063 -0.353114  0.179346 0.039088
0  -6.363540 -14.034241 5.319810  -0.325547 -0.738562 -0.590377  0.184416 0.042235
chess_set_pieces_black
0  -6.363540 -14.034241 5.319810  -0.325547 -0.738562 -0.590377  0.184416 0.042235
0  -6.652125 -14.780025 6.401835  -0.375170 -0.857063 -0.353114  0.179346 0.039088
0  -9.175950 -12.375720 5.354820  -0.468247 -0.650328 -0.598179  0.177253 0.055044
chess_set_pieces_black
0  -6.652125 -14.780025 6.401835  -0.375170 -0.857063 -0.353114  0.179346 0.039088
0  -9.612855 -13.060845 6.410835  -0.537396 -0.758318 -0.368998  0.172127 0.052095
0  -9.175950 -12.375720 5.354820  -0.468247 -0.650328 -0.598179  0.177253 0.055044
chess_set_pieces_black
0  -9.175950 -12.375720 5.354820  -0.468247 -0.650328 -0.598179  0.177253 0.055044
0  -9.612855 -13.060845 6.410835  -0.537396 -0.758318 -0.368998  0.172127 0.052095
0  -11.623050 -10.208250 5.320800  -0.592046 -0.534584 -0.603076  0.170719 0.068148
chess_set_pieces_black
0  -9.612855 -13.060845 6.410835  -0.537396 -0.758318 -0.368998  0.172127 0.052095
0  -12.204090 -10.827900 6.378975  -0.685634 -0.619188 -0.382770  0.165521 0.065275
0  -11.623050 -10.208250 5.320800  -0.592046 -0.534584 -0.603076  0.170719 0.068148
chess_set_pieces_black
0  -11.623050 -10.208250 5.320800  -0.592046 -0.534584 -0.603076  0.170719 0.068148
0  -12.204090 -10.827900 6.378975  -0.685634 -0.619188 -0.382770  0.165521 0.065275
0  -13.524345 -7.554195 5.350320  -0.699362 -0.398017 -0.593697  0.164493 0.081306
chess_set_pieces_black
0  -12.204090 -10.827900 6.378975  -0.685634 -0.619188 -0.382770  0.165521 0.065275
0  -14.166494 -8.012880 6.404130  -0.803855 -0.457575 -0.380054  0.159342 0.078681
0  -13.524345 -7.554195 5.350320  -0.699362 -0.398017 -0.593697  0.164493 0.081306
chess_set_pieces_black
0  -13.524345 -7.554195 5.350320  -0.699362 -0.398017 -0.593697  0.164493 0.081306
0  -14.166494 -8.012880 6.404130  -0.803855 -0.457575 -0.380054  0.159342 0.078681
0  -14.861025 -4.571685 5.344650  -0.768757 -0.252254 -0.587691  0.158948 0.094648
chess_set_pieces_black
0  -14.166494 -8.012880 6.404130  -0.803855 -0.457575 -0.380054  0.159342 0.078681
0  -15.576795 -4.900635 6.396480  -0.878879 -0.289089 -0.379473  0.153798 0.092214
0  -14.861025 -4.571685 5.344650  -0.768757 -0.252254 -0.587691  0.158948 0.094648
chess_set_pieces_black
0  -14.861025 -4.571685 5.344650  -0.768757 -0.252254 -0.587691  0.158948 0.094648
0  -15.576795 -4.900635 6.396480  -0.878879 -0.289089 -0.379473  0.153798 0.092214
0  -15.535305 -1.378125 5.348880  -0.808923 -0.082053 -0.582161  0.153960 0.107993
chess_set_pieces_black
0  -15.576795 -4.900635 6.396480  -0.878879 -0.289089 -0.379473  0.153798 0.092214
0  -16.299675 -1.548360 6.392385  -0.923766 -0.090920 -0.372007  0.148832 0.105789
0  -15.535305 -1.378125 5.348880  -0.808923 -0.082053 -0.582161  0.153960 0.107993
chess_set_pieces_black
0  -15.535305 -1.378125 5.348880  -0.808923 -0.082053 -0.582161  0.153960 0.107993
0  -16.299675 -1.548360 6.392385  -0.923766 -0.090920 -0.372007  0.148832 0.105789
0  -15.528015 1.889010 5.360850  -0.817169 0.086799 -0.569825  0.149478 0.121379
chess_set_pieces_black
0  -16.299675 -1.548360 6.392385  -0.923766 -0.090920 -0.372007  0.148832 0.105789
0  -16.269615 1.870830 6.401700  -0.929380 0.102721 -0.354544  0.144416 0.119396
0  -15.528015 1.889010 5.360850  -0.817169 0.086799 -0.569825  0.149478 0.121379
chess_set_pieces_black
0  -15.528015 1.889010 5.360850  -0.817169 0.086799 -0.569825  0.149478 0.121379
0  -16.269615 1.870830 6.401700  -0.929380 0.102721 -0.354544  0.144416 0.119396
0  -14.860214 5.081985 5.348970  -0.785805 0.252480 -0.564593  0.145634 0.134806
chess_set_pieces_black
0  -16.269615 1.870830 6.401700  -0.929380 0.102721 -0.354544  0.144416 0.119396
0  -15.565769 5.221890 6.397110  -0.893498 0.285924 -0.346280  0.140558 0.133100
0  -14.860214 5.081985 5.348970  -0.785805 0.252480 -0.564593  0.145634 0.134806
chess_set_pieces_black
0  -14.860214 5.081985 5.348970  -0.785805 0.252480 -0.564593  0.145634 0.134806
0  -15.565769 5.221890 6.397110  -0.893498 0.285924 -0.346280  0.140558 0.133100
0  -13.524435 8.065619 5.351940  -0.712920 0.403776 -0.573333  0.142351 0.148249
chess_set_pieces_black
0  -9.175950 -12.375720 5.354820  -0.468247 -0.650328 -0.598179  0.177253 0.055044
0  -11.623050 -10.208250 5.320800  -0.592046 -0.534584 -0.603076  0.170719 0.068148
0  -11.436570 -10.017450 4.932720  -0.742606 -0.669326 -0.023206  0.172584 0.069140
chess_set_pieces_black
0  -9.019710 -12.137086 4.938390  -0.589418 -0.807533 -0.021830  0.179233 0.056162
0  -9.175950 -12.375720 5.354820  -0.468247 -0.650328 -0.598179  0.177253 0.055044
0  -11.436570 -10.017450 4.932720  -0.742606 -0.669326 -0.023206  0.172584 0.069140
chess_set_pieces_black
0  -6.363540 -14.034241 5.319810  -0.325547 -0.738562 -0.590377  0.184416 0.042235
0  -9.175950 -12.375720 5.354820  -0.468247 -0.650328 -0.598179  0.177253 0.055044
0  -9.019710 -12.137086 4.938390  -0.589418 -0.807533 -0.021830  0.179233 0.056162
chess_set_pieces_black
0  -6.268500 -13.797720 4.952745  -0.406052 -0.913596 -0.021545  0.186142 0.043287
0  -6.363540 -14.034241 5.319810  -0.325547 -0.738562 -0.590377  0.184416 0.042235
0  -9.019710 -12.137086 4.938390  -0.589418 -0.807533 -0.021830  0.179233 0.056162
chess_set_pieces_black
0  -3.244770 -15.012091 5.359905  -0.173936 -0.785088 -0.594461  0.192032 0.029556
0  -6.363540 -14.034241 5.319810  -0.325547 -0.738562 -0.590377  0.184416 0.042235
0  -6.268500 -13.797720 4.952745  -0.406052 -0.913596 -0.021545  0.186142 0.043287
chess_set_pieces_black
0  -3.244770 -15.012091 5.359905  -0.173936 -0.785088 -0.594461  0.192032 0.029556
0  -3.386970 -15.782040 6.420870  -0.208984 -0.907298 -0.364878  0.187056 0.026234
0  -6.363540 -14.034241 5.319810  -0.325547 -0.738562 -0.590377  0.184416 0.042235
chess_set_pieces_black
0  -0.000225 -16.284374 6.368895  0.000501 -0.923184 -0.384359  0.195693 0.013224
0  -3.386970 -15.782040 6.420870  -0.208984 -0.907298 -0.364878  0.187056 0.026234
0  -3.244770 -15.012091 5.359905  -0.173936 -0.785088 -0.594461  0.192032 0.029556
chess_set_pieces_black
0  -0.000225 -16.284374 6.368895  0.000501 -0.923184 -0.384359  0.195693 0.013224
0  0.002880 -16.510860 7.788600  0.000122 -0.979542 0.201239  0.190098 0.009507
0  -3.386970 -15.782040 6.420870  -0.208984 -0.907298 -0.364878  0.187056 0.026234
chess_set_pieces_black
0  0.002880 -16.510860 7.788600  0.000122 -0.979542 0.201239  0.190098 0.009507
0  -3.428865 -15.924105 7.764030  -0.229827 -0.950796 0.207768  0.181854 0.023079
0  -3.386970 -15.782040 6.420870  -0.208984 -0.907298 -0.364878  0.187056 0.026234
chess_set_pieces_black
0  0.002880 -16.510860 7.788600  0.000122 -0.979542 0.201239  0.190098 0.009507
0  0.000180 -15.622740 9.566595  -0.000091 -0.789408 0.613868  0.181785 0.005337
0  -3.428865 -15.924105 7.764030  -0.229827 -0.950796 0.207768  0.181854 0.023079
chess_set_pieces_black
0  0.000180 -15.622740 9.566595  -0.000091 -0.789408 0.613868  0.181785 0.005337
0  -3.257055 -15.158026 9.470204  -0.189121 -0.775218 0.602720  0.174500 0.018813
0  -3.428865 -15.924105 7.764030  -0.229827 -0.950796 0.207768  0.181854 0.023079
chess_set_pieces_black
0  -3.428865 -15.924105 7.764030  -0.229827 -0.950796 0.207768  0.181854 0.023079
0  -3.257055 -15.158026 9.470204  -0.189121 -0.775218 0.602720  0.174500 0.018813
0  -6.717150 -14.854410 7.754220  -0.389461 -0.895932 0.213602  0.174101 0.036253
chess_set_pieces_black
0  -3.257055 -15.158026 9.470204  -0.189121 -0.775218 0.602720  0.174500 0.018813
0  -6.375330 -14.108040 9.450359  -0.318575 -0.736770 0.596389  0.166765 0.031943
0  -6.717150 -14.854410 7.754220  -0.389461 -0.895932 0.213602  0.174101 0.036253
chess_set_pieces_black
0  -6.717150 -14.854410 7.754220  -0.389461 -0.895932 0.213602  0.174101 0.036253
0  -6.375330 -14.108040 9.450359  -0.318575 -0.736770 0.596389  0.166765 0.031943
0  -9.746505 -13.176315 7.771005  -0.558278 -0.804623 0.202256  0.166700 0.049451
chess_set_pieces_black
0  -6.375330 -14.108040 9.450359  -0.318575 -0.736770 0.596389  0.166765 0.031943
0  -9.268605 -12.540646 9.527309  -0.451360 -0.655100 0.605903  0.159045 0.045191
0  -9.746505 -13.176315 7.771005  -0.558278 -0.804623 0.202256  0.166700 0.049451
chess_set_pieces_black
0  -9.746505 -13.176315 7.771005  -0.558278 -0.804623 0.202256  0.166700 0.049451
0  -9.268605 -12.540646 9.527309  -0.451360 -0.655100 0.605903  0.159045 0.045191
0  -12.396105 -10.927845 7.784550  -0.727631 -0.659347 0.189247  0.159872 0.062865
chess_set_pieces_black
0  -9.268605 -12.540646 9.527309  -0.451360 -0.655100 0.605903  0.159045 0.045191
0  -11.770425 -10.362870 9.588150  -0.583868 -0.527171 0.617405  0.151627 0.058897
0  -12.396105 -10.927845 7.784550  -0.727631 -0.659347 0.189247  0.159872 0.062865
chess_set_pieces_black
0  -12.396105 -10.927845 7.784550  -0.727631 -0.659347 0.189247  0.159872 0.062865
0  -11.770425 -10.362870 9.588150  -0.583868 -0.527171 0.617405  0.151627 0.058897
0  -14.372280 -8.064315 7.775730  -0.854296 -0.487589 0.180098  0.153663 0.076536
chess_set_pieces_black
0  -0.001350 -15.394005 5.305500  0.000390 -0.795463 -0.606003  0.200763 0.017285
0  -0.000225 -16.284374 6.368895  0.000501 -0.923184 -0.384359  0.195693 0.013224
0  -3.244770 -15.012091 5.359905  -0.173936 -0.785088 -0.594461  0.192032 0.029556
chess_set_pieces_black
0  -0.001350 -15.394005 5.305500  0.000390 -0.795463 -0.606003  0.200763 0.017285
0  -3.244770 -15.012091 5.359905  -0.173936 -0.785088 -0.594461  0.192032 0.029556
0  -3.190455 -14.732550 4.935420  -0.210886 -0.977233 -0.023310  0.193977 0.030855
chess_set_pieces_black
0  -3.190455 -14.732550 4.935420  -0.210886 -0.977233 -0.023310  0.193977 0.030855
0  -3.244770 -15.012091 5.359905  -0.173936 -0.785088 -0.594461  0.192032 0.029556
0  -6.268500 -13.797720 4.952745  -0.406052 -0.913596 -0.021545  0.186142 0.043287
chess_set_pieces_black
0  -0.001260 -15.147539 4.944375  0.000742 -0.999621 -0.027530  0.202345 0.018542
0  -0.001350 -15.394005 5.305500  0.000390 -0.795463 -0.606003  0.200763 0.017285
0  -3.190455 -14.732550 4.935420  -0.210886 -0.977233 -0.023310  0.193977 0.030855
chess_set_pieces_black
0  -11.770425 -10.362870 9.588150  -0.583868 -0.527171 0.617405  0.151627 0.058897
0  -13.705695 -7.656750 9.577485  -0.681950 -0.388555 0.619653  0.145436 0.073189
0  -14.372280 -8.064315 7.775730  -0.854296 -0.487589 0.180098  0.153663 0.076536
chess_set_pieces_black
0  -14.372280 -8.064315 7.775730  -0.854296 -0.487589 0.180098  0.153663 0.076536
0  -13.705695 -7.656750 9.577485  -0.681950 -0.388555 0.619653  0.145436 0.073189
0  -15.824610 -4.909680 7.780140  -0.935644 -0.305170 0.177317  0.148062 0.090357
chess_set_pieces_black
0  -13.705695 -7.656750 9.577485  -0.681950 -0.388555 0.619653  0.145436 0.073189
0  -15.070545 -4.611510 9.595755  -0.748080 -0.242718 0.617628  0.139720 0.087483
0  -15.824610 -4.909680 7.780140  -0.935644 -0.305170 0.177317  0.148062 0.090357
chess_set_pieces_black
0  -15.824610 -4.909680 7.780140  -0.935644 -0.305170 0.177317  0.148062 0.090357
0  -15.070545 -4.611510 9.595755  -0.748080 -0.242718 0.617628  0.139720 0.087483
0  -16.525709 -1.504350 7.778115  -0.979758 -0.090042 0.178792  0.143100 0.104159
chess_set_pieces_black
0  -15.070545 -4.611510 9.595755  -0.748080 -0.242718 0.617628  0.139720 0.087483
0  -15.725700 -1.341810 9.564976  -0.790786 -0.070662 0.608001  0.134832 0.101837
0  -16.525709 -1.504350 7.778115  -0.979758 -0.090042 0.178792  0.143100 0.104159
chess_set_pieces_black
0  -16.525709 -1.504350 7.778115  -0.979758 -0.090042 0.178792  0.143100 0.104159
0  -15.725700 -1.341810 9.564976  -0.790786 -0.070662 0.608001  0.134832 0.101837
0  -16.433146 1.956150 7.766955  -0.978008 0.112058 0.175905  0.138747 0.118015
chess_set_pieces_black
0  -15.725700 -1.341810 9.564976  -0.790786 -0.070662 0.608001  0.134832 0.101837
0  -15.681914 1.987425 9.526950  -0.798028 0.093030 0.595396  0.130624 0.116183
0  -16.433146 1.956150 7.766955  -0.978008 0.112058 0.175905  0.138747 0.118015
chess_set_pieces_black
0  -16.433146 1.956150 7.766955  -0.978008 0.112058 0.175905  0.138747 0.118015
0  -15.681914 1.987425 9.526950  -0.798028 0.093030 0.595396  0.130624 0.116183
0  -15.715080 5.340015 7.769880  -0.938300 0.301650 0.169115  0.134877 0.131935
chess_set_pieces_black
0  -15.681914 1.987425 9.526950  -0.798028 0.093030 0.595396  0.130624 0.116183
0  -14.997556 5.240250 9.528075  -0.767949 0.250166 0.589637  0.126822 0.130467
0  -15.715080 5.340015 7.769880  -0.938300 0.301650 0.169115  0.134877 0.131935
chess_set_pieces_black
0  -15.715080 5.340015 7.769880  -0.938300 0.301650 0.169115  0.134877 0.131935
0  -14.997556 5.240250 9.528075  -0.767949 0.250166 0.589637  0.126822 0.130467
0  -14.328674 8.502030 7.772085  -0.858099 0.486509 0.164241  0.131557 0.145800
chess_set_pieces_black
0  -14.997556 5.240250 9.528075  -0.767949 0.250166 0.589637  0.126822 0.130467
0  -13.646879 8.271630 9.519526  -0.703521 0.402491 0.585713  0.123585 0.144704
0  -14.328674 8.502030 7.772085  -0.858099 0.486509 0.164241  0.131557 0.145800
chess_set_pieces_black
0  -14.328674 8.502030 7.772085  -0.858099 0.486509 0.164241  0.131557 0.145800
0  -13.646879 8.271630 9.519526  -0.703521 0.402491 0.585713  0.123585 0.144704
0  -12.321091 11.330595 7.775595  -0.742895 0.650844 0.156555  0.128796 0.159688
chess_set_pieces_black
0  -13.646879 8.271630 9.519526  -0.703521 0.402491 0.585713  0.123585 0.144704
0  -11.715750 10.966140 9.526140  -0.613955 0.535209 0.580182  0.120885 0.158876
0  -12.321091 11.330595 7.775595  -0.742895 0.650844 0.156555  0.128796 0.159688
chess_set_pieces_black
0  -12.321091 11.330595 7.775595  -0.742895 0.650844 0.156555  0.128796 0.159688
0  -11.715750 10.966140 9.526140  -0.613955 0.535209 0.580182  0.120885 0.158876
0  -9.785070 13.700205 7.780770  -0.598847 0.787995 0.142992  0.126638 0.173523
chess_set_pieces_black
0  -11.715750 10.966140 9.526140  -0.613955 0.535209 0.580182  0.120885 0.158876
0  -9.292140 13.223475 9.556695  -0.498214 0.649491 0.574408  0.118722 0.172977
0  -9.785070 13.700205 7.780770  -0.598847 0.787995 0.142992  0.126638 0.173523
chess_set_pieces_black
0  -9.785070 13.700205 7.780770  -0.598847 0.787995 0.142992  0.126638 0.173523
0  -9.292140 13.223475 9.556695  -0.498214 0.649491 0.574408  0.118722 0.172977
0  -6.814845 15.542055 7.791030  -0.397660 0.907951 0.132256  0.125095 0.187232
chess_set_pieces_black
0  -9.292140 13.223475 9.556695  -0.498214 0.649491 0.574408  0.118722 0.172977
0  -6.450255 14.939955 9.595125  -0.332879 0.754671 0.565388  0.117226 0.187011
0  -6.814845 15.542055 7.791030  -0.397660 0.907951 0.132256  0.125095 0.187232
chess_set_pieces_black
0  -6.814845 15.542055 7.791030  -0.397660 0.907951 0.132256  0.125095 0.187232
0  -6.450255 14.939955 9.595125  -0.332879 0.754671 0.565388  0.117226 0.187011
0  -3.451500 16.464825 7.775415  -0.191320 0.973321 0.126661  0.124342 0.200856
chess_set_pieces_black
0  9.777420 13.690170 7.779420  0.599213 0.787577 0.143755  0.126660 0.255300
0  12.314026 11.324881 7.775055  0.742875 0.650769 0.156960  0.128825 0.269126
0  12.225105 11.170395 6.366960  0.700825 0.616709 -0.358489  0.134569 0.268362
chess_set_pieces_black
0  9.682785 13.489965 6.358275  0.557591 0.739183 -0.377756  0.132441 0.254726
0  9.777420 13.690170 7.779420  0.599213 0.787577 0.143755  0.126660 0.255300
0  12.225105 11.170395 6.366960  0.700825 0.616709 -0.358489  0.134569 0.268362
chess_set_pieces_black
0  6.814575 15.534900 7.790130  0.398608 0.907379 0.133321  0.125108 0.241608
0  9.777420 13.690170 7.779420  0.599213 0.787577 0.143755  0.126660 0.255300
0  9.682785 13.489965 6.358275  0.557591 0.739183 -0.377756  0.132441 0.254726
chess_set_pieces_black
0  6.736365 15.301889 6.315570  0.371634 0.843539 -0.387724  0.130954 0.241235
0  6.814575 15.534900 7.790130  0.398608 0.907379 0.133321  0.125108 0.241608
0  9.682785 13.489965 6.358275  0.557591 0.739183 -0.377756  0.132441 0.254726
chess_set_pieces_black
0  3.450240 16.460550 7.775100  0.192215 0.973091 0.127069  0.124348 0.227980
0  6.814575 15.534900 7.790130  0.398608 0.907379 0.133321  0.125108 0.241608
0  6.736365 15.301889 6.315570  0.371634 0.843539 -0.387724  0.130954 0.241235
chess_set_pieces_black
0  3.420090 16.251795 6.368130  0.182664 0.909910 -0.372422  0.130005 0.227811
0  3.450240 16.460550 7.775100  0.192215 0.973091 0.127069  0.124348 0.227980
0  6.736365 15.301889 6.315570  0.371634 0.843539 -0.387724  0.130954 0.241235
chess_set_pieces_black
0  -0.000180 16.859024 7.778835  0.000553 0.991951 0.126618  0.124037 0.214418
0  3.450240 16.460550 7.775100  0.192215 0.973091 0.127069  0.124348 0.227980
0  3.420090 16.251795 6.368130  0.182664 0.909910 -0.372422  0.130005 0.227811
chess_set_pieces_black
0  0.000810 16.660170 6.350715  0.000566 0.931411 -0.363968  0.129695 0.214421
0  -0.000180 16.859024 7.778835  0.000553 0.991951 0.126618  0.124037 0.214418
0  3.420090 16.251795 6.368130  0.182664 0.909910 -0.372422  0.130005 0.227811
chess_set_pieces_black
0  -3.451500 16.464825 7.775415  -0.191320 0.973321 0.126661  0.124342 0.200856
0  -0.000180 16.859024 7.778835  0.000553 0.991951 0.126618  0.124037 0.214418
0  0.000810 16.660170 6.350715  0.000566 0.931411 -0.363968  0.129695 0.214421
chess_set_pieces_black
0  -3.420855 16.255846 6.366465  -0.182118 0.909822 -0.372904  0.130005 0.201026
0  -3.451500 16.464825 7.775415  -0.191320 0.973321 0.126661  0.124342 0.200856
0  0.000810 16.660170 6.350715  0.000566 0.931411 -0.363968  0.129695 0.214421
chess_set_pieces_black
0  -6.814845 15.542055 7.791030  -0.397660 0.907951 0.132256  0.125095 0.187232
0  -3.451500 16.464825 7.775415  -0.191320 0.973321 0.126661  0.124342 0.200856
0  -3.420855 16.255846 6.366465  -0.182118 0.909822 -0.372904  0.130005 0.201026
chess_set_pieces_black
0  -6.739650 15.302341 6.317010  -0.370691 0.843759 -0.388149  0.130949 0.187584
0  -6.814845 15.542055 7.791030  -0.397660 0.907951 0.132256  0.125095 0.187232
0  -3.420855 16.255846 6.366465  -0.182118 0.909822 -0.372904  0.130005 0.201026
chess_set_pieces_black
0  -9.785070 13.700205 7.780770  -0.598847 0.787995 0.142992  0.126638 0.173523
0  -6.814845 15.542055 7.791030  -0.397660 0.907951 0.132256  0.125095 0.187232
0  -6.739650 15.302341 6.317010  -0.370691 0.843759 -0.388149  0.130949 0.187584
chess_set_pieces_black
0  -9.689580 13.498605 6.354315  -0.556848 0.739235 -0.378751  0.132436 0.174094
0  -9.785070 13.700205 7.780770  -0.598847 0.787995 0.142992  0.126638 0.173523
0  -6.739650 15.302341 6.317010  -0.370691 0.843759 -0.388149  0.130949 0.187584
chess_set_pieces_black
0  -12.321091 11.330595 7.775595  -0.742895 0.650844 0.156555  0.128796 0.159688
0  -9.785070 13.700205 7.780770  -0.598847 0.787995 0.142992  0.126638 0.173523
0  -9.689580 13.498605 6.354315  -0.556848 0.739235 -0.378751  0.132436 0.174094
chess_set_pieces_black
0  -12.231990 11.176155 6.363855  -0.700192 0.616573 -0.359957  0.134557 0.160450
0  -12.321091 11.330595 7.775595  -0.742895 0.650844 0.156555  0.128796 0.159688
0  -9.689580 13.498605 6.354315  -0.556848 0.739235 -0.378751  0.132436 0.174094
chess_set_pieces_black
0  -14.328674 8.502030 7.772085  -0.858099 0.486509 0.164241  0.131557 0.145800
0  -12.321091 11.330595 7.775595  -0.742895 0.650844 0.156555  0.128796 0.159688
0  -12.231990 11.176155 6.363855  -0.700192 0.616573 -0.359957  0.134557 0.160450
chess_set_pieces_black
0  -14.203620 8.361945 6.386490  -0.816289 0.460174 -0.349159  0.137261 0.146777
0  -14.328674 8.502030 7.772085  -0.858099 0.486509 0.164241  0.131557 0.145800
0  -12.231990 11.176155 6.363855  -0.700192 0.616573 -0.359957  0.134557 0.160450
chess_set_pieces_black
0  -15.565769 5.221890 6.397110  -0.893498 0.285924 -0.346280  0.140558 0.133100
0  -14.203620 8.361945 6.386490  -0.816289 0.460174 -0.349159  0.137261 0.146777
0  -13.524435 8.065619 5.351940  -0.712920 0.403776 -0.573333  0.142351 0.148249
chess_set_pieces_black
0  -13.524435 8.065619 5.351940  -0.712920 0.403776 -0.573333  0.142351 0.148249
0  -14.203620 8.361945 6.386490  -0.816289 0.460174 -0.349159  0.137261 0.146777
0  -11.617425 10.714860 5.334660  -0.604279 0.537720 -0.587966  0.139698 0.161647
chess_set_pieces_black
0  -14.203620 8.361945 6.386490  -0.816289 0.460174 -0.349159  0.137261 0.146777
0  -12.231990 11.176155 6.363855  -0.700192 0.616573 -0.359957  0.134557 0.160450
0  -11.617425 10.714860 5.334660  -0.604279 0.537720 -0.587966  0.139698 0.161647
chess_set_pieces_black
0  -11.617425 10.714860 5.334660  -0.604279 0.537720 -0.587966  0.139698 0.161647
0  -12.231990 11.176155 6.363855  -0.700192 0.616573 -0.359957  0.134557 0.160450
0  -9.176850 12.888676 5.351535  -0.475248 0.639062 -0.604764  0.137565 0.174999
chess_set_pieces_black
0  -12.231990 11.176155 6.363855  -0.700192 0.616573 -0.359957  0.134557 0.160450
0  -9.689580 13.498605 6.354315  -0.556848 0.739235 -0.378751  0.132436 0.174094
0  -9.176850 12.888676 5.351535  -0.475248 0.639062 -0.604764  0.137565 0.174999
chess_set_pieces_black
0  -9.176850 12.888676 5.351535  -0.475248 0.639062 -0.604764  0.137565 0.174999
0  -9.689580 13.498605 6.354315  -0.556848 0.739235 -0.378751  0.132436 0.174094
0  -6.363945 14.545845 5.312340  -0.319246 0.723960 -0.611526  0.136120 0.188223
chess_set_pieces_black
0  -9.689580 13.498605 6.354315  -0.556848 0.739235 -0.378751  0.132436 0.174094
0  -6.739650 15.302341 6.317010  -0.370691 0.843759 -0.388149  0.130949 0.187584
0  -6.363945 14.545845 5.312340  -0.319246 0.723960 -0.611526  0.136120 0.188223
chess_set_pieces_black
0  -6.363945 14.545845 5.312340  -0.319246 0.723960 -0.611526  0.136120 0.188223
0  -6.739650 15.302341 6.317010  -0.370691 0.843759 -0.388149  0.130949 0.187584
0  -3.245175 15.524100 5.361795  -0.162108 0.787616 -0.594460  0.134994 0.201357
chess_set_pieces_black
0  -6.739650 15.302341 6.317010  -0.370691 0.843759 -0.388149  0.130949 0.187584
0  -3.420855 16.255846 6.366465  -0.182118 0.909822 -0.372904  0.130005 0.201026
0  -3.245175 15.524100 5.361795  -0.162108 0.787616 -0.594460  0.134994 0.201357
chess_set_pieces_black
0  -3.245175 15.524100 5.361795  -0.162108 0.787616 -0.594460  0.134994 0.201357
0  -3.420855 16.255846 6.366465  -0.182118 0.909822 -0.372904  0.130005 0.201026
0  0.001665 15.899039 5.322240  0.000540 0.810227 -0.586116  0.134701 0.214425
chess_set_pieces_black
0  -3.420855 16.255846 6.366465  -0.182118 0.909822 -0.372904  0.130005 0.201026
0  0.000810 16.660170 6.350715  0.000566 0.931411 -0.363968  0.129695 0.214421
0  0.001665 15.899039 5.322240  0.000540 0.810227 -0.586116  0.134701 0.214425
chess_set_pieces_black
0  0.001665 15.899039 5.322240  0.000540 0.810227 -0.586116  0.134701 0.214425
0  0.000810 16.660170 6.350715  0.000566 0.931411 -0.363968  0.129695 0.214421
0  3.244680 15.522030 5.363415  0.162591 0.786957 -0.595200  0.134990 0.227480
chess_set_pieces_black
0  0.000810 16.660170 6.350715  0.000566 0.931411 -0.363968  0.129695 0.214421
0  3.420090 16.251795 6.368130  0.182664 0.909910 -0.372422  0.130005 0.227811
0  3.244680 15.522030 5.363415  0.162591 0.786957 -0.595200  0.134990 0.227480
chess_set_pieces_black
0  3.244680 15.522030 5.363415  0.162591 0.786957 -0.595200  0.134990 0.227480
0  3.420090 16.251795 6.368130  0.182664 0.909910 -0.372422  0.130005 0.227811
0  6.361425 14.542875 5.317425  0.319680 0.722326 -0.613229  0.136108 0.240604
chess_set_pieces_black
0  3.420090 16.251795 6.368130  0.182664 0.909910 -0.372422  0.130005 0.227811
0  6.736365 15.301889 6.315570  0.371634 0.843539 -0.387724  0.130954 0.241235
0  6.361425 14.542875 5.317425  0.319680 0.722326 -0.613229  0.136108 0.240604
chess_set_pieces_black
0  6.361425 14.542875 5.317425  0.319680 0.722326 -0.613229  0.136108 0.240604
0  6.736365 15.301889 6.315570  0.371634 0.843539 -0.387724  0.130954 0.241235
0  9.173880 12.884130 5.359230  0.475060 0.638369 -0.605642  0.137546 0.253825
chess_set_pieces_black
0  6.736365 15.301889 6.315570  0.371634 0.843539 -0.387724  0.130954 0.241235
0  9.682785 13.489965 6.358275  0.557591 0.739183 -0.377756  0.132441 0.254726
0  9.173880 12.884130 5.359230  0.475060 0.638369 -0.605642  0.137546 0.253825
chess_set_pieces_black
0  9.173880 12.884130 5.359230  0.475060 0.638369 -0.605642  0.137546 0.253825
0  9.682785 13.489965 6.358275  0.557591 0.739183 -0.377756  0.132441 0.254726
0  11.617065 10.712880 5.337405  0.604528 0.537471 -0.587938  0.139690 0.267171
chess_set_pieces_black
0  14.850540 5.078565 5.361165  0.786856 0.254025 -0.562431  0.145633 0.293994
0  15.526395 1.889505 5.363685  0.819359 0.088615 -0.566391  0.149508 0.307404
0  15.253425 1.883520 4.940595  0.994342 0.106195 -0.002611  0.151553 0.306663
chess_set_pieces_black
0  14.588460 5.018040 4.942665  0.949988 0.312277 -0.002603  0.147659 0.293346
0  14.850540 5.078565 5.361165  0.786856 0.254025 -0.562431  0.145633 0.293994
0  15.253425 1.883520 4.940595  0.994342 0.106195 -0.002611  0.151553 0.306663
chess_set_pieces_black
0  13.517776 8.061660 5.361705  0.714224 0.402915 -0.572314  0.142343 0.280557
0  14.850540 5.078565 5.361165  0.786856 0.254025 -0.562431  0.145633 0.293994
0  14.588460 5.018040 4.942665  0.949988 0.312277 -0.002603  0.147659 0.293346
chess_set_pieces_black
0  13.254435 7.931700 4.933980  0.867319 0.497641 -0.010521  0.144463 0.279998
0  13.517776 8.061660 5.361705  0.714224 0.402915 -0.572314  0.142343 0.280557
0  14.588460 5.018040 4.942665  0.949988 0.312277 -0.002603  0.147659 0.293346
chess_set_pieces_black
0  11.617065 10.712880 5.337405  0.604528 0.537471 -0.587938  0.139690 0.267171
0  13.517776 8.061660 5.361705  0.714224 0.402915 -0.572314  0.142343 0.280557
0  13.254435 7.931700 4.933980  0.867319 0.497641 -0.010521  0.144463 0.279998
chess_set_pieces_black
0  11.404710 10.545210 4.939335  0.742498 0.669614 -0.017733  0.141653 0.266742
0  11.617065 10.712880 5.337405  0.604528 0.537471 -0.587938  0.139690 0.267171
0  13.254435 7.931700 4.933980  0.867319 0.497641 -0.010521  0.144463 0.279998
chess_set_pieces_black
0  9.173880 12.884130 5.359230  0.475060 0.638369 -0.605642  0.137546 0.253825
0  11.617065 10.712880 5.337405  0.604528 0.537471 -0.587938  0.139690 0.267171
0  11.404710 10.545210 4.939335  0.742498 0.669614 -0.017733  0.141653 0.266742
chess_set_pieces_black
0  8.990010 12.652605 4.933710  0.590037 0.807098 -0.021199  0.139652 0.253484
0  9.173880 12.884130 5.359230  0.475060 0.638369 -0.605642  0.137546 0.253825
0  11.404710 10.545210 4.939335  0.742498 0.669614 -0.017733  0.141653 0.266742
chess_set_pieces_black
0  6.361425 14.542875 5.317425  0.319680 0.722326 -0.613229  0.136108 0.240604
0  9.173880 12.884130 5.359230  0.475060 0.638369 -0.605642  0.137546 0.253825
0  8.990010 12.652605 4.933710  0.590037 0.807098 -0.021199  0.139652 0.253484
chess_set_pieces_black
0  6.245460 14.304959 4.938705  0.406427 0.913390 -0.023151  0.137974 0.240385
0  6.361425 14.542875 5.317425  0.319680 0.722326 -0.613229  0.136108 0.240604
0  8.990010 12.652605 4.933710  0.590037 0.807098 -0.021199  0.139652 0.253484
chess_set_pieces_black
0  3.244680 15.522030 5.363415  0.162591 0.786957 -0.595200  0.134990 0.227480
0  6.361425 14.542875 5.317425  0.319680 0.722326 -0.613229  0.136108 0.240604
0  6.245460 14.304959 4.938705  0.406427 0.913390 -0.023151  0.137974 0.240385
chess_set_pieces_black
0  3.180420 15.241679 4.933935  0.210362 0.977388 -0.021444  0.137069 0.227351
0  3.244680 15.522030 5.363415  0.162591 0.786957 -0.595200  0.134990 0.227480
0  6.245460 14.304959 4.938705  0.406427 0.913390 -0.023151  0.137974 0.240385
chess_set_pieces_black
0  0.001665 15.899039 5.322240  0.000540 0.810227 -0.586116  0.134701 0.214425
0  3.244680 15.522030 5.363415  0.162591 0.786957 -0.595200  0.134990 0.227480
0  3.180420 15.241679 4.933935  0.210362 0.977388 -0.021444  0.137069 0.227351
chess_set_pieces_black
0  0.001755 15.644790 4.941270  0.000890 0.999780 -0.020943  0.136536 0.214426
0  0.001665 15.899039 5.322240  0.000540 0.810227 -0.586116  0.134701 0.214425
0  3.180420 15.241679 4.933935  0.210362 0.977388 -0.021444  0.137069 0.227351
chess_set_pieces_black
0  -3.245175 15.524100 5.361795  -0.162108 0.787616 -0.594460  0.134994 0.201357
0  0.001665 15.899039 5.322240  0.000540 0.810227 -0.586116  0.134701 0.214425
0  0.001755 15.644790 4.941270  0.000890 0.999780 -0.020943  0.136536 0.214426
chess_set_pieces_black
0  -3.181410 15.246406 4.933980  -0.207397 0.978027 -0.021220  0.137062 0.201486
0  -3.245175 15.524100 5.361795  -0.162108 0.787616 -0.594460  0.134994 0.201357
0  0.001755 15.644790 4.941270  0.000890 0.999780 -0.020943  0.136536 0.214426
chess_set_pieces_black
0  -6.363945 14.545845 5.312340  -0.319246 0.723960 -0.611526  0.136120 0.188223
0  -3.245175 15.524100 5.361795  -0.162108 0.787616 -0.594460  0.134994 0.201357
0  -3.181410 15.246406 4.933980  -0.207397 0.978027 -0.021220  0.137062 0.201486
chess_set_pieces_black
0  -6.249690 14.312250 4.936230  -0.405253 0.913830 -0.026172  0.137967 0.188441
0  -6.363945 14.545845 5.312340  -0.319246 0.723960 -0.611526  0.136120 0.188223
0  -3.181410 15.246406 4.933980  -0.207397 0.978027 -0.021220  0.137062 0.201486
chess_set_pieces_black
0  9.682785 13.489965 6.358275  0.557591 0.739183 -0.377756  0.132441 0.254726
0  12.225105 11.170395 6.366960  0.700825 0.616709 -0.358489  0.134569 0.268362
0  11.617065 10.712880 5.337405  0.604528 0.537471 -0.587938  0.139690 0.267171
chess_set_pieces_black
0  11.617065 10.712880 5.337405  0.604528 0.537471 -0.587938  0.139690 0.267171
0  12.225105 11.170395 6.366960  0.700825 0.616709 -0.358489  0.134569 0.268362
0  13.517776 8.061660 5.361705  0.714224 0.402915 -0.572314  0.142343 0.280557
chess_set_pieces_black
0  12.225105 11.170395 6.366960  0.700825 0.616709 -0.358489  0.134569 0.268362
0  14.191065 8.355915 6.391260  0.817127 0.459363 -0.348265  0.137283 0.282020
0  13.517776 8.061660 5.361705  0.714224 0.402915 -0.572314  0.142343 0.280557
chess_set_pieces_black
0  13.517776 8.061660 5.361705  0.714224 0.402915 -0.572314  0.142343 0.280557
0  14.191065 8.355915 6.391260  0.817127 0.459363 -0.348265  0.137283 0.282020
0  14.850540 5.078565 5.361165  0.786856 0.254025 -0.562431  0.145633 0.293994
chess_set_pieces_black
0  14.191065 8.355915 6.391260  0.817127 0.459363 -0.348265  0.137283 0.282020
0  15.550425 5.218380 6.405345  0.893655 0.286737 -0.345200  0.140581 0.295694
0  14.850540 5.078565 5.361165  0.786856 0.254025 -0.562431  0.145633 0.293994
chess_set_pieces_black
0  14.850540 5.078565 5.361165  0.786856 0.254025 -0.562431  0.145633 0.293994
0  15.550425 5.218380 6.405345  0.893655 0.286737 -0.345200  0.140581 0.295694
0  15.526395 1.889505 5.363685  0.819359 0.088615 -0.566391  0.149508 0.307404
chess_set_pieces_black
0  15.550425 5.218380 6.405345  0.893655 0.286737 -0.345200  0.140581 0.295694
0  16.262640 1.867995 6.407055  0.930207 0.103678 -0.352088  0.144457 0.309404
0  15.526395 1.889505 5.363685  0.819359 0.088615 -0.566391  0.149508 0.307404
chess_set_pieces_black
0  15.526395 1.889505 5.363685  0.819359 0.088615 -0.566391  0.149508 0.307404
0  16.262640 1.867995 6.407055  0.930207 0.103678 -0.352088  0.144457 0.309404
0  15.532650 -1.380060 5.350995  0.811886 -0.081357 -0.578120  0.154013 0.320798
chess_set_pieces_black
0  16.262640 1.867995 6.407055  0.930207 0.103678 -0.352088  0.144457 0.309404
0  16.290991 -1.546650 6.398100  0.925036 -0.089943 -0.369077  0.148883 0.322995
0  15.532650 -1.380060 5.350995  0.811886 -0.081357 -0.578120  0.154013 0.320798
chess_set_pieces_black
0  15.532650 -1.380060 5.350995  0.811886 -0.081357 -0.578120  0.154013 0.320798
0  16.290991 -1.546650 6.398100  0.925036 -0.089943 -0.369077  0.148883 0.322995
0  14.862915 -4.571055 5.343660  0.770645 -0.252918 -0.584927  0.159009 0.334125
chess_set_pieces_black
0  16.290991 -1.546650 6.398100  0.925036 -0.089943 -0.369077  0.148883 0.322995
0  15.577200 -4.902120 6.398370  0.879588 -0.289064 -0.377846  0.153859 0.336573
0  14.862915 -4.571055 5.343660  0.770645 -0.252918 -0.584927  0.159009 0.334125
chess_set_pieces_black
0  14.862915 -4.571055 5.343660  0.770645 -0.252918 -0.584927  0.159009 0.334125
0  15.577200 -4.902120 6.398370  0.879588 -0.289064 -0.377846  0.153859 0.336573
0  13.520519 -7.553295 5.355990  0.701040 -0.398747 -0.591222  0.164544 0.347481
chess_set_pieces_black
0  15.577200 -4.902120 6.398370  0.879588 -0.289064 -0.377846  0.153859 0.336573
0  14.158350 -8.006940 6.403770  0.804247 -0.457805 -0.378949  0.159420 0.350082
0  13.520519 -7.553295 5.355990  0.701040 -0.398747 -0.591222  0.164544 0.347481
chess_set_pieces_black
0  13.520519 -7.553295 5.355990  0.701040 -0.398747 -0.591222  0.164544 0.347481
0  14.158350 -8.006940 6.403770  0.804247 -0.457805 -0.378949  0.159420 0.350082
0  11.625751 -10.207035 5.320350  0.593365 -0.536001 -0.600518  0.170771 0.360624
chess_set_pieces_black
0  14.158350 -8.006940 6.403770  0.804247 -0.457805 -0.378949  0.159420 0.350082
0  12.203144 -10.828035 6.377760  0.685718 -0.619469 -0.382163  0.165587 0.363501
0  11.625751 -10.207035 5.320350  0.593365 -0.536001 -0.600518  0.170771 0.360624
chess_set_pieces_black
0  11.625751 -10.207035 5.320350  0.593365 -0.536001 -0.600518  0.170771 0.360624
0  12.203144 -10.828035 6.377760  0.685718 -0.619469 -0.382163  0.165587 0.363501
0  9.173295 -12.373019 5.360220  0.469314 -0.652239 -0.595255  0.177283 0.373755
chess_set_pieces_black
0  12.203144 -10.828035 6.377760  0.685718 -0.619469 -0.382163  0.165587 0.363501
0  9.605700 -13.049955 6.409935  0.537484 -0.758502 -0.368491  0.172189 0.376674
0  9.173295 -12.373019 5.360220  0.469314 -0.652239 -0.595255  0.177283 0.373755
chess_set_pieces_black
0  9.173295 -12.373019 5.360220  0.469314 -0.652239 -0.595255  0.177283 0.373755
0  9.605700 -13.049955 6.409935  0.537484 -0.758502 -0.368491  0.172189 0.376674
0  6.363225 -14.034285 5.320665  0.326756 -0.739676 -0.588312  0.184448 0.386563
chess_set_pieces_black
0  9.742455 -13.171274 7.772985  0.559023 -0.804667 0.200013  0.166742 0.379326
0  6.716565 -14.854951 7.757280  0.390295 -0.896215 0.210876  0.174124 0.392536
0  6.653295 -14.778585 6.401295  0.375935 -0.856762 -0.353033  0.179378 0.389693
chess_set_pieces_black
0  9.605700 -13.049955 6.409935  0.537484 -0.758502 -0.368491  0.172189 0.376674
0  9.742455 -13.171274 7.772985  0.559023 -0.804667 0.200013  0.166742 0.379326
0  6.653295 -14.778585 6.401295  0.375935 -0.856762 -0.353033  0.179378 0.389693
chess_set_pieces_black
0  12.394890 -10.926315 7.783110  0.728062 -0.659016 0.188742  0.159939 0.365899
0  9.742455 -13.171274 7.772985  0.559023 -0.804667 0.200013  0.166742 0.379326
0  9.605700 -13.049955 6.409935  0.537484 -0.758502 -0.368491  0.172189 0.376674
chess_set_pieces_black
0  12.203144 -10.828035 6.377760  0.685718 -0.619469 -0.382163  0.165587 0.363501
0  12.394890 -10.926315 7.783110  0.728062 -0.659016 0.188742  0.159939 0.365899
0  9.605700 -13.049955 6.409935  0.537484 -0.758502 -0.368491  0.172189 0.376674
chess_set_pieces_black
0  14.365710 -8.059680 7.776990  0.854136 -0.487584 0.180869  0.153729 0.352233
0  12.394890 -10.926315 7.783110  0.728062 -0.659016 0.188742  0.159939 0.365899
0  12.203144 -10.828035 6.377760  0.685718 -0.619469 -0.382163  0.165587 0.363501
chess_set_pieces_black
0  14.158350 -8.006940 6.403770  0.804247 -0.457805 -0.378949  0.159420 0.350082
0  14.365710 -8.059680 7.776990  0.854136 -0.487584 0.180869  0.153729 0.352233
0  12.203144 -10.828035 6.377760  0.685718 -0.619469 -0.382163  0.165587 0.363501
chess_set_pieces_black
0  15.822765 -4.909275 7.780320  0.935586 -0.304835 0.178196  0.148136 0.338421
0  14.365710 -8.059680 7.776990  0.854136 -0.487584 0.180869  0.153729 0.352233
0  14.158350 -8.006940 6.403770  0.804247 -0.457805 -0.378949  0.159420 0.350082
chess_set_pieces_black
0  15.577200 -4.902120 6.398370  0.879588 -0.289064 -0.377846  0.153859 0.336573
0  15.822765 -4.909275 7.780320  0.935586 -0.304835 0.178196  0.148136 0.338421
0  14.158350 -8.006940 6.403770  0.804247 -0.457805 -0.378949  0.159420 0.350082
chess_set_pieces_black
0  16.511356 -1.502550 7.778250  0.979778 -0.089041 0.179183  0.143172 0.324624
0  15.822765 -4.909275 7.780320  0.935586 -0.304835 0.178196  0.148136 0.338421
0  15.577200 -4.902120 6.398370  0.879588 -0.289064 -0.377846  0.153859 0.336573
chess_set_pieces_black
0  16.290991 -1.546650 6.398100  0.925036 -0.089943 -0.369077  0.148883 0.322995
0  16.511356 -1.502550 7.778250  0.979778 -0.089041 0.179183  0.143172 0.324624
0  15.577200 -4.902120 6.398370  0.879588 -0.289064 -0.377846  0.153859 0.336573
chess_set_pieces_black
0  16.421535 1.952325 7.768350  0.978051 0.112211 0.175570  0.138808 0.310785
0  16.511356 -1.502550 7.778250  0.979778 -0.089041 0.179183  0.143172 0.324624
0  16.290991 -1.546650 6.398100  0.925036 -0.089943 -0.369077  0.148883 0.322995
chess_set_pieces_black
0  16.262640 1.867995 6.407055  0.930207 0.103678 -0.352088  0.144457 0.309404
0  16.421535 1.952325 7.768350  0.978051 0.112211 0.175570  0.138808 0.310785
0  16.290991 -1.546650 6.398100  0.925036 -0.089943 -0.369077  0.148883 0.322995
chess_set_pieces_black
0  15.701804 5.337000 7.771770  0.938350 0.302143 0.167956  0.134922 0.296859
0  16.421535 1.952325 7.768350  0.978051 0.112211 0.175570  0.138808 0.310785
0  16.262640 1.867995 6.407055  0.930207 0.103678 -0.352088  0.144457 0.309404
chess_set_pieces_black
0  15.550425 5.218380 6.405345  0.893655 0.286737 -0.345200  0.140581 0.295694
0  15.701804 5.337000 7.771770  0.938350 0.302143 0.167956  0.134922 0.296859
0  16.262640 1.867995 6.407055  0.930207 0.103678 -0.352088  0.144457 0.309404
chess_set_pieces_black
0  14.316436 8.496540 7.773525  0.858331 0.486290 0.163675  0.131590 0.283000
0  15.701804 5.337000 7.771770  0.938350 0.302143 0.167956  0.134922 0.296859
0  15.550425 5.218380 6.405345  0.893655 0.286737 -0.345200  0.140581 0.295694
chess_set_pieces_black
0  14.191065 8.355915 6.391260  0.817127 0.459363 -0.348265  0.137283 0.282020
0  14.316436 8.496540 7.773525  0.858331 0.486290 0.163675  0.131590 0.283000
0  15.550425 5.218380 6.405345  0.893655 0.286737 -0.345200  0.140581 0.295694
chess_set_pieces_black
0  12.314026 11.324881 7.775055  0.742875 0.650769 0.156960  0.128825 0.269126
0  14.316436 8.496540 7.773525  0.858331 0.486290 0.163675  0.131590 0.283000
0  14.191065 8.355915 6.391260  0.817127 0.459363 -0.348265  0.137283 0.282020
chess_set_pieces_black
0  12.225105 11.170395 6.366960  0.700825 0.616709 -0.358489  0.134569 0.268362
0  12.314026 11.324881 7.775055  0.742875 0.650769 0.156960  0.128825 0.269126
0  14.191065 8.355915 6.391260  0.817127 0.459363 -0.348265  0.137283 0.282020
chess_set_pieces_black
0  9.605700 -13.049955 6.409935  0.537484 -0.758502 -0.368491  0.172189 0.376674
0  6.653295 -14.778585 6.401295  0.375935 -0.856762 -0.353033  0.179378 0.389693
0  6.363225 -14.034285 5.320665  0.326756 -0.739676 -0.588312  0.184448 0.386563
chess_set_pieces_black
0  6.363225 -14.034285 5.320665  0.326756 -0.739676 -0.588312  0.184448 0.386563
0  6.653295 -14.778585 6.401295  0.375935 -0.856762 -0.353033  0.179378 0.389693
0  3.244500 -15.010605 5.361480  0.173986 -0.785466 -0.593947  0.192039 0.399251
chess_set_pieces_black
0  6.653295 -14.778585 6.401295  0.375935 -0.856762 -0.353033  0.179378 0.389693
0  3.386115 -15.776190 6.419610  0.209086 -0.907154 -0.365178  0.187077 0.402552
0  3.244500 -15.010605 5.361480  0.173986 -0.785466 -0.593947  0.192039 0.399251
chess_set_pieces_black
0  6.653295 -14.778585 6.401295  0.375935 -0.856762 -0.353033  0.179378 0.389693
0  6.716565 -14.854951 7.757280  0.390295 -0.896215 0.210876  0.174124 0.392536
0  3.386115 -15.776190 6.419610  0.209086 -0.907154 -0.365178  0.187077 0.402552
chess_set_pieces_black
0  6.716565 -14.854951 7.757280  0.390295 -0.896215 0.210876  0.174124 0.392536
0  3.427425 -15.922890 7.764930  0.229744 -0.951250 0.205771  0.181865 0.405713
0  3.386115 -15.776190 6.419610  0.209086 -0.907154 -0.365178  0.187077 0.402552
chess_set_pieces_black
0  3.386115 -15.776190 6.419610  0.209086 -0.907154 -0.365178  0.187077 0.402552
0  3.427425 -15.922890 7.764930  0.229744 -0.951250 0.205771  0.181865 0.405713
0  -0.000225 -16.284374 6.368895  0.000479 -0.923181 -0.384365  0.195688 0.415578
chess_set_pieces_black
0  3.427425 -15.922890 7.764930  0.229744 -0.951250 0.205771  0.181865 0.405713
0  0.002880 -16.510860 7.788600  0.000137 -0.979541 0.201246  0.190075 0.419263
0  -0.000225 -16.284374 6.368895  0.000479 -0.923181 -0.384365  0.195688 0.415578
chess_set_pieces_black
0  15.676110 1.986345 9.523260  0.797690 0.092498 0.595932  0.130713 0.312607
0  15.718636 -1.341045 9.558225  0.790094 -0.070003 0.608976  0.134940 0.326937
0  16.511356 -1.502550 7.778250  0.979778 -0.089041 0.179183  0.143172 0.324624
chess_set_pieces_black
0  16.511356 -1.502550 7.778250  0.979778 -0.089041 0.179183  0.143172 0.324624
0  15.718636 -1.341045 9.558225  0.790094 -0.070003 0.608976  0.134940 0.326937
0  15.822765 -4.909275 7.780320  0.935586 -0.304835 0.178196  0.148136 0.338421
chess_set_pieces_black
0  15.718636 -1.341045 9.558225  0.790094 -0.070003 0.608976  0.134940 0.326937
0  15.068026 -4.610250 9.591480  0.747339 -0.242035 0.618792  0.139814 0.341282
0  15.822765 -4.909275 7.780320  0.935586 -0.304835 0.178196  0.148136 0.338421
chess_set_pieces_black
0  15.822765 -4.909275 7.780320  0.935586 -0.304835 0.178196  0.148136 0.338421
0  15.068026 -4.610250 9.591480  0.747339 -0.242035 0.618792  0.139814 0.341282
0  14.365710 -8.059680 7.776990  0.854136 -0.487584 0.180869  0.153729 0.352233
chess_set_pieces_black
0  15.068026 -4.610250 9.591480  0.747339 -0.242035 0.618792  0.139814 0.341282
0  13.697190 -7.651935 9.567675  0.681806 -0.388237 0.620010  0.145541 0.355565
0  14.365710 -8.059680 7.776990  0.854136 -0.487584 0.180869  0.153729 0.352233
chess_set_pieces_black
0  14.365710 -8.059680 7.776990  0.854136 -0.487584 0.180869  0.153729 0.352233
0  13.697190 -7.651935 9.567675  0.681806 -0.388237 0.620010  0.145541 0.355565
0  12.394890 -10.926315 7.783110  0.728062 -0.659016 0.188742  0.159939 0.365899
chess_set_pieces_black
0  13.697190 -7.651935 9.567675  0.681806 -0.388237 0.620010  0.145541 0.355565
0  11.768400 -10.361160 9.584055  0.585456 -0.526128 0.616790  0.151705 0.369856
0  12.394890 -10.926315 7.783110  0.728062 -0.659016 0.188742  0.159939 0.365899
chess_set_pieces_black
0  12.394890 -10.926315 7.783110  0.728062 -0.659016 0.188742  0.159939 0.365899
0  11.768400 -10.361160 9.584055  0.585456 -0.526128 0.616790  0.151705 0.369856
0  9.742455 -13.171274 7.772985  0.559023 -0.804667 0.200013  0.166742 0.379326
chess_set_pieces_black
0  11.768400 -10.361160 9.584055  0.585456 -0.526128 0.616790  0.151705 0.369856
0  9.268695 -12.541005 9.526635  0.452870 -0.655382 0.604470  0.159101 0.383565
0  9.742455 -13.171274 7.772985  0.559023 -0.804667 0.200013  0.166742 0.379326
chess_set_pieces_black
0  9.742455 -13.171274 7.772985  0.559023 -0.804667 0.200013  0.166742 0.379326
0  9.268695 -12.541005 9.526635  0.452870 -0.655382 0.604470  0.159101 0.383565
0  6.716565 -14.854951 7.757280  0.390295 -0.896215 0.210876  0.174124 0.392536
chess_set_pieces_black
0  9.268695 -12.541005 9.526635  0.452870 -0.655382 0.604470  0.159101 0.383565
0  6.376095 -14.114564 9.448515  0.318768 -0.737519 0.595359  0.166815 0.396822
0  6.716565 -14.854951 7.757280  0.390295 -0.896215 0.210876  0.174124 0.392536
chess_set_pieces_black
0  6.716565 -14.854951 7.757280  0.390295 -0.896215 0.210876  0.174124 0.392536
0  6.376095 -14.114564 9.448515  0.318768 -0.737519 0.595359  0.166815 0.396822
0  3.427425 -15.922890 7.764930  0.229744 -0.951250 0.205771  0.181865 0.405713
chess_set_pieces_black
0  6.376095 -14.114564 9.448515  0.318768 -0.737519 0.595359  0.166815 0.396822
0  3.258090 -15.162166 9.465751  0.188578 -0.775601 0.602397  0.174532 0.409946
0  3.427425 -15.922890 7.764930  0.229744 -0.951250 0.205771  0.181865 0.405713
chess_set_pieces_black
0  3.427425 -15.922890 7.764930  0.229744 -0.951250 0.205771  0.181865 0.405713
0  3.258090 -15.162166 9.465751  0.188578 -0.775601 0.602397  0.174532 0.409946
0  0.002880 -16.510860 7.788600  0.000137 -0.979541 0.201246  0.190075 0.419263
chess_set_pieces_black
0  3.258090 -15.162166 9.465751  0.188578 -0.775601 0.602397  0.174532 0.409946
0  0.000180 -15.622740 9.566595  -0.000082 -0.789400 0.613880  0.181771 0.423440
0  0.002880 -16.510860 7.788600  0.000137 -0.979541 0.201246  0.190075 0.419263
chess_set_pieces_black
0  3.386115 -15.776190 6.419610  0.209086 -0.907154 -0.365178  0.187077 0.402552
0  -0.000225 -16.284374 6.368895  0.000479 -0.923181 -0.384365  0.195688 0.415578
0  -0.001350 -15.394005 5.305500  0.000411 -0.795466 -0.605998  0.200763 0.411531
chess_set_pieces_black
0  3.244500 -15.010605 5.361480  0.173986 -0.785466 -0.593947  0.192039 0.399251
0  3.386115 -15.776190 6.419610  0.209086 -0.907154 -0.365178  0.187077 0.402552
0  -0.001350 -15.394005 5.305500  0.000411 -0.795466 -0.605998  0.200763 0.411531
chess_set_pieces_black
0  3.244500 -15.010605 5.361480  0.173986 -0.785466 -0.593947  0.192039 0.399251
0  -0.001350 -15.394005 5.305500  0.000411 -0.795466 -0.605998  0.200763 0.411531
0  -0.001260 -15.147539 4.944375  0.000747 -0.999620 -0.027570  0.202345 0.410276
chess_set_pieces_black
0  3.189465 -14.728681 4.939245  0.210141 -0.977340 -0.025456  0.193983 0.397958
0  3.244500 -15.010605 5.361480  0.173986 -0.785466 -0.593947  0.192039 0.399251
0  -0.001260 -15.147539 4.944375  0.000747 -0.999620 -0.027570  0.202345 0.410276
chess_set_pieces_black
0  6.363225 -14.034285 5.320665  0.326756 -0.739676 -0.588312  0.184448 0.386563
0  3.244500 -15.010605 5.361480  0.173986 -0.785466 -0.593947  0.192039 0.399251
0  3.189465 -14.728681 4.939245  0.210141 -0.977340 -0.025456  0.193983 0.397958
chess_set_pieces_black
0  6.270525 -13.800466 4.945590  0.406043 -0.913601 -0.021520  0.186191 0.385499
0  6.363225 -14.034285 5.320665  0.326756 -0.739676 -0.588312  0.184448 0.386563
0  3.189465 -14.728681 4.939245  0.210141 -0.977340 -0.025456  0.193983 0.397958
chess_set_pieces_black
0  9.173295 -12.373019 5.360220  0.469314 -0.652239 -0.595255  0.177283 0.373755
0  6.363225 -14.034285 5.320665  0.326756 -0.739676 -0.588312  0.184448 0.386563
0  6.270525 -13.800466 4.945590  0.406043 -0.913601 -0.021520  0.186191 0.385499
chess_set_pieces_black
0  9.016425 -12.133935 4.937895  0.588596 -0.808156 -0.020943  0.179285 0.372629
0  9.173295 -12.373019 5.360220  0.469314 -0.652239 -0.595255  0.177283 0.373755
0  6.270525 -13.800466 4.945590  0.406043 -0.913601 -0.021520  0.186191 0.385499
chess_set_pieces_black
0  11.625751 -10.207035 5.320350  0.593365 -0.536001 -0.600518  0.170771 0.360624
0  9.173295 -12.373019 5.360220  0.469314 -0.652239 -0.595255  0.177283 0.373755
0  9.016425 -12.133935 4.937895  0.588596 -0.808156 -0.020943  0.179285 0.372629
chess_set_pieces_black
0  11.447281 -10.022265 4.937175  0.742323 -0.669702 -0.021372  0.172597 0.359648
0  11.625751 -10.207035 5.320350  0.593365 -0.536001 -0.600518  0.170771 0.360624
0  9.016425 -12.133935 4.937895  0.588596 -0.808156 -0.020943  0.179285 0.372629
chess_set_pieces_black
0  13.520519 -7.553295 5.355990  0.701040 -0.398747 -0.591222  0.164544 0.347481
0  11.625751 -10.207035 5.320350  0.593365 -0.536001 -0.600518  0.170771 0.360624
0  11.447281 -10.022265 4.937175  0.742323 -0.669702 -0.021372  0.172597 0.359648
chess_set_pieces_black
0  13.287690 -7.394445 4.943160  0.868443 -0.495591 -0.014037  0.166543 0.346493
0  13.520519 -7.553295 5.355990  0.701040 -0.398747 -0.591222  0.164544 0.347481
0  11.447281 -10.022265 4.937175  0.742323 -0.669702 -0.021372  0.172597 0.359648
chess_set_pieces_black
0  14.862915 -4.571055 5.343660  0.770645 -0.252918 -0.584927  0.159009 0.334125
0  13.520519 -7.553295 5.355990  0.701040 -0.398747 -0.591222  0.164544 0.347481
0  13.287690 -7.394445 4.943160  0.868443 -0.495591 -0.014037  0.166543 0.346493
chess_set_pieces_black
0  14.618565 -4.468905 4.943700  0.950564 -0.310423 -0.008137  0.160938 0.333258
0  14.862915 -4.571055 5.343660  0.770645 -0.252918 -0.584927  0.159009 0.334125
0  13.287690 -7.394445 4.943160  0.868443 -0.495591 -0.014037  0.166543 0.346493
chess_set_pieces_black
0  15.532650 -1.380060 5.350995  0.811886 -0.081357 -0.578120  0.154013 0.320798
0  14.862915 -4.571055 5.343660  0.770645 -0.252918 -0.584927  0.159009 0.334125
0  14.618565 -4.468905 4.943700  0.950564 -0.310423 -0.008137  0.160938 0.333258
chess_set_pieces_black
0  15.266790 -1.327590 4.942530  0.995028 -0.099388 -0.006351  0.155989 0.319983
0  15.532650 -1.380060 5.350995  0.811886 -0.081357 -0.578120  0.154013 0.320798
0  14.618565 -4.468905 4.943700  0.950564 -0.310423 -0.008137  0.160938 0.333258
chess_set_pieces_black
0  15.526395 1.889505 5.363685  0.819359 0.088615 -0.566391  0.149508 0.307404
0  15.532650 -1.380060 5.350995  0.811886 -0.081357 -0.578120  0.154013 0.320798
0  15.266790 -1.327590 4.942530  0.995028 -0.099388 -0.006351  0.155989 0.319983
chess_set_pieces_black
0  15.253425 1.883520 4.940595  0.994342 0.106195 -0.002611  0.151553 0.306663
0  15.526395 1.889505 5.363685  0.819359 0.088615 -0.566391  0.149508 0.307404
0  15.266790 -1.327590 4.942530  0.995028 -0.099388 -0.006351  0.155989 0.319983
chess_set_pieces_black
0  -10.873440 -2.787165 17.914410  -0.844407 -0.003060 -0.535694  0.860603 0.446075
0  -10.556865 -5.587110 17.494020  -0.745854 -0.164823 -0.645395  0.872814 0.444234
0  -11.546325 -3.218445 19.152136  -0.919709 0.003554 -0.392586  0.860508 0.439724
chess_set_pieces_black
0  -10.556865 -5.587110 17.494020  -0.745854 -0.164823 -0.645395  0.872814 0.444234
0  -8.848260 -7.839720 16.955191  -0.574419 -0.442120 -0.688892  0.885098 0.444991
0  -11.231010 -6.036525 18.309870  -0.809442 -0.195152 -0.553822  0.872744 0.439405
chess_set_pieces_black
0  -10.556865 -5.587110 17.494020  -0.745854 -0.164823 -0.645395  0.872814 0.444234
0  -11.231010 -6.036525 18.309870  -0.809442 -0.195152 -0.553822  0.872744 0.439405
0  -11.546325 -3.218445 19.152136  -0.919709 0.003554 -0.392586  0.860508 0.439724
chess_set_pieces_black
0  -11.821095 -3.863925 20.012669  -0.990647 -0.024574 -0.134217  0.861987 0.435230
0  -11.546325 -3.218445 19.152136  -0.919709 0.003554 -0.392586  0.860508 0.439724
0  -11.231010 -6.036525 18.309870  -0.809442 -0.195152 -0.553822  0.872744 0.439405
chess_set_pieces_black
0  -11.149560 -0.171495 18.260145  -0.886283 0.008145 -0.463072  0.849081 0.447626
0  -10.873440 -2.787165 17.914410  -0.844407 -0.003060 -0.535694  0.860603 0.446075
0  -11.674034 -0.323235 19.478880  -0.958647 0.026853 -0.283327  0.848024 0.441870
chess_set_pieces_black
0  -10.873440 -2.787165 17.914410  -0.844407 -0.003060 -0.535694  0.860603 0.446075
0  -11.546325 -3.218445 19.152136  -0.919709 0.003554 -0.392586  0.860508 0.439724
0  -11.674034 -0.323235 19.478880  -0.958647 0.026853 -0.283327  0.848024 0.441870
chess_set_pieces_black
0  -11.802780 -0.741600 20.400480  -0.997968 0.047757 -0.042187  0.848616 0.437449
0  -11.674034 -0.323235 19.478880  -0.958647 0.026853 -0.283327  0.848024 0.441870
0  -11.546325 -3.218445 19.152136  -0.919709 0.003554 -0.392586  0.860508 0.439724
chess_set_pieces_black
0  -11.821095 -3.863925 20.012669  -0.990647 -0.024574 -0.134217  0.861987 0.435230
0  -11.802780 -0.741600 20.400480  -0.997968 0.047757 -0.042187  0.848616 0.437449
0  -11.546325 -3.218445 19.152136  -0.919709 0.003554 -0.392586  0.860508 0.439724
chess_set_pieces_black
0  -11.822804 -1.883565 22.014404  -0.996799 0.036798 0.070972  0.851471 0.429164
0  -11.802780 -0.741600 20.400480  -0.997968 0.047757 -0.042187  0.848616 0.437449
0  -11.821095 -3.863925 20.012669  -0.990647 -0.024574 -0.134217  0.861987 0.435230
chess_set_pieces_black
0  -11.943584 -5.222115 21.579750  -0.994063 -0.100325 0.042116  0.865676 0.427426
0  -11.822804 -1.883565 22.014404  -0.996799 0.036798 0.070972  0.851471 0.429164
0  -11.821095 -3.863925 20.012669  -0.990647 -0.024574 -0.134217  0.861987 0.435230
chess_set_pieces_black
0  -11.943584 -5.222115 21.579750  -0.994063 -0.100325 0.042116  0.865676 0.427426
0  -11.821095 -3.863925 20.012669  -0.990647 -0.024574 -0.134217  0.861987 0.435230
0  -11.586961 -7.017075 19.362555  -0.904518 -0.280117 -0.321529  0.874771 0.434015
chess_set_pieces_black
0  -11.586961 -7.017075 19.362555  -0.904518 -0.280117 -0.321529  0.874771 0.434015
0  -11.821095 -3.863925 20.012669  -0.990647 -0.024574 -0.134217  0.861987 0.435230
0  -11.231010 -6.036525 18.309870  -0.809442 -0.195152 -0.553822  0.872744 0.439405
chess_set_pieces_black
0  -11.586961 -7.017075 19.362555  -0.904518 -0.280117 -0.321529  0.874771 0.434015
0  -11.231010 -6.036525 18.309870  -0.809442 -0.195152 -0.553822  0.872744 0.439405
0  -9.561960 -8.650935 18.016155  -0.586424 -0.481824 -0.651116  0.885098 0.438740
chess_set_pieces_black
0  -8.848260 -7.839720 16.955191  -0.574419 -0.442120 -0.688892  0.885098 0.444991
0  -9.561960 -8.650935 18.016155  -0.586424 -0.481824 -0.651116  0.885098 0.438740
0  -11.231010 -6.036525 18.309870  -0.809442 -0.195152 -0.553822  0.872744 0.439405
chess_set_pieces_black
0  -8.848260 -7.839720 16.955191  -0.574419 -0.442120 -0.688892  0.885098 0.444991
0  -6.785415 -9.579420 16.897724  -0.408411 -0.641820 -0.649051  0.896632 0.444548
0  -9.561960 -8.650935 18.016155  -0.586424 -0.481824 -0.651116  0.885098 0.438740
chess_set_pieces_black
0  -11.822804 -1.883565 22.014404  -0.996799 0.036798 0.070972  0.851471 0.429164
0  -11.943584 -5.222115 21.579750  -0.994063 -0.100325 0.042116  0.865676 0.427426
0  -11.417265 -6.973605 25.803089  -0.976594 -0.177049 0.122136  0.869822 0.409014
chess_set_pieces_black
0  -11.576520 -3.577635 26.028135  -0.991310 0.001055 0.131539  0.855217 0.410143
0  -11.822804 -1.883565 22.014404  -0.996799 0.036798 0.070972  0.851471 0.429164
0  -11.417265 -6.973605 25.803089  -0.976594 -0.177049 0.122136  0.869822 0.409014
chess_set_pieces_black
0  -10.864530 -4.918635 30.230639  -0.981597 -0.059618 0.181419  0.859296 0.390729
0  -11.576520 -3.577635 26.028135  -0.991310 0.001055 0.131539  0.855217 0.410143
0  -11.417265 -6.973605 25.803089  -0.976594 -0.177049 0.122136  0.869822 0.409014
chess_set_pieces_black
0  -10.864530 -4.918635 30.230639  -0.981597 -0.059618 0.181419  0.859296 0.390729
0  -10.435410 -8.105085 30.125566  -0.946483 -0.271407 0.174666  0.873308 0.390032
0  -9.414360 -8.783550 34.007626  -0.917636 -0.343982 0.199050  0.875920 0.372669
chess_set_pieces_black
0  -10.435410 -8.105085 30.125566  -0.946483 -0.271407 0.174666  0.873308 0.390032
0  -10.864530 -4.918635 30.230639  -0.981597 -0.059618 0.181419  0.859296 0.390729
0  -11.417265 -6.973605 25.803089  -0.976594 -0.177049 0.122136  0.869822 0.409014
chess_set_pieces_black
0  -10.435410 -8.105085 30.125566  -0.946483 -0.271407 0.174666  0.873308 0.390032
0  -11.417265 -6.973605 25.803089  -0.976594 -0.177049 0.122136  0.869822 0.409014
0  -10.534410 -9.815085 25.601221  -0.875345 -0.478124 0.071897  0.882027 0.408136
chess_set_pieces_black
0  -10.534410 -9.815085 25.601221  -0.875345 -0.478124 0.071897  0.882027 0.408136
0  -11.417265 -6.973605 25.803089  -0.976594 -0.177049 0.122136  0.869822 0.409014
0  -11.943584 -5.222115 21.579750  -0.994063 -0.100325 0.042116  0.865676 0.427426
chess_set_pieces_black
0  -11.449170 -8.316000 20.932470  -0.915113 -0.400395 -0.047443  0.878124 0.427108
0  -10.534410 -9.815085 25.601221  -0.875345 -0.478124 0.071897  0.882027 0.408136
0  -11.943584 -5.222115 21.579750  -0.994063 -0.100325 0.042116  0.865676 0.427426
chess_set_pieces_black
0  -11.449170 -8.316000 20.932470  -0.915113 -0.400395 -0.047443  0.878124 0.427108
0  -11.943584 -5.222115 21.579750  -0.994063 -0.100325 0.042116  0.865676 0.427426
0  -11.586961 -7.017075 19.362555  -0.904518 -0.280117 -0.321529  0.874771 0.434015
chess_set_pieces_black
0  -11.449170 -8.316000 20.932470  -0.915113 -0.400395 -0.047443  0.878124 0.427108
0  -11.586961 -7.017075 19.362555  -0.904518 -0.280117 -0.321529  0.874771 0.434015
0  -9.763334 -9.496935 18.999044  -0.645308 -0.588220 -0.487416  0.886537 0.433778
chess_set_pieces_black
0  -9.763334 -9.496935 18.999044  -0.645308 -0.588220 -0.487416  0.886537 0.433778
0  -11.586961 -7.017075 19.362555  -0.904518 -0.280117 -0.321529  0.874771 0.434015
0  -9.561960 -8.650935 18.016155  -0.586424 -0.481824 -0.651116  0.885098 0.438740
chess_set_pieces_black
0  -9.763334 -9.496935 18.999044  -0.645308 -0.588220 -0.487416  0.886537 0.433778
0  -9.561960 -8.650935 18.016155  -0.586424 -0.481824 -0.651116  0.885098 0.438740
0  -7.186140 -10.336320 17.830305  -0.389927 -0.650216 -0.652055  0.896891 0.439270
chess_set_pieces_black
0  -6.785415 -9.579420 16.897724  -0.408411 -0.641820 -0.649051  0.896632 0.444548
0  -7.186140 -10.336320 17.830305  -0.389927 -0.650216 -0.652055  0.896891 0.439270
0  -9.561960 -8.650935 18.016155  -0.586424 -0.481824 -0.651116  0.885098 0.438740
chess_set_pieces_black
0  -6.785415 -9.579420 16.897724  -0.408411 -0.641820 -0.649051  0.896632 0.444548
0  -4.543695 -10.653390 17.006310  -0.241707 -0.770316 -0.590077  0.907374 0.444590
0  -7.186140 -10.336320 17.830305  -0.389927 -0.650216 -0.652055  0.896891 0.439270
chess_set_pieces_black
0  -4.543695 -10.653390 17.006310  -0.241707 -0.770316 -0.590077  0.907374 0.444590
0  -4.759020 -11.303955 17.864595  -0.221044 -0.743047 -0.631681  0.907790 0.439904
0  -7.186140 -10.336320 17.830305  -0.389927 -0.650216 -0.652055  0.896891 0.439270
chess_set_pieces_black
0  -4.543695 -10.653390 17.006310  -0.241707 -0.770316 -0.590077  0.907374 0.444590
0  -2.270295 -11.165715 17.095320  -0.104732 -0.822743 -0.558681  0.917402 0.445568
0  -4.759020 -11.303955 17.864595  -0.221044 -0.743047 -0.631681  0.907790 0.439904
chess_set_pieces_black
0  -2.270295 -11.165715 17.095320  -0.104732 -0.822743 -0.558681  0.917402 0.445568
0  -2.377350 -11.743065 17.849159  -0.099362 -0.772639 -0.627022  0.917988 0.441499
0  -4.759020 -11.303955 17.864595  -0.221044 -0.743047 -0.631681  0.907790 0.439904
chess_set_pieces_black
0  -2.270295 -11.165715 17.095320  -0.104732 -0.822743 -0.558681  0.917402 0.445568
0  0.000495 -11.317275 17.138115  -0.000906 -0.834130 -0.551568  0.927071 0.447449
0  -2.377350 -11.743065 17.849159  -0.099362 -0.772639 -0.627022  0.917988 0.441499
chess_set_pieces_black
0  0.000495 -11.317275 17.138115  -0.000906 -0.834130 -0.551568  0.927071 0.447449
0  0.000585 -11.915775 17.888716  0.000964 -0.777154 -0.629310  0.928088 0.443423
0  -2.377350 -11.743065 17.849159  -0.099362 -0.772639 -0.627022  0.917988 0.441499
chess_set_pieces_black
0  -2.403990 -12.420000 18.672390  -0.112447 -0.802732 -0.585642  0.919017 0.437053
0  -2.377350 -11.743065 17.849159  -0.099362 -0.772639 -0.627022  0.917988 0.441499
0  0.000585 -11.915775 17.888716  0.000964 -0.777154 -0.629310  0.928088 0.443423
chess_set_pieces_black
0  -0.000855 -12.567780 18.649485  0.001099 -0.800175 -0.599766  0.929135 0.439214
0  -2.403990 -12.420000 18.672390  -0.112447 -0.802732 -0.585642  0.919017 0.437053
0  0.000585 -11.915775 17.888716  0.000964 -0.777154 -0.629310  0.928088 0.443423
chess_set_pieces_black
0  -9.414360 -8.783550 34.007626  -0.917636 -0.343982 0.199050  0.875920 0.372669
0  -10.435410 -8.105085 30.125566  -0.946483 -0.271407 0.174666  0.873308 0.390032
0  -9.129780 -10.856475 29.896875  -0.820288 -0.555367 0.136731  0.886321 0.389490
chess_set_pieces_black
0  -9.129780 -10.856475 29.896875  -0.820288 -0.555367 0.136731  0.886321 0.389490
0  -10.435410 -8.105085 30.125566  -0.946483 -0.271407 0.174666  0.873308 0.390032
0  -10.534410 -9.815085 25.601221  -0.875345 -0.478124 0.071897  0.882027 0.408136
chess_set_pieces_black
0  -9.129780 -10.856475 29.896875  -0.820288 -0.555367 0.136731  0.886321 0.389490
0  -10.534410 -9.815085 25.601221  -0.875345 -0.478124 0.071897  0.882027 0.408136
0  -8.949555 -11.621386 25.180246  -0.671513 -0.740685 -0.021350  0.891900 0.408472
chess_set_pieces_black
0  -10.534410 -9.815085 25.601221  -0.875345 -0.478124 0.071897  0.882027 0.408136
0  -11.449170 -8.316000 20.932470  -0.915113 -0.400395 -0.047443  0.878124 0.427108
0  -8.949555 -11.621386 25.180246  -0.671513 -0.740685 -0.021350  0.891900 0.408472
chess_set_pieces_black
0  -11.449170 -8.316000 20.932470  -0.915113 -0.400395 -0.047443  0.878124 0.427108
0  -9.836730 -10.326690 20.516716  -0.685283 -0.706769 -0.175682  0.887990 0.427302
0  -8.949555 -11.621386 25.180246  -0.671513 -0.740685 -0.021350  0.891900 0.408472
chess_set_pieces_black
0  -9.836730 -10.326690 20.516716  -0.685283 -0.706769 -0.175682  0.887990 0.427302
0  -11.449170 -8.316000 20.932470  -0.915113 -0.400395 -0.047443  0.878124 0.427108
0  -9.763334 -9.496935 18.999044  -0.645308 -0.588220 -0.487416  0.886537 0.433778
chess_set_pieces_black
0  -9.836730 -10.326690 20.516716  -0.685283 -0.706769 -0.175682  0.887990 0.427302
0  -9.763334 -9.496935 18.999044  -0.645308 -0.588220 -0.487416  0.886537 0.433778
0  -7.350210 -11.096190 18.763290  -0.413715 -0.740095 -0.530188  0.897882 0.434432
chess_set_pieces_black
0  -7.350210 -11.096190 18.763290  -0.413715 -0.740095 -0.530188  0.897882 0.434432
0  -9.763334 -9.496935 18.999044  -0.645308 -0.588220 -0.487416  0.886537 0.433778
0  -7.186140 -10.336320 17.830305  -0.389927 -0.650216 -0.652055  0.896891 0.439270
chess_set_pieces_black
0  -7.350210 -11.096190 18.763290  -0.413715 -0.740095 -0.530188  0.897882 0.434432
0  -7.186140 -10.336320 17.830305  -0.389927 -0.650216 -0.652055  0.896891 0.439270
0  -4.759020 -11.303955 17.864595  -0.221044 -0.743047 -0.631681  0.907790 0.439904
chess_set_pieces_black
0  -7.374240 -12.689144 29.370285  -0.636823 -0.767561 0.072847  0.897289 0.390173
0  -9.129780 -10.856475 29.896875  -0.820288 -0.555367 0.136731  0.886321 0.389490
0  -8.949555 -11.621386 25.180246  -0.671513 -0.740685 -0.021350  0.891900 0.408472
chess_set_pieces_black
0  -7.973955 -11.438145 33.701851  -0.783159 -0.600541 0.161286  0.889060 0.372548
0  -9.414360 -8.783550 34.007626  -0.917636 -0.343982 0.199050  0.875920 0.372669
0  -9.129780 -10.856475 29.896875  -0.820288 -0.555367 0.136731  0.886321 0.389490
chess_set_pieces_black
0  -7.973955 -11.438145 33.701851  -0.783159 -0.600541 0.161286  0.889060 0.372548
0  -9.129780 -10.856475 29.896875  -0.820288 -0.555367 0.136731  0.886321 0.389490
0  -6.126570 -13.177216 33.178139  -0.638428 -0.763612 0.096473  0.900225 0.373153
chess_set_pieces_black
0  -9.129780 -10.856475 29.896875  -0.820288 -0.555367 0.136731  0.886321 0.389490
0  -7.374240 -12.689144 29.370285  -0.636823 -0.767561 0.072847  0.897289 0.390173
0  -6.126570 -13.177216 33.178139  -0.638428 -0.763612 0.096473  0.900225 0.373153
chess_set_pieces_black
0  -6.126570 -13.177216 33.178139  -0.638428 -0.763612 0.096473  0.900225 0.373153
0  -7.374240 -12.689144 29.370285  -0.636823 -0.767561 0.072847  0.897289 0.390173
0  -5.170275 -14.324265 28.425283  -0.581340 -0.813606 0.009403  0.909490 0.392547
chess_set_pieces_black
0  -7.374240 -12.689144 29.370285  -0.636823 -0.767561 0.072847  0.897289 0.390173
0  -8.949555 -11.621386 25.180246  -0.671513 -0.740685 -0.021350  0.891900 0.408472
0  -5.170275 -14.324265 28.425283  -0.581340 -0.813606 0.009403  0.909490 0.392547
chess_set_pieces_black
0  -8.949555 -11.621386 25.180246  -0.671513 -0.740685 -0.021350  0.891900 0.408472
0  -6.909255 -13.104586 24.405704  -0.530999 -0.839371 -0.116177  0.902547 0.410501
0  -5.170275 -14.324265 28.425283  -0.581340 -0.813606 0.009403  0.909490 0.392547
chess_set_pieces_black
0  -6.909255 -13.104586 24.405704  -0.530999 -0.839371 -0.116177  0.902547 0.410501
0  -8.949555 -11.621386 25.180246  -0.671513 -0.740685 -0.021350  0.891900 0.408472
0  -9.836730 -10.326690 20.516716  -0.685283 -0.706769 -0.175682  0.887990 0.427302
chess_set_pieces_black
0  -7.589655 -11.804895 20.225790  -0.487580 -0.831072 -0.267554  0.898419 0.427909
0  -6.909255 -13.104586 24.405704  -0.530999 -0.839371 -0.116177  0.902547 0.410501
0  -9.836730 -10.326690 20.516716  -0.685283 -0.706769 -0.175682  0.887990 0.427302
chess_set_pieces_black
0  -7.589655 -11.804895 20.225790  -0.487580 -0.831072 -0.267554  0.898419 0.427909
0  -9.836730 -10.326690 20.516716  -0.685283 -0.706769 -0.175682  0.887990 0.427302
0  -7.350210 -11.096190 18.763290  -0.413715 -0.740095 -0.530188  0.897882 0.434432
chess_set_pieces_black
0  -7.589655 -11.804895 20.225790  -0.487580 -0.831072 -0.267554  0.898419 0.427909
0  -7.350210 -11.096190 18.763290  -0.413715 -0.740095 -0.530188  0.897882 0.434432
0  -4.793850 -11.995155 18.728640  -0.237099 -0.796789 -0.555798  0.908922 0.435388
chess_set_pieces_black
0  -4.793850 -11.995155 18.728640  -0.237099 -0.796789 -0.555798  0.908922 0.435388
0  -7.350210 -11.096190 18.763290  -0.413715 -0.740095 -0.530188  0.897882 0.434432
0  -4.759020 -11.303955 17.864595  -0.221044 -0.743047 -0.631681  0.907790 0.439904
chess_set_pieces_black
0  -4.793850 -11.995155 18.728640  -0.237099 -0.796789 -0.555798  0.908922 0.435388
0  -4.759020 -11.303955 17.864595  -0.221044 -0.743047 -0.631681  0.907790 0.439904
0  -2.377350 -11.743065 17.849159  -0.099362 -0.772639 -0.627022  0.917988 0.441499
chess_set_pieces_black
0  -2.403990 -12.420000 18.672390  -0.112447 -0.802732 -0.585642  0.919017 0.437053
0  -4.793850 -11.995155 18.728640  -0.237099 -0.796789 -0.555798  0.908922 0.435388
0  -2.377350 -11.743065 17.849159  -0.099362 -0.772639 -0.627022  0.917988 0.441499
chess_set_pieces_black
0  -4.905450 -12.779235 20.049839  -0.316599 -0.873336 -0.370202  0.909931 0.429043
0  -4.793850 -11.995155 18.728640  -0.237099 -0.796789 -0.555798  0.908922 0.435388
0  -2.403990 -12.420000 18.672390  -0.112447 -0.802732 -0.585642  0.919017 0.437053
chess_set_pieces_black
0  -2.514105 -13.209030 19.877985  -0.152620 -0.870821 -0.467310  0.919968 0.430971
0  -4.905450 -12.779235 20.049839  -0.316599 -0.873336 -0.370202  0.909931 0.429043
0  -2.403990 -12.420000 18.672390  -0.112447 -0.802732 -0.585642  0.919017 0.437053
chess_set_pieces_black
0  -4.905450 -12.779235 20.049839  -0.316599 -0.873336 -0.370202  0.909931 0.429043
0  -7.589655 -11.804895 20.225790  -0.487580 -0.831072 -0.267554  0.898419 0.427909
0  -4.793850 -11.995155 18.728640  -0.237099 -0.796789 -0.555798  0.908922 0.435388
chess_set_pieces_black
0  -6.909255 -13.104586 24.405704  -0.530999 -0.839371 -0.116177  0.902547 0.410501
0  -7.589655 -11.804895 20.225790  -0.487580 -0.831072 -0.267554  0.898419 0.427909
0  -4.905450 -12.779235 20.049839  -0.316599 -0.873336 -0.370202  0.909931 0.429043
chess_set_pieces_black
0  -7.973955 -11.438145 33.701851  -0.783159 -0.600541 0.161286  0.889060 0.372548
0  -6.126570 -13.177216 33.178139  -0.638428 -0.763612 0.096473  0.900225 0.373153
0  -6.775920 -11.650950 38.170170  -0.777248 -0.604714 0.173799  0.890433 0.352417
chess_set_pieces_black
0  -2.514105 -13.209030 19.877985  -0.152620 -0.870821 -0.467310  0.919968 0.430971
0  -2.403990 -12.420000 18.672390  -0.112447 -0.802732 -0.585642  0.919017 0.437053
0  -0.000855 -12.567780 18.649485  0.001099 -0.800175 -0.599766  0.929135 0.439214
chess_set_pieces_black
0  0.004185 -13.406040 19.820385  0.000710 -0.866743 -0.498754  0.930611 0.433144
0  -2.514105 -13.209030 19.877985  -0.152620 -0.870821 -0.467310  0.919968 0.430971
0  -0.000855 -12.567780 18.649485  0.001099 -0.800175 -0.599766  0.929135 0.439214
chess_set_pieces_black
0  -2.514105 -13.209030 19.877985  -0.152620 -0.870821 -0.467310  0.919968 0.430971
0  0.004185 -13.406040 19.820385  0.000710 -0.866743 -0.498754  0.930611 0.433144
0  -0.000180 -14.613480 22.076731  0.001221 -0.919773 -0.392449  0.932898 0.422266
chess_set_pieces_black
0  -2.287260 -14.475195 22.357889  -0.183721 -0.914424 -0.360661  0.923285 0.419416
0  -2.514105 -13.209030 19.877985  -0.152620 -0.870821 -0.467310  0.919968 0.430971
0  -0.000180 -14.613480 22.076731  0.001221 -0.919773 -0.392449  0.932898 0.422266
chess_set_pieces_black
0  -4.905450 -12.779235 20.049839  -0.316599 -0.873336 -0.370202  0.909931 0.429043
0  -2.514105 -13.209030 19.877985  -0.152620 -0.870821 -0.467310  0.919968 0.430971
0  -2.287260 -14.475195 22.357889  -0.183721 -0.914424 -0.360661  0.923285 0.419416
chess_set_pieces_black
0  -4.411935 -14.141880 23.153942  -0.387727 -0.889964 -0.240065  0.914234 0.415213
0  -4.905450 -12.779235 20.049839  -0.316599 -0.873336 -0.370202  0.909931 0.429043
0  -2.287260 -14.475195 22.357889  -0.183721 -0.914424 -0.360661  0.923285 0.419416
chess_set_pieces_black
0  -4.411935 -14.141880 23.153942  -0.387727 -0.889964 -0.240065  0.914234 0.415213
0  -6.909255 -13.104586 24.405704  -0.530999 -0.839371 -0.116177  0.902547 0.410501
0  -4.905450 -12.779235 20.049839  -0.316599 -0.873336 -0.370202  0.909931 0.429043
chess_set_pieces_black
0  -4.411935 -14.141880 23.153942  -0.387727 -0.889964 -0.240065  0.914234 0.415213
0  -3.202650 -15.675436 27.201330  -0.516019 -0.848835 -0.114906  0.920406 0.396608
0  -6.909255 -13.104586 24.405704  -0.530999 -0.839371 -0.116177  0.902547 0.410501
chess_set_pieces_black
0  -3.202650 -15.675436 27.201330  -0.516019 -0.848835 -0.114906  0.920406 0.396608
0  -5.170275 -14.324265 28.425283  -0.581340 -0.813606 0.009403  0.909490 0.392547
0  -6.909255 -13.104586 24.405704  -0.530999 -0.839371 -0.116177  0.902547 0.410501
chess_set_pieces_black
0  -5.170275 -14.324265 28.425283  -0.581340 -0.813606 0.009403  0.909490 0.392547
0  -3.202650 -15.675436 27.201330  -0.516019 -0.848835 -0.114906  0.920406 0.396608
0  -3.944655 -14.634000 32.446125  -0.680078 -0.730929 0.056887  0.911886 0.374485
chess_set_pieces_black
0  -3.944655 -14.634000 32.446125  -0.680078 -0.730929 0.056887  0.911886 0.374485
0  -6.126570 -13.177216 33.178139  -0.638428 -0.763612 0.096473  0.900225 0.373153
0  -5.170275 -14.324265 28.425283  -0.581340 -0.813606 0.009403  0.909490 0.392547
chess_set_pieces_black
0  -6.126570 -13.177216 33.178139  -0.638428 -0.763612 0.096473  0.900225 0.373153
0  -3.944655 -14.634000 32.446125  -0.680078 -0.730929 0.056887  0.911886 0.374485
0  -5.039865 -13.296329 37.932842  -0.678921 -0.724572 0.118586  0.901015 0.351866
chess_set_pieces_black
0  -6.126570 -13.177216 33.178139  -0.638428 -0.763612 0.096473  0.900225 0.373153
0  -5.039865 -13.296329 37.932842  -0.678921 -0.724572 0.118586  0.901015 0.351866
0  -6.775920 -11.650950 38.170170  -0.777248 -0.604714 0.173799  0.890433 0.352417
chess_set_pieces_black
0  -5.920560 -11.530035 42.677193  -0.775687 -0.601132 0.192225  0.889688 0.332255
0  -6.775920 -11.650950 38.170170  -0.777248 -0.604714 0.173799  0.890433 0.352417
0  -5.039865 -13.296329 37.932842  -0.678921 -0.724572 0.118586  0.901015 0.351866
chess_set_pieces_black
0  -6.775920 -11.650950 38.170170  -0.777248 -0.604714 0.173799  0.890433 0.352417
0  -5.920560 -11.530035 42.677193  -0.775687 -0.601132 0.192225  0.889688 0.332255
0  -7.303275 -8.940915 42.525043  -0.908193 -0.370848 0.194056  0.876901 0.334160
chess_set_pieces_black
0  -8.248680 -9.070830 38.301029  -0.905493 -0.369009 0.209557  0.877386 0.353236
0  -6.775920 -11.650950 38.170170  -0.777248 -0.604714 0.173799  0.890433 0.352417
0  -7.303275 -8.940915 42.525043  -0.908193 -0.370848 0.194056  0.876901 0.334160
chess_set_pieces_black
0  -6.775920 -11.650950 38.170170  -0.777248 -0.604714 0.173799  0.890433 0.352417
0  -8.248680 -9.070830 38.301029  -0.905493 -0.369009 0.209557  0.877386 0.353236
0  -9.414360 -8.783550 34.007626  -0.917636 -0.343982 0.199050  0.875920 0.372669
chess_set_pieces_black
0  -7.973955 -11.438145 33.701851  -0.783159 -0.600541 0.161286  0.889060 0.372548
0  -6.775920 -11.650950 38.170170  -0.777248 -0.604714 0.173799  0.890433 0.352417
0  -9.414360 -8.783550 34.007626  -0.917636 -0.343982 0.199050  0.875920 0.372669
chess_set_pieces_black
0  -4.246920 -13.057110 42.630661  -0.704267 -0.686618 0.180454  0.899588 0.330808
0  -5.920560 -11.530035 42.677193  -0.775687 -0.601132 0.192225  0.889688 0.332255
0  -5.039865 -13.296329 37.932842  -0.678921 -0.724572 0.118586  0.901015 0.351866
chess_set_pieces_black
0  -5.039865 -13.296329 37.932842  -0.678921 -0.724572 0.118586  0.901015 0.351866
0  -2.982600 -15.549524 37.669861  -0.771043 -0.631798 0.079520  0.914514 0.351099
0  -4.246920 -13.057110 42.630661  -0.704267 -0.686618 0.180454  0.899588 0.330808
chess_set_pieces_black
0  -3.944655 -14.634000 32.446125  -0.680078 -0.730929 0.056887  0.911886 0.374485
0  -2.982600 -15.549524 37.669861  -0.771043 -0.631798 0.079520  0.914514 0.351099
0  -5.039865 -13.296329 37.932842  -0.678921 -0.724572 0.118586  0.901015 0.351866
chess_set_pieces_black
0  -3.944655 -14.634000 32.446125  -0.680078 -0.730929 0.056887  0.911886 0.374485
0  -2.593170 -16.429230 31.851721  -0.698336 -0.715682 -0.011255  0.921894 0.375892
0  -2.982600 -15.549524 37.669861  -0.771043 -0.631798 0.079520  0.914514 0.351099
chess_set_pieces_black
0  -3.202650 -15.675436 27.201330  -0.516019 -0.848835 -0.114906  0.920406 0.396608
0  -2.593170 -16.429230 31.851721  -0.698336 -0.715682 -0.011255  0.921894 0.375892
0  -3.944655 -14.634000 32.446125  -0.680078 -0.730929 0.056887  0.911886 0.374485
chess_set_pieces_black
0  -2.593170 -16.429230 31.851721  -0.698336 -0.715682 -0.011255  0.921894 0.375892
0  -2.104425 -17.090055 37.740376  -0.791609 -0.609432 0.044146  0.922223 0.349862
0  -2.982600 -15.549524 37.669861  -0.771043 -0.631798 0.079520  0.914514 0.351099
chess_set_pieces_black
0  -2.104425 -17.090055 37.740376  -0.791609 -0.609432 0.044146  0.922223 0.349862
0  -2.043540 -16.464600 42.843018  -0.831780 -0.542040 0.119727  0.917462 0.327751
0  -2.982600 -15.549524 37.669861  -0.771043 -0.631798 0.079520  0.914514 0.351099
chess_set_pieces_black
0  -2.043540 -16.464600 42.843018  -0.831780 -0.542040 0.119727  0.917462 0.327751
0  -2.875410 -14.638411 42.588226  -0.824886 -0.547102 0.142278  0.908776 0.329721
0  -2.982600 -15.549524 37.669861  -0.771043 -0.631798 0.079520  0.914514 0.351099
chess_set_pieces_black
0  -2.982600 -15.549524 37.669861  -0.771043 -0.631798 0.079520  0.914514 0.351099
0  -2.875410 -14.638411 42.588226  -0.824886 -0.547102 0.142278  0.908776 0.329721
0  -4.246920 -13.057110 42.630661  -0.704267 -0.686618 0.180454  0.899588 0.330808
chess_set_pieces_black
0  -2.875410 -14.638411 42.588226  -0.824886 -0.547102 0.142278  0.908776 0.329721
0  -2.776905 -13.657141 46.361248  -0.853405 -0.482732 0.196644  0.903513 0.313296
0  -4.246920 -13.057110 42.630661  -0.704267 -0.686618 0.180454  0.899588 0.330808
chess_set_pieces_black
0  -2.776905 -13.657141 46.361248  -0.853405 -0.482732 0.196644  0.903513 0.313296
0  -2.875410 -14.638411 42.588226  -0.824886 -0.547102 0.142278  0.908776 0.329721
0  -2.043540 -16.464600 42.843018  -0.831780 -0.542040 0.119727  0.917462 0.327751
chess_set_pieces_black
0  -2.106045 -14.961870 46.798378  -0.852529 -0.486565 0.190914  0.909782 0.310822
0  -2.776905 -13.657141 46.361248  -0.853405 -0.482732 0.196644  0.903513 0.313296
0  -2.043540 -16.464600 42.843018  -0.831780 -0.542040 0.119727  0.917462 0.327751
chess_set_pieces_black
0  -2.644065 -12.356865 49.395874  -0.855459 -0.444800 0.265224  0.897521 0.299984
0  -2.776905 -13.657141 46.361248  -0.853405 -0.482732 0.196644  0.903513 0.313296
0  -2.106045 -14.961870 46.798378  -0.852529 -0.486565 0.190914  0.909782 0.310822
chess_set_pieces_black
0  -2.045340 -13.602691 49.992298  -0.847198 -0.451069 0.280700  0.903415 0.296983
0  -2.644065 -12.356865 49.395874  -0.855459 -0.444800 0.265224  0.897521 0.299984
0  -2.106045 -14.961870 46.798378  -0.852529 -0.486565 0.190914  0.909782 0.310822
chess_set_pieces_black
0  -2.045340 -13.602691 49.992298  -0.847198 -0.451069 0.280700  0.903415 0.296983
0  -1.777860 -11.781135 52.873962  -0.847820 -0.403451 0.344134  0.895728 0.284129
0  -2.523330 -10.685969 52.252560  -0.844429 -0.401973 0.354059  0.890218 0.287384
chess_set_pieces_black
0  -2.644065 -12.356865 49.395874  -0.855459 -0.444800 0.265224  0.897521 0.299984
0  -2.045340 -13.602691 49.992298  -0.847198 -0.451069 0.280700  0.903415 0.296983
0  -2.523330 -10.685969 52.252560  -0.844429 -0.401973 0.354059  0.890218 0.287384
chess_set_pieces_black
0  -2.523330 -10.685969 52.252560  -0.844429 -0.401973 0.354059  0.890218 0.287384
0  -3.638340 -9.432810 51.287491  -0.711039 -0.547834 0.440795  0.883466 0.292489
0  -2.644065 -12.356865 49.395874  -0.855459 -0.444800 0.265224  0.897521 0.299984
chess_set_pieces_black
0  -3.638340 -9.432810 51.287491  -0.711039 -0.547834 0.440795  0.883466 0.292489
0  -3.756330 -10.984680 48.716457  -0.716155 -0.608724 0.341434  0.890136 0.303902
0  -2.644065 -12.356865 49.395874  -0.855459 -0.444800 0.265224  0.897521 0.299984
chess_set_pieces_black
0  -2.644065 -12.356865 49.395874  -0.855459 -0.444800 0.265224  0.897521 0.299984
0  -3.756330 -10.984680 48.716457  -0.716155 -0.608724 0.341434  0.890136 0.303902
0  -2.776905 -13.657141 46.361248  -0.853405 -0.482732 0.196644  0.903513 0.313296
chess_set_pieces_black
0  -3.756330 -10.984680 48.716457  -0.716155 -0.608724 0.341434  0.890136 0.303902
0  -3.877335 -12.143069 45.886410  -0.709338 -0.654142 0.262562  0.895542 0.316306
0  -2.776905 -13.657141 46.361248  -0.853405 -0.482732 0.196644  0.903513 0.313296
chess_set_pieces_black
0  -2.776905 -13.657141 46.361248  -0.853405 -0.482732 0.196644  0.903513 0.313296
0  -3.877335 -12.143069 45.886410  -0.709338 -0.654142 0.262562  0.895542 0.316306
0  -4.246920 -13.057110 42.630661  -0.704267 -0.686618 0.180454  0.899588 0.330808
chess_set_pieces_black
0  -4.246920 -13.057110 42.630661  -0.704267 -0.686618 0.180454  0.899588 0.330808
0  -3.877335 -12.143069 45.886410  -0.709338 -0.654142 0.262562  0.895542 0.316306
0  -5.554800 -10.952145 45.567497  -0.757197 -0.603391 0.250144  0.886978 0.319536
chess_set_pieces_black
0  -5.920560 -11.530035 42.677193  -0.775687 -0.601132 0.192225  0.889688 0.332255
0  -4.246920 -13.057110 42.630661  -0.704267 -0.686618 0.180454  0.899588 0.330808
0  -5.554800 -10.952145 45.567497  -0.757197 -0.603391 0.250144  0.886978 0.319536
chess_set_pieces_black
0  -5.554800 -10.952145 45.567497  -0.757197 -0.603391 0.250144  0.886978 0.319536
0  -7.121295 -8.463735 44.793812  -0.906222 -0.390270 0.162637  0.874480 0.324190
0  -5.920560 -11.530035 42.677193  -0.775687 -0.601132 0.192225  0.889688 0.332255
chess_set_pieces_black
0  -7.121295 -8.463735 44.793812  -0.906222 -0.390270 0.162637  0.874480 0.324190
0  -7.303275 -8.940915 42.525043  -0.908193 -0.370848 0.194056  0.876901 0.334160
0  -5.920560 -11.530035 42.677193  -0.775687 -0.601132 0.192225  0.889688 0.332255
chess_set_pieces_black
0  -7.303275 -8.940915 42.525043  -0.908193 -0.370848 0.194056  0.876901 0.334160
0  -7.121295 -8.463735 44.793812  -0.906222 -0.390270 0.162637  0.874480 0.324190
0  -8.167500 -5.188950 43.689598  -0.950235 -0.308614 0.042554  0.859667 0.329991
chess_set_pieces_black
0  -8.355960 -5.730570 41.842258  -0.963589 -0.195671 0.182232  0.862216 0.338100
0  -7.303275 -8.940915 42.525043  -0.908193 -0.370848 0.194056  0.876901 0.334160
0  -8.167500 -5.188950 43.689598  -0.950235 -0.308614 0.042554  0.859667 0.329991
chess_set_pieces_black
0  -7.303275 -8.940915 42.525043  -0.908193 -0.370848 0.194056  0.876901 0.334160
0  -8.355960 -5.730570 41.842258  -0.963589 -0.195671 0.182232  0.862216 0.338100
0  -8.248680 -9.070830 38.301029  -0.905493 -0.369009 0.209557  0.877386 0.353236
chess_set_pieces_black
0  -8.355960 -5.730570 41.842258  -0.963589 -0.195671 0.182232  0.862216 0.338100
0  -9.175905 -5.977755 38.109016  -0.962095 -0.165072 0.217081  0.863230 0.354945
0  -8.248680 -9.070830 38.301029  -0.905493 -0.369009 0.209557  0.877386 0.353236
chess_set_pieces_black
0  -9.175905 -5.977755 38.109016  -0.962095 -0.165072 0.217081  0.863230 0.354945
0  -10.070280 -5.728545 34.072472  -0.970682 -0.124921 0.205359  0.862227 0.373222
0  -8.248680 -9.070830 38.301029  -0.905493 -0.369009 0.209557  0.877386 0.353236
chess_set_pieces_black
0  -10.070280 -5.728545 34.072472  -0.970682 -0.124921 0.205359  0.862227 0.373222
0  -9.414360 -8.783550 34.007626  -0.917636 -0.343982 0.199050  0.875920 0.372669
0  -8.248680 -9.070830 38.301029  -0.905493 -0.369009 0.209557  0.877386 0.353236
chess_set_pieces_black
0  -10.070280 -5.728545 34.072472  -0.970682 -0.124921 0.205359  0.862227 0.373222
0  -10.864530 -4.918635 30.230639  -0.981597 -0.059618 0.181419  0.859296 0.390729
0  -9.414360 -8.783550 34.007626  -0.917636 -0.343982 0.199050  0.875920 0.372669
chess_set_pieces_black
0  -5.554800 -10.952145 45.567497  -0.757197 -0.603391 0.250144  0.886978 0.319536
0  -5.408910 -9.887535 48.156258  -0.743553 -0.584580 0.324646  0.882216 0.308278
0  -7.028325 -7.648605 46.961056  -0.876375 -0.450682 0.169862  0.870639 0.314695
chess_set_pieces_black
0  -3.756330 -10.984680 48.716457  -0.716155 -0.608724 0.341434  0.890136 0.303902
0  -5.408910 -9.887535 48.156258  -0.743553 -0.584580 0.324646  0.882216 0.308278
0  -5.554800 -10.952145 45.567497  -0.757197 -0.603391 0.250144  0.886978 0.319536
chess_set_pieces_black
0  -3.877335 -12.143069 45.886410  -0.709338 -0.654142 0.262562  0.895542 0.316306
0  -3.756330 -10.984680 48.716457  -0.716155 -0.608724 0.341434  0.890136 0.303902
0  -5.554800 -10.952145 45.567497  -0.757197 -0.603391 0.250144  0.886978 0.319536
chess_set_pieces_black
0  -7.121295 -8.463735 44.793812  -0.906222 -0.390270 0.162637  0.874480 0.324190
0  -5.554800 -10.952145 45.567497  -0.757197 -0.603391 0.250144  0.886978 0.319536
0  -7.028325 -7.648605 46.961056  -0.876375 -0.450682 0.169862  0.870639 0.314695
chess_set_pieces_black
0  -7.121295 -8.463735 44.793812  -0.906222 -0.390270 0.162637  0.874480 0.324190
0  -7.028325 -7.648605 46.961056  -0.876375 -0.450682 0.169862  0.870639 0.314695
0  -8.167500 -5.188950 43.689598  -0.950235 -0.308614 0.042554  0.859667 0.329991
chess_set_pieces_black
0  -7.028325 -7.648605 46.961056  -0.876375 -0.450682 0.169862  0.870639 0.314695
0  -8.448794 -4.597110 45.470066  -0.900801 -0.434200 -0.005261  0.856321 0.322350
0  -8.167500 -5.188950 43.689598  -0.950235 -0.308614 0.042554  0.859667 0.329991
chess_set_pieces_black
0  -9.039285 -4.122135 47.233845  -0.882070 -0.463357 0.085163  0.852704 0.314757
0  -8.448794 -4.597110 45.470066  -0.900801 -0.434200 -0.005261  0.856321 0.322350
0  -7.028325 -7.648605 46.961056  -0.876375 -0.450682 0.169862  0.870639 0.314695
chess_set_pieces_black
0  -7.088715 -6.547320 48.891327  -0.821835 -0.522160 0.227894  0.865641 0.306257
0  -9.039285 -4.122135 47.233845  -0.882070 -0.463357 0.085163  0.852704 0.314757
0  -7.028325 -7.648605 46.961056  -0.876375 -0.450682 0.169862  0.870639 0.314695
chess_set_pieces_black
0  -7.028325 -7.648605 46.961056  -0.876375 -0.450682 0.169862  0.870639 0.314695
0  -5.408910 -9.887535 48.156258  -0.743553 -0.584580 0.324646  0.882216 0.308278
0  -7.088715 -6.547320 48.891327  -0.821835 -0.522160 0.227894  0.865641 0.306257
chess_set_pieces_black
0  -5.408910 -9.887535 48.156258  -0.743553 -0.584580 0.324646  0.882216 0.308278
0  -5.283675 -8.397720 50.485725  -0.717507 -0.568937 0.401864  0.876041 0.297876
0  -7.088715 -6.547320 48.891327  -0.821835 -0.522160 0.227894  0.865641 0.306257
chess_set_pieces_black
0  -5.283675 -8.397720 50.485725  -0.717507 -0.568937 0.401864  0.876041 0.297876
0  -5.408910 -9.887535 48.156258  -0.743553 -0.584580 0.324646  0.882216 0.308278
0  -3.756330 -10.984680 48.716457  -0.716155 -0.608724 0.341434  0.890136 0.303902
chess_set_pieces_black
0  -3.638340 -9.432810 51.287491  -0.711039 -0.547834 0.440795  0.883466 0.292489
0  -5.283675 -8.397720 50.485725  -0.717507 -0.568937 0.401864  0.876041 0.297876
0  -3.756330 -10.984680 48.716457  -0.716155 -0.608724 0.341434  0.890136 0.303902
chess_set_pieces_black
0  -6.626925 7.152075 29.212875  -0.624806 0.635549 0.453537  0.257123 0.189055
0  -8.407215 5.515335 28.573875  -0.768245 0.511857 0.384451  0.259174 0.178762
0  -7.843680 3.412395 32.191605  -0.751826 0.525739 0.397941  0.241527 0.173544
chess_set_pieces_black
0  -6.097725 5.076585 32.665680  -0.628029 0.636137 0.448229  0.238672 0.185046
0  -6.626925 7.152075 29.212875  -0.624806 0.635549 0.453537  0.257123 0.189055
0  -7.843680 3.412395 32.191605  -0.751826 0.525739 0.397941  0.241527 0.173544
chess_set_pieces_black
0  -6.097725 5.076585 32.665680  -0.628029 0.636137 0.448229  0.238672 0.185046
0  -7.843680 3.412395 32.191605  -0.751826 0.525739 0.397941  0.241527 0.173544
0  -5.674860 4.091625 34.884766  -0.647480 0.655615 0.388508  0.225927 0.182348
chess_set_pieces_black
0  -6.097725 5.076585 32.665680  -0.628029 0.636137 0.448229  0.238672 0.185046
0  -5.674860 4.091625 34.884766  -0.647480 0.655615 0.388508  0.225927 0.182348
0  -3.926745 5.417955 34.999111  -0.499562 0.764962 0.406534  0.223954 0.195089
chess_set_pieces_black
0  -8.407215 5.515335 28.573875  -0.768245 0.511857 0.384451  0.259174 0.178762
0  -8.723700 7.907445 24.610275  -0.781573 0.527426 0.333115  0.276618 0.183351
0  -10.018215 5.725125 23.809050  -0.894090 0.374468 0.245718  0.277973 0.173732
chess_set_pieces_black
0  -8.723700 7.907445 24.610275  -0.781573 0.527426 0.333115  0.276618 0.183351
0  -8.407215 5.515335 28.573875  -0.768245 0.511857 0.384451  0.259174 0.178762
0  -6.878655 9.688905 25.163414  -0.629297 0.661556 0.407835  0.275838 0.193014
chess_set_pieces_black
0  -8.407215 5.515335 28.573875  -0.768245 0.511857 0.384451  0.259174 0.178762
0  -6.626925 7.152075 29.212875  -0.624806 0.635549 0.453537  0.257123 0.189055
0  -6.878655 9.688905 25.163414  -0.629297 0.661556 0.407835  0.275838 0.193014
chess_set_pieces_black
0  -4.812210 11.110590 25.540785  -0.470500 0.759667 0.448927  0.275601 0.202481
0  -6.878655 9.688905 25.163414  -0.629297 0.661556 0.407835  0.275838 0.193014
0  -6.626925 7.152075 29.212875  -0.624806 0.635549 0.453537  0.257123 0.189055
chess_set_pieces_black
0  -4.571100 8.504055 29.650322  -0.483037 0.724052 0.492365  0.255924 0.199848
0  -4.812210 11.110590 25.540785  -0.470500 0.759667 0.448927  0.275601 0.202481
0  -6.626925 7.152075 29.212875  -0.624806 0.635549 0.453537  0.257123 0.189055
chess_set_pieces_black
0  -4.571100 8.504055 29.650322  -0.483037 0.724052 0.492365  0.255924 0.199848
0  -6.626925 7.152075 29.212875  -0.624806 0.635549 0.453537  0.257123 0.189055
0  -6.097725 5.076585 32.665680  -0.628029 0.636137 0.448229  0.238672 0.185046
chess_set_pieces_black
0  -4.205475 6.404445 33.020866  -0.490693 0.725886 0.481985  0.236608 0.197002
0  -4.571100 8.504055 29.650322  -0.483037 0.724052 0.492365  0.255924 0.199848
0  -6.097725 5.076585 32.665680  -0.628029 0.636137 0.448229  0.238672 0.185046
chess_set_pieces_black
0  -4.205475 6.404445 33.020866  -0.490693 0.725886 0.481985  0.236608 0.197002
0  -6.097725 5.076585 32.665680  -0.628029 0.636137 0.448229  0.238672 0.185046
0  -3.926745 5.417955 34.999111  -0.499562 0.764962 0.406534  0.223954 0.195089
chess_set_pieces_black
0  -4.205475 6.404445 33.020866  -0.490693 0.725886 0.481985  0.236608 0.197002
0  -3.926745 5.417955 34.999111  -0.499562 0.764962 0.406534  0.223954 0.195089
0  -2.025270 6.285285 35.155396  -0.264961 0.854996 0.445845  0.222380 0.208322
chess_set_pieces_black
0  -2.025270 6.285285 35.155396  -0.264961 0.854996 0.445845  0.222380 0.208322
0  -3.926745 5.417955 34.999111  -0.499562 0.764962 0.406534  0.223954 0.195089
0  -1.917630 5.829435 36.260910  -0.271342 0.944339 0.186004  0.214218 0.207787
chess_set_pieces_black
0  -3.728115 5.032080 36.280663  -0.533435 0.831711 0.153962  0.215200 0.194082
0  -3.926745 5.417955 34.999111  -0.499562 0.764962 0.406534  0.223954 0.195089
0  -5.312070 3.703095 36.395729  -0.715708 0.683668 0.142691  0.216769 0.180958
chess_set_pieces_black
0  -3.926745 5.417955 34.999111  -0.499562 0.764962 0.406534  0.223954 0.195089
0  -5.674860 4.091625 34.884766  -0.647480 0.655615 0.388508  0.225927 0.182348
0  -5.312070 3.703095 36.395729  -0.715708 0.683668 0.142691  0.216769 0.180958
chess_set_pieces_black
0  -5.312070 3.703095 36.395729  -0.715708 0.683668 0.142691  0.216769 0.180958
0  -5.674860 4.091625 34.884766  -0.647480 0.655615 0.388508  0.225927 0.182348
0  -6.551100 1.981935 36.636120  -0.805510 0.575929 0.139501  0.217932 0.168812
chess_set_pieces_black
0  -5.674860 4.091625 34.884766  -0.647480 0.655615 0.388508  0.225927 0.182348
0  -7.210485 2.358810 34.821224  -0.743063 0.557397 0.370358  0.227967 0.170226
0  -6.551100 1.981935 36.636120  -0.805510 0.575929 0.139501  0.217932 0.168812
chess_set_pieces_black
0  -7.843680 3.412395 32.191605  -0.751826 0.525739 0.397941  0.241527 0.173544
0  -7.210485 2.358810 34.821224  -0.743063 0.557397 0.370358  0.227967 0.170226
0  -5.674860 4.091625 34.884766  -0.647480 0.655615 0.388508  0.225927 0.182348
chess_set_pieces_black
0  -7.843680 3.412395 32.191605  -0.751826 0.525739 0.397941  0.241527 0.173544
0  -9.175815 1.575585 31.591980  -0.852648 0.408573 0.325668  0.244574 0.163556
0  -7.210485 2.358810 34.821224  -0.743063 0.557397 0.370358  0.227967 0.170226
chess_set_pieces_black
0  -9.175815 1.575585 31.591980  -0.852648 0.408573 0.325668  0.244574 0.163556
0  -7.843680 3.412395 32.191605  -0.751826 0.525739 0.397941  0.241527 0.173544
0  -8.407215 5.515335 28.573875  -0.768245 0.511857 0.384451  0.259174 0.178762
chess_set_pieces_black
0  -9.753255 3.561525 27.730665  -0.879959 0.374035 0.292865  0.261701 0.168969
0  -9.175815 1.575585 31.591980  -0.852648 0.408573 0.325668  0.244574 0.163556
0  -8.407215 5.515335 28.573875  -0.768245 0.511857 0.384451  0.259174 0.178762
chess_set_pieces_black
0  -9.753255 3.561525 27.730665  -0.879959 0.374035 0.292865  0.261701 0.168969
0  -8.407215 5.515335 28.573875  -0.768245 0.511857 0.384451  0.259174 0.178762
0  -10.018215 5.725125 23.809050  -0.894090 0.374468 0.245718  0.277973 0.173732
chess_set_pieces_black
0  -9.753255 3.561525 27.730665  -0.879959 0.374035 0.292865  0.261701 0.168969
0  -10.018215 5.725125 23.809050  -0.894090 0.374468 0.245718  0.277973 0.173732
0  -10.699965 1.359045 26.973900  -0.941535 0.258333 0.216277  0.263713 0.159499
chess_set_pieces_black
0  -10.018215 5.725125 23.809050  -0.894090 0.374468 0.245718  0.277973 0.173732
0  -10.907640 3.382380 23.025871  -0.948400 0.259017 0.182888  0.279316 0.164350
0  -10.699965 1.359045 26.973900  -0.941535 0.258333 0.216277  0.263713 0.159499
chess_set_pieces_black
0  -10.907640 3.382380 23.025871  -0.948400 0.259017 0.182888  0.279316 0.164350
0  -10.018215 5.725125 23.809050  -0.894090 0.374468 0.245718  0.277973 0.173732
0  -10.874205 4.832100 21.004019  -0.952202 0.277870 0.126887  0.287324 0.168053
chess_set_pieces_black
0  -10.018215 5.725125 23.809050  -0.894090 0.374468 0.245718  0.277973 0.173732
0  -9.919440 7.356555 21.432690  -0.896483 0.407179 0.174710  0.287489 0.177589
0  -10.874205 4.832100 21.004019  -0.952202 0.277870 0.126887  0.287324 0.168053
chess_set_pieces_black
0  -10.018215 5.725125 23.809050  -0.894090 0.374468 0.245718  0.277973 0.173732
0  -8.723700 7.907445 24.610275  -0.781573 0.527426 0.333115  0.276618 0.183351
0  -9.919440 7.356555 21.432690  -0.896483 0.407179 0.174710  0.287489 0.177589
chess_set_pieces_black
0  -8.723700 7.907445 24.610275  -0.781573 0.527426 0.333115  0.276618 0.183351
0  -8.506035 9.578790 21.842010  -0.789477 0.566157 0.237048  0.287659 0.186871
0  -9.919440 7.356555 21.432690  -0.896483 0.407179 0.174710  0.287489 0.177589
chess_set_pieces_black
0  -8.723700 7.907445 24.610275  -0.781573 0.527426 0.333115  0.276618 0.183351
0  -6.878655 9.688905 25.163414  -0.629297 0.661556 0.407835  0.275838 0.193014
0  -8.506035 9.578790 21.842010  -0.789477 0.566157 0.237048  0.287659 0.186871
chess_set_pieces_black
0  -6.878655 9.688905 25.163414  -0.629297 0.661556 0.407835  0.275838 0.193014
0  -6.738255 11.456776 22.141125  -0.640157 0.708104 0.297974  0.288090 0.195882
0  -8.506035 9.578790 21.842010  -0.789477 0.566157 0.237048  0.287659 0.186871
chess_set_pieces_black
0  -6.878655 9.688905 25.163414  -0.629297 0.661556 0.407835  0.275838 0.193014
0  -4.812210 11.110590 25.540785  -0.470500 0.759667 0.448927  0.275601 0.202481
0  -6.738255 11.456776 22.141125  -0.640157 0.708104 0.297974  0.288090 0.195882
chess_set_pieces_black
0  -9.175815 1.575585 31.591980  -0.852648 0.408573 0.325668  0.244574 0.163556
0  -9.753255 3.561525 27.730665  -0.879959 0.374035 0.292865  0.261701 0.168969
0  -10.699965 1.359045 26.973900  -0.941535 0.258333 0.216277  0.263713 0.159499
chess_set_pieces_black
0  -10.148985 -0.376605 31.011343  -0.927426 0.275791 0.252626  0.247226 0.154587
0  -9.175815 1.575585 31.591980  -0.852648 0.408573 0.325668  0.244574 0.163556
0  -10.699965 1.359045 26.973900  -0.941535 0.258333 0.216277  0.263713 0.159499
chess_set_pieces_black
0  -6.738255 11.456776 22.141125  -0.640157 0.708104 0.297974  0.288090 0.195882
0  -6.814260 11.841525 20.352736  -0.659210 0.750724 0.043079  0.294420 0.195646
0  -8.510175 9.908820 20.225250  -0.798272 0.602218 0.009764  0.293409 0.186822
chess_set_pieces_black
0  -8.506035 9.578790 21.842010  -0.789477 0.566157 0.237048  0.287659 0.186871
0  -6.738255 11.456776 22.141125  -0.640157 0.708104 0.297974  0.288090 0.195882
0  -8.510175 9.908820 20.225250  -0.798272 0.602218 0.009764  0.293409 0.186822
chess_set_pieces_black
0  -8.506035 9.578790 21.842010  -0.789477 0.566157 0.237048  0.287659 0.186871
0  -8.510175 9.908820 20.225250  -0.798272 0.602218 0.009764  0.293409 0.186822
0  -9.916065 7.693335 20.061405  -0.897071 0.441266 -0.023423  0.292389 0.177807
chess_set_pieces_black
0  -9.919440 7.356555 21.432690  -0.896483 0.407179 0.174710  0.287489 0.177589
0  -8.506035 9.578790 21.842010  -0.789477 0.566157 0.237048  0.287659 0.186871
0  -9.916065 7.693335 20.061405  -0.897071 0.441266 -0.023423  0.292389 0.177807
chess_set_pieces_black
0  -9.919440 7.356555 21.432690  -0.896483 0.407179 0.174710  0.287489 0.177589
0  -9.916065 7.693335 20.061405  -0.897071 0.441266 -0.023423  0.292389 0.177807
0  -10.805850 5.139000 19.882889  -0.953377 0.294041 -0.067915  0.291375 0.168468
chess_set_pieces_black
0  -10.874205 4.832100 21.004019  -0.952202 0.277870 0.126887  0.287324 0.168053
0  -9.919440 7.356555 21.432690  -0.896483 0.407179 0.174710  0.287489 0.177589
0  -10.805850 5.139000 19.882889  -0.953377 0.294041 -0.067915  0.291375 0.168468
chess_set_pieces_black
0  -10.874205 4.832100 21.004019  -0.952202 0.277870 0.126887  0.287324 0.168053
0  -10.805850 5.139000 19.882889  -0.953377 0.294041 -0.067915  0.291375 0.168468
0  -11.499975 2.462760 19.679310  -0.975804 0.154340 -0.154876  0.290477 0.158890
chess_set_pieces_black
0  -11.582865 2.128725 20.671650  -0.985246 0.159774 0.061333  0.286882 0.158255
0  -10.874205 4.832100 21.004019  -0.952202 0.277870 0.126887  0.287324 0.168053
0  -11.499975 2.462760 19.679310  -0.975804 0.154340 -0.154876  0.290477 0.158890
chess_set_pieces_black
0  -10.907640 3.382380 23.025871  -0.948400 0.259017 0.182888  0.279316 0.164350
0  -10.874205 4.832100 21.004019  -0.952202 0.277870 0.126887  0.287324 0.168053
0  -11.582865 2.128725 20.671650  -0.985246 0.159774 0.061333  0.286882 0.158255
chess_set_pieces_black
0  -11.554785 0.838170 22.440016  -0.980842 0.149635 0.124731  0.280026 0.154798
0  -10.907640 3.382380 23.025871  -0.948400 0.259017 0.182888  0.279316 0.164350
0  -11.582865 2.128725 20.671650  -0.985246 0.159774 0.061333  0.286882 0.158255
chess_set_pieces_black
0  -11.554785 0.838170 22.440016  -0.980842 0.149635 0.124731  0.280026 0.154798
0  -11.290815 -1.026630 26.410049  -0.977389 0.138174 0.160061  0.264940 0.150234
0  -10.907640 3.382380 23.025871  -0.948400 0.259017 0.182888  0.279316 0.164350
chess_set_pieces_black
0  -11.290815 -1.026630 26.410049  -0.977389 0.138174 0.160061  0.264940 0.150234
0  -10.699965 1.359045 26.973900  -0.941535 0.258333 0.216277  0.263713 0.159499
0  -10.907640 3.382380 23.025871  -0.948400 0.259017 0.182888  0.279316 0.164350
chess_set_pieces_black
0  -10.699965 1.359045 26.973900  -0.941535 0.258333 0.216277  0.263713 0.159499
0  -11.290815 -1.026630 26.410049  -0.977389 0.138174 0.160061  0.264940 0.150234
0  -10.733985 -2.555280 30.518415  -0.972565 0.118109 0.200419  0.249229 0.145855
chess_set_pieces_black
0  -10.148985 -0.376605 31.011343  -0.927426 0.275791 0.252626  0.247226 0.154587
0  -10.699965 1.359045 26.973900  -0.941535 0.258333 0.216277  0.263713 0.159499
0  -10.733985 -2.555280 30.518415  -0.972565 0.118109 0.200419  0.249229 0.145855
chess_set_pieces_black
0  -9.551160 -1.421235 34.469551  -0.911135 0.320328 0.259274  0.232884 0.150333
0  -10.148985 -0.376605 31.011343  -0.927426 0.275791 0.252626  0.247226 0.154587
0  -10.733985 -2.555280 30.518415  -0.972565 0.118109 0.200419  0.249229 0.145855
chess_set_pieces_black
0  -9.175815 1.575585 31.591980  -0.852648 0.408573 0.325668  0.244574 0.163556
0  -10.148985 -0.376605 31.011343  -0.927426 0.275791 0.252626  0.247226 0.154587
0  -9.551160 -1.421235 34.469551  -0.911135 0.320328 0.259274  0.232884 0.150333
chess_set_pieces_black
0  -8.513235 0.511470 34.709896  -0.822063 0.469642 0.321945  0.230260 0.159663
0  -9.175815 1.575585 31.591980  -0.852648 0.408573 0.325668  0.244574 0.163556
0  -9.551160 -1.421235 34.469551  -0.911135 0.320328 0.259274  0.232884 0.150333
chess_set_pieces_black
0  -9.175815 1.575585 31.591980  -0.852648 0.408573 0.325668  0.244574 0.163556
0  -8.513235 0.511470 34.709896  -0.822063 0.469642 0.321945  0.230260 0.159663
0  -7.210485 2.358810 34.821224  -0.743063 0.557397 0.370358  0.227967 0.170226
chess_set_pieces_black
0  -8.382510 9.765090 18.916605  -0.740949 0.576943 -0.343702  0.297947 0.185904
0  -8.510175 9.908820 20.225250  -0.798272 0.602218 0.009764  0.293409 0.186822
0  -6.814260 11.841525 20.352736  -0.659210 0.750724 0.043079  0.294420 0.195646
chess_set_pieces_black
0  -8.382510 9.765090 18.916605  -0.740949 0.576943 -0.343702  0.297947 0.185904
0  -9.741645 7.580340 18.771120  -0.844763 0.425884 -0.324034  0.296847 0.176925
0  -8.510175 9.908820 20.225250  -0.798272 0.602218 0.009764  0.293409 0.186822
chess_set_pieces_black
0  -9.741645 7.580340 18.771120  -0.844763 0.425884 -0.324034  0.296847 0.176925
0  -9.916065 7.693335 20.061405  -0.897071 0.441266 -0.023423  0.292389 0.177807
0  -8.510175 9.908820 20.225250  -0.798272 0.602218 0.009764  0.293409 0.186822
chess_set_pieces_black
0  -9.741645 7.580340 18.771120  -0.844763 0.425884 -0.324034  0.296847 0.176925
0  -10.636334 5.102820 18.613079  -0.903225 0.272910 -0.331218  0.295792 0.167761
0  -9.916065 7.693335 20.061405  -0.897071 0.441266 -0.023423  0.292389 0.177807
chess_set_pieces_black
0  -10.636334 5.102820 18.613079  -0.903225 0.272910 -0.331218  0.295792 0.167761
0  -10.805850 5.139000 19.882889  -0.953377 0.294041 -0.067915  0.291375 0.168468
0  -9.916065 7.693335 20.061405  -0.897071 0.441266 -0.023423  0.292389 0.177807
chess_set_pieces_black
0  -10.636334 5.102820 18.613079  -0.903225 0.272910 -0.331218  0.295792 0.167761
0  -11.186595 2.506365 18.425070  -0.912850 0.119280 -0.390483  0.294954 0.158521
0  -10.805850 5.139000 19.882889  -0.953377 0.294041 -0.067915  0.291375 0.168468
chess_set_pieces_black
0  -11.186595 2.506365 18.425070  -0.912850 0.119280 -0.390483  0.294954 0.158521
0  -11.499975 2.462760 19.679310  -0.975804 0.154340 -0.154876  0.290477 0.158890
0  -10.805850 5.139000 19.882889  -0.953377 0.294041 -0.067915  0.291375 0.168468
chess_set_pieces_black
0  -11.186595 2.506365 18.425070  -0.912850 0.119280 -0.390483  0.294954 0.158521
0  -11.149560 -0.171495 18.260145  -0.886280 0.008158 -0.463079  0.294403 0.149176
0  -11.499975 2.462760 19.679310  -0.975804 0.154340 -0.154876  0.290477 0.158890
chess_set_pieces_black
0  -11.149560 -0.171495 18.260145  -0.886280 0.008158 -0.463079  0.294403 0.149176
0  -11.674034 -0.323235 19.478880  -0.958652 0.026863 -0.283310  0.289731 0.149189
0  -11.499975 2.462760 19.679310  -0.975804 0.154340 -0.154876  0.290477 0.158890
chess_set_pieces_black
0  -11.582865 2.128725 20.671650  -0.985246 0.159774 0.061333  0.286882 0.158255
0  -11.499975 2.462760 19.679310  -0.975804 0.154340 -0.154876  0.290477 0.158890
0  -11.674034 -0.323235 19.478880  -0.958652 0.026863 -0.283310  0.289731 0.149189
chess_set_pieces_black
0  -11.802780 -0.741600 20.400480  -0.997968 0.047739 -0.042212  0.286305 0.148198
0  -11.582865 2.128725 20.671650  -0.985246 0.159774 0.061333  0.286882 0.158255
0  -11.674034 -0.323235 19.478880  -0.958652 0.026863 -0.283310  0.289731 0.149189
chess_set_pieces_black
0  -11.554785 0.838170 22.440016  -0.980842 0.149635 0.124731  0.280026 0.154798
0  -11.582865 2.128725 20.671650  -0.985246 0.159774 0.061333  0.286882 0.158255
0  -11.802780 -0.741600 20.400480  -0.997968 0.047739 -0.042212  0.286305 0.148198
chess_set_pieces_black
0  -11.822804 -1.883565 22.014404  -0.996799 0.036800 0.070972  0.280158 0.145073
0  -11.554785 0.838170 22.440016  -0.980842 0.149635 0.124731  0.280026 0.154798
0  -11.802780 -0.741600 20.400480  -0.997968 0.047739 -0.042212  0.286305 0.148198
chess_set_pieces_black
0  -11.290815 -1.026630 26.410049  -0.977389 0.138174 0.160061  0.264940 0.150234
0  -11.554785 0.838170 22.440016  -0.980842 0.149635 0.124731  0.280026 0.154798
0  -11.822804 -1.883565 22.014404  -0.996799 0.036800 0.070972  0.280158 0.145073
chess_set_pieces_black
0  -11.576520 -3.577635 26.028135  -0.991310 0.001080 0.131543  0.265469 0.140983
0  -11.290815 -1.026630 26.410049  -0.977389 0.138174 0.160061  0.264940 0.150234
0  -11.822804 -1.883565 22.014404  -0.996799 0.036800 0.070972  0.280158 0.145073
chess_set_pieces_black
0  -11.576520 -3.577635 26.028135  -0.991310 0.001080 0.131543  0.265469 0.140983
0  -10.864530 -4.918635 30.230639  -0.981596 -0.059643 0.181416  0.250217 0.137235
0  -11.290815 -1.026630 26.410049  -0.977389 0.138174 0.160061  0.264940 0.150234
chess_set_pieces_black
0  -10.864530 -4.918635 30.230639  -0.981596 -0.059643 0.181416  0.250217 0.137235
0  -10.733985 -2.555280 30.518415  -0.972565 0.118109 0.200419  0.249229 0.145855
0  -11.290815 -1.026630 26.410049  -0.977389 0.138174 0.160061  0.264940 0.150234
chess_set_pieces_black
0  -10.733985 -2.555280 30.518415  -0.972565 0.118109 0.200419  0.249229 0.145855
0  -10.864530 -4.918635 30.230639  -0.981596 -0.059643 0.181416  0.250217 0.137235
0  -10.049265 -3.523995 34.194733  -0.970918 0.105084 0.215120  0.235112 0.141785
chess_set_pieces_black
0  -10.049265 -3.523995 34.194733  -0.970918 0.105084 0.215120  0.235112 0.141785
0  -9.551160 -1.421235 34.469551  -0.911135 0.320328 0.259274  0.232884 0.150333
0  -10.733985 -2.555280 30.518415  -0.972565 0.118109 0.200419  0.249229 0.145855
chess_set_pieces_black
0  -10.049265 -3.523995 34.194733  -0.970918 0.105084 0.215120  0.235112 0.141785
0  -9.329309 -3.612915 37.821690  -0.973693 0.101620 0.203950  0.220767 0.139147
0  -9.551160 -1.421235 34.469551  -0.911135 0.320328 0.259274  0.232884 0.150333
chess_set_pieces_black
0  -9.329309 -3.612915 37.821690  -0.973693 0.101620 0.203950  0.220767 0.139147
0  -8.704890 -1.540710 37.483875  -0.922037 0.341664 0.181971  0.219529 0.148220
0  -9.551160 -1.421235 34.469551  -0.911135 0.320328 0.259274  0.232884 0.150333
chess_set_pieces_black
0  -8.704890 -1.540710 37.483875  -0.922037 0.341664 0.181971  0.219529 0.148220
0  -9.329309 -3.612915 37.821690  -0.973693 0.101620 0.203950  0.220767 0.139147
0  -8.246025 -1.172970 40.228603  -0.980552 0.084006 -0.177371  0.207162 0.146070
chess_set_pieces_black
0  -8.704890 -1.540710 37.483875  -0.922037 0.341664 0.181971  0.219529 0.148220
0  -8.246025 -1.172970 40.228603  -0.980552 0.084006 -0.177371  0.207162 0.146070
0  -7.710705 0.668880 39.216957  -0.878306 0.107684 -0.465815  0.207996 0.156316
chess_set_pieces_black
0  -7.710705 0.668880 39.216957  -0.878306 0.107684 -0.465815  0.207996 0.156316
0  -8.246025 -1.172970 40.228603  -0.980552 0.084006 -0.177371  0.207162 0.146070
0  -9.554355 -0.462105 41.601238  -0.941980 -0.143718 -0.303347  0.198526 0.145454
chess_set_pieces_black
0  -9.144090 1.392975 39.910679  -0.889323 -0.068045 -0.452188  0.199946 0.155732
0  -7.710705 0.668880 39.216957  -0.878306 0.107684 -0.465815  0.207996 0.156316
0  -9.554355 -0.462105 41.601238  -0.941980 -0.143718 -0.303347  0.198526 0.145454
chess_set_pieces_black
0  -9.554355 -0.462105 41.601238  -0.941980 -0.143718 -0.303347  0.198526 0.145454
0  -9.761175 0.729045 43.713181  -0.997664 0.004338 -0.068168  0.189090 0.144465
0  -9.144090 1.392975 39.910679  -0.889323 -0.068045 -0.452188  0.199946 0.155732
chess_set_pieces_black
0  -9.761175 0.729045 43.713181  -0.997664 0.004338 -0.068168  0.189090 0.144465
0  -9.449460 3.463425 42.723087  -0.986585 0.124313 -0.105814  0.185732 0.155278
0  -9.144090 1.392975 39.910679  -0.889323 -0.068045 -0.452188  0.199946 0.155732
chess_set_pieces_black
0  -9.288405 3.825360 45.995808  -0.989835 0.140928 0.019110  0.175247 0.148653
0  -9.449460 3.463425 42.723087  -0.986585 0.124313 -0.105814  0.185732 0.155278
0  -9.761175 0.729045 43.713181  -0.997664 0.004338 -0.068168  0.189090 0.144465
chess_set_pieces_black
0  -8.970750 6.068430 43.340805  -0.962829 0.263347 -0.060081  0.177192 0.161617
0  -9.449460 3.463425 42.723087  -0.986585 0.124313 -0.105814  0.185732 0.155278
0  -9.288405 3.825360 45.995808  -0.989835 0.140928 0.019110  0.175247 0.148653
chess_set_pieces_black
0  -9.089190 6.133545 46.421326  -0.945011 0.301964 0.125589  0.168505 0.153879
0  -8.970750 6.068430 43.340805  -0.962829 0.263347 -0.060081  0.177192 0.161617
0  -9.288405 3.825360 45.995808  -0.989835 0.140928 0.019110  0.175247 0.148653
chess_set_pieces_black
0  -8.970750 6.068430 43.340805  -0.962829 0.263347 -0.060081  0.177192 0.161617
0  -9.089190 6.133545 46.421326  -0.945011 0.301964 0.125589  0.168505 0.153879
0  -8.260470 8.342820 43.673264  -0.930539 0.360037 -0.066865  0.169858 0.167495
chess_set_pieces_black
0  -9.089190 6.133545 46.421326  -0.945011 0.301964 0.125589  0.168505 0.153879
0  -7.954965 8.842635 47.285641  -0.907775 0.389505 0.155661  0.158717 0.159245
0  -8.260470 8.342820 43.673264  -0.930539 0.360037 -0.066865  0.169858 0.167495
chess_set_pieces_black
0  -7.954965 8.842635 47.285641  -0.907775 0.389505 0.155661  0.158717 0.159245
0  -7.135380 11.115405 45.639858  -0.898465 0.427559 0.099768  0.156431 0.169690
0  -8.260470 8.342820 43.673264  -0.930539 0.360037 -0.066865  0.169858 0.167495
chess_set_pieces_black
0  -7.135380 11.115405 45.639858  -0.898465 0.427559 0.099768  0.156431 0.169690
0  -7.341480 10.353331 43.032150  -0.930227 0.358343 -0.079171  0.165238 0.175278
0  -8.260470 8.342820 43.673264  -0.930539 0.360037 -0.066865  0.169858 0.167495
chess_set_pieces_black
0  -7.135380 11.115405 45.639858  -0.898465 0.427559 0.099768  0.156431 0.169690
0  -6.174405 13.320090 44.079121  -0.877841 0.471621 0.083477  0.153137 0.179615
0  -7.341480 10.353331 43.032150  -0.930227 0.358343 -0.079171  0.165238 0.175278
chess_set_pieces_black
0  -6.174405 13.320090 44.079121  -0.877841 0.471621 0.083477  0.153137 0.179615
0  -6.547995 12.470984 42.394096  -0.934136 0.344723 -0.092500  0.159701 0.182700
0  -7.341480 10.353331 43.032150  -0.930227 0.358343 -0.079171  0.165238 0.175278
chess_set_pieces_black
0  -10.864530 -4.918635 30.230639  -0.981596 -0.059643 0.181416  0.250217 0.137235
0  -10.070280 -5.728545 34.072472  -0.970684 -0.124895 0.205363  0.236446 0.133710
0  -10.049265 -3.523995 34.194733  -0.970918 0.105084 0.215120  0.235112 0.141785
chess_set_pieces_black
0  -10.070280 -5.728545 34.072472  -0.970684 -0.124895 0.205363  0.236446 0.133710
0  -9.175905 -5.977755 38.109016  -0.962098 -0.165060 0.217079  0.221992 0.130147
0  -10.049265 -3.523995 34.194733  -0.970918 0.105084 0.215120  0.235112 0.141785
chess_set_pieces_black
0  -9.175905 -5.977755 38.109016  -0.962098 -0.165060 0.217079  0.221992 0.130147
0  -9.329309 -3.612915 37.821690  -0.973693 0.101620 0.203950  0.220767 0.139147
0  -10.049265 -3.523995 34.194733  -0.970918 0.105084 0.215120  0.235112 0.141785
chess_set_pieces_black
0  -9.329309 -3.612915 37.821690  -0.973693 0.101620 0.203950  0.220767 0.139147
0  -9.175905 -5.977755 38.109016  -0.962098 -0.165060 0.217079  0.221992 0.130147
0  -8.355960 -5.730570 41.842258  -0.963584 -0.195689 0.182238  0.208768 0.126097
chess_set_pieces_black
0  -8.634510 -3.274965 41.089409  -0.997528 -0.011933 0.069245  0.207438 0.136070
0  -9.329309 -3.612915 37.821690  -0.973693 0.101620 0.203950  0.220767 0.139147
0  -8.355960 -5.730570 41.842258  -0.963584 -0.195689 0.182238  0.208768 0.126097
chess_set_pieces_black
0  -9.329309 -3.612915 37.821690  -0.973693 0.101620 0.203950  0.220767 0.139147
0  -8.634510 -3.274965 41.089409  -0.997528 -0.011933 0.069245  0.207438 0.136070
0  -8.246025 -1.172970 40.228603  -0.980552 0.084006 -0.177371  0.207162 0.146070
chess_set_pieces_black
0  -8.246025 -1.172970 40.228603  -0.980552 0.084006 -0.177371  0.207162 0.146070
0  -8.634510 -3.274965 41.089409  -0.997528 -0.011933 0.069245  0.207438 0.136070
0  -8.817975 -2.745360 42.696224  -0.949777 -0.265371 -0.165836  0.200558 0.135101
chess_set_pieces_black
0  -9.554355 -0.462105 41.601238  -0.941980 -0.143718 -0.303347  0.198526 0.145454
0  -8.246025 -1.172970 40.228603  -0.980552 0.084006 -0.177371  0.207162 0.146070
0  -8.817975 -2.745360 42.696224  -0.949777 -0.265371 -0.165836  0.200558 0.135101
chess_set_pieces_black
0  -9.554355 -0.462105 41.601238  -0.941980 -0.143718 -0.303347  0.198526 0.145454
0  -8.817975 -2.745360 42.696224  -0.949777 -0.265371 -0.165836  0.200558 0.135101
0  -9.651645 -2.688210 44.701515  -0.966535 -0.238489 -0.094511  0.192884 0.131572
chess_set_pieces_black
0  -9.761175 0.729045 43.713181  -0.997664 0.004338 -0.068168  0.189090 0.144465
0  -9.554355 -0.462105 41.601238  -0.941980 -0.143718 -0.303347  0.198526 0.145454
0  -9.651645 -2.688210 44.701515  -0.966535 -0.238489 -0.094511  0.192884 0.131572
chess_set_pieces_black
0  -9.761175 0.729045 43.713181  -0.997664 0.004338 -0.068168  0.189090 0.144465
0  -9.651645 -2.688210 44.701515  -0.966535 -0.238489 -0.094511  0.192884 0.131572
0  -9.620865 1.371825 46.016235  -0.997683 0.067805 0.005656  0.180585 0.141390
chess_set_pieces_black
0  -9.620865 1.371825 46.016235  -0.997683 0.067805 0.005656  0.180585 0.141390
0  -9.288405 3.825360 45.995808  -0.989835 0.140928 0.019110  0.175247 0.148653
0  -9.761175 0.729045 43.713181  -0.997664 0.004338 -0.068168  0.189090 0.144465
chess_set_pieces_black
0  -8.817975 -2.745360 42.696224  -0.949777 -0.265371 -0.165836  0.200558 0.135101
0  -8.634510 -3.274965 41.089409  -0.997528 -0.011933 0.069245  0.207438 0.136070
0  -8.355960 -5.730570 41.842258  -0.963584 -0.195689 0.182238  0.208768 0.126097
chess_set_pieces_black
0  -8.167500 -5.188950 43.689598  -0.950236 -0.308607 0.042581  0.201885 0.124594
0  -8.817975 -2.745360 42.696224  -0.949777 -0.265371 -0.165836  0.200558 0.135101
0  -8.355960 -5.730570 41.842258  -0.963584 -0.195689 0.182238  0.208768 0.126097
chess_set_pieces_black
0  -8.817975 -2.745360 42.696224  -0.949777 -0.265371 -0.165836  0.200558 0.135101
0  -8.167500 -5.188950 43.689598  -0.950236 -0.308607 0.042581  0.201885 0.124594
0  -9.651645 -2.688210 44.701515  -0.966535 -0.238489 -0.094511  0.192884 0.131572
chess_set_pieces_black
0  -8.167500 -5.188950 43.689598  -0.950236 -0.308607 0.042581  0.201885 0.124594
0  -8.448794 -4.597110 45.470066  -0.900800 -0.434201 -0.005266  0.195001 0.123027
0  -9.651645 -2.688210 44.701515  -0.966535 -0.238489 -0.094511  0.192884 0.131572
chess_set_pieces_black
0  -8.448794 -4.597110 45.470066  -0.900800 -0.434201 -0.005266  0.195001 0.123027
0  -9.039285 -4.122135 47.233845  -0.882067 -0.463359 0.085180  0.188086 0.121578
0  -9.651645 -2.688210 44.701515  -0.966535 -0.238489 -0.094511  0.192884 0.131572
chess_set_pieces_black
0  -9.039285 -4.122135 47.233845  -0.882067 -0.463359 0.085180  0.188086 0.121578
0  -9.726480 -2.326050 46.736099  -0.992261 -0.123936 0.007608  0.185879 0.128547
0  -9.651645 -2.688210 44.701515  -0.966535 -0.238489 -0.094511  0.192884 0.131572
chess_set_pieces_black
0  -9.651645 -2.688210 44.701515  -0.966535 -0.238489 -0.094511  0.192884 0.131572
0  -9.726480 -2.326050 46.736099  -0.992261 -0.123936 0.007608  0.185879 0.128547
0  -9.620865 1.371825 46.016235  -0.997683 0.067805 0.005656  0.180585 0.141390
chess_set_pieces_black
0  2.271285 -11.171655 17.092485  0.102594 -0.826981 -0.552790  0.010385 0.505858
0  0.000495 -11.317275 17.138115  -0.000891 -0.834138 -0.551556  0.005591 0.514021
0  0.000585 -10.882305 16.342381  -0.001831 -0.927033 -0.374975  0.008919 0.515776
chess_set_pieces_black
0  2.165805 -10.770795 16.327259  0.119496 -0.915415 -0.384365  0.013436 0.507883
0  0.000585 -10.882305 16.342381  -0.001831 -0.927033 -0.374975  0.008919 0.515776
0  0.000090 -10.658025 15.488370  -0.001901 -0.998716 -0.050628  0.012115 0.517547
chess_set_pieces_black
0  2.165805 -10.770795 16.327259  0.119496 -0.915415 -0.384365  0.013436 0.507883
0  2.271285 -11.171655 17.092485  0.102594 -0.826981 -0.552790  0.010385 0.505858
0  0.000585 -10.882305 16.342381  -0.001831 -0.927033 -0.374975  0.008919 0.515776
chess_set_pieces_black
0  4.544235 -10.667790 16.999155  0.246828 -0.774104 -0.582957  0.015763 0.497642
0  2.271285 -11.171655 17.092485  0.102594 -0.826981 -0.552790  0.010385 0.505858
0  2.165805 -10.770795 16.327259  0.119496 -0.915415 -0.384365  0.013436 0.507883
chess_set_pieces_black
0  6.201000 -8.943300 14.378085  0.591633 -0.750271 0.295066  0.031219 0.496801
0  6.229980 -8.955045 15.348060  0.580631 -0.782489 -0.224899  0.027937 0.494081
0  4.220460 -10.050885 14.399280  0.371132 -0.872033 0.319090  0.025415 0.504557
chess_set_pieces_black
0  6.229980 -8.955045 15.348060  0.580631 -0.782489 -0.224899  0.027937 0.494081
0  4.190445 -10.033110 15.395266  0.349774 -0.925106 -0.147771  0.021834 0.502231
0  4.220460 -10.050885 14.399280  0.371132 -0.872033 0.319090  0.025415 0.504557
chess_set_pieces_black
0  4.220460 -10.050885 14.399280  0.371132 -0.872033 0.319090  0.025415 0.504557
0  4.190445 -10.033110 15.395266  0.349774 -0.925106 -0.147771  0.021834 0.502231
0  2.127285 -10.645290 14.378805  0.165894 -0.920644 0.353403  0.020596 0.512319
chess_set_pieces_black
0  4.190445 -10.033110 15.395266  0.349774 -0.925106 -0.147771  0.021834 0.502231
0  2.087415 -10.522665 15.468840  0.148925 -0.985681 -0.079080  0.016615 0.509978
0  2.127285 -10.645290 14.378805  0.165894 -0.920644 0.353403  0.020596 0.512319
chess_set_pieces_black
0  2.127285 -10.645290 14.378805  0.165894 -0.920644 0.353403  0.020596 0.512319
0  2.087415 -10.522665 15.468840  0.148925 -0.985681 -0.079080  0.016615 0.509978
0  0.000810 -10.815075 14.364406  -0.001927 -0.930097 0.367309  0.016129 0.519957
chess_set_pieces_black
0  2.087415 -10.522665 15.468840  0.148925 -0.985681 -0.079080  0.016615 0.509978
0  0.000090 -10.658025 15.488370  -0.001901 -0.998716 -0.050628  0.012115 0.517547
0  0.000810 -10.815075 14.364406  -0.001927 -0.930097 0.367309  0.016129 0.519957
chess_set_pieces_black
0  2.087415 -10.522665 15.468840  0.148925 -0.985681 -0.079080  0.016615 0.509978
0  2.165805 -10.770795 16.327259  0.119496 -0.915415 -0.384365  0.013436 0.507883
0  0.000090 -10.658025 15.488370  -0.001901 -0.998716 -0.050628  0.012115 0.517547
chess_set_pieces_black
0  4.328055 -10.316475 16.310205  0.297793 -0.859099 -0.416256  0.018420 0.499813
0  2.165805 -10.770795 16.327259  0.119496 -0.915415 -0.384365  0.013436 0.507883
0  2.087415 -10.522665 15.468840  0.148925 -0.985681 -0.079080  0.016615 0.509978
chess_set_pieces_black
0  4.328055 -10.316475 16.310205  0.297793 -0.859099 -0.416256  0.018420 0.499813
0  4.544235 -10.667790 16.999155  0.246828 -0.774104 -0.582957  0.015763 0.497642
0  2.165805 -10.770795 16.327259  0.119496 -0.915415 -0.384365  0.013436 0.507883
chess_set_pieces_black
0  6.779655 -9.568890 16.910055  0.415868 -0.644790 -0.641326  0.022076 0.489042
0  4.544235 -10.667790 16.999155  0.246828 -0.774104 -0.582957  0.015763 0.497642
0  4.328055 -10.316475 16.310205  0.297793 -0.859099 -0.416256  0.018420 0.499813
chess_set_pieces_black
0  4.190445 -10.033110 15.395266  0.349774 -0.925106 -0.147771  0.021834 0.502231
0  4.328055 -10.316475 16.310205  0.297793 -0.859099 -0.416256  0.018420 0.499813
0  2.087415 -10.522665 15.468840  0.148925 -0.985681 -0.079080  0.016615 0.509978
chess_set_pieces_black
0  6.464925 -9.286830 16.322895  0.502828 -0.718500 -0.480544  0.024279 0.491259
0  4.328055 -10.316475 16.310205  0.297793 -0.859099 -0.416256  0.018420 0.499813
0  4.190445 -10.033110 15.395266  0.349774 -0.925106 -0.147771  0.021834 0.502231
chess_set_pieces_black
0  6.229980 -8.955045 15.348060  0.580631 -0.782489 -0.224899  0.027937 0.494081
0  6.464925 -9.286830 16.322895  0.502828 -0.718500 -0.480544  0.024279 0.491259
0  4.190445 -10.033110 15.395266  0.349774 -0.925106 -0.147771  0.021834 0.502231
chess_set_pieces_black
0  8.321489 -7.606215 16.366905  0.668465 -0.496147 -0.554070  0.031221 0.482664
0  6.464925 -9.286830 16.322895  0.502828 -0.718500 -0.480544  0.024279 0.491259
0  6.229980 -8.955045 15.348060  0.580631 -0.782489 -0.224899  0.027937 0.494081
chess_set_pieces_black
0  7.883640 -7.236945 15.318945  0.766875 -0.570672 -0.293661  0.035088 0.486225
0  8.321489 -7.606215 16.366905  0.668465 -0.496147 -0.554070  0.031221 0.482664
0  6.229980 -8.955045 15.348060  0.580631 -0.782489 -0.224899  0.027937 0.494081
chess_set_pieces_black
0  9.772155 -5.373585 16.652746  0.798183 -0.241188 -0.552026  0.038890 0.473683
0  8.321489 -7.606215 16.366905  0.668465 -0.496147 -0.554070  0.031221 0.482664
0  7.883640 -7.236945 15.318945  0.766875 -0.570672 -0.293661  0.035088 0.486225
chess_set_pieces_black
0  9.019440 -5.198130 15.356205  0.893240 -0.340221 -0.293890  0.042680 0.479143
0  9.772155 -5.373585 16.652746  0.798183 -0.241188 -0.552026  0.038890 0.473683
0  7.883640 -7.236945 15.318945  0.766875 -0.570672 -0.293661  0.035088 0.486225
chess_set_pieces_black
0  10.287045 -2.888280 17.052929  0.875682 -0.068205 -0.478048  0.047241 0.466196
0  9.772155 -5.373585 16.652746  0.798183 -0.241188 -0.552026  0.038890 0.473683
0  9.019440 -5.198130 15.356205  0.893240 -0.340221 -0.293890  0.042680 0.479143
chess_set_pieces_black
0  9.639990 -2.970090 15.467310  0.966046 -0.148188 -0.211649  0.050677 0.472781
0  10.287045 -2.888280 17.052929  0.875682 -0.068205 -0.478048  0.047241 0.466196
0  9.019440 -5.198130 15.356205  0.893240 -0.340221 -0.293890  0.042680 0.479143
chess_set_pieces_black
0  10.434510 -0.442710 17.254486  0.902362 -0.017381 -0.430628  0.055734 0.459991
0  10.287045 -2.888280 17.052929  0.875682 -0.068205 -0.478048  0.047241 0.466196
0  9.639990 -2.970090 15.467310  0.966046 -0.148188 -0.211649  0.050677 0.472781
chess_set_pieces_black
0  9.809370 -0.703935 15.507945  0.988467 -0.042021 -0.145489  0.058870 0.467324
0  10.434510 -0.442710 17.254486  0.902362 -0.017381 -0.430628  0.055734 0.459991
0  9.639990 -2.970090 15.467310  0.966046 -0.148188 -0.211649  0.050677 0.472781
chess_set_pieces_black
0  10.449181 2.061045 17.241301  0.903224 0.075539 -0.422469  0.064828 0.454388
0  10.434510 -0.442710 17.254486  0.902362 -0.017381 -0.430628  0.055734 0.459991
0  9.809370 -0.703935 15.507945  0.988467 -0.042021 -0.145489  0.058870 0.467324
chess_set_pieces_black
0  9.859455 1.573290 15.502455  0.986253 0.066897 -0.151097  0.067255 0.462201
0  10.449181 2.061045 17.241301  0.903224 0.075539 -0.422469  0.064828 0.454388
0  9.809370 -0.703935 15.507945  0.988467 -0.042021 -0.145489  0.058870 0.467324
chess_set_pieces_black
0  10.058445 4.539105 17.202690  0.873467 0.243136 -0.421830  0.074255 0.449215
0  10.449181 2.061045 17.241301  0.903224 0.075539 -0.422469  0.064828 0.454388
0  9.859455 1.573290 15.502455  0.986253 0.066897 -0.151097  0.067255 0.462201
chess_set_pieces_black
0  9.537795 3.834990 15.486884  0.948270 0.247534 -0.198771  0.075950 0.457355
0  10.058445 4.539105 17.202690  0.873467 0.243136 -0.421830  0.074255 0.449215
0  9.859455 1.573290 15.502455  0.986253 0.066897 -0.151097  0.067255 0.462201
chess_set_pieces_black
0  9.176041 6.852330 17.192295  0.804295 0.404892 -0.434939  0.083726 0.444534
0  10.058445 4.539105 17.202690  0.873467 0.243136 -0.421830  0.074255 0.449215
0  9.537795 3.834990 15.486884  0.948270 0.247534 -0.198771  0.075950 0.457355
chess_set_pieces_black
0  8.729685 5.969880 15.463305  0.865622 0.429741 -0.256944  0.084891 0.452999
0  9.176041 6.852330 17.192295  0.804295 0.404892 -0.434939  0.083726 0.444534
0  9.537795 3.834990 15.486884  0.948270 0.247534 -0.198771  0.075950 0.457355
chess_set_pieces_black
0  7.891065 8.918910 17.170425  0.696712 0.545261 -0.466137  0.093224 0.440485
0  9.176041 6.852330 17.192295  0.804295 0.404892 -0.434939  0.083726 0.444534
0  8.729685 5.969880 15.463305  0.865622 0.429741 -0.256944  0.084891 0.452999
chess_set_pieces_black
0  6.464925 -9.286830 16.322895  0.502828 -0.718500 -0.480544  0.024279 0.491259
0  6.779655 -9.568890 16.910055  0.415868 -0.644790 -0.641326  0.022076 0.489042
0  4.328055 -10.316475 16.310205  0.297793 -0.859099 -0.416256  0.018420 0.499813
chess_set_pieces_black
0  8.852625 -7.817760 16.963291  0.584968 -0.449373 -0.675186  0.029169 0.479732
0  6.779655 -9.568890 16.910055  0.415868 -0.644790 -0.641326  0.022076 0.489042
0  6.464925 -9.286830 16.322895  0.502828 -0.718500 -0.480544  0.024279 0.491259
chess_set_pieces_black
0  8.321489 -7.606215 16.366905  0.668465 -0.496147 -0.554070  0.031221 0.482664
0  8.852625 -7.817760 16.963291  0.584968 -0.449373 -0.675186  0.029169 0.479732
0  6.464925 -9.286830 16.322895  0.502828 -0.718500 -0.480544  0.024279 0.491259
chess_set_pieces_black
0  10.557630 -5.578740 17.522730  0.752340 -0.170983 -0.636199  0.035936 0.469483
0  8.852625 -7.817760 16.963291  0.584968 -0.449373 -0.675186  0.029169 0.479732
0  8.321489 -7.606215 16.366905  0.668465 -0.496147 -0.554070  0.031221 0.482664
chess_set_pieces_black
0  9.772155 -5.373585 16.652746  0.798183 -0.241188 -0.552026  0.038890 0.473683
0  10.557630 -5.578740 17.522730  0.752340 -0.170983 -0.636199  0.035936 0.469483
0  8.321489 -7.606215 16.366905  0.668465 -0.496147 -0.554070  0.031221 0.482664
chess_set_pieces_black
0  10.861830 -2.787210 17.923321  0.843257 -0.003977 -0.537496  0.045462 0.462094
0  10.557630 -5.578740 17.522730  0.752340 -0.170983 -0.636199  0.035936 0.469483
0  9.772155 -5.373585 16.652746  0.798183 -0.241188 -0.552026  0.038890 0.473683
chess_set_pieces_black
0  10.287045 -2.888280 17.052929  0.875682 -0.068205 -0.478048  0.047241 0.466196
0  10.861830 -2.787210 17.923321  0.843257 -0.003977 -0.537496  0.045462 0.462094
0  9.772155 -5.373585 16.652746  0.798183 -0.241188 -0.552026  0.038890 0.473683
chess_set_pieces_black
0  11.130255 -0.171180 18.271034  0.881869 0.005166 -0.471466  0.054034 0.454951
0  10.861830 -2.787210 17.923321  0.843257 -0.003977 -0.537496  0.045462 0.462094
0  10.287045 -2.888280 17.052929  0.875682 -0.068205 -0.478048  0.047241 0.466196
chess_set_pieces_black
0  10.434510 -0.442710 17.254486  0.902362 -0.017381 -0.430628  0.055734 0.459991
0  11.130255 -0.171180 18.271034  0.881869 0.005166 -0.471466  0.054034 0.454951
0  10.287045 -2.888280 17.052929  0.875682 -0.068205 -0.478048  0.047241 0.466196
chess_set_pieces_black
0  11.183311 2.507625 18.432495  0.905199 0.115310 -0.409047  0.063166 0.448408
0  11.130255 -0.171180 18.271034  0.881869 0.005166 -0.471466  0.054034 0.454951
0  10.434510 -0.442710 17.254486  0.902362 -0.017381 -0.430628  0.055734 0.459991
chess_set_pieces_black
0  10.449181 2.061045 17.241301  0.903224 0.075539 -0.422469  0.064828 0.454388
0  11.183311 2.507625 18.432495  0.905199 0.115310 -0.409047  0.063166 0.448408
0  10.434510 -0.442710 17.254486  0.902362 -0.017381 -0.430628  0.055734 0.459991
chess_set_pieces_black
0  10.652715 5.106060 18.617939  0.895820 0.278549 -0.346290  0.072565 0.442519
0  11.183311 2.507625 18.432495  0.905199 0.115310 -0.409047  0.063166 0.448408
0  10.449181 2.061045 17.241301  0.903224 0.075539 -0.422469  0.064828 0.454388
chess_set_pieces_black
0  10.058445 4.539105 17.202690  0.873467 0.243136 -0.421830  0.074255 0.449215
0  10.652715 5.106060 18.617939  0.895820 0.278549 -0.346290  0.072565 0.442519
0  10.449181 2.061045 17.241301  0.903224 0.075539 -0.422469  0.064828 0.454388
chess_set_pieces_black
0  9.717976 7.568280 18.789434  0.840762 0.429383 -0.329772  0.082055 0.437026
0  10.652715 5.106060 18.617939  0.895820 0.278549 -0.346290  0.072565 0.442519
0  10.058445 4.539105 17.202690  0.873467 0.243136 -0.421830  0.074255 0.449215
chess_set_pieces_black
0  9.176041 6.852330 17.192295  0.804295 0.404892 -0.434939  0.083726 0.444534
0  9.717976 7.568280 18.789434  0.840762 0.429383 -0.329772  0.082055 0.437026
0  10.058445 4.539105 17.202690  0.873467 0.243136 -0.421830  0.074255 0.449215
chess_set_pieces_black
0  8.364690 9.751725 18.921555  0.741925 0.574537 -0.345624  0.091589 0.432299
0  9.717976 7.568280 18.789434  0.840762 0.429383 -0.329772  0.082055 0.437026
0  9.176041 6.852330 17.192295  0.804295 0.404892 -0.434939  0.083726 0.444534
chess_set_pieces_black
0  7.891065 8.918910 17.170425  0.696712 0.545261 -0.466137  0.093224 0.440485
0  8.364690 9.751725 18.921555  0.741925 0.574537 -0.345624  0.091589 0.432299
0  9.176041 6.852330 17.192295  0.804295 0.404892 -0.434939  0.083726 0.444534
chess_set_pieces_black
0  6.703020 11.642896 19.004490  0.602280 0.707170 -0.370362  0.101142 0.428223
0  8.364690 9.751725 18.921555  0.741925 0.574537 -0.345624  0.091589 0.432299
0  7.891065 8.918910 17.170425  0.696712 0.545261 -0.466137  0.093224 0.440485
chess_set_pieces_black
0  6.090480 9.421785 14.358420  0.623358 0.719767 0.305548  0.103968 0.450594
0  6.006960 9.484200 15.420916  0.608973 0.718382 -0.336271  0.103042 0.446126
0  7.597260 7.769115 14.348295  0.743638 0.575000 0.341142  0.095118 0.453755
chess_set_pieces_black
0  6.006960 9.484200 15.420916  0.608973 0.718382 -0.336271  0.103042 0.446126
0  7.535430 7.867260 15.419701  0.751882 0.583702 -0.306538  0.093906 0.449333
0  7.597260 7.769115 14.348295  0.743638 0.575000 0.341142  0.095118 0.453755
chess_set_pieces_black
0  7.597260 7.769115 14.348295  0.743638 0.575000 0.341142  0.095118 0.453755
0  7.535430 7.867260 15.419701  0.751882 0.583702 -0.306538  0.093906 0.449333
0  8.829270 5.884560 14.342625  0.822568 0.424571 0.378313  0.086458 0.457539
chess_set_pieces_black
0  7.535430 7.867260 15.419701  0.751882 0.583702 -0.306538  0.093906 0.449333
0  8.729685 5.969880 15.463305  0.865622 0.429741 -0.256944  0.084891 0.452999
0  8.829270 5.884560 14.342625  0.822568 0.424571 0.378313  0.086458 0.457539
chess_set_pieces_black
0  8.829270 5.884560 14.342625  0.822568 0.424571 0.378313  0.086458 0.457539
0  8.729685 5.969880 15.463305  0.865622 0.429741 -0.256944  0.084891 0.452999
0  9.683550 3.752325 14.347215  0.870531 0.247312 0.425456  0.077839 0.461903
chess_set_pieces_black
0  8.729685 5.969880 15.463305  0.865622 0.429741 -0.256944  0.084891 0.452999
0  9.537795 3.834990 15.486884  0.948270 0.247534 -0.198771  0.075950 0.457355
0  9.683550 3.752325 14.347215  0.870531 0.247312 0.425456  0.077839 0.461903
chess_set_pieces_black
0  9.683550 3.752325 14.347215  0.870531 0.247312 0.425456  0.077839 0.461903
0  9.537795 3.834990 15.486884  0.948270 0.247534 -0.198771  0.075950 0.457355
0  10.057095 1.479060 14.327100  0.878471 0.078595 0.471288  0.069459 0.466807
chess_set_pieces_black
0  9.537795 3.834990 15.486884  0.948270 0.247534 -0.198771  0.075950 0.457355
0  9.859455 1.573290 15.502455  0.986253 0.066897 -0.151097  0.067255 0.462201
0  10.057095 1.479060 14.327100  0.878471 0.078595 0.471288  0.069459 0.466807
chess_set_pieces_black
0  10.057095 1.479060 14.327100  0.878471 0.078595 0.471288  0.069459 0.466807
0  9.859455 1.573290 15.502455  0.986253 0.066897 -0.151097  0.067255 0.462201
0  10.070775 -0.828045 14.344290  0.874495 -0.063597 0.480848  0.061165 0.471849
chess_set_pieces_black
0  9.859455 1.573290 15.502455  0.986253 0.066897 -0.151097  0.067255 0.462201
0  9.809370 -0.703935 15.507945  0.988467 -0.042021 -0.145489  0.058870 0.467324
0  10.070775 -0.828045 14.344290  0.874495 -0.063597 0.480848  0.061165 0.471849
chess_set_pieces_black
0  10.070775 -0.828045 14.344290  0.874495 -0.063597 0.480848  0.061165 0.471849
0  9.809370 -0.703935 15.507945  0.988467 -0.042021 -0.145489  0.058870 0.467324
0  9.717481 -3.109680 14.357070  0.872623 -0.224964 0.433497  0.052939 0.477016
chess_set_pieces_black
0  9.809370 -0.703935 15.507945  0.988467 -0.042021 -0.145489  0.058870 0.467324
0  9.639990 -2.970090 15.467310  0.966046 -0.148188 -0.211649  0.050677 0.472781
0  9.717481 -3.109680 14.357070  0.872623 -0.224964 0.433497  0.052939 0.477016
chess_set_pieces_black
0  9.717481 -3.109680 14.357070  0.872623 -0.224964 0.433497  0.052939 0.477016
0  9.639990 -2.970090 15.467310  0.966046 -0.148188 -0.211649  0.050677 0.472781
0  8.923545 -5.266080 14.352165  0.846148 -0.391878 0.361199  0.045094 0.482789
chess_set_pieces_black
0  9.639990 -2.970090 15.467310  0.966046 -0.148188 -0.211649  0.050677 0.472781
0  9.019440 -5.198130 15.356205  0.893240 -0.340221 -0.293890  0.042680 0.479143
0  8.923545 -5.266080 14.352165  0.846148 -0.391878 0.361199  0.045094 0.482789
chess_set_pieces_black
0  8.923545 -5.266080 14.352165  0.846148 -0.391878 0.361199  0.045094 0.482789
0  9.019440 -5.198130 15.356205  0.893240 -0.340221 -0.293890  0.042680 0.479143
0  7.812225 -7.264080 14.391585  0.762533 -0.567702 0.310255  0.037778 0.489249
chess_set_pieces_black
0  9.019440 -5.198130 15.356205  0.893240 -0.340221 -0.293890  0.042680 0.479143
0  7.883640 -7.236945 15.318945  0.766875 -0.570672 -0.293661  0.035088 0.486225
0  7.812225 -7.264080 14.391585  0.762533 -0.567702 0.310255  0.037778 0.489249
chess_set_pieces_black
0  7.812225 -7.264080 14.391585  0.762533 -0.567702 0.310255  0.037778 0.489249
0  7.883640 -7.236945 15.318945  0.766875 -0.570672 -0.293661  0.035088 0.486225
0  6.201000 -8.943300 14.378085  0.591633 -0.750271 0.295066  0.031219 0.496801
chess_set_pieces_black
0  7.883640 -7.236945 15.318945  0.766875 -0.570672 -0.293661  0.035088 0.486225
0  6.229980 -8.955045 15.348060  0.580631 -0.782489 -0.224899  0.027937 0.494081
0  6.201000 -8.943300 14.378085  0.591633 -0.750271 0.295066  0.031219 0.496801
chess_set_pieces_black
0  7.535430 7.867260 15.419701  0.751882 0.583702 -0.306538  0.093906 0.449333
0  7.891065 8.918910 17.170425  0.696712 0.545261 -0.466137  0.093224 0.440485
0  8.729685 5.969880 15.463305  0.865622 0.429741 -0.256944  0.084891 0.452999
chess_set_pieces_black
0  6.224940 10.590480 17.184151  0.555546 0.662503 -0.502453  0.102668 0.437129
0  7.891065 8.918910 17.170425  0.696712 0.545261 -0.466137  0.093224 0.440485
0  7.535430 7.867260 15.419701  0.751882 0.583702 -0.306538  0.093906 0.449333
chess_set_pieces_black
0  6.006960 9.484200 15.420916  0.608973 0.718382 -0.336271  0.103042 0.446126
0  6.224940 10.590480 17.184151  0.555546 0.662503 -0.502453  0.102668 0.437129
0  7.535430 7.867260 15.419701  0.751882 0.583702 -0.306538  0.093906 0.449333
chess_set_pieces_black
0  4.304070 11.850884 17.173531  0.378063 0.747932 -0.545588  0.112144 0.434607
0  6.224940 10.590480 17.184151  0.555546 0.662503 -0.502453  0.102668 0.437129
0  6.006960 9.484200 15.420916  0.608973 0.718382 -0.336271  0.103042 0.446126
chess_set_pieces_black
0  4.194990 10.741096 15.404220  0.401199 0.836291 -0.373707  0.112431 0.443699
0  4.304070 11.850884 17.173531  0.378063 0.747932 -0.545588  0.112144 0.434607
0  6.006960 9.484200 15.420916  0.608973 0.718382 -0.336271  0.103042 0.446126
chess_set_pieces_black
0  2.189430 12.600045 17.193510  0.183389 0.777994 -0.600911  0.121595 0.432884
0  4.304070 11.850884 17.173531  0.378063 0.747932 -0.545588  0.112144 0.434607
0  4.194990 10.741096 15.404220  0.401199 0.836291 -0.373707  0.112431 0.443699
chess_set_pieces_black
0  2.079630 11.330865 15.399091  0.164784 0.895528 -0.413372  0.122009 0.442418
0  2.189430 12.600045 17.193510  0.183389 0.777994 -0.600911  0.121595 0.432884
0  4.194990 10.741096 15.404220  0.401199 0.836291 -0.373707  0.112431 0.443699
chess_set_pieces_black
0  -0.000225 12.827205 17.222309  0.001174 0.775311 -0.631579  0.131004 0.432245
0  2.189430 12.600045 17.193510  0.183389 0.777994 -0.600911  0.121595 0.432884
0  2.079630 11.330865 15.399091  0.164784 0.895528 -0.413372  0.122009 0.442418
chess_set_pieces_black
0  0.001845 11.454256 15.460335  0.000493 0.903573 -0.428434  0.131008 0.441879
0  -0.000225 12.827205 17.222309  0.001174 0.775311 -0.631579  0.131004 0.432245
0  2.079630 11.330865 15.399091  0.164784 0.895528 -0.413372  0.122009 0.442418
chess_set_pieces_black
0  -2.189205 12.603689 17.188740  -0.178317 0.777231 -0.603419  0.140408 0.432868
0  -0.000225 12.827205 17.222309  0.001174 0.775311 -0.631579  0.131004 0.432245
0  0.001845 11.454256 15.460335  0.000493 0.903573 -0.428434  0.131008 0.441879
chess_set_pieces_black
0  -2.075265 11.338470 15.410475  -0.161060 0.895412 -0.415086  0.140001 0.442329
0  -2.189205 12.603689 17.188740  -0.178317 0.777231 -0.603419  0.140408 0.432868
0  0.001845 11.454256 15.460335  0.000493 0.903573 -0.428434  0.131008 0.441879
chess_set_pieces_black
0  -4.310505 11.862045 17.167095  -0.375709 0.746847 -0.548692  0.149886 0.434559
0  -2.189205 12.603689 17.188740  -0.178317 0.777231 -0.603419  0.140408 0.432868
0  -2.075265 11.338470 15.410475  -0.161060 0.895412 -0.415086  0.140001 0.442329
chess_set_pieces_black
0  -4.193325 10.757879 15.396481  -0.397523 0.837556 -0.374802  0.149568 0.443647
0  -4.310505 11.862045 17.167095  -0.375709 0.746847 -0.548692  0.149886 0.434559
0  -2.075265 11.338470 15.410475  -0.161060 0.895412 -0.415086  0.140001 0.442329
chess_set_pieces_black
0  -6.231060 10.599390 17.176950  -0.556198 0.661897 -0.502529  0.159373 0.437084
0  -4.310505 11.862045 17.167095  -0.375709 0.746847 -0.548692  0.149886 0.434559
0  -4.193325 10.757879 15.396481  -0.397523 0.837556 -0.374802  0.149568 0.443647
chess_set_pieces_black
0  -6.032835 9.490005 15.410610  -0.608539 0.719446 -0.334781  0.159084 0.446102
0  -6.231060 10.599390 17.176950  -0.556198 0.661897 -0.502529  0.159373 0.437084
0  -4.193325 10.757879 15.396481  -0.397523 0.837556 -0.374802  0.149568 0.443647
chess_set_pieces_black
0  -7.902225 8.930161 17.161875  -0.694923 0.546530 -0.467319  0.168837 0.440421
0  -6.231060 10.599390 17.176950  -0.556198 0.661897 -0.502529  0.159373 0.437084
0  -6.032835 9.490005 15.410610  -0.608539 0.719446 -0.334781  0.159084 0.446102
chess_set_pieces_black
0  -7.549020 7.876035 15.420645  -0.752448 0.583302 -0.305909  0.168202 0.449242
0  -7.902225 8.930161 17.161875  -0.694923 0.546530 -0.467319  0.168837 0.440421
0  -6.032835 9.490005 15.410610  -0.608539 0.719446 -0.334781  0.159084 0.446102
chess_set_pieces_black
0  -9.194805 6.860430 17.179199  -0.804957 0.402837 -0.435622  0.178368 0.444471
0  -7.902225 8.930161 17.161875  -0.694923 0.546530 -0.467319  0.168837 0.440421
0  -7.549020 7.876035 15.420645  -0.752448 0.583302 -0.305909  0.168202 0.449242
chess_set_pieces_black
0  6.224940 10.590480 17.184151  0.555546 0.662503 -0.502453  0.102668 0.437129
0  6.703020 11.642896 19.004490  0.602280 0.707170 -0.370362  0.101142 0.428223
0  7.891065 8.918910 17.170425  0.696712 0.545261 -0.466137  0.093224 0.440485
chess_set_pieces_black
0  4.676040 13.064310 19.072081  0.432663 0.811518 -0.392737  0.110857 0.425086
0  6.703020 11.642896 19.004490  0.602280 0.707170 -0.370362  0.101142 0.428223
0  6.224940 10.590480 17.184151  0.555546 0.662503 -0.502453  0.102668 0.437129
chess_set_pieces_black
0  4.304070 11.850884 17.173531  0.378063 0.747932 -0.545588  0.112144 0.434607
0  4.676040 13.064310 19.072081  0.432663 0.811518 -0.392737  0.110857 0.425086
0  6.224940 10.590480 17.184151  0.555546 0.662503 -0.502453  0.102668 0.437129
chess_set_pieces_black
0  2.441250 14.052510 19.073385  0.251543 0.869444 -0.425199  0.120708 0.422849
0  4.676040 13.064310 19.072081  0.432663 0.811518 -0.392737  0.110857 0.425086
0  4.304070 11.850884 17.173531  0.378063 0.747932 -0.545588  0.112144 0.434607
chess_set_pieces_black
0  2.189430 12.600045 17.193510  0.183389 0.777994 -0.600911  0.121595 0.432884
0  2.441250 14.052510 19.073385  0.251543 0.869444 -0.425199  0.120708 0.422849
0  4.304070 11.850884 17.173531  0.378063 0.747932 -0.545588  0.112144 0.434607
chess_set_pieces_black
0  -0.009540 14.507054 18.965700  0.002220 0.892622 -0.450801  0.131031 0.421991
0  2.441250 14.052510 19.073385  0.251543 0.869444 -0.425199  0.120708 0.422849
0  2.189430 12.600045 17.193510  0.183389 0.777994 -0.600911  0.121595 0.432884
chess_set_pieces_black
0  -0.000225 12.827205 17.222309  0.001174 0.775311 -0.631579  0.131004 0.432245
0  -0.009540 14.507054 18.965700  0.002220 0.892622 -0.450801  0.131031 0.421991
0  2.189430 12.600045 17.193510  0.183389 0.777994 -0.600911  0.121595 0.432884
chess_set_pieces_black
0  -2.451690 14.061106 19.069874  -0.244579 0.869589 -0.428948  0.141316 0.422813
0  -0.009540 14.507054 18.965700  0.002220 0.892622 -0.450801  0.131031 0.421991
0  -0.000225 12.827205 17.222309  0.001174 0.775311 -0.631579  0.131004 0.432245
chess_set_pieces_black
0  -2.189205 12.603689 17.188740  -0.178317 0.777231 -0.603419  0.140408 0.432868
0  -2.451690 14.061106 19.069874  -0.244579 0.869589 -0.428948  0.141316 0.422813
0  -0.000225 12.827205 17.222309  0.001174 0.775311 -0.631579  0.131004 0.432245
chess_set_pieces_black
0  -4.693185 13.103504 19.056194  -0.431362 0.809636 -0.398017  0.151157 0.424993
0  -2.451690 14.061106 19.069874  -0.244579 0.869589 -0.428948  0.141316 0.422813
0  -2.189205 12.603689 17.188740  -0.178317 0.777231 -0.603419  0.140408 0.432868
chess_set_pieces_black
0  -4.310505 11.862045 17.167095  -0.375709 0.746847 -0.548692  0.149886 0.434559
0  -4.693185 13.103504 19.056194  -0.431362 0.809636 -0.398017  0.151157 0.424993
0  -2.189205 12.603689 17.188740  -0.178317 0.777231 -0.603419  0.140408 0.432868
chess_set_pieces_black
0  -6.707430 11.647620 19.000980  -0.604786 0.704142 -0.372044  0.160896 0.428173
0  -4.693185 13.103504 19.056194  -0.431362 0.809636 -0.398017  0.151157 0.424993
0  -4.310505 11.862045 17.167095  -0.375709 0.746847 -0.548692  0.149886 0.434559
chess_set_pieces_black
0  -6.231060 10.599390 17.176950  -0.556198 0.661897 -0.502529  0.159373 0.437084
0  -6.707430 11.647620 19.000980  -0.604786 0.704142 -0.372044  0.160896 0.428173
0  -4.310505 11.862045 17.167095  -0.375709 0.746847 -0.548692  0.149886 0.434559
chess_set_pieces_black
0  -8.382510 9.765090 18.916605  -0.740951 0.576948 -0.343688  0.170475 0.432210
0  -6.707430 11.647620 19.000980  -0.604786 0.704142 -0.372044  0.160896 0.428173
0  -6.231060 10.599390 17.176950  -0.556198 0.661897 -0.502529  0.159373 0.437084
chess_set_pieces_black
0  -7.902225 8.930161 17.161875  -0.694923 0.546530 -0.467319  0.168837 0.440421
0  -8.382510 9.765090 18.916605  -0.740951 0.576948 -0.343688  0.170475 0.432210
0  -6.231060 10.599390 17.176950  -0.556198 0.661897 -0.502529  0.159373 0.437084
chess_set_pieces_black
0  -9.741645 7.580340 18.771120  -0.844759 0.425886 -0.324043  0.180018 0.436965
0  -8.382510 9.765090 18.916605  -0.740951 0.576948 -0.343688  0.170475 0.432210
0  -7.902225 8.930161 17.161875  -0.694923 0.546530 -0.467319  0.168837 0.440421
chess_set_pieces_black
0  -9.194805 6.860430 17.179199  -0.804957 0.402837 -0.435622  0.178368 0.444471
0  -9.741645 7.580340 18.771120  -0.844759 0.425886 -0.324043  0.180018 0.436965
0  -7.902225 8.930161 17.161875  -0.694923 0.546530 -0.467319  0.168837 0.440421
chess_set_pieces_black
0  -10.636334 5.102820 18.613079  -0.903233 0.272918 -0.331189  0.189501 0.442466
0  -9.741645 7.580340 18.771120  -0.844759 0.425886 -0.324043  0.180018 0.436965
0  -9.194805 6.860430 17.179199  -0.804957 0.402837 -0.435622  0.178368 0.444471
chess_set_pieces_black
0  -10.070775 4.543245 17.196705  -0.875224 0.239068 -0.420511  0.187860 0.449122
0  -10.636334 5.102820 18.613079  -0.903233 0.272918 -0.331189  0.189501 0.442466
0  -9.194805 6.860430 17.179199  -0.804957 0.402837 -0.435622  0.178368 0.444471
chess_set_pieces_black
0  -11.186595 2.506365 18.425070  -0.912841 0.119275 -0.390505  0.198946 0.448302
0  -10.636334 5.102820 18.613079  -0.903233 0.272918 -0.331189  0.189501 0.442466
0  -10.070775 4.543245 17.196705  -0.875224 0.239068 -0.420511  0.187860 0.449122
chess_set_pieces_black
0  -10.465199 2.061990 17.230095  -0.900920 0.074182 -0.427598  0.197313 0.454274
0  -11.186595 2.506365 18.425070  -0.912841 0.119275 -0.390505  0.198946 0.448302
0  -10.070775 4.543245 17.196705  -0.875224 0.239068 -0.420511  0.187860 0.449122
chess_set_pieces_black
0  -11.149560 -0.171495 18.260145  -0.886284 0.008151 -0.463071  0.208119 0.454785
0  -11.186595 2.506365 18.425070  -0.912841 0.119275 -0.390505  0.198946 0.448302
0  -10.465199 2.061990 17.230095  -0.900920 0.074182 -0.427598  0.197313 0.454274
chess_set_pieces_black
0  -10.437930 -0.443430 17.250525  -0.897142 -0.017044 -0.441413  0.206432 0.459845
0  -11.149560 -0.171495 18.260145  -0.886284 0.008151 -0.463071  0.208119 0.454785
0  -10.465199 2.061990 17.230095  -0.900920 0.074182 -0.427598  0.197313 0.454274
chess_set_pieces_black
0  -10.873440 -2.787165 17.914410  -0.844405 -0.003060 -0.535696  0.216711 0.461911
0  -11.149560 -0.171495 18.260145  -0.886284 0.008151 -0.463071  0.208119 0.454785
0  -10.437930 -0.443430 17.250525  -0.897142 -0.017044 -0.441413  0.206432 0.459845
chess_set_pieces_black
0  -10.293796 -2.882295 17.048969  -0.870914 -0.064391 -0.487198  0.214925 0.466004
0  -10.873440 -2.787165 17.914410  -0.844405 -0.003060 -0.535696  0.216711 0.461911
0  -10.437930 -0.443430 17.250525  -0.897142 -0.017044 -0.441413  0.206432 0.459845
chess_set_pieces_black
0  -10.556865 -5.587110 17.494020  -0.745851 -0.164836 -0.645395  0.226256 0.469381
0  -10.873440 -2.787165 17.914410  -0.844405 -0.003060 -0.535696  0.216711 0.461911
0  -10.293796 -2.882295 17.048969  -0.870914 -0.064391 -0.487198  0.214925 0.466004
chess_set_pieces_black
0  -9.791010 -5.361885 16.649820  -0.795360 -0.238326 -0.557318  0.223294 0.473432
0  -10.556865 -5.587110 17.494020  -0.745851 -0.164836 -0.645395  0.226256 0.469381
0  -10.293796 -2.882295 17.048969  -0.870914 -0.064391 -0.487198  0.214925 0.466004
chess_set_pieces_black
0  -8.848260 -7.839720 16.955191  -0.574392 -0.442122 -0.688914  0.233158 0.479599
0  -10.556865 -5.587110 17.494020  -0.745851 -0.164836 -0.645395  0.226256 0.469381
0  -9.791010 -5.361885 16.649820  -0.795360 -0.238326 -0.557318  0.223294 0.473432
chess_set_pieces_black
0  -8.318970 -7.626060 16.362181  -0.666631 -0.495791 -0.556591  0.231113 0.482533
0  -8.848260 -7.839720 16.955191  -0.574392 -0.442122 -0.688914  0.233158 0.479599
0  -9.791010 -5.361885 16.649820  -0.795360 -0.238326 -0.557318  0.223294 0.473432
chess_set_pieces_black
0  -6.785415 -9.579420 16.897724  -0.408404 -0.641816 -0.649059  0.240287 0.488864
0  -8.848260 -7.839720 16.955191  -0.574392 -0.442122 -0.688914  0.233158 0.479599
0  -8.318970 -7.626060 16.362181  -0.666631 -0.495791 -0.556591  0.231113 0.482533
chess_set_pieces_black
0  -6.456015 -9.294616 16.321276  -0.497358 -0.721165 -0.482241  0.238123 0.491140
0  -6.785415 -9.579420 16.897724  -0.408404 -0.641816 -0.649059  0.240287 0.488864
0  -8.318970 -7.626060 16.362181  -0.666631 -0.495791 -0.556591  0.231113 0.482533
chess_set_pieces_black
0  -4.543695 -10.653390 17.006310  -0.241715 -0.770318 -0.590071  0.246701 0.497458
0  -6.785415 -9.579420 16.897724  -0.408404 -0.641816 -0.649059  0.240287 0.488864
0  -6.456015 -9.294616 16.321276  -0.497358 -0.721165 -0.482241  0.238123 0.491140
chess_set_pieces_black
0  -4.325670 -10.296315 16.316326  -0.294795 -0.860703 -0.415073  0.244027 0.499669
0  -4.543695 -10.653390 17.006310  -0.241715 -0.770318 -0.590071  0.246701 0.497458
0  -6.456015 -9.294616 16.321276  -0.497358 -0.721165 -0.482241  0.238123 0.491140
chess_set_pieces_black
0  -2.270295 -11.165715 17.095320  -0.104735 -0.822749 -0.558672  0.252168 0.505702
0  -4.543695 -10.653390 17.006310  -0.241715 -0.770318 -0.590071  0.246701 0.497458
0  -4.325670 -10.296315 16.316326  -0.294795 -0.860703 -0.415073  0.244027 0.499669
chess_set_pieces_black
0  -2.164635 -10.761300 16.331535  -0.123516 -0.915666 -0.382491  0.249108 0.507758
0  -2.270295 -11.165715 17.095320  -0.104735 -0.822749 -0.558672  0.252168 0.505702
0  -4.325670 -10.296315 16.316326  -0.294795 -0.860703 -0.415073  0.244027 0.499669
chess_set_pieces_black
0  0.000495 -11.317275 17.138115  -0.000892 -0.834121 -0.551581  0.257043 0.513892
0  -2.270295 -11.165715 17.095320  -0.104735 -0.822749 -0.558672  0.252168 0.505702
0  -2.164635 -10.761300 16.331535  -0.123516 -0.915666 -0.382491  0.249108 0.507758
chess_set_pieces_black
0  0.000585 -10.882305 16.342381  -0.001800 -0.927032 -0.374977  0.253705 0.515678
0  0.000495 -11.317275 17.138115  -0.000892 -0.834121 -0.551581  0.257043 0.513892
0  -2.164635 -10.761300 16.331535  -0.123516 -0.915666 -0.382491  0.249108 0.507758
chess_set_pieces_black
0  -8.743455 5.977170 15.458220  -0.865850 0.428560 -0.258147  0.177223 0.452920
0  -9.194805 6.860430 17.179199  -0.804957 0.402837 -0.435622  0.178368 0.444471
0  -7.549020 7.876035 15.420645  -0.752448 0.583302 -0.305909  0.168202 0.449242
chess_set_pieces_black
0  -10.070775 4.543245 17.196705  -0.875224 0.239068 -0.420511  0.187860 0.449122
0  -9.194805 6.860430 17.179199  -0.804957 0.402837 -0.435622  0.178368 0.444471
0  -8.743455 5.977170 15.458220  -0.865850 0.428560 -0.258147  0.177223 0.452920
chess_set_pieces_black
0  -9.548235 3.833730 15.483195  -0.949395 0.242693 -0.199371  0.186212 0.457283
0  -10.070775 4.543245 17.196705  -0.875224 0.239068 -0.420511  0.187860 0.449122
0  -8.743455 5.977170 15.458220  -0.865850 0.428560 -0.258147  0.177223 0.452920
chess_set_pieces_black
0  -10.465199 2.061990 17.230095  -0.900920 0.074182 -0.427598  0.197313 0.454274
0  -10.070775 4.543245 17.196705  -0.875224 0.239068 -0.420511  0.187860 0.449122
0  -9.548235 3.833730 15.483195  -0.949395 0.242693 -0.199371  0.186212 0.457283
chess_set_pieces_black
0  -9.832635 1.571130 15.507360  -0.986396 0.062223 -0.152154  0.194921 0.462095
0  -10.465199 2.061990 17.230095  -0.900920 0.074182 -0.427598  0.197313 0.454274
0  -9.548235 3.833730 15.483195  -0.949395 0.242693 -0.199371  0.186212 0.457283
chess_set_pieces_black
0  -10.437930 -0.443430 17.250525  -0.897142 -0.017044 -0.441413  0.206432 0.459845
0  -10.465199 2.061990 17.230095  -0.900920 0.074182 -0.427598  0.197313 0.454274
0  -9.832635 1.571130 15.507360  -0.986396 0.062223 -0.152154  0.194921 0.462095
chess_set_pieces_black
0  -9.789030 -0.702135 15.508125  -0.988331 -0.041340 -0.146605  0.203300 0.467200
0  -10.437930 -0.443430 17.250525  -0.897142 -0.017044 -0.441413  0.206432 0.459845
0  -9.832635 1.571130 15.507360  -0.986396 0.062223 -0.152154  0.194921 0.462095
chess_set_pieces_black
0  -10.293796 -2.882295 17.048969  -0.870914 -0.064391 -0.487198  0.214925 0.466004
0  -10.437930 -0.443430 17.250525  -0.897142 -0.017044 -0.441413  0.206432 0.459845
0  -9.789030 -0.702135 15.508125  -0.988331 -0.041340 -0.146605  0.203300 0.467200
chess_set_pieces_black
0  -9.628245 -2.953125 15.482700  -0.967316 -0.142704 -0.209608  0.211496 0.472543
0  -10.293796 -2.882295 17.048969  -0.870914 -0.064391 -0.487198  0.214925 0.466004
0  -9.789030 -0.702135 15.508125  -0.988331 -0.041340 -0.146605  0.203300 0.467200
chess_set_pieces_black
0  -9.791010 -5.361885 16.649820  -0.795360 -0.238326 -0.557318  0.223294 0.473432
0  -10.293796 -2.882295 17.048969  -0.870914 -0.064391 -0.487198  0.214925 0.466004
0  -9.628245 -2.953125 15.482700  -0.967316 -0.142704 -0.209608  0.211496 0.472543
chess_set_pieces_black
0  -9.022005 -5.198850 15.354945  -0.896466 -0.337627 -0.286979  0.219554 0.478974
0  -9.791010 -5.361885 16.649820  -0.795360 -0.238326 -0.557318  0.223294 0.473432
0  -9.628245 -2.953125 15.482700  -0.967316 -0.142704 -0.209608  0.211496 0.472543
chess_set_pieces_black
0  -8.318970 -7.626060 16.362181  -0.666631 -0.495791 -0.556591  0.231113 0.482533
0  -9.791010 -5.361885 16.649820  -0.795360 -0.238326 -0.557318  0.223294 0.473432
0  -9.022005 -5.198850 15.354945  -0.896466 -0.337627 -0.286979  0.219554 0.478974
chess_set_pieces_black
0  -7.882875 -7.249050 15.305671  -0.768283 -0.573631 -0.284057  0.227220 0.486125
0  -8.318970 -7.626060 16.362181  -0.666631 -0.495791 -0.556591  0.231113 0.482533
0  -9.022005 -5.198850 15.354945  -0.896466 -0.337627 -0.286979  0.219554 0.478974
chess_set_pieces_black
0  -6.456015 -9.294616 16.321276  -0.497358 -0.721165 -0.482241  0.238123 0.491140
0  -8.318970 -7.626060 16.362181  -0.666631 -0.495791 -0.556591  0.231113 0.482533
0  -7.882875 -7.249050 15.305671  -0.768283 -0.573631 -0.284057  0.227220 0.486125
chess_set_pieces_black
0  -6.231600 -8.955045 15.332355  -0.576660 -0.787887 -0.216096  0.234371 0.494012
0  -6.456015 -9.294616 16.321276  -0.497358 -0.721165 -0.482241  0.238123 0.491140
0  -7.882875 -7.249050 15.305671  -0.768283 -0.573631 -0.284057  0.227220 0.486125
chess_set_pieces_black
0  -4.325670 -10.296315 16.316326  -0.294795 -0.860703 -0.415073  0.244027 0.499669
0  -6.456015 -9.294616 16.321276  -0.497358 -0.721165 -0.482241  0.238123 0.491140
0  -6.231600 -8.955045 15.332355  -0.576660 -0.787887 -0.216096  0.234371 0.494012
chess_set_pieces_black
0  -4.185540 -10.026270 15.406156  -0.346873 -0.927237 -0.141108  0.240655 0.502128
0  -4.325670 -10.296315 16.316326  -0.294795 -0.860703 -0.415073  0.244027 0.499669
0  -6.231600 -8.955045 15.332355  -0.576660 -0.787887 -0.216096  0.234371 0.494012
chess_set_pieces_black
0  -2.164635 -10.761300 16.331535  -0.123516 -0.915666 -0.382491  0.249108 0.507758
0  -4.325670 -10.296315 16.316326  -0.294795 -0.860703 -0.415073  0.244027 0.499669
0  -4.185540 -10.026270 15.406156  -0.346873 -0.927237 -0.141108  0.240655 0.502128
chess_set_pieces_black
0  -2.084805 -10.517850 15.455746  -0.152110 -0.985335 -0.077318  0.245869 0.509930
0  -2.164635 -10.761300 16.331535  -0.123516 -0.915666 -0.382491  0.249108 0.507758
0  -4.185540 -10.026270 15.406156  -0.346873 -0.927237 -0.141108  0.240655 0.502128
chess_set_pieces_black
0  0.000585 -10.882305 16.342381  -0.001800 -0.927032 -0.374977  0.253705 0.515678
0  -2.164635 -10.761300 16.331535  -0.123516 -0.915666 -0.382491  0.249108 0.507758
0  -2.084805 -10.517850 15.455746  -0.152110 -0.985335 -0.077318  0.245869 0.509930
chess_set_pieces_black
0  0.000090 -10.658025 15.488370  -0.001918 -0.998715 -0.050636  0.250496 0.517480
0  0.000585 -10.882305 16.342381  -0.001800 -0.927032 -0.374977  0.253705 0.515678
0  -2.084805 -10.517850 15.455746  -0.152110 -0.985335 -0.077318  0.245869 0.509930
chess_set_pieces_black
0  0.000810 -10.815075 14.364406  -0.001939 -0.930099 0.367304  0.246475 0.519943
0  0.000090 -10.658025 15.488370  -0.001918 -0.998715 -0.050636  0.250496 0.517480
0  -2.121210 -10.633860 14.374216  -0.168182 -0.919887 0.354291  0.241917 0.512304
chess_set_pieces_black
0  0.000090 -10.658025 15.488370  -0.001918 -0.998715 -0.050636  0.250496 0.517480
0  -2.084805 -10.517850 15.455746  -0.152110 -0.985335 -0.077318  0.245869 0.509930
0  -2.121210 -10.633860 14.374216  -0.168182 -0.919887 0.354291  0.241917 0.512304
chess_set_pieces_black
0  -2.121210 -10.633860 14.374216  -0.168182 -0.919887 0.354291  0.241917 0.512304
0  -2.084805 -10.517850 15.455746  -0.152110 -0.985335 -0.077318  0.245869 0.509930
0  -4.204215 -10.050301 14.359095  -0.367305 -0.873442 0.319667  0.236916 0.504658
chess_set_pieces_black
0  -2.084805 -10.517850 15.455746  -0.152110 -0.985335 -0.077318  0.245869 0.509930
0  -4.185540 -10.026270 15.406156  -0.346873 -0.927237 -0.141108  0.240655 0.502128
0  -4.204215 -10.050301 14.359095  -0.367305 -0.873442 0.319667  0.236916 0.504658
chess_set_pieces_black
0  -4.204215 -10.050301 14.359095  -0.367305 -0.873442 0.319667  0.236916 0.504658
0  -4.185540 -10.026270 15.406156  -0.346873 -0.927237 -0.141108  0.240655 0.502128
0  -6.209640 -8.957746 14.386320  -0.587637 -0.753326 0.295267  0.231169 0.496697
chess_set_pieces_black
0  -4.185540 -10.026270 15.406156  -0.346873 -0.927237 -0.141108  0.240655 0.502128
0  -6.231600 -8.955045 15.332355  -0.576660 -0.787887 -0.216096  0.234371 0.494012
0  -6.209640 -8.957746 14.386320  -0.587637 -0.753326 0.295267  0.231169 0.496697
chess_set_pieces_black
0  -6.209640 -8.957746 14.386320  -0.587637 -0.753326 0.295267  0.231169 0.496697
0  -6.231600 -8.955045 15.332355  -0.576660 -0.787887 -0.216096  0.234371 0.494012
0  -7.834815 -7.280684 14.355855  -0.760850 -0.570665 0.308948  0.224421 0.489201
chess_set_pieces_black
0  -6.231600 -8.955045 15.332355  -0.576660 -0.787887 -0.216096  0.234371 0.494012
0  -7.882875 -7.249050 15.305671  -0.768283 -0.573631 -0.284057  0.227220 0.486125
0  -7.834815 -7.280684 14.355855  -0.760850 -0.570665 0.308948  0.224421 0.489201
chess_set_pieces_black
0  -7.834815 -7.280684 14.355855  -0.760850 -0.570665 0.308948  0.224421 0.489201
0  -7.882875 -7.249050 15.305671  -0.768283 -0.573631 -0.284057  0.227220 0.486125
0  -8.962290 -5.284710 14.362245  -0.846301 -0.391764 0.360964  0.217193 0.482600
chess_set_pieces_black
0  -7.882875 -7.249050 15.305671  -0.768283 -0.573631 -0.284057  0.227220 0.486125
0  -9.022005 -5.198850 15.354945  -0.896466 -0.337627 -0.286979  0.219554 0.478974
0  -8.962290 -5.284710 14.362245  -0.846301 -0.391764 0.360964  0.217193 0.482600
chess_set_pieces_black
0  -8.962290 -5.284710 14.362245  -0.846301 -0.391764 0.360964  0.217193 0.482600
0  -9.022005 -5.198850 15.354945  -0.896466 -0.337627 -0.286979  0.219554 0.478974
0  -9.731880 -3.109185 14.369040  -0.872429 -0.220224 0.436312  0.209277 0.476840
chess_set_pieces_black
0  -9.022005 -5.198850 15.354945  -0.896466 -0.337627 -0.286979  0.219554 0.478974
0  -9.628245 -2.953125 15.482700  -0.967316 -0.142704 -0.209608  0.211496 0.472543
0  -9.731880 -3.109185 14.369040  -0.872429 -0.220224 0.436312  0.209277 0.476840
chess_set_pieces_black
0  -9.731880 -3.109185 14.369040  -0.872429 -0.220224 0.436312  0.209277 0.476840
0  -9.628245 -2.953125 15.482700  -0.967316 -0.142704 -0.209608  0.211496 0.472543
0  -10.070550 -0.826605 14.347620  -0.870082 -0.064812 0.488627  0.201015 0.471740
chess_set_pieces_black
0  -9.628245 -2.953125 15.482700  -0.967316 -0.142704 -0.209608  0.211496 0.472543
0  -9.789030 -0.702135 15.508125  -0.988331 -0.041340 -0.146605  0.203300 0.467200
0  -10.070550 -0.826605 14.347620  -0.870082 -0.064812 0.488627  0.201015 0.471740
chess_set_pieces_black
0  -10.070550 -0.826605 14.347620  -0.870082 -0.064812 0.488627  0.201015 0.471740
0  -9.789030 -0.702135 15.508125  -0.988331 -0.041340 -0.146605  0.203300 0.467200
0  -10.069964 1.481085 14.339070  -0.873137 0.074034 0.481821  0.192713 0.466701
chess_set_pieces_black
0  -9.789030 -0.702135 15.508125  -0.988331 -0.041340 -0.146605  0.203300 0.467200
0  -9.832635 1.571130 15.507360  -0.986396 0.062223 -0.152154  0.194921 0.462095
0  -10.069964 1.481085 14.339070  -0.873137 0.074034 0.481821  0.192713 0.466701
chess_set_pieces_black
0  -10.069964 1.481085 14.339070  -0.873137 0.074034 0.481821  0.192713 0.466701
0  -9.832635 1.571130 15.507360  -0.986396 0.062223 -0.152154  0.194921 0.462095
0  -9.698400 3.753360 14.354280  -0.867608 0.246088 0.432084  0.184332 0.461796
chess_set_pieces_black
0  -9.832635 1.571130 15.507360  -0.986396 0.062223 -0.152154  0.194921 0.462095
0  -9.548235 3.833730 15.483195  -0.949395 0.242693 -0.199371  0.186212 0.457283
0  -9.698400 3.753360 14.354280  -0.867608 0.246088 0.432084  0.184332 0.461796
chess_set_pieces_black
0  -9.698400 3.753360 14.354280  -0.867608 0.246088 0.432084  0.184332 0.461796
0  -9.548235 3.833730 15.483195  -0.949395 0.242693 -0.199371  0.186212 0.457283
0  -8.842500 5.894190 14.346721  -0.821921 0.425719 0.378430  0.175668 0.457424
chess_set_pieces_black
0  -9.548235 3.833730 15.483195  -0.949395 0.242693 -0.199371  0.186212 0.457283
0  -8.743455 5.977170 15.458220  -0.865850 0.428560 -0.258147  0.177223 0.452920
0  -8.842500 5.894190 14.346721  -0.821921 0.425719 0.378430  0.175668 0.457424
chess_set_pieces_black
0  -8.842500 5.894190 14.346721  -0.821921 0.425719 0.378430  0.175668 0.457424
0  -8.743455 5.977170 15.458220  -0.865850 0.428560 -0.258147  0.177223 0.452920
0  -7.615890 7.780095 14.351940  -0.745220 0.575255 0.337239  0.167005 0.453659
chess_set_pieces_black
0  -8.743455 5.977170 15.458220  -0.865850 0.428560 -0.258147  0.177223 0.452920
0  -7.549020 7.876035 15.420645  -0.752448 0.583302 -0.305909  0.168202 0.449242
0  -7.615890 7.780095 14.351940  -0.745220 0.575255 0.337239  0.167005 0.453659
chess_set_pieces_black
0  -7.615890 7.780095 14.351940  -0.745220 0.575255 0.337239  0.167005 0.453659
0  -7.549020 7.876035 15.420645  -0.752448 0.583302 -0.305909  0.168202 0.449242
0  -6.112485 9.439740 14.360670  -0.623158 0.722264 0.300013  0.158133 0.450509
chess_set_pieces_black
0  -7.549020 7.876035 15.420645  -0.752448 0.583302 -0.305909  0.168202 0.449242
0  -6.032835 9.490005 15.410610  -0.608539 0.719446 -0.334781  0.159084 0.446102
0  -6.112485 9.439740 14.360670  -0.623158 0.722264 0.300013  0.158133 0.450509
chess_set_pieces_black
0  -6.112485 9.439740 14.360670  -0.623158 0.722264 0.300013  0.158133 0.450509
0  -6.032835 9.490005 15.410610  -0.608539 0.719446 -0.334781  0.159084 0.446102
0  -4.231305 10.679310 14.363955  -0.411891 0.870615 0.269026  0.148961 0.448057
chess_set_pieces_black
0  -6.032835 9.490005 15.410610  -0.608539 0.719446 -0.334781  0.159084 0.446102
0  -4.193325 10.757879 15.396481  -0.397523 0.837556 -0.374802  0.149568 0.443647
0  -4.231305 10.679310 14.363955  -0.411891 0.870615 0.269026  0.148961 0.448057
chess_set_pieces_black
0  -4.231305 10.679310 14.363955  -0.411891 0.870615 0.269026  0.148961 0.448057
0  -4.193325 10.757879 15.396481  -0.397523 0.837556 -0.374802  0.149568 0.443647
0  -2.122425 11.288521 14.357070  -0.173826 0.948492 0.264856  0.139841 0.446802
chess_set_pieces_black
0  -4.193325 10.757879 15.396481  -0.397523 0.837556 -0.374802  0.149568 0.443647
0  -2.075265 11.338470 15.410475  -0.161060 0.895412 -0.415086  0.140001 0.442329
0  -2.122425 11.288521 14.357070  -0.173826 0.948492 0.264856  0.139841 0.446802
chess_set_pieces_black
0  -2.122425 11.288521 14.357070  -0.173826 0.948492 0.264856  0.139841 0.446802
0  -2.075265 11.338470 15.410475  -0.161060 0.895412 -0.415086  0.140001 0.442329
0  -0.001260 11.444489 14.327865  0.000376 0.961763 0.273883  0.131032 0.446582
chess_set_pieces_black
0  -2.075265 11.338470 15.410475  -0.161060 0.895412 -0.415086  0.140001 0.442329
0  0.001845 11.454256 15.460335  0.000493 0.903573 -0.428434  0.131008 0.441879
0  -0.001260 11.444489 14.327865  0.000376 0.961763 0.273883  0.131032 0.446582
chess_set_pieces_black
0  -0.001260 11.444489 14.327865  0.000376 0.961763 0.273883  0.131032 0.446582
0  0.001845 11.454256 15.460335  0.000493 0.903573 -0.428434  0.131008 0.441879
0  2.124765 11.288790 14.356979  0.175558 0.947327 0.267862  0.122200 0.446842
chess_set_pieces_black
0  0.001845 11.454256 15.460335  0.000493 0.903573 -0.428434  0.131008 0.441879
0  2.079630 11.330865 15.399091  0.164784 0.895528 -0.413372  0.122009 0.442418
0  2.124765 11.288790 14.356979  0.175558 0.947327 0.267862  0.122200 0.446842
chess_set_pieces_black
0  2.124765 11.288790 14.356979  0.175558 0.947327 0.267862  0.122200 0.446842
0  2.079630 11.330865 15.399091  0.164784 0.895528 -0.413372  0.122009 0.442418
0  4.238100 10.668241 14.363324  0.415008 0.867466 0.274358  0.113049 0.448145
chess_set_pieces_black
0  2.079630 11.330865 15.399091  0.164784 0.895528 -0.413372  0.122009 0.442418
0  4.194990 10.741096 15.404220  0.401199 0.836291 -0.373707  0.112431 0.443699
0  4.238100 10.668241 14.363324  0.415008 0.867466 0.274358  0.113049 0.448145
chess_set_pieces_black
0  4.238100 10.668241 14.363324  0.415008 0.867466 0.274358  0.113049 0.448145
0  4.194990 10.741096 15.404220  0.401199 0.836291 -0.373707  0.112431 0.443699
0  6.090480 9.421785 14.358420  0.623358 0.719767 0.305548  0.103968 0.450594
chess_set_pieces_black
0  4.194990 10.741096 15.404220  0.401199 0.836291 -0.373707  0.112431 0.443699
0  6.006960 9.484200 15.420916  0.608973 0.718382 -0.336271  0.103042 0.446126
0  6.090480 9.421785 14.358420  0.623358 0.719767 0.305548  0.103968 0.450594
chess_set_pieces_black
0  2.287125 -14.469525 22.363201  0.185231 -0.914848 -0.358807  0.737071 0.907047
0  -0.000180 -14.613480 22.076731  0.001205 -0.919765 -0.392468  0.739950 0.916699
0  0.004185 -13.406040 19.820385  0.000704 -0.866753 -0.498737  0.750862 0.914356
chess_set_pieces_black
0  0.004185 -13.406040 19.820385  0.000704 -0.866753 -0.498737  0.750862 0.914356
0  -0.000855 -12.567780 18.649485  0.001089 -0.800170 -0.599772  0.756959 0.912915
0  2.401515 -12.413429 18.681974  0.111948 -0.801324 -0.587662  0.754773 0.902768
chess_set_pieces_black
0  2.510730 -13.210425 19.873484  0.152127 -0.870824 -0.467465  0.748705 0.903726
0  0.004185 -13.406040 19.820385  0.000704 -0.866753 -0.498737  0.750862 0.914356
0  2.401515 -12.413429 18.681974  0.111948 -0.801324 -0.587662  0.754773 0.902768
chess_set_pieces_black
0  2.510730 -13.210425 19.873484  0.152127 -0.870824 -0.467465  0.748705 0.903726
0  2.287125 -14.469525 22.363201  0.185231 -0.914848 -0.358807  0.737071 0.907047
0  0.004185 -13.406040 19.820385  0.000704 -0.866753 -0.498737  0.750862 0.914356
chess_set_pieces_black
0  4.410180 -14.135310 23.156731  0.372398 -0.892769 -0.253541  0.732845 0.897963
0  2.287125 -14.469525 22.363201  0.185231 -0.914848 -0.358807  0.737071 0.907047
0  2.510730 -13.210425 19.873484  0.152127 -0.870824 -0.467465  0.748705 0.903726
chess_set_pieces_black
0  9.528120 -10.538910 20.469465  0.693285 -0.699943 -0.171568  0.745134 0.873111
0  8.677936 -11.854260 25.104553  0.679131 -0.733522 -0.026958  0.726361 0.877030
0  6.381855 -13.380660 24.232365  0.521227 -0.844491 -0.123118  0.728726 0.888706
chess_set_pieces_black
0  7.015140 -12.026791 20.198160  0.478261 -0.833514 -0.276624  0.745803 0.884551
0  9.528120 -10.538910 20.469465  0.693285 -0.699943 -0.171568  0.745134 0.873111
0  6.381855 -13.380660 24.232365  0.521227 -0.844491 -0.123118  0.728726 0.888706
chess_set_pieces_black
0  6.381855 -13.380660 24.232365  0.521227 -0.844491 -0.123118  0.728726 0.888706
0  4.410180 -14.135310 23.156731  0.372398 -0.892769 -0.253541  0.732845 0.897963
0  7.015140 -12.026791 20.198160  0.478261 -0.833514 -0.276624  0.745803 0.884551
chess_set_pieces_black
0  4.410180 -14.135310 23.156731  0.372398 -0.892769 -0.253541  0.732845 0.897963
0  4.913505 -12.785174 20.045160  0.302655 -0.871861 -0.385043  0.746759 0.893613
0  7.015140 -12.026791 20.198160  0.478261 -0.833514 -0.276624  0.745803 0.884551
chess_set_pieces_black
0  4.913505 -12.785174 20.045160  0.302655 -0.871861 -0.385043  0.746759 0.893613
0  4.410180 -14.135310 23.156731  0.372398 -0.892769 -0.253541  0.732845 0.897963
0  2.510730 -13.210425 19.873484  0.152127 -0.870824 -0.467465  0.748705 0.903726
chess_set_pieces_black
0  4.913505 -12.785174 20.045160  0.302655 -0.871861 -0.385043  0.746759 0.893613
0  2.510730 -13.210425 19.873484  0.152127 -0.870824 -0.467465  0.748705 0.903726
0  4.793040 -11.993715 18.729811  0.230486 -0.793795 -0.562819  0.753117 0.892635
chess_set_pieces_black
0  2.510730 -13.210425 19.873484  0.152127 -0.870824 -0.467465  0.748705 0.903726
0  2.401515 -12.413429 18.681974  0.111948 -0.801324 -0.587662  0.754773 0.902768
0  4.793040 -11.993715 18.729811  0.230486 -0.793795 -0.562819  0.753117 0.892635
chess_set_pieces_black
0  4.793040 -11.993715 18.729811  0.230486 -0.793795 -0.562819  0.753117 0.892635
0  2.401515 -12.413429 18.681974  0.111948 -0.801324 -0.587662  0.754773 0.902768
0  4.758075 -11.305799 17.864820  0.222340 -0.746048 -0.627676  0.757640 0.891505
chess_set_pieces_black
0  2.401515 -12.413429 18.681974  0.111948 -0.801324 -0.587662  0.754773 0.902768
0  2.373885 -11.739195 17.851995  0.099180 -0.776790 -0.621901  0.759249 0.901738
0  4.758075 -11.305799 17.864820  0.222340 -0.746048 -0.627676  0.757640 0.891505
chess_set_pieces_black
0  2.401515 -12.413429 18.681974  0.111948 -0.801324 -0.587662  0.754773 0.902768
0  -0.000855 -12.567780 18.649485  0.001089 -0.800170 -0.599772  0.756959 0.912915
0  2.373885 -11.739195 17.851995  0.099180 -0.776790 -0.621901  0.759249 0.901738
chess_set_pieces_black
0  -0.000855 -12.567780 18.649485  0.001089 -0.800170 -0.599772  0.756959 0.912915
0  0.000585 -11.915775 17.888716  0.000957 -0.777152 -0.629312  0.761176 0.911851
0  2.373885 -11.739195 17.851995  0.099180 -0.776790 -0.621901  0.759249 0.901738
chess_set_pieces_black
0  4.410180 -14.135310 23.156731  0.372398 -0.892769 -0.253541  0.732845 0.897963
0  6.381855 -13.380660 24.232365  0.521227 -0.844491 -0.123118  0.728726 0.888706
0  3.185865 -15.660585 27.205648  0.504718 -0.853178 -0.131705  0.714174 0.904014
chess_set_pieces_black
0  9.528120 -10.538910 20.469465  0.693285 -0.699943 -0.171568  0.745134 0.873111
0  9.617715 -9.590489 18.989414  0.657866 -0.592523 -0.464897  0.751536 0.870916
0  11.663460 -6.721785 19.438875  0.910803 -0.280093 -0.303290  0.751810 0.857409
chess_set_pieces_black
0  9.528120 -10.538910 20.469465  0.693285 -0.699943 -0.171568  0.745134 0.873111
0  7.015140 -12.026791 20.198160  0.478261 -0.833514 -0.276624  0.745803 0.884551
0  9.617715 -9.590489 18.989414  0.657866 -0.592523 -0.464897  0.751536 0.870916
chess_set_pieces_black
0  7.015140 -12.026791 20.198160  0.478261 -0.833514 -0.276624  0.745803 0.884551
0  7.068600 -11.198430 18.771481  0.409431 -0.742274 -0.530468  0.752219 0.882775
0  9.617715 -9.590489 18.989414  0.657866 -0.592523 -0.464897  0.751536 0.870916
chess_set_pieces_black
0  7.015140 -12.026791 20.198160  0.478261 -0.833514 -0.276624  0.745803 0.884551
0  4.913505 -12.785174 20.045160  0.302655 -0.871861 -0.385043  0.746759 0.893613
0  7.068600 -11.198430 18.771481  0.409431 -0.742274 -0.530468  0.752219 0.882775
chess_set_pieces_black
0  4.913505 -12.785174 20.045160  0.302655 -0.871861 -0.385043  0.746759 0.893613
0  4.793040 -11.993715 18.729811  0.230486 -0.793795 -0.562819  0.753117 0.892635
0  7.068600 -11.198430 18.771481  0.409431 -0.742274 -0.530468  0.752219 0.882775
chess_set_pieces_black
0  7.068600 -11.198430 18.771481  0.409431 -0.742274 -0.530468  0.752219 0.882775
0  4.793040 -11.993715 18.729811  0.230486 -0.793795 -0.562819  0.753117 0.892635
0  7.062975 -10.386900 17.857035  0.392644 -0.652866 -0.647763  0.756937 0.881126
chess_set_pieces_black
0  4.793040 -11.993715 18.729811  0.230486 -0.793795 -0.562819  0.753117 0.892635
0  4.758075 -11.305799 17.864820  0.222340 -0.746048 -0.627676  0.757640 0.891505
0  7.062975 -10.386900 17.857035  0.392644 -0.652866 -0.647763  0.756937 0.881126
chess_set_pieces_black
0  7.068600 -11.198430 18.771481  0.409431 -0.742274 -0.530468  0.752219 0.882775
0  7.062975 -10.386900 17.857035  0.392644 -0.652866 -0.647763  0.756937 0.881126
0  9.498960 -8.705520 18.043741  0.598418 -0.487173 -0.636049  0.756334 0.869142
chess_set_pieces_black
0  9.617715 -9.590489 18.989414  0.657866 -0.592523 -0.464897  0.751536 0.870916
0  7.068600 -11.198430 18.771481  0.409431 -0.742274 -0.530468  0.752219 0.882775
0  9.498960 -8.705520 18.043741  0.598418 -0.487173 -0.636049  0.756334 0.869142
chess_set_pieces_black
0  9.617715 -9.590489 18.989414  0.657866 -0.592523 -0.464897  0.751536 0.870916
0  9.498960 -8.705520 18.043741  0.598418 -0.487173 -0.636049  0.756334 0.869142
0  11.256029 -5.862735 18.382229  0.816041 -0.199173 -0.542593  0.757129 0.855848
chess_set_pieces_black
0  11.663460 -6.721785 19.438875  0.910803 -0.280093 -0.303290  0.751810 0.857409
0  9.617715 -9.590489 18.989414  0.657866 -0.592523 -0.464897  0.751536 0.870916
0  11.256029 -5.862735 18.382229  0.816041 -0.199173 -0.542593  0.757129 0.855848
chess_set_pieces_black
0  11.663460 -6.721785 19.438875  0.910803 -0.280093 -0.303290  0.751810 0.857409
0  11.256029 -5.862735 18.382229  0.816041 -0.199173 -0.542593  0.757129 0.855848
0  11.539576 -3.069045 19.160864  0.916163 0.005346 -0.400770  0.757600 0.843817
chess_set_pieces_black
0  0.000495 -11.317275 17.138115  -0.000907 -0.834121 -0.551582  0.765213 0.910830
0  2.271285 -11.171655 17.092485  0.102597 -0.826973 -0.552801  0.763320 0.901137
0  0.000585 -11.915775 17.888716  0.000957 -0.777152 -0.629312  0.761176 0.911851
chess_set_pieces_black
0  2.271285 -11.171655 17.092485  0.102597 -0.826973 -0.552801  0.763320 0.901137
0  2.373885 -11.739195 17.851995  0.099180 -0.776790 -0.621901  0.759249 0.901738
0  0.000585 -11.915775 17.888716  0.000957 -0.777152 -0.629312  0.761176 0.911851
chess_set_pieces_black
0  2.271285 -11.171655 17.092485  0.102597 -0.826973 -0.552801  0.763320 0.901137
0  4.544235 -10.667790 16.999155  0.246838 -0.774109 -0.582945  0.762330 0.891096
0  2.373885 -11.739195 17.851995  0.099180 -0.776790 -0.621901  0.759249 0.901738
chess_set_pieces_black
0  4.544235 -10.667790 16.999155  0.246838 -0.774109 -0.582945  0.762330 0.891096
0  4.758075 -11.305799 17.864820  0.222340 -0.746048 -0.627676  0.757640 0.891505
0  2.373885 -11.739195 17.851995  0.099180 -0.776790 -0.621901  0.759249 0.901738
chess_set_pieces_black
0  4.544235 -10.667790 16.999155  0.246838 -0.774109 -0.582945  0.762330 0.891096
0  6.779655 -9.568890 16.910055  0.415889 -0.644810 -0.641293  0.762286 0.880314
0  4.758075 -11.305799 17.864820  0.222340 -0.746048 -0.627676  0.757640 0.891505
chess_set_pieces_black
0  6.779655 -9.568890 16.910055  0.415889 -0.644810 -0.641293  0.762286 0.880314
0  7.062975 -10.386900 17.857035  0.392644 -0.652866 -0.647763  0.756937 0.881126
0  4.758075 -11.305799 17.864820  0.222340 -0.746048 -0.627676  0.757640 0.891505
chess_set_pieces_black
0  6.779655 -9.568890 16.910055  0.415889 -0.644810 -0.641293  0.762286 0.880314
0  8.852625 -7.817760 16.963291  0.584947 -0.449393 -0.675191  0.762578 0.868708
0  7.062975 -10.386900 17.857035  0.392644 -0.652866 -0.647763  0.756937 0.881126
chess_set_pieces_black
0  8.852625 -7.817760 16.963291  0.584947 -0.449393 -0.675191  0.762578 0.868708
0  9.498960 -8.705520 18.043741  0.598418 -0.487173 -0.636049  0.756334 0.869142
0  7.062975 -10.386900 17.857035  0.392644 -0.652866 -0.647763  0.756937 0.881126
chess_set_pieces_black
0  8.852625 -7.817760 16.963291  0.584947 -0.449393 -0.675191  0.762578 0.868708
0  10.557630 -5.578740 17.522730  0.752343 -0.170977 -0.636197  0.761778 0.856620
0  9.498960 -8.705520 18.043741  0.598418 -0.487173 -0.636049  0.756334 0.869142
chess_set_pieces_black
0  10.557630 -5.578740 17.522730  0.752343 -0.170977 -0.636197  0.761778 0.856620
0  11.256029 -5.862735 18.382229  0.816041 -0.199173 -0.542593  0.757129 0.855848
0  9.498960 -8.705520 18.043741  0.598418 -0.487173 -0.636049  0.756334 0.869142
chess_set_pieces_black
0  10.557630 -5.578740 17.522730  0.752343 -0.170977 -0.636197  0.761778 0.856620
0  10.861830 -2.787210 17.923321  0.843248 -0.003975 -0.537510  0.763797 0.844562
0  11.256029 -5.862735 18.382229  0.816041 -0.199173 -0.542593  0.757129 0.855848
chess_set_pieces_black
0  10.861830 -2.787210 17.923321  0.843248 -0.003975 -0.537510  0.763797 0.844562
0  11.539576 -3.069045 19.160864  0.916163 0.005346 -0.400770  0.757600 0.843817
0  11.256029 -5.862735 18.382229  0.816041 -0.199173 -0.542593  0.757129 0.855848
chess_set_pieces_black
0  10.861830 -2.787210 17.923321  0.843248 -0.003975 -0.537510  0.763797 0.844562
0  11.130255 -0.171180 18.271034  0.881877 0.005171 -0.471451  0.765382 0.833056
0  11.539576 -3.069045 19.160864  0.916163 0.005346 -0.400770  0.757600 0.843817
chess_set_pieces_black
0  11.130255 -0.171180 18.271034  0.881877 0.005171 -0.471451  0.765382 0.833056
0  11.677051 -0.323055 19.480141  0.953972 0.020481 -0.299196  0.759633 0.831981
0  11.539576 -3.069045 19.160864  0.916163 0.005346 -0.400770  0.757600 0.843817
chess_set_pieces_black
0  11.820466 -3.533625 20.108025  0.991575 -0.014796 -0.128685  0.753006 0.844449
0  11.539576 -3.069045 19.160864  0.916163 0.005346 -0.400770  0.757600 0.843817
0  11.677051 -0.323055 19.480141  0.953972 0.020481 -0.299196  0.759633 0.831981
chess_set_pieces_black
0  11.820466 -3.533625 20.108025  0.991575 -0.014796 -0.128685  0.753006 0.844449
0  11.663460 -6.721785 19.438875  0.910803 -0.280093 -0.303290  0.751810 0.857409
0  11.539576 -3.069045 19.160864  0.916163 0.005346 -0.400770  0.757600 0.843817
chess_set_pieces_black
0  11.651219 -7.768620 21.086010  0.921024 -0.387565 -0.038830  0.744787 0.859696
0  11.663460 -6.721785 19.438875  0.910803 -0.280093 -0.303290  0.751810 0.857409
0  11.820466 -3.533625 20.108025  0.991575 -0.014796 -0.128685  0.753006 0.844449
chess_set_pieces_black
0  11.651219 -7.768620 21.086010  0.921024 -0.387565 -0.038830  0.744787 0.859696
0  9.528120 -10.538910 20.469465  0.693285 -0.699943 -0.171568  0.745134 0.873111
0  11.663460 -6.721785 19.438875  0.910803 -0.280093 -0.303290  0.751810 0.857409
chess_set_pieces_black
0  11.881979 -4.523310 21.665476  0.995813 -0.076019 0.050774  0.745610 0.846710
0  11.651219 -7.768620 21.086010  0.921024 -0.387565 -0.038830  0.744787 0.859696
0  11.820466 -3.533625 20.108025  0.991575 -0.014796 -0.128685  0.753006 0.844449
chess_set_pieces_black
0  11.651219 -7.768620 21.086010  0.921024 -0.387565 -0.038830  0.744787 0.859696
0  11.881979 -4.523310 21.665476  0.995813 -0.076019 0.050774  0.745610 0.846710
0  10.747305 -9.330165 25.649010  0.886257 -0.457462 0.072641  0.726077 0.863631
chess_set_pieces_black
0  11.881979 -4.523310 21.665476  0.995813 -0.076019 0.050774  0.745610 0.846710
0  11.476576 -6.221880 25.816229  0.980946 -0.149168 0.124475  0.727283 0.850509
0  10.747305 -9.330165 25.649010  0.886257 -0.457462 0.072641  0.726077 0.863631
chess_set_pieces_black
0  10.747305 -9.330165 25.649010  0.886257 -0.457462 0.072641  0.726077 0.863631
0  11.476576 -6.221880 25.816229  0.980946 -0.149168 0.124475  0.727283 0.850509
0  9.416474 -10.425285 29.955734  0.835291 -0.531859 0.139336  0.707383 0.867719
chess_set_pieces_black
0  9.416474 -10.425285 29.955734  0.835291 -0.531859 0.139336  0.707383 0.867719
0  7.067700 -12.943890 29.273941  0.647451 -0.758959 0.069197  0.708109 0.882577
0  10.747305 -9.330165 25.649010  0.886257 -0.457462 0.072641  0.726077 0.863631
chess_set_pieces_black
0  3.420630 -15.137506 32.289211  0.680926 -0.730604 0.050573  0.692413 0.898541
0  4.617720 -14.657129 28.198170  0.575392 -0.817870 0.003630  0.710833 0.895927
0  7.067700 -12.943890 29.273941  0.647451 -0.758959 0.069197  0.708109 0.882577
chess_set_pieces_black
0  11.847510 -0.741915 20.394135  0.998592 0.042975 -0.031094  0.755213 0.832563
0  11.820466 -3.533625 20.108025  0.991575 -0.014796 -0.128685  0.753006 0.844449
0  11.677051 -0.323055 19.480141  0.953972 0.020481 -0.299196  0.759633 0.831981
chess_set_pieces_black
0  11.881979 -4.523310 21.665476  0.995813 -0.076019 0.050774  0.745610 0.846710
0  11.820466 -3.533625 20.108025  0.991575 -0.014796 -0.128685  0.753006 0.844449
0  11.847510 -0.741915 20.394135  0.998592 0.042975 -0.031094  0.755213 0.832563
chess_set_pieces_black
0  11.830545 -1.881225 22.023136  0.996053 0.042917 0.077691  0.746905 0.835395
0  11.881979 -4.523310 21.665476  0.995813 -0.076019 0.050774  0.745610 0.846710
0  11.847510 -0.741915 20.394135  0.998592 0.042975 -0.031094  0.755213 0.832563
chess_set_pieces_black
0  11.830545 -1.881225 22.023136  0.996053 0.042917 0.077691  0.746905 0.835395
0  11.557620 -3.579255 26.025616  0.991362 0.017016 0.130045  0.728081 0.839138
0  11.881979 -4.523310 21.665476  0.995813 -0.076019 0.050774  0.745610 0.846710
chess_set_pieces_black
0  11.557620 -3.579255 26.025616  0.991362 0.017016 0.130045  0.728081 0.839138
0  11.476576 -6.221880 25.816229  0.980946 -0.149168 0.124475  0.727283 0.850509
0  11.881979 -4.523310 21.665476  0.995813 -0.076019 0.050774  0.745610 0.846710
chess_set_pieces_black
0  10.583955 -7.337025 30.151035  0.953821 -0.242862 0.176758  0.708159 0.853627
0  11.476576 -6.221880 25.816229  0.980946 -0.149168 0.124475  0.727283 0.850509
0  11.557620 -3.579255 26.025616  0.991362 0.017016 0.130045  0.728081 0.839138
chess_set_pieces_black
0  11.476576 -6.221880 25.816229  0.980946 -0.149168 0.124475  0.727283 0.850509
0  10.583955 -7.337025 30.151035  0.953821 -0.242862 0.176758  0.708159 0.853627
0  9.416474 -10.425285 29.955734  0.835291 -0.531859 0.139336  0.707383 0.867719
chess_set_pieces_black
0  8.281936 -11.016766 33.764847  0.797477 -0.579470 0.168059  0.690437 0.870286
0  9.416474 -10.425285 29.955734  0.835291 -0.531859 0.139336  0.707383 0.867719
0  10.583955 -7.337025 30.151035  0.953821 -0.242862 0.176758  0.708159 0.853627
chess_set_pieces_black
0  9.416474 -10.425285 29.955734  0.835291 -0.531859 0.139336  0.707383 0.867719
0  8.281936 -11.016766 33.764847  0.797477 -0.579470 0.168059  0.690437 0.870286
0  7.067700 -12.943890 29.273941  0.647451 -0.758959 0.069197  0.708109 0.882577
chess_set_pieces_black
0  8.281936 -11.016766 33.764847  0.797477 -0.579470 0.168059  0.690437 0.870286
0  5.814225 -13.405366 33.084450  0.658659 -0.745978 0.098411  0.691046 0.885393
0  7.067700 -12.943890 29.273941  0.647451 -0.758959 0.069197  0.708109 0.882577
chess_set_pieces_black
0  5.814225 -13.405366 33.084450  0.658659 -0.745978 0.098411  0.691046 0.885393
0  3.420630 -15.137506 32.289211  0.680926 -0.730604 0.050573  0.692413 0.898541
0  7.067700 -12.943890 29.273941  0.647451 -0.758959 0.069197  0.708109 0.882577
chess_set_pieces_black
0  3.420630 -15.137506 32.289211  0.680926 -0.730604 0.050573  0.692413 0.898541
0  5.814225 -13.405366 33.084450  0.658659 -0.745978 0.098411  0.691046 0.885393
0  2.710170 -16.008795 37.627472  0.779505 -0.621461 0.078468  0.668610 0.900183
chess_set_pieces_black
0  5.814225 -13.405366 33.084450  0.658659 -0.745978 0.098411  0.691046 0.885393
0  4.746690 -13.496490 37.892113  0.705388 -0.698002 0.123374  0.669495 0.885859
0  2.710170 -16.008795 37.627472  0.779505 -0.621461 0.078468  0.668610 0.900183
chess_set_pieces_black
0  4.746690 -13.496490 37.892113  0.705388 -0.698002 0.123374  0.669495 0.885859
0  5.814225 -13.405366 33.084450  0.658659 -0.745978 0.098411  0.691046 0.885393
0  8.281936 -11.016766 33.764847  0.797477 -0.579470 0.168059  0.690437 0.870286
chess_set_pieces_black
0  7.045740 -11.211570 38.200634  0.789018 -0.587563 0.179500  0.670379 0.871504
0  4.746690 -13.496490 37.892113  0.705388 -0.698002 0.123374  0.669495 0.885859
0  8.281936 -11.016766 33.764847  0.797477 -0.579470 0.168059  0.690437 0.870286
chess_set_pieces_black
0  8.487450 -8.331120 38.295944  0.913415 -0.347188 0.212445  0.671448 0.857354
0  7.045740 -11.211570 38.200634  0.789018 -0.587563 0.179500  0.670379 0.871504
0  8.281936 -11.016766 33.764847  0.797477 -0.579470 0.168059  0.690437 0.870286
chess_set_pieces_black
0  9.610516 -8.027190 34.040970  0.926172 -0.317358 0.203690  0.690724 0.856060
0  8.487450 -8.331120 38.295944  0.913415 -0.347188 0.212445  0.671448 0.857354
0  8.281936 -11.016766 33.764847  0.797477 -0.579470 0.168059  0.690437 0.870286
chess_set_pieces_black
0  9.150300 -5.975685 38.103031  0.966686 -0.136405 0.216593  0.673010 0.846650
0  8.487450 -8.331120 38.295944  0.913415 -0.347188 0.212445  0.671448 0.857354
0  9.610516 -8.027190 34.040970  0.926172 -0.317358 0.203690  0.690724 0.856060
chess_set_pieces_black
0  9.610516 -8.027190 34.040970  0.926172 -0.317358 0.203690  0.690724 0.856060
0  8.281936 -11.016766 33.764847  0.797477 -0.579470 0.168059  0.690437 0.870286
0  10.583955 -7.337025 30.151035  0.953821 -0.242862 0.176758  0.708159 0.853627
chess_set_pieces_black
0  10.045620 -5.727825 34.066936  0.973914 -0.096178 0.205525  0.691279 0.845811
0  9.150300 -5.975685 38.103031  0.966686 -0.136405 0.216593  0.673010 0.846650
0  9.610516 -8.027190 34.040970  0.926172 -0.317358 0.203690  0.690724 0.856060
chess_set_pieces_black
0  10.045620 -5.727825 34.066936  0.973914 -0.096178 0.205525  0.691279 0.845811
0  9.610516 -8.027190 34.040970  0.926172 -0.317358 0.203690  0.690724 0.856060
0  10.583955 -7.337025 30.151035  0.953821 -0.242862 0.176758  0.708159 0.853627
chess_set_pieces_black
0  10.849635 -4.915170 30.228075  0.982870 -0.034754 0.180994  0.708760 0.843025
0  10.045620 -5.727825 34.066936  0.973914 -0.096178 0.205525  0.691279 0.845811
0  10.583955 -7.337025 30.151035  0.953821 -0.242862 0.176758  0.708159 0.853627
chess_set_pieces_black
0  10.849635 -4.915170 30.228075  0.982870 -0.034754 0.180994  0.708760 0.843025
0  10.583955 -7.337025 30.151035  0.953821 -0.242862 0.176758  0.708159 0.853627
0  11.557620 -3.579255 26.025616  0.991362 0.017016 0.130045  0.728081 0.839138
chess_set_pieces_black
0  11.651219 -7.768620 21.086010  0.921024 -0.387565 -0.038830  0.744787 0.859696
0  10.747305 -9.330165 25.649010  0.886257 -0.457462 0.072641  0.726077 0.863631
0  9.528120 -10.538910 20.469465  0.693285 -0.699943 -0.171568  0.745134 0.873111
chess_set_pieces_black
0  10.747305 -9.330165 25.649010  0.886257 -0.457462 0.072641  0.726077 0.863631
0  8.677936 -11.854260 25.104553  0.679131 -0.733522 -0.026958  0.726361 0.877030
0  9.528120 -10.538910 20.469465  0.693285 -0.699943 -0.171568  0.745134 0.873111
chess_set_pieces_black
0  7.067700 -12.943890 29.273941  0.647451 -0.758959 0.069197  0.708109 0.882577
0  8.677936 -11.854260 25.104553  0.679131 -0.733522 -0.026958  0.726361 0.877030
0  10.747305 -9.330165 25.649010  0.886257 -0.457462 0.072641  0.726077 0.863631
chess_set_pieces_black
0  8.677936 -11.854260 25.104553  0.679131 -0.733522 -0.026958  0.726361 0.877030
0  7.067700 -12.943890 29.273941  0.647451 -0.758959 0.069197  0.708109 0.882577
0  6.381855 -13.380660 24.232365  0.521227 -0.844491 -0.123118  0.728726 0.888706
chess_set_pieces_black
0  7.067700 -12.943890 29.273941  0.647451 -0.758959 0.069197  0.708109 0.882577
0  4.617720 -14.657129 28.198170  0.575392 -0.817870 0.003630  0.710833 0.895927
0  6.381855 -13.380660 24.232365  0.521227 -0.844491 -0.123118  0.728726 0.888706
chess_set_pieces_black
0  6.381855 -13.380660 24.232365  0.521227 -0.844491 -0.123118  0.728726 0.888706
0  4.617720 -14.657129 28.198170  0.575392 -0.817870 0.003630  0.710833 0.895927
0  3.185865 -15.660585 27.205648  0.504718 -0.853178 -0.131705  0.714174 0.904014
chess_set_pieces_black
0  3.185865 -15.660585 27.205648  0.504718 -0.853178 -0.131705  0.714174 0.904014
0  4.617720 -14.657129 28.198170  0.575392 -0.817870 0.003630  0.710833 0.895927
0  2.553570 -16.406460 31.848480  0.691608 -0.721883 -0.023756  0.693478 0.905425
chess_set_pieces_black
0  4.617720 -14.657129 28.198170  0.575392 -0.817870 0.003630  0.710833 0.895927
0  3.420630 -15.137506 32.289211  0.680926 -0.730604 0.050573  0.692413 0.898541
0  2.553570 -16.406460 31.848480  0.691608 -0.721883 -0.023756  0.693478 0.905425
chess_set_pieces_black
0  2.553570 -16.406460 31.848480  0.691608 -0.721883 -0.023756  0.693478 0.905425
0  3.420630 -15.137506 32.289211  0.680926 -0.730604 0.050573  0.692413 0.898541
0  2.052810 -17.046539 37.738708  0.781300 -0.623137 0.035642  0.667430 0.905481
chess_set_pieces_black
0  3.420630 -15.137506 32.289211  0.680926 -0.730604 0.050573  0.692413 0.898541
0  2.710170 -16.008795 37.627472  0.779505 -0.621461 0.078468  0.668610 0.900183
0  2.052810 -17.046539 37.738708  0.781300 -0.623137 0.035642  0.667430 0.905481
chess_set_pieces_black
0  2.052810 -17.046539 37.738708  0.781300 -0.623137 0.035642  0.667430 0.905481
0  2.710170 -16.008795 37.627472  0.779505 -0.621461 0.078468  0.668610 0.900183
0  2.635515 -15.039675 42.687630  0.841519 -0.522029 0.139039  0.646680 0.893926
chess_set_pieces_black
0  2.710170 -16.008795 37.627472  0.779505 -0.621461 0.078468  0.668610 0.900183
0  4.746690 -13.496490 37.892113  0.705388 -0.698002 0.123374  0.669495 0.885859
0  2.635515 -15.039675 42.687630  0.841519 -0.522029 0.139039  0.646680 0.893926
chess_set_pieces_black
0  4.746690 -13.496490 37.892113  0.705388 -0.698002 0.123374  0.669495 0.885859
0  3.954195 -13.212090 42.627464  0.733827 -0.656101 0.176150  0.648231 0.884065
0  2.635515 -15.039675 42.687630  0.841519 -0.522029 0.139039  0.646680 0.893926
chess_set_pieces_black
0  3.954195 -13.212090 42.627464  0.733827 -0.656101 0.176150  0.648231 0.884065
0  4.746690 -13.496490 37.892113  0.705388 -0.698002 0.123374  0.669495 0.885859
0  7.045740 -11.211570 38.200634  0.789018 -0.587563 0.179500  0.670379 0.871504
chess_set_pieces_black
0  6.197040 -11.089440 42.616306  0.787069 -0.586955 0.189754  0.650592 0.870603
0  3.954195 -13.212090 42.627464  0.733827 -0.656101 0.176150  0.648231 0.884065
0  7.045740 -11.211570 38.200634  0.789018 -0.587563 0.179500  0.670379 0.871504
chess_set_pieces_black
0  6.197040 -11.089440 42.616306  0.787069 -0.586955 0.189754  0.650592 0.870603
0  7.045740 -11.211570 38.200634  0.789018 -0.587563 0.179500  0.670379 0.871504
0  8.487450 -8.331120 38.295944  0.913415 -0.347188 0.212445  0.671448 0.857354
chess_set_pieces_black
0  7.557390 -8.212950 42.407188  0.917365 -0.348348 0.192601  0.652866 0.856746
0  6.197040 -11.089440 42.616306  0.787069 -0.586955 0.189754  0.650592 0.870603
0  8.487450 -8.331120 38.295944  0.913415 -0.347188 0.212445  0.671448 0.857354
chess_set_pieces_black
0  7.557390 -8.212950 42.407188  0.917365 -0.348348 0.192601  0.652866 0.856746
0  8.487450 -8.331120 38.295944  0.913415 -0.347188 0.212445  0.671448 0.857354
0  9.150300 -5.975685 38.103031  0.966686 -0.136405 0.216593  0.673010 0.846650
chess_set_pieces_black
0  3.954195 -13.212090 42.627464  0.733827 -0.656101 0.176150  0.648231 0.884065
0  6.197040 -11.089440 42.616306  0.787069 -0.586955 0.189754  0.650592 0.870603
0  3.594960 -12.311009 45.925068  0.738608 -0.625931 0.250336  0.633577 0.879828
chess_set_pieces_black
0  2.635515 -15.039675 42.687630  0.841519 -0.522029 0.139039  0.646680 0.893926
0  3.954195 -13.212090 42.627464  0.733827 -0.656101 0.176150  0.648231 0.884065
0  3.594960 -12.311009 45.925068  0.738608 -0.625931 0.250336  0.633577 0.879828
chess_set_pieces_black
0  2.581245 -14.024115 46.480774  0.875726 -0.446456 0.183796  0.630241 0.888320
0  2.635515 -15.039675 42.687630  0.841519 -0.522029 0.139039  0.646680 0.893926
0  3.594960 -12.311009 45.925068  0.738608 -0.625931 0.250336  0.633577 0.879828
chess_set_pieces_black
0  2.468025 -12.692341 49.563946  0.877476 -0.410023 0.248830  0.616810 0.882026
0  2.581245 -14.024115 46.480774  0.875726 -0.446456 0.183796  0.630241 0.888320
0  3.594960 -12.311009 45.925068  0.738608 -0.625931 0.250336  0.633577 0.879828
chess_set_pieces_black
0  3.499785 -11.096460 48.770370  0.742127 -0.582725 0.331179  0.621162 0.874037
0  2.468025 -12.692341 49.563946  0.877476 -0.410023 0.248830  0.616810 0.882026
0  3.594960 -12.311009 45.925068  0.738608 -0.625931 0.250336  0.633577 0.879828
chess_set_pieces_black
0  3.499785 -11.096460 48.770370  0.742127 -0.582725 0.331179  0.621162 0.874037
0  3.594960 -12.311009 45.925068  0.738608 -0.625931 0.250336  0.633577 0.879828
0  5.761530 -9.515386 47.969505  0.758709 -0.569780 0.315770  0.627353 0.863048
chess_set_pieces_black
0  3.594960 -12.311009 45.925068  0.738608 -0.625931 0.250336  0.633577 0.879828
0  5.910750 -10.566720 45.462917  0.772238 -0.587568 0.241686  0.638191 0.867803
0  5.761530 -9.515386 47.969505  0.758709 -0.569780 0.315770  0.627353 0.863048
chess_set_pieces_black
0  5.910750 -10.566720 45.462917  0.772238 -0.587568 0.241686  0.638191 0.867803
0  7.343010 -7.757370 44.576912  0.919352 -0.361582 0.155082  0.643311 0.854396
0  5.761530 -9.515386 47.969505  0.758709 -0.569780 0.315770  0.627353 0.863048
chess_set_pieces_black
0  7.343010 -7.757370 44.576912  0.919352 -0.361582 0.155082  0.643311 0.854396
0  5.910750 -10.566720 45.462917  0.772238 -0.587568 0.241686  0.638191 0.867803
0  7.557390 -8.212950 42.407188  0.917365 -0.348348 0.192601  0.652866 0.856746
chess_set_pieces_black
0  5.910750 -10.566720 45.462917  0.772238 -0.587568 0.241686  0.638191 0.867803
0  6.197040 -11.089440 42.616306  0.787069 -0.586955 0.189754  0.650592 0.870603
0  7.557390 -8.212950 42.407188  0.917365 -0.348348 0.192601  0.652866 0.856746
chess_set_pieces_black
0  6.197040 -11.089440 42.616306  0.787069 -0.586955 0.189754  0.650592 0.870603
0  5.910750 -10.566720 45.462917  0.772238 -0.587568 0.241686  0.638191 0.867803
0  3.594960 -12.311009 45.925068  0.738608 -0.625931 0.250336  0.633577 0.879828
chess_set_pieces_black
0  7.343010 -7.757370 44.576912  0.919352 -0.361582 0.155082  0.643311 0.854396
0  7.280460 -7.003800 46.618473  0.889657 -0.428585 0.157560  0.634398 0.850698
0  5.761530 -9.515386 47.969505  0.758709 -0.569780 0.315770  0.627353 0.863048
chess_set_pieces_black
0  8.326395 -5.725350 41.834927  0.967746 -0.189189 0.166357  0.656179 0.845461
0  7.557390 -8.212950 42.407188  0.917365 -0.348348 0.192601  0.652866 0.856746
0  9.150300 -5.975685 38.103031  0.966686 -0.136405 0.216593  0.673010 0.846650
chess_set_pieces_black
0  7.557390 -8.212950 42.407188  0.917365 -0.348348 0.192601  0.652866 0.856746
0  8.326395 -5.725350 41.834927  0.967746 -0.189189 0.166357  0.656179 0.845461
0  7.343010 -7.757370 44.576912  0.919352 -0.361582 0.155082  0.643311 0.854396
chess_set_pieces_black
0  8.326395 -5.725350 41.834927  0.967746 -0.189189 0.166357  0.656179 0.845461
0  8.132670 -5.178960 43.686947  0.944348 -0.327418 0.031691  0.648073 0.842813
0  7.343010 -7.757370 44.576912  0.919352 -0.361582 0.155082  0.643311 0.854396
chess_set_pieces_black
0  7.343010 -7.757370 44.576912  0.919352 -0.361582 0.155082  0.643311 0.854396
0  8.132670 -5.178960 43.686947  0.944348 -0.327418 0.031691  0.648073 0.842813
0  8.423955 -4.580460 45.472187  0.891764 -0.452430 -0.007963  0.640454 0.839353
chess_set_pieces_black
0  7.280460 -7.003800 46.618473  0.889657 -0.428585 0.157560  0.634398 0.850698
0  7.343010 -7.757370 44.576912  0.919352 -0.361582 0.155082  0.643311 0.854396
0  8.423955 -4.580460 45.472187  0.891764 -0.452430 -0.007963  0.640454 0.839353
chess_set_pieces_black
0  7.421805 -5.977620 48.438179  0.830042 -0.518083 0.206446  0.626546 0.845820
0  7.280460 -7.003800 46.618473  0.889657 -0.428585 0.157560  0.634398 0.850698
0  8.423955 -4.580460 45.472187  0.891764 -0.452430 -0.007963  0.640454 0.839353
chess_set_pieces_black
0  7.421805 -5.977620 48.438179  0.830042 -0.518083 0.206446  0.626546 0.845820
0  5.619960 -8.094870 50.229225  0.731241 -0.565143 0.381969  0.617327 0.857069
0  7.280460 -7.003800 46.618473  0.889657 -0.428585 0.157560  0.634398 0.850698
chess_set_pieces_black
0  5.619960 -8.094870 50.229225  0.731241 -0.565143 0.381969  0.617327 0.857069
0  5.761530 -9.515386 47.969505  0.758709 -0.569780 0.315770  0.627353 0.863048
0  7.280460 -7.003800 46.618473  0.889657 -0.428585 0.157560  0.634398 0.850698
chess_set_pieces_black
0  5.619960 -8.094870 50.229225  0.731241 -0.565143 0.381969  0.617327 0.857069
0  3.364785 -9.557595 51.377762  0.736144 -0.530351 0.420500  0.609664 0.867260
0  5.761530 -9.515386 47.969505  0.758709 -0.569780 0.315770  0.627353 0.863048
chess_set_pieces_black
0  3.364785 -9.557595 51.377762  0.736144 -0.530351 0.420500  0.609664 0.867260
0  3.499785 -11.096460 48.770370  0.742127 -0.582725 0.331179  0.621162 0.874037
0  5.761530 -9.515386 47.969505  0.758709 -0.569780 0.315770  0.627353 0.863048
chess_set_pieces_black
0  3.364785 -9.557595 51.377762  0.736144 -0.530351 0.420500  0.609664 0.867260
0  2.320380 -10.999170 52.460598  0.864492 -0.376237 0.333314  0.604106 0.874495
0  3.499785 -11.096460 48.770370  0.742127 -0.582725 0.331179  0.621162 0.874037
chess_set_pieces_black
0  2.320380 -10.999170 52.460598  0.864492 -0.376237 0.333314  0.604106 0.874495
0  2.468025 -12.692341 49.563946  0.877476 -0.410023 0.248830  0.616810 0.882026
0  3.499785 -11.096460 48.770370  0.742127 -0.582725 0.331179  0.621162 0.874037
chess_set_pieces_black
0  2.468025 -12.692341 49.563946  0.877476 -0.410023 0.248830  0.616810 0.882026
0  2.320380 -10.999170 52.460598  0.864492 -0.376237 0.333314  0.604106 0.874495
0  1.766565 -11.768400 52.878689  0.837261 -0.419207 0.351084  0.601800 0.878406
chess_set_pieces_black
0  2.037690 -13.592745 49.983162  0.836028 -0.465473 0.290504  0.614649 0.886266
0  2.468025 -12.692341 49.563946  0.877476 -0.410023 0.248830  0.616810 0.882026
0  1.766565 -11.768400 52.878689  0.837261 -0.419207 0.351084  0.601800 0.878406
chess_set_pieces_black
0  2.468025 -12.692341 49.563946  0.877476 -0.410023 0.248830  0.616810 0.882026
0  2.037690 -13.592745 49.983162  0.836028 -0.465473 0.290504  0.614649 0.886266
0  2.581245 -14.024115 46.480774  0.875726 -0.446456 0.183796  0.630241 0.888320
chess_set_pieces_black
0  2.037690 -13.592745 49.983162  0.836028 -0.465473 0.290504  0.614649 0.886266
0  2.106810 -14.959484 46.804501  0.845750 -0.497049 0.194032  0.628390 0.892787
0  2.581245 -14.024115 46.480774  0.875726 -0.446456 0.183796  0.630241 0.888320
chess_set_pieces_black
0  2.581245 -14.024115 46.480774  0.875726 -0.446456 0.183796  0.630241 0.888320
0  2.106810 -14.959484 46.804501  0.845750 -0.497049 0.194032  0.628390 0.892787
0  2.635515 -15.039675 42.687630  0.841519 -0.522029 0.139039  0.646680 0.893926
chess_set_pieces_black
0  2.106810 -14.959484 46.804501  0.845750 -0.497049 0.194032  0.628390 0.892787
0  2.043990 -16.452404 42.840900  0.823127 -0.556205 0.114447  0.645331 0.900575
0  2.635515 -15.039675 42.687630  0.841519 -0.522029 0.139039  0.646680 0.893926
chess_set_pieces_black
0  2.043990 -16.452404 42.840900  0.823127 -0.556205 0.114447  0.645331 0.900575
0  2.052810 -17.046539 37.738708  0.781300 -0.623137 0.035642  0.667430 0.905481
0  2.635515 -15.039675 42.687630  0.841519 -0.522029 0.139039  0.646680 0.893926
chess_set_pieces_black
0  9.036224 -4.126455 47.224308  0.881467 -0.467463 0.067038  0.632952 0.835669
0  7.421805 -5.977620 48.438179  0.830042 -0.518083 0.206446  0.626546 0.845820
0  8.423955 -4.580460 45.472187  0.891764 -0.452430 -0.007963  0.640454 0.839353
chess_set_pieces_black
0  -2.523330 -10.685969 52.252560  -0.844429 -0.401979 0.354053  0.904362 0.933696
0  -1.777860 -11.781135 52.873962  -0.847816 -0.403454 0.344142  0.904678 0.940481
0  -1.620810 -9.611640 55.618969  -0.882082 -0.354621 0.310121  0.920727 0.938079
chess_set_pieces_black
0  -4.057020 4.113540 58.577805  -0.002732 0.624001 0.781419  0.962833 0.891562
0  -5.402160 5.033430 58.938122  -0.004574 0.980437 0.196782  0.958709 0.887796
0  -4.651785 3.821490 59.722694  0.786106 0.331012 0.521985  0.958513 0.892441
chess_set_pieces_black
0  -3.618180 2.799585 58.996170  -0.004805 0.353489 0.935426  0.961448 0.896939
0  -4.057020 4.113540 58.577805  -0.002732 0.624001 0.781419  0.962833 0.891562
0  -4.651785 3.821490 59.722694  0.786106 0.331012 0.521985  0.958513 0.892441
chess_set_pieces_black
0  -3.618180 2.799585 58.996170  -0.004805 0.353489 0.935426  0.961448 0.896939
0  -4.651785 3.821490 59.722694  0.786106 0.331012 0.521985  0.958513 0.892441
0  -4.404555 1.747665 59.949856  0.702681 -0.026358 0.711017  0.955848 0.898164
chess_set_pieces_black
0  -3.478185 1.562355 59.212532  -0.097112 0.095986 0.990634  0.958863 0.901073
0  -3.618180 2.799585 58.996170  -0.004805 0.353489 0.935426  0.961448 0.896939
0  -4.404555 1.747665 59.949856  0.702681 -0.026358 0.711017  0.955848 0.898164
chess_set_pieces_black
0  -4.404555 1.747665 59.949856  0.702681 -0.026358 0.711017  0.955848 0.898164
0  -4.970205 0.164700 59.876595  0.229257 -0.496736 0.837075  0.951334 0.900883
0  -3.478185 1.562355 59.212532  -0.097112 0.095986 0.990634  0.958863 0.901073
chess_set_pieces_black
0  -4.970205 0.164700 59.876595  0.229257 -0.496736 0.837075  0.951334 0.900883
0  -3.729285 0.159975 59.320126  -0.305696 -0.185357 0.933913  0.954525 0.904822
0  -3.478185 1.562355 59.212532  -0.097112 0.095986 0.990634  0.958863 0.901073
chess_set_pieces_black
0  -3.729285 0.159975 59.320126  -0.305696 -0.185357 0.933913  0.954525 0.904822
0  -4.970205 0.164700 59.876595  0.229257 -0.496736 0.837075  0.951334 0.900883
0  -3.829455 -1.753380 58.694534  -0.248206 -0.548293 0.798604  0.947657 0.909703
chess_set_pieces_black
0  -2.938860 -1.783800 58.901402  -0.634580 -0.307061 0.709240  0.949913 0.912733
0  -3.729285 0.159975 59.320126  -0.305696 -0.185357 0.933913  0.954525 0.904822
0  -3.829455 -1.753380 58.694534  -0.248206 -0.548293 0.798604  0.947657 0.909703
chess_set_pieces_black
0  -3.829455 -1.753380 58.694534  -0.248206 -0.548293 0.798604  0.947657 0.909703
0  -2.892735 -3.780855 57.711014  -0.671717 -0.481430 0.563047  0.941205 0.917969
0  -2.938860 -1.783800 58.901402  -0.634580 -0.307061 0.709240  0.949913 0.912733
chess_set_pieces_black
0  -2.892735 -3.780855 57.711014  -0.671717 -0.481430 0.563047  0.941205 0.917969
0  -2.093985 -4.476600 59.430283  -0.842246 -0.277890 0.461951  0.946728 0.924895
0  -2.938860 -1.783800 58.901402  -0.634580 -0.307061 0.709240  0.949913 0.912733
chess_set_pieces_black
0  -1.944270 -7.155315 57.961304  -0.891467 -0.315283 0.325397  0.935416 0.932715
0  -2.093985 -4.476600 59.430283  -0.842246 -0.277890 0.461951  0.946728 0.924895
0  -2.892735 -3.780855 57.711014  -0.671717 -0.481430 0.563047  0.941205 0.917969
chess_set_pieces_black
0  -2.315250 -6.337035 56.625435  -0.818035 -0.413720 0.399568  0.931698 0.926459
0  -1.944270 -7.155315 57.961304  -0.891467 -0.315283 0.325397  0.935416 0.932715
0  -2.892735 -3.780855 57.711014  -0.671717 -0.481430 0.563047  0.941205 0.917969
chess_set_pieces_black
0  -1.944270 -7.155315 57.961304  -0.891467 -0.315283 0.325397  0.935416 0.932715
0  -2.315250 -6.337035 56.625435  -0.818035 -0.413720 0.399568  0.931698 0.926459
0  -1.620810 -9.611640 55.618969  -0.882082 -0.354621 0.310121  0.920727 0.938079
chess_set_pieces_black
0  -2.315250 -6.337035 56.625435  -0.818035 -0.413720 0.399568  0.931698 0.926459
0  -2.150280 -8.764425 54.477135  -0.841778 -0.386953 0.376400  0.917892 0.931726
0  -1.620810 -9.611640 55.618969  -0.882082 -0.354621 0.310121  0.920727 0.938079
chess_set_pieces_black
0  -2.150280 -8.764425 54.477135  -0.841778 -0.386953 0.376400  0.917892 0.931726
0  -2.523330 -10.685969 52.252560  -0.844429 -0.401979 0.354053  0.904362 0.933696
0  -1.620810 -9.611640 55.618969  -0.882082 -0.354621 0.310121  0.920727 0.938079
chess_set_pieces_black
0  -2.523330 -10.685969 52.252560  -0.844429 -0.401979 0.354053  0.904362 0.933696
0  -2.150280 -8.764425 54.477135  -0.841778 -0.386953 0.376400  0.917892 0.931726
0  -3.588975 -7.526160 53.418644  -0.673829 -0.541153 0.503098  0.915729 0.922099
chess_set_pieces_black
0  -3.638340 -9.432810 51.287491  -0.711031 -0.547848 0.440793  0.902839 0.924856
0  -2.523330 -10.685969 52.252560  -0.844429 -0.401979 0.354053  0.904362 0.933696
0  -3.588975 -7.526160 53.418644  -0.673829 -0.541153 0.503098  0.915729 0.922099
chess_set_pieces_black
0  -3.588975 -7.526160 53.418644  -0.673829 -0.541153 0.503098  0.915729 0.922099
0  -5.409090 -6.693795 52.308628  -0.657824 -0.609215 0.442860  0.912291 0.912287
0  -3.638340 -9.432810 51.287491  -0.711031 -0.547848 0.440793  0.902839 0.924856
chess_set_pieces_black
0  -3.588975 -7.526160 53.418644  -0.673829 -0.541153 0.503098  0.915729 0.922099
0  -2.150280 -8.764425 54.477135  -0.841778 -0.386953 0.376400  0.917892 0.931726
0  -2.315250 -6.337035 56.625435  -0.818035 -0.413720 0.399568  0.931698 0.926459
chess_set_pieces_black
0  -3.947535 -5.495625 55.160820  -0.585725 -0.599344 0.545630  0.926855 0.917222
0  -3.588975 -7.526160 53.418644  -0.673829 -0.541153 0.503098  0.915729 0.922099
0  -2.315250 -6.337035 56.625435  -0.818035 -0.413720 0.399568  0.931698 0.926459
chess_set_pieces_black
0  -3.624480 5.683770 57.560490  -0.416265 0.464120 0.781867  0.967204 0.885137
0  -4.013775 7.688115 56.735817  -0.477621 0.463737 0.746208  0.969531 0.876114
0  -4.460805 5.692770 57.550365  -0.231447 0.622946 0.747242  0.964014 0.883766
chess_set_pieces_black
0  -3.624480 5.683770 57.560490  -0.416265 0.464120 0.781867  0.967204 0.885137
0  -4.460805 5.692770 57.550365  -0.231447 0.622946 0.747242  0.964014 0.883766
0  -2.410200 4.208310 59.293396  -0.725805 0.240710 0.644411  0.968686 0.895502
chess_set_pieces_black
0  -4.460805 5.692770 57.550365  -0.231447 0.622946 0.747242  0.964014 0.883766
0  -4.057020 4.113540 58.577805  -0.002732 0.624001 0.781419  0.962833 0.891562
0  -2.410200 4.208310 59.293396  -0.725805 0.240710 0.644411  0.968686 0.895502
chess_set_pieces_black
0  -2.410200 4.208310 59.293396  -0.725805 0.240710 0.644411  0.968686 0.895502
0  -4.057020 4.113540 58.577805  -0.002732 0.624001 0.781419  0.962833 0.891562
0  -3.618180 2.799585 58.996170  -0.004805 0.353489 0.935426  0.961448 0.896939
chess_set_pieces_black
0  -2.152800 2.929095 60.045525  -0.765382 0.107396 0.634552  0.967077 0.901191
0  -2.410200 4.208310 59.293396  -0.725805 0.240710 0.644411  0.968686 0.895502
0  -3.618180 2.799585 58.996170  -0.004805 0.353489 0.935426  0.961448 0.896939
chess_set_pieces_black
0  -2.152800 2.929095 60.045525  -0.765382 0.107396 0.634552  0.967077 0.901191
0  -3.618180 2.799585 58.996170  -0.004805 0.353489 0.935426  0.961448 0.896939
0  -3.478185 1.562355 59.212532  -0.097112 0.095986 0.990634  0.958863 0.901073
chess_set_pieces_black
0  -2.272950 1.588725 60.362282  -0.783291 0.102278 0.613184  0.963808 0.905499
0  -2.152800 2.929095 60.045525  -0.765382 0.107396 0.634552  0.967077 0.901191
0  -3.478185 1.562355 59.212532  -0.097112 0.095986 0.990634  0.958863 0.901073
chess_set_pieces_black
0  -2.272950 1.588725 60.362282  -0.783291 0.102278 0.613184  0.963808 0.905499
0  -3.478185 1.562355 59.212532  -0.097112 0.095986 0.990634  0.958863 0.901073
0  -2.316195 0.121635 60.314175  -0.791156 -0.087670 0.605298  0.959727 0.909653
chess_set_pieces_black
0  -3.478185 1.562355 59.212532  -0.097112 0.095986 0.990634  0.958863 0.901073
0  -3.729285 0.159975 59.320126  -0.305696 -0.185357 0.933913  0.954525 0.904822
0  -2.316195 0.121635 60.314175  -0.791156 -0.087670 0.605298  0.959727 0.909653
chess_set_pieces_black
0  -2.316195 0.121635 60.314175  -0.791156 -0.087670 0.605298  0.959727 0.909653
0  -3.729285 0.159975 59.320126  -0.305696 -0.185357 0.933913  0.954525 0.904822
0  -2.938860 -1.783800 58.901402  -0.634580 -0.307061 0.709240  0.949913 0.912733
chess_set_pieces_black
0  -2.267145 -1.919655 60.135662  -0.801360 -0.200441 0.563601  0.954659 0.916483
0  -2.316195 0.121635 60.314175  -0.791156 -0.087670 0.605298  0.959727 0.909653
0  -2.938860 -1.783800 58.901402  -0.634580 -0.307061 0.709240  0.949913 0.912733
chess_set_pieces_black
0  -2.938860 -1.783800 58.901402  -0.634580 -0.307061 0.709240  0.949913 0.912733
0  -2.093985 -4.476600 59.430283  -0.842246 -0.277890 0.461951  0.946728 0.924895
0  -2.267145 -1.919655 60.135662  -0.801360 -0.200441 0.563601  0.954659 0.916483
chess_set_pieces_black
0  -2.892735 -3.780855 57.711014  -0.671717 -0.481430 0.563047  0.941205 0.917969
0  -4.754475 -3.712590 56.710529  -0.426843 -0.656574 0.621865  0.935553 0.910981
0  -2.315250 -6.337035 56.625435  -0.818035 -0.413720 0.399568  0.931698 0.926459
chess_set_pieces_black
0  -4.754475 -3.712590 56.710529  -0.426843 -0.656574 0.621865  0.935553 0.910981
0  -3.947535 -5.495625 55.160820  -0.585725 -0.599344 0.545630  0.926855 0.917222
0  -2.315250 -6.337035 56.625435  -0.818035 -0.413720 0.399568  0.931698 0.926459
chess_set_pieces_black
0  -5.801535 -5.104530 54.042076  -0.581897 -0.673395 0.456000  0.922255 0.908783
0  -3.947535 -5.495625 55.160820  -0.585725 -0.599344 0.545630  0.926855 0.917222
0  -4.754475 -3.712590 56.710529  -0.426843 -0.656574 0.621865  0.935553 0.910981
chess_set_pieces_black
0  -3.588975 -7.526160 53.418644  -0.673829 -0.541153 0.503098  0.915729 0.922099
0  -3.947535 -5.495625 55.160820  -0.585725 -0.599344 0.545630  0.926855 0.917222
0  -5.801535 -5.104530 54.042076  -0.581897 -0.673395 0.456000  0.922255 0.908783
chess_set_pieces_black
0  -5.409090 -6.693795 52.308628  -0.657824 -0.609215 0.442860  0.912291 0.912287
0  -3.588975 -7.526160 53.418644  -0.673829 -0.541153 0.503098  0.915729 0.922099
0  -5.801535 -5.104530 54.042076  -0.581897 -0.673395 0.456000  0.922255 0.908783
chess_set_pieces_black
0  -5.801535 -5.104530 54.042076  -0.581897 -0.673395 0.456000  0.922255 0.908783
0  -7.798410 -4.129605 52.498169  -0.754939 -0.580553 0.305000  0.918042 0.898030
0  -5.409090 -6.693795 52.308628  -0.657824 -0.609215 0.442860  0.912291 0.912287
chess_set_pieces_black
0  -7.798410 -4.129605 52.498169  -0.754939 -0.580553 0.305000  0.918042 0.898030
0  -7.401330 -5.334795 50.640121  -0.771675 -0.570147 0.281868  0.908320 0.899589
0  -5.409090 -6.693795 52.308628  -0.657824 -0.609215 0.442860  0.912291 0.912287
chess_set_pieces_black
0  -7.401330 -5.334795 50.640121  -0.771675 -0.570147 0.281868  0.908320 0.899589
0  -7.798410 -4.129605 52.498169  -0.754939 -0.580553 0.305000  0.918042 0.898030
0  -9.329400 -3.183165 49.117229  -0.899006 -0.405420 0.165599  0.907692 0.884909
chess_set_pieces_black
0  -7.798410 -4.129605 52.498169  -0.754939 -0.580553 0.305000  0.918042 0.898030
0  -9.212760 -2.258100 51.197224  -0.915603 -0.355057 0.188694  0.917423 0.886720
0  -9.329400 -3.183165 49.117229  -0.899006 -0.405420 0.165599  0.907692 0.884909
chess_set_pieces_black
0  -9.329400 -3.183165 49.117229  -0.899006 -0.405420 0.165599  0.907692 0.884909
0  -9.212760 -2.258100 51.197224  -0.915603 -0.355057 0.188694  0.917423 0.886720
0  -9.576405 -0.429615 50.572212  -0.993447 -0.076497 0.084921  0.919765 0.878698
chess_set_pieces_black
0  -9.212760 -2.258100 51.197224  -0.915603 -0.355057 0.188694  0.917423 0.886720
0  -9.052785 -1.239300 53.324146  -0.919200 -0.350331 0.179835  0.926842 0.888238
0  -9.576405 -0.429615 50.572212  -0.993447 -0.076497 0.084921  0.919765 0.878698
chess_set_pieces_black
0  -9.052785 -1.239300 53.324146  -0.919200 -0.350331 0.179835  0.926842 0.888238
0  -9.416924 0.158445 52.851288  -0.988101 -0.138876 0.066106  0.928578 0.882530
0  -9.576405 -0.429615 50.572212  -0.993447 -0.076497 0.084921  0.919765 0.878698
chess_set_pieces_black
0  -9.487530 0.851355 55.105377  -0.974121 -0.225324 -0.017831  0.936522 0.885596
0  -9.416924 0.158445 52.851288  -0.988101 -0.138876 0.066106  0.928578 0.882530
0  -9.052785 -1.239300 53.324146  -0.919200 -0.350331 0.179835  0.926842 0.888238
chess_set_pieces_black
0  -9.416924 0.158445 52.851288  -0.988101 -0.138876 0.066106  0.928578 0.882530
0  -9.487530 0.851355 55.105377  -0.974121 -0.225324 -0.017831  0.936522 0.885596
0  -9.507870 1.582605 52.625744  -0.999221 0.038417 -0.009038  0.931524 0.877635
chess_set_pieces_black
0  -9.487530 0.851355 55.105377  -0.974121 -0.225324 -0.017831  0.936522 0.885596
0  -9.662715 1.955160 54.938339  -0.994758 0.010903 -0.101672  0.938583 0.882379
0  -9.507870 1.582605 52.625744  -0.999221 0.038417 -0.009038  0.931524 0.877635
chess_set_pieces_black
0  -9.507870 1.582605 52.625744  -0.999221 0.038417 -0.009038  0.931524 0.877635
0  -9.662715 1.955160 54.938339  -0.994758 0.010903 -0.101672  0.938583 0.882379
0  -9.529380 3.148920 54.989548  -0.892249 0.440615 -0.098744  0.941661 0.879742
chess_set_pieces_black
0  -9.662715 1.955160 54.938339  -0.994758 0.010903 -0.101672  0.938583 0.882379
0  -10.022400 2.592450 57.162827  -0.987355 0.080822 -0.136373  0.944396 0.885442
0  -9.529380 3.148920 54.989548  -0.892249 0.440615 -0.098744  0.941661 0.879742
chess_set_pieces_black
0  -10.022400 2.592450 57.162827  -0.987355 0.080822 -0.136373  0.944396 0.885442
0  -9.795015 3.592755 57.129795  -0.753116 0.634930 -0.172279  0.946199 0.883730
0  -9.529380 3.148920 54.989548  -0.892249 0.440615 -0.098744  0.941661 0.879742
chess_set_pieces_black
0  -9.576405 -0.429615 50.572212  -0.993447 -0.076497 0.084921  0.919765 0.878698
0  -9.416924 0.158445 52.851288  -0.988101 -0.138876 0.066106  0.928578 0.882530
0  -9.507870 1.582605 52.625744  -0.999221 0.038417 -0.009038  0.931524 0.877635
chess_set_pieces_black
0  -9.565830 1.472985 50.342129  -0.996856 0.069457 0.038138  0.924180 0.871744
0  -9.576405 -0.429615 50.572212  -0.993447 -0.076497 0.084921  0.919765 0.878698
0  -9.507870 1.582605 52.625744  -0.999221 0.038417 -0.009038  0.931524 0.877635
chess_set_pieces_black
0  -9.565830 1.472985 50.342129  -0.996856 0.069457 0.038138  0.924180 0.871744
0  -9.507870 1.582605 52.625744  -0.999221 0.038417 -0.009038  0.931524 0.877635
0  -9.315180 3.087540 52.725506  -0.944750 0.327679 -0.008557  0.936051 0.873572
chess_set_pieces_black
0  -9.315180 3.087540 52.725506  -0.944750 0.327679 -0.008557  0.936051 0.873572
0  -9.507870 1.582605 52.625744  -0.999221 0.038417 -0.009038  0.931524 0.877635
0  -9.529380 3.148920 54.989548  -0.892249 0.440615 -0.098744  0.941661 0.879742
chess_set_pieces_black
0  -9.529380 3.148920 54.989548  -0.892249 0.440615 -0.098744  0.941661 0.879742
0  -9.795015 3.592755 57.129795  -0.753116 0.634930 -0.172279  0.946199 0.883730
0  -8.523315 4.320585 57.494968  -0.365788 0.930414 -0.022986  0.949729 0.883714
chess_set_pieces_black
0  -8.563860 4.410360 55.450035  -0.636081 0.755813 0.155392  0.947158 0.877759
0  -9.529380 3.148920 54.989548  -0.892249 0.440615 -0.098744  0.941661 0.879742
0  -8.523315 4.320585 57.494968  -0.365788 0.930414 -0.022986  0.949729 0.883714
chess_set_pieces_black
0  -9.529380 3.148920 54.989548  -0.892249 0.440615 -0.098744  0.941661 0.879742
0  -8.563860 4.410360 55.450035  -0.636081 0.755813 0.155392  0.947158 0.877759
0  -8.516701 4.563495 53.168083  -0.818164 0.536822 0.205983  0.942384 0.870440
chess_set_pieces_black
0  -9.315180 3.087540 52.725506  -0.944750 0.327679 -0.008557  0.936051 0.873572
0  -9.529380 3.148920 54.989548  -0.892249 0.440615 -0.098744  0.941661 0.879742
0  -8.516701 4.563495 53.168083  -0.818164 0.536822 0.205983  0.942384 0.870440
chess_set_pieces_black
0  -9.315180 3.087540 52.725506  -0.944750 0.327679 -0.008557  0.936051 0.873572
0  -8.516701 4.563495 53.168083  -0.818164 0.536822 0.205983  0.942384 0.870440
0  -9.276615 3.365370 50.559612  -0.964024 0.254909 0.075359  0.930568 0.866282
chess_set_pieces_black
0  -9.276615 3.365370 50.559612  -0.964024 0.254909 0.075359  0.930568 0.866282
0  -9.565830 1.472985 50.342129  -0.996856 0.069457 0.038138  0.924180 0.871744
0  -9.315180 3.087540 52.725506  -0.944750 0.327679 -0.008557  0.936051 0.873572
chess_set_pieces_black
0  -9.565830 1.472985 50.342129  -0.996856 0.069457 0.038138  0.924180 0.871744
0  -9.276615 3.365370 50.559612  -0.964024 0.254909 0.075359  0.930568 0.866282
0  -9.609660 1.502640 48.183075  -0.997143 0.074785 0.010624  0.917072 0.865346
chess_set_pieces_black
0  -9.565830 1.472985 50.342129  -0.996856 0.069457 0.038138  0.924180 0.871744
0  -9.609660 1.502640 48.183075  -0.997143 0.074785 0.010624  0.917072 0.865346
0  -9.729045 -0.855090 48.445152  -0.996350 -0.069123 0.050087  0.911201 0.874445
chess_set_pieces_black
0  -9.576405 -0.429615 50.572212  -0.993447 -0.076497 0.084921  0.919765 0.878698
0  -9.565830 1.472985 50.342129  -0.996856 0.069457 0.038138  0.924180 0.871744
0  -9.729045 -0.855090 48.445152  -0.996350 -0.069123 0.050087  0.911201 0.874445
chess_set_pieces_black
0  -9.729045 -0.855090 48.445152  -0.996350 -0.069123 0.050087  0.911201 0.874445
0  -9.329400 -3.183165 49.117229  -0.899006 -0.405420 0.165599  0.907692 0.884909
0  -9.576405 -0.429615 50.572212  -0.993447 -0.076497 0.084921  0.919765 0.878698
chess_set_pieces_black
0  -9.276615 3.365370 50.559612  -0.964024 0.254909 0.075359  0.930568 0.866282
0  -9.384030 3.800430 48.361458  -0.980789 0.184553 0.063198  0.924857 0.858100
0  -9.609660 1.502640 48.183075  -0.997143 0.074785 0.010624  0.917072 0.865346
chess_set_pieces_black
0  -5.409090 -6.693795 52.308628  -0.657824 -0.609215 0.442860  0.912291 0.912287
0  -5.283675 -8.397720 50.485725  -0.717512 -0.568933 0.401860  0.901152 0.915195
0  -3.638340 -9.432810 51.287491  -0.711031 -0.547848 0.440793  0.902839 0.924856
chess_set_pieces_black
0  -5.409090 -6.693795 52.308628  -0.657824 -0.609215 0.442860  0.912291 0.912287
0  -7.401330 -5.334795 50.640121  -0.771675 -0.570147 0.281868  0.908320 0.899589
0  -5.283675 -8.397720 50.485725  -0.717512 -0.568933 0.401860  0.901152 0.915195
chess_set_pieces_black
0  -7.401330 -5.334795 50.640121  -0.771675 -0.570147 0.281868  0.908320 0.899589
0  -7.088715 -6.547320 48.891327  -0.821840 -0.522150 0.227898  0.898558 0.901142
0  -5.283675 -8.397720 50.485725  -0.717512 -0.568933 0.401860  0.901152 0.915195
chess_set_pieces_black
0  -7.088715 -6.547320 48.891327  -0.821840 -0.522150 0.227898  0.898558 0.901142
0  -7.401330 -5.334795 50.640121  -0.771675 -0.570147 0.281868  0.908320 0.899589
0  -9.329400 -3.183165 49.117229  -0.899006 -0.405420 0.165599  0.907692 0.884909
chess_set_pieces_black
0  -9.039285 -4.122135 47.233845  -0.882061 -0.463372 0.085170  0.897859 0.884489
0  -7.088715 -6.547320 48.891327  -0.821840 -0.522150 0.227898  0.898558 0.901142
0  -9.329400 -3.183165 49.117229  -0.899006 -0.405420 0.165599  0.907692 0.884909
chess_set_pieces_black
0  -9.329400 -3.183165 49.117229  -0.899006 -0.405420 0.165599  0.907692 0.884909
0  -9.729045 -0.855090 48.445152  -0.996350 -0.069123 0.050087  0.911201 0.874445
0  -9.039285 -4.122135 47.233845  -0.882061 -0.463372 0.085170  0.897859 0.884489
chess_set_pieces_black
0  -9.729045 -0.855090 48.445152  -0.996350 -0.069123 0.050087  0.911201 0.874445
0  -9.726480 -2.326050 46.736099  -0.992257 -0.123971 0.007618  0.900655 0.875289
0  -9.039285 -4.122135 47.233845  -0.882061 -0.463372 0.085170  0.897859 0.884489
chess_set_pieces_black
0  -9.726480 -2.326050 46.736099  -0.992257 -0.123971 0.007618  0.900655 0.875289
0  -9.729045 -0.855090 48.445152  -0.996350 -0.069123 0.050087  0.911201 0.874445
0  -9.620865 1.371825 46.016235  -0.997683 0.067798 0.005651  0.908927 0.859201
chess_set_pieces_black
0  -9.729045 -0.855090 48.445152  -0.996350 -0.069123 0.050087  0.911201 0.874445
0  -9.609660 1.502640 48.183075  -0.997143 0.074785 0.010624  0.917072 0.865346
0  -9.620865 1.371825 46.016235  -0.997683 0.067798 0.005651  0.908927 0.859201
chess_set_pieces_black
0  -9.620865 1.371825 46.016235  -0.997683 0.067798 0.005651  0.908927 0.859201
0  -9.609660 1.502640 48.183075  -0.997143 0.074785 0.010624  0.917072 0.865346
0  -9.288405 3.825360 45.995808  -0.989842 0.140885 0.019077  0.916898 0.850239
chess_set_pieces_black
0  -9.609660 1.502640 48.183075  -0.997143 0.074785 0.010624  0.917072 0.865346
0  -9.384030 3.800430 48.361458  -0.980789 0.184553 0.063198  0.924857 0.858100
0  -9.288405 3.825360 45.995808  -0.989842 0.140885 0.019077  0.916898 0.850239
chess_set_pieces_black
0  -9.288405 3.825360 45.995808  -0.989842 0.140885 0.019077  0.916898 0.850239
0  -9.384030 3.800430 48.361458  -0.980789 0.184553 0.063198  0.924857 0.858100
0  -8.678340 5.885055 49.005318  -0.906566 0.364337 0.213066  0.934246 0.853278
chess_set_pieces_black
0  -9.384030 3.800430 48.361458  -0.980789 0.184553 0.063198  0.924857 0.858100
0  -9.276615 3.365370 50.559612  -0.964024 0.254909 0.075359  0.930568 0.866282
0  -8.678340 5.885055 49.005318  -0.906566 0.364337 0.213066  0.934246 0.853278
chess_set_pieces_black
0  -9.276615 3.365370 50.559612  -0.964024 0.254909 0.075359  0.930568 0.866282
0  -8.449380 5.142735 51.085938  -0.882003 0.424961 0.203664  0.938493 0.862244
0  -8.678340 5.885055 49.005318  -0.906566 0.364337 0.213066  0.934246 0.853278
chess_set_pieces_black
0  -8.516701 4.563495 53.168083  -0.818164 0.536822 0.205983  0.942384 0.870440
0  -8.449380 5.142735 51.085938  -0.882003 0.424961 0.203664  0.938493 0.862244
0  -9.276615 3.365370 50.559612  -0.964024 0.254909 0.075359  0.930568 0.866282
chess_set_pieces_black
0  -8.516701 4.563495 53.168083  -0.818164 0.536822 0.205983  0.942384 0.870440
0  -6.086745 7.005150 55.411064  -0.738515 0.521820 0.426966  0.959313 0.871716
0  -8.449380 5.142735 51.085938  -0.882003 0.424961 0.203664  0.938493 0.862244
chess_set_pieces_black
0  -8.516701 4.563495 53.168083  -0.818164 0.536822 0.205983  0.942384 0.870440
0  -8.563860 4.410360 55.450035  -0.636081 0.755813 0.155392  0.947158 0.877759
0  -6.086745 7.005150 55.411064  -0.738515 0.521820 0.426966  0.959313 0.871716
chess_set_pieces_black
0  -8.563860 4.410360 55.450035  -0.636081 0.755813 0.155392  0.947158 0.877759
0  -5.694615 5.601330 57.059097  -0.480939 0.776386 0.407335  0.959326 0.880849
0  -6.086745 7.005150 55.411064  -0.738515 0.521820 0.426966  0.959313 0.871716
chess_set_pieces_black
0  -5.694615 5.601330 57.059097  -0.480939 0.776386 0.407335  0.959326 0.880849
0  -8.563860 4.410360 55.450035  -0.636081 0.755813 0.155392  0.947158 0.877759
0  -8.523315 4.320585 57.494968  -0.365788 0.930414 -0.022986  0.949729 0.883714
chess_set_pieces_black
0  -5.402160 5.033430 58.938122  -0.004574 0.980437 0.196782  0.958709 0.887796
0  -5.694615 5.601330 57.059097  -0.480939 0.776386 0.407335  0.959326 0.880849
0  -8.523315 4.320585 57.494968  -0.365788 0.930414 -0.022986  0.949729 0.883714
chess_set_pieces_black
0  -8.678340 5.885055 49.005318  -0.906566 0.364337 0.213066  0.934246 0.853278
0  -8.449380 5.142735 51.085938  -0.882003 0.424961 0.203664  0.938493 0.862244
0  -6.222915 8.506080 53.646885  -0.850228 0.422908 0.313466  0.959538 0.861423
chess_set_pieces_black
0  -6.086745 7.005150 55.411064  -0.738515 0.521820 0.426966  0.959313 0.871716
0  -6.222915 8.506080 53.646885  -0.850228 0.422908 0.313466  0.959538 0.861423
0  -8.449380 5.142735 51.085938  -0.882003 0.424961 0.203664  0.938493 0.862244
chess_set_pieces_black
0  -9.089190 6.133545 46.421326  -0.945002 0.301991 0.125586  0.926340 0.843790
0  -9.288405 3.825360 45.995808  -0.989842 0.140885 0.019077  0.916898 0.850239
0  -8.678340 5.885055 49.005318  -0.906566 0.364337 0.213066  0.934246 0.853278
chess_set_pieces_black
0  -9.089190 6.133545 46.421326  -0.945002 0.301991 0.125586  0.926340 0.843790
0  -8.678340 5.885055 49.005318  -0.906566 0.364337 0.213066  0.934246 0.853278
0  -7.954965 8.842635 47.285641  -0.907770 0.389501 0.155703  0.939824 0.837974
chess_set_pieces_black
0  -3.975030 17.496405 41.891804  -0.761685 0.547250 0.346921  0.961775 0.790924
0  -4.745205 16.874685 40.903019  -0.881286 0.427137 0.202211  0.955294 0.789463
0  -5.376645 15.069645 42.474152  -0.867605 0.478409 0.135597  0.952528 0.800886
chess_set_pieces_black
0  -4.503195 15.777360 43.610985  -0.758792 0.584349 0.287700  0.959929 0.802611
0  -3.975030 17.496405 41.891804  -0.761685 0.547250 0.346921  0.961775 0.790924
0  -5.376645 15.069645 42.474152  -0.867605 0.478409 0.135597  0.952528 0.800886
chess_set_pieces_black
0  -4.503195 15.777360 43.610985  -0.758792 0.584349 0.287700  0.959929 0.802611
0  -5.376645 15.069645 42.474152  -0.867605 0.478409 0.135597  0.952528 0.800886
0  -6.174405 13.320090 44.079121  -0.877844 0.471617 0.083470  0.949489 0.812365
chess_set_pieces_black
0  -5.247540 14.192821 45.388844  -0.761563 0.610236 0.218255  0.957924 0.814302
0  -4.503195 15.777360 43.610985  -0.758792 0.584349 0.287700  0.959929 0.802611
0  -6.174405 13.320090 44.079121  -0.877844 0.471617 0.083470  0.949489 0.812365
chess_set_pieces_black
0  -5.247540 14.192821 45.388844  -0.761563 0.610236 0.218255  0.957924 0.814302
0  -6.174405 13.320090 44.079121  -0.877844 0.471617 0.083470  0.949489 0.812365
0  -7.135380 11.115405 45.639858  -0.898474 0.427545 0.099754  0.944466 0.824975
chess_set_pieces_black
0  -5.961060 12.751559 47.440842  -0.816824 0.532208 0.222606  0.957089 0.826547
0  -5.247540 14.192821 45.388844  -0.761563 0.610236 0.218255  0.957924 0.814302
0  -7.135380 11.115405 45.639858  -0.898474 0.427545 0.099754  0.944466 0.824975
chess_set_pieces_black
0  -5.961060 12.751559 47.440842  -0.816824 0.532208 0.222606  0.957089 0.826547
0  -7.135380 11.115405 45.639858  -0.898474 0.427545 0.099754  0.944466 0.824975
0  -7.954965 8.842635 47.285641  -0.907770 0.389501 0.155703  0.939824 0.837974
chess_set_pieces_black
0  -6.221205 10.865430 49.410812  -0.875193 0.415779 0.247314  0.955818 0.839332
0  -5.961060 12.751559 47.440842  -0.816824 0.532208 0.222606  0.957089 0.826547
0  -7.954965 8.842635 47.285641  -0.907770 0.389501 0.155703  0.939824 0.837974
chess_set_pieces_black
0  -6.221205 10.865430 49.410812  -0.875193 0.415779 0.247314  0.955818 0.839332
0  -7.954965 8.842635 47.285641  -0.907770 0.389501 0.155703  0.939824 0.837974
0  -8.678340 5.885055 49.005318  -0.906566 0.364337 0.213066  0.934246 0.853278
chess_set_pieces_black
0  -6.035760 9.732150 51.661621  -0.887843 0.390036 0.244144  0.958662 0.850750
0  -6.221205 10.865430 49.410812  -0.875193 0.415779 0.247314  0.955818 0.839332
0  -8.678340 5.885055 49.005318  -0.906566 0.364337 0.213066  0.934246 0.853278
chess_set_pieces_black
0  -6.035760 9.732150 51.661621  -0.887843 0.390036 0.244144  0.958662 0.850750
0  -8.678340 5.885055 49.005318  -0.906566 0.364337 0.213066  0.934246 0.853278
0  -6.222915 8.506080 53.646885  -0.850228 0.422908 0.313466  0.959538 0.861423
chess_set_pieces_black
0  -6.222915 8.506080 53.646885  -0.850228 0.422908 0.313466  0.959538 0.861423
0  -5.029785 9.581535 55.004173  -0.588125 0.508691 0.628762  0.968879 0.863551
0  -6.035760 9.732150 51.661621  -0.887843 0.390036 0.244144  0.958662 0.850750
chess_set_pieces_black
0  -5.029785 9.581535 55.004173  -0.588125 0.508691 0.628762  0.968879 0.863551
0  -6.222915 8.506080 53.646885  -0.850228 0.422908 0.313466  0.959538 0.861423
0  -6.086745 7.005150 55.411064  -0.738515 0.521820 0.426966  0.959313 0.871716
chess_set_pieces_black
0  -4.013775 7.688115 56.735817  -0.477621 0.463737 0.746208  0.969531 0.876114
0  -5.029785 9.581535 55.004173  -0.588125 0.508691 0.628762  0.968879 0.863551
0  -6.086745 7.005150 55.411064  -0.738515 0.521820 0.426966  0.959313 0.871716
chess_set_pieces_black
0  -4.013775 7.688115 56.735817  -0.477621 0.463737 0.746208  0.969531 0.876114
0  -6.086745 7.005150 55.411064  -0.738515 0.521820 0.426966  0.959313 0.871716
0  -5.694615 5.601330 57.059097  -0.480939 0.776386 0.407335  0.959326 0.880849
chess_set_pieces_black
0  -4.460805 5.692770 57.550365  -0.231447 0.622946 0.747242  0.964014 0.883766
0  -4.013775 7.688115 56.735817  -0.477621 0.463737 0.746208  0.969531 0.876114
0  -5.694615 5.601330 57.059097  -0.480939 0.776386 0.407335  0.959326 0.880849
chess_set_pieces_black
0  -5.694615 5.601330 57.059097  -0.480939 0.776386 0.407335  0.959326 0.880849
0  -5.402160 5.033430 58.938122  -0.004574 0.980437 0.196782  0.958709 0.887796
0  -4.460805 5.692770 57.550365  -0.231447 0.622946 0.747242  0.964014 0.883766
chess_set_pieces_black
0  -5.402160 5.033430 58.938122  -0.004574 0.980437 0.196782  0.958709 0.887796
0  -4.057020 4.113540 58.577805  -0.002732 0.624001 0.781419  0.962833 0.891562
0  -4.460805 5.692770 57.550365  -0.231447 0.622946 0.747242  0.964014 0.883766
chess_set_pieces_black
0  -5.029785 9.581535 55.004173  -0.588125 0.508691 0.628762  0.968879 0.863551
0  -5.358960 11.358721 52.917301  -0.660003 0.632135 0.405958  0.968707 0.850668
0  -6.035760 9.732150 51.661621  -0.887843 0.390036 0.244144  0.958662 0.850750
chess_set_pieces_black
0  -6.035760 9.732150 51.661621  -0.887843 0.390036 0.244144  0.958662 0.850750
0  -5.358960 11.358721 52.917301  -0.660003 0.632135 0.405958  0.968707 0.850668
0  -5.260140 12.317355 50.541885  -0.630676 0.705397 0.323517  0.965589 0.839008
chess_set_pieces_black
0  -6.221205 10.865430 49.410812  -0.875193 0.415779 0.247314  0.955818 0.839332
0  -6.035760 9.732150 51.661621  -0.887843 0.390036 0.244144  0.958662 0.850750
0  -5.260140 12.317355 50.541885  -0.630676 0.705397 0.323517  0.965589 0.839008
chess_set_pieces_black
0  -6.221205 10.865430 49.410812  -0.875193 0.415779 0.247314  0.955818 0.839332
0  -5.260140 12.317355 50.541885  -0.630676 0.705397 0.323517  0.965589 0.839008
0  -4.653045 13.649535 48.500370  -0.576389 0.733915 0.359366  0.966032 0.827156
chess_set_pieces_black
0  -5.961060 12.751559 47.440842  -0.816824 0.532208 0.222606  0.957089 0.826547
0  -6.221205 10.865430 49.410812  -0.875193 0.415779 0.247314  0.955818 0.839332
0  -4.653045 13.649535 48.500370  -0.576389 0.733915 0.359366  0.966032 0.827156
chess_set_pieces_black
0  -5.961060 12.751559 47.440842  -0.816824 0.532208 0.222606  0.957089 0.826547
0  -4.653045 13.649535 48.500370  -0.576389 0.733915 0.359366  0.966032 0.827156
0  -4.045050 14.981895 46.462452  -0.568699 0.735021 0.369224  0.966370 0.815296
chess_set_pieces_black
0  -5.247540 14.192821 45.388844  -0.761563 0.610236 0.218255  0.957924 0.814302
0  -5.961060 12.751559 47.440842  -0.816824 0.532208 0.222606  0.957089 0.826547
0  -4.045050 14.981895 46.462452  -0.568699 0.735021 0.369224  0.966370 0.815296
chess_set_pieces_black
0  -4.045050 14.981895 46.462452  -0.568699 0.735021 0.369224  0.966370 0.815296
0  -3.415725 16.507259 44.559856  -0.590614 0.687262 0.422902  0.967575 0.803416
0  -5.247540 14.192821 45.388844  -0.761563 0.610236 0.218255  0.957924 0.814302
chess_set_pieces_black
0  -3.415725 16.507259 44.559856  -0.590614 0.687262 0.422902  0.967575 0.803416
0  -4.503195 15.777360 43.610985  -0.758792 0.584349 0.287700  0.959929 0.802611
0  -5.247540 14.192821 45.388844  -0.761563 0.610236 0.218255  0.957924 0.814302
chess_set_pieces_black
0  -3.415725 16.507259 44.559856  -0.590614 0.687262 0.422902  0.967575 0.803416
0  -3.019590 18.288225 42.802738  -0.573874 0.672573 0.467240  0.969066 0.791476
0  -4.503195 15.777360 43.610985  -0.758792 0.584349 0.287700  0.959929 0.802611
chess_set_pieces_black
0  -3.019590 18.288225 42.802738  -0.573874 0.672573 0.467240  0.969066 0.791476
0  -3.975030 17.496405 41.891804  -0.761685 0.547250 0.346921  0.961775 0.790924
0  -4.503195 15.777360 43.610985  -0.758792 0.584349 0.287700  0.959929 0.802611
chess_set_pieces_black
0  -2.834055 10.209599 55.755272  -0.177465 0.641752 0.746096  0.238952 0.347860
0  0.000135 10.206181 55.677776  0.000726 0.671646 0.740872  0.227073 0.347597
0  0.000270 11.963699 53.621235  -0.000150 0.835712 0.549169  0.227002 0.359092
chess_set_pieces_black
0  -2.916900 12.137176 53.605488  -0.176054 0.826551 0.534620  0.239104 0.359657
0  -2.834055 10.209599 55.755272  -0.177465 0.641752 0.746096  0.238952 0.347860
0  0.000270 11.963699 53.621235  -0.000150 0.835712 0.549169  0.227002 0.359092
chess_set_pieces_black
0  0.000000 13.078441 51.370964  -0.000153 0.876786 0.480880  0.226931 0.369831
0  -2.818575 13.137031 51.228405  -0.199431 0.876607 0.437935  0.239021 0.370426
0  -2.916900 12.137176 53.605488  -0.176054 0.826551 0.534620  0.239104 0.359657
chess_set_pieces_black
0  0.000270 11.963699 53.621235  -0.000150 0.835712 0.549169  0.227002 0.359092
0  0.000000 13.078441 51.370964  -0.000153 0.876786 0.480880  0.226931 0.369831
0  -2.916900 12.137176 53.605488  -0.176054 0.826551 0.534620  0.239104 0.359657
chess_set_pieces_black
0  0.000000 13.078441 51.370964  -0.000153 0.876786 0.480880  0.226931 0.369831
0  0.000270 11.963699 53.621235  -0.000150 0.835712 0.549169  0.227002 0.359092
0  2.817675 13.136354 51.225929  0.203575 0.876447 0.436347  0.214838 0.370270
chess_set_pieces_black
0  0.000270 11.963699 53.621235  -0.000150 0.835712 0.549169  0.227002 0.359092
0  2.915100 12.151170 53.594505  0.179488 0.826113 0.534155  0.214913 0.359571
0  2.817675 13.136354 51.225929  0.203575 0.876447 0.436347  0.214838 0.370270
chess_set_pieces_black
0  2.915100 12.151170 53.594505  0.179488 0.826113 0.534155  0.214913 0.359571
0  0.000270 11.963699 53.621235  -0.000150 0.835712 0.549169  0.227002 0.359092
0  0.000135 10.206181 55.677776  0.000726 0.671646 0.740872  0.227073 0.347597
chess_set_pieces_black
0  2.840490 10.205100 55.750496  0.179975 0.640969 0.746169  0.215169 0.347719
0  2.915100 12.151170 53.594505  0.179488 0.826113 0.534155  0.214913 0.359571
0  0.000135 10.206181 55.677776  0.000726 0.671646 0.740872  0.227073 0.347597
chess_set_pieces_black
0  1.976625 7.995825 57.005325  0.258756 0.583070 0.770114  0.218038 0.336619
0  2.840490 10.205100 55.750496  0.179975 0.640969 0.746169  0.215169 0.347719
0  0.000135 10.206181 55.677776  0.000726 0.671646 0.740872  0.227073 0.347597
chess_set_pieces_black
0  0.000045 8.279640 57.208904  0.003093 0.691629 0.722246  0.227141 0.336559
0  1.976625 7.995825 57.005325  0.258756 0.583070 0.770114  0.218038 0.336619
0  0.000135 10.206181 55.677776  0.000726 0.671646 0.740872  0.227073 0.347597
chess_set_pieces_black
0  0.000045 8.279640 57.208904  0.003093 0.691629 0.722246  0.227141 0.336559
0  0.000135 10.206181 55.677776  0.000726 0.671646 0.740872  0.227073 0.347597
0  -2.834055 10.209599 55.755272  -0.177465 0.641752 0.746096  0.238952 0.347860
chess_set_pieces_black
0  -1.974195 7.996680 57.012615  -0.254030 0.584054 0.770941  0.236224 0.336716
0  0.000045 8.279640 57.208904  0.003093 0.691629 0.722246  0.227141 0.336559
0  -2.834055 10.209599 55.755272  -0.177465 0.641752 0.746096  0.238952 0.347860
chess_set_pieces_black
0  2.915100 12.151170 53.594505  0.179488 0.826113 0.534155  0.214913 0.359571
0  2.840490 10.205100 55.750496  0.179975 0.640969 0.746169  0.215169 0.347719
0  5.354955 11.334375 52.912754  0.663005 0.630444 0.403688  0.203872 0.359952
chess_set_pieces_black
0  2.840490 10.205100 55.750496  0.179975 0.640969 0.746169  0.215169 0.347719
0  5.023620 9.576449 54.996841  0.590066 0.507940 0.627550  0.205071 0.348235
0  5.354955 11.334375 52.912754  0.663005 0.630444 0.403688  0.203872 0.359952
chess_set_pieces_black
0  5.023620 9.576449 54.996841  0.590066 0.507940 0.627550  0.205071 0.348235
0  2.840490 10.205100 55.750496  0.179975 0.640969 0.746169  0.215169 0.347719
0  1.976625 7.995825 57.005325  0.258756 0.583070 0.770114  0.218038 0.336619
chess_set_pieces_black
0  4.007880 7.684560 56.724659  0.478933 0.462366 0.746218  0.208946 0.337003
0  5.023620 9.576449 54.996841  0.590066 0.507940 0.627550  0.205071 0.348235
0  1.976625 7.995825 57.005325  0.258756 0.583070 0.770114  0.218038 0.336619
chess_set_pieces_black
0  3.604140 5.693085 57.541950  0.430212 0.454550 0.779937  0.208048 0.327586
0  4.007880 7.684560 56.724659  0.478933 0.462366 0.746218  0.208946 0.337003
0  1.976625 7.995825 57.005325  0.258756 0.583070 0.770114  0.218038 0.336619
chess_set_pieces_black
0  2.227365 7.146495 58.165424  0.666764 0.608140 0.430804  0.216659 0.330388
0  3.604140 5.693085 57.541950  0.430212 0.454550 0.779937  0.208048 0.327586
0  1.976625 7.995825 57.005325  0.258756 0.583070 0.770114  0.218038 0.336619
chess_set_pieces_black
0  0.012150 8.214165 58.255291  0.004923 0.957573 0.288148  0.227119 0.331961
0  2.227365 7.146495 58.165424  0.666764 0.608140 0.430804  0.216659 0.330388
0  1.976625 7.995825 57.005325  0.258756 0.583070 0.770114  0.218038 0.336619
chess_set_pieces_black
0  0.000045 8.279640 57.208904  0.003093 0.691629 0.722246  0.227141 0.336559
0  0.012150 8.214165 58.255291  0.004923 0.957573 0.288148  0.227119 0.331961
0  1.976625 7.995825 57.005325  0.258756 0.583070 0.770114  0.218038 0.336619
chess_set_pieces_black
0  0.012150 8.214165 58.255291  0.004923 0.957573 0.288148  0.227119 0.331961
0  0.000045 8.279640 57.208904  0.003093 0.691629 0.722246  0.227141 0.336559
0  -2.230830 7.189695 58.131989  -0.661911 0.612947 0.431474  0.237675 0.330753
chess_set_pieces_black
0  0.000045 8.279640 57.208904  0.003093 0.691629 0.722246  0.227141 0.336559
0  -1.974195 7.996680 57.012615  -0.254030 0.584054 0.770941  0.236224 0.336716
0  -2.230830 7.189695 58.131989  -0.661911 0.612947 0.431474  0.237675 0.330753
chess_set_pieces_black
0  -2.230830 7.189695 58.131989  -0.661911 0.612947 0.431474  0.237675 0.330753
0  -1.974195 7.996680 57.012615  -0.254030 0.584054 0.770941  0.236224 0.336716
0  -4.013775 7.688115 56.735817  -0.477605 0.463739 0.746217  0.245340 0.337201
chess_set_pieces_black
0  -4.013775 7.688115 56.735817  -0.477605 0.463739 0.746217  0.245340 0.337201
0  -1.974195 7.996680 57.012615  -0.254030 0.584054 0.770941  0.236224 0.336716
0  -2.834055 10.209599 55.755272  -0.177465 0.641752 0.746096  0.238952 0.347860
chess_set_pieces_black
0  -5.029785 9.581535 55.004173  -0.588104 0.508698 0.628777  0.249087 0.348493
0  -4.013775 7.688115 56.735817  -0.477605 0.463739 0.746217  0.245340 0.337201
0  -2.834055 10.209599 55.755272  -0.177465 0.641752 0.746096  0.238952 0.347860
chess_set_pieces_black
0  -2.834055 10.209599 55.755272  -0.177465 0.641752 0.746096  0.238952 0.347860
0  -2.916900 12.137176 53.605488  -0.176054 0.826551 0.534620  0.239104 0.359657
0  -5.029785 9.581535 55.004173  -0.588104 0.508698 0.628777  0.249087 0.348493
chess_set_pieces_black
0  -2.916900 12.137176 53.605488  -0.176054 0.826551 0.534620  0.239104 0.359657
0  -5.358960 11.358721 52.917301  -0.659979 0.632154 0.405967  0.250115 0.360286
0  -5.029785 9.581535 55.004173  -0.588104 0.508698 0.628777  0.249087 0.348493
chess_set_pieces_black
0  -5.358960 11.358721 52.917301  -0.659979 0.632154 0.405967  0.250115 0.360286
0  -2.916900 12.137176 53.605488  -0.176054 0.826551 0.534620  0.239104 0.359657
0  -5.260140 12.317355 50.541885  -0.630707 0.705375 0.323505  0.250381 0.371170
chess_set_pieces_black
0  -2.916900 12.137176 53.605488  -0.176054 0.826551 0.534620  0.239104 0.359657
0  -2.818575 13.137031 51.228405  -0.199431 0.876607 0.437935  0.239021 0.370426
0  -5.260140 12.317355 50.541885  -0.630707 0.705375 0.323505  0.250381 0.371170
chess_set_pieces_black
0  -2.818575 13.137031 51.228405  -0.199431 0.876607 0.437935  0.239021 0.370426
0  -2.403000 14.344740 49.217625  -0.255541 0.824111 0.505509  0.237321 0.380558
0  -5.260140 12.317355 50.541885  -0.630707 0.705375 0.323505  0.250381 0.371170
chess_set_pieces_black
0  -3.624480 5.683770 57.560490  -0.416285 0.464121 0.781856  0.246370 0.327744
0  -2.230830 7.189695 58.131989  -0.661911 0.612947 0.431474  0.237675 0.330753
0  -4.013775 7.688115 56.735817  -0.477605 0.463739 0.746217  0.245340 0.337201
chess_set_pieces_black
0  2.817675 13.136354 51.225929  0.203575 0.876447 0.436347  0.214838 0.370270
0  5.246010 12.301291 50.533649  0.634232 0.703434 0.320826  0.203499 0.370854
0  4.640085 13.632570 48.493351  0.580129 0.732057 0.357132  0.205872 0.381319
chess_set_pieces_black
0  5.354955 11.334375 52.912754  0.663005 0.630444 0.403688  0.203872 0.359952
0  5.246010 12.301291 50.533649  0.634232 0.703434 0.320826  0.203499 0.370854
0  2.817675 13.136354 51.225929  0.203575 0.876447 0.436347  0.214838 0.370270
chess_set_pieces_black
0  2.915100 12.151170 53.594505  0.179488 0.826113 0.534155  0.214913 0.359571
0  5.354955 11.334375 52.912754  0.663005 0.630444 0.403688  0.203872 0.359952
0  2.817675 13.136354 51.225929  0.203575 0.876447 0.436347  0.214838 0.370270
chess_set_pieces_black
0  2.401740 14.343210 49.216637  0.259469 0.823786 0.504036  0.216402 0.380416
0  2.038185 15.794101 47.314259  0.292259 0.812968 0.503655  0.218027 0.390715
0  0.000135 15.885719 47.514511  0.002139 0.830030 0.557715  0.226791 0.390294
chess_set_pieces_black
0  -0.000135 14.504355 49.479256  0.000845 0.822366 0.568959  0.226863 0.379970
0  2.401740 14.343210 49.216637  0.259469 0.823786 0.504036  0.216402 0.380416
0  0.000135 15.885719 47.514511  0.002139 0.830030 0.557715  0.226791 0.390294
chess_set_pieces_black
0  -0.000135 14.504355 49.479256  0.000845 0.822366 0.568959  0.226863 0.379970
0  0.000135 15.885719 47.514511  0.002139 0.830030 0.557715  0.226791 0.390294
0  -2.033415 15.800714 47.323261  -0.288123 0.813135 0.505764  0.235525 0.390819
chess_set_pieces_black
0  -2.403000 14.344740 49.217625  -0.255541 0.824111 0.505509  0.237321 0.380558
0  -0.000135 14.504355 49.479256  0.000845 0.822366 0.568959  0.226863 0.379970
0  -2.033415 15.800714 47.323261  -0.288123 0.813135 0.505764  0.235525 0.390819
chess_set_pieces_black
0  -2.403000 14.344740 49.217625  -0.255541 0.824111 0.505509  0.237321 0.380558
0  -2.033415 15.800714 47.323261  -0.288123 0.813135 0.505764  0.235525 0.390819
0  -4.653045 13.649535 48.500370  -0.576410 0.733905 0.359353  0.247860 0.381611
chess_set_pieces_black
0  -2.403000 14.344740 49.217625  -0.255541 0.824111 0.505509  0.237321 0.380558
0  -4.653045 13.649535 48.500370  -0.576410 0.733905 0.359353  0.247860 0.381611
0  -5.260140 12.317355 50.541885  -0.630707 0.705375 0.323505  0.250381 0.371170
chess_set_pieces_black
0  -2.033415 15.800714 47.323261  -0.288123 0.813135 0.505764  0.235525 0.390819
0  -4.045050 14.981895 46.462452  -0.568702 0.735019 0.369222  0.245444 0.392051
0  -4.653045 13.649535 48.500370  -0.576410 0.733905 0.359353  0.247860 0.381611
chess_set_pieces_black
0  -2.818575 13.137031 51.228405  -0.199431 0.876607 0.437935  0.239021 0.370426
0  0.000000 13.078441 51.370964  -0.000153 0.876786 0.480880  0.226931 0.369831
0  -2.403000 14.344740 49.217625  -0.255541 0.824111 0.505509  0.237321 0.380558
chess_set_pieces_black
0  0.000000 13.078441 51.370964  -0.000153 0.876786 0.480880  0.226931 0.369831
0  -0.000135 14.504355 49.479256  0.000845 0.822366 0.568959  0.226863 0.379970
0  -2.403000 14.344740 49.217625  -0.255541 0.824111 0.505509  0.237321 0.380558
chess_set_pieces_black
0  0.000000 13.078441 51.370964  -0.000153 0.876786 0.480880  0.226931 0.369831
0  2.817675 13.136354 51.225929  0.203575 0.876447 0.436347  0.214838 0.370270
0  -0.000135 14.504355 49.479256  0.000845 0.822366 0.568959  0.226863 0.379970
chess_set_pieces_black
0  2.817675 13.136354 51.225929  0.203575 0.876447 0.436347  0.214838 0.370270
0  2.401740 14.343210 49.216637  0.259469 0.823786 0.504036  0.216402 0.380416
0  -0.000135 14.504355 49.479256  0.000845 0.822366 0.568959  0.226863 0.379970
chess_set_pieces_black
0  2.401740 14.343210 49.216637  0.259469 0.823786 0.504036  0.216402 0.380416
0  2.817675 13.136354 51.225929  0.203575 0.876447 0.436347  0.214838 0.370270
0  4.640085 13.632570 48.493351  0.580129 0.732057 0.357132  0.205872 0.381319
chess_set_pieces_black
0  2.401740 14.343210 49.216637  0.259469 0.823786 0.504036  0.216402 0.380416
0  4.640085 13.632570 48.493351  0.580129 0.732057 0.357132  0.205872 0.381319
0  4.037130 14.966595 46.457100  0.572531 0.733435 0.366444  0.208129 0.391787
chess_set_pieces_black
0  2.038185 15.794101 47.314259  0.292259 0.812968 0.503655  0.218027 0.390715
0  2.401740 14.343210 49.216637  0.259469 0.823786 0.504036  0.216402 0.380416
0  4.037130 14.966595 46.457100  0.572531 0.733435 0.366444  0.208129 0.391787
chess_set_pieces_black
0  1.720710 17.163225 45.252674  0.277363 0.795649 0.538528  0.219246 0.401407
0  2.038185 15.794101 47.314259  0.292259 0.812968 0.503655  0.218027 0.390715
0  4.037130 14.966595 46.457100  0.572531 0.733435 0.366444  0.208129 0.391787
chess_set_pieces_black
0  0.000135 15.885719 47.514511  0.002139 0.830030 0.557715  0.226791 0.390294
0  2.038185 15.794101 47.314259  0.292259 0.812968 0.503655  0.218027 0.390715
0  1.720710 17.163225 45.252674  0.277363 0.795649 0.538528  0.219246 0.401407
chess_set_pieces_black
0  -0.000045 17.146801 45.352261  0.002788 0.824133 0.566390  0.226716 0.401058
0  0.000135 15.885719 47.514511  0.002139 0.830030 0.557715  0.226791 0.390294
0  1.720710 17.163225 45.252674  0.277363 0.795649 0.538528  0.219246 0.401407
chess_set_pieces_black
0  0.000135 15.885719 47.514511  0.002139 0.830030 0.557715  0.226791 0.390294
0  -0.000045 17.146801 45.352261  0.002788 0.824133 0.566390  0.226716 0.401058
0  -2.033415 15.800714 47.323261  -0.288123 0.813135 0.505764  0.235525 0.390819
chess_set_pieces_black
0  -0.000045 17.146801 45.352261  0.002788 0.824133 0.566390  0.226716 0.401058
0  -1.722870 17.174250 45.258301  -0.272052 0.796530 0.539933  0.234188 0.401513
0  -2.033415 15.800714 47.323261  -0.288123 0.813135 0.505764  0.235525 0.390819
chess_set_pieces_black
0  -4.045050 14.981895 46.462452  -0.568702 0.735019 0.369222  0.245444 0.392051
0  -2.033415 15.800714 47.323261  -0.288123 0.813135 0.505764  0.235525 0.390819
0  -1.722870 17.174250 45.258301  -0.272052 0.796530 0.539933  0.234188 0.401513
chess_set_pieces_black
0  -3.415725 16.507259 44.559856  -0.590597 0.687269 0.422914  0.242538 0.402456
0  -4.045050 14.981895 46.462452  -0.568702 0.735019 0.369222  0.245444 0.392051
0  -1.722870 17.174250 45.258301  -0.272052 0.796530 0.539933  0.234188 0.401513
chess_set_pieces_black
0  -3.415725 16.507259 44.559856  -0.590597 0.687269 0.422914  0.242538 0.402456
0  -1.722870 17.174250 45.258301  -0.272052 0.796530 0.539933  0.234188 0.401513
0  -1.479195 18.701595 43.303276  -0.241615 0.774793 0.584224  0.232959 0.412195
chess_set_pieces_black
0  -3.019590 18.288225 42.802738  -0.573871 0.672589 0.467222  0.240049 0.412992
0  -3.415725 16.507259 44.559856  -0.590597 0.687269 0.422914  0.242538 0.402456
0  -1.479195 18.701595 43.303276  -0.241615 0.774793 0.584224  0.232959 0.412195
chess_set_pieces_black
0  0.000090 18.664379 43.377884  0.001975 0.790033 0.613062  0.226648 0.411767
0  -1.479195 18.701595 43.303276  -0.241615 0.774793 0.584224  0.232959 0.412195
0  -1.722870 17.174250 45.258301  -0.272052 0.796530 0.539933  0.234188 0.401513
chess_set_pieces_black
0  -0.000045 17.146801 45.352261  0.002788 0.824133 0.566390  0.226716 0.401058
0  0.000090 18.664379 43.377884  0.001975 0.790033 0.613062  0.226648 0.411767
0  -1.722870 17.174250 45.258301  -0.272052 0.796530 0.539933  0.234188 0.401513
chess_set_pieces_black
0  0.000090 18.664379 43.377884  0.001975 0.790033 0.613062  0.226648 0.411767
0  -0.000045 17.146801 45.352261  0.002788 0.824133 0.566390  0.226716 0.401058
0  1.478340 18.698805 43.300575  0.247364 0.773036 0.584146  0.220336 0.412118
chess_set_pieces_black
0  -0.000045 17.146801 45.352261  0.002788 0.824133 0.566390  0.226716 0.401058
0  1.720710 17.163225 45.252674  0.277363 0.795649 0.538528  0.219246 0.401407
0  1.478340 18.698805 43.300575  0.247364 0.773036 0.584146  0.220336 0.412118
chess_set_pieces_black
0  1.478340 18.698805 43.300575  0.247364 0.773036 0.584146  0.220336 0.412118
0  1.720710 17.163225 45.252674  0.277363 0.795649 0.538528  0.219246 0.401407
0  3.401820 16.492590 44.551846  0.594491 0.685665 0.420052  0.210917 0.402240
chess_set_pieces_black
0  3.401820 16.492590 44.551846  0.594491 0.685665 0.420052  0.210917 0.402240
0  1.720710 17.163225 45.252674  0.277363 0.795649 0.538528  0.219246 0.401407
0  4.037130 14.966595 46.457100  0.572531 0.733435 0.366444  0.208129 0.391787
chess_set_pieces_black
0  3.021525 18.259649 42.796398  0.579280 0.668897 0.465846  0.213189 0.412766
0  1.478340 18.698805 43.300575  0.247364 0.773036 0.584146  0.220336 0.412118
0  3.401820 16.492590 44.551846  0.594491 0.685665 0.420052  0.210917 0.402240
chess_set_pieces_black
0  6.749190 6.604470 38.204460  0.574367 0.319929 -0.753491  0.192055 0.261047
0  6.808050 5.729265 37.982162  0.429609 0.172932 -0.886302  0.195914 0.263304
0  4.108590 6.479865 37.962765  0.162166 0.240970 -0.956889  0.198723 0.248140
chess_set_pieces_black
0  6.808050 5.729265 37.982162  0.429609 0.172932 -0.886302  0.195914 0.263304
0  6.749190 6.604470 38.204460  0.574367 0.319929 -0.753491  0.192055 0.261047
0  8.528895 6.302340 40.795246  0.895363 0.324262 -0.305253  0.184149 0.273175
chess_set_pieces_black
0  8.844481 4.577400 39.735451  0.913457 0.206262 -0.350788  0.192240 0.276068
0  6.808050 5.729265 37.982162  0.429609 0.172932 -0.886302  0.195914 0.263304
0  8.528895 6.302340 40.795246  0.895363 0.324262 -0.305253  0.184149 0.273175
chess_set_pieces_black
0  7.027560 9.928125 40.911797  0.882340 0.315078 -0.349572  0.171970 0.261304
0  6.378570 11.807731 40.628250  0.896899 0.224119 -0.381239  0.165865 0.255236
0  7.311870 10.342620 43.037460  0.929955 0.359170 -0.078623  0.165257 0.267413
chess_set_pieces_black
0  7.027560 9.928125 40.911797  0.882340 0.315078 -0.349572  0.171970 0.261304
0  7.311870 10.342620 43.037460  0.929955 0.359170 -0.078623  0.165257 0.267413
0  8.237250 8.330535 43.681499  0.930377 0.360560 -0.066297  0.169875 0.275243
chess_set_pieces_black
0  7.815240 8.132130 41.159027  0.873826 0.360028 -0.326815  0.177459 0.267870
0  7.027560 9.928125 40.911797  0.882340 0.315078 -0.349572  0.171970 0.261304
0  8.237250 8.330535 43.681499  0.930377 0.360560 -0.066297  0.169875 0.275243
chess_set_pieces_black
0  7.815240 8.132130 41.159027  0.873826 0.360028 -0.326815  0.177459 0.267870
0  8.237250 8.330535 43.681499  0.930377 0.360560 -0.066297  0.169875 0.275243
0  8.528895 6.302340 40.795246  0.895363 0.324262 -0.305253  0.184149 0.273175
chess_set_pieces_black
0  6.343560 8.292060 38.594971  0.617838 0.300176 -0.726754  0.184814 0.256282
0  7.815240 8.132130 41.159027  0.873826 0.360028 -0.326815  0.177459 0.267870
0  8.528895 6.302340 40.795246  0.895363 0.324262 -0.305253  0.184149 0.273175
chess_set_pieces_black
0  6.749190 6.604470 38.204460  0.574367 0.319929 -0.753491  0.192055 0.261047
0  6.343560 8.292060 38.594971  0.617838 0.300176 -0.726754  0.184814 0.256282
0  8.528895 6.302340 40.795246  0.895363 0.324262 -0.305253  0.184149 0.273175
chess_set_pieces_black
0  6.343560 8.292060 38.594971  0.617838 0.300176 -0.726754  0.184814 0.256282
0  6.749190 6.604470 38.204460  0.574367 0.319929 -0.753491  0.192055 0.261047
0  4.020660 7.442325 38.087418  0.117833 0.157026 -0.980540  0.193563 0.245816
chess_set_pieces_black
0  4.020660 7.442325 38.087418  0.117833 0.157026 -0.980540  0.193563 0.245816
0  6.749190 6.604470 38.204460  0.574367 0.319929 -0.753491  0.192055 0.261047
0  4.108590 6.479865 37.962765  0.162166 0.240970 -0.956889  0.198723 0.248140
chess_set_pieces_black
0  2.080665 7.784145 37.904625  0.075611 0.134431 -0.988034  0.194559 0.234204
0  4.020660 7.442325 38.087418  0.117833 0.157026 -0.980540  0.193563 0.245816
0  4.108590 6.479865 37.962765  0.162166 0.240970 -0.956889  0.198723 0.248140
chess_set_pieces_black
0  2.067210 7.008525 37.740555  0.127879 0.344763 -0.929939  0.199449 0.234971
0  2.080665 7.784145 37.904625  0.075611 0.134431 -0.988034  0.194559 0.234204
0  4.108590 6.479865 37.962765  0.162166 0.240970 -0.956889  0.198723 0.248140
chess_set_pieces_black
0  2.080665 7.784145 37.904625  0.075611 0.134431 -0.988034  0.194559 0.234204
0  2.067210 7.008525 37.740555  0.127879 0.344763 -0.929939  0.199449 0.234971
0  -0.006435 7.146315 37.687454  0.008407 0.378352 -0.925624  0.199895 0.221448
chess_set_pieces_black
0  0.004725 6.107580 37.103985  0.009337 0.772724 -0.634673  0.208160 0.221554
0  -0.006435 7.146315 37.687454  0.008407 0.378352 -0.925624  0.199895 0.221448
0  2.067210 7.008525 37.740555  0.127879 0.344763 -0.929939  0.199449 0.234971
chess_set_pieces_black
0  -2.055510 7.008525 37.718685  -0.130675 0.347605 -0.928491  0.199567 0.208003
0  -0.006435 7.146315 37.687454  0.008407 0.378352 -0.925624  0.199895 0.221448
0  0.004725 6.107580 37.103985  0.009337 0.772724 -0.634673  0.208160 0.221554
chess_set_pieces_black
0  -1.938780 5.926185 37.109161  -0.223490 0.731186 -0.644530  0.208114 0.207508
0  -2.055510 7.008525 37.718685  -0.130675 0.347605 -0.928491  0.199567 0.208003
0  0.004725 6.107580 37.103985  0.009337 0.772724 -0.634673  0.208160 0.221554
chess_set_pieces_black
0  -2.055510 7.008525 37.718685  -0.130675 0.347605 -0.928491  0.199567 0.208003
0  -1.938780 5.926185 37.109161  -0.223490 0.731186 -0.644530  0.208114 0.207508
0  -3.783420 5.105160 37.305359  -0.377058 0.561199 -0.736805  0.208379 0.193070
chess_set_pieces_black
0  -1.938780 5.926185 37.109161  -0.223490 0.731186 -0.644530  0.208114 0.207508
0  -1.917630 5.829435 36.260910  -0.271342 0.944339 0.186004  0.214218 0.207787
0  -3.783420 5.105160 37.305359  -0.377058 0.561199 -0.736805  0.208379 0.193070
chess_set_pieces_black
0  -1.917630 5.829435 36.260910  -0.271342 0.944339 0.186004  0.214218 0.207787
0  -3.728115 5.032080 36.280663  -0.533435 0.831711 0.153962  0.215200 0.194082
0  -3.783420 5.105160 37.305359  -0.377058 0.561199 -0.736805  0.208379 0.193070
chess_set_pieces_black
0  -3.926745 5.417955 34.999111  -0.499562 0.764962 0.406534  0.223954 0.195089
0  -3.728115 5.032080 36.280663  -0.533435 0.831711 0.153962  0.215200 0.194082
0  -1.917630 5.829435 36.260910  -0.271342 0.944339 0.186004  0.214218 0.207787
chess_set_pieces_black
0  -1.917630 5.829435 36.260910  -0.271342 0.944339 0.186004  0.214218 0.207787
0  -1.938780 5.926185 37.109161  -0.223490 0.731186 -0.644530  0.208114 0.207508
0  0.004725 6.107580 37.103985  0.009337 0.772724 -0.634673  0.208160 0.221554
chess_set_pieces_black
0  5.636205 9.641835 38.638756  0.669152 0.223916 -0.708589  0.179395 0.250949
0  7.027560 9.928125 40.911797  0.882340 0.315078 -0.349572  0.171970 0.261304
0  7.815240 8.132130 41.159027  0.873826 0.360028 -0.326815  0.177459 0.267870
chess_set_pieces_black
0  6.343560 8.292060 38.594971  0.617838 0.300176 -0.726754  0.184814 0.256282
0  5.636205 9.641835 38.638756  0.669152 0.223916 -0.708589  0.179395 0.250949
0  7.815240 8.132130 41.159027  0.873826 0.360028 -0.326815  0.177459 0.267870
chess_set_pieces_black
0  -4.117635 6.472665 37.966141  -0.160632 0.239991 -0.957393  0.198796 0.194602
0  -3.783420 5.105160 37.305359  -0.377058 0.561199 -0.736805  0.208379 0.193070
0  -6.716070 5.746410 37.926136  -0.423266 0.171826 -0.889563  0.196094 0.179944
chess_set_pieces_black
0  -4.117635 6.472665 37.966141  -0.160632 0.239991 -0.957393  0.198796 0.194602
0  -2.055510 7.008525 37.718685  -0.130675 0.347605 -0.928491  0.199567 0.208003
0  -3.783420 5.105160 37.305359  -0.377058 0.561199 -0.736805  0.208379 0.193070
chess_set_pieces_black
0  -2.055510 7.008525 37.718685  -0.130675 0.347605 -0.928491  0.199567 0.208003
0  -4.117635 6.472665 37.966141  -0.160632 0.239991 -0.957393  0.198796 0.194602
0  -4.030740 7.454565 38.089214  -0.103823 0.137268 -0.985078  0.193545 0.196969
chess_set_pieces_black
0  -2.082015 7.773795 37.863766  -0.076866 0.123978 -0.989303  0.194703 0.208671
0  -2.055510 7.008525 37.718685  -0.130675 0.347605 -0.928491  0.199567 0.208003
0  -4.030740 7.454565 38.089214  -0.103823 0.137268 -0.985078  0.193545 0.196969
chess_set_pieces_black
0  -2.082015 7.773795 37.863766  -0.076866 0.123978 -0.989303  0.194703 0.208671
0  0.000945 7.846200 37.843876  0.010383 0.143421 -0.989607  0.195305 0.221483
0  -2.055510 7.008525 37.718685  -0.130675 0.347605 -0.928491  0.199567 0.208003
chess_set_pieces_black
0  0.000945 7.846200 37.843876  0.010383 0.143421 -0.989607  0.195305 0.221483
0  -0.006435 7.146315 37.687454  0.008407 0.378352 -0.925624  0.199895 0.221448
0  -2.055510 7.008525 37.718685  -0.130675 0.347605 -0.928491  0.199567 0.208003
chess_set_pieces_black
0  0.000945 7.846200 37.843876  0.010383 0.143421 -0.989607  0.195305 0.221483
0  2.080665 7.784145 37.904625  0.075611 0.134431 -0.988034  0.194559 0.234204
0  -0.006435 7.146315 37.687454  0.008407 0.378352 -0.925624  0.199895 0.221448
chess_set_pieces_black
0  -3.783420 5.105160 37.305359  -0.377058 0.561199 -0.736805  0.208379 0.193070
0  -5.413230 3.808575 37.673641  -0.513201 0.322444 -0.795395  0.209267 0.179428
0  -6.716070 5.746410 37.926136  -0.423266 0.171826 -0.889563  0.196094 0.179944
chess_set_pieces_black
0  -5.413230 3.808575 37.673641  -0.513201 0.322444 -0.795395  0.209267 0.179428
0  -3.783420 5.105160 37.305359  -0.377058 0.561199 -0.736805  0.208379 0.193070
0  -5.312070 3.703095 36.395729  -0.715708 0.683668 0.142691  0.216769 0.180958
chess_set_pieces_black
0  -3.783420 5.105160 37.305359  -0.377058 0.561199 -0.736805  0.208379 0.193070
0  -3.728115 5.032080 36.280663  -0.533435 0.831711 0.153962  0.215200 0.194082
0  -5.312070 3.703095 36.395729  -0.715708 0.683668 0.142691  0.216769 0.180958
chess_set_pieces_black
0  -5.312070 3.703095 36.395729  -0.715708 0.683668 0.142691  0.216769 0.180958
0  -6.551100 1.981935 36.636120  -0.805510 0.575929 0.139501  0.217932 0.168812
0  -5.413230 3.808575 37.673641  -0.513201 0.322444 -0.795395  0.209267 0.179428
chess_set_pieces_black
0  5.239305 10.893060 38.578724  0.673086 0.059582 -0.737160  0.174111 0.247224
0  6.378570 11.807731 40.628250  0.896899 0.224119 -0.381239  0.165865 0.255236
0  7.027560 9.928125 40.911797  0.882340 0.315078 -0.349572  0.171970 0.261304
chess_set_pieces_black
0  5.636205 9.641835 38.638756  0.669152 0.223916 -0.708589  0.179395 0.250949
0  5.239305 10.893060 38.578724  0.673086 0.059582 -0.737160  0.174111 0.247224
0  7.027560 9.928125 40.911797  0.882340 0.315078 -0.349572  0.171970 0.261304
chess_set_pieces_black
0  3.375225 10.229355 37.999168  0.248565 -0.156904 -0.955822  0.179785 0.238562
0  5.239305 10.893060 38.578724  0.673086 0.059582 -0.737160  0.174111 0.247224
0  5.636205 9.641835 38.638756  0.669152 0.223916 -0.708589  0.179395 0.250949
chess_set_pieces_black
0  3.558105 9.563355 38.102264  0.184234 0.013351 -0.982792  0.182945 0.240306
0  3.375225 10.229355 37.999168  0.248565 -0.156904 -0.955822  0.179785 0.238562
0  5.636205 9.641835 38.638756  0.669152 0.223916 -0.708589  0.179395 0.250949
chess_set_pieces_black
0  3.558105 9.563355 38.102264  0.184234 0.013351 -0.982792  0.182945 0.240306
0  5.636205 9.641835 38.638756  0.669152 0.223916 -0.708589  0.179395 0.250949
0  6.343560 8.292060 38.594971  0.617838 0.300176 -0.726754  0.184814 0.256282
chess_set_pieces_black
0  3.738555 8.879580 38.142857  0.141329 0.112325 -0.983570  0.186252 0.242136
0  3.558105 9.563355 38.102264  0.184234 0.013351 -0.982792  0.182945 0.240306
0  6.343560 8.292060 38.594971  0.617838 0.300176 -0.726754  0.184814 0.256282
chess_set_pieces_black
0  3.738555 8.879580 38.142857  0.141329 0.112325 -0.983570  0.186252 0.242136
0  6.343560 8.292060 38.594971  0.617838 0.300176 -0.726754  0.184814 0.256282
0  4.020660 7.442325 38.087418  0.117833 0.157026 -0.980540  0.193563 0.245816
chess_set_pieces_black
0  2.035215 8.857620 38.032784  0.062896 0.055688 -0.996465  0.188344 0.232955
0  3.738555 8.879580 38.142857  0.141329 0.112325 -0.983570  0.186252 0.242136
0  4.020660 7.442325 38.087418  0.117833 0.157026 -0.980540  0.193563 0.245816
chess_set_pieces_black
0  2.080665 7.784145 37.904625  0.075611 0.134431 -0.988034  0.194559 0.234204
0  2.035215 8.857620 38.032784  0.062896 0.055688 -0.996465  0.188344 0.232955
0  4.020660 7.442325 38.087418  0.117833 0.157026 -0.980540  0.193563 0.245816
chess_set_pieces_black
0  2.035215 8.857620 38.032784  0.062896 0.055688 -0.996465  0.188344 0.232955
0  2.080665 7.784145 37.904625  0.075611 0.134431 -0.988034  0.194559 0.234204
0  0.004815 8.827695 37.926270  0.013840 0.056075 -0.998331  0.189383 0.221492
chess_set_pieces_black
0  2.080665 7.784145 37.904625  0.075611 0.134431 -0.988034  0.194559 0.234204
0  0.000945 7.846200 37.843876  0.010383 0.143421 -0.989607  0.195305 0.221483
0  0.004815 8.827695 37.926270  0.013840 0.056075 -0.998331  0.189383 0.221492
chess_set_pieces_black
0  -2.040930 8.856359 37.969288  -0.064706 0.048201 -0.996740  0.188383 0.209897
0  0.004815 8.827695 37.926270  0.013840 0.056075 -0.998331  0.189383 0.221492
0  0.000945 7.846200 37.843876  0.010383 0.143421 -0.989607  0.195305 0.221483
chess_set_pieces_black
0  -2.082015 7.773795 37.863766  -0.076866 0.123978 -0.989303  0.194703 0.208671
0  -2.040930 8.856359 37.969288  -0.064706 0.048201 -0.996740  0.188383 0.209897
0  0.000945 7.846200 37.843876  0.010383 0.143421 -0.989607  0.195305 0.221483
chess_set_pieces_black
0  -2.040930 8.856359 37.969288  -0.064706 0.048201 -0.996740  0.188383 0.209897
0  -2.082015 7.773795 37.863766  -0.076866 0.123978 -0.989303  0.194703 0.208671
0  -3.752145 8.878185 38.142494  -0.123300 0.095902 -0.987724  0.186283 0.200596
chess_set_pieces_black
0  -2.082015 7.773795 37.863766  -0.076866 0.123978 -0.989303  0.194703 0.208671
0  -4.030740 7.454565 38.089214  -0.103823 0.137268 -0.985078  0.193545 0.196969
0  -3.752145 8.878185 38.142494  -0.123300 0.095902 -0.987724  0.186283 0.200596
chess_set_pieces_black
0  -3.752145 8.878185 38.142494  -0.123300 0.095902 -0.987724  0.186283 0.200596
0  -4.030740 7.454565 38.089214  -0.103823 0.137268 -0.985078  0.193545 0.196969
0  -6.699915 6.621750 38.153790  -0.571501 0.319357 -0.755908  0.192133 0.182047
chess_set_pieces_black
0  -6.699915 6.621750 38.153790  -0.571501 0.319357 -0.755908  0.192133 0.182047
0  -4.030740 7.454565 38.089214  -0.103823 0.137268 -0.985078  0.193545 0.196969
0  -6.716070 5.746410 37.926136  -0.423266 0.171826 -0.889563  0.196094 0.179944
chess_set_pieces_black
0  -4.030740 7.454565 38.089214  -0.103823 0.137268 -0.985078  0.193545 0.196969
0  -4.117635 6.472665 37.966141  -0.160632 0.239991 -0.957393  0.198796 0.194602
0  -6.716070 5.746410 37.926136  -0.423266 0.171826 -0.889563  0.196094 0.179944
chess_set_pieces_black
0  1.933380 9.981900 37.974327  0.098585 -0.261766 -0.960083  0.182375 0.231555
0  3.375225 10.229355 37.999168  0.248565 -0.156904 -0.955822  0.179785 0.238562
0  3.558105 9.563355 38.102264  0.184234 0.013351 -0.982792  0.182945 0.240306
chess_set_pieces_black
0  1.979550 9.427005 38.031616  0.061211 -0.071522 -0.995559  0.185283 0.232205
0  1.933380 9.981900 37.974327  0.098585 -0.261766 -0.960083  0.182375 0.231555
0  3.558105 9.563355 38.102264  0.184234 0.013351 -0.982792  0.182945 0.240306
chess_set_pieces_black
0  1.979550 9.427005 38.031616  0.061211 -0.071522 -0.995559  0.185283 0.232205
0  3.558105 9.563355 38.102264  0.184234 0.013351 -0.982792  0.182945 0.240306
0  3.738555 8.879580 38.142857  0.141329 0.112325 -0.983570  0.186252 0.242136
chess_set_pieces_black
0  2.035215 8.857620 38.032784  0.062896 0.055688 -0.996465  0.188344 0.232955
0  1.979550 9.427005 38.031616  0.061211 -0.071522 -0.995559  0.185283 0.232205
0  3.738555 8.879580 38.142857  0.141329 0.112325 -0.983570  0.186252 0.242136
chess_set_pieces_black
0  1.979550 9.427005 38.031616  0.061211 -0.071522 -0.995559  0.185283 0.232205
0  2.035215 8.857620 38.032784  0.062896 0.055688 -0.996465  0.188344 0.232955
0  0.006885 9.322875 37.900578  0.017492 -0.075995 -0.996955  0.186586 0.221496
chess_set_pieces_black
0  2.035215 8.857620 38.032784  0.062896 0.055688 -0.996465  0.188344 0.232955
0  0.004815 8.827695 37.926270  0.013840 0.056075 -0.998331  0.189383 0.221492
0  0.006885 9.322875 37.900578  0.017492 -0.075995 -0.996955  0.186586 0.221496
chess_set_pieces_black
0  -1.982925 9.420255 37.962585  -0.062044 -0.076160 -0.995164  0.185326 0.210652
0  0.006885 9.322875 37.900578  0.017492 -0.075995 -0.996955  0.186586 0.221496
0  0.004815 8.827695 37.926270  0.013840 0.056075 -0.998331  0.189383 0.221492
chess_set_pieces_black
0  -2.040930 8.856359 37.969288  -0.064706 0.048201 -0.996740  0.188383 0.209897
0  -1.982925 9.420255 37.962585  -0.062044 -0.076160 -0.995164  0.185326 0.210652
0  0.004815 8.827695 37.926270  0.013840 0.056075 -0.998331  0.189383 0.221492
chess_set_pieces_black
0  -1.982925 9.420255 37.962585  -0.062044 -0.076160 -0.995164  0.185326 0.210652
0  -2.040930 8.856359 37.969288  -0.064706 0.048201 -0.996740  0.188383 0.209897
0  -3.581595 9.557055 38.096508  -0.177264 0.011985 -0.984090  0.182984 0.202364
chess_set_pieces_black
0  -2.040930 8.856359 37.969288  -0.064706 0.048201 -0.996740  0.188383 0.209897
0  -3.752145 8.878185 38.142494  -0.123300 0.095902 -0.987724  0.186283 0.200596
0  -3.581595 9.557055 38.096508  -0.177264 0.011985 -0.984090  0.182984 0.202364
chess_set_pieces_black
0  -5.555925 9.682020 38.568062  -0.669724 0.220146 -0.709229  0.179442 0.192329
0  -3.581595 9.557055 38.096508  -0.177264 0.011985 -0.984090  0.182984 0.202364
0  -3.752145 8.878185 38.142494  -0.123300 0.095902 -0.987724  0.186283 0.200596
chess_set_pieces_black
0  -6.123870 8.417970 38.439899  -0.616734 0.298877 -0.728225  0.184795 0.187889
0  -5.555925 9.682020 38.568062  -0.669724 0.220146 -0.709229  0.179442 0.192329
0  -3.752145 8.878185 38.142494  -0.123300 0.095902 -0.987724  0.186283 0.200596
chess_set_pieces_black
0  -5.555925 9.682020 38.568062  -0.669724 0.220146 -0.709229  0.179442 0.192329
0  -6.123870 8.417970 38.439899  -0.616734 0.298877 -0.728225  0.184795 0.187889
0  -7.052490 9.937304 40.899960  -0.880587 0.308062 -0.360088  0.171935 0.181406
chess_set_pieces_black
0  -6.123870 8.417970 38.439899  -0.616734 0.298877 -0.728225  0.184795 0.187889
0  -7.837965 8.140230 41.154346  -0.868883 0.359275 -0.340536  0.177422 0.174844
0  -7.052490 9.937304 40.899960  -0.880587 0.308062 -0.360088  0.171935 0.181406
chess_set_pieces_black
0  -6.123870 8.417970 38.439899  -0.616734 0.298877 -0.728225  0.184795 0.187889
0  -6.699915 6.621750 38.153790  -0.571501 0.319357 -0.755908  0.192133 0.182047
0  -7.837965 8.140230 41.154346  -0.868883 0.359275 -0.340536  0.177422 0.174844
chess_set_pieces_black
0  -6.123870 8.417970 38.439899  -0.616734 0.298877 -0.728225  0.184795 0.187889
0  -3.752145 8.878185 38.142494  -0.123300 0.095902 -0.987724  0.186283 0.200596
0  -6.699915 6.621750 38.153790  -0.571501 0.319357 -0.755908  0.192133 0.182047
chess_set_pieces_black
0  1.933380 9.981900 37.974327  0.098585 -0.261766 -0.960083  0.182375 0.231555
0  1.979550 9.427005 38.031616  0.061211 -0.071522 -0.995559  0.185283 0.232205
0  0.008775 9.827280 37.820881  0.019732 -0.282558 -0.959047  0.183852 0.221496
chess_set_pieces_black
0  1.979550 9.427005 38.031616  0.061211 -0.071522 -0.995559  0.185283 0.232205
0  0.006885 9.322875 37.900578  0.017492 -0.075995 -0.996955  0.186586 0.221496
0  0.008775 9.827280 37.820881  0.019732 -0.282558 -0.959047  0.183852 0.221496
chess_set_pieces_black
0  -1.935495 9.964485 37.901699  -0.094940 -0.262922 -0.960135  0.182445 0.211299
0  0.008775 9.827280 37.820881  0.019732 -0.282558 -0.959047  0.183852 0.221496
0  0.006885 9.322875 37.900578  0.017492 -0.075995 -0.996955  0.186586 0.221496
chess_set_pieces_black
0  -1.982925 9.420255 37.962585  -0.062044 -0.076160 -0.995164  0.185326 0.210652
0  -1.935495 9.964485 37.901699  -0.094940 -0.262922 -0.960135  0.182445 0.211299
0  0.006885 9.322875 37.900578  0.017492 -0.075995 -0.996955  0.186586 0.221496
chess_set_pieces_black
0  -1.935495 9.964485 37.901699  -0.094940 -0.262922 -0.960135  0.182445 0.211299
0  -1.982925 9.420255 37.962585  -0.062044 -0.076160 -0.995164  0.185326 0.210652
0  -3.412845 10.233540 37.985355  -0.255986 -0.158502 -0.953598  0.179748 0.204060
chess_set_pieces_black
0  -1.982925 9.420255 37.962585  -0.062044 -0.076160 -0.995164  0.185326 0.210652
0  -3.581595 9.557055 38.096508  -0.177264 0.011985 -0.984090  0.182984 0.202364
0  -3.412845 10.233540 37.985355  -0.255986 -0.158502 -0.953598  0.179748 0.204060
chess_set_pieces_black
0  -5.211315 10.872359 38.527603  -0.673740 0.057124 -0.736757  0.174321 0.195693
0  -3.412845 10.233540 37.985355  -0.255986 -0.158502 -0.953598  0.179748 0.204060
0  -3.581595 9.557055 38.096508  -0.177264 0.011985 -0.984090  0.182984 0.202364
chess_set_pieces_black
0  -5.555925 9.682020 38.568062  -0.669724 0.220146 -0.709229  0.179442 0.192329
0  -5.211315 10.872359 38.527603  -0.673740 0.057124 -0.736757  0.174321 0.195693
0  -3.581595 9.557055 38.096508  -0.177264 0.011985 -0.984090  0.182984 0.202364
chess_set_pieces_black
0  -5.211315 10.872359 38.527603  -0.673740 0.057124 -0.736757  0.174321 0.195693
0  -5.555925 9.682020 38.568062  -0.669724 0.220146 -0.709229  0.179442 0.192329
0  -6.405255 11.813220 40.620014  -0.894991 0.220392 -0.387839  0.165854 0.187422
chess_set_pieces_black
0  -5.555925 9.682020 38.568062  -0.669724 0.220146 -0.709229  0.179442 0.192329
0  -7.052490 9.937304 40.899960  -0.880587 0.308062 -0.360088  0.171935 0.181406
0  -6.405255 11.813220 40.620014  -0.894991 0.220392 -0.387839  0.165854 0.187422
chess_set_pieces_black
0  -7.210485 2.358810 34.821224  -0.743063 0.557397 0.370358  0.227967 0.170226
0  -8.513235 0.511470 34.709896  -0.822063 0.469642 0.321945  0.230260 0.159663
0  -7.724430 0.243090 37.069515  -0.859138 0.487703 0.155009  0.218660 0.157841
chess_set_pieces_black
0  -6.551100 1.981935 36.636120  -0.805510 0.575929 0.139501  0.217932 0.168812
0  -7.210485 2.358810 34.821224  -0.743063 0.557397 0.370358  0.227967 0.170226
0  -7.724430 0.243090 37.069515  -0.859138 0.487703 0.155009  0.218660 0.157841
chess_set_pieces_black
0  -6.551100 1.981935 36.636120  -0.805510 0.575929 0.139501  0.217932 0.168812
0  -7.724430 0.243090 37.069515  -0.859138 0.487703 0.155009  0.218660 0.157841
0  -6.690375 2.285145 38.293606  -0.702216 0.164995 -0.692582  0.208930 0.167280
chess_set_pieces_black
0  -6.551100 1.981935 36.636120  -0.805510 0.575929 0.139501  0.217932 0.168812
0  -6.690375 2.285145 38.293606  -0.702216 0.164995 -0.692582  0.208930 0.167280
0  -5.413230 3.808575 37.673641  -0.513201 0.322444 -0.795395  0.209267 0.179428
chess_set_pieces_black
0  -6.690375 2.285145 38.293606  -0.702216 0.164995 -0.692582  0.208930 0.167280
0  -8.133300 3.508830 38.597309  -0.696712 -0.037784 -0.716355  0.199640 0.167475
0  -5.413230 3.808575 37.673641  -0.513201 0.322444 -0.795395  0.209267 0.179428
chess_set_pieces_black
0  -8.133300 3.508830 38.597309  -0.696712 -0.037784 -0.716355  0.199640 0.167475
0  -6.716070 5.746410 37.926136  -0.423266 0.171826 -0.889563  0.196094 0.179944
0  -5.413230 3.808575 37.673641  -0.513201 0.322444 -0.795395  0.209267 0.179428
chess_set_pieces_black
0  -6.716070 5.746410 37.926136  -0.423266 0.171826 -0.889563  0.196094 0.179944
0  -8.133300 3.508830 38.597309  -0.696712 -0.037784 -0.716355  0.199640 0.167475
0  -8.859690 4.575735 39.694725  -0.912524 0.210591 -0.350643  0.192294 0.166755
chess_set_pieces_black
0  -6.716070 5.746410 37.926136  -0.423266 0.171826 -0.889563  0.196094 0.179944
0  -8.859690 4.575735 39.694725  -0.912524 0.210591 -0.350643  0.192294 0.166755
0  -6.699915 6.621750 38.153790  -0.571501 0.319357 -0.755908  0.192133 0.182047
chess_set_pieces_black
0  -8.859690 4.575735 39.694725  -0.912524 0.210591 -0.350643  0.192294 0.166755
0  -8.550540 6.308955 40.787373  -0.889086 0.329316 -0.317925  0.184107 0.169567
0  -6.699915 6.621750 38.153790  -0.571501 0.319357 -0.755908  0.192133 0.182047
chess_set_pieces_black
0  -6.699915 6.621750 38.153790  -0.571501 0.319357 -0.755908  0.192133 0.182047
0  -8.550540 6.308955 40.787373  -0.889086 0.329316 -0.317925  0.184107 0.169567
0  -7.837965 8.140230 41.154346  -0.868883 0.359275 -0.340536  0.177422 0.174844
chess_set_pieces_black
0  -7.837965 8.140230 41.154346  -0.868883 0.359275 -0.340536  0.177422 0.174844
0  -8.550540 6.308955 40.787373  -0.889086 0.329316 -0.317925  0.184107 0.169567
0  -8.970750 6.068430 43.340805  -0.962829 0.263347 -0.060081  0.177192 0.161617
chess_set_pieces_black
0  -8.260470 8.342820 43.673264  -0.930539 0.360037 -0.066865  0.169858 0.167495
0  -7.837965 8.140230 41.154346  -0.868883 0.359275 -0.340536  0.177422 0.174844
0  -8.970750 6.068430 43.340805  -0.962829 0.263347 -0.060081  0.177192 0.161617
chess_set_pieces_black
0  -8.260470 8.342820 43.673264  -0.930539 0.360037 -0.066865  0.169858 0.167495
0  -7.341480 10.353331 43.032150  -0.930227 0.358343 -0.079171  0.165238 0.175278
0  -7.837965 8.140230 41.154346  -0.868883 0.359275 -0.340536  0.177422 0.174844
chess_set_pieces_black
0  -7.341480 10.353331 43.032150  -0.930227 0.358343 -0.079171  0.165238 0.175278
0  -7.052490 9.937304 40.899960  -0.880587 0.308062 -0.360088  0.171935 0.181406
0  -7.837965 8.140230 41.154346  -0.868883 0.359275 -0.340536  0.177422 0.174844
chess_set_pieces_black
0  -7.341480 10.353331 43.032150  -0.930227 0.358343 -0.079171  0.165238 0.175278
0  -6.547995 12.470984 42.394096  -0.934136 0.344723 -0.092500  0.159701 0.182700
0  -7.052490 9.937304 40.899960  -0.880587 0.308062 -0.360088  0.171935 0.181406
chess_set_pieces_black
0  -6.547995 12.470984 42.394096  -0.934136 0.344723 -0.092500  0.159701 0.182700
0  -6.405255 11.813220 40.620014  -0.894991 0.220392 -0.387839  0.165854 0.187422
0  -7.052490 9.937304 40.899960  -0.880587 0.308062 -0.360088  0.171935 0.181406
chess_set_pieces_black
0  -6.547995 12.470984 42.394096  -0.934136 0.344723 -0.092500  0.159701 0.182700
0  -5.768910 14.277330 41.052464  -0.942054 0.322573 -0.092086  0.156118 0.191187
0  -6.405255 11.813220 40.620014  -0.894991 0.220392 -0.387839  0.165854 0.187422
chess_set_pieces_black
0  -5.768910 14.277330 41.052464  -0.942054 0.322573 -0.092086  0.156118 0.191187
0  -5.582340 13.520565 39.549419  -0.904110 0.142020 -0.403008  0.161413 0.195277
0  -6.405255 11.813220 40.620014  -0.894991 0.220392 -0.387839  0.165854 0.187422
chess_set_pieces_black
0  -8.513235 0.511470 34.709896  -0.822063 0.469642 0.321945  0.230260 0.159663
0  -9.551160 -1.421235 34.469551  -0.911135 0.320328 0.259274  0.232884 0.150333
0  -8.704890 -1.540710 37.483875  -0.922037 0.341664 0.181971  0.219529 0.148220
chess_set_pieces_black
0  -7.724430 0.243090 37.069515  -0.859138 0.487703 0.155009  0.218660 0.157841
0  -8.513235 0.511470 34.709896  -0.822063 0.469642 0.321945  0.230260 0.159663
0  -8.704890 -1.540710 37.483875  -0.922037 0.341664 0.181971  0.219529 0.148220
chess_set_pieces_black
0  -7.724430 0.243090 37.069515  -0.859138 0.487703 0.155009  0.218660 0.157841
0  -8.704890 -1.540710 37.483875  -0.922037 0.341664 0.181971  0.219529 0.148220
0  -7.710705 0.668880 39.216957  -0.878306 0.107684 -0.465815  0.207996 0.156316
chess_set_pieces_black
0  -7.724430 0.243090 37.069515  -0.859138 0.487703 0.155009  0.218660 0.157841
0  -7.710705 0.668880 39.216957  -0.878306 0.107684 -0.465815  0.207996 0.156316
0  -6.690375 2.285145 38.293606  -0.702216 0.164995 -0.692582  0.208930 0.167280
chess_set_pieces_black
0  -6.690375 2.285145 38.293606  -0.702216 0.164995 -0.692582  0.208930 0.167280
0  -7.710705 0.668880 39.216957  -0.878306 0.107684 -0.465815  0.207996 0.156316
0  -9.144090 1.392975 39.910679  -0.889323 -0.068045 -0.452188  0.199946 0.155732
chess_set_pieces_black
0  -8.133300 3.508830 38.597309  -0.696712 -0.037784 -0.716355  0.199640 0.167475
0  -6.690375 2.285145 38.293606  -0.702216 0.164995 -0.692582  0.208930 0.167280
0  -9.144090 1.392975 39.910679  -0.889323 -0.068045 -0.452188  0.199946 0.155732
chess_set_pieces_black
0  -8.133300 3.508830 38.597309  -0.696712 -0.037784 -0.716355  0.199640 0.167475
0  -9.144090 1.392975 39.910679  -0.889323 -0.068045 -0.452188  0.199946 0.155732
0  -8.859690 4.575735 39.694725  -0.912524 0.210591 -0.350643  0.192294 0.166755
chess_set_pieces_black
0  -9.144090 1.392975 39.910679  -0.889323 -0.068045 -0.452188  0.199946 0.155732
0  -9.449460 3.463425 42.723087  -0.986585 0.124313 -0.105814  0.185732 0.155278
0  -8.859690 4.575735 39.694725  -0.912524 0.210591 -0.350643  0.192294 0.166755
chess_set_pieces_black
0  -8.859690 4.575735 39.694725  -0.912524 0.210591 -0.350643  0.192294 0.166755
0  -9.449460 3.463425 42.723087  -0.986585 0.124313 -0.105814  0.185732 0.155278
0  -8.970750 6.068430 43.340805  -0.962829 0.263347 -0.060081  0.177192 0.161617
chess_set_pieces_black
0  -8.550540 6.308955 40.787373  -0.889086 0.329316 -0.317925  0.184107 0.169567
0  -8.859690 4.575735 39.694725  -0.912524 0.210591 -0.350643  0.192294 0.166755
0  -8.970750 6.068430 43.340805  -0.962829 0.263347 -0.060081  0.177192 0.161617
chess_set_pieces_black
0  -6.174405 13.320090 44.079121  -0.877841 0.471621 0.083477  0.153137 0.179615
0  -5.376645 15.069645 42.474152  -0.867592 0.478429 0.135609  0.150572 0.188337
0  -6.547995 12.470984 42.394096  -0.934136 0.344723 -0.092500  0.159701 0.182700
chess_set_pieces_black
0  -5.376645 15.069645 42.474152  -0.867592 0.478429 0.135609  0.150572 0.188337
0  -5.768910 14.277330 41.052464  -0.942054 0.322573 -0.092086  0.156118 0.191187
0  -6.547995 12.470984 42.394096  -0.934136 0.344723 -0.092500  0.159701 0.182700
chess_set_pieces_black
0  -5.376645 15.069645 42.474152  -0.867592 0.478429 0.135609  0.150572 0.188337
0  -4.745205 16.874685 40.903019  -0.881283 0.427145 0.202207  0.147300 0.196630
0  -5.768910 14.277330 41.052464  -0.942054 0.322573 -0.092086  0.156118 0.191187
chess_set_pieces_black
0  -4.745205 16.874685 40.903019  -0.881283 0.427145 0.202207  0.147300 0.196630
0  -5.112495 16.063740 39.747284  -0.969953 0.238186 -0.049595  0.152112 0.198781
0  -5.768910 14.277330 41.052464  -0.942054 0.322573 -0.092086  0.156118 0.191187
chess_set_pieces_black
0  -5.768910 14.277330 41.052464  -0.942054 0.322573 -0.092086  0.156118 0.191187
0  -5.112495 16.063740 39.747284  -0.969953 0.238186 -0.049595  0.152112 0.198781
0  -5.582340 13.520565 39.549419  -0.904110 0.142020 -0.403008  0.161413 0.195277
chess_set_pieces_black
0  -5.112495 16.063740 39.747284  -0.969953 0.238186 -0.049595  0.152112 0.198781
0  -5.004315 15.207839 38.566891  -0.923802 -0.001307 -0.382867  0.156660 0.201557
0  -5.582340 13.520565 39.549419  -0.904110 0.142020 -0.403008  0.161413 0.195277
chess_set_pieces_black
0  -5.582340 13.520565 39.549419  -0.904110 0.142020 -0.403008  0.161413 0.195277
0  -5.004315 15.207839 38.566891  -0.923802 -0.001307 -0.382867  0.156660 0.201557
0  -4.590045 12.717855 38.043137  -0.676340 -0.061220 -0.734041  0.166971 0.201470
chess_set_pieces_black
0  -5.004315 15.207839 38.566891  -0.923802 -0.001307 -0.382867  0.156660 0.201557
0  -4.169520 14.365754 37.429962  -0.703622 -0.222133 -0.674962  0.161008 0.205839
0  -4.590045 12.717855 38.043137  -0.676340 -0.061220 -0.734041  0.166971 0.201470
chess_set_pieces_black
0  -3.163590 12.041505 37.507908  -0.329424 -0.253536 -0.909505  0.171341 0.207410
0  -4.590045 12.717855 38.043137  -0.676340 -0.061220 -0.734041  0.166971 0.201470
0  -4.169520 14.365754 37.429962  -0.703622 -0.222133 -0.674962  0.161008 0.205839
chess_set_pieces_black
0  -2.877570 13.757759 36.795105  -0.415212 -0.381818 -0.825720  0.164328 0.210664
0  -3.163590 12.041505 37.507908  -0.329424 -0.253536 -0.909505  0.171341 0.207410
0  -4.169520 14.365754 37.429962  -0.703622 -0.222133 -0.674962  0.161008 0.205839
chess_set_pieces_black
0  -3.163590 12.041505 37.507908  -0.329424 -0.253536 -0.909505  0.171341 0.207410
0  -2.877570 13.757759 36.795105  -0.415212 -0.381818 -0.825720  0.164328 0.210664
0  -1.691685 11.672819 37.274311  -0.136949 -0.357158 -0.923950  0.173903 0.213789
chess_set_pieces_black
0  -2.877570 13.757759 36.795105  -0.415212 -0.381818 -0.825720  0.164328 0.210664
0  -1.476225 13.387365 36.422371  -0.191911 -0.466125 -0.863654  0.166317 0.215860
0  -1.691685 11.672819 37.274311  -0.136949 -0.357158 -0.923950  0.173903 0.213789
chess_set_pieces_black
0  -1.691685 11.672819 37.274311  -0.136949 -0.357158 -0.923950  0.173903 0.213789
0  -1.476225 13.387365 36.422371  -0.191911 -0.466125 -0.863654  0.166317 0.215860
0  0.011565 11.570624 37.220673  0.022994 -0.385466 -0.922436  0.174774 0.221473
chess_set_pieces_black
0  -1.476225 13.387365 36.422371  -0.191911 -0.466125 -0.863654  0.166317 0.215860
0  0.020205 13.291784 36.344070  0.022950 -0.495943 -0.868052  0.166751 0.221468
0  0.011565 11.570624 37.220673  0.022994 -0.385466 -0.922436  0.174774 0.221473
chess_set_pieces_black
0  0.011565 11.570624 37.220673  0.022994 -0.385466 -0.922436  0.174774 0.221473
0  0.020205 13.291784 36.344070  0.022950 -0.495943 -0.868052  0.166751 0.221468
0  1.676745 11.705220 37.345680  0.144468 -0.355272 -0.923532  0.173855 0.228983
chess_set_pieces_black
0  0.020205 13.291784 36.344070  0.022950 -0.495943 -0.868052  0.166751 0.221468
0  1.483695 13.412069 36.500038  0.207804 -0.466491 -0.859770  0.166321 0.226988
0  1.676745 11.705220 37.345680  0.144468 -0.355272 -0.923532  0.173855 0.228983
chess_set_pieces_black
0  3.138570 12.044565 37.517445  0.316394 -0.253201 -0.914212  0.171339 0.235238
0  1.676745 11.705220 37.345680  0.144468 -0.355272 -0.923532  0.173855 0.228983
0  1.483695 13.412069 36.500038  0.207804 -0.466491 -0.859770  0.166321 0.226988
chess_set_pieces_black
0  2.834775 13.774590 36.827324  0.404715 -0.380820 -0.831374  0.164326 0.231941
0  3.138570 12.044565 37.517445  0.316394 -0.253201 -0.914212  0.171339 0.235238
0  1.483695 13.412069 36.500038  0.207804 -0.466491 -0.859770  0.166321 0.226988
chess_set_pieces_black
0  -6.405255 11.813220 40.620014  -0.894991 0.220392 -0.387839  0.165854 0.187422
0  -5.582340 13.520565 39.549419  -0.904110 0.142020 -0.403008  0.161413 0.195277
0  -5.211315 10.872359 38.527603  -0.673740 0.057124 -0.736757  0.174321 0.195693
chess_set_pieces_black
0  -5.582340 13.520565 39.549419  -0.904110 0.142020 -0.403008  0.161413 0.195277
0  -4.590045 12.717855 38.043137  -0.676340 -0.061220 -0.734041  0.166971 0.201470
0  -5.211315 10.872359 38.527603  -0.673740 0.057124 -0.736757  0.174321 0.195693
chess_set_pieces_black
0  -3.412845 10.233540 37.985355  -0.255986 -0.158502 -0.953598  0.179748 0.204060
0  -5.211315 10.872359 38.527603  -0.673740 0.057124 -0.736757  0.174321 0.195693
0  -4.590045 12.717855 38.043137  -0.676340 -0.061220 -0.734041  0.166971 0.201470
chess_set_pieces_black
0  -3.163590 12.041505 37.507908  -0.329424 -0.253536 -0.909505  0.171341 0.207410
0  -3.412845 10.233540 37.985355  -0.255986 -0.158502 -0.953598  0.179748 0.204060
0  -4.590045 12.717855 38.043137  -0.676340 -0.061220 -0.734041  0.166971 0.201470
chess_set_pieces_black
0  -3.412845 10.233540 37.985355  -0.255986 -0.158502 -0.953598  0.179748 0.204060
0  -3.163590 12.041505 37.507908  -0.329424 -0.253536 -0.909505  0.171341 0.207410
0  -1.935495 9.964485 37.901699  -0.094940 -0.262922 -0.960135  0.182445 0.211299
chess_set_pieces_black
0  -3.163590 12.041505 37.507908  -0.329424 -0.253536 -0.909505  0.171341 0.207410
0  -1.691685 11.672819 37.274311  -0.136949 -0.357158 -0.923950  0.173903 0.213789
0  -1.935495 9.964485 37.901699  -0.094940 -0.262922 -0.960135  0.182445 0.211299
chess_set_pieces_black
0  -1.935495 9.964485 37.901699  -0.094940 -0.262922 -0.960135  0.182445 0.211299
0  -1.691685 11.672819 37.274311  -0.136949 -0.357158 -0.923950  0.173903 0.213789
0  0.008775 9.827280 37.820881  0.019732 -0.282558 -0.959047  0.183852 0.221496
chess_set_pieces_black
0  -1.691685 11.672819 37.274311  -0.136949 -0.357158 -0.923950  0.173903 0.213789
0  0.011565 11.570624 37.220673  0.022994 -0.385466 -0.922436  0.174774 0.221473
0  0.008775 9.827280 37.820881  0.019732 -0.282558 -0.959047  0.183852 0.221496
chess_set_pieces_black
0  0.008775 9.827280 37.820881  0.019732 -0.282558 -0.959047  0.183852 0.221496
0  0.011565 11.570624 37.220673  0.022994 -0.385466 -0.922436  0.174774 0.221473
0  1.933380 9.981900 37.974327  0.098585 -0.261766 -0.960083  0.182375 0.231555
chess_set_pieces_black
0  0.011565 11.570624 37.220673  0.022994 -0.385466 -0.922436  0.174774 0.221473
0  1.676745 11.705220 37.345680  0.144468 -0.355272 -0.923532  0.173855 0.228983
0  1.933380 9.981900 37.974327  0.098585 -0.261766 -0.960083  0.182375 0.231555
chess_set_pieces_black
0  3.375225 10.229355 37.999168  0.248565 -0.156904 -0.955822  0.179785 0.238562
0  1.933380 9.981900 37.974327  0.098585 -0.261766 -0.960083  0.182375 0.231555
0  1.676745 11.705220 37.345680  0.144468 -0.355272 -0.923532  0.173855 0.228983
chess_set_pieces_black
0  3.138570 12.044565 37.517445  0.316394 -0.253201 -0.914212  0.171339 0.235238
0  3.375225 10.229355 37.999168  0.248565 -0.156904 -0.955822  0.179785 0.238562
0  1.676745 11.705220 37.345680  0.144468 -0.355272 -0.923532  0.173855 0.228983
chess_set_pieces_black
0  3.375225 10.229355 37.999168  0.248565 -0.156904 -0.955822  0.179785 0.238562
0  3.138570 12.044565 37.517445  0.316394 -0.253201 -0.914212  0.171339 0.235238
0  5.239305 10.893060 38.578724  0.673086 0.059582 -0.737160  0.174111 0.247224
chess_set_pieces_black
0  3.138570 12.044565 37.517445  0.316394 -0.253201 -0.914212  0.171339 0.235238
0  4.600035 12.726720 38.078819  0.674001 -0.060512 -0.736248  0.166889 0.241338
0  5.239305 10.893060 38.578724  0.673086 0.059582 -0.737160  0.174111 0.247224
chess_set_pieces_black
0  4.600035 12.726720 38.078819  0.674001 -0.060512 -0.736248  0.166889 0.241338
0  5.558310 13.521690 39.563732  0.905472 0.144951 -0.398886  0.161390 0.247377
0  5.239305 10.893060 38.578724  0.673086 0.059582 -0.737160  0.174111 0.247224
chess_set_pieces_black
0  5.558310 13.521690 39.563732  0.905472 0.144951 -0.398886  0.161390 0.247377
0  6.378570 11.807731 40.628250  0.896899 0.224119 -0.381239  0.165865 0.255236
0  5.239305 10.893060 38.578724  0.673086 0.059582 -0.737160  0.174111 0.247224
chess_set_pieces_black
0  6.520500 12.461986 42.400845  0.934695 0.343521 -0.091315  0.159705 0.259966
0  6.378570 11.807731 40.628250  0.896899 0.224119 -0.381239  0.165865 0.255236
0  5.558310 13.521690 39.563732  0.905472 0.144951 -0.398886  0.161390 0.247377
chess_set_pieces_black
0  6.378570 11.807731 40.628250  0.896899 0.224119 -0.381239  0.165865 0.255236
0  6.520500 12.461986 42.400845  0.934695 0.343521 -0.091315  0.159705 0.259966
0  7.311870 10.342620 43.037460  0.929955 0.359170 -0.078623  0.165257 0.267413
chess_set_pieces_black
0  3.138570 12.044565 37.517445  0.316394 -0.253201 -0.914212  0.171339 0.235238
0  2.834775 13.774590 36.827324  0.404715 -0.380820 -0.831374  0.164326 0.231941
0  4.600035 12.726720 38.078819  0.674001 -0.060512 -0.736248  0.166889 0.241338
chess_set_pieces_black
0  2.834775 13.774590 36.827324  0.404715 -0.380820 -0.831374  0.164326 0.231941
0  4.162410 14.376330 37.450935  0.697232 -0.220698 -0.682026  0.160960 0.236852
0  4.600035 12.726720 38.078819  0.674001 -0.060512 -0.736248  0.166889 0.241338
chess_set_pieces_black
0  4.162410 14.376330 37.450935  0.697232 -0.220698 -0.682026  0.160960 0.236852
0  4.984200 15.194025 38.589302  0.923355 0.000096 -0.383946  0.156687 0.241125
0  4.600035 12.726720 38.078819  0.674001 -0.060512 -0.736248  0.166889 0.241338
chess_set_pieces_black
0  4.984200 15.194025 38.589302  0.923355 0.000096 -0.383946  0.156687 0.241125
0  5.558310 13.521690 39.563732  0.905472 0.144951 -0.398886  0.161390 0.247377
0  4.600035 12.726720 38.078819  0.674001 -0.060512 -0.736248  0.166889 0.241338
chess_set_pieces_black
0  5.747715 14.270896 41.050079  0.942315 0.321870 -0.091884  0.156140 0.251426
0  5.558310 13.521690 39.563732  0.905472 0.144951 -0.398886  0.161390 0.247377
0  4.984200 15.194025 38.589302  0.923355 0.000096 -0.383946  0.156687 0.241125
chess_set_pieces_black
0  5.747715 14.270896 41.050079  0.942315 0.321870 -0.091884  0.156140 0.251426
0  6.520500 12.461986 42.400845  0.934695 0.343521 -0.091315  0.159705 0.259966
0  5.558310 13.521690 39.563732  0.905472 0.144951 -0.398886  0.161390 0.247377
chess_set_pieces_black
0  6.145830 13.304384 44.070526  0.878571 0.470221 0.083692  0.153173 0.263019
0  6.520500 12.461986 42.400845  0.934695 0.343521 -0.091315  0.159705 0.259966
0  5.747715 14.270896 41.050079  0.942315 0.321870 -0.091884  0.156140 0.251426
chess_set_pieces_black
0  6.145830 13.304384 44.070526  0.878571 0.470221 0.083692  0.153173 0.263019
0  7.107885 11.103660 45.638187  0.898790 0.427152 0.098584  0.156439 0.272988
0  6.520500 12.461986 42.400845  0.934695 0.343521 -0.091315  0.159705 0.259966
chess_set_pieces_black
0  7.107885 11.103660 45.638187  0.898790 0.427152 0.098584  0.156439 0.272988
0  7.311870 10.342620 43.037460  0.929955 0.359170 -0.078623  0.165257 0.267413
0  6.520500 12.461986 42.400845  0.934695 0.343521 -0.091315  0.159705 0.259966
chess_set_pieces_black
0  7.107885 11.103660 45.638187  0.898790 0.427152 0.098584  0.156439 0.272988
0  7.928775 8.827380 47.274883  0.908134 0.388774 0.155395  0.158750 0.283450
0  7.311870 10.342620 43.037460  0.929955 0.359170 -0.078623  0.165257 0.267413
chess_set_pieces_black
0  7.928775 8.827380 47.274883  0.908134 0.388774 0.155395  0.158750 0.283450
0  8.237250 8.330535 43.681499  0.930377 0.360560 -0.066297  0.169875 0.275243
0  7.311870 10.342620 43.037460  0.929955 0.359170 -0.078623  0.165257 0.267413
chess_set_pieces_black
0  8.941410 6.063795 43.341751  0.963102 0.262476 -0.059502  0.177218 0.281100
0  8.237250 8.330535 43.681499  0.930377 0.360560 -0.066297  0.169875 0.275243
0  7.928775 8.827380 47.274883  0.908134 0.388774 0.155395  0.158750 0.283450
chess_set_pieces_black
0  8.237250 8.330535 43.681499  0.930377 0.360560 -0.066297  0.169875 0.275243
0  8.941410 6.063795 43.341751  0.963102 0.262476 -0.059502  0.177218 0.281100
0  8.528895 6.302340 40.795246  0.895363 0.324262 -0.305253  0.184149 0.273175
chess_set_pieces_black
0  8.528895 6.302340 40.795246  0.895363 0.324262 -0.305253  0.184149 0.273175
0  8.941410 6.063795 43.341751  0.963102 0.262476 -0.059502  0.177218 0.281100
0  9.410940 3.453975 42.721424  0.986186 0.125237 -0.108410  0.185790 0.287473
chess_set_pieces_black
0  8.844481 4.577400 39.735451  0.913457 0.206262 -0.350788  0.192240 0.276068
0  8.528895 6.302340 40.795246  0.895363 0.324262 -0.305253  0.184149 0.273175
0  9.410940 3.453975 42.721424  0.986186 0.125237 -0.108410  0.185790 0.287473
chess_set_pieces_black
0  8.038665 3.426075 38.568062  0.700095 -0.036699 -0.713106  0.200206 0.275273
0  8.844481 4.577400 39.735451  0.913457 0.206262 -0.350788  0.192240 0.276068
0  9.410940 3.453975 42.721424  0.986186 0.125237 -0.108410  0.185790 0.287473
chess_set_pieces_black
0  6.808050 5.729265 37.982162  0.429609 0.172932 -0.886302  0.195914 0.263304
0  8.844481 4.577400 39.735451  0.913457 0.206262 -0.350788  0.192240 0.276068
0  8.038665 3.426075 38.568062  0.700095 -0.036699 -0.713106  0.200206 0.275273
chess_set_pieces_black
0  5.411475 3.790350 37.670532  0.511693 0.327866 -0.794150  0.209328 0.263449
0  6.808050 5.729265 37.982162  0.429609 0.172932 -0.886302  0.195914 0.263304
0  8.038665 3.426075 38.568062  0.700095 -0.036699 -0.713106  0.200206 0.275273
chess_set_pieces_black
0  5.086755 16.059465 39.753494  0.969782 0.238832 -0.049826  0.152110 0.243829
0  5.747715 14.270896 41.050079  0.942315 0.321870 -0.091884  0.156140 0.251426
0  4.984200 15.194025 38.589302  0.923355 0.000096 -0.383946  0.156687 0.241125
chess_set_pieces_black
0  5.359050 15.063480 42.470955  0.867600 0.478192 0.136394  0.150583 0.254277
0  6.145830 13.304384 44.070526  0.878571 0.470221 0.083692  0.153173 0.263019
0  5.747715 14.270896 41.050079  0.942315 0.321870 -0.091884  0.156140 0.251426
chess_set_pieces_black
0  5.359050 15.063480 42.470955  0.867600 0.478192 0.136394  0.150583 0.254277
0  5.747715 14.270896 41.050079  0.942315 0.321870 -0.091884  0.156140 0.251426
0  5.086755 16.059465 39.753494  0.969782 0.238832 -0.049826  0.152110 0.243829
chess_set_pieces_black
0  4.716675 16.865459 40.904011  0.880921 0.427932 0.202120  0.147300 0.245969
0  5.359050 15.063480 42.470955  0.867600 0.478192 0.136394  0.150583 0.254277
0  5.086755 16.059465 39.753494  0.969782 0.238832 -0.049826  0.152110 0.243829
chess_set_pieces_black
0  4.108590 6.479865 37.962765  0.162166 0.240970 -0.956889  0.198723 0.248140
0  6.808050 5.729265 37.982162  0.429609 0.172932 -0.886302  0.195914 0.263304
0  5.411475 3.790350 37.670532  0.511693 0.327866 -0.794150  0.209328 0.263449
chess_set_pieces_black
0  3.798270 5.105025 37.310444  0.373735 0.554713 -0.743381  0.208303 0.249832
0  4.108590 6.479865 37.962765  0.162166 0.240970 -0.956889  0.198723 0.248140
0  5.411475 3.790350 37.670532  0.511693 0.327866 -0.794150  0.209328 0.263449
chess_set_pieces_black
0  4.108590 6.479865 37.962765  0.162166 0.240970 -0.956889  0.198723 0.248140
0  3.798270 5.105025 37.310444  0.373735 0.554713 -0.743381  0.208303 0.249832
0  1.931715 5.897745 37.155422  0.223711 0.728768 -0.647187  0.208019 0.235415
chess_set_pieces_black
0  1.931715 5.897745 37.155422  0.223711 0.728768 -0.647187  0.208019 0.235415
0  3.798270 5.105025 37.310444  0.373735 0.554713 -0.743381  0.208303 0.249832
0  3.717855 5.006385 36.273106  0.537347 0.829947 0.149819  0.215261 0.248799
chess_set_pieces_black
0  1.909575 5.814675 36.266445  0.275882 0.942698 0.187641  0.214310 0.235160
0  1.931715 5.897745 37.155422  0.223711 0.728768 -0.647187  0.208019 0.235415
0  3.717855 5.006385 36.273106  0.537347 0.829947 0.149819  0.215261 0.248799
chess_set_pieces_black
0  2.025630 6.284745 35.152920  0.269302 0.853805 0.445527  0.222490 0.234630
0  1.909575 5.814675 36.266445  0.275882 0.942698 0.187641  0.214310 0.235160
0  3.717855 5.006385 36.273106  0.537347 0.829947 0.149819  0.215261 0.248799
chess_set_pieces_black
0  2.025630 6.284745 35.152920  0.269302 0.853805 0.445527  0.222490 0.234630
0  0.002115 6.537240 35.191933  0.002163 0.887183 0.461413  0.221858 0.221507
0  1.909575 5.814675 36.266445  0.275882 0.942698 0.187641  0.214310 0.235160
chess_set_pieces_black
0  0.002115 6.537240 35.191933  0.002163 0.887183 0.461413  0.221858 0.221507
0  2.025630 6.284745 35.152920  0.269302 0.853805 0.445527  0.222490 0.234630
0  0.000270 7.546680 33.362503  0.002203 0.842758 0.538288  0.234757 0.221467
chess_set_pieces_black
0  0.002115 6.537240 35.191933  0.002163 0.887183 0.461413  0.221858 0.221507
0  0.000270 7.546680 33.362503  0.002203 0.842758 0.538288  0.234757 0.221467
0  -2.165895 7.324245 33.314445  -0.269847 0.809421 0.521556  0.235230 0.209286
chess_set_pieces_black
0  0.000270 7.546680 33.362503  0.002203 0.842758 0.538288  0.234757 0.221467
0  0.004725 9.837584 30.066120  0.001769 0.840722 0.541465  0.255312 0.221454
0  -2.165895 7.324245 33.314445  -0.269847 0.809421 0.521556  0.235230 0.209286
chess_set_pieces_black
0  0.004725 9.837584 30.066120  0.001769 0.840722 0.541465  0.255312 0.221454
0  -2.373795 9.508500 29.957985  -0.269633 0.806049 0.526862  0.255474 0.210666
0  -2.165895 7.324245 33.314445  -0.269847 0.809421 0.521556  0.235230 0.209286
chess_set_pieces_black
0  0.004725 9.837584 30.066120  0.001769 0.840722 0.541465  0.255312 0.221454
0  0.000090 12.419415 25.854481  0.001817 0.876104 0.482118  0.275691 0.221419
0  -2.373795 9.508500 29.957985  -0.269633 0.806049 0.526862  0.255474 0.210666
chess_set_pieces_black
0  0.000090 12.419415 25.854481  0.001817 0.876104 0.482118  0.275691 0.221419
0  -2.483415 12.107386 25.772984  -0.260400 0.841781 0.472861  0.275678 0.212013
0  -2.373795 9.508500 29.957985  -0.269633 0.806049 0.526862  0.255474 0.210666
chess_set_pieces_black
0  -2.483415 12.107386 25.772984  -0.260400 0.841781 0.472861  0.275678 0.212013
0  0.000090 12.419415 25.854481  0.001817 0.876104 0.482118  0.275691 0.221419
0  -2.352555 13.674826 22.409775  -0.254697 0.896256 0.363117  0.289028 0.213109
chess_set_pieces_black
0  -2.483415 12.107386 25.772984  -0.260400 0.841781 0.472861  0.275678 0.212013
0  -2.352555 13.674826 22.409775  -0.254697 0.896256 0.363117  0.289028 0.213109
0  -4.645755 12.838725 22.318830  -0.459092 0.822026 0.336910  0.288614 0.204597
chess_set_pieces_black
0  -4.645755 12.838725 22.318830  -0.459092 0.822026 0.336910  0.288614 0.204597
0  -2.352555 13.674826 22.409775  -0.254697 0.896256 0.363117  0.289028 0.213109
0  -4.725585 13.242466 20.447775  -0.470973 0.878419 0.081025  0.295277 0.204282
chess_set_pieces_black
0  -4.645755 12.838725 22.318830  -0.459092 0.822026 0.336910  0.288614 0.204597
0  -4.725585 13.242466 20.447775  -0.470973 0.878419 0.081025  0.295277 0.204282
0  -6.814260 11.841525 20.352736  -0.659210 0.750724 0.043079  0.294420 0.195646
chess_set_pieces_black
0  -6.738255 11.456776 22.141125  -0.640157 0.708104 0.297974  0.288090 0.195882
0  -4.645755 12.838725 22.318830  -0.459092 0.822026 0.336910  0.288614 0.204597
0  -6.814260 11.841525 20.352736  -0.659210 0.750724 0.043079  0.294420 0.195646
chess_set_pieces_black
0  1.909575 5.814675 36.266445  0.275882 0.942698 0.187641  0.214310 0.235160
0  -0.000855 6.029910 36.276752  0.004296 0.978185 0.207692  0.213954 0.221530
0  1.931715 5.897745 37.155422  0.223711 0.728768 -0.647187  0.208019 0.235415
chess_set_pieces_black
0  0.002115 6.537240 35.191933  0.002163 0.887183 0.461413  0.221858 0.221507
0  -0.000855 6.029910 36.276752  0.004296 0.978185 0.207692  0.213954 0.221530
0  1.909575 5.814675 36.266445  0.275882 0.942698 0.187641  0.214310 0.235160
chess_set_pieces_black
0  -4.812210 11.110590 25.540785  -0.470500 0.759667 0.448927  0.275601 0.202481
0  -4.645755 12.838725 22.318830  -0.459092 0.822026 0.336910  0.288614 0.204597
0  -6.738255 11.456776 22.141125  -0.640157 0.708104 0.297974  0.288090 0.195882
chess_set_pieces_black
0  -4.812210 11.110590 25.540785  -0.470500 0.759667 0.448927  0.275601 0.202481
0  -2.483415 12.107386 25.772984  -0.260400 0.841781 0.472861  0.275678 0.212013
0  -4.645755 12.838725 22.318830  -0.459092 0.822026 0.336910  0.288614 0.204597
chess_set_pieces_black
0  -2.483415 12.107386 25.772984  -0.260400 0.841781 0.472861  0.275678 0.212013
0  -4.812210 11.110590 25.540785  -0.470500 0.759667 0.448927  0.275601 0.202481
0  -4.571100 8.504055 29.650322  -0.483037 0.724052 0.492365  0.255924 0.199848
chess_set_pieces_black
0  -2.373795 9.508500 29.957985  -0.269633 0.806049 0.526862  0.255474 0.210666
0  -2.483415 12.107386 25.772984  -0.260400 0.841781 0.472861  0.275678 0.212013
0  -4.571100 8.504055 29.650322  -0.483037 0.724052 0.492365  0.255924 0.199848
chess_set_pieces_black
0  -2.373795 9.508500 29.957985  -0.269633 0.806049 0.526862  0.255474 0.210666
0  -4.571100 8.504055 29.650322  -0.483037 0.724052 0.492365  0.255924 0.199848
0  -4.205475 6.404445 33.020866  -0.490693 0.725886 0.481985  0.236608 0.197002
chess_set_pieces_black
0  -2.165895 7.324245 33.314445  -0.269847 0.809421 0.521556  0.235230 0.209286
0  -2.373795 9.508500 29.957985  -0.269633 0.806049 0.526862  0.255474 0.210666
0  -4.205475 6.404445 33.020866  -0.490693 0.725886 0.481985  0.236608 0.197002
chess_set_pieces_black
0  -2.165895 7.324245 33.314445  -0.269847 0.809421 0.521556  0.235230 0.209286
0  -4.205475 6.404445 33.020866  -0.490693 0.725886 0.481985  0.236608 0.197002
0  -2.025270 6.285285 35.155396  -0.264961 0.854996 0.445845  0.222380 0.208322
chess_set_pieces_black
0  -2.025270 6.285285 35.155396  -0.264961 0.854996 0.445845  0.222380 0.208322
0  0.002115 6.537240 35.191933  0.002163 0.887183 0.461413  0.221858 0.221507
0  -2.165895 7.324245 33.314445  -0.269847 0.809421 0.521556  0.235230 0.209286
chess_set_pieces_black
0  -2.025270 6.285285 35.155396  -0.264961 0.854996 0.445845  0.222380 0.208322
0  -1.917630 5.829435 36.260910  -0.271342 0.944339 0.186004  0.214218 0.207787
0  0.002115 6.537240 35.191933  0.002163 0.887183 0.461413  0.221858 0.221507
chess_set_pieces_black
0  -1.917630 5.829435 36.260910  -0.271342 0.944339 0.186004  0.214218 0.207787
0  -0.000855 6.029910 36.276752  0.004296 0.978185 0.207692  0.213954 0.221530
0  0.002115 6.537240 35.191933  0.002163 0.887183 0.461413  0.221858 0.221507
chess_set_pieces_black
0  -0.000855 6.029910 36.276752  0.004296 0.978185 0.207692  0.213954 0.221530
0  -1.917630 5.829435 36.260910  -0.271342 0.944339 0.186004  0.214218 0.207787
0  0.004725 6.107580 37.103985  0.009337 0.772724 -0.634673  0.208160 0.221554
chess_set_pieces_black
0  -0.000855 6.029910 36.276752  0.004296 0.978185 0.207692  0.213954 0.221530
0  0.004725 6.107580 37.103985  0.009337 0.772724 -0.634673  0.208160 0.221554
0  1.931715 5.897745 37.155422  0.223711 0.728768 -0.647187  0.208019 0.235415
chess_set_pieces_black
0  1.931715 5.897745 37.155422  0.223711 0.728768 -0.647187  0.208019 0.235415
0  0.004725 6.107580 37.103985  0.009337 0.772724 -0.634673  0.208160 0.221554
0  2.067210 7.008525 37.740555  0.127879 0.344763 -0.929939  0.199449 0.234971
chess_set_pieces_black
0  2.067210 7.008525 37.740555  0.127879 0.344763 -0.929939  0.199449 0.234971
0  4.108590 6.479865 37.962765  0.162166 0.240970 -0.956889  0.198723 0.248140
0  1.931715 5.897745 37.155422  0.223711 0.728768 -0.647187  0.208019 0.235415
chess_set_pieces_black
0  6.197040 8.510445 53.642433  0.851287 0.422980 0.310480  0.461410 0.960983
0  6.012090 9.729045 51.661804  0.888766 0.388949 0.242515  0.450766 0.960102
0  5.354955 11.334375 52.912754  0.663009 0.630441 0.403687  0.450748 0.970035
chess_set_pieces_black
0  5.023620 9.576449 54.996841  0.590083 0.507931 0.627541  0.463560 0.970231
0  6.197040 8.510445 53.642433  0.851287 0.422980 0.310480  0.461410 0.960983
0  5.354955 11.334375 52.912754  0.663009 0.630441 0.403687  0.450748 0.970035
chess_set_pieces_black
0  5.023620 9.576449 54.996841  0.590083 0.507931 0.627541  0.463560 0.970231
0  4.007880 7.684560 56.724659  0.478914 0.462364 0.746231  0.476083 0.970875
0  6.197040 8.510445 53.642433  0.851287 0.422980 0.310480  0.461410 0.960983
chess_set_pieces_black
0  6.197040 8.510445 53.642433  0.851287 0.422980 0.310480  0.461410 0.960983
0  8.429895 5.127975 51.082832  0.882309 0.425286 0.201649  0.462259 0.939860
0  6.012090 9.729045 51.661804  0.888766 0.388949 0.242515  0.450766 0.960102
chess_set_pieces_black
0  8.429895 5.127975 51.082832  0.882309 0.425286 0.201649  0.462259 0.939860
0  8.647244 5.873715 48.997978  0.906712 0.364422 0.212298  0.453253 0.935630
0  6.012090 9.729045 51.661804  0.888766 0.388949 0.242515  0.450766 0.960102
chess_set_pieces_black
0  6.012090 9.729045 51.661804  0.888766 0.388949 0.242515  0.450766 0.960102
0  8.647244 5.873715 48.997978  0.906712 0.364422 0.212298  0.453253 0.935630
0  6.200415 10.864260 49.404602  0.876053 0.414606 0.246236  0.439305 0.957256
chess_set_pieces_black
0  6.012090 9.729045 51.661804  0.888766 0.388949 0.242515  0.450766 0.960102
0  6.200415 10.864260 49.404602  0.876053 0.414606 0.246236  0.439305 0.957256
0  5.354955 11.334375 52.912754  0.663009 0.630441 0.403687  0.450748 0.970035
chess_set_pieces_black
0  6.200415 10.864260 49.404602  0.876053 0.414606 0.246236  0.439305 0.957256
0  5.246010 12.301291 50.533649  0.634229 0.703435 0.320833  0.439035 0.966967
0  5.354955 11.334375 52.912754  0.663009 0.630441 0.403687  0.450748 0.970035
chess_set_pieces_black
0  4.640085 13.632570 48.493351  0.580132 0.732056 0.357130  0.427182 0.967422
0  5.246010 12.301291 50.533649  0.634229 0.703435 0.320833  0.439035 0.966967
0  6.200415 10.864260 49.404602  0.876053 0.414606 0.246236  0.439305 0.957256
chess_set_pieces_black
0  5.947065 12.728655 47.431438  0.817981 0.531174 0.220820  0.426565 0.958456
0  4.640085 13.632570 48.493351  0.580132 0.732056 0.357130  0.427182 0.967422
0  6.200415 10.864260 49.404602  0.876053 0.414606 0.246236  0.439305 0.957256
chess_set_pieces_black
0  4.037130 14.966595 46.457100  0.572540 0.733427 0.366445  0.415320 0.967766
0  4.640085 13.632570 48.493351  0.580132 0.732056 0.357130  0.427182 0.967422
0  5.947065 12.728655 47.431438  0.817981 0.531174 0.220820  0.426565 0.958456
chess_set_pieces_black
0  5.231160 14.174910 45.384346  0.763204 0.608652 0.216940  0.414316 0.959339
0  4.037130 14.966595 46.457100  0.572540 0.733427 0.366445  0.415320 0.967766
0  5.947065 12.728655 47.431438  0.817981 0.531174 0.220820  0.426565 0.958456
chess_set_pieces_black
0  4.037130 14.966595 46.457100  0.572540 0.733427 0.366445  0.415320 0.967766
0  5.231160 14.174910 45.384346  0.763204 0.608652 0.216940  0.414316 0.959339
0  4.483305 15.761384 43.602615  0.759857 0.583472 0.286667  0.402596 0.961368
chess_set_pieces_black
0  3.401820 16.492590 44.551846  0.594492 0.685667 0.420047  0.403415 0.969002
0  4.037130 14.966595 46.457100  0.572540 0.733427 0.366445  0.415320 0.967766
0  4.483305 15.761384 43.602615  0.759857 0.583472 0.286667  0.402596 0.961368
chess_set_pieces_black
0  3.021525 18.259649 42.796398  0.579313 0.668875 0.465835  0.391523 0.970434
0  3.401820 16.492590 44.551846  0.594492 0.685667 0.420047  0.403415 0.969002
0  3.953160 17.484751 41.881454  0.763743 0.545181 0.345650  0.390883 0.963245
chess_set_pieces_black
0  3.401820 16.492590 44.551846  0.594492 0.685667 0.420047  0.403415 0.969002
0  4.483305 15.761384 43.602615  0.759857 0.583472 0.286667  0.402596 0.961368
0  3.953160 17.484751 41.881454  0.763743 0.545181 0.345650  0.390883 0.963245
chess_set_pieces_black
0  3.953160 17.484751 41.881454  0.763743 0.545181 0.345650  0.390883 0.963245
0  4.483305 15.761384 43.602615  0.759857 0.583472 0.286667  0.402596 0.961368
0  4.716675 16.865459 40.904011  0.880935 0.427909 0.202105  0.389443 0.956816
chess_set_pieces_black
0  4.483305 15.761384 43.602615  0.759857 0.583472 0.286667  0.402596 0.961368
0  5.359050 15.063480 42.470955  0.867598 0.478198 0.136388  0.400852 0.953998
0  4.716675 16.865459 40.904011  0.880935 0.427909 0.202105  0.389443 0.956816
chess_set_pieces_black
0  4.483305 15.761384 43.602615  0.759857 0.583472 0.286667  0.402596 0.961368
0  5.231160 14.174910 45.384346  0.763204 0.608652 0.216940  0.414316 0.959339
0  5.359050 15.063480 42.470955  0.867598 0.478198 0.136388  0.400852 0.953998
chess_set_pieces_black
0  5.231160 14.174910 45.384346  0.763204 0.608652 0.216940  0.414316 0.959339
0  6.145830 13.304384 44.070526  0.878575 0.470214 0.083695  0.412332 0.950928
0  5.359050 15.063480 42.470955  0.867598 0.478198 0.136388  0.400852 0.953998
chess_set_pieces_black
0  5.231160 14.174910 45.384346  0.763204 0.608652 0.216940  0.414316 0.959339
0  5.947065 12.728655 47.431438  0.817981 0.531174 0.220820  0.426565 0.958456
0  6.145830 13.304384 44.070526  0.878575 0.470214 0.083695  0.412332 0.950928
chess_set_pieces_black
0  5.947065 12.728655 47.431438  0.817981 0.531174 0.220820  0.426565 0.958456
0  7.107885 11.103660 45.638187  0.898784 0.427162 0.098591  0.424962 0.945911
0  6.145830 13.304384 44.070526  0.878575 0.470214 0.083695  0.412332 0.950928
chess_set_pieces_black
0  5.947065 12.728655 47.431438  0.817981 0.531174 0.220820  0.426565 0.958456
0  6.200415 10.864260 49.404602  0.876053 0.414606 0.246236  0.439305 0.957256
0  7.107885 11.103660 45.638187  0.898784 0.427162 0.098591  0.424962 0.945911
chess_set_pieces_black
0  6.200415 10.864260 49.404602  0.876053 0.414606 0.246236  0.439305 0.957256
0  7.928775 8.827380 47.274883  0.908140 0.388775 0.155356  0.437941 0.941206
0  7.107885 11.103660 45.638187  0.898784 0.427162 0.098591  0.424962 0.945911
chess_set_pieces_black
0  7.928775 8.827380 47.274883  0.908140 0.388775 0.155356  0.437941 0.941206
0  6.200415 10.864260 49.404602  0.876053 0.414606 0.246236  0.439305 0.957256
0  9.065025 6.116805 46.417767  0.945123 0.301612 0.125588  0.443774 0.927706
chess_set_pieces_black
0  8.647244 5.873715 48.997978  0.906712 0.364422 0.212298  0.453253 0.935630
0  9.065025 6.116805 46.417767  0.945123 0.301612 0.125588  0.443774 0.927706
0  6.200415 10.864260 49.404602  0.876053 0.414606 0.246236  0.439305 0.957256
chess_set_pieces_black
0  9.065025 6.116805 46.417767  0.945123 0.301612 0.125588  0.443774 0.927706
0  8.647244 5.873715 48.997978  0.906712 0.364422 0.212298  0.453253 0.935630
0  9.355275 3.794490 48.356640  0.980617 0.185345 0.063541  0.458069 0.926241
chess_set_pieces_black
0  9.355275 3.794490 48.356640  0.980617 0.185345 0.063541  0.458069 0.926241
0  8.647244 5.873715 48.997978  0.906712 0.364422 0.212298  0.453253 0.935630
0  8.429895 5.127975 51.082832  0.882309 0.425286 0.201649  0.462259 0.939860
chess_set_pieces_black
0  9.254745 3.359700 50.557098  0.964253 0.254098 0.075164  0.466274 0.931957
0  9.355275 3.794490 48.356640  0.980617 0.185345 0.063541  0.458069 0.926241
0  8.429895 5.127975 51.082832  0.882309 0.425286 0.201649  0.462259 0.939860
chess_set_pieces_black
0  9.254745 3.359700 50.557098  0.964253 0.254098 0.075164  0.466274 0.931957
0  9.538515 1.470825 50.340466  0.996840 0.068941 0.039450  0.471733 0.925573
0  9.355275 3.794490 48.356640  0.980617 0.185345 0.063541  0.458069 0.926241
chess_set_pieces_black
0  9.538515 1.470825 50.340466  0.996840 0.068941 0.039450  0.471733 0.925573
0  9.582975 1.497555 48.183483  0.997124 0.074892 0.011655  0.465339 0.918454
0  9.355275 3.794490 48.356640  0.980617 0.185345 0.063541  0.458069 0.926241
chess_set_pieces_black
0  9.538515 1.470825 50.340466  0.996840 0.068941 0.039450  0.471733 0.925573
0  9.547380 -0.428850 50.571178  0.993487 -0.073575 0.087003  0.478694 0.921155
0  9.582975 1.497555 48.183483  0.997124 0.074892 0.011655  0.465339 0.918454
chess_set_pieces_black
0  9.547380 -0.428850 50.571178  0.993487 -0.073575 0.087003  0.478694 0.921155
0  9.704656 -0.853290 48.443581  0.996559 -0.065754 0.050472  0.474427 0.912585
0  9.582975 1.497555 48.183483  0.997124 0.074892 0.011655  0.465339 0.918454
chess_set_pieces_black
0  9.704656 -0.853290 48.443581  0.996559 -0.065754 0.050472  0.474427 0.912585
0  9.702315 -2.323800 46.736820  0.992561 -0.121353 0.009754  0.475280 0.902039
0  9.582975 1.497555 48.183483  0.997124 0.074892 0.011655  0.465339 0.918454
chess_set_pieces_black
0  9.702315 -2.323800 46.736820  0.992561 -0.121353 0.009754  0.475280 0.902039
0  9.599265 1.368945 46.017090  0.997498 0.070233 0.008098  0.459176 0.910302
0  9.582975 1.497555 48.183483  0.997124 0.074892 0.011655  0.465339 0.918454
chess_set_pieces_black
0  9.582975 1.497555 48.183483  0.997124 0.074892 0.011655  0.465339 0.918454
0  9.599265 1.368945 46.017090  0.997498 0.070233 0.008098  0.459176 0.910302
0  9.355275 3.794490 48.356640  0.980617 0.185345 0.063541  0.458069 0.926241
chess_set_pieces_black
0  9.599265 1.368945 46.017090  0.997498 0.070233 0.008098  0.459176 0.910302
0  9.266940 3.823830 45.993736  0.989612 0.142559 0.018550  0.450183 0.918294
0  9.355275 3.794490 48.356640  0.980617 0.185345 0.063541  0.458069 0.926241
chess_set_pieces_black
0  9.266940 3.823830 45.993736  0.989612 0.142559 0.018550  0.450183 0.918294
0  9.065025 6.116805 46.417767  0.945123 0.301612 0.125588  0.443774 0.927706
0  9.355275 3.794490 48.356640  0.980617 0.185345 0.063541  0.458069 0.926241
chess_set_pieces_black
0  9.547380 -0.428850 50.571178  0.993487 -0.073575 0.087003  0.478694 0.921155
0  9.538515 1.470825 50.340466  0.996840 0.068941 0.039450  0.471733 0.925573
0  9.385245 0.164835 52.850250  0.988151 -0.137727 0.067747  0.482519 0.929995
chess_set_pieces_black
0  9.193815 -2.248380 51.193256  0.934908 -0.310926 0.171094  0.486693 0.918810
0  9.547380 -0.428850 50.571178  0.993487 -0.073575 0.087003  0.478694 0.921155
0  9.385245 0.164835 52.850250  0.988151 -0.137727 0.067747  0.482519 0.929995
chess_set_pieces_black
0  9.704656 -0.853290 48.443581  0.996559 -0.065754 0.050472  0.474427 0.912585
0  9.547380 -0.428850 50.571178  0.993487 -0.073575 0.087003  0.478694 0.921155
0  9.193815 -2.248380 51.193256  0.934908 -0.310926 0.171094  0.486693 0.918810
chess_set_pieces_black
0  9.322245 -3.173175 49.107868  0.911707 -0.383612 0.147078  0.484844 0.909063
0  9.704656 -0.853290 48.443581  0.996559 -0.065754 0.050472  0.474427 0.912585
0  9.193815 -2.248380 51.193256  0.934908 -0.310926 0.171094  0.486693 0.918810
chess_set_pieces_black
0  9.704656 -0.853290 48.443581  0.996559 -0.065754 0.050472  0.474427 0.912585
0  9.322245 -3.173175 49.107868  0.911707 -0.383612 0.147078  0.484844 0.909063
0  9.702315 -2.323800 46.736820  0.992561 -0.121353 0.009754  0.475280 0.902039
chess_set_pieces_black
0  9.322245 -3.173175 49.107868  0.911707 -0.383612 0.147078  0.484844 0.909063
0  9.036224 -4.126455 47.224308  0.881470 -0.467457 0.067050  0.484452 0.899194
0  9.702315 -2.323800 46.736820  0.992561 -0.121353 0.009754  0.475280 0.902039
chess_set_pieces_black
0  9.036224 -4.126455 47.224308  0.881470 -0.467457 0.067050  0.484452 0.899194
0  9.322245 -3.173175 49.107868  0.911707 -0.383612 0.147078  0.484844 0.909063
0  7.826670 -4.878045 50.159653  0.778431 -0.574736 0.252435  0.496095 0.908868
chess_set_pieces_black
0  7.421805 -5.977620 48.438179  0.830045 -0.518077 0.206449  0.497463 0.899383
0  9.036224 -4.126455 47.224308  0.881470 -0.467457 0.067050  0.484452 0.899194
0  7.826670 -4.878045 50.159653  0.778431 -0.574736 0.252435  0.496095 0.908868
chess_set_pieces_black
0  7.826670 -4.878045 50.159653  0.778431 -0.574736 0.252435  0.496095 0.908868
0  5.765085 -6.477930 52.037373  0.672552 -0.609831 0.419263  0.510068 0.912974
0  7.421805 -5.977620 48.438179  0.830045 -0.518077 0.206449  0.497463 0.899383
chess_set_pieces_black
0  5.765085 -6.477930 52.037373  0.672552 -0.609831 0.419263  0.510068 0.912974
0  5.619960 -8.094870 50.229225  0.731255 -0.565144 0.381941  0.512759 0.902149
0  7.421805 -5.977620 48.438179  0.830045 -0.518077 0.206449  0.497463 0.899383
chess_set_pieces_black
0  5.765085 -6.477930 52.037373  0.672552 -0.609831 0.419263  0.510068 0.912974
0  3.317445 -7.642980 53.575108  0.704030 -0.530367 0.472284  0.523376 0.917643
0  5.619960 -8.094870 50.229225  0.731255 -0.565144 0.381941  0.512759 0.902149
chess_set_pieces_black
0  3.317445 -7.642980 53.575108  0.704030 -0.530367 0.472284  0.523376 0.917643
0  3.364785 -9.557595 51.377762  0.736145 -0.530353 0.420495  0.526116 0.904565
0  5.619960 -8.094870 50.229225  0.731255 -0.565144 0.381941  0.512759 0.902149
chess_set_pieces_black
0  3.364785 -9.557595 51.377762  0.736145 -0.530353 0.420495  0.526116 0.904565
0  3.317445 -7.642980 53.575108  0.704030 -0.530367 0.472284  0.523376 0.917643
0  1.926810 -9.061379 54.820442  0.859308 -0.372267 0.350722  0.533671 0.920073
chess_set_pieces_black
0  2.320380 -10.999170 52.460598  0.864492 -0.376221 0.333333  0.535558 0.906110
0  3.364785 -9.557595 51.377762  0.736145 -0.530353 0.420495  0.526116 0.904565
0  1.926810 -9.061379 54.820442  0.859308 -0.372267 0.350722  0.533671 0.920073
chess_set_pieces_black
0  2.320380 -10.999170 52.460598  0.864492 -0.376221 0.333333  0.535558 0.906110
0  1.926810 -9.061379 54.820442  0.859308 -0.372267 0.350722  0.533671 0.920073
0  1.766565 -11.768400 52.878689  0.837268 -0.419201 0.351073  0.540318 0.906336
chess_set_pieces_black
0  1.926810 -9.061379 54.820442  0.859308 -0.372267 0.350722  0.533671 0.920073
0  1.613160 -9.620865 55.609741  0.873984 -0.369531 0.315594  0.537834 0.922084
0  1.766565 -11.768400 52.878689  0.837268 -0.419201 0.351073  0.540318 0.906336
chess_set_pieces_black
0  1.922400 -7.151130 57.952801  0.892498 -0.304927 0.332366  0.532447 0.936677
0  1.613160 -9.620865 55.609741  0.873984 -0.369531 0.315594  0.537834 0.922084
0  1.926810 -9.061379 54.820442  0.859308 -0.372267 0.350722  0.533671 0.920073
chess_set_pieces_black
0  2.212785 -6.537015 56.994888  0.836533 -0.392145 0.382668  0.527815 0.934130
0  1.922400 -7.151130 57.952801  0.892498 -0.304927 0.332366  0.532447 0.936677
0  1.926810 -9.061379 54.820442  0.859308 -0.372267 0.350722  0.533671 0.920073
chess_set_pieces_black
0  3.317445 -7.642980 53.575108  0.704030 -0.530367 0.472284  0.523376 0.917643
0  5.765085 -6.477930 52.037373  0.672552 -0.609831 0.419263  0.510068 0.912974
0  3.654855 -5.563845 55.333977  0.625624 -0.584979 0.516133  0.518434 0.928946
chess_set_pieces_black
0  3.317445 -7.642980 53.575108  0.704030 -0.530367 0.472284  0.523376 0.917643
0  3.654855 -5.563845 55.333977  0.625624 -0.584979 0.516133  0.518434 0.928946
0  1.926810 -9.061379 54.820442  0.859308 -0.372267 0.350722  0.533671 0.920073
chess_set_pieces_black
0  3.654855 -5.563845 55.333977  0.625624 -0.584979 0.516133  0.518434 0.928946
0  2.212785 -6.537015 56.994888  0.836533 -0.392145 0.382668  0.527815 0.934130
0  1.926810 -9.061379 54.820442  0.859308 -0.372267 0.350722  0.533671 0.920073
chess_set_pieces_black
0  2.364930 -4.009635 58.230679  0.687509 -0.444439 0.574287  0.520422 0.944468
0  2.212785 -6.537015 56.994888  0.836533 -0.392145 0.382668  0.527815 0.934130
0  3.654855 -5.563845 55.333977  0.625624 -0.584979 0.516133  0.518434 0.928946
chess_set_pieces_black
0  4.489560 -3.709305 56.847466  0.477487 -0.631917 0.610481  0.511836 0.937711
0  2.364930 -4.009635 58.230679  0.687509 -0.444439 0.574287  0.520422 0.944468
0  3.654855 -5.563845 55.333977  0.625624 -0.584979 0.516133  0.518434 0.928946
chess_set_pieces_black
0  6.688800 -3.497985 55.511726  0.563133 -0.683665 0.464201  0.503404 0.931633
0  4.489560 -3.709305 56.847466  0.477487 -0.631917 0.610481  0.511836 0.937711
0  3.654855 -5.563845 55.333977  0.625624 -0.584979 0.516133  0.518434 0.928946
chess_set_pieces_black
0  6.158700 -4.966470 53.798714  0.602086 -0.664736 0.442287  0.506931 0.922847
0  6.688800 -3.497985 55.511726  0.563133 -0.683665 0.464201  0.503404 0.931633
0  3.654855 -5.563845 55.333977  0.625624 -0.584979 0.516133  0.518434 0.928946
chess_set_pieces_black
0  6.688800 -3.497985 55.511726  0.563133 -0.683665 0.464201  0.503404 0.931633
0  6.158700 -4.966470 53.798714  0.602086 -0.664736 0.442287  0.506931 0.922847
0  8.250345 -3.779235 52.036964  0.769429 -0.571783 0.284681  0.495051 0.918485
chess_set_pieces_black
0  8.250345 -3.779235 52.036964  0.769429 -0.571783 0.284681  0.495051 0.918485
0  6.158700 -4.966470 53.798714  0.602086 -0.664736 0.442287  0.506931 0.922847
0  7.826670 -4.878045 50.159653  0.778431 -0.574736 0.252435  0.496095 0.908868
chess_set_pieces_black
0  6.158700 -4.966470 53.798714  0.602086 -0.664736 0.442287  0.506931 0.922847
0  5.765085 -6.477930 52.037373  0.672552 -0.609831 0.419263  0.510068 0.912974
0  7.826670 -4.878045 50.159653  0.778431 -0.574736 0.252435  0.496095 0.908868
chess_set_pieces_black
0  5.765085 -6.477930 52.037373  0.672552 -0.609831 0.419263  0.510068 0.912974
0  6.158700 -4.966470 53.798714  0.602086 -0.664736 0.442287  0.506931 0.922847
0  3.654855 -5.563845 55.333977  0.625624 -0.584979 0.516133  0.518434 0.928946
chess_set_pieces_black
0  1.922400 -7.151130 57.952801  0.892498 -0.304927 0.332366  0.532447 0.936677
0  2.212785 -6.537015 56.994888  0.836533 -0.392145 0.382668  0.527815 0.934130
0  2.064555 -4.476465 59.421509  0.862791 -0.242320 0.443703  0.524908 0.948117
chess_set_pieces_black
0  2.212785 -6.537015 56.994888  0.836533 -0.392145 0.382668  0.527815 0.934130
0  2.364930 -4.009635 58.230679  0.687509 -0.444439 0.574287  0.520422 0.944468
0  2.064555 -4.476465 59.421509  0.862791 -0.242320 0.443703  0.524908 0.948117
chess_set_pieces_black
0  2.364930 -4.009635 58.230679  0.687509 -0.444439 0.574287  0.520422 0.944468
0  3.343815 -1.716795 58.824272  0.257640 -0.496637 0.828839  0.511032 0.950384
0  2.064555 -4.476465 59.421509  0.862791 -0.242320 0.443703  0.524908 0.948117
chess_set_pieces_black
0  3.343815 -1.716795 58.824272  0.257640 -0.496637 0.828839  0.511032 0.950384
0  2.364930 -4.009635 58.230679  0.687509 -0.444439 0.574287  0.520422 0.944468
0  4.489560 -3.709305 56.847466  0.477487 -0.631917 0.610481  0.511836 0.937711
chess_set_pieces_black
0  5.446035 -2.041245 58.261501  0.292300 -0.653826 0.697906  0.505225 0.944176
0  3.343815 -1.716795 58.824272  0.257640 -0.496637 0.828839  0.511032 0.950384
0  4.489560 -3.709305 56.847466  0.477487 -0.631917 0.610481  0.511836 0.937711
chess_set_pieces_black
0  7.318350 -1.909845 57.144604  0.548216 -0.697054 0.462142  0.499299 0.939269
0  5.446035 -2.041245 58.261501  0.292300 -0.653826 0.697906  0.505225 0.944176
0  4.489560 -3.709305 56.847466  0.477487 -0.631917 0.610481  0.511836 0.937711
chess_set_pieces_black
0  6.688800 -3.497985 55.511726  0.563133 -0.683665 0.464201  0.503404 0.931633
0  7.318350 -1.909845 57.144604  0.548216 -0.697054 0.462142  0.499299 0.939269
0  4.489560 -3.709305 56.847466  0.477487 -0.631917 0.610481  0.511836 0.937711
chess_set_pieces_black
0  7.318350 -1.909845 57.144604  0.548216 -0.697054 0.462142  0.499299 0.939269
0  6.688800 -3.497985 55.511726  0.563133 -0.683665 0.464201  0.503404 0.931633
0  8.371350 -2.492415 54.034561  0.786904 -0.538512 0.301308  0.494444 0.928051
chess_set_pieces_black
0  8.371350 -2.492415 54.034561  0.786904 -0.538512 0.301308  0.494444 0.928051
0  6.688800 -3.497985 55.511726  0.563133 -0.683665 0.464201  0.503404 0.931633
0  8.250345 -3.779235 52.036964  0.769429 -0.571783 0.284681  0.495051 0.918485
chess_set_pieces_black
0  8.371350 -2.492415 54.034561  0.786904 -0.538512 0.301308  0.494444 0.928051
0  8.250345 -3.779235 52.036964  0.769429 -0.571783 0.284681  0.495051 0.918485
0  9.193815 -2.248380 51.193256  0.934908 -0.310926 0.171094  0.486693 0.918810
chess_set_pieces_black
0  8.250345 -3.779235 52.036964  0.769429 -0.571783 0.284681  0.495051 0.918485
0  7.826670 -4.878045 50.159653  0.778431 -0.574736 0.252435  0.496095 0.908868
0  9.193815 -2.248380 51.193256  0.934908 -0.310926 0.171094  0.486693 0.918810
chess_set_pieces_black
0  7.826670 -4.878045 50.159653  0.778431 -0.574736 0.252435  0.496095 0.908868
0  9.322245 -3.173175 49.107868  0.911707 -0.383612 0.147078  0.484844 0.909063
0  9.193815 -2.248380 51.193256  0.934908 -0.310926 0.171094  0.486693 0.918810
chess_set_pieces_black
0  8.531956 -1.082655 55.994804  0.783306 -0.563940 0.261542  0.493412 0.936725
0  7.318350 -1.909845 57.144604  0.548216 -0.697054 0.462142  0.499299 0.939269
0  8.371350 -2.492415 54.034561  0.786904 -0.538512 0.301308  0.494444 0.928051
chess_set_pieces_black
0  9.078975 -0.147915 55.455975  0.918739 -0.384364 0.090463  0.489272 0.936864
0  8.531956 -1.082655 55.994804  0.783306 -0.563940 0.261542  0.493412 0.936725
0  8.371350 -2.492415 54.034561  0.786904 -0.538512 0.301308  0.494444 0.928051
chess_set_pieces_black
0  9.017010 -1.228680 53.317123  0.938976 -0.303053 0.162735  0.488223 0.928228
0  9.078975 -0.147915 55.455975  0.918739 -0.384364 0.090463  0.489272 0.936864
0  8.371350 -2.492415 54.034561  0.786904 -0.538512 0.301308  0.494444 0.928051
chess_set_pieces_black
0  9.017010 -1.228680 53.317123  0.938976 -0.303053 0.162735  0.488223 0.928228
0  8.371350 -2.492415 54.034561  0.786904 -0.538512 0.301308  0.494444 0.928051
0  9.193815 -2.248380 51.193256  0.934908 -0.310926 0.171094  0.486693 0.918810
chess_set_pieces_black
0  9.017010 -1.228680 53.317123  0.938976 -0.303053 0.162735  0.488223 0.928228
0  9.193815 -2.248380 51.193256  0.934908 -0.310926 0.171094  0.486693 0.918810
0  9.385245 0.164835 52.850250  0.988151 -0.137727 0.067747  0.482519 0.929995
chess_set_pieces_black
0  9.078975 -0.147915 55.455975  0.918739 -0.384364 0.090463  0.489272 0.936864
0  9.017010 -1.228680 53.317123  0.938976 -0.303053 0.162735  0.488223 0.928228
0  9.385245 0.164835 52.850250  0.988151 -0.137727 0.067747  0.482519 0.929995
chess_set_pieces_black
0  9.470970 1.581660 52.626286  0.999297 0.036720 -0.007501  0.477635 0.932940
0  9.285705 3.078090 52.730099  0.946029 0.323971 -0.008502  0.473597 0.937466
0  9.628201 1.956555 54.933750  0.994560 0.006456 -0.103968  0.482366 0.940023
chess_set_pieces_black
0  9.385245 0.164835 52.850250  0.988151 -0.137727 0.067747  0.482519 0.929995
0  9.470970 1.581660 52.626286  0.999297 0.036720 -0.007501  0.477635 0.932940
0  9.628201 1.956555 54.933750  0.994560 0.006456 -0.103968  0.482366 0.940023
chess_set_pieces_black
0  9.452520 0.859635 55.104256  0.974298 -0.224309 -0.020716  0.485590 0.937981
0  9.385245 0.164835 52.850250  0.988151 -0.137727 0.067747  0.482519 0.929995
0  9.628201 1.956555 54.933750  0.994560 0.006456 -0.103968  0.482366 0.940023
chess_set_pieces_black
0  9.452520 0.859635 55.104256  0.974298 -0.224309 -0.020716  0.485590 0.937981
0  9.078975 -0.147915 55.455975  0.918739 -0.384364 0.090463  0.489272 0.936864
0  9.385245 0.164835 52.850250  0.988151 -0.137727 0.067747  0.482519 0.929995
chess_set_pieces_black
0  9.078975 -0.147915 55.455975  0.918739 -0.384364 0.090463  0.489272 0.936864
0  9.452520 0.859635 55.104256  0.974298 -0.224309 -0.020716  0.485590 0.937981
0  9.611145 1.012455 57.604324  0.877950 -0.471408 0.083540  0.489474 0.944187
chess_set_pieces_black
0  9.078975 -0.147915 55.455975  0.918739 -0.384364 0.090463  0.489272 0.936864
0  9.611145 1.012455 57.604324  0.877950 -0.471408 0.083540  0.489474 0.944187
0  8.531956 -1.082655 55.994804  0.783306 -0.563940 0.261542  0.493412 0.936725
chess_set_pieces_black
0  9.611145 1.012455 57.604324  0.877950 -0.471408 0.083540  0.489474 0.944187
0  9.096930 0.348660 57.979214  0.736170 -0.626860 0.255147  0.491924 0.944103
0  8.531956 -1.082655 55.994804  0.783306 -0.563940 0.261542  0.493412 0.936725
chess_set_pieces_black
0  9.096930 0.348660 57.979214  0.736170 -0.626860 0.255147  0.491924 0.944103
0  8.078671 -0.277110 58.776707  0.515312 -0.727693 0.452678  0.495463 0.945250
0  8.531956 -1.082655 55.994804  0.783306 -0.563940 0.261542  0.493412 0.936725
chess_set_pieces_black
0  8.078671 -0.277110 58.776707  0.515312 -0.727693 0.452678  0.495463 0.945250
0  7.318350 -1.909845 57.144604  0.548216 -0.697054 0.462142  0.499299 0.939269
0  8.531956 -1.082655 55.994804  0.783306 -0.563940 0.261542  0.493412 0.936725
chess_set_pieces_black
0  8.078671 -0.277110 58.776707  0.515312 -0.727693 0.452678  0.495463 0.945250
0  6.537825 -0.424035 59.655376  0.137761 -0.696435 0.704273  0.499059 0.948146
0  7.318350 -1.909845 57.144604  0.548216 -0.697054 0.462142  0.499299 0.939269
chess_set_pieces_black
0  6.537825 -0.424035 59.655376  0.137761 -0.696435 0.704273  0.499059 0.948146
0  5.446035 -2.041245 58.261501  0.292300 -0.653826 0.697906  0.505225 0.944176
0  7.318350 -1.909845 57.144604  0.548216 -0.697054 0.462142  0.499299 0.939269
chess_set_pieces_black
0  5.446035 -2.041245 58.261501  0.292300 -0.653826 0.697906  0.505225 0.944176
0  6.537825 -0.424035 59.655376  0.137761 -0.696435 0.704273  0.499059 0.948146
0  4.642020 0.347220 59.808331  -0.236405 -0.466505 0.852341  0.501289 0.953637
chess_set_pieces_black
0  3.343815 -1.716795 58.824272  0.257640 -0.496637 0.828839  0.511032 0.950384
0  5.446035 -2.041245 58.261501  0.292300 -0.653826 0.697906  0.505225 0.944176
0  4.642020 0.347220 59.808331  -0.236405 -0.466505 0.852341  0.501289 0.953637
chess_set_pieces_black
0  2.565495 -1.807155 59.098724  0.699143 -0.255557 0.667749  0.513821 0.952442
0  3.343815 -1.716795 58.824272  0.257640 -0.496637 0.828839  0.511032 0.950384
0  4.642020 0.347220 59.808331  -0.236405 -0.466505 0.852341  0.501289 0.953637
chess_set_pieces_black
0  3.343815 -1.716795 58.824272  0.257640 -0.496637 0.828839  0.511032 0.950384
0  2.565495 -1.807155 59.098724  0.699143 -0.255557 0.667749  0.513821 0.952442
0  2.064555 -4.476465 59.421509  0.862791 -0.242320 0.443703  0.524908 0.948117
chess_set_pieces_black
0  2.240370 -1.919835 60.124992  0.833015 -0.193045 0.518478  0.516613 0.956101
0  2.064555 -4.476465 59.421509  0.862791 -0.242320 0.443703  0.524908 0.948117
0  2.565495 -1.807155 59.098724  0.699143 -0.255557 0.667749  0.513821 0.952442
chess_set_pieces_black
0  2.240370 -1.919835 60.124992  0.833015 -0.193045 0.518478  0.516613 0.956101
0  2.565495 -1.807155 59.098724  0.699143 -0.255557 0.667749  0.513821 0.952442
0  3.539970 0.219060 59.262257  0.360760 -0.167442 0.917505  0.505038 0.956209
chess_set_pieces_black
0  2.286450 0.120600 60.308414  0.814374 -0.096954 0.572185  0.509752 0.961072
0  2.240370 -1.919835 60.124992  0.833015 -0.193045 0.518478  0.516613 0.956101
0  3.539970 0.219060 59.262257  0.360760 -0.167442 0.917505  0.505038 0.956209
chess_set_pieces_black
0  3.539970 0.219060 59.262257  0.360760 -0.167442 0.917505  0.505038 0.956209
0  2.565495 -1.807155 59.098724  0.699143 -0.255557 0.667749  0.513821 0.952442
0  4.642020 0.347220 59.808331  -0.236405 -0.466505 0.852341  0.501289 0.953637
chess_set_pieces_black
0  3.518505 1.616580 59.242321  0.113265 0.091244 0.989366  0.501002 0.960111
0  3.539970 0.219060 59.262257  0.360760 -0.167442 0.917505  0.505038 0.956209
0  4.642020 0.347220 59.808331  -0.236405 -0.466505 0.852341  0.501289 0.953637
chess_set_pieces_black
0  4.377555 1.757565 59.967449  -0.714273 -0.003741 0.699857  0.498203 0.957126
0  3.518505 1.616580 59.242321  0.113265 0.091244 0.989366  0.501002 0.960111
0  4.642020 0.347220 59.808331  -0.236405 -0.466505 0.852341  0.501289 0.953637
chess_set_pieces_black
0  3.518505 1.616580 59.242321  0.113265 0.091244 0.989366  0.501002 0.960111
0  4.377555 1.757565 59.967449  -0.714273 -0.003741 0.699857  0.498203 0.957126
0  4.630455 3.824010 59.713383  -0.782482 0.393887 0.482260  0.492489 0.959807
chess_set_pieces_black
0  3.626955 2.802420 59.017498  -0.008030 0.397918 0.917386  0.496966 0.962717
0  3.518505 1.616580 59.242321  0.113265 0.091244 0.989366  0.501002 0.960111
0  4.630455 3.824010 59.713383  -0.782482 0.393887 0.482260  0.492489 0.959807
chess_set_pieces_black
0  3.626955 2.802420 59.017498  -0.008030 0.397918 0.917386  0.496966 0.962717
0  4.630455 3.824010 59.713383  -0.782482 0.393887 0.482260  0.492489 0.959807
0  5.686740 5.136975 58.718475  -0.005256 0.983098 0.183006  0.486886 0.959521
chess_set_pieces_black
0  3.972330 4.024485 58.584557  0.008529 0.637610 0.770312  0.491909 0.964229
0  3.626955 2.802420 59.017498  -0.008030 0.397918 0.917386  0.496966 0.962717
0  5.686740 5.136975 58.718475  -0.005256 0.983098 0.183006  0.486886 0.959521
chess_set_pieces_black
0  4.412565 5.676435 57.536461  0.233978 0.613079 0.754579  0.483819 0.965533
0  3.972330 4.024485 58.584557  0.008529 0.637610 0.770312  0.491909 0.964229
0  5.686740 5.136975 58.718475  -0.005256 0.983098 0.183006  0.486886 0.959521
chess_set_pieces_black
0  5.689620 5.596380 57.050507  0.481549 0.775593 0.408125  0.480871 0.960673
0  4.412565 5.676435 57.536461  0.233978 0.613079 0.754579  0.483819 0.965533
0  5.686740 5.136975 58.718475  -0.005256 0.983098 0.183006  0.486886 0.959521
chess_set_pieces_black
0  4.412565 5.676435 57.536461  0.233978 0.613079 0.754579  0.483819 0.965533
0  5.689620 5.596380 57.050507  0.481549 0.775593 0.408125  0.480871 0.960673
0  6.079725 7.000965 55.408909  0.738932 0.521976 0.426051  0.471736 0.960680
chess_set_pieces_black
0  8.501625 4.540455 53.165878  0.819488 0.535727 0.203560  0.470481 0.943729
0  6.079725 7.000965 55.408909  0.738932 0.521976 0.426051  0.471736 0.960680
0  5.689620 5.596380 57.050507  0.481549 0.775593 0.408125  0.480871 0.960673
chess_set_pieces_black
0  8.554544 4.406490 55.447197  0.645023 0.751634 0.137807  0.477764 0.948565
0  8.501625 4.540455 53.165878  0.819488 0.535727 0.203560  0.470481 0.943729
0  5.689620 5.596380 57.050507  0.481549 0.775593 0.408125  0.480871 0.960673
chess_set_pieces_black
0  9.285705 3.078090 52.730099  0.946029 0.323971 -0.008502  0.473597 0.937466
0  8.501625 4.540455 53.165878  0.819488 0.535727 0.203560  0.470481 0.943729
0  8.554544 4.406490 55.447197  0.645023 0.751634 0.137807  0.477764 0.948565
chess_set_pieces_black
0  9.508455 3.131235 54.990044  0.894508 0.435346 -0.101638  0.479781 0.943062
0  9.285705 3.078090 52.730099  0.946029 0.323971 -0.008502  0.473597 0.937466
0  8.554544 4.406490 55.447197  0.645023 0.751634 0.137807  0.477764 0.948565
chess_set_pieces_black
0  9.285705 3.078090 52.730099  0.946029 0.323971 -0.008502  0.473597 0.937466
0  9.508455 3.131235 54.990044  0.894508 0.435346 -0.101638  0.479781 0.943062
0  9.628201 1.956555 54.933750  0.994560 0.006456 -0.103968  0.482366 0.940023
chess_set_pieces_black
0  9.628201 1.956555 54.933750  0.994560 0.006456 -0.103968  0.482366 0.940023
0  9.508455 3.131235 54.990044  0.894508 0.435346 -0.101638  0.479781 0.943062
0  9.787905 3.578175 57.131416  0.758644 0.628768 -0.170617  0.483736 0.947643
chess_set_pieces_black
0  9.994545 2.591010 57.166920  0.988272 0.071833 -0.134752  0.485443 0.945876
0  9.628201 1.956555 54.933750  0.994560 0.006456 -0.103968  0.482366 0.940023
0  9.787905 3.578175 57.131416  0.758644 0.628768 -0.170617  0.483736 0.947643
chess_set_pieces_black
0  9.994545 2.591010 57.166920  0.988272 0.071833 -0.134752  0.485443 0.945876
0  9.931680 1.753425 57.324059  0.964306 -0.261400 -0.042243  0.487319 0.944754
0  9.628201 1.956555 54.933750  0.994560 0.006456 -0.103968  0.482366 0.940023
chess_set_pieces_black
0  9.931680 1.753425 57.324059  0.964306 -0.261400 -0.042243  0.487319 0.944754
0  9.452520 0.859635 55.104256  0.974298 -0.224309 -0.020716  0.485590 0.937981
0  9.628201 1.956555 54.933750  0.994560 0.006456 -0.103968  0.482366 0.940023
chess_set_pieces_black
0  9.452520 0.859635 55.104256  0.974298 -0.224309 -0.020716  0.485590 0.937981
0  9.931680 1.753425 57.324059  0.964306 -0.261400 -0.042243  0.487319 0.944754
0  9.611145 1.012455 57.604324  0.877950 -0.471408 0.083540  0.489474 0.944187
chess_set_pieces_black
0  5.689620 5.596380 57.050507  0.481549 0.775593 0.408125  0.480871 0.960673
0  5.686740 5.136975 58.718475  -0.005256 0.983098 0.183006  0.486886 0.959521
0  8.554544 4.406490 55.447197  0.645023 0.751634 0.137807  0.477764 0.948565
chess_set_pieces_black
0  5.686740 5.136975 58.718475  -0.005256 0.983098 0.183006  0.486886 0.959521
0  8.518185 4.318560 57.493710  0.391081 0.919336 -0.043314  0.483704 0.951154
0  8.554544 4.406490 55.447197  0.645023 0.751634 0.137807  0.477764 0.948565
chess_set_pieces_black
0  8.554544 4.406490 55.447197  0.645023 0.751634 0.137807  0.477764 0.948565
0  8.518185 4.318560 57.493710  0.391081 0.919336 -0.043314  0.483704 0.951154
0  9.787905 3.578175 57.131416  0.758644 0.628768 -0.170617  0.483736 0.947643
chess_set_pieces_black
0  9.508455 3.131235 54.990044  0.894508 0.435346 -0.101638  0.479781 0.943062
0  8.554544 4.406490 55.447197  0.645023 0.751634 0.137807  0.477764 0.948565
0  9.787905 3.578175 57.131416  0.758644 0.628768 -0.170617  0.483736 0.947643
chess_set_pieces_black
0  2.286450 0.120600 60.308414  0.814374 -0.096954 0.572185  0.509752 0.961072
0  3.539970 0.219060 59.262257  0.360760 -0.167442 0.917505  0.505038 0.956209
0  3.518505 1.616580 59.242321  0.113265 0.091244 0.989366  0.501002 0.960111
chess_set_pieces_black
0  2.246625 1.588815 60.359669  0.787021 0.087741 0.610655  0.505613 0.965067
0  2.286450 0.120600 60.308414  0.814374 -0.096954 0.572185  0.509752 0.961072
0  3.518505 1.616580 59.242321  0.113265 0.091244 0.989366  0.501002 0.960111
chess_set_pieces_black
0  2.246625 1.588815 60.359669  0.787021 0.087741 0.610655  0.505613 0.965067
0  3.518505 1.616580 59.242321  0.113265 0.091244 0.989366  0.501002 0.960111
0  3.626955 2.802420 59.017498  -0.008030 0.397918 0.917386  0.496966 0.962717
chess_set_pieces_black
0  2.127645 2.909025 60.043995  0.767755 0.113897 0.630540  0.501394 0.968362
0  2.246625 1.588815 60.359669  0.787021 0.087741 0.610655  0.505613 0.965067
0  3.626955 2.802420 59.017498  -0.008030 0.397918 0.917386  0.496966 0.962717
chess_set_pieces_black
0  2.127645 2.909025 60.043995  0.767755 0.113897 0.630540  0.501394 0.968362
0  3.626955 2.802420 59.017498  -0.008030 0.397918 0.917386  0.496966 0.962717
0  3.972330 4.024485 58.584557  0.008529 0.637610 0.770312  0.491909 0.964229
chess_set_pieces_black
0  2.373930 4.199040 59.297085  0.742304 0.230831 0.629048  0.495649 0.970150
0  2.127645 2.909025 60.043995  0.767755 0.113897 0.630540  0.501394 0.968362
0  3.972330 4.024485 58.584557  0.008529 0.637610 0.770312  0.491909 0.964229
chess_set_pieces_black
0  2.373930 4.199040 59.297085  0.742304 0.230831 0.629048  0.495649 0.970150
0  3.972330 4.024485 58.584557  0.008529 0.637610 0.770312  0.491909 0.964229
0  4.412565 5.676435 57.536461  0.233978 0.613079 0.754579  0.483819 0.965533
chess_set_pieces_black
0  3.604140 5.693085 57.541950  0.430188 0.454534 0.779960  0.485068 0.968634
0  2.373930 4.199040 59.297085  0.742304 0.230831 0.629048  0.495649 0.970150
0  4.412565 5.676435 57.536461  0.233978 0.613079 0.754579  0.483819 0.965533
chess_set_pieces_black
0  3.604140 5.693085 57.541950  0.430188 0.454534 0.779960  0.485068 0.968634
0  4.412565 5.676435 57.536461  0.233978 0.613079 0.754579  0.483819 0.965533
0  4.007880 7.684560 56.724659  0.478914 0.462364 0.746231  0.476083 0.970875
chess_set_pieces_black
0  4.007880 7.684560 56.724659  0.478914 0.462364 0.746231  0.476083 0.970875
0  4.412565 5.676435 57.536461  0.233978 0.613079 0.754579  0.483819 0.965533
0  6.079725 7.000965 55.408909  0.738932 0.521976 0.426051  0.471736 0.960680
chess_set_pieces_black
0  4.007880 7.684560 56.724659  0.478914 0.462364 0.746231  0.476083 0.970875
0  6.079725 7.000965 55.408909  0.738932 0.521976 0.426051  0.471736 0.960680
0  6.197040 8.510445 53.642433  0.851287 0.422980 0.310480  0.461410 0.960983
chess_set_pieces_black
0  6.079725 7.000965 55.408909  0.738932 0.521976 0.426051  0.471736 0.960680
0  8.501625 4.540455 53.165878  0.819488 0.535727 0.203560  0.470481 0.943729
0  6.197040 8.510445 53.642433  0.851287 0.422980 0.310480  0.461410 0.960983
chess_set_pieces_black
0  8.501625 4.540455 53.165878  0.819488 0.535727 0.203560  0.470481 0.943729
0  8.429895 5.127975 51.082832  0.882309 0.425286 0.201649  0.462259 0.939860
0  6.197040 8.510445 53.642433  0.851287 0.422980 0.310480  0.461410 0.960983
chess_set_pieces_black
0  8.501625 4.540455 53.165878  0.819488 0.535727 0.203560  0.470481 0.943729
0  9.285705 3.078090 52.730099  0.946029 0.323971 -0.008502  0.473597 0.937466
0  8.429895 5.127975 51.082832  0.882309 0.425286 0.201649  0.462259 0.939860
chess_set_pieces_black
0  9.285705 3.078090 52.730099  0.946029 0.323971 -0.008502  0.473597 0.937466
0  9.254745 3.359700 50.557098  0.964253 0.254098 0.075164  0.466274 0.931957
0  8.429895 5.127975 51.082832  0.882309 0.425286 0.201649  0.462259 0.939860
chess_set_pieces_black
0  9.254745 3.359700 50.557098  0.964253 0.254098 0.075164  0.466274 0.931957
0  9.285705 3.078090 52.730099  0.946029 0.323971 -0.008502  0.473597 0.937466
0  9.470970 1.581660 52.626286  0.999297 0.036720 -0.007501  0.477635 0.932940
chess_set_pieces_black
0  9.538515 1.470825 50.340466  0.996840 0.068941 0.039450  0.471733 0.925573
0  9.254745 3.359700 50.557098  0.964253 0.254098 0.075164  0.466274 0.931957
0  9.470970 1.581660 52.626286  0.999297 0.036720 -0.007501  0.477635 0.932940
chess_set_pieces_black
0  9.538515 1.470825 50.340466  0.996840 0.068941 0.039450  0.471733 0.925573
0  9.470970 1.581660 52.626286  0.999297 0.036720 -0.007501  0.477635 0.932940
0  9.385245 0.164835 52.850250  0.988151 -0.137727 0.067747  0.482519 0.929995
chess_set_pieces_black
0  -6.363540 5.556105 62.458782  0.866774 0.311048 0.389811  0.932548 0.396664
0  -7.493535 5.586120 64.161270  0.714596 0.353758 0.603496  0.934887 0.404601
0  -6.338655 4.195035 62.918728  0.810413 -0.059372 0.582843  0.938554 0.396858
chess_set_pieces_black
0  -8.065440 5.334885 64.449089  0.221769 0.085256 0.971365  0.936802 0.406417
0  -7.796115 4.819005 64.247169  0.316627 -0.434748 0.843055  0.938074 0.404602
0  -7.493535 5.586120 64.161270  0.714596 0.353758 0.603496  0.934887 0.404601
chess_set_pieces_black
0  -7.796115 4.819005 64.247169  0.316627 -0.434748 0.843055  0.938074 0.404602
0  -8.065440 5.334885 64.449089  0.221769 0.085256 0.971365  0.936802 0.406417
0  -8.497169 4.627530 64.214592  -0.046119 -0.568446 0.821427  0.939853 0.406396
chess_set_pieces_black
0  -8.065440 5.334885 64.449089  0.221769 0.085256 0.971365  0.936802 0.406417
0  -8.553690 5.138325 64.417549  -0.102211 -0.220596 0.969995  0.938311 0.407559
0  -8.497169 4.627530 64.214592  -0.046119 -0.568446 0.821427  0.939853 0.406396
chess_set_pieces_black
0  -8.497169 4.627530 64.214592  -0.046119 -0.568446 0.821427  0.939853 0.406396
0  -8.553690 5.138325 64.417549  -0.102211 -0.220596 0.969995  0.938311 0.407559
0  -8.903790 5.369625 64.356750  -0.441023 0.063535 0.895244  0.938477 0.409090
chess_set_pieces_black
0  -8.903790 5.369625 64.356750  -0.441023 0.063535 0.895244  0.938477 0.409090
0  -8.553690 5.138325 64.417549  -0.102211 -0.220596 0.969995  0.938311 0.407559
0  -8.065440 5.334885 64.449089  0.221769 0.085256 0.971365  0.936802 0.406417
chess_set_pieces_black
0  -8.510941 5.903640 64.393066  -0.041806 0.583894 0.810753  0.935437 0.409452
0  -8.903790 5.369625 64.356750  -0.441023 0.063535 0.895244  0.938477 0.409090
0  -8.065440 5.334885 64.449089  0.221769 0.085256 0.971365  0.936802 0.406417
chess_set_pieces_black
0  -8.065440 5.334885 64.449089  0.221769 0.085256 0.971365  0.936802 0.406417
0  -7.493535 5.586120 64.161270  0.714596 0.353758 0.603496  0.934887 0.404601
0  -8.510941 5.903640 64.393066  -0.041806 0.583894 0.810753  0.935437 0.409452
chess_set_pieces_black
0  -7.493535 5.586120 64.161270  0.714596 0.353758 0.603496  0.934887 0.404601
0  -7.680735 6.301665 63.829575  0.360845 0.925548 0.114685  0.931431 0.405708
0  -8.510941 5.903640 64.393066  -0.041806 0.583894 0.810753  0.935437 0.409452
chess_set_pieces_black
0  -7.493535 5.586120 64.161270  0.714596 0.353758 0.603496  0.934887 0.404601
0  -6.363540 5.556105 62.458782  0.866774 0.311048 0.389811  0.932548 0.396664
0  -7.680735 6.301665 63.829575  0.360845 0.925548 0.114685  0.931431 0.405708
chess_set_pieces_black
0  -6.363540 5.556105 62.458782  0.866774 0.311048 0.389811  0.932548 0.396664
0  -6.687540 5.853600 62.098198  0.199843 0.947283 -0.250437  0.929961 0.396344
0  -7.680735 6.301665 63.829575  0.360845 0.925548 0.114685  0.931431 0.405708
chess_set_pieces_black
0  -6.687540 5.853600 62.098198  0.199843 0.947283 -0.250437  0.929961 0.396344
0  -6.363540 5.556105 62.458782  0.866774 0.311048 0.389811  0.932548 0.396664
0  -5.532615 4.793985 60.919559  0.876704 0.288703 0.384760  0.934220 0.388173
chess_set_pieces_black
0  -5.862870 5.216850 60.319527  0.086505 0.977096 -0.194424  0.930760 0.386527
0  -6.687540 5.853600 62.098198  0.199843 0.947283 -0.250437  0.929961 0.396344
0  -5.532615 4.793985 60.919559  0.876704 0.288703 0.384760  0.934220 0.388173
chess_set_pieces_black
0  -5.532615 4.793985 60.919559  0.876704 0.288703 0.384760  0.934220 0.388173
0  -4.651785 3.821490 59.722694  0.786098 0.331006 0.522001  0.938070 0.380600
0  -5.862870 5.216850 60.319527  0.086505 0.977096 -0.194424  0.930760 0.386527
chess_set_pieces_black
0  -4.651785 3.821490 59.722694  0.786098 0.331006 0.522001  0.938070 0.380600
0  -5.402160 5.033430 58.938122  -0.004585 0.980421 0.196858  0.930271 0.379430
0  -5.862870 5.216850 60.319527  0.086505 0.977096 -0.194424  0.930760 0.386527
chess_set_pieces_black
0  -9.667665 4.392135 59.290112  -0.545292 0.796593 -0.260951  0.958119 0.417453
0  -9.795015 3.592755 57.129795  -0.753117 0.634931 -0.172273  0.968635 0.417253
0  -10.022400 2.592450 57.162827  -0.987355 0.080807 -0.136385  0.970053 0.412760
chess_set_pieces_black
0  -10.271565 3.357810 59.488197  -0.948249 0.298113 -0.109329  0.959272 0.412355
0  -9.667665 4.392135 59.290112  -0.545292 0.796593 -0.260951  0.958119 0.417453
0  -10.022400 2.592450 57.162827  -0.987355 0.080807 -0.136385  0.970053 0.412760
chess_set_pieces_black
0  -10.022400 2.592450 57.162827  -0.987355 0.080807 -0.136385  0.970053 0.412760
0  -9.952920 1.751535 57.325592  -0.962875 -0.267170 -0.038635  0.970672 0.408891
0  -10.271565 3.357810 59.488197  -0.948249 0.298113 -0.109329  0.959272 0.412355
chess_set_pieces_black
0  -9.952920 1.751535 57.325592  -0.962875 -0.267170 -0.038635  0.970672 0.408891
0  -10.176750 2.651400 59.725933  -0.991572 -0.122794 0.041303  0.959506 0.409254
0  -10.271565 3.357810 59.488197  -0.948249 0.298113 -0.109329  0.959272 0.412355
chess_set_pieces_black
0  -9.952920 1.751535 57.325592  -0.962875 -0.267170 -0.038635  0.970672 0.408891
0  -9.625589 1.000710 57.610664  -0.857601 -0.501990 0.111918  0.970622 0.404927
0  -10.176750 2.651400 59.725933  -0.991572 -0.122794 0.041303  0.959506 0.409254
chess_set_pieces_black
0  -9.625589 1.000710 57.610664  -0.857601 -0.501990 0.111918  0.970622 0.404927
0  -9.873990 2.077875 59.954891  -0.856851 -0.457810 0.237098  0.959469 0.406355
0  -10.176750 2.651400 59.725933  -0.991572 -0.122794 0.041303  0.959506 0.409254
chess_set_pieces_black
0  -9.873990 2.077875 59.954891  -0.856851 -0.457810 0.237098  0.959469 0.406355
0  -9.625589 1.000710 57.610664  -0.857601 -0.501990 0.111918  0.970622 0.404927
0  -9.181396 1.473885 60.334244  -0.688079 -0.619468 0.377898  0.958604 0.402300
chess_set_pieces_black
0  -9.873990 2.077875 59.954891  -0.856851 -0.457810 0.237098  0.959469 0.406355
0  -9.181396 1.473885 60.334244  -0.688079 -0.619468 0.377898  0.958604 0.402300
0  -9.528345 3.504060 62.435432  -0.734220 -0.488337 0.471644  0.948083 0.407352
chess_set_pieces_black
0  -9.181396 1.473885 60.334244  -0.688079 -0.619468 0.377898  0.958604 0.402300
0  -8.373691 1.096470 60.754906  -0.467109 -0.714623 0.520695  0.956941 0.398477
0  -9.528345 3.504060 62.435432  -0.734220 -0.488337 0.471644  0.948083 0.407352
chess_set_pieces_black
0  -8.373691 1.096470 60.754906  -0.467109 -0.714623 0.520695  0.956941 0.398477
0  -8.849475 3.087315 62.745121  -0.470331 -0.638952 0.608711  0.947167 0.404287
0  -9.528345 3.504060 62.435432  -0.734220 -0.488337 0.471644  0.948083 0.407352
chess_set_pieces_black
0  -8.849475 3.087315 62.745121  -0.470331 -0.638952 0.608711  0.947167 0.404287
0  -8.373691 1.096470 60.754906  -0.467109 -0.714623 0.520695  0.956941 0.398477
0  -8.057025 2.989665 63.016201  -0.028262 -0.661051 0.749809  0.945453 0.401616
chess_set_pieces_black
0  -8.849475 3.087315 62.745121  -0.470331 -0.638952 0.608711  0.947167 0.404287
0  -8.057025 2.989665 63.016201  -0.028262 -0.661051 0.749809  0.945453 0.401616
0  -8.497169 4.627530 64.214592  -0.046119 -0.568446 0.821427  0.939853 0.406396
chess_set_pieces_black
0  -8.497169 4.627530 64.214592  -0.046119 -0.568446 0.821427  0.939853 0.406396
0  -8.057025 2.989665 63.016201  -0.028262 -0.661051 0.749809  0.945453 0.401616
0  -6.849945 3.484800 63.087391  0.342863 -0.529604 0.775864  0.941770 0.398263
chess_set_pieces_black
0  -7.796115 4.819005 64.247169  0.316627 -0.434748 0.843055  0.938074 0.404602
0  -8.497169 4.627530 64.214592  -0.046119 -0.568446 0.821427  0.939853 0.406396
0  -6.849945 3.484800 63.087391  0.342863 -0.529604 0.775864  0.941770 0.398263
chess_set_pieces_black
0  -6.849945 3.484800 63.087391  0.342863 -0.529604 0.775864  0.941770 0.398263
0  -6.338655 4.195035 62.918728  0.810413 -0.059372 0.582843  0.938554 0.396858
0  -7.796115 4.819005 64.247169  0.316627 -0.434748 0.843055  0.938074 0.404602
chess_set_pieces_black
0  -6.338655 4.195035 62.918728  0.810413 -0.059372 0.582843  0.938554 0.396858
0  -7.383600 5.062635 64.095436  0.713729 -0.028565 0.699839  0.936658 0.403416
0  -7.796115 4.819005 64.247169  0.316627 -0.434748 0.843055  0.938074 0.404602
chess_set_pieces_black
0  -7.493535 5.586120 64.161270  0.714596 0.353758 0.603496  0.934887 0.404601
0  -7.383600 5.062635 64.095436  0.713729 -0.028565 0.699839  0.936658 0.403416
0  -6.338655 4.195035 62.918728  0.810413 -0.059372 0.582843  0.938554 0.396858
chess_set_pieces_black
0  -7.796115 4.819005 64.247169  0.316627 -0.434748 0.843055  0.938074 0.404602
0  -7.383600 5.062635 64.095436  0.713729 -0.028565 0.699839  0.936658 0.403416
0  -7.493535 5.586120 64.161270  0.714596 0.353758 0.603496  0.934887 0.404601
chess_set_pieces_black
0  -8.373691 1.096470 60.754906  -0.467109 -0.714623 0.520695  0.956941 0.398477
0  -7.504110 1.045935 61.121117  -0.043770 -0.713765 0.699016  0.954587 0.395193
0  -8.057025 2.989665 63.016201  -0.028262 -0.661051 0.749809  0.945453 0.401616
chess_set_pieces_black
0  -6.849945 3.484800 63.087391  0.342863 -0.529604 0.775864  0.941770 0.398263
0  -8.057025 2.989665 63.016201  -0.028262 -0.661051 0.749809  0.945453 0.401616
0  -7.504110 1.045935 61.121117  -0.043770 -0.713765 0.699016  0.954587 0.395193
chess_set_pieces_black
0  -9.954180 4.725900 61.863209  -0.985171 0.075566 0.154040  0.948196 0.412877
0  -10.015380 4.030110 61.940880  -0.891267 -0.312102 0.328990  0.949413 0.410349
0  -9.528345 3.504060 62.435432  -0.734220 -0.488337 0.471644  0.948083 0.407352
chess_set_pieces_black
0  -10.015380 4.030110 61.940880  -0.891267 -0.312102 0.328990  0.949413 0.410349
0  -9.873990 2.077875 59.954891  -0.856851 -0.457810 0.237098  0.959469 0.406355
0  -9.528345 3.504060 62.435432  -0.734220 -0.488337 0.471644  0.948083 0.407352
chess_set_pieces_black
0  -10.176750 2.651400 59.725933  -0.991572 -0.122794 0.041303  0.959506 0.409254
0  -9.873990 2.077875 59.954891  -0.856851 -0.457810 0.237098  0.959469 0.406355
0  -10.015380 4.030110 61.940880  -0.891267 -0.312102 0.328990  0.949413 0.410349
chess_set_pieces_black
0  -9.954180 4.725900 61.863209  -0.985171 0.075566 0.154040  0.948196 0.412877
0  -10.176750 2.651400 59.725933  -0.991572 -0.122794 0.041303  0.959506 0.409254
0  -10.015380 4.030110 61.940880  -0.891267 -0.312102 0.328990  0.949413 0.410349
chess_set_pieces_black
0  -10.176750 2.651400 59.725933  -0.991572 -0.122794 0.041303  0.959506 0.409254
0  -9.954180 4.725900 61.863209  -0.985171 0.075566 0.154040  0.948196 0.412877
0  -10.271565 3.357810 59.488197  -0.948249 0.298113 -0.109329  0.959272 0.412355
chess_set_pieces_black
0  -9.954180 4.725900 61.863209  -0.985171 0.075566 0.154040  0.948196 0.412877
0  -9.577935 5.148270 61.612560  -0.851358 0.517263 -0.087344  0.947801 0.415438
0  -10.271565 3.357810 59.488197  -0.948249 0.298113 -0.109329  0.959272 0.412355
chess_set_pieces_black
0  -9.667665 4.392135 59.290112  -0.545292 0.796593 -0.260951  0.958119 0.417453
0  -10.271565 3.357810 59.488197  -0.948249 0.298113 -0.109329  0.959272 0.412355
0  -9.577935 5.148270 61.612560  -0.851358 0.517263 -0.087344  0.947801 0.415438
chess_set_pieces_black
0  -9.079785 5.355225 61.505772  -0.461967 0.828651 -0.316108  0.947083 0.417791
0  -9.667665 4.392135 59.290112  -0.545292 0.796593 -0.260951  0.958119 0.417453
0  -9.577935 5.148270 61.612560  -0.851358 0.517263 -0.087344  0.947801 0.415438
chess_set_pieces_black
0  -9.079785 5.355225 61.505772  -0.461967 0.828651 -0.316108  0.947083 0.417791
0  -9.577935 5.148270 61.612560  -0.851358 0.517263 -0.087344  0.947801 0.415438
0  -9.343980 5.735610 63.962326  -0.826072 0.540679 0.158967  0.939134 0.411559
chess_set_pieces_black
0  -8.979750 6.273225 63.811935  -0.520643 0.847309 -0.104873  0.937006 0.413515
0  -9.079785 5.355225 61.505772  -0.461967 0.828651 -0.316108  0.947083 0.417791
0  -9.343980 5.735610 63.962326  -0.826072 0.540679 0.158967  0.939134 0.411559
chess_set_pieces_black
0  -8.979750 6.273225 63.811935  -0.520643 0.847309 -0.104873  0.937006 0.413515
0  -9.343980 5.735610 63.962326  -0.826072 0.540679 0.158967  0.939134 0.411559
0  -8.903790 5.369625 64.356750  -0.441023 0.063535 0.895244  0.938477 0.409090
chess_set_pieces_black
0  -8.510941 5.903640 64.393066  -0.041806 0.583894 0.810753  0.935437 0.409452
0  -8.979750 6.273225 63.811935  -0.520643 0.847309 -0.104873  0.937006 0.413515
0  -8.903790 5.369625 64.356750  -0.441023 0.063535 0.895244  0.938477 0.409090
chess_set_pieces_black
0  -9.426150 5.119605 63.882359  -0.890978 -0.129172 0.435285  0.940901 0.410084
0  -9.954180 4.725900 61.863209  -0.985171 0.075566 0.154040  0.948196 0.412877
0  -9.528345 3.504060 62.435432  -0.734220 -0.488337 0.471644  0.948083 0.407352
chess_set_pieces_black
0  -9.528345 3.504060 62.435432  -0.734220 -0.488337 0.471644  0.948083 0.407352
0  -8.849475 3.087315 62.745121  -0.470331 -0.638952 0.608711  0.947167 0.404287
0  -9.426150 5.119605 63.882359  -0.890978 -0.129172 0.435285  0.940901 0.410084
chess_set_pieces_black
0  -8.849475 3.087315 62.745121  -0.470331 -0.638952 0.608711  0.947167 0.404287
0  -8.962065 4.767840 64.127701  -0.502719 -0.509259 0.698519  0.940437 0.407979
0  -9.426150 5.119605 63.882359  -0.890978 -0.129172 0.435285  0.940901 0.410084
chess_set_pieces_black
0  -8.962065 4.767840 64.127701  -0.502719 -0.509259 0.698519  0.940437 0.407979
0  -8.849475 3.087315 62.745121  -0.470331 -0.638952 0.608711  0.947167 0.404287
0  -8.497169 4.627530 64.214592  -0.046119 -0.568446 0.821427  0.939853 0.406396
chess_set_pieces_black
0  -8.962065 4.767840 64.127701  -0.502719 -0.509259 0.698519  0.940437 0.407979
0  -8.497169 4.627530 64.214592  -0.046119 -0.568446 0.821427  0.939853 0.406396
0  -8.903790 5.369625 64.356750  -0.441023 0.063535 0.895244  0.938477 0.409090
chess_set_pieces_black
0  -8.903790 5.369625 64.356750  -0.441023 0.063535 0.895244  0.938477 0.409090
0  -9.343980 5.735610 63.962326  -0.826072 0.540679 0.158967  0.939134 0.411559
0  -8.962065 4.767840 64.127701  -0.502719 -0.509259 0.698519  0.940437 0.407979
chess_set_pieces_black
0  -9.343980 5.735610 63.962326  -0.826072 0.540679 0.158967  0.939134 0.411559
0  -9.426150 5.119605 63.882359  -0.890978 -0.129172 0.435285  0.940901 0.410084
0  -8.962065 4.767840 64.127701  -0.502719 -0.509259 0.698519  0.940437 0.407979
chess_set_pieces_black
0  -9.426150 5.119605 63.882359  -0.890978 -0.129172 0.435285  0.940901 0.410084
0  -9.343980 5.735610 63.962326  -0.826072 0.540679 0.158967  0.939134 0.411559
0  -9.954180 4.725900 61.863209  -0.985171 0.075566 0.154040  0.948196 0.412877
chess_set_pieces_black
0  -9.343980 5.735610 63.962326  -0.826072 0.540679 0.158967  0.939134 0.411559
0  -9.577935 5.148270 61.612560  -0.851358 0.517263 -0.087344  0.947801 0.415438
0  -9.954180 4.725900 61.863209  -0.985171 0.075566 0.154040  0.948196 0.412877
chess_set_pieces_black
0  -9.625589 1.000710 57.610664  -0.857601 -0.501990 0.111918  0.970622 0.404927
0  -8.893351 0.161280 58.182838  -0.720817 -0.637858 0.271220  0.969352 0.399220
0  -9.181396 1.473885 60.334244  -0.688079 -0.619468 0.377898  0.958604 0.402300
chess_set_pieces_black
0  -9.181396 1.473885 60.334244  -0.688079 -0.619468 0.377898  0.958604 0.402300
0  -8.893351 0.161280 58.182838  -0.720817 -0.637858 0.271220  0.969352 0.399220
0  -7.915365 -0.365175 58.899506  -0.502752 -0.729882 0.463155  0.966559 0.393631
chess_set_pieces_black
0  -8.373691 1.096470 60.754906  -0.467109 -0.714623 0.520695  0.956941 0.398477
0  -9.181396 1.473885 60.334244  -0.688079 -0.619468 0.377898  0.958604 0.402300
0  -7.915365 -0.365175 58.899506  -0.502752 -0.729882 0.463155  0.966559 0.393631
chess_set_pieces_black
0  -8.373691 1.096470 60.754906  -0.467109 -0.714623 0.520695  0.956941 0.398477
0  -7.915365 -0.365175 58.899506  -0.502752 -0.729882 0.463155  0.966559 0.393631
0  -6.747525 -0.453285 59.576534  -0.131270 -0.704160 0.697801  0.962559 0.388533
chess_set_pieces_black
0  -7.504110 1.045935 61.121117  -0.043770 -0.713765 0.699016  0.954587 0.395193
0  -8.373691 1.096470 60.754906  -0.467109 -0.714623 0.520695  0.956941 0.398477
0  -6.747525 -0.453285 59.576534  -0.131270 -0.704160 0.697801  0.962559 0.388533
chess_set_pieces_black
0  -7.504110 1.045935 61.121117  -0.043770 -0.713765 0.699016  0.954587 0.395193
0  -6.747525 -0.453285 59.576534  -0.131270 -0.704160 0.697801  0.962559 0.388533
0  -6.139215 1.611000 61.389584  0.346744 -0.555691 0.755629  0.949699 0.390607
chess_set_pieces_black
0  -6.139215 1.611000 61.389584  0.346744 -0.555691 0.755629  0.949699 0.390607
0  -6.849945 3.484800 63.087391  0.342863 -0.529604 0.775864  0.941770 0.398263
0  -7.504110 1.045935 61.121117  -0.043770 -0.713765 0.699016  0.954587 0.395193
chess_set_pieces_black
0  -6.338655 4.195035 62.918728  0.810413 -0.059372 0.582843  0.938554 0.396858
0  -6.849945 3.484800 63.087391  0.342863 -0.529604 0.775864  0.941770 0.398263
0  -6.139215 1.611000 61.389584  0.346744 -0.555691 0.755629  0.949699 0.390607
chess_set_pieces_black
0  -5.539230 2.412000 61.360924  0.802062 -0.068262 0.593327  0.945545 0.388825
0  -6.338655 4.195035 62.918728  0.810413 -0.059372 0.582843  0.938554 0.396858
0  -6.139215 1.611000 61.389584  0.346744 -0.555691 0.755629  0.949699 0.390607
chess_set_pieces_black
0  -6.363540 5.556105 62.458782  0.866774 0.311048 0.389811  0.932548 0.396664
0  -6.338655 4.195035 62.918728  0.810413 -0.059372 0.582843  0.938554 0.396858
0  -5.539230 2.412000 61.360924  0.802062 -0.068262 0.593327  0.945545 0.388825
chess_set_pieces_black
0  -5.532615 4.793985 60.919559  0.876704 0.288703 0.384760  0.934220 0.388173
0  -6.363540 5.556105 62.458782  0.866774 0.311048 0.389811  0.932548 0.396664
0  -5.539230 2.412000 61.360924  0.802062 -0.068262 0.593327  0.945545 0.388825
chess_set_pieces_black
0  -4.651785 3.821490 59.722694  0.786098 0.331006 0.522001  0.938070 0.380600
0  -5.532615 4.793985 60.919559  0.876704 0.288703 0.384760  0.934220 0.388173
0  -5.539230 2.412000 61.360924  0.802062 -0.068262 0.593327  0.945545 0.388825
chess_set_pieces_black
0  -4.404555 1.747665 59.949856  0.702668 -0.026364 0.711030  0.948366 0.380192
0  -4.651785 3.821490 59.722694  0.786098 0.331006 0.522001  0.938070 0.380600
0  -5.539230 2.412000 61.360924  0.802062 -0.068262 0.593327  0.945545 0.388825
chess_set_pieces_black
0  -5.539230 2.412000 61.360924  0.802062 -0.068262 0.593327  0.945545 0.388825
0  -6.139215 1.611000 61.389584  0.346744 -0.555691 0.755629  0.949699 0.390607
0  -4.404555 1.747665 59.949856  0.702668 -0.026364 0.711030  0.948366 0.380192
chess_set_pieces_black
0  -6.139215 1.611000 61.389584  0.346744 -0.555691 0.755629  0.949699 0.390607
0  -4.970205 0.164700 59.876595  0.229239 -0.496733 0.837082  0.956375 0.381727
0  -4.404555 1.747665 59.949856  0.702668 -0.026364 0.711030  0.948366 0.380192
chess_set_pieces_black
0  -6.747525 -0.453285 59.576534  -0.131270 -0.704160 0.697801  0.962559 0.388533
0  -4.970205 0.164700 59.876595  0.229239 -0.496733 0.837082  0.956375 0.381727
0  -6.139215 1.611000 61.389584  0.346744 -0.555691 0.755629  0.949699 0.390607
chess_set_pieces_black
0  -4.125780 17.832781 36.435692  -0.804252 0.230875 -0.547609  0.574250 0.235139
0  -3.250440 18.789660 36.081181  -0.598899 0.496081 -0.628668  0.578327 0.236086
0  -3.427560 16.608376 35.651924  -0.649535 -0.062674 -0.757744  0.574841 0.229588
chess_set_pieces_black
0  -2.167920 20.024010 36.870975  -0.480103 0.817895 -0.317096  0.582170 0.239899
0  -1.833210 20.509741 37.991207  -0.612747 0.790254 -0.006327  0.583448 0.243467
0  -1.096515 20.266741 36.510841  -0.209610 0.853366 -0.477314  0.585417 0.239022
chess_set_pieces_black
0  -2.167920 20.024010 36.870975  -0.480103 0.817895 -0.317096  0.582170 0.239899
0  -1.096515 20.266741 36.510841  -0.209610 0.853366 -0.477314  0.585417 0.239022
0  -2.057805 19.325699 35.684910  -0.384816 0.624931 -0.679248  0.582268 0.235920
chess_set_pieces_black
0  -3.272625 19.422136 37.037834  -0.593941 0.780364 -0.195618  0.578411 0.239502
0  -2.167920 20.024010 36.870975  -0.480103 0.817895 -0.317096  0.582170 0.239899
0  -2.057805 19.325699 35.684910  -0.384816 0.624931 -0.679248  0.582268 0.235920
chess_set_pieces_black
0  -3.250440 18.789660 36.081181  -0.598899 0.496081 -0.628668  0.578327 0.236086
0  -3.272625 19.422136 37.037834  -0.593941 0.780364 -0.195618  0.578411 0.239502
0  -2.057805 19.325699 35.684910  -0.384816 0.624931 -0.679248  0.582268 0.235920
chess_set_pieces_black
0  -4.160115 18.758970 37.313461  -0.745664 0.639972 -0.185526  0.574811 0.239312
0  -3.272625 19.422136 37.037834  -0.593941 0.780364 -0.195618  0.578411 0.239502
0  -3.250440 18.789660 36.081181  -0.598899 0.496081 -0.628668  0.578327 0.236086
chess_set_pieces_black
0  -4.125780 17.832781 36.435692  -0.804252 0.230875 -0.547609  0.574250 0.235139
0  -4.160115 18.758970 37.313461  -0.745664 0.639972 -0.185526  0.574811 0.239312
0  -3.250440 18.789660 36.081181  -0.598899 0.496081 -0.628668  0.578327 0.236086
chess_set_pieces_black
0  -4.833540 17.718164 38.318310  -0.945111 0.318235 -0.074101  0.569062 0.240783
0  -4.160115 18.758970 37.313461  -0.745664 0.639972 -0.185526  0.574811 0.239312
0  -4.125780 17.832781 36.435692  -0.804252 0.230875 -0.547609  0.574250 0.235139
chess_set_pieces_black
0  -4.611780 16.938856 37.081348  -0.914492 -0.024030 -0.403889  0.569713 0.234727
0  -4.833540 17.718164 38.318310  -0.945111 0.318235 -0.074101  0.569062 0.240783
0  -4.125780 17.832781 36.435692  -0.804252 0.230875 -0.547609  0.574250 0.235139
chess_set_pieces_black
0  -4.611780 16.938856 37.081348  -0.914492 -0.024030 -0.403889  0.569713 0.234727
0  -4.125780 17.832781 36.435692  -0.804252 0.230875 -0.547609  0.574250 0.235139
0  -3.667365 15.944309 36.123974  -0.702938 -0.281590 -0.653135  0.571768 0.228191
chess_set_pieces_black
0  -4.125780 17.832781 36.435692  -0.804252 0.230875 -0.547609  0.574250 0.235139
0  -3.427560 16.608376 35.651924  -0.649535 -0.062674 -0.757744  0.574841 0.229588
0  -3.667365 15.944309 36.123974  -0.702938 -0.281590 -0.653135  0.571768 0.228191
chess_set_pieces_black
0  -3.667365 15.944309 36.123974  -0.702938 -0.281590 -0.653135  0.571768 0.228191
0  -3.427560 16.608376 35.651924  -0.649535 -0.062674 -0.757744  0.574841 0.229588
0  -2.419470 16.410284 35.097794  -0.432057 -0.237613 -0.869981  0.578337 0.227181
chess_set_pieces_black
0  -2.419470 16.410284 35.097794  -0.432057 -0.237613 -0.869981  0.578337 0.227181
0  -3.427560 16.608376 35.651924  -0.649535 -0.062674 -0.757744  0.574841 0.229588
0  -2.210715 17.907885 34.878914  -0.409318 0.219557 -0.885581  0.580975 0.231406
chess_set_pieces_black
0  -2.210715 17.907885 34.878914  -0.409318 0.219557 -0.885581  0.580975 0.231406
0  -1.371105 17.673029 34.492725  -0.219921 0.188266 -0.957178  0.583310 0.229850
0  -2.419470 16.410284 35.097794  -0.432057 -0.237613 -0.869981  0.578337 0.227181
chess_set_pieces_black
0  -1.090935 19.434015 35.473637  -0.183863 0.622528 -0.760693  0.584987 0.235348
0  -1.371105 17.673029 34.492725  -0.219921 0.188266 -0.957178  0.583310 0.229850
0  -2.210715 17.907885 34.878914  -0.409318 0.219557 -0.885581  0.580975 0.231406
chess_set_pieces_black
0  0.003060 17.552700 34.244911  0.009084 0.171782 -0.985093  0.587190 0.228633
0  -1.371105 17.673029 34.492725  -0.219921 0.188266 -0.957178  0.583310 0.229850
0  -1.090935 19.434015 35.473637  -0.183863 0.622528 -0.760693  0.584987 0.235348
chess_set_pieces_black
0  0.027495 19.498499 35.338947  0.007610 0.609641 -0.792641  0.588042 0.234796
0  0.003060 17.552700 34.244911  0.009084 0.171782 -0.985093  0.587190 0.228633
0  -1.090935 19.434015 35.473637  -0.183863 0.622528 -0.760693  0.584987 0.235348
chess_set_pieces_black
0  0.003060 17.552700 34.244911  0.009084 0.171782 -0.985093  0.587190 0.228633
0  0.027495 19.498499 35.338947  0.007610 0.609641 -0.792641  0.588042 0.234796
0  1.363410 17.651924 34.511536  0.237850 0.182331 -0.954035  0.591234 0.228800
chess_set_pieces_black
0  0.027495 19.498499 35.338947  0.007610 0.609641 -0.792641  0.588042 0.234796
0  1.093320 19.435905 35.491634  0.199197 0.617238 -0.761142  0.591006 0.234616
0  1.363410 17.651924 34.511536  0.237850 0.182331 -0.954035  0.591234 0.228800
chess_set_pieces_black
0  -1.090935 19.434015 35.473637  -0.183863 0.622528 -0.760693  0.584987 0.235348
0  -1.096515 20.266741 36.510841  -0.209610 0.853366 -0.477314  0.585417 0.239022
0  0.027495 19.498499 35.338947  0.007610 0.609641 -0.792641  0.588042 0.234796
chess_set_pieces_black
0  -1.096515 20.266741 36.510841  -0.209610 0.853366 -0.477314  0.585417 0.239022
0  -1.090935 19.434015 35.473637  -0.183863 0.622528 -0.760693  0.584987 0.235348
0  -2.057805 19.325699 35.684910  -0.384816 0.624931 -0.679248  0.582268 0.235920
chess_set_pieces_black
0  -2.057805 19.325699 35.684910  -0.384816 0.624931 -0.679248  0.582268 0.235920
0  -1.090935 19.434015 35.473637  -0.183863 0.622528 -0.760693  0.584987 0.235348
0  -2.210715 17.907885 34.878914  -0.409318 0.219557 -0.885581  0.580975 0.231406
chess_set_pieces_black
0  -2.057805 19.325699 35.684910  -0.384816 0.624931 -0.679248  0.582268 0.235920
0  -2.210715 17.907885 34.878914  -0.409318 0.219557 -0.885581  0.580975 0.231406
0  -3.250440 18.789660 36.081181  -0.598899 0.496081 -0.628668  0.578327 0.236086
chess_set_pieces_black
0  -2.210715 17.907885 34.878914  -0.409318 0.219557 -0.885581  0.580975 0.231406
0  -3.083310 17.704350 35.351822  -0.571858 0.217601 -0.790966  0.577997 0.232123
0  -3.250440 18.789660 36.081181  -0.598899 0.496081 -0.628668  0.578327 0.236086
chess_set_pieces_black
0  -3.250440 18.789660 36.081181  -0.598899 0.496081 -0.628668  0.578327 0.236086
0  -3.083310 17.704350 35.351822  -0.571858 0.217601 -0.790966  0.577997 0.232123
0  -3.427560 16.608376 35.651924  -0.649535 -0.062674 -0.757744  0.574841 0.229588
chess_set_pieces_black
0  -3.427560 16.608376 35.651924  -0.649535 -0.062674 -0.757744  0.574841 0.229588
0  -3.083310 17.704350 35.351822  -0.571858 0.217601 -0.790966  0.577997 0.232123
0  -2.210715 17.907885 34.878914  -0.409318 0.219557 -0.885581  0.580975 0.231406
chess_set_pieces_black
0  -1.833210 20.509741 37.991207  -0.612747 0.790254 -0.006327  0.583448 0.243467
0  -2.167920 20.024010 36.870975  -0.480103 0.817895 -0.317096  0.582170 0.239899
0  -3.272625 19.422136 37.037834  -0.593941 0.780364 -0.195618  0.578411 0.239502
chess_set_pieces_black
0  -2.798145 19.280701 38.182861  -0.588483 0.804722 0.078163  0.578494 0.243427
0  -1.833210 20.509741 37.991207  -0.612747 0.790254 -0.006327  0.583448 0.243467
0  -3.272625 19.422136 37.037834  -0.593941 0.780364 -0.195618  0.578411 0.239502
chess_set_pieces_black
0  -2.798145 19.280701 38.182861  -0.588483 0.804722 0.078163  0.578494 0.243427
0  -3.272625 19.422136 37.037834  -0.593941 0.780364 -0.195618  0.578411 0.239502
0  -4.160115 18.758970 37.313461  -0.745664 0.639972 -0.185526  0.574811 0.239312
chess_set_pieces_black
0  -3.450780 19.091249 38.824333  -0.529730 0.848118 -0.009077  0.575640 0.245119
0  -2.798145 19.280701 38.182861  -0.588483 0.804722 0.078163  0.578494 0.243427
0  -4.160115 18.758970 37.313461  -0.745664 0.639972 -0.185526  0.574811 0.239312
chess_set_pieces_black
0  -3.450780 19.091249 38.824333  -0.529730 0.848118 -0.009077  0.575640 0.245119
0  -4.160115 18.758970 37.313461  -0.745664 0.639972 -0.185526  0.574811 0.239312
0  -4.833540 17.718164 38.318310  -0.945111 0.318235 -0.074101  0.569062 0.240783
chess_set_pieces_black
0  -3.450780 19.091249 38.824333  -0.529730 0.848118 -0.009077  0.575640 0.245119
0  -3.029580 19.337940 39.683926  -0.520333 0.848687 -0.094783  0.577088 0.248736
0  -2.798145 19.280701 38.182861  -0.588483 0.804722 0.078163  0.578494 0.243427
chess_set_pieces_black
0  1.093320 19.435905 35.491634  0.199197 0.617238 -0.761142  0.591006 0.234616
0  2.076075 19.313820 35.732388  0.386419 0.617142 -0.685431  0.593855 0.234509
0  1.363410 17.651924 34.511536  0.237850 0.182331 -0.954035  0.591234 0.228800
chess_set_pieces_black
0  2.076075 19.313820 35.732388  0.386419 0.617142 -0.685431  0.593855 0.234509
0  2.205675 17.887186 34.896870  0.415046 0.212994 -0.884517  0.593903 0.229731
0  1.363410 17.651924 34.511536  0.237850 0.182331 -0.954035  0.591234 0.228800
chess_set_pieces_black
0  1.363410 17.651924 34.511536  0.237850 0.182331 -0.954035  0.591234 0.228800
0  2.205675 17.887186 34.896870  0.415046 0.212994 -0.884517  0.593903 0.229731
0  1.398150 16.024366 34.844357  0.263056 -0.304757 -0.915382  0.591689 0.223339
chess_set_pieces_black
0  0.003060 17.552700 34.244911  0.009084 0.171782 -0.985093  0.587190 0.228633
0  1.363410 17.651924 34.511536  0.237850 0.182331 -0.954035  0.591234 0.228800
0  1.398150 16.024366 34.844357  0.263056 -0.304757 -0.915382  0.591689 0.223339
chess_set_pieces_black
0  0.000720 15.886170 34.656120  0.008927 -0.328247 -0.944550  0.586512 0.223195
0  0.003060 17.552700 34.244911  0.009084 0.171782 -0.985093  0.587190 0.228633
0  1.398150 16.024366 34.844357  0.263056 -0.304757 -0.915382  0.591689 0.223339
chess_set_pieces_black
0  0.003060 17.552700 34.244911  0.009084 0.171782 -0.985093  0.587190 0.228633
0  0.000720 15.886170 34.656120  0.008927 -0.328247 -0.944550  0.586512 0.223195
0  -1.371105 17.673029 34.492725  -0.219921 0.188266 -0.957178  0.583310 0.229850
chess_set_pieces_black
0  0.000720 15.886170 34.656120  0.008927 -0.328247 -0.944550  0.586512 0.223195
0  -1.402425 16.043131 34.809345  -0.246574 -0.298347 -0.922058  0.581558 0.224692
0  -1.371105 17.673029 34.492725  -0.219921 0.188266 -0.957178  0.583310 0.229850
chess_set_pieces_black
0  -1.371105 17.673029 34.492725  -0.219921 0.188266 -0.957178  0.583310 0.229850
0  -1.402425 16.043131 34.809345  -0.246574 -0.298347 -0.922058  0.581558 0.224692
0  -2.419470 16.410284 35.097794  -0.432057 -0.237613 -0.869981  0.578337 0.227181
chess_set_pieces_black
0  -2.419470 16.410284 35.097794  -0.432057 -0.237613 -0.869981  0.578337 0.227181
0  -1.402425 16.043131 34.809345  -0.246574 -0.298347 -0.922058  0.581558 0.224692
0  -2.507265 15.436755 35.592346  -0.440140 -0.440637 -0.782378  0.575630 0.223625
chess_set_pieces_black
0  -2.507265 15.436755 35.592346  -0.440140 -0.440637 -0.782378  0.575630 0.223625
0  -3.667365 15.944309 36.123974  -0.702938 -0.281590 -0.653135  0.571768 0.228191
0  -2.419470 16.410284 35.097794  -0.432057 -0.237613 -0.869981  0.578337 0.227181
chess_set_pieces_black
0  -2.114055 20.107845 39.162464  -0.641565 0.766963 0.012731  0.581699 0.247225
0  -1.184130 20.775150 39.474678  -0.293232 0.950567 0.102158  0.585669 0.248227
0  -1.833210 20.509741 37.991207  -0.612747 0.790254 -0.006327  0.583448 0.243467
chess_set_pieces_black
0  -1.833210 20.509741 37.991207  -0.612747 0.790254 -0.006327  0.583448 0.243467
0  -2.798145 19.280701 38.182861  -0.588483 0.804722 0.078163  0.578494 0.243427
0  -2.114055 20.107845 39.162464  -0.641565 0.766963 0.012731  0.581699 0.247225
chess_set_pieces_black
0  -2.798145 19.280701 38.182861  -0.588483 0.804722 0.078163  0.578494 0.243427
0  -2.574315 19.389780 39.151619  -0.668001 0.741711 -0.060322  0.578747 0.246695
0  -2.114055 20.107845 39.162464  -0.641565 0.766963 0.012731  0.581699 0.247225
chess_set_pieces_black
0  -3.029580 19.337940 39.683926  -0.520333 0.848687 -0.094783  0.577088 0.248736
0  -2.574315 19.389780 39.151619  -0.668001 0.741711 -0.060322  0.578747 0.246695
0  -2.798145 19.280701 38.182861  -0.588483 0.804722 0.078163  0.578494 0.243427
chess_set_pieces_black
0  -2.114055 20.107845 39.162464  -0.641565 0.766963 0.012731  0.581699 0.247225
0  -2.574315 19.389780 39.151619  -0.668001 0.741711 -0.060322  0.578747 0.246695
0  -3.029580 19.337940 39.683926  -0.520333 0.848687 -0.094783  0.577088 0.248736
chess_set_pieces_black
0  0.007155 15.046695 35.185230  0.017503 -0.535425 -0.844401  0.586075 0.219319
0  0.000720 15.886170 34.656120  0.008927 -0.328247 -0.944550  0.586512 0.223195
0  1.329570 15.157800 35.325947  0.240362 -0.512075 -0.824624  0.591893 0.219283
chess_set_pieces_black
0  0.000720 15.886170 34.656120  0.008927 -0.328247 -0.944550  0.586512 0.223195
0  1.398150 16.024366 34.844357  0.263056 -0.304757 -0.915382  0.591689 0.223339
0  1.329570 15.157800 35.325947  0.240362 -0.512075 -0.824624  0.591893 0.219283
chess_set_pieces_black
0  1.398150 16.024366 34.844357  0.263056 -0.304757 -0.915382  0.591689 0.223339
0  2.416230 16.385670 35.151524  0.438466 -0.250025 -0.863270  0.595485 0.224930
0  1.329570 15.157800 35.325947  0.240362 -0.512075 -0.824624  0.591893 0.219283
chess_set_pieces_black
0  2.205675 17.887186 34.896870  0.415046 0.212994 -0.884517  0.593903 0.229731
0  2.416230 16.385670 35.151524  0.438466 -0.250025 -0.863270  0.595485 0.224930
0  1.398150 16.024366 34.844357  0.263056 -0.304757 -0.915382  0.591689 0.223339
chess_set_pieces_black
0  2.416230 16.385670 35.151524  0.438466 -0.250025 -0.863270  0.595485 0.224930
0  2.205675 17.887186 34.896870  0.415046 0.212994 -0.884517  0.593903 0.229731
0  3.063465 17.688284 35.371304  0.576095 0.205593 -0.791104  0.596944 0.229700
chess_set_pieces_black
0  2.205675 17.887186 34.896870  0.415046 0.212994 -0.884517  0.593903 0.229731
0  2.076075 19.313820 35.732388  0.386419 0.617142 -0.685431  0.593855 0.234509
0  3.063465 17.688284 35.371304  0.576095 0.205593 -0.791104  0.596944 0.229700
chess_set_pieces_black
0  2.076075 19.313820 35.732388  0.386419 0.617142 -0.685431  0.593855 0.234509
0  3.215655 18.790335 36.088650  0.618216 0.487928 -0.616227  0.597526 0.233655
0  3.063465 17.688284 35.371304  0.576095 0.205593 -0.791104  0.596944 0.229700
chess_set_pieces_black
0  3.215655 18.790335 36.088650  0.618216 0.487928 -0.616227  0.597526 0.233655
0  2.076075 19.313820 35.732388  0.386419 0.617142 -0.685431  0.593855 0.234509
0  2.165175 20.000250 36.835247  0.497224 0.820128 -0.283122  0.594794 0.238131
chess_set_pieces_black
0  2.165175 20.000250 36.835247  0.497224 0.820128 -0.283122  0.594794 0.238131
0  2.076075 19.313820 35.732388  0.386419 0.617142 -0.685431  0.593855 0.234509
0  1.093320 19.435905 35.491634  0.199197 0.617238 -0.761142  0.591006 0.234616
chess_set_pieces_black
0  1.103805 20.260305 36.524567  0.267131 0.858498 -0.437746  0.591530 0.238252
0  2.165175 20.000250 36.835247  0.497224 0.820128 -0.283122  0.594794 0.238131
0  1.093320 19.435905 35.491634  0.199197 0.617238 -0.761142  0.591006 0.234616
chess_set_pieces_black
0  1.103805 20.260305 36.524567  0.267131 0.858498 -0.437746  0.591530 0.238252
0  1.093320 19.435905 35.491634  0.199197 0.617238 -0.761142  0.591006 0.234616
0  0.009540 20.358540 36.439156  0.004107 0.868335 -0.495961  0.588484 0.238597
chess_set_pieces_black
0  1.103805 20.260305 36.524567  0.267131 0.858498 -0.437746  0.591530 0.238252
0  0.009540 20.358540 36.439156  0.004107 0.868335 -0.495961  0.588484 0.238597
0  1.213470 20.801521 37.870831  0.339783 0.930303 -0.138144  0.592530 0.242259
chess_set_pieces_black
0  0.009540 20.358540 36.439156  0.004107 0.868335 -0.495961  0.588484 0.238597
0  -0.000765 20.954880 37.880863  0.004090 0.985099 -0.171939  0.589036 0.242981
0  1.213470 20.801521 37.870831  0.339783 0.930303 -0.138144  0.592530 0.242259
chess_set_pieces_black
0  1.213470 20.801521 37.870831  0.339783 0.930303 -0.138144  0.592530 0.242259
0  -0.000765 20.954880 37.880863  0.004090 0.985099 -0.171939  0.589036 0.242981
0  0.006930 20.916405 39.517109  0.004411 0.992676 0.120730  0.589702 0.247956
chess_set_pieces_black
0  -1.184130 20.775150 39.474678  -0.293232 0.950567 0.102158  0.585669 0.248227
0  0.006930 20.916405 39.517109  0.004411 0.992676 0.120730  0.589702 0.247956
0  -0.000765 20.954880 37.880863  0.004090 0.985099 -0.171939  0.589036 0.242981
chess_set_pieces_black
0  -1.193805 20.816956 37.891487  -0.260907 0.953195 -0.152794  0.585561 0.243247
0  -1.184130 20.775150 39.474678  -0.293232 0.950567 0.102158  0.585669 0.248227
0  -0.000765 20.954880 37.880863  0.004090 0.985099 -0.171939  0.589036 0.242981
chess_set_pieces_black
0  -1.184130 20.775150 39.474678  -0.293232 0.950567 0.102158  0.585669 0.248227
0  -1.193805 20.816956 37.891487  -0.260907 0.953195 -0.152794  0.585561 0.243247
0  -1.833210 20.509741 37.991207  -0.612747 0.790254 -0.006327  0.583448 0.243467
chess_set_pieces_black
0  -1.833210 20.509741 37.991207  -0.612747 0.790254 -0.006327  0.583448 0.243467
0  -1.193805 20.816956 37.891487  -0.260907 0.953195 -0.152794  0.585561 0.243247
0  -1.096515 20.266741 36.510841  -0.209610 0.853366 -0.477314  0.585417 0.239022
chess_set_pieces_black
0  -1.096515 20.266741 36.510841  -0.209610 0.853366 -0.477314  0.585417 0.239022
0  -1.193805 20.816956 37.891487  -0.260907 0.953195 -0.152794  0.585561 0.243247
0  -0.000765 20.954880 37.880863  0.004090 0.985099 -0.171939  0.589036 0.242981
chess_set_pieces_black
0  0.009540 20.358540 36.439156  0.004107 0.868335 -0.495961  0.588484 0.238597
0  -1.096515 20.266741 36.510841  -0.209610 0.853366 -0.477314  0.585417 0.239022
0  -0.000765 20.954880 37.880863  0.004090 0.985099 -0.171939  0.589036 0.242981
chess_set_pieces_black
0  -1.096515 20.266741 36.510841  -0.209610 0.853366 -0.477314  0.585417 0.239022
0  0.009540 20.358540 36.439156  0.004107 0.868335 -0.495961  0.588484 0.238597
0  0.027495 19.498499 35.338947  0.007610 0.609641 -0.792641  0.588042 0.234796
chess_set_pieces_black
0  1.093320 19.435905 35.491634  0.199197 0.617238 -0.761142  0.591006 0.234616
0  0.027495 19.498499 35.338947  0.007610 0.609641 -0.792641  0.588042 0.234796
0  0.009540 20.358540 36.439156  0.004107 0.868335 -0.495961  0.588484 0.238597
chess_set_pieces_black
0  2.416230 16.385670 35.151524  0.438466 -0.250025 -0.863270  0.595485 0.224930
0  2.481165 15.454259 35.646614  0.437913 -0.446890 -0.780078  0.597147 0.220918
0  1.329570 15.157800 35.325947  0.240362 -0.512075 -0.824624  0.591893 0.219283
chess_set_pieces_black
0  2.165175 20.000250 36.835247  0.497224 0.820128 -0.283122  0.594794 0.238131
0  1.103805 20.260305 36.524567  0.267131 0.858498 -0.437746  0.591530 0.238252
0  1.213470 20.801521 37.870831  0.339783 0.930303 -0.138144  0.592530 0.242259
chess_set_pieces_black
0  2.223585 19.962721 38.207878  0.620462 0.784224 -0.004396  0.596661 0.241948
0  2.165175 20.000250 36.835247  0.497224 0.820128 -0.283122  0.594794 0.238131
0  1.213470 20.801521 37.870831  0.339783 0.930303 -0.138144  0.592530 0.242259
chess_set_pieces_black
0  2.099025 20.080845 39.176685  0.649144 0.760589 -0.010756  0.597251 0.245269
0  2.223585 19.962721 38.207878  0.620462 0.784224 -0.004396  0.596661 0.241948
0  1.213470 20.801521 37.870831  0.339783 0.930303 -0.138144  0.592530 0.242259
chess_set_pieces_black
0  1.194345 20.768444 39.451004  0.347708 0.934210 0.079688  0.593604 0.247081
0  2.099025 20.080845 39.176685  0.649144 0.760589 -0.010756  0.597251 0.245269
0  1.213470 20.801521 37.870831  0.339783 0.930303 -0.138144  0.592530 0.242259
chess_set_pieces_black
0  1.194345 20.768444 39.451004  0.347708 0.934210 0.079688  0.593604 0.247081
0  1.213470 20.801521 37.870831  0.339783 0.930303 -0.138144  0.592530 0.242259
0  0.006930 20.916405 39.517109  0.004411 0.992676 0.120730  0.589702 0.247956
chess_set_pieces_black
0  2.481165 15.454259 35.646614  0.437913 -0.446890 -0.780078  0.597147 0.220918
0  2.416230 16.385670 35.151524  0.438466 -0.250025 -0.863270  0.595485 0.224930
0  3.369375 16.575390 35.682613  0.648268 -0.072418 -0.757960  0.599323 0.226327
chess_set_pieces_black
0  3.369375 16.575390 35.682613  0.648268 -0.072418 -0.757960  0.599323 0.226327
0  2.416230 16.385670 35.151524  0.438466 -0.250025 -0.863270  0.595485 0.224930
0  3.063465 17.688284 35.371304  0.576095 0.205593 -0.791104  0.596944 0.229700
chess_set_pieces_black
0  4.101435 17.824409 36.449821  0.806049 0.243531 -0.539423  0.601380 0.231739
0  3.369375 16.575390 35.682613  0.648268 -0.072418 -0.757960  0.599323 0.226327
0  3.063465 17.688284 35.371304  0.576095 0.205593 -0.791104  0.596944 0.229700
chess_set_pieces_black
0  3.215655 18.790335 36.088650  0.618216 0.487928 -0.616227  0.597526 0.233655
0  4.101435 17.824409 36.449821  0.806049 0.243531 -0.539423  0.601380 0.231739
0  3.063465 17.688284 35.371304  0.576095 0.205593 -0.791104  0.596944 0.229700
chess_set_pieces_black
0  4.101435 17.824409 36.449821  0.806049 0.243531 -0.539423  0.601380 0.231739
0  3.215655 18.790335 36.088650  0.618216 0.487928 -0.616227  0.597526 0.233655
0  3.265965 19.404900 37.029556  0.577677 0.793518 -0.191360  0.598458 0.236971
chess_set_pieces_black
0  3.265965 19.404900 37.029556  0.577677 0.793518 -0.191360  0.598458 0.236971
0  3.215655 18.790335 36.088650  0.618216 0.487928 -0.616227  0.597526 0.233655
0  2.165175 20.000250 36.835247  0.497224 0.820128 -0.283122  0.594794 0.238131
chess_set_pieces_black
0  2.699685 19.270935 38.387924  0.516698 0.851449 0.089771  0.599414 0.241502
0  3.265965 19.404900 37.029556  0.577677 0.793518 -0.191360  0.598458 0.236971
0  2.165175 20.000250 36.835247  0.497224 0.820128 -0.283122  0.594794 0.238131
chess_set_pieces_black
0  2.223585 19.962721 38.207878  0.620462 0.784224 -0.004396  0.596661 0.241948
0  2.699685 19.270935 38.387924  0.516698 0.851449 0.089771  0.599414 0.241502
0  2.165175 20.000250 36.835247  0.497224 0.820128 -0.283122  0.594794 0.238131
chess_set_pieces_black
0  2.699685 19.270935 38.387924  0.516698 0.851449 0.089771  0.599414 0.241502
0  2.223585 19.962721 38.207878  0.620462 0.784224 -0.004396  0.596661 0.241948
0  2.562075 19.377766 39.156029  0.663909 0.741958 -0.093400  0.599854 0.244005
chess_set_pieces_black
0  2.223585 19.962721 38.207878  0.620462 0.784224 -0.004396  0.596661 0.241948
0  2.099025 20.080845 39.176685  0.649144 0.760589 -0.010756  0.597251 0.245269
0  2.562075 19.377766 39.156029  0.663909 0.741958 -0.093400  0.599854 0.244005
chess_set_pieces_black
0  2.099025 20.080845 39.176685  0.649144 0.760589 -0.010756  0.597251 0.245269
0  2.342565 20.018835 40.497932  0.547086 0.835314 0.054293  0.599467 0.249771
0  2.562075 19.377766 39.156029  0.663909 0.741958 -0.093400  0.599854 0.244005
chess_set_pieces_black
0  2.342565 20.018835 40.497932  0.547086 0.835314 0.054293  0.599467 0.249771
0  2.099025 20.080845 39.176685  0.649144 0.760589 -0.010756  0.597251 0.245269
0  1.194345 20.768444 39.451004  0.347708 0.934210 0.079688  0.593604 0.247081
chess_set_pieces_black
0  1.274625 20.478870 40.518452  0.289310 0.917463 0.273058  0.595032 0.250793
0  2.342565 20.018835 40.497932  0.547086 0.835314 0.054293  0.599467 0.249771
0  1.194345 20.768444 39.451004  0.347708 0.934210 0.079688  0.593604 0.247081
chess_set_pieces_black
0  1.274625 20.478870 40.518452  0.289310 0.917463 0.273058  0.595032 0.250793
0  1.194345 20.768444 39.451004  0.347708 0.934210 0.079688  0.593604 0.247081
0  0.006930 20.916405 39.517109  0.004411 0.992676 0.120730  0.589702 0.247956
chess_set_pieces_black
0  0.006480 20.634211 40.581810  0.002870 0.941887 0.335916  0.590252 0.251944
0  1.274625 20.478870 40.518452  0.289310 0.917463 0.273058  0.595032 0.250793
0  0.006930 20.916405 39.517109  0.004411 0.992676 0.120730  0.589702 0.247956
chess_set_pieces_black
0  0.006480 20.634211 40.581810  0.002870 0.941887 0.335916  0.590252 0.251944
0  0.006930 20.916405 39.517109  0.004411 0.992676 0.120730  0.589702 0.247956
0  -1.184130 20.775150 39.474678  -0.293232 0.950567 0.102158  0.585669 0.248227
chess_set_pieces_black
0  -1.274850 20.481930 40.521557  -0.265137 0.920281 0.287724  0.585317 0.252107
0  0.006480 20.634211 40.581810  0.002870 0.941887 0.335916  0.590252 0.251944
0  -1.184130 20.775150 39.474678  -0.293232 0.950567 0.102158  0.585669 0.248227
chess_set_pieces_black
0  -1.274850 20.481930 40.521557  -0.265137 0.920281 0.287724  0.585317 0.252107
0  -1.184130 20.775150 39.474678  -0.293232 0.950567 0.102158  0.585669 0.248227
0  -2.114055 20.107845 39.162464  -0.641565 0.766963 0.012731  0.581699 0.247225
chess_set_pieces_black
0  2.342565 20.018835 40.497932  0.547086 0.835314 0.054293  0.599467 0.249771
0  2.924820 19.326151 39.585823  0.519193 0.847446 -0.110791  0.601514 0.245176
0  2.562075 19.377766 39.156029  0.663909 0.741958 -0.093400  0.599854 0.244005
chess_set_pieces_black
0  2.342565 20.018835 40.497932  0.547086 0.835314 0.054293  0.599467 0.249771
0  2.557575 19.676384 41.050213  0.542074 0.741854 0.394726  0.601570 0.251771
0  2.924820 19.326151 39.585823  0.519193 0.847446 -0.110791  0.601514 0.245176
chess_set_pieces_black
0  2.557575 19.676384 41.050213  0.542074 0.741854 0.394726  0.601570 0.251771
0  2.342565 20.018835 40.497932  0.547086 0.835314 0.054293  0.599467 0.249771
0  1.274625 20.478870 40.518452  0.289310 0.917463 0.273058  0.595032 0.250793
chess_set_pieces_black
0  1.301310 20.064510 41.420158  0.239253 0.814539 0.528473  0.596356 0.254684
0  2.557575 19.676384 41.050213  0.542074 0.741854 0.394726  0.601570 0.251771
0  1.274625 20.478870 40.518452  0.289310 0.917463 0.273058  0.595032 0.250793
chess_set_pieces_black
0  1.301310 20.064510 41.420158  0.239253 0.814539 0.528473  0.596356 0.254684
0  1.274625 20.478870 40.518452  0.289310 0.917463 0.273058  0.595032 0.250793
0  0.006480 20.634211 40.581810  0.002870 0.941887 0.335916  0.590252 0.251944
chess_set_pieces_black
0  -0.003870 20.186235 41.564384  0.001550 0.829112 0.559080  0.590794 0.256344
0  1.301310 20.064510 41.420158  0.239253 0.814539 0.528473  0.596356 0.254684
0  0.006480 20.634211 40.581810  0.002870 0.941887 0.335916  0.590252 0.251944
chess_set_pieces_black
0  -0.003870 20.186235 41.564384  0.001550 0.829112 0.559080  0.590794 0.256344
0  0.006480 20.634211 40.581810  0.002870 0.941887 0.335916  0.590252 0.251944
0  -1.274850 20.481930 40.521557  -0.265137 0.920281 0.287724  0.585317 0.252107
chess_set_pieces_black
0  -1.302345 20.070000 41.419888  -0.233772 0.815565 0.529343  0.585029 0.256176
0  -0.003870 20.186235 41.564384  0.001550 0.829112 0.559080  0.590794 0.256344
0  -1.274850 20.481930 40.521557  -0.265137 0.920281 0.287724  0.585317 0.252107
chess_set_pieces_black
0  -1.302345 20.070000 41.419888  -0.233772 0.815565 0.529343  0.585029 0.256176
0  -1.274850 20.481930 40.521557  -0.265137 0.920281 0.287724  0.585317 0.252107
0  -2.091240 20.214270 40.383945  -0.542205 0.837929 0.062351  0.581994 0.251749
chess_set_pieces_black
0  -2.558565 19.686060 41.046165  -0.536865 0.746250 0.393557  0.579190 0.254680
0  -1.302345 20.070000 41.419888  -0.233772 0.815565 0.529343  0.585029 0.256176
0  -2.091240 20.214270 40.383945  -0.542205 0.837929 0.062351  0.581994 0.251749
chess_set_pieces_black
0  -2.558565 19.686060 41.046165  -0.536865 0.746250 0.393557  0.579190 0.254680
0  -2.091240 20.214270 40.383945  -0.542205 0.837929 0.062351  0.581994 0.251749
0  -3.546585 19.210726 40.353210  -0.706960 0.654624 0.267723  0.574567 0.251275
chess_set_pieces_black
0  -2.558565 19.686060 41.046165  -0.536865 0.746250 0.393557  0.579190 0.254680
0  -3.546585 19.210726 40.353210  -0.706960 0.654624 0.267723  0.574567 0.251275
0  -3.019590 18.288225 42.802738  -0.573862 0.672599 0.467219  0.572759 0.265328
chess_set_pieces_black
0  -3.546585 19.210726 40.353210  -0.706960 0.654624 0.267723  0.574567 0.251275
0  -3.975030 17.496405 41.891804  -0.761686 0.547258 0.346904  0.565047 0.259234
0  -3.019590 18.288225 42.802738  -0.573862 0.672599 0.467219  0.572759 0.265328
chess_set_pieces_black
0  -3.546585 19.210726 40.353210  -0.706960 0.654624 0.267723  0.574567 0.251275
0  -4.294620 18.715590 39.547485  -0.825780 0.544010 0.148796  0.571531 0.247147
0  -3.975030 17.496405 41.891804  -0.761686 0.547258 0.346904  0.565047 0.259234
chess_set_pieces_black
0  -4.294620 18.715590 39.547485  -0.825780 0.544010 0.148796  0.571531 0.247147
0  -4.745205 16.874685 40.903019  -0.881284 0.427151 0.202192  0.560482 0.251746
0  -3.975030 17.496405 41.891804  -0.761686 0.547258 0.346904  0.565047 0.259234
chess_set_pieces_black
0  -2.558565 19.686060 41.046165  -0.536865 0.746250 0.393557  0.579190 0.254680
0  -3.019590 18.288225 42.802738  -0.573862 0.672599 0.467219  0.572759 0.265328
0  -1.479195 18.701595 43.303276  -0.241617 0.774812 0.584198  0.583049 0.268785
chess_set_pieces_black
0  -1.302345 20.070000 41.419888  -0.233772 0.815565 0.529343  0.585029 0.256176
0  -2.558565 19.686060 41.046165  -0.536865 0.746250 0.393557  0.579190 0.254680
0  -1.479195 18.701595 43.303276  -0.241617 0.774812 0.584198  0.583049 0.268785
chess_set_pieces_black
0  -1.479195 18.701595 43.303276  -0.241617 0.774812 0.584198  0.583049 0.268785
0  0.000090 18.664379 43.377884  0.001986 0.790008 0.613094  0.592475 0.268785
0  -1.302345 20.070000 41.419888  -0.233772 0.815565 0.529343  0.585029 0.256176
chess_set_pieces_black
0  0.000090 18.664379 43.377884  0.001986 0.790008 0.613094  0.592475 0.268785
0  -0.003870 20.186235 41.564384  0.001550 0.829112 0.559080  0.590794 0.256344
0  -1.302345 20.070000 41.419888  -0.233772 0.815565 0.529343  0.585029 0.256176
chess_set_pieces_black
0  0.000090 18.664379 43.377884  0.001986 0.790008 0.613094  0.592475 0.268785
0  1.478340 18.698805 43.300575  0.247395 0.773035 0.584135  0.601553 0.266306
0  -0.003870 20.186235 41.564384  0.001550 0.829112 0.559080  0.590794 0.256344
chess_set_pieces_black
0  1.478340 18.698805 43.300575  0.247395 0.773035 0.584135  0.601553 0.266306
0  1.301310 20.064510 41.420158  0.239253 0.814539 0.528473  0.596356 0.254684
0  -0.003870 20.186235 41.564384  0.001550 0.829112 0.559080  0.590794 0.256344
chess_set_pieces_black
0  1.301310 20.064510 41.420158  0.239253 0.814539 0.528473  0.596356 0.254684
0  1.478340 18.698805 43.300575  0.247395 0.773035 0.584135  0.601553 0.266306
0  3.021525 18.259649 42.796398  0.579299 0.668894 0.465825  0.610668 0.260254
chess_set_pieces_black
0  2.557575 19.676384 41.050213  0.542074 0.741854 0.394726  0.601570 0.251771
0  1.301310 20.064510 41.420158  0.239253 0.814539 0.528473  0.596356 0.254684
0  3.021525 18.259649 42.796398  0.579299 0.668894 0.465825  0.610668 0.260254
chess_set_pieces_black
0  2.557575 19.676384 41.050213  0.542074 0.741854 0.394726  0.601570 0.251771
0  3.021525 18.259649 42.796398  0.579299 0.668894 0.465825  0.610668 0.260254
0  3.953160 17.484751 41.881454  0.763755 0.545177 0.345631  0.616284 0.252466
chess_set_pieces_black
0  3.536460 19.200689 40.329857  0.712904 0.645981 0.272903  0.605018 0.247187
0  2.557575 19.676384 41.050213  0.542074 0.741854 0.394726  0.601570 0.251771
0  3.953160 17.484751 41.881454  0.763755 0.545177 0.345631  0.616284 0.252466
chess_set_pieces_black
0  2.557575 19.676384 41.050213  0.542074 0.741854 0.394726  0.601570 0.251771
0  3.536460 19.200689 40.329857  0.712904 0.645981 0.272903  0.605018 0.247187
0  2.924820 19.326151 39.585823  0.519193 0.847446 -0.110791  0.601514 0.245176
chess_set_pieces_black
0  3.536460 19.200689 40.329857  0.712904 0.645981 0.272903  0.605018 0.247187
0  4.279185 18.700245 39.529709  0.834629 0.524504 0.168195  0.606889 0.242338
0  2.924820 19.326151 39.585823  0.519193 0.847446 -0.110791  0.601514 0.245176
chess_set_pieces_black
0  4.279185 18.700245 39.529709  0.834629 0.524504 0.168195  0.606889 0.242338
0  3.461175 19.113344 39.012211  0.499785 0.866072 0.011557  0.602756 0.242330
0  2.924820 19.326151 39.585823  0.519193 0.847446 -0.110791  0.601514 0.245176
chess_set_pieces_black
0  3.461175 19.113344 39.012211  0.499785 0.866072 0.011557  0.602756 0.242330
0  4.279185 18.700245 39.529709  0.834629 0.524504 0.168195  0.606889 0.242338
0  4.263210 18.743940 37.707344  0.736885 0.650452 -0.184154  0.602971 0.236793
chess_set_pieces_black
0  4.279185 18.700245 39.529709  0.834629 0.524504 0.168195  0.606889 0.242338
0  4.808115 17.709435 38.320335  0.952625 0.296306 -0.068621  0.607793 0.235663
0  4.263210 18.743940 37.707344  0.736885 0.650452 -0.184154  0.602971 0.236793
chess_set_pieces_black
0  4.808115 17.709435 38.320335  0.952625 0.296306 -0.068621  0.607793 0.235663
0  4.587165 16.940790 37.082882  0.912082 -0.023059 -0.409360  0.605604 0.230115
0  4.263210 18.743940 37.707344  0.736885 0.650452 -0.184154  0.602971 0.236793
chess_set_pieces_black
0  4.587165 16.940790 37.082882  0.912082 -0.023059 -0.409360  0.605604 0.230115
0  4.808115 17.709435 38.320335  0.952625 0.296306 -0.068621  0.607793 0.235663
0  4.984200 15.194025 38.589302  0.923360 0.000065 -0.383934  0.617019 0.226579
chess_set_pieces_black
0  3.617595 15.950746 36.146519  0.695428 -0.284526 -0.659867  0.601921 0.224325
0  4.587165 16.940790 37.082882  0.912082 -0.023059 -0.409360  0.605604 0.230115
0  4.984200 15.194025 38.589302  0.923360 0.000065 -0.383934  0.617019 0.226579
chess_set_pieces_black
0  4.162410 14.376330 37.450935  0.697232 -0.220682 -0.682031  0.611359 0.217896
0  3.617595 15.950746 36.146519  0.695428 -0.284526 -0.659867  0.601921 0.224325
0  4.984200 15.194025 38.589302  0.923360 0.000065 -0.383934  0.617019 0.226579
chess_set_pieces_black
0  4.808115 17.709435 38.320335  0.952625 0.296306 -0.068621  0.607793 0.235663
0  5.086755 16.059465 39.753494  0.969781 0.238836 -0.049832  0.618812 0.235370
0  4.984200 15.194025 38.589302  0.923360 0.000065 -0.383934  0.617019 0.226579
chess_set_pieces_black
0  4.808115 17.709435 38.320335  0.952625 0.296306 -0.068621  0.607793 0.235663
0  4.279185 18.700245 39.529709  0.834629 0.524504 0.168195  0.606889 0.242338
0  5.086755 16.059465 39.753494  0.969781 0.238836 -0.049832  0.618812 0.235370
chess_set_pieces_black
0  4.279185 18.700245 39.529709  0.834629 0.524504 0.168195  0.606889 0.242338
0  4.716675 16.865459 40.904011  0.880927 0.427926 0.202105  0.618777 0.244186
0  5.086755 16.059465 39.753494  0.969781 0.238836 -0.049832  0.618812 0.235370
chess_set_pieces_black
0  4.279185 18.700245 39.529709  0.834629 0.524504 0.168195  0.606889 0.242338
0  3.536460 19.200689 40.329857  0.712904 0.645981 0.272903  0.605018 0.247187
0  4.716675 16.865459 40.904011  0.880927 0.427926 0.202105  0.618777 0.244186
chess_set_pieces_black
0  3.536460 19.200689 40.329857  0.712904 0.645981 0.272903  0.605018 0.247187
0  3.953160 17.484751 41.881454  0.763755 0.545177 0.345631  0.616284 0.252466
0  4.716675 16.865459 40.904011  0.880927 0.427926 0.202105  0.618777 0.244186
chess_set_pieces_black
0  -1.324980 15.147449 35.287830  -0.220162 -0.506946 -0.833388  0.580396 0.220713
0  -1.476225 13.387365 36.422371  -0.191904 -0.466118 -0.863659  0.575213 0.210369
0  -2.877570 13.757759 36.795105  -0.415217 -0.381806 -0.825723  0.567154 0.215996
chess_set_pieces_black
0  0.020205 13.291784 36.344070  0.022948 -0.495929 -0.868060  0.584731 0.207423
0  -1.476225 13.387365 36.422371  -0.191904 -0.466118 -0.863659  0.575213 0.210369
0  -1.324980 15.147449 35.287830  -0.220162 -0.506946 -0.833388  0.580396 0.220713
chess_set_pieces_black
0  0.007155 15.046695 35.185230  0.017503 -0.535425 -0.844401  0.586075 0.219319
0  0.020205 13.291784 36.344070  0.022948 -0.495929 -0.868060  0.584731 0.207423
0  -1.324980 15.147449 35.287830  -0.220162 -0.506946 -0.833388  0.580396 0.220713
chess_set_pieces_black
0  0.020205 13.291784 36.344070  0.022948 -0.495929 -0.868060  0.584731 0.207423
0  0.007155 15.046695 35.185230  0.017503 -0.535425 -0.844401  0.586075 0.219319
0  1.483695 13.412069 36.500038  0.207798 -0.466474 -0.859780  0.594539 0.207943
chess_set_pieces_black
0  0.007155 15.046695 35.185230  0.017503 -0.535425 -0.844401  0.586075 0.219319
0  1.329570 15.157800 35.325947  0.240362 -0.512075 -0.824624  0.591893 0.219283
0  1.483695 13.412069 36.500038  0.207798 -0.466474 -0.859780  0.594539 0.207943
chess_set_pieces_black
0  1.329570 15.157800 35.325947  0.240362 -0.512075 -0.824624  0.591893 0.219283
0  2.481165 15.454259 35.646614  0.437913 -0.446890 -0.780078  0.597147 0.220918
0  1.483695 13.412069 36.500038  0.207798 -0.466474 -0.859780  0.594539 0.207943
chess_set_pieces_black
0  2.481165 15.454259 35.646614  0.437913 -0.446890 -0.780078  0.597147 0.220918
0  2.834775 13.774590 36.827324  0.404709 -0.380848 -0.831363  0.603277 0.211398
0  1.483695 13.412069 36.500038  0.207798 -0.466474 -0.859780  0.594539 0.207943
chess_set_pieces_black
0  2.834775 13.774590 36.827324  0.404709 -0.380848 -0.831363  0.603277 0.211398
0  2.481165 15.454259 35.646614  0.437913 -0.446890 -0.780078  0.597147 0.220918
0  4.162410 14.376330 37.450935  0.697232 -0.220682 -0.682031  0.611359 0.217896
chess_set_pieces_black
0  2.481165 15.454259 35.646614  0.437913 -0.446890 -0.780078  0.597147 0.220918
0  3.617595 15.950746 36.146519  0.695428 -0.284526 -0.659867  0.601921 0.224325
0  4.162410 14.376330 37.450935  0.697232 -0.220682 -0.682031  0.611359 0.217896
chess_set_pieces_black
0  3.617595 15.950746 36.146519  0.695428 -0.284526 -0.659867  0.601921 0.224325
0  2.481165 15.454259 35.646614  0.437913 -0.446890 -0.780078  0.597147 0.220918
0  3.369375 16.575390 35.682613  0.648268 -0.072418 -0.757960  0.599323 0.226327
chess_set_pieces_black
0  4.587165 16.940790 37.082882  0.912082 -0.023059 -0.409360  0.605604 0.230115
0  3.617595 15.950746 36.146519  0.695428 -0.284526 -0.659867  0.601921 0.224325
0  3.369375 16.575390 35.682613  0.648268 -0.072418 -0.757960  0.599323 0.226327
chess_set_pieces_black
0  4.101435 17.824409 36.449821  0.806049 0.243531 -0.539423  0.601380 0.231739
0  4.587165 16.940790 37.082882  0.912082 -0.023059 -0.409360  0.605604 0.230115
0  3.369375 16.575390 35.682613  0.648268 -0.072418 -0.757960  0.599323 0.226327
chess_set_pieces_black
0  4.587165 16.940790 37.082882  0.912082 -0.023059 -0.409360  0.605604 0.230115
0  4.101435 17.824409 36.449821  0.806049 0.243531 -0.539423  0.601380 0.231739
0  4.263210 18.743940 37.707344  0.736885 0.650452 -0.184154  0.602971 0.236793
chess_set_pieces_black
0  4.263210 18.743940 37.707344  0.736885 0.650452 -0.184154  0.602971 0.236793
0  4.101435 17.824409 36.449821  0.806049 0.243531 -0.539423  0.601380 0.231739
0  3.265965 19.404900 37.029556  0.577677 0.793518 -0.191360  0.598458 0.236971
chess_set_pieces_black
0  3.461175 19.113344 39.012211  0.499785 0.866072 0.011557  0.602756 0.242330
0  4.263210 18.743940 37.707344  0.736885 0.650452 -0.184154  0.602971 0.236793
0  3.265965 19.404900 37.029556  0.577677 0.793518 -0.191360  0.598458 0.236971
chess_set_pieces_black
0  2.699685 19.270935 38.387924  0.516698 0.851449 0.089771  0.599414 0.241502
0  3.461175 19.113344 39.012211  0.499785 0.866072 0.011557  0.602756 0.242330
0  3.265965 19.404900 37.029556  0.577677 0.793518 -0.191360  0.598458 0.236971
chess_set_pieces_black
0  3.461175 19.113344 39.012211  0.499785 0.866072 0.011557  0.602756 0.242330
0  2.699685 19.270935 38.387924  0.516698 0.851449 0.089771  0.599414 0.241502
0  2.562075 19.377766 39.156029  0.663909 0.741958 -0.093400  0.599854 0.244005
chess_set_pieces_black
0  2.924820 19.326151 39.585823  0.519193 0.847446 -0.110791  0.601514 0.245176
0  3.461175 19.113344 39.012211  0.499785 0.866072 0.011557  0.602756 0.242330
0  2.562075 19.377766 39.156029  0.663909 0.741958 -0.093400  0.599854 0.244005
chess_set_pieces_black
0  -2.091240 20.214270 40.383945  -0.542205 0.837929 0.062351  0.581994 0.251749
0  -1.274850 20.481930 40.521557  -0.265137 0.920281 0.287724  0.585317 0.252107
0  -2.114055 20.107845 39.162464  -0.641565 0.766963 0.012731  0.581699 0.247225
chess_set_pieces_black
0  -2.091240 20.214270 40.383945  -0.542205 0.837929 0.062351  0.581994 0.251749
0  -2.114055 20.107845 39.162464  -0.641565 0.766963 0.012731  0.581699 0.247225
0  -3.029580 19.337940 39.683926  -0.520333 0.848687 -0.094783  0.577088 0.248736
chess_set_pieces_black
0  -2.091240 20.214270 40.383945  -0.542205 0.837929 0.062351  0.581994 0.251749
0  -3.029580 19.337940 39.683926  -0.520333 0.848687 -0.094783  0.577088 0.248736
0  -3.546585 19.210726 40.353210  -0.706960 0.654624 0.267723  0.574567 0.251275
chess_set_pieces_black
0  -3.546585 19.210726 40.353210  -0.706960 0.654624 0.267723  0.574567 0.251275
0  -3.029580 19.337940 39.683926  -0.520333 0.848687 -0.094783  0.577088 0.248736
0  -3.450780 19.091249 38.824333  -0.529730 0.848118 -0.009077  0.575640 0.245119
chess_set_pieces_black
0  -4.294620 18.715590 39.547485  -0.825780 0.544010 0.148796  0.571531 0.247147
0  -3.546585 19.210726 40.353210  -0.706960 0.654624 0.267723  0.574567 0.251275
0  -3.450780 19.091249 38.824333  -0.529730 0.848118 -0.009077  0.575640 0.245119
chess_set_pieces_black
0  -4.294620 18.715590 39.547485  -0.825780 0.544010 0.148796  0.571531 0.247147
0  -3.450780 19.091249 38.824333  -0.529730 0.848118 -0.009077  0.575640 0.245119
0  -4.833540 17.718164 38.318310  -0.945111 0.318235 -0.074101  0.569062 0.240783
chess_set_pieces_black
0  -4.294620 18.715590 39.547485  -0.825780 0.544010 0.148796  0.571531 0.247147
0  -4.833540 17.718164 38.318310  -0.945111 0.318235 -0.074101  0.569062 0.240783
0  -4.745205 16.874685 40.903019  -0.881284 0.427151 0.202192  0.560482 0.251746
chess_set_pieces_black
0  -4.833540 17.718164 38.318310  -0.945111 0.318235 -0.074101  0.569062 0.240783
0  -5.112495 16.063740 39.747284  -0.969951 0.238190 -0.049598  0.558264 0.243219
0  -4.745205 16.874685 40.903019  -0.881284 0.427151 0.202192  0.560482 0.251746
chess_set_pieces_black
0  -4.833540 17.718164 38.318310  -0.945111 0.318235 -0.074101  0.569062 0.240783
0  -4.611780 16.938856 37.081348  -0.914492 -0.024030 -0.403889  0.569713 0.234727
0  -5.112495 16.063740 39.747284  -0.969951 0.238190 -0.049598  0.558264 0.243219
chess_set_pieces_black
0  -4.611780 16.938856 37.081348  -0.914492 -0.024030 -0.403889  0.569713 0.234727
0  -5.004315 15.207839 38.566891  -0.923805 -0.001310 -0.382860  0.557875 0.234204
0  -5.112495 16.063740 39.747284  -0.969951 0.238190 -0.049598  0.558264 0.243219
chess_set_pieces_black
0  -4.169520 14.365754 37.429962  -0.703619 -0.222117 -0.674970  0.561107 0.224235
0  -5.004315 15.207839 38.566891  -0.923805 -0.001310 -0.382860  0.557875 0.234204
0  -4.611780 16.938856 37.081348  -0.914492 -0.024030 -0.403889  0.569713 0.234727
chess_set_pieces_black
0  -3.667365 15.944309 36.123974  -0.702938 -0.281590 -0.653135  0.571768 0.228191
0  -4.169520 14.365754 37.429962  -0.703619 -0.222117 -0.674970  0.561107 0.224235
0  -4.611780 16.938856 37.081348  -0.914492 -0.024030 -0.403889  0.569713 0.234727
chess_set_pieces_black
0  -2.877570 13.757759 36.795105  -0.415217 -0.381806 -0.825723  0.567154 0.215996
0  -4.169520 14.365754 37.429962  -0.703619 -0.222117 -0.674970  0.561107 0.224235
0  -3.667365 15.944309 36.123974  -0.702938 -0.281590 -0.653135  0.571768 0.228191
chess_set_pieces_black
0  -2.507265 15.436755 35.592346  -0.440140 -0.440637 -0.782378  0.575630 0.223625
0  -2.877570 13.757759 36.795105  -0.415217 -0.381806 -0.825723  0.567154 0.215996
0  -3.667365 15.944309 36.123974  -0.702938 -0.281590 -0.653135  0.571768 0.228191
chess_set_pieces_black
0  -2.507265 15.436755 35.592346  -0.440140 -0.440637 -0.782378  0.575630 0.223625
0  -1.324980 15.147449 35.287830  -0.220162 -0.506946 -0.833388  0.580396 0.220713
0  -2.877570 13.757759 36.795105  -0.415217 -0.381806 -0.825723  0.567154 0.215996
chess_set_pieces_black
0  -1.402425 16.043131 34.809345  -0.246574 -0.298347 -0.922058  0.581558 0.224692
0  -1.324980 15.147449 35.287830  -0.220162 -0.506946 -0.833388  0.580396 0.220713
0  -2.507265 15.436755 35.592346  -0.440140 -0.440637 -0.782378  0.575630 0.223625
chess_set_pieces_black
0  0.007155 15.046695 35.185230  0.017503 -0.535425 -0.844401  0.586075 0.219319
0  -1.324980 15.147449 35.287830  -0.220162 -0.506946 -0.833388  0.580396 0.220713
0  -1.402425 16.043131 34.809345  -0.246574 -0.298347 -0.922058  0.581558 0.224692
chess_set_pieces_black
0  0.000720 15.886170 34.656120  0.008927 -0.328247 -0.944550  0.586512 0.223195
0  0.007155 15.046695 35.185230  0.017503 -0.535425 -0.844401  0.586075 0.219319
0  -1.402425 16.043131 34.809345  -0.246574 -0.298347 -0.922058  0.581558 0.224692
chess_set_pieces_black
0  6.863535 3.504465 63.151558  -0.354328 -0.520993 0.776542  0.328624 0.338073
0  7.793820 4.821030 64.239708  -0.316797 -0.415387 0.852698  0.332340 0.343917
0  7.382655 5.061510 64.100204  -0.697311 -0.025621 0.716311  0.333656 0.342720
chess_set_pieces_black
0  6.333704 4.224465 62.989468  -0.808644 -0.060926 0.585135  0.331774 0.336614
0  6.863535 3.504465 63.151558  -0.354328 -0.520993 0.776542  0.328624 0.338073
0  7.382655 5.061510 64.100204  -0.697311 -0.025621 0.716311  0.333656 0.342720
chess_set_pieces_black
0  5.522265 2.409930 61.375454  -0.805512 -0.058280 0.589707  0.324628 0.328644
0  6.134760 1.609155 61.402142  -0.367647 -0.545398 0.753244  0.320501 0.330540
0  6.863535 3.504465 63.151558  -0.354328 -0.520993 0.776542  0.328624 0.338073
chess_set_pieces_black
0  6.333704 4.224465 62.989468  -0.808644 -0.060926 0.585135  0.331774 0.336614
0  5.522265 2.409930 61.375454  -0.805512 -0.058280 0.589707  0.324628 0.328644
0  6.863535 3.504465 63.151558  -0.354328 -0.520993 0.776542  0.328624 0.338073
chess_set_pieces_black
0  5.512590 4.811355 60.924103  -0.871682 0.351315 0.341683  0.335966 0.327857
0  5.522265 2.409930 61.375454  -0.805512 -0.058280 0.589707  0.324628 0.328644
0  6.333704 4.224465 62.989468  -0.808644 -0.060926 0.585135  0.331774 0.336614
chess_set_pieces_black
0  6.362820 5.601645 62.514675  -0.850930 0.379501 0.363177  0.337638 0.336399
0  5.512590 4.811355 60.924103  -0.871682 0.351315 0.341683  0.335966 0.327857
0  6.333704 4.224465 62.989468  -0.808644 -0.060926 0.585135  0.331774 0.336614
chess_set_pieces_black
0  6.362820 5.601645 62.514675  -0.850930 0.379501 0.363177  0.337638 0.336399
0  6.333704 4.224465 62.989468  -0.808644 -0.060926 0.585135  0.331774 0.336614
0  7.382655 5.061510 64.100204  -0.697311 -0.025621 0.716311  0.333656 0.342720
chess_set_pieces_black
0  7.490205 5.592600 64.170227  -0.677912 0.429483 0.596640  0.335421 0.343807
0  6.362820 5.601645 62.514675  -0.850930 0.379501 0.363177  0.337638 0.336399
0  7.382655 5.061510 64.100204  -0.697311 -0.025621 0.716311  0.333656 0.342720
chess_set_pieces_black
0  8.067240 5.339790 64.447289  -0.178034 0.118116 0.976910  0.333671 0.345619
0  7.490205 5.592600 64.170227  -0.677912 0.429483 0.596640  0.335421 0.343807
0  7.382655 5.061510 64.100204  -0.697311 -0.025621 0.716311  0.333656 0.342720
chess_set_pieces_black
0  7.793820 4.821030 64.239708  -0.316797 -0.415387 0.852698  0.332340 0.343917
0  8.067240 5.339790 64.447289  -0.178034 0.118116 0.976910  0.333671 0.345619
0  7.382655 5.061510 64.100204  -0.697311 -0.025621 0.716311  0.333656 0.342720
chess_set_pieces_black
0  8.067240 5.339790 64.447289  -0.178034 0.118116 0.976910  0.333671 0.345619
0  7.793820 4.821030 64.239708  -0.316797 -0.415387 0.852698  0.332340 0.343917
0  8.505630 5.129865 64.410706  0.166617 -0.199016 0.965728  0.332322 0.346660
chess_set_pieces_black
0  7.793820 4.821030 64.239708  -0.316797 -0.415387 0.852698  0.332340 0.343917
0  8.426070 4.632480 64.202354  0.099163 -0.557456 0.824263  0.330798 0.345581
0  8.505630 5.129865 64.410706  0.166617 -0.199016 0.965728  0.332322 0.346660
chess_set_pieces_black
0  8.426070 4.632480 64.202354  0.099163 -0.557456 0.824263  0.330798 0.345581
0  9.013005 4.833810 64.064201  0.529210 -0.484930 0.696261  0.330207 0.347669
0  8.505630 5.129865 64.410706  0.166617 -0.199016 0.965728  0.332322 0.346660
chess_set_pieces_black
0  9.013005 4.833810 64.064201  0.529210 -0.484930 0.696261  0.330207 0.347669
0  8.426070 4.632480 64.202354  0.099163 -0.557456 0.824263  0.330798 0.345581
0  7.945875 3.048255 63.089188  0.071245 -0.666113 0.742440  0.325444 0.341098
chess_set_pieces_black
0  8.975790 3.179925 62.759884  0.486296 -0.631889 0.603518  0.323447 0.344607
0  9.013005 4.833810 64.064201  0.529210 -0.484930 0.696261  0.330207 0.347669
0  7.945875 3.048255 63.089188  0.071245 -0.666113 0.742440  0.325444 0.341098
chess_set_pieces_black
0  9.013005 4.833810 64.064201  0.529210 -0.484930 0.696261  0.330207 0.347669
0  8.975790 3.179925 62.759884  0.486296 -0.631889 0.603518  0.323447 0.344607
0  9.678510 3.682485 62.396141  0.761251 -0.463881 0.453112  0.322670 0.348000
chess_set_pieces_black
0  9.678510 3.682485 62.396141  0.761251 -0.463881 0.453112  0.322670 0.348000
0  8.975790 3.179925 62.759884  0.486296 -0.631889 0.603518  0.323447 0.344607
0  8.498835 1.164510 60.676697  0.477905 -0.714615 0.510815  0.313155 0.339176
chess_set_pieces_black
0  9.362565 1.611900 60.193752  0.706784 -0.607913 0.361797  0.311478 0.343476
0  9.678510 3.682485 62.396141  0.761251 -0.463881 0.453112  0.322670 0.348000
0  8.498835 1.164510 60.676697  0.477905 -0.714615 0.510815  0.313155 0.339176
chess_set_pieces_black
0  9.362565 1.611900 60.193752  0.706784 -0.607913 0.361797  0.311478 0.343476
0  8.498835 1.164510 60.676697  0.477905 -0.714615 0.510815  0.313155 0.339176
0  9.096930 0.348660 57.979214  0.736156 -0.626873 0.255156  0.300487 0.341152
chess_set_pieces_black
0  8.498835 1.164510 60.676697  0.477905 -0.714615 0.510815  0.313155 0.339176
0  8.078671 -0.277110 58.776707  0.515305 -0.727695 0.452681  0.303188 0.334926
0  9.096930 0.348660 57.979214  0.736156 -0.626873 0.255156  0.300487 0.341152
chess_set_pieces_black
0  8.498835 1.164510 60.676697  0.477905 -0.714615 0.510815  0.313155 0.339176
0  7.365780 1.078110 61.155716  0.063870 -0.723442 0.687425  0.316089 0.334734
0  8.078671 -0.277110 58.776707  0.515305 -0.727695 0.452681  0.303188 0.334926
chess_set_pieces_black
0  7.365780 1.078110 61.155716  0.063870 -0.723442 0.687425  0.316089 0.334734
0  6.537825 -0.424035 59.655376  0.137752 -0.696392 0.704317  0.308186 0.327885
0  8.078671 -0.277110 58.776707  0.515305 -0.727695 0.452681  0.303188 0.334926
chess_set_pieces_black
0  6.537825 -0.424035 59.655376  0.137752 -0.696392 0.704317  0.308186 0.327885
0  7.365780 1.078110 61.155716  0.063870 -0.723442 0.687425  0.316089 0.334734
0  4.642020 0.347220 59.808331  -0.236398 -0.466498 0.852347  0.314742 0.320298
chess_set_pieces_black
0  8.975790 3.179925 62.759884  0.486296 -0.631889 0.603518  0.323447 0.344607
0  7.945875 3.048255 63.089188  0.071245 -0.666113 0.742440  0.325444 0.341098
0  7.365780 1.078110 61.155716  0.063870 -0.723442 0.687425  0.316089 0.334734
chess_set_pieces_black
0  8.498835 1.164510 60.676697  0.477905 -0.714615 0.510815  0.313155 0.339176
0  8.975790 3.179925 62.759884  0.486296 -0.631889 0.603518  0.323447 0.344607
0  7.365780 1.078110 61.155716  0.063870 -0.723442 0.687425  0.316089 0.334734
chess_set_pieces_black
0  8.426070 4.632480 64.202354  0.099163 -0.557456 0.824263  0.330798 0.345581
0  7.793820 4.821030 64.239708  -0.316797 -0.415387 0.852698  0.332340 0.343917
0  7.945875 3.048255 63.089188  0.071245 -0.666113 0.742440  0.325444 0.341098
chess_set_pieces_black
0  7.793820 4.821030 64.239708  -0.316797 -0.415387 0.852698  0.332340 0.343917
0  6.863535 3.504465 63.151558  -0.354328 -0.520993 0.776542  0.328624 0.338073
0  7.945875 3.048255 63.089188  0.071245 -0.666113 0.742440  0.325444 0.341098
chess_set_pieces_black
0  7.945875 3.048255 63.089188  0.071245 -0.666113 0.742440  0.325444 0.341098
0  6.863535 3.504465 63.151558  -0.354328 -0.520993 0.776542  0.328624 0.338073
0  7.365780 1.078110 61.155716  0.063870 -0.723442 0.687425  0.316089 0.334734
chess_set_pieces_black
0  6.863535 3.504465 63.151558  -0.354328 -0.520993 0.776542  0.328624 0.338073
0  6.134760 1.609155 61.402142  -0.367647 -0.545398 0.753244  0.320501 0.330540
0  7.365780 1.078110 61.155716  0.063870 -0.723442 0.687425  0.316089 0.334734
chess_set_pieces_black
0  7.365780 1.078110 61.155716  0.063870 -0.723442 0.687425  0.316089 0.334734
0  6.134760 1.609155 61.402142  -0.367647 -0.545398 0.753244  0.320501 0.330540
0  4.642020 0.347220 59.808331  -0.236398 -0.466498 0.852347  0.314742 0.320298
chess_set_pieces_black
0  6.134760 1.609155 61.402142  -0.367647 -0.545398 0.753244  0.320501 0.330540
0  5.522265 2.409930 61.375454  -0.805512 -0.058280 0.589707  0.324628 0.328644
0  4.642020 0.347220 59.808331  -0.236398 -0.466498 0.852347  0.314742 0.320298
chess_set_pieces_black
0  5.522265 2.409930 61.375454  -0.805512 -0.058280 0.589707  0.324628 0.328644
0  4.377555 1.757565 59.967449  -0.714253 -0.003742 0.699878  0.321739 0.320023
0  4.642020 0.347220 59.808331  -0.236398 -0.466498 0.852347  0.314742 0.320298
chess_set_pieces_black
0  4.377555 1.757565 59.967449  -0.714253 -0.003742 0.699878  0.321739 0.320023
0  5.522265 2.409930 61.375454  -0.805512 -0.058280 0.589707  0.324628 0.328644
0  5.512590 4.811355 60.924103  -0.871682 0.351315 0.341683  0.335966 0.327857
chess_set_pieces_black
0  4.630455 3.824010 59.713383  -0.782479 0.393888 0.482265  0.332089 0.320256
0  4.377555 1.757565 59.967449  -0.714253 -0.003742 0.699878  0.321739 0.320023
0  5.512590 4.811355 60.924103  -0.871682 0.351315 0.341683  0.335966 0.327857
chess_set_pieces_black
0  4.630455 3.824010 59.713383  -0.782479 0.393888 0.482265  0.332089 0.320256
0  5.512590 4.811355 60.924103  -0.871682 0.351315 0.341683  0.335966 0.327857
0  5.686740 5.136975 58.718475  -0.005249 0.983100 0.182995  0.341392 0.318700
chess_set_pieces_black
0  5.512590 4.811355 60.924103  -0.871682 0.351315 0.341683  0.335966 0.327857
0  6.104295 5.336460 60.272102  -0.080759 0.978042 -0.192122  0.340588 0.326472
0  5.686740 5.136975 58.718475  -0.005249 0.983100 0.182995  0.341392 0.318700
chess_set_pieces_black
0  6.104295 5.336460 60.272102  -0.080759 0.978042 -0.192122  0.340588 0.326472
0  5.512590 4.811355 60.924103  -0.871682 0.351315 0.341683  0.335966 0.327857
0  6.362820 5.601645 62.514675  -0.850930 0.379501 0.363177  0.337638 0.336399
chess_set_pieces_black
0  6.820380 5.921100 62.093788  -0.185960 0.956197 -0.226066  0.340779 0.336213
0  6.104295 5.336460 60.272102  -0.080759 0.978042 -0.192122  0.340588 0.326472
0  6.362820 5.601645 62.514675  -0.850930 0.379501 0.363177  0.337638 0.336399
chess_set_pieces_black
0  6.362820 5.601645 62.514675  -0.850930 0.379501 0.363177  0.337638 0.336399
0  7.490205 5.592600 64.170227  -0.677912 0.429483 0.596640  0.335421 0.343807
0  6.820380 5.921100 62.093788  -0.185960 0.956197 -0.226066  0.340779 0.336213
chess_set_pieces_black
0  7.490205 5.592600 64.170227  -0.677912 0.429483 0.596640  0.335421 0.343807
0  7.917255 6.376230 63.873539  -0.323464 0.937007 0.131870  0.339023 0.345950
0  6.820380 5.921100 62.093788  -0.185960 0.956197 -0.226066  0.340779 0.336213
chess_set_pieces_black
0  7.490205 5.592600 64.170227  -0.677912 0.429483 0.596640  0.335421 0.343807
0  8.067240 5.339790 64.447289  -0.178034 0.118116 0.976910  0.333671 0.345619
0  7.917255 6.376230 63.873539  -0.323464 0.937007 0.131870  0.339023 0.345950
chess_set_pieces_black
0  8.067240 5.339790 64.447289  -0.178034 0.118116 0.976910  0.333671 0.345619
0  8.591445 5.973525 64.319756  0.118874 0.590425 0.798290  0.335354 0.348991
0  7.917255 6.376230 63.873539  -0.323464 0.937007 0.131870  0.339023 0.345950
chess_set_pieces_black
0  8.591445 5.973525 64.319756  0.118874 0.590425 0.798290  0.335354 0.348991
0  8.067240 5.339790 64.447289  -0.178034 0.118116 0.976910  0.333671 0.345619
0  8.505630 5.129865 64.410706  0.166617 -0.199016 0.965728  0.332322 0.346660
chess_set_pieces_black
0  9.036495 6.325020 63.654076  0.529978 0.837581 -0.132593  0.333755 0.353356
0  9.401715 5.771295 63.834927  0.843161 0.522640 0.126200  0.331553 0.351256
0  9.553500 5.162310 61.672497  0.861541 0.497733 -0.100045  0.323419 0.355149
chess_set_pieces_black
0  9.036495 6.325020 63.654076  0.529978 0.837581 -0.132593  0.333755 0.353356
0  8.591445 5.973525 64.319756  0.118874 0.590425 0.798290  0.335354 0.348991
0  9.401715 5.771295 63.834927  0.843161 0.522640 0.126200  0.331553 0.351256
chess_set_pieces_black
0  8.591445 5.973525 64.319756  0.118874 0.590425 0.798290  0.335354 0.348991
0  8.967195 5.430510 64.286911  0.494737 0.074837 0.865815  0.332225 0.348668
0  9.401715 5.771295 63.834927  0.843161 0.522640 0.126200  0.331553 0.351256
chess_set_pieces_black
0  9.401715 5.771295 63.834927  0.843161 0.522640 0.126200  0.331553 0.351256
0  8.967195 5.430510 64.286911  0.494737 0.074837 0.865815  0.332225 0.348668
0  9.453060 5.227470 63.760994  0.903786 -0.106569 0.414506  0.329883 0.349978
chess_set_pieces_black
0  9.401715 5.771295 63.834927  0.843161 0.522640 0.126200  0.331553 0.351256
0  9.453060 5.227470 63.760994  0.903786 -0.106569 0.414506  0.329883 0.349978
0  9.553500 5.162310 61.672497  0.861541 0.497733 -0.100045  0.323419 0.355149
chess_set_pieces_black
0  9.453060 5.227470 63.760994  0.903786 -0.106569 0.414506  0.329883 0.349978
0  9.902475 4.745250 61.925175  0.987530 0.096408 0.124463  0.322984 0.352645
0  9.553500 5.162310 61.672497  0.861541 0.497733 -0.100045  0.323419 0.355149
chess_set_pieces_black
0  10.231605 3.353130 59.493015  0.952640 0.286742 -0.101271  0.311540 0.352413
0  9.553500 5.162310 61.672497  0.861541 0.497733 -0.100045  0.323419 0.355149
0  9.902475 4.745250 61.925175  0.987530 0.096408 0.124463  0.322984 0.352645
chess_set_pieces_black
0  10.140750 2.661525 59.722919  0.992618 -0.114079 0.041177  0.311229 0.349366
0  10.231605 3.353130 59.493015  0.952640 0.286742 -0.101271  0.311540 0.352413
0  9.902475 4.745250 61.925175  0.987530 0.096408 0.124463  0.322984 0.352645
chess_set_pieces_black
0  10.140750 2.661525 59.722919  0.992618 -0.114079 0.041177  0.311229 0.349366
0  9.902475 4.745250 61.925175  0.987530 0.096408 0.124463  0.322984 0.352645
0  9.862425 2.094300 59.941574  0.885745 -0.415546 0.206825  0.311160 0.346552
chess_set_pieces_black
0  9.902475 4.745250 61.925175  0.987530 0.096408 0.124463  0.322984 0.352645
0  9.975780 4.091445 61.974586  0.924399 -0.251873 0.286438  0.321724 0.350312
0  9.862425 2.094300 59.941574  0.885745 -0.415546 0.206825  0.311160 0.346552
chess_set_pieces_black
0  9.902475 4.745250 61.925175  0.987530 0.096408 0.124463  0.322984 0.352645
0  9.453060 5.227470 63.760994  0.903786 -0.106569 0.414506  0.329883 0.349978
0  9.975780 4.091445 61.974586  0.924399 -0.251873 0.286438  0.321724 0.350312
chess_set_pieces_black
0  8.967195 5.430510 64.286911  0.494737 0.074837 0.865815  0.332225 0.348668
0  8.591445 5.973525 64.319756  0.118874 0.590425 0.798290  0.335354 0.348991
0  8.505630 5.129865 64.410706  0.166617 -0.199016 0.965728  0.332322 0.346660
chess_set_pieces_black
0  9.013005 4.833810 64.064201  0.529210 -0.484930 0.696261  0.330207 0.347669
0  8.967195 5.430510 64.286911  0.494737 0.074837 0.865815  0.332225 0.348668
0  8.505630 5.129865 64.410706  0.166617 -0.199016 0.965728  0.332322 0.346660
chess_set_pieces_black
0  8.967195 5.430510 64.286911  0.494737 0.074837 0.865815  0.332225 0.348668
0  9.013005 4.833810 64.064201  0.529210 -0.484930 0.696261  0.330207 0.347669
0  9.453060 5.227470 63.760994  0.903786 -0.106569 0.414506  0.329883 0.349978
chess_set_pieces_black
0  9.453060 5.227470 63.760994  0.903786 -0.106569 0.414506  0.329883 0.349978
0  9.013005 4.833810 64.064201  0.529210 -0.484930 0.696261  0.330207 0.347669
0  9.678510 3.682485 62.396141  0.761251 -0.463881 0.453112  0.322670 0.348000
chess_set_pieces_black
0  9.453060 5.227470 63.760994  0.903786 -0.106569 0.414506  0.329883 0.349978
0  9.678510 3.682485 62.396141  0.761251 -0.463881 0.453112  0.322670 0.348000
0  9.975780 4.091445 61.974586  0.924399 -0.251873 0.286438  0.321724 0.350312
chess_set_pieces_black
0  9.975780 4.091445 61.974586  0.924399 -0.251873 0.286438  0.321724 0.350312
0  9.678510 3.682485 62.396141  0.761251 -0.463881 0.453112  0.322670 0.348000
0  9.362565 1.611900 60.193752  0.706784 -0.607913 0.361797  0.311478 0.343476
chess_set_pieces_black
0  9.862425 2.094300 59.941574  0.885745 -0.415546 0.206825  0.311160 0.346552
0  9.975780 4.091445 61.974586  0.924399 -0.251873 0.286438  0.321724 0.350312
0  9.362565 1.611900 60.193752  0.706784 -0.607913 0.361797  0.311478 0.343476
chess_set_pieces_black
0  9.862425 2.094300 59.941574  0.885745 -0.415546 0.206825  0.311160 0.346552
0  9.362565 1.611900 60.193752  0.706784 -0.607913 0.361797  0.311478 0.343476
0  9.096930 0.348660 57.979214  0.736156 -0.626873 0.255156  0.300487 0.341152
chess_set_pieces_black
0  9.611145 1.012455 57.604324  0.877951 -0.471405 0.083540  0.299954 0.345334
0  9.862425 2.094300 59.941574  0.885745 -0.415546 0.206825  0.311160 0.346552
0  9.096930 0.348660 57.979214  0.736156 -0.626873 0.255156  0.300487 0.341152
chess_set_pieces_black
0  9.611145 1.012455 57.604324  0.877951 -0.471405 0.083540  0.299954 0.345334
0  9.931680 1.753425 57.324059  0.964306 -0.261403 -0.042211  0.300003 0.349254
0  9.862425 2.094300 59.941574  0.885745 -0.415546 0.206825  0.311160 0.346552
chess_set_pieces_black
0  9.931680 1.753425 57.324059  0.964306 -0.261403 -0.042211  0.300003 0.349254
0  10.140750 2.661525 59.722919  0.992618 -0.114079 0.041177  0.311229 0.349366
0  9.862425 2.094300 59.941574  0.885745 -0.415546 0.206825  0.311160 0.346552
chess_set_pieces_black
0  9.931680 1.753425 57.324059  0.964306 -0.261403 -0.042211  0.300003 0.349254
0  9.994545 2.591010 57.166920  0.988272 0.071822 -0.134760  0.300736 0.353091
0  10.140750 2.661525 59.722919  0.992618 -0.114079 0.041177  0.311229 0.349366
chess_set_pieces_black
0  9.994545 2.591010 57.166920  0.988272 0.071822 -0.134760  0.300736 0.353091
0  10.231605 3.353130 59.493015  0.952640 0.286742 -0.101271  0.311540 0.352413
0  10.140750 2.661525 59.722919  0.992618 -0.114079 0.041177  0.311229 0.349366
chess_set_pieces_black
0  10.231605 3.353130 59.493015  0.952640 0.286742 -0.101271  0.311540 0.352413
0  9.994545 2.591010 57.166920  0.988272 0.071822 -0.134760  0.300736 0.353091
0  9.787905 3.578175 57.131416  0.758624 0.628786 -0.170639  0.302241 0.357480
chess_set_pieces_black
0  9.677520 4.363155 59.305546  0.554653 0.790863 -0.258643  0.312799 0.357293
0  10.231605 3.353130 59.493015  0.952640 0.286742 -0.101271  0.311540 0.352413
0  9.787905 3.578175 57.131416  0.758624 0.628786 -0.170639  0.302241 0.357480
chess_set_pieces_black
0  9.677520 4.363155 59.305546  0.554653 0.790863 -0.258643  0.312799 0.357293
0  9.061200 5.380110 61.568954  0.467399 0.819246 -0.332225  0.324220 0.357514
0  10.231605 3.353130 59.493015  0.952640 0.286742 -0.101271  0.311540 0.352413
chess_set_pieces_black
0  9.061200 5.380110 61.568954  0.467399 0.819246 -0.332225  0.324220 0.357514
0  9.553500 5.162310 61.672497  0.861541 0.497733 -0.100045  0.323419 0.355149
0  10.231605 3.353130 59.493015  0.952640 0.286742 -0.101271  0.311540 0.352413
chess_set_pieces_black
0  9.061200 5.380110 61.568954  0.467399 0.819246 -0.332225  0.324220 0.357514
0  9.036495 6.325020 63.654076  0.529978 0.837581 -0.132593  0.333755 0.353356
0  9.553500 5.162310 61.672497  0.861541 0.497733 -0.100045  0.323419 0.355149
chess_set_pieces_black
0  5.981220 13.434074 0.000000  0.005537 0.012884 -0.999902  0.198225 0.747702
0  8.643645 11.896920 0.000000  0.012949 0.013191 -0.999829  0.210308 0.752924
0  5.338620 11.990790 0.000000  0.000000 0.000000 -1.000000  0.201543 0.741803
chess_set_pieces_black
0  5.981220 13.434074 0.000000  0.005537 0.012884 -0.999902  0.198225 0.747702
0  5.338620 11.990790 0.000000  0.000000 0.000000 -1.000000  0.201543 0.741803
0  2.728935 12.838725 0.000000  0.000000 0.000000 -1.000000  0.191955 0.734997
chess_set_pieces_black
0  3.057435 14.384070 0.000000  0.003458 0.013505 -0.999903  0.187478 0.740080
0  5.981220 13.434074 0.000000  0.005537 0.012884 -0.999902  0.198225 0.747702
0  2.728935 12.838725 0.000000  0.000000 0.000000 -1.000000  0.191955 0.734997
chess_set_pieces_black
0  3.057435 14.384070 0.000000  0.003458 0.013505 -0.999903  0.187478 0.740080
0  2.728935 12.838725 0.000000  0.000000 0.000000 -1.000000  0.191955 0.734997
0  0.000000 13.125555 0.000000  0.000000 0.000000 -1.000000  0.183990 0.726336
chess_set_pieces_black
0  0.000000 14.705415 0.000000  0.000075 0.012553 -0.999921  0.178550 0.730375
0  3.057435 14.384070 0.000000  0.003458 0.013505 -0.999903  0.187478 0.740080
0  0.000000 13.125555 0.000000  0.000000 0.000000 -1.000000  0.183990 0.726336
chess_set_pieces_black
0  0.000000 14.705415 0.000000  0.000075 0.012553 -0.999921  0.178550 0.730375
0  0.000000 13.125555 0.000000  0.000000 0.000000 -1.000000  0.183990 0.726336
0  -2.728980 12.838725 0.000000  0.000000 0.000000 -1.000000  0.178006 0.716205
chess_set_pieces_black
0  -2.728980 12.838725 0.000000  0.000000 0.000000 -1.000000  0.178006 0.716205
0  0.000000 13.125555 0.000000  0.000000 0.000000 -1.000000  0.183990 0.726336
0  0.000000 0.000000 0.000000  0.000000 0.000000 -1.000000  0.229151 0.692816
chess_set_pieces_black
0  0.000000 0.000000 0.000000  0.000000 0.000000 -1.000000  0.229151 0.692816
0  -5.338665 11.990790 0.000000  0.000000 0.000000 -1.000000  0.174266 0.705055
0  -2.728980 12.838725 0.000000  0.000000 0.000000 -1.000000  0.178006 0.716205
chess_set_pieces_black
0  0.000000 0.000000 0.000000  0.000000 0.000000 -1.000000  0.229151 0.692816
0  -7.715025 10.618785 0.000000  0.000000 0.000000 -1.000000  0.172925 0.693377
0  -5.338665 11.990790 0.000000  0.000000 0.000000 -1.000000  0.174266 0.705055
chess_set_pieces_black
0  0.000000 0.000000 0.000000  0.000000 0.000000 -1.000000  0.229151 0.692816
0  -9.754200 8.782695 0.000000  0.000000 0.000000 -1.000000  0.174043 0.681668
0  -7.715025 10.618785 0.000000  0.000000 0.000000 -1.000000  0.172925 0.693377
chess_set_pieces_black
0  0.000000 0.000000 0.000000  0.000000 0.000000 -1.000000  0.229151 0.692816
0  -11.367090 6.562755 0.000000  0.000000 0.000000 -1.000000  0.177572 0.670451
0  -9.754200 8.782695 0.000000  0.000000 0.000000 -1.000000  0.174043 0.681668
chess_set_pieces_black
0  0.000000 0.000000 0.000000  0.000000 0.000000 -1.000000  0.229151 0.692816
0  -12.483135 4.056030 0.000000  0.000000 0.000000 -1.000000  0.183343 0.660214
0  -11.367090 6.562755 0.000000  0.000000 0.000000 -1.000000  0.177572 0.670451
chess_set_pieces_black
0  0.000000 0.000000 0.000000  0.000000 0.000000 -1.000000  0.229151 0.692816
0  -13.053645 1.372005 0.000000  0.000000 0.000000 -1.000000  0.191127 0.651404
0  -12.483135 4.056030 0.000000  0.000000 0.000000 -1.000000  0.183343 0.660214
chess_set_pieces_black
0  0.000000 0.000000 0.000000  0.000000 0.000000 -1.000000  0.229151 0.692816
0  -13.053645 -1.372005 0.000000  0.000000 0.000000 -1.000000  0.200573 0.644407
0  -13.053645 1.372005 0.000000  0.000000 0.000000 -1.000000  0.191127 0.651404
chess_set_pieces_black
0  -12.483135 -4.056030 0.000000  0.000000 0.000000 -1.000000  0.211259 0.639534
0  -13.053645 -1.372005 0.000000  0.000000 0.000000 -1.000000  0.200573 0.644407
0  0.000000 0.000000 0.000000  0.000000 0.000000 -1.000000  0.229151 0.692816
chess_set_pieces_black
0  0.000000 0.000000 0.000000  0.000000 0.000000 -1.000000  0.229151 0.692816
0  -11.367044 -6.562800 0.000000  0.000000 0.000000 -1.000000  0.222720 0.636992
0  -12.483135 -4.056030 0.000000  0.000000 0.000000 -1.000000  0.211259 0.639534
chess_set_pieces_black
0  0.000000 0.000000 0.000000  0.000000 0.000000 -1.000000  0.229151 0.692816
0  -9.754200 -8.782740 0.000000  0.000000 0.000000 -1.000000  0.234461 0.636885
0  -11.367044 -6.562800 0.000000  0.000000 0.000000 -1.000000  0.222720 0.636992
chess_set_pieces_black
0  0.000000 0.000000 0.000000  0.000000 0.000000 -1.000000  0.229151 0.692816
0  -7.715025 -10.618785 0.000000  0.000000 0.000000 -1.000000  0.245971 0.639217
0  -9.754200 -8.782740 0.000000  0.000000 0.000000 -1.000000  0.234461 0.636885
chess_set_pieces_black
0  0.000000 0.000000 0.000000  0.000000 0.000000 -1.000000  0.229151 0.692816
0  -5.338665 -11.990835 0.000000  0.000000 0.000000 -1.000000  0.256750 0.643887
0  -7.715025 -10.618785 0.000000  0.000000 0.000000 -1.000000  0.245971 0.639217
chess_set_pieces_black
0  -5.338665 -11.990835 0.000000  0.000000 0.000000 -1.000000  0.256750 0.643887
0  0.000000 0.000000 0.000000  0.000000 0.000000 -1.000000  0.229151 0.692816
0  -2.728935 -12.838725 0.000000  0.000000 0.000000 -1.000000  0.266324 0.650689
chess_set_pieces_black
0  -2.728935 -12.838725 0.000000  0.000000 0.000000 -1.000000  0.266324 0.650689
0  0.000000 0.000000 0.000000  0.000000 0.000000 -1.000000  0.229151 0.692816
0  0.000000 -13.125555 0.000000  0.000000 0.000000 -1.000000  0.274271 0.659319
chess_set_pieces_black
0  2.728980 -12.838725 0.000000  0.000000 0.000000 -1.000000  0.280238 0.669419
0  0.000000 -13.125555 0.000000  0.000000 0.000000 -1.000000  0.274271 0.659319
0  0.000000 0.000000 0.000000  0.000000 0.000000 -1.000000  0.229151 0.692816
chess_set_pieces_black
0  0.000000 0.000000 0.000000  0.000000 0.000000 -1.000000  0.229151 0.692816
0  5.338665 -11.990835 0.000000  0.000000 0.000000 -1.000000  0.283984 0.680547
0  2.728980 -12.838725 0.000000  0.000000 0.000000 -1.000000  0.280238 0.669419
chess_set_pieces_black
0  0.000000 0.000000 0.000000  0.000000 0.000000 -1.000000  0.229151 0.692816
0  7.715025 -10.618785 0.000000  0.000000 0.000000 -1.000000  0.285342 0.692222
0  5.338665 -11.990835 0.000000  0.000000 0.000000 -1.000000  0.283984 0.680547
chess_set_pieces_black
0  0.000000 0.000000 0.000000  0.000000 0.000000 -1.000000  0.229151 0.692816
0  9.754200 -8.782695 0.000000  0.000000 0.000000 -1.000000  0.284243 0.703928
0  7.715025 -10.618785 0.000000  0.000000 0.000000 -1.000000  0.285342 0.692222
chess_set_pieces_black
0  0.000000 0.000000 0.000000  0.000000 0.000000 -1.000000  0.229151 0.692816
0  11.367090 -6.562755 0.000000  0.000000 0.000000 -1.000000  0.280737 0.715145
0  9.754200 -8.782695 0.000000  0.000000 0.000000 -1.000000  0.284243 0.703928
chess_set_pieces_black
0  0.000000 0.000000 0.000000  0.000000 0.000000 -1.000000  0.229151 0.692816
0  12.483135 -4.056030 0.000000  0.000000 0.000000 -1.000000  0.274979 0.725384
0  11.367090 -6.562755 0.000000  0.000000 0.000000 -1.000000  0.280737 0.715145
chess_set_pieces_black
0  0.000000 0.000000 0.000000  0.000000 0.000000 -1.000000  0.229151 0.692816
0  13.053645 -1.372005 0.000000  0.000000 0.000000 -1.000000  0.267211 0.734200
0  12.483135 -4.056030 0.000000  0.000000 0.000000 -1.000000  0.274979 0.725384
chess_set_pieces_black
0  0.000000 0.000000 0.000000  0.000000 0.000000 -1.000000  0.229151 0.692816
0  13.053645 1.372005 0.000000  0.000000 0.000000 -1.000000  0.257774 0.741210
0  13.053645 -1.372005 0.000000  0.000000 0.000000 -1.000000  0.267211 0.734200
chess_set_pieces_black
0  12.483135 4.056030 0.000000  0.000000 0.000000 -1.000000  0.247086 0.746104
0  13.053645 1.372005 0.000000  0.000000 0.000000 -1.000000  0.257774 0.741210
0  0.000000 0.000000 0.000000  0.000000 0.000000 -1.000000  0.229151 0.692816
chess_set_pieces_black
0  12.483135 4.056030 0.000000  0.000000 0.000000 -1.000000  0.247086 0.746104
0  0.000000 0.000000 0.000000  0.000000 0.000000 -1.000000  0.229151 0.692816
0  11.367044 6.562800 0.000000  0.000000 0.000000 -1.000000  0.235617 0.748663
chess_set_pieces_black
0  0.000000 0.000000 0.000000  0.000000 0.000000 -1.000000  0.229151 0.692816
0  9.754200 8.782740 0.000000  0.000000 0.000000 -1.000000  0.223860 0.748788
0  11.367044 6.562800 0.000000  0.000000 0.000000 -1.000000  0.235617 0.748663
chess_set_pieces_black
0  0.000000 0.000000 0.000000  0.000000 0.000000 -1.000000  0.229151 0.692816
0  7.715025 10.618785 0.000000  0.000000 0.000000 -1.000000  0.212331 0.746466
0  9.754200 8.782740 0.000000  0.000000 0.000000 -1.000000  0.223860 0.748788
chess_set_pieces_black
0  0.000000 0.000000 0.000000  0.000000 0.000000 -1.000000  0.229151 0.692816
0  5.338620 11.990790 0.000000  0.000000 0.000000 -1.000000  0.201543 0.741803
0  7.715025 10.618785 0.000000  0.000000 0.000000 -1.000000  0.212331 0.746466
chess_set_pieces_black
0  0.000000 0.000000 0.000000  0.000000 0.000000 -1.000000  0.229151 0.692816
0  2.728935 12.838725 0.000000  0.000000 0.000000 -1.000000  0.191955 0.734997
0  5.338620 11.990790 0.000000  0.000000 0.000000 -1.000000  0.201543 0.741803
chess_set_pieces_black
0  0.000000 0.000000 0.000000  0.000000 0.000000 -1.000000  0.229151 0.692816
0  0.000000 13.125555 0.000000  0.000000 0.000000 -1.000000  0.183990 0.726336
0  2.728935 12.838725 0.000000  0.000000 0.000000 -1.000000  0.191955 0.734997
chess_set_pieces_black
0  10.928250 -9.839835 0.000000  0.013802 -0.017310 -0.999755  0.290877 0.705263
0  8.643645 -11.896920 0.000000  0.017614 -0.028473 -0.999439  0.292109 0.692146
0  9.754200 -8.782695 0.000000  0.000000 0.000000 -1.000000  0.284243 0.703928
chess_set_pieces_black
0  10.928250 -9.839835 0.000000  0.013802 -0.017310 -0.999755  0.290877 0.705263
0  9.754200 -8.782695 0.000000  0.000000 0.000000 -1.000000  0.284243 0.703928
0  11.367090 -6.562755 0.000000  0.000000 0.000000 -1.000000  0.280737 0.715145
chess_set_pieces_black
0  12.735271 -7.352730 0.000000  0.010307 -0.007511 -0.999919  0.286947 0.717828
0  10.928250 -9.839835 0.000000  0.013802 -0.017310 -0.999755  0.290877 0.705263
0  11.367090 -6.562755 0.000000  0.000000 0.000000 -1.000000  0.280737 0.715145
chess_set_pieces_black
0  12.735271 -7.352730 0.000000  0.010307 -0.007511 -0.999919  0.286947 0.717828
0  11.367090 -6.562755 0.000000  0.000000 0.000000 -1.000000  0.280737 0.715145
0  12.483135 -4.056030 0.000000  0.000000 0.000000 -1.000000  0.274979 0.725384
chess_set_pieces_black
0  13.985685 -4.544235 0.000000  0.008631 -0.003074 -0.999958  0.280497 0.729301
0  12.735271 -7.352730 0.000000  0.010307 -0.007511 -0.999919  0.286947 0.717828
0  12.483135 -4.056030 0.000000  0.000000 0.000000 -1.000000  0.274979 0.725384
chess_set_pieces_black
0  13.985685 -4.544235 0.000000  0.008631 -0.003074 -0.999958  0.280497 0.729301
0  12.483135 -4.056030 0.000000  0.000000 0.000000 -1.000000  0.274979 0.725384
0  13.053645 -1.372005 0.000000  0.000000 0.000000 -1.000000  0.267211 0.734200
chess_set_pieces_black
0  14.624866 -1.537110 0.000000  0.010155 -0.000333 -0.999948  0.271794 0.739179
0  13.985685 -4.544235 0.000000  0.008631 -0.003074 -0.999958  0.280497 0.729301
0  13.053645 -1.372005 0.000000  0.000000 0.000000 -1.000000  0.267211 0.734200
chess_set_pieces_black
0  14.624866 -1.537110 0.000000  0.010155 -0.000333 -0.999948  0.271794 0.739179
0  13.053645 -1.372005 0.000000  0.000000 0.000000 -1.000000  0.267211 0.734200
0  13.053645 1.372005 0.000000  0.000000 0.000000 -1.000000  0.257774 0.741210
chess_set_pieces_black
0  14.624866 1.537155 0.000000  0.011903 0.001283 -0.999928  0.261219 0.747036
0  14.624866 -1.537110 0.000000  0.010155 -0.000333 -0.999948  0.271794 0.739179
0  13.053645 1.372005 0.000000  0.000000 0.000000 -1.000000  0.257774 0.741210
chess_set_pieces_black
0  14.624866 1.537155 0.000000  0.011903 0.001283 -0.999928  0.261219 0.747036
0  13.053645 1.372005 0.000000  0.000000 0.000000 -1.000000  0.257774 0.741210
0  12.483135 4.056030 0.000000  0.000000 0.000000 -1.000000  0.247086 0.746104
chess_set_pieces_black
0  13.985685 4.544235 0.000000  0.011109 0.003473 -0.999932  0.249243 0.752520
0  14.624866 1.537155 0.000000  0.011903 0.001283 -0.999928  0.261219 0.747036
0  12.483135 4.056030 0.000000  0.000000 0.000000 -1.000000  0.247086 0.746104
chess_set_pieces_black
0  13.985685 4.544235 0.000000  0.011109 0.003473 -0.999932  0.249243 0.752520
0  12.483135 4.056030 0.000000  0.000000 0.000000 -1.000000  0.247086 0.746104
0  11.367044 6.562800 0.000000  0.000000 0.000000 -1.000000  0.235617 0.748663
chess_set_pieces_black
0  12.735271 7.352730 0.000000  0.012615 0.010879 -0.999861  0.236396 0.755384
0  13.985685 4.544235 0.000000  0.011109 0.003473 -0.999932  0.249243 0.752520
0  11.367044 6.562800 0.000000  0.000000 0.000000 -1.000000  0.235617 0.748663
chess_set_pieces_black
0  12.735271 7.352730 0.000000  0.012615 0.010879 -0.999861  0.236396 0.755384
0  11.367044 6.562800 0.000000  0.000000 0.000000 -1.000000  0.235617 0.748663
0  9.754200 8.782740 0.000000  0.000000 0.000000 -1.000000  0.223860 0.748788
chess_set_pieces_black
0  10.928250 9.839880 0.000000  0.015843 0.014906 -0.999763  0.223224 0.755528
0  12.735271 7.352730 0.000000  0.012615 0.010879 -0.999861  0.236396 0.755384
0  9.754200 8.782740 0.000000  0.000000 0.000000 -1.000000  0.223860 0.748788
chess_set_pieces_black
0  10.928250 9.839880 0.000000  0.015843 0.014906 -0.999763  0.223224 0.755528
0  9.754200 8.782740 0.000000  0.000000 0.000000 -1.000000  0.223860 0.748788
0  7.715025 10.618785 0.000000  0.000000 0.000000 -1.000000  0.212331 0.746466
chess_set_pieces_black
0  8.643645 11.896920 0.000000  0.012949 0.013191 -0.999829  0.210308 0.752924
0  10.928250 9.839880 0.000000  0.015843 0.014906 -0.999763  0.223224 0.755528
0  7.715025 10.618785 0.000000  0.000000 0.000000 -1.000000  0.212331 0.746466
chess_set_pieces_black
0  8.643645 11.896920 0.000000  0.012949 0.013191 -0.999829  0.210308 0.752924
0  7.715025 10.618785 0.000000  0.000000 0.000000 -1.000000  0.212331 0.746466
0  5.338620 11.990790 0.000000  0.000000 0.000000 -1.000000  0.201543 0.741803
chess_set_pieces_black
0  0.000000 -14.705415 0.000000  0.000333 -0.013808 -0.999905  0.279697 0.655289
0  -0.000450 -16.098209 0.021015  0.000681 -0.140244 -0.990117  0.284486 0.651730
0  -3.057435 -14.384070 0.000000  -0.007311 -0.018505 -0.999802  0.270791 0.645621
chess_set_pieces_black
0  3.402405 -15.748380 0.061875  0.042515 -0.151969 -0.987470  0.291951 0.664313
0  -0.000450 -16.098209 0.021015  0.000681 -0.140244 -0.990117  0.284486 0.651730
0  0.000000 -14.705415 0.000000  0.000333 -0.013808 -0.999905  0.279697 0.655289
chess_set_pieces_black
0  3.057435 -14.384070 0.000000  0.008365 -0.020440 -0.999756  0.286379 0.666606
0  3.402405 -15.748380 0.061875  0.042515 -0.151969 -0.987470  0.291951 0.664313
0  0.000000 -14.705415 0.000000  0.000333 -0.013808 -0.999905  0.279697 0.655289
chess_set_pieces_black
0  6.654600 -14.689216 0.103455  0.077952 -0.162058 -0.983698  0.296641 0.678166
0  3.402405 -15.748380 0.061875  0.042515 -0.151969 -0.987470  0.291951 0.664313
0  3.057435 -14.384070 0.000000  0.008365 -0.020440 -0.999756  0.286379 0.666606
chess_set_pieces_black
0  5.981265 -13.434120 0.000000  0.015732 -0.029597 -0.999438  0.290582 0.679065
0  6.654600 -14.689216 0.103455  0.077952 -0.162058 -0.983698  0.296641 0.678166
0  3.057435 -14.384070 0.000000  0.008365 -0.020440 -0.999756  0.286379 0.666606
chess_set_pieces_black
0  9.612946 -12.977236 0.110700  0.099181 -0.146414 -0.984239  0.298333 0.692721
0  6.654600 -14.689216 0.103455  0.077952 -0.162058 -0.983698  0.296641 0.678166
0  5.981265 -13.434120 0.000000  0.015732 -0.029597 -0.999438  0.290582 0.679065
chess_set_pieces_black
0  8.643645 -11.896920 0.000000  0.017614 -0.028473 -0.999439  0.292109 0.692146
0  9.612946 -12.977236 0.110700  0.099181 -0.146414 -0.984239  0.298333 0.692721
0  5.981265 -13.434120 0.000000  0.015732 -0.029597 -0.999438  0.290582 0.679065
chess_set_pieces_black
0  12.163680 -10.697670 0.051885  0.109068 -0.109030 -0.988037  0.296995 0.707331
0  9.612946 -12.977236 0.110700  0.099181 -0.146414 -0.984239  0.298333 0.692721
0  8.643645 -11.896920 0.000000  0.017614 -0.028473 -0.999439  0.292109 0.692146
chess_set_pieces_black
0  10.928250 -9.839835 0.000000  0.013802 -0.017310 -0.999755  0.290877 0.705263
0  12.163680 -10.697670 0.051885  0.109068 -0.109030 -0.988037  0.296995 0.707331
0  8.643645 -11.896920 0.000000  0.017614 -0.028473 -0.999439  0.292109 0.692146
chess_set_pieces_black
0  14.176169 -7.931025 0.036495  0.117516 -0.071273 -0.990510  0.292624 0.721312
0  12.163680 -10.697670 0.051885  0.109068 -0.109030 -0.988037  0.296995 0.707331
0  10.928250 -9.839835 0.000000  0.013802 -0.017310 -0.999755  0.290877 0.705263
chess_set_pieces_black
0  12.735271 -7.352730 0.000000  0.010307 -0.007511 -0.999919  0.286947 0.717828
0  14.176169 -7.931025 0.036495  0.117516 -0.071273 -0.990510  0.292624 0.721312
0  10.928250 -9.839835 0.000000  0.013802 -0.017310 -0.999755  0.290877 0.705263
chess_set_pieces_black
0  15.556861 -4.798755 0.023130  0.123340 -0.040678 -0.991530  0.285398 0.734064
0  14.176169 -7.931025 0.036495  0.117516 -0.071273 -0.990510  0.292624 0.721312
0  12.735271 -7.352730 0.000000  0.010307 -0.007511 -0.999919  0.286947 0.717828
chess_set_pieces_black
0  13.985685 -4.544235 0.000000  0.008631 -0.003074 -0.999958  0.280497 0.729301
0  15.556861 -4.798755 0.023130  0.123340 -0.040678 -0.991530  0.285398 0.734064
0  12.735271 -7.352730 0.000000  0.010307 -0.007511 -0.999919  0.286947 0.717828
chess_set_pieces_black
0  16.270334 -1.454670 0.029250  0.129768 -0.010998 -0.991483  0.275719 0.745056
0  15.556861 -4.798755 0.023130  0.123340 -0.040678 -0.991530  0.285398 0.734064
0  13.985685 -4.544235 0.000000  0.008631 -0.003074 -0.999958  0.280497 0.729301
chess_set_pieces_black
0  14.624866 -1.537110 0.000000  0.010155 -0.000333 -0.999948  0.271794 0.739179
0  16.270334 -1.454670 0.029250  0.129768 -0.010998 -0.991483  0.275719 0.745056
0  13.985685 -4.544235 0.000000  0.008631 -0.003074 -0.999958  0.280497 0.729301
chess_set_pieces_black
0  16.280415 1.967670 0.044955  0.129406 0.013355 -0.991502  0.263967 0.753846
0  16.270334 -1.454670 0.029250  0.129768 -0.010998 -0.991483  0.275719 0.745056
0  14.624866 -1.537110 0.000000  0.010155 -0.000333 -0.999948  0.271794 0.739179
chess_set_pieces_black
0  14.624866 1.537155 0.000000  0.011903 0.001283 -0.999928  0.261219 0.747036
0  16.280415 1.967670 0.044955  0.129406 0.013355 -0.991502  0.263967 0.753846
0  14.624866 -1.537110 0.000000  0.010155 -0.000333 -0.999948  0.271794 0.739179
chess_set_pieces_black
0  15.562800 5.311845 0.030465  0.119824 0.039549 -0.992007  0.250624 0.759922
0  16.280415 1.967670 0.044955  0.129406 0.013355 -0.991502  0.263967 0.753846
0  14.624866 1.537155 0.000000  0.011903 0.001283 -0.999928  0.261219 0.747036
chess_set_pieces_black
0  14.176169 -7.931025 0.036495  0.117516 -0.071273 -0.990510  0.292624 0.721312
0  15.556861 -4.798755 0.023130  0.123340 -0.040678 -0.991530  0.285398 0.734064
0  15.893999 -4.907070 0.231390  0.700471 -0.227823 -0.676341  0.286834 0.735088
chess_set_pieces_black
0  15.893999 -4.907070 0.231390  0.700471 -0.227823 -0.676341  0.286834 0.735088
0  15.556861 -4.798755 0.023130  0.123340 -0.040678 -0.991530  0.285398 0.734064
0  16.596359 -1.490085 0.248085  0.743030 -0.072818 -0.665284  0.276873 0.746304
chess_set_pieces_black
0  15.556861 -4.798755 0.023130  0.123340 -0.040678 -0.991530  0.285398 0.734064
0  16.270334 -1.454670 0.029250  0.129768 -0.010998 -0.991483  0.275719 0.745056
0  16.596359 -1.490085 0.248085  0.743030 -0.072818 -0.665284  0.276873 0.746304
chess_set_pieces_black
0  16.596359 -1.490085 0.248085  0.743030 -0.072818 -0.665284  0.276873 0.746304
0  16.270334 -1.454670 0.029250  0.129768 -0.010998 -0.991483  0.275719 0.745056
0  16.573095 1.997910 0.258210  0.751104 0.077255 -0.655648  0.264770 0.755199
chess_set_pieces_black
0  16.270334 -1.454670 0.029250  0.129768 -0.010998 -0.991483  0.275719 0.745056
0  16.280415 1.967670 0.044955  0.129406 0.013355 -0.991502  0.263967 0.753846
0  16.573095 1.997910 0.258210  0.751104 0.077255 -0.655648  0.264770 0.755199
chess_set_pieces_black
0  16.573095 1.997910 0.258210  0.751104 0.077255 -0.655648  0.264770 0.755199
0  16.280415 1.967670 0.044955  0.129406 0.013355 -0.991502  0.263967 0.753846
0  15.881761 5.413590 0.238995  0.716120 0.234786 -0.657303  0.251170 0.761526
chess_set_pieces_black
0  16.280415 1.967670 0.044955  0.129406 0.013355 -0.991502  0.263967 0.753846
0  15.562800 5.311845 0.030465  0.119824 0.039549 -0.992007  0.250624 0.759922
0  15.881761 5.413590 0.238995  0.716120 0.234786 -0.657303  0.251170 0.761526
chess_set_pieces_black
0  15.881761 5.413590 0.238995  0.716120 0.234786 -0.657303  0.251170 0.761526
0  15.562800 5.311845 0.030465  0.119824 0.039549 -0.992007  0.250624 0.759922
0  14.418631 8.580150 0.266535  0.661778 0.394222 -0.637683  0.236503 0.764639
chess_set_pieces_black
0  15.562800 5.311845 0.030465  0.119824 0.039549 -0.992007  0.250624 0.759922
0  14.169870 8.438715 0.047340  0.111163 0.071354 -0.991237  0.236321 0.763095
0  14.418631 8.580150 0.266535  0.661778 0.394222 -0.637683  0.236503 0.764639
chess_set_pieces_black
0  14.418631 8.580150 0.266535  0.661778 0.394222 -0.637683  0.236503 0.764639
0  14.169870 8.438715 0.047340  0.111163 0.071354 -0.991237  0.236321 0.763095
0  12.337020 11.365335 0.292365  0.583327 0.526169 -0.618769  0.221533 0.764639
chess_set_pieces_black
0  14.169870 8.438715 0.047340  0.111163 0.071354 -0.991237  0.236321 0.763095
0  12.163185 11.206665 0.087930  0.102421 0.093380 -0.990349  0.221668 0.763293
0  12.337020 11.365335 0.292365  0.583327 0.526169 -0.618769  0.221533 0.764639
chess_set_pieces_black
0  12.337020 11.365335 0.292365  0.583327 0.526169 -0.618769  0.221533 0.764639
0  12.163185 11.206665 0.087930  0.102421 0.093380 -0.990349  0.221668 0.763293
0  9.781919 13.719330 0.270450  0.461944 0.621847 -0.632387  0.206837 0.761807
chess_set_pieces_black
0  12.163185 11.206665 0.087930  0.102421 0.093380 -0.990349  0.221668 0.763293
0  9.619785 13.494015 0.056565  0.081009 0.102338 -0.991446  0.207290 0.760365
0  9.781919 13.719330 0.270450  0.461944 0.621847 -0.632387  0.206837 0.761807
chess_set_pieces_black
0  9.781919 13.719330 0.270450  0.461944 0.621847 -0.632387  0.206837 0.761807
0  9.619785 13.494015 0.056565  0.081009 0.102338 -0.991446  0.207290 0.760365
0  6.782490 15.490934 0.248805  0.310316 0.699515 -0.643725  0.193051 0.755971
chess_set_pieces_black
0  9.619785 13.494015 0.056565  0.081009 0.102338 -0.991446  0.207290 0.760365
0  6.654555 15.204329 0.035505  0.049668 0.112844 -0.992371  0.193849 0.754550
0  6.782490 15.490934 0.248805  0.310316 0.699515 -0.643725  0.193051 0.755971
chess_set_pieces_black
0  6.782490 15.490934 0.248805  0.310316 0.699515 -0.643725  0.193051 0.755971
0  6.654555 15.204329 0.035505  0.049668 0.112844 -0.992371  0.193849 0.754550
0  3.457800 16.523911 0.276840  0.161760 0.744978 -0.647180  0.180896 0.747205
chess_set_pieces_black
0  6.654555 15.204329 0.035505  0.049668 0.112844 -0.992371  0.193849 0.754550
0  3.402720 16.262686 0.060255  0.026712 0.119200 -0.992511  0.181880 0.746086
0  3.457800 16.523911 0.276840  0.161760 0.744978 -0.647180  0.180896 0.747205
chess_set_pieces_black
0  3.457800 16.523911 0.276840  0.161760 0.744978 -0.647180  0.180896 0.747205
0  3.402720 16.262686 0.060255  0.026712 0.119200 -0.992511  0.181880 0.746086
0  -0.000045 16.957260 0.233190  0.000285 0.755271 -0.655412  0.170565 0.736302
chess_set_pieces_black
0  13.985685 4.544235 0.000000  0.011109 0.003473 -0.999932  0.249243 0.752520
0  15.562800 5.311845 0.030465  0.119824 0.039549 -0.992007  0.250624 0.759922
0  14.624866 1.537155 0.000000  0.011903 0.001283 -0.999928  0.261219 0.747036
chess_set_pieces_black
0  14.169870 8.438715 0.047340  0.111163 0.071354 -0.991237  0.236321 0.763095
0  15.562800 5.311845 0.030465  0.119824 0.039549 -0.992007  0.250624 0.759922
0  13.985685 4.544235 0.000000  0.011109 0.003473 -0.999932  0.249243 0.752520
chess_set_pieces_black
0  12.735271 7.352730 0.000000  0.012615 0.010879 -0.999861  0.236396 0.755384
0  14.169870 8.438715 0.047340  0.111163 0.071354 -0.991237  0.236321 0.763095
0  13.985685 4.544235 0.000000  0.011109 0.003473 -0.999932  0.249243 0.752520
chess_set_pieces_black
0  12.163185 11.206665 0.087930  0.102421 0.093380 -0.990349  0.221668 0.763293
0  14.169870 8.438715 0.047340  0.111163 0.071354 -0.991237  0.236321 0.763095
0  12.735271 7.352730 0.000000  0.012615 0.010879 -0.999861  0.236396 0.755384
chess_set_pieces_black
0  10.928250 9.839880 0.000000  0.015843 0.014906 -0.999763  0.223224 0.755528
0  12.163185 11.206665 0.087930  0.102421 0.093380 -0.990349  0.221668 0.763293
0  12.735271 7.352730 0.000000  0.012615 0.010879 -0.999861  0.236396 0.755384
chess_set_pieces_black
0  9.619785 13.494015 0.056565  0.081009 0.102338 -0.991446  0.207290 0.760365
0  12.163185 11.206665 0.087930  0.102421 0.093380 -0.990349  0.221668 0.763293
0  10.928250 9.839880 0.000000  0.015843 0.014906 -0.999763  0.223224 0.755528
chess_set_pieces_black
0  8.643645 11.896920 0.000000  0.012949 0.013191 -0.999829  0.210308 0.752924
0  9.619785 13.494015 0.056565  0.081009 0.102338 -0.991446  0.207290 0.760365
0  10.928250 9.839880 0.000000  0.015843 0.014906 -0.999763  0.223224 0.755528
chess_set_pieces_black
0  6.654555 15.204329 0.035505  0.049668 0.112844 -0.992371  0.193849 0.754550
0  9.619785 13.494015 0.056565  0.081009 0.102338 -0.991446  0.207290 0.760365
0  8.643645 11.896920 0.000000  0.012949 0.013191 -0.999829  0.210308 0.752924
chess_set_pieces_black
0  5.981220 13.434074 0.000000  0.005537 0.012884 -0.999902  0.198225 0.747702
0  6.654555 15.204329 0.035505  0.049668 0.112844 -0.992371  0.193849 0.754550
0  8.643645 11.896920 0.000000  0.012949 0.013191 -0.999829  0.210308 0.752924
chess_set_pieces_black
0  3.402720 16.262686 0.060255  0.026712 0.119200 -0.992511  0.181880 0.746086
0  6.654555 15.204329 0.035505  0.049668 0.112844 -0.992371  0.193849 0.754550
0  5.981220 13.434074 0.000000  0.005537 0.012884 -0.999902  0.198225 0.747702
chess_set_pieces_black
0  3.057435 14.384070 0.000000  0.003458 0.013505 -0.999903  0.187478 0.740080
0  3.402720 16.262686 0.060255  0.026712 0.119200 -0.992511  0.181880 0.746086
0  5.981220 13.434074 0.000000  0.005537 0.012884 -0.999902  0.198225 0.747702
chess_set_pieces_black
0  0.000045 16.621559 0.025470  0.000204 0.118301 -0.992978  0.171929 0.735290
0  3.402720 16.262686 0.060255  0.026712 0.119200 -0.992511  0.181880 0.746086
0  3.057435 14.384070 0.000000  0.003458 0.013505 -0.999903  0.187478 0.740080
chess_set_pieces_black
0  0.000000 14.705415 0.000000  0.000075 0.012553 -0.999921  0.178550 0.730375
0  0.000045 16.621559 0.025470  0.000204 0.118301 -0.992978  0.171929 0.735290
0  3.057435 14.384070 0.000000  0.003458 0.013505 -0.999903  0.187478 0.740080
chess_set_pieces_black
0  -3.402585 16.262234 0.058185  -0.026582 0.118464 -0.992602  0.164478 0.722639
0  0.000045 16.621559 0.025470  0.000204 0.118301 -0.992978  0.171929 0.735290
0  0.000000 14.705415 0.000000  0.000075 0.012553 -0.999921  0.178550 0.730375
chess_set_pieces_black
0  -3.057435 14.384070 0.000000  -0.003380 0.013126 -0.999908  0.171844 0.719019
0  -3.402585 16.262234 0.058185  -0.026582 0.118464 -0.992602  0.164478 0.722639
0  0.000000 14.705415 0.000000  0.000075 0.012553 -0.999921  0.178550 0.730375
chess_set_pieces_black
0  -6.653656 15.201225 0.035910  -0.049705 0.111783 -0.992489  0.159846 0.708727
0  -3.402585 16.262234 0.058185  -0.026582 0.118464 -0.992602  0.164478 0.722639
0  -3.057435 14.384070 0.000000  -0.003380 0.013126 -0.999908  0.171844 0.719019
chess_set_pieces_black
0  -5.981265 13.434074 0.000000  -0.005850 0.012996 -0.999898  0.167657 0.706525
0  -6.653656 15.201225 0.035910  -0.049705 0.111783 -0.992489  0.159846 0.708727
0  -3.057435 14.384070 0.000000  -0.003380 0.013126 -0.999908  0.171844 0.719019
chess_set_pieces_black
0  -9.619246 13.492575 0.059850  -0.082069 0.102083 -0.991385  0.158164 0.694174
0  -6.653656 15.201225 0.035910  -0.049705 0.111783 -0.992489  0.159846 0.708727
0  -5.981265 13.434074 0.000000  -0.005850 0.012996 -0.999898  0.167657 0.706525
chess_set_pieces_black
0  3.402720 16.262686 0.060255  0.026712 0.119200 -0.992511  0.181880 0.746086
0  0.000045 16.621559 0.025470  0.000204 0.118301 -0.992978  0.171929 0.735290
0  -0.000045 16.957260 0.233190  0.000285 0.755271 -0.655412  0.170565 0.736302
chess_set_pieces_black
0  -0.000045 16.957260 0.233190  0.000285 0.755271 -0.655412  0.170565 0.736302
0  0.000045 16.621559 0.025470  0.000204 0.118301 -0.992978  0.171929 0.735290
0  -3.458655 16.527239 0.275175  -0.160974 0.742515 -0.650199  0.163109 0.723262
chess_set_pieces_black
0  0.000045 16.621559 0.025470  0.000204 0.118301 -0.992978  0.171929 0.735290
0  -3.402585 16.262234 0.058185  -0.026582 0.118464 -0.992602  0.164478 0.722639
0  -3.458655 16.527239 0.275175  -0.160974 0.742515 -0.650199  0.163109 0.723262
chess_set_pieces_black
0  -3.458655 16.527239 0.275175  -0.160974 0.742515 -0.650199  0.163109 0.723262
0  -3.402585 16.262234 0.058185  -0.026582 0.118464 -0.992602  0.164478 0.722639
0  -6.783165 15.491385 0.246690  -0.307458 0.693383 -0.651682  0.158246 0.709081
chess_set_pieces_black
0  -3.402585 16.262234 0.058185  -0.026582 0.118464 -0.992602  0.164478 0.722639
0  -6.653656 15.201225 0.035910  -0.049705 0.111783 -0.992489  0.159846 0.708727
0  -6.783165 15.491385 0.246690  -0.307458 0.693383 -0.651682  0.158246 0.709081
chess_set_pieces_black
0  -6.783165 15.491385 0.246690  -0.307458 0.693383 -0.651682  0.158246 0.709081
0  -6.653656 15.201225 0.035910  -0.049705 0.111783 -0.992489  0.159846 0.708727
0  -9.783495 13.721310 0.269100  -0.457713 0.614273 -0.642781  0.156650 0.694191
chess_set_pieces_black
0  -6.653656 15.201225 0.035910  -0.049705 0.111783 -0.992489  0.159846 0.708727
0  -9.619246 13.492575 0.059850  -0.082069 0.102083 -0.991385  0.158164 0.694174
0  -9.783495 13.721310 0.269100  -0.457713 0.614273 -0.642781  0.156650 0.694191
chess_set_pieces_black
0  -9.783495 13.721310 0.269100  -0.457713 0.614273 -0.642781  0.156650 0.694191
0  -9.619246 13.492575 0.059850  -0.082069 0.102083 -0.991385  0.158164 0.694174
0  -12.333421 11.361780 0.301005  -0.580270 0.523508 -0.623880  0.158214 0.679301
chess_set_pieces_black
0  -9.619246 13.492575 0.059850  -0.082069 0.102083 -0.991385  0.158164 0.694174
0  -12.161475 11.205585 0.098730  -0.103620 0.094792 -0.990090  0.159525 0.679561
0  -12.333421 11.361780 0.301005  -0.580270 0.523508 -0.623880  0.158214 0.679301
chess_set_pieces_black
0  -12.333421 11.361780 0.301005  -0.580270 0.523508 -0.623880  0.158214 0.679301
0  -12.161475 11.205585 0.098730  -0.103620 0.094792 -0.990090  0.159525 0.679561
0  -14.420566 8.581545 0.265230  -0.658599 0.394094 -0.641043  0.162534 0.664976
chess_set_pieces_black
0  -12.161475 11.205585 0.098730  -0.103620 0.094792 -0.990090  0.159525 0.679561
0  -14.176530 8.443755 0.047835  -0.110057 0.072311 -0.991291  0.163935 0.665589
0  -14.420566 8.581545 0.265230  -0.658599 0.394094 -0.641043  0.162534 0.664976
chess_set_pieces_black
0  -14.420566 8.581545 0.265230  -0.658599 0.394094 -0.641043  0.162534 0.664976
0  -14.176530 8.443755 0.047835  -0.110057 0.072311 -0.991291  0.163935 0.665589
0  -15.888330 5.416560 0.232065  -0.709762 0.233614 -0.664576  0.169748 0.651826
chess_set_pieces_black
0  -14.176530 8.443755 0.047835  -0.110057 0.072311 -0.991291  0.163935 0.665589
0  -15.554746 5.308470 0.027585  -0.116511 0.039431 -0.992406  0.171170 0.652836
0  -15.888330 5.416560 0.232065  -0.709762 0.233614 -0.664576  0.169748 0.651826
chess_set_pieces_black
0  -15.888330 5.416560 0.232065  -0.709762 0.233614 -0.664576  0.169748 0.651826
0  -15.554746 5.308470 0.027585  -0.116511 0.039431 -0.992406  0.171170 0.652836
0  -16.587765 1.999800 0.251145  -0.743740 0.077068 -0.664011  0.179731 0.640611
chess_set_pieces_black
0  -15.554746 5.308470 0.027585  -0.116511 0.039431 -0.992406  0.171170 0.652836
0  -16.279650 1.967580 0.034920  -0.124994 0.013186 -0.992070  0.180836 0.641816
0  -16.587765 1.999800 0.251145  -0.743740 0.077068 -0.664011  0.179731 0.640611
chess_set_pieces_black
0  -16.587765 1.999800 0.251145  -0.743740 0.077068 -0.664011  0.179731 0.640611
0  -16.279650 1.967580 0.034920  -0.124994 0.013186 -0.992070  0.180836 0.641816
0  -16.609184 -1.490310 0.240480  -0.743376 -0.076253 -0.664513  0.191773 0.631613
chess_set_pieces_black
0  -16.279650 1.967580 0.034920  -0.124994 0.013186 -0.992070  0.180836 0.641816
0  -16.266779 -1.454265 0.023625  -0.127685 -0.012108 -0.991741  0.192662 0.633125
0  -16.609184 -1.490310 0.240480  -0.743376 -0.076253 -0.664513  0.191773 0.631613
chess_set_pieces_black
0  -16.609184 -1.490310 0.240480  -0.743376 -0.076253 -0.664513  0.191773 0.631613
0  -16.266779 -1.454265 0.023625  -0.127685 -0.012108 -0.991741  0.192662 0.633125
0  -15.885675 -4.905675 0.241020  -0.710919 -0.233903 -0.663237  0.205427 0.625390
chess_set_pieces_black
0  -8.643645 11.896920 0.000000  -0.014362 0.013839 -0.999801  0.166156 0.693443
0  -9.619246 13.492575 0.059850  -0.082069 0.102083 -0.991385  0.158164 0.694174
0  -5.981265 13.434074 0.000000  -0.005850 0.012996 -0.999898  0.167657 0.706525
chess_set_pieces_black
0  -12.161475 11.205585 0.098730  -0.103620 0.094792 -0.990090  0.159525 0.679561
0  -9.619246 13.492575 0.059850  -0.082069 0.102083 -0.991385  0.158164 0.694174
0  -8.643645 11.896920 0.000000  -0.014362 0.013839 -0.999801  0.166156 0.693443
chess_set_pieces_black
0  -10.928250 9.839835 0.000000  -0.017241 0.016400 -0.999717  0.167407 0.680322
0  -12.161475 11.205585 0.098730  -0.103620 0.094792 -0.990090  0.159525 0.679561
0  -8.643645 11.896920 0.000000  -0.014362 0.013839 -0.999801  0.166156 0.693443
chess_set_pieces_black
0  -14.176530 8.443755 0.047835  -0.110057 0.072311 -0.991291  0.163935 0.665589
0  -12.161475 11.205585 0.098730  -0.103620 0.094792 -0.990090  0.159525 0.679561
0  -10.928250 9.839835 0.000000  -0.017241 0.016400 -0.999717  0.167407 0.680322
chess_set_pieces_black
0  -12.735271 7.352685 0.000000  -0.012733 0.011512 -0.999853  0.171366 0.667758
0  -14.176530 8.443755 0.047835  -0.110057 0.072311 -0.991291  0.163935 0.665589
0  -10.928250 9.839835 0.000000  -0.017241 0.016400 -0.999717  0.167407 0.680322
chess_set_pieces_black
0  -15.554746 5.308470 0.027585  -0.116511 0.039431 -0.992406  0.171170 0.652836
0  -14.176530 8.443755 0.047835  -0.110057 0.072311 -0.991291  0.163935 0.665589
0  -12.735271 7.352685 0.000000  -0.012733 0.011512 -0.999853  0.171366 0.667758
chess_set_pieces_black
0  -13.985685 4.544235 0.000000  -0.010161 0.004104 -0.999940  0.177827 0.656289
0  -15.554746 5.308470 0.027585  -0.116511 0.039431 -0.992406  0.171170 0.652836
0  -12.735271 7.352685 0.000000  -0.012733 0.011512 -0.999853  0.171366 0.667758
chess_set_pieces_black
0  -16.279650 1.967580 0.034920  -0.124994 0.013186 -0.992070  0.180836 0.641816
0  -15.554746 5.308470 0.027585  -0.116511 0.039431 -0.992406  0.171170 0.652836
0  -13.985685 4.544235 0.000000  -0.010161 0.004104 -0.999940  0.177827 0.656289
chess_set_pieces_black
0  -14.624866 1.537110 0.000000  -0.009575 0.001196 -0.999954  0.186551 0.646417
0  -16.279650 1.967580 0.034920  -0.124994 0.013186 -0.992070  0.180836 0.641816
0  -13.985685 4.544235 0.000000  -0.010161 0.004104 -0.999940  0.177827 0.656289
chess_set_pieces_black
0  -16.266779 -1.454265 0.023625  -0.127685 -0.012108 -0.991741  0.192662 0.633125
0  -16.279650 1.967580 0.034920  -0.124994 0.013186 -0.992070  0.180836 0.641816
0  -14.624866 1.537110 0.000000  -0.009575 0.001196 -0.999954  0.186551 0.646417
chess_set_pieces_black
0  -14.624866 -1.537155 0.000000  -0.008215 -0.000438 -0.999966  0.197139 0.638577
0  -16.266779 -1.454265 0.023625  -0.127685 -0.012108 -0.991741  0.192662 0.633125
0  -14.624866 1.537110 0.000000  -0.009575 0.001196 -0.999954  0.186551 0.646417
chess_set_pieces_black
0  -15.555825 -4.798755 0.021915  -0.125465 -0.042065 -0.991206  0.205984 0.627059
0  -16.266779 -1.454265 0.023625  -0.127685 -0.012108 -0.991741  0.192662 0.633125
0  -14.624866 -1.537155 0.000000  -0.008215 -0.000438 -0.999966  0.197139 0.638577
chess_set_pieces_black
0  -13.985685 -4.544235 0.000000  -0.007930 -0.002849 -0.999964  0.209113 0.633121
0  -15.555825 -4.798755 0.021915  -0.125465 -0.042065 -0.991206  0.205984 0.627059
0  -14.624866 -1.537155 0.000000  -0.008215 -0.000438 -0.999966  0.197139 0.638577
chess_set_pieces_black
0  -14.167980 -7.925130 0.032850  -0.120629 -0.072317 -0.990060  0.220266 0.623882
0  -15.555825 -4.798755 0.021915  -0.125465 -0.042065 -0.991206  0.205984 0.627059
0  -13.985685 -4.544235 0.000000  -0.007930 -0.002849 -0.999964  0.209113 0.633121
chess_set_pieces_black
0  -12.735271 -7.352730 0.000000  -0.009432 -0.006669 -0.999933  0.221953 0.630277
0  -14.167980 -7.925130 0.032850  -0.120629 -0.072317 -0.990060  0.220266 0.623882
0  -13.985685 -4.544235 0.000000  -0.007930 -0.002849 -0.999964  0.209113 0.633121
chess_set_pieces_black
0  -12.159855 -10.693350 0.044640  -0.110188 -0.107408 -0.988090  0.234894 0.623734
0  -14.167980 -7.925130 0.032850  -0.120629 -0.072317 -0.990060  0.220266 0.623882
0  -12.735271 -7.352730 0.000000  -0.009432 -0.006669 -0.999933  0.221953 0.630277
chess_set_pieces_black
0  -10.928250 -9.839880 0.000000  -0.011597 -0.014927 -0.999821  0.235104 0.630157
0  -12.159855 -10.693350 0.044640  -0.110188 -0.107408 -0.988090  0.234894 0.623734
0  -12.735271 -7.352730 0.000000  -0.009432 -0.006669 -0.999933  0.221953 0.630277
chess_set_pieces_black
0  -9.616815 -12.982545 0.090450  -0.097181 -0.142827 -0.984965  0.249244 0.626631
0  -12.159855 -10.693350 0.044640  -0.110188 -0.107408 -0.988090  0.234894 0.623734
0  -10.928250 -9.839880 0.000000  -0.011597 -0.014927 -0.999821  0.235104 0.630157
chess_set_pieces_black
0  -16.266779 -1.454265 0.023625  -0.127685 -0.012108 -0.991741  0.192662 0.633125
0  -15.555825 -4.798755 0.021915  -0.125465 -0.042065 -0.991206  0.205984 0.627059
0  -15.885675 -4.905675 0.241020  -0.710919 -0.233903 -0.663237  0.205427 0.625390
chess_set_pieces_black
0  -15.885675 -4.905675 0.241020  -0.710919 -0.233903 -0.663237  0.205427 0.625390
0  -15.555825 -4.798755 0.021915  -0.125465 -0.042065 -0.991206  0.205984 0.627059
0  -14.439779 -8.081820 0.253575  -0.652956 -0.380424 -0.654924  0.220079 0.622242
chess_set_pieces_black
0  -15.555825 -4.798755 0.021915  -0.125465 -0.042065 -0.991206  0.205984 0.627059
0  -14.167980 -7.925130 0.032850  -0.120629 -0.072317 -0.990060  0.220266 0.623882
0  -14.439779 -8.081820 0.253575  -0.652956 -0.380424 -0.654924  0.220079 0.622242
chess_set_pieces_black
0  -14.439779 -8.081820 0.253575  -0.652956 -0.380424 -0.654924  0.220079 0.622242
0  -14.167980 -7.925130 0.032850  -0.120629 -0.072317 -0.990060  0.220266 0.623882
0  -12.386160 -10.896930 0.255015  -0.563416 -0.518402 -0.643290  0.235050 0.622148
chess_set_pieces_black
0  -14.167980 -7.925130 0.032850  -0.120629 -0.072317 -0.990060  0.220266 0.623882
0  -12.159855 -10.693350 0.044640  -0.110188 -0.107408 -0.988090  0.234894 0.623734
0  -12.386160 -10.896930 0.255015  -0.563416 -0.518402 -0.643290  0.235050 0.622148
chess_set_pieces_black
0  -12.386160 -10.896930 0.255015  -0.563416 -0.518402 -0.643290  0.235050 0.622148
0  -12.159855 -10.693350 0.044640  -0.110188 -0.107408 -0.988090  0.234894 0.623734
0  -9.756269 -13.169745 0.298530  -0.454736 -0.639518 -0.619865  0.249641 0.625342
chess_set_pieces_black
0  -12.159855 -10.693350 0.044640  -0.110188 -0.107408 -0.988090  0.234894 0.623734
0  -9.616815 -12.982545 0.090450  -0.097181 -0.142827 -0.984965  0.249244 0.626631
0  -9.756269 -13.169745 0.298530  -0.454736 -0.639518 -0.619865  0.249641 0.625342
chess_set_pieces_black
0  -9.756269 -13.169745 0.298530  -0.454736 -0.639518 -0.619865  0.249641 0.625342
0  -9.616815 -12.982545 0.090450  -0.097181 -0.142827 -0.984965  0.249244 0.626631
0  -6.750855 -14.909760 0.295875  -0.325269 -0.715902 -0.617807  0.263348 0.631272
chess_set_pieces_black
0  -9.616815 -12.982545 0.090450  -0.097181 -0.142827 -0.984965  0.249244 0.626631
0  -6.655500 -14.691105 0.092610  -0.075547 -0.159854 -0.984246  0.262678 0.632452
0  -6.750855 -14.909760 0.295875  -0.325269 -0.715902 -0.617807  0.263348 0.631272
chess_set_pieces_black
0  -6.750855 -14.909760 0.295875  -0.325269 -0.715902 -0.617807  0.263348 0.631272
0  -6.655500 -14.691105 0.092610  -0.075547 -0.159854 -0.984246  0.262678 0.632452
0  -3.460815 -16.026436 0.268515  -0.172457 -0.730863 -0.660377  0.275607 0.639797
chess_set_pieces_black
0  -6.655500 -14.691105 0.092610  -0.075547 -0.159854 -0.984246  0.262678 0.632452
0  -3.402720 -15.750585 0.054810  -0.041346 -0.150749 -0.987707  0.274604 0.640942
0  -3.460815 -16.026436 0.268515  -0.172457 -0.730863 -0.660377  0.275607 0.639797
chess_set_pieces_black
0  -3.460815 -16.026436 0.268515  -0.172457 -0.730863 -0.660377  0.275607 0.639797
0  -3.402720 -15.750585 0.054810  -0.041346 -0.150749 -0.987707  0.274604 0.640942
0  -0.000945 -16.475985 0.202950  0.000380 -0.721910 -0.691987  0.285929 0.650656
chess_set_pieces_black
0  -8.643645 -11.896965 0.000000  -0.014672 -0.024095 -0.999602  0.247996 0.632768
0  -9.616815 -12.982545 0.090450  -0.097181 -0.142827 -0.984965  0.249244 0.626631
0  -10.928250 -9.839880 0.000000  -0.011597 -0.014927 -0.999821  0.235104 0.630157
chess_set_pieces_black
0  -6.655500 -14.691105 0.092610  -0.075547 -0.159854 -0.984246  0.262678 0.632452
0  -9.616815 -12.982545 0.090450  -0.097181 -0.142827 -0.984965  0.249244 0.626631
0  -8.643645 -11.896965 0.000000  -0.014672 -0.024095 -0.999602  0.247996 0.632768
chess_set_pieces_black
0  -5.981220 -13.434074 0.000000  -0.013437 -0.025982 -0.999572  0.260071 0.637999
0  -6.655500 -14.691105 0.092610  -0.075547 -0.159854 -0.984246  0.262678 0.632452
0  -8.643645 -11.896965 0.000000  -0.014672 -0.024095 -0.999602  0.247996 0.632768
chess_set_pieces_black
0  -3.402720 -15.750585 0.054810  -0.041346 -0.150749 -0.987707  0.274604 0.640942
0  -6.655500 -14.691105 0.092610  -0.075547 -0.159854 -0.984246  0.262678 0.632452
0  -5.981220 -13.434074 0.000000  -0.013437 -0.025982 -0.999572  0.260071 0.637999
chess_set_pieces_black
0  -3.057435 -14.384070 0.000000  -0.007311 -0.018505 -0.999802  0.270791 0.645621
0  -3.402720 -15.750585 0.054810  -0.041346 -0.150749 -0.987707  0.274604 0.640942
0  -5.981220 -13.434074 0.000000  -0.013437 -0.025982 -0.999572  0.260071 0.637999
chess_set_pieces_black
0  -0.000450 -16.098209 0.021015  0.000681 -0.140244 -0.990117  0.284486 0.651730
0  -3.402720 -15.750585 0.054810  -0.041346 -0.150749 -0.987707  0.274604 0.640942
0  -3.057435 -14.384070 0.000000  -0.007311 -0.018505 -0.999802  0.270791 0.645621
chess_set_pieces_black
0  -3.402720 -15.750585 0.054810  -0.041346 -0.150749 -0.987707  0.274604 0.640942
0  -0.000450 -16.098209 0.021015  0.000681 -0.140244 -0.990117  0.284486 0.651730
0  -0.000945 -16.475985 0.202950  0.000380 -0.721910 -0.691987  0.285929 0.650656
chess_set_pieces_black
0  -0.000945 -16.475985 0.202950  0.000380 -0.721910 -0.691987  0.285929 0.650656
0  -0.000450 -16.098209 0.021015  0.000681 -0.140244 -0.990117  0.284486 0.651730
0  3.459645 -16.021259 0.272025  0.170775 -0.723289 -0.669096  0.293318 0.663692
chess_set_pieces_black
0  -0.000450 -16.098209 0.021015  0.000681 -0.140244 -0.990117  0.284486 0.651730
0  3.402405 -15.748380 0.061875  0.042515 -0.151969 -0.987470  0.291951 0.664313
0  3.459645 -16.021259 0.272025  0.170775 -0.723289 -0.669096  0.293318 0.663692
chess_set_pieces_black
0  3.459645 -16.021259 0.272025  0.170775 -0.723289 -0.669096  0.293318 0.663692
0  3.402405 -15.748380 0.061875  0.042515 -0.151969 -0.987470  0.291951 0.664313
0  6.750585 -14.908545 0.298215  0.320016 -0.701813 -0.636434  0.297938 0.677872
chess_set_pieces_black
0  3.402405 -15.748380 0.061875  0.042515 -0.151969 -0.987470  0.291951 0.664313
0  6.654600 -14.689216 0.103455  0.077952 -0.162058 -0.983698  0.296641 0.678166
0  6.750585 -14.908545 0.298215  0.320016 -0.701813 -0.636434  0.297938 0.677872
chess_set_pieces_black
0  6.750585 -14.908545 0.298215  0.320016 -0.701813 -0.636434  0.297938 0.677872
0  6.654600 -14.689216 0.103455  0.077952 -0.162058 -0.983698  0.296641 0.678166
0  9.747900 -13.158720 0.310725  0.444113 -0.626614 -0.640405  0.299642 0.692710
chess_set_pieces_black
0  6.654600 -14.689216 0.103455  0.077952 -0.162058 -0.983698  0.296641 0.678166
0  9.612946 -12.977236 0.110700  0.099181 -0.146414 -0.984239  0.298333 0.692721
0  9.747900 -13.158720 0.310725  0.444113 -0.626614 -0.640405  0.299642 0.692710
chess_set_pieces_black
0  9.747900 -13.158720 0.310725  0.444113 -0.626614 -0.640405  0.299642 0.692710
0  9.612946 -12.977236 0.110700  0.099181 -0.146414 -0.984239  0.298333 0.692721
0  12.386564 -10.897335 0.252090  0.551311 -0.511135 -0.659392  0.298519 0.707633
chess_set_pieces_black
0  9.612946 -12.977236 0.110700  0.099181 -0.146414 -0.984239  0.298333 0.692721
0  12.163680 -10.697670 0.051885  0.109068 -0.109030 -0.988037  0.296995 0.707331
0  12.386564 -10.897335 0.252090  0.551311 -0.511135 -0.659392  0.298519 0.707633
chess_set_pieces_black
0  12.386564 -10.897335 0.252090  0.551311 -0.511135 -0.659392  0.298519 0.707633
0  12.163680 -10.697670 0.051885  0.109068 -0.109030 -0.988037  0.296995 0.707331
0  14.446665 -8.086905 0.250245  0.640894 -0.374509 -0.670072  0.294121 0.721958
chess_set_pieces_black
0  12.163680 -10.697670 0.051885  0.109068 -0.109030 -0.988037  0.296995 0.707331
0  14.176169 -7.931025 0.036495  0.117516 -0.071273 -0.990510  0.292624 0.721312
0  14.446665 -8.086905 0.250245  0.640894 -0.374509 -0.670072  0.294121 0.721958
chess_set_pieces_black
0  14.446665 -8.086905 0.250245  0.640894 -0.374509 -0.670072  0.294121 0.721958
0  14.176169 -7.931025 0.036495  0.117516 -0.071273 -0.990510  0.292624 0.721312
0  15.893999 -4.907070 0.231390  0.700471 -0.227823 -0.676341  0.286834 0.735088
chess_set_pieces_black
0  -12.735271 -7.352730 0.000000  -0.009432 -0.006669 -0.999933  0.221953 0.630277
0  -13.985685 -4.544235 0.000000  -0.007930 -0.002849 -0.999964  0.209113 0.633121
0  -11.367044 -6.562800 0.000000  0.000000 0.000000 -1.000000  0.222720 0.636992
chess_set_pieces_black
0  -12.735271 -7.352730 0.000000  -0.009432 -0.006669 -0.999933  0.221953 0.630277
0  -11.367044 -6.562800 0.000000  0.000000 0.000000 -1.000000  0.222720 0.636992
0  -9.754200 -8.782740 0.000000  0.000000 0.000000 -1.000000  0.234461 0.636885
chess_set_pieces_black
0  -10.928250 -9.839880 0.000000  -0.011597 -0.014927 -0.999821  0.235104 0.630157
0  -12.735271 -7.352730 0.000000  -0.009432 -0.006669 -0.999933  0.221953 0.630277
0  -9.754200 -8.782740 0.000000  0.000000 0.000000 -1.000000  0.234461 0.636885
chess_set_pieces_black
0  -10.928250 -9.839880 0.000000  -0.011597 -0.014927 -0.999821  0.235104 0.630157
0  -9.754200 -8.782740 0.000000  0.000000 0.000000 -1.000000  0.234461 0.636885
0  -7.715025 -10.618785 0.000000  0.000000 0.000000 -1.000000  0.245971 0.639217
chess_set_pieces_black
0  -8.643645 -11.896965 0.000000  -0.014672 -0.024095 -0.999602  0.247996 0.632768
0  -10.928250 -9.839880 0.000000  -0.011597 -0.014927 -0.999821  0.235104 0.630157
0  -7.715025 -10.618785 0.000000  0.000000 0.000000 -1.000000  0.245971 0.639217
chess_set_pieces_black
0  -8.643645 -11.896965 0.000000  -0.014672 -0.024095 -0.999602  0.247996 0.632768
0  -7.715025 -10.618785 0.000000  0.000000 0.000000 -1.000000  0.245971 0.639217
0  -5.338665 -11.990835 0.000000  0.000000 0.000000 -1.000000  0.256750 0.643887
chess_set_pieces_black
0  -5.981220 -13.434074 0.000000  -0.013437 -0.025982 -0.999572  0.260071 0.637999
0  -8.643645 -11.896965 0.000000  -0.014672 -0.024095 -0.999602  0.247996 0.632768
0  -5.338665 -11.990835 0.000000  0.000000 0.000000 -1.000000  0.256750 0.643887
chess_set_pieces_black
0  -5.981220 -13.434074 0.000000  -0.013437 -0.025982 -0.999572  0.260071 0.637999
0  -5.338665 -11.990835 0.000000  0.000000 0.000000 -1.000000  0.256750 0.643887
0  -2.728935 -12.838725 0.000000  0.000000 0.000000 -1.000000  0.266324 0.650689
chess_set_pieces_black
0  -3.057435 -14.384070 0.000000  -0.007311 -0.018505 -0.999802  0.270791 0.645621
0  -5.981220 -13.434074 0.000000  -0.013437 -0.025982 -0.999572  0.260071 0.637999
0  -2.728935 -12.838725 0.000000  0.000000 0.000000 -1.000000  0.266324 0.650689
chess_set_pieces_black
0  -3.057435 -14.384070 0.000000  -0.007311 -0.018505 -0.999802  0.270791 0.645621
0  -2.728935 -12.838725 0.000000  0.000000 0.000000 -1.000000  0.266324 0.650689
0  0.000000 -13.125555 0.000000  0.000000 0.000000 -1.000000  0.274271 0.659319
chess_set_pieces_black
0  0.000000 -14.705415 0.000000  0.000333 -0.013808 -0.999905  0.279697 0.655289
0  -3.057435 -14.384070 0.000000  -0.007311 -0.018505 -0.999802  0.270791 0.645621
0  0.000000 -13.125555 0.000000  0.000000 0.000000 -1.000000  0.274271 0.659319
chess_set_pieces_black
0  0.000000 -14.705415 0.000000  0.000333 -0.013808 -0.999905  0.279697 0.655289
0  0.000000 -13.125555 0.000000  0.000000 0.000000 -1.000000  0.274271 0.659319
0  2.728980 -12.838725 0.000000  0.000000 0.000000 -1.000000  0.280238 0.669419
chess_set_pieces_black
0  3.057435 -14.384070 0.000000  0.008365 -0.020440 -0.999756  0.286379 0.666606
0  0.000000 -14.705415 0.000000  0.000333 -0.013808 -0.999905  0.279697 0.655289
0  2.728980 -12.838725 0.000000  0.000000 0.000000 -1.000000  0.280238 0.669419
chess_set_pieces_black
0  3.057435 -14.384070 0.000000  0.008365 -0.020440 -0.999756  0.286379 0.666606
0  2.728980 -12.838725 0.000000  0.000000 0.000000 -1.000000  0.280238 0.669419
0  5.338665 -11.990835 0.000000  0.000000 0.000000 -1.000000  0.283984 0.680547
chess_set_pieces_black
0  5.981265 -13.434120 0.000000  0.015732 -0.029597 -0.999438  0.290582 0.679065
0  3.057435 -14.384070 0.000000  0.008365 -0.020440 -0.999756  0.286379 0.666606
0  5.338665 -11.990835 0.000000  0.000000 0.000000 -1.000000  0.283984 0.680547
chess_set_pieces_black
0  5.981265 -13.434120 0.000000  0.015732 -0.029597 -0.999438  0.290582 0.679065
0  5.338665 -11.990835 0.000000  0.000000 0.000000 -1.000000  0.283984 0.680547
0  7.715025 -10.618785 0.000000  0.000000 0.000000 -1.000000  0.285342 0.692222
chess_set_pieces_black
0  8.643645 -11.896920 0.000000  0.017614 -0.028473 -0.999439  0.292109 0.692146
0  5.981265 -13.434120 0.000000  0.015732 -0.029597 -0.999438  0.290582 0.679065
0  7.715025 -10.618785 0.000000  0.000000 0.000000 -1.000000  0.285342 0.692222
chess_set_pieces_black
0  8.643645 -11.896920 0.000000  0.017614 -0.028473 -0.999439  0.292109 0.692146
0  7.715025 -10.618785 0.000000  0.000000 0.000000 -1.000000  0.285342 0.692222
0  9.754200 -8.782695 0.000000  0.000000 0.000000 -1.000000  0.284243 0.703928
chess_set_pieces_black
0  -9.625589 1.000710 57.610664  -0.857600 -0.502001 0.111880  0.942713 0.889516
0  -9.107550 -0.158895 55.458496  -0.900070 -0.419822 0.116720  0.935397 0.889274
0  -8.893351 0.161280 58.182838  -0.720831 -0.637835 0.271238  0.942813 0.892718
chess_set_pieces_black
0  -9.107550 -0.158895 55.458496  -0.900070 -0.419822 0.116720  0.935397 0.889274
0  -9.625589 1.000710 57.610664  -0.857600 -0.502001 0.111880  0.942713 0.889516
0  -9.952920 1.751535 57.325592  -0.962878 -0.267156 -0.038640  0.943282 0.887331
chess_set_pieces_black
0  -10.022400 2.592450 57.162827  -0.987355 0.080822 -0.136373  0.944396 0.885442
0  -9.662715 1.955160 54.938339  -0.994758 0.010903 -0.101672  0.938583 0.882379
0  -9.487530 0.851355 55.105377  -0.974121 -0.225324 -0.017831  0.936522 0.885596
chess_set_pieces_black
0  -9.952920 1.751535 57.325592  -0.962878 -0.267156 -0.038640  0.943282 0.887331
0  -10.022400 2.592450 57.162827  -0.987355 0.080822 -0.136373  0.944396 0.885442
0  -9.487530 0.851355 55.105377  -0.974121 -0.225324 -0.017831  0.936522 0.885596
chess_set_pieces_black
0  -9.487530 0.851355 55.105377  -0.974121 -0.225324 -0.017831  0.936522 0.885596
0  -9.107550 -0.158895 55.458496  -0.900070 -0.419822 0.116720  0.935397 0.889274
0  -9.952920 1.751535 57.325592  -0.962878 -0.267156 -0.038640  0.943282 0.887331
chess_set_pieces_black
0  -9.107550 -0.158895 55.458496  -0.900070 -0.419822 0.116720  0.935397 0.889274
0  -9.487530 0.851355 55.105377  -0.974121 -0.225324 -0.017831  0.936522 0.885596
0  -9.052785 -1.239300 53.324146  -0.919200 -0.350331 0.179835  0.926842 0.888238
chess_set_pieces_black
0  -9.107550 -0.158895 55.458496  -0.900070 -0.419822 0.116720  0.935397 0.889274
0  -9.052785 -1.239300 53.324146  -0.919200 -0.350331 0.179835  0.926842 0.888238
0  -8.307990 -1.327275 56.295494  -0.763033 -0.583284 0.278496  0.935867 0.894890
chess_set_pieces_black
0  -9.107550 -0.158895 55.458496  -0.900070 -0.419822 0.116720  0.935397 0.889274
0  -8.307990 -1.327275 56.295494  -0.763033 -0.583284 0.278496  0.935867 0.894890
0  -8.893351 0.161280 58.182838  -0.720831 -0.637835 0.271238  0.942813 0.892718
chess_set_pieces_black
0  -8.893351 0.161280 58.182838  -0.720831 -0.637835 0.271238  0.942813 0.892718
0  -8.307990 -1.327275 56.295494  -0.763033 -0.583284 0.278496  0.935867 0.894890
0  -7.091550 -2.010195 57.300976  -0.528801 -0.705599 0.471699  0.938344 0.900244
chess_set_pieces_black
0  -7.915365 -0.365175 58.899506  -0.502770 -0.729866 0.463160  0.944076 0.895928
0  -8.893351 0.161280 58.182838  -0.720831 -0.637835 0.271238  0.942813 0.892718
0  -7.091550 -2.010195 57.300976  -0.528801 -0.705599 0.471699  0.938344 0.900244
chess_set_pieces_black
0  -7.915365 -0.365175 58.899506  -0.502770 -0.729866 0.463160  0.944076 0.895928
0  -7.091550 -2.010195 57.300976  -0.528801 -0.705599 0.471699  0.938344 0.900244
0  -5.687460 -2.073600 58.163219  -0.257935 -0.678813 0.687518  0.942213 0.904562
chess_set_pieces_black
0  -6.747525 -0.453285 59.576534  -0.131274 -0.704163 0.697798  0.946471 0.898636
0  -7.915365 -0.365175 58.899506  -0.502770 -0.729866 0.463160  0.944076 0.895928
0  -5.687460 -2.073600 58.163219  -0.257935 -0.678813 0.687518  0.942213 0.904562
chess_set_pieces_black
0  -5.687460 -2.073600 58.163219  -0.257935 -0.678813 0.687518  0.942213 0.904562
0  -3.829455 -1.753380 58.694534  -0.248206 -0.548293 0.798604  0.947657 0.909703
0  -6.747525 -0.453285 59.576534  -0.131274 -0.704163 0.697798  0.946471 0.898636
chess_set_pieces_black
0  -3.829455 -1.753380 58.694534  -0.248206 -0.548293 0.798604  0.947657 0.909703
0  -4.970205 0.164700 59.876595  0.229257 -0.496736 0.837075  0.951334 0.900883
0  -6.747525 -0.453285 59.576534  -0.131274 -0.704163 0.697798  0.946471 0.898636
chess_set_pieces_black
0  -9.052785 -1.239300 53.324146  -0.919200 -0.350331 0.179835  0.926842 0.888238
0  -8.037450 -2.792970 54.427364  -0.765860 -0.561822 0.312753  0.927443 0.896666
0  -8.307990 -1.327275 56.295494  -0.763033 -0.583284 0.278496  0.935867 0.894890
chess_set_pieces_black
0  -8.307990 -1.327275 56.295494  -0.763033 -0.583284 0.278496  0.935867 0.894890
0  -8.037450 -2.792970 54.427364  -0.765860 -0.561822 0.312753  0.927443 0.896666
0  -6.393285 -3.606795 55.711212  -0.538881 -0.698282 0.471179  0.930924 0.904727
chess_set_pieces_black
0  -7.091550 -2.010195 57.300976  -0.528801 -0.705599 0.471699  0.938344 0.900244
0  -8.307990 -1.327275 56.295494  -0.763033 -0.583284 0.278496  0.935867 0.894890
0  -6.393285 -3.606795 55.711212  -0.538881 -0.698282 0.471179  0.930924 0.904727
chess_set_pieces_black
0  -7.091550 -2.010195 57.300976  -0.528801 -0.705599 0.471699  0.938344 0.900244
0  -6.393285 -3.606795 55.711212  -0.538881 -0.698282 0.471179  0.930924 0.904727
0  -5.687460 -2.073600 58.163219  -0.257935 -0.678813 0.687518  0.942213 0.904562
chess_set_pieces_black
0  -9.052785 -1.239300 53.324146  -0.919200 -0.350331 0.179835  0.926842 0.888238
0  -9.212760 -2.258100 51.197224  -0.915603 -0.355057 0.188694  0.917423 0.886720
0  -7.798410 -4.129605 52.498169  -0.754939 -0.580553 0.305000  0.918042 0.898030
chess_set_pieces_black
0  -8.037450 -2.792970 54.427364  -0.765860 -0.561822 0.312753  0.927443 0.896666
0  -9.052785 -1.239300 53.324146  -0.919200 -0.350331 0.179835  0.926842 0.888238
0  -7.798410 -4.129605 52.498169  -0.754939 -0.580553 0.305000  0.918042 0.898030
chess_set_pieces_black
0  -8.037450 -2.792970 54.427364  -0.765860 -0.561822 0.312753  0.927443 0.896666
0  -7.798410 -4.129605 52.498169  -0.754939 -0.580553 0.305000  0.918042 0.898030
0  -5.801535 -5.104530 54.042076  -0.581897 -0.673395 0.456000  0.922255 0.908783
chess_set_pieces_black
0  -6.393285 -3.606795 55.711212  -0.538881 -0.698282 0.471179  0.930924 0.904727
0  -8.037450 -2.792970 54.427364  -0.765860 -0.561822 0.312753  0.927443 0.896666
0  -5.801535 -5.104530 54.042076  -0.581897 -0.673395 0.456000  0.922255 0.908783
chess_set_pieces_black
0  -6.393285 -3.606795 55.711212  -0.538881 -0.698282 0.471179  0.930924 0.904727
0  -5.801535 -5.104530 54.042076  -0.581897 -0.673395 0.456000  0.922255 0.908783
0  -4.754475 -3.712590 56.710529  -0.426843 -0.656574 0.621865  0.935553 0.910981
chess_set_pieces_black
0  -6.393285 -3.606795 55.711212  -0.538881 -0.698282 0.471179  0.930924 0.904727
0  -4.754475 -3.712590 56.710529  -0.426843 -0.656574 0.621865  0.935553 0.910981
0  -5.687460 -2.073600 58.163219  -0.257935 -0.678813 0.687518  0.942213 0.904562
chess_set_pieces_black
0  -5.687460 -2.073600 58.163219  -0.257935 -0.678813 0.687518  0.942213 0.904562
0  -4.754475 -3.712590 56.710529  -0.426843 -0.656574 0.621865  0.935553 0.910981
0  -2.892735 -3.780855 57.711014  -0.671717 -0.481430 0.563047  0.941205 0.917969
chess_set_pieces_black
0  -3.829455 -1.753380 58.694534  -0.248206 -0.548293 0.798604  0.947657 0.909703
0  -5.687460 -2.073600 58.163219  -0.257935 -0.678813 0.687518  0.942213 0.904562
0  -2.892735 -3.780855 57.711014  -0.671717 -0.481430 0.563047  0.941205 0.917969
chess_set_pieces_black
0  -9.795015 3.592755 57.129795  -0.753128 0.634929 -0.172233  0.032368 0.004015
0  -9.667665 4.392135 59.290112  -0.545286 0.796598 -0.260950  0.036776 0.013010
0  -8.523315 4.320585 57.494968  -0.365799 0.930410 -0.022983  0.038925 0.004015
chess_set_pieces_black
0  -9.667665 4.392135 59.290112  -0.545286 0.796598 -0.260950  0.036776 0.013010
0  -8.341920 4.519035 59.445000  -0.158192 0.947388 -0.278263  0.042425 0.011766
0  -8.523315 4.320585 57.494968  -0.365799 0.930410 -0.022983  0.038925 0.004015
chess_set_pieces_black
0  -8.341920 4.519035 59.445000  -0.158192 0.947388 -0.278263  0.042425 0.011766
0  -9.667665 4.392135 59.290112  -0.545286 0.796598 -0.260950  0.036776 0.013010
0  -9.079785 5.355225 61.505772  -0.461970 0.828651 -0.316102  0.042927 0.021842
chess_set_pieces_black
0  -8.289765 5.574960 61.684513  -0.088581 0.914637 -0.394451  0.046522 0.021535
0  -8.341920 4.519035 59.445000  -0.158192 0.947388 -0.278263  0.042425 0.011766
0  -9.079785 5.355225 61.505772  -0.461970 0.828651 -0.316102  0.042927 0.021842
chess_set_pieces_black
0  -9.079785 5.355225 61.505772  -0.461970 0.828651 -0.316102  0.042927 0.021842
0  -8.979750 6.273225 63.811935  -0.520660 0.847301 -0.104857  0.047062 0.031121
0  -8.289765 5.574960 61.684513  -0.088581 0.914637 -0.394451  0.046522 0.021535
chess_set_pieces_black
0  -8.979750 6.273225 63.811935  -0.520660 0.847301 -0.104857  0.047062 0.031121
0  -8.343360 6.532965 63.310364  -0.080751 0.966885 -0.242100  0.049126 0.028411
0  -8.289765 5.574960 61.684513  -0.088581 0.914637 -0.394451  0.046522 0.021535
chess_set_pieces_black
0  -8.510941 5.903640 64.393066  -0.041793 0.583913 0.810740  0.049826 0.033496
0  -8.343360 6.532965 63.310364  -0.080751 0.966885 -0.242100  0.049126 0.028411
0  -8.979750 6.273225 63.811935  -0.520660 0.847301 -0.104857  0.047062 0.031121
chess_set_pieces_black
0  -8.510941 5.903640 64.393066  -0.041793 0.583913 0.810740  0.049826 0.033496
0  -7.680735 6.301665 63.829575  0.360849 0.925546 0.114690  0.052425 0.029563
0  -8.343360 6.532965 63.310364  -0.080751 0.966885 -0.242100  0.049126 0.028411
chess_set_pieces_black
0  -8.343360 6.532965 63.310364  -0.080751 0.966885 -0.242100  0.049126 0.028411
0  -7.680735 6.301665 63.829575  0.360849 0.925546 0.114690  0.052425 0.029563
0  -8.289765 5.574960 61.684513  -0.088581 0.914637 -0.394451  0.046522 0.021535
chess_set_pieces_black
0  -7.680735 6.301665 63.829575  0.360849 0.925546 0.114690  0.052425 0.029563
0  -6.687540 5.853600 62.098198  0.199843 0.947287 -0.250420  0.053716 0.021121
0  -8.289765 5.574960 61.684513  -0.088581 0.914637 -0.394451  0.046522 0.021535
chess_set_pieces_black
0  -6.687540 5.853600 62.098198  0.199843 0.947287 -0.250420  0.053716 0.021121
0  -5.862870 5.216850 60.319527  0.086517 0.977100 -0.194397  0.054179 0.012180
0  -8.289765 5.574960 61.684513  -0.088581 0.914637 -0.394451  0.046522 0.021535
chess_set_pieces_black
0  -5.862870 5.216850 60.319527  0.086517 0.977100 -0.194397  0.054179 0.012180
0  -8.341920 4.519035 59.445000  -0.158192 0.947388 -0.278263  0.042425 0.011766
0  -8.289765 5.574960 61.684513  -0.088581 0.914637 -0.394451  0.046522 0.021535
chess_set_pieces_black
0  -8.523315 4.320585 57.494968  -0.365799 0.930410 -0.022983  0.038925 0.004015
0  -8.341920 4.519035 59.445000  -0.158192 0.947388 -0.278263  0.042425 0.011766
0  -5.862870 5.216850 60.319527  0.086517 0.977100 -0.194397  0.054179 0.012180
chess_set_pieces_black
0  -5.402160 5.033430 58.938122  -0.004543 0.980428 0.196826  0.054072 0.005784
0  -8.523315 4.320585 57.494968  -0.365799 0.930410 -0.022983  0.038925 0.004015
0  -5.862870 5.216850 60.319527  0.086517 0.977100 -0.194397  0.054179 0.012180
chess_set_pieces_black
0  -3.057435 14.384070 0.000000  -0.003380 0.013126 -0.999908  0.171844 0.719019
0  0.000000 14.705415 0.000000  0.000075 0.012553 -0.999921  0.178550 0.730375
0  -2.728980 12.838725 0.000000  0.000000 0.000000 -1.000000  0.178006 0.716205
chess_set_pieces_black
0  -3.057435 14.384070 0.000000  -0.003380 0.013126 -0.999908  0.171844 0.719019
0  -2.728980 12.838725 0.000000  0.000000 0.000000 -1.000000  0.178006 0.716205
0  -5.338665 11.990790 0.000000  0.000000 0.000000 -1.000000  0.174266 0.705055
chess_set_pieces_black
0  -5.981265 13.434074 0.000000  -0.005850 0.012996 -0.999898  0.167657 0.706525
0  -3.057435 14.384070 0.000000  -0.003380 0.013126 -0.999908  0.171844 0.719019
0  -5.338665 11.990790 0.000000  0.000000 0.000000 -1.000000  0.174266 0.705055
chess_set_pieces_black
0  -5.981265 13.434074 0.000000  -0.005850 0.012996 -0.999898  0.167657 0.706525
0  -5.338665 11.990790 0.000000  0.000000 0.000000 -1.000000  0.174266 0.705055
0  -7.715025 10.618785 0.000000  0.000000 0.000000 -1.000000  0.172925 0.693377
chess_set_pieces_black
0  -8.643645 11.896920 0.000000  -0.014362 0.013839 -0.999801  0.166156 0.693443
0  -5.981265 13.434074 0.000000  -0.005850 0.012996 -0.999898  0.167657 0.706525
0  -7.715025 10.618785 0.000000  0.000000 0.000000 -1.000000  0.172925 0.693377
chess_set_pieces_black
0  -8.643645 11.896920 0.000000  -0.014362 0.013839 -0.999801  0.166156 0.693443
0  -7.715025 10.618785 0.000000  0.000000 0.000000 -1.000000  0.172925 0.693377
0  -9.754200 8.782695 0.000000  0.000000 0.000000 -1.000000  0.174043 0.681668
chess_set_pieces_black
0  -10.928250 9.839835 0.000000  -0.017241 0.016400 -0.999717  0.167407 0.680322
0  -8.643645 11.896920 0.000000  -0.014362 0.013839 -0.999801  0.166156 0.693443
0  -9.754200 8.782695 0.000000  0.000000 0.000000 -1.000000  0.174043 0.681668
chess_set_pieces_black
0  -10.928250 9.839835 0.000000  -0.017241 0.016400 -0.999717  0.167407 0.680322
0  -9.754200 8.782695 0.000000  0.000000 0.000000 -1.000000  0.174043 0.681668
0  -11.367090 6.562755 0.000000  0.000000 0.000000 -1.000000  0.177572 0.670451
chess_set_pieces_black
0  -12.735271 7.352685 0.000000  -0.012733 0.011512 -0.999853  0.171366 0.667758
0  -10.928250 9.839835 0.000000  -0.017241 0.016400 -0.999717  0.167407 0.680322
0  -11.367090 6.562755 0.000000  0.000000 0.000000 -1.000000  0.177572 0.670451
chess_set_pieces_black
0  -12.735271 7.352685 0.000000  -0.012733 0.011512 -0.999853  0.171366 0.667758
0  -11.367090 6.562755 0.000000  0.000000 0.000000 -1.000000  0.177572 0.670451
0  -12.483135 4.056030 0.000000  0.000000 0.000000 -1.000000  0.183343 0.660214
chess_set_pieces_black
0  -13.985685 4.544235 0.000000  -0.010161 0.004104 -0.999940  0.177827 0.656289
0  -12.735271 7.352685 0.000000  -0.012733 0.011512 -0.999853  0.171366 0.667758
0  -12.483135 4.056030 0.000000  0.000000 0.000000 -1.000000  0.183343 0.660214
chess_set_pieces_black
0  -13.985685 4.544235 0.000000  -0.010161 0.004104 -0.999940  0.177827 0.656289
0  -12.483135 4.056030 0.000000  0.000000 0.000000 -1.000000  0.183343 0.660214
0  -13.053645 1.372005 0.000000  0.000000 0.000000 -1.000000  0.191127 0.651404
chess_set_pieces_black
0  -14.624866 1.537110 0.000000  -0.009575 0.001196 -0.999954  0.186551 0.646417
0  -13.985685 4.544235 0.000000  -0.010161 0.004104 -0.999940  0.177827 0.656289
0  -13.053645 1.372005 0.000000  0.000000 0.000000 -1.000000  0.191127 0.651404
chess_set_pieces_black
0  -14.624866 1.537110 0.000000  -0.009575 0.001196 -0.999954  0.186551 0.646417
0  -13.053645 1.372005 0.000000  0.000000 0.000000 -1.000000  0.191127 0.651404
0  -13.053645 -1.372005 0.000000  0.000000 0.000000 -1.000000  0.200573 0.644407
chess_set_pieces_black
0  -14.624866 -1.537155 0.000000  -0.008215 -0.000438 -0.999966  0.197139 0.638577
0  -14.624866 1.537110 0.000000  -0.009575 0.001196 -0.999954  0.186551 0.646417
0  -13.053645 -1.372005 0.000000  0.000000 0.000000 -1.000000  0.200573 0.644407
chess_set_pieces_black
0  -14.624866 -1.537155 0.000000  -0.008215 -0.000438 -0.999966  0.197139 0.638577
0  -13.053645 -1.372005 0.000000  0.000000 0.000000 -1.000000  0.200573 0.644407
0  -12.483135 -4.056030 0.000000  0.000000 0.000000 -1.000000  0.211259 0.639534
chess_set_pieces_black
0  -13.985685 -4.544235 0.000000  -0.007930 -0.002849 -0.999964  0.209113 0.633121
0  -14.624866 -1.537155 0.000000  -0.008215 -0.000438 -0.999966  0.197139 0.638577
0  -12.483135 -4.056030 0.000000  0.000000 0.000000 -1.000000  0.211259 0.639534
chess_set_pieces_black
0  -13.985685 -4.544235 0.000000  -0.007930 -0.002849 -0.999964  0.209113 0.633121
0  -12.483135 -4.056030 0.000000  0.000000 0.000000 -1.000000  0.211259 0.639534
0  -11.367044 -6.562800 0.000000  0.000000 0.000000 -1.000000  0.222720 0.636992
chess_set_pieces_black
0  5.686740 5.136975 58.718475  -0.005246 0.983103 0.182980  0.920415 0.111504
0  6.104295 5.336460 60.272102  -0.080756 0.978044 -0.192115  0.917847 0.104956
0  8.339985 4.516245 59.443512  0.205530 0.939247 -0.274903  0.908382 0.110197
chess_set_pieces_black
0  8.518185 4.318560 57.493710  0.391067 0.919343 -0.043308  0.908619 0.118634
0  5.686740 5.136975 58.718475  -0.005246 0.983103 0.182980  0.920415 0.111504
0  8.339985 4.516245 59.443512  0.205530 0.939247 -0.274903  0.908382 0.110197
chess_set_pieces_black
0  9.787905 3.578175 57.131416  0.758636 0.628774 -0.170628  0.902722 0.121449
0  8.518185 4.318560 57.493710  0.391067 0.919343 -0.043308  0.908619 0.118634
0  8.339985 4.516245 59.443512  0.205530 0.939247 -0.274903  0.908382 0.110197
chess_set_pieces_black
0  9.677520 4.363155 59.305546  0.554661 0.790853 -0.258655  0.902722 0.111459
0  9.787905 3.578175 57.131416  0.758636 0.628774 -0.170628  0.902722 0.121449
0  8.339985 4.516245 59.443512  0.205530 0.939247 -0.274903  0.908382 0.110197
chess_set_pieces_black
0  8.339985 4.516245 59.443512  0.205530 0.939247 -0.274903  0.908382 0.110197
0  8.296965 5.610780 61.731808  0.118360 0.909771 -0.397879  0.907911 0.099399
0  9.677520 4.363155 59.305546  0.554661 0.790853 -0.258655  0.902722 0.111459
chess_set_pieces_black
0  8.296965 5.610780 61.731808  0.118360 0.909771 -0.397879  0.907911 0.099399
0  9.061200 5.380110 61.568954  0.467402 0.819251 -0.332209  0.904629 0.100619
0  9.677520 4.363155 59.305546  0.554661 0.790853 -0.258655  0.902722 0.111459
chess_set_pieces_black
0  9.061200 5.380110 61.568954  0.467402 0.819251 -0.332209  0.904629 0.100619
0  8.296965 5.610780 61.731808  0.118360 0.909771 -0.397879  0.907911 0.099399
0  8.449515 6.499485 63.220097  0.097032 0.957471 -0.271724  0.906995 0.092468
chess_set_pieces_black
0  9.036495 6.325020 63.654076  0.529960 0.837587 -0.132629  0.904218 0.091122
0  9.061200 5.380110 61.568954  0.467402 0.819251 -0.332209  0.904629 0.100619
0  8.449515 6.499485 63.220097  0.097032 0.957471 -0.271724  0.906995 0.092468
chess_set_pieces_black
0  8.591445 5.973525 64.319756  0.118887 0.590394 0.798311  0.905581 0.087555
0  9.036495 6.325020 63.654076  0.529960 0.837587 -0.132629  0.904218 0.091122
0  8.449515 6.499485 63.220097  0.097032 0.957471 -0.271724  0.906995 0.092468
chess_set_pieces_black
0  8.591445 5.973525 64.319756  0.118887 0.590394 0.798311  0.905581 0.087555
0  8.449515 6.499485 63.220097  0.097032 0.957471 -0.271724  0.906995 0.092468
0  7.917255 6.376230 63.873539  -0.323514 0.936989 0.131872  0.908990 0.089584
chess_set_pieces_black
0  7.917255 6.376230 63.873539  -0.323514 0.936989 0.131872  0.908990 0.089584
0  8.449515 6.499485 63.220097  0.097032 0.957471 -0.271724  0.906995 0.092468
0  6.820380 5.921100 62.093788  -0.185983 0.956199 -0.226041  0.914104 0.096955
chess_set_pieces_black
0  8.449515 6.499485 63.220097  0.097032 0.957471 -0.271724  0.906995 0.092468
0  8.296965 5.610780 61.731808  0.118360 0.909771 -0.397879  0.907911 0.099399
0  6.820380 5.921100 62.093788  -0.185983 0.956199 -0.226041  0.914104 0.096955
chess_set_pieces_black
0  6.820380 5.921100 62.093788  -0.185983 0.956199 -0.226041  0.914104 0.096955
0  8.296965 5.610780 61.731808  0.118360 0.909771 -0.397879  0.907911 0.099399
0  6.104295 5.336460 60.272102  -0.080756 0.978044 -0.192115  0.917847 0.104956
chess_set_pieces_black
0  8.296965 5.610780 61.731808  0.118360 0.909771 -0.397879  0.907911 0.099399
0  8.339985 4.516245 59.443512  0.205530 0.939247 -0.274903  0.908382 0.110197
0  6.104295 5.336460 60.272102  -0.080756 0.978044 -0.192115  0.917847 0.104956
chess_set_pieces_black
0  -0.000405 17.024086 4.032135  0.001012 0.999170 0.040729  0.715121 0.496249
0  -0.000135 17.037945 0.472050  0.000358 0.999859 -0.016765  0.730440 0.496264
0  -3.473415 16.596405 0.483165  -0.210987 0.977339 -0.017147  0.730579 0.481382
chess_set_pieces_black
0  -3.471210 16.585514 4.026195  -0.211505 0.976561 0.039933  0.715367 0.481043
0  -0.000405 17.024086 4.032135  0.001012 0.999170 0.040729  0.715121 0.496249
0  -3.473415 16.596405 0.483165  -0.210987 0.977339 -0.017147  0.730579 0.481382
chess_set_pieces_black
0  -3.471210 16.585514 4.026195  -0.211505 0.976561 0.039933  0.715367 0.481043
0  -3.473415 16.596405 0.483165  -0.210987 0.977339 -0.017147  0.730579 0.481382
0  -6.814530 15.561360 0.475290  -0.404816 0.914216 -0.018272  0.731101 0.466519
chess_set_pieces_black
0  -6.813360 15.558480 4.031145  -0.403031 0.914354 0.039025  0.715802 0.465850
0  -3.471210 16.585514 4.026195  -0.211505 0.976561 0.039933  0.715367 0.481043
0  -6.814530 15.561360 0.475290  -0.404816 0.914216 -0.018272  0.731101 0.466519
chess_set_pieces_black
0  -6.813360 15.558480 4.031145  -0.403031 0.914354 0.039025  0.715802 0.465850
0  -6.814530 15.561360 0.475290  -0.404816 0.914216 -0.018272  0.731101 0.466519
0  -9.826110 13.780215 0.480915  -0.596386 0.802419 -0.021151  0.731855 0.451709
chess_set_pieces_black
0  -9.824265 13.777020 4.029300  -0.593926 0.803755 0.035063  0.716691 0.450664
0  -6.813360 15.558480 4.031145  -0.403031 0.914354 0.039025  0.715802 0.465850
0  -9.826110 13.780215 0.480915  -0.596386 0.802419 -0.021151  0.731855 0.451709
chess_set_pieces_black
0  -9.824265 13.777020 4.029300  -0.593926 0.803755 0.035063  0.716691 0.450664
0  -9.826110 13.780215 0.480915  -0.596386 0.802419 -0.021151  0.731855 0.451709
0  -12.389851 11.412449 0.494010  -0.742340 0.669609 -0.023565  0.732903 0.436979
chess_set_pieces_black
0  -12.413250 11.432790 4.028400  -0.741014 0.670775 0.030953  0.717900 0.435626
0  -9.824265 13.777020 4.029300  -0.593926 0.803755 0.035063  0.716691 0.450664
0  -12.389851 11.412449 0.494010  -0.742340 0.669609 -0.023565  0.732903 0.436979
chess_set_pieces_black
0  -12.413250 11.432790 4.028400  -0.741014 0.670775 0.030953  0.717900 0.435626
0  -12.389851 11.412449 0.494010  -0.742340 0.669609 -0.023565  0.732903 0.436979
0  -14.480865 8.614935 0.480555  -0.860317 0.509368 -0.019958  0.734513 0.422275
chess_set_pieces_black
0  -14.483476 8.616960 4.029750  -0.861072 0.507225 0.035733  0.719393 0.420602
0  -12.413250 11.432790 4.028400  -0.741014 0.670775 0.030953  0.717900 0.435626
0  -14.480865 8.614935 0.480555  -0.860317 0.509368 -0.019958  0.734513 0.422275
chess_set_pieces_black
0  -14.483476 8.616960 4.029750  -0.861072 0.507225 0.035733  0.719393 0.420602
0  -14.480865 8.614935 0.480555  -0.860317 0.509368 -0.019958  0.734513 0.422275
0  -15.958395 5.440095 0.474120  -0.950055 0.311762 -0.014111  0.736392 0.407537
chess_set_pieces_black
0  -15.935625 5.432670 4.031145  -0.950188 0.308613 0.043598  0.721215 0.405506
0  -14.483476 8.616960 4.029750  -0.861072 0.507225 0.035733  0.719393 0.420602
0  -15.958395 5.440095 0.474120  -0.950055 0.311762 -0.014111  0.736392 0.407537
chess_set_pieces_black
0  -15.935625 5.432670 4.031145  -0.950188 0.308613 0.043598  0.721215 0.405506
0  -15.958395 5.440095 0.474120  -0.950055 0.311762 -0.014111  0.736392 0.407537
0  -16.655624 2.006235 0.476820  -0.994751 0.101772 -0.010626  0.738491 0.392785
chess_set_pieces_black
0  -16.629660 2.002950 4.028445  -0.993781 0.101271 0.046298  0.723431 0.390469
0  -15.935625 5.432670 4.031145  -0.950188 0.308613 0.043598  0.721215 0.405506
0  -16.655624 2.006235 0.476820  -0.994751 0.101772 -0.010626  0.738491 0.392785
chess_set_pieces_black
0  -16.629660 2.002950 4.028445  -0.993781 0.101271 0.046298  0.723431 0.390469
0  -16.655624 2.006235 0.476820  -0.994751 0.101772 -0.010626  0.738491 0.392785
0  -16.674120 -1.497105 0.474930  -0.994664 -0.102947 -0.006721  0.740938 0.378061
chess_set_pieces_black
0  -16.635960 -1.492695 4.029795  -0.993248 -0.105615 0.047989  0.725841 0.375492
0  -16.629660 2.002950 4.028445  -0.993781 0.101271 0.046298  0.723431 0.390469
0  -16.674120 -1.497105 0.474930  -0.994664 -0.102947 -0.006721  0.740938 0.378061
chess_set_pieces_black
0  -16.635960 -1.492695 4.029795  -0.993248 -0.105615 0.047989  0.725841 0.375492
0  -16.674120 -1.497105 0.474930  -0.994664 -0.102947 -0.006721  0.740938 0.378061
0  -15.943995 -4.924800 0.475605  -0.949750 -0.312985 -0.003849  0.743665 0.363353
chess_set_pieces_black
0  -15.891345 -4.908645 4.027860  -0.948314 -0.313445 0.049533  0.728538 0.360472
0  -16.635960 -1.492695 4.029795  -0.993248 -0.105615 0.047989  0.725841 0.375492
0  -15.943995 -4.924800 0.475605  -0.949750 -0.312985 -0.003849  0.743665 0.363353
chess_set_pieces_black
0  9.821430 13.774230 0.481635  0.595700 0.802985 -0.018912  0.731777 0.540833
0  9.781919 13.719330 0.270450  0.461945 0.621832 -0.632402  0.732716 0.540780
0  6.812730 15.557671 0.476370  0.405668 0.913858 -0.017213  0.731049 0.526008
chess_set_pieces_black
0  9.781919 13.719330 0.270450  0.461945 0.621832 -0.632402  0.732716 0.540780
0  6.782490 15.490934 0.248805  0.310308 0.699542 -0.643700  0.732075 0.525964
0  6.812730 15.557671 0.476370  0.405668 0.913858 -0.017213  0.731049 0.526008
chess_set_pieces_black
0  6.812730 15.557671 0.476370  0.405668 0.913858 -0.017213  0.731049 0.526008
0  6.782490 15.490934 0.248805  0.310308 0.699542 -0.643700  0.732075 0.525964
0  3.472470 16.593840 0.483345  0.211562 0.977216 -0.017017  0.730550 0.511144
chess_set_pieces_black
0  6.782490 15.490934 0.248805  0.310308 0.699542 -0.643700  0.732075 0.525964
0  3.457800 16.523911 0.276840  0.161775 0.745002 -0.647148  0.731480 0.511127
0  3.472470 16.593840 0.483345  0.211562 0.977216 -0.017017  0.730550 0.511144
chess_set_pieces_black
0  3.472470 16.593840 0.483345  0.211562 0.977216 -0.017017  0.730550 0.511144
0  3.457800 16.523911 0.276840  0.161775 0.745002 -0.647148  0.731480 0.511127
0  -0.000135 17.037945 0.472050  0.000358 0.999859 -0.016765  0.730440 0.496264
chess_set_pieces_black
0  3.457800 16.523911 0.276840  0.161775 0.745002 -0.647148  0.731480 0.511127
0  -0.000045 16.957260 0.233190  0.000269 0.755291 -0.655390  0.731523 0.496266
0  -0.000135 17.037945 0.472050  0.000358 0.999859 -0.016765  0.730440 0.496264
chess_set_pieces_black
0  -0.000135 17.037945 0.472050  0.000358 0.999859 -0.016765  0.730440 0.496264
0  -0.000045 16.957260 0.233190  0.000269 0.755291 -0.655390  0.731523 0.496266
0  -3.473415 16.596405 0.483165  -0.210987 0.977339 -0.017147  0.730579 0.481382
chess_set_pieces_black
0  -0.000045 16.957260 0.233190  0.000269 0.755291 -0.655390  0.731523 0.496266
0  -3.458655 16.527239 0.275175  -0.160966 0.742544 -0.650168  0.731514 0.481402
0  -3.473415 16.596405 0.483165  -0.210987 0.977339 -0.017147  0.730579 0.481382
chess_set_pieces_black
0  -3.473415 16.596405 0.483165  -0.210987 0.977339 -0.017147  0.730579 0.481382
0  -3.458655 16.527239 0.275175  -0.160966 0.742544 -0.650168  0.731514 0.481402
0  -6.814530 15.561360 0.475290  -0.404816 0.914216 -0.018272  0.731101 0.466519
chess_set_pieces_black
0  -3.458655 16.527239 0.275175  -0.160966 0.742544 -0.650168  0.731514 0.481402
0  -6.783165 15.491385 0.246690  -0.307448 0.693386 -0.651684  0.732135 0.466565
0  -6.814530 15.561360 0.475290  -0.404816 0.914216 -0.018272  0.731101 0.466519
chess_set_pieces_black
0  -6.814530 15.561360 0.475290  -0.404816 0.914216 -0.018272  0.731101 0.466519
0  -6.783165 15.491385 0.246690  -0.307448 0.693386 -0.651684  0.732135 0.466565
0  -9.826110 13.780215 0.480915  -0.596386 0.802419 -0.021151  0.731855 0.451709
chess_set_pieces_black
0  -6.783165 15.491385 0.246690  -0.307448 0.693386 -0.651684  0.732135 0.466565
0  -9.783495 13.721310 0.269100  -0.457712 0.614273 -0.642781  0.732802 0.451765
0  -9.826110 13.780215 0.480915  -0.596386 0.802419 -0.021151  0.731855 0.451709
chess_set_pieces_black
0  -9.826110 13.780215 0.480915  -0.596386 0.802419 -0.021151  0.731855 0.451709
0  -9.783495 13.721310 0.269100  -0.457712 0.614273 -0.642781  0.732802 0.451765
0  -12.389851 11.412449 0.494010  -0.742340 0.669609 -0.023565  0.732903 0.436979
chess_set_pieces_black
0  -9.783495 13.721310 0.269100  -0.457712 0.614273 -0.642781  0.732802 0.451765
0  -12.333421 11.361780 0.301005  -0.580273 0.523497 -0.623887  0.733787 0.437059
0  -12.389851 11.412449 0.494010  -0.742340 0.669609 -0.023565  0.732903 0.436979
chess_set_pieces_black
0  -12.389851 11.412449 0.494010  -0.742340 0.669609 -0.023565  0.732903 0.436979
0  -12.333421 11.361780 0.301005  -0.580273 0.523497 -0.623887  0.733787 0.437059
0  -14.480865 8.614935 0.480555  -0.860317 0.509368 -0.019958  0.734513 0.422275
chess_set_pieces_black
0  -12.333421 11.361780 0.301005  -0.580273 0.523497 -0.623887  0.733787 0.437059
0  -14.420566 8.581545 0.265230  -0.658594 0.394068 -0.641065  0.735464 0.422394
0  -14.480865 8.614935 0.480555  -0.860317 0.509368 -0.019958  0.734513 0.422275
chess_set_pieces_black
0  -14.480865 8.614935 0.480555  -0.860317 0.509368 -0.019958  0.734513 0.422275
0  -14.420566 8.581545 0.265230  -0.658594 0.394068 -0.641065  0.735464 0.422394
0  -15.958395 5.440095 0.474120  -0.950055 0.311762 -0.014111  0.736392 0.407537
chess_set_pieces_black
0  -14.420566 8.581545 0.265230  -0.658594 0.394068 -0.641065  0.735464 0.422394
0  -15.888330 5.416560 0.232065  -0.709767 0.233636 -0.664564  0.737470 0.407680
0  -15.958395 5.440095 0.474120  -0.950055 0.311762 -0.014111  0.736392 0.407537
chess_set_pieces_black
0  -0.000405 17.024086 4.032135  0.001012 0.999170 0.040729  0.715121 0.496249
0  3.470580 16.583490 4.026510  0.209765 0.976977 0.038910  0.715339 0.511458
0  -0.000135 17.037945 0.472050  0.000358 0.999859 -0.016765  0.730440 0.496264
chess_set_pieces_black
0  3.470580 16.583490 4.026510  0.209765 0.976977 0.038910  0.715339 0.511458
0  3.472470 16.593840 0.483345  0.211562 0.977216 -0.017017  0.730550 0.511144
0  -0.000135 17.037945 0.472050  0.000358 0.999859 -0.016765  0.730440 0.496264
chess_set_pieces_black
0  3.470580 16.583490 4.026510  0.209765 0.976977 0.038910  0.715339 0.511458
0  6.811380 15.554070 4.030830  0.406131 0.913042 0.037565  0.715752 0.526648
0  3.472470 16.593840 0.483345  0.211562 0.977216 -0.017017  0.730550 0.511144
chess_set_pieces_black
0  6.811380 15.554070 4.030830  0.406131 0.913042 0.037565  0.715752 0.526648
0  6.812730 15.557671 0.476370  0.405668 0.913858 -0.017213  0.731049 0.526008
0  3.472470 16.593840 0.483345  0.211562 0.977216 -0.017017  0.730550 0.511144
chess_set_pieces_black
0  6.811380 15.554070 4.030830  0.406131 0.913042 0.037565  0.715752 0.526648
0  9.817830 13.767750 4.027635  0.593906 0.803772 0.035018  0.716606 0.541828
0  6.812730 15.557671 0.476370  0.405668 0.913858 -0.017213  0.731049 0.526008
chess_set_pieces_black
0  9.817830 13.767750 4.027635  0.593906 0.803772 0.035018  0.716606 0.541828
0  9.821430 13.774230 0.481635  0.595700 0.802985 -0.018912  0.731777 0.540833
0  6.812730 15.557671 0.476370  0.405668 0.913858 -0.017213  0.731049 0.526008
chess_set_pieces_black
0  9.817830 13.767750 4.027635  0.593906 0.803772 0.035018  0.716606 0.541828
0  12.408661 11.428201 4.027185  0.742535 0.669011 0.032643  0.717751 0.556870
0  9.821430 13.774230 0.481635  0.595700 0.802985 -0.018912  0.731777 0.540833
chess_set_pieces_black
0  12.408661 11.428201 4.027185  0.742535 0.669011 0.032643  0.717751 0.556870
0  12.392550 11.415555 0.491895  0.742168 0.669882 -0.021091  0.732772 0.555579
0  9.821430 13.774230 0.481635  0.595700 0.802985 -0.018912  0.731777 0.540833
chess_set_pieces_black
0  12.408661 11.428201 4.027185  0.742535 0.669011 0.032643  0.717751 0.556870
0  14.476950 8.612280 4.029075  0.861814 0.505879 0.036912  0.719171 0.571903
0  12.392550 11.415555 0.491895  0.742168 0.669882 -0.021091  0.732772 0.555579
chess_set_pieces_black
0  14.476950 8.612280 4.029075  0.861814 0.505879 0.036912  0.719171 0.571903
0  14.477400 8.613270 0.481095  0.860987 0.508305 -0.018104  0.734301 0.570300
0  12.392550 11.415555 0.491895  0.742168 0.669882 -0.021091  0.732772 0.555579
chess_set_pieces_black
0  14.476950 8.612280 4.029075  0.861814 0.505879 0.036912  0.719171 0.571903
0  15.922979 5.429250 4.030605  0.950074 0.309107 0.042564  0.720913 0.587000
0  14.477400 8.613270 0.481095  0.860987 0.508305 -0.018104  0.734301 0.570300
chess_set_pieces_black
0  15.922979 5.429250 4.030605  0.950074 0.309107 0.042564  0.720913 0.587000
0  15.950926 5.437035 0.474030  0.950351 0.310885 -0.013512  0.736099 0.585054
0  14.477400 8.613270 0.481095  0.860987 0.508305 -0.018104  0.734301 0.570300
chess_set_pieces_black
0  15.922979 5.429250 4.030605  0.950074 0.309107 0.042564  0.720913 0.587000
0  16.622820 2.001960 4.028310  0.993738 0.103144 0.042977  0.723056 0.602050
0  15.950926 5.437035 0.474030  0.950351 0.310885 -0.013512  0.736099 0.585054
chess_set_pieces_black
0  16.622820 2.001960 4.028310  0.993738 0.103144 0.042977  0.723056 0.602050
0  16.643160 2.004570 0.478395  0.994614 0.102882 -0.012564  0.738096 0.599820
0  15.950926 5.437035 0.474030  0.950351 0.310885 -0.013512  0.736099 0.585054
chess_set_pieces_black
0  16.622820 2.001960 4.028310  0.993738 0.103144 0.042977  0.723056 0.602050
0  16.642889 -1.493415 4.030200  0.993844 -0.101231 0.045021  0.725401 0.616995
0  16.643160 2.004570 0.478395  0.994614 0.102882 -0.012564  0.738096 0.599820
chess_set_pieces_black
0  16.642889 -1.493415 4.030200  0.993844 -0.101231 0.045021  0.725401 0.616995
0  16.663860 -1.496430 0.475740  0.994982 -0.099454 -0.010923  0.740473 0.614482
0  16.643160 2.004570 0.478395  0.994614 0.102882 -0.012564  0.738096 0.599820
chess_set_pieces_black
0  16.642889 -1.493415 4.030200  0.993844 -0.101231 0.045021  0.725401 0.616995
0  15.915060 -4.915755 4.029930  0.948848 -0.311829 0.049487  0.728046 0.632000
0  16.663860 -1.496430 0.475740  0.994982 -0.099454 -0.010923  0.740473 0.614482
chess_set_pieces_black
0  15.915060 -4.915755 4.029930  0.948848 -0.311829 0.049487  0.728046 0.632000
0  15.966855 -4.930965 0.470430  0.950616 -0.310272 -0.007794  0.743141 0.629140
0  16.663860 -1.496430 0.475740  0.994982 -0.099454 -0.010923  0.740473 0.614482
chess_set_pieces_black
0  9.795465 -13.223970 0.496125  0.582602 -0.812133 -0.031865  0.752535 0.672471
0  9.747900 -13.158720 0.310725  0.444105 -0.626607 -0.640417  0.753356 0.672262
0  12.452445 -10.956690 0.473400  0.738283 -0.674138 -0.021817  0.749095 0.658218
chess_set_pieces_black
0  9.747900 -13.158720 0.310725  0.444105 -0.626607 -0.640417  0.753356 0.672262
0  12.386564 -10.897335 0.252090  0.551298 -0.511121 -0.659413  0.750086 0.657995
0  12.452445 -10.956690 0.473400  0.738283 -0.674138 -0.021817  0.749095 0.658218
chess_set_pieces_black
0  12.452445 -10.956690 0.473400  0.738283 -0.674138 -0.021817  0.749095 0.658218
0  12.386564 -10.897335 0.252090  0.551298 -0.511121 -0.659413  0.750086 0.657995
0  14.508450 -8.121511 0.476055  0.865693 -0.500454 -0.011044  0.746004 0.643757
chess_set_pieces_black
0  12.386564 -10.897335 0.252090  0.551298 -0.511121 -0.659413  0.750086 0.657995
0  14.446665 -8.086905 0.250245  0.640880 -0.374521 -0.670080  0.746988 0.643561
0  14.508450 -8.121511 0.476055  0.865693 -0.500454 -0.011044  0.746004 0.643757
chess_set_pieces_black
0  14.508450 -8.121511 0.476055  0.865693 -0.500454 -0.011044  0.746004 0.643757
0  14.446665 -8.086905 0.250245  0.640880 -0.374521 -0.670080  0.746988 0.643561
0  15.966855 -4.930965 0.470430  0.950616 -0.310272 -0.007794  0.743141 0.629140
chess_set_pieces_black
0  14.446665 -8.086905 0.250245  0.640880 -0.374521 -0.670080  0.746988 0.643561
0  15.893999 -4.907070 0.231390  0.700457 -0.227801 -0.676363  0.744201 0.628938
0  15.966855 -4.930965 0.470430  0.950616 -0.310272 -0.007794  0.743141 0.629140
chess_set_pieces_black
0  15.966855 -4.930965 0.470430  0.950616 -0.310272 -0.007794  0.743141 0.629140
0  15.893999 -4.907070 0.231390  0.700457 -0.227801 -0.676363  0.744201 0.628938
0  16.663860 -1.496430 0.475740  0.994982 -0.099454 -0.010923  0.740473 0.614482
chess_set_pieces_black
0  15.893999 -4.907070 0.231390  0.700457 -0.227801 -0.676363  0.744201 0.628938
0  16.596359 -1.490085 0.248085  0.743039 -0.072838 -0.665272  0.741468 0.614313
0  16.663860 -1.496430 0.475740  0.994982 -0.099454 -0.010923  0.740473 0.614482
chess_set_pieces_black
0  16.663860 -1.496430 0.475740  0.994982 -0.099454 -0.010923  0.740473 0.614482
0  16.596359 -1.490085 0.248085  0.743039 -0.072838 -0.665272  0.741468 0.614313
0  16.643160 2.004570 0.478395  0.994614 0.102882 -0.012564  0.738096 0.599820
chess_set_pieces_black
0  16.596359 -1.490085 0.248085  0.743039 -0.072838 -0.665272  0.741468 0.614313
0  16.573095 1.997910 0.258210  0.751119 0.077242 -0.655633  0.739073 0.599673
0  16.643160 2.004570 0.478395  0.994614 0.102882 -0.012564  0.738096 0.599820
chess_set_pieces_black
0  16.643160 2.004570 0.478395  0.994614 0.102882 -0.012564  0.738096 0.599820
0  16.573095 1.997910 0.258210  0.751119 0.077242 -0.655633  0.739073 0.599673
0  15.950926 5.437035 0.474030  0.950351 0.310885 -0.013512  0.736099 0.585054
chess_set_pieces_black
0  16.573095 1.997910 0.258210  0.751119 0.077242 -0.655633  0.739073 0.599673
0  15.881761 5.413590 0.238995  0.716102 0.234765 -0.657330  0.737148 0.584923
0  15.950926 5.437035 0.474030  0.950351 0.310885 -0.013512  0.736099 0.585054
chess_set_pieces_black
0  15.950926 5.437035 0.474030  0.950351 0.310885 -0.013512  0.736099 0.585054
0  15.881761 5.413590 0.238995  0.716102 0.234765 -0.657330  0.737148 0.584923
0  14.477400 8.613270 0.481095  0.860987 0.508305 -0.018104  0.734301 0.570300
chess_set_pieces_black
0  15.881761 5.413590 0.238995  0.716102 0.234765 -0.657330  0.737148 0.584923
0  14.418631 8.580150 0.266535  0.661776 0.394238 -0.637674  0.735249 0.570189
0  14.477400 8.613270 0.481095  0.860987 0.508305 -0.018104  0.734301 0.570300
chess_set_pieces_black
0  14.477400 8.613270 0.481095  0.860987 0.508305 -0.018104  0.734301 0.570300
0  14.418631 8.580150 0.266535  0.661776 0.394238 -0.637674  0.735249 0.570189
0  12.392550 11.415555 0.491895  0.742168 0.669882 -0.021091  0.732772 0.555579
chess_set_pieces_black
0  14.418631 8.580150 0.266535  0.661776 0.394238 -0.637674  0.735249 0.570189
0  12.337020 11.365335 0.292365  0.583322 0.526151 -0.618790  0.733681 0.555502
0  12.392550 11.415555 0.491895  0.742168 0.669882 -0.021091  0.732772 0.555579
chess_set_pieces_black
0  12.392550 11.415555 0.491895  0.742168 0.669882 -0.021091  0.732772 0.555579
0  12.337020 11.365335 0.292365  0.583322 0.526151 -0.618790  0.733681 0.555502
0  9.821430 13.774230 0.481635  0.595700 0.802985 -0.018912  0.731777 0.540833
chess_set_pieces_black
0  12.337020 11.365335 0.292365  0.583322 0.526151 -0.618790  0.733681 0.555502
0  9.781919 13.719330 0.270450  0.461945 0.621832 -0.632402  0.732716 0.540780
0  9.821430 13.774230 0.481635  0.595700 0.802985 -0.018912  0.731777 0.540833
chess_set_pieces_black
0  15.915060 -4.915755 4.029930  0.948848 -0.311829 0.049487  0.728046 0.632000
0  14.470245 -8.098425 4.027905  0.865730 -0.498184 0.048205  0.731066 0.646920
0  15.966855 -4.930965 0.470430  0.950616 -0.310272 -0.007794  0.743141 0.629140
chess_set_pieces_black
0  14.470245 -8.098425 4.027905  0.865730 -0.498184 0.048205  0.731066 0.646920
0  14.508450 -8.121511 0.476055  0.865693 -0.500454 -0.011044  0.746004 0.643757
0  15.966855 -4.930965 0.470430  0.950616 -0.310272 -0.007794  0.743141 0.629140
chess_set_pieces_black
0  14.470245 -8.098425 4.027905  0.865730 -0.498184 0.048205  0.731066 0.646920
0  12.455640 -10.958850 4.031730  0.738425 -0.673120 0.040458  0.734358 0.661730
0  14.508450 -8.121511 0.476055  0.865693 -0.500454 -0.011044  0.746004 0.643757
chess_set_pieces_black
0  12.455640 -10.958850 4.031730  0.738425 -0.673120 0.040458  0.734358 0.661730
0  12.452445 -10.956690 0.473400  0.738283 -0.674138 -0.021817  0.749095 0.658218
0  14.508450 -8.121511 0.476055  0.865693 -0.500454 -0.011044  0.746004 0.643757
chess_set_pieces_black
0  12.455640 -10.958850 4.031730  0.738425 -0.673120 0.040458  0.734358 0.661730
0  9.816840 -13.254391 4.026825  0.585916 -0.809795 0.030576  0.738065 0.676318
0  12.452445 -10.956690 0.473400  0.738283 -0.674138 -0.021817  0.749095 0.658218
chess_set_pieces_black
0  9.816840 -13.254391 4.026825  0.585916 -0.809795 0.030576  0.738065 0.676318
0  9.795465 -13.223970 0.496125  0.582602 -0.812133 -0.031865  0.752535 0.672471
0  12.452445 -10.956690 0.473400  0.738283 -0.674138 -0.021817  0.749095 0.658218
chess_set_pieces_black
0  9.816840 -13.254391 4.026825  0.585916 -0.809795 0.030576  0.738065 0.676318
0  6.812190 -15.044670 4.030965  0.409147 -0.912008 0.029001  0.742075 0.690736
0  9.795465 -13.223970 0.496125  0.582602 -0.812133 -0.031865  0.752535 0.672471
chess_set_pieces_black
0  6.812190 -15.044670 4.030965  0.409147 -0.912008 0.029001  0.742075 0.690736
0  6.785145 -14.985721 0.493020  0.410632 -0.911227 -0.032363  0.756376 0.686550
0  9.795465 -13.223970 0.496125  0.582602 -0.812133 -0.031865  0.752535 0.672471
chess_set_pieces_black
0  6.812190 -15.044670 4.030965  0.409147 -0.912008 0.029001  0.742075 0.690736
0  3.473820 -16.087410 4.027410  0.220418 -0.974577 0.040194  0.746477 0.705031
0  6.785145 -14.985721 0.493020  0.410632 -0.911227 -0.032363  0.756376 0.686550
chess_set_pieces_black
0  3.473820 -16.087410 4.027410  0.220418 -0.974577 0.040194  0.746477 0.705031
0  3.475755 -16.097176 0.481140  0.221649 -0.974842 -0.023530  0.760812 0.700490
0  6.785145 -14.985721 0.493020  0.410632 -0.911227 -0.032363  0.756376 0.686550
chess_set_pieces_black
0  3.473820 -16.087410 4.027410  0.220418 -0.974577 0.040194  0.746477 0.705031
0  0.000585 -16.547626 4.034070  -0.000425 -0.998835 0.048264  0.751138 0.719321
0  3.475755 -16.097176 0.481140  0.221649 -0.974842 -0.023530  0.760812 0.700490
chess_set_pieces_black
0  0.000585 -16.547626 4.034070  -0.000425 -0.998835 0.048264  0.751138 0.719321
0  -0.001395 -16.575886 0.466560  0.000301 -0.999833 -0.018282  0.765673 0.714500
0  3.475755 -16.097176 0.481140  0.221649 -0.974842 -0.023530  0.760812 0.700490
chess_set_pieces_black
0  -0.001395 -16.575886 0.466560  0.000301 -0.999833 -0.018282  0.765673 0.714500
0  -0.000945 -16.475985 0.202950  0.000351 -0.721920 -0.691977  0.766791 0.714053
0  3.475755 -16.097176 0.481140  0.221649 -0.974842 -0.023530  0.760812 0.700490
chess_set_pieces_black
0  -0.000945 -16.475985 0.202950  0.000351 -0.721920 -0.691977  0.766791 0.714053
0  3.459645 -16.021259 0.272025  0.170763 -0.723296 -0.669091  0.761701 0.700190
0  3.475755 -16.097176 0.481140  0.221649 -0.974842 -0.023530  0.760812 0.700490
chess_set_pieces_black
0  3.475755 -16.097176 0.481140  0.221649 -0.974842 -0.023530  0.760812 0.700490
0  3.459645 -16.021259 0.272025  0.170763 -0.723296 -0.669091  0.761701 0.700190
0  6.785145 -14.985721 0.493020  0.410632 -0.911227 -0.032363  0.756376 0.686550
chess_set_pieces_black
0  3.459645 -16.021259 0.272025  0.170763 -0.723296 -0.669091  0.761701 0.700190
0  6.750585 -14.908545 0.298215  0.320007 -0.701830 -0.636420  0.757239 0.686296
0  6.785145 -14.985721 0.493020  0.410632 -0.911227 -0.032363  0.756376 0.686550
chess_set_pieces_black
0  6.785145 -14.985721 0.493020  0.410632 -0.911227 -0.032363  0.756376 0.686550
0  6.750585 -14.908545 0.298215  0.320007 -0.701830 -0.636420  0.757239 0.686296
0  9.795465 -13.223970 0.496125  0.582602 -0.812133 -0.031865  0.752535 0.672471
chess_set_pieces_black
0  6.750585 -14.908545 0.298215  0.320007 -0.701830 -0.636420  0.757239 0.686296
0  9.747900 -13.158720 0.310725  0.444105 -0.626607 -0.640417  0.753356 0.672262
0  9.795465 -13.223970 0.496125  0.582602 -0.812133 -0.031865  0.752535 0.672471
chess_set_pieces_black
0  -8.515665 8.096355 12.854746  -0.529702 0.419923 0.736940  0.104082 0.653905
0  -6.807420 9.814275 12.974895  -0.448689 0.528893 0.720382  0.111933 0.660269
0  -8.209170 11.888954 11.128590  -0.396593 0.492896 0.774447  0.121711 0.651318
chess_set_pieces_black
0  -10.365075 9.897750 11.102040  -0.474371 0.397179 0.785634  0.111907 0.643188
0  -8.515665 8.096355 12.854746  -0.529702 0.419923 0.736940  0.104082 0.653905
0  -8.209170 11.888954 11.128590  -0.396593 0.492896 0.774447  0.121711 0.651318
chess_set_pieces_black
0  -9.884250 6.093540 12.784230  -0.580084 0.315075 0.751153  0.095124 0.649209
0  -8.515665 8.096355 12.854746  -0.529702 0.419923 0.736940  0.104082 0.653905
0  -10.365075 9.897750 11.102040  -0.474371 0.397179 0.785634  0.111907 0.643188
chess_set_pieces_black
0  -12.070350 7.502264 11.086425  -0.529238 0.299500 0.793856  0.100648 0.637230
0  -9.884250 6.093540 12.784230  -0.580084 0.315075 0.751153  0.095124 0.649209
0  -10.365075 9.897750 11.102040  -0.474371 0.397179 0.785634  0.111907 0.643188
chess_set_pieces_black
0  -10.847250 3.866490 12.784365  -0.615027 0.195212 0.763959  0.085372 0.646471
0  -9.884250 6.093540 12.784230  -0.580084 0.315075 0.751153  0.095124 0.649209
0  -12.070350 7.502264 11.086425  -0.529238 0.299500 0.793856  0.100648 0.637230
chess_set_pieces_black
0  -13.277386 4.811895 11.124044  -0.572860 0.189599 0.797423  0.088409 0.633711
0  -10.847250 3.866490 12.784365  -0.615027 0.195212 0.763959  0.085372 0.646471
0  -12.070350 7.502264 11.086425  -0.529238 0.299500 0.793856  0.100648 0.637230
chess_set_pieces_black
0  -2.908440 14.307435 11.158200  -0.131217 0.643232 0.754343  0.135239 0.672836
0  -0.000045 14.624371 11.167155  0.000234 0.658545 0.752541  0.138168 0.685330
0  -0.000045 16.237169 9.534285  0.000420 0.840616 0.541631  0.148560 0.684042
chess_set_pieces_black
0  -3.276180 15.868979 9.520695  -0.162375 0.820933 0.547452  0.144887 0.669190
0  -2.908440 14.307435 11.158200  -0.131217 0.643232 0.754343  0.135239 0.672836
0  -0.000045 16.237169 9.534285  0.000420 0.840616 0.541631  0.148560 0.684042
chess_set_pieces_black
0  -5.696775 13.401449 11.181375  -0.271261 0.584943 0.764368  0.129618 0.661332
0  -2.908440 14.307435 11.158200  -0.131217 0.643232 0.754343  0.135239 0.672836
0  -3.276180 15.868979 9.520695  -0.162375 0.820933 0.547452  0.144887 0.669190
chess_set_pieces_black
0  -6.450255 14.939955 9.595125  -0.332878 0.754676 0.565382  0.138275 0.655540
0  -5.696775 13.401449 11.181375  -0.271261 0.584943 0.764368  0.129618 0.661332
0  -3.276180 15.868979 9.520695  -0.162375 0.820933 0.547452  0.144887 0.669190
chess_set_pieces_black
0  -8.209170 11.888954 11.128590  -0.396593 0.492896 0.774447  0.121711 0.651318
0  -5.696775 13.401449 11.181375  -0.271261 0.584943 0.764368  0.129618 0.661332
0  -6.450255 14.939955 9.595125  -0.332878 0.754676 0.565382  0.138275 0.655540
chess_set_pieces_black
0  -9.292140 13.223475 9.556695  -0.498223 0.649495 0.574395  0.128812 0.643798
0  -8.209170 11.888954 11.128590  -0.396593 0.492896 0.774447  0.121711 0.651318
0  -6.450255 14.939955 9.595125  -0.332878 0.754676 0.565382  0.138275 0.655540
chess_set_pieces_black
0  -10.365075 9.897750 11.102040  -0.474371 0.397179 0.785634  0.111907 0.643188
0  -8.209170 11.888954 11.128590  -0.396593 0.492896 0.774447  0.121711 0.651318
0  -9.292140 13.223475 9.556695  -0.498223 0.649495 0.574395  0.128812 0.643798
chess_set_pieces_black
0  -11.715750 10.966140 9.526140  -0.613962 0.535214 0.580170  0.117232 0.634342
0  -10.365075 9.897750 11.102040  -0.474371 0.397179 0.785634  0.111907 0.643188
0  -9.292140 13.223475 9.556695  -0.498223 0.649495 0.574395  0.128812 0.643798
chess_set_pieces_black
0  -12.070350 7.502264 11.086425  -0.529238 0.299500 0.793856  0.100648 0.637230
0  -10.365075 9.897750 11.102040  -0.474371 0.397179 0.785634  0.111907 0.643188
0  -11.715750 10.966140 9.526140  -0.613962 0.535214 0.580170  0.117232 0.634342
chess_set_pieces_black
0  -13.646879 8.271630 9.519526  -0.703543 0.402493 0.585685  0.104033 0.627426
0  -12.070350 7.502264 11.086425  -0.529238 0.299500 0.793856  0.100648 0.637230
0  -11.715750 10.966140 9.526140  -0.613962 0.535214 0.580170  0.117232 0.634342
chess_set_pieces_black
0  -13.277386 4.811895 11.124044  -0.572860 0.189599 0.797423  0.088409 0.633711
0  -12.070350 7.502264 11.086425  -0.529238 0.299500 0.793856  0.100648 0.637230
0  -13.646879 8.271630 9.519526  -0.703543 0.402493 0.585685  0.104033 0.627426
chess_set_pieces_black
0  -14.997556 5.240250 9.528075  -0.767972 0.250162 0.589609  0.089751 0.623319
0  -13.277386 4.811895 11.124044  -0.572860 0.189599 0.797423  0.088409 0.633711
0  -13.646879 8.271630 9.519526  -0.703543 0.402493 0.585685  0.104033 0.627426
chess_set_pieces_black
0  -9.698400 3.753360 14.354280  -0.867608 0.246093 0.432082  0.084952 0.654338
0  -8.842500 5.894190 14.346721  -0.821917 0.425732 0.378423  0.093652 0.656695
0  -9.884250 6.093540 12.784230  -0.580084 0.315075 0.751153  0.095124 0.649209
chess_set_pieces_black
0  -10.847250 3.866490 12.784365  -0.615027 0.195212 0.763959  0.085372 0.646471
0  -9.698400 3.753360 14.354280  -0.867608 0.246093 0.432082  0.084952 0.654338
0  -9.884250 6.093540 12.784230  -0.580084 0.315075 0.751153  0.095124 0.649209
chess_set_pieces_black
0  -10.069964 1.481085 14.339070  -0.873146 0.074036 0.481803  0.075903 0.653814
0  -9.698400 3.753360 14.354280  -0.867608 0.246093 0.432082  0.084952 0.654338
0  -10.847250 3.866490 12.784365  -0.615027 0.195212 0.763959  0.085372 0.646471
chess_set_pieces_black
0  -11.354760 1.481355 12.792600  -0.630702 0.069491 0.772908  0.075221 0.645681
0  -10.069964 1.481085 14.339070  -0.873146 0.074036 0.481803  0.075903 0.653814
0  -10.847250 3.866490 12.784365  -0.615027 0.195212 0.763959  0.085372 0.646471
chess_set_pieces_black
0  -11.354760 1.481355 12.792600  -0.630702 0.069491 0.772908  0.075221 0.645681
0  -10.847250 3.866490 12.784365  -0.615027 0.195212 0.763959  0.085372 0.646471
0  -13.277386 4.811895 11.124044  -0.572860 0.189599 0.797423  0.088409 0.633711
chess_set_pieces_black
0  -13.890736 1.921320 11.134485  -0.599221 0.071312 0.797401  0.075726 0.632699
0  -11.354760 1.481355 12.792600  -0.630702 0.069491 0.772908  0.075221 0.645681
0  -13.277386 4.811895 11.124044  -0.572860 0.189599 0.797423  0.088409 0.633711
chess_set_pieces_black
0  -13.890736 1.921320 11.134485  -0.599221 0.071312 0.797401  0.075726 0.632699
0  -13.277386 4.811895 11.124044  -0.572860 0.189599 0.797423  0.088409 0.633711
0  -14.997556 5.240250 9.528075  -0.767972 0.250162 0.589609  0.089751 0.623319
chess_set_pieces_black
0  -15.681914 1.987425 9.526950  -0.798014 0.093023 0.595416  0.074972 0.622168
0  -13.890736 1.921320 11.134485  -0.599221 0.071312 0.797401  0.075726 0.632699
0  -14.997556 5.240250 9.528075  -0.767972 0.250162 0.589609  0.089751 0.623319
chess_set_pieces_black
0  -13.917915 -1.044270 11.174490  -0.596000 -0.057004 0.800959  0.063071 0.634228
0  -13.890736 1.921320 11.134485  -0.599221 0.071312 0.797401  0.075726 0.632699
0  -15.681914 1.987425 9.526950  -0.798014 0.093023 0.595416  0.074972 0.622168
chess_set_pieces_black
0  -15.725700 -1.341810 9.564976  -0.790782 -0.070658 0.608006  0.060262 0.623915
0  -13.917915 -1.044270 11.174490  -0.596000 -0.057004 0.800959  0.063071 0.634228
0  -15.681914 1.987425 9.526950  -0.798014 0.093023 0.595416  0.074972 0.622168
chess_set_pieces_black
0  -13.286160 -3.933045 11.136240  -0.566070 -0.185551 0.803203  0.050970 0.638195
0  -13.917915 -1.044270 11.174490  -0.596000 -0.057004 0.800959  0.063071 0.634228
0  -15.725700 -1.341810 9.564976  -0.790782 -0.070658 0.608006  0.060262 0.623915
chess_set_pieces_black
0  -15.070545 -4.611510 9.595755  -0.748085 -0.242715 0.617623  0.046143 0.628537
0  -13.286160 -3.933045 11.136240  -0.566070 -0.185551 0.803203  0.050970 0.638195
0  -15.725700 -1.341810 9.564976  -0.790782 -0.070658 0.608006  0.060262 0.623915
chess_set_pieces_black
0  -12.095145 -6.634305 11.131200  -0.528138 -0.289867 0.798152  0.039895 0.644567
0  -13.286160 -3.933045 11.136240  -0.566070 -0.185551 0.803203  0.050970 0.638195
0  -15.070545 -4.611510 9.595755  -0.748085 -0.242715 0.617623  0.046143 0.628537
chess_set_pieces_black
0  -13.705695 -7.656750 9.577485  -0.681965 -0.388568 0.619629  0.033174 0.636004
0  -12.095145 -6.634305 11.131200  -0.528138 -0.289867 0.798152  0.039895 0.644567
0  -15.070545 -4.611510 9.595755  -0.748085 -0.242715 0.617623  0.046143 0.628537
chess_set_pieces_black
0  -10.399005 -9.043785 11.167650  -0.474958 -0.402007 0.782819  0.030356 0.653129
0  -12.095145 -6.634305 11.131200  -0.528138 -0.289867 0.798152  0.039895 0.644567
0  -13.705695 -7.656750 9.577485  -0.681965 -0.388568 0.619629  0.033174 0.636004
chess_set_pieces_black
0  -11.770425 -10.362870 9.588150  -0.583887 -0.527168 0.617390  0.021958 0.646024
0  -10.399005 -9.043785 11.167650  -0.474958 -0.402007 0.782819  0.030356 0.653129
0  -13.705695 -7.656750 9.577485  -0.681965 -0.388568 0.619629  0.033174 0.636004
chess_set_pieces_black
0  -8.234415 -11.041335 11.182364  -0.387639 -0.525928 0.757057  0.022783 0.663512
0  -10.399005 -9.043785 11.167650  -0.474958 -0.402007 0.782819  0.030356 0.653129
0  -11.770425 -10.362870 9.588150  -0.583887 -0.527168 0.617390  0.021958 0.646024
chess_set_pieces_black
0  -9.268605 -12.540646 9.527309  -0.451342 -0.655099 0.605917  0.013123 0.658269
0  -8.234415 -11.041335 11.182364  -0.387639 -0.525928 0.757057  0.022783 0.663512
0  -11.770425 -10.362870 9.588150  -0.583887 -0.527168 0.617390  0.021958 0.646024
chess_set_pieces_black
0  -10.070550 -0.826605 14.347620  -0.870086 -0.064819 0.488619  0.066892 0.654864
0  -10.069964 1.481085 14.339070  -0.873146 0.074036 0.481803  0.075903 0.653814
0  -11.354760 1.481355 12.792600  -0.630702 0.069491 0.772908  0.075221 0.645681
chess_set_pieces_black
0  -11.373031 -0.944595 12.808305  -0.632908 -0.059919 0.771905  0.065186 0.646908
0  -10.070550 -0.826605 14.347620  -0.870086 -0.064819 0.488619  0.066892 0.654864
0  -11.354760 1.481355 12.792600  -0.630702 0.069491 0.772908  0.075221 0.645681
chess_set_pieces_black
0  -11.373031 -0.944595 12.808305  -0.632908 -0.059919 0.771905  0.065186 0.646908
0  -11.354760 1.481355 12.792600  -0.630702 0.069491 0.772908  0.075221 0.645681
0  -13.890736 1.921320 11.134485  -0.599221 0.071312 0.797401  0.075726 0.632699
chess_set_pieces_black
0  -13.917915 -1.044270 11.174490  -0.596000 -0.057004 0.800959  0.063071 0.634228
0  -11.373031 -0.944595 12.808305  -0.632908 -0.059919 0.771905  0.065186 0.646908
0  -13.890736 1.921320 11.134485  -0.599221 0.071312 0.797401  0.075726 0.632699
chess_set_pieces_black
0  -10.857105 -3.328155 12.801195  -0.625520 -0.193834 0.755747  0.055549 0.650109
0  -11.373031 -0.944595 12.808305  -0.632908 -0.059919 0.771905  0.065186 0.646908
0  -13.917915 -1.044270 11.174490  -0.596000 -0.057004 0.800959  0.063071 0.634228
chess_set_pieces_black
0  -13.286160 -3.933045 11.136240  -0.566070 -0.185551 0.803203  0.050970 0.638195
0  -10.857105 -3.328155 12.801195  -0.625520 -0.193834 0.755747  0.055549 0.650109
0  -13.917915 -1.044270 11.174490  -0.596000 -0.057004 0.800959  0.063071 0.634228
chess_set_pieces_black
0  -9.890865 -5.555520 12.809970  -0.605863 -0.309395 0.732942  0.046779 0.655135
0  -10.857105 -3.328155 12.801195  -0.625520 -0.193834 0.755747  0.055549 0.650109
0  -13.286160 -3.933045 11.136240  -0.566070 -0.185551 0.803203  0.050970 0.638195
chess_set_pieces_black
0  -12.095145 -6.634305 11.131200  -0.528138 -0.289867 0.798152  0.039895 0.644567
0  -9.890865 -5.555520 12.809970  -0.605863 -0.309395 0.732942  0.046779 0.655135
0  -13.286160 -3.933045 11.136240  -0.566070 -0.185551 0.803203  0.050970 0.638195
chess_set_pieces_black
0  -8.559225 -7.587855 12.919591  -0.556849 -0.433614 0.708448  0.039219 0.661857
0  -9.890865 -5.555520 12.809970  -0.605863 -0.309395 0.732942  0.046779 0.655135
0  -12.095145 -6.634305 11.131200  -0.528138 -0.289867 0.798152  0.039895 0.644567
chess_set_pieces_black
0  -10.399005 -9.043785 11.167650  -0.474958 -0.402007 0.782819  0.030356 0.653129
0  -8.559225 -7.587855 12.919591  -0.556849 -0.433614 0.708448  0.039219 0.661857
0  -12.095145 -6.634305 11.131200  -0.528138 -0.289867 0.798152  0.039895 0.644567
chess_set_pieces_black
0  -6.839100 -9.315765 13.016521  -0.452224 -0.570713 0.685405  0.033136 0.669966
0  -8.559225 -7.587855 12.919591  -0.556849 -0.433614 0.708448  0.039219 0.661857
0  -10.399005 -9.043785 11.167650  -0.474958 -0.402007 0.782819  0.030356 0.653129
chess_set_pieces_black
0  -8.234415 -11.041335 11.182364  -0.387639 -0.525928 0.757057  0.022783 0.663512
0  -6.839100 -9.315765 13.016521  -0.452224 -0.570713 0.685405  0.033136 0.669966
0  -10.399005 -9.043785 11.167650  -0.474958 -0.402007 0.782819  0.030356 0.653129
chess_set_pieces_black
0  -4.764420 -10.619640 13.073806  -0.304326 -0.672843 0.674290  0.028988 0.679208
0  -6.839100 -9.315765 13.016521  -0.452224 -0.570713 0.685405  0.033136 0.669966
0  -8.234415 -11.041335 11.182364  -0.387639 -0.525928 0.757057  0.022783 0.663512
chess_set_pieces_black
0  -5.691195 -12.512970 11.157975  -0.275041 -0.619521 0.735218  0.017560 0.675250
0  -4.764420 -10.619640 13.073806  -0.304326 -0.672843 0.674290  0.028988 0.679208
0  -8.234415 -11.041335 11.182364  -0.387639 -0.525928 0.757057  0.022783 0.663512
chess_set_pieces_black
0  -2.428065 -11.379240 13.066875  -0.149689 -0.722395 0.675084  0.026959 0.689165
0  -4.764420 -10.619640 13.073806  -0.304326 -0.672843 0.674290  0.028988 0.679208
0  -5.691195 -12.512970 11.157975  -0.275041 -0.619521 0.735218  0.017560 0.675250
chess_set_pieces_black
0  -2.909160 -13.420844 11.150010  -0.150111 -0.660552 0.735620  0.014925 0.687809
0  -2.428065 -11.379240 13.066875  -0.149689 -0.722395 0.675084  0.026959 0.689165
0  -5.691195 -12.512970 11.157975  -0.275041 -0.619521 0.735218  0.017560 0.675250
chess_set_pieces_black
0  -0.001575 -11.628315 13.053329  -0.000867 -0.735760 0.677242  0.027054 0.699281
0  -2.428065 -11.379240 13.066875  -0.149689 -0.722395 0.675084  0.026959 0.689165
0  -2.909160 -13.420844 11.150010  -0.150111 -0.660552 0.735620  0.014925 0.687809
chess_set_pieces_black
0  -0.000225 -13.743496 11.169226  -0.000225 -0.668588 0.743633  0.014984 0.700702
0  -0.001575 -11.628315 13.053329  -0.000867 -0.735760 0.677242  0.027054 0.699281
0  -2.909160 -13.420844 11.150010  -0.150111 -0.660552 0.735620  0.014925 0.687809
chess_set_pieces_black
0  -9.731880 -3.109185 14.369040  -0.872422 -0.220243 0.436318  0.058228 0.657479
0  -10.070550 -0.826605 14.347620  -0.870086 -0.064819 0.488619  0.066892 0.654864
0  -11.373031 -0.944595 12.808305  -0.632908 -0.059919 0.771905  0.065186 0.646908
chess_set_pieces_black
0  -10.857105 -3.328155 12.801195  -0.625520 -0.193834 0.755747  0.055549 0.650109
0  -9.731880 -3.109185 14.369040  -0.872422 -0.220243 0.436318  0.058228 0.657479
0  -11.373031 -0.944595 12.808305  -0.632908 -0.059919 0.771905  0.065186 0.646908
chess_set_pieces_black
0  -8.962290 -5.284710 14.362245  -0.846296 -0.391752 0.360990  0.050254 0.661635
0  -9.731880 -3.109185 14.369040  -0.872422 -0.220243 0.436318  0.058228 0.657479
0  -10.857105 -3.328155 12.801195  -0.625520 -0.193834 0.755747  0.055549 0.650109
chess_set_pieces_black
0  -9.890865 -5.555520 12.809970  -0.605863 -0.309395 0.732942  0.046779 0.655135
0  -8.962290 -5.284710 14.362245  -0.846296 -0.391752 0.360990  0.050254 0.661635
0  -10.857105 -3.328155 12.801195  -0.625520 -0.193834 0.755747  0.055549 0.650109
chess_set_pieces_black
0  -7.834815 -7.280684 14.355855  -0.760848 -0.570660 0.308962  0.043234 0.667063
0  -8.962290 -5.284710 14.362245  -0.846296 -0.391752 0.360990  0.050254 0.661635
0  -9.890865 -5.555520 12.809970  -0.605863 -0.309395 0.732942  0.046779 0.655135
chess_set_pieces_black
0  -8.559225 -7.587855 12.919591  -0.556849 -0.433614 0.708448  0.039219 0.661857
0  -7.834815 -7.280684 14.355855  -0.760848 -0.570660 0.308962  0.043234 0.667063
0  -9.890865 -5.555520 12.809970  -0.605863 -0.309395 0.732942  0.046779 0.655135
chess_set_pieces_black
0  -6.209640 -8.957746 14.386320  -0.587638 -0.753318 0.295284  0.037710 0.674089
0  -7.834815 -7.280684 14.355855  -0.760848 -0.570660 0.308962  0.043234 0.667063
0  -8.559225 -7.587855 12.919591  -0.556849 -0.433614 0.708448  0.039219 0.661857
chess_set_pieces_black
0  -6.839100 -9.315765 13.016521  -0.452224 -0.570713 0.685405  0.033136 0.669966
0  -6.209640 -8.957746 14.386320  -0.587638 -0.753318 0.295284  0.037710 0.674089
0  -8.559225 -7.587855 12.919591  -0.556849 -0.433614 0.708448  0.039219 0.661857
chess_set_pieces_black
0  -4.204215 -10.050301 14.359095  -0.367299 -0.873450 0.319652  0.034348 0.682076
0  -6.209640 -8.957746 14.386320  -0.587638 -0.753318 0.295284  0.037710 0.674089
0  -6.839100 -9.315765 13.016521  -0.452224 -0.570713 0.685405  0.033136 0.669966
chess_set_pieces_black
0  -4.764420 -10.619640 13.073806  -0.304326 -0.672843 0.674290  0.028988 0.679208
0  -4.204215 -10.050301 14.359095  -0.367299 -0.873450 0.319652  0.034348 0.682076
0  -6.839100 -9.315765 13.016521  -0.452224 -0.570713 0.685405  0.033136 0.669966
chess_set_pieces_black
0  -2.121210 -10.633860 14.374216  -0.168186 -0.919876 0.354319  0.033038 0.690297
0  -4.204215 -10.050301 14.359095  -0.367299 -0.873450 0.319652  0.034348 0.682076
0  -4.764420 -10.619640 13.073806  -0.304326 -0.672843 0.674290  0.028988 0.679208
chess_set_pieces_black
0  -2.428065 -11.379240 13.066875  -0.149689 -0.722395 0.675084  0.026959 0.689165
0  -2.121210 -10.633860 14.374216  -0.168186 -0.919876 0.354319  0.033038 0.690297
0  -4.764420 -10.619640 13.073806  -0.304326 -0.672843 0.674290  0.028988 0.679208
chess_set_pieces_black
0  0.000810 -10.815075 14.364406  -0.001911 -0.930097 0.367308  0.033308 0.698560
0  -2.121210 -10.633860 14.374216  -0.168186 -0.919876 0.354319  0.033038 0.690297
0  -2.428065 -11.379240 13.066875  -0.149689 -0.722395 0.675084  0.026959 0.689165
chess_set_pieces_black
0  -0.001575 -11.628315 13.053329  -0.000867 -0.735760 0.677242  0.027054 0.699281
0  0.000810 -10.815075 14.364406  -0.001911 -0.930097 0.367308  0.033308 0.698560
0  -2.428065 -11.379240 13.066875  -0.149689 -0.722395 0.675084  0.026959 0.689165
chess_set_pieces_black
0  2.127285 -10.645290 14.378805  0.165891 -0.920645 0.353403  0.034957 0.706677
0  0.000810 -10.815075 14.364406  -0.001911 -0.930097 0.367308  0.033308 0.698560
0  -0.001575 -11.628315 13.053329  -0.000867 -0.735760 0.677242  0.027054 0.699281
chess_set_pieces_black
0  2.430360 -11.387025 13.063770  0.148581 -0.724483 0.673089  0.029263 0.709166
0  2.127285 -10.645290 14.378805  0.165891 -0.920645 0.353403  0.034957 0.706677
0  -0.001575 -11.628315 13.053329  -0.000867 -0.735760 0.677242  0.027054 0.699281
chess_set_pieces_black
0  4.220460 -10.050885 14.399280  0.371128 -0.872038 0.319082  0.038193 0.714378
0  2.127285 -10.645290 14.378805  0.165891 -0.920645 0.353403  0.034957 0.706677
0  2.430360 -11.387025 13.063770  0.148581 -0.724483 0.673089  0.029263 0.709166
chess_set_pieces_black
0  4.761225 -10.623285 13.077405  0.305245 -0.673433 0.673285  0.033540 0.718348
0  4.220460 -10.050885 14.399280  0.371128 -0.872038 0.319082  0.038193 0.714378
0  2.430360 -11.387025 13.063770  0.148581 -0.724483 0.673089  0.029263 0.709166
chess_set_pieces_black
0  -5.691195 -12.512970 11.157975  -0.275041 -0.619521 0.735218  0.017560 0.675250
0  -8.234415 -11.041335 11.182364  -0.387639 -0.525928 0.757057  0.022783 0.663512
0  -9.268605 -12.540646 9.527309  -0.451342 -0.655099 0.605917  0.013123 0.658269
chess_set_pieces_black
0  -6.375330 -14.108040 9.450359  -0.318574 -0.736758 0.596404  0.007126 0.672078
0  -5.691195 -12.512970 11.157975  -0.275041 -0.619521 0.735218  0.017560 0.675250
0  -9.268605 -12.540646 9.527309  -0.451342 -0.655099 0.605917  0.013123 0.658269
chess_set_pieces_black
0  -2.909160 -13.420844 11.150010  -0.150111 -0.660552 0.735620  0.014925 0.687809
0  -5.691195 -12.512970 11.157975  -0.275041 -0.619521 0.735218  0.017560 0.675250
0  -6.375330 -14.108040 9.450359  -0.318574 -0.736758 0.596404  0.007126 0.672078
chess_set_pieces_black
0  -3.257055 -15.158026 9.470204  -0.189124 -0.775219 0.602717  0.004014 0.686855
0  -2.909160 -13.420844 11.150010  -0.150111 -0.660552 0.735620  0.014925 0.687809
0  -6.375330 -14.108040 9.450359  -0.318574 -0.736758 0.596404  0.007126 0.672078
chess_set_pieces_black
0  -0.000225 -13.743496 11.169226  -0.000225 -0.668588 0.743633  0.014984 0.700702
0  -2.909160 -13.420844 11.150010  -0.150111 -0.660552 0.735620  0.014925 0.687809
0  -3.257055 -15.158026 9.470204  -0.189124 -0.775219 0.602717  0.004014 0.686855
chess_set_pieces_black
0  0.000180 -15.622740 9.566595  -0.000089 -0.789390 0.613892  0.004014 0.701982
0  -0.000225 -13.743496 11.169226  -0.000225 -0.668588 0.743633  0.014984 0.700702
0  -3.257055 -15.158026 9.470204  -0.189124 -0.775219 0.602717  0.004014 0.686855
chess_set_pieces_black
0  2.908800 -13.421700 11.151000  0.149540 -0.661073 0.735269  0.017897 0.713261
0  -0.000225 -13.743496 11.169226  -0.000225 -0.668588 0.743633  0.014984 0.700702
0  0.000180 -15.622740 9.566595  -0.000089 -0.789390 0.613892  0.004014 0.701982
chess_set_pieces_black
0  3.258090 -15.162166 9.465751  0.188587 -0.775594 0.602402  0.007466 0.716729
0  2.908800 -13.421700 11.151000  0.149540 -0.661073 0.735269  0.017897 0.713261
0  0.000180 -15.622740 9.566595  -0.000089 -0.789390 0.613892  0.004014 0.701982
chess_set_pieces_black
0  5.693310 -12.516795 11.162564  0.274652 -0.620101 0.734874  0.023378 0.724881
0  2.908800 -13.421700 11.151000  0.149540 -0.661073 0.735269  0.017897 0.713261
0  3.258090 -15.162166 9.465751  0.188587 -0.775594 0.602402  0.007466 0.716729
chess_set_pieces_black
0  6.376095 -14.114564 9.448515  0.318764 -0.737498 0.595387  0.013932 0.730421
0  5.693310 -12.516795 11.162564  0.274652 -0.620101 0.734874  0.023378 0.724881
0  3.258090 -15.162166 9.465751  0.188587 -0.775594 0.602402  0.007466 0.716729
chess_set_pieces_black
0  8.237475 -11.045880 11.190015  0.388766 -0.526123 0.756343  0.031234 0.735061
0  5.693310 -12.516795 11.162564  0.274652 -0.620101 0.734874  0.023378 0.724881
0  6.376095 -14.114564 9.448515  0.318764 -0.737498 0.595387  0.013932 0.730421
chess_set_pieces_black
0  9.268695 -12.541005 9.526635  0.452874 -0.655383 0.604465  0.023084 0.742475
0  8.237475 -11.045880 11.190015  0.388766 -0.526123 0.756343  0.031234 0.735061
0  6.376095 -14.114564 9.448515  0.318764 -0.737498 0.595387  0.013932 0.730421
chess_set_pieces_black
0  10.399995 -9.043335 11.167065  0.477416 -0.401090 0.781794  0.041100 0.743310
0  8.237475 -11.045880 11.190015  0.388766 -0.526123 0.756343  0.031234 0.735061
0  9.268695 -12.541005 9.526635  0.452874 -0.655383 0.604465  0.023084 0.742475
chess_set_pieces_black
0  11.768400 -10.361160 9.584055  0.585471 -0.526142 0.616764  0.034670 0.752265
0  10.399995 -9.043335 11.167065  0.477416 -0.401090 0.781794  0.041100 0.743310
0  9.268695 -12.541005 9.526635  0.452874 -0.655383 0.604465  0.023084 0.742475
chess_set_pieces_black
0  12.090465 -6.631741 11.122740  0.529737 -0.289915 0.797075  0.052466 0.749257
0  10.399995 -9.043335 11.167065  0.477416 -0.401090 0.781794  0.041100 0.743310
0  11.768400 -10.361160 9.584055  0.585471 -0.526142 0.616764  0.034670 0.752265
chess_set_pieces_black
0  13.697190 -7.651935 9.567675  0.681805 -0.388238 0.620011  0.048056 0.759227
0  12.090465 -6.631741 11.122740  0.529737 -0.289915 0.797075  0.052466 0.749257
0  11.768400 -10.361160 9.584055  0.585471 -0.526142 0.616764  0.034670 0.752265
chess_set_pieces_black
0  13.283461 -3.932010 11.131605  0.566603 -0.184367 0.803100  0.064802 0.752704
0  12.090465 -6.631741 11.122740  0.529737 -0.289915 0.797075  0.052466 0.749257
0  13.697190 -7.651935 9.567675  0.681805 -0.388238 0.620011  0.048056 0.759227
chess_set_pieces_black
0  15.068026 -4.610250 9.591480  0.747327 -0.242026 0.618809  0.062491 0.763276
0  13.283461 -3.932010 11.131605  0.566603 -0.184367 0.803100  0.064802 0.752704
0  13.697190 -7.651935 9.567675  0.681805 -0.388238 0.620011  0.048056 0.759227
chess_set_pieces_black
0  2.430360 -11.387025 13.063770  0.148581 -0.724483 0.673089  0.029263 0.709166
0  -0.001575 -11.628315 13.053329  -0.000867 -0.735760 0.677242  0.027054 0.699281
0  -0.000225 -13.743496 11.169226  -0.000225 -0.668588 0.743633  0.014984 0.700702
chess_set_pieces_black
0  2.908800 -13.421700 11.151000  0.149540 -0.661073 0.735269  0.017897 0.713261
0  2.430360 -11.387025 13.063770  0.148581 -0.724483 0.673089  0.029263 0.709166
0  -0.000225 -13.743496 11.169226  -0.000225 -0.668588 0.743633  0.014984 0.700702
chess_set_pieces_black
0  4.761225 -10.623285 13.077405  0.305245 -0.673433 0.673285  0.033540 0.718348
0  2.430360 -11.387025 13.063770  0.148581 -0.724483 0.673089  0.029263 0.709166
0  2.908800 -13.421700 11.151000  0.149540 -0.661073 0.735269  0.017897 0.713261
chess_set_pieces_black
0  5.693310 -12.516795 11.162564  0.274652 -0.620101 0.734874  0.023378 0.724881
0  4.761225 -10.623285 13.077405  0.305245 -0.673433 0.673285  0.033540 0.718348
0  2.908800 -13.421700 11.151000  0.149540 -0.661073 0.735269  0.017897 0.713261
chess_set_pieces_black
0  6.837255 -9.311220 13.024124  0.452654 -0.569054 0.686500  0.039730 0.726339
0  4.761225 -10.623285 13.077405  0.305245 -0.673433 0.673285  0.033540 0.718348
0  5.693310 -12.516795 11.162564  0.274652 -0.620101 0.734874  0.023378 0.724881
chess_set_pieces_black
0  8.237475 -11.045880 11.190015  0.388766 -0.526123 0.756343  0.031234 0.735061
0  6.837255 -9.311220 13.024124  0.452654 -0.569054 0.686500  0.039730 0.726339
0  5.693310 -12.516795 11.162564  0.274652 -0.620101 0.734874  0.023378 0.724881
chess_set_pieces_black
0  8.563456 -7.590735 12.924585  0.557168 -0.430255 0.710242  0.047513 0.732712
0  6.837255 -9.311220 13.024124  0.452654 -0.569054 0.686500  0.039730 0.726339
0  8.237475 -11.045880 11.190015  0.388766 -0.526123 0.756343  0.031234 0.735061
chess_set_pieces_black
0  10.399995 -9.043335 11.167065  0.477416 -0.401090 0.781794  0.041100 0.743310
0  8.563456 -7.590735 12.924585  0.557168 -0.430255 0.710242  0.047513 0.732712
0  8.237475 -11.045880 11.190015  0.388766 -0.526123 0.756343  0.031234 0.735061
chess_set_pieces_black
0  9.886815 -5.555835 12.809520  0.604736 -0.307243 0.734776  0.056527 0.737268
0  8.563456 -7.590735 12.924585  0.557168 -0.430255 0.710242  0.047513 0.732712
0  10.399995 -9.043335 11.167065  0.477416 -0.401090 0.781794  0.041100 0.743310
chess_set_pieces_black
0  12.090465 -6.631741 11.122740  0.529737 -0.289915 0.797075  0.052466 0.749257
0  9.886815 -5.555835 12.809520  0.604736 -0.307243 0.734776  0.056527 0.737268
0  10.399995 -9.043335 11.167065  0.477416 -0.401090 0.781794  0.041100 0.743310
chess_set_pieces_black
0  10.862414 -3.327480 12.795120  0.624481 -0.193268 0.756750  0.066319 0.740010
0  9.886815 -5.555835 12.809520  0.604736 -0.307243 0.734776  0.056527 0.737268
0  12.090465 -6.631741 11.122740  0.529737 -0.289915 0.797075  0.052466 0.749257
chess_set_pieces_black
0  13.283461 -3.932010 11.131605  0.566603 -0.184367 0.803100  0.064802 0.752704
0  10.862414 -3.327480 12.795120  0.624481 -0.193268 0.756750  0.066319 0.740010
0  12.090465 -6.631741 11.122740  0.529737 -0.289915 0.797075  0.052466 0.749257
chess_set_pieces_black
0  11.363984 -0.945765 12.799125  0.633874 -0.056890 0.771341  0.076503 0.740702
0  10.862414 -3.327480 12.795120  0.624481 -0.193268 0.756750  0.066319 0.740010
0  13.283461 -3.932010 11.131605  0.566603 -0.184367 0.803100  0.064802 0.752704
chess_set_pieces_black
0  13.905720 -1.040310 11.155590  0.595142 -0.055214 0.801721  0.077550 0.753595
0  11.363984 -0.945765 12.799125  0.633874 -0.056890 0.771341  0.076503 0.740702
0  13.283461 -3.932010 11.131605  0.566603 -0.184367 0.803100  0.064802 0.752704
chess_set_pieces_black
0  11.340541 1.484055 12.763845  0.630406 0.070986 0.773013  0.086605 0.739486
0  11.363984 -0.945765 12.799125  0.633874 -0.056890 0.771341  0.076503 0.740702
0  13.905720 -1.040310 11.155590  0.595142 -0.055214 0.801721  0.077550 0.753595
chess_set_pieces_black
0  13.886011 1.920915 11.126656  0.596506 0.070892 0.799472  0.090215 0.752007
0  11.340541 1.484055 12.763845  0.630406 0.070986 0.773013  0.086605 0.739486
0  13.905720 -1.040310 11.155590  0.595142 -0.055214 0.801721  0.077550 0.753595
chess_set_pieces_black
0  10.830555 3.861405 12.759570  0.614734 0.193190 0.764709  0.096266 0.736246
0  11.340541 1.484055 12.763845  0.630406 0.070986 0.773013  0.086605 0.739486
0  13.886011 1.920915 11.126656  0.596506 0.070892 0.799472  0.090215 0.752007
chess_set_pieces_black
0  13.271669 4.810320 11.113515  0.570969 0.188322 0.799081  0.102312 0.747968
0  10.830555 3.861405 12.759570  0.614734 0.193190 0.764709  0.096266 0.736246
0  13.886011 1.920915 11.126656  0.596506 0.070892 0.799472  0.090215 0.752007
chess_set_pieces_black
0  6.201000 -8.943300 14.378085  0.591619 -0.750278 0.295075  0.043157 0.721326
0  4.220460 -10.050885 14.399280  0.371128 -0.872038 0.319082  0.038193 0.714378
0  4.761225 -10.623285 13.077405  0.305245 -0.673433 0.673285  0.033540 0.718348
chess_set_pieces_black
0  6.837255 -9.311220 13.024124  0.452654 -0.569054 0.686500  0.039730 0.726339
0  6.201000 -8.943300 14.378085  0.591619 -0.750278 0.295075  0.043157 0.721326
0  4.761225 -10.623285 13.077405  0.305245 -0.673433 0.673285  0.033540 0.718348
chess_set_pieces_black
0  7.812225 -7.264080 14.391585  0.762538 -0.567700 0.310246  0.050122 0.726607
0  6.201000 -8.943300 14.378085  0.591619 -0.750278 0.295075  0.043157 0.721326
0  6.837255 -9.311220 13.024124  0.452654 -0.569054 0.686500  0.039730 0.726339
chess_set_pieces_black
0  8.563456 -7.590735 12.924585  0.557168 -0.430255 0.710242  0.047513 0.732712
0  7.812225 -7.264080 14.391585  0.762538 -0.567700 0.310246  0.050122 0.726607
0  6.837255 -9.311220 13.024124  0.452654 -0.569054 0.686500  0.039730 0.726339
chess_set_pieces_black
0  8.923545 -5.266080 14.352165  0.846148 -0.391885 0.361193  0.058300 0.729996
0  7.812225 -7.264080 14.391585  0.762538 -0.567700 0.310246  0.050122 0.726607
0  8.563456 -7.590735 12.924585  0.557168 -0.430255 0.710242  0.047513 0.732712
chess_set_pieces_black
0  9.886815 -5.555835 12.809520  0.604736 -0.307243 0.734776  0.056527 0.737268
0  8.923545 -5.266080 14.352165  0.846148 -0.391885 0.361193  0.058300 0.729996
0  8.563456 -7.590735 12.924585  0.557168 -0.430255 0.710242  0.047513 0.732712
chess_set_pieces_black
0  9.717481 -3.109680 14.357070  0.872619 -0.224973 0.433502  0.067071 0.732118
0  8.923545 -5.266080 14.352165  0.846148 -0.391885 0.361193  0.058300 0.729996
0  9.886815 -5.555835 12.809520  0.604736 -0.307243 0.734776  0.056527 0.737268
chess_set_pieces_black
0  10.862414 -3.327480 12.795120  0.624481 -0.193268 0.756750  0.066319 0.740010
0  9.717481 -3.109680 14.357070  0.872619 -0.224973 0.433502  0.067071 0.732118
0  9.886815 -5.555835 12.809520  0.604736 -0.307243 0.734776  0.056527 0.737268
chess_set_pieces_black
0  10.070775 -0.828045 14.344290  0.874481 -0.063584 0.480874  0.076222 0.732508
0  9.717481 -3.109680 14.357070  0.872619 -0.224973 0.433502  0.067071 0.732118
0  10.862414 -3.327480 12.795120  0.624481 -0.193268 0.756750  0.066319 0.740010
chess_set_pieces_black
0  11.363984 -0.945765 12.799125  0.633874 -0.056890 0.771341  0.076503 0.740702
0  10.070775 -0.828045 14.344290  0.874481 -0.063584 0.480874  0.076222 0.732508
0  10.862414 -3.327480 12.795120  0.624481 -0.193268 0.756750  0.066319 0.740010
chess_set_pieces_black
0  10.057095 1.479060 14.327100  0.878475 0.078619 0.471276  0.085268 0.731326
0  10.070775 -0.828045 14.344290  0.874481 -0.063584 0.480874  0.076222 0.732508
0  11.363984 -0.945765 12.799125  0.633874 -0.056890 0.771341  0.076503 0.740702
chess_set_pieces_black
0  11.340541 1.484055 12.763845  0.630406 0.070986 0.773013  0.086605 0.739486
0  10.057095 1.479060 14.327100  0.878475 0.078619 0.471276  0.085268 0.731326
0  11.363984 -0.945765 12.799125  0.633874 -0.056890 0.771341  0.076503 0.740702
chess_set_pieces_black
0  9.683550 3.752325 14.347215  0.870538 0.247325 0.425434  0.093946 0.728601
0  10.057095 1.479060 14.327100  0.878475 0.078619 0.471276  0.085268 0.731326
0  11.340541 1.484055 12.763845  0.630406 0.070986 0.773013  0.086605 0.739486
chess_set_pieces_black
0  10.830555 3.861405 12.759570  0.614734 0.193190 0.764709  0.096266 0.736246
0  9.683550 3.752325 14.347215  0.870538 0.247325 0.425434  0.093946 0.728601
0  11.340541 1.484055 12.763845  0.630406 0.070986 0.773013  0.086605 0.739486
chess_set_pieces_black
0  8.829270 5.884560 14.342625  0.822575 0.424575 0.378294  0.101840 0.724221
0  9.683550 3.752325 14.347215  0.870538 0.247325 0.425434  0.093946 0.728601
0  10.830555 3.861405 12.759570  0.614734 0.193190 0.764709  0.096266 0.736246
chess_set_pieces_black
0  9.872009 6.089670 12.780585  0.581050 0.311373 0.751949  0.105098 0.731189
0  8.829270 5.884560 14.342625  0.822575 0.424575 0.378294  0.101840 0.724221
0  10.830555 3.861405 12.759570  0.614734 0.193190 0.764709  0.096266 0.736246
chess_set_pieces_black
0  7.597260 7.769115 14.348295  0.743653 0.574994 0.341118  0.108568 0.718515
0  8.829270 5.884560 14.342625  0.822575 0.424575 0.378294  0.101840 0.724221
0  9.872009 6.089670 12.780585  0.581050 0.311373 0.751949  0.105098 0.731189
chess_set_pieces_black
0  8.514585 8.095860 12.856860  0.529184 0.418588 0.738071  0.112711 0.724463
0  7.597260 7.769115 14.348295  0.743653 0.574994 0.341118  0.108568 0.718515
0  9.872009 6.089670 12.780585  0.581050 0.311373 0.751949  0.105098 0.731189
chess_set_pieces_black
0  13.905720 -1.040310 11.155590  0.595142 -0.055214 0.801721  0.077550 0.753595
0  13.283461 -3.932010 11.131605  0.566603 -0.184367 0.803100  0.064802 0.752704
0  15.068026 -4.610250 9.591480  0.747327 -0.242026 0.618809  0.062491 0.763276
chess_set_pieces_black
0  15.718636 -1.341045 9.558225  0.790094 -0.070003 0.608976  0.077323 0.764288
0  13.905720 -1.040310 11.155590  0.595142 -0.055214 0.801721  0.077550 0.753595
0  15.068026 -4.610250 9.591480  0.747327 -0.242026 0.618809  0.062491 0.763276
chess_set_pieces_black
0  13.886011 1.920915 11.126656  0.596506 0.070892 0.799472  0.090215 0.752007
0  13.905720 -1.040310 11.155590  0.595142 -0.055214 0.801721  0.077550 0.753595
0  15.718636 -1.341045 9.558225  0.790094 -0.070003 0.608976  0.077323 0.764288
chess_set_pieces_black
0  15.676110 1.986345 9.523260  0.797706 0.092502 0.595909  0.092014 0.762415
0  13.886011 1.920915 11.126656  0.596506 0.070892 0.799472  0.090215 0.752007
0  15.718636 -1.341045 9.558225  0.790094 -0.070003 0.608976  0.077323 0.764288
chess_set_pieces_black
0  13.271669 4.810320 11.113515  0.570969 0.188322 0.799081  0.102312 0.747968
0  13.886011 1.920915 11.126656  0.596506 0.070892 0.799472  0.090215 0.752007
0  15.676110 1.986345 9.523260  0.797706 0.092502 0.595909  0.092014 0.762415
chess_set_pieces_black
0  14.990624 5.238090 9.522585  0.767833 0.250564 0.589619  0.106103 0.757757
0  13.271669 4.810320 11.113515  0.570969 0.188322 0.799081  0.102312 0.747968
0  15.676110 1.986345 9.523260  0.797706 0.092502 0.595909  0.092014 0.762415
chess_set_pieces_black
0  12.065580 7.499475 11.077920  0.529831 0.298072 0.793998  0.113395 0.741587
0  13.271669 4.810320 11.113515  0.570969 0.188322 0.799081  0.102312 0.747968
0  14.990624 5.238090 9.522585  0.767833 0.250564 0.589619  0.106103 0.757757
chess_set_pieces_black
0  13.638689 8.266860 9.512910  0.703472 0.402580 0.585711  0.119045 0.750342
0  12.065580 7.499475 11.077920  0.529831 0.298072 0.793998  0.113395 0.741587
0  14.990624 5.238090 9.522585  0.767833 0.250564 0.589619  0.106103 0.757757
chess_set_pieces_black
0  10.361160 9.894421 11.094525  0.475730 0.397462 0.784669  0.122956 0.733037
0  12.065580 7.499475 11.077920  0.529831 0.298072 0.793998  0.113395 0.741587
0  13.638689 8.266860 9.512910  0.703472 0.402580 0.585711  0.119045 0.750342
chess_set_pieces_black
0  11.707695 10.959435 9.518670  0.614083 0.535244 0.580013  0.130307 0.740402
0  10.361160 9.894421 11.094525  0.475730 0.397462 0.784669  0.122956 0.733037
0  13.638689 8.266860 9.512910  0.703472 0.402580 0.585711  0.119045 0.750342
chess_set_pieces_black
0  8.207100 11.886524 11.124044  0.397696 0.493768 0.773324  0.130559 0.722662
0  10.361160 9.894421 11.094525  0.475730 0.397462 0.784669  0.122956 0.733037
0  11.707695 10.959435 9.518670  0.614083 0.535244 0.580013  0.130307 0.740402
chess_set_pieces_black
0  9.285931 13.215601 9.549315  0.498796 0.649493 0.573900  0.139366 0.728285
0  8.207100 11.886524 11.124044  0.397696 0.493768 0.773324  0.130559 0.722662
0  11.707695 10.959435 9.518670  0.614083 0.535244 0.580013  0.130307 0.740402
chess_set_pieces_black
0  5.695470 13.398930 11.176740  0.272541 0.585455 0.763521  0.135805 0.710870
0  8.207100 11.886524 11.124044  0.397696 0.493768 0.773324  0.130559 0.722662
0  9.285931 13.215601 9.549315  0.498796 0.649493 0.573900  0.139366 0.728285
chess_set_pieces_black
0  6.447915 14.932350 9.589319  0.334071 0.754490 0.564926  0.145719 0.714395
0  5.695470 13.398930 11.176740  0.272541 0.585455 0.763521  0.135805 0.710870
0  9.285931 13.215601 9.549315  0.498796 0.649493 0.573900  0.139366 0.728285
chess_set_pieces_black
0  2.908305 14.306805 11.157705  0.132129 0.643488 0.753966  0.138420 0.698219
0  5.695470 13.398930 11.176740  0.272541 0.585455 0.763521  0.135805 0.710870
0  6.447915 14.932350 9.589319  0.334071 0.754490 0.564926  0.145719 0.714395
chess_set_pieces_black
0  3.275550 15.866460 9.519165  0.163627 0.820923 0.547094  0.148734 0.699378
0  2.908305 14.306805 11.157705  0.132129 0.643488 0.753966  0.138420 0.698219
0  6.447915 14.932350 9.589319  0.334071 0.754490 0.564926  0.145719 0.714395
chess_set_pieces_black
0  -0.000045 14.624371 11.167155  0.000234 0.658545 0.752541  0.138168 0.685330
0  2.908305 14.306805 11.157705  0.132129 0.643488 0.753966  0.138420 0.698219
0  3.275550 15.866460 9.519165  0.163627 0.820923 0.547094  0.148734 0.699378
chess_set_pieces_black
0  -0.000045 16.237169 9.534285  0.000420 0.840616 0.541631  0.148560 0.684042
0  -0.000045 14.624371 11.167155  0.000234 0.658545 0.752541  0.138168 0.685330
0  3.275550 15.866460 9.519165  0.163627 0.820923 0.547094  0.148734 0.699378
chess_set_pieces_black
0  9.872009 6.089670 12.780585  0.581050 0.311373 0.751949  0.105098 0.731189
0  10.830555 3.861405 12.759570  0.614734 0.193190 0.764709  0.096266 0.736246
0  13.271669 4.810320 11.113515  0.570969 0.188322 0.799081  0.102312 0.747968
chess_set_pieces_black
0  12.065580 7.499475 11.077920  0.529831 0.298072 0.793998  0.113395 0.741587
0  9.872009 6.089670 12.780585  0.581050 0.311373 0.751949  0.105098 0.731189
0  13.271669 4.810320 11.113515  0.570969 0.188322 0.799081  0.102312 0.747968
chess_set_pieces_black
0  8.514585 8.095860 12.856860  0.529184 0.418588 0.738071  0.112711 0.724463
0  9.872009 6.089670 12.780585  0.581050 0.311373 0.751949  0.105098 0.731189
0  12.065580 7.499475 11.077920  0.529831 0.298072 0.793998  0.113395 0.741587
chess_set_pieces_black
0  10.361160 9.894421 11.094525  0.475730 0.397462 0.784669  0.122956 0.733037
0  8.514585 8.095860 12.856860  0.529184 0.418588 0.738071  0.112711 0.724463
0  12.065580 7.499475 11.077920  0.529831 0.298072 0.793998  0.113395 0.741587
chess_set_pieces_black
0  6.807015 9.812160 12.971295  0.448221 0.527458 0.721724  0.118833 0.716375
0  8.514585 8.095860 12.856860  0.529184 0.418588 0.738071  0.112711 0.724463
0  10.361160 9.894421 11.094525  0.475730 0.397462 0.784669  0.122956 0.733037
chess_set_pieces_black
0  8.207100 11.886524 11.124044  0.397696 0.493768 0.773324  0.130559 0.722662
0  6.807015 9.812160 12.971295  0.448221 0.527458 0.721724  0.118833 0.716375
0  10.361160 9.894421 11.094525  0.475730 0.397462 0.784669  0.122956 0.733037
chess_set_pieces_black
0  4.761810 11.153970 13.069980  0.306162 0.633195 0.710865  0.123195 0.707114
0  6.807015 9.812160 12.971295  0.448221 0.527458 0.721724  0.118833 0.716375
0  8.207100 11.886524 11.124044  0.397696 0.493768 0.773324  0.130559 0.722662
chess_set_pieces_black
0  5.695470 13.398930 11.176740  0.272541 0.585455 0.763521  0.135805 0.710870
0  4.761810 11.153970 13.069980  0.306162 0.633195 0.710865  0.123195 0.707114
0  8.207100 11.886524 11.124044  0.397696 0.493768 0.773324  0.130559 0.722662
chess_set_pieces_black
0  2.426265 11.914200 13.051980  0.140295 0.690954 0.709155  0.125318 0.697123
0  4.761810 11.153970 13.069980  0.306162 0.633195 0.710865  0.123195 0.707114
0  5.695470 13.398930 11.176740  0.272541 0.585455 0.763521  0.135805 0.710870
chess_set_pieces_black
0  2.908305 14.306805 11.157705  0.132129 0.643488 0.753966  0.138420 0.698219
0  2.426265 11.914200 13.051980  0.140295 0.690954 0.709155  0.125318 0.697123
0  5.695470 13.398930 11.176740  0.272541 0.585455 0.763521  0.135805 0.710870
chess_set_pieces_black
0  -0.000630 12.152160 13.044420  0.000178 0.701618 0.712553  0.125116 0.686952
0  2.426265 11.914200 13.051980  0.140295 0.690954 0.709155  0.125318 0.697123
0  2.908305 14.306805 11.157705  0.132129 0.643488 0.753966  0.138420 0.698219
chess_set_pieces_black
0  -0.000045 14.624371 11.167155  0.000234 0.658545 0.752541  0.138168 0.685330
0  -0.000630 12.152160 13.044420  0.000178 0.701618 0.712553  0.125116 0.686952
0  2.908305 14.306805 11.157705  0.132129 0.643488 0.753966  0.138420 0.698219
chess_set_pieces_black
0  -2.425005 11.915324 13.052475  -0.139659 0.690978 0.709257  0.122845 0.677072
0  -0.000630 12.152160 13.044420  0.000178 0.701618 0.712553  0.125116 0.686952
0  -0.000045 14.624371 11.167155  0.000234 0.658545 0.752541  0.138168 0.685330
chess_set_pieces_black
0  -2.908440 14.307435 11.158200  -0.131217 0.643232 0.754343  0.135239 0.672836
0  -2.425005 11.915324 13.052475  -0.139659 0.690978 0.709257  0.122845 0.677072
0  -0.000045 14.624371 11.167155  0.000234 0.658545 0.752541  0.138168 0.685330
chess_set_pieces_black
0  -4.765410 11.152035 13.071060  -0.305081 0.634401 0.710254  0.118386 0.667993
0  -2.425005 11.915324 13.052475  -0.139659 0.690978 0.709257  0.122845 0.677072
0  -2.908440 14.307435 11.158200  -0.131217 0.643232 0.754343  0.135239 0.672836
chess_set_pieces_black
0  -5.696775 13.401449 11.181375  -0.271261 0.584943 0.764368  0.129618 0.661332
0  -4.765410 11.152035 13.071060  -0.305081 0.634401 0.710254  0.118386 0.667993
0  -2.908440 14.307435 11.158200  -0.131217 0.643232 0.754343  0.135239 0.672836
chess_set_pieces_black
0  -6.807420 9.814275 12.974895  -0.448689 0.528893 0.720382  0.111933 0.660269
0  -4.765410 11.152035 13.071060  -0.305081 0.634401 0.710254  0.118386 0.667993
0  -5.696775 13.401449 11.181375  -0.271261 0.584943 0.764368  0.129618 0.661332
chess_set_pieces_black
0  -8.209170 11.888954 11.128590  -0.396593 0.492896 0.774447  0.121711 0.651318
0  -6.807420 9.814275 12.974895  -0.448689 0.528893 0.720382  0.111933 0.660269
0  -5.696775 13.401449 11.181375  -0.271261 0.584943 0.764368  0.129618 0.661332
chess_set_pieces_black
0  6.090480 9.421785 14.358420  0.623354 0.719771 0.305549  0.114183 0.711858
0  7.597260 7.769115 14.348295  0.743653 0.574994 0.341118  0.108568 0.718515
0  8.514585 8.095860 12.856860  0.529184 0.418588 0.738071  0.112711 0.724463
chess_set_pieces_black
0  6.807015 9.812160 12.971295  0.448221 0.527458 0.721724  0.118833 0.716375
0  6.090480 9.421785 14.358420  0.623354 0.719771 0.305549  0.114183 0.711858
0  8.514585 8.095860 12.856860  0.529184 0.418588 0.738071  0.112711 0.724463
chess_set_pieces_black
0  4.238100 10.668241 14.363324  0.414991 0.867481 0.274334  0.118052 0.704195
0  6.090480 9.421785 14.358420  0.623354 0.719771 0.305549  0.114183 0.711858
0  6.807015 9.812160 12.971295  0.448221 0.527458 0.721724  0.118833 0.716375
chess_set_pieces_black
0  4.761810 11.153970 13.069980  0.306162 0.633195 0.710865  0.123195 0.707114
0  4.238100 10.668241 14.363324  0.414991 0.867481 0.274334  0.118052 0.704195
0  6.807015 9.812160 12.971295  0.448221 0.527458 0.721724  0.118833 0.716375
chess_set_pieces_black
0  2.124765 11.288790 14.356979  0.175552 0.947330 0.267856  0.119482 0.695934
0  4.238100 10.668241 14.363324  0.414991 0.867481 0.274334  0.118052 0.704195
0  4.761810 11.153970 13.069980  0.306162 0.633195 0.710865  0.123195 0.707114
chess_set_pieces_black
0  2.426265 11.914200 13.051980  0.140295 0.690954 0.709155  0.125318 0.697123
0  2.124765 11.288790 14.356979  0.175552 0.947330 0.267856  0.119482 0.695934
0  4.761810 11.153970 13.069980  0.306162 0.633195 0.710865  0.123195 0.707114
chess_set_pieces_black
0  -0.001260 11.444489 14.327865  0.000363 0.961754 0.273915  0.119105 0.687689
0  2.124765 11.288790 14.356979  0.175552 0.947330 0.267856  0.119482 0.695934
0  2.426265 11.914200 13.051980  0.140295 0.690954 0.709155  0.125318 0.697123
chess_set_pieces_black
0  -0.000630 12.152160 13.044420  0.000178 0.701618 0.712553  0.125116 0.686952
0  -0.001260 11.444489 14.327865  0.000363 0.961754 0.273915  0.119105 0.687689
0  2.426265 11.914200 13.051980  0.140295 0.690954 0.709155  0.125318 0.697123
chess_set_pieces_black
0  -2.122425 11.288521 14.357070  -0.173835 0.948483 0.264880  0.117480 0.679611
0  -0.001260 11.444489 14.327865  0.000363 0.961754 0.273915  0.119105 0.687689
0  -0.000630 12.152160 13.044420  0.000178 0.701618 0.712553  0.125116 0.686952
chess_set_pieces_black
0  -2.425005 11.915324 13.052475  -0.139659 0.690978 0.709257  0.122845 0.677072
0  -2.122425 11.288521 14.357070  -0.173835 0.948483 0.264880  0.117480 0.679611
0  -0.000630 12.152160 13.044420  0.000178 0.701618 0.712553  0.125116 0.686952
chess_set_pieces_black
0  -4.231305 10.679310 14.363955  -0.411898 0.870606 0.269046  0.114193 0.672025
0  -2.122425 11.288521 14.357070  -0.173835 0.948483 0.264880  0.117480 0.679611
0  -2.425005 11.915324 13.052475  -0.139659 0.690978 0.709257  0.122845 0.677072
chess_set_pieces_black
0  -4.765410 11.152035 13.071060  -0.305081 0.634401 0.710254  0.118386 0.667993
0  -4.231305 10.679310 14.363955  -0.411898 0.870606 0.269046  0.114193 0.672025
0  -2.425005 11.915324 13.052475  -0.139659 0.690978 0.709257  0.122845 0.677072
chess_set_pieces_black
0  -6.112485 9.439740 14.360670  -0.623088 0.722315 0.300038  0.108627 0.665703
0  -4.231305 10.679310 14.363955  -0.411898 0.870606 0.269046  0.114193 0.672025
0  -4.765410 11.152035 13.071060  -0.305081 0.634401 0.710254  0.118386 0.667993
chess_set_pieces_black
0  -6.807420 9.814275 12.974895  -0.448689 0.528893 0.720382  0.111933 0.660269
0  -6.112485 9.439740 14.360670  -0.623088 0.722315 0.300038  0.108627 0.665703
0  -4.765410 11.152035 13.071060  -0.305081 0.634401 0.710254  0.118386 0.667993
chess_set_pieces_black
0  -7.615890 7.780095 14.351940  -0.745215 0.575260 0.337240  0.101521 0.660590
0  -6.112485 9.439740 14.360670  -0.623088 0.722315 0.300038  0.108627 0.665703
0  -6.807420 9.814275 12.974895  -0.448689 0.528893 0.720382  0.111933 0.660269
chess_set_pieces_black
0  -8.515665 8.096355 12.854746  -0.529702 0.419923 0.736940  0.104082 0.653905
0  -7.615890 7.780095 14.351940  -0.745215 0.575260 0.337240  0.101521 0.660590
0  -6.807420 9.814275 12.974895  -0.448689 0.528893 0.720382  0.111933 0.660269
chess_set_pieces_black
0  -8.842500 5.894190 14.346721  -0.821917 0.425732 0.378423  0.093652 0.656695
0  -7.615890 7.780095 14.351940  -0.745215 0.575260 0.337240  0.101521 0.660590
0  -8.515665 8.096355 12.854746  -0.529702 0.419923 0.736940  0.104082 0.653905
chess_set_pieces_black
0  -9.884250 6.093540 12.784230  -0.580084 0.315075 0.751153  0.095124 0.649209
0  -8.842500 5.894190 14.346721  -0.821917 0.425732 0.378423  0.093652 0.656695
0  -8.515665 8.096355 12.854746  -0.529702 0.419923 0.736940  0.104082 0.653905
chess_set_pieces_black
0  -15.891345 -4.908645 4.027860  -0.948314 -0.313445 0.049533  0.728538 0.360472
0  -15.943995 -4.924800 0.475605  -0.949750 -0.312985 -0.003849  0.743665 0.363353
0  -14.496255 -8.113950 0.477900  -0.865939 -0.500098 -0.007241  0.746530 0.348699
chess_set_pieces_black
0  -14.456970 -8.090685 4.025880  -0.866001 -0.497839 0.046893  0.731541 0.345539
0  -15.891345 -4.908645 4.027860  -0.948314 -0.313445 0.049533  0.728538 0.360472
0  -14.496255 -8.113950 0.477900  -0.865939 -0.500098 -0.007241  0.746530 0.348699
chess_set_pieces_black
0  -14.456970 -8.090685 4.025880  -0.866001 -0.497839 0.046893  0.731541 0.345539
0  -14.496255 -8.113950 0.477900  -0.865939 -0.500098 -0.007241  0.746530 0.348699
0  -12.442545 -10.947825 0.477135  -0.739519 -0.672941 -0.016194  0.749637 0.334110
chess_set_pieces_black
0  -12.433906 -10.940535 4.029615  -0.739520 -0.671989 0.039258  0.734792 0.330657
0  -14.456970 -8.090685 4.025880  -0.866001 -0.497839 0.046893  0.731541 0.345539
0  -12.442545 -10.947825 0.477135  -0.739519 -0.672941 -0.016194  0.749637 0.334110
chess_set_pieces_black
0  -12.433906 -10.940535 4.029615  -0.739520 -0.671989 0.039258  0.734792 0.330657
0  -12.442545 -10.947825 0.477135  -0.739519 -0.672941 -0.016194  0.749637 0.334110
0  -9.797850 -13.226400 0.494460  -0.583774 -0.811502 -0.025935  0.753025 0.319707
chess_set_pieces_black
0  -9.811530 -13.247459 4.026240  -0.584277 -0.811030 0.029150  0.738397 0.315961
0  -12.433906 -10.940535 4.029615  -0.739520 -0.671989 0.039258  0.734792 0.330657
0  -9.797850 -13.226400 0.494460  -0.583774 -0.811502 -0.025935  0.753025 0.319707
chess_set_pieces_black
0  -9.811530 -13.247459 4.026240  -0.584277 -0.811030 0.029150  0.738397 0.315961
0  -9.797850 -13.226400 0.494460  -0.583774 -0.811502 -0.025935  0.753025 0.319707
0  -6.781275 -14.978835 0.492660  -0.411291 -0.911052 -0.028721  0.756758 0.305444
chess_set_pieces_black
0  -6.806340 -15.031891 4.030155  -0.411110 -0.911187 0.026945  0.742275 0.301403
0  -9.811530 -13.247459 4.026240  -0.584277 -0.811030 0.029150  0.738397 0.315961
0  -6.781275 -14.978835 0.492660  -0.411291 -0.911052 -0.028721  0.756758 0.305444
chess_set_pieces_black
0  -6.806340 -15.031891 4.030155  -0.411110 -0.911187 0.026945  0.742275 0.301403
0  -6.781275 -14.978835 0.492660  -0.411291 -0.911052 -0.028721  0.756758 0.305444
0  -3.475800 -16.097851 0.481815  -0.223098 -0.974539 -0.022383  0.761015 0.291310
chess_set_pieces_black
0  -3.474630 -16.091866 4.028805  -0.221821 -0.974318 0.038730  0.746496 0.286945
0  -6.806340 -15.031891 4.030155  -0.411110 -0.911187 0.026945  0.742275 0.301403
0  -3.475800 -16.097851 0.481815  -0.223098 -0.974539 -0.022383  0.761015 0.291310
chess_set_pieces_black
0  -3.474630 -16.091866 4.028805  -0.221821 -0.974318 0.038730  0.746496 0.286945
0  -3.475800 -16.097851 0.481815  -0.223098 -0.974539 -0.022383  0.761015 0.291310
0  -0.001395 -16.575886 0.466560  0.000279 -0.999832 -0.018302  0.765687 0.277116
chess_set_pieces_black
0  0.000585 -16.547626 4.034070  -0.000428 -0.998834 0.048264  0.750976 0.272476
0  -3.474630 -16.091866 4.028805  -0.221821 -0.974318 0.038730  0.746496 0.286945
0  -0.001395 -16.575886 0.466560  0.000279 -0.999832 -0.018302  0.765687 0.277116
chess_set_pieces_black
0  -15.958395 5.440095 0.474120  -0.950055 0.311762 -0.014111  0.736392 0.407537
0  -15.888330 5.416560 0.232065  -0.709767 0.233636 -0.664564  0.737470 0.407680
0  -16.655624 2.006235 0.476820  -0.994751 0.101772 -0.010626  0.738491 0.392785
chess_set_pieces_black
0  -15.888330 5.416560 0.232065  -0.709767 0.233636 -0.664564  0.737470 0.407680
0  -16.587765 1.999800 0.251145  -0.743725 0.077059 -0.664029  0.739483 0.392941
0  -16.655624 2.006235 0.476820  -0.994751 0.101772 -0.010626  0.738491 0.392785
chess_set_pieces_black
0  -16.655624 2.006235 0.476820  -0.994751 0.101772 -0.010626  0.738491 0.392785
0  -16.587765 1.999800 0.251145  -0.743725 0.077059 -0.664029  0.739483 0.392941
0  -16.674120 -1.497105 0.474930  -0.994664 -0.102947 -0.006721  0.740938 0.378061
chess_set_pieces_black
0  -16.587765 1.999800 0.251145  -0.743725 0.077059 -0.664029  0.739483 0.392941
0  -16.609184 -1.490310 0.240480  -0.743379 -0.076257 -0.664510  0.741971 0.378244
0  -16.674120 -1.497105 0.474930  -0.994664 -0.102947 -0.006721  0.740938 0.378061
chess_set_pieces_black
0  -16.674120 -1.497105 0.474930  -0.994664 -0.102947 -0.006721  0.740938 0.378061
0  -16.609184 -1.490310 0.240480  -0.743379 -0.076257 -0.664510  0.741971 0.378244
0  -15.943995 -4.924800 0.475605  -0.949750 -0.312985 -0.003849  0.743665 0.363353
chess_set_pieces_black
0  -16.609184 -1.490310 0.240480  -0.743379 -0.076257 -0.664510  0.741971 0.378244
0  -15.885675 -4.905675 0.241020  -0.710919 -0.233888 -0.663242  0.744682 0.363547
0  -15.943995 -4.924800 0.475605  -0.949750 -0.312985 -0.003849  0.743665 0.363353
chess_set_pieces_black
0  -15.943995 -4.924800 0.475605  -0.949750 -0.312985 -0.003849  0.743665 0.363353
0  -15.885675 -4.905675 0.241020  -0.710919 -0.233888 -0.663242  0.744682 0.363547
0  -14.496255 -8.113950 0.477900  -0.865939 -0.500098 -0.007241  0.746530 0.348699
chess_set_pieces_black
0  -15.885675 -4.905675 0.241020  -0.710919 -0.233888 -0.663242  0.744682 0.363547
0  -14.439779 -8.081820 0.253575  -0.652957 -0.380406 -0.654933  0.747511 0.348898
0  -14.496255 -8.113950 0.477900  -0.865939 -0.500098 -0.007241  0.746530 0.348699
chess_set_pieces_black
0  -14.496255 -8.113950 0.477900  -0.865939 -0.500098 -0.007241  0.746530 0.348699
0  -14.439779 -8.081820 0.253575  -0.652957 -0.380406 -0.654933  0.747511 0.348898
0  -12.442545 -10.947825 0.477135  -0.739519 -0.672941 -0.016194  0.749637 0.334110
chess_set_pieces_black
0  -14.439779 -8.081820 0.253575  -0.652957 -0.380406 -0.654933  0.747511 0.348898
0  -12.386160 -10.896930 0.255015  -0.563394 -0.518382 -0.643326  0.750621 0.334330
0  -12.442545 -10.947825 0.477135  -0.739519 -0.672941 -0.016194  0.749637 0.334110
chess_set_pieces_black
0  -12.442545 -10.947825 0.477135  -0.739519 -0.672941 -0.016194  0.749637 0.334110
0  -12.386160 -10.896930 0.255015  -0.563394 -0.518382 -0.643326  0.750621 0.334330
0  -9.797850 -13.226400 0.494460  -0.583774 -0.811502 -0.025935  0.753025 0.319707
chess_set_pieces_black
0  -12.386160 -10.896930 0.255015  -0.563394 -0.518382 -0.643326  0.750621 0.334330
0  -9.756269 -13.169745 0.298530  -0.454745 -0.639522 -0.619854  0.753882 0.319917
0  -9.797850 -13.226400 0.494460  -0.583774 -0.811502 -0.025935  0.753025 0.319707
chess_set_pieces_black
0  -9.797850 -13.226400 0.494460  -0.583774 -0.811502 -0.025935  0.753025 0.319707
0  -9.756269 -13.169745 0.298530  -0.454745 -0.639522 -0.619854  0.753882 0.319917
0  -6.781275 -14.978835 0.492660  -0.411291 -0.911052 -0.028721  0.756758 0.305444
chess_set_pieces_black
0  -9.756269 -13.169745 0.298530  -0.454745 -0.639522 -0.619854  0.753882 0.319917
0  -6.750855 -14.909760 0.295875  -0.325266 -0.715900 -0.617811  0.757625 0.305690
0  -6.781275 -14.978835 0.492660  -0.411291 -0.911052 -0.028721  0.756758 0.305444
chess_set_pieces_black
0  -6.781275 -14.978835 0.492660  -0.411291 -0.911052 -0.028721  0.756758 0.305444
0  -6.750855 -14.909760 0.295875  -0.325266 -0.715900 -0.617811  0.757625 0.305690
0  -3.475800 -16.097851 0.481815  -0.223098 -0.974539 -0.022383  0.761015 0.291310
chess_set_pieces_black
0  -6.750855 -14.909760 0.295875  -0.325266 -0.715900 -0.617811  0.757625 0.305690
0  -3.460815 -16.026436 0.268515  -0.172452 -0.730881 -0.660359  0.761926 0.291602
0  -3.475800 -16.097851 0.481815  -0.223098 -0.974539 -0.022383  0.761015 0.291310
chess_set_pieces_black
0  -3.475800 -16.097851 0.481815  -0.223098 -0.974539 -0.022383  0.761015 0.291310
0  -3.460815 -16.026436 0.268515  -0.172452 -0.730881 -0.660359  0.761926 0.291602
0  -0.001395 -16.575886 0.466560  0.000279 -0.999832 -0.018302  0.765687 0.277116
chess_set_pieces_black
0  -3.460815 -16.026436 0.268515  -0.172452 -0.730881 -0.660359  0.761926 0.291602
0  -0.000945 -16.475985 0.202950  0.000357 -0.721922 -0.691974  0.766822 0.277545
0  -0.001395 -16.575886 0.466560  0.000279 -0.999832 -0.018302  0.765687 0.277116
chess_set_pieces_black
0  -6.450255 14.939955 9.595125  -0.332879 0.754671 0.565388  0.117226 0.187011
0  -3.276180 15.868979 9.520695  -0.162380 0.820937 0.547445  0.116823 0.200827
0  -3.451500 16.464825 7.775415  -0.191320 0.973321 0.126661  0.124342 0.200856
chess_set_pieces_black
0  -3.451500 16.464825 7.775415  -0.191320 0.973321 0.126661  0.124342 0.200856
0  -3.276180 15.868979 9.520695  -0.162380 0.820937 0.547445  0.116823 0.200827
0  -0.000180 16.859024 7.778835  0.000553 0.991951 0.126618  0.124037 0.214418
chess_set_pieces_black
0  -3.276180 15.868979 9.520695  -0.162380 0.820937 0.547445  0.116823 0.200827
0  -0.000045 16.237169 9.534285  0.000416 0.840610 0.541641  0.116641 0.214422
0  -0.000180 16.859024 7.778835  0.000553 0.991951 0.126618  0.124037 0.214418
chess_set_pieces_black
0  -0.000180 16.859024 7.778835  0.000553 0.991951 0.126618  0.124037 0.214418
0  -0.000045 16.237169 9.534285  0.000416 0.840610 0.541641  0.116641 0.214422
0  3.450240 16.460550 7.775100  0.192215 0.973091 0.127069  0.124348 0.227980
chess_set_pieces_black
0  -0.000045 16.237169 9.534285  0.000416 0.840610 0.541641  0.116641 0.214422
0  3.275550 15.866460 9.519165  0.163617 0.820929 0.547088  0.116836 0.228015
0  3.450240 16.460550 7.775100  0.192215 0.973091 0.127069  0.124348 0.227980
chess_set_pieces_black
0  3.450240 16.460550 7.775100  0.192215 0.973091 0.127069  0.124348 0.227980
0  3.275550 15.866460 9.519165  0.163617 0.820929 0.547088  0.116836 0.228015
0  6.814575 15.534900 7.790130  0.398608 0.907379 0.133321  0.125108 0.241608
chess_set_pieces_black
0  3.275550 15.866460 9.519165  0.163617 0.820929 0.547088  0.116836 0.228015
0  6.447915 14.932350 9.589319  0.334087 0.754489 0.564918  0.117256 0.241829
0  6.814575 15.534900 7.790130  0.398608 0.907379 0.133321  0.125108 0.241608
chess_set_pieces_black
0  6.814575 15.534900 7.790130  0.398608 0.907379 0.133321  0.125108 0.241608
0  6.447915 14.932350 9.589319  0.334087 0.754489 0.564918  0.117256 0.241829
0  9.777420 13.690170 7.779420  0.599213 0.787577 0.143755  0.126660 0.255300
chess_set_pieces_black
0  6.447915 14.932350 9.589319  0.334087 0.754489 0.564918  0.117256 0.241829
0  9.285931 13.215601 9.549315  0.498811 0.649490 0.573891  0.118770 0.255850
0  9.777420 13.690170 7.779420  0.599213 0.787577 0.143755  0.126660 0.255300
chess_set_pieces_black
0  9.777420 13.690170 7.779420  0.599213 0.787577 0.143755  0.126660 0.255300
0  9.285931 13.215601 9.549315  0.498811 0.649490 0.573891  0.118770 0.255850
0  12.314026 11.324881 7.775055  0.742875 0.650769 0.156960  0.128825 0.269126
chess_set_pieces_black
0  9.285931 13.215601 9.549315  0.498811 0.649490 0.573891  0.118770 0.255850
0  11.707695 10.959435 9.518670  0.614092 0.535242 0.580005  0.120941 0.269940
0  12.314026 11.324881 7.775055  0.742875 0.650769 0.156960  0.128825 0.269126
chess_set_pieces_black
0  12.314026 11.324881 7.775055  0.742875 0.650769 0.156960  0.128825 0.269126
0  11.707695 10.959435 9.518670  0.614092 0.535242 0.580005  0.120941 0.269940
0  14.316436 8.496540 7.773525  0.858331 0.486290 0.163675  0.131590 0.283000
chess_set_pieces_black
0  11.707695 10.959435 9.518670  0.614092 0.535242 0.580005  0.120941 0.269940
0  13.638689 8.266860 9.512910  0.703454 0.402559 0.585746  0.123655 0.284104
0  14.316436 8.496540 7.773525  0.858331 0.486290 0.163675  0.131590 0.283000
chess_set_pieces_black
0  14.316436 8.496540 7.773525  0.858331 0.486290 0.163675  0.131590 0.283000
0  13.638689 8.266860 9.512910  0.703454 0.402559 0.585746  0.123655 0.284104
0  15.701804 5.337000 7.771770  0.938350 0.302143 0.167956  0.134922 0.296859
chess_set_pieces_black
0  13.638689 8.266860 9.512910  0.703454 0.402559 0.585746  0.123655 0.284104
0  14.990624 5.238090 9.522585  0.767846 0.250581 0.589595  0.126906 0.298330
0  15.701804 5.337000 7.771770  0.938350 0.302143 0.167956  0.134922 0.296859
chess_set_pieces_black
0  15.701804 5.337000 7.771770  0.938350 0.302143 0.167956  0.134922 0.296859
0  14.990624 5.238090 9.522585  0.767846 0.250581 0.589595  0.126906 0.298330
0  16.421535 1.952325 7.768350  0.978051 0.112211 0.175570  0.138808 0.310785
chess_set_pieces_black
0  14.990624 5.238090 9.522585  0.767846 0.250581 0.589595  0.126906 0.298330
0  15.676110 1.986345 9.523260  0.797690 0.092498 0.595932  0.130713 0.312607
0  16.421535 1.952325 7.768350  0.978051 0.112211 0.175570  0.138808 0.310785
chess_set_pieces_black
0  16.421535 1.952325 7.768350  0.978051 0.112211 0.175570  0.138808 0.310785
0  15.676110 1.986345 9.523260  0.797690 0.092498 0.595932  0.130713 0.312607
0  16.511356 -1.502550 7.778250  0.979778 -0.089041 0.179183  0.143172 0.324624
chess_set_pieces_black
0  -11.601855 10.701450 4.706910  -0.277861 0.251956 0.926991  0.630171 0.591086
0  -9.172440 12.881114 4.697100  -0.220882 0.298276 0.928570  0.643841 0.588326
0  -9.741779 13.664610 4.439610  -0.311873 0.421885 0.851322  0.643441 0.584036
chess_set_pieces_black
0  -12.312406 11.341259 4.427280  -0.392440 0.353278 0.849227  0.628890 0.587044
0  -11.601855 10.701450 4.706910  -0.277861 0.251956 0.926991  0.630171 0.591086
0  -9.741779 13.664610 4.439610  -0.311873 0.421885 0.851322  0.643441 0.584036
chess_set_pieces_black
0  -13.513995 8.058465 4.702095  -0.316540 0.185975 0.930170  0.617453 0.596651
0  -11.601855 10.701450 4.706910  -0.277861 0.251956 0.926991  0.630171 0.591086
0  -12.312406 11.341259 4.427280  -0.392440 0.353278 0.849227  0.628890 0.587044
chess_set_pieces_black
0  -14.360266 8.547975 4.449240  -0.450446 0.266608 0.852068  0.615327 0.592901
0  -13.513995 8.058465 4.702095  -0.316540 0.185975 0.930170  0.617453 0.596651
0  -12.312406 11.341259 4.427280  -0.392440 0.353278 0.849227  0.628890 0.587044
chess_set_pieces_black
0  -14.848245 5.079195 4.710555  -0.348944 0.112214 0.930401  0.606145 0.604684
0  -13.513995 8.058465 4.702095  -0.316540 0.185975 0.930170  0.617453 0.596651
0  -14.360266 8.547975 4.449240  -0.450446 0.266608 0.852068  0.615327 0.592901
chess_set_pieces_black
0  -15.779836 5.379075 4.457295  -0.494707 0.160535 0.854104  0.603253 0.601414
0  -14.848245 5.079195 4.710555  -0.348944 0.112214 0.930401  0.606145 0.604684
0  -14.360266 8.547975 4.449240  -0.450446 0.266608 0.852068  0.615327 0.592901
chess_set_pieces_black
0  -15.523470 1.887480 4.706685  -0.375017 0.037168 0.926273  0.596716 0.614873
0  -14.848245 5.079195 4.710555  -0.348944 0.112214 0.930401  0.606145 0.604684
0  -15.779836 5.379075 4.457295  -0.494707 0.160535 0.854104  0.603253 0.601414
chess_set_pieces_black
0  -16.476480 1.987830 4.428270  -0.520888 0.050167 0.852150  0.593305 0.612329
0  -15.523470 1.887480 4.706685  -0.375017 0.037168 0.926273  0.596716 0.614873
0  -15.779836 5.379075 4.457295  -0.494707 0.160535 0.854104  0.603253 0.601414
chess_set_pieces_black
0  -15.521400 -1.376325 4.703850  -0.380304 -0.039997 0.923996  0.589651 0.626924
0  -15.523470 1.887480 4.706685  -0.375017 0.037168 0.926273  0.596716 0.614873
0  -16.476480 1.987830 4.428270  -0.520888 0.050167 0.852150  0.593305 0.612329
chess_set_pieces_black
0  -16.485571 -1.478205 4.439520  -0.522158 -0.055233 0.851059  0.585689 0.625120
0  -15.521400 -1.376325 4.703850  -0.380304 -0.039997 0.923996  0.589651 0.626924
0  -16.476480 1.987830 4.428270  -0.520888 0.050167 0.852150  0.593305 0.612329
chess_set_pieces_black
0  -14.846670 -4.568310 4.706775  -0.369436 -0.122562 0.921138  0.585186 0.640121
0  -15.521400 -1.376325 4.703850  -0.380304 -0.039997 0.923996  0.589651 0.626924
0  -16.485571 -1.478205 4.439520  -0.522158 -0.055233 0.851059  0.585689 0.625120
chess_set_pieces_black
0  -15.749280 -4.861305 4.424490  -0.502294 -0.168219 0.848177  0.581038 0.639195
0  -14.846670 -4.568310 4.706775  -0.369436 -0.122562 0.921138  0.585186 0.640121
0  -16.485571 -1.478205 4.439520  -0.522158 -0.055233 0.851059  0.585689 0.625120
chess_set_pieces_black
0  -13.517640 -7.549425 4.701420  -0.338354 -0.192918 0.921032  0.583602 0.653923
0  -14.846670 -4.568310 4.706775  -0.369436 -0.122562 0.921138  0.585186 0.640121
0  -15.749280 -4.861305 4.424490  -0.502294 -0.168219 0.848177  0.581038 0.639195
chess_set_pieces_black
0  -14.333310 -8.020035 4.414950  -0.461779 -0.264295 0.846705  0.579428 0.653886
0  -13.517640 -7.549425 4.701420  -0.338354 -0.192918 0.921032  0.583602 0.653923
0  -15.749280 -4.861305 4.424490  -0.502294 -0.168219 0.848177  0.581038 0.639195
chess_set_pieces_black
0  -11.604870 -10.193535 4.709385  -0.284054 -0.254972 0.924285  0.584927 0.667727
0  -13.517640 -7.549425 4.701420  -0.338354 -0.192918 0.921032  0.583602 0.653923
0  -14.333310 -8.020035 4.414950  -0.461779 -0.264295 0.846705  0.579428 0.653886
chess_set_pieces_black
0  -12.322035 -10.837620 4.439475  -0.395532 -0.352833 0.847976  0.580707 0.668580
0  -11.604870 -10.193535 4.709385  -0.284054 -0.254972 0.924285  0.584927 0.667727
0  -14.333310 -8.020035 4.414950  -0.461779 -0.264295 0.846705  0.579428 0.653886
chess_set_pieces_black
0  -9.174780 -12.372886 4.701555  -0.225970 -0.307874 0.924203  0.589082 0.680963
0  -11.604870 -10.193535 4.709385  -0.284054 -0.254972 0.924285  0.584927 0.667727
0  -12.322035 -10.837620 4.439475  -0.395532 -0.352833 0.847976  0.580707 0.668580
chess_set_pieces_black
0  -9.733140 -13.141576 4.420575  -0.312731 -0.430701 0.846579  0.585212 0.682633
0  -9.174780 -12.372886 4.701555  -0.225970 -0.307874 0.924203  0.589082 0.680963
0  -12.322035 -10.837620 4.439475  -0.395532 -0.352833 0.847976  0.580707 0.668580
chess_set_pieces_black
0  -3.181410 15.246406 4.933980  -0.207369 0.978033 -0.021202  0.671014 0.593003
0  0.001755 15.644790 4.941270  0.000871 0.999780 -0.020941  0.683537 0.598665
0  -0.000540 15.872715 4.707090  0.000959 0.362215 0.932094  0.684253 0.597447
chess_set_pieces_black
0  -3.245355 15.524685 4.699125  -0.077586 0.359954 0.929738  0.671506 0.591490
0  -3.181410 15.246406 4.933980  -0.207369 0.978033 -0.021202  0.671014 0.593003
0  -0.000540 15.872715 4.707090  0.000959 0.362215 0.932094  0.684253 0.597447
chess_set_pieces_black
0  -6.249690 14.312250 4.936230  -0.405269 0.913823 -0.026169  0.657708 0.589853
0  -3.181410 15.246406 4.933980  -0.207369 0.978033 -0.021202  0.671014 0.593003
0  -3.245355 15.524685 4.699125  -0.077586 0.359954 0.929738  0.671506 0.591490
chess_set_pieces_black
0  -6.351615 14.519925 4.709520  -0.148108 0.335756 0.930232  0.657828 0.588469
0  -6.249690 14.312250 4.936230  -0.405269 0.913823 -0.026169  0.657708 0.589853
0  -3.245355 15.524685 4.699125  -0.077586 0.359954 0.929738  0.671506 0.591490
chess_set_pieces_black
0  -8.998830 12.665476 4.936140  -0.590037 0.806944 -0.026407  0.644048 0.589877
0  -6.249690 14.312250 4.936230  -0.405269 0.913823 -0.026169  0.657708 0.589853
0  -6.351615 14.519925 4.709520  -0.148108 0.335756 0.930232  0.657828 0.588469
chess_set_pieces_black
0  -9.172440 12.881114 4.697100  -0.220882 0.298276 0.928570  0.643841 0.588326
0  -8.998830 12.665476 4.936140  -0.590037 0.806944 -0.026407  0.644048 0.589877
0  -6.351615 14.519925 4.709520  -0.148108 0.335756 0.930232  0.657828 0.588469
chess_set_pieces_black
0  -11.411236 10.552410 4.934295  -0.742076 0.669864 -0.024611  0.630665 0.592414
0  -8.998830 12.665476 4.936140  -0.590037 0.806944 -0.026407  0.644048 0.589877
0  -9.172440 12.881114 4.697100  -0.220882 0.298276 0.928570  0.643841 0.588326
chess_set_pieces_black
0  -11.601855 10.701450 4.706910  -0.277861 0.251956 0.926991  0.630171 0.591086
0  -11.411236 10.552410 4.934295  -0.742076 0.669864 -0.024611  0.630665 0.592414
0  -9.172440 12.881114 4.697100  -0.220882 0.298276 0.928570  0.643841 0.588326
chess_set_pieces_black
0  -13.267170 7.939485 4.937175  -0.866414 0.498807 -0.022779  0.618283 0.597942
0  -11.411236 10.552410 4.934295  -0.742076 0.669864 -0.024611  0.630665 0.592414
0  -11.601855 10.701450 4.706910  -0.277861 0.251956 0.926991  0.630171 0.591086
chess_set_pieces_black
0  -13.513995 8.058465 4.702095  -0.316540 0.185975 0.930170  0.617453 0.596651
0  -13.267170 7.939485 4.937175  -0.866414 0.498807 -0.022779  0.618283 0.597942
0  -11.601855 10.701450 4.706910  -0.277861 0.251956 0.926991  0.630171 0.591086
chess_set_pieces_black
0  -14.603490 5.021730 4.938750  -0.950553 0.310133 -0.016340  0.607163 0.605707
0  -13.267170 7.939485 4.937175  -0.866414 0.498807 -0.022779  0.618283 0.597942
0  -13.513995 8.058465 4.702095  -0.316540 0.185975 0.930170  0.617453 0.596651
chess_set_pieces_black
0  -14.848245 5.079195 4.710555  -0.348944 0.112214 0.930401  0.606145 0.604684
0  -14.603490 5.021730 4.938750  -0.950553 0.310133 -0.016340  0.607163 0.605707
0  -13.513995 8.058465 4.702095  -0.316540 0.185975 0.930170  0.617453 0.596651
chess_set_pieces_black
0  -15.256619 1.883385 4.943025  -0.994555 0.103289 -0.013886  0.597997 0.615696
0  -14.603490 5.021730 4.938750  -0.950553 0.310133 -0.016340  0.607163 0.605707
0  -14.848245 5.079195 4.710555  -0.348944 0.112214 0.930401  0.606145 0.604684
chess_set_pieces_black
0  -15.523470 1.887480 4.706685  -0.375017 0.037168 0.926273  0.596716 0.614873
0  -15.256619 1.883385 4.943025  -0.994555 0.103289 -0.013886  0.597997 0.615696
0  -14.848245 5.079195 4.710555  -0.348944 0.112214 0.930401  0.606145 0.604684
chess_set_pieces_black
0  -15.265755 -1.326690 4.942845  -0.994742 -0.100726 -0.018488  0.591063 0.627462
0  -15.256619 1.883385 4.943025  -0.994555 0.103289 -0.013886  0.597997 0.615696
0  -15.523470 1.887480 4.706685  -0.375017 0.037168 0.926273  0.596716 0.614873
chess_set_pieces_black
0  -15.521400 -1.376325 4.703850  -0.380304 -0.039997 0.923996  0.589651 0.626924
0  -15.265755 -1.326690 4.942845  -0.994742 -0.100726 -0.018488  0.591063 0.627462
0  -15.523470 1.887480 4.706685  -0.375017 0.037168 0.926273  0.596716 0.614873
chess_set_pieces_black
0  -14.614381 -4.468950 4.944240  -0.950594 -0.309777 -0.020243  0.586647 0.640348
0  -15.265755 -1.326690 4.942845  -0.994742 -0.100726 -0.018488  0.591063 0.627462
0  -15.521400 -1.376325 4.703850  -0.380304 -0.039997 0.923996  0.589651 0.626924
chess_set_pieces_black
0  -14.846670 -4.568310 4.706775  -0.369436 -0.122562 0.921138  0.585186 0.640121
0  -14.614381 -4.468950 4.944240  -0.950594 -0.309777 -0.020243  0.586647 0.640348
0  -15.521400 -1.376325 4.703850  -0.380304 -0.039997 0.923996  0.589651 0.626924
chess_set_pieces_black
0  -3.245355 15.524685 4.699125  -0.077586 0.359954 0.929738  0.671506 0.591490
0  -0.000540 15.872715 4.707090  0.000959 0.362215 0.932094  0.684253 0.597447
0  -0.001395 16.856056 4.485600  0.000092 0.521053 0.853524  0.686493 0.593693
chess_set_pieces_black
0  -3.443130 16.454250 4.423320  -0.111539 0.513335 0.850909  0.672878 0.587464
0  -3.245355 15.524685 4.699125  -0.077586 0.359954 0.929738  0.671506 0.591490
0  -0.001395 16.856056 4.485600  0.000092 0.521053 0.853524  0.686493 0.593693
chess_set_pieces_black
0  -6.351615 14.519925 4.709520  -0.148108 0.335756 0.930232  0.657828 0.588469
0  -3.245355 15.524685 4.699125  -0.077586 0.359954 0.929738  0.671506 0.591490
0  -3.443130 16.454250 4.423320  -0.111539 0.513335 0.850909  0.672878 0.587464
chess_set_pieces_black
0  -6.746805 15.408810 4.463415  -0.207925 0.479593 0.852501  0.658326 0.584131
0  -6.351615 14.519925 4.709520  -0.148108 0.335756 0.930232  0.657828 0.588469
0  -3.443130 16.454250 4.423320  -0.111539 0.513335 0.850909  0.672878 0.587464
chess_set_pieces_black
0  -9.172440 12.881114 4.697100  -0.220882 0.298276 0.928570  0.643841 0.588326
0  -6.351615 14.519925 4.709520  -0.148108 0.335756 0.930232  0.657828 0.588469
0  -6.746805 15.408810 4.463415  -0.207925 0.479593 0.852501  0.658326 0.584131
chess_set_pieces_black
0  -9.741779 13.664610 4.439610  -0.311873 0.421885 0.851322  0.643441 0.584036
0  -9.172440 12.881114 4.697100  -0.220882 0.298276 0.928570  0.643841 0.588326
0  -6.746805 15.408810 4.463415  -0.207925 0.479593 0.852501  0.658326 0.584131
chess_set_pieces_black
0  -9.741779 13.664610 4.439610  -0.311873 0.421885 0.851322  0.643441 0.584036
0  -6.746805 15.408810 4.463415  -0.207925 0.479593 0.852501  0.658326 0.584131
0  -6.813360 15.558480 4.031145  -0.403018 0.914358 0.039060  0.658560 0.582135
chess_set_pieces_black
0  -9.824265 13.777020 4.029300  -0.593929 0.803754 0.035061  0.643242 0.582115
0  -9.741779 13.664610 4.439610  -0.311873 0.421885 0.851322  0.643441 0.584036
0  -6.813360 15.558480 4.031145  -0.403018 0.914358 0.039060  0.658560 0.582135
chess_set_pieces_black
0  -12.312406 11.341259 4.427280  -0.392440 0.353278 0.849227  0.628890 0.587044
0  -9.741779 13.664610 4.439610  -0.311873 0.421885 0.851322  0.643441 0.584036
0  -9.824265 13.777020 4.029300  -0.593929 0.803754 0.035061  0.643242 0.582115
chess_set_pieces_black
0  -12.413250 11.432790 4.028400  -0.741006 0.670785 0.030945  0.628332 0.585284
0  -12.312406 11.341259 4.427280  -0.392440 0.353278 0.849227  0.628890 0.587044
0  -9.824265 13.777020 4.029300  -0.593929 0.803754 0.035061  0.643242 0.582115
chess_set_pieces_black
0  -14.360266 8.547975 4.449240  -0.450446 0.266608 0.852068  0.615327 0.592901
0  -12.312406 11.341259 4.427280  -0.392440 0.353278 0.849227  0.628890 0.587044
0  -12.413250 11.432790 4.028400  -0.741006 0.670785 0.030945  0.628332 0.585284
chess_set_pieces_black
0  -14.483476 8.616960 4.029750  -0.861075 0.507218 0.035765  0.614375 0.591221
0  -14.360266 8.547975 4.449240  -0.450446 0.266608 0.852068  0.615327 0.592901
0  -12.413250 11.432790 4.028400  -0.741006 0.670785 0.030945  0.628332 0.585284
chess_set_pieces_black
0  -15.779836 5.379075 4.457295  -0.494707 0.160535 0.854104  0.603253 0.601414
0  -14.360266 8.547975 4.449240  -0.450446 0.266608 0.852068  0.615327 0.592901
0  -14.483476 8.616960 4.029750  -0.861075 0.507218 0.035765  0.614375 0.591221
chess_set_pieces_black
0  -15.935625 5.432670 4.031145  -0.950191 0.308606 0.043589  0.601959 0.599934
0  -15.779836 5.379075 4.457295  -0.494707 0.160535 0.854104  0.603253 0.601414
0  -14.483476 8.616960 4.029750  -0.861075 0.507218 0.035765  0.614375 0.591221
chess_set_pieces_black
0  -16.476480 1.987830 4.428270  -0.520888 0.050167 0.852150  0.593305 0.612329
0  -15.779836 5.379075 4.457295  -0.494707 0.160535 0.854104  0.603253 0.601414
0  -15.935625 5.432670 4.031145  -0.950191 0.308606 0.043589  0.601959 0.599934
chess_set_pieces_black
0  -16.629660 2.002950 4.028445  -0.993779 0.101286 0.046314  0.591796 0.611211
0  -16.476480 1.987830 4.428270  -0.520888 0.050167 0.852150  0.593305 0.612329
0  -15.935625 5.432670 4.031145  -0.950191 0.308606 0.043589  0.601959 0.599934
chess_set_pieces_black
0  -16.485571 -1.478205 4.439520  -0.522158 -0.055233 0.851059  0.585689 0.625120
0  -16.476480 1.987830 4.428270  -0.520888 0.050167 0.852150  0.593305 0.612329
0  -16.629660 2.002950 4.028445  -0.993779 0.101286 0.046314  0.591796 0.611211
chess_set_pieces_black
0  -16.635960 -1.492695 4.029795  -0.993248 -0.105616 0.047992  0.583927 0.624312
0  -16.485571 -1.478205 4.439520  -0.522158 -0.055233 0.851059  0.585689 0.625120
0  -16.629660 2.002950 4.028445  -0.993779 0.101286 0.046314  0.591796 0.611211
chess_set_pieces_black
0  9.740295 13.660875 4.430880  0.314211 0.423655 0.849581  0.715335 0.626750
0  12.305969 11.334960 4.420305  0.393235 0.355209 0.848052  0.719654 0.640883
0  12.408661 11.428201 4.027185  0.742526 0.669021 0.032651  0.721433 0.640532
chess_set_pieces_black
0  9.817830 13.767750 4.027635  0.593914 0.803766 0.035018  0.717067 0.626021
0  9.740295 13.660875 4.430880  0.314211 0.423655 0.849581  0.715335 0.626750
0  12.408661 11.428201 4.027185  0.742526 0.669021 0.032651  0.721433 0.640532
chess_set_pieces_black
0  6.748695 15.412455 4.459815  0.212287 0.478976 0.851772  0.708176 0.613797
0  9.740295 13.660875 4.430880  0.314211 0.423655 0.849581  0.715335 0.626750
0  9.817830 13.767750 4.027635  0.593914 0.803766 0.035018  0.717067 0.626021
chess_set_pieces_black
0  6.811380 15.554070 4.030830  0.406122 0.913046 0.037567  0.709782 0.612661
0  6.748695 15.412455 4.459815  0.212287 0.478976 0.851772  0.708176 0.613797
0  9.817830 13.767750 4.027635  0.593914 0.803766 0.035018  0.717067 0.626021
chess_set_pieces_black
0  3.443625 16.456455 4.424220  0.112224 0.512579 0.851275  0.698378 0.602695
0  6.748695 15.412455 4.459815  0.212287 0.478976 0.851772  0.708176 0.613797
0  6.811380 15.554070 4.030830  0.406122 0.913046 0.037567  0.709782 0.612661
chess_set_pieces_black
0  3.470580 16.583490 4.026510  0.209768 0.976977 0.038897  0.699636 0.601355
0  3.443625 16.456455 4.424220  0.112224 0.512579 0.851275  0.698378 0.602695
0  6.811380 15.554070 4.030830  0.406122 0.913046 0.037567  0.709782 0.612661
chess_set_pieces_black
0  -0.001395 16.856056 4.485600  0.000092 0.521053 0.853524  0.686493 0.593693
0  3.443625 16.456455 4.424220  0.112224 0.512579 0.851275  0.698378 0.602695
0  3.470580 16.583490 4.026510  0.209768 0.976977 0.038897  0.699636 0.601355
chess_set_pieces_black
0  -0.000405 17.024086 4.032135  0.001002 0.999170 0.040724  0.687596 0.591871
0  -0.001395 16.856056 4.485600  0.000092 0.521053 0.853524  0.686493 0.593693
0  3.470580 16.583490 4.026510  0.209768 0.976977 0.038897  0.699636 0.601355
chess_set_pieces_black
0  -3.443130 16.454250 4.423320  -0.111539 0.513335 0.850909  0.672878 0.587464
0  -0.001395 16.856056 4.485600  0.000092 0.521053 0.853524  0.686493 0.593693
0  -0.000405 17.024086 4.032135  0.001002 0.999170 0.040724  0.687596 0.591871
chess_set_pieces_black
0  -3.471210 16.585514 4.026195  -0.211508 0.976560 0.039937  0.673478 0.585679
0  -3.443130 16.454250 4.423320  -0.111539 0.513335 0.850909  0.672878 0.587464
0  -0.000405 17.024086 4.032135  0.001002 0.999170 0.040724  0.687596 0.591871
chess_set_pieces_black
0  -6.746805 15.408810 4.463415  -0.207925 0.479593 0.852501  0.658326 0.584131
0  -3.443130 16.454250 4.423320  -0.111539 0.513335 0.850909  0.672878 0.587464
0  -3.471210 16.585514 4.026195  -0.211508 0.976560 0.039937  0.673478 0.585679
chess_set_pieces_black
0  -6.813360 15.558480 4.031145  -0.403018 0.914358 0.039060  0.658560 0.582135
0  -6.746805 15.408810 4.463415  -0.207925 0.479593 0.852501  0.658326 0.584131
0  -3.471210 16.585514 4.026195  -0.211508 0.976560 0.039937  0.673478 0.585679
chess_set_pieces_black
0  15.529904 -1.377630 4.706145  0.368651 -0.036633 0.928846  0.703560 0.694390
0  14.854140 -4.570155 4.711005  0.356106 -0.118928 0.926847  0.694098 0.704590
0  15.763724 -4.866165 4.445190  0.500133 -0.166381 0.849814  0.696888 0.707794
chess_set_pieces_black
0  16.494076 -1.480050 4.456935  0.523079 -0.053570 0.850599  0.707019 0.696999
0  15.529904 -1.377630 4.706145  0.368651 -0.036633 0.928846  0.703560 0.694390
0  15.763724 -4.866165 4.445190  0.500133 -0.166381 0.849814  0.696888 0.707794
chess_set_pieces_black
0  15.524955 1.887885 4.708125  0.369789 0.038953 0.928299  0.710734 0.682377
0  15.529904 -1.377630 4.706145  0.368651 -0.036633 0.928846  0.703560 0.694390
0  16.494076 -1.480050 4.456935  0.523079 -0.053570 0.850599  0.707019 0.696999
chess_set_pieces_black
0  16.479586 1.988505 4.429125  0.523621 0.056672 0.850065  0.714618 0.684166
0  15.524955 1.887885 4.708125  0.369789 0.038953 0.928299  0.710734 0.682377
0  16.494076 -1.480050 4.456935  0.523079 -0.053570 0.850599  0.707019 0.696999
chess_set_pieces_black
0  14.849596 5.079960 4.707810  0.348914 0.114131 0.930179  0.715193 0.669199
0  15.524955 1.887885 4.708125  0.369789 0.038953 0.928299  0.710734 0.682377
0  16.479586 1.988505 4.429125  0.523621 0.056672 0.850065  0.714618 0.684166
chess_set_pieces_black
0  15.774480 5.377770 4.456620  0.498086 0.159794 0.852277  0.719413 0.670153
0  14.849596 5.079960 4.707810  0.348914 0.114131 0.930179  0.715193 0.669199
0  16.479586 1.988505 4.429125  0.523621 0.056672 0.850065  0.714618 0.684166
chess_set_pieces_black
0  13.514580 8.058690 4.697865  0.320455 0.188763 0.928266  0.716794 0.655440
0  14.849596 5.079960 4.707810  0.348914 0.114131 0.930179  0.715193 0.669199
0  15.774480 5.377770 4.456620  0.498086 0.159794 0.852277  0.719413 0.670153
chess_set_pieces_black
0  14.354054 8.544195 4.435245  0.451807 0.267789 0.850975  0.721078 0.655493
0  13.514580 8.058690 4.697865  0.320455 0.188763 0.928266  0.716794 0.655440
0  15.774480 5.377770 4.456620  0.498086 0.159794 0.852277  0.719413 0.670153
chess_set_pieces_black
0  11.602800 10.701495 4.704120  0.282251 0.255012 0.924826  0.715550 0.641694
0  13.514580 8.058690 4.697865  0.320455 0.188763 0.928266  0.716794 0.655440
0  14.354054 8.544195 4.435245  0.451807 0.267789 0.850975  0.721078 0.655493
chess_set_pieces_black
0  12.305969 11.334960 4.420305  0.393235 0.355209 0.848052  0.719654 0.640883
0  11.602800 10.701495 4.704120  0.282251 0.255012 0.924826  0.715550 0.641694
0  14.354054 8.544195 4.435245  0.451807 0.267789 0.850975  0.721078 0.655493
chess_set_pieces_black
0  9.171900 12.879675 4.697010  0.223004 0.300215 0.927437  0.711399 0.628448
0  11.602800 10.701495 4.704120  0.282251 0.255012 0.924826  0.715550 0.641694
0  12.305969 11.334960 4.420305  0.393235 0.355209 0.848052  0.719654 0.640883
chess_set_pieces_black
0  9.740295 13.660875 4.430880  0.314211 0.423655 0.849581  0.715335 0.626750
0  9.171900 12.879675 4.697010  0.223004 0.300215 0.927437  0.711399 0.628448
0  12.305969 11.334960 4.420305  0.393235 0.355209 0.848052  0.719654 0.640883
chess_set_pieces_black
0  6.350715 14.518935 4.709655  0.148789 0.335469 0.930227  0.704611 0.616309
0  9.171900 12.879675 4.697010  0.223004 0.300215 0.927437  0.711399 0.628448
0  9.740295 13.660875 4.430880  0.314211 0.423655 0.849581  0.715335 0.626750
chess_set_pieces_black
0  6.748695 15.412455 4.459815  0.212287 0.478976 0.851772  0.708176 0.613797
0  6.350715 14.518935 4.709655  0.148789 0.335469 0.930227  0.704611 0.616309
0  9.740295 13.660875 4.430880  0.314211 0.423655 0.849581  0.715335 0.626750
chess_set_pieces_black
0  3.244590 15.521086 4.696740  0.078407 0.358706 0.930152  0.695488 0.605810
0  6.350715 14.518935 4.709655  0.148789 0.335469 0.930227  0.704611 0.616309
0  6.748695 15.412455 4.459815  0.212287 0.478976 0.851772  0.708176 0.613797
chess_set_pieces_black
0  3.443625 16.456455 4.424220  0.112224 0.512579 0.851275  0.698378 0.602695
0  3.244590 15.521086 4.696740  0.078407 0.358706 0.930152  0.695488 0.605810
0  6.748695 15.412455 4.459815  0.212287 0.478976 0.851772  0.708176 0.613797
chess_set_pieces_black
0  -0.000540 15.872715 4.707090  0.000959 0.362215 0.932094  0.684253 0.597447
0  3.244590 15.521086 4.696740  0.078407 0.358706 0.930152  0.695488 0.605810
0  3.443625 16.456455 4.424220  0.112224 0.512579 0.851275  0.698378 0.602695
chess_set_pieces_black
0  -0.001395 16.856056 4.485600  0.000092 0.521053 0.853524  0.686493 0.593693
0  -0.000540 15.872715 4.707090  0.000959 0.362215 0.932094  0.684253 0.597447
0  3.443625 16.456455 4.424220  0.112224 0.512579 0.851275  0.698378 0.602695
chess_set_pieces_black
0  6.245460 14.304959 4.938705  0.406461 0.913375 -0.023131  0.703437 0.617086
0  8.990010 12.652605 4.933710  0.590068 0.807075 -0.021199  0.709910 0.629024
0  9.171900 12.879675 4.697010  0.223004 0.300215 0.927437  0.711399 0.628448
chess_set_pieces_black
0  6.350715 14.518935 4.709655  0.148789 0.335469 0.930227  0.704611 0.616309
0  6.245460 14.304959 4.938705  0.406461 0.913375 -0.023131  0.703437 0.617086
0  9.171900 12.879675 4.697010  0.223004 0.300215 0.927437  0.711399 0.628448
chess_set_pieces_black
0  3.180420 15.241679 4.933935  0.210367 0.977386 -0.021472  0.694390 0.606963
0  6.245460 14.304959 4.938705  0.406461 0.913375 -0.023131  0.703437 0.617086
0  6.350715 14.518935 4.709655  0.148789 0.335469 0.930227  0.704611 0.616309
chess_set_pieces_black
0  3.244590 15.521086 4.696740  0.078407 0.358706 0.930152  0.695488 0.605810
0  3.180420 15.241679 4.933935  0.210367 0.977386 -0.021472  0.694390 0.606963
0  6.350715 14.518935 4.709655  0.148789 0.335469 0.930227  0.704611 0.616309
chess_set_pieces_black
0  0.001755 15.644790 4.941270  0.000871 0.999780 -0.020941  0.683537 0.598665
0  3.180420 15.241679 4.933935  0.210367 0.977386 -0.021472  0.694390 0.606963
0  3.244590 15.521086 4.696740  0.078407 0.358706 0.930152  0.695488 0.605810
chess_set_pieces_black
0  -0.000540 15.872715 4.707090  0.000959 0.362215 0.932094  0.684253 0.597447
0  0.001755 15.644790 4.941270  0.000871 0.999780 -0.020941  0.683537 0.598665
0  3.244590 15.521086 4.696740  0.078407 0.358706 0.930152  0.695488 0.605810
chess_set_pieces_black
0  11.447281 -10.022265 4.937175  0.742302 -0.669725 -0.021368  0.669752 0.716618
0  9.016425 -12.133935 4.937895  0.588608 -0.808148 -0.020928  0.656439 0.718943
0  9.173474 -12.371940 4.704075  0.221973 -0.306532 0.925616  0.656492 0.720526
chess_set_pieces_black
0  11.604554 -10.191690 4.717215  0.277031 -0.250345 0.927675  0.670070 0.717931
0  11.447281 -10.022265 4.937175  0.742302 -0.669725 -0.021368  0.669752 0.716618
0  9.173474 -12.371940 4.704075  0.221973 -0.306532 0.925616  0.656492 0.720526
chess_set_pieces_black
0  13.287690 -7.394445 4.943160  0.868443 -0.495588 -0.014085  0.682049 0.711130
0  11.447281 -10.022265 4.937175  0.742302 -0.669725 -0.021368  0.669752 0.716618
0  11.604554 -10.191690 4.717215  0.277031 -0.250345 0.927675  0.670070 0.717931
chess_set_pieces_black
0  13.520744 -7.552080 4.704255  0.329062 -0.187219 0.925563  0.682737 0.712536
0  13.287690 -7.394445 4.943160  0.868443 -0.495588 -0.014085  0.682049 0.711130
0  11.604554 -10.191690 4.717215  0.277031 -0.250345 0.927675  0.670070 0.717931
chess_set_pieces_black
0  14.618565 -4.468905 4.943700  0.950565 -0.310420 -0.008142  0.693209 0.703417
0  13.287690 -7.394445 4.943160  0.868443 -0.495588 -0.014085  0.682049 0.711130
0  13.520744 -7.552080 4.704255  0.329062 -0.187219 0.925563  0.682737 0.712536
chess_set_pieces_black
0  14.854140 -4.570155 4.711005  0.356106 -0.118928 0.926847  0.694098 0.704590
0  14.618565 -4.468905 4.943700  0.950565 -0.310420 -0.008142  0.693209 0.703417
0  13.520744 -7.552080 4.704255  0.329062 -0.187219 0.925563  0.682737 0.712536
chess_set_pieces_black
0  15.266790 -1.327590 4.942530  0.995033 -0.099344 -0.006346  0.702399 0.693400
0  14.618565 -4.468905 4.943700  0.950565 -0.310420 -0.008142  0.693209 0.703417
0  14.854140 -4.570155 4.711005  0.356106 -0.118928 0.926847  0.694098 0.704590
chess_set_pieces_black
0  15.529904 -1.377630 4.706145  0.368651 -0.036633 0.928846  0.703560 0.694390
0  15.266790 -1.327590 4.942530  0.995033 -0.099344 -0.006346  0.702399 0.693400
0  14.854140 -4.570155 4.711005  0.356106 -0.118928 0.926847  0.694098 0.704590
chess_set_pieces_black
0  15.253425 1.883520 4.940595  0.994341 0.106208 -0.002606  0.709392 0.681642
0  15.266790 -1.327590 4.942530  0.995033 -0.099344 -0.006346  0.702399 0.693400
0  15.529904 -1.377630 4.706145  0.368651 -0.036633 0.928846  0.703560 0.694390
chess_set_pieces_black
0  15.524955 1.887885 4.708125  0.369789 0.038953 0.928299  0.710734 0.682377
0  15.253425 1.883520 4.940595  0.994341 0.106208 -0.002606  0.709392 0.681642
0  15.529904 -1.377630 4.706145  0.368651 -0.036633 0.928846  0.703560 0.694390
chess_set_pieces_black
0  14.588460 5.018040 4.942665  0.949995 0.312254 -0.002606  0.713737 0.668777
0  15.253425 1.883520 4.940595  0.994341 0.106208 -0.002606  0.709392 0.681642
0  15.524955 1.887885 4.708125  0.369789 0.038953 0.928299  0.710734 0.682377
chess_set_pieces_black
0  14.849596 5.079960 4.707810  0.348914 0.114131 0.930179  0.715193 0.669199
0  14.588460 5.018040 4.942665  0.949995 0.312254 -0.002606  0.713737 0.668777
0  15.524955 1.887885 4.708125  0.369789 0.038953 0.928299  0.710734 0.682377
chess_set_pieces_black
0  13.254435 7.931700 4.933980  0.867325 0.497631 -0.010534  0.715215 0.655334
0  14.588460 5.018040 4.942665  0.949995 0.312254 -0.002606  0.713737 0.668777
0  14.849596 5.079960 4.707810  0.348914 0.114131 0.930179  0.715193 0.669199
chess_set_pieces_black
0  13.514580 8.058690 4.697865  0.320455 0.188763 0.928266  0.716794 0.655440
0  13.254435 7.931700 4.933980  0.867325 0.497631 -0.010534  0.715215 0.655334
0  14.849596 5.079960 4.707810  0.348914 0.114131 0.930179  0.715193 0.669199
chess_set_pieces_black
0  11.404710 10.545210 4.939335  0.742512 0.669598 -0.017741  0.714103 0.641912
0  13.254435 7.931700 4.933980  0.867325 0.497631 -0.010534  0.715215 0.655334
0  13.514580 8.058690 4.697865  0.320455 0.188763 0.928266  0.716794 0.655440
chess_set_pieces_black
0  11.602800 10.701495 4.704120  0.282251 0.255012 0.924826  0.715550 0.641694
0  11.404710 10.545210 4.939335  0.742512 0.669598 -0.017741  0.714103 0.641912
0  13.514580 8.058690 4.697865  0.320455 0.188763 0.928266  0.716794 0.655440
chess_set_pieces_black
0  8.990010 12.652605 4.933710  0.590068 0.807075 -0.021199  0.709910 0.629024
0  11.404710 10.545210 4.939335  0.742512 0.669598 -0.017741  0.714103 0.641912
0  11.602800 10.701495 4.704120  0.282251 0.255012 0.924826  0.715550 0.641694
chess_set_pieces_black
0  9.171900 12.879675 4.697010  0.223004 0.300215 0.927437  0.711399 0.628448
0  8.990010 12.652605 4.933710  0.590068 0.807075 -0.021199  0.709910 0.629024
0  11.602800 10.701495 4.704120  0.282251 0.255012 0.924826  0.715550 0.641694
chess_set_pieces_black
0  -6.352065 -14.011695 4.715775  -0.154811 -0.345272 0.925646  0.595903 0.693092
0  -9.174780 -12.372886 4.701555  -0.225970 -0.307874 0.924203  0.589082 0.680963
0  -9.733140 -13.141576 4.420575  -0.312731 -0.430701 0.846579  0.585212 0.682633
chess_set_pieces_black
0  -6.748380 -14.899904 4.453065  -0.218037 -0.482568 0.848285  0.592394 0.695596
0  -6.352065 -14.011695 4.715775  -0.154811 -0.345272 0.925646  0.595903 0.693092
0  -9.733140 -13.141576 4.420575  -0.312731 -0.430701 0.846579  0.585212 0.682633
chess_set_pieces_black
0  -3.245310 -15.011820 4.701015  -0.080287 -0.359538 0.929670  0.605123 0.703402
0  -6.352065 -14.011695 4.715775  -0.154811 -0.345272 0.925646  0.595903 0.693092
0  -6.748380 -14.899904 4.453065  -0.218037 -0.482568 0.848285  0.592394 0.695596
chess_set_pieces_black
0  -3.444750 -15.950970 4.432860  -0.115625 -0.509650 0.852577  0.602289 0.706509
0  -3.245310 -15.011820 4.701015  -0.080287 -0.359538 0.929670  0.605123 0.703402
0  -6.748380 -14.899904 4.453065  -0.218037 -0.482568 0.848285  0.592394 0.695596
chess_set_pieces_black
0  0.000090 -15.361515 4.716495  0.000475 -0.359946 0.932973  0.616081 0.711580
0  -3.245310 -15.011820 4.701015  -0.080287 -0.359538 0.929670  0.605123 0.703402
0  -3.444750 -15.950970 4.432860  -0.115625 -0.509650 0.852577  0.602289 0.706509
chess_set_pieces_black
0  0.000765 -16.342560 4.498515  0.001047 -0.514134 0.857709  0.613929 0.715235
0  0.000090 -15.361515 4.716495  0.000475 -0.359946 0.932973  0.616081 0.711580
0  -3.444750 -15.950970 4.432860  -0.115625 -0.509650 0.852577  0.602289 0.706509
chess_set_pieces_black
0  3.244050 -15.007456 4.699350  0.080953 -0.363366 0.928123  0.628579 0.717194
0  0.000090 -15.361515 4.716495  0.000475 -0.359946 0.932973  0.616081 0.711580
0  0.000765 -16.342560 4.498515  0.001047 -0.514134 0.857709  0.613929 0.715235
chess_set_pieces_black
0  3.443490 -15.945299 4.423455  0.113084 -0.508977 0.853319  0.627230 0.721218
0  3.244050 -15.007456 4.699350  0.080953 -0.363366 0.928123  0.628579 0.717194
0  0.000765 -16.342560 4.498515  0.001047 -0.514134 0.857709  0.613929 0.715235
chess_set_pieces_black
0  6.352560 -14.011695 4.716450  0.154204 -0.346383 0.925332  0.642318 0.720279
0  3.244050 -15.007456 4.699350  0.080953 -0.363366 0.928123  0.628579 0.717194
0  3.443490 -15.945299 4.423455  0.113084 -0.508977 0.853319  0.627230 0.721218
chess_set_pieces_black
0  6.747300 -14.894774 4.454460  0.213108 -0.481078 0.850381  0.641803 0.724617
0  6.352560 -14.011695 4.716450  0.154204 -0.346383 0.925332  0.642318 0.720279
0  3.443490 -15.945299 4.423455  0.113084 -0.508977 0.853319  0.627230 0.721218
chess_set_pieces_black
0  9.173474 -12.371940 4.704075  0.221973 -0.306532 0.925616  0.656492 0.720526
0  6.352560 -14.011695 4.716450  0.154204 -0.346383 0.925332  0.642318 0.720279
0  6.747300 -14.894774 4.454460  0.213108 -0.481078 0.850381  0.641803 0.724617
chess_set_pieces_black
0  9.729900 -13.137526 4.419450  0.311655 -0.426510 0.849094  0.656862 0.724745
0  9.173474 -12.371940 4.704075  0.221973 -0.306532 0.925616  0.656492 0.720526
0  6.747300 -14.894774 4.454460  0.213108 -0.481078 0.850381  0.641803 0.724617
chess_set_pieces_black
0  11.604554 -10.191690 4.717215  0.277031 -0.250345 0.927675  0.670070 0.717931
0  9.173474 -12.371940 4.704075  0.221973 -0.306532 0.925616  0.656492 0.720526
0  9.729900 -13.137526 4.419450  0.311655 -0.426510 0.849094  0.656862 0.724745
chess_set_pieces_black
0  12.326580 -10.841041 4.465125  0.389299 -0.352055 0.851178  0.671328 0.722021
0  11.604554 -10.191690 4.717215  0.277031 -0.250345 0.927675  0.670070 0.717931
0  9.729900 -13.137526 4.419450  0.311655 -0.426510 0.849094  0.656862 0.724745
chess_set_pieces_black
0  13.520744 -7.552080 4.704255  0.329062 -0.187219 0.925563  0.682737 0.712536
0  11.604554 -10.191690 4.717215  0.277031 -0.250345 0.927675  0.670070 0.717931
0  12.326580 -10.841041 4.465125  0.389299 -0.352055 0.851178  0.671328 0.722021
chess_set_pieces_black
0  14.341410 -8.024895 4.424985  0.459629 -0.259579 0.849329  0.684768 0.716181
0  13.520744 -7.552080 4.704255  0.329062 -0.187219 0.925563  0.682737 0.712536
0  12.326580 -10.841041 4.465125  0.389299 -0.352055 0.851178  0.671328 0.722021
chess_set_pieces_black
0  14.854140 -4.570155 4.711005  0.356106 -0.118928 0.926847  0.694098 0.704590
0  13.520744 -7.552080 4.704255  0.329062 -0.187219 0.925563  0.682737 0.712536
0  14.341410 -8.024895 4.424985  0.459629 -0.259579 0.849329  0.684768 0.716181
chess_set_pieces_black
0  15.763724 -4.866165 4.445190  0.500133 -0.166381 0.849814  0.696888 0.707794
0  14.854140 -4.570155 4.711005  0.356106 -0.118928 0.926847  0.694098 0.704590
0  14.341410 -8.024895 4.424985  0.459629 -0.259579 0.849329  0.684768 0.716181
chess_set_pieces_black
0  -13.288364 -7.394670 4.940550  -0.868060 -0.495993 -0.021489  0.585157 0.653853
0  -14.614381 -4.468950 4.944240  -0.950594 -0.309777 -0.020243  0.586647 0.640348
0  -14.846670 -4.568310 4.706775  -0.369436 -0.122562 0.921138  0.585186 0.640121
chess_set_pieces_black
0  -13.517640 -7.549425 4.701420  -0.338354 -0.192918 0.921032  0.583602 0.653923
0  -13.288364 -7.394670 4.940550  -0.868060 -0.495993 -0.021489  0.585157 0.653853
0  -14.846670 -4.568310 4.706775  -0.369436 -0.122562 0.921138  0.585186 0.640121
chess_set_pieces_black
0  -11.436570 -10.017450 4.932720  -0.742630 -0.669300 -0.023198  0.586283 0.667372
0  -13.288364 -7.394670 4.940550  -0.868060 -0.495993 -0.021489  0.585157 0.653853
0  -13.517640 -7.549425 4.701420  -0.338354 -0.192918 0.921032  0.583602 0.653923
chess_set_pieces_black
0  -11.604870 -10.193535 4.709385  -0.284054 -0.254972 0.924285  0.584927 0.667727
0  -11.436570 -10.017450 4.932720  -0.742630 -0.669300 -0.023198  0.586283 0.667372
0  -13.517640 -7.549425 4.701420  -0.338354 -0.192918 0.921032  0.583602 0.653923
chess_set_pieces_black
0  -9.019710 -12.137086 4.938390  -0.589395 -0.807550 -0.021835  0.590501 0.680285
0  -11.436570 -10.017450 4.932720  -0.742630 -0.669300 -0.023198  0.586283 0.667372
0  -11.604870 -10.193535 4.709385  -0.284054 -0.254972 0.924285  0.584927 0.667727
chess_set_pieces_black
0  -9.174780 -12.372886 4.701555  -0.225970 -0.307874 0.924203  0.589082 0.680963
0  -9.019710 -12.137086 4.938390  -0.589395 -0.807550 -0.021835  0.590501 0.680285
0  -11.604870 -10.193535 4.709385  -0.284054 -0.254972 0.924285  0.584927 0.667727
chess_set_pieces_black
0  -6.268500 -13.797720 4.952745  -0.406030 -0.913605 -0.021558  0.597014 0.692246
0  -9.019710 -12.137086 4.938390  -0.589395 -0.807550 -0.021835  0.590501 0.680285
0  -9.174780 -12.372886 4.701555  -0.225970 -0.307874 0.924203  0.589082 0.680963
chess_set_pieces_black
0  -6.352065 -14.011695 4.715775  -0.154811 -0.345272 0.925646  0.595903 0.693092
0  -6.268500 -13.797720 4.952745  -0.406030 -0.913605 -0.021558  0.597014 0.692246
0  -9.174780 -12.372886 4.701555  -0.225970 -0.307874 0.924203  0.589082 0.680963
chess_set_pieces_black
0  -3.190455 -14.732550 4.935420  -0.210923 -0.977225 -0.023289  0.606162 0.702237
0  -6.268500 -13.797720 4.952745  -0.406030 -0.913605 -0.021558  0.597014 0.692246
0  -6.352065 -14.011695 4.715775  -0.154811 -0.345272 0.925646  0.595903 0.693092
chess_set_pieces_black
0  -3.245310 -15.011820 4.701015  -0.080287 -0.359538 0.929670  0.605123 0.703402
0  -3.190455 -14.732550 4.935420  -0.210923 -0.977225 -0.023289  0.606162 0.702237
0  -6.352065 -14.011695 4.715775  -0.154811 -0.345272 0.925646  0.595903 0.693092
chess_set_pieces_black
0  -0.001260 -15.147539 4.944375  0.000793 -0.999620 -0.027565  0.616739 0.710458
0  -3.190455 -14.732550 4.935420  -0.210923 -0.977225 -0.023289  0.606162 0.702237
0  -3.245310 -15.011820 4.701015  -0.080287 -0.359538 0.929670  0.605123 0.703402
chess_set_pieces_black
0  0.000090 -15.361515 4.716495  0.000475 -0.359946 0.932973  0.616081 0.711580
0  -0.001260 -15.147539 4.944375  0.000793 -0.999620 -0.027565  0.616739 0.710458
0  -3.245310 -15.011820 4.701015  -0.080287 -0.359538 0.929670  0.605123 0.703402
chess_set_pieces_black
0  3.189465 -14.728681 4.939245  0.210165 -0.977334 -0.025470  0.629084 0.715692
0  -0.001260 -15.147539 4.944375  0.000793 -0.999620 -0.027565  0.616739 0.710458
0  0.000090 -15.361515 4.716495  0.000475 -0.359946 0.932973  0.616081 0.711580
chess_set_pieces_black
0  3.244050 -15.007456 4.699350  0.080953 -0.363366 0.928123  0.628579 0.717194
0  3.189465 -14.728681 4.939245  0.210165 -0.977334 -0.025470  0.629084 0.715692
0  0.000090 -15.361515 4.716495  0.000475 -0.359946 0.932973  0.616081 0.711580
chess_set_pieces_black
0  6.270525 -13.800466 4.945590  0.406049 -0.913597 -0.021549  0.642525 0.718910
0  3.189465 -14.728681 4.939245  0.210165 -0.977334 -0.025470  0.629084 0.715692
0  3.244050 -15.007456 4.699350  0.080953 -0.363366 0.928123  0.628579 0.717194
chess_set_pieces_black
0  6.352560 -14.011695 4.716450  0.154204 -0.346383 0.925332  0.642318 0.720279
0  6.270525 -13.800466 4.945590  0.406049 -0.913597 -0.021549  0.642525 0.718910
0  3.244050 -15.007456 4.699350  0.080953 -0.363366 0.928123  0.628579 0.717194
chess_set_pieces_black
0  9.016425 -12.133935 4.937895  0.588608 -0.808148 -0.020928  0.656439 0.718943
0  6.270525 -13.800466 4.945590  0.406049 -0.913597 -0.021549  0.642525 0.718910
0  6.352560 -14.011695 4.716450  0.154204 -0.346383 0.925332  0.642318 0.720279
chess_set_pieces_black
0  9.173474 -12.371940 4.704075  0.221973 -0.306532 0.925616  0.656492 0.720526
0  9.016425 -12.133935 4.937895  0.588608 -0.808148 -0.020928  0.656439 0.718943
0  6.352560 -14.011695 4.716450  0.154204 -0.346383 0.925332  0.642318 0.720279
chess_set_pieces_black
0  -15.749280 -4.861305 4.424490  -0.502294 -0.168219 0.848177  0.581038 0.639195
0  -16.485571 -1.478205 4.439520  -0.522158 -0.055233 0.851059  0.585689 0.625120
0  -16.635960 -1.492695 4.029795  -0.993248 -0.105616 0.047992  0.583927 0.624312
chess_set_pieces_black
0  -15.891345 -4.908645 4.027860  -0.948314 -0.313443 0.049529  0.579247 0.638814
0  -15.749280 -4.861305 4.424490  -0.502294 -0.168219 0.848177  0.581038 0.639195
0  -16.635960 -1.492695 4.029795  -0.993248 -0.105616 0.047992  0.583927 0.624312
chess_set_pieces_black
0  -14.333310 -8.020035 4.414950  -0.461779 -0.264295 0.846705  0.579428 0.653886
0  -15.749280 -4.861305 4.424490  -0.502294 -0.168219 0.848177  0.581038 0.639195
0  -15.891345 -4.908645 4.027860  -0.948314 -0.313443 0.049529  0.579247 0.638814
chess_set_pieces_black
0  -14.456970 -8.090685 4.025880  -0.866008 -0.497828 0.046872  0.577597 0.653861
0  -14.333310 -8.020035 4.414950  -0.461779 -0.264295 0.846705  0.579428 0.653886
0  -15.891345 -4.908645 4.027860  -0.948314 -0.313443 0.049529  0.579247 0.638814
chess_set_pieces_black
0  -12.322035 -10.837620 4.439475  -0.395532 -0.352833 0.847976  0.580707 0.668580
0  -14.333310 -8.020035 4.414950  -0.461779 -0.264295 0.846705  0.579428 0.653886
0  -14.456970 -8.090685 4.025880  -0.866008 -0.497828 0.046872  0.577597 0.653861
chess_set_pieces_black
0  -12.433906 -10.940535 4.029615  -0.739527 -0.671981 0.039259  0.578866 0.668957
0  -12.322035 -10.837620 4.439475  -0.395532 -0.352833 0.847976  0.580707 0.668580
0  -14.456970 -8.090685 4.025880  -0.866008 -0.497828 0.046872  0.577597 0.653861
chess_set_pieces_black
0  -9.733140 -13.141576 4.420575  -0.312731 -0.430701 0.846579  0.585212 0.682633
0  -12.322035 -10.837620 4.439475  -0.395532 -0.352833 0.847976  0.580707 0.668580
0  -12.433906 -10.940535 4.029615  -0.739527 -0.671981 0.039259  0.578866 0.668957
chess_set_pieces_black
0  -9.811530 -13.247459 4.026240  -0.584271 -0.811036 0.029123  0.583537 0.683343
0  -9.733140 -13.141576 4.420575  -0.312731 -0.430701 0.846579  0.585212 0.682633
0  -12.433906 -10.940535 4.029615  -0.739527 -0.671981 0.039259  0.578866 0.668957
chess_set_pieces_black
0  -6.748380 -14.899904 4.453065  -0.218037 -0.482568 0.848285  0.592394 0.695596
0  -9.733140 -13.141576 4.420575  -0.312731 -0.430701 0.846579  0.585212 0.682633
0  -9.811530 -13.247459 4.026240  -0.584271 -0.811036 0.029123  0.583537 0.683343
chess_set_pieces_black
0  -6.806340 -15.031891 4.030155  -0.411112 -0.911187 0.026911  0.590790 0.696745
0  -6.748380 -14.899904 4.453065  -0.218037 -0.482568 0.848285  0.592394 0.695596
0  -9.811530 -13.247459 4.026240  -0.584271 -0.811036 0.029123  0.583537 0.683343
chess_set_pieces_black
0  -3.444750 -15.950970 4.432860  -0.115625 -0.509650 0.852577  0.602289 0.706509
0  -6.748380 -14.899904 4.453065  -0.218037 -0.482568 0.848285  0.592394 0.695596
0  -6.806340 -15.031891 4.030155  -0.411112 -0.911187 0.026911  0.590790 0.696745
chess_set_pieces_black
0  -3.474630 -16.091866 4.028805  -0.221834 -0.974315 0.038741  0.601036 0.707880
0  -3.444750 -15.950970 4.432860  -0.115625 -0.509650 0.852577  0.602289 0.706509
0  -6.806340 -15.031891 4.030155  -0.411112 -0.911187 0.026911  0.590790 0.696745
chess_set_pieces_black
0  0.000765 -16.342560 4.498515  0.001047 -0.514134 0.857709  0.613929 0.715235
0  -3.444750 -15.950970 4.432860  -0.115625 -0.509650 0.852577  0.602289 0.706509
0  -3.474630 -16.091866 4.028805  -0.221834 -0.974315 0.038741  0.601036 0.707880
chess_set_pieces_black
0  0.000585 -16.547626 4.034070  -0.000430 -0.998836 0.048243  0.612836 0.717088
0  0.000765 -16.342560 4.498515  0.001047 -0.514134 0.857709  0.613929 0.715235
0  -3.474630 -16.091866 4.028805  -0.221834 -0.974315 0.038741  0.601036 0.707880
chess_set_pieces_black
0  3.443490 -15.945299 4.423455  0.113084 -0.508977 0.853319  0.627230 0.721218
0  0.000765 -16.342560 4.498515  0.001047 -0.514134 0.857709  0.613929 0.715235
0  0.000585 -16.547626 4.034070  -0.000430 -0.998836 0.048243  0.612836 0.717088
chess_set_pieces_black
0  3.473820 -16.087410 4.027410  0.220420 -0.974577 0.040190  0.626644 0.722964
0  3.443490 -15.945299 4.423455  0.113084 -0.508977 0.853319  0.627230 0.721218
0  0.000585 -16.547626 4.034070  -0.000430 -0.998836 0.048243  0.612836 0.717088
chess_set_pieces_black
0  6.747300 -14.894774 4.454460  0.213108 -0.481078 0.850381  0.641803 0.724617
0  3.443490 -15.945299 4.423455  0.113084 -0.508977 0.853319  0.627230 0.721218
0  3.473820 -16.087410 4.027410  0.220420 -0.974577 0.040190  0.626644 0.722964
chess_set_pieces_black
0  6.812190 -15.044670 4.030965  0.409139 -0.912010 0.029022  0.641552 0.726607
0  6.747300 -14.894774 4.454460  0.213108 -0.481078 0.850381  0.641803 0.724617
0  3.473820 -16.087410 4.027410  0.220420 -0.974577 0.040190  0.626644 0.722964
chess_set_pieces_black
0  9.729900 -13.137526 4.419450  0.311655 -0.426510 0.849094  0.656862 0.724745
0  6.747300 -14.894774 4.454460  0.213108 -0.481078 0.850381  0.641803 0.724617
0  6.812190 -15.044670 4.030965  0.409139 -0.912010 0.029022  0.641552 0.726607
chess_set_pieces_black
0  9.816840 -13.254391 4.026825  0.585926 -0.809789 0.030543  0.657035 0.726606
0  9.729900 -13.137526 4.419450  0.311655 -0.426510 0.849094  0.656862 0.724745
0  6.812190 -15.044670 4.030965  0.409139 -0.912010 0.029022  0.641552 0.726607
chess_set_pieces_black
0  12.326580 -10.841041 4.465125  0.389299 -0.352055 0.851178  0.671328 0.722021
0  9.729900 -13.137526 4.419450  0.311655 -0.426510 0.849094  0.656862 0.724745
0  9.816840 -13.254391 4.026825  0.585926 -0.809789 0.030543  0.657035 0.726606
chess_set_pieces_black
0  12.455640 -10.958850 4.031730  0.738432 -0.673112 0.040484  0.671911 0.723934
0  12.326580 -10.841041 4.465125  0.389299 -0.352055 0.851178  0.671328 0.722021
0  9.816840 -13.254391 4.026825  0.585926 -0.809789 0.030543  0.657035 0.726606
chess_set_pieces_black
0  14.341410 -8.024895 4.424985  0.459629 -0.259579 0.849329  0.684768 0.716181
0  12.326580 -10.841041 4.465125  0.389299 -0.352055 0.851178  0.671328 0.722021
0  12.455640 -10.958850 4.031730  0.738432 -0.673112 0.040484  0.671911 0.723934
chess_set_pieces_black
0  14.470245 -8.098425 4.027905  0.865725 -0.498191 0.048216  0.685681 0.717807
0  14.341410 -8.024895 4.424985  0.459629 -0.259579 0.849329  0.684768 0.716181
0  12.455640 -10.958850 4.031730  0.738432 -0.673112 0.040484  0.671911 0.723934
chess_set_pieces_black
0  15.763724 -4.866165 4.445190  0.500133 -0.166381 0.849814  0.696888 0.707794
0  14.341410 -8.024895 4.424985  0.459629 -0.259579 0.849329  0.684768 0.716181
0  14.470245 -8.098425 4.027905  0.865725 -0.498191 0.048216  0.685681 0.717807
chess_set_pieces_black
0  15.915060 -4.915755 4.029930  0.948846 -0.311840 0.049477  0.698133 0.709251
0  15.763724 -4.866165 4.445190  0.500133 -0.166381 0.849814  0.696888 0.707794
0  14.470245 -8.098425 4.027905  0.865725 -0.498191 0.048216  0.685681 0.717807
chess_set_pieces_black
0  16.494076 -1.480050 4.456935  0.523079 -0.053570 0.850599  0.707019 0.696999
0  15.763724 -4.866165 4.445190  0.500133 -0.166381 0.849814  0.696888 0.707794
0  15.915060 -4.915755 4.029930  0.948846 -0.311840 0.049477  0.698133 0.709251
chess_set_pieces_black
0  16.642889 -1.493415 4.030200  0.993843 -0.101231 0.045035  0.708633 0.698196
0  16.494076 -1.480050 4.456935  0.523079 -0.053570 0.850599  0.707019 0.696999
0  15.915060 -4.915755 4.029930  0.948846 -0.311840 0.049477  0.698133 0.709251
chess_set_pieces_black
0  16.479586 1.988505 4.429125  0.523621 0.056672 0.850065  0.714618 0.684166
0  16.494076 -1.480050 4.456935  0.523079 -0.053570 0.850599  0.707019 0.696999
0  16.642889 -1.493415 4.030200  0.993843 -0.101231 0.045035  0.708633 0.698196
chess_set_pieces_black
0  16.622820 2.001960 4.028310  0.993738 0.103132 0.043002  0.716318 0.684951
0  16.479586 1.988505 4.429125  0.523621 0.056672 0.850065  0.714618 0.684166
0  16.642889 -1.493415 4.030200  0.993843 -0.101231 0.045035  0.708633 0.698196
chess_set_pieces_black
0  15.774480 5.377770 4.456620  0.498086 0.159794 0.852277  0.719413 0.670153
0  16.479586 1.988505 4.429125  0.523621 0.056672 0.850065  0.714618 0.684166
0  16.622820 2.001960 4.028310  0.993738 0.103132 0.043002  0.716318 0.684951
chess_set_pieces_black
0  15.922979 5.429250 4.030605  0.950074 0.309108 0.042547  0.721351 0.670570
0  15.774480 5.377770 4.456620  0.498086 0.159794 0.852277  0.719413 0.670153
0  16.622820 2.001960 4.028310  0.993738 0.103132 0.043002  0.716318 0.684951
chess_set_pieces_black
0  14.354054 8.544195 4.435245  0.451807 0.267789 0.850975  0.721078 0.655493
0  15.774480 5.377770 4.456620  0.498086 0.159794 0.852277  0.719413 0.670153
0  15.922979 5.429250 4.030605  0.950074 0.309108 0.042547  0.721351 0.670570
chess_set_pieces_black
0  14.476950 8.612280 4.029075  0.861820 0.505869 0.036919  0.722920 0.655511
0  14.354054 8.544195 4.435245  0.451807 0.267789 0.850975  0.721078 0.655493
0  15.922979 5.429250 4.030605  0.950074 0.309108 0.042547  0.721351 0.670570
chess_set_pieces_black
0  12.305969 11.334960 4.420305  0.393235 0.355209 0.848052  0.719654 0.640883
0  14.354054 8.544195 4.435245  0.451807 0.267789 0.850975  0.721078 0.655493
0  14.476950 8.612280 4.029075  0.861820 0.505869 0.036919  0.722920 0.655511
chess_set_pieces_black
0  12.408661 11.428201 4.027185  0.742526 0.669021 0.032651  0.721433 0.640532
0  12.305969 11.334960 4.420305  0.393235 0.355209 0.848052  0.719654 0.640883
0  14.476950 8.612280 4.029075  0.861820 0.505869 0.036919  0.722920 0.655511
chess_set_pieces_black
0  -9.176850 12.888676 5.351535  -0.475248 0.639062 -0.604764  0.137565 0.174999
0  -6.363945 14.545845 5.312340  -0.319246 0.723960 -0.611526  0.136120 0.188223
0  -6.249690 14.312250 4.936230  -0.405253 0.913830 -0.026172  0.137967 0.188441
chess_set_pieces_black
0  -8.998830 12.665476 4.936140  -0.589994 0.806975 -0.026443  0.139614 0.175334
0  -9.176850 12.888676 5.351535  -0.475248 0.639062 -0.604764  0.137565 0.174999
0  -6.249690 14.312250 4.936230  -0.405253 0.913830 -0.026172  0.137967 0.188441
chess_set_pieces_black
0  -11.617425 10.714860 5.334660  -0.604279 0.537720 -0.587966  0.139698 0.161647
0  -9.176850 12.888676 5.351535  -0.475248 0.639062 -0.604764  0.137565 0.174999
0  -8.998830 12.665476 4.936140  -0.589994 0.806975 -0.026443  0.139614 0.175334
chess_set_pieces_black
0  -11.411236 10.552410 4.934295  -0.742094 0.669844 -0.024609  0.141651 0.162072
0  -11.617425 10.714860 5.334660  -0.604279 0.537720 -0.587966  0.139698 0.161647
0  -8.998830 12.665476 4.936140  -0.589994 0.806975 -0.026443  0.139614 0.175334
chess_set_pieces_black
0  -13.524435 8.065619 5.351940  -0.712920 0.403776 -0.573333  0.142351 0.148249
0  -11.617425 10.714860 5.334660  -0.604279 0.537720 -0.587966  0.139698 0.161647
0  -11.411236 10.552410 4.934295  -0.742094 0.669844 -0.024609  0.141651 0.162072
chess_set_pieces_black
0  -13.267170 7.939485 4.937175  -0.866418 0.498798 -0.022794  0.144410 0.148792
0  -13.524435 8.065619 5.351940  -0.712920 0.403776 -0.573333  0.142351 0.148249
0  -11.411236 10.552410 4.934295  -0.742094 0.669844 -0.024609  0.141651 0.162072
chess_set_pieces_black
0  -14.860214 5.081985 5.348970  -0.785805 0.252480 -0.564593  0.145634 0.134806
0  -13.524435 8.065619 5.351940  -0.712920 0.403776 -0.573333  0.142351 0.148249
0  -13.267170 7.939485 4.937175  -0.866418 0.498798 -0.022794  0.144410 0.148792
chess_set_pieces_black
0  -14.603490 5.021730 4.938750  -0.950539 0.310174 -0.016347  0.147621 0.135434
0  -14.860214 5.081985 5.348970  -0.785805 0.252480 -0.564593  0.145634 0.134806
0  -13.267170 7.939485 4.937175  -0.866418 0.498798 -0.022794  0.144410 0.148792
chess_set_pieces_black
0  -15.528015 1.889010 5.360850  -0.817169 0.086799 -0.569825  0.149478 0.121379
0  -14.860214 5.081985 5.348970  -0.785805 0.252480 -0.564593  0.145634 0.134806
0  -14.603490 5.021730 4.938750  -0.950539 0.310174 -0.016347  0.147621 0.135434
chess_set_pieces_black
0  -15.256619 1.883385 4.943025  -0.994551 0.103317 -0.013898  0.151502 0.122112
0  -15.528015 1.889010 5.360850  -0.817169 0.086799 -0.569825  0.149478 0.121379
0  -14.603490 5.021730 4.938750  -0.950539 0.310174 -0.016347  0.147621 0.135434
chess_set_pieces_black
0  -15.535305 -1.378125 5.348880  -0.808923 -0.082053 -0.582161  0.153960 0.107993
0  -15.528015 1.889010 5.360850  -0.817169 0.086799 -0.569825  0.149478 0.121379
0  -15.256619 1.883385 4.943025  -0.994551 0.103317 -0.013898  0.151502 0.122112
chess_set_pieces_black
0  -15.265755 -1.326690 4.942845  -0.994739 -0.100755 -0.018500  0.155939 0.108800
0  -15.535305 -1.378125 5.348880  -0.808923 -0.082053 -0.582161  0.153960 0.107993
0  -15.256619 1.883385 4.943025  -0.994551 0.103317 -0.013898  0.151502 0.122112
chess_set_pieces_black
0  -14.861025 -4.571685 5.344650  -0.768757 -0.252254 -0.587691  0.158948 0.094648
0  -15.535305 -1.378125 5.348880  -0.808923 -0.082053 -0.582161  0.153960 0.107993
0  -15.265755 -1.326690 4.942845  -0.994739 -0.100755 -0.018500  0.155939 0.108800
chess_set_pieces_black
0  -14.614381 -4.468950 4.944240  -0.950593 -0.309780 -0.020219  0.160885 0.095516
0  -14.861025 -4.571685 5.344650  -0.768757 -0.252254 -0.587691  0.158948 0.094648
0  -15.265755 -1.326690 4.942845  -0.994739 -0.100755 -0.018500  0.155939 0.108800
chess_set_pieces_black
0  -13.524345 -7.554195 5.350320  -0.699362 -0.398017 -0.593697  0.164493 0.081306
0  -14.861025 -4.571685 5.344650  -0.768757 -0.252254 -0.587691  0.158948 0.094648
0  -14.614381 -4.468950 4.944240  -0.950593 -0.309780 -0.020219  0.160885 0.095516
chess_set_pieces_black
0  -13.288364 -7.394670 4.940550  -0.868043 -0.496024 -0.021481  0.166490 0.082289
0  -13.524345 -7.554195 5.350320  -0.699362 -0.398017 -0.593697  0.164493 0.081306
0  -14.614381 -4.468950 4.944240  -0.950593 -0.309780 -0.020219  0.160885 0.095516
chess_set_pieces_black
0  -11.623050 -10.208250 5.320800  -0.592046 -0.534584 -0.603076  0.170719 0.068148
0  -13.524345 -7.554195 5.350320  -0.699362 -0.398017 -0.593697  0.164493 0.081306
0  -13.288364 -7.394670 4.940550  -0.868043 -0.496024 -0.021481  0.166490 0.082289
chess_set_pieces_black
0  -11.436570 -10.017450 4.932720  -0.742606 -0.669326 -0.023206  0.172584 0.069140
0  -11.623050 -10.208250 5.320800  -0.592046 -0.534584 -0.603076  0.170719 0.068148
0  -13.288364 -7.394670 4.940550  -0.868043 -0.496024 -0.021481  0.166490 0.082289
end
