PRT1
554
1485
4 0 2 (181.714020 1024 348 ) (0 1024 348 ) (0 1024 -276 ) (181.714020 1024 -276 ) 
4 0 1 (0 1024 -276 ) (0 1024 348 ) (0 1059 348 ) (0 1059 -276 ) 
4 1 263 (-869.714050 1024 -56 ) (-869.714050 1024 -276 ) (-459.211029 1024 -276 ) (-459.211029 1024 -56 ) 
4 1 257 (-437 1024 -276 ) (-426.211029 1024 -276 ) (-426.211029 1024 -56 ) (-437 1024 -56 ) 
4 1 260 (-459.211029 1024 -276 ) (-437 1024 -276 ) (-437 1024 -56 ) (-459.211029 1024 -56 ) 
4 1 241 (-869.714050 1024 72 ) (-869.714050 1024 -56 ) (-469 1024 -56 ) (-469 1024 72 ) 
4 1 240 (-469 1024 -56 ) (-437 1024 -56 ) (-437 1024 72 ) (-469 1024 72 ) 
4 1 238 (-437 1024 -56 ) (-426.211029 1024 -56 ) (-426.211029 1024 72 ) (-437 1024 72 ) 
4 1 237 (-426.211029 1024 348 ) (-869.714050 1024 348 ) (-869.714050 1024 72 ) (-426.211029 1024 72 ) 
4 1 236 (-426.211029 1024 -72 ) (-426.211029 1024 -276 ) (-334.210999 1024 -276 ) (-334.210999 1024 -72 ) 
4 1 229 (-426.211029 1024 -56 ) (-426.211029 1024 -72 ) (-334.210999 1024 -72 ) (-334.210999 1024 -56 ) 
4 1 186 (-426.211029 1024 -54 ) (-426.211029 1024 -56 ) (-334.210999 1024 -56 ) (-334.210999 1024 -54 ) 
4 1 163 (-426.211029 1024 42 ) (-426.211029 1024 -54 ) (-334.210999 1024 -54 ) (-334.210999 1024 42 ) 
4 1 148 (-426.211029 1024 54 ) (-426.211029 1024 42 ) (-334.210999 1024 42 ) (-334.210999 1024 54 ) 
4 1 67 (-426.211029 1024 57 ) (-426.211029 1024 54 ) (-334.210999 1024 54 ) (-334.210999 1024 57 ) 
4 1 63 (-426.211029 1024 72 ) (-426.211029 1024 57 ) (-334.210999 1024 57 ) (-334.210999 1024 72 ) 
4 1 62 (-334.210999 1024 348 ) (-426.211029 1024 348 ) (-426.211029 1024 72 ) (-334.210999 1024 72 ) 
4 1 61 (0 1024 -276 ) (0 1024 -72 ) (-334.210999 1024 -72 ) (-334.210999 1024 -276 ) 
4 1 59 (-309 1024 -63 ) (-334.210999 1024 -63 ) (-334.210999 1024 -72 ) (-309 1024 -72 ) 
4 1 58 (0 1024 -72 ) (0 1024 -63 ) (-309 1024 -63 ) (-309 1024 -72 ) 
4 1 56 (-315.210999 1024 -56 ) (-334.210999 1024 -56 ) (-334.210999 1024 -63 ) (-315.210999 1024 -63 ) 
4 1 47 (-309 1024 -56 ) (-315.210999 1024 -56 ) (-315.210999 1024 -63 ) (-309 1024 -63 ) 
4 1 46 (0 1024 -63 ) (0 1024 -56 ) (-309 1024 -56 ) (-309 1024 -63 ) 
4 1 8 (-309 1024 72 ) (-334.210999 1024 72 ) (-334.210999 1024 -56 ) (-309 1024 -56 ) 
4 1 6 (-277 1024 72 ) (-309 1024 72 ) (-309 1024 -56 ) (-277 1024 -56 ) 
4 1 5 (0 1024 -56 ) (0 1024 72 ) (-277 1024 72 ) (-277 1024 -56 ) 
4 1 4 (0 1024 72 ) (0 1024 348 ) (-334.210999 1024 348 ) (-334.210999 1024 72 ) 
4 2 61 (0 1024 -72 ) (0 1024 -276 ) (0 0 -276 ) (0 0 -72 ) 
4 2 58 (0 1024 -63 ) (0 1024 -72 ) (0 0 -72 ) (0 0 -63 ) 
4 2 53 (0 347.795990 -63 ) (0 0 -63 ) (0 0 -56 ) (0 347.795990 -56 ) 
4 2 50 (0 594 -63 ) (0 347.795990 -63 ) (0 347.795990 -56 ) (0 594 -56 ) 
4 2 48 (0 615 -63 ) (0 594 -63 ) (0 594 -56 ) (0 615 -56 ) 
4 2 46 (0 1024 -56 ) (0 1024 -63 ) (0 615 -63 ) (0 615 -56 ) 
4 2 24 (0 441.795990 -56 ) (0 0 -56 ) (0 0 57 ) (0 441.795990 57 ) 
4 2 23 (0 0 57 ) (0 0 348 ) (0 441.795990 348 ) (0 441.795990 57 ) 
4 2 17 (0 494.795990 -56 ) (0 441.795990 -56 ) (0 441.795990 42 ) (0 494.795990 42 ) 
4 2 15 (0 441.795990 42 ) (0 441.795990 57 ) (0 494.795990 57 ) (0 494.795990 42 ) 
4 2 14 (0 441.795990 57 ) (0 441.795990 348 ) (0 494.795990 348 ) (0 494.795990 57 ) 
4 2 5 (0 1024 72 ) (0 1024 -56 ) (0 494.795990 -56 ) (0 494.795990 72 ) 
4 2 4 (0 1024 348 ) (0 1024 72 ) (0 494.795990 72 ) (0 494.795990 348 ) 
4 2 3 (181.714020 0 348 ) (0 0 348 ) (0 0 -276 ) (181.714020 0 -276 ) 
4 3 542 (0 0 -63 ) (0 0 -276 ) (0 -899 -276 ) (0 -899 -63 ) 
4 3 537 (0 0 -56 ) (0 0 -63 ) (0 -899 -63 ) (0 -899 -56 ) 
4 3 307 (0 0 57 ) (0 0 -56 ) (0 -899 -56 ) (0 -899 57 ) 
4 3 306 (0 -899 348 ) (0 0 348 ) (0 0 57 ) (0 -899 57 ) 
4 4 75 (-334.210999 539.885010 72 ) (-334.210999 494.795990 72 ) (-334.210999 494.795990 348 ) (-334.210999 539.885010 348 ) 
4 4 62 (-334.210999 1024 348 ) (-334.210999 1024 72 ) (-334.210999 539.885010 72 ) (-334.210999 539.885010 348 ) 
4 4 16 (-334.210999 494.795990 348 ) (-334.210999 494.795990 72 ) (-315.210999 494.795990 72 ) (-315.210999 494.795990 348 ) 
4 4 14 (-315.210999 494.795990 72 ) (0 494.795990 72 ) (0 494.795990 348 ) (-315.210999 494.795990 348 ) 
4 4 13 (-315.210999 494.795990 72 ) (-334.210999 494.795990 72 ) (-334.210999 594 72 ) (-315.210999 594 72 ) 
4 4 12 (-309 494.795990 72 ) (-315.210999 494.795990 72 ) (-315.210999 594 72 ) (-309 594 72 ) 
4 4 11 (-334.210999 594 72 ) (-334.210999 599 72 ) (-314 599 72 ) (-314 594 72 ) 
4 4 10 (-309 599 72 ) (-309 594 72 ) (-314 594 72 ) (-314 599 72 ) 
4 4 9 (-334.210999 615 72 ) (-334.210999 743 72 ) (-309 743 72 ) (-309 615 72 ) 
4 4 8 (-334.210999 775 72 ) (-334.210999 1024 72 ) (-309 1024 72 ) (-309 775 72 ) 
4 4 6 (-309 743 72 ) (-309 1024 72 ) (-277 1024 72 ) (-277 743 72 ) 
4 4 7 (-277 494.795990 72 ) (-309 494.795990 72 ) (-309 615 72 ) (-277 615 72 ) 
4 4 5 (0 494.795990 72 ) (-277 494.795990 72 ) (-277 1024 72 ) (0 1024 72 ) 
4 5 50 (0 594 -56 ) (0 494.795990 -56 ) (-277 494.795990 -56 ) (-277 594 -56 ) 
4 5 48 (0 615 -56 ) (0 594 -56 ) (-277 594 -56 ) (-277 615 -56 ) 
4 5 46 (-277 1024 -56 ) (0 1024 -56 ) (0 615 -56 ) (-277 615 -56 ) 
4 5 17 (-277 494.795990 -56 ) (0 494.795990 -56 ) (0 494.795990 42 ) (-277 494.795990 42 ) 
4 5 15 (0 494.795990 42 ) (0 494.795990 57 ) (-277 494.795990 57 ) (-277 494.795990 42 ) 
4 5 14 (0 494.795990 57 ) (0 494.795990 72 ) (-277 494.795990 72 ) (-277 494.795990 57 ) 
4 5 6 (-277 1024 -56 ) (-277 743 -56 ) (-277 743 72 ) (-277 1024 72 ) 
4 5 7 (-277 615 -56 ) (-277 494.795990 -56 ) (-277 494.795990 72 ) (-277 615 72 ) 
4 6 46 (-309 1024 -56 ) (-277 1024 -56 ) (-277 743 -56 ) (-309 743 -56 ) 
4 6 8 (-309 1024 -56 ) (-309 775 -56 ) (-309 775 72 ) (-309 1024 72 ) 
4 7 50 (-277 594 -56 ) (-277 494.795990 -56 ) (-309 494.795990 -56 ) (-309 594 -56 ) 
4 7 48 (-277 615 -56 ) (-277 594 -56 ) (-309 594 -56 ) (-309 615 -56 ) 
4 7 17 (-309 494.795990 -56 ) (-277 494.795990 -56 ) (-277 494.795990 42 ) (-309 494.795990 42 ) 
4 7 15 (-277 494.795990 42 ) (-277 494.795990 57 ) (-309 494.795990 57 ) (-309 494.795990 42 ) 
4 7 14 (-277 494.795990 57 ) (-277 494.795990 72 ) (-309 494.795990 72 ) (-309 494.795990 57 ) 
4 7 12 (-309 594 -56 ) (-309 494.795990 -56 ) (-309 494.795990 72 ) (-309 594 72 ) 
4 7 10 (-309 599 -56 ) (-309 594 -56 ) (-309 594 72 ) (-309 599 72 ) 
4 8 186 (-334.210999 1024 -54 ) (-334.210999 1024 -56 ) (-334.210999 775 -56 ) (-334.210999 775 -54 ) 
4 8 163 (-334.210999 1024 42 ) (-334.210999 1024 -54 ) (-334.210999 775 -54 ) (-334.210999 775 42 ) 
4 8 148 (-334.210999 1024 54 ) (-334.210999 1024 42 ) (-334.210999 775 42 ) (-334.210999 775 54 ) 
4 8 67 (-334.210999 1024 57 ) (-334.210999 1024 54 ) (-334.210999 775 54 ) (-334.210999 775 57 ) 
4 8 63 (-334.210999 1024 72 ) (-334.210999 1024 57 ) (-334.210999 775 57 ) (-334.210999 775 72 ) 
4 8 56 (-334.210999 775 -56 ) (-334.210999 1024 -56 ) (-315.210999 1024 -56 ) (-315.210999 775 -56 ) 
4 8 47 (-315.210999 1024 -56 ) (-309 1024 -56 ) (-309 775 -56 ) (-315.210999 775 -56 ) 
4 9 187 (-334.210999 743 -56 ) (-334.210999 615 -56 ) (-334.210999 615 -54 ) (-334.210999 743 -54 ) 
4 9 164 (-334.210999 615 -54 ) (-334.210999 615 42 ) (-334.210999 743 42 ) (-334.210999 743 -54 ) 
4 9 149 (-334.210999 615 42 ) (-334.210999 615 54 ) (-334.210999 743 54 ) (-334.210999 743 42 ) 
4 9 68 (-334.210999 615 54 ) (-334.210999 615 57 ) (-334.210999 743 57 ) (-334.210999 743 54 ) 
4 9 64 (-334.210999 615 57 ) (-334.210999 615 72 ) (-334.210999 743 72 ) (-334.210999 743 57 ) 
4 10 48 (-309 599 -56 ) (-309 594 -56 ) (-314 594 -56 ) (-314 599 -56 ) 
4 10 12 (-314 594 -56 ) (-309 594 -56 ) (-309 594 72 ) (-314 594 72 ) 
4 10 11 (-314 594 57 ) (-314 594 72 ) (-314 599 72 ) (-314 599 57 ) 
4 11 65 (-334.210999 594 57 ) (-334.210999 594 72 ) (-334.210999 599 72 ) (-334.210999 599 57 ) 
4 11 13 (-315.210999 594 72 ) (-334.210999 594 72 ) (-334.210999 594 57 ) (-315.210999 594 57 ) 
4 11 12 (-314 594 57 ) (-314 594 72 ) (-315.210999 594 72 ) (-315.210999 594 57 ) 
4 12 51 (-315.210999 594 -56 ) (-312.210999 594 -56 ) (-312.210999 494.795990 -56 ) (-315.210999 494.795990 -56 ) 
4 12 50 (-312.210999 594 -56 ) (-309 594 -56 ) (-309 494.795990 -56 ) (-312.210999 494.795990 -56 ) 
4 12 17 (-312.210999 494.795990 -56 ) (-309 494.795990 -56 ) (-309 494.795990 42 ) (-312.210999 494.795990 42 ) 
4 12 15 (-309 494.795990 42 ) (-309 494.795990 57 ) (-312.210999 494.795990 57 ) (-312.210999 494.795990 42 ) 
4 12 14 (-309 494.795990 57 ) (-309 494.795990 72 ) (-315.210999 494.795990 72 ) (-315.210999 494.795990 57 ) 
4 12 13 (-315.210999 594 72 ) (-315.210999 594 57 ) (-315.210999 494.795990 57 ) (-315.210999 494.795990 72 ) 
4 13 75 (-334.210999 494.795990 68 ) (-334.210999 494.795990 72 ) (-334.210999 539.885010 72 ) (-334.210999 539.885010 68 ) 
4 13 66 (-334.210999 539.885010 72 ) (-334.210999 594 72 ) (-334.210999 594 68 ) (-334.210999 539.885010 68 ) 
4 13 16 (-334.210999 494.795990 72 ) (-334.210999 494.795990 62 ) (-315.210999 494.795990 62 ) (-315.210999 494.795990 72 ) 
4 14 23 (0 441.795990 57 ) (0 441.795990 348 ) (-315.210999 441.795990 348 ) (-315.210999 441.795990 57 ) 
4 14 16 (-315.210999 494.795990 348 ) (-315.210999 494.795990 62 ) (-315.210999 441.795990 62 ) (-315.210999 441.795990 348 ) 
4 14 15 (0 441.795990 57 ) (-312.210999 441.795990 57 ) (-312.210999 494.795990 57 ) (0 494.795990 57 ) 
4 15 24 (-312.210999 441.795990 42 ) (0 441.795990 42 ) (0 441.795990 57 ) (-312.210999 441.795990 57 ) 
4 15 17 (0 441.795990 42 ) (-312.210999 441.795990 42 ) (-312.210999 494.795990 42 ) (0 494.795990 42 ) 
4 16 75 (-334.210999 494.795990 348 ) (-334.210999 494.795990 68 ) (-334.210999 441.795990 68 ) (-334.210999 441.795990 348 ) 
4 16 29 (-334.210999 441.795990 68 ) (-334.210999 441.795990 62 ) (-315.210999 441.795990 62 ) (-315.210999 441.795990 68 ) 
4 16 28 (-334.210999 441.795990 348 ) (-334.210999 441.795990 68 ) (-315.210999 441.795990 68 ) (-315.210999 441.795990 348 ) 
4 17 50 (-312.210999 494.795990 -56 ) (0 494.795990 -56 ) (0 441.795990 -56 ) (-312.210999 441.795990 -56 ) 
4 17 24 (-312.210999 441.795990 -56 ) (0 441.795990 -56 ) (0 441.795990 42 ) (-312.210999 441.795990 42 ) 
4 18 19 (-316 488 42 ) (-316 488 32.126999 ) (-315.210999 488 32.126999 ) (-315.210999 488 42 ) 
4 18 21 (-316 488 42 ) (-316 494.795990 42 ) (-316 494.795990 -56 ) (-316 488 -56 ) 
4 19 21 (-316 451.044037 42 ) (-316 488 42 ) (-316 488 32.126999 ) (-316 451.044037 32.126999 ) 
4 19 20 (-316 451.044037 42 ) (-316 451.044037 32.126999 ) (-315.210999 451.044037 32.126999 ) (-315.210999 451.044037 42 ) 
4 20 21 (-316 441.795990 -56 ) (-316 441.795990 42 ) (-316 451.044037 42 ) (-316 451.044037 -56 ) 
4 21 22 (-331.210999 494.427002 -56 ) (-331.210999 442.161987 -56 ) (-331.210999 442.161987 41.633999 ) (-331.210999 494.427002 41.633999 ) 
4 22 196 (-334.210999 494.427002 -56 ) (-334.210999 442.161987 -56 ) (-334.210999 442.161987 -54 ) (-334.210999 494.427002 -54 ) 
4 22 169 (-334.210999 442.161987 -54 ) (-334.210999 442.161987 41.633999 ) (-334.210999 494.427002 41.633999 ) (-334.210999 494.427002 -54 ) 
4 23 306 (0 0 57 ) (0 0 348 ) (-315.210999 0 348 ) (-315.210999 0 57 ) 
4 23 34 (-315.210999 43.795700 62 ) (-315.210999 43.795700 68 ) (-315.210999 96.795700 68 ) (-315.210999 96.795700 62 ) 
4 23 33 (-315.210999 197.884995 57 ) (-315.210999 96.795700 57 ) (-315.210999 96.795700 68 ) (-315.210999 197.884995 68 ) 
4 23 35 (-315.210999 43.795700 57 ) (-315.210999 0 57 ) (-315.210999 0 68 ) (-315.210999 43.795700 68 ) 
4 23 31 (-315.210999 294.795990 62 ) (-315.210999 294.795990 68 ) (-315.210999 347.795990 68 ) (-315.210999 347.795990 62 ) 
4 23 32 (-315.210999 294.795990 57 ) (-315.210999 197.884995 57 ) (-315.210999 197.884995 68 ) (-315.210999 294.795990 68 ) 
4 23 30 (-315.210999 395.885010 57 ) (-315.210999 347.795990 57 ) (-315.210999 347.795990 68 ) (-315.210999 395.885010 68 ) 
4 23 29 (-315.210999 441.795990 68 ) (-315.210999 441.795990 57 ) (-315.210999 395.885010 57 ) (-315.210999 395.885010 68 ) 
4 23 28 (-315.210999 441.795990 348 ) (-315.210999 441.795990 68 ) (-315.210999 0 68 ) (-315.210999 0 348 ) 
4 23 27 (-312.210999 0 57 ) (-315.210999 0 57 ) (-315.210999 43.795700 57 ) (-312.210999 43.795700 57 ) 
4 23 25 (-315.210999 347.795990 57 ) (-315.210999 441.795990 57 ) (-312.210999 441.795990 57 ) (-312.210999 347.795990 57 ) 
4 23 26 (-315.210999 96.795700 57 ) (-315.210999 294.795990 57 ) (-312.210999 294.795990 57 ) (-312.210999 96.795700 57 ) 
4 23 24 (0 0 57 ) (-312.210999 0 57 ) (-312.210999 441.795990 57 ) (0 441.795990 57 ) 
4 24 307 (0 0 -56 ) (0 0 57 ) (-312.210999 0 57 ) (-312.210999 0 -56 ) 
4 24 53 (0 347.795990 -56 ) (0 0 -56 ) (-312.210999 0 -56 ) (-312.210999 347.795990 -56 ) 
4 24 50 (-312.210999 441.795990 -56 ) (0 441.795990 -56 ) (0 347.795990 -56 ) (-312.210999 347.795990 -56 ) 
4 24 27 (-312.210999 0 57 ) (-312.210999 43.795700 57 ) (-312.210999 43.795700 -56 ) (-312.210999 0 -56 ) 
4 24 25 (-312.210999 347.795990 57 ) (-312.210999 441.795990 57 ) (-312.210999 441.795990 -56 ) (-312.210999 347.795990 -56 ) 
4 24 26 (-312.210999 96.795700 57 ) (-312.210999 294.795990 57 ) (-312.210999 294.795990 -56 ) (-312.210999 96.795700 -56 ) 
4 25 52 (-315.210999 441.795990 -56 ) (-312.210999 441.795990 -56 ) (-312.210999 347.795990 -56 ) (-315.210999 347.795990 -56 ) 
4 26 54 (-312.210999 294.795990 -56 ) (-312.210999 96.795700 -56 ) (-315.210999 96.795700 -56 ) (-315.210999 294.795990 -56 ) 
4 27 308 (-312.210999 0 57 ) (-315.210999 0 57 ) (-315.210999 0 -56 ) (-312.210999 0 -56 ) 
4 27 55 (-312.210999 43.795700 -56 ) (-312.210999 0 -56 ) (-315.210999 0 -56 ) (-315.210999 43.795700 -56 ) 
4 28 312 (-334.210999 0 348 ) (-334.210999 0 68 ) (-315.210999 0 68 ) (-315.210999 0 348 ) 
4 28 140 (-334.210999 0 68 ) (-334.210999 0 348 ) (-334.210999 93.884697 348 ) (-334.210999 93.884697 68 ) 
4 28 132 (-334.210999 138.884995 68 ) (-334.210999 93.884697 68 ) (-334.210999 93.884697 71 ) (-334.210999 138.884995 71 ) 
4 28 130 (-334.210999 141.884995 71 ) (-334.210999 141.884995 68 ) (-334.210999 138.884995 68 ) (-334.210999 138.884995 71 ) 
4 28 129 (-334.210999 93.884697 348 ) (-334.210999 141.884995 348 ) (-334.210999 141.884995 71 ) (-334.210999 93.884697 71 ) 
4 28 124 (-334.210999 141.884995 348 ) (-334.210999 293.885010 348 ) (-334.210999 293.885010 68 ) (-334.210999 141.884995 68 ) 
4 28 111 (-334.210999 295.885010 68 ) (-334.210999 293.885010 68 ) (-334.210999 293.885010 71 ) (-334.210999 295.885010 71 ) 
4 28 100 (-334.210999 338.872009 68 ) (-334.210999 295.885010 68 ) (-334.210999 295.885010 71 ) (-334.210999 338.872009 71 ) 
4 28 98 (-334.210999 341.885010 71 ) (-334.210999 341.885010 68 ) (-334.210999 338.872009 68 ) (-334.210999 338.872009 71 ) 
4 28 97 (-334.210999 293.885010 348 ) (-334.210999 341.885010 348 ) (-334.210999 341.885010 71 ) (-334.210999 293.885010 71 ) 
4 28 96 (-334.210999 341.885010 348 ) (-334.210999 395.885010 348 ) (-334.210999 395.885010 68 ) (-334.210999 341.885010 68 ) 
4 28 75 (-334.210999 395.885010 348 ) (-334.210999 441.795990 348 ) (-334.210999 441.795990 68 ) (-334.210999 395.885010 68 ) 
4 28 34 (-334.210999 43.795700 68 ) (-334.210999 96.795700 68 ) (-315.210999 96.795700 68 ) (-315.210999 43.795700 68 ) 
4 28 33 (-334.210999 96.795700 68 ) (-334.210999 197.884995 68 ) (-315.210999 197.884995 68 ) (-315.210999 96.795700 68 ) 
4 28 35 (-334.210999 0 68 ) (-334.210999 43.795700 68 ) (-315.210999 43.795700 68 ) (-315.210999 0 68 ) 
4 28 31 (-333.210999 347.795990 68 ) (-315.210999 347.795990 68 ) (-315.210999 294.795990 68 ) (-333.210999 294.795990 68 ) 
4 28 32 (-315.210999 294.795990 68 ) (-315.210999 197.884995 68 ) (-333.210999 197.884995 68 ) (-333.210999 294.795990 68 ) 
4 28 30 (-333.210999 395.885010 68 ) (-315.210999 395.885010 68 ) (-315.210999 347.795990 68 ) (-333.210999 347.795990 68 ) 
4 28 29 (-334.210999 395.885010 68 ) (-334.210999 441.795990 68 ) (-315.210999 441.795990 68 ) (-315.210999 395.885010 68 ) 
4 29 30 (-333.210999 395.885010 57 ) (-315.210999 395.885010 57 ) (-315.210999 395.885010 68 ) (-333.210999 395.885010 68 ) 
4 30 31 (-315.210999 347.795990 62 ) (-315.210999 347.795990 68 ) (-333.210999 347.795990 68 ) (-333.210999 347.795990 62 ) 
4 31 32 (-333.210999 294.795990 68 ) (-333.210999 294.795990 62 ) (-315.210999 294.795990 62 ) (-315.210999 294.795990 68 ) 
4 32 33 (-333.210999 197.884995 57 ) (-315.210999 197.884995 57 ) (-315.210999 197.884995 68 ) (-333.210999 197.884995 68 ) 
4 33 34 (-315.210999 96.795700 62 ) (-315.210999 96.795700 68 ) (-334.210999 96.795700 68 ) (-334.210999 96.795700 62 ) 
4 34 35 (-315.210999 43.795700 62 ) (-315.210999 43.795700 68 ) (-334.210999 43.795700 68 ) (-334.210999 43.795700 62 ) 
4 35 313 (-334.210999 0 68 ) (-334.210999 0 57 ) (-315.210999 0 57 ) (-315.210999 0 68 ) 
4 36 40 (-331.210999 347.424011 41.633999 ) (-331.210999 347.424011 -56 ) (-331.210999 340 -56 ) (-331.210999 340 41.633999 ) 
4 36 37 (-315.210999 340 32.126999 ) (-315.210999 340 42 ) (-316 340 42 ) (-316 340 32.126999 ) 
4 36 39 (-331.210999 340 42 ) (-331.210999 340 -56 ) (-316 340 -56 ) (-316 340 42 ) 
4 37 38 (-316 303.044006 42 ) (-316 303.044006 32.126999 ) (-315.210999 303.044006 32.126999 ) (-315.210999 303.044006 42 ) 
4 37 39 (-316 340 42 ) (-316 340 32.126999 ) (-316 303.044006 32.126999 ) (-316 303.044006 42 ) 
4 38 39 (-316 303.044006 -56 ) (-316 294.795990 -56 ) (-316 294.795990 42 ) (-316 303.044006 42 ) 
4 39 40 (-331.210999 295.161987 41.633999 ) (-331.210999 340 41.633999 ) (-331.210999 340 -56 ) (-331.210999 295.161987 -56 ) 
4 40 212 (-334.210999 347.424011 -54 ) (-334.210999 347.424011 -56 ) (-334.210999 295.364014 -56 ) (-334.210999 295.364014 -54 ) 
4 40 176 (-334.210999 347.424011 41.633999 ) (-334.210999 347.424011 -54 ) (-334.210999 295.161987 -54 ) (-334.210999 295.161987 41.633999 ) 
4 41 42 (-316 88 42 ) (-316 88 32.126999 ) (-315.210999 88 32.126999 ) (-315.210999 88 42 ) 
4 41 44 (-316 96.795700 42 ) (-316 96.795700 -56 ) (-316 88 -56 ) (-316 88 42 ) 
4 42 44 (-316 51.043999 32.126999 ) (-316 51.043999 42 ) (-316 88 42 ) (-316 88 32.126999 ) 
4 42 43 (-316 51.043999 42 ) (-316 51.043999 32.126999 ) (-315.210999 51.043999 32.126999 ) (-315.210999 51.043999 42 ) 
4 43 44 (-316 51.043999 -56 ) (-316 43.795700 -56 ) (-316 43.795700 42 ) (-316 51.043999 42 ) 
4 44 45 (-331.210999 96.426697 -56 ) (-331.210999 44.168701 -56 ) (-331.210999 44.168701 41.633999 ) (-331.210999 96.426697 41.633999 ) 
4 45 213 (-334.210999 96.426697 -54 ) (-334.210999 96.426697 -56 ) (-334.210999 44.168701 -56 ) (-334.210999 44.168701 -54 ) 
4 45 178 (-334.210999 96.426697 41.633999 ) (-334.210999 96.426697 -54 ) (-334.210999 44.168701 -54 ) (-334.210999 44.168701 41.633999 ) 
4 46 58 (-309 1024 -63 ) (0 1024 -63 ) (0 615 -63 ) (-309 615 -63 ) 
4 46 48 (-309 615 -63 ) (0 615 -63 ) (0 615 -56 ) (-309 615 -56 ) 
4 46 47 (-309 1024 -63 ) (-309 743 -63 ) (-309 743 -56 ) (-309 1024 -56 ) 
4 47 59 (-315.210999 743 -63 ) (-315.210999 1024 -63 ) (-309 1024 -63 ) (-309 743 -63 ) 
4 47 56 (-315.210999 1024 -63 ) (-315.210999 743 -63 ) (-315.210999 743 -56 ) (-315.210999 1024 -56 ) 
4 48 60 (-314 615 -63 ) (-309 615 -63 ) (-309 594 -63 ) (-314 594 -63 ) 
4 48 58 (-309 615 -63 ) (0 615 -63 ) (0 594 -63 ) (-309 594 -63 ) 
4 48 51 (-314 594 -63 ) (-312.210999 594 -63 ) (-312.210999 594 -56 ) (-314 594 -56 ) 
4 48 50 (-312.210999 594 -63 ) (0 594 -63 ) (0 594 -56 ) (-312.210999 594 -56 ) 
4 48 49 (-314 615 -56 ) (-314 615 -63 ) (-314 600 -63 ) (-314 600 -56 ) 
4 49 60 (-315.210999 600 -63 ) (-315.210999 615 -63 ) (-314 615 -63 ) (-314 600 -63 ) 
4 49 57 (-315.210999 615 -63 ) (-315.210999 600 -63 ) (-315.210999 600 -56 ) (-315.210999 615 -56 ) 
4 50 60 (-312.210999 594 -63 ) (-309 594 -63 ) (-309 347.795990 -63 ) (-312.210999 347.795990 -63 ) 
4 50 58 (-309 594 -63 ) (0 594 -63 ) (0 347.795990 -63 ) (-309 347.795990 -63 ) 
4 50 53 (-312.210999 347.795990 -63 ) (0 347.795990 -63 ) (0 347.795990 -56 ) (-312.210999 347.795990 -56 ) 
4 50 51 (-312.210999 594 -56 ) (-312.210999 594 -63 ) (-312.210999 494.795990 -63 ) (-312.210999 494.795990 -56 ) 
4 50 52 (-312.210999 441.795990 -63 ) (-312.210999 347.795990 -63 ) (-312.210999 347.795990 -56 ) (-312.210999 441.795990 -56 ) 
4 51 60 (-315.210999 494.795990 -63 ) (-315.210999 594 -63 ) (-312.210999 594 -63 ) (-312.210999 494.795990 -63 ) 
4 52 60 (-315.210999 347.795990 -63 ) (-315.210999 441.795990 -63 ) (-312.210999 441.795990 -63 ) (-312.210999 347.795990 -63 ) 
4 53 537 (0 0 -63 ) (0 0 -56 ) (-312.210999 0 -56 ) (-312.210999 0 -63 ) 
4 53 60 (-309 0 -63 ) (-312.210999 0 -63 ) (-312.210999 347.795990 -63 ) (-309 347.795990 -63 ) 
4 53 58 (0 0 -63 ) (-309 0 -63 ) (-309 347.795990 -63 ) (0 347.795990 -63 ) 
4 53 55 (-312.210999 43.795700 -63 ) (-312.210999 0 -63 ) (-312.210999 0 -56 ) (-312.210999 43.795700 -56 ) 
4 53 54 (-312.210999 294.795990 -63 ) (-312.210999 96.795700 -63 ) (-312.210999 96.795700 -56 ) (-312.210999 294.795990 -56 ) 
4 54 60 (-315.210999 96.795700 -63 ) (-315.210999 294.795990 -63 ) (-312.210999 294.795990 -63 ) (-312.210999 96.795700 -63 ) 
4 55 538 (-312.210999 0 -56 ) (-315.210999 0 -56 ) (-315.210999 0 -63 ) (-312.210999 0 -63 ) 
4 55 60 (-312.210999 0 -63 ) (-315.210999 0 -63 ) (-315.210999 43.795700 -63 ) (-312.210999 43.795700 -63 ) 
4 56 229 (-334.210999 743 -56 ) (-334.210999 1024 -56 ) (-334.210999 1024 -63 ) (-334.210999 743 -63 ) 
4 56 59 (-334.210999 743 -63 ) (-334.210999 1024 -63 ) (-315.210999 1024 -63 ) (-315.210999 743 -63 ) 
4 57 230 (-334.210999 600 -56 ) (-334.210999 615 -56 ) (-334.210999 615 -63 ) (-334.210999 600 -63 ) 
4 57 60 (-334.210999 600 -63 ) (-334.210999 615 -63 ) (-315.210999 615 -63 ) (-315.210999 600 -63 ) 
4 58 542 (0 0 -72 ) (0 0 -63 ) (-309 0 -63 ) (-309 0 -72 ) 
4 58 61 (-309 1024 -72 ) (0 1024 -72 ) (0 0 -72 ) (-309 0 -72 ) 
4 58 59 (-309 1024 -72 ) (-309 743 -72 ) (-309 743 -63 ) (-309 1024 -63 ) 
4 58 60 (-309 615 -72 ) (-309 0 -72 ) (-309 0 -63 ) (-309 615 -63 ) 
4 59 229 (-334.210999 743 -63 ) (-334.210999 1024 -63 ) (-334.210999 1024 -72 ) (-334.210999 743 -72 ) 
4 59 61 (-334.210999 743 -72 ) (-334.210999 1024 -72 ) (-309 1024 -72 ) (-309 743 -72 ) 
4 60 543 (-315.210999 0 -63 ) (-334.210999 0 -63 ) (-334.210999 0 -72 ) (-315.210999 0 -72 ) 
4 60 542 (-309 0 -63 ) (-315.210999 0 -63 ) (-315.210999 0 -72 ) (-309 0 -72 ) 
4 60 233 (-334.210999 0 -72 ) (-334.210999 0 -63 ) (-334.210999 615 -63 ) (-334.210999 615 -72 ) 
4 60 61 (-334.210999 0 -72 ) (-334.210999 615 -72 ) (-309 615 -72 ) (-309 0 -72 ) 
4 61 543 (-315.210999 0 -72 ) (-334.210999 0 -72 ) (-334.210999 0 -276 ) (-315.210999 0 -276 ) 
4 61 542 (0 0 -276 ) (0 0 -72 ) (-315.210999 0 -72 ) (-315.210999 0 -276 ) 
4 61 236 (-334.210999 0 -276 ) (-334.210999 0 -72 ) (-334.210999 1024 -72 ) (-334.210999 1024 -276 ) 
4 62 249 (-426.211029 547.885010 72 ) (-426.211029 539.885010 72 ) (-426.211029 539.885010 348 ) (-426.211029 547.885010 348 ) 
4 62 237 (-426.211029 1024 348 ) (-426.211029 1024 72 ) (-426.211029 547.885010 72 ) (-426.211029 547.885010 348 ) 
4 62 85 (-426.211029 539.885010 348 ) (-426.211029 539.885010 72 ) (-403.211029 539.885010 72 ) (-403.211029 539.885010 348 ) 
4 62 77 (-403.211029 539.885010 72 ) (-355.211029 539.885010 72 ) (-355.211029 539.885010 348 ) (-403.211029 539.885010 348 ) 
4 62 75 (-355.211029 539.885010 72 ) (-334.210999 539.885010 72 ) (-334.210999 539.885010 348 ) (-355.211029 539.885010 348 ) 
4 62 66 (-334.210999 539.885010 72 ) (-426.211029 539.885010 72 ) (-426.211029 593.885010 72 ) (-334.210999 593.885010 72 ) 
4 62 65 (-426.211029 593.885010 72 ) (-426.211029 599 72 ) (-334.210999 599 72 ) (-334.210999 593.885010 72 ) 
4 62 63 (-426.211029 775 72 ) (-426.211029 1024 72 ) (-334.210999 1024 72 ) (-334.210999 775 72 ) 
4 62 64 (-426.211029 615 72 ) (-426.211029 743 72 ) (-334.210999 743 72 ) (-334.210999 615 72 ) 
4 63 238 (-426.211029 1024 72 ) (-426.211029 1024 57 ) (-426.211029 775 57 ) (-426.211029 775 72 ) 
4 63 67 (-426.211029 775 57 ) (-426.211029 1024 57 ) (-334.210999 1024 57 ) (-334.210999 775 57 ) 
4 64 239 (-426.211029 743 57 ) (-426.211029 615 57 ) (-426.211029 615 72 ) (-426.211029 743 72 ) 
4 64 68 (-426.211029 615 57 ) (-426.211029 743 57 ) (-334.210999 743 57 ) (-334.210999 615 57 ) 
4 65 243 (-426.211029 599 57 ) (-426.211029 593.885010 57 ) (-426.211029 593.885010 72 ) (-426.211029 599 72 ) 
4 65 72 (-418 599 57 ) (-342 599 57 ) (-342 593.885010 57 ) (-418 593.885010 57 ) 
4 65 66 (-334.210999 593.885010 68 ) (-334.210999 593.885010 72 ) (-426.211029 593.885010 72 ) (-426.211029 593.885010 68 ) 
4 66 249 (-426.211029 539.885010 68 ) (-426.211029 539.885010 72 ) (-426.211029 547.885010 72 ) (-426.211029 547.885010 68 ) 
4 66 247 (-426.211029 547.885010 72 ) (-426.211029 593.885010 72 ) (-426.211029 593.885010 68 ) (-426.211029 547.885010 68 ) 
4 66 85 (-426.211029 539.885010 72 ) (-426.211029 539.885010 68 ) (-403.211029 539.885010 68 ) (-403.211029 539.885010 72 ) 
4 66 77 (-355.211029 539.885010 71 ) (-355.211029 539.885010 72 ) (-403.211029 539.885010 72 ) (-403.211029 539.885010 71 ) 
4 66 75 (-355.211029 539.885010 68 ) (-334.210999 539.885010 68 ) (-334.210999 539.885010 72 ) (-355.211029 539.885010 72 ) 
4 67 238 (-426.211029 1024 57 ) (-426.211029 1024 54 ) (-426.211029 775 54 ) (-426.211029 775 57 ) 
4 67 148 (-426.211029 775 54 ) (-426.211029 1024 54 ) (-334.210999 1024 54 ) (-334.210999 775 54 ) 
4 68 239 (-426.211029 743 54 ) (-426.211029 615 54 ) (-426.211029 615 57 ) (-426.211029 743 57 ) 
4 68 149 (-426.211029 615 54 ) (-426.211029 743 54 ) (-334.210999 743 54 ) (-334.210999 615 54 ) 
4 68 69 (-421 615 54 ) (-341 615 54 ) (-341 615 56 ) (-421 615 56 ) 
4 69 152 (-421 615 54 ) (-418 615 54 ) (-418 600 54 ) (-421 600 54 ) 
4 69 150 (-342 615 54 ) (-341 615 54 ) (-341 600 54 ) (-342 600 54 ) 
4 69 151 (-418 615 54 ) (-342 615 54 ) (-342 600 54 ) (-418 600 54 ) 
4 69 70 (-418 600 54 ) (-342 600 54 ) (-342 600 56 ) (-418 600 56 ) 
4 70 151 (-342 599 54 ) (-418 599 54 ) (-418 600 54 ) (-342 600 54 ) 
4 70 72 (-418 599 54 ) (-342 599 54 ) (-342 599 56 ) (-418 599 56 ) 
4 71 153 (-334.578003 539.885010 54 ) (-342 539.885010 54 ) (-342 593.518982 54 ) (-334.578003 593.518982 54 ) 
5 71 76 (-342 539.885010 54 ) (-334.578003 539.885010 54 ) (-334.578003 539.885010 54.937370 ) (-334.979034 539.885010 57 ) (-342 539.885010 57 ) 
5 71 73 (-342 593.518982 54 ) (-342 539.885010 54 ) (-342 539.885010 57 ) (-342 593.122986 57 ) (-342 593.518982 54.959961 ) 
4 72 151 (-418 599 54 ) (-342 599 54 ) (-342 593.885010 54 ) (-418 593.885010 54 ) 
4 73 153 (-342 593.518982 54 ) (-342 539.885010 54 ) (-418 539.885010 54 ) (-418 593.518982 54 ) 
4 73 95 (-418 539.885010 54 ) (-405.211029 539.885010 54 ) (-405.211029 539.885010 57 ) (-418 539.885010 57 ) 
4 73 94 (-405.211029 539.885010 54 ) (-357.731018 539.885010 54 ) (-357.731018 539.885010 56.506004 ) (-405.211029 539.885010 56.506004 ) 
4 73 90 (-357.731018 539.885010 54 ) (-355.211029 539.885010 54 ) (-355.211029 539.885010 56.506004 ) (-357.731018 539.885010 56.506004 ) 
4 73 76 (-355.211029 539.885010 54 ) (-342 539.885010 54 ) (-342 539.885010 57 ) (-355.211029 539.885010 57 ) 
5 73 74 (-418 593.518982 54 ) (-418 539.885010 54 ) (-418 539.885010 57 ) (-418 593.122986 57 ) (-418 593.518982 54.959961 ) 
4 74 153 (-425.845032 593.705078 54 ) (-418 593.705078 54 ) (-418 539.885010 54 ) (-425.845032 539.885010 54 ) 
5 74 95 (-425.845032 539.885010 54 ) (-418 539.885010 54 ) (-418 539.885010 57 ) (-425.453033 539.885010 57 ) (-425.845032 539.885010 54.980354 ) 
4 75 96 (-334.210999 395.885010 68 ) (-334.210999 395.885010 348 ) (-355.211029 395.885010 348 ) (-355.211029 395.885010 68 ) 
4 75 87 (-355.211029 491.885010 68 ) (-355.211029 395.885010 68 ) (-355.211029 395.885010 348 ) (-355.211029 491.885010 348 ) 
4 75 77 (-355.211029 539.885010 348 ) (-355.211029 539.885010 71 ) (-355.211029 491.885010 71 ) (-355.211029 491.885010 348 ) 
4 76 153 (-355.211029 539.885010 54 ) (-334.578003 539.885010 54 ) (-334.578003 395.885010 54 ) (-355.211029 395.885010 54 ) 
4 76 116 (-353.665985 395.885010 56.506004 ) (-353.665985 395.885010 57 ) (-355.211029 395.885010 57 ) (-355.211029 395.885010 56.506004 ) 
4 76 122 (-355.211029 395.885010 54 ) (-353.665985 395.885010 54 ) (-353.665985 395.885010 56.506004 ) (-355.211029 395.885010 56.506004 ) 
5 76 115 (-353.665985 395.885010 54 ) (-334.578003 395.885010 54 ) (-334.578003 395.885010 54.937370 ) (-334.979034 395.885010 57 ) (-353.665985 395.885010 57 ) 
4 76 89 (-355.211029 489.885010 56.506004 ) (-355.211029 395.885010 56.506004 ) (-355.211029 395.885010 57 ) (-355.211029 489.885010 57 ) 
4 76 90 (-355.211029 539.885010 56.506004 ) (-355.211029 539.885010 54 ) (-355.211029 395.885010 54 ) (-355.211029 395.885010 56.506004 ) 
4 77 87 (-355.211029 491.885010 71 ) (-355.211029 491.885010 348 ) (-403.211029 491.885010 348 ) (-403.211029 491.885010 71 ) 
4 77 85 (-403.211029 539.885010 348 ) (-403.211029 539.885010 71 ) (-403.211029 491.885010 71 ) (-403.211029 491.885010 348 ) 
4 78 86 (-355.713013 536.885010 65.505997 ) (-358.211029 536.885010 65.505997 ) (-358.211029 539.379028 65.505997 ) (-355.713013 539.379028 65.505997 ) 
4 78 80 (-358.211029 539.379028 65.505997 ) (-358.211029 536.885010 65.505997 ) (-358.211029 536.885010 67.518997 ) (-358.211029 539.379028 67.518997 ) 
4 78 79 (-358.211029 536.885010 67.518997 ) (-358.211029 536.885010 65.505997 ) (-355.713013 536.885010 65.505997 ) (-355.713013 536.885010 67.518997 ) 
4 79 86 (-355.713013 494.885010 65.505997 ) (-358.211029 494.885010 65.505997 ) (-358.211029 536.885010 65.505997 ) (-355.713013 536.885010 65.505997 ) 
4 79 83 (-358.211029 494.885010 67.518997 ) (-358.211029 494.885010 65.505997 ) (-355.713013 494.885010 65.505997 ) (-355.713013 494.885010 67.518997 ) 
4 79 81 (-358.211029 536.885010 65.505997 ) (-358.211029 494.885010 65.505997 ) (-358.211029 494.885010 67.518997 ) (-358.211029 536.885010 67.518997 ) 
4 80 86 (-358.211029 539.379028 65.505997 ) (-358.211029 536.885010 65.505997 ) (-402.717010 536.885010 65.505997 ) (-402.717010 539.379028 65.505997 ) 
4 80 82 (-400.211029 536.885010 67.518997 ) (-402.717010 536.885010 67.518997 ) (-402.717010 536.885010 65.505997 ) (-400.211029 536.885010 65.505997 ) 
4 80 81 (-358.211029 536.885010 65.505997 ) (-358.211029 536.885010 67.518997 ) (-400.211029 536.885010 67.518997 ) (-400.211029 536.885010 65.505997 ) 
4 81 86 (-400.211029 536.885010 65.505997 ) (-358.211029 536.885010 65.505997 ) (-358.211029 494.885010 65.505997 ) (-400.211029 494.885010 65.505997 ) 
4 81 84 (-400.211029 494.885010 67.518997 ) (-400.211029 494.885010 65.505997 ) (-358.211029 494.885010 65.505997 ) (-358.211029 494.885010 67.518997 ) 
4 81 82 (-400.211029 536.885010 67.518997 ) (-400.211029 536.885010 65.505997 ) (-400.211029 494.885010 65.505997 ) (-400.211029 494.885010 67.518997 ) 
4 82 86 (-402.717010 536.885010 65.505997 ) (-400.211029 536.885010 65.505997 ) (-400.211029 494.885010 65.505997 ) (-402.717010 494.885010 65.505997 ) 
4 82 84 (-402.717010 494.885010 65.505997 ) (-400.211029 494.885010 65.505997 ) (-400.211029 494.885010 67.518997 ) (-402.717010 494.885010 67.518997 ) 
4 83 86 (-358.211029 492.378998 65.505997 ) (-358.211029 494.885010 65.505997 ) (-355.713013 494.885010 65.505997 ) (-355.713013 492.378998 65.505997 ) 
4 83 84 (-358.211029 494.885010 67.518997 ) (-358.211029 494.885010 65.505997 ) (-358.211029 492.378998 65.505997 ) (-358.211029 492.378998 67.518997 ) 
4 84 86 (-402.717010 492.378998 65.505997 ) (-402.717010 494.885010 65.505997 ) (-358.211029 494.885010 65.505997 ) (-358.211029 492.378998 65.505997 ) 
4 85 264 (-426.211029 494.885010 68 ) (-426.211029 491.885010 68 ) (-426.211029 491.885010 348 ) (-426.211029 494.885010 348 ) 
4 85 249 (-426.211029 539.885010 348 ) (-426.211029 539.885010 68 ) (-426.211029 494.885010 68 ) (-426.211029 494.885010 348 ) 
4 85 87 (-426.211029 491.885010 348 ) (-426.211029 491.885010 68 ) (-403.211029 491.885010 68 ) (-403.211029 491.885010 348 ) 
4 86 92 (-357.731018 537.358032 59 ) (-357.731018 492.403992 59 ) (-402.686005 492.403992 59 ) (-402.686005 537.358032 59 ) 
4 86 91 (-402.686005 539.885010 59 ) (-357.731018 539.885010 59 ) (-357.731018 537.851990 59 ) (-402.686005 537.851990 59 ) 
4 86 88 (-357.236023 539.885010 59 ) (-355.211029 539.885010 59 ) (-355.211029 491.885010 59 ) (-357.236023 491.885010 59 ) 
4 87 264 (-426.211029 395.885010 68 ) (-426.211029 395.885010 348 ) (-426.211029 491.885010 348 ) (-426.211029 491.885010 68 ) 
4 87 96 (-426.211029 395.885010 348 ) (-426.211029 395.885010 68 ) (-355.211029 395.885010 68 ) (-355.211029 395.885010 348 ) 
4 89 116 (-355.211029 395.885010 56.506004 ) (-355.211029 395.885010 57 ) (-357.731018 395.885010 57 ) (-357.731018 395.885010 56.506004 ) 
4 89 93 (-357.731018 395.885010 56.506004 ) (-357.731018 395.885010 57 ) (-357.731018 489.885010 57 ) (-357.731018 489.885010 56.506004 ) 
4 89 90 (-357.731018 395.885010 56.506004 ) (-357.731018 489.885010 56.506004 ) (-355.211029 489.885010 56.506004 ) (-355.211029 395.885010 56.506004 ) 
4 90 153 (-357.731018 539.885010 54 ) (-355.211029 539.885010 54 ) (-355.211029 395.885010 54 ) (-357.731018 395.885010 54 ) 
4 90 122 (-357.731018 395.885010 54 ) (-355.211029 395.885010 54 ) (-355.211029 395.885010 56.506004 ) (-357.731018 395.885010 56.506004 ) 
4 90 94 (-357.731018 395.885010 54 ) (-357.731018 395.885010 56.506004 ) (-357.731018 539.885010 56.506004 ) (-357.731018 539.885010 54 ) 
4 92 94 (-402.686005 537.358032 56.506004 ) (-357.731018 537.358032 56.506004 ) (-357.731018 492.403992 56.506004 ) (-402.686005 492.403992 56.506004 ) 
4 93 116 (-357.731018 395.885010 56.506004 ) (-357.731018 395.885010 57 ) (-405.211029 395.885010 57 ) (-405.211029 395.885010 56.506004 ) 
4 93 95 (-405.211029 395.885010 56.506004 ) (-405.211029 395.885010 57 ) (-405.211029 489.885010 57 ) (-405.211029 489.885010 56.506004 ) 
4 93 94 (-405.211029 395.885010 56.506004 ) (-405.211029 489.885010 56.506004 ) (-357.731018 489.885010 56.506004 ) (-357.731018 395.885010 56.506004 ) 
4 94 153 (-405.211029 539.885010 54 ) (-357.731018 539.885010 54 ) (-357.731018 395.885010 54 ) (-405.211029 395.885010 54 ) 
4 94 122 (-405.211029 395.885010 54 ) (-357.731018 395.885010 54 ) (-357.731018 395.885010 56.506004 ) (-405.211029 395.885010 56.506004 ) 
4 94 95 (-405.211029 395.885010 54 ) (-405.211029 395.885010 56.506004 ) (-405.211029 539.885010 56.506004 ) (-405.211029 539.885010 54 ) 
4 95 153 (-425.845032 539.885010 54 ) (-405.211029 539.885010 54 ) (-405.211029 395.885010 54 ) (-425.845032 395.885010 54 ) 
5 95 123 (-425.845032 395.885010 54 ) (-407.211029 395.885010 54 ) (-407.211029 395.885010 57 ) (-425.453033 395.885010 57 ) (-425.845032 395.885010 54.980354 ) 
4 95 116 (-405.211029 395.885010 56.506004 ) (-405.211029 395.885010 57 ) (-407.211029 395.885010 57 ) (-407.211029 395.885010 56.506004 ) 
4 95 122 (-407.211029 395.885010 54 ) (-405.211029 395.885010 54 ) (-405.211029 395.885010 56.506004 ) (-407.211029 395.885010 56.506004 ) 
4 96 264 (-426.211029 395.885010 348 ) (-426.211029 395.885010 68 ) (-426.211029 341.885010 68 ) (-426.211029 341.885010 348 ) 
4 96 113 (-426.211029 341.885010 348 ) (-426.211029 341.885010 68 ) (-405.920990 341.885010 68 ) (-405.920990 341.885010 348 ) 
4 96 98 (-355.340027 341.885010 68 ) (-334.210999 341.885010 68 ) (-334.210999 341.885010 71 ) (-355.340027 341.885010 71 ) 
4 96 97 (-334.210999 341.885010 71 ) (-334.210999 341.885010 348 ) (-405.920990 341.885010 348 ) (-405.920990 341.885010 71 ) 
4 97 124 (-334.210999 293.885010 71 ) (-334.210999 293.885010 348 ) (-405.920990 293.885010 348 ) (-405.920990 293.885010 71 ) 
4 97 113 (-405.920990 341.885010 348 ) (-405.920990 341.885010 71 ) (-405.920990 293.885010 71 ) (-405.920990 293.885010 348 ) 
4 97 111 (-334.210999 293.885010 71 ) (-355.340027 293.885010 71 ) (-355.340027 295.885010 71 ) (-334.210999 295.885010 71 ) 
4 97 100 (-334.210999 338.872009 71 ) (-334.210999 295.885010 71 ) (-355.340027 295.885010 71 ) (-355.340027 338.872009 71 ) 
4 97 98 (-355.340027 341.885010 71 ) (-334.210999 341.885010 71 ) (-334.210999 338.872009 71 ) (-355.340027 338.872009 71 ) 
4 98 100 (-334.210999 338.872009 68 ) (-334.210999 338.872009 71 ) (-355.340027 338.872009 71 ) (-355.340027 338.872009 68 ) 
4 99 114 (-355.713013 338.872009 65.505997 ) (-358.211029 338.872009 65.505997 ) (-358.211029 341.369995 65.505997 ) (-355.713013 341.369995 65.505997 ) 
4 99 102 (-358.211029 341.369995 65.505997 ) (-358.211029 338.872009 65.505997 ) (-358.211029 338.872009 67.518997 ) (-358.211029 341.369995 67.518997 ) 
4 99 101 (-358.211029 338.872009 67.518997 ) (-358.211029 338.872009 65.505997 ) (-355.713013 338.872009 65.505997 ) (-355.713013 338.872009 67.518997 ) 
4 100 111 (-334.210999 295.885010 71 ) (-355.340027 295.885010 71 ) (-355.340027 295.885010 68 ) (-334.210999 295.885010 68 ) 
4 101 114 (-358.211029 296.382996 65.505997 ) (-358.211029 338.872009 65.505997 ) (-355.713013 338.872009 65.505997 ) (-355.713013 296.382996 65.505997 ) 
4 101 108 (-358.211029 296.382996 67.518997 ) (-358.211029 298.885010 67.518997 ) (-358.211029 298.885010 65.505997 ) (-358.211029 296.382996 65.505997 ) 
4 101 106 (-358.211029 298.885010 67.518997 ) (-358.211029 338.872009 67.518997 ) (-358.211029 338.872009 65.505997 ) (-358.211029 298.885010 65.505997 ) 
4 102 114 (-358.211029 341.369995 65.505997 ) (-358.211029 338.872009 65.505997 ) (-402.211029 338.872009 65.505997 ) (-402.211029 341.369995 65.505997 ) 
4 102 106 (-358.211029 338.872009 65.505997 ) (-358.211029 338.872009 67.518997 ) (-402.211029 338.872009 67.518997 ) (-402.211029 338.872009 65.505997 ) 
4 102 103 (-402.211029 338.872009 65.505997 ) (-402.211029 338.872009 67.518997 ) (-402.211029 341.369995 67.518997 ) (-402.211029 341.369995 65.505997 ) 
4 103 114 (-402.211029 341.369995 65.505997 ) (-402.211029 338.872009 65.505997 ) (-404.709045 338.872009 65.505997 ) (-404.709045 341.369995 65.505997 ) 
4 103 106 (-404.709045 338.872009 65.505997 ) (-402.211029 338.872009 65.505997 ) (-402.211029 338.872009 67.518997 ) (-404.709045 338.872009 67.518997 ) 
4 104 114 (-405.920990 338.872009 65.505997 ) (-405.920990 341.885010 65.505997 ) (-405.211029 341.885010 65.505997 ) (-405.211029 338.872009 65.505997 ) 
4 104 107 (-405.920990 338.872009 68 ) (-405.920990 338.872009 65.505997 ) (-405.211029 338.872009 65.505997 ) (-405.211029 338.872009 68 ) 
4 105 106 (-358.211029 298.885010 67.518997 ) (-402.211029 298.885010 67.518997 ) (-402.211029 338.872009 67.518997 ) (-358.211029 338.872009 67.518997 ) 
4 106 114 (-404.709045 338.872009 65.505997 ) (-358.211029 338.872009 65.505997 ) (-358.211029 298.885010 65.505997 ) (-404.709045 298.885010 65.505997 ) 
4 106 109 (-402.211029 298.885010 67.518997 ) (-404.709045 298.885010 67.518997 ) (-404.709045 298.885010 65.505997 ) (-402.211029 298.885010 65.505997 ) 
4 106 108 (-358.211029 298.885010 65.505997 ) (-358.211029 298.885010 67.518997 ) (-402.211029 298.885010 67.518997 ) (-402.211029 298.885010 65.505997 ) 
4 107 114 (-405.920990 298.885010 65.505997 ) (-405.920990 338.872009 65.505997 ) (-405.211029 338.872009 65.505997 ) (-405.211029 298.885010 65.505997 ) 
4 107 110 (-405.920990 298.885010 68 ) (-405.920990 298.885010 65.505997 ) (-405.211029 298.885010 65.505997 ) (-405.211029 298.885010 68 ) 
4 108 114 (-402.211029 298.885010 65.505997 ) (-358.211029 298.885010 65.505997 ) (-358.211029 296.382996 65.505997 ) (-402.211029 296.382996 65.505997 ) 
4 108 109 (-402.211029 298.885010 67.518997 ) (-402.211029 298.885010 65.505997 ) (-402.211029 296.382996 65.505997 ) (-402.211029 296.382996 67.518997 ) 
4 109 114 (-404.709045 298.885010 65.505997 ) (-402.211029 298.885010 65.505997 ) (-402.211029 296.382996 65.505997 ) (-404.709045 296.382996 65.505997 ) 
4 110 114 (-405.920990 295.885010 65.505997 ) (-405.920990 298.885010 65.505997 ) (-405.211029 298.885010 65.505997 ) (-405.211029 295.885010 65.505997 ) 
4 110 112 (-405.920990 295.885010 68 ) (-405.920990 295.885010 65.505997 ) (-405.211029 295.885010 65.505997 ) (-405.211029 295.885010 68 ) 
4 111 124 (-334.210999 293.885010 68 ) (-334.210999 293.885010 71 ) (-355.340027 293.885010 71 ) (-355.340027 293.885010 68 ) 
4 112 114 (-355.340027 293.885010 65.505997 ) (-405.920990 293.885010 65.505997 ) (-405.920990 295.885010 65.505997 ) (-355.340027 295.885010 65.505997 ) 
4 113 264 (-426.211029 293.885010 68 ) (-426.211029 293.885010 348 ) (-426.211029 341.885010 348 ) (-426.211029 341.885010 68 ) 
4 113 124 (-426.211029 293.885010 348 ) (-426.211029 293.885010 68 ) (-405.920990 293.885010 68 ) (-405.920990 293.885010 348 ) 
4 114 121 (-405.183044 293.885010 59 ) (-405.920990 293.885010 59 ) (-405.920990 341.885010 59 ) (-405.183044 341.885010 59 ) 
4 114 120 (-355.953003 293.885010 59 ) (-405.183044 293.885010 59 ) (-405.183044 294.384003 59 ) (-355.953003 294.384003 59 ) 
4 114 119 (-355.340027 293.885010 59 ) (-355.953003 293.885010 59 ) (-355.953003 294.885010 59 ) (-355.340027 294.885010 59 ) 
4 114 118 (-356.211029 341.351013 59 ) (-356.211029 294.885010 59 ) (-404.678040 294.885010 59 ) (-404.678040 341.351013 59 ) 
4 114 117 (-355.713013 341.885010 59 ) (-355.340027 341.885010 59 ) (-355.340027 294.885010 59 ) (-355.713013 294.885010 59 ) 
4 115 153 (-353.665985 395.885010 54 ) (-334.578003 395.885010 54 ) (-334.578003 293.885010 54 ) (-353.665985 293.885010 54 ) 
5 115 125 (-353.665985 293.885010 54 ) (-334.578003 293.885010 54 ) (-334.578003 293.885010 54.937370 ) (-334.979034 293.885010 57 ) (-353.665985 293.885010 57 ) 
4 115 116 (-353.665985 343.885010 57 ) (-353.665985 395.885010 57 ) (-353.665985 395.885010 56.506004 ) (-353.665985 343.885010 56.506004 ) 
4 115 122 (-353.665985 293.885010 54 ) (-353.665985 293.885010 56.506004 ) (-353.665985 395.885010 56.506004 ) (-353.665985 395.885010 54 ) 
4 116 123 (-407.211029 395.885010 57 ) (-407.211029 395.885010 56.506004 ) (-407.211029 343.885010 56.506004 ) (-407.211029 343.885010 57 ) 
4 116 122 (-407.211029 343.885010 56.506004 ) (-407.211029 395.885010 56.506004 ) (-353.665985 395.885010 56.506004 ) (-353.665985 343.885010 56.506004 ) 
4 117 119 (-355.340027 294.885010 59 ) (-355.713013 294.885010 59 ) (-355.713013 294.885010 57 ) (-355.340027 294.885010 57 ) 
4 118 122 (-356.211029 341.351013 56.506004 ) (-356.211029 294.885010 56.506004 ) (-404.678040 294.885010 56.506004 ) (-404.678040 341.351013 56.506004 ) 
4 119 120 (-355.953003 294.384003 57 ) (-355.953003 293.885010 57 ) (-355.953003 293.885010 59 ) (-355.953003 294.384003 59 ) 
4 120 121 (-405.183044 293.885010 57 ) (-405.183044 293.885010 59 ) (-405.183044 294.384003 59 ) (-405.183044 294.384003 57 ) 
4 122 153 (-407.211029 395.885010 54 ) (-353.665985 395.885010 54 ) (-353.665985 293.885010 54 ) (-407.211029 293.885010 54 ) 
4 122 126 (-407.211029 293.885010 54 ) (-353.665985 293.885010 54 ) (-353.665985 293.885010 56.506004 ) (-407.211029 293.885010 56.506004 ) 
4 122 123 (-407.211029 293.885010 54 ) (-407.211029 293.885010 56.506004 ) (-407.211029 395.885010 56.506004 ) (-407.211029 395.885010 54 ) 
4 123 153 (-425.845032 395.885010 54 ) (-407.211029 395.885010 54 ) (-407.211029 293.885010 54 ) (-425.845032 293.885010 54 ) 
5 123 128 (-425.845032 293.885010 54 ) (-407.211029 293.885010 54 ) (-407.211029 293.885010 57 ) (-425.453400 293.885010 57 ) (-425.845032 293.885010 54.981304 ) 
4 124 287 (-426.211029 141.884995 68 ) (-426.211029 141.884995 348 ) (-426.211029 149.884995 348 ) (-426.211029 149.884995 68 ) 
4 124 285 (-426.211029 150.181000 348 ) (-426.211029 197.884995 348 ) (-426.211029 197.884995 68 ) (-426.211029 150.181000 68 ) 
4 124 286 (-426.211029 149.884995 348 ) (-426.211029 150.181000 348 ) (-426.211029 150.181000 68 ) (-426.211029 149.884995 68 ) 
4 124 264 (-426.211029 197.884995 348 ) (-426.211029 293.885010 348 ) (-426.211029 293.885010 68 ) (-426.211029 197.884995 68 ) 
4 124 136 (-426.211029 141.884995 71 ) (-426.211029 141.884995 68 ) (-403.211029 141.884995 68 ) (-403.211029 141.884995 71 ) 
4 124 130 (-355.211029 141.884995 68 ) (-334.210999 141.884995 68 ) (-334.210999 141.884995 71 ) (-355.211029 141.884995 71 ) 
4 124 129 (-426.211029 141.884995 348 ) (-426.211029 141.884995 71 ) (-334.210999 141.884995 71 ) (-334.210999 141.884995 348 ) 
4 125 153 (-353.665985 293.885010 54 ) (-334.578003 293.885010 54 ) (-334.578003 141.884995 54 ) (-353.665985 141.884995 54 ) 
4 125 146 (-353.665985 141.884995 54 ) (-353.211029 141.884995 54 ) (-353.211029 141.884995 56.506004 ) (-353.665985 141.884995 56.506004 ) 
5 125 141 (-353.211029 141.884995 54 ) (-334.578003 141.884995 54 ) (-334.578003 141.884995 54.937370 ) (-334.979034 141.884995 57 ) (-353.211029 141.884995 57 ) 
4 125 126 (-353.665985 293.885010 56.506004 ) (-353.665985 293.885010 54 ) (-353.665985 292.359009 54 ) (-353.665985 292.359009 56.506004 ) 
4 125 127 (-353.665985 141.884995 54 ) (-353.665985 141.884995 57 ) (-353.665985 292.359009 57 ) (-353.665985 292.359009 54 ) 
4 126 153 (-407.211029 293.885010 54 ) (-353.665985 293.885010 54 ) (-353.665985 292.359009 54 ) (-407.211029 292.359009 54 ) 
4 126 128 (-407.211029 293.885010 56.506004 ) (-407.211029 293.885010 54 ) (-407.211029 292.359009 54 ) (-407.211029 292.359009 56.506004 ) 
4 126 127 (-407.211029 292.359009 56.506004 ) (-407.211029 292.359009 54 ) (-353.665985 292.359009 54 ) (-353.665985 292.359009 56.506004 ) 
4 127 153 (-353.665985 292.359009 54 ) (-353.665985 141.884995 54 ) (-407.211029 141.884995 54 ) (-407.211029 292.359009 54 ) 
4 127 147 (-407.211029 141.884995 54 ) (-405.211029 141.884995 54 ) (-405.211029 141.884995 57 ) (-407.211029 141.884995 57 ) 
4 127 146 (-405.211029 141.884995 54 ) (-353.665985 141.884995 54 ) (-353.665985 141.884995 56.506004 ) (-405.211029 141.884995 56.506004 ) 
4 127 128 (-407.211029 141.884995 54 ) (-407.211029 141.884995 57 ) (-407.211029 292.359009 57 ) (-407.211029 292.359009 54 ) 
4 128 153 (-425.845032 293.885010 54 ) (-407.211029 293.885010 54 ) (-407.211029 141.884995 54 ) (-425.845032 141.884995 54 ) 
5 128 147 (-425.845032 141.884995 54 ) (-407.211029 141.884995 54 ) (-407.211029 141.884995 57 ) (-425.453033 141.884995 57 ) (-425.845032 141.884995 54.980354 ) 
4 129 288 (-426.211029 96.884697 71 ) (-426.211029 93.884697 71 ) (-426.211029 93.884697 348 ) (-426.211029 96.884697 348 ) 
4 129 287 (-426.211029 141.884995 348 ) (-426.211029 141.884995 71 ) (-426.211029 96.884697 71 ) (-426.211029 96.884697 348 ) 
4 129 140 (-426.211029 93.884697 348 ) (-426.211029 93.884697 71 ) (-334.210999 93.884697 71 ) (-334.210999 93.884697 348 ) 
4 129 138 (-403.211029 93.884697 71 ) (-426.211029 93.884697 71 ) (-426.211029 96.884697 71 ) (-403.211029 96.884697 71 ) 
4 129 136 (-426.211029 96.884697 71 ) (-426.211029 141.884995 71 ) (-403.211029 141.884995 71 ) (-403.211029 96.884697 71 ) 
4 129 132 (-334.210999 93.884697 71 ) (-355.211029 93.884697 71 ) (-355.211029 138.884995 71 ) (-334.210999 138.884995 71 ) 
4 129 130 (-355.211029 141.884995 71 ) (-334.210999 141.884995 71 ) (-334.210999 138.884995 71 ) (-355.211029 138.884995 71 ) 
4 130 132 (-334.210999 138.884995 68 ) (-334.210999 138.884995 71 ) (-355.211029 138.884995 71 ) (-355.211029 138.884995 68 ) 
4 131 142 (-355.564026 138.884995 65.505997 ) (-399.920013 138.884995 65.505997 ) (-399.920013 141.382996 65.505997 ) (-355.564026 141.382996 65.505997 ) 
4 131 137 (-399.920013 141.382996 65.505997 ) (-399.920013 138.884995 65.505997 ) (-399.920013 138.884995 67.518997 ) (-399.920013 141.382996 67.518997 ) 
4 131 134 (-399.920013 138.884995 67.518997 ) (-399.920013 138.884995 65.505997 ) (-358.211029 138.884995 65.505997 ) (-358.211029 138.884995 67.518997 ) 
4 131 133 (-358.211029 138.884995 65.505997 ) (-355.564026 138.884995 65.505997 ) (-355.564026 138.884995 67.518997 ) (-358.211029 138.884995 67.518997 ) 
4 132 140 (-334.210999 93.884697 68 ) (-334.210999 93.884697 71 ) (-355.211029 93.884697 71 ) (-355.211029 93.884697 68 ) 
4 133 142 (-358.211029 94.382706 65.505997 ) (-358.211029 138.884995 65.505997 ) (-355.564026 138.884995 65.505997 ) (-355.564026 94.382706 65.505997 ) 
4 133 135 (-358.211029 96.884697 65.505997 ) (-358.211029 94.382706 65.505997 ) (-358.211029 94.382706 67.518997 ) (-358.211029 96.884697 67.518997 ) 
4 133 134 (-358.211029 138.884995 67.518997 ) (-358.211029 138.884995 65.505997 ) (-358.211029 96.884697 65.505997 ) (-358.211029 96.884697 67.518997 ) 
4 134 142 (-399.920013 96.884697 65.505997 ) (-399.920013 138.884995 65.505997 ) (-358.211029 138.884995 65.505997 ) (-358.211029 96.884697 65.505997 ) 
4 134 137 (-399.920013 138.884995 65.505997 ) (-399.920013 96.884697 65.505997 ) (-399.920013 96.884697 67.518997 ) (-399.920013 138.884995 67.518997 ) 
4 134 135 (-399.920013 96.884697 67.518997 ) (-399.920013 96.884697 65.505997 ) (-358.211029 96.884697 65.505997 ) (-358.211029 96.884697 67.518997 ) 
4 135 142 (-399.920013 94.382706 65.505997 ) (-399.920013 96.884697 65.505997 ) (-358.211029 96.884697 65.505997 ) (-358.211029 94.382706 65.505997 ) 
4 135 139 (-399.920013 96.884697 65.505997 ) (-399.920013 94.382706 65.505997 ) (-399.920013 94.382706 67.518997 ) (-399.920013 96.884697 67.518997 ) 
4 136 287 (-426.211029 141.884995 71 ) (-426.211029 141.884995 68 ) (-426.211029 96.884697 68 ) (-426.211029 96.884697 71 ) 
4 136 138 (-403.211029 96.884697 71 ) (-426.211029 96.884697 71 ) (-426.211029 96.884697 68 ) (-403.211029 96.884697 68 ) 
4 137 142 (-399.920013 141.382996 65.505997 ) (-399.920013 96.884697 65.505997 ) (-402.567993 96.884697 65.505997 ) (-402.567993 141.382996 65.505997 ) 
4 137 139 (-402.567993 96.884697 65.505997 ) (-399.920013 96.884697 65.505997 ) (-399.920013 96.884697 67.518997 ) (-402.567993 96.884697 67.518997 ) 
4 138 288 (-426.211029 93.884697 68 ) (-426.211029 93.884697 71 ) (-426.211029 96.884697 71 ) (-426.211029 96.884697 68 ) 
4 138 140 (-426.211029 93.884697 71 ) (-426.211029 93.884697 68 ) (-403.211029 93.884697 68 ) (-403.211029 93.884697 71 ) 
4 139 142 (-402.567993 96.884697 65.505997 ) (-399.920013 96.884697 65.505997 ) (-399.920013 94.382706 65.505997 ) (-402.567993 94.382706 65.505997 ) 
4 140 341 (-334.210999 0 68 ) (-334.210999 0 348 ) (-426.211029 0 348 ) (-426.211029 0 68 ) 
4 140 288 (-426.211029 0 68 ) (-426.211029 0 348 ) (-426.211029 93.884697 348 ) (-426.211029 93.884697 68 ) 
5 141 342 (-334.979034 0 57 ) (-353.211029 0 57 ) (-353.211029 0 54 ) (-334.578003 0 54 ) (-334.578003 0 54.937370 ) 
4 141 153 (-353.211029 141.884995 54 ) (-334.578003 141.884995 54 ) (-334.578003 0 54 ) (-353.211029 0 54 ) 
4 141 145 (-353.211029 91.884697 56.506004 ) (-353.211029 0 56.506004 ) (-353.211029 0 57 ) (-353.211029 91.884697 57 ) 
4 141 146 (-353.211029 141.884995 56.506004 ) (-353.211029 141.884995 54 ) (-353.211029 0 54 ) (-353.211029 0 56.506004 ) 
4 142 144 (-402.535004 94.410698 59 ) (-402.535004 139.350998 59 ) (-355.881042 139.350998 59 ) (-355.881042 94.410698 59 ) 
4 142 143 (-402.535004 141.884995 59 ) (-355.881042 141.884995 59 ) (-355.881042 139.852020 59 ) (-402.535004 139.852020 59 ) 
4 144 146 (-355.881042 139.350998 56.506004 ) (-355.881042 94.410698 56.506004 ) (-402.535004 94.410698 56.506004 ) (-402.535004 139.350998 56.506004 ) 
4 145 342 (-405.211029 0 57 ) (-405.211029 0 56.506004 ) (-353.211029 0 56.506004 ) (-353.211029 0 57 ) 
4 145 147 (-405.211029 91.884697 56.506004 ) (-405.211029 0 56.506004 ) (-405.211029 0 57 ) (-405.211029 91.884697 57 ) 
4 145 146 (-405.211029 0 56.506004 ) (-405.211029 91.884697 56.506004 ) (-353.211029 91.884697 56.506004 ) (-353.211029 0 56.506004 ) 
4 146 342 (-405.211029 0 56.506004 ) (-405.211029 0 54 ) (-353.211029 0 54 ) (-353.211029 0 56.506004 ) 
4 146 153 (-405.211029 141.884995 54 ) (-353.211029 141.884995 54 ) (-353.211029 0 54 ) (-405.211029 0 54 ) 
4 146 147 (-405.211029 141.884995 56.506004 ) (-405.211029 141.884995 54 ) (-405.211029 0 54 ) (-405.211029 0 56.506004 ) 
5 147 342 (-425.845032 0 54 ) (-405.211029 0 54 ) (-405.211029 0 57 ) (-425.453033 0 57 ) (-425.845032 0 54.980354 ) 
4 147 153 (-425.845032 141.884995 54 ) (-405.211029 141.884995 54 ) (-405.211029 0 54 ) (-425.845032 0 54 ) 
4 148 238 (-426.211029 1024 54 ) (-426.211029 1024 42 ) (-426.211029 775 42 ) (-426.211029 775 54 ) 
4 148 163 (-426.211029 775 42 ) (-426.211029 1024 42 ) (-334.210999 1024 42 ) (-334.210999 775 42 ) 
4 149 239 (-426.211029 743 42 ) (-426.211029 615 42 ) (-426.211029 615 54 ) (-426.211029 743 54 ) 
4 149 164 (-426.211029 615 42 ) (-426.211029 743 42 ) (-334.210999 743 42 ) (-334.210999 615 42 ) 
4 149 152 (-421 615 42 ) (-418 615 42 ) (-418 615 54 ) (-421 615 54 ) 
4 149 150 (-342 615 42 ) (-341 615 42 ) (-341 615 54 ) (-342 615 54 ) 
4 149 151 (-418 615 42 ) (-342 615 42 ) (-342 615 54 ) (-418 615 54 ) 
4 150 165 (-342 615 42 ) (-341 615 42 ) (-341 600 42 ) (-342 600 42 ) 
4 150 151 (-342 615 54 ) (-342 615 42 ) (-342 600 42 ) (-342 600 54 ) 
4 151 166 (-418 615 42 ) (-342 615 42 ) (-342 594 42 ) (-418 594 42 ) 
4 151 158 (-418 594 42 ) (-342 594 42 ) (-342 594 44 ) (-418 594 44 ) 
4 151 153 (-342 594 44 ) (-342 594 54 ) (-418 594 54 ) (-418 594 44 ) 
4 151 152 (-418 615 54 ) (-418 615 42 ) (-418 600 42 ) (-418 600 54 ) 
4 152 167 (-421 615 42 ) (-418 615 42 ) (-418 600 42 ) (-421 600 42 ) 
4 153 367 (-334.210999 0 44 ) (-334.210999 0 54 ) (-426.211029 0 54 ) (-426.211029 0 44 ) 
4 153 286 (-426.211029 149.884995 54 ) (-426.211029 150.181000 54 ) (-426.211029 150.181000 44 ) (-426.211029 149.884995 44 ) 
4 153 162 (-426.211029 4.884700 44 ) (-426.211029 94.884697 44 ) (-425.845032 94.884697 44 ) (-425.845032 4.884700 44 ) 
4 153 161 (-426.211029 151.884995 44 ) (-426.211029 345.885010 44 ) (-425.845032 345.885010 44 ) (-425.845032 151.884995 44 ) 
4 153 159 (-426.211029 549.885010 44 ) (-426.211029 594 44 ) (-425.845032 594 44 ) (-425.845032 549.885010 44 ) 
4 153 160 (-426.211029 402.885010 44 ) (-426.211029 492.885010 44 ) (-425.845032 492.885010 44 ) (-425.845032 402.885010 44 ) 
4 153 157 (-334.210999 41.795700 44 ) (-334.210999 0 44 ) (-334.578003 0 44 ) (-334.578003 41.795700 44 ) 
4 153 155 (-334.210999 439.795990 44 ) (-334.210999 349.795990 44 ) (-334.578003 349.795990 44 ) (-334.578003 439.795990 44 ) 
4 153 156 (-334.210999 292.795990 44 ) (-334.210999 98.795700 44 ) (-334.578003 98.795700 44 ) (-334.578003 292.795990 44 ) 
4 153 154 (-334.578003 594 44 ) (-334.210999 594 44 ) (-334.210999 496.795990 44 ) (-334.578003 496.795990 44 ) 
4 153 158 (-425.845032 594 44 ) (-334.578003 594 44 ) (-334.578003 0 44 ) (-425.845032 0 44 ) 
4 154 168 (-334.578003 594 42 ) (-334.210999 594 42 ) (-334.210999 496.795990 42 ) (-334.578003 496.795990 42 ) 
4 154 158 (-334.578003 496.795990 44 ) (-334.578003 594 44 ) (-334.578003 594 42 ) (-334.578003 496.795990 42 ) 
4 155 175 (-334.210999 402.885010 42 ) (-334.210999 349.795990 42 ) (-334.578003 349.795990 42 ) (-334.578003 402.885010 42 ) 
4 155 170 (-334.210999 439.795990 42 ) (-334.210999 402.885010 42 ) (-334.578003 402.885010 42 ) (-334.578003 439.795990 42 ) 
4 155 158 (-334.578003 349.795990 44 ) (-334.578003 439.795990 44 ) (-334.578003 439.795990 42 ) (-334.578003 349.795990 42 ) 
4 156 177 (-334.210999 292.795990 42 ) (-334.210999 98.795700 42 ) (-334.578003 98.795700 42 ) (-334.578003 292.795990 42 ) 
4 156 158 (-334.578003 98.795700 44 ) (-334.578003 292.795990 44 ) (-334.578003 292.795990 42 ) (-334.578003 98.795700 42 ) 
4 157 368 (-334.210999 0 42 ) (-334.210999 0 44 ) (-334.578003 0 44 ) (-334.578003 0 42 ) 
4 157 179 (-334.210999 41.795700 42 ) (-334.210999 0 42 ) (-334.578003 0 42 ) (-334.578003 41.795700 42 ) 
4 157 158 (-334.578003 0 44 ) (-334.578003 41.795700 44 ) (-334.578003 41.795700 42 ) (-334.578003 0 42 ) 
4 158 370 (-334.578003 0 44 ) (-425.845032 0 44 ) (-425.845032 0 42 ) (-334.578003 0 42 ) 
4 158 180 (-334.578003 402.885010 42 ) (-334.578003 0 42 ) (-425.845032 0 42 ) (-425.845032 402.885010 42 ) 
4 158 171 (-425.845032 594 42 ) (-334.578003 594 42 ) (-334.578003 402.885010 42 ) (-425.845032 402.885010 42 ) 
4 158 162 (-425.845032 4.884700 44 ) (-425.845032 94.884697 44 ) (-425.845032 94.884697 42 ) (-425.845032 4.884700 42 ) 
4 158 161 (-425.845032 151.884995 44 ) (-425.845032 345.885010 44 ) (-425.845032 345.885010 42 ) (-425.845032 151.884995 42 ) 
4 158 159 (-425.845032 549.885010 44 ) (-425.845032 594 44 ) (-425.845032 594 42 ) (-425.845032 549.885010 42 ) 
4 158 160 (-425.845032 402.885010 44 ) (-425.845032 492.885010 44 ) (-425.845032 492.885010 42 ) (-425.845032 402.885010 42 ) 
4 159 172 (-426.211029 549.885010 42 ) (-426.211029 594 42 ) (-425.845032 594 42 ) (-425.845032 549.885010 42 ) 
4 160 174 (-426.211029 402.885010 42 ) (-426.211029 492.885010 42 ) (-425.845032 492.885010 42 ) (-425.845032 402.885010 42 ) 
4 161 182 (-426.211029 151.884995 42 ) (-426.211029 345.885010 42 ) (-425.845032 345.885010 42 ) (-425.845032 151.884995 42 ) 
4 162 184 (-426.211029 4.884700 42 ) (-426.211029 94.884697 42 ) (-425.845032 94.884697 42 ) (-425.845032 4.884700 42 ) 
4 163 238 (-426.211029 1024 42 ) (-426.211029 1024 -54 ) (-426.211029 775 -54 ) (-426.211029 775 42 ) 
4 163 186 (-426.211029 775 -54 ) (-426.211029 1024 -54 ) (-334.210999 1024 -54 ) (-334.210999 775 -54 ) 
4 164 239 (-426.211029 743 -54 ) (-426.211029 615 -54 ) (-426.211029 615 42 ) (-426.211029 743 42 ) 
4 164 187 (-426.211029 615 -54 ) (-426.211029 743 -54 ) (-334.210999 743 -54 ) (-334.210999 615 -54 ) 
4 164 167 (-421 615 -54 ) (-418 615 -54 ) (-418 615 42 ) (-421 615 42 ) 
4 164 166 (-418 615 -54 ) (-342 615 -54 ) (-342 615 42 ) (-418 615 42 ) 
4 164 165 (-342 615 -54 ) (-341 615 -54 ) (-341 615 42 ) (-342 615 42 ) 
4 165 188 (-342 615 -54 ) (-341 615 -54 ) (-341 600 -54 ) (-342 600 -54 ) 
4 165 166 (-342 615 42 ) (-342 615 -54 ) (-342 600 -54 ) (-342 600 42 ) 
4 166 199 (-418 615 -54 ) (-342 615 -54 ) (-342 594 -54 ) (-418 594 -54 ) 
4 166 171 (-418 594 -54 ) (-342 594 -54 ) (-342 594 42 ) (-418 594 42 ) 
4 166 167 (-418 615 42 ) (-418 615 -54 ) (-418 600 -54 ) (-418 600 42 ) 
4 167 200 (-421 615 -54 ) (-418 615 -54 ) (-418 600 -54 ) (-421 600 -54 ) 
4 168 171 (-334.578003 594 42 ) (-334.578003 594 -54 ) (-334.578003 496.795990 -54 ) (-334.578003 496.795990 42 ) 
4 169 196 (-334.210999 494.427002 -54 ) (-334.210999 442.161987 -54 ) (-334.578003 442.161987 -54 ) (-334.578003 494.427002 -54 ) 
4 169 171 (-334.578003 494.427002 -54 ) (-334.578003 442.161987 -54 ) (-334.578003 442.161987 42 ) (-334.578003 494.427002 42 ) 
4 170 175 (-334.578003 402.885010 -54 ) (-334.210999 402.885010 -54 ) (-334.210999 402.885010 42 ) (-334.578003 402.885010 42 ) 
4 170 171 (-334.578003 439.795990 -54 ) (-334.578003 402.885010 -54 ) (-334.578003 402.885010 42 ) (-334.578003 439.795990 42 ) 
4 171 215 (-337.210999 402.885010 -54 ) (-424.211029 402.885010 -54 ) (-424.211029 441.885010 -54 ) (-337.210999 441.885010 -54 ) 
4 171 214 (-334.578003 441.885010 -54 ) (-334.578003 402.885010 -54 ) (-337.210999 402.885010 -54 ) (-337.210999 441.885010 -54 ) 
4 171 217 (-424.211029 402.885010 -54 ) (-425.845032 402.885010 -54 ) (-425.845032 441.885010 -54 ) (-424.211029 441.885010 -54 ) 
4 171 209 (-342 495.250000 -54 ) (-342 441.885010 -54 ) (-424.211029 441.885010 -54 ) (-424.211029 495.250000 -54 ) 
4 171 211 (-424.211029 441.885010 -54 ) (-425.845032 441.885010 -54 ) (-425.845032 495.250000 -54 ) (-424.211029 495.250000 -54 ) 
4 171 206 (-342 547.512085 -54 ) (-342 495.250000 -54 ) (-424.211029 495.250000 -54 ) (-424.211029 547.512085 -54 ) 
4 171 208 (-424.211029 495.250000 -54 ) (-425.845032 495.250000 -54 ) (-425.845032 547.512085 -54 ) (-424.211029 547.512085 -54 ) 
4 171 203 (-342 584.177002 -54 ) (-342 547.512085 -54 ) (-424.211029 547.512085 -54 ) (-424.211029 584.177002 -54 ) 
4 171 205 (-424.211029 547.512085 -54 ) (-425.845032 547.512085 -54 ) (-425.845032 584.177002 -54 ) (-424.211029 584.177002 -54 ) 
4 171 202 (-417.154999 593.518982 -54 ) (-417.154999 584.177002 -54 ) (-425.845032 584.177002 -54 ) (-425.845032 593.518982 -54 ) 
4 171 201 (-417.154999 594 -54 ) (-342 594 -54 ) (-342 584.177002 -54 ) (-417.154999 584.177002 -54 ) 
4 171 197 (-337.210999 441.885010 -54 ) (-342 441.885010 -54 ) (-342 494.427002 -54 ) (-337.210999 494.427002 -54 ) 
4 171 196 (-334.578003 494.427002 -54 ) (-334.578003 441.885010 -54 ) (-337.210999 441.885010 -54 ) (-337.210999 494.427002 -54 ) 
4 171 194 (-341 584.177002 -54 ) (-341 494.427002 -54 ) (-342 494.427002 -54 ) (-342 584.177002 -54 ) 
4 171 193 (-342 594 -54 ) (-341 594 -54 ) (-341 584.177002 -54 ) (-342 584.177002 -54 ) 
4 171 191 (-337.210999 494.427002 -54 ) (-341 494.427002 -54 ) (-341 584.177002 -54 ) (-337.210999 584.177002 -54 ) 
4 171 190 (-334.578003 584.177002 -54 ) (-334.578003 494.427002 -54 ) (-337.210999 494.427002 -54 ) (-337.210999 584.177002 -54 ) 
4 171 189 (-334.578003 593.704651 -54 ) (-334.578003 584.177002 -54 ) (-341 584.177002 -54 ) (-341 593.704651 -54 ) 
4 171 180 (-425.845032 402.885010 -54 ) (-334.578003 402.885010 -54 ) (-334.578003 402.885010 42 ) (-425.845032 402.885010 42 ) 
4 171 173 (-425.845032 547.512085 -54 ) (-425.845032 495.250000 -54 ) (-425.845032 495.250000 42 ) (-425.845032 547.512085 42 ) 
4 171 174 (-425.845032 492.885010 -54 ) (-425.845032 402.885010 -54 ) (-425.845032 402.885010 42 ) (-425.845032 492.885010 42 ) 
4 171 172 (-425.845032 594 42 ) (-425.845032 594 -54 ) (-425.845032 549.885010 -54 ) (-425.845032 549.885010 42 ) 
4 173 250 (-426.211029 547.512085 -54 ) (-426.211029 495.250000 -54 ) (-426.211029 495.250000 41.633999 ) (-426.211029 547.512085 41.633999 ) 
4 173 208 (-426.211029 495.250000 -54 ) (-426.211029 547.512085 -54 ) (-425.845032 547.512085 -54 ) (-425.845032 495.250000 -54 ) 
4 175 180 (-334.578003 402.885010 42 ) (-334.578003 402.885010 -54 ) (-334.578003 349.795990 -54 ) (-334.578003 349.795990 42 ) 
4 176 212 (-334.210999 347.424011 -54 ) (-334.210999 295.364014 -54 ) (-334.578003 295.364014 -54 ) (-334.578003 347.424011 -54 ) 
4 176 180 (-334.578003 347.424011 -54 ) (-334.578003 295.161987 -54 ) (-334.578003 295.161987 42 ) (-334.578003 347.424011 42 ) 
4 177 180 (-334.578003 292.795990 -54 ) (-334.578003 98.795700 -54 ) (-334.578003 98.795700 42 ) (-334.578003 292.795990 42 ) 
4 178 213 (-334.210999 96.426697 -54 ) (-334.210999 44.168701 -54 ) (-334.578003 44.168701 -54 ) (-334.578003 96.426697 -54 ) 
4 178 180 (-334.578003 96.426697 -54 ) (-334.578003 44.168701 -54 ) (-334.578003 44.168701 42 ) (-334.578003 96.426697 42 ) 
4 179 447 (-334.210999 0 -54 ) (-334.210999 0 42 ) (-334.578003 0 42 ) (-334.578003 0 -54 ) 
4 179 180 (-334.578003 41.795700 -54 ) (-334.578003 0 -54 ) (-334.578003 0 42 ) (-334.578003 41.795700 42 ) 
4 180 452 (-334.578003 0 42 ) (-425.845032 0 42 ) (-425.845032 0 -54 ) (-334.578003 0 -54 ) 
4 180 219 (-337.210999 0 -54 ) (-424.211029 0 -54 ) (-424.211029 400.519012 -54 ) (-337.210999 400.519012 -54 ) 
4 180 218 (-334.578003 400.519012 -54 ) (-334.578003 0 -54 ) (-337.210999 0 -54 ) (-337.210999 400.519012 -54 ) 
4 180 221 (-424.211029 0 -54 ) (-425.845032 0 -54 ) (-425.845032 400.519012 -54 ) (-424.211029 400.519012 -54 ) 
4 180 215 (-424.211029 402.885010 -54 ) (-337.210999 402.885010 -54 ) (-337.210999 400.519012 -54 ) (-424.211029 400.519012 -54 ) 
4 180 214 (-337.210999 402.885010 -54 ) (-334.578003 402.885010 -54 ) (-334.578003 400.519012 -54 ) (-337.210999 400.519012 -54 ) 
4 180 217 (-425.845032 402.885010 -54 ) (-424.211029 402.885010 -54 ) (-424.211029 400.519012 -54 ) (-425.845032 400.519012 -54 ) 
4 180 185 (-425.845032 2.511720 -54 ) (-425.845032 0 -54 ) (-425.845032 0 42 ) (-425.845032 2.511720 42 ) 
4 180 183 (-425.845032 149.511993 -54 ) (-425.845032 97.249710 -54 ) (-425.845032 97.249710 42 ) (-425.845032 149.511993 42 ) 
4 180 184 (-425.845032 94.884697 -54 ) (-425.845032 4.884700 -54 ) (-425.845032 4.884700 42 ) (-425.845032 94.884697 42 ) 
4 180 182 (-425.845032 345.885010 -54 ) (-425.845032 151.884995 -54 ) (-425.845032 151.884995 42 ) (-425.845032 345.885010 42 ) 
4 180 181 (-425.845032 400.519012 -54 ) (-425.845032 348.250000 -54 ) (-425.845032 348.250000 42 ) (-425.845032 400.519012 42 ) 
4 181 272 (-426.211029 400.519012 -54 ) (-426.211029 348.250000 -54 ) (-426.211029 348.250000 41.633999 ) (-426.211029 400.519012 41.633999 ) 
4 181 224 (-426.211029 348.250000 -54 ) (-426.211029 400.519012 -54 ) (-425.845032 400.519012 -54 ) (-425.845032 348.250000 -54 ) 
4 183 293 (-426.211029 149.511993 -54 ) (-426.211029 97.249710 -54 ) (-426.211029 97.249710 41.633999 ) (-426.211029 149.511993 41.633999 ) 
4 183 225 (-426.211029 97.249710 -54 ) (-426.211029 149.511993 -54 ) (-425.845032 149.511993 -54 ) (-425.845032 97.249710 -54 ) 
4 185 453 (-425.845032 0 42 ) (-426.211029 0 42 ) (-426.211029 0 -54 ) (-425.845032 0 -54 ) 
4 185 298 (-426.211029 2.511720 -54 ) (-426.211029 0 -54 ) (-426.211029 0 41.633999 ) (-426.211029 2.511720 41.633999 ) 
4 185 226 (-426.211029 0 -54 ) (-426.211029 2.511720 -54 ) (-425.845032 2.511720 -54 ) (-425.845032 0 -54 ) 
4 186 238 (-426.211029 1024 -54 ) (-426.211029 1024 -56 ) (-426.211029 775 -56 ) (-426.211029 775 -54 ) 
4 186 229 (-426.211029 775 -56 ) (-426.211029 1024 -56 ) (-334.210999 1024 -56 ) (-334.210999 775 -56 ) 
4 187 239 (-426.211029 743 -56 ) (-426.211029 615 -56 ) (-426.211029 615 -54 ) (-426.211029 743 -54 ) 
4 187 200 (-421 615 -56 ) (-418 615 -56 ) (-418 615 -54 ) (-421 615 -54 ) 
4 187 199 (-418 615 -56 ) (-342 615 -56 ) (-342 615 -54 ) (-418 615 -54 ) 
4 187 188 (-342 615 -56 ) (-341 615 -56 ) (-341 615 -54 ) (-342 615 -54 ) 
4 188 199 (-342 615 -54 ) (-342 615 -56 ) (-342 600 -56 ) (-342 600 -54 ) 
4 189 193 (-341 593.122925 -56 ) (-341 584.177002 -56 ) (-341 584.177002 -54 ) (-341 593.704651 -54 ) 
4 189 192 (-341 584.177002 -55 ) (-341 584.177002 -56 ) (-337.210999 584.177002 -56 ) (-337.210999 584.177002 -55 ) 
4 189 191 (-341 584.177002 -54 ) (-341 584.177002 -55 ) (-337.210999 584.177002 -55 ) (-337.210999 584.177002 -54 ) 
5 189 190 (-337.210999 584.177002 -56 ) (-334.973969 584.177002 -56 ) (-334.578003 584.177002 -54.639957 ) (-334.578003 584.177002 -54 ) (-337.210999 584.177002 -54 ) 
5 190 196 (-337.210999 494.427002 -56 ) (-334.973969 494.427002 -56 ) (-334.578003 494.427002 -54.639957 ) (-334.578003 494.427002 -54 ) (-337.210999 494.427002 -54 ) 
4 190 192 (-337.210999 584.177002 -55 ) (-337.210999 584.177002 -56 ) (-337.210999 494.427002 -56 ) (-337.210999 494.427002 -55 ) 
4 190 191 (-337.210999 584.177002 -54 ) (-337.210999 584.177002 -55 ) (-337.210999 494.427002 -55 ) (-337.210999 494.427002 -54 ) 
4 191 197 (-337.210999 494.427002 -55 ) (-337.210999 494.427002 -54 ) (-341 494.427002 -54 ) (-341 494.427002 -55 ) 
4 191 194 (-341 494.427002 -55 ) (-341 494.427002 -54 ) (-341 584.177002 -54 ) (-341 584.177002 -55 ) 
4 191 192 (-341 494.427002 -55 ) (-341 584.177002 -55 ) (-337.210999 584.177002 -55 ) (-337.210999 494.427002 -55 ) 
4 192 198 (-341 494.427002 -56 ) (-337.210999 494.427002 -56 ) (-337.210999 494.427002 -55 ) (-341 494.427002 -55 ) 
4 192 195 (-341 584.177002 -56 ) (-341 494.427002 -56 ) (-341 494.427002 -55 ) (-341 584.177002 -55 ) 
4 193 201 (-342 594 -56 ) (-342 584.177002 -56 ) (-342 584.177002 -54 ) (-342 594 -54 ) 
4 193 195 (-342 584.177002 -55 ) (-342 584.177002 -56 ) (-341 584.177002 -56 ) (-341 584.177002 -55 ) 
4 193 194 (-342 584.177002 -54 ) (-342 584.177002 -55 ) (-341 584.177002 -55 ) (-341 584.177002 -54 ) 
4 194 209 (-342 494.427002 -55 ) (-342 494.427002 -54 ) (-342 495.250000 -54 ) (-342 495.250000 -55 ) 
4 194 206 (-342 495.250000 -54 ) (-342 547.512085 -54 ) (-342 547.512085 -55 ) (-342 495.250000 -55 ) 
4 194 203 (-342 547.512085 -54 ) (-342 584.177002 -54 ) (-342 584.177002 -55 ) (-342 547.512085 -55 ) 
4 194 197 (-342 494.427002 -54 ) (-342 494.427002 -55 ) (-341 494.427002 -55 ) (-341 494.427002 -54 ) 
4 194 195 (-342 584.177002 -55 ) (-341 584.177002 -55 ) (-341 494.427002 -55 ) (-342 494.427002 -55 ) 
4 195 210 (-342 495.250000 -56 ) (-342 494.427002 -56 ) (-342 494.427002 -55 ) (-342 495.250000 -55 ) 
4 195 207 (-342 547.512085 -56 ) (-342 495.250000 -56 ) (-342 495.250000 -55 ) (-342 547.512085 -55 ) 
4 195 204 (-342 584.177002 -56 ) (-342 547.512085 -56 ) (-342 547.512085 -55 ) (-342 584.177002 -55 ) 
4 195 198 (-342 494.427002 -55 ) (-342 494.427002 -56 ) (-341 494.427002 -56 ) (-341 494.427002 -55 ) 
5 196 214 (-337.210999 441.885010 -56 ) (-334.973969 441.885010 -56 ) (-334.578003 441.885010 -54.639957 ) (-334.578003 441.885010 -54 ) (-337.210999 441.885010 -54 ) 
4 196 198 (-337.210999 494.427002 -55 ) (-337.210999 494.427002 -56 ) (-337.210999 441.885010 -56 ) (-337.210999 441.885010 -55 ) 
4 196 197 (-337.210999 494.427002 -54 ) (-337.210999 494.427002 -55 ) (-337.210999 441.885010 -55 ) (-337.210999 441.885010 -54 ) 
4 197 215 (-337.210999 441.885010 -55 ) (-337.210999 441.885010 -54 ) (-342 441.885010 -54 ) (-342 441.885010 -55 ) 
4 197 209 (-342 441.885010 -55 ) (-342 441.885010 -54 ) (-342 494.427002 -54 ) (-342 494.427002 -55 ) 
4 197 198 (-342 441.885010 -55 ) (-342 494.427002 -55 ) (-337.210999 494.427002 -55 ) (-337.210999 441.885010 -55 ) 
4 198 216 (-342 441.885010 -56 ) (-337.210999 441.885010 -56 ) (-337.210999 441.885010 -55 ) (-342 441.885010 -55 ) 
4 198 210 (-342 494.427002 -56 ) (-342 441.885010 -56 ) (-342 441.885010 -55 ) (-342 494.427002 -55 ) 
4 199 231 (-418 615 -56 ) (-417 615 -56 ) (-417 595.885010 -56 ) (-418 595.885010 -56 ) 
4 199 201 (-417.154999 593.885010 -56 ) (-342 593.885010 -56 ) (-342 593.885010 -54 ) (-417.154999 593.885010 -54 ) 
4 199 200 (-418 615 -54 ) (-418 615 -56 ) (-418 600 -56 ) (-418 600 -54 ) 
4 200 232 (-421 615 -56 ) (-418 615 -56 ) (-418 600 -56 ) (-421 600 -56 ) 
4 201 204 (-417.154999 584.177002 -56 ) (-342 584.177002 -56 ) (-342 584.177002 -55 ) (-417.154999 584.177002 -55 ) 
4 201 203 (-342 584.177002 -55 ) (-342 584.177002 -54 ) (-417.154999 584.177002 -54 ) (-417.154999 584.177002 -55 ) 
5 201 202 (-417.154999 593.122986 -56 ) (-417.154999 584.177002 -56 ) (-417.154999 584.177002 -54 ) (-417.154999 593.518982 -54 ) (-417.154999 593.518982 -54.638401 ) 
4 202 204 (-424.211029 584.177002 -56 ) (-417.154999 584.177002 -56 ) (-417.154999 584.177002 -55 ) (-424.211029 584.177002 -55 ) 
4 202 203 (-417.154999 584.177002 -55 ) (-417.154999 584.177002 -54 ) (-424.211029 584.177002 -54 ) (-424.211029 584.177002 -55 ) 
5 202 205 (-425.449005 584.177002 -56 ) (-424.211029 584.177002 -56 ) (-424.211029 584.177002 -54 ) (-425.845032 584.177002 -54 ) (-425.845032 584.177002 -54.640663 ) 
4 203 206 (-342 547.512085 -55 ) (-342 547.512085 -54 ) (-424.211029 547.512085 -54 ) (-424.211029 547.512085 -55 ) 
4 203 205 (-424.211029 584.177002 -54 ) (-424.211029 584.177002 -55 ) (-424.211029 547.512085 -55 ) (-424.211029 547.512085 -54 ) 
4 203 204 (-342 547.512085 -55 ) (-424.211029 547.512085 -55 ) (-424.211029 584.177002 -55 ) (-342 584.177002 -55 ) 
4 204 207 (-424.211029 547.512085 -56 ) (-342 547.512085 -56 ) (-342 547.512085 -55 ) (-424.211029 547.512085 -55 ) 
4 204 205 (-424.211029 584.177002 -55 ) (-424.211029 584.177002 -56 ) (-424.211029 547.512085 -56 ) (-424.211029 547.512085 -55 ) 
5 205 208 (-425.449005 547.512085 -56 ) (-424.211029 547.512085 -56 ) (-424.211029 547.512085 -54 ) (-425.845032 547.512085 -54 ) (-425.845032 547.512085 -54.640663 ) 
4 206 209 (-342 495.250000 -55 ) (-342 495.250000 -54 ) (-424.211029 495.250000 -54 ) (-424.211029 495.250000 -55 ) 
4 206 208 (-424.211029 547.512085 -54 ) (-424.211029 547.512085 -55 ) (-424.211029 495.250000 -55 ) (-424.211029 495.250000 -54 ) 
4 206 207 (-342 495.250000 -55 ) (-424.211029 495.250000 -55 ) (-424.211029 547.512085 -55 ) (-342 547.512085 -55 ) 
4 207 210 (-424.211029 495.250000 -56 ) (-342 495.250000 -56 ) (-342 495.250000 -55 ) (-424.211029 495.250000 -55 ) 
4 207 208 (-424.211029 547.512085 -55 ) (-424.211029 547.512085 -56 ) (-424.211029 495.250000 -56 ) (-424.211029 495.250000 -55 ) 
4 208 250 (-426.211029 547.512085 -56 ) (-426.211029 495.250000 -56 ) (-426.211029 495.250000 -54 ) (-426.211029 547.512085 -54 ) 
5 208 211 (-425.449005 495.250000 -56 ) (-424.211029 495.250000 -56 ) (-424.211029 495.250000 -54 ) (-425.845032 495.250000 -54 ) (-425.845032 495.250000 -54.640663 ) 
4 209 215 (-342 441.885010 -55 ) (-342 441.885010 -54 ) (-424.211029 441.885010 -54 ) (-424.211029 441.885010 -55 ) 
4 209 211 (-424.211029 495.250000 -54 ) (-424.211029 495.250000 -55 ) (-424.211029 441.885010 -55 ) (-424.211029 441.885010 -54 ) 
4 209 210 (-424.211029 441.885010 -55 ) (-424.211029 495.250000 -55 ) (-342 495.250000 -55 ) (-342 441.885010 -55 ) 
4 210 216 (-424.211029 441.885010 -56 ) (-342 441.885010 -56 ) (-342 441.885010 -55 ) (-424.211029 441.885010 -55 ) 
4 210 211 (-424.211029 495.250000 -55 ) (-424.211029 495.250000 -56 ) (-424.211029 441.885010 -56 ) (-424.211029 441.885010 -55 ) 
5 211 217 (-425.449005 441.885010 -56 ) (-424.211029 441.885010 -56 ) (-424.211029 441.885010 -54 ) (-425.845032 441.885010 -54 ) (-425.845032 441.885010 -54.640663 ) 
4 212 227 (-334.578003 347.885010 -56 ) (-334.578003 295.364014 -56 ) (-334.578003 295.364014 -54.639957 ) (-334.578003 347.885010 -54.639957 ) 
4 212 218 (-334.578003 295.364014 -54.639957 ) (-334.578003 295.364014 -54 ) (-334.578003 347.885010 -54 ) (-334.578003 347.885010 -54.639957 ) 
4 213 228 (-334.578003 96.426697 -56 ) (-334.578003 44.363701 -56 ) (-334.578003 44.363701 -54.639957 ) (-334.578003 96.426697 -54.639957 ) 
4 213 218 (-334.578003 43.884701 -54.639957 ) (-334.578003 43.884701 -54 ) (-334.578003 96.426697 -54 ) (-334.578003 96.426697 -54.639957 ) 
5 214 218 (-337.210999 400.519012 -56 ) (-334.976562 400.519012 -56 ) (-334.578003 400.519012 -54.632812 ) (-334.578003 400.519012 -54 ) (-337.210999 400.519012 -54 ) 
4 214 216 (-337.210999 441.885010 -55 ) (-337.210999 441.885010 -56 ) (-337.210999 400.519012 -56 ) (-337.210999 400.519012 -55 ) 
4 214 215 (-337.210999 441.885010 -54 ) (-337.210999 441.885010 -55 ) (-337.210999 400.519012 -55 ) (-337.210999 400.519012 -54 ) 
4 215 219 (-337.210999 400.519012 -55 ) (-337.210999 400.519012 -54 ) (-424.211029 400.519012 -54 ) (-424.211029 400.519012 -55 ) 
4 215 217 (-424.211029 441.885010 -54 ) (-424.211029 441.885010 -55 ) (-424.211029 400.519012 -55 ) (-424.211029 400.519012 -54 ) 
4 215 216 (-424.211029 400.519012 -55 ) (-424.211029 441.885010 -55 ) (-337.210999 441.885010 -55 ) (-337.210999 400.519012 -55 ) 
4 216 220 (-424.211029 400.519012 -56 ) (-337.210999 400.519012 -56 ) (-337.210999 400.519012 -55 ) (-424.211029 400.519012 -55 ) 
4 216 217 (-424.211029 441.885010 -55 ) (-424.211029 441.885010 -56 ) (-424.211029 400.519012 -56 ) (-424.211029 400.519012 -55 ) 
5 217 221 (-425.449005 400.519012 -56 ) (-424.211029 400.519012 -56 ) (-424.211029 400.519012 -54 ) (-425.845032 400.519012 -54 ) (-425.845032 400.519012 -54.640663 ) 
5 218 474 (-334.578003 0 -54 ) (-337.210999 0 -54 ) (-337.210999 0 -56 ) (-334.973969 0 -56 ) (-334.578003 0 -54.639957 ) 
4 218 227 (-334.972656 295.364014 -56 ) (-334.972656 347.885010 -56 ) (-334.578003 347.885010 -54.640625 ) (-334.578003 295.364014 -54.640625 ) 
4 218 228 (-334.972656 44.363701 -56 ) (-334.972656 96.426697 -56 ) (-334.578003 96.426697 -54.640625 ) (-334.578003 44.363701 -54.640625 ) 
4 218 220 (-337.210999 400.519012 -55 ) (-337.210999 400.519012 -56 ) (-337.210999 0 -56 ) (-337.210999 0 -55 ) 
4 218 219 (-337.210999 400.519012 -54 ) (-337.210999 400.519012 -55 ) (-337.210999 0 -55 ) (-337.210999 0 -54 ) 
4 219 475 (-337.210999 0 -54 ) (-424.211029 0 -54 ) (-424.211029 0 -55 ) (-337.210999 0 -55 ) 
4 219 221 (-424.211029 400.519012 -54 ) (-424.211029 400.519012 -55 ) (-424.211029 0 -55 ) (-424.211029 0 -54 ) 
4 219 220 (-424.211029 0 -55 ) (-424.211029 400.519012 -55 ) (-337.210999 400.519012 -55 ) (-337.210999 0 -55 ) 
4 220 476 (-424.211029 0 -55 ) (-424.211029 0 -56 ) (-337.210999 0 -56 ) (-337.210999 0 -55 ) 
4 220 221 (-424.211029 400.519012 -55 ) (-424.211029 400.519012 -56 ) (-424.211029 0 -56 ) (-424.211029 0 -55 ) 
5 221 477 (-424.211029 0 -54 ) (-425.845032 0 -54 ) (-425.845032 0 -54.640663 ) (-425.449005 0 -56 ) (-424.211029 0 -56 ) 
4 221 226 (-425.845032 2.884700 -54.640663 ) (-425.845032 0 -54.640663 ) (-425.845032 0 -54 ) (-425.845032 2.884700 -54 ) 
4 221 224 (-425.845032 400.519012 -54 ) (-425.845032 400.519012 -54.640663 ) (-425.845032 347.819031 -54.640663 ) (-425.845032 347.819031 -54 ) 
4 221 225 (-425.845032 149.884995 -54.640663 ) (-425.845032 96.750702 -54.640663 ) (-425.845032 96.750702 -54 ) (-425.845032 149.884995 -54 ) 
4 221 223 (-425.845032 97.249710 -54.638668 ) (-425.845032 149.511993 -54.638668 ) (-425.448425 149.511993 -56 ) (-425.448425 97.249710 -56 ) 
4 221 222 (-425.845032 348.250000 -54.638660 ) (-425.845032 400.519012 -54.638660 ) (-425.448425 400.519012 -56 ) (-425.448425 348.250000 -56 ) 
4 222 224 (-425.845032 400.519012 -54.640663 ) (-425.845032 400.519012 -56 ) (-425.845032 348.250000 -56 ) (-425.845032 348.250000 -54.640663 ) 
4 223 225 (-425.845032 149.511993 -56 ) (-425.845032 97.249710 -56 ) (-425.845032 97.249710 -54.640663 ) (-425.845032 149.511993 -54.640663 ) 
4 224 272 (-426.211029 400.519012 -56 ) (-426.211029 348.250000 -56 ) (-426.211029 348.250000 -54 ) (-426.211029 400.519012 -54 ) 
4 225 293 (-426.211029 149.511993 -56 ) (-426.211029 97.249710 -56 ) (-426.211029 97.249710 -54 ) (-426.211029 149.511993 -54 ) 
4 226 484 (-425.845032 0 -54 ) (-426.211029 0 -54 ) (-426.211029 0 -56 ) (-425.845032 0 -56 ) 
4 226 298 (-426.211029 2.511720 -56 ) (-426.211029 0 -56 ) (-426.211029 0 -54 ) (-426.211029 2.511720 -54 ) 
4 229 257 (-426.211029 1024 -56 ) (-426.211029 1024 -72 ) (-426.211029 743 -72 ) (-426.211029 743 -56 ) 
4 229 236 (-426.211029 743 -72 ) (-426.211029 1024 -72 ) (-334.210999 1024 -72 ) (-334.210999 743 -72 ) 
4 230 233 (-337 615 -63 ) (-334.210999 615 -63 ) (-334.210999 600 -63 ) (-337 600 -63 ) 
4 231 235 (-418 615 -63 ) (-417 615 -63 ) (-417 595.885010 -63 ) (-418 595.885010 -63 ) 
4 231 232 (-418 615 -56 ) (-418 615 -63 ) (-418 600 -63 ) (-418 600 -56 ) 
4 232 259 (-426.211029 600 -56 ) (-426.211029 615 -56 ) (-426.211029 615 -63 ) (-426.211029 600 -63 ) 
4 232 235 (-426.211029 600 -63 ) (-426.211029 615 -63 ) (-418 615 -63 ) (-418 600 -63 ) 
4 233 543 (-334.210999 0 -72 ) (-334.210999 0 -63 ) (-337 0 -63 ) (-337 0 -72 ) 
4 233 236 (-337 615 -72 ) (-334.210999 615 -72 ) (-334.210999 0 -72 ) (-337 0 -72 ) 
4 233 234 (-337 0 -63 ) (-337 595 -63 ) (-337 595 -72 ) (-337 0 -72 ) 
4 234 543 (-337 0 -63 ) (-417 0 -63 ) (-417 0 -72 ) (-337 0 -72 ) 
4 234 236 (-337 595 -72 ) (-337 0 -72 ) (-417 0 -72 ) (-417 595 -72 ) 
4 234 235 (-417 0 -63 ) (-417 595 -63 ) (-417 595 -72 ) (-417 0 -72 ) 
4 235 543 (-417 0 -63 ) (-426.211029 0 -63 ) (-426.211029 0 -72 ) (-417 0 -72 ) 
4 235 304 (-426.211029 197.884995 -72 ) (-426.211029 0 -72 ) (-426.211029 0 -63 ) (-426.211029 197.884995 -63 ) 
4 235 279 (-426.211029 347.885010 -72 ) (-426.211029 197.884995 -72 ) (-426.211029 197.884995 -63 ) (-426.211029 347.885010 -63 ) 
4 235 273 (-426.211029 400.885010 -72 ) (-426.211029 347.885010 -72 ) (-426.211029 347.885010 -63 ) (-426.211029 400.885010 -63 ) 
4 235 271 (-426.211029 494.885010 -72 ) (-426.211029 400.885010 -72 ) (-426.211029 400.885010 -63 ) (-426.211029 494.885010 -63 ) 
4 235 262 (-426.211029 600 -72 ) (-426.211029 494.885010 -72 ) (-426.211029 494.885010 -63 ) (-426.211029 600 -63 ) 
4 235 259 (-426.211029 615 -72 ) (-426.211029 600 -72 ) (-426.211029 600 -63 ) (-426.211029 615 -63 ) 
4 235 236 (-426.211029 0 -72 ) (-426.211029 615 -72 ) (-417 615 -72 ) (-417 0 -72 ) 
4 236 543 (-334.210999 0 -276 ) (-334.210999 0 -72 ) (-426.211029 0 -72 ) (-426.211029 0 -276 ) 
4 236 304 (-426.211029 197.884995 -276 ) (-426.211029 0 -276 ) (-426.211029 0 -72 ) (-426.211029 197.884995 -72 ) 
4 236 279 (-426.211029 347.885010 -276 ) (-426.211029 197.884995 -276 ) (-426.211029 197.884995 -72 ) (-426.211029 347.885010 -72 ) 
4 236 273 (-426.211029 400.885010 -276 ) (-426.211029 347.885010 -276 ) (-426.211029 347.885010 -72 ) (-426.211029 400.885010 -72 ) 
4 236 271 (-426.211029 494.885010 -276 ) (-426.211029 400.885010 -276 ) (-426.211029 400.885010 -72 ) (-426.211029 494.885010 -72 ) 
4 236 262 (-426.211029 600 -276 ) (-426.211029 494.885010 -276 ) (-426.211029 494.885010 -72 ) (-426.211029 600 -72 ) 
4 236 258 (-426.211029 743 -276 ) (-426.211029 615 -276 ) (-426.211029 615 -72 ) (-426.211029 743 -72 ) 
4 236 257 (-426.211029 1024 -72 ) (-426.211029 1024 -276 ) (-426.211029 743 -276 ) (-426.211029 743 -72 ) 
4 236 259 (-426.211029 615 -276 ) (-426.211029 600 -276 ) (-426.211029 600 -72 ) (-426.211029 615 -72 ) 
4 237 256 (-869.714050 547.885010 72 ) (-448.211029 547.885010 72 ) (-448.211029 547.885010 348 ) (-869.714050 547.885010 348 ) 
4 237 255 (-448.211029 547.885010 72 ) (-445.211029 547.885010 72 ) (-445.211029 547.885010 348 ) (-448.211029 547.885010 348 ) 
4 237 249 (-445.211029 547.885010 72 ) (-426.211029 547.885010 72 ) (-426.211029 547.885010 348 ) (-445.211029 547.885010 348 ) 
4 237 247 (-426.211029 547.885010 72 ) (-445.211029 547.885010 72 ) (-445.211029 594 72 ) (-426.211029 594 72 ) 
4 237 248 (-445.211029 547.885010 72 ) (-869.714050 547.885010 72 ) (-869.714050 594 72 ) (-445.211029 594 72 ) 
4 237 244 (-437 594 72 ) (-446 594 72 ) (-446 600 72 ) (-437 600 72 ) 
4 237 243 (-426.211029 599 72 ) (-426.211029 594 72 ) (-437 594 72 ) (-437 599 72 ) 
4 237 242 (-446 615 72 ) (-437 615 72 ) (-437 600 72 ) (-446 600 72 ) 
4 237 245 (-869.714050 594 72 ) (-869.714050 615 72 ) (-446 615 72 ) (-446 594 72 ) 
4 237 241 (-869.714050 615 72 ) (-869.714050 1024 72 ) (-469 1024 72 ) (-469 615 72 ) 
4 237 240 (-469 1024 72 ) (-437 1024 72 ) (-437 743 72 ) (-469 743 72 ) 
4 237 238 (-437 1024 72 ) (-426.211029 1024 72 ) (-426.211029 775 72 ) (-437 775 72 ) 
4 237 239 (-426.211029 743 72 ) (-426.211029 615 72 ) (-437 615 72 ) (-437 743 72 ) 
4 238 257 (-437 1024 -56 ) (-426.211029 1024 -56 ) (-426.211029 775 -56 ) (-437 775 -56 ) 
4 238 240 (-437 1024 -56 ) (-437 775 -56 ) (-437 775 72 ) (-437 1024 72 ) 
4 240 263 (-469 1024 -56 ) (-459.211029 1024 -56 ) (-459.211029 743 -56 ) (-469 743 -56 ) 
4 240 260 (-459.211029 1024 -56 ) (-437 1024 -56 ) (-437 743 -56 ) (-459.211029 743 -56 ) 
4 240 241 (-469 1024 -56 ) (-469 743 -56 ) (-469 743 72 ) (-469 1024 72 ) 
4 241 263 (-869.714050 1024 -56 ) (-469 1024 -56 ) (-469 615 -56 ) (-869.714050 615 -56 ) 
4 241 245 (-869.714050 615 -56 ) (-469 615 -56 ) (-469 615 72 ) (-869.714050 615 72 ) 
4 242 260 (-446 615 -56 ) (-437 615 -56 ) (-437 600 -56 ) (-446 600 -56 ) 
4 242 244 (-446 600 72 ) (-446 600 57 ) (-437 600 57 ) (-437 600 72 ) 
4 242 245 (-446 615 72 ) (-446 615 -56 ) (-446 600 -56 ) (-446 600 72 ) 
4 243 246 (-426.211029 594 57 ) (-426.211029 594 72 ) (-437 594 72 ) (-437 594 57 ) 
4 243 244 (-437 599 57 ) (-437 594 57 ) (-437 594 72 ) (-437 599 72 ) 
4 244 246 (-437 594 57 ) (-437 594 72 ) (-445.211029 594 72 ) (-445.211029 594 57 ) 
4 244 248 (-445.211029 594 72 ) (-446 594 72 ) (-446 594 57 ) (-445.211029 594 57 ) 
4 244 245 (-446 594 57 ) (-446 594 72 ) (-446 600 72 ) (-446 600 57 ) 
4 245 263 (-869.714050 615 -56 ) (-459.211029 615 -56 ) (-459.211029 594 -56 ) (-869.714050 594 -56 ) 
4 245 261 (-446 600 -56 ) (-446 595.885010 -56 ) (-459.211029 595.885010 -56 ) (-459.211029 600 -56 ) 
4 245 260 (-459.211029 615 -56 ) (-446 615 -56 ) (-446 600 -56 ) (-459.211029 600 -56 ) 
4 245 248 (-869.714050 594 72 ) (-869.714050 594 -56 ) (-446 594 -56 ) (-446 594 72 ) 
4 246 247 (-445.211029 593.885010 72 ) (-445.211029 593.885010 57 ) (-426.211029 593.885010 57 ) (-426.211029 593.885010 72 ) 
4 247 249 (-426.211029 547.885010 62 ) (-426.211029 547.885010 72 ) (-445.211029 547.885010 72 ) (-445.211029 547.885010 62 ) 
4 247 248 (-445.211029 594 72 ) (-445.211029 594 57 ) (-445.211029 547.885010 57 ) (-445.211029 547.885010 72 ) 
4 248 263 (-459.211029 547.885010 -56 ) (-869.714050 547.885010 -56 ) (-869.714050 594 -56 ) (-459.211029 594 -56 ) 
4 248 256 (-869.714050 547.885010 -56 ) (-448.211029 547.885010 -56 ) (-448.211029 547.885010 72 ) (-869.714050 547.885010 72 ) 
4 248 255 (-445.211029 547.885010 57 ) (-445.211029 547.885010 72 ) (-448.211029 547.885010 72 ) (-448.211029 547.885010 57 ) 
4 249 265 (-426.211029 494.885010 62 ) (-426.211029 494.885010 68 ) (-445.211029 494.885010 68 ) (-445.211029 494.885010 62 ) 
4 249 264 (-426.211029 494.885010 68 ) (-426.211029 494.885010 348 ) (-445.211029 494.885010 348 ) (-445.211029 494.885010 68 ) 
4 249 255 (-445.211029 547.885010 348 ) (-445.211029 547.885010 62 ) (-445.211029 494.885010 62 ) (-445.211029 494.885010 348 ) 
4 250 251 (-429.211029 547.512085 41.633999 ) (-429.211029 547.512085 -56 ) (-429.211029 495.250000 -56 ) (-429.211029 495.250000 41.633999 ) 
4 251 253 (-444 503.044037 42 ) (-444 540 42 ) (-444 540 32.126999 ) (-444 503.044037 32.126999 ) 
4 251 252 (-444 540 42 ) (-444 547.885010 42 ) (-444 547.885010 -56 ) (-444 540 -56 ) 
4 251 254 (-444 494.885010 42 ) (-444 503.044037 42 ) (-444 503.044037 -56 ) (-444 494.885010 -56 ) 
4 252 253 (-444 540 32.126999 ) (-444 540 42 ) (-445.211029 540 42 ) (-445.211029 540 32.126999 ) 
4 253 254 (-444 503.044037 32.126999 ) (-444 503.044037 42 ) (-445.211029 503.044037 42 ) (-445.211029 503.044037 32.126999 ) 
4 255 270 (-445.211029 494.885010 57 ) (-445.211029 494.885010 68 ) (-448.211029 494.885010 68 ) (-448.211029 494.885010 57 ) 
4 255 264 (-445.211029 494.885010 68 ) (-445.211029 494.885010 348 ) (-448.211029 494.885010 348 ) (-448.211029 494.885010 68 ) 
4 255 256 (-448.211029 494.885010 348 ) (-448.211029 547.885010 348 ) (-448.211029 547.885010 57 ) (-448.211029 494.885010 57 ) 
4 256 282 (-869.714050 494.885010 -56 ) (-448.211029 494.885010 -56 ) (-448.211029 494.885010 57 ) (-869.714050 494.885010 57 ) 
4 256 270 (-448.211029 494.885010 57 ) (-448.211029 494.885010 68 ) (-869.714050 494.885010 68 ) (-869.714050 494.885010 57 ) 
4 256 264 (-448.211029 494.885010 68 ) (-448.211029 494.885010 348 ) (-869.714050 494.885010 348 ) (-869.714050 494.885010 68 ) 
4 256 263 (-459.211029 494.885010 -56 ) (-869.714050 494.885010 -56 ) (-869.714050 547.885010 -56 ) (-459.211029 547.885010 -56 ) 
4 257 258 (-437 743 -72 ) (-437 743 -276 ) (-426.211029 743 -276 ) (-426.211029 743 -72 ) 
4 257 260 (-437 1024 -276 ) (-437 743 -276 ) (-437 743 -56 ) (-437 1024 -56 ) 
4 258 260 (-437 743 -276 ) (-437 615 -276 ) (-437 615 -72 ) (-437 743 -72 ) 
4 258 259 (-437 615 -72 ) (-437 615 -276 ) (-426.211029 615 -276 ) (-426.211029 615 -72 ) 
4 259 262 (-437 600 -276 ) (-426.211029 600 -276 ) (-426.211029 600 -63 ) (-437 600 -63 ) 
4 259 260 (-437 615 -276 ) (-437 600 -276 ) (-437 600 -56 ) (-437 615 -56 ) 
4 260 263 (-459.211029 1024 -276 ) (-459.211029 600 -276 ) (-459.211029 600 -56 ) (-459.211029 1024 -56 ) 
4 260 261 (-459.211029 600 -56 ) (-459.211029 600 -63 ) (-446 600 -63 ) (-446 600 -56 ) 
4 260 262 (-459.211029 600 -63 ) (-459.211029 600 -276 ) (-437 600 -276 ) (-437 600 -63 ) 
4 261 263 (-459.211029 595.885010 -56 ) (-459.211029 600 -56 ) (-459.211029 600 -63 ) (-459.211029 595.885010 -63 ) 
4 261 262 (-459.211029 595.885010 -63 ) (-459.211029 600 -63 ) (-446 600 -63 ) (-446 595.885010 -63 ) 
4 262 283 (-459.211029 494.885010 -276 ) (-445.211029 494.885010 -276 ) (-445.211029 494.885010 -63 ) (-459.211029 494.885010 -63 ) 
4 262 271 (-445.211029 494.885010 -276 ) (-426.211029 494.885010 -276 ) (-426.211029 494.885010 -63 ) (-445.211029 494.885010 -63 ) 
4 262 263 (-459.211029 600 -276 ) (-459.211029 494.885010 -276 ) (-459.211029 494.885010 -63 ) (-459.211029 600 -63 ) 
4 263 284 (-869.714050 494.885010 -276 ) (-459.211029 494.885010 -276 ) (-459.211029 494.885010 -56 ) (-869.714050 494.885010 -56 ) 
4 264 303 (-448.211029 197.884995 348 ) (-869.714050 197.884995 348 ) (-869.714050 197.884995 68 ) (-448.211029 197.884995 68 ) 
4 264 300 (-445.211029 197.884995 348 ) (-448.211029 197.884995 348 ) (-448.211029 197.884995 68 ) (-445.211029 197.884995 68 ) 
4 264 285 (-426.211029 197.884995 68 ) (-426.211029 197.884995 348 ) (-445.211029 197.884995 348 ) (-445.211029 197.884995 68 ) 
4 264 270 (-445.211029 197.884995 68 ) (-869.714050 197.884995 68 ) (-869.714050 494.885010 68 ) (-445.211029 494.885010 68 ) 
4 264 268 (-445.211029 347.885010 68 ) (-445.211029 395.885010 68 ) (-430.158020 395.885010 68 ) (-430.158020 347.885010 68 ) 
4 264 269 (-430.158020 197.884995 68 ) (-445.211029 197.884995 68 ) (-445.211029 347.885010 68 ) (-430.158020 347.885010 68 ) 
4 264 267 (-445.211029 395.885010 68 ) (-445.211029 400.885010 68 ) (-431.211029 400.885010 68 ) (-431.211029 395.885010 68 ) 
4 264 266 (-445.211029 400.885010 68 ) (-445.211029 491.885010 68 ) (-431.211029 491.885010 68 ) (-431.211029 400.885010 68 ) 
4 264 265 (-445.211029 491.885010 68 ) (-445.211029 494.885010 68 ) (-426.211029 494.885010 68 ) (-426.211029 491.885010 68 ) 
4 265 270 (-445.211029 494.885010 57 ) (-445.211029 491.885010 57 ) (-445.211029 491.885010 68 ) (-445.211029 494.885010 68 ) 
4 265 266 (-445.211029 491.885010 68 ) (-445.211029 491.885010 57 ) (-431.211029 491.885010 57 ) (-431.211029 491.885010 68 ) 
4 266 270 (-445.211029 491.885010 57 ) (-445.211029 400.885010 57 ) (-445.211029 400.885010 68 ) (-445.211029 491.885010 68 ) 
4 266 267 (-445.211029 400.885010 68 ) (-445.211029 400.885010 62 ) (-431.211029 400.885010 62 ) (-431.211029 400.885010 68 ) 
4 267 270 (-445.211029 395.885010 62 ) (-445.211029 395.885010 68 ) (-445.211029 400.885010 68 ) (-445.211029 400.885010 62 ) 
4 267 268 (-445.211029 395.885010 68 ) (-445.211029 395.885010 62 ) (-431.211029 395.885010 62 ) (-431.211029 395.885010 68 ) 
4 268 270 (-445.211029 347.885010 62 ) (-445.211029 347.885010 68 ) (-445.211029 395.885010 68 ) (-445.211029 395.885010 62 ) 
4 268 269 (-445.211029 347.885010 68 ) (-445.211029 347.885010 62 ) (-430.158020 347.885010 62 ) (-430.158020 347.885010 68 ) 
4 269 285 (-430.158020 197.884995 68 ) (-445.211029 197.884995 68 ) (-445.211029 197.884995 57 ) (-430.158020 197.884995 57 ) 
4 269 270 (-445.211029 347.885010 57 ) (-445.211029 197.884995 57 ) (-445.211029 197.884995 68 ) (-445.211029 347.885010 68 ) 
4 270 303 (-448.211029 197.884995 68 ) (-869.714050 197.884995 68 ) (-869.714050 197.884995 57 ) (-448.211029 197.884995 57 ) 
4 270 300 (-445.211029 197.884995 68 ) (-448.211029 197.884995 68 ) (-448.211029 197.884995 57 ) (-445.211029 197.884995 57 ) 
4 270 282 (-448.211029 197.884995 57 ) (-869.714050 197.884995 57 ) (-869.714050 494.885010 57 ) (-448.211029 494.885010 57 ) 
4 270 280 (-448.211029 400.885010 57 ) (-448.211029 494.885010 57 ) (-445.211029 494.885010 57 ) (-445.211029 400.885010 57 ) 
4 270 281 (-445.211029 197.884995 57 ) (-448.211029 197.884995 57 ) (-448.211029 347.885010 57 ) (-445.211029 347.885010 57 ) 
4 271 283 (-445.211029 494.885010 -63 ) (-445.211029 494.885010 -276 ) (-445.211029 400.885010 -276 ) (-445.211029 400.885010 -63 ) 
4 271 278 (-445.211029 400.885010 -276 ) (-429.211029 400.885010 -276 ) (-429.211029 400.885010 -63 ) (-445.211029 400.885010 -63 ) 
4 271 273 (-429.211029 400.885010 -276 ) (-426.211029 400.885010 -276 ) (-426.211029 400.885010 -63 ) (-429.211029 400.885010 -63 ) 
4 272 275 (-429.211029 400.519012 -56 ) (-429.211029 348.250000 -56 ) (-429.211029 348.250000 32.126999 ) (-429.211029 400.519012 32.126999 ) 
4 272 274 (-429.211029 348.250000 32.126999 ) (-429.211029 348.250000 41.633999 ) (-429.211029 400.519012 41.633999 ) (-429.211029 400.519012 32.126999 ) 
4 273 279 (-429.211029 347.885010 -276 ) (-426.211029 347.885010 -276 ) (-426.211029 347.885010 -63 ) (-429.211029 347.885010 -63 ) 
4 273 278 (-429.211029 400.885010 -63 ) (-429.211029 400.885010 -276 ) (-429.211029 347.885010 -276 ) (-429.211029 347.885010 -63 ) 
4 274 277 (-444 355.044037 32.126999 ) (-444 347.885010 32.126999 ) (-445.211029 347.885010 32.126999 ) (-445.211029 355.044037 32.126999 ) 
4 274 276 (-445.211029 400.885010 32.126999 ) (-444 400.885010 32.126999 ) (-444 392 32.126999 ) (-445.211029 392 32.126999 ) 
4 274 275 (-444 400.885010 32.126999 ) (-429.211029 400.885010 32.126999 ) (-429.211029 347.885010 32.126999 ) (-444 347.885010 32.126999 ) 
4 275 277 (-444 347.885010 -56 ) (-444 347.885010 32.126999 ) (-444 355.044037 32.126999 ) (-444 355.044037 -56 ) 
4 275 276 (-444 392 32.126999 ) (-444 400.885010 32.126999 ) (-444 400.885010 -56 ) (-444 392 -56 ) 
4 278 283 (-445.211029 400.885010 -63 ) (-445.211029 400.885010 -276 ) (-445.211029 347.885010 -276 ) (-445.211029 347.885010 -63 ) 
4 278 279 (-445.211029 347.885010 -276 ) (-429.211029 347.885010 -276 ) (-429.211029 347.885010 -63 ) (-445.211029 347.885010 -63 ) 
4 279 304 (-426.211029 197.884995 -276 ) (-426.211029 197.884995 -63 ) (-445.211029 197.884995 -63 ) (-445.211029 197.884995 -276 ) 
4 279 283 (-445.211029 197.884995 -276 ) (-445.211029 197.884995 -63 ) (-445.211029 347.885010 -63 ) (-445.211029 347.885010 -276 ) 
4 280 282 (-448.211029 494.885010 -56 ) (-448.211029 400.885010 -56 ) (-448.211029 400.885010 57 ) (-448.211029 494.885010 57 ) 
4 281 301 (-445.211029 197.884995 -56 ) (-445.211029 197.884995 57 ) (-448.211029 197.884995 57 ) (-448.211029 197.884995 -56 ) 
4 281 282 (-448.211029 347.885010 -56 ) (-448.211029 197.884995 -56 ) (-448.211029 197.884995 57 ) (-448.211029 347.885010 57 ) 
4 282 303 (-448.211029 197.884995 57 ) (-869.714050 197.884995 57 ) (-869.714050 197.884995 -56 ) (-448.211029 197.884995 -56 ) 
4 282 284 (-869.714050 494.885010 -56 ) (-459.211029 494.885010 -56 ) (-459.211029 197.884995 -56 ) (-869.714050 197.884995 -56 ) 
4 283 304 (-445.211029 197.884995 -276 ) (-445.211029 197.884995 -63 ) (-459.211029 197.884995 -63 ) (-459.211029 197.884995 -276 ) 
4 283 284 (-459.211029 494.885010 -276 ) (-459.211029 197.884995 -276 ) (-459.211029 197.884995 -63 ) (-459.211029 494.885010 -63 ) 
4 284 305 (-459.211029 197.884995 -56 ) (-869.714050 197.884995 -56 ) (-869.714050 197.884995 -276 ) (-459.211029 197.884995 -276 ) 
4 285 300 (-445.211029 197.884995 348 ) (-445.211029 197.884995 57 ) (-445.211029 150.181000 57 ) (-445.211029 150.181000 348 ) 
4 285 286 (-426.211029 150.181000 57 ) (-426.211029 150.181000 348 ) (-445.211029 150.181000 348 ) (-445.211029 150.181000 57 ) 
4 286 300 (-445.211029 149.884995 57 ) (-445.211029 149.884995 348 ) (-445.211029 150.181000 348 ) (-445.211029 150.181000 57 ) 
4 286 295 (-445.211029 149.884995 42 ) (-445.211029 150.181000 42 ) (-444 150.181000 42 ) (-444 149.884995 42 ) 
4 286 294 (-444 150.181000 42 ) (-429.211029 150.181000 42 ) (-429.211029 149.884995 42 ) (-444 149.884995 42 ) 
4 286 292 (-429.211029 150.181000 42 ) (-426.211029 150.181000 42 ) (-426.211029 149.884995 42 ) (-429.211029 149.884995 42 ) 
4 286 287 (-426.211029 149.884995 62 ) (-426.211029 149.884995 348 ) (-445.211029 149.884995 348 ) (-445.211029 149.884995 62 ) 
4 287 300 (-445.211029 96.884697 62 ) (-445.211029 96.884697 348 ) (-445.211029 149.884995 348 ) (-445.211029 149.884995 62 ) 
4 287 289 (-445.211029 96.884697 68 ) (-445.211029 96.884697 62 ) (-426.211029 96.884697 62 ) (-426.211029 96.884697 68 ) 
4 287 288 (-445.211029 96.884697 348 ) (-445.211029 96.884697 68 ) (-426.211029 96.884697 68 ) (-426.211029 96.884697 348 ) 
4 288 502 (-426.211029 0 68 ) (-426.211029 0 348 ) (-445.211029 0 348 ) (-445.211029 0 68 ) 
4 288 300 (-445.211029 0 68 ) (-445.211029 0 348 ) (-445.211029 96.884697 348 ) (-445.211029 96.884697 68 ) 
4 288 291 (-445.211029 0 68 ) (-445.211029 2.884700 68 ) (-431.211029 2.884700 68 ) (-431.211029 0 68 ) 
4 288 290 (-445.211029 2.884700 68 ) (-445.211029 93.884697 68 ) (-431.211029 93.884697 68 ) (-431.211029 2.884700 68 ) 
4 288 289 (-445.211029 93.884697 68 ) (-445.211029 96.884697 68 ) (-426.211029 96.884697 68 ) (-426.211029 93.884697 68 ) 
4 289 300 (-445.211029 93.884697 68 ) (-445.211029 96.884697 68 ) (-445.211029 96.884697 57 ) (-445.211029 93.884697 57 ) 
4 289 290 (-445.211029 93.884697 57 ) (-431.211029 93.884697 57 ) (-431.211029 93.884697 68 ) (-445.211029 93.884697 68 ) 
4 290 300 (-445.211029 2.884700 68 ) (-445.211029 93.884697 68 ) (-445.211029 93.884697 57 ) (-445.211029 2.884700 57 ) 
4 290 291 (-431.211029 2.884700 62 ) (-431.211029 2.884700 68 ) (-445.211029 2.884700 68 ) (-445.211029 2.884700 62 ) 
4 291 503 (-431.211029 0 68 ) (-445.211029 0 68 ) (-445.211029 0 62 ) (-431.211029 0 62 ) 
4 291 300 (-445.211029 0 62 ) (-445.211029 0 68 ) (-445.211029 2.884700 68 ) (-445.211029 2.884700 62 ) 
4 292 294 (-429.211029 150.181000 -56 ) (-429.211029 149.884995 -56 ) (-429.211029 149.884995 42 ) (-429.211029 150.181000 42 ) 
4 293 294 (-429.211029 149.511993 -56 ) (-429.211029 97.249710 -56 ) (-429.211029 97.249710 41.633999 ) (-429.211029 149.511993 41.633999 ) 
4 294 296 (-444 107.043999 32.126999 ) (-444 107.043999 42 ) (-444 144 42 ) (-444 144 32.126999 ) 
4 294 295 (-444 150.181000 42 ) (-444 150.181000 -56 ) (-444 144 -56 ) (-444 144 42 ) 
4 294 297 (-444 107.043999 -56 ) (-444 96.884697 -56 ) (-444 96.884697 42 ) (-444 107.043999 42 ) 
4 295 296 (-444 144 32.126999 ) (-444 144 42 ) (-445.211029 144 42 ) (-445.211029 144 32.126999 ) 
4 296 297 (-444 107.043999 32.126999 ) (-444 107.043999 42 ) (-445.211029 107.043999 42 ) (-445.211029 107.043999 32.126999 ) 
4 298 515 (-426.211029 0 -56 ) (-426.211029 0 41.633999 ) (-429.211029 0 41.633999 ) (-429.211029 0 -56 ) 
4 298 299 (-429.211029 2.511720 -56 ) (-429.211029 0 -56 ) (-429.211029 0 41.633999 ) (-429.211029 2.511720 41.633999 ) 
4 299 519 (-444 0 42 ) (-445.211029 0 42 ) (-445.211029 0 -56 ) (-444 0 -56 ) 
4 299 518 (-429.211029 0 42 ) (-444 0 42 ) (-444 0 -56 ) (-429.211029 0 -56 ) 
4 300 532 (-445.211029 0 57 ) (-445.211029 0 348 ) (-448.211029 0 348 ) (-448.211029 0 57 ) 
4 300 303 (-448.211029 0 57 ) (-448.211029 0 348 ) (-448.211029 197.884995 348 ) (-448.211029 197.884995 57 ) 
4 300 301 (-448.211029 152 57 ) (-448.211029 197.884995 57 ) (-445.211029 197.884995 57 ) (-445.211029 152 57 ) 
4 300 302 (-448.211029 2.884700 57 ) (-448.211029 96.884697 57 ) (-445.211029 96.884697 57 ) (-445.211029 2.884700 57 ) 
4 301 303 (-448.211029 197.884995 -56 ) (-448.211029 152 -56 ) (-448.211029 152 57 ) (-448.211029 197.884995 57 ) 
4 302 303 (-448.211029 96.884697 -56 ) (-448.211029 2.884700 -56 ) (-448.211029 2.884700 57 ) (-448.211029 96.884697 57 ) 
4 303 536 (-869.714050 0 -56 ) (-448.211029 0 -56 ) (-448.211029 0 348 ) (-869.714050 0 348 ) 
4 303 305 (-869.714050 197.884995 -56 ) (-459.211029 197.884995 -56 ) (-459.211029 0 -56 ) (-869.714050 0 -56 ) 
4 304 543 (-426.211029 0 -276 ) (-426.211029 0 -63 ) (-459.211029 0 -63 ) (-459.211029 0 -276 ) 
4 304 305 (-459.211029 197.884995 -276 ) (-459.211029 0 -276 ) (-459.211029 0 -63 ) (-459.211029 197.884995 -63 ) 
4 305 553 (-459.211029 0 -56 ) (-869.714050 0 -56 ) (-869.714050 0 -276 ) (-459.211029 0 -276 ) 
4 306 321 (-315.210999 -501.205017 62 ) (-315.210999 -501.205017 68 ) (-315.210999 -448.205017 68 ) (-315.210999 -448.205017 62 ) 
4 306 322 (-315.210999 -501.205017 57 ) (-315.210999 -598.114990 57 ) (-315.210999 -598.114990 68 ) (-315.210999 -501.205017 68 ) 
4 306 320 (-315.210999 -400.114990 57 ) (-315.210999 -448.205017 57 ) (-315.210999 -448.205017 68 ) (-315.210999 -400.114990 68 ) 
4 306 319 (-315.210999 -354.205017 57 ) (-315.210999 -400.114990 57 ) (-315.210999 -400.114990 68 ) (-315.210999 -354.205017 68 ) 
4 306 323 (-315.210999 -598.114990 57 ) (-315.210999 -899 57 ) (-315.210999 -899 68 ) (-315.210999 -598.114990 68 ) 
4 306 318 (-315.210999 -354.205017 62 ) (-315.210999 -354.205017 68 ) (-315.210999 -301.205017 68 ) (-315.210999 -301.205017 62 ) 
4 306 317 (-315.210999 -200.115021 57 ) (-315.210999 -301.205017 57 ) (-315.210999 -301.205017 68 ) (-315.210999 -200.115021 68 ) 
4 306 315 (-315.210999 -103.204002 62 ) (-315.210999 -103.204002 68 ) (-315.210999 -50.204300 68 ) (-315.210999 -50.204300 62 ) 
4 306 314 (-315.210999 -2.115300 57 ) (-315.210999 -50.204300 57 ) (-315.210999 -50.204300 68 ) (-315.210999 -2.115300 68 ) 
4 306 316 (-315.210999 -103.204002 57 ) (-315.210999 -200.115021 57 ) (-315.210999 -200.115021 68 ) (-315.210999 -103.204002 68 ) 
4 306 313 (-315.210999 0 68 ) (-315.210999 0 57 ) (-315.210999 -2.115300 57 ) (-315.210999 -2.115300 68 ) 
4 306 312 (-315.210999 0 348 ) (-315.210999 0 68 ) (-315.210999 -899 68 ) (-315.210999 -899 348 ) 
4 306 311 (-315.210999 -899 57 ) (-315.210999 -501.205017 57 ) (-312.210999 -501.205017 57 ) (-312.210999 -899 57 ) 
4 306 310 (-315.210999 -448.205017 57 ) (-315.210999 -354.205017 57 ) (-312.210999 -354.205017 57 ) (-312.210999 -448.205017 57 ) 
4 306 308 (-315.210999 -50.204300 57 ) (-315.210999 0 57 ) (-312.210999 0 57 ) (-312.210999 -50.204300 57 ) 
4 306 309 (-315.210999 -301.205017 57 ) (-315.210999 -103.204002 57 ) (-312.210999 -103.204002 57 ) (-312.210999 -301.205017 57 ) 
4 306 307 (-312.210999 0 57 ) (0 0 57 ) (0 -899 57 ) (-312.210999 -899 57 ) 
4 307 537 (-312.210999 0 -56 ) (0 0 -56 ) (0 -899 -56 ) (-312.210999 -899 -56 ) 
4 307 311 (-312.210999 -501.205017 -56 ) (-312.210999 -899 -56 ) (-312.210999 -899 57 ) (-312.210999 -501.205017 57 ) 
4 307 310 (-312.210999 -354.205017 -56 ) (-312.210999 -448.205017 -56 ) (-312.210999 -448.205017 57 ) (-312.210999 -354.205017 57 ) 
4 307 308 (-312.210999 0 -56 ) (-312.210999 -50.204300 -56 ) (-312.210999 -50.204300 57 ) (-312.210999 0 57 ) 
4 307 309 (-312.210999 -103.204002 -56 ) (-312.210999 -301.205017 -56 ) (-312.210999 -301.205017 57 ) (-312.210999 -103.204002 57 ) 
4 308 538 (-315.210999 0 -56 ) (-312.210999 0 -56 ) (-312.210999 -50.204300 -56 ) (-315.210999 -50.204300 -56 ) 
4 309 539 (-312.210999 -103.204002 -56 ) (-312.210999 -301.205017 -56 ) (-315.210999 -301.205017 -56 ) (-315.210999 -103.204002 -56 ) 
4 310 540 (-312.210999 -354.205017 -56 ) (-312.210999 -448.205017 -56 ) (-315.210999 -448.205017 -56 ) (-315.210999 -354.205017 -56 ) 
4 311 541 (-312.210999 -501.205017 -56 ) (-312.210999 -899 -56 ) (-315.210999 -899 -56 ) (-315.210999 -501.205017 -56 ) 
4 311 340 (-315.210999 -598.114990 -56 ) (-315.210999 -899 -56 ) (-315.210999 -899 42 ) (-315.210999 -598.114990 42 ) 
4 311 324 (-315.210999 -899 42 ) (-315.210999 -899 57 ) (-315.210999 -598.114990 57 ) (-315.210999 -598.114990 42 ) 
4 312 423 (-334.210999 -899 348 ) (-334.210999 -598.114990 348 ) (-334.210999 -598.114990 68 ) (-334.210999 -899 68 ) 
4 312 422 (-334.210999 -598.114990 348 ) (-334.210999 -502.114990 348 ) (-334.210999 -502.114990 68 ) (-334.210999 -598.114990 68 ) 
4 312 414 (-334.210999 -500.114990 68 ) (-334.210999 -502.114990 68 ) (-334.210999 -502.114990 71 ) (-334.210999 -500.114990 71 ) 
4 312 404 (-334.210999 -457.125000 68 ) (-334.210999 -500.114990 68 ) (-334.210999 -500.114990 71 ) (-334.210999 -457.125000 71 ) 
4 312 402 (-334.210999 -454.114990 71 ) (-334.210999 -454.114990 68 ) (-334.210999 -457.125000 68 ) (-334.210999 -457.125000 71 ) 
4 312 401 (-334.210999 -502.114990 348 ) (-334.210999 -454.114990 348 ) (-334.210999 -454.114990 71 ) (-334.210999 -502.114990 71 ) 
4 312 400 (-334.210999 -454.114990 348 ) (-334.210999 -400.114990 348 ) (-334.210999 -400.114990 68 ) (-334.210999 -454.114990 68 ) 
4 312 384 (-334.210999 -400.114990 348 ) (-334.210999 -304.114990 348 ) (-334.210999 -304.114990 68 ) (-334.210999 -400.114990 68 ) 
4 312 376 (-334.210999 -259.114990 68 ) (-334.210999 -304.114990 68 ) (-334.210999 -304.114990 71 ) (-334.210999 -259.114990 71 ) 
4 312 374 (-334.210999 -256.114990 71 ) (-334.210999 -256.114990 68 ) (-334.210999 -259.114990 68 ) (-334.210999 -259.114990 71 ) 
4 312 373 (-334.210999 -304.114990 348 ) (-334.210999 -256.114990 348 ) (-334.210999 -256.114990 71 ) (-334.210999 -304.114990 71 ) 
4 312 372 (-334.210999 -256.114990 348 ) (-334.210999 -200.115021 348 ) (-334.210999 -200.115021 68 ) (-334.210999 -256.114990 68 ) 
4 312 357 (-334.210999 -200.115021 348 ) (-334.210999 -104.115005 348 ) (-334.210999 -104.115005 68 ) (-334.210999 -200.115021 68 ) 
4 312 350 (-334.210999 -101.115005 68 ) (-334.210999 -104.115005 68 ) (-334.210999 -104.115005 71 ) (-334.210999 -101.115005 71 ) 
4 312 347 (-334.210999 -59.115303 68 ) (-334.210999 -101.115005 68 ) (-334.210999 -101.115005 71 ) (-334.210999 -59.115303 71 ) 
4 312 345 (-334.210999 -56.115303 71 ) (-334.210999 -56.115303 68 ) (-334.210999 -59.115303 68 ) (-334.210999 -59.115303 71 ) 
4 312 344 (-334.210999 -104.115005 348 ) (-334.210999 -56.115303 348 ) (-334.210999 -56.115303 71 ) (-334.210999 -104.115005 71 ) 
4 312 343 (-334.210999 -56.115303 348 ) (-334.210999 -2.115300 348 ) (-334.210999 -2.115300 68 ) (-334.210999 -56.115303 68 ) 
4 312 341 (-334.210999 -2.115300 348 ) (-334.210999 0 348 ) (-334.210999 0 68 ) (-334.210999 -2.115300 68 ) 
4 312 321 (-333.210999 -448.205017 68 ) (-315.210999 -448.205017 68 ) (-315.210999 -501.205017 68 ) (-333.210999 -501.205017 68 ) 
4 312 322 (-315.210999 -501.205017 68 ) (-315.210999 -598.114990 68 ) (-333.210999 -598.114990 68 ) (-333.210999 -501.205017 68 ) 
4 312 320 (-333.210999 -400.114990 68 ) (-315.210999 -400.114990 68 ) (-315.210999 -448.205017 68 ) (-333.210999 -448.205017 68 ) 
4 312 319 (-334.210999 -400.114990 68 ) (-334.210999 -354.205017 68 ) (-315.210999 -354.205017 68 ) (-315.210999 -400.114990 68 ) 
4 312 323 (-334.210999 -899 68 ) (-334.210999 -598.114990 68 ) (-315.210999 -598.114990 68 ) (-315.210999 -899 68 ) 
4 312 318 (-334.210999 -354.205017 68 ) (-334.210999 -301.205017 68 ) (-315.210999 -301.205017 68 ) (-315.210999 -354.205017 68 ) 
4 312 317 (-334.210999 -301.205017 68 ) (-334.210999 -200.115021 68 ) (-315.210999 -200.115021 68 ) (-315.210999 -301.205017 68 ) 
4 312 315 (-315.210999 -50.204300 68 ) (-315.210999 -103.204002 68 ) (-333.210999 -103.204002 68 ) (-333.210999 -50.204300 68 ) 
4 312 314 (-333.210999 -2.115300 68 ) (-315.210999 -2.115300 68 ) (-315.210999 -50.204300 68 ) (-333.210999 -50.204300 68 ) 
4 312 316 (-315.210999 -103.204002 68 ) (-315.210999 -200.115021 68 ) (-333.210999 -200.115021 68 ) (-333.210999 -103.204002 68 ) 
4 312 313 (-334.210999 -2.115300 68 ) (-334.210999 0 68 ) (-315.210999 0 68 ) (-315.210999 -2.115300 68 ) 
4 313 314 (-333.210999 -2.115300 57 ) (-315.210999 -2.115300 57 ) (-315.210999 -2.115300 68 ) (-333.210999 -2.115300 68 ) 
4 314 315 (-333.210999 -50.204300 68 ) (-333.210999 -50.204300 62 ) (-315.210999 -50.204300 62 ) (-315.210999 -50.204300 68 ) 
4 315 316 (-333.210999 -103.204002 68 ) (-333.210999 -103.204002 62 ) (-315.210999 -103.204002 62 ) (-315.210999 -103.204002 68 ) 
4 316 317 (-333.210999 -200.115021 57 ) (-315.210999 -200.115021 57 ) (-315.210999 -200.115021 68 ) (-333.210999 -200.115021 68 ) 
4 317 318 (-315.210999 -301.205017 62 ) (-315.210999 -301.205017 68 ) (-334.210999 -301.205017 68 ) (-334.210999 -301.205017 62 ) 
4 318 319 (-315.210999 -354.205017 62 ) (-315.210999 -354.205017 68 ) (-334.210999 -354.205017 68 ) (-334.210999 -354.205017 62 ) 
4 319 320 (-333.210999 -400.114990 57 ) (-315.210999 -400.114990 57 ) (-315.210999 -400.114990 68 ) (-333.210999 -400.114990 68 ) 
4 320 321 (-315.210999 -448.205017 62 ) (-315.210999 -448.205017 68 ) (-333.210999 -448.205017 68 ) (-333.210999 -448.205017 62 ) 
4 321 322 (-333.210999 -501.205017 68 ) (-333.210999 -501.205017 62 ) (-315.210999 -501.205017 62 ) (-315.210999 -501.205017 68 ) 
4 322 323 (-333.210999 -598.114990 57 ) (-315.210999 -598.114990 57 ) (-315.210999 -598.114990 68 ) (-333.210999 -598.114990 68 ) 
4 323 423 (-334.210999 -899 68 ) (-334.210999 -598.114990 68 ) (-334.210999 -598.114990 57 ) (-334.210999 -899 57 ) 
4 323 324 (-334.210999 -899 57 ) (-334.210999 -598.114990 57 ) (-315.210999 -598.114990 57 ) (-315.210999 -899 57 ) 
4 324 430 (-334.210999 -598.114990 54 ) (-334.210999 -598.114990 42 ) (-334.210999 -899 42 ) (-334.210999 -899 54 ) 
4 324 425 (-334.210999 -899 57 ) (-334.210999 -598.114990 57 ) (-334.210999 -598.114990 54 ) (-334.210999 -899 54 ) 
4 324 340 (-334.210999 -899 42 ) (-334.210999 -598.114990 42 ) (-315.210999 -598.114990 42 ) (-315.210999 -899 42 ) 
4 325 329 (-331.210999 -50.570305 -56 ) (-331.210999 -59.043999 -56 ) (-331.210999 -59.043999 41.633999 ) (-331.210999 -50.570305 41.633999 ) 
4 325 326 (-315.210999 -59.043999 32.126999 ) (-315.210999 -59.043999 42 ) (-316 -59.043999 42 ) (-316 -59.043999 32.126999 ) 
4 325 328 (-331.210999 -59.043999 42 ) (-331.210999 -59.043999 -56 ) (-316 -59.043999 -56 ) (-316 -59.043999 42 ) 
4 326 327 (-316 -96 42 ) (-316 -96 32.126999 ) (-315.210999 -96 32.126999 ) (-315.210999 -96 42 ) 
4 326 328 (-316 -59.043999 42 ) (-316 -59.043999 32.126999 ) (-316 -96 32.126999 ) (-316 -96 42 ) 
4 327 328 (-316 -96 -56 ) (-316 -103.204002 -56 ) (-316 -103.204002 42 ) (-316 -96 42 ) 
4 328 329 (-331.210999 -59.043999 -56 ) (-331.210999 -102.831009 -56 ) (-331.210999 -102.831009 41.633999 ) (-331.210999 -59.043999 41.633999 ) 
4 329 471 (-334.210999 -50.570305 -56 ) (-334.210999 -102.831009 -56 ) (-334.210999 -102.831009 -54 ) (-334.210999 -50.570305 -54 ) 
4 329 448 (-334.210999 -102.831009 -54 ) (-334.210999 -102.831009 41.633999 ) (-334.210999 -50.570305 41.633999 ) (-334.210999 -50.570305 -54 ) 
4 330 331 (-316 -308 42 ) (-316 -308 32.126999 ) (-315.210999 -308 32.126999 ) (-315.210999 -308 42 ) 
4 330 333 (-316 -301.205017 42 ) (-316 -301.205017 -56 ) (-316 -308 -56 ) (-316 -308 42 ) 
4 331 333 (-316 -344.955994 32.126999 ) (-316 -344.955994 42 ) (-316 -308 42 ) (-316 -308 32.126999 ) 
4 331 332 (-316 -344.955994 42 ) (-316 -344.955994 32.126999 ) (-315.210999 -344.955994 32.126999 ) (-315.210999 -344.955994 42 ) 
4 332 333 (-316 -344.955994 -56 ) (-316 -354.205017 -56 ) (-316 -354.205017 42 ) (-316 -344.955994 42 ) 
4 333 334 (-331.210999 -301.565002 -56 ) (-331.210999 -353.835022 -56 ) (-331.210999 -353.835022 41.633999 ) (-331.210999 -301.565002 41.633999 ) 
4 334 472 (-334.210999 -301.565002 -56 ) (-334.210999 -353.835022 -56 ) (-334.210999 -353.835022 -54 ) (-334.210999 -301.565002 -54 ) 
4 334 450 (-334.210999 -353.835022 -54 ) (-334.210999 -353.835022 41.633999 ) (-334.210999 -301.565002 41.633999 ) (-334.210999 -301.565002 -54 ) 
4 335 339 (-331.210999 -448.565033 -56 ) (-331.210999 -456 -56 ) (-331.210999 -456 41.633999 ) (-331.210999 -448.565033 41.633999 ) 
4 335 336 (-315.210999 -456 32.126999 ) (-315.210999 -456 42 ) (-316 -456 42 ) (-316 -456 32.126999 ) 
4 335 338 (-331.210999 -456 42 ) (-331.210999 -456 -56 ) (-316 -456 -56 ) (-316 -456 42 ) 
4 336 337 (-316 -492.955994 42 ) (-316 -492.955994 32.126999 ) (-315.210999 -492.955994 32.126999 ) (-315.210999 -492.955994 42 ) 
4 336 338 (-316 -456 42 ) (-316 -456 32.126999 ) (-316 -492.955994 32.126999 ) (-316 -492.955994 42 ) 
4 337 338 (-316 -492.955994 -56 ) (-316 -501.205017 -56 ) (-316 -501.205017 42 ) (-316 -492.955994 42 ) 
4 338 339 (-331.210999 -456 -56 ) (-331.210999 -500.835022 -56 ) (-331.210999 -500.835022 41.633999 ) (-331.210999 -456 41.633999 ) 
4 339 473 (-334.210999 -448.565033 -56 ) (-334.210999 -500.635010 -56 ) (-334.210999 -500.635010 -54 ) (-334.210999 -448.565033 -54 ) 
4 339 458 (-334.210999 -500.835022 -54 ) (-334.210999 -500.835022 41.633999 ) (-334.210999 -448.565033 41.633999 ) (-334.210999 -448.565033 -54 ) 
4 340 547 (-315.210999 -598.114990 -56 ) (-315.210999 -599 -56 ) (-334.210999 -599 -56 ) (-334.210999 -598.114990 -56 ) 
4 340 551 (-315.210999 -599 -56 ) (-315.210999 -899 -56 ) (-334.210999 -899 -56 ) (-334.210999 -599 -56 ) 
4 340 501 (-334.210999 -599 -56 ) (-334.210999 -899 -56 ) (-334.210999 -899 -54 ) (-334.210999 -599 -54 ) 
4 340 498 (-334.210999 -598.114990 -56 ) (-334.210999 -599 -56 ) (-334.210999 -599 -54 ) (-334.210999 -598.114990 -54 ) 
4 340 467 (-334.210999 -899 -54 ) (-334.210999 -899 42 ) (-334.210999 -598.114990 42 ) (-334.210999 -598.114990 -54 ) 
4 341 502 (-426.211029 0 348 ) (-426.211029 0 68 ) (-426.211029 -2.115300 68 ) (-426.211029 -2.115300 348 ) 
4 341 343 (-426.211029 -2.115300 348 ) (-426.211029 -2.115300 68 ) (-334.210999 -2.115300 68 ) (-334.210999 -2.115300 348 ) 
4 342 367 (-425.845032 0 54 ) (-334.578003 0 54 ) (-334.578003 -2.115300 54 ) (-425.845032 -2.115300 54 ) 
5 342 361 (-425.845032 -2.115300 54 ) (-408.211029 -2.115300 54 ) (-408.211029 -2.115300 57 ) (-425.452148 -2.115300 57 ) (-425.845032 -2.115300 54.974895 ) 
4 342 359 (-408.211029 -2.115300 54 ) (-353.211029 -2.115300 54 ) (-353.211029 -2.115300 57 ) (-408.211029 -2.115300 57 ) 
5 342 358 (-353.211029 -2.115300 54 ) (-334.578003 -2.115300 54 ) (-334.578003 -2.115300 54.937370 ) (-334.979034 -2.115300 57 ) (-353.211029 -2.115300 57 ) 
4 343 502 (-426.211029 -2.115300 348 ) (-426.211029 -2.115300 68 ) (-426.211029 -56.115303 68 ) (-426.211029 -56.115303 348 ) 
4 343 353 (-426.211029 -56.115303 71 ) (-426.211029 -56.115303 68 ) (-405.920990 -56.115303 68 ) (-405.920990 -56.115303 71 ) 
4 343 345 (-355.340027 -56.115303 68 ) (-334.210999 -56.115303 68 ) (-334.210999 -56.115303 71 ) (-355.340027 -56.115303 71 ) 
4 343 344 (-426.211029 -56.115303 348 ) (-426.211029 -56.115303 71 ) (-334.210999 -56.115303 71 ) (-334.210999 -56.115303 348 ) 
4 344 502 (-426.211029 -56.115303 348 ) (-426.211029 -56.115303 71 ) (-426.211029 -104.115005 71 ) (-426.211029 -104.115005 348 ) 
4 344 357 (-426.211029 -104.115005 348 ) (-426.211029 -104.115005 71 ) (-334.210999 -104.115005 71 ) (-334.210999 -104.115005 348 ) 
4 344 355 (-405.920990 -104.115005 71 ) (-426.211029 -104.115005 71 ) (-426.211029 -101.115005 71 ) (-405.920990 -101.115005 71 ) 
4 344 353 (-426.211029 -101.115005 71 ) (-426.211029 -56.115303 71 ) (-405.920990 -56.115303 71 ) (-405.920990 -101.115005 71 ) 
4 344 350 (-334.210999 -104.115005 71 ) (-355.340027 -104.115005 71 ) (-355.340027 -101.115005 71 ) (-334.210999 -101.115005 71 ) 
4 344 347 (-355.340027 -59.115303 71 ) (-334.210999 -59.115303 71 ) (-334.210999 -101.115005 71 ) (-355.340027 -101.115005 71 ) 
4 344 345 (-355.340027 -56.115303 71 ) (-334.210999 -56.115303 71 ) (-334.210999 -59.115303 71 ) (-355.340027 -59.115303 71 ) 
4 345 347 (-334.210999 -59.115303 68 ) (-334.210999 -59.115303 71 ) (-355.340027 -59.115303 71 ) (-355.340027 -59.115303 68 ) 
4 346 362 (-355.564026 -59.115303 65.505997 ) (-402.920013 -59.115303 65.505997 ) (-402.920013 -56.617302 65.505997 ) (-355.564026 -56.617302 65.505997 ) 
4 346 354 (-402.920013 -56.617302 65.505997 ) (-402.920013 -59.115303 65.505997 ) (-402.920013 -59.115303 67.518997 ) (-402.920013 -56.617302 67.518997 ) 
4 346 349 (-402.920013 -59.115303 67.518997 ) (-402.920013 -59.115303 65.505997 ) (-358.211029 -59.115303 65.505997 ) (-358.211029 -59.115303 67.518997 ) 
4 346 348 (-358.211029 -59.115303 65.505997 ) (-355.564026 -59.115303 65.505997 ) (-355.564026 -59.115303 67.518997 ) (-358.211029 -59.115303 67.518997 ) 
4 347 350 (-334.210999 -101.115005 68 ) (-334.210999 -101.115005 71 ) (-355.340027 -101.115005 71 ) (-355.340027 -101.115005 68 ) 
4 348 362 (-355.564026 -101.115005 65.505997 ) (-358.211029 -101.115005 65.505997 ) (-358.211029 -59.115303 65.505997 ) (-355.564026 -59.115303 65.505997 ) 
4 348 351 (-358.211029 -101.115005 65.505997 ) (-355.564026 -101.115005 65.505997 ) (-355.564026 -101.115005 67.518997 ) (-358.211029 -101.115005 67.518997 ) 
4 348 349 (-358.211029 -59.115303 67.518997 ) (-358.211029 -59.115303 65.505997 ) (-358.211029 -101.115005 65.505997 ) (-358.211029 -101.115005 67.518997 ) 
4 349 362 (-358.211029 -101.115005 65.505997 ) (-402.920013 -101.115005 65.505997 ) (-402.920013 -59.115303 65.505997 ) (-358.211029 -59.115303 65.505997 ) 
4 349 354 (-402.920013 -59.115303 67.518997 ) (-402.920013 -59.115303 65.505997 ) (-402.920013 -101.115005 65.505997 ) (-402.920013 -101.115005 67.518997 ) 
4 349 352 (-402.920013 -101.115005 67.518997 ) (-402.920013 -101.115005 65.505997 ) (-358.211029 -101.115005 65.505997 ) (-358.211029 -101.115005 67.518997 ) 
4 350 357 (-334.210999 -104.115005 68 ) (-334.210999 -104.115005 71 ) (-355.340027 -104.115005 71 ) (-355.340027 -104.115005 68 ) 
4 351 362 (-358.211029 -103.620010 65.505997 ) (-358.211029 -101.115005 65.505997 ) (-355.564026 -101.115005 65.505997 ) (-355.564026 -103.620010 65.505997 ) 
4 351 352 (-358.211029 -101.115005 67.518997 ) (-358.211029 -101.115005 65.505997 ) (-358.211029 -103.620010 65.505997 ) (-358.211029 -103.620010 67.518997 ) 
4 352 362 (-402.920013 -103.620010 65.505997 ) (-402.920013 -101.115005 65.505997 ) (-358.211029 -101.115005 65.505997 ) (-358.211029 -103.620010 65.505997 ) 
4 352 356 (-402.920013 -101.115005 67.518997 ) (-402.920013 -101.115005 65.505997 ) (-402.920013 -103.620010 65.505997 ) (-402.920013 -103.620010 67.518997 ) 
4 353 502 (-426.211029 -56.115303 71 ) (-426.211029 -56.115303 68 ) (-426.211029 -101.115005 68 ) (-426.211029 -101.115005 71 ) 
4 353 355 (-405.920990 -101.115005 71 ) (-426.211029 -101.115005 71 ) (-426.211029 -101.115005 68 ) (-405.920990 -101.115005 68 ) 
4 354 362 (-402.920013 -56.617302 65.505997 ) (-402.920013 -101.115005 65.505997 ) (-405.564026 -101.115005 65.505997 ) (-405.564026 -56.617302 65.505997 ) 
4 354 356 (-405.564026 -101.115005 65.505997 ) (-402.920013 -101.115005 65.505997 ) (-402.920013 -101.115005 67.518997 ) (-405.564026 -101.115005 67.518997 ) 
4 355 502 (-426.211029 -104.115005 68 ) (-426.211029 -104.115005 71 ) (-426.211029 -101.115005 71 ) (-426.211029 -101.115005 68 ) 
4 355 357 (-426.211029 -104.115005 71 ) (-426.211029 -104.115005 68 ) (-405.920990 -104.115005 68 ) (-405.920990 -104.115005 71 ) 
4 356 362 (-405.564026 -101.115005 65.505997 ) (-402.920013 -101.115005 65.505997 ) (-402.920013 -103.620010 65.505997 ) (-405.564026 -103.620010 65.505997 ) 
4 357 502 (-426.211029 -200.115021 68 ) (-426.211029 -200.115021 348 ) (-426.211029 -104.115005 348 ) (-426.211029 -104.115005 68 ) 
4 357 372 (-426.211029 -200.115021 348 ) (-426.211029 -200.115021 68 ) (-334.210999 -200.115021 68 ) (-334.210999 -200.115021 348 ) 
5 358 385 (-353.211029 -200.115021 54 ) (-334.578003 -200.115021 54 ) (-334.578003 -200.115021 54.937370 ) (-334.979034 -200.115021 57 ) (-353.211029 -200.115021 57 ) 
4 358 367 (-334.578003 -200.115021 54 ) (-353.211029 -200.115021 54 ) (-353.211029 -2.115300 54 ) (-334.578003 -2.115300 54 ) 
4 358 364 (-353.211029 -200.115021 56.506004 ) (-353.211029 -200.115021 57 ) (-353.211029 -106.115005 57 ) (-353.211029 -106.115005 56.506004 ) 
4 358 365 (-353.211029 -56.115303 54 ) (-353.211029 -200.115021 54 ) (-353.211029 -200.115021 56.506004 ) (-353.211029 -56.115303 56.506004 ) 
4 358 360 (-353.211029 -54.115303 54 ) (-353.211029 -56.115303 54 ) (-353.211029 -56.115303 56.506004 ) (-353.211029 -54.115303 56.506004 ) 
4 358 359 (-353.211029 -2.115300 57 ) (-353.211029 -2.115300 54 ) (-353.211029 -54.115303 54 ) (-353.211029 -54.115303 57 ) 
4 359 367 (-408.211029 -2.115300 54 ) (-353.211029 -2.115300 54 ) (-353.211029 -54.115303 54 ) (-408.211029 -54.115303 54 ) 
4 359 361 (-408.211029 -54.115303 57 ) (-408.211029 -2.115300 57 ) (-408.211029 -2.115300 54 ) (-408.211029 -54.115303 54 ) 
4 359 360 (-408.211029 -54.115303 56.506004 ) (-408.211029 -54.115303 54 ) (-353.211029 -54.115303 54 ) (-353.211029 -54.115303 56.506004 ) 
4 360 367 (-353.211029 -54.115303 54 ) (-353.211029 -56.115303 54 ) (-408.211029 -56.115303 54 ) (-408.211029 -54.115303 54 ) 
4 360 365 (-408.211029 -56.115303 54 ) (-353.211029 -56.115303 54 ) (-353.211029 -56.115303 56.506004 ) (-408.211029 -56.115303 56.506004 ) 
4 360 361 (-408.211029 -56.115303 54 ) (-408.211029 -56.115303 56.506004 ) (-408.211029 -54.115303 56.506004 ) (-408.211029 -54.115303 54 ) 
4 361 367 (-425.845032 -2.115300 54 ) (-408.211029 -2.115300 54 ) (-408.211029 -56.115303 54 ) (-425.845032 -56.115303 54 ) 
5 361 366 (-425.845032 -56.115303 54 ) (-408.211029 -56.115303 54 ) (-408.211029 -56.115303 57 ) (-425.451904 -56.115303 57 ) (-425.845032 -56.115303 54.973614 ) 
4 362 363 (-355.881042 -56.641304 59 ) (-355.881042 -103.596001 59 ) (-405.535004 -103.596001 59 ) (-405.535004 -56.641304 59 ) 
4 363 365 (-355.881042 -56.641304 56.506004 ) (-355.881042 -103.596001 56.506004 ) (-405.535004 -103.596001 56.506004 ) (-405.535004 -56.641304 56.506004 ) 
4 364 392 (-405.211029 -200.115021 57 ) (-408.211029 -200.115021 57 ) (-408.211029 -200.115021 56.506004 ) (-405.211029 -200.115021 56.506004 ) 
4 364 387 (-353.211029 -200.115021 56.506004 ) (-353.211029 -200.115021 57 ) (-405.211029 -200.115021 57 ) (-405.211029 -200.115021 56.506004 ) 
4 364 366 (-408.211029 -106.115005 56.506004 ) (-408.211029 -200.115021 56.506004 ) (-408.211029 -200.115021 57 ) (-408.211029 -106.115005 57 ) 
4 364 365 (-408.211029 -200.115021 56.506004 ) (-408.211029 -106.115005 56.506004 ) (-353.211029 -106.115005 56.506004 ) (-353.211029 -200.115021 56.506004 ) 
4 365 392 (-408.211029 -200.115021 54 ) (-405.211029 -200.115021 54 ) (-405.211029 -200.115021 56.506004 ) (-408.211029 -200.115021 56.506004 ) 
4 365 391 (-405.211029 -200.115021 54 ) (-353.211029 -200.115021 54 ) (-353.211029 -200.115021 56.506004 ) (-405.211029 -200.115021 56.506004 ) 
4 365 367 (-353.211029 -200.115021 54 ) (-408.211029 -200.115021 54 ) (-408.211029 -56.115303 54 ) (-353.211029 -56.115303 54 ) 
4 365 366 (-408.211029 -56.115303 56.506004 ) (-408.211029 -56.115303 54 ) (-408.211029 -200.115021 54 ) (-408.211029 -200.115021 56.506004 ) 
5 366 392 (-425.845032 -200.115021 54 ) (-408.211029 -200.115021 54 ) (-408.211029 -200.115021 57 ) (-425.451324 -200.115021 57 ) (-425.845032 -200.115021 54.970570 ) 
4 366 367 (-408.211029 -200.115021 54 ) (-425.845032 -200.115021 54 ) (-425.845032 -56.115303 54 ) (-408.211029 -56.115303 54 ) 
4 367 394 (-426.211029 -200.115021 54 ) (-426.211029 -200.115021 44 ) (-334.210999 -200.115021 44 ) (-334.210999 -200.115021 54 ) 
4 367 371 (-425.845032 -200.115021 44 ) (-426.211029 -200.115021 44 ) (-426.211029 -52.115303 44 ) (-425.845032 -52.115303 44 ) 
4 367 370 (-334.578003 -200.115021 44 ) (-425.845032 -200.115021 44 ) (-425.845032 0 44 ) (-334.578003 0 44 ) 
4 367 368 (-334.578003 -48.204300 44 ) (-334.578003 0 44 ) (-334.210999 0 44 ) (-334.210999 -48.204300 44 ) 
4 367 369 (-334.210999 -200.115021 44 ) (-334.578003 -200.115021 44 ) (-334.578003 -105.204002 44 ) (-334.210999 -105.204002 44 ) 
4 368 447 (-334.578003 0 42 ) (-334.210999 0 42 ) (-334.210999 -48.204300 42 ) (-334.578003 -48.204300 42 ) 
4 368 370 (-334.578003 0 42 ) (-334.578003 -48.204300 42 ) (-334.578003 -48.204300 44 ) (-334.578003 0 44 ) 
4 369 449 (-334.210999 -105.204002 42 ) (-334.210999 -200.115021 42 ) (-334.578003 -200.115021 42 ) (-334.578003 -105.204002 42 ) 
4 369 395 (-334.578003 -200.115021 42 ) (-334.210999 -200.115021 42 ) (-334.210999 -200.115021 44 ) (-334.578003 -200.115021 44 ) 
4 369 370 (-334.578003 -105.204002 42 ) (-334.578003 -200.115021 42 ) (-334.578003 -200.115021 44 ) (-334.578003 -105.204002 44 ) 
4 370 452 (-425.845032 0 42 ) (-334.578003 0 42 ) (-334.578003 -200.115021 42 ) (-425.845032 -200.115021 42 ) 
4 370 397 (-425.845032 -200.115021 42 ) (-334.578003 -200.115021 42 ) (-334.578003 -200.115021 44 ) (-425.845032 -200.115021 44 ) 
4 370 371 (-425.845032 -52.115303 42 ) (-425.845032 -200.115021 42 ) (-425.845032 -200.115021 44 ) (-425.845032 -52.115303 44 ) 
4 371 454 (-426.211029 -200.115021 42 ) (-426.211029 -52.115303 42 ) (-425.845032 -52.115303 42 ) (-425.845032 -200.115021 42 ) 
4 371 398 (-426.211029 -200.115021 44 ) (-426.211029 -200.115021 42 ) (-425.845032 -200.115021 42 ) (-425.845032 -200.115021 44 ) 
4 372 502 (-426.211029 -200.115021 348 ) (-426.211029 -200.115021 68 ) (-426.211029 -256.114990 68 ) (-426.211029 -256.114990 348 ) 
4 372 380 (-426.211029 -256.114990 71 ) (-426.211029 -256.114990 68 ) (-403.211029 -256.114990 68 ) (-403.211029 -256.114990 71 ) 
4 372 374 (-355.211029 -256.114990 68 ) (-334.210999 -256.114990 68 ) (-334.210999 -256.114990 71 ) (-355.211029 -256.114990 71 ) 
4 372 373 (-426.211029 -256.114990 348 ) (-426.211029 -256.114990 71 ) (-334.210999 -256.114990 71 ) (-334.210999 -256.114990 348 ) 
4 373 502 (-426.211029 -256.114990 348 ) (-426.211029 -256.114990 71 ) (-426.211029 -304.114990 71 ) (-426.211029 -304.114990 348 ) 
4 373 384 (-426.211029 -304.114990 348 ) (-426.211029 -304.114990 71 ) (-334.210999 -304.114990 71 ) (-334.210999 -304.114990 348 ) 
4 373 382 (-403.211029 -304.114990 71 ) (-426.211029 -304.114990 71 ) (-426.211029 -301.125000 71 ) (-403.211029 -301.125000 71 ) 
4 373 380 (-426.211029 -301.125000 71 ) (-426.211029 -256.114990 71 ) (-403.211029 -256.114990 71 ) (-403.211029 -301.125000 71 ) 
4 373 376 (-334.210999 -304.114990 71 ) (-355.211029 -304.114990 71 ) (-355.211029 -259.114990 71 ) (-334.210999 -259.114990 71 ) 
4 373 374 (-355.211029 -256.114990 71 ) (-334.210999 -256.114990 71 ) (-334.210999 -259.114990 71 ) (-355.211029 -259.114990 71 ) 
4 374 376 (-334.210999 -259.114990 68 ) (-334.210999 -259.114990 71 ) (-355.211029 -259.114990 71 ) (-355.211029 -259.114990 68 ) 
4 375 386 (-355.564026 -259.114990 65.505997 ) (-399.920013 -259.114990 65.505997 ) (-399.920013 -256.614990 65.505997 ) (-355.564026 -256.614990 65.505997 ) 
4 375 381 (-399.920013 -256.614990 65.505997 ) (-399.920013 -259.114990 65.505997 ) (-399.920013 -259.114990 67.518997 ) (-399.920013 -256.614990 67.518997 ) 
4 375 378 (-399.920013 -259.114990 67.518997 ) (-399.920013 -259.114990 65.505997 ) (-358.211029 -259.114990 65.505997 ) (-358.211029 -259.114990 67.518997 ) 
4 375 377 (-358.211029 -259.114990 65.505997 ) (-355.564026 -259.114990 65.505997 ) (-355.564026 -259.114990 67.518997 ) (-358.211029 -259.114990 67.518997 ) 
4 376 384 (-334.210999 -304.114990 68 ) (-334.210999 -304.114990 71 ) (-355.211029 -304.114990 71 ) (-355.211029 -304.114990 68 ) 
4 377 386 (-358.211029 -303.625000 65.505997 ) (-358.211029 -259.114990 65.505997 ) (-355.564026 -259.114990 65.505997 ) (-355.564026 -303.625000 65.505997 ) 
4 377 379 (-358.211029 -301.125000 65.505997 ) (-358.211029 -303.625000 65.505997 ) (-358.211029 -303.625000 67.518997 ) (-358.211029 -301.125000 67.518997 ) 
4 377 378 (-358.211029 -259.114990 67.518997 ) (-358.211029 -259.114990 65.505997 ) (-358.211029 -301.125000 65.505997 ) (-358.211029 -301.125000 67.518997 ) 
4 378 386 (-399.920013 -301.125000 65.505997 ) (-399.920013 -259.114990 65.505997 ) (-358.211029 -259.114990 65.505997 ) (-358.211029 -301.125000 65.505997 ) 
4 378 381 (-399.920013 -259.114990 67.518997 ) (-399.920013 -259.114990 65.505997 ) (-399.920013 -301.125000 65.505997 ) (-399.920013 -301.125000 67.518997 ) 
4 378 379 (-399.920013 -301.125000 67.518997 ) (-399.920013 -301.125000 65.505997 ) (-358.211029 -301.125000 65.505997 ) (-358.211029 -301.125000 67.518997 ) 
4 379 386 (-399.920013 -303.625000 65.505997 ) (-399.920013 -301.125000 65.505997 ) (-358.211029 -301.125000 65.505997 ) (-358.211029 -303.625000 65.505997 ) 
4 379 383 (-399.920013 -301.125000 67.518997 ) (-399.920013 -301.125000 65.505997 ) (-399.920013 -303.625000 65.505997 ) (-399.920013 -303.625000 67.518997 ) 
4 380 502 (-426.211029 -256.114990 71 ) (-426.211029 -256.114990 68 ) (-426.211029 -301.125000 68 ) (-426.211029 -301.125000 71 ) 
4 380 382 (-403.211029 -301.125000 71 ) (-426.211029 -301.125000 71 ) (-426.211029 -301.125000 68 ) (-403.211029 -301.125000 68 ) 
4 381 386 (-399.920013 -256.614990 65.505997 ) (-399.920013 -301.125000 65.505997 ) (-402.567993 -301.125000 65.505997 ) (-402.567993 -256.614990 65.505997 ) 
4 381 383 (-402.567993 -301.125000 65.505997 ) (-399.920013 -301.125000 65.505997 ) (-399.920013 -301.125000 67.518997 ) (-402.567993 -301.125000 67.518997 ) 
4 382 502 (-426.211029 -304.114990 68 ) (-426.211029 -304.114990 71 ) (-426.211029 -301.125000 71 ) (-426.211029 -301.125000 68 ) 
4 382 384 (-426.211029 -304.114990 71 ) (-426.211029 -304.114990 68 ) (-403.211029 -304.114990 68 ) (-403.211029 -304.114990 71 ) 
4 383 386 (-402.567993 -301.125000 65.505997 ) (-399.920013 -301.125000 65.505997 ) (-399.920013 -303.625000 65.505997 ) (-402.567993 -303.625000 65.505997 ) 
4 384 502 (-426.211029 -400.114990 68 ) (-426.211029 -400.114990 348 ) (-426.211029 -304.114990 348 ) (-426.211029 -304.114990 68 ) 
4 384 400 (-426.211029 -400.114990 348 ) (-426.211029 -400.114990 68 ) (-334.210999 -400.114990 68 ) (-334.210999 -400.114990 348 ) 
4 385 431 (-335.210999 -400.114990 56.506004 ) (-335.210999 -400.114990 57 ) (-353.211029 -400.114990 57 ) (-353.211029 -400.114990 56.506004 ) 
4 385 434 (-353.211029 -400.114990 54 ) (-335.210999 -400.114990 54 ) (-335.210999 -400.114990 56.506004 ) (-353.211029 -400.114990 56.506004 ) 
5 385 424 (-335.210999 -400.114990 54 ) (-334.578003 -400.114990 54 ) (-334.578003 -400.114990 54.937370 ) (-334.979034 -400.114990 57 ) (-335.210999 -400.114990 57 ) 
4 385 394 (-334.578003 -400.114990 54 ) (-353.211029 -400.114990 54 ) (-353.211029 -200.115021 54 ) (-334.578003 -200.115021 54 ) 
4 385 390 (-353.211029 -400.114990 56.506004 ) (-353.211029 -400.114990 57 ) (-353.211029 -306.114990 57 ) (-353.211029 -306.114990 56.506004 ) 
4 385 387 (-353.211029 -254.125000 57 ) (-353.211029 -200.115021 57 ) (-353.211029 -200.115021 56.506004 ) (-353.211029 -254.125000 56.506004 ) 
4 385 391 (-353.211029 -200.115021 54 ) (-353.211029 -400.114990 54 ) (-353.211029 -400.114990 56.506004 ) (-353.211029 -200.115021 56.506004 ) 
4 386 388 (-355.881042 -256.644989 59 ) (-355.881042 -303.595032 59 ) (-402.535004 -303.595032 59 ) (-402.535004 -256.644989 59 ) 
4 387 393 (-405.211029 -201.636017 56.506004 ) (-405.211029 -254.125000 56.506004 ) (-405.211029 -254.125000 57 ) (-405.211029 -201.636017 57 ) 
4 387 392 (-405.211029 -200.115021 57 ) (-405.211029 -200.115021 56.506004 ) (-405.211029 -201.636017 56.506004 ) (-405.211029 -201.636017 57 ) 
4 387 391 (-405.211029 -254.125000 56.506004 ) (-405.211029 -200.115021 56.506004 ) (-353.211029 -200.115021 56.506004 ) (-353.211029 -254.125000 56.506004 ) 
4 388 389 (-355.881042 -256.644989 57 ) (-355.881042 -303.595032 57 ) (-402.535004 -303.595032 57 ) (-402.535004 -256.644989 57 ) 
4 389 391 (-355.881042 -256.644989 56.506004 ) (-355.881042 -303.585022 56.506004 ) (-402.535004 -303.585022 56.506004 ) (-402.535004 -256.644989 56.506004 ) 
4 390 431 (-353.211029 -400.114990 56.506004 ) (-353.211029 -400.114990 57 ) (-405.211029 -400.114990 57 ) (-405.211029 -400.114990 56.506004 ) 
4 390 393 (-405.211029 -400.114990 56.506004 ) (-405.211029 -400.114990 57 ) (-405.211029 -306.114990 57 ) (-405.211029 -306.114990 56.506004 ) 
4 390 391 (-405.211029 -400.114990 56.506004 ) (-405.211029 -306.114990 56.506004 ) (-353.211029 -306.114990 56.506004 ) (-353.211029 -400.114990 56.506004 ) 
4 391 434 (-405.211029 -400.114990 54 ) (-353.211029 -400.114990 54 ) (-353.211029 -400.114990 56.506004 ) (-405.211029 -400.114990 56.506004 ) 
4 391 394 (-353.211029 -400.114990 54 ) (-405.211029 -400.114990 54 ) (-405.211029 -200.115021 54 ) (-353.211029 -200.115021 54 ) 
4 391 393 (-405.211029 -201.636017 54 ) (-405.211029 -400.114990 54 ) (-405.211029 -400.114990 56.506004 ) (-405.211029 -201.636017 56.506004 ) 
4 391 392 (-405.211029 -200.115021 54 ) (-405.211029 -201.636017 54 ) (-405.211029 -201.636017 56.506004 ) (-405.211029 -200.115021 56.506004 ) 
4 392 394 (-425.845032 -201.636017 54 ) (-425.845032 -200.115021 54 ) (-405.211029 -200.115021 54 ) (-405.211029 -201.636017 54 ) 
5 392 393 (-425.845032 -201.636017 54.980354 ) (-425.845032 -201.636017 54 ) (-405.211029 -201.636017 54 ) (-405.211029 -201.636017 57 ) (-425.453033 -201.636017 57 ) 
5 393 435 (-425.845032 -400.114990 54 ) (-407.211029 -400.114990 54 ) (-407.211029 -400.114990 57 ) (-425.453033 -400.114990 57 ) (-425.845032 -400.114990 54.980354 ) 
4 393 431 (-405.211029 -400.114990 56.506004 ) (-405.211029 -400.114990 57 ) (-407.211029 -400.114990 57 ) (-407.211029 -400.114990 56.506004 ) 
4 393 434 (-407.211029 -400.114990 54 ) (-405.211029 -400.114990 54 ) (-405.211029 -400.114990 56.506004 ) (-407.211029 -400.114990 56.506004 ) 
4 393 394 (-405.211029 -400.114990 54 ) (-425.845032 -400.114990 54 ) (-425.845032 -201.636017 54 ) (-405.211029 -201.636017 54 ) 
4 394 514 (-426.211029 -248.115021 54 ) (-426.211029 -247.815002 54 ) (-426.211029 -247.815002 44 ) (-426.211029 -248.115021 44 ) 
4 394 441 (-426.211029 -400.114990 54 ) (-426.211029 -400.114990 44 ) (-425.845032 -400.114990 44 ) (-425.845032 -400.114990 54 ) 
4 394 440 (-425.845032 -400.114990 44 ) (-335.210999 -400.114990 44 ) (-335.210999 -400.114990 54 ) (-425.845032 -400.114990 54 ) 
4 394 426 (-334.578003 -400.114990 44 ) (-334.210999 -400.114990 44 ) (-334.210999 -400.114990 54 ) (-334.578003 -400.114990 54 ) 
4 394 428 (-335.210999 -400.114990 44 ) (-334.578003 -400.114990 44 ) (-334.578003 -400.114990 54 ) (-335.210999 -400.114990 54 ) 
4 394 398 (-426.211029 -246.115021 44 ) (-426.211029 -200.115021 44 ) (-425.845032 -200.115021 44 ) (-425.845032 -246.115021 44 ) 
4 394 399 (-426.211029 -393.114990 44 ) (-426.211029 -303.114990 44 ) (-425.845032 -303.114990 44 ) (-425.845032 -393.114990 44 ) 
4 394 395 (-334.578003 -299.205017 44 ) (-334.578003 -200.115021 44 ) (-334.210999 -200.115021 44 ) (-334.210999 -299.205017 44 ) 
4 394 396 (-334.210999 -400.114990 44 ) (-334.578003 -400.114990 44 ) (-334.578003 -356.205017 44 ) (-334.210999 -356.205017 44 ) 
4 394 397 (-334.578003 -400.114990 44 ) (-425.845032 -400.114990 44 ) (-425.845032 -200.115021 44 ) (-334.578003 -200.115021 44 ) 
4 395 449 (-334.578003 -200.115021 42 ) (-334.210999 -200.115021 42 ) (-334.210999 -299.205017 42 ) (-334.578003 -299.205017 42 ) 
4 395 397 (-334.578003 -299.205017 44 ) (-334.578003 -200.115021 44 ) (-334.578003 -200.115021 42 ) (-334.578003 -299.205017 42 ) 
4 396 457 (-334.210999 -395.484985 42 ) (-334.210999 -400.114990 42 ) (-334.578003 -400.114990 42 ) (-334.578003 -395.484985 42 ) 
4 396 451 (-334.210999 -356.205017 42 ) (-334.210999 -395.484985 42 ) (-334.578003 -395.484985 42 ) (-334.578003 -356.205017 42 ) 
4 396 426 (-334.578003 -400.114990 42 ) (-334.210999 -400.114990 42 ) (-334.210999 -400.114990 44 ) (-334.578003 -400.114990 44 ) 
4 396 397 (-334.578003 -400.114990 42 ) (-334.578003 -400.114990 44 ) (-334.578003 -356.205017 44 ) (-334.578003 -356.205017 42 ) 
4 397 460 (-334.578003 -395.484985 42 ) (-334.578003 -400.114990 42 ) (-425.845032 -400.114990 42 ) (-425.845032 -395.484985 42 ) 
4 397 452 (-425.845032 -200.115021 42 ) (-334.578003 -200.115021 42 ) (-334.578003 -395.484985 42 ) (-425.845032 -395.484985 42 ) 
4 397 440 (-425.845032 -400.114990 42 ) (-335.210999 -400.114990 42 ) (-335.210999 -400.114990 44 ) (-425.845032 -400.114990 44 ) 
4 397 428 (-335.210999 -400.114990 42 ) (-334.578003 -400.114990 42 ) (-334.578003 -400.114990 44 ) (-335.210999 -400.114990 44 ) 
4 397 398 (-425.845032 -246.115021 44 ) (-425.845032 -200.115021 44 ) (-425.845032 -200.115021 42 ) (-425.845032 -246.115021 42 ) 
4 397 399 (-425.845032 -393.114990 44 ) (-425.845032 -303.114990 44 ) (-425.845032 -303.114990 42 ) (-425.845032 -393.114990 42 ) 
4 398 454 (-426.211029 -246.115021 42 ) (-426.211029 -200.115021 42 ) (-425.845032 -200.115021 42 ) (-425.845032 -246.115021 42 ) 
4 399 456 (-426.211029 -393.114990 42 ) (-426.211029 -303.114990 42 ) (-425.845032 -303.114990 42 ) (-425.845032 -393.114990 42 ) 
4 400 502 (-426.211029 -400.114990 348 ) (-426.211029 -400.114990 68 ) (-426.211029 -454.114990 68 ) (-426.211029 -454.114990 348 ) 
4 400 416 (-426.211029 -454.114990 348 ) (-426.211029 -454.114990 68 ) (-405.920990 -454.114990 68 ) (-405.920990 -454.114990 348 ) 
4 400 402 (-355.340027 -454.114990 68 ) (-334.210999 -454.114990 68 ) (-334.210999 -454.114990 71 ) (-355.340027 -454.114990 71 ) 
4 400 401 (-334.210999 -454.114990 71 ) (-334.210999 -454.114990 348 ) (-405.920990 -454.114990 348 ) (-405.920990 -454.114990 71 ) 
4 401 422 (-334.210999 -502.114990 71 ) (-334.210999 -502.114990 348 ) (-405.920990 -502.114990 348 ) (-405.920990 -502.114990 71 ) 
4 401 416 (-405.920990 -454.114990 348 ) (-405.920990 -454.114990 71 ) (-405.920990 -502.114990 71 ) (-405.920990 -502.114990 348 ) 
4 401 414 (-334.210999 -502.114990 71 ) (-355.340027 -502.114990 71 ) (-355.340027 -500.114990 71 ) (-334.210999 -500.114990 71 ) 
4 401 404 (-334.210999 -457.125000 71 ) (-334.210999 -500.114990 71 ) (-355.340027 -500.114990 71 ) (-355.340027 -457.125000 71 ) 
4 401 402 (-355.340027 -454.114990 71 ) (-334.210999 -454.114990 71 ) (-334.210999 -457.125000 71 ) (-355.340027 -457.125000 71 ) 
4 402 404 (-355.340027 -457.125000 68 ) (-334.210999 -457.125000 68 ) (-334.210999 -457.125000 71 ) (-355.340027 -457.125000 71 ) 
4 403 417 (-355.713013 -457.125000 65.505997 ) (-358.211029 -457.125000 65.505997 ) (-358.211029 -454.625000 65.505997 ) (-355.713013 -454.625000 65.505997 ) 
4 403 406 (-358.211029 -454.625000 65.505997 ) (-358.211029 -457.125000 65.505997 ) (-358.211029 -457.125000 67.518997 ) (-358.211029 -454.625000 67.518997 ) 
4 403 405 (-358.211029 -457.125000 67.518997 ) (-358.211029 -457.125000 65.505997 ) (-355.713013 -457.125000 65.505997 ) (-355.713013 -457.125000 67.518997 ) 
4 404 414 (-334.210999 -500.114990 71 ) (-355.340027 -500.114990 71 ) (-355.340027 -500.114990 68 ) (-334.210999 -500.114990 68 ) 
4 405 417 (-358.211029 -499.625000 65.505997 ) (-358.211029 -457.125000 65.505997 ) (-355.713013 -457.125000 65.505997 ) (-355.713013 -499.625000 65.505997 ) 
4 405 412 (-358.211029 -497.125000 65.505997 ) (-358.211029 -499.625000 65.505997 ) (-358.211029 -499.625000 67.518997 ) (-358.211029 -497.125000 67.518997 ) 
4 405 410 (-358.211029 -457.125000 65.505997 ) (-358.211029 -497.125000 65.505997 ) (-358.211029 -497.125000 67.518997 ) (-358.211029 -457.125000 67.518997 ) 
4 406 417 (-358.211029 -454.625000 65.505997 ) (-358.211029 -457.125000 65.505997 ) (-402.211029 -457.125000 65.505997 ) (-402.211029 -454.625000 65.505997 ) 
4 406 410 (-358.211029 -457.125000 65.505997 ) (-358.211029 -457.125000 67.518997 ) (-402.211029 -457.125000 67.518997 ) (-402.211029 -457.125000 65.505997 ) 
4 406 407 (-402.211029 -454.625000 65.505997 ) (-402.211029 -457.125000 65.505997 ) (-402.211029 -457.125000 67.518997 ) (-402.211029 -454.625000 67.518997 ) 
4 407 417 (-402.211029 -454.625000 65.505997 ) (-402.211029 -457.125000 65.505997 ) (-404.709045 -457.125000 65.505997 ) (-404.709045 -454.625000 65.505997 ) 
4 407 410 (-404.709045 -457.125000 65.505997 ) (-402.211029 -457.125000 65.505997 ) (-402.211029 -457.125000 67.518997 ) (-404.709045 -457.125000 67.518997 ) 
4 408 417 (-405.920990 -457.125000 65.505997 ) (-405.920990 -454.114990 65.505997 ) (-405.211029 -454.114990 65.505997 ) (-405.211029 -457.125000 65.505997 ) 
4 408 411 (-405.920990 -457.125000 68 ) (-405.920990 -457.125000 65.505997 ) (-405.211029 -457.125000 65.505997 ) (-405.211029 -457.125000 68 ) 
4 409 410 (-358.211029 -497.125000 67.518997 ) (-402.211029 -497.125000 67.518997 ) (-402.211029 -457.125000 67.518997 ) (-358.211029 -457.125000 67.518997 ) 
4 410 417 (-404.709045 -457.125000 65.505997 ) (-358.211029 -457.125000 65.505997 ) (-358.211029 -497.125000 65.505997 ) (-404.709045 -497.125000 65.505997 ) 
4 410 412 (-358.211029 -497.125000 65.505997 ) (-358.211029 -497.125000 67.518997 ) (-404.709045 -497.125000 67.518997 ) (-404.709045 -497.125000 65.505997 ) 
4 411 417 (-405.920990 -497.125000 65.505997 ) (-405.920990 -457.125000 65.505997 ) (-405.211029 -457.125000 65.505997 ) (-405.211029 -497.125000 65.505997 ) 
4 411 413 (-405.920990 -497.125000 68 ) (-405.920990 -497.125000 65.505997 ) (-405.211029 -497.125000 65.505997 ) (-405.211029 -497.125000 68 ) 
4 412 417 (-404.709045 -497.125000 65.505997 ) (-358.211029 -497.125000 65.505997 ) (-358.211029 -499.625000 65.505997 ) (-404.709045 -499.625000 65.505997 ) 
4 413 417 (-405.920990 -500.114990 65.505997 ) (-405.920990 -497.125000 65.505997 ) (-405.211029 -497.125000 65.505997 ) (-405.211029 -500.114990 65.505997 ) 
4 413 415 (-405.920990 -500.114990 68 ) (-405.920990 -500.114990 65.505997 ) (-405.211029 -500.114990 65.505997 ) (-405.211029 -500.114990 68 ) 
4 414 422 (-334.210999 -502.114990 68 ) (-334.210999 -502.114990 71 ) (-355.340027 -502.114990 71 ) (-355.340027 -502.114990 68 ) 
4 415 417 (-355.340027 -502.114990 65.505997 ) (-405.920990 -502.114990 65.505997 ) (-405.920990 -500.114990 65.505997 ) (-355.340027 -500.114990 65.505997 ) 
4 416 502 (-426.211029 -454.114990 348 ) (-426.211029 -454.114990 68 ) (-426.211029 -502.114990 68 ) (-426.211029 -502.114990 348 ) 
4 416 422 (-426.211029 -502.114990 348 ) (-426.211029 -502.114990 68 ) (-405.920990 -502.114990 68 ) (-405.920990 -502.114990 348 ) 
4 417 421 (-405.183044 -502.114990 59 ) (-405.920990 -502.114990 59 ) (-405.920990 -454.114990 59 ) (-405.183044 -454.114990 59 ) 
4 417 420 (-355.953003 -502.114990 59 ) (-405.183044 -502.114990 59 ) (-405.183044 -501.614990 59 ) (-355.953003 -501.614990 59 ) 
4 417 419 (-356.211029 -454.644989 59 ) (-356.211029 -501.125000 59 ) (-404.678040 -501.125000 59 ) (-404.678040 -454.644989 59 ) 
4 417 418 (-355.340027 -502.114990 59 ) (-355.713013 -502.114990 59 ) (-355.713013 -454.114990 59 ) (-355.340027 -454.114990 59 ) 
4 419 433 (-356.211029 -454.644989 57 ) (-356.211029 -501.125000 57 ) (-404.678040 -501.125000 57 ) (-404.678040 -454.644989 57 ) 
4 420 421 (-405.183044 -502.114990 57 ) (-405.183044 -502.114990 59 ) (-405.183044 -501.614990 59 ) (-405.183044 -501.614990 57 ) 
4 422 502 (-426.211029 -502.114990 348 ) (-426.211029 -502.114990 68 ) (-426.211029 -598.114990 68 ) (-426.211029 -598.114990 348 ) 
4 422 423 (-426.211029 -598.114990 348 ) (-426.211029 -598.114990 68 ) (-334.210999 -598.114990 68 ) (-334.210999 -598.114990 348 ) 
4 423 513 (-426.211029 -598.114990 68 ) (-426.211029 -598.114990 57 ) (-426.211029 -899 57 ) (-426.211029 -899 68 ) 
4 423 502 (-426.211029 -899 348 ) (-426.211029 -598.114990 348 ) (-426.211029 -598.114990 68 ) (-426.211029 -899 68 ) 
4 423 446 (-426.211029 -899 57 ) (-426.211029 -598.114990 57 ) (-400.211029 -598.114990 57 ) (-400.211029 -899 57 ) 
4 423 445 (-400.211029 -598.114990 57 ) (-359.211029 -598.114990 57 ) (-359.211029 -899 57 ) (-400.211029 -899 57 ) 
4 423 443 (-359.211029 -598.114990 57 ) (-335.210999 -598.114990 57 ) (-335.210999 -899 57 ) (-359.211029 -899 57 ) 
4 423 425 (-335.210999 -598.114990 57 ) (-334.210999 -598.114990 57 ) (-334.210999 -899 57 ) (-335.210999 -899 57 ) 
5 424 438 (-335.210999 -587.405029 57 ) (-335.210999 -503.644989 57 ) (-335.210999 -503.644989 54 ) (-335.210999 -587.795044 54 ) (-335.210999 -587.795044 54.979820 ) 
4 424 436 (-335.210999 -503.644989 57 ) (-335.210999 -501.114990 57 ) (-335.210999 -501.114990 54 ) (-335.210999 -503.644989 54 ) 
4 424 432 (-335.210999 -501.114990 57 ) (-335.210999 -452.114990 57 ) (-335.210999 -452.114990 56.506004 ) (-335.210999 -501.114990 56.506004 ) 
4 424 431 (-335.210999 -452.114990 57 ) (-335.210999 -400.114990 57 ) (-335.210999 -400.114990 56.506004 ) (-335.210999 -452.114990 56.506004 ) 
4 424 434 (-335.210999 -400.114990 56.506004 ) (-335.210999 -400.114990 54 ) (-335.210999 -501.114990 54 ) (-335.210999 -501.114990 56.506004 ) 
4 424 429 (-335.210999 -588.164978 54 ) (-335.210999 -503.205017 54 ) (-334.578003 -503.205017 54 ) (-334.578003 -588.164978 54 ) 
4 424 428 (-335.210999 -503.205017 54 ) (-335.210999 -400.114990 54 ) (-334.578003 -400.114990 54 ) (-334.578003 -503.205017 54 ) 
4 425 443 (-335.210999 -899 57 ) (-335.210999 -592.164978 57 ) (-335.210999 -592.164978 54 ) (-335.210999 -899 54 ) 
4 425 430 (-335.210999 -899 54 ) (-335.210999 -592.164978 54 ) (-334.210999 -592.164978 54 ) (-334.210999 -899 54 ) 
4 426 457 (-334.578003 -400.114990 42 ) (-334.210999 -400.114990 42 ) (-334.210999 -446.205017 42 ) (-334.578003 -446.205017 42 ) 
4 426 427 (-334.578003 -446.205017 54 ) (-334.578003 -446.205017 44 ) (-334.210999 -446.205017 44 ) (-334.210999 -446.205017 54 ) 
4 426 428 (-334.578003 -446.205017 54 ) (-334.578003 -400.114990 54 ) (-334.578003 -400.114990 42 ) (-334.578003 -446.205017 42 ) 
4 427 429 (-334.210999 -503.205017 54 ) (-334.578003 -503.205017 54 ) (-334.578003 -503.205017 44 ) (-334.210999 -503.205017 44 ) 
4 427 428 (-334.578003 -503.205017 44 ) (-334.578003 -503.205017 54 ) (-334.578003 -446.205017 54 ) (-334.578003 -446.205017 44 ) 
4 428 460 (-335.210999 -400.114990 42 ) (-334.578003 -400.114990 42 ) (-334.578003 -503.205017 42 ) (-335.210999 -503.205017 42 ) 
4 428 440 (-335.210999 -400.114990 54 ) (-335.210999 -400.114990 42 ) (-335.210999 -503.205017 42 ) (-335.210999 -503.205017 54 ) 
4 428 429 (-334.578003 -503.205017 54 ) (-335.210999 -503.205017 54 ) (-335.210999 -503.205017 42 ) (-334.578003 -503.205017 42 ) 
4 429 460 (-334.578003 -588.164978 42 ) (-335.210999 -588.164978 42 ) (-335.210999 -503.205017 42 ) (-334.578003 -503.205017 42 ) 
4 429 459 (-334.210999 -503.205017 42 ) (-334.210999 -588.164978 42 ) (-334.578003 -588.164978 42 ) (-334.578003 -503.205017 42 ) 
4 429 440 (-335.210999 -503.205017 42 ) (-335.210999 -588.164978 42 ) (-335.210999 -588.164978 54 ) (-335.210999 -503.205017 54 ) 
4 430 467 (-334.210999 -593 42 ) (-334.210999 -899 42 ) (-335.210999 -899 42 ) (-335.210999 -593 42 ) 
4 430 463 (-334.210999 -592.164978 42 ) (-334.210999 -593 42 ) (-335.210999 -593 42 ) (-335.210999 -592.164978 42 ) 
4 430 443 (-335.210999 -592.164978 42 ) (-335.210999 -899 42 ) (-335.210999 -899 54 ) (-335.210999 -592.164978 54 ) 
4 431 435 (-407.211029 -452.114990 57 ) (-407.211029 -400.114990 57 ) (-407.211029 -400.114990 56.506004 ) (-407.211029 -452.114990 56.506004 ) 
4 431 432 (-353.686005 -452.114990 56.506004 ) (-335.210999 -452.114990 56.506004 ) (-335.210999 -452.114990 57 ) (-353.686005 -452.114990 57 ) 
4 431 434 (-407.211029 -452.114990 56.506004 ) (-407.211029 -400.114990 56.506004 ) (-335.210999 -400.114990 56.506004 ) (-335.210999 -452.114990 56.506004 ) 
4 432 436 (-335.210999 -501.114990 56.506004 ) (-335.210999 -501.114990 57 ) (-353.686005 -501.114990 57 ) (-353.686005 -501.114990 56.506004 ) 
4 432 434 (-335.210999 -501.114990 56.506004 ) (-353.686005 -501.114990 56.506004 ) (-353.686005 -452.114990 56.506004 ) (-335.210999 -452.114990 56.506004 ) 
4 433 434 (-356.211029 -501.114990 56.506004 ) (-404.678040 -501.114990 56.506004 ) (-404.678040 -454.644989 56.506004 ) (-356.211029 -454.644989 56.506004 ) 
4 434 440 (-407.211029 -400.114990 54 ) (-335.210999 -400.114990 54 ) (-335.210999 -501.114990 54 ) (-407.211029 -501.114990 54 ) 
4 434 437 (-407.211029 -501.114990 54 ) (-353.665985 -501.114990 54 ) (-353.665985 -501.114990 56.506004 ) (-407.211029 -501.114990 56.506004 ) 
4 434 436 (-353.665985 -501.114990 54 ) (-335.210999 -501.114990 54 ) (-335.210999 -501.114990 56.506004 ) (-353.665985 -501.114990 56.506004 ) 
4 434 435 (-407.211029 -400.114990 54 ) (-407.211029 -501.114990 54 ) (-407.211029 -501.114990 56.506004 ) (-407.211029 -400.114990 56.506004 ) 
4 435 440 (-425.845032 -400.114990 54 ) (-407.211029 -400.114990 54 ) (-407.211029 -501.114990 54 ) (-425.845032 -501.114990 54 ) 
5 435 439 (-425.845032 -501.114990 54 ) (-407.211029 -501.114990 54 ) (-407.211029 -501.114990 57 ) (-425.450012 -501.114990 57 ) (-425.845032 -501.114990 54.963840 ) 
4 436 440 (-353.665985 -501.114990 54 ) (-335.210999 -501.114990 54 ) (-335.210999 -503.644989 54 ) (-353.665985 -503.644989 54 ) 
4 436 438 (-353.665985 -503.644989 54 ) (-335.210999 -503.644989 54 ) (-335.210999 -503.644989 57 ) (-353.665985 -503.644989 57 ) 
4 436 437 (-353.665985 -501.114990 56.506004 ) (-353.665985 -501.114990 54 ) (-353.665985 -503.644989 54 ) (-353.665985 -503.644989 56.506004 ) 
4 437 440 (-407.211029 -503.644989 54 ) (-407.211029 -501.114990 54 ) (-353.665985 -501.114990 54 ) (-353.665985 -503.644989 54 ) 
4 437 439 (-407.211029 -501.114990 56.506004 ) (-407.211029 -501.114990 54 ) (-407.211029 -503.644989 54 ) (-407.211029 -503.644989 56.506004 ) 
4 437 438 (-407.211029 -503.644989 56.506004 ) (-407.211029 -503.644989 54 ) (-353.665985 -503.644989 54 ) (-353.665985 -503.644989 56.506004 ) 
4 438 440 (-407.211029 -587.795044 54 ) (-407.211029 -503.644989 54 ) (-335.210999 -503.644989 54 ) (-335.210999 -587.795044 54 ) 
5 438 439 (-407.211029 -503.644989 54 ) (-407.211029 -587.795044 54 ) (-407.211029 -587.795044 54.979820 ) (-407.211029 -587.405029 57 ) (-407.211029 -503.644989 57 ) 
4 439 440 (-425.845032 -501.114990 54 ) (-407.211029 -501.114990 54 ) (-407.211029 -587.795044 54 ) (-425.845032 -587.795044 54 ) 
4 440 460 (-425.845032 -400.114990 42 ) (-335.210999 -400.114990 42 ) (-335.210999 -588.164978 42 ) (-425.845032 -588.164978 42 ) 
4 440 441 (-425.845032 -450.114990 54 ) (-425.845032 -400.114990 54 ) (-425.845032 -400.114990 44 ) (-425.845032 -450.114990 44 ) 
4 440 442 (-425.845032 -588.164978 42 ) (-425.845032 -588.164978 54 ) (-425.845032 -450.114990 54 ) (-425.845032 -450.114990 42 ) 
4 441 442 (-425.845032 -450.114990 44 ) (-425.845032 -450.114990 54 ) (-426.211029 -450.114990 54 ) (-426.211029 -450.114990 44 ) 
4 442 462 (-426.211029 -588.164978 42 ) (-426.211029 -450.114990 42 ) (-425.845032 -450.114990 42 ) (-425.845032 -588.164978 42 ) 
4 443 468 (-359.211029 -599 42 ) (-359.211029 -593 42 ) (-352 -593 42 ) (-352 -599 42 ) 
4 443 469 (-352 -899 42 ) (-359.211029 -899 42 ) (-359.211029 -599 42 ) (-352 -599 42 ) 
4 443 467 (-335.210999 -593 42 ) (-335.210999 -899 42 ) (-352 -899 42 ) (-352 -593 42 ) 
4 443 463 (-335.210999 -592.164978 42 ) (-335.210999 -593 42 ) (-359.211029 -593 42 ) (-359.211029 -592.164978 42 ) 
4 443 445 (-359.211029 -592.164978 42 ) (-359.211029 -899 42 ) (-359.211029 -899 57 ) (-359.211029 -592.164978 57 ) 
4 444 445 (-400.211029 -592.184021 57 ) (-400.211029 -592.184021 54.304199 ) (-359.211029 -592.184021 54.304199 ) (-359.211029 -592.184021 57 ) 
4 445 468 (-359.211029 -593 42 ) (-359.211029 -599 42 ) (-400.211029 -599 42 ) (-400.211029 -593 42 ) 
4 445 469 (-359.211029 -599 42 ) (-359.211029 -899 42 ) (-400.211029 -899 42 ) (-400.211029 -599 42 ) 
4 445 465 (-359.211029 -592.184021 42 ) (-359.211029 -593 42 ) (-400.211029 -593 42 ) (-400.211029 -592.184021 42 ) 
4 445 446 (-400.211029 -592.184021 42 ) (-400.211029 -899 42 ) (-400.211029 -899 57 ) (-400.211029 -592.184021 57 ) 
4 446 531 (-426.211029 -598.114990 42 ) (-426.211029 -899 42 ) (-426.211029 -899 57 ) (-426.211029 -598.114990 57 ) 
4 446 468 (-406 -593 42 ) (-400.211029 -593 42 ) (-400.211029 -599 42 ) (-406 -599 42 ) 
4 446 469 (-400.211029 -599 42 ) (-400.211029 -899 42 ) (-406 -899 42 ) (-406 -599 42 ) 
4 446 470 (-426.211029 -899 42 ) (-426.211029 -593 42 ) (-406 -593 42 ) (-406 -899 42 ) 
4 446 466 (-426.211029 -593 42 ) (-426.211029 -592.164978 42 ) (-400.211029 -592.164978 42 ) (-400.211029 -593 42 ) 
4 447 452 (-334.578003 0 -54 ) (-334.578003 -48.204300 -54 ) (-334.578003 -48.204300 42 ) (-334.578003 0 42 ) 
4 448 471 (-334.210999 -50.570305 -54 ) (-334.210999 -102.831009 -54 ) (-334.578003 -102.831009 -54 ) (-334.578003 -50.570305 -54 ) 
4 448 452 (-334.578003 -50.570305 -54 ) (-334.578003 -102.831009 -54 ) (-334.578003 -102.831009 42 ) (-334.578003 -50.570305 42 ) 
4 449 452 (-334.578003 -105.204002 -54 ) (-334.578003 -299.205017 -54 ) (-334.578003 -299.205017 42 ) (-334.578003 -105.204002 42 ) 
4 450 472 (-334.210999 -301.575012 -54 ) (-334.210999 -353.835022 -54 ) (-334.578003 -353.835022 -54 ) (-334.578003 -301.575012 -54 ) 
4 450 452 (-334.578003 -301.575012 -54 ) (-334.578003 -353.835022 -54 ) (-334.578003 -353.835022 42 ) (-334.578003 -301.575012 42 ) 
4 451 457 (-334.578003 -395.484985 -54 ) (-334.210999 -395.484985 -54 ) (-334.210999 -395.484985 42 ) (-334.578003 -395.484985 42 ) 
4 451 452 (-334.578003 -356.205017 -54 ) (-334.578003 -395.484985 -54 ) (-334.578003 -395.484985 42 ) (-334.578003 -356.205017 42 ) 
4 452 475 (-424.211029 0 -54 ) (-337.210999 0 -54 ) (-337.210999 -395.484985 -54 ) (-424.211029 -395.484985 -54 ) 
4 452 474 (-337.210999 0 -54 ) (-334.578003 0 -54 ) (-334.578003 -395.484985 -54 ) (-337.210999 -395.484985 -54 ) 
4 452 477 (-425.845032 0 -54 ) (-424.211029 0 -54 ) (-424.211029 -395.484985 -54 ) (-425.845032 -395.484985 -54 ) 
4 452 460 (-425.845032 -395.484985 -54 ) (-334.578003 -395.484985 -54 ) (-334.578003 -395.484985 42 ) (-425.845032 -395.484985 42 ) 
4 452 455 (-425.845032 -248.485016 -54 ) (-425.845032 -300.744995 -54 ) (-425.845032 -300.744995 42 ) (-425.845032 -248.485016 42 ) 
4 452 456 (-425.845032 -303.114990 -54 ) (-425.845032 -393.114990 -54 ) (-425.845032 -393.114990 42 ) (-425.845032 -303.114990 42 ) 
4 452 454 (-425.845032 -52.115303 -54 ) (-425.845032 -246.115021 -54 ) (-425.845032 -246.115021 42 ) (-425.845032 -52.115303 42 ) 
4 452 453 (-425.845032 0 -54 ) (-425.845032 -49.750301 -54 ) (-425.845032 -49.750301 42 ) (-425.845032 0 42 ) 
4 453 515 (-426.211029 0 41.633999 ) (-426.211029 0 -54 ) (-426.211029 -49.750301 -54 ) (-426.211029 -49.750301 41.633999 ) 
4 453 484 (-426.211029 -49.750301 -54 ) (-426.211029 0 -54 ) (-425.845032 0 -54 ) (-425.845032 -49.750301 -54 ) 
4 455 517 (-426.211029 -248.485016 -54 ) (-426.211029 -300.744995 -54 ) (-426.211029 -300.744995 41.633999 ) (-426.211029 -248.485016 41.633999 ) 
4 455 485 (-426.211029 -300.744995 -54 ) (-426.211029 -248.485016 -54 ) (-425.845032 -248.485016 -54 ) (-425.845032 -300.744995 -54 ) 
4 457 460 (-334.578003 -395.484985 42 ) (-334.578003 -395.484985 -54 ) (-334.578003 -446.205017 -54 ) (-334.578003 -446.205017 42 ) 
4 458 473 (-334.210999 -448.575043 -54 ) (-334.210999 -500.635010 -54 ) (-334.578003 -500.635010 -54 ) (-334.578003 -448.575043 -54 ) 
4 458 460 (-334.578003 -448.575043 -54 ) (-334.578003 -500.835022 -54 ) (-334.578003 -500.835022 42 ) (-334.578003 -448.575043 42 ) 
4 459 460 (-334.578003 -503.205017 -54 ) (-334.578003 -588.164978 -54 ) (-334.578003 -588.164978 42 ) (-334.578003 -503.205017 42 ) 
4 460 494 (-425.845032 -587.795044 -54 ) (-425.845032 -584.114990 -54 ) (-359.622009 -584.114990 -54 ) (-359.622009 -587.795044 -54 ) 
4 460 491 (-424.211029 -500.635010 -54 ) (-359.622009 -500.635010 -54 ) (-359.622009 -584.114990 -54 ) (-424.211029 -584.114990 -54 ) 
4 460 493 (-425.845032 -584.114990 -54 ) (-425.845032 -500.635010 -54 ) (-424.211029 -500.635010 -54 ) (-424.211029 -584.114990 -54 ) 
4 460 488 (-359.622009 -584.114990 -54 ) (-359.622009 -500.635010 -54 ) (-337.210999 -500.635010 -54 ) (-337.210999 -584.114990 -54 ) 
4 460 490 (-359.622009 -587.795044 -54 ) (-359.622009 -584.114990 -54 ) (-337.210999 -584.114990 -54 ) (-337.210999 -587.795044 -54 ) 
4 460 487 (-334.578003 -500.635010 -54 ) (-334.578003 -587.795044 -54 ) (-337.210999 -587.795044 -54 ) (-337.210999 -500.635010 -54 ) 
4 460 475 (-424.211029 -395.484985 -54 ) (-337.210999 -395.484985 -54 ) (-337.210999 -500.635010 -54 ) (-424.211029 -500.635010 -54 ) 
4 460 474 (-337.210999 -395.484985 -54 ) (-334.578003 -395.484985 -54 ) (-334.578003 -500.635010 -54 ) (-337.210999 -500.635010 -54 ) 
4 460 477 (-425.845032 -395.484985 -54 ) (-424.211029 -395.484985 -54 ) (-424.211029 -500.635010 -54 ) (-425.845032 -500.635010 -54 ) 
4 460 464 (-400.211029 -588.164978 -54 ) (-359.211029 -588.164978 -54 ) (-359.211029 -588.164978 33.070999 ) (-400.211029 -588.164978 33.070999 ) 
4 460 461 (-425.845032 -395.484985 42 ) (-425.845032 -395.484985 -54 ) (-425.845032 -447.744995 -54 ) (-425.845032 -447.744995 42 ) 
4 460 462 (-425.845032 -450.114990 -54 ) (-425.845032 -588.164978 -54 ) (-425.845032 -588.164978 42 ) (-425.845032 -450.114990 42 ) 
4 461 526 (-426.211029 -395.484985 -54 ) (-426.211029 -447.744995 -54 ) (-426.211029 -447.744995 41.633999 ) (-426.211029 -395.484985 41.633999 ) 
4 461 486 (-426.211029 -447.744995 -54 ) (-426.211029 -395.484985 -54 ) (-425.845032 -395.484985 -54 ) (-425.845032 -447.744995 -54 ) 
4 463 499 (-352 -593 -54 ) (-359.211029 -593 -54 ) (-359.211029 -592.164978 -54 ) (-352 -592.164978 -54 ) 
4 463 498 (-334.210999 -592.164978 -54 ) (-334.210999 -593 -54 ) (-352 -593 -54 ) (-352 -592.164978 -54 ) 
4 463 468 (-352 -593 38 ) (-352 -593 42 ) (-359.211029 -593 42 ) (-359.211029 -593 38 ) 
4 463 467 (-352 -593 -54 ) (-334.210999 -593 -54 ) (-334.210999 -593 42 ) (-352 -593 42 ) 
4 463 465 (-359.211029 -592.164978 -54 ) (-359.211029 -593 -54 ) (-359.211029 -593 42 ) (-359.211029 -592.164978 42 ) 
4 464 496 (-399.845032 -588.164978 -54 ) (-359.622009 -588.164978 -54 ) (-359.622009 -591.535034 -54 ) (-399.845032 -591.535034 -54 ) 
4 464 497 (-359.622009 -591.535034 -54 ) (-359.622009 -592.184021 -54 ) (-400.211029 -592.184021 -54 ) (-400.211029 -591.535034 -54 ) 
4 464 465 (-400.211029 -592.184021 33.070999 ) (-400.211029 -592.184021 -54 ) (-359.211029 -592.184021 -54 ) (-359.211029 -592.184021 33.070999 ) 
4 465 499 (-359.211029 -592.184021 -54 ) (-359.211029 -593 -54 ) (-400.211029 -593 -54 ) (-400.211029 -592.184021 -54 ) 
4 465 468 (-359.211029 -593 38 ) (-359.211029 -593 42 ) (-400.211029 -593 42 ) (-400.211029 -593 38 ) 
4 465 466 (-400.211029 -592.184021 -54 ) (-400.211029 -593 -54 ) (-400.211029 -593 42 ) (-400.211029 -592.184021 42 ) 
4 466 499 (-406 -592.164978 -54 ) (-400.211029 -592.164978 -54 ) (-400.211029 -593 -54 ) (-406 -593 -54 ) 
4 466 500 (-426.211029 -593 -54 ) (-426.211029 -592.164978 -54 ) (-406 -592.164978 -54 ) (-406 -593 -54 ) 
4 466 468 (-400.211029 -593 38 ) (-400.211029 -593 42 ) (-406 -593 42 ) (-406 -593 38 ) 
4 466 470 (-426.211029 -593 -54 ) (-406 -593 -54 ) (-406 -593 42 ) (-426.211029 -593 42 ) 
4 467 501 (-334.210999 -599 -54 ) (-334.210999 -899 -54 ) (-352 -899 -54 ) (-352 -599 -54 ) 
4 467 498 (-352 -593 -54 ) (-334.210999 -593 -54 ) (-334.210999 -599 -54 ) (-352 -599 -54 ) 
4 467 468 (-352 -593 42 ) (-352 -593 38 ) (-352 -599 38 ) (-352 -599 42 ) 
4 467 469 (-352 -599 -54 ) (-352 -899 -54 ) (-352 -899 42 ) (-352 -599 42 ) 
4 468 469 (-406 -599 42 ) (-406 -599 38 ) (-352 -599 38 ) (-352 -599 42 ) 
4 468 470 (-406 -593 42 ) (-406 -593 38 ) (-406 -599 38 ) (-406 -599 42 ) 
4 469 501 (-352 -599 -54 ) (-352 -899 -54 ) (-406 -899 -54 ) (-406 -599 -54 ) 
4 469 470 (-406 -599 -54 ) (-406 -899 -54 ) (-406 -899 42 ) (-406 -599 42 ) 
4 470 531 (-426.211029 -598.114990 -54 ) (-426.211029 -899 -54 ) (-426.211029 -899 42 ) (-426.211029 -598.114990 42 ) 
4 470 501 (-426.211029 -899 -54 ) (-426.211029 -599 -54 ) (-406 -599 -54 ) (-406 -899 -54 ) 
4 470 500 (-426.211029 -599 -54 ) (-426.211029 -593 -54 ) (-406 -593 -54 ) (-406 -599 -54 ) 
4 471 478 (-334.578003 -50.115303 -56 ) (-334.578003 -102.636009 -56 ) (-334.578003 -102.636009 -54.639957 ) (-334.578003 -50.115303 -54.639957 ) 
4 471 474 (-334.578003 -102.636009 -54.639957 ) (-334.578003 -102.636009 -54 ) (-334.578003 -50.115303 -54 ) (-334.578003 -50.115303 -54.639957 ) 
4 472 479 (-334.578003 -301.575012 -56 ) (-334.578003 -354.114990 -56 ) (-334.578003 -354.114990 -54.639957 ) (-334.578003 -301.575012 -54.639957 ) 
4 472 474 (-334.578003 -354.114990 -54.639957 ) (-334.578003 -354.114990 -54 ) (-334.578003 -301.575012 -54 ) (-334.578003 -301.575012 -54.639957 ) 
4 473 480 (-334.578003 -448.114990 -56 ) (-334.578003 -500.635010 -56 ) (-334.578003 -500.635010 -54.639957 ) (-334.578003 -448.114990 -54.639957 ) 
4 473 474 (-334.578003 -500.635010 -54.639957 ) (-334.578003 -500.635010 -54 ) (-334.578003 -448.114990 -54 ) (-334.578003 -448.114990 -54.639957 ) 
5 474 487 (-334.578003 -500.635010 -54 ) (-337.210999 -500.635010 -54 ) (-337.210999 -500.635010 -56 ) (-334.973969 -500.635010 -56 ) (-334.578003 -500.635010 -54.639957 ) 
4 474 480 (-334.578003 -448.114990 -54.640625 ) (-334.578003 -500.635010 -54.640625 ) (-334.973785 -500.635010 -56 ) (-334.973785 -448.114990 -56 ) 
4 474 478 (-334.578003 -50.115303 -54.640625 ) (-334.578003 -102.636009 -54.640625 ) (-334.973785 -102.636009 -56 ) (-334.973785 -50.115303 -56 ) 
4 474 479 (-334.578003 -301.575012 -54.640625 ) (-334.578003 -354.114990 -54.640625 ) (-334.973785 -354.114990 -56 ) (-334.973785 -301.575012 -56 ) 
4 474 476 (-337.210999 0 -56 ) (-337.210999 -500.635010 -56 ) (-337.210999 -500.635010 -55 ) (-337.210999 0 -55 ) 
4 474 475 (-337.210999 -500.635010 -55 ) (-337.210999 -500.635010 -54 ) (-337.210999 0 -54 ) (-337.210999 0 -55 ) 
4 475 491 (-359.622009 -500.635010 -54 ) (-424.211029 -500.635010 -54 ) (-424.211029 -500.635010 -55 ) (-359.622009 -500.635010 -55 ) 
4 475 488 (-337.210999 -500.635010 -54 ) (-359.622009 -500.635010 -54 ) (-359.622009 -500.635010 -55 ) (-337.210999 -500.635010 -55 ) 
4 475 477 (-424.211029 -500.635010 -55 ) (-424.211029 -500.635010 -54 ) (-424.211029 0 -54 ) (-424.211029 0 -55 ) 
4 475 476 (-424.211029 -500.635010 -55 ) (-424.211029 0 -55 ) (-337.210999 0 -55 ) (-337.210999 -500.635010 -55 ) 
4 476 492 (-424.211029 -500.635010 -55 ) (-424.211029 -500.635010 -56 ) (-359.622009 -500.635010 -56 ) (-359.622009 -500.635010 -55 ) 
4 476 489 (-359.622009 -500.635010 -56 ) (-337.210999 -500.635010 -56 ) (-337.210999 -500.635010 -55 ) (-359.622009 -500.635010 -55 ) 
4 476 477 (-424.211029 0 -56 ) (-424.211029 -500.635010 -56 ) (-424.211029 -500.635010 -55 ) (-424.211029 0 -55 ) 
5 477 493 (-424.211029 -500.635010 -54 ) (-425.830994 -500.635010 -54 ) (-425.830994 -500.635010 -54.688889 ) (-425.449005 -500.635010 -56 ) (-424.211029 -500.635010 -56 ) 
4 477 486 (-425.830994 -448.135010 -54 ) (-425.830994 -395.114990 -54 ) (-425.830994 -395.114990 -54.688889 ) (-425.830994 -448.135010 -54.688889 ) 
4 477 485 (-425.830994 -301.244995 -54 ) (-425.830994 -248.115021 -54 ) (-425.830994 -248.115021 -54.688889 ) (-425.830994 -301.244995 -54.688889 ) 
4 477 484 (-425.830994 -50.167305 -54 ) (-425.830994 0 -54 ) (-425.830994 0 -54.688889 ) (-425.830994 -50.167305 -54.688889 ) 
4 477 483 (-425.449188 -395.484985 -56 ) (-425.449188 -447.755005 -56 ) (-425.830994 -447.755005 -54.689465 ) (-425.830994 -395.484985 -54.689465 ) 
4 477 482 (-425.449188 -248.485016 -56 ) (-425.449188 -300.755005 -56 ) (-425.830994 -300.755005 -54.689461 ) (-425.830994 -248.485016 -54.689461 ) 
4 477 481 (-425.449188 0 -56 ) (-425.449188 -49.750301 -56 ) (-425.830994 -49.750301 -54.689453 ) (-425.830994 0 -54.689453 ) 
4 481 484 (-425.830994 0 -56 ) (-425.830994 -49.750301 -56 ) (-425.830994 -49.750301 -54.688889 ) (-425.830994 0 -54.688889 ) 
4 482 485 (-425.830994 -248.485016 -56 ) (-425.830994 -300.755005 -56 ) (-425.830994 -300.755005 -54.688889 ) (-425.830994 -248.485016 -54.688889 ) 
4 483 486 (-425.830994 -395.484985 -56 ) (-425.830994 -447.755005 -56 ) (-425.830994 -447.755005 -54.688889 ) (-425.830994 -395.484985 -54.688889 ) 
4 484 515 (-426.211029 0 -54 ) (-426.211029 0 -56 ) (-426.211029 -49.750301 -56 ) (-426.211029 -49.750301 -54 ) 
4 485 517 (-426.211029 -248.485016 -56 ) (-426.211029 -300.744995 -56 ) (-426.211029 -300.744995 -54 ) (-426.211029 -248.485016 -54 ) 
4 486 526 (-426.211029 -395.484985 -56 ) (-426.211029 -447.744995 -56 ) (-426.211029 -447.744995 -54 ) (-426.211029 -395.484985 -54 ) 
4 487 489 (-337.210999 -500.635010 -55 ) (-337.210999 -500.635010 -56 ) (-337.210999 -584.114990 -56 ) (-337.210999 -584.114990 -55 ) 
4 487 488 (-337.210999 -500.635010 -54 ) (-337.210999 -500.635010 -55 ) (-337.210999 -584.114990 -55 ) (-337.210999 -584.114990 -54 ) 
5 487 490 (-337.210999 -584.114990 -56 ) (-337.210999 -587.404968 -56 ) (-337.210999 -587.795044 -54.651657 ) (-337.210999 -587.795044 -54 ) (-337.210999 -584.114990 -54 ) 
4 488 491 (-359.622009 -500.635010 -54 ) (-359.622009 -500.635010 -55 ) (-359.622009 -584.114990 -55 ) (-359.622009 -584.114990 -54 ) 
4 488 490 (-359.622009 -584.114990 -54 ) (-359.622009 -584.114990 -55 ) (-337.210999 -584.114990 -55 ) (-337.210999 -584.114990 -54 ) 
4 488 489 (-337.210999 -584.114990 -55 ) (-359.622009 -584.114990 -55 ) (-359.622009 -500.635010 -55 ) (-337.210999 -500.635010 -55 ) 
4 489 492 (-359.622009 -500.635010 -55 ) (-359.622009 -500.635010 -56 ) (-359.622009 -584.114990 -56 ) (-359.622009 -584.114990 -55 ) 
4 489 490 (-359.622009 -584.114990 -55 ) (-359.622009 -584.114990 -56 ) (-337.210999 -584.114990 -56 ) (-337.210999 -584.114990 -55 ) 
5 490 494 (-359.622009 -587.778320 -54.709373 ) (-359.622009 -587.795044 -54.651657 ) (-359.622009 -587.795044 -54 ) (-359.622009 -584.114990 -54 ) (-359.622009 -584.114990 -54.709400 ) 
4 491 494 (-359.622009 -584.114990 -55 ) (-359.622009 -584.114990 -54 ) (-424.211029 -584.114990 -54 ) (-424.211029 -584.114990 -55 ) 
4 491 493 (-424.211029 -500.635010 -54 ) (-424.211029 -500.635010 -55 ) (-424.211029 -584.114990 -55 ) (-424.211029 -584.114990 -54 ) 
4 491 492 (-359.622009 -584.114990 -55 ) (-424.211029 -584.114990 -55 ) (-424.211029 -500.635010 -55 ) (-359.622009 -500.635010 -55 ) 
4 492 494 (-359.706665 -584.114990 -55 ) (-424.211029 -584.114990 -55 ) (-424.211029 -584.114990 -56 ) (-359.998016 -584.114990 -56 ) 
4 492 493 (-424.211029 -500.635010 -55 ) (-424.211029 -500.635010 -56 ) (-424.211029 -584.114990 -56 ) (-424.211029 -584.114990 -55 ) 
5 493 494 (-424.211029 -584.114990 -54 ) (-425.845032 -584.114990 -54 ) (-425.845032 -584.114990 -54.640663 ) (-425.449005 -584.114990 -56 ) (-424.211029 -584.114990 -56 ) 
5 494 495 (-399.815033 -587.406311 -56 ) (-360.004700 -587.406311 -56 ) (-359.622009 -587.786377 -54.686218 ) (-359.622009 -587.795044 -54.656254 ) (-399.815033 -587.795044 -54.656250 ) 
5 496 497 (-399.845032 -591.535034 -56 ) (-360 -591.535034 -56 ) (-359.622009 -591.535034 -54.703018 ) (-359.622009 -591.535034 -54 ) (-399.845032 -591.535034 -54 ) 
5 497 499 (-359.622009 -592.164978 -54 ) (-400.211029 -592.164978 -54 ) (-400.211029 -592.164978 -56 ) (-359.998016 -592.164978 -56 ) (-359.622009 -592.164978 -54.709400 ) 
4 498 547 (-334.210999 -598.114990 -56 ) (-334.210999 -599 -56 ) (-352 -599 -56 ) (-352 -598.114990 -56 ) 
4 498 501 (-334.210999 -599 -56 ) (-334.210999 -599 -54 ) (-352 -599 -54 ) (-352 -599 -56 ) 
4 498 499 (-352 -592.164978 -54 ) (-352 -592.164978 -56 ) (-352 -593 -56 ) (-352 -593 -54 ) 
4 499 500 (-406 -592.164978 -54 ) (-406 -592.164978 -56 ) (-406 -593 -56 ) (-406 -593 -54 ) 
4 500 549 (-406 -599 -56 ) (-426.211029 -599 -56 ) (-426.211029 -598.114990 -56 ) (-406 -598.114990 -56 ) 
4 500 531 (-426.211029 -598.114990 -56 ) (-426.211029 -599 -56 ) (-426.211029 -599 -54 ) (-426.211029 -598.114990 -54 ) 
4 500 501 (-406 -599 -54 ) (-426.211029 -599 -54 ) (-426.211029 -599 -56 ) (-406 -599 -56 ) 
4 501 551 (-334.210999 -599 -56 ) (-334.210999 -899 -56 ) (-426.211029 -899 -56 ) (-426.211029 -599 -56 ) 
4 501 531 (-426.211029 -599 -56 ) (-426.211029 -899 -56 ) (-426.211029 -899 -54 ) (-426.211029 -599 -54 ) 
4 502 532 (-445.211029 -899 348 ) (-445.211029 0 348 ) (-445.211029 0 68 ) (-445.211029 -899 68 ) 
4 502 513 (-445.211029 -899 68 ) (-445.211029 -598.114990 68 ) (-426.211029 -598.114990 68 ) (-426.211029 -899 68 ) 
4 502 511 (-445.211029 -448.114990 68 ) (-445.211029 -400.114990 68 ) (-430.158020 -400.114990 68 ) (-430.158020 -448.114990 68 ) 
4 502 512 (-445.211029 -598.114990 68 ) (-445.211029 -448.114990 68 ) (-430.158020 -448.114990 68 ) (-430.158020 -598.114990 68 ) 
4 502 510 (-445.211029 -400.114990 68 ) (-445.211029 -395.114990 68 ) (-431.211029 -395.114990 68 ) (-431.211029 -400.114990 68 ) 
4 502 509 (-445.211029 -395.114990 68 ) (-445.211029 -304.114990 68 ) (-431.211029 -304.114990 68 ) (-431.211029 -395.114990 68 ) 
4 502 508 (-445.211029 -304.114990 68 ) (-445.211029 -301.114990 68 ) (-426.211029 -301.114990 68 ) (-426.211029 -304.114990 68 ) 
4 502 507 (-445.211029 -301.114990 68 ) (-445.211029 -248.115021 68 ) (-426.211029 -248.115021 68 ) (-426.211029 -301.114990 68 ) 
4 502 505 (-445.211029 -50.115303 68 ) (-445.211029 -2.115300 68 ) (-430.158020 -2.115300 68 ) (-430.158020 -50.115303 68 ) 
4 502 506 (-445.211029 -248.115021 68 ) (-445.211029 -50.115303 68 ) (-430.158020 -50.115303 68 ) (-430.158020 -248.115021 68 ) 
4 502 504 (-426.211029 -200.115021 68 ) (-426.211029 -248.115021 68 ) (-430.158020 -248.115021 68 ) (-430.158020 -200.115021 68 ) 
4 502 503 (-445.211029 -2.115300 68 ) (-445.211029 0 68 ) (-431.211029 0 68 ) (-431.211029 -2.115300 68 ) 
4 503 532 (-445.211029 -2.115300 68 ) (-445.211029 0 68 ) (-445.211029 0 62 ) (-445.211029 -2.115300 62 ) 
4 503 505 (-431.211029 -2.115300 68 ) (-445.211029 -2.115300 68 ) (-445.211029 -2.115300 62 ) (-431.211029 -2.115300 62 ) 
4 504 514 (-426.211029 -247.815002 57 ) (-426.211029 -248.115021 57 ) (-430.158020 -248.115021 57 ) (-430.158020 -247.815002 57 ) 
4 504 507 (-426.211029 -248.115021 62 ) (-426.211029 -248.115021 68 ) (-430.158020 -248.115021 68 ) (-430.158020 -248.115021 62 ) 
4 504 506 (-430.158020 -200.115021 57 ) (-430.158020 -248.115021 57 ) (-430.158020 -248.115021 68 ) (-430.158020 -200.115021 68 ) 
4 505 532 (-445.211029 -50.115303 68 ) (-445.211029 -2.115300 68 ) (-445.211029 -2.115300 62 ) (-445.211029 -50.115303 62 ) 
4 505 506 (-430.158020 -50.115303 62 ) (-430.158020 -50.115303 68 ) (-445.211029 -50.115303 68 ) (-445.211029 -50.115303 62 ) 
4 506 532 (-445.211029 -248.115021 68 ) (-445.211029 -50.115303 68 ) (-445.211029 -50.115303 57 ) (-445.211029 -248.115021 57 ) 
4 506 514 (-445.211029 -248.115021 57 ) (-445.211029 -247.815002 57 ) (-430.158020 -247.815002 57 ) (-430.158020 -248.115021 57 ) 
4 506 507 (-430.158020 -248.115021 62 ) (-430.158020 -248.115021 68 ) (-445.211029 -248.115021 68 ) (-445.211029 -248.115021 62 ) 
4 507 532 (-445.211029 -301.114990 68 ) (-445.211029 -248.115021 68 ) (-445.211029 -248.115021 62 ) (-445.211029 -301.114990 62 ) 
4 507 508 (-426.211029 -301.114990 62 ) (-426.211029 -301.114990 68 ) (-445.211029 -301.114990 68 ) (-445.211029 -301.114990 62 ) 
4 508 532 (-445.211029 -304.114990 68 ) (-445.211029 -301.114990 68 ) (-445.211029 -301.114990 57 ) (-445.211029 -304.114990 57 ) 
4 508 509 (-445.211029 -304.114990 57 ) (-431.211029 -304.114990 57 ) (-431.211029 -304.114990 68 ) (-445.211029 -304.114990 68 ) 
4 509 532 (-445.211029 -395.114990 68 ) (-445.211029 -304.114990 68 ) (-445.211029 -304.114990 57 ) (-445.211029 -395.114990 57 ) 
4 509 510 (-431.211029 -395.114990 62 ) (-431.211029 -395.114990 68 ) (-445.211029 -395.114990 68 ) (-445.211029 -395.114990 62 ) 
4 510 532 (-445.211029 -400.114990 68 ) (-445.211029 -395.114990 68 ) (-445.211029 -395.114990 62 ) (-445.211029 -400.114990 62 ) 
4 510 511 (-431.211029 -400.114990 68 ) (-445.211029 -400.114990 68 ) (-445.211029 -400.114990 62 ) (-431.211029 -400.114990 62 ) 
4 511 532 (-445.211029 -448.114990 68 ) (-445.211029 -400.114990 68 ) (-445.211029 -400.114990 62 ) (-445.211029 -448.114990 62 ) 
4 511 512 (-430.158020 -448.114990 62 ) (-430.158020 -448.114990 68 ) (-445.211029 -448.114990 68 ) (-445.211029 -448.114990 62 ) 
4 512 532 (-445.211029 -598.114990 68 ) (-445.211029 -448.114990 68 ) (-445.211029 -448.114990 57 ) (-445.211029 -598.114990 57 ) 
4 512 513 (-445.211029 -598.114990 57 ) (-430.158020 -598.114990 57 ) (-430.158020 -598.114990 68 ) (-445.211029 -598.114990 68 ) 
4 513 532 (-445.211029 -899 68 ) (-445.211029 -598.114990 68 ) (-445.211029 -598.114990 57 ) (-445.211029 -899 57 ) 
4 513 531 (-445.211029 -899 57 ) (-445.211029 -598.114990 57 ) (-426.211029 -598.114990 57 ) (-426.211029 -899 57 ) 
4 514 523 (-445.211029 -248.115021 42 ) (-445.211029 -247.815002 42 ) (-444 -247.815002 42 ) (-444 -248.115021 42 ) 
4 514 522 (-444 -247.815002 42 ) (-429.211029 -247.815002 42 ) (-429.211029 -248.115021 42 ) (-444 -248.115021 42 ) 
4 514 516 (-429.211029 -247.815002 42 ) (-426.211029 -247.815002 42 ) (-426.211029 -248.115021 42 ) (-429.211029 -248.115021 42 ) 
4 515 521 (-429.211029 -40.956001 -56 ) (-429.211029 -49.750301 -56 ) (-429.211029 -49.750301 41.633999 ) (-429.211029 -40.956001 41.633999 ) 
4 515 518 (-429.211029 0 -56 ) (-429.211029 -40.956001 -56 ) (-429.211029 -40.956001 41.633999 ) (-429.211029 0 41.633999 ) 
4 516 522 (-429.211029 -247.815002 -56 ) (-429.211029 -248.115021 -56 ) (-429.211029 -248.115021 42 ) (-429.211029 -247.815002 42 ) 
4 517 522 (-429.211029 -248.485016 -56 ) (-429.211029 -300.744995 -56 ) (-429.211029 -300.744995 41.633999 ) (-429.211029 -248.485016 41.633999 ) 
4 518 521 (-429.211029 -40.956001 -56 ) (-429.211029 -40.956001 42 ) (-444 -40.956001 42 ) (-444 -40.956001 -56 ) 
4 518 520 (-444 -40.956001 32.126999 ) (-444 -40.956001 42 ) (-444 -4 42 ) (-444 -4 32.126999 ) 
4 518 519 (-444 0 -56 ) (-444 -4 -56 ) (-444 -4 42 ) (-444 0 42 ) 
4 519 520 (-444 -4 32.126999 ) (-444 -4 42 ) (-445.211029 -4 42 ) (-445.211029 -4 32.126999 ) 
4 520 521 (-444 -40.956001 42 ) (-445.211029 -40.956001 42 ) (-445.211029 -40.956001 32.126999 ) (-444 -40.956001 32.126999 ) 
4 522 524 (-444 -292 32.126999 ) (-444 -292 42 ) (-444 -255.044006 42 ) (-444 -255.044006 32.126999 ) 
4 522 523 (-444 -247.815002 42 ) (-444 -247.815002 -56 ) (-444 -255.044006 -56 ) (-444 -255.044006 42 ) 
4 522 525 (-444 -292 -56 ) (-444 -301.114990 -56 ) (-444 -301.114990 42 ) (-444 -292 42 ) 
4 523 524 (-444 -255.044006 32.126999 ) (-444 -255.044006 42 ) (-445.211029 -255.044006 42 ) (-445.211029 -255.044006 32.126999 ) 
4 524 525 (-444 -292 32.126999 ) (-444 -292 42 ) (-445.211029 -292 42 ) (-445.211029 -292 32.126999 ) 
4 526 527 (-429.211029 -447.744995 41.633999 ) (-429.211029 -395.484985 41.633999 ) (-429.211029 -395.484985 -56 ) (-429.211029 -447.744995 -56 ) 
4 527 529 (-444 -440 42 ) (-444 -403.044037 42 ) (-444 -403.044037 32.126999 ) (-444 -440 32.126999 ) 
4 527 528 (-444 -403.044037 42 ) (-444 -395.114990 42 ) (-444 -395.114990 -56 ) (-444 -403.044037 -56 ) 
4 527 530 (-444 -448.114990 -56 ) (-444 -448.114990 42 ) (-444 -440 42 ) (-444 -440 -56 ) 
4 528 529 (-444 -403.044037 32.126999 ) (-444 -403.044037 42 ) (-445.211029 -403.044037 42 ) (-445.211029 -403.044037 32.126999 ) 
4 529 530 (-444 -440 32.126999 ) (-444 -440 42 ) (-445.211029 -440 42 ) (-445.211029 -440 32.126999 ) 
4 531 549 (-426.211029 -598.114990 -56 ) (-426.211029 -599 -56 ) (-445.211029 -599 -56 ) (-445.211029 -598.114990 -56 ) 
4 531 551 (-426.211029 -599 -56 ) (-426.211029 -899 -56 ) (-445.211029 -899 -56 ) (-445.211029 -599 -56 ) 
4 531 535 (-445.211029 -598.114990 -56 ) (-445.211029 -899 -56 ) (-445.211029 -899 57 ) (-445.211029 -598.114990 57 ) 
4 532 536 (-448.211029 -899 348 ) (-448.211029 0 348 ) (-448.211029 0 57 ) (-448.211029 -899 57 ) 
4 532 535 (-448.211029 -899 57 ) (-448.211029 -448.114990 57 ) (-445.211029 -448.114990 57 ) (-445.211029 -899 57 ) 
4 532 534 (-448.211029 -395.114990 57 ) (-448.211029 -301.114990 57 ) (-445.211029 -301.114990 57 ) (-445.211029 -395.114990 57 ) 
4 532 533 (-448.211029 -247.722015 57 ) (-448.211029 -50.115303 57 ) (-445.211029 -50.115303 57 ) (-445.211029 -247.722015 57 ) 
4 533 536 (-448.211029 -50.115303 -56 ) (-448.211029 -247.722015 -56 ) (-448.211029 -247.722015 57 ) (-448.211029 -50.115303 57 ) 
4 534 536 (-448.211029 -301.114990 -56 ) (-448.211029 -395.114990 -56 ) (-448.211029 -395.114990 57 ) (-448.211029 -301.114990 57 ) 
4 535 549 (-445.211029 -598.114990 -56 ) (-445.211029 -599 -56 ) (-448.211029 -599 -56 ) (-448.211029 -598.114990 -56 ) 
4 535 551 (-445.211029 -599 -56 ) (-445.211029 -899 -56 ) (-448.211029 -899 -56 ) (-448.211029 -599 -56 ) 
4 535 536 (-448.211029 -448.114990 -56 ) (-448.211029 -899 -56 ) (-448.211029 -899 57 ) (-448.211029 -448.114990 57 ) 
4 536 549 (-448.211029 -598.114990 -56 ) (-448.211029 -599 -56 ) (-459.211029 -599 -56 ) (-459.211029 -598.114990 -56 ) 
4 536 551 (-448.211029 -599 -56 ) (-448.211029 -899 -56 ) (-459.211029 -899 -56 ) (-459.211029 -599 -56 ) 
4 536 553 (-869.714050 0 -56 ) (-459.211029 0 -56 ) (-459.211029 -899 -56 ) (-869.714050 -899 -56 ) 
4 537 542 (-312.210999 0 -63 ) (0 0 -63 ) (0 -899 -63 ) (-312.210999 -899 -63 ) 
4 537 540 (-312.210999 -354.205017 -63 ) (-312.210999 -448.205017 -63 ) (-312.210999 -448.205017 -56 ) (-312.210999 -354.205017 -56 ) 
4 537 541 (-312.210999 -501.205017 -63 ) (-312.210999 -899 -63 ) (-312.210999 -899 -56 ) (-312.210999 -501.205017 -56 ) 
4 537 539 (-312.210999 -103.204002 -63 ) (-312.210999 -301.205017 -63 ) (-312.210999 -301.205017 -56 ) (-312.210999 -103.204002 -56 ) 
4 537 538 (-312.210999 0 -63 ) (-312.210999 -50.204300 -63 ) (-312.210999 -50.204300 -56 ) (-312.210999 0 -56 ) 
4 538 542 (-315.210999 -50.204300 -63 ) (-315.210999 0 -63 ) (-312.210999 0 -63 ) (-312.210999 -50.204300 -63 ) 
4 539 542 (-315.210999 -301.205017 -63 ) (-315.210999 -103.204002 -63 ) (-312.210999 -103.204002 -63 ) (-312.210999 -301.205017 -63 ) 
4 540 542 (-315.210999 -448.205017 -63 ) (-315.210999 -354.205017 -63 ) (-312.210999 -354.205017 -63 ) (-312.210999 -448.205017 -63 ) 
4 541 547 (-315.210999 -599 -56 ) (-315.210999 -598.114990 -56 ) (-315.210999 -598.114990 -63 ) (-315.210999 -599 -63 ) 
4 541 551 (-315.210999 -899 -56 ) (-315.210999 -599 -56 ) (-315.210999 -599 -63 ) (-315.210999 -899 -63 ) 
4 541 542 (-315.210999 -899 -63 ) (-315.210999 -501.205017 -63 ) (-312.210999 -501.205017 -63 ) (-312.210999 -899 -63 ) 
4 542 550 (-315.210999 -599 -63 ) (-315.210999 -592.164978 -63 ) (-315.210999 -592.164978 -71 ) (-315.210999 -599 -71 ) 
4 542 551 (-315.210999 -899 -63 ) (-315.210999 -599 -63 ) (-315.210999 -599 -71 ) (-315.210999 -899 -71 ) 
4 542 544 (-315.210999 -592.164978 -63 ) (-315.210999 -588.164978 -63 ) (-315.210999 -588.164978 -71 ) (-315.210999 -592.164978 -71 ) 
4 542 552 (-315.210999 -588.164978 -71 ) (-315.210999 -588.164978 -276 ) (-315.210999 -899 -276 ) (-315.210999 -899 -71 ) 
4 542 543 (-315.210999 -588.164978 -63 ) (-315.210999 0 -63 ) (-315.210999 0 -276 ) (-315.210999 -588.164978 -276 ) 
4 543 546 (-459.211029 -588.164978 -63 ) (-459.211029 -588.164978 -71 ) (-427.211029 -588.164978 -71 ) (-427.211029 -588.164978 -63 ) 
4 543 545 (-400.211029 -588.164978 -71 ) (-359.211029 -588.164978 -71 ) (-359.211029 -588.164978 -63 ) (-400.211029 -588.164978 -63 ) 
4 543 544 (-334.210999 -588.164978 -71 ) (-315.210999 -588.164978 -71 ) (-315.210999 -588.164978 -63 ) (-334.210999 -588.164978 -63 ) 
4 543 552 (-459.211029 -588.164978 -71 ) (-459.211029 -588.164978 -276 ) (-315.210999 -588.164978 -276 ) (-315.210999 -588.164978 -71 ) 
4 543 553 (-459.211029 0 -276 ) (-459.211029 -588.164978 -276 ) (-459.211029 -588.164978 -63 ) (-459.211029 0 -63 ) 
4 544 550 (-334.210999 -592.164978 -71 ) (-315.210999 -592.164978 -71 ) (-315.210999 -592.164978 -63 ) (-334.210999 -592.164978 -63 ) 
4 544 552 (-334.210999 -588.164978 -71 ) (-315.210999 -588.164978 -71 ) (-315.210999 -592.164978 -71 ) (-334.210999 -592.164978 -71 ) 
4 545 550 (-400.211029 -592.164978 -71 ) (-359.211029 -592.164978 -71 ) (-359.211029 -592.164978 -63 ) (-400.211029 -592.164978 -63 ) 
4 545 552 (-400.211029 -588.164978 -71 ) (-359.211029 -588.164978 -71 ) (-359.211029 -592.164978 -71 ) (-400.211029 -592.164978 -71 ) 
4 546 550 (-459.211029 -592.164978 -63 ) (-459.211029 -592.164978 -71 ) (-427.211029 -592.164978 -71 ) (-427.211029 -592.164978 -63 ) 
4 546 553 (-459.211029 -588.164978 -63 ) (-459.211029 -588.164978 -71 ) (-459.211029 -592.164978 -71 ) (-459.211029 -592.164978 -63 ) 
4 546 552 (-459.211029 -592.164978 -71 ) (-459.211029 -588.164978 -71 ) (-427.211029 -588.164978 -71 ) (-427.211029 -592.164978 -71 ) 
4 547 548 (-352 -598.114990 -63 ) (-352 -599 -63 ) (-352 -599 -62 ) (-352 -598.114990 -62 ) 
4 547 551 (-352 -599 -63 ) (-315.210999 -599 -63 ) (-315.210999 -599 -56 ) (-352 -599 -56 ) 
4 547 550 (-315.210999 -599 -63 ) (-352 -599 -63 ) (-352 -598.114990 -63 ) (-315.210999 -598.114990 -63 ) 
4 548 549 (-406 -598.114990 -63 ) (-406 -599 -63 ) (-406 -599 -62 ) (-406 -598.114990 -62 ) 
4 548 550 (-352 -599 -63 ) (-406 -599 -63 ) (-406 -598.114990 -63 ) (-352 -598.114990 -63 ) 
4 548 551 (-406 -599 -63 ) (-352 -599 -63 ) (-352 -599 -62 ) (-406 -599 -62 ) 
4 549 550 (-406 -599 -63 ) (-459.211029 -599 -63 ) (-459.211029 -598.114990 -63 ) (-406 -598.114990 -63 ) 
4 549 553 (-459.211029 -599 -56 ) (-459.211029 -598.114990 -56 ) (-459.211029 -598.114990 -63 ) (-459.211029 -599 -63 ) 
4 549 551 (-459.211029 -599 -56 ) (-459.211029 -599 -63 ) (-406 -599 -63 ) (-406 -599 -56 ) 
4 550 551 (-459.211029 -599 -63 ) (-459.211029 -599 -71 ) (-315.210999 -599 -71 ) (-315.210999 -599 -63 ) 
4 550 552 (-459.211029 -599 -71 ) (-459.211029 -592.164978 -71 ) (-315.210999 -592.164978 -71 ) (-315.210999 -599 -71 ) 
4 550 553 (-459.211029 -592.164978 -63 ) (-459.211029 -592.164978 -71 ) (-459.211029 -599 -71 ) (-459.211029 -599 -63 ) 
4 551 553 (-459.211029 -899 -71 ) (-459.211029 -899 -56 ) (-459.211029 -599 -56 ) (-459.211029 -599 -71 ) 
4 551 552 (-315.210999 -899 -71 ) (-459.211029 -899 -71 ) (-459.211029 -599 -71 ) (-315.210999 -599 -71 ) 
4 552 553 (-459.211029 -588.164978 -276 ) (-459.211029 -899 -276 ) (-459.211029 -899 -71 ) (-459.211029 -588.164978 -71 ) 
