


materialPath: C:\Program Files (x86)\Steam\steamapps\sourcemods\who\materials
Loading c:\program files (x86)\steam\steamapps\sourcemods\who\maps\hostel.vmf
fixing up env_cubemap materials on brush sides...
0Brush 325: WARNING, microbrush
Brush 326: WARNING, microbrush
Brush 328: WARNING, microbrush
Brush 329: WARNING, microbrush
...1...2...3...4...5Brush 120: WARNING, microbrush
Brush 57: WARNING, microbrush
Brush 54: WARNING, microbrush
Brush 26: WARNING, microbrush
Brush 22: WARNING, microbrush
Brush 19: WARNING, microbrush
Brush 16: WARNING, microbrush
Brush 427: WARNING, microbrush
Brush 428: WARNING, microbrush
...6...7...8...9...100Brush 325: WARNING, microbrush
Brush 326: WARNING, microbrush
Brush 328: WARNING, microbrush
Brush 329: WARNING, microbrush
...1...2...3...4...5Brush 120: WARNING, microbrush
Brush 57: WARNING, microbrush
Brush 54: WARNING, microbrush
Brush 26: WARNING, microbrush
Brush 22: WARNING, microbrush
Brush 19: WARNING, microbrush
Brush 16: WARNING, microbrush
Brush 427: WARNING, microbrush
Brush 428: WARNING, microbrush
...6...7...8...9...10Processing areas...done (0)
Building Faces...done (0)
FixTjuncs...
PruneNodes...
WriteBSP...
done (0)
writing c:\program files (x86)\steam\steamapps\sourcemods\who\maps\hostel.prt...Building visibility clusters...
done (0)
Finding displacement neighbors...
Finding lightmap sample positions...
Displacement Alpha : 0...1...2...3...4...5...6...7...8...9...10
ConVarRef mat_reduceparticles doesn't point to an existing ConVar
Building Physics collision data...
done (0) (147149 bytes)
Placing static props...
Placing detail props : 0...1...2...3...4...5...6...7...8...9...10
Compacting texture/material tables...
Reduced 795 texinfos to 563
Reduced 10 texdatas to 10 (233 bytes to 233)
Writing c:\program files (x86)\steam\steamapps\sourcemods\who\maps\hostel.bsp
0 seconds elapsed



6 threads
reading c:\program files (x86)\steam\steamapps\sourcemods\who\maps\hostel.bsp
reading c:\program files (x86)\steam\steamapps\sourcemods\who\maps\hostel.prt
 515 portalclusters
1343 numportals
0...1...2...3...4...5...6...7...8...9...100...1...2...3...4...5...6...7...8...9...10Optimized: 469 visible clusters (0.00%)
Total clusters visible: 90352
Average clusters visible: 175
Building PAS...
Average clusters audible: 467
visdatasize:66413  compressed from 74160
writing c:\program files (x86)\steam\steamapps\sourcemods\who\maps\hostel.bsp
0 seconds elapsed



[Reading texlights from 'lights.rad']
[48 texlights parsed from 'lights.rad']

Loading c:\program files (x86)\steam\steamapps\sourcemods\who\maps\hostel.bsp
2191 faces
10070 square feet [1450151.13 square inches]
0 Displacements
0 Square Feet [0.00 Square Inches]
2191 patches before subdivision
37741 patches after subdivision
33 direct lights
0...1...2...3...4...5...6...7...8...9...100...1...2...3...4...5...6...7...8...9...10transfers 12619992, max 1170
transfer lists:  96.3 megs
0...1...2...3...4...5...6...7...8...9...10	Bounce #1 added RGB(219348, 115493, 29435)
0...1...2...3...4...5...6...7...8...9...10	Bounce #2 added RGB(111398, 45903, 10345)
0...1...2...3...4...5...6...7...8...9...10	Bounce #3 added RGB(54463, 17757, 3561)
0...1...2...3...4...5...6...7...8...9...10	Bounce #4 added RGB(26647, 6822, 1216)
0...1...2...3...4...5...6...7...8...9...10	Bounce #5 added RGB(13077, 2649, 422)
0...1...2...3...4...5...6...7...8...9...10	Bounce #6 added RGB(6444, 1032, 147)
0...1...2...3...4...5...6...7...8...9...10	Bounce #7 added RGB(3184, 404, 52)
0...1...2...3...4...5...6...7...8...9...10	Bounce #8 added RGB(1577, 159, 18)
0...1...2...3...4...5...6...7...8...9...10	Bounce #9 added RGB(782, 63, 6)
0...1...2...3...4...5...6...7...8...9...10	Bounce #10 added RGB(389, 25, 2)
0...1...2...3...4...5...6...7...8...9...10	Bounce #11 added RGB(193, 10, 1)
0...1...2...3...4...5...6...7...8...9...10	Bounce #12 added RGB(96, 4, 0)
0...1...2...3...4...5...6...7...8...9...10	Bounce #13 added RGB(48, 2, 0)
0...1...2...3...4...5...6...7...8...9...10	Bounce #14 added RGB(24, 1, 0)
0...1...2...3...4...5...6...7...8...9...10	Bounce #15 added RGB(12, 0, 0)
0...1...2...3...4...5...6...7...8...9...10	Bounce #16 added RGB(6, 0, 0)
0...1...2...3...4...5...6...7...8...9...10	Bounce #17 added RGB(3, 0, 0)
0...1...2...3...4...5...6...7...8...9...10	Bounce #18 added RGB(1, 0, 0)
0...1...2...3...4...5...6...7...8...9...10	Bounce #19 added RGB(1, 0, 0)
Build Patch/Sample Hash Table(s).....Done<0.0045 sec>
0...1...2...3...4...5...6...7...8...9...10FinalLightFace Done
0 of 0 (0% of) surface lights went in leaf ambient cubes.
0...1...2...3...4...5...6...7...8...9...10Writing leaf ambient...done
Ready to Finish

Object names       Objects/Maxobjs  Memory / Maxmem  Fullness 
------------       ---------------  ---------------  -------- 
models                   2/4096           96/196608   ( 0.0%) 
brushes                441/32768        5292/393216   ( 1.3%) 
brushsides            2765/65536       22120/524288   ( 4.2%) 
planes                1022/65536       20440/1310720  ( 1.6%) 
vertexes              4235/65536       50820/786432   ( 6.5%) 
nodes                 1225/65536       39200/2097152  ( 1.9%) 
texinfos               563/12288       40536/884736   ( 4.6%) 
texdata                 10/2048          320/65536    ( 0.5%) 
dispinfos                0/0               0/0        ( 0.0%) 
disp_verts               0/0               0/0        ( 0.0%) 
disp_tris                0/0               0/0        ( 0.0%) 
disp_lmsamples           0/0               0/0        ( 0.0%) 
faces                 2191/65536      122696/3670016  ( 3.3%) 
hdr faces                0/65536           0/3670016  ( 0.0%) 
origfaces             1322/65536       74032/3670016  ( 2.0%) 
leaves                1228/65536       39296/2097152  ( 1.9%) 
leaffaces             2559/65536        5118/131072   ( 3.9%) 
leafbrushes            978/65536        1956/131072   ( 1.5%) 
areas                    2/1024           16/8192     ( 0.2%) 
surfedges            16002/512000      64008/2048000  ( 3.1%) 
edges                 9111/256000      36444/1024000  ( 3.6%) 
LDR worldlights         33/16384        2904/1441792  ( 0.2%) 
HDR worldlights          0/16384           0/1441792  ( 0.0%) 
leafwaterdata            0/32768           0/393216   ( 0.0%) 
waterstrips            258/131072       2580/1310720  ( 0.2%) 
waterverts               0/131072          0/1572864  ( 0.0%) 
waterindices          4035/131072       8070/262144   ( 3.1%) 
cubemapsamples          14/1024          224/16384    ( 1.4%) 
overlays                 9/1024         3168/360448   ( 0.9%) 
LDR lightdata         [variable]     6882124/0        ( 0.0%) 
HDR lightdata         [variable]           0/0        ( 0.0%) 
visdata               [variable]       66413/16777216 ( 0.4%) 
entdata               [variable]       42429/393216   (10.8%) 
LDR ambient table     1228/65536        4912/262144   ( 1.9%) 
HDR ambient table     1228/65536        4912/262144   ( 1.9%) 
LDR leaf ambient       680/65536       19040/1835008  ( 1.0%) 
HDR leaf ambient      1228/65536       34384/1835008  ( 1.9%) 
occluders                0/0               0/0        ( 0.0%) 
occluder polygons        0/0               0/0        ( 0.0%) 
occluder vert ind        0/0               0/0        ( 0.0%) 
detail props          [variable]           1/12       ( 8.3%) 
static props          [variable]           1/12       ( 8.3%) 
pakfile               [variable]          54/0        ( 0.0%) 
physics               [variable]      147149/4194304  ( 3.5%) 
physics terrain       [variable]           2/1048576  ( 0.0%) 

Level flags = 1

Total triangle count: 6367
Writing c:\program files (x86)\steam\steamapps\sourcemods\who\maps\hostel.bsp
4 seconds elapsed



[Reading texlights from 'lights.rad']
[48 texlights parsed from 'lights.rad']

Loading c:\program files (x86)\steam\steamapps\sourcemods\who\maps\hostel.bsp
2191 faces
10070 square feet [1450151.13 square inches]
0 Displacements
0 Square Feet [0.00 Square Inches]
2191 patches before subdivision
37741 patches after subdivision
33 direct lights
0...1...2...3...4...5...6...7...8...9...100...1...2...3...4...5...6...7...8...9...10transfers 12619992, max 1170
transfer lists:  96.3 megs
0...1...2...3...4...5...6...7...8...9...10	Bounce #1 added RGB(219348, 115493, 29435)
0...1...2...3...4...5...6...7...8...9...10	Bounce #2 added RGB(111398, 45903, 10345)
0...1...2...3...4...5...6...7...8...9...10	Bounce #3 added RGB(54463, 17757, 3561)
0...1...2...3...4...5...6...7...8...9...10	Bounce #4 added RGB(26647, 6822, 1216)
0...1...2...3...4...5...6...7...8...9...10	Bounce #5 added RGB(13077, 2649, 422)
0...1...2...3...4...5...6...7...8...9...10	Bounce #6 added RGB(6444, 1032, 147)
0...1...2...3...4...5...6...7...8...9...10	Bounce #7 added RGB(3184, 404, 52)
0...1...2...3...4...5...6...7...8...9...10	Bounce #8 added RGB(1577, 159, 18)
0...1...2...3...4...5...6...7...8...9...10	Bounce #9 added RGB(782, 63, 6)
0...1...2...3...4...5...6...7...8...9...10	Bounce #10 added RGB(389, 25, 2)
0...1...2...3...4...5...6...7...8...9...10	Bounce #11 added RGB(193, 10, 1)
0...1...2...3...4...5...6...7...8...9...10	Bounce #12 added RGB(96, 4, 0)
0...1...2...3...4...5...6...7...8...9...10	Bounce #13 added RGB(48, 2, 0)
0...1...2...3...4...5...6...7...8...9...10	Bounce #14 added RGB(24, 1, 0)
0...1...2...3...4...5...6...7...8...9...10	Bounce #15 added RGB(12, 0, 0)
0...1...2...3...4...5...6...7...8...9...10	Bounce #16 added RGB(6, 0, 0)
0...1...2...3...4...5...6...7...8...9...10	Bounce #17 added RGB(3, 0, 0)
0...1...2...3...4...5...6...7...8...9...10	Bounce #18 added RGB(1, 0, 0)
0...1...2...3...4...5...6...7...8...9...10	Bounce #19 added RGB(1, 0, 0)
Build Patch/Sample Hash Table(s).....Done<0.0038 sec>
0...1...2...3...4...5...6...7...8...9...10FinalLightFace Done
0 of 0 (0% of) surface lights went in leaf ambient cubes.
0...1...2...3...4...5...6...7...8...9...10Writing leaf ambient...done
Ready to Finish

Object names       Objects/Maxobjs  Memory / Maxmem  Fullness 
------------       ---------------  ---------------  -------- 
models                   2/4096           96/196608   ( 0.0%) 
brushes                441/32768        5292/393216   ( 1.3%) 
brushsides            2765/65536       22120/524288   ( 4.2%) 
planes                1022/65536       20440/1310720  ( 1.6%) 
vertexes              4235/65536       50820/786432   ( 6.5%) 
nodes                 1225/65536       39200/2097152  ( 1.9%) 
texinfos               563/12288       40536/884736   ( 4.6%) 
texdata                 10/2048          320/65536    ( 0.5%) 
dispinfos                0/0               0/0        ( 0.0%) 
disp_verts               0/0               0/0        ( 0.0%) 
disp_tris                0/0               0/0        ( 0.0%) 
disp_lmsamples           0/0               0/0        ( 0.0%) 
faces                 2191/65536      122696/3670016  ( 3.3%) 
hdr faces             2191/65536      122696/3670016  ( 3.3%) 
origfaces             1322/65536       74032/3670016  ( 2.0%) 
leaves                1228/65536       39296/2097152  ( 1.9%) 
leaffaces             2559/65536        5118/131072   ( 3.9%) 
leafbrushes            978/65536        1956/131072   ( 1.5%) 
areas                    2/1024           16/8192     ( 0.2%) 
surfedges            16002/512000      64008/2048000  ( 3.1%) 
edges                 9111/256000      36444/1024000  ( 3.6%) 
LDR worldlights         33/16384        2904/1441792  ( 0.2%) 
HDR worldlights         33/16384        2904/1441792  ( 0.2%) 
leafwaterdata            0/32768           0/393216   ( 0.0%) 
waterstrips            258/131072       2580/1310720  ( 0.2%) 
waterverts               0/131072          0/1572864  ( 0.0%) 
waterindices          4035/131072       8070/262144   ( 3.1%) 
cubemapsamples          14/1024          224/16384    ( 1.4%) 
overlays                 9/1024         3168/360448   ( 0.9%) 
LDR lightdata         [variable]     6882124/0        ( 0.0%) 
HDR lightdata         [variable]     6882124/0        ( 0.0%) 
visdata               [variable]       66413/16777216 ( 0.4%) 
entdata               [variable]       42429/393216   (10.8%) 
LDR ambient table     1228/65536        4912/262144   ( 1.9%) 
HDR ambient table     1228/65536        4912/262144   ( 1.9%) 
LDR leaf ambient       680/65536       19040/1835008  ( 1.0%) 
HDR leaf ambient       680/65536       19040/1835008  ( 1.0%) 
occluders                0/0               0/0        ( 0.0%) 
occluder polygons        0/0               0/0        ( 0.0%) 
occluder vert ind        0/0               0/0        ( 0.0%) 
detail props          [variable]           1/12       ( 8.3%) 
static props          [variable]           1/12       ( 8.3%) 
pakfile               [variable]          54/0        ( 0.0%) 
physics               [variable]      147149/4194304  ( 3.5%) 
physics terrain       [variable]           2/1048576  ( 0.0%) 

Level flags = 3

Total triangle count: 6367
Writing c:\program files (x86)\steam\steamapps\sourcemods\who\maps\hostel.bsp
4 seconds elapsed



materialPath: C:\Program Files (x86)\Steam\steamapps\sourcemods\who\materials
Loading c:\program files (x86)\steam\steamapps\sourcemods\who\maps\hostel.vmf
fixing up env_cubemap materials on brush sides...
0...1Brush 325: WARNING, microbrush
Brush 326: WARNING, microbrush
Brush 328: WARNING, microbrush
Brush 329: WARNING, microbrush
...2...3...4.Brush 120: WARNING, microbrush
Brush 57: WARNING, microbrush
Brush 54: WARNING, microbrush
Brush 50: WARNING, microbrush
Brush 48: WARNING, microbrush
Brush 26: WARNING, microbrush
Brush 22: WARNING, microbrush
..5...6...7...8...9...100...1Brush 325: WARNING, microbrush
Brush 326: WARNING, microbrush
Brush 328: WARNING, microbrush
Brush 329: WARNING, microbrush
...2...3...4.Brush 120: WARNING, microbrush
Brush 57: WARNING, microbrush
Brush 54: WARNING, microbrush
Brush 50: WARNING, microbrush
Brush 48: WARNING, microbrush
Brush 26: WARNING, microbrush
Brush 22: WARNING, microbrush
..5...6...7...8...9...10Processing areas...done (0)
Building Faces...done (0)
FixTjuncs...
PruneNodes...
WriteBSP...
done (0)
writing c:\program files (x86)\steam\steamapps\sourcemods\who\maps\hostel.prt...Building visibility clusters...
done (0)
Finding displacement neighbors...
Finding lightmap sample positions...
Displacement Alpha : 0...1...2...3...4...5...6...7...8...9...10
ConVarRef mat_reduceparticles doesn't point to an existing ConVar
Building Physics collision data...
done (0) (151839 bytes)
Placing static props...
Placing detail props : 0...1...2...3...4...5...6...7...8...9...10
Compacting texture/material tables...
Reduced 872 texinfos to 591
Reduced 20 texdatas to 19 (522 bytes to 505)
Writing c:\program files (x86)\steam\steamapps\sourcemods\who\maps\hostel.bsp
0 seconds elapsed



6 threads
reading c:\program files (x86)\steam\steamapps\sourcemods\who\maps\hostel.bsp
reading c:\program files (x86)\steam\steamapps\sourcemods\who\maps\hostel.prt
 561 portalclusters
1510 numportals
0...1...2...3...4...5...6...7...8...9...100...1...2...3...4...5...6...7...8...9...10Optimized: 796 visible clusters (0.00%)
Total clusters visible: 109817
Average clusters visible: 195
Building PAS...
Average clusters audible: 524
visdatasize:79895  compressed from 80784
writing c:\program files (x86)\steam\steamapps\sourcemods\who\maps\hostel.bsp
2 seconds elapsed



[Reading texlights from 'lights.rad']
[48 texlights parsed from 'lights.rad']

Loading c:\program files (x86)\steam\steamapps\sourcemods\who\maps\hostel.bsp
2281 faces
11605 square feet [1671194.13 square inches]
0 Displacements
0 Square Feet [0.00 Square Inches]
2281 patches before subdivision
37537 patches after subdivision
42 direct lights
0...1...2...3...4...5...6...7...8...9...100...1...2...3...4...5...6...7...8...9...10transfers 12469392, max 1156
transfer lists:  95.1 megs
0...1...2...3...4...5...6...7...8...9...10	Bounce #1 added RGB(217391, 118533, 40233)
0...1...2...3...4...5...6...7...8...9...10	Bounce #2 added RGB(109931, 47694, 15984)
0...1...2...3...4...5...6...7...8...9...10	Bounce #3 added RGB(53213, 18573, 6157)
0...1...2...3...4...5...6...7...8...9...10	Bounce #4 added RGB(25788, 7189, 2359)
0...1...2...3...4...5...6...7...8...9...10	Bounce #5 added RGB(12525, 2807, 908)
0...1...2...3...4...5...6...7...8...9...10	Bounce #6 added RGB(6110, 1098, 349)
0...1...2...3...4...5...6...7...8...9...10	Bounce #7 added RGB(2990, 432, 135)
0...1...2...3...4...5...6...7...8...9...10	Bounce #8 added RGB(1467, 170, 52)
0...1...2...3...4...5...6...7...8...9...10	Bounce #9 added RGB(721, 67, 20)
0...1...2...3...4...5...6...7...8...9...10	Bounce #10 added RGB(355, 27, 8)
0...1...2...3...4...5...6...7...8...9...10	Bounce #11 added RGB(175, 11, 3)
0...1...2...3...4...5...6...7...8...9...10	Bounce #12 added RGB(86, 4, 1)
0...1...2...3...4...5...6...7...8...9...10	Bounce #13 added RGB(43, 2, 0)
0...1...2...3...4...5...6...7...8...9...10	Bounce #14 added RGB(21, 1, 0)
0...1...2...3...4...5...6...7...8...9...10	Bounce #15 added RGB(10, 0, 0)
0...1...2...3...4...5...6...7...8...9...10	Bounce #16 added RGB(5, 0, 0)
0...1...2...3...4...5...6...7...8...9...10	Bounce #17 added RGB(3, 0, 0)
0...1...2...3...4...5...6...7...8...9...10	Bounce #18 added RGB(1, 0, 0)
0...1...2...3...4...5...6...7...8...9...10	Bounce #19 added RGB(1, 0, 0)
Build Patch/Sample Hash Table(s).....Done<0.0036 sec>
0...1...2...3...4...5...6...7...8...9...10FinalLightFace Done
0 of 0 (0% of) surface lights went in leaf ambient cubes.
0...1...2...3...4...5...6...7...8...9...10Writing leaf ambient...done
Computing static prop lighting : 00...1...2...3...4...5...6...7...8...9...10
Ready to Finish

Object names       Objects/Maxobjs  Memory / Maxmem  Fullness 
------------       ---------------  ---------------  -------- 
models                   5/4096          240/196608   ( 0.1%) 
brushes                449/32768        5388/393216   ( 1.4%) 
brushsides            2828/65536       22624/524288   ( 4.3%) 
planes                1112/65536       22240/1310720  ( 1.7%) 
vertexes              4384/65536       52608/786432   ( 6.7%) 
nodes                 1343/65536       42976/2097152  ( 2.0%) 
texinfos               591/12288       42552/884736   ( 4.8%) 
texdata                 19/2048          608/65536    ( 0.9%) 
dispinfos                0/0               0/0        ( 0.0%) 
disp_verts               0/0               0/0        ( 0.0%) 
disp_tris                0/0               0/0        ( 0.0%) 
disp_lmsamples           0/0               0/0        ( 0.0%) 
faces                 2281/65536      127736/3670016  ( 3.5%) 
hdr faces                0/65536           0/3670016  ( 0.0%) 
origfaces             1361/65536       76216/3670016  ( 2.1%) 
leaves                1349/65536       43168/2097152  ( 2.1%) 
leaffaces             2752/65536        5504/131072   ( 4.2%) 
leafbrushes           1035/65536        2070/131072   ( 1.6%) 
areas                    2/1024           16/8192     ( 0.2%) 
surfedges            16597/512000      66388/2048000  ( 3.2%) 
edges                 9431/256000      37724/1024000  ( 3.7%) 
LDR worldlights         42/16384        3696/1441792  ( 0.3%) 
HDR worldlights          0/16384           0/1441792  ( 0.0%) 
leafwaterdata            0/32768           0/393216   ( 0.0%) 
waterstrips            266/131072       2660/1310720  ( 0.2%) 
waterverts               0/131072          0/1572864  ( 0.0%) 
waterindices          4224/131072       8448/262144   ( 3.2%) 
cubemapsamples          14/1024          224/16384    ( 1.4%) 
overlays                13/1024         4576/360448   ( 1.3%) 
LDR lightdata         [variable]     6882520/0        ( 0.0%) 
HDR lightdata         [variable]           0/0        ( 0.0%) 
visdata               [variable]       79895/16777216 ( 0.5%) 
entdata               [variable]       44818/393216   (11.4%) 
LDR ambient table     1349/65536        5396/262144   ( 2.1%) 
HDR ambient table     1349/65536        5396/262144   ( 2.1%) 
LDR leaf ambient      1163/65536       32564/1835008  ( 1.8%) 
HDR leaf ambient      1349/65536       37772/1835008  ( 2.1%) 
occluders                0/0               0/0        ( 0.0%) 
occluder polygons        0/0               0/0        ( 0.0%) 
occluder vert ind        0/0               0/0        ( 0.0%) 
detail props          [variable]           1/12       ( 8.3%) 
static props          [variable]           1/840      ( 0.1%) 
pakfile               [variable]       20146/0        ( 0.0%) 
physics               [variable]      151839/4194304  ( 3.6%) 
physics terrain       [variable]           2/1048576  ( 0.0%) 

Level flags = 1

Total triangle count: 6620
Writing c:\program files (x86)\steam\steamapps\sourcemods\who\maps\hostel.bsp
4 seconds elapsed



[Reading texlights from 'lights.rad']
[48 texlights parsed from 'lights.rad']

Loading c:\program files (x86)\steam\steamapps\sourcemods\who\maps\hostel.bsp
2281 faces
11605 square feet [1671194.13 square inches]
0 Displacements
0 Square Feet [0.00 Square Inches]
2281 patches before subdivision
37537 patches after subdivision
42 direct lights
0...1...2...3...4...5...6...7...8...9...100...1...2...3...4...5...6...7...8...9...10transfers 12469392, max 1156
transfer lists:  95.1 megs
0...1...2...3...4...5...6...7...8...9...10	Bounce #1 added RGB(217391, 118533, 40233)
0...1...2...3...4...5...6...7...8...9...10	Bounce #2 added RGB(109931, 47694, 15984)
0...1...2...3...4...5...6...7...8...9...10	Bounce #3 added RGB(53213, 18573, 6157)
0...1...2...3...4...5...6...7...8...9...10	Bounce #4 added RGB(25788, 7189, 2359)
0...1...2...3...4...5...6...7...8...9...10	Bounce #5 added RGB(12525, 2807, 908)
0...1...2...3...4...5...6...7...8...9...10	Bounce #6 added RGB(6110, 1098, 349)
0...1...2...3...4...5...6...7...8...9...10	Bounce #7 added RGB(2990, 432, 135)
0...1...2...3...4...5...6...7...8...9...10	Bounce #8 added RGB(1467, 170, 52)
0...1...2...3...4...5...6...7...8...9...10	Bounce #9 added RGB(721, 67, 20)
0...1...2...3...4...5...6...7...8...9...10	Bounce #10 added RGB(355, 27, 8)
0...1...2...3...4...5...6...7...8...9...10	Bounce #11 added RGB(175, 11, 3)
0...1...2...3...4...5...6...7...8...9...10	Bounce #12 added RGB(86, 4, 1)
0...1...2...3...4...5...6...7...8...9...10	Bounce #13 added RGB(43, 2, 0)
0...1...2...3...4...5...6...7...8...9...10	Bounce #14 added RGB(21, 1, 0)
0...1...2...3...4...5...6...7...8...9...10	Bounce #15 added RGB(10, 0, 0)
0...1...2...3...4...5...6...7...8...9...10	Bounce #16 added RGB(5, 0, 0)
0...1...2...3...4...5...6...7...8...9...10	Bounce #17 added RGB(3, 0, 0)
0...1...2...3...4...5...6...7...8...9...10	Bounce #18 added RGB(1, 0, 0)
0...1...2...3...4...5...6...7...8...9...10	Bounce #19 added RGB(1, 0, 0)
Build Patch/Sample Hash Table(s).....Done<0.0040 sec>
0...1...2...3...4...5...6...7...8...9...10FinalLightFace Done
0 of 0 (0% of) surface lights went in leaf ambient cubes.
0...1...2...3...4...5...6...7...8...9...10Writing leaf ambient...done
Computing static prop lighting : 00...1...2...3...4...5...6...7...8...9...10
Ready to Finish

Object names       Objects/Maxobjs  Memory / Maxmem  Fullness 
------------       ---------------  ---------------  -------- 
models                   5/4096          240/196608   ( 0.1%) 
brushes                449/32768        5388/393216   ( 1.4%) 
brushsides            2828/65536       22624/524288   ( 4.3%) 
planes                1112/65536       22240/1310720  ( 1.7%) 
vertexes              4384/65536       52608/786432   ( 6.7%) 
nodes                 1343/65536       42976/2097152  ( 2.0%) 
texinfos               591/12288       42552/884736   ( 4.8%) 
texdata                 19/2048          608/65536    ( 0.9%) 
dispinfos                0/0               0/0        ( 0.0%) 
disp_verts               0/0               0/0        ( 0.0%) 
disp_tris                0/0               0/0        ( 0.0%) 
disp_lmsamples           0/0               0/0        ( 0.0%) 
faces                 2281/65536      127736/3670016  ( 3.5%) 
hdr faces             2281/65536      127736/3670016  ( 3.5%) 
origfaces             1361/65536       76216/3670016  ( 2.1%) 
leaves                1349/65536       43168/2097152  ( 2.1%) 
leaffaces             2752/65536        5504/131072   ( 4.2%) 
leafbrushes           1035/65536        2070/131072   ( 1.6%) 
areas                    2/1024           16/8192     ( 0.2%) 
surfedges            16597/512000      66388/2048000  ( 3.2%) 
edges                 9431/256000      37724/1024000  ( 3.7%) 
LDR worldlights         42/16384        3696/1441792  ( 0.3%) 
HDR worldlights         42/16384        3696/1441792  ( 0.3%) 
leafwaterdata            0/32768           0/393216   ( 0.0%) 
waterstrips            266/131072       2660/1310720  ( 0.2%) 
waterverts               0/131072          0/1572864  ( 0.0%) 
waterindices          4224/131072       8448/262144   ( 3.2%) 
cubemapsamples          14/1024          224/16384    ( 1.4%) 
overlays                13/1024         4576/360448   ( 1.3%) 
LDR lightdata         [variable]     6882520/0        ( 0.0%) 
HDR lightdata         [variable]     6882520/0        ( 0.0%) 
visdata               [variable]       79895/16777216 ( 0.5%) 
entdata               [variable]       44818/393216   (11.4%) 
LDR ambient table     1349/65536        5396/262144   ( 2.1%) 
HDR ambient table     1349/65536        5396/262144   ( 2.1%) 
LDR leaf ambient      1163/65536       32564/1835008  ( 1.8%) 
HDR leaf ambient      1163/65536       32564/1835008  ( 1.8%) 
occluders                0/0               0/0        ( 0.0%) 
occluder polygons        0/0               0/0        ( 0.0%) 
occluder vert ind        0/0               0/0        ( 0.0%) 
detail props          [variable]           1/12       ( 8.3%) 
static props          [variable]           1/840      ( 0.1%) 
pakfile               [variable]       39378/0        ( 0.0%) 
physics               [variable]      151839/4194304  ( 3.6%) 
physics terrain       [variable]           2/1048576  ( 0.0%) 

Level flags = 3

Total triangle count: 6620
Writing c:\program files (x86)\steam\steamapps\sourcemods\who\maps\hostel.bsp
4 seconds elapsed



materialPath: C:\Program Files (x86)\Steam\steamapps\sourcemods\who\materials
Loading c:\program files (x86)\steam\steamapps\sourcemods\who\maps\hostel.vmf
fixing up env_cubemap materials on brush sides...
0...1Brush 325: WARNING, microbrush
Brush 326: WARNING, microbrush
Brush 328: WARNING, microbrush
Brush 329: WARNING, microbrush
...2...3...4.Brush 120: WARNING, microbrush
Brush 57: WARNING, microbrush
Brush 54: WARNING, microbrush
Brush 50: WARNING, microbrush
Brush 48: WARNING, microbrush
Brush 26: WARNING, microbrush
Brush 22: WARNING, microbrush
..5...6...7...8...9...100...1Brush 325: WARNING, microbrush
Brush 326: WARNING, microbrush
Brush 328: WARNING, microbrush
Brush 329: WARNING, microbrush
...2...3...4.Brush 120: WARNING, microbrush
Brush 57: WARNING, microbrush
Brush 54: WARNING, microbrush
Brush 50: WARNING, microbrush
Brush 48: WARNING, microbrush
Brush 26: WARNING, microbrush
Brush 22: WARNING, microbrush
..5...6...7...8...9...10Processing areas...done (0)
Building Faces...done (0)
FixTjuncs...
PruneNodes...
WriteBSP...
done (0)
writing c:\program files (x86)\steam\steamapps\sourcemods\who\maps\hostel.prt...Building visibility clusters...
done (0)
Finding displacement neighbors...
Finding lightmap sample positions...
Displacement Alpha : 0...1...2...3...4...5...6...7...8...9...10
ConVarRef mat_reduceparticles doesn't point to an existing ConVar
Building Physics collision data...
done (0) (152403 bytes)
Placing static props...
Placing detail props : 0...1...2...3...4...5...6...7...8...9...10
Compacting texture/material tables...
Reduced 879 texinfos to 597
Reduced 21 texdatas to 20 (542 bytes to 525)
Writing c:\program files (x86)\steam\steamapps\sourcemods\who\maps\hostel.bsp
0 seconds elapsed



6 threads
reading c:\program files (x86)\steam\steamapps\sourcemods\who\maps\hostel.bsp
reading c:\program files (x86)\steam\steamapps\sourcemods\who\maps\hostel.prt
 554 portalclusters
1485 numportals
0...1...2...3...4...5...6...7...8...9...100...1...2...3...4...5...6...7...8...9...10Optimized: 1150 visible clusters (0.00%)
Total clusters visible: 97866
Average clusters visible: 176
Building PAS...
Average clusters audible: 494
visdatasize:76971  compressed from 79776
writing c:\program files (x86)\steam\steamapps\sourcemods\who\maps\hostel.bsp
1 second elapsed



[Reading texlights from 'lights.rad']
[48 texlights parsed from 'lights.rad']

Loading c:\program files (x86)\steam\steamapps\sourcemods\who\maps\hostel.bsp
2288 faces
11687 square feet [1682958.50 square inches]
0 Displacements
0 Square Feet [0.00 Square Inches]
2288 patches before subdivision
37288 patches after subdivision
42 direct lights
0...1...2...3...4...5...6...7...8...9...100...1...2...3...4...5...6...7...8...9...10transfers 12249790, max 1146
transfer lists:  93.5 megs
0...1...2...3...4...5...6...7...8...9...10	Bounce #1 added RGB(215347, 117345, 39918)
0...1...2...3...4...5...6...7...8...9...10	Bounce #2 added RGB(108692, 47145, 15855)
0...1...2...3...4...5...6...7...8...9...10	Bounce #3 added RGB(52500, 18316, 6103)
0...1...2...3...4...5...6...7...8...9...10	Bounce #4 added RGB(25376, 7072, 2337)
0...1...2...3...4...5...6...7...8...9...10	Bounce #5 added RGB(12289, 2752, 898)
0...1...2...3...4...5...6...7...8...9...10	Bounce #6 added RGB(5976, 1074, 345)
0...1...2...3...4...5...6...7...8...9...10	Bounce #7 added RGB(2914, 421, 133)
0...1...2...3...4...5...6...7...8...9...10	Bounce #8 added RGB(1424, 165, 51)
0...1...2...3...4...5...6...7...8...9...10	Bounce #9 added RGB(698, 65, 20)
0...1...2...3...4...5...6...7...8...9...10	Bounce #10 added RGB(342, 26, 8)
0...1...2...3...4...5...6...7...8...9...10	Bounce #11 added RGB(168, 10, 3)
0...1...2...3...4...5...6...7...8...9...10	Bounce #12 added RGB(83, 4, 1)
0...1...2...3...4...5...6...7...8...9...10	Bounce #13 added RGB(41, 2, 0)
0...1...2...3...4...5...6...7...8...9...10	Bounce #14 added RGB(20, 1, 0)
0...1...2...3...4...5...6...7...8...9...10	Bounce #15 added RGB(10, 0, 0)
0...1...2...3...4...5...6...7...8...9...10	Bounce #16 added RGB(5, 0, 0)
0...1...2...3...4...5...6...7...8...9...10	Bounce #17 added RGB(2, 0, 0)
0...1...2...3...4...5...6...7...8...9...10	Bounce #18 added RGB(1, 0, 0)
0...1...2...3...4...5...6...7...8...9...10	Bounce #19 added RGB(1, 0, 0)
Build Patch/Sample Hash Table(s).....Done<0.0037 sec>
0...1...2...3...4...5...6...7...8...9...10FinalLightFace Done
0 of 0 (0% of) surface lights went in leaf ambient cubes.
0...1...2...3...4...5...6...7...8...9...10Writing leaf ambient...done
Computing static prop lighting : 00...1...2...3...4...5...6...7...8...9...10
Ready to Finish

Object names       Objects/Maxobjs  Memory / Maxmem  Fullness 
------------       ---------------  ---------------  -------- 
models                   6/4096          288/196608   ( 0.1%) 
brushes                450/32768        5400/393216   ( 1.4%) 
brushsides            2834/65536       22672/524288   ( 4.3%) 
planes                1132/65536       22640/1310720  ( 1.7%) 
vertexes              4374/65536       52488/786432   ( 6.7%) 
nodes                 1344/65536       43008/2097152  ( 2.1%) 
texinfos               597/12288       42984/884736   ( 4.9%) 
texdata                 20/2048          640/65536    ( 1.0%) 
dispinfos                0/0               0/0        ( 0.0%) 
disp_verts               0/0               0/0        ( 0.0%) 
disp_tris                0/0               0/0        ( 0.0%) 
disp_lmsamples           0/0               0/0        ( 0.0%) 
faces                 2288/65536      128128/3670016  ( 3.5%) 
hdr faces                0/65536           0/3670016  ( 0.0%) 
origfaces             1374/65536       76944/3670016  ( 2.1%) 
leaves                1351/65536       43232/2097152  ( 2.1%) 
leaffaces             2700/65536        5400/131072   ( 4.1%) 
leafbrushes           1035/65536        2070/131072   ( 1.6%) 
areas                    2/1024           16/8192     ( 0.2%) 
surfedges            16656/512000      66624/2048000  ( 3.3%) 
edges                 9458/256000      37832/1024000  ( 3.7%) 
LDR worldlights         42/16384        3696/1441792  ( 0.3%) 
HDR worldlights          0/16384           0/1441792  ( 0.0%) 
leafwaterdata            0/32768           0/393216   ( 0.0%) 
waterstrips            264/131072       2640/1310720  ( 0.2%) 
waterverts               0/131072          0/1572864  ( 0.0%) 
waterindices          4212/131072       8424/262144   ( 3.2%) 
cubemapsamples          14/1024          224/16384    ( 1.4%) 
overlays                13/1024         4576/360448   ( 1.3%) 
LDR lightdata         [variable]     6859776/0        ( 0.0%) 
HDR lightdata         [variable]           0/0        ( 0.0%) 
visdata               [variable]       76971/16777216 ( 0.5%) 
entdata               [variable]       45278/393216   (11.5%) 
LDR ambient table     1351/65536        5404/262144   ( 2.1%) 
HDR ambient table     1351/65536        5404/262144   ( 2.1%) 
LDR leaf ambient      1179/65536       33012/1835008  ( 1.8%) 
HDR leaf ambient      1351/65536       37828/1835008  ( 2.1%) 
occluders                0/0               0/0        ( 0.0%) 
occluder polygons        0/0               0/0        ( 0.0%) 
occluder vert ind        0/0               0/0        ( 0.0%) 
detail props          [variable]           1/12       ( 8.3%) 
static props          [variable]           1/840      ( 0.1%) 
pakfile               [variable]       20146/0        ( 0.0%) 
physics               [variable]      152403/4194304  ( 3.6%) 
physics terrain       [variable]           2/1048576  ( 0.0%) 

Level flags = 1

Total triangle count: 6611
Writing c:\program files (x86)\steam\steamapps\sourcemods\who\maps\hostel.bsp
4 seconds elapsed



[Reading texlights from 'lights.rad']
[48 texlights parsed from 'lights.rad']

Loading c:\program files (x86)\steam\steamapps\sourcemods\who\maps\hostel.bsp
2288 faces
11687 square feet [1682958.50 square inches]
0 Displacements
0 Square Feet [0.00 Square Inches]
2288 patches before subdivision
37288 patches after subdivision
42 direct lights
0...1...2...3...4...5...6...7...8...9...100...1...2...3...4...5...6...7...8...9...10transfers 12249790, max 1146
transfer lists:  93.5 megs
0...1...2...3...4...5...6...7...8...9...10	Bounce #1 added RGB(215347, 117345, 39918)
0...1...2...3...4...5...6...7...8...9...10	Bounce #2 added RGB(108692, 47145, 15855)
0...1...2...3...4...5...6...7...8...9...10	Bounce #3 added RGB(52500, 18316, 6103)
0...1...2...3...4...5...6...7...8...9...10	Bounce #4 added RGB(25376, 7072, 2337)
0...1...2...3...4...5...6...7...8...9...10	Bounce #5 added RGB(12289, 2752, 898)
0...1...2...3...4...5...6...7...8...9...10	Bounce #6 added RGB(5976, 1074, 345)
0...1...2...3...4...5...6...7...8...9...10	Bounce #7 added RGB(2914, 421, 133)
0...1...2...3...4...5...6...7...8...9...10	Bounce #8 added RGB(1424, 165, 51)
0...1...2...3...4...5...6...7...8...9...10	Bounce #9 added RGB(698, 65, 20)
0...1...2...3...4...5...6...7...8...9...10	Bounce #10 added RGB(342, 26, 8)
0...1...2...3...4...5...6...7...8...9...10	Bounce #11 added RGB(168, 10, 3)
0...1...2...3...4...5...6...7...8...9...10	Bounce #12 added RGB(83, 4, 1)
0...1...2...3...4...5...6...7...8...9...10	Bounce #13 added RGB(41, 2, 0)
0...1...2...3...4...5...6...7...8...9...10	Bounce #14 added RGB(20, 1, 0)
0...1...2...3...4...5...6...7...8...9...10	Bounce #15 added RGB(10, 0, 0)
0...1...2...3...4...5...6...7...8...9...10	Bounce #16 added RGB(5, 0, 0)
0...1...2...3...4...5...6...7...8...9...10	Bounce #17 added RGB(2, 0, 0)
0...1...2...3...4...5...6...7...8...9...10	Bounce #18 added RGB(1, 0, 0)
0...1...2...3...4...5...6...7...8...9...10	Bounce #19 added RGB(1, 0, 0)
Build Patch/Sample Hash Table(s).....Done<0.0050 sec>
0...1...2...3...4...5...6...7...8...9...10FinalLightFace Done
0 of 0 (0% of) surface lights went in leaf ambient cubes.
0...1...2...3...4...5...6...7...8...9...10Writing leaf ambient...done
Computing static prop lighting : 00...1...2...3...4...5...6...7...8...9...10
Ready to Finish

Object names       Objects/Maxobjs  Memory / Maxmem  Fullness 
------------       ---------------  ---------------  -------- 
models                   6/4096          288/196608   ( 0.1%) 
brushes                450/32768        5400/393216   ( 1.4%) 
brushsides            2834/65536       22672/524288   ( 4.3%) 
planes                1132/65536       22640/1310720  ( 1.7%) 
vertexes              4374/65536       52488/786432   ( 6.7%) 
nodes                 1344/65536       43008/2097152  ( 2.1%) 
texinfos               597/12288       42984/884736   ( 4.9%) 
texdata                 20/2048          640/65536    ( 1.0%) 
dispinfos                0/0               0/0        ( 0.0%) 
disp_verts               0/0               0/0        ( 0.0%) 
disp_tris                0/0               0/0        ( 0.0%) 
disp_lmsamples           0/0               0/0        ( 0.0%) 
faces                 2288/65536      128128/3670016  ( 3.5%) 
hdr faces             2288/65536      128128/3670016  ( 3.5%) 
origfaces             1374/65536       76944/3670016  ( 2.1%) 
leaves                1351/65536       43232/2097152  ( 2.1%) 
leaffaces             2700/65536        5400/131072   ( 4.1%) 
leafbrushes           1035/65536        2070/131072   ( 1.6%) 
areas                    2/1024           16/8192     ( 0.2%) 
surfedges            16656/512000      66624/2048000  ( 3.3%) 
edges                 9458/256000      37832/1024000  ( 3.7%) 
LDR worldlights         42/16384        3696/1441792  ( 0.3%) 
HDR worldlights         42/16384        3696/1441792  ( 0.3%) 
leafwaterdata            0/32768           0/393216   ( 0.0%) 
waterstrips            264/131072       2640/1310720  ( 0.2%) 
waterverts               0/131072          0/1572864  ( 0.0%) 
waterindices          4212/131072       8424/262144   ( 3.2%) 
cubemapsamples          14/1024          224/16384    ( 1.4%) 
overlays                13/1024         4576/360448   ( 1.3%) 
LDR lightdata         [variable]     6859776/0        ( 0.0%) 
HDR lightdata         [variable]     6859776/0        ( 0.0%) 
visdata               [variable]       76971/16777216 ( 0.5%) 
entdata               [variable]       45278/393216   (11.5%) 
LDR ambient table     1351/65536        5404/262144   ( 2.1%) 
HDR ambient table     1351/65536        5404/262144   ( 2.1%) 
LDR leaf ambient      1179/65536       33012/1835008  ( 1.8%) 
HDR leaf ambient      1179/65536       33012/1835008  ( 1.8%) 
occluders                0/0               0/0        ( 0.0%) 
occluder polygons        0/0               0/0        ( 0.0%) 
occluder vert ind        0/0               0/0        ( 0.0%) 
detail props          [variable]           1/12       ( 8.3%) 
static props          [variable]           1/840      ( 0.1%) 
pakfile               [variable]       39378/0        ( 0.0%) 
physics               [variable]      152403/4194304  ( 3.6%) 
physics terrain       [variable]           2/1048576  ( 0.0%) 

Level flags = 3

Total triangle count: 6611
Writing c:\program files (x86)\steam\steamapps\sourcemods\who\maps\hostel.bsp
4 seconds elapsed



materialPath: C:\Program Files (x86)\Steam\steamapps\sourcemods\who\materials
Loading c:\program files (x86)\steam\steamapps\sourcemods\who\maps\hostel.vmf
fixing up env_cubemap materials on brush sides...
0...1Brush 325: WARNING, microbrush
Brush 326: WARNING, microbrush
Brush 328: WARNING, microbrush
Brush 329: WARNING, microbrush
...2...3...4.Brush 120: WARNING, microbrush
Brush 57: WARNING, microbrush
Brush 54: WARNING, microbrush
Brush 50: WARNING, microbrush
Brush 48: WARNING, microbrush
Brush 26: WARNING, microbrush
Brush 22: WARNING, microbrush
..5...6...7...8...9...100...1Brush 325: WARNING, microbrush
Brush 326: WARNING, microbrush
Brush 328: WARNING, microbrush
Brush 329: WARNING, microbrush
...2...3...4.Brush 120: WARNING, microbrush
Brush 57: WARNING, microbrush
Brush 54: WARNING, microbrush
Brush 50: WARNING, microbrush
Brush 48: WARNING, microbrush
Brush 26: WARNING, microbrush
Brush 22: WARNING, microbrush
..5...6...7...8...9...10Processing areas...done (0)
Building Faces...done (0)
FixTjuncs...
PruneNodes...
WriteBSP...
done (0)
writing c:\program files (x86)\steam\steamapps\sourcemods\who\maps\hostel.prt...Building visibility clusters...
done (0)
Finding displacement neighbors...
Finding lightmap sample positions...
Displacement Alpha : 0...1...2...3...4...5...6...7...8...9...10
ConVarRef mat_reduceparticles doesn't point to an existing ConVar
Building Physics collision data...
done (0) (152403 bytes)
Placing static props...
Placing detail props : 0...1...2...3...4...5...6...7...8...9...10
Compacting texture/material tables...
Reduced 879 texinfos to 597
Reduced 21 texdatas to 20 (542 bytes to 525)
Writing c:\program files (x86)\steam\steamapps\sourcemods\who\maps\hostel.bsp
0 seconds elapsed



6 threads
reading c:\program files (x86)\steam\steamapps\sourcemods\who\maps\hostel.bsp
reading c:\program files (x86)\steam\steamapps\sourcemods\who\maps\hostel.prt
 554 portalclusters
1485 numportals
0...1...2...3...4...5...6...7...8...9...100...1...2...3...4...5...6...7...8...9...10Optimized: 1150 visible clusters (0.00%)
Total clusters visible: 97866
Average clusters visible: 176
Building PAS...
Average clusters audible: 494
visdatasize:76971  compressed from 79776
writing c:\program files (x86)\steam\steamapps\sourcemods\who\maps\hostel.bsp
1 second elapsed



[Reading texlights from 'lights.rad']
[48 texlights parsed from 'lights.rad']

Loading c:\program files (x86)\steam\steamapps\sourcemods\who\maps\hostel.bsp
2288 faces
11687 square feet [1682958.50 square inches]
0 Displacements
0 Square Feet [0.00 Square Inches]
2288 patches before subdivision
37288 patches after subdivision
42 direct lights
0...1...2...3...4...5...6...7...8...9...100...1...2...3...4...5...6...7...8...9...10transfers 12249790, max 1146
transfer lists:  93.5 megs
0...1...2...3...4...5...6...7...8...9...10	Bounce #1 added RGB(215347, 117345, 39918)
0...1...2...3...4...5...6...7...8...9...10	Bounce #2 added RGB(108692, 47145, 15855)
0...1...2...3...4...5...6...7...8...9...10	Bounce #3 added RGB(52500, 18316, 6103)
0...1...2...3...4...5...6...7...8...9...10	Bounce #4 added RGB(25376, 7072, 2337)
0...1...2...3...4...5...6...7...8...9...10	Bounce #5 added RGB(12289, 2752, 898)
0...1...2...3...4...5...6...7...8...9...10	Bounce #6 added RGB(5976, 1074, 345)
0...1...2...3...4...5...6...7...8...9...10	Bounce #7 added RGB(2914, 421, 133)
0...1...2...3...4...5...6...7...8...9...10	Bounce #8 added RGB(1424, 165, 51)
0...1...2...3...4...5...6...7...8...9...10	Bounce #9 added RGB(698, 65, 20)
0...1...2...3...4...5...6...7...8...9...10	Bounce #10 added RGB(342, 26, 8)
0...1...2...3...4...5...6...7...8...9...10	Bounce #11 added RGB(168, 10, 3)
0...1...2...3...4...5...6...7...8...9...10	Bounce #12 added RGB(83, 4, 1)
0...1...2...3...4...5...6...7...8...9...10	Bounce #13 added RGB(41, 2, 0)
0...1...2...3...4...5...6...7...8...9...10	Bounce #14 added RGB(20, 1, 0)
0...1...2...3...4...5...6...7...8...9...10	Bounce #15 added RGB(10, 0, 0)
0...1...2...3...4...5...6...7...8...9...10	Bounce #16 added RGB(5, 0, 0)
0...1...2...3...4...5...6...7...8...9...10	Bounce #17 added RGB(2, 0, 0)
0...1...2...3...4...5...6...7...8...9...10	Bounce #18 added RGB(1, 0, 0)
0...1...2...3...4...5...6...7...8...9...10	Bounce #19 added RGB(1, 0, 0)
Build Patch/Sample Hash Table(s).....Done<0.0036 sec>
0...1...2...3...4...5...6...7...8...9...10FinalLightFace Done
0 of 0 (0% of) surface lights went in leaf ambient cubes.
0...1...2...3...4...5...6...7...8...9...10Writing leaf ambient...done
Computing static prop lighting : 00...1...2...3...4...5...6...7...8...9...10
Ready to Finish

Object names       Objects/Maxobjs  Memory / Maxmem  Fullness 
------------       ---------------  ---------------  -------- 
models                   6/4096          288/196608   ( 0.1%) 
brushes                450/32768        5400/393216   ( 1.4%) 
brushsides            2834/65536       22672/524288   ( 4.3%) 
planes                1132/65536       22640/1310720  ( 1.7%) 
vertexes              4374/65536       52488/786432   ( 6.7%) 
nodes                 1344/65536       43008/2097152  ( 2.1%) 
texinfos               597/12288       42984/884736   ( 4.9%) 
texdata                 20/2048          640/65536    ( 1.0%) 
dispinfos                0/0               0/0        ( 0.0%) 
disp_verts               0/0               0/0        ( 0.0%) 
disp_tris                0/0               0/0        ( 0.0%) 
disp_lmsamples           0/0               0/0        ( 0.0%) 
faces                 2288/65536      128128/3670016  ( 3.5%) 
hdr faces                0/65536           0/3670016  ( 0.0%) 
origfaces             1374/65536       76944/3670016  ( 2.1%) 
leaves                1351/65536       43232/2097152  ( 2.1%) 
leaffaces             2700/65536        5400/131072   ( 4.1%) 
leafbrushes           1035/65536        2070/131072   ( 1.6%) 
areas                    2/1024           16/8192     ( 0.2%) 
surfedges            16656/512000      66624/2048000  ( 3.3%) 
edges                 9458/256000      37832/1024000  ( 3.7%) 
LDR worldlights         42/16384        3696/1441792  ( 0.3%) 
HDR worldlights          0/16384           0/1441792  ( 0.0%) 
leafwaterdata            0/32768           0/393216   ( 0.0%) 
waterstrips            264/131072       2640/1310720  ( 0.2%) 
waterverts               0/131072          0/1572864  ( 0.0%) 
waterindices          4212/131072       8424/262144   ( 3.2%) 
cubemapsamples          14/1024          224/16384    ( 1.4%) 
overlays                13/1024         4576/360448   ( 1.3%) 
LDR lightdata         [variable]     6859776/0        ( 0.0%) 
HDR lightdata         [variable]           0/0        ( 0.0%) 
visdata               [variable]       76971/16777216 ( 0.5%) 
entdata               [variable]       45274/393216   (11.5%) 
LDR ambient table     1351/65536        5404/262144   ( 2.1%) 
HDR ambient table     1351/65536        5404/262144   ( 2.1%) 
LDR leaf ambient      1179/65536       33012/1835008  ( 1.8%) 
HDR leaf ambient      1351/65536       37828/1835008  ( 2.1%) 
occluders                0/0               0/0        ( 0.0%) 
occluder polygons        0/0               0/0        ( 0.0%) 
occluder vert ind        0/0               0/0        ( 0.0%) 
detail props          [variable]           1/12       ( 8.3%) 
static props          [variable]           1/840      ( 0.1%) 
pakfile               [variable]       20146/0        ( 0.0%) 
physics               [variable]      152403/4194304  ( 3.6%) 
physics terrain       [variable]           2/1048576  ( 0.0%) 

Level flags = 1

Total triangle count: 6611
Writing c:\program files (x86)\steam\steamapps\sourcemods\who\maps\hostel.bsp
4 seconds elapsed



[Reading texlights from 'lights.rad']
[48 texlights parsed from 'lights.rad']

Loading c:\program files (x86)\steam\steamapps\sourcemods\who\maps\hostel.bsp
2288 faces
11687 square feet [1682958.50 square inches]
0 Displacements
0 Square Feet [0.00 Square Inches]
2288 patches before subdivision
37288 patches after subdivision
42 direct lights
0...1...2...3...4...5...6...7...8...9...100...1...2...3...4...5...6...7...8...9...10transfers 12249790, max 1146
transfer lists:  93.5 megs
0...1...2...3...4...5...6...7...8...9...10	Bounce #1 added RGB(215347, 117345, 39918)
0...1...2...3...4...5...6...7...8...9...10	Bounce #2 added RGB(108692, 47145, 15855)
0...1...2...3...4...5...6...7...8...9...10	Bounce #3 added RGB(52500, 18316, 6103)
0...1...2...3...4...5...6...7...8...9...10	Bounce #4 added RGB(25376, 7072, 2337)
0...1...2...3...4...5...6...7...8...9...10	Bounce #5 added RGB(12289, 2752, 898)
0...1...2...3...4...5...6...7...8...9...10	Bounce #6 added RGB(5976, 1074, 345)
0...1...2...3...4...5...6...7...8...9...10	Bounce #7 added RGB(2914, 421, 133)
0...1...2...3...4...5...6...7...8...9...10	Bounce #8 added RGB(1424, 165, 51)
0...1...2...3...4...5...6...7...8...9...10	Bounce #9 added RGB(698, 65, 20)
0...1...2...3...4...5...6...7...8...9...10	Bounce #10 added RGB(342, 26, 8)
0...1...2...3...4...5...6...7...8...9...10	Bounce #11 added RGB(168, 10, 3)
0...1...2...3...4...5...6...7...8...9...10	Bounce #12 added RGB(83, 4, 1)
0...1...2...3...4...5...6...7...8...9...10	Bounce #13 added RGB(41, 2, 0)
0...1...2...3...4...5...6...7...8...9...10	Bounce #14 added RGB(20, 1, 0)
0...1...2...3...4...5...6...7...8...9...10	Bounce #15 added RGB(10, 0, 0)
0...1...2...3...4...5...6...7...8...9...10	Bounce #16 added RGB(5, 0, 0)
0...1...2...3...4...5...6...7...8...9...10	Bounce #17 added RGB(2, 0, 0)
0...1...2...3...4...5...6...7...8...9...10	Bounce #18 added RGB(1, 0, 0)
0...1...2...3...4...5...6...7...8...9...10	Bounce #19 added RGB(1, 0, 0)
Build Patch/Sample Hash Table(s).....Done<0.0042 sec>
0...1...2...3...4...5...6...7...8...9...10FinalLightFace Done
0 of 0 (0% of) surface lights went in leaf ambient cubes.
0...1...2...3...4...5...6...7...8...9...10Writing leaf ambient...done
Computing static prop lighting : 00...1...2...3...4...5...6...7...8...9...10
Ready to Finish

Object names       Objects/Maxobjs  Memory / Maxmem  Fullness 
------------       ---------------  ---------------  -------- 
models                   6/4096          288/196608   ( 0.1%) 
brushes                450/32768        5400/393216   ( 1.4%) 
brushsides            2834/65536       22672/524288   ( 4.3%) 
planes                1132/65536       22640/1310720  ( 1.7%) 
vertexes              4374/65536       52488/786432   ( 6.7%) 
nodes                 1344/65536       43008/2097152  ( 2.1%) 
texinfos               597/12288       42984/884736   ( 4.9%) 
texdata                 20/2048          640/65536    ( 1.0%) 
dispinfos                0/0               0/0        ( 0.0%) 
disp_verts               0/0               0/0        ( 0.0%) 
disp_tris                0/0               0/0        ( 0.0%) 
disp_lmsamples           0/0               0/0        ( 0.0%) 
faces                 2288/65536      128128/3670016  ( 3.5%) 
hdr faces             2288/65536      128128/3670016  ( 3.5%) 
origfaces             1374/65536       76944/3670016  ( 2.1%) 
leaves                1351/65536       43232/2097152  ( 2.1%) 
leaffaces             2700/65536        5400/131072   ( 4.1%) 
leafbrushes           1035/65536        2070/131072   ( 1.6%) 
areas                    2/1024           16/8192     ( 0.2%) 
surfedges            16656/512000      66624/2048000  ( 3.3%) 
edges                 9458/256000      37832/1024000  ( 3.7%) 
LDR worldlights         42/16384        3696/1441792  ( 0.3%) 
HDR worldlights         42/16384        3696/1441792  ( 0.3%) 
leafwaterdata            0/32768           0/393216   ( 0.0%) 
waterstrips            264/131072       2640/1310720  ( 0.2%) 
waterverts               0/131072          0/1572864  ( 0.0%) 
waterindices          4212/131072       8424/262144   ( 3.2%) 
cubemapsamples          14/1024          224/16384    ( 1.4%) 
overlays                13/1024         4576/360448   ( 1.3%) 
LDR lightdata         [variable]     6859776/0        ( 0.0%) 
HDR lightdata         [variable]     6859776/0        ( 0.0%) 
visdata               [variable]       76971/16777216 ( 0.5%) 
entdata               [variable]       45274/393216   (11.5%) 
LDR ambient table     1351/65536        5404/262144   ( 2.1%) 
HDR ambient table     1351/65536        5404/262144   ( 2.1%) 
LDR leaf ambient      1179/65536       33012/1835008  ( 1.8%) 
HDR leaf ambient      1179/65536       33012/1835008  ( 1.8%) 
occluders                0/0               0/0        ( 0.0%) 
occluder polygons        0/0               0/0        ( 0.0%) 
occluder vert ind        0/0               0/0        ( 0.0%) 
detail props          [variable]           1/12       ( 8.3%) 
static props          [variable]           1/840      ( 0.1%) 
pakfile               [variable]       39378/0        ( 0.0%) 
physics               [variable]      152403/4194304  ( 3.6%) 
physics terrain       [variable]           2/1048576  ( 0.0%) 

Level flags = 3

Total triangle count: 6611
Writing c:\program files (x86)\steam\steamapps\sourcemods\who\maps\hostel.bsp
4 seconds elapsed



materialPath: C:\Program Files (x86)\Steam\steamapps\sourcemods\who\materials
Loading c:\program files (x86)\steam\steamapps\sourcemods\who\maps\hostel.vmf
fixing up env_cubemap materials on brush sides...
0...1Brush 325: WARNING, microbrush
Brush 326: WARNING, microbrush
Brush 328: WARNING, microbrush
Brush 329: WARNING, microbrush
...2...3...4.Brush 120: WARNING, microbrush
Brush 57: WARNING, microbrush
Brush 54: WARNING, microbrush
Brush 50: WARNING, microbrush
Brush 48: WARNING, microbrush
Brush 26: WARNING, microbrush
Brush 22: WARNING, microbrush
..5...6...7...8...9...100...1Brush 325: WARNING, microbrush
Brush 326: WARNING, microbrush
Brush 328: WARNING, microbrush
Brush 329: WARNING, microbrush
...2...3...4.Brush 120: WARNING, microbrush
Brush 57: WARNING, microbrush
Brush 54: WARNING, microbrush
Brush 50: WARNING, microbrush
Brush 48: WARNING, microbrush
Brush 26: WARNING, microbrush
Brush 22: WARNING, microbrush
..5...6...7...8...9...10Processing areas...done (0)
Building Faces...done (0)
FixTjuncs...
PruneNodes...
WriteBSP...
done (0)
writing c:\program files (x86)\steam\steamapps\sourcemods\who\maps\hostel.prt...Building visibility clusters...
done (0)
Finding displacement neighbors...
Finding lightmap sample positions...
Displacement Alpha : 0...1...2...3...4...5...6...7...8...9...10
ConVarRef mat_reduceparticles doesn't point to an existing ConVar
Building Physics collision data...
done (0) (152403 bytes)
Placing static props...
Placing detail props : 0...1...2...3...4...5...6...7...8...9...10
Compacting texture/material tables...
Reduced 879 texinfos to 597
Reduced 21 texdatas to 20 (542 bytes to 525)
Writing c:\program files (x86)\steam\steamapps\sourcemods\who\maps\hostel.bsp
0 seconds elapsed



6 threads
reading c:\program files (x86)\steam\steamapps\sourcemods\who\maps\hostel.bsp
reading c:\program files (x86)\steam\steamapps\sourcemods\who\maps\hostel.prt
 554 portalclusters
1485 numportals
0...1...2...3...4...5...6...7...8...9...100...1...2...3...4...5...6...7...8...9...10Optimized: 1150 visible clusters (0.00%)
Total clusters visible: 97866
Average clusters visible: 176
Building PAS...
Average clusters audible: 494
visdatasize:76971  compressed from 79776
writing c:\program files (x86)\steam\steamapps\sourcemods\who\maps\hostel.bsp
1 second elapsed



[Reading texlights from 'lights.rad']
[48 texlights parsed from 'lights.rad']

Loading c:\program files (x86)\steam\steamapps\sourcemods\who\maps\hostel.bsp
2288 faces
11687 square feet [1682958.50 square inches]
0 Displacements
0 Square Feet [0.00 Square Inches]
2288 patches before subdivision
37288 patches after subdivision
42 direct lights
0...1...2...3...4...5...6...7...8...9...100...1...2...3...4...5...6...7...8...9...10transfers 12249790, max 1146
transfer lists:  93.5 megs
0...1...2...3...4...5...6...7...8...9...10	Bounce #1 added RGB(215347, 117345, 39918)
0...1...2...3...4...5...6...7...8...9...10	Bounce #2 added RGB(108692, 47145, 15855)
0...1...2...3...4...5...6...7...8...9...10	Bounce #3 added RGB(52500, 18316, 6103)
0...1...2...3...4...5...6...7...8...9...10	Bounce #4 added RGB(25376, 7072, 2337)
0...1...2...3...4...5...6...7...8...9...10	Bounce #5 added RGB(12289, 2752, 898)
0...1...2...3...4...5...6...7...8...9...10	Bounce #6 added RGB(5976, 1074, 345)
0...1...2...3...4...5...6...7...8...9...10	Bounce #7 added RGB(2914, 421, 133)
0...1...2...3...4...5...6...7...8...9...10	Bounce #8 added RGB(1424, 165, 51)
0...1...2...3...4...5...6...7...8...9...10	Bounce #9 added RGB(698, 65, 20)
0...1...2...3...4...5...6...7...8...9...10	Bounce #10 added RGB(342, 26, 8)
0...1...2...3...4...5...6...7...8...9...10	Bounce #11 added RGB(168, 10, 3)
0...1...2...3...4...5...6...7...8...9...10	Bounce #12 added RGB(83, 4, 1)
0...1...2...3...4...5...6...7...8...9...10	Bounce #13 added RGB(41, 2, 0)
0...1...2...3...4...5...6...7...8...9...10	Bounce #14 added RGB(20, 1, 0)
0...1...2...3...4...5...6...7...8...9...10	Bounce #15 added RGB(10, 0, 0)
0...1...2...3...4...5...6...7...8...9...10	Bounce #16 added RGB(5, 0, 0)
0...1...2...3...4...5...6...7...8...9...10	Bounce #17 added RGB(2, 0, 0)
0...1...2...3...4...5...6...7...8...9...10	Bounce #18 added RGB(1, 0, 0)
0...1...2...3...4...5...6...7...8...9...10	Bounce #19 added RGB(1, 0, 0)
Build Patch/Sample Hash Table(s).....Done<0.0039 sec>
0...1...2...3...4...5...6...7...8...9...10FinalLightFace Done
0 of 0 (0% of) surface lights went in leaf ambient cubes.
0...1...2...3...4...5...6...7...8...9...10Writing leaf ambient...done
Computing static prop lighting : 00...1...2...3...4...5...6...7...8...9...10
Ready to Finish

Object names       Objects/Maxobjs  Memory / Maxmem  Fullness 
------------       ---------------  ---------------  -------- 
models                   6/4096          288/196608   ( 0.1%) 
brushes                450/32768        5400/393216   ( 1.4%) 
brushsides            2834/65536       22672/524288   ( 4.3%) 
planes                1132/65536       22640/1310720  ( 1.7%) 
vertexes              4374/65536       52488/786432   ( 6.7%) 
nodes                 1344/65536       43008/2097152  ( 2.1%) 
texinfos               597/12288       42984/884736   ( 4.9%) 
texdata                 20/2048          640/65536    ( 1.0%) 
dispinfos                0/0               0/0        ( 0.0%) 
disp_verts               0/0               0/0        ( 0.0%) 
disp_tris                0/0               0/0        ( 0.0%) 
disp_lmsamples           0/0               0/0        ( 0.0%) 
faces                 2288/65536      128128/3670016  ( 3.5%) 
hdr faces                0/65536           0/3670016  ( 0.0%) 
origfaces             1374/65536       76944/3670016  ( 2.1%) 
leaves                1351/65536       43232/2097152  ( 2.1%) 
leaffaces             2700/65536        5400/131072   ( 4.1%) 
leafbrushes           1035/65536        2070/131072   ( 1.6%) 
areas                    2/1024           16/8192     ( 0.2%) 
surfedges            16656/512000      66624/2048000  ( 3.3%) 
edges                 9458/256000      37832/1024000  ( 3.7%) 
LDR worldlights         42/16384        3696/1441792  ( 0.3%) 
HDR worldlights          0/16384           0/1441792  ( 0.0%) 
leafwaterdata            0/32768           0/393216   ( 0.0%) 
waterstrips            264/131072       2640/1310720  ( 0.2%) 
waterverts               0/131072          0/1572864  ( 0.0%) 
waterindices          4212/131072       8424/262144   ( 3.2%) 
cubemapsamples          14/1024          224/16384    ( 1.4%) 
overlays                13/1024         4576/360448   ( 1.3%) 
LDR lightdata         [variable]     6859776/0        ( 0.0%) 
HDR lightdata         [variable]           0/0        ( 0.0%) 
visdata               [variable]       76971/16777216 ( 0.5%) 
entdata               [variable]       45320/393216   (11.5%) 
LDR ambient table     1351/65536        5404/262144   ( 2.1%) 
HDR ambient table     1351/65536        5404/262144   ( 2.1%) 
LDR leaf ambient      1179/65536       33012/1835008  ( 1.8%) 
HDR leaf ambient      1351/65536       37828/1835008  ( 2.1%) 
occluders                0/0               0/0        ( 0.0%) 
occluder polygons        0/0               0/0        ( 0.0%) 
occluder vert ind        0/0               0/0        ( 0.0%) 
detail props          [variable]           1/12       ( 8.3%) 
static props          [variable]           1/840      ( 0.1%) 
pakfile               [variable]       20146/0        ( 0.0%) 
physics               [variable]      152403/4194304  ( 3.6%) 
physics terrain       [variable]           2/1048576  ( 0.0%) 

Level flags = 1

Total triangle count: 6611
Writing c:\program files (x86)\steam\steamapps\sourcemods\who\maps\hostel.bsp
4 seconds elapsed



[Reading texlights from 'lights.rad']
[48 texlights parsed from 'lights.rad']

Loading c:\program files (x86)\steam\steamapps\sourcemods\who\maps\hostel.bsp
2288 faces
11687 square feet [1682958.50 square inches]
0 Displacements
0 Square Feet [0.00 Square Inches]
2288 patches before subdivision
37288 patches after subdivision
42 direct lights
0...1...2...3...4...5...6...7...8...9...100...1...2...3...4...5...6...7...8...9...10transfers 12249790, max 1146
transfer lists:  93.5 megs
0...1...2...3...4...5...6...7...8...9...10	Bounce #1 added RGB(215352, 117348, 39918)
0...1...2...3...4...5...6...7...8...9...10	Bounce #2 added RGB(108695, 47147, 15856)
0...1...2...3...4...5...6...7...8...9...10	Bounce #3 added RGB(52502, 18317, 6103)
0...1...2...3...4...5...6...7...8...9...10	Bounce #4 added RGB(25377, 7072, 2337)
0...1...2...3...4...5...6...7...8...9...10	Bounce #5 added RGB(12290, 2752, 898)
0...1...2...3...4...5...6...7...8...9...10	Bounce #6 added RGB(5976, 1074, 345)
0...1...2...3...4...5...6...7...8...9...10	Bounce #7 added RGB(2914, 421, 133)
0...1...2...3...4...5...6...7...8...9...10	Bounce #8 added RGB(1424, 165, 51)
0...1...2...3...4...5...6...7...8...9...10	Bounce #9 added RGB(698, 65, 20)
0...1...2...3...4...5...6...7...8...9...10	Bounce #10 added RGB(342, 26, 8)
0...1...2...3...4...5...6...7...8...9...10	Bounce #11 added RGB(168, 10, 3)
0...1...2...3...4...5...6...7...8...9...10	Bounce #12 added RGB(83, 4, 1)
0...1...2...3...4...5...6...7...8...9...10	Bounce #13 added RGB(41, 2, 0)
0...1...2...3...4...5...6...7...8...9...10	Bounce #14 added RGB(20, 1, 0)
0...1...2...3...4...5...6...7...8...9...10	Bounce #15 added RGB(10, 0, 0)
0...1...2...3...4...5...6...7...8...9...10	Bounce #16 added RGB(5, 0, 0)
0...1...2...3...4...5...6...7...8...9...10	Bounce #17 added RGB(2, 0, 0)
0...1...2...3...4...5...6...7...8...9...10	Bounce #18 added RGB(1, 0, 0)
0...1...2...3...4...5...6...7...8...9...10	Bounce #19 added RGB(1, 0, 0)
Build Patch/Sample Hash Table(s).....Done<0.0037 sec>
0...1...2...3...4...5...6...7...8...9...10FinalLightFace Done
0 of 0 (0% of) surface lights went in leaf ambient cubes.
0...1...2...3...4...5...6...7...8...9...10Writing leaf ambient...done
Computing static prop lighting : 00...1...2...3...4...5...6...7...8...9...10
Ready to Finish

Object names       Objects/Maxobjs  Memory / Maxmem  Fullness 
------------       ---------------  ---------------  -------- 
models                   6/4096          288/196608   ( 0.1%) 
brushes                450/32768        5400/393216   ( 1.4%) 
brushsides            2834/65536       22672/524288   ( 4.3%) 
planes                1132/65536       22640/1310720  ( 1.7%) 
vertexes              4374/65536       52488/786432   ( 6.7%) 
nodes                 1344/65536       43008/2097152  ( 2.1%) 
texinfos               597/12288       42984/884736   ( 4.9%) 
texdata                 20/2048          640/65536    ( 1.0%) 
dispinfos                0/0               0/0        ( 0.0%) 
disp_verts               0/0               0/0        ( 0.0%) 
disp_tris                0/0               0/0        ( 0.0%) 
disp_lmsamples           0/0               0/0        ( 0.0%) 
faces                 2288/65536      128128/3670016  ( 3.5%) 
hdr faces             2288/65536      128128/3670016  ( 3.5%) 
origfaces             1374/65536       76944/3670016  ( 2.1%) 
leaves                1351/65536       43232/2097152  ( 2.1%) 
leaffaces             2700/65536        5400/131072   ( 4.1%) 
leafbrushes           1035/65536        2070/131072   ( 1.6%) 
areas                    2/1024           16/8192     ( 0.2%) 
surfedges            16656/512000      66624/2048000  ( 3.3%) 
edges                 9458/256000      37832/1024000  ( 3.7%) 
LDR worldlights         42/16384        3696/1441792  ( 0.3%) 
HDR worldlights         42/16384        3696/1441792  ( 0.3%) 
leafwaterdata            0/32768           0/393216   ( 0.0%) 
waterstrips            264/131072       2640/1310720  ( 0.2%) 
waterverts               0/131072          0/1572864  ( 0.0%) 
waterindices          4212/131072       8424/262144   ( 3.2%) 
cubemapsamples          14/1024          224/16384    ( 1.4%) 
overlays                13/1024         4576/360448   ( 1.3%) 
LDR lightdata         [variable]     6859776/0        ( 0.0%) 
HDR lightdata         [variable]     6859776/0        ( 0.0%) 
visdata               [variable]       76971/16777216 ( 0.5%) 
entdata               [variable]       45320/393216   (11.5%) 
LDR ambient table     1351/65536        5404/262144   ( 2.1%) 
HDR ambient table     1351/65536        5404/262144   ( 2.1%) 
LDR leaf ambient      1179/65536       33012/1835008  ( 1.8%) 
HDR leaf ambient      1179/65536       33012/1835008  ( 1.8%) 
occluders                0/0               0/0        ( 0.0%) 
occluder polygons        0/0               0/0        ( 0.0%) 
occluder vert ind        0/0               0/0        ( 0.0%) 
detail props          [variable]           1/12       ( 8.3%) 
static props          [variable]           1/840      ( 0.1%) 
pakfile               [variable]       39378/0        ( 0.0%) 
physics               [variable]      152403/4194304  ( 3.6%) 
physics terrain       [variable]           2/1048576  ( 0.0%) 

Level flags = 3

Total triangle count: 6611
Writing c:\program files (x86)\steam\steamapps\sourcemods\who\maps\hostel.bsp
4 seconds elapsed



materialPath: C:\Program Files (x86)\Steam\steamapps\sourcemods\who\materials
Loading c:\program files (x86)\steam\steamapps\sourcemods\who\maps\hostel.vmf
fixing up env_cubemap materials on brush sides...
0...1Brush 325: WARNING, microbrush
Brush 326: WARNING, microbrush
Brush 328: WARNING, microbrush
Brush 329: WARNING, microbrush
...2...3...4.Brush 120: WARNING, microbrush
Brush 57: WARNING, microbrush
Brush 54: WARNING, microbrush
Brush 50: WARNING, microbrush
Brush 48: WARNING, microbrush
Brush 26: WARNING, microbrush
Brush 22: WARNING, microbrush
..5...6...7...8...9...100...1Brush 325: WARNING, microbrush
Brush 326: WARNING, microbrush
Brush 328: WARNING, microbrush
Brush 329: WARNING, microbrush
...2...3...4.Brush 120: WARNING, microbrush
Brush 57: WARNING, microbrush
Brush 54: WARNING, microbrush
Brush 50: WARNING, microbrush
Brush 48: WARNING, microbrush
Brush 26: WARNING, microbrush
Brush 22: WARNING, microbrush
..5...6...7...8...9...10Processing areas...done (0)
Building Faces...done (0)
FixTjuncs...
PruneNodes...
WriteBSP...
done (0)
writing c:\program files (x86)\steam\steamapps\sourcemods\who\maps\hostel.prt...Building visibility clusters...
done (0)
Finding displacement neighbors...
Finding lightmap sample positions...
Displacement Alpha : 0...1...2...3...4...5...6...7...8...9...10
ConVarRef mat_reduceparticles doesn't point to an existing ConVar
Building Physics collision data...
done (0) (152403 bytes)
Placing static props...
Placing detail props : 0...1...2...3...4...5...6...7...8...9...10
Compacting texture/material tables...
Reduced 879 texinfos to 597
Reduced 21 texdatas to 20 (542 bytes to 525)
Writing c:\program files (x86)\steam\steamapps\sourcemods\who\maps\hostel.bsp
0 seconds elapsed



6 threads
reading c:\program files (x86)\steam\steamapps\sourcemods\who\maps\hostel.bsp
reading c:\program files (x86)\steam\steamapps\sourcemods\who\maps\hostel.prt
 554 portalclusters
1485 numportals
0...1...2...3...4...5...6...7...8...9...100...1...2...3...4...5...6...7...8...9...10Optimized: 1150 visible clusters (0.00%)
Total clusters visible: 97866
Average clusters visible: 176
Building PAS...
Average clusters audible: 494
visdatasize:76971  compressed from 79776
writing c:\program files (x86)\steam\steamapps\sourcemods\who\maps\hostel.bsp
1 second elapsed



[Reading texlights from 'lights.rad']
[48 texlights parsed from 'lights.rad']

Loading c:\program files (x86)\steam\steamapps\sourcemods\who\maps\hostel.bsp
2288 faces
11687 square feet [1682958.50 square inches]
0 Displacements
0 Square Feet [0.00 Square Inches]
2288 patches before subdivision
37288 patches after subdivision
42 direct lights
0...1...2...3...4...5...6...7...8...9...100...1...2...3...4...5...6...7...8...9...10transfers 12249790, max 1146
transfer lists:  93.5 megs
0...1...2...3...4...5...6...7...8...9...10	Bounce #1 added RGB(215352, 117348, 39918)
0...1...2...3...4...5...6...7...8...9...10	Bounce #2 added RGB(108695, 47147, 15856)
0...1...2...3...4...5...6...7...8...9...10	Bounce #3 added RGB(52501, 18317, 6103)
0...1...2...3...4...5...6...7...8...9...10	Bounce #4 added RGB(25377, 7072, 2337)
0...1...2...3...4...5...6...7...8...9...10	Bounce #5 added RGB(12290, 2752, 898)
0...1...2...3...4...5...6...7...8...9...10	Bounce #6 added RGB(5976, 1074, 345)
0...1...2...3...4...5...6...7...8...9...10	Bounce #7 added RGB(2914, 421, 133)
0...1...2...3...4...5...6...7...8...9...10	Bounce #8 added RGB(1424, 165, 51)
0...1...2...3...4...5...6...7...8...9...10	Bounce #9 added RGB(698, 65, 20)
0...1...2...3...4...5...6...7...8...9...10	Bounce #10 added RGB(342, 26, 8)
0...1...2...3...4...5...6...7...8...9...10	Bounce #11 added RGB(168, 10, 3)
0...1...2...3...4...5...6...7...8...9...10	Bounce #12 added RGB(83, 4, 1)
0...1...2...3...4...5...6...7...8...9...10	Bounce #13 added RGB(41, 2, 0)
0...1...2...3...4...5...6...7...8...9...10	Bounce #14 added RGB(20, 1, 0)
0...1...2...3...4...5...6...7...8...9...10	Bounce #15 added RGB(10, 0, 0)
0...1...2...3...4...5...6...7...8...9...10	Bounce #16 added RGB(5, 0, 0)
0...1...2...3...4...5...6...7...8...9...10	Bounce #17 added RGB(2, 0, 0)
0...1...2...3...4...5...6...7...8...9...10	Bounce #18 added RGB(1, 0, 0)
0...1...2...3...4...5...6...7...8...9...10	Bounce #19 added RGB(1, 0, 0)
Build Patch/Sample Hash Table(s).....Done<0.0038 sec>
0...1...2...3...4...5...6...7...8...9...10FinalLightFace Done
0 of 0 (0% of) surface lights went in leaf ambient cubes.
0...1...2...3...4...5...6...7...8...9...10Writing leaf ambient...done
Computing static prop lighting : 00...1...2...3...4...5...6...7...8...9...10
Ready to Finish

Object names       Objects/Maxobjs  Memory / Maxmem  Fullness 
------------       ---------------  ---------------  -------- 
models                   6/4096          288/196608   ( 0.1%) 
brushes                450/32768        5400/393216   ( 1.4%) 
brushsides            2834/65536       22672/524288   ( 4.3%) 
planes                1132/65536       22640/1310720  ( 1.7%) 
vertexes              4374/65536       52488/786432   ( 6.7%) 
nodes                 1344/65536       43008/2097152  ( 2.1%) 
texinfos               597/12288       42984/884736   ( 4.9%) 
texdata                 20/2048          640/65536    ( 1.0%) 
dispinfos                0/0               0/0        ( 0.0%) 
disp_verts               0/0               0/0        ( 0.0%) 
disp_tris                0/0               0/0        ( 0.0%) 
disp_lmsamples           0/0               0/0        ( 0.0%) 
faces                 2288/65536      128128/3670016  ( 3.5%) 
hdr faces                0/65536           0/3670016  ( 0.0%) 
origfaces             1374/65536       76944/3670016  ( 2.1%) 
leaves                1351/65536       43232/2097152  ( 2.1%) 
leaffaces             2700/65536        5400/131072   ( 4.1%) 
leafbrushes           1035/65536        2070/131072   ( 1.6%) 
areas                    2/1024           16/8192     ( 0.2%) 
surfedges            16656/512000      66624/2048000  ( 3.3%) 
edges                 9458/256000      37832/1024000  ( 3.7%) 
LDR worldlights         42/16384        3696/1441792  ( 0.3%) 
HDR worldlights          0/16384           0/1441792  ( 0.0%) 
leafwaterdata            0/32768           0/393216   ( 0.0%) 
waterstrips            264/131072       2640/1310720  ( 0.2%) 
waterverts               0/131072          0/1572864  ( 0.0%) 
waterindices          4212/131072       8424/262144   ( 3.2%) 
cubemapsamples          14/1024          224/16384    ( 1.4%) 
overlays                13/1024         4576/360448   ( 1.3%) 
LDR lightdata         [variable]     6859776/0        ( 0.0%) 
HDR lightdata         [variable]           0/0        ( 0.0%) 
visdata               [variable]       76971/16777216 ( 0.5%) 
entdata               [variable]       45320/393216   (11.5%) 
LDR ambient table     1351/65536        5404/262144   ( 2.1%) 
HDR ambient table     1351/65536        5404/262144   ( 2.1%) 
LDR leaf ambient      1179/65536       33012/1835008  ( 1.8%) 
HDR leaf ambient      1351/65536       37828/1835008  ( 2.1%) 
occluders                0/0               0/0        ( 0.0%) 
occluder polygons        0/0               0/0        ( 0.0%) 
occluder vert ind        0/0               0/0        ( 0.0%) 
detail props          [variable]           1/12       ( 8.3%) 
static props          [variable]           1/840      ( 0.1%) 
pakfile               [variable]       20146/0        ( 0.0%) 
physics               [variable]      152403/4194304  ( 3.6%) 
physics terrain       [variable]           2/1048576  ( 0.0%) 

Level flags = 1

Total triangle count: 6611
Writing c:\program files (x86)\steam\steamapps\sourcemods\who\maps\hostel.bsp
4 seconds elapsed



[Reading texlights from 'lights.rad']
[48 texlights parsed from 'lights.rad']

Loading c:\program files (x86)\steam\steamapps\sourcemods\who\maps\hostel.bsp
2288 faces
11687 square feet [1682958.50 square inches]
0 Displacements
0 Square Feet [0.00 Square Inches]
2288 patches before subdivision
37288 patches after subdivision
42 direct lights
0...1...2...3...4...5...6...7...8...9...100...1...2...3...4...5...6...7...8...9...10transfers 12249790, max 1146
transfer lists:  93.5 megs
0...1...2...3...4...5...6...7...8...9...10	Bounce #1 added RGB(215347, 117345, 39918)
0...1...2...3...4...5...6...7...8...9...10	Bounce #2 added RGB(108692, 47145, 15855)
0...1...2...3...4...5...6...7...8...9...10	Bounce #3 added RGB(52500, 18316, 6103)
0...1...2...3...4...5...6...7...8...9...10	Bounce #4 added RGB(25376, 7072, 2337)
0...1...2...3...4...5...6...7...8...9...10	Bounce #5 added RGB(12289, 2752, 898)
0...1...2...3...4...5...6...7...8...9...10	Bounce #6 added RGB(5976, 1074, 345)
0...1...2...3...4...5...6...7...8...9...10	Bounce #7 added RGB(2914, 421, 133)
0...1...2...3...4...5...6...7...8...9...10	Bounce #8 added RGB(1424, 165, 51)
0...1...2...3...4...5...6...7...8...9...10	Bounce #9 added RGB(698, 65, 20)
0...1...2...3...4...5...6...7...8...9...10	Bounce #10 added RGB(342, 26, 8)
0...1...2...3...4...5...6...7...8...9...10	Bounce #11 added RGB(168, 10, 3)
0...1...2...3...4...5...6...7...8...9...10	Bounce #12 added RGB(83, 4, 1)
0...1...2...3...4...5...6...7...8...9...10	Bounce #13 added RGB(41, 2, 0)
0...1...2...3...4...5...6...7...8...9...10	Bounce #14 added RGB(20, 1, 0)
0...1...2...3...4...5...6...7...8...9...10	Bounce #15 added RGB(10, 0, 0)
0...1...2...3...4...5...6...7...8...9...10	Bounce #16 added RGB(5, 0, 0)
0...1...2...3...4...5...6...7...8...9...10	Bounce #17 added RGB(2, 0, 0)
0...1...2...3...4...5...6...7...8...9...10	Bounce #18 added RGB(1, 0, 0)
0...1...2...3...4...5...6...7...8...9...10	Bounce #19 added RGB(1, 0, 0)
Build Patch/Sample Hash Table(s).....Done<0.0038 sec>
0...1...2...3...4...5...6...7...8...9...10FinalLightFace Done
0 of 0 (0% of) surface lights went in leaf ambient cubes.
0...1...2...3...4...5...6...7...8...9...10Writing leaf ambient...done
Computing static prop lighting : 00...1...2...3...4...5...6...7...8...9...10
Ready to Finish

Object names       Objects/Maxobjs  Memory / Maxmem  Fullness 
------------       ---------------  ---------------  -------- 
models                   6/4096          288/196608   ( 0.1%) 
brushes                450/32768        5400/393216   ( 1.4%) 
brushsides            2834/65536       22672/524288   ( 4.3%) 
planes                1132/65536       22640/1310720  ( 1.7%) 
vertexes              4374/65536       52488/786432   ( 6.7%) 
nodes                 1344/65536       43008/2097152  ( 2.1%) 
texinfos               597/12288       42984/884736   ( 4.9%) 
texdata                 20/2048          640/65536    ( 1.0%) 
dispinfos                0/0               0/0        ( 0.0%) 
disp_verts               0/0               0/0        ( 0.0%) 
disp_tris                0/0               0/0        ( 0.0%) 
disp_lmsamples           0/0               0/0        ( 0.0%) 
faces                 2288/65536      128128/3670016  ( 3.5%) 
hdr faces             2288/65536      128128/3670016  ( 3.5%) 
origfaces             1374/65536       76944/3670016  ( 2.1%) 
leaves                1351/65536       43232/2097152  ( 2.1%) 
leaffaces             2700/65536        5400/131072   ( 4.1%) 
leafbrushes           1035/65536        2070/131072   ( 1.6%) 
areas                    2/1024           16/8192     ( 0.2%) 
surfedges            16656/512000      66624/2048000  ( 3.3%) 
edges                 9458/256000      37832/1024000  ( 3.7%) 
LDR worldlights         42/16384        3696/1441792  ( 0.3%) 
HDR worldlights         42/16384        3696/1441792  ( 0.3%) 
leafwaterdata            0/32768           0/393216   ( 0.0%) 
waterstrips            264/131072       2640/1310720  ( 0.2%) 
waterverts               0/131072          0/1572864  ( 0.0%) 
waterindices          4212/131072       8424/262144   ( 3.2%) 
cubemapsamples          14/1024          224/16384    ( 1.4%) 
overlays                13/1024         4576/360448   ( 1.3%) 
LDR lightdata         [variable]     6859776/0        ( 0.0%) 
HDR lightdata         [variable]     6859776/0        ( 0.0%) 
visdata               [variable]       76971/16777216 ( 0.5%) 
entdata               [variable]       45320/393216   (11.5%) 
LDR ambient table     1351/65536        5404/262144   ( 2.1%) 
HDR ambient table     1351/65536        5404/262144   ( 2.1%) 
LDR leaf ambient      1179/65536       33012/1835008  ( 1.8%) 
HDR leaf ambient      1179/65536       33012/1835008  ( 1.8%) 
occluders                0/0               0/0        ( 0.0%) 
occluder polygons        0/0               0/0        ( 0.0%) 
occluder vert ind        0/0               0/0        ( 0.0%) 
detail props          [variable]           1/12       ( 8.3%) 
static props          [variable]           1/840      ( 0.1%) 
pakfile               [variable]       39378/0        ( 0.0%) 
physics               [variable]      152403/4194304  ( 3.6%) 
physics terrain       [variable]           2/1048576  ( 0.0%) 

Level flags = 3

Total triangle count: 6611
Writing c:\program files (x86)\steam\steamapps\sourcemods\who\maps\hostel.bsp
5 seconds elapsed



materialPath: C:\Program Files (x86)\Steam\steamapps\sourcemods\who\materials
Loading c:\program files (x86)\steam\steamapps\sourcemods\who\maps\hostel.vmf
fixing up env_cubemap materials on brush sides...
0...1Brush 325: WARNING, microbrush
Brush 326: WARNING, microbrush
Brush 328: WARNING, microbrush
Brush 329: WARNING, microbrush
...2...3...4.Brush 120: WARNING, microbrush
Brush 57: WARNING, microbrush
Brush 54: WARNING, microbrush
Brush 50: WARNING, microbrush
Brush 48: WARNING, microbrush
Brush 26: WARNING, microbrush
Brush 22: WARNING, microbrush
..5...6...7...8...9...100...1Brush 325: WARNING, microbrush
Brush 326: WARNING, microbrush
Brush 328: WARNING, microbrush
Brush 329: WARNING, microbrush
...2...3...4.Brush 120: WARNING, microbrush
Brush 57: WARNING, microbrush
Brush 54: WARNING, microbrush
Brush 50: WARNING, microbrush
Brush 48: WARNING, microbrush
Brush 26: WARNING, microbrush
Brush 22: WARNING, microbrush
..5...6...7...8...9...10Processing areas...done (0)
Building Faces...done (0)
FixTjuncs...
PruneNodes...
WriteBSP...
done (0)
writing c:\program files (x86)\steam\steamapps\sourcemods\who\maps\hostel.prt...Building visibility clusters...
done (0)
Finding displacement neighbors...
Finding lightmap sample positions...
Displacement Alpha : 0...1...2...3...4...5...6...7...8...9...10
ConVarRef mat_reduceparticles doesn't point to an existing ConVar
Building Physics collision data...
done (0) (152403 bytes)
Placing static props...
Placing detail props : 0...1...2...3...4...5...6...7...8...9...10
Compacting texture/material tables...
Reduced 879 texinfos to 597
Reduced 21 texdatas to 20 (542 bytes to 525)
Writing c:\program files (x86)\steam\steamapps\sourcemods\who\maps\hostel.bsp
0 seconds elapsed



6 threads
reading c:\program files (x86)\steam\steamapps\sourcemods\who\maps\hostel.bsp
reading c:\program files (x86)\steam\steamapps\sourcemods\who\maps\hostel.prt
 554 portalclusters
1485 numportals
0...1...2...3...4...5...6...7...8...9...100...1...2...3...4...5...6...7...8...9...10Optimized: 1150 visible clusters (0.00%)
Total clusters visible: 97866
Average clusters visible: 176
Building PAS...
Average clusters audible: 494
visdatasize:76971  compressed from 79776
writing c:\program files (x86)\steam\steamapps\sourcemods\who\maps\hostel.bsp
1 second elapsed



[Reading texlights from 'lights.rad']
[48 texlights parsed from 'lights.rad']

Loading c:\program files (x86)\steam\steamapps\sourcemods\who\maps\hostel.bsp
2288 faces
11687 square feet [1682958.50 square inches]
0 Displacements
0 Square Feet [0.00 Square Inches]
2288 patches before subdivision
37288 patches after subdivision
42 direct lights
0...1...2...3...4...5...6...7...8...9...100...1...2...3...4...5...6...7...8...9...10transfers 12249790, max 1146
transfer lists:  93.5 megs
0...1...2...3...4...5...6...7...8...9...10	Bounce #1 added RGB(215347, 117345, 39918)
0...1...2...3...4...5...6...7...8...9...10	Bounce #2 added RGB(108692, 47145, 15855)
0...1...2...3...4...5...6...7...8...9...10	Bounce #3 added RGB(52500, 18316, 6103)
0...1...2...3...4...5...6...7...8...9...10	Bounce #4 added RGB(25376, 7072, 2337)
0...1...2...3...4...5...6...7...8...9...10	Bounce #5 added RGB(12289, 2752, 898)
0...1...2...3...4...5...6...7...8...9...10	Bounce #6 added RGB(5976, 1074, 345)
0...1...2...3...4...5...6...7...8...9...10	Bounce #7 added RGB(2914, 421, 133)
0...1...2...3...4...5...6...7...8...9...10	Bounce #8 added RGB(1424, 165, 51)
0...1...2...3...4...5...6...7...8...9...10	Bounce #9 added RGB(698, 65, 20)
0...1...2...3...4...5...6...7...8...9...10	Bounce #10 added RGB(342, 26, 8)
0...1...2...3...4...5...6...7...8...9...10	Bounce #11 added RGB(168, 10, 3)
0...1...2...3...4...5...6...7...8...9...10	Bounce #12 added RGB(83, 4, 1)
0...1...2...3...4...5...6...7...8...9...10	Bounce #13 added RGB(41, 2, 0)
0...1...2...3...4...5...6...7...8...9...10	Bounce #14 added RGB(20, 1, 0)
0...1...2...3...4...5...6...7...8...9...10	Bounce #15 added RGB(10, 0, 0)
0...1...2...3...4...5...6...7...8...9...10	Bounce #16 added RGB(5, 0, 0)
0...1...2...3...4...5...6...7...8...9...10	Bounce #17 added RGB(2, 0, 0)
0...1...2...3...4...5...6...7...8...9...10	Bounce #18 added RGB(1, 0, 0)
0...1...2...3...4...5...6...7...8...9...10	Bounce #19 added RGB(1, 0, 0)
Build Patch/Sample Hash Table(s).....Done<0.0038 sec>
0...1...2...3...4...5...6...7...8...9...10FinalLightFace Done
0 of 0 (0% of) surface lights went in leaf ambient cubes.
0...1...2...3...4...5...6...7...8...9...10Writing leaf ambient...done
Computing static prop lighting : 00...1...2...3...4...5...6...7...8...9...10
Ready to Finish

Object names       Objects/Maxobjs  Memory / Maxmem  Fullness 
------------       ---------------  ---------------  -------- 
models                   6/4096          288/196608   ( 0.1%) 
brushes                450/32768        5400/393216   ( 1.4%) 
brushsides            2834/65536       22672/524288   ( 4.3%) 
planes                1132/65536       22640/1310720  ( 1.7%) 
vertexes              4374/65536       52488/786432   ( 6.7%) 
nodes                 1344/65536       43008/2097152  ( 2.1%) 
texinfos               597/12288       42984/884736   ( 4.9%) 
texdata                 20/2048          640/65536    ( 1.0%) 
dispinfos                0/0               0/0        ( 0.0%) 
disp_verts               0/0               0/0        ( 0.0%) 
disp_tris                0/0               0/0        ( 0.0%) 
disp_lmsamples           0/0               0/0        ( 0.0%) 
faces                 2288/65536      128128/3670016  ( 3.5%) 
hdr faces                0/65536           0/3670016  ( 0.0%) 
origfaces             1374/65536       76944/3670016  ( 2.1%) 
leaves                1351/65536       43232/2097152  ( 2.1%) 
leaffaces             2700/65536        5400/131072   ( 4.1%) 
leafbrushes           1035/65536        2070/131072   ( 1.6%) 
areas                    2/1024           16/8192     ( 0.2%) 
surfedges            16656/512000      66624/2048000  ( 3.3%) 
edges                 9458/256000      37832/1024000  ( 3.7%) 
LDR worldlights         42/16384        3696/1441792  ( 0.3%) 
HDR worldlights          0/16384           0/1441792  ( 0.0%) 
leafwaterdata            0/32768           0/393216   ( 0.0%) 
waterstrips            264/131072       2640/1310720  ( 0.2%) 
waterverts               0/131072          0/1572864  ( 0.0%) 
waterindices          4212/131072       8424/262144   ( 3.2%) 
cubemapsamples          14/1024          224/16384    ( 1.4%) 
overlays                13/1024         4576/360448   ( 1.3%) 
LDR lightdata         [variable]     6859776/0        ( 0.0%) 
HDR lightdata         [variable]           0/0        ( 0.0%) 
visdata               [variable]       76971/16777216 ( 0.5%) 
entdata               [variable]       45318/393216   (11.5%) 
LDR ambient table     1351/65536        5404/262144   ( 2.1%) 
HDR ambient table     1351/65536        5404/262144   ( 2.1%) 
LDR leaf ambient      1179/65536       33012/1835008  ( 1.8%) 
HDR leaf ambient      1351/65536       37828/1835008  ( 2.1%) 
occluders                0/0               0/0        ( 0.0%) 
occluder polygons        0/0               0/0        ( 0.0%) 
occluder vert ind        0/0               0/0        ( 0.0%) 
detail props          [variable]           1/12       ( 8.3%) 
static props          [variable]           1/840      ( 0.1%) 
pakfile               [variable]       20146/0        ( 0.0%) 
physics               [variable]      152403/4194304  ( 3.6%) 
physics terrain       [variable]           2/1048576  ( 0.0%) 

Level flags = 1

Total triangle count: 6611
Writing c:\program files (x86)\steam\steamapps\sourcemods\who\maps\hostel.bsp
4 seconds elapsed



[Reading texlights from 'lights.rad']
[48 texlights parsed from 'lights.rad']

Loading c:\program files (x86)\steam\steamapps\sourcemods\who\maps\hostel.bsp
2288 faces
11687 square feet [1682958.50 square inches]
0 Displacements
0 Square Feet [0.00 Square Inches]
2288 patches before subdivision
37288 patches after subdivision
42 direct lights
0...1...2...3...4...5...6...7...8...9...100...1...2...3...4...5...6...7...8...9...10transfers 12249790, max 1146
transfer lists:  93.5 megs
0...1...2...3...4...5...6...7...8...9...10	Bounce #1 added RGB(215347, 117345, 39918)
0...1...2...3...4...5...6...7...8...9...10	Bounce #2 added RGB(108692, 47145, 15855)
0...1...2...3...4...5...6...7...8...9...10	Bounce #3 added RGB(52500, 18316, 6103)
0...1...2...3...4...5...6...7...8...9...10	Bounce #4 added RGB(25376, 7072, 2337)
0...1...2...3...4...5...6...7...8...9...10	Bounce #5 added RGB(12289, 2752, 898)
0...1...2...3...4...5...6...7...8...9...10	Bounce #6 added RGB(5976, 1074, 345)
0...1...2...3...4...5...6...7...8...9...10	Bounce #7 added RGB(2914, 421, 133)
0...1...2...3...4...5...6...7...8...9...10	Bounce #8 added RGB(1424, 165, 51)
0...1...2...3...4...5...6...7...8...9...10	Bounce #9 added RGB(698, 65, 20)
0...1...2...3...4...5...6...7...8...9...10	Bounce #10 added RGB(342, 26, 8)
0...1...2...3...4...5...6...7...8...9...10	Bounce #11 added RGB(168, 10, 3)
0...1...2...3...4...5...6...7...8...9...10	Bounce #12 added RGB(83, 4, 1)
0...1...2...3...4...5...6...7...8...9...10	Bounce #13 added RGB(41, 2, 0)
0...1...2...3...4...5...6...7...8...9...10	Bounce #14 added RGB(20, 1, 0)
0...1...2...3...4...5...6...7...8...9...10	Bounce #15 added RGB(10, 0, 0)
0...1...2...3...4...5...6...7...8...9...10	Bounce #16 added RGB(5, 0, 0)
0...1...2...3...4...5...6...7...8...9...10	Bounce #17 added RGB(2, 0, 0)
0...1...2...3...4...5...6...7...8...9...10	Bounce #18 added RGB(1, 0, 0)
0...1...2...3...4...5...6...7...8...9...10	Bounce #19 added RGB(1, 0, 0)
Build Patch/Sample Hash Table(s).....Done<0.0057 sec>
0...1...2...3...4...5...6...7...8...9...10FinalLightFace Done
0 of 0 (0% of) surface lights went in leaf ambient cubes.
0...1...2...3...4...5...6...7...8...9...10Writing leaf ambient...done
Computing static prop lighting : 00...1...2...3...4...5...6...7...8...9...10
Ready to Finish

Object names       Objects/Maxobjs  Memory / Maxmem  Fullness 
------------       ---------------  ---------------  -------- 
models                   6/4096          288/196608   ( 0.1%) 
brushes                450/32768        5400/393216   ( 1.4%) 
brushsides            2834/65536       22672/524288   ( 4.3%) 
planes                1132/65536       22640/1310720  ( 1.7%) 
vertexes              4374/65536       52488/786432   ( 6.7%) 
nodes                 1344/65536       43008/2097152  ( 2.1%) 
texinfos               597/12288       42984/884736   ( 4.9%) 
texdata                 20/2048          640/65536    ( 1.0%) 
dispinfos                0/0               0/0        ( 0.0%) 
disp_verts               0/0               0/0        ( 0.0%) 
disp_tris                0/0               0/0        ( 0.0%) 
disp_lmsamples           0/0               0/0        ( 0.0%) 
faces                 2288/65536      128128/3670016  ( 3.5%) 
hdr faces             2288/65536      128128/3670016  ( 3.5%) 
origfaces             1374/65536       76944/3670016  ( 2.1%) 
leaves                1351/65536       43232/2097152  ( 2.1%) 
leaffaces             2700/65536        5400/131072   ( 4.1%) 
leafbrushes           1035/65536        2070/131072   ( 1.6%) 
areas                    2/1024           16/8192     ( 0.2%) 
surfedges            16656/512000      66624/2048000  ( 3.3%) 
edges                 9458/256000      37832/1024000  ( 3.7%) 
LDR worldlights         42/16384        3696/1441792  ( 0.3%) 
HDR worldlights         42/16384        3696/1441792  ( 0.3%) 
leafwaterdata            0/32768           0/393216   ( 0.0%) 
waterstrips            264/131072       2640/1310720  ( 0.2%) 
waterverts               0/131072          0/1572864  ( 0.0%) 
waterindices          4212/131072       8424/262144   ( 3.2%) 
cubemapsamples          14/1024          224/16384    ( 1.4%) 
overlays                13/1024         4576/360448   ( 1.3%) 
LDR lightdata         [variable]     6859776/0        ( 0.0%) 
HDR lightdata         [variable]     6859776/0        ( 0.0%) 
visdata               [variable]       76971/16777216 ( 0.5%) 
entdata               [variable]       45318/393216   (11.5%) 
LDR ambient table     1351/65536        5404/262144   ( 2.1%) 
HDR ambient table     1351/65536        5404/262144   ( 2.1%) 
LDR leaf ambient      1179/65536       33012/1835008  ( 1.8%) 
HDR leaf ambient      1179/65536       33012/1835008  ( 1.8%) 
occluders                0/0               0/0        ( 0.0%) 
occluder polygons        0/0               0/0        ( 0.0%) 
occluder vert ind        0/0               0/0        ( 0.0%) 
detail props          [variable]           1/12       ( 8.3%) 
static props          [variable]           1/840      ( 0.1%) 
pakfile               [variable]       39378/0        ( 0.0%) 
physics               [variable]      152403/4194304  ( 3.6%) 
physics terrain       [variable]           2/1048576  ( 0.0%) 

Level flags = 3

Total triangle count: 6611
Writing c:\program files (x86)\steam\steamapps\sourcemods\who\maps\hostel.bsp
5 seconds elapsed



materialPath: C:\Program Files (x86)\Steam\steamapps\sourcemods\who\materials
Loading c:\program files (x86)\steam\steamapps\sourcemods\who\maps\hostel.vmf
fixing up env_cubemap materials on brush sides...
0...1Brush 325: WARNING, microbrush
Brush 326: WARNING, microbrush
Brush 328: WARNING, microbrush
Brush 329: WARNING, microbrush
...2...3...4.Brush 120: WARNING, microbrush
Brush 57: WARNING, microbrush
Brush 54: WARNING, microbrush
Brush 50: WARNING, microbrush
Brush 48: WARNING, microbrush
Brush 26: WARNING, microbrush
Brush 22: WARNING, microbrush
..5...6...7...8...9...100...1Brush 325: WARNING, microbrush
Brush 326: WARNING, microbrush
Brush 328: WARNING, microbrush
Brush 329: WARNING, microbrush
...2...3...4.Brush 120: WARNING, microbrush
Brush 57: WARNING, microbrush
Brush 54: WARNING, microbrush
Brush 50: WARNING, microbrush
Brush 48: WARNING, microbrush
Brush 26: WARNING, microbrush
Brush 22: WARNING, microbrush
..5...6...7...8...9...10Processing areas...done (0)
Building Faces...done (0)
FixTjuncs...
PruneNodes...
WriteBSP...
done (0)
writing c:\program files (x86)\steam\steamapps\sourcemods\who\maps\hostel.prt...Building visibility clusters...
done (0)
Finding displacement neighbors...
Finding lightmap sample positions...
Displacement Alpha : 0...1...2...3...4...5...6...7...8...9...10
ConVarRef mat_reduceparticles doesn't point to an existing ConVar
Building Physics collision data...
done (0) (152403 bytes)
Placing static props...
Placing detail props : 0...1...2...3...4...5...6...7...8...9...10
Compacting texture/material tables...
Reduced 879 texinfos to 597
Reduced 21 texdatas to 20 (542 bytes to 525)
Writing c:\program files (x86)\steam\steamapps\sourcemods\who\maps\hostel.bsp
0 seconds elapsed



6 threads
reading c:\program files (x86)\steam\steamapps\sourcemods\who\maps\hostel.bsp
reading c:\program files (x86)\steam\steamapps\sourcemods\who\maps\hostel.prt
 554 portalclusters
1485 numportals
0...1...2...3...4...5...6...7...8...9...100...1...2...3...4...5...6...7...8...9...10Optimized: 1168 visible clusters (0.00%)
Total clusters visible: 97884
Average clusters visible: 176
Building PAS...
Average clusters audible: 494
visdatasize:76971  compressed from 79776
writing c:\program files (x86)\steam\steamapps\sourcemods\who\maps\hostel.bsp
1 second elapsed



[Reading texlights from 'lights.rad']
[48 texlights parsed from 'lights.rad']

Loading c:\program files (x86)\steam\steamapps\sourcemods\who\maps\hostel.bsp
2288 faces
11687 square feet [1682958.50 square inches]
0 Displacements
0 Square Feet [0.00 Square Inches]
2288 patches before subdivision
37288 patches after subdivision
42 direct lights
0...1...2...3...4...5...6...7...8...9...100...1...2...3...4...5...6...7...8...9...10transfers 12251055, max 1146
transfer lists:  93.5 megs
0...1...2...3...4...5...6...7...8...9...10	Bounce #1 added RGB(215347, 117345, 39918)
0...1...2...3...4...5...6...7...8...9...10	Bounce #2 added RGB(108733, 47158, 15858)
0...1...2...3...4...5...6...7...8...9...10	Bounce #3 added RGB(52530, 18323, 6104)
0...1...2...3...4...5...6...7...8...9...10	Bounce #4 added RGB(25396, 7075, 2337)
0...1...2...3...4...5...6...7...8...9...10	Bounce #5 added RGB(12301, 2754, 899)
0...1...2...3...4...5...6...7...8...9...10	Bounce #6 added RGB(5983, 1074, 345)
0...1...2...3...4...5...6...7...8...9...10	Bounce #7 added RGB(2918, 421, 133)
0...1...2...3...4...5...6...7...8...9...10	Bounce #8 added RGB(1426, 165, 51)
0...1...2...3...4...5...6...7...8...9...10	Bounce #9 added RGB(699, 65, 20)
0...1...2...3...4...5...6...7...8...9...10	Bounce #10 added RGB(343, 26, 8)
0...1...2...3...4...5...6...7...8...9...10	Bounce #11 added RGB(168, 10, 3)
0...1...2...3...4...5...6...7...8...9...10	Bounce #12 added RGB(83, 4, 1)
0...1...2...3...4...5...6...7...8...9...10	Bounce #13 added RGB(41, 2, 0)
0...1...2...3...4...5...6...7...8...9...10	Bounce #14 added RGB(20, 1, 0)
0...1...2...3...4...5...6...7...8...9...10	Bounce #15 added RGB(10, 0, 0)
0...1...2...3...4...5...6...7...8...9...10	Bounce #16 added RGB(5, 0, 0)
0...1...2...3...4...5...6...7...8...9...10	Bounce #17 added RGB(2, 0, 0)
0...1...2...3...4...5...6...7...8...9...10	Bounce #18 added RGB(1, 0, 0)
0...1...2...3...4...5...6...7...8...9...10	Bounce #19 added RGB(1, 0, 0)
Build Patch/Sample Hash Table(s).....Done<0.0063 sec>
0...1...2...3...4...5...6...7...8...9...10FinalLightFace Done
0 of 0 (0% of) surface lights went in leaf ambient cubes.
0...1...2...3...4...5...6...7...8...9...10Writing leaf ambient...done
Computing static prop lighting : 00...1...2...3...4...5...6...7...8...9...10
Ready to Finish

Object names       Objects/Maxobjs  Memory / Maxmem  Fullness 
------------       ---------------  ---------------  -------- 
models                   6/4096          288/196608   ( 0.1%) 
brushes                450/32768        5400/393216   ( 1.4%) 
brushsides            2834/65536       22672/524288   ( 4.3%) 
planes                1130/65536       22600/1310720  ( 1.7%) 
vertexes              4374/65536       52488/786432   ( 6.7%) 
nodes                 1344/65536       43008/2097152  ( 2.1%) 
texinfos               597/12288       42984/884736   ( 4.9%) 
texdata                 20/2048          640/65536    ( 1.0%) 
dispinfos                0/0               0/0        ( 0.0%) 
disp_verts               0/0               0/0        ( 0.0%) 
disp_tris                0/0               0/0        ( 0.0%) 
disp_lmsamples           0/0               0/0        ( 0.0%) 
faces                 2288/65536      128128/3670016  ( 3.5%) 
hdr faces                0/65536           0/3670016  ( 0.0%) 
origfaces             1374/65536       76944/3670016  ( 2.1%) 
leaves                1351/65536       43232/2097152  ( 2.1%) 
leaffaces             2700/65536        5400/131072   ( 4.1%) 
leafbrushes           1035/65536        2070/131072   ( 1.6%) 
areas                    2/1024           16/8192     ( 0.2%) 
surfedges            16656/512000      66624/2048000  ( 3.3%) 
edges                 9458/256000      37832/1024000  ( 3.7%) 
LDR worldlights         42/16384        3696/1441792  ( 0.3%) 
HDR worldlights          0/16384           0/1441792  ( 0.0%) 
leafwaterdata            0/32768           0/393216   ( 0.0%) 
waterstrips            264/131072       2640/1310720  ( 0.2%) 
waterverts               0/131072          0/1572864  ( 0.0%) 
waterindices          4212/131072       8424/262144   ( 3.2%) 
cubemapsamples          14/1024          224/16384    ( 1.4%) 
overlays                13/1024         4576/360448   ( 1.3%) 
LDR lightdata         [variable]     6859776/0        ( 0.0%) 
HDR lightdata         [variable]           0/0        ( 0.0%) 
visdata               [variable]       76971/16777216 ( 0.5%) 
entdata               [variable]       45320/393216   (11.5%) 
LDR ambient table     1351/65536        5404/262144   ( 2.1%) 
HDR ambient table     1351/65536        5404/262144   ( 2.1%) 
LDR leaf ambient      1179/65536       33012/1835008  ( 1.8%) 
HDR leaf ambient      1351/65536       37828/1835008  ( 2.1%) 
occluders                0/0               0/0        ( 0.0%) 
occluder polygons        0/0               0/0        ( 0.0%) 
occluder vert ind        0/0               0/0        ( 0.0%) 
detail props          [variable]           1/12       ( 8.3%) 
static props          [variable]           1/840      ( 0.1%) 
pakfile               [variable]       20146/0        ( 0.0%) 
physics               [variable]      152403/4194304  ( 3.6%) 
physics terrain       [variable]           2/1048576  ( 0.0%) 

Level flags = 1

Total triangle count: 6611
Writing c:\program files (x86)\steam\steamapps\sourcemods\who\maps\hostel.bsp
5 seconds elapsed



[Reading texlights from 'lights.rad']
[48 texlights parsed from 'lights.rad']

Loading c:\program files (x86)\steam\steamapps\sourcemods\who\maps\hostel.bsp
2288 faces
11687 square feet [1682958.50 square inches]
0 Displacements
0 Square Feet [0.00 Square Inches]
2288 patches before subdivision
37288 patches after subdivision
42 direct lights
0...1...2...3...4...5...6...7...8...9...100...1...2...3...4...5...6...7...8...9...10transfers 12251055, max 1146
transfer lists:  93.5 megs
0...1...2...3...4...5...6...7...8...9...10	Bounce #1 added RGB(215347, 117345, 39918)
0...1...2...3...4...5...6...7...8...9...10	Bounce #2 added RGB(108733, 47158, 15858)
0...1...2...3...4...5...6...7...8...9...10	Bounce #3 added RGB(52530, 18323, 6104)
0...1...2...3...4...5...6...7...8...9...10	Bounce #4 added RGB(25396, 7075, 2337)
0...1...2...3...4...5...6...7...8...9...10	Bounce #5 added RGB(12301, 2754, 899)
0...1...2...3...4...5...6...7...8...9...10	Bounce #6 added RGB(5983, 1074, 345)
0...1...2...3...4...5...6...7...8...9...10	Bounce #7 added RGB(2918, 421, 133)
0...1...2...3...4...5...6...7...8...9...10	Bounce #8 added RGB(1426, 165, 51)
0...1...2...3...4...5...6...7...8...9...10	Bounce #9 added RGB(699, 65, 20)
0...1...2...3...4...5...6...7...8...9...10	Bounce #10 added RGB(343, 26, 8)
0...1...2...3...4...5...6...7...8...9...10	Bounce #11 added RGB(168, 10, 3)
0...1...2...3...4...5...6...7...8...9...10	Bounce #12 added RGB(83, 4, 1)
0...1...2...3...4...5...6...7...8...9...10	Bounce #13 added RGB(41, 2, 0)
0...1...2...3...4...5...6...7...8...9...10	Bounce #14 added RGB(20, 1, 0)
0...1...2...3...4...5...6...7...8...9...10	Bounce #15 added RGB(10, 0, 0)
0...1...2...3...4...5...6...7...8...9...10	Bounce #16 added RGB(5, 0, 0)
0...1...2...3...4...5...6...7...8...9...10	Bounce #17 added RGB(2, 0, 0)
0...1...2...3...4...5...6...7...8...9...10	Bounce #18 added RGB(1, 0, 0)
0...1...2...3...4...5...6...7...8...9...10	Bounce #19 added RGB(1, 0, 0)
Build Patch/Sample Hash Table(s).....Done<0.0062 sec>
0...1...2...3...4...5...6...7...8...9...10FinalLightFace Done
0 of 0 (0% of) surface lights went in leaf ambient cubes.
0...1...2...3...4...5...6...7...8...9...10Writing leaf ambient...done
Computing static prop lighting : 00...1...2...3...4...5...6...7...8...9...10
Ready to Finish

Object names       Objects/Maxobjs  Memory / Maxmem  Fullness 
------------       ---------------  ---------------  -------- 
models                   6/4096          288/196608   ( 0.1%) 
brushes                450/32768        5400/393216   ( 1.4%) 
brushsides            2834/65536       22672/524288   ( 4.3%) 
planes                1130/65536       22600/1310720  ( 1.7%) 
vertexes              4374/65536       52488/786432   ( 6.7%) 
nodes                 1344/65536       43008/2097152  ( 2.1%) 
texinfos               597/12288       42984/884736   ( 4.9%) 
texdata                 20/2048          640/65536    ( 1.0%) 
dispinfos                0/0               0/0        ( 0.0%) 
disp_verts               0/0               0/0        ( 0.0%) 
disp_tris                0/0               0/0        ( 0.0%) 
disp_lmsamples           0/0               0/0        ( 0.0%) 
faces                 2288/65536      128128/3670016  ( 3.5%) 
hdr faces             2288/65536      128128/3670016  ( 3.5%) 
origfaces             1374/65536       76944/3670016  ( 2.1%) 
leaves                1351/65536       43232/2097152  ( 2.1%) 
leaffaces             2700/65536        5400/131072   ( 4.1%) 
leafbrushes           1035/65536        2070/131072   ( 1.6%) 
areas                    2/1024           16/8192     ( 0.2%) 
surfedges            16656/512000      66624/2048000  ( 3.3%) 
edges                 9458/256000      37832/1024000  ( 3.7%) 
LDR worldlights         42/16384        3696/1441792  ( 0.3%) 
HDR worldlights         42/16384        3696/1441792  ( 0.3%) 
leafwaterdata            0/32768           0/393216   ( 0.0%) 
waterstrips            264/131072       2640/1310720  ( 0.2%) 
waterverts               0/131072          0/1572864  ( 0.0%) 
waterindices          4212/131072       8424/262144   ( 3.2%) 
cubemapsamples          14/1024          224/16384    ( 1.4%) 
overlays                13/1024         4576/360448   ( 1.3%) 
LDR lightdata         [variable]     6859776/0        ( 0.0%) 
HDR lightdata         [variable]     6859776/0        ( 0.0%) 
visdata               [variable]       76971/16777216 ( 0.5%) 
entdata               [variable]       45320/393216   (11.5%) 
LDR ambient table     1351/65536        5404/262144   ( 2.1%) 
HDR ambient table     1351/65536        5404/262144   ( 2.1%) 
LDR leaf ambient      1179/65536       33012/1835008  ( 1.8%) 
HDR leaf ambient      1179/65536       33012/1835008  ( 1.8%) 
occluders                0/0               0/0        ( 0.0%) 
occluder polygons        0/0               0/0        ( 0.0%) 
occluder vert ind        0/0               0/0        ( 0.0%) 
detail props          [variable]           1/12       ( 8.3%) 
static props          [variable]           1/840      ( 0.1%) 
pakfile               [variable]       39378/0        ( 0.0%) 
physics               [variable]      152403/4194304  ( 3.6%) 
physics terrain       [variable]           2/1048576  ( 0.0%) 

Level flags = 3

Total triangle count: 6611
Writing c:\program files (x86)\steam\steamapps\sourcemods\who\maps\hostel.bsp
5 seconds elapsed



materialPath: C:\Program Files (x86)\Steam\steamapps\sourcemods\who\materials
Loading c:\program files (x86)\steam\steamapps\sourcemods\who\maps\hostel.vmf
fixing up env_cubemap materials on brush sides...
0...1Brush 325: WARNING, microbrush
Brush 326: WARNING, microbrush
Brush 328: WARNING, microbrush
Brush 329: WARNING, microbrush
...2...3...4.Brush 120: WARNING, microbrush
Brush 57: WARNING, microbrush
Brush 54: WARNING, microbrush
Brush 50: WARNING, microbrush
Brush 48: WARNING, microbrush
Brush 26: WARNING, microbrush
Brush 22: WARNING, microbrush
..5...6...7...8...9...100...1Brush 325: WARNING, microbrush
Brush 326: WARNING, microbrush
Brush 328: WARNING, microbrush
Brush 329: WARNING, microbrush
...2...3...4.Brush 120: WARNING, microbrush
Brush 57: WARNING, microbrush
Brush 54: WARNING, microbrush
Brush 50: WARNING, microbrush
Brush 48: WARNING, microbrush
Brush 26: WARNING, microbrush
Brush 22: WARNING, microbrush
..5...6...7...8...9...10Processing areas...done (0)
Building Faces...done (0)
FixTjuncs...
PruneNodes...
WriteBSP...
done (0)
writing c:\program files (x86)\steam\steamapps\sourcemods\who\maps\hostel.prt...Building visibility clusters...
done (0)
Finding displacement neighbors...
Finding lightmap sample positions...
Displacement Alpha : 0...1...2...3...4...5...6...7...8...9...10
ConVarRef mat_reduceparticles doesn't point to an existing ConVar
Building Physics collision data...
done (0) (152403 bytes)
Placing static props...
Placing detail props : 0...1...2...3...4...5...6...7...8...9...10
Compacting texture/material tables...
Reduced 880 texinfos to 598
Reduced 22 texdatas to 21 (567 bytes to 550)
Writing c:\program files (x86)\steam\steamapps\sourcemods\who\maps\hostel.bsp
0 seconds elapsed



6 threads
reading c:\program files (x86)\steam\steamapps\sourcemods\who\maps\hostel.bsp
reading c:\program files (x86)\steam\steamapps\sourcemods\who\maps\hostel.prt
 554 portalclusters
1485 numportals
0...1...2...3...4...5...6...7...8...9...100...1...2...3...4...5...6...7...8...9...10Optimized: 1150 visible clusters (0.00%)
Total clusters visible: 97866
Average clusters visible: 176
Building PAS...
Average clusters audible: 494
visdatasize:76971  compressed from 79776
writing c:\program files (x86)\steam\steamapps\sourcemods\who\maps\hostel.bsp
1 second elapsed



[Reading texlights from 'lights.rad']
[48 texlights parsed from 'lights.rad']

Loading c:\program files (x86)\steam\steamapps\sourcemods\who\maps\hostel.bsp
2288 faces
11687 square feet [1682958.50 square inches]
0 Displacements
0 Square Feet [0.00 Square Inches]
2288 patches before subdivision
37288 patches after subdivision
42 direct lights
0...1...2...3...4...5...6...7...8...9...100...1...2...3...4...5...6...7...8...9...10transfers 12251055, max 1146
transfer lists:  93.5 megs
0...1...2...3...4...5...6...7...8...9...10	Bounce #1 added RGB(215347, 117345, 39918)
0...1...2...3...4...5...6...7...8...9...10	Bounce #2 added RGB(108733, 47158, 15858)
0...1...2...3...4...5...6...7...8...9...10	Bounce #3 added RGB(52530, 18323, 6104)
0...1...2...3...4...5...6...7...8...9...10	Bounce #4 added RGB(25396, 7075, 2337)
0...1...2...3...4...5...6...7...8...9...10	Bounce #5 added RGB(12301, 2754, 899)
0...1...2...3...4...5...6...7...8...9...10	Bounce #6 added RGB(5983, 1074, 345)
0...1...2...3...4...5...6...7...8...9...10	Bounce #7 added RGB(2918, 421, 133)
0...1...2...3...4...5...6...7...8...9...10	Bounce #8 added RGB(1426, 165, 51)
0...1...2...3...4...5...6...7...8...9...10	Bounce #9 added RGB(699, 65, 20)
0...1...2...3...4...5...6...7...8...9...10	Bounce #10 added RGB(343, 26, 8)
0...1...2...3...4...5...6...7...8...9...10	Bounce #11 added RGB(168, 10, 3)
0...1...2...3...4...5...6...7...8...9...10	Bounce #12 added RGB(83, 4, 1)
0...1...2...3...4...5...6...7...8...9...10	Bounce #13 added RGB(41, 2, 0)
0...1...2...3...4...5...6...7...8...9...10	Bounce #14 added RGB(20, 1, 0)
0...1...2...3...4...5...6...7...8...9...10	Bounce #15 added RGB(10, 0, 0)
0...1...2...3...4...5...6...7...8...9...10	Bounce #16 added RGB(5, 0, 0)
0...1...2...3...4...5...6...7...8...9...10	Bounce #17 added RGB(2, 0, 0)
0...1...2...3...4...5...6...7...8...9...10	Bounce #18 added RGB(1, 0, 0)
0...1...2...3...4...5...6...7...8...9...10	Bounce #19 added RGB(1, 0, 0)
Build Patch/Sample Hash Table(s).....Done<0.0058 sec>
0...1...2...3...4...5...6...7...8...9...10FinalLightFace Done
0 of 0 (0% of) surface lights went in leaf ambient cubes.
0...1...2...3...4...5...6...7...8...9...10Writing leaf ambient...done
Computing static prop lighting : 00...1...2...3...4...5...6...7...8...9...10
Ready to Finish

Object names       Objects/Maxobjs  Memory / Maxmem  Fullness 
------------       ---------------  ---------------  -------- 
models                   6/4096          288/196608   ( 0.1%) 
brushes                450/32768        5400/393216   ( 1.4%) 
brushsides            2834/65536       22672/524288   ( 4.3%) 
planes                1130/65536       22600/1310720  ( 1.7%) 
vertexes              4374/65536       52488/786432   ( 6.7%) 
nodes                 1344/65536       43008/2097152  ( 2.1%) 
texinfos               598/12288       43056/884736   ( 4.9%) 
texdata                 21/2048          672/65536    ( 1.0%) 
dispinfos                0/0               0/0        ( 0.0%) 
disp_verts               0/0               0/0        ( 0.0%) 
disp_tris                0/0               0/0        ( 0.0%) 
disp_lmsamples           0/0               0/0        ( 0.0%) 
faces                 2288/65536      128128/3670016  ( 3.5%) 
hdr faces                0/65536           0/3670016  ( 0.0%) 
origfaces             1374/65536       76944/3670016  ( 2.1%) 
leaves                1351/65536       43232/2097152  ( 2.1%) 
leaffaces             2700/65536        5400/131072   ( 4.1%) 
leafbrushes           1035/65536        2070/131072   ( 1.6%) 
areas                    2/1024           16/8192     ( 0.2%) 
surfedges            16656/512000      66624/2048000  ( 3.3%) 
edges                 9458/256000      37832/1024000  ( 3.7%) 
LDR worldlights         42/16384        3696/1441792  ( 0.3%) 
HDR worldlights          0/16384           0/1441792  ( 0.0%) 
leafwaterdata            0/32768           0/393216   ( 0.0%) 
waterstrips            264/131072       2640/1310720  ( 0.2%) 
waterverts               0/131072          0/1572864  ( 0.0%) 
waterindices          4212/131072       8424/262144   ( 3.2%) 
cubemapsamples          14/1024          224/16384    ( 1.4%) 
overlays                14/1024         4928/360448   ( 1.4%) 
LDR lightdata         [variable]     6859776/0        ( 0.0%) 
HDR lightdata         [variable]           0/0        ( 0.0%) 
visdata               [variable]       76971/16777216 ( 0.5%) 
entdata               [variable]       45690/393216   (11.6%) 
LDR ambient table     1351/65536        5404/262144   ( 2.1%) 
HDR ambient table     1351/65536        5404/262144   ( 2.1%) 
LDR leaf ambient      1179/65536       33012/1835008  ( 1.8%) 
HDR leaf ambient      1351/65536       37828/1835008  ( 2.1%) 
occluders                0/0               0/0        ( 0.0%) 
occluder polygons        0/0               0/0        ( 0.0%) 
occluder vert ind        0/0               0/0        ( 0.0%) 
detail props          [variable]           1/12       ( 8.3%) 
static props          [variable]           1/840      ( 0.1%) 
pakfile               [variable]       20146/0        ( 0.0%) 
physics               [variable]      152403/4194304  ( 3.6%) 
physics terrain       [variable]           2/1048576  ( 0.0%) 

Level flags = 1

Total triangle count: 6611
Writing c:\program files (x86)\steam\steamapps\sourcemods\who\maps\hostel.bsp
5 seconds elapsed



[Reading texlights from 'lights.rad']
[48 texlights parsed from 'lights.rad']

Loading c:\program files (x86)\steam\steamapps\sourcemods\who\maps\hostel.bsp
2288 faces
11687 square feet [1682958.50 square inches]
0 Displacements
0 Square Feet [0.00 Square Inches]
2288 patches before subdivision
37288 patches after subdivision
42 direct lights
0...1...2...3...4...5...6...7...8...9...100...1...2...3...4...5...6...7...8...9...10transfers 12251055, max 1146
transfer lists:  93.5 megs
0...1...2...3...4...5...6...7...8...9...10	Bounce #1 added RGB(215352, 117348, 39918)
0...1...2...3...4...5...6...7...8...9...10	Bounce #2 added RGB(108736, 47160, 15859)
0...1...2...3...4...5...6...7...8...9...10	Bounce #3 added RGB(52531, 18324, 6104)
0...1...2...3...4...5...6...7...8...9...10	Bounce #4 added RGB(25397, 7076, 2337)
0...1...2...3...4...5...6...7...8...9...10	Bounce #5 added RGB(12302, 2754, 899)
0...1...2...3...4...5...6...7...8...9...10	Bounce #6 added RGB(5983, 1074, 345)
0...1...2...3...4...5...6...7...8...9...10	Bounce #7 added RGB(2918, 421, 133)
0...1...2...3...4...5...6...7...8...9...10	Bounce #8 added RGB(1426, 165, 51)
0...1...2...3...4...5...6...7...8...9...10	Bounce #9 added RGB(699, 65, 20)
0...1...2...3...4...5...6...7...8...9...10	Bounce #10 added RGB(343, 26, 8)
0...1...2...3...4...5...6...7...8...9...10	Bounce #11 added RGB(168, 10, 3)
0...1...2...3...4...5...6...7...8...9...10	Bounce #12 added RGB(83, 4, 1)
0...1...2...3...4...5...6...7...8...9...10	Bounce #13 added RGB(41, 2, 0)
0...1...2...3...4...5...6...7...8...9...10	Bounce #14 added RGB(20, 1, 0)
0...1...2...3...4...5...6...7...8...9...10	Bounce #15 added RGB(10, 0, 0)
0...1...2...3...4...5...6...7...8...9...10	Bounce #16 added RGB(5, 0, 0)
0...1...2...3...4...5...6...7...8...9...10	Bounce #17 added RGB(2, 0, 0)
0...1...2...3...4...5...6...7...8...9...10	Bounce #18 added RGB(1, 0, 0)
0...1...2...3...4...5...6...7...8...9...10	Bounce #19 added RGB(1, 0, 0)
Build Patch/Sample Hash Table(s).....Done<0.0036 sec>
0...1...2...3...4...5...6...7...8...9...10FinalLightFace Done
0 of 0 (0% of) surface lights went in leaf ambient cubes.
0...1...2...3...4...5...6...7...8...9...10Writing leaf ambient...done
Computing static prop lighting : 00...1...2...3...4...5...6...7...8...9...10
Ready to Finish

Object names       Objects/Maxobjs  Memory / Maxmem  Fullness 
------------       ---------------  ---------------  -------- 
models                   6/4096          288/196608   ( 0.1%) 
brushes                450/32768        5400/393216   ( 1.4%) 
brushsides            2834/65536       22672/524288   ( 4.3%) 
planes                1130/65536       22600/1310720  ( 1.7%) 
vertexes              4374/65536       52488/786432   ( 6.7%) 
nodes                 1344/65536       43008/2097152  ( 2.1%) 
texinfos               598/12288       43056/884736   ( 4.9%) 
texdata                 21/2048          672/65536    ( 1.0%) 
dispinfos                0/0               0/0        ( 0.0%) 
disp_verts               0/0               0/0        ( 0.0%) 
disp_tris                0/0               0/0        ( 0.0%) 
disp_lmsamples           0/0               0/0        ( 0.0%) 
faces                 2288/65536      128128/3670016  ( 3.5%) 
hdr faces             2288/65536      128128/3670016  ( 3.5%) 
origfaces             1374/65536       76944/3670016  ( 2.1%) 
leaves                1351/65536       43232/2097152  ( 2.1%) 
leaffaces             2700/65536        5400/131072   ( 4.1%) 
leafbrushes           1035/65536        2070/131072   ( 1.6%) 
areas                    2/1024           16/8192     ( 0.2%) 
surfedges            16656/512000      66624/2048000  ( 3.3%) 
edges                 9458/256000      37832/1024000  ( 3.7%) 
LDR worldlights         42/16384        3696/1441792  ( 0.3%) 
HDR worldlights         42/16384        3696/1441792  ( 0.3%) 
leafwaterdata            0/32768           0/393216   ( 0.0%) 
waterstrips            264/131072       2640/1310720  ( 0.2%) 
waterverts               0/131072          0/1572864  ( 0.0%) 
waterindices          4212/131072       8424/262144   ( 3.2%) 
cubemapsamples          14/1024          224/16384    ( 1.4%) 
overlays                14/1024         4928/360448   ( 1.4%) 
LDR lightdata         [variable]     6859776/0        ( 0.0%) 
HDR lightdata         [variable]     6859776/0        ( 0.0%) 
visdata               [variable]       76971/16777216 ( 0.5%) 
entdata               [variable]       45690/393216   (11.6%) 
LDR ambient table     1351/65536        5404/262144   ( 2.1%) 
HDR ambient table     1351/65536        5404/262144   ( 2.1%) 
LDR leaf ambient      1179/65536       33012/1835008  ( 1.8%) 
HDR leaf ambient      1179/65536       33012/1835008  ( 1.8%) 
occluders                0/0               0/0        ( 0.0%) 
occluder polygons        0/0               0/0        ( 0.0%) 
occluder vert ind        0/0               0/0        ( 0.0%) 
detail props          [variable]           1/12       ( 8.3%) 
static props          [variable]           1/840      ( 0.1%) 
pakfile               [variable]       39378/0        ( 0.0%) 
physics               [variable]      152403/4194304  ( 3.6%) 
physics terrain       [variable]           2/1048576  ( 0.0%) 

Level flags = 3

Total triangle count: 6611
Writing c:\program files (x86)\steam\steamapps\sourcemods\who\maps\hostel.bsp
4 seconds elapsed
