


materialPath: C:\Program Files (x86)\Steam\steamapps\sourcemods\who\materials
Loading c:\program files (x86)\steam\steamapps\sourcemods\who\maps\list_02.vmf
Patching WVT material: maps/list_02/dev/dev_blendmeasure_wvt_patch
fixing up env_cubemap materials on brush sides...
0...1...2...3...4...5...6...7...8...9...100...1...2...3...4...5...6...7...8...9...10Processing areas...done (0)
Building Faces...done (0)
FixTjuncs...
PruneNodes...
WriteBSP...
done (0)
writing c:\program files (x86)\steam\steamapps\sourcemods\who\maps\list_02.prt...Building visibility clusters...
done (0)
Finding displacement neighbors...
Finding lightmap sample positions...
Displacement Alpha : 0...1...2...3...4...5...6...7...8...9...10
Building Physics collision data...
done (0) (4073 bytes)
Placing static props...
Placing detail props : 0...1...2...3...4...5...6...7...8...9...10
Compacting texture/material tables...
Reduced 47 texinfos to 14
Reduced 5 texdatas to 3 (132 bytes to 67)
Writing c:\program files (x86)\steam\steamapps\sourcemods\who\maps\list_02.bsp
0 seconds elapsed



4 threads
reading c:\program files (x86)\steam\steamapps\sourcemods\who\maps\list_02.bsp
reading c:\program files (x86)\steam\steamapps\sourcemods\who\maps\list_02.prt
   4 portalclusters
   4 numportals
0...1...2...3...4...5...6...7...8...9...10Optimized: 0 visible clusters (0.00%)
Total clusters visible: 16
Average clusters visible: 4
Building PAS...
Average clusters audible: 4
visdatasize:44  compressed from 64
writing c:\program files (x86)\steam\steamapps\sourcemods\who\maps\list_02.bsp
0 seconds elapsed



[Reading texlights from 'lights.rad']
[48 texlights parsed from 'lights.rad']

Loading c:\program files (x86)\steam\steamapps\sourcemods\who\maps\list_02.bsp
294 faces
33576 square feet [4835039.00 square inches]
0 Displacements
0 Square Feet [0.00 Square Inches]
294 patches before subdivision
29230 patches after subdivision
18 direct lights
0...1...2...3...4...5...6...7...8...9...100...1...2...3...4...5...6...7...8...9...10transfers 3219407, max 485
transfer lists:  24.6 megs
0...1...2...3...4...5...6...7...8...9...10	Bounce #1 added RGB(99097, 27857, 275)
0...1...2...3...4...5...6...7...8...9...10	Bounce #2 added RGB(109029, 8616, 1)
Build Patch/Sample Hash Table(s).....Done<0.0097 sec>
0...1...2...3...4...5...6...7...8...9...10FinalLightFace Done
0 of 0 (0% of) surface lights went in leaf ambient cubes.
0...1...2...3...4...5...6...7...8...9...10Writing leaf ambient...done
Computing static prop lighting : 00...1...2...3...4...5...6...7...8...9...10
Ready to Finish

Object names       Objects/Maxobjs  Memory / Maxmem  Fullness 
------------       ---------------  ---------------  -------- 
models                   4/4096          192/196608   ( 0.1%) 
brushes                  9/32768         108/393216   ( 0.0%) 
brushsides              54/65536         432/524288   ( 0.1%) 
planes                 104/65536        2080/1310720  ( 0.2%) 
vertexes               357/65536        4284/786432   ( 0.5%) 
nodes                   45/65536        1440/2097152  ( 0.1%) 
texinfos                14/12288        1008/884736   ( 0.1%) 
texdata                  3/2048           96/65536    ( 0.1%) 
dispinfos                0/0               0/0        ( 0.0%) 
disp_verts               0/0               0/0        ( 0.0%) 
disp_tris                0/0               0/0        ( 0.0%) 
disp_lmsamples           0/0               0/0        ( 0.0%) 
faces                  294/65536       16464/3670016  ( 0.4%) 
hdr faces              294/65536       16464/3670016  ( 0.4%) 
origfaces               24/65536        1344/3670016  ( 0.0%) 
leaves                  50/65536        1600/2097152  ( 0.1%) 
leaffaces              294/65536         588/131072   ( 0.4%) 
leafbrushes             23/65536          46/131072   ( 0.0%) 
areas                    2/1024           16/8192     ( 0.2%) 
surfedges             1332/512000       5328/2048000  ( 0.3%) 
edges                  679/256000       2716/1024000  ( 0.3%) 
LDR worldlights          0/16384           0/1441792  ( 0.0%) 
HDR worldlights         18/16384        1584/1441792  ( 0.1%) 
leafwaterdata            0/32768           0/393216   ( 0.0%) 
waterstrips              0/131072          0/1310720  ( 0.0%) 
waterverts               0/131072          0/1572864  ( 0.0%) 
waterindices             0/131072          0/262144   ( 0.0%) 
cubemapsamples           0/1024            0/16384    ( 0.0%) 
overlays                 0/1024            0/360448   ( 0.0%) 
LDR lightdata         [variable]           0/0        ( 0.0%) 
HDR lightdata         [variable]      957988/0        ( 0.0%) 
visdata               [variable]          44/16777216 ( 0.0%) 
entdata               [variable]        8382/393216   ( 2.1%) 
LDR ambient table       50/65536         200/262144   ( 0.1%) 
HDR ambient table       50/65536         200/262144   ( 0.1%) 
LDR leaf ambient        50/65536        1400/1835008  ( 0.1%) 
HDR leaf ambient        82/65536        2296/1835008  ( 0.1%) 
occluders                0/0               0/0        ( 0.0%) 
occluder polygons        0/0               0/0        ( 0.0%) 
occluder vert ind        0/0               0/0        ( 0.0%) 
detail props          [variable]           1/12       ( 8.3%) 
static props          [variable]           1/208      ( 0.5%) 
pakfile               [variable]       19941/0        ( 0.0%) 
physics               [variable]        4073/4194304  ( 0.1%) 
physics terrain       [variable]           2/1048576  ( 0.0%) 

Level flags = 2

Total triangle count: 648
Writing c:\program files (x86)\steam\steamapps\sourcemods\who\maps\list_02.bsp
1 second elapsed



materialPath: C:\Program Files (x86)\Steam\steamapps\sourcemods\who\materials
Loading c:\program files (x86)\steam\steamapps\sourcemods\who\maps\list_02.vmf
Patching WVT material: maps/list_02/dev/dev_blendmeasure_wvt_patch
fixing up env_cubemap materials on brush sides...
0...1...2...3...4...5...6...7...8...9...100...1...2...3...4...5...6...7...8...9...10Processing areas...done (0)
Building Faces...done (0)
FixTjuncs...
PruneNodes...
WriteBSP...
done (0)
writing c:\program files (x86)\steam\steamapps\sourcemods\who\maps\list_02.prt...Building visibility clusters...
done (0)
Finding displacement neighbors...
Finding lightmap sample positions...
Displacement Alpha : 0...1...2...3...4...5...6...7...8...9...10
Building Physics collision data...
done (0) (4073 bytes)
Placing static props...
Placing detail props : 0...1...2...3...4...5...6...7...8...9...10
Compacting texture/material tables...
Reduced 47 texinfos to 14
Reduced 5 texdatas to 3 (132 bytes to 67)
Writing c:\program files (x86)\steam\steamapps\sourcemods\who\maps\list_02.bsp
0 seconds elapsed



4 threads
reading c:\program files (x86)\steam\steamapps\sourcemods\who\maps\list_02.bsp
reading c:\program files (x86)\steam\steamapps\sourcemods\who\maps\list_02.prt
   4 portalclusters
   4 numportals
0...1...2...3...4...5...6...7...8...9...100...1...2...3...4...5...6...7...8...9...10Optimized: 0 visible clusters (0.00%)
Total clusters visible: 16
Average clusters visible: 4
Building PAS...
Average clusters audible: 4
visdatasize:44  compressed from 64
writing c:\program files (x86)\steam\steamapps\sourcemods\who\maps\list_02.bsp
0 seconds elapsed



[Reading texlights from 'lights.rad']
[48 texlights parsed from 'lights.rad']

Loading c:\program files (x86)\steam\steamapps\sourcemods\who\maps\list_02.bsp
294 faces
33576 square feet [4835039.00 square inches]
0 Displacements
0 Square Feet [0.00 Square Inches]
294 patches before subdivision
29230 patches after subdivision
18 direct lights
0...1...2...3...4...5...6...7...8...9...100...1...2...3...4...5...6...7...8...9...10transfers 3219407, max 485
transfer lists:  24.6 megs
0...1...2...3...4...5...6...7...8...9...10	Bounce #1 added RGB(93230, 26207, 259)
0...1...2...3...4...5...6...7...8...9...10	Bounce #2 added RGB(105683, 8351, 1)
0...1...2...3...4...5...6...7...8...9...10	Bounce #3 added RGB(67102, 1491, 0)
0...1...2...3...4...5...6...7...8...9...10	Bounce #4 added RGB(53131, 332, 0)
0...1...2...3...4...5...6...7...8...9...10	Bounce #5 added RGB(39394, 69, 0)
0...1...2...3...4...5...6...7...8...9...10	Bounce #6 added RGB(30109, 15, 0)
0...1...2...3...4...5...6...7...8...9...10	Bounce #7 added RGB(22825, 3, 0)
0...1...2...3...4...5...6...7...8...9...10	Bounce #8 added RGB(17380, 1, 0)
0...1...2...3...4...5...6...7...8...9...10	Bounce #9 added RGB(13221, 0, 0)
0...1...2...3...4...5...6...7...8...9...10	Bounce #10 added RGB(10064, 0, 0)
0...1...2...3...4...5...6...7...8...9...10	Bounce #11 added RGB(7660, 0, 0)
0...1...2...3...4...5...6...7...8...9...10	Bounce #12 added RGB(5831, 0, 0)
0...1...2...3...4...5...6...7...8...9...10	Bounce #13 added RGB(4439, 0, 0)
0...1...2...3...4...5...6...7...8...9...10	Bounce #14 added RGB(3379, 0, 0)
0...1...2...3...4...5...6...7...8...9...10	Bounce #15 added RGB(2572, 0, 0)
0...1...2...3...4...5...6...7...8...9...10	Bounce #16 added RGB(1958, 0, 0)
0...1...2...3...4...5...6...7...8...9...10	Bounce #17 added RGB(1491, 0, 0)
0...1...2...3...4...5...6...7...8...9...10	Bounce #18 added RGB(1135, 0, 0)
0...1...2...3...4...5...6...7...8...9...10	Bounce #19 added RGB(864, 0, 0)
0...1...2...3...4...5...6...7...8...9...10	Bounce #20 added RGB(658, 0, 0)
0...1...2...3...4...5...6...7...8...9...10	Bounce #21 added RGB(501, 0, 0)
0...1...2...3...4...5...6...7...8...9...10	Bounce #22 added RGB(381, 0, 0)
0...1...2...3...4...5...6...7...8...9...10	Bounce #23 added RGB(290, 0, 0)
0...1...2...3...4...5...6...7...8...9...10	Bounce #24 added RGB(221, 0, 0)
0...1...2...3...4...5...6...7...8...9...10	Bounce #25 added RGB(168, 0, 0)
0...1...2...3...4...5...6...7...8...9...10	Bounce #26 added RGB(128, 0, 0)
0...1...2...3...4...5...6...7...8...9...10	Bounce #27 added RGB(97, 0, 0)
0...1...2...3...4...5...6...7...8...9...10	Bounce #28 added RGB(74, 0, 0)
0...1...2...3...4...5...6...7...8...9...10	Bounce #29 added RGB(56, 0, 0)
0...1...2...3...4...5...6...7...8...9...10	Bounce #30 added RGB(43, 0, 0)
0...1...2...3...4...5...6...7...8...9...10	Bounce #31 added RGB(33, 0, 0)
0...1...2...3...4...5...6...7...8...9...10	Bounce #32 added RGB(25, 0, 0)
0...1...2...3...4...5...6...7...8...9...10	Bounce #33 added RGB(19, 0, 0)
0...1...2...3...4...5...6...7...8...9...10	Bounce #34 added RGB(14, 0, 0)
0...1...2...3...4...5...6...7...8...9...10	Bounce #35 added RGB(11, 0, 0)
0...1...2...3...4...5...6...7...8...9...10	Bounce #36 added RGB(8, 0, 0)
0...1...2...3...4...5...6...7...8...9...10	Bounce #37 added RGB(6, 0, 0)
0...1...2...3...4...5...6...7...8...9...10	Bounce #38 added RGB(5, 0, 0)
0...1...2...3...4...5...6...7...8...9...10	Bounce #39 added RGB(4, 0, 0)
0...1...2...3...4...5...6...7...8...9...10	Bounce #40 added RGB(3, 0, 0)
0...1...2...3...4...5...6...7...8...9...10	Bounce #41 added RGB(2, 0, 0)
0...1...2...3...4...5...6...7...8...9...10	Bounce #42 added RGB(2, 0, 0)
0...1...2...3...4...5...6...7...8...9...10	Bounce #43 added RGB(1, 0, 0)
0...1...2...3...4...5...6...7...8...9...10	Bounce #44 added RGB(1, 0, 0)
Build Patch/Sample Hash Table(s).....Done<0.0086 sec>
0...1...2...3...4...5...6...7...8...9...10FinalLightFace Done
0 of 0 (0% of) surface lights went in leaf ambient cubes.
0...1...2...3...4...5...6...7...8...9...10Writing leaf ambient...done
Computing static prop lighting : 00...1...2...3...4...5...6...7...8...9...10
Ready to Finish

Object names       Objects/Maxobjs  Memory / Maxmem  Fullness 
------------       ---------------  ---------------  -------- 
models                   4/4096          192/196608   ( 0.1%) 
brushes                  9/32768         108/393216   ( 0.0%) 
brushsides              54/65536         432/524288   ( 0.1%) 
planes                 104/65536        2080/1310720  ( 0.2%) 
vertexes               357/65536        4284/786432   ( 0.5%) 
nodes                   45/65536        1440/2097152  ( 0.1%) 
texinfos                14/12288        1008/884736   ( 0.1%) 
texdata                  3/2048           96/65536    ( 0.1%) 
dispinfos                0/0               0/0        ( 0.0%) 
disp_verts               0/0               0/0        ( 0.0%) 
disp_tris                0/0               0/0        ( 0.0%) 
disp_lmsamples           0/0               0/0        ( 0.0%) 
faces                  294/65536       16464/3670016  ( 0.4%) 
hdr faces                0/65536           0/3670016  ( 0.0%) 
origfaces               24/65536        1344/3670016  ( 0.0%) 
leaves                  50/65536        1600/2097152  ( 0.1%) 
leaffaces              294/65536         588/131072   ( 0.4%) 
leafbrushes             23/65536          46/131072   ( 0.0%) 
areas                    2/1024           16/8192     ( 0.2%) 
surfedges             1332/512000       5328/2048000  ( 0.3%) 
edges                  679/256000       2716/1024000  ( 0.3%) 
LDR worldlights         18/16384        1584/1441792  ( 0.1%) 
HDR worldlights          0/16384           0/1441792  ( 0.0%) 
leafwaterdata            0/32768           0/393216   ( 0.0%) 
waterstrips              0/131072          0/1310720  ( 0.0%) 
waterverts               0/131072          0/1572864  ( 0.0%) 
waterindices             0/131072          0/262144   ( 0.0%) 
cubemapsamples           0/1024            0/16384    ( 0.0%) 
overlays                 0/1024            0/360448   ( 0.0%) 
LDR lightdata         [variable]      957988/0        ( 0.0%) 
HDR lightdata         [variable]           0/0        ( 0.0%) 
visdata               [variable]          44/16777216 ( 0.0%) 
entdata               [variable]        8382/393216   ( 2.1%) 
LDR ambient table       50/65536         200/262144   ( 0.1%) 
HDR ambient table       50/65536         200/262144   ( 0.1%) 
LDR leaf ambient        82/65536        2296/1835008  ( 0.1%) 
HDR leaf ambient        50/65536        1400/1835008  ( 0.1%) 
occluders                0/0               0/0        ( 0.0%) 
occluder polygons        0/0               0/0        ( 0.0%) 
occluder vert ind        0/0               0/0        ( 0.0%) 
detail props          [variable]           1/12       ( 8.3%) 
static props          [variable]           1/208      ( 0.5%) 
pakfile               [variable]       19933/0        ( 0.0%) 
physics               [variable]        4073/4194304  ( 0.1%) 
physics terrain       [variable]           2/1048576  ( 0.0%) 

Level flags = 1

Total triangle count: 648
Writing c:\program files (x86)\steam\steamapps\sourcemods\who\maps\list_02.bsp
3 seconds elapsed



[Reading texlights from 'lights.rad']
[48 texlights parsed from 'lights.rad']

Loading c:\program files (x86)\steam\steamapps\sourcemods\who\maps\list_02.bsp
294 faces
33576 square feet [4835039.00 square inches]
0 Displacements
0 Square Feet [0.00 Square Inches]
294 patches before subdivision
29230 patches after subdivision
18 direct lights
0...1...2...3...4...5...6...7...8...9...100...1...2...3...4...5...6...7...8...9...10transfers 3219407, max 485
transfer lists:  24.6 megs
0...1...2...3...4...5...6...7...8...9...10	Bounce #1 added RGB(93230, 26207, 259)
0...1...2...3...4...5...6...7...8...9...10	Bounce #2 added RGB(105683, 8351, 1)
0...1...2...3...4...5...6...7...8...9...10	Bounce #3 added RGB(67102, 1491, 0)
0...1...2...3...4...5...6...7...8...9...10	Bounce #4 added RGB(53131, 332, 0)
0...1...2...3...4...5...6...7...8...9...10	Bounce #5 added RGB(39394, 69, 0)
0...1...2...3...4...5...6...7...8...9...10	Bounce #6 added RGB(30109, 15, 0)
0...1...2...3...4...5...6...7...8...9...10	Bounce #7 added RGB(22825, 3, 0)
0...1...2...3...4...5...6...7...8...9...10	Bounce #8 added RGB(17380, 1, 0)
0...1...2...3...4...5...6...7...8...9...10	Bounce #9 added RGB(13221, 0, 0)
0...1...2...3...4...5...6...7...8...9...10	Bounce #10 added RGB(10064, 0, 0)
0...1...2...3...4...5...6...7...8...9...10	Bounce #11 added RGB(7660, 0, 0)
0...1...2...3...4...5...6...7...8...9...10	Bounce #12 added RGB(5831, 0, 0)
0...1...2...3...4...5...6...7...8...9...10	Bounce #13 added RGB(4439, 0, 0)
0...1...2...3...4...5...6...7...8...9...10	Bounce #14 added RGB(3379, 0, 0)
0...1...2...3...4...5...6...7...8...9...10	Bounce #15 added RGB(2572, 0, 0)
0...1...2...3...4...5...6...7...8...9...10	Bounce #16 added RGB(1958, 0, 0)
0...1...2...3...4...5...6...7...8...9...10	Bounce #17 added RGB(1491, 0, 0)
0...1...2...3...4...5...6...7...8...9...10	Bounce #18 added RGB(1135, 0, 0)
0...1...2...3...4...5...6...7...8...9...10	Bounce #19 added RGB(864, 0, 0)
0...1...2...3...4...5...6...7...8...9...10	Bounce #20 added RGB(658, 0, 0)
0...1...2...3...4...5...6...7...8...9...10	Bounce #21 added RGB(501, 0, 0)
0...1...2...3...4...5...6...7...8...9...10	Bounce #22 added RGB(381, 0, 0)
0...1...2...3...4...5...6...7...8...9...10	Bounce #23 added RGB(290, 0, 0)
0...1...2...3...4...5...6...7...8...9...10	Bounce #24 added RGB(221, 0, 0)
0...1...2...3...4...5...6...7...8...9...10	Bounce #25 added RGB(168, 0, 0)
0...1...2...3...4...5...6...7...8...9...10	Bounce #26 added RGB(128, 0, 0)
0...1...2...3...4...5...6...7...8...9...10	Bounce #27 added RGB(97, 0, 0)
0...1...2...3...4...5...6...7...8...9...10	Bounce #28 added RGB(74, 0, 0)
0...1...2...3...4...5...6...7...8...9...10	Bounce #29 added RGB(56, 0, 0)
0...1...2...3...4...5...6...7...8...9...10	Bounce #30 added RGB(43, 0, 0)
0...1...2...3...4...5...6...7...8...9...10	Bounce #31 added RGB(33, 0, 0)
0...1...2...3...4...5...6...7...8...9...10	Bounce #32 added RGB(25, 0, 0)
0...1...2...3...4...5...6...7...8...9...10	Bounce #33 added RGB(19, 0, 0)
0...1...2...3...4...5...6...7...8...9...10	Bounce #34 added RGB(14, 0, 0)
0...1...2...3...4...5...6...7...8...9...10	Bounce #35 added RGB(11, 0, 0)
0...1...2...3...4...5...6...7...8...9...10	Bounce #36 added RGB(8, 0, 0)
0...1...2...3...4...5...6...7...8...9...10	Bounce #37 added RGB(6, 0, 0)
0...1...2...3...4...5...6...7...8...9...10	Bounce #38 added RGB(5, 0, 0)
0...1...2...3...4...5...6...7...8...9...10	Bounce #39 added RGB(4, 0, 0)
0...1...2...3...4...5...6...7...8...9...10	Bounce #40 added RGB(3, 0, 0)
0...1...2...3...4...5...6...7...8...9...10	Bounce #41 added RGB(2, 0, 0)
0...1...2...3...4...5...6...7...8...9...10	Bounce #42 added RGB(2, 0, 0)
0...1...2...3...4...5...6...7...8...9...10	Bounce #43 added RGB(1, 0, 0)
0...1...2...3...4...5...6...7...8...9...10	Bounce #44 added RGB(1, 0, 0)
Build Patch/Sample Hash Table(s).....Done<0.0081 sec>
0...1...2...3...4...5...6...7...8...9...10FinalLightFace Done
0 of 0 (0% of) surface lights went in leaf ambient cubes.
0...1...2...3...4...5...6...7...8...9...10Writing leaf ambient...done
Computing static prop lighting : 00...1...2...3...4...5...6...7...8...9...10
Ready to Finish

Object names       Objects/Maxobjs  Memory / Maxmem  Fullness 
------------       ---------------  ---------------  -------- 
models                   4/4096          192/196608   ( 0.1%) 
brushes                  9/32768         108/393216   ( 0.0%) 
brushsides              54/65536         432/524288   ( 0.1%) 
planes                 104/65536        2080/1310720  ( 0.2%) 
vertexes               357/65536        4284/786432   ( 0.5%) 
nodes                   45/65536        1440/2097152  ( 0.1%) 
texinfos                14/12288        1008/884736   ( 0.1%) 
texdata                  3/2048           96/65536    ( 0.1%) 
dispinfos                0/0               0/0        ( 0.0%) 
disp_verts               0/0               0/0        ( 0.0%) 
disp_tris                0/0               0/0        ( 0.0%) 
disp_lmsamples           0/0               0/0        ( 0.0%) 
faces                  294/65536       16464/3670016  ( 0.4%) 
hdr faces              294/65536       16464/3670016  ( 0.4%) 
origfaces               24/65536        1344/3670016  ( 0.0%) 
leaves                  50/65536        1600/2097152  ( 0.1%) 
leaffaces              294/65536         588/131072   ( 0.4%) 
leafbrushes             23/65536          46/131072   ( 0.0%) 
areas                    2/1024           16/8192     ( 0.2%) 
surfedges             1332/512000       5328/2048000  ( 0.3%) 
edges                  679/256000       2716/1024000  ( 0.3%) 
LDR worldlights         18/16384        1584/1441792  ( 0.1%) 
HDR worldlights         18/16384        1584/1441792  ( 0.1%) 
leafwaterdata            0/32768           0/393216   ( 0.0%) 
waterstrips              0/131072          0/1310720  ( 0.0%) 
waterverts               0/131072          0/1572864  ( 0.0%) 
waterindices             0/131072          0/262144   ( 0.0%) 
cubemapsamples           0/1024            0/16384    ( 0.0%) 
overlays                 0/1024            0/360448   ( 0.0%) 
LDR lightdata         [variable]      957988/0        ( 0.0%) 
HDR lightdata         [variable]      957988/0        ( 0.0%) 
visdata               [variable]          44/16777216 ( 0.0%) 
entdata               [variable]        8382/393216   ( 2.1%) 
LDR ambient table       50/65536         200/262144   ( 0.1%) 
HDR ambient table       50/65536         200/262144   ( 0.1%) 
LDR leaf ambient        82/65536        2296/1835008  ( 0.1%) 
HDR leaf ambient        82/65536        2296/1835008  ( 0.1%) 
occluders                0/0               0/0        ( 0.0%) 
occluder polygons        0/0               0/0        ( 0.0%) 
occluder vert ind        0/0               0/0        ( 0.0%) 
detail props          [variable]           1/12       ( 8.3%) 
static props          [variable]           1/208      ( 0.5%) 
pakfile               [variable]       39489/0        ( 0.0%) 
physics               [variable]        4073/4194304  ( 0.1%) 
physics terrain       [variable]           2/1048576  ( 0.0%) 

Level flags = 3

Total triangle count: 648
Writing c:\program files (x86)\steam\steamapps\sourcemods\who\maps\list_02.bsp
3 seconds elapsed



materialPath: C:\Program Files (x86)\Steam\steamapps\sourcemods\who\materials
Loading c:\program files (x86)\steam\steamapps\sourcemods\who\maps\list_02.vmf
Patching WVT material: maps/list_02/dev/dev_blendmeasure_wvt_patch
fixing up env_cubemap materials on brush sides...
0...1...2...3...4...5...6...7...8...9...100...1...2...3...4...5...6...7...8...9...10Processing areas...done (0)
Building Faces...done (0)
FixTjuncs...
PruneNodes...
WriteBSP...
done (0)
writing c:\program files (x86)\steam\steamapps\sourcemods\who\maps\list_02.prt...Building visibility clusters...
done (0)
Finding displacement neighbors...
Finding lightmap sample positions...
Displacement Alpha : 0...1...2...3...4...5...6...7...8...9...10
Building Physics collision data...
done (0) (4073 bytes)
Placing static props...
Placing detail props : 0...1...2...3...4...5...6...7...8...9...10
Compacting texture/material tables...
Reduced 47 texinfos to 14
Reduced 5 texdatas to 3 (132 bytes to 67)
Writing c:\program files (x86)\steam\steamapps\sourcemods\who\maps\list_02.bsp
0 seconds elapsed



4 threads
reading c:\program files (x86)\steam\steamapps\sourcemods\who\maps\list_02.bsp
reading c:\program files (x86)\steam\steamapps\sourcemods\who\maps\list_02.prt
   4 portalclusters
   4 numportals
0...1...2...3...4...5...6...7...8...9...100...1...2...3...4...5...6...7...8...9...10Optimized: 0 visible clusters (0.00%)
Total clusters visible: 16
Average clusters visible: 4
Building PAS...
Average clusters audible: 4
visdatasize:44  compressed from 64
writing c:\program files (x86)\steam\steamapps\sourcemods\who\maps\list_02.bsp
0 seconds elapsed



[Reading texlights from 'lights.rad']
[48 texlights parsed from 'lights.rad']

Loading c:\program files (x86)\steam\steamapps\sourcemods\who\maps\list_02.bsp
294 faces
33576 square feet [4835039.00 square inches]
0 Displacements
0 Square Feet [0.00 Square Inches]
294 patches before subdivision
29230 patches after subdivision
18 direct lights
0...1...2...3...4...5...6...7...8...9...100...1...2...3...4...5...6...7...8...9...10transfers 3219407, max 485
transfer lists:  24.6 megs
0...1...2...3...4...5...6...7...8...9...10	Bounce #1 added RGB(93230, 26207, 259)
0...1...2...3...4...5...6...7...8...9...10	Bounce #2 added RGB(105683, 8351, 1)
0...1...2...3...4...5...6...7...8...9...10	Bounce #3 added RGB(67102, 1491, 0)
0...1...2...3...4...5...6...7...8...9...10	Bounce #4 added RGB(53131, 332, 0)
0...1...2...3...4...5...6...7...8...9...10	Bounce #5 added RGB(39394, 69, 0)
0...1...2...3...4...5...6...7...8...9...10	Bounce #6 added RGB(30109, 15, 0)
0...1...2...3...4...5...6...7...8...9...10	Bounce #7 added RGB(22825, 3, 0)
0...1...2...3...4...5...6...7...8...9...10	Bounce #8 added RGB(17380, 1, 0)
0...1...2...3...4...5...6...7...8...9...10	Bounce #9 added RGB(13221, 0, 0)
0...1...2...3...4...5...6...7...8...9...10	Bounce #10 added RGB(10064, 0, 0)
0...1...2...3...4...5...6...7...8...9...10	Bounce #11 added RGB(7660, 0, 0)
0...1...2...3...4...5...6...7...8...9...10	Bounce #12 added RGB(5831, 0, 0)
0...1...2...3...4...5...6...7...8...9...10	Bounce #13 added RGB(4439, 0, 0)
0...1...2...3...4...5...6...7...8...9...10	Bounce #14 added RGB(3379, 0, 0)
0...1...2...3...4...5...6...7...8...9...10	Bounce #15 added RGB(2572, 0, 0)
0...1...2...3...4...5...6...7...8...9...10	Bounce #16 added RGB(1958, 0, 0)
0...1...2...3...4...5...6...7...8...9...10	Bounce #17 added RGB(1491, 0, 0)
0...1...2...3...4...5...6...7...8...9...10	Bounce #18 added RGB(1135, 0, 0)
0...1...2...3...4...5...6...7...8...9...10	Bounce #19 added RGB(864, 0, 0)
0...1...2...3...4...5...6...7...8...9...10	Bounce #20 added RGB(658, 0, 0)
0...1...2...3...4...5...6...7...8...9...10	Bounce #21 added RGB(501, 0, 0)
0...1...2...3...4...5...6...7...8...9...10	Bounce #22 added RGB(381, 0, 0)
0...1...2...3...4...5...6...7...8...9...10	Bounce #23 added RGB(290, 0, 0)
0...1...2...3...4...5...6...7...8...9...10	Bounce #24 added RGB(221, 0, 0)
0...1...2...3...4...5...6...7...8...9...10	Bounce #25 added RGB(168, 0, 0)
0...1...2...3...4...5...6...7...8...9...10	Bounce #26 added RGB(128, 0, 0)
0...1...2...3...4...5...6...7...8...9...10	Bounce #27 added RGB(97, 0, 0)
0...1...2...3...4...5...6...7...8...9...10	Bounce #28 added RGB(74, 0, 0)
0...1...2...3...4...5...6...7...8...9...10	Bounce #29 added RGB(56, 0, 0)
0...1...2...3...4...5...6...7...8...9...10	Bounce #30 added RGB(43, 0, 0)
0...1...2...3...4...5...6...7...8...9...10	Bounce #31 added RGB(33, 0, 0)
0...1...2...3...4...5...6...7...8...9...10	Bounce #32 added RGB(25, 0, 0)
0...1...2...3...4...5...6...7...8...9...10	Bounce #33 added RGB(19, 0, 0)
0...1...2...3...4...5...6...7...8...9...10	Bounce #34 added RGB(14, 0, 0)
0...1...2...3...4...5...6...7...8...9...10	Bounce #35 added RGB(11, 0, 0)
0...1...2...3...4...5...6...7...8...9...10	Bounce #36 added RGB(8, 0, 0)
0...1...2...3...4...5...6...7...8...9...10	Bounce #37 added RGB(6, 0, 0)
0...1...2...3...4...5...6...7...8...9...10	Bounce #38 added RGB(5, 0, 0)
0...1...2...3...4...5...6...7...8...9...10	Bounce #39 added RGB(4, 0, 0)
0...1...2...3...4...5...6...7...8...9...10	Bounce #40 added RGB(3, 0, 0)
0...1...2...3...4...5...6...7...8...9...10	Bounce #41 added RGB(2, 0, 0)
0...1...2...3...4...5...6...7...8...9...10	Bounce #42 added RGB(2, 0, 0)
0...1...2...3...4...5...6...7...8...9...10	Bounce #43 added RGB(1, 0, 0)
0...1...2...3...4...5...6...7...8...9...10	Bounce #44 added RGB(1, 0, 0)
Build Patch/Sample Hash Table(s).....Done<0.0084 sec>
0...1...2...3...4...5...6...7...8...9...10FinalLightFace Done
0 of 0 (0% of) surface lights went in leaf ambient cubes.
0...1...2...3...4...5...6...7...8...9...10Writing leaf ambient...done
Computing static prop lighting : 00...1...2...3...4...5...6...7...8...9...10
Ready to Finish

Object names       Objects/Maxobjs  Memory / Maxmem  Fullness 
------------       ---------------  ---------------  -------- 
models                   4/4096          192/196608   ( 0.1%) 
brushes                  9/32768         108/393216   ( 0.0%) 
brushsides              54/65536         432/524288   ( 0.1%) 
planes                 104/65536        2080/1310720  ( 0.2%) 
vertexes               357/65536        4284/786432   ( 0.5%) 
nodes                   45/65536        1440/2097152  ( 0.1%) 
texinfos                14/12288        1008/884736   ( 0.1%) 
texdata                  3/2048           96/65536    ( 0.1%) 
dispinfos                0/0               0/0        ( 0.0%) 
disp_verts               0/0               0/0        ( 0.0%) 
disp_tris                0/0               0/0        ( 0.0%) 
disp_lmsamples           0/0               0/0        ( 0.0%) 
faces                  294/65536       16464/3670016  ( 0.4%) 
hdr faces                0/65536           0/3670016  ( 0.0%) 
origfaces               24/65536        1344/3670016  ( 0.0%) 
leaves                  50/65536        1600/2097152  ( 0.1%) 
leaffaces              294/65536         588/131072   ( 0.4%) 
leafbrushes             23/65536          46/131072   ( 0.0%) 
areas                    2/1024           16/8192     ( 0.2%) 
surfedges             1332/512000       5328/2048000  ( 0.3%) 
edges                  679/256000       2716/1024000  ( 0.3%) 
LDR worldlights         18/16384        1584/1441792  ( 0.1%) 
HDR worldlights          0/16384           0/1441792  ( 0.0%) 
leafwaterdata            0/32768           0/393216   ( 0.0%) 
waterstrips              0/131072          0/1310720  ( 0.0%) 
waterverts               0/131072          0/1572864  ( 0.0%) 
waterindices             0/131072          0/262144   ( 0.0%) 
cubemapsamples           0/1024            0/16384    ( 0.0%) 
overlays                 0/1024            0/360448   ( 0.0%) 
LDR lightdata         [variable]      957988/0        ( 0.0%) 
HDR lightdata         [variable]           0/0        ( 0.0%) 
visdata               [variable]          44/16777216 ( 0.0%) 
entdata               [variable]        8382/393216   ( 2.1%) 
LDR ambient table       50/65536         200/262144   ( 0.1%) 
HDR ambient table       50/65536         200/262144   ( 0.1%) 
LDR leaf ambient        82/65536        2296/1835008  ( 0.1%) 
HDR leaf ambient        50/65536        1400/1835008  ( 0.1%) 
occluders                0/0               0/0        ( 0.0%) 
occluder polygons        0/0               0/0        ( 0.0%) 
occluder vert ind        0/0               0/0        ( 0.0%) 
detail props          [variable]           1/12       ( 8.3%) 
static props          [variable]           1/208      ( 0.5%) 
pakfile               [variable]       19933/0        ( 0.0%) 
physics               [variable]        4073/4194304  ( 0.1%) 
physics terrain       [variable]           2/1048576  ( 0.0%) 

Level flags = 1

Total triangle count: 648
Writing c:\program files (x86)\steam\steamapps\sourcemods\who\maps\list_02.bsp
3 seconds elapsed



[Reading texlights from 'lights.rad']
[48 texlights parsed from 'lights.rad']

Loading c:\program files (x86)\steam\steamapps\sourcemods\who\maps\list_02.bsp
294 faces
33576 square feet [4835039.00 square inches]
0 Displacements
0 Square Feet [0.00 Square Inches]
294 patches before subdivision
29230 patches after subdivision
18 direct lights
0...1...2...3...4...5...6...7...8...9...100...1...2...3...4...5...6...7...8...9...10transfers 3219407, max 485
transfer lists:  24.6 megs
0...1...2...3...4...5...6...7...8...9...10	Bounce #1 added RGB(93230, 26207, 259)
0...1...2...3...4...5...6...7...8...9...10	Bounce #2 added RGB(105683, 8351, 1)
0...1...2...3...4...5...6...7...8...9...10	Bounce #3 added RGB(67102, 1491, 0)
0...1...2...3...4...5...6...7...8...9...10	Bounce #4 added RGB(53131, 332, 0)
0...1...2...3...4...5...6...7...8...9...10	Bounce #5 added RGB(39394, 69, 0)
0...1...2...3...4...5...6...7...8...9...10	Bounce #6 added RGB(30109, 15, 0)
0...1...2...3...4...5...6...7...8...9...10	Bounce #7 added RGB(22825, 3, 0)
0...1...2...3...4...5...6...7...8...9...10	Bounce #8 added RGB(17380, 1, 0)
0...1...2...3...4...5...6...7...8...9...10	Bounce #9 added RGB(13221, 0, 0)
0...1...2...3...4...5...6...7...8...9...10	Bounce #10 added RGB(10064, 0, 0)
0...1...2...3...4...5...6...7...8...9...10	Bounce #11 added RGB(7660, 0, 0)
0...1...2...3...4...5...6...7...8...9...10	Bounce #12 added RGB(5831, 0, 0)
0...1...2...3...4...5...6...7...8...9...10	Bounce #13 added RGB(4439, 0, 0)
0...1...2...3...4...5...6...7...8...9...10	Bounce #14 added RGB(3379, 0, 0)
0...1...2...3...4...5...6...7...8...9...10	Bounce #15 added RGB(2572, 0, 0)
0...1...2...3...4...5...6...7...8...9...10	Bounce #16 added RGB(1958, 0, 0)
0...1...2...3...4...5...6...7...8...9...10	Bounce #17 added RGB(1491, 0, 0)
0...1...2...3...4...5...6...7...8...9...10	Bounce #18 added RGB(1135, 0, 0)
0...1...2...3...4...5...6...7...8...9...10	Bounce #19 added RGB(864, 0, 0)
0...1...2...3...4...5...6...7...8...9...10	Bounce #20 added RGB(658, 0, 0)
0...1...2...3...4...5...6...7...8...9...10	Bounce #21 added RGB(501, 0, 0)
0...1...2...3...4...5...6...7...8...9...10	Bounce #22 added RGB(381, 0, 0)
0...1...2...3...4...5...6...7...8...9...10	Bounce #23 added RGB(290, 0, 0)
0...1...2...3...4...5...6...7...8...9...10	Bounce #24 added RGB(221, 0, 0)
0...1...2...3...4...5...6...7...8...9...10	Bounce #25 added RGB(168, 0, 0)
0...1...2...3...4...5...6...7...8...9...10	Bounce #26 added RGB(128, 0, 0)
0...1...2...3...4...5...6...7...8...9...10	Bounce #27 added RGB(97, 0, 0)
0...1...2...3...4...5...6...7...8...9...10	Bounce #28 added RGB(74, 0, 0)
0...1...2...3...4...5...6...7...8...9...10	Bounce #29 added RGB(56, 0, 0)
0...1...2...3...4...5...6...7...8...9...10	Bounce #30 added RGB(43, 0, 0)
0...1...2...3...4...5...6...7...8...9...10	Bounce #31 added RGB(33, 0, 0)
0...1...2...3...4...5...6...7...8...9...10	Bounce #32 added RGB(25, 0, 0)
0...1...2...3...4...5...6...7...8...9...10	Bounce #33 added RGB(19, 0, 0)
0...1...2...3...4...5...6...7...8...9...10	Bounce #34 added RGB(14, 0, 0)
0...1...2...3...4...5...6...7...8...9...10	Bounce #35 added RGB(11, 0, 0)
0...1...2...3...4...5...6...7...8...9...10	Bounce #36 added RGB(8, 0, 0)
0...1...2...3...4...5...6...7...8...9...10	Bounce #37 added RGB(6, 0, 0)
0...1...2...3...4...5...6...7...8...9...10	Bounce #38 added RGB(5, 0, 0)
0...1...2...3...4...5...6...7...8...9...10	Bounce #39 added RGB(4, 0, 0)
0...1...2...3...4...5...6...7...8...9...10	Bounce #40 added RGB(3, 0, 0)
0...1...2...3...4...5...6...7...8...9...10	Bounce #41 added RGB(2, 0, 0)
0...1...2...3...4...5...6...7...8...9...10	Bounce #42 added RGB(2, 0, 0)
0...1...2...3...4...5...6...7...8...9...10	Bounce #43 added RGB(1, 0, 0)
0...1...2...3...4...5...6...7...8...9...10	Bounce #44 added RGB(1, 0, 0)
Build Patch/Sample Hash Table(s).....Done<0.0076 sec>
0...1...2...3...4...5...6...7...8...9...10FinalLightFace Done
0 of 0 (0% of) surface lights went in leaf ambient cubes.
0...1...2...3...4...5...6...7...8...9...10Writing leaf ambient...done
Computing static prop lighting : 00...1...2...3...4...5...6...7...8...9...10
Ready to Finish

Object names       Objects/Maxobjs  Memory / Maxmem  Fullness 
------------       ---------------  ---------------  -------- 
models                   4/4096          192/196608   ( 0.1%) 
brushes                  9/32768         108/393216   ( 0.0%) 
brushsides              54/65536         432/524288   ( 0.1%) 
planes                 104/65536        2080/1310720  ( 0.2%) 
vertexes               357/65536        4284/786432   ( 0.5%) 
nodes                   45/65536        1440/2097152  ( 0.1%) 
texinfos                14/12288        1008/884736   ( 0.1%) 
texdata                  3/2048           96/65536    ( 0.1%) 
dispinfos                0/0               0/0        ( 0.0%) 
disp_verts               0/0               0/0        ( 0.0%) 
disp_tris                0/0               0/0        ( 0.0%) 
disp_lmsamples           0/0               0/0        ( 0.0%) 
faces                  294/65536       16464/3670016  ( 0.4%) 
hdr faces              294/65536       16464/3670016  ( 0.4%) 
origfaces               24/65536        1344/3670016  ( 0.0%) 
leaves                  50/65536        1600/2097152  ( 0.1%) 
leaffaces              294/65536         588/131072   ( 0.4%) 
leafbrushes             23/65536          46/131072   ( 0.0%) 
areas                    2/1024           16/8192     ( 0.2%) 
surfedges             1332/512000       5328/2048000  ( 0.3%) 
edges                  679/256000       2716/1024000  ( 0.3%) 
LDR worldlights         18/16384        1584/1441792  ( 0.1%) 
HDR worldlights         18/16384        1584/1441792  ( 0.1%) 
leafwaterdata            0/32768           0/393216   ( 0.0%) 
waterstrips              0/131072          0/1310720  ( 0.0%) 
waterverts               0/131072          0/1572864  ( 0.0%) 
waterindices             0/131072          0/262144   ( 0.0%) 
cubemapsamples           0/1024            0/16384    ( 0.0%) 
overlays                 0/1024            0/360448   ( 0.0%) 
LDR lightdata         [variable]      957988/0        ( 0.0%) 
HDR lightdata         [variable]      957988/0        ( 0.0%) 
visdata               [variable]          44/16777216 ( 0.0%) 
entdata               [variable]        8382/393216   ( 2.1%) 
LDR ambient table       50/65536         200/262144   ( 0.1%) 
HDR ambient table       50/65536         200/262144   ( 0.1%) 
LDR leaf ambient        82/65536        2296/1835008  ( 0.1%) 
HDR leaf ambient        82/65536        2296/1835008  ( 0.1%) 
occluders                0/0               0/0        ( 0.0%) 
occluder polygons        0/0               0/0        ( 0.0%) 
occluder vert ind        0/0               0/0        ( 0.0%) 
detail props          [variable]           1/12       ( 8.3%) 
static props          [variable]           1/208      ( 0.5%) 
pakfile               [variable]       39489/0        ( 0.0%) 
physics               [variable]        4073/4194304  ( 0.1%) 
physics terrain       [variable]           2/1048576  ( 0.0%) 

Level flags = 3

Total triangle count: 648
Writing c:\program files (x86)\steam\steamapps\sourcemods\who\maps\list_02.bsp
3 seconds elapsed



materialPath: C:\Program Files (x86)\Steam\steamapps\sourcemods\who\materials
Loading c:\program files (x86)\steam\steamapps\sourcemods\who\maps\list_02.vmf
Patching WVT material: maps/list_02/dev/dev_blendmeasure_wvt_patch
fixing up env_cubemap materials on brush sides...
0...1...2...3...4...5...6...7...8...9...100...1...2...3...4...5...6...7...8...9...10Processing areas...done (0)
Building Faces...done (0)
FixTjuncs...
PruneNodes...
WriteBSP...
done (0)
writing c:\program files (x86)\steam\steamapps\sourcemods\who\maps\list_02.prt...Building visibility clusters...
done (0)
Finding displacement neighbors...
Finding lightmap sample positions...
Displacement Alpha : 0...1...2...3...4...5...6...7...8...9...10
Building Physics collision data...
done (0) (4073 bytes)
Placing static props...
Placing detail props : 0...1...2...3...4...5...6...7...8...9...10
Compacting texture/material tables...
Reduced 47 texinfos to 14
Reduced 5 texdatas to 3 (132 bytes to 67)
Writing c:\program files (x86)\steam\steamapps\sourcemods\who\maps\list_02.bsp
0 seconds elapsed



4 threads
reading c:\program files (x86)\steam\steamapps\sourcemods\who\maps\list_02.bsp
reading c:\program files (x86)\steam\steamapps\sourcemods\who\maps\list_02.prt
   4 portalclusters
   4 numportals
0...1...2...3...4...5...6...7...8...9...100...1...2...3...4...5...6...7...8...9...10Optimized: 0 visible clusters (0.00%)
Total clusters visible: 16
Average clusters visible: 4
Building PAS...
Average clusters audible: 4
visdatasize:44  compressed from 64
writing c:\program files (x86)\steam\steamapps\sourcemods\who\maps\list_02.bsp
0 seconds elapsed



[Reading texlights from 'lights.rad']
[48 texlights parsed from 'lights.rad']

Loading c:\program files (x86)\steam\steamapps\sourcemods\who\maps\list_02.bsp
294 faces
33571 square feet [4834367.00 square inches]
0 Displacements
0 Square Feet [0.00 Square Inches]
294 patches before subdivision
29230 patches after subdivision
18 direct lights
0...1...2...3...4...5...6...7...8...9...100...1...2...3...4...5...6...7...8...9...10transfers 3218272, max 485
transfer lists:  24.6 megs
0...1...2...3...4...5...6...7...8...9...10	Bounce #1 added RGB(93194, 26197, 259)
0...1...2...3...4...5...6...7...8...9...10	Bounce #2 added RGB(105650, 8349, 1)
0...1...2...3...4...5...6...7...8...9...10	Bounce #3 added RGB(67081, 1490, 0)
0...1...2...3...4...5...6...7...8...9...10	Bounce #4 added RGB(53115, 332, 0)
0...1...2...3...4...5...6...7...8...9...10	Bounce #5 added RGB(39382, 69, 0)
0...1...2...3...4...5...6...7...8...9...10	Bounce #6 added RGB(30100, 15, 0)
0...1...2...3...4...5...6...7...8...9...10	Bounce #7 added RGB(22818, 3, 0)
0...1...2...3...4...5...6...7...8...9...10	Bounce #8 added RGB(17375, 1, 0)
0...1...2...3...4...5...6...7...8...9...10	Bounce #9 added RGB(13217, 0, 0)
0...1...2...3...4...5...6...7...8...9...10	Bounce #10 added RGB(10061, 0, 0)
0...1...2...3...4...5...6...7...8...9...10	Bounce #11 added RGB(7658, 0, 0)
0...1...2...3...4...5...6...7...8...9...10	Bounce #12 added RGB(5829, 0, 0)
0...1...2...3...4...5...6...7...8...9...10	Bounce #13 added RGB(4437, 0, 0)
0...1...2...3...4...5...6...7...8...9...10	Bounce #14 added RGB(3378, 0, 0)
0...1...2...3...4...5...6...7...8...9...10	Bounce #15 added RGB(2571, 0, 0)
0...1...2...3...4...5...6...7...8...9...10	Bounce #16 added RGB(1957, 0, 0)
0...1...2...3...4...5...6...7...8...9...10	Bounce #17 added RGB(1490, 0, 0)
0...1...2...3...4...5...6...7...8...9...10	Bounce #18 added RGB(1134, 0, 0)
0...1...2...3...4...5...6...7...8...9...10	Bounce #19 added RGB(864, 0, 0)
0...1...2...3...4...5...6...7...8...9...10	Bounce #20 added RGB(657, 0, 0)
0...1...2...3...4...5...6...7...8...9...10	Bounce #21 added RGB(500, 0, 0)
0...1...2...3...4...5...6...7...8...9...10	Bounce #22 added RGB(381, 0, 0)
0...1...2...3...4...5...6...7...8...9...10	Bounce #23 added RGB(290, 0, 0)
0...1...2...3...4...5...6...7...8...9...10	Bounce #24 added RGB(221, 0, 0)
0...1...2...3...4...5...6...7...8...9...10	Bounce #25 added RGB(168, 0, 0)
0...1...2...3...4...5...6...7...8...9...10	Bounce #26 added RGB(128, 0, 0)
0...1...2...3...4...5...6...7...8...9...10	Bounce #27 added RGB(97, 0, 0)
0...1...2...3...4...5...6...7...8...9...10	Bounce #28 added RGB(74, 0, 0)
0...1...2...3...4...5...6...7...8...9...10	Bounce #29 added RGB(56, 0, 0)
0...1...2...3...4...5...6...7...8...9...10	Bounce #30 added RGB(43, 0, 0)
0...1...2...3...4...5...6...7...8...9...10	Bounce #31 added RGB(33, 0, 0)
0...1...2...3...4...5...6...7...8...9...10	Bounce #32 added RGB(25, 0, 0)
0...1...2...3...4...5...6...7...8...9...10	Bounce #33 added RGB(19, 0, 0)
0...1...2...3...4...5...6...7...8...9...10	Bounce #34 added RGB(14, 0, 0)
0...1...2...3...4...5...6...7...8...9...10	Bounce #35 added RGB(11, 0, 0)
0...1...2...3...4...5...6...7...8...9...10	Bounce #36 added RGB(8, 0, 0)
0...1...2...3...4...5...6...7...8...9...10	Bounce #37 added RGB(6, 0, 0)
0...1...2...3...4...5...6...7...8...9...10	Bounce #38 added RGB(5, 0, 0)
0...1...2...3...4...5...6...7...8...9...10	Bounce #39 added RGB(4, 0, 0)
0...1...2...3...4...5...6...7...8...9...10	Bounce #40 added RGB(3, 0, 0)
0...1...2...3...4...5...6...7...8...9...10	Bounce #41 added RGB(2, 0, 0)
0...1...2...3...4...5...6...7...8...9...10	Bounce #42 added RGB(2, 0, 0)
0...1...2...3...4...5...6...7...8...9...10	Bounce #43 added RGB(1, 0, 0)
0...1...2...3...4...5...6...7...8...9...10	Bounce #44 added RGB(1, 0, 0)
Build Patch/Sample Hash Table(s).....Done<0.0128 sec>
0...1...2...3...4...5...6...7...8...9...10FinalLightFace Done
0 of 0 (0% of) surface lights went in leaf ambient cubes.
0...1...2...3...4...5...6...7...8...9...10Writing leaf ambient...done
Computing static prop lighting : 00...1...2...3...4...5...6...7...8...9...10
Ready to Finish

Object names       Objects/Maxobjs  Memory / Maxmem  Fullness 
------------       ---------------  ---------------  -------- 
models                   4/4096          192/196608   ( 0.1%) 
brushes                  9/32768         108/393216   ( 0.0%) 
brushsides              54/65536         432/524288   ( 0.1%) 
planes                 106/65536        2120/1310720  ( 0.2%) 
vertexes               357/65536        4284/786432   ( 0.5%) 
nodes                   45/65536        1440/2097152  ( 0.1%) 
texinfos                14/12288        1008/884736   ( 0.1%) 
texdata                  3/2048           96/65536    ( 0.1%) 
dispinfos                0/0               0/0        ( 0.0%) 
disp_verts               0/0               0/0        ( 0.0%) 
disp_tris                0/0               0/0        ( 0.0%) 
disp_lmsamples           0/0               0/0        ( 0.0%) 
faces                  294/65536       16464/3670016  ( 0.4%) 
hdr faces                0/65536           0/3670016  ( 0.0%) 
origfaces               24/65536        1344/3670016  ( 0.0%) 
leaves                  50/65536        1600/2097152  ( 0.1%) 
leaffaces              294/65536         588/131072   ( 0.4%) 
leafbrushes             23/65536          46/131072   ( 0.0%) 
areas                    2/1024           16/8192     ( 0.2%) 
surfedges             1332/512000       5328/2048000  ( 0.3%) 
edges                  679/256000       2716/1024000  ( 0.3%) 
LDR worldlights         18/16384        1584/1441792  ( 0.1%) 
HDR worldlights          0/16384           0/1441792  ( 0.0%) 
leafwaterdata            0/32768           0/393216   ( 0.0%) 
waterstrips              0/131072          0/1310720  ( 0.0%) 
waterverts               0/131072          0/1572864  ( 0.0%) 
waterindices             0/131072          0/262144   ( 0.0%) 
cubemapsamples           0/1024            0/16384    ( 0.0%) 
overlays                 0/1024            0/360448   ( 0.0%) 
LDR lightdata         [variable]      957988/0        ( 0.0%) 
HDR lightdata         [variable]           0/0        ( 0.0%) 
visdata               [variable]          44/16777216 ( 0.0%) 
entdata               [variable]        8562/393216   ( 2.2%) 
LDR ambient table       50/65536         200/262144   ( 0.1%) 
HDR ambient table       50/65536         200/262144   ( 0.1%) 
LDR leaf ambient        82/65536        2296/1835008  ( 0.1%) 
HDR leaf ambient        50/65536        1400/1835008  ( 0.1%) 
occluders                0/0               0/0        ( 0.0%) 
occluder polygons        0/0               0/0        ( 0.0%) 
occluder vert ind        0/0               0/0        ( 0.0%) 
detail props          [variable]           1/12       ( 8.3%) 
static props          [variable]           1/208      ( 0.5%) 
pakfile               [variable]       19933/0        ( 0.0%) 
physics               [variable]        4073/4194304  ( 0.1%) 
physics terrain       [variable]           2/1048576  ( 0.0%) 

Level flags = 1

Total triangle count: 648
Writing c:\program files (x86)\steam\steamapps\sourcemods\who\maps\list_02.bsp
3 seconds elapsed



[Reading texlights from 'lights.rad']
[48 texlights parsed from 'lights.rad']

Loading c:\program files (x86)\steam\steamapps\sourcemods\who\maps\list_02.bsp
294 faces
33571 square feet [4834367.00 square inches]
0 Displacements
0 Square Feet [0.00 Square Inches]
294 patches before subdivision
29230 patches after subdivision
18 direct lights
0...1...2...3...4...5...6...7...8...9...100...1...2...3...4...5...6...7...8...9...10transfers 3218272, max 485
transfer lists:  24.6 megs
0...1...2...3...4...5...6...7...8...9...10	Bounce #1 added RGB(93194, 26197, 259)
0...1...2...3...4...5...6...7...8...9...10	Bounce #2 added RGB(105650, 8349, 1)
0...1...2...3...4...5...6...7...8...9...10	Bounce #3 added RGB(67081, 1490, 0)
0...1...2...3...4...5...6...7...8...9...10	Bounce #4 added RGB(53115, 332, 0)
0...1...2...3...4...5...6...7...8...9...10	Bounce #5 added RGB(39382, 69, 0)
0...1...2...3...4...5...6...7...8...9...10	Bounce #6 added RGB(30100, 15, 0)
0...1...2...3...4...5...6...7...8...9...10	Bounce #7 added RGB(22818, 3, 0)
0...1...2...3...4...5...6...7...8...9...10	Bounce #8 added RGB(17375, 1, 0)
0...1...2...3...4...5...6...7...8...9...10	Bounce #9 added RGB(13217, 0, 0)
0...1...2...3...4...5...6...7...8...9...10	Bounce #10 added RGB(10061, 0, 0)
0...1...2...3...4...5...6...7...8...9...10	Bounce #11 added RGB(7658, 0, 0)
0...1...2...3...4...5...6...7...8...9...10	Bounce #12 added RGB(5829, 0, 0)
0...1...2...3...4...5...6...7...8...9...10	Bounce #13 added RGB(4437, 0, 0)
0...1...2...3...4...5...6...7...8...9...10	Bounce #14 added RGB(3378, 0, 0)
0...1...2...3...4...5...6...7...8...9...10	Bounce #15 added RGB(2571, 0, 0)
0...1...2...3...4...5...6...7...8...9...10	Bounce #16 added RGB(1957, 0, 0)
0...1...2...3...4...5...6...7...8...9...10	Bounce #17 added RGB(1490, 0, 0)
0...1...2...3...4...5...6...7...8...9...10	Bounce #18 added RGB(1134, 0, 0)
0...1...2...3...4...5...6...7...8...9...10	Bounce #19 added RGB(864, 0, 0)
0...1...2...3...4...5...6...7...8...9...10	Bounce #20 added RGB(657, 0, 0)
0...1...2...3...4...5...6...7...8...9...10	Bounce #21 added RGB(500, 0, 0)
0...1...2...3...4...5...6...7...8...9...10	Bounce #22 added RGB(381, 0, 0)
0...1...2...3...4...5...6...7...8...9...10	Bounce #23 added RGB(290, 0, 0)
0...1...2...3...4...5...6...7...8...9...10	Bounce #24 added RGB(221, 0, 0)
0...1...2...3...4...5...6...7...8...9...10	Bounce #25 added RGB(168, 0, 0)
0...1...2...3...4...5...6...7...8...9...10	Bounce #26 added RGB(128, 0, 0)
0...1...2...3...4...5...6...7...8...9...10	Bounce #27 added RGB(97, 0, 0)
0...1...2...3...4...5...6...7...8...9...10	Bounce #28 added RGB(74, 0, 0)
0...1...2...3...4...5...6...7...8...9...10	Bounce #29 added RGB(56, 0, 0)
0...1...2...3...4...5...6...7...8...9...10	Bounce #30 added RGB(43, 0, 0)
0...1...2...3...4...5...6...7...8...9...10	Bounce #31 added RGB(33, 0, 0)
0...1...2...3...4...5...6...7...8...9...10	Bounce #32 added RGB(25, 0, 0)
0...1...2...3...4...5...6...7...8...9...10	Bounce #33 added RGB(19, 0, 0)
0...1...2...3...4...5...6...7...8...9...10	Bounce #34 added RGB(14, 0, 0)
0...1...2...3...4...5...6...7...8...9...10	Bounce #35 added RGB(11, 0, 0)
0...1...2...3...4...5...6...7...8...9...10	Bounce #36 added RGB(8, 0, 0)
0...1...2...3...4...5...6...7...8...9...10	Bounce #37 added RGB(6, 0, 0)
0...1...2...3...4...5...6...7...8...9...10	Bounce #38 added RGB(5, 0, 0)
0...1...2...3...4...5...6...7...8...9...10	Bounce #39 added RGB(4, 0, 0)
0...1...2...3...4...5...6...7...8...9...10	Bounce #40 added RGB(3, 0, 0)
0...1...2...3...4...5...6...7...8...9...10	Bounce #41 added RGB(2, 0, 0)
0...1...2...3...4...5...6...7...8...9...10	Bounce #42 added RGB(2, 0, 0)
0...1...2...3...4...5...6...7...8...9...10	Bounce #43 added RGB(1, 0, 0)
0...1...2...3...4...5...6...7...8...9...10	Bounce #44 added RGB(1, 0, 0)
Build Patch/Sample Hash Table(s).....Done<0.0081 sec>
0...1...2...3...4...5...6...7...8...9...10FinalLightFace Done
0 of 0 (0% of) surface lights went in leaf ambient cubes.
0...1...2...3...4...5...6...7...8...9...10Writing leaf ambient...done
Computing static prop lighting : 00...1...2...3...4...5...6...7...8...9...10
Ready to Finish

Object names       Objects/Maxobjs  Memory / Maxmem  Fullness 
------------       ---------------  ---------------  -------- 
models                   4/4096          192/196608   ( 0.1%) 
brushes                  9/32768         108/393216   ( 0.0%) 
brushsides              54/65536         432/524288   ( 0.1%) 
planes                 106/65536        2120/1310720  ( 0.2%) 
vertexes               357/65536        4284/786432   ( 0.5%) 
nodes                   45/65536        1440/2097152  ( 0.1%) 
texinfos                14/12288        1008/884736   ( 0.1%) 
texdata                  3/2048           96/65536    ( 0.1%) 
dispinfos                0/0               0/0        ( 0.0%) 
disp_verts               0/0               0/0        ( 0.0%) 
disp_tris                0/0               0/0        ( 0.0%) 
disp_lmsamples           0/0               0/0        ( 0.0%) 
faces                  294/65536       16464/3670016  ( 0.4%) 
hdr faces              294/65536       16464/3670016  ( 0.4%) 
origfaces               24/65536        1344/3670016  ( 0.0%) 
leaves                  50/65536        1600/2097152  ( 0.1%) 
leaffaces              294/65536         588/131072   ( 0.4%) 
leafbrushes             23/65536          46/131072   ( 0.0%) 
areas                    2/1024           16/8192     ( 0.2%) 
surfedges             1332/512000       5328/2048000  ( 0.3%) 
edges                  679/256000       2716/1024000  ( 0.3%) 
LDR worldlights         18/16384        1584/1441792  ( 0.1%) 
HDR worldlights         18/16384        1584/1441792  ( 0.1%) 
leafwaterdata            0/32768           0/393216   ( 0.0%) 
waterstrips              0/131072          0/1310720  ( 0.0%) 
waterverts               0/131072          0/1572864  ( 0.0%) 
waterindices             0/131072          0/262144   ( 0.0%) 
cubemapsamples           0/1024            0/16384    ( 0.0%) 
overlays                 0/1024            0/360448   ( 0.0%) 
LDR lightdata         [variable]      957988/0        ( 0.0%) 
HDR lightdata         [variable]      957988/0        ( 0.0%) 
visdata               [variable]          44/16777216 ( 0.0%) 
entdata               [variable]        8562/393216   ( 2.2%) 
LDR ambient table       50/65536         200/262144   ( 0.1%) 
HDR ambient table       50/65536         200/262144   ( 0.1%) 
LDR leaf ambient        82/65536        2296/1835008  ( 0.1%) 
HDR leaf ambient        82/65536        2296/1835008  ( 0.1%) 
occluders                0/0               0/0        ( 0.0%) 
occluder polygons        0/0               0/0        ( 0.0%) 
occluder vert ind        0/0               0/0        ( 0.0%) 
detail props          [variable]           1/12       ( 8.3%) 
static props          [variable]           1/208      ( 0.5%) 
pakfile               [variable]       39489/0        ( 0.0%) 
physics               [variable]        4073/4194304  ( 0.1%) 
physics terrain       [variable]           2/1048576  ( 0.0%) 

Level flags = 3

Total triangle count: 648
Writing c:\program files (x86)\steam\steamapps\sourcemods\who\maps\list_02.bsp
3 seconds elapsed



materialPath: C:\Program Files (x86)\Steam\steamapps\sourcemods\who\materials
Loading c:\program files (x86)\steam\steamapps\sourcemods\who\maps\list_02.vmf
Patching WVT material: maps/list_02/dev/dev_blendmeasure_wvt_patch
fixing up env_cubemap materials on brush sides...
0...1...2...3...4...5...6...7...8...9...100...1...2...3...4...5...6...7...8...9...10Processing areas...done (0)
Building Faces...done (0)
FixTjuncs...
PruneNodes...
WriteBSP...
done (0)
writing c:\program files (x86)\steam\steamapps\sourcemods\who\maps\list_02.prt...Building visibility clusters...
done (0)
Finding displacement neighbors...
Finding lightmap sample positions...
Displacement Alpha : 0...1...2...3...4...5...6...7...8...9...10
Building Physics collision data...
done (0) (4073 bytes)
Placing static props...
Placing detail props : 0...1...2...3...4...5...6...7...8...9...10
Compacting texture/material tables...
Reduced 47 texinfos to 14
Reduced 5 texdatas to 3 (132 bytes to 67)
Writing c:\program files (x86)\steam\steamapps\sourcemods\who\maps\list_02.bsp
0 seconds elapsed



4 threads
reading c:\program files (x86)\steam\steamapps\sourcemods\who\maps\list_02.bsp
reading c:\program files (x86)\steam\steamapps\sourcemods\who\maps\list_02.prt
   4 portalclusters
   4 numportals
0...1...2...3...4...5...6...7...8...9...100...1...2...3...4...5...6...7...8...9...10Optimized: 0 visible clusters (0.00%)
Total clusters visible: 16
Average clusters visible: 4
Building PAS...
Average clusters audible: 4
visdatasize:44  compressed from 64
writing c:\program files (x86)\steam\steamapps\sourcemods\who\maps\list_02.bsp
0 seconds elapsed



[Reading texlights from 'lights.rad']
[48 texlights parsed from 'lights.rad']

Loading c:\program files (x86)\steam\steamapps\sourcemods\who\maps\list_02.bsp
294 faces
33571 square feet [4834367.00 square inches]
0 Displacements
0 Square Feet [0.00 Square Inches]
294 patches before subdivision
29230 patches after subdivision
18 direct lights
0...1...2...3...4...5...6...7...8...9...100...1...2...3...4...5...6...7...8...9...10transfers 3333469, max 506
transfer lists:  25.4 megs
0...1...2...3...4...5...6...7...8...9...10	Bounce #1 added RGB(125507, 35281, 349)
0...1...2...3...4...5...6...7...8...9...10	Bounce #2 added RGB(154353, 12197, 1)
0...1...2...3...4...5...6...7...8...9...10	Bounce #3 added RGB(98608, 2190, 0)
0...1...2...3...4...5...6...7...8...9...10	Bounce #4 added RGB(78830, 492, 0)
0...1...2...3...4...5...6...7...8...9...10	Bounce #5 added RGB(58821, 103, 0)
0...1...2...3...4...5...6...7...8...9...10	Bounce #6 added RGB(45217, 22, 0)
0...1...2...3...4...5...6...7...8...9...10	Bounce #7 added RGB(34460, 5, 0)
0...1...2...3...4...5...6...7...8...9...10	Bounce #8 added RGB(26374, 1, 0)
0...1...2...3...4...5...6...7...8...9...10	Bounce #9 added RGB(20164, 0, 0)
0...1...2...3...4...5...6...7...8...9...10	Bounce #10 added RGB(15426, 0, 0)
0...1...2...3...4...5...6...7...8...9...10	Bounce #11 added RGB(11800, 0, 0)
0...1...2...3...4...5...6...7...8...9...10	Bounce #12 added RGB(9027, 0, 0)
0...1...2...3...4...5...6...7...8...9...10	Bounce #13 added RGB(6906, 0, 0)
0...1...2...3...4...5...6...7...8...9...10	Bounce #14 added RGB(5283, 0, 0)
0...1...2...3...4...5...6...7...8...9...10	Bounce #15 added RGB(4041, 0, 0)
0...1...2...3...4...5...6...7...8...9...10	Bounce #16 added RGB(3092, 0, 0)
0...1...2...3...4...5...6...7...8...9...10	Bounce #17 added RGB(2365, 0, 0)
0...1...2...3...4...5...6...7...8...9...10	Bounce #18 added RGB(1809, 0, 0)
0...1...2...3...4...5...6...7...8...9...10	Bounce #19 added RGB(1384, 0, 0)
0...1...2...3...4...5...6...7...8...9...10	Bounce #20 added RGB(1059, 0, 0)
0...1...2...3...4...5...6...7...8...9...10	Bounce #21 added RGB(810, 0, 0)
0...1...2...3...4...5...6...7...8...9...10	Bounce #22 added RGB(620, 0, 0)
0...1...2...3...4...5...6...7...8...9...10	Bounce #23 added RGB(474, 0, 0)
0...1...2...3...4...5...6...7...8...9...10	Bounce #24 added RGB(363, 0, 0)
0...1...2...3...4...5...6...7...8...9...10	Bounce #25 added RGB(277, 0, 0)
0...1...2...3...4...5...6...7...8...9...10	Bounce #26 added RGB(212, 0, 0)
0...1...2...3...4...5...6...7...8...9...10	Bounce #27 added RGB(162, 0, 0)
0...1...2...3...4...5...6...7...8...9...10	Bounce #28 added RGB(124, 0, 0)
0...1...2...3...4...5...6...7...8...9...10	Bounce #29 added RGB(95, 0, 0)
0...1...2...3...4...5...6...7...8...9...10	Bounce #30 added RGB(73, 0, 0)
0...1...2...3...4...5...6...7...8...9...10	Bounce #31 added RGB(56, 0, 0)
0...1...2...3...4...5...6...7...8...9...10	Bounce #32 added RGB(43, 0, 0)
0...1...2...3...4...5...6...7...8...9...10	Bounce #33 added RGB(33, 0, 0)
0...1...2...3...4...5...6...7...8...9...10	Bounce #34 added RGB(25, 0, 0)
0...1...2...3...4...5...6...7...8...9...10	Bounce #35 added RGB(19, 0, 0)
0...1...2...3...4...5...6...7...8...9...10	Bounce #36 added RGB(15, 0, 0)
0...1...2...3...4...5...6...7...8...9...10	Bounce #37 added RGB(11, 0, 0)
0...1...2...3...4...5...6...7...8...9...10	Bounce #38 added RGB(9, 0, 0)
0...1...2...3...4...5...6...7...8...9...10	Bounce #39 added RGB(7, 0, 0)
0...1...2...3...4...5...6...7...8...9...10	Bounce #40 added RGB(5, 0, 0)
0...1...2...3...4...5...6...7...8...9...10	Bounce #41 added RGB(4, 0, 0)
0...1...2...3...4...5...6...7...8...9...10	Bounce #42 added RGB(3, 0, 0)
0...1...2...3...4...5...6...7...8...9...10	Bounce #43 added RGB(2, 0, 0)
0...1...2...3...4...5...6...7...8...9...10	Bounce #44 added RGB(2, 0, 0)
0...1...2...3...4...5...6...7...8...9...10	Bounce #45 added RGB(1, 0, 0)
0...1...2...3...4...5...6...7...8...9...10	Bounce #46 added RGB(1, 0, 0)
0...1...2...3...4...5...6...7...8...9...10	Bounce #47 added RGB(1, 0, 0)
Build Patch/Sample Hash Table(s).....Done<0.0089 sec>
0...1...2...3...4...5...6...7...8...9...10FinalLightFace Done
0 of 0 (0% of) surface lights went in leaf ambient cubes.
0...1...2...3...4...5...6...7...8...9...10Writing leaf ambient...done
Ready to Finish

Object names       Objects/Maxobjs  Memory / Maxmem  Fullness 
------------       ---------------  ---------------  -------- 
models                   4/4096          192/196608   ( 0.1%) 
brushes                  9/32768         108/393216   ( 0.0%) 
brushsides              54/65536         432/524288   ( 0.1%) 
planes                 106/65536        2120/1310720  ( 0.2%) 
vertexes               357/65536        4284/786432   ( 0.5%) 
nodes                   45/65536        1440/2097152  ( 0.1%) 
texinfos                14/12288        1008/884736   ( 0.1%) 
texdata                  3/2048           96/65536    ( 0.1%) 
dispinfos                0/0               0/0        ( 0.0%) 
disp_verts               0/0               0/0        ( 0.0%) 
disp_tris                0/0               0/0        ( 0.0%) 
disp_lmsamples           0/0               0/0        ( 0.0%) 
faces                  294/65536       16464/3670016  ( 0.4%) 
hdr faces                0/65536           0/3670016  ( 0.0%) 
origfaces               24/65536        1344/3670016  ( 0.0%) 
leaves                  50/65536        1600/2097152  ( 0.1%) 
leaffaces              294/65536         588/131072   ( 0.4%) 
leafbrushes             23/65536          46/131072   ( 0.0%) 
areas                    2/1024           16/8192     ( 0.2%) 
surfedges             1332/512000       5328/2048000  ( 0.3%) 
edges                  679/256000       2716/1024000  ( 0.3%) 
LDR worldlights         18/16384        1584/1441792  ( 0.1%) 
HDR worldlights          0/16384           0/1441792  ( 0.0%) 
leafwaterdata            0/32768           0/393216   ( 0.0%) 
waterstrips              0/131072          0/1310720  ( 0.0%) 
waterverts               0/131072          0/1572864  ( 0.0%) 
waterindices             0/131072          0/262144   ( 0.0%) 
cubemapsamples           0/1024            0/16384    ( 0.0%) 
overlays                 0/1024            0/360448   ( 0.0%) 
LDR lightdata         [variable]      957988/0        ( 0.0%) 
HDR lightdata         [variable]           0/0        ( 0.0%) 
visdata               [variable]          44/16777216 ( 0.0%) 
entdata               [variable]        8562/393216   ( 2.2%) 
LDR ambient table       50/65536         200/262144   ( 0.1%) 
HDR ambient table       50/65536         200/262144   ( 0.1%) 
LDR leaf ambient        82/65536        2296/1835008  ( 0.1%) 
HDR leaf ambient        50/65536        1400/1835008  ( 0.1%) 
occluders                0/0               0/0        ( 0.0%) 
occluder polygons        0/0               0/0        ( 0.0%) 
occluder vert ind        0/0               0/0        ( 0.0%) 
detail props          [variable]           1/12       ( 8.3%) 
static props          [variable]           1/12       ( 8.3%) 
pakfile               [variable]         385/0        ( 0.0%) 
physics               [variable]        4073/4194304  ( 0.1%) 
physics terrain       [variable]           2/1048576  ( 0.0%) 

Level flags = 1

Total triangle count: 648
Writing c:\program files (x86)\steam\steamapps\sourcemods\who\maps\list_02.bsp
2 seconds elapsed



[Reading texlights from 'lights.rad']
[48 texlights parsed from 'lights.rad']

Loading c:\program files (x86)\steam\steamapps\sourcemods\who\maps\list_02.bsp
294 faces
33571 square feet [4834367.00 square inches]
0 Displacements
0 Square Feet [0.00 Square Inches]
294 patches before subdivision
29230 patches after subdivision
18 direct lights
0...1...2...3...4...5...6...7...8...9...100...1...2...3...4...5...6...7...8...9...10transfers 3333469, max 506
transfer lists:  25.4 megs
0...1...2...3...4...5...6...7...8...9...10	Bounce #1 added RGB(125507, 35281, 349)
0...1...2...3...4...5...6...7...8...9...10	Bounce #2 added RGB(154353, 12197, 1)
0...1...2...3...4...5...6...7...8...9...10	Bounce #3 added RGB(98608, 2190, 0)
0...1...2...3...4...5...6...7...8...9...10	Bounce #4 added RGB(78830, 492, 0)
0...1...2...3...4...5...6...7...8...9...10	Bounce #5 added RGB(58821, 103, 0)
0...1...2...3...4...5...6...7...8...9...10	Bounce #6 added RGB(45217, 22, 0)
0...1...2...3...4...5...6...7...8...9...10	Bounce #7 added RGB(34460, 5, 0)
0...1...2...3...4...5...6...7...8...9...10	Bounce #8 added RGB(26374, 1, 0)
0...1...2...3...4...5...6...7...8...9...10	Bounce #9 added RGB(20164, 0, 0)
0...1...2...3...4...5...6...7...8...9...10	Bounce #10 added RGB(15426, 0, 0)
0...1...2...3...4...5...6...7...8...9...10	Bounce #11 added RGB(11800, 0, 0)
0...1...2...3...4...5...6...7...8...9...10	Bounce #12 added RGB(9027, 0, 0)
0...1...2...3...4...5...6...7...8...9...10	Bounce #13 added RGB(6906, 0, 0)
0...1...2...3...4...5...6...7...8...9...10	Bounce #14 added RGB(5283, 0, 0)
0...1...2...3...4...5...6...7...8...9...10	Bounce #15 added RGB(4041, 0, 0)
0...1...2...3...4...5...6...7...8...9...10	Bounce #16 added RGB(3092, 0, 0)
0...1...2...3...4...5...6...7...8...9...10	Bounce #17 added RGB(2365, 0, 0)
0...1...2...3...4...5...6...7...8...9...10	Bounce #18 added RGB(1809, 0, 0)
0...1...2...3...4...5...6...7...8...9...10	Bounce #19 added RGB(1384, 0, 0)
0...1...2...3...4...5...6...7...8...9...10	Bounce #20 added RGB(1059, 0, 0)
0...1...2...3...4...5...6...7...8...9...10	Bounce #21 added RGB(810, 0, 0)
0...1...2...3...4...5...6...7...8...9...10	Bounce #22 added RGB(620, 0, 0)
0...1...2...3...4...5...6...7...8...9...10	Bounce #23 added RGB(474, 0, 0)
0...1...2...3...4...5...6...7...8...9...10	Bounce #24 added RGB(363, 0, 0)
0...1...2...3...4...5...6...7...8...9...10	Bounce #25 added RGB(277, 0, 0)
0...1...2...3...4...5...6...7...8...9...10	Bounce #26 added RGB(212, 0, 0)
0...1...2...3...4...5...6...7...8...9...10	Bounce #27 added RGB(162, 0, 0)
0...1...2...3...4...5...6...7...8...9...10	Bounce #28 added RGB(124, 0, 0)
0...1...2...3...4...5...6...7...8...9...10	Bounce #29 added RGB(95, 0, 0)
0...1...2...3...4...5...6...7...8...9...10	Bounce #30 added RGB(73, 0, 0)
0...1...2...3...4...5...6...7...8...9...10	Bounce #31 added RGB(56, 0, 0)
0...1...2...3...4...5...6...7...8...9...10	Bounce #32 added RGB(43, 0, 0)
0...1...2...3...4...5...6...7...8...9...10	Bounce #33 added RGB(33, 0, 0)
0...1...2...3...4...5...6...7...8...9...10	Bounce #34 added RGB(25, 0, 0)
0...1...2...3...4...5...6...7...8...9...10	Bounce #35 added RGB(19, 0, 0)
0...1...2...3...4...5...6...7...8...9...10	Bounce #36 added RGB(15, 0, 0)
0...1...2...3...4...5...6...7...8...9...10	Bounce #37 added RGB(11, 0, 0)
0...1...2...3...4...5...6...7...8...9...10	Bounce #38 added RGB(9, 0, 0)
0...1...2...3...4...5...6...7...8...9...10	Bounce #39 added RGB(7, 0, 0)
0...1...2...3...4...5...6...7...8...9...10	Bounce #40 added RGB(5, 0, 0)
0...1...2...3...4...5...6...7...8...9...10	Bounce #41 added RGB(4, 0, 0)
0...1...2...3...4...5...6...7...8...9...10	Bounce #42 added RGB(3, 0, 0)
0...1...2...3...4...5...6...7...8...9...10	Bounce #43 added RGB(2, 0, 0)
0...1...2...3...4...5...6...7...8...9...10	Bounce #44 added RGB(2, 0, 0)
0...1...2...3...4...5...6...7...8...9...10	Bounce #45 added RGB(1, 0, 0)
0...1...2...3...4...5...6...7...8...9...10	Bounce #46 added RGB(1, 0, 0)
0...1...2...3...4...5...6...7...8...9...10	Bounce #47 added RGB(1, 0, 0)
Build Patch/Sample Hash Table(s).....Done<0.0079 sec>
0...1...2...3...4...5...6...7...8...9...10FinalLightFace Done
0 of 0 (0% of) surface lights went in leaf ambient cubes.
0...1...2...3...4...5...6...7...8...9...10Writing leaf ambient...done
Ready to Finish

Object names       Objects/Maxobjs  Memory / Maxmem  Fullness 
------------       ---------------  ---------------  -------- 
models                   4/4096          192/196608   ( 0.1%) 
brushes                  9/32768         108/393216   ( 0.0%) 
brushsides              54/65536         432/524288   ( 0.1%) 
planes                 106/65536        2120/1310720  ( 0.2%) 
vertexes               357/65536        4284/786432   ( 0.5%) 
nodes                   45/65536        1440/2097152  ( 0.1%) 
texinfos                14/12288        1008/884736   ( 0.1%) 
texdata                  3/2048           96/65536    ( 0.1%) 
dispinfos                0/0               0/0        ( 0.0%) 
disp_verts               0/0               0/0        ( 0.0%) 
disp_tris                0/0               0/0        ( 0.0%) 
disp_lmsamples           0/0               0/0        ( 0.0%) 
faces                  294/65536       16464/3670016  ( 0.4%) 
hdr faces              294/65536       16464/3670016  ( 0.4%) 
origfaces               24/65536        1344/3670016  ( 0.0%) 
leaves                  50/65536        1600/2097152  ( 0.1%) 
leaffaces              294/65536         588/131072   ( 0.4%) 
leafbrushes             23/65536          46/131072   ( 0.0%) 
areas                    2/1024           16/8192     ( 0.2%) 
surfedges             1332/512000       5328/2048000  ( 0.3%) 
edges                  679/256000       2716/1024000  ( 0.3%) 
LDR worldlights         18/16384        1584/1441792  ( 0.1%) 
HDR worldlights         18/16384        1584/1441792  ( 0.1%) 
leafwaterdata            0/32768           0/393216   ( 0.0%) 
waterstrips              0/131072          0/1310720  ( 0.0%) 
waterverts               0/131072          0/1572864  ( 0.0%) 
waterindices             0/131072          0/262144   ( 0.0%) 
cubemapsamples           0/1024            0/16384    ( 0.0%) 
overlays                 0/1024            0/360448   ( 0.0%) 
LDR lightdata         [variable]      957988/0        ( 0.0%) 
HDR lightdata         [variable]      957988/0        ( 0.0%) 
visdata               [variable]          44/16777216 ( 0.0%) 
entdata               [variable]        8562/393216   ( 2.2%) 
LDR ambient table       50/65536         200/262144   ( 0.1%) 
HDR ambient table       50/65536         200/262144   ( 0.1%) 
LDR leaf ambient        82/65536        2296/1835008  ( 0.1%) 
HDR leaf ambient        82/65536        2296/1835008  ( 0.1%) 
occluders                0/0               0/0        ( 0.0%) 
occluder polygons        0/0               0/0        ( 0.0%) 
occluder vert ind        0/0               0/0        ( 0.0%) 
detail props          [variable]           1/12       ( 8.3%) 
static props          [variable]           1/12       ( 8.3%) 
pakfile               [variable]         385/0        ( 0.0%) 
physics               [variable]        4073/4194304  ( 0.1%) 
physics terrain       [variable]           2/1048576  ( 0.0%) 

Level flags = 3

Total triangle count: 648
Writing c:\program files (x86)\steam\steamapps\sourcemods\who\maps\list_02.bsp
2 seconds elapsed



materialPath: C:\Program Files (x86)\Steam\steamapps\sourcemods\who\materials
Loading c:\program files (x86)\steam\steamapps\sourcemods\who\maps\list_02.vmf
Patching WVT material: maps/list_02/dev/dev_blendmeasure_wvt_patch
fixing up env_cubemap materials on brush sides...
0...1...2...3...4...5...6...7...8...9...100...1...2...3...4...5...6...7...8...9...10Processing areas...done (0)
Building Faces...done (0)
FixTjuncs...
PruneNodes...
WriteBSP...
done (0)
writing c:\program files (x86)\steam\steamapps\sourcemods\who\maps\list_02.prt...Building visibility clusters...
done (0)
Finding displacement neighbors...
Finding lightmap sample positions...
Displacement Alpha : 0...1...2...3...4...5...6...7...8...9...10
Building Physics collision data...
done (0) (4073 bytes)
Placing static props...
Placing detail props : 0...1...2...3...4...5...6...7...8...9...10
Compacting texture/material tables...
Reduced 47 texinfos to 14
Reduced 5 texdatas to 3 (132 bytes to 67)
Writing c:\program files (x86)\steam\steamapps\sourcemods\who\maps\list_02.bsp
0 seconds elapsed



4 threads
reading c:\program files (x86)\steam\steamapps\sourcemods\who\maps\list_02.bsp
reading c:\program files (x86)\steam\steamapps\sourcemods\who\maps\list_02.prt
   4 portalclusters
   4 numportals
0...1...2...3...4...5...6...7...8...9...100...1...2...3...4...5...6...7...8...9...10Optimized: 0 visible clusters (0.00%)
Total clusters visible: 16
Average clusters visible: 4
Building PAS...
Average clusters audible: 4
visdatasize:44  compressed from 64
writing c:\program files (x86)\steam\steamapps\sourcemods\who\maps\list_02.bsp
0 seconds elapsed



[Reading texlights from 'lights.rad']
[48 texlights parsed from 'lights.rad']

Loading c:\program files (x86)\steam\steamapps\sourcemods\who\maps\list_02.bsp
294 faces
33571 square feet [4834367.00 square inches]
0 Displacements
0 Square Feet [0.00 Square Inches]
294 patches before subdivision
29230 patches after subdivision
18 direct lights
0...1...2...3...4...5...6...7...8...9...100...1...2...3...4...5...6...7...8...9...10transfers 3333469, max 506
transfer lists:  25.4 megs
0...1...2...3...4...5...6...7...8...9...10	Bounce #1 added RGB(125507, 35281, 349)
0...1...2...3...4...5...6...7...8...9...10	Bounce #2 added RGB(154353, 12197, 1)
0...1...2...3...4...5...6...7...8...9...10	Bounce #3 added RGB(98608, 2190, 0)
0...1...2...3...4...5...6...7...8...9...10	Bounce #4 added RGB(78830, 492, 0)
0...1...2...3...4...5...6...7...8...9...10	Bounce #5 added RGB(58821, 103, 0)
0...1...2...3...4...5...6...7...8...9...10	Bounce #6 added RGB(45217, 22, 0)
0...1...2...3...4...5...6...7...8...9...10	Bounce #7 added RGB(34460, 5, 0)
0...1...2...3...4...5...6...7...8...9...10	Bounce #8 added RGB(26374, 1, 0)
0...1...2...3...4...5...6...7...8...9...10	Bounce #9 added RGB(20164, 0, 0)
0...1...2...3...4...5...6...7...8...9...10	Bounce #10 added RGB(15426, 0, 0)
0...1...2...3...4...5...6...7...8...9...10	Bounce #11 added RGB(11800, 0, 0)
0...1...2...3...4...5...6...7...8...9...10	Bounce #12 added RGB(9027, 0, 0)
0...1...2...3...4...5...6...7...8...9...10	Bounce #13 added RGB(6906, 0, 0)
0...1...2...3...4...5...6...7...8...9...10	Bounce #14 added RGB(5283, 0, 0)
0...1...2...3...4...5...6...7...8...9...10	Bounce #15 added RGB(4041, 0, 0)
0...1...2...3...4...5...6...7...8...9...10	Bounce #16 added RGB(3092, 0, 0)
0...1...2...3...4...5...6...7...8...9...10	Bounce #17 added RGB(2365, 0, 0)
0...1...2...3...4...5...6...7...8...9...10	Bounce #18 added RGB(1809, 0, 0)
0...1...2...3...4...5...6...7...8...9...10	Bounce #19 added RGB(1384, 0, 0)
0...1...2...3...4...5...6...7...8...9...10	Bounce #20 added RGB(1059, 0, 0)
0...1...2...3...4...5...6...7...8...9...10	Bounce #21 added RGB(810, 0, 0)
0...1...2...3...4...5...6...7...8...9...10	Bounce #22 added RGB(620, 0, 0)
0...1...2...3...4...5...6...7...8...9...10	Bounce #23 added RGB(474, 0, 0)
0...1...2...3...4...5...6...7...8...9...10	Bounce #24 added RGB(363, 0, 0)
0...1...2...3...4...5...6...7...8...9...10	Bounce #25 added RGB(277, 0, 0)
0...1...2...3...4...5...6...7...8...9...10	Bounce #26 added RGB(212, 0, 0)
0...1...2...3...4...5...6...7...8...9...10	Bounce #27 added RGB(162, 0, 0)
0...1...2...3...4...5...6...7...8...9...10	Bounce #28 added RGB(124, 0, 0)
0...1...2...3...4...5...6...7...8...9...10	Bounce #29 added RGB(95, 0, 0)
0...1...2...3...4...5...6...7...8...9...10	Bounce #30 added RGB(73, 0, 0)
0...1...2...3...4...5...6...7...8...9...10	Bounce #31 added RGB(56, 0, 0)
0...1...2...3...4...5...6...7...8...9...10	Bounce #32 added RGB(43, 0, 0)
0...1...2...3...4...5...6...7...8...9...10	Bounce #33 added RGB(33, 0, 0)
0...1...2...3...4...5...6...7...8...9...10	Bounce #34 added RGB(25, 0, 0)
0...1...2...3...4...5...6...7...8...9...10	Bounce #35 added RGB(19, 0, 0)
0...1...2...3...4...5...6...7...8...9...10	Bounce #36 added RGB(15, 0, 0)
0...1...2...3...4...5...6...7...8...9...10	Bounce #37 added RGB(11, 0, 0)
0...1...2...3...4...5...6...7...8...9...10	Bounce #38 added RGB(9, 0, 0)
0...1...2...3...4...5...6...7...8...9...10	Bounce #39 added RGB(7, 0, 0)
0...1...2...3...4...5...6...7...8...9...10	Bounce #40 added RGB(5, 0, 0)
0...1...2...3...4...5...6...7...8...9...10	Bounce #41 added RGB(4, 0, 0)
0...1...2...3...4...5...6...7...8...9...10	Bounce #42 added RGB(3, 0, 0)
0...1...2...3...4...5...6...7...8...9...10	Bounce #43 added RGB(2, 0, 0)
0...1...2...3...4...5...6...7...8...9...10	Bounce #44 added RGB(2, 0, 0)
0...1...2...3...4...5...6...7...8...9...10	Bounce #45 added RGB(1, 0, 0)
0...1...2...3...4...5...6...7...8...9...10	Bounce #46 added RGB(1, 0, 0)
0...1...2...3...4...5...6...7...8...9...10	Bounce #47 added RGB(1, 0, 0)
Build Patch/Sample Hash Table(s).....Done<0.0078 sec>
0...1...2...3...4...5...6...7...8...9...10FinalLightFace Done
0 of 0 (0% of) surface lights went in leaf ambient cubes.
0...1...2...3...4...5...6...7...8...9...10Writing leaf ambient...done
Ready to Finish

Object names       Objects/Maxobjs  Memory / Maxmem  Fullness 
------------       ---------------  ---------------  -------- 
models                   4/4096          192/196608   ( 0.1%) 
brushes                  9/32768         108/393216   ( 0.0%) 
brushsides              54/65536         432/524288   ( 0.1%) 
planes                 106/65536        2120/1310720  ( 0.2%) 
vertexes               357/65536        4284/786432   ( 0.5%) 
nodes                   45/65536        1440/2097152  ( 0.1%) 
texinfos                14/12288        1008/884736   ( 0.1%) 
texdata                  3/2048           96/65536    ( 0.1%) 
dispinfos                0/0               0/0        ( 0.0%) 
disp_verts               0/0               0/0        ( 0.0%) 
disp_tris                0/0               0/0        ( 0.0%) 
disp_lmsamples           0/0               0/0        ( 0.0%) 
faces                  294/65536       16464/3670016  ( 0.4%) 
hdr faces                0/65536           0/3670016  ( 0.0%) 
origfaces               24/65536        1344/3670016  ( 0.0%) 
leaves                  50/65536        1600/2097152  ( 0.1%) 
leaffaces              294/65536         588/131072   ( 0.4%) 
leafbrushes             23/65536          46/131072   ( 0.0%) 
areas                    2/1024           16/8192     ( 0.2%) 
surfedges             1332/512000       5328/2048000  ( 0.3%) 
edges                  679/256000       2716/1024000  ( 0.3%) 
LDR worldlights         18/16384        1584/1441792  ( 0.1%) 
HDR worldlights          0/16384           0/1441792  ( 0.0%) 
leafwaterdata            0/32768           0/393216   ( 0.0%) 
waterstrips              0/131072          0/1310720  ( 0.0%) 
waterverts               0/131072          0/1572864  ( 0.0%) 
waterindices             0/131072          0/262144   ( 0.0%) 
cubemapsamples           0/1024            0/16384    ( 0.0%) 
overlays                 0/1024            0/360448   ( 0.0%) 
LDR lightdata         [variable]      957988/0        ( 0.0%) 
HDR lightdata         [variable]           0/0        ( 0.0%) 
visdata               [variable]          44/16777216 ( 0.0%) 
entdata               [variable]        8562/393216   ( 2.2%) 
LDR ambient table       50/65536         200/262144   ( 0.1%) 
HDR ambient table       50/65536         200/262144   ( 0.1%) 
LDR leaf ambient        82/65536        2296/1835008  ( 0.1%) 
HDR leaf ambient        50/65536        1400/1835008  ( 0.1%) 
occluders                0/0               0/0        ( 0.0%) 
occluder polygons        0/0               0/0        ( 0.0%) 
occluder vert ind        0/0               0/0        ( 0.0%) 
detail props          [variable]           1/12       ( 8.3%) 
static props          [variable]           1/12       ( 8.3%) 
pakfile               [variable]         385/0        ( 0.0%) 
physics               [variable]        4073/4194304  ( 0.1%) 
physics terrain       [variable]           2/1048576  ( 0.0%) 

Level flags = 1

Total triangle count: 648
Writing c:\program files (x86)\steam\steamapps\sourcemods\who\maps\list_02.bsp
2 seconds elapsed



[Reading texlights from 'lights.rad']
[48 texlights parsed from 'lights.rad']

Loading c:\program files (x86)\steam\steamapps\sourcemods\who\maps\list_02.bsp
294 faces
33571 square feet [4834367.00 square inches]
0 Displacements
0 Square Feet [0.00 Square Inches]
294 patches before subdivision
29230 patches after subdivision
18 direct lights
0...1...2...3...4...5...6...7...8...9...100...1...2...3...4...5...6...7...8...9...10transfers 3333469, max 506
transfer lists:  25.4 megs
0...1...2...3...4...5...6...7...8...9...10	Bounce #1 added RGB(125507, 35281, 349)
0...1...2...3...4...5...6...7...8...9...10	Bounce #2 added RGB(154353, 12197, 1)
0...1...2...3...4...5...6...7...8...9...10	Bounce #3 added RGB(98608, 2190, 0)
0...1...2...3...4...5...6...7...8...9...10	Bounce #4 added RGB(78830, 492, 0)
0...1...2...3...4...5...6...7...8...9...10	Bounce #5 added RGB(58821, 103, 0)
0...1...2...3...4...5...6...7...8...9...10	Bounce #6 added RGB(45217, 22, 0)
0...1...2...3...4...5...6...7...8...9...10	Bounce #7 added RGB(34460, 5, 0)
0...1...2...3...4...5...6...7...8...9...10	Bounce #8 added RGB(26374, 1, 0)
0...1...2...3...4...5...6...7...8...9...10	Bounce #9 added RGB(20164, 0, 0)
0...1...2...3...4...5...6...7...8...9...10	Bounce #10 added RGB(15426, 0, 0)
0...1...2...3...4...5...6...7...8...9...10	Bounce #11 added RGB(11800, 0, 0)
0...1...2...3...4...5...6...7...8...9...10	Bounce #12 added RGB(9027, 0, 0)
0...1...2...3...4...5...6...7...8...9...10	Bounce #13 added RGB(6906, 0, 0)
0...1...2...3...4...5...6...7...8...9...10	Bounce #14 added RGB(5283, 0, 0)
0...1...2...3...4...5...6...7...8...9...10	Bounce #15 added RGB(4041, 0, 0)
0...1...2...3...4...5...6...7...8...9...10	Bounce #16 added RGB(3092, 0, 0)
0...1...2...3...4...5...6...7...8...9...10	Bounce #17 added RGB(2365, 0, 0)
0...1...2...3...4...5...6...7...8...9...10	Bounce #18 added RGB(1809, 0, 0)
0...1...2...3...4...5...6...7...8...9...10	Bounce #19 added RGB(1384, 0, 0)
0...1...2...3...4...5...6...7...8...9...10	Bounce #20 added RGB(1059, 0, 0)
0...1...2...3...4...5...6...7...8...9...10	Bounce #21 added RGB(810, 0, 0)
0...1...2...3...4...5...6...7...8...9...10	Bounce #22 added RGB(620, 0, 0)
0...1...2...3...4...5...6...7...8...9...10	Bounce #23 added RGB(474, 0, 0)
0...1...2...3...4...5...6...7...8...9...10	Bounce #24 added RGB(363, 0, 0)
0...1...2...3...4...5...6...7...8...9...10	Bounce #25 added RGB(277, 0, 0)
0...1...2...3...4...5...6...7...8...9...10	Bounce #26 added RGB(212, 0, 0)
0...1...2...3...4...5...6...7...8...9...10	Bounce #27 added RGB(162, 0, 0)
0...1...2...3...4...5...6...7...8...9...10	Bounce #28 added RGB(124, 0, 0)
0...1...2...3...4...5...6...7...8...9...10	Bounce #29 added RGB(95, 0, 0)
0...1...2...3...4...5...6...7...8...9...10	Bounce #30 added RGB(73, 0, 0)
0...1...2...3...4...5...6...7...8...9...10	Bounce #31 added RGB(56, 0, 0)
0...1...2...3...4...5...6...7...8...9...10	Bounce #32 added RGB(43, 0, 0)
0...1...2...3...4...5...6...7...8...9...10	Bounce #33 added RGB(33, 0, 0)
0...1...2...3...4...5...6...7...8...9...10	Bounce #34 added RGB(25, 0, 0)
0...1...2...3...4...5...6...7...8...9...10	Bounce #35 added RGB(19, 0, 0)
0...1...2...3...4...5...6...7...8...9...10	Bounce #36 added RGB(15, 0, 0)
0...1...2...3...4...5...6...7...8...9...10	Bounce #37 added RGB(11, 0, 0)
0...1...2...3...4...5...6...7...8...9...10	Bounce #38 added RGB(9, 0, 0)
0...1...2...3...4...5...6...7...8...9...10	Bounce #39 added RGB(7, 0, 0)
0...1...2...3...4...5...6...7...8...9...10	Bounce #40 added RGB(5, 0, 0)
0...1...2...3...4...5...6...7...8...9...10	Bounce #41 added RGB(4, 0, 0)
0...1...2...3...4...5...6...7...8...9...10	Bounce #42 added RGB(3, 0, 0)
0...1...2...3...4...5...6...7...8...9...10	Bounce #43 added RGB(2, 0, 0)
0...1...2...3...4...5...6...7...8...9...10	Bounce #44 added RGB(2, 0, 0)
0...1...2...3...4...5...6...7...8...9...10	Bounce #45 added RGB(1, 0, 0)
0...1...2...3...4...5...6...7...8...9...10	Bounce #46 added RGB(1, 0, 0)
0...1...2...3...4...5...6...7...8...9...10	Bounce #47 added RGB(1, 0, 0)
Build Patch/Sample Hash Table(s).....Done<0.0081 sec>
0...1...2...3...4...5...6...7...8...9...10FinalLightFace Done
0 of 0 (0% of) surface lights went in leaf ambient cubes.
0...1...2...3...4...5...6...7...8...9...10Writing leaf ambient...done
Ready to Finish

Object names       Objects/Maxobjs  Memory / Maxmem  Fullness 
------------       ---------------  ---------------  -------- 
models                   4/4096          192/196608   ( 0.1%) 
brushes                  9/32768         108/393216   ( 0.0%) 
brushsides              54/65536         432/524288   ( 0.1%) 
planes                 106/65536        2120/1310720  ( 0.2%) 
vertexes               357/65536        4284/786432   ( 0.5%) 
nodes                   45/65536        1440/2097152  ( 0.1%) 
texinfos                14/12288        1008/884736   ( 0.1%) 
texdata                  3/2048           96/65536    ( 0.1%) 
dispinfos                0/0               0/0        ( 0.0%) 
disp_verts               0/0               0/0        ( 0.0%) 
disp_tris                0/0               0/0        ( 0.0%) 
disp_lmsamples           0/0               0/0        ( 0.0%) 
faces                  294/65536       16464/3670016  ( 0.4%) 
hdr faces              294/65536       16464/3670016  ( 0.4%) 
origfaces               24/65536        1344/3670016  ( 0.0%) 
leaves                  50/65536        1600/2097152  ( 0.1%) 
leaffaces              294/65536         588/131072   ( 0.4%) 
leafbrushes             23/65536          46/131072   ( 0.0%) 
areas                    2/1024           16/8192     ( 0.2%) 
surfedges             1332/512000       5328/2048000  ( 0.3%) 
edges                  679/256000       2716/1024000  ( 0.3%) 
LDR worldlights         18/16384        1584/1441792  ( 0.1%) 
HDR worldlights         18/16384        1584/1441792  ( 0.1%) 
leafwaterdata            0/32768           0/393216   ( 0.0%) 
waterstrips              0/131072          0/1310720  ( 0.0%) 
waterverts               0/131072          0/1572864  ( 0.0%) 
waterindices             0/131072          0/262144   ( 0.0%) 
cubemapsamples           0/1024            0/16384    ( 0.0%) 
overlays                 0/1024            0/360448   ( 0.0%) 
LDR lightdata         [variable]      957988/0        ( 0.0%) 
HDR lightdata         [variable]      957988/0        ( 0.0%) 
visdata               [variable]          44/16777216 ( 0.0%) 
entdata               [variable]        8562/393216   ( 2.2%) 
LDR ambient table       50/65536         200/262144   ( 0.1%) 
HDR ambient table       50/65536         200/262144   ( 0.1%) 
LDR leaf ambient        82/65536        2296/1835008  ( 0.1%) 
HDR leaf ambient        82/65536        2296/1835008  ( 0.1%) 
occluders                0/0               0/0        ( 0.0%) 
occluder polygons        0/0               0/0        ( 0.0%) 
occluder vert ind        0/0               0/0        ( 0.0%) 
detail props          [variable]           1/12       ( 8.3%) 
static props          [variable]           1/12       ( 8.3%) 
pakfile               [variable]         385/0        ( 0.0%) 
physics               [variable]        4073/4194304  ( 0.1%) 
physics terrain       [variable]           2/1048576  ( 0.0%) 

Level flags = 3

Total triangle count: 648
Writing c:\program files (x86)\steam\steamapps\sourcemods\who\maps\list_02.bsp
2 seconds elapsed



materialPath: C:\Program Files (x86)\Steam\steamapps\sourcemods\who\materials
Loading c:\program files (x86)\steam\steamapps\sourcemods\who\maps\list_02.vmf
Patching WVT material: maps/list_02/dev/dev_blendmeasure_wvt_patch
fixing up env_cubemap materials on brush sides...
0...1...2...3...4...5...6...7...8...9...100...1...2...3...4...5...6...7...8...9...10Processing areas...done (0)
Building Faces...done (0)
FixTjuncs...
PruneNodes...
WriteBSP...
done (0)
writing c:\program files (x86)\steam\steamapps\sourcemods\who\maps\list_02.prt...Building visibility clusters...
done (0)
Finding displacement neighbors...
Finding lightmap sample positions...
Displacement Alpha : 0...1...2...3...4...5...6...7...8...9...10
Building Physics collision data...
done (0) (4073 bytes)
Placing static props...
Placing detail props : 0...1...2...3...4...5...6...7...8...9...10
Compacting texture/material tables...
Reduced 47 texinfos to 14
Reduced 5 texdatas to 3 (132 bytes to 67)
Writing c:\program files (x86)\steam\steamapps\sourcemods\who\maps\list_02.bsp
0 seconds elapsed



4 threads
reading c:\program files (x86)\steam\steamapps\sourcemods\who\maps\list_02.bsp
reading c:\program files (x86)\steam\steamapps\sourcemods\who\maps\list_02.prt
   4 portalclusters
   4 numportals
0...1...2...3...4...5...6...7...8...9...100...1...2...3...4...5...6...7...8...9...10Optimized: 0 visible clusters (0.00%)
Total clusters visible: 16
Average clusters visible: 4
Building PAS...
Average clusters audible: 4
visdatasize:44  compressed from 64
writing c:\program files (x86)\steam\steamapps\sourcemods\who\maps\list_02.bsp
0 seconds elapsed



[Reading texlights from 'lights.rad']
[48 texlights parsed from 'lights.rad']

Loading c:\program files (x86)\steam\steamapps\sourcemods\who\maps\list_02.bsp
294 faces
33571 square feet [4834367.00 square inches]
0 Displacements
0 Square Feet [0.00 Square Inches]
294 patches before subdivision
29230 patches after subdivision
18 direct lights
0...1...2...3...4...5...6...7...8...9...100...1...2...3...4...5...6...7...8...9...10transfers 3333469, max 506
transfer lists:  25.4 megs
0...1...2...3...4...5...6...7...8...9...10	Bounce #1 added RGB(125507, 35281, 349)
0...1...2...3...4...5...6...7...8...9...10	Bounce #2 added RGB(154353, 12197, 1)
0...1...2...3...4...5...6...7...8...9...10	Bounce #3 added RGB(98608, 2190, 0)
0...1...2...3...4...5...6...7...8...9...10	Bounce #4 added RGB(78830, 492, 0)
0...1...2...3...4...5...6...7...8...9...10	Bounce #5 added RGB(58821, 103, 0)
0...1...2...3...4...5...6...7...8...9...10	Bounce #6 added RGB(45217, 22, 0)
0...1...2...3...4...5...6...7...8...9...10	Bounce #7 added RGB(34460, 5, 0)
0...1...2...3...4...5...6...7...8...9...10	Bounce #8 added RGB(26374, 1, 0)
0...1...2...3...4...5...6...7...8...9...10	Bounce #9 added RGB(20164, 0, 0)
0...1...2...3...4...5...6...7...8...9...10	Bounce #10 added RGB(15426, 0, 0)
0...1...2...3...4...5...6...7...8...9...10	Bounce #11 added RGB(11800, 0, 0)
0...1...2...3...4...5...6...7...8...9...10	Bounce #12 added RGB(9027, 0, 0)
0...1...2...3...4...5...6...7...8...9...10	Bounce #13 added RGB(6906, 0, 0)
0...1...2...3...4...5...6...7...8...9...10	Bounce #14 added RGB(5283, 0, 0)
0...1...2...3...4...5...6...7...8...9...10	Bounce #15 added RGB(4041, 0, 0)
0...1...2...3...4...5...6...7...8...9...10	Bounce #16 added RGB(3092, 0, 0)
0...1...2...3...4...5...6...7...8...9...10	Bounce #17 added RGB(2365, 0, 0)
0...1...2...3...4...5...6...7...8...9...10	Bounce #18 added RGB(1809, 0, 0)
0...1...2...3...4...5...6...7...8...9...10	Bounce #19 added RGB(1384, 0, 0)
0...1...2...3...4...5...6...7...8...9...10	Bounce #20 added RGB(1059, 0, 0)
0...1...2...3...4...5...6...7...8...9...10	Bounce #21 added RGB(810, 0, 0)
0...1...2...3...4...5...6...7...8...9...10	Bounce #22 added RGB(620, 0, 0)
0...1...2...3...4...5...6...7...8...9...10	Bounce #23 added RGB(474, 0, 0)
0...1...2...3...4...5...6...7...8...9...10	Bounce #24 added RGB(363, 0, 0)
0...1...2...3...4...5...6...7...8...9...10	Bounce #25 added RGB(277, 0, 0)
0...1...2...3...4...5...6...7...8...9...10	Bounce #26 added RGB(212, 0, 0)
0...1...2...3...4...5...6...7...8...9...10	Bounce #27 added RGB(162, 0, 0)
0...1...2...3...4...5...6...7...8...9...10	Bounce #28 added RGB(124, 0, 0)
0...1...2...3...4...5...6...7...8...9...10	Bounce #29 added RGB(95, 0, 0)
0...1...2...3...4...5...6...7...8...9...10	Bounce #30 added RGB(73, 0, 0)
0...1...2...3...4...5...6...7...8...9...10	Bounce #31 added RGB(56, 0, 0)
0...1...2...3...4...5...6...7...8...9...10	Bounce #32 added RGB(43, 0, 0)
0...1...2...3...4...5...6...7...8...9...10	Bounce #33 added RGB(33, 0, 0)
0...1...2...3...4...5...6...7...8...9...10	Bounce #34 added RGB(25, 0, 0)
0...1...2...3...4...5...6...7...8...9...10	Bounce #35 added RGB(19, 0, 0)
0...1...2...3...4...5...6...7...8...9...10	Bounce #36 added RGB(15, 0, 0)
0...1...2...3...4...5...6...7...8...9...10	Bounce #37 added RGB(11, 0, 0)
0...1...2...3...4...5...6...7...8...9...10	Bounce #38 added RGB(9, 0, 0)
0...1...2...3...4...5...6...7...8...9...10	Bounce #39 added RGB(7, 0, 0)
0...1...2...3...4...5...6...7...8...9...10	Bounce #40 added RGB(5, 0, 0)
0...1...2...3...4...5...6...7...8...9...10	Bounce #41 added RGB(4, 0, 0)
0...1...2...3...4...5...6...7...8...9...10	Bounce #42 added RGB(3, 0, 0)
0...1...2...3...4...5...6...7...8...9...10	Bounce #43 added RGB(2, 0, 0)
0...1...2...3...4...5...6...7...8...9...10	Bounce #44 added RGB(2, 0, 0)
0...1...2...3...4...5...6...7...8...9...10	Bounce #45 added RGB(1, 0, 0)
0...1...2...3...4...5...6...7...8...9...10	Bounce #46 added RGB(1, 0, 0)
0...1...2...3...4...5...6...7...8...9...10	Bounce #47 added RGB(1, 0, 0)
Build Patch/Sample Hash Table(s).....Done<0.0078 sec>
0...1...2...3...4...5...6...7...8...9...10FinalLightFace Done
0 of 0 (0% of) surface lights went in leaf ambient cubes.
0...1...2...3...4...5...6...7...8...9...10Writing leaf ambient...done
Ready to Finish

Object names       Objects/Maxobjs  Memory / Maxmem  Fullness 
------------       ---------------  ---------------  -------- 
models                   4/4096          192/196608   ( 0.1%) 
brushes                  9/32768         108/393216   ( 0.0%) 
brushsides              54/65536         432/524288   ( 0.1%) 
planes                 106/65536        2120/1310720  ( 0.2%) 
vertexes               357/65536        4284/786432   ( 0.5%) 
nodes                   45/65536        1440/2097152  ( 0.1%) 
texinfos                14/12288        1008/884736   ( 0.1%) 
texdata                  3/2048           96/65536    ( 0.1%) 
dispinfos                0/0               0/0        ( 0.0%) 
disp_verts               0/0               0/0        ( 0.0%) 
disp_tris                0/0               0/0        ( 0.0%) 
disp_lmsamples           0/0               0/0        ( 0.0%) 
faces                  294/65536       16464/3670016  ( 0.4%) 
hdr faces                0/65536           0/3670016  ( 0.0%) 
origfaces               24/65536        1344/3670016  ( 0.0%) 
leaves                  50/65536        1600/2097152  ( 0.1%) 
leaffaces              294/65536         588/131072   ( 0.4%) 
leafbrushes             23/65536          46/131072   ( 0.0%) 
areas                    2/1024           16/8192     ( 0.2%) 
surfedges             1332/512000       5328/2048000  ( 0.3%) 
edges                  679/256000       2716/1024000  ( 0.3%) 
LDR worldlights         18/16384        1584/1441792  ( 0.1%) 
HDR worldlights          0/16384           0/1441792  ( 0.0%) 
leafwaterdata            0/32768           0/393216   ( 0.0%) 
waterstrips              0/131072          0/1310720  ( 0.0%) 
waterverts               0/131072          0/1572864  ( 0.0%) 
waterindices             0/131072          0/262144   ( 0.0%) 
cubemapsamples           0/1024            0/16384    ( 0.0%) 
overlays                 0/1024            0/360448   ( 0.0%) 
LDR lightdata         [variable]      957988/0        ( 0.0%) 
HDR lightdata         [variable]           0/0        ( 0.0%) 
visdata               [variable]          44/16777216 ( 0.0%) 
entdata               [variable]        8564/393216   ( 2.2%) 
LDR ambient table       50/65536         200/262144   ( 0.1%) 
HDR ambient table       50/65536         200/262144   ( 0.1%) 
LDR leaf ambient        82/65536        2296/1835008  ( 0.1%) 
HDR leaf ambient        50/65536        1400/1835008  ( 0.1%) 
occluders                0/0               0/0        ( 0.0%) 
occluder polygons        0/0               0/0        ( 0.0%) 
occluder vert ind        0/0               0/0        ( 0.0%) 
detail props          [variable]           1/12       ( 8.3%) 
static props          [variable]           1/12       ( 8.3%) 
pakfile               [variable]         385/0        ( 0.0%) 
physics               [variable]        4073/4194304  ( 0.1%) 
physics terrain       [variable]           2/1048576  ( 0.0%) 

Level flags = 1

Total triangle count: 648
Writing c:\program files (x86)\steam\steamapps\sourcemods\who\maps\list_02.bsp
2 seconds elapsed



[Reading texlights from 'lights.rad']
[48 texlights parsed from 'lights.rad']

Loading c:\program files (x86)\steam\steamapps\sourcemods\who\maps\list_02.bsp
294 faces
33571 square feet [4834367.00 square inches]
0 Displacements
0 Square Feet [0.00 Square Inches]
294 patches before subdivision
29230 patches after subdivision
18 direct lights
0...1...2...3...4...5...6...7...8...9...100...1...2...3...4...5...6...7...8...9...10transfers 3333469, max 506
transfer lists:  25.4 megs
0...1...2...3...4...5...6...7...8...9...10	Bounce #1 added RGB(125507, 35281, 349)
0...1...2...3...4...5...6...7...8...9...10	Bounce #2 added RGB(154353, 12197, 1)
0...1...2...3...4...5...6...7...8...9...10	Bounce #3 added RGB(98608, 2190, 0)
0...1...2...3...4...5...6...7...8...9...10	Bounce #4 added RGB(78830, 492, 0)
0...1...2...3...4...5...6...7...8...9...10	Bounce #5 added RGB(58821, 103, 0)
0...1...2...3...4...5...6...7...8...9...10	Bounce #6 added RGB(45217, 22, 0)
0...1...2...3...4...5...6...7...8...9...10	Bounce #7 added RGB(34460, 5, 0)
0...1...2...3...4...5...6...7...8...9...10	Bounce #8 added RGB(26374, 1, 0)
0...1...2...3...4...5...6...7...8...9...10	Bounce #9 added RGB(20164, 0, 0)
0...1...2...3...4...5...6...7...8...9...10	Bounce #10 added RGB(15426, 0, 0)
0...1...2...3...4...5...6...7...8...9...10	Bounce #11 added RGB(11800, 0, 0)
0...1...2...3...4...5...6...7...8...9...10	Bounce #12 added RGB(9027, 0, 0)
0...1...2...3...4...5...6...7...8...9...10	Bounce #13 added RGB(6906, 0, 0)
0...1...2...3...4...5...6...7...8...9...10	Bounce #14 added RGB(5283, 0, 0)
0...1...2...3...4...5...6...7...8...9...10	Bounce #15 added RGB(4041, 0, 0)
0...1...2...3...4...5...6...7...8...9...10	Bounce #16 added RGB(3092, 0, 0)
0...1...2...3...4...5...6...7...8...9...10	Bounce #17 added RGB(2365, 0, 0)
0...1...2...3...4...5...6...7...8...9...10	Bounce #18 added RGB(1809, 0, 0)
0...1...2...3...4...5...6...7...8...9...10	Bounce #19 added RGB(1384, 0, 0)
0...1...2...3...4...5...6...7...8...9...10	Bounce #20 added RGB(1059, 0, 0)
0...1...2...3...4...5...6...7...8...9...10	Bounce #21 added RGB(810, 0, 0)
0...1...2...3...4...5...6...7...8...9...10	Bounce #22 added RGB(620, 0, 0)
0...1...2...3...4...5...6...7...8...9...10	Bounce #23 added RGB(474, 0, 0)
0...1...2...3...4...5...6...7...8...9...10	Bounce #24 added RGB(363, 0, 0)
0...1...2...3...4...5...6...7...8...9...10	Bounce #25 added RGB(277, 0, 0)
0...1...2...3...4...5...6...7...8...9...10	Bounce #26 added RGB(212, 0, 0)
0...1...2...3...4...5...6...7...8...9...10	Bounce #27 added RGB(162, 0, 0)
0...1...2...3...4...5...6...7...8...9...10	Bounce #28 added RGB(124, 0, 0)
0...1...2...3...4...5...6...7...8...9...10	Bounce #29 added RGB(95, 0, 0)
0...1...2...3...4...5...6...7...8...9...10	Bounce #30 added RGB(73, 0, 0)
0...1...2...3...4...5...6...7...8...9...10	Bounce #31 added RGB(56, 0, 0)
0...1...2...3...4...5...6...7...8...9...10	Bounce #32 added RGB(43, 0, 0)
0...1...2...3...4...5...6...7...8...9...10	Bounce #33 added RGB(33, 0, 0)
0...1...2...3...4...5...6...7...8...9...10	Bounce #34 added RGB(25, 0, 0)
0...1...2...3...4...5...6...7...8...9...10	Bounce #35 added RGB(19, 0, 0)
0...1...2...3...4...5...6...7...8...9...10	Bounce #36 added RGB(15, 0, 0)
0...1...2...3...4...5...6...7...8...9...10	Bounce #37 added RGB(11, 0, 0)
0...1...2...3...4...5...6...7...8...9...10	Bounce #38 added RGB(9, 0, 0)
0...1...2...3...4...5...6...7...8...9...10	Bounce #39 added RGB(7, 0, 0)
0...1...2...3...4...5...6...7...8...9...10	Bounce #40 added RGB(5, 0, 0)
0...1...2...3...4...5...6...7...8...9...10	Bounce #41 added RGB(4, 0, 0)
0...1...2...3...4...5...6...7...8...9...10	Bounce #42 added RGB(3, 0, 0)
0...1...2...3...4...5...6...7...8...9...10	Bounce #43 added RGB(2, 0, 0)
0...1...2...3...4...5...6...7...8...9...10	Bounce #44 added RGB(2, 0, 0)
0...1...2...3...4...5...6...7...8...9...10	Bounce #45 added RGB(1, 0, 0)
0...1...2...3...4...5...6...7...8...9...10	Bounce #46 added RGB(1, 0, 0)
0...1...2...3...4...5...6...7...8...9...10	Bounce #47 added RGB(1, 0, 0)
Build Patch/Sample Hash Table(s).....Done<0.0091 sec>
0...1...2...3...4...5...6...7...8...9...10FinalLightFace Done
0 of 0 (0% of) surface lights went in leaf ambient cubes.
0...1...2...3...4...5...6...7...8...9...10Writing leaf ambient...done
Ready to Finish

Object names       Objects/Maxobjs  Memory / Maxmem  Fullness 
------------       ---------------  ---------------  -------- 
models                   4/4096          192/196608   ( 0.1%) 
brushes                  9/32768         108/393216   ( 0.0%) 
brushsides              54/65536         432/524288   ( 0.1%) 
planes                 106/65536        2120/1310720  ( 0.2%) 
vertexes               357/65536        4284/786432   ( 0.5%) 
nodes                   45/65536        1440/2097152  ( 0.1%) 
texinfos                14/12288        1008/884736   ( 0.1%) 
texdata                  3/2048           96/65536    ( 0.1%) 
dispinfos                0/0               0/0        ( 0.0%) 
disp_verts               0/0               0/0        ( 0.0%) 
disp_tris                0/0               0/0        ( 0.0%) 
disp_lmsamples           0/0               0/0        ( 0.0%) 
faces                  294/65536       16464/3670016  ( 0.4%) 
hdr faces              294/65536       16464/3670016  ( 0.4%) 
origfaces               24/65536        1344/3670016  ( 0.0%) 
leaves                  50/65536        1600/2097152  ( 0.1%) 
leaffaces              294/65536         588/131072   ( 0.4%) 
leafbrushes             23/65536          46/131072   ( 0.0%) 
areas                    2/1024           16/8192     ( 0.2%) 
surfedges             1332/512000       5328/2048000  ( 0.3%) 
edges                  679/256000       2716/1024000  ( 0.3%) 
LDR worldlights         18/16384        1584/1441792  ( 0.1%) 
HDR worldlights         18/16384        1584/1441792  ( 0.1%) 
leafwaterdata            0/32768           0/393216   ( 0.0%) 
waterstrips              0/131072          0/1310720  ( 0.0%) 
waterverts               0/131072          0/1572864  ( 0.0%) 
waterindices             0/131072          0/262144   ( 0.0%) 
cubemapsamples           0/1024            0/16384    ( 0.0%) 
overlays                 0/1024            0/360448   ( 0.0%) 
LDR lightdata         [variable]      957988/0        ( 0.0%) 
HDR lightdata         [variable]      957988/0        ( 0.0%) 
visdata               [variable]          44/16777216 ( 0.0%) 
entdata               [variable]        8564/393216   ( 2.2%) 
LDR ambient table       50/65536         200/262144   ( 0.1%) 
HDR ambient table       50/65536         200/262144   ( 0.1%) 
LDR leaf ambient        82/65536        2296/1835008  ( 0.1%) 
HDR leaf ambient        82/65536        2296/1835008  ( 0.1%) 
occluders                0/0               0/0        ( 0.0%) 
occluder polygons        0/0               0/0        ( 0.0%) 
occluder vert ind        0/0               0/0        ( 0.0%) 
detail props          [variable]           1/12       ( 8.3%) 
static props          [variable]           1/12       ( 8.3%) 
pakfile               [variable]         385/0        ( 0.0%) 
physics               [variable]        4073/4194304  ( 0.1%) 
physics terrain       [variable]           2/1048576  ( 0.0%) 

Level flags = 3

Total triangle count: 648
Writing c:\program files (x86)\steam\steamapps\sourcemods\who\maps\list_02.bsp
2 seconds elapsed



materialPath: C:\Program Files (x86)\Steam\steamapps\sourcemods\who\materials
Loading c:\program files (x86)\steam\steamapps\sourcemods\who\maps\list_02.vmf
Patching WVT material: maps/list_02/dev/dev_blendmeasure_wvt_patch
fixing up env_cubemap materials on brush sides...
0...1...2...3...4...5...6...7...8...9...100...1...2...3...4...5...6...7...8...9...10Processing areas...done (0)
Building Faces...done (0)
FixTjuncs...
PruneNodes...
WriteBSP...
done (0)
writing c:\program files (x86)\steam\steamapps\sourcemods\who\maps\list_02.prt...Building visibility clusters...
done (0)
Finding displacement neighbors...
Finding lightmap sample positions...
Displacement Alpha : 0...1...2...3...4...5...6...7...8...9...10
Building Physics collision data...
done (0) (4073 bytes)
Placing static props...
Placing detail props : 0...1...2...3...4...5...6...7...8...9...10
Compacting texture/material tables...
Reduced 47 texinfos to 14
Reduced 5 texdatas to 3 (132 bytes to 67)
Writing c:\program files (x86)\steam\steamapps\sourcemods\who\maps\list_02.bsp
0 seconds elapsed



4 threads
reading c:\program files (x86)\steam\steamapps\sourcemods\who\maps\list_02.bsp
reading c:\program files (x86)\steam\steamapps\sourcemods\who\maps\list_02.prt
   4 portalclusters
   4 numportals
0...1...2...3...4...5...6...7...8...9...100...1...2...3...4...5...6...7...8...9...10Optimized: 0 visible clusters (0.00%)
Total clusters visible: 16
Average clusters visible: 4
Building PAS...
Average clusters audible: 4
visdatasize:44  compressed from 64
writing c:\program files (x86)\steam\steamapps\sourcemods\who\maps\list_02.bsp
0 seconds elapsed



[Reading texlights from 'lights.rad']
[48 texlights parsed from 'lights.rad']

Loading c:\program files (x86)\steam\steamapps\sourcemods\who\maps\list_02.bsp
294 faces
33571 square feet [4834367.00 square inches]
0 Displacements
0 Square Feet [0.00 Square Inches]
294 patches before subdivision
29230 patches after subdivision
18 direct lights
0...1...2...3...4...5...6...7...8...9...100...1...2...3...4...5...6...7...8...9...10transfers 3333469, max 506
transfer lists:  25.4 megs
0...1...2...3...4...5...6...7...8...9...10	Bounce #1 added RGB(125507, 35281, 349)
0...1...2...3...4...5...6...7...8...9...10	Bounce #2 added RGB(154353, 12197, 1)
0...1...2...3...4...5...6...7...8...9...10	Bounce #3 added RGB(98608, 2190, 0)
0...1...2...3...4...5...6...7...8...9...10	Bounce #4 added RGB(78831, 492, 0)
0...1...2...3...4...5...6...7...8...9...10	Bounce #5 added RGB(58821, 103, 0)
0...1...2...3...4...5...6...7...8...9...10	Bounce #6 added RGB(45217, 22, 0)
0...1...2...3...4...5...6...7...8...9...10	Bounce #7 added RGB(34460, 5, 0)
0...1...2...3...4...5...6...7...8...9...10	Bounce #8 added RGB(26374, 1, 0)
0...1...2...3...4...5...6...7...8...9...10	Bounce #9 added RGB(20164, 0, 0)
0...1...2...3...4...5...6...7...8...9...10	Bounce #10 added RGB(15426, 0, 0)
0...1...2...3...4...5...6...7...8...9...10	Bounce #11 added RGB(11800, 0, 0)
0...1...2...3...4...5...6...7...8...9...10	Bounce #12 added RGB(9027, 0, 0)
0...1...2...3...4...5...6...7...8...9...10	Bounce #13 added RGB(6906, 0, 0)
0...1...2...3...4...5...6...7...8...9...10	Bounce #14 added RGB(5283, 0, 0)
0...1...2...3...4...5...6...7...8...9...10	Bounce #15 added RGB(4041, 0, 0)
0...1...2...3...4...5...6...7...8...9...10	Bounce #16 added RGB(3092, 0, 0)
0...1...2...3...4...5...6...7...8...9...10	Bounce #17 added RGB(2365, 0, 0)
0...1...2...3...4...5...6...7...8...9...10	Bounce #18 added RGB(1809, 0, 0)
0...1...2...3...4...5...6...7...8...9...10	Bounce #19 added RGB(1384, 0, 0)
0...1...2...3...4...5...6...7...8...9...10	Bounce #20 added RGB(1059, 0, 0)
0...1...2...3...4...5...6...7...8...9...10	Bounce #21 added RGB(810, 0, 0)
0...1...2...3...4...5...6...7...8...9...10	Bounce #22 added RGB(620, 0, 0)
0...1...2...3...4...5...6...7...8...9...10	Bounce #23 added RGB(474, 0, 0)
0...1...2...3...4...5...6...7...8...9...10	Bounce #24 added RGB(363, 0, 0)
0...1...2...3...4...5...6...7...8...9...10	Bounce #25 added RGB(277, 0, 0)
0...1...2...3...4...5...6...7...8...9...10	Bounce #26 added RGB(212, 0, 0)
0...1...2...3...4...5...6...7...8...9...10	Bounce #27 added RGB(162, 0, 0)
0...1...2...3...4...5...6...7...8...9...10	Bounce #28 added RGB(124, 0, 0)
0...1...2...3...4...5...6...7...8...9...10	Bounce #29 added RGB(95, 0, 0)
0...1...2...3...4...5...6...7...8...9...10	Bounce #30 added RGB(73, 0, 0)
0...1...2...3...4...5...6...7...8...9...10	Bounce #31 added RGB(56, 0, 0)
0...1...2...3...4...5...6...7...8...9...10	Bounce #32 added RGB(43, 0, 0)
0...1...2...3...4...5...6...7...8...9...10	Bounce #33 added RGB(33, 0, 0)
0...1...2...3...4...5...6...7...8...9...10	Bounce #34 added RGB(25, 0, 0)
0...1...2...3...4...5...6...7...8...9...10	Bounce #35 added RGB(19, 0, 0)
0...1...2...3...4...5...6...7...8...9...10	Bounce #36 added RGB(15, 0, 0)
0...1...2...3...4...5...6...7...8...9...10	Bounce #37 added RGB(11, 0, 0)
0...1...2...3...4...5...6...7...8...9...10	Bounce #38 added RGB(9, 0, 0)
0...1...2...3...4...5...6...7...8...9...10	Bounce #39 added RGB(7, 0, 0)
0...1...2...3...4...5...6...7...8...9...10	Bounce #40 added RGB(5, 0, 0)
0...1...2...3...4...5...6...7...8...9...10	Bounce #41 added RGB(4, 0, 0)
0...1...2...3...4...5...6...7...8...9...10	Bounce #42 added RGB(3, 0, 0)
0...1...2...3...4...5...6...7...8...9...10	Bounce #43 added RGB(2, 0, 0)
0...1...2...3...4...5...6...7...8...9...10	Bounce #44 added RGB(2, 0, 0)
0...1...2...3...4...5...6...7...8...9...10	Bounce #45 added RGB(1, 0, 0)
0...1...2...3...4...5...6...7...8...9...10	Bounce #46 added RGB(1, 0, 0)
0...1...2...3...4...5...6...7...8...9...10	Bounce #47 added RGB(1, 0, 0)
Build Patch/Sample Hash Table(s).....Done<0.0088 sec>
0...1...2...3...4...5...6...7...8...9...10FinalLightFace Done
0 of 0 (0% of) surface lights went in leaf ambient cubes.
0...1...2...3...4...5...6...7...8...9...10Writing leaf ambient...done
Ready to Finish

Object names       Objects/Maxobjs  Memory / Maxmem  Fullness 
------------       ---------------  ---------------  -------- 
models                   4/4096          192/196608   ( 0.1%) 
brushes                  9/32768         108/393216   ( 0.0%) 
brushsides              54/65536         432/524288   ( 0.1%) 
planes                 106/65536        2120/1310720  ( 0.2%) 
vertexes               357/65536        4284/786432   ( 0.5%) 
nodes                   45/65536        1440/2097152  ( 0.1%) 
texinfos                14/12288        1008/884736   ( 0.1%) 
texdata                  3/2048           96/65536    ( 0.1%) 
dispinfos                0/0               0/0        ( 0.0%) 
disp_verts               0/0               0/0        ( 0.0%) 
disp_tris                0/0               0/0        ( 0.0%) 
disp_lmsamples           0/0               0/0        ( 0.0%) 
faces                  294/65536       16464/3670016  ( 0.4%) 
hdr faces                0/65536           0/3670016  ( 0.0%) 
origfaces               24/65536        1344/3670016  ( 0.0%) 
leaves                  50/65536        1600/2097152  ( 0.1%) 
leaffaces              294/65536         588/131072   ( 0.4%) 
leafbrushes             23/65536          46/131072   ( 0.0%) 
areas                    2/1024           16/8192     ( 0.2%) 
surfedges             1332/512000       5328/2048000  ( 0.3%) 
edges                  679/256000       2716/1024000  ( 0.3%) 
LDR worldlights         18/16384        1584/1441792  ( 0.1%) 
HDR worldlights          0/16384           0/1441792  ( 0.0%) 
leafwaterdata            0/32768           0/393216   ( 0.0%) 
waterstrips              0/131072          0/1310720  ( 0.0%) 
waterverts               0/131072          0/1572864  ( 0.0%) 
waterindices             0/131072          0/262144   ( 0.0%) 
cubemapsamples           0/1024            0/16384    ( 0.0%) 
overlays                 0/1024            0/360448   ( 0.0%) 
LDR lightdata         [variable]      957988/0        ( 0.0%) 
HDR lightdata         [variable]           0/0        ( 0.0%) 
visdata               [variable]          44/16777216 ( 0.0%) 
entdata               [variable]        8564/393216   ( 2.2%) 
LDR ambient table       50/65536         200/262144   ( 0.1%) 
HDR ambient table       50/65536         200/262144   ( 0.1%) 
LDR leaf ambient        82/65536        2296/1835008  ( 0.1%) 
HDR leaf ambient        50/65536        1400/1835008  ( 0.1%) 
occluders                0/0               0/0        ( 0.0%) 
occluder polygons        0/0               0/0        ( 0.0%) 
occluder vert ind        0/0               0/0        ( 0.0%) 
detail props          [variable]           1/12       ( 8.3%) 
static props          [variable]           1/12       ( 8.3%) 
pakfile               [variable]         385/0        ( 0.0%) 
physics               [variable]        4073/4194304  ( 0.1%) 
physics terrain       [variable]           2/1048576  ( 0.0%) 

Level flags = 1

Total triangle count: 648
Writing c:\program files (x86)\steam\steamapps\sourcemods\who\maps\list_02.bsp
2 seconds elapsed



[Reading texlights from 'lights.rad']
[48 texlights parsed from 'lights.rad']

Loading c:\program files (x86)\steam\steamapps\sourcemods\who\maps\list_02.bsp
294 faces
33571 square feet [4834367.00 square inches]
0 Displacements
0 Square Feet [0.00 Square Inches]
294 patches before subdivision
29230 patches after subdivision
18 direct lights
0...1...2...3...4...5...6...7...8...9...100...1...2...3...4...5...6...7...8...9...10transfers 3333469, max 506
transfer lists:  25.4 megs
0...1...2...3...4...5...6...7...8...9...10	Bounce #1 added RGB(125507, 35281, 349)
0...1...2...3...4...5...6...7...8...9...10	Bounce #2 added RGB(154353, 12197, 1)
0...1...2...3...4...5...6...7...8...9...10	Bounce #3 added RGB(98608, 2190, 0)
0...1...2...3...4...5...6...7...8...9...10	Bounce #4 added RGB(78830, 492, 0)
0...1...2...3...4...5...6...7...8...9...10	Bounce #5 added RGB(58821, 103, 0)
0...1...2...3...4...5...6...7...8...9...10	Bounce #6 added RGB(45217, 22, 0)
0...1...2...3...4...5...6...7...8...9...10	Bounce #7 added RGB(34460, 5, 0)
0...1...2...3...4...5...6...7...8...9...10	Bounce #8 added RGB(26374, 1, 0)
0...1...2...3...4...5...6...7...8...9...10	Bounce #9 added RGB(20164, 0, 0)
0...1...2...3...4...5...6...7...8...9...10	Bounce #10 added RGB(15426, 0, 0)
0...1...2...3...4...5...6...7...8...9...10	Bounce #11 added RGB(11800, 0, 0)
0...1...2...3...4...5...6...7...8...9...10	Bounce #12 added RGB(9027, 0, 0)
0...1...2...3...4...5...6...7...8...9...10	Bounce #13 added RGB(6906, 0, 0)
0...1...2...3...4...5...6...7...8...9...10	Bounce #14 added RGB(5283, 0, 0)
0...1...2...3...4...5...6...7...8...9...10	Bounce #15 added RGB(4041, 0, 0)
0...1...2...3...4...5...6...7...8...9...10	Bounce #16 added RGB(3092, 0, 0)
0...1...2...3...4...5...6...7...8...9...10	Bounce #17 added RGB(2365, 0, 0)
0...1...2...3...4...5...6...7...8...9...10	Bounce #18 added RGB(1809, 0, 0)
0...1...2...3...4...5...6...7...8...9...10	Bounce #19 added RGB(1384, 0, 0)
0...1...2...3...4...5...6...7...8...9...10	Bounce #20 added RGB(1059, 0, 0)
0...1...2...3...4...5...6...7...8...9...10	Bounce #21 added RGB(810, 0, 0)
0...1...2...3...4...5...6...7...8...9...10	Bounce #22 added RGB(620, 0, 0)
0...1...2...3...4...5...6...7...8...9...10	Bounce #23 added RGB(474, 0, 0)
0...1...2...3...4...5...6...7...8...9...10	Bounce #24 added RGB(363, 0, 0)
0...1...2...3...4...5...6...7...8...9...10	Bounce #25 added RGB(277, 0, 0)
0...1...2...3...4...5...6...7...8...9...10	Bounce #26 added RGB(212, 0, 0)
0...1...2...3...4...5...6...7...8...9...10	Bounce #27 added RGB(162, 0, 0)
0...1...2...3...4...5...6...7...8...9...10	Bounce #28 added RGB(124, 0, 0)
0...1...2...3...4...5...6...7...8...9...10	Bounce #29 added RGB(95, 0, 0)
0...1...2...3...4...5...6...7...8...9...10	Bounce #30 added RGB(73, 0, 0)
0...1...2...3...4...5...6...7...8...9...10	Bounce #31 added RGB(56, 0, 0)
0...1...2...3...4...5...6...7...8...9...10	Bounce #32 added RGB(43, 0, 0)
0...1...2...3...4...5...6...7...8...9...10	Bounce #33 added RGB(33, 0, 0)
0...1...2...3...4...5...6...7...8...9...10	Bounce #34 added RGB(25, 0, 0)
0...1...2...3...4...5...6...7...8...9...10	Bounce #35 added RGB(19, 0, 0)
0...1...2...3...4...5...6...7...8...9...10	Bounce #36 added RGB(15, 0, 0)
0...1...2...3...4...5...6...7...8...9...10	Bounce #37 added RGB(11, 0, 0)
0...1...2...3...4...5...6...7...8...9...10	Bounce #38 added RGB(9, 0, 0)
0...1...2...3...4...5...6...7...8...9...10	Bounce #39 added RGB(7, 0, 0)
0...1...2...3...4...5...6...7...8...9...10	Bounce #40 added RGB(5, 0, 0)
0...1...2...3...4...5...6...7...8...9...10	Bounce #41 added RGB(4, 0, 0)
0...1...2...3...4...5...6...7...8...9...10	Bounce #42 added RGB(3, 0, 0)
0...1...2...3...4...5...6...7...8...9...10	Bounce #43 added RGB(2, 0, 0)
0...1...2...3...4...5...6...7...8...9...10	Bounce #44 added RGB(2, 0, 0)
0...1...2...3...4...5...6...7...8...9...10	Bounce #45 added RGB(1, 0, 0)
0...1...2...3...4...5...6...7...8...9...10	Bounce #46 added RGB(1, 0, 0)
0...1...2...3...4...5...6...7...8...9...10	Bounce #47 added RGB(1, 0, 0)
Build Patch/Sample Hash Table(s).....Done<0.0075 sec>
0...1...2...3...4...5...6...7...8...9...10FinalLightFace Done
0 of 0 (0% of) surface lights went in leaf ambient cubes.
0...1...2...3...4...5...6...7...8...9...10Writing leaf ambient...done
Ready to Finish

Object names       Objects/Maxobjs  Memory / Maxmem  Fullness 
------------       ---------------  ---------------  -------- 
models                   4/4096          192/196608   ( 0.1%) 
brushes                  9/32768         108/393216   ( 0.0%) 
brushsides              54/65536         432/524288   ( 0.1%) 
planes                 106/65536        2120/1310720  ( 0.2%) 
vertexes               357/65536        4284/786432   ( 0.5%) 
nodes                   45/65536        1440/2097152  ( 0.1%) 
texinfos                14/12288        1008/884736   ( 0.1%) 
texdata                  3/2048           96/65536    ( 0.1%) 
dispinfos                0/0               0/0        ( 0.0%) 
disp_verts               0/0               0/0        ( 0.0%) 
disp_tris                0/0               0/0        ( 0.0%) 
disp_lmsamples           0/0               0/0        ( 0.0%) 
faces                  294/65536       16464/3670016  ( 0.4%) 
hdr faces              294/65536       16464/3670016  ( 0.4%) 
origfaces               24/65536        1344/3670016  ( 0.0%) 
leaves                  50/65536        1600/2097152  ( 0.1%) 
leaffaces              294/65536         588/131072   ( 0.4%) 
leafbrushes             23/65536          46/131072   ( 0.0%) 
areas                    2/1024           16/8192     ( 0.2%) 
surfedges             1332/512000       5328/2048000  ( 0.3%) 
edges                  679/256000       2716/1024000  ( 0.3%) 
LDR worldlights         18/16384        1584/1441792  ( 0.1%) 
HDR worldlights         18/16384        1584/1441792  ( 0.1%) 
leafwaterdata            0/32768           0/393216   ( 0.0%) 
waterstrips              0/131072          0/1310720  ( 0.0%) 
waterverts               0/131072          0/1572864  ( 0.0%) 
waterindices             0/131072          0/262144   ( 0.0%) 
cubemapsamples           0/1024            0/16384    ( 0.0%) 
overlays                 0/1024            0/360448   ( 0.0%) 
LDR lightdata         [variable]      957988/0        ( 0.0%) 
HDR lightdata         [variable]      957988/0        ( 0.0%) 
visdata               [variable]          44/16777216 ( 0.0%) 
entdata               [variable]        8564/393216   ( 2.2%) 
LDR ambient table       50/65536         200/262144   ( 0.1%) 
HDR ambient table       50/65536         200/262144   ( 0.1%) 
LDR leaf ambient        82/65536        2296/1835008  ( 0.1%) 
HDR leaf ambient        82/65536        2296/1835008  ( 0.1%) 
occluders                0/0               0/0        ( 0.0%) 
occluder polygons        0/0               0/0        ( 0.0%) 
occluder vert ind        0/0               0/0        ( 0.0%) 
detail props          [variable]           1/12       ( 8.3%) 
static props          [variable]           1/12       ( 8.3%) 
pakfile               [variable]         385/0        ( 0.0%) 
physics               [variable]        4073/4194304  ( 0.1%) 
physics terrain       [variable]           2/1048576  ( 0.0%) 

Level flags = 3

Total triangle count: 648
Writing c:\program files (x86)\steam\steamapps\sourcemods\who\maps\list_02.bsp
2 seconds elapsed



materialPath: C:\Program Files (x86)\Steam\steamapps\sourcemods\who\materials
Loading c:\program files (x86)\steam\steamapps\sourcemods\who\maps\list_02.vmf
Patching WVT material: maps/list_02/dev/dev_blendmeasure_wvt_patch
fixing up env_cubemap materials on brush sides...
0...1...2...3...4...5...6...7...8...9...100...1...2...3...4...5...6...7...8...9...10Processing areas...done (0)
Building Faces...done (0)
FixTjuncs...
PruneNodes...
WriteBSP...
done (0)
writing c:\program files (x86)\steam\steamapps\sourcemods\who\maps\list_02.prt...Building visibility clusters...
done (0)
Finding displacement neighbors...
Finding lightmap sample positions...
Displacement Alpha : 0...1...2...3...4...5...6...7...8...9...10
Building Physics collision data...
done (0) (4073 bytes)
Placing static props...
Placing detail props : 0...1...2...3...4...5...6...7...8...9...10
Compacting texture/material tables...
Reduced 47 texinfos to 14
Reduced 5 texdatas to 3 (132 bytes to 67)
Writing c:\program files (x86)\steam\steamapps\sourcemods\who\maps\list_02.bsp
0 seconds elapsed



4 threads
reading c:\program files (x86)\steam\steamapps\sourcemods\who\maps\list_02.bsp
reading c:\program files (x86)\steam\steamapps\sourcemods\who\maps\list_02.prt
   4 portalclusters
   4 numportals
0...1...2...3...4...5...6...7...8...9...100...1...2...3...4...5...6...7...8...9...10Optimized: 0 visible clusters (0.00%)
Total clusters visible: 16
Average clusters visible: 4
Building PAS...
Average clusters audible: 4
visdatasize:44  compressed from 64
writing c:\program files (x86)\steam\steamapps\sourcemods\who\maps\list_02.bsp
0 seconds elapsed



[Reading texlights from 'lights.rad']
[48 texlights parsed from 'lights.rad']

Loading c:\program files (x86)\steam\steamapps\sourcemods\who\maps\list_02.bsp
294 faces
33571 square feet [4834367.00 square inches]
0 Displacements
0 Square Feet [0.00 Square Inches]
294 patches before subdivision
29230 patches after subdivision
18 direct lights
0...1...2...3...4...5...6...7...8...9...100...1...2...3...4...5...6...7...8...9...10transfers 3218272, max 485
transfer lists:  24.6 megs
0...1...2...3...4...5...6...7...8...9...10	Bounce #1 added RGB(93194, 26197, 259)
0...1...2...3...4...5...6...7...8...9...10	Bounce #2 added RGB(105650, 8349, 1)
0...1...2...3...4...5...6...7...8...9...10	Bounce #3 added RGB(67081, 1490, 0)
0...1...2...3...4...5...6...7...8...9...10	Bounce #4 added RGB(53115, 332, 0)
0...1...2...3...4...5...6...7...8...9...10	Bounce #5 added RGB(39382, 69, 0)
0...1...2...3...4...5...6...7...8...9...10	Bounce #6 added RGB(30100, 15, 0)
0...1...2...3...4...5...6...7...8...9...10	Bounce #7 added RGB(22818, 3, 0)
0...1...2...3...4...5...6...7...8...9...10	Bounce #8 added RGB(17375, 1, 0)
0...1...2...3...4...5...6...7...8...9...10	Bounce #9 added RGB(13217, 0, 0)
0...1...2...3...4...5...6...7...8...9...10	Bounce #10 added RGB(10061, 0, 0)
0...1...2...3...4...5...6...7...8...9...10	Bounce #11 added RGB(7658, 0, 0)
0...1...2...3...4...5...6...7...8...9...10	Bounce #12 added RGB(5829, 0, 0)
0...1...2...3...4...5...6...7...8...9...10	Bounce #13 added RGB(4437, 0, 0)
0...1...2...3...4...5...6...7...8...9...10	Bounce #14 added RGB(3378, 0, 0)
0...1...2...3...4...5...6...7...8...9...10	Bounce #15 added RGB(2571, 0, 0)
0...1...2...3...4...5...6...7...8...9...10	Bounce #16 added RGB(1957, 0, 0)
0...1...2...3...4...5...6...7...8...9...10	Bounce #17 added RGB(1490, 0, 0)
0...1...2...3...4...5...6...7...8...9...10	Bounce #18 added RGB(1134, 0, 0)
0...1...2...3...4...5...6...7...8...9...10	Bounce #19 added RGB(864, 0, 0)
0...1...2...3...4...5...6...7...8...9...10	Bounce #20 added RGB(657, 0, 0)
0...1...2...3...4...5...6...7...8...9...10	Bounce #21 added RGB(500, 0, 0)
0...1...2...3...4...5...6...7...8...9...10	Bounce #22 added RGB(381, 0, 0)
0...1...2...3...4...5...6...7...8...9...10	Bounce #23 added RGB(290, 0, 0)
0...1...2...3...4...5...6...7...8...9...10	Bounce #24 added RGB(221, 0, 0)
0...1...2...3...4...5...6...7...8...9...10	Bounce #25 added RGB(168, 0, 0)
0...1...2...3...4...5...6...7...8...9...10	Bounce #26 added RGB(128, 0, 0)
0...1...2...3...4...5...6...7...8...9...10	Bounce #27 added RGB(97, 0, 0)
0...1...2...3...4...5...6...7...8...9...10	Bounce #28 added RGB(74, 0, 0)
0...1...2...3...4...5...6...7...8...9...10	Bounce #29 added RGB(56, 0, 0)
0...1...2...3...4...5...6...7...8...9...10	Bounce #30 added RGB(43, 0, 0)
0...1...2...3...4...5...6...7...8...9...10	Bounce #31 added RGB(33, 0, 0)
0...1...2...3...4...5...6...7...8...9...10	Bounce #32 added RGB(25, 0, 0)
0...1...2...3...4...5...6...7...8...9...10	Bounce #33 added RGB(19, 0, 0)
0...1...2...3...4...5...6...7...8...9...10	Bounce #34 added RGB(14, 0, 0)
0...1...2...3...4...5...6...7...8...9...10	Bounce #35 added RGB(11, 0, 0)
0...1...2...3...4...5...6...7...8...9...10	Bounce #36 added RGB(8, 0, 0)
0...1...2...3...4...5...6...7...8...9...10	Bounce #37 added RGB(6, 0, 0)
0...1...2...3...4...5...6...7...8...9...10	Bounce #38 added RGB(5, 0, 0)
0...1...2...3...4...5...6...7...8...9...10	Bounce #39 added RGB(4, 0, 0)
0...1...2...3...4...5...6...7...8...9...10	Bounce #40 added RGB(3, 0, 0)
0...1...2...3...4...5...6...7...8...9...10	Bounce #41 added RGB(2, 0, 0)
0...1...2...3...4...5...6...7...8...9...10	Bounce #42 added RGB(2, 0, 0)
0...1...2...3...4...5...6...7...8...9...10	Bounce #43 added RGB(1, 0, 0)
0...1...2...3...4...5...6...7...8...9...10	Bounce #44 added RGB(1, 0, 0)
Build Patch/Sample Hash Table(s).....Done<0.0087 sec>
0...1...2...3...4...5...6...7...8...9...10FinalLightFace Done
0 of 0 (0% of) surface lights went in leaf ambient cubes.
0...1...2...3...4...5...6...7...8...9...10Writing leaf ambient...done
Computing static prop lighting : 00...1...2...3...4...5...6...7...8...9...10
Ready to Finish

Object names       Objects/Maxobjs  Memory / Maxmem  Fullness 
------------       ---------------  ---------------  -------- 
models                   4/4096          192/196608   ( 0.1%) 
brushes                  9/32768         108/393216   ( 0.0%) 
brushsides              54/65536         432/524288   ( 0.1%) 
planes                 106/65536        2120/1310720  ( 0.2%) 
vertexes               357/65536        4284/786432   ( 0.5%) 
nodes                   45/65536        1440/2097152  ( 0.1%) 
texinfos                14/12288        1008/884736   ( 0.1%) 
texdata                  3/2048           96/65536    ( 0.1%) 
dispinfos                0/0               0/0        ( 0.0%) 
disp_verts               0/0               0/0        ( 0.0%) 
disp_tris                0/0               0/0        ( 0.0%) 
disp_lmsamples           0/0               0/0        ( 0.0%) 
faces                  294/65536       16464/3670016  ( 0.4%) 
hdr faces                0/65536           0/3670016  ( 0.0%) 
origfaces               24/65536        1344/3670016  ( 0.0%) 
leaves                  50/65536        1600/2097152  ( 0.1%) 
leaffaces              294/65536         588/131072   ( 0.4%) 
leafbrushes             23/65536          46/131072   ( 0.0%) 
areas                    2/1024           16/8192     ( 0.2%) 
surfedges             1332/512000       5328/2048000  ( 0.3%) 
edges                  679/256000       2716/1024000  ( 0.3%) 
LDR worldlights         18/16384        1584/1441792  ( 0.1%) 
HDR worldlights          0/16384           0/1441792  ( 0.0%) 
leafwaterdata            0/32768           0/393216   ( 0.0%) 
waterstrips              0/131072          0/1310720  ( 0.0%) 
waterverts               0/131072          0/1572864  ( 0.0%) 
waterindices             0/131072          0/262144   ( 0.0%) 
cubemapsamples           0/1024            0/16384    ( 0.0%) 
overlays                 0/1024            0/360448   ( 0.0%) 
LDR lightdata         [variable]      957988/0        ( 0.0%) 
HDR lightdata         [variable]           0/0        ( 0.0%) 
visdata               [variable]          44/16777216 ( 0.0%) 
entdata               [variable]        8564/393216   ( 2.2%) 
LDR ambient table       50/65536         200/262144   ( 0.1%) 
HDR ambient table       50/65536         200/262144   ( 0.1%) 
LDR leaf ambient        82/65536        2296/1835008  ( 0.1%) 
HDR leaf ambient        50/65536        1400/1835008  ( 0.1%) 
occluders                0/0               0/0        ( 0.0%) 
occluder polygons        0/0               0/0        ( 0.0%) 
occluder vert ind        0/0               0/0        ( 0.0%) 
detail props          [variable]           1/12       ( 8.3%) 
static props          [variable]           1/208      ( 0.5%) 
pakfile               [variable]       19933/0        ( 0.0%) 
physics               [variable]        4073/4194304  ( 0.1%) 
physics terrain       [variable]           2/1048576  ( 0.0%) 

Level flags = 1

Total triangle count: 648
Writing c:\program files (x86)\steam\steamapps\sourcemods\who\maps\list_02.bsp
3 seconds elapsed



[Reading texlights from 'lights.rad']
[48 texlights parsed from 'lights.rad']

Loading c:\program files (x86)\steam\steamapps\sourcemods\who\maps\list_02.bsp
294 faces
33571 square feet [4834367.00 square inches]
0 Displacements
0 Square Feet [0.00 Square Inches]
294 patches before subdivision
29230 patches after subdivision
18 direct lights
0...1...2...3...4...5...6...7...8...9...100...1...2...3...4...5...6...7...8...9...10transfers 3218272, max 485
transfer lists:  24.6 megs
0...1...2...3...4...5...6...7...8...9...10	Bounce #1 added RGB(93194, 26197, 259)
0...1...2...3...4...5...6...7...8...9...10	Bounce #2 added RGB(105650, 8349, 1)
0...1...2...3...4...5...6...7...8...9...10	Bounce #3 added RGB(67081, 1490, 0)
0...1...2...3...4...5...6...7...8...9...10	Bounce #4 added RGB(53115, 332, 0)
0...1...2...3...4...5...6...7...8...9...10	Bounce #5 added RGB(39382, 69, 0)
0...1...2...3...4...5...6...7...8...9...10	Bounce #6 added RGB(30100, 15, 0)
0...1...2...3...4...5...6...7...8...9...10	Bounce #7 added RGB(22818, 3, 0)
0...1...2...3...4...5...6...7...8...9...10	Bounce #8 added RGB(17375, 1, 0)
0...1...2...3...4...5...6...7...8...9...10	Bounce #9 added RGB(13217, 0, 0)
0...1...2...3...4...5...6...7...8...9...10	Bounce #10 added RGB(10061, 0, 0)
0...1...2...3...4...5...6...7...8...9...10	Bounce #11 added RGB(7658, 0, 0)
0...1...2...3...4...5...6...7...8...9...10	Bounce #12 added RGB(5829, 0, 0)
0...1...2...3...4...5...6...7...8...9...10	Bounce #13 added RGB(4437, 0, 0)
0...1...2...3...4...5...6...7...8...9...10	Bounce #14 added RGB(3378, 0, 0)
0...1...2...3...4...5...6...7...8...9...10	Bounce #15 added RGB(2571, 0, 0)
0...1...2...3...4...5...6...7...8...9...10	Bounce #16 added RGB(1957, 0, 0)
0...1...2...3...4...5...6...7...8...9...10	Bounce #17 added RGB(1490, 0, 0)
0...1...2...3...4...5...6...7...8...9...10	Bounce #18 added RGB(1134, 0, 0)
0...1...2...3...4...5...6...7...8...9...10	Bounce #19 added RGB(864, 0, 0)
0...1...2...3...4...5...6...7...8...9...10	Bounce #20 added RGB(657, 0, 0)
0...1...2...3...4...5...6...7...8...9...10	Bounce #21 added RGB(500, 0, 0)
0...1...2...3...4...5...6...7...8...9...10	Bounce #22 added RGB(381, 0, 0)
0...1...2...3...4...5...6...7...8...9...10	Bounce #23 added RGB(290, 0, 0)
0...1...2...3...4...5...6...7...8...9...10	Bounce #24 added RGB(221, 0, 0)
0...1...2...3...4...5...6...7...8...9...10	Bounce #25 added RGB(168, 0, 0)
0...1...2...3...4...5...6...7...8...9...10	Bounce #26 added RGB(128, 0, 0)
0...1...2...3...4...5...6...7...8...9...10	Bounce #27 added RGB(97, 0, 0)
0...1...2...3...4...5...6...7...8...9...10	Bounce #28 added RGB(74, 0, 0)
0...1...2...3...4...5...6...7...8...9...10	Bounce #29 added RGB(56, 0, 0)
0...1...2...3...4...5...6...7...8...9...10	Bounce #30 added RGB(43, 0, 0)
0...1...2...3...4...5...6...7...8...9...10	Bounce #31 added RGB(33, 0, 0)
0...1...2...3...4...5...6...7...8...9...10	Bounce #32 added RGB(25, 0, 0)
0...1...2...3...4...5...6...7...8...9...10	Bounce #33 added RGB(19, 0, 0)
0...1...2...3...4...5...6...7...8...9...10	Bounce #34 added RGB(14, 0, 0)
0...1...2...3...4...5...6...7...8...9...10	Bounce #35 added RGB(11, 0, 0)
0...1...2...3...4...5...6...7...8...9...10	Bounce #36 added RGB(8, 0, 0)
0...1...2...3...4...5...6...7...8...9...10	Bounce #37 added RGB(6, 0, 0)
0...1...2...3...4...5...6...7...8...9...10	Bounce #38 added RGB(5, 0, 0)
0...1...2...3...4...5...6...7...8...9...10	Bounce #39 added RGB(4, 0, 0)
0...1...2...3...4...5...6...7...8...9...10	Bounce #40 added RGB(3, 0, 0)
0...1...2...3...4...5...6...7...8...9...10	Bounce #41 added RGB(2, 0, 0)
0...1...2...3...4...5...6...7...8...9...10	Bounce #42 added RGB(2, 0, 0)
0...1...2...3...4...5...6...7...8...9...10	Bounce #43 added RGB(1, 0, 0)
0...1...2...3...4...5...6...7...8...9...10	Bounce #44 added RGB(1, 0, 0)
Build Patch/Sample Hash Table(s).....Done<0.0086 sec>
0...1...2...3...4...5...6...7...8...9...10FinalLightFace Done
0 of 0 (0% of) surface lights went in leaf ambient cubes.
0...1...2...3...4...5...6...7...8...9...10Writing leaf ambient...done
Computing static prop lighting : 00...1...2...3...4...5...6...7...8...9...10
Ready to Finish

Object names       Objects/Maxobjs  Memory / Maxmem  Fullness 
------------       ---------------  ---------------  -------- 
models                   4/4096          192/196608   ( 0.1%) 
brushes                  9/32768         108/393216   ( 0.0%) 
brushsides              54/65536         432/524288   ( 0.1%) 
planes                 106/65536        2120/1310720  ( 0.2%) 
vertexes               357/65536        4284/786432   ( 0.5%) 
nodes                   45/65536        1440/2097152  ( 0.1%) 
texinfos                14/12288        1008/884736   ( 0.1%) 
texdata                  3/2048           96/65536    ( 0.1%) 
dispinfos                0/0               0/0        ( 0.0%) 
disp_verts               0/0               0/0        ( 0.0%) 
disp_tris                0/0               0/0        ( 0.0%) 
disp_lmsamples           0/0               0/0        ( 0.0%) 
faces                  294/65536       16464/3670016  ( 0.4%) 
hdr faces              294/65536       16464/3670016  ( 0.4%) 
origfaces               24/65536        1344/3670016  ( 0.0%) 
leaves                  50/65536        1600/2097152  ( 0.1%) 
leaffaces              294/65536         588/131072   ( 0.4%) 
leafbrushes             23/65536          46/131072   ( 0.0%) 
areas                    2/1024           16/8192     ( 0.2%) 
surfedges             1332/512000       5328/2048000  ( 0.3%) 
edges                  679/256000       2716/1024000  ( 0.3%) 
LDR worldlights         18/16384        1584/1441792  ( 0.1%) 
HDR worldlights         18/16384        1584/1441792  ( 0.1%) 
leafwaterdata            0/32768           0/393216   ( 0.0%) 
waterstrips              0/131072          0/1310720  ( 0.0%) 
waterverts               0/131072          0/1572864  ( 0.0%) 
waterindices             0/131072          0/262144   ( 0.0%) 
cubemapsamples           0/1024            0/16384    ( 0.0%) 
overlays                 0/1024            0/360448   ( 0.0%) 
LDR lightdata         [variable]      957988/0        ( 0.0%) 
HDR lightdata         [variable]      957988/0        ( 0.0%) 
visdata               [variable]          44/16777216 ( 0.0%) 
entdata               [variable]        8564/393216   ( 2.2%) 
LDR ambient table       50/65536         200/262144   ( 0.1%) 
HDR ambient table       50/65536         200/262144   ( 0.1%) 
LDR leaf ambient        82/65536        2296/1835008  ( 0.1%) 
HDR leaf ambient        82/65536        2296/1835008  ( 0.1%) 
occluders                0/0               0/0        ( 0.0%) 
occluder polygons        0/0               0/0        ( 0.0%) 
occluder vert ind        0/0               0/0        ( 0.0%) 
detail props          [variable]           1/12       ( 8.3%) 
static props          [variable]           1/208      ( 0.5%) 
pakfile               [variable]       39489/0        ( 0.0%) 
physics               [variable]        4073/4194304  ( 0.1%) 
physics terrain       [variable]           2/1048576  ( 0.0%) 

Level flags = 3

Total triangle count: 648
Writing c:\program files (x86)\steam\steamapps\sourcemods\who\maps\list_02.bsp
3 seconds elapsed



materialPath: C:\Program Files (x86)\Steam\steamapps\sourcemods\who\materials
Loading c:\program files (x86)\steam\steamapps\sourcemods\who\maps\list_02.vmf
Patching WVT material: maps/list_02/dev/dev_blendmeasure_wvt_patch
fixing up env_cubemap materials on brush sides...
0...1...2...3...4...5...6...7...8...9...100...1...2...3...4...5...6...7...8...9...10Processing areas...done (0)
Building Faces...done (0)
Chop Details...done (0)
Find Visible Detail Sides...done (0)
Merging details...done (0)
FixTjuncs...
PruneNodes...
WriteBSP...
done (0)
writing c:\program files (x86)\steam\steamapps\sourcemods\who\maps\list_02.prt...Building visibility clusters...
done (0)
Finding displacement neighbors...
Finding lightmap sample positions...
Displacement Alpha : 0...1...2...3...4...5...6...7...8...9...10
Building Physics collision data...
done (0) (11109 bytes)
Placing static props...
Placing detail props : 0...1...2...3...4...5...6...7...8...9...10
Compacting texture/material tables...
Reduced 50 texinfos to 15
Reduced 6 texdatas to 4 (148 bytes to 83)
Writing c:\program files (x86)\steam\steamapps\sourcemods\who\maps\list_02.bsp
0 seconds elapsed



4 threads
reading c:\program files (x86)\steam\steamapps\sourcemods\who\maps\list_02.bsp
reading c:\program files (x86)\steam\steamapps\sourcemods\who\maps\list_02.prt
   4 portalclusters
   4 numportals
0...1...2...3...4...5...6...7...8...9...100...1...2...3...4...5...6...7...8...9...10Optimized: 0 visible clusters (0.00%)
Total clusters visible: 16
Average clusters visible: 4
Building PAS...
Average clusters audible: 4
visdatasize:44  compressed from 64
writing c:\program files (x86)\steam\steamapps\sourcemods\who\maps\list_02.bsp
0 seconds elapsed



[Reading texlights from 'lights.rad']
[48 texlights parsed from 'lights.rad']

Loading c:\program files (x86)\steam\steamapps\sourcemods\who\maps\list_02.bsp
294 faces
33571 square feet [4834367.00 square inches]
0 Displacements
0 Square Feet [0.00 Square Inches]
294 patches before subdivision
29230 patches after subdivision
18 direct lights
0...1...2...3...4...5...6...7...8...9...100...1...2...3...4...5...6...7...8...9...10transfers 3218272, max 485
transfer lists:  24.6 megs
0...1...2...3...4...5...6...7...8...9...10	Bounce #1 added RGB(93194, 26197, 259)
0...1...2...3...4...5...6...7...8...9...10	Bounce #2 added RGB(105650, 8349, 1)
0...1...2...3...4...5...6...7...8...9...10	Bounce #3 added RGB(67081, 1490, 0)
0...1...2...3...4...5...6...7...8...9...10	Bounce #4 added RGB(53115, 332, 0)
0...1...2...3...4...5...6...7...8...9...10	Bounce #5 added RGB(39382, 69, 0)
0...1...2...3...4...5...6...7...8...9...10	Bounce #6 added RGB(30100, 15, 0)
0...1...2...3...4...5...6...7...8...9...10	Bounce #7 added RGB(22818, 3, 0)
0...1...2...3...4...5...6...7...8...9...10	Bounce #8 added RGB(17375, 1, 0)
0...1...2...3...4...5...6...7...8...9...10	Bounce #9 added RGB(13217, 0, 0)
0...1...2...3...4...5...6...7...8...9...10	Bounce #10 added RGB(10061, 0, 0)
0...1...2...3...4...5...6...7...8...9...10	Bounce #11 added RGB(7658, 0, 0)
0...1...2...3...4...5...6...7...8...9...10	Bounce #12 added RGB(5829, 0, 0)
0...1...2...3...4...5...6...7...8...9...10	Bounce #13 added RGB(4437, 0, 0)
0...1...2...3...4...5...6...7...8...9...10	Bounce #14 added RGB(3378, 0, 0)
0...1...2...3...4...5...6...7...8...9...10	Bounce #15 added RGB(2571, 0, 0)
0...1...2...3...4...5...6...7...8...9...10	Bounce #16 added RGB(1957, 0, 0)
0...1...2...3...4...5...6...7...8...9...10	Bounce #17 added RGB(1490, 0, 0)
0...1...2...3...4...5...6...7...8...9...10	Bounce #18 added RGB(1134, 0, 0)
0...1...2...3...4...5...6...7...8...9...10	Bounce #19 added RGB(864, 0, 0)
0...1...2...3...4...5...6...7...8...9...10	Bounce #20 added RGB(657, 0, 0)
0...1...2...3...4...5...6...7...8...9...10	Bounce #21 added RGB(500, 0, 0)
0...1...2...3...4...5...6...7...8...9...10	Bounce #22 added RGB(381, 0, 0)
0...1...2...3...4...5...6...7...8...9...10	Bounce #23 added RGB(290, 0, 0)
0...1...2...3...4...5...6...7...8...9...10	Bounce #24 added RGB(221, 0, 0)
0...1...2...3...4...5...6...7...8...9...10	Bounce #25 added RGB(168, 0, 0)
0...1...2...3...4...5...6...7...8...9...10	Bounce #26 added RGB(128, 0, 0)
0...1...2...3...4...5...6...7...8...9...10	Bounce #27 added RGB(97, 0, 0)
0...1...2...3...4...5...6...7...8...9...10	Bounce #28 added RGB(74, 0, 0)
0...1...2...3...4...5...6...7...8...9...10	Bounce #29 added RGB(56, 0, 0)
0...1...2...3...4...5...6...7...8...9...10	Bounce #30 added RGB(43, 0, 0)
0...1...2...3...4...5...6...7...8...9...10	Bounce #31 added RGB(33, 0, 0)
0...1...2...3...4...5...6...7...8...9...10	Bounce #32 added RGB(25, 0, 0)
0...1...2...3...4...5...6...7...8...9...10	Bounce #33 added RGB(19, 0, 0)
0...1...2...3...4...5...6...7...8...9...10	Bounce #34 added RGB(14, 0, 0)
0...1...2...3...4...5...6...7...8...9...10	Bounce #35 added RGB(11, 0, 0)
0...1...2...3...4...5...6...7...8...9...10	Bounce #36 added RGB(8, 0, 0)
0...1...2...3...4...5...6...7...8...9...10	Bounce #37 added RGB(6, 0, 0)
0...1...2...3...4...5...6...7...8...9...10	Bounce #38 added RGB(5, 0, 0)
0...1...2...3...4...5...6...7...8...9...10	Bounce #39 added RGB(4, 0, 0)
0...1...2...3...4...5...6...7...8...9...10	Bounce #40 added RGB(3, 0, 0)
0...1...2...3...4...5...6...7...8...9...10	Bounce #41 added RGB(2, 0, 0)
0...1...2...3...4...5...6...7...8...9...10	Bounce #42 added RGB(2, 0, 0)
0...1...2...3...4...5...6...7...8...9...10	Bounce #43 added RGB(1, 0, 0)
0...1...2...3...4...5...6...7...8...9...10	Bounce #44 added RGB(1, 0, 0)
Build Patch/Sample Hash Table(s).....Done<0.0085 sec>
0...1...2...3...4...5...6...7...8...9...10FinalLightFace Done
0 of 0 (0% of) surface lights went in leaf ambient cubes.
0...1...2...3...4...5...6...7...8...9...10Writing leaf ambient...done
Computing static prop lighting : 00...1...2...3...4...5...6...7...8...9...10
Ready to Finish

Object names       Objects/Maxobjs  Memory / Maxmem  Fullness 
------------       ---------------  ---------------  -------- 
models                   4/4096          192/196608   ( 0.1%) 
brushes                 22/32768         264/393216   ( 0.1%) 
brushsides             132/65536        1056/524288   ( 0.2%) 
planes                 130/65536        2600/1310720  ( 0.2%) 
vertexes               357/65536        4284/786432   ( 0.5%) 
nodes                   45/65536        1440/2097152  ( 0.1%) 
texinfos                15/12288        1080/884736   ( 0.1%) 
texdata                  4/2048          128/65536    ( 0.2%) 
dispinfos                0/0               0/0        ( 0.0%) 
disp_verts               0/0               0/0        ( 0.0%) 
disp_tris                0/0               0/0        ( 0.0%) 
disp_lmsamples           0/0               0/0        ( 0.0%) 
faces                  294/65536       16464/3670016  ( 0.4%) 
hdr faces                0/65536           0/3670016  ( 0.0%) 
origfaces               24/65536        1344/3670016  ( 0.0%) 
leaves                  50/65536        1600/2097152  ( 0.1%) 
leaffaces              294/65536         588/131072   ( 0.4%) 
leafbrushes             36/65536          72/131072   ( 0.1%) 
areas                    2/1024           16/8192     ( 0.2%) 
surfedges             1332/512000       5328/2048000  ( 0.3%) 
edges                  679/256000       2716/1024000  ( 0.3%) 
LDR worldlights         18/16384        1584/1441792  ( 0.1%) 
HDR worldlights          0/16384           0/1441792  ( 0.0%) 
leafwaterdata            0/32768           0/393216   ( 0.0%) 
waterstrips              0/131072          0/1310720  ( 0.0%) 
waterverts               0/131072          0/1572864  ( 0.0%) 
waterindices             0/131072          0/262144   ( 0.0%) 
cubemapsamples           0/1024            0/16384    ( 0.0%) 
overlays                 0/1024            0/360448   ( 0.0%) 
LDR lightdata         [variable]      957988/0        ( 0.0%) 
HDR lightdata         [variable]           0/0        ( 0.0%) 
visdata               [variable]          44/16777216 ( 0.0%) 
entdata               [variable]        8565/393216   ( 2.2%) 
LDR ambient table       50/65536         200/262144   ( 0.1%) 
HDR ambient table       50/65536         200/262144   ( 0.1%) 
LDR leaf ambient        82/65536        2296/1835008  ( 0.1%) 
HDR leaf ambient        50/65536        1400/1835008  ( 0.1%) 
occluders                0/0               0/0        ( 0.0%) 
occluder polygons        0/0               0/0        ( 0.0%) 
occluder vert ind        0/0               0/0        ( 0.0%) 
detail props          [variable]           1/12       ( 8.3%) 
static props          [variable]           1/208      ( 0.5%) 
pakfile               [variable]       19933/0        ( 0.0%) 
physics               [variable]       11109/4194304  ( 0.3%) 
physics terrain       [variable]           2/1048576  ( 0.0%) 

Level flags = 1

Total triangle count: 648
Writing c:\program files (x86)\steam\steamapps\sourcemods\who\maps\list_02.bsp
3 seconds elapsed



[Reading texlights from 'lights.rad']
[48 texlights parsed from 'lights.rad']

Loading c:\program files (x86)\steam\steamapps\sourcemods\who\maps\list_02.bsp
294 faces
33571 square feet [4834367.00 square inches]
0 Displacements
0 Square Feet [0.00 Square Inches]
294 patches before subdivision
29230 patches after subdivision
18 direct lights
0...1...2...3...4...5...6...7...8...9...100...1...2...3...4...5...6...7...8...9...10transfers 3218272, max 485
transfer lists:  24.6 megs
0...1...2...3...4...5...6...7...8...9...10	Bounce #1 added RGB(93194, 26197, 259)
0...1...2...3...4...5...6...7...8...9...10	Bounce #2 added RGB(105650, 8349, 1)
0...1...2...3...4...5...6...7...8...9...10	Bounce #3 added RGB(67081, 1490, 0)
0...1...2...3...4...5...6...7...8...9...10	Bounce #4 added RGB(53115, 332, 0)
0...1...2...3...4...5...6...7...8...9...10	Bounce #5 added RGB(39382, 69, 0)
0...1...2...3...4...5...6...7...8...9...10	Bounce #6 added RGB(30100, 15, 0)
0...1...2...3...4...5...6...7...8...9...10	Bounce #7 added RGB(22818, 3, 0)
0...1...2...3...4...5...6...7...8...9...10	Bounce #8 added RGB(17375, 1, 0)
0...1...2...3...4...5...6...7...8...9...10	Bounce #9 added RGB(13217, 0, 0)
0...1...2...3...4...5...6...7...8...9...10	Bounce #10 added RGB(10061, 0, 0)
0...1...2...3...4...5...6...7...8...9...10	Bounce #11 added RGB(7658, 0, 0)
0...1...2...3...4...5...6...7...8...9...10	Bounce #12 added RGB(5829, 0, 0)
0...1...2...3...4...5...6...7...8...9...10	Bounce #13 added RGB(4437, 0, 0)
0...1...2...3...4...5...6...7...8...9...10	Bounce #14 added RGB(3378, 0, 0)
0...1...2...3...4...5...6...7...8...9...10	Bounce #15 added RGB(2571, 0, 0)
0...1...2...3...4...5...6...7...8...9...10	Bounce #16 added RGB(1957, 0, 0)
0...1...2...3...4...5...6...7...8...9...10	Bounce #17 added RGB(1490, 0, 0)
0...1...2...3...4...5...6...7...8...9...10	Bounce #18 added RGB(1134, 0, 0)
0...1...2...3...4...5...6...7...8...9...10	Bounce #19 added RGB(864, 0, 0)
0...1...2...3...4...5...6...7...8...9...10	Bounce #20 added RGB(657, 0, 0)
0...1...2...3...4...5...6...7...8...9...10	Bounce #21 added RGB(500, 0, 0)
0...1...2...3...4...5...6...7...8...9...10	Bounce #22 added RGB(381, 0, 0)
0...1...2...3...4...5...6...7...8...9...10	Bounce #23 added RGB(290, 0, 0)
0...1...2...3...4...5...6...7...8...9...10	Bounce #24 added RGB(221, 0, 0)
0...1...2...3...4...5...6...7...8...9...10	Bounce #25 added RGB(168, 0, 0)
0...1...2...3...4...5...6...7...8...9...10	Bounce #26 added RGB(128, 0, 0)
0...1...2...3...4...5...6...7...8...9...10	Bounce #27 added RGB(97, 0, 0)
0...1...2...3...4...5...6...7...8...9...10	Bounce #28 added RGB(74, 0, 0)
0...1...2...3...4...5...6...7...8...9...10	Bounce #29 added RGB(56, 0, 0)
0...1...2...3...4...5...6...7...8...9...10	Bounce #30 added RGB(43, 0, 0)
0...1...2...3...4...5...6...7...8...9...10	Bounce #31 added RGB(33, 0, 0)
0...1...2...3...4...5...6...7...8...9...10	Bounce #32 added RGB(25, 0, 0)
0...1...2...3...4...5...6...7...8...9...10	Bounce #33 added RGB(19, 0, 0)
0...1...2...3...4...5...6...7...8...9...10	Bounce #34 added RGB(14, 0, 0)
0...1...2...3...4...5...6...7...8...9...10	Bounce #35 added RGB(11, 0, 0)
0...1...2...3...4...5...6...7...8...9...10	Bounce #36 added RGB(8, 0, 0)
0...1...2...3...4...5...6...7...8...9...10	Bounce #37 added RGB(6, 0, 0)
0...1...2...3...4...5...6...7...8...9...10	Bounce #38 added RGB(5, 0, 0)
0...1...2...3...4...5...6...7...8...9...10	Bounce #39 added RGB(4, 0, 0)
0...1...2...3...4...5...6...7...8...9...10	Bounce #40 added RGB(3, 0, 0)
0...1...2...3...4...5...6...7...8...9...10	Bounce #41 added RGB(2, 0, 0)
0...1...2...3...4...5...6...7...8...9...10	Bounce #42 added RGB(2, 0, 0)
0...1...2...3...4...5...6...7...8...9...10	Bounce #43 added RGB(1, 0, 0)
0...1...2...3...4...5...6...7...8...9...10	Bounce #44 added RGB(1, 0, 0)
Build Patch/Sample Hash Table(s).....Done<0.0084 sec>
0...1...2...3...4...5...6...7...8...9...10FinalLightFace Done
0 of 0 (0% of) surface lights went in leaf ambient cubes.
0...1...2...3...4...5...6...7...8...9...10Writing leaf ambient...done
Computing static prop lighting : 00...1...2...3...4...5...6...7...8...9...10
Ready to Finish

Object names       Objects/Maxobjs  Memory / Maxmem  Fullness 
------------       ---------------  ---------------  -------- 
models                   4/4096          192/196608   ( 0.1%) 
brushes                 22/32768         264/393216   ( 0.1%) 
brushsides             132/65536        1056/524288   ( 0.2%) 
planes                 130/65536        2600/1310720  ( 0.2%) 
vertexes               357/65536        4284/786432   ( 0.5%) 
nodes                   45/65536        1440/2097152  ( 0.1%) 
texinfos                15/12288        1080/884736   ( 0.1%) 
texdata                  4/2048          128/65536    ( 0.2%) 
dispinfos                0/0               0/0        ( 0.0%) 
disp_verts               0/0               0/0        ( 0.0%) 
disp_tris                0/0               0/0        ( 0.0%) 
disp_lmsamples           0/0               0/0        ( 0.0%) 
faces                  294/65536       16464/3670016  ( 0.4%) 
hdr faces              294/65536       16464/3670016  ( 0.4%) 
origfaces               24/65536        1344/3670016  ( 0.0%) 
leaves                  50/65536        1600/2097152  ( 0.1%) 
leaffaces              294/65536         588/131072   ( 0.4%) 
leafbrushes             36/65536          72/131072   ( 0.1%) 
areas                    2/1024           16/8192     ( 0.2%) 
surfedges             1332/512000       5328/2048000  ( 0.3%) 
edges                  679/256000       2716/1024000  ( 0.3%) 
LDR worldlights         18/16384        1584/1441792  ( 0.1%) 
HDR worldlights         18/16384        1584/1441792  ( 0.1%) 
leafwaterdata            0/32768           0/393216   ( 0.0%) 
waterstrips              0/131072          0/1310720  ( 0.0%) 
waterverts               0/131072          0/1572864  ( 0.0%) 
waterindices             0/131072          0/262144   ( 0.0%) 
cubemapsamples           0/1024            0/16384    ( 0.0%) 
overlays                 0/1024            0/360448   ( 0.0%) 
LDR lightdata         [variable]      957988/0        ( 0.0%) 
HDR lightdata         [variable]      957988/0        ( 0.0%) 
visdata               [variable]          44/16777216 ( 0.0%) 
entdata               [variable]        8565/393216   ( 2.2%) 
LDR ambient table       50/65536         200/262144   ( 0.1%) 
HDR ambient table       50/65536         200/262144   ( 0.1%) 
LDR leaf ambient        82/65536        2296/1835008  ( 0.1%) 
HDR leaf ambient        82/65536        2296/1835008  ( 0.1%) 
occluders                0/0               0/0        ( 0.0%) 
occluder polygons        0/0               0/0        ( 0.0%) 
occluder vert ind        0/0               0/0        ( 0.0%) 
detail props          [variable]           1/12       ( 8.3%) 
static props          [variable]           1/208      ( 0.5%) 
pakfile               [variable]       39489/0        ( 0.0%) 
physics               [variable]       11109/4194304  ( 0.3%) 
physics terrain       [variable]           2/1048576  ( 0.0%) 

Level flags = 3

Total triangle count: 648
Writing c:\program files (x86)\steam\steamapps\sourcemods\who\maps\list_02.bsp
3 seconds elapsed



materialPath: C:\Program Files (x86)\Steam\steamapps\sourcemods\who\materials
Loading c:\program files (x86)\steam\steamapps\sourcemods\who\maps\list_02.vmf
Patching WVT material: maps/list_02/dev/dev_blendmeasure_wvt_patch
fixing up env_cubemap materials on brush sides...
0...1...2...3...4...5...6...7...8...9...100...1...2...3...4...5...6...7...8...9...10Processing areas...done (0)
Building Faces...done (0)
Chop Details...done (0)
Find Visible Detail Sides...done (0)
Merging details...done (0)
FixTjuncs...
PruneNodes...
WriteBSP...
done (0)
writing c:\program files (x86)\steam\steamapps\sourcemods\who\maps\list_02.prt...Building visibility clusters...
done (0)
Finding displacement neighbors...
Finding lightmap sample positions...
Displacement Alpha : 0...1...2...3...4...5...6...7...8...9...10
Building Physics collision data...
done (0) (11109 bytes)
Placing static props...
Placing detail props : 0...1...2...3...4...5...6...7...8...9...10
Compacting texture/material tables...
Reduced 50 texinfos to 15
Reduced 6 texdatas to 4 (148 bytes to 83)
Writing c:\program files (x86)\steam\steamapps\sourcemods\who\maps\list_02.bsp
0 seconds elapsed



4 threads
reading c:\program files (x86)\steam\steamapps\sourcemods\who\maps\list_02.bsp
reading c:\program files (x86)\steam\steamapps\sourcemods\who\maps\list_02.prt
   4 portalclusters
   4 numportals
0...1...2...3...4...5...6...7...8...9...100...1...2...3...4...5...6...7...8...9...10Optimized: 0 visible clusters (0.00%)
Total clusters visible: 16
Average clusters visible: 4
Building PAS...
Average clusters audible: 4
visdatasize:44  compressed from 64
writing c:\program files (x86)\steam\steamapps\sourcemods\who\maps\list_02.bsp
0 seconds elapsed



[Reading texlights from 'lights.rad']
[48 texlights parsed from 'lights.rad']

Loading c:\program files (x86)\steam\steamapps\sourcemods\who\maps\list_02.bsp
294 faces
33571 square feet [4834367.00 square inches]
0 Displacements
0 Square Feet [0.00 Square Inches]
294 patches before subdivision
29230 patches after subdivision
18 direct lights
0...1...2...3...4...5...6...7...8...9...100...1...2...3...4...5...6...7...8...9...10transfers 3218272, max 485
transfer lists:  24.6 megs
0...1...2...3...4...5...6...7...8...9...10	Bounce #1 added RGB(93194, 26197, 259)
0...1...2...3...4...5...6...7...8...9...10	Bounce #2 added RGB(105650, 8349, 1)
0...1...2...3...4...5...6...7...8...9...10	Bounce #3 added RGB(67081, 1490, 0)
0...1...2...3...4...5...6...7...8...9...10	Bounce #4 added RGB(53115, 332, 0)
0...1...2...3...4...5...6...7...8...9...10	Bounce #5 added RGB(39382, 69, 0)
0...1...2...3...4...5...6...7...8...9...10	Bounce #6 added RGB(30100, 15, 0)
0...1...2...3...4...5...6...7...8...9...10	Bounce #7 added RGB(22818, 3, 0)
0...1...2...3...4...5...6...7...8...9...10	Bounce #8 added RGB(17375, 1, 0)
0...1...2...3...4...5...6...7...8...9...10	Bounce #9 added RGB(13217, 0, 0)
0...1...2...3...4...5...6...7...8...9...10	Bounce #10 added RGB(10061, 0, 0)
0...1...2...3...4...5...6...7...8...9...10	Bounce #11 added RGB(7658, 0, 0)
0...1...2...3...4...5...6...7...8...9...10	Bounce #12 added RGB(5829, 0, 0)
0...1...2...3...4...5...6...7...8...9...10	Bounce #13 added RGB(4437, 0, 0)
0...1...2...3...4...5...6...7...8...9...10	Bounce #14 added RGB(3378, 0, 0)
0...1...2...3...4...5...6...7...8...9...10	Bounce #15 added RGB(2571, 0, 0)
0...1...2...3...4...5...6...7...8...9...10	Bounce #16 added RGB(1957, 0, 0)
0...1...2...3...4...5...6...7...8...9...10	Bounce #17 added RGB(1490, 0, 0)
0...1...2...3...4...5...6...7...8...9...10	Bounce #18 added RGB(1134, 0, 0)
0...1...2...3...4...5...6...7...8...9...10	Bounce #19 added RGB(864, 0, 0)
0...1...2...3...4...5...6...7...8...9...10	Bounce #20 added RGB(657, 0, 0)
0...1...2...3...4...5...6...7...8...9...10	Bounce #21 added RGB(500, 0, 0)
0...1...2...3...4...5...6...7...8...9...10	Bounce #22 added RGB(381, 0, 0)
0...1...2...3...4...5...6...7...8...9...10	Bounce #23 added RGB(290, 0, 0)
0...1...2...3...4...5...6...7...8...9...10	Bounce #24 added RGB(221, 0, 0)
0...1...2...3...4...5...6...7...8...9...10	Bounce #25 added RGB(168, 0, 0)
0...1...2...3...4...5...6...7...8...9...10	Bounce #26 added RGB(128, 0, 0)
0...1...2...3...4...5...6...7...8...9...10	Bounce #27 added RGB(97, 0, 0)
0...1...2...3...4...5...6...7...8...9...10	Bounce #28 added RGB(74, 0, 0)
0...1...2...3...4...5...6...7...8...9...10	Bounce #29 added RGB(56, 0, 0)
0...1...2...3...4...5...6...7...8...9...10	Bounce #30 added RGB(43, 0, 0)
0...1...2...3...4...5...6...7...8...9...10	Bounce #31 added RGB(33, 0, 0)
0...1...2...3...4...5...6...7...8...9...10	Bounce #32 added RGB(25, 0, 0)
0...1...2...3...4...5...6...7...8...9...10	Bounce #33 added RGB(19, 0, 0)
0...1...2...3...4...5...6...7...8...9...10	Bounce #34 added RGB(14, 0, 0)
0...1...2...3...4...5...6...7...8...9...10	Bounce #35 added RGB(11, 0, 0)
0...1...2...3...4...5...6...7...8...9...10	Bounce #36 added RGB(8, 0, 0)
0...1...2...3...4...5...6...7...8...9...10	Bounce #37 added RGB(6, 0, 0)
0...1...2...3...4...5...6...7...8...9...10	Bounce #38 added RGB(5, 0, 0)
0...1...2...3...4...5...6...7...8...9...10	Bounce #39 added RGB(4, 0, 0)
0...1...2...3...4...5...6...7...8...9...10	Bounce #40 added RGB(3, 0, 0)
0...1...2...3...4...5...6...7...8...9...10	Bounce #41 added RGB(2, 0, 0)
0...1...2...3...4...5...6...7...8...9...10	Bounce #42 added RGB(2, 0, 0)
0...1...2...3...4...5...6...7...8...9...10	Bounce #43 added RGB(1, 0, 0)
0...1...2...3...4...5...6...7...8...9...10	Bounce #44 added RGB(1, 0, 0)
Build Patch/Sample Hash Table(s).....Done<0.0098 sec>
0...1...2...3...4...5...6...7...8...9...10FinalLightFace Done
0 of 0 (0% of) surface lights went in leaf ambient cubes.
0...1...2...3...4...5...6...7...8...9...10Writing leaf ambient...done
Computing static prop lighting : 00...1...2...3...4...5...6...7...8...9...10
Ready to Finish

Object names       Objects/Maxobjs  Memory / Maxmem  Fullness 
------------       ---------------  ---------------  -------- 
models                   4/4096          192/196608   ( 0.1%) 
brushes                 22/32768         264/393216   ( 0.1%) 
brushsides             132/65536        1056/524288   ( 0.2%) 
planes                 130/65536        2600/1310720  ( 0.2%) 
vertexes               357/65536        4284/786432   ( 0.5%) 
nodes                   45/65536        1440/2097152  ( 0.1%) 
texinfos                15/12288        1080/884736   ( 0.1%) 
texdata                  4/2048          128/65536    ( 0.2%) 
dispinfos                0/0               0/0        ( 0.0%) 
disp_verts               0/0               0/0        ( 0.0%) 
disp_tris                0/0               0/0        ( 0.0%) 
disp_lmsamples           0/0               0/0        ( 0.0%) 
faces                  294/65536       16464/3670016  ( 0.4%) 
hdr faces                0/65536           0/3670016  ( 0.0%) 
origfaces               24/65536        1344/3670016  ( 0.0%) 
leaves                  50/65536        1600/2097152  ( 0.1%) 
leaffaces              294/65536         588/131072   ( 0.4%) 
leafbrushes             36/65536          72/131072   ( 0.1%) 
areas                    2/1024           16/8192     ( 0.2%) 
surfedges             1332/512000       5328/2048000  ( 0.3%) 
edges                  679/256000       2716/1024000  ( 0.3%) 
LDR worldlights         18/16384        1584/1441792  ( 0.1%) 
HDR worldlights          0/16384           0/1441792  ( 0.0%) 
leafwaterdata            0/32768           0/393216   ( 0.0%) 
waterstrips              0/131072          0/1310720  ( 0.0%) 
waterverts               0/131072          0/1572864  ( 0.0%) 
waterindices             0/131072          0/262144   ( 0.0%) 
cubemapsamples           0/1024            0/16384    ( 0.0%) 
overlays                 0/1024            0/360448   ( 0.0%) 
LDR lightdata         [variable]      957988/0        ( 0.0%) 
HDR lightdata         [variable]           0/0        ( 0.0%) 
visdata               [variable]          44/16777216 ( 0.0%) 
entdata               [variable]        8565/393216   ( 2.2%) 
LDR ambient table       50/65536         200/262144   ( 0.1%) 
HDR ambient table       50/65536         200/262144   ( 0.1%) 
LDR leaf ambient        82/65536        2296/1835008  ( 0.1%) 
HDR leaf ambient        50/65536        1400/1835008  ( 0.1%) 
occluders                0/0               0/0        ( 0.0%) 
occluder polygons        0/0               0/0        ( 0.0%) 
occluder vert ind        0/0               0/0        ( 0.0%) 
detail props          [variable]           1/12       ( 8.3%) 
static props          [variable]           1/208      ( 0.5%) 
pakfile               [variable]       19933/0        ( 0.0%) 
physics               [variable]       11109/4194304  ( 0.3%) 
physics terrain       [variable]           2/1048576  ( 0.0%) 

Level flags = 1

Total triangle count: 648
Writing c:\program files (x86)\steam\steamapps\sourcemods\who\maps\list_02.bsp
3 seconds elapsed



[Reading texlights from 'lights.rad']
[48 texlights parsed from 'lights.rad']

Loading c:\program files (x86)\steam\steamapps\sourcemods\who\maps\list_02.bsp
294 faces
33571 square feet [4834367.00 square inches]
0 Displacements
0 Square Feet [0.00 Square Inches]
294 patches before subdivision
29230 patches after subdivision
18 direct lights
0...1...2...3...4...5...6...7...8...9...100...1...2...3...4...5...6...7...8...9...10transfers 3218272, max 485
transfer lists:  24.6 megs
0...1...2...3...4...5...6...7...8...9...10	Bounce #1 added RGB(93194, 26197, 259)
0...1...2...3...4...5...6...7...8...9...10	Bounce #2 added RGB(105650, 8349, 1)
0...1...2...3...4...5...6...7...8...9...10	Bounce #3 added RGB(67081, 1490, 0)
0...1...2...3...4...5...6...7...8...9...10	Bounce #4 added RGB(53115, 332, 0)
0...1...2...3...4...5...6...7...8...9...10	Bounce #5 added RGB(39382, 69, 0)
0...1...2...3...4...5...6...7...8...9...10	Bounce #6 added RGB(30100, 15, 0)
0...1...2...3...4...5...6...7...8...9...10	Bounce #7 added RGB(22818, 3, 0)
0...1...2...3...4...5...6...7...8...9...10	Bounce #8 added RGB(17375, 1, 0)
0...1...2...3...4...5...6...7...8...9...10	Bounce #9 added RGB(13217, 0, 0)
0...1...2...3...4...5...6...7...8...9...10	Bounce #10 added RGB(10061, 0, 0)
0...1...2...3...4...5...6...7...8...9...10	Bounce #11 added RGB(7658, 0, 0)
0...1...2...3...4...5...6...7...8...9...10	Bounce #12 added RGB(5829, 0, 0)
0...1...2...3...4...5...6...7...8...9...10	Bounce #13 added RGB(4437, 0, 0)
0...1...2...3...4...5...6...7...8...9...10	Bounce #14 added RGB(3378, 0, 0)
0...1...2...3...4...5...6...7...8...9...10	Bounce #15 added RGB(2571, 0, 0)
0...1...2...3...4...5...6...7...8...9...10	Bounce #16 added RGB(1957, 0, 0)
0...1...2...3...4...5...6...7...8...9...10	Bounce #17 added RGB(1490, 0, 0)
0...1...2...3...4...5...6...7...8...9...10	Bounce #18 added RGB(1134, 0, 0)
0...1...2...3...4...5...6...7...8...9...10	Bounce #19 added RGB(864, 0, 0)
0...1...2...3...4...5...6...7...8...9...10	Bounce #20 added RGB(657, 0, 0)
0...1...2...3...4...5...6...7...8...9...10	Bounce #21 added RGB(500, 0, 0)
0...1...2...3...4...5...6...7...8...9...10	Bounce #22 added RGB(381, 0, 0)
0...1...2...3...4...5...6...7...8...9...10	Bounce #23 added RGB(290, 0, 0)
0...1...2...3...4...5...6...7...8...9...10	Bounce #24 added RGB(221, 0, 0)
0...1...2...3...4...5...6...7...8...9...10	Bounce #25 added RGB(168, 0, 0)
0...1...2...3...4...5...6...7...8...9...10	Bounce #26 added RGB(128, 0, 0)
0...1...2...3...4...5...6...7...8...9...10	Bounce #27 added RGB(97, 0, 0)
0...1...2...3...4...5...6...7...8...9...10	Bounce #28 added RGB(74, 0, 0)
0...1...2...3...4...5...6...7...8...9...10	Bounce #29 added RGB(56, 0, 0)
0...1...2...3...4...5...6...7...8...9...10	Bounce #30 added RGB(43, 0, 0)
0...1...2...3...4...5...6...7...8...9...10	Bounce #31 added RGB(33, 0, 0)
0...1...2...3...4...5...6...7...8...9...10	Bounce #32 added RGB(25, 0, 0)
0...1...2...3...4...5...6...7...8...9...10	Bounce #33 added RGB(19, 0, 0)
0...1...2...3...4...5...6...7...8...9...10	Bounce #34 added RGB(14, 0, 0)
0...1...2...3...4...5...6...7...8...9...10	Bounce #35 added RGB(11, 0, 0)
0...1...2...3...4...5...6...7...8...9...10	Bounce #36 added RGB(8, 0, 0)
0...1...2...3...4...5...6...7...8...9...10	Bounce #37 added RGB(6, 0, 0)
0...1...2...3...4...5...6...7...8...9...10	Bounce #38 added RGB(5, 0, 0)
0...1...2...3...4...5...6...7...8...9...10	Bounce #39 added RGB(4, 0, 0)
0...1...2...3...4...5...6...7...8...9...10	Bounce #40 added RGB(3, 0, 0)
0...1...2...3...4...5...6...7...8...9...10	Bounce #41 added RGB(2, 0, 0)
0...1...2...3...4...5...6...7...8...9...10	Bounce #42 added RGB(2, 0, 0)
0...1...2...3...4...5...6...7...8...9...10	Bounce #43 added RGB(1, 0, 0)
0...1...2...3...4...5...6...7...8...9...10	Bounce #44 added RGB(1, 0, 0)
Build Patch/Sample Hash Table(s).....Done<0.0077 sec>
0...1...2...3...4...5...6...7...8...9...10FinalLightFace Done
0 of 0 (0% of) surface lights went in leaf ambient cubes.
0...1...2...3...4...5...6...7...8...9...10Writing leaf ambient...done
Computing static prop lighting : 00...1...2...3...4...5...6...7...8...9...10
Ready to Finish

Object names       Objects/Maxobjs  Memory / Maxmem  Fullness 
------------       ---------------  ---------------  -------- 
models                   4/4096          192/196608   ( 0.1%) 
brushes                 22/32768         264/393216   ( 0.1%) 
brushsides             132/65536        1056/524288   ( 0.2%) 
planes                 130/65536        2600/1310720  ( 0.2%) 
vertexes               357/65536        4284/786432   ( 0.5%) 
nodes                   45/65536        1440/2097152  ( 0.1%) 
texinfos                15/12288        1080/884736   ( 0.1%) 
texdata                  4/2048          128/65536    ( 0.2%) 
dispinfos                0/0               0/0        ( 0.0%) 
disp_verts               0/0               0/0        ( 0.0%) 
disp_tris                0/0               0/0        ( 0.0%) 
disp_lmsamples           0/0               0/0        ( 0.0%) 
faces                  294/65536       16464/3670016  ( 0.4%) 
hdr faces              294/65536       16464/3670016  ( 0.4%) 
origfaces               24/65536        1344/3670016  ( 0.0%) 
leaves                  50/65536        1600/2097152  ( 0.1%) 
leaffaces              294/65536         588/131072   ( 0.4%) 
leafbrushes             36/65536          72/131072   ( 0.1%) 
areas                    2/1024           16/8192     ( 0.2%) 
surfedges             1332/512000       5328/2048000  ( 0.3%) 
edges                  679/256000       2716/1024000  ( 0.3%) 
LDR worldlights         18/16384        1584/1441792  ( 0.1%) 
HDR worldlights         18/16384        1584/1441792  ( 0.1%) 
leafwaterdata            0/32768           0/393216   ( 0.0%) 
waterstrips              0/131072          0/1310720  ( 0.0%) 
waterverts               0/131072          0/1572864  ( 0.0%) 
waterindices             0/131072          0/262144   ( 0.0%) 
cubemapsamples           0/1024            0/16384    ( 0.0%) 
overlays                 0/1024            0/360448   ( 0.0%) 
LDR lightdata         [variable]      957988/0        ( 0.0%) 
HDR lightdata         [variable]      957988/0        ( 0.0%) 
visdata               [variable]          44/16777216 ( 0.0%) 
entdata               [variable]        8565/393216   ( 2.2%) 
LDR ambient table       50/65536         200/262144   ( 0.1%) 
HDR ambient table       50/65536         200/262144   ( 0.1%) 
LDR leaf ambient        82/65536        2296/1835008  ( 0.1%) 
HDR leaf ambient        82/65536        2296/1835008  ( 0.1%) 
occluders                0/0               0/0        ( 0.0%) 
occluder polygons        0/0               0/0        ( 0.0%) 
occluder vert ind        0/0               0/0        ( 0.0%) 
detail props          [variable]           1/12       ( 8.3%) 
static props          [variable]           1/208      ( 0.5%) 
pakfile               [variable]       39489/0        ( 0.0%) 
physics               [variable]       11109/4194304  ( 0.3%) 
physics terrain       [variable]           2/1048576  ( 0.0%) 

Level flags = 3

Total triangle count: 648
Writing c:\program files (x86)\steam\steamapps\sourcemods\who\maps\list_02.bsp
3 seconds elapsed



materialPath: C:\Program Files (x86)\Steam\steamapps\sourcemods\who\materials
Loading c:\program files (x86)\steam\steamapps\sourcemods\who\maps\list_02.vmf
Patching WVT material: maps/list_02/dev/dev_blendmeasure_wvt_patch
fixing up env_cubemap materials on brush sides...
0...1...2...3...4...5...6...7...8...9...100...1...2...3...4...5...6...7...8...9...10Processing areas...done (0)
Building Faces...done (0)
Chop Details...done (0)
Find Visible Detail Sides...done (0)
Merging details...done (0)
FixTjuncs...
PruneNodes...
WriteBSP...
done (0)
writing c:\program files (x86)\steam\steamapps\sourcemods\who\maps\list_02.prt...Building visibility clusters...
done (0)
Finding displacement neighbors...
Finding lightmap sample positions...
Displacement Alpha : 0...1...2...3...4...5...6...7...8...9...10
Building Physics collision data...
done (0) (12270 bytes)
Placing static props...
Placing detail props : 0...1...2...3...4...5...6...7...8...9...10
Compacting texture/material tables...
Reduced 58 texinfos to 22
Reduced 7 texdatas to 5 (173 bytes to 108)
Writing c:\program files (x86)\steam\steamapps\sourcemods\who\maps\list_02.bsp
0 seconds elapsed



4 threads
reading c:\program files (x86)\steam\steamapps\sourcemods\who\maps\list_02.bsp
reading c:\program files (x86)\steam\steamapps\sourcemods\who\maps\list_02.prt
  10 portalclusters
  16 numportals
0...1...2...3...4...5...6...7...8...9...100...1...2...3...4...5...6...7...8...9...10Optimized: 0 visible clusters (0.00%)
Total clusters visible: 96
Average clusters visible: 9
Building PAS...
Average clusters audible: 10
visdatasize:124  compressed from 160
writing c:\program files (x86)\steam\steamapps\sourcemods\who\maps\list_02.bsp
0 seconds elapsed



[Reading texlights from 'lights.rad']
[48 texlights parsed from 'lights.rad']

Loading c:\program files (x86)\steam\steamapps\sourcemods\who\maps\list_02.bsp
315 faces
35211 square feet [5070510.00 square inches]
0 Displacements
0 Square Feet [0.00 Square Inches]
315 patches before subdivision
30339 patches after subdivision
18 direct lights
0...1...2...3...4...5...6...7...8...9...100...1...2...3...4...5...6...7...8...9...10transfers 3208647, max 463
transfer lists:  24.5 megs
0...1...2...3...4...5...6...7...8...9...10	Bounce #1 added RGB(81784, 23010, 299)
0...1...2...3...4...5...6...7...8...9...10	Bounce #2 added RGB(91106, 7207, 1)
0...1...2...3...4...5...6...7...8...9...10	Bounce #3 added RGB(54769, 1218, 0)
0...1...2...3...4...5...6...7...8...9...10	Bounce #4 added RGB(41894, 262, 0)
0...1...2...3...4...5...6...7...8...9...10	Bounce #5 added RGB(29810, 52, 0)
0...1...2...3...4...5...6...7...8...9...10	Bounce #6 added RGB(21953, 11, 0)
0...1...2...3...4...5...6...7...8...9...10	Bounce #7 added RGB(16012, 2, 0)
0...1...2...3...4...5...6...7...8...9...10	Bounce #8 added RGB(11740, 0, 0)
0...1...2...3...4...5...6...7...8...9...10	Bounce #9 added RGB(8597, 0, 0)
0...1...2...3...4...5...6...7...8...9...10	Bounce #10 added RGB(6300, 0, 0)
0...1...2...3...4...5...6...7...8...9...10	Bounce #11 added RGB(4617, 0, 0)
0...1...2...3...4...5...6...7...8...9...10	Bounce #12 added RGB(3383, 0, 0)
0...1...2...3...4...5...6...7...8...9...10	Bounce #13 added RGB(2480, 0, 0)
0...1...2...3...4...5...6...7...8...9...10	Bounce #14 added RGB(1817, 0, 0)
0...1...2...3...4...5...6...7...8...9...10	Bounce #15 added RGB(1332, 0, 0)
0...1...2...3...4...5...6...7...8...9...10	Bounce #16 added RGB(976, 0, 0)
0...1...2...3...4...5...6...7...8...9...10	Bounce #17 added RGB(715, 0, 0)
0...1...2...3...4...5...6...7...8...9...10	Bounce #18 added RGB(524, 0, 0)
0...1...2...3...4...5...6...7...8...9...10	Bounce #19 added RGB(384, 0, 0)
0...1...2...3...4...5...6...7...8...9...10	Bounce #20 added RGB(282, 0, 0)
0...1...2...3...4...5...6...7...8...9...10	Bounce #21 added RGB(206, 0, 0)
0...1...2...3...4...5...6...7...8...9...10	Bounce #22 added RGB(151, 0, 0)
0...1...2...3...4...5...6...7...8...9...10	Bounce #23 added RGB(111, 0, 0)
0...1...2...3...4...5...6...7...8...9...10	Bounce #24 added RGB(81, 0, 0)
0...1...2...3...4...5...6...7...8...9...10	Bounce #25 added RGB(60, 0, 0)
0...1...2...3...4...5...6...7...8...9...10	Bounce #26 added RGB(44, 0, 0)
0...1...2...3...4...5...6...7...8...9...10	Bounce #27 added RGB(32, 0, 0)
0...1...2...3...4...5...6...7...8...9...10	Bounce #28 added RGB(23, 0, 0)
0...1...2...3...4...5...6...7...8...9...10	Bounce #29 added RGB(17, 0, 0)
0...1...2...3...4...5...6...7...8...9...10	Bounce #30 added RGB(13, 0, 0)
0...1...2...3...4...5...6...7...8...9...10	Bounce #31 added RGB(9, 0, 0)
0...1...2...3...4...5...6...7...8...9...10	Bounce #32 added RGB(7, 0, 0)
0...1...2...3...4...5...6...7...8...9...10	Bounce #33 added RGB(5, 0, 0)
0...1...2...3...4...5...6...7...8...9...10	Bounce #34 added RGB(4, 0, 0)
0...1...2...3...4...5...6...7...8...9...10	Bounce #35 added RGB(3, 0, 0)
0...1...2...3...4...5...6...7...8...9...10	Bounce #36 added RGB(2, 0, 0)
0...1...2...3...4...5...6...7...8...9...10	Bounce #37 added RGB(1, 0, 0)
0...1...2...3...4...5...6...7...8...9...10	Bounce #38 added RGB(1, 0, 0)
0...1...2...3...4...5...6...7...8...9...10	Bounce #39 added RGB(1, 0, 0)
Build Patch/Sample Hash Table(s).....Done<0.0084 sec>
0...1...2...3...4...5...6...7...8...9...10FinalLightFace Done
0 of 0 (0% of) surface lights went in leaf ambient cubes.
0...1...2...3...4...5...6...7...8...9...10Writing leaf ambient...done
Computing static prop lighting : 00...1...2...3...4...5...6...7...8...9...10
Ready to Finish

Object names       Objects/Maxobjs  Memory / Maxmem  Fullness 
------------       ---------------  ---------------  -------- 
models                   4/4096          192/196608   ( 0.1%) 
brushes                 25/32768         300/393216   ( 0.1%) 
brushsides             150/65536        1200/524288   ( 0.2%) 
planes                 146/65536        2920/1310720  ( 0.2%) 
vertexes               412/65536        4944/786432   ( 0.6%) 
nodes                   55/65536        1760/2097152  ( 0.1%) 
texinfos                22/12288        1584/884736   ( 0.2%) 
texdata                  5/2048          160/65536    ( 0.2%) 
dispinfos                0/0               0/0        ( 0.0%) 
disp_verts               0/0               0/0        ( 0.0%) 
disp_tris                0/0               0/0        ( 0.0%) 
disp_lmsamples           0/0               0/0        ( 0.0%) 
faces                  315/65536       17640/3670016  ( 0.5%) 
hdr faces                0/65536           0/3670016  ( 0.0%) 
origfaces               37/65536        2072/3670016  ( 0.1%) 
leaves                  60/65536        1920/2097152  ( 0.1%) 
leaffaces              322/65536         644/131072   ( 0.5%) 
leafbrushes             40/65536          80/131072   ( 0.1%) 
areas                    2/1024           16/8192     ( 0.2%) 
surfedges             1532/512000       6128/2048000  ( 0.3%) 
edges                  788/256000       3152/1024000  ( 0.3%) 
LDR worldlights         18/16384        1584/1441792  ( 0.1%) 
HDR worldlights          0/16384           0/1441792  ( 0.0%) 
leafwaterdata            0/32768           0/393216   ( 0.0%) 
waterstrips              0/131072          0/1310720  ( 0.0%) 
waterverts               0/131072          0/1572864  ( 0.0%) 
waterindices             0/131072          0/262144   ( 0.0%) 
cubemapsamples           0/1024            0/16384    ( 0.0%) 
overlays                 0/1024            0/360448   ( 0.0%) 
LDR lightdata         [variable]      973396/0        ( 0.0%) 
HDR lightdata         [variable]           0/0        ( 0.0%) 
visdata               [variable]         124/16777216 ( 0.0%) 
entdata               [variable]        8563/393216   ( 2.2%) 
LDR ambient table       60/65536         240/262144   ( 0.1%) 
HDR ambient table       60/65536         240/262144   ( 0.1%) 
LDR leaf ambient       146/65536        4088/1835008  ( 0.2%) 
HDR leaf ambient        60/65536        1680/1835008  ( 0.1%) 
occluders                0/0               0/0        ( 0.0%) 
occluder polygons        0/0               0/0        ( 0.0%) 
occluder vert ind        0/0               0/0        ( 0.0%) 
detail props          [variable]           1/12       ( 8.3%) 
static props          [variable]           1/212      ( 0.5%) 
pakfile               [variable]       19933/0        ( 0.0%) 
physics               [variable]       12270/4194304  ( 0.3%) 
physics terrain       [variable]           2/1048576  ( 0.0%) 

Level flags = 1

Total triangle count: 754
Writing c:\program files (x86)\steam\steamapps\sourcemods\who\maps\list_02.bsp
3 seconds elapsed



[Reading texlights from 'lights.rad']
[48 texlights parsed from 'lights.rad']

Loading c:\program files (x86)\steam\steamapps\sourcemods\who\maps\list_02.bsp
315 faces
35211 square feet [5070510.00 square inches]
0 Displacements
0 Square Feet [0.00 Square Inches]
315 patches before subdivision
30339 patches after subdivision
18 direct lights
0...1...2...3...4...5...6...7...8...9...100...1...2...3...4...5...6...7...8...9...10transfers 3208647, max 463
transfer lists:  24.5 megs
0...1...2...3...4...5...6...7...8...9...10	Bounce #1 added RGB(81784, 23010, 299)
0...1...2...3...4...5...6...7...8...9...10	Bounce #2 added RGB(91106, 7207, 1)
0...1...2...3...4...5...6...7...8...9...10	Bounce #3 added RGB(54769, 1218, 0)
0...1...2...3...4...5...6...7...8...9...10	Bounce #4 added RGB(41894, 262, 0)
0...1...2...3...4...5...6...7...8...9...10	Bounce #5 added RGB(29810, 52, 0)
0...1...2...3...4...5...6...7...8...9...10	Bounce #6 added RGB(21953, 11, 0)
0...1...2...3...4...5...6...7...8...9...10	Bounce #7 added RGB(16012, 2, 0)
0...1...2...3...4...5...6...7...8...9...10	Bounce #8 added RGB(11740, 0, 0)
0...1...2...3...4...5...6...7...8...9...10	Bounce #9 added RGB(8597, 0, 0)
0...1...2...3...4...5...6...7...8...9...10	Bounce #10 added RGB(6300, 0, 0)
0...1...2...3...4...5...6...7...8...9...10	Bounce #11 added RGB(4617, 0, 0)
0...1...2...3...4...5...6...7...8...9...10	Bounce #12 added RGB(3383, 0, 0)
0...1...2...3...4...5...6...7...8...9...10	Bounce #13 added RGB(2480, 0, 0)
0...1...2...3...4...5...6...7...8...9...10	Bounce #14 added RGB(1817, 0, 0)
0...1...2...3...4...5...6...7...8...9...10	Bounce #15 added RGB(1332, 0, 0)
0...1...2...3...4...5...6...7...8...9...10	Bounce #16 added RGB(976, 0, 0)
0...1...2...3...4...5...6...7...8...9...10	Bounce #17 added RGB(715, 0, 0)
0...1...2...3...4...5...6...7...8...9...10	Bounce #18 added RGB(524, 0, 0)
0...1...2...3...4...5...6...7...8...9...10	Bounce #19 added RGB(384, 0, 0)
0...1...2...3...4...5...6...7...8...9...10	Bounce #20 added RGB(282, 0, 0)
0...1...2...3...4...5...6...7...8...9...10	Bounce #21 added RGB(206, 0, 0)
0...1...2...3...4...5...6...7...8...9...10	Bounce #22 added RGB(151, 0, 0)
0...1...2...3...4...5...6...7...8...9...10	Bounce #23 added RGB(111, 0, 0)
0...1...2...3...4...5...6...7...8...9...10	Bounce #24 added RGB(81, 0, 0)
0...1...2...3...4...5...6...7...8...9...10	Bounce #25 added RGB(60, 0, 0)
0...1...2...3...4...5...6...7...8...9...10	Bounce #26 added RGB(44, 0, 0)
0...1...2...3...4...5...6...7...8...9...10	Bounce #27 added RGB(32, 0, 0)
0...1...2...3...4...5...6...7...8...9...10	Bounce #28 added RGB(23, 0, 0)
0...1...2...3...4...5...6...7...8...9...10	Bounce #29 added RGB(17, 0, 0)
0...1...2...3...4...5...6...7...8...9...10	Bounce #30 added RGB(13, 0, 0)
0...1...2...3...4...5...6...7...8...9...10	Bounce #31 added RGB(9, 0, 0)
0...1...2...3...4...5...6...7...8...9...10	Bounce #32 added RGB(7, 0, 0)
0...1...2...3...4...5...6...7...8...9...10	Bounce #33 added RGB(5, 0, 0)
0...1...2...3...4...5...6...7...8...9...10	Bounce #34 added RGB(4, 0, 0)
0...1...2...3...4...5...6...7...8...9...10	Bounce #35 added RGB(3, 0, 0)
0...1...2...3...4...5...6...7...8...9...10	Bounce #36 added RGB(2, 0, 0)
0...1...2...3...4...5...6...7...8...9...10	Bounce #37 added RGB(1, 0, 0)
0...1...2...3...4...5...6...7...8...9...10	Bounce #38 added RGB(1, 0, 0)
0...1...2...3...4...5...6...7...8...9...10	Bounce #39 added RGB(1, 0, 0)
Build Patch/Sample Hash Table(s).....Done<0.0089 sec>
0...1...2...3...4...5...6...7...8...9...10FinalLightFace Done
0 of 0 (0% of) surface lights went in leaf ambient cubes.
0...1...2...3...4...5...6...7...8...9...10Writing leaf ambient...done
Computing static prop lighting : 00...1...2...3...4...5...6...7...8...9...10
Ready to Finish

Object names       Objects/Maxobjs  Memory / Maxmem  Fullness 
------------       ---------------  ---------------  -------- 
models                   4/4096          192/196608   ( 0.1%) 
brushes                 25/32768         300/393216   ( 0.1%) 
brushsides             150/65536        1200/524288   ( 0.2%) 
planes                 146/65536        2920/1310720  ( 0.2%) 
vertexes               412/65536        4944/786432   ( 0.6%) 
nodes                   55/65536        1760/2097152  ( 0.1%) 
texinfos                22/12288        1584/884736   ( 0.2%) 
texdata                  5/2048          160/65536    ( 0.2%) 
dispinfos                0/0               0/0        ( 0.0%) 
disp_verts               0/0               0/0        ( 0.0%) 
disp_tris                0/0               0/0        ( 0.0%) 
disp_lmsamples           0/0               0/0        ( 0.0%) 
faces                  315/65536       17640/3670016  ( 0.5%) 
hdr faces              315/65536       17640/3670016  ( 0.5%) 
origfaces               37/65536        2072/3670016  ( 0.1%) 
leaves                  60/65536        1920/2097152  ( 0.1%) 
leaffaces              322/65536         644/131072   ( 0.5%) 
leafbrushes             40/65536          80/131072   ( 0.1%) 
areas                    2/1024           16/8192     ( 0.2%) 
surfedges             1532/512000       6128/2048000  ( 0.3%) 
edges                  788/256000       3152/1024000  ( 0.3%) 
LDR worldlights         18/16384        1584/1441792  ( 0.1%) 
HDR worldlights         18/16384        1584/1441792  ( 0.1%) 
leafwaterdata            0/32768           0/393216   ( 0.0%) 
waterstrips              0/131072          0/1310720  ( 0.0%) 
waterverts               0/131072          0/1572864  ( 0.0%) 
waterindices             0/131072          0/262144   ( 0.0%) 
cubemapsamples           0/1024            0/16384    ( 0.0%) 
overlays                 0/1024            0/360448   ( 0.0%) 
LDR lightdata         [variable]      973396/0        ( 0.0%) 
HDR lightdata         [variable]      973396/0        ( 0.0%) 
visdata               [variable]         124/16777216 ( 0.0%) 
entdata               [variable]        8563/393216   ( 2.2%) 
LDR ambient table       60/65536         240/262144   ( 0.1%) 
HDR ambient table       60/65536         240/262144   ( 0.1%) 
LDR leaf ambient       146/65536        4088/1835008  ( 0.2%) 
HDR leaf ambient       146/65536        4088/1835008  ( 0.2%) 
occluders                0/0               0/0        ( 0.0%) 
occluder polygons        0/0               0/0        ( 0.0%) 
occluder vert ind        0/0               0/0        ( 0.0%) 
detail props          [variable]           1/12       ( 8.3%) 
static props          [variable]           1/212      ( 0.5%) 
pakfile               [variable]       39489/0        ( 0.0%) 
physics               [variable]       12270/4194304  ( 0.3%) 
physics terrain       [variable]           2/1048576  ( 0.0%) 

Level flags = 3

Total triangle count: 754
Writing c:\program files (x86)\steam\steamapps\sourcemods\who\maps\list_02.bsp
3 seconds elapsed



materialPath: C:\Program Files (x86)\Steam\steamapps\sourcemods\who\materials
Loading c:\program files (x86)\steam\steamapps\sourcemods\who\maps\list_02.vmf
Patching WVT material: maps/list_02/dev/dev_blendmeasure_wvt_patch
fixing up env_cubemap materials on brush sides...
0...1...2...3...4...5...6...7...8...9...100...1...2...3...4...5...6...7...8...9...10Processing areas...done (0)
Building Faces...done (0)
Chop Details...done (0)
Find Visible Detail Sides...done (0)
Merging details...done (0)
FixTjuncs...
PruneNodes...
WriteBSP...
done (0)
writing c:\program files (x86)\steam\steamapps\sourcemods\who\maps\list_02.prt...Building visibility clusters...
done (0)
Finding displacement neighbors...
Finding lightmap sample positions...
Displacement Alpha : 0...1...2...3...4...5...6...7...8...9...10
Building Physics collision data...
done (0) (19640 bytes)
Placing static props...
Placing detail props : 0...1...2...3...4...5...6...7...8...9...10
Compacting texture/material tables...
Reduced 64 texinfos to 25
Reduced 7 texdatas to 5 (173 bytes to 108)
Writing c:\program files (x86)\steam\steamapps\sourcemods\who\maps\list_02.bsp
0 seconds elapsed



4 threads
reading c:\program files (x86)\steam\steamapps\sourcemods\who\maps\list_02.bsp
reading c:\program files (x86)\steam\steamapps\sourcemods\who\maps\list_02.prt
  10 portalclusters
  16 numportals
0...1...2...3...4...5...6...7...8...9...100...1...2...3...4...5...6...7...8...9...10Optimized: 0 visible clusters (0.00%)
Total clusters visible: 96
Average clusters visible: 9
Building PAS...
Average clusters audible: 10
visdatasize:124  compressed from 160
writing c:\program files (x86)\steam\steamapps\sourcemods\who\maps\list_02.bsp
0 seconds elapsed



[Reading texlights from 'lights.rad']
[48 texlights parsed from 'lights.rad']

Loading c:\program files (x86)\steam\steamapps\sourcemods\who\maps\list_02.bsp
321 faces
35515 square feet [5114286.00 square inches]
0 Displacements
0 Square Feet [0.00 Square Inches]
321 patches before subdivision
30345 patches after subdivision
23 direct lights
0...1...2...3...4...5...6...7...8...9...100...1...2...3...4...5...6...7...8...9...10transfers 3106089, max 459
transfer lists:  23.7 megs
0...1...2...3...4...5...6...7...8...9...10	Bounce #1 added RGB(118651, 33369, 383)
0...1...2...3...4...5...6...7...8...9...10	Bounce #2 added RGB(100340, 7937, 1)
0...1...2...3...4...5...6...7...8...9...10	Bounce #3 added RGB(58596, 1303, 0)
0...1...2...3...4...5...6...7...8...9...10	Bounce #4 added RGB(43523, 272, 0)
0...1...2...3...4...5...6...7...8...9...10	Bounce #5 added RGB(30608, 54, 0)
0...1...2...3...4...5...6...7...8...9...10	Bounce #6 added RGB(22345, 11, 0)
0...1...2...3...4...5...6...7...8...9...10	Bounce #7 added RGB(16191, 2, 0)
0...1...2...3...4...5...6...7...8...9...10	Bounce #8 added RGB(11800, 0, 0)
0...1...2...3...4...5...6...7...8...9...10	Bounce #9 added RGB(8592, 0, 0)
0...1...2...3...4...5...6...7...8...9...10	Bounce #10 added RGB(6262, 0, 0)
0...1...2...3...4...5...6...7...8...9...10	Bounce #11 added RGB(4563, 0, 0)
0...1...2...3...4...5...6...7...8...9...10	Bounce #12 added RGB(3326, 0, 0)
0...1...2...3...4...5...6...7...8...9...10	Bounce #13 added RGB(2424, 0, 0)
0...1...2...3...4...5...6...7...8...9...10	Bounce #14 added RGB(1767, 0, 0)
0...1...2...3...4...5...6...7...8...9...10	Bounce #15 added RGB(1288, 0, 0)
0...1...2...3...4...5...6...7...8...9...10	Bounce #16 added RGB(939, 0, 0)
0...1...2...3...4...5...6...7...8...9...10	Bounce #17 added RGB(684, 0, 0)
0...1...2...3...4...5...6...7...8...9...10	Bounce #18 added RGB(499, 0, 0)
0...1...2...3...4...5...6...7...8...9...10	Bounce #19 added RGB(364, 0, 0)
0...1...2...3...4...5...6...7...8...9...10	Bounce #20 added RGB(265, 0, 0)
0...1...2...3...4...5...6...7...8...9...10	Bounce #21 added RGB(193, 0, 0)
0...1...2...3...4...5...6...7...8...9...10	Bounce #22 added RGB(141, 0, 0)
0...1...2...3...4...5...6...7...8...9...10	Bounce #23 added RGB(103, 0, 0)
0...1...2...3...4...5...6...7...8...9...10	Bounce #24 added RGB(75, 0, 0)
0...1...2...3...4...5...6...7...8...9...10	Bounce #25 added RGB(55, 0, 0)
0...1...2...3...4...5...6...7...8...9...10	Bounce #26 added RGB(40, 0, 0)
0...1...2...3...4...5...6...7...8...9...10	Bounce #27 added RGB(29, 0, 0)
0...1...2...3...4...5...6...7...8...9...10	Bounce #28 added RGB(21, 0, 0)
0...1...2...3...4...5...6...7...8...9...10	Bounce #29 added RGB(15, 0, 0)
0...1...2...3...4...5...6...7...8...9...10	Bounce #30 added RGB(11, 0, 0)
0...1...2...3...4...5...6...7...8...9...10	Bounce #31 added RGB(8, 0, 0)
0...1...2...3...4...5...6...7...8...9...10	Bounce #32 added RGB(6, 0, 0)
0...1...2...3...4...5...6...7...8...9...10	Bounce #33 added RGB(4, 0, 0)
0...1...2...3...4...5...6...7...8...9...10	Bounce #34 added RGB(3, 0, 0)
0...1...2...3...4...5...6...7...8...9...10	Bounce #35 added RGB(2, 0, 0)
0...1...2...3...4...5...6...7...8...9...10	Bounce #36 added RGB(2, 0, 0)
0...1...2...3...4...5...6...7...8...9...10	Bounce #37 added RGB(1, 0, 0)
0...1...2...3...4...5...6...7...8...9...10	Bounce #38 added RGB(1, 0, 0)
Build Patch/Sample Hash Table(s).....Done<0.0083 sec>
0...1...2...3...4...5...6...7...8...9...10FinalLightFace Done
0 of 0 (0% of) surface lights went in leaf ambient cubes.
0...1...2...3...4...5...6...7...8...9...10Writing leaf ambient...done
Computing static prop lighting : 00...1...2...3...4...5...6...7...8...9...10
Ready to Finish

Object names       Objects/Maxobjs  Memory / Maxmem  Fullness 
------------       ---------------  ---------------  -------- 
models                   5/4096          240/196608   ( 0.1%) 
brushes                 39/32768         468/393216   ( 0.1%) 
brushsides             234/65536        1872/524288   ( 0.4%) 
planes                 176/65536        3520/1310720  ( 0.3%) 
vertexes               420/65536        5040/786432   ( 0.6%) 
nodes                   61/65536        1952/2097152  ( 0.1%) 
texinfos                25/12288        1800/884736   ( 0.2%) 
texdata                  5/2048          160/65536    ( 0.2%) 
dispinfos                0/0               0/0        ( 0.0%) 
disp_verts               0/0               0/0        ( 0.0%) 
disp_tris                0/0               0/0        ( 0.0%) 
disp_lmsamples           0/0               0/0        ( 0.0%) 
faces                  321/65536       17976/3670016  ( 0.5%) 
hdr faces                0/65536           0/3670016  ( 0.0%) 
origfaces               43/65536        2408/3670016  ( 0.1%) 
leaves                  67/65536        2144/2097152  ( 0.1%) 
leaffaces              328/65536         656/131072   ( 0.5%) 
leafbrushes             51/65536         102/131072   ( 0.1%) 
areas                    2/1024           16/8192     ( 0.2%) 
surfedges             1580/512000       6320/2048000  ( 0.3%) 
edges                  812/256000       3248/1024000  ( 0.3%) 
LDR worldlights         23/16384        2024/1441792  ( 0.1%) 
HDR worldlights          0/16384           0/1441792  ( 0.0%) 
leafwaterdata            0/32768           0/393216   ( 0.0%) 
waterstrips              0/131072          0/1310720  ( 0.0%) 
waterverts               0/131072          0/1572864  ( 0.0%) 
waterindices             0/131072          0/262144   ( 0.0%) 
cubemapsamples           0/1024            0/16384    ( 0.0%) 
overlays                 0/1024            0/360448   ( 0.0%) 
LDR lightdata         [variable]      973396/0        ( 0.0%) 
HDR lightdata         [variable]           0/0        ( 0.0%) 
visdata               [variable]         124/16777216 ( 0.0%) 
entdata               [variable]       11115/393216   ( 2.8%) 
LDR ambient table       67/65536         268/262144   ( 0.1%) 
HDR ambient table       67/65536         268/262144   ( 0.1%) 
LDR leaf ambient       175/65536        4900/1835008  ( 0.3%) 
HDR leaf ambient        67/65536        1876/1835008  ( 0.1%) 
occluders                0/0               0/0        ( 0.0%) 
occluder polygons        0/0               0/0        ( 0.0%) 
occluder vert ind        0/0               0/0        ( 0.0%) 
detail props          [variable]           1/12       ( 8.3%) 
static props          [variable]           1/278      ( 0.4%) 
pakfile               [variable]       39481/0        ( 0.0%) 
physics               [variable]       19640/4194304  ( 0.5%) 
physics terrain       [variable]           2/1048576  ( 0.0%) 

Level flags = 1

Total triangle count: 766
Writing c:\program files (x86)\steam\steamapps\sourcemods\who\maps\list_02.bsp
3 seconds elapsed



[Reading texlights from 'lights.rad']
[48 texlights parsed from 'lights.rad']

Loading c:\program files (x86)\steam\steamapps\sourcemods\who\maps\list_02.bsp
321 faces
35515 square feet [5114286.00 square inches]
0 Displacements
0 Square Feet [0.00 Square Inches]
321 patches before subdivision
30345 patches after subdivision
23 direct lights
0...1...2...3...4...5...6...7...8...9...100...1...2...3...4...5...6...7...8...9...10transfers 3106089, max 459
transfer lists:  23.7 megs
0...1...2...3...4...5...6...7...8...9...10	Bounce #1 added RGB(118651, 33369, 383)
0...1...2...3...4...5...6...7...8...9...10	Bounce #2 added RGB(100339, 7937, 1)
0...1...2...3...4...5...6...7...8...9...10	Bounce #3 added RGB(58596, 1303, 0)
0...1...2...3...4...5...6...7...8...9...10	Bounce #4 added RGB(43523, 272, 0)
0...1...2...3...4...5...6...7...8...9...10	Bounce #5 added RGB(30608, 54, 0)
0...1...2...3...4...5...6...7...8...9...10	Bounce #6 added RGB(22345, 11, 0)
0...1...2...3...4...5...6...7...8...9...10	Bounce #7 added RGB(16191, 2, 0)
0...1...2...3...4...5...6...7...8...9...10	Bounce #8 added RGB(11800, 0, 0)
0...1...2...3...4...5...6...7...8...9...10	Bounce #9 added RGB(8592, 0, 0)
0...1...2...3...4...5...6...7...8...9...10	Bounce #10 added RGB(6262, 0, 0)
0...1...2...3...4...5...6...7...8...9...10	Bounce #11 added RGB(4563, 0, 0)
0...1...2...3...4...5...6...7...8...9...10	Bounce #12 added RGB(3326, 0, 0)
0...1...2...3...4...5...6...7...8...9...10	Bounce #13 added RGB(2424, 0, 0)
0...1...2...3...4...5...6...7...8...9...10	Bounce #14 added RGB(1767, 0, 0)
0...1...2...3...4...5...6...7...8...9...10	Bounce #15 added RGB(1288, 0, 0)
0...1...2...3...4...5...6...7...8...9...10	Bounce #16 added RGB(939, 0, 0)
0...1...2...3...4...5...6...7...8...9...10	Bounce #17 added RGB(684, 0, 0)
0...1...2...3...4...5...6...7...8...9...10	Bounce #18 added RGB(499, 0, 0)
0...1...2...3...4...5...6...7...8...9...10	Bounce #19 added RGB(364, 0, 0)
0...1...2...3...4...5...6...7...8...9...10	Bounce #20 added RGB(265, 0, 0)
0...1...2...3...4...5...6...7...8...9...10	Bounce #21 added RGB(193, 0, 0)
0...1...2...3...4...5...6...7...8...9...10	Bounce #22 added RGB(141, 0, 0)
0...1...2...3...4...5...6...7...8...9...10	Bounce #23 added RGB(103, 0, 0)
0...1...2...3...4...5...6...7...8...9...10	Bounce #24 added RGB(75, 0, 0)
0...1...2...3...4...5...6...7...8...9...10	Bounce #25 added RGB(55, 0, 0)
0...1...2...3...4...5...6...7...8...9...10	Bounce #26 added RGB(40, 0, 0)
0...1...2...3...4...5...6...7...8...9...10	Bounce #27 added RGB(29, 0, 0)
0...1...2...3...4...5...6...7...8...9...10	Bounce #28 added RGB(21, 0, 0)
0...1...2...3...4...5...6...7...8...9...10	Bounce #29 added RGB(15, 0, 0)
0...1...2...3...4...5...6...7...8...9...10	Bounce #30 added RGB(11, 0, 0)
0...1...2...3...4...5...6...7...8...9...10	Bounce #31 added RGB(8, 0, 0)
0...1...2...3...4...5...6...7...8...9...10	Bounce #32 added RGB(6, 0, 0)
0...1...2...3...4...5...6...7...8...9...10	Bounce #33 added RGB(4, 0, 0)
0...1...2...3...4...5...6...7...8...9...10	Bounce #34 added RGB(3, 0, 0)
0...1...2...3...4...5...6...7...8...9...10	Bounce #35 added RGB(2, 0, 0)
0...1...2...3...4...5...6...7...8...9...10	Bounce #36 added RGB(2, 0, 0)
0...1...2...3...4...5...6...7...8...9...10	Bounce #37 added RGB(1, 0, 0)
0...1...2...3...4...5...6...7...8...9...10	Bounce #38 added RGB(1, 0, 0)
Build Patch/Sample Hash Table(s).....Done<0.0076 sec>
0...1...2...3...4...5...6...7...8...9...10FinalLightFace Done
0 of 0 (0% of) surface lights went in leaf ambient cubes.
0...1...2...3...4...5...6...7...8...9...10Writing leaf ambient...done
Computing static prop lighting : 00...1...2...3...4...5...6...7...8...9...10
Ready to Finish

Object names       Objects/Maxobjs  Memory / Maxmem  Fullness 
------------       ---------------  ---------------  -------- 
models                   5/4096          240/196608   ( 0.1%) 
brushes                 39/32768         468/393216   ( 0.1%) 
brushsides             234/65536        1872/524288   ( 0.4%) 
planes                 176/65536        3520/1310720  ( 0.3%) 
vertexes               420/65536        5040/786432   ( 0.6%) 
nodes                   61/65536        1952/2097152  ( 0.1%) 
texinfos                25/12288        1800/884736   ( 0.2%) 
texdata                  5/2048          160/65536    ( 0.2%) 
dispinfos                0/0               0/0        ( 0.0%) 
disp_verts               0/0               0/0        ( 0.0%) 
disp_tris                0/0               0/0        ( 0.0%) 
disp_lmsamples           0/0               0/0        ( 0.0%) 
faces                  321/65536       17976/3670016  ( 0.5%) 
hdr faces              321/65536       17976/3670016  ( 0.5%) 
origfaces               43/65536        2408/3670016  ( 0.1%) 
leaves                  67/65536        2144/2097152  ( 0.1%) 
leaffaces              328/65536         656/131072   ( 0.5%) 
leafbrushes             51/65536         102/131072   ( 0.1%) 
areas                    2/1024           16/8192     ( 0.2%) 
surfedges             1580/512000       6320/2048000  ( 0.3%) 
edges                  812/256000       3248/1024000  ( 0.3%) 
LDR worldlights         23/16384        2024/1441792  ( 0.1%) 
HDR worldlights         23/16384        2024/1441792  ( 0.1%) 
leafwaterdata            0/32768           0/393216   ( 0.0%) 
waterstrips              0/131072          0/1310720  ( 0.0%) 
waterverts               0/131072          0/1572864  ( 0.0%) 
waterindices             0/131072          0/262144   ( 0.0%) 
cubemapsamples           0/1024            0/16384    ( 0.0%) 
overlays                 0/1024            0/360448   ( 0.0%) 
LDR lightdata         [variable]      973396/0        ( 0.0%) 
HDR lightdata         [variable]      973396/0        ( 0.0%) 
visdata               [variable]         124/16777216 ( 0.0%) 
entdata               [variable]       11115/393216   ( 2.8%) 
LDR ambient table       67/65536         268/262144   ( 0.1%) 
HDR ambient table       67/65536         268/262144   ( 0.1%) 
LDR leaf ambient       175/65536        4900/1835008  ( 0.3%) 
HDR leaf ambient       175/65536        4900/1835008  ( 0.3%) 
occluders                0/0               0/0        ( 0.0%) 
occluder polygons        0/0               0/0        ( 0.0%) 
occluder vert ind        0/0               0/0        ( 0.0%) 
detail props          [variable]           1/12       ( 8.3%) 
static props          [variable]           1/278      ( 0.4%) 
pakfile               [variable]       78593/0        ( 0.0%) 
physics               [variable]       19640/4194304  ( 0.5%) 
physics terrain       [variable]           2/1048576  ( 0.0%) 

Level flags = 3

Total triangle count: 766
Writing c:\program files (x86)\steam\steamapps\sourcemods\who\maps\list_02.bsp
3 seconds elapsed



materialPath: C:\Program Files (x86)\Steam\steamapps\sourcemods\who\materials
Loading c:\program files (x86)\steam\steamapps\sourcemods\who\maps\list_02.vmf
Patching WVT material: maps/list_02/dev/dev_blendmeasure_wvt_patch
fixing up env_cubemap materials on brush sides...
0...1...2...3...4...5...6...7...8...9...100...1...2...3...4...5...6...7...8...9...10Processing areas...done (0)
Building Faces...done (0)
Chop Details...done (0)
Find Visible Detail Sides...done (0)
Merging details...done (0)
FixTjuncs...
PruneNodes...
WriteBSP...
done (0)
writing c:\program files (x86)\steam\steamapps\sourcemods\who\maps\list_02.prt...Building visibility clusters...
done (0)
Finding displacement neighbors...
Finding lightmap sample positions...
Displacement Alpha : 0...1...2...3...4...5...6...7...8...9...10
Building Physics collision data...
done (0) (19640 bytes)
Placing static props...
Placing detail props : 0...1...2...3...4...5...6...7...8...9...10
Compacting texture/material tables...
Reduced 64 texinfos to 25
Reduced 7 texdatas to 5 (173 bytes to 108)
Writing c:\program files (x86)\steam\steamapps\sourcemods\who\maps\list_02.bsp
0 seconds elapsed



4 threads
reading c:\program files (x86)\steam\steamapps\sourcemods\who\maps\list_02.bsp
reading c:\program files (x86)\steam\steamapps\sourcemods\who\maps\list_02.prt
  10 portalclusters
  16 numportals
0...1...2...3...4...5...6...7...8...9...100...1...2...3...4...5...6...7...8...9...10Optimized: 0 visible clusters (0.00%)
Total clusters visible: 96
Average clusters visible: 9
Building PAS...
Average clusters audible: 10
visdatasize:124  compressed from 160
writing c:\program files (x86)\steam\steamapps\sourcemods\who\maps\list_02.bsp
0 seconds elapsed



[Reading texlights from 'lights.rad']
[48 texlights parsed from 'lights.rad']

Loading c:\program files (x86)\steam\steamapps\sourcemods\who\maps\list_02.bsp
321 faces
35515 square feet [5114286.00 square inches]
0 Displacements
0 Square Feet [0.00 Square Inches]
321 patches before subdivision
30345 patches after subdivision
23 direct lights
0...1...2...3...4...5...6...7...8...9...100...1...2...3...4...5...6...7...8...9...10transfers 3106089, max 459
transfer lists:  23.7 megs
0...1...2...3...4...5...6...7...8...9...10	Bounce #1 added RGB(118651, 33369, 383)
0...1...2...3...4...5...6...7...8...9...10	Bounce #2 added RGB(100339, 7937, 1)
0...1...2...3...4...5...6...7...8...9...10	Bounce #3 added RGB(58596, 1303, 0)
0...1...2...3...4...5...6...7...8...9...10	Bounce #4 added RGB(43523, 272, 0)
0...1...2...3...4...5...6...7...8...9...10	Bounce #5 added RGB(30608, 54, 0)
0...1...2...3...4...5...6...7...8...9...10	Bounce #6 added RGB(22345, 11, 0)
0...1...2...3...4...5...6...7...8...9...10	Bounce #7 added RGB(16191, 2, 0)
0...1...2...3...4...5...6...7...8...9...10	Bounce #8 added RGB(11800, 0, 0)
0...1...2...3...4...5...6...7...8...9...10	Bounce #9 added RGB(8592, 0, 0)
0...1...2...3...4...5...6...7...8...9...10	Bounce #10 added RGB(6262, 0, 0)
0...1...2...3...4...5...6...7...8...9...10	Bounce #11 added RGB(4563, 0, 0)
0...1...2...3...4...5...6...7...8...9...10	Bounce #12 added RGB(3326, 0, 0)
0...1...2...3...4...5...6...7...8...9...10	Bounce #13 added RGB(2424, 0, 0)
0...1...2...3...4...5...6...7...8...9...10	Bounce #14 added RGB(1767, 0, 0)
0...1...2...3...4...5...6...7...8...9...10	Bounce #15 added RGB(1288, 0, 0)
0...1...2...3...4...5...6...7...8...9...10	Bounce #16 added RGB(939, 0, 0)
0...1...2...3...4...5...6...7...8...9...10	Bounce #17 added RGB(684, 0, 0)
0...1...2...3...4...5...6...7...8...9...10	Bounce #18 added RGB(499, 0, 0)
0...1...2...3...4...5...6...7...8...9...10	Bounce #19 added RGB(364, 0, 0)
0...1...2...3...4...5...6...7...8...9...10	Bounce #20 added RGB(265, 0, 0)
0...1...2...3...4...5...6...7...8...9...10	Bounce #21 added RGB(193, 0, 0)
0...1...2...3...4...5...6...7...8...9...10	Bounce #22 added RGB(141, 0, 0)
0...1...2...3...4...5...6...7...8...9...10	Bounce #23 added RGB(103, 0, 0)
0...1...2...3...4...5...6...7...8...9...10	Bounce #24 added RGB(75, 0, 0)
0...1...2...3...4...5...6...7...8...9...10	Bounce #25 added RGB(55, 0, 0)
0...1...2...3...4...5...6...7...8...9...10	Bounce #26 added RGB(40, 0, 0)
0...1...2...3...4...5...6...7...8...9...10	Bounce #27 added RGB(29, 0, 0)
0...1...2...3...4...5...6...7...8...9...10	Bounce #28 added RGB(21, 0, 0)
0...1...2...3...4...5...6...7...8...9...10	Bounce #29 added RGB(15, 0, 0)
0...1...2...3...4...5...6...7...8...9...10	Bounce #30 added RGB(11, 0, 0)
0...1...2...3...4...5...6...7...8...9...10	Bounce #31 added RGB(8, 0, 0)
0...1...2...3...4...5...6...7...8...9...10	Bounce #32 added RGB(6, 0, 0)
0...1...2...3...4...5...6...7...8...9...10	Bounce #33 added RGB(4, 0, 0)
0...1...2...3...4...5...6...7...8...9...10	Bounce #34 added RGB(3, 0, 0)
0...1...2...3...4...5...6...7...8...9...10	Bounce #35 added RGB(2, 0, 0)
0...1...2...3...4...5...6...7...8...9...10	Bounce #36 added RGB(2, 0, 0)
0...1...2...3...4...5...6...7...8...9...10	Bounce #37 added RGB(1, 0, 0)
0...1...2...3...4...5...6...7...8...9...10	Bounce #38 added RGB(1, 0, 0)
Build Patch/Sample Hash Table(s).....Done<0.0091 sec>
0...1...2...3...4...5...6...7...8...9...10FinalLightFace Done
0 of 0 (0% of) surface lights went in leaf ambient cubes.
0...1...2...3...4...5...6...7...8...9...10Writing leaf ambient...done
Computing static prop lighting : 00...1...2...3...4...5...6...7...8...9...10
Ready to Finish

Object names       Objects/Maxobjs  Memory / Maxmem  Fullness 
------------       ---------------  ---------------  -------- 
models                   5/4096          240/196608   ( 0.1%) 
brushes                 39/32768         468/393216   ( 0.1%) 
brushsides             234/65536        1872/524288   ( 0.4%) 
planes                 176/65536        3520/1310720  ( 0.3%) 
vertexes               420/65536        5040/786432   ( 0.6%) 
nodes                   61/65536        1952/2097152  ( 0.1%) 
texinfos                25/12288        1800/884736   ( 0.2%) 
texdata                  5/2048          160/65536    ( 0.2%) 
dispinfos                0/0               0/0        ( 0.0%) 
disp_verts               0/0               0/0        ( 0.0%) 
disp_tris                0/0               0/0        ( 0.0%) 
disp_lmsamples           0/0               0/0        ( 0.0%) 
faces                  321/65536       17976/3670016  ( 0.5%) 
hdr faces                0/65536           0/3670016  ( 0.0%) 
origfaces               43/65536        2408/3670016  ( 0.1%) 
leaves                  67/65536        2144/2097152  ( 0.1%) 
leaffaces              328/65536         656/131072   ( 0.5%) 
leafbrushes             51/65536         102/131072   ( 0.1%) 
areas                    2/1024           16/8192     ( 0.2%) 
surfedges             1580/512000       6320/2048000  ( 0.3%) 
edges                  812/256000       3248/1024000  ( 0.3%) 
LDR worldlights         23/16384        2024/1441792  ( 0.1%) 
HDR worldlights          0/16384           0/1441792  ( 0.0%) 
leafwaterdata            0/32768           0/393216   ( 0.0%) 
waterstrips              0/131072          0/1310720  ( 0.0%) 
waterverts               0/131072          0/1572864  ( 0.0%) 
waterindices             0/131072          0/262144   ( 0.0%) 
cubemapsamples           0/1024            0/16384    ( 0.0%) 
overlays                 0/1024            0/360448   ( 0.0%) 
LDR lightdata         [variable]      973396/0        ( 0.0%) 
HDR lightdata         [variable]           0/0        ( 0.0%) 
visdata               [variable]         124/16777216 ( 0.0%) 
entdata               [variable]       11134/393216   ( 2.8%) 
LDR ambient table       67/65536         268/262144   ( 0.1%) 
HDR ambient table       67/65536         268/262144   ( 0.1%) 
LDR leaf ambient       175/65536        4900/1835008  ( 0.3%) 
HDR leaf ambient        67/65536        1876/1835008  ( 0.1%) 
occluders                0/0               0/0        ( 0.0%) 
occluder polygons        0/0               0/0        ( 0.0%) 
occluder vert ind        0/0               0/0        ( 0.0%) 
detail props          [variable]           1/12       ( 8.3%) 
static props          [variable]           1/278      ( 0.4%) 
pakfile               [variable]       39481/0        ( 0.0%) 
physics               [variable]       19640/4194304  ( 0.5%) 
physics terrain       [variable]           2/1048576  ( 0.0%) 

Level flags = 1

Total triangle count: 766
Writing c:\program files (x86)\steam\steamapps\sourcemods\who\maps\list_02.bsp
3 seconds elapsed



[Reading texlights from 'lights.rad']
[48 texlights parsed from 'lights.rad']

Loading c:\program files (x86)\steam\steamapps\sourcemods\who\maps\list_02.bsp
321 faces
35515 square feet [5114286.00 square inches]
0 Displacements
0 Square Feet [0.00 Square Inches]
321 patches before subdivision
30345 patches after subdivision
23 direct lights
0...1...2...3...4...5...6...7...8...9...100...1...2...3...4...5...6...7...8...9...10transfers 3106089, max 459
transfer lists:  23.7 megs
0...1...2...3...4...5...6...7...8...9...10	Bounce #1 added RGB(118651, 33369, 383)
0...1...2...3...4...5...6...7...8...9...10	Bounce #2 added RGB(100339, 7937, 1)
0...1...2...3...4...5...6...7...8...9...10	Bounce #3 added RGB(58596, 1303, 0)
0...1...2...3...4...5...6...7...8...9...10	Bounce #4 added RGB(43523, 272, 0)
0...1...2...3...4...5...6...7...8...9...10	Bounce #5 added RGB(30608, 54, 0)
0...1...2...3...4...5...6...7...8...9...10	Bounce #6 added RGB(22345, 11, 0)
0...1...2...3...4...5...6...7...8...9...10	Bounce #7 added RGB(16191, 2, 0)
0...1...2...3...4...5...6...7...8...9...10	Bounce #8 added RGB(11800, 0, 0)
0...1...2...3...4...5...6...7...8...9...10	Bounce #9 added RGB(8592, 0, 0)
0...1...2...3...4...5...6...7...8...9...10	Bounce #10 added RGB(6262, 0, 0)
0...1...2...3...4...5...6...7...8...9...10	Bounce #11 added RGB(4563, 0, 0)
0...1...2...3...4...5...6...7...8...9...10	Bounce #12 added RGB(3326, 0, 0)
0...1...2...3...4...5...6...7...8...9...10	Bounce #13 added RGB(2424, 0, 0)
0...1...2...3...4...5...6...7...8...9...10	Bounce #14 added RGB(1767, 0, 0)
0...1...2...3...4...5...6...7...8...9...10	Bounce #15 added RGB(1288, 0, 0)
0...1...2...3...4...5...6...7...8...9...10	Bounce #16 added RGB(939, 0, 0)
0...1...2...3...4...5...6...7...8...9...10	Bounce #17 added RGB(684, 0, 0)
0...1...2...3...4...5...6...7...8...9...10	Bounce #18 added RGB(499, 0, 0)
0...1...2...3...4...5...6...7...8...9...10	Bounce #19 added RGB(364, 0, 0)
0...1...2...3...4...5...6...7...8...9...10	Bounce #20 added RGB(265, 0, 0)
0...1...2...3...4...5...6...7...8...9...10	Bounce #21 added RGB(193, 0, 0)
0...1...2...3...4...5...6...7...8...9...10	Bounce #22 added RGB(141, 0, 0)
0...1...2...3...4...5...6...7...8...9...10	Bounce #23 added RGB(103, 0, 0)
0...1...2...3...4...5...6...7...8...9...10	Bounce #24 added RGB(75, 0, 0)
0...1...2...3...4...5...6...7...8...9...10	Bounce #25 added RGB(55, 0, 0)
0...1...2...3...4...5...6...7...8...9...10	Bounce #26 added RGB(40, 0, 0)
0...1...2...3...4...5...6...7...8...9...10	Bounce #27 added RGB(29, 0, 0)
0...1...2...3...4...5...6...7...8...9...10	Bounce #28 added RGB(21, 0, 0)
0...1...2...3...4...5...6...7...8...9...10	Bounce #29 added RGB(15, 0, 0)
0...1...2...3...4...5...6...7...8...9...10	Bounce #30 added RGB(11, 0, 0)
0...1...2...3...4...5...6...7...8...9...10	Bounce #31 added RGB(8, 0, 0)
0...1...2...3...4...5...6...7...8...9...10	Bounce #32 added RGB(6, 0, 0)
0...1...2...3...4...5...6...7...8...9...10	Bounce #33 added RGB(4, 0, 0)
0...1...2...3...4...5...6...7...8...9...10	Bounce #34 added RGB(3, 0, 0)
0...1...2...3...4...5...6...7...8...9...10	Bounce #35 added RGB(2, 0, 0)
0...1...2...3...4...5...6...7...8...9...10	Bounce #36 added RGB(2, 0, 0)
0...1...2...3...4...5...6...7...8...9...10	Bounce #37 added RGB(1, 0, 0)
0...1...2...3...4...5...6...7...8...9...10	Bounce #38 added RGB(1, 0, 0)
Build Patch/Sample Hash Table(s).....Done<0.0077 sec>
0...1...2...3...4...5...6...7...8...9...10FinalLightFace Done
0 of 0 (0% of) surface lights went in leaf ambient cubes.
0...1...2...3...4...5...6...7...8...9...10Writing leaf ambient...done
Computing static prop lighting : 00...1...2...3...4...5...6...7...8...9...10
Ready to Finish

Object names       Objects/Maxobjs  Memory / Maxmem  Fullness 
------------       ---------------  ---------------  -------- 
models                   5/4096          240/196608   ( 0.1%) 
brushes                 39/32768         468/393216   ( 0.1%) 
brushsides             234/65536        1872/524288   ( 0.4%) 
planes                 176/65536        3520/1310720  ( 0.3%) 
vertexes               420/65536        5040/786432   ( 0.6%) 
nodes                   61/65536        1952/2097152  ( 0.1%) 
texinfos                25/12288        1800/884736   ( 0.2%) 
texdata                  5/2048          160/65536    ( 0.2%) 
dispinfos                0/0               0/0        ( 0.0%) 
disp_verts               0/0               0/0        ( 0.0%) 
disp_tris                0/0               0/0        ( 0.0%) 
disp_lmsamples           0/0               0/0        ( 0.0%) 
faces                  321/65536       17976/3670016  ( 0.5%) 
hdr faces              321/65536       17976/3670016  ( 0.5%) 
origfaces               43/65536        2408/3670016  ( 0.1%) 
leaves                  67/65536        2144/2097152  ( 0.1%) 
leaffaces              328/65536         656/131072   ( 0.5%) 
leafbrushes             51/65536         102/131072   ( 0.1%) 
areas                    2/1024           16/8192     ( 0.2%) 
surfedges             1580/512000       6320/2048000  ( 0.3%) 
edges                  812/256000       3248/1024000  ( 0.3%) 
LDR worldlights         23/16384        2024/1441792  ( 0.1%) 
HDR worldlights         23/16384        2024/1441792  ( 0.1%) 
leafwaterdata            0/32768           0/393216   ( 0.0%) 
waterstrips              0/131072          0/1310720  ( 0.0%) 
waterverts               0/131072          0/1572864  ( 0.0%) 
waterindices             0/131072          0/262144   ( 0.0%) 
cubemapsamples           0/1024            0/16384    ( 0.0%) 
overlays                 0/1024            0/360448   ( 0.0%) 
LDR lightdata         [variable]      973396/0        ( 0.0%) 
HDR lightdata         [variable]      973396/0        ( 0.0%) 
visdata               [variable]         124/16777216 ( 0.0%) 
entdata               [variable]       11134/393216   ( 2.8%) 
LDR ambient table       67/65536         268/262144   ( 0.1%) 
HDR ambient table       67/65536         268/262144   ( 0.1%) 
LDR leaf ambient       175/65536        4900/1835008  ( 0.3%) 
HDR leaf ambient       175/65536        4900/1835008  ( 0.3%) 
occluders                0/0               0/0        ( 0.0%) 
occluder polygons        0/0               0/0        ( 0.0%) 
occluder vert ind        0/0               0/0        ( 0.0%) 
detail props          [variable]           1/12       ( 8.3%) 
static props          [variable]           1/278      ( 0.4%) 
pakfile               [variable]       78593/0        ( 0.0%) 
physics               [variable]       19640/4194304  ( 0.5%) 
physics terrain       [variable]           2/1048576  ( 0.0%) 

Level flags = 3

Total triangle count: 766
Writing c:\program files (x86)\steam\steamapps\sourcemods\who\maps\list_02.bsp
3 seconds elapsed



materialPath: C:\Program Files (x86)\Steam\steamapps\sourcemods\who\materials
Loading c:\program files (x86)\steam\steamapps\sourcemods\who\maps\list_02.vmf
Patching WVT material: maps/list_02/dev/dev_blendmeasure_wvt_patch
fixing up env_cubemap materials on brush sides...
0...1...2...3...4...5...6...7...8...9...100...1...2...3...4...5...6...7...8...9...10Processing areas...done (0)
Building Faces...done (0)
Chop Details...done (0)
Find Visible Detail Sides...done (0)
Merging details...done (0)
FixTjuncs...
PruneNodes...
WriteBSP...
done (0)
writing c:\program files (x86)\steam\steamapps\sourcemods\who\maps\list_02.prt...Building visibility clusters...
done (0)
Finding displacement neighbors...
Finding lightmap sample positions...
Displacement Alpha : 0...1...2...3...4...5...6...7...8...9...10
Building Physics collision data...
done (0) (19640 bytes)
Placing static props...
Placing detail props : 0...1...2...3...4...5...6...7...8...9...10
Compacting texture/material tables...
Reduced 64 texinfos to 25
Reduced 7 texdatas to 5 (173 bytes to 108)
Writing c:\program files (x86)\steam\steamapps\sourcemods\who\maps\list_02.bsp
0 seconds elapsed



4 threads
reading c:\program files (x86)\steam\steamapps\sourcemods\who\maps\list_02.bsp
reading c:\program files (x86)\steam\steamapps\sourcemods\who\maps\list_02.prt
  10 portalclusters
  16 numportals
0...1...2...3...4...5...6...7...8...9...100...1...2...3...4...5...6...7...8...9...10Optimized: 0 visible clusters (0.00%)
Total clusters visible: 96
Average clusters visible: 9
Building PAS...
Average clusters audible: 10
visdatasize:124  compressed from 160
writing c:\program files (x86)\steam\steamapps\sourcemods\who\maps\list_02.bsp
0 seconds elapsed



[Reading texlights from 'lights.rad']
[48 texlights parsed from 'lights.rad']

Loading c:\program files (x86)\steam\steamapps\sourcemods\who\maps\list_02.bsp
321 faces
35515 square feet [5114286.00 square inches]
0 Displacements
0 Square Feet [0.00 Square Inches]
321 patches before subdivision
30345 patches after subdivision
23 direct lights
0...1...2...3...4...5...6...7...8...9...100...1...2...3...4...5...6...7...8...9...10transfers 3106089, max 459
transfer lists:  23.7 megs
0...1...2...3...4...5...6...7...8...9...10	Bounce #1 added RGB(118651, 33369, 383)
0...1...2...3...4...5...6...7...8...9...10	Bounce #2 added RGB(100339, 7937, 1)
0...1...2...3...4...5...6...7...8...9...10	Bounce #3 added RGB(58596, 1303, 0)
0...1...2...3...4...5...6...7...8...9...10	Bounce #4 added RGB(43523, 272, 0)
0...1...2...3...4...5...6...7...8...9...10	Bounce #5 added RGB(30608, 54, 0)
0...1...2...3...4...5...6...7...8...9...10	Bounce #6 added RGB(22345, 11, 0)
0...1...2...3...4...5...6...7...8...9...10	Bounce #7 added RGB(16191, 2, 0)
0...1...2...3...4...5...6...7...8...9...10	Bounce #8 added RGB(11800, 0, 0)
0...1...2...3...4...5...6...7...8...9...10	Bounce #9 added RGB(8592, 0, 0)
0...1...2...3...4...5...6...7...8...9...10	Bounce #10 added RGB(6262, 0, 0)
0...1...2...3...4...5...6...7...8...9...10	Bounce #11 added RGB(4563, 0, 0)
0...1...2...3...4...5...6...7...8...9...10	Bounce #12 added RGB(3326, 0, 0)
0...1...2...3...4...5...6...7...8...9...10	Bounce #13 added RGB(2424, 0, 0)
0...1...2...3...4...5...6...7...8...9...10	Bounce #14 added RGB(1767, 0, 0)
0...1...2...3...4...5...6...7...8...9...10	Bounce #15 added RGB(1288, 0, 0)
0...1...2...3...4...5...6...7...8...9...10	Bounce #16 added RGB(939, 0, 0)
0...1...2...3...4...5...6...7...8...9...10	Bounce #17 added RGB(684, 0, 0)
0...1...2...3...4...5...6...7...8...9...10	Bounce #18 added RGB(499, 0, 0)
0...1...2...3...4...5...6...7...8...9...10	Bounce #19 added RGB(364, 0, 0)
0...1...2...3...4...5...6...7...8...9...10	Bounce #20 added RGB(265, 0, 0)
0...1...2...3...4...5...6...7...8...9...10	Bounce #21 added RGB(193, 0, 0)
0...1...2...3...4...5...6...7...8...9...10	Bounce #22 added RGB(141, 0, 0)
0...1...2...3...4...5...6...7...8...9...10	Bounce #23 added RGB(103, 0, 0)
0...1...2...3...4...5...6...7...8...9...10	Bounce #24 added RGB(75, 0, 0)
0...1...2...3...4...5...6...7...8...9...10	Bounce #25 added RGB(55, 0, 0)
0...1...2...3...4...5...6...7...8...9...10	Bounce #26 added RGB(40, 0, 0)
0...1...2...3...4...5...6...7...8...9...10	Bounce #27 added RGB(29, 0, 0)
0...1...2...3...4...5...6...7...8...9...10	Bounce #28 added RGB(21, 0, 0)
0...1...2...3...4...5...6...7...8...9...10	Bounce #29 added RGB(15, 0, 0)
0...1...2...3...4...5...6...7...8...9...10	Bounce #30 added RGB(11, 0, 0)
0...1...2...3...4...5...6...7...8...9...10	Bounce #31 added RGB(8, 0, 0)
0...1...2...3...4...5...6...7...8...9...10	Bounce #32 added RGB(6, 0, 0)
0...1...2...3...4...5...6...7...8...9...10	Bounce #33 added RGB(4, 0, 0)
0...1...2...3...4...5...6...7...8...9...10	Bounce #34 added RGB(3, 0, 0)
0...1...2...3...4...5...6...7...8...9...10	Bounce #35 added RGB(2, 0, 0)
0...1...2...3...4...5...6...7...8...9...10	Bounce #36 added RGB(2, 0, 0)
0...1...2...3...4...5...6...7...8...9...10	Bounce #37 added RGB(1, 0, 0)
0...1...2...3...4...5...6...7...8...9...10	Bounce #38 added RGB(1, 0, 0)
Build Patch/Sample Hash Table(s).....Done<0.0080 sec>
0...1...2...3...4...5...6...7...8...9...10FinalLightFace Done
0 of 0 (0% of) surface lights went in leaf ambient cubes.
0...1...2...3...4...5...6...7...8...9...10Writing leaf ambient...done
Computing static prop lighting : 00...1...2...3...4...5...6...7...8...9...10
Ready to Finish

Object names       Objects/Maxobjs  Memory / Maxmem  Fullness 
------------       ---------------  ---------------  -------- 
models                   5/4096          240/196608   ( 0.1%) 
brushes                 39/32768         468/393216   ( 0.1%) 
brushsides             234/65536        1872/524288   ( 0.4%) 
planes                 176/65536        3520/1310720  ( 0.3%) 
vertexes               420/65536        5040/786432   ( 0.6%) 
nodes                   61/65536        1952/2097152  ( 0.1%) 
texinfos                25/12288        1800/884736   ( 0.2%) 
texdata                  5/2048          160/65536    ( 0.2%) 
dispinfos                0/0               0/0        ( 0.0%) 
disp_verts               0/0               0/0        ( 0.0%) 
disp_tris                0/0               0/0        ( 0.0%) 
disp_lmsamples           0/0               0/0        ( 0.0%) 
faces                  321/65536       17976/3670016  ( 0.5%) 
hdr faces                0/65536           0/3670016  ( 0.0%) 
origfaces               43/65536        2408/3670016  ( 0.1%) 
leaves                  67/65536        2144/2097152  ( 0.1%) 
leaffaces              328/65536         656/131072   ( 0.5%) 
leafbrushes             51/65536         102/131072   ( 0.1%) 
areas                    2/1024           16/8192     ( 0.2%) 
surfedges             1580/512000       6320/2048000  ( 0.3%) 
edges                  812/256000       3248/1024000  ( 0.3%) 
LDR worldlights         23/16384        2024/1441792  ( 0.1%) 
HDR worldlights          0/16384           0/1441792  ( 0.0%) 
leafwaterdata            0/32768           0/393216   ( 0.0%) 
waterstrips              0/131072          0/1310720  ( 0.0%) 
waterverts               0/131072          0/1572864  ( 0.0%) 
waterindices             0/131072          0/262144   ( 0.0%) 
cubemapsamples           0/1024            0/16384    ( 0.0%) 
overlays                 0/1024            0/360448   ( 0.0%) 
LDR lightdata         [variable]      973396/0        ( 0.0%) 
HDR lightdata         [variable]           0/0        ( 0.0%) 
visdata               [variable]         124/16777216 ( 0.0%) 
entdata               [variable]       11170/393216   ( 2.8%) 
LDR ambient table       67/65536         268/262144   ( 0.1%) 
HDR ambient table       67/65536         268/262144   ( 0.1%) 
LDR leaf ambient       175/65536        4900/1835008  ( 0.3%) 
HDR leaf ambient        67/65536        1876/1835008  ( 0.1%) 
occluders                0/0               0/0        ( 0.0%) 
occluder polygons        0/0               0/0        ( 0.0%) 
occluder vert ind        0/0               0/0        ( 0.0%) 
detail props          [variable]           1/12       ( 8.3%) 
static props          [variable]           1/278      ( 0.4%) 
pakfile               [variable]       39481/0        ( 0.0%) 
physics               [variable]       19640/4194304  ( 0.5%) 
physics terrain       [variable]           2/1048576  ( 0.0%) 

Level flags = 1

Total triangle count: 766
Writing c:\program files (x86)\steam\steamapps\sourcemods\who\maps\list_02.bsp
3 seconds elapsed



[Reading texlights from 'lights.rad']
[48 texlights parsed from 'lights.rad']

Loading c:\program files (x86)\steam\steamapps\sourcemods\who\maps\list_02.bsp
321 faces
35515 square feet [5114286.00 square inches]
0 Displacements
0 Square Feet [0.00 Square Inches]
321 patches before subdivision
30345 patches after subdivision
23 direct lights
0...1...2...3...4...5...6...7...8...9...100...1...2...3...4...5...6...7...8...9...10transfers 3106089, max 459
transfer lists:  23.7 megs
0...1...2...3...4...5...6...7...8...9...10	Bounce #1 added RGB(118651, 33369, 383)
0...1...2...3...4...5...6...7...8...9...10	Bounce #2 added RGB(100340, 7937, 1)
0...1...2...3...4...5...6...7...8...9...10	Bounce #3 added RGB(58596, 1303, 0)
0...1...2...3...4...5...6...7...8...9...10	Bounce #4 added RGB(43523, 272, 0)
0...1...2...3...4...5...6...7...8...9...10	Bounce #5 added RGB(30608, 54, 0)
0...1...2...3...4...5...6...7...8...9...10	Bounce #6 added RGB(22345, 11, 0)
0...1...2...3...4...5...6...7...8...9...10	Bounce #7 added RGB(16191, 2, 0)
0...1...2...3...4...5...6...7...8...9...10	Bounce #8 added RGB(11800, 0, 0)
0...1...2...3...4...5...6...7...8...9...10	Bounce #9 added RGB(8592, 0, 0)
0...1...2...3...4...5...6...7...8...9...10	Bounce #10 added RGB(6262, 0, 0)
0...1...2...3...4...5...6...7...8...9...10	Bounce #11 added RGB(4563, 0, 0)
0...1...2...3...4...5...6...7...8...9...10	Bounce #12 added RGB(3326, 0, 0)
0...1...2...3...4...5...6...7...8...9...10	Bounce #13 added RGB(2424, 0, 0)
0...1...2...3...4...5...6...7...8...9...10	Bounce #14 added RGB(1767, 0, 0)
0...1...2...3...4...5...6...7...8...9...10	Bounce #15 added RGB(1288, 0, 0)
0...1...2...3...4...5...6...7...8...9...10	Bounce #16 added RGB(939, 0, 0)
0...1...2...3...4...5...6...7...8...9...10	Bounce #17 added RGB(684, 0, 0)
0...1...2...3...4...5...6...7...8...9...10	Bounce #18 added RGB(499, 0, 0)
0...1...2...3...4...5...6...7...8...9...10	Bounce #19 added RGB(364, 0, 0)
0...1...2...3...4...5...6...7...8...9...10	Bounce #20 added RGB(265, 0, 0)
0...1...2...3...4...5...6...7...8...9...10	Bounce #21 added RGB(193, 0, 0)
0...1...2...3...4...5...6...7...8...9...10	Bounce #22 added RGB(141, 0, 0)
0...1...2...3...4...5...6...7...8...9...10	Bounce #23 added RGB(103, 0, 0)
0...1...2...3...4...5...6...7...8...9...10	Bounce #24 added RGB(75, 0, 0)
0...1...2...3...4...5...6...7...8...9...10	Bounce #25 added RGB(55, 0, 0)
0...1...2...3...4...5...6...7...8...9...10	Bounce #26 added RGB(40, 0, 0)
0...1...2...3...4...5...6...7...8...9...10	Bounce #27 added RGB(29, 0, 0)
0...1...2...3...4...5...6...7...8...9...10	Bounce #28 added RGB(21, 0, 0)
0...1...2...3...4...5...6...7...8...9...10	Bounce #29 added RGB(15, 0, 0)
0...1...2...3...4...5...6...7...8...9...10	Bounce #30 added RGB(11, 0, 0)
0...1...2...3...4...5...6...7...8...9...10	Bounce #31 added RGB(8, 0, 0)
0...1...2...3...4...5...6...7...8...9...10	Bounce #32 added RGB(6, 0, 0)
0...1...2...3...4...5...6...7...8...9...10	Bounce #33 added RGB(4, 0, 0)
0...1...2...3...4...5...6...7...8...9...10	Bounce #34 added RGB(3, 0, 0)
0...1...2...3...4...5...6...7...8...9...10	Bounce #35 added RGB(2, 0, 0)
0...1...2...3...4...5...6...7...8...9...10	Bounce #36 added RGB(2, 0, 0)
0...1...2...3...4...5...6...7...8...9...10	Bounce #37 added RGB(1, 0, 0)
0...1...2...3...4...5...6...7...8...9...10	Bounce #38 added RGB(1, 0, 0)
Build Patch/Sample Hash Table(s).....Done<0.0083 sec>
0...1...2...3...4...5...6...7...8...9...10FinalLightFace Done
0 of 0 (0% of) surface lights went in leaf ambient cubes.
0...1...2...3...4...5...6...7...8...9...10Writing leaf ambient...done
Computing static prop lighting : 00...1...2...3...4...5...6...7...8...9...10
Ready to Finish

Object names       Objects/Maxobjs  Memory / Maxmem  Fullness 
------------       ---------------  ---------------  -------- 
models                   5/4096          240/196608   ( 0.1%) 
brushes                 39/32768         468/393216   ( 0.1%) 
brushsides             234/65536        1872/524288   ( 0.4%) 
planes                 176/65536        3520/1310720  ( 0.3%) 
vertexes               420/65536        5040/786432   ( 0.6%) 
nodes                   61/65536        1952/2097152  ( 0.1%) 
texinfos                25/12288        1800/884736   ( 0.2%) 
texdata                  5/2048          160/65536    ( 0.2%) 
dispinfos                0/0               0/0        ( 0.0%) 
disp_verts               0/0               0/0        ( 0.0%) 
disp_tris                0/0               0/0        ( 0.0%) 
disp_lmsamples           0/0               0/0        ( 0.0%) 
faces                  321/65536       17976/3670016  ( 0.5%) 
hdr faces              321/65536       17976/3670016  ( 0.5%) 
origfaces               43/65536        2408/3670016  ( 0.1%) 
leaves                  67/65536        2144/2097152  ( 0.1%) 
leaffaces              328/65536         656/131072   ( 0.5%) 
leafbrushes             51/65536         102/131072   ( 0.1%) 
areas                    2/1024           16/8192     ( 0.2%) 
surfedges             1580/512000       6320/2048000  ( 0.3%) 
edges                  812/256000       3248/1024000  ( 0.3%) 
LDR worldlights         23/16384        2024/1441792  ( 0.1%) 
HDR worldlights         23/16384        2024/1441792  ( 0.1%) 
leafwaterdata            0/32768           0/393216   ( 0.0%) 
waterstrips              0/131072          0/1310720  ( 0.0%) 
waterverts               0/131072          0/1572864  ( 0.0%) 
waterindices             0/131072          0/262144   ( 0.0%) 
cubemapsamples           0/1024            0/16384    ( 0.0%) 
overlays                 0/1024            0/360448   ( 0.0%) 
LDR lightdata         [variable]      973396/0        ( 0.0%) 
HDR lightdata         [variable]      973396/0        ( 0.0%) 
visdata               [variable]         124/16777216 ( 0.0%) 
entdata               [variable]       11170/393216   ( 2.8%) 
LDR ambient table       67/65536         268/262144   ( 0.1%) 
HDR ambient table       67/65536         268/262144   ( 0.1%) 
LDR leaf ambient       175/65536        4900/1835008  ( 0.3%) 
HDR leaf ambient       175/65536        4900/1835008  ( 0.3%) 
occluders                0/0               0/0        ( 0.0%) 
occluder polygons        0/0               0/0        ( 0.0%) 
occluder vert ind        0/0               0/0        ( 0.0%) 
detail props          [variable]           1/12       ( 8.3%) 
static props          [variable]           1/278      ( 0.4%) 
pakfile               [variable]       78593/0        ( 0.0%) 
physics               [variable]       19640/4194304  ( 0.5%) 
physics terrain       [variable]           2/1048576  ( 0.0%) 

Level flags = 3

Total triangle count: 766
Writing c:\program files (x86)\steam\steamapps\sourcemods\who\maps\list_02.bsp
3 seconds elapsed



materialPath: C:\Program Files (x86)\Steam\steamapps\sourcemods\who\materials
Loading c:\program files (x86)\steam\steamapps\sourcemods\who\maps\list_02.vmf
Patching WVT material: maps/list_02/dev/dev_blendmeasure_wvt_patch
fixing up env_cubemap materials on brush sides...
0...1...2...3...4...5...6...7...8...9...100...1...2...3...4...5...6...7...8...9...10Processing areas...done (0)
Building Faces...done (0)
Chop Details...done (0)
Find Visible Detail Sides...done (0)
Merging details...done (0)
FixTjuncs...
PruneNodes...
WriteBSP...
done (0)
writing c:\program files (x86)\steam\steamapps\sourcemods\who\maps\list_02.prt...Building visibility clusters...
done (0)
Finding displacement neighbors...
Finding lightmap sample positions...
Displacement Alpha : 0...1...2...3...4...5...6...7...8...9...10
Building Physics collision data...
done (0) (19640 bytes)
Placing static props...
Placing detail props : 0...1...2...3...4...5...6...7...8...9...10
Compacting texture/material tables...
Reduced 64 texinfos to 25
Reduced 7 texdatas to 5 (173 bytes to 108)
Writing c:\program files (x86)\steam\steamapps\sourcemods\who\maps\list_02.bsp
0 seconds elapsed



4 threads
reading c:\program files (x86)\steam\steamapps\sourcemods\who\maps\list_02.bsp
reading c:\program files (x86)\steam\steamapps\sourcemods\who\maps\list_02.prt
  10 portalclusters
  16 numportals
0...1...2...3...4...5...6...7...8...9...100...1...2...3...4...5...6...7...8...9...10Optimized: 0 visible clusters (0.00%)
Total clusters visible: 96
Average clusters visible: 9
Building PAS...
Average clusters audible: 10
visdatasize:124  compressed from 160
writing c:\program files (x86)\steam\steamapps\sourcemods\who\maps\list_02.bsp
0 seconds elapsed



[Reading texlights from 'lights.rad']
[48 texlights parsed from 'lights.rad']

Loading c:\program files (x86)\steam\steamapps\sourcemods\who\maps\list_02.bsp
321 faces
35515 square feet [5114286.00 square inches]
0 Displacements
0 Square Feet [0.00 Square Inches]
321 patches before subdivision
30345 patches after subdivision
23 direct lights
0...1...2...3...4...5...6...7...8...9...100...1...2...3...4...5...6...7...8...9...10transfers 3106089, max 459
transfer lists:  23.7 megs
0...1...2...3...4...5...6...7...8...9...10	Bounce #1 added RGB(118651, 33369, 383)
0...1...2...3...4...5...6...7...8...9...10	Bounce #2 added RGB(100340, 7937, 1)
0...1...2...3...4...5...6...7...8...9...10	Bounce #3 added RGB(58596, 1303, 0)
0...1...2...3...4...5...6...7...8...9...10	Bounce #4 added RGB(43523, 272, 0)
0...1...2...3...4...5...6...7...8...9...10	Bounce #5 added RGB(30608, 54, 0)
0...1...2...3...4...5...6...7...8...9...10	Bounce #6 added RGB(22345, 11, 0)
0...1...2...3...4...5...6...7...8...9...10	Bounce #7 added RGB(16191, 2, 0)
0...1...2...3...4...5...6...7...8...9...10	Bounce #8 added RGB(11800, 0, 0)
0...1...2...3...4...5...6...7...8...9...10	Bounce #9 added RGB(8592, 0, 0)
0...1...2...3...4...5...6...7...8...9...10	Bounce #10 added RGB(6262, 0, 0)
0...1...2...3...4...5...6...7...8...9...10	Bounce #11 added RGB(4563, 0, 0)
0...1...2...3...4...5...6...7...8...9...10	Bounce #12 added RGB(3326, 0, 0)
0...1...2...3...4...5...6...7...8...9...10	Bounce #13 added RGB(2424, 0, 0)
0...1...2...3...4...5...6...7...8...9...10	Bounce #14 added RGB(1767, 0, 0)
0...1...2...3...4...5...6...7...8...9...10	Bounce #15 added RGB(1288, 0, 0)
0...1...2...3...4...5...6...7...8...9...10	Bounce #16 added RGB(939, 0, 0)
0...1...2...3...4...5...6...7...8...9...10	Bounce #17 added RGB(684, 0, 0)
0...1...2...3...4...5...6...7...8...9...10	Bounce #18 added RGB(499, 0, 0)
0...1...2...3...4...5...6...7...8...9...10	Bounce #19 added RGB(364, 0, 0)
0...1...2...3...4...5...6...7...8...9...10	Bounce #20 added RGB(265, 0, 0)
0...1...2...3...4...5...6...7...8...9...10	Bounce #21 added RGB(193, 0, 0)
0...1...2...3...4...5...6...7...8...9...10	Bounce #22 added RGB(141, 0, 0)
0...1...2...3...4...5...6...7...8...9...10	Bounce #23 added RGB(103, 0, 0)
0...1...2...3...4...5...6...7...8...9...10	Bounce #24 added RGB(75, 0, 0)
0...1...2...3...4...5...6...7...8...9...10	Bounce #25 added RGB(55, 0, 0)
0...1...2...3...4...5...6...7...8...9...10	Bounce #26 added RGB(40, 0, 0)
0...1...2...3...4...5...6...7...8...9...10	Bounce #27 added RGB(29, 0, 0)
0...1...2...3...4...5...6...7...8...9...10	Bounce #28 added RGB(21, 0, 0)
0...1...2...3...4...5...6...7...8...9...10	Bounce #29 added RGB(15, 0, 0)
0...1...2...3...4...5...6...7...8...9...10	Bounce #30 added RGB(11, 0, 0)
0...1...2...3...4...5...6...7...8...9...10	Bounce #31 added RGB(8, 0, 0)
0...1...2...3...4...5...6...7...8...9...10	Bounce #32 added RGB(6, 0, 0)
0...1...2...3...4...5...6...7...8...9...10	Bounce #33 added RGB(4, 0, 0)
0...1...2...3...4...5...6...7...8...9...10	Bounce #34 added RGB(3, 0, 0)
0...1...2...3...4...5...6...7...8...9...10	Bounce #35 added RGB(2, 0, 0)
0...1...2...3...4...5...6...7...8...9...10	Bounce #36 added RGB(2, 0, 0)
0...1...2...3...4...5...6...7...8...9...10	Bounce #37 added RGB(1, 0, 0)
0...1...2...3...4...5...6...7...8...9...10	Bounce #38 added RGB(1, 0, 0)
Build Patch/Sample Hash Table(s).....Done<0.0085 sec>
0...1...2...3...4...5...6...7...8...9...10FinalLightFace Done
0 of 0 (0% of) surface lights went in leaf ambient cubes.
0...1...2...3...4...5...6...7...8...9...10Writing leaf ambient...done
Computing static prop lighting : 00...1...2...3...4...5...6...7...8...9...10
Ready to Finish

Object names       Objects/Maxobjs  Memory / Maxmem  Fullness 
------------       ---------------  ---------------  -------- 
models                   5/4096          240/196608   ( 0.1%) 
brushes                 39/32768         468/393216   ( 0.1%) 
brushsides             234/65536        1872/524288   ( 0.4%) 
planes                 176/65536        3520/1310720  ( 0.3%) 
vertexes               420/65536        5040/786432   ( 0.6%) 
nodes                   61/65536        1952/2097152  ( 0.1%) 
texinfos                25/12288        1800/884736   ( 0.2%) 
texdata                  5/2048          160/65536    ( 0.2%) 
dispinfos                0/0               0/0        ( 0.0%) 
disp_verts               0/0               0/0        ( 0.0%) 
disp_tris                0/0               0/0        ( 0.0%) 
disp_lmsamples           0/0               0/0        ( 0.0%) 
faces                  321/65536       17976/3670016  ( 0.5%) 
hdr faces                0/65536           0/3670016  ( 0.0%) 
origfaces               43/65536        2408/3670016  ( 0.1%) 
leaves                  67/65536        2144/2097152  ( 0.1%) 
leaffaces              328/65536         656/131072   ( 0.5%) 
leafbrushes             51/65536         102/131072   ( 0.1%) 
areas                    2/1024           16/8192     ( 0.2%) 
surfedges             1580/512000       6320/2048000  ( 0.3%) 
edges                  812/256000       3248/1024000  ( 0.3%) 
LDR worldlights         23/16384        2024/1441792  ( 0.1%) 
HDR worldlights          0/16384           0/1441792  ( 0.0%) 
leafwaterdata            0/32768           0/393216   ( 0.0%) 
waterstrips              0/131072          0/1310720  ( 0.0%) 
waterverts               0/131072          0/1572864  ( 0.0%) 
waterindices             0/131072          0/262144   ( 0.0%) 
cubemapsamples           0/1024            0/16384    ( 0.0%) 
overlays                 0/1024            0/360448   ( 0.0%) 
LDR lightdata         [variable]      973396/0        ( 0.0%) 
HDR lightdata         [variable]           0/0        ( 0.0%) 
visdata               [variable]         124/16777216 ( 0.0%) 
entdata               [variable]       11172/393216   ( 2.8%) 
LDR ambient table       67/65536         268/262144   ( 0.1%) 
HDR ambient table       67/65536         268/262144   ( 0.1%) 
LDR leaf ambient       175/65536        4900/1835008  ( 0.3%) 
HDR leaf ambient        67/65536        1876/1835008  ( 0.1%) 
occluders                0/0               0/0        ( 0.0%) 
occluder polygons        0/0               0/0        ( 0.0%) 
occluder vert ind        0/0               0/0        ( 0.0%) 
detail props          [variable]           1/12       ( 8.3%) 
static props          [variable]           1/278      ( 0.4%) 
pakfile               [variable]       39481/0        ( 0.0%) 
physics               [variable]       19640/4194304  ( 0.5%) 
physics terrain       [variable]           2/1048576  ( 0.0%) 

Level flags = 1

Total triangle count: 766
Writing c:\program files (x86)\steam\steamapps\sourcemods\who\maps\list_02.bsp
3 seconds elapsed



[Reading texlights from 'lights.rad']
[48 texlights parsed from 'lights.rad']

Loading c:\program files (x86)\steam\steamapps\sourcemods\who\maps\list_02.bsp
321 faces
35515 square feet [5114286.00 square inches]
0 Displacements
0 Square Feet [0.00 Square Inches]
321 patches before subdivision
30345 patches after subdivision
23 direct lights
0...1...2...3...4...5...6...7...8...9...100...1...2...3...4...5...6...7...8...9...10transfers 3106089, max 459
transfer lists:  23.7 megs
0...1...2...3...4...5...6...7...8...9...10	Bounce #1 added RGB(118651, 33369, 383)
0...1...2...3...4...5...6...7...8...9...10	Bounce #2 added RGB(100339, 7937, 1)
0...1...2...3...4...5...6...7...8...9...10	Bounce #3 added RGB(58596, 1303, 0)
0...1...2...3...4...5...6...7...8...9...10	Bounce #4 added RGB(43523, 272, 0)
0...1...2...3...4...5...6...7...8...9...10	Bounce #5 added RGB(30608, 54, 0)
0...1...2...3...4...5...6...7...8...9...10	Bounce #6 added RGB(22345, 11, 0)
0...1...2...3...4...5...6...7...8...9...10	Bounce #7 added RGB(16191, 2, 0)
0...1...2...3...4...5...6...7...8...9...10	Bounce #8 added RGB(11800, 0, 0)
0...1...2...3...4...5...6...7...8...9...10	Bounce #9 added RGB(8592, 0, 0)
0...1...2...3...4...5...6...7...8...9...10	Bounce #10 added RGB(6262, 0, 0)
0...1...2...3...4...5...6...7...8...9...10	Bounce #11 added RGB(4563, 0, 0)
0...1...2...3...4...5...6...7...8...9...10	Bounce #12 added RGB(3326, 0, 0)
0...1...2...3...4...5...6...7...8...9...10	Bounce #13 added RGB(2424, 0, 0)
0...1...2...3...4...5...6...7...8...9...10	Bounce #14 added RGB(1767, 0, 0)
0...1...2...3...4...5...6...7...8...9...10	Bounce #15 added RGB(1288, 0, 0)
0...1...2...3...4...5...6...7...8...9...10	Bounce #16 added RGB(939, 0, 0)
0...1...2...3...4...5...6...7...8...9...10	Bounce #17 added RGB(684, 0, 0)
0...1...2...3...4...5...6...7...8...9...10	Bounce #18 added RGB(499, 0, 0)
0...1...2...3...4...5...6...7...8...9...10	Bounce #19 added RGB(364, 0, 0)
0...1...2...3...4...5...6...7...8...9...10	Bounce #20 added RGB(265, 0, 0)
0...1...2...3...4...5...6...7...8...9...10	Bounce #21 added RGB(193, 0, 0)
0...1...2...3...4...5...6...7...8...9...10	Bounce #22 added RGB(141, 0, 0)
0...1...2...3...4...5...6...7...8...9...10	Bounce #23 added RGB(103, 0, 0)
0...1...2...3...4...5...6...7...8...9...10	Bounce #24 added RGB(75, 0, 0)
0...1...2...3...4...5...6...7...8...9...10	Bounce #25 added RGB(55, 0, 0)
0...1...2...3...4...5...6...7...8...9...10	Bounce #26 added RGB(40, 0, 0)
0...1...2...3...4...5...6...7...8...9...10	Bounce #27 added RGB(29, 0, 0)
0...1...2...3...4...5...6...7...8...9...10	Bounce #28 added RGB(21, 0, 0)
0...1...2...3...4...5...6...7...8...9...10	Bounce #29 added RGB(15, 0, 0)
0...1...2...3...4...5...6...7...8...9...10	Bounce #30 added RGB(11, 0, 0)
0...1...2...3...4...5...6...7...8...9...10	Bounce #31 added RGB(8, 0, 0)
0...1...2...3...4...5...6...7...8...9...10	Bounce #32 added RGB(6, 0, 0)
0...1...2...3...4...5...6...7...8...9...10	Bounce #33 added RGB(4, 0, 0)
0...1...2...3...4...5...6...7...8...9...10	Bounce #34 added RGB(3, 0, 0)
0...1...2...3...4...5...6...7...8...9...10	Bounce #35 added RGB(2, 0, 0)
0...1...2...3...4...5...6...7...8...9...10	Bounce #36 added RGB(2, 0, 0)
0...1...2...3...4...5...6...7...8...9...10	Bounce #37 added RGB(1, 0, 0)
0...1...2...3...4...5...6...7...8...9...10	Bounce #38 added RGB(1, 0, 0)
Build Patch/Sample Hash Table(s).....Done<0.0077 sec>
0...1...2...3...4...5...6...7...8...9...10FinalLightFace Done
0 of 0 (0% of) surface lights went in leaf ambient cubes.
0...1...2...3...4...5...6...7...8...9...10Writing leaf ambient...done
Computing static prop lighting : 00...1...2...3...4...5...6...7...8...9...10
Ready to Finish

Object names       Objects/Maxobjs  Memory / Maxmem  Fullness 
------------       ---------------  ---------------  -------- 
models                   5/4096          240/196608   ( 0.1%) 
brushes                 39/32768         468/393216   ( 0.1%) 
brushsides             234/65536        1872/524288   ( 0.4%) 
planes                 176/65536        3520/1310720  ( 0.3%) 
vertexes               420/65536        5040/786432   ( 0.6%) 
nodes                   61/65536        1952/2097152  ( 0.1%) 
texinfos                25/12288        1800/884736   ( 0.2%) 
texdata                  5/2048          160/65536    ( 0.2%) 
dispinfos                0/0               0/0        ( 0.0%) 
disp_verts               0/0               0/0        ( 0.0%) 
disp_tris                0/0               0/0        ( 0.0%) 
disp_lmsamples           0/0               0/0        ( 0.0%) 
faces                  321/65536       17976/3670016  ( 0.5%) 
hdr faces              321/65536       17976/3670016  ( 0.5%) 
origfaces               43/65536        2408/3670016  ( 0.1%) 
leaves                  67/65536        2144/2097152  ( 0.1%) 
leaffaces              328/65536         656/131072   ( 0.5%) 
leafbrushes             51/65536         102/131072   ( 0.1%) 
areas                    2/1024           16/8192     ( 0.2%) 
surfedges             1580/512000       6320/2048000  ( 0.3%) 
edges                  812/256000       3248/1024000  ( 0.3%) 
LDR worldlights         23/16384        2024/1441792  ( 0.1%) 
HDR worldlights         23/16384        2024/1441792  ( 0.1%) 
leafwaterdata            0/32768           0/393216   ( 0.0%) 
waterstrips              0/131072          0/1310720  ( 0.0%) 
waterverts               0/131072          0/1572864  ( 0.0%) 
waterindices             0/131072          0/262144   ( 0.0%) 
cubemapsamples           0/1024            0/16384    ( 0.0%) 
overlays                 0/1024            0/360448   ( 0.0%) 
LDR lightdata         [variable]      973396/0        ( 0.0%) 
HDR lightdata         [variable]      973396/0        ( 0.0%) 
visdata               [variable]         124/16777216 ( 0.0%) 
entdata               [variable]       11172/393216   ( 2.8%) 
LDR ambient table       67/65536         268/262144   ( 0.1%) 
HDR ambient table       67/65536         268/262144   ( 0.1%) 
LDR leaf ambient       175/65536        4900/1835008  ( 0.3%) 
HDR leaf ambient       175/65536        4900/1835008  ( 0.3%) 
occluders                0/0               0/0        ( 0.0%) 
occluder polygons        0/0               0/0        ( 0.0%) 
occluder vert ind        0/0               0/0        ( 0.0%) 
detail props          [variable]           1/12       ( 8.3%) 
static props          [variable]           1/278      ( 0.4%) 
pakfile               [variable]       78593/0        ( 0.0%) 
physics               [variable]       19640/4194304  ( 0.5%) 
physics terrain       [variable]           2/1048576  ( 0.0%) 

Level flags = 3

Total triangle count: 766
Writing c:\program files (x86)\steam\steamapps\sourcemods\who\maps\list_02.bsp
3 seconds elapsed



materialPath: C:\Program Files (x86)\Steam\steamapps\sourcemods\who\materials
Loading c:\program files (x86)\steam\steamapps\sourcemods\who\maps\list_02.vmf
Patching WVT material: maps/list_02/dev/dev_blendmeasure_wvt_patch
fixing up env_cubemap materials on brush sides...
0...1...2...3...4...5...6...7...8...9...100...1...2...3...4...5...6...7...8...9...10Processing areas...done (0)
Building Faces...done (0)
Chop Details...done (0)
Find Visible Detail Sides...done (0)
Merging details...done (0)
FixTjuncs...
PruneNodes...
WriteBSP...
done (0)
writing c:\program files (x86)\steam\steamapps\sourcemods\who\maps\list_02.prt...Building visibility clusters...
done (0)
Finding displacement neighbors...
Finding lightmap sample positions...
Displacement Alpha : 0...1...2...3...4...5...6...7...8...9...10
Building Physics collision data...
done (0) (19640 bytes)
Placing static props...
Placing detail props : 0...1...2...3...4...5...6...7...8...9...10
Compacting texture/material tables...
Reduced 64 texinfos to 25
Reduced 7 texdatas to 5 (173 bytes to 108)
Writing c:\program files (x86)\steam\steamapps\sourcemods\who\maps\list_02.bsp
0 seconds elapsed



4 threads
reading c:\program files (x86)\steam\steamapps\sourcemods\who\maps\list_02.bsp
reading c:\program files (x86)\steam\steamapps\sourcemods\who\maps\list_02.prt
  10 portalclusters
  16 numportals
0...1...2...3...4...5...6...7...8...9...100...1...2...3...4...5...6...7...8...9...10Optimized: 0 visible clusters (0.00%)
Total clusters visible: 96
Average clusters visible: 9
Building PAS...
Average clusters audible: 10
visdatasize:124  compressed from 160
writing c:\program files (x86)\steam\steamapps\sourcemods\who\maps\list_02.bsp
0 seconds elapsed



[Reading texlights from 'lights.rad']
[48 texlights parsed from 'lights.rad']

Loading c:\program files (x86)\steam\steamapps\sourcemods\who\maps\list_02.bsp
321 faces
35515 square feet [5114286.00 square inches]
0 Displacements
0 Square Feet [0.00 Square Inches]
321 patches before subdivision
30345 patches after subdivision
23 direct lights
0...1...2...3...4...5...6...7...8...9...100...1...2...3...4...5...6...7...8...9...10transfers 3106089, max 459
transfer lists:  23.7 megs
0...1...2...3...4...5...6...7...8...9...10	Bounce #1 added RGB(118651, 33369, 383)
0...1...2...3...4...5...6...7...8...9...10	Bounce #2 added RGB(100340, 7937, 1)
0...1...2...3...4...5...6...7...8...9...10	Bounce #3 added RGB(58596, 1303, 0)
0...1...2...3...4...5...6...7...8...9...10	Bounce #4 added RGB(43523, 272, 0)
0...1...2...3...4...5...6...7...8...9...10	Bounce #5 added RGB(30608, 54, 0)
0...1...2...3...4...5...6...7...8...9...10	Bounce #6 added RGB(22345, 11, 0)
0...1...2...3...4...5...6...7...8...9...10	Bounce #7 added RGB(16191, 2, 0)
0...1...2...3...4...5...6...7...8...9...10	Bounce #8 added RGB(11800, 0, 0)
0...1...2...3...4...5...6...7...8...9...10	Bounce #9 added RGB(8592, 0, 0)
0...1...2...3...4...5...6...7...8...9...10	Bounce #10 added RGB(6262, 0, 0)
0...1...2...3...4...5...6...7...8...9...10	Bounce #11 added RGB(4563, 0, 0)
0...1...2...3...4...5...6...7...8...9...10	Bounce #12 added RGB(3326, 0, 0)
0...1...2...3...4...5...6...7...8...9...10	Bounce #13 added RGB(2424, 0, 0)
0...1...2...3...4...5...6...7...8...9...10	Bounce #14 added RGB(1767, 0, 0)
0...1...2...3...4...5...6...7...8...9...10	Bounce #15 added RGB(1288, 0, 0)
0...1...2...3...4...5...6...7...8...9...10	Bounce #16 added RGB(939, 0, 0)
0...1...2...3...4...5...6...7...8...9...10	Bounce #17 added RGB(684, 0, 0)
0...1...2...3...4...5...6...7...8...9...10	Bounce #18 added RGB(499, 0, 0)
0...1...2...3...4...5...6...7...8...9...10	Bounce #19 added RGB(364, 0, 0)
0...1...2...3...4...5...6...7...8...9...10	Bounce #20 added RGB(265, 0, 0)
0...1...2...3...4...5...6...7...8...9...10	Bounce #21 added RGB(193, 0, 0)
0...1...2...3...4...5...6...7...8...9...10	Bounce #22 added RGB(141, 0, 0)
0...1...2...3...4...5...6...7...8...9...10	Bounce #23 added RGB(103, 0, 0)
0...1...2...3...4...5...6...7...8...9...10	Bounce #24 added RGB(75, 0, 0)
0...1...2...3...4...5...6...7...8...9...10	Bounce #25 added RGB(55, 0, 0)
0...1...2...3...4...5...6...7...8...9...10	Bounce #26 added RGB(40, 0, 0)
0...1...2...3...4...5...6...7...8...9...10	Bounce #27 added RGB(29, 0, 0)
0...1...2...3...4...5...6...7...8...9...10	Bounce #28 added RGB(21, 0, 0)
0...1...2...3...4...5...6...7...8...9...10	Bounce #29 added RGB(15, 0, 0)
0...1...2...3...4...5...6...7...8...9...10	Bounce #30 added RGB(11, 0, 0)
0...1...2...3...4...5...6...7...8...9...10	Bounce #31 added RGB(8, 0, 0)
0...1...2...3...4...5...6...7...8...9...10	Bounce #32 added RGB(6, 0, 0)
0...1...2...3...4...5...6...7...8...9...10	Bounce #33 added RGB(4, 0, 0)
0...1...2...3...4...5...6...7...8...9...10	Bounce #34 added RGB(3, 0, 0)
0...1...2...3...4...5...6...7...8...9...10	Bounce #35 added RGB(2, 0, 0)
0...1...2...3...4...5...6...7...8...9...10	Bounce #36 added RGB(2, 0, 0)
0...1...2...3...4...5...6...7...8...9...10	Bounce #37 added RGB(1, 0, 0)
0...1...2...3...4...5...6...7...8...9...10	Bounce #38 added RGB(1, 0, 0)
Build Patch/Sample Hash Table(s).....Done<0.0141 sec>
0...1...2...3...4...5...6...7...8...9...10FinalLightFace Done
0 of 0 (0% of) surface lights went in leaf ambient cubes.
0...1...2...3...4...5...6...7...8...9...10Writing leaf ambient...done
Computing static prop lighting : 00...1...2...3...4...5...6...7...8...9...10
Ready to Finish

Object names       Objects/Maxobjs  Memory / Maxmem  Fullness 
------------       ---------------  ---------------  -------- 
models                   5/4096          240/196608   ( 0.1%) 
brushes                 39/32768         468/393216   ( 0.1%) 
brushsides             234/65536        1872/524288   ( 0.4%) 
planes                 176/65536        3520/1310720  ( 0.3%) 
vertexes               420/65536        5040/786432   ( 0.6%) 
nodes                   61/65536        1952/2097152  ( 0.1%) 
texinfos                25/12288        1800/884736   ( 0.2%) 
texdata                  5/2048          160/65536    ( 0.2%) 
dispinfos                0/0               0/0        ( 0.0%) 
disp_verts               0/0               0/0        ( 0.0%) 
disp_tris                0/0               0/0        ( 0.0%) 
disp_lmsamples           0/0               0/0        ( 0.0%) 
faces                  321/65536       17976/3670016  ( 0.5%) 
hdr faces                0/65536           0/3670016  ( 0.0%) 
origfaces               43/65536        2408/3670016  ( 0.1%) 
leaves                  67/65536        2144/2097152  ( 0.1%) 
leaffaces              328/65536         656/131072   ( 0.5%) 
leafbrushes             51/65536         102/131072   ( 0.1%) 
areas                    2/1024           16/8192     ( 0.2%) 
surfedges             1580/512000       6320/2048000  ( 0.3%) 
edges                  812/256000       3248/1024000  ( 0.3%) 
LDR worldlights         23/16384        2024/1441792  ( 0.1%) 
HDR worldlights          0/16384           0/1441792  ( 0.0%) 
leafwaterdata            0/32768           0/393216   ( 0.0%) 
waterstrips              0/131072          0/1310720  ( 0.0%) 
waterverts               0/131072          0/1572864  ( 0.0%) 
waterindices             0/131072          0/262144   ( 0.0%) 
cubemapsamples           0/1024            0/16384    ( 0.0%) 
overlays                 0/1024            0/360448   ( 0.0%) 
LDR lightdata         [variable]      973396/0        ( 0.0%) 
HDR lightdata         [variable]           0/0        ( 0.0%) 
visdata               [variable]         124/16777216 ( 0.0%) 
entdata               [variable]       11172/393216   ( 2.8%) 
LDR ambient table       67/65536         268/262144   ( 0.1%) 
HDR ambient table       67/65536         268/262144   ( 0.1%) 
LDR leaf ambient       175/65536        4900/1835008  ( 0.3%) 
HDR leaf ambient        67/65536        1876/1835008  ( 0.1%) 
occluders                0/0               0/0        ( 0.0%) 
occluder polygons        0/0               0/0        ( 0.0%) 
occluder vert ind        0/0               0/0        ( 0.0%) 
detail props          [variable]           1/12       ( 8.3%) 
static props          [variable]           1/278      ( 0.4%) 
pakfile               [variable]       39481/0        ( 0.0%) 
physics               [variable]       19640/4194304  ( 0.5%) 
physics terrain       [variable]           2/1048576  ( 0.0%) 

Level flags = 1

Total triangle count: 766
Writing c:\program files (x86)\steam\steamapps\sourcemods\who\maps\list_02.bsp
3 seconds elapsed



[Reading texlights from 'lights.rad']
[48 texlights parsed from 'lights.rad']

Loading c:\program files (x86)\steam\steamapps\sourcemods\who\maps\list_02.bsp
321 faces
35515 square feet [5114286.00 square inches]
0 Displacements
0 Square Feet [0.00 Square Inches]
321 patches before subdivision
30345 patches after subdivision
23 direct lights
0...1...2...3...4...5...6...7...8...9...100...1...2...3...4...5...6...7...8...9...10transfers 3106089, max 459
transfer lists:  23.7 megs
0...1...2...3...4...5...6...7...8...9...10	Bounce #1 added RGB(118651, 33369, 383)
0...1...2...3...4...5...6...7...8...9...10	Bounce #2 added RGB(100339, 7937, 1)
0...1...2...3...4...5...6...7...8...9...10	Bounce #3 added RGB(58596, 1303, 0)
0...1...2...3...4...5...6...7...8...9...10	Bounce #4 added RGB(43523, 272, 0)
0...1...2...3...4...5...6...7...8...9...10	Bounce #5 added RGB(30608, 54, 0)
0...1...2...3...4...5...6...7...8...9...10	Bounce #6 added RGB(22345, 11, 0)
0...1...2...3...4...5...6...7...8...9...10	Bounce #7 added RGB(16191, 2, 0)
0...1...2...3...4...5...6...7...8...9...10	Bounce #8 added RGB(11800, 0, 0)
0...1...2...3...4...5...6...7...8...9...10	Bounce #9 added RGB(8592, 0, 0)
0...1...2...3...4...5...6...7...8...9...10	Bounce #10 added RGB(6262, 0, 0)
0...1...2...3...4...5...6...7...8...9...10	Bounce #11 added RGB(4563, 0, 0)
0...1...2...3...4...5...6...7...8...9...10	Bounce #12 added RGB(3326, 0, 0)
0...1...2...3...4...5...6...7...8...9...10	Bounce #13 added RGB(2424, 0, 0)
0...1...2...3...4...5...6...7...8...9...10	Bounce #14 added RGB(1767, 0, 0)
0...1...2...3...4...5...6...7...8...9...10	Bounce #15 added RGB(1288, 0, 0)
0...1...2...3...4...5...6...7...8...9...10	Bounce #16 added RGB(939, 0, 0)
0...1...2...3...4...5...6...7...8...9...10	Bounce #17 added RGB(684, 0, 0)
0...1...2...3...4...5...6...7...8...9...10	Bounce #18 added RGB(499, 0, 0)
0...1...2...3...4...5...6...7...8...9...10	Bounce #19 added RGB(364, 0, 0)
0...1...2...3...4...5...6...7...8...9...10	Bounce #20 added RGB(265, 0, 0)
0...1...2...3...4...5...6...7...8...9...10	Bounce #21 added RGB(193, 0, 0)
0...1...2...3...4...5...6...7...8...9...10	Bounce #22 added RGB(141, 0, 0)
0...1...2...3...4...5...6...7...8...9...10	Bounce #23 added RGB(103, 0, 0)
0...1...2...3...4...5...6...7...8...9...10	Bounce #24 added RGB(75, 0, 0)
0...1...2...3...4...5...6...7...8...9...10	Bounce #25 added RGB(55, 0, 0)
0...1...2...3...4...5...6...7...8...9...10	Bounce #26 added RGB(40, 0, 0)
0...1...2...3...4...5...6...7...8...9...10	Bounce #27 added RGB(29, 0, 0)
0...1...2...3...4...5...6...7...8...9...10	Bounce #28 added RGB(21, 0, 0)
0...1...2...3...4...5...6...7...8...9...10	Bounce #29 added RGB(15, 0, 0)
0...1...2...3...4...5...6...7...8...9...10	Bounce #30 added RGB(11, 0, 0)
0...1...2...3...4...5...6...7...8...9...10	Bounce #31 added RGB(8, 0, 0)
0...1...2...3...4...5...6...7...8...9...10	Bounce #32 added RGB(6, 0, 0)
0...1...2...3...4...5...6...7...8...9...10	Bounce #33 added RGB(4, 0, 0)
0...1...2...3...4...5...6...7...8...9...10	Bounce #34 added RGB(3, 0, 0)
0...1...2...3...4...5...6...7...8...9...10	Bounce #35 added RGB(2, 0, 0)
0...1...2...3...4...5...6...7...8...9...10	Bounce #36 added RGB(2, 0, 0)
0...1...2...3...4...5...6...7...8...9...10	Bounce #37 added RGB(1, 0, 0)
0...1...2...3...4...5...6...7...8...9...10	Bounce #38 added RGB(1, 0, 0)
Build Patch/Sample Hash Table(s).....Done<0.0103 sec>
0...1...2...3...4...5...6...7...8...9...10FinalLightFace Done
0 of 0 (0% of) surface lights went in leaf ambient cubes.
0...1...2...3...4...5...6...7...8...9...10Writing leaf ambient...done
Computing static prop lighting : 00...1...2...3...4...5...6...7...8...9...10
Ready to Finish

Object names       Objects/Maxobjs  Memory / Maxmem  Fullness 
------------       ---------------  ---------------  -------- 
models                   5/4096          240/196608   ( 0.1%) 
brushes                 39/32768         468/393216   ( 0.1%) 
brushsides             234/65536        1872/524288   ( 0.4%) 
planes                 176/65536        3520/1310720  ( 0.3%) 
vertexes               420/65536        5040/786432   ( 0.6%) 
nodes                   61/65536        1952/2097152  ( 0.1%) 
texinfos                25/12288        1800/884736   ( 0.2%) 
texdata                  5/2048          160/65536    ( 0.2%) 
dispinfos                0/0               0/0        ( 0.0%) 
disp_verts               0/0               0/0        ( 0.0%) 
disp_tris                0/0               0/0        ( 0.0%) 
disp_lmsamples           0/0               0/0        ( 0.0%) 
faces                  321/65536       17976/3670016  ( 0.5%) 
hdr faces              321/65536       17976/3670016  ( 0.5%) 
origfaces               43/65536        2408/3670016  ( 0.1%) 
leaves                  67/65536        2144/2097152  ( 0.1%) 
leaffaces              328/65536         656/131072   ( 0.5%) 
leafbrushes             51/65536         102/131072   ( 0.1%) 
areas                    2/1024           16/8192     ( 0.2%) 
surfedges             1580/512000       6320/2048000  ( 0.3%) 
edges                  812/256000       3248/1024000  ( 0.3%) 
LDR worldlights         23/16384        2024/1441792  ( 0.1%) 
HDR worldlights         23/16384        2024/1441792  ( 0.1%) 
leafwaterdata            0/32768           0/393216   ( 0.0%) 
waterstrips              0/131072          0/1310720  ( 0.0%) 
waterverts               0/131072          0/1572864  ( 0.0%) 
waterindices             0/131072          0/262144   ( 0.0%) 
cubemapsamples           0/1024            0/16384    ( 0.0%) 
overlays                 0/1024            0/360448   ( 0.0%) 
LDR lightdata         [variable]      973396/0        ( 0.0%) 
HDR lightdata         [variable]      973396/0        ( 0.0%) 
visdata               [variable]         124/16777216 ( 0.0%) 
entdata               [variable]       11172/393216   ( 2.8%) 
LDR ambient table       67/65536         268/262144   ( 0.1%) 
HDR ambient table       67/65536         268/262144   ( 0.1%) 
LDR leaf ambient       175/65536        4900/1835008  ( 0.3%) 
HDR leaf ambient       175/65536        4900/1835008  ( 0.3%) 
occluders                0/0               0/0        ( 0.0%) 
occluder polygons        0/0               0/0        ( 0.0%) 
occluder vert ind        0/0               0/0        ( 0.0%) 
detail props          [variable]           1/12       ( 8.3%) 
static props          [variable]           1/278      ( 0.4%) 
pakfile               [variable]       78593/0        ( 0.0%) 
physics               [variable]       19640/4194304  ( 0.5%) 
physics terrain       [variable]           2/1048576  ( 0.0%) 

Level flags = 3

Total triangle count: 766
Writing c:\program files (x86)\steam\steamapps\sourcemods\who\maps\list_02.bsp
3 seconds elapsed



materialPath: C:\Program Files (x86)\Steam\steamapps\sourcemods\who\materials
Loading c:\program files (x86)\steam\steamapps\sourcemods\who\maps\list_02.vmf
Patching WVT material: maps/list_02/dev/dev_blendmeasure_wvt_patch
fixing up env_cubemap materials on brush sides...
0...1...2...3...4...5...6...7...8...9...100...1...2...3...4...5...6...7...8...9...10Processing areas...done (0)
Building Faces...done (0)
Chop Details...done (0)
Find Visible Detail Sides...done (0)
Merging details...done (0)
FixTjuncs...
PruneNodes...
WriteBSP...
done (0)
writing c:\program files (x86)\steam\steamapps\sourcemods\who\maps\list_02.prt...Building visibility clusters...
done (0)
Finding displacement neighbors...
Finding lightmap sample positions...
Displacement Alpha : 0...1...2...3...4...5...6...7...8...9...10
Building Physics collision data...
done (0) (19640 bytes)
Placing static props...
Placing detail props : 0...1...2...3...4...5...6...7...8...9...10
Compacting texture/material tables...
Reduced 64 texinfos to 25
Reduced 7 texdatas to 5 (173 bytes to 108)
Writing c:\program files (x86)\steam\steamapps\sourcemods\who\maps\list_02.bsp
0 seconds elapsed



4 threads
reading c:\program files (x86)\steam\steamapps\sourcemods\who\maps\list_02.bsp
reading c:\program files (x86)\steam\steamapps\sourcemods\who\maps\list_02.prt
  10 portalclusters
  16 numportals
0...1...2...3...4...5...6...7...8...9...100...1...2...3...4...5...6...7...8...9...10Optimized: 0 visible clusters (0.00%)
Total clusters visible: 96
Average clusters visible: 9
Building PAS...
Average clusters audible: 10
visdatasize:124  compressed from 160
writing c:\program files (x86)\steam\steamapps\sourcemods\who\maps\list_02.bsp
0 seconds elapsed



[Reading texlights from 'lights.rad']
[48 texlights parsed from 'lights.rad']

Loading c:\program files (x86)\steam\steamapps\sourcemods\who\maps\list_02.bsp
321 faces
35515 square feet [5114286.00 square inches]
0 Displacements
0 Square Feet [0.00 Square Inches]
321 patches before subdivision
30345 patches after subdivision
23 direct lights
0...1...2...3...4...5...6...7...8...9...100...1...2...3...4...5...6...7...8...9...10transfers 3106089, max 459
transfer lists:  23.7 megs
0...1...2...3...4...5...6...7...8...9...10	Bounce #1 added RGB(118651, 33369, 383)
0...1...2...3...4...5...6...7...8...9...10	Bounce #2 added RGB(100340, 7937, 1)
0...1...2...3...4...5...6...7...8...9...10	Bounce #3 added RGB(58596, 1303, 0)
0...1...2...3...4...5...6...7...8...9...10	Bounce #4 added RGB(43523, 272, 0)
0...1...2...3...4...5...6...7...8...9...10	Bounce #5 added RGB(30608, 54, 0)
0...1...2...3...4...5...6...7...8...9...10	Bounce #6 added RGB(22345, 11, 0)
0...1...2...3...4...5...6...7...8...9...10	Bounce #7 added RGB(16191, 2, 0)
0...1...2...3...4...5...6...7...8...9...10	Bounce #8 added RGB(11800, 0, 0)
0...1...2...3...4...5...6...7...8...9...10	Bounce #9 added RGB(8592, 0, 0)
0...1...2...3...4...5...6...7...8...9...10	Bounce #10 added RGB(6262, 0, 0)
0...1...2...3...4...5...6...7...8...9...10	Bounce #11 added RGB(4563, 0, 0)
0...1...2...3...4...5...6...7...8...9...10	Bounce #12 added RGB(3326, 0, 0)
0...1...2...3...4...5...6...7...8...9...10	Bounce #13 added RGB(2424, 0, 0)
0...1...2...3...4...5...6...7...8...9...10	Bounce #14 added RGB(1767, 0, 0)
0...1...2...3...4...5...6...7...8...9...10	Bounce #15 added RGB(1288, 0, 0)
0...1...2...3...4...5...6...7...8...9...10	Bounce #16 added RGB(939, 0, 0)
0...1...2...3...4...5...6...7...8...9...10	Bounce #17 added RGB(684, 0, 0)
0...1...2...3...4...5...6...7...8...9...10	Bounce #18 added RGB(499, 0, 0)
0...1...2...3...4...5...6...7...8...9...10	Bounce #19 added RGB(364, 0, 0)
0...1...2...3...4...5...6...7...8...9...10	Bounce #20 added RGB(265, 0, 0)
0...1...2...3...4...5...6...7...8...9...10	Bounce #21 added RGB(193, 0, 0)
0...1...2...3...4...5...6...7...8...9...10	Bounce #22 added RGB(141, 0, 0)
0...1...2...3...4...5...6...7...8...9...10	Bounce #23 added RGB(103, 0, 0)
0...1...2...3...4...5...6...7...8...9...10	Bounce #24 added RGB(75, 0, 0)
0...1...2...3...4...5...6...7...8...9...10	Bounce #25 added RGB(55, 0, 0)
0...1...2...3...4...5...6...7...8...9...10	Bounce #26 added RGB(40, 0, 0)
0...1...2...3...4...5...6...7...8...9...10	Bounce #27 added RGB(29, 0, 0)
0...1...2...3...4...5...6...7...8...9...10	Bounce #28 added RGB(21, 0, 0)
0...1...2...3...4...5...6...7...8...9...10	Bounce #29 added RGB(15, 0, 0)
0...1...2...3...4...5...6...7...8...9...10	Bounce #30 added RGB(11, 0, 0)
0...1...2...3...4...5...6...7...8...9...10	Bounce #31 added RGB(8, 0, 0)
0...1...2...3...4...5...6...7...8...9...10	Bounce #32 added RGB(6, 0, 0)
0...1...2...3...4...5...6...7...8...9...10	Bounce #33 added RGB(4, 0, 0)
0...1...2...3...4...5...6...7...8...9...10	Bounce #34 added RGB(3, 0, 0)
0...1...2...3...4...5...6...7...8...9...10	Bounce #35 added RGB(2, 0, 0)
0...1...2...3...4...5...6...7...8...9...10	Bounce #36 added RGB(2, 0, 0)
0...1...2...3...4...5...6...7...8...9...10	Bounce #37 added RGB(1, 0, 0)
0...1...2...3...4...5...6...7...8...9...10	Bounce #38 added RGB(1, 0, 0)
Build Patch/Sample Hash Table(s).....Done<0.0092 sec>
0...1...2...3...4...5...6...7...8...9...10FinalLightFace Done
0 of 0 (0% of) surface lights went in leaf ambient cubes.
0...1...2...3...4...5...6...7...8...9...10Writing leaf ambient...done
Computing static prop lighting : 00...1...2...3...4...5...6...7...8...9...10
Ready to Finish

Object names       Objects/Maxobjs  Memory / Maxmem  Fullness 
------------       ---------------  ---------------  -------- 
models                   5/4096          240/196608   ( 0.1%) 
brushes                 39/32768         468/393216   ( 0.1%) 
brushsides             234/65536        1872/524288   ( 0.4%) 
planes                 176/65536        3520/1310720  ( 0.3%) 
vertexes               420/65536        5040/786432   ( 0.6%) 
nodes                   61/65536        1952/2097152  ( 0.1%) 
texinfos                25/12288        1800/884736   ( 0.2%) 
texdata                  5/2048          160/65536    ( 0.2%) 
dispinfos                0/0               0/0        ( 0.0%) 
disp_verts               0/0               0/0        ( 0.0%) 
disp_tris                0/0               0/0        ( 0.0%) 
disp_lmsamples           0/0               0/0        ( 0.0%) 
faces                  321/65536       17976/3670016  ( 0.5%) 
hdr faces                0/65536           0/3670016  ( 0.0%) 
origfaces               43/65536        2408/3670016  ( 0.1%) 
leaves                  67/65536        2144/2097152  ( 0.1%) 
leaffaces              328/65536         656/131072   ( 0.5%) 
leafbrushes             51/65536         102/131072   ( 0.1%) 
areas                    2/1024           16/8192     ( 0.2%) 
surfedges             1580/512000       6320/2048000  ( 0.3%) 
edges                  812/256000       3248/1024000  ( 0.3%) 
LDR worldlights         23/16384        2024/1441792  ( 0.1%) 
HDR worldlights          0/16384           0/1441792  ( 0.0%) 
leafwaterdata            0/32768           0/393216   ( 0.0%) 
waterstrips              0/131072          0/1310720  ( 0.0%) 
waterverts               0/131072          0/1572864  ( 0.0%) 
waterindices             0/131072          0/262144   ( 0.0%) 
cubemapsamples           0/1024            0/16384    ( 0.0%) 
overlays                 0/1024            0/360448   ( 0.0%) 
LDR lightdata         [variable]      973396/0        ( 0.0%) 
HDR lightdata         [variable]           0/0        ( 0.0%) 
visdata               [variable]         124/16777216 ( 0.0%) 
entdata               [variable]       11172/393216   ( 2.8%) 
LDR ambient table       67/65536         268/262144   ( 0.1%) 
HDR ambient table       67/65536         268/262144   ( 0.1%) 
LDR leaf ambient       175/65536        4900/1835008  ( 0.3%) 
HDR leaf ambient        67/65536        1876/1835008  ( 0.1%) 
occluders                0/0               0/0        ( 0.0%) 
occluder polygons        0/0               0/0        ( 0.0%) 
occluder vert ind        0/0               0/0        ( 0.0%) 
detail props          [variable]           1/12       ( 8.3%) 
static props          [variable]           1/278      ( 0.4%) 
pakfile               [variable]       39481/0        ( 0.0%) 
physics               [variable]       19640/4194304  ( 0.5%) 
physics terrain       [variable]           2/1048576  ( 0.0%) 

Level flags = 1

Total triangle count: 766
Writing c:\program files (x86)\steam\steamapps\sourcemods\who\maps\list_02.bsp
3 seconds elapsed



[Reading texlights from 'lights.rad']
[48 texlights parsed from 'lights.rad']

Loading c:\program files (x86)\steam\steamapps\sourcemods\who\maps\list_02.bsp
321 faces
35515 square feet [5114286.00 square inches]
0 Displacements
0 Square Feet [0.00 Square Inches]
321 patches before subdivision
30345 patches after subdivision
23 direct lights
0...1...2...3...4...5...6...7...8...9...100...1...2...3...4...5...6...7...8...9...10transfers 3106089, max 459
transfer lists:  23.7 megs
0...1...2...3...4...5...6...7...8...9...10	Bounce #1 added RGB(118651, 33369, 383)
0...1...2...3...4...5...6...7...8...9...10	Bounce #2 added RGB(100339, 7937, 1)
0...1...2...3...4...5...6...7...8...9...10	Bounce #3 added RGB(58596, 1303, 0)
0...1...2...3...4...5...6...7...8...9...10	Bounce #4 added RGB(43523, 272, 0)
0...1...2...3...4...5...6...7...8...9...10	Bounce #5 added RGB(30608, 54, 0)
0...1...2...3...4...5...6...7...8...9...10	Bounce #6 added RGB(22345, 11, 0)
0...1...2...3...4...5...6...7...8...9...10	Bounce #7 added RGB(16191, 2, 0)
0...1...2...3...4...5...6...7...8...9...10	Bounce #8 added RGB(11800, 0, 0)
0...1...2...3...4...5...6...7...8...9...10	Bounce #9 added RGB(8592, 0, 0)
0...1...2...3...4...5...6...7...8...9...10	Bounce #10 added RGB(6262, 0, 0)
0...1...2...3...4...5...6...7...8...9...10	Bounce #11 added RGB(4563, 0, 0)
0...1...2...3...4...5...6...7...8...9...10	Bounce #12 added RGB(3326, 0, 0)
0...1...2...3...4...5...6...7...8...9...10	Bounce #13 added RGB(2424, 0, 0)
0...1...2...3...4...5...6...7...8...9...10	Bounce #14 added RGB(1767, 0, 0)
0...1...2...3...4...5...6...7...8...9...10	Bounce #15 added RGB(1288, 0, 0)
0...1...2...3...4...5...6...7...8...9...10	Bounce #16 added RGB(939, 0, 0)
0...1...2...3...4...5...6...7...8...9...10	Bounce #17 added RGB(684, 0, 0)
0...1...2...3...4...5...6...7...8...9...10	Bounce #18 added RGB(499, 0, 0)
0...1...2...3...4...5...6...7...8...9...10	Bounce #19 added RGB(364, 0, 0)
0...1...2...3...4...5...6...7...8...9...10	Bounce #20 added RGB(265, 0, 0)
0...1...2...3...4...5...6...7...8...9...10	Bounce #21 added RGB(193, 0, 0)
0...1...2...3...4...5...6...7...8...9...10	Bounce #22 added RGB(141, 0, 0)
0...1...2...3...4...5...6...7...8...9...10	Bounce #23 added RGB(103, 0, 0)
0...1...2...3...4...5...6...7...8...9...10	Bounce #24 added RGB(75, 0, 0)
0...1...2...3...4...5...6...7...8...9...10	Bounce #25 added RGB(55, 0, 0)
0...1...2...3...4...5...6...7...8...9...10	Bounce #26 added RGB(40, 0, 0)
0...1...2...3...4...5...6...7...8...9...10	Bounce #27 added RGB(29, 0, 0)
0...1...2...3...4...5...6...7...8...9...10	Bounce #28 added RGB(21, 0, 0)
0...1...2...3...4...5...6...7...8...9...10	Bounce #29 added RGB(15, 0, 0)
0...1...2...3...4...5...6...7...8...9...10	Bounce #30 added RGB(11, 0, 0)
0...1...2...3...4...5...6...7...8...9...10	Bounce #31 added RGB(8, 0, 0)
0...1...2...3...4...5...6...7...8...9...10	Bounce #32 added RGB(6, 0, 0)
0...1...2...3...4...5...6...7...8...9...10	Bounce #33 added RGB(4, 0, 0)
0...1...2...3...4...5...6...7...8...9...10	Bounce #34 added RGB(3, 0, 0)
0...1...2...3...4...5...6...7...8...9...10	Bounce #35 added RGB(2, 0, 0)
0...1...2...3...4...5...6...7...8...9...10	Bounce #36 added RGB(2, 0, 0)
0...1...2...3...4...5...6...7...8...9...10	Bounce #37 added RGB(1, 0, 0)
0...1...2...3...4...5...6...7...8...9...10	Bounce #38 added RGB(1, 0, 0)
Build Patch/Sample Hash Table(s).....Done<0.0084 sec>
0...1...2...3...4...5...6...7...8...9...10FinalLightFace Done
0 of 0 (0% of) surface lights went in leaf ambient cubes.
0...1...2...3...4...5...6...7...8...9...10Writing leaf ambient...done
Computing static prop lighting : 00...1...2...3...4...5...6...7...8...9...10
Ready to Finish

Object names       Objects/Maxobjs  Memory / Maxmem  Fullness 
------------       ---------------  ---------------  -------- 
models                   5/4096          240/196608   ( 0.1%) 
brushes                 39/32768         468/393216   ( 0.1%) 
brushsides             234/65536        1872/524288   ( 0.4%) 
planes                 176/65536        3520/1310720  ( 0.3%) 
vertexes               420/65536        5040/786432   ( 0.6%) 
nodes                   61/65536        1952/2097152  ( 0.1%) 
texinfos                25/12288        1800/884736   ( 0.2%) 
texdata                  5/2048          160/65536    ( 0.2%) 
dispinfos                0/0               0/0        ( 0.0%) 
disp_verts               0/0               0/0        ( 0.0%) 
disp_tris                0/0               0/0        ( 0.0%) 
disp_lmsamples           0/0               0/0        ( 0.0%) 
faces                  321/65536       17976/3670016  ( 0.5%) 
hdr faces              321/65536       17976/3670016  ( 0.5%) 
origfaces               43/65536        2408/3670016  ( 0.1%) 
leaves                  67/65536        2144/2097152  ( 0.1%) 
leaffaces              328/65536         656/131072   ( 0.5%) 
leafbrushes             51/65536         102/131072   ( 0.1%) 
areas                    2/1024           16/8192     ( 0.2%) 
surfedges             1580/512000       6320/2048000  ( 0.3%) 
edges                  812/256000       3248/1024000  ( 0.3%) 
LDR worldlights         23/16384        2024/1441792  ( 0.1%) 
HDR worldlights         23/16384        2024/1441792  ( 0.1%) 
leafwaterdata            0/32768           0/393216   ( 0.0%) 
waterstrips              0/131072          0/1310720  ( 0.0%) 
waterverts               0/131072          0/1572864  ( 0.0%) 
waterindices             0/131072          0/262144   ( 0.0%) 
cubemapsamples           0/1024            0/16384    ( 0.0%) 
overlays                 0/1024            0/360448   ( 0.0%) 
LDR lightdata         [variable]      973396/0        ( 0.0%) 
HDR lightdata         [variable]      973396/0        ( 0.0%) 
visdata               [variable]         124/16777216 ( 0.0%) 
entdata               [variable]       11172/393216   ( 2.8%) 
LDR ambient table       67/65536         268/262144   ( 0.1%) 
HDR ambient table       67/65536         268/262144   ( 0.1%) 
LDR leaf ambient       175/65536        4900/1835008  ( 0.3%) 
HDR leaf ambient       175/65536        4900/1835008  ( 0.3%) 
occluders                0/0               0/0        ( 0.0%) 
occluder polygons        0/0               0/0        ( 0.0%) 
occluder vert ind        0/0               0/0        ( 0.0%) 
detail props          [variable]           1/12       ( 8.3%) 
static props          [variable]           1/278      ( 0.4%) 
pakfile               [variable]       78593/0        ( 0.0%) 
physics               [variable]       19640/4194304  ( 0.5%) 
physics terrain       [variable]           2/1048576  ( 0.0%) 

Level flags = 3

Total triangle count: 766
Writing c:\program files (x86)\steam\steamapps\sourcemods\who\maps\list_02.bsp
3 seconds elapsed



materialPath: C:\Program Files (x86)\Steam\steamapps\sourcemods\who\materials
Loading c:\program files (x86)\steam\steamapps\sourcemods\who\maps\list_02.vmf
Patching WVT material: maps/list_02/dev/dev_blendmeasure_wvt_patch
fixing up env_cubemap materials on brush sides...
0...1...2...3...4...5...6...7...8...9...100...1...2...3...4...5...6...7...8...9...10Processing areas...done (0)
Building Faces...done (0)
Chop Details...done (0)
Find Visible Detail Sides...done (0)
Merging details...done (0)
FixTjuncs...
PruneNodes...
WriteBSP...
done (0)
writing c:\program files (x86)\steam\steamapps\sourcemods\who\maps\list_02.prt...Building visibility clusters...
done (0)
Finding displacement neighbors...
Finding lightmap sample positions...
Displacement Alpha : 0...1...2...3...4...5...6...7...8...9...10
Building Physics collision data...
done (0) (21048 bytes)
Placing static props...
Placing detail props : 0...1...2...3...4...5...6...7...8...9...10
Compacting texture/material tables...
Reduced 72 texinfos to 32
Reduced 8 texdatas to 6 (198 bytes to 133)
Writing c:\program files (x86)\steam\steamapps\sourcemods\who\maps\list_02.bsp
0 seconds elapsed



4 threads
reading c:\program files (x86)\steam\steamapps\sourcemods\who\maps\list_02.bsp
reading c:\program files (x86)\steam\steamapps\sourcemods\who\maps\list_02.prt
  24 portalclusters
  46 numportals
0...1...2...3...4...5...6...7...8...9...100...1...2...3...4...5...6...7...8...9...10Optimized: 0 visible clusters (0.00%)
Total clusters visible: 522
Average clusters visible: 21
Building PAS...
Average clusters audible: 24
visdatasize:340  compressed from 384
writing c:\program files (x86)\steam\steamapps\sourcemods\who\maps\list_02.bsp
0 seconds elapsed



[Reading texlights from 'lights.rad']
[48 texlights parsed from 'lights.rad']

Loading c:\program files (x86)\steam\steamapps\sourcemods\who\maps\list_02.bsp
363 faces
40401 square feet [5817759.50 square inches]
0 Displacements
0 Square Feet [0.00 Square Inches]
363 patches before subdivision
31165 patches after subdivision
23 direct lights
0...1...2...3...4...5...6...7...8...9...100...1...2...3...4...5...6...7...8...9...10transfers 3179794, max 428
transfer lists:  24.3 megs
0...1...2...3...4...5...6...7...8...9...10	Bounce #1 added RGB(101648, 30187, 1690)
0...1...2...3...4...5...6...7...8...9...10	Bounce #2 added RGB(86337, 7554, 8)
0...1...2...3...4...5...6...7...8...9...10	Bounce #3 added RGB(37623, 906, 0)
0...1...2...3...4...5...6...7...8...9...10	Bounce #4 added RGB(26258, 182, 0)
0...1...2...3...4...5...6...7...8...9...10	Bounce #5 added RGB(16257, 31, 0)
0...1...2...3...4...5...6...7...8...9...10	Bounce #6 added RGB(11100, 6, 0)
0...1...2...3...4...5...6...7...8...9...10	Bounce #7 added RGB(7463, 1, 0)
0...1...2...3...4...5...6...7...8...9...10	Bounce #8 added RGB(5111, 0, 0)
0...1...2...3...4...5...6...7...8...9...10	Bounce #9 added RGB(3495, 0, 0)
0...1...2...3...4...5...6...7...8...9...10	Bounce #10 added RGB(2399, 0, 0)
0...1...2...3...4...5...6...7...8...9...10	Bounce #11 added RGB(1647, 0, 0)
0...1...2...3...4...5...6...7...8...9...10	Bounce #12 added RGB(1132, 0, 0)
0...1...2...3...4...5...6...7...8...9...10	Bounce #13 added RGB(778, 0, 0)
0...1...2...3...4...5...6...7...8...9...10	Bounce #14 added RGB(534, 0, 0)
0...1...2...3...4...5...6...7...8...9...10	Bounce #15 added RGB(367, 0, 0)
0...1...2...3...4...5...6...7...8...9...10	Bounce #16 added RGB(252, 0, 0)
0...1...2...3...4...5...6...7...8...9...10	Bounce #17 added RGB(173, 0, 0)
0...1...2...3...4...5...6...7...8...9...10	Bounce #18 added RGB(119, 0, 0)
0...1...2...3...4...5...6...7...8...9...10	Bounce #19 added RGB(82, 0, 0)
0...1...2...3...4...5...6...7...8...9...10	Bounce #20 added RGB(56, 0, 0)
0...1...2...3...4...5...6...7...8...9...10	Bounce #21 added RGB(39, 0, 0)
0...1...2...3...4...5...6...7...8...9...10	Bounce #22 added RGB(27, 0, 0)
0...1...2...3...4...5...6...7...8...9...10	Bounce #23 added RGB(18, 0, 0)
0...1...2...3...4...5...6...7...8...9...10	Bounce #24 added RGB(13, 0, 0)
0...1...2...3...4...5...6...7...8...9...10	Bounce #25 added RGB(9, 0, 0)
0...1...2...3...4...5...6...7...8...9...10	Bounce #26 added RGB(6, 0, 0)
0...1...2...3...4...5...6...7...8...9...10	Bounce #27 added RGB(4, 0, 0)
0...1...2...3...4...5...6...7...8...9...10	Bounce #28 added RGB(3, 0, 0)
0...1...2...3...4...5...6...7...8...9...10	Bounce #29 added RGB(2, 0, 0)
0...1...2...3...4...5...6...7...8...9...10	Bounce #30 added RGB(1, 0, 0)
0...1...2...3...4...5...6...7...8...9...10	Bounce #31 added RGB(1, 0, 0)
Build Patch/Sample Hash Table(s).....Done<0.0086 sec>
0...1...2...3...4...5...6...7...8...9...10FinalLightFace Done
0 of 0 (0% of) surface lights went in leaf ambient cubes.
0...1...2...3...4...5...6...7...8...9...10Writing leaf ambient...done
Computing static prop lighting : 00...1...2...3...4...5...6...7...8...9...10
Ready to Finish

Object names       Objects/Maxobjs  Memory / Maxmem  Fullness 
------------       ---------------  ---------------  -------- 
models                   5/4096          240/196608   ( 0.1%) 
brushes                 43/32768         516/393216   ( 0.1%) 
brushsides             258/65536        2064/524288   ( 0.4%) 
planes                 180/65536        3600/1310720  ( 0.3%) 
vertexes               482/65536        5784/786432   ( 0.7%) 
nodes                   89/65536        2848/2097152  ( 0.1%) 
texinfos                32/12288        2304/884736   ( 0.3%) 
texdata                  6/2048          192/65536    ( 0.3%) 
dispinfos                0/0               0/0        ( 0.0%) 
disp_verts               0/0               0/0        ( 0.0%) 
disp_tris                0/0               0/0        ( 0.0%) 
disp_lmsamples           0/0               0/0        ( 0.0%) 
faces                  363/65536       20328/3670016  ( 0.6%) 
hdr faces                0/65536           0/3670016  ( 0.0%) 
origfaces               58/65536        3248/3670016  ( 0.1%) 
leaves                  95/65536        3040/2097152  ( 0.1%) 
leaffaces              388/65536         776/131072   ( 0.6%) 
leafbrushes             72/65536         144/131072   ( 0.1%) 
areas                    2/1024           16/8192     ( 0.2%) 
surfedges             1836/512000       7344/2048000  ( 0.4%) 
edges                  947/256000       3788/1024000  ( 0.4%) 
LDR worldlights         23/16384        2024/1441792  ( 0.1%) 
HDR worldlights          0/16384           0/1441792  ( 0.0%) 
leafwaterdata            0/32768           0/393216   ( 0.0%) 
waterstrips              4/131072         40/1310720  ( 0.0%) 
waterverts               0/131072          0/1572864  ( 0.0%) 
waterindices            90/131072        180/262144   ( 0.1%) 
cubemapsamples           0/1024            0/16384    ( 0.0%) 
overlays                 0/1024            0/360448   ( 0.0%) 
LDR lightdata         [variable]     1040372/0        ( 0.0%) 
HDR lightdata         [variable]           0/0        ( 0.0%) 
visdata               [variable]         340/16777216 ( 0.0%) 
entdata               [variable]       11172/393216   ( 2.8%) 
LDR ambient table       95/65536         380/262144   ( 0.1%) 
HDR ambient table       95/65536         380/262144   ( 0.1%) 
LDR leaf ambient       339/65536        9492/1835008  ( 0.5%) 
HDR leaf ambient        95/65536        2660/1835008  ( 0.1%) 
occluders                0/0               0/0        ( 0.0%) 
occluder polygons        0/0               0/0        ( 0.0%) 
occluder vert ind        0/0               0/0        ( 0.0%) 
detail props          [variable]           1/12       ( 8.3%) 
static props          [variable]           1/284      ( 0.4%) 
pakfile               [variable]       39481/0        ( 0.0%) 
physics               [variable]       21048/4194304  ( 0.5%) 
physics terrain       [variable]           2/1048576  ( 0.0%) 

Level flags = 1

Total triangle count: 878
Writing c:\program files (x86)\steam\steamapps\sourcemods\who\maps\list_02.bsp
3 seconds elapsed



[Reading texlights from 'lights.rad']
[48 texlights parsed from 'lights.rad']

Loading c:\program files (x86)\steam\steamapps\sourcemods\who\maps\list_02.bsp
363 faces
40401 square feet [5817759.50 square inches]
0 Displacements
0 Square Feet [0.00 Square Inches]
363 patches before subdivision
31165 patches after subdivision
23 direct lights
0...1...2...3...4...5...6...7...8...9...100...1...2...3...4...5...6...7...8...9...10transfers 3179794, max 428
transfer lists:  24.3 megs
0...1...2...3...4...5...6...7...8...9...10	Bounce #1 added RGB(101648, 30187, 1690)
0...1...2...3...4...5...6...7...8...9...10	Bounce #2 added RGB(86337, 7554, 8)
0...1...2...3...4...5...6...7...8...9...10	Bounce #3 added RGB(37623, 906, 0)
0...1...2...3...4...5...6...7...8...9...10	Bounce #4 added RGB(26258, 182, 0)
0...1...2...3...4...5...6...7...8...9...10	Bounce #5 added RGB(16257, 31, 0)
0...1...2...3...4...5...6...7...8...9...10	Bounce #6 added RGB(11100, 6, 0)
0...1...2...3...4...5...6...7...8...9...10	Bounce #7 added RGB(7463, 1, 0)
0...1...2...3...4...5...6...7...8...9...10	Bounce #8 added RGB(5111, 0, 0)
0...1...2...3...4...5...6...7...8...9...10	Bounce #9 added RGB(3495, 0, 0)
0...1...2...3...4...5...6...7...8...9...10	Bounce #10 added RGB(2399, 0, 0)
0...1...2...3...4...5...6...7...8...9...10	Bounce #11 added RGB(1647, 0, 0)
0...1...2...3...4...5...6...7...8...9...10	Bounce #12 added RGB(1132, 0, 0)
0...1...2...3...4...5...6...7...8...9...10	Bounce #13 added RGB(778, 0, 0)
0...1...2...3...4...5...6...7...8...9...10	Bounce #14 added RGB(534, 0, 0)
0...1...2...3...4...5...6...7...8...9...10	Bounce #15 added RGB(367, 0, 0)
0...1...2...3...4...5...6...7...8...9...10	Bounce #16 added RGB(252, 0, 0)
0...1...2...3...4...5...6...7...8...9...10	Bounce #17 added RGB(173, 0, 0)
0...1...2...3...4...5...6...7...8...9...10	Bounce #18 added RGB(119, 0, 0)
0...1...2...3...4...5...6...7...8...9...10	Bounce #19 added RGB(82, 0, 0)
0...1...2...3...4...5...6...7...8...9...10	Bounce #20 added RGB(56, 0, 0)
0...1...2...3...4...5...6...7...8...9...10	Bounce #21 added RGB(39, 0, 0)
0...1...2...3...4...5...6...7...8...9...10	Bounce #22 added RGB(27, 0, 0)
0...1...2...3...4...5...6...7...8...9...10	Bounce #23 added RGB(18, 0, 0)
0...1...2...3...4...5...6...7...8...9...10	Bounce #24 added RGB(13, 0, 0)
0...1...2...3...4...5...6...7...8...9...10	Bounce #25 added RGB(9, 0, 0)
0...1...2...3...4...5...6...7...8...9...10	Bounce #26 added RGB(6, 0, 0)
0...1...2...3...4...5...6...7...8...9...10	Bounce #27 added RGB(4, 0, 0)
0...1...2...3...4...5...6...7...8...9...10	Bounce #28 added RGB(3, 0, 0)
0...1...2...3...4...5...6...7...8...9...10	Bounce #29 added RGB(2, 0, 0)
0...1...2...3...4...5...6...7...8...9...10	Bounce #30 added RGB(1, 0, 0)
0...1...2...3...4...5...6...7...8...9...10	Bounce #31 added RGB(1, 0, 0)
Build Patch/Sample Hash Table(s).....Done<0.0082 sec>
0...1...2...3...4...5...6...7...8...9...10FinalLightFace Done
0 of 0 (0% of) surface lights went in leaf ambient cubes.
0...1...2...3...4...5...6...7...8...9...10Writing leaf ambient...done
Computing static prop lighting : 00...1...2...3...4...5...6...7...8...9...10
Ready to Finish

Object names       Objects/Maxobjs  Memory / Maxmem  Fullness 
------------       ---------------  ---------------  -------- 
models                   5/4096          240/196608   ( 0.1%) 
brushes                 43/32768         516/393216   ( 0.1%) 
brushsides             258/65536        2064/524288   ( 0.4%) 
planes                 180/65536        3600/1310720  ( 0.3%) 
vertexes               482/65536        5784/786432   ( 0.7%) 
nodes                   89/65536        2848/2097152  ( 0.1%) 
texinfos                32/12288        2304/884736   ( 0.3%) 
texdata                  6/2048          192/65536    ( 0.3%) 
dispinfos                0/0               0/0        ( 0.0%) 
disp_verts               0/0               0/0        ( 0.0%) 
disp_tris                0/0               0/0        ( 0.0%) 
disp_lmsamples           0/0               0/0        ( 0.0%) 
faces                  363/65536       20328/3670016  ( 0.6%) 
hdr faces              363/65536       20328/3670016  ( 0.6%) 
origfaces               58/65536        3248/3670016  ( 0.1%) 
leaves                  95/65536        3040/2097152  ( 0.1%) 
leaffaces              388/65536         776/131072   ( 0.6%) 
leafbrushes             72/65536         144/131072   ( 0.1%) 
areas                    2/1024           16/8192     ( 0.2%) 
surfedges             1836/512000       7344/2048000  ( 0.4%) 
edges                  947/256000       3788/1024000  ( 0.4%) 
LDR worldlights         23/16384        2024/1441792  ( 0.1%) 
HDR worldlights         23/16384        2024/1441792  ( 0.1%) 
leafwaterdata            0/32768           0/393216   ( 0.0%) 
waterstrips              4/131072         40/1310720  ( 0.0%) 
waterverts               0/131072          0/1572864  ( 0.0%) 
waterindices            90/131072        180/262144   ( 0.1%) 
cubemapsamples           0/1024            0/16384    ( 0.0%) 
overlays                 0/1024            0/360448   ( 0.0%) 
LDR lightdata         [variable]     1040372/0        ( 0.0%) 
HDR lightdata         [variable]     1040372/0        ( 0.0%) 
visdata               [variable]         340/16777216 ( 0.0%) 
entdata               [variable]       11172/393216   ( 2.8%) 
LDR ambient table       95/65536         380/262144   ( 0.1%) 
HDR ambient table       95/65536         380/262144   ( 0.1%) 
LDR leaf ambient       339/65536        9492/1835008  ( 0.5%) 
HDR leaf ambient       339/65536        9492/1835008  ( 0.5%) 
occluders                0/0               0/0        ( 0.0%) 
occluder polygons        0/0               0/0        ( 0.0%) 
occluder vert ind        0/0               0/0        ( 0.0%) 
detail props          [variable]           1/12       ( 8.3%) 
static props          [variable]           1/284      ( 0.4%) 
pakfile               [variable]       78593/0        ( 0.0%) 
physics               [variable]       21048/4194304  ( 0.5%) 
physics terrain       [variable]           2/1048576  ( 0.0%) 

Level flags = 3

Total triangle count: 878
Writing c:\program files (x86)\steam\steamapps\sourcemods\who\maps\list_02.bsp
3 seconds elapsed



materialPath: C:\Program Files (x86)\Steam\steamapps\sourcemods\who\materials
Loading c:\program files (x86)\steam\steamapps\sourcemods\who\maps\list_02.vmf
Patching WVT material: maps/list_02/dev/dev_blendmeasure_wvt_patch
fixing up env_cubemap materials on brush sides...
0...1...2...3...4...5...6...7...8...9...100...1...2...3...4...5...6...7...8...9...10Processing areas...done (0)
Building Faces...done (0)
Chop Details...done (0)
Find Visible Detail Sides...done (0)
Merging details...done (0)
FixTjuncs...
PruneNodes...
WriteBSP...
done (0)
writing c:\program files (x86)\steam\steamapps\sourcemods\who\maps\list_02.prt...Building visibility clusters...
done (0)
Finding displacement neighbors...
Finding lightmap sample positions...
Displacement Alpha : 0...1...2...3...4...5...6...7...8...9...10
Building Physics collision data...
done (0) (22146 bytes)
Placing static props...
Placing detail props : 0...1...2...3...4...5...6...7...8...9...10
Compacting texture/material tables...
Reduced 84 texinfos to 38
Reduced 8 texdatas to 6 (198 bytes to 133)
Writing c:\program files (x86)\steam\steamapps\sourcemods\who\maps\list_02.bsp
0 seconds elapsed



4 threads
reading c:\program files (x86)\steam\steamapps\sourcemods\who\maps\list_02.bsp
reading c:\program files (x86)\steam\steamapps\sourcemods\who\maps\list_02.prt
  24 portalclusters
  46 numportals
0...1...2...3...4...5...6...7...8...9...100...1...2...3...4...5...6...7...8...9...10Optimized: 0 visible clusters (0.00%)
Total clusters visible: 522
Average clusters visible: 21
Building PAS...
Average clusters audible: 24
visdatasize:340  compressed from 384
writing c:\program files (x86)\steam\steamapps\sourcemods\who\maps\list_02.bsp
0 seconds elapsed



[Reading texlights from 'lights.rad']
[48 texlights parsed from 'lights.rad']

Loading c:\program files (x86)\steam\steamapps\sourcemods\who\maps\list_02.bsp
375 faces
40455 square feet [5825625.50 square inches]
0 Displacements
0 Square Feet [0.00 Square Inches]
375 patches before subdivision
31193 patches after subdivision
23 direct lights
0...1...2...3...4...5...6...7...8...9...100...1...2...3...4...5...6...7...8...9...10transfers 3178751, max 428
transfer lists:  24.3 megs
0...1...2...3...4...5...6...7...8...9...10	Bounce #1 added RGB(101631, 30181, 1688)
0...1...2...3...4...5...6...7...8...9...10	Bounce #2 added RGB(86338, 7554, 8)
0...1...2...3...4...5...6...7...8...9...10	Bounce #3 added RGB(37626, 906, 0)
0...1...2...3...4...5...6...7...8...9...10	Bounce #4 added RGB(26261, 182, 0)
0...1...2...3...4...5...6...7...8...9...10	Bounce #5 added RGB(16259, 31, 0)
0...1...2...3...4...5...6...7...8...9...10	Bounce #6 added RGB(11101, 6, 0)
0...1...2...3...4...5...6...7...8...9...10	Bounce #7 added RGB(7464, 1, 0)
0...1...2...3...4...5...6...7...8...9...10	Bounce #8 added RGB(5112, 0, 0)
0...1...2...3...4...5...6...7...8...9...10	Bounce #9 added RGB(3496, 0, 0)
0...1...2...3...4...5...6...7...8...9...10	Bounce #10 added RGB(2400, 0, 0)
0...1...2...3...4...5...6...7...8...9...10	Bounce #11 added RGB(1647, 0, 0)
0...1...2...3...4...5...6...7...8...9...10	Bounce #12 added RGB(1132, 0, 0)
0...1...2...3...4...5...6...7...8...9...10	Bounce #13 added RGB(778, 0, 0)
0...1...2...3...4...5...6...7...8...9...10	Bounce #14 added RGB(534, 0, 0)
0...1...2...3...4...5...6...7...8...9...10	Bounce #15 added RGB(367, 0, 0)
0...1...2...3...4...5...6...7...8...9...10	Bounce #16 added RGB(252, 0, 0)
0...1...2...3...4...5...6...7...8...9...10	Bounce #17 added RGB(174, 0, 0)
0...1...2...3...4...5...6...7...8...9...10	Bounce #18 added RGB(119, 0, 0)
0...1...2...3...4...5...6...7...8...9...10	Bounce #19 added RGB(82, 0, 0)
0...1...2...3...4...5...6...7...8...9...10	Bounce #20 added RGB(56, 0, 0)
0...1...2...3...4...5...6...7...8...9...10	Bounce #21 added RGB(39, 0, 0)
0...1...2...3...4...5...6...7...8...9...10	Bounce #22 added RGB(27, 0, 0)
0...1...2...3...4...5...6...7...8...9...10	Bounce #23 added RGB(18, 0, 0)
0...1...2...3...4...5...6...7...8...9...10	Bounce #24 added RGB(13, 0, 0)
0...1...2...3...4...5...6...7...8...9...10	Bounce #25 added RGB(9, 0, 0)
0...1...2...3...4...5...6...7...8...9...10	Bounce #26 added RGB(6, 0, 0)
0...1...2...3...4...5...6...7...8...9...10	Bounce #27 added RGB(4, 0, 0)
0...1...2...3...4...5...6...7...8...9...10	Bounce #28 added RGB(3, 0, 0)
0...1...2...3...4...5...6...7...8...9...10	Bounce #29 added RGB(2, 0, 0)
0...1...2...3...4...5...6...7...8...9...10	Bounce #30 added RGB(1, 0, 0)
0...1...2...3...4...5...6...7...8...9...10	Bounce #31 added RGB(1, 0, 0)
Build Patch/Sample Hash Table(s).....Done<0.0087 sec>
0...1...2...3...4...5...6...7...8...9...10FinalLightFace Done
0 of 0 (0% of) surface lights went in leaf ambient cubes.
0...1...2...3...4...5...6...7...8...9...10Writing leaf ambient...done
Computing static prop lighting : 00...1...2...3...4...5...6...7...8...9...10
Ready to Finish

Object names       Objects/Maxobjs  Memory / Maxmem  Fullness 
------------       ---------------  ---------------  -------- 
models                   7/4096          336/196608   ( 0.2%) 
brushes                 45/32768         540/393216   ( 0.1%) 
brushsides             270/65536        2160/524288   ( 0.4%) 
planes                 194/65536        3880/1310720  ( 0.3%) 
vertexes               498/65536        5976/786432   ( 0.8%) 
nodes                  101/65536        3232/2097152  ( 0.2%) 
texinfos                38/12288        2736/884736   ( 0.3%) 
texdata                  6/2048          192/65536    ( 0.3%) 
dispinfos                0/0               0/0        ( 0.0%) 
disp_verts               0/0               0/0        ( 0.0%) 
disp_tris                0/0               0/0        ( 0.0%) 
disp_lmsamples           0/0               0/0        ( 0.0%) 
faces                  375/65536       21000/3670016  ( 0.6%) 
hdr faces                0/65536           0/3670016  ( 0.0%) 
origfaces               70/65536        3920/3670016  ( 0.1%) 
leaves                 109/65536        3488/2097152  ( 0.2%) 
leaffaces              400/65536         800/131072   ( 0.6%) 
leafbrushes             74/65536         148/131072   ( 0.1%) 
areas                    2/1024           16/8192     ( 0.2%) 
surfedges             1932/512000       7728/2048000  ( 0.4%) 
edges                  995/256000       3980/1024000  ( 0.4%) 
LDR worldlights         23/16384        2024/1441792  ( 0.1%) 
HDR worldlights          0/16384           0/1441792  ( 0.0%) 
leafwaterdata            0/32768           0/393216   ( 0.0%) 
waterstrips              4/131072         40/1310720  ( 0.0%) 
waterverts               0/131072          0/1572864  ( 0.0%) 
waterindices            90/131072        180/262144   ( 0.1%) 
cubemapsamples           0/1024            0/16384    ( 0.0%) 
overlays                 0/1024            0/360448   ( 0.0%) 
LDR lightdata         [variable]     1041220/0        ( 0.0%) 
HDR lightdata         [variable]           0/0        ( 0.0%) 
visdata               [variable]         340/16777216 ( 0.0%) 
entdata               [variable]       12162/393216   ( 3.1%) 
LDR ambient table      109/65536         436/262144   ( 0.2%) 
HDR ambient table      109/65536         436/262144   ( 0.2%) 
LDR leaf ambient       351/65536        9828/1835008  ( 0.5%) 
HDR leaf ambient       109/65536        3052/1835008  ( 0.2%) 
occluders                0/0               0/0        ( 0.0%) 
occluder polygons        0/0               0/0        ( 0.0%) 
occluder vert ind        0/0               0/0        ( 0.0%) 
detail props          [variable]           1/12       ( 8.3%) 
static props          [variable]           1/284      ( 0.4%) 
pakfile               [variable]       39481/0        ( 0.0%) 
physics               [variable]       22146/4194304  ( 0.5%) 
physics terrain       [variable]           2/1048576  ( 0.0%) 

Level flags = 1

Total triangle count: 902
Writing c:\program files (x86)\steam\steamapps\sourcemods\who\maps\list_02.bsp
3 seconds elapsed



[Reading texlights from 'lights.rad']
[48 texlights parsed from 'lights.rad']

Loading c:\program files (x86)\steam\steamapps\sourcemods\who\maps\list_02.bsp
375 faces
40455 square feet [5825625.50 square inches]
0 Displacements
0 Square Feet [0.00 Square Inches]
375 patches before subdivision
31193 patches after subdivision
23 direct lights
0...1...2...3...4...5...6...7...8...9...100...1...2...3...4...5...6...7...8...9...10transfers 3178751, max 428
transfer lists:  24.3 megs
0...1...2...3...4...5...6...7...8...9...10	Bounce #1 added RGB(101631, 30181, 1688)
0...1...2...3...4...5...6...7...8...9...10	Bounce #2 added RGB(86338, 7554, 8)
0...1...2...3...4...5...6...7...8...9...10	Bounce #3 added RGB(37626, 906, 0)
0...1...2...3...4...5...6...7...8...9...10	Bounce #4 added RGB(26261, 182, 0)
0...1...2...3...4...5...6...7...8...9...10	Bounce #5 added RGB(16259, 31, 0)
0...1...2...3...4...5...6...7...8...9...10	Bounce #6 added RGB(11101, 6, 0)
0...1...2...3...4...5...6...7...8...9...10	Bounce #7 added RGB(7464, 1, 0)
0...1...2...3...4...5...6...7...8...9...10	Bounce #8 added RGB(5112, 0, 0)
0...1...2...3...4...5...6...7...8...9...10	Bounce #9 added RGB(3496, 0, 0)
0...1...2...3...4...5...6...7...8...9...10	Bounce #10 added RGB(2400, 0, 0)
0...1...2...3...4...5...6...7...8...9...10	Bounce #11 added RGB(1647, 0, 0)
0...1...2...3...4...5...6...7...8...9...10	Bounce #12 added RGB(1132, 0, 0)
0...1...2...3...4...5...6...7...8...9...10	Bounce #13 added RGB(778, 0, 0)
0...1...2...3...4...5...6...7...8...9...10	Bounce #14 added RGB(534, 0, 0)
0...1...2...3...4...5...6...7...8...9...10	Bounce #15 added RGB(367, 0, 0)
0...1...2...3...4...5...6...7...8...9...10	Bounce #16 added RGB(252, 0, 0)
0...1...2...3...4...5...6...7...8...9...10	Bounce #17 added RGB(174, 0, 0)
0...1...2...3...4...5...6...7...8...9...10	Bounce #18 added RGB(119, 0, 0)
0...1...2...3...4...5...6...7...8...9...10	Bounce #19 added RGB(82, 0, 0)
0...1...2...3...4...5...6...7...8...9...10	Bounce #20 added RGB(56, 0, 0)
0...1...2...3...4...5...6...7...8...9...10	Bounce #21 added RGB(39, 0, 0)
0...1...2...3...4...5...6...7...8...9...10	Bounce #22 added RGB(27, 0, 0)
0...1...2...3...4...5...6...7...8...9...10	Bounce #23 added RGB(18, 0, 0)
0...1...2...3...4...5...6...7...8...9...10	Bounce #24 added RGB(13, 0, 0)
0...1...2...3...4...5...6...7...8...9...10	Bounce #25 added RGB(9, 0, 0)
0...1...2...3...4...5...6...7...8...9...10	Bounce #26 added RGB(6, 0, 0)
0...1...2...3...4...5...6...7...8...9...10	Bounce #27 added RGB(4, 0, 0)
0...1...2...3...4...5...6...7...8...9...10	Bounce #28 added RGB(3, 0, 0)
0...1...2...3...4...5...6...7...8...9...10	Bounce #29 added RGB(2, 0, 0)
0...1...2...3...4...5...6...7...8...9...10	Bounce #30 added RGB(1, 0, 0)
0...1...2...3...4...5...6...7...8...9...10	Bounce #31 added RGB(1, 0, 0)
Build Patch/Sample Hash Table(s).....Done<0.0079 sec>
0...1...2...3...4...5...6...7...8...9...10FinalLightFace Done
0 of 0 (0% of) surface lights went in leaf ambient cubes.
0...1...2...3...4...5...6...7...8...9...10Writing leaf ambient...done
Computing static prop lighting : 00...1...2...3...4...5...6...7...8...9...10
Ready to Finish

Object names       Objects/Maxobjs  Memory / Maxmem  Fullness 
------------       ---------------  ---------------  -------- 
models                   7/4096          336/196608   ( 0.2%) 
brushes                 45/32768         540/393216   ( 0.1%) 
brushsides             270/65536        2160/524288   ( 0.4%) 
planes                 194/65536        3880/1310720  ( 0.3%) 
vertexes               498/65536        5976/786432   ( 0.8%) 
nodes                  101/65536        3232/2097152  ( 0.2%) 
texinfos                38/12288        2736/884736   ( 0.3%) 
texdata                  6/2048          192/65536    ( 0.3%) 
dispinfos                0/0               0/0        ( 0.0%) 
disp_verts               0/0               0/0        ( 0.0%) 
disp_tris                0/0               0/0        ( 0.0%) 
disp_lmsamples           0/0               0/0        ( 0.0%) 
faces                  375/65536       21000/3670016  ( 0.6%) 
hdr faces              375/65536       21000/3670016  ( 0.6%) 
origfaces               70/65536        3920/3670016  ( 0.1%) 
leaves                 109/65536        3488/2097152  ( 0.2%) 
leaffaces              400/65536         800/131072   ( 0.6%) 
leafbrushes             74/65536         148/131072   ( 0.1%) 
areas                    2/1024           16/8192     ( 0.2%) 
surfedges             1932/512000       7728/2048000  ( 0.4%) 
edges                  995/256000       3980/1024000  ( 0.4%) 
LDR worldlights         23/16384        2024/1441792  ( 0.1%) 
HDR worldlights         23/16384        2024/1441792  ( 0.1%) 
leafwaterdata            0/32768           0/393216   ( 0.0%) 
waterstrips              4/131072         40/1310720  ( 0.0%) 
waterverts               0/131072          0/1572864  ( 0.0%) 
waterindices            90/131072        180/262144   ( 0.1%) 
cubemapsamples           0/1024            0/16384    ( 0.0%) 
overlays                 0/1024            0/360448   ( 0.0%) 
LDR lightdata         [variable]     1041220/0        ( 0.0%) 
HDR lightdata         [variable]     1041220/0        ( 0.0%) 
visdata               [variable]         340/16777216 ( 0.0%) 
entdata               [variable]       12162/393216   ( 3.1%) 
LDR ambient table      109/65536         436/262144   ( 0.2%) 
HDR ambient table      109/65536         436/262144   ( 0.2%) 
LDR leaf ambient       351/65536        9828/1835008  ( 0.5%) 
HDR leaf ambient       351/65536        9828/1835008  ( 0.5%) 
occluders                0/0               0/0        ( 0.0%) 
occluder polygons        0/0               0/0        ( 0.0%) 
occluder vert ind        0/0               0/0        ( 0.0%) 
detail props          [variable]           1/12       ( 8.3%) 
static props          [variable]           1/284      ( 0.4%) 
pakfile               [variable]       78593/0        ( 0.0%) 
physics               [variable]       22146/4194304  ( 0.5%) 
physics terrain       [variable]           2/1048576  ( 0.0%) 

Level flags = 3

Total triangle count: 902
Writing c:\program files (x86)\steam\steamapps\sourcemods\who\maps\list_02.bsp
3 seconds elapsed



materialPath: C:\Program Files (x86)\Steam\steamapps\sourcemods\who\materials
Loading c:\program files (x86)\steam\steamapps\sourcemods\who\maps\list_02.vmf
Patching WVT material: maps/list_02/dev/dev_blendmeasure_wvt_patch
fixing up env_cubemap materials on brush sides...
0...1...2...3...4...5...6...7...8...9...100...1...2...3...4...5...6...7...8...9...10Processing areas...done (0)
Building Faces...done (0)
Chop Details...done (0)
Find Visible Detail Sides...done (0)
Merging details...done (0)
FixTjuncs...
PruneNodes...
WriteBSP...
done (0)
writing c:\program files (x86)\steam\steamapps\sourcemods\who\maps\list_02.prt...Building visibility clusters...
done (0)
Finding displacement neighbors...
Finding lightmap sample positions...
Displacement Alpha : 0...1...2...3...4...5...6...7...8...9...10
Building Physics collision data...
done (0) (22146 bytes)
Placing static props...
Placing detail props : 0...1...2...3...4...5...6...7...8...9...10
Compacting texture/material tables...
Reduced 84 texinfos to 38
Reduced 8 texdatas to 6 (198 bytes to 133)
Writing c:\program files (x86)\steam\steamapps\sourcemods\who\maps\list_02.bsp
0 seconds elapsed



4 threads
reading c:\program files (x86)\steam\steamapps\sourcemods\who\maps\list_02.bsp
reading c:\program files (x86)\steam\steamapps\sourcemods\who\maps\list_02.prt
  24 portalclusters
  46 numportals
0...1...2...3...4...5...6...7...8...9...100...1...2...3...4...5...6...7...8...9...10Optimized: 0 visible clusters (0.00%)
Total clusters visible: 522
Average clusters visible: 21
Building PAS...
Average clusters audible: 24
visdatasize:340  compressed from 384
writing c:\program files (x86)\steam\steamapps\sourcemods\who\maps\list_02.bsp
0 seconds elapsed



[Reading texlights from 'lights.rad']
[48 texlights parsed from 'lights.rad']

Loading c:\program files (x86)\steam\steamapps\sourcemods\who\maps\list_02.bsp
375 faces
40455 square feet [5825625.50 square inches]
0 Displacements
0 Square Feet [0.00 Square Inches]
375 patches before subdivision
31193 patches after subdivision
23 direct lights
0...1...2...3...4...5...6...7...8...9...100...1...2...3...4...5...6...7...8...9...10transfers 3178751, max 428
transfer lists:  24.3 megs
0...1...2...3...4...5...6...7...8...9...10	Bounce #1 added RGB(101631, 30181, 1688)
0...1...2...3...4...5...6...7...8...9...10	Bounce #2 added RGB(86338, 7554, 8)
0...1...2...3...4...5...6...7...8...9...10	Bounce #3 added RGB(37626, 906, 0)
0...1...2...3...4...5...6...7...8...9...10	Bounce #4 added RGB(26261, 182, 0)
0...1...2...3...4...5...6...7...8...9...10	Bounce #5 added RGB(16259, 31, 0)
0...1...2...3...4...5...6...7...8...9...10	Bounce #6 added RGB(11101, 6, 0)
0...1...2...3...4...5...6...7...8...9...10	Bounce #7 added RGB(7464, 1, 0)
0...1...2...3...4...5...6...7...8...9...10	Bounce #8 added RGB(5112, 0, 0)
0...1...2...3...4...5...6...7...8...9...10	Bounce #9 added RGB(3496, 0, 0)
0...1...2...3...4...5...6...7...8...9...10	Bounce #10 added RGB(2400, 0, 0)
0...1...2...3...4...5...6...7...8...9...10	Bounce #11 added RGB(1647, 0, 0)
0...1...2...3...4...5...6...7...8...9...10	Bounce #12 added RGB(1132, 0, 0)
0...1...2...3...4...5...6...7...8...9...10	Bounce #13 added RGB(778, 0, 0)
0...1...2...3...4...5...6...7...8...9...10	Bounce #14 added RGB(534, 0, 0)
0...1...2...3...4...5...6...7...8...9...10	Bounce #15 added RGB(367, 0, 0)
0...1...2...3...4...5...6...7...8...9...10	Bounce #16 added RGB(252, 0, 0)
0...1...2...3...4...5...6...7...8...9...10	Bounce #17 added RGB(174, 0, 0)
0...1...2...3...4...5...6...7...8...9...10	Bounce #18 added RGB(119, 0, 0)
0...1...2...3...4...5...6...7...8...9...10	Bounce #19 added RGB(82, 0, 0)
0...1...2...3...4...5...6...7...8...9...10	Bounce #20 added RGB(56, 0, 0)
0...1...2...3...4...5...6...7...8...9...10	Bounce #21 added RGB(39, 0, 0)
0...1...2...3...4...5...6...7...8...9...10	Bounce #22 added RGB(27, 0, 0)
0...1...2...3...4...5...6...7...8...9...10	Bounce #23 added RGB(18, 0, 0)
0...1...2...3...4...5...6...7...8...9...10	Bounce #24 added RGB(13, 0, 0)
0...1...2...3...4...5...6...7...8...9...10	Bounce #25 added RGB(9, 0, 0)
0...1...2...3...4...5...6...7...8...9...10	Bounce #26 added RGB(6, 0, 0)
0...1...2...3...4...5...6...7...8...9...10	Bounce #27 added RGB(4, 0, 0)
0...1...2...3...4...5...6...7...8...9...10	Bounce #28 added RGB(3, 0, 0)
0...1...2...3...4...5...6...7...8...9...10	Bounce #29 added RGB(2, 0, 0)
0...1...2...3...4...5...6...7...8...9...10	Bounce #30 added RGB(1, 0, 0)
0...1...2...3...4...5...6...7...8...9...10	Bounce #31 added RGB(1, 0, 0)
Build Patch/Sample Hash Table(s).....Done<0.0084 sec>
0...1...2...3...4...5...6...7...8...9...10FinalLightFace Done
0 of 0 (0% of) surface lights went in leaf ambient cubes.
0...1...2...3...4...5...6...7...8...9...10Writing leaf ambient...done
Computing static prop lighting : 00...1...2...3...4...5...6...7...8...9...10
Ready to Finish

Object names       Objects/Maxobjs  Memory / Maxmem  Fullness 
------------       ---------------  ---------------  -------- 
models                   7/4096          336/196608   ( 0.2%) 
brushes                 45/32768         540/393216   ( 0.1%) 
brushsides             270/65536        2160/524288   ( 0.4%) 
planes                 194/65536        3880/1310720  ( 0.3%) 
vertexes               498/65536        5976/786432   ( 0.8%) 
nodes                  101/65536        3232/2097152  ( 0.2%) 
texinfos                38/12288        2736/884736   ( 0.3%) 
texdata                  6/2048          192/65536    ( 0.3%) 
dispinfos                0/0               0/0        ( 0.0%) 
disp_verts               0/0               0/0        ( 0.0%) 
disp_tris                0/0               0/0        ( 0.0%) 
disp_lmsamples           0/0               0/0        ( 0.0%) 
faces                  375/65536       21000/3670016  ( 0.6%) 
hdr faces                0/65536           0/3670016  ( 0.0%) 
origfaces               70/65536        3920/3670016  ( 0.1%) 
leaves                 109/65536        3488/2097152  ( 0.2%) 
leaffaces              400/65536         800/131072   ( 0.6%) 
leafbrushes             74/65536         148/131072   ( 0.1%) 
areas                    2/1024           16/8192     ( 0.2%) 
surfedges             1932/512000       7728/2048000  ( 0.4%) 
edges                  995/256000       3980/1024000  ( 0.4%) 
LDR worldlights         23/16384        2024/1441792  ( 0.1%) 
HDR worldlights          0/16384           0/1441792  ( 0.0%) 
leafwaterdata            0/32768           0/393216   ( 0.0%) 
waterstrips              4/131072         40/1310720  ( 0.0%) 
waterverts               0/131072          0/1572864  ( 0.0%) 
waterindices            90/131072        180/262144   ( 0.1%) 
cubemapsamples           0/1024            0/16384    ( 0.0%) 
overlays                 0/1024            0/360448   ( 0.0%) 
LDR lightdata         [variable]     1041220/0        ( 0.0%) 
HDR lightdata         [variable]           0/0        ( 0.0%) 
visdata               [variable]         340/16777216 ( 0.0%) 
entdata               [variable]       12162/393216   ( 3.1%) 
LDR ambient table      109/65536         436/262144   ( 0.2%) 
HDR ambient table      109/65536         436/262144   ( 0.2%) 
LDR leaf ambient       351/65536        9828/1835008  ( 0.5%) 
HDR leaf ambient       109/65536        3052/1835008  ( 0.2%) 
occluders                0/0               0/0        ( 0.0%) 
occluder polygons        0/0               0/0        ( 0.0%) 
occluder vert ind        0/0               0/0        ( 0.0%) 
detail props          [variable]           1/12       ( 8.3%) 
static props          [variable]           1/284      ( 0.4%) 
pakfile               [variable]       39481/0        ( 0.0%) 
physics               [variable]       22146/4194304  ( 0.5%) 
physics terrain       [variable]           2/1048576  ( 0.0%) 

Level flags = 1

Total triangle count: 902
Writing c:\program files (x86)\steam\steamapps\sourcemods\who\maps\list_02.bsp
3 seconds elapsed



[Reading texlights from 'lights.rad']
[48 texlights parsed from 'lights.rad']

Loading c:\program files (x86)\steam\steamapps\sourcemods\who\maps\list_02.bsp
375 faces
40455 square feet [5825625.50 square inches]
0 Displacements
0 Square Feet [0.00 Square Inches]
375 patches before subdivision
31193 patches after subdivision
23 direct lights
0...1...2...3...4...5...6...7...8...9...100...1...2...3...4...5...6...7...8...9...10transfers 3178751, max 428
transfer lists:  24.3 megs
0...1...2...3...4...5...6...7...8...9...10	Bounce #1 added RGB(101631, 30181, 1688)
0...1...2...3...4...5...6...7...8...9...10	Bounce #2 added RGB(86338, 7554, 8)
0...1...2...3...4...5...6...7...8...9...10	Bounce #3 added RGB(37626, 906, 0)
0...1...2...3...4...5...6...7...8...9...10	Bounce #4 added RGB(26261, 182, 0)
0...1...2...3...4...5...6...7...8...9...10	Bounce #5 added RGB(16259, 31, 0)
0...1...2...3...4...5...6...7...8...9...10	Bounce #6 added RGB(11101, 6, 0)
0...1...2...3...4...5...6...7...8...9...10	Bounce #7 added RGB(7464, 1, 0)
0...1...2...3...4...5...6...7...8...9...10	Bounce #8 added RGB(5112, 0, 0)
0...1...2...3...4...5...6...7...8...9...10	Bounce #9 added RGB(3496, 0, 0)
0...1...2...3...4...5...6...7...8...9...10	Bounce #10 added RGB(2400, 0, 0)
0...1...2...3...4...5...6...7...8...9...10	Bounce #11 added RGB(1647, 0, 0)
0...1...2...3...4...5...6...7...8...9...10	Bounce #12 added RGB(1132, 0, 0)
0...1...2...3...4...5...6...7...8...9...10	Bounce #13 added RGB(778, 0, 0)
0...1...2...3...4...5...6...7...8...9...10	Bounce #14 added RGB(534, 0, 0)
0...1...2...3...4...5...6...7...8...9...10	Bounce #15 added RGB(367, 0, 0)
0...1...2...3...4...5...6...7...8...9...10	Bounce #16 added RGB(252, 0, 0)
0...1...2...3...4...5...6...7...8...9...10	Bounce #17 added RGB(174, 0, 0)
0...1...2...3...4...5...6...7...8...9...10	Bounce #18 added RGB(119, 0, 0)
0...1...2...3...4...5...6...7...8...9...10	Bounce #19 added RGB(82, 0, 0)
0...1...2...3...4...5...6...7...8...9...10	Bounce #20 added RGB(56, 0, 0)
0...1...2...3...4...5...6...7...8...9...10	Bounce #21 added RGB(39, 0, 0)
0...1...2...3...4...5...6...7...8...9...10	Bounce #22 added RGB(27, 0, 0)
0...1...2...3...4...5...6...7...8...9...10	Bounce #23 added RGB(18, 0, 0)
0...1...2...3...4...5...6...7...8...9...10	Bounce #24 added RGB(13, 0, 0)
0...1...2...3...4...5...6...7...8...9...10	Bounce #25 added RGB(9, 0, 0)
0...1...2...3...4...5...6...7...8...9...10	Bounce #26 added RGB(6, 0, 0)
0...1...2...3...4...5...6...7...8...9...10	Bounce #27 added RGB(4, 0, 0)
0...1...2...3...4...5...6...7...8...9...10	Bounce #28 added RGB(3, 0, 0)
0...1...2...3...4...5...6...7...8...9...10	Bounce #29 added RGB(2, 0, 0)
0...1...2...3...4...5...6...7...8...9...10	Bounce #30 added RGB(1, 0, 0)
0...1...2...3...4...5...6...7...8...9...10	Bounce #31 added RGB(1, 0, 0)
Build Patch/Sample Hash Table(s).....Done<0.0112 sec>
0...1...2...3...4...5...6...7...8...9...10FinalLightFace Done
0 of 0 (0% of) surface lights went in leaf ambient cubes.
0...1...2...3...4...5...6...7...8...9...10Writing leaf ambient...done
Computing static prop lighting : 00...1...2...3...4...5...6...7...8...9...10
Ready to Finish

Object names       Objects/Maxobjs  Memory / Maxmem  Fullness 
------------       ---------------  ---------------  -------- 
models                   7/4096          336/196608   ( 0.2%) 
brushes                 45/32768         540/393216   ( 0.1%) 
brushsides             270/65536        2160/524288   ( 0.4%) 
planes                 194/65536        3880/1310720  ( 0.3%) 
vertexes               498/65536        5976/786432   ( 0.8%) 
nodes                  101/65536        3232/2097152  ( 0.2%) 
texinfos                38/12288        2736/884736   ( 0.3%) 
texdata                  6/2048          192/65536    ( 0.3%) 
dispinfos                0/0               0/0        ( 0.0%) 
disp_verts               0/0               0/0        ( 0.0%) 
disp_tris                0/0               0/0        ( 0.0%) 
disp_lmsamples           0/0               0/0        ( 0.0%) 
faces                  375/65536       21000/3670016  ( 0.6%) 
hdr faces              375/65536       21000/3670016  ( 0.6%) 
origfaces               70/65536        3920/3670016  ( 0.1%) 
leaves                 109/65536        3488/2097152  ( 0.2%) 
leaffaces              400/65536         800/131072   ( 0.6%) 
leafbrushes             74/65536         148/131072   ( 0.1%) 
areas                    2/1024           16/8192     ( 0.2%) 
surfedges             1932/512000       7728/2048000  ( 0.4%) 
edges                  995/256000       3980/1024000  ( 0.4%) 
LDR worldlights         23/16384        2024/1441792  ( 0.1%) 
HDR worldlights         23/16384        2024/1441792  ( 0.1%) 
leafwaterdata            0/32768           0/393216   ( 0.0%) 
waterstrips              4/131072         40/1310720  ( 0.0%) 
waterverts               0/131072          0/1572864  ( 0.0%) 
waterindices            90/131072        180/262144   ( 0.1%) 
cubemapsamples           0/1024            0/16384    ( 0.0%) 
overlays                 0/1024            0/360448   ( 0.0%) 
LDR lightdata         [variable]     1041220/0        ( 0.0%) 
HDR lightdata         [variable]     1041220/0        ( 0.0%) 
visdata               [variable]         340/16777216 ( 0.0%) 
entdata               [variable]       12162/393216   ( 3.1%) 
LDR ambient table      109/65536         436/262144   ( 0.2%) 
HDR ambient table      109/65536         436/262144   ( 0.2%) 
LDR leaf ambient       351/65536        9828/1835008  ( 0.5%) 
HDR leaf ambient       351/65536        9828/1835008  ( 0.5%) 
occluders                0/0               0/0        ( 0.0%) 
occluder polygons        0/0               0/0        ( 0.0%) 
occluder vert ind        0/0               0/0        ( 0.0%) 
detail props          [variable]           1/12       ( 8.3%) 
static props          [variable]           1/284      ( 0.4%) 
pakfile               [variable]       78593/0        ( 0.0%) 
physics               [variable]       22146/4194304  ( 0.5%) 
physics terrain       [variable]           2/1048576  ( 0.0%) 

Level flags = 3

Total triangle count: 902
Writing c:\program files (x86)\steam\steamapps\sourcemods\who\maps\list_02.bsp
3 seconds elapsed



materialPath: C:\Program Files (x86)\Steam\steamapps\sourcemods\who\materials
Loading c:\program files (x86)\steam\steamapps\sourcemods\who\maps\list_02.vmf
Patching WVT material: maps/list_02/dev/dev_blendmeasure_wvt_patch
fixing up env_cubemap materials on brush sides...
0...1...2...3...4...5...6...7...8...9...100...1...2...3...4...5...6...7...8...9...10Processing areas...done (0)
Building Faces...done (0)
Chop Details...done (0)
Find Visible Detail Sides...done (0)
Merging details...done (0)
FixTjuncs...
PruneNodes...
WriteBSP...
done (0)
writing c:\program files (x86)\steam\steamapps\sourcemods\who\maps\list_02.prt...Building visibility clusters...
done (0)
Finding displacement neighbors...
Finding lightmap sample positions...
Displacement Alpha : 0...1...2...3...4...5...6...7...8...9...10
Building Physics collision data...
done (0) (23802 bytes)
Placing static props...
Placing detail props : 0...1...2...3...4...5...6...7...8...9...10
Compacting texture/material tables...
Reduced 93 texinfos to 43
Reduced 8 texdatas to 6 (198 bytes to 133)
Writing c:\program files (x86)\steam\steamapps\sourcemods\who\maps\list_02.bsp
0 seconds elapsed



4 threads
reading c:\program files (x86)\steam\steamapps\sourcemods\who\maps\list_02.bsp
reading c:\program files (x86)\steam\steamapps\sourcemods\who\maps\list_02.prt
  24 portalclusters
  46 numportals
0...1...2...3...4...5...6...7...8...9...100...1...2...3...4...5...6...7...8...9...10Optimized: 0 visible clusters (0.00%)
Total clusters visible: 522
Average clusters visible: 21
Building PAS...
Average clusters audible: 24
visdatasize:340  compressed from 384
writing c:\program files (x86)\steam\steamapps\sourcemods\who\maps\list_02.bsp
0 seconds elapsed



[Reading texlights from 'lights.rad']
[48 texlights parsed from 'lights.rad']

Loading c:\program files (x86)\steam\steamapps\sourcemods\who\maps\list_02.bsp
393 faces
40944 square feet [5896041.50 square inches]
0 Displacements
0 Square Feet [0.00 Square Inches]
393 patches before subdivision
31211 patches after subdivision
23 direct lights
0...1...2...3...4...5...6...7...8...9...100...1...2...3...4...5...6...7...8...9...10transfers 3179581, max 428
transfer lists:  24.3 megs
0...1...2...3...4...5...6...7...8...9...10	Bounce #1 added RGB(101639, 30183, 1688)
0...1...2...3...4...5...6...7...8...9...10	Bounce #2 added RGB(86359, 7555, 8)
0...1...2...3...4...5...6...7...8...9...10	Bounce #3 added RGB(37641, 907, 0)
0...1...2...3...4...5...6...7...8...9...10	Bounce #4 added RGB(26271, 182, 0)
0...1...2...3...4...5...6...7...8...9...10	Bounce #5 added RGB(16267, 31, 0)
0...1...2...3...4...5...6...7...8...9...10	Bounce #6 added RGB(11107, 6, 0)
0...1...2...3...4...5...6...7...8...9...10	Bounce #7 added RGB(7468, 1, 0)
0...1...2...3...4...5...6...7...8...9...10	Bounce #8 added RGB(5114, 0, 0)
0...1...2...3...4...5...6...7...8...9...10	Bounce #9 added RGB(3498, 0, 0)
0...1...2...3...4...5...6...7...8...9...10	Bounce #10 added RGB(2401, 0, 0)
0...1...2...3...4...5...6...7...8...9...10	Bounce #11 added RGB(1648, 0, 0)
0...1...2...3...4...5...6...7...8...9...10	Bounce #12 added RGB(1132, 0, 0)
0...1...2...3...4...5...6...7...8...9...10	Bounce #13 added RGB(778, 0, 0)
0...1...2...3...4...5...6...7...8...9...10	Bounce #14 added RGB(535, 0, 0)
0...1...2...3...4...5...6...7...8...9...10	Bounce #15 added RGB(367, 0, 0)
0...1...2...3...4...5...6...7...8...9...10	Bounce #16 added RGB(253, 0, 0)
0...1...2...3...4...5...6...7...8...9...10	Bounce #17 added RGB(174, 0, 0)
0...1...2...3...4...5...6...7...8...9...10	Bounce #18 added RGB(119, 0, 0)
0...1...2...3...4...5...6...7...8...9...10	Bounce #19 added RGB(82, 0, 0)
0...1...2...3...4...5...6...7...8...9...10	Bounce #20 added RGB(56, 0, 0)
0...1...2...3...4...5...6...7...8...9...10	Bounce #21 added RGB(39, 0, 0)
0...1...2...3...4...5...6...7...8...9...10	Bounce #22 added RGB(27, 0, 0)
0...1...2...3...4...5...6...7...8...9...10	Bounce #23 added RGB(18, 0, 0)
0...1...2...3...4...5...6...7...8...9...10	Bounce #24 added RGB(13, 0, 0)
0...1...2...3...4...5...6...7...8...9...10	Bounce #25 added RGB(9, 0, 0)
0...1...2...3...4...5...6...7...8...9...10	Bounce #26 added RGB(6, 0, 0)
0...1...2...3...4...5...6...7...8...9...10	Bounce #27 added RGB(4, 0, 0)
0...1...2...3...4...5...6...7...8...9...10	Bounce #28 added RGB(3, 0, 0)
0...1...2...3...4...5...6...7...8...9...10	Bounce #29 added RGB(2, 0, 0)
0...1...2...3...4...5...6...7...8...9...10	Bounce #30 added RGB(1, 0, 0)
0...1...2...3...4...5...6...7...8...9...10	Bounce #31 added RGB(1, 0, 0)
Build Patch/Sample Hash Table(s).....Done<0.0118 sec>
0...1...2...3...4...5...6...7...8...9...10FinalLightFace Done
0 of 0 (0% of) surface lights went in leaf ambient cubes.
0...1...2...3...4...5...6...7...8...9...10Writing leaf ambient...done
Computing static prop lighting : 00...1...2...3...4...5...6...7...8...9...10
Ready to Finish

Object names       Objects/Maxobjs  Memory / Maxmem  Fullness 
------------       ---------------  ---------------  -------- 
models                  10/4096          480/196608   ( 0.2%) 
brushes                 48/32768         576/393216   ( 0.1%) 
brushsides             288/65536        2304/524288   ( 0.4%) 
planes                 214/65536        4280/1310720  ( 0.3%) 
vertexes               522/65536        6264/786432   ( 0.8%) 
nodes                  119/65536        3808/2097152  ( 0.2%) 
texinfos                43/12288        3096/884736   ( 0.3%) 
texdata                  6/2048          192/65536    ( 0.3%) 
dispinfos                0/0               0/0        ( 0.0%) 
disp_verts               0/0               0/0        ( 0.0%) 
disp_tris                0/0               0/0        ( 0.0%) 
disp_lmsamples           0/0               0/0        ( 0.0%) 
faces                  393/65536       22008/3670016  ( 0.6%) 
hdr faces                0/65536           0/3670016  ( 0.0%) 
origfaces               88/65536        4928/3670016  ( 0.1%) 
leaves                 130/65536        4160/2097152  ( 0.2%) 
leaffaces              418/65536         836/131072   ( 0.6%) 
leafbrushes             77/65536         154/131072   ( 0.1%) 
areas                    2/1024           16/8192     ( 0.2%) 
surfedges             2076/512000       8304/2048000  ( 0.4%) 
edges                 1067/256000       4268/1024000  ( 0.4%) 
LDR worldlights         23/16384        2024/1441792  ( 0.1%) 
HDR worldlights          0/16384           0/1441792  ( 0.0%) 
leafwaterdata            0/32768           0/393216   ( 0.0%) 
waterstrips              4/131072         40/1310720  ( 0.0%) 
waterverts               0/131072          0/1572864  ( 0.0%) 
waterindices            90/131072        180/262144   ( 0.1%) 
cubemapsamples           0/1024            0/16384    ( 0.0%) 
overlays                 0/1024            0/360448   ( 0.0%) 
LDR lightdata         [variable]     1041220/0        ( 0.0%) 
HDR lightdata         [variable]           0/0        ( 0.0%) 
visdata               [variable]         340/16777216 ( 0.0%) 
entdata               [variable]       13303/393216   ( 3.4%) 
LDR ambient table      130/65536         520/262144   ( 0.2%) 
HDR ambient table      130/65536         520/262144   ( 0.2%) 
LDR leaf ambient       390/65536       10920/1835008  ( 0.6%) 
HDR leaf ambient       130/65536        3640/1835008  ( 0.2%) 
occluders                0/0               0/0        ( 0.0%) 
occluder polygons        0/0               0/0        ( 0.0%) 
occluder vert ind        0/0               0/0        ( 0.0%) 
detail props          [variable]           1/12       ( 8.3%) 
static props          [variable]           1/284      ( 0.4%) 
pakfile               [variable]       39481/0        ( 0.0%) 
physics               [variable]       23802/4194304  ( 0.6%) 
physics terrain       [variable]           2/1048576  ( 0.0%) 

Level flags = 1

Total triangle count: 938
Writing c:\program files (x86)\steam\steamapps\sourcemods\who\maps\list_02.bsp
3 seconds elapsed



[Reading texlights from 'lights.rad']
[48 texlights parsed from 'lights.rad']

Loading c:\program files (x86)\steam\steamapps\sourcemods\who\maps\list_02.bsp
393 faces
40944 square feet [5896041.50 square inches]
0 Displacements
0 Square Feet [0.00 Square Inches]
393 patches before subdivision
31211 patches after subdivision
23 direct lights
0...1...2...3...4...5...6...7...8...9...100...1...2...3...4...5...6...7...8...9...10transfers 3179581, max 428
transfer lists:  24.3 megs
0...1...2...3...4...5...6...7...8...9...10	Bounce #1 added RGB(101639, 30183, 1688)
0...1...2...3...4...5...6...7...8...9...10	Bounce #2 added RGB(86358, 7555, 8)
0...1...2...3...4...5...6...7...8...9...10	Bounce #3 added RGB(37640, 907, 0)
0...1...2...3...4...5...6...7...8...9...10	Bounce #4 added RGB(26271, 182, 0)
0...1...2...3...4...5...6...7...8...9...10	Bounce #5 added RGB(16267, 31, 0)
0...1...2...3...4...5...6...7...8...9...10	Bounce #6 added RGB(11107, 6, 0)
0...1...2...3...4...5...6...7...8...9...10	Bounce #7 added RGB(7468, 1, 0)
0...1...2...3...4...5...6...7...8...9...10	Bounce #8 added RGB(5114, 0, 0)
0...1...2...3...4...5...6...7...8...9...10	Bounce #9 added RGB(3498, 0, 0)
0...1...2...3...4...5...6...7...8...9...10	Bounce #10 added RGB(2401, 0, 0)
0...1...2...3...4...5...6...7...8...9...10	Bounce #11 added RGB(1648, 0, 0)
0...1...2...3...4...5...6...7...8...9...10	Bounce #12 added RGB(1132, 0, 0)
0...1...2...3...4...5...6...7...8...9...10	Bounce #13 added RGB(778, 0, 0)
0...1...2...3...4...5...6...7...8...9...10	Bounce #14 added RGB(535, 0, 0)
0...1...2...3...4...5...6...7...8...9...10	Bounce #15 added RGB(367, 0, 0)
0...1...2...3...4...5...6...7...8...9...10	Bounce #16 added RGB(253, 0, 0)
0...1...2...3...4...5...6...7...8...9...10	Bounce #17 added RGB(174, 0, 0)
0...1...2...3...4...5...6...7...8...9...10	Bounce #18 added RGB(119, 0, 0)
0...1...2...3...4...5...6...7...8...9...10	Bounce #19 added RGB(82, 0, 0)
0...1...2...3...4...5...6...7...8...9...10	Bounce #20 added RGB(56, 0, 0)
0...1...2...3...4...5...6...7...8...9...10	Bounce #21 added RGB(39, 0, 0)
0...1...2...3...4...5...6...7...8...9...10	Bounce #22 added RGB(27, 0, 0)
0...1...2...3...4...5...6...7...8...9...10	Bounce #23 added RGB(18, 0, 0)
0...1...2...3...4...5...6...7...8...9...10	Bounce #24 added RGB(13, 0, 0)
0...1...2...3...4...5...6...7...8...9...10	Bounce #25 added RGB(9, 0, 0)
0...1...2...3...4...5...6...7...8...9...10	Bounce #26 added RGB(6, 0, 0)
0...1...2...3...4...5...6...7...8...9...10	Bounce #27 added RGB(4, 0, 0)
0...1...2...3...4...5...6...7...8...9...10	Bounce #28 added RGB(3, 0, 0)
0...1...2...3...4...5...6...7...8...9...10	Bounce #29 added RGB(2, 0, 0)
0...1...2...3...4...5...6...7...8...9...10	Bounce #30 added RGB(1, 0, 0)
0...1...2...3...4...5...6...7...8...9...10	Bounce #31 added RGB(1, 0, 0)
Build Patch/Sample Hash Table(s).....Done<0.0092 sec>
0...1...2...3...4...5...6...7...8...9...10FinalLightFace Done
0 of 0 (0% of) surface lights went in leaf ambient cubes.
0...1...2...3...4...5...6...7...8...9...10Writing leaf ambient...done
Computing static prop lighting : 00...1...2...3...4...5...6...7...8...9...10
Ready to Finish

Object names       Objects/Maxobjs  Memory / Maxmem  Fullness 
------------       ---------------  ---------------  -------- 
models                  10/4096          480/196608   ( 0.2%) 
brushes                 48/32768         576/393216   ( 0.1%) 
brushsides             288/65536        2304/524288   ( 0.4%) 
planes                 214/65536        4280/1310720  ( 0.3%) 
vertexes               522/65536        6264/786432   ( 0.8%) 
nodes                  119/65536        3808/2097152  ( 0.2%) 
texinfos                43/12288        3096/884736   ( 0.3%) 
texdata                  6/2048          192/65536    ( 0.3%) 
dispinfos                0/0               0/0        ( 0.0%) 
disp_verts               0/0               0/0        ( 0.0%) 
disp_tris                0/0               0/0        ( 0.0%) 
disp_lmsamples           0/0               0/0        ( 0.0%) 
faces                  393/65536       22008/3670016  ( 0.6%) 
hdr faces              393/65536       22008/3670016  ( 0.6%) 
origfaces               88/65536        4928/3670016  ( 0.1%) 
leaves                 130/65536        4160/2097152  ( 0.2%) 
leaffaces              418/65536         836/131072   ( 0.6%) 
leafbrushes             77/65536         154/131072   ( 0.1%) 
areas                    2/1024           16/8192     ( 0.2%) 
surfedges             2076/512000       8304/2048000  ( 0.4%) 
edges                 1067/256000       4268/1024000  ( 0.4%) 
LDR worldlights         23/16384        2024/1441792  ( 0.1%) 
HDR worldlights         23/16384        2024/1441792  ( 0.1%) 
leafwaterdata            0/32768           0/393216   ( 0.0%) 
waterstrips              4/131072         40/1310720  ( 0.0%) 
waterverts               0/131072          0/1572864  ( 0.0%) 
waterindices            90/131072        180/262144   ( 0.1%) 
cubemapsamples           0/1024            0/16384    ( 0.0%) 
overlays                 0/1024            0/360448   ( 0.0%) 
LDR lightdata         [variable]     1041220/0        ( 0.0%) 
HDR lightdata         [variable]     1041220/0        ( 0.0%) 
visdata               [variable]         340/16777216 ( 0.0%) 
entdata               [variable]       13303/393216   ( 3.4%) 
LDR ambient table      130/65536         520/262144   ( 0.2%) 
HDR ambient table      130/65536         520/262144   ( 0.2%) 
LDR leaf ambient       390/65536       10920/1835008  ( 0.6%) 
HDR leaf ambient       390/65536       10920/1835008  ( 0.6%) 
occluders                0/0               0/0        ( 0.0%) 
occluder polygons        0/0               0/0        ( 0.0%) 
occluder vert ind        0/0               0/0        ( 0.0%) 
detail props          [variable]           1/12       ( 8.3%) 
static props          [variable]           1/284      ( 0.4%) 
pakfile               [variable]       78593/0        ( 0.0%) 
physics               [variable]       23802/4194304  ( 0.6%) 
physics terrain       [variable]           2/1048576  ( 0.0%) 

Level flags = 3

Total triangle count: 938
Writing c:\program files (x86)\steam\steamapps\sourcemods\who\maps\list_02.bsp
3 seconds elapsed



materialPath: C:\Program Files (x86)\Steam\steamapps\sourcemods\who\materials
Loading c:\program files (x86)\steam\steamapps\sourcemods\who\maps\list_02.vmf
Patching WVT material: maps/list_02/dev/dev_blendmeasure_wvt_patch
fixing up env_cubemap materials on brush sides...
0...1...2...3...4...5...6...7...8...9...100...1...2...3...4...5...6...7...8...9...10Processing areas...done (0)
Building Faces...done (0)
Chop Details...done (0)
Find Visible Detail Sides...done (0)
Merging details...done (0)
FixTjuncs...
PruneNodes...
WriteBSP...
done (0)
writing c:\program files (x86)\steam\steamapps\sourcemods\who\maps\list_02.prt...Building visibility clusters...
done (0)
Finding displacement neighbors...
Finding lightmap sample positions...
Displacement Alpha : 0...1...2...3...4...5...6...7...8...9...10
Building Physics collision data...
done (0) (23802 bytes)
Placing static props...
Placing detail props : 0...1...2...3...4...5...6...7...8...9...10
Compacting texture/material tables...
Reduced 93 texinfos to 43
Reduced 8 texdatas to 6 (198 bytes to 133)
Writing c:\program files (x86)\steam\steamapps\sourcemods\who\maps\list_02.bsp
0 seconds elapsed



4 threads
reading c:\program files (x86)\steam\steamapps\sourcemods\who\maps\list_02.bsp
reading c:\program files (x86)\steam\steamapps\sourcemods\who\maps\list_02.prt
  24 portalclusters
  46 numportals
0...1...2...3...4...5...6...7...8...9...100...1...2...3...4...5...6...7...8...9...10Optimized: 0 visible clusters (0.00%)
Total clusters visible: 522
Average clusters visible: 21
Building PAS...
Average clusters audible: 24
visdatasize:340  compressed from 384
writing c:\program files (x86)\steam\steamapps\sourcemods\who\maps\list_02.bsp
0 seconds elapsed



[Reading texlights from 'lights.rad']
[48 texlights parsed from 'lights.rad']

Loading c:\program files (x86)\steam\steamapps\sourcemods\who\maps\list_02.bsp
393 faces
40944 square feet [5896041.50 square inches]
0 Displacements
0 Square Feet [0.00 Square Inches]
393 patches before subdivision
31211 patches after subdivision
23 direct lights
0...1...2...3...4...5...6...7...8...9...100...1...2...3...4...5...6...7...8...9...10transfers 3179581, max 428
transfer lists:  24.3 megs
0...1...2...3...4...5...6...7...8...9...10	Bounce #1 added RGB(101639, 30183, 1688)
0...1...2...3...4...5...6...7...8...9...10	Bounce #2 added RGB(86359, 7555, 8)
0...1...2...3...4...5...6...7...8...9...10	Bounce #3 added RGB(37641, 907, 0)
0...1...2...3...4...5...6...7...8...9...10	Bounce #4 added RGB(26271, 182, 0)
0...1...2...3...4...5...6...7...8...9...10	Bounce #5 added RGB(16267, 31, 0)
0...1...2...3...4...5...6...7...8...9...10	Bounce #6 added RGB(11107, 6, 0)
0...1...2...3...4...5...6...7...8...9...10	Bounce #7 added RGB(7468, 1, 0)
0...1...2...3...4...5...6...7...8...9...10	Bounce #8 added RGB(5114, 0, 0)
0...1...2...3...4...5...6...7...8...9...10	Bounce #9 added RGB(3498, 0, 0)
0...1...2...3...4...5...6...7...8...9...10	Bounce #10 added RGB(2401, 0, 0)
0...1...2...3...4...5...6...7...8...9...10	Bounce #11 added RGB(1648, 0, 0)
0...1...2...3...4...5...6...7...8...9...10	Bounce #12 added RGB(1132, 0, 0)
0...1...2...3...4...5...6...7...8...9...10	Bounce #13 added RGB(778, 0, 0)
0...1...2...3...4...5...6...7...8...9...10	Bounce #14 added RGB(535, 0, 0)
0...1...2...3...4...5...6...7...8...9...10	Bounce #15 added RGB(367, 0, 0)
0...1...2...3...4...5...6...7...8...9...10	Bounce #16 added RGB(253, 0, 0)
0...1...2...3...4...5...6...7...8...9...10	Bounce #17 added RGB(174, 0, 0)
0...1...2...3...4...5...6...7...8...9...10	Bounce #18 added RGB(119, 0, 0)
0...1...2...3...4...5...6...7...8...9...10	Bounce #19 added RGB(82, 0, 0)
0...1...2...3...4...5...6...7...8...9...10	Bounce #20 added RGB(56, 0, 0)
0...1...2...3...4...5...6...7...8...9...10	Bounce #21 added RGB(39, 0, 0)
0...1...2...3...4...5...6...7...8...9...10	Bounce #22 added RGB(27, 0, 0)
0...1...2...3...4...5...6...7...8...9...10	Bounce #23 added RGB(18, 0, 0)
0...1...2...3...4...5...6...7...8...9...10	Bounce #24 added RGB(13, 0, 0)
0...1...2...3...4...5...6...7...8...9...10	Bounce #25 added RGB(9, 0, 0)
0...1...2...3...4...5...6...7...8...9...10	Bounce #26 added RGB(6, 0, 0)
0...1...2...3...4...5...6...7...8...9...10	Bounce #27 added RGB(4, 0, 0)
0...1...2...3...4...5...6...7...8...9...10	Bounce #28 added RGB(3, 0, 0)
0...1...2...3...4...5...6...7...8...9...10	Bounce #29 added RGB(2, 0, 0)
0...1...2...3...4...5...6...7...8...9...10	Bounce #30 added RGB(1, 0, 0)
0...1...2...3...4...5...6...7...8...9...10	Bounce #31 added RGB(1, 0, 0)
Build Patch/Sample Hash Table(s).....Done<0.0087 sec>
0...1...2...3...4...5...6...7...8...9...10FinalLightFace Done
0 of 0 (0% of) surface lights went in leaf ambient cubes.
0...1...2...3...4...5...6...7...8...9...10Writing leaf ambient...done
Computing static prop lighting : 00...1...2...3...4...5...6...7...8...9...10
Ready to Finish

Object names       Objects/Maxobjs  Memory / Maxmem  Fullness 
------------       ---------------  ---------------  -------- 
models                  10/4096          480/196608   ( 0.2%) 
brushes                 48/32768         576/393216   ( 0.1%) 
brushsides             288/65536        2304/524288   ( 0.4%) 
planes                 214/65536        4280/1310720  ( 0.3%) 
vertexes               522/65536        6264/786432   ( 0.8%) 
nodes                  119/65536        3808/2097152  ( 0.2%) 
texinfos                43/12288        3096/884736   ( 0.3%) 
texdata                  6/2048          192/65536    ( 0.3%) 
dispinfos                0/0               0/0        ( 0.0%) 
disp_verts               0/0               0/0        ( 0.0%) 
disp_tris                0/0               0/0        ( 0.0%) 
disp_lmsamples           0/0               0/0        ( 0.0%) 
faces                  393/65536       22008/3670016  ( 0.6%) 
hdr faces                0/65536           0/3670016  ( 0.0%) 
origfaces               88/65536        4928/3670016  ( 0.1%) 
leaves                 130/65536        4160/2097152  ( 0.2%) 
leaffaces              418/65536         836/131072   ( 0.6%) 
leafbrushes             77/65536         154/131072   ( 0.1%) 
areas                    2/1024           16/8192     ( 0.2%) 
surfedges             2076/512000       8304/2048000  ( 0.4%) 
edges                 1067/256000       4268/1024000  ( 0.4%) 
LDR worldlights         23/16384        2024/1441792  ( 0.1%) 
HDR worldlights          0/16384           0/1441792  ( 0.0%) 
leafwaterdata            0/32768           0/393216   ( 0.0%) 
waterstrips              4/131072         40/1310720  ( 0.0%) 
waterverts               0/131072          0/1572864  ( 0.0%) 
waterindices            90/131072        180/262144   ( 0.1%) 
cubemapsamples           0/1024            0/16384    ( 0.0%) 
overlays                 0/1024            0/360448   ( 0.0%) 
LDR lightdata         [variable]     1041220/0        ( 0.0%) 
HDR lightdata         [variable]           0/0        ( 0.0%) 
visdata               [variable]         340/16777216 ( 0.0%) 
entdata               [variable]       13265/393216   ( 3.4%) 
LDR ambient table      130/65536         520/262144   ( 0.2%) 
HDR ambient table      130/65536         520/262144   ( 0.2%) 
LDR leaf ambient       390/65536       10920/1835008  ( 0.6%) 
HDR leaf ambient       130/65536        3640/1835008  ( 0.2%) 
occluders                0/0               0/0        ( 0.0%) 
occluder polygons        0/0               0/0        ( 0.0%) 
occluder vert ind        0/0               0/0        ( 0.0%) 
detail props          [variable]           1/12       ( 8.3%) 
static props          [variable]           1/284      ( 0.4%) 
pakfile               [variable]       39481/0        ( 0.0%) 
physics               [variable]       23802/4194304  ( 0.6%) 
physics terrain       [variable]           2/1048576  ( 0.0%) 

Level flags = 1

Total triangle count: 938
Writing c:\program files (x86)\steam\steamapps\sourcemods\who\maps\list_02.bsp
3 seconds elapsed



[Reading texlights from 'lights.rad']
[48 texlights parsed from 'lights.rad']

Loading c:\program files (x86)\steam\steamapps\sourcemods\who\maps\list_02.bsp
393 faces
40944 square feet [5896041.50 square inches]
0 Displacements
0 Square Feet [0.00 Square Inches]
393 patches before subdivision
31211 patches after subdivision
23 direct lights
0...1...2...3...4...5...6...7...8...9...100...1...2...3...4...5...6...7...8...9...10transfers 3179581, max 428
transfer lists:  24.3 megs
0...1...2...3...4...5...6...7...8...9...10	Bounce #1 added RGB(101639, 30183, 1688)
0...1...2...3...4...5...6...7...8...9...10	Bounce #2 added RGB(86359, 7555, 8)
0...1...2...3...4...5...6...7...8...9...10	Bounce #3 added RGB(37641, 907, 0)
0...1...2...3...4...5...6...7...8...9...10	Bounce #4 added RGB(26271, 182, 0)
0...1...2...3...4...5...6...7...8...9...10	Bounce #5 added RGB(16267, 31, 0)
0...1...2...3...4...5...6...7...8...9...10	Bounce #6 added RGB(11107, 6, 0)
0...1...2...3...4...5...6...7...8...9...10	Bounce #7 added RGB(7468, 1, 0)
0...1...2...3...4...5...6...7...8...9...10	Bounce #8 added RGB(5114, 0, 0)
0...1...2...3...4...5...6...7...8...9...10	Bounce #9 added RGB(3498, 0, 0)
0...1...2...3...4...5...6...7...8...9...10	Bounce #10 added RGB(2401, 0, 0)
0...1...2...3...4...5...6...7...8...9...10	Bounce #11 added RGB(1648, 0, 0)
0...1...2...3...4...5...6...7...8...9...10	Bounce #12 added RGB(1132, 0, 0)
0...1...2...3...4...5...6...7...8...9...10	Bounce #13 added RGB(778, 0, 0)
0...1...2...3...4...5...6...7...8...9...10	Bounce #14 added RGB(535, 0, 0)
0...1...2...3...4...5...6...7...8...9...10	Bounce #15 added RGB(367, 0, 0)
0...1...2...3...4...5...6...7...8...9...10	Bounce #16 added RGB(253, 0, 0)
0...1...2...3...4...5...6...7...8...9...10	Bounce #17 added RGB(174, 0, 0)
0...1...2...3...4...5...6...7...8...9...10	Bounce #18 added RGB(119, 0, 0)
0...1...2...3...4...5...6...7...8...9...10	Bounce #19 added RGB(82, 0, 0)
0...1...2...3...4...5...6...7...8...9...10	Bounce #20 added RGB(56, 0, 0)
0...1...2...3...4...5...6...7...8...9...10	Bounce #21 added RGB(39, 0, 0)
0...1...2...3...4...5...6...7...8...9...10	Bounce #22 added RGB(27, 0, 0)
0...1...2...3...4...5...6...7...8...9...10	Bounce #23 added RGB(18, 0, 0)
0...1...2...3...4...5...6...7...8...9...10	Bounce #24 added RGB(13, 0, 0)
0...1...2...3...4...5...6...7...8...9...10	Bounce #25 added RGB(9, 0, 0)
0...1...2...3...4...5...6...7...8...9...10	Bounce #26 added RGB(6, 0, 0)
0...1...2...3...4...5...6...7...8...9...10	Bounce #27 added RGB(4, 0, 0)
0...1...2...3...4...5...6...7...8...9...10	Bounce #28 added RGB(3, 0, 0)
0...1...2...3...4...5...6...7...8...9...10	Bounce #29 added RGB(2, 0, 0)
0...1...2...3...4...5...6...7...8...9...10	Bounce #30 added RGB(1, 0, 0)
0...1...2...3...4...5...6...7...8...9...10	Bounce #31 added RGB(1, 0, 0)
Build Patch/Sample Hash Table(s).....Done<0.0078 sec>
0...1...2...3...4...5...6...7...8...9...10FinalLightFace Done
0 of 0 (0% of) surface lights went in leaf ambient cubes.
0...1...2...3...4...5...6...7...8...9...10Writing leaf ambient...done
Computing static prop lighting : 00...1...2...3...4...5...6...7...8...9...10
Ready to Finish

Object names       Objects/Maxobjs  Memory / Maxmem  Fullness 
------------       ---------------  ---------------  -------- 
models                  10/4096          480/196608   ( 0.2%) 
brushes                 48/32768         576/393216   ( 0.1%) 
brushsides             288/65536        2304/524288   ( 0.4%) 
planes                 214/65536        4280/1310720  ( 0.3%) 
vertexes               522/65536        6264/786432   ( 0.8%) 
nodes                  119/65536        3808/2097152  ( 0.2%) 
texinfos                43/12288        3096/884736   ( 0.3%) 
texdata                  6/2048          192/65536    ( 0.3%) 
dispinfos                0/0               0/0        ( 0.0%) 
disp_verts               0/0               0/0        ( 0.0%) 
disp_tris                0/0               0/0        ( 0.0%) 
disp_lmsamples           0/0               0/0        ( 0.0%) 
faces                  393/65536       22008/3670016  ( 0.6%) 
hdr faces              393/65536       22008/3670016  ( 0.6%) 
origfaces               88/65536        4928/3670016  ( 0.1%) 
leaves                 130/65536        4160/2097152  ( 0.2%) 
leaffaces              418/65536         836/131072   ( 0.6%) 
leafbrushes             77/65536         154/131072   ( 0.1%) 
areas                    2/1024           16/8192     ( 0.2%) 
surfedges             2076/512000       8304/2048000  ( 0.4%) 
edges                 1067/256000       4268/1024000  ( 0.4%) 
LDR worldlights         23/16384        2024/1441792  ( 0.1%) 
HDR worldlights         23/16384        2024/1441792  ( 0.1%) 
leafwaterdata            0/32768           0/393216   ( 0.0%) 
waterstrips              4/131072         40/1310720  ( 0.0%) 
waterverts               0/131072          0/1572864  ( 0.0%) 
waterindices            90/131072        180/262144   ( 0.1%) 
cubemapsamples           0/1024            0/16384    ( 0.0%) 
overlays                 0/1024            0/360448   ( 0.0%) 
LDR lightdata         [variable]     1041220/0        ( 0.0%) 
HDR lightdata         [variable]     1041220/0        ( 0.0%) 
visdata               [variable]         340/16777216 ( 0.0%) 
entdata               [variable]       13265/393216   ( 3.4%) 
LDR ambient table      130/65536         520/262144   ( 0.2%) 
HDR ambient table      130/65536         520/262144   ( 0.2%) 
LDR leaf ambient       390/65536       10920/1835008  ( 0.6%) 
HDR leaf ambient       390/65536       10920/1835008  ( 0.6%) 
occluders                0/0               0/0        ( 0.0%) 
occluder polygons        0/0               0/0        ( 0.0%) 
occluder vert ind        0/0               0/0        ( 0.0%) 
detail props          [variable]           1/12       ( 8.3%) 
static props          [variable]           1/284      ( 0.4%) 
pakfile               [variable]       78593/0        ( 0.0%) 
physics               [variable]       23802/4194304  ( 0.6%) 
physics terrain       [variable]           2/1048576  ( 0.0%) 

Level flags = 3

Total triangle count: 938
Writing c:\program files (x86)\steam\steamapps\sourcemods\who\maps\list_02.bsp
3 seconds elapsed



materialPath: C:\Program Files (x86)\Steam\steamapps\sourcemods\who\materials
Loading c:\program files (x86)\steam\steamapps\sourcemods\who\maps\list_02.vmf
Patching WVT material: maps/list_02/dev/dev_blendmeasure_wvt_patch
fixing up env_cubemap materials on brush sides...
0...1...2...3...4...5...6...7...8...9...100...1...2...3...4...5...6...7...8...9...10Processing areas...done (0)
Building Faces...done (0)
Chop Details...done (0)
Find Visible Detail Sides...done (0)
Merging details...done (0)
FixTjuncs...
PruneNodes...
WriteBSP...
done (0)
writing c:\program files (x86)\steam\steamapps\sourcemods\who\maps\list_02.prt...Building visibility clusters...
done (0)
Finding displacement neighbors...
Finding lightmap sample positions...
Displacement Alpha : 0...1...2...3...4...5...6...7...8...9...10
Building Physics collision data...
done (0) (23802 bytes)
Placing static props...
Placing detail props : 0...1...2...3...4...5...6...7...8...9...10
Compacting texture/material tables...
Reduced 93 texinfos to 43
Reduced 8 texdatas to 6 (198 bytes to 133)
Writing c:\program files (x86)\steam\steamapps\sourcemods\who\maps\list_02.bsp
0 seconds elapsed



4 threads
reading c:\program files (x86)\steam\steamapps\sourcemods\who\maps\list_02.bsp
reading c:\program files (x86)\steam\steamapps\sourcemods\who\maps\list_02.prt
  24 portalclusters
  46 numportals
0...1...2...3...4...5...6...7...8...9...100...1...2...3...4...5...6...7...8...9...10Optimized: 0 visible clusters (0.00%)
Total clusters visible: 522
Average clusters visible: 21
Building PAS...
Average clusters audible: 24
visdatasize:340  compressed from 384
writing c:\program files (x86)\steam\steamapps\sourcemods\who\maps\list_02.bsp
0 seconds elapsed



[Reading texlights from 'lights.rad']
[48 texlights parsed from 'lights.rad']

Loading c:\program files (x86)\steam\steamapps\sourcemods\who\maps\list_02.bsp
393 faces
40944 square feet [5896041.50 square inches]
0 Displacements
0 Square Feet [0.00 Square Inches]
393 patches before subdivision
31211 patches after subdivision
23 direct lights
0...1...2...3...4...5...6...7...8...9...100...1...2...3...4...5...6...7...8...9...10transfers 3179581, max 428
transfer lists:  24.3 megs
0...1...2...3...4...5...6...7...8...9...10	Bounce #1 added RGB(101639, 30183, 1688)
0...1...2...3...4...5...6...7...8...9...10	Bounce #2 added RGB(86358, 7555, 8)
0...1...2...3...4...5...6...7...8...9...10	Bounce #3 added RGB(37640, 907, 0)
0...1...2...3...4...5...6...7...8...9...10	Bounce #4 added RGB(26271, 182, 0)
0...1...2...3...4...5...6...7...8...9...10	Bounce #5 added RGB(16267, 31, 0)
0...1...2...3...4...5...6...7...8...9...10	Bounce #6 added RGB(11107, 6, 0)
0...1...2...3...4...5...6...7...8...9...10	Bounce #7 added RGB(7468, 1, 0)
0...1...2...3...4...5...6...7...8...9...10	Bounce #8 added RGB(5114, 0, 0)
0...1...2...3...4...5...6...7...8...9...10	Bounce #9 added RGB(3498, 0, 0)
0...1...2...3...4...5...6...7...8...9...10	Bounce #10 added RGB(2401, 0, 0)
0...1...2...3...4...5...6...7...8...9...10	Bounce #11 added RGB(1648, 0, 0)
0...1...2...3...4...5...6...7...8...9...10	Bounce #12 added RGB(1132, 0, 0)
0...1...2...3...4...5...6...7...8...9...10	Bounce #13 added RGB(778, 0, 0)
0...1...2...3...4...5...6...7...8...9...10	Bounce #14 added RGB(535, 0, 0)
0...1...2...3...4...5...6...7...8...9...10	Bounce #15 added RGB(367, 0, 0)
0...1...2...3...4...5...6...7...8...9...10	Bounce #16 added RGB(253, 0, 0)
0...1...2...3...4...5...6...7...8...9...10	Bounce #17 added RGB(174, 0, 0)
0...1...2...3...4...5...6...7...8...9...10	Bounce #18 added RGB(119, 0, 0)
0...1...2...3...4...5...6...7...8...9...10	Bounce #19 added RGB(82, 0, 0)
0...1...2...3...4...5...6...7...8...9...10	Bounce #20 added RGB(56, 0, 0)
0...1...2...3...4...5...6...7...8...9...10	Bounce #21 added RGB(39, 0, 0)
0...1...2...3...4...5...6...7...8...9...10	Bounce #22 added RGB(27, 0, 0)
0...1...2...3...4...5...6...7...8...9...10	Bounce #23 added RGB(18, 0, 0)
0...1...2...3...4...5...6...7...8...9...10	Bounce #24 added RGB(13, 0, 0)
0...1...2...3...4...5...6...7...8...9...10	Bounce #25 added RGB(9, 0, 0)
0...1...2...3...4...5...6...7...8...9...10	Bounce #26 added RGB(6, 0, 0)
0...1...2...3...4...5...6...7...8...9...10	Bounce #27 added RGB(4, 0, 0)
0...1...2...3...4...5...6...7...8...9...10	Bounce #28 added RGB(3, 0, 0)
0...1...2...3...4...5...6...7...8...9...10	Bounce #29 added RGB(2, 0, 0)
0...1...2...3...4...5...6...7...8...9...10	Bounce #30 added RGB(1, 0, 0)
0...1...2...3...4...5...6...7...8...9...10	Bounce #31 added RGB(1, 0, 0)
Build Patch/Sample Hash Table(s).....Done<0.0080 sec>
0...1...2...3...4...5...6...7...8...9...10FinalLightFace Done
0 of 0 (0% of) surface lights went in leaf ambient cubes.
0...1...2...3...4...5...6...7...8...9...10Writing leaf ambient...done
Computing static prop lighting : 00...1...2...3...4...5...6...7...8...9...10
Ready to Finish

Object names       Objects/Maxobjs  Memory / Maxmem  Fullness 
------------       ---------------  ---------------  -------- 
models                  10/4096          480/196608   ( 0.2%) 
brushes                 48/32768         576/393216   ( 0.1%) 
brushsides             288/65536        2304/524288   ( 0.4%) 
planes                 214/65536        4280/1310720  ( 0.3%) 
vertexes               522/65536        6264/786432   ( 0.8%) 
nodes                  119/65536        3808/2097152  ( 0.2%) 
texinfos                43/12288        3096/884736   ( 0.3%) 
texdata                  6/2048          192/65536    ( 0.3%) 
dispinfos                0/0               0/0        ( 0.0%) 
disp_verts               0/0               0/0        ( 0.0%) 
disp_tris                0/0               0/0        ( 0.0%) 
disp_lmsamples           0/0               0/0        ( 0.0%) 
faces                  393/65536       22008/3670016  ( 0.6%) 
hdr faces                0/65536           0/3670016  ( 0.0%) 
origfaces               88/65536        4928/3670016  ( 0.1%) 
leaves                 130/65536        4160/2097152  ( 0.2%) 
leaffaces              418/65536         836/131072   ( 0.6%) 
leafbrushes             77/65536         154/131072   ( 0.1%) 
areas                    2/1024           16/8192     ( 0.2%) 
surfedges             2076/512000       8304/2048000  ( 0.4%) 
edges                 1067/256000       4268/1024000  ( 0.4%) 
LDR worldlights         23/16384        2024/1441792  ( 0.1%) 
HDR worldlights          0/16384           0/1441792  ( 0.0%) 
leafwaterdata            0/32768           0/393216   ( 0.0%) 
waterstrips              4/131072         40/1310720  ( 0.0%) 
waterverts               0/131072          0/1572864  ( 0.0%) 
waterindices            90/131072        180/262144   ( 0.1%) 
cubemapsamples           0/1024            0/16384    ( 0.0%) 
overlays                 0/1024            0/360448   ( 0.0%) 
LDR lightdata         [variable]     1041220/0        ( 0.0%) 
HDR lightdata         [variable]           0/0        ( 0.0%) 
visdata               [variable]         340/16777216 ( 0.0%) 
entdata               [variable]       13048/393216   ( 3.3%) 
LDR ambient table      130/65536         520/262144   ( 0.2%) 
HDR ambient table      130/65536         520/262144   ( 0.2%) 
LDR leaf ambient       390/65536       10920/1835008  ( 0.6%) 
HDR leaf ambient       130/65536        3640/1835008  ( 0.2%) 
occluders                0/0               0/0        ( 0.0%) 
occluder polygons        0/0               0/0        ( 0.0%) 
occluder vert ind        0/0               0/0        ( 0.0%) 
detail props          [variable]           1/12       ( 8.3%) 
static props          [variable]           1/284      ( 0.4%) 
pakfile               [variable]       39481/0        ( 0.0%) 
physics               [variable]       23802/4194304  ( 0.6%) 
physics terrain       [variable]           2/1048576  ( 0.0%) 

Level flags = 1

Total triangle count: 938
Writing c:\program files (x86)\steam\steamapps\sourcemods\who\maps\list_02.bsp
3 seconds elapsed



[Reading texlights from 'lights.rad']
[48 texlights parsed from 'lights.rad']

Loading c:\program files (x86)\steam\steamapps\sourcemods\who\maps\list_02.bsp
393 faces
40944 square feet [5896041.50 square inches]
0 Displacements
0 Square Feet [0.00 Square Inches]
393 patches before subdivision
31211 patches after subdivision
23 direct lights
0...1...2...3...4...5...6...7...8...9...100...1...2...3...4...5...6...7...8...9...10transfers 3179581, max 428
transfer lists:  24.3 megs
0...1...2...3...4...5...6...7...8...9...10	Bounce #1 added RGB(101639, 30183, 1688)
0...1...2...3...4...5...6...7...8...9...10	Bounce #2 added RGB(86358, 7555, 8)
0...1...2...3...4...5...6...7...8...9...10	Bounce #3 added RGB(37640, 907, 0)
0...1...2...3...4...5...6...7...8...9...10	Bounce #4 added RGB(26271, 182, 0)
0...1...2...3...4...5...6...7...8...9...10	Bounce #5 added RGB(16267, 31, 0)
0...1...2...3...4...5...6...7...8...9...10	Bounce #6 added RGB(11107, 6, 0)
0...1...2...3...4...5...6...7...8...9...10	Bounce #7 added RGB(7468, 1, 0)
0...1...2...3...4...5...6...7...8...9...10	Bounce #8 added RGB(5114, 0, 0)
0...1...2...3...4...5...6...7...8...9...10	Bounce #9 added RGB(3498, 0, 0)
0...1...2...3...4...5...6...7...8...9...10	Bounce #10 added RGB(2401, 0, 0)
0...1...2...3...4...5...6...7...8...9...10	Bounce #11 added RGB(1648, 0, 0)
0...1...2...3...4...5...6...7...8...9...10	Bounce #12 added RGB(1132, 0, 0)
0...1...2...3...4...5...6...7...8...9...10	Bounce #13 added RGB(778, 0, 0)
0...1...2...3...4...5...6...7...8...9...10	Bounce #14 added RGB(535, 0, 0)
0...1...2...3...4...5...6...7...8...9...10	Bounce #15 added RGB(367, 0, 0)
0...1...2...3...4...5...6...7...8...9...10	Bounce #16 added RGB(253, 0, 0)
0...1...2...3...4...5...6...7...8...9...10	Bounce #17 added RGB(174, 0, 0)
0...1...2...3...4...5...6...7...8...9...10	Bounce #18 added RGB(119, 0, 0)
0...1...2...3...4...5...6...7...8...9...10	Bounce #19 added RGB(82, 0, 0)
0...1...2...3...4...5...6...7...8...9...10	Bounce #20 added RGB(56, 0, 0)
0...1...2...3...4...5...6...7...8...9...10	Bounce #21 added RGB(39, 0, 0)
0...1...2...3...4...5...6...7...8...9...10	Bounce #22 added RGB(27, 0, 0)
0...1...2...3...4...5...6...7...8...9...10	Bounce #23 added RGB(18, 0, 0)
0...1...2...3...4...5...6...7...8...9...10	Bounce #24 added RGB(13, 0, 0)
0...1...2...3...4...5...6...7...8...9...10	Bounce #25 added RGB(9, 0, 0)
0...1...2...3...4...5...6...7...8...9...10	Bounce #26 added RGB(6, 0, 0)
0...1...2...3...4...5...6...7...8...9...10	Bounce #27 added RGB(4, 0, 0)
0...1...2...3...4...5...6...7...8...9...10	Bounce #28 added RGB(3, 0, 0)
0...1...2...3...4...5...6...7...8...9...10	Bounce #29 added RGB(2, 0, 0)
0...1...2...3...4...5...6...7...8...9...10	Bounce #30 added RGB(1, 0, 0)
0...1...2...3...4...5...6...7...8...9...10	Bounce #31 added RGB(1, 0, 0)
Build Patch/Sample Hash Table(s).....Done<0.0085 sec>
0...1...2...3...4...5...6...7...8...9...10FinalLightFace Done
0 of 0 (0% of) surface lights went in leaf ambient cubes.
0...1...2...3...4...5...6...7...8...9...10Writing leaf ambient...done
Computing static prop lighting : 00...1...2...3...4...5...6...7...8...9...10
Ready to Finish

Object names       Objects/Maxobjs  Memory / Maxmem  Fullness 
------------       ---------------  ---------------  -------- 
models                  10/4096          480/196608   ( 0.2%) 
brushes                 48/32768         576/393216   ( 0.1%) 
brushsides             288/65536        2304/524288   ( 0.4%) 
planes                 214/65536        4280/1310720  ( 0.3%) 
vertexes               522/65536        6264/786432   ( 0.8%) 
nodes                  119/65536        3808/2097152  ( 0.2%) 
texinfos                43/12288        3096/884736   ( 0.3%) 
texdata                  6/2048          192/65536    ( 0.3%) 
dispinfos                0/0               0/0        ( 0.0%) 
disp_verts               0/0               0/0        ( 0.0%) 
disp_tris                0/0               0/0        ( 0.0%) 
disp_lmsamples           0/0               0/0        ( 0.0%) 
faces                  393/65536       22008/3670016  ( 0.6%) 
hdr faces              393/65536       22008/3670016  ( 0.6%) 
origfaces               88/65536        4928/3670016  ( 0.1%) 
leaves                 130/65536        4160/2097152  ( 0.2%) 
leaffaces              418/65536         836/131072   ( 0.6%) 
leafbrushes             77/65536         154/131072   ( 0.1%) 
areas                    2/1024           16/8192     ( 0.2%) 
surfedges             2076/512000       8304/2048000  ( 0.4%) 
edges                 1067/256000       4268/1024000  ( 0.4%) 
LDR worldlights         23/16384        2024/1441792  ( 0.1%) 
HDR worldlights         23/16384        2024/1441792  ( 0.1%) 
leafwaterdata            0/32768           0/393216   ( 0.0%) 
waterstrips              4/131072         40/1310720  ( 0.0%) 
waterverts               0/131072          0/1572864  ( 0.0%) 
waterindices            90/131072        180/262144   ( 0.1%) 
cubemapsamples           0/1024            0/16384    ( 0.0%) 
overlays                 0/1024            0/360448   ( 0.0%) 
LDR lightdata         [variable]     1041220/0        ( 0.0%) 
HDR lightdata         [variable]     1041220/0        ( 0.0%) 
visdata               [variable]         340/16777216 ( 0.0%) 
entdata               [variable]       13048/393216   ( 3.3%) 
LDR ambient table      130/65536         520/262144   ( 0.2%) 
HDR ambient table      130/65536         520/262144   ( 0.2%) 
LDR leaf ambient       390/65536       10920/1835008  ( 0.6%) 
HDR leaf ambient       390/65536       10920/1835008  ( 0.6%) 
occluders                0/0               0/0        ( 0.0%) 
occluder polygons        0/0               0/0        ( 0.0%) 
occluder vert ind        0/0               0/0        ( 0.0%) 
detail props          [variable]           1/12       ( 8.3%) 
static props          [variable]           1/284      ( 0.4%) 
pakfile               [variable]       78593/0        ( 0.0%) 
physics               [variable]       23802/4194304  ( 0.6%) 
physics terrain       [variable]           2/1048576  ( 0.0%) 

Level flags = 3

Total triangle count: 938
Writing c:\program files (x86)\steam\steamapps\sourcemods\who\maps\list_02.bsp
3 seconds elapsed



materialPath: C:\Program Files (x86)\Steam\steamapps\sourcemods\who\materials
Loading c:\program files (x86)\steam\steamapps\sourcemods\who\maps\list_02.vmf
Patching WVT material: maps/list_02/dev/dev_blendmeasure_wvt_patch
fixing up env_cubemap materials on brush sides...
0...1...2...3...4...5...6...7...8...9...100...1...2...3...4...5...6...7...8...9...10Processing areas...done (0)
Building Faces...done (0)
Chop Details...done (0)
Find Visible Detail Sides...done (0)
Merging details...done (0)
FixTjuncs...
PruneNodes...
WriteBSP...
done (0)
writing c:\program files (x86)\steam\steamapps\sourcemods\who\maps\list_02.prt...Building visibility clusters...
done (0)
Finding displacement neighbors...
Finding lightmap sample positions...
Displacement Alpha : 0...1...2...3...4...5...6...7...8...9...10
Building Physics collision data...
done (0) (23802 bytes)
Placing static props...
Placing detail props : 0...1...2...3...4...5...6...7...8...9...10
Compacting texture/material tables...
Reduced 93 texinfos to 43
Reduced 8 texdatas to 6 (198 bytes to 133)
Writing c:\program files (x86)\steam\steamapps\sourcemods\who\maps\list_02.bsp
0 seconds elapsed



4 threads
reading c:\program files (x86)\steam\steamapps\sourcemods\who\maps\list_02.bsp
reading c:\program files (x86)\steam\steamapps\sourcemods\who\maps\list_02.prt
  24 portalclusters
  46 numportals
0...1...2...3...4...5...6...7...8...9...100...1...2...3...4...5...6...7...8...9...10Optimized: 0 visible clusters (0.00%)
Total clusters visible: 522
Average clusters visible: 21
Building PAS...
Average clusters audible: 24
visdatasize:340  compressed from 384
writing c:\program files (x86)\steam\steamapps\sourcemods\who\maps\list_02.bsp
0 seconds elapsed



[Reading texlights from 'lights.rad']
[48 texlights parsed from 'lights.rad']

Loading c:\program files (x86)\steam\steamapps\sourcemods\who\maps\list_02.bsp
393 faces
40944 square feet [5896041.50 square inches]
0 Displacements
0 Square Feet [0.00 Square Inches]
393 patches before subdivision
31211 patches after subdivision
23 direct lights
0...1...2...3...4...5...6...7...8...9...100...1...2...3...4...5...6...7...8...9...10transfers 3179581, max 428
transfer lists:  24.3 megs
0...1...2...3...4...5...6...7...8...9...10	Bounce #1 added RGB(101639, 30183, 1688)
0...1...2...3...4...5...6...7...8...9...10	Bounce #2 added RGB(86359, 7555, 8)
0...1...2...3...4...5...6...7...8...9...10	Bounce #3 added RGB(37641, 907, 0)
0...1...2...3...4...5...6...7...8...9...10	Bounce #4 added RGB(26271, 182, 0)
0...1...2...3...4...5...6...7...8...9...10	Bounce #5 added RGB(16267, 31, 0)
0...1...2...3...4...5...6...7...8...9...10	Bounce #6 added RGB(11107, 6, 0)
0...1...2...3...4...5...6...7...8...9...10	Bounce #7 added RGB(7468, 1, 0)
0...1...2...3...4...5...6...7...8...9...10	Bounce #8 added RGB(5114, 0, 0)
0...1...2...3...4...5...6...7...8...9...10	Bounce #9 added RGB(3498, 0, 0)
0...1...2...3...4...5...6...7...8...9...10	Bounce #10 added RGB(2401, 0, 0)
0...1...2...3...4...5...6...7...8...9...10	Bounce #11 added RGB(1648, 0, 0)
0...1...2...3...4...5...6...7...8...9...10	Bounce #12 added RGB(1132, 0, 0)
0...1...2...3...4...5...6...7...8...9...10	Bounce #13 added RGB(778, 0, 0)
0...1...2...3...4...5...6...7...8...9...10	Bounce #14 added RGB(535, 0, 0)
0...1...2...3...4...5...6...7...8...9...10	Bounce #15 added RGB(367, 0, 0)
0...1...2...3...4...5...6...7...8...9...10	Bounce #16 added RGB(253, 0, 0)
0...1...2...3...4...5...6...7...8...9...10	Bounce #17 added RGB(174, 0, 0)
0...1...2...3...4...5...6...7...8...9...10	Bounce #18 added RGB(119, 0, 0)
0...1...2...3...4...5...6...7...8...9...10	Bounce #19 added RGB(82, 0, 0)
0...1...2...3...4...5...6...7...8...9...10	Bounce #20 added RGB(56, 0, 0)
0...1...2...3...4...5...6...7...8...9...10	Bounce #21 added RGB(39, 0, 0)
0...1...2...3...4...5...6...7...8...9...10	Bounce #22 added RGB(27, 0, 0)
0...1...2...3...4...5...6...7...8...9...10	Bounce #23 added RGB(18, 0, 0)
0...1...2...3...4...5...6...7...8...9...10	Bounce #24 added RGB(13, 0, 0)
0...1...2...3...4...5...6...7...8...9...10	Bounce #25 added RGB(9, 0, 0)
0...1...2...3...4...5...6...7...8...9...10	Bounce #26 added RGB(6, 0, 0)
0...1...2...3...4...5...6...7...8...9...10	Bounce #27 added RGB(4, 0, 0)
0...1...2...3...4...5...6...7...8...9...10	Bounce #28 added RGB(3, 0, 0)
0...1...2...3...4...5...6...7...8...9...10	Bounce #29 added RGB(2, 0, 0)
0...1...2...3...4...5...6...7...8...9...10	Bounce #30 added RGB(1, 0, 0)
0...1...2...3...4...5...6...7...8...9...10	Bounce #31 added RGB(1, 0, 0)
Build Patch/Sample Hash Table(s).....Done<0.0094 sec>
0...1...2...3...4...5...6...7...8...9...10FinalLightFace Done
0 of 0 (0% of) surface lights went in leaf ambient cubes.
0...1...2...3...4...5...6...7...8...9...10Writing leaf ambient...done
Computing static prop lighting : 00...1...2...3...4...5...6...7...8...9...10
Ready to Finish

Object names       Objects/Maxobjs  Memory / Maxmem  Fullness 
------------       ---------------  ---------------  -------- 
models                  10/4096          480/196608   ( 0.2%) 
brushes                 48/32768         576/393216   ( 0.1%) 
brushsides             288/65536        2304/524288   ( 0.4%) 
planes                 214/65536        4280/1310720  ( 0.3%) 
vertexes               522/65536        6264/786432   ( 0.8%) 
nodes                  119/65536        3808/2097152  ( 0.2%) 
texinfos                43/12288        3096/884736   ( 0.3%) 
texdata                  6/2048          192/65536    ( 0.3%) 
dispinfos                0/0               0/0        ( 0.0%) 
disp_verts               0/0               0/0        ( 0.0%) 
disp_tris                0/0               0/0        ( 0.0%) 
disp_lmsamples           0/0               0/0        ( 0.0%) 
faces                  393/65536       22008/3670016  ( 0.6%) 
hdr faces                0/65536           0/3670016  ( 0.0%) 
origfaces               88/65536        4928/3670016  ( 0.1%) 
leaves                 130/65536        4160/2097152  ( 0.2%) 
leaffaces              418/65536         836/131072   ( 0.6%) 
leafbrushes             77/65536         154/131072   ( 0.1%) 
areas                    2/1024           16/8192     ( 0.2%) 
surfedges             2076/512000       8304/2048000  ( 0.4%) 
edges                 1067/256000       4268/1024000  ( 0.4%) 
LDR worldlights         23/16384        2024/1441792  ( 0.1%) 
HDR worldlights          0/16384           0/1441792  ( 0.0%) 
leafwaterdata            0/32768           0/393216   ( 0.0%) 
waterstrips              4/131072         40/1310720  ( 0.0%) 
waterverts               0/131072          0/1572864  ( 0.0%) 
waterindices            90/131072        180/262144   ( 0.1%) 
cubemapsamples           0/1024            0/16384    ( 0.0%) 
overlays                 0/1024            0/360448   ( 0.0%) 
LDR lightdata         [variable]     1041220/0        ( 0.0%) 
HDR lightdata         [variable]           0/0        ( 0.0%) 
visdata               [variable]         340/16777216 ( 0.0%) 
entdata               [variable]       13133/393216   ( 3.3%) 
LDR ambient table      130/65536         520/262144   ( 0.2%) 
HDR ambient table      130/65536         520/262144   ( 0.2%) 
LDR leaf ambient       390/65536       10920/1835008  ( 0.6%) 
HDR leaf ambient       130/65536        3640/1835008  ( 0.2%) 
occluders                0/0               0/0        ( 0.0%) 
occluder polygons        0/0               0/0        ( 0.0%) 
occluder vert ind        0/0               0/0        ( 0.0%) 
detail props          [variable]           1/12       ( 8.3%) 
static props          [variable]           1/284      ( 0.4%) 
pakfile               [variable]       39481/0        ( 0.0%) 
physics               [variable]       23802/4194304  ( 0.6%) 
physics terrain       [variable]           2/1048576  ( 0.0%) 

Level flags = 1

Total triangle count: 938
Writing c:\program files (x86)\steam\steamapps\sourcemods\who\maps\list_02.bsp
3 seconds elapsed



[Reading texlights from 'lights.rad']
[48 texlights parsed from 'lights.rad']

Loading c:\program files (x86)\steam\steamapps\sourcemods\who\maps\list_02.bsp
393 faces
40944 square feet [5896041.50 square inches]
0 Displacements
0 Square Feet [0.00 Square Inches]
393 patches before subdivision
31211 patches after subdivision
23 direct lights
0...1...2...3...4...5...6...7...8...9...100...1...2...3...4...5...6...7...8...9...10transfers 3179581, max 428
transfer lists:  24.3 megs
0...1...2...3...4...5...6...7...8...9...10	Bounce #1 added RGB(101639, 30183, 1688)
0...1...2...3...4...5...6...7...8...9...10	Bounce #2 added RGB(86358, 7555, 8)
0...1...2...3...4...5...6...7...8...9...10	Bounce #3 added RGB(37640, 907, 0)
0...1...2...3...4...5...6...7...8...9...10	Bounce #4 added RGB(26271, 182, 0)
0...1...2...3...4...5...6...7...8...9...10	Bounce #5 added RGB(16267, 31, 0)
0...1...2...3...4...5...6...7...8...9...10	Bounce #6 added RGB(11107, 6, 0)
0...1...2...3...4...5...6...7...8...9...10	Bounce #7 added RGB(7468, 1, 0)
0...1...2...3...4...5...6...7...8...9...10	Bounce #8 added RGB(5114, 0, 0)
0...1...2...3...4...5...6...7...8...9...10	Bounce #9 added RGB(3498, 0, 0)
0...1...2...3...4...5...6...7...8...9...10	Bounce #10 added RGB(2401, 0, 0)
0...1...2...3...4...5...6...7...8...9...10	Bounce #11 added RGB(1648, 0, 0)
0...1...2...3...4...5...6...7...8...9...10	Bounce #12 added RGB(1132, 0, 0)
0...1...2...3...4...5...6...7...8...9...10	Bounce #13 added RGB(778, 0, 0)
0...1...2...3...4...5...6...7...8...9...10	Bounce #14 added RGB(535, 0, 0)
0...1...2...3...4...5...6...7...8...9...10	Bounce #15 added RGB(367, 0, 0)
0...1...2...3...4...5...6...7...8...9...10	Bounce #16 added RGB(253, 0, 0)
0...1...2...3...4...5...6...7...8...9...10	Bounce #17 added RGB(174, 0, 0)
0...1...2...3...4...5...6...7...8...9...10	Bounce #18 added RGB(119, 0, 0)
0...1...2...3...4...5...6...7...8...9...10	Bounce #19 added RGB(82, 0, 0)
0...1...2...3...4...5...6...7...8...9...10	Bounce #20 added RGB(56, 0, 0)
0...1...2...3...4...5...6...7...8...9...10	Bounce #21 added RGB(39, 0, 0)
0...1...2...3...4...5...6...7...8...9...10	Bounce #22 added RGB(27, 0, 0)
0...1...2...3...4...5...6...7...8...9...10	Bounce #23 added RGB(18, 0, 0)
0...1...2...3...4...5...6...7...8...9...10	Bounce #24 added RGB(13, 0, 0)
0...1...2...3...4...5...6...7...8...9...10	Bounce #25 added RGB(9, 0, 0)
0...1...2...3...4...5...6...7...8...9...10	Bounce #26 added RGB(6, 0, 0)
0...1...2...3...4...5...6...7...8...9...10	Bounce #27 added RGB(4, 0, 0)
0...1...2...3...4...5...6...7...8...9...10	Bounce #28 added RGB(3, 0, 0)
0...1...2...3...4...5...6...7...8...9...10	Bounce #29 added RGB(2, 0, 0)
0...1...2...3...4...5...6...7...8...9...10	Bounce #30 added RGB(1, 0, 0)
0...1...2...3...4...5...6...7...8...9...10	Bounce #31 added RGB(1, 0, 0)
Build Patch/Sample Hash Table(s).....Done<0.0080 sec>
0...1...2...3...4...5...6...7...8...9...10FinalLightFace Done
0 of 0 (0% of) surface lights went in leaf ambient cubes.
0...1...2...3...4...5...6...7...8...9...10Writing leaf ambient...done
Computing static prop lighting : 00...1...2...3...4...5...6...7...8...9...10
Ready to Finish

Object names       Objects/Maxobjs  Memory / Maxmem  Fullness 
------------       ---------------  ---------------  -------- 
models                  10/4096          480/196608   ( 0.2%) 
brushes                 48/32768         576/393216   ( 0.1%) 
brushsides             288/65536        2304/524288   ( 0.4%) 
planes                 214/65536        4280/1310720  ( 0.3%) 
vertexes               522/65536        6264/786432   ( 0.8%) 
nodes                  119/65536        3808/2097152  ( 0.2%) 
texinfos                43/12288        3096/884736   ( 0.3%) 
texdata                  6/2048          192/65536    ( 0.3%) 
dispinfos                0/0               0/0        ( 0.0%) 
disp_verts               0/0               0/0        ( 0.0%) 
disp_tris                0/0               0/0        ( 0.0%) 
disp_lmsamples           0/0               0/0        ( 0.0%) 
faces                  393/65536       22008/3670016  ( 0.6%) 
hdr faces              393/65536       22008/3670016  ( 0.6%) 
origfaces               88/65536        4928/3670016  ( 0.1%) 
leaves                 130/65536        4160/2097152  ( 0.2%) 
leaffaces              418/65536         836/131072   ( 0.6%) 
leafbrushes             77/65536         154/131072   ( 0.1%) 
areas                    2/1024           16/8192     ( 0.2%) 
surfedges             2076/512000       8304/2048000  ( 0.4%) 
edges                 1067/256000       4268/1024000  ( 0.4%) 
LDR worldlights         23/16384        2024/1441792  ( 0.1%) 
HDR worldlights         23/16384        2024/1441792  ( 0.1%) 
leafwaterdata            0/32768           0/393216   ( 0.0%) 
waterstrips              4/131072         40/1310720  ( 0.0%) 
waterverts               0/131072          0/1572864  ( 0.0%) 
waterindices            90/131072        180/262144   ( 0.1%) 
cubemapsamples           0/1024            0/16384    ( 0.0%) 
overlays                 0/1024            0/360448   ( 0.0%) 
LDR lightdata         [variable]     1041220/0        ( 0.0%) 
HDR lightdata         [variable]     1041220/0        ( 0.0%) 
visdata               [variable]         340/16777216 ( 0.0%) 
entdata               [variable]       13133/393216   ( 3.3%) 
LDR ambient table      130/65536         520/262144   ( 0.2%) 
HDR ambient table      130/65536         520/262144   ( 0.2%) 
LDR leaf ambient       390/65536       10920/1835008  ( 0.6%) 
HDR leaf ambient       390/65536       10920/1835008  ( 0.6%) 
occluders                0/0               0/0        ( 0.0%) 
occluder polygons        0/0               0/0        ( 0.0%) 
occluder vert ind        0/0               0/0        ( 0.0%) 
detail props          [variable]           1/12       ( 8.3%) 
static props          [variable]           1/284      ( 0.4%) 
pakfile               [variable]       78593/0        ( 0.0%) 
physics               [variable]       23802/4194304  ( 0.6%) 
physics terrain       [variable]           2/1048576  ( 0.0%) 

Level flags = 3

Total triangle count: 938
Writing c:\program files (x86)\steam\steamapps\sourcemods\who\maps\list_02.bsp
3 seconds elapsed



materialPath: C:\Program Files (x86)\Steam\steamapps\sourcemods\who\materials
Loading c:\program files (x86)\steam\steamapps\sourcemods\who\maps\list_02.vmf
Patching WVT material: maps/list_02/dev/dev_blendmeasure_wvt_patch
fixing up env_cubemap materials on brush sides...
0...1...2...3...4...5...6...7...8...9...100...1...2...3...4...5...6...7...8...9...10Processing areas...done (0)
Building Faces...done (0)
Chop Details...done (0)
Find Visible Detail Sides...done (0)
Merging details...done (0)
FixTjuncs...
PruneNodes...
WriteBSP...
done (0)
writing c:\program files (x86)\steam\steamapps\sourcemods\who\maps\list_02.prt...Building visibility clusters...
done (0)
Finding displacement neighbors...
Finding lightmap sample positions...
Displacement Alpha : 0...1...2...3...4...5...6...7...8...9...10
Building Physics collision data...
done (0) (23802 bytes)
Placing static props...
Placing detail props : 0...1...2...3...4...5...6...7...8...9...10
Compacting texture/material tables...
Reduced 93 texinfos to 43
Reduced 8 texdatas to 6 (198 bytes to 133)
Writing c:\program files (x86)\steam\steamapps\sourcemods\who\maps\list_02.bsp
0 seconds elapsed



4 threads
reading c:\program files (x86)\steam\steamapps\sourcemods\who\maps\list_02.bsp
reading c:\program files (x86)\steam\steamapps\sourcemods\who\maps\list_02.prt
  24 portalclusters
  46 numportals
0...1...2...3...4...5...6...7...8...9...100...1...2...3...4...5...6...7...8...9...10Optimized: 0 visible clusters (0.00%)
Total clusters visible: 522
Average clusters visible: 21
Building PAS...
Average clusters audible: 24
visdatasize:340  compressed from 384
writing c:\program files (x86)\steam\steamapps\sourcemods\who\maps\list_02.bsp
0 seconds elapsed



[Reading texlights from 'lights.rad']
[48 texlights parsed from 'lights.rad']

Loading c:\program files (x86)\steam\steamapps\sourcemods\who\maps\list_02.bsp
393 faces
40944 square feet [5896041.50 square inches]
0 Displacements
0 Square Feet [0.00 Square Inches]
393 patches before subdivision
31211 patches after subdivision
23 direct lights
0...1...2...3...4...5...6...7...8...9...100...1...2...3...4...5...6...7...8...9...10transfers 3179581, max 428
transfer lists:  24.3 megs
0...1...2...3...4...5...6...7...8...9...10	Bounce #1 added RGB(101639, 30183, 1688)
0...1...2...3...4...5...6...7...8...9...10	Bounce #2 added RGB(86358, 7555, 8)
0...1...2...3...4...5...6...7...8...9...10	Bounce #3 added RGB(37640, 907, 0)
0...1...2...3...4...5...6...7...8...9...10	Bounce #4 added RGB(26271, 182, 0)
0...1...2...3...4...5...6...7...8...9...10	Bounce #5 added RGB(16267, 31, 0)
0...1...2...3...4...5...6...7...8...9...10	Bounce #6 added RGB(11106, 6, 0)
0...1...2...3...4...5...6...7...8...9...10	Bounce #7 added RGB(7468, 1, 0)
0...1...2...3...4...5...6...7...8...9...10	Bounce #8 added RGB(5114, 0, 0)
0...1...2...3...4...5...6...7...8...9...10	Bounce #9 added RGB(3498, 0, 0)
0...1...2...3...4...5...6...7...8...9...10	Bounce #10 added RGB(2401, 0, 0)
0...1...2...3...4...5...6...7...8...9...10	Bounce #11 added RGB(1648, 0, 0)
0...1...2...3...4...5...6...7...8...9...10	Bounce #12 added RGB(1132, 0, 0)
0...1...2...3...4...5...6...7...8...9...10	Bounce #13 added RGB(778, 0, 0)
0...1...2...3...4...5...6...7...8...9...10	Bounce #14 added RGB(535, 0, 0)
0...1...2...3...4...5...6...7...8...9...10	Bounce #15 added RGB(367, 0, 0)
0...1...2...3...4...5...6...7...8...9...10	Bounce #16 added RGB(253, 0, 0)
0...1...2...3...4...5...6...7...8...9...10	Bounce #17 added RGB(174, 0, 0)
0...1...2...3...4...5...6...7...8...9...10	Bounce #18 added RGB(119, 0, 0)
0...1...2...3...4...5...6...7...8...9...10	Bounce #19 added RGB(82, 0, 0)
0...1...2...3...4...5...6...7...8...9...10	Bounce #20 added RGB(56, 0, 0)
0...1...2...3...4...5...6...7...8...9...10	Bounce #21 added RGB(39, 0, 0)
0...1...2...3...4...5...6...7...8...9...10	Bounce #22 added RGB(27, 0, 0)
0...1...2...3...4...5...6...7...8...9...10	Bounce #23 added RGB(18, 0, 0)
0...1...2...3...4...5...6...7...8...9...10	Bounce #24 added RGB(13, 0, 0)
0...1...2...3...4...5...6...7...8...9...10	Bounce #25 added RGB(9, 0, 0)
0...1...2...3...4...5...6...7...8...9...10	Bounce #26 added RGB(6, 0, 0)
0...1...2...3...4...5...6...7...8...9...10	Bounce #27 added RGB(4, 0, 0)
0...1...2...3...4...5...6...7...8...9...10	Bounce #28 added RGB(3, 0, 0)
0...1...2...3...4...5...6...7...8...9...10	Bounce #29 added RGB(2, 0, 0)
0...1...2...3...4...5...6...7...8...9...10	Bounce #30 added RGB(1, 0, 0)
0...1...2...3...4...5...6...7...8...9...10	Bounce #31 added RGB(1, 0, 0)
Build Patch/Sample Hash Table(s).....Done<0.0081 sec>
0...1...2...3...4...5...6...7...8...9...10FinalLightFace Done
0 of 0 (0% of) surface lights went in leaf ambient cubes.
0...1...2...3...4...5...6...7...8...9...10Writing leaf ambient...done
Computing static prop lighting : 00...1...2...3...4...5...6...7...8...9...10
Ready to Finish

Object names       Objects/Maxobjs  Memory / Maxmem  Fullness 
------------       ---------------  ---------------  -------- 
models                  10/4096          480/196608   ( 0.2%) 
brushes                 48/32768         576/393216   ( 0.1%) 
brushsides             288/65536        2304/524288   ( 0.4%) 
planes                 214/65536        4280/1310720  ( 0.3%) 
vertexes               522/65536        6264/786432   ( 0.8%) 
nodes                  119/65536        3808/2097152  ( 0.2%) 
texinfos                43/12288        3096/884736   ( 0.3%) 
texdata                  6/2048          192/65536    ( 0.3%) 
dispinfos                0/0               0/0        ( 0.0%) 
disp_verts               0/0               0/0        ( 0.0%) 
disp_tris                0/0               0/0        ( 0.0%) 
disp_lmsamples           0/0               0/0        ( 0.0%) 
faces                  393/65536       22008/3670016  ( 0.6%) 
hdr faces                0/65536           0/3670016  ( 0.0%) 
origfaces               88/65536        4928/3670016  ( 0.1%) 
leaves                 130/65536        4160/2097152  ( 0.2%) 
leaffaces              418/65536         836/131072   ( 0.6%) 
leafbrushes             77/65536         154/131072   ( 0.1%) 
areas                    2/1024           16/8192     ( 0.2%) 
surfedges             2076/512000       8304/2048000  ( 0.4%) 
edges                 1067/256000       4268/1024000  ( 0.4%) 
LDR worldlights         23/16384        2024/1441792  ( 0.1%) 
HDR worldlights          0/16384           0/1441792  ( 0.0%) 
leafwaterdata            0/32768           0/393216   ( 0.0%) 
waterstrips              4/131072         40/1310720  ( 0.0%) 
waterverts               0/131072          0/1572864  ( 0.0%) 
waterindices            90/131072        180/262144   ( 0.1%) 
cubemapsamples           0/1024            0/16384    ( 0.0%) 
overlays                 0/1024            0/360448   ( 0.0%) 
LDR lightdata         [variable]     1041220/0        ( 0.0%) 
HDR lightdata         [variable]           0/0        ( 0.0%) 
visdata               [variable]         340/16777216 ( 0.0%) 
entdata               [variable]       13172/393216   ( 3.3%) 
LDR ambient table      130/65536         520/262144   ( 0.2%) 
HDR ambient table      130/65536         520/262144   ( 0.2%) 
LDR leaf ambient       390/65536       10920/1835008  ( 0.6%) 
HDR leaf ambient       130/65536        3640/1835008  ( 0.2%) 
occluders                0/0               0/0        ( 0.0%) 
occluder polygons        0/0               0/0        ( 0.0%) 
occluder vert ind        0/0               0/0        ( 0.0%) 
detail props          [variable]           1/12       ( 8.3%) 
static props          [variable]           1/284      ( 0.4%) 
pakfile               [variable]       39481/0        ( 0.0%) 
physics               [variable]       23802/4194304  ( 0.6%) 
physics terrain       [variable]           2/1048576  ( 0.0%) 

Level flags = 1

Total triangle count: 938
Writing c:\program files (x86)\steam\steamapps\sourcemods\who\maps\list_02.bsp
3 seconds elapsed



[Reading texlights from 'lights.rad']
[48 texlights parsed from 'lights.rad']

Loading c:\program files (x86)\steam\steamapps\sourcemods\who\maps\list_02.bsp
393 faces
40944 square feet [5896041.50 square inches]
0 Displacements
0 Square Feet [0.00 Square Inches]
393 patches before subdivision
31211 patches after subdivision
23 direct lights
0...1...2...3...4...5...6...7...8...9...100...1...2...3...4...5...6...7...8...9...10transfers 3179581, max 428
transfer lists:  24.3 megs
0...1...2...3...4...5...6...7...8...9...10	Bounce #1 added RGB(101639, 30183, 1688)
0...1...2...3...4...5...6...7...8...9...10	Bounce #2 added RGB(86359, 7555, 8)
0...1...2...3...4...5...6...7...8...9...10	Bounce #3 added RGB(37641, 907, 0)
0...1...2...3...4...5...6...7...8...9...10	Bounce #4 added RGB(26271, 182, 0)
0...1...2...3...4...5...6...7...8...9...10	Bounce #5 added RGB(16267, 31, 0)
0...1...2...3...4...5...6...7...8...9...10	Bounce #6 added RGB(11107, 6, 0)
0...1...2...3...4...5...6...7...8...9...10	Bounce #7 added RGB(7468, 1, 0)
0...1...2...3...4...5...6...7...8...9...10	Bounce #8 added RGB(5114, 0, 0)
0...1...2...3...4...5...6...7...8...9...10	Bounce #9 added RGB(3498, 0, 0)
0...1...2...3...4...5...6...7...8...9...10	Bounce #10 added RGB(2401, 0, 0)
0...1...2...3...4...5...6...7...8...9...10	Bounce #11 added RGB(1648, 0, 0)
0...1...2...3...4...5...6...7...8...9...10	Bounce #12 added RGB(1132, 0, 0)
0...1...2...3...4...5...6...7...8...9...10	Bounce #13 added RGB(778, 0, 0)
0...1...2...3...4...5...6...7...8...9...10	Bounce #14 added RGB(535, 0, 0)
0...1...2...3...4...5...6...7...8...9...10	Bounce #15 added RGB(367, 0, 0)
0...1...2...3...4...5...6...7...8...9...10	Bounce #16 added RGB(253, 0, 0)
0...1...2...3...4...5...6...7...8...9...10	Bounce #17 added RGB(174, 0, 0)
0...1...2...3...4...5...6...7...8...9...10	Bounce #18 added RGB(119, 0, 0)
0...1...2...3...4...5...6...7...8...9...10	Bounce #19 added RGB(82, 0, 0)
0...1...2...3...4...5...6...7...8...9...10	Bounce #20 added RGB(56, 0, 0)
0...1...2...3...4...5...6...7...8...9...10	Bounce #21 added RGB(39, 0, 0)
0...1...2...3...4...5...6...7...8...9...10	Bounce #22 added RGB(27, 0, 0)
0...1...2...3...4...5...6...7...8...9...10	Bounce #23 added RGB(18, 0, 0)
0...1...2...3...4...5...6...7...8...9...10	Bounce #24 added RGB(13, 0, 0)
0...1...2...3...4...5...6...7...8...9...10	Bounce #25 added RGB(9, 0, 0)
0...1...2...3...4...5...6...7...8...9...10	Bounce #26 added RGB(6, 0, 0)
0...1...2...3...4...5...6...7...8...9...10	Bounce #27 added RGB(4, 0, 0)
0...1...2...3...4...5...6...7...8...9...10	Bounce #28 added RGB(3, 0, 0)
0...1...2...3...4...5...6...7...8...9...10	Bounce #29 added RGB(2, 0, 0)
0...1...2...3...4...5...6...7...8...9...10	Bounce #30 added RGB(1, 0, 0)
0...1...2...3...4...5...6...7...8...9...10	Bounce #31 added RGB(1, 0, 0)
Build Patch/Sample Hash Table(s).....Done<0.0093 sec>
0...1...2...3...4...5...6...7...8...9...10FinalLightFace Done
0 of 0 (0% of) surface lights went in leaf ambient cubes.
0...1...2...3...4...5...6...7...8...9...10Writing leaf ambient...done
Computing static prop lighting : 00...1...2...3...4...5...6...7...8...9...10
Ready to Finish

Object names       Objects/Maxobjs  Memory / Maxmem  Fullness 
------------       ---------------  ---------------  -------- 
models                  10/4096          480/196608   ( 0.2%) 
brushes                 48/32768         576/393216   ( 0.1%) 
brushsides             288/65536        2304/524288   ( 0.4%) 
planes                 214/65536        4280/1310720  ( 0.3%) 
vertexes               522/65536        6264/786432   ( 0.8%) 
nodes                  119/65536        3808/2097152  ( 0.2%) 
texinfos                43/12288        3096/884736   ( 0.3%) 
texdata                  6/2048          192/65536    ( 0.3%) 
dispinfos                0/0               0/0        ( 0.0%) 
disp_verts               0/0               0/0        ( 0.0%) 
disp_tris                0/0               0/0        ( 0.0%) 
disp_lmsamples           0/0               0/0        ( 0.0%) 
faces                  393/65536       22008/3670016  ( 0.6%) 
hdr faces              393/65536       22008/3670016  ( 0.6%) 
origfaces               88/65536        4928/3670016  ( 0.1%) 
leaves                 130/65536        4160/2097152  ( 0.2%) 
leaffaces              418/65536         836/131072   ( 0.6%) 
leafbrushes             77/65536         154/131072   ( 0.1%) 
areas                    2/1024           16/8192     ( 0.2%) 
surfedges             2076/512000       8304/2048000  ( 0.4%) 
edges                 1067/256000       4268/1024000  ( 0.4%) 
LDR worldlights         23/16384        2024/1441792  ( 0.1%) 
HDR worldlights         23/16384        2024/1441792  ( 0.1%) 
leafwaterdata            0/32768           0/393216   ( 0.0%) 
waterstrips              4/131072         40/1310720  ( 0.0%) 
waterverts               0/131072          0/1572864  ( 0.0%) 
waterindices            90/131072        180/262144   ( 0.1%) 
cubemapsamples           0/1024            0/16384    ( 0.0%) 
overlays                 0/1024            0/360448   ( 0.0%) 
LDR lightdata         [variable]     1041220/0        ( 0.0%) 
HDR lightdata         [variable]     1041220/0        ( 0.0%) 
visdata               [variable]         340/16777216 ( 0.0%) 
entdata               [variable]       13172/393216   ( 3.3%) 
LDR ambient table      130/65536         520/262144   ( 0.2%) 
HDR ambient table      130/65536         520/262144   ( 0.2%) 
LDR leaf ambient       390/65536       10920/1835008  ( 0.6%) 
HDR leaf ambient       390/65536       10920/1835008  ( 0.6%) 
occluders                0/0               0/0        ( 0.0%) 
occluder polygons        0/0               0/0        ( 0.0%) 
occluder vert ind        0/0               0/0        ( 0.0%) 
detail props          [variable]           1/12       ( 8.3%) 
static props          [variable]           1/284      ( 0.4%) 
pakfile               [variable]       78593/0        ( 0.0%) 
physics               [variable]       23802/4194304  ( 0.6%) 
physics terrain       [variable]           2/1048576  ( 0.0%) 

Level flags = 3

Total triangle count: 938
Writing c:\program files (x86)\steam\steamapps\sourcemods\who\maps\list_02.bsp
3 seconds elapsed



materialPath: C:\Program Files (x86)\Steam\steamapps\sourcemods\who\materials
Loading c:\program files (x86)\steam\steamapps\sourcemods\who\maps\list_02.vmf
Patching WVT material: maps/list_02/dev/dev_blendmeasure_wvt_patch
fixing up env_cubemap materials on brush sides...
0...1...2...3...4...5...6...7...8...9...100...1...2...3...4...5...6...7...8...9...10Processing areas...done (0)
Building Faces...done (0)
Chop Details...done (0)
Find Visible Detail Sides...done (0)
Merging details...done (0)
FixTjuncs...
PruneNodes...
WriteBSP...
done (0)
writing c:\program files (x86)\steam\steamapps\sourcemods\who\maps\list_02.prt...Building visibility clusters...
done (0)
Finding displacement neighbors...
Finding lightmap sample positions...
Displacement Alpha : 0...1...2...3...4...5...6...7...8...9...10
Building Physics collision data...
done (0) (23802 bytes)
Placing static props...
Placing detail props : 0...1...2...3...4...5...6...7...8...9...10
Compacting texture/material tables...
Reduced 93 texinfos to 43
Reduced 8 texdatas to 6 (198 bytes to 133)
Writing c:\program files (x86)\steam\steamapps\sourcemods\who\maps\list_02.bsp
0 seconds elapsed



4 threads
reading c:\program files (x86)\steam\steamapps\sourcemods\who\maps\list_02.bsp
reading c:\program files (x86)\steam\steamapps\sourcemods\who\maps\list_02.prt
  24 portalclusters
  46 numportals
0...1...2...3...4...5...6...7...8...9...100...1...2...3...4...5...6...7...8...9...10Optimized: 0 visible clusters (0.00%)
Total clusters visible: 522
Average clusters visible: 21
Building PAS...
Average clusters audible: 24
visdatasize:340  compressed from 384
writing c:\program files (x86)\steam\steamapps\sourcemods\who\maps\list_02.bsp
0 seconds elapsed



[Reading texlights from 'lights.rad']
[48 texlights parsed from 'lights.rad']

Loading c:\program files (x86)\steam\steamapps\sourcemods\who\maps\list_02.bsp
393 faces
40944 square feet [5896041.50 square inches]
0 Displacements
0 Square Feet [0.00 Square Inches]
393 patches before subdivision
31211 patches after subdivision
23 direct lights
0...1...2...3...4...5...6...7...8...9...100...1...2...3...4...5...6...7...8...9...10transfers 3179581, max 428
transfer lists:  24.3 megs
0...1...2...3...4...5...6...7...8...9...10	Bounce #1 added RGB(101639, 30183, 1688)
0...1...2...3...4...5...6...7...8...9...10	Bounce #2 added RGB(86358, 7555, 8)
0...1...2...3...4...5...6...7...8...9...10	Bounce #3 added RGB(37640, 907, 0)
0...1...2...3...4...5...6...7...8...9...10	Bounce #4 added RGB(26271, 182, 0)
0...1...2...3...4...5...6...7...8...9...10	Bounce #5 added RGB(16267, 31, 0)
0...1...2...3...4...5...6...7...8...9...10	Bounce #6 added RGB(11107, 6, 0)
0...1...2...3...4...5...6...7...8...9...10	Bounce #7 added RGB(7468, 1, 0)
0...1...2...3...4...5...6...7...8...9...10	Bounce #8 added RGB(5114, 0, 0)
0...1...2...3...4...5...6...7...8...9...10	Bounce #9 added RGB(3498, 0, 0)
0...1...2...3...4...5...6...7...8...9...10	Bounce #10 added RGB(2401, 0, 0)
0...1...2...3...4...5...6...7...8...9...10	Bounce #11 added RGB(1648, 0, 0)
0...1...2...3...4...5...6...7...8...9...10	Bounce #12 added RGB(1132, 0, 0)
0...1...2...3...4...5...6...7...8...9...10	Bounce #13 added RGB(778, 0, 0)
0...1...2...3...4...5...6...7...8...9...10	Bounce #14 added RGB(535, 0, 0)
0...1...2...3...4...5...6...7...8...9...10	Bounce #15 added RGB(367, 0, 0)
0...1...2...3...4...5...6...7...8...9...10	Bounce #16 added RGB(253, 0, 0)
0...1...2...3...4...5...6...7...8...9...10	Bounce #17 added RGB(174, 0, 0)
0...1...2...3...4...5...6...7...8...9...10	Bounce #18 added RGB(119, 0, 0)
0...1...2...3...4...5...6...7...8...9...10	Bounce #19 added RGB(82, 0, 0)
0...1...2...3...4...5...6...7...8...9...10	Bounce #20 added RGB(56, 0, 0)
0...1...2...3...4...5...6...7...8...9...10	Bounce #21 added RGB(39, 0, 0)
0...1...2...3...4...5...6...7...8...9...10	Bounce #22 added RGB(27, 0, 0)
0...1...2...3...4...5...6...7...8...9...10	Bounce #23 added RGB(18, 0, 0)
0...1...2...3...4...5...6...7...8...9...10	Bounce #24 added RGB(13, 0, 0)
0...1...2...3...4...5...6...7...8...9...10	Bounce #25 added RGB(9, 0, 0)
0...1...2...3...4...5...6...7...8...9...10	Bounce #26 added RGB(6, 0, 0)
0...1...2...3...4...5...6...7...8...9...10	Bounce #27 added RGB(4, 0, 0)
0...1...2...3...4...5...6...7...8...9...10	Bounce #28 added RGB(3, 0, 0)
0...1...2...3...4...5...6...7...8...9...10	Bounce #29 added RGB(2, 0, 0)
0...1...2...3...4...5...6...7...8...9...10	Bounce #30 added RGB(1, 0, 0)
0...1...2...3...4...5...6...7...8...9...10	Bounce #31 added RGB(1, 0, 0)
Build Patch/Sample Hash Table(s).....Done<0.0096 sec>
0...1...2...3...4...5...6...7...8...9...10FinalLightFace Done
0 of 0 (0% of) surface lights went in leaf ambient cubes.
0...1...2...3...4...5...6...7...8...9...10Writing leaf ambient...done
Computing static prop lighting : 00...1...2...3...4...5...6...7...8...9...10
Ready to Finish

Object names       Objects/Maxobjs  Memory / Maxmem  Fullness 
------------       ---------------  ---------------  -------- 
models                  10/4096          480/196608   ( 0.2%) 
brushes                 48/32768         576/393216   ( 0.1%) 
brushsides             288/65536        2304/524288   ( 0.4%) 
planes                 214/65536        4280/1310720  ( 0.3%) 
vertexes               522/65536        6264/786432   ( 0.8%) 
nodes                  119/65536        3808/2097152  ( 0.2%) 
texinfos                43/12288        3096/884736   ( 0.3%) 
texdata                  6/2048          192/65536    ( 0.3%) 
dispinfos                0/0               0/0        ( 0.0%) 
disp_verts               0/0               0/0        ( 0.0%) 
disp_tris                0/0               0/0        ( 0.0%) 
disp_lmsamples           0/0               0/0        ( 0.0%) 
faces                  393/65536       22008/3670016  ( 0.6%) 
hdr faces                0/65536           0/3670016  ( 0.0%) 
origfaces               88/65536        4928/3670016  ( 0.1%) 
leaves                 130/65536        4160/2097152  ( 0.2%) 
leaffaces              418/65536         836/131072   ( 0.6%) 
leafbrushes             77/65536         154/131072   ( 0.1%) 
areas                    2/1024           16/8192     ( 0.2%) 
surfedges             2076/512000       8304/2048000  ( 0.4%) 
edges                 1067/256000       4268/1024000  ( 0.4%) 
LDR worldlights         23/16384        2024/1441792  ( 0.1%) 
HDR worldlights          0/16384           0/1441792  ( 0.0%) 
leafwaterdata            0/32768           0/393216   ( 0.0%) 
waterstrips              4/131072         40/1310720  ( 0.0%) 
waterverts               0/131072          0/1572864  ( 0.0%) 
waterindices            90/131072        180/262144   ( 0.1%) 
cubemapsamples           0/1024            0/16384    ( 0.0%) 
overlays                 0/1024            0/360448   ( 0.0%) 
LDR lightdata         [variable]     1041220/0        ( 0.0%) 
HDR lightdata         [variable]           0/0        ( 0.0%) 
visdata               [variable]         340/16777216 ( 0.0%) 
entdata               [variable]       13478/393216   ( 3.4%) 
LDR ambient table      130/65536         520/262144   ( 0.2%) 
HDR ambient table      130/65536         520/262144   ( 0.2%) 
LDR leaf ambient       390/65536       10920/1835008  ( 0.6%) 
HDR leaf ambient       130/65536        3640/1835008  ( 0.2%) 
occluders                0/0               0/0        ( 0.0%) 
occluder polygons        0/0               0/0        ( 0.0%) 
occluder vert ind        0/0               0/0        ( 0.0%) 
detail props          [variable]           1/12       ( 8.3%) 
static props          [variable]           1/284      ( 0.4%) 
pakfile               [variable]       39481/0        ( 0.0%) 
physics               [variable]       23802/4194304  ( 0.6%) 
physics terrain       [variable]           2/1048576  ( 0.0%) 

Level flags = 1

Total triangle count: 938
Writing c:\program files (x86)\steam\steamapps\sourcemods\who\maps\list_02.bsp
3 seconds elapsed



[Reading texlights from 'lights.rad']
[48 texlights parsed from 'lights.rad']

Loading c:\program files (x86)\steam\steamapps\sourcemods\who\maps\list_02.bsp
393 faces
40944 square feet [5896041.50 square inches]
0 Displacements
0 Square Feet [0.00 Square Inches]
393 patches before subdivision
31211 patches after subdivision
23 direct lights
0...1...2...3...4...5...6...7...8...9...100...1...2...3...4...5...6...7...8...9...10transfers 3179581, max 428
transfer lists:  24.3 megs
0...1...2...3...4...5...6...7...8...9...10	Bounce #1 added RGB(101639, 30183, 1688)
0...1...2...3...4...5...6...7...8...9...10	Bounce #2 added RGB(86358, 7555, 8)
0...1...2...3...4...5...6...7...8...9...10	Bounce #3 added RGB(37640, 907, 0)
0...1...2...3...4...5...6...7...8...9...10	Bounce #4 added RGB(26271, 182, 0)
0...1...2...3...4...5...6...7...8...9...10	Bounce #5 added RGB(16267, 31, 0)
0...1...2...3...4...5...6...7...8...9...10	Bounce #6 added RGB(11107, 6, 0)
0...1...2...3...4...5...6...7...8...9...10	Bounce #7 added RGB(7468, 1, 0)
0...1...2...3...4...5...6...7...8...9...10	Bounce #8 added RGB(5114, 0, 0)
0...1...2...3...4...5...6...7...8...9...10	Bounce #9 added RGB(3498, 0, 0)
0...1...2...3...4...5...6...7...8...9...10	Bounce #10 added RGB(2401, 0, 0)
0...1...2...3...4...5...6...7...8...9...10	Bounce #11 added RGB(1648, 0, 0)
0...1...2...3...4...5...6...7...8...9...10	Bounce #12 added RGB(1132, 0, 0)
0...1...2...3...4...5...6...7...8...9...10	Bounce #13 added RGB(778, 0, 0)
0...1...2...3...4...5...6...7...8...9...10	Bounce #14 added RGB(535, 0, 0)
0...1...2...3...4...5...6...7...8...9...10	Bounce #15 added RGB(367, 0, 0)
0...1...2...3...4...5...6...7...8...9...10	Bounce #16 added RGB(253, 0, 0)
0...1...2...3...4...5...6...7...8...9...10	Bounce #17 added RGB(174, 0, 0)
0...1...2...3...4...5...6...7...8...9...10	Bounce #18 added RGB(119, 0, 0)
0...1...2...3...4...5...6...7...8...9...10	Bounce #19 added RGB(82, 0, 0)
0...1...2...3...4...5...6...7...8...9...10	Bounce #20 added RGB(56, 0, 0)
0...1...2...3...4...5...6...7...8...9...10	Bounce #21 added RGB(39, 0, 0)
0...1...2...3...4...5...6...7...8...9...10	Bounce #22 added RGB(27, 0, 0)
0...1...2...3...4...5...6...7...8...9...10	Bounce #23 added RGB(18, 0, 0)
0...1...2...3...4...5...6...7...8...9...10	Bounce #24 added RGB(13, 0, 0)
0...1...2...3...4...5...6...7...8...9...10	Bounce #25 added RGB(9, 0, 0)
0...1...2...3...4...5...6...7...8...9...10	Bounce #26 added RGB(6, 0, 0)
0...1...2...3...4...5...6...7...8...9...10	Bounce #27 added RGB(4, 0, 0)
0...1...2...3...4...5...6...7...8...9...10	Bounce #28 added RGB(3, 0, 0)
0...1...2...3...4...5...6...7...8...9...10	Bounce #29 added RGB(2, 0, 0)
0...1...2...3...4...5...6...7...8...9...10	Bounce #30 added RGB(1, 0, 0)
0...1...2...3...4...5...6...7...8...9...10	Bounce #31 added RGB(1, 0, 0)
Build Patch/Sample Hash Table(s).....Done<0.0079 sec>
0...1...2...3...4...5...6...7...8...9...10FinalLightFace Done
0 of 0 (0% of) surface lights went in leaf ambient cubes.
0...1...2...3...4...5...6...7...8...9...10Writing leaf ambient...done
Computing static prop lighting : 00...1...2...3...4...5...6...7...8...9...10
Ready to Finish

Object names       Objects/Maxobjs  Memory / Maxmem  Fullness 
------------       ---------------  ---------------  -------- 
models                  10/4096          480/196608   ( 0.2%) 
brushes                 48/32768         576/393216   ( 0.1%) 
brushsides             288/65536        2304/524288   ( 0.4%) 
planes                 214/65536        4280/1310720  ( 0.3%) 
vertexes               522/65536        6264/786432   ( 0.8%) 
nodes                  119/65536        3808/2097152  ( 0.2%) 
texinfos                43/12288        3096/884736   ( 0.3%) 
texdata                  6/2048          192/65536    ( 0.3%) 
dispinfos                0/0               0/0        ( 0.0%) 
disp_verts               0/0               0/0        ( 0.0%) 
disp_tris                0/0               0/0        ( 0.0%) 
disp_lmsamples           0/0               0/0        ( 0.0%) 
faces                  393/65536       22008/3670016  ( 0.6%) 
hdr faces              393/65536       22008/3670016  ( 0.6%) 
origfaces               88/65536        4928/3670016  ( 0.1%) 
leaves                 130/65536        4160/2097152  ( 0.2%) 
leaffaces              418/65536         836/131072   ( 0.6%) 
leafbrushes             77/65536         154/131072   ( 0.1%) 
areas                    2/1024           16/8192     ( 0.2%) 
surfedges             2076/512000       8304/2048000  ( 0.4%) 
edges                 1067/256000       4268/1024000  ( 0.4%) 
LDR worldlights         23/16384        2024/1441792  ( 0.1%) 
HDR worldlights         23/16384        2024/1441792  ( 0.1%) 
leafwaterdata            0/32768           0/393216   ( 0.0%) 
waterstrips              4/131072         40/1310720  ( 0.0%) 
waterverts               0/131072          0/1572864  ( 0.0%) 
waterindices            90/131072        180/262144   ( 0.1%) 
cubemapsamples           0/1024            0/16384    ( 0.0%) 
overlays                 0/1024            0/360448   ( 0.0%) 
LDR lightdata         [variable]     1041220/0        ( 0.0%) 
HDR lightdata         [variable]     1041220/0        ( 0.0%) 
visdata               [variable]         340/16777216 ( 0.0%) 
entdata               [variable]       13478/393216   ( 3.4%) 
LDR ambient table      130/65536         520/262144   ( 0.2%) 
HDR ambient table      130/65536         520/262144   ( 0.2%) 
LDR leaf ambient       390/65536       10920/1835008  ( 0.6%) 
HDR leaf ambient       390/65536       10920/1835008  ( 0.6%) 
occluders                0/0               0/0        ( 0.0%) 
occluder polygons        0/0               0/0        ( 0.0%) 
occluder vert ind        0/0               0/0        ( 0.0%) 
detail props          [variable]           1/12       ( 8.3%) 
static props          [variable]           1/284      ( 0.4%) 
pakfile               [variable]       78593/0        ( 0.0%) 
physics               [variable]       23802/4194304  ( 0.6%) 
physics terrain       [variable]           2/1048576  ( 0.0%) 

Level flags = 3

Total triangle count: 938
Writing c:\program files (x86)\steam\steamapps\sourcemods\who\maps\list_02.bsp
3 seconds elapsed



materialPath: C:\Program Files (x86)\Steam\steamapps\sourcemods\who\materials
Loading c:\program files (x86)\steam\steamapps\sourcemods\who\maps\list_02.vmf
Patching WVT material: maps/list_02/dev/dev_blendmeasure_wvt_patch
fixing up env_cubemap materials on brush sides...
0...1...2...3...4...5...6...7...8...9...100...1...2...3...4...5...6...7...8...9...10Processing areas...done (0)
Building Faces...done (0)
Chop Details...done (0)
Find Visible Detail Sides...done (0)
Merging details...done (0)
FixTjuncs...
PruneNodes...
WriteBSP...
done (0)
writing c:\program files (x86)\steam\steamapps\sourcemods\who\maps\list_02.prt...Building visibility clusters...
done (0)
Finding displacement neighbors...
Finding lightmap sample positions...
Displacement Alpha : 0...1...2...3...4...5...6...7...8...9...10
Building Physics collision data...
done (0) (23802 bytes)
Placing static props...
Placing detail props : 0...1...2...3...4...5...6...7...8...9...10
Compacting texture/material tables...
Reduced 93 texinfos to 43
Reduced 8 texdatas to 6 (198 bytes to 133)
Writing c:\program files (x86)\steam\steamapps\sourcemods\who\maps\list_02.bsp
0 seconds elapsed



4 threads
reading c:\program files (x86)\steam\steamapps\sourcemods\who\maps\list_02.bsp
reading c:\program files (x86)\steam\steamapps\sourcemods\who\maps\list_02.prt
  24 portalclusters
  46 numportals
0...1...2...3...4...5...6...7...8...9...100...1...2...3...4...5...6...7...8...9...10Optimized: 0 visible clusters (0.00%)
Total clusters visible: 522
Average clusters visible: 21
Building PAS...
Average clusters audible: 24
visdatasize:340  compressed from 384
writing c:\program files (x86)\steam\steamapps\sourcemods\who\maps\list_02.bsp
0 seconds elapsed



[Reading texlights from 'lights.rad']
[48 texlights parsed from 'lights.rad']

Loading c:\program files (x86)\steam\steamapps\sourcemods\who\maps\list_02.bsp
393 faces
40944 square feet [5896041.50 square inches]
0 Displacements
0 Square Feet [0.00 Square Inches]
393 patches before subdivision
31211 patches after subdivision
23 direct lights
0...1...2...3...4...5...6...7...8...9...100...1...2...3...4...5...6...7...8...9...10transfers 3179581, max 428
transfer lists:  24.3 megs
0...1...2...3...4...5...6...7...8...9...10	Bounce #1 added RGB(101639, 30183, 1688)
0...1...2...3...4...5...6...7...8...9...10	Bounce #2 added RGB(86358, 7555, 8)
0...1...2...3...4...5...6...7...8...9...10	Bounce #3 added RGB(37640, 907, 0)
0...1...2...3...4...5...6...7...8...9...10	Bounce #4 added RGB(26271, 182, 0)
0...1...2...3...4...5...6...7...8...9...10	Bounce #5 added RGB(16267, 31, 0)
0...1...2...3...4...5...6...7...8...9...10	Bounce #6 added RGB(11106, 6, 0)
0...1...2...3...4...5...6...7...8...9...10	Bounce #7 added RGB(7468, 1, 0)
0...1...2...3...4...5...6...7...8...9...10	Bounce #8 added RGB(5114, 0, 0)
0...1...2...3...4...5...6...7...8...9...10	Bounce #9 added RGB(3498, 0, 0)
0...1...2...3...4...5...6...7...8...9...10	Bounce #10 added RGB(2401, 0, 0)
0...1...2...3...4...5...6...7...8...9...10	Bounce #11 added RGB(1648, 0, 0)
0...1...2...3...4...5...6...7...8...9...10	Bounce #12 added RGB(1132, 0, 0)
0...1...2...3...4...5...6...7...8...9...10	Bounce #13 added RGB(778, 0, 0)
0...1...2...3...4...5...6...7...8...9...10	Bounce #14 added RGB(535, 0, 0)
0...1...2...3...4...5...6...7...8...9...10	Bounce #15 added RGB(367, 0, 0)
0...1...2...3...4...5...6...7...8...9...10	Bounce #16 added RGB(253, 0, 0)
0...1...2...3...4...5...6...7...8...9...10	Bounce #17 added RGB(174, 0, 0)
0...1...2...3...4...5...6...7...8...9...10	Bounce #18 added RGB(119, 0, 0)
0...1...2...3...4...5...6...7...8...9...10	Bounce #19 added RGB(82, 0, 0)
0...1...2...3...4...5...6...7...8...9...10	Bounce #20 added RGB(56, 0, 0)
0...1...2...3...4...5...6...7...8...9...10	Bounce #21 added RGB(39, 0, 0)
0...1...2...3...4...5...6...7...8...9...10	Bounce #22 added RGB(27, 0, 0)
0...1...2...3...4...5...6...7...8...9...10	Bounce #23 added RGB(18, 0, 0)
0...1...2...3...4...5...6...7...8...9...10	Bounce #24 added RGB(13, 0, 0)
0...1...2...3...4...5...6...7...8...9...10	Bounce #25 added RGB(9, 0, 0)
0...1...2...3...4...5...6...7...8...9...10	Bounce #26 added RGB(6, 0, 0)
0...1...2...3...4...5...6...7...8...9...10	Bounce #27 added RGB(4, 0, 0)
0...1...2...3...4...5...6...7...8...9...10	Bounce #28 added RGB(3, 0, 0)
0...1...2...3...4...5...6...7...8...9...10	Bounce #29 added RGB(2, 0, 0)
0...1...2...3...4...5...6...7...8...9...10	Bounce #30 added RGB(1, 0, 0)
0...1...2...3...4...5...6...7...8...9...10	Bounce #31 added RGB(1, 0, 0)
Build Patch/Sample Hash Table(s).....Done<0.0079 sec>
0...1...2...3...4...5...6...7...8...9...10FinalLightFace Done
0 of 0 (0% of) surface lights went in leaf ambient cubes.
0...1...2...3...4...5...6...7...8...9...10Writing leaf ambient...done
Computing static prop lighting : 00...1...2...3...4...5...6...7...8...9...10
Ready to Finish

Object names       Objects/Maxobjs  Memory / Maxmem  Fullness 
------------       ---------------  ---------------  -------- 
models                  10/4096          480/196608   ( 0.2%) 
brushes                 48/32768         576/393216   ( 0.1%) 
brushsides             288/65536        2304/524288   ( 0.4%) 
planes                 214/65536        4280/1310720  ( 0.3%) 
vertexes               522/65536        6264/786432   ( 0.8%) 
nodes                  119/65536        3808/2097152  ( 0.2%) 
texinfos                43/12288        3096/884736   ( 0.3%) 
texdata                  6/2048          192/65536    ( 0.3%) 
dispinfos                0/0               0/0        ( 0.0%) 
disp_verts               0/0               0/0        ( 0.0%) 
disp_tris                0/0               0/0        ( 0.0%) 
disp_lmsamples           0/0               0/0        ( 0.0%) 
faces                  393/65536       22008/3670016  ( 0.6%) 
hdr faces                0/65536           0/3670016  ( 0.0%) 
origfaces               88/65536        4928/3670016  ( 0.1%) 
leaves                 130/65536        4160/2097152  ( 0.2%) 
leaffaces              418/65536         836/131072   ( 0.6%) 
leafbrushes             77/65536         154/131072   ( 0.1%) 
areas                    2/1024           16/8192     ( 0.2%) 
surfedges             2076/512000       8304/2048000  ( 0.4%) 
edges                 1067/256000       4268/1024000  ( 0.4%) 
LDR worldlights         23/16384        2024/1441792  ( 0.1%) 
HDR worldlights          0/16384           0/1441792  ( 0.0%) 
leafwaterdata            0/32768           0/393216   ( 0.0%) 
waterstrips              4/131072         40/1310720  ( 0.0%) 
waterverts               0/131072          0/1572864  ( 0.0%) 
waterindices            90/131072        180/262144   ( 0.1%) 
cubemapsamples           0/1024            0/16384    ( 0.0%) 
overlays                 0/1024            0/360448   ( 0.0%) 
LDR lightdata         [variable]     1041220/0        ( 0.0%) 
HDR lightdata         [variable]           0/0        ( 0.0%) 
visdata               [variable]         340/16777216 ( 0.0%) 
entdata               [variable]       13478/393216   ( 3.4%) 
LDR ambient table      130/65536         520/262144   ( 0.2%) 
HDR ambient table      130/65536         520/262144   ( 0.2%) 
LDR leaf ambient       390/65536       10920/1835008  ( 0.6%) 
HDR leaf ambient       130/65536        3640/1835008  ( 0.2%) 
occluders                0/0               0/0        ( 0.0%) 
occluder polygons        0/0               0/0        ( 0.0%) 
occluder vert ind        0/0               0/0        ( 0.0%) 
detail props          [variable]           1/12       ( 8.3%) 
static props          [variable]           1/284      ( 0.4%) 
pakfile               [variable]       39481/0        ( 0.0%) 
physics               [variable]       23802/4194304  ( 0.6%) 
physics terrain       [variable]           2/1048576  ( 0.0%) 

Level flags = 1

Total triangle count: 938
Writing c:\program files (x86)\steam\steamapps\sourcemods\who\maps\list_02.bsp
3 seconds elapsed



[Reading texlights from 'lights.rad']
[48 texlights parsed from 'lights.rad']

Loading c:\program files (x86)\steam\steamapps\sourcemods\who\maps\list_02.bsp
393 faces
40944 square feet [5896041.50 square inches]
0 Displacements
0 Square Feet [0.00 Square Inches]
393 patches before subdivision
31211 patches after subdivision
23 direct lights
0...1...2...3...4...5...6...7...8...9...100...1...2...3...4...5...6...7...8...9...10transfers 3179581, max 428
transfer lists:  24.3 megs
0...1...2...3...4...5...6...7...8...9...10	Bounce #1 added RGB(101639, 30183, 1688)
0...1...2...3...4...5...6...7...8...9...10	Bounce #2 added RGB(86358, 7555, 8)
0...1...2...3...4...5...6...7...8...9...10	Bounce #3 added RGB(37640, 907, 0)
0...1...2...3...4...5...6...7...8...9...10	Bounce #4 added RGB(26271, 182, 0)
0...1...2...3...4...5...6...7...8...9...10	Bounce #5 added RGB(16267, 31, 0)
0...1...2...3...4...5...6...7...8...9...10	Bounce #6 added RGB(11106, 6, 0)
0...1...2...3...4...5...6...7...8...9...10	Bounce #7 added RGB(7468, 1, 0)
0...1...2...3...4...5...6...7...8...9...10	Bounce #8 added RGB(5114, 0, 0)
0...1...2...3...4...5...6...7...8...9...10	Bounce #9 added RGB(3498, 0, 0)
0...1...2...3...4...5...6...7...8...9...10	Bounce #10 added RGB(2401, 0, 0)
0...1...2...3...4...5...6...7...8...9...10	Bounce #11 added RGB(1648, 0, 0)
0...1...2...3...4...5...6...7...8...9...10	Bounce #12 added RGB(1132, 0, 0)
0...1...2...3...4...5...6...7...8...9...10	Bounce #13 added RGB(778, 0, 0)
0...1...2...3...4...5...6...7...8...9...10	Bounce #14 added RGB(535, 0, 0)
0...1...2...3...4...5...6...7...8...9...10	Bounce #15 added RGB(367, 0, 0)
0...1...2...3...4...5...6...7...8...9...10	Bounce #16 added RGB(253, 0, 0)
0...1...2...3...4...5...6...7...8...9...10	Bounce #17 added RGB(174, 0, 0)
0...1...2...3...4...5...6...7...8...9...10	Bounce #18 added RGB(119, 0, 0)
0...1...2...3...4...5...6...7...8...9...10	Bounce #19 added RGB(82, 0, 0)
0...1...2...3...4...5...6...7...8...9...10	Bounce #20 added RGB(56, 0, 0)
0...1...2...3...4...5...6...7...8...9...10	Bounce #21 added RGB(39, 0, 0)
0...1...2...3...4...5...6...7...8...9...10	Bounce #22 added RGB(27, 0, 0)
0...1...2...3...4...5...6...7...8...9...10	Bounce #23 added RGB(18, 0, 0)
0...1...2...3...4...5...6...7...8...9...10	Bounce #24 added RGB(13, 0, 0)
0...1...2...3...4...5...6...7...8...9...10	Bounce #25 added RGB(9, 0, 0)
0...1...2...3...4...5...6...7...8...9...10	Bounce #26 added RGB(6, 0, 0)
0...1...2...3...4...5...6...7...8...9...10	Bounce #27 added RGB(4, 0, 0)
0...1...2...3...4...5...6...7...8...9...10	Bounce #28 added RGB(3, 0, 0)
0...1...2...3...4...5...6...7...8...9...10	Bounce #29 added RGB(2, 0, 0)
0...1...2...3...4...5...6...7...8...9...10	Bounce #30 added RGB(1, 0, 0)
0...1...2...3...4...5...6...7...8...9...10	Bounce #31 added RGB(1, 0, 0)
Build Patch/Sample Hash Table(s).....Done<0.0084 sec>
0...1...2...3...4...5...6...7...8...9...10FinalLightFace Done
0 of 0 (0% of) surface lights went in leaf ambient cubes.
0...1...2...3...4...5...6...7...8...9...10Writing leaf ambient...done
Computing static prop lighting : 00...1...2...3...4...5...6...7...8...9...10
Ready to Finish

Object names       Objects/Maxobjs  Memory / Maxmem  Fullness 
------------       ---------------  ---------------  -------- 
models                  10/4096          480/196608   ( 0.2%) 
brushes                 48/32768         576/393216   ( 0.1%) 
brushsides             288/65536        2304/524288   ( 0.4%) 
planes                 214/65536        4280/1310720  ( 0.3%) 
vertexes               522/65536        6264/786432   ( 0.8%) 
nodes                  119/65536        3808/2097152  ( 0.2%) 
texinfos                43/12288        3096/884736   ( 0.3%) 
texdata                  6/2048          192/65536    ( 0.3%) 
dispinfos                0/0               0/0        ( 0.0%) 
disp_verts               0/0               0/0        ( 0.0%) 
disp_tris                0/0               0/0        ( 0.0%) 
disp_lmsamples           0/0               0/0        ( 0.0%) 
faces                  393/65536       22008/3670016  ( 0.6%) 
hdr faces              393/65536       22008/3670016  ( 0.6%) 
origfaces               88/65536        4928/3670016  ( 0.1%) 
leaves                 130/65536        4160/2097152  ( 0.2%) 
leaffaces              418/65536         836/131072   ( 0.6%) 
leafbrushes             77/65536         154/131072   ( 0.1%) 
areas                    2/1024           16/8192     ( 0.2%) 
surfedges             2076/512000       8304/2048000  ( 0.4%) 
edges                 1067/256000       4268/1024000  ( 0.4%) 
LDR worldlights         23/16384        2024/1441792  ( 0.1%) 
HDR worldlights         23/16384        2024/1441792  ( 0.1%) 
leafwaterdata            0/32768           0/393216   ( 0.0%) 
waterstrips              4/131072         40/1310720  ( 0.0%) 
waterverts               0/131072          0/1572864  ( 0.0%) 
waterindices            90/131072        180/262144   ( 0.1%) 
cubemapsamples           0/1024            0/16384    ( 0.0%) 
overlays                 0/1024            0/360448   ( 0.0%) 
LDR lightdata         [variable]     1041220/0        ( 0.0%) 
HDR lightdata         [variable]     1041220/0        ( 0.0%) 
visdata               [variable]         340/16777216 ( 0.0%) 
entdata               [variable]       13478/393216   ( 3.4%) 
LDR ambient table      130/65536         520/262144   ( 0.2%) 
HDR ambient table      130/65536         520/262144   ( 0.2%) 
LDR leaf ambient       390/65536       10920/1835008  ( 0.6%) 
HDR leaf ambient       390/65536       10920/1835008  ( 0.6%) 
occluders                0/0               0/0        ( 0.0%) 
occluder polygons        0/0               0/0        ( 0.0%) 
occluder vert ind        0/0               0/0        ( 0.0%) 
detail props          [variable]           1/12       ( 8.3%) 
static props          [variable]           1/284      ( 0.4%) 
pakfile               [variable]       78593/0        ( 0.0%) 
physics               [variable]       23802/4194304  ( 0.6%) 
physics terrain       [variable]           2/1048576  ( 0.0%) 

Level flags = 3

Total triangle count: 938
Writing c:\program files (x86)\steam\steamapps\sourcemods\who\maps\list_02.bsp
3 seconds elapsed



materialPath: C:\Program Files (x86)\Steam\steamapps\sourcemods\who\materials
Loading c:\program files (x86)\steam\steamapps\sourcemods\who\maps\list_02.vmf
Patching WVT material: maps/list_02/dev/dev_blendmeasure_wvt_patch
fixing up env_cubemap materials on brush sides...
0...1...2...3...4...5...6...7...8...9...10**** leaked ****
Entity light (744.00 -320.00 96.00) leaked!
--- MAP LEAKED ---



4 threads
reading c:\program files (x86)\steam\steamapps\sourcemods\who\maps\list_02.bsp
reading c:\program files (x86)\steam\steamapps\sourcemods\who\maps\list_02.prt
LoadPortals: couldn't read c:\program files (x86)\steam\steamapps\sourcemods\who\maps\list_02.prt



materialPath: C:\Program Files (x86)\Steam\steamapps\sourcemods\who\materials
Loading c:\program files (x86)\steam\steamapps\sourcemods\who\maps\list_02.vmf
Patching WVT material: maps/list_02/dev/dev_blendmeasure_wvt_patch
fixing up env_cubemap materials on brush sides...
0...1...2...3...4...5...6...7...8...9...100...1...2...3...4...5...6...7...8...9...10Processing areas...done (0)
Building Faces...done (0)
Chop Details...done (0)
Find Visible Detail Sides...done (0)
Merging details...done (0)
FixTjuncs...
PruneNodes...
WriteBSP...
done (0)
writing c:\program files (x86)\steam\steamapps\sourcemods\who\maps\list_02.prt...Building visibility clusters...
done (0)
Finding displacement neighbors...
Finding lightmap sample positions...
Displacement Alpha : 0...1...2...3...4...5...6...7...8...9...10
Building Physics collision data...
done (0) (35708 bytes)
Placing static props...
Placing detail props : 0...1...2...3...4...5...6...7...8...9...10
Compacting texture/material tables...
Reduced 131 texinfos to 77
Reduced 10 texdatas to 8 (247 bytes to 182)
Writing c:\program files (x86)\steam\steamapps\sourcemods\who\maps\list_02.bsp
0 seconds elapsed



4 threads
reading c:\program files (x86)\steam\steamapps\sourcemods\who\maps\list_02.bsp
reading c:\program files (x86)\steam\steamapps\sourcemods\who\maps\list_02.prt
  78 portalclusters
 196 numportals
0...1...2...3...4...5...6...7...8...9...100...1...2...3...4...5...6...7...8...9...10Optimized: 0 visible clusters (0.00%)
Total clusters visible: 1752
Average clusters visible: 22
Building PAS...
Average clusters audible: 36
visdatasize:2004  compressed from 2496
writing c:\program files (x86)\steam\steamapps\sourcemods\who\maps\list_02.bsp
0 seconds elapsed



[Reading texlights from 'lights.rad']
[48 texlights parsed from 'lights.rad']

Loading c:\program files (x86)\steam\steamapps\sourcemods\who\maps\list_02.bsp
535 faces
53506 square feet [7704937.50 square inches]
0 Displacements
0 Square Feet [0.00 Square Inches]
535 patches before subdivision
33313 patches after subdivision
27 direct lights
0...1...2...3...4...5...6...7...8...9...100...1...2...3...4...5...6...7...8...9...10transfers 3201805, max 428
transfer lists:  24.4 megs
0...1...2...3...4...5...6...7...8...9...10	Bounce #1 added RGB(112050, 40597, 11995)
0...1...2...3...4...5...6...7...8...9...10	Bounce #2 added RGB(92656, 13982, 6319)
0...1...2...3...4...5...6...7...8...9...10	Bounce #3 added RGB(41653, 4994, 3970)
0...1...2...3...4...5...6...7...8...9...10	Bounce #4 added RGB(28805, 2777, 2495)
0...1...2...3...4...5...6...7...8...9...10	Bounce #5 added RGB(17883, 1688, 1577)
0...1...2...3...4...5...6...7...8...9...10	Bounce #6 added RGB(12137, 1064, 997)
0...1...2...3...4...5...6...7...8...9...10	Bounce #7 added RGB(8127, 679, 632)
0...1...2...3...4...5...6...7...8...9...10	Bounce #8 added RGB(5536, 435, 401)
0...1...2...3...4...5...6...7...8...9...10	Bounce #9 added RGB(3768, 279, 255)
0...1...2...3...4...5...6...7...8...9...10	Bounce #10 added RGB(2574, 179, 162)
0...1...2...3...4...5...6...7...8...9...10	Bounce #11 added RGB(1759, 115, 103)
0...1...2...3...4...5...6...7...8...9...10	Bounce #12 added RGB(1204, 74, 66)
0...1...2...3...4...5...6...7...8...9...10	Bounce #13 added RGB(824, 47, 42)
0...1...2...3...4...5...6...7...8...9...10	Bounce #14 added RGB(564, 31, 27)
0...1...2...3...4...5...6...7...8...9...10	Bounce #15 added RGB(386, 20, 17)
0...1...2...3...4...5...6...7...8...9...10	Bounce #16 added RGB(265, 13, 11)
0...1...2...3...4...5...6...7...8...9...10	Bounce #17 added RGB(181, 8, 7)
0...1...2...3...4...5...6...7...8...9...10	Bounce #18 added RGB(124, 5, 4)
0...1...2...3...4...5...6...7...8...9...10	Bounce #19 added RGB(85, 3, 3)
0...1...2...3...4...5...6...7...8...9...10	Bounce #20 added RGB(58, 2, 2)
0...1...2...3...4...5...6...7...8...9...10	Bounce #21 added RGB(40, 1, 1)
0...1...2...3...4...5...6...7...8...9...10	Bounce #22 added RGB(27, 1, 1)
0...1...2...3...4...5...6...7...8...9...10	Bounce #23 added RGB(19, 1, 0)
0...1...2...3...4...5...6...7...8...9...10	Bounce #24 added RGB(13, 0, 0)
0...1...2...3...4...5...6...7...8...9...10	Bounce #25 added RGB(9, 0, 0)
0...1...2...3...4...5...6...7...8...9...10	Bounce #26 added RGB(6, 0, 0)
0...1...2...3...4...5...6...7...8...9...10	Bounce #27 added RGB(4, 0, 0)
0...1...2...3...4...5...6...7...8...9...10	Bounce #28 added RGB(3, 0, 0)
0...1...2...3...4...5...6...7...8...9...10	Bounce #29 added RGB(2, 0, 0)
0...1...2...3...4...5...6...7...8...9...10	Bounce #30 added RGB(1, 0, 0)
0...1...2...3...4...5...6...7...8...9...10	Bounce #31 added RGB(1, 0, 0)
Build Patch/Sample Hash Table(s).....Done<0.0092 sec>
0...1...2...3...4...5...6...7...8...9...10FinalLightFace Done
0 of 0 (0% of) surface lights went in leaf ambient cubes.
0...1...2...3...4...5...6...7...8...9...10Writing leaf ambient...done
Computing static prop lighting : 00...1...2...3...4...5...6...7...8...9...10
Ready to Finish

Object names       Objects/Maxobjs  Memory / Maxmem  Fullness 
------------       ---------------  ---------------  -------- 
models                  12/4096          576/196608   ( 0.3%) 
brushes                 80/32768         960/393216   ( 0.2%) 
brushsides             480/65536        3840/524288   ( 0.7%) 
planes                 298/65536        5960/1310720  ( 0.5%) 
vertexes               732/65536        8784/786432   ( 1.1%) 
nodes                  234/65536        7488/2097152  ( 0.4%) 
texinfos                77/12288        5544/884736   ( 0.6%) 
texdata                  8/2048          256/65536    ( 0.4%) 
dispinfos                0/0               0/0        ( 0.0%) 
disp_verts               0/0               0/0        ( 0.0%) 
disp_tris                0/0               0/0        ( 0.0%) 
disp_lmsamples           0/0               0/0        ( 0.0%) 
faces                  535/65536       29960/3670016  ( 0.8%) 
hdr faces                0/65536           0/3670016  ( 0.0%) 
origfaces              227/65536       12712/3670016  ( 0.3%) 
leaves                 247/65536        7904/2097152  ( 0.4%) 
leaffaces              571/65536        1142/131072   ( 0.9%) 
leafbrushes            132/65536         264/131072   ( 0.2%) 
areas                    3/1024           24/8192     ( 0.3%) 
surfedges             3308/512000      13232/2048000  ( 0.6%) 
edges                 1756/256000       7024/1024000  ( 0.7%) 
LDR worldlights         27/16384        2376/1441792  ( 0.2%) 
HDR worldlights          0/16384           0/1441792  ( 0.0%) 
leafwaterdata            0/32768           0/393216   ( 0.0%) 
waterstrips             21/131072        210/1310720  ( 0.0%) 
waterverts               0/131072          0/1572864  ( 0.0%) 
waterindices           384/131072        768/262144   ( 0.3%) 
cubemapsamples           0/1024            0/16384    ( 0.0%) 
overlays                 0/1024            0/360448   ( 0.0%) 
LDR lightdata         [variable]     1078584/0        ( 0.0%) 
HDR lightdata         [variable]           0/0        ( 0.0%) 
visdata               [variable]        2004/16777216 ( 0.0%) 
entdata               [variable]       15463/393216   ( 3.9%) 
LDR ambient table      247/65536         988/262144   ( 0.4%) 
HDR ambient table      247/65536         988/262144   ( 0.4%) 
LDR leaf ambient      1151/65536       32228/1835008  ( 1.8%) 
HDR leaf ambient       247/65536        6916/1835008  ( 0.4%) 
occluders                0/0               0/0        ( 0.0%) 
occluder polygons        0/0               0/0        ( 0.0%) 
occluder vert ind        0/0               0/0        ( 0.0%) 
detail props          [variable]           1/12       ( 8.3%) 
static props          [variable]           1/284      ( 0.4%) 
pakfile               [variable]       39481/0        ( 0.0%) 
physics               [variable]       35708/4194304  ( 0.9%) 
physics terrain       [variable]           2/1048576  ( 0.0%) 

Level flags = 1

Total triangle count: 1330
Writing c:\program files (x86)\steam\steamapps\sourcemods\who\maps\list_02.bsp
3 seconds elapsed



[Reading texlights from 'lights.rad']
[48 texlights parsed from 'lights.rad']

Loading c:\program files (x86)\steam\steamapps\sourcemods\who\maps\list_02.bsp
535 faces
53506 square feet [7704937.50 square inches]
0 Displacements
0 Square Feet [0.00 Square Inches]
535 patches before subdivision
33313 patches after subdivision
27 direct lights
0...1...2...3...4...5...6...7...8...9...100...1...2...3...4...5...6...7...8...9...10transfers 3201805, max 428
transfer lists:  24.4 megs
0...1...2...3...4...5...6...7...8...9...10	Bounce #1 added RGB(112050, 40597, 11995)
0...1...2...3...4...5...6...7...8...9...10	Bounce #2 added RGB(92656, 13982, 6319)
0...1...2...3...4...5...6...7...8...9...10	Bounce #3 added RGB(41653, 4994, 3970)
0...1...2...3...4...5...6...7...8...9...10	Bounce #4 added RGB(28805, 2777, 2495)
0...1...2...3...4...5...6...7...8...9...10	Bounce #5 added RGB(17883, 1688, 1577)
0...1...2...3...4...5...6...7...8...9...10	Bounce #6 added RGB(12137, 1064, 997)
0...1...2...3...4...5...6...7...8...9...10	Bounce #7 added RGB(8127, 679, 632)
0...1...2...3...4...5...6...7...8...9...10	Bounce #8 added RGB(5536, 435, 401)
0...1...2...3...4...5...6...7...8...9...10	Bounce #9 added RGB(3768, 279, 255)
0...1...2...3...4...5...6...7...8...9...10	Bounce #10 added RGB(2574, 179, 162)
0...1...2...3...4...5...6...7...8...9...10	Bounce #11 added RGB(1759, 115, 103)
0...1...2...3...4...5...6...7...8...9...10	Bounce #12 added RGB(1204, 74, 66)
0...1...2...3...4...5...6...7...8...9...10	Bounce #13 added RGB(824, 47, 42)
0...1...2...3...4...5...6...7...8...9...10	Bounce #14 added RGB(564, 31, 27)
0...1...2...3...4...5...6...7...8...9...10	Bounce #15 added RGB(386, 20, 17)
0...1...2...3...4...5...6...7...8...9...10	Bounce #16 added RGB(265, 13, 11)
0...1...2...3...4...5...6...7...8...9...10	Bounce #17 added RGB(181, 8, 7)
0...1...2...3...4...5...6...7...8...9...10	Bounce #18 added RGB(124, 5, 4)
0...1...2...3...4...5...6...7...8...9...10	Bounce #19 added RGB(85, 3, 3)
0...1...2...3...4...5...6...7...8...9...10	Bounce #20 added RGB(58, 2, 2)
0...1...2...3...4...5...6...7...8...9...10	Bounce #21 added RGB(40, 1, 1)
0...1...2...3...4...5...6...7...8...9...10	Bounce #22 added RGB(27, 1, 1)
0...1...2...3...4...5...6...7...8...9...10	Bounce #23 added RGB(19, 1, 0)
0...1...2...3...4...5...6...7...8...9...10	Bounce #24 added RGB(13, 0, 0)
0...1...2...3...4...5...6...7...8...9...10	Bounce #25 added RGB(9, 0, 0)
0...1...2...3...4...5...6...7...8...9...10	Bounce #26 added RGB(6, 0, 0)
0...1...2...3...4...5...6...7...8...9...10	Bounce #27 added RGB(4, 0, 0)
0...1...2...3...4...5...6...7...8...9...10	Bounce #28 added RGB(3, 0, 0)
0...1...2...3...4...5...6...7...8...9...10	Bounce #29 added RGB(2, 0, 0)
0...1...2...3...4...5...6...7...8...9...10	Bounce #30 added RGB(1, 0, 0)
0...1...2...3...4...5...6...7...8...9...10	Bounce #31 added RGB(1, 0, 0)
Build Patch/Sample Hash Table(s).....Done<0.0083 sec>
0...1...2...3...4...5...6...7...8...9...10FinalLightFace Done
0 of 0 (0% of) surface lights went in leaf ambient cubes.
0...1...2...3...4...5...6...7...8...9...10Writing leaf ambient...done
Computing static prop lighting : 00...1...2...3...4...5...6...7...8...9...10
Ready to Finish

Object names       Objects/Maxobjs  Memory / Maxmem  Fullness 
------------       ---------------  ---------------  -------- 
models                  12/4096          576/196608   ( 0.3%) 
brushes                 80/32768         960/393216   ( 0.2%) 
brushsides             480/65536        3840/524288   ( 0.7%) 
planes                 298/65536        5960/1310720  ( 0.5%) 
vertexes               732/65536        8784/786432   ( 1.1%) 
nodes                  234/65536        7488/2097152  ( 0.4%) 
texinfos                77/12288        5544/884736   ( 0.6%) 
texdata                  8/2048          256/65536    ( 0.4%) 
dispinfos                0/0               0/0        ( 0.0%) 
disp_verts               0/0               0/0        ( 0.0%) 
disp_tris                0/0               0/0        ( 0.0%) 
disp_lmsamples           0/0               0/0        ( 0.0%) 
faces                  535/65536       29960/3670016  ( 0.8%) 
hdr faces              535/65536       29960/3670016  ( 0.8%) 
origfaces              227/65536       12712/3670016  ( 0.3%) 
leaves                 247/65536        7904/2097152  ( 0.4%) 
leaffaces              571/65536        1142/131072   ( 0.9%) 
leafbrushes            132/65536         264/131072   ( 0.2%) 
areas                    3/1024           24/8192     ( 0.3%) 
surfedges             3308/512000      13232/2048000  ( 0.6%) 
edges                 1756/256000       7024/1024000  ( 0.7%) 
LDR worldlights         27/16384        2376/1441792  ( 0.2%) 
HDR worldlights         27/16384        2376/1441792  ( 0.2%) 
leafwaterdata            0/32768           0/393216   ( 0.0%) 
waterstrips             21/131072        210/1310720  ( 0.0%) 
waterverts               0/131072          0/1572864  ( 0.0%) 
waterindices           384/131072        768/262144   ( 0.3%) 
cubemapsamples           0/1024            0/16384    ( 0.0%) 
overlays                 0/1024            0/360448   ( 0.0%) 
LDR lightdata         [variable]     1078584/0        ( 0.0%) 
HDR lightdata         [variable]     1078584/0        ( 0.0%) 
visdata               [variable]        2004/16777216 ( 0.0%) 
entdata               [variable]       15463/393216   ( 3.9%) 
LDR ambient table      247/65536         988/262144   ( 0.4%) 
HDR ambient table      247/65536         988/262144   ( 0.4%) 
LDR leaf ambient      1151/65536       32228/1835008  ( 1.8%) 
HDR leaf ambient      1151/65536       32228/1835008  ( 1.8%) 
occluders                0/0               0/0        ( 0.0%) 
occluder polygons        0/0               0/0        ( 0.0%) 
occluder vert ind        0/0               0/0        ( 0.0%) 
detail props          [variable]           1/12       ( 8.3%) 
static props          [variable]           1/284      ( 0.4%) 
pakfile               [variable]       78593/0        ( 0.0%) 
physics               [variable]       35708/4194304  ( 0.9%) 
physics terrain       [variable]           2/1048576  ( 0.0%) 

Level flags = 3

Total triangle count: 1330
Writing c:\program files (x86)\steam\steamapps\sourcemods\who\maps\list_02.bsp
3 seconds elapsed



materialPath: C:\Program Files (x86)\Steam\steamapps\sourcemods\who\materials
Loading c:\program files (x86)\steam\steamapps\sourcemods\who\maps\list_02.vmf
Patching WVT material: maps/list_02/dev/dev_blendmeasure_wvt_patch
fixing up env_cubemap materials on brush sides...
0...1...2...3...4...5...6...7...8...9...100...1...2...3...4...5...6...7...8...9...10Processing areas...done (0)
Building Faces...done (0)
Chop Details...done (0)
Find Visible Detail Sides...done (0)
Merging details...done (0)
FixTjuncs...
PruneNodes...
WriteBSP...
done (0)
writing c:\program files (x86)\steam\steamapps\sourcemods\who\maps\list_02.prt...Building visibility clusters...
done (0)
Finding displacement neighbors...
Finding lightmap sample positions...
Displacement Alpha : 0...1...2...3...4...5...6...7...8...9...10
Building Physics collision data...
done (0) (35708 bytes)
Placing static props...
Placing detail props : 0...1...2...3...4...5...6...7...8...9...10
Compacting texture/material tables...
Reduced 131 texinfos to 77
Reduced 10 texdatas to 8 (247 bytes to 182)
Writing c:\program files (x86)\steam\steamapps\sourcemods\who\maps\list_02.bsp
0 seconds elapsed



4 threads
reading c:\program files (x86)\steam\steamapps\sourcemods\who\maps\list_02.bsp
reading c:\program files (x86)\steam\steamapps\sourcemods\who\maps\list_02.prt
  78 portalclusters
 196 numportals
0...1...2...3...4...5...6...7...8...9...100...1...2...3...4...5...6...7...8...9...10Optimized: 0 visible clusters (0.00%)
Total clusters visible: 1752
Average clusters visible: 22
Building PAS...
Average clusters audible: 36
visdatasize:2004  compressed from 2496
writing c:\program files (x86)\steam\steamapps\sourcemods\who\maps\list_02.bsp
0 seconds elapsed



[Reading texlights from 'lights.rad']
[48 texlights parsed from 'lights.rad']

Loading c:\program files (x86)\steam\steamapps\sourcemods\who\maps\list_02.bsp
535 faces
53506 square feet [7704937.50 square inches]
0 Displacements
0 Square Feet [0.00 Square Inches]
535 patches before subdivision
33313 patches after subdivision
27 direct lights
0...1...2...3...4...5...6...7...8...9...100...1...2...3...4...5...6...7...8...9...10transfers 3201805, max 428
transfer lists:  24.4 megs
0...1...2...3...4...5...6...7...8...9...10	Bounce #1 added RGB(112050, 40597, 11995)
0...1...2...3...4...5...6...7...8...9...10	Bounce #2 added RGB(92656, 13982, 6319)
0...1...2...3...4...5...6...7...8...9...10	Bounce #3 added RGB(41653, 4994, 3970)
0...1...2...3...4...5...6...7...8...9...10	Bounce #4 added RGB(28805, 2777, 2495)
0...1...2...3...4...5...6...7...8...9...10	Bounce #5 added RGB(17883, 1688, 1577)
0...1...2...3...4...5...6...7...8...9...10	Bounce #6 added RGB(12137, 1064, 997)
0...1...2...3...4...5...6...7...8...9...10	Bounce #7 added RGB(8127, 679, 632)
0...1...2...3...4...5...6...7...8...9...10	Bounce #8 added RGB(5536, 435, 401)
0...1...2...3...4...5...6...7...8...9...10	Bounce #9 added RGB(3768, 279, 255)
0...1...2...3...4...5...6...7...8...9...10	Bounce #10 added RGB(2574, 179, 162)
0...1...2...3...4...5...6...7...8...9...10	Bounce #11 added RGB(1759, 115, 103)
0...1...2...3...4...5...6...7...8...9...10	Bounce #12 added RGB(1204, 74, 66)
0...1...2...3...4...5...6...7...8...9...10	Bounce #13 added RGB(824, 47, 42)
0...1...2...3...4...5...6...7...8...9...10	Bounce #14 added RGB(564, 31, 27)
0...1...2...3...4...5...6...7...8...9...10	Bounce #15 added RGB(386, 20, 17)
0...1...2...3...4...5...6...7...8...9...10	Bounce #16 added RGB(265, 13, 11)
0...1...2...3...4...5...6...7...8...9...10	Bounce #17 added RGB(181, 8, 7)
0...1...2...3...4...5...6...7...8...9...10	Bounce #18 added RGB(124, 5, 4)
0...1...2...3...4...5...6...7...8...9...10	Bounce #19 added RGB(85, 3, 3)
0...1...2...3...4...5...6...7...8...9...10	Bounce #20 added RGB(58, 2, 2)
0...1...2...3...4...5...6...7...8...9...10	Bounce #21 added RGB(40, 1, 1)
0...1...2...3...4...5...6...7...8...9...10	Bounce #22 added RGB(27, 1, 1)
0...1...2...3...4...5...6...7...8...9...10	Bounce #23 added RGB(19, 1, 0)
0...1...2...3...4...5...6...7...8...9...10	Bounce #24 added RGB(13, 0, 0)
0...1...2...3...4...5...6...7...8...9...10	Bounce #25 added RGB(9, 0, 0)
0...1...2...3...4...5...6...7...8...9...10	Bounce #26 added RGB(6, 0, 0)
0...1...2...3...4...5...6...7...8...9...10	Bounce #27 added RGB(4, 0, 0)
0...1...2...3...4...5...6...7...8...9...10	Bounce #28 added RGB(3, 0, 0)
0...1...2...3...4...5...6...7...8...9...10	Bounce #29 added RGB(2, 0, 0)
0...1...2...3...4...5...6...7...8...9...10	Bounce #30 added RGB(1, 0, 0)
0...1...2...3...4...5...6...7...8...9...10	Bounce #31 added RGB(1, 0, 0)
Build Patch/Sample Hash Table(s).....Done<0.0083 sec>
0...1...2...3...4...5...6...7...8...9...10FinalLightFace Done
0 of 0 (0% of) surface lights went in leaf ambient cubes.
0...1...2...3...4...5...6...7...8...9...10Writing leaf ambient...done
Computing static prop lighting : 00...1...2...3...4...5...6...7...8...9...10
Ready to Finish

Object names       Objects/Maxobjs  Memory / Maxmem  Fullness 
------------       ---------------  ---------------  -------- 
models                  12/4096          576/196608   ( 0.3%) 
brushes                 80/32768         960/393216   ( 0.2%) 
brushsides             480/65536        3840/524288   ( 0.7%) 
planes                 298/65536        5960/1310720  ( 0.5%) 
vertexes               732/65536        8784/786432   ( 1.1%) 
nodes                  234/65536        7488/2097152  ( 0.4%) 
texinfos                77/12288        5544/884736   ( 0.6%) 
texdata                  8/2048          256/65536    ( 0.4%) 
dispinfos                0/0               0/0        ( 0.0%) 
disp_verts               0/0               0/0        ( 0.0%) 
disp_tris                0/0               0/0        ( 0.0%) 
disp_lmsamples           0/0               0/0        ( 0.0%) 
faces                  535/65536       29960/3670016  ( 0.8%) 
hdr faces                0/65536           0/3670016  ( 0.0%) 
origfaces              227/65536       12712/3670016  ( 0.3%) 
leaves                 247/65536        7904/2097152  ( 0.4%) 
leaffaces              571/65536        1142/131072   ( 0.9%) 
leafbrushes            132/65536         264/131072   ( 0.2%) 
areas                    3/1024           24/8192     ( 0.3%) 
surfedges             3308/512000      13232/2048000  ( 0.6%) 
edges                 1756/256000       7024/1024000  ( 0.7%) 
LDR worldlights         27/16384        2376/1441792  ( 0.2%) 
HDR worldlights          0/16384           0/1441792  ( 0.0%) 
leafwaterdata            0/32768           0/393216   ( 0.0%) 
waterstrips             21/131072        210/1310720  ( 0.0%) 
waterverts               0/131072          0/1572864  ( 0.0%) 
waterindices           384/131072        768/262144   ( 0.3%) 
cubemapsamples           0/1024            0/16384    ( 0.0%) 
overlays                 0/1024            0/360448   ( 0.0%) 
LDR lightdata         [variable]     1078584/0        ( 0.0%) 
HDR lightdata         [variable]           0/0        ( 0.0%) 
visdata               [variable]        2004/16777216 ( 0.0%) 
entdata               [variable]       15467/393216   ( 3.9%) 
LDR ambient table      247/65536         988/262144   ( 0.4%) 
HDR ambient table      247/65536         988/262144   ( 0.4%) 
LDR leaf ambient      1151/65536       32228/1835008  ( 1.8%) 
HDR leaf ambient       247/65536        6916/1835008  ( 0.4%) 
occluders                0/0               0/0        ( 0.0%) 
occluder polygons        0/0               0/0        ( 0.0%) 
occluder vert ind        0/0               0/0        ( 0.0%) 
detail props          [variable]           1/12       ( 8.3%) 
static props          [variable]           1/284      ( 0.4%) 
pakfile               [variable]       39481/0        ( 0.0%) 
physics               [variable]       35708/4194304  ( 0.9%) 
physics terrain       [variable]           2/1048576  ( 0.0%) 

Level flags = 1

Total triangle count: 1330
Writing c:\program files (x86)\steam\steamapps\sourcemods\who\maps\list_02.bsp
3 seconds elapsed



[Reading texlights from 'lights.rad']
[48 texlights parsed from 'lights.rad']

Loading c:\program files (x86)\steam\steamapps\sourcemods\who\maps\list_02.bsp
535 faces
53506 square feet [7704937.50 square inches]
0 Displacements
0 Square Feet [0.00 Square Inches]
535 patches before subdivision
33313 patches after subdivision
27 direct lights
0...1...2...3...4...5...6...7...8...9...100...1...2...3...4...5...6...7...8...9...10transfers 3201805, max 428
transfer lists:  24.4 megs
0...1...2...3...4...5...6...7...8...9...10	Bounce #1 added RGB(112050, 40597, 11995)
0...1...2...3...4...5...6...7...8...9...10	Bounce #2 added RGB(92656, 13982, 6319)
0...1...2...3...4...5...6...7...8...9...10	Bounce #3 added RGB(41653, 4994, 3970)
0...1...2...3...4...5...6...7...8...9...10	Bounce #4 added RGB(28805, 2777, 2495)
0...1...2...3...4...5...6...7...8...9...10	Bounce #5 added RGB(17883, 1688, 1577)
0...1...2...3...4...5...6...7...8...9...10	Bounce #6 added RGB(12137, 1064, 997)
0...1...2...3...4...5...6...7...8...9...10	Bounce #7 added RGB(8127, 679, 632)
0...1...2...3...4...5...6...7...8...9...10	Bounce #8 added RGB(5536, 435, 401)
0...1...2...3...4...5...6...7...8...9...10	Bounce #9 added RGB(3768, 279, 255)
0...1...2...3...4...5...6...7...8...9...10	Bounce #10 added RGB(2574, 179, 162)
0...1...2...3...4...5...6...7...8...9...10	Bounce #11 added RGB(1759, 115, 103)
0...1...2...3...4...5...6...7...8...9...10	Bounce #12 added RGB(1204, 74, 66)
0...1...2...3...4...5...6...7...8...9...10	Bounce #13 added RGB(824, 47, 42)
0...1...2...3...4...5...6...7...8...9...10	Bounce #14 added RGB(564, 31, 27)
0...1...2...3...4...5...6...7...8...9...10	Bounce #15 added RGB(386, 20, 17)
0...1...2...3...4...5...6...7...8...9...10	Bounce #16 added RGB(265, 13, 11)
0...1...2...3...4...5...6...7...8...9...10	Bounce #17 added RGB(181, 8, 7)
0...1...2...3...4...5...6...7...8...9...10	Bounce #18 added RGB(124, 5, 4)
0...1...2...3...4...5...6...7...8...9...10	Bounce #19 added RGB(85, 3, 3)
0...1...2...3...4...5...6...7...8...9...10	Bounce #20 added RGB(58, 2, 2)
0...1...2...3...4...5...6...7...8...9...10	Bounce #21 added RGB(40, 1, 1)
0...1...2...3...4...5...6...7...8...9...10	Bounce #22 added RGB(27, 1, 1)
0...1...2...3...4...5...6...7...8...9...10	Bounce #23 added RGB(19, 1, 0)
0...1...2...3...4...5...6...7...8...9...10	Bounce #24 added RGB(13, 0, 0)
0...1...2...3...4...5...6...7...8...9...10	Bounce #25 added RGB(9, 0, 0)
0...1...2...3...4...5...6...7...8...9...10	Bounce #26 added RGB(6, 0, 0)
0...1...2...3...4...5...6...7...8...9...10	Bounce #27 added RGB(4, 0, 0)
0...1...2...3...4...5...6...7...8...9...10	Bounce #28 added RGB(3, 0, 0)
0...1...2...3...4...5...6...7...8...9...10	Bounce #29 added RGB(2, 0, 0)
0...1...2...3...4...5...6...7...8...9...10	Bounce #30 added RGB(1, 0, 0)
0...1...2...3...4...5...6...7...8...9...10	Bounce #31 added RGB(1, 0, 0)
Build Patch/Sample Hash Table(s).....Done<0.0087 sec>
0...1...2...3...4...5...6...7...8...9...10FinalLightFace Done
0 of 0 (0% of) surface lights went in leaf ambient cubes.
0...1...2...3...4...5...6...7...8...9...10Writing leaf ambient...done
Computing static prop lighting : 00...1...2...3...4...5...6...7...8...9...10
Ready to Finish

Object names       Objects/Maxobjs  Memory / Maxmem  Fullness 
------------       ---------------  ---------------  -------- 
models                  12/4096          576/196608   ( 0.3%) 
brushes                 80/32768         960/393216   ( 0.2%) 
brushsides             480/65536        3840/524288   ( 0.7%) 
planes                 298/65536        5960/1310720  ( 0.5%) 
vertexes               732/65536        8784/786432   ( 1.1%) 
nodes                  234/65536        7488/2097152  ( 0.4%) 
texinfos                77/12288        5544/884736   ( 0.6%) 
texdata                  8/2048          256/65536    ( 0.4%) 
dispinfos                0/0               0/0        ( 0.0%) 
disp_verts               0/0               0/0        ( 0.0%) 
disp_tris                0/0               0/0        ( 0.0%) 
disp_lmsamples           0/0               0/0        ( 0.0%) 
faces                  535/65536       29960/3670016  ( 0.8%) 
hdr faces              535/65536       29960/3670016  ( 0.8%) 
origfaces              227/65536       12712/3670016  ( 0.3%) 
leaves                 247/65536        7904/2097152  ( 0.4%) 
leaffaces              571/65536        1142/131072   ( 0.9%) 
leafbrushes            132/65536         264/131072   ( 0.2%) 
areas                    3/1024           24/8192     ( 0.3%) 
surfedges             3308/512000      13232/2048000  ( 0.6%) 
edges                 1756/256000       7024/1024000  ( 0.7%) 
LDR worldlights         27/16384        2376/1441792  ( 0.2%) 
HDR worldlights         27/16384        2376/1441792  ( 0.2%) 
leafwaterdata            0/32768           0/393216   ( 0.0%) 
waterstrips             21/131072        210/1310720  ( 0.0%) 
waterverts               0/131072          0/1572864  ( 0.0%) 
waterindices           384/131072        768/262144   ( 0.3%) 
cubemapsamples           0/1024            0/16384    ( 0.0%) 
overlays                 0/1024            0/360448   ( 0.0%) 
LDR lightdata         [variable]     1078584/0        ( 0.0%) 
HDR lightdata         [variable]     1078584/0        ( 0.0%) 
visdata               [variable]        2004/16777216 ( 0.0%) 
entdata               [variable]       15467/393216   ( 3.9%) 
LDR ambient table      247/65536         988/262144   ( 0.4%) 
HDR ambient table      247/65536         988/262144   ( 0.4%) 
LDR leaf ambient      1151/65536       32228/1835008  ( 1.8%) 
HDR leaf ambient      1151/65536       32228/1835008  ( 1.8%) 
occluders                0/0               0/0        ( 0.0%) 
occluder polygons        0/0               0/0        ( 0.0%) 
occluder vert ind        0/0               0/0        ( 0.0%) 
detail props          [variable]           1/12       ( 8.3%) 
static props          [variable]           1/284      ( 0.4%) 
pakfile               [variable]       78593/0        ( 0.0%) 
physics               [variable]       35708/4194304  ( 0.9%) 
physics terrain       [variable]           2/1048576  ( 0.0%) 

Level flags = 3

Total triangle count: 1330
Writing c:\program files (x86)\steam\steamapps\sourcemods\who\maps\list_02.bsp
3 seconds elapsed



materialPath: C:\Program Files (x86)\Steam\steamapps\sourcemods\who\materials
Loading c:\program files (x86)\steam\steamapps\sourcemods\who\maps\list_02.vmf
Patching WVT material: maps/list_02/dev/dev_blendmeasure_wvt_patch
fixing up env_cubemap materials on brush sides...
0...1...2...3...4...5...6...7...8...9...100...1...2...3...4...5...6...7...8...9...10Processing areas...done (0)
Building Faces...done (0)
Chop Details...done (0)
Find Visible Detail Sides...done (0)
Merging details...done (0)
FixTjuncs...
PruneNodes...
WriteBSP...
done (0)
writing c:\program files (x86)\steam\steamapps\sourcemods\who\maps\list_02.prt...Building visibility clusters...
done (0)
Finding displacement neighbors...
Finding lightmap sample positions...
Displacement Alpha : 0...1...2...3...4...5...6...7...8...9...10
Building Physics collision data...
done (0) (35708 bytes)
Placing static props...
Placing detail props : 0...1...2...3...4...5...6...7...8...9...10
Compacting texture/material tables...
Reduced 131 texinfos to 77
Reduced 10 texdatas to 8 (247 bytes to 182)
Writing c:\program files (x86)\steam\steamapps\sourcemods\who\maps\list_02.bsp
0 seconds elapsed



4 threads
reading c:\program files (x86)\steam\steamapps\sourcemods\who\maps\list_02.bsp
reading c:\program files (x86)\steam\steamapps\sourcemods\who\maps\list_02.prt
  78 portalclusters
 196 numportals
0...1...2...3...4...5...6...7...8...9...100...1...2...3...4...5...6...7...8...9...10Optimized: 0 visible clusters (0.00%)
Total clusters visible: 1752
Average clusters visible: 22
Building PAS...
Average clusters audible: 36
visdatasize:2004  compressed from 2496
writing c:\program files (x86)\steam\steamapps\sourcemods\who\maps\list_02.bsp
0 seconds elapsed



[Reading texlights from 'lights.rad']
[48 texlights parsed from 'lights.rad']

Loading c:\program files (x86)\steam\steamapps\sourcemods\who\maps\list_02.bsp
535 faces
53506 square feet [7704937.50 square inches]
0 Displacements
0 Square Feet [0.00 Square Inches]
535 patches before subdivision
33313 patches after subdivision
27 direct lights
0...1...2...3...4...5...6...7...8...9...100...1...2...3...4...5...6...7...8...9...10transfers 3201805, max 428
transfer lists:  24.4 megs
0...1...2...3...4...5...6...7...8...9...10	Bounce #1 added RGB(112050, 40597, 11995)
0...1...2...3...4...5...6...7...8...9...10	Bounce #2 added RGB(92656, 13982, 6319)
0...1...2...3...4...5...6...7...8...9...10	Bounce #3 added RGB(41653, 4994, 3970)
0...1...2...3...4...5...6...7...8...9...10	Bounce #4 added RGB(28805, 2777, 2495)
0...1...2...3...4...5...6...7...8...9...10	Bounce #5 added RGB(17883, 1688, 1577)
0...1...2...3...4...5...6...7...8...9...10	Bounce #6 added RGB(12137, 1064, 997)
0...1...2...3...4...5...6...7...8...9...10	Bounce #7 added RGB(8127, 679, 632)
0...1...2...3...4...5...6...7...8...9...10	Bounce #8 added RGB(5536, 435, 401)
0...1...2...3...4...5...6...7...8...9...10	Bounce #9 added RGB(3768, 279, 255)
0...1...2...3...4...5...6...7...8...9...10	Bounce #10 added RGB(2574, 179, 162)
0...1...2...3...4...5...6...7...8...9...10	Bounce #11 added RGB(1759, 115, 103)
0...1...2...3...4...5...6...7...8...9...10	Bounce #12 added RGB(1204, 74, 66)
0...1...2...3...4...5...6...7...8...9...10	Bounce #13 added RGB(824, 47, 42)
0...1...2...3...4...5...6...7...8...9...10	Bounce #14 added RGB(564, 31, 27)
0...1...2...3...4...5...6...7...8...9...10	Bounce #15 added RGB(386, 20, 17)
0...1...2...3...4...5...6...7...8...9...10	Bounce #16 added RGB(265, 13, 11)
0...1...2...3...4...5...6...7...8...9...10	Bounce #17 added RGB(181, 8, 7)
0...1...2...3...4...5...6...7...8...9...10	Bounce #18 added RGB(124, 5, 4)
0...1...2...3...4...5...6...7...8...9...10	Bounce #19 added RGB(85, 3, 3)
0...1...2...3...4...5...6...7...8...9...10	Bounce #20 added RGB(58, 2, 2)
0...1...2...3...4...5...6...7...8...9...10	Bounce #21 added RGB(40, 1, 1)
0...1...2...3...4...5...6...7...8...9...10	Bounce #22 added RGB(27, 1, 1)
0...1...2...3...4...5...6...7...8...9...10	Bounce #23 added RGB(19, 1, 0)
0...1...2...3...4...5...6...7...8...9...10	Bounce #24 added RGB(13, 0, 0)
0...1...2...3...4...5...6...7...8...9...10	Bounce #25 added RGB(9, 0, 0)
0...1...2...3...4...5...6...7...8...9...10	Bounce #26 added RGB(6, 0, 0)
0...1...2...3...4...5...6...7...8...9...10	Bounce #27 added RGB(4, 0, 0)
0...1...2...3...4...5...6...7...8...9...10	Bounce #28 added RGB(3, 0, 0)
0...1...2...3...4...5...6...7...8...9...10	Bounce #29 added RGB(2, 0, 0)
0...1...2...3...4...5...6...7...8...9...10	Bounce #30 added RGB(1, 0, 0)
0...1...2...3...4...5...6...7...8...9...10	Bounce #31 added RGB(1, 0, 0)
Build Patch/Sample Hash Table(s).....Done<0.0090 sec>
0...1...2...3...4...5...6...7...8...9...10FinalLightFace Done
0 of 0 (0% of) surface lights went in leaf ambient cubes.
0...1...2...3...4...5...6...7...8...9...10Writing leaf ambient...done
Computing static prop lighting : 00...1...2...3...4...5...6...7...8...9...10
Ready to Finish

Object names       Objects/Maxobjs  Memory / Maxmem  Fullness 
------------       ---------------  ---------------  -------- 
models                  12/4096          576/196608   ( 0.3%) 
brushes                 80/32768         960/393216   ( 0.2%) 
brushsides             480/65536        3840/524288   ( 0.7%) 
planes                 298/65536        5960/1310720  ( 0.5%) 
vertexes               732/65536        8784/786432   ( 1.1%) 
nodes                  234/65536        7488/2097152  ( 0.4%) 
texinfos                77/12288        5544/884736   ( 0.6%) 
texdata                  8/2048          256/65536    ( 0.4%) 
dispinfos                0/0               0/0        ( 0.0%) 
disp_verts               0/0               0/0        ( 0.0%) 
disp_tris                0/0               0/0        ( 0.0%) 
disp_lmsamples           0/0               0/0        ( 0.0%) 
faces                  535/65536       29960/3670016  ( 0.8%) 
hdr faces                0/65536           0/3670016  ( 0.0%) 
origfaces              227/65536       12712/3670016  ( 0.3%) 
leaves                 247/65536        7904/2097152  ( 0.4%) 
leaffaces              571/65536        1142/131072   ( 0.9%) 
leafbrushes            132/65536         264/131072   ( 0.2%) 
areas                    3/1024           24/8192     ( 0.3%) 
surfedges             3308/512000      13232/2048000  ( 0.6%) 
edges                 1756/256000       7024/1024000  ( 0.7%) 
LDR worldlights         27/16384        2376/1441792  ( 0.2%) 
HDR worldlights          0/16384           0/1441792  ( 0.0%) 
leafwaterdata            0/32768           0/393216   ( 0.0%) 
waterstrips             21/131072        210/1310720  ( 0.0%) 
waterverts               0/131072          0/1572864  ( 0.0%) 
waterindices           384/131072        768/262144   ( 0.3%) 
cubemapsamples           0/1024            0/16384    ( 0.0%) 
overlays                 0/1024            0/360448   ( 0.0%) 
LDR lightdata         [variable]     1078584/0        ( 0.0%) 
HDR lightdata         [variable]           0/0        ( 0.0%) 
visdata               [variable]        2004/16777216 ( 0.0%) 
entdata               [variable]       15467/393216   ( 3.9%) 
LDR ambient table      247/65536         988/262144   ( 0.4%) 
HDR ambient table      247/65536         988/262144   ( 0.4%) 
LDR leaf ambient      1151/65536       32228/1835008  ( 1.8%) 
HDR leaf ambient       247/65536        6916/1835008  ( 0.4%) 
occluders                0/0               0/0        ( 0.0%) 
occluder polygons        0/0               0/0        ( 0.0%) 
occluder vert ind        0/0               0/0        ( 0.0%) 
detail props          [variable]           1/12       ( 8.3%) 
static props          [variable]           1/284      ( 0.4%) 
pakfile               [variable]       39481/0        ( 0.0%) 
physics               [variable]       35708/4194304  ( 0.9%) 
physics terrain       [variable]           2/1048576  ( 0.0%) 

Level flags = 1

Total triangle count: 1330
Writing c:\program files (x86)\steam\steamapps\sourcemods\who\maps\list_02.bsp
4 seconds elapsed



[Reading texlights from 'lights.rad']
[48 texlights parsed from 'lights.rad']

Loading c:\program files (x86)\steam\steamapps\sourcemods\who\maps\list_02.bsp
535 faces
53506 square feet [7704937.50 square inches]
0 Displacements
0 Square Feet [0.00 Square Inches]
535 patches before subdivision
33313 patches after subdivision
27 direct lights
0...1...2...3...4...5...6...7...8...9...100...1...2...3...4...5...6...7...8...9...10transfers 3201805, max 428
transfer lists:  24.4 megs
0...1...2...3...4...5...6...7...8...9...10	Bounce #1 added RGB(112050, 40597, 11995)
0...1...2...3...4...5...6...7...8...9...10	Bounce #2 added RGB(92656, 13982, 6319)
0...1...2...3...4...5...6...7...8...9...10	Bounce #3 added RGB(41653, 4994, 3970)
0...1...2...3...4...5...6...7...8...9...10	Bounce #4 added RGB(28805, 2777, 2495)
0...1...2...3...4...5...6...7...8...9...10	Bounce #5 added RGB(17883, 1688, 1577)
0...1...2...3...4...5...6...7...8...9...10	Bounce #6 added RGB(12137, 1064, 997)
0...1...2...3...4...5...6...7...8...9...10	Bounce #7 added RGB(8127, 679, 632)
0...1...2...3...4...5...6...7...8...9...10	Bounce #8 added RGB(5536, 435, 401)
0...1...2...3...4...5...6...7...8...9...10	Bounce #9 added RGB(3768, 279, 255)
0...1...2...3...4...5...6...7...8...9...10	Bounce #10 added RGB(2574, 179, 162)
0...1...2...3...4...5...6...7...8...9...10	Bounce #11 added RGB(1759, 115, 103)
0...1...2...3...4...5...6...7...8...9...10	Bounce #12 added RGB(1204, 74, 66)
0...1...2...3...4...5...6...7...8...9...10	Bounce #13 added RGB(824, 47, 42)
0...1...2...3...4...5...6...7...8...9...10	Bounce #14 added RGB(564, 31, 27)
0...1...2...3...4...5...6...7...8...9...10	Bounce #15 added RGB(386, 20, 17)
0...1...2...3...4...5...6...7...8...9...10	Bounce #16 added RGB(265, 13, 11)
0...1...2...3...4...5...6...7...8...9...10	Bounce #17 added RGB(181, 8, 7)
0...1...2...3...4...5...6...7...8...9...10	Bounce #18 added RGB(124, 5, 4)
0...1...2...3...4...5...6...7...8...9...10	Bounce #19 added RGB(85, 3, 3)
0...1...2...3...4...5...6...7...8...9...10	Bounce #20 added RGB(58, 2, 2)
0...1...2...3...4...5...6...7...8...9...10	Bounce #21 added RGB(40, 1, 1)
0...1...2...3...4...5...6...7...8...9...10	Bounce #22 added RGB(27, 1, 1)
0...1...2...3...4...5...6...7...8...9...10	Bounce #23 added RGB(19, 1, 0)
0...1...2...3...4...5...6...7...8...9...10	Bounce #24 added RGB(13, 0, 0)
0...1...2...3...4...5...6...7...8...9...10	Bounce #25 added RGB(9, 0, 0)
0...1...2...3...4...5...6...7...8...9...10	Bounce #26 added RGB(6, 0, 0)
0...1...2...3...4...5...6...7...8...9...10	Bounce #27 added RGB(4, 0, 0)
0...1...2...3...4...5...6...7...8...9...10	Bounce #28 added RGB(3, 0, 0)
0...1...2...3...4...5...6...7...8...9...10	Bounce #29 added RGB(2, 0, 0)
0...1...2...3...4...5...6...7...8...9...10	Bounce #30 added RGB(1, 0, 0)
0...1...2...3...4...5...6...7...8...9...10	Bounce #31 added RGB(1, 0, 0)
Build Patch/Sample Hash Table(s).....Done<0.0085 sec>
0...1...2...3...4...5...6...7...8...9...10FinalLightFace Done
0 of 0 (0% of) surface lights went in leaf ambient cubes.
0...1...2...3...4...5...6...7...8...9...10Writing leaf ambient...done
Computing static prop lighting : 00...1...2...3...4...5...6...7...8...9...10
Ready to Finish

Object names       Objects/Maxobjs  Memory / Maxmem  Fullness 
------------       ---------------  ---------------  -------- 
models                  12/4096          576/196608   ( 0.3%) 
brushes                 80/32768         960/393216   ( 0.2%) 
brushsides             480/65536        3840/524288   ( 0.7%) 
planes                 298/65536        5960/1310720  ( 0.5%) 
vertexes               732/65536        8784/786432   ( 1.1%) 
nodes                  234/65536        7488/2097152  ( 0.4%) 
texinfos                77/12288        5544/884736   ( 0.6%) 
texdata                  8/2048          256/65536    ( 0.4%) 
dispinfos                0/0               0/0        ( 0.0%) 
disp_verts               0/0               0/0        ( 0.0%) 
disp_tris                0/0               0/0        ( 0.0%) 
disp_lmsamples           0/0               0/0        ( 0.0%) 
faces                  535/65536       29960/3670016  ( 0.8%) 
hdr faces              535/65536       29960/3670016  ( 0.8%) 
origfaces              227/65536       12712/3670016  ( 0.3%) 
leaves                 247/65536        7904/2097152  ( 0.4%) 
leaffaces              571/65536        1142/131072   ( 0.9%) 
leafbrushes            132/65536         264/131072   ( 0.2%) 
areas                    3/1024           24/8192     ( 0.3%) 
surfedges             3308/512000      13232/2048000  ( 0.6%) 
edges                 1756/256000       7024/1024000  ( 0.7%) 
LDR worldlights         27/16384        2376/1441792  ( 0.2%) 
HDR worldlights         27/16384        2376/1441792  ( 0.2%) 
leafwaterdata            0/32768           0/393216   ( 0.0%) 
waterstrips             21/131072        210/1310720  ( 0.0%) 
waterverts               0/131072          0/1572864  ( 0.0%) 
waterindices           384/131072        768/262144   ( 0.3%) 
cubemapsamples           0/1024            0/16384    ( 0.0%) 
overlays                 0/1024            0/360448   ( 0.0%) 
LDR lightdata         [variable]     1078584/0        ( 0.0%) 
HDR lightdata         [variable]     1078584/0        ( 0.0%) 
visdata               [variable]        2004/16777216 ( 0.0%) 
entdata               [variable]       15467/393216   ( 3.9%) 
LDR ambient table      247/65536         988/262144   ( 0.4%) 
HDR ambient table      247/65536         988/262144   ( 0.4%) 
LDR leaf ambient      1151/65536       32228/1835008  ( 1.8%) 
HDR leaf ambient      1151/65536       32228/1835008  ( 1.8%) 
occluders                0/0               0/0        ( 0.0%) 
occluder polygons        0/0               0/0        ( 0.0%) 
occluder vert ind        0/0               0/0        ( 0.0%) 
detail props          [variable]           1/12       ( 8.3%) 
static props          [variable]           1/284      ( 0.4%) 
pakfile               [variable]       78593/0        ( 0.0%) 
physics               [variable]       35708/4194304  ( 0.9%) 
physics terrain       [variable]           2/1048576  ( 0.0%) 

Level flags = 3

Total triangle count: 1330
Writing c:\program files (x86)\steam\steamapps\sourcemods\who\maps\list_02.bsp
3 seconds elapsed



materialPath: C:\Program Files (x86)\Steam\steamapps\sourcemods\who\materials
Loading c:\program files (x86)\steam\steamapps\sourcemods\who\maps\list_02.vmf
Patching WVT material: maps/list_02/dev/dev_blendmeasure_wvt_patch
fixing up env_cubemap materials on brush sides...
0...1...2...3...4...5...6...7...8...9...100...1...2...3...4...5...6...7...8...9...10Processing areas...done (0)
Building Faces...done (0)
Chop Details...done (0)
Find Visible Detail Sides...done (0)
Merging details...done (0)
FixTjuncs...
PruneNodes...
WriteBSP...
done (0)
writing c:\program files (x86)\steam\steamapps\sourcemods\who\maps\list_02.prt...Building visibility clusters...
done (0)
Finding displacement neighbors...
Finding lightmap sample positions...
Displacement Alpha : 0...1...2...3...4...5...6...7...8...9...10
Building Physics collision data...
done (0) (35708 bytes)
Placing static props...
Placing detail props : 0...1...2...3...4...5...6...7...8...9...10
Compacting texture/material tables...
Reduced 131 texinfos to 77
Reduced 10 texdatas to 8 (247 bytes to 182)
Writing c:\program files (x86)\steam\steamapps\sourcemods\who\maps\list_02.bsp
0 seconds elapsed



4 threads
reading c:\program files (x86)\steam\steamapps\sourcemods\who\maps\list_02.bsp
reading c:\program files (x86)\steam\steamapps\sourcemods\who\maps\list_02.prt
  78 portalclusters
 196 numportals
0...1...2...3...4...5...6...7...8...9...100...1...2...3...4...5...6...7...8...9...10Optimized: 0 visible clusters (0.00%)
Total clusters visible: 1752
Average clusters visible: 22
Building PAS...
Average clusters audible: 36
visdatasize:2004  compressed from 2496
writing c:\program files (x86)\steam\steamapps\sourcemods\who\maps\list_02.bsp
0 seconds elapsed



[Reading texlights from 'lights.rad']
[48 texlights parsed from 'lights.rad']

Loading c:\program files (x86)\steam\steamapps\sourcemods\who\maps\list_02.bsp
535 faces
53506 square feet [7704937.50 square inches]
0 Displacements
0 Square Feet [0.00 Square Inches]
535 patches before subdivision
33313 patches after subdivision
27 direct lights
0...1...2...3...4...5...6...7...8...9...100...1...2...3...4...5...6...7...8...9...10transfers 3201805, max 428
transfer lists:  24.4 megs
0...1...2...3...4...5...6...7...8...9...10	Bounce #1 added RGB(112050, 40597, 11995)
0...1...2...3...4...5...6...7...8...9...10	Bounce #2 added RGB(92656, 13982, 6319)
0...1...2...3...4...5...6...7...8...9...10	Bounce #3 added RGB(41653, 4994, 3970)
0...1...2...3...4...5...6...7...8...9...10	Bounce #4 added RGB(28805, 2777, 2495)
0...1...2...3...4...5...6...7...8...9...10	Bounce #5 added RGB(17883, 1688, 1577)
0...1...2...3...4...5...6...7...8...9...10	Bounce #6 added RGB(12137, 1064, 997)
0...1...2...3...4...5...6...7...8...9...10	Bounce #7 added RGB(8127, 679, 632)
0...1...2...3...4...5...6...7...8...9...10	Bounce #8 added RGB(5536, 435, 401)
0...1...2...3...4...5...6...7...8...9...10	Bounce #9 added RGB(3768, 279, 255)
0...1...2...3...4...5...6...7...8...9...10	Bounce #10 added RGB(2574, 179, 162)
0...1...2...3...4...5...6...7...8...9...10	Bounce #11 added RGB(1759, 115, 103)
0...1...2...3...4...5...6...7...8...9...10	Bounce #12 added RGB(1204, 74, 66)
0...1...2...3...4...5...6...7...8...9...10	Bounce #13 added RGB(824, 47, 42)
0...1...2...3...4...5...6...7...8...9...10	Bounce #14 added RGB(564, 31, 27)
0...1...2...3...4...5...6...7...8...9...10	Bounce #15 added RGB(386, 20, 17)
0...1...2...3...4...5...6...7...8...9...10	Bounce #16 added RGB(265, 13, 11)
0...1...2...3...4...5...6...7...8...9...10	Bounce #17 added RGB(181, 8, 7)
0...1...2...3...4...5...6...7...8...9...10	Bounce #18 added RGB(124, 5, 4)
0...1...2...3...4...5...6...7...8...9...10	Bounce #19 added RGB(85, 3, 3)
0...1...2...3...4...5...6...7...8...9...10	Bounce #20 added RGB(58, 2, 2)
0...1...2...3...4...5...6...7...8...9...10	Bounce #21 added RGB(40, 1, 1)
0...1...2...3...4...5...6...7...8...9...10	Bounce #22 added RGB(27, 1, 1)
0...1...2...3...4...5...6...7...8...9...10	Bounce #23 added RGB(19, 1, 0)
0...1...2...3...4...5...6...7...8...9...10	Bounce #24 added RGB(13, 0, 0)
0...1...2...3...4...5...6...7...8...9...10	Bounce #25 added RGB(9, 0, 0)
0...1...2...3...4...5...6...7...8...9...10	Bounce #26 added RGB(6, 0, 0)
0...1...2...3...4...5...6...7...8...9...10	Bounce #27 added RGB(4, 0, 0)
0...1...2...3...4...5...6...7...8...9...10	Bounce #28 added RGB(3, 0, 0)
0...1...2...3...4...5...6...7...8...9...10	Bounce #29 added RGB(2, 0, 0)
0...1...2...3...4...5...6...7...8...9...10	Bounce #30 added RGB(1, 0, 0)
0...1...2...3...4...5...6...7...8...9...10	Bounce #31 added RGB(1, 0, 0)
Build Patch/Sample Hash Table(s).....Done<0.0084 sec>
0...1...2...3...4...5...6...7...8...9...10FinalLightFace Done
0 of 0 (0% of) surface lights went in leaf ambient cubes.
0...1...2...3...4...5...6...7...8...9...10Writing leaf ambient...done
Computing static prop lighting : 00...1...2...3...4...5...6...7...8...9...10
Ready to Finish

Object names       Objects/Maxobjs  Memory / Maxmem  Fullness 
------------       ---------------  ---------------  -------- 
models                  12/4096          576/196608   ( 0.3%) 
brushes                 80/32768         960/393216   ( 0.2%) 
brushsides             480/65536        3840/524288   ( 0.7%) 
planes                 298/65536        5960/1310720  ( 0.5%) 
vertexes               732/65536        8784/786432   ( 1.1%) 
nodes                  234/65536        7488/2097152  ( 0.4%) 
texinfos                77/12288        5544/884736   ( 0.6%) 
texdata                  8/2048          256/65536    ( 0.4%) 
dispinfos                0/0               0/0        ( 0.0%) 
disp_verts               0/0               0/0        ( 0.0%) 
disp_tris                0/0               0/0        ( 0.0%) 
disp_lmsamples           0/0               0/0        ( 0.0%) 
faces                  535/65536       29960/3670016  ( 0.8%) 
hdr faces                0/65536           0/3670016  ( 0.0%) 
origfaces              227/65536       12712/3670016  ( 0.3%) 
leaves                 247/65536        7904/2097152  ( 0.4%) 
leaffaces              571/65536        1142/131072   ( 0.9%) 
leafbrushes            132/65536         264/131072   ( 0.2%) 
areas                    3/1024           24/8192     ( 0.3%) 
surfedges             3308/512000      13232/2048000  ( 0.6%) 
edges                 1756/256000       7024/1024000  ( 0.7%) 
LDR worldlights         27/16384        2376/1441792  ( 0.2%) 
HDR worldlights          0/16384           0/1441792  ( 0.0%) 
leafwaterdata            0/32768           0/393216   ( 0.0%) 
waterstrips             21/131072        210/1310720  ( 0.0%) 
waterverts               0/131072          0/1572864  ( 0.0%) 
waterindices           384/131072        768/262144   ( 0.3%) 
cubemapsamples           0/1024            0/16384    ( 0.0%) 
overlays                 0/1024            0/360448   ( 0.0%) 
LDR lightdata         [variable]     1078584/0        ( 0.0%) 
HDR lightdata         [variable]           0/0        ( 0.0%) 
visdata               [variable]        2004/16777216 ( 0.0%) 
entdata               [variable]       15519/393216   ( 3.9%) 
LDR ambient table      247/65536         988/262144   ( 0.4%) 
HDR ambient table      247/65536         988/262144   ( 0.4%) 
LDR leaf ambient      1151/65536       32228/1835008  ( 1.8%) 
HDR leaf ambient       247/65536        6916/1835008  ( 0.4%) 
occluders                0/0               0/0        ( 0.0%) 
occluder polygons        0/0               0/0        ( 0.0%) 
occluder vert ind        0/0               0/0        ( 0.0%) 
detail props          [variable]           1/12       ( 8.3%) 
static props          [variable]           1/284      ( 0.4%) 
pakfile               [variable]       39481/0        ( 0.0%) 
physics               [variable]       35708/4194304  ( 0.9%) 
physics terrain       [variable]           2/1048576  ( 0.0%) 

Level flags = 1

Total triangle count: 1330
Writing c:\program files (x86)\steam\steamapps\sourcemods\who\maps\list_02.bsp
3 seconds elapsed



[Reading texlights from 'lights.rad']
[48 texlights parsed from 'lights.rad']

Loading c:\program files (x86)\steam\steamapps\sourcemods\who\maps\list_02.bsp
535 faces
53506 square feet [7704937.50 square inches]
0 Displacements
0 Square Feet [0.00 Square Inches]
535 patches before subdivision
33313 patches after subdivision
27 direct lights
0...1...2...3...4...5...6...7...8...9...100...1...2...3...4...5...6...7...8...9...10transfers 3201805, max 428
transfer lists:  24.4 megs
0...1...2...3...4...5...6...7...8...9...10	Bounce #1 added RGB(112050, 40597, 11995)
0...1...2...3...4...5...6...7...8...9...10	Bounce #2 added RGB(92656, 13982, 6319)
0...1...2...3...4...5...6...7...8...9...10	Bounce #3 added RGB(41653, 4994, 3970)
0...1...2...3...4...5...6...7...8...9...10	Bounce #4 added RGB(28805, 2777, 2495)
0...1...2...3...4...5...6...7...8...9...10	Bounce #5 added RGB(17883, 1688, 1577)
0...1...2...3...4...5...6...7...8...9...10	Bounce #6 added RGB(12137, 1064, 997)
0...1...2...3...4...5...6...7...8...9...10	Bounce #7 added RGB(8127, 679, 632)
0...1...2...3...4...5...6...7...8...9...10	Bounce #8 added RGB(5536, 435, 401)
0...1...2...3...4...5...6...7...8...9...10	Bounce #9 added RGB(3768, 279, 255)
0...1...2...3...4...5...6...7...8...9...10	Bounce #10 added RGB(2574, 179, 162)
0...1...2...3...4...5...6...7...8...9...10	Bounce #11 added RGB(1759, 115, 103)
0...1...2...3...4...5...6...7...8...9...10	Bounce #12 added RGB(1204, 74, 66)
0...1...2...3...4...5...6...7...8...9...10	Bounce #13 added RGB(824, 47, 42)
0...1...2...3...4...5...6...7...8...9...10	Bounce #14 added RGB(564, 31, 27)
0...1...2...3...4...5...6...7...8...9...10	Bounce #15 added RGB(386, 20, 17)
0...1...2...3...4...5...6...7...8...9...10	Bounce #16 added RGB(265, 13, 11)
0...1...2...3...4...5...6...7...8...9...10	Bounce #17 added RGB(181, 8, 7)
0...1...2...3...4...5...6...7...8...9...10	Bounce #18 added RGB(124, 5, 4)
0...1...2...3...4...5...6...7...8...9...10	Bounce #19 added RGB(85, 3, 3)
0...1...2...3...4...5...6...7...8...9...10	Bounce #20 added RGB(58, 2, 2)
0...1...2...3...4...5...6...7...8...9...10	Bounce #21 added RGB(40, 1, 1)
0...1...2...3...4...5...6...7...8...9...10	Bounce #22 added RGB(27, 1, 1)
0...1...2...3...4...5...6...7...8...9...10	Bounce #23 added RGB(19, 1, 0)
0...1...2...3...4...5...6...7...8...9...10	Bounce #24 added RGB(13, 0, 0)
0...1...2...3...4...5...6...7...8...9...10	Bounce #25 added RGB(9, 0, 0)
0...1...2...3...4...5...6...7...8...9...10	Bounce #26 added RGB(6, 0, 0)
0...1...2...3...4...5...6...7...8...9...10	Bounce #27 added RGB(4, 0, 0)
0...1...2...3...4...5...6...7...8...9...10	Bounce #28 added RGB(3, 0, 0)
0...1...2...3...4...5...6...7...8...9...10	Bounce #29 added RGB(2, 0, 0)
0...1...2...3...4...5...6...7...8...9...10	Bounce #30 added RGB(1, 0, 0)
0...1...2...3...4...5...6...7...8...9...10	Bounce #31 added RGB(1, 0, 0)
Build Patch/Sample Hash Table(s).....Done<0.0086 sec>
0...1...2...3...4...5...6...7...8...9...10FinalLightFace Done
0 of 0 (0% of) surface lights went in leaf ambient cubes.
0...1...2...3...4...5...6...7...8...9...10Writing leaf ambient...done
Computing static prop lighting : 00...1...2...3...4...5...6...7...8...9...10
Ready to Finish

Object names       Objects/Maxobjs  Memory / Maxmem  Fullness 
------------       ---------------  ---------------  -------- 
models                  12/4096          576/196608   ( 0.3%) 
brushes                 80/32768         960/393216   ( 0.2%) 
brushsides             480/65536        3840/524288   ( 0.7%) 
planes                 298/65536        5960/1310720  ( 0.5%) 
vertexes               732/65536        8784/786432   ( 1.1%) 
nodes                  234/65536        7488/2097152  ( 0.4%) 
texinfos                77/12288        5544/884736   ( 0.6%) 
texdata                  8/2048          256/65536    ( 0.4%) 
dispinfos                0/0               0/0        ( 0.0%) 
disp_verts               0/0               0/0        ( 0.0%) 
disp_tris                0/0               0/0        ( 0.0%) 
disp_lmsamples           0/0               0/0        ( 0.0%) 
faces                  535/65536       29960/3670016  ( 0.8%) 
hdr faces              535/65536       29960/3670016  ( 0.8%) 
origfaces              227/65536       12712/3670016  ( 0.3%) 
leaves                 247/65536        7904/2097152  ( 0.4%) 
leaffaces              571/65536        1142/131072   ( 0.9%) 
leafbrushes            132/65536         264/131072   ( 0.2%) 
areas                    3/1024           24/8192     ( 0.3%) 
surfedges             3308/512000      13232/2048000  ( 0.6%) 
edges                 1756/256000       7024/1024000  ( 0.7%) 
LDR worldlights         27/16384        2376/1441792  ( 0.2%) 
HDR worldlights         27/16384        2376/1441792  ( 0.2%) 
leafwaterdata            0/32768           0/393216   ( 0.0%) 
waterstrips             21/131072        210/1310720  ( 0.0%) 
waterverts               0/131072          0/1572864  ( 0.0%) 
waterindices           384/131072        768/262144   ( 0.3%) 
cubemapsamples           0/1024            0/16384    ( 0.0%) 
overlays                 0/1024            0/360448   ( 0.0%) 
LDR lightdata         [variable]     1078584/0        ( 0.0%) 
HDR lightdata         [variable]     1078584/0        ( 0.0%) 
visdata               [variable]        2004/16777216 ( 0.0%) 
entdata               [variable]       15519/393216   ( 3.9%) 
LDR ambient table      247/65536         988/262144   ( 0.4%) 
HDR ambient table      247/65536         988/262144   ( 0.4%) 
LDR leaf ambient      1151/65536       32228/1835008  ( 1.8%) 
HDR leaf ambient      1151/65536       32228/1835008  ( 1.8%) 
occluders                0/0               0/0        ( 0.0%) 
occluder polygons        0/0               0/0        ( 0.0%) 
occluder vert ind        0/0               0/0        ( 0.0%) 
detail props          [variable]           1/12       ( 8.3%) 
static props          [variable]           1/284      ( 0.4%) 
pakfile               [variable]       78593/0        ( 0.0%) 
physics               [variable]       35708/4194304  ( 0.9%) 
physics terrain       [variable]           2/1048576  ( 0.0%) 

Level flags = 3

Total triangle count: 1330
Writing c:\program files (x86)\steam\steamapps\sourcemods\who\maps\list_02.bsp
3 seconds elapsed



materialPath: C:\Program Files (x86)\Steam\steamapps\sourcemods\who\materials
Loading c:\program files (x86)\steam\steamapps\sourcemods\who\maps\list_02.vmf
Patching WVT material: maps/list_02/dev/dev_blendmeasure_wvt_patch
fixing up env_cubemap materials on brush sides...
0...1...2...3...4...5...6...7...8...9...100...1...2...3...4...5...6...7...8...9...10Processing areas...done (0)
Building Faces...done (0)
Chop Details...done (0)
Find Visible Detail Sides...done (0)
Merging details...done (0)
FixTjuncs...
PruneNodes...
WriteBSP...
done (0)
writing c:\program files (x86)\steam\steamapps\sourcemods\who\maps\list_02.prt...Building visibility clusters...
done (0)
Finding displacement neighbors...
Finding lightmap sample positions...
Displacement Alpha : 0...1...2...3...4...5...6...7...8...9...10
Building Physics collision data...
done (0) (35708 bytes)
Placing static props...
Placing detail props : 0...1...2...3...4...5...6...7...8...9...10
Compacting texture/material tables...
Reduced 130 texinfos to 78
Reduced 10 texdatas to 8 (247 bytes to 182)
Writing c:\program files (x86)\steam\steamapps\sourcemods\who\maps\list_02.bsp
0 seconds elapsed



4 threads
reading c:\program files (x86)\steam\steamapps\sourcemods\who\maps\list_02.bsp
reading c:\program files (x86)\steam\steamapps\sourcemods\who\maps\list_02.prt
  78 portalclusters
 196 numportals
0...1...2...3...4...5...6...7...8...9...100...1...2...3...4...5...6...7...8...9...10Optimized: 0 visible clusters (0.00%)
Total clusters visible: 1752
Average clusters visible: 22
Building PAS...
Average clusters audible: 36
visdatasize:2004  compressed from 2496
writing c:\program files (x86)\steam\steamapps\sourcemods\who\maps\list_02.bsp
0 seconds elapsed



[Reading texlights from 'lights.rad']
[48 texlights parsed from 'lights.rad']

Loading c:\program files (x86)\steam\steamapps\sourcemods\who\maps\list_02.bsp
535 faces
53506 square feet [7704937.50 square inches]
0 Displacements
0 Square Feet [0.00 Square Inches]
535 patches before subdivision
33313 patches after subdivision
27 direct lights
0...1...2...3...4...5...6...7...8...9...100...1...2...3...4...5...6...7...8...9...10transfers 3201810, max 428
transfer lists:  24.4 megs
0...1...2...3...4...5...6...7...8...9...10	Bounce #1 added RGB(112049, 40596, 11995)
0...1...2...3...4...5...6...7...8...9...10	Bounce #2 added RGB(92658, 13984, 6321)
0...1...2...3...4...5...6...7...8...9...10	Bounce #3 added RGB(41655, 4996, 3971)
0...1...2...3...4...5...6...7...8...9...10	Bounce #4 added RGB(28806, 2778, 2496)
0...1...2...3...4...5...6...7...8...9...10	Bounce #5 added RGB(17884, 1688, 1577)
0...1...2...3...4...5...6...7...8...9...10	Bounce #6 added RGB(12138, 1065, 998)
0...1...2...3...4...5...6...7...8...9...10	Bounce #7 added RGB(8128, 679, 633)
0...1...2...3...4...5...6...7...8...9...10	Bounce #8 added RGB(5536, 435, 402)
0...1...2...3...4...5...6...7...8...9...10	Bounce #9 added RGB(3768, 279, 255)
0...1...2...3...4...5...6...7...8...9...10	Bounce #10 added RGB(2574, 179, 162)
0...1...2...3...4...5...6...7...8...9...10	Bounce #11 added RGB(1760, 115, 103)
0...1...2...3...4...5...6...7...8...9...10	Bounce #12 added RGB(1204, 74, 66)
0...1...2...3...4...5...6...7...8...9...10	Bounce #13 added RGB(824, 48, 42)
0...1...2...3...4...5...6...7...8...9...10	Bounce #14 added RGB(564, 31, 27)
0...1...2...3...4...5...6...7...8...9...10	Bounce #15 added RGB(386, 20, 17)
0...1...2...3...4...5...6...7...8...9...10	Bounce #16 added RGB(265, 13, 11)
0...1...2...3...4...5...6...7...8...9...10	Bounce #17 added RGB(181, 8, 7)
0...1...2...3...4...5...6...7...8...9...10	Bounce #18 added RGB(124, 5, 4)
0...1...2...3...4...5...6...7...8...9...10	Bounce #19 added RGB(85, 3, 3)
0...1...2...3...4...5...6...7...8...9...10	Bounce #20 added RGB(58, 2, 2)
0...1...2...3...4...5...6...7...8...9...10	Bounce #21 added RGB(40, 1, 1)
0...1...2...3...4...5...6...7...8...9...10	Bounce #22 added RGB(27, 1, 1)
0...1...2...3...4...5...6...7...8...9...10	Bounce #23 added RGB(19, 1, 0)
0...1...2...3...4...5...6...7...8...9...10	Bounce #24 added RGB(13, 0, 0)
0...1...2...3...4...5...6...7...8...9...10	Bounce #25 added RGB(9, 0, 0)
0...1...2...3...4...5...6...7...8...9...10	Bounce #26 added RGB(6, 0, 0)
0...1...2...3...4...5...6...7...8...9...10	Bounce #27 added RGB(4, 0, 0)
0...1...2...3...4...5...6...7...8...9...10	Bounce #28 added RGB(3, 0, 0)
0...1...2...3...4...5...6...7...8...9...10	Bounce #29 added RGB(2, 0, 0)
0...1...2...3...4...5...6...7...8...9...10	Bounce #30 added RGB(1, 0, 0)
0...1...2...3...4...5...6...7...8...9...10	Bounce #31 added RGB(1, 0, 0)
Build Patch/Sample Hash Table(s).....Done<0.0084 sec>
0...1...2...3...4...5...6...7...8...9...10FinalLightFace Done
0 of 0 (0% of) surface lights went in leaf ambient cubes.
0...1...2...3...4...5...6...7...8...9...10Writing leaf ambient...done
Computing static prop lighting : 00...1...2...3...4...5...6...7...8...9...10
Ready to Finish

Object names       Objects/Maxobjs  Memory / Maxmem  Fullness 
------------       ---------------  ---------------  -------- 
models                  12/4096          576/196608   ( 0.3%) 
brushes                 80/32768         960/393216   ( 0.2%) 
brushsides             480/65536        3840/524288   ( 0.7%) 
planes                 298/65536        5960/1310720  ( 0.5%) 
vertexes               732/65536        8784/786432   ( 1.1%) 
nodes                  234/65536        7488/2097152  ( 0.4%) 
texinfos                78/12288        5616/884736   ( 0.6%) 
texdata                  8/2048          256/65536    ( 0.4%) 
dispinfos                0/0               0/0        ( 0.0%) 
disp_verts               0/0               0/0        ( 0.0%) 
disp_tris                0/0               0/0        ( 0.0%) 
disp_lmsamples           0/0               0/0        ( 0.0%) 
faces                  535/65536       29960/3670016  ( 0.8%) 
hdr faces                0/65536           0/3670016  ( 0.0%) 
origfaces              227/65536       12712/3670016  ( 0.3%) 
leaves                 247/65536        7904/2097152  ( 0.4%) 
leaffaces              571/65536        1142/131072   ( 0.9%) 
leafbrushes            132/65536         264/131072   ( 0.2%) 
areas                    3/1024           24/8192     ( 0.3%) 
surfedges             3308/512000      13232/2048000  ( 0.6%) 
edges                 1756/256000       7024/1024000  ( 0.7%) 
LDR worldlights         27/16384        2376/1441792  ( 0.2%) 
HDR worldlights          0/16384           0/1441792  ( 0.0%) 
leafwaterdata            0/32768           0/393216   ( 0.0%) 
waterstrips             21/131072        210/1310720  ( 0.0%) 
waterverts               0/131072          0/1572864  ( 0.0%) 
waterindices           384/131072        768/262144   ( 0.3%) 
cubemapsamples           0/1024            0/16384    ( 0.0%) 
overlays                 0/1024            0/360448   ( 0.0%) 
LDR lightdata         [variable]     1078584/0        ( 0.0%) 
HDR lightdata         [variable]           0/0        ( 0.0%) 
visdata               [variable]        2004/16777216 ( 0.0%) 
entdata               [variable]       15519/393216   ( 3.9%) 
LDR ambient table      247/65536         988/262144   ( 0.4%) 
HDR ambient table      247/65536         988/262144   ( 0.4%) 
LDR leaf ambient      1151/65536       32228/1835008  ( 1.8%) 
HDR leaf ambient       247/65536        6916/1835008  ( 0.4%) 
occluders                0/0               0/0        ( 0.0%) 
occluder polygons        0/0               0/0        ( 0.0%) 
occluder vert ind        0/0               0/0        ( 0.0%) 
detail props          [variable]           1/12       ( 8.3%) 
static props          [variable]           1/284      ( 0.4%) 
pakfile               [variable]       39481/0        ( 0.0%) 
physics               [variable]       35708/4194304  ( 0.9%) 
physics terrain       [variable]           2/1048576  ( 0.0%) 

Level flags = 1

Total triangle count: 1330
Writing c:\program files (x86)\steam\steamapps\sourcemods\who\maps\list_02.bsp
3 seconds elapsed



[Reading texlights from 'lights.rad']
[48 texlights parsed from 'lights.rad']

Loading c:\program files (x86)\steam\steamapps\sourcemods\who\maps\list_02.bsp
535 faces
53506 square feet [7704937.50 square inches]
0 Displacements
0 Square Feet [0.00 Square Inches]
535 patches before subdivision
33313 patches after subdivision
27 direct lights
0...1...2...3...4...5...6...7...8...9...100...1...2...3...4...5...6...7...8...9...10transfers 3201810, max 428
transfer lists:  24.4 megs
0...1...2...3...4...5...6...7...8...9...10	Bounce #1 added RGB(112049, 40596, 11995)
0...1...2...3...4...5...6...7...8...9...10	Bounce #2 added RGB(92658, 13984, 6321)
0...1...2...3...4...5...6...7...8...9...10	Bounce #3 added RGB(41655, 4996, 3971)
0...1...2...3...4...5...6...7...8...9...10	Bounce #4 added RGB(28806, 2778, 2496)
0...1...2...3...4...5...6...7...8...9...10	Bounce #5 added RGB(17884, 1688, 1577)
0...1...2...3...4...5...6...7...8...9...10	Bounce #6 added RGB(12138, 1065, 998)
0...1...2...3...4...5...6...7...8...9...10	Bounce #7 added RGB(8128, 679, 633)
0...1...2...3...4...5...6...7...8...9...10	Bounce #8 added RGB(5536, 435, 402)
0...1...2...3...4...5...6...7...8...9...10	Bounce #9 added RGB(3768, 279, 255)
0...1...2...3...4...5...6...7...8...9...10	Bounce #10 added RGB(2574, 179, 162)
0...1...2...3...4...5...6...7...8...9...10	Bounce #11 added RGB(1760, 115, 103)
0...1...2...3...4...5...6...7...8...9...10	Bounce #12 added RGB(1204, 74, 66)
0...1...2...3...4...5...6...7...8...9...10	Bounce #13 added RGB(824, 48, 42)
0...1...2...3...4...5...6...7...8...9...10	Bounce #14 added RGB(564, 31, 27)
0...1...2...3...4...5...6...7...8...9...10	Bounce #15 added RGB(386, 20, 17)
0...1...2...3...4...5...6...7...8...9...10	Bounce #16 added RGB(265, 13, 11)
0...1...2...3...4...5...6...7...8...9...10	Bounce #17 added RGB(181, 8, 7)
0...1...2...3...4...5...6...7...8...9...10	Bounce #18 added RGB(124, 5, 4)
0...1...2...3...4...5...6...7...8...9...10	Bounce #19 added RGB(85, 3, 3)
0...1...2...3...4...5...6...7...8...9...10	Bounce #20 added RGB(58, 2, 2)
0...1...2...3...4...5...6...7...8...9...10	Bounce #21 added RGB(40, 1, 1)
0...1...2...3...4...5...6...7...8...9...10	Bounce #22 added RGB(27, 1, 1)
0...1...2...3...4...5...6...7...8...9...10	Bounce #23 added RGB(19, 1, 0)
0...1...2...3...4...5...6...7...8...9...10	Bounce #24 added RGB(13, 0, 0)
0...1...2...3...4...5...6...7...8...9...10	Bounce #25 added RGB(9, 0, 0)
0...1...2...3...4...5...6...7...8...9...10	Bounce #26 added RGB(6, 0, 0)
0...1...2...3...4...5...6...7...8...9...10	Bounce #27 added RGB(4, 0, 0)
0...1...2...3...4...5...6...7...8...9...10	Bounce #28 added RGB(3, 0, 0)
0...1...2...3...4...5...6...7...8...9...10	Bounce #29 added RGB(2, 0, 0)
0...1...2...3...4...5...6...7...8...9...10	Bounce #30 added RGB(1, 0, 0)
0...1...2...3...4...5...6...7...8...9...10	Bounce #31 added RGB(1, 0, 0)
Build Patch/Sample Hash Table(s).....Done<0.0084 sec>
0...1...2...3...4...5...6...7...8...9...10FinalLightFace Done
0 of 0 (0% of) surface lights went in leaf ambient cubes.
0...1...2...3...4...5...6...7...8...9...10Writing leaf ambient...done
Computing static prop lighting : 00...1...2...3...4...5...6...7...8...9...10
Ready to Finish

Object names       Objects/Maxobjs  Memory / Maxmem  Fullness 
------------       ---------------  ---------------  -------- 
models                  12/4096          576/196608   ( 0.3%) 
brushes                 80/32768         960/393216   ( 0.2%) 
brushsides             480/65536        3840/524288   ( 0.7%) 
planes                 298/65536        5960/1310720  ( 0.5%) 
vertexes               732/65536        8784/786432   ( 1.1%) 
nodes                  234/65536        7488/2097152  ( 0.4%) 
texinfos                78/12288        5616/884736   ( 0.6%) 
texdata                  8/2048          256/65536    ( 0.4%) 
dispinfos                0/0               0/0        ( 0.0%) 
disp_verts               0/0               0/0        ( 0.0%) 
disp_tris                0/0               0/0        ( 0.0%) 
disp_lmsamples           0/0               0/0        ( 0.0%) 
faces                  535/65536       29960/3670016  ( 0.8%) 
hdr faces              535/65536       29960/3670016  ( 0.8%) 
origfaces              227/65536       12712/3670016  ( 0.3%) 
leaves                 247/65536        7904/2097152  ( 0.4%) 
leaffaces              571/65536        1142/131072   ( 0.9%) 
leafbrushes            132/65536         264/131072   ( 0.2%) 
areas                    3/1024           24/8192     ( 0.3%) 
surfedges             3308/512000      13232/2048000  ( 0.6%) 
edges                 1756/256000       7024/1024000  ( 0.7%) 
LDR worldlights         27/16384        2376/1441792  ( 0.2%) 
HDR worldlights         27/16384        2376/1441792  ( 0.2%) 
leafwaterdata            0/32768           0/393216   ( 0.0%) 
waterstrips             21/131072        210/1310720  ( 0.0%) 
waterverts               0/131072          0/1572864  ( 0.0%) 
waterindices           384/131072        768/262144   ( 0.3%) 
cubemapsamples           0/1024            0/16384    ( 0.0%) 
overlays                 0/1024            0/360448   ( 0.0%) 
LDR lightdata         [variable]     1078584/0        ( 0.0%) 
HDR lightdata         [variable]     1078584/0        ( 0.0%) 
visdata               [variable]        2004/16777216 ( 0.0%) 
entdata               [variable]       15519/393216   ( 3.9%) 
LDR ambient table      247/65536         988/262144   ( 0.4%) 
HDR ambient table      247/65536         988/262144   ( 0.4%) 
LDR leaf ambient      1151/65536       32228/1835008  ( 1.8%) 
HDR leaf ambient      1151/65536       32228/1835008  ( 1.8%) 
occluders                0/0               0/0        ( 0.0%) 
occluder polygons        0/0               0/0        ( 0.0%) 
occluder vert ind        0/0               0/0        ( 0.0%) 
detail props          [variable]           1/12       ( 8.3%) 
static props          [variable]           1/284      ( 0.4%) 
pakfile               [variable]       78593/0        ( 0.0%) 
physics               [variable]       35708/4194304  ( 0.9%) 
physics terrain       [variable]           2/1048576  ( 0.0%) 

Level flags = 3

Total triangle count: 1330
Writing c:\program files (x86)\steam\steamapps\sourcemods\who\maps\list_02.bsp
4 seconds elapsed



materialPath: C:\Program Files (x86)\Steam\steamapps\sourcemods\who\materials
Loading c:\program files (x86)\steam\steamapps\sourcemods\who\maps\list_02.vmf
Patching WVT material: maps/list_02/dev/dev_blendmeasure_wvt_patch
fixing up env_cubemap materials on brush sides...
0...1...2...3...4...5...6...7...8...9...100...1...2...3...4...5...6...7...8...9...10Processing areas...done (0)
Building Faces...done (0)
Chop Details...done (0)
Find Visible Detail Sides...done (0)
Merging details...done (0)
FixTjuncs...
PruneNodes...
WriteBSP...
done (0)
writing c:\program files (x86)\steam\steamapps\sourcemods\who\maps\list_02.prt...Building visibility clusters...
done (0)
Finding displacement neighbors...
Finding lightmap sample positions...
Displacement Alpha : 0...1...2...3...4...5...6...7...8...9...10
Building Physics collision data...
done (0) (35708 bytes)
Placing static props...
Placing detail props : 0...1...2...3...4...5...6...7...8...9...10
Compacting texture/material tables...
Reduced 130 texinfos to 78
Reduced 10 texdatas to 8 (247 bytes to 182)
Writing c:\program files (x86)\steam\steamapps\sourcemods\who\maps\list_02.bsp
0 seconds elapsed



4 threads
reading c:\program files (x86)\steam\steamapps\sourcemods\who\maps\list_02.bsp
reading c:\program files (x86)\steam\steamapps\sourcemods\who\maps\list_02.prt
  78 portalclusters
 196 numportals
0...1...2...3...4...5...6...7...8...9...100...1...2...3...4...5...6...7...8...9...10Optimized: 0 visible clusters (0.00%)
Total clusters visible: 1752
Average clusters visible: 22
Building PAS...
Average clusters audible: 36
visdatasize:2004  compressed from 2496
writing c:\program files (x86)\steam\steamapps\sourcemods\who\maps\list_02.bsp
0 seconds elapsed



[Reading texlights from 'lights.rad']
[48 texlights parsed from 'lights.rad']

Loading c:\program files (x86)\steam\steamapps\sourcemods\who\maps\list_02.bsp
535 faces
53506 square feet [7704937.50 square inches]
0 Displacements
0 Square Feet [0.00 Square Inches]
535 patches before subdivision
33313 patches after subdivision
27 direct lights
0...1...2...3...4...5...6...7...8...9...100...1...2...3...4...5...6...7...8...9...10transfers 3201810, max 428
transfer lists:  24.4 megs
0...1...2...3...4...5...6...7...8...9...10	Bounce #1 added RGB(112049, 40596, 11995)
0...1...2...3...4...5...6...7...8...9...10	Bounce #2 added RGB(92657, 13984, 6321)
0...1...2...3...4...5...6...7...8...9...10	Bounce #3 added RGB(41655, 4996, 3971)
0...1...2...3...4...5...6...7...8...9...10	Bounce #4 added RGB(28806, 2778, 2496)
0...1...2...3...4...5...6...7...8...9...10	Bounce #5 added RGB(17884, 1688, 1577)
0...1...2...3...4...5...6...7...8...9...10	Bounce #6 added RGB(12138, 1065, 998)
0...1...2...3...4...5...6...7...8...9...10	Bounce #7 added RGB(8128, 679, 633)
0...1...2...3...4...5...6...7...8...9...10	Bounce #8 added RGB(5536, 435, 402)
0...1...2...3...4...5...6...7...8...9...10	Bounce #9 added RGB(3768, 279, 255)
0...1...2...3...4...5...6...7...8...9...10	Bounce #10 added RGB(2574, 179, 162)
0...1...2...3...4...5...6...7...8...9...10	Bounce #11 added RGB(1760, 115, 103)
0...1...2...3...4...5...6...7...8...9...10	Bounce #12 added RGB(1204, 74, 66)
0...1...2...3...4...5...6...7...8...9...10	Bounce #13 added RGB(824, 48, 42)
0...1...2...3...4...5...6...7...8...9...10	Bounce #14 added RGB(564, 31, 27)
0...1...2...3...4...5...6...7...8...9...10	Bounce #15 added RGB(386, 20, 17)
0...1...2...3...4...5...6...7...8...9...10	Bounce #16 added RGB(265, 13, 11)
0...1...2...3...4...5...6...7...8...9...10	Bounce #17 added RGB(181, 8, 7)
0...1...2...3...4...5...6...7...8...9...10	Bounce #18 added RGB(124, 5, 4)
0...1...2...3...4...5...6...7...8...9...10	Bounce #19 added RGB(85, 3, 3)
0...1...2...3...4...5...6...7...8...9...10	Bounce #20 added RGB(58, 2, 2)
0...1...2...3...4...5...6...7...8...9...10	Bounce #21 added RGB(40, 1, 1)
0...1...2...3...4...5...6...7...8...9...10	Bounce #22 added RGB(27, 1, 1)
0...1...2...3...4...5...6...7...8...9...10	Bounce #23 added RGB(19, 1, 0)
0...1...2...3...4...5...6...7...8...9...10	Bounce #24 added RGB(13, 0, 0)
0...1...2...3...4...5...6...7...8...9...10	Bounce #25 added RGB(9, 0, 0)
0...1...2...3...4...5...6...7...8...9...10	Bounce #26 added RGB(6, 0, 0)
0...1...2...3...4...5...6...7...8...9...10	Bounce #27 added RGB(4, 0, 0)
0...1...2...3...4...5...6...7...8...9...10	Bounce #28 added RGB(3, 0, 0)
0...1...2...3...4...5...6...7...8...9...10	Bounce #29 added RGB(2, 0, 0)
0...1...2...3...4...5...6...7...8...9...10	Bounce #30 added RGB(1, 0, 0)
0...1...2...3...4...5...6...7...8...9...10	Bounce #31 added RGB(1, 0, 0)
Build Patch/Sample Hash Table(s).....Done<0.0093 sec>
0...1...2...3...4...5...6...7...8...9...10FinalLightFace Done
0 of 0 (0% of) surface lights went in leaf ambient cubes.
0...1...2...3...4...5...6...7...8...9...10Writing leaf ambient...done
Computing static prop lighting : 00...1...2...3...4...5...6...7...8...9...10
Ready to Finish

Object names       Objects/Maxobjs  Memory / Maxmem  Fullness 
------------       ---------------  ---------------  -------- 
models                  12/4096          576/196608   ( 0.3%) 
brushes                 80/32768         960/393216   ( 0.2%) 
brushsides             480/65536        3840/524288   ( 0.7%) 
planes                 298/65536        5960/1310720  ( 0.5%) 
vertexes               732/65536        8784/786432   ( 1.1%) 
nodes                  234/65536        7488/2097152  ( 0.4%) 
texinfos                78/12288        5616/884736   ( 0.6%) 
texdata                  8/2048          256/65536    ( 0.4%) 
dispinfos                0/0               0/0        ( 0.0%) 
disp_verts               0/0               0/0        ( 0.0%) 
disp_tris                0/0               0/0        ( 0.0%) 
disp_lmsamples           0/0               0/0        ( 0.0%) 
faces                  535/65536       29960/3670016  ( 0.8%) 
hdr faces                0/65536           0/3670016  ( 0.0%) 
origfaces              227/65536       12712/3670016  ( 0.3%) 
leaves                 247/65536        7904/2097152  ( 0.4%) 
leaffaces              571/65536        1142/131072   ( 0.9%) 
leafbrushes            132/65536         264/131072   ( 0.2%) 
areas                    3/1024           24/8192     ( 0.3%) 
surfedges             3308/512000      13232/2048000  ( 0.6%) 
edges                 1756/256000       7024/1024000  ( 0.7%) 
LDR worldlights         27/16384        2376/1441792  ( 0.2%) 
HDR worldlights          0/16384           0/1441792  ( 0.0%) 
leafwaterdata            0/32768           0/393216   ( 0.0%) 
waterstrips             21/131072        210/1310720  ( 0.0%) 
waterverts               0/131072          0/1572864  ( 0.0%) 
waterindices           384/131072        768/262144   ( 0.3%) 
cubemapsamples           0/1024            0/16384    ( 0.0%) 
overlays                 0/1024            0/360448   ( 0.0%) 
LDR lightdata         [variable]     1078584/0        ( 0.0%) 
HDR lightdata         [variable]           0/0        ( 0.0%) 
visdata               [variable]        2004/16777216 ( 0.0%) 
entdata               [variable]       15512/393216   ( 3.9%) 
LDR ambient table      247/65536         988/262144   ( 0.4%) 
HDR ambient table      247/65536         988/262144   ( 0.4%) 
LDR leaf ambient      1151/65536       32228/1835008  ( 1.8%) 
HDR leaf ambient       247/65536        6916/1835008  ( 0.4%) 
occluders                0/0               0/0        ( 0.0%) 
occluder polygons        0/0               0/0        ( 0.0%) 
occluder vert ind        0/0               0/0        ( 0.0%) 
detail props          [variable]           1/12       ( 8.3%) 
static props          [variable]           1/284      ( 0.4%) 
pakfile               [variable]       39481/0        ( 0.0%) 
physics               [variable]       35708/4194304  ( 0.9%) 
physics terrain       [variable]           2/1048576  ( 0.0%) 

Level flags = 1

Total triangle count: 1330
Writing c:\program files (x86)\steam\steamapps\sourcemods\who\maps\list_02.bsp
4 seconds elapsed



[Reading texlights from 'lights.rad']
[48 texlights parsed from 'lights.rad']

Loading c:\program files (x86)\steam\steamapps\sourcemods\who\maps\list_02.bsp
535 faces
53506 square feet [7704937.50 square inches]
0 Displacements
0 Square Feet [0.00 Square Inches]
535 patches before subdivision
33313 patches after subdivision
27 direct lights
0...1...2...3...4...5...6...7...8...9...100...1...2...3...4...5...6...7...8...9...10transfers 3201810, max 428
transfer lists:  24.4 megs
0...1...2...3...4...5...6...7...8...9...10	Bounce #1 added RGB(112049, 40596, 11995)
0...1...2...3...4...5...6...7...8...9...10	Bounce #2 added RGB(92658, 13984, 6321)
0...1...2...3...4...5...6...7...8...9...10	Bounce #3 added RGB(41655, 4996, 3971)
0...1...2...3...4...5...6...7...8...9...10	Bounce #4 added RGB(28806, 2778, 2496)
0...1...2...3...4...5...6...7...8...9...10	Bounce #5 added RGB(17884, 1688, 1577)
0...1...2...3...4...5...6...7...8...9...10	Bounce #6 added RGB(12138, 1065, 998)
0...1...2...3...4...5...6...7...8...9...10	Bounce #7 added RGB(8128, 679, 633)
0...1...2...3...4...5...6...7...8...9...10	Bounce #8 added RGB(5536, 435, 402)
0...1...2...3...4...5...6...7...8...9...10	Bounce #9 added RGB(3768, 279, 255)
0...1...2...3...4...5...6...7...8...9...10	Bounce #10 added RGB(2574, 179, 162)
0...1...2...3...4...5...6...7...8...9...10	Bounce #11 added RGB(1760, 115, 103)
0...1...2...3...4...5...6...7...8...9...10	Bounce #12 added RGB(1204, 74, 66)
0...1...2...3...4...5...6...7...8...9...10	Bounce #13 added RGB(824, 48, 42)
0...1...2...3...4...5...6...7...8...9...10	Bounce #14 added RGB(564, 31, 27)
0...1...2...3...4...5...6...7...8...9...10	Bounce #15 added RGB(386, 20, 17)
0...1...2...3...4...5...6...7...8...9...10	Bounce #16 added RGB(265, 13, 11)
0...1...2...3...4...5...6...7...8...9...10	Bounce #17 added RGB(181, 8, 7)
0...1...2...3...4...5...6...7...8...9...10	Bounce #18 added RGB(124, 5, 4)
0...1...2...3...4...5...6...7...8...9...10	Bounce #19 added RGB(85, 3, 3)
0...1...2...3...4...5...6...7...8...9...10	Bounce #20 added RGB(58, 2, 2)
0...1...2...3...4...5...6...7...8...9...10	Bounce #21 added RGB(40, 1, 1)
0...1...2...3...4...5...6...7...8...9...10	Bounce #22 added RGB(27, 1, 1)
0...1...2...3...4...5...6...7...8...9...10	Bounce #23 added RGB(19, 1, 0)
0...1...2...3...4...5...6...7...8...9...10	Bounce #24 added RGB(13, 0, 0)
0...1...2...3...4...5...6...7...8...9...10	Bounce #25 added RGB(9, 0, 0)
0...1...2...3...4...5...6...7...8...9...10	Bounce #26 added RGB(6, 0, 0)
0...1...2...3...4...5...6...7...8...9...10	Bounce #27 added RGB(4, 0, 0)
0...1...2...3...4...5...6...7...8...9...10	Bounce #28 added RGB(3, 0, 0)
0...1...2...3...4...5...6...7...8...9...10	Bounce #29 added RGB(2, 0, 0)
0...1...2...3...4...5...6...7...8...9...10	Bounce #30 added RGB(1, 0, 0)
0...1...2...3...4...5...6...7...8...9...10	Bounce #31 added RGB(1, 0, 0)
Build Patch/Sample Hash Table(s).....Done<0.0083 sec>
0...1...2...3...4...5...6...7...8...9...10FinalLightFace Done
0 of 0 (0% of) surface lights went in leaf ambient cubes.
0...1...2...3...4...5...6...7...8...9...10Writing leaf ambient...done
Computing static prop lighting : 00...1...2...3...4...5...6...7...8...9...10
Ready to Finish

Object names       Objects/Maxobjs  Memory / Maxmem  Fullness 
------------       ---------------  ---------------  -------- 
models                  12/4096          576/196608   ( 0.3%) 
brushes                 80/32768         960/393216   ( 0.2%) 
brushsides             480/65536        3840/524288   ( 0.7%) 
planes                 298/65536        5960/1310720  ( 0.5%) 
vertexes               732/65536        8784/786432   ( 1.1%) 
nodes                  234/65536        7488/2097152  ( 0.4%) 
texinfos                78/12288        5616/884736   ( 0.6%) 
texdata                  8/2048          256/65536    ( 0.4%) 
dispinfos                0/0               0/0        ( 0.0%) 
disp_verts               0/0               0/0        ( 0.0%) 
disp_tris                0/0               0/0        ( 0.0%) 
disp_lmsamples           0/0               0/0        ( 0.0%) 
faces                  535/65536       29960/3670016  ( 0.8%) 
hdr faces              535/65536       29960/3670016  ( 0.8%) 
origfaces              227/65536       12712/3670016  ( 0.3%) 
leaves                 247/65536        7904/2097152  ( 0.4%) 
leaffaces              571/65536        1142/131072   ( 0.9%) 
leafbrushes            132/65536         264/131072   ( 0.2%) 
areas                    3/1024           24/8192     ( 0.3%) 
surfedges             3308/512000      13232/2048000  ( 0.6%) 
edges                 1756/256000       7024/1024000  ( 0.7%) 
LDR worldlights         27/16384        2376/1441792  ( 0.2%) 
HDR worldlights         27/16384        2376/1441792  ( 0.2%) 
leafwaterdata            0/32768           0/393216   ( 0.0%) 
waterstrips             21/131072        210/1310720  ( 0.0%) 
waterverts               0/131072          0/1572864  ( 0.0%) 
waterindices           384/131072        768/262144   ( 0.3%) 
cubemapsamples           0/1024            0/16384    ( 0.0%) 
overlays                 0/1024            0/360448   ( 0.0%) 
LDR lightdata         [variable]     1078584/0        ( 0.0%) 
HDR lightdata         [variable]     1078584/0        ( 0.0%) 
visdata               [variable]        2004/16777216 ( 0.0%) 
entdata               [variable]       15512/393216   ( 3.9%) 
LDR ambient table      247/65536         988/262144   ( 0.4%) 
HDR ambient table      247/65536         988/262144   ( 0.4%) 
LDR leaf ambient      1151/65536       32228/1835008  ( 1.8%) 
HDR leaf ambient      1151/65536       32228/1835008  ( 1.8%) 
occluders                0/0               0/0        ( 0.0%) 
occluder polygons        0/0               0/0        ( 0.0%) 
occluder vert ind        0/0               0/0        ( 0.0%) 
detail props          [variable]           1/12       ( 8.3%) 
static props          [variable]           1/284      ( 0.4%) 
pakfile               [variable]       78593/0        ( 0.0%) 
physics               [variable]       35708/4194304  ( 0.9%) 
physics terrain       [variable]           2/1048576  ( 0.0%) 

Level flags = 3

Total triangle count: 1330
Writing c:\program files (x86)\steam\steamapps\sourcemods\who\maps\list_02.bsp
3 seconds elapsed



materialPath: C:\Program Files (x86)\Steam\steamapps\sourcemods\who\materials
Loading c:\program files (x86)\steam\steamapps\sourcemods\who\maps\list_02.vmf
Patching WVT material: maps/list_02/dev/dev_blendmeasure_wvt_patch
fixing up env_cubemap materials on brush sides...
0...1...2...3...4...5...6...7...8...9...100...1...2...3...4...5...6...7...8...9...10Processing areas...done (0)
Building Faces...done (0)
Chop Details...done (0)
Find Visible Detail Sides...done (0)
Merging details...done (0)
FixTjuncs...
PruneNodes...
WriteBSP...
done (0)
writing c:\program files (x86)\steam\steamapps\sourcemods\who\maps\list_02.prt...Building visibility clusters...
done (0)
Finding displacement neighbors...
Finding lightmap sample positions...
Displacement Alpha : 0...1...2...3...4...5...6...7...8...9...10
Building Physics collision data...
done (0) (35706 bytes)
Placing static props...
Placing detail props : 0...1...2...3...4...5...6...7...8...9...10
Compacting texture/material tables...
Reduced 132 texinfos to 78
Reduced 10 texdatas to 8 (247 bytes to 182)
Writing c:\program files (x86)\steam\steamapps\sourcemods\who\maps\list_02.bsp
0 seconds elapsed



4 threads
reading c:\program files (x86)\steam\steamapps\sourcemods\who\maps\list_02.bsp
reading c:\program files (x86)\steam\steamapps\sourcemods\who\maps\list_02.prt
  78 portalclusters
 196 numportals
0...1...2...3...4...5...6...7...8...9...100...1...2...3...4...5...6...7...8...9...10Optimized: 0 visible clusters (0.00%)
Total clusters visible: 1752
Average clusters visible: 22
Building PAS...
Average clusters audible: 36
visdatasize:2004  compressed from 2496
writing c:\program files (x86)\steam\steamapps\sourcemods\who\maps\list_02.bsp
0 seconds elapsed



[Reading texlights from 'lights.rad']
[48 texlights parsed from 'lights.rad']

Loading c:\program files (x86)\steam\steamapps\sourcemods\who\maps\list_02.bsp
535 faces
53460 square feet [7698281.50 square inches]
0 Displacements
0 Square Feet [0.00 Square Inches]
535 patches before subdivision
33313 patches after subdivision
27 direct lights
0...1...2...3...4...5...6...7...8...9...100...1...2...3...4...5...6...7...8...9...10transfers 3201810, max 428
transfer lists:  24.4 megs
0...1...2...3...4...5...6...7...8...9...10	Bounce #1 added RGB(112049, 40595, 11994)
0...1...2...3...4...5...6...7...8...9...10	Bounce #2 added RGB(92658, 13984, 6321)
0...1...2...3...4...5...6...7...8...9...10	Bounce #3 added RGB(41655, 4996, 3971)
0...1...2...3...4...5...6...7...8...9...10	Bounce #4 added RGB(28806, 2778, 2496)
0...1...2...3...4...5...6...7...8...9...10	Bounce #5 added RGB(17884, 1688, 1577)
0...1...2...3...4...5...6...7...8...9...10	Bounce #6 added RGB(12138, 1065, 998)
0...1...2...3...4...5...6...7...8...9...10	Bounce #7 added RGB(8128, 679, 633)
0...1...2...3...4...5...6...7...8...9...10	Bounce #8 added RGB(5536, 435, 402)
0...1...2...3...4...5...6...7...8...9...10	Bounce #9 added RGB(3768, 279, 255)
0...1...2...3...4...5...6...7...8...9...10	Bounce #10 added RGB(2574, 179, 162)
0...1...2...3...4...5...6...7...8...9...10	Bounce #11 added RGB(1760, 115, 103)
0...1...2...3...4...5...6...7...8...9...10	Bounce #12 added RGB(1204, 74, 66)
0...1...2...3...4...5...6...7...8...9...10	Bounce #13 added RGB(824, 48, 42)
0...1...2...3...4...5...6...7...8...9...10	Bounce #14 added RGB(564, 31, 27)
0...1...2...3...4...5...6...7...8...9...10	Bounce #15 added RGB(386, 20, 17)
0...1...2...3...4...5...6...7...8...9...10	Bounce #16 added RGB(265, 13, 11)
0...1...2...3...4...5...6...7...8...9...10	Bounce #17 added RGB(181, 8, 7)
0...1...2...3...4...5...6...7...8...9...10	Bounce #18 added RGB(124, 5, 4)
0...1...2...3...4...5...6...7...8...9...10	Bounce #19 added RGB(85, 3, 3)
0...1...2...3...4...5...6...7...8...9...10	Bounce #20 added RGB(58, 2, 2)
0...1...2...3...4...5...6...7...8...9...10	Bounce #21 added RGB(40, 1, 1)
0...1...2...3...4...5...6...7...8...9...10	Bounce #22 added RGB(27, 1, 1)
0...1...2...3...4...5...6...7...8...9...10	Bounce #23 added RGB(19, 1, 0)
0...1...2...3...4...5...6...7...8...9...10	Bounce #24 added RGB(13, 0, 0)
0...1...2...3...4...5...6...7...8...9...10	Bounce #25 added RGB(9, 0, 0)
0...1...2...3...4...5...6...7...8...9...10	Bounce #26 added RGB(6, 0, 0)
0...1...2...3...4...5...6...7...8...9...10	Bounce #27 added RGB(4, 0, 0)
0...1...2...3...4...5...6...7...8...9...10	Bounce #28 added RGB(3, 0, 0)
0...1...2...3...4...5...6...7...8...9...10	Bounce #29 added RGB(2, 0, 0)
0...1...2...3...4...5...6...7...8...9...10	Bounce #30 added RGB(1, 0, 0)
0...1...2...3...4...5...6...7...8...9...10	Bounce #31 added RGB(1, 0, 0)
Build Patch/Sample Hash Table(s).....Done<0.0090 sec>
0...1...2...3...4...5...6...7...8...9...10FinalLightFace Done
0 of 0 (0% of) surface lights went in leaf ambient cubes.
0...1...2...3...4...5...6...7...8...9...10Writing leaf ambient...done
Computing static prop lighting : 00...1...2...3...4...5...6...7...8...9...10
Ready to Finish

Object names       Objects/Maxobjs  Memory / Maxmem  Fullness 
------------       ---------------  ---------------  -------- 
models                  12/4096          576/196608   ( 0.3%) 
brushes                 80/32768         960/393216   ( 0.2%) 
brushsides             480/65536        3840/524288   ( 0.7%) 
planes                 294/65536        5880/1310720  ( 0.4%) 
vertexes               732/65536        8784/786432   ( 1.1%) 
nodes                  234/65536        7488/2097152  ( 0.4%) 
texinfos                78/12288        5616/884736   ( 0.6%) 
texdata                  8/2048          256/65536    ( 0.4%) 
dispinfos                0/0               0/0        ( 0.0%) 
disp_verts               0/0               0/0        ( 0.0%) 
disp_tris                0/0               0/0        ( 0.0%) 
disp_lmsamples           0/0               0/0        ( 0.0%) 
faces                  535/65536       29960/3670016  ( 0.8%) 
hdr faces                0/65536           0/3670016  ( 0.0%) 
origfaces              227/65536       12712/3670016  ( 0.3%) 
leaves                 247/65536        7904/2097152  ( 0.4%) 
leaffaces              571/65536        1142/131072   ( 0.9%) 
leafbrushes            132/65536         264/131072   ( 0.2%) 
areas                    3/1024           24/8192     ( 0.3%) 
surfedges             3308/512000      13232/2048000  ( 0.6%) 
edges                 1756/256000       7024/1024000  ( 0.7%) 
LDR worldlights         27/16384        2376/1441792  ( 0.2%) 
HDR worldlights          0/16384           0/1441792  ( 0.0%) 
leafwaterdata            0/32768           0/393216   ( 0.0%) 
waterstrips             21/131072        210/1310720  ( 0.0%) 
waterverts               0/131072          0/1572864  ( 0.0%) 
waterindices           384/131072        768/262144   ( 0.3%) 
cubemapsamples           0/1024            0/16384    ( 0.0%) 
overlays                 0/1024            0/360448   ( 0.0%) 
LDR lightdata         [variable]     1078584/0        ( 0.0%) 
HDR lightdata         [variable]           0/0        ( 0.0%) 
visdata               [variable]        2004/16777216 ( 0.0%) 
entdata               [variable]       15419/393216   ( 3.9%) 
LDR ambient table      247/65536         988/262144   ( 0.4%) 
HDR ambient table      247/65536         988/262144   ( 0.4%) 
LDR leaf ambient      1151/65536       32228/1835008  ( 1.8%) 
HDR leaf ambient       247/65536        6916/1835008  ( 0.4%) 
occluders                0/0               0/0        ( 0.0%) 
occluder polygons        0/0               0/0        ( 0.0%) 
occluder vert ind        0/0               0/0        ( 0.0%) 
detail props          [variable]           1/12       ( 8.3%) 
static props          [variable]           1/284      ( 0.4%) 
pakfile               [variable]       39481/0        ( 0.0%) 
physics               [variable]       35706/4194304  ( 0.9%) 
physics terrain       [variable]           2/1048576  ( 0.0%) 

Level flags = 1

Total triangle count: 1330
Writing c:\program files (x86)\steam\steamapps\sourcemods\who\maps\list_02.bsp
3 seconds elapsed



[Reading texlights from 'lights.rad']
[48 texlights parsed from 'lights.rad']

Loading c:\program files (x86)\steam\steamapps\sourcemods\who\maps\list_02.bsp
535 faces
53460 square feet [7698281.50 square inches]
0 Displacements
0 Square Feet [0.00 Square Inches]
535 patches before subdivision
33313 patches after subdivision
27 direct lights
0...1...2...3...4...5...6...7...8...9...100...1...2...3...4...5...6...7...8...9...10transfers 3201810, max 428
transfer lists:  24.4 megs
0...1...2...3...4...5...6...7...8...9...10	Bounce #1 added RGB(112049, 40595, 11994)
0...1...2...3...4...5...6...7...8...9...10	Bounce #2 added RGB(92658, 13984, 6321)
0...1...2...3...4...5...6...7...8...9...10	Bounce #3 added RGB(41655, 4996, 3971)
0...1...2...3...4...5...6...7...8...9...10	Bounce #4 added RGB(28806, 2778, 2496)
0...1...2...3...4...5...6...7...8...9...10	Bounce #5 added RGB(17884, 1688, 1577)
0...1...2...3...4...5...6...7...8...9...10	Bounce #6 added RGB(12138, 1065, 998)
0...1...2...3...4...5...6...7...8...9...10	Bounce #7 added RGB(8128, 679, 633)
0...1...2...3...4...5...6...7...8...9...10	Bounce #8 added RGB(5536, 435, 402)
0...1...2...3...4...5...6...7...8...9...10	Bounce #9 added RGB(3768, 279, 255)
0...1...2...3...4...5...6...7...8...9...10	Bounce #10 added RGB(2574, 179, 162)
0...1...2...3...4...5...6...7...8...9...10	Bounce #11 added RGB(1760, 115, 103)
0...1...2...3...4...5...6...7...8...9...10	Bounce #12 added RGB(1204, 74, 66)
0...1...2...3...4...5...6...7...8...9...10	Bounce #13 added RGB(824, 48, 42)
0...1...2...3...4...5...6...7...8...9...10	Bounce #14 added RGB(564, 31, 27)
0...1...2...3...4...5...6...7...8...9...10	Bounce #15 added RGB(386, 20, 17)
0...1...2...3...4...5...6...7...8...9...10	Bounce #16 added RGB(265, 13, 11)
0...1...2...3...4...5...6...7...8...9...10	Bounce #17 added RGB(181, 8, 7)
0...1...2...3...4...5...6...7...8...9...10	Bounce #18 added RGB(124, 5, 4)
0...1...2...3...4...5...6...7...8...9...10	Bounce #19 added RGB(85, 3, 3)
0...1...2...3...4...5...6...7...8...9...10	Bounce #20 added RGB(58, 2, 2)
0...1...2...3...4...5...6...7...8...9...10	Bounce #21 added RGB(40, 1, 1)
0...1...2...3...4...5...6...7...8...9...10	Bounce #22 added RGB(27, 1, 1)
0...1...2...3...4...5...6...7...8...9...10	Bounce #23 added RGB(19, 1, 0)
0...1...2...3...4...5...6...7...8...9...10	Bounce #24 added RGB(13, 0, 0)
0...1...2...3...4...5...6...7...8...9...10	Bounce #25 added RGB(9, 0, 0)
0...1...2...3...4...5...6...7...8...9...10	Bounce #26 added RGB(6, 0, 0)
0...1...2...3...4...5...6...7...8...9...10	Bounce #27 added RGB(4, 0, 0)
0...1...2...3...4...5...6...7...8...9...10	Bounce #28 added RGB(3, 0, 0)
0...1...2...3...4...5...6...7...8...9...10	Bounce #29 added RGB(2, 0, 0)
0...1...2...3...4...5...6...7...8...9...10	Bounce #30 added RGB(1, 0, 0)
0...1...2...3...4...5...6...7...8...9...10	Bounce #31 added RGB(1, 0, 0)
Build Patch/Sample Hash Table(s).....Done<0.0090 sec>
0...1...2...3...4...5...6...7...8...9...10FinalLightFace Done
0 of 0 (0% of) surface lights went in leaf ambient cubes.
0...1...2...3...4...5...6...7...8...9...10Writing leaf ambient...done
Computing static prop lighting : 00...1...2...3...4...5...6...7...8...9...10
Ready to Finish

Object names       Objects/Maxobjs  Memory / Maxmem  Fullness 
------------       ---------------  ---------------  -------- 
models                  12/4096          576/196608   ( 0.3%) 
brushes                 80/32768         960/393216   ( 0.2%) 
brushsides             480/65536        3840/524288   ( 0.7%) 
planes                 294/65536        5880/1310720  ( 0.4%) 
vertexes               732/65536        8784/786432   ( 1.1%) 
nodes                  234/65536        7488/2097152  ( 0.4%) 
texinfos                78/12288        5616/884736   ( 0.6%) 
texdata                  8/2048          256/65536    ( 0.4%) 
dispinfos                0/0               0/0        ( 0.0%) 
disp_verts               0/0               0/0        ( 0.0%) 
disp_tris                0/0               0/0        ( 0.0%) 
disp_lmsamples           0/0               0/0        ( 0.0%) 
faces                  535/65536       29960/3670016  ( 0.8%) 
hdr faces              535/65536       29960/3670016  ( 0.8%) 
origfaces              227/65536       12712/3670016  ( 0.3%) 
leaves                 247/65536        7904/2097152  ( 0.4%) 
leaffaces              571/65536        1142/131072   ( 0.9%) 
leafbrushes            132/65536         264/131072   ( 0.2%) 
areas                    3/1024           24/8192     ( 0.3%) 
surfedges             3308/512000      13232/2048000  ( 0.6%) 
edges                 1756/256000       7024/1024000  ( 0.7%) 
LDR worldlights         27/16384        2376/1441792  ( 0.2%) 
HDR worldlights         27/16384        2376/1441792  ( 0.2%) 
leafwaterdata            0/32768           0/393216   ( 0.0%) 
waterstrips             21/131072        210/1310720  ( 0.0%) 
waterverts               0/131072          0/1572864  ( 0.0%) 
waterindices           384/131072        768/262144   ( 0.3%) 
cubemapsamples           0/1024            0/16384    ( 0.0%) 
overlays                 0/1024            0/360448   ( 0.0%) 
LDR lightdata         [variable]     1078584/0        ( 0.0%) 
HDR lightdata         [variable]     1078584/0        ( 0.0%) 
visdata               [variable]        2004/16777216 ( 0.0%) 
entdata               [variable]       15419/393216   ( 3.9%) 
LDR ambient table      247/65536         988/262144   ( 0.4%) 
HDR ambient table      247/65536         988/262144   ( 0.4%) 
LDR leaf ambient      1151/65536       32228/1835008  ( 1.8%) 
HDR leaf ambient      1151/65536       32228/1835008  ( 1.8%) 
occluders                0/0               0/0        ( 0.0%) 
occluder polygons        0/0               0/0        ( 0.0%) 
occluder vert ind        0/0               0/0        ( 0.0%) 
detail props          [variable]           1/12       ( 8.3%) 
static props          [variable]           1/284      ( 0.4%) 
pakfile               [variable]       78593/0        ( 0.0%) 
physics               [variable]       35706/4194304  ( 0.9%) 
physics terrain       [variable]           2/1048576  ( 0.0%) 

Level flags = 3

Total triangle count: 1330
Writing c:\program files (x86)\steam\steamapps\sourcemods\who\maps\list_02.bsp
3 seconds elapsed



materialPath: C:\Program Files (x86)\Steam\steamapps\sourcemods\who\materials
Loading c:\program files (x86)\steam\steamapps\sourcemods\who\maps\list_02.vmf
Patching WVT material: maps/list_02/dev/dev_blendmeasure_wvt_patch
fixing up env_cubemap materials on brush sides...
0...1...2...3...4...5...6...7...8...9...100...1...2...3...4...5...6...7...8...9...10Processing areas...done (0)
Building Faces...done (0)
Chop Details...done (0)
Find Visible Detail Sides...done (0)
Merging details...done (0)
FixTjuncs...
PruneNodes...
WriteBSP...
done (0)
writing c:\program files (x86)\steam\steamapps\sourcemods\who\maps\list_02.prt...Building visibility clusters...
done (0)
Finding displacement neighbors...
Finding lightmap sample positions...
Displacement Alpha : 0...1...2...3...4...5...6...7...8...9...10
Building Physics collision data...
done (0) (35706 bytes)
Placing static props...
Placing detail props : 0...1...2...3...4...5...6...7...8...9...10
Compacting texture/material tables...
Reduced 132 texinfos to 78
Reduced 10 texdatas to 8 (247 bytes to 182)
Writing c:\program files (x86)\steam\steamapps\sourcemods\who\maps\list_02.bsp
0 seconds elapsed



4 threads
reading c:\program files (x86)\steam\steamapps\sourcemods\who\maps\list_02.bsp
reading c:\program files (x86)\steam\steamapps\sourcemods\who\maps\list_02.prt
  78 portalclusters
 196 numportals
0...1...2...3...4...5...6...7...8...9...100...1...2...3...4...5...6...7...8...9...10Optimized: 0 visible clusters (0.00%)
Total clusters visible: 1752
Average clusters visible: 22
Building PAS...
Average clusters audible: 36
visdatasize:2004  compressed from 2496
writing c:\program files (x86)\steam\steamapps\sourcemods\who\maps\list_02.bsp
0 seconds elapsed



[Reading texlights from 'lights.rad']
[48 texlights parsed from 'lights.rad']

Loading c:\program files (x86)\steam\steamapps\sourcemods\who\maps\list_02.bsp
535 faces
53460 square feet [7698281.50 square inches]
0 Displacements
0 Square Feet [0.00 Square Inches]
535 patches before subdivision
33313 patches after subdivision
27 direct lights
0...1...2...3...4...5...6...7...8...9...100...1...2...3...4...5...6...7...8...9...10transfers 3201810, max 428
transfer lists:  24.4 megs
0...1...2...3...4...5...6...7...8...9...10	Bounce #1 added RGB(112049, 40595, 11994)
0...1...2...3...4...5...6...7...8...9...10	Bounce #2 added RGB(92658, 13984, 6321)
0...1...2...3...4...5...6...7...8...9...10	Bounce #3 added RGB(41655, 4996, 3971)
0...1...2...3...4...5...6...7...8...9...10	Bounce #4 added RGB(28806, 2778, 2496)
0...1...2...3...4...5...6...7...8...9...10	Bounce #5 added RGB(17884, 1688, 1577)
0...1...2...3...4...5...6...7...8...9...10	Bounce #6 added RGB(12138, 1065, 998)
0...1...2...3...4...5...6...7...8...9...10	Bounce #7 added RGB(8128, 679, 633)
0...1...2...3...4...5...6...7...8...9...10	Bounce #8 added RGB(5536, 435, 402)
0...1...2...3...4...5...6...7...8...9...10	Bounce #9 added RGB(3768, 279, 255)
0...1...2...3...4...5...6...7...8...9...10	Bounce #10 added RGB(2574, 179, 162)
0...1...2...3...4...5...6...7...8...9...10	Bounce #11 added RGB(1760, 115, 103)
0...1...2...3...4...5...6...7...8...9...10	Bounce #12 added RGB(1204, 74, 66)
0...1...2...3...4...5...6...7...8...9...10	Bounce #13 added RGB(824, 48, 42)
0...1...2...3...4...5...6...7...8...9...10	Bounce #14 added RGB(564, 31, 27)
0...1...2...3...4...5...6...7...8...9...10	Bounce #15 added RGB(386, 20, 17)
0...1...2...3...4...5...6...7...8...9...10	Bounce #16 added RGB(265, 13, 11)
0...1...2...3...4...5...6...7...8...9...10	Bounce #17 added RGB(181, 8, 7)
0...1...2...3...4...5...6...7...8...9...10	Bounce #18 added RGB(124, 5, 4)
0...1...2...3...4...5...6...7...8...9...10	Bounce #19 added RGB(85, 3, 3)
0...1...2...3...4...5...6...7...8...9...10	Bounce #20 added RGB(58, 2, 2)
0...1...2...3...4...5...6...7...8...9...10	Bounce #21 added RGB(40, 1, 1)
0...1...2...3...4...5...6...7...8...9...10	Bounce #22 added RGB(27, 1, 1)
0...1...2...3...4...5...6...7...8...9...10	Bounce #23 added RGB(19, 1, 0)
0...1...2...3...4...5...6...7...8...9...10	Bounce #24 added RGB(13, 0, 0)
0...1...2...3...4...5...6...7...8...9...10	Bounce #25 added RGB(9, 0, 0)
0...1...2...3...4...5...6...7...8...9...10	Bounce #26 added RGB(6, 0, 0)
0...1...2...3...4...5...6...7...8...9...10	Bounce #27 added RGB(4, 0, 0)
0...1...2...3...4...5...6...7...8...9...10	Bounce #28 added RGB(3, 0, 0)
0...1...2...3...4...5...6...7...8...9...10	Bounce #29 added RGB(2, 0, 0)
0...1...2...3...4...5...6...7...8...9...10	Bounce #30 added RGB(1, 0, 0)
0...1...2...3...4...5...6...7...8...9...10	Bounce #31 added RGB(1, 0, 0)
Build Patch/Sample Hash Table(s).....Done<0.0097 sec>
0...1...2...3...4...5...6...7...8...9...10FinalLightFace Done
0 of 0 (0% of) surface lights went in leaf ambient cubes.
0...1...2...3...4...5...6...7...8...9...10Writing leaf ambient...done
Computing static prop lighting : 00...1...2...3...4...5...6...7...8...9...10
Ready to Finish

Object names       Objects/Maxobjs  Memory / Maxmem  Fullness 
------------       ---------------  ---------------  -------- 
models                  12/4096          576/196608   ( 0.3%) 
brushes                 80/32768         960/393216   ( 0.2%) 
brushsides             480/65536        3840/524288   ( 0.7%) 
planes                 294/65536        5880/1310720  ( 0.4%) 
vertexes               732/65536        8784/786432   ( 1.1%) 
nodes                  234/65536        7488/2097152  ( 0.4%) 
texinfos                78/12288        5616/884736   ( 0.6%) 
texdata                  8/2048          256/65536    ( 0.4%) 
dispinfos                0/0               0/0        ( 0.0%) 
disp_verts               0/0               0/0        ( 0.0%) 
disp_tris                0/0               0/0        ( 0.0%) 
disp_lmsamples           0/0               0/0        ( 0.0%) 
faces                  535/65536       29960/3670016  ( 0.8%) 
hdr faces                0/65536           0/3670016  ( 0.0%) 
origfaces              227/65536       12712/3670016  ( 0.3%) 
leaves                 247/65536        7904/2097152  ( 0.4%) 
leaffaces              571/65536        1142/131072   ( 0.9%) 
leafbrushes            132/65536         264/131072   ( 0.2%) 
areas                    3/1024           24/8192     ( 0.3%) 
surfedges             3308/512000      13232/2048000  ( 0.6%) 
edges                 1756/256000       7024/1024000  ( 0.7%) 
LDR worldlights         27/16384        2376/1441792  ( 0.2%) 
HDR worldlights          0/16384           0/1441792  ( 0.0%) 
leafwaterdata            0/32768           0/393216   ( 0.0%) 
waterstrips             21/131072        210/1310720  ( 0.0%) 
waterverts               0/131072          0/1572864  ( 0.0%) 
waterindices           384/131072        768/262144   ( 0.3%) 
cubemapsamples           0/1024            0/16384    ( 0.0%) 
overlays                 0/1024            0/360448   ( 0.0%) 
LDR lightdata         [variable]     1078584/0        ( 0.0%) 
HDR lightdata         [variable]           0/0        ( 0.0%) 
visdata               [variable]        2004/16777216 ( 0.0%) 
entdata               [variable]       15423/393216   ( 3.9%) 
LDR ambient table      247/65536         988/262144   ( 0.4%) 
HDR ambient table      247/65536         988/262144   ( 0.4%) 
LDR leaf ambient      1151/65536       32228/1835008  ( 1.8%) 
HDR leaf ambient       247/65536        6916/1835008  ( 0.4%) 
occluders                0/0               0/0        ( 0.0%) 
occluder polygons        0/0               0/0        ( 0.0%) 
occluder vert ind        0/0               0/0        ( 0.0%) 
detail props          [variable]           1/12       ( 8.3%) 
static props          [variable]           1/284      ( 0.4%) 
pakfile               [variable]       39481/0        ( 0.0%) 
physics               [variable]       35706/4194304  ( 0.9%) 
physics terrain       [variable]           2/1048576  ( 0.0%) 

Level flags = 1

Total triangle count: 1330
Writing c:\program files (x86)\steam\steamapps\sourcemods\who\maps\list_02.bsp
4 seconds elapsed



[Reading texlights from 'lights.rad']
[48 texlights parsed from 'lights.rad']

Loading c:\program files (x86)\steam\steamapps\sourcemods\who\maps\list_02.bsp
535 faces
53460 square feet [7698281.50 square inches]
0 Displacements
0 Square Feet [0.00 Square Inches]
535 patches before subdivision
33313 patches after subdivision
27 direct lights
0...1...2...3...4...5...6...7...8...9...100...1...2...3...4...5...6...7...8...9...10transfers 3201810, max 428
transfer lists:  24.4 megs
0...1...2...3...4...5...6...7...8...9...10	Bounce #1 added RGB(112049, 40595, 11994)
0...1...2...3...4...5...6...7...8...9...10	Bounce #2 added RGB(92658, 13984, 6321)
0...1...2...3...4...5...6...7...8...9...10	Bounce #3 added RGB(41655, 4996, 3971)
0...1...2...3...4...5...6...7...8...9...10	Bounce #4 added RGB(28806, 2778, 2496)
0...1...2...3...4...5...6...7...8...9...10	Bounce #5 added RGB(17884, 1688, 1577)
0...1...2...3...4...5...6...7...8...9...10	Bounce #6 added RGB(12138, 1065, 998)
0...1...2...3...4...5...6...7...8...9...10	Bounce #7 added RGB(8128, 679, 633)
0...1...2...3...4...5...6...7...8...9...10	Bounce #8 added RGB(5536, 435, 402)
0...1...2...3...4...5...6...7...8...9...10	Bounce #9 added RGB(3768, 279, 255)
0...1...2...3...4...5...6...7...8...9...10	Bounce #10 added RGB(2574, 179, 162)
0...1...2...3...4...5...6...7...8...9...10	Bounce #11 added RGB(1760, 115, 103)
0...1...2...3...4...5...6...7...8...9...10	Bounce #12 added RGB(1204, 74, 66)
0...1...2...3...4...5...6...7...8...9...10	Bounce #13 added RGB(824, 48, 42)
0...1...2...3...4...5...6...7...8...9...10	Bounce #14 added RGB(564, 31, 27)
0...1...2...3...4...5...6...7...8...9...10	Bounce #15 added RGB(386, 20, 17)
0...1...2...3...4...5...6...7...8...9...10	Bounce #16 added RGB(265, 13, 11)
0...1...2...3...4...5...6...7...8...9...10	Bounce #17 added RGB(181, 8, 7)
0...1...2...3...4...5...6...7...8...9...10	Bounce #18 added RGB(124, 5, 4)
0...1...2...3...4...5...6...7...8...9...10	Bounce #19 added RGB(85, 3, 3)
0...1...2...3...4...5...6...7...8...9...10	Bounce #20 added RGB(58, 2, 2)
0...1...2...3...4...5...6...7...8...9...10	Bounce #21 added RGB(40, 1, 1)
0...1...2...3...4...5...6...7...8...9...10	Bounce #22 added RGB(27, 1, 1)
0...1...2...3...4...5...6...7...8...9...10	Bounce #23 added RGB(19, 1, 0)
0...1...2...3...4...5...6...7...8...9...10	Bounce #24 added RGB(13, 0, 0)
0...1...2...3...4...5...6...7...8...9...10	Bounce #25 added RGB(9, 0, 0)
0...1...2...3...4...5...6...7...8...9...10	Bounce #26 added RGB(6, 0, 0)
0...1...2...3...4...5...6...7...8...9...10	Bounce #27 added RGB(4, 0, 0)
0...1...2...3...4...5...6...7...8...9...10	Bounce #28 added RGB(3, 0, 0)
0...1...2...3...4...5...6...7...8...9...10	Bounce #29 added RGB(2, 0, 0)
0...1...2...3...4...5...6...7...8...9...10	Bounce #30 added RGB(1, 0, 0)
0...1...2...3...4...5...6...7...8...9...10	Bounce #31 added RGB(1, 0, 0)
Build Patch/Sample Hash Table(s).....Done<0.0084 sec>
0...1...2...3...4...5...6...7...8...9...10FinalLightFace Done
0 of 0 (0% of) surface lights went in leaf ambient cubes.
0...1...2...3...4...5...6...7...8...9...10Writing leaf ambient...done
Computing static prop lighting : 00...1...2...3...4...5...6...7...8...9...10
Ready to Finish

Object names       Objects/Maxobjs  Memory / Maxmem  Fullness 
------------       ---------------  ---------------  -------- 
models                  12/4096          576/196608   ( 0.3%) 
brushes                 80/32768         960/393216   ( 0.2%) 
brushsides             480/65536        3840/524288   ( 0.7%) 
planes                 294/65536        5880/1310720  ( 0.4%) 
vertexes               732/65536        8784/786432   ( 1.1%) 
nodes                  234/65536        7488/2097152  ( 0.4%) 
texinfos                78/12288        5616/884736   ( 0.6%) 
texdata                  8/2048          256/65536    ( 0.4%) 
dispinfos                0/0               0/0        ( 0.0%) 
disp_verts               0/0               0/0        ( 0.0%) 
disp_tris                0/0               0/0        ( 0.0%) 
disp_lmsamples           0/0               0/0        ( 0.0%) 
faces                  535/65536       29960/3670016  ( 0.8%) 
hdr faces              535/65536       29960/3670016  ( 0.8%) 
origfaces              227/65536       12712/3670016  ( 0.3%) 
leaves                 247/65536        7904/2097152  ( 0.4%) 
leaffaces              571/65536        1142/131072   ( 0.9%) 
leafbrushes            132/65536         264/131072   ( 0.2%) 
areas                    3/1024           24/8192     ( 0.3%) 
surfedges             3308/512000      13232/2048000  ( 0.6%) 
edges                 1756/256000       7024/1024000  ( 0.7%) 
LDR worldlights         27/16384        2376/1441792  ( 0.2%) 
HDR worldlights         27/16384        2376/1441792  ( 0.2%) 
leafwaterdata            0/32768           0/393216   ( 0.0%) 
waterstrips             21/131072        210/1310720  ( 0.0%) 
waterverts               0/131072          0/1572864  ( 0.0%) 
waterindices           384/131072        768/262144   ( 0.3%) 
cubemapsamples           0/1024            0/16384    ( 0.0%) 
overlays                 0/1024            0/360448   ( 0.0%) 
LDR lightdata         [variable]     1078584/0        ( 0.0%) 
HDR lightdata         [variable]     1078584/0        ( 0.0%) 
visdata               [variable]        2004/16777216 ( 0.0%) 
entdata               [variable]       15423/393216   ( 3.9%) 
LDR ambient table      247/65536         988/262144   ( 0.4%) 
HDR ambient table      247/65536         988/262144   ( 0.4%) 
LDR leaf ambient      1151/65536       32228/1835008  ( 1.8%) 
HDR leaf ambient      1151/65536       32228/1835008  ( 1.8%) 
occluders                0/0               0/0        ( 0.0%) 
occluder polygons        0/0               0/0        ( 0.0%) 
occluder vert ind        0/0               0/0        ( 0.0%) 
detail props          [variable]           1/12       ( 8.3%) 
static props          [variable]           1/284      ( 0.4%) 
pakfile               [variable]       78593/0        ( 0.0%) 
physics               [variable]       35706/4194304  ( 0.9%) 
physics terrain       [variable]           2/1048576  ( 0.0%) 

Level flags = 3

Total triangle count: 1330
Writing c:\program files (x86)\steam\steamapps\sourcemods\who\maps\list_02.bsp
3 seconds elapsed



materialPath: C:\Program Files (x86)\Steam\steamapps\sourcemods\who\materials
Loading c:\program files (x86)\steam\steamapps\sourcemods\who\maps\list_02.vmf
Patching WVT material: maps/list_02/dev/dev_blendmeasure_wvt_patch
fixing up env_cubemap materials on brush sides...
0...1...2...3...4...5...6...7...8...9...100...1...2...3...4...5...6...7...8...9...10Processing areas...done (0)
Building Faces...done (0)
Chop Details...done (0)
Find Visible Detail Sides...done (0)
Merging details...done (0)
FixTjuncs...
PruneNodes...
WriteBSP...
done (0)
writing c:\program files (x86)\steam\steamapps\sourcemods\who\maps\list_02.prt...Building visibility clusters...
done (0)
Finding displacement neighbors...
Finding lightmap sample positions...
Displacement Alpha : 0...1...2...3...4...5...6...7...8...9...10
Building Physics collision data...
done (0) (35706 bytes)
Placing static props...
Placing detail props : 0...1...2...3...4...5...6...7...8...9...10
Compacting texture/material tables...
Reduced 132 texinfos to 78
Reduced 10 texdatas to 8 (247 bytes to 182)
Writing c:\program files (x86)\steam\steamapps\sourcemods\who\maps\list_02.bsp
0 seconds elapsed



4 threads
reading c:\program files (x86)\steam\steamapps\sourcemods\who\maps\list_02.bsp
reading c:\program files (x86)\steam\steamapps\sourcemods\who\maps\list_02.prt
  78 portalclusters
 196 numportals
0...1...2...3...4...5...6...7...8...9...100...1...2...3...4...5...6...7...8...9...10Optimized: 0 visible clusters (0.00%)
Total clusters visible: 1752
Average clusters visible: 22
Building PAS...
Average clusters audible: 36
visdatasize:2004  compressed from 2496
writing c:\program files (x86)\steam\steamapps\sourcemods\who\maps\list_02.bsp
0 seconds elapsed



[Reading texlights from 'lights.rad']
[48 texlights parsed from 'lights.rad']

Loading c:\program files (x86)\steam\steamapps\sourcemods\who\maps\list_02.bsp
535 faces
53460 square feet [7698281.50 square inches]
0 Displacements
0 Square Feet [0.00 Square Inches]
535 patches before subdivision
33313 patches after subdivision
27 direct lights
0...1...2...3...4...5...6...7...8...9...100...1...2...3...4...5...6...7...8...9...10transfers 3201810, max 428
transfer lists:  24.4 megs
0...1...2...3...4...5...6...7...8...9...10	Bounce #1 added RGB(112049, 40595, 11994)
0...1...2...3...4...5...6...7...8...9...10	Bounce #2 added RGB(92658, 13984, 6321)
0...1...2...3...4...5...6...7...8...9...10	Bounce #3 added RGB(41654, 4996, 3971)
0...1...2...3...4...5...6...7...8...9...10	Bounce #4 added RGB(28806, 2778, 2496)
0...1...2...3...4...5...6...7...8...9...10	Bounce #5 added RGB(17884, 1688, 1577)
0...1...2...3...4...5...6...7...8...9...10	Bounce #6 added RGB(12138, 1065, 998)
0...1...2...3...4...5...6...7...8...9...10	Bounce #7 added RGB(8128, 679, 633)
0...1...2...3...4...5...6...7...8...9...10	Bounce #8 added RGB(5536, 435, 402)
0...1...2...3...4...5...6...7...8...9...10	Bounce #9 added RGB(3768, 279, 255)
0...1...2...3...4...5...6...7...8...9...10	Bounce #10 added RGB(2574, 179, 162)
0...1...2...3...4...5...6...7...8...9...10	Bounce #11 added RGB(1760, 115, 103)
0...1...2...3...4...5...6...7...8...9...10	Bounce #12 added RGB(1204, 74, 66)
0...1...2...3...4...5...6...7...8...9...10	Bounce #13 added RGB(824, 48, 42)
0...1...2...3...4...5...6...7...8...9...10	Bounce #14 added RGB(564, 31, 27)
0...1...2...3...4...5...6...7...8...9...10	Bounce #15 added RGB(386, 20, 17)
0...1...2...3...4...5...6...7...8...9...10	Bounce #16 added RGB(265, 13, 11)
0...1...2...3...4...5...6...7...8...9...10	Bounce #17 added RGB(181, 8, 7)
0...1...2...3...4...5...6...7...8...9...10	Bounce #18 added RGB(124, 5, 4)
0...1...2...3...4...5...6...7...8...9...10	Bounce #19 added RGB(85, 3, 3)
0...1...2...3...4...5...6...7...8...9...10	Bounce #20 added RGB(58, 2, 2)
0...1...2...3...4...5...6...7...8...9...10	Bounce #21 added RGB(40, 1, 1)
0...1...2...3...4...5...6...7...8...9...10	Bounce #22 added RGB(27, 1, 1)
0...1...2...3...4...5...6...7...8...9...10	Bounce #23 added RGB(19, 1, 0)
0...1...2...3...4...5...6...7...8...9...10	Bounce #24 added RGB(13, 0, 0)
0...1...2...3...4...5...6...7...8...9...10	Bounce #25 added RGB(9, 0, 0)
0...1...2...3...4...5...6...7...8...9...10	Bounce #26 added RGB(6, 0, 0)
0...1...2...3...4...5...6...7...8...9...10	Bounce #27 added RGB(4, 0, 0)
0...1...2...3...4...5...6...7...8...9...10	Bounce #28 added RGB(3, 0, 0)
0...1...2...3...4...5...6...7...8...9...10	Bounce #29 added RGB(2, 0, 0)
0...1...2...3...4...5...6...7...8...9...10	Bounce #30 added RGB(1, 0, 0)
0...1...2...3...4...5...6...7...8...9...10	Bounce #31 added RGB(1, 0, 0)
Build Patch/Sample Hash Table(s).....Done<0.0083 sec>
0...1...2...3...4...5...6...7...8...9...10FinalLightFace Done
0 of 0 (0% of) surface lights went in leaf ambient cubes.
0...1...2...3...4...5...6...7...8...9...10Writing leaf ambient...done
Computing static prop lighting : 00...1...2...3...4...5...6...7...8...9...10
Ready to Finish

Object names       Objects/Maxobjs  Memory / Maxmem  Fullness 
------------       ---------------  ---------------  -------- 
models                  12/4096          576/196608   ( 0.3%) 
brushes                 80/32768         960/393216   ( 0.2%) 
brushsides             480/65536        3840/524288   ( 0.7%) 
planes                 294/65536        5880/1310720  ( 0.4%) 
vertexes               732/65536        8784/786432   ( 1.1%) 
nodes                  234/65536        7488/2097152  ( 0.4%) 
texinfos                78/12288        5616/884736   ( 0.6%) 
texdata                  8/2048          256/65536    ( 0.4%) 
dispinfos                0/0               0/0        ( 0.0%) 
disp_verts               0/0               0/0        ( 0.0%) 
disp_tris                0/0               0/0        ( 0.0%) 
disp_lmsamples           0/0               0/0        ( 0.0%) 
faces                  535/65536       29960/3670016  ( 0.8%) 
hdr faces                0/65536           0/3670016  ( 0.0%) 
origfaces              227/65536       12712/3670016  ( 0.3%) 
leaves                 247/65536        7904/2097152  ( 0.4%) 
leaffaces              571/65536        1142/131072   ( 0.9%) 
leafbrushes            132/65536         264/131072   ( 0.2%) 
areas                    3/1024           24/8192     ( 0.3%) 
surfedges             3308/512000      13232/2048000  ( 0.6%) 
edges                 1756/256000       7024/1024000  ( 0.7%) 
LDR worldlights         27/16384        2376/1441792  ( 0.2%) 
HDR worldlights          0/16384           0/1441792  ( 0.0%) 
leafwaterdata            0/32768           0/393216   ( 0.0%) 
waterstrips             21/131072        210/1310720  ( 0.0%) 
waterverts               0/131072          0/1572864  ( 0.0%) 
waterindices           384/131072        768/262144   ( 0.3%) 
cubemapsamples           0/1024            0/16384    ( 0.0%) 
overlays                 0/1024            0/360448   ( 0.0%) 
LDR lightdata         [variable]     1078584/0        ( 0.0%) 
HDR lightdata         [variable]           0/0        ( 0.0%) 
visdata               [variable]        2004/16777216 ( 0.0%) 
entdata               [variable]       15521/393216   ( 3.9%) 
LDR ambient table      247/65536         988/262144   ( 0.4%) 
HDR ambient table      247/65536         988/262144   ( 0.4%) 
LDR leaf ambient      1151/65536       32228/1835008  ( 1.8%) 
HDR leaf ambient       247/65536        6916/1835008  ( 0.4%) 
occluders                0/0               0/0        ( 0.0%) 
occluder polygons        0/0               0/0        ( 0.0%) 
occluder vert ind        0/0               0/0        ( 0.0%) 
detail props          [variable]           1/12       ( 8.3%) 
static props          [variable]           1/284      ( 0.4%) 
pakfile               [variable]       39481/0        ( 0.0%) 
physics               [variable]       35706/4194304  ( 0.9%) 
physics terrain       [variable]           2/1048576  ( 0.0%) 

Level flags = 1

Total triangle count: 1330
Writing c:\program files (x86)\steam\steamapps\sourcemods\who\maps\list_02.bsp
3 seconds elapsed



[Reading texlights from 'lights.rad']
[48 texlights parsed from 'lights.rad']

Loading c:\program files (x86)\steam\steamapps\sourcemods\who\maps\list_02.bsp
535 faces
53460 square feet [7698281.50 square inches]
0 Displacements
0 Square Feet [0.00 Square Inches]
535 patches before subdivision
33313 patches after subdivision
27 direct lights
0...1...2...3...4...5...6...7...8...9...100...1...2...3...4...5...6...7...8...9...10transfers 3201810, max 428
transfer lists:  24.4 megs
0...1...2...3...4...5...6...7...8...9...10	Bounce #1 added RGB(112049, 40595, 11994)
0...1...2...3...4...5...6...7...8...9...10	Bounce #2 added RGB(92658, 13984, 6321)
0...1...2...3...4...5...6...7...8...9...10	Bounce #3 added RGB(41655, 4996, 3971)
0...1...2...3...4...5...6...7...8...9...10	Bounce #4 added RGB(28806, 2778, 2496)
0...1...2...3...4...5...6...7...8...9...10	Bounce #5 added RGB(17884, 1688, 1577)
0...1...2...3...4...5...6...7...8...9...10	Bounce #6 added RGB(12138, 1065, 998)
0...1...2...3...4...5...6...7...8...9...10	Bounce #7 added RGB(8128, 679, 633)
0...1...2...3...4...5...6...7...8...9...10	Bounce #8 added RGB(5536, 435, 402)
0...1...2...3...4...5...6...7...8...9...10	Bounce #9 added RGB(3768, 279, 255)
0...1...2...3...4...5...6...7...8...9...10	Bounce #10 added RGB(2574, 179, 162)
0...1...2...3...4...5...6...7...8...9...10	Bounce #11 added RGB(1760, 115, 103)
0...1...2...3...4...5...6...7...8...9...10	Bounce #12 added RGB(1204, 74, 66)
0...1...2...3...4...5...6...7...8...9...10	Bounce #13 added RGB(824, 48, 42)
0...1...2...3...4...5...6...7...8...9...10	Bounce #14 added RGB(564, 31, 27)
0...1...2...3...4...5...6...7...8...9...10	Bounce #15 added RGB(386, 20, 17)
0...1...2...3...4...5...6...7...8...9...10	Bounce #16 added RGB(265, 13, 11)
0...1...2...3...4...5...6...7...8...9...10	Bounce #17 added RGB(181, 8, 7)
0...1...2...3...4...5...6...7...8...9...10	Bounce #18 added RGB(124, 5, 4)
0...1...2...3...4...5...6...7...8...9...10	Bounce #19 added RGB(85, 3, 3)
0...1...2...3...4...5...6...7...8...9...10	Bounce #20 added RGB(58, 2, 2)
0...1...2...3...4...5...6...7...8...9...10	Bounce #21 added RGB(40, 1, 1)
0...1...2...3...4...5...6...7...8...9...10	Bounce #22 added RGB(27, 1, 1)
0...1...2...3...4...5...6...7...8...9...10	Bounce #23 added RGB(19, 1, 0)
0...1...2...3...4...5...6...7...8...9...10	Bounce #24 added RGB(13, 0, 0)
0...1...2...3...4...5...6...7...8...9...10	Bounce #25 added RGB(9, 0, 0)
0...1...2...3...4...5...6...7...8...9...10	Bounce #26 added RGB(6, 0, 0)
0...1...2...3...4...5...6...7...8...9...10	Bounce #27 added RGB(4, 0, 0)
0...1...2...3...4...5...6...7...8...9...10	Bounce #28 added RGB(3, 0, 0)
0...1...2...3...4...5...6...7...8...9...10	Bounce #29 added RGB(2, 0, 0)
0...1...2...3...4...5...6...7...8...9...10	Bounce #30 added RGB(1, 0, 0)
0...1...2...3...4...5...6...7...8...9...10	Bounce #31 added RGB(1, 0, 0)
Build Patch/Sample Hash Table(s).....Done<0.0089 sec>
0...1...2...3...4...5...6...7...8...9...10FinalLightFace Done
0 of 0 (0% of) surface lights went in leaf ambient cubes.
0...1...2...3...4...5...6...7...8...9...10Writing leaf ambient...done
Computing static prop lighting : 00...1...2...3...4...5...6...7...8...9...10
Ready to Finish

Object names       Objects/Maxobjs  Memory / Maxmem  Fullness 
------------       ---------------  ---------------  -------- 
models                  12/4096          576/196608   ( 0.3%) 
brushes                 80/32768         960/393216   ( 0.2%) 
brushsides             480/65536        3840/524288   ( 0.7%) 
planes                 294/65536        5880/1310720  ( 0.4%) 
vertexes               732/65536        8784/786432   ( 1.1%) 
nodes                  234/65536        7488/2097152  ( 0.4%) 
texinfos                78/12288        5616/884736   ( 0.6%) 
texdata                  8/2048          256/65536    ( 0.4%) 
dispinfos                0/0               0/0        ( 0.0%) 
disp_verts               0/0               0/0        ( 0.0%) 
disp_tris                0/0               0/0        ( 0.0%) 
disp_lmsamples           0/0               0/0        ( 0.0%) 
faces                  535/65536       29960/3670016  ( 0.8%) 
hdr faces              535/65536       29960/3670016  ( 0.8%) 
origfaces              227/65536       12712/3670016  ( 0.3%) 
leaves                 247/65536        7904/2097152  ( 0.4%) 
leaffaces              571/65536        1142/131072   ( 0.9%) 
leafbrushes            132/65536         264/131072   ( 0.2%) 
areas                    3/1024           24/8192     ( 0.3%) 
surfedges             3308/512000      13232/2048000  ( 0.6%) 
edges                 1756/256000       7024/1024000  ( 0.7%) 
LDR worldlights         27/16384        2376/1441792  ( 0.2%) 
HDR worldlights         27/16384        2376/1441792  ( 0.2%) 
leafwaterdata            0/32768           0/393216   ( 0.0%) 
waterstrips             21/131072        210/1310720  ( 0.0%) 
waterverts               0/131072          0/1572864  ( 0.0%) 
waterindices           384/131072        768/262144   ( 0.3%) 
cubemapsamples           0/1024            0/16384    ( 0.0%) 
overlays                 0/1024            0/360448   ( 0.0%) 
LDR lightdata         [variable]     1078584/0        ( 0.0%) 
HDR lightdata         [variable]     1078584/0        ( 0.0%) 
visdata               [variable]        2004/16777216 ( 0.0%) 
entdata               [variable]       15521/393216   ( 3.9%) 
LDR ambient table      247/65536         988/262144   ( 0.4%) 
HDR ambient table      247/65536         988/262144   ( 0.4%) 
LDR leaf ambient      1151/65536       32228/1835008  ( 1.8%) 
HDR leaf ambient      1151/65536       32228/1835008  ( 1.8%) 
occluders                0/0               0/0        ( 0.0%) 
occluder polygons        0/0               0/0        ( 0.0%) 
occluder vert ind        0/0               0/0        ( 0.0%) 
detail props          [variable]           1/12       ( 8.3%) 
static props          [variable]           1/284      ( 0.4%) 
pakfile               [variable]       78593/0        ( 0.0%) 
physics               [variable]       35706/4194304  ( 0.9%) 
physics terrain       [variable]           2/1048576  ( 0.0%) 

Level flags = 3

Total triangle count: 1330
Writing c:\program files (x86)\steam\steamapps\sourcemods\who\maps\list_02.bsp
3 seconds elapsed



materialPath: C:\Program Files (x86)\Steam\steamapps\sourcemods\who\materials
Loading c:\program files (x86)\steam\steamapps\sourcemods\who\maps\list_02.vmf
Patching WVT material: maps/list_02/dev/dev_blendmeasure_wvt_patch
fixing up env_cubemap materials on brush sides...
0...1...2...3...4...5...6...7...8...9...100...1...2...3...4...5...6...7...8...9...10Processing areas...done (0)
Building Faces...done (0)
Chop Details...done (0)
Find Visible Detail Sides...done (0)
Merging details...done (0)
FixTjuncs...
PruneNodes...
WriteBSP...
done (0)
writing c:\program files (x86)\steam\steamapps\sourcemods\who\maps\list_02.prt...Building visibility clusters...
done (0)
Finding displacement neighbors...
Finding lightmap sample positions...
Displacement Alpha : 0...1...2...3...4...5...6...7...8...9...10
Building Physics collision data...
done (0) (35754 bytes)
Placing static props...
Placing detail props : 0...1...2...3...4...5...6...7...8...9...10
Compacting texture/material tables...
Reduced 132 texinfos to 78
Reduced 10 texdatas to 8 (247 bytes to 182)
Writing c:\program files (x86)\steam\steamapps\sourcemods\who\maps\list_02.bsp
0 seconds elapsed



4 threads
reading c:\program files (x86)\steam\steamapps\sourcemods\who\maps\list_02.bsp
reading c:\program files (x86)\steam\steamapps\sourcemods\who\maps\list_02.prt
  78 portalclusters
 195 numportals
0...1...2...3...4...5...6...7...8...9...100...1...2...3...4...5...6...7...8...9...10Optimized: 0 visible clusters (0.00%)
Total clusters visible: 1754
Average clusters visible: 22
Building PAS...
Average clusters audible: 36
visdatasize:2004  compressed from 2496
writing c:\program files (x86)\steam\steamapps\sourcemods\who\maps\list_02.bsp
0 seconds elapsed



[Reading texlights from 'lights.rad']
[48 texlights parsed from 'lights.rad']

Loading c:\program files (x86)\steam\steamapps\sourcemods\who\maps\list_02.bsp
535 faces
53460 square feet [7698281.50 square inches]
0 Displacements
0 Square Feet [0.00 Square Inches]
535 patches before subdivision
33313 patches after subdivision
27 direct lights
0...1...2...3...4...5...6...7...8...9...100...1...2...3...4...5...6...7...8...9...10transfers 3201265, max 428
transfer lists:  24.4 megs
0...1...2...3...4...5...6...7...8...9...10	Bounce #1 added RGB(112016, 40562, 11961)
0...1...2...3...4...5...6...7...8...9...10	Bounce #2 added RGB(92646, 13972, 6309)
0...1...2...3...4...5...6...7...8...9...10	Bounce #3 added RGB(41652, 4993, 3969)
0...1...2...3...4...5...6...7...8...9...10	Bounce #4 added RGB(28806, 2778, 2496)
0...1...2...3...4...5...6...7...8...9...10	Bounce #5 added RGB(17884, 1688, 1577)
0...1...2...3...4...5...6...7...8...9...10	Bounce #6 added RGB(12137, 1064, 997)
0...1...2...3...4...5...6...7...8...9...10	Bounce #7 added RGB(8127, 678, 632)
0...1...2...3...4...5...6...7...8...9...10	Bounce #8 added RGB(5535, 434, 401)
0...1...2...3...4...5...6...7...8...9...10	Bounce #9 added RGB(3768, 278, 254)
0...1...2...3...4...5...6...7...8...9...10	Bounce #10 added RGB(2574, 178, 161)
0...1...2...3...4...5...6...7...8...9...10	Bounce #11 added RGB(1759, 114, 103)
0...1...2...3...4...5...6...7...8...9...10	Bounce #12 added RGB(1203, 73, 65)
0...1...2...3...4...5...6...7...8...9...10	Bounce #13 added RGB(824, 47, 41)
0...1...2...3...4...5...6...7...8...9...10	Bounce #14 added RGB(564, 30, 26)
0...1...2...3...4...5...6...7...8...9...10	Bounce #15 added RGB(386, 19, 17)
0...1...2...3...4...5...6...7...8...9...10	Bounce #16 added RGB(265, 12, 11)
0...1...2...3...4...5...6...7...8...9...10	Bounce #17 added RGB(181, 8, 7)
0...1...2...3...4...5...6...7...8...9...10	Bounce #18 added RGB(124, 5, 4)
0...1...2...3...4...5...6...7...8...9...10	Bounce #19 added RGB(85, 3, 3)
0...1...2...3...4...5...6...7...8...9...10	Bounce #20 added RGB(58, 2, 2)
0...1...2...3...4...5...6...7...8...9...10	Bounce #21 added RGB(40, 1, 1)
0...1...2...3...4...5...6...7...8...9...10	Bounce #22 added RGB(27, 1, 1)
0...1...2...3...4...5...6...7...8...9...10	Bounce #23 added RGB(19, 1, 0)
0...1...2...3...4...5...6...7...8...9...10	Bounce #24 added RGB(13, 0, 0)
0...1...2...3...4...5...6...7...8...9...10	Bounce #25 added RGB(9, 0, 0)
0...1...2...3...4...5...6...7...8...9...10	Bounce #26 added RGB(6, 0, 0)
0...1...2...3...4...5...6...7...8...9...10	Bounce #27 added RGB(4, 0, 0)
0...1...2...3...4...5...6...7...8...9...10	Bounce #28 added RGB(3, 0, 0)
0...1...2...3...4...5...6...7...8...9...10	Bounce #29 added RGB(2, 0, 0)
0...1...2...3...4...5...6...7...8...9...10	Bounce #30 added RGB(1, 0, 0)
0...1...2...3...4...5...6...7...8...9...10	Bounce #31 added RGB(1, 0, 0)
Build Patch/Sample Hash Table(s).....Done<0.0086 sec>
0...1...2...3...4...5...6...7...8...9...10FinalLightFace Done
0 of 0 (0% of) surface lights went in leaf ambient cubes.
0...1...2...3...4...5...6...7...8...9...10Writing leaf ambient...done
Computing static prop lighting : 00...1...2...3...4...5...6...7...8...9...10
Ready to Finish

Object names       Objects/Maxobjs  Memory / Maxmem  Fullness 
------------       ---------------  ---------------  -------- 
models                  12/4096          576/196608   ( 0.3%) 
brushes                 80/32768         960/393216   ( 0.2%) 
brushsides             480/65536        3840/524288   ( 0.7%) 
planes                 296/65536        5920/1310720  ( 0.5%) 
vertexes               735/65536        8820/786432   ( 1.1%) 
nodes                  234/65536        7488/2097152  ( 0.4%) 
texinfos                78/12288        5616/884736   ( 0.6%) 
texdata                  8/2048          256/65536    ( 0.4%) 
dispinfos                0/0               0/0        ( 0.0%) 
disp_verts               0/0               0/0        ( 0.0%) 
disp_tris                0/0               0/0        ( 0.0%) 
disp_lmsamples           0/0               0/0        ( 0.0%) 
faces                  535/65536       29960/3670016  ( 0.8%) 
hdr faces                0/65536           0/3670016  ( 0.0%) 
origfaces              227/65536       12712/3670016  ( 0.3%) 
leaves                 247/65536        7904/2097152  ( 0.4%) 
leaffaces              571/65536        1142/131072   ( 0.9%) 
leafbrushes            132/65536         264/131072   ( 0.2%) 
areas                    3/1024           24/8192     ( 0.3%) 
surfedges             3316/512000      13264/2048000  ( 0.6%) 
edges                 1760/256000       7040/1024000  ( 0.7%) 
LDR worldlights         27/16384        2376/1441792  ( 0.2%) 
HDR worldlights          0/16384           0/1441792  ( 0.0%) 
leafwaterdata            0/32768           0/393216   ( 0.0%) 
waterstrips             21/131072        210/1310720  ( 0.0%) 
waterverts               0/131072          0/1572864  ( 0.0%) 
waterindices           390/131072        780/262144   ( 0.3%) 
cubemapsamples           0/1024            0/16384    ( 0.0%) 
overlays                 0/1024            0/360448   ( 0.0%) 
LDR lightdata         [variable]     1078584/0        ( 0.0%) 
HDR lightdata         [variable]           0/0        ( 0.0%) 
visdata               [variable]        2004/16777216 ( 0.0%) 
entdata               [variable]       15521/393216   ( 3.9%) 
LDR ambient table      247/65536         988/262144   ( 0.4%) 
HDR ambient table      247/65536         988/262144   ( 0.4%) 
LDR leaf ambient      1144/65536       32032/1835008  ( 1.7%) 
HDR leaf ambient       247/65536        6916/1835008  ( 0.4%) 
occluders                0/0               0/0        ( 0.0%) 
occluder polygons        0/0               0/0        ( 0.0%) 
occluder vert ind        0/0               0/0        ( 0.0%) 
detail props          [variable]           1/12       ( 8.3%) 
static props          [variable]           1/284      ( 0.4%) 
pakfile               [variable]       39481/0        ( 0.0%) 
physics               [variable]       35754/4194304  ( 0.9%) 
physics terrain       [variable]           2/1048576  ( 0.0%) 

Level flags = 1

Total triangle count: 1338
Writing c:\program files (x86)\steam\steamapps\sourcemods\who\maps\list_02.bsp
3 seconds elapsed



[Reading texlights from 'lights.rad']
[48 texlights parsed from 'lights.rad']

Loading c:\program files (x86)\steam\steamapps\sourcemods\who\maps\list_02.bsp
535 faces
53460 square feet [7698281.50 square inches]
0 Displacements
0 Square Feet [0.00 Square Inches]
535 patches before subdivision
33313 patches after subdivision
27 direct lights
0...1...2...3...4...5...6...7...8...9...100...1...2...3...4...5...6...7...8...9...10transfers 3201265, max 428
transfer lists:  24.4 megs
0...1...2...3...4...5...6...7...8...9...10	Bounce #1 added RGB(112016, 40562, 11961)
0...1...2...3...4...5...6...7...8...9...10	Bounce #2 added RGB(92646, 13972, 6309)
0...1...2...3...4...5...6...7...8...9...10	Bounce #3 added RGB(41652, 4993, 3969)
0...1...2...3...4...5...6...7...8...9...10	Bounce #4 added RGB(28806, 2778, 2496)
0...1...2...3...4...5...6...7...8...9...10	Bounce #5 added RGB(17884, 1688, 1577)
0...1...2...3...4...5...6...7...8...9...10	Bounce #6 added RGB(12137, 1064, 997)
0...1...2...3...4...5...6...7...8...9...10	Bounce #7 added RGB(8127, 678, 632)
0...1...2...3...4...5...6...7...8...9...10	Bounce #8 added RGB(5535, 434, 401)
0...1...2...3...4...5...6...7...8...9...10	Bounce #9 added RGB(3768, 278, 254)
0...1...2...3...4...5...6...7...8...9...10	Bounce #10 added RGB(2574, 178, 161)
0...1...2...3...4...5...6...7...8...9...10	Bounce #11 added RGB(1759, 114, 103)
0...1...2...3...4...5...6...7...8...9...10	Bounce #12 added RGB(1203, 73, 65)
0...1...2...3...4...5...6...7...8...9...10	Bounce #13 added RGB(824, 47, 41)
0...1...2...3...4...5...6...7...8...9...10	Bounce #14 added RGB(564, 30, 26)
0...1...2...3...4...5...6...7...8...9...10	Bounce #15 added RGB(386, 19, 17)
0...1...2...3...4...5...6...7...8...9...10	Bounce #16 added RGB(265, 12, 11)
0...1...2...3...4...5...6...7...8...9...10	Bounce #17 added RGB(181, 8, 7)
0...1...2...3...4...5...6...7...8...9...10	Bounce #18 added RGB(124, 5, 4)
0...1...2...3...4...5...6...7...8...9...10	Bounce #19 added RGB(85, 3, 3)
0...1...2...3...4...5...6...7...8...9...10	Bounce #20 added RGB(58, 2, 2)
0...1...2...3...4...5...6...7...8...9...10	Bounce #21 added RGB(40, 1, 1)
0...1...2...3...4...5...6...7...8...9...10	Bounce #22 added RGB(27, 1, 1)
0...1...2...3...4...5...6...7...8...9...10	Bounce #23 added RGB(19, 1, 0)
0...1...2...3...4...5...6...7...8...9...10	Bounce #24 added RGB(13, 0, 0)
0...1...2...3...4...5...6...7...8...9...10	Bounce #25 added RGB(9, 0, 0)
0...1...2...3...4...5...6...7...8...9...10	Bounce #26 added RGB(6, 0, 0)
0...1...2...3...4...5...6...7...8...9...10	Bounce #27 added RGB(4, 0, 0)
0...1...2...3...4...5...6...7...8...9...10	Bounce #28 added RGB(3, 0, 0)
0...1...2...3...4...5...6...7...8...9...10	Bounce #29 added RGB(2, 0, 0)
0...1...2...3...4...5...6...7...8...9...10	Bounce #30 added RGB(1, 0, 0)
0...1...2...3...4...5...6...7...8...9...10	Bounce #31 added RGB(1, 0, 0)
Build Patch/Sample Hash Table(s).....Done<0.0113 sec>
0...1...2...3...4...5...6...7...8...9...10FinalLightFace Done
0 of 0 (0% of) surface lights went in leaf ambient cubes.
0...1...2...3...4...5...6...7...8...9...10Writing leaf ambient...done
Computing static prop lighting : 00...1...2...3...4...5...6...7...8...9...10
Ready to Finish

Object names       Objects/Maxobjs  Memory / Maxmem  Fullness 
------------       ---------------  ---------------  -------- 
models                  12/4096          576/196608   ( 0.3%) 
brushes                 80/32768         960/393216   ( 0.2%) 
brushsides             480/65536        3840/524288   ( 0.7%) 
planes                 296/65536        5920/1310720  ( 0.5%) 
vertexes               735/65536        8820/786432   ( 1.1%) 
nodes                  234/65536        7488/2097152  ( 0.4%) 
texinfos                78/12288        5616/884736   ( 0.6%) 
texdata                  8/2048          256/65536    ( 0.4%) 
dispinfos                0/0               0/0        ( 0.0%) 
disp_verts               0/0               0/0        ( 0.0%) 
disp_tris                0/0               0/0        ( 0.0%) 
disp_lmsamples           0/0               0/0        ( 0.0%) 
faces                  535/65536       29960/3670016  ( 0.8%) 
hdr faces              535/65536       29960/3670016  ( 0.8%) 
origfaces              227/65536       12712/3670016  ( 0.3%) 
leaves                 247/65536        7904/2097152  ( 0.4%) 
leaffaces              571/65536        1142/131072   ( 0.9%) 
leafbrushes            132/65536         264/131072   ( 0.2%) 
areas                    3/1024           24/8192     ( 0.3%) 
surfedges             3316/512000      13264/2048000  ( 0.6%) 
edges                 1760/256000       7040/1024000  ( 0.7%) 
LDR worldlights         27/16384        2376/1441792  ( 0.2%) 
HDR worldlights         27/16384        2376/1441792  ( 0.2%) 
leafwaterdata            0/32768           0/393216   ( 0.0%) 
waterstrips             21/131072        210/1310720  ( 0.0%) 
waterverts               0/131072          0/1572864  ( 0.0%) 
waterindices           390/131072        780/262144   ( 0.3%) 
cubemapsamples           0/1024            0/16384    ( 0.0%) 
overlays                 0/1024            0/360448   ( 0.0%) 
LDR lightdata         [variable]     1078584/0        ( 0.0%) 
HDR lightdata         [variable]     1078584/0        ( 0.0%) 
visdata               [variable]        2004/16777216 ( 0.0%) 
entdata               [variable]       15521/393216   ( 3.9%) 
LDR ambient table      247/65536         988/262144   ( 0.4%) 
HDR ambient table      247/65536         988/262144   ( 0.4%) 
LDR leaf ambient      1144/65536       32032/1835008  ( 1.7%) 
HDR leaf ambient      1144/65536       32032/1835008  ( 1.7%) 
occluders                0/0               0/0        ( 0.0%) 
occluder polygons        0/0               0/0        ( 0.0%) 
occluder vert ind        0/0               0/0        ( 0.0%) 
detail props          [variable]           1/12       ( 8.3%) 
static props          [variable]           1/284      ( 0.4%) 
pakfile               [variable]       78593/0        ( 0.0%) 
physics               [variable]       35754/4194304  ( 0.9%) 
physics terrain       [variable]           2/1048576  ( 0.0%) 

Level flags = 3

Total triangle count: 1338
Writing c:\program files (x86)\steam\steamapps\sourcemods\who\maps\list_02.bsp
3 seconds elapsed



materialPath: C:\Program Files (x86)\Steam\steamapps\sourcemods\who\materials
Loading c:\program files (x86)\steam\steamapps\sourcemods\who\maps\list_02.vmf
Patching WVT material: maps/list_02/dev/dev_blendmeasure_wvt_patch
fixing up env_cubemap materials on brush sides...
0...1...2...3...4...5...6...7...8...9...100...1...2...3...4...5...6...7...8...9...10Processing areas...done (0)
Building Faces...done (0)
Chop Details...done (0)
Find Visible Detail Sides...done (0)
Merging details...done (0)
FixTjuncs...
PruneNodes...
WriteBSP...
done (0)
writing c:\program files (x86)\steam\steamapps\sourcemods\who\maps\list_02.prt...Building visibility clusters...
done (0)
Finding displacement neighbors...
Finding lightmap sample positions...
Displacement Alpha : 0...1...2...3...4...5...6...7...8...9...10
Building Physics collision data...
done (0) (35754 bytes)
Placing static props...
Placing detail props : 0...1...2...3...4...5...6...7...8...9...10
Compacting texture/material tables...
Reduced 132 texinfos to 78
Reduced 10 texdatas to 8 (247 bytes to 182)
Writing c:\program files (x86)\steam\steamapps\sourcemods\who\maps\list_02.bsp
0 seconds elapsed



6 threads
reading c:\program files (x86)\steam\steamapps\sourcemods\who\maps\list_02.bsp
reading c:\program files (x86)\steam\steamapps\sourcemods\who\maps\list_02.prt
  78 portalclusters
 195 numportals
0...1...2...3...4...5...6...7...8...9...100...1...2...3...4...5...6...7...8...9...10Optimized: 0 visible clusters (0.00%)
Total clusters visible: 1754
Average clusters visible: 22
Building PAS...
Average clusters audible: 36
visdatasize:2004  compressed from 2496
writing c:\program files (x86)\steam\steamapps\sourcemods\who\maps\list_02.bsp
0 seconds elapsed



[Reading texlights from 'lights.rad']
[48 texlights parsed from 'lights.rad']

Loading c:\program files (x86)\steam\steamapps\sourcemods\who\maps\list_02.bsp
535 faces
53460 square feet [7698281.50 square inches]
0 Displacements
0 Square Feet [0.00 Square Inches]
535 patches before subdivision
33313 patches after subdivision
27 direct lights
0...1...2...3...4...5...6...7...8...9...100...1...2...3...4...5...6...7...8...9...10transfers 3201265, max 428
transfer lists:  24.4 megs
0...1...2...3...4...5...6...7...8...9...10	Bounce #1 added RGB(112016, 40562, 11961)
0...1...2...3...4...5...6...7...8...9...10	Bounce #2 added RGB(92646, 13972, 6309)
0...1...2...3...4...5...6...7...8...9...10	Bounce #3 added RGB(41652, 4993, 3969)
0...1...2...3...4...5...6...7...8...9...10	Bounce #4 added RGB(28805, 2778, 2496)
0...1...2...3...4...5...6...7...8...9...10	Bounce #5 added RGB(17884, 1688, 1577)
0...1...2...3...4...5...6...7...8...9...10	Bounce #6 added RGB(12137, 1064, 997)
0...1...2...3...4...5...6...7...8...9...10	Bounce #7 added RGB(8127, 678, 632)
0...1...2...3...4...5...6...7...8...9...10	Bounce #8 added RGB(5535, 434, 401)
0...1...2...3...4...5...6...7...8...9...10	Bounce #9 added RGB(3768, 278, 254)
0...1...2...3...4...5...6...7...8...9...10	Bounce #10 added RGB(2574, 178, 161)
0...1...2...3...4...5...6...7...8...9...10	Bounce #11 added RGB(1759, 114, 103)
0...1...2...3...4...5...6...7...8...9...10	Bounce #12 added RGB(1203, 73, 65)
0...1...2...3...4...5...6...7...8...9...10	Bounce #13 added RGB(824, 47, 41)
0...1...2...3...4...5...6...7...8...9...10	Bounce #14 added RGB(564, 30, 26)
0...1...2...3...4...5...6...7...8...9...10	Bounce #15 added RGB(386, 19, 17)
0...1...2...3...4...5...6...7...8...9...10	Bounce #16 added RGB(265, 12, 11)
0...1...2...3...4...5...6...7...8...9...10	Bounce #17 added RGB(181, 8, 7)
0...1...2...3...4...5...6...7...8...9...10	Bounce #18 added RGB(124, 5, 4)
0...1...2...3...4...5...6...7...8...9...10	Bounce #19 added RGB(85, 3, 3)
0...1...2...3...4...5...6...7...8...9...10	Bounce #20 added RGB(58, 2, 2)
0...1...2...3...4...5...6...7...8...9...10	Bounce #21 added RGB(40, 1, 1)
0...1...2...3...4...5...6...7...8...9...10	Bounce #22 added RGB(27, 1, 1)
0...1...2...3...4...5...6...7...8...9...10	Bounce #23 added RGB(19, 1, 0)
0...1...2...3...4...5...6...7...8...9...10	Bounce #24 added RGB(13, 0, 0)
0...1...2...3...4...5...6...7...8...9...10	Bounce #25 added RGB(9, 0, 0)
0...1...2...3...4...5...6...7...8...9...10	Bounce #26 added RGB(6, 0, 0)
0...1...2...3...4...5...6...7...8...9...10	Bounce #27 added RGB(4, 0, 0)
0...1...2...3...4...5...6...7...8...9...10	Bounce #28 added RGB(3, 0, 0)
0...1...2...3...4...5...6...7...8...9...10	Bounce #29 added RGB(2, 0, 0)
0...1...2...3...4...5...6...7...8...9...10	Bounce #30 added RGB(1, 0, 0)
0...1...2...3...4...5...6...7...8...9...10	Bounce #31 added RGB(1, 0, 0)
Build Patch/Sample Hash Table(s).....Done<0.0042 sec>
0...1...2...3...4...5...6...7...8...9...10FinalLightFace Done
0 of 0 (0% of) surface lights went in leaf ambient cubes.
0...1...2...3...4...5...6...7...8...9...10Writing leaf ambient...done
Computing static prop lighting : 00...1...2...3...4...5...6...7...8...9...10
Ready to Finish

Object names       Objects/Maxobjs  Memory / Maxmem  Fullness 
------------       ---------------  ---------------  -------- 
models                  12/4096          576/196608   ( 0.3%) 
brushes                 80/32768         960/393216   ( 0.2%) 
brushsides             480/65536        3840/524288   ( 0.7%) 
planes                 296/65536        5920/1310720  ( 0.5%) 
vertexes               735/65536        8820/786432   ( 1.1%) 
nodes                  234/65536        7488/2097152  ( 0.4%) 
texinfos                78/12288        5616/884736   ( 0.6%) 
texdata                  8/2048          256/65536    ( 0.4%) 
dispinfos                0/0               0/0        ( 0.0%) 
disp_verts               0/0               0/0        ( 0.0%) 
disp_tris                0/0               0/0        ( 0.0%) 
disp_lmsamples           0/0               0/0        ( 0.0%) 
faces                  535/65536       29960/3670016  ( 0.8%) 
hdr faces                0/65536           0/3670016  ( 0.0%) 
origfaces              227/65536       12712/3670016  ( 0.3%) 
leaves                 247/65536        7904/2097152  ( 0.4%) 
leaffaces              571/65536        1142/131072   ( 0.9%) 
leafbrushes            132/65536         264/131072   ( 0.2%) 
areas                    3/1024           24/8192     ( 0.3%) 
surfedges             3316/512000      13264/2048000  ( 0.6%) 
edges                 1760/256000       7040/1024000  ( 0.7%) 
LDR worldlights         27/16384        2376/1441792  ( 0.2%) 
HDR worldlights          0/16384           0/1441792  ( 0.0%) 
leafwaterdata            0/32768           0/393216   ( 0.0%) 
waterstrips             21/131072        210/1310720  ( 0.0%) 
waterverts               0/131072          0/1572864  ( 0.0%) 
waterindices           390/131072        780/262144   ( 0.3%) 
cubemapsamples           0/1024            0/16384    ( 0.0%) 
overlays                 0/1024            0/360448   ( 0.0%) 
LDR lightdata         [variable]     1078584/0        ( 0.0%) 
HDR lightdata         [variable]           0/0        ( 0.0%) 
visdata               [variable]        2004/16777216 ( 0.0%) 
entdata               [variable]       15521/393216   ( 3.9%) 
LDR ambient table      247/65536         988/262144   ( 0.4%) 
HDR ambient table      247/65536         988/262144   ( 0.4%) 
LDR leaf ambient      1144/65536       32032/1835008  ( 1.7%) 
HDR leaf ambient       247/65536        6916/1835008  ( 0.4%) 
occluders                0/0               0/0        ( 0.0%) 
occluder polygons        0/0               0/0        ( 0.0%) 
occluder vert ind        0/0               0/0        ( 0.0%) 
detail props          [variable]           1/12       ( 8.3%) 
static props          [variable]           1/284      ( 0.4%) 
pakfile               [variable]       39481/0        ( 0.0%) 
physics               [variable]       35754/4194304  ( 0.9%) 
physics terrain       [variable]           2/1048576  ( 0.0%) 

Level flags = 1

Total triangle count: 1338
Writing c:\program files (x86)\steam\steamapps\sourcemods\who\maps\list_02.bsp
2 seconds elapsed



[Reading texlights from 'lights.rad']
[48 texlights parsed from 'lights.rad']

Loading c:\program files (x86)\steam\steamapps\sourcemods\who\maps\list_02.bsp
535 faces
53460 square feet [7698281.50 square inches]
0 Displacements
0 Square Feet [0.00 Square Inches]
535 patches before subdivision
33313 patches after subdivision
27 direct lights
0...1...2...3...4...5...6...7...8...9...100...1...2...3...4...5...6...7...8...9...10transfers 3201265, max 428
transfer lists:  24.4 megs
0...1...2...3...4...5...6...7...8...9...10	Bounce #1 added RGB(112016, 40562, 11961)
0...1...2...3...4...5...6...7...8...9...10	Bounce #2 added RGB(92646, 13972, 6309)
0...1...2...3...4...5...6...7...8...9...10	Bounce #3 added RGB(41652, 4993, 3969)
0...1...2...3...4...5...6...7...8...9...10	Bounce #4 added RGB(28806, 2778, 2496)
0...1...2...3...4...5...6...7...8...9...10	Bounce #5 added RGB(17884, 1688, 1577)
0...1...2...3...4...5...6...7...8...9...10	Bounce #6 added RGB(12137, 1064, 998)
0...1...2...3...4...5...6...7...8...9...10	Bounce #7 added RGB(8127, 678, 632)
0...1...2...3...4...5...6...7...8...9...10	Bounce #8 added RGB(5535, 434, 401)
0...1...2...3...4...5...6...7...8...9...10	Bounce #9 added RGB(3768, 278, 254)
0...1...2...3...4...5...6...7...8...9...10	Bounce #10 added RGB(2574, 178, 161)
0...1...2...3...4...5...6...7...8...9...10	Bounce #11 added RGB(1759, 114, 103)
0...1...2...3...4...5...6...7...8...9...10	Bounce #12 added RGB(1203, 73, 65)
0...1...2...3...4...5...6...7...8...9...10	Bounce #13 added RGB(824, 47, 41)
0...1...2...3...4...5...6...7...8...9...10	Bounce #14 added RGB(564, 30, 26)
0...1...2...3...4...5...6...7...8...9...10	Bounce #15 added RGB(386, 19, 17)
0...1...2...3...4...5...6...7...8...9...10	Bounce #16 added RGB(265, 12, 11)
0...1...2...3...4...5...6...7...8...9...10	Bounce #17 added RGB(181, 8, 7)
0...1...2...3...4...5...6...7...8...9...10	Bounce #18 added RGB(124, 5, 4)
0...1...2...3...4...5...6...7...8...9...10	Bounce #19 added RGB(85, 3, 3)
0...1...2...3...4...5...6...7...8...9...10	Bounce #20 added RGB(58, 2, 2)
0...1...2...3...4...5...6...7...8...9...10	Bounce #21 added RGB(40, 1, 1)
0...1...2...3...4...5...6...7...8...9...10	Bounce #22 added RGB(27, 1, 1)
0...1...2...3...4...5...6...7...8...9...10	Bounce #23 added RGB(19, 1, 0)
0...1...2...3...4...5...6...7...8...9...10	Bounce #24 added RGB(13, 0, 0)
0...1...2...3...4...5...6...7...8...9...10	Bounce #25 added RGB(9, 0, 0)
0...1...2...3...4...5...6...7...8...9...10	Bounce #26 added RGB(6, 0, 0)
0...1...2...3...4...5...6...7...8...9...10	Bounce #27 added RGB(4, 0, 0)
0...1...2...3...4...5...6...7...8...9...10	Bounce #28 added RGB(3, 0, 0)
0...1...2...3...4...5...6...7...8...9...10	Bounce #29 added RGB(2, 0, 0)
0...1...2...3...4...5...6...7...8...9...10	Bounce #30 added RGB(1, 0, 0)
0...1...2...3...4...5...6...7...8...9...10	Bounce #31 added RGB(1, 0, 0)
Build Patch/Sample Hash Table(s).....Done<0.0036 sec>
0...1...2...3...4...5...6...7...8...9...10FinalLightFace Done
0 of 0 (0% of) surface lights went in leaf ambient cubes.
0...1...2...3...4...5...6...7...8...9...10Writing leaf ambient...done
Computing static prop lighting : 00...1...2...3...4...5...6...7...8...9...10
Ready to Finish

Object names       Objects/Maxobjs  Memory / Maxmem  Fullness 
------------       ---------------  ---------------  -------- 
models                  12/4096          576/196608   ( 0.3%) 
brushes                 80/32768         960/393216   ( 0.2%) 
brushsides             480/65536        3840/524288   ( 0.7%) 
planes                 296/65536        5920/1310720  ( 0.5%) 
vertexes               735/65536        8820/786432   ( 1.1%) 
nodes                  234/65536        7488/2097152  ( 0.4%) 
texinfos                78/12288        5616/884736   ( 0.6%) 
texdata                  8/2048          256/65536    ( 0.4%) 
dispinfos                0/0               0/0        ( 0.0%) 
disp_verts               0/0               0/0        ( 0.0%) 
disp_tris                0/0               0/0        ( 0.0%) 
disp_lmsamples           0/0               0/0        ( 0.0%) 
faces                  535/65536       29960/3670016  ( 0.8%) 
hdr faces              535/65536       29960/3670016  ( 0.8%) 
origfaces              227/65536       12712/3670016  ( 0.3%) 
leaves                 247/65536        7904/2097152  ( 0.4%) 
leaffaces              571/65536        1142/131072   ( 0.9%) 
leafbrushes            132/65536         264/131072   ( 0.2%) 
areas                    3/1024           24/8192     ( 0.3%) 
surfedges             3316/512000      13264/2048000  ( 0.6%) 
edges                 1760/256000       7040/1024000  ( 0.7%) 
LDR worldlights         27/16384        2376/1441792  ( 0.2%) 
HDR worldlights         27/16384        2376/1441792  ( 0.2%) 
leafwaterdata            0/32768           0/393216   ( 0.0%) 
waterstrips             21/131072        210/1310720  ( 0.0%) 
waterverts               0/131072          0/1572864  ( 0.0%) 
waterindices           390/131072        780/262144   ( 0.3%) 
cubemapsamples           0/1024            0/16384    ( 0.0%) 
overlays                 0/1024            0/360448   ( 0.0%) 
LDR lightdata         [variable]     1078584/0        ( 0.0%) 
HDR lightdata         [variable]     1078584/0        ( 0.0%) 
visdata               [variable]        2004/16777216 ( 0.0%) 
entdata               [variable]       15521/393216   ( 3.9%) 
LDR ambient table      247/65536         988/262144   ( 0.4%) 
HDR ambient table      247/65536         988/262144   ( 0.4%) 
LDR leaf ambient      1144/65536       32032/1835008  ( 1.7%) 
HDR leaf ambient      1144/65536       32032/1835008  ( 1.7%) 
occluders                0/0               0/0        ( 0.0%) 
occluder polygons        0/0               0/0        ( 0.0%) 
occluder vert ind        0/0               0/0        ( 0.0%) 
detail props          [variable]           1/12       ( 8.3%) 
static props          [variable]           1/284      ( 0.4%) 
pakfile               [variable]       78593/0        ( 0.0%) 
physics               [variable]       35754/4194304  ( 0.9%) 
physics terrain       [variable]           2/1048576  ( 0.0%) 

Level flags = 3

Total triangle count: 1338
Writing c:\program files (x86)\steam\steamapps\sourcemods\who\maps\list_02.bsp
2 seconds elapsed



materialPath: C:\Program Files (x86)\Steam\steamapps\sourcemods\who\materials
Loading c:\program files (x86)\steam\steamapps\sourcemods\who\maps\list_02.vmf
Patching WVT material: maps/list_02/dev/dev_blendmeasure_wvt_patch
fixing up env_cubemap materials on brush sides...
0...1...2...3...4...5...6...7...8...9...100...1...2...3...4...5...6...7...8...9...10Processing areas...done (0)
Building Faces...done (0)
Chop Details...done (0)
Find Visible Detail Sides...done (0)
Merging details...done (0)
FixTjuncs...
PruneNodes...
WriteBSP...
done (0)
writing c:\program files (x86)\steam\steamapps\sourcemods\who\maps\list_02.prt...Building visibility clusters...
done (0)
Finding displacement neighbors...
Finding lightmap sample positions...
Displacement Alpha : 0...1...2...3...4...5...6...7...8...9...10
Building Physics collision data...
done (0) (35754 bytes)
Placing static props...
Placing detail props : 0...1...2...3...4...5...6...7...8...9...10
Compacting texture/material tables...
Reduced 132 texinfos to 78
Reduced 10 texdatas to 8 (247 bytes to 182)
Writing c:\program files (x86)\steam\steamapps\sourcemods\who\maps\list_02.bsp
0 seconds elapsed



6 threads
reading c:\program files (x86)\steam\steamapps\sourcemods\who\maps\list_02.bsp
reading c:\program files (x86)\steam\steamapps\sourcemods\who\maps\list_02.prt
  78 portalclusters
 195 numportals
0...1...2...3...4...5...6...7...8...9...100...1...2...3...4...5...6...7...8...9...10Optimized: 0 visible clusters (0.00%)
Total clusters visible: 1754
Average clusters visible: 22
Building PAS...
Average clusters audible: 36
visdatasize:2004  compressed from 2496
writing c:\program files (x86)\steam\steamapps\sourcemods\who\maps\list_02.bsp
0 seconds elapsed



[Reading texlights from 'lights.rad']
[48 texlights parsed from 'lights.rad']

Loading c:\program files (x86)\steam\steamapps\sourcemods\who\maps\list_02.bsp
535 faces
53460 square feet [7698281.50 square inches]
0 Displacements
0 Square Feet [0.00 Square Inches]
535 patches before subdivision
33313 patches after subdivision
27 direct lights
0...1...2...3...4...5...6...7...8...9...100...1...2...3...4...5...6...7...8...9...10transfers 3201265, max 428
transfer lists:  24.4 megs
0...1...2...3...4...5...6...7...8...9...10	Bounce #1 added RGB(112016, 40562, 11961)
0...1...2...3...4...5...6...7...8...9...10	Bounce #2 added RGB(92646, 13972, 6309)
0...1...2...3...4...5...6...7...8...9...10	Bounce #3 added RGB(41652, 4993, 3969)
0...1...2...3...4...5...6...7...8...9...10	Bounce #4 added RGB(28806, 2778, 2496)
0...1...2...3...4...5...6...7...8...9...10	Bounce #5 added RGB(17884, 1688, 1577)
0...1...2...3...4...5...6...7...8...9...10	Bounce #6 added RGB(12137, 1064, 997)
0...1...2...3...4...5...6...7...8...9...10	Bounce #7 added RGB(8127, 678, 632)
0...1...2...3...4...5...6...7...8...9...10	Bounce #8 added RGB(5535, 434, 401)
0...1...2...3...4...5...6...7...8...9...10	Bounce #9 added RGB(3768, 278, 254)
0...1...2...3...4...5...6...7...8...9...10	Bounce #10 added RGB(2574, 178, 161)
0...1...2...3...4...5...6...7...8...9...10	Bounce #11 added RGB(1759, 114, 103)
0...1...2...3...4...5...6...7...8...9...10	Bounce #12 added RGB(1203, 73, 65)
0...1...2...3...4...5...6...7...8...9...10	Bounce #13 added RGB(824, 47, 41)
0...1...2...3...4...5...6...7...8...9...10	Bounce #14 added RGB(564, 30, 26)
0...1...2...3...4...5...6...7...8...9...10	Bounce #15 added RGB(386, 19, 17)
0...1...2...3...4...5...6...7...8...9...10	Bounce #16 added RGB(265, 12, 11)
0...1...2...3...4...5...6...7...8...9...10	Bounce #17 added RGB(181, 8, 7)
0...1...2...3...4...5...6...7...8...9...10	Bounce #18 added RGB(124, 5, 4)
0...1...2...3...4...5...6...7...8...9...10	Bounce #19 added RGB(85, 3, 3)
0...1...2...3...4...5...6...7...8...9...10	Bounce #20 added RGB(58, 2, 2)
0...1...2...3...4...5...6...7...8...9...10	Bounce #21 added RGB(40, 1, 1)
0...1...2...3...4...5...6...7...8...9...10	Bounce #22 added RGB(27, 1, 1)
0...1...2...3...4...5...6...7...8...9...10	Bounce #23 added RGB(19, 1, 0)
0...1...2...3...4...5...6...7...8...9...10	Bounce #24 added RGB(13, 0, 0)
0...1...2...3...4...5...6...7...8...9...10	Bounce #25 added RGB(9, 0, 0)
0...1...2...3...4...5...6...7...8...9...10	Bounce #26 added RGB(6, 0, 0)
0...1...2...3...4...5...6...7...8...9...10	Bounce #27 added RGB(4, 0, 0)
0...1...2...3...4...5...6...7...8...9...10	Bounce #28 added RGB(3, 0, 0)
0...1...2...3...4...5...6...7...8...9...10	Bounce #29 added RGB(2, 0, 0)
0...1...2...3...4...5...6...7...8...9...10	Bounce #30 added RGB(1, 0, 0)
0...1...2...3...4...5...6...7...8...9...10	Bounce #31 added RGB(1, 0, 0)
Build Patch/Sample Hash Table(s).....Done<0.0041 sec>
0...1...2...3...4...5...6...7...8...9...10FinalLightFace Done
0 of 0 (0% of) surface lights went in leaf ambient cubes.
0...1...2...3...4...5...6...7...8...9...10Writing leaf ambient...done
Computing static prop lighting : 00...1...2...3...4...5...6...7...8...9...10
Ready to Finish

Object names       Objects/Maxobjs  Memory / Maxmem  Fullness 
------------       ---------------  ---------------  -------- 
models                  12/4096          576/196608   ( 0.3%) 
brushes                 80/32768         960/393216   ( 0.2%) 
brushsides             480/65536        3840/524288   ( 0.7%) 
planes                 296/65536        5920/1310720  ( 0.5%) 
vertexes               735/65536        8820/786432   ( 1.1%) 
nodes                  234/65536        7488/2097152  ( 0.4%) 
texinfos                78/12288        5616/884736   ( 0.6%) 
texdata                  8/2048          256/65536    ( 0.4%) 
dispinfos                0/0               0/0        ( 0.0%) 
disp_verts               0/0               0/0        ( 0.0%) 
disp_tris                0/0               0/0        ( 0.0%) 
disp_lmsamples           0/0               0/0        ( 0.0%) 
faces                  535/65536       29960/3670016  ( 0.8%) 
hdr faces                0/65536           0/3670016  ( 0.0%) 
origfaces              227/65536       12712/3670016  ( 0.3%) 
leaves                 247/65536        7904/2097152  ( 0.4%) 
leaffaces              571/65536        1142/131072   ( 0.9%) 
leafbrushes            132/65536         264/131072   ( 0.2%) 
areas                    3/1024           24/8192     ( 0.3%) 
surfedges             3316/512000      13264/2048000  ( 0.6%) 
edges                 1760/256000       7040/1024000  ( 0.7%) 
LDR worldlights         27/16384        2376/1441792  ( 0.2%) 
HDR worldlights          0/16384           0/1441792  ( 0.0%) 
leafwaterdata            0/32768           0/393216   ( 0.0%) 
waterstrips             21/131072        210/1310720  ( 0.0%) 
waterverts               0/131072          0/1572864  ( 0.0%) 
waterindices           390/131072        780/262144   ( 0.3%) 
cubemapsamples           0/1024            0/16384    ( 0.0%) 
overlays                 0/1024            0/360448   ( 0.0%) 
LDR lightdata         [variable]     1078584/0        ( 0.0%) 
HDR lightdata         [variable]           0/0        ( 0.0%) 
visdata               [variable]        2004/16777216 ( 0.0%) 
entdata               [variable]       15521/393216   ( 3.9%) 
LDR ambient table      247/65536         988/262144   ( 0.4%) 
HDR ambient table      247/65536         988/262144   ( 0.4%) 
LDR leaf ambient      1144/65536       32032/1835008  ( 1.7%) 
HDR leaf ambient       247/65536        6916/1835008  ( 0.4%) 
occluders                0/0               0/0        ( 0.0%) 
occluder polygons        0/0               0/0        ( 0.0%) 
occluder vert ind        0/0               0/0        ( 0.0%) 
detail props          [variable]           1/12       ( 8.3%) 
static props          [variable]           1/284      ( 0.4%) 
pakfile               [variable]       39481/0        ( 0.0%) 
physics               [variable]       35754/4194304  ( 0.9%) 
physics terrain       [variable]           2/1048576  ( 0.0%) 

Level flags = 1

Total triangle count: 1338
Writing c:\program files (x86)\steam\steamapps\sourcemods\who\maps\list_02.bsp
2 seconds elapsed



[Reading texlights from 'lights.rad']
[48 texlights parsed from 'lights.rad']

Loading c:\program files (x86)\steam\steamapps\sourcemods\who\maps\list_02.bsp
535 faces
53460 square feet [7698281.50 square inches]
0 Displacements
0 Square Feet [0.00 Square Inches]
535 patches before subdivision
33313 patches after subdivision
27 direct lights
0...1...2...3...4...5...6...7...8...9...100...1...2...3...4...5...6...7...8...9...10transfers 3201265, max 428
transfer lists:  24.4 megs
0...1...2...3...4...5...6...7...8...9...10	Bounce #1 added RGB(112016, 40562, 11961)
0...1...2...3...4...5...6...7...8...9...10	Bounce #2 added RGB(92646, 13972, 6309)
0...1...2...3...4...5...6...7...8...9...10	Bounce #3 added RGB(41652, 4993, 3969)
0...1...2...3...4...5...6...7...8...9...10	Bounce #4 added RGB(28806, 2778, 2496)
0...1...2...3...4...5...6...7...8...9...10	Bounce #5 added RGB(17884, 1688, 1577)
0...1...2...3...4...5...6...7...8...9...10	Bounce #6 added RGB(12137, 1064, 998)
0...1...2...3...4...5...6...7...8...9...10	Bounce #7 added RGB(8127, 678, 632)
0...1...2...3...4...5...6...7...8...9...10	Bounce #8 added RGB(5535, 434, 401)
0...1...2...3...4...5...6...7...8...9...10	Bounce #9 added RGB(3768, 278, 254)
0...1...2...3...4...5...6...7...8...9...10	Bounce #10 added RGB(2574, 178, 161)
0...1...2...3...4...5...6...7...8...9...10	Bounce #11 added RGB(1759, 114, 103)
0...1...2...3...4...5...6...7...8...9...10	Bounce #12 added RGB(1203, 73, 65)
0...1...2...3...4...5...6...7...8...9...10	Bounce #13 added RGB(824, 47, 41)
0...1...2...3...4...5...6...7...8...9...10	Bounce #14 added RGB(564, 30, 26)
0...1...2...3...4...5...6...7...8...9...10	Bounce #15 added RGB(386, 19, 17)
0...1...2...3...4...5...6...7...8...9...10	Bounce #16 added RGB(265, 12, 11)
0...1...2...3...4...5...6...7...8...9...10	Bounce #17 added RGB(181, 8, 7)
0...1...2...3...4...5...6...7...8...9...10	Bounce #18 added RGB(124, 5, 4)
0...1...2...3...4...5...6...7...8...9...10	Bounce #19 added RGB(85, 3, 3)
0...1...2...3...4...5...6...7...8...9...10	Bounce #20 added RGB(58, 2, 2)
0...1...2...3...4...5...6...7...8...9...10	Bounce #21 added RGB(40, 1, 1)
0...1...2...3...4...5...6...7...8...9...10	Bounce #22 added RGB(27, 1, 1)
0...1...2...3...4...5...6...7...8...9...10	Bounce #23 added RGB(19, 1, 0)
0...1...2...3...4...5...6...7...8...9...10	Bounce #24 added RGB(13, 0, 0)
0...1...2...3...4...5...6...7...8...9...10	Bounce #25 added RGB(9, 0, 0)
0...1...2...3...4...5...6...7...8...9...10	Bounce #26 added RGB(6, 0, 0)
0...1...2...3...4...5...6...7...8...9...10	Bounce #27 added RGB(4, 0, 0)
0...1...2...3...4...5...6...7...8...9...10	Bounce #28 added RGB(3, 0, 0)
0...1...2...3...4...5...6...7...8...9...10	Bounce #29 added RGB(2, 0, 0)
0...1...2...3...4...5...6...7...8...9...10	Bounce #30 added RGB(1, 0, 0)
0...1...2...3...4...5...6...7...8...9...10	Bounce #31 added RGB(1, 0, 0)
Build Patch/Sample Hash Table(s).....Done<0.0049 sec>
0...1...2...3...4...5...6...7...8...9...10FinalLightFace Done
0 of 0 (0% of) surface lights went in leaf ambient cubes.
0...1...2...3...4...5...6...7...8...9...10Writing leaf ambient...done
Computing static prop lighting : 00...1...2...3...4...5...6...7...8...9...10
Ready to Finish

Object names       Objects/Maxobjs  Memory / Maxmem  Fullness 
------------       ---------------  ---------------  -------- 
models                  12/4096          576/196608   ( 0.3%) 
brushes                 80/32768         960/393216   ( 0.2%) 
brushsides             480/65536        3840/524288   ( 0.7%) 
planes                 296/65536        5920/1310720  ( 0.5%) 
vertexes               735/65536        8820/786432   ( 1.1%) 
nodes                  234/65536        7488/2097152  ( 0.4%) 
texinfos                78/12288        5616/884736   ( 0.6%) 
texdata                  8/2048          256/65536    ( 0.4%) 
dispinfos                0/0               0/0        ( 0.0%) 
disp_verts               0/0               0/0        ( 0.0%) 
disp_tris                0/0               0/0        ( 0.0%) 
disp_lmsamples           0/0               0/0        ( 0.0%) 
faces                  535/65536       29960/3670016  ( 0.8%) 
hdr faces              535/65536       29960/3670016  ( 0.8%) 
origfaces              227/65536       12712/3670016  ( 0.3%) 
leaves                 247/65536        7904/2097152  ( 0.4%) 
leaffaces              571/65536        1142/131072   ( 0.9%) 
leafbrushes            132/65536         264/131072   ( 0.2%) 
areas                    3/1024           24/8192     ( 0.3%) 
surfedges             3316/512000      13264/2048000  ( 0.6%) 
edges                 1760/256000       7040/1024000  ( 0.7%) 
LDR worldlights         27/16384        2376/1441792  ( 0.2%) 
HDR worldlights         27/16384        2376/1441792  ( 0.2%) 
leafwaterdata            0/32768           0/393216   ( 0.0%) 
waterstrips             21/131072        210/1310720  ( 0.0%) 
waterverts               0/131072          0/1572864  ( 0.0%) 
waterindices           390/131072        780/262144   ( 0.3%) 
cubemapsamples           0/1024            0/16384    ( 0.0%) 
overlays                 0/1024            0/360448   ( 0.0%) 
LDR lightdata         [variable]     1078584/0        ( 0.0%) 
HDR lightdata         [variable]     1078584/0        ( 0.0%) 
visdata               [variable]        2004/16777216 ( 0.0%) 
entdata               [variable]       15521/393216   ( 3.9%) 
LDR ambient table      247/65536         988/262144   ( 0.4%) 
HDR ambient table      247/65536         988/262144   ( 0.4%) 
LDR leaf ambient      1144/65536       32032/1835008  ( 1.7%) 
HDR leaf ambient      1144/65536       32032/1835008  ( 1.7%) 
occluders                0/0               0/0        ( 0.0%) 
occluder polygons        0/0               0/0        ( 0.0%) 
occluder vert ind        0/0               0/0        ( 0.0%) 
detail props          [variable]           1/12       ( 8.3%) 
static props          [variable]           1/284      ( 0.4%) 
pakfile               [variable]       78593/0        ( 0.0%) 
physics               [variable]       35754/4194304  ( 0.9%) 
physics terrain       [variable]           2/1048576  ( 0.0%) 

Level flags = 3

Total triangle count: 1338
Writing c:\program files (x86)\steam\steamapps\sourcemods\who\maps\list_02.bsp
2 seconds elapsed



materialPath: C:\Program Files (x86)\Steam\steamapps\sourcemods\who\materials
Loading c:\program files (x86)\steam\steamapps\sourcemods\who\maps\list_02.vmf
Patching WVT material: maps/list_02/dev/dev_blendmeasure_wvt_patch
fixing up env_cubemap materials on brush sides...
0...1...2...3...4...5...6...7...8...9...100...1...2...3...4...5...6...7...8...9...10Processing areas...done (0)
Building Faces...done (0)
Chop Details...done (0)
Find Visible Detail Sides...done (0)
Merging details...done (0)
FixTjuncs...
PruneNodes...
WriteBSP...
done (0)
writing c:\program files (x86)\steam\steamapps\sourcemods\who\maps\list_02.prt...Building visibility clusters...
done (0)
Finding displacement neighbors...
Finding lightmap sample positions...
Displacement Alpha : 0...1...2...3...4...5...6...7...8...9...10
Building Physics collision data...
done (0) (35754 bytes)
Placing static props...
Placing detail props : 0...1...2...3...4...5...6...7...8...9...10
Compacting texture/material tables...
Reduced 132 texinfos to 78
Reduced 10 texdatas to 8 (247 bytes to 182)
Writing c:\program files (x86)\steam\steamapps\sourcemods\who\maps\list_02.bsp
0 seconds elapsed



6 threads
reading c:\program files (x86)\steam\steamapps\sourcemods\who\maps\list_02.bsp
reading c:\program files (x86)\steam\steamapps\sourcemods\who\maps\list_02.prt
  78 portalclusters
 195 numportals
0...1...2...3...4...5...6...7...8...9...100...1...2...3...4...5...6...7...8...9...10Optimized: 0 visible clusters (0.00%)
Total clusters visible: 1754
Average clusters visible: 22
Building PAS...
Average clusters audible: 36
visdatasize:2004  compressed from 2496
writing c:\program files (x86)\steam\steamapps\sourcemods\who\maps\list_02.bsp
0 seconds elapsed



[Reading texlights from 'lights.rad']
[48 texlights parsed from 'lights.rad']

Loading c:\program files (x86)\steam\steamapps\sourcemods\who\maps\list_02.bsp
535 faces
53460 square feet [7698281.50 square inches]
0 Displacements
0 Square Feet [0.00 Square Inches]
535 patches before subdivision
33313 patches after subdivision
27 direct lights
0...1...2...3...4...5...6...7...8...9...100...1...2...3...4...5...6...7...8...9...10transfers 3201265, max 428
transfer lists:  24.4 megs
0...1...2...3...4...5...6...7...8...9...10	Bounce #1 added RGB(112016, 40562, 11961)
0...1...2...3...4...5...6...7...8...9...10	Bounce #2 added RGB(92646, 13972, 6309)
0...1...2...3...4...5...6...7...8...9...10	Bounce #3 added RGB(41652, 4993, 3969)
0...1...2...3...4...5...6...7...8...9...10	Bounce #4 added RGB(28806, 2778, 2496)
0...1...2...3...4...5...6...7...8...9...10	Bounce #5 added RGB(17884, 1688, 1577)
0...1...2...3...4...5...6...7...8...9...10	Bounce #6 added RGB(12137, 1064, 997)
0...1...2...3...4...5...6...7...8...9...10	Bounce #7 added RGB(8127, 678, 632)
0...1...2...3...4...5...6...7...8...9...10	Bounce #8 added RGB(5535, 434, 401)
0...1...2...3...4...5...6...7...8...9...10	Bounce #9 added RGB(3768, 278, 254)
0...1...2...3...4...5...6...7...8...9...10	Bounce #10 added RGB(2574, 178, 161)
0...1...2...3...4...5...6...7...8...9...10	Bounce #11 added RGB(1759, 114, 103)
0...1...2...3...4...5...6...7...8...9...10	Bounce #12 added RGB(1203, 73, 65)
0...1...2...3...4...5...6...7...8...9...10	Bounce #13 added RGB(824, 47, 41)
0...1...2...3...4...5...6...7...8...9...10	Bounce #14 added RGB(564, 30, 26)
0...1...2...3...4...5...6...7...8...9...10	Bounce #15 added RGB(386, 19, 17)
0...1...2...3...4...5...6...7...8...9...10	Bounce #16 added RGB(265, 12, 11)
0...1...2...3...4...5...6...7...8...9...10	Bounce #17 added RGB(181, 8, 7)
0...1...2...3...4...5...6...7...8...9...10	Bounce #18 added RGB(124, 5, 4)
0...1...2...3...4...5...6...7...8...9...10	Bounce #19 added RGB(85, 3, 3)
0...1...2...3...4...5...6...7...8...9...10	Bounce #20 added RGB(58, 2, 2)
0...1...2...3...4...5...6...7...8...9...10	Bounce #21 added RGB(40, 1, 1)
0...1...2...3...4...5...6...7...8...9...10	Bounce #22 added RGB(27, 1, 1)
0...1...2...3...4...5...6...7...8...9...10	Bounce #23 added RGB(19, 1, 0)
0...1...2...3...4...5...6...7...8...9...10	Bounce #24 added RGB(13, 0, 0)
0...1...2...3...4...5...6...7...8...9...10	Bounce #25 added RGB(9, 0, 0)
0...1...2...3...4...5...6...7...8...9...10	Bounce #26 added RGB(6, 0, 0)
0...1...2...3...4...5...6...7...8...9...10	Bounce #27 added RGB(4, 0, 0)
0...1...2...3...4...5...6...7...8...9...10	Bounce #28 added RGB(3, 0, 0)
0...1...2...3...4...5...6...7...8...9...10	Bounce #29 added RGB(2, 0, 0)
0...1...2...3...4...5...6...7...8...9...10	Bounce #30 added RGB(1, 0, 0)
0...1...2...3...4...5...6...7...8...9...10	Bounce #31 added RGB(1, 0, 0)
Build Patch/Sample Hash Table(s).....Done<0.0070 sec>
0...1...2...3...4...5...6...7...8...9...10FinalLightFace Done
0 of 0 (0% of) surface lights went in leaf ambient cubes.
0...1...2...3...4...5...6...7...8...9...10Writing leaf ambient...done
Computing static prop lighting : 00...1...2...3...4...5...6...7...8...9...10
Ready to Finish

Object names       Objects/Maxobjs  Memory / Maxmem  Fullness 
------------       ---------------  ---------------  -------- 
models                  12/4096          576/196608   ( 0.3%) 
brushes                 80/32768         960/393216   ( 0.2%) 
brushsides             480/65536        3840/524288   ( 0.7%) 
planes                 296/65536        5920/1310720  ( 0.5%) 
vertexes               735/65536        8820/786432   ( 1.1%) 
nodes                  234/65536        7488/2097152  ( 0.4%) 
texinfos                78/12288        5616/884736   ( 0.6%) 
texdata                  8/2048          256/65536    ( 0.4%) 
dispinfos                0/0               0/0        ( 0.0%) 
disp_verts               0/0               0/0        ( 0.0%) 
disp_tris                0/0               0/0        ( 0.0%) 
disp_lmsamples           0/0               0/0        ( 0.0%) 
faces                  535/65536       29960/3670016  ( 0.8%) 
hdr faces                0/65536           0/3670016  ( 0.0%) 
origfaces              227/65536       12712/3670016  ( 0.3%) 
leaves                 247/65536        7904/2097152  ( 0.4%) 
leaffaces              571/65536        1142/131072   ( 0.9%) 
leafbrushes            132/65536         264/131072   ( 0.2%) 
areas                    3/1024           24/8192     ( 0.3%) 
surfedges             3316/512000      13264/2048000  ( 0.6%) 
edges                 1760/256000       7040/1024000  ( 0.7%) 
LDR worldlights         27/16384        2376/1441792  ( 0.2%) 
HDR worldlights          0/16384           0/1441792  ( 0.0%) 
leafwaterdata            0/32768           0/393216   ( 0.0%) 
waterstrips             21/131072        210/1310720  ( 0.0%) 
waterverts               0/131072          0/1572864  ( 0.0%) 
waterindices           390/131072        780/262144   ( 0.3%) 
cubemapsamples           0/1024            0/16384    ( 0.0%) 
overlays                 0/1024            0/360448   ( 0.0%) 
LDR lightdata         [variable]     1078584/0        ( 0.0%) 
HDR lightdata         [variable]           0/0        ( 0.0%) 
visdata               [variable]        2004/16777216 ( 0.0%) 
entdata               [variable]       15521/393216   ( 3.9%) 
LDR ambient table      247/65536         988/262144   ( 0.4%) 
HDR ambient table      247/65536         988/262144   ( 0.4%) 
LDR leaf ambient      1144/65536       32032/1835008  ( 1.7%) 
HDR leaf ambient       247/65536        6916/1835008  ( 0.4%) 
occluders                0/0               0/0        ( 0.0%) 
occluder polygons        0/0               0/0        ( 0.0%) 
occluder vert ind        0/0               0/0        ( 0.0%) 
detail props          [variable]           1/12       ( 8.3%) 
static props          [variable]           1/284      ( 0.4%) 
pakfile               [variable]       39481/0        ( 0.0%) 
physics               [variable]       35754/4194304  ( 0.9%) 
physics terrain       [variable]           2/1048576  ( 0.0%) 

Level flags = 1

Total triangle count: 1338
Writing c:\program files (x86)\steam\steamapps\sourcemods\who\maps\list_02.bsp
2 seconds elapsed



[Reading texlights from 'lights.rad']
[48 texlights parsed from 'lights.rad']

Loading c:\program files (x86)\steam\steamapps\sourcemods\who\maps\list_02.bsp
535 faces
53460 square feet [7698281.50 square inches]
0 Displacements
0 Square Feet [0.00 Square Inches]
535 patches before subdivision
33313 patches after subdivision
27 direct lights
0...1...2...3...4...5...6...7...8...9...100...1...2...3...4...5...6...7...8...9...10transfers 3201265, max 428
transfer lists:  24.4 megs
0...1...2...3...4...5...6...7...8...9...10	Bounce #1 added RGB(112016, 40562, 11961)
0...1...2...3...4...5...6...7...8...9...10	Bounce #2 added RGB(92646, 13972, 6309)
0...1...2...3...4...5...6...7...8...9...10	Bounce #3 added RGB(41652, 4993, 3969)
0...1...2...3...4...5...6...7...8...9...10	Bounce #4 added RGB(28806, 2778, 2496)
0...1...2...3...4...5...6...7...8...9...10	Bounce #5 added RGB(17884, 1688, 1577)
0...1...2...3...4...5...6...7...8...9...10	Bounce #6 added RGB(12137, 1064, 998)
0...1...2...3...4...5...6...7...8...9...10	Bounce #7 added RGB(8127, 678, 632)
0...1...2...3...4...5...6...7...8...9...10	Bounce #8 added RGB(5535, 434, 401)
0...1...2...3...4...5...6...7...8...9...10	Bounce #9 added RGB(3768, 278, 254)
0...1...2...3...4...5...6...7...8...9...10	Bounce #10 added RGB(2574, 178, 161)
0...1...2...3...4...5...6...7...8...9...10	Bounce #11 added RGB(1759, 114, 103)
0...1...2...3...4...5...6...7...8...9...10	Bounce #12 added RGB(1203, 73, 65)
0...1...2...3...4...5...6...7...8...9...10	Bounce #13 added RGB(824, 47, 41)
0...1...2...3...4...5...6...7...8...9...10	Bounce #14 added RGB(564, 30, 26)
0...1...2...3...4...5...6...7...8...9...10	Bounce #15 added RGB(386, 19, 17)
0...1...2...3...4...5...6...7...8...9...10	Bounce #16 added RGB(265, 12, 11)
0...1...2...3...4...5...6...7...8...9...10	Bounce #17 added RGB(181, 8, 7)
0...1...2...3...4...5...6...7...8...9...10	Bounce #18 added RGB(124, 5, 4)
0...1...2...3...4...5...6...7...8...9...10	Bounce #19 added RGB(85, 3, 3)
0...1...2...3...4...5...6...7...8...9...10	Bounce #20 added RGB(58, 2, 2)
0...1...2...3...4...5...6...7...8...9...10	Bounce #21 added RGB(40, 1, 1)
0...1...2...3...4...5...6...7...8...9...10	Bounce #22 added RGB(27, 1, 1)
0...1...2...3...4...5...6...7...8...9...10	Bounce #23 added RGB(19, 1, 0)
0...1...2...3...4...5...6...7...8...9...10	Bounce #24 added RGB(13, 0, 0)
0...1...2...3...4...5...6...7...8...9...10	Bounce #25 added RGB(9, 0, 0)
0...1...2...3...4...5...6...7...8...9...10	Bounce #26 added RGB(6, 0, 0)
0...1...2...3...4...5...6...7...8...9...10	Bounce #27 added RGB(4, 0, 0)
0...1...2...3...4...5...6...7...8...9...10	Bounce #28 added RGB(3, 0, 0)
0...1...2...3...4...5...6...7...8...9...10	Bounce #29 added RGB(2, 0, 0)
0...1...2...3...4...5...6...7...8...9...10	Bounce #30 added RGB(1, 0, 0)
0...1...2...3...4...5...6...7...8...9...10	Bounce #31 added RGB(1, 0, 0)
Build Patch/Sample Hash Table(s).....Done<0.0038 sec>
0...1...2...3...4...5...6...7...8...9...10FinalLightFace Done
0 of 0 (0% of) surface lights went in leaf ambient cubes.
0...1...2...3...4...5...6...7...8...9...10Writing leaf ambient...done
Computing static prop lighting : 00...1...2...3...4...5...6...7...8...9...10
Ready to Finish

Object names       Objects/Maxobjs  Memory / Maxmem  Fullness 
------------       ---------------  ---------------  -------- 
models                  12/4096          576/196608   ( 0.3%) 
brushes                 80/32768         960/393216   ( 0.2%) 
brushsides             480/65536        3840/524288   ( 0.7%) 
planes                 296/65536        5920/1310720  ( 0.5%) 
vertexes               735/65536        8820/786432   ( 1.1%) 
nodes                  234/65536        7488/2097152  ( 0.4%) 
texinfos                78/12288        5616/884736   ( 0.6%) 
texdata                  8/2048          256/65536    ( 0.4%) 
dispinfos                0/0               0/0        ( 0.0%) 
disp_verts               0/0               0/0        ( 0.0%) 
disp_tris                0/0               0/0        ( 0.0%) 
disp_lmsamples           0/0               0/0        ( 0.0%) 
faces                  535/65536       29960/3670016  ( 0.8%) 
hdr faces              535/65536       29960/3670016  ( 0.8%) 
origfaces              227/65536       12712/3670016  ( 0.3%) 
leaves                 247/65536        7904/2097152  ( 0.4%) 
leaffaces              571/65536        1142/131072   ( 0.9%) 
leafbrushes            132/65536         264/131072   ( 0.2%) 
areas                    3/1024           24/8192     ( 0.3%) 
surfedges             3316/512000      13264/2048000  ( 0.6%) 
edges                 1760/256000       7040/1024000  ( 0.7%) 
LDR worldlights         27/16384        2376/1441792  ( 0.2%) 
HDR worldlights         27/16384        2376/1441792  ( 0.2%) 
leafwaterdata            0/32768           0/393216   ( 0.0%) 
waterstrips             21/131072        210/1310720  ( 0.0%) 
waterverts               0/131072          0/1572864  ( 0.0%) 
waterindices           390/131072        780/262144   ( 0.3%) 
cubemapsamples           0/1024            0/16384    ( 0.0%) 
overlays                 0/1024            0/360448   ( 0.0%) 
LDR lightdata         [variable]     1078584/0        ( 0.0%) 
HDR lightdata         [variable]     1078584/0        ( 0.0%) 
visdata               [variable]        2004/16777216 ( 0.0%) 
entdata               [variable]       15521/393216   ( 3.9%) 
LDR ambient table      247/65536         988/262144   ( 0.4%) 
HDR ambient table      247/65536         988/262144   ( 0.4%) 
LDR leaf ambient      1144/65536       32032/1835008  ( 1.7%) 
HDR leaf ambient      1144/65536       32032/1835008  ( 1.7%) 
occluders                0/0               0/0        ( 0.0%) 
occluder polygons        0/0               0/0        ( 0.0%) 
occluder vert ind        0/0               0/0        ( 0.0%) 
detail props          [variable]           1/12       ( 8.3%) 
static props          [variable]           1/284      ( 0.4%) 
pakfile               [variable]       78593/0        ( 0.0%) 
physics               [variable]       35754/4194304  ( 0.9%) 
physics terrain       [variable]           2/1048576  ( 0.0%) 

Level flags = 3

Total triangle count: 1338
Writing c:\program files (x86)\steam\steamapps\sourcemods\who\maps\list_02.bsp
2 seconds elapsed



materialPath: C:\Program Files (x86)\Steam\steamapps\sourcemods\who\materials
Loading c:\program files (x86)\steam\steamapps\sourcemods\who\maps\list_02.vmf
Patching WVT material: maps/list_02/dev/dev_blendmeasure_wvt_patch
fixing up env_cubemap materials on brush sides...
0...1...2...3...4...5...6...7...8...9...100...1...2...3...4...5...6...7...8...9...10Processing areas...done (0)
Building Faces...done (0)
Chop Details...done (0)
Find Visible Detail Sides...done (0)
Merging details...done (0)
FixTjuncs...
PruneNodes...
WriteBSP...
done (0)
writing c:\program files (x86)\steam\steamapps\sourcemods\who\maps\list_02.prt...Building visibility clusters...
done (0)
Finding displacement neighbors...
Finding lightmap sample positions...
Displacement Alpha : 0...1...2...3...4...5...6...7...8...9...10
Building Physics collision data...
done (0) (35754 bytes)
Placing static props...
Placing detail props : 0...1...2...3...4...5...6...7...8...9...10
Compacting texture/material tables...
Reduced 132 texinfos to 78
Reduced 10 texdatas to 8 (247 bytes to 182)
Writing c:\program files (x86)\steam\steamapps\sourcemods\who\maps\list_02.bsp
0 seconds elapsed



6 threads
reading c:\program files (x86)\steam\steamapps\sourcemods\who\maps\list_02.bsp
reading c:\program files (x86)\steam\steamapps\sourcemods\who\maps\list_02.prt
  78 portalclusters
 195 numportals
0...1...2...3...4...5...6...7...8...9...100...1...2...3...4...5...6...7...8...9...10Optimized: 0 visible clusters (0.00%)
Total clusters visible: 1754
Average clusters visible: 22
Building PAS...
Average clusters audible: 36
visdatasize:2004  compressed from 2496
writing c:\program files (x86)\steam\steamapps\sourcemods\who\maps\list_02.bsp
0 seconds elapsed



[Reading texlights from 'lights.rad']
[48 texlights parsed from 'lights.rad']

Loading c:\program files (x86)\steam\steamapps\sourcemods\who\maps\list_02.bsp
535 faces
53460 square feet [7698281.50 square inches]
0 Displacements
0 Square Feet [0.00 Square Inches]
535 patches before subdivision
33313 patches after subdivision
27 direct lights
0...1...2...3...4...5...6...7...8...9...100...1...2...3...4...5...6...7...8...9...10transfers 3201265, max 428
transfer lists:  24.4 megs
0...1...2...3...4...5...6...7...8...9...10	Bounce #1 added RGB(112016, 40562, 11961)
0...1...2...3...4...5...6...7...8...9...10	Bounce #2 added RGB(92647, 13972, 6309)
0...1...2...3...4...5...6...7...8...9...10	Bounce #3 added RGB(41653, 4993, 3969)
0...1...2...3...4...5...6...7...8...9...10	Bounce #4 added RGB(28806, 2778, 2496)
0...1...2...3...4...5...6...7...8...9...10	Bounce #5 added RGB(17884, 1688, 1577)
0...1...2...3...4...5...6...7...8...9...10	Bounce #6 added RGB(12137, 1064, 998)
0...1...2...3...4...5...6...7...8...9...10	Bounce #7 added RGB(8127, 678, 632)
0...1...2...3...4...5...6...7...8...9...10	Bounce #8 added RGB(5535, 434, 401)
0...1...2...3...4...5...6...7...8...9...10	Bounce #9 added RGB(3768, 278, 254)
0...1...2...3...4...5...6...7...8...9...10	Bounce #10 added RGB(2574, 178, 161)
0...1...2...3...4...5...6...7...8...9...10	Bounce #11 added RGB(1759, 114, 103)
0...1...2...3...4...5...6...7...8...9...10	Bounce #12 added RGB(1203, 73, 65)
0...1...2...3...4...5...6...7...8...9...10	Bounce #13 added RGB(824, 47, 41)
0...1...2...3...4...5...6...7...8...9...10	Bounce #14 added RGB(564, 30, 26)
0...1...2...3...4...5...6...7...8...9...10	Bounce #15 added RGB(386, 19, 17)
0...1...2...3...4...5...6...7...8...9...10	Bounce #16 added RGB(265, 12, 11)
0...1...2...3...4...5...6...7...8...9...10	Bounce #17 added RGB(181, 8, 7)
0...1...2...3...4...5...6...7...8...9...10	Bounce #18 added RGB(124, 5, 4)
0...1...2...3...4...5...6...7...8...9...10	Bounce #19 added RGB(85, 3, 3)
0...1...2...3...4...5...6...7...8...9...10	Bounce #20 added RGB(58, 2, 2)
0...1...2...3...4...5...6...7...8...9...10	Bounce #21 added RGB(40, 1, 1)
0...1...2...3...4...5...6...7...8...9...10	Bounce #22 added RGB(27, 1, 1)
0...1...2...3...4...5...6...7...8...9...10	Bounce #23 added RGB(19, 1, 0)
0...1...2...3...4...5...6...7...8...9...10	Bounce #24 added RGB(13, 0, 0)
0...1...2...3...4...5...6...7...8...9...10	Bounce #25 added RGB(9, 0, 0)
0...1...2...3...4...5...6...7...8...9...10	Bounce #26 added RGB(6, 0, 0)
0...1...2...3...4...5...6...7...8...9...10	Bounce #27 added RGB(4, 0, 0)
0...1...2...3...4...5...6...7...8...9...10	Bounce #28 added RGB(3, 0, 0)
0...1...2...3...4...5...6...7...8...9...10	Bounce #29 added RGB(2, 0, 0)
0...1...2...3...4...5...6...7...8...9...10	Bounce #30 added RGB(1, 0, 0)
0...1...2...3...4...5...6...7...8...9...10	Bounce #31 added RGB(1, 0, 0)
Build Patch/Sample Hash Table(s).....Done<0.0046 sec>
0...1...2...3...4...5...6...7...8...9...10FinalLightFace Done
0 of 0 (0% of) surface lights went in leaf ambient cubes.
0...1...2...3...4...5...6...7...8...9...10Writing leaf ambient...done
Computing static prop lighting : 00...1...2...3...4...5...6...7...8...9...10
Ready to Finish

Object names       Objects/Maxobjs  Memory / Maxmem  Fullness 
------------       ---------------  ---------------  -------- 
models                  12/4096          576/196608   ( 0.3%) 
brushes                 80/32768         960/393216   ( 0.2%) 
brushsides             480/65536        3840/524288   ( 0.7%) 
planes                 296/65536        5920/1310720  ( 0.5%) 
vertexes               735/65536        8820/786432   ( 1.1%) 
nodes                  234/65536        7488/2097152  ( 0.4%) 
texinfos                78/12288        5616/884736   ( 0.6%) 
texdata                  8/2048          256/65536    ( 0.4%) 
dispinfos                0/0               0/0        ( 0.0%) 
disp_verts               0/0               0/0        ( 0.0%) 
disp_tris                0/0               0/0        ( 0.0%) 
disp_lmsamples           0/0               0/0        ( 0.0%) 
faces                  535/65536       29960/3670016  ( 0.8%) 
hdr faces                0/65536           0/3670016  ( 0.0%) 
origfaces              227/65536       12712/3670016  ( 0.3%) 
leaves                 247/65536        7904/2097152  ( 0.4%) 
leaffaces              571/65536        1142/131072   ( 0.9%) 
leafbrushes            132/65536         264/131072   ( 0.2%) 
areas                    3/1024           24/8192     ( 0.3%) 
surfedges             3316/512000      13264/2048000  ( 0.6%) 
edges                 1760/256000       7040/1024000  ( 0.7%) 
LDR worldlights         27/16384        2376/1441792  ( 0.2%) 
HDR worldlights          0/16384           0/1441792  ( 0.0%) 
leafwaterdata            0/32768           0/393216   ( 0.0%) 
waterstrips             21/131072        210/1310720  ( 0.0%) 
waterverts               0/131072          0/1572864  ( 0.0%) 
waterindices           390/131072        780/262144   ( 0.3%) 
cubemapsamples           0/1024            0/16384    ( 0.0%) 
overlays                 0/1024            0/360448   ( 0.0%) 
LDR lightdata         [variable]     1078584/0        ( 0.0%) 
HDR lightdata         [variable]           0/0        ( 0.0%) 
visdata               [variable]        2004/16777216 ( 0.0%) 
entdata               [variable]       15521/393216   ( 3.9%) 
LDR ambient table      247/65536         988/262144   ( 0.4%) 
HDR ambient table      247/65536         988/262144   ( 0.4%) 
LDR leaf ambient      1144/65536       32032/1835008  ( 1.7%) 
HDR leaf ambient       247/65536        6916/1835008  ( 0.4%) 
occluders                0/0               0/0        ( 0.0%) 
occluder polygons        0/0               0/0        ( 0.0%) 
occluder vert ind        0/0               0/0        ( 0.0%) 
detail props          [variable]           1/12       ( 8.3%) 
static props          [variable]           1/284      ( 0.4%) 
pakfile               [variable]       39481/0        ( 0.0%) 
physics               [variable]       35754/4194304  ( 0.9%) 
physics terrain       [variable]           2/1048576  ( 0.0%) 

Level flags = 1

Total triangle count: 1338
Writing c:\program files (x86)\steam\steamapps\sourcemods\who\maps\list_02.bsp
2 seconds elapsed



[Reading texlights from 'lights.rad']
[48 texlights parsed from 'lights.rad']

Loading c:\program files (x86)\steam\steamapps\sourcemods\who\maps\list_02.bsp
535 faces
53460 square feet [7698281.50 square inches]
0 Displacements
0 Square Feet [0.00 Square Inches]
535 patches before subdivision
33313 patches after subdivision
27 direct lights
0...1...2...3...4...5...6...7...8...9...100...1...2...3...4...5...6...7...8...9...10transfers 3201265, max 428
transfer lists:  24.4 megs
0...1...2...3...4...5...6...7...8...9...10	Bounce #1 added RGB(112016, 40562, 11961)
0...1...2...3...4...5...6...7...8...9...10	Bounce #2 added RGB(92646, 13972, 6309)
0...1...2...3...4...5...6...7...8...9...10	Bounce #3 added RGB(41652, 4993, 3969)
0...1...2...3...4...5...6...7...8...9...10	Bounce #4 added RGB(28806, 2778, 2496)
0...1...2...3...4...5...6...7...8...9...10	Bounce #5 added RGB(17884, 1688, 1577)
0...1...2...3...4...5...6...7...8...9...10	Bounce #6 added RGB(12137, 1064, 997)
0...1...2...3...4...5...6...7...8...9...10	Bounce #7 added RGB(8127, 678, 632)
0...1...2...3...4...5...6...7...8...9...10	Bounce #8 added RGB(5535, 434, 401)
0...1...2...3...4...5...6...7...8...9...10	Bounce #9 added RGB(3768, 278, 254)
0...1...2...3...4...5...6...7...8...9...10	Bounce #10 added RGB(2574, 178, 161)
0...1...2...3...4...5...6...7...8...9...10	Bounce #11 added RGB(1759, 114, 103)
0...1...2...3...4...5...6...7...8...9...10	Bounce #12 added RGB(1203, 73, 65)
0...1...2...3...4...5...6...7...8...9...10	Bounce #13 added RGB(824, 47, 41)
0...1...2...3...4...5...6...7...8...9...10	Bounce #14 added RGB(564, 30, 26)
0...1...2...3...4...5...6...7...8...9...10	Bounce #15 added RGB(386, 19, 17)
0...1...2...3...4...5...6...7...8...9...10	Bounce #16 added RGB(265, 12, 11)
0...1...2...3...4...5...6...7...8...9...10	Bounce #17 added RGB(181, 8, 7)
0...1...2...3...4...5...6...7...8...9...10	Bounce #18 added RGB(124, 5, 4)
0...1...2...3...4...5...6...7...8...9...10	Bounce #19 added RGB(85, 3, 3)
0...1...2...3...4...5...6...7...8...9...10	Bounce #20 added RGB(58, 2, 2)
0...1...2...3...4...5...6...7...8...9...10	Bounce #21 added RGB(40, 1, 1)
0...1...2...3...4...5...6...7...8...9...10	Bounce #22 added RGB(27, 1, 1)
0...1...2...3...4...5...6...7...8...9...10	Bounce #23 added RGB(19, 1, 0)
0...1...2...3...4...5...6...7...8...9...10	Bounce #24 added RGB(13, 0, 0)
0...1...2...3...4...5...6...7...8...9...10	Bounce #25 added RGB(9, 0, 0)
0...1...2...3...4...5...6...7...8...9...10	Bounce #26 added RGB(6, 0, 0)
0...1...2...3...4...5...6...7...8...9...10	Bounce #27 added RGB(4, 0, 0)
0...1...2...3...4...5...6...7...8...9...10	Bounce #28 added RGB(3, 0, 0)
0...1...2...3...4...5...6...7...8...9...10	Bounce #29 added RGB(2, 0, 0)
0...1...2...3...4...5...6...7...8...9...10	Bounce #30 added RGB(1, 0, 0)
0...1...2...3...4...5...6...7...8...9...10	Bounce #31 added RGB(1, 0, 0)
Build Patch/Sample Hash Table(s).....Done<0.0063 sec>
0...1...2...3...4...5...6...7...8...9...10FinalLightFace Done
0 of 0 (0% of) surface lights went in leaf ambient cubes.
0...1...2...3...4...5...6...7...8...9...10Writing leaf ambient...done
Computing static prop lighting : 00...1...2...3...4...5...6...7...8...9...10
Ready to Finish

Object names       Objects/Maxobjs  Memory / Maxmem  Fullness 
------------       ---------------  ---------------  -------- 
models                  12/4096          576/196608   ( 0.3%) 
brushes                 80/32768         960/393216   ( 0.2%) 
brushsides             480/65536        3840/524288   ( 0.7%) 
planes                 296/65536        5920/1310720  ( 0.5%) 
vertexes               735/65536        8820/786432   ( 1.1%) 
nodes                  234/65536        7488/2097152  ( 0.4%) 
texinfos                78/12288        5616/884736   ( 0.6%) 
texdata                  8/2048          256/65536    ( 0.4%) 
dispinfos                0/0               0/0        ( 0.0%) 
disp_verts               0/0               0/0        ( 0.0%) 
disp_tris                0/0               0/0        ( 0.0%) 
disp_lmsamples           0/0               0/0        ( 0.0%) 
faces                  535/65536       29960/3670016  ( 0.8%) 
hdr faces              535/65536       29960/3670016  ( 0.8%) 
origfaces              227/65536       12712/3670016  ( 0.3%) 
leaves                 247/65536        7904/2097152  ( 0.4%) 
leaffaces              571/65536        1142/131072   ( 0.9%) 
leafbrushes            132/65536         264/131072   ( 0.2%) 
areas                    3/1024           24/8192     ( 0.3%) 
surfedges             3316/512000      13264/2048000  ( 0.6%) 
edges                 1760/256000       7040/1024000  ( 0.7%) 
LDR worldlights         27/16384        2376/1441792  ( 0.2%) 
HDR worldlights         27/16384        2376/1441792  ( 0.2%) 
leafwaterdata            0/32768           0/393216   ( 0.0%) 
waterstrips             21/131072        210/1310720  ( 0.0%) 
waterverts               0/131072          0/1572864  ( 0.0%) 
waterindices           390/131072        780/262144   ( 0.3%) 
cubemapsamples           0/1024            0/16384    ( 0.0%) 
overlays                 0/1024            0/360448   ( 0.0%) 
LDR lightdata         [variable]     1078584/0        ( 0.0%) 
HDR lightdata         [variable]     1078584/0        ( 0.0%) 
visdata               [variable]        2004/16777216 ( 0.0%) 
entdata               [variable]       15521/393216   ( 3.9%) 
LDR ambient table      247/65536         988/262144   ( 0.4%) 
HDR ambient table      247/65536         988/262144   ( 0.4%) 
LDR leaf ambient      1144/65536       32032/1835008  ( 1.7%) 
HDR leaf ambient      1144/65536       32032/1835008  ( 1.7%) 
occluders                0/0               0/0        ( 0.0%) 
occluder polygons        0/0               0/0        ( 0.0%) 
occluder vert ind        0/0               0/0        ( 0.0%) 
detail props          [variable]           1/12       ( 8.3%) 
static props          [variable]           1/284      ( 0.4%) 
pakfile               [variable]       78593/0        ( 0.0%) 
physics               [variable]       35754/4194304  ( 0.9%) 
physics terrain       [variable]           2/1048576  ( 0.0%) 

Level flags = 3

Total triangle count: 1338
Writing c:\program files (x86)\steam\steamapps\sourcemods\who\maps\list_02.bsp
2 seconds elapsed



materialPath: C:\Program Files (x86)\Steam\steamapps\sourcemods\who\materials
Loading c:\program files (x86)\steam\steamapps\sourcemods\who\maps\list_02.vmf
Patching WVT material: maps/list_02/dev/dev_blendmeasure_wvt_patch
fixing up env_cubemap materials on brush sides...
0...1...2...3...4...5...6...7...8...9...100...1...2...3...4...5...6...7...8...9...10Processing areas...done (0)
Building Faces...done (0)
Chop Details...done (0)
Find Visible Detail Sides...done (0)
Merging details...done (0)
FixTjuncs...
PruneNodes...
WriteBSP...
done (0)
writing c:\program files (x86)\steam\steamapps\sourcemods\who\maps\list_02.prt...Building visibility clusters...
done (0)
Finding displacement neighbors...
Finding lightmap sample positions...
Displacement Alpha : 0...1...2...3...4...5...6...7...8...9...10
Building Physics collision data...
done (0) (35754 bytes)
Placing static props...
Placing detail props : 0...1...2...3...4...5...6...7...8...9...10
Compacting texture/material tables...
Reduced 132 texinfos to 78
Reduced 10 texdatas to 8 (247 bytes to 182)
Writing c:\program files (x86)\steam\steamapps\sourcemods\who\maps\list_02.bsp
0 seconds elapsed



6 threads
reading c:\program files (x86)\steam\steamapps\sourcemods\who\maps\list_02.bsp
reading c:\program files (x86)\steam\steamapps\sourcemods\who\maps\list_02.prt
  78 portalclusters
 195 numportals
0...1...2...3...4...5...6...7...8...9...100...1...2...3...4...5...6...7...8...9...10Optimized: 0 visible clusters (0.00%)
Total clusters visible: 1754
Average clusters visible: 22
Building PAS...
Average clusters audible: 36
visdatasize:2004  compressed from 2496
writing c:\program files (x86)\steam\steamapps\sourcemods\who\maps\list_02.bsp
0 seconds elapsed



[Reading texlights from 'lights.rad']
[48 texlights parsed from 'lights.rad']

Loading c:\program files (x86)\steam\steamapps\sourcemods\who\maps\list_02.bsp
535 faces
53460 square feet [7698281.50 square inches]
0 Displacements
0 Square Feet [0.00 Square Inches]
535 patches before subdivision
33313 patches after subdivision
27 direct lights
0...1...2...3...4...5...6...7...8...9...100...1...2...3...4...5...6...7...8...9...10transfers 3201265, max 428
transfer lists:  24.4 megs
0...1...2...3...4...5...6...7...8...9...10	Bounce #1 added RGB(112016, 40562, 11961)
0...1...2...3...4...5...6...7...8...9...10	Bounce #2 added RGB(92646, 13972, 6309)
0...1...2...3...4...5...6...7...8...9...10	Bounce #3 added RGB(41652, 4993, 3969)
0...1...2...3...4...5...6...7...8...9...10	Bounce #4 added RGB(28806, 2778, 2496)
0...1...2...3...4...5...6...7...8...9...10	Bounce #5 added RGB(17884, 1688, 1577)
0...1...2...3...4...5...6...7...8...9...10	Bounce #6 added RGB(12137, 1064, 997)
0...1...2...3...4...5...6...7...8...9...10	Bounce #7 added RGB(8127, 678, 632)
0...1...2...3...4...5...6...7...8...9...10	Bounce #8 added RGB(5535, 434, 401)
0...1...2...3...4...5...6...7...8...9...10	Bounce #9 added RGB(3768, 278, 254)
0...1...2...3...4...5...6...7...8...9...10	Bounce #10 added RGB(2574, 178, 161)
0...1...2...3...4...5...6...7...8...9...10	Bounce #11 added RGB(1759, 114, 103)
0...1...2...3...4...5...6...7...8...9...10	Bounce #12 added RGB(1203, 73, 65)
0...1...2...3...4...5...6...7...8...9...10	Bounce #13 added RGB(824, 47, 41)
0...1...2...3...4...5...6...7...8...9...10	Bounce #14 added RGB(564, 30, 26)
0...1...2...3...4...5...6...7...8...9...10	Bounce #15 added RGB(386, 19, 17)
0...1...2...3...4...5...6...7...8...9...10	Bounce #16 added RGB(265, 12, 11)
0...1...2...3...4...5...6...7...8...9...10	Bounce #17 added RGB(181, 8, 7)
0...1...2...3...4...5...6...7...8...9...10	Bounce #18 added RGB(124, 5, 4)
0...1...2...3...4...5...6...7...8...9...10	Bounce #19 added RGB(85, 3, 3)
0...1...2...3...4...5...6...7...8...9...10	Bounce #20 added RGB(58, 2, 2)
0...1...2...3...4...5...6...7...8...9...10	Bounce #21 added RGB(40, 1, 1)
0...1...2...3...4...5...6...7...8...9...10	Bounce #22 added RGB(27, 1, 1)
0...1...2...3...4...5...6...7...8...9...10	Bounce #23 added RGB(19, 1, 0)
0...1...2...3...4...5...6...7...8...9...10	Bounce #24 added RGB(13, 0, 0)
0...1...2...3...4...5...6...7...8...9...10	Bounce #25 added RGB(9, 0, 0)
0...1...2...3...4...5...6...7...8...9...10	Bounce #26 added RGB(6, 0, 0)
0...1...2...3...4...5...6...7...8...9...10	Bounce #27 added RGB(4, 0, 0)
0...1...2...3...4...5...6...7...8...9...10	Bounce #28 added RGB(3, 0, 0)
0...1...2...3...4...5...6...7...8...9...10	Bounce #29 added RGB(2, 0, 0)
0...1...2...3...4...5...6...7...8...9...10	Bounce #30 added RGB(1, 0, 0)
0...1...2...3...4...5...6...7...8...9...10	Bounce #31 added RGB(1, 0, 0)
Build Patch/Sample Hash Table(s).....Done<0.0079 sec>
0...1...2...3...4...5...6...7...8...9...10FinalLightFace Done
0 of 0 (0% of) surface lights went in leaf ambient cubes.
0...1...2...3...4...5...6...7...8...9...10Writing leaf ambient...done
Computing static prop lighting : 00...1...2...3...4...5...6...7...8...9...10
Ready to Finish

Object names       Objects/Maxobjs  Memory / Maxmem  Fullness 
------------       ---------------  ---------------  -------- 
models                  12/4096          576/196608   ( 0.3%) 
brushes                 80/32768         960/393216   ( 0.2%) 
brushsides             480/65536        3840/524288   ( 0.7%) 
planes                 296/65536        5920/1310720  ( 0.5%) 
vertexes               735/65536        8820/786432   ( 1.1%) 
nodes                  234/65536        7488/2097152  ( 0.4%) 
texinfos                78/12288        5616/884736   ( 0.6%) 
texdata                  8/2048          256/65536    ( 0.4%) 
dispinfos                0/0               0/0        ( 0.0%) 
disp_verts               0/0               0/0        ( 0.0%) 
disp_tris                0/0               0/0        ( 0.0%) 
disp_lmsamples           0/0               0/0        ( 0.0%) 
faces                  535/65536       29960/3670016  ( 0.8%) 
hdr faces                0/65536           0/3670016  ( 0.0%) 
origfaces              227/65536       12712/3670016  ( 0.3%) 
leaves                 247/65536        7904/2097152  ( 0.4%) 
leaffaces              571/65536        1142/131072   ( 0.9%) 
leafbrushes            132/65536         264/131072   ( 0.2%) 
areas                    3/1024           24/8192     ( 0.3%) 
surfedges             3316/512000      13264/2048000  ( 0.6%) 
edges                 1760/256000       7040/1024000  ( 0.7%) 
LDR worldlights         27/16384        2376/1441792  ( 0.2%) 
HDR worldlights          0/16384           0/1441792  ( 0.0%) 
leafwaterdata            0/32768           0/393216   ( 0.0%) 
waterstrips             21/131072        210/1310720  ( 0.0%) 
waterverts               0/131072          0/1572864  ( 0.0%) 
waterindices           390/131072        780/262144   ( 0.3%) 
cubemapsamples           0/1024            0/16384    ( 0.0%) 
overlays                 0/1024            0/360448   ( 0.0%) 
LDR lightdata         [variable]     1078584/0        ( 0.0%) 
HDR lightdata         [variable]           0/0        ( 0.0%) 
visdata               [variable]        2004/16777216 ( 0.0%) 
entdata               [variable]       15423/393216   ( 3.9%) 
LDR ambient table      247/65536         988/262144   ( 0.4%) 
HDR ambient table      247/65536         988/262144   ( 0.4%) 
LDR leaf ambient      1144/65536       32032/1835008  ( 1.7%) 
HDR leaf ambient       247/65536        6916/1835008  ( 0.4%) 
occluders                0/0               0/0        ( 0.0%) 
occluder polygons        0/0               0/0        ( 0.0%) 
occluder vert ind        0/0               0/0        ( 0.0%) 
detail props          [variable]           1/12       ( 8.3%) 
static props          [variable]           1/284      ( 0.4%) 
pakfile               [variable]       39481/0        ( 0.0%) 
physics               [variable]       35754/4194304  ( 0.9%) 
physics terrain       [variable]           2/1048576  ( 0.0%) 

Level flags = 1

Total triangle count: 1338
Writing c:\program files (x86)\steam\steamapps\sourcemods\who\maps\list_02.bsp
2 seconds elapsed



[Reading texlights from 'lights.rad']
[48 texlights parsed from 'lights.rad']

Loading c:\program files (x86)\steam\steamapps\sourcemods\who\maps\list_02.bsp
535 faces
53460 square feet [7698281.50 square inches]
0 Displacements
0 Square Feet [0.00 Square Inches]
535 patches before subdivision
33313 patches after subdivision
27 direct lights
0...1...2...3...4...5...6...7...8...9...100...1...2...3...4...5...6...7...8...9...10transfers 3201265, max 428
transfer lists:  24.4 megs
0...1...2...3...4...5...6...7...8...9...10	Bounce #1 added RGB(112016, 40562, 11961)
0...1...2...3...4...5...6...7...8...9...10	Bounce #2 added RGB(92646, 13972, 6309)
0...1...2...3...4...5...6...7...8...9...10	Bounce #3 added RGB(41652, 4993, 3969)
0...1...2...3...4...5...6...7...8...9...10	Bounce #4 added RGB(28806, 2778, 2496)
0...1...2...3...4...5...6...7...8...9...10	Bounce #5 added RGB(17884, 1688, 1577)
0...1...2...3...4...5...6...7...8...9...10	Bounce #6 added RGB(12137, 1064, 997)
0...1...2...3...4...5...6...7...8...9...10	Bounce #7 added RGB(8127, 678, 632)
0...1...2...3...4...5...6...7...8...9...10	Bounce #8 added RGB(5535, 434, 401)
0...1...2...3...4...5...6...7...8...9...10	Bounce #9 added RGB(3768, 278, 254)
0...1...2...3...4...5...6...7...8...9...10	Bounce #10 added RGB(2574, 178, 161)
0...1...2...3...4...5...6...7...8...9...10	Bounce #11 added RGB(1759, 114, 103)
0...1...2...3...4...5...6...7...8...9...10	Bounce #12 added RGB(1203, 73, 65)
0...1...2...3...4...5...6...7...8...9...10	Bounce #13 added RGB(824, 47, 41)
0...1...2...3...4...5...6...7...8...9...10	Bounce #14 added RGB(564, 30, 26)
0...1...2...3...4...5...6...7...8...9...10	Bounce #15 added RGB(386, 19, 17)
0...1...2...3...4...5...6...7...8...9...10	Bounce #16 added RGB(265, 12, 11)
0...1...2...3...4...5...6...7...8...9...10	Bounce #17 added RGB(181, 8, 7)
0...1...2...3...4...5...6...7...8...9...10	Bounce #18 added RGB(124, 5, 4)
0...1...2...3...4...5...6...7...8...9...10	Bounce #19 added RGB(85, 3, 3)
0...1...2...3...4...5...6...7...8...9...10	Bounce #20 added RGB(58, 2, 2)
0...1...2...3...4...5...6...7...8...9...10	Bounce #21 added RGB(40, 1, 1)
0...1...2...3...4...5...6...7...8...9...10	Bounce #22 added RGB(27, 1, 1)
0...1...2...3...4...5...6...7...8...9...10	Bounce #23 added RGB(19, 1, 0)
0...1...2...3...4...5...6...7...8...9...10	Bounce #24 added RGB(13, 0, 0)
0...1...2...3...4...5...6...7...8...9...10	Bounce #25 added RGB(9, 0, 0)
0...1...2...3...4...5...6...7...8...9...10	Bounce #26 added RGB(6, 0, 0)
0...1...2...3...4...5...6...7...8...9...10	Bounce #27 added RGB(4, 0, 0)
0...1...2...3...4...5...6...7...8...9...10	Bounce #28 added RGB(3, 0, 0)
0...1...2...3...4...5...6...7...8...9...10	Bounce #29 added RGB(2, 0, 0)
0...1...2...3...4...5...6...7...8...9...10	Bounce #30 added RGB(1, 0, 0)
0...1...2...3...4...5...6...7...8...9...10	Bounce #31 added RGB(1, 0, 0)
Build Patch/Sample Hash Table(s).....Done<0.0045 sec>
0...1...2...3...4...5...6...7...8...9...10FinalLightFace Done
0 of 0 (0% of) surface lights went in leaf ambient cubes.
0...1...2...3...4...5...6...7...8...9...10Writing leaf ambient...done
Computing static prop lighting : 00...1...2...3...4...5...6...7...8...9...10
Ready to Finish

Object names       Objects/Maxobjs  Memory / Maxmem  Fullness 
------------       ---------------  ---------------  -------- 
models                  12/4096          576/196608   ( 0.3%) 
brushes                 80/32768         960/393216   ( 0.2%) 
brushsides             480/65536        3840/524288   ( 0.7%) 
planes                 296/65536        5920/1310720  ( 0.5%) 
vertexes               735/65536        8820/786432   ( 1.1%) 
nodes                  234/65536        7488/2097152  ( 0.4%) 
texinfos                78/12288        5616/884736   ( 0.6%) 
texdata                  8/2048          256/65536    ( 0.4%) 
dispinfos                0/0               0/0        ( 0.0%) 
disp_verts               0/0               0/0        ( 0.0%) 
disp_tris                0/0               0/0        ( 0.0%) 
disp_lmsamples           0/0               0/0        ( 0.0%) 
faces                  535/65536       29960/3670016  ( 0.8%) 
hdr faces              535/65536       29960/3670016  ( 0.8%) 
origfaces              227/65536       12712/3670016  ( 0.3%) 
leaves                 247/65536        7904/2097152  ( 0.4%) 
leaffaces              571/65536        1142/131072   ( 0.9%) 
leafbrushes            132/65536         264/131072   ( 0.2%) 
areas                    3/1024           24/8192     ( 0.3%) 
surfedges             3316/512000      13264/2048000  ( 0.6%) 
edges                 1760/256000       7040/1024000  ( 0.7%) 
LDR worldlights         27/16384        2376/1441792  ( 0.2%) 
HDR worldlights         27/16384        2376/1441792  ( 0.2%) 
leafwaterdata            0/32768           0/393216   ( 0.0%) 
waterstrips             21/131072        210/1310720  ( 0.0%) 
waterverts               0/131072          0/1572864  ( 0.0%) 
waterindices           390/131072        780/262144   ( 0.3%) 
cubemapsamples           0/1024            0/16384    ( 0.0%) 
overlays                 0/1024            0/360448   ( 0.0%) 
LDR lightdata         [variable]     1078584/0        ( 0.0%) 
HDR lightdata         [variable]     1078584/0        ( 0.0%) 
visdata               [variable]        2004/16777216 ( 0.0%) 
entdata               [variable]       15423/393216   ( 3.9%) 
LDR ambient table      247/65536         988/262144   ( 0.4%) 
HDR ambient table      247/65536         988/262144   ( 0.4%) 
LDR leaf ambient      1144/65536       32032/1835008  ( 1.7%) 
HDR leaf ambient      1144/65536       32032/1835008  ( 1.7%) 
occluders                0/0               0/0        ( 0.0%) 
occluder polygons        0/0               0/0        ( 0.0%) 
occluder vert ind        0/0               0/0        ( 0.0%) 
detail props          [variable]           1/12       ( 8.3%) 
static props          [variable]           1/284      ( 0.4%) 
pakfile               [variable]       78593/0        ( 0.0%) 
physics               [variable]       35754/4194304  ( 0.9%) 
physics terrain       [variable]           2/1048576  ( 0.0%) 

Level flags = 3

Total triangle count: 1338
Writing c:\program files (x86)\steam\steamapps\sourcemods\who\maps\list_02.bsp
3 seconds elapsed



materialPath: C:\Program Files (x86)\Steam\steamapps\sourcemods\who\materials
Loading c:\program files (x86)\steam\steamapps\sourcemods\who\maps\list_02.vmf
fixing up env_cubemap materials on brush sides...
0...1...2...3...4...5...6...7...8...9...100...1...2...3...4...5...6...7...8...9...10Processing areas...done (0)
Building Faces...done (0)
Chop Details...done (0)
Find Visible Detail Sides...done (0)
Merging details...done (0)
FixTjuncs...
PruneNodes...
WriteBSP...
done (0)
writing c:\program files (x86)\steam\steamapps\sourcemods\who\maps\list_02.prt...Building visibility clusters...
done (0)
Creating default LDR cubemaps for env_cubemap using skybox materials:
   skybox/sky_day01_01*.vmt
 ! Run buildcubemaps in the engine to get the correct cube maps.
Creating default HDR cubemaps for env_cubemap using skybox materials:
   skybox/sky_day01_01*.vmt
 ! Run buildcubemaps in the engine to get the correct cube maps.
Finding displacement neighbors...
Finding lightmap sample positions...
Displacement Alpha : 0...1...2...3...4...5...6...7...8...9...10
Building Physics collision data...
done (0) (35754 bytes)
Placing detail props : 0...1...2...3...4...5...6...7...8...9...10
Compacting texture/material tables...
Reduced 120 texinfos to 78
Reduced 9 texdatas to 8 (203 bytes to 182)
Writing c:\program files (x86)\steam\steamapps\sourcemods\who\maps\list_02.bsp
0 seconds elapsed



6 threads
reading c:\program files (x86)\steam\steamapps\sourcemods\who\maps\list_02.bsp
reading c:\program files (x86)\steam\steamapps\sourcemods\who\maps\list_02.prt
  78 portalclusters
 195 numportals
0...1...2...3...4...5...6...7...8...9...100...1...2...3...4...5...6...7...8...9...10Optimized: 0 visible clusters (0.00%)
Total clusters visible: 1754
Average clusters visible: 22
Building PAS...
Average clusters audible: 36
visdatasize:2004  compressed from 2496
writing c:\program files (x86)\steam\steamapps\sourcemods\who\maps\list_02.bsp
0 seconds elapsed



[Reading texlights from 'lights.rad']
[48 texlights parsed from 'lights.rad']

Loading c:\program files (x86)\steam\steamapps\sourcemods\who\maps\list_02.bsp
277 faces
53460 square feet [7698281.50 square inches]
0 Displacements
0 Square Feet [0.00 Square Inches]
277 patches before subdivision
1203 patches after subdivision
27 direct lights
0...1...2...3...4...5...6...7...8...9...100...1...2...3...4...5...6...7...8...9...10transfers 17942, max 76
transfer lists:   0.1 megs
0...1...2...3...4...5...6...7...8...9...10	Bounce #1 added RGB(159, 69, 23)
0...1...2...3...4...5...6...7...8...9...10	Bounce #2 added RGB(15, 5, 2)
0...1...2...3...4...5...6...7...8...9...10	Bounce #3 added RGB(2, 0, 0)
0...1...2...3...4...5...6...7...8...9...10	Bounce #4 added RGB(0, 0, 0)
Build Patch/Sample Hash Table(s).....Done<0.0002 sec>
0...1...2...3...4...5...6...7...8...9...10FinalLightFace Done
0 of 0 (0% of) surface lights went in leaf ambient cubes.
0...1...2...3...4...5...6...7...8...9...10Writing leaf ambient...done
Ready to Finish

Object names       Objects/Maxobjs  Memory / Maxmem  Fullness 
------------       ---------------  ---------------  -------- 
models                  12/1024          576/49152    ( 1.2%) 
brushes                 80/8192          960/98304    ( 1.0%) 
brushsides             480/65536        3840/524288   ( 0.7%) 
planes                 296/65536        5920/1310720  ( 0.5%) 
vertexes               423/65536        5076/786432   ( 0.6%) 
nodes                  234/65536        7488/2097152  ( 0.4%) 
texinfos                78/12288        5616/884736   ( 0.6%) 
texdata                  8/2048          256/65536    ( 0.4%) 
dispinfos                0/0               0/0        ( 0.0%) 
disp_verts               0/0               0/0        ( 0.0%) 
disp_tris                0/0               0/0        ( 0.0%) 
disp_lmsamples           0/0               0/0        ( 0.0%) 
faces                  277/65536       15512/3670016  ( 0.4%) 
hdr faces                0/65536           0/3670016  ( 0.0%) 
origfaces              227/65536       12712/3670016  ( 0.3%) 
leaves                 247/65536        7904/2097152  ( 0.4%) 
leaffaces              305/65536         610/131072   ( 0.5%) 
leafbrushes            132/65536         264/131072   ( 0.2%) 
areas                    3/256            24/2048     ( 1.2%) 
surfedges             2176/512000       8704/2048000  ( 0.4%) 
edges                 1190/256000       4760/1024000  ( 0.5%) 
LDR worldlights         27/8192         2376/720896   ( 0.3%) 
HDR worldlights          0/8192            0/720896   ( 0.0%) 
leafwaterdata            0/32768           0/393216   ( 0.0%) 
waterstrips             19/32768         190/327680   ( 0.1%) 
waterverts               0/65536           0/786432   ( 0.0%) 
waterindices           336/65536         672/131072   ( 0.5%) 
cubemapsamples           0/1024            0/16384    ( 0.0%) 
overlays                 0/512             0/180224   ( 0.0%) 
LDR lightdata         [variable]       87996/0        ( 0.0%) 
HDR lightdata         [variable]           0/0        ( 0.0%) 
visdata               [variable]        2004/16777216 ( 0.0%) 
entdata               [variable]       15521/393216   ( 3.9%) 
LDR ambient table      247/65536         988/262144   ( 0.4%) 
HDR ambient table      247/65536         988/262144   ( 0.4%) 
LDR leaf ambient       384/65536       10752/1835008  ( 0.6%) 
HDR leaf ambient       247/65536        6916/1835008  ( 0.4%) 
occluders                0/0               0/0        ( 0.0%) 
occluder polygons        0/0               0/0        ( 0.0%) 
occluder vert ind        0/0               0/0        ( 0.0%) 
detail props          [variable]           1/12       ( 8.3%) 
static props          [variable]           1/284      ( 0.4%) 
pakfile               [variable]      105659/0        ( 0.0%) 
physics               [variable]       35754/4194304  ( 0.9%) 
physics terrain       [variable]           2/1048576  ( 0.0%) 

Level flags = 0

Total triangle count: 714
Writing c:\program files (x86)\steam\steamapps\sourcemods\who\maps\list_02.bsp
0 seconds elapsed



[Reading texlights from 'lights.rad']
[48 texlights parsed from 'lights.rad']

Loading c:\program files (x86)\steam\steamapps\sourcemods\who\maps\list_02.bsp
277 faces
53460 square feet [7698281.50 square inches]
0 Displacements
0 Square Feet [0.00 Square Inches]
277 patches before subdivision
1203 patches after subdivision
27 direct lights
0...1...2...3...4...5...6...7...8...9...100...1...2...3...4...5...6...7...8...9...10transfers 17942, max 76
transfer lists:   0.1 megs
0...1...2...3...4...5...6...7...8...9...10	Bounce #1 added RGB(159, 69, 23)
0...1...2...3...4...5...6...7...8...9...10	Bounce #2 added RGB(15, 5, 2)
0...1...2...3...4...5...6...7...8...9...10	Bounce #3 added RGB(2, 0, 0)
0...1...2...3...4...5...6...7...8...9...10	Bounce #4 added RGB(0, 0, 0)
Build Patch/Sample Hash Table(s).....Done<0.0002 sec>
0...1...2...3...4...5...6...7...8...9...10FinalLightFace Done
0 of 0 (0% of) surface lights went in leaf ambient cubes.
0...1...2...3...4...5...6...7...8...9...10Writing leaf ambient...done
Ready to Finish

Object names       Objects/Maxobjs  Memory / Maxmem  Fullness 
------------       ---------------  ---------------  -------- 
models                  12/1024          576/49152    ( 1.2%) 
brushes                 80/8192          960/98304    ( 1.0%) 
brushsides             480/65536        3840/524288   ( 0.7%) 
planes                 296/65536        5920/1310720  ( 0.5%) 
vertexes               423/65536        5076/786432   ( 0.6%) 
nodes                  234/65536        7488/2097152  ( 0.4%) 
texinfos                78/12288        5616/884736   ( 0.6%) 
texdata                  8/2048          256/65536    ( 0.4%) 
dispinfos                0/0               0/0        ( 0.0%) 
disp_verts               0/0               0/0        ( 0.0%) 
disp_tris                0/0               0/0        ( 0.0%) 
disp_lmsamples           0/0               0/0        ( 0.0%) 
faces                  277/65536       15512/3670016  ( 0.4%) 
hdr faces              277/65536       15512/3670016  ( 0.4%) 
origfaces              227/65536       12712/3670016  ( 0.3%) 
leaves                 247/65536        7904/2097152  ( 0.4%) 
leaffaces              305/65536         610/131072   ( 0.5%) 
leafbrushes            132/65536         264/131072   ( 0.2%) 
areas                    3/256            24/2048     ( 1.2%) 
surfedges             2176/512000       8704/2048000  ( 0.4%) 
edges                 1190/256000       4760/1024000  ( 0.5%) 
LDR worldlights         27/8192         2376/720896   ( 0.3%) 
HDR worldlights         27/8192         2376/720896   ( 0.3%) 
leafwaterdata            0/32768           0/393216   ( 0.0%) 
waterstrips             19/32768         190/327680   ( 0.1%) 
waterverts               0/65536           0/786432   ( 0.0%) 
waterindices           336/65536         672/131072   ( 0.5%) 
cubemapsamples           0/1024            0/16384    ( 0.0%) 
overlays                 0/512             0/180224   ( 0.0%) 
LDR lightdata         [variable]       87996/0        ( 0.0%) 
HDR lightdata         [variable]       87996/0        ( 0.0%) 
visdata               [variable]        2004/16777216 ( 0.0%) 
entdata               [variable]       15521/393216   ( 3.9%) 
LDR ambient table      247/65536         988/262144   ( 0.4%) 
HDR ambient table      247/65536         988/262144   ( 0.4%) 
LDR leaf ambient       384/65536       10752/1835008  ( 0.6%) 
HDR leaf ambient       384/65536       10752/1835008  ( 0.6%) 
occluders                0/0               0/0        ( 0.0%) 
occluder polygons        0/0               0/0        ( 0.0%) 
occluder vert ind        0/0               0/0        ( 0.0%) 
detail props          [variable]           1/12       ( 8.3%) 
static props          [variable]           1/284      ( 0.4%) 
pakfile               [variable]      105659/0        ( 0.0%) 
physics               [variable]       35754/4194304  ( 0.9%) 
physics terrain       [variable]           2/1048576  ( 0.0%) 

Level flags = 0

Total triangle count: 714
Writing c:\program files (x86)\steam\steamapps\sourcemods\who\maps\list_02.bsp
0 seconds elapsed



materialPath: C:\Program Files (x86)\Steam\steamapps\sourcemods\who\materials
Loading c:\program files (x86)\steam\steamapps\sourcemods\who\maps\list_02.vmf
fixing up env_cubemap materials on brush sides...
0...1...2...3...4...5...6...7...8...9...100...1...2...3...4...5...6...7...8...9...10Processing areas...done (0)
Building Faces...done (0)
Chop Details...done (0)
Find Visible Detail Sides...done (0)
Merging details...done (0)
FixTjuncs...
PruneNodes...
WriteBSP...
done (0)
writing c:\program files (x86)\steam\steamapps\sourcemods\who\maps\list_02.prt...Building visibility clusters...
done (0)
Creating default LDR cubemaps for env_cubemap using skybox materials:
   skybox/sky_day01_01*.vmt
 ! Run buildcubemaps in the engine to get the correct cube maps.
Creating default HDR cubemaps for env_cubemap using skybox materials:
   skybox/sky_day01_01*.vmt
 ! Run buildcubemaps in the engine to get the correct cube maps.
Finding displacement neighbors...
Finding lightmap sample positions...
Displacement Alpha : 0...1...2...3...4...5...6...7...8...9...10
Building Physics collision data...
done (0) (35754 bytes)
Placing detail props : 0...1...2...3...4...5...6...7...8...9...10
Compacting texture/material tables...
Reduced 120 texinfos to 78
Reduced 9 texdatas to 8 (203 bytes to 182)
Writing c:\program files (x86)\steam\steamapps\sourcemods\who\maps\list_02.bsp
0 seconds elapsed



6 threads
reading c:\program files (x86)\steam\steamapps\sourcemods\who\maps\list_02.bsp
reading c:\program files (x86)\steam\steamapps\sourcemods\who\maps\list_02.prt
  78 portalclusters
 195 numportals
0...1...2...3...4...5...6...7...8...9...100...1...2...3...4...5...6...7...8...9...10Optimized: 0 visible clusters (0.00%)
Total clusters visible: 1754
Average clusters visible: 22
Building PAS...
Average clusters audible: 36
visdatasize:2004  compressed from 2496
writing c:\program files (x86)\steam\steamapps\sourcemods\who\maps\list_02.bsp
0 seconds elapsed



[Reading texlights from 'lights.rad']
[48 texlights parsed from 'lights.rad']

Loading c:\program files (x86)\steam\steamapps\sourcemods\who\maps\list_02.bsp
277 faces
53460 square feet [7698281.50 square inches]
0 Displacements
0 Square Feet [0.00 Square Inches]
277 patches before subdivision
1203 patches after subdivision
27 direct lights
0...1...2...3...4...5...6...7...8...9...100...1...2...3...4...5...6...7...8...9...10transfers 17942, max 76
transfer lists:   0.1 megs
0...1...2...3...4...5...6...7...8...9...10	Bounce #1 added RGB(159, 69, 23)
0...1...2...3...4...5...6...7...8...9...10	Bounce #2 added RGB(15, 5, 2)
0...1...2...3...4...5...6...7...8...9...10	Bounce #3 added RGB(2, 0, 0)
0...1...2...3...4...5...6...7...8...9...10	Bounce #4 added RGB(0, 0, 0)
Build Patch/Sample Hash Table(s).....Done<0.0001 sec>
0...1...2...3...4...5...6...7...8...9...10FinalLightFace Done
0 of 0 (0% of) surface lights went in leaf ambient cubes.
0...1...2...3...4...5...6...7...8...9...10Writing leaf ambient...done
Ready to Finish

Object names       Objects/Maxobjs  Memory / Maxmem  Fullness 
------------       ---------------  ---------------  -------- 
models                  12/1024          576/49152    ( 1.2%) 
brushes                 80/8192          960/98304    ( 1.0%) 
brushsides             480/65536        3840/524288   ( 0.7%) 
planes                 296/65536        5920/1310720  ( 0.5%) 
vertexes               423/65536        5076/786432   ( 0.6%) 
nodes                  234/65536        7488/2097152  ( 0.4%) 
texinfos                78/12288        5616/884736   ( 0.6%) 
texdata                  8/2048          256/65536    ( 0.4%) 
dispinfos                0/0               0/0        ( 0.0%) 
disp_verts               0/0               0/0        ( 0.0%) 
disp_tris                0/0               0/0        ( 0.0%) 
disp_lmsamples           0/0               0/0        ( 0.0%) 
faces                  277/65536       15512/3670016  ( 0.4%) 
hdr faces                0/65536           0/3670016  ( 0.0%) 
origfaces              227/65536       12712/3670016  ( 0.3%) 
leaves                 247/65536        7904/2097152  ( 0.4%) 
leaffaces              305/65536         610/131072   ( 0.5%) 
leafbrushes            132/65536         264/131072   ( 0.2%) 
areas                    3/256            24/2048     ( 1.2%) 
surfedges             2176/512000       8704/2048000  ( 0.4%) 
edges                 1190/256000       4760/1024000  ( 0.5%) 
LDR worldlights         27/8192         2376/720896   ( 0.3%) 
HDR worldlights          0/8192            0/720896   ( 0.0%) 
leafwaterdata            0/32768           0/393216   ( 0.0%) 
waterstrips             19/32768         190/327680   ( 0.1%) 
waterverts               0/65536           0/786432   ( 0.0%) 
waterindices           336/65536         672/131072   ( 0.5%) 
cubemapsamples           0/1024            0/16384    ( 0.0%) 
overlays                 0/512             0/180224   ( 0.0%) 
LDR lightdata         [variable]       87996/0        ( 0.0%) 
HDR lightdata         [variable]           0/0        ( 0.0%) 
visdata               [variable]        2004/16777216 ( 0.0%) 
entdata               [variable]       15521/393216   ( 3.9%) 
LDR ambient table      247/65536         988/262144   ( 0.4%) 
HDR ambient table      247/65536         988/262144   ( 0.4%) 
LDR leaf ambient       384/65536       10752/1835008  ( 0.6%) 
HDR leaf ambient       247/65536        6916/1835008  ( 0.4%) 
occluders                0/0               0/0        ( 0.0%) 
occluder polygons        0/0               0/0        ( 0.0%) 
occluder vert ind        0/0               0/0        ( 0.0%) 
detail props          [variable]           1/12       ( 8.3%) 
static props          [variable]           1/284      ( 0.4%) 
pakfile               [variable]      105659/0        ( 0.0%) 
physics               [variable]       35754/4194304  ( 0.9%) 
physics terrain       [variable]           2/1048576  ( 0.0%) 

Level flags = 0

Total triangle count: 714
Writing c:\program files (x86)\steam\steamapps\sourcemods\who\maps\list_02.bsp
0 seconds elapsed



[Reading texlights from 'lights.rad']
[48 texlights parsed from 'lights.rad']

Loading c:\program files (x86)\steam\steamapps\sourcemods\who\maps\list_02.bsp
277 faces
53460 square feet [7698281.50 square inches]
0 Displacements
0 Square Feet [0.00 Square Inches]
277 patches before subdivision
1203 patches after subdivision
27 direct lights
0...1...2...3...4...5...6...7...8...9...100...1...2...3...4...5...6...7...8...9...10transfers 17942, max 76
transfer lists:   0.1 megs
0...1...2...3...4...5...6...7...8...9...10	Bounce #1 added RGB(159, 69, 23)
0...1...2...3...4...5...6...7...8...9...10	Bounce #2 added RGB(15, 5, 2)
0...1...2...3...4...5...6...7...8...9...10	Bounce #3 added RGB(2, 0, 0)
0...1...2...3...4...5...6...7...8...9...10	Bounce #4 added RGB(0, 0, 0)
Build Patch/Sample Hash Table(s).....Done<0.0002 sec>
0...1...2...3...4...5...6...7...8...9...10FinalLightFace Done
0 of 0 (0% of) surface lights went in leaf ambient cubes.
0...1...2...3...4...5...6...7...8...9...10Writing leaf ambient...done
Ready to Finish

Object names       Objects/Maxobjs  Memory / Maxmem  Fullness 
------------       ---------------  ---------------  -------- 
models                  12/1024          576/49152    ( 1.2%) 
brushes                 80/8192          960/98304    ( 1.0%) 
brushsides             480/65536        3840/524288   ( 0.7%) 
planes                 296/65536        5920/1310720  ( 0.5%) 
vertexes               423/65536        5076/786432   ( 0.6%) 
nodes                  234/65536        7488/2097152  ( 0.4%) 
texinfos                78/12288        5616/884736   ( 0.6%) 
texdata                  8/2048          256/65536    ( 0.4%) 
dispinfos                0/0               0/0        ( 0.0%) 
disp_verts               0/0               0/0        ( 0.0%) 
disp_tris                0/0               0/0        ( 0.0%) 
disp_lmsamples           0/0               0/0        ( 0.0%) 
faces                  277/65536       15512/3670016  ( 0.4%) 
hdr faces              277/65536       15512/3670016  ( 0.4%) 
origfaces              227/65536       12712/3670016  ( 0.3%) 
leaves                 247/65536        7904/2097152  ( 0.4%) 
leaffaces              305/65536         610/131072   ( 0.5%) 
leafbrushes            132/65536         264/131072   ( 0.2%) 
areas                    3/256            24/2048     ( 1.2%) 
surfedges             2176/512000       8704/2048000  ( 0.4%) 
edges                 1190/256000       4760/1024000  ( 0.5%) 
LDR worldlights         27/8192         2376/720896   ( 0.3%) 
HDR worldlights         27/8192         2376/720896   ( 0.3%) 
leafwaterdata            0/32768           0/393216   ( 0.0%) 
waterstrips             19/32768         190/327680   ( 0.1%) 
waterverts               0/65536           0/786432   ( 0.0%) 
waterindices           336/65536         672/131072   ( 0.5%) 
cubemapsamples           0/1024            0/16384    ( 0.0%) 
overlays                 0/512             0/180224   ( 0.0%) 
LDR lightdata         [variable]       87996/0        ( 0.0%) 
HDR lightdata         [variable]       87996/0        ( 0.0%) 
visdata               [variable]        2004/16777216 ( 0.0%) 
entdata               [variable]       15521/393216   ( 3.9%) 
LDR ambient table      247/65536         988/262144   ( 0.4%) 
HDR ambient table      247/65536         988/262144   ( 0.4%) 
LDR leaf ambient       384/65536       10752/1835008  ( 0.6%) 
HDR leaf ambient       384/65536       10752/1835008  ( 0.6%) 
occluders                0/0               0/0        ( 0.0%) 
occluder polygons        0/0               0/0        ( 0.0%) 
occluder vert ind        0/0               0/0        ( 0.0%) 
detail props          [variable]           1/12       ( 8.3%) 
static props          [variable]           1/284      ( 0.4%) 
pakfile               [variable]      105659/0        ( 0.0%) 
physics               [variable]       35754/4194304  ( 0.9%) 
physics terrain       [variable]           2/1048576  ( 0.0%) 

Level flags = 0

Total triangle count: 714
Writing c:\program files (x86)\steam\steamapps\sourcemods\who\maps\list_02.bsp
0 seconds elapsed



materialPath: C:\Program Files (x86)\Steam\steamapps\sourcemods\who\materials
Loading C:\Program Files (x86)\Steam\steamapps\sourcemods\who\maps\list_02.vmf
fixing up env_cubemap materials on brush sides...
0...1...2...3...4...5...6...7...8...9...100...1...2...3...4...5...6...7...8...9...10Processing areas...done (0)
Building Faces...done (0)
Chop Details...done (0)
Find Visible Detail Sides...done (0)
Merging details...done (0)
FixTjuncs...
PruneNodes...
WriteBSP...
done (0)
writing C:\Program Files (x86)\Steam\steamapps\sourcemods\who\maps\list_02.prt...Building visibility clusters...
done (0)
Creating default LDR cubemaps for env_cubemap using skybox materials:
   skybox/sky_day01_01*.vmt
 ! Run buildcubemaps in the engine to get the correct cube maps.
Creating default HDR cubemaps for env_cubemap using skybox materials:
   skybox/sky_day01_01*.vmt
 ! Run buildcubemaps in the engine to get the correct cube maps.
Finding displacement neighbors...
Finding lightmap sample positions...
Displacement Alpha : 0...1...2...3...4...5...6...7...8...9...10
Building Physics collision data...
done (0) (35754 bytes)
Placing detail props : 0...1...2...3...4...5...6...7...8...9...10
Compacting texture/material tables...
Reduced 120 texinfos to 78
Reduced 9 texdatas to 8 (203 bytes to 182)
Writing C:\Program Files (x86)\Steam\steamapps\sourcemods\who\maps\list_02.bsp
0 seconds elapsed



6 threads
reading c:\program files (x86)\steam\steamapps\sourcemods\who\maps\list_02.bsp
reading c:\program files (x86)\steam\steamapps\sourcemods\who\maps\list_02.prt
  78 portalclusters
 195 numportals
0...1...2...3...4...5...6...7...8...9...100...1...2...3...4...5...6...7...8...9...10Optimized: 0 visible clusters (0.00%)
Total clusters visible: 1754
Average clusters visible: 22
Building PAS...
Average clusters audible: 36
visdatasize:2004  compressed from 2496
writing c:\program files (x86)\steam\steamapps\sourcemods\who\maps\list_02.bsp
0 seconds elapsed



[Reading texlights from 'lights.rad']
[48 texlights parsed from 'lights.rad']

Loading c:\program files (x86)\steam\steamapps\sourcemods\who\maps\list_02.bsp
277 faces
53460 square feet [7698281.50 square inches]
0 Displacements
0 Square Feet [0.00 Square Inches]
277 patches before subdivision
1203 patches after subdivision
27 direct lights
0...1...2...3...4...5...6...7...8...9...100...1...2...3...4...5...6...7...8...9...10transfers 17942, max 76
transfer lists:   0.1 megs
0...1...2...3...4...5...6...7...8...9...10	Bounce #1 added RGB(159, 69, 23)
0...1...2...3...4...5...6...7...8...9...10	Bounce #2 added RGB(15, 5, 2)
0...1...2...3...4...5...6...7...8...9...10	Bounce #3 added RGB(2, 0, 0)
0...1...2...3...4...5...6...7...8...9...10	Bounce #4 added RGB(0, 0, 0)
Build Patch/Sample Hash Table(s).....Done<0.0002 sec>
0...1...2...3...4...5...6...7...8...9...10FinalLightFace Done
0 of 0 (0% of) surface lights went in leaf ambient cubes.
0...1...2...3...4...5...6...7...8...9...10Writing leaf ambient...done
Ready to Finish

Object names       Objects/Maxobjs  Memory / Maxmem  Fullness 
------------       ---------------  ---------------  -------- 
models                  12/1024          576/49152    ( 1.2%) 
brushes                 80/8192          960/98304    ( 1.0%) 
brushsides             480/65536        3840/524288   ( 0.7%) 
planes                 296/65536        5920/1310720  ( 0.5%) 
vertexes               423/65536        5076/786432   ( 0.6%) 
nodes                  234/65536        7488/2097152  ( 0.4%) 
texinfos                78/12288        5616/884736   ( 0.6%) 
texdata                  8/2048          256/65536    ( 0.4%) 
dispinfos                0/0               0/0        ( 0.0%) 
disp_verts               0/0               0/0        ( 0.0%) 
disp_tris                0/0               0/0        ( 0.0%) 
disp_lmsamples           0/0               0/0        ( 0.0%) 
faces                  277/65536       15512/3670016  ( 0.4%) 
hdr faces                0/65536           0/3670016  ( 0.0%) 
origfaces              227/65536       12712/3670016  ( 0.3%) 
leaves                 247/65536        7904/2097152  ( 0.4%) 
leaffaces              305/65536         610/131072   ( 0.5%) 
leafbrushes            132/65536         264/131072   ( 0.2%) 
areas                    3/256            24/2048     ( 1.2%) 
surfedges             2176/512000       8704/2048000  ( 0.4%) 
edges                 1190/256000       4760/1024000  ( 0.5%) 
LDR worldlights         27/8192         2376/720896   ( 0.3%) 
HDR worldlights          0/8192            0/720896   ( 0.0%) 
leafwaterdata            0/32768           0/393216   ( 0.0%) 
waterstrips             19/32768         190/327680   ( 0.1%) 
waterverts               0/65536           0/786432   ( 0.0%) 
waterindices           336/65536         672/131072   ( 0.5%) 
cubemapsamples           0/1024            0/16384    ( 0.0%) 
overlays                 0/512             0/180224   ( 0.0%) 
LDR lightdata         [variable]       87996/0        ( 0.0%) 
HDR lightdata         [variable]           0/0        ( 0.0%) 
visdata               [variable]        2004/16777216 ( 0.0%) 
entdata               [variable]       15521/393216   ( 3.9%) 
LDR ambient table      247/65536         988/262144   ( 0.4%) 
HDR ambient table      247/65536         988/262144   ( 0.4%) 
LDR leaf ambient       384/65536       10752/1835008  ( 0.6%) 
HDR leaf ambient       247/65536        6916/1835008  ( 0.4%) 
occluders                0/0               0/0        ( 0.0%) 
occluder polygons        0/0               0/0        ( 0.0%) 
occluder vert ind        0/0               0/0        ( 0.0%) 
detail props          [variable]           1/12       ( 8.3%) 
static props          [variable]           1/284      ( 0.4%) 
pakfile               [variable]      105659/0        ( 0.0%) 
physics               [variable]       35754/4194304  ( 0.9%) 
physics terrain       [variable]           2/1048576  ( 0.0%) 

Level flags = 0

Total triangle count: 714
Writing c:\program files (x86)\steam\steamapps\sourcemods\who\maps\list_02.bsp
0 seconds elapsed



[Reading texlights from 'lights.rad']
[48 texlights parsed from 'lights.rad']

Loading c:\program files (x86)\steam\steamapps\sourcemods\who\maps\list_02.bsp
277 faces
53460 square feet [7698281.50 square inches]
0 Displacements
0 Square Feet [0.00 Square Inches]
277 patches before subdivision
1203 patches after subdivision
27 direct lights
0...1...2...3...4...5...6...7...8...9...100...1...2...3...4...5...6...7...8...9...10transfers 17942, max 76
transfer lists:   0.1 megs
0...1...2...3...4...5...6...7...8...9...10	Bounce #1 added RGB(159, 69, 23)
0...1...2...3...4...5...6...7...8...9...10	Bounce #2 added RGB(15, 5, 2)
0...1...2...3...4...5...6...7...8...9...10	Bounce #3 added RGB(2, 0, 0)
0...1...2...3...4...5...6...7...8...9...10	Bounce #4 added RGB(0, 0, 0)
Build Patch/Sample Hash Table(s).....Done<0.0002 sec>
0...1...2...3...4...5...6...7...8...9...10FinalLightFace Done
0 of 0 (0% of) surface lights went in leaf ambient cubes.
0...1...2...3...4...5...6...7...8...9...10Writing leaf ambient...done
Ready to Finish

Object names       Objects/Maxobjs  Memory / Maxmem  Fullness 
------------       ---------------  ---------------  -------- 
models                  12/1024          576/49152    ( 1.2%) 
brushes                 80/8192          960/98304    ( 1.0%) 
brushsides             480/65536        3840/524288   ( 0.7%) 
planes                 296/65536        5920/1310720  ( 0.5%) 
vertexes               423/65536        5076/786432   ( 0.6%) 
nodes                  234/65536        7488/2097152  ( 0.4%) 
texinfos                78/12288        5616/884736   ( 0.6%) 
texdata                  8/2048          256/65536    ( 0.4%) 
dispinfos                0/0               0/0        ( 0.0%) 
disp_verts               0/0               0/0        ( 0.0%) 
disp_tris                0/0               0/0        ( 0.0%) 
disp_lmsamples           0/0               0/0        ( 0.0%) 
faces                  277/65536       15512/3670016  ( 0.4%) 
hdr faces              277/65536       15512/3670016  ( 0.4%) 
origfaces              227/65536       12712/3670016  ( 0.3%) 
leaves                 247/65536        7904/2097152  ( 0.4%) 
leaffaces              305/65536         610/131072   ( 0.5%) 
leafbrushes            132/65536         264/131072   ( 0.2%) 
areas                    3/256            24/2048     ( 1.2%) 
surfedges             2176/512000       8704/2048000  ( 0.4%) 
edges                 1190/256000       4760/1024000  ( 0.5%) 
LDR worldlights         27/8192         2376/720896   ( 0.3%) 
HDR worldlights         27/8192         2376/720896   ( 0.3%) 
leafwaterdata            0/32768           0/393216   ( 0.0%) 
waterstrips             19/32768         190/327680   ( 0.1%) 
waterverts               0/65536           0/786432   ( 0.0%) 
waterindices           336/65536         672/131072   ( 0.5%) 
cubemapsamples           0/1024            0/16384    ( 0.0%) 
overlays                 0/512             0/180224   ( 0.0%) 
LDR lightdata         [variable]       87996/0        ( 0.0%) 
HDR lightdata         [variable]       87996/0        ( 0.0%) 
visdata               [variable]        2004/16777216 ( 0.0%) 
entdata               [variable]       15521/393216   ( 3.9%) 
LDR ambient table      247/65536         988/262144   ( 0.4%) 
HDR ambient table      247/65536         988/262144   ( 0.4%) 
LDR leaf ambient       384/65536       10752/1835008  ( 0.6%) 
HDR leaf ambient       384/65536       10752/1835008  ( 0.6%) 
occluders                0/0               0/0        ( 0.0%) 
occluder polygons        0/0               0/0        ( 0.0%) 
occluder vert ind        0/0               0/0        ( 0.0%) 
detail props          [variable]           1/12       ( 8.3%) 
static props          [variable]           1/284      ( 0.4%) 
pakfile               [variable]      105659/0        ( 0.0%) 
physics               [variable]       35754/4194304  ( 0.9%) 
physics terrain       [variable]           2/1048576  ( 0.0%) 

Level flags = 0

Total triangle count: 714
Writing c:\program files (x86)\steam\steamapps\sourcemods\who\maps\list_02.bsp
0 seconds elapsed



materialPath: C:\Program Files (x86)\Steam\steamapps\sourcemods\who\materials
Loading c:\program files (x86)\steam\steamapps\sourcemods\who\maps\list_02.vmf
Patching WVT material: maps/list_02/dev/dev_blendmeasure_wvt_patch
fixing up env_cubemap materials on brush sides...
0...1...2...3...4...5...6...7...8...9...100...1...2...3...4...5...6...7...8...9...10Processing areas...done (0)
Building Faces...done (0)
Chop Details...done (0)
Find Visible Detail Sides...done (0)
Merging details...done (0)
FixTjuncs...
PruneNodes...
WriteBSP...
done (0)
writing c:\program files (x86)\steam\steamapps\sourcemods\who\maps\list_02.prt...Building visibility clusters...
done (0)
Finding displacement neighbors...
Finding lightmap sample positions...
Displacement Alpha : 0...1...2...3...4...5...6...7...8...9...10
Building Physics collision data...
done (0) (35754 bytes)
Placing static props...
Placing detail props : 0...1...2...3...4...5...6...7...8...9...10
Compacting texture/material tables...
Reduced 132 texinfos to 78
Reduced 10 texdatas to 8 (247 bytes to 182)
Writing c:\program files (x86)\steam\steamapps\sourcemods\who\maps\list_02.bsp
0 seconds elapsed



6 threads
reading c:\program files (x86)\steam\steamapps\sourcemods\who\maps\list_02.bsp
reading c:\program files (x86)\steam\steamapps\sourcemods\who\maps\list_02.prt
  78 portalclusters
 195 numportals
0...1...2...3...4...5...6...7...8...9...100...1...2...3...4...5...6...7...8...9...10Optimized: 0 visible clusters (0.00%)
Total clusters visible: 1754
Average clusters visible: 22
Building PAS...
Average clusters audible: 36
visdatasize:2004  compressed from 2496
writing c:\program files (x86)\steam\steamapps\sourcemods\who\maps\list_02.bsp
0 seconds elapsed



[Reading texlights from 'lights.rad']
[48 texlights parsed from 'lights.rad']

Loading c:\program files (x86)\steam\steamapps\sourcemods\who\maps\list_02.bsp
535 faces
53460 square feet [7698281.50 square inches]
0 Displacements
0 Square Feet [0.00 Square Inches]
535 patches before subdivision
33313 patches after subdivision
27 direct lights
0...1...2...3...4...5...6...7...8...9...100...1...2...3...4...5...6...7...8...9...10transfers 3201265, max 428
transfer lists:  24.4 megs
0...1...2...3...4...5...6...7...8...9...10	Bounce #1 added RGB(111959, 40561, 11960)
0...1...2...3...4...5...6...7...8...9...10	Bounce #2 added RGB(92550, 13972, 6309)
0...1...2...3...4...5...6...7...8...9...10	Bounce #3 added RGB(41576, 4993, 3969)
0...1...2...3...4...5...6...7...8...9...10	Bounce #4 added RGB(28751, 2778, 2496)
0...1...2...3...4...5...6...7...8...9...10	Bounce #5 added RGB(17846, 1688, 1577)
0...1...2...3...4...5...6...7...8...9...10	Bounce #6 added RGB(12110, 1064, 998)
0...1...2...3...4...5...6...7...8...9...10	Bounce #7 added RGB(8107, 678, 632)
0...1...2...3...4...5...6...7...8...9...10	Bounce #8 added RGB(5521, 434, 401)
0...1...2...3...4...5...6...7...8...9...10	Bounce #9 added RGB(3757, 278, 254)
0...1...2...3...4...5...6...7...8...9...10	Bounce #10 added RGB(2566, 178, 161)
0...1...2...3...4...5...6...7...8...9...10	Bounce #11 added RGB(1753, 114, 103)
0...1...2...3...4...5...6...7...8...9...10	Bounce #12 added RGB(1199, 73, 65)
0...1...2...3...4...5...6...7...8...9...10	Bounce #13 added RGB(820, 47, 41)
0...1...2...3...4...5...6...7...8...9...10	Bounce #14 added RGB(562, 30, 26)
0...1...2...3...4...5...6...7...8...9...10	Bounce #15 added RGB(384, 19, 17)
0...1...2...3...4...5...6...7...8...9...10	Bounce #16 added RGB(263, 12, 11)
0...1...2...3...4...5...6...7...8...9...10	Bounce #17 added RGB(180, 8, 7)
0...1...2...3...4...5...6...7...8...9...10	Bounce #18 added RGB(124, 5, 4)
0...1...2...3...4...5...6...7...8...9...10	Bounce #19 added RGB(85, 3, 3)
0...1...2...3...4...5...6...7...8...9...10	Bounce #20 added RGB(58, 2, 2)
0...1...2...3...4...5...6...7...8...9...10	Bounce #21 added RGB(40, 1, 1)
0...1...2...3...4...5...6...7...8...9...10	Bounce #22 added RGB(27, 1, 1)
0...1...2...3...4...5...6...7...8...9...10	Bounce #23 added RGB(19, 1, 0)
0...1...2...3...4...5...6...7...8...9...10	Bounce #24 added RGB(13, 0, 0)
0...1...2...3...4...5...6...7...8...9...10	Bounce #25 added RGB(9, 0, 0)
0...1...2...3...4...5...6...7...8...9...10	Bounce #26 added RGB(6, 0, 0)
0...1...2...3...4...5...6...7...8...9...10	Bounce #27 added RGB(4, 0, 0)
0...1...2...3...4...5...6...7...8...9...10	Bounce #28 added RGB(3, 0, 0)
0...1...2...3...4...5...6...7...8...9...10	Bounce #29 added RGB(2, 0, 0)
0...1...2...3...4...5...6...7...8...9...10	Bounce #30 added RGB(1, 0, 0)
0...1...2...3...4...5...6...7...8...9...10	Bounce #31 added RGB(1, 0, 0)
Build Patch/Sample Hash Table(s).....Done<0.0037 sec>
0...1...2...3...4...5...6...7...8...9...10FinalLightFace Done
0 of 0 (0% of) surface lights went in leaf ambient cubes.
0...1...2...3...4...5...6...7...8...9...10Writing leaf ambient...done
Computing static prop lighting : 00...1...2...3...4...5...6...7...8...9...10
Ready to Finish

Object names       Objects/Maxobjs  Memory / Maxmem  Fullness 
------------       ---------------  ---------------  -------- 
models                  12/4096          576/196608   ( 0.3%) 
brushes                 80/32768         960/393216   ( 0.2%) 
brushsides             480/65536        3840/524288   ( 0.7%) 
planes                 296/65536        5920/1310720  ( 0.5%) 
vertexes               735/65536        8820/786432   ( 1.1%) 
nodes                  234/65536        7488/2097152  ( 0.4%) 
texinfos                78/12288        5616/884736   ( 0.6%) 
texdata                  8/2048          256/65536    ( 0.4%) 
dispinfos                0/0               0/0        ( 0.0%) 
disp_verts               0/0               0/0        ( 0.0%) 
disp_tris                0/0               0/0        ( 0.0%) 
disp_lmsamples           0/0               0/0        ( 0.0%) 
faces                  535/65536       29960/3670016  ( 0.8%) 
hdr faces                0/65536           0/3670016  ( 0.0%) 
origfaces              227/65536       12712/3670016  ( 0.3%) 
leaves                 247/65536        7904/2097152  ( 0.4%) 
leaffaces              571/65536        1142/131072   ( 0.9%) 
leafbrushes            132/65536         264/131072   ( 0.2%) 
areas                    3/1024           24/8192     ( 0.3%) 
surfedges             3316/512000      13264/2048000  ( 0.6%) 
edges                 1760/256000       7040/1024000  ( 0.7%) 
LDR worldlights         27/16384        2376/1441792  ( 0.2%) 
HDR worldlights          0/16384           0/1441792  ( 0.0%) 
leafwaterdata            0/32768           0/393216   ( 0.0%) 
waterstrips             21/131072        210/1310720  ( 0.0%) 
waterverts               0/131072          0/1572864  ( 0.0%) 
waterindices           390/131072        780/262144   ( 0.3%) 
cubemapsamples           0/1024            0/16384    ( 0.0%) 
overlays                 0/1024            0/360448   ( 0.0%) 
LDR lightdata         [variable]     1078584/0        ( 0.0%) 
HDR lightdata         [variable]           0/0        ( 0.0%) 
visdata               [variable]        2004/16777216 ( 0.0%) 
entdata               [variable]       15521/393216   ( 3.9%) 
LDR ambient table      247/65536         988/262144   ( 0.4%) 
HDR ambient table      247/65536         988/262144   ( 0.4%) 
LDR leaf ambient      1143/65536       32004/1835008  ( 1.7%) 
HDR leaf ambient       247/65536        6916/1835008  ( 0.4%) 
occluders                0/0               0/0        ( 0.0%) 
occluder polygons        0/0               0/0        ( 0.0%) 
occluder vert ind        0/0               0/0        ( 0.0%) 
detail props          [variable]           1/12       ( 8.3%) 
static props          [variable]           1/284      ( 0.4%) 
pakfile               [variable]       39481/0        ( 0.0%) 
physics               [variable]       35754/4194304  ( 0.9%) 
physics terrain       [variable]           2/1048576  ( 0.0%) 

Level flags = 1

Total triangle count: 1338
Writing c:\program files (x86)\steam\steamapps\sourcemods\who\maps\list_02.bsp
2 seconds elapsed



[Reading texlights from 'lights.rad']
[48 texlights parsed from 'lights.rad']

Loading c:\program files (x86)\steam\steamapps\sourcemods\who\maps\list_02.bsp
535 faces
53460 square feet [7698281.50 square inches]
0 Displacements
0 Square Feet [0.00 Square Inches]
535 patches before subdivision
33313 patches after subdivision
27 direct lights
0...1...2...3...4...5...6...7...8...9...100...1...2...3...4...5...6...7...8...9...10transfers 3201265, max 428
transfer lists:  24.4 megs
0...1...2...3...4...5...6...7...8...9...10	Bounce #1 added RGB(111959, 40561, 11960)
0...1...2...3...4...5...6...7...8...9...10	Bounce #2 added RGB(92549, 13972, 6309)
0...1...2...3...4...5...6...7...8...9...10	Bounce #3 added RGB(41575, 4993, 3969)
0...1...2...3...4...5...6...7...8...9...10	Bounce #4 added RGB(28751, 2778, 2496)
0...1...2...3...4...5...6...7...8...9...10	Bounce #5 added RGB(17846, 1688, 1577)
0...1...2...3...4...5...6...7...8...9...10	Bounce #6 added RGB(12110, 1064, 997)
0...1...2...3...4...5...6...7...8...9...10	Bounce #7 added RGB(8107, 678, 632)
0...1...2...3...4...5...6...7...8...9...10	Bounce #8 added RGB(5520, 434, 401)
0...1...2...3...4...5...6...7...8...9...10	Bounce #9 added RGB(3757, 278, 254)
0...1...2...3...4...5...6...7...8...9...10	Bounce #10 added RGB(2566, 178, 161)
0...1...2...3...4...5...6...7...8...9...10	Bounce #11 added RGB(1753, 114, 103)
0...1...2...3...4...5...6...7...8...9...10	Bounce #12 added RGB(1199, 73, 65)
0...1...2...3...4...5...6...7...8...9...10	Bounce #13 added RGB(820, 47, 41)
0...1...2...3...4...5...6...7...8...9...10	Bounce #14 added RGB(562, 30, 26)
0...1...2...3...4...5...6...7...8...9...10	Bounce #15 added RGB(384, 19, 17)
0...1...2...3...4...5...6...7...8...9...10	Bounce #16 added RGB(263, 12, 11)
0...1...2...3...4...5...6...7...8...9...10	Bounce #17 added RGB(180, 8, 7)
0...1...2...3...4...5...6...7...8...9...10	Bounce #18 added RGB(124, 5, 4)
0...1...2...3...4...5...6...7...8...9...10	Bounce #19 added RGB(85, 3, 3)
0...1...2...3...4...5...6...7...8...9...10	Bounce #20 added RGB(58, 2, 2)
0...1...2...3...4...5...6...7...8...9...10	Bounce #21 added RGB(40, 1, 1)
0...1...2...3...4...5...6...7...8...9...10	Bounce #22 added RGB(27, 1, 1)
0...1...2...3...4...5...6...7...8...9...10	Bounce #23 added RGB(19, 1, 0)
0...1...2...3...4...5...6...7...8...9...10	Bounce #24 added RGB(13, 0, 0)
0...1...2...3...4...5...6...7...8...9...10	Bounce #25 added RGB(9, 0, 0)
0...1...2...3...4...5...6...7...8...9...10	Bounce #26 added RGB(6, 0, 0)
0...1...2...3...4...5...6...7...8...9...10	Bounce #27 added RGB(4, 0, 0)
0...1...2...3...4...5...6...7...8...9...10	Bounce #28 added RGB(3, 0, 0)
0...1...2...3...4...5...6...7...8...9...10	Bounce #29 added RGB(2, 0, 0)
0...1...2...3...4...5...6...7...8...9...10	Bounce #30 added RGB(1, 0, 0)
0...1...2...3...4...5...6...7...8...9...10	Bounce #31 added RGB(1, 0, 0)
Build Patch/Sample Hash Table(s).....Done<0.0036 sec>
0...1...2...3...4...5...6...7...8...9...10FinalLightFace Done
0 of 0 (0% of) surface lights went in leaf ambient cubes.
0...1...2...3...4...5...6...7...8...9...10Writing leaf ambient...done
Computing static prop lighting : 00...1...2...3...4...5...6...7...8...9...10
Ready to Finish

Object names       Objects/Maxobjs  Memory / Maxmem  Fullness 
------------       ---------------  ---------------  -------- 
models                  12/4096          576/196608   ( 0.3%) 
brushes                 80/32768         960/393216   ( 0.2%) 
brushsides             480/65536        3840/524288   ( 0.7%) 
planes                 296/65536        5920/1310720  ( 0.5%) 
vertexes               735/65536        8820/786432   ( 1.1%) 
nodes                  234/65536        7488/2097152  ( 0.4%) 
texinfos                78/12288        5616/884736   ( 0.6%) 
texdata                  8/2048          256/65536    ( 0.4%) 
dispinfos                0/0               0/0        ( 0.0%) 
disp_verts               0/0               0/0        ( 0.0%) 
disp_tris                0/0               0/0        ( 0.0%) 
disp_lmsamples           0/0               0/0        ( 0.0%) 
faces                  535/65536       29960/3670016  ( 0.8%) 
hdr faces              535/65536       29960/3670016  ( 0.8%) 
origfaces              227/65536       12712/3670016  ( 0.3%) 
leaves                 247/65536        7904/2097152  ( 0.4%) 
leaffaces              571/65536        1142/131072   ( 0.9%) 
leafbrushes            132/65536         264/131072   ( 0.2%) 
areas                    3/1024           24/8192     ( 0.3%) 
surfedges             3316/512000      13264/2048000  ( 0.6%) 
edges                 1760/256000       7040/1024000  ( 0.7%) 
LDR worldlights         27/16384        2376/1441792  ( 0.2%) 
HDR worldlights         27/16384        2376/1441792  ( 0.2%) 
leafwaterdata            0/32768           0/393216   ( 0.0%) 
waterstrips             21/131072        210/1310720  ( 0.0%) 
waterverts               0/131072          0/1572864  ( 0.0%) 
waterindices           390/131072        780/262144   ( 0.3%) 
cubemapsamples           0/1024            0/16384    ( 0.0%) 
overlays                 0/1024            0/360448   ( 0.0%) 
LDR lightdata         [variable]     1078584/0        ( 0.0%) 
HDR lightdata         [variable]     1078584/0        ( 0.0%) 
visdata               [variable]        2004/16777216 ( 0.0%) 
entdata               [variable]       15521/393216   ( 3.9%) 
LDR ambient table      247/65536         988/262144   ( 0.4%) 
HDR ambient table      247/65536         988/262144   ( 0.4%) 
LDR leaf ambient      1143/65536       32004/1835008  ( 1.7%) 
HDR leaf ambient      1143/65536       32004/1835008  ( 1.7%) 
occluders                0/0               0/0        ( 0.0%) 
occluder polygons        0/0               0/0        ( 0.0%) 
occluder vert ind        0/0               0/0        ( 0.0%) 
detail props          [variable]           1/12       ( 8.3%) 
static props          [variable]           1/284      ( 0.4%) 
pakfile               [variable]       78593/0        ( 0.0%) 
physics               [variable]       35754/4194304  ( 0.9%) 
physics terrain       [variable]           2/1048576  ( 0.0%) 

Level flags = 3

Total triangle count: 1338
Writing c:\program files (x86)\steam\steamapps\sourcemods\who\maps\list_02.bsp
2 seconds elapsed
