


materialPath: C:\Program Files (x86)\Steam\steamapps\sourcemods\who\materials
Loading c:\program files (x86)\steam\steamapps\sourcemods\who\maps\map_2.vmf
ConVarRef mat_reduceparticles doesn't point to an existing ConVar
fixing up env_cubemap materials on brush sides...
0...1...2...3...4...5...6...7...8...9...100...1...2...3...4...5...6...7...8...9...10Processing areas...done (0)
Building Faces...done (0)
FixTjuncs...
PruneNodes...
WriteBSP...
done (0)
writing c:\program files (x86)\steam\steamapps\sourcemods\who\maps\map_2.prt...Building visibility clusters...
done (0)
Finding displacement neighbors...
Finding lightmap sample positions...
Displacement Alpha : 0...1...2...3...4...5...6...7...8...9...10
Building Physics collision data...
done (0) (5269 bytes)
Placing static props...
Placing detail props : 0...1...2...3...4...5...6...7...8...9...10
Compacting texture/material tables...
Reduced 29 texinfos to 8
Reduced 4 texdatas to 4 (79 bytes to 79)
Writing c:\program files (x86)\steam\steamapps\sourcemods\who\maps\map_2.bsp
0 seconds elapsed



8 threads
reading c:\program files (x86)\steam\steamapps\sourcemods\who\maps\map_2.bsp
reading c:\program files (x86)\steam\steamapps\sourcemods\who\maps\map_2.prt
   4 portalclusters
   4 numportals
0...1...2...3...4...5...6...7...8...9...100...1...2...3...4...5...6...7...8...9...10Optimized: 0 visible clusters (0.00%)
Total clusters visible: 16
Average clusters visible: 4
Building PAS...
Average clusters audible: 4
visdatasize:44  compressed from 64
writing c:\program files (x86)\steam\steamapps\sourcemods\who\maps\map_2.bsp
0 seconds elapsed



[Reading texlights from 'lights.rad']
[48 texlights parsed from 'lights.rad']

Loading c:\program files (x86)\steam\steamapps\sourcemods\who\maps\map_2.bsp
22 faces
5515 square feet [794201.88 square inches]
0 Displacements
0 Square Feet [0.00 Square Inches]
22 patches before subdivision
142 patches after subdivision
1 direct lights
0...1...2...3...4...5...6...7...8...9...100...1...2...3...4...5...6...7...8...9...10transfers 1452, max 58
transfer lists:   0.0 megs
0...1...2...3...4...5...6...7...8...9...10	Bounce #1 added RGB(66, 34, 13)
0...1...2...3...4...5...6...7...8...9...10	Bounce #2 added RGB(0, 0, 0)
Build Patch/Sample Hash Table(s).....Done<0.0004 sec>
0...1...2...3...4...5...6...7...8...9...10FinalLightFace Done
0 of 0 (0% of) surface lights went in leaf ambient cubes.
0...1...2...3...4...5...6...7...8...9...10Writing leaf ambient...done
Ready to Finish

Object names       Objects/Maxobjs  Memory / Maxmem  Fullness 
------------       ---------------  ---------------  -------- 
models                   2/4096           96/196608   ( 0.0%) 
brushes                 13/32768         156/393216   ( 0.0%) 
brushsides              78/65536         624/524288   ( 0.1%) 
planes                 108/65536        2160/1310720  ( 0.2%) 
vertexes                51/65536         612/786432   ( 0.1%) 
nodes                   33/65536        1056/2097152  ( 0.1%) 
texinfos                 8/12288         576/884736   ( 0.1%) 
texdata                  4/2048          128/65536    ( 0.2%) 
dispinfos                0/0               0/0        ( 0.0%) 
disp_verts               0/0               0/0        ( 0.0%) 
disp_tris                0/0               0/0        ( 0.0%) 
disp_lmsamples           0/0               0/0        ( 0.0%) 
faces                   22/65536        1232/3670016  ( 0.0%) 
hdr faces                0/65536           0/3670016  ( 0.0%) 
origfaces               12/65536         672/3670016  ( 0.0%) 
leaves                  36/65536        1152/2097152  ( 0.1%) 
leaffaces               22/65536          44/131072   ( 0.0%) 
leafbrushes             53/65536         106/131072   ( 0.1%) 
areas                    2/1024           16/8192     ( 0.2%) 
surfedges              136/512000        544/2048000  ( 0.0%) 
edges                   81/256000        324/1024000  ( 0.0%) 
LDR worldlights          1/16384          88/1441792  ( 0.0%) 
HDR worldlights          0/16384           0/1441792  ( 0.0%) 
leafwaterdata            0/32768           0/393216   ( 0.0%) 
waterstrips              0/131072          0/1310720  ( 0.0%) 
waterverts               0/131072          0/1572864  ( 0.0%) 
waterindices             0/131072          0/262144   ( 0.0%) 
cubemapsamples           0/1024            0/16384    ( 0.0%) 
overlays                 0/1024            0/360448   ( 0.0%) 
LDR lightdata         [variable]       10832/0        ( 0.0%) 
HDR lightdata         [variable]           0/0        ( 0.0%) 
visdata               [variable]          44/16777216 ( 0.0%) 
entdata               [variable]        2449/393216   ( 0.6%) 
LDR ambient table       36/65536         144/262144   ( 0.1%) 
HDR ambient table       36/65536         144/262144   ( 0.1%) 
LDR leaf ambient        79/65536        2212/1835008  ( 0.1%) 
HDR leaf ambient        36/65536        1008/1835008  ( 0.1%) 
occluders                0/0               0/0        ( 0.0%) 
occluder polygons        0/0               0/0        ( 0.0%) 
occluder vert ind        0/0               0/0        ( 0.0%) 
detail props          [variable]           1/12       ( 8.3%) 
static props          [variable]           1/12       ( 8.3%) 
pakfile               [variable]          54/0        ( 0.0%) 
physics               [variable]        5269/4194304  ( 0.1%) 
physics terrain       [variable]           2/1048576  ( 0.0%) 

Level flags = 1

Total triangle count: 44
Writing c:\program files (x86)\steam\steamapps\sourcemods\who\maps\map_2.bsp
0 seconds elapsed



[Reading texlights from 'lights.rad']
[48 texlights parsed from 'lights.rad']

Loading c:\program files (x86)\steam\steamapps\sourcemods\who\maps\map_2.bsp
22 faces
5515 square feet [794201.88 square inches]
0 Displacements
0 Square Feet [0.00 Square Inches]
22 patches before subdivision
142 patches after subdivision
1 direct lights
0...1...2...3...4...5...6...7...8...9...100...1...2...3...4...5...6...7...8...9...10transfers 1452, max 58
transfer lists:   0.0 megs
0...1...2...3...4...5...6...7...8...9...10	Bounce #1 added RGB(66, 34, 13)
0...1...2...3...4...5...6...7...8...9...10	Bounce #2 added RGB(0, 0, 0)
Build Patch/Sample Hash Table(s).....Done<0.0000 sec>
0...1...2...3...4...5...6...7...8...9...10FinalLightFace Done
0 of 0 (0% of) surface lights went in leaf ambient cubes.
0...1...2...3...4...5...6...7...8...9...10Writing leaf ambient...done
Ready to Finish

Object names       Objects/Maxobjs  Memory / Maxmem  Fullness 
------------       ---------------  ---------------  -------- 
models                   2/4096           96/196608   ( 0.0%) 
brushes                 13/32768         156/393216   ( 0.0%) 
brushsides              78/65536         624/524288   ( 0.1%) 
planes                 108/65536        2160/1310720  ( 0.2%) 
vertexes                51/65536         612/786432   ( 0.1%) 
nodes                   33/65536        1056/2097152  ( 0.1%) 
texinfos                 8/12288         576/884736   ( 0.1%) 
texdata                  4/2048          128/65536    ( 0.2%) 
dispinfos                0/0               0/0        ( 0.0%) 
disp_verts               0/0               0/0        ( 0.0%) 
disp_tris                0/0               0/0        ( 0.0%) 
disp_lmsamples           0/0               0/0        ( 0.0%) 
faces                   22/65536        1232/3670016  ( 0.0%) 
hdr faces               22/65536        1232/3670016  ( 0.0%) 
origfaces               12/65536         672/3670016  ( 0.0%) 
leaves                  36/65536        1152/2097152  ( 0.1%) 
leaffaces               22/65536          44/131072   ( 0.0%) 
leafbrushes             53/65536         106/131072   ( 0.1%) 
areas                    2/1024           16/8192     ( 0.2%) 
surfedges              136/512000        544/2048000  ( 0.0%) 
edges                   81/256000        324/1024000  ( 0.0%) 
LDR worldlights          1/16384          88/1441792  ( 0.0%) 
HDR worldlights          1/16384          88/1441792  ( 0.0%) 
leafwaterdata            0/32768           0/393216   ( 0.0%) 
waterstrips              0/131072          0/1310720  ( 0.0%) 
waterverts               0/131072          0/1572864  ( 0.0%) 
waterindices             0/131072          0/262144   ( 0.0%) 
cubemapsamples           0/1024            0/16384    ( 0.0%) 
overlays                 0/1024            0/360448   ( 0.0%) 
LDR lightdata         [variable]       10832/0        ( 0.0%) 
HDR lightdata         [variable]       10832/0        ( 0.0%) 
visdata               [variable]          44/16777216 ( 0.0%) 
entdata               [variable]        2449/393216   ( 0.6%) 
LDR ambient table       36/65536         144/262144   ( 0.1%) 
HDR ambient table       36/65536         144/262144   ( 0.1%) 
LDR leaf ambient        79/65536        2212/1835008  ( 0.1%) 
HDR leaf ambient        79/65536        2212/1835008  ( 0.1%) 
occluders                0/0               0/0        ( 0.0%) 
occluder polygons        0/0               0/0        ( 0.0%) 
occluder vert ind        0/0               0/0        ( 0.0%) 
detail props          [variable]           1/12       ( 8.3%) 
static props          [variable]           1/12       ( 8.3%) 
pakfile               [variable]          54/0        ( 0.0%) 
physics               [variable]        5269/4194304  ( 0.1%) 
physics terrain       [variable]           2/1048576  ( 0.0%) 

Level flags = 3

Total triangle count: 44
Writing c:\program files (x86)\steam\steamapps\sourcemods\who\maps\map_2.bsp
0 seconds elapsed



materialPath: C:\Program Files (x86)\Steam\steamapps\sourcemods\who\materials
Loading c:\program files (x86)\steam\steamapps\sourcemods\who\maps\map_2.vmf
ConVarRef mat_reduceparticles doesn't point to an existing ConVar
fixing up env_cubemap materials on brush sides...
0...1...2...3...4...5...6...7...8...9...100...1...2...3...4...5...6...7...8...9...10Processing areas...done (0)
Building Faces...done (0)
FixTjuncs...
PruneNodes...
WriteBSP...
done (0)
writing c:\program files (x86)\steam\steamapps\sourcemods\who\maps\map_2.prt...Building visibility clusters...
done (0)
Finding displacement neighbors...
Finding lightmap sample positions...
Displacement Alpha : 0...1...2...3...4...5...6...7...8...9...10
Building Physics collision data...
done (0) (5269 bytes)
Placing static props...
Placing detail props : 0...1...2...3...4...5...6...7...8...9...10
Compacting texture/material tables...
Reduced 29 texinfos to 8
Reduced 4 texdatas to 4 (79 bytes to 79)
Writing c:\program files (x86)\steam\steamapps\sourcemods\who\maps\map_2.bsp
0 seconds elapsed



8 threads
reading c:\program files (x86)\steam\steamapps\sourcemods\who\maps\map_2.bsp
reading c:\program files (x86)\steam\steamapps\sourcemods\who\maps\map_2.prt
   4 portalclusters
   4 numportals
0...1...2...3...4...5...6...7...8...9...100...1...2...3...4...5...6...7...8...9...10Optimized: 0 visible clusters (0.00%)
Total clusters visible: 16
Average clusters visible: 4
Building PAS...
Average clusters audible: 4
visdatasize:44  compressed from 64
writing c:\program files (x86)\steam\steamapps\sourcemods\who\maps\map_2.bsp
0 seconds elapsed



[Reading texlights from 'lights.rad']
[48 texlights parsed from 'lights.rad']

Loading c:\program files (x86)\steam\steamapps\sourcemods\who\maps\map_2.bsp
22 faces
5515 square feet [794201.88 square inches]
0 Displacements
0 Square Feet [0.00 Square Inches]
22 patches before subdivision
142 patches after subdivision
1 direct lights
0...1...2...3...4...5...6...7...8...9...100...1...2...3...4...5...6...7...8...9...10transfers 1452, max 58
transfer lists:   0.0 megs
0...1...2...3...4...5...6...7...8...9...10	Bounce #1 added RGB(66, 34, 13)
0...1...2...3...4...5...6...7...8...9...10	Bounce #2 added RGB(0, 0, 0)
Build Patch/Sample Hash Table(s).....Done<0.0004 sec>
0...1...2...3...4...5...6...7...8...9...10FinalLightFace Done
0 of 0 (0% of) surface lights went in leaf ambient cubes.
0...1...2...3...4...5...6...7...8...9...10Writing leaf ambient...done
Ready to Finish

Object names       Objects/Maxobjs  Memory / Maxmem  Fullness 
------------       ---------------  ---------------  -------- 
models                   2/4096           96/196608   ( 0.0%) 
brushes                 13/32768         156/393216   ( 0.0%) 
brushsides              78/65536         624/524288   ( 0.1%) 
planes                 108/65536        2160/1310720  ( 0.2%) 
vertexes                51/65536         612/786432   ( 0.1%) 
nodes                   33/65536        1056/2097152  ( 0.1%) 
texinfos                 8/12288         576/884736   ( 0.1%) 
texdata                  4/2048          128/65536    ( 0.2%) 
dispinfos                0/0               0/0        ( 0.0%) 
disp_verts               0/0               0/0        ( 0.0%) 
disp_tris                0/0               0/0        ( 0.0%) 
disp_lmsamples           0/0               0/0        ( 0.0%) 
faces                   22/65536        1232/3670016  ( 0.0%) 
hdr faces                0/65536           0/3670016  ( 0.0%) 
origfaces               12/65536         672/3670016  ( 0.0%) 
leaves                  36/65536        1152/2097152  ( 0.1%) 
leaffaces               22/65536          44/131072   ( 0.0%) 
leafbrushes             53/65536         106/131072   ( 0.1%) 
areas                    2/1024           16/8192     ( 0.2%) 
surfedges              136/512000        544/2048000  ( 0.0%) 
edges                   81/256000        324/1024000  ( 0.0%) 
LDR worldlights          1/16384          88/1441792  ( 0.0%) 
HDR worldlights          0/16384           0/1441792  ( 0.0%) 
leafwaterdata            0/32768           0/393216   ( 0.0%) 
waterstrips              0/131072          0/1310720  ( 0.0%) 
waterverts               0/131072          0/1572864  ( 0.0%) 
waterindices             0/131072          0/262144   ( 0.0%) 
cubemapsamples           0/1024            0/16384    ( 0.0%) 
overlays                 0/1024            0/360448   ( 0.0%) 
LDR lightdata         [variable]       10832/0        ( 0.0%) 
HDR lightdata         [variable]           0/0        ( 0.0%) 
visdata               [variable]          44/16777216 ( 0.0%) 
entdata               [variable]        2511/393216   ( 0.6%) 
LDR ambient table       36/65536         144/262144   ( 0.1%) 
HDR ambient table       36/65536         144/262144   ( 0.1%) 
LDR leaf ambient        79/65536        2212/1835008  ( 0.1%) 
HDR leaf ambient        36/65536        1008/1835008  ( 0.1%) 
occluders                0/0               0/0        ( 0.0%) 
occluder polygons        0/0               0/0        ( 0.0%) 
occluder vert ind        0/0               0/0        ( 0.0%) 
detail props          [variable]           1/12       ( 8.3%) 
static props          [variable]           1/12       ( 8.3%) 
pakfile               [variable]          54/0        ( 0.0%) 
physics               [variable]        5269/4194304  ( 0.1%) 
physics terrain       [variable]           2/1048576  ( 0.0%) 

Level flags = 1

Total triangle count: 44
Writing c:\program files (x86)\steam\steamapps\sourcemods\who\maps\map_2.bsp
0 seconds elapsed



[Reading texlights from 'lights.rad']
[48 texlights parsed from 'lights.rad']

Loading c:\program files (x86)\steam\steamapps\sourcemods\who\maps\map_2.bsp
22 faces
5515 square feet [794201.88 square inches]
0 Displacements
0 Square Feet [0.00 Square Inches]
22 patches before subdivision
142 patches after subdivision
1 direct lights
0...1...2...3...4...5...6...7...8...9...100...1...2...3...4...5...6...7...8...9...10transfers 1452, max 58
transfer lists:   0.0 megs
0...1...2...3...4...5...6...7...8...9...10	Bounce #1 added RGB(66, 34, 13)
0...1...2...3...4...5...6...7...8...9...10	Bounce #2 added RGB(0, 0, 0)
Build Patch/Sample Hash Table(s).....Done<0.0000 sec>
0...1...2...3...4...5...6...7...8...9...10FinalLightFace Done
0 of 0 (0% of) surface lights went in leaf ambient cubes.
0...1...2...3...4...5...6...7...8...9...10Writing leaf ambient...done
Ready to Finish

Object names       Objects/Maxobjs  Memory / Maxmem  Fullness 
------------       ---------------  ---------------  -------- 
models                   2/4096           96/196608   ( 0.0%) 
brushes                 13/32768         156/393216   ( 0.0%) 
brushsides              78/65536         624/524288   ( 0.1%) 
planes                 108/65536        2160/1310720  ( 0.2%) 
vertexes                51/65536         612/786432   ( 0.1%) 
nodes                   33/65536        1056/2097152  ( 0.1%) 
texinfos                 8/12288         576/884736   ( 0.1%) 
texdata                  4/2048          128/65536    ( 0.2%) 
dispinfos                0/0               0/0        ( 0.0%) 
disp_verts               0/0               0/0        ( 0.0%) 
disp_tris                0/0               0/0        ( 0.0%) 
disp_lmsamples           0/0               0/0        ( 0.0%) 
faces                   22/65536        1232/3670016  ( 0.0%) 
hdr faces               22/65536        1232/3670016  ( 0.0%) 
origfaces               12/65536         672/3670016  ( 0.0%) 
leaves                  36/65536        1152/2097152  ( 0.1%) 
leaffaces               22/65536          44/131072   ( 0.0%) 
leafbrushes             53/65536         106/131072   ( 0.1%) 
areas                    2/1024           16/8192     ( 0.2%) 
surfedges              136/512000        544/2048000  ( 0.0%) 
edges                   81/256000        324/1024000  ( 0.0%) 
LDR worldlights          1/16384          88/1441792  ( 0.0%) 
HDR worldlights          1/16384          88/1441792  ( 0.0%) 
leafwaterdata            0/32768           0/393216   ( 0.0%) 
waterstrips              0/131072          0/1310720  ( 0.0%) 
waterverts               0/131072          0/1572864  ( 0.0%) 
waterindices             0/131072          0/262144   ( 0.0%) 
cubemapsamples           0/1024            0/16384    ( 0.0%) 
overlays                 0/1024            0/360448   ( 0.0%) 
LDR lightdata         [variable]       10832/0        ( 0.0%) 
HDR lightdata         [variable]       10832/0        ( 0.0%) 
visdata               [variable]          44/16777216 ( 0.0%) 
entdata               [variable]        2511/393216   ( 0.6%) 
LDR ambient table       36/65536         144/262144   ( 0.1%) 
HDR ambient table       36/65536         144/262144   ( 0.1%) 
LDR leaf ambient        79/65536        2212/1835008  ( 0.1%) 
HDR leaf ambient        79/65536        2212/1835008  ( 0.1%) 
occluders                0/0               0/0        ( 0.0%) 
occluder polygons        0/0               0/0        ( 0.0%) 
occluder vert ind        0/0               0/0        ( 0.0%) 
detail props          [variable]           1/12       ( 8.3%) 
static props          [variable]           1/12       ( 8.3%) 
pakfile               [variable]          54/0        ( 0.0%) 
physics               [variable]        5269/4194304  ( 0.1%) 
physics terrain       [variable]           2/1048576  ( 0.0%) 

Level flags = 3

Total triangle count: 44
Writing c:\program files (x86)\steam\steamapps\sourcemods\who\maps\map_2.bsp
0 seconds elapsed



materialPath: C:\Program Files (x86)\Steam\steamapps\sourcemods\who\materials
Loading c:\program files (x86)\steam\steamapps\sourcemods\who\maps\map_2.vmf
ConVarRef mat_reduceparticles doesn't point to an existing ConVar
fixing up env_cubemap materials on brush sides...
0...1...2...3...4...5...6...7...8...9...100...1...2...3...4...5...6...7...8...9...10Processing areas...done (0)
Building Faces...done (0)
FixTjuncs...
PruneNodes...
WriteBSP...
done (0)
writing c:\program files (x86)\steam\steamapps\sourcemods\who\maps\map_2.prt...Building visibility clusters...
done (0)
Finding displacement neighbors...
Finding lightmap sample positions...
Displacement Alpha : 0...1...2...3...4...5...6...7...8...9...10
Building Physics collision data...
done (0) (5269 bytes)
Placing static props...
Placing detail props : 0...1...2...3...4...5...6...7...8...9...10
Compacting texture/material tables...
Reduced 29 texinfos to 8
Reduced 4 texdatas to 4 (79 bytes to 79)
Writing c:\program files (x86)\steam\steamapps\sourcemods\who\maps\map_2.bsp
0 seconds elapsed



8 threads
reading c:\program files (x86)\steam\steamapps\sourcemods\who\maps\map_2.bsp
reading c:\program files (x86)\steam\steamapps\sourcemods\who\maps\map_2.prt
   4 portalclusters
   4 numportals
0...1...2...3...4...5...6...7...8...9...100...1...2...3...4...5...6...7...8...9...10Optimized: 0 visible clusters (0.00%)
Total clusters visible: 16
Average clusters visible: 4
Building PAS...
Average clusters audible: 4
visdatasize:44  compressed from 64
writing c:\program files (x86)\steam\steamapps\sourcemods\who\maps\map_2.bsp
0 seconds elapsed



[Reading texlights from 'lights.rad']
[48 texlights parsed from 'lights.rad']

Loading c:\program files (x86)\steam\steamapps\sourcemods\who\maps\map_2.bsp
22 faces
5515 square feet [794201.88 square inches]
0 Displacements
0 Square Feet [0.00 Square Inches]
22 patches before subdivision
142 patches after subdivision
1 direct lights
0...1...2...3...4...5...6...7...8...9...100...1...2...3...4...5...6...7...8...9...10transfers 1452, max 58
transfer lists:   0.0 megs
0...1...2...3...4...5...6...7...8...9...10	Bounce #1 added RGB(66, 34, 13)
0...1...2...3...4...5...6...7...8...9...10	Bounce #2 added RGB(0, 0, 0)
Build Patch/Sample Hash Table(s).....Done<0.0004 sec>
0...1...2...3...4...5...6...7...8...9...10FinalLightFace Done
0 of 0 (0% of) surface lights went in leaf ambient cubes.
0...1...2...3...4...5...6...7...8...9...10Writing leaf ambient...done
Ready to Finish

Object names       Objects/Maxobjs  Memory / Maxmem  Fullness 
------------       ---------------  ---------------  -------- 
models                   2/4096           96/196608   ( 0.0%) 
brushes                 13/32768         156/393216   ( 0.0%) 
brushsides              78/65536         624/524288   ( 0.1%) 
planes                 108/65536        2160/1310720  ( 0.2%) 
vertexes                51/65536         612/786432   ( 0.1%) 
nodes                   33/65536        1056/2097152  ( 0.1%) 
texinfos                 8/12288         576/884736   ( 0.1%) 
texdata                  4/2048          128/65536    ( 0.2%) 
dispinfos                0/0               0/0        ( 0.0%) 
disp_verts               0/0               0/0        ( 0.0%) 
disp_tris                0/0               0/0        ( 0.0%) 
disp_lmsamples           0/0               0/0        ( 0.0%) 
faces                   22/65536        1232/3670016  ( 0.0%) 
hdr faces                0/65536           0/3670016  ( 0.0%) 
origfaces               12/65536         672/3670016  ( 0.0%) 
leaves                  36/65536        1152/2097152  ( 0.1%) 
leaffaces               22/65536          44/131072   ( 0.0%) 
leafbrushes             53/65536         106/131072   ( 0.1%) 
areas                    2/1024           16/8192     ( 0.2%) 
surfedges              136/512000        544/2048000  ( 0.0%) 
edges                   81/256000        324/1024000  ( 0.0%) 
LDR worldlights          1/16384          88/1441792  ( 0.0%) 
HDR worldlights          0/16384           0/1441792  ( 0.0%) 
leafwaterdata            0/32768           0/393216   ( 0.0%) 
waterstrips              0/131072          0/1310720  ( 0.0%) 
waterverts               0/131072          0/1572864  ( 0.0%) 
waterindices             0/131072          0/262144   ( 0.0%) 
cubemapsamples           0/1024            0/16384    ( 0.0%) 
overlays                 0/1024            0/360448   ( 0.0%) 
LDR lightdata         [variable]       10832/0        ( 0.0%) 
HDR lightdata         [variable]           0/0        ( 0.0%) 
visdata               [variable]          44/16777216 ( 0.0%) 
entdata               [variable]        2436/393216   ( 0.6%) 
LDR ambient table       36/65536         144/262144   ( 0.1%) 
HDR ambient table       36/65536         144/262144   ( 0.1%) 
LDR leaf ambient        79/65536        2212/1835008  ( 0.1%) 
HDR leaf ambient        36/65536        1008/1835008  ( 0.1%) 
occluders                0/0               0/0        ( 0.0%) 
occluder polygons        0/0               0/0        ( 0.0%) 
occluder vert ind        0/0               0/0        ( 0.0%) 
detail props          [variable]           1/12       ( 8.3%) 
static props          [variable]           1/12       ( 8.3%) 
pakfile               [variable]          54/0        ( 0.0%) 
physics               [variable]        5269/4194304  ( 0.1%) 
physics terrain       [variable]           2/1048576  ( 0.0%) 

Level flags = 1

Total triangle count: 44
Writing c:\program files (x86)\steam\steamapps\sourcemods\who\maps\map_2.bsp
0 seconds elapsed



[Reading texlights from 'lights.rad']
[48 texlights parsed from 'lights.rad']

Loading c:\program files (x86)\steam\steamapps\sourcemods\who\maps\map_2.bsp
22 faces
5515 square feet [794201.88 square inches]
0 Displacements
0 Square Feet [0.00 Square Inches]
22 patches before subdivision
142 patches after subdivision
1 direct lights
0...1...2...3...4...5...6...7...8...9...100...1...2...3...4...5...6...7...8...9...10transfers 1452, max 58
transfer lists:   0.0 megs
0...1...2...3...4...5...6...7...8...9...10	Bounce #1 added RGB(66, 34, 13)
0...1...2...3...4...5...6...7...8...9...10	Bounce #2 added RGB(0, 0, 0)
Build Patch/Sample Hash Table(s).....Done<0.0000 sec>
0...1...2...3...4...5...6...7...8...9...10FinalLightFace Done
0 of 0 (0% of) surface lights went in leaf ambient cubes.
0...1...2...3...4...5...6...7...8...9...10Writing leaf ambient...done
Ready to Finish

Object names       Objects/Maxobjs  Memory / Maxmem  Fullness 
------------       ---------------  ---------------  -------- 
models                   2/4096           96/196608   ( 0.0%) 
brushes                 13/32768         156/393216   ( 0.0%) 
brushsides              78/65536         624/524288   ( 0.1%) 
planes                 108/65536        2160/1310720  ( 0.2%) 
vertexes                51/65536         612/786432   ( 0.1%) 
nodes                   33/65536        1056/2097152  ( 0.1%) 
texinfos                 8/12288         576/884736   ( 0.1%) 
texdata                  4/2048          128/65536    ( 0.2%) 
dispinfos                0/0               0/0        ( 0.0%) 
disp_verts               0/0               0/0        ( 0.0%) 
disp_tris                0/0               0/0        ( 0.0%) 
disp_lmsamples           0/0               0/0        ( 0.0%) 
faces                   22/65536        1232/3670016  ( 0.0%) 
hdr faces               22/65536        1232/3670016  ( 0.0%) 
origfaces               12/65536         672/3670016  ( 0.0%) 
leaves                  36/65536        1152/2097152  ( 0.1%) 
leaffaces               22/65536          44/131072   ( 0.0%) 
leafbrushes             53/65536         106/131072   ( 0.1%) 
areas                    2/1024           16/8192     ( 0.2%) 
surfedges              136/512000        544/2048000  ( 0.0%) 
edges                   81/256000        324/1024000  ( 0.0%) 
LDR worldlights          1/16384          88/1441792  ( 0.0%) 
HDR worldlights          1/16384          88/1441792  ( 0.0%) 
leafwaterdata            0/32768           0/393216   ( 0.0%) 
waterstrips              0/131072          0/1310720  ( 0.0%) 
waterverts               0/131072          0/1572864  ( 0.0%) 
waterindices             0/131072          0/262144   ( 0.0%) 
cubemapsamples           0/1024            0/16384    ( 0.0%) 
overlays                 0/1024            0/360448   ( 0.0%) 
LDR lightdata         [variable]       10832/0        ( 0.0%) 
HDR lightdata         [variable]       10832/0        ( 0.0%) 
visdata               [variable]          44/16777216 ( 0.0%) 
entdata               [variable]        2436/393216   ( 0.6%) 
LDR ambient table       36/65536         144/262144   ( 0.1%) 
HDR ambient table       36/65536         144/262144   ( 0.1%) 
LDR leaf ambient        79/65536        2212/1835008  ( 0.1%) 
HDR leaf ambient        79/65536        2212/1835008  ( 0.1%) 
occluders                0/0               0/0        ( 0.0%) 
occluder polygons        0/0               0/0        ( 0.0%) 
occluder vert ind        0/0               0/0        ( 0.0%) 
detail props          [variable]           1/12       ( 8.3%) 
static props          [variable]           1/12       ( 8.3%) 
pakfile               [variable]          54/0        ( 0.0%) 
physics               [variable]        5269/4194304  ( 0.1%) 
physics terrain       [variable]           2/1048576  ( 0.0%) 

Level flags = 3

Total triangle count: 44
Writing c:\program files (x86)\steam\steamapps\sourcemods\who\maps\map_2.bsp
0 seconds elapsed



materialPath: C:\Program Files (x86)\Steam\steamapps\sourcemods\who\materials
Loading c:\program files (x86)\steam\steamapps\sourcemods\who\maps\map_2.vmf
ConVarRef mat_reduceparticles doesn't point to an existing ConVar
fixing up env_cubemap materials on brush sides...
0...1...2...3...4...5...6...7...8...9...100...1...2...3...4...5...6...7...8...9...10Processing areas...done (0)
Building Faces...done (0)
FixTjuncs...
PruneNodes...
WriteBSP...
done (0)
writing c:\program files (x86)\steam\steamapps\sourcemods\who\maps\map_2.prt...Building visibility clusters...
done (0)
Finding displacement neighbors...
Finding lightmap sample positions...
Displacement Alpha : 0...1...2...3...4...5...6...7...8...9...10
Building Physics collision data...
done (0) (5269 bytes)
Placing static props...
Placing detail props : 0...1...2...3...4...5...6...7...8...9...10
Compacting texture/material tables...
Reduced 29 texinfos to 8
Reduced 4 texdatas to 4 (79 bytes to 79)
Writing c:\program files (x86)\steam\steamapps\sourcemods\who\maps\map_2.bsp
0 seconds elapsed



8 threads
reading c:\program files (x86)\steam\steamapps\sourcemods\who\maps\map_2.bsp
reading c:\program files (x86)\steam\steamapps\sourcemods\who\maps\map_2.prt
   4 portalclusters
   4 numportals
0...1...2...3...4...5...6...7...8...9...100...1...2...3...4...5...6...7...8...9...10Optimized: 0 visible clusters (0.00%)
Total clusters visible: 16
Average clusters visible: 4
Building PAS...
Average clusters audible: 4
visdatasize:44  compressed from 64
writing c:\program files (x86)\steam\steamapps\sourcemods\who\maps\map_2.bsp
0 seconds elapsed



[Reading texlights from 'lights.rad']
[48 texlights parsed from 'lights.rad']

Loading c:\program files (x86)\steam\steamapps\sourcemods\who\maps\map_2.bsp
22 faces
5515 square feet [794201.88 square inches]
0 Displacements
0 Square Feet [0.00 Square Inches]
22 patches before subdivision
142 patches after subdivision
1 direct lights
0...1...2...3...4...5...6...7...8...9...100...1...2...3...4...5...6...7...8...9...10transfers 1452, max 58
transfer lists:   0.0 megs
0...1...2...3...4...5...6...7...8...9...10	Bounce #1 added RGB(66, 34, 13)
0...1...2...3...4...5...6...7...8...9...10	Bounce #2 added RGB(0, 0, 0)
Build Patch/Sample Hash Table(s).....Done<0.0000 sec>
0...1...2...3...4...5...6...7...8...9...10FinalLightFace Done
0 of 0 (0% of) surface lights went in leaf ambient cubes.
0...1...2...3...4...5...6...7...8...9...10Writing leaf ambient...done
Ready to Finish

Object names       Objects/Maxobjs  Memory / Maxmem  Fullness 
------------       ---------------  ---------------  -------- 
models                   2/4096           96/196608   ( 0.0%) 
brushes                 13/32768         156/393216   ( 0.0%) 
brushsides              78/65536         624/524288   ( 0.1%) 
planes                 108/65536        2160/1310720  ( 0.2%) 
vertexes                51/65536         612/786432   ( 0.1%) 
nodes                   33/65536        1056/2097152  ( 0.1%) 
texinfos                 8/12288         576/884736   ( 0.1%) 
texdata                  4/2048          128/65536    ( 0.2%) 
dispinfos                0/0               0/0        ( 0.0%) 
disp_verts               0/0               0/0        ( 0.0%) 
disp_tris                0/0               0/0        ( 0.0%) 
disp_lmsamples           0/0               0/0        ( 0.0%) 
faces                   22/65536        1232/3670016  ( 0.0%) 
hdr faces                0/65536           0/3670016  ( 0.0%) 
origfaces               12/65536         672/3670016  ( 0.0%) 
leaves                  36/65536        1152/2097152  ( 0.1%) 
leaffaces               22/65536          44/131072   ( 0.0%) 
leafbrushes             53/65536         106/131072   ( 0.1%) 
areas                    2/1024           16/8192     ( 0.2%) 
surfedges              136/512000        544/2048000  ( 0.0%) 
edges                   81/256000        324/1024000  ( 0.0%) 
LDR worldlights          1/16384          88/1441792  ( 0.0%) 
HDR worldlights          0/16384           0/1441792  ( 0.0%) 
leafwaterdata            0/32768           0/393216   ( 0.0%) 
waterstrips              0/131072          0/1310720  ( 0.0%) 
waterverts               0/131072          0/1572864  ( 0.0%) 
waterindices             0/131072          0/262144   ( 0.0%) 
cubemapsamples           0/1024            0/16384    ( 0.0%) 
overlays                 0/1024            0/360448   ( 0.0%) 
LDR lightdata         [variable]       10832/0        ( 0.0%) 
HDR lightdata         [variable]           0/0        ( 0.0%) 
visdata               [variable]          44/16777216 ( 0.0%) 
entdata               [variable]        2449/393216   ( 0.6%) 
LDR ambient table       36/65536         144/262144   ( 0.1%) 
HDR ambient table       36/65536         144/262144   ( 0.1%) 
LDR leaf ambient        79/65536        2212/1835008  ( 0.1%) 
HDR leaf ambient        36/65536        1008/1835008  ( 0.1%) 
occluders                0/0               0/0        ( 0.0%) 
occluder polygons        0/0               0/0        ( 0.0%) 
occluder vert ind        0/0               0/0        ( 0.0%) 
detail props          [variable]           1/12       ( 8.3%) 
static props          [variable]           1/12       ( 8.3%) 
pakfile               [variable]          54/0        ( 0.0%) 
physics               [variable]        5269/4194304  ( 0.1%) 
physics terrain       [variable]           2/1048576  ( 0.0%) 

Level flags = 1

Total triangle count: 44
Writing c:\program files (x86)\steam\steamapps\sourcemods\who\maps\map_2.bsp
0 seconds elapsed



[Reading texlights from 'lights.rad']
[48 texlights parsed from 'lights.rad']

Loading c:\program files (x86)\steam\steamapps\sourcemods\who\maps\map_2.bsp
22 faces
5515 square feet [794201.88 square inches]
0 Displacements
0 Square Feet [0.00 Square Inches]
22 patches before subdivision
142 patches after subdivision
1 direct lights
0...1...2...3...4...5...6...7...8...9...100...1...2...3...4...5...6...7...8...9...10transfers 1452, max 58
transfer lists:   0.0 megs
0...1...2...3...4...5...6...7...8...9...10	Bounce #1 added RGB(66, 34, 13)
0...1...2...3...4...5...6...7...8...9...10	Bounce #2 added RGB(0, 0, 0)
Build Patch/Sample Hash Table(s).....Done<0.0001 sec>
0...1...2...3...4...5...6...7...8...9...10FinalLightFace Done
0 of 0 (0% of) surface lights went in leaf ambient cubes.
0...1...2...3...4...5...6...7...8...9...10Writing leaf ambient...done
Ready to Finish

Object names       Objects/Maxobjs  Memory / Maxmem  Fullness 
------------       ---------------  ---------------  -------- 
models                   2/4096           96/196608   ( 0.0%) 
brushes                 13/32768         156/393216   ( 0.0%) 
brushsides              78/65536         624/524288   ( 0.1%) 
planes                 108/65536        2160/1310720  ( 0.2%) 
vertexes                51/65536         612/786432   ( 0.1%) 
nodes                   33/65536        1056/2097152  ( 0.1%) 
texinfos                 8/12288         576/884736   ( 0.1%) 
texdata                  4/2048          128/65536    ( 0.2%) 
dispinfos                0/0               0/0        ( 0.0%) 
disp_verts               0/0               0/0        ( 0.0%) 
disp_tris                0/0               0/0        ( 0.0%) 
disp_lmsamples           0/0               0/0        ( 0.0%) 
faces                   22/65536        1232/3670016  ( 0.0%) 
hdr faces               22/65536        1232/3670016  ( 0.0%) 
origfaces               12/65536         672/3670016  ( 0.0%) 
leaves                  36/65536        1152/2097152  ( 0.1%) 
leaffaces               22/65536          44/131072   ( 0.0%) 
leafbrushes             53/65536         106/131072   ( 0.1%) 
areas                    2/1024           16/8192     ( 0.2%) 
surfedges              136/512000        544/2048000  ( 0.0%) 
edges                   81/256000        324/1024000  ( 0.0%) 
LDR worldlights          1/16384          88/1441792  ( 0.0%) 
HDR worldlights          1/16384          88/1441792  ( 0.0%) 
leafwaterdata            0/32768           0/393216   ( 0.0%) 
waterstrips              0/131072          0/1310720  ( 0.0%) 
waterverts               0/131072          0/1572864  ( 0.0%) 
waterindices             0/131072          0/262144   ( 0.0%) 
cubemapsamples           0/1024            0/16384    ( 0.0%) 
overlays                 0/1024            0/360448   ( 0.0%) 
LDR lightdata         [variable]       10832/0        ( 0.0%) 
HDR lightdata         [variable]       10832/0        ( 0.0%) 
visdata               [variable]          44/16777216 ( 0.0%) 
entdata               [variable]        2449/393216   ( 0.6%) 
LDR ambient table       36/65536         144/262144   ( 0.1%) 
HDR ambient table       36/65536         144/262144   ( 0.1%) 
LDR leaf ambient        79/65536        2212/1835008  ( 0.1%) 
HDR leaf ambient        79/65536        2212/1835008  ( 0.1%) 
occluders                0/0               0/0        ( 0.0%) 
occluder polygons        0/0               0/0        ( 0.0%) 
occluder vert ind        0/0               0/0        ( 0.0%) 
detail props          [variable]           1/12       ( 8.3%) 
static props          [variable]           1/12       ( 8.3%) 
pakfile               [variable]          54/0        ( 0.0%) 
physics               [variable]        5269/4194304  ( 0.1%) 
physics terrain       [variable]           2/1048576  ( 0.0%) 

Level flags = 3

Total triangle count: 44
Writing c:\program files (x86)\steam\steamapps\sourcemods\who\maps\map_2.bsp
0 seconds elapsed



materialPath: C:\Program Files (x86)\Steam\steamapps\sourcemods\who\materials
Loading c:\program files (x86)\steam\steamapps\sourcemods\who\maps\map_2.vmf
ConVarRef mat_reduceparticles doesn't point to an existing ConVar
fixing up env_cubemap materials on brush sides...
0...1...2...3...4...5...6...7...8...9...100...1...2...3...4...5...6...7...8...9...10Processing areas...done (0)
Building Faces...done (0)
FixTjuncs...
PruneNodes...
WriteBSP...
done (0)
writing c:\program files (x86)\steam\steamapps\sourcemods\who\maps\map_2.prt...Building visibility clusters...
done (0)
Finding displacement neighbors...
Finding lightmap sample positions...
Displacement Alpha : 0...1...2...3...4...5...6...7...8...9...10
Building Physics collision data...
done (0) (5269 bytes)
Placing static props...
Placing detail props : 0...1...2...3...4...5...6...7...8...9...10
Compacting texture/material tables...
Reduced 29 texinfos to 8
Reduced 4 texdatas to 4 (79 bytes to 79)
Writing c:\program files (x86)\steam\steamapps\sourcemods\who\maps\map_2.bsp
0 seconds elapsed



8 threads
reading c:\program files (x86)\steam\steamapps\sourcemods\who\maps\map_2.bsp
reading c:\program files (x86)\steam\steamapps\sourcemods\who\maps\map_2.prt
   4 portalclusters
   4 numportals
0...1...2...3...4...5...6...7...8...9...100...1...2...3...4...5...6...7...8...9...10Optimized: 0 visible clusters (0.00%)
Total clusters visible: 16
Average clusters visible: 4
Building PAS...
Average clusters audible: 4
visdatasize:44  compressed from 64
writing c:\program files (x86)\steam\steamapps\sourcemods\who\maps\map_2.bsp
0 seconds elapsed



[Reading texlights from 'lights.rad']
[48 texlights parsed from 'lights.rad']

Loading c:\program files (x86)\steam\steamapps\sourcemods\who\maps\map_2.bsp
22 faces
5515 square feet [794201.88 square inches]
0 Displacements
0 Square Feet [0.00 Square Inches]
22 patches before subdivision
142 patches after subdivision
1 direct lights
0...1...2...3...4...5...6...7...8...9...100...1...2...3...4...5...6...7...8...9...10transfers 1452, max 58
transfer lists:   0.0 megs
0...1...2...3...4...5...6...7...8...9...10	Bounce #1 added RGB(66, 34, 13)
0...1...2...3...4...5...6...7...8...9...10	Bounce #2 added RGB(0, 0, 0)
Build Patch/Sample Hash Table(s).....Done<0.0000 sec>
0...1...2...3...4...5...6...7...8...9...10FinalLightFace Done
0 of 0 (0% of) surface lights went in leaf ambient cubes.
0...1...2...3...4...5...6...7...8...9...10Writing leaf ambient...done
Ready to Finish

Object names       Objects/Maxobjs  Memory / Maxmem  Fullness 
------------       ---------------  ---------------  -------- 
models                   2/4096           96/196608   ( 0.0%) 
brushes                 13/32768         156/393216   ( 0.0%) 
brushsides              78/65536         624/524288   ( 0.1%) 
planes                 108/65536        2160/1310720  ( 0.2%) 
vertexes                51/65536         612/786432   ( 0.1%) 
nodes                   33/65536        1056/2097152  ( 0.1%) 
texinfos                 8/12288         576/884736   ( 0.1%) 
texdata                  4/2048          128/65536    ( 0.2%) 
dispinfos                0/0               0/0        ( 0.0%) 
disp_verts               0/0               0/0        ( 0.0%) 
disp_tris                0/0               0/0        ( 0.0%) 
disp_lmsamples           0/0               0/0        ( 0.0%) 
faces                   22/65536        1232/3670016  ( 0.0%) 
hdr faces                0/65536           0/3670016  ( 0.0%) 
origfaces               12/65536         672/3670016  ( 0.0%) 
leaves                  36/65536        1152/2097152  ( 0.1%) 
leaffaces               22/65536          44/131072   ( 0.0%) 
leafbrushes             53/65536         106/131072   ( 0.1%) 
areas                    2/1024           16/8192     ( 0.2%) 
surfedges              136/512000        544/2048000  ( 0.0%) 
edges                   81/256000        324/1024000  ( 0.0%) 
LDR worldlights          1/16384          88/1441792  ( 0.0%) 
HDR worldlights          0/16384           0/1441792  ( 0.0%) 
leafwaterdata            0/32768           0/393216   ( 0.0%) 
waterstrips              0/131072          0/1310720  ( 0.0%) 
waterverts               0/131072          0/1572864  ( 0.0%) 
waterindices             0/131072          0/262144   ( 0.0%) 
cubemapsamples           0/1024            0/16384    ( 0.0%) 
overlays                 0/1024            0/360448   ( 0.0%) 
LDR lightdata         [variable]       10832/0        ( 0.0%) 
HDR lightdata         [variable]           0/0        ( 0.0%) 
visdata               [variable]          44/16777216 ( 0.0%) 
entdata               [variable]        2443/393216   ( 0.6%) 
LDR ambient table       36/65536         144/262144   ( 0.1%) 
HDR ambient table       36/65536         144/262144   ( 0.1%) 
LDR leaf ambient        79/65536        2212/1835008  ( 0.1%) 
HDR leaf ambient        36/65536        1008/1835008  ( 0.1%) 
occluders                0/0               0/0        ( 0.0%) 
occluder polygons        0/0               0/0        ( 0.0%) 
occluder vert ind        0/0               0/0        ( 0.0%) 
detail props          [variable]           1/12       ( 8.3%) 
static props          [variable]           1/12       ( 8.3%) 
pakfile               [variable]          54/0        ( 0.0%) 
physics               [variable]        5269/4194304  ( 0.1%) 
physics terrain       [variable]           2/1048576  ( 0.0%) 

Level flags = 1

Total triangle count: 44
Writing c:\program files (x86)\steam\steamapps\sourcemods\who\maps\map_2.bsp
0 seconds elapsed



[Reading texlights from 'lights.rad']
[48 texlights parsed from 'lights.rad']

Loading c:\program files (x86)\steam\steamapps\sourcemods\who\maps\map_2.bsp
22 faces
5515 square feet [794201.88 square inches]
0 Displacements
0 Square Feet [0.00 Square Inches]
22 patches before subdivision
142 patches after subdivision
1 direct lights
0...1...2...3...4...5...6...7...8...9...100...1...2...3...4...5...6...7...8...9...10transfers 1452, max 58
transfer lists:   0.0 megs
0...1...2...3...4...5...6...7...8...9...10	Bounce #1 added RGB(66, 34, 13)
0...1...2...3...4...5...6...7...8...9...10	Bounce #2 added RGB(0, 0, 0)
Build Patch/Sample Hash Table(s).....Done<0.0000 sec>
0...1...2...3...4...5...6...7...8...9...10FinalLightFace Done
0 of 0 (0% of) surface lights went in leaf ambient cubes.
0...1...2...3...4...5...6...7...8...9...10Writing leaf ambient...done
Ready to Finish

Object names       Objects/Maxobjs  Memory / Maxmem  Fullness 
------------       ---------------  ---------------  -------- 
models                   2/4096           96/196608   ( 0.0%) 
brushes                 13/32768         156/393216   ( 0.0%) 
brushsides              78/65536         624/524288   ( 0.1%) 
planes                 108/65536        2160/1310720  ( 0.2%) 
vertexes                51/65536         612/786432   ( 0.1%) 
nodes                   33/65536        1056/2097152  ( 0.1%) 
texinfos                 8/12288         576/884736   ( 0.1%) 
texdata                  4/2048          128/65536    ( 0.2%) 
dispinfos                0/0               0/0        ( 0.0%) 
disp_verts               0/0               0/0        ( 0.0%) 
disp_tris                0/0               0/0        ( 0.0%) 
disp_lmsamples           0/0               0/0        ( 0.0%) 
faces                   22/65536        1232/3670016  ( 0.0%) 
hdr faces               22/65536        1232/3670016  ( 0.0%) 
origfaces               12/65536         672/3670016  ( 0.0%) 
leaves                  36/65536        1152/2097152  ( 0.1%) 
leaffaces               22/65536          44/131072   ( 0.0%) 
leafbrushes             53/65536         106/131072   ( 0.1%) 
areas                    2/1024           16/8192     ( 0.2%) 
surfedges              136/512000        544/2048000  ( 0.0%) 
edges                   81/256000        324/1024000  ( 0.0%) 
LDR worldlights          1/16384          88/1441792  ( 0.0%) 
HDR worldlights          1/16384          88/1441792  ( 0.0%) 
leafwaterdata            0/32768           0/393216   ( 0.0%) 
waterstrips              0/131072          0/1310720  ( 0.0%) 
waterverts               0/131072          0/1572864  ( 0.0%) 
waterindices             0/131072          0/262144   ( 0.0%) 
cubemapsamples           0/1024            0/16384    ( 0.0%) 
overlays                 0/1024            0/360448   ( 0.0%) 
LDR lightdata         [variable]       10832/0        ( 0.0%) 
HDR lightdata         [variable]       10832/0        ( 0.0%) 
visdata               [variable]          44/16777216 ( 0.0%) 
entdata               [variable]        2443/393216   ( 0.6%) 
LDR ambient table       36/65536         144/262144   ( 0.1%) 
HDR ambient table       36/65536         144/262144   ( 0.1%) 
LDR leaf ambient        79/65536        2212/1835008  ( 0.1%) 
HDR leaf ambient        79/65536        2212/1835008  ( 0.1%) 
occluders                0/0               0/0        ( 0.0%) 
occluder polygons        0/0               0/0        ( 0.0%) 
occluder vert ind        0/0               0/0        ( 0.0%) 
detail props          [variable]           1/12       ( 8.3%) 
static props          [variable]           1/12       ( 8.3%) 
pakfile               [variable]          54/0        ( 0.0%) 
physics               [variable]        5269/4194304  ( 0.1%) 
physics terrain       [variable]           2/1048576  ( 0.0%) 

Level flags = 3

Total triangle count: 44
Writing c:\program files (x86)\steam\steamapps\sourcemods\who\maps\map_2.bsp
0 seconds elapsed



materialPath: C:\Program Files (x86)\Steam\steamapps\sourcemods\who\materials
Loading c:\program files (x86)\steam\steamapps\sourcemods\who\maps\map_2.vmf
ConVarRef mat_reduceparticles doesn't point to an existing ConVar
fixing up env_cubemap materials on brush sides...
0...1...2...3...4...5...6...7...8...9...100...1...2...3...4...5...6...7...8...9...10Processing areas...done (0)
Building Faces...done (0)
FixTjuncs...
PruneNodes...
WriteBSP...
done (0)
writing c:\program files (x86)\steam\steamapps\sourcemods\who\maps\map_2.prt...Building visibility clusters...
done (0)
Finding displacement neighbors...
Finding lightmap sample positions...
Displacement Alpha : 0...1...2...3...4...5...6...7...8...9...10
Building Physics collision data...
done (0) (8393 bytes)
Placing static props...
Bad geometry on "models/chessandpieces/pawn.mdl"!
Bad geometry on "models/chessandpieces/pawn_white.mdl"!
Placing detail props : 0...1...2...3...4...5...6...7...8...9...10
Compacting texture/material tables...
Reduced 48 texinfos to 31
Reduced 6 texdatas to 6 (112 bytes to 112)
Writing c:\program files (x86)\steam\steamapps\sourcemods\who\maps\map_2.bsp
0 seconds elapsed



8 threads
reading c:\program files (x86)\steam\steamapps\sourcemods\who\maps\map_2.bsp
reading c:\program files (x86)\steam\steamapps\sourcemods\who\maps\map_2.prt
  47 portalclusters
  94 numportals
0...1...2...3...4...5...6...7...8...9...100...1...2...3...4...5...6...7...8...9...10Optimized: 0 visible clusters (0.00%)
Total clusters visible: 1271
Average clusters visible: 27
Building PAS...
Average clusters audible: 39
visdatasize:944  compressed from 752
writing c:\program files (x86)\steam\steamapps\sourcemods\who\maps\map_2.bsp
0 seconds elapsed



[Reading texlights from 'lights.rad']
[48 texlights parsed from 'lights.rad']

Loading c:\program files (x86)\steam\steamapps\sourcemods\who\maps\map_2.bsp
94 faces
14810 square feet [2132697.75 square inches]
0 Displacements
0 Square Feet [0.00 Square Inches]
94 patches before subdivision
782 patches after subdivision
295 direct lights
0...1...2...3...4...5...6...7...8...9...100...1...2...3...4...5...6...7...8...9...10transfers 1957, max 52
transfer lists:   0.0 megs
0...1...2...3...4...5...6...7...8...9...10	Bounce #1 added RGB(55, 25, 7)
0...1...2...3...4...5...6...7...8...9...10	Bounce #2 added RGB(0, 0, 0)
Build Patch/Sample Hash Table(s).....Done<0.0001 sec>
0...1...2...3...4...5...6...7...8...9...10FinalLightFace Done
2 of 290 (0% of) surface lights went in leaf ambient cubes.
0...1...2...3...4...5...6...7...8...9...10Writing leaf ambient...done
Computing static prop lighting : 00...1...2...3...4...5...6...7...8...9...10
Ready to Finish

Object names       Objects/Maxobjs  Memory / Maxmem  Fullness 
------------       ---------------  ---------------  -------- 
models                   2/4096           96/196608   ( 0.0%) 
brushes                 22/32768         264/393216   ( 0.1%) 
brushsides             132/65536        1056/524288   ( 0.2%) 
planes                 124/65536        2480/1310720  ( 0.2%) 
vertexes               195/65536        2340/786432   ( 0.3%) 
nodes                  119/65536        3808/2097152  ( 0.2%) 
texinfos                31/12288        2232/884736   ( 0.3%) 
texdata                  6/2048          192/65536    ( 0.3%) 
dispinfos                0/0               0/0        ( 0.0%) 
disp_verts               0/0               0/0        ( 0.0%) 
disp_tris                0/0               0/0        ( 0.0%) 
disp_lmsamples           0/0               0/0        ( 0.0%) 
faces                   94/65536        5264/3670016  ( 0.1%) 
hdr faces                0/65536           0/3670016  ( 0.0%) 
origfaces               55/65536        3080/3670016  ( 0.1%) 
leaves                 122/65536        3904/2097152  ( 0.2%) 
leaffaces               98/65536         196/131072   ( 0.1%) 
leafbrushes             72/65536         144/131072   ( 0.1%) 
areas                    2/1024           16/8192     ( 0.2%) 
surfedges              630/512000       2520/2048000  ( 0.1%) 
edges                  359/256000       1436/1024000  ( 0.1%) 
LDR worldlights        295/16384       25960/1441792  ( 1.8%) 
HDR worldlights          0/16384           0/1441792  ( 0.0%) 
leafwaterdata            0/32768           0/393216   ( 0.0%) 
waterstrips              4/131072         40/1310720  ( 0.0%) 
waterverts               0/131072          0/1572864  ( 0.0%) 
waterindices            57/131072        114/262144   ( 0.0%) 
cubemapsamples           0/1024            0/16384    ( 0.0%) 
overlays                 0/1024            0/360448   ( 0.0%) 
LDR lightdata         [variable]       13352/0        ( 0.0%) 
HDR lightdata         [variable]           0/0        ( 0.0%) 
visdata               [variable]         944/16777216 ( 0.0%) 
entdata               [variable]        3071/393216   ( 0.8%) 
LDR ambient table      122/65536         488/262144   ( 0.2%) 
HDR ambient table      122/65536         488/262144   ( 0.2%) 
LDR leaf ambient       613/65536       17164/1835008  ( 0.9%) 
HDR leaf ambient       122/65536        3416/1835008  ( 0.2%) 
occluders                0/0               0/0        ( 0.0%) 
occluder polygons        0/0               0/0        ( 0.0%) 
occluder vert ind        0/0               0/0        ( 0.0%) 
detail props          [variable]           1/12       ( 8.3%) 
static props          [variable]           1/2736     ( 0.0%) 
pakfile               [variable]      220350/0        ( 0.0%) 
physics               [variable]        8393/4194304  ( 0.2%) 
physics terrain       [variable]           2/1048576  ( 0.0%) 

Level flags = 1

Total triangle count: 222
Writing c:\program files (x86)\steam\steamapps\sourcemods\who\maps\map_2.bsp
3 seconds elapsed



[Reading texlights from 'lights.rad']
[48 texlights parsed from 'lights.rad']

Loading c:\program files (x86)\steam\steamapps\sourcemods\who\maps\map_2.bsp
94 faces
14810 square feet [2132697.75 square inches]
0 Displacements
0 Square Feet [0.00 Square Inches]
94 patches before subdivision
782 patches after subdivision
295 direct lights
0...1...2...3...4...5...6...7...8...9...100...1...2...3...4...5...6...7...8...9...10transfers 1957, max 52
transfer lists:   0.0 megs
0...1...2...3...4...5...6...7...8...9...10	Bounce #1 added RGB(55, 25, 7)
0...1...2...3...4...5...6...7...8...9...10	Bounce #2 added RGB(0, 0, 0)
Build Patch/Sample Hash Table(s).....Done<0.0001 sec>
0...1...2...3...4...5...6...7...8...9...10FinalLightFace Done
2 of 290 (0% of) surface lights went in leaf ambient cubes.
0...1...2...3...4...5...6...7...8...9...10Writing leaf ambient...done
Computing static prop lighting : 00...1...2...3...4...5...6...7...8...9...10
Ready to Finish

Object names       Objects/Maxobjs  Memory / Maxmem  Fullness 
------------       ---------------  ---------------  -------- 
models                   2/4096           96/196608   ( 0.0%) 
brushes                 22/32768         264/393216   ( 0.1%) 
brushsides             132/65536        1056/524288   ( 0.2%) 
planes                 124/65536        2480/1310720  ( 0.2%) 
vertexes               195/65536        2340/786432   ( 0.3%) 
nodes                  119/65536        3808/2097152  ( 0.2%) 
texinfos                31/12288        2232/884736   ( 0.3%) 
texdata                  6/2048          192/65536    ( 0.3%) 
dispinfos                0/0               0/0        ( 0.0%) 
disp_verts               0/0               0/0        ( 0.0%) 
disp_tris                0/0               0/0        ( 0.0%) 
disp_lmsamples           0/0               0/0        ( 0.0%) 
faces                   94/65536        5264/3670016  ( 0.1%) 
hdr faces               94/65536        5264/3670016  ( 0.1%) 
origfaces               55/65536        3080/3670016  ( 0.1%) 
leaves                 122/65536        3904/2097152  ( 0.2%) 
leaffaces               98/65536         196/131072   ( 0.1%) 
leafbrushes             72/65536         144/131072   ( 0.1%) 
areas                    2/1024           16/8192     ( 0.2%) 
surfedges              630/512000       2520/2048000  ( 0.1%) 
edges                  359/256000       1436/1024000  ( 0.1%) 
LDR worldlights        295/16384       25960/1441792  ( 1.8%) 
HDR worldlights        295/16384       25960/1441792  ( 1.8%) 
leafwaterdata            0/32768           0/393216   ( 0.0%) 
waterstrips              4/131072         40/1310720  ( 0.0%) 
waterverts               0/131072          0/1572864  ( 0.0%) 
waterindices            57/131072        114/262144   ( 0.0%) 
cubemapsamples           0/1024            0/16384    ( 0.0%) 
overlays                 0/1024            0/360448   ( 0.0%) 
LDR lightdata         [variable]       13352/0        ( 0.0%) 
HDR lightdata         [variable]       13352/0        ( 0.0%) 
visdata               [variable]         944/16777216 ( 0.0%) 
entdata               [variable]        3071/393216   ( 0.8%) 
LDR ambient table      122/65536         488/262144   ( 0.2%) 
HDR ambient table      122/65536         488/262144   ( 0.2%) 
LDR leaf ambient       613/65536       17164/1835008  ( 0.9%) 
HDR leaf ambient       613/65536       17164/1835008  ( 0.9%) 
occluders                0/0               0/0        ( 0.0%) 
occluder polygons        0/0               0/0        ( 0.0%) 
occluder vert ind        0/0               0/0        ( 0.0%) 
detail props          [variable]           1/12       ( 8.3%) 
static props          [variable]           1/2736     ( 0.0%) 
pakfile               [variable]      440790/0        ( 0.0%) 
physics               [variable]        8393/4194304  ( 0.2%) 
physics terrain       [variable]           2/1048576  ( 0.0%) 

Level flags = 3

Total triangle count: 222
Writing c:\program files (x86)\steam\steamapps\sourcemods\who\maps\map_2.bsp
3 seconds elapsed



materialPath: C:\Program Files (x86)\Steam\steamapps\sourcemods\who\materials
Loading c:\program files (x86)\steam\steamapps\sourcemods\who\maps\map_2.vmf
ConVarRef mat_reduceparticles doesn't point to an existing ConVar
fixing up env_cubemap materials on brush sides...
0...1...2...3...4...5...6...7...8...9...100...1...2...3...4...5...6...7...8...9...10Processing areas...done (0)
Building Faces...done (0)
FixTjuncs...
PruneNodes...
WriteBSP...
done (0)
writing c:\program files (x86)\steam\steamapps\sourcemods\who\maps\map_2.prt...Building visibility clusters...
done (0)
Finding displacement neighbors...
Finding lightmap sample positions...
Displacement Alpha : 0...1...2...3...4...5...6...7...8...9...10
Building Physics collision data...
done (0) (8393 bytes)
Placing static props...
Bad geometry on "models/chessandpieces/pawn_white.mdl"!
Placing detail props : 0...1...2...3...4...5...6...7...8...9...10
Compacting texture/material tables...
Reduced 48 texinfos to 31
Reduced 6 texdatas to 6 (112 bytes to 112)
Writing c:\program files (x86)\steam\steamapps\sourcemods\who\maps\map_2.bsp
0 seconds elapsed



8 threads
reading c:\program files (x86)\steam\steamapps\sourcemods\who\maps\map_2.bsp
reading c:\program files (x86)\steam\steamapps\sourcemods\who\maps\map_2.prt
  47 portalclusters
  94 numportals
0...1...2...3...4...5...6...7...8...9...100...1...2...3...4...5...6...7...8...9...10Optimized: 0 visible clusters (0.00%)
Total clusters visible: 1271
Average clusters visible: 27
Building PAS...
Average clusters audible: 39
visdatasize:944  compressed from 752
writing c:\program files (x86)\steam\steamapps\sourcemods\who\maps\map_2.bsp
0 seconds elapsed



[Reading texlights from 'lights.rad']
[48 texlights parsed from 'lights.rad']

Loading c:\program files (x86)\steam\steamapps\sourcemods\who\maps\map_2.bsp
94 faces
14810 square feet [2132697.75 square inches]
0 Displacements
0 Square Feet [0.00 Square Inches]
94 patches before subdivision
782 patches after subdivision
295 direct lights
0...1...2...3...4...5...6...7...8...9...100...1...2...3...4...5...6...7...8...9...10transfers 1957, max 52
transfer lists:   0.0 megs
0...1...2...3...4...5...6...7...8...9...10	Bounce #1 added RGB(55, 25, 7)
0...1...2...3...4...5...6...7...8...9...10	Bounce #2 added RGB(0, 0, 0)
Build Patch/Sample Hash Table(s).....Done<0.0001 sec>
0...1...2...3...4...5...6...7...8...9...10FinalLightFace Done
2 of 290 (0% of) surface lights went in leaf ambient cubes.
0...1...2...3...4...5...6...7...8...9...10Writing leaf ambient...done
Computing static prop lighting : 00...1...2...3...4...5...6...7...8...9...10
Ready to Finish

Object names       Objects/Maxobjs  Memory / Maxmem  Fullness 
------------       ---------------  ---------------  -------- 
models                   2/4096           96/196608   ( 0.0%) 
brushes                 22/32768         264/393216   ( 0.1%) 
brushsides             132/65536        1056/524288   ( 0.2%) 
planes                 124/65536        2480/1310720  ( 0.2%) 
vertexes               195/65536        2340/786432   ( 0.3%) 
nodes                  119/65536        3808/2097152  ( 0.2%) 
texinfos                31/12288        2232/884736   ( 0.3%) 
texdata                  6/2048          192/65536    ( 0.3%) 
dispinfos                0/0               0/0        ( 0.0%) 
disp_verts               0/0               0/0        ( 0.0%) 
disp_tris                0/0               0/0        ( 0.0%) 
disp_lmsamples           0/0               0/0        ( 0.0%) 
faces                   94/65536        5264/3670016  ( 0.1%) 
hdr faces                0/65536           0/3670016  ( 0.0%) 
origfaces               55/65536        3080/3670016  ( 0.1%) 
leaves                 122/65536        3904/2097152  ( 0.2%) 
leaffaces               98/65536         196/131072   ( 0.1%) 
leafbrushes             72/65536         144/131072   ( 0.1%) 
areas                    2/1024           16/8192     ( 0.2%) 
surfedges              630/512000       2520/2048000  ( 0.1%) 
edges                  359/256000       1436/1024000  ( 0.1%) 
LDR worldlights        295/16384       25960/1441792  ( 1.8%) 
HDR worldlights          0/16384           0/1441792  ( 0.0%) 
leafwaterdata            0/32768           0/393216   ( 0.0%) 
waterstrips              4/131072         40/1310720  ( 0.0%) 
waterverts               0/131072          0/1572864  ( 0.0%) 
waterindices            57/131072        114/262144   ( 0.0%) 
cubemapsamples           0/1024            0/16384    ( 0.0%) 
overlays                 0/1024            0/360448   ( 0.0%) 
LDR lightdata         [variable]       13352/0        ( 0.0%) 
HDR lightdata         [variable]           0/0        ( 0.0%) 
visdata               [variable]         944/16777216 ( 0.0%) 
entdata               [variable]        3071/393216   ( 0.8%) 
LDR ambient table      122/65536         488/262144   ( 0.2%) 
HDR ambient table      122/65536         488/262144   ( 0.2%) 
LDR leaf ambient       613/65536       17164/1835008  ( 0.9%) 
HDR leaf ambient       122/65536        3416/1835008  ( 0.2%) 
occluders                0/0               0/0        ( 0.0%) 
occluder polygons        0/0               0/0        ( 0.0%) 
occluder vert ind        0/0               0/0        ( 0.0%) 
detail props          [variable]           1/12       ( 8.3%) 
static props          [variable]           1/2736     ( 0.0%) 
pakfile               [variable]      220350/0        ( 0.0%) 
physics               [variable]        8393/4194304  ( 0.2%) 
physics terrain       [variable]           2/1048576  ( 0.0%) 

Level flags = 1

Total triangle count: 222
Writing c:\program files (x86)\steam\steamapps\sourcemods\who\maps\map_2.bsp
3 seconds elapsed



[Reading texlights from 'lights.rad']
[48 texlights parsed from 'lights.rad']

Loading c:\program files (x86)\steam\steamapps\sourcemods\who\maps\map_2.bsp
94 faces
14810 square feet [2132697.75 square inches]
0 Displacements
0 Square Feet [0.00 Square Inches]
94 patches before subdivision
782 patches after subdivision
295 direct lights
0...1...2...3...4...5...6...7...8...9...100...1...2...3...4...5...6...7...8...9...10transfers 1957, max 52
transfer lists:   0.0 megs
0...1...2...3...4...5...6...7...8...9...10	Bounce #1 added RGB(55, 25, 7)
0...1...2...3...4...5...6...7...8...9...10	Bounce #2 added RGB(0, 0, 0)
Build Patch/Sample Hash Table(s).....Done<0.0001 sec>
0...1...2...3...4...5...6...7...8...9...10FinalLightFace Done
2 of 290 (0% of) surface lights went in leaf ambient cubes.
0...1...2...3...4...5...6...7...8...9...10Writing leaf ambient...done
Computing static prop lighting : 00...1...2...3...4...5...6...7...8...9...10
Ready to Finish

Object names       Objects/Maxobjs  Memory / Maxmem  Fullness 
------------       ---------------  ---------------  -------- 
models                   2/4096           96/196608   ( 0.0%) 
brushes                 22/32768         264/393216   ( 0.1%) 
brushsides             132/65536        1056/524288   ( 0.2%) 
planes                 124/65536        2480/1310720  ( 0.2%) 
vertexes               195/65536        2340/786432   ( 0.3%) 
nodes                  119/65536        3808/2097152  ( 0.2%) 
texinfos                31/12288        2232/884736   ( 0.3%) 
texdata                  6/2048          192/65536    ( 0.3%) 
dispinfos                0/0               0/0        ( 0.0%) 
disp_verts               0/0               0/0        ( 0.0%) 
disp_tris                0/0               0/0        ( 0.0%) 
disp_lmsamples           0/0               0/0        ( 0.0%) 
faces                   94/65536        5264/3670016  ( 0.1%) 
hdr faces               94/65536        5264/3670016  ( 0.1%) 
origfaces               55/65536        3080/3670016  ( 0.1%) 
leaves                 122/65536        3904/2097152  ( 0.2%) 
leaffaces               98/65536         196/131072   ( 0.1%) 
leafbrushes             72/65536         144/131072   ( 0.1%) 
areas                    2/1024           16/8192     ( 0.2%) 
surfedges              630/512000       2520/2048000  ( 0.1%) 
edges                  359/256000       1436/1024000  ( 0.1%) 
LDR worldlights        295/16384       25960/1441792  ( 1.8%) 
HDR worldlights        295/16384       25960/1441792  ( 1.8%) 
leafwaterdata            0/32768           0/393216   ( 0.0%) 
waterstrips              4/131072         40/1310720  ( 0.0%) 
waterverts               0/131072          0/1572864  ( 0.0%) 
waterindices            57/131072        114/262144   ( 0.0%) 
cubemapsamples           0/1024            0/16384    ( 0.0%) 
overlays                 0/1024            0/360448   ( 0.0%) 
LDR lightdata         [variable]       13352/0        ( 0.0%) 
HDR lightdata         [variable]       13352/0        ( 0.0%) 
visdata               [variable]         944/16777216 ( 0.0%) 
entdata               [variable]        3071/393216   ( 0.8%) 
LDR ambient table      122/65536         488/262144   ( 0.2%) 
HDR ambient table      122/65536         488/262144   ( 0.2%) 
LDR leaf ambient       613/65536       17164/1835008  ( 0.9%) 
HDR leaf ambient       613/65536       17164/1835008  ( 0.9%) 
occluders                0/0               0/0        ( 0.0%) 
occluder polygons        0/0               0/0        ( 0.0%) 
occluder vert ind        0/0               0/0        ( 0.0%) 
detail props          [variable]           1/12       ( 8.3%) 
static props          [variable]           1/2736     ( 0.0%) 
pakfile               [variable]      440790/0        ( 0.0%) 
physics               [variable]        8393/4194304  ( 0.2%) 
physics terrain       [variable]           2/1048576  ( 0.0%) 

Level flags = 3

Total triangle count: 222
Writing c:\program files (x86)\steam\steamapps\sourcemods\who\maps\map_2.bsp
3 seconds elapsed



materialPath: C:\Program Files (x86)\Steam\steamapps\sourcemods\who\materials
Loading c:\program files (x86)\steam\steamapps\sourcemods\who\maps\map_2.vmf
ConVarRef mat_reduceparticles doesn't point to an existing ConVar
fixing up env_cubemap materials on brush sides...
0...1...2...3...4...5...6...7...8...9...100...1...2...3...4...5...6...7...8...9...10Processing areas...done (0)
Building Faces...done (0)
FixTjuncs...
PruneNodes...
WriteBSP...
done (0)
writing c:\program files (x86)\steam\steamapps\sourcemods\who\maps\map_2.prt...Building visibility clusters...
done (0)
Finding displacement neighbors...
Finding lightmap sample positions...
Displacement Alpha : 0...1...2...3...4...5...6...7...8...9...10
Building Physics collision data...
done (0) (8601 bytes)
Placing static props...
Bad geometry on "models/chessandpieces/pawn_white.mdl"!
Placing detail props : 0...1...2...3...4...5...6...7...8...9...10
Compacting texture/material tables...
Reduced 51 texinfos to 30
Reduced 7 texdatas to 7 (137 bytes to 137)
Writing c:\program files (x86)\steam\steamapps\sourcemods\who\maps\map_2.bsp
0 seconds elapsed



8 threads
reading c:\program files (x86)\steam\steamapps\sourcemods\who\maps\map_2.bsp
reading c:\program files (x86)\steam\steamapps\sourcemods\who\maps\map_2.prt
  45 portalclusters
  93 numportals
0...1...2...3...4...5...6...7...8...9...100...1...2...3...4...5...6...7...8...9...10Optimized: 1 visible clusters (0.00%)
Total clusters visible: 1288
Average clusters visible: 28
Building PAS...
Average clusters audible: 45
visdatasize:904  compressed from 720
writing c:\program files (x86)\steam\steamapps\sourcemods\who\maps\map_2.bsp
0 seconds elapsed



[Reading texlights from 'lights.rad']
[48 texlights parsed from 'lights.rad']

Loading c:\program files (x86)\steam\steamapps\sourcemods\who\maps\map_2.bsp
91 faces
13997 square feet [2015705.75 square inches]
0 Displacements
0 Square Feet [0.00 Square Inches]
91 patches before subdivision
639 patches after subdivision
215 direct lights
0...1...2...3...4...5...6...7...8...9...100...1...2...3...4...5...6...7...8...9...10transfers 1296, max 28
transfer lists:   0.0 megs
0...1...2...3...4...5...6...7...8...9...10	Bounce #1 added RGB(2, 1, 0)
0...1...2...3...4...5...6...7...8...9...10	Bounce #2 added RGB(1, 1, 0)
0...1...2...3...4...5...6...7...8...9...10	Bounce #3 added RGB(1, 0, 0)
Build Patch/Sample Hash Table(s).....Done<0.0001 sec>
0...1...2...3...4...5...6...7...8...9...10FinalLightFace Done
2 of 210 (0% of) surface lights went in leaf ambient cubes.
0...1...2...3...4...5...6...7...8...9...10Writing leaf ambient...done
Computing static prop lighting : 00...1...2...3...4...5...6...7...8...9...10
Ready to Finish

Object names       Objects/Maxobjs  Memory / Maxmem  Fullness 
------------       ---------------  ---------------  -------- 
models                   3/4096          144/196608   ( 0.1%) 
brushes                 22/32768         264/393216   ( 0.1%) 
brushsides             132/65536        1056/524288   ( 0.2%) 
planes                 130/65536        2600/1310720  ( 0.2%) 
vertexes               197/65536        2364/786432   ( 0.3%) 
nodes                  122/65536        3904/2097152  ( 0.2%) 
texinfos                30/12288        2160/884736   ( 0.2%) 
texdata                  7/2048          224/65536    ( 0.3%) 
dispinfos                0/0               0/0        ( 0.0%) 
disp_verts               0/0               0/0        ( 0.0%) 
disp_tris                0/0               0/0        ( 0.0%) 
disp_lmsamples           0/0               0/0        ( 0.0%) 
faces                   91/65536        5096/3670016  ( 0.1%) 
hdr faces                0/65536           0/3670016  ( 0.0%) 
origfaces               53/65536        2968/3670016  ( 0.1%) 
leaves                 126/65536        4032/2097152  ( 0.2%) 
leaffaces               94/65536         188/131072   ( 0.1%) 
leafbrushes             71/65536         142/131072   ( 0.1%) 
areas                    2/1024           16/8192     ( 0.2%) 
surfedges              606/512000       2424/2048000  ( 0.1%) 
edges                  347/256000       1388/1024000  ( 0.1%) 
LDR worldlights        215/16384       18920/1441792  ( 1.3%) 
HDR worldlights          0/16384           0/1441792  ( 0.0%) 
leafwaterdata            0/32768           0/393216   ( 0.0%) 
waterstrips              3/131072         30/1310720  ( 0.0%) 
waterverts               0/131072          0/1572864  ( 0.0%) 
waterindices            42/131072         84/262144   ( 0.0%) 
cubemapsamples           0/1024            0/16384    ( 0.0%) 
overlays                 0/1024            0/360448   ( 0.0%) 
LDR lightdata         [variable]       14192/0        ( 0.0%) 
HDR lightdata         [variable]           0/0        ( 0.0%) 
visdata               [variable]         904/16777216 ( 0.0%) 
entdata               [variable]        3548/393216   ( 0.9%) 
LDR ambient table      126/65536         504/262144   ( 0.2%) 
HDR ambient table      126/65536         504/262144   ( 0.2%) 
LDR leaf ambient       337/65536        9436/1835008  ( 0.5%) 
HDR leaf ambient       126/65536        3528/1835008  ( 0.2%) 
occluders                0/0               0/0        ( 0.0%) 
occluder polygons        0/0               0/0        ( 0.0%) 
occluder vert ind        0/0               0/0        ( 0.0%) 
detail props          [variable]           1/12       ( 8.3%) 
static props          [variable]           1/2736     ( 0.0%) 
pakfile               [variable]      220350/0        ( 0.0%) 
physics               [variable]        8601/4194304  ( 0.2%) 
physics terrain       [variable]           2/1048576  ( 0.0%) 

Level flags = 1

Total triangle count: 212
Writing c:\program files (x86)\steam\steamapps\sourcemods\who\maps\map_2.bsp
3 seconds elapsed



[Reading texlights from 'lights.rad']
[48 texlights parsed from 'lights.rad']

Loading c:\program files (x86)\steam\steamapps\sourcemods\who\maps\map_2.bsp
91 faces
13997 square feet [2015705.75 square inches]
0 Displacements
0 Square Feet [0.00 Square Inches]
91 patches before subdivision
639 patches after subdivision
215 direct lights
0...1...2...3...4...5...6...7...8...9...100...1...2...3...4...5...6...7...8...9...10transfers 1296, max 28
transfer lists:   0.0 megs
0...1...2...3...4...5...6...7...8...9...10	Bounce #1 added RGB(2, 1, 0)
0...1...2...3...4...5...6...7...8...9...10	Bounce #2 added RGB(1, 1, 0)
0...1...2...3...4...5...6...7...8...9...10	Bounce #3 added RGB(1, 0, 0)
Build Patch/Sample Hash Table(s).....Done<0.0001 sec>
0...1...2...3...4...5...6...7...8...9...10FinalLightFace Done
2 of 210 (0% of) surface lights went in leaf ambient cubes.
0...1...2...3...4...5...6...7...8...9...10Writing leaf ambient...done
Computing static prop lighting : 00...1...2...3...4...5...6...7...8...9...10
Ready to Finish

Object names       Objects/Maxobjs  Memory / Maxmem  Fullness 
------------       ---------------  ---------------  -------- 
models                   3/4096          144/196608   ( 0.1%) 
brushes                 22/32768         264/393216   ( 0.1%) 
brushsides             132/65536        1056/524288   ( 0.2%) 
planes                 130/65536        2600/1310720  ( 0.2%) 
vertexes               197/65536        2364/786432   ( 0.3%) 
nodes                  122/65536        3904/2097152  ( 0.2%) 
texinfos                30/12288        2160/884736   ( 0.2%) 
texdata                  7/2048          224/65536    ( 0.3%) 
dispinfos                0/0               0/0        ( 0.0%) 
disp_verts               0/0               0/0        ( 0.0%) 
disp_tris                0/0               0/0        ( 0.0%) 
disp_lmsamples           0/0               0/0        ( 0.0%) 
faces                   91/65536        5096/3670016  ( 0.1%) 
hdr faces               91/65536        5096/3670016  ( 0.1%) 
origfaces               53/65536        2968/3670016  ( 0.1%) 
leaves                 126/65536        4032/2097152  ( 0.2%) 
leaffaces               94/65536         188/131072   ( 0.1%) 
leafbrushes             71/65536         142/131072   ( 0.1%) 
areas                    2/1024           16/8192     ( 0.2%) 
surfedges              606/512000       2424/2048000  ( 0.1%) 
edges                  347/256000       1388/1024000  ( 0.1%) 
LDR worldlights        215/16384       18920/1441792  ( 1.3%) 
HDR worldlights        215/16384       18920/1441792  ( 1.3%) 
leafwaterdata            0/32768           0/393216   ( 0.0%) 
waterstrips              3/131072         30/1310720  ( 0.0%) 
waterverts               0/131072          0/1572864  ( 0.0%) 
waterindices            42/131072         84/262144   ( 0.0%) 
cubemapsamples           0/1024            0/16384    ( 0.0%) 
overlays                 0/1024            0/360448   ( 0.0%) 
LDR lightdata         [variable]       14192/0        ( 0.0%) 
HDR lightdata         [variable]       14192/0        ( 0.0%) 
visdata               [variable]         904/16777216 ( 0.0%) 
entdata               [variable]        3548/393216   ( 0.9%) 
LDR ambient table      126/65536         504/262144   ( 0.2%) 
HDR ambient table      126/65536         504/262144   ( 0.2%) 
LDR leaf ambient       337/65536        9436/1835008  ( 0.5%) 
HDR leaf ambient       337/65536        9436/1835008  ( 0.5%) 
occluders                0/0               0/0        ( 0.0%) 
occluder polygons        0/0               0/0        ( 0.0%) 
occluder vert ind        0/0               0/0        ( 0.0%) 
detail props          [variable]           1/12       ( 8.3%) 
static props          [variable]           1/2736     ( 0.0%) 
pakfile               [variable]      440790/0        ( 0.0%) 
physics               [variable]        8601/4194304  ( 0.2%) 
physics terrain       [variable]           2/1048576  ( 0.0%) 

Level flags = 3

Total triangle count: 212
Writing c:\program files (x86)\steam\steamapps\sourcemods\who\maps\map_2.bsp
3 seconds elapsed



materialPath: C:\Program Files (x86)\Steam\steamapps\sourcemods\who\materials
Loading c:\program files (x86)\steam\steamapps\sourcemods\who\maps\map_2.vmf
ConVarRef mat_reduceparticles doesn't point to an existing ConVar
fixing up env_cubemap materials on brush sides...
0...1...2...3...4...5...6...7...8...9...100...1...2...3...4...5...6...7...8...9...10Processing areas...done (0)
Building Faces...done (0)
Chop Details...done (0)
Find Visible Detail Sides...done (0)
Merging details...done (0)
FixTjuncs...
PruneNodes...
WriteBSP...
done (0)
writing c:\program files (x86)\steam\steamapps\sourcemods\who\maps\map_2.prt...Building visibility clusters...
done (0)
Finding displacement neighbors...
Finding lightmap sample positions...
Displacement Alpha : 0...1...2...3...4...5...6...7...8...9...10
Building Physics collision data...
done (0) (10212 bytes)
Placing static props...
Bad geometry on "models/chessandpieces/pawn_white.mdl"!
Placing detail props : 0...1...2...3...4...5...6...7...8...9...10
Compacting texture/material tables...
Reduced 60 texinfos to 40
Reduced 7 texdatas to 6 (134 bytes to 112)
Writing c:\program files (x86)\steam\steamapps\sourcemods\who\maps\map_2.bsp
0 seconds elapsed



8 threads
reading c:\program files (x86)\steam\steamapps\sourcemods\who\maps\map_2.bsp
reading c:\program files (x86)\steam\steamapps\sourcemods\who\maps\map_2.prt
  52 portalclusters
 120 numportals
0...1...2...3...4...5...6...7...8...9...100...1...2...3...4...5...6...7...8...9...10Optimized: 0 visible clusters (0.00%)
Total clusters visible: 1650
Average clusters visible: 31
Building PAS...
Average clusters audible: 46
visdatasize:1154  compressed from 832
writing c:\program files (x86)\steam\steamapps\sourcemods\who\maps\map_2.bsp
0 seconds elapsed



[Reading texlights from 'lights.rad']
[48 texlights parsed from 'lights.rad']

Loading c:\program files (x86)\steam\steamapps\sourcemods\who\maps\map_2.bsp
125 faces
18901 square feet [2721754.00 square inches]
0 Displacements
0 Square Feet [0.00 Square Inches]
125 patches before subdivision
1187 patches after subdivision
507 direct lights
0...1...2...3...4...5...6...7...8...9...100...1...2...3...4...5...6...7...8...9...10transfers 6963, max 79
transfer lists:   0.1 megs
0...1...2...3...4...5...6...7...8...9...10	Bounce #1 added RGB(24, 11, 3)
0...1...2...3...4...5...6...7...8...9...10	Bounce #2 added RGB(16, 7, 2)
0...1...2...3...4...5...6...7...8...9...10	Bounce #3 added RGB(0, 0, 0)
Build Patch/Sample Hash Table(s).....Done<0.0001 sec>
0...1...2...3...4...5...6...7...8...9...10FinalLightFace Done
3 of 502 (0% of) surface lights went in leaf ambient cubes.
0...1...2...3...4...5...6...7...8...9...10Writing leaf ambient...done
Computing static prop lighting : 00...1...2...3...4...5...6...7...8...9...10
Ready to Finish

Object names       Objects/Maxobjs  Memory / Maxmem  Fullness 
------------       ---------------  ---------------  -------- 
models                   2/4096           96/196608   ( 0.0%) 
brushes                 27/32768         324/393216   ( 0.1%) 
brushsides             162/65536        1296/524288   ( 0.2%) 
planes                 130/65536        2600/1310720  ( 0.2%) 
vertexes               232/65536        2784/786432   ( 0.4%) 
nodes                  135/65536        4320/2097152  ( 0.2%) 
texinfos                40/12288        2880/884736   ( 0.3%) 
texdata                  6/2048          192/65536    ( 0.3%) 
dispinfos                0/0               0/0        ( 0.0%) 
disp_verts               0/0               0/0        ( 0.0%) 
disp_tris                0/0               0/0        ( 0.0%) 
disp_lmsamples           0/0               0/0        ( 0.0%) 
faces                  125/65536        7000/3670016  ( 0.2%) 
hdr faces                0/65536           0/3670016  ( 0.0%) 
origfaces               77/65536        4312/3670016  ( 0.1%) 
leaves                 138/65536        4416/2097152  ( 0.2%) 
leaffaces              130/65536         260/131072   ( 0.2%) 
leafbrushes             90/65536         180/131072   ( 0.1%) 
areas                    2/1024           16/8192     ( 0.2%) 
surfedges              864/512000       3456/2048000  ( 0.2%) 
edges                  467/256000       1868/1024000  ( 0.2%) 
LDR worldlights        507/16384       44616/1441792  ( 3.1%) 
HDR worldlights          0/16384           0/1441792  ( 0.0%) 
leafwaterdata            0/32768           0/393216   ( 0.0%) 
waterstrips              8/131072         80/1310720  ( 0.0%) 
waterverts               0/131072          0/1572864  ( 0.0%) 
waterindices           108/131072        216/262144   ( 0.1%) 
cubemapsamples           0/1024            0/16384    ( 0.0%) 
overlays                 0/1024            0/360448   ( 0.0%) 
LDR lightdata         [variable]       13352/0        ( 0.0%) 
HDR lightdata         [variable]           0/0        ( 0.0%) 
visdata               [variable]        1154/16777216 ( 0.0%) 
entdata               [variable]        3072/393216   ( 0.8%) 
LDR ambient table      138/65536         552/262144   ( 0.2%) 
HDR ambient table      138/65536         552/262144   ( 0.2%) 
LDR leaf ambient       646/65536       18088/1835008  ( 1.0%) 
HDR leaf ambient       138/65536        3864/1835008  ( 0.2%) 
occluders                0/0               0/0        ( 0.0%) 
occluder polygons        0/0               0/0        ( 0.0%) 
occluder vert ind        0/0               0/0        ( 0.0%) 
detail props          [variable]           1/12       ( 8.3%) 
static props          [variable]           1/3858     ( 0.0%) 
pakfile               [variable]      432380/0        ( 0.0%) 
physics               [variable]       10212/4194304  ( 0.2%) 
physics terrain       [variable]           2/1048576  ( 0.0%) 

Level flags = 1

Total triangle count: 306
Writing c:\program files (x86)\steam\steamapps\sourcemods\who\maps\map_2.bsp
7 seconds elapsed



[Reading texlights from 'lights.rad']
[48 texlights parsed from 'lights.rad']

Loading c:\program files (x86)\steam\steamapps\sourcemods\who\maps\map_2.bsp
125 faces
18901 square feet [2721754.00 square inches]
0 Displacements
0 Square Feet [0.00 Square Inches]
125 patches before subdivision
1187 patches after subdivision
507 direct lights
0...1...2...3...4...5...6...7...8...9...100...1...2...3...4...5...6...7...8...9...10transfers 6963, max 79
transfer lists:   0.1 megs
0...1...2...3...4...5...6...7...8...9...10	Bounce #1 added RGB(24, 11, 3)
0...1...2...3...4...5...6...7...8...9...10	Bounce #2 added RGB(16, 7, 2)
0...1...2...3...4...5...6...7...8...9...10	Bounce #3 added RGB(0, 0, 0)
Build Patch/Sample Hash Table(s).....Done<0.0001 sec>
0...1...2...3...4...5...6...7...8...9...10FinalLightFace Done
3 of 502 (0% of) surface lights went in leaf ambient cubes.
0...1...2...3...4...5...6...7...8...9...10Writing leaf ambient...done
Computing static prop lighting : 00...1...2...3...4...5...6...7...8...9...10
Ready to Finish

Object names       Objects/Maxobjs  Memory / Maxmem  Fullness 
------------       ---------------  ---------------  -------- 
models                   2/4096           96/196608   ( 0.0%) 
brushes                 27/32768         324/393216   ( 0.1%) 
brushsides             162/65536        1296/524288   ( 0.2%) 
planes                 130/65536        2600/1310720  ( 0.2%) 
vertexes               232/65536        2784/786432   ( 0.4%) 
nodes                  135/65536        4320/2097152  ( 0.2%) 
texinfos                40/12288        2880/884736   ( 0.3%) 
texdata                  6/2048          192/65536    ( 0.3%) 
dispinfos                0/0               0/0        ( 0.0%) 
disp_verts               0/0               0/0        ( 0.0%) 
disp_tris                0/0               0/0        ( 0.0%) 
disp_lmsamples           0/0               0/0        ( 0.0%) 
faces                  125/65536        7000/3670016  ( 0.2%) 
hdr faces              125/65536        7000/3670016  ( 0.2%) 
origfaces               77/65536        4312/3670016  ( 0.1%) 
leaves                 138/65536        4416/2097152  ( 0.2%) 
leaffaces              130/65536         260/131072   ( 0.2%) 
leafbrushes             90/65536         180/131072   ( 0.1%) 
areas                    2/1024           16/8192     ( 0.2%) 
surfedges              864/512000       3456/2048000  ( 0.2%) 
edges                  467/256000       1868/1024000  ( 0.2%) 
LDR worldlights        507/16384       44616/1441792  ( 3.1%) 
HDR worldlights        507/16384       44616/1441792  ( 3.1%) 
leafwaterdata            0/32768           0/393216   ( 0.0%) 
waterstrips              8/131072         80/1310720  ( 0.0%) 
waterverts               0/131072          0/1572864  ( 0.0%) 
waterindices           108/131072        216/262144   ( 0.1%) 
cubemapsamples           0/1024            0/16384    ( 0.0%) 
overlays                 0/1024            0/360448   ( 0.0%) 
LDR lightdata         [variable]       13352/0        ( 0.0%) 
HDR lightdata         [variable]       13352/0        ( 0.0%) 
visdata               [variable]        1154/16777216 ( 0.0%) 
entdata               [variable]        3072/393216   ( 0.8%) 
LDR ambient table      138/65536         552/262144   ( 0.2%) 
HDR ambient table      138/65536         552/262144   ( 0.2%) 
LDR leaf ambient       646/65536       18088/1835008  ( 1.0%) 
HDR leaf ambient       646/65536       18088/1835008  ( 1.0%) 
occluders                0/0               0/0        ( 0.0%) 
occluder polygons        0/0               0/0        ( 0.0%) 
occluder vert ind        0/0               0/0        ( 0.0%) 
detail props          [variable]           1/12       ( 8.3%) 
static props          [variable]           1/3858     ( 0.0%) 
pakfile               [variable]      864986/0        ( 0.0%) 
physics               [variable]       10212/4194304  ( 0.2%) 
physics terrain       [variable]           2/1048576  ( 0.0%) 

Level flags = 3

Total triangle count: 306
Writing c:\program files (x86)\steam\steamapps\sourcemods\who\maps\map_2.bsp
7 seconds elapsed



materialPath: C:\Program Files (x86)\Steam\steamapps\sourcemods\who\materials
Loading c:\program files (x86)\steam\steamapps\sourcemods\who\maps\map_2.vmf
ConVarRef mat_reduceparticles doesn't point to an existing ConVar
fixing up env_cubemap materials on brush sides...
0...1...2...3...4...5...6...7...8...9...100...1...2...3...4...5...6...7...8...9...10Processing areas...done (0)
Building Faces...done (0)
Chop Details...done (0)
Find Visible Detail Sides...done (0)
Merging details...done (0)
FixTjuncs...
PruneNodes...
WriteBSP...
done (0)
writing c:\program files (x86)\steam\steamapps\sourcemods\who\maps\map_2.prt...Building visibility clusters...
done (0)
Finding displacement neighbors...
Finding lightmap sample positions...
Displacement Alpha : 0...1...2...3...4...5...6...7...8...9...10
Building Physics collision data...
done (0) (10212 bytes)
Placing static props...
Bad geometry on "models/chessandpieces/pawn_white.mdl"!
Placing detail props : 0...1...2...3...4...5...6...7...8...9...10
Compacting texture/material tables...
Reduced 58 texinfos to 38
Reduced 7 texdatas to 6 (134 bytes to 112)
Writing c:\program files (x86)\steam\steamapps\sourcemods\who\maps\map_2.bsp
0 seconds elapsed



8 threads
reading c:\program files (x86)\steam\steamapps\sourcemods\who\maps\map_2.bsp
reading c:\program files (x86)\steam\steamapps\sourcemods\who\maps\map_2.prt
  52 portalclusters
 120 numportals
0...1...2...3...4...5...6...7...8...9...100...1...2...3...4...5...6...7...8...9...10Optimized: 0 visible clusters (0.00%)
Total clusters visible: 1650
Average clusters visible: 31
Building PAS...
Average clusters audible: 46
visdatasize:1154  compressed from 832
writing c:\program files (x86)\steam\steamapps\sourcemods\who\maps\map_2.bsp
0 seconds elapsed



[Reading texlights from 'lights.rad']
[48 texlights parsed from 'lights.rad']

Loading c:\program files (x86)\steam\steamapps\sourcemods\who\maps\map_2.bsp
125 faces
18901 square feet [2721754.00 square inches]
0 Displacements
0 Square Feet [0.00 Square Inches]
125 patches before subdivision
1003 patches after subdivision
411 direct lights
0...1...2...3...4...5...6...7...8...9...100...1...2...3...4...5...6...7...8...9...10transfers 2111, max 47
transfer lists:   0.0 megs
0...1...2...3...4...5...6...7...8...9...10	Bounce #1 added RGB(24, 11, 3)
0...1...2...3...4...5...6...7...8...9...10	Bounce #2 added RGB(16, 7, 2)
0...1...2...3...4...5...6...7...8...9...10	Bounce #3 added RGB(0, 0, 0)
Build Patch/Sample Hash Table(s).....Done<0.0001 sec>
0...1...2...3...4...5...6...7...8...9...10FinalLightFace Done
3 of 406 (0% of) surface lights went in leaf ambient cubes.
0...1...2...3...4...5...6...7...8...9...10Writing leaf ambient...done
Computing static prop lighting : 00...1...2...3...4...5...6...7...8...9...10
Ready to Finish

Object names       Objects/Maxobjs  Memory / Maxmem  Fullness 
------------       ---------------  ---------------  -------- 
models                   2/4096           96/196608   ( 0.0%) 
brushes                 27/32768         324/393216   ( 0.1%) 
brushsides             162/65536        1296/524288   ( 0.2%) 
planes                 130/65536        2600/1310720  ( 0.2%) 
vertexes               232/65536        2784/786432   ( 0.4%) 
nodes                  135/65536        4320/2097152  ( 0.2%) 
texinfos                38/12288        2736/884736   ( 0.3%) 
texdata                  6/2048          192/65536    ( 0.3%) 
dispinfos                0/0               0/0        ( 0.0%) 
disp_verts               0/0               0/0        ( 0.0%) 
disp_tris                0/0               0/0        ( 0.0%) 
disp_lmsamples           0/0               0/0        ( 0.0%) 
faces                  125/65536        7000/3670016  ( 0.2%) 
hdr faces                0/65536           0/3670016  ( 0.0%) 
origfaces               77/65536        4312/3670016  ( 0.1%) 
leaves                 138/65536        4416/2097152  ( 0.2%) 
leaffaces              130/65536         260/131072   ( 0.2%) 
leafbrushes             90/65536         180/131072   ( 0.1%) 
areas                    2/1024           16/8192     ( 0.2%) 
surfedges              864/512000       3456/2048000  ( 0.2%) 
edges                  467/256000       1868/1024000  ( 0.2%) 
LDR worldlights        411/16384       36168/1441792  ( 2.5%) 
HDR worldlights          0/16384           0/1441792  ( 0.0%) 
leafwaterdata            0/32768           0/393216   ( 0.0%) 
waterstrips              8/131072         80/1310720  ( 0.0%) 
waterverts               0/131072          0/1572864  ( 0.0%) 
waterindices           108/131072        216/262144   ( 0.1%) 
cubemapsamples           0/1024            0/16384    ( 0.0%) 
overlays                 0/1024            0/360448   ( 0.0%) 
LDR lightdata         [variable]       13352/0        ( 0.0%) 
HDR lightdata         [variable]           0/0        ( 0.0%) 
visdata               [variable]        1154/16777216 ( 0.0%) 
entdata               [variable]        3072/393216   ( 0.8%) 
LDR ambient table      138/65536         552/262144   ( 0.2%) 
HDR ambient table      138/65536         552/262144   ( 0.2%) 
LDR leaf ambient       646/65536       18088/1835008  ( 1.0%) 
HDR leaf ambient       138/65536        3864/1835008  ( 0.2%) 
occluders                0/0               0/0        ( 0.0%) 
occluder polygons        0/0               0/0        ( 0.0%) 
occluder vert ind        0/0               0/0        ( 0.0%) 
detail props          [variable]           1/12       ( 8.3%) 
static props          [variable]           1/3858     ( 0.0%) 
pakfile               [variable]      432380/0        ( 0.0%) 
physics               [variable]       10212/4194304  ( 0.2%) 
physics terrain       [variable]           2/1048576  ( 0.0%) 

Level flags = 1

Total triangle count: 306
Writing c:\program files (x86)\steam\steamapps\sourcemods\who\maps\map_2.bsp
6 seconds elapsed



[Reading texlights from 'lights.rad']
[48 texlights parsed from 'lights.rad']

Loading c:\program files (x86)\steam\steamapps\sourcemods\who\maps\map_2.bsp
125 faces
18901 square feet [2721754.00 square inches]
0 Displacements
0 Square Feet [0.00 Square Inches]
125 patches before subdivision
1003 patches after subdivision
411 direct lights
0...1...2...3...4...5...6...7...8...9...100...1...2...3...4...5...6...7...8...9...10transfers 2111, max 47
transfer lists:   0.0 megs
0...1...2...3...4...5...6...7...8...9...10	Bounce #1 added RGB(24, 11, 3)
0...1...2...3...4...5...6...7...8...9...10	Bounce #2 added RGB(16, 7, 2)
0...1...2...3...4...5...6...7...8...9...10	Bounce #3 added RGB(0, 0, 0)
Build Patch/Sample Hash Table(s).....Done<0.0001 sec>
0...1...2...3...4...5...6...7...8...9...10FinalLightFace Done
3 of 406 (0% of) surface lights went in leaf ambient cubes.
0...1...2...3...4...5...6...7...8...9...10Writing leaf ambient...done
Computing static prop lighting : 00...1...2...3...4...5...6...7...8...9...10
Ready to Finish

Object names       Objects/Maxobjs  Memory / Maxmem  Fullness 
------------       ---------------  ---------------  -------- 
models                   2/4096           96/196608   ( 0.0%) 
brushes                 27/32768         324/393216   ( 0.1%) 
brushsides             162/65536        1296/524288   ( 0.2%) 
planes                 130/65536        2600/1310720  ( 0.2%) 
vertexes               232/65536        2784/786432   ( 0.4%) 
nodes                  135/65536        4320/2097152  ( 0.2%) 
texinfos                38/12288        2736/884736   ( 0.3%) 
texdata                  6/2048          192/65536    ( 0.3%) 
dispinfos                0/0               0/0        ( 0.0%) 
disp_verts               0/0               0/0        ( 0.0%) 
disp_tris                0/0               0/0        ( 0.0%) 
disp_lmsamples           0/0               0/0        ( 0.0%) 
faces                  125/65536        7000/3670016  ( 0.2%) 
hdr faces              125/65536        7000/3670016  ( 0.2%) 
origfaces               77/65536        4312/3670016  ( 0.1%) 
leaves                 138/65536        4416/2097152  ( 0.2%) 
leaffaces              130/65536         260/131072   ( 0.2%) 
leafbrushes             90/65536         180/131072   ( 0.1%) 
areas                    2/1024           16/8192     ( 0.2%) 
surfedges              864/512000       3456/2048000  ( 0.2%) 
edges                  467/256000       1868/1024000  ( 0.2%) 
LDR worldlights        411/16384       36168/1441792  ( 2.5%) 
HDR worldlights        411/16384       36168/1441792  ( 2.5%) 
leafwaterdata            0/32768           0/393216   ( 0.0%) 
waterstrips              8/131072         80/1310720  ( 0.0%) 
waterverts               0/131072          0/1572864  ( 0.0%) 
waterindices           108/131072        216/262144   ( 0.1%) 
cubemapsamples           0/1024            0/16384    ( 0.0%) 
overlays                 0/1024            0/360448   ( 0.0%) 
LDR lightdata         [variable]       13352/0        ( 0.0%) 
HDR lightdata         [variable]       13352/0        ( 0.0%) 
visdata               [variable]        1154/16777216 ( 0.0%) 
entdata               [variable]        3072/393216   ( 0.8%) 
LDR ambient table      138/65536         552/262144   ( 0.2%) 
HDR ambient table      138/65536         552/262144   ( 0.2%) 
LDR leaf ambient       646/65536       18088/1835008  ( 1.0%) 
HDR leaf ambient       646/65536       18088/1835008  ( 1.0%) 
occluders                0/0               0/0        ( 0.0%) 
occluder polygons        0/0               0/0        ( 0.0%) 
occluder vert ind        0/0               0/0        ( 0.0%) 
detail props          [variable]           1/12       ( 8.3%) 
static props          [variable]           1/3858     ( 0.0%) 
pakfile               [variable]      864986/0        ( 0.0%) 
physics               [variable]       10212/4194304  ( 0.2%) 
physics terrain       [variable]           2/1048576  ( 0.0%) 

Level flags = 3

Total triangle count: 306
Writing c:\program files (x86)\steam\steamapps\sourcemods\who\maps\map_2.bsp
6 seconds elapsed



materialPath: C:\Program Files (x86)\Steam\steamapps\sourcemods\who\materials
Loading c:\program files (x86)\steam\steamapps\sourcemods\who\maps\map_2.vmf
ConVarRef mat_reduceparticles doesn't point to an existing ConVar
fixing up env_cubemap materials on brush sides...
0...1...2...3...4...5...6...7...8...9...100...1...2...3...4...5...6...7...8...9...10Processing areas...done (0)
Building Faces...error: material WATERSOURCE/ICE_REFLECTIONS/FROZEN_WATER doesn't have a $bottommaterial
error: material WATERSOURCE/ICE_REFLECTIONS/FROZEN_WATER doesn't have a $bottommaterial
done (0)
FixTjuncs...
PruneNodes...
WriteBSP...
done (0)
writing c:\program files (x86)\steam\steamapps\sourcemods\who\maps\map_2.prt...Building visibility clusters...
done (0)
Finding displacement neighbors...
Finding lightmap sample positions...
Displacement Alpha : 0...1...2...3...4...5...6...7...8...9...10
Building Physics collision data...
done (0) (10355 bytes)
Placing static props...
Bad geometry on "models/chessandpieces/pawn_white.mdl"!
Placing detail props : 0...1...2...3...4...5...6...7...8...9...10
Compacting texture/material tables...
Reduced 62 texinfos to 39
Reduced 9 texdatas to 7 (259 bytes to 174)
Writing c:\program files (x86)\steam\steamapps\sourcemods\who\maps\map_2.bsp
0 seconds elapsed



8 threads
reading c:\program files (x86)\steam\steamapps\sourcemods\who\maps\map_2.bsp
reading c:\program files (x86)\steam\steamapps\sourcemods\who\maps\map_2.prt
  67 portalclusters
 154 numportals
0...1...2...3...4...5...6...7...8...9...100...1...2...3...4...5...6...7...8...9...10Optimized: 4 visible clusters (0.00%)
Total clusters visible: 2417
Average clusters visible: 36
Building PAS...
Average clusters audible: 60
visdatasize:1769  compressed from 2144
writing c:\program files (x86)\steam\steamapps\sourcemods\who\maps\map_2.bsp
0 seconds elapsed



[Reading texlights from 'lights.rad']
[48 texlights parsed from 'lights.rad']

Loading c:\program files (x86)\steam\steamapps\sourcemods\who\maps\map_2.bsp
151 faces
19669 square feet [2832346.00 square inches]
0 Displacements
0 Square Feet [0.00 Square Inches]
151 patches before subdivision
1069 patches after subdivision
441 direct lights
0...1...2...3...4...5...6...7...8...9...100...1...2...3...4...5...6...7...8...9...10transfers 2992, max 47
transfer lists:   0.0 megs
0...1...2...3...4...5...6...7...8...9...10	Bounce #1 added RGB(27, 12, 3)
0...1...2...3...4...5...6...7...8...9...10	Bounce #2 added RGB(16, 7, 2)
0...1...2...3...4...5...6...7...8...9...10	Bounce #3 added RGB(0, 0, 0)
Build Patch/Sample Hash Table(s).....Done<0.0075 sec>
0...1...2...3...4...5...6...7...8...9...10FinalLightFace Done
33 of 436 (7% of) surface lights went in leaf ambient cubes.
0...1...2...3...4...5...6...7...8...9...10Writing leaf ambient...done
Computing static prop lighting : 00...1...2...3...4...5...6...7...8...9...10
Ready to Finish

Object names       Objects/Maxobjs  Memory / Maxmem  Fullness 
------------       ---------------  ---------------  -------- 
models                   2/4096           96/196608   ( 0.0%) 
brushes                 27/32768         324/393216   ( 0.1%) 
brushsides             162/65536        1296/524288   ( 0.2%) 
planes                 132/65536        2640/1310720  ( 0.2%) 
vertexes               268/65536        3216/786432   ( 0.4%) 
nodes                  163/65536        5216/2097152  ( 0.2%) 
texinfos                39/12288        2808/884736   ( 0.3%) 
texdata                  7/2048          224/65536    ( 0.3%) 
dispinfos                0/0               0/0        ( 0.0%) 
disp_verts               0/0               0/0        ( 0.0%) 
disp_tris                0/0               0/0        ( 0.0%) 
disp_lmsamples           0/0               0/0        ( 0.0%) 
faces                  151/65536        8456/3670016  ( 0.2%) 
hdr faces                0/65536           0/3670016  ( 0.0%) 
origfaces               81/65536        4536/3670016  ( 0.1%) 
leaves                 166/65536        5312/2097152  ( 0.3%) 
leaffaces              156/65536         312/131072   ( 0.2%) 
leafbrushes            105/65536         210/131072   ( 0.2%) 
areas                    2/1024           16/8192     ( 0.2%) 
surfedges              984/512000       3936/2048000  ( 0.2%) 
edges                  550/256000       2200/1024000  ( 0.2%) 
LDR worldlights        441/16384       38808/1441792  ( 2.7%) 
HDR worldlights          0/16384           0/1441792  ( 0.0%) 
leafwaterdata            1/32768          12/393216   ( 0.0%) 
waterstrips              7/131072         70/1310720  ( 0.0%) 
waterverts               0/131072          0/1572864  ( 0.0%) 
waterindices            96/131072        192/262144   ( 0.1%) 
cubemapsamples           1/1024           16/16384    ( 0.1%) 
overlays                 0/1024            0/360448   ( 0.0%) 
LDR lightdata         [variable]       13352/0        ( 0.0%) 
HDR lightdata         [variable]           0/0        ( 0.0%) 
visdata               [variable]        1769/16777216 ( 0.0%) 
entdata               [variable]        3236/393216   ( 0.8%) 
LDR ambient table      166/65536         664/262144   ( 0.3%) 
HDR ambient table      166/65536         664/262144   ( 0.3%) 
LDR leaf ambient       829/65536       23212/1835008  ( 1.3%) 
HDR leaf ambient       166/65536        4648/1835008  ( 0.3%) 
occluders                0/0               0/0        ( 0.0%) 
occluder polygons        0/0               0/0        ( 0.0%) 
occluder vert ind        0/0               0/0        ( 0.0%) 
detail props          [variable]           1/12       ( 8.3%) 
static props          [variable]           1/3862     ( 0.0%) 
pakfile               [variable]      433048/0        ( 0.0%) 
physics               [variable]       10355/4194304  ( 0.2%) 
physics terrain       [variable]           2/1048576  ( 0.0%) 

Level flags = 1

Total triangle count: 358
Writing c:\program files (x86)\steam\steamapps\sourcemods\who\maps\map_2.bsp
6 seconds elapsed



[Reading texlights from 'lights.rad']
[48 texlights parsed from 'lights.rad']

Loading c:\program files (x86)\steam\steamapps\sourcemods\who\maps\map_2.bsp
151 faces
19669 square feet [2832346.00 square inches]
0 Displacements
0 Square Feet [0.00 Square Inches]
151 patches before subdivision
1069 patches after subdivision
441 direct lights
0...1...2...3...4...5...6...7...8...9...100...1...2...3...4...5...6...7...8...9...10transfers 2992, max 47
transfer lists:   0.0 megs
0...1...2...3...4...5...6...7...8...9...10	Bounce #1 added RGB(27, 12, 3)
0...1...2...3...4...5...6...7...8...9...10	Bounce #2 added RGB(16, 7, 2)
0...1...2...3...4...5...6...7...8...9...10	Bounce #3 added RGB(0, 0, 0)
Build Patch/Sample Hash Table(s).....Done<0.0001 sec>
0...1...2...3...4...5...6...7...8...9...10FinalLightFace Done
33 of 436 (7% of) surface lights went in leaf ambient cubes.
0...1...2...3...4...5...6...7...8...9...10Writing leaf ambient...done
Computing static prop lighting : 00...1...2...3...4...5...6...7...8...9...10
Ready to Finish

Object names       Objects/Maxobjs  Memory / Maxmem  Fullness 
------------       ---------------  ---------------  -------- 
models                   2/4096           96/196608   ( 0.0%) 
brushes                 27/32768         324/393216   ( 0.1%) 
brushsides             162/65536        1296/524288   ( 0.2%) 
planes                 132/65536        2640/1310720  ( 0.2%) 
vertexes               268/65536        3216/786432   ( 0.4%) 
nodes                  163/65536        5216/2097152  ( 0.2%) 
texinfos                39/12288        2808/884736   ( 0.3%) 
texdata                  7/2048          224/65536    ( 0.3%) 
dispinfos                0/0               0/0        ( 0.0%) 
disp_verts               0/0               0/0        ( 0.0%) 
disp_tris                0/0               0/0        ( 0.0%) 
disp_lmsamples           0/0               0/0        ( 0.0%) 
faces                  151/65536        8456/3670016  ( 0.2%) 
hdr faces              151/65536        8456/3670016  ( 0.2%) 
origfaces               81/65536        4536/3670016  ( 0.1%) 
leaves                 166/65536        5312/2097152  ( 0.3%) 
leaffaces              156/65536         312/131072   ( 0.2%) 
leafbrushes            105/65536         210/131072   ( 0.2%) 
areas                    2/1024           16/8192     ( 0.2%) 
surfedges              984/512000       3936/2048000  ( 0.2%) 
edges                  550/256000       2200/1024000  ( 0.2%) 
LDR worldlights        441/16384       38808/1441792  ( 2.7%) 
HDR worldlights        441/16384       38808/1441792  ( 2.7%) 
leafwaterdata            1/32768          12/393216   ( 0.0%) 
waterstrips              7/131072         70/1310720  ( 0.0%) 
waterverts               0/131072          0/1572864  ( 0.0%) 
waterindices            96/131072        192/262144   ( 0.1%) 
cubemapsamples           1/1024           16/16384    ( 0.1%) 
overlays                 0/1024            0/360448   ( 0.0%) 
LDR lightdata         [variable]       13352/0        ( 0.0%) 
HDR lightdata         [variable]       13352/0        ( 0.0%) 
visdata               [variable]        1769/16777216 ( 0.0%) 
entdata               [variable]        3236/393216   ( 0.8%) 
LDR ambient table      166/65536         664/262144   ( 0.3%) 
HDR ambient table      166/65536         664/262144   ( 0.3%) 
LDR leaf ambient       829/65536       23212/1835008  ( 1.3%) 
HDR leaf ambient       829/65536       23212/1835008  ( 1.3%) 
occluders                0/0               0/0        ( 0.0%) 
occluder polygons        0/0               0/0        ( 0.0%) 
occluder vert ind        0/0               0/0        ( 0.0%) 
detail props          [variable]           1/12       ( 8.3%) 
static props          [variable]           1/3862     ( 0.0%) 
pakfile               [variable]      865654/0        ( 0.0%) 
physics               [variable]       10355/4194304  ( 0.2%) 
physics terrain       [variable]           2/1048576  ( 0.0%) 

Level flags = 3

Total triangle count: 358
Writing c:\program files (x86)\steam\steamapps\sourcemods\who\maps\map_2.bsp
6 seconds elapsed



materialPath: C:\Program Files (x86)\Steam\steamapps\sourcemods\who\materials
Loading c:\program files (x86)\steam\steamapps\sourcemods\who\maps\map_2.vmf
ConVarRef mat_reduceparticles doesn't point to an existing ConVar
fixing up env_cubemap materials on brush sides...
0...1...2...3...4...5...6...7...8...9...100...1...2...3...4...5...6...7...8...9...10Processing areas...done (0)
Building Faces...done (0)
FixTjuncs...
PruneNodes...
WriteBSP...
done (0)
writing c:\program files (x86)\steam\steamapps\sourcemods\who\maps\map_2.prt...Building visibility clusters...
done (0)
Finding displacement neighbors...
Finding lightmap sample positions...
Displacement Alpha : 0...1...2...3...4...5...6...7...8...9...10
Building Physics collision data...
done (0) (10441 bytes)
Placing static props...
Bad geometry on "models/chessandpieces/pawn_white.mdl"!
Placing detail props : 0...1...2...3...4...5...6...7...8...9...10
Compacting texture/material tables...
Reduced 62 texinfos to 40
Reduced 9 texdatas to 7 (241 bytes to 185)
Writing c:\program files (x86)\steam\steamapps\sourcemods\who\maps\map_2.bsp
0 seconds elapsed



8 threads
reading c:\program files (x86)\steam\steamapps\sourcemods\who\maps\map_2.bsp
reading c:\program files (x86)\steam\steamapps\sourcemods\who\maps\map_2.prt
  66 portalclusters
 144 numportals
0...1...2...3...4...5...6...7...8...9...100...1...2...3...4...5...6...7...8...9...10Optimized: 2 visible clusters (0.00%)
Total clusters visible: 2338
Average clusters visible: 35
Building PAS...
Average clusters audible: 56
visdatasize:1753  compressed from 2112
writing c:\program files (x86)\steam\steamapps\sourcemods\who\maps\map_2.bsp
0 seconds elapsed



[Reading texlights from 'lights.rad']
[48 texlights parsed from 'lights.rad']

Loading c:\program files (x86)\steam\steamapps\sourcemods\who\maps\map_2.bsp
147 faces
21201 square feet [3053034.00 square inches]
0 Displacements
0 Square Feet [0.00 Square Inches]
147 patches before subdivision
1025 patches after subdivision
413 direct lights
0...1...2...3...4...5...6...7...8...9...100...1...2...3...4...5...6...7...8...9...10transfers 2697, max 47
transfer lists:   0.0 megs
0...1...2...3...4...5...6...7...8...9...10	Bounce #1 added RGB(24, 11, 3)
0...1...2...3...4...5...6...7...8...9...10	Bounce #2 added RGB(16, 7, 2)
0...1...2...3...4...5...6...7...8...9...10	Bounce #3 added RGB(0, 0, 0)
Build Patch/Sample Hash Table(s).....Done<0.0000 sec>
0...1...2...3...4...5...6...7...8...9...10FinalLightFace Done
5 of 408 (1% of) surface lights went in leaf ambient cubes.
0...1...2...3...4...5...6...7...8...9...10Writing leaf ambient...done
Computing static prop lighting : 00...1...2...3...4...5...6...7...8...9...10
Ready to Finish

Object names       Objects/Maxobjs  Memory / Maxmem  Fullness 
------------       ---------------  ---------------  -------- 
models                   2/4096           96/196608   ( 0.0%) 
brushes                 28/32768         336/393216   ( 0.1%) 
brushsides             168/65536        1344/524288   ( 0.3%) 
planes                 132/65536        2640/1310720  ( 0.2%) 
vertexes               263/65536        3156/786432   ( 0.4%) 
nodes                  160/65536        5120/2097152  ( 0.2%) 
texinfos                40/12288        2880/884736   ( 0.3%) 
texdata                  7/2048          224/65536    ( 0.3%) 
dispinfos                0/0               0/0        ( 0.0%) 
disp_verts               0/0               0/0        ( 0.0%) 
disp_tris                0/0               0/0        ( 0.0%) 
disp_lmsamples           0/0               0/0        ( 0.0%) 
faces                  147/65536        8232/3670016  ( 0.2%) 
hdr faces                0/65536           0/3670016  ( 0.0%) 
origfaces               83/65536        4648/3670016  ( 0.1%) 
leaves                 163/65536        5216/2097152  ( 0.2%) 
leaffaces              153/65536         306/131072   ( 0.2%) 
leafbrushes             97/65536         194/131072   ( 0.1%) 
areas                    2/1024           16/8192     ( 0.2%) 
surfedges              996/512000       3984/2048000  ( 0.2%) 
edges                  568/256000       2272/1024000  ( 0.2%) 
LDR worldlights        413/16384       36344/1441792  ( 2.5%) 
HDR worldlights          0/16384           0/1441792  ( 0.0%) 
leafwaterdata            0/32768           0/393216   ( 0.0%) 
waterstrips              8/131072         80/1310720  ( 0.0%) 
waterverts               0/131072          0/1572864  ( 0.0%) 
waterindices           111/131072        222/262144   ( 0.1%) 
cubemapsamples           1/1024           16/16384    ( 0.1%) 
overlays                 0/1024            0/360448   ( 0.0%) 
LDR lightdata         [variable]       13352/0        ( 0.0%) 
HDR lightdata         [variable]           0/0        ( 0.0%) 
visdata               [variable]        1753/16777216 ( 0.0%) 
entdata               [variable]        3236/393216   ( 0.8%) 
LDR ambient table      163/65536         652/262144   ( 0.2%) 
HDR ambient table      163/65536         652/262144   ( 0.2%) 
LDR leaf ambient       740/65536       20720/1835008  ( 1.1%) 
HDR leaf ambient       163/65536        4564/1835008  ( 0.2%) 
occluders                0/0               0/0        ( 0.0%) 
occluder polygons        0/0               0/0        ( 0.0%) 
occluder vert ind        0/0               0/0        ( 0.0%) 
detail props          [variable]           1/12       ( 8.3%) 
static props          [variable]           1/3860     ( 0.0%) 
pakfile               [variable]      433038/0        ( 0.0%) 
physics               [variable]       10441/4194304  ( 0.2%) 
physics terrain       [variable]           2/1048576  ( 0.0%) 

Level flags = 1

Total triangle count: 370
Writing c:\program files (x86)\steam\steamapps\sourcemods\who\maps\map_2.bsp
5 seconds elapsed



[Reading texlights from 'lights.rad']
[48 texlights parsed from 'lights.rad']

Loading c:\program files (x86)\steam\steamapps\sourcemods\who\maps\map_2.bsp
147 faces
21201 square feet [3053034.00 square inches]
0 Displacements
0 Square Feet [0.00 Square Inches]
147 patches before subdivision
1025 patches after subdivision
413 direct lights
0...1...2...3...4...5...6...7...8...9...100...1...2...3...4...5...6...7...8...9...10transfers 2697, max 47
transfer lists:   0.0 megs
0...1...2...3...4...5...6...7...8...9...10	Bounce #1 added RGB(24, 11, 3)
0...1...2...3...4...5...6...7...8...9...10	Bounce #2 added RGB(16, 7, 2)
0...1...2...3...4...5...6...7...8...9...10	Bounce #3 added RGB(0, 0, 0)
Build Patch/Sample Hash Table(s).....Done<0.0001 sec>
0...1...2...3...4...5...6...7...8...9...10FinalLightFace Done
5 of 408 (1% of) surface lights went in leaf ambient cubes.
0...1...2...3...4...5...6...7...8...9...10Writing leaf ambient...done
Computing static prop lighting : 00...1...2...3...4...5...6...7...8...9...10
Ready to Finish

Object names       Objects/Maxobjs  Memory / Maxmem  Fullness 
------------       ---------------  ---------------  -------- 
models                   2/4096           96/196608   ( 0.0%) 
brushes                 28/32768         336/393216   ( 0.1%) 
brushsides             168/65536        1344/524288   ( 0.3%) 
planes                 132/65536        2640/1310720  ( 0.2%) 
vertexes               263/65536        3156/786432   ( 0.4%) 
nodes                  160/65536        5120/2097152  ( 0.2%) 
texinfos                40/12288        2880/884736   ( 0.3%) 
texdata                  7/2048          224/65536    ( 0.3%) 
dispinfos                0/0               0/0        ( 0.0%) 
disp_verts               0/0               0/0        ( 0.0%) 
disp_tris                0/0               0/0        ( 0.0%) 
disp_lmsamples           0/0               0/0        ( 0.0%) 
faces                  147/65536        8232/3670016  ( 0.2%) 
hdr faces              147/65536        8232/3670016  ( 0.2%) 
origfaces               83/65536        4648/3670016  ( 0.1%) 
leaves                 163/65536        5216/2097152  ( 0.2%) 
leaffaces              153/65536         306/131072   ( 0.2%) 
leafbrushes             97/65536         194/131072   ( 0.1%) 
areas                    2/1024           16/8192     ( 0.2%) 
surfedges              996/512000       3984/2048000  ( 0.2%) 
edges                  568/256000       2272/1024000  ( 0.2%) 
LDR worldlights        413/16384       36344/1441792  ( 2.5%) 
HDR worldlights        413/16384       36344/1441792  ( 2.5%) 
leafwaterdata            0/32768           0/393216   ( 0.0%) 
waterstrips              8/131072         80/1310720  ( 0.0%) 
waterverts               0/131072          0/1572864  ( 0.0%) 
waterindices           111/131072        222/262144   ( 0.1%) 
cubemapsamples           1/1024           16/16384    ( 0.1%) 
overlays                 0/1024            0/360448   ( 0.0%) 
LDR lightdata         [variable]       13352/0        ( 0.0%) 
HDR lightdata         [variable]       13352/0        ( 0.0%) 
visdata               [variable]        1753/16777216 ( 0.0%) 
entdata               [variable]        3236/393216   ( 0.8%) 
LDR ambient table      163/65536         652/262144   ( 0.2%) 
HDR ambient table      163/65536         652/262144   ( 0.2%) 
LDR leaf ambient       740/65536       20720/1835008  ( 1.1%) 
HDR leaf ambient       740/65536       20720/1835008  ( 1.1%) 
occluders                0/0               0/0        ( 0.0%) 
occluder polygons        0/0               0/0        ( 0.0%) 
occluder vert ind        0/0               0/0        ( 0.0%) 
detail props          [variable]           1/12       ( 8.3%) 
static props          [variable]           1/3860     ( 0.0%) 
pakfile               [variable]      865644/0        ( 0.0%) 
physics               [variable]       10441/4194304  ( 0.2%) 
physics terrain       [variable]           2/1048576  ( 0.0%) 

Level flags = 3

Total triangle count: 370
Writing c:\program files (x86)\steam\steamapps\sourcemods\who\maps\map_2.bsp
5 seconds elapsed



materialPath: C:\Program Files (x86)\Steam\steamapps\sourcemods\who\materials
Loading c:\program files (x86)\steam\steamapps\sourcemods\who\maps\map_2.vmf
ConVarRef mat_reduceparticles doesn't point to an existing ConVar
fixing up env_cubemap materials on brush sides...
0...1...2...3...4...5...6...7...8...9...100...1...2...3...4...5...6...7...8...9...10Processing areas...done (0)
Building Faces...done (0)
FixTjuncs...
PruneNodes...
WriteBSP...
done (0)
writing c:\program files (x86)\steam\steamapps\sourcemods\who\maps\map_2.prt...Building visibility clusters...
done (0)
Finding displacement neighbors...
Finding lightmap sample positions...
Displacement Alpha : 0...1...2...3...4...5...6...7...8...9...10
Building Physics collision data...
done (0) (10113 bytes)
Placing static props...
Bad geometry on "models/chessandpieces/pawn_white.mdl"!
Placing detail props : 0...1...2...3...4...5...6...7...8...9...10
Compacting texture/material tables...
Reduced 61 texinfos to 40
Reduced 8 texdatas to 7 (188 bytes to 163)
Writing c:\program files (x86)\steam\steamapps\sourcemods\who\maps\map_2.bsp
0 seconds elapsed



8 threads
reading c:\program files (x86)\steam\steamapps\sourcemods\who\maps\map_2.bsp
reading c:\program files (x86)\steam\steamapps\sourcemods\who\maps\map_2.prt
  56 portalclusters
 126 numportals
0...1...2...3...4...5...6...7...8...9...100...1...2...3...4...5...6...7...8...9...10Optimized: 2 visible clusters (0.00%)
Total clusters visible: 1758
Average clusters visible: 31
Building PAS...
Average clusters audible: 50
visdatasize:1236  compressed from 896
writing c:\program files (x86)\steam\steamapps\sourcemods\who\maps\map_2.bsp
0 seconds elapsed



[Reading texlights from 'lights.rad']
[48 texlights parsed from 'lights.rad']

Loading c:\program files (x86)\steam\steamapps\sourcemods\who\maps\map_2.bsp
140 faces
20440 square feet [2943482.00 square inches]
0 Displacements
0 Square Feet [0.00 Square Inches]
140 patches before subdivision
1280 patches after subdivision
411 direct lights
0...1...2...3...4...5...6...7...8...9...100...1...2...3...4...5...6...7...8...9...10transfers 5421, max 81
transfer lists:   0.0 megs
0...1...2...3...4...5...6...7...8...9...10	Bounce #1 added RGB(39, 70, 209)
0...1...2...3...4...5...6...7...8...9...10	Bounce #2 added RGB(65, 197, 679)
0...1...2...3...4...5...6...7...8...9...10	Bounce #3 added RGB(32, 125, 465)
0...1...2...3...4...5...6...7...8...9...10	Bounce #4 added RGB(24, 97, 446)
0...1...2...3...4...5...6...7...8...9...10	Bounce #5 added RGB(17, 73, 386)
0...1...2...3...4...5...6...7...8...9...10	Bounce #6 added RGB(12, 56, 345)
0...1...2...3...4...5...6...7...8...9...10	Bounce #7 added RGB(9, 43, 306)
0...1...2...3...4...5...6...7...8...9...10	Bounce #8 added RGB(7, 32, 272)
0...1...2...3...4...5...6...7...8...9...10	Bounce #9 added RGB(5, 25, 242)
0...1...2...3...4...5...6...7...8...9...10	Bounce #10 added RGB(4, 19, 215)
0...1...2...3...4...5...6...7...8...9...10	Bounce #11 added RGB(3, 14, 192)
0...1...2...3...4...5...6...7...8...9...10	Bounce #12 added RGB(2, 11, 170)
0...1...2...3...4...5...6...7...8...9...10	Bounce #13 added RGB(1, 8, 152)
0...1...2...3...4...5...6...7...8...9...10	Bounce #14 added RGB(1, 6, 135)
0...1...2...3...4...5...6...7...8...9...10	Bounce #15 added RGB(1, 5, 120)
0...1...2...3...4...5...6...7...8...9...10	Bounce #16 added RGB(1, 4, 107)
0...1...2...3...4...5...6...7...8...9...10	Bounce #17 added RGB(0, 3, 95)
0...1...2...3...4...5...6...7...8...9...10	Bounce #18 added RGB(0, 2, 84)
0...1...2...3...4...5...6...7...8...9...10	Bounce #19 added RGB(0, 2, 75)
0...1...2...3...4...5...6...7...8...9...10	Bounce #20 added RGB(0, 1, 67)
0...1...2...3...4...5...6...7...8...9...10	Bounce #21 added RGB(0, 1, 59)
0...1...2...3...4...5...6...7...8...9...10	Bounce #22 added RGB(0, 1, 53)
0...1...2...3...4...5...6...7...8...9...10	Bounce #23 added RGB(0, 1, 47)
0...1...2...3...4...5...6...7...8...9...10	Bounce #24 added RGB(0, 0, 42)
0...1...2...3...4...5...6...7...8...9...10	Bounce #25 added RGB(0, 0, 37)
0...1...2...3...4...5...6...7...8...9...10	Bounce #26 added RGB(0, 0, 33)
0...1...2...3...4...5...6...7...8...9...10	Bounce #27 added RGB(0, 0, 29)
0...1...2...3...4...5...6...7...8...9...10	Bounce #28 added RGB(0, 0, 26)
0...1...2...3...4...5...6...7...8...9...10	Bounce #29 added RGB(0, 0, 23)
0...1...2...3...4...5...6...7...8...9...10	Bounce #30 added RGB(0, 0, 21)
0...1...2...3...4...5...6...7...8...9...10	Bounce #31 added RGB(0, 0, 18)
0...1...2...3...4...5...6...7...8...9...10	Bounce #32 added RGB(0, 0, 16)
0...1...2...3...4...5...6...7...8...9...10	Bounce #33 added RGB(0, 0, 15)
0...1...2...3...4...5...6...7...8...9...10	Bounce #34 added RGB(0, 0, 13)
0...1...2...3...4...5...6...7...8...9...10	Bounce #35 added RGB(0, 0, 12)
0...1...2...3...4...5...6...7...8...9...10	Bounce #36 added RGB(0, 0, 10)
0...1...2...3...4...5...6...7...8...9...10	Bounce #37 added RGB(0, 0, 9)
0...1...2...3...4...5...6...7...8...9...10	Bounce #38 added RGB(0, 0, 8)
0...1...2...3...4...5...6...7...8...9...10	Bounce #39 added RGB(0, 0, 7)
0...1...2...3...4...5...6...7...8...9...10	Bounce #40 added RGB(0, 0, 6)
0...1...2...3...4...5...6...7...8...9...10	Bounce #41 added RGB(0, 0, 6)
0...1...2...3...4...5...6...7...8...9...10	Bounce #42 added RGB(0, 0, 5)
0...1...2...3...4...5...6...7...8...9...10	Bounce #43 added RGB(0, 0, 5)
0...1...2...3...4...5...6...7...8...9...10	Bounce #44 added RGB(0, 0, 4)
0...1...2...3...4...5...6...7...8...9...10	Bounce #45 added RGB(0, 0, 4)
0...1...2...3...4...5...6...7...8...9...10	Bounce #46 added RGB(0, 0, 3)
0...1...2...3...4...5...6...7...8...9...10	Bounce #47 added RGB(0, 0, 3)
0...1...2...3...4...5...6...7...8...9...10	Bounce #48 added RGB(0, 0, 3)
0...1...2...3...4...5...6...7...8...9...10	Bounce #49 added RGB(0, 0, 2)
0...1...2...3...4...5...6...7...8...9...10	Bounce #50 added RGB(0, 0, 2)
0...1...2...3...4...5...6...7...8...9...10	Bounce #51 added RGB(0, 0, 2)
0...1...2...3...4...5...6...7...8...9...10	Bounce #52 added RGB(0, 0, 2)
0...1...2...3...4...5...6...7...8...9...10	Bounce #53 added RGB(0, 0, 1)
0...1...2...3...4...5...6...7...8...9...10	Bounce #54 added RGB(0, 0, 1)
0...1...2...3...4...5...6...7...8...9...10	Bounce #55 added RGB(0, 0, 1)
0...1...2...3...4...5...6...7...8...9...10	Bounce #56 added RGB(0, 0, 1)
Build Patch/Sample Hash Table(s).....Done<0.0004 sec>
0...1...2...3...4...5...6...7...8...9...10FinalLightFace Done
3 of 406 (0% of) surface lights went in leaf ambient cubes.
0...1...2...3...4...5...6...7...8...9...10Writing leaf ambient...done
Computing static prop lighting : 00...1...2...3...4...5...6...7...8...9...10
Ready to Finish

Object names       Objects/Maxobjs  Memory / Maxmem  Fullness 
------------       ---------------  ---------------  -------- 
models                   2/4096           96/196608   ( 0.0%) 
brushes                 27/32768         324/393216   ( 0.1%) 
brushsides             162/65536        1296/524288   ( 0.2%) 
planes                 130/65536        2600/1310720  ( 0.2%) 
vertexes               244/65536        2928/786432   ( 0.4%) 
nodes                  139/65536        4448/2097152  ( 0.2%) 
texinfos                40/12288        2880/884736   ( 0.3%) 
texdata                  7/2048          224/65536    ( 0.3%) 
dispinfos                0/0               0/0        ( 0.0%) 
disp_verts               0/0               0/0        ( 0.0%) 
disp_tris                0/0               0/0        ( 0.0%) 
disp_lmsamples           0/0               0/0        ( 0.0%) 
faces                  140/65536        7840/3670016  ( 0.2%) 
hdr faces                0/65536           0/3670016  ( 0.0%) 
origfaces               81/65536        4536/3670016  ( 0.1%) 
leaves                 142/65536        4544/2097152  ( 0.2%) 
leaffaces              144/65536         288/131072   ( 0.2%) 
leafbrushes             90/65536         180/131072   ( 0.1%) 
areas                    2/1024           16/8192     ( 0.2%) 
surfedges              953/512000       3812/2048000  ( 0.2%) 
edges                  525/256000       2100/1024000  ( 0.2%) 
LDR worldlights        411/16384       36168/1441792  ( 2.5%) 
HDR worldlights          0/16384           0/1441792  ( 0.0%) 
leafwaterdata            0/32768           0/393216   ( 0.0%) 
waterstrips             10/131072        100/1310720  ( 0.0%) 
waterverts               0/131072          0/1572864  ( 0.0%) 
waterindices           135/131072        270/262144   ( 0.1%) 
cubemapsamples           1/1024           16/16384    ( 0.1%) 
overlays                 0/1024            0/360448   ( 0.0%) 
LDR lightdata         [variable]       29788/0        ( 0.0%) 
HDR lightdata         [variable]           0/0        ( 0.0%) 
visdata               [variable]        1236/16777216 ( 0.0%) 
entdata               [variable]        3236/393216   ( 0.8%) 
LDR ambient table      142/65536         568/262144   ( 0.2%) 
HDR ambient table      142/65536         568/262144   ( 0.2%) 
LDR leaf ambient       742/65536       20776/1835008  ( 1.1%) 
HDR leaf ambient       142/65536        3976/1835008  ( 0.2%) 
occluders                0/0               0/0        ( 0.0%) 
occluder polygons        0/0               0/0        ( 0.0%) 
occluder vert ind        0/0               0/0        ( 0.0%) 
detail props          [variable]           1/12       ( 8.3%) 
static props          [variable]           1/3862     ( 0.0%) 
pakfile               [variable]      432700/0        ( 0.0%) 
physics               [variable]       10113/4194304  ( 0.2%) 
physics terrain       [variable]           2/1048576  ( 0.0%) 

Level flags = 1

Total triangle count: 349
Writing c:\program files (x86)\steam\steamapps\sourcemods\who\maps\map_2.bsp
6 seconds elapsed



[Reading texlights from 'lights.rad']
[48 texlights parsed from 'lights.rad']

Loading c:\program files (x86)\steam\steamapps\sourcemods\who\maps\map_2.bsp
140 faces
20440 square feet [2943482.00 square inches]
0 Displacements
0 Square Feet [0.00 Square Inches]
140 patches before subdivision
1280 patches after subdivision
411 direct lights
0...1...2...3...4...5...6...7...8...9...100...1...2...3...4...5...6...7...8...9...10transfers 5421, max 81
transfer lists:   0.0 megs
0...1...2...3...4...5...6...7...8...9...10	Bounce #1 added RGB(39, 70, 209)
0...1...2...3...4...5...6...7...8...9...10	Bounce #2 added RGB(65, 197, 679)
0...1...2...3...4...5...6...7...8...9...10	Bounce #3 added RGB(32, 125, 465)
0...1...2...3...4...5...6...7...8...9...10	Bounce #4 added RGB(24, 97, 446)
0...1...2...3...4...5...6...7...8...9...10	Bounce #5 added RGB(17, 73, 386)
0...1...2...3...4...5...6...7...8...9...10	Bounce #6 added RGB(12, 56, 345)
0...1...2...3...4...5...6...7...8...9...10	Bounce #7 added RGB(9, 43, 306)
0...1...2...3...4...5...6...7...8...9...10	Bounce #8 added RGB(7, 32, 272)
0...1...2...3...4...5...6...7...8...9...10	Bounce #9 added RGB(5, 25, 242)
0...1...2...3...4...5...6...7...8...9...10	Bounce #10 added RGB(4, 19, 215)
0...1...2...3...4...5...6...7...8...9...10	Bounce #11 added RGB(3, 14, 192)
0...1...2...3...4...5...6...7...8...9...10	Bounce #12 added RGB(2, 11, 170)
0...1...2...3...4...5...6...7...8...9...10	Bounce #13 added RGB(1, 8, 152)
0...1...2...3...4...5...6...7...8...9...10	Bounce #14 added RGB(1, 6, 135)
0...1...2...3...4...5...6...7...8...9...10	Bounce #15 added RGB(1, 5, 120)
0...1...2...3...4...5...6...7...8...9...10	Bounce #16 added RGB(1, 4, 107)
0...1...2...3...4...5...6...7...8...9...10	Bounce #17 added RGB(0, 3, 95)
0...1...2...3...4...5...6...7...8...9...10	Bounce #18 added RGB(0, 2, 84)
0...1...2...3...4...5...6...7...8...9...10	Bounce #19 added RGB(0, 2, 75)
0...1...2...3...4...5...6...7...8...9...10	Bounce #20 added RGB(0, 1, 67)
0...1...2...3...4...5...6...7...8...9...10	Bounce #21 added RGB(0, 1, 59)
0...1...2...3...4...5...6...7...8...9...10	Bounce #22 added RGB(0, 1, 53)
0...1...2...3...4...5...6...7...8...9...10	Bounce #23 added RGB(0, 1, 47)
0...1...2...3...4...5...6...7...8...9...10	Bounce #24 added RGB(0, 0, 42)
0...1...2...3...4...5...6...7...8...9...10	Bounce #25 added RGB(0, 0, 37)
0...1...2...3...4...5...6...7...8...9...10	Bounce #26 added RGB(0, 0, 33)
0...1...2...3...4...5...6...7...8...9...10	Bounce #27 added RGB(0, 0, 29)
0...1...2...3...4...5...6...7...8...9...10	Bounce #28 added RGB(0, 0, 26)
0...1...2...3...4...5...6...7...8...9...10	Bounce #29 added RGB(0, 0, 23)
0...1...2...3...4...5...6...7...8...9...10	Bounce #30 added RGB(0, 0, 21)
0...1...2...3...4...5...6...7...8...9...10	Bounce #31 added RGB(0, 0, 18)
0...1...2...3...4...5...6...7...8...9...10	Bounce #32 added RGB(0, 0, 16)
0...1...2...3...4...5...6...7...8...9...10	Bounce #33 added RGB(0, 0, 15)
0...1...2...3...4...5...6...7...8...9...10	Bounce #34 added RGB(0, 0, 13)
0...1...2...3...4...5...6...7...8...9...10	Bounce #35 added RGB(0, 0, 12)
0...1...2...3...4...5...6...7...8...9...10	Bounce #36 added RGB(0, 0, 10)
0...1...2...3...4...5...6...7...8...9...10	Bounce #37 added RGB(0, 0, 9)
0...1...2...3...4...5...6...7...8...9...10	Bounce #38 added RGB(0, 0, 8)
0...1...2...3...4...5...6...7...8...9...10	Bounce #39 added RGB(0, 0, 7)
0...1...2...3...4...5...6...7...8...9...10	Bounce #40 added RGB(0, 0, 6)
0...1...2...3...4...5...6...7...8...9...10	Bounce #41 added RGB(0, 0, 6)
0...1...2...3...4...5...6...7...8...9...10	Bounce #42 added RGB(0, 0, 5)
0...1...2...3...4...5...6...7...8...9...10	Bounce #43 added RGB(0, 0, 5)
0...1...2...3...4...5...6...7...8...9...10	Bounce #44 added RGB(0, 0, 4)
0...1...2...3...4...5...6...7...8...9...10	Bounce #45 added RGB(0, 0, 4)
0...1...2...3...4...5...6...7...8...9...10	Bounce #46 added RGB(0, 0, 3)
0...1...2...3...4...5...6...7...8...9...10	Bounce #47 added RGB(0, 0, 3)
0...1...2...3...4...5...6...7...8...9...10	Bounce #48 added RGB(0, 0, 3)
0...1...2...3...4...5...6...7...8...9...10	Bounce #49 added RGB(0, 0, 2)
0...1...2...3...4...5...6...7...8...9...10	Bounce #50 added RGB(0, 0, 2)
0...1...2...3...4...5...6...7...8...9...10	Bounce #51 added RGB(0, 0, 2)
0...1...2...3...4...5...6...7...8...9...10	Bounce #52 added RGB(0, 0, 2)
0...1...2...3...4...5...6...7...8...9...10	Bounce #53 added RGB(0, 0, 1)
0...1...2...3...4...5...6...7...8...9...10	Bounce #54 added RGB(0, 0, 1)
0...1...2...3...4...5...6...7...8...9...10	Bounce #55 added RGB(0, 0, 1)
0...1...2...3...4...5...6...7...8...9...10	Bounce #56 added RGB(0, 0, 1)
Build Patch/Sample Hash Table(s).....Done<0.0001 sec>
0...1...2...3...4...5...6...7...8...9...10FinalLightFace Done
3 of 406 (0% of) surface lights went in leaf ambient cubes.
0...1...2...3...4...5...6...7...8...9...10Writing leaf ambient...done
Computing static prop lighting : 00...1...2...3...4...5...6...7...8...9...10
Ready to Finish

Object names       Objects/Maxobjs  Memory / Maxmem  Fullness 
------------       ---------------  ---------------  -------- 
models                   2/4096           96/196608   ( 0.0%) 
brushes                 27/32768         324/393216   ( 0.1%) 
brushsides             162/65536        1296/524288   ( 0.2%) 
planes                 130/65536        2600/1310720  ( 0.2%) 
vertexes               244/65536        2928/786432   ( 0.4%) 
nodes                  139/65536        4448/2097152  ( 0.2%) 
texinfos                40/12288        2880/884736   ( 0.3%) 
texdata                  7/2048          224/65536    ( 0.3%) 
dispinfos                0/0               0/0        ( 0.0%) 
disp_verts               0/0               0/0        ( 0.0%) 
disp_tris                0/0               0/0        ( 0.0%) 
disp_lmsamples           0/0               0/0        ( 0.0%) 
faces                  140/65536        7840/3670016  ( 0.2%) 
hdr faces              140/65536        7840/3670016  ( 0.2%) 
origfaces               81/65536        4536/3670016  ( 0.1%) 
leaves                 142/65536        4544/2097152  ( 0.2%) 
leaffaces              144/65536         288/131072   ( 0.2%) 
leafbrushes             90/65536         180/131072   ( 0.1%) 
areas                    2/1024           16/8192     ( 0.2%) 
surfedges              953/512000       3812/2048000  ( 0.2%) 
edges                  525/256000       2100/1024000  ( 0.2%) 
LDR worldlights        411/16384       36168/1441792  ( 2.5%) 
HDR worldlights        411/16384       36168/1441792  ( 2.5%) 
leafwaterdata            0/32768           0/393216   ( 0.0%) 
waterstrips             10/131072        100/1310720  ( 0.0%) 
waterverts               0/131072          0/1572864  ( 0.0%) 
waterindices           135/131072        270/262144   ( 0.1%) 
cubemapsamples           1/1024           16/16384    ( 0.1%) 
overlays                 0/1024            0/360448   ( 0.0%) 
LDR lightdata         [variable]       29788/0        ( 0.0%) 
HDR lightdata         [variable]       29788/0        ( 0.0%) 
visdata               [variable]        1236/16777216 ( 0.0%) 
entdata               [variable]        3236/393216   ( 0.8%) 
LDR ambient table      142/65536         568/262144   ( 0.2%) 
HDR ambient table      142/65536         568/262144   ( 0.2%) 
LDR leaf ambient       742/65536       20776/1835008  ( 1.1%) 
HDR leaf ambient       742/65536       20776/1835008  ( 1.1%) 
occluders                0/0               0/0        ( 0.0%) 
occluder polygons        0/0               0/0        ( 0.0%) 
occluder vert ind        0/0               0/0        ( 0.0%) 
detail props          [variable]           1/12       ( 8.3%) 
static props          [variable]           1/3862     ( 0.0%) 
pakfile               [variable]      865306/0        ( 0.0%) 
physics               [variable]       10113/4194304  ( 0.2%) 
physics terrain       [variable]           2/1048576  ( 0.0%) 

Level flags = 3

Total triangle count: 349
Writing c:\program files (x86)\steam\steamapps\sourcemods\who\maps\map_2.bsp
6 seconds elapsed



materialPath: C:\Program Files (x86)\Steam\steamapps\sourcemods\who\materials
Loading c:\program files (x86)\steam\steamapps\sourcemods\who\maps\map_2.vmf
ConVarRef mat_reduceparticles doesn't point to an existing ConVar
fixing up env_cubemap materials on brush sides...
0...1...2...3...4...5...6...7...8...9...100...1...2...3...4...5...6...7...8...9...10Processing areas...done (0)
Building Faces...done (0)
FixTjuncs...
PruneNodes...
WriteBSP...
done (0)
writing c:\program files (x86)\steam\steamapps\sourcemods\who\maps\map_2.prt...Building visibility clusters...
done (0)
Finding displacement neighbors...
Finding lightmap sample positions...
Displacement Alpha : 0...1...2...3...4...5...6...7...8...9...10
Building Physics collision data...
done (0) (10304 bytes)
Placing static props...
Bad geometry on "models/chessandpieces/pawn_white.mdl"!
Placing detail props : 0...1...2...3...4...5...6...7...8...9...10
Compacting texture/material tables...
Reduced 64 texinfos to 41
Reduced 8 texdatas to 7 (188 bytes to 163)
Writing c:\program files (x86)\steam\steamapps\sourcemods\who\maps\map_2.bsp
0 seconds elapsed



8 threads
reading c:\program files (x86)\steam\steamapps\sourcemods\who\maps\map_2.bsp
reading c:\program files (x86)\steam\steamapps\sourcemods\who\maps\map_2.prt
  52 portalclusters
 118 numportals
0...1...2...3...4...5...6...7...8...9...100...1...2...3...4...5...6...7...8...9...10Optimized: 0 visible clusters (0.00%)
Total clusters visible: 1628
Average clusters visible: 31
Building PAS...
Average clusters audible: 45
visdatasize:1157  compressed from 832
writing c:\program files (x86)\steam\steamapps\sourcemods\who\maps\map_2.bsp
0 seconds elapsed



[Reading texlights from 'lights.rad']
[48 texlights parsed from 'lights.rad']

Loading c:\program files (x86)\steam\steamapps\sourcemods\who\maps\map_2.bsp
132 faces
20448 square feet [2944522.00 square inches]
0 Displacements
0 Square Feet [0.00 Square Inches]
132 patches before subdivision
1318 patches after subdivision
411 direct lights
0...1...2...3...4...5...6...7...8...9...100...1...2...3...4...5...6...7...8...9...10transfers 3479, max 47
transfer lists:   0.0 megs
0...1...2...3...4...5...6...7...8...9...10	Bounce #1 added RGB(24, 11, 3)
0...1...2...3...4...5...6...7...8...9...10	Bounce #2 added RGB(16, 7, 2)
0...1...2...3...4...5...6...7...8...9...10	Bounce #3 added RGB(0, 0, 0)
Build Patch/Sample Hash Table(s).....Done<0.0001 sec>
0...1...2...3...4...5...6...7...8...9...10FinalLightFace Done
3 of 406 (0% of) surface lights went in leaf ambient cubes.
0...1...2...3...4...5...6...7...8...9...10Writing leaf ambient...done
Computing static prop lighting : 00...1...2...3...4...5...6...7...8...9...10
Ready to Finish

Object names       Objects/Maxobjs  Memory / Maxmem  Fullness 
------------       ---------------  ---------------  -------- 
models                   3/4096          144/196608   ( 0.1%) 
brushes                 27/32768         324/393216   ( 0.1%) 
brushsides             162/65536        1296/524288   ( 0.2%) 
planes                 142/65536        2840/1310720  ( 0.2%) 
vertexes               243/65536        2916/786432   ( 0.4%) 
nodes                  141/65536        4512/2097152  ( 0.2%) 
texinfos                41/12288        2952/884736   ( 0.3%) 
texdata                  7/2048          224/65536    ( 0.3%) 
dispinfos                0/0               0/0        ( 0.0%) 
disp_verts               0/0               0/0        ( 0.0%) 
disp_tris                0/0               0/0        ( 0.0%) 
disp_lmsamples           0/0               0/0        ( 0.0%) 
faces                  132/65536        7392/3670016  ( 0.2%) 
hdr faces                0/65536           0/3670016  ( 0.0%) 
origfaces               84/65536        4704/3670016  ( 0.1%) 
leaves                 145/65536        4640/2097152  ( 0.2%) 
leaffaces              137/65536         274/131072   ( 0.2%) 
leafbrushes             89/65536         178/131072   ( 0.1%) 
areas                    2/1024           16/8192     ( 0.2%) 
surfedges              924/512000       3696/2048000  ( 0.2%) 
edges                  496/256000       1984/1024000  ( 0.2%) 
LDR worldlights        411/16384       36168/1441792  ( 2.5%) 
HDR worldlights          0/16384           0/1441792  ( 0.0%) 
leafwaterdata            0/32768           0/393216   ( 0.0%) 
waterstrips              8/131072         80/1310720  ( 0.0%) 
waterverts               0/131072          0/1572864  ( 0.0%) 
waterindices           114/131072        228/262144   ( 0.1%) 
cubemapsamples           1/1024           16/16384    ( 0.1%) 
overlays                 0/1024            0/360448   ( 0.0%) 
LDR lightdata         [variable]       31392/0        ( 0.0%) 
HDR lightdata         [variable]           0/0        ( 0.0%) 
visdata               [variable]        1157/16777216 ( 0.0%) 
entdata               [variable]        3716/393216   ( 0.9%) 
LDR ambient table      145/65536         580/262144   ( 0.2%) 
HDR ambient table      145/65536         580/262144   ( 0.2%) 
LDR leaf ambient       707/65536       19796/1835008  ( 1.1%) 
HDR leaf ambient       145/65536        4060/1835008  ( 0.2%) 
occluders                0/0               0/0        ( 0.0%) 
occluder polygons        0/0               0/0        ( 0.0%) 
occluder vert ind        0/0               0/0        ( 0.0%) 
detail props          [variable]           1/12       ( 8.3%) 
static props          [variable]           1/3858     ( 0.0%) 
pakfile               [variable]      432700/0        ( 0.0%) 
physics               [variable]       10304/4194304  ( 0.2%) 
physics terrain       [variable]           2/1048576  ( 0.0%) 

Level flags = 1

Total triangle count: 324
Writing c:\program files (x86)\steam\steamapps\sourcemods\who\maps\map_2.bsp
5 seconds elapsed



[Reading texlights from 'lights.rad']
[48 texlights parsed from 'lights.rad']

Loading c:\program files (x86)\steam\steamapps\sourcemods\who\maps\map_2.bsp
132 faces
20448 square feet [2944522.00 square inches]
0 Displacements
0 Square Feet [0.00 Square Inches]
132 patches before subdivision
1318 patches after subdivision
411 direct lights
0...1...2...3...4...5...6...7...8...9...100...1...2...3...4...5...6...7...8...9...10transfers 3479, max 47
transfer lists:   0.0 megs
0...1...2...3...4...5...6...7...8...9...10	Bounce #1 added RGB(24, 11, 3)
0...1...2...3...4...5...6...7...8...9...10	Bounce #2 added RGB(16, 7, 2)
0...1...2...3...4...5...6...7...8...9...10	Bounce #3 added RGB(0, 0, 0)
Build Patch/Sample Hash Table(s).....Done<0.0001 sec>
0...1...2...3...4...5...6...7...8...9...10FinalLightFace Done
3 of 406 (0% of) surface lights went in leaf ambient cubes.
0...1...2...3...4...5...6...7...8...9...10Writing leaf ambient...done
Computing static prop lighting : 00...1...2...3...4...5...6...7...8...9...10
Ready to Finish

Object names       Objects/Maxobjs  Memory / Maxmem  Fullness 
------------       ---------------  ---------------  -------- 
models                   3/4096          144/196608   ( 0.1%) 
brushes                 27/32768         324/393216   ( 0.1%) 
brushsides             162/65536        1296/524288   ( 0.2%) 
planes                 142/65536        2840/1310720  ( 0.2%) 
vertexes               243/65536        2916/786432   ( 0.4%) 
nodes                  141/65536        4512/2097152  ( 0.2%) 
texinfos                41/12288        2952/884736   ( 0.3%) 
texdata                  7/2048          224/65536    ( 0.3%) 
dispinfos                0/0               0/0        ( 0.0%) 
disp_verts               0/0               0/0        ( 0.0%) 
disp_tris                0/0               0/0        ( 0.0%) 
disp_lmsamples           0/0               0/0        ( 0.0%) 
faces                  132/65536        7392/3670016  ( 0.2%) 
hdr faces              132/65536        7392/3670016  ( 0.2%) 
origfaces               84/65536        4704/3670016  ( 0.1%) 
leaves                 145/65536        4640/2097152  ( 0.2%) 
leaffaces              137/65536         274/131072   ( 0.2%) 
leafbrushes             89/65536         178/131072   ( 0.1%) 
areas                    2/1024           16/8192     ( 0.2%) 
surfedges              924/512000       3696/2048000  ( 0.2%) 
edges                  496/256000       1984/1024000  ( 0.2%) 
LDR worldlights        411/16384       36168/1441792  ( 2.5%) 
HDR worldlights        411/16384       36168/1441792  ( 2.5%) 
leafwaterdata            0/32768           0/393216   ( 0.0%) 
waterstrips              8/131072         80/1310720  ( 0.0%) 
waterverts               0/131072          0/1572864  ( 0.0%) 
waterindices           114/131072        228/262144   ( 0.1%) 
cubemapsamples           1/1024           16/16384    ( 0.1%) 
overlays                 0/1024            0/360448   ( 0.0%) 
LDR lightdata         [variable]       31392/0        ( 0.0%) 
HDR lightdata         [variable]       31392/0        ( 0.0%) 
visdata               [variable]        1157/16777216 ( 0.0%) 
entdata               [variable]        3716/393216   ( 0.9%) 
LDR ambient table      145/65536         580/262144   ( 0.2%) 
HDR ambient table      145/65536         580/262144   ( 0.2%) 
LDR leaf ambient       707/65536       19796/1835008  ( 1.1%) 
HDR leaf ambient       707/65536       19796/1835008  ( 1.1%) 
occluders                0/0               0/0        ( 0.0%) 
occluder polygons        0/0               0/0        ( 0.0%) 
occluder vert ind        0/0               0/0        ( 0.0%) 
detail props          [variable]           1/12       ( 8.3%) 
static props          [variable]           1/3858     ( 0.0%) 
pakfile               [variable]      865306/0        ( 0.0%) 
physics               [variable]       10304/4194304  ( 0.2%) 
physics terrain       [variable]           2/1048576  ( 0.0%) 

Level flags = 3

Total triangle count: 324
Writing c:\program files (x86)\steam\steamapps\sourcemods\who\maps\map_2.bsp
5 seconds elapsed



materialPath: C:\Program Files (x86)\Steam\steamapps\sourcemods\who\materials
Loading c:\program files (x86)\steam\steamapps\sourcemods\who\maps\map_2.vmf
ConVarRef mat_reduceparticles doesn't point to an existing ConVar
fixing up env_cubemap materials on brush sides...
0...1...2...3...4...5...6...7...8...9...100...1...2...3...4...5...6...7...8...9...10Processing areas...done (0)
Building Faces...done (0)
FixTjuncs...
PruneNodes...
WriteBSP...
done (0)
writing c:\program files (x86)\steam\steamapps\sourcemods\who\maps\map_2.prt...Building visibility clusters...
done (0)
Finding displacement neighbors...
Finding lightmap sample positions...
Displacement Alpha : 0...1...2...3...4...5...6...7...8...9...10
Building Physics collision data...
done (0) (10113 bytes)
Placing static props...
Bad geometry on "models/chessandpieces/pawn_white.mdl"!
Placing detail props : 0...1...2...3...4...5...6...7...8...9...10
Compacting texture/material tables...
Reduced 59 texinfos to 41
Reduced 7 texdatas to 7 (144 bytes to 144)
Writing c:\program files (x86)\steam\steamapps\sourcemods\who\maps\map_2.bsp
0 seconds elapsed



8 threads
reading c:\program files (x86)\steam\steamapps\sourcemods\who\maps\map_2.bsp
reading c:\program files (x86)\steam\steamapps\sourcemods\who\maps\map_2.prt
  57 portalclusters
 128 numportals
0...1...2...3...4...5...6...7...8...9...100...1...2...3...4...5...6...7...8...9...10Optimized: 2 visible clusters (0.00%)
Total clusters visible: 1795
Average clusters visible: 31
Building PAS...
Average clusters audible: 50
visdatasize:1384  compressed from 912
writing c:\program files (x86)\steam\steamapps\sourcemods\who\maps\map_2.bsp
0 seconds elapsed



[Reading texlights from 'lights.rad']
[48 texlights parsed from 'lights.rad']

Loading c:\program files (x86)\steam\steamapps\sourcemods\who\maps\map_2.bsp
139 faces
20440 square feet [2943482.00 square inches]
0 Displacements
0 Square Feet [0.00 Square Inches]
139 patches before subdivision
1279 patches after subdivision
408 direct lights
0...1...2...3...4...5...6...7...8...9...100...1...2...3...4...5...6...7...8...9...10transfers 5417, max 81
transfer lists:   0.0 megs
0...1...2...3...4...5...6...7...8...9...10	Bounce #1 added RGB(139, 127, 83)
0...1...2...3...4...5...6...7...8...9...10	Bounce #2 added RGB(375, 369, 259)
0...1...2...3...4...5...6...7...8...9...10	Bounce #3 added RGB(239, 241, 169)
0...1...2...3...4...5...6...7...8...9...10	Bounce #4 added RGB(194, 197, 138)
0...1...2...3...4...5...6...7...8...9...10	Bounce #5 added RGB(151, 155, 107)
0...1...2...3...4...5...6...7...8...9...10	Bounce #6 added RGB(119, 123, 85)
0...1...2...3...4...5...6...7...8...9...10	Bounce #7 added RGB(94, 97, 67)
0...1...2...3...4...5...6...7...8...9...10	Bounce #8 added RGB(74, 77, 53)
0...1...2...3...4...5...6...7...8...9...10	Bounce #9 added RGB(58, 61, 41)
0...1...2...3...4...5...6...7...8...9...10	Bounce #10 added RGB(46, 49, 33)
0...1...2...3...4...5...6...7...8...9...10	Bounce #11 added RGB(36, 39, 26)
0...1...2...3...4...5...6...7...8...9...10	Bounce #12 added RGB(28, 31, 20)
0...1...2...3...4...5...6...7...8...9...10	Bounce #13 added RGB(22, 24, 16)
0...1...2...3...4...5...6...7...8...9...10	Bounce #14 added RGB(18, 19, 13)
0...1...2...3...4...5...6...7...8...9...10	Bounce #15 added RGB(14, 15, 10)
0...1...2...3...4...5...6...7...8...9...10	Bounce #16 added RGB(11, 12, 8)
0...1...2...3...4...5...6...7...8...9...10	Bounce #17 added RGB(9, 10, 6)
0...1...2...3...4...5...6...7...8...9...10	Bounce #18 added RGB(7, 8, 5)
0...1...2...3...4...5...6...7...8...9...10	Bounce #19 added RGB(5, 6, 4)
0...1...2...3...4...5...6...7...8...9...10	Bounce #20 added RGB(4, 5, 3)
0...1...2...3...4...5...6...7...8...9...10	Bounce #21 added RGB(3, 4, 2)
0...1...2...3...4...5...6...7...8...9...10	Bounce #22 added RGB(3, 3, 2)
0...1...2...3...4...5...6...7...8...9...10	Bounce #23 added RGB(2, 2, 1)
0...1...2...3...4...5...6...7...8...9...10	Bounce #24 added RGB(2, 2, 1)
0...1...2...3...4...5...6...7...8...9...10	Bounce #25 added RGB(1, 2, 1)
0...1...2...3...4...5...6...7...8...9...10	Bounce #26 added RGB(1, 1, 1)
0...1...2...3...4...5...6...7...8...9...10	Bounce #27 added RGB(1, 1, 1)
Build Patch/Sample Hash Table(s).....Done<0.0001 sec>
0...1...2...3...4...5...6...7...8...9...10FinalLightFace Done
2 of 403 (0% of) surface lights went in leaf ambient cubes.
0...1...2...3...4...5...6...7...8...9...10Writing leaf ambient...done
Computing static prop lighting : 00...1...2...3...4...5...6...7...8...9...10
Ready to Finish

Object names       Objects/Maxobjs  Memory / Maxmem  Fullness 
------------       ---------------  ---------------  -------- 
models                   2/4096           96/196608   ( 0.0%) 
brushes                 27/32768         324/393216   ( 0.1%) 
brushsides             162/65536        1296/524288   ( 0.2%) 
planes                 130/65536        2600/1310720  ( 0.2%) 
vertexes               242/65536        2904/786432   ( 0.4%) 
nodes                  140/65536        4480/2097152  ( 0.2%) 
texinfos                41/12288        2952/884736   ( 0.3%) 
texdata                  7/2048          224/65536    ( 0.3%) 
dispinfos                0/0               0/0        ( 0.0%) 
disp_verts               0/0               0/0        ( 0.0%) 
disp_tris                0/0               0/0        ( 0.0%) 
disp_lmsamples           0/0               0/0        ( 0.0%) 
faces                  139/65536        7784/3670016  ( 0.2%) 
hdr faces                0/65536           0/3670016  ( 0.0%) 
origfaces               82/65536        4592/3670016  ( 0.1%) 
leaves                 143/65536        4576/2097152  ( 0.2%) 
leaffaces              146/65536         292/131072   ( 0.2%) 
leafbrushes             91/65536         182/131072   ( 0.1%) 
areas                    2/1024           16/8192     ( 0.2%) 
surfedges              953/512000       3812/2048000  ( 0.2%) 
edges                  525/256000       2100/1024000  ( 0.2%) 
LDR worldlights        408/16384       35904/1441792  ( 2.5%) 
HDR worldlights          0/16384           0/1441792  ( 0.0%) 
leafwaterdata            0/32768           0/393216   ( 0.0%) 
waterstrips             10/131072        100/1310720  ( 0.0%) 
waterverts               0/131072          0/1572864  ( 0.0%) 
waterindices           138/131072        276/262144   ( 0.1%) 
cubemapsamples           0/1024            0/16384    ( 0.0%) 
overlays                 0/1024            0/360448   ( 0.0%) 
LDR lightdata         [variable]       17476/0        ( 0.0%) 
HDR lightdata         [variable]           0/0        ( 0.0%) 
visdata               [variable]        1384/16777216 ( 0.0%) 
entdata               [variable]        3072/393216   ( 0.8%) 
LDR ambient table      143/65536         572/262144   ( 0.2%) 
HDR ambient table      143/65536         572/262144   ( 0.2%) 
LDR leaf ambient       783/65536       21924/1835008  ( 1.2%) 
HDR leaf ambient       143/65536        4004/1835008  ( 0.2%) 
occluders                0/0               0/0        ( 0.0%) 
occluder polygons        0/0               0/0        ( 0.0%) 
occluder vert ind        0/0               0/0        ( 0.0%) 
detail props          [variable]           1/12       ( 8.3%) 
static props          [variable]           1/3862     ( 0.0%) 
pakfile               [variable]      432380/0        ( 0.0%) 
physics               [variable]       10113/4194304  ( 0.2%) 
physics terrain       [variable]           2/1048576  ( 0.0%) 

Level flags = 1

Total triangle count: 347
Writing c:\program files (x86)\steam\steamapps\sourcemods\who\maps\map_2.bsp
6 seconds elapsed



[Reading texlights from 'lights.rad']
[48 texlights parsed from 'lights.rad']

Loading c:\program files (x86)\steam\steamapps\sourcemods\who\maps\map_2.bsp
139 faces
20440 square feet [2943482.00 square inches]
0 Displacements
0 Square Feet [0.00 Square Inches]
139 patches before subdivision
1279 patches after subdivision
408 direct lights
0...1...2...3...4...5...6...7...8...9...100...1...2...3...4...5...6...7...8...9...10transfers 5417, max 81
transfer lists:   0.0 megs
0...1...2...3...4...5...6...7...8...9...10	Bounce #1 added RGB(139, 127, 83)
0...1...2...3...4...5...6...7...8...9...10	Bounce #2 added RGB(375, 369, 259)
0...1...2...3...4...5...6...7...8...9...10	Bounce #3 added RGB(239, 241, 169)
0...1...2...3...4...5...6...7...8...9...10	Bounce #4 added RGB(194, 197, 138)
0...1...2...3...4...5...6...7...8...9...10	Bounce #5 added RGB(151, 155, 107)
0...1...2...3...4...5...6...7...8...9...10	Bounce #6 added RGB(119, 123, 85)
0...1...2...3...4...5...6...7...8...9...10	Bounce #7 added RGB(94, 97, 67)
0...1...2...3...4...5...6...7...8...9...10	Bounce #8 added RGB(74, 77, 53)
0...1...2...3...4...5...6...7...8...9...10	Bounce #9 added RGB(58, 61, 41)
0...1...2...3...4...5...6...7...8...9...10	Bounce #10 added RGB(46, 49, 33)
0...1...2...3...4...5...6...7...8...9...10	Bounce #11 added RGB(36, 39, 26)
0...1...2...3...4...5...6...7...8...9...10	Bounce #12 added RGB(28, 31, 20)
0...1...2...3...4...5...6...7...8...9...10	Bounce #13 added RGB(22, 24, 16)
0...1...2...3...4...5...6...7...8...9...10	Bounce #14 added RGB(18, 19, 13)
0...1...2...3...4...5...6...7...8...9...10	Bounce #15 added RGB(14, 15, 10)
0...1...2...3...4...5...6...7...8...9...10	Bounce #16 added RGB(11, 12, 8)
0...1...2...3...4...5...6...7...8...9...10	Bounce #17 added RGB(9, 10, 6)
0...1...2...3...4...5...6...7...8...9...10	Bounce #18 added RGB(7, 8, 5)
0...1...2...3...4...5...6...7...8...9...10	Bounce #19 added RGB(5, 6, 4)
0...1...2...3...4...5...6...7...8...9...10	Bounce #20 added RGB(4, 5, 3)
0...1...2...3...4...5...6...7...8...9...10	Bounce #21 added RGB(3, 4, 2)
0...1...2...3...4...5...6...7...8...9...10	Bounce #22 added RGB(3, 3, 2)
0...1...2...3...4...5...6...7...8...9...10	Bounce #23 added RGB(2, 2, 1)
0...1...2...3...4...5...6...7...8...9...10	Bounce #24 added RGB(2, 2, 1)
0...1...2...3...4...5...6...7...8...9...10	Bounce #25 added RGB(1, 2, 1)
0...1...2...3...4...5...6...7...8...9...10	Bounce #26 added RGB(1, 1, 1)
0...1...2...3...4...5...6...7...8...9...10	Bounce #27 added RGB(1, 1, 1)
Build Patch/Sample Hash Table(s).....Done<0.0001 sec>
0...1...2...3...4...5...6...7...8...9...10FinalLightFace Done
2 of 403 (0% of) surface lights went in leaf ambient cubes.
0...1...2...3...4...5...6...7...8...9...10Writing leaf ambient...done
Computing static prop lighting : 00...1...2...3...4...5...6...7...8...9...10
Ready to Finish

Object names       Objects/Maxobjs  Memory / Maxmem  Fullness 
------------       ---------------  ---------------  -------- 
models                   2/4096           96/196608   ( 0.0%) 
brushes                 27/32768         324/393216   ( 0.1%) 
brushsides             162/65536        1296/524288   ( 0.2%) 
planes                 130/65536        2600/1310720  ( 0.2%) 
vertexes               242/65536        2904/786432   ( 0.4%) 
nodes                  140/65536        4480/2097152  ( 0.2%) 
texinfos                41/12288        2952/884736   ( 0.3%) 
texdata                  7/2048          224/65536    ( 0.3%) 
dispinfos                0/0               0/0        ( 0.0%) 
disp_verts               0/0               0/0        ( 0.0%) 
disp_tris                0/0               0/0        ( 0.0%) 
disp_lmsamples           0/0               0/0        ( 0.0%) 
faces                  139/65536        7784/3670016  ( 0.2%) 
hdr faces              139/65536        7784/3670016  ( 0.2%) 
origfaces               82/65536        4592/3670016  ( 0.1%) 
leaves                 143/65536        4576/2097152  ( 0.2%) 
leaffaces              146/65536         292/131072   ( 0.2%) 
leafbrushes             91/65536         182/131072   ( 0.1%) 
areas                    2/1024           16/8192     ( 0.2%) 
surfedges              953/512000       3812/2048000  ( 0.2%) 
edges                  525/256000       2100/1024000  ( 0.2%) 
LDR worldlights        408/16384       35904/1441792  ( 2.5%) 
HDR worldlights        408/16384       35904/1441792  ( 2.5%) 
leafwaterdata            0/32768           0/393216   ( 0.0%) 
waterstrips             10/131072        100/1310720  ( 0.0%) 
waterverts               0/131072          0/1572864  ( 0.0%) 
waterindices           138/131072        276/262144   ( 0.1%) 
cubemapsamples           0/1024            0/16384    ( 0.0%) 
overlays                 0/1024            0/360448   ( 0.0%) 
LDR lightdata         [variable]       17476/0        ( 0.0%) 
HDR lightdata         [variable]       17476/0        ( 0.0%) 
visdata               [variable]        1384/16777216 ( 0.0%) 
entdata               [variable]        3072/393216   ( 0.8%) 
LDR ambient table      143/65536         572/262144   ( 0.2%) 
HDR ambient table      143/65536         572/262144   ( 0.2%) 
LDR leaf ambient       783/65536       21924/1835008  ( 1.2%) 
HDR leaf ambient       783/65536       21924/1835008  ( 1.2%) 
occluders                0/0               0/0        ( 0.0%) 
occluder polygons        0/0               0/0        ( 0.0%) 
occluder vert ind        0/0               0/0        ( 0.0%) 
detail props          [variable]           1/12       ( 8.3%) 
static props          [variable]           1/3862     ( 0.0%) 
pakfile               [variable]      864986/0        ( 0.0%) 
physics               [variable]       10113/4194304  ( 0.2%) 
physics terrain       [variable]           2/1048576  ( 0.0%) 

Level flags = 3

Total triangle count: 347
Writing c:\program files (x86)\steam\steamapps\sourcemods\who\maps\map_2.bsp
5 seconds elapsed



materialPath: C:\Program Files (x86)\Steam\steamapps\sourcemods\who\materials
Loading c:\program files (x86)\steam\steamapps\sourcemods\who\maps\map_2.vmf
ConVarRef mat_reduceparticles doesn't point to an existing ConVar
fixing up env_cubemap materials on brush sides...
0...1...2...3...4...5...6...7...8...9...100...1...2...3...4...5...6...7...8...9...10Processing areas...done (0)
Building Faces...done (0)
FixTjuncs...
PruneNodes...
WriteBSP...
done (0)
writing c:\program files (x86)\steam\steamapps\sourcemods\who\maps\map_2.prt...Building visibility clusters...
done (0)
Finding displacement neighbors...
Finding lightmap sample positions...
Displacement Alpha : 0...1...2...3...4...5...6...7...8...9...10
Building Physics collision data...
done (0) (12206 bytes)
Placing static props...
Bad geometry on "models/chessandpieces/pawn_white.mdl"!
Placing detail props : 0...1...2...3...4...5...6...7...8...9...10
Compacting texture/material tables...
Reduced 74 texinfos to 49
Reduced 7 texdatas to 7 (144 bytes to 144)
Writing c:\program files (x86)\steam\steamapps\sourcemods\who\maps\map_2.bsp
0 seconds elapsed



8 threads
reading c:\program files (x86)\steam\steamapps\sourcemods\who\maps\map_2.bsp
reading c:\program files (x86)\steam\steamapps\sourcemods\who\maps\map_2.prt
  57 portalclusters
 128 numportals
0...1...2...3...4...5...6...7...8...9...100...1...2...3...4...5...6...7...8...9...10Optimized: 2 visible clusters (0.00%)
Total clusters visible: 1795
Average clusters visible: 31
Building PAS...
Average clusters audible: 50
visdatasize:1384  compressed from 912
writing c:\program files (x86)\steam\steamapps\sourcemods\who\maps\map_2.bsp
0 seconds elapsed



[Reading texlights from 'lights.rad']
[48 texlights parsed from 'lights.rad']

Loading c:\program files (x86)\steam\steamapps\sourcemods\who\maps\map_2.bsp
161 faces
20639 square feet [2972058.00 square inches]
0 Displacements
0 Square Feet [0.00 Square Inches]
161 patches before subdivision
1301 patches after subdivision
408 direct lights
0...1...2...3...4...5...6...7...8...9...100...1...2...3...4...5...6...7...8...9...10transfers 5858, max 80
transfer lists:   0.0 megs
0...1...2...3...4...5...6...7...8...9...10	Bounce #1 added RGB(167, 155, 103)
0...1...2...3...4...5...6...7...8...9...10	Bounce #2 added RGB(422, 417, 293)
0...1...2...3...4...5...6...7...8...9...10	Bounce #3 added RGB(262, 264, 186)
0...1...2...3...4...5...6...7...8...9...10	Bounce #4 added RGB(213, 217, 152)
0...1...2...3...4...5...6...7...8...9...10	Bounce #5 added RGB(164, 168, 117)
0...1...2...3...4...5...6...7...8...9...10	Bounce #6 added RGB(129, 133, 91)
0...1...2...3...4...5...6...7...8...9...10	Bounce #7 added RGB(101, 105, 71)
0...1...2...3...4...5...6...7...8...9...10	Bounce #8 added RGB(79, 82, 56)
0...1...2...3...4...5...6...7...8...9...10	Bounce #9 added RGB(62, 65, 44)
0...1...2...3...4...5...6...7...8...9...10	Bounce #10 added RGB(48, 51, 34)
0...1...2...3...4...5...6...7...8...9...10	Bounce #11 added RGB(38, 40, 27)
0...1...2...3...4...5...6...7...8...9...10	Bounce #12 added RGB(30, 32, 21)
0...1...2...3...4...5...6...7...8...9...10	Bounce #13 added RGB(23, 25, 16)
0...1...2...3...4...5...6...7...8...9...10	Bounce #14 added RGB(18, 20, 13)
0...1...2...3...4...5...6...7...8...9...10	Bounce #15 added RGB(14, 16, 10)
0...1...2...3...4...5...6...7...8...9...10	Bounce #16 added RGB(11, 12, 8)
0...1...2...3...4...5...6...7...8...9...10	Bounce #17 added RGB(9, 10, 6)
0...1...2...3...4...5...6...7...8...9...10	Bounce #18 added RGB(7, 8, 5)
0...1...2...3...4...5...6...7...8...9...10	Bounce #19 added RGB(5, 6, 4)
0...1...2...3...4...5...6...7...8...9...10	Bounce #20 added RGB(4, 5, 3)
0...1...2...3...4...5...6...7...8...9...10	Bounce #21 added RGB(3, 4, 2)
0...1...2...3...4...5...6...7...8...9...10	Bounce #22 added RGB(3, 3, 2)
0...1...2...3...4...5...6...7...8...9...10	Bounce #23 added RGB(2, 2, 1)
0...1...2...3...4...5...6...7...8...9...10	Bounce #24 added RGB(2, 2, 1)
0...1...2...3...4...5...6...7...8...9...10	Bounce #25 added RGB(1, 1, 1)
0...1...2...3...4...5...6...7...8...9...10	Bounce #26 added RGB(1, 1, 1)
0...1...2...3...4...5...6...7...8...9...10	Bounce #27 added RGB(1, 1, 1)
Build Patch/Sample Hash Table(s).....Done<0.0002 sec>
0...1...2...3...4...5...6...7...8...9...10FinalLightFace Done
2 of 403 (0% of) surface lights went in leaf ambient cubes.
0...1...2...3...4...5...6...7...8...9...10Writing leaf ambient...done
Computing static prop lighting : 00...1...2...3...4...5...6...7...8...9...10
Ready to Finish

Object names       Objects/Maxobjs  Memory / Maxmem  Fullness 
------------       ---------------  ---------------  -------- 
models                   4/4096          192/196608   ( 0.1%) 
brushes                 31/32768         372/393216   ( 0.1%) 
brushsides             186/65536        1488/524288   ( 0.3%) 
planes                 168/65536        3360/1310720  ( 0.3%) 
vertexes               270/65536        3240/786432   ( 0.4%) 
nodes                  156/65536        4992/2097152  ( 0.2%) 
texinfos                49/12288        3528/884736   ( 0.4%) 
texdata                  7/2048          224/65536    ( 0.3%) 
dispinfos                0/0               0/0        ( 0.0%) 
disp_verts               0/0               0/0        ( 0.0%) 
disp_tris                0/0               0/0        ( 0.0%) 
disp_lmsamples           0/0               0/0        ( 0.0%) 
faces                  161/65536        9016/3670016  ( 0.2%) 
hdr faces                0/65536           0/3670016  ( 0.0%) 
origfaces              104/65536        5824/3670016  ( 0.2%) 
leaves                 161/65536        5152/2097152  ( 0.2%) 
leaffaces              168/65536         336/131072   ( 0.3%) 
leafbrushes             95/65536         190/131072   ( 0.1%) 
areas                    2/1024           16/8192     ( 0.2%) 
surfedges             1133/512000       4532/2048000  ( 0.2%) 
edges                  619/256000       2476/1024000  ( 0.2%) 
LDR worldlights        408/16384       35904/1441792  ( 2.5%) 
HDR worldlights          0/16384           0/1441792  ( 0.0%) 
leafwaterdata            0/32768           0/393216   ( 0.0%) 
waterstrips             10/131072        100/1310720  ( 0.0%) 
waterverts               0/131072          0/1572864  ( 0.0%) 
waterindices           138/131072        276/262144   ( 0.1%) 
cubemapsamples           0/1024            0/16384    ( 0.0%) 
overlays                 0/1024            0/360448   ( 0.0%) 
LDR lightdata         [variable]       17476/0        ( 0.0%) 
HDR lightdata         [variable]           0/0        ( 0.0%) 
visdata               [variable]        1384/16777216 ( 0.0%) 
entdata               [variable]        3824/393216   ( 1.0%) 
LDR ambient table      161/65536         644/262144   ( 0.2%) 
HDR ambient table      161/65536         644/262144   ( 0.2%) 
LDR leaf ambient       794/65536       22232/1835008  ( 1.2%) 
HDR leaf ambient       161/65536        4508/1835008  ( 0.2%) 
occluders                0/0               0/0        ( 0.0%) 
occluder polygons        0/0               0/0        ( 0.0%) 
occluder vert ind        0/0               0/0        ( 0.0%) 
detail props          [variable]           1/12       ( 8.3%) 
static props          [variable]           1/3874     ( 0.0%) 
pakfile               [variable]      432380/0        ( 0.0%) 
physics               [variable]       12206/4194304  ( 0.3%) 
physics terrain       [variable]           2/1048576  ( 0.0%) 

Level flags = 1

Total triangle count: 395
Writing c:\program files (x86)\steam\steamapps\sourcemods\who\maps\map_2.bsp
6 seconds elapsed



[Reading texlights from 'lights.rad']
[48 texlights parsed from 'lights.rad']

Loading c:\program files (x86)\steam\steamapps\sourcemods\who\maps\map_2.bsp
161 faces
20639 square feet [2972058.00 square inches]
0 Displacements
0 Square Feet [0.00 Square Inches]
161 patches before subdivision
1301 patches after subdivision
408 direct lights
0...1...2...3...4...5...6...7...8...9...100...1...2...3...4...5...6...7...8...9...10transfers 5858, max 80
transfer lists:   0.0 megs
0...1...2...3...4...5...6...7...8...9...10	Bounce #1 added RGB(167, 155, 103)
0...1...2...3...4...5...6...7...8...9...10	Bounce #2 added RGB(422, 417, 293)
0...1...2...3...4...5...6...7...8...9...10	Bounce #3 added RGB(262, 264, 186)
0...1...2...3...4...5...6...7...8...9...10	Bounce #4 added RGB(213, 217, 152)
0...1...2...3...4...5...6...7...8...9...10	Bounce #5 added RGB(164, 168, 117)
0...1...2...3...4...5...6...7...8...9...10	Bounce #6 added RGB(129, 133, 91)
0...1...2...3...4...5...6...7...8...9...10	Bounce #7 added RGB(101, 105, 71)
0...1...2...3...4...5...6...7...8...9...10	Bounce #8 added RGB(79, 82, 56)
0...1...2...3...4...5...6...7...8...9...10	Bounce #9 added RGB(62, 65, 44)
0...1...2...3...4...5...6...7...8...9...10	Bounce #10 added RGB(48, 51, 34)
0...1...2...3...4...5...6...7...8...9...10	Bounce #11 added RGB(38, 40, 27)
0...1...2...3...4...5...6...7...8...9...10	Bounce #12 added RGB(30, 32, 21)
0...1...2...3...4...5...6...7...8...9...10	Bounce #13 added RGB(23, 25, 16)
0...1...2...3...4...5...6...7...8...9...10	Bounce #14 added RGB(18, 20, 13)
0...1...2...3...4...5...6...7...8...9...10	Bounce #15 added RGB(14, 16, 10)
0...1...2...3...4...5...6...7...8...9...10	Bounce #16 added RGB(11, 12, 8)
0...1...2...3...4...5...6...7...8...9...10	Bounce #17 added RGB(9, 10, 6)
0...1...2...3...4...5...6...7...8...9...10	Bounce #18 added RGB(7, 8, 5)
0...1...2...3...4...5...6...7...8...9...10	Bounce #19 added RGB(5, 6, 4)
0...1...2...3...4...5...6...7...8...9...10	Bounce #20 added RGB(4, 5, 3)
0...1...2...3...4...5...6...7...8...9...10	Bounce #21 added RGB(3, 4, 2)
0...1...2...3...4...5...6...7...8...9...10	Bounce #22 added RGB(3, 3, 2)
0...1...2...3...4...5...6...7...8...9...10	Bounce #23 added RGB(2, 2, 1)
0...1...2...3...4...5...6...7...8...9...10	Bounce #24 added RGB(2, 2, 1)
0...1...2...3...4...5...6...7...8...9...10	Bounce #25 added RGB(1, 1, 1)
0...1...2...3...4...5...6...7...8...9...10	Bounce #26 added RGB(1, 1, 1)
0...1...2...3...4...5...6...7...8...9...10	Bounce #27 added RGB(1, 1, 1)
Build Patch/Sample Hash Table(s).....Done<0.0001 sec>
0...1...2...3...4...5...6...7...8...9...10FinalLightFace Done
2 of 403 (0% of) surface lights went in leaf ambient cubes.
0...1...2...3...4...5...6...7...8...9...10Writing leaf ambient...done
Computing static prop lighting : 00...1...2...3...4...5...6...7...8...9...10
Ready to Finish

Object names       Objects/Maxobjs  Memory / Maxmem  Fullness 
------------       ---------------  ---------------  -------- 
models                   4/4096          192/196608   ( 0.1%) 
brushes                 31/32768         372/393216   ( 0.1%) 
brushsides             186/65536        1488/524288   ( 0.3%) 
planes                 168/65536        3360/1310720  ( 0.3%) 
vertexes               270/65536        3240/786432   ( 0.4%) 
nodes                  156/65536        4992/2097152  ( 0.2%) 
texinfos                49/12288        3528/884736   ( 0.4%) 
texdata                  7/2048          224/65536    ( 0.3%) 
dispinfos                0/0               0/0        ( 0.0%) 
disp_verts               0/0               0/0        ( 0.0%) 
disp_tris                0/0               0/0        ( 0.0%) 
disp_lmsamples           0/0               0/0        ( 0.0%) 
faces                  161/65536        9016/3670016  ( 0.2%) 
hdr faces              161/65536        9016/3670016  ( 0.2%) 
origfaces              104/65536        5824/3670016  ( 0.2%) 
leaves                 161/65536        5152/2097152  ( 0.2%) 
leaffaces              168/65536         336/131072   ( 0.3%) 
leafbrushes             95/65536         190/131072   ( 0.1%) 
areas                    2/1024           16/8192     ( 0.2%) 
surfedges             1133/512000       4532/2048000  ( 0.2%) 
edges                  619/256000       2476/1024000  ( 0.2%) 
LDR worldlights        408/16384       35904/1441792  ( 2.5%) 
HDR worldlights        408/16384       35904/1441792  ( 2.5%) 
leafwaterdata            0/32768           0/393216   ( 0.0%) 
waterstrips             10/131072        100/1310720  ( 0.0%) 
waterverts               0/131072          0/1572864  ( 0.0%) 
waterindices           138/131072        276/262144   ( 0.1%) 
cubemapsamples           0/1024            0/16384    ( 0.0%) 
overlays                 0/1024            0/360448   ( 0.0%) 
LDR lightdata         [variable]       17476/0        ( 0.0%) 
HDR lightdata         [variable]       17476/0        ( 0.0%) 
visdata               [variable]        1384/16777216 ( 0.0%) 
entdata               [variable]        3824/393216   ( 1.0%) 
LDR ambient table      161/65536         644/262144   ( 0.2%) 
HDR ambient table      161/65536         644/262144   ( 0.2%) 
LDR leaf ambient       794/65536       22232/1835008  ( 1.2%) 
HDR leaf ambient       794/65536       22232/1835008  ( 1.2%) 
occluders                0/0               0/0        ( 0.0%) 
occluder polygons        0/0               0/0        ( 0.0%) 
occluder vert ind        0/0               0/0        ( 0.0%) 
detail props          [variable]           1/12       ( 8.3%) 
static props          [variable]           1/3874     ( 0.0%) 
pakfile               [variable]      864986/0        ( 0.0%) 
physics               [variable]       12206/4194304  ( 0.3%) 
physics terrain       [variable]           2/1048576  ( 0.0%) 

Level flags = 3

Total triangle count: 395
Writing c:\program files (x86)\steam\steamapps\sourcemods\who\maps\map_2.bsp
6 seconds elapsed



materialPath: C:\Program Files (x86)\Steam\steamapps\sourcemods\who\materials
Loading c:\program files (x86)\steam\steamapps\sourcemods\who\maps\map_2.vmf
ConVarRef mat_reduceparticles doesn't point to an existing ConVar
fixing up env_cubemap materials on brush sides...
0...1...2...3...4...5...6...7...8...9...100...1...2...3...4...5...6...7...8...9...10Processing areas...done (0)
Building Faces...done (0)
FixTjuncs...
PruneNodes...
WriteBSP...
done (0)
writing c:\program files (x86)\steam\steamapps\sourcemods\who\maps\map_2.prt...Building visibility clusters...
done (0)
Finding displacement neighbors...
Finding lightmap sample positions...
Displacement Alpha : 0...1...2...3...4...5...6...7...8...9...10
Building Physics collision data...
done (0) (12206 bytes)
Placing static props...
Bad geometry on "models/chessandpieces/pawn_white.mdl"!
Placing detail props : 0...1...2...3...4...5...6...7...8...9...10
Compacting texture/material tables...
Reduced 74 texinfos to 49
Reduced 7 texdatas to 7 (144 bytes to 144)
Writing c:\program files (x86)\steam\steamapps\sourcemods\who\maps\map_2.bsp
0 seconds elapsed



8 threads
reading c:\program files (x86)\steam\steamapps\sourcemods\who\maps\map_2.bsp
reading c:\program files (x86)\steam\steamapps\sourcemods\who\maps\map_2.prt
  57 portalclusters
 128 numportals
0...1...2...3...4...5...6...7...8...9...100...1...2...3...4...5...6...7...8...9...10Optimized: 2 visible clusters (0.00%)
Total clusters visible: 1795
Average clusters visible: 31
Building PAS...
Average clusters audible: 50
visdatasize:1384  compressed from 912
writing c:\program files (x86)\steam\steamapps\sourcemods\who\maps\map_2.bsp
0 seconds elapsed



[Reading texlights from 'lights.rad']
[48 texlights parsed from 'lights.rad']

Loading c:\program files (x86)\steam\steamapps\sourcemods\who\maps\map_2.bsp
161 faces
20639 square feet [2972058.00 square inches]
0 Displacements
0 Square Feet [0.00 Square Inches]
161 patches before subdivision
1301 patches after subdivision
408 direct lights
0...1...2...3...4...5...6...7...8...9...100...1...2...3...4...5...6...7...8...9...10transfers 5858, max 80
transfer lists:   0.0 megs
0...1...2...3...4...5...6...7...8...9...10	Bounce #1 added RGB(167, 155, 103)
0...1...2...3...4...5...6...7...8...9...10	Bounce #2 added RGB(422, 417, 293)
0...1...2...3...4...5...6...7...8...9...10	Bounce #3 added RGB(262, 264, 186)
0...1...2...3...4...5...6...7...8...9...10	Bounce #4 added RGB(213, 217, 152)
0...1...2...3...4...5...6...7...8...9...10	Bounce #5 added RGB(164, 168, 117)
0...1...2...3...4...5...6...7...8...9...10	Bounce #6 added RGB(129, 133, 91)
0...1...2...3...4...5...6...7...8...9...10	Bounce #7 added RGB(101, 105, 71)
0...1...2...3...4...5...6...7...8...9...10	Bounce #8 added RGB(79, 82, 56)
0...1...2...3...4...5...6...7...8...9...10	Bounce #9 added RGB(62, 65, 44)
0...1...2...3...4...5...6...7...8...9...10	Bounce #10 added RGB(48, 51, 34)
0...1...2...3...4...5...6...7...8...9...10	Bounce #11 added RGB(38, 40, 27)
0...1...2...3...4...5...6...7...8...9...10	Bounce #12 added RGB(30, 32, 21)
0...1...2...3...4...5...6...7...8...9...10	Bounce #13 added RGB(23, 25, 16)
0...1...2...3...4...5...6...7...8...9...10	Bounce #14 added RGB(18, 20, 13)
0...1...2...3...4...5...6...7...8...9...10	Bounce #15 added RGB(14, 16, 10)
0...1...2...3...4...5...6...7...8...9...10	Bounce #16 added RGB(11, 12, 8)
0...1...2...3...4...5...6...7...8...9...10	Bounce #17 added RGB(9, 10, 6)
0...1...2...3...4...5...6...7...8...9...10	Bounce #18 added RGB(7, 8, 5)
0...1...2...3...4...5...6...7...8...9...10	Bounce #19 added RGB(5, 6, 4)
0...1...2...3...4...5...6...7...8...9...10	Bounce #20 added RGB(4, 5, 3)
0...1...2...3...4...5...6...7...8...9...10	Bounce #21 added RGB(3, 4, 2)
0...1...2...3...4...5...6...7...8...9...10	Bounce #22 added RGB(3, 3, 2)
0...1...2...3...4...5...6...7...8...9...10	Bounce #23 added RGB(2, 2, 1)
0...1...2...3...4...5...6...7...8...9...10	Bounce #24 added RGB(2, 2, 1)
0...1...2...3...4...5...6...7...8...9...10	Bounce #25 added RGB(1, 1, 1)
0...1...2...3...4...5...6...7...8...9...10	Bounce #26 added RGB(1, 1, 1)
0...1...2...3...4...5...6...7...8...9...10	Bounce #27 added RGB(1, 1, 1)
Build Patch/Sample Hash Table(s).....Done<0.0001 sec>
0...1...2...3...4...5...6...7...8...9...10FinalLightFace Done
2 of 403 (0% of) surface lights went in leaf ambient cubes.
0...1...2...3...4...5...6...7...8...9...10Writing leaf ambient...done
Computing static prop lighting : 00...1...2...3...4...5...6...7...8...9...10
Ready to Finish

Object names       Objects/Maxobjs  Memory / Maxmem  Fullness 
------------       ---------------  ---------------  -------- 
models                   4/4096          192/196608   ( 0.1%) 
brushes                 31/32768         372/393216   ( 0.1%) 
brushsides             186/65536        1488/524288   ( 0.3%) 
planes                 168/65536        3360/1310720  ( 0.3%) 
vertexes               270/65536        3240/786432   ( 0.4%) 
nodes                  156/65536        4992/2097152  ( 0.2%) 
texinfos                49/12288        3528/884736   ( 0.4%) 
texdata                  7/2048          224/65536    ( 0.3%) 
dispinfos                0/0               0/0        ( 0.0%) 
disp_verts               0/0               0/0        ( 0.0%) 
disp_tris                0/0               0/0        ( 0.0%) 
disp_lmsamples           0/0               0/0        ( 0.0%) 
faces                  161/65536        9016/3670016  ( 0.2%) 
hdr faces                0/65536           0/3670016  ( 0.0%) 
origfaces              104/65536        5824/3670016  ( 0.2%) 
leaves                 161/65536        5152/2097152  ( 0.2%) 
leaffaces              168/65536         336/131072   ( 0.3%) 
leafbrushes             95/65536         190/131072   ( 0.1%) 
areas                    2/1024           16/8192     ( 0.2%) 
surfedges             1133/512000       4532/2048000  ( 0.2%) 
edges                  619/256000       2476/1024000  ( 0.2%) 
LDR worldlights        408/16384       35904/1441792  ( 2.5%) 
HDR worldlights          0/16384           0/1441792  ( 0.0%) 
leafwaterdata            0/32768           0/393216   ( 0.0%) 
waterstrips             10/131072        100/1310720  ( 0.0%) 
waterverts               0/131072          0/1572864  ( 0.0%) 
waterindices           138/131072        276/262144   ( 0.1%) 
cubemapsamples           0/1024            0/16384    ( 0.0%) 
overlays                 0/1024            0/360448   ( 0.0%) 
LDR lightdata         [variable]       17476/0        ( 0.0%) 
HDR lightdata         [variable]           0/0        ( 0.0%) 
visdata               [variable]        1384/16777216 ( 0.0%) 
entdata               [variable]        3824/393216   ( 1.0%) 
LDR ambient table      161/65536         644/262144   ( 0.2%) 
HDR ambient table      161/65536         644/262144   ( 0.2%) 
LDR leaf ambient       794/65536       22232/1835008  ( 1.2%) 
HDR leaf ambient       161/65536        4508/1835008  ( 0.2%) 
occluders                0/0               0/0        ( 0.0%) 
occluder polygons        0/0               0/0        ( 0.0%) 
occluder vert ind        0/0               0/0        ( 0.0%) 
detail props          [variable]           1/12       ( 8.3%) 
static props          [variable]           1/3874     ( 0.0%) 
pakfile               [variable]      432380/0        ( 0.0%) 
physics               [variable]       12206/4194304  ( 0.3%) 
physics terrain       [variable]           2/1048576  ( 0.0%) 

Level flags = 1

Total triangle count: 395
Writing c:\program files (x86)\steam\steamapps\sourcemods\who\maps\map_2.bsp
6 seconds elapsed



[Reading texlights from 'lights.rad']
[48 texlights parsed from 'lights.rad']

Loading c:\program files (x86)\steam\steamapps\sourcemods\who\maps\map_2.bsp
161 faces
20639 square feet [2972058.00 square inches]
0 Displacements
0 Square Feet [0.00 Square Inches]
161 patches before subdivision
1301 patches after subdivision
408 direct lights
0...1...2...3...4...5...6...7...8...9...100...1...2...3...4...5...6...7...8...9...10transfers 5858, max 80
transfer lists:   0.0 megs
0...1...2...3...4...5...6...7...8...9...10	Bounce #1 added RGB(167, 155, 103)
0...1...2...3...4...5...6...7...8...9...10	Bounce #2 added RGB(422, 417, 293)
0...1...2...3...4...5...6...7...8...9...10	Bounce #3 added RGB(262, 264, 186)
0...1...2...3...4...5...6...7...8...9...10	Bounce #4 added RGB(213, 217, 152)
0...1...2...3...4...5...6...7...8...9...10	Bounce #5 added RGB(164, 168, 117)
0...1...2...3...4...5...6...7...8...9...10	Bounce #6 added RGB(129, 133, 91)
0...1...2...3...4...5...6...7...8...9...10	Bounce #7 added RGB(101, 105, 71)
0...1...2...3...4...5...6...7...8...9...10	Bounce #8 added RGB(79, 82, 56)
0...1...2...3...4...5...6...7...8...9...10	Bounce #9 added RGB(62, 65, 44)
0...1...2...3...4...5...6...7...8...9...10	Bounce #10 added RGB(48, 51, 34)
0...1...2...3...4...5...6...7...8...9...10	Bounce #11 added RGB(38, 40, 27)
0...1...2...3...4...5...6...7...8...9...10	Bounce #12 added RGB(30, 32, 21)
0...1...2...3...4...5...6...7...8...9...10	Bounce #13 added RGB(23, 25, 16)
0...1...2...3...4...5...6...7...8...9...10	Bounce #14 added RGB(18, 20, 13)
0...1...2...3...4...5...6...7...8...9...10	Bounce #15 added RGB(14, 16, 10)
0...1...2...3...4...5...6...7...8...9...10	Bounce #16 added RGB(11, 12, 8)
0...1...2...3...4...5...6...7...8...9...10	Bounce #17 added RGB(9, 10, 6)
0...1...2...3...4...5...6...7...8...9...10	Bounce #18 added RGB(7, 8, 5)
0...1...2...3...4...5...6...7...8...9...10	Bounce #19 added RGB(5, 6, 4)
0...1...2...3...4...5...6...7...8...9...10	Bounce #20 added RGB(4, 5, 3)
0...1...2...3...4...5...6...7...8...9...10	Bounce #21 added RGB(3, 4, 2)
0...1...2...3...4...5...6...7...8...9...10	Bounce #22 added RGB(3, 3, 2)
0...1...2...3...4...5...6...7...8...9...10	Bounce #23 added RGB(2, 2, 1)
0...1...2...3...4...5...6...7...8...9...10	Bounce #24 added RGB(2, 2, 1)
0...1...2...3...4...5...6...7...8...9...10	Bounce #25 added RGB(1, 1, 1)
0...1...2...3...4...5...6...7...8...9...10	Bounce #26 added RGB(1, 1, 1)
0...1...2...3...4...5...6...7...8...9...10	Bounce #27 added RGB(1, 1, 1)
Build Patch/Sample Hash Table(s).....Done<0.0001 sec>
0...1...2...3...4...5...6...7...8...9...10FinalLightFace Done
2 of 403 (0% of) surface lights went in leaf ambient cubes.
0...1...2...3...4...5...6...7...8...9...10Writing leaf ambient...done
Computing static prop lighting : 00...1...2...3...4...5...6...7...8...9...10
Ready to Finish

Object names       Objects/Maxobjs  Memory / Maxmem  Fullness 
------------       ---------------  ---------------  -------- 
models                   4/4096          192/196608   ( 0.1%) 
brushes                 31/32768         372/393216   ( 0.1%) 
brushsides             186/65536        1488/524288   ( 0.3%) 
planes                 168/65536        3360/1310720  ( 0.3%) 
vertexes               270/65536        3240/786432   ( 0.4%) 
nodes                  156/65536        4992/2097152  ( 0.2%) 
texinfos                49/12288        3528/884736   ( 0.4%) 
texdata                  7/2048          224/65536    ( 0.3%) 
dispinfos                0/0               0/0        ( 0.0%) 
disp_verts               0/0               0/0        ( 0.0%) 
disp_tris                0/0               0/0        ( 0.0%) 
disp_lmsamples           0/0               0/0        ( 0.0%) 
faces                  161/65536        9016/3670016  ( 0.2%) 
hdr faces              161/65536        9016/3670016  ( 0.2%) 
origfaces              104/65536        5824/3670016  ( 0.2%) 
leaves                 161/65536        5152/2097152  ( 0.2%) 
leaffaces              168/65536         336/131072   ( 0.3%) 
leafbrushes             95/65536         190/131072   ( 0.1%) 
areas                    2/1024           16/8192     ( 0.2%) 
surfedges             1133/512000       4532/2048000  ( 0.2%) 
edges                  619/256000       2476/1024000  ( 0.2%) 
LDR worldlights        408/16384       35904/1441792  ( 2.5%) 
HDR worldlights        408/16384       35904/1441792  ( 2.5%) 
leafwaterdata            0/32768           0/393216   ( 0.0%) 
waterstrips             10/131072        100/1310720  ( 0.0%) 
waterverts               0/131072          0/1572864  ( 0.0%) 
waterindices           138/131072        276/262144   ( 0.1%) 
cubemapsamples           0/1024            0/16384    ( 0.0%) 
overlays                 0/1024            0/360448   ( 0.0%) 
LDR lightdata         [variable]       17476/0        ( 0.0%) 
HDR lightdata         [variable]       17476/0        ( 0.0%) 
visdata               [variable]        1384/16777216 ( 0.0%) 
entdata               [variable]        3824/393216   ( 1.0%) 
LDR ambient table      161/65536         644/262144   ( 0.2%) 
HDR ambient table      161/65536         644/262144   ( 0.2%) 
LDR leaf ambient       794/65536       22232/1835008  ( 1.2%) 
HDR leaf ambient       794/65536       22232/1835008  ( 1.2%) 
occluders                0/0               0/0        ( 0.0%) 
occluder polygons        0/0               0/0        ( 0.0%) 
occluder vert ind        0/0               0/0        ( 0.0%) 
detail props          [variable]           1/12       ( 8.3%) 
static props          [variable]           1/3874     ( 0.0%) 
pakfile               [variable]      864986/0        ( 0.0%) 
physics               [variable]       12206/4194304  ( 0.3%) 
physics terrain       [variable]           2/1048576  ( 0.0%) 

Level flags = 3

Total triangle count: 395
Writing c:\program files (x86)\steam\steamapps\sourcemods\who\maps\map_2.bsp
6 seconds elapsed



materialPath: C:\Program Files (x86)\Steam\steamapps\sourcemods\who\materials
Loading c:\program files (x86)\steam\steamapps\sourcemods\who\maps\map_2.vmf
ConVarRef mat_reduceparticles doesn't point to an existing ConVar
fixing up env_cubemap materials on brush sides...
0...1...2...3...4...5...6...7...8...9...100...1...2...3...4...5...6...7...8...9...10Processing areas...done (0)
Building Faces...done (0)
FixTjuncs...
PruneNodes...
WriteBSP...
done (0)
writing c:\program files (x86)\steam\steamapps\sourcemods\who\maps\map_2.prt...Building visibility clusters...
done (0)
Finding displacement neighbors...
Finding lightmap sample positions...
Displacement Alpha : 0...1...2...3...4...5...6...7...8...9...10
Building Physics collision data...
done (0) (12206 bytes)
Placing static props...
Bad geometry on "models/chessandpieces/pawn_white.mdl"!
Placing detail props : 0...1...2...3...4...5...6...7...8...9...10
Compacting texture/material tables...
Reduced 74 texinfos to 49
Reduced 7 texdatas to 7 (144 bytes to 144)
Writing c:\program files (x86)\steam\steamapps\sourcemods\who\maps\map_2.bsp
0 seconds elapsed



8 threads
reading c:\program files (x86)\steam\steamapps\sourcemods\who\maps\map_2.bsp
reading c:\program files (x86)\steam\steamapps\sourcemods\who\maps\map_2.prt
  57 portalclusters
 128 numportals
0...1...2...3...4...5...6...7...8...9...100...1...2...3...4...5...6...7...8...9...10Optimized: 2 visible clusters (0.00%)
Total clusters visible: 1795
Average clusters visible: 31
Building PAS...
Average clusters audible: 50
visdatasize:1384  compressed from 912
writing c:\program files (x86)\steam\steamapps\sourcemods\who\maps\map_2.bsp
0 seconds elapsed



[Reading texlights from 'lights.rad']
[48 texlights parsed from 'lights.rad']

Loading c:\program files (x86)\steam\steamapps\sourcemods\who\maps\map_2.bsp
161 faces
20639 square feet [2972154.00 square inches]
0 Displacements
0 Square Feet [0.00 Square Inches]
161 patches before subdivision
1301 patches after subdivision
408 direct lights
0...1...2...3...4...5...6...7...8...9...100...1...2...3...4...5...6...7...8...9...10transfers 5858, max 80
transfer lists:   0.0 megs
0...1...2...3...4...5...6...7...8...9...10	Bounce #1 added RGB(167, 155, 103)
0...1...2...3...4...5...6...7...8...9...10	Bounce #2 added RGB(422, 417, 293)
0...1...2...3...4...5...6...7...8...9...10	Bounce #3 added RGB(262, 264, 186)
0...1...2...3...4...5...6...7...8...9...10	Bounce #4 added RGB(213, 217, 152)
0...1...2...3...4...5...6...7...8...9...10	Bounce #5 added RGB(164, 168, 117)
0...1...2...3...4...5...6...7...8...9...10	Bounce #6 added RGB(129, 133, 91)
0...1...2...3...4...5...6...7...8...9...10	Bounce #7 added RGB(101, 105, 71)
0...1...2...3...4...5...6...7...8...9...10	Bounce #8 added RGB(79, 82, 56)
0...1...2...3...4...5...6...7...8...9...10	Bounce #9 added RGB(62, 65, 44)
0...1...2...3...4...5...6...7...8...9...10	Bounce #10 added RGB(48, 51, 34)
0...1...2...3...4...5...6...7...8...9...10	Bounce #11 added RGB(38, 40, 27)
0...1...2...3...4...5...6...7...8...9...10	Bounce #12 added RGB(30, 32, 21)
0...1...2...3...4...5...6...7...8...9...10	Bounce #13 added RGB(23, 25, 16)
0...1...2...3...4...5...6...7...8...9...10	Bounce #14 added RGB(18, 20, 13)
0...1...2...3...4...5...6...7...8...9...10	Bounce #15 added RGB(14, 16, 10)
0...1...2...3...4...5...6...7...8...9...10	Bounce #16 added RGB(11, 12, 8)
0...1...2...3...4...5...6...7...8...9...10	Bounce #17 added RGB(9, 10, 6)
0...1...2...3...4...5...6...7...8...9...10	Bounce #18 added RGB(7, 8, 5)
0...1...2...3...4...5...6...7...8...9...10	Bounce #19 added RGB(5, 6, 4)
0...1...2...3...4...5...6...7...8...9...10	Bounce #20 added RGB(4, 5, 3)
0...1...2...3...4...5...6...7...8...9...10	Bounce #21 added RGB(3, 4, 2)
0...1...2...3...4...5...6...7...8...9...10	Bounce #22 added RGB(3, 3, 2)
0...1...2...3...4...5...6...7...8...9...10	Bounce #23 added RGB(2, 2, 1)
0...1...2...3...4...5...6...7...8...9...10	Bounce #24 added RGB(2, 2, 1)
0...1...2...3...4...5...6...7...8...9...10	Bounce #25 added RGB(1, 1, 1)
0...1...2...3...4...5...6...7...8...9...10	Bounce #26 added RGB(1, 1, 1)
0...1...2...3...4...5...6...7...8...9...10	Bounce #27 added RGB(1, 1, 1)
Build Patch/Sample Hash Table(s).....Done<0.0001 sec>
0...1...2...3...4...5...6...7...8...9...10FinalLightFace Done
2 of 403 (0% of) surface lights went in leaf ambient cubes.
0...1...2...3...4...5...6...7...8...9...10Writing leaf ambient...done
Computing static prop lighting : 00...1...2...3...4...5...6...7...8...9...10
Ready to Finish

Object names       Objects/Maxobjs  Memory / Maxmem  Fullness 
------------       ---------------  ---------------  -------- 
models                   4/4096          192/196608   ( 0.1%) 
brushes                 31/32768         372/393216   ( 0.1%) 
brushsides             186/65536        1488/524288   ( 0.3%) 
planes                 168/65536        3360/1310720  ( 0.3%) 
vertexes               270/65536        3240/786432   ( 0.4%) 
nodes                  156/65536        4992/2097152  ( 0.2%) 
texinfos                49/12288        3528/884736   ( 0.4%) 
texdata                  7/2048          224/65536    ( 0.3%) 
dispinfos                0/0               0/0        ( 0.0%) 
disp_verts               0/0               0/0        ( 0.0%) 
disp_tris                0/0               0/0        ( 0.0%) 
disp_lmsamples           0/0               0/0        ( 0.0%) 
faces                  161/65536        9016/3670016  ( 0.2%) 
hdr faces                0/65536           0/3670016  ( 0.0%) 
origfaces              104/65536        5824/3670016  ( 0.2%) 
leaves                 161/65536        5152/2097152  ( 0.2%) 
leaffaces              168/65536         336/131072   ( 0.3%) 
leafbrushes             95/65536         190/131072   ( 0.1%) 
areas                    2/1024           16/8192     ( 0.2%) 
surfedges             1133/512000       4532/2048000  ( 0.2%) 
edges                  619/256000       2476/1024000  ( 0.2%) 
LDR worldlights        408/16384       35904/1441792  ( 2.5%) 
HDR worldlights          0/16384           0/1441792  ( 0.0%) 
leafwaterdata            0/32768           0/393216   ( 0.0%) 
waterstrips             10/131072        100/1310720  ( 0.0%) 
waterverts               0/131072          0/1572864  ( 0.0%) 
waterindices           138/131072        276/262144   ( 0.1%) 
cubemapsamples           0/1024            0/16384    ( 0.0%) 
overlays                 0/1024            0/360448   ( 0.0%) 
LDR lightdata         [variable]       17476/0        ( 0.0%) 
HDR lightdata         [variable]           0/0        ( 0.0%) 
visdata               [variable]        1384/16777216 ( 0.0%) 
entdata               [variable]        3777/393216   ( 1.0%) 
LDR ambient table      161/65536         644/262144   ( 0.2%) 
HDR ambient table      161/65536         644/262144   ( 0.2%) 
LDR leaf ambient       794/65536       22232/1835008  ( 1.2%) 
HDR leaf ambient       161/65536        4508/1835008  ( 0.2%) 
occluders                0/0               0/0        ( 0.0%) 
occluder polygons        0/0               0/0        ( 0.0%) 
occluder vert ind        0/0               0/0        ( 0.0%) 
detail props          [variable]           1/12       ( 8.3%) 
static props          [variable]           1/3874     ( 0.0%) 
pakfile               [variable]      432380/0        ( 0.0%) 
physics               [variable]       12206/4194304  ( 0.3%) 
physics terrain       [variable]           2/1048576  ( 0.0%) 

Level flags = 1

Total triangle count: 395
Writing c:\program files (x86)\steam\steamapps\sourcemods\who\maps\map_2.bsp
6 seconds elapsed



[Reading texlights from 'lights.rad']
[48 texlights parsed from 'lights.rad']

Loading c:\program files (x86)\steam\steamapps\sourcemods\who\maps\map_2.bsp
161 faces
20639 square feet [2972154.00 square inches]
0 Displacements
0 Square Feet [0.00 Square Inches]
161 patches before subdivision
1301 patches after subdivision
408 direct lights
0...1...2...3...4...5...6...7...8...9...100...1...2...3...4...5...6...7...8...9...10transfers 5858, max 80
transfer lists:   0.0 megs
0...1...2...3...4...5...6...7...8...9...10	Bounce #1 added RGB(167, 155, 103)
0...1...2...3...4...5...6...7...8...9...10	Bounce #2 added RGB(422, 417, 293)
0...1...2...3...4...5...6...7...8...9...10	Bounce #3 added RGB(262, 264, 186)
0...1...2...3...4...5...6...7...8...9...10	Bounce #4 added RGB(213, 217, 152)
0...1...2...3...4...5...6...7...8...9...10	Bounce #5 added RGB(164, 168, 117)
0...1...2...3...4...5...6...7...8...9...10	Bounce #6 added RGB(129, 133, 91)
0...1...2...3...4...5...6...7...8...9...10	Bounce #7 added RGB(101, 105, 71)
0...1...2...3...4...5...6...7...8...9...10	Bounce #8 added RGB(79, 82, 56)
0...1...2...3...4...5...6...7...8...9...10	Bounce #9 added RGB(62, 65, 44)
0...1...2...3...4...5...6...7...8...9...10	Bounce #10 added RGB(48, 51, 34)
0...1...2...3...4...5...6...7...8...9...10	Bounce #11 added RGB(38, 40, 27)
0...1...2...3...4...5...6...7...8...9...10	Bounce #12 added RGB(30, 32, 21)
0...1...2...3...4...5...6...7...8...9...10	Bounce #13 added RGB(23, 25, 16)
0...1...2...3...4...5...6...7...8...9...10	Bounce #14 added RGB(18, 20, 13)
0...1...2...3...4...5...6...7...8...9...10	Bounce #15 added RGB(14, 16, 10)
0...1...2...3...4...5...6...7...8...9...10	Bounce #16 added RGB(11, 12, 8)
0...1...2...3...4...5...6...7...8...9...10	Bounce #17 added RGB(9, 10, 6)
0...1...2...3...4...5...6...7...8...9...10	Bounce #18 added RGB(7, 8, 5)
0...1...2...3...4...5...6...7...8...9...10	Bounce #19 added RGB(5, 6, 4)
0...1...2...3...4...5...6...7...8...9...10	Bounce #20 added RGB(4, 5, 3)
0...1...2...3...4...5...6...7...8...9...10	Bounce #21 added RGB(3, 4, 2)
0...1...2...3...4...5...6...7...8...9...10	Bounce #22 added RGB(3, 3, 2)
0...1...2...3...4...5...6...7...8...9...10	Bounce #23 added RGB(2, 2, 1)
0...1...2...3...4...5...6...7...8...9...10	Bounce #24 added RGB(2, 2, 1)
0...1...2...3...4...5...6...7...8...9...10	Bounce #25 added RGB(1, 1, 1)
0...1...2...3...4...5...6...7...8...9...10	Bounce #26 added RGB(1, 1, 1)
0...1...2...3...4...5...6...7...8...9...10	Bounce #27 added RGB(1, 1, 1)
Build Patch/Sample Hash Table(s).....Done<0.0001 sec>
0...1...2...3...4...5...6...7...8...9...10FinalLightFace Done
2 of 403 (0% of) surface lights went in leaf ambient cubes.
0...1...2...3...4...5...6...7...8...9...10Writing leaf ambient...done
Computing static prop lighting : 00...1...2...3...4...5...6...7...8...9...10
Ready to Finish

Object names       Objects/Maxobjs  Memory / Maxmem  Fullness 
------------       ---------------  ---------------  -------- 
models                   4/4096          192/196608   ( 0.1%) 
brushes                 31/32768         372/393216   ( 0.1%) 
brushsides             186/65536        1488/524288   ( 0.3%) 
planes                 168/65536        3360/1310720  ( 0.3%) 
vertexes               270/65536        3240/786432   ( 0.4%) 
nodes                  156/65536        4992/2097152  ( 0.2%) 
texinfos                49/12288        3528/884736   ( 0.4%) 
texdata                  7/2048          224/65536    ( 0.3%) 
dispinfos                0/0               0/0        ( 0.0%) 
disp_verts               0/0               0/0        ( 0.0%) 
disp_tris                0/0               0/0        ( 0.0%) 
disp_lmsamples           0/0               0/0        ( 0.0%) 
faces                  161/65536        9016/3670016  ( 0.2%) 
hdr faces              161/65536        9016/3670016  ( 0.2%) 
origfaces              104/65536        5824/3670016  ( 0.2%) 
leaves                 161/65536        5152/2097152  ( 0.2%) 
leaffaces              168/65536         336/131072   ( 0.3%) 
leafbrushes             95/65536         190/131072   ( 0.1%) 
areas                    2/1024           16/8192     ( 0.2%) 
surfedges             1133/512000       4532/2048000  ( 0.2%) 
edges                  619/256000       2476/1024000  ( 0.2%) 
LDR worldlights        408/16384       35904/1441792  ( 2.5%) 
HDR worldlights        408/16384       35904/1441792  ( 2.5%) 
leafwaterdata            0/32768           0/393216   ( 0.0%) 
waterstrips             10/131072        100/1310720  ( 0.0%) 
waterverts               0/131072          0/1572864  ( 0.0%) 
waterindices           138/131072        276/262144   ( 0.1%) 
cubemapsamples           0/1024            0/16384    ( 0.0%) 
overlays                 0/1024            0/360448   ( 0.0%) 
LDR lightdata         [variable]       17476/0        ( 0.0%) 
HDR lightdata         [variable]       17476/0        ( 0.0%) 
visdata               [variable]        1384/16777216 ( 0.0%) 
entdata               [variable]        3777/393216   ( 1.0%) 
LDR ambient table      161/65536         644/262144   ( 0.2%) 
HDR ambient table      161/65536         644/262144   ( 0.2%) 
LDR leaf ambient       794/65536       22232/1835008  ( 1.2%) 
HDR leaf ambient       794/65536       22232/1835008  ( 1.2%) 
occluders                0/0               0/0        ( 0.0%) 
occluder polygons        0/0               0/0        ( 0.0%) 
occluder vert ind        0/0               0/0        ( 0.0%) 
detail props          [variable]           1/12       ( 8.3%) 
static props          [variable]           1/3874     ( 0.0%) 
pakfile               [variable]      864986/0        ( 0.0%) 
physics               [variable]       12206/4194304  ( 0.3%) 
physics terrain       [variable]           2/1048576  ( 0.0%) 

Level flags = 3

Total triangle count: 395
Writing c:\program files (x86)\steam\steamapps\sourcemods\who\maps\map_2.bsp
6 seconds elapsed



materialPath: C:\Program Files (x86)\Steam\steamapps\sourcemods\who\materials
Loading c:\program files (x86)\steam\steamapps\sourcemods\who\maps\map_2.vmf
ConVarRef mat_reduceparticles doesn't point to an existing ConVar
fixing up env_cubemap materials on brush sides...
0...1...2...3...4...5...6...7...8...9...100...1...2...3...4...5...6...7...8...9...10Processing areas...done (0)
Building Faces...done (0)
FixTjuncs...
PruneNodes...
WriteBSP...
done (0)
writing c:\program files (x86)\steam\steamapps\sourcemods\who\maps\map_2.prt...Building visibility clusters...
done (0)
Finding displacement neighbors...
Finding lightmap sample positions...
Displacement Alpha : 0...1...2...3...4...5...6...7...8...9...10
Building Physics collision data...
done (0) (12206 bytes)
Placing static props...
Bad geometry on "models/chessandpieces/pawn_white.mdl"!
Placing detail props : 0...1...2...3...4...5...6...7...8...9...10
Compacting texture/material tables...
Reduced 74 texinfos to 49
Reduced 7 texdatas to 7 (144 bytes to 144)
Writing c:\program files (x86)\steam\steamapps\sourcemods\who\maps\map_2.bsp
0 seconds elapsed



8 threads
reading c:\program files (x86)\steam\steamapps\sourcemods\who\maps\map_2.bsp
reading c:\program files (x86)\steam\steamapps\sourcemods\who\maps\map_2.prt
  57 portalclusters
 128 numportals
0...1...2...3...4...5...6...7...8...9...100...1...2...3...4...5...6...7...8...9...10Optimized: 2 visible clusters (0.00%)
Total clusters visible: 1795
Average clusters visible: 31
Building PAS...
Average clusters audible: 50
visdatasize:1384  compressed from 912
writing c:\program files (x86)\steam\steamapps\sourcemods\who\maps\map_2.bsp
0 seconds elapsed



[Reading texlights from 'lights.rad']
[48 texlights parsed from 'lights.rad']

Loading c:\program files (x86)\steam\steamapps\sourcemods\who\maps\map_2.bsp
161 faces
20639 square feet [2972154.00 square inches]
0 Displacements
0 Square Feet [0.00 Square Inches]
161 patches before subdivision
1301 patches after subdivision
408 direct lights
0...1...2...3...4...5...6...7...8...9...100...1...2...3...4...5...6...7...8...9...10transfers 5858, max 80
transfer lists:   0.0 megs
0...1...2...3...4...5...6...7...8...9...10	Bounce #1 added RGB(167, 155, 103)
0...1...2...3...4...5...6...7...8...9...10	Bounce #2 added RGB(422, 417, 293)
0...1...2...3...4...5...6...7...8...9...10	Bounce #3 added RGB(262, 264, 186)
0...1...2...3...4...5...6...7...8...9...10	Bounce #4 added RGB(213, 217, 152)
0...1...2...3...4...5...6...7...8...9...10	Bounce #5 added RGB(164, 168, 117)
0...1...2...3...4...5...6...7...8...9...10	Bounce #6 added RGB(129, 133, 91)
0...1...2...3...4...5...6...7...8...9...10	Bounce #7 added RGB(101, 105, 71)
0...1...2...3...4...5...6...7...8...9...10	Bounce #8 added RGB(79, 82, 56)
0...1...2...3...4...5...6...7...8...9...10	Bounce #9 added RGB(62, 65, 44)
0...1...2...3...4...5...6...7...8...9...10	Bounce #10 added RGB(48, 51, 34)
0...1...2...3...4...5...6...7...8...9...10	Bounce #11 added RGB(38, 40, 27)
0...1...2...3...4...5...6...7...8...9...10	Bounce #12 added RGB(30, 32, 21)
0...1...2...3...4...5...6...7...8...9...10	Bounce #13 added RGB(23, 25, 16)
0...1...2...3...4...5...6...7...8...9...10	Bounce #14 added RGB(18, 20, 13)
0...1...2...3...4...5...6...7...8...9...10	Bounce #15 added RGB(14, 16, 10)
0...1...2...3...4...5...6...7...8...9...10	Bounce #16 added RGB(11, 12, 8)
0...1...2...3...4...5...6...7...8...9...10	Bounce #17 added RGB(9, 10, 6)
0...1...2...3...4...5...6...7...8...9...10	Bounce #18 added RGB(7, 8, 5)
0...1...2...3...4...5...6...7...8...9...10	Bounce #19 added RGB(5, 6, 4)
0...1...2...3...4...5...6...7...8...9...10	Bounce #20 added RGB(4, 5, 3)
0...1...2...3...4...5...6...7...8...9...10	Bounce #21 added RGB(3, 4, 2)
0...1...2...3...4...5...6...7...8...9...10	Bounce #22 added RGB(3, 3, 2)
0...1...2...3...4...5...6...7...8...9...10	Bounce #23 added RGB(2, 2, 1)
0...1...2...3...4...5...6...7...8...9...10	Bounce #24 added RGB(2, 2, 1)
0...1...2...3...4...5...6...7...8...9...10	Bounce #25 added RGB(1, 1, 1)
0...1...2...3...4...5...6...7...8...9...10	Bounce #26 added RGB(1, 1, 1)
0...1...2...3...4...5...6...7...8...9...10	Bounce #27 added RGB(1, 1, 1)
Build Patch/Sample Hash Table(s).....Done<0.0001 sec>
0...1...2...3...4...5...6...7...8...9...10FinalLightFace Done
2 of 403 (0% of) surface lights went in leaf ambient cubes.
0...1...2...3...4...5...6...7...8...9...10Writing leaf ambient...done
Computing static prop lighting : 00...1...2...3...4...5...6...7...8...9...10
Ready to Finish

Object names       Objects/Maxobjs  Memory / Maxmem  Fullness 
------------       ---------------  ---------------  -------- 
models                   4/4096          192/196608   ( 0.1%) 
brushes                 31/32768         372/393216   ( 0.1%) 
brushsides             186/65536        1488/524288   ( 0.3%) 
planes                 168/65536        3360/1310720  ( 0.3%) 
vertexes               270/65536        3240/786432   ( 0.4%) 
nodes                  156/65536        4992/2097152  ( 0.2%) 
texinfos                49/12288        3528/884736   ( 0.4%) 
texdata                  7/2048          224/65536    ( 0.3%) 
dispinfos                0/0               0/0        ( 0.0%) 
disp_verts               0/0               0/0        ( 0.0%) 
disp_tris                0/0               0/0        ( 0.0%) 
disp_lmsamples           0/0               0/0        ( 0.0%) 
faces                  161/65536        9016/3670016  ( 0.2%) 
hdr faces                0/65536           0/3670016  ( 0.0%) 
origfaces              104/65536        5824/3670016  ( 0.2%) 
leaves                 161/65536        5152/2097152  ( 0.2%) 
leaffaces              168/65536         336/131072   ( 0.3%) 
leafbrushes             95/65536         190/131072   ( 0.1%) 
areas                    2/1024           16/8192     ( 0.2%) 
surfedges             1133/512000       4532/2048000  ( 0.2%) 
edges                  619/256000       2476/1024000  ( 0.2%) 
LDR worldlights        408/16384       35904/1441792  ( 2.5%) 
HDR worldlights          0/16384           0/1441792  ( 0.0%) 
leafwaterdata            0/32768           0/393216   ( 0.0%) 
waterstrips             10/131072        100/1310720  ( 0.0%) 
waterverts               0/131072          0/1572864  ( 0.0%) 
waterindices           138/131072        276/262144   ( 0.1%) 
cubemapsamples           0/1024            0/16384    ( 0.0%) 
overlays                 0/1024            0/360448   ( 0.0%) 
LDR lightdata         [variable]       17476/0        ( 0.0%) 
HDR lightdata         [variable]           0/0        ( 0.0%) 
visdata               [variable]        1384/16777216 ( 0.0%) 
entdata               [variable]        3777/393216   ( 1.0%) 
LDR ambient table      161/65536         644/262144   ( 0.2%) 
HDR ambient table      161/65536         644/262144   ( 0.2%) 
LDR leaf ambient       794/65536       22232/1835008  ( 1.2%) 
HDR leaf ambient       161/65536        4508/1835008  ( 0.2%) 
occluders                0/0               0/0        ( 0.0%) 
occluder polygons        0/0               0/0        ( 0.0%) 
occluder vert ind        0/0               0/0        ( 0.0%) 
detail props          [variable]           1/12       ( 8.3%) 
static props          [variable]           1/3874     ( 0.0%) 
pakfile               [variable]      432380/0        ( 0.0%) 
physics               [variable]       12206/4194304  ( 0.3%) 
physics terrain       [variable]           2/1048576  ( 0.0%) 

Level flags = 1

Total triangle count: 395
Writing c:\program files (x86)\steam\steamapps\sourcemods\who\maps\map_2.bsp
6 seconds elapsed



[Reading texlights from 'lights.rad']
[48 texlights parsed from 'lights.rad']

Loading c:\program files (x86)\steam\steamapps\sourcemods\who\maps\map_2.bsp
161 faces
20639 square feet [2972154.00 square inches]
0 Displacements
0 Square Feet [0.00 Square Inches]
161 patches before subdivision
1301 patches after subdivision
408 direct lights
0...1...2...3...4...5...6...7...8...9...100...1...2...3...4...5...6...7...8...9...10transfers 5858, max 80
transfer lists:   0.0 megs
0...1...2...3...4...5...6...7...8...9...10	Bounce #1 added RGB(167, 155, 103)
0...1...2...3...4...5...6...7...8...9...10	Bounce #2 added RGB(422, 417, 293)
0...1...2...3...4...5...6...7...8...9...10	Bounce #3 added RGB(262, 264, 186)
0...1...2...3...4...5...6...7...8...9...10	Bounce #4 added RGB(213, 217, 152)
0...1...2...3...4...5...6...7...8...9...10	Bounce #5 added RGB(164, 168, 117)
0...1...2...3...4...5...6...7...8...9...10	Bounce #6 added RGB(129, 133, 91)
0...1...2...3...4...5...6...7...8...9...10	Bounce #7 added RGB(101, 105, 71)
0...1...2...3...4...5...6...7...8...9...10	Bounce #8 added RGB(79, 82, 56)
0...1...2...3...4...5...6...7...8...9...10	Bounce #9 added RGB(62, 65, 44)
0...1...2...3...4...5...6...7...8...9...10	Bounce #10 added RGB(48, 51, 34)
0...1...2...3...4...5...6...7...8...9...10	Bounce #11 added RGB(38, 40, 27)
0...1...2...3...4...5...6...7...8...9...10	Bounce #12 added RGB(30, 32, 21)
0...1...2...3...4...5...6...7...8...9...10	Bounce #13 added RGB(23, 25, 16)
0...1...2...3...4...5...6...7...8...9...10	Bounce #14 added RGB(18, 20, 13)
0...1...2...3...4...5...6...7...8...9...10	Bounce #15 added RGB(14, 16, 10)
0...1...2...3...4...5...6...7...8...9...10	Bounce #16 added RGB(11, 12, 8)
0...1...2...3...4...5...6...7...8...9...10	Bounce #17 added RGB(9, 10, 6)
0...1...2...3...4...5...6...7...8...9...10	Bounce #18 added RGB(7, 8, 5)
0...1...2...3...4...5...6...7...8...9...10	Bounce #19 added RGB(5, 6, 4)
0...1...2...3...4...5...6...7...8...9...10	Bounce #20 added RGB(4, 5, 3)
0...1...2...3...4...5...6...7...8...9...10	Bounce #21 added RGB(3, 4, 2)
0...1...2...3...4...5...6...7...8...9...10	Bounce #22 added RGB(3, 3, 2)
0...1...2...3...4...5...6...7...8...9...10	Bounce #23 added RGB(2, 2, 1)
0...1...2...3...4...5...6...7...8...9...10	Bounce #24 added RGB(2, 2, 1)
0...1...2...3...4...5...6...7...8...9...10	Bounce #25 added RGB(1, 1, 1)
0...1...2...3...4...5...6...7...8...9...10	Bounce #26 added RGB(1, 1, 1)
0...1...2...3...4...5...6...7...8...9...10	Bounce #27 added RGB(1, 1, 1)
Build Patch/Sample Hash Table(s).....Done<0.0001 sec>
0...1...2...3...4...5...6...7...8...9...10FinalLightFace Done
2 of 403 (0% of) surface lights went in leaf ambient cubes.
0...1...2...3...4...5...6...7...8...9...10Writing leaf ambient...done
Computing static prop lighting : 00...1...2...3...4...5...6...7...8...9...10
Ready to Finish

Object names       Objects/Maxobjs  Memory / Maxmem  Fullness 
------------       ---------------  ---------------  -------- 
models                   4/4096          192/196608   ( 0.1%) 
brushes                 31/32768         372/393216   ( 0.1%) 
brushsides             186/65536        1488/524288   ( 0.3%) 
planes                 168/65536        3360/1310720  ( 0.3%) 
vertexes               270/65536        3240/786432   ( 0.4%) 
nodes                  156/65536        4992/2097152  ( 0.2%) 
texinfos                49/12288        3528/884736   ( 0.4%) 
texdata                  7/2048          224/65536    ( 0.3%) 
dispinfos                0/0               0/0        ( 0.0%) 
disp_verts               0/0               0/0        ( 0.0%) 
disp_tris                0/0               0/0        ( 0.0%) 
disp_lmsamples           0/0               0/0        ( 0.0%) 
faces                  161/65536        9016/3670016  ( 0.2%) 
hdr faces              161/65536        9016/3670016  ( 0.2%) 
origfaces              104/65536        5824/3670016  ( 0.2%) 
leaves                 161/65536        5152/2097152  ( 0.2%) 
leaffaces              168/65536         336/131072   ( 0.3%) 
leafbrushes             95/65536         190/131072   ( 0.1%) 
areas                    2/1024           16/8192     ( 0.2%) 
surfedges             1133/512000       4532/2048000  ( 0.2%) 
edges                  619/256000       2476/1024000  ( 0.2%) 
LDR worldlights        408/16384       35904/1441792  ( 2.5%) 
HDR worldlights        408/16384       35904/1441792  ( 2.5%) 
leafwaterdata            0/32768           0/393216   ( 0.0%) 
waterstrips             10/131072        100/1310720  ( 0.0%) 
waterverts               0/131072          0/1572864  ( 0.0%) 
waterindices           138/131072        276/262144   ( 0.1%) 
cubemapsamples           0/1024            0/16384    ( 0.0%) 
overlays                 0/1024            0/360448   ( 0.0%) 
LDR lightdata         [variable]       17476/0        ( 0.0%) 
HDR lightdata         [variable]       17476/0        ( 0.0%) 
visdata               [variable]        1384/16777216 ( 0.0%) 
entdata               [variable]        3777/393216   ( 1.0%) 
LDR ambient table      161/65536         644/262144   ( 0.2%) 
HDR ambient table      161/65536         644/262144   ( 0.2%) 
LDR leaf ambient       794/65536       22232/1835008  ( 1.2%) 
HDR leaf ambient       794/65536       22232/1835008  ( 1.2%) 
occluders                0/0               0/0        ( 0.0%) 
occluder polygons        0/0               0/0        ( 0.0%) 
occluder vert ind        0/0               0/0        ( 0.0%) 
detail props          [variable]           1/12       ( 8.3%) 
static props          [variable]           1/3874     ( 0.0%) 
pakfile               [variable]      864986/0        ( 0.0%) 
physics               [variable]       12206/4194304  ( 0.3%) 
physics terrain       [variable]           2/1048576  ( 0.0%) 

Level flags = 3

Total triangle count: 395
Writing c:\program files (x86)\steam\steamapps\sourcemods\who\maps\map_2.bsp
6 seconds elapsed



materialPath: C:\Program Files (x86)\Steam\steamapps\sourcemods\who\materials
Loading c:\program files (x86)\steam\steamapps\sourcemods\who\maps\map_2.vmf
ConVarRef mat_reduceparticles doesn't point to an existing ConVar
fixing up env_cubemap materials on brush sides...
0...1...2...3...4...5...6...7...8...9...100...1...2...3...4...5...6...7...8...9...10Processing areas...done (0)
Building Faces...done (0)
FixTjuncs...
PruneNodes...
WriteBSP...
done (0)
writing c:\program files (x86)\steam\steamapps\sourcemods\who\maps\map_2.prt...Building visibility clusters...
done (0)
Finding displacement neighbors...
Finding lightmap sample positions...
Displacement Alpha : 0...1...2...3...4...5...6...7...8...9...10
Building Physics collision data...
done (0) (12206 bytes)
Placing static props...
Bad geometry on "models/chessandpieces/pawn_white.mdl"!
Placing detail props : 0...1...2...3...4...5...6...7...8...9...10
Compacting texture/material tables...
Reduced 74 texinfos to 49
Reduced 7 texdatas to 7 (144 bytes to 144)
Writing c:\program files (x86)\steam\steamapps\sourcemods\who\maps\map_2.bsp
0 seconds elapsed



8 threads
reading c:\program files (x86)\steam\steamapps\sourcemods\who\maps\map_2.bsp
reading c:\program files (x86)\steam\steamapps\sourcemods\who\maps\map_2.prt
  57 portalclusters
 128 numportals
0...1...2...3...4...5...6...7...8...9...100...1...2...3...4...5...6...7...8...9...10Optimized: 2 visible clusters (0.00%)
Total clusters visible: 1795
Average clusters visible: 31
Building PAS...
Average clusters audible: 50
visdatasize:1384  compressed from 912
writing c:\program files (x86)\steam\steamapps\sourcemods\who\maps\map_2.bsp
0 seconds elapsed



[Reading texlights from 'lights.rad']
[48 texlights parsed from 'lights.rad']

Loading c:\program files (x86)\steam\steamapps\sourcemods\who\maps\map_2.bsp
161 faces
20639 square feet [2972154.00 square inches]
0 Displacements
0 Square Feet [0.00 Square Inches]
161 patches before subdivision
1301 patches after subdivision
408 direct lights
0...1...2...3...4...5...6...7...8...9...100...1...2...3...4...5...6...7...8...9...10transfers 5858, max 80
transfer lists:   0.0 megs
0...1...2...3...4...5...6...7...8...9...10	Bounce #1 added RGB(167, 155, 103)
0...1...2...3...4...5...6...7...8...9...10	Bounce #2 added RGB(422, 417, 293)
0...1...2...3...4...5...6...7...8...9...10	Bounce #3 added RGB(262, 264, 186)
0...1...2...3...4...5...6...7...8...9...10	Bounce #4 added RGB(213, 217, 152)
0...1...2...3...4...5...6...7...8...9...10	Bounce #5 added RGB(164, 168, 117)
0...1...2...3...4...5...6...7...8...9...10	Bounce #6 added RGB(129, 133, 91)
0...1...2...3...4...5...6...7...8...9...10	Bounce #7 added RGB(101, 105, 71)
0...1...2...3...4...5...6...7...8...9...10	Bounce #8 added RGB(79, 82, 56)
0...1...2...3...4...5...6...7...8...9...10	Bounce #9 added RGB(62, 65, 44)
0...1...2...3...4...5...6...7...8...9...10	Bounce #10 added RGB(48, 51, 34)
0...1...2...3...4...5...6...7...8...9...10	Bounce #11 added RGB(38, 40, 27)
0...1...2...3...4...5...6...7...8...9...10	Bounce #12 added RGB(30, 32, 21)
0...1...2...3...4...5...6...7...8...9...10	Bounce #13 added RGB(23, 25, 16)
0...1...2...3...4...5...6...7...8...9...10	Bounce #14 added RGB(18, 20, 13)
0...1...2...3...4...5...6...7...8...9...10	Bounce #15 added RGB(14, 16, 10)
0...1...2...3...4...5...6...7...8...9...10	Bounce #16 added RGB(11, 12, 8)
0...1...2...3...4...5...6...7...8...9...10	Bounce #17 added RGB(9, 10, 6)
0...1...2...3...4...5...6...7...8...9...10	Bounce #18 added RGB(7, 8, 5)
0...1...2...3...4...5...6...7...8...9...10	Bounce #19 added RGB(5, 6, 4)
0...1...2...3...4...5...6...7...8...9...10	Bounce #20 added RGB(4, 5, 3)
0...1...2...3...4...5...6...7...8...9...10	Bounce #21 added RGB(3, 4, 2)
0...1...2...3...4...5...6...7...8...9...10	Bounce #22 added RGB(3, 3, 2)
0...1...2...3...4...5...6...7...8...9...10	Bounce #23 added RGB(2, 2, 1)
0...1...2...3...4...5...6...7...8...9...10	Bounce #24 added RGB(2, 2, 1)
0...1...2...3...4...5...6...7...8...9...10	Bounce #25 added RGB(1, 1, 1)
0...1...2...3...4...5...6...7...8...9...10	Bounce #26 added RGB(1, 1, 1)
0...1...2...3...4...5...6...7...8...9...10	Bounce #27 added RGB(1, 1, 1)
Build Patch/Sample Hash Table(s).....Done<0.0001 sec>
0...1...2...3...4...5...6...7...8...9...10FinalLightFace Done
2 of 403 (0% of) surface lights went in leaf ambient cubes.
0...1...2...3...4...5...6...7...8...9...10Writing leaf ambient...done
Computing static prop lighting : 00...1...2...3...4...5...6...7...8...9...10
Ready to Finish

Object names       Objects/Maxobjs  Memory / Maxmem  Fullness 
------------       ---------------  ---------------  -------- 
models                   4/4096          192/196608   ( 0.1%) 
brushes                 31/32768         372/393216   ( 0.1%) 
brushsides             186/65536        1488/524288   ( 0.3%) 
planes                 168/65536        3360/1310720  ( 0.3%) 
vertexes               270/65536        3240/786432   ( 0.4%) 
nodes                  156/65536        4992/2097152  ( 0.2%) 
texinfos                49/12288        3528/884736   ( 0.4%) 
texdata                  7/2048          224/65536    ( 0.3%) 
dispinfos                0/0               0/0        ( 0.0%) 
disp_verts               0/0               0/0        ( 0.0%) 
disp_tris                0/0               0/0        ( 0.0%) 
disp_lmsamples           0/0               0/0        ( 0.0%) 
faces                  161/65536        9016/3670016  ( 0.2%) 
hdr faces                0/65536           0/3670016  ( 0.0%) 
origfaces              104/65536        5824/3670016  ( 0.2%) 
leaves                 161/65536        5152/2097152  ( 0.2%) 
leaffaces              168/65536         336/131072   ( 0.3%) 
leafbrushes             95/65536         190/131072   ( 0.1%) 
areas                    2/1024           16/8192     ( 0.2%) 
surfedges             1133/512000       4532/2048000  ( 0.2%) 
edges                  619/256000       2476/1024000  ( 0.2%) 
LDR worldlights        408/16384       35904/1441792  ( 2.5%) 
HDR worldlights          0/16384           0/1441792  ( 0.0%) 
leafwaterdata            0/32768           0/393216   ( 0.0%) 
waterstrips             10/131072        100/1310720  ( 0.0%) 
waterverts               0/131072          0/1572864  ( 0.0%) 
waterindices           138/131072        276/262144   ( 0.1%) 
cubemapsamples           0/1024            0/16384    ( 0.0%) 
overlays                 0/1024            0/360448   ( 0.0%) 
LDR lightdata         [variable]       17476/0        ( 0.0%) 
HDR lightdata         [variable]           0/0        ( 0.0%) 
visdata               [variable]        1384/16777216 ( 0.0%) 
entdata               [variable]        3868/393216   ( 1.0%) 
LDR ambient table      161/65536         644/262144   ( 0.2%) 
HDR ambient table      161/65536         644/262144   ( 0.2%) 
LDR leaf ambient       794/65536       22232/1835008  ( 1.2%) 
HDR leaf ambient       161/65536        4508/1835008  ( 0.2%) 
occluders                0/0               0/0        ( 0.0%) 
occluder polygons        0/0               0/0        ( 0.0%) 
occluder vert ind        0/0               0/0        ( 0.0%) 
detail props          [variable]           1/12       ( 8.3%) 
static props          [variable]           1/3874     ( 0.0%) 
pakfile               [variable]      432380/0        ( 0.0%) 
physics               [variable]       12206/4194304  ( 0.3%) 
physics terrain       [variable]           2/1048576  ( 0.0%) 

Level flags = 1

Total triangle count: 395
Writing c:\program files (x86)\steam\steamapps\sourcemods\who\maps\map_2.bsp
6 seconds elapsed



[Reading texlights from 'lights.rad']
[48 texlights parsed from 'lights.rad']

Loading c:\program files (x86)\steam\steamapps\sourcemods\who\maps\map_2.bsp
161 faces
20639 square feet [2972154.00 square inches]
0 Displacements
0 Square Feet [0.00 Square Inches]
161 patches before subdivision
1301 patches after subdivision
408 direct lights
0...1...2...3...4...5...6...7...8...9...100...1...2...3...4...5...6...7...8...9...10transfers 5858, max 80
transfer lists:   0.0 megs
0...1...2...3...4...5...6...7...8...9...10	Bounce #1 added RGB(167, 155, 103)
0...1...2...3...4...5...6...7...8...9...10	Bounce #2 added RGB(422, 417, 293)
0...1...2...3...4...5...6...7...8...9...10	Bounce #3 added RGB(262, 264, 186)
0...1...2...3...4...5...6...7...8...9...10	Bounce #4 added RGB(213, 217, 152)
0...1...2...3...4...5...6...7...8...9...10	Bounce #5 added RGB(164, 168, 117)
0...1...2...3...4...5...6...7...8...9...10	Bounce #6 added RGB(129, 133, 91)
0...1...2...3...4...5...6...7...8...9...10	Bounce #7 added RGB(101, 105, 71)
0...1...2...3...4...5...6...7...8...9...10	Bounce #8 added RGB(79, 82, 56)
0...1...2...3...4...5...6...7...8...9...10	Bounce #9 added RGB(62, 65, 44)
0...1...2...3...4...5...6...7...8...9...10	Bounce #10 added RGB(48, 51, 34)
0...1...2...3...4...5...6...7...8...9...10	Bounce #11 added RGB(38, 40, 27)
0...1...2...3...4...5...6...7...8...9...10	Bounce #12 added RGB(30, 32, 21)
0...1...2...3...4...5...6...7...8...9...10	Bounce #13 added RGB(23, 25, 16)
0...1...2...3...4...5...6...7...8...9...10	Bounce #14 added RGB(18, 20, 13)
0...1...2...3...4...5...6...7...8...9...10	Bounce #15 added RGB(14, 16, 10)
0...1...2...3...4...5...6...7...8...9...10	Bounce #16 added RGB(11, 12, 8)
0...1...2...3...4...5...6...7...8...9...10	Bounce #17 added RGB(9, 10, 6)
0...1...2...3...4...5...6...7...8...9...10	Bounce #18 added RGB(7, 8, 5)
0...1...2...3...4...5...6...7...8...9...10	Bounce #19 added RGB(5, 6, 4)
0...1...2...3...4...5...6...7...8...9...10	Bounce #20 added RGB(4, 5, 3)
0...1...2...3...4...5...6...7...8...9...10	Bounce #21 added RGB(3, 4, 2)
0...1...2...3...4...5...6...7...8...9...10	Bounce #22 added RGB(3, 3, 2)
0...1...2...3...4...5...6...7...8...9...10	Bounce #23 added RGB(2, 2, 1)
0...1...2...3...4...5...6...7...8...9...10	Bounce #24 added RGB(2, 2, 1)
0...1...2...3...4...5...6...7...8...9...10	Bounce #25 added RGB(1, 1, 1)
0...1...2...3...4...5...6...7...8...9...10	Bounce #26 added RGB(1, 1, 1)
0...1...2...3...4...5...6...7...8...9...10	Bounce #27 added RGB(1, 1, 1)
Build Patch/Sample Hash Table(s).....Done<0.0001 sec>
0...1...2...3...4...5...6...7...8...9...10FinalLightFace Done
2 of 403 (0% of) surface lights went in leaf ambient cubes.
0...1...2...3...4...5...6...7...8...9...10Writing leaf ambient...done
Computing static prop lighting : 00...1...2...3...4...5...6...7...8...9...10
Ready to Finish

Object names       Objects/Maxobjs  Memory / Maxmem  Fullness 
------------       ---------------  ---------------  -------- 
models                   4/4096          192/196608   ( 0.1%) 
brushes                 31/32768         372/393216   ( 0.1%) 
brushsides             186/65536        1488/524288   ( 0.3%) 
planes                 168/65536        3360/1310720  ( 0.3%) 
vertexes               270/65536        3240/786432   ( 0.4%) 
nodes                  156/65536        4992/2097152  ( 0.2%) 
texinfos                49/12288        3528/884736   ( 0.4%) 
texdata                  7/2048          224/65536    ( 0.3%) 
dispinfos                0/0               0/0        ( 0.0%) 
disp_verts               0/0               0/0        ( 0.0%) 
disp_tris                0/0               0/0        ( 0.0%) 
disp_lmsamples           0/0               0/0        ( 0.0%) 
faces                  161/65536        9016/3670016  ( 0.2%) 
hdr faces              161/65536        9016/3670016  ( 0.2%) 
origfaces              104/65536        5824/3670016  ( 0.2%) 
leaves                 161/65536        5152/2097152  ( 0.2%) 
leaffaces              168/65536         336/131072   ( 0.3%) 
leafbrushes             95/65536         190/131072   ( 0.1%) 
areas                    2/1024           16/8192     ( 0.2%) 
surfedges             1133/512000       4532/2048000  ( 0.2%) 
edges                  619/256000       2476/1024000  ( 0.2%) 
LDR worldlights        408/16384       35904/1441792  ( 2.5%) 
HDR worldlights        408/16384       35904/1441792  ( 2.5%) 
leafwaterdata            0/32768           0/393216   ( 0.0%) 
waterstrips             10/131072        100/1310720  ( 0.0%) 
waterverts               0/131072          0/1572864  ( 0.0%) 
waterindices           138/131072        276/262144   ( 0.1%) 
cubemapsamples           0/1024            0/16384    ( 0.0%) 
overlays                 0/1024            0/360448   ( 0.0%) 
LDR lightdata         [variable]       17476/0        ( 0.0%) 
HDR lightdata         [variable]       17476/0        ( 0.0%) 
visdata               [variable]        1384/16777216 ( 0.0%) 
entdata               [variable]        3868/393216   ( 1.0%) 
LDR ambient table      161/65536         644/262144   ( 0.2%) 
HDR ambient table      161/65536         644/262144   ( 0.2%) 
LDR leaf ambient       794/65536       22232/1835008  ( 1.2%) 
HDR leaf ambient       794/65536       22232/1835008  ( 1.2%) 
occluders                0/0               0/0        ( 0.0%) 
occluder polygons        0/0               0/0        ( 0.0%) 
occluder vert ind        0/0               0/0        ( 0.0%) 
detail props          [variable]           1/12       ( 8.3%) 
static props          [variable]           1/3874     ( 0.0%) 
pakfile               [variable]      864986/0        ( 0.0%) 
physics               [variable]       12206/4194304  ( 0.3%) 
physics terrain       [variable]           2/1048576  ( 0.0%) 

Level flags = 3

Total triangle count: 395
Writing c:\program files (x86)\steam\steamapps\sourcemods\who\maps\map_2.bsp
6 seconds elapsed



materialPath: C:\Program Files (x86)\Steam\steamapps\sourcemods\who\materials
Loading c:\program files (x86)\steam\steamapps\sourcemods\who\maps\map_2.vmf
ConVarRef mat_reduceparticles doesn't point to an existing ConVar
fixing up env_cubemap materials on brush sides...
0...1...2...3...4...5...6...7...8...9...100...1...2...3...4...5...6...7...8...9...10Processing areas...done (0)
Building Faces...done (0)
FixTjuncs...
PruneNodes...
WriteBSP...
done (0)
writing c:\program files (x86)\steam\steamapps\sourcemods\who\maps\map_2.prt...Building visibility clusters...
done (0)
Finding displacement neighbors...
Finding lightmap sample positions...
Displacement Alpha : 0...1...2...3...4...5...6...7...8...9...10
Building Physics collision data...
done (0) (12206 bytes)
Placing static props...
Bad geometry on "models/chessandpieces/pawn_white.mdl"!
Placing detail props : 0...1...2...3...4...5...6...7...8...9...10
Compacting texture/material tables...
Reduced 74 texinfos to 49
Reduced 7 texdatas to 7 (144 bytes to 144)
Writing c:\program files (x86)\steam\steamapps\sourcemods\who\maps\map_2.bsp
0 seconds elapsed



8 threads
reading c:\program files (x86)\steam\steamapps\sourcemods\who\maps\map_2.bsp
reading c:\program files (x86)\steam\steamapps\sourcemods\who\maps\map_2.prt
  57 portalclusters
 128 numportals
0...1...2...3...4...5...6...7...8...9...100...1...2...3...4...5...6...7...8...9...10Optimized: 2 visible clusters (0.00%)
Total clusters visible: 1795
Average clusters visible: 31
Building PAS...
Average clusters audible: 50
visdatasize:1384  compressed from 912
writing c:\program files (x86)\steam\steamapps\sourcemods\who\maps\map_2.bsp
0 seconds elapsed



[Reading texlights from 'lights.rad']
[48 texlights parsed from 'lights.rad']

Loading c:\program files (x86)\steam\steamapps\sourcemods\who\maps\map_2.bsp
161 faces
20639 square feet [2972154.00 square inches]
0 Displacements
0 Square Feet [0.00 Square Inches]
161 patches before subdivision
1301 patches after subdivision
408 direct lights
0...1...2...3...4...5...6...7...8...9...100...1...2...3...4...5...6...7...8...9...10transfers 5885, max 80
transfer lists:   0.0 megs
0...1...2...3...4...5...6...7...8...9...10	Bounce #1 added RGB(168, 156, 104)
0...1...2...3...4...5...6...7...8...9...10	Bounce #2 added RGB(424, 418, 294)
0...1...2...3...4...5...6...7...8...9...10	Bounce #3 added RGB(263, 265, 186)
0...1...2...3...4...5...6...7...8...9...10	Bounce #4 added RGB(214, 218, 152)
0...1...2...3...4...5...6...7...8...9...10	Bounce #5 added RGB(165, 169, 117)
0...1...2...3...4...5...6...7...8...9...10	Bounce #6 added RGB(129, 133, 92)
0...1...2...3...4...5...6...7...8...9...10	Bounce #7 added RGB(101, 105, 72)
0...1...2...3...4...5...6...7...8...9...10	Bounce #8 added RGB(79, 83, 56)
0...1...2...3...4...5...6...7...8...9...10	Bounce #9 added RGB(62, 65, 44)
0...1...2...3...4...5...6...7...8...9...10	Bounce #10 added RGB(48, 51, 34)
0...1...2...3...4...5...6...7...8...9...10	Bounce #11 added RGB(38, 41, 27)
0...1...2...3...4...5...6...7...8...9...10	Bounce #12 added RGB(30, 32, 21)
0...1...2...3...4...5...6...7...8...9...10	Bounce #13 added RGB(23, 25, 17)
0...1...2...3...4...5...6...7...8...9...10	Bounce #14 added RGB(18, 20, 13)
0...1...2...3...4...5...6...7...8...9...10	Bounce #15 added RGB(14, 16, 10)
0...1...2...3...4...5...6...7...8...9...10	Bounce #16 added RGB(11, 12, 8)
0...1...2...3...4...5...6...7...8...9...10	Bounce #17 added RGB(9, 10, 6)
0...1...2...3...4...5...6...7...8...9...10	Bounce #18 added RGB(7, 8, 5)
0...1...2...3...4...5...6...7...8...9...10	Bounce #19 added RGB(5, 6, 4)
0...1...2...3...4...5...6...7...8...9...10	Bounce #20 added RGB(4, 5, 3)
0...1...2...3...4...5...6...7...8...9...10	Bounce #21 added RGB(3, 4, 2)
0...1...2...3...4...5...6...7...8...9...10	Bounce #22 added RGB(3, 3, 2)
0...1...2...3...4...5...6...7...8...9...10	Bounce #23 added RGB(2, 2, 1)
0...1...2...3...4...5...6...7...8...9...10	Bounce #24 added RGB(2, 2, 1)
0...1...2...3...4...5...6...7...8...9...10	Bounce #25 added RGB(1, 1, 1)
0...1...2...3...4...5...6...7...8...9...10	Bounce #26 added RGB(1, 1, 1)
0...1...2...3...4...5...6...7...8...9...10	Bounce #27 added RGB(1, 1, 1)
Build Patch/Sample Hash Table(s).....Done<0.0004 sec>
0...1...2...3...4...5...6...7...8...9...10FinalLightFace Done
2 of 403 (0% of) surface lights went in leaf ambient cubes.
0...1...2...3...4...5...6...7...8...9...10Writing leaf ambient...done
Computing static prop lighting : 00...1...2...3...4...5...6...7...8...9...10
Ready to Finish

Object names       Objects/Maxobjs  Memory / Maxmem  Fullness 
------------       ---------------  ---------------  -------- 
models                   4/4096          192/196608   ( 0.1%) 
brushes                 31/32768         372/393216   ( 0.1%) 
brushsides             186/65536        1488/524288   ( 0.3%) 
planes                 170/65536        3400/1310720  ( 0.3%) 
vertexes               270/65536        3240/786432   ( 0.4%) 
nodes                  156/65536        4992/2097152  ( 0.2%) 
texinfos                49/12288        3528/884736   ( 0.4%) 
texdata                  7/2048          224/65536    ( 0.3%) 
dispinfos                0/0               0/0        ( 0.0%) 
disp_verts               0/0               0/0        ( 0.0%) 
disp_tris                0/0               0/0        ( 0.0%) 
disp_lmsamples           0/0               0/0        ( 0.0%) 
faces                  161/65536        9016/3670016  ( 0.2%) 
hdr faces                0/65536           0/3670016  ( 0.0%) 
origfaces              104/65536        5824/3670016  ( 0.2%) 
leaves                 161/65536        5152/2097152  ( 0.2%) 
leaffaces              168/65536         336/131072   ( 0.3%) 
leafbrushes             95/65536         190/131072   ( 0.1%) 
areas                    2/1024           16/8192     ( 0.2%) 
surfedges             1133/512000       4532/2048000  ( 0.2%) 
edges                  619/256000       2476/1024000  ( 0.2%) 
LDR worldlights        408/16384       35904/1441792  ( 2.5%) 
HDR worldlights          0/16384           0/1441792  ( 0.0%) 
leafwaterdata            0/32768           0/393216   ( 0.0%) 
waterstrips             10/131072        100/1310720  ( 0.0%) 
waterverts               0/131072          0/1572864  ( 0.0%) 
waterindices           138/131072        276/262144   ( 0.1%) 
cubemapsamples           0/1024            0/16384    ( 0.0%) 
overlays                 0/1024            0/360448   ( 0.0%) 
LDR lightdata         [variable]       17476/0        ( 0.0%) 
HDR lightdata         [variable]           0/0        ( 0.0%) 
visdata               [variable]        1384/16777216 ( 0.0%) 
entdata               [variable]        3929/393216   ( 1.0%) 
LDR ambient table      161/65536         644/262144   ( 0.2%) 
HDR ambient table      161/65536         644/262144   ( 0.2%) 
LDR leaf ambient       794/65536       22232/1835008  ( 1.2%) 
HDR leaf ambient       161/65536        4508/1835008  ( 0.2%) 
occluders                0/0               0/0        ( 0.0%) 
occluder polygons        0/0               0/0        ( 0.0%) 
occluder vert ind        0/0               0/0        ( 0.0%) 
detail props          [variable]           1/12       ( 8.3%) 
static props          [variable]           1/3874     ( 0.0%) 
pakfile               [variable]      432380/0        ( 0.0%) 
physics               [variable]       12206/4194304  ( 0.3%) 
physics terrain       [variable]           2/1048576  ( 0.0%) 

Level flags = 1

Total triangle count: 395
Writing c:\program files (x86)\steam\steamapps\sourcemods\who\maps\map_2.bsp
6 seconds elapsed



[Reading texlights from 'lights.rad']
[48 texlights parsed from 'lights.rad']

Loading c:\program files (x86)\steam\steamapps\sourcemods\who\maps\map_2.bsp
161 faces
20639 square feet [2972154.00 square inches]
0 Displacements
0 Square Feet [0.00 Square Inches]
161 patches before subdivision
1301 patches after subdivision
408 direct lights
0...1...2...3...4...5...6...7...8...9...100...1...2...3...4...5...6...7...8...9...10transfers 5885, max 80
transfer lists:   0.0 megs
0...1...2...3...4...5...6...7...8...9...10	Bounce #1 added RGB(168, 156, 104)
0...1...2...3...4...5...6...7...8...9...10	Bounce #2 added RGB(424, 418, 294)
0...1...2...3...4...5...6...7...8...9...10	Bounce #3 added RGB(263, 265, 186)
0...1...2...3...4...5...6...7...8...9...10	Bounce #4 added RGB(214, 218, 152)
0...1...2...3...4...5...6...7...8...9...10	Bounce #5 added RGB(165, 169, 117)
0...1...2...3...4...5...6...7...8...9...10	Bounce #6 added RGB(129, 133, 92)
0...1...2...3...4...5...6...7...8...9...10	Bounce #7 added RGB(101, 105, 72)
0...1...2...3...4...5...6...7...8...9...10	Bounce #8 added RGB(79, 83, 56)
0...1...2...3...4...5...6...7...8...9...10	Bounce #9 added RGB(62, 65, 44)
0...1...2...3...4...5...6...7...8...9...10	Bounce #10 added RGB(48, 51, 34)
0...1...2...3...4...5...6...7...8...9...10	Bounce #11 added RGB(38, 41, 27)
0...1...2...3...4...5...6...7...8...9...10	Bounce #12 added RGB(30, 32, 21)
0...1...2...3...4...5...6...7...8...9...10	Bounce #13 added RGB(23, 25, 17)
0...1...2...3...4...5...6...7...8...9...10	Bounce #14 added RGB(18, 20, 13)
0...1...2...3...4...5...6...7...8...9...10	Bounce #15 added RGB(14, 16, 10)
0...1...2...3...4...5...6...7...8...9...10	Bounce #16 added RGB(11, 12, 8)
0...1...2...3...4...5...6...7...8...9...10	Bounce #17 added RGB(9, 10, 6)
0...1...2...3...4...5...6...7...8...9...10	Bounce #18 added RGB(7, 8, 5)
0...1...2...3...4...5...6...7...8...9...10	Bounce #19 added RGB(5, 6, 4)
0...1...2...3...4...5...6...7...8...9...10	Bounce #20 added RGB(4, 5, 3)
0...1...2...3...4...5...6...7...8...9...10	Bounce #21 added RGB(3, 4, 2)
0...1...2...3...4...5...6...7...8...9...10	Bounce #22 added RGB(3, 3, 2)
0...1...2...3...4...5...6...7...8...9...10	Bounce #23 added RGB(2, 2, 1)
0...1...2...3...4...5...6...7...8...9...10	Bounce #24 added RGB(2, 2, 1)
0...1...2...3...4...5...6...7...8...9...10	Bounce #25 added RGB(1, 1, 1)
0...1...2...3...4...5...6...7...8...9...10	Bounce #26 added RGB(1, 1, 1)
0...1...2...3...4...5...6...7...8...9...10	Bounce #27 added RGB(1, 1, 1)
Build Patch/Sample Hash Table(s).....Done<0.0001 sec>
0...1...2...3...4...5...6...7...8...9...10FinalLightFace Done
2 of 403 (0% of) surface lights went in leaf ambient cubes.
0...1...2...3...4...5...6...7...8...9...10Writing leaf ambient...done
Computing static prop lighting : 00...1...2...3...4...5...6...7...8...9...10
Ready to Finish

Object names       Objects/Maxobjs  Memory / Maxmem  Fullness 
------------       ---------------  ---------------  -------- 
models                   4/4096          192/196608   ( 0.1%) 
brushes                 31/32768         372/393216   ( 0.1%) 
brushsides             186/65536        1488/524288   ( 0.3%) 
planes                 170/65536        3400/1310720  ( 0.3%) 
vertexes               270/65536        3240/786432   ( 0.4%) 
nodes                  156/65536        4992/2097152  ( 0.2%) 
texinfos                49/12288        3528/884736   ( 0.4%) 
texdata                  7/2048          224/65536    ( 0.3%) 
dispinfos                0/0               0/0        ( 0.0%) 
disp_verts               0/0               0/0        ( 0.0%) 
disp_tris                0/0               0/0        ( 0.0%) 
disp_lmsamples           0/0               0/0        ( 0.0%) 
faces                  161/65536        9016/3670016  ( 0.2%) 
hdr faces              161/65536        9016/3670016  ( 0.2%) 
origfaces              104/65536        5824/3670016  ( 0.2%) 
leaves                 161/65536        5152/2097152  ( 0.2%) 
leaffaces              168/65536         336/131072   ( 0.3%) 
leafbrushes             95/65536         190/131072   ( 0.1%) 
areas                    2/1024           16/8192     ( 0.2%) 
surfedges             1133/512000       4532/2048000  ( 0.2%) 
edges                  619/256000       2476/1024000  ( 0.2%) 
LDR worldlights        408/16384       35904/1441792  ( 2.5%) 
HDR worldlights        408/16384       35904/1441792  ( 2.5%) 
leafwaterdata            0/32768           0/393216   ( 0.0%) 
waterstrips             10/131072        100/1310720  ( 0.0%) 
waterverts               0/131072          0/1572864  ( 0.0%) 
waterindices           138/131072        276/262144   ( 0.1%) 
cubemapsamples           0/1024            0/16384    ( 0.0%) 
overlays                 0/1024            0/360448   ( 0.0%) 
LDR lightdata         [variable]       17476/0        ( 0.0%) 
HDR lightdata         [variable]       17476/0        ( 0.0%) 
visdata               [variable]        1384/16777216 ( 0.0%) 
entdata               [variable]        3929/393216   ( 1.0%) 
LDR ambient table      161/65536         644/262144   ( 0.2%) 
HDR ambient table      161/65536         644/262144   ( 0.2%) 
LDR leaf ambient       794/65536       22232/1835008  ( 1.2%) 
HDR leaf ambient       794/65536       22232/1835008  ( 1.2%) 
occluders                0/0               0/0        ( 0.0%) 
occluder polygons        0/0               0/0        ( 0.0%) 
occluder vert ind        0/0               0/0        ( 0.0%) 
detail props          [variable]           1/12       ( 8.3%) 
static props          [variable]           1/3874     ( 0.0%) 
pakfile               [variable]      864986/0        ( 0.0%) 
physics               [variable]       12206/4194304  ( 0.3%) 
physics terrain       [variable]           2/1048576  ( 0.0%) 

Level flags = 3

Total triangle count: 395
Writing c:\program files (x86)\steam\steamapps\sourcemods\who\maps\map_2.bsp
6 seconds elapsed



materialPath: C:\Program Files (x86)\Steam\steamapps\sourcemods\who\materials
Loading c:\program files (x86)\steam\steamapps\sourcemods\who\maps\map_2.vmf
ConVarRef mat_reduceparticles doesn't point to an existing ConVar
fixing up env_cubemap materials on brush sides...
0...1...2...3...4...5...6...7...8...9...100...1...2...3...4...5...6...7...8...9...10Processing areas...done (0)
Building Faces...done (0)
FixTjuncs...
PruneNodes...
WriteBSP...
done (0)
writing c:\program files (x86)\steam\steamapps\sourcemods\who\maps\map_2.prt...Building visibility clusters...
done (0)
Finding displacement neighbors...
Finding lightmap sample positions...
Displacement Alpha : 0...1...2...3...4...5...6...7...8...9...10
Building Physics collision data...
done (0) (12206 bytes)
Placing static props...
Bad geometry on "models/chessandpieces/pawn_white.mdl"!
Placing detail props : 0...1...2...3...4...5...6...7...8...9...10
Compacting texture/material tables...
Reduced 74 texinfos to 49
Reduced 7 texdatas to 7 (144 bytes to 144)
Writing c:\program files (x86)\steam\steamapps\sourcemods\who\maps\map_2.bsp
0 seconds elapsed



8 threads
reading c:\program files (x86)\steam\steamapps\sourcemods\who\maps\map_2.bsp
reading c:\program files (x86)\steam\steamapps\sourcemods\who\maps\map_2.prt
  57 portalclusters
 128 numportals
0...1...2...3...4...5...6...7...8...9...100...1...2...3...4...5...6...7...8...9...10Optimized: 2 visible clusters (0.00%)
Total clusters visible: 1795
Average clusters visible: 31
Building PAS...
Average clusters audible: 50
visdatasize:1384  compressed from 912
writing c:\program files (x86)\steam\steamapps\sourcemods\who\maps\map_2.bsp
0 seconds elapsed



[Reading texlights from 'lights.rad']
[48 texlights parsed from 'lights.rad']

Loading c:\program files (x86)\steam\steamapps\sourcemods\who\maps\map_2.bsp
161 faces
20639 square feet [2972154.00 square inches]
0 Displacements
0 Square Feet [0.00 Square Inches]
161 patches before subdivision
1301 patches after subdivision
408 direct lights
0...1...2...3...4...5...6...7...8...9...100...1...2...3...4...5...6...7...8...9...10transfers 5885, max 80
transfer lists:   0.0 megs
0...1...2...3...4...5...6...7...8...9...10	Bounce #1 added RGB(168, 156, 104)
0...1...2...3...4...5...6...7...8...9...10	Bounce #2 added RGB(424, 418, 294)
0...1...2...3...4...5...6...7...8...9...10	Bounce #3 added RGB(263, 265, 186)
0...1...2...3...4...5...6...7...8...9...10	Bounce #4 added RGB(214, 218, 152)
0...1...2...3...4...5...6...7...8...9...10	Bounce #5 added RGB(165, 169, 117)
0...1...2...3...4...5...6...7...8...9...10	Bounce #6 added RGB(129, 133, 92)
0...1...2...3...4...5...6...7...8...9...10	Bounce #7 added RGB(101, 105, 72)
0...1...2...3...4...5...6...7...8...9...10	Bounce #8 added RGB(79, 83, 56)
0...1...2...3...4...5...6...7...8...9...10	Bounce #9 added RGB(62, 65, 44)
0...1...2...3...4...5...6...7...8...9...10	Bounce #10 added RGB(48, 51, 34)
0...1...2...3...4...5...6...7...8...9...10	Bounce #11 added RGB(38, 41, 27)
0...1...2...3...4...5...6...7...8...9...10	Bounce #12 added RGB(30, 32, 21)
0...1...2...3...4...5...6...7...8...9...10	Bounce #13 added RGB(23, 25, 17)
0...1...2...3...4...5...6...7...8...9...10	Bounce #14 added RGB(18, 20, 13)
0...1...2...3...4...5...6...7...8...9...10	Bounce #15 added RGB(14, 16, 10)
0...1...2...3...4...5...6...7...8...9...10	Bounce #16 added RGB(11, 12, 8)
0...1...2...3...4...5...6...7...8...9...10	Bounce #17 added RGB(9, 10, 6)
0...1...2...3...4...5...6...7...8...9...10	Bounce #18 added RGB(7, 8, 5)
0...1...2...3...4...5...6...7...8...9...10	Bounce #19 added RGB(5, 6, 4)
0...1...2...3...4...5...6...7...8...9...10	Bounce #20 added RGB(4, 5, 3)
0...1...2...3...4...5...6...7...8...9...10	Bounce #21 added RGB(3, 4, 2)
0...1...2...3...4...5...6...7...8...9...10	Bounce #22 added RGB(3, 3, 2)
0...1...2...3...4...5...6...7...8...9...10	Bounce #23 added RGB(2, 2, 1)
0...1...2...3...4...5...6...7...8...9...10	Bounce #24 added RGB(2, 2, 1)
0...1...2...3...4...5...6...7...8...9...10	Bounce #25 added RGB(1, 1, 1)
0...1...2...3...4...5...6...7...8...9...10	Bounce #26 added RGB(1, 1, 1)
0...1...2...3...4...5...6...7...8...9...10	Bounce #27 added RGB(1, 1, 1)
Build Patch/Sample Hash Table(s).....Done<0.0007 sec>
0...1...2...3...4...5...6...7...8...9...10FinalLightFace Done
2 of 403 (0% of) surface lights went in leaf ambient cubes.
0...1...2...3...4...5...6...7...8...9...10Writing leaf ambient...done
Computing static prop lighting : 00...1...2...3...4...5...6...7...8...9...10
Ready to Finish

Object names       Objects/Maxobjs  Memory / Maxmem  Fullness 
------------       ---------------  ---------------  -------- 
models                   4/4096          192/196608   ( 0.1%) 
brushes                 31/32768         372/393216   ( 0.1%) 
brushsides             186/65536        1488/524288   ( 0.3%) 
planes                 170/65536        3400/1310720  ( 0.3%) 
vertexes               270/65536        3240/786432   ( 0.4%) 
nodes                  156/65536        4992/2097152  ( 0.2%) 
texinfos                49/12288        3528/884736   ( 0.4%) 
texdata                  7/2048          224/65536    ( 0.3%) 
dispinfos                0/0               0/0        ( 0.0%) 
disp_verts               0/0               0/0        ( 0.0%) 
disp_tris                0/0               0/0        ( 0.0%) 
disp_lmsamples           0/0               0/0        ( 0.0%) 
faces                  161/65536        9016/3670016  ( 0.2%) 
hdr faces                0/65536           0/3670016  ( 0.0%) 
origfaces              104/65536        5824/3670016  ( 0.2%) 
leaves                 161/65536        5152/2097152  ( 0.2%) 
leaffaces              168/65536         336/131072   ( 0.3%) 
leafbrushes             95/65536         190/131072   ( 0.1%) 
areas                    2/1024           16/8192     ( 0.2%) 
surfedges             1133/512000       4532/2048000  ( 0.2%) 
edges                  619/256000       2476/1024000  ( 0.2%) 
LDR worldlights        408/16384       35904/1441792  ( 2.5%) 
HDR worldlights          0/16384           0/1441792  ( 0.0%) 
leafwaterdata            0/32768           0/393216   ( 0.0%) 
waterstrips             10/131072        100/1310720  ( 0.0%) 
waterverts               0/131072          0/1572864  ( 0.0%) 
waterindices           138/131072        276/262144   ( 0.1%) 
cubemapsamples           0/1024            0/16384    ( 0.0%) 
overlays                 0/1024            0/360448   ( 0.0%) 
LDR lightdata         [variable]       17476/0        ( 0.0%) 
HDR lightdata         [variable]           0/0        ( 0.0%) 
visdata               [variable]        1384/16777216 ( 0.0%) 
entdata               [variable]        3803/393216   ( 1.0%) 
LDR ambient table      161/65536         644/262144   ( 0.2%) 
HDR ambient table      161/65536         644/262144   ( 0.2%) 
LDR leaf ambient       794/65536       22232/1835008  ( 1.2%) 
HDR leaf ambient       161/65536        4508/1835008  ( 0.2%) 
occluders                0/0               0/0        ( 0.0%) 
occluder polygons        0/0               0/0        ( 0.0%) 
occluder vert ind        0/0               0/0        ( 0.0%) 
detail props          [variable]           1/12       ( 8.3%) 
static props          [variable]           1/3874     ( 0.0%) 
pakfile               [variable]      432380/0        ( 0.0%) 
physics               [variable]       12206/4194304  ( 0.3%) 
physics terrain       [variable]           2/1048576  ( 0.0%) 

Level flags = 1

Total triangle count: 395
Writing c:\program files (x86)\steam\steamapps\sourcemods\who\maps\map_2.bsp
6 seconds elapsed



[Reading texlights from 'lights.rad']
[48 texlights parsed from 'lights.rad']

Loading c:\program files (x86)\steam\steamapps\sourcemods\who\maps\map_2.bsp
161 faces
20639 square feet [2972154.00 square inches]
0 Displacements
0 Square Feet [0.00 Square Inches]
161 patches before subdivision
1301 patches after subdivision
408 direct lights
0...1...2...3...4...5...6...7...8...9...100...1...2...3...4...5...6...7...8...9...10transfers 5885, max 80
transfer lists:   0.0 megs
0...1...2...3...4...5...6...7...8...9...10	Bounce #1 added RGB(168, 156, 104)
0...1...2...3...4...5...6...7...8...9...10	Bounce #2 added RGB(424, 418, 294)
0...1...2...3...4...5...6...7...8...9...10	Bounce #3 added RGB(263, 265, 186)
0...1...2...3...4...5...6...7...8...9...10	Bounce #4 added RGB(214, 218, 152)
0...1...2...3...4...5...6...7...8...9...10	Bounce #5 added RGB(165, 169, 117)
0...1...2...3...4...5...6...7...8...9...10	Bounce #6 added RGB(129, 133, 92)
0...1...2...3...4...5...6...7...8...9...10	Bounce #7 added RGB(101, 105, 72)
0...1...2...3...4...5...6...7...8...9...10	Bounce #8 added RGB(79, 83, 56)
0...1...2...3...4...5...6...7...8...9...10	Bounce #9 added RGB(62, 65, 44)
0...1...2...3...4...5...6...7...8...9...10	Bounce #10 added RGB(48, 51, 34)
0...1...2...3...4...5...6...7...8...9...10	Bounce #11 added RGB(38, 41, 27)
0...1...2...3...4...5...6...7...8...9...10	Bounce #12 added RGB(30, 32, 21)
0...1...2...3...4...5...6...7...8...9...10	Bounce #13 added RGB(23, 25, 17)
0...1...2...3...4...5...6...7...8...9...10	Bounce #14 added RGB(18, 20, 13)
0...1...2...3...4...5...6...7...8...9...10	Bounce #15 added RGB(14, 16, 10)
0...1...2...3...4...5...6...7...8...9...10	Bounce #16 added RGB(11, 12, 8)
0...1...2...3...4...5...6...7...8...9...10	Bounce #17 added RGB(9, 10, 6)
0...1...2...3...4...5...6...7...8...9...10	Bounce #18 added RGB(7, 8, 5)
0...1...2...3...4...5...6...7...8...9...10	Bounce #19 added RGB(5, 6, 4)
0...1...2...3...4...5...6...7...8...9...10	Bounce #20 added RGB(4, 5, 3)
0...1...2...3...4...5...6...7...8...9...10	Bounce #21 added RGB(3, 4, 2)
0...1...2...3...4...5...6...7...8...9...10	Bounce #22 added RGB(3, 3, 2)
0...1...2...3...4...5...6...7...8...9...10	Bounce #23 added RGB(2, 2, 1)
0...1...2...3...4...5...6...7...8...9...10	Bounce #24 added RGB(2, 2, 1)
0...1...2...3...4...5...6...7...8...9...10	Bounce #25 added RGB(1, 1, 1)
0...1...2...3...4...5...6...7...8...9...10	Bounce #26 added RGB(1, 1, 1)
0...1...2...3...4...5...6...7...8...9...10	Bounce #27 added RGB(1, 1, 1)
Build Patch/Sample Hash Table(s).....Done<0.0001 sec>
0...1...2...3...4...5...6...7...8...9...10FinalLightFace Done
2 of 403 (0% of) surface lights went in leaf ambient cubes.
0...1...2...3...4...5...6...7...8...9...10Writing leaf ambient...done
Computing static prop lighting : 00...1...2...3...4...5...6...7...8...9...10
Ready to Finish

Object names       Objects/Maxobjs  Memory / Maxmem  Fullness 
------------       ---------------  ---------------  -------- 
models                   4/4096          192/196608   ( 0.1%) 
brushes                 31/32768         372/393216   ( 0.1%) 
brushsides             186/65536        1488/524288   ( 0.3%) 
planes                 170/65536        3400/1310720  ( 0.3%) 
vertexes               270/65536        3240/786432   ( 0.4%) 
nodes                  156/65536        4992/2097152  ( 0.2%) 
texinfos                49/12288        3528/884736   ( 0.4%) 
texdata                  7/2048          224/65536    ( 0.3%) 
dispinfos                0/0               0/0        ( 0.0%) 
disp_verts               0/0               0/0        ( 0.0%) 
disp_tris                0/0               0/0        ( 0.0%) 
disp_lmsamples           0/0               0/0        ( 0.0%) 
faces                  161/65536        9016/3670016  ( 0.2%) 
hdr faces              161/65536        9016/3670016  ( 0.2%) 
origfaces              104/65536        5824/3670016  ( 0.2%) 
leaves                 161/65536        5152/2097152  ( 0.2%) 
leaffaces              168/65536         336/131072   ( 0.3%) 
leafbrushes             95/65536         190/131072   ( 0.1%) 
areas                    2/1024           16/8192     ( 0.2%) 
surfedges             1133/512000       4532/2048000  ( 0.2%) 
edges                  619/256000       2476/1024000  ( 0.2%) 
LDR worldlights        408/16384       35904/1441792  ( 2.5%) 
HDR worldlights        408/16384       35904/1441792  ( 2.5%) 
leafwaterdata            0/32768           0/393216   ( 0.0%) 
waterstrips             10/131072        100/1310720  ( 0.0%) 
waterverts               0/131072          0/1572864  ( 0.0%) 
waterindices           138/131072        276/262144   ( 0.1%) 
cubemapsamples           0/1024            0/16384    ( 0.0%) 
overlays                 0/1024            0/360448   ( 0.0%) 
LDR lightdata         [variable]       17476/0        ( 0.0%) 
HDR lightdata         [variable]       17476/0        ( 0.0%) 
visdata               [variable]        1384/16777216 ( 0.0%) 
entdata               [variable]        3803/393216   ( 1.0%) 
LDR ambient table      161/65536         644/262144   ( 0.2%) 
HDR ambient table      161/65536         644/262144   ( 0.2%) 
LDR leaf ambient       794/65536       22232/1835008  ( 1.2%) 
HDR leaf ambient       794/65536       22232/1835008  ( 1.2%) 
occluders                0/0               0/0        ( 0.0%) 
occluder polygons        0/0               0/0        ( 0.0%) 
occluder vert ind        0/0               0/0        ( 0.0%) 
detail props          [variable]           1/12       ( 8.3%) 
static props          [variable]           1/3874     ( 0.0%) 
pakfile               [variable]      864986/0        ( 0.0%) 
physics               [variable]       12206/4194304  ( 0.3%) 
physics terrain       [variable]           2/1048576  ( 0.0%) 

Level flags = 3

Total triangle count: 395
Writing c:\program files (x86)\steam\steamapps\sourcemods\who\maps\map_2.bsp
6 seconds elapsed



materialPath: C:\Program Files (x86)\Steam\steamapps\sourcemods\who\materials
Loading c:\program files (x86)\steam\steamapps\sourcemods\who\maps\map_2.vmf
ConVarRef mat_reduceparticles doesn't point to an existing ConVar
fixing up env_cubemap materials on brush sides...
0...1...2...3...4...5...6...7...8...9...100...1...2...3...4...5...6...7...8...9...10Processing areas...done (0)
Building Faces...done (0)
FixTjuncs...
PruneNodes...
WriteBSP...
done (0)
writing c:\program files (x86)\steam\steamapps\sourcemods\who\maps\map_2.prt...Building visibility clusters...
done (0)
Finding displacement neighbors...
Finding lightmap sample positions...
Displacement Alpha : 0...1...2...3...4...5...6...7...8...9...10
Building Physics collision data...
done (0) (12206 bytes)
Placing static props...
Bad geometry on "models/chessandpieces/pawn_white.mdl"!
Placing detail props : 0...1...2...3...4...5...6...7...8...9...10
Compacting texture/material tables...
Reduced 74 texinfos to 49
Reduced 7 texdatas to 7 (144 bytes to 144)
Writing c:\program files (x86)\steam\steamapps\sourcemods\who\maps\map_2.bsp
0 seconds elapsed



8 threads
reading c:\program files (x86)\steam\steamapps\sourcemods\who\maps\map_2.bsp
reading c:\program files (x86)\steam\steamapps\sourcemods\who\maps\map_2.prt
  57 portalclusters
 128 numportals
0...1...2...3...4...5...6...7...8...9...100...1...2...3...4...5...6...7...8...9...10Optimized: 2 visible clusters (0.00%)
Total clusters visible: 1795
Average clusters visible: 31
Building PAS...
Average clusters audible: 50
visdatasize:1384  compressed from 912
writing c:\program files (x86)\steam\steamapps\sourcemods\who\maps\map_2.bsp
0 seconds elapsed



[Reading texlights from 'lights.rad']
[48 texlights parsed from 'lights.rad']

Loading c:\program files (x86)\steam\steamapps\sourcemods\who\maps\map_2.bsp



materialPath: C:\Program Files (x86)\Steam\steamapps\sourcemods\who\materials
Loading c:\program files (x86)\steam\steamapps\sourcemods\who\maps\map_2.vmf
ConVarRef mat_reduceparticles doesn't point to an existing ConVar
fixing up env_cubemap materials on brush sides...
0...1...2...3...4...5...6...7...8...9...100...1...2...3...4...5...6...7...8...9...10Processing areas...done (0)
Building Faces...done (0)
FixTjuncs...
PruneNodes...
WriteBSP...
done (0)
writing c:\program files (x86)\steam\steamapps\sourcemods\who\maps\map_2.prt...Building visibility clusters...
done (0)
Finding displacement neighbors...
Finding lightmap sample positions...
Displacement Alpha : 0...1...2...3...4...5...6...7...8...9...10
Building Physics collision data...
done (0) (12206 bytes)
Placing static props...
Bad geometry on "models/chessandpieces/pawn_white.mdl"!
Placing detail props : 0...1...2...3...4...5...6...7...8...9...10
Compacting texture/material tables...
Reduced 74 texinfos to 49
Reduced 7 texdatas to 7 (144 bytes to 144)
Writing c:\program files (x86)\steam\steamapps\sourcemods\who\maps\map_2.bsp
0 seconds elapsed



8 threads
reading c:\program files (x86)\steam\steamapps\sourcemods\who\maps\map_2.bsp
reading c:\program files (x86)\steam\steamapps\sourcemods\who\maps\map_2.prt
  57 portalclusters
 128 numportals
0...1...2...3...4...5...6...7...8...9...100...1...2...3...4...5...6...7...8...9...10Optimized: 2 visible clusters (0.00%)
Total clusters visible: 1795
Average clusters visible: 31
Building PAS...
Average clusters audible: 50
visdatasize:1384  compressed from 912
writing c:\program files (x86)\steam\steamapps\sourcemods\who\maps\map_2.bsp
0 seconds elapsed



[Reading texlights from 'lights.rad']
[48 texlights parsed from 'lights.rad']

Loading c:\program files (x86)\steam\steamapps\sourcemods\who\maps\map_2.bsp
161 faces
20639 square feet [2972154.00 square inches]
0 Displacements
0 Square Feet [0.00 Square Inches]
161 patches before subdivision
1301 patches after subdivision
408 direct lights
0...1...2...3...4...5...6...7...8...9...100...1...2...3...4...5...6...7...8...9...10transfers 5858, max 80
transfer lists:   0.0 megs
0...1...2...3...4...5...6...7...8...9...10	Bounce #1 added RGB(167, 155, 103)
0...1...2...3...4...5...6...7...8...9...10	Bounce #2 added RGB(422, 417, 293)
0...1...2...3...4...5...6...7...8...9...10	Bounce #3 added RGB(262, 264, 186)
0...1...2...3...4...5...6...7...8...9...10	Bounce #4 added RGB(213, 217, 152)
0...1...2...3...4...5...6...7...8...9...10	Bounce #5 added RGB(164, 168, 117)
0...1...2...3...4...5...6...7...8...9...10	Bounce #6 added RGB(129, 133, 91)
0...1...2...3...4...5...6...7...8...9...10	Bounce #7 added RGB(101, 105, 71)
0...1...2...3...4...5...6...7...8...9...10	Bounce #8 added RGB(79, 82, 56)
0...1...2...3...4...5...6...7...8...9...10	Bounce #9 added RGB(62, 65, 44)
0...1...2...3...4...5...6...7...8...9...10	Bounce #10 added RGB(48, 51, 34)
0...1...2...3...4...5...6...7...8...9...10	Bounce #11 added RGB(38, 40, 27)
0...1...2...3...4...5...6...7...8...9...10	Bounce #12 added RGB(30, 32, 21)
0...1...2...3...4...5...6...7...8...9...10	Bounce #13 added RGB(23, 25, 16)
0...1...2...3...4...5...6...7...8...9...10	Bounce #14 added RGB(18, 20, 13)
0...1...2...3...4...5...6...7...8...9...10	Bounce #15 added RGB(14, 16, 10)
0...1...2...3...4...5...6...7...8...9...10	Bounce #16 added RGB(11, 12, 8)
0...1...2...3...4...5...6...7...8...9...10	Bounce #17 added RGB(9, 10, 6)
0...1...2...3...4...5...6...7...8...9...10	Bounce #18 added RGB(7, 8, 5)
0...1...2...3...4...5...6...7...8...9...10	Bounce #19 added RGB(5, 6, 4)
0...1...2...3...4...5...6...7...8...9...10	Bounce #20 added RGB(4, 5, 3)
0...1...2...3...4...5...6...7...8...9...10	Bounce #21 added RGB(3, 4, 2)
0...1...2...3...4...5...6...7...8...9...10	Bounce #22 added RGB(3, 3, 2)
0...1...2...3...4...5...6...7...8...9...10	Bounce #23 added RGB(2, 2, 1)
0...1...2...3...4...5...6...7...8...9...10	Bounce #24 added RGB(2, 2, 1)
0...1...2...3...4...5...6...7...8...9...10	Bounce #25 added RGB(1, 1, 1)
0...1...2...3...4...5...6...7...8...9...10	Bounce #26 added RGB(1, 1, 1)
0...1...2...3...4...5...6...7...8...9...10	Bounce #27 added RGB(1, 1, 1)
Build Patch/Sample Hash Table(s).....Done<0.0004 sec>
0...1...2...3...4...5...6...7...8...9...10FinalLightFace Done
2 of 403 (0% of) surface lights went in leaf ambient cubes.
0...1...2...3...4...5...6...7...8...9...10Writing leaf ambient...done
Computing static prop lighting : 00...1...2...3...4...5...6...7...8...9...10
Ready to Finish

Object names       Objects/Maxobjs  Memory / Maxmem  Fullness 
------------       ---------------  ---------------  -------- 
models                   4/4096          192/196608   ( 0.1%) 
brushes                 31/32768         372/393216   ( 0.1%) 
brushsides             186/65536        1488/524288   ( 0.3%) 
planes                 168/65536        3360/1310720  ( 0.3%) 
vertexes               270/65536        3240/786432   ( 0.4%) 
nodes                  156/65536        4992/2097152  ( 0.2%) 
texinfos                49/12288        3528/884736   ( 0.4%) 
texdata                  7/2048          224/65536    ( 0.3%) 
dispinfos                0/0               0/0        ( 0.0%) 
disp_verts               0/0               0/0        ( 0.0%) 
disp_tris                0/0               0/0        ( 0.0%) 
disp_lmsamples           0/0               0/0        ( 0.0%) 
faces                  161/65536        9016/3670016  ( 0.2%) 
hdr faces                0/65536           0/3670016  ( 0.0%) 
origfaces              104/65536        5824/3670016  ( 0.2%) 
leaves                 161/65536        5152/2097152  ( 0.2%) 
leaffaces              168/65536         336/131072   ( 0.3%) 
leafbrushes             95/65536         190/131072   ( 0.1%) 
areas                    2/1024           16/8192     ( 0.2%) 
surfedges             1133/512000       4532/2048000  ( 0.2%) 
edges                  619/256000       2476/1024000  ( 0.2%) 
LDR worldlights        408/16384       35904/1441792  ( 2.5%) 
HDR worldlights          0/16384           0/1441792  ( 0.0%) 
leafwaterdata            0/32768           0/393216   ( 0.0%) 
waterstrips             10/131072        100/1310720  ( 0.0%) 
waterverts               0/131072          0/1572864  ( 0.0%) 
waterindices           138/131072        276/262144   ( 0.1%) 
cubemapsamples           0/1024            0/16384    ( 0.0%) 
overlays                 0/1024            0/360448   ( 0.0%) 
LDR lightdata         [variable]       17476/0        ( 0.0%) 
HDR lightdata         [variable]           0/0        ( 0.0%) 
visdata               [variable]        1384/16777216 ( 0.0%) 
entdata               [variable]        3803/393216   ( 1.0%) 
LDR ambient table      161/65536         644/262144   ( 0.2%) 
HDR ambient table      161/65536         644/262144   ( 0.2%) 
LDR leaf ambient       794/65536       22232/1835008  ( 1.2%) 
HDR leaf ambient       161/65536        4508/1835008  ( 0.2%) 
occluders                0/0               0/0        ( 0.0%) 
occluder polygons        0/0               0/0        ( 0.0%) 
occluder vert ind        0/0               0/0        ( 0.0%) 
detail props          [variable]           1/12       ( 8.3%) 
static props          [variable]           1/3874     ( 0.0%) 
pakfile               [variable]      432380/0        ( 0.0%) 
physics               [variable]       12206/4194304  ( 0.3%) 
physics terrain       [variable]           2/1048576  ( 0.0%) 

Level flags = 1

Total triangle count: 395
Writing c:\program files (x86)\steam\steamapps\sourcemods\who\maps\map_2.bsp
6 seconds elapsed



[Reading texlights from 'lights.rad']
[48 texlights parsed from 'lights.rad']

Loading c:\program files (x86)\steam\steamapps\sourcemods\who\maps\map_2.bsp
161 faces
20639 square feet [2972154.00 square inches]
0 Displacements
0 Square Feet [0.00 Square Inches]
161 patches before subdivision
1301 patches after subdivision
408 direct lights
0...1...2...3...4...5...6...7...8...9...100...1...2...3...4...5...6...7...8...9...10transfers 5858, max 80
transfer lists:   0.0 megs
0...1...2...3...4...5...6...7...8...9...10	Bounce #1 added RGB(167, 155, 103)
0...1...2...3...4...5...6...7...8...9...10	Bounce #2 added RGB(422, 417, 293)
0...1...2...3...4...5...6...7...8...9...10	Bounce #3 added RGB(262, 264, 186)
0...1...2...3...4...5...6...7...8...9...10	Bounce #4 added RGB(213, 217, 152)
0...1...2...3...4...5...6...7...8...9...10	Bounce #5 added RGB(164, 168, 117)
0...1...2...3...4...5...6...7...8...9...10	Bounce #6 added RGB(129, 133, 91)
0...1...2...3...4...5...6...7...8...9...10	Bounce #7 added RGB(101, 105, 71)
0...1...2...3...4...5...6...7...8...9...10	Bounce #8 added RGB(79, 82, 56)
0...1...2...3...4...5...6...7...8...9...10	Bounce #9 added RGB(62, 65, 44)
0...1...2...3...4...5...6...7...8...9...10	Bounce #10 added RGB(48, 51, 34)
0...1...2...3...4...5...6...7...8...9...10	Bounce #11 added RGB(38, 40, 27)
0...1...2...3...4...5...6...7...8...9...10	Bounce #12 added RGB(30, 32, 21)
0...1...2...3...4...5...6...7...8...9...10	Bounce #13 added RGB(23, 25, 16)
0...1...2...3...4...5...6...7...8...9...10	Bounce #14 added RGB(18, 20, 13)
0...1...2...3...4...5...6...7...8...9...10	Bounce #15 added RGB(14, 16, 10)
0...1...2...3...4...5...6...7...8...9...10	Bounce #16 added RGB(11, 12, 8)
0...1...2...3...4...5...6...7...8...9...10	Bounce #17 added RGB(9, 10, 6)
0...1...2...3...4...5...6...7...8...9...10	Bounce #18 added RGB(7, 8, 5)
0...1...2...3...4...5...6...7...8...9...10	Bounce #19 added RGB(5, 6, 4)
0...1...2...3...4...5...6...7...8...9...10	Bounce #20 added RGB(4, 5, 3)
0...1...2...3...4...5...6...7...8...9...10	Bounce #21 added RGB(3, 4, 2)
0...1...2...3...4...5...6...7...8...9...10	Bounce #22 added RGB(3, 3, 2)
0...1...2...3...4...5...6...7...8...9...10	Bounce #23 added RGB(2, 2, 1)
0...1...2...3...4...5...6...7...8...9...10	Bounce #24 added RGB(2, 2, 1)
0...1...2...3...4...5...6...7...8...9...10	Bounce #25 added RGB(1, 1, 1)
0...1...2...3...4...5...6...7...8...9...10	Bounce #26 added RGB(1, 1, 1)
0...1...2...3...4...5...6...7...8...9...10	Bounce #27 added RGB(1, 1, 1)
Build Patch/Sample Hash Table(s).....Done<0.0001 sec>
0...1...2...3...4...5...6...7...8...9...10FinalLightFace Done
2 of 403 (0% of) surface lights went in leaf ambient cubes.
0...1...2...3...4...5...6...7...8...9...10Writing leaf ambient...done
Computing static prop lighting : 00...1...2...3...4...5...6...7...8...9...10
Ready to Finish

Object names       Objects/Maxobjs  Memory / Maxmem  Fullness 
------------       ---------------  ---------------  -------- 
models                   4/4096          192/196608   ( 0.1%) 
brushes                 31/32768         372/393216   ( 0.1%) 
brushsides             186/65536        1488/524288   ( 0.3%) 
planes                 168/65536        3360/1310720  ( 0.3%) 
vertexes               270/65536        3240/786432   ( 0.4%) 
nodes                  156/65536        4992/2097152  ( 0.2%) 
texinfos                49/12288        3528/884736   ( 0.4%) 
texdata                  7/2048          224/65536    ( 0.3%) 
dispinfos                0/0               0/0        ( 0.0%) 
disp_verts               0/0               0/0        ( 0.0%) 
disp_tris                0/0               0/0        ( 0.0%) 
disp_lmsamples           0/0               0/0        ( 0.0%) 
faces                  161/65536        9016/3670016  ( 0.2%) 
hdr faces              161/65536        9016/3670016  ( 0.2%) 
origfaces              104/65536        5824/3670016  ( 0.2%) 
leaves                 161/65536        5152/2097152  ( 0.2%) 
leaffaces              168/65536         336/131072   ( 0.3%) 
leafbrushes             95/65536         190/131072   ( 0.1%) 
areas                    2/1024           16/8192     ( 0.2%) 
surfedges             1133/512000       4532/2048000  ( 0.2%) 
edges                  619/256000       2476/1024000  ( 0.2%) 
LDR worldlights        408/16384       35904/1441792  ( 2.5%) 
HDR worldlights        408/16384       35904/1441792  ( 2.5%) 
leafwaterdata            0/32768           0/393216   ( 0.0%) 
waterstrips             10/131072        100/1310720  ( 0.0%) 
waterverts               0/131072          0/1572864  ( 0.0%) 
waterindices           138/131072        276/262144   ( 0.1%) 
cubemapsamples           0/1024            0/16384    ( 0.0%) 
overlays                 0/1024            0/360448   ( 0.0%) 
LDR lightdata         [variable]       17476/0        ( 0.0%) 
HDR lightdata         [variable]       17476/0        ( 0.0%) 
visdata               [variable]        1384/16777216 ( 0.0%) 
entdata               [variable]        3803/393216   ( 1.0%) 
LDR ambient table      161/65536         644/262144   ( 0.2%) 
HDR ambient table      161/65536         644/262144   ( 0.2%) 
LDR leaf ambient       794/65536       22232/1835008  ( 1.2%) 
HDR leaf ambient       794/65536       22232/1835008  ( 1.2%) 
occluders                0/0               0/0        ( 0.0%) 
occluder polygons        0/0               0/0        ( 0.0%) 
occluder vert ind        0/0               0/0        ( 0.0%) 
detail props          [variable]           1/12       ( 8.3%) 
static props          [variable]           1/3874     ( 0.0%) 
pakfile               [variable]      864986/0        ( 0.0%) 
physics               [variable]       12206/4194304  ( 0.3%) 
physics terrain       [variable]           2/1048576  ( 0.0%) 

Level flags = 3

Total triangle count: 395
Writing c:\program files (x86)\steam\steamapps\sourcemods\who\maps\map_2.bsp
6 seconds elapsed



materialPath: C:\Program Files (x86)\Steam\steamapps\sourcemods\who\materials
Loading c:\program files (x86)\steam\steamapps\sourcemods\who\maps\map_2.vmf
ConVarRef mat_reduceparticles doesn't point to an existing ConVar
fixing up env_cubemap materials on brush sides...
0...1...2...3...4...5...6...7...8...9...100...1...2...3...4...5...6...7...8...9...10Processing areas...done (0)
Building Faces...done (0)
FixTjuncs...
PruneNodes...
WriteBSP...
done (0)
writing c:\program files (x86)\steam\steamapps\sourcemods\who\maps\map_2.prt...Building visibility clusters...
done (0)
Finding displacement neighbors...
Finding lightmap sample positions...
Displacement Alpha : 0...1...2...3...4...5...6...7...8...9...10
Building Physics collision data...
done (0) (12206 bytes)
Placing static props...
Bad geometry on "models/chessandpieces/pawn_white.mdl"!
Placing detail props : 0...1...2...3...4...5...6...7...8...9...10
Compacting texture/material tables...
Reduced 76 texinfos to 50
Reduced 7 texdatas to 7 (144 bytes to 144)
Writing c:\program files (x86)\steam\steamapps\sourcemods\who\maps\map_2.bsp
0 seconds elapsed



8 threads
reading c:\program files (x86)\steam\steamapps\sourcemods\who\maps\map_2.bsp
reading c:\program files (x86)\steam\steamapps\sourcemods\who\maps\map_2.prt
  57 portalclusters
 128 numportals
0...1...2...3...4...5...6...7...8...9...100...1...2...3...4...5...6...7...8...9...10Optimized: 2 visible clusters (0.00%)
Total clusters visible: 1795
Average clusters visible: 31
Building PAS...
Average clusters audible: 50
visdatasize:1384  compressed from 912
writing c:\program files (x86)\steam\steamapps\sourcemods\who\maps\map_2.bsp
0 seconds elapsed



[Reading texlights from 'lights.rad']
[48 texlights parsed from 'lights.rad']

Loading c:\program files (x86)\steam\steamapps\sourcemods\who\maps\map_2.bsp
161 faces
20639 square feet [2972154.00 square inches]
0 Displacements
0 Square Feet [0.00 Square Inches]
161 patches before subdivision
1301 patches after subdivision
408 direct lights
0...1...2...3...4...5...6...7...8...9...100...1...2...3...4...5...6...7...8...9...10transfers 5858, max 80
transfer lists:   0.0 megs
0...1...2...3...4...5...6...7...8...9...10	Bounce #1 added RGB(167, 155, 103)
0...1...2...3...4...5...6...7...8...9...10	Bounce #2 added RGB(422, 417, 293)
0...1...2...3...4...5...6...7...8...9...10	Bounce #3 added RGB(262, 264, 186)
0...1...2...3...4...5...6...7...8...9...10	Bounce #4 added RGB(213, 217, 152)
0...1...2...3...4...5...6...7...8...9...10	Bounce #5 added RGB(164, 168, 117)
0...1...2...3...4...5...6...7...8...9...10	Bounce #6 added RGB(129, 133, 91)
0...1...2...3...4...5...6...7...8...9...10	Bounce #7 added RGB(101, 105, 71)
0...1...2...3...4...5...6...7...8...9...10	Bounce #8 added RGB(79, 82, 56)
0...1...2...3...4...5...6...7...8...9...10	Bounce #9 added RGB(62, 65, 44)
0...1...2...3...4...5...6...7...8...9...10	Bounce #10 added RGB(48, 51, 34)
0...1...2...3...4...5...6...7...8...9...10	Bounce #11 added RGB(38, 40, 27)
0...1...2...3...4...5...6...7...8...9...10	Bounce #12 added RGB(30, 32, 21)
0...1...2...3...4...5...6...7...8...9...10	Bounce #13 added RGB(23, 25, 16)
0...1...2...3...4...5...6...7...8...9...10	Bounce #14 added RGB(18, 20, 13)
0...1...2...3...4...5...6...7...8...9...10	Bounce #15 added RGB(14, 16, 10)
0...1...2...3...4...5...6...7...8...9...10	Bounce #16 added RGB(11, 12, 8)
0...1...2...3...4...5...6...7...8...9...10	Bounce #17 added RGB(9, 10, 6)
0...1...2...3...4...5...6...7...8...9...10	Bounce #18 added RGB(7, 8, 5)
0...1...2...3...4...5...6...7...8...9...10	Bounce #19 added RGB(5, 6, 4)
0...1...2...3...4...5...6...7...8...9...10	Bounce #20 added RGB(4, 5, 3)
0...1...2...3...4...5...6...7...8...9...10	Bounce #21 added RGB(3, 4, 2)
0...1...2...3...4...5...6...7...8...9...10	Bounce #22 added RGB(3, 3, 2)
0...1...2...3...4...5...6...7...8...9...10	Bounce #23 added RGB(2, 2, 1)
0...1...2...3...4...5...6...7...8...9...10	Bounce #24 added RGB(2, 2, 1)
0...1...2...3...4...5...6...7...8...9...10	Bounce #25 added RGB(1, 1, 1)
0...1...2...3...4...5...6...7...8...9...10	Bounce #26 added RGB(1, 1, 1)
0...1...2...3...4...5...6...7...8...9...10	Bounce #27 added RGB(1, 1, 1)
Build Patch/Sample Hash Table(s).....Done<0.0039 sec>
0...1...2...3...4...5...6...7...8...9...10FinalLightFace Done
2 of 403 (0% of) surface lights went in leaf ambient cubes.
0...1...2...3...4...5...6...7...8...9...10Writing leaf ambient...done
Computing static prop lighting : 00...1...2...3...4...5...6...7...8...9...10
Ready to Finish

Object names       Objects/Maxobjs  Memory / Maxmem  Fullness 
------------       ---------------  ---------------  -------- 
models                   4/4096          192/196608   ( 0.1%) 
brushes                 31/32768         372/393216   ( 0.1%) 
brushsides             186/65536        1488/524288   ( 0.3%) 
planes                 168/65536        3360/1310720  ( 0.3%) 
vertexes               270/65536        3240/786432   ( 0.4%) 
nodes                  156/65536        4992/2097152  ( 0.2%) 
texinfos                50/12288        3600/884736   ( 0.4%) 
texdata                  7/2048          224/65536    ( 0.3%) 
dispinfos                0/0               0/0        ( 0.0%) 
disp_verts               0/0               0/0        ( 0.0%) 
disp_tris                0/0               0/0        ( 0.0%) 
disp_lmsamples           0/0               0/0        ( 0.0%) 
faces                  161/65536        9016/3670016  ( 0.2%) 
hdr faces                0/65536           0/3670016  ( 0.0%) 
origfaces              104/65536        5824/3670016  ( 0.2%) 
leaves                 161/65536        5152/2097152  ( 0.2%) 
leaffaces              168/65536         336/131072   ( 0.3%) 
leafbrushes             95/65536         190/131072   ( 0.1%) 
areas                    2/1024           16/8192     ( 0.2%) 
surfedges             1133/512000       4532/2048000  ( 0.2%) 
edges                  619/256000       2476/1024000  ( 0.2%) 
LDR worldlights        408/16384       35904/1441792  ( 2.5%) 
HDR worldlights          0/16384           0/1441792  ( 0.0%) 
leafwaterdata            0/32768           0/393216   ( 0.0%) 
waterstrips             10/131072        100/1310720  ( 0.0%) 
waterverts               0/131072          0/1572864  ( 0.0%) 
waterindices           138/131072        276/262144   ( 0.1%) 
cubemapsamples           0/1024            0/16384    ( 0.0%) 
overlays                 0/1024            0/360448   ( 0.0%) 
LDR lightdata         [variable]       17476/0        ( 0.0%) 
HDR lightdata         [variable]           0/0        ( 0.0%) 
visdata               [variable]        1384/16777216 ( 0.0%) 
entdata               [variable]        3992/393216   ( 1.0%) 
LDR ambient table      161/65536         644/262144   ( 0.2%) 
HDR ambient table      161/65536         644/262144   ( 0.2%) 
LDR leaf ambient       794/65536       22232/1835008  ( 1.2%) 
HDR leaf ambient       161/65536        4508/1835008  ( 0.2%) 
occluders                0/0               0/0        ( 0.0%) 
occluder polygons        0/0               0/0        ( 0.0%) 
occluder vert ind        0/0               0/0        ( 0.0%) 
detail props          [variable]           1/12       ( 8.3%) 
static props          [variable]           1/3874     ( 0.0%) 
pakfile               [variable]      432380/0        ( 0.0%) 
physics               [variable]       12206/4194304  ( 0.3%) 
physics terrain       [variable]           2/1048576  ( 0.0%) 

Level flags = 1

Total triangle count: 395
Writing c:\program files (x86)\steam\steamapps\sourcemods\who\maps\map_2.bsp
6 seconds elapsed



[Reading texlights from 'lights.rad']
[48 texlights parsed from 'lights.rad']

Loading c:\program files (x86)\steam\steamapps\sourcemods\who\maps\map_2.bsp
161 faces
20639 square feet [2972154.00 square inches]
0 Displacements
0 Square Feet [0.00 Square Inches]
161 patches before subdivision
1301 patches after subdivision
408 direct lights
0...1...2...3...4...5...6...7...8...9...100...1...2...3...4...5...6...7...8...9...10transfers 5858, max 80
transfer lists:   0.0 megs
0...1...2...3...4...5...6...7...8...9...10	Bounce #1 added RGB(167, 155, 103)
0...1...2...3...4...5...6...7...8...9...10	Bounce #2 added RGB(422, 417, 293)
0...1...2...3...4...5...6...7...8...9...10	Bounce #3 added RGB(262, 264, 186)
0...1...2...3...4...5...6...7...8...9...10	Bounce #4 added RGB(213, 217, 152)
0...1...2...3...4...5...6...7...8...9...10	Bounce #5 added RGB(164, 168, 117)
0...1...2...3...4...5...6...7...8...9...10	Bounce #6 added RGB(129, 133, 91)
0...1...2...3...4...5...6...7...8...9...10	Bounce #7 added RGB(101, 105, 71)
0...1...2...3...4...5...6...7...8...9...10	Bounce #8 added RGB(79, 82, 56)
0...1...2...3...4...5...6...7...8...9...10	Bounce #9 added RGB(62, 65, 44)
0...1...2...3...4...5...6...7...8...9...10	Bounce #10 added RGB(48, 51, 34)
0...1...2...3...4...5...6...7...8...9...10	Bounce #11 added RGB(38, 40, 27)
0...1...2...3...4...5...6...7...8...9...10	Bounce #12 added RGB(30, 32, 21)
0...1...2...3...4...5...6...7...8...9...10	Bounce #13 added RGB(23, 25, 16)
0...1...2...3...4...5...6...7...8...9...10	Bounce #14 added RGB(18, 20, 13)
0...1...2...3...4...5...6...7...8...9...10	Bounce #15 added RGB(14, 16, 10)
0...1...2...3...4...5...6...7...8...9...10	Bounce #16 added RGB(11, 12, 8)
0...1...2...3...4...5...6...7...8...9...10	Bounce #17 added RGB(9, 10, 6)
0...1...2...3...4...5...6...7...8...9...10	Bounce #18 added RGB(7, 8, 5)
0...1...2...3...4...5...6...7...8...9...10	Bounce #19 added RGB(5, 6, 4)
0...1...2...3...4...5...6...7...8...9...10	Bounce #20 added RGB(4, 5, 3)
0...1...2...3...4...5...6...7...8...9...10	Bounce #21 added RGB(3, 4, 2)
0...1...2...3...4...5...6...7...8...9...10	Bounce #22 added RGB(3, 3, 2)
0...1...2...3...4...5...6...7...8...9...10	Bounce #23 added RGB(2, 2, 1)
0...1...2...3...4...5...6...7...8...9...10	Bounce #24 added RGB(2, 2, 1)
0...1...2...3...4...5...6...7...8...9...10	Bounce #25 added RGB(1, 1, 1)
0...1...2...3...4...5...6...7...8...9...10	Bounce #26 added RGB(1, 1, 1)
0...1...2...3...4...5...6...7...8...9...10	Bounce #27 added RGB(1, 1, 1)
Build Patch/Sample Hash Table(s).....Done<0.0001 sec>
0...1...2...3...4...5...6...7...8...9...10FinalLightFace Done
2 of 403 (0% of) surface lights went in leaf ambient cubes.
0...1...2...3...4...5...6...7...8...9...10Writing leaf ambient...done
Computing static prop lighting : 00...1...2...3...4...5...6...7...8...9...10
Ready to Finish

Object names       Objects/Maxobjs  Memory / Maxmem  Fullness 
------------       ---------------  ---------------  -------- 
models                   4/4096          192/196608   ( 0.1%) 
brushes                 31/32768         372/393216   ( 0.1%) 
brushsides             186/65536        1488/524288   ( 0.3%) 
planes                 168/65536        3360/1310720  ( 0.3%) 
vertexes               270/65536        3240/786432   ( 0.4%) 
nodes                  156/65536        4992/2097152  ( 0.2%) 
texinfos                50/12288        3600/884736   ( 0.4%) 
texdata                  7/2048          224/65536    ( 0.3%) 
dispinfos                0/0               0/0        ( 0.0%) 
disp_verts               0/0               0/0        ( 0.0%) 
disp_tris                0/0               0/0        ( 0.0%) 
disp_lmsamples           0/0               0/0        ( 0.0%) 
faces                  161/65536        9016/3670016  ( 0.2%) 
hdr faces              161/65536        9016/3670016  ( 0.2%) 
origfaces              104/65536        5824/3670016  ( 0.2%) 
leaves                 161/65536        5152/2097152  ( 0.2%) 
leaffaces              168/65536         336/131072   ( 0.3%) 
leafbrushes             95/65536         190/131072   ( 0.1%) 
areas                    2/1024           16/8192     ( 0.2%) 
surfedges             1133/512000       4532/2048000  ( 0.2%) 
edges                  619/256000       2476/1024000  ( 0.2%) 
LDR worldlights        408/16384       35904/1441792  ( 2.5%) 
HDR worldlights        408/16384       35904/1441792  ( 2.5%) 
leafwaterdata            0/32768           0/393216   ( 0.0%) 
waterstrips             10/131072        100/1310720  ( 0.0%) 
waterverts               0/131072          0/1572864  ( 0.0%) 
waterindices           138/131072        276/262144   ( 0.1%) 
cubemapsamples           0/1024            0/16384    ( 0.0%) 
overlays                 0/1024            0/360448   ( 0.0%) 
LDR lightdata         [variable]       17476/0        ( 0.0%) 
HDR lightdata         [variable]       17476/0        ( 0.0%) 
visdata               [variable]        1384/16777216 ( 0.0%) 
entdata               [variable]        3992/393216   ( 1.0%) 
LDR ambient table      161/65536         644/262144   ( 0.2%) 
HDR ambient table      161/65536         644/262144   ( 0.2%) 
LDR leaf ambient       794/65536       22232/1835008  ( 1.2%) 
HDR leaf ambient       794/65536       22232/1835008  ( 1.2%) 
occluders                0/0               0/0        ( 0.0%) 
occluder polygons        0/0               0/0        ( 0.0%) 
occluder vert ind        0/0               0/0        ( 0.0%) 
detail props          [variable]           1/12       ( 8.3%) 
static props          [variable]           1/3874     ( 0.0%) 
pakfile               [variable]      864986/0        ( 0.0%) 
physics               [variable]       12206/4194304  ( 0.3%) 
physics terrain       [variable]           2/1048576  ( 0.0%) 

Level flags = 3

Total triangle count: 395
Writing c:\program files (x86)\steam\steamapps\sourcemods\who\maps\map_2.bsp
6 seconds elapsed



materialPath: C:\Program Files (x86)\Steam\steamapps\sourcemods\who\materials
Loading c:\program files (x86)\steam\steamapps\sourcemods\who\maps\map_2.vmf
ConVarRef mat_reduceparticles doesn't point to an existing ConVar
fixing up env_cubemap materials on brush sides...
0...1...2...3...4...5...6...7...8...9...100...1...2...3...4...5...6...7...8...9...10Processing areas...done (0)
Building Faces...done (0)
FixTjuncs...
PruneNodes...
WriteBSP...
done (0)
writing c:\program files (x86)\steam\steamapps\sourcemods\who\maps\map_2.prt...Building visibility clusters...
done (0)
Finding displacement neighbors...
Finding lightmap sample positions...
Displacement Alpha : 0...1...2...3...4...5...6...7...8...9...10
Building Physics collision data...
done (0) (12208 bytes)
Placing static props...
Bad geometry on "models/chessandpieces/pawn_white.mdl"!
Placing detail props : 0...1...2...3...4...5...6...7...8...9...10
Compacting texture/material tables...
Reduced 76 texinfos to 50
Reduced 7 texdatas to 7 (144 bytes to 144)
Writing c:\program files (x86)\steam\steamapps\sourcemods\who\maps\map_2.bsp
0 seconds elapsed



8 threads
reading c:\program files (x86)\steam\steamapps\sourcemods\who\maps\map_2.bsp
reading c:\program files (x86)\steam\steamapps\sourcemods\who\maps\map_2.prt
  57 portalclusters
 128 numportals
0...1...2...3...4...5...6...7...8...9...100...1...2...3...4...5...6...7...8...9...10Optimized: 2 visible clusters (0.00%)
Total clusters visible: 1795
Average clusters visible: 31
Building PAS...
Average clusters audible: 50
visdatasize:1384  compressed from 912
writing c:\program files (x86)\steam\steamapps\sourcemods\who\maps\map_2.bsp
0 seconds elapsed



[Reading texlights from 'lights.rad']
[48 texlights parsed from 'lights.rad']

Loading c:\program files (x86)\steam\steamapps\sourcemods\who\maps\map_2.bsp
161 faces
20639 square feet [2972154.00 square inches]
0 Displacements
0 Square Feet [0.00 Square Inches]
161 patches before subdivision
1301 patches after subdivision
408 direct lights
0...1...2...3...4...5...6...7...8...9...100...1...2...3...4...5...6...7...8...9...10transfers 5858, max 80
transfer lists:   0.0 megs
0...1...2...3...4...5...6...7...8...9...10	Bounce #1 added RGB(167, 155, 103)
0...1...2...3...4...5...6...7...8...9...10	Bounce #2 added RGB(422, 417, 293)
0...1...2...3...4...5...6...7...8...9...10	Bounce #3 added RGB(262, 264, 186)
0...1...2...3...4...5...6...7...8...9...10	Bounce #4 added RGB(213, 217, 152)
0...1...2...3...4...5...6...7...8...9...10	Bounce #5 added RGB(164, 168, 117)
0...1...2...3...4...5...6...7...8...9...10	Bounce #6 added RGB(129, 133, 91)
0...1...2...3...4...5...6...7...8...9...10	Bounce #7 added RGB(101, 105, 71)
0...1...2...3...4...5...6...7...8...9...10	Bounce #8 added RGB(79, 82, 56)
0...1...2...3...4...5...6...7...8...9...10	Bounce #9 added RGB(62, 65, 44)
0...1...2...3...4...5...6...7...8...9...10	Bounce #10 added RGB(48, 51, 34)
0...1...2...3...4...5...6...7...8...9...10	Bounce #11 added RGB(38, 40, 27)
0...1...2...3...4...5...6...7...8...9...10	Bounce #12 added RGB(30, 32, 21)
0...1...2...3...4...5...6...7...8...9...10	Bounce #13 added RGB(23, 25, 16)
0...1...2...3...4...5...6...7...8...9...10	Bounce #14 added RGB(18, 20, 13)
0...1...2...3...4...5...6...7...8...9...10	Bounce #15 added RGB(14, 16, 10)
0...1...2...3...4...5...6...7...8...9...10	Bounce #16 added RGB(11, 12, 8)
0...1...2...3...4...5...6...7...8...9...10	Bounce #17 added RGB(9, 10, 6)
0...1...2...3...4...5...6...7...8...9...10	Bounce #18 added RGB(7, 8, 5)
0...1...2...3...4...5...6...7...8...9...10	Bounce #19 added RGB(5, 6, 4)
0...1...2...3...4...5...6...7...8...9...10	Bounce #20 added RGB(4, 5, 3)
0...1...2...3...4...5...6...7...8...9...10	Bounce #21 added RGB(3, 4, 2)
0...1...2...3...4...5...6...7...8...9...10	Bounce #22 added RGB(3, 3, 2)
0...1...2...3...4...5...6...7...8...9...10	Bounce #23 added RGB(2, 2, 1)
0...1...2...3...4...5...6...7...8...9...10	Bounce #24 added RGB(2, 2, 1)
0...1...2...3...4...5...6...7...8...9...10	Bounce #25 added RGB(1, 1, 1)
0...1...2...3...4...5...6...7...8...9...10	Bounce #26 added RGB(1, 1, 1)
0...1...2...3...4...5...6...7...8...9...10	Bounce #27 added RGB(1, 1, 1)
Build Patch/Sample Hash Table(s).....Done<0.0004 sec>
0...1...2...3...4...5...6...7...8...9...10FinalLightFace Done
2 of 403 (0% of) surface lights went in leaf ambient cubes.
0...1...2...3...4...5...6...7...8...9...10Writing leaf ambient...done
Computing static prop lighting : 00...1...2...3...4...5...6...7...8...9...10
Ready to Finish

Object names       Objects/Maxobjs  Memory / Maxmem  Fullness 
------------       ---------------  ---------------  -------- 
models                   4/4096          192/196608   ( 0.1%) 
brushes                 31/32768         372/393216   ( 0.1%) 
brushsides             186/65536        1488/524288   ( 0.3%) 
planes                 168/65536        3360/1310720  ( 0.3%) 
vertexes               270/65536        3240/786432   ( 0.4%) 
nodes                  156/65536        4992/2097152  ( 0.2%) 
texinfos                50/12288        3600/884736   ( 0.4%) 
texdata                  7/2048          224/65536    ( 0.3%) 
dispinfos                0/0               0/0        ( 0.0%) 
disp_verts               0/0               0/0        ( 0.0%) 
disp_tris                0/0               0/0        ( 0.0%) 
disp_lmsamples           0/0               0/0        ( 0.0%) 
faces                  161/65536        9016/3670016  ( 0.2%) 
hdr faces                0/65536           0/3670016  ( 0.0%) 
origfaces              104/65536        5824/3670016  ( 0.2%) 
leaves                 161/65536        5152/2097152  ( 0.2%) 
leaffaces              168/65536         336/131072   ( 0.3%) 
leafbrushes             95/65536         190/131072   ( 0.1%) 
areas                    2/1024           16/8192     ( 0.2%) 
surfedges             1133/512000       4532/2048000  ( 0.2%) 
edges                  619/256000       2476/1024000  ( 0.2%) 
LDR worldlights        408/16384       35904/1441792  ( 2.5%) 
HDR worldlights          0/16384           0/1441792  ( 0.0%) 
leafwaterdata            0/32768           0/393216   ( 0.0%) 
waterstrips             10/131072        100/1310720  ( 0.0%) 
waterverts               0/131072          0/1572864  ( 0.0%) 
waterindices           138/131072        276/262144   ( 0.1%) 
cubemapsamples           0/1024            0/16384    ( 0.0%) 
overlays                 0/1024            0/360448   ( 0.0%) 
LDR lightdata         [variable]       17476/0        ( 0.0%) 
HDR lightdata         [variable]           0/0        ( 0.0%) 
visdata               [variable]        1384/16777216 ( 0.0%) 
entdata               [variable]        3898/393216   ( 1.0%) 
LDR ambient table      161/65536         644/262144   ( 0.2%) 
HDR ambient table      161/65536         644/262144   ( 0.2%) 
LDR leaf ambient       794/65536       22232/1835008  ( 1.2%) 
HDR leaf ambient       161/65536        4508/1835008  ( 0.2%) 
occluders                0/0               0/0        ( 0.0%) 
occluder polygons        0/0               0/0        ( 0.0%) 
occluder vert ind        0/0               0/0        ( 0.0%) 
detail props          [variable]           1/12       ( 8.3%) 
static props          [variable]           1/3874     ( 0.0%) 
pakfile               [variable]      432380/0        ( 0.0%) 
physics               [variable]       12208/4194304  ( 0.3%) 
physics terrain       [variable]           2/1048576  ( 0.0%) 

Level flags = 1

Total triangle count: 395
Writing c:\program files (x86)\steam\steamapps\sourcemods\who\maps\map_2.bsp
6 seconds elapsed



[Reading texlights from 'lights.rad']
[48 texlights parsed from 'lights.rad']

Loading c:\program files (x86)\steam\steamapps\sourcemods\who\maps\map_2.bsp
161 faces
20639 square feet [2972154.00 square inches]
0 Displacements
0 Square Feet [0.00 Square Inches]
161 patches before subdivision
1301 patches after subdivision
408 direct lights
0...1...2...3...4...5...6...7...8...9...100...1...2...3...4...5...6...7...8...9...10transfers 5858, max 80
transfer lists:   0.0 megs
0...1...2...3...4...5...6...7...8...9...10	Bounce #1 added RGB(167, 155, 103)
0...1...2...3...4...5...6...7...8...9...10	Bounce #2 added RGB(422, 417, 293)
0...1...2...3...4...5...6...7...8...9...10	Bounce #3 added RGB(262, 264, 186)
0...1...2...3...4...5...6...7...8...9...10	Bounce #4 added RGB(213, 217, 152)
0...1...2...3...4...5...6...7...8...9...10	Bounce #5 added RGB(164, 168, 117)
0...1...2...3...4...5...6...7...8...9...10	Bounce #6 added RGB(129, 133, 91)
0...1...2...3...4...5...6...7...8...9...10	Bounce #7 added RGB(101, 105, 71)
0...1...2...3...4...5...6...7...8...9...10	Bounce #8 added RGB(79, 82, 56)
0...1...2...3...4...5...6...7...8...9...10	Bounce #9 added RGB(62, 65, 44)
0...1...2...3...4...5...6...7...8...9...10	Bounce #10 added RGB(48, 51, 34)
0...1...2...3...4...5...6...7...8...9...10	Bounce #11 added RGB(38, 40, 27)
0...1...2...3...4...5...6...7...8...9...10	Bounce #12 added RGB(30, 32, 21)
0...1...2...3...4...5...6...7...8...9...10	Bounce #13 added RGB(23, 25, 16)
0...1...2...3...4...5...6...7...8...9...10	Bounce #14 added RGB(18, 20, 13)
0...1...2...3...4...5...6...7...8...9...10	Bounce #15 added RGB(14, 16, 10)
0...1...2...3...4...5...6...7...8...9...10	Bounce #16 added RGB(11, 12, 8)
0...1...2...3...4...5...6...7...8...9...10	Bounce #17 added RGB(9, 10, 6)
0...1...2...3...4...5...6...7...8...9...10	Bounce #18 added RGB(7, 8, 5)
0...1...2...3...4...5...6...7...8...9...10	Bounce #19 added RGB(5, 6, 4)
0...1...2...3...4...5...6...7...8...9...10	Bounce #20 added RGB(4, 5, 3)
0...1...2...3...4...5...6...7...8...9...10	Bounce #21 added RGB(3, 4, 2)
0...1...2...3...4...5...6...7...8...9...10	Bounce #22 added RGB(3, 3, 2)
0...1...2...3...4...5...6...7...8...9...10	Bounce #23 added RGB(2, 2, 1)
0...1...2...3...4...5...6...7...8...9...10	Bounce #24 added RGB(2, 2, 1)
0...1...2...3...4...5...6...7...8...9...10	Bounce #25 added RGB(1, 1, 1)
0...1...2...3...4...5...6...7...8...9...10	Bounce #26 added RGB(1, 1, 1)
0...1...2...3...4...5...6...7...8...9...10	Bounce #27 added RGB(1, 1, 1)
Build Patch/Sample Hash Table(s).....Done<0.0001 sec>
0...1...2...3...4...5...6...7...8...9...10FinalLightFace Done
2 of 403 (0% of) surface lights went in leaf ambient cubes.
0...1...2...3...4...5...6...7...8...9...10Writing leaf ambient...done
Computing static prop lighting : 00...1...2...3...4...5...6...7...8...9...10
Ready to Finish

Object names       Objects/Maxobjs  Memory / Maxmem  Fullness 
------------       ---------------  ---------------  -------- 
models                   4/4096          192/196608   ( 0.1%) 
brushes                 31/32768         372/393216   ( 0.1%) 
brushsides             186/65536        1488/524288   ( 0.3%) 
planes                 168/65536        3360/1310720  ( 0.3%) 
vertexes               270/65536        3240/786432   ( 0.4%) 
nodes                  156/65536        4992/2097152  ( 0.2%) 
texinfos                50/12288        3600/884736   ( 0.4%) 
texdata                  7/2048          224/65536    ( 0.3%) 
dispinfos                0/0               0/0        ( 0.0%) 
disp_verts               0/0               0/0        ( 0.0%) 
disp_tris                0/0               0/0        ( 0.0%) 
disp_lmsamples           0/0               0/0        ( 0.0%) 
faces                  161/65536        9016/3670016  ( 0.2%) 
hdr faces              161/65536        9016/3670016  ( 0.2%) 
origfaces              104/65536        5824/3670016  ( 0.2%) 
leaves                 161/65536        5152/2097152  ( 0.2%) 
leaffaces              168/65536         336/131072   ( 0.3%) 
leafbrushes             95/65536         190/131072   ( 0.1%) 
areas                    2/1024           16/8192     ( 0.2%) 
surfedges             1133/512000       4532/2048000  ( 0.2%) 
edges                  619/256000       2476/1024000  ( 0.2%) 
LDR worldlights        408/16384       35904/1441792  ( 2.5%) 
HDR worldlights        408/16384       35904/1441792  ( 2.5%) 
leafwaterdata            0/32768           0/393216   ( 0.0%) 
waterstrips             10/131072        100/1310720  ( 0.0%) 
waterverts               0/131072          0/1572864  ( 0.0%) 
waterindices           138/131072        276/262144   ( 0.1%) 
cubemapsamples           0/1024            0/16384    ( 0.0%) 
overlays                 0/1024            0/360448   ( 0.0%) 
LDR lightdata         [variable]       17476/0        ( 0.0%) 
HDR lightdata         [variable]       17476/0        ( 0.0%) 
visdata               [variable]        1384/16777216 ( 0.0%) 
entdata               [variable]        3898/393216   ( 1.0%) 
LDR ambient table      161/65536         644/262144   ( 0.2%) 
HDR ambient table      161/65536         644/262144   ( 0.2%) 
LDR leaf ambient       794/65536       22232/1835008  ( 1.2%) 
HDR leaf ambient       794/65536       22232/1835008  ( 1.2%) 
occluders                0/0               0/0        ( 0.0%) 
occluder polygons        0/0               0/0        ( 0.0%) 
occluder vert ind        0/0               0/0        ( 0.0%) 
detail props          [variable]           1/12       ( 8.3%) 
static props          [variable]           1/3874     ( 0.0%) 
pakfile               [variable]      864986/0        ( 0.0%) 
physics               [variable]       12208/4194304  ( 0.3%) 
physics terrain       [variable]           2/1048576  ( 0.0%) 

Level flags = 3

Total triangle count: 395
Writing c:\program files (x86)\steam\steamapps\sourcemods\who\maps\map_2.bsp
6 seconds elapsed



materialPath: C:\Program Files (x86)\Steam\steamapps\sourcemods\who\materials
Loading c:\program files (x86)\steam\steamapps\sourcemods\who\maps\map_2.vmf
ConVarRef mat_reduceparticles doesn't point to an existing ConVar
fixing up env_cubemap materials on brush sides...
0...1...2...3...4...5...6...7...8...9...100...1...2...3...4...5...6...7...8...9...10Processing areas...done (0)
Building Faces...done (0)
FixTjuncs...
PruneNodes...
WriteBSP...
done (0)
writing c:\program files (x86)\steam\steamapps\sourcemods\who\maps\map_2.prt...Building visibility clusters...
done (0)
Finding displacement neighbors...
Finding lightmap sample positions...
Displacement Alpha : 0...1...2...3...4...5...6...7...8...9...10
Building Physics collision data...
done (0) (12208 bytes)
Placing static props...
Bad geometry on "models/chessandpieces/pawn_white.mdl"!
Placing detail props : 0...1...2...3...4...5...6...7...8...9...10
Compacting texture/material tables...
Reduced 76 texinfos to 50
Reduced 7 texdatas to 7 (144 bytes to 144)
Writing c:\program files (x86)\steam\steamapps\sourcemods\who\maps\map_2.bsp
0 seconds elapsed



8 threads
reading c:\program files (x86)\steam\steamapps\sourcemods\who\maps\map_2.bsp
reading c:\program files (x86)\steam\steamapps\sourcemods\who\maps\map_2.prt
  57 portalclusters
 128 numportals
0...1...2...3...4...5...6...7...8...9...100...1...2...3...4...5...6...7...8...9...10Optimized: 2 visible clusters (0.00%)
Total clusters visible: 1795
Average clusters visible: 31
Building PAS...
Average clusters audible: 50
visdatasize:1384  compressed from 912
writing c:\program files (x86)\steam\steamapps\sourcemods\who\maps\map_2.bsp
0 seconds elapsed



[Reading texlights from 'lights.rad']
[48 texlights parsed from 'lights.rad']

Loading c:\program files (x86)\steam\steamapps\sourcemods\who\maps\map_2.bsp
161 faces
20639 square feet [2972154.00 square inches]
0 Displacements
0 Square Feet [0.00 Square Inches]
161 patches before subdivision
1301 patches after subdivision
408 direct lights
0...1...2...3...4...5...6...7...8...9...100...1...2...3...4...5...6...7...8...9...10transfers 5858, max 80
transfer lists:   0.0 megs
0...1...2...3...4...5...6...7...8...9...10	Bounce #1 added RGB(167, 155, 103)
0...1...2...3...4...5...6...7...8...9...10	Bounce #2 added RGB(422, 417, 293)
0...1...2...3...4...5...6...7...8...9...10	Bounce #3 added RGB(262, 264, 186)
0...1...2...3...4...5...6...7...8...9...10	Bounce #4 added RGB(213, 217, 152)
0...1...2...3...4...5...6...7...8...9...10	Bounce #5 added RGB(164, 168, 117)
0...1...2...3...4...5...6...7...8...9...10	Bounce #6 added RGB(129, 133, 91)
0...1...2...3...4...5...6...7...8...9...10	Bounce #7 added RGB(101, 105, 71)
0...1...2...3...4...5...6...7...8...9...10	Bounce #8 added RGB(79, 82, 56)
0...1...2...3...4...5...6...7...8...9...10	Bounce #9 added RGB(62, 65, 44)
0...1...2...3...4...5...6...7...8...9...10	Bounce #10 added RGB(48, 51, 34)
0...1...2...3...4...5...6...7...8...9...10	Bounce #11 added RGB(38, 40, 27)
0...1...2...3...4...5...6...7...8...9...10	Bounce #12 added RGB(30, 32, 21)
0...1...2...3...4...5...6...7...8...9...10	Bounce #13 added RGB(23, 25, 16)
0...1...2...3...4...5...6...7...8...9...10	Bounce #14 added RGB(18, 20, 13)
0...1...2...3...4...5...6...7...8...9...10	Bounce #15 added RGB(14, 16, 10)
0...1...2...3...4...5...6...7...8...9...10	Bounce #16 added RGB(11, 12, 8)
0...1...2...3...4...5...6...7...8...9...10	Bounce #17 added RGB(9, 10, 6)
0...1...2...3...4...5...6...7...8...9...10	Bounce #18 added RGB(7, 8, 5)
0...1...2...3...4...5...6...7...8...9...10	Bounce #19 added RGB(5, 6, 4)
0...1...2...3...4...5...6...7...8...9...10	Bounce #20 added RGB(4, 5, 3)
0...1...2...3...4...5...6...7...8...9...10	Bounce #21 added RGB(3, 4, 2)
0...1...2...3...4...5...6...7...8...9...10	Bounce #22 added RGB(3, 3, 2)
0...1...2...3...4...5...6...7...8...9...10	Bounce #23 added RGB(2, 2, 1)
0...1...2...3...4...5...6...7...8...9...10	Bounce #24 added RGB(2, 2, 1)
0...1...2...3...4...5...6...7...8...9...10	Bounce #25 added RGB(1, 1, 1)
0...1...2...3...4...5...6...7...8...9...10	Bounce #26 added RGB(1, 1, 1)
0...1...2...3...4...5...6...7...8...9...10	Bounce #27 added RGB(1, 1, 1)
Build Patch/Sample Hash Table(s).....Done<0.0066 sec>
0...1...2...3...4...5...6...7...8...9...10FinalLightFace Done
2 of 403 (0% of) surface lights went in leaf ambient cubes.
0...1...2...3...4...5...6...7...8...9...10Writing leaf ambient...done
Computing static prop lighting : 00...1...2...3...4...5...6...7...8...9...10
Ready to Finish

Object names       Objects/Maxobjs  Memory / Maxmem  Fullness 
------------       ---------------  ---------------  -------- 
models                   4/4096          192/196608   ( 0.1%) 
brushes                 31/32768         372/393216   ( 0.1%) 
brushsides             186/65536        1488/524288   ( 0.3%) 
planes                 168/65536        3360/1310720  ( 0.3%) 
vertexes               270/65536        3240/786432   ( 0.4%) 
nodes                  156/65536        4992/2097152  ( 0.2%) 
texinfos                50/12288        3600/884736   ( 0.4%) 
texdata                  7/2048          224/65536    ( 0.3%) 
dispinfos                0/0               0/0        ( 0.0%) 
disp_verts               0/0               0/0        ( 0.0%) 
disp_tris                0/0               0/0        ( 0.0%) 
disp_lmsamples           0/0               0/0        ( 0.0%) 
faces                  161/65536        9016/3670016  ( 0.2%) 
hdr faces                0/65536           0/3670016  ( 0.0%) 
origfaces              104/65536        5824/3670016  ( 0.2%) 
leaves                 161/65536        5152/2097152  ( 0.2%) 
leaffaces              168/65536         336/131072   ( 0.3%) 
leafbrushes             95/65536         190/131072   ( 0.1%) 
areas                    2/1024           16/8192     ( 0.2%) 
surfedges             1133/512000       4532/2048000  ( 0.2%) 
edges                  619/256000       2476/1024000  ( 0.2%) 
LDR worldlights        408/16384       35904/1441792  ( 2.5%) 
HDR worldlights          0/16384           0/1441792  ( 0.0%) 
leafwaterdata            0/32768           0/393216   ( 0.0%) 
waterstrips             10/131072        100/1310720  ( 0.0%) 
waterverts               0/131072          0/1572864  ( 0.0%) 
waterindices           138/131072        276/262144   ( 0.1%) 
cubemapsamples           0/1024            0/16384    ( 0.0%) 
overlays                 0/1024            0/360448   ( 0.0%) 
LDR lightdata         [variable]       17476/0        ( 0.0%) 
HDR lightdata         [variable]           0/0        ( 0.0%) 
visdata               [variable]        1384/16777216 ( 0.0%) 
entdata               [variable]        3899/393216   ( 1.0%) 
LDR ambient table      161/65536         644/262144   ( 0.2%) 
HDR ambient table      161/65536         644/262144   ( 0.2%) 
LDR leaf ambient       794/65536       22232/1835008  ( 1.2%) 
HDR leaf ambient       161/65536        4508/1835008  ( 0.2%) 
occluders                0/0               0/0        ( 0.0%) 
occluder polygons        0/0               0/0        ( 0.0%) 
occluder vert ind        0/0               0/0        ( 0.0%) 
detail props          [variable]           1/12       ( 8.3%) 
static props          [variable]           1/3874     ( 0.0%) 
pakfile               [variable]      432380/0        ( 0.0%) 
physics               [variable]       12208/4194304  ( 0.3%) 
physics terrain       [variable]           2/1048576  ( 0.0%) 

Level flags = 1

Total triangle count: 395
Writing c:\program files (x86)\steam\steamapps\sourcemods\who\maps\map_2.bsp
6 seconds elapsed



[Reading texlights from 'lights.rad']
[48 texlights parsed from 'lights.rad']

Loading c:\program files (x86)\steam\steamapps\sourcemods\who\maps\map_2.bsp
161 faces
20639 square feet [2972154.00 square inches]
0 Displacements
0 Square Feet [0.00 Square Inches]
161 patches before subdivision
1301 patches after subdivision
408 direct lights
0...1...2...3...4...5...6...7...8...9...100...1...2...3...4...5...6...7...8...9...10transfers 5858, max 80
transfer lists:   0.0 megs
0...1...2...3...4...5...6...7...8...9...10	Bounce #1 added RGB(167, 155, 103)
0...1...2...3...4...5...6...7...8...9...10	Bounce #2 added RGB(422, 417, 293)
0...1...2...3...4...5...6...7...8...9...10	Bounce #3 added RGB(262, 264, 186)
0...1...2...3...4...5...6...7...8...9...10	Bounce #4 added RGB(213, 217, 152)
0...1...2...3...4...5...6...7...8...9...10	Bounce #5 added RGB(164, 168, 117)
0...1...2...3...4...5...6...7...8...9...10	Bounce #6 added RGB(129, 133, 91)
0...1...2...3...4...5...6...7...8...9...10	Bounce #7 added RGB(101, 105, 71)
0...1...2...3...4...5...6...7...8...9...10	Bounce #8 added RGB(79, 82, 56)
0...1...2...3...4...5...6...7...8...9...10	Bounce #9 added RGB(62, 65, 44)
0...1...2...3...4...5...6...7...8...9...10	Bounce #10 added RGB(48, 51, 34)
0...1...2...3...4...5...6...7...8...9...10	Bounce #11 added RGB(38, 40, 27)
0...1...2...3...4...5...6...7...8...9...10	Bounce #12 added RGB(30, 32, 21)
0...1...2...3...4...5...6...7...8...9...10	Bounce #13 added RGB(23, 25, 16)
0...1...2...3...4...5...6...7...8...9...10	Bounce #14 added RGB(18, 20, 13)
0...1...2...3...4...5...6...7...8...9...10	Bounce #15 added RGB(14, 16, 10)
0...1...2...3...4...5...6...7...8...9...10	Bounce #16 added RGB(11, 12, 8)
0...1...2...3...4...5...6...7...8...9...10	Bounce #17 added RGB(9, 10, 6)
0...1...2...3...4...5...6...7...8...9...10	Bounce #18 added RGB(7, 8, 5)
0...1...2...3...4...5...6...7...8...9...10	Bounce #19 added RGB(5, 6, 4)
0...1...2...3...4...5...6...7...8...9...10	Bounce #20 added RGB(4, 5, 3)
0...1...2...3...4...5...6...7...8...9...10	Bounce #21 added RGB(3, 4, 2)
0...1...2...3...4...5...6...7...8...9...10	Bounce #22 added RGB(3, 3, 2)
0...1...2...3...4...5...6...7...8...9...10	Bounce #23 added RGB(2, 2, 1)
0...1...2...3...4...5...6...7...8...9...10	Bounce #24 added RGB(2, 2, 1)
0...1...2...3...4...5...6...7...8...9...10	Bounce #25 added RGB(1, 1, 1)
0...1...2...3...4...5...6...7...8...9...10	Bounce #26 added RGB(1, 1, 1)
0...1...2...3...4...5...6...7...8...9...10	Bounce #27 added RGB(1, 1, 1)
Build Patch/Sample Hash Table(s).....Done<0.0001 sec>
0...1...2...3...4...5...6...7...8...9...10FinalLightFace Done
2 of 403 (0% of) surface lights went in leaf ambient cubes.
0...1...2...3...4...5...6...7...8...9...10Writing leaf ambient...done
Computing static prop lighting : 00...1...2...3...4...5...6...7...8...9...10
Ready to Finish

Object names       Objects/Maxobjs  Memory / Maxmem  Fullness 
------------       ---------------  ---------------  -------- 
models                   4/4096          192/196608   ( 0.1%) 
brushes                 31/32768         372/393216   ( 0.1%) 
brushsides             186/65536        1488/524288   ( 0.3%) 
planes                 168/65536        3360/1310720  ( 0.3%) 
vertexes               270/65536        3240/786432   ( 0.4%) 
nodes                  156/65536        4992/2097152  ( 0.2%) 
texinfos                50/12288        3600/884736   ( 0.4%) 
texdata                  7/2048          224/65536    ( 0.3%) 
dispinfos                0/0               0/0        ( 0.0%) 
disp_verts               0/0               0/0        ( 0.0%) 
disp_tris                0/0               0/0        ( 0.0%) 
disp_lmsamples           0/0               0/0        ( 0.0%) 
faces                  161/65536        9016/3670016  ( 0.2%) 
hdr faces              161/65536        9016/3670016  ( 0.2%) 
origfaces              104/65536        5824/3670016  ( 0.2%) 
leaves                 161/65536        5152/2097152  ( 0.2%) 
leaffaces              168/65536         336/131072   ( 0.3%) 
leafbrushes             95/65536         190/131072   ( 0.1%) 
areas                    2/1024           16/8192     ( 0.2%) 
surfedges             1133/512000       4532/2048000  ( 0.2%) 
edges                  619/256000       2476/1024000  ( 0.2%) 
LDR worldlights        408/16384       35904/1441792  ( 2.5%) 
HDR worldlights        408/16384       35904/1441792  ( 2.5%) 
leafwaterdata            0/32768           0/393216   ( 0.0%) 
waterstrips             10/131072        100/1310720  ( 0.0%) 
waterverts               0/131072          0/1572864  ( 0.0%) 
waterindices           138/131072        276/262144   ( 0.1%) 
cubemapsamples           0/1024            0/16384    ( 0.0%) 
overlays                 0/1024            0/360448   ( 0.0%) 
LDR lightdata         [variable]       17476/0        ( 0.0%) 
HDR lightdata         [variable]       17476/0        ( 0.0%) 
visdata               [variable]        1384/16777216 ( 0.0%) 
entdata               [variable]        3899/393216   ( 1.0%) 
LDR ambient table      161/65536         644/262144   ( 0.2%) 
HDR ambient table      161/65536         644/262144   ( 0.2%) 
LDR leaf ambient       794/65536       22232/1835008  ( 1.2%) 
HDR leaf ambient       794/65536       22232/1835008  ( 1.2%) 
occluders                0/0               0/0        ( 0.0%) 
occluder polygons        0/0               0/0        ( 0.0%) 
occluder vert ind        0/0               0/0        ( 0.0%) 
detail props          [variable]           1/12       ( 8.3%) 
static props          [variable]           1/3874     ( 0.0%) 
pakfile               [variable]      864986/0        ( 0.0%) 
physics               [variable]       12208/4194304  ( 0.3%) 
physics terrain       [variable]           2/1048576  ( 0.0%) 

Level flags = 3

Total triangle count: 395
Writing c:\program files (x86)\steam\steamapps\sourcemods\who\maps\map_2.bsp
6 seconds elapsed



materialPath: C:\Program Files (x86)\Steam\steamapps\sourcemods\who\materials
Loading c:\program files (x86)\steam\steamapps\sourcemods\who\maps\map_2.vmf
ConVarRef mat_reduceparticles doesn't point to an existing ConVar
fixing up env_cubemap materials on brush sides...
0...1...2...3...4...5...6...7...8...9...100...1...2...3...4...5...6...7...8...9...10Processing areas...done (0)
Building Faces...done (0)
FixTjuncs...
PruneNodes...
WriteBSP...
done (0)
writing c:\program files (x86)\steam\steamapps\sourcemods\who\maps\map_2.prt...Building visibility clusters...
done (0)
Finding displacement neighbors...
Finding lightmap sample positions...
Displacement Alpha : 0...1...2...3...4...5...6...7...8...9...10
Building Physics collision data...
done (0) (12208 bytes)
Placing static props...
Bad geometry on "models/chessandpieces/pawn_white.mdl"!
Placing detail props : 0...1...2...3...4...5...6...7...8...9...10
Compacting texture/material tables...
Reduced 76 texinfos to 50
Reduced 7 texdatas to 7 (144 bytes to 144)
Writing c:\program files (x86)\steam\steamapps\sourcemods\who\maps\map_2.bsp
0 seconds elapsed



8 threads
reading c:\program files (x86)\steam\steamapps\sourcemods\who\maps\map_2.bsp
reading c:\program files (x86)\steam\steamapps\sourcemods\who\maps\map_2.prt
  57 portalclusters
 128 numportals
0...1...2...3...4...5...6...7...8...9...100...1...2...3...4...5...6...7...8...9...10Optimized: 2 visible clusters (0.00%)
Total clusters visible: 1795
Average clusters visible: 31
Building PAS...
Average clusters audible: 50
visdatasize:1384  compressed from 912
writing c:\program files (x86)\steam\steamapps\sourcemods\who\maps\map_2.bsp
0 seconds elapsed



[Reading texlights from 'lights.rad']
[48 texlights parsed from 'lights.rad']

Loading c:\program files (x86)\steam\steamapps\sourcemods\who\maps\map_2.bsp
161 faces
20639 square feet [2972154.00 square inches]
0 Displacements
0 Square Feet [0.00 Square Inches]
161 patches before subdivision
1301 patches after subdivision
408 direct lights
0...1...2...3...4...5...6...7...8...9...100...1...2...3...4...5...6...7...8...9...10transfers 5858, max 80
transfer lists:   0.0 megs
0...1...2...3...4...5...6...7...8...9...10	Bounce #1 added RGB(167, 155, 103)
0...1...2...3...4...5...6...7...8...9...10	Bounce #2 added RGB(422, 417, 293)
0...1...2...3...4...5...6...7...8...9...10	Bounce #3 added RGB(262, 264, 186)
0...1...2...3...4...5...6...7...8...9...10	Bounce #4 added RGB(213, 217, 152)
0...1...2...3...4...5...6...7...8...9...10	Bounce #5 added RGB(164, 168, 117)
0...1...2...3...4...5...6...7...8...9...10	Bounce #6 added RGB(129, 133, 91)
0...1...2...3...4...5...6...7...8...9...10	Bounce #7 added RGB(101, 105, 71)
0...1...2...3...4...5...6...7...8...9...10	Bounce #8 added RGB(79, 82, 56)
0...1...2...3...4...5...6...7...8...9...10	Bounce #9 added RGB(62, 65, 44)
0...1...2...3...4...5...6...7...8...9...10	Bounce #10 added RGB(48, 51, 34)
0...1...2...3...4...5...6...7...8...9...10	Bounce #11 added RGB(38, 40, 27)
0...1...2...3...4...5...6...7...8...9...10	Bounce #12 added RGB(30, 32, 21)
0...1...2...3...4...5...6...7...8...9...10	Bounce #13 added RGB(23, 25, 16)
0...1...2...3...4...5...6...7...8...9...10	Bounce #14 added RGB(18, 20, 13)
0...1...2...3...4...5...6...7...8...9...10	Bounce #15 added RGB(14, 16, 10)
0...1...2...3...4...5...6...7...8...9...10	Bounce #16 added RGB(11, 12, 8)
0...1...2...3...4...5...6...7...8...9...10	Bounce #17 added RGB(9, 10, 6)
0...1...2...3...4...5...6...7...8...9...10	Bounce #18 added RGB(7, 8, 5)
0...1...2...3...4...5...6...7...8...9...10	Bounce #19 added RGB(5, 6, 4)
0...1...2...3...4...5...6...7...8...9...10	Bounce #20 added RGB(4, 5, 3)
0...1...2...3...4...5...6...7...8...9...10	Bounce #21 added RGB(3, 4, 2)
0...1...2...3...4...5...6...7...8...9...10	Bounce #22 added RGB(3, 3, 2)
0...1...2...3...4...5...6...7...8...9...10	Bounce #23 added RGB(2, 2, 1)
0...1...2...3...4...5...6...7...8...9...10	Bounce #24 added RGB(2, 2, 1)
0...1...2...3...4...5...6...7...8...9...10	Bounce #25 added RGB(1, 1, 1)
0...1...2...3...4...5...6...7...8...9...10	Bounce #26 added RGB(1, 1, 1)
0...1...2...3...4...5...6...7...8...9...10	Bounce #27 added RGB(1, 1, 1)
Build Patch/Sample Hash Table(s).....Done<0.0004 sec>
0...1...2...3...4...5...6...7...8...9...10FinalLightFace Done
2 of 403 (0% of) surface lights went in leaf ambient cubes.
0...1...2...3...4...5...6...7...8...9...10Writing leaf ambient...done
Computing static prop lighting : 00...1...2...3...4...5...6...7...8...9...10
Ready to Finish

Object names       Objects/Maxobjs  Memory / Maxmem  Fullness 
------------       ---------------  ---------------  -------- 
models                   4/4096          192/196608   ( 0.1%) 
brushes                 31/32768         372/393216   ( 0.1%) 
brushsides             186/65536        1488/524288   ( 0.3%) 
planes                 168/65536        3360/1310720  ( 0.3%) 
vertexes               270/65536        3240/786432   ( 0.4%) 
nodes                  156/65536        4992/2097152  ( 0.2%) 
texinfos                50/12288        3600/884736   ( 0.4%) 
texdata                  7/2048          224/65536    ( 0.3%) 
dispinfos                0/0               0/0        ( 0.0%) 
disp_verts               0/0               0/0        ( 0.0%) 
disp_tris                0/0               0/0        ( 0.0%) 
disp_lmsamples           0/0               0/0        ( 0.0%) 
faces                  161/65536        9016/3670016  ( 0.2%) 
hdr faces                0/65536           0/3670016  ( 0.0%) 
origfaces              104/65536        5824/3670016  ( 0.2%) 
leaves                 161/65536        5152/2097152  ( 0.2%) 
leaffaces              168/65536         336/131072   ( 0.3%) 
leafbrushes             95/65536         190/131072   ( 0.1%) 
areas                    2/1024           16/8192     ( 0.2%) 
surfedges             1133/512000       4532/2048000  ( 0.2%) 
edges                  619/256000       2476/1024000  ( 0.2%) 
LDR worldlights        408/16384       35904/1441792  ( 2.5%) 
HDR worldlights          0/16384           0/1441792  ( 0.0%) 
leafwaterdata            0/32768           0/393216   ( 0.0%) 
waterstrips             10/131072        100/1310720  ( 0.0%) 
waterverts               0/131072          0/1572864  ( 0.0%) 
waterindices           138/131072        276/262144   ( 0.1%) 
cubemapsamples           0/1024            0/16384    ( 0.0%) 
overlays                 0/1024            0/360448   ( 0.0%) 
LDR lightdata         [variable]       17476/0        ( 0.0%) 
HDR lightdata         [variable]           0/0        ( 0.0%) 
visdata               [variable]        1384/16777216 ( 0.0%) 
entdata               [variable]        3899/393216   ( 1.0%) 
LDR ambient table      161/65536         644/262144   ( 0.2%) 
HDR ambient table      161/65536         644/262144   ( 0.2%) 
LDR leaf ambient       794/65536       22232/1835008  ( 1.2%) 
HDR leaf ambient       161/65536        4508/1835008  ( 0.2%) 
occluders                0/0               0/0        ( 0.0%) 
occluder polygons        0/0               0/0        ( 0.0%) 
occluder vert ind        0/0               0/0        ( 0.0%) 
detail props          [variable]           1/12       ( 8.3%) 
static props          [variable]           1/3874     ( 0.0%) 
pakfile               [variable]      432380/0        ( 0.0%) 
physics               [variable]       12208/4194304  ( 0.3%) 
physics terrain       [variable]           2/1048576  ( 0.0%) 

Level flags = 1

Total triangle count: 395
Writing c:\program files (x86)\steam\steamapps\sourcemods\who\maps\map_2.bsp
6 seconds elapsed



[Reading texlights from 'lights.rad']
[48 texlights parsed from 'lights.rad']

Loading c:\program files (x86)\steam\steamapps\sourcemods\who\maps\map_2.bsp
161 faces
20639 square feet [2972154.00 square inches]
0 Displacements
0 Square Feet [0.00 Square Inches]
161 patches before subdivision
1301 patches after subdivision
408 direct lights
0...1...2...3...4...5...6...7...8...9...100...1...2...3...4...5...6...7...8...9...10transfers 5858, max 80
transfer lists:   0.0 megs
0...1...2...3...4...5...6...7...8...9...10	Bounce #1 added RGB(167, 155, 103)
0...1...2...3...4...5...6...7...8...9...10	Bounce #2 added RGB(422, 417, 293)
0...1...2...3...4...5...6...7...8...9...10	Bounce #3 added RGB(262, 264, 186)
0...1...2...3...4...5...6...7...8...9...10	Bounce #4 added RGB(213, 217, 152)
0...1...2...3...4...5...6...7...8...9...10	Bounce #5 added RGB(164, 168, 117)
0...1...2...3...4...5...6...7...8...9...10	Bounce #6 added RGB(129, 133, 91)
0...1...2...3...4...5...6...7...8...9...10	Bounce #7 added RGB(101, 105, 71)
0...1...2...3...4...5...6...7...8...9...10	Bounce #8 added RGB(79, 82, 56)
0...1...2...3...4...5...6...7...8...9...10	Bounce #9 added RGB(62, 65, 44)
0...1...2...3...4...5...6...7...8...9...10	Bounce #10 added RGB(48, 51, 34)
0...1...2...3...4...5...6...7...8...9...10	Bounce #11 added RGB(38, 40, 27)
0...1...2...3...4...5...6...7...8...9...10	Bounce #12 added RGB(30, 32, 21)
0...1...2...3...4...5...6...7...8...9...10	Bounce #13 added RGB(23, 25, 16)
0...1...2...3...4...5...6...7...8...9...10	Bounce #14 added RGB(18, 20, 13)
0...1...2...3...4...5...6...7...8...9...10	Bounce #15 added RGB(14, 16, 10)
0...1...2...3...4...5...6...7...8...9...10	Bounce #16 added RGB(11, 12, 8)
0...1...2...3...4...5...6...7...8...9...10	Bounce #17 added RGB(9, 10, 6)
0...1...2...3...4...5...6...7...8...9...10	Bounce #18 added RGB(7, 8, 5)
0...1...2...3...4...5...6...7...8...9...10	Bounce #19 added RGB(5, 6, 4)
0...1...2...3...4...5...6...7...8...9...10	Bounce #20 added RGB(4, 5, 3)
0...1...2...3...4...5...6...7...8...9...10	Bounce #21 added RGB(3, 4, 2)
0...1...2...3...4...5...6...7...8...9...10	Bounce #22 added RGB(3, 3, 2)
0...1...2...3...4...5...6...7...8...9...10	Bounce #23 added RGB(2, 2, 1)
0...1...2...3...4...5...6...7...8...9...10	Bounce #24 added RGB(2, 2, 1)
0...1...2...3...4...5...6...7...8...9...10	Bounce #25 added RGB(1, 1, 1)
0...1...2...3...4...5...6...7...8...9...10	Bounce #26 added RGB(1, 1, 1)
0...1...2...3...4...5...6...7...8...9...10	Bounce #27 added RGB(1, 1, 1)
Build Patch/Sample Hash Table(s).....Done<0.0001 sec>
0...1...2...3...4...5...6...7...8...9...10FinalLightFace Done
2 of 403 (0% of) surface lights went in leaf ambient cubes.
0...1...2...3...4...5...6...7...8...9...10Writing leaf ambient...done
Computing static prop lighting : 00...1...2...3...4...5...6...7...8...9...10
Ready to Finish

Object names       Objects/Maxobjs  Memory / Maxmem  Fullness 
------------       ---------------  ---------------  -------- 
models                   4/4096          192/196608   ( 0.1%) 
brushes                 31/32768         372/393216   ( 0.1%) 
brushsides             186/65536        1488/524288   ( 0.3%) 
planes                 168/65536        3360/1310720  ( 0.3%) 
vertexes               270/65536        3240/786432   ( 0.4%) 
nodes                  156/65536        4992/2097152  ( 0.2%) 
texinfos                50/12288        3600/884736   ( 0.4%) 
texdata                  7/2048          224/65536    ( 0.3%) 
dispinfos                0/0               0/0        ( 0.0%) 
disp_verts               0/0               0/0        ( 0.0%) 
disp_tris                0/0               0/0        ( 0.0%) 
disp_lmsamples           0/0               0/0        ( 0.0%) 
faces                  161/65536        9016/3670016  ( 0.2%) 
hdr faces              161/65536        9016/3670016  ( 0.2%) 
origfaces              104/65536        5824/3670016  ( 0.2%) 
leaves                 161/65536        5152/2097152  ( 0.2%) 
leaffaces              168/65536         336/131072   ( 0.3%) 
leafbrushes             95/65536         190/131072   ( 0.1%) 
areas                    2/1024           16/8192     ( 0.2%) 
surfedges             1133/512000       4532/2048000  ( 0.2%) 
edges                  619/256000       2476/1024000  ( 0.2%) 
LDR worldlights        408/16384       35904/1441792  ( 2.5%) 
HDR worldlights        408/16384       35904/1441792  ( 2.5%) 
leafwaterdata            0/32768           0/393216   ( 0.0%) 
waterstrips             10/131072        100/1310720  ( 0.0%) 
waterverts               0/131072          0/1572864  ( 0.0%) 
waterindices           138/131072        276/262144   ( 0.1%) 
cubemapsamples           0/1024            0/16384    ( 0.0%) 
overlays                 0/1024            0/360448   ( 0.0%) 
LDR lightdata         [variable]       17476/0        ( 0.0%) 
HDR lightdata         [variable]       17476/0        ( 0.0%) 
visdata               [variable]        1384/16777216 ( 0.0%) 
entdata               [variable]        3899/393216   ( 1.0%) 
LDR ambient table      161/65536         644/262144   ( 0.2%) 
HDR ambient table      161/65536         644/262144   ( 0.2%) 
LDR leaf ambient       794/65536       22232/1835008  ( 1.2%) 
HDR leaf ambient       794/65536       22232/1835008  ( 1.2%) 
occluders                0/0               0/0        ( 0.0%) 
occluder polygons        0/0               0/0        ( 0.0%) 
occluder vert ind        0/0               0/0        ( 0.0%) 
detail props          [variable]           1/12       ( 8.3%) 
static props          [variable]           1/3874     ( 0.0%) 
pakfile               [variable]      864986/0        ( 0.0%) 
physics               [variable]       12208/4194304  ( 0.3%) 
physics terrain       [variable]           2/1048576  ( 0.0%) 

Level flags = 3

Total triangle count: 395
Writing c:\program files (x86)\steam\steamapps\sourcemods\who\maps\map_2.bsp
6 seconds elapsed



materialPath: C:\Program Files (x86)\Steam\steamapps\sourcemods\who\materials
Loading c:\program files (x86)\steam\steamapps\sourcemods\who\maps\map_2.vmf
ConVarRef mat_reduceparticles doesn't point to an existing ConVar
fixing up env_cubemap materials on brush sides...
0...1...2...3...4...5...6...7...8...9...100...1...2...3...4...5...6...7...8...9...10Processing areas...done (0)
Building Faces...done (0)
FixTjuncs...
PruneNodes...
WriteBSP...
done (0)
writing c:\program files (x86)\steam\steamapps\sourcemods\who\maps\map_2.prt...Building visibility clusters...
done (0)
Finding displacement neighbors...
Finding lightmap sample positions...
Displacement Alpha : 0...1...2...3...4...5...6...7...8...9...10
Building Physics collision data...
done (0) (12204 bytes)
Placing static props...
Bad geometry on "models/chessandpieces/pawn_white.mdl"!
Placing detail props : 0...1...2...3...4...5...6...7...8...9...10
Compacting texture/material tables...
Reduced 75 texinfos to 47
Reduced 7 texdatas to 7 (144 bytes to 144)
Writing c:\program files (x86)\steam\steamapps\sourcemods\who\maps\map_2.bsp
0 seconds elapsed



8 threads
reading c:\program files (x86)\steam\steamapps\sourcemods\who\maps\map_2.bsp
reading c:\program files (x86)\steam\steamapps\sourcemods\who\maps\map_2.prt
  57 portalclusters
 128 numportals
0...1...2...3...4...5...6...7...8...9...100...1...2...3...4...5...6...7...8...9...10Optimized: 2 visible clusters (0.00%)
Total clusters visible: 1795
Average clusters visible: 31
Building PAS...
Average clusters audible: 50
visdatasize:1384  compressed from 912
writing c:\program files (x86)\steam\steamapps\sourcemods\who\maps\map_2.bsp
0 seconds elapsed



[Reading texlights from 'lights.rad']
[48 texlights parsed from 'lights.rad']

Loading c:\program files (x86)\steam\steamapps\sourcemods\who\maps\map_2.bsp
156 faces
20604 square feet [2967034.00 square inches]
0 Displacements
0 Square Feet [0.00 Square Inches]
156 patches before subdivision
1296 patches after subdivision
408 direct lights
0...1...2...3...4...5...6...7...8...9...100...1...2...3...4...5...6...7...8...9...10transfers 5669, max 80
transfer lists:   0.0 megs
0...1...2...3...4...5...6...7...8...9...10	Bounce #1 added RGB(160, 147, 99)
0...1...2...3...4...5...6...7...8...9...10	Bounce #2 added RGB(397, 391, 275)
0...1...2...3...4...5...6...7...8...9...10	Bounce #3 added RGB(248, 250, 176)
0...1...2...3...4...5...6...7...8...9...10	Bounce #4 added RGB(201, 205, 143)
0...1...2...3...4...5...6...7...8...9...10	Bounce #5 added RGB(155, 159, 110)
0...1...2...3...4...5...6...7...8...9...10	Bounce #6 added RGB(121, 125, 86)
0...1...2...3...4...5...6...7...8...9...10	Bounce #7 added RGB(95, 99, 68)
0...1...2...3...4...5...6...7...8...9...10	Bounce #8 added RGB(74, 78, 53)
0...1...2...3...4...5...6...7...8...9...10	Bounce #9 added RGB(58, 61, 41)
0...1...2...3...4...5...6...7...8...9...10	Bounce #10 added RGB(46, 48, 32)
0...1...2...3...4...5...6...7...8...9...10	Bounce #11 added RGB(36, 38, 25)
0...1...2...3...4...5...6...7...8...9...10	Bounce #12 added RGB(28, 30, 20)
0...1...2...3...4...5...6...7...8...9...10	Bounce #13 added RGB(22, 24, 16)
0...1...2...3...4...5...6...7...8...9...10	Bounce #14 added RGB(17, 19, 12)
0...1...2...3...4...5...6...7...8...9...10	Bounce #15 added RGB(13, 15, 10)
0...1...2...3...4...5...6...7...8...9...10	Bounce #16 added RGB(11, 12, 7)
0...1...2...3...4...5...6...7...8...9...10	Bounce #17 added RGB(8, 9, 6)
0...1...2...3...4...5...6...7...8...9...10	Bounce #18 added RGB(6, 7, 5)
0...1...2...3...4...5...6...7...8...9...10	Bounce #19 added RGB(5, 6, 4)
0...1...2...3...4...5...6...7...8...9...10	Bounce #20 added RGB(4, 5, 3)
0...1...2...3...4...5...6...7...8...9...10	Bounce #21 added RGB(3, 4, 2)
0...1...2...3...4...5...6...7...8...9...10	Bounce #22 added RGB(2, 3, 2)
0...1...2...3...4...5...6...7...8...9...10	Bounce #23 added RGB(2, 2, 1)
0...1...2...3...4...5...6...7...8...9...10	Bounce #24 added RGB(1, 2, 1)
0...1...2...3...4...5...6...7...8...9...10	Bounce #25 added RGB(1, 1, 1)
0...1...2...3...4...5...6...7...8...9...10	Bounce #26 added RGB(1, 1, 1)
0...1...2...3...4...5...6...7...8...9...10	Bounce #27 added RGB(1, 1, 1)
Build Patch/Sample Hash Table(s).....Done<0.0066 sec>
0...1...2...3...4...5...6...7...8...9...10FinalLightFace Done
2 of 403 (0% of) surface lights went in leaf ambient cubes.
0...1...2...3...4...5...6...7...8...9...10Writing leaf ambient...done
Computing static prop lighting : 00...1...2...3...4...5...6...7...8...9...10
Ready to Finish

Object names       Objects/Maxobjs  Memory / Maxmem  Fullness 
------------       ---------------  ---------------  -------- 
models                   4/4096          192/196608   ( 0.1%) 
brushes                 31/32768         372/393216   ( 0.1%) 
brushsides             186/65536        1488/524288   ( 0.3%) 
planes                 170/65536        3400/1310720  ( 0.3%) 
vertexes               270/65536        3240/786432   ( 0.4%) 
nodes                  156/65536        4992/2097152  ( 0.2%) 
texinfos                47/12288        3384/884736   ( 0.4%) 
texdata                  7/2048          224/65536    ( 0.3%) 
dispinfos                0/0               0/0        ( 0.0%) 
disp_verts               0/0               0/0        ( 0.0%) 
disp_tris                0/0               0/0        ( 0.0%) 
disp_lmsamples           0/0               0/0        ( 0.0%) 
faces                  156/65536        8736/3670016  ( 0.2%) 
hdr faces                0/65536           0/3670016  ( 0.0%) 
origfaces               99/65536        5544/3670016  ( 0.2%) 
leaves                 161/65536        5152/2097152  ( 0.2%) 
leaffaces              163/65536         326/131072   ( 0.2%) 
leafbrushes             95/65536         190/131072   ( 0.1%) 
areas                    2/1024           16/8192     ( 0.2%) 
surfedges             1093/512000       4372/2048000  ( 0.2%) 
edges                  603/256000       2412/1024000  ( 0.2%) 
LDR worldlights        408/16384       35904/1441792  ( 2.5%) 
HDR worldlights          0/16384           0/1441792  ( 0.0%) 
leafwaterdata            0/32768           0/393216   ( 0.0%) 
waterstrips             10/131072        100/1310720  ( 0.0%) 
waterverts               0/131072          0/1572864  ( 0.0%) 
waterindices           138/131072        276/262144   ( 0.1%) 
cubemapsamples           0/1024            0/16384    ( 0.0%) 
overlays                 0/1024            0/360448   ( 0.0%) 
LDR lightdata         [variable]       17476/0        ( 0.0%) 
HDR lightdata         [variable]           0/0        ( 0.0%) 
visdata               [variable]        1384/16777216 ( 0.0%) 
entdata               [variable]        3672/393216   ( 0.9%) 
LDR ambient table      161/65536         644/262144   ( 0.2%) 
HDR ambient table      161/65536         644/262144   ( 0.2%) 
LDR leaf ambient       794/65536       22232/1835008  ( 1.2%) 
HDR leaf ambient       161/65536        4508/1835008  ( 0.2%) 
occluders                0/0               0/0        ( 0.0%) 
occluder polygons        0/0               0/0        ( 0.0%) 
occluder vert ind        0/0               0/0        ( 0.0%) 
detail props          [variable]           1/12       ( 8.3%) 
static props          [variable]           1/3874     ( 0.0%) 
pakfile               [variable]      432380/0        ( 0.0%) 
physics               [variable]       12204/4194304  ( 0.3%) 
physics terrain       [variable]           2/1048576  ( 0.0%) 

Level flags = 1

Total triangle count: 385
Writing c:\program files (x86)\steam\steamapps\sourcemods\who\maps\map_2.bsp
6 seconds elapsed



[Reading texlights from 'lights.rad']
[48 texlights parsed from 'lights.rad']

Loading c:\program files (x86)\steam\steamapps\sourcemods\who\maps\map_2.bsp
156 faces
20604 square feet [2967034.00 square inches]
0 Displacements
0 Square Feet [0.00 Square Inches]
156 patches before subdivision
1296 patches after subdivision
408 direct lights
0...1...2...3...4...5...6...7...8...9...100...1...2...3...4...5...6...7...8...9...10transfers 5669, max 80
transfer lists:   0.0 megs
0...1...2...3...4...5...6...7...8...9...10	Bounce #1 added RGB(160, 147, 99)
0...1...2...3...4...5...6...7...8...9...10	Bounce #2 added RGB(397, 391, 275)
0...1...2...3...4...5...6...7...8...9...10	Bounce #3 added RGB(248, 250, 176)
0...1...2...3...4...5...6...7...8...9...10	Bounce #4 added RGB(201, 205, 143)
0...1...2...3...4...5...6...7...8...9...10	Bounce #5 added RGB(155, 159, 110)
0...1...2...3...4...5...6...7...8...9...10	Bounce #6 added RGB(121, 125, 86)
0...1...2...3...4...5...6...7...8...9...10	Bounce #7 added RGB(95, 99, 68)
0...1...2...3...4...5...6...7...8...9...10	Bounce #8 added RGB(74, 78, 53)
0...1...2...3...4...5...6...7...8...9...10	Bounce #9 added RGB(58, 61, 41)
0...1...2...3...4...5...6...7...8...9...10	Bounce #10 added RGB(46, 48, 32)
0...1...2...3...4...5...6...7...8...9...10	Bounce #11 added RGB(36, 38, 25)
0...1...2...3...4...5...6...7...8...9...10	Bounce #12 added RGB(28, 30, 20)
0...1...2...3...4...5...6...7...8...9...10	Bounce #13 added RGB(22, 24, 16)
0...1...2...3...4...5...6...7...8...9...10	Bounce #14 added RGB(17, 19, 12)
0...1...2...3...4...5...6...7...8...9...10	Bounce #15 added RGB(13, 15, 10)
0...1...2...3...4...5...6...7...8...9...10	Bounce #16 added RGB(11, 12, 7)
0...1...2...3...4...5...6...7...8...9...10	Bounce #17 added RGB(8, 9, 6)
0...1...2...3...4...5...6...7...8...9...10	Bounce #18 added RGB(6, 7, 5)
0...1...2...3...4...5...6...7...8...9...10	Bounce #19 added RGB(5, 6, 4)
0...1...2...3...4...5...6...7...8...9...10	Bounce #20 added RGB(4, 5, 3)
0...1...2...3...4...5...6...7...8...9...10	Bounce #21 added RGB(3, 4, 2)
0...1...2...3...4...5...6...7...8...9...10	Bounce #22 added RGB(2, 3, 2)
0...1...2...3...4...5...6...7...8...9...10	Bounce #23 added RGB(2, 2, 1)
0...1...2...3...4...5...6...7...8...9...10	Bounce #24 added RGB(1, 2, 1)
0...1...2...3...4...5...6...7...8...9...10	Bounce #25 added RGB(1, 1, 1)
0...1...2...3...4...5...6...7...8...9...10	Bounce #26 added RGB(1, 1, 1)
0...1...2...3...4...5...6...7...8...9...10	Bounce #27 added RGB(1, 1, 1)
Build Patch/Sample Hash Table(s).....Done<0.0001 sec>
0...1...2...3...4...5...6...7...8...9...10FinalLightFace Done
2 of 403 (0% of) surface lights went in leaf ambient cubes.
0...1...2...3...4...5...6...7...8...9...10Writing leaf ambient...done
Computing static prop lighting : 00...1...2...3...4...5...6...7...8...9...10
Ready to Finish

Object names       Objects/Maxobjs  Memory / Maxmem  Fullness 
------------       ---------------  ---------------  -------- 
models                   4/4096          192/196608   ( 0.1%) 
brushes                 31/32768         372/393216   ( 0.1%) 
brushsides             186/65536        1488/524288   ( 0.3%) 
planes                 170/65536        3400/1310720  ( 0.3%) 
vertexes               270/65536        3240/786432   ( 0.4%) 
nodes                  156/65536        4992/2097152  ( 0.2%) 
texinfos                47/12288        3384/884736   ( 0.4%) 
texdata                  7/2048          224/65536    ( 0.3%) 
dispinfos                0/0               0/0        ( 0.0%) 
disp_verts               0/0               0/0        ( 0.0%) 
disp_tris                0/0               0/0        ( 0.0%) 
disp_lmsamples           0/0               0/0        ( 0.0%) 
faces                  156/65536        8736/3670016  ( 0.2%) 
hdr faces              156/65536        8736/3670016  ( 0.2%) 
origfaces               99/65536        5544/3670016  ( 0.2%) 
leaves                 161/65536        5152/2097152  ( 0.2%) 
leaffaces              163/65536         326/131072   ( 0.2%) 
leafbrushes             95/65536         190/131072   ( 0.1%) 
areas                    2/1024           16/8192     ( 0.2%) 
surfedges             1093/512000       4372/2048000  ( 0.2%) 
edges                  603/256000       2412/1024000  ( 0.2%) 
LDR worldlights        408/16384       35904/1441792  ( 2.5%) 
HDR worldlights        408/16384       35904/1441792  ( 2.5%) 
leafwaterdata            0/32768           0/393216   ( 0.0%) 
waterstrips             10/131072        100/1310720  ( 0.0%) 
waterverts               0/131072          0/1572864  ( 0.0%) 
waterindices           138/131072        276/262144   ( 0.1%) 
cubemapsamples           0/1024            0/16384    ( 0.0%) 
overlays                 0/1024            0/360448   ( 0.0%) 
LDR lightdata         [variable]       17476/0        ( 0.0%) 
HDR lightdata         [variable]       17476/0        ( 0.0%) 
visdata               [variable]        1384/16777216 ( 0.0%) 
entdata               [variable]        3672/393216   ( 0.9%) 
LDR ambient table      161/65536         644/262144   ( 0.2%) 
HDR ambient table      161/65536         644/262144   ( 0.2%) 
LDR leaf ambient       794/65536       22232/1835008  ( 1.2%) 
HDR leaf ambient       794/65536       22232/1835008  ( 1.2%) 
occluders                0/0               0/0        ( 0.0%) 
occluder polygons        0/0               0/0        ( 0.0%) 
occluder vert ind        0/0               0/0        ( 0.0%) 
detail props          [variable]           1/12       ( 8.3%) 
static props          [variable]           1/3874     ( 0.0%) 
pakfile               [variable]      864986/0        ( 0.0%) 
physics               [variable]       12204/4194304  ( 0.3%) 
physics terrain       [variable]           2/1048576  ( 0.0%) 

Level flags = 3

Total triangle count: 385
Writing c:\program files (x86)\steam\steamapps\sourcemods\who\maps\map_2.bsp
6 seconds elapsed



materialPath: C:\Program Files (x86)\Steam\steamapps\sourcemods\who\materials
Loading c:\program files (x86)\steam\steamapps\sourcemods\who\maps\map_2.vmf
ConVarRef mat_reduceparticles doesn't point to an existing ConVar
fixing up env_cubemap materials on brush sides...
0...1...2...3...4...5...6...7...8...9...100...1...2...3...4...5...6...7...8...9...10Processing areas...done (0)
Building Faces...done (0)
FixTjuncs...
PruneNodes...
WriteBSP...
done (0)
writing c:\program files (x86)\steam\steamapps\sourcemods\who\maps\map_2.prt...Building visibility clusters...
done (0)
Finding displacement neighbors...
Finding lightmap sample positions...
Displacement Alpha : 0...1...2...3...4...5...6...7...8...9...10
Building Physics collision data...
done (0) (12205 bytes)
Placing static props...
Bad geometry on "models/chessandpieces/pawn_white.mdl"!
Placing detail props : 0...1...2...3...4...5...6...7...8...9...10
Compacting texture/material tables...
Reduced 75 texinfos to 47
Reduced 7 texdatas to 7 (144 bytes to 144)
Writing c:\program files (x86)\steam\steamapps\sourcemods\who\maps\map_2.bsp
0 seconds elapsed



8 threads
reading c:\program files (x86)\steam\steamapps\sourcemods\who\maps\map_2.bsp
reading c:\program files (x86)\steam\steamapps\sourcemods\who\maps\map_2.prt
  57 portalclusters
 128 numportals
0...1...2...3...4...5...6...7...8...9...100...1...2...3...4...5...6...7...8...9...10Optimized: 2 visible clusters (0.00%)
Total clusters visible: 1795
Average clusters visible: 31
Building PAS...
Average clusters audible: 50
visdatasize:1384  compressed from 912
writing c:\program files (x86)\steam\steamapps\sourcemods\who\maps\map_2.bsp
0 seconds elapsed



[Reading texlights from 'lights.rad']
[48 texlights parsed from 'lights.rad']

Loading c:\program files (x86)\steam\steamapps\sourcemods\who\maps\map_2.bsp
156 faces
20616 square feet [2968826.00 square inches]
0 Displacements
0 Square Feet [0.00 Square Inches]
156 patches before subdivision
1296 patches after subdivision
408 direct lights
0...1...2...3...4...5...6...7...8...9...100...1...2...3...4...5...6...7...8...9...10transfers 5669, max 80
transfer lists:   0.0 megs
0...1...2...3...4...5...6...7...8...9...10	Bounce #1 added RGB(160, 148, 99)
0...1...2...3...4...5...6...7...8...9...10	Bounce #2 added RGB(397, 392, 275)
0...1...2...3...4...5...6...7...8...9...10	Bounce #3 added RGB(248, 250, 176)
0...1...2...3...4...5...6...7...8...9...10	Bounce #4 added RGB(201, 205, 143)
0...1...2...3...4...5...6...7...8...9...10	Bounce #5 added RGB(155, 159, 110)
0...1...2...3...4...5...6...7...8...9...10	Bounce #6 added RGB(121, 125, 86)
0...1...2...3...4...5...6...7...8...9...10	Bounce #7 added RGB(95, 99, 68)
0...1...2...3...4...5...6...7...8...9...10	Bounce #8 added RGB(74, 78, 53)
0...1...2...3...4...5...6...7...8...9...10	Bounce #9 added RGB(58, 61, 41)
0...1...2...3...4...5...6...7...8...9...10	Bounce #10 added RGB(46, 48, 32)
0...1...2...3...4...5...6...7...8...9...10	Bounce #11 added RGB(36, 38, 25)
0...1...2...3...4...5...6...7...8...9...10	Bounce #12 added RGB(28, 30, 20)
0...1...2...3...4...5...6...7...8...9...10	Bounce #13 added RGB(22, 24, 16)
0...1...2...3...4...5...6...7...8...9...10	Bounce #14 added RGB(17, 19, 12)
0...1...2...3...4...5...6...7...8...9...10	Bounce #15 added RGB(13, 15, 10)
0...1...2...3...4...5...6...7...8...9...10	Bounce #16 added RGB(11, 12, 7)
0...1...2...3...4...5...6...7...8...9...10	Bounce #17 added RGB(8, 9, 6)
0...1...2...3...4...5...6...7...8...9...10	Bounce #18 added RGB(6, 7, 5)
0...1...2...3...4...5...6...7...8...9...10	Bounce #19 added RGB(5, 6, 4)
0...1...2...3...4...5...6...7...8...9...10	Bounce #20 added RGB(4, 5, 3)
0...1...2...3...4...5...6...7...8...9...10	Bounce #21 added RGB(3, 4, 2)
0...1...2...3...4...5...6...7...8...9...10	Bounce #22 added RGB(2, 3, 2)
0...1...2...3...4...5...6...7...8...9...10	Bounce #23 added RGB(2, 2, 1)
0...1...2...3...4...5...6...7...8...9...10	Bounce #24 added RGB(1, 2, 1)
0...1...2...3...4...5...6...7...8...9...10	Bounce #25 added RGB(1, 1, 1)
0...1...2...3...4...5...6...7...8...9...10	Bounce #26 added RGB(1, 1, 1)
0...1...2...3...4...5...6...7...8...9...10	Bounce #27 added RGB(1, 1, 1)
Build Patch/Sample Hash Table(s).....Done<0.0004 sec>
0...1...2...3...4...5...6...7...8...9...10FinalLightFace Done
2 of 403 (0% of) surface lights went in leaf ambient cubes.
0...1...2...3...4...5...6...7...8...9...10Writing leaf ambient...done
Computing static prop lighting : 00...1...2...3...4...5...6...7...8...9...10
Ready to Finish

Object names       Objects/Maxobjs  Memory / Maxmem  Fullness 
------------       ---------------  ---------------  -------- 
models                   4/4096          192/196608   ( 0.1%) 
brushes                 31/32768         372/393216   ( 0.1%) 
brushsides             186/65536        1488/524288   ( 0.3%) 
planes                 166/65536        3320/1310720  ( 0.3%) 
vertexes               270/65536        3240/786432   ( 0.4%) 
nodes                  156/65536        4992/2097152  ( 0.2%) 
texinfos                47/12288        3384/884736   ( 0.4%) 
texdata                  7/2048          224/65536    ( 0.3%) 
dispinfos                0/0               0/0        ( 0.0%) 
disp_verts               0/0               0/0        ( 0.0%) 
disp_tris                0/0               0/0        ( 0.0%) 
disp_lmsamples           0/0               0/0        ( 0.0%) 
faces                  156/65536        8736/3670016  ( 0.2%) 
hdr faces                0/65536           0/3670016  ( 0.0%) 
origfaces               99/65536        5544/3670016  ( 0.2%) 
leaves                 161/65536        5152/2097152  ( 0.2%) 
leaffaces              163/65536         326/131072   ( 0.2%) 
leafbrushes             95/65536         190/131072   ( 0.1%) 
areas                    2/1024           16/8192     ( 0.2%) 
surfedges             1093/512000       4372/2048000  ( 0.2%) 
edges                  603/256000       2412/1024000  ( 0.2%) 
LDR worldlights        408/16384       35904/1441792  ( 2.5%) 
HDR worldlights          0/16384           0/1441792  ( 0.0%) 
leafwaterdata            0/32768           0/393216   ( 0.0%) 
waterstrips             10/131072        100/1310720  ( 0.0%) 
waterverts               0/131072          0/1572864  ( 0.0%) 
waterindices           138/131072        276/262144   ( 0.1%) 
cubemapsamples           0/1024            0/16384    ( 0.0%) 
overlays                 0/1024            0/360448   ( 0.0%) 
LDR lightdata         [variable]       17476/0        ( 0.0%) 
HDR lightdata         [variable]           0/0        ( 0.0%) 
visdata               [variable]        1384/16777216 ( 0.0%) 
entdata               [variable]        3672/393216   ( 0.9%) 
LDR ambient table      161/65536         644/262144   ( 0.2%) 
HDR ambient table      161/65536         644/262144   ( 0.2%) 
LDR leaf ambient       794/65536       22232/1835008  ( 1.2%) 
HDR leaf ambient       161/65536        4508/1835008  ( 0.2%) 
occluders                0/0               0/0        ( 0.0%) 
occluder polygons        0/0               0/0        ( 0.0%) 
occluder vert ind        0/0               0/0        ( 0.0%) 
detail props          [variable]           1/12       ( 8.3%) 
static props          [variable]           1/3874     ( 0.0%) 
pakfile               [variable]      432380/0        ( 0.0%) 
physics               [variable]       12205/4194304  ( 0.3%) 
physics terrain       [variable]           2/1048576  ( 0.0%) 

Level flags = 1

Total triangle count: 385
Writing c:\program files (x86)\steam\steamapps\sourcemods\who\maps\map_2.bsp
6 seconds elapsed



[Reading texlights from 'lights.rad']
[48 texlights parsed from 'lights.rad']

Loading c:\program files (x86)\steam\steamapps\sourcemods\who\maps\map_2.bsp
156 faces
20616 square feet [2968826.00 square inches]
0 Displacements
0 Square Feet [0.00 Square Inches]
156 patches before subdivision
1296 patches after subdivision
408 direct lights
0...1...2...3...4...5...6...7...8...9...100...1...2...3...4...5...6...7...8...9...10transfers 5669, max 80
transfer lists:   0.0 megs
0...1...2...3...4...5...6...7...8...9...10	Bounce #1 added RGB(160, 148, 99)
0...1...2...3...4...5...6...7...8...9...10	Bounce #2 added RGB(397, 392, 275)
0...1...2...3...4...5...6...7...8...9...10	Bounce #3 added RGB(248, 250, 176)
0...1...2...3...4...5...6...7...8...9...10	Bounce #4 added RGB(201, 205, 143)
0...1...2...3...4...5...6...7...8...9...10	Bounce #5 added RGB(155, 159, 110)
0...1...2...3...4...5...6...7...8...9...10	Bounce #6 added RGB(121, 125, 86)
0...1...2...3...4...5...6...7...8...9...10	Bounce #7 added RGB(95, 99, 68)
0...1...2...3...4...5...6...7...8...9...10	Bounce #8 added RGB(74, 78, 53)
0...1...2...3...4...5...6...7...8...9...10	Bounce #9 added RGB(58, 61, 41)
0...1...2...3...4...5...6...7...8...9...10	Bounce #10 added RGB(46, 48, 32)
0...1...2...3...4...5...6...7...8...9...10	Bounce #11 added RGB(36, 38, 25)
0...1...2...3...4...5...6...7...8...9...10	Bounce #12 added RGB(28, 30, 20)
0...1...2...3...4...5...6...7...8...9...10	Bounce #13 added RGB(22, 24, 16)
0...1...2...3...4...5...6...7...8...9...10	Bounce #14 added RGB(17, 19, 12)
0...1...2...3...4...5...6...7...8...9...10	Bounce #15 added RGB(13, 15, 10)
0...1...2...3...4...5...6...7...8...9...10	Bounce #16 added RGB(11, 12, 7)
0...1...2...3...4...5...6...7...8...9...10	Bounce #17 added RGB(8, 9, 6)
0...1...2...3...4...5...6...7...8...9...10	Bounce #18 added RGB(6, 7, 5)
0...1...2...3...4...5...6...7...8...9...10	Bounce #19 added RGB(5, 6, 4)
0...1...2...3...4...5...6...7...8...9...10	Bounce #20 added RGB(4, 5, 3)
0...1...2...3...4...5...6...7...8...9...10	Bounce #21 added RGB(3, 4, 2)
0...1...2...3...4...5...6...7...8...9...10	Bounce #22 added RGB(2, 3, 2)
0...1...2...3...4...5...6...7...8...9...10	Bounce #23 added RGB(2, 2, 1)
0...1...2...3...4...5...6...7...8...9...10	Bounce #24 added RGB(1, 2, 1)
0...1...2...3...4...5...6...7...8...9...10	Bounce #25 added RGB(1, 1, 1)
0...1...2...3...4...5...6...7...8...9...10	Bounce #26 added RGB(1, 1, 1)
0...1...2...3...4...5...6...7...8...9...10	Bounce #27 added RGB(1, 1, 1)
Build Patch/Sample Hash Table(s).....Done<0.0001 sec>
0...1...2...3...4...5...6...7...8...9...10FinalLightFace Done
2 of 403 (0% of) surface lights went in leaf ambient cubes.
0...1...2...3...4...5...6...7...8...9...10Writing leaf ambient...done
Computing static prop lighting : 00...1...2...3...4...5...6...7...8...9...10
Ready to Finish

Object names       Objects/Maxobjs  Memory / Maxmem  Fullness 
------------       ---------------  ---------------  -------- 
models                   4/4096          192/196608   ( 0.1%) 
brushes                 31/32768         372/393216   ( 0.1%) 
brushsides             186/65536        1488/524288   ( 0.3%) 
planes                 166/65536        3320/1310720  ( 0.3%) 
vertexes               270/65536        3240/786432   ( 0.4%) 
nodes                  156/65536        4992/2097152  ( 0.2%) 
texinfos                47/12288        3384/884736   ( 0.4%) 
texdata                  7/2048          224/65536    ( 0.3%) 
dispinfos                0/0               0/0        ( 0.0%) 
disp_verts               0/0               0/0        ( 0.0%) 
disp_tris                0/0               0/0        ( 0.0%) 
disp_lmsamples           0/0               0/0        ( 0.0%) 
faces                  156/65536        8736/3670016  ( 0.2%) 
hdr faces              156/65536        8736/3670016  ( 0.2%) 
origfaces               99/65536        5544/3670016  ( 0.2%) 
leaves                 161/65536        5152/2097152  ( 0.2%) 
leaffaces              163/65536         326/131072   ( 0.2%) 
leafbrushes             95/65536         190/131072   ( 0.1%) 
areas                    2/1024           16/8192     ( 0.2%) 
surfedges             1093/512000       4372/2048000  ( 0.2%) 
edges                  603/256000       2412/1024000  ( 0.2%) 
LDR worldlights        408/16384       35904/1441792  ( 2.5%) 
HDR worldlights        408/16384       35904/1441792  ( 2.5%) 
leafwaterdata            0/32768           0/393216   ( 0.0%) 
waterstrips             10/131072        100/1310720  ( 0.0%) 
waterverts               0/131072          0/1572864  ( 0.0%) 
waterindices           138/131072        276/262144   ( 0.1%) 
cubemapsamples           0/1024            0/16384    ( 0.0%) 
overlays                 0/1024            0/360448   ( 0.0%) 
LDR lightdata         [variable]       17476/0        ( 0.0%) 
HDR lightdata         [variable]       17476/0        ( 0.0%) 
visdata               [variable]        1384/16777216 ( 0.0%) 
entdata               [variable]        3672/393216   ( 0.9%) 
LDR ambient table      161/65536         644/262144   ( 0.2%) 
HDR ambient table      161/65536         644/262144   ( 0.2%) 
LDR leaf ambient       794/65536       22232/1835008  ( 1.2%) 
HDR leaf ambient       794/65536       22232/1835008  ( 1.2%) 
occluders                0/0               0/0        ( 0.0%) 
occluder polygons        0/0               0/0        ( 0.0%) 
occluder vert ind        0/0               0/0        ( 0.0%) 
detail props          [variable]           1/12       ( 8.3%) 
static props          [variable]           1/3874     ( 0.0%) 
pakfile               [variable]      864986/0        ( 0.0%) 
physics               [variable]       12205/4194304  ( 0.3%) 
physics terrain       [variable]           2/1048576  ( 0.0%) 

Level flags = 3

Total triangle count: 385
Writing c:\program files (x86)\steam\steamapps\sourcemods\who\maps\map_2.bsp
6 seconds elapsed



materialPath: C:\Program Files (x86)\Steam\steamapps\sourcemods\who\materials
Loading c:\program files (x86)\steam\steamapps\sourcemods\who\maps\map_2.vmf
ConVarRef mat_reduceparticles doesn't point to an existing ConVar
fixing up env_cubemap materials on brush sides...
0...1...2...3...4...5...6...7...8...9...100...1...2...3...4...5...6...7...8...9...10Processing areas...done (0)
Building Faces...done (0)
FixTjuncs...
PruneNodes...
WriteBSP...
done (0)
writing c:\program files (x86)\steam\steamapps\sourcemods\who\maps\map_2.prt...Building visibility clusters...
done (0)
Finding displacement neighbors...
Finding lightmap sample positions...
Displacement Alpha : 0...1...2...3...4...5...6...7...8...9...10
Building Physics collision data...
done (0) (12205 bytes)
Placing static props...
Bad geometry on "models/chessandpieces/pawn_white.mdl"!
Placing detail props : 0...1...2...3...4...5...6...7...8...9...10
Compacting texture/material tables...
Reduced 71 texinfos to 46
Reduced 7 texdatas to 7 (144 bytes to 144)
Writing c:\program files (x86)\steam\steamapps\sourcemods\who\maps\map_2.bsp
0 seconds elapsed



8 threads
reading c:\program files (x86)\steam\steamapps\sourcemods\who\maps\map_2.bsp
reading c:\program files (x86)\steam\steamapps\sourcemods\who\maps\map_2.prt
  57 portalclusters
 128 numportals
0...1...2...3...4...5...6...7...8...9...100...1...2...3...4...5...6...7...8...9...10Optimized: 2 visible clusters (0.00%)
Total clusters visible: 1795
Average clusters visible: 31
Building PAS...
Average clusters audible: 50
visdatasize:1384  compressed from 912
writing c:\program files (x86)\steam\steamapps\sourcemods\who\maps\map_2.bsp
0 seconds elapsed



[Reading texlights from 'lights.rad']
[48 texlights parsed from 'lights.rad']

Loading c:\program files (x86)\steam\steamapps\sourcemods\who\maps\map_2.bsp
156 faces
20616 square feet [2968826.00 square inches]
0 Displacements
0 Square Feet [0.00 Square Inches]
156 patches before subdivision
1296 patches after subdivision
408 direct lights
0...1...2...3...4...5...6...7...8...9...100...1...2...3...4...5...6...7...8...9...10transfers 5872, max 80
transfer lists:   0.0 megs
0...1...2...3...4...5...6...7...8...9...10	Bounce #1 added RGB(171, 159, 106)
0...1...2...3...4...5...6...7...8...9...10	Bounce #2 added RGB(422, 417, 293)
0...1...2...3...4...5...6...7...8...9...10	Bounce #3 added RGB(262, 264, 186)
0...1...2...3...4...5...6...7...8...9...10	Bounce #4 added RGB(213, 217, 152)
0...1...2...3...4...5...6...7...8...9...10	Bounce #5 added RGB(164, 168, 117)
0...1...2...3...4...5...6...7...8...9...10	Bounce #6 added RGB(129, 133, 92)
0...1...2...3...4...5...6...7...8...9...10	Bounce #7 added RGB(101, 105, 72)
0...1...2...3...4...5...6...7...8...9...10	Bounce #8 added RGB(79, 83, 56)
0...1...2...3...4...5...6...7...8...9...10	Bounce #9 added RGB(62, 65, 44)
0...1...2...3...4...5...6...7...8...9...10	Bounce #10 added RGB(48, 51, 34)
0...1...2...3...4...5...6...7...8...9...10	Bounce #11 added RGB(38, 40, 27)
0...1...2...3...4...5...6...7...8...9...10	Bounce #12 added RGB(30, 32, 21)
0...1...2...3...4...5...6...7...8...9...10	Bounce #13 added RGB(23, 25, 16)
0...1...2...3...4...5...6...7...8...9...10	Bounce #14 added RGB(18, 20, 13)
0...1...2...3...4...5...6...7...8...9...10	Bounce #15 added RGB(14, 16, 10)
0...1...2...3...4...5...6...7...8...9...10	Bounce #16 added RGB(11, 12, 8)
0...1...2...3...4...5...6...7...8...9...10	Bounce #17 added RGB(9, 10, 6)
0...1...2...3...4...5...6...7...8...9...10	Bounce #18 added RGB(7, 8, 5)
0...1...2...3...4...5...6...7...8...9...10	Bounce #19 added RGB(5, 6, 4)
0...1...2...3...4...5...6...7...8...9...10	Bounce #20 added RGB(4, 5, 3)
0...1...2...3...4...5...6...7...8...9...10	Bounce #21 added RGB(3, 4, 2)
0...1...2...3...4...5...6...7...8...9...10	Bounce #22 added RGB(3, 3, 2)
0...1...2...3...4...5...6...7...8...9...10	Bounce #23 added RGB(2, 2, 1)
0...1...2...3...4...5...6...7...8...9...10	Bounce #24 added RGB(2, 2, 1)
0...1...2...3...4...5...6...7...8...9...10	Bounce #25 added RGB(1, 1, 1)
0...1...2...3...4...5...6...7...8...9...10	Bounce #26 added RGB(1, 1, 1)
0...1...2...3...4...5...6...7...8...9...10	Bounce #27 added RGB(1, 1, 1)
Build Patch/Sample Hash Table(s).....Done<0.0004 sec>
0...1...2...3...4...5...6...7...8...9...10FinalLightFace Done
2 of 403 (0% of) surface lights went in leaf ambient cubes.
0...1...2...3...4...5...6...7...8...9...10Writing leaf ambient...done
Computing static prop lighting : 00...1...2...3...4...5...6...7...8...9...10
Ready to Finish

Object names       Objects/Maxobjs  Memory / Maxmem  Fullness 
------------       ---------------  ---------------  -------- 
models                   4/4096          192/196608   ( 0.1%) 
brushes                 31/32768         372/393216   ( 0.1%) 
brushsides             186/65536        1488/524288   ( 0.3%) 
planes                 158/65536        3160/1310720  ( 0.2%) 
vertexes               270/65536        3240/786432   ( 0.4%) 
nodes                  156/65536        4992/2097152  ( 0.2%) 
texinfos                46/12288        3312/884736   ( 0.4%) 
texdata                  7/2048          224/65536    ( 0.3%) 
dispinfos                0/0               0/0        ( 0.0%) 
disp_verts               0/0               0/0        ( 0.0%) 
disp_tris                0/0               0/0        ( 0.0%) 
disp_lmsamples           0/0               0/0        ( 0.0%) 
faces                  156/65536        8736/3670016  ( 0.2%) 
hdr faces                0/65536           0/3670016  ( 0.0%) 
origfaces               99/65536        5544/3670016  ( 0.2%) 
leaves                 161/65536        5152/2097152  ( 0.2%) 
leaffaces              163/65536         326/131072   ( 0.2%) 
leafbrushes             95/65536         190/131072   ( 0.1%) 
areas                    2/1024           16/8192     ( 0.2%) 
surfedges             1093/512000       4372/2048000  ( 0.2%) 
edges                  603/256000       2412/1024000  ( 0.2%) 
LDR worldlights        408/16384       35904/1441792  ( 2.5%) 
HDR worldlights          0/16384           0/1441792  ( 0.0%) 
leafwaterdata            0/32768           0/393216   ( 0.0%) 
waterstrips             10/131072        100/1310720  ( 0.0%) 
waterverts               0/131072          0/1572864  ( 0.0%) 
waterindices           138/131072        276/262144   ( 0.1%) 
cubemapsamples           0/1024            0/16384    ( 0.0%) 
overlays                 0/1024            0/360448   ( 0.0%) 
LDR lightdata         [variable]       17476/0        ( 0.0%) 
HDR lightdata         [variable]           0/0        ( 0.0%) 
visdata               [variable]        1384/16777216 ( 0.0%) 
entdata               [variable]        3534/393216   ( 0.9%) 
LDR ambient table      161/65536         644/262144   ( 0.2%) 
HDR ambient table      161/65536         644/262144   ( 0.2%) 
LDR leaf ambient       794/65536       22232/1835008  ( 1.2%) 
HDR leaf ambient       161/65536        4508/1835008  ( 0.2%) 
occluders                0/0               0/0        ( 0.0%) 
occluder polygons        0/0               0/0        ( 0.0%) 
occluder vert ind        0/0               0/0        ( 0.0%) 
detail props          [variable]           1/12       ( 8.3%) 
static props          [variable]           1/3874     ( 0.0%) 
pakfile               [variable]      432380/0        ( 0.0%) 
physics               [variable]       12205/4194304  ( 0.3%) 
physics terrain       [variable]           2/1048576  ( 0.0%) 

Level flags = 1

Total triangle count: 385
Writing c:\program files (x86)\steam\steamapps\sourcemods\who\maps\map_2.bsp
6 seconds elapsed



[Reading texlights from 'lights.rad']
[48 texlights parsed from 'lights.rad']

Loading c:\program files (x86)\steam\steamapps\sourcemods\who\maps\map_2.bsp
156 faces
20616 square feet [2968826.00 square inches]
0 Displacements
0 Square Feet [0.00 Square Inches]
156 patches before subdivision
1296 patches after subdivision
408 direct lights
0...1...2...3...4...5...6...7...8...9...100...1...2...3...4...5...6...7...8...9...10transfers 5872, max 80
transfer lists:   0.0 megs
0...1...2...3...4...5...6...7...8...9...10	Bounce #1 added RGB(171, 159, 106)
0...1...2...3...4...5...6...7...8...9...10	Bounce #2 added RGB(422, 417, 293)
0...1...2...3...4...5...6...7...8...9...10	Bounce #3 added RGB(262, 264, 186)
0...1...2...3...4...5...6...7...8...9...10	Bounce #4 added RGB(213, 217, 152)
0...1...2...3...4...5...6...7...8...9...10	Bounce #5 added RGB(164, 168, 117)
0...1...2...3...4...5...6...7...8...9...10	Bounce #6 added RGB(129, 133, 92)
0...1...2...3...4...5...6...7...8...9...10	Bounce #7 added RGB(101, 105, 72)
0...1...2...3...4...5...6...7...8...9...10	Bounce #8 added RGB(79, 83, 56)
0...1...2...3...4...5...6...7...8...9...10	Bounce #9 added RGB(62, 65, 44)
0...1...2...3...4...5...6...7...8...9...10	Bounce #10 added RGB(48, 51, 34)
0...1...2...3...4...5...6...7...8...9...10	Bounce #11 added RGB(38, 40, 27)
0...1...2...3...4...5...6...7...8...9...10	Bounce #12 added RGB(30, 32, 21)
0...1...2...3...4...5...6...7...8...9...10	Bounce #13 added RGB(23, 25, 16)
0...1...2...3...4...5...6...7...8...9...10	Bounce #14 added RGB(18, 20, 13)
0...1...2...3...4...5...6...7...8...9...10	Bounce #15 added RGB(14, 16, 10)
0...1...2...3...4...5...6...7...8...9...10	Bounce #16 added RGB(11, 12, 8)
0...1...2...3...4...5...6...7...8...9...10	Bounce #17 added RGB(9, 10, 6)
0...1...2...3...4...5...6...7...8...9...10	Bounce #18 added RGB(7, 8, 5)
0...1...2...3...4...5...6...7...8...9...10	Bounce #19 added RGB(5, 6, 4)
0...1...2...3...4...5...6...7...8...9...10	Bounce #20 added RGB(4, 5, 3)
0...1...2...3...4...5...6...7...8...9...10	Bounce #21 added RGB(3, 4, 2)
0...1...2...3...4...5...6...7...8...9...10	Bounce #22 added RGB(3, 3, 2)
0...1...2...3...4...5...6...7...8...9...10	Bounce #23 added RGB(2, 2, 1)
0...1...2...3...4...5...6...7...8...9...10	Bounce #24 added RGB(2, 2, 1)
0...1...2...3...4...5...6...7...8...9...10	Bounce #25 added RGB(1, 1, 1)
0...1...2...3...4...5...6...7...8...9...10	Bounce #26 added RGB(1, 1, 1)
0...1...2...3...4...5...6...7...8...9...10	Bounce #27 added RGB(1, 1, 1)
Build Patch/Sample Hash Table(s).....Done<0.0001 sec>
0...1...2...3...4...5...6...7...8...9...10FinalLightFace Done
2 of 403 (0% of) surface lights went in leaf ambient cubes.
0...1...2...3...4...5...6...7...8...9...10Writing leaf ambient...done
Computing static prop lighting : 00...1...2...3...4...5...6...7...8...9...10
Ready to Finish

Object names       Objects/Maxobjs  Memory / Maxmem  Fullness 
------------       ---------------  ---------------  -------- 
models                   4/4096          192/196608   ( 0.1%) 
brushes                 31/32768         372/393216   ( 0.1%) 
brushsides             186/65536        1488/524288   ( 0.3%) 
planes                 158/65536        3160/1310720  ( 0.2%) 
vertexes               270/65536        3240/786432   ( 0.4%) 
nodes                  156/65536        4992/2097152  ( 0.2%) 
texinfos                46/12288        3312/884736   ( 0.4%) 
texdata                  7/2048          224/65536    ( 0.3%) 
dispinfos                0/0               0/0        ( 0.0%) 
disp_verts               0/0               0/0        ( 0.0%) 
disp_tris                0/0               0/0        ( 0.0%) 
disp_lmsamples           0/0               0/0        ( 0.0%) 
faces                  156/65536        8736/3670016  ( 0.2%) 
hdr faces              156/65536        8736/3670016  ( 0.2%) 
origfaces               99/65536        5544/3670016  ( 0.2%) 
leaves                 161/65536        5152/2097152  ( 0.2%) 
leaffaces              163/65536         326/131072   ( 0.2%) 
leafbrushes             95/65536         190/131072   ( 0.1%) 
areas                    2/1024           16/8192     ( 0.2%) 
surfedges             1093/512000       4372/2048000  ( 0.2%) 
edges                  603/256000       2412/1024000  ( 0.2%) 
LDR worldlights        408/16384       35904/1441792  ( 2.5%) 
HDR worldlights        408/16384       35904/1441792  ( 2.5%) 
leafwaterdata            0/32768           0/393216   ( 0.0%) 
waterstrips             10/131072        100/1310720  ( 0.0%) 
waterverts               0/131072          0/1572864  ( 0.0%) 
waterindices           138/131072        276/262144   ( 0.1%) 
cubemapsamples           0/1024            0/16384    ( 0.0%) 
overlays                 0/1024            0/360448   ( 0.0%) 
LDR lightdata         [variable]       17476/0        ( 0.0%) 
HDR lightdata         [variable]       17476/0        ( 0.0%) 
visdata               [variable]        1384/16777216 ( 0.0%) 
entdata               [variable]        3534/393216   ( 0.9%) 
LDR ambient table      161/65536         644/262144   ( 0.2%) 
HDR ambient table      161/65536         644/262144   ( 0.2%) 
LDR leaf ambient       794/65536       22232/1835008  ( 1.2%) 
HDR leaf ambient       794/65536       22232/1835008  ( 1.2%) 
occluders                0/0               0/0        ( 0.0%) 
occluder polygons        0/0               0/0        ( 0.0%) 
occluder vert ind        0/0               0/0        ( 0.0%) 
detail props          [variable]           1/12       ( 8.3%) 
static props          [variable]           1/3874     ( 0.0%) 
pakfile               [variable]      864986/0        ( 0.0%) 
physics               [variable]       12205/4194304  ( 0.3%) 
physics terrain       [variable]           2/1048576  ( 0.0%) 

Level flags = 3

Total triangle count: 385
Writing c:\program files (x86)\steam\steamapps\sourcemods\who\maps\map_2.bsp
7 seconds elapsed



materialPath: C:\Program Files (x86)\Steam\steamapps\sourcemods\who\materials
Loading c:\program files (x86)\steam\steamapps\sourcemods\who\maps\map_2.vmf
ConVarRef mat_reduceparticles doesn't point to an existing ConVar
fixing up env_cubemap materials on brush sides...
0...1...2...3...4...5...6...7...8...9...100...1...2...3...4...5...6...7...8...9...10Processing areas...done (0)
Building Faces...done (0)
FixTjuncs...
PruneNodes...
WriteBSP...
done (0)
writing c:\program files (x86)\steam\steamapps\sourcemods\who\maps\map_2.prt...Building visibility clusters...
done (0)
Finding displacement neighbors...
Finding lightmap sample positions...
Displacement Alpha : 0...1...2...3...4...5...6...7...8...9...10
Building Physics collision data...
done (0) (12208 bytes)
Placing static props...
Bad geometry on "models/chessandpieces/pawn_white.mdl"!
Placing detail props : 0...1...2...3...4...5...6...7...8...9...10
Compacting texture/material tables...
Reduced 76 texinfos to 48
Reduced 7 texdatas to 7 (144 bytes to 144)
Writing c:\program files (x86)\steam\steamapps\sourcemods\who\maps\map_2.bsp
0 seconds elapsed



8 threads
reading c:\program files (x86)\steam\steamapps\sourcemods\who\maps\map_2.bsp
reading c:\program files (x86)\steam\steamapps\sourcemods\who\maps\map_2.prt
  57 portalclusters
 128 numportals
0...1...2...3...4...5...6...7...8...9...100...1...2...3...4...5...6...7...8...9...10Optimized: 2 visible clusters (0.00%)
Total clusters visible: 1795
Average clusters visible: 31
Building PAS...
Average clusters audible: 50
visdatasize:1384  compressed from 912
writing c:\program files (x86)\steam\steamapps\sourcemods\who\maps\map_2.bsp
0 seconds elapsed



[Reading texlights from 'lights.rad']
[48 texlights parsed from 'lights.rad']

Loading c:\program files (x86)\steam\steamapps\sourcemods\who\maps\map_2.bsp
157 faces
20626 square feet [2970234.00 square inches]
0 Displacements
0 Square Feet [0.00 Square Inches]
157 patches before subdivision
1297 patches after subdivision
408 direct lights
0...1...2...3...4...5...6...7...8...9...100...1...2...3...4...5...6...7...8...9...10transfers 5898, max 80
transfer lists:   0.0 megs
0...1...2...3...4...5...6...7...8...9...10	Bounce #1 added RGB(168, 155, 103)
0...1...2...3...4...5...6...7...8...9...10	Bounce #2 added RGB(421, 416, 292)
0...1...2...3...4...5...6...7...8...9...10	Bounce #3 added RGB(262, 264, 186)
0...1...2...3...4...5...6...7...8...9...10	Bounce #4 added RGB(213, 217, 152)
0...1...2...3...4...5...6...7...8...9...10	Bounce #5 added RGB(164, 168, 117)
0...1...2...3...4...5...6...7...8...9...10	Bounce #6 added RGB(129, 133, 91)
0...1...2...3...4...5...6...7...8...9...10	Bounce #7 added RGB(101, 105, 72)
0...1...2...3...4...5...6...7...8...9...10	Bounce #8 added RGB(79, 83, 56)
0...1...2...3...4...5...6...7...8...9...10	Bounce #9 added RGB(62, 65, 44)
0...1...2...3...4...5...6...7...8...9...10	Bounce #10 added RGB(48, 51, 34)
0...1...2...3...4...5...6...7...8...9...10	Bounce #11 added RGB(38, 40, 27)
0...1...2...3...4...5...6...7...8...9...10	Bounce #12 added RGB(30, 32, 21)
0...1...2...3...4...5...6...7...8...9...10	Bounce #13 added RGB(23, 25, 16)
0...1...2...3...4...5...6...7...8...9...10	Bounce #14 added RGB(18, 20, 13)
0...1...2...3...4...5...6...7...8...9...10	Bounce #15 added RGB(14, 16, 10)
0...1...2...3...4...5...6...7...8...9...10	Bounce #16 added RGB(11, 12, 8)
0...1...2...3...4...5...6...7...8...9...10	Bounce #17 added RGB(9, 10, 6)
0...1...2...3...4...5...6...7...8...9...10	Bounce #18 added RGB(7, 8, 5)
0...1...2...3...4...5...6...7...8...9...10	Bounce #19 added RGB(5, 6, 4)
0...1...2...3...4...5...6...7...8...9...10	Bounce #20 added RGB(4, 5, 3)
0...1...2...3...4...5...6...7...8...9...10	Bounce #21 added RGB(3, 4, 2)
0...1...2...3...4...5...6...7...8...9...10	Bounce #22 added RGB(3, 3, 2)
0...1...2...3...4...5...6...7...8...9...10	Bounce #23 added RGB(2, 2, 1)
0...1...2...3...4...5...6...7...8...9...10	Bounce #24 added RGB(2, 2, 1)
0...1...2...3...4...5...6...7...8...9...10	Bounce #25 added RGB(1, 1, 1)
0...1...2...3...4...5...6...7...8...9...10	Bounce #26 added RGB(1, 1, 1)
0...1...2...3...4...5...6...7...8...9...10	Bounce #27 added RGB(1, 1, 1)
Build Patch/Sample Hash Table(s).....Done<0.0028 sec>
0...1...2...3...4...5...6...7...8...9...10FinalLightFace Done
2 of 403 (0% of) surface lights went in leaf ambient cubes.
0...1...2...3...4...5...6...7...8...9...10Writing leaf ambient...done
Computing static prop lighting : 00...1...2...3...4...5...6...7...8...9...10
Ready to Finish

Object names       Objects/Maxobjs  Memory / Maxmem  Fullness 
------------       ---------------  ---------------  -------- 
models                   4/4096          192/196608   ( 0.1%) 
brushes                 31/32768         372/393216   ( 0.1%) 
brushsides             186/65536        1488/524288   ( 0.3%) 
planes                 170/65536        3400/1310720  ( 0.3%) 
vertexes               270/65536        3240/786432   ( 0.4%) 
nodes                  156/65536        4992/2097152  ( 0.2%) 
texinfos                48/12288        3456/884736   ( 0.4%) 
texdata                  7/2048          224/65536    ( 0.3%) 
dispinfos                0/0               0/0        ( 0.0%) 
disp_verts               0/0               0/0        ( 0.0%) 
disp_tris                0/0               0/0        ( 0.0%) 
disp_lmsamples           0/0               0/0        ( 0.0%) 
faces                  157/65536        8792/3670016  ( 0.2%) 
hdr faces                0/65536           0/3670016  ( 0.0%) 
origfaces              100/65536        5600/3670016  ( 0.2%) 
leaves                 161/65536        5152/2097152  ( 0.2%) 
leaffaces              164/65536         328/131072   ( 0.3%) 
leafbrushes             95/65536         190/131072   ( 0.1%) 
areas                    2/1024           16/8192     ( 0.2%) 
surfedges             1101/512000       4404/2048000  ( 0.2%) 
edges                  611/256000       2444/1024000  ( 0.2%) 
LDR worldlights        408/16384       35904/1441792  ( 2.5%) 
HDR worldlights          0/16384           0/1441792  ( 0.0%) 
leafwaterdata            0/32768           0/393216   ( 0.0%) 
waterstrips             10/131072        100/1310720  ( 0.0%) 
waterverts               0/131072          0/1572864  ( 0.0%) 
waterindices           138/131072        276/262144   ( 0.1%) 
cubemapsamples           0/1024            0/16384    ( 0.0%) 
overlays                 0/1024            0/360448   ( 0.0%) 
LDR lightdata         [variable]       17476/0        ( 0.0%) 
HDR lightdata         [variable]           0/0        ( 0.0%) 
visdata               [variable]        1384/16777216 ( 0.0%) 
entdata               [variable]        3801/393216   ( 1.0%) 
LDR ambient table      161/65536         644/262144   ( 0.2%) 
HDR ambient table      161/65536         644/262144   ( 0.2%) 
LDR leaf ambient       794/65536       22232/1835008  ( 1.2%) 
HDR leaf ambient       161/65536        4508/1835008  ( 0.2%) 
occluders                0/0               0/0        ( 0.0%) 
occluder polygons        0/0               0/0        ( 0.0%) 
occluder vert ind        0/0               0/0        ( 0.0%) 
detail props          [variable]           1/12       ( 8.3%) 
static props          [variable]           1/3874     ( 0.0%) 
pakfile               [variable]      432380/0        ( 0.0%) 
physics               [variable]       12208/4194304  ( 0.3%) 
physics terrain       [variable]           2/1048576  ( 0.0%) 

Level flags = 1

Total triangle count: 387
Writing c:\program files (x86)\steam\steamapps\sourcemods\who\maps\map_2.bsp
6 seconds elapsed



[Reading texlights from 'lights.rad']
[48 texlights parsed from 'lights.rad']

Loading c:\program files (x86)\steam\steamapps\sourcemods\who\maps\map_2.bsp
157 faces
20626 square feet [2970234.00 square inches]
0 Displacements
0 Square Feet [0.00 Square Inches]
157 patches before subdivision
1297 patches after subdivision
408 direct lights
0...1...2...3...4...5...6...7...8...9...100...1...2...3...4...5...6...7...8...9...10transfers 5898, max 80
transfer lists:   0.0 megs
0...1...2...3...4...5...6...7...8...9...10	Bounce #1 added RGB(168, 155, 103)
0...1...2...3...4...5...6...7...8...9...10	Bounce #2 added RGB(421, 416, 292)
0...1...2...3...4...5...6...7...8...9...10	Bounce #3 added RGB(262, 264, 186)
0...1...2...3...4...5...6...7...8...9...10	Bounce #4 added RGB(213, 217, 152)
0...1...2...3...4...5...6...7...8...9...10	Bounce #5 added RGB(164, 168, 117)
0...1...2...3...4...5...6...7...8...9...10	Bounce #6 added RGB(129, 133, 91)
0...1...2...3...4...5...6...7...8...9...10	Bounce #7 added RGB(101, 105, 72)
0...1...2...3...4...5...6...7...8...9...10	Bounce #8 added RGB(79, 83, 56)
0...1...2...3...4...5...6...7...8...9...10	Bounce #9 added RGB(62, 65, 44)
0...1...2...3...4...5...6...7...8...9...10	Bounce #10 added RGB(48, 51, 34)
0...1...2...3...4...5...6...7...8...9...10	Bounce #11 added RGB(38, 40, 27)
0...1...2...3...4...5...6...7...8...9...10	Bounce #12 added RGB(30, 32, 21)
0...1...2...3...4...5...6...7...8...9...10	Bounce #13 added RGB(23, 25, 16)
0...1...2...3...4...5...6...7...8...9...10	Bounce #14 added RGB(18, 20, 13)
0...1...2...3...4...5...6...7...8...9...10	Bounce #15 added RGB(14, 16, 10)
0...1...2...3...4...5...6...7...8...9...10	Bounce #16 added RGB(11, 12, 8)
0...1...2...3...4...5...6...7...8...9...10	Bounce #17 added RGB(9, 10, 6)
0...1...2...3...4...5...6...7...8...9...10	Bounce #18 added RGB(7, 8, 5)
0...1...2...3...4...5...6...7...8...9...10	Bounce #19 added RGB(5, 6, 4)
0...1...2...3...4...5...6...7...8...9...10	Bounce #20 added RGB(4, 5, 3)
0...1...2...3...4...5...6...7...8...9...10	Bounce #21 added RGB(3, 4, 2)
0...1...2...3...4...5...6...7...8...9...10	Bounce #22 added RGB(3, 3, 2)
0...1...2...3...4...5...6...7...8...9...10	Bounce #23 added RGB(2, 2, 1)
0...1...2...3...4...5...6...7...8...9...10	Bounce #24 added RGB(2, 2, 1)
0...1...2...3...4...5...6...7...8...9...10	Bounce #25 added RGB(1, 1, 1)
0...1...2...3...4...5...6...7...8...9...10	Bounce #26 added RGB(1, 1, 1)
0...1...2...3...4...5...6...7...8...9...10	Bounce #27 added RGB(1, 1, 1)
Build Patch/Sample Hash Table(s).....Done<0.0001 sec>
0...1...2...3...4...5...6...7...8...9...10FinalLightFace Done
2 of 403 (0% of) surface lights went in leaf ambient cubes.
0...1...2...3...4...5...6...7...8...9...10Writing leaf ambient...done
Computing static prop lighting : 00...1...2...3...4...5...6...7...8...9...10
Ready to Finish

Object names       Objects/Maxobjs  Memory / Maxmem  Fullness 
------------       ---------------  ---------------  -------- 
models                   4/4096          192/196608   ( 0.1%) 
brushes                 31/32768         372/393216   ( 0.1%) 
brushsides             186/65536        1488/524288   ( 0.3%) 
planes                 170/65536        3400/1310720  ( 0.3%) 
vertexes               270/65536        3240/786432   ( 0.4%) 
nodes                  156/65536        4992/2097152  ( 0.2%) 
texinfos                48/12288        3456/884736   ( 0.4%) 
texdata                  7/2048          224/65536    ( 0.3%) 
dispinfos                0/0               0/0        ( 0.0%) 
disp_verts               0/0               0/0        ( 0.0%) 
disp_tris                0/0               0/0        ( 0.0%) 
disp_lmsamples           0/0               0/0        ( 0.0%) 
faces                  157/65536        8792/3670016  ( 0.2%) 
hdr faces              157/65536        8792/3670016  ( 0.2%) 
origfaces              100/65536        5600/3670016  ( 0.2%) 
leaves                 161/65536        5152/2097152  ( 0.2%) 
leaffaces              164/65536         328/131072   ( 0.3%) 
leafbrushes             95/65536         190/131072   ( 0.1%) 
areas                    2/1024           16/8192     ( 0.2%) 
surfedges             1101/512000       4404/2048000  ( 0.2%) 
edges                  611/256000       2444/1024000  ( 0.2%) 
LDR worldlights        408/16384       35904/1441792  ( 2.5%) 
HDR worldlights        408/16384       35904/1441792  ( 2.5%) 
leafwaterdata            0/32768           0/393216   ( 0.0%) 
waterstrips             10/131072        100/1310720  ( 0.0%) 
waterverts               0/131072          0/1572864  ( 0.0%) 
waterindices           138/131072        276/262144   ( 0.1%) 
cubemapsamples           0/1024            0/16384    ( 0.0%) 
overlays                 0/1024            0/360448   ( 0.0%) 
LDR lightdata         [variable]       17476/0        ( 0.0%) 
HDR lightdata         [variable]       17476/0        ( 0.0%) 
visdata               [variable]        1384/16777216 ( 0.0%) 
entdata               [variable]        3801/393216   ( 1.0%) 
LDR ambient table      161/65536         644/262144   ( 0.2%) 
HDR ambient table      161/65536         644/262144   ( 0.2%) 
LDR leaf ambient       794/65536       22232/1835008  ( 1.2%) 
HDR leaf ambient       794/65536       22232/1835008  ( 1.2%) 
occluders                0/0               0/0        ( 0.0%) 
occluder polygons        0/0               0/0        ( 0.0%) 
occluder vert ind        0/0               0/0        ( 0.0%) 
detail props          [variable]           1/12       ( 8.3%) 
static props          [variable]           1/3874     ( 0.0%) 
pakfile               [variable]      864986/0        ( 0.0%) 
physics               [variable]       12208/4194304  ( 0.3%) 
physics terrain       [variable]           2/1048576  ( 0.0%) 

Level flags = 3

Total triangle count: 387
Writing c:\program files (x86)\steam\steamapps\sourcemods\who\maps\map_2.bsp
6 seconds elapsed



materialPath: C:\Program Files (x86)\Steam\steamapps\sourcemods\who\materials
Loading c:\program files (x86)\steam\steamapps\sourcemods\who\maps\map_2.vmf
ConVarRef mat_reduceparticles doesn't point to an existing ConVar
fixing up env_cubemap materials on brush sides...
0...1...2...3...4...5...6...7...8...9...100...1...2...3...4...5...6...7...8...9...10Processing areas...done (0)
Building Faces...done (0)
FixTjuncs...
PruneNodes...
WriteBSP...
done (0)
writing c:\program files (x86)\steam\steamapps\sourcemods\who\maps\map_2.prt...Building visibility clusters...
done (0)
Finding displacement neighbors...
Finding lightmap sample positions...
Displacement Alpha : 0...1...2...3...4...5...6...7...8...9...10
Building Physics collision data...
done (0) (12208 bytes)
Placing static props...
Bad geometry on "models/chessandpieces/pawn_white.mdl"!
Placing detail props : 0...1...2...3...4...5...6...7...8...9...10
Compacting texture/material tables...
Reduced 76 texinfos to 48
Reduced 7 texdatas to 7 (144 bytes to 144)
Writing c:\program files (x86)\steam\steamapps\sourcemods\who\maps\map_2.bsp
0 seconds elapsed



8 threads
reading c:\program files (x86)\steam\steamapps\sourcemods\who\maps\map_2.bsp
reading c:\program files (x86)\steam\steamapps\sourcemods\who\maps\map_2.prt
  57 portalclusters
 128 numportals
0...1...2...3...4...5...6...7...8...9...100...1...2...3...4...5...6...7...8...9...10Optimized: 2 visible clusters (0.00%)
Total clusters visible: 1795
Average clusters visible: 31
Building PAS...
Average clusters audible: 50
visdatasize:1384  compressed from 912
writing c:\program files (x86)\steam\steamapps\sourcemods\who\maps\map_2.bsp
0 seconds elapsed



[Reading texlights from 'lights.rad']
[48 texlights parsed from 'lights.rad']

Loading c:\program files (x86)\steam\steamapps\sourcemods\who\maps\map_2.bsp
157 faces
20626 square feet [2970234.00 square inches]
0 Displacements
0 Square Feet [0.00 Square Inches]
157 patches before subdivision
1297 patches after subdivision
408 direct lights
0...1...2...3...4...5...6...7...8...9...100...1...2...3...4...5...6...7...8...9...10transfers 5898, max 80
transfer lists:   0.0 megs
0...1...2...3...4...5...6...7...8...9...10	Bounce #1 added RGB(168, 155, 103)
0...1...2...3...4...5...6...7...8...9...10	Bounce #2 added RGB(421, 416, 292)
0...1...2...3...4...5...6...7...8...9...10	Bounce #3 added RGB(262, 264, 186)
0...1...2...3...4...5...6...7...8...9...10	Bounce #4 added RGB(213, 217, 152)
0...1...2...3...4...5...6...7...8...9...10	Bounce #5 added RGB(164, 168, 117)
0...1...2...3...4...5...6...7...8...9...10	Bounce #6 added RGB(129, 133, 91)
0...1...2...3...4...5...6...7...8...9...10	Bounce #7 added RGB(101, 105, 72)
0...1...2...3...4...5...6...7...8...9...10	Bounce #8 added RGB(79, 83, 56)
0...1...2...3...4...5...6...7...8...9...10	Bounce #9 added RGB(62, 65, 44)
0...1...2...3...4...5...6...7...8...9...10	Bounce #10 added RGB(48, 51, 34)
0...1...2...3...4...5...6...7...8...9...10	Bounce #11 added RGB(38, 40, 27)
0...1...2...3...4...5...6...7...8...9...10	Bounce #12 added RGB(30, 32, 21)
0...1...2...3...4...5...6...7...8...9...10	Bounce #13 added RGB(23, 25, 16)
0...1...2...3...4...5...6...7...8...9...10	Bounce #14 added RGB(18, 20, 13)
0...1...2...3...4...5...6...7...8...9...10	Bounce #15 added RGB(14, 16, 10)
0...1...2...3...4...5...6...7...8...9...10	Bounce #16 added RGB(11, 12, 8)
0...1...2...3...4...5...6...7...8...9...10	Bounce #17 added RGB(9, 10, 6)
0...1...2...3...4...5...6...7...8...9...10	Bounce #18 added RGB(7, 8, 5)
0...1...2...3...4...5...6...7...8...9...10	Bounce #19 added RGB(5, 6, 4)
0...1...2...3...4...5...6...7...8...9...10	Bounce #20 added RGB(4, 5, 3)
0...1...2...3...4...5...6...7...8...9...10	Bounce #21 added RGB(3, 4, 2)
0...1...2...3...4...5...6...7...8...9...10	Bounce #22 added RGB(3, 3, 2)
0...1...2...3...4...5...6...7...8...9...10	Bounce #23 added RGB(2, 2, 1)
0...1...2...3...4...5...6...7...8...9...10	Bounce #24 added RGB(2, 2, 1)
0...1...2...3...4...5...6...7...8...9...10	Bounce #25 added RGB(1, 1, 1)
0...1...2...3...4...5...6...7...8...9...10	Bounce #26 added RGB(1, 1, 1)
0...1...2...3...4...5...6...7...8...9...10	Bounce #27 added RGB(1, 1, 1)
Build Patch/Sample Hash Table(s).....Done<0.0001 sec>
0...1...2...3...4...5...6...7...8...9...10FinalLightFace Done
2 of 403 (0% of) surface lights went in leaf ambient cubes.
0...1...2...3...4...5...6...7...8...9...10Writing leaf ambient...done
Computing static prop lighting : 00...1...2...3...4...5...6...7...8...9...10
Ready to Finish

Object names       Objects/Maxobjs  Memory / Maxmem  Fullness 
------------       ---------------  ---------------  -------- 
models                   4/4096          192/196608   ( 0.1%) 
brushes                 31/32768         372/393216   ( 0.1%) 
brushsides             186/65536        1488/524288   ( 0.3%) 
planes                 170/65536        3400/1310720  ( 0.3%) 
vertexes               270/65536        3240/786432   ( 0.4%) 
nodes                  156/65536        4992/2097152  ( 0.2%) 
texinfos                48/12288        3456/884736   ( 0.4%) 
texdata                  7/2048          224/65536    ( 0.3%) 
dispinfos                0/0               0/0        ( 0.0%) 
disp_verts               0/0               0/0        ( 0.0%) 
disp_tris                0/0               0/0        ( 0.0%) 
disp_lmsamples           0/0               0/0        ( 0.0%) 
faces                  157/65536        8792/3670016  ( 0.2%) 
hdr faces                0/65536           0/3670016  ( 0.0%) 
origfaces              100/65536        5600/3670016  ( 0.2%) 
leaves                 161/65536        5152/2097152  ( 0.2%) 
leaffaces              164/65536         328/131072   ( 0.3%) 
leafbrushes             95/65536         190/131072   ( 0.1%) 
areas                    2/1024           16/8192     ( 0.2%) 
surfedges             1101/512000       4404/2048000  ( 0.2%) 
edges                  611/256000       2444/1024000  ( 0.2%) 
LDR worldlights        408/16384       35904/1441792  ( 2.5%) 
HDR worldlights          0/16384           0/1441792  ( 0.0%) 
leafwaterdata            0/32768           0/393216   ( 0.0%) 
waterstrips             10/131072        100/1310720  ( 0.0%) 
waterverts               0/131072          0/1572864  ( 0.0%) 
waterindices           138/131072        276/262144   ( 0.1%) 
cubemapsamples           0/1024            0/16384    ( 0.0%) 
overlays                 0/1024            0/360448   ( 0.0%) 
LDR lightdata         [variable]       17476/0        ( 0.0%) 
HDR lightdata         [variable]           0/0        ( 0.0%) 
visdata               [variable]        1384/16777216 ( 0.0%) 
entdata               [variable]        3806/393216   ( 1.0%) 
LDR ambient table      161/65536         644/262144   ( 0.2%) 
HDR ambient table      161/65536         644/262144   ( 0.2%) 
LDR leaf ambient       794/65536       22232/1835008  ( 1.2%) 
HDR leaf ambient       161/65536        4508/1835008  ( 0.2%) 
occluders                0/0               0/0        ( 0.0%) 
occluder polygons        0/0               0/0        ( 0.0%) 
occluder vert ind        0/0               0/0        ( 0.0%) 
detail props          [variable]           1/12       ( 8.3%) 
static props          [variable]           1/3874     ( 0.0%) 
pakfile               [variable]      432380/0        ( 0.0%) 
physics               [variable]       12208/4194304  ( 0.3%) 
physics terrain       [variable]           2/1048576  ( 0.0%) 

Level flags = 1

Total triangle count: 387
Writing c:\program files (x86)\steam\steamapps\sourcemods\who\maps\map_2.bsp
6 seconds elapsed



[Reading texlights from 'lights.rad']
[48 texlights parsed from 'lights.rad']

Loading c:\program files (x86)\steam\steamapps\sourcemods\who\maps\map_2.bsp
157 faces
20626 square feet [2970234.00 square inches]
0 Displacements
0 Square Feet [0.00 Square Inches]
157 patches before subdivision
1297 patches after subdivision
408 direct lights
0...1...2...3...4...5...6...7...8...9...100...1...2...3...4...5...6...7...8...9...10transfers 5898, max 80
transfer lists:   0.0 megs
0...1...2...3...4...5...6...7...8...9...10	Bounce #1 added RGB(168, 155, 103)
0...1...2...3...4...5...6...7...8...9...10	Bounce #2 added RGB(421, 416, 292)
0...1...2...3...4...5...6...7...8...9...10	Bounce #3 added RGB(262, 264, 186)
0...1...2...3...4...5...6...7...8...9...10	Bounce #4 added RGB(213, 217, 152)
0...1...2...3...4...5...6...7...8...9...10	Bounce #5 added RGB(164, 168, 117)
0...1...2...3...4...5...6...7...8...9...10	Bounce #6 added RGB(129, 133, 91)
0...1...2...3...4...5...6...7...8...9...10	Bounce #7 added RGB(101, 105, 72)
0...1...2...3...4...5...6...7...8...9...10	Bounce #8 added RGB(79, 83, 56)
0...1...2...3...4...5...6...7...8...9...10	Bounce #9 added RGB(62, 65, 44)
0...1...2...3...4...5...6...7...8...9...10	Bounce #10 added RGB(48, 51, 34)
0...1...2...3...4...5...6...7...8...9...10	Bounce #11 added RGB(38, 40, 27)
0...1...2...3...4...5...6...7...8...9...10	Bounce #12 added RGB(30, 32, 21)
0...1...2...3...4...5...6...7...8...9...10	Bounce #13 added RGB(23, 25, 16)
0...1...2...3...4...5...6...7...8...9...10	Bounce #14 added RGB(18, 20, 13)
0...1...2...3...4...5...6...7...8...9...10	Bounce #15 added RGB(14, 16, 10)
0...1...2...3...4...5...6...7...8...9...10	Bounce #16 added RGB(11, 12, 8)
0...1...2...3...4...5...6...7...8...9...10	Bounce #17 added RGB(9, 10, 6)
0...1...2...3...4...5...6...7...8...9...10	Bounce #18 added RGB(7, 8, 5)
0...1...2...3...4...5...6...7...8...9...10	Bounce #19 added RGB(5, 6, 4)
0...1...2...3...4...5...6...7...8...9...10	Bounce #20 added RGB(4, 5, 3)
0...1...2...3...4...5...6...7...8...9...10	Bounce #21 added RGB(3, 4, 2)
0...1...2...3...4...5...6...7...8...9...10	Bounce #22 added RGB(3, 3, 2)
0...1...2...3...4...5...6...7...8...9...10	Bounce #23 added RGB(2, 2, 1)
0...1...2...3...4...5...6...7...8...9...10	Bounce #24 added RGB(2, 2, 1)
0...1...2...3...4...5...6...7...8...9...10	Bounce #25 added RGB(1, 1, 1)
0...1...2...3...4...5...6...7...8...9...10	Bounce #26 added RGB(1, 1, 1)
0...1...2...3...4...5...6...7...8...9...10	Bounce #27 added RGB(1, 1, 1)
Build Patch/Sample Hash Table(s).....Done<0.0001 sec>
0...1...2...3...4...5...6...7...8...9...10FinalLightFace Done
2 of 403 (0% of) surface lights went in leaf ambient cubes.
0...1...2...3...4...5...6...7...8...9...10Writing leaf ambient...done
Computing static prop lighting : 00...1...2...3...4...5...6...7...8...9...10
Ready to Finish

Object names       Objects/Maxobjs  Memory / Maxmem  Fullness 
------------       ---------------  ---------------  -------- 
models                   4/4096          192/196608   ( 0.1%) 
brushes                 31/32768         372/393216   ( 0.1%) 
brushsides             186/65536        1488/524288   ( 0.3%) 
planes                 170/65536        3400/1310720  ( 0.3%) 
vertexes               270/65536        3240/786432   ( 0.4%) 
nodes                  156/65536        4992/2097152  ( 0.2%) 
texinfos                48/12288        3456/884736   ( 0.4%) 
texdata                  7/2048          224/65536    ( 0.3%) 
dispinfos                0/0               0/0        ( 0.0%) 
disp_verts               0/0               0/0        ( 0.0%) 
disp_tris                0/0               0/0        ( 0.0%) 
disp_lmsamples           0/0               0/0        ( 0.0%) 
faces                  157/65536        8792/3670016  ( 0.2%) 
hdr faces              157/65536        8792/3670016  ( 0.2%) 
origfaces              100/65536        5600/3670016  ( 0.2%) 
leaves                 161/65536        5152/2097152  ( 0.2%) 
leaffaces              164/65536         328/131072   ( 0.3%) 
leafbrushes             95/65536         190/131072   ( 0.1%) 
areas                    2/1024           16/8192     ( 0.2%) 
surfedges             1101/512000       4404/2048000  ( 0.2%) 
edges                  611/256000       2444/1024000  ( 0.2%) 
LDR worldlights        408/16384       35904/1441792  ( 2.5%) 
HDR worldlights        408/16384       35904/1441792  ( 2.5%) 
leafwaterdata            0/32768           0/393216   ( 0.0%) 
waterstrips             10/131072        100/1310720  ( 0.0%) 
waterverts               0/131072          0/1572864  ( 0.0%) 
waterindices           138/131072        276/262144   ( 0.1%) 
cubemapsamples           0/1024            0/16384    ( 0.0%) 
overlays                 0/1024            0/360448   ( 0.0%) 
LDR lightdata         [variable]       17476/0        ( 0.0%) 
HDR lightdata         [variable]       17476/0        ( 0.0%) 
visdata               [variable]        1384/16777216 ( 0.0%) 
entdata               [variable]        3806/393216   ( 1.0%) 
LDR ambient table      161/65536         644/262144   ( 0.2%) 
HDR ambient table      161/65536         644/262144   ( 0.2%) 
LDR leaf ambient       794/65536       22232/1835008  ( 1.2%) 
HDR leaf ambient       794/65536       22232/1835008  ( 1.2%) 
occluders                0/0               0/0        ( 0.0%) 
occluder polygons        0/0               0/0        ( 0.0%) 
occluder vert ind        0/0               0/0        ( 0.0%) 
detail props          [variable]           1/12       ( 8.3%) 
static props          [variable]           1/3874     ( 0.0%) 
pakfile               [variable]      864986/0        ( 0.0%) 
physics               [variable]       12208/4194304  ( 0.3%) 
physics terrain       [variable]           2/1048576  ( 0.0%) 

Level flags = 3

Total triangle count: 387
Writing c:\program files (x86)\steam\steamapps\sourcemods\who\maps\map_2.bsp
6 seconds elapsed



materialPath: C:\Program Files (x86)\Steam\steamapps\sourcemods\who\materials
Loading c:\program files (x86)\steam\steamapps\sourcemods\who\maps\map_2.vmf
ConVarRef mat_reduceparticles doesn't point to an existing ConVar
fixing up env_cubemap materials on brush sides...
0...1...2...3...4...5...6...7...8...9...100...1...2...3...4...5...6...7...8...9...10Processing areas...done (0)
Building Faces...done (0)
FixTjuncs...
PruneNodes...
WriteBSP...
done (0)
writing c:\program files (x86)\steam\steamapps\sourcemods\who\maps\map_2.prt...Building visibility clusters...
done (0)
Finding displacement neighbors...
Finding lightmap sample positions...
Displacement Alpha : 0...1...2...3...4...5...6...7...8...9...10
Building Physics collision data...
done (0) (12208 bytes)
Placing static props...
Bad geometry on "models/chessandpieces/pawn_white.mdl"!
Placing detail props : 0...1...2...3...4...5...6...7...8...9...10
Compacting texture/material tables...
Reduced 76 texinfos to 48
Reduced 7 texdatas to 7 (144 bytes to 144)
Writing c:\program files (x86)\steam\steamapps\sourcemods\who\maps\map_2.bsp
0 seconds elapsed



8 threads
reading c:\program files (x86)\steam\steamapps\sourcemods\who\maps\map_2.bsp
reading c:\program files (x86)\steam\steamapps\sourcemods\who\maps\map_2.prt
  57 portalclusters
 128 numportals
0...1...2...3...4...5...6...7...8...9...100...1...2...3...4...5...6...7...8...9...10Optimized: 2 visible clusters (0.00%)
Total clusters visible: 1795
Average clusters visible: 31
Building PAS...
Average clusters audible: 50
visdatasize:1384  compressed from 912
writing c:\program files (x86)\steam\steamapps\sourcemods\who\maps\map_2.bsp
0 seconds elapsed



[Reading texlights from 'lights.rad']
[48 texlights parsed from 'lights.rad']

Loading c:\program files (x86)\steam\steamapps\sourcemods\who\maps\map_2.bsp
157 faces
20626 square feet [2970234.00 square inches]
0 Displacements
0 Square Feet [0.00 Square Inches]
157 patches before subdivision
1297 patches after subdivision
408 direct lights
0...1...2...3...4...5...6...7...8...9...100...1...2...3...4...5...6...7...8...9...10transfers 5898, max 80
transfer lists:   0.0 megs
0...1...2...3...4...5...6...7...8...9...10	Bounce #1 added RGB(168, 155, 103)
0...1...2...3...4...5...6...7...8...9...10	Bounce #2 added RGB(421, 416, 292)
0...1...2...3...4...5...6...7...8...9...10	Bounce #3 added RGB(262, 264, 186)
0...1...2...3...4...5...6...7...8...9...10	Bounce #4 added RGB(213, 217, 152)
0...1...2...3...4...5...6...7...8...9...10	Bounce #5 added RGB(164, 168, 117)
0...1...2...3...4...5...6...7...8...9...10	Bounce #6 added RGB(129, 133, 91)
0...1...2...3...4...5...6...7...8...9...10	Bounce #7 added RGB(101, 105, 72)
0...1...2...3...4...5...6...7...8...9...10	Bounce #8 added RGB(79, 83, 56)
0...1...2...3...4...5...6...7...8...9...10	Bounce #9 added RGB(62, 65, 44)
0...1...2...3...4...5...6...7...8...9...10	Bounce #10 added RGB(48, 51, 34)
0...1...2...3...4...5...6...7...8...9...10	Bounce #11 added RGB(38, 40, 27)
0...1...2...3...4...5...6...7...8...9...10	Bounce #12 added RGB(30, 32, 21)
0...1...2...3...4...5...6...7...8...9...10	Bounce #13 added RGB(23, 25, 16)
0...1...2...3...4...5...6...7...8...9...10	Bounce #14 added RGB(18, 20, 13)
0...1...2...3...4...5...6...7...8...9...10	Bounce #15 added RGB(14, 16, 10)
0...1...2...3...4...5...6...7...8...9...10	Bounce #16 added RGB(11, 12, 8)
0...1...2...3...4...5...6...7...8...9...10	Bounce #17 added RGB(9, 10, 6)
0...1...2...3...4...5...6...7...8...9...10	Bounce #18 added RGB(7, 8, 5)
0...1...2...3...4...5...6...7...8...9...10	Bounce #19 added RGB(5, 6, 4)
0...1...2...3...4...5...6...7...8...9...10	Bounce #20 added RGB(4, 5, 3)
0...1...2...3...4...5...6...7...8...9...10	Bounce #21 added RGB(3, 4, 2)
0...1...2...3...4...5...6...7...8...9...10	Bounce #22 added RGB(3, 3, 2)
0...1...2...3...4...5...6...7...8...9...10	Bounce #23 added RGB(2, 2, 1)
0...1...2...3...4...5...6...7...8...9...10	Bounce #24 added RGB(2, 2, 1)
0...1...2...3...4...5...6...7...8...9...10	Bounce #25 added RGB(1, 1, 1)
0...1...2...3...4...5...6...7...8...9...10	Bounce #26 added RGB(1, 1, 1)
0...1...2...3...4...5...6...7...8...9...10	Bounce #27 added RGB(1, 1, 1)
Build Patch/Sample Hash Table(s).....Done<0.0001 sec>
0...1...2...3...4...5...6...7...8...9...10FinalLightFace Done
2 of 403 (0% of) surface lights went in leaf ambient cubes.
0...1...2...3...4...5...6...7...8...9...10Writing leaf ambient...done
Computing static prop lighting : 00...1...2...3...4...5...6...7...8...9...10
Ready to Finish

Object names       Objects/Maxobjs  Memory / Maxmem  Fullness 
------------       ---------------  ---------------  -------- 
models                   4/4096          192/196608   ( 0.1%) 
brushes                 31/32768         372/393216   ( 0.1%) 
brushsides             186/65536        1488/524288   ( 0.3%) 
planes                 170/65536        3400/1310720  ( 0.3%) 
vertexes               270/65536        3240/786432   ( 0.4%) 
nodes                  156/65536        4992/2097152  ( 0.2%) 
texinfos                48/12288        3456/884736   ( 0.4%) 
texdata                  7/2048          224/65536    ( 0.3%) 
dispinfos                0/0               0/0        ( 0.0%) 
disp_verts               0/0               0/0        ( 0.0%) 
disp_tris                0/0               0/0        ( 0.0%) 
disp_lmsamples           0/0               0/0        ( 0.0%) 
faces                  157/65536        8792/3670016  ( 0.2%) 
hdr faces                0/65536           0/3670016  ( 0.0%) 
origfaces              100/65536        5600/3670016  ( 0.2%) 
leaves                 161/65536        5152/2097152  ( 0.2%) 
leaffaces              164/65536         328/131072   ( 0.3%) 
leafbrushes             95/65536         190/131072   ( 0.1%) 
areas                    2/1024           16/8192     ( 0.2%) 
surfedges             1101/512000       4404/2048000  ( 0.2%) 
edges                  611/256000       2444/1024000  ( 0.2%) 
LDR worldlights        408/16384       35904/1441792  ( 2.5%) 
HDR worldlights          0/16384           0/1441792  ( 0.0%) 
leafwaterdata            0/32768           0/393216   ( 0.0%) 
waterstrips             10/131072        100/1310720  ( 0.0%) 
waterverts               0/131072          0/1572864  ( 0.0%) 
waterindices           138/131072        276/262144   ( 0.1%) 
cubemapsamples           0/1024            0/16384    ( 0.0%) 
overlays                 0/1024            0/360448   ( 0.0%) 
LDR lightdata         [variable]       17476/0        ( 0.0%) 
HDR lightdata         [variable]           0/0        ( 0.0%) 
visdata               [variable]        1384/16777216 ( 0.0%) 
entdata               [variable]        3805/393216   ( 1.0%) 
LDR ambient table      161/65536         644/262144   ( 0.2%) 
HDR ambient table      161/65536         644/262144   ( 0.2%) 
LDR leaf ambient       794/65536       22232/1835008  ( 1.2%) 
HDR leaf ambient       161/65536        4508/1835008  ( 0.2%) 
occluders                0/0               0/0        ( 0.0%) 
occluder polygons        0/0               0/0        ( 0.0%) 
occluder vert ind        0/0               0/0        ( 0.0%) 
detail props          [variable]           1/12       ( 8.3%) 
static props          [variable]           1/3874     ( 0.0%) 
pakfile               [variable]      432380/0        ( 0.0%) 
physics               [variable]       12208/4194304  ( 0.3%) 
physics terrain       [variable]           2/1048576  ( 0.0%) 

Level flags = 1

Total triangle count: 387
Writing c:\program files (x86)\steam\steamapps\sourcemods\who\maps\map_2.bsp
6 seconds elapsed



[Reading texlights from 'lights.rad']
[48 texlights parsed from 'lights.rad']

Loading c:\program files (x86)\steam\steamapps\sourcemods\who\maps\map_2.bsp
157 faces
20626 square feet [2970234.00 square inches]
0 Displacements
0 Square Feet [0.00 Square Inches]
157 patches before subdivision
1297 patches after subdivision
408 direct lights
0...1...2...3...4...5...6...7...8...9...100...1...2...3...4...5...6...7...8...9...10transfers 5898, max 80
transfer lists:   0.0 megs
0...1...2...3...4...5...6...7...8...9...10	Bounce #1 added RGB(168, 155, 103)
0...1...2...3...4...5...6...7...8...9...10	Bounce #2 added RGB(421, 416, 292)
0...1...2...3...4...5...6...7...8...9...10	Bounce #3 added RGB(262, 264, 186)
0...1...2...3...4...5...6...7...8...9...10	Bounce #4 added RGB(213, 217, 152)
0...1...2...3...4...5...6...7...8...9...10	Bounce #5 added RGB(164, 168, 117)
0...1...2...3...4...5...6...7...8...9...10	Bounce #6 added RGB(129, 133, 91)
0...1...2...3...4...5...6...7...8...9...10	Bounce #7 added RGB(101, 105, 72)
0...1...2...3...4...5...6...7...8...9...10	Bounce #8 added RGB(79, 83, 56)
0...1...2...3...4...5...6...7...8...9...10	Bounce #9 added RGB(62, 65, 44)
0...1...2...3...4...5...6...7...8...9...10	Bounce #10 added RGB(48, 51, 34)
0...1...2...3...4...5...6...7...8...9...10	Bounce #11 added RGB(38, 40, 27)
0...1...2...3...4...5...6...7...8...9...10	Bounce #12 added RGB(30, 32, 21)
0...1...2...3...4...5...6...7...8...9...10	Bounce #13 added RGB(23, 25, 16)
0...1...2...3...4...5...6...7...8...9...10	Bounce #14 added RGB(18, 20, 13)
0...1...2...3...4...5...6...7...8...9...10	Bounce #15 added RGB(14, 16, 10)
0...1...2...3...4...5...6...7...8...9...10	Bounce #16 added RGB(11, 12, 8)
0...1...2...3...4...5...6...7...8...9...10	Bounce #17 added RGB(9, 10, 6)
0...1...2...3...4...5...6...7...8...9...10	Bounce #18 added RGB(7, 8, 5)
0...1...2...3...4...5...6...7...8...9...10	Bounce #19 added RGB(5, 6, 4)
0...1...2...3...4...5...6...7...8...9...10	Bounce #20 added RGB(4, 5, 3)
0...1...2...3...4...5...6...7...8...9...10	Bounce #21 added RGB(3, 4, 2)
0...1...2...3...4...5...6...7...8...9...10	Bounce #22 added RGB(3, 3, 2)
0...1...2...3...4...5...6...7...8...9...10	Bounce #23 added RGB(2, 2, 1)
0...1...2...3...4...5...6...7...8...9...10	Bounce #24 added RGB(2, 2, 1)
0...1...2...3...4...5...6...7...8...9...10	Bounce #25 added RGB(1, 1, 1)
0...1...2...3...4...5...6...7...8...9...10	Bounce #26 added RGB(1, 1, 1)
0...1...2...3...4...5...6...7...8...9...10	Bounce #27 added RGB(1, 1, 1)
Build Patch/Sample Hash Table(s).....Done<0.0001 sec>
0...1...2...3...4...5...6...7...8...9...10FinalLightFace Done
2 of 403 (0% of) surface lights went in leaf ambient cubes.
0...1...2...3...4...5...6...7...8...9...10Writing leaf ambient...done
Computing static prop lighting : 00...1...2...3...4...5...6...7...8...9...10
Ready to Finish

Object names       Objects/Maxobjs  Memory / Maxmem  Fullness 
------------       ---------------  ---------------  -------- 
models                   4/4096          192/196608   ( 0.1%) 
brushes                 31/32768         372/393216   ( 0.1%) 
brushsides             186/65536        1488/524288   ( 0.3%) 
planes                 170/65536        3400/1310720  ( 0.3%) 
vertexes               270/65536        3240/786432   ( 0.4%) 
nodes                  156/65536        4992/2097152  ( 0.2%) 
texinfos                48/12288        3456/884736   ( 0.4%) 
texdata                  7/2048          224/65536    ( 0.3%) 
dispinfos                0/0               0/0        ( 0.0%) 
disp_verts               0/0               0/0        ( 0.0%) 
disp_tris                0/0               0/0        ( 0.0%) 
disp_lmsamples           0/0               0/0        ( 0.0%) 
faces                  157/65536        8792/3670016  ( 0.2%) 
hdr faces              157/65536        8792/3670016  ( 0.2%) 
origfaces              100/65536        5600/3670016  ( 0.2%) 
leaves                 161/65536        5152/2097152  ( 0.2%) 
leaffaces              164/65536         328/131072   ( 0.3%) 
leafbrushes             95/65536         190/131072   ( 0.1%) 
areas                    2/1024           16/8192     ( 0.2%) 
surfedges             1101/512000       4404/2048000  ( 0.2%) 
edges                  611/256000       2444/1024000  ( 0.2%) 
LDR worldlights        408/16384       35904/1441792  ( 2.5%) 
HDR worldlights        408/16384       35904/1441792  ( 2.5%) 
leafwaterdata            0/32768           0/393216   ( 0.0%) 
waterstrips             10/131072        100/1310720  ( 0.0%) 
waterverts               0/131072          0/1572864  ( 0.0%) 
waterindices           138/131072        276/262144   ( 0.1%) 
cubemapsamples           0/1024            0/16384    ( 0.0%) 
overlays                 0/1024            0/360448   ( 0.0%) 
LDR lightdata         [variable]       17476/0        ( 0.0%) 
HDR lightdata         [variable]       17476/0        ( 0.0%) 
visdata               [variable]        1384/16777216 ( 0.0%) 
entdata               [variable]        3805/393216   ( 1.0%) 
LDR ambient table      161/65536         644/262144   ( 0.2%) 
HDR ambient table      161/65536         644/262144   ( 0.2%) 
LDR leaf ambient       794/65536       22232/1835008  ( 1.2%) 
HDR leaf ambient       794/65536       22232/1835008  ( 1.2%) 
occluders                0/0               0/0        ( 0.0%) 
occluder polygons        0/0               0/0        ( 0.0%) 
occluder vert ind        0/0               0/0        ( 0.0%) 
detail props          [variable]           1/12       ( 8.3%) 
static props          [variable]           1/3874     ( 0.0%) 
pakfile               [variable]      864986/0        ( 0.0%) 
physics               [variable]       12208/4194304  ( 0.3%) 
physics terrain       [variable]           2/1048576  ( 0.0%) 

Level flags = 3

Total triangle count: 387
Writing c:\program files (x86)\steam\steamapps\sourcemods\who\maps\map_2.bsp
6 seconds elapsed



materialPath: C:\Program Files (x86)\Steam\steamapps\sourcemods\who\materials
Loading c:\program files (x86)\steam\steamapps\sourcemods\who\maps\map_2.vmf
ConVarRef mat_reduceparticles doesn't point to an existing ConVar
fixing up env_cubemap materials on brush sides...
0...1...2...3...4...5...6...7...8...9...100...1...2...3...4...5...6...7...8...9...10Processing areas...done (0)
Building Faces...done (0)
FixTjuncs...
PruneNodes...
WriteBSP...
done (0)
writing c:\program files (x86)\steam\steamapps\sourcemods\who\maps\map_2.prt...Building visibility clusters...
done (0)
Finding displacement neighbors...
Finding lightmap sample positions...
Displacement Alpha : 0...1...2...3...4...5...6...7...8...9...10
Building Physics collision data...
done (0) (12208 bytes)
Placing static props...
Bad geometry on "models/chessandpieces/pawn_white.mdl"!
Placing detail props : 0...1...2...3...4...5...6...7...8...9...10
Compacting texture/material tables...
Reduced 76 texinfos to 48
Reduced 7 texdatas to 7 (144 bytes to 144)
Writing c:\program files (x86)\steam\steamapps\sourcemods\who\maps\map_2.bsp
0 seconds elapsed



8 threads
reading c:\program files (x86)\steam\steamapps\sourcemods\who\maps\map_2.bsp
reading c:\program files (x86)\steam\steamapps\sourcemods\who\maps\map_2.prt
  57 portalclusters
 128 numportals
0...1...2...3...4...5...6...7...8...9...100...1...2...3...4...5...6...7...8...9...10Optimized: 2 visible clusters (0.00%)
Total clusters visible: 1795
Average clusters visible: 31
Building PAS...
Average clusters audible: 50
visdatasize:1384  compressed from 912
writing c:\program files (x86)\steam\steamapps\sourcemods\who\maps\map_2.bsp
0 seconds elapsed



[Reading texlights from 'lights.rad']
[48 texlights parsed from 'lights.rad']

Loading c:\program files (x86)\steam\steamapps\sourcemods\who\maps\map_2.bsp
157 faces
20626 square feet [2970234.00 square inches]
0 Displacements
0 Square Feet [0.00 Square Inches]
157 patches before subdivision
1297 patches after subdivision
408 direct lights
0...1...2...3...4...5...6...7...8...9...100...1...2...3...4...5...6...7...8...9...10transfers 5898, max 80
transfer lists:   0.0 megs
0...1...2...3...4...5...6...7...8...9...10	Bounce #1 added RGB(168, 155, 103)
0...1...2...3...4...5...6...7...8...9...10	Bounce #2 added RGB(421, 416, 292)
0...1...2...3...4...5...6...7...8...9...10	Bounce #3 added RGB(262, 264, 186)
0...1...2...3...4...5...6...7...8...9...10	Bounce #4 added RGB(213, 217, 152)
0...1...2...3...4...5...6...7...8...9...10	Bounce #5 added RGB(164, 168, 117)
0...1...2...3...4...5...6...7...8...9...10	Bounce #6 added RGB(129, 133, 91)
0...1...2...3...4...5...6...7...8...9...10	Bounce #7 added RGB(101, 105, 72)
0...1...2...3...4...5...6...7...8...9...10	Bounce #8 added RGB(79, 83, 56)
0...1...2...3...4...5...6...7...8...9...10	Bounce #9 added RGB(62, 65, 44)
0...1...2...3...4...5...6...7...8...9...10	Bounce #10 added RGB(48, 51, 34)
0...1...2...3...4...5...6...7...8...9...10	Bounce #11 added RGB(38, 40, 27)
0...1...2...3...4...5...6...7...8...9...10	Bounce #12 added RGB(30, 32, 21)
0...1...2...3...4...5...6...7...8...9...10	Bounce #13 added RGB(23, 25, 16)
0...1...2...3...4...5...6...7...8...9...10	Bounce #14 added RGB(18, 20, 13)
0...1...2...3...4...5...6...7...8...9...10	Bounce #15 added RGB(14, 16, 10)
0...1...2...3...4...5...6...7...8...9...10	Bounce #16 added RGB(11, 12, 8)
0...1...2...3...4...5...6...7...8...9...10	Bounce #17 added RGB(9, 10, 6)
0...1...2...3...4...5...6...7...8...9...10	Bounce #18 added RGB(7, 8, 5)
0...1...2...3...4...5...6...7...8...9...10	Bounce #19 added RGB(5, 6, 4)
0...1...2...3...4...5...6...7...8...9...10	Bounce #20 added RGB(4, 5, 3)
0...1...2...3...4...5...6...7...8...9...10	Bounce #21 added RGB(3, 4, 2)
0...1...2...3...4...5...6...7...8...9...10	Bounce #22 added RGB(3, 3, 2)
0...1...2...3...4...5...6...7...8...9...10	Bounce #23 added RGB(2, 2, 1)
0...1...2...3...4...5...6...7...8...9...10	Bounce #24 added RGB(2, 2, 1)
0...1...2...3...4...5...6...7...8...9...10	Bounce #25 added RGB(1, 1, 1)
0...1...2...3...4...5...6...7...8...9...10	Bounce #26 added RGB(1, 1, 1)
0...1...2...3...4...5...6...7...8...9...10	Bounce #27 added RGB(1, 1, 1)
Build Patch/Sample Hash Table(s).....Done<0.0001 sec>
0...1...2...3...4...5...6...7...8...9...10FinalLightFace Done
2 of 403 (0% of) surface lights went in leaf ambient cubes.
0...1...2...3...4...5...6...7...8...9...10Writing leaf ambient...done
Computing static prop lighting : 00...1...2...3...4...5...6...7...8...9...10
Ready to Finish

Object names       Objects/Maxobjs  Memory / Maxmem  Fullness 
------------       ---------------  ---------------  -------- 
models                   4/4096          192/196608   ( 0.1%) 
brushes                 31/32768         372/393216   ( 0.1%) 
brushsides             186/65536        1488/524288   ( 0.3%) 
planes                 170/65536        3400/1310720  ( 0.3%) 
vertexes               270/65536        3240/786432   ( 0.4%) 
nodes                  156/65536        4992/2097152  ( 0.2%) 
texinfos                48/12288        3456/884736   ( 0.4%) 
texdata                  7/2048          224/65536    ( 0.3%) 
dispinfos                0/0               0/0        ( 0.0%) 
disp_verts               0/0               0/0        ( 0.0%) 
disp_tris                0/0               0/0        ( 0.0%) 
disp_lmsamples           0/0               0/0        ( 0.0%) 
faces                  157/65536        8792/3670016  ( 0.2%) 
hdr faces                0/65536           0/3670016  ( 0.0%) 
origfaces              100/65536        5600/3670016  ( 0.2%) 
leaves                 161/65536        5152/2097152  ( 0.2%) 
leaffaces              164/65536         328/131072   ( 0.3%) 
leafbrushes             95/65536         190/131072   ( 0.1%) 
areas                    2/1024           16/8192     ( 0.2%) 
surfedges             1101/512000       4404/2048000  ( 0.2%) 
edges                  611/256000       2444/1024000  ( 0.2%) 
LDR worldlights        408/16384       35904/1441792  ( 2.5%) 
HDR worldlights          0/16384           0/1441792  ( 0.0%) 
leafwaterdata            0/32768           0/393216   ( 0.0%) 
waterstrips             10/131072        100/1310720  ( 0.0%) 
waterverts               0/131072          0/1572864  ( 0.0%) 
waterindices           138/131072        276/262144   ( 0.1%) 
cubemapsamples           0/1024            0/16384    ( 0.0%) 
overlays                 0/1024            0/360448   ( 0.0%) 
LDR lightdata         [variable]       17476/0        ( 0.0%) 
HDR lightdata         [variable]           0/0        ( 0.0%) 
visdata               [variable]        1384/16777216 ( 0.0%) 
entdata               [variable]        3804/393216   ( 1.0%) 
LDR ambient table      161/65536         644/262144   ( 0.2%) 
HDR ambient table      161/65536         644/262144   ( 0.2%) 
LDR leaf ambient       794/65536       22232/1835008  ( 1.2%) 
HDR leaf ambient       161/65536        4508/1835008  ( 0.2%) 
occluders                0/0               0/0        ( 0.0%) 
occluder polygons        0/0               0/0        ( 0.0%) 
occluder vert ind        0/0               0/0        ( 0.0%) 
detail props          [variable]           1/12       ( 8.3%) 
static props          [variable]           1/3874     ( 0.0%) 
pakfile               [variable]      432380/0        ( 0.0%) 
physics               [variable]       12208/4194304  ( 0.3%) 
physics terrain       [variable]           2/1048576  ( 0.0%) 

Level flags = 1

Total triangle count: 387
Writing c:\program files (x86)\steam\steamapps\sourcemods\who\maps\map_2.bsp
6 seconds elapsed



[Reading texlights from 'lights.rad']
[48 texlights parsed from 'lights.rad']

Loading c:\program files (x86)\steam\steamapps\sourcemods\who\maps\map_2.bsp
157 faces
20626 square feet [2970234.00 square inches]
0 Displacements
0 Square Feet [0.00 Square Inches]
157 patches before subdivision
1297 patches after subdivision
408 direct lights
0...1...2...3...4...5...6...7...8...9...100...1...2...3...4...5...6...7...8...9...10transfers 5898, max 80
transfer lists:   0.0 megs
0...1...2...3...4...5...6...7...8...9...10	Bounce #1 added RGB(168, 155, 103)
0...1...2...3...4...5...6...7...8...9...10	Bounce #2 added RGB(421, 416, 292)
0...1...2...3...4...5...6...7...8...9...10	Bounce #3 added RGB(262, 264, 186)
0...1...2...3...4...5...6...7...8...9...10	Bounce #4 added RGB(213, 217, 152)
0...1...2...3...4...5...6...7...8...9...10	Bounce #5 added RGB(164, 168, 117)
0...1...2...3...4...5...6...7...8...9...10	Bounce #6 added RGB(129, 133, 91)
0...1...2...3...4...5...6...7...8...9...10	Bounce #7 added RGB(101, 105, 72)
0...1...2...3...4...5...6...7...8...9...10	Bounce #8 added RGB(79, 83, 56)
0...1...2...3...4...5...6...7...8...9...10	Bounce #9 added RGB(62, 65, 44)
0...1...2...3...4...5...6...7...8...9...10	Bounce #10 added RGB(48, 51, 34)
0...1...2...3...4...5...6...7...8...9...10	Bounce #11 added RGB(38, 40, 27)
0...1...2...3...4...5...6...7...8...9...10	Bounce #12 added RGB(30, 32, 21)
0...1...2...3...4...5...6...7...8...9...10	Bounce #13 added RGB(23, 25, 16)
0...1...2...3...4...5...6...7...8...9...10	Bounce #14 added RGB(18, 20, 13)
0...1...2...3...4...5...6...7...8...9...10	Bounce #15 added RGB(14, 16, 10)
0...1...2...3...4...5...6...7...8...9...10	Bounce #16 added RGB(11, 12, 8)
0...1...2...3...4...5...6...7...8...9...10	Bounce #17 added RGB(9, 10, 6)
0...1...2...3...4...5...6...7...8...9...10	Bounce #18 added RGB(7, 8, 5)
0...1...2...3...4...5...6...7...8...9...10	Bounce #19 added RGB(5, 6, 4)
0...1...2...3...4...5...6...7...8...9...10	Bounce #20 added RGB(4, 5, 3)
0...1...2...3...4...5...6...7...8...9...10	Bounce #21 added RGB(3, 4, 2)
0...1...2...3...4...5...6...7...8...9...10	Bounce #22 added RGB(3, 3, 2)
0...1...2...3...4...5...6...7...8...9...10	Bounce #23 added RGB(2, 2, 1)
0...1...2...3...4...5...6...7...8...9...10	Bounce #24 added RGB(2, 2, 1)
0...1...2...3...4...5...6...7...8...9...10	Bounce #25 added RGB(1, 1, 1)
0...1...2...3...4...5...6...7...8...9...10	Bounce #26 added RGB(1, 1, 1)
0...1...2...3...4...5...6...7...8...9...10	Bounce #27 added RGB(1, 1, 1)
Build Patch/Sample Hash Table(s).....Done<0.0001 sec>
0...1...2...3...4...5...6...7...8...9...10FinalLightFace Done
2 of 403 (0% of) surface lights went in leaf ambient cubes.
0...1...2...3...4...5...6...7...8...9...10Writing leaf ambient...done
Computing static prop lighting : 00...1...2...3...4...5...6...7...8...9...10
Ready to Finish

Object names       Objects/Maxobjs  Memory / Maxmem  Fullness 
------------       ---------------  ---------------  -------- 
models                   4/4096          192/196608   ( 0.1%) 
brushes                 31/32768         372/393216   ( 0.1%) 
brushsides             186/65536        1488/524288   ( 0.3%) 
planes                 170/65536        3400/1310720  ( 0.3%) 
vertexes               270/65536        3240/786432   ( 0.4%) 
nodes                  156/65536        4992/2097152  ( 0.2%) 
texinfos                48/12288        3456/884736   ( 0.4%) 
texdata                  7/2048          224/65536    ( 0.3%) 
dispinfos                0/0               0/0        ( 0.0%) 
disp_verts               0/0               0/0        ( 0.0%) 
disp_tris                0/0               0/0        ( 0.0%) 
disp_lmsamples           0/0               0/0        ( 0.0%) 
faces                  157/65536        8792/3670016  ( 0.2%) 
hdr faces              157/65536        8792/3670016  ( 0.2%) 
origfaces              100/65536        5600/3670016  ( 0.2%) 
leaves                 161/65536        5152/2097152  ( 0.2%) 
leaffaces              164/65536         328/131072   ( 0.3%) 
leafbrushes             95/65536         190/131072   ( 0.1%) 
areas                    2/1024           16/8192     ( 0.2%) 
surfedges             1101/512000       4404/2048000  ( 0.2%) 
edges                  611/256000       2444/1024000  ( 0.2%) 
LDR worldlights        408/16384       35904/1441792  ( 2.5%) 
HDR worldlights        408/16384       35904/1441792  ( 2.5%) 
leafwaterdata            0/32768           0/393216   ( 0.0%) 
waterstrips             10/131072        100/1310720  ( 0.0%) 
waterverts               0/131072          0/1572864  ( 0.0%) 
waterindices           138/131072        276/262144   ( 0.1%) 
cubemapsamples           0/1024            0/16384    ( 0.0%) 
overlays                 0/1024            0/360448   ( 0.0%) 
LDR lightdata         [variable]       17476/0        ( 0.0%) 
HDR lightdata         [variable]       17476/0        ( 0.0%) 
visdata               [variable]        1384/16777216 ( 0.0%) 
entdata               [variable]        3804/393216   ( 1.0%) 
LDR ambient table      161/65536         644/262144   ( 0.2%) 
HDR ambient table      161/65536         644/262144   ( 0.2%) 
LDR leaf ambient       794/65536       22232/1835008  ( 1.2%) 
HDR leaf ambient       794/65536       22232/1835008  ( 1.2%) 
occluders                0/0               0/0        ( 0.0%) 
occluder polygons        0/0               0/0        ( 0.0%) 
occluder vert ind        0/0               0/0        ( 0.0%) 
detail props          [variable]           1/12       ( 8.3%) 
static props          [variable]           1/3874     ( 0.0%) 
pakfile               [variable]      864986/0        ( 0.0%) 
physics               [variable]       12208/4194304  ( 0.3%) 
physics terrain       [variable]           2/1048576  ( 0.0%) 

Level flags = 3

Total triangle count: 387
Writing c:\program files (x86)\steam\steamapps\sourcemods\who\maps\map_2.bsp
6 seconds elapsed



materialPath: C:\Program Files (x86)\Steam\steamapps\sourcemods\who\materials
Loading c:\program files (x86)\steam\steamapps\sourcemods\who\maps\map_2.vmf
ConVarRef mat_reduceparticles doesn't point to an existing ConVar
fixing up env_cubemap materials on brush sides...
0...1...2...3...4...5...6...7...8...9...100...1...2...3...4...5...6...7...8...9...10Processing areas...done (0)
Building Faces...done (0)
FixTjuncs...
PruneNodes...
WriteBSP...
done (0)
writing c:\program files (x86)\steam\steamapps\sourcemods\who\maps\map_2.prt...Building visibility clusters...
done (0)
Finding displacement neighbors...
Finding lightmap sample positions...
Displacement Alpha : 0...1...2...3...4...5...6...7...8...9...10
Building Physics collision data...
done (0) (12208 bytes)
Placing static props...
Bad geometry on "models/chessandpieces/pawn_white.mdl"!
Placing detail props : 0...1...2...3...4...5...6...7...8...9...10
Compacting texture/material tables...
Reduced 76 texinfos to 48
Reduced 7 texdatas to 7 (144 bytes to 144)
Writing c:\program files (x86)\steam\steamapps\sourcemods\who\maps\map_2.bsp
0 seconds elapsed



8 threads
reading c:\program files (x86)\steam\steamapps\sourcemods\who\maps\map_2.bsp
reading c:\program files (x86)\steam\steamapps\sourcemods\who\maps\map_2.prt
  57 portalclusters
 128 numportals
0...1...2...3...4...5...6...7...8...9...100...1...2...3...4...5...6...7...8...9...10Optimized: 2 visible clusters (0.00%)
Total clusters visible: 1795
Average clusters visible: 31
Building PAS...
Average clusters audible: 50
visdatasize:1384  compressed from 912
writing c:\program files (x86)\steam\steamapps\sourcemods\who\maps\map_2.bsp
0 seconds elapsed



[Reading texlights from 'lights.rad']
[48 texlights parsed from 'lights.rad']

Loading c:\program files (x86)\steam\steamapps\sourcemods\who\maps\map_2.bsp
157 faces
20626 square feet [2970234.00 square inches]
0 Displacements
0 Square Feet [0.00 Square Inches]
157 patches before subdivision
1297 patches after subdivision
408 direct lights
0...1...2...3...4...5...6...7...8...9...100...1...2...3...4...5...6...7...8...9...10transfers 5898, max 80
transfer lists:   0.0 megs
0...1...2...3...4...5...6...7...8...9...10	Bounce #1 added RGB(168, 155, 103)
0...1...2...3...4...5...6...7...8...9...10	Bounce #2 added RGB(421, 416, 292)
0...1...2...3...4...5...6...7...8...9...10	Bounce #3 added RGB(262, 264, 186)
0...1...2...3...4...5...6...7...8...9...10	Bounce #4 added RGB(213, 217, 152)
0...1...2...3...4...5...6...7...8...9...10	Bounce #5 added RGB(164, 168, 117)
0...1...2...3...4...5...6...7...8...9...10	Bounce #6 added RGB(129, 133, 91)
0...1...2...3...4...5...6...7...8...9...10	Bounce #7 added RGB(101, 105, 72)
0...1...2...3...4...5...6...7...8...9...10	Bounce #8 added RGB(79, 83, 56)
0...1...2...3...4...5...6...7...8...9...10	Bounce #9 added RGB(62, 65, 44)
0...1...2...3...4...5...6...7...8...9...10	Bounce #10 added RGB(48, 51, 34)
0...1...2...3...4...5...6...7...8...9...10	Bounce #11 added RGB(38, 40, 27)
0...1...2...3...4...5...6...7...8...9...10	Bounce #12 added RGB(30, 32, 21)
0...1...2...3...4...5...6...7...8...9...10	Bounce #13 added RGB(23, 25, 16)
0...1...2...3...4...5...6...7...8...9...10	Bounce #14 added RGB(18, 20, 13)
0...1...2...3...4...5...6...7...8...9...10	Bounce #15 added RGB(14, 16, 10)
0...1...2...3...4...5...6...7...8...9...10	Bounce #16 added RGB(11, 12, 8)
0...1...2...3...4...5...6...7...8...9...10	Bounce #17 added RGB(9, 10, 6)
0...1...2...3...4...5...6...7...8...9...10	Bounce #18 added RGB(7, 8, 5)
0...1...2...3...4...5...6...7...8...9...10	Bounce #19 added RGB(5, 6, 4)
0...1...2...3...4...5...6...7...8...9...10	Bounce #20 added RGB(4, 5, 3)
0...1...2...3...4...5...6...7...8...9...10	Bounce #21 added RGB(3, 4, 2)
0...1...2...3...4...5...6...7...8...9...10	Bounce #22 added RGB(3, 3, 2)
0...1...2...3...4...5...6...7...8...9...10	Bounce #23 added RGB(2, 2, 1)
0...1...2...3...4...5...6...7...8...9...10	Bounce #24 added RGB(2, 2, 1)
0...1...2...3...4...5...6...7...8...9...10	Bounce #25 added RGB(1, 1, 1)
0...1...2...3...4...5...6...7...8...9...10	Bounce #26 added RGB(1, 1, 1)
0...1...2...3...4...5...6...7...8...9...10	Bounce #27 added RGB(1, 1, 1)
Build Patch/Sample Hash Table(s).....Done<0.0001 sec>
0...1...2...3...4...5...6...7...8...9...10FinalLightFace Done
2 of 403 (0% of) surface lights went in leaf ambient cubes.
0...1...2...3...4...5...6...7...8...9...10Writing leaf ambient...done
Computing static prop lighting : 00...1...2...3...4...5...6...7...8...9...10
Ready to Finish

Object names       Objects/Maxobjs  Memory / Maxmem  Fullness 
------------       ---------------  ---------------  -------- 
models                   4/4096          192/196608   ( 0.1%) 
brushes                 31/32768         372/393216   ( 0.1%) 
brushsides             186/65536        1488/524288   ( 0.3%) 
planes                 170/65536        3400/1310720  ( 0.3%) 
vertexes               270/65536        3240/786432   ( 0.4%) 
nodes                  156/65536        4992/2097152  ( 0.2%) 
texinfos                48/12288        3456/884736   ( 0.4%) 
texdata                  7/2048          224/65536    ( 0.3%) 
dispinfos                0/0               0/0        ( 0.0%) 
disp_verts               0/0               0/0        ( 0.0%) 
disp_tris                0/0               0/0        ( 0.0%) 
disp_lmsamples           0/0               0/0        ( 0.0%) 
faces                  157/65536        8792/3670016  ( 0.2%) 
hdr faces                0/65536           0/3670016  ( 0.0%) 
origfaces              100/65536        5600/3670016  ( 0.2%) 
leaves                 161/65536        5152/2097152  ( 0.2%) 
leaffaces              164/65536         328/131072   ( 0.3%) 
leafbrushes             95/65536         190/131072   ( 0.1%) 
areas                    2/1024           16/8192     ( 0.2%) 
surfedges             1101/512000       4404/2048000  ( 0.2%) 
edges                  611/256000       2444/1024000  ( 0.2%) 
LDR worldlights        408/16384       35904/1441792  ( 2.5%) 
HDR worldlights          0/16384           0/1441792  ( 0.0%) 
leafwaterdata            0/32768           0/393216   ( 0.0%) 
waterstrips             10/131072        100/1310720  ( 0.0%) 
waterverts               0/131072          0/1572864  ( 0.0%) 
waterindices           138/131072        276/262144   ( 0.1%) 
cubemapsamples           0/1024            0/16384    ( 0.0%) 
overlays                 0/1024            0/360448   ( 0.0%) 
LDR lightdata         [variable]       17476/0        ( 0.0%) 
HDR lightdata         [variable]           0/0        ( 0.0%) 
visdata               [variable]        1384/16777216 ( 0.0%) 
entdata               [variable]        3767/393216   ( 1.0%) 
LDR ambient table      161/65536         644/262144   ( 0.2%) 
HDR ambient table      161/65536         644/262144   ( 0.2%) 
LDR leaf ambient       794/65536       22232/1835008  ( 1.2%) 
HDR leaf ambient       161/65536        4508/1835008  ( 0.2%) 
occluders                0/0               0/0        ( 0.0%) 
occluder polygons        0/0               0/0        ( 0.0%) 
occluder vert ind        0/0               0/0        ( 0.0%) 
detail props          [variable]           1/12       ( 8.3%) 
static props          [variable]           1/3874     ( 0.0%) 
pakfile               [variable]      432380/0        ( 0.0%) 
physics               [variable]       12208/4194304  ( 0.3%) 
physics terrain       [variable]           2/1048576  ( 0.0%) 

Level flags = 1

Total triangle count: 387
Writing c:\program files (x86)\steam\steamapps\sourcemods\who\maps\map_2.bsp
6 seconds elapsed



[Reading texlights from 'lights.rad']
[48 texlights parsed from 'lights.rad']

Loading c:\program files (x86)\steam\steamapps\sourcemods\who\maps\map_2.bsp
157 faces
20626 square feet [2970234.00 square inches]
0 Displacements
0 Square Feet [0.00 Square Inches]
157 patches before subdivision
1297 patches after subdivision
408 direct lights
0...1...2...3...4...5...6...7...8...9...100...1...2...3...4...5...6...7...8...9...10transfers 5898, max 80
transfer lists:   0.0 megs
0...1...2...3...4...5...6...7...8...9...10	Bounce #1 added RGB(168, 155, 103)
0...1...2...3...4...5...6...7...8...9...10	Bounce #2 added RGB(421, 416, 292)
0...1...2...3...4...5...6...7...8...9...10	Bounce #3 added RGB(262, 264, 186)
0...1...2...3...4...5...6...7...8...9...10	Bounce #4 added RGB(213, 217, 152)
0...1...2...3...4...5...6...7...8...9...10	Bounce #5 added RGB(164, 168, 117)
0...1...2...3...4...5...6...7...8...9...10	Bounce #6 added RGB(129, 133, 91)
0...1...2...3...4...5...6...7...8...9...10	Bounce #7 added RGB(101, 105, 72)
0...1...2...3...4...5...6...7...8...9...10	Bounce #8 added RGB(79, 83, 56)
0...1...2...3...4...5...6...7...8...9...10	Bounce #9 added RGB(62, 65, 44)
0...1...2...3...4...5...6...7...8...9...10	Bounce #10 added RGB(48, 51, 34)
0...1...2...3...4...5...6...7...8...9...10	Bounce #11 added RGB(38, 40, 27)
0...1...2...3...4...5...6...7...8...9...10	Bounce #12 added RGB(30, 32, 21)
0...1...2...3...4...5...6...7...8...9...10	Bounce #13 added RGB(23, 25, 16)
0...1...2...3...4...5...6...7...8...9...10	Bounce #14 added RGB(18, 20, 13)
0...1...2...3...4...5...6...7...8...9...10	Bounce #15 added RGB(14, 16, 10)
0...1...2...3...4...5...6...7...8...9...10	Bounce #16 added RGB(11, 12, 8)
0...1...2...3...4...5...6...7...8...9...10	Bounce #17 added RGB(9, 10, 6)
0...1...2...3...4...5...6...7...8...9...10	Bounce #18 added RGB(7, 8, 5)
0...1...2...3...4...5...6...7...8...9...10	Bounce #19 added RGB(5, 6, 4)
0...1...2...3...4...5...6...7...8...9...10	Bounce #20 added RGB(4, 5, 3)
0...1...2...3...4...5...6...7...8...9...10	Bounce #21 added RGB(3, 4, 2)
0...1...2...3...4...5...6...7...8...9...10	Bounce #22 added RGB(3, 3, 2)
0...1...2...3...4...5...6...7...8...9...10	Bounce #23 added RGB(2, 2, 1)
0...1...2...3...4...5...6...7...8...9...10	Bounce #24 added RGB(2, 2, 1)
0...1...2...3...4...5...6...7...8...9...10	Bounce #25 added RGB(1, 1, 1)
0...1...2...3...4...5...6...7...8...9...10	Bounce #26 added RGB(1, 1, 1)
0...1...2...3...4...5...6...7...8...9...10	Bounce #27 added RGB(1, 1, 1)
Build Patch/Sample Hash Table(s).....Done<0.0001 sec>
0...1...2...3...4...5...6...7...8...9...10FinalLightFace Done
2 of 403 (0% of) surface lights went in leaf ambient cubes.
0...1...2...3...4...5...6...7...8...9...10Writing leaf ambient...done
Computing static prop lighting : 00...1...2...3...4...5...6...7...8...9...10
Ready to Finish

Object names       Objects/Maxobjs  Memory / Maxmem  Fullness 
------------       ---------------  ---------------  -------- 
models                   4/4096          192/196608   ( 0.1%) 
brushes                 31/32768         372/393216   ( 0.1%) 
brushsides             186/65536        1488/524288   ( 0.3%) 
planes                 170/65536        3400/1310720  ( 0.3%) 
vertexes               270/65536        3240/786432   ( 0.4%) 
nodes                  156/65536        4992/2097152  ( 0.2%) 
texinfos                48/12288        3456/884736   ( 0.4%) 
texdata                  7/2048          224/65536    ( 0.3%) 
dispinfos                0/0               0/0        ( 0.0%) 
disp_verts               0/0               0/0        ( 0.0%) 
disp_tris                0/0               0/0        ( 0.0%) 
disp_lmsamples           0/0               0/0        ( 0.0%) 
faces                  157/65536        8792/3670016  ( 0.2%) 
hdr faces              157/65536        8792/3670016  ( 0.2%) 
origfaces              100/65536        5600/3670016  ( 0.2%) 
leaves                 161/65536        5152/2097152  ( 0.2%) 
leaffaces              164/65536         328/131072   ( 0.3%) 
leafbrushes             95/65536         190/131072   ( 0.1%) 
areas                    2/1024           16/8192     ( 0.2%) 
surfedges             1101/512000       4404/2048000  ( 0.2%) 
edges                  611/256000       2444/1024000  ( 0.2%) 
LDR worldlights        408/16384       35904/1441792  ( 2.5%) 
HDR worldlights        408/16384       35904/1441792  ( 2.5%) 
leafwaterdata            0/32768           0/393216   ( 0.0%) 
waterstrips             10/131072        100/1310720  ( 0.0%) 
waterverts               0/131072          0/1572864  ( 0.0%) 
waterindices           138/131072        276/262144   ( 0.1%) 
cubemapsamples           0/1024            0/16384    ( 0.0%) 
overlays                 0/1024            0/360448   ( 0.0%) 
LDR lightdata         [variable]       17476/0        ( 0.0%) 
HDR lightdata         [variable]       17476/0        ( 0.0%) 
visdata               [variable]        1384/16777216 ( 0.0%) 
entdata               [variable]        3767/393216   ( 1.0%) 
LDR ambient table      161/65536         644/262144   ( 0.2%) 
HDR ambient table      161/65536         644/262144   ( 0.2%) 
LDR leaf ambient       794/65536       22232/1835008  ( 1.2%) 
HDR leaf ambient       794/65536       22232/1835008  ( 1.2%) 
occluders                0/0               0/0        ( 0.0%) 
occluder polygons        0/0               0/0        ( 0.0%) 
occluder vert ind        0/0               0/0        ( 0.0%) 
detail props          [variable]           1/12       ( 8.3%) 
static props          [variable]           1/3874     ( 0.0%) 
pakfile               [variable]      864986/0        ( 0.0%) 
physics               [variable]       12208/4194304  ( 0.3%) 
physics terrain       [variable]           2/1048576  ( 0.0%) 

Level flags = 3

Total triangle count: 387
Writing c:\program files (x86)\steam\steamapps\sourcemods\who\maps\map_2.bsp
6 seconds elapsed



materialPath: C:\Program Files (x86)\Steam\steamapps\sourcemods\who\materials
Loading c:\program files (x86)\steam\steamapps\sourcemods\who\maps\map_2.vmf
ConVarRef mat_reduceparticles doesn't point to an existing ConVar
fixing up env_cubemap materials on brush sides...
0...1...2...3...4...5...6...7...8...9...100...1...2...3...4...5...6...7...8...9...10Processing areas...done (0)
Building Faces...done (0)
FixTjuncs...
PruneNodes...
WriteBSP...
done (0)
writing c:\program files (x86)\steam\steamapps\sourcemods\who\maps\map_2.prt...Building visibility clusters...
done (0)
Finding displacement neighbors...
Finding lightmap sample positions...
Displacement Alpha : 0...1...2...3...4...5...6...7...8...9...10
Building Physics collision data...
done (0) (13520 bytes)
Placing static props...
Bad geometry on "models/chessandpieces/pawn_white.mdl"!
Placing detail props : 0...1...2...3...4...5...6...7...8...9...10
Compacting texture/material tables...
Reduced 76 texinfos to 48
Reduced 7 texdatas to 7 (144 bytes to 144)
Writing c:\program files (x86)\steam\steamapps\sourcemods\who\maps\map_2.bsp
0 seconds elapsed



8 threads
reading c:\program files (x86)\steam\steamapps\sourcemods\who\maps\map_2.bsp
reading c:\program files (x86)\steam\steamapps\sourcemods\who\maps\map_2.prt
  57 portalclusters
 140 numportals
0...1...2...3...4...5...6...7...8...9...100...1...2...3...4...5...6...7...8...9...10Optimized: 2 visible clusters (0.00%)
Total clusters visible: 2133
Average clusters visible: 37
Building PAS...
Average clusters audible: 54
visdatasize:1384  compressed from 912
writing c:\program files (x86)\steam\steamapps\sourcemods\who\maps\map_2.bsp
0 seconds elapsed



[Reading texlights from 'lights.rad']
[48 texlights parsed from 'lights.rad']

Loading c:\program files (x86)\steam\steamapps\sourcemods\who\maps\map_2.bsp
167 faces
20595 square feet [2965794.00 square inches]
0 Displacements
0 Square Feet [0.00 Square Inches]
167 patches before subdivision
1303 patches after subdivision
410 direct lights
0...1...2...3...4...5...6...7...8...9...100...1...2...3...4...5...6...7...8...9...10transfers 7360, max 117
transfer lists:   0.1 megs
0...1...2...3...4...5...6...7...8...9...10	Bounce #1 added RGB(181, 164, 108)
0...1...2...3...4...5...6...7...8...9...10	Bounce #2 added RGB(441, 436, 306)
0...1...2...3...4...5...6...7...8...9...10	Bounce #3 added RGB(281, 282, 198)
0...1...2...3...4...5...6...7...8...9...10	Bounce #4 added RGB(228, 231, 161)
0...1...2...3...4...5...6...7...8...9...10	Bounce #5 added RGB(175, 179, 124)
0...1...2...3...4...5...6...7...8...9...10	Bounce #6 added RGB(136, 140, 96)
0...1...2...3...4...5...6...7...8...9...10	Bounce #7 added RGB(106, 110, 75)
0...1...2...3...4...5...6...7...8...9...10	Bounce #8 added RGB(82, 86, 58)
0...1...2...3...4...5...6...7...8...9...10	Bounce #9 added RGB(64, 67, 45)
0...1...2...3...4...5...6...7...8...9...10	Bounce #10 added RGB(50, 53, 35)
0...1...2...3...4...5...6...7...8...9...10	Bounce #11 added RGB(38, 41, 27)
0...1...2...3...4...5...6...7...8...9...10	Bounce #12 added RGB(30, 32, 21)
0...1...2...3...4...5...6...7...8...9...10	Bounce #13 added RGB(23, 25, 16)
0...1...2...3...4...5...6...7...8...9...10	Bounce #14 added RGB(18, 20, 13)
0...1...2...3...4...5...6...7...8...9...10	Bounce #15 added RGB(14, 15, 10)
0...1...2...3...4...5...6...7...8...9...10	Bounce #16 added RGB(11, 12, 8)
0...1...2...3...4...5...6...7...8...9...10	Bounce #17 added RGB(8, 9, 6)
0...1...2...3...4...5...6...7...8...9...10	Bounce #18 added RGB(7, 7, 5)
0...1...2...3...4...5...6...7...8...9...10	Bounce #19 added RGB(5, 6, 4)
0...1...2...3...4...5...6...7...8...9...10	Bounce #20 added RGB(4, 5, 3)
0...1...2...3...4...5...6...7...8...9...10	Bounce #21 added RGB(3, 4, 2)
0...1...2...3...4...5...6...7...8...9...10	Bounce #22 added RGB(2, 3, 2)
0...1...2...3...4...5...6...7...8...9...10	Bounce #23 added RGB(2, 2, 1)
0...1...2...3...4...5...6...7...8...9...10	Bounce #24 added RGB(1, 2, 1)
0...1...2...3...4...5...6...7...8...9...10	Bounce #25 added RGB(1, 1, 1)
0...1...2...3...4...5...6...7...8...9...10	Bounce #26 added RGB(1, 1, 1)
0...1...2...3...4...5...6...7...8...9...10	Bounce #27 added RGB(1, 1, 0)
Build Patch/Sample Hash Table(s).....Done<0.0001 sec>
0...1...2...3...4...5...6...7...8...9...10FinalLightFace Done
4 of 405 (0% of) surface lights went in leaf ambient cubes.
0...1...2...3...4...5...6...7...8...9...10Writing leaf ambient...done
Computing static prop lighting : 00...1...2...3...4...5...6...7...8...9...10
Ready to Finish

Object names       Objects/Maxobjs  Memory / Maxmem  Fullness 
------------       ---------------  ---------------  -------- 
models                   4/4096          192/196608   ( 0.1%) 
brushes                 35/32768         420/393216   ( 0.1%) 
brushsides             210/65536        1680/524288   ( 0.3%) 
planes                 170/65536        3400/1310720  ( 0.3%) 
vertexes               286/65536        3432/786432   ( 0.4%) 
nodes                  158/65536        5056/2097152  ( 0.2%) 
texinfos                48/12288        3456/884736   ( 0.4%) 
texdata                  7/2048          224/65536    ( 0.3%) 
dispinfos                0/0               0/0        ( 0.0%) 
disp_verts               0/0               0/0        ( 0.0%) 
disp_tris                0/0               0/0        ( 0.0%) 
disp_lmsamples           0/0               0/0        ( 0.0%) 
faces                  167/65536        9352/3670016  ( 0.3%) 
hdr faces                0/65536           0/3670016  ( 0.0%) 
origfaces              111/65536        6216/3670016  ( 0.2%) 
leaves                 163/65536        5216/2097152  ( 0.2%) 
leaffaces              173/65536         346/131072   ( 0.3%) 
leafbrushes            103/65536         206/131072   ( 0.2%) 
areas                    2/1024           16/8192     ( 0.2%) 
surfedges             1202/512000       4808/2048000  ( 0.2%) 
edges                  665/256000       2660/1024000  ( 0.3%) 
LDR worldlights        410/16384       36080/1441792  ( 2.5%) 
HDR worldlights          0/16384           0/1441792  ( 0.0%) 
leafwaterdata            0/32768           0/393216   ( 0.0%) 
waterstrips             11/131072        110/1310720  ( 0.0%) 
waterverts               0/131072          0/1572864  ( 0.0%) 
waterindices           180/131072        360/262144   ( 0.1%) 
cubemapsamples           0/1024            0/16384    ( 0.0%) 
overlays                 0/1024            0/360448   ( 0.0%) 
LDR lightdata         [variable]       17692/0        ( 0.0%) 
HDR lightdata         [variable]           0/0        ( 0.0%) 
visdata               [variable]        1384/16777216 ( 0.0%) 
entdata               [variable]        3767/393216   ( 1.0%) 
LDR ambient table      163/65536         652/262144   ( 0.2%) 
HDR ambient table      163/65536         652/262144   ( 0.2%) 
LDR leaf ambient       773/65536       21644/1835008  ( 1.2%) 
HDR leaf ambient       163/65536        4564/1835008  ( 0.2%) 
occluders                0/0               0/0        ( 0.0%) 
occluder polygons        0/0               0/0        ( 0.0%) 
occluder vert ind        0/0               0/0        ( 0.0%) 
detail props          [variable]           1/12       ( 8.3%) 
static props          [variable]           1/3874     ( 0.0%) 
pakfile               [variable]      432380/0        ( 0.0%) 
physics               [variable]       13520/4194304  ( 0.3%) 
physics terrain       [variable]           2/1048576  ( 0.0%) 

Level flags = 1

Total triangle count: 424
Writing c:\program files (x86)\steam\steamapps\sourcemods\who\maps\map_2.bsp
6 seconds elapsed



[Reading texlights from 'lights.rad']
[48 texlights parsed from 'lights.rad']

Loading c:\program files (x86)\steam\steamapps\sourcemods\who\maps\map_2.bsp
167 faces
20595 square feet [2965794.00 square inches]
0 Displacements
0 Square Feet [0.00 Square Inches]
167 patches before subdivision
1303 patches after subdivision
410 direct lights
0...1...2...3...4...5...6...7...8...9...100...1...2...3...4...5...6...7...8...9...10transfers 7360, max 117
transfer lists:   0.1 megs
0...1...2...3...4...5...6...7...8...9...10	Bounce #1 added RGB(181, 164, 108)
0...1...2...3...4...5...6...7...8...9...10	Bounce #2 added RGB(441, 436, 306)
0...1...2...3...4...5...6...7...8...9...10	Bounce #3 added RGB(281, 282, 198)
0...1...2...3...4...5...6...7...8...9...10	Bounce #4 added RGB(228, 231, 161)
0...1...2...3...4...5...6...7...8...9...10	Bounce #5 added RGB(175, 179, 124)
0...1...2...3...4...5...6...7...8...9...10	Bounce #6 added RGB(136, 140, 96)
0...1...2...3...4...5...6...7...8...9...10	Bounce #7 added RGB(106, 110, 75)
0...1...2...3...4...5...6...7...8...9...10	Bounce #8 added RGB(82, 86, 58)
0...1...2...3...4...5...6...7...8...9...10	Bounce #9 added RGB(64, 67, 45)
0...1...2...3...4...5...6...7...8...9...10	Bounce #10 added RGB(50, 53, 35)
0...1...2...3...4...5...6...7...8...9...10	Bounce #11 added RGB(38, 41, 27)
0...1...2...3...4...5...6...7...8...9...10	Bounce #12 added RGB(30, 32, 21)
0...1...2...3...4...5...6...7...8...9...10	Bounce #13 added RGB(23, 25, 16)
0...1...2...3...4...5...6...7...8...9...10	Bounce #14 added RGB(18, 20, 13)
0...1...2...3...4...5...6...7...8...9...10	Bounce #15 added RGB(14, 15, 10)
0...1...2...3...4...5...6...7...8...9...10	Bounce #16 added RGB(11, 12, 8)
0...1...2...3...4...5...6...7...8...9...10	Bounce #17 added RGB(8, 9, 6)
0...1...2...3...4...5...6...7...8...9...10	Bounce #18 added RGB(7, 7, 5)
0...1...2...3...4...5...6...7...8...9...10	Bounce #19 added RGB(5, 6, 4)
0...1...2...3...4...5...6...7...8...9...10	Bounce #20 added RGB(4, 5, 3)
0...1...2...3...4...5...6...7...8...9...10	Bounce #21 added RGB(3, 4, 2)
0...1...2...3...4...5...6...7...8...9...10	Bounce #22 added RGB(2, 3, 2)
0...1...2...3...4...5...6...7...8...9...10	Bounce #23 added RGB(2, 2, 1)
0...1...2...3...4...5...6...7...8...9...10	Bounce #24 added RGB(1, 2, 1)
0...1...2...3...4...5...6...7...8...9...10	Bounce #25 added RGB(1, 1, 1)
0...1...2...3...4...5...6...7...8...9...10	Bounce #26 added RGB(1, 1, 1)
0...1...2...3...4...5...6...7...8...9...10	Bounce #27 added RGB(1, 1, 0)
Build Patch/Sample Hash Table(s).....Done<0.0001 sec>
0...1...2...3...4...5...6...7...8...9...10FinalLightFace Done
4 of 405 (0% of) surface lights went in leaf ambient cubes.
0...1...2...3...4...5...6...7...8...9...10Writing leaf ambient...done
Computing static prop lighting : 00...1...2...3...4...5...6...7...8...9...10
Ready to Finish

Object names       Objects/Maxobjs  Memory / Maxmem  Fullness 
------------       ---------------  ---------------  -------- 
models                   4/4096          192/196608   ( 0.1%) 
brushes                 35/32768         420/393216   ( 0.1%) 
brushsides             210/65536        1680/524288   ( 0.3%) 
planes                 170/65536        3400/1310720  ( 0.3%) 
vertexes               286/65536        3432/786432   ( 0.4%) 
nodes                  158/65536        5056/2097152  ( 0.2%) 
texinfos                48/12288        3456/884736   ( 0.4%) 
texdata                  7/2048          224/65536    ( 0.3%) 
dispinfos                0/0               0/0        ( 0.0%) 
disp_verts               0/0               0/0        ( 0.0%) 
disp_tris                0/0               0/0        ( 0.0%) 
disp_lmsamples           0/0               0/0        ( 0.0%) 
faces                  167/65536        9352/3670016  ( 0.3%) 
hdr faces              167/65536        9352/3670016  ( 0.3%) 
origfaces              111/65536        6216/3670016  ( 0.2%) 
leaves                 163/65536        5216/2097152  ( 0.2%) 
leaffaces              173/65536         346/131072   ( 0.3%) 
leafbrushes            103/65536         206/131072   ( 0.2%) 
areas                    2/1024           16/8192     ( 0.2%) 
surfedges             1202/512000       4808/2048000  ( 0.2%) 
edges                  665/256000       2660/1024000  ( 0.3%) 
LDR worldlights        410/16384       36080/1441792  ( 2.5%) 
HDR worldlights        410/16384       36080/1441792  ( 2.5%) 
leafwaterdata            0/32768           0/393216   ( 0.0%) 
waterstrips             11/131072        110/1310720  ( 0.0%) 
waterverts               0/131072          0/1572864  ( 0.0%) 
waterindices           180/131072        360/262144   ( 0.1%) 
cubemapsamples           0/1024            0/16384    ( 0.0%) 
overlays                 0/1024            0/360448   ( 0.0%) 
LDR lightdata         [variable]       17692/0        ( 0.0%) 
HDR lightdata         [variable]       17692/0        ( 0.0%) 
visdata               [variable]        1384/16777216 ( 0.0%) 
entdata               [variable]        3767/393216   ( 1.0%) 
LDR ambient table      163/65536         652/262144   ( 0.2%) 
HDR ambient table      163/65536         652/262144   ( 0.2%) 
LDR leaf ambient       773/65536       21644/1835008  ( 1.2%) 
HDR leaf ambient       773/65536       21644/1835008  ( 1.2%) 
occluders                0/0               0/0        ( 0.0%) 
occluder polygons        0/0               0/0        ( 0.0%) 
occluder vert ind        0/0               0/0        ( 0.0%) 
detail props          [variable]           1/12       ( 8.3%) 
static props          [variable]           1/3874     ( 0.0%) 
pakfile               [variable]      864986/0        ( 0.0%) 
physics               [variable]       13520/4194304  ( 0.3%) 
physics terrain       [variable]           2/1048576  ( 0.0%) 

Level flags = 3

Total triangle count: 424
Writing c:\program files (x86)\steam\steamapps\sourcemods\who\maps\map_2.bsp
6 seconds elapsed



materialPath: C:\Program Files (x86)\Steam\steamapps\sourcemods\who\materials
Loading c:\program files (x86)\steam\steamapps\sourcemods\who\maps\map_2.vmf
ConVarRef mat_reduceparticles doesn't point to an existing ConVar
fixing up env_cubemap materials on brush sides...
0...1...2...3...4...5...6...7...8...9...100...1...2...3...4...5...6...7...8...9...10Processing areas...done (0)
Building Faces...done (0)
FixTjuncs...
PruneNodes...
WriteBSP...
done (0)
writing c:\program files (x86)\steam\steamapps\sourcemods\who\maps\map_2.prt...Building visibility clusters...
done (0)
Finding displacement neighbors...
Finding lightmap sample positions...
Displacement Alpha : 0...1...2...3...4...5...6...7...8...9...10
Building Physics collision data...
done (0) (12208 bytes)
Placing static props...
Bad geometry on "models/chessandpieces/pawn_white.mdl"!
Placing detail props : 0...1...2...3...4...5...6...7...8...9...10
Compacting texture/material tables...
Reduced 76 texinfos to 48
Reduced 7 texdatas to 7 (144 bytes to 144)
Writing c:\program files (x86)\steam\steamapps\sourcemods\who\maps\map_2.bsp
0 seconds elapsed



8 threads
reading c:\program files (x86)\steam\steamapps\sourcemods\who\maps\map_2.bsp
reading c:\program files (x86)\steam\steamapps\sourcemods\who\maps\map_2.prt
  57 portalclusters
 128 numportals
0...1...2...3...4...5...6...7...8...9...100...1...2...3...4...5...6...7...8...9...10Optimized: 2 visible clusters (0.00%)
Total clusters visible: 1795
Average clusters visible: 31
Building PAS...
Average clusters audible: 50
visdatasize:1384  compressed from 912
writing c:\program files (x86)\steam\steamapps\sourcemods\who\maps\map_2.bsp
0 seconds elapsed



[Reading texlights from 'lights.rad']
[48 texlights parsed from 'lights.rad']

Loading c:\program files (x86)\steam\steamapps\sourcemods\who\maps\map_2.bsp
157 faces
20626 square feet [2970234.00 square inches]
0 Displacements
0 Square Feet [0.00 Square Inches]
157 patches before subdivision
1297 patches after subdivision
408 direct lights
0...1...2...3...4...5...6...7...8...9...100...1...2...3...4...5...6...7...8...9...10transfers 5892, max 80
transfer lists:   0.0 megs
0...1...2...3...4...5...6...7...8...9...10	Bounce #1 added RGB(171, 159, 106)
0...1...2...3...4...5...6...7...8...9...10	Bounce #2 added RGB(422, 417, 293)
0...1...2...3...4...5...6...7...8...9...10	Bounce #3 added RGB(262, 265, 186)
0...1...2...3...4...5...6...7...8...9...10	Bounce #4 added RGB(213, 217, 152)
0...1...2...3...4...5...6...7...8...9...10	Bounce #5 added RGB(164, 168, 117)
0...1...2...3...4...5...6...7...8...9...10	Bounce #6 added RGB(129, 133, 92)
0...1...2...3...4...5...6...7...8...9...10	Bounce #7 added RGB(101, 105, 72)
0...1...2...3...4...5...6...7...8...9...10	Bounce #8 added RGB(79, 83, 56)
0...1...2...3...4...5...6...7...8...9...10	Bounce #9 added RGB(62, 65, 44)
0...1...2...3...4...5...6...7...8...9...10	Bounce #10 added RGB(48, 51, 34)
0...1...2...3...4...5...6...7...8...9...10	Bounce #11 added RGB(38, 40, 27)
0...1...2...3...4...5...6...7...8...9...10	Bounce #12 added RGB(30, 32, 21)
0...1...2...3...4...5...6...7...8...9...10	Bounce #13 added RGB(23, 25, 16)
0...1...2...3...4...5...6...7...8...9...10	Bounce #14 added RGB(18, 20, 13)
0...1...2...3...4...5...6...7...8...9...10	Bounce #15 added RGB(14, 16, 10)
0...1...2...3...4...5...6...7...8...9...10	Bounce #16 added RGB(11, 12, 8)
0...1...2...3...4...5...6...7...8...9...10	Bounce #17 added RGB(9, 10, 6)
0...1...2...3...4...5...6...7...8...9...10	Bounce #18 added RGB(7, 8, 5)
0...1...2...3...4...5...6...7...8...9...10	Bounce #19 added RGB(5, 6, 4)
0...1...2...3...4...5...6...7...8...9...10	Bounce #20 added RGB(4, 5, 3)
0...1...2...3...4...5...6...7...8...9...10	Bounce #21 added RGB(3, 4, 2)
0...1...2...3...4...5...6...7...8...9...10	Bounce #22 added RGB(3, 3, 2)
0...1...2...3...4...5...6...7...8...9...10	Bounce #23 added RGB(2, 2, 1)
0...1...2...3...4...5...6...7...8...9...10	Bounce #24 added RGB(2, 2, 1)
0...1...2...3...4...5...6...7...8...9...10	Bounce #25 added RGB(1, 1, 1)
0...1...2...3...4...5...6...7...8...9...10	Bounce #26 added RGB(1, 1, 1)
0...1...2...3...4...5...6...7...8...9...10	Bounce #27 added RGB(1, 1, 1)
Build Patch/Sample Hash Table(s).....Done<0.0001 sec>
0...1...2...3...4...5...6...7...8...9...10FinalLightFace Done
2 of 403 (0% of) surface lights went in leaf ambient cubes.
0...1...2...3...4...5...6...7...8...9...10Writing leaf ambient...done
Computing static prop lighting : 00...1...2...3...4...5...6...7...8...9...10
Ready to Finish

Object names       Objects/Maxobjs  Memory / Maxmem  Fullness 
------------       ---------------  ---------------  -------- 
models                   4/4096          192/196608   ( 0.1%) 
brushes                 31/32768         372/393216   ( 0.1%) 
brushsides             186/65536        1488/524288   ( 0.3%) 
planes                 168/65536        3360/1310720  ( 0.3%) 
vertexes               270/65536        3240/786432   ( 0.4%) 
nodes                  156/65536        4992/2097152  ( 0.2%) 
texinfos                48/12288        3456/884736   ( 0.4%) 
texdata                  7/2048          224/65536    ( 0.3%) 
dispinfos                0/0               0/0        ( 0.0%) 
disp_verts               0/0               0/0        ( 0.0%) 
disp_tris                0/0               0/0        ( 0.0%) 
disp_lmsamples           0/0               0/0        ( 0.0%) 
faces                  157/65536        8792/3670016  ( 0.2%) 
hdr faces                0/65536           0/3670016  ( 0.0%) 
origfaces              100/65536        5600/3670016  ( 0.2%) 
leaves                 161/65536        5152/2097152  ( 0.2%) 
leaffaces              164/65536         328/131072   ( 0.3%) 
leafbrushes             95/65536         190/131072   ( 0.1%) 
areas                    2/1024           16/8192     ( 0.2%) 
surfedges             1101/512000       4404/2048000  ( 0.2%) 
edges                  611/256000       2444/1024000  ( 0.2%) 
LDR worldlights        408/16384       35904/1441792  ( 2.5%) 
HDR worldlights          0/16384           0/1441792  ( 0.0%) 
leafwaterdata            0/32768           0/393216   ( 0.0%) 
waterstrips             10/131072        100/1310720  ( 0.0%) 
waterverts               0/131072          0/1572864  ( 0.0%) 
waterindices           138/131072        276/262144   ( 0.1%) 
cubemapsamples           0/1024            0/16384    ( 0.0%) 
overlays                 0/1024            0/360448   ( 0.0%) 
LDR lightdata         [variable]       17476/0        ( 0.0%) 
HDR lightdata         [variable]           0/0        ( 0.0%) 
visdata               [variable]        1384/16777216 ( 0.0%) 
entdata               [variable]        3804/393216   ( 1.0%) 
LDR ambient table      161/65536         644/262144   ( 0.2%) 
HDR ambient table      161/65536         644/262144   ( 0.2%) 
LDR leaf ambient       794/65536       22232/1835008  ( 1.2%) 
HDR leaf ambient       161/65536        4508/1835008  ( 0.2%) 
occluders                0/0               0/0        ( 0.0%) 
occluder polygons        0/0               0/0        ( 0.0%) 
occluder vert ind        0/0               0/0        ( 0.0%) 
detail props          [variable]           1/12       ( 8.3%) 
static props          [variable]           1/3874     ( 0.0%) 
pakfile               [variable]      432380/0        ( 0.0%) 
physics               [variable]       12208/4194304  ( 0.3%) 
physics terrain       [variable]           2/1048576  ( 0.0%) 

Level flags = 1

Total triangle count: 387
Writing c:\program files (x86)\steam\steamapps\sourcemods\who\maps\map_2.bsp
6 seconds elapsed



[Reading texlights from 'lights.rad']
[48 texlights parsed from 'lights.rad']

Loading c:\program files (x86)\steam\steamapps\sourcemods\who\maps\map_2.bsp
157 faces
20626 square feet [2970234.00 square inches]
0 Displacements
0 Square Feet [0.00 Square Inches]
157 patches before subdivision
1297 patches after subdivision
408 direct lights
0...1...2...3...4...5...6...7...8...9...100...1...2...3...4...5...6...7...8...9...10transfers 5892, max 80
transfer lists:   0.0 megs
0...1...2...3...4...5...6...7...8...9...10	Bounce #1 added RGB(171, 159, 106)
0...1...2...3...4...5...6...7...8...9...10	Bounce #2 added RGB(422, 417, 293)
0...1...2...3...4...5...6...7...8...9...10	Bounce #3 added RGB(262, 265, 186)
0...1...2...3...4...5...6...7...8...9...10	Bounce #4 added RGB(213, 217, 152)
0...1...2...3...4...5...6...7...8...9...10	Bounce #5 added RGB(164, 168, 117)
0...1...2...3...4...5...6...7...8...9...10	Bounce #6 added RGB(129, 133, 92)
0...1...2...3...4...5...6...7...8...9...10	Bounce #7 added RGB(101, 105, 72)
0...1...2...3...4...5...6...7...8...9...10	Bounce #8 added RGB(79, 83, 56)
0...1...2...3...4...5...6...7...8...9...10	Bounce #9 added RGB(62, 65, 44)
0...1...2...3...4...5...6...7...8...9...10	Bounce #10 added RGB(48, 51, 34)
0...1...2...3...4...5...6...7...8...9...10	Bounce #11 added RGB(38, 40, 27)
0...1...2...3...4...5...6...7...8...9...10	Bounce #12 added RGB(30, 32, 21)
0...1...2...3...4...5...6...7...8...9...10	Bounce #13 added RGB(23, 25, 16)
0...1...2...3...4...5...6...7...8...9...10	Bounce #14 added RGB(18, 20, 13)
0...1...2...3...4...5...6...7...8...9...10	Bounce #15 added RGB(14, 16, 10)
0...1...2...3...4...5...6...7...8...9...10	Bounce #16 added RGB(11, 12, 8)
0...1...2...3...4...5...6...7...8...9...10	Bounce #17 added RGB(9, 10, 6)
0...1...2...3...4...5...6...7...8...9...10	Bounce #18 added RGB(7, 8, 5)
0...1...2...3...4...5...6...7...8...9...10	Bounce #19 added RGB(5, 6, 4)
0...1...2...3...4...5...6...7...8...9...10	Bounce #20 added RGB(4, 5, 3)
0...1...2...3...4...5...6...7...8...9...10	Bounce #21 added RGB(3, 4, 2)
0...1...2...3...4...5...6...7...8...9...10	Bounce #22 added RGB(3, 3, 2)
0...1...2...3...4...5...6...7...8...9...10	Bounce #23 added RGB(2, 2, 1)
0...1...2...3...4...5...6...7...8...9...10	Bounce #24 added RGB(2, 2, 1)
0...1...2...3...4...5...6...7...8...9...10	Bounce #25 added RGB(1, 1, 1)
0...1...2...3...4...5...6...7...8...9...10	Bounce #26 added RGB(1, 1, 1)
0...1...2...3...4...5...6...7...8...9...10	Bounce #27 added RGB(1, 1, 1)
Build Patch/Sample Hash Table(s).....Done<0.0001 sec>
0...1...2...3...4...5...6...7...8...9...10FinalLightFace Done
2 of 403 (0% of) surface lights went in leaf ambient cubes.
0...1...2...3...4...5...6...7...8...9...10Writing leaf ambient...done
Computing static prop lighting : 00...1...2...3...4...5...6...7...8...9...10
Ready to Finish

Object names       Objects/Maxobjs  Memory / Maxmem  Fullness 
------------       ---------------  ---------------  -------- 
models                   4/4096          192/196608   ( 0.1%) 
brushes                 31/32768         372/393216   ( 0.1%) 
brushsides             186/65536        1488/524288   ( 0.3%) 
planes                 168/65536        3360/1310720  ( 0.3%) 
vertexes               270/65536        3240/786432   ( 0.4%) 
nodes                  156/65536        4992/2097152  ( 0.2%) 
texinfos                48/12288        3456/884736   ( 0.4%) 
texdata                  7/2048          224/65536    ( 0.3%) 
dispinfos                0/0               0/0        ( 0.0%) 
disp_verts               0/0               0/0        ( 0.0%) 
disp_tris                0/0               0/0        ( 0.0%) 
disp_lmsamples           0/0               0/0        ( 0.0%) 
faces                  157/65536        8792/3670016  ( 0.2%) 
hdr faces              157/65536        8792/3670016  ( 0.2%) 
origfaces              100/65536        5600/3670016  ( 0.2%) 
leaves                 161/65536        5152/2097152  ( 0.2%) 
leaffaces              164/65536         328/131072   ( 0.3%) 
leafbrushes             95/65536         190/131072   ( 0.1%) 
areas                    2/1024           16/8192     ( 0.2%) 
surfedges             1101/512000       4404/2048000  ( 0.2%) 
edges                  611/256000       2444/1024000  ( 0.2%) 
LDR worldlights        408/16384       35904/1441792  ( 2.5%) 
HDR worldlights        408/16384       35904/1441792  ( 2.5%) 
leafwaterdata            0/32768           0/393216   ( 0.0%) 
waterstrips             10/131072        100/1310720  ( 0.0%) 
waterverts               0/131072          0/1572864  ( 0.0%) 
waterindices           138/131072        276/262144   ( 0.1%) 
cubemapsamples           0/1024            0/16384    ( 0.0%) 
overlays                 0/1024            0/360448   ( 0.0%) 
LDR lightdata         [variable]       17476/0        ( 0.0%) 
HDR lightdata         [variable]       17476/0        ( 0.0%) 
visdata               [variable]        1384/16777216 ( 0.0%) 
entdata               [variable]        3804/393216   ( 1.0%) 
LDR ambient table      161/65536         644/262144   ( 0.2%) 
HDR ambient table      161/65536         644/262144   ( 0.2%) 
LDR leaf ambient       794/65536       22232/1835008  ( 1.2%) 
HDR leaf ambient       794/65536       22232/1835008  ( 1.2%) 
occluders                0/0               0/0        ( 0.0%) 
occluder polygons        0/0               0/0        ( 0.0%) 
occluder vert ind        0/0               0/0        ( 0.0%) 
detail props          [variable]           1/12       ( 8.3%) 
static props          [variable]           1/3874     ( 0.0%) 
pakfile               [variable]      864986/0        ( 0.0%) 
physics               [variable]       12208/4194304  ( 0.3%) 
physics terrain       [variable]           2/1048576  ( 0.0%) 

Level flags = 3

Total triangle count: 387
Writing c:\program files (x86)\steam\steamapps\sourcemods\who\maps\map_2.bsp
6 seconds elapsed



materialPath: C:\Program Files (x86)\Steam\steamapps\sourcemods\who\materials
Loading c:\program files (x86)\steam\steamapps\sourcemods\who\maps\map_2.vmf
ConVarRef mat_reduceparticles doesn't point to an existing ConVar
fixing up env_cubemap materials on brush sides...
0...1...2...3...4...5...6...7...8...9...100...1...2...3...4...5...6...7...8...9...10Processing areas...done (0)
Building Faces...done (0)
FixTjuncs...
PruneNodes...
WriteBSP...
done (0)
writing c:\program files (x86)\steam\steamapps\sourcemods\who\maps\map_2.prt...Building visibility clusters...
done (0)
Finding displacement neighbors...
Finding lightmap sample positions...
Displacement Alpha : 0...1...2...3...4...5...6...7...8...9...10
Building Physics collision data...
done (0) (12763 bytes)
Placing static props...
Bad geometry on "models/chessandpieces/pawn_white.mdl"!
Placing detail props : 0...1...2...3...4...5...6...7...8...9...10
Compacting texture/material tables...
Reduced 79 texinfos to 51
Reduced 7 texdatas to 7 (144 bytes to 144)
Writing c:\program files (x86)\steam\steamapps\sourcemods\who\maps\map_2.bsp
0 seconds elapsed



8 threads
reading c:\program files (x86)\steam\steamapps\sourcemods\who\maps\map_2.bsp
reading c:\program files (x86)\steam\steamapps\sourcemods\who\maps\map_2.prt
  57 portalclusters
 128 numportals
0...1...2...3...4...5...6...7...8...9...100...1...2...3...4...5...6...7...8...9...10Optimized: 2 visible clusters (0.00%)
Total clusters visible: 1795
Average clusters visible: 31
Building PAS...
Average clusters audible: 50
visdatasize:1384  compressed from 912
writing c:\program files (x86)\steam\steamapps\sourcemods\who\maps\map_2.bsp
0 seconds elapsed



[Reading texlights from 'lights.rad']
[48 texlights parsed from 'lights.rad']

Loading c:\program files (x86)\steam\steamapps\sourcemods\who\maps\map_2.bsp
163 faces
21145 square feet [3044986.00 square inches]
0 Displacements
0 Square Feet [0.00 Square Inches]
163 patches before subdivision
1303 patches after subdivision
408 direct lights
0...1...2...3...4...5...6...7...8...9...100...1...2...3...4...5...6...7...8...9...10transfers 5837, max 80
transfer lists:   0.0 megs
0...1...2...3...4...5...6...7...8...9...10	Bounce #1 added RGB(178, 166, 111)
0...1...2...3...4...5...6...7...8...9...10	Bounce #2 added RGB(431, 426, 299)
0...1...2...3...4...5...6...7...8...9...10	Bounce #3 added RGB(265, 268, 188)
0...1...2...3...4...5...6...7...8...9...10	Bounce #4 added RGB(215, 219, 153)
0...1...2...3...4...5...6...7...8...9...10	Bounce #5 added RGB(165, 170, 118)
0...1...2...3...4...5...6...7...8...9...10	Bounce #6 added RGB(129, 134, 92)
0...1...2...3...4...5...6...7...8...9...10	Bounce #7 added RGB(101, 105, 72)
0...1...2...3...4...5...6...7...8...9...10	Bounce #8 added RGB(79, 83, 56)
0...1...2...3...4...5...6...7...8...9...10	Bounce #9 added RGB(62, 65, 44)
0...1...2...3...4...5...6...7...8...9...10	Bounce #10 added RGB(49, 52, 35)
0...1...2...3...4...5...6...7...8...9...10	Bounce #11 added RGB(38, 41, 27)
0...1...2...3...4...5...6...7...8...9...10	Bounce #12 added RGB(30, 32, 21)
0...1...2...3...4...5...6...7...8...9...10	Bounce #13 added RGB(23, 25, 17)
0...1...2...3...4...5...6...7...8...9...10	Bounce #14 added RGB(18, 20, 13)
0...1...2...3...4...5...6...7...8...9...10	Bounce #15 added RGB(14, 16, 10)
0...1...2...3...4...5...6...7...8...9...10	Bounce #16 added RGB(11, 12, 8)
0...1...2...3...4...5...6...7...8...9...10	Bounce #17 added RGB(9, 10, 6)
0...1...2...3...4...5...6...7...8...9...10	Bounce #18 added RGB(7, 8, 5)
0...1...2...3...4...5...6...7...8...9...10	Bounce #19 added RGB(5, 6, 4)
0...1...2...3...4...5...6...7...8...9...10	Bounce #20 added RGB(4, 5, 3)
0...1...2...3...4...5...6...7...8...9...10	Bounce #21 added RGB(3, 4, 2)
0...1...2...3...4...5...6...7...8...9...10	Bounce #22 added RGB(3, 3, 2)
0...1...2...3...4...5...6...7...8...9...10	Bounce #23 added RGB(2, 2, 1)
0...1...2...3...4...5...6...7...8...9...10	Bounce #24 added RGB(2, 2, 1)
0...1...2...3...4...5...6...7...8...9...10	Bounce #25 added RGB(1, 1, 1)
0...1...2...3...4...5...6...7...8...9...10	Bounce #26 added RGB(1, 1, 1)
0...1...2...3...4...5...6...7...8...9...10	Bounce #27 added RGB(1, 1, 1)
Build Patch/Sample Hash Table(s).....Done<0.0052 sec>
0...1...2...3...4...5...6...7...8...9...10FinalLightFace Done
2 of 403 (0% of) surface lights went in leaf ambient cubes.
0...1...2...3...4...5...6...7...8...9...10Writing leaf ambient...done
Computing static prop lighting : 00...1...2...3...4...5...6...7...8...9...10
Ready to Finish

Object names       Objects/Maxobjs  Memory / Maxmem  Fullness 
------------       ---------------  ---------------  -------- 
models                   5/4096          240/196608   ( 0.1%) 
brushes                 32/32768         384/393216   ( 0.1%) 
brushsides             192/65536        1536/524288   ( 0.3%) 
planes                 186/65536        3720/1310720  ( 0.3%) 
vertexes               278/65536        3336/786432   ( 0.4%) 
nodes                  162/65536        5184/2097152  ( 0.2%) 
texinfos                51/12288        3672/884736   ( 0.4%) 
texdata                  7/2048          224/65536    ( 0.3%) 
dispinfos                0/0               0/0        ( 0.0%) 
disp_verts               0/0               0/0        ( 0.0%) 
disp_tris                0/0               0/0        ( 0.0%) 
disp_lmsamples           0/0               0/0        ( 0.0%) 
faces                  163/65536        9128/3670016  ( 0.2%) 
hdr faces                0/65536           0/3670016  ( 0.0%) 
origfaces              106/65536        5936/3670016  ( 0.2%) 
leaves                 168/65536        5376/2097152  ( 0.3%) 
leaffaces              170/65536         340/131072   ( 0.3%) 
leafbrushes             96/65536         192/131072   ( 0.1%) 
areas                    2/1024           16/8192     ( 0.2%) 
surfedges             1149/512000       4596/2048000  ( 0.2%) 
edges                  635/256000       2540/1024000  ( 0.2%) 
LDR worldlights        408/16384       35904/1441792  ( 2.5%) 
HDR worldlights          0/16384           0/1441792  ( 0.0%) 
leafwaterdata            0/32768           0/393216   ( 0.0%) 
waterstrips             10/131072        100/1310720  ( 0.0%) 
waterverts               0/131072          0/1572864  ( 0.0%) 
waterindices           138/131072        276/262144   ( 0.1%) 
cubemapsamples           0/1024            0/16384    ( 0.0%) 
overlays                 0/1024            0/360448   ( 0.0%) 
LDR lightdata         [variable]       17476/0        ( 0.0%) 
HDR lightdata         [variable]           0/0        ( 0.0%) 
visdata               [variable]        1384/16777216 ( 0.0%) 
entdata               [variable]        4602/393216   ( 1.2%) 
LDR ambient table      168/65536         672/262144   ( 0.3%) 
HDR ambient table      168/65536         672/262144   ( 0.3%) 
LDR leaf ambient       843/65536       23604/1835008  ( 1.3%) 
HDR leaf ambient       168/65536        4704/1835008  ( 0.3%) 
occluders                0/0               0/0        ( 0.0%) 
occluder polygons        0/0               0/0        ( 0.0%) 
occluder vert ind        0/0               0/0        ( 0.0%) 
detail props          [variable]           1/12       ( 8.3%) 
static props          [variable]           1/3874     ( 0.0%) 
pakfile               [variable]      432380/0        ( 0.0%) 
physics               [variable]       12763/4194304  ( 0.3%) 
physics terrain       [variable]           2/1048576  ( 0.0%) 

Level flags = 1

Total triangle count: 399
Writing c:\program files (x86)\steam\steamapps\sourcemods\who\maps\map_2.bsp
6 seconds elapsed



[Reading texlights from 'lights.rad']
[48 texlights parsed from 'lights.rad']

Loading c:\program files (x86)\steam\steamapps\sourcemods\who\maps\map_2.bsp
163 faces
21145 square feet [3044986.00 square inches]
0 Displacements
0 Square Feet [0.00 Square Inches]
163 patches before subdivision
1303 patches after subdivision
408 direct lights
0...1...2...3...4...5...6...7...8...9...100...1...2...3...4...5...6...7...8...9...10transfers 5837, max 80
transfer lists:   0.0 megs
0...1...2...3...4...5...6...7...8...9...10	Bounce #1 added RGB(178, 166, 111)
0...1...2...3...4...5...6...7...8...9...10	Bounce #2 added RGB(431, 426, 299)
0...1...2...3...4...5...6...7...8...9...10	Bounce #3 added RGB(265, 268, 188)
0...1...2...3...4...5...6...7...8...9...10	Bounce #4 added RGB(215, 219, 153)
0...1...2...3...4...5...6...7...8...9...10	Bounce #5 added RGB(165, 170, 118)
0...1...2...3...4...5...6...7...8...9...10	Bounce #6 added RGB(129, 134, 92)
0...1...2...3...4...5...6...7...8...9...10	Bounce #7 added RGB(101, 105, 72)
0...1...2...3...4...5...6...7...8...9...10	Bounce #8 added RGB(79, 83, 56)
0...1...2...3...4...5...6...7...8...9...10	Bounce #9 added RGB(62, 65, 44)
0...1...2...3...4...5...6...7...8...9...10	Bounce #10 added RGB(49, 52, 35)
0...1...2...3...4...5...6...7...8...9...10	Bounce #11 added RGB(38, 41, 27)
0...1...2...3...4...5...6...7...8...9...10	Bounce #12 added RGB(30, 32, 21)
0...1...2...3...4...5...6...7...8...9...10	Bounce #13 added RGB(23, 25, 17)
0...1...2...3...4...5...6...7...8...9...10	Bounce #14 added RGB(18, 20, 13)
0...1...2...3...4...5...6...7...8...9...10	Bounce #15 added RGB(14, 16, 10)
0...1...2...3...4...5...6...7...8...9...10	Bounce #16 added RGB(11, 12, 8)
0...1...2...3...4...5...6...7...8...9...10	Bounce #17 added RGB(9, 10, 6)
0...1...2...3...4...5...6...7...8...9...10	Bounce #18 added RGB(7, 8, 5)
0...1...2...3...4...5...6...7...8...9...10	Bounce #19 added RGB(5, 6, 4)
0...1...2...3...4...5...6...7...8...9...10	Bounce #20 added RGB(4, 5, 3)
0...1...2...3...4...5...6...7...8...9...10	Bounce #21 added RGB(3, 4, 2)
0...1...2...3...4...5...6...7...8...9...10	Bounce #22 added RGB(3, 3, 2)
0...1...2...3...4...5...6...7...8...9...10	Bounce #23 added RGB(2, 2, 1)
0...1...2...3...4...5...6...7...8...9...10	Bounce #24 added RGB(2, 2, 1)
0...1...2...3...4...5...6...7...8...9...10	Bounce #25 added RGB(1, 1, 1)
0...1...2...3...4...5...6...7...8...9...10	Bounce #26 added RGB(1, 1, 1)
0...1...2...3...4...5...6...7...8...9...10	Bounce #27 added RGB(1, 1, 1)
Build Patch/Sample Hash Table(s).....Done<0.0001 sec>
0...1...2...3...4...5...6...7...8...9...10FinalLightFace Done
2 of 403 (0% of) surface lights went in leaf ambient cubes.
0...1...2...3...4...5...6...7...8...9...10Writing leaf ambient...done
Computing static prop lighting : 00...1...2...3...4...5...6...7...8...9...10
Ready to Finish

Object names       Objects/Maxobjs  Memory / Maxmem  Fullness 
------------       ---------------  ---------------  -------- 
models                   5/4096          240/196608   ( 0.1%) 
brushes                 32/32768         384/393216   ( 0.1%) 
brushsides             192/65536        1536/524288   ( 0.3%) 
planes                 186/65536        3720/1310720  ( 0.3%) 
vertexes               278/65536        3336/786432   ( 0.4%) 
nodes                  162/65536        5184/2097152  ( 0.2%) 
texinfos                51/12288        3672/884736   ( 0.4%) 
texdata                  7/2048          224/65536    ( 0.3%) 
dispinfos                0/0               0/0        ( 0.0%) 
disp_verts               0/0               0/0        ( 0.0%) 
disp_tris                0/0               0/0        ( 0.0%) 
disp_lmsamples           0/0               0/0        ( 0.0%) 
faces                  163/65536        9128/3670016  ( 0.2%) 
hdr faces              163/65536        9128/3670016  ( 0.2%) 
origfaces              106/65536        5936/3670016  ( 0.2%) 
leaves                 168/65536        5376/2097152  ( 0.3%) 
leaffaces              170/65536         340/131072   ( 0.3%) 
leafbrushes             96/65536         192/131072   ( 0.1%) 
areas                    2/1024           16/8192     ( 0.2%) 
surfedges             1149/512000       4596/2048000  ( 0.2%) 
edges                  635/256000       2540/1024000  ( 0.2%) 
LDR worldlights        408/16384       35904/1441792  ( 2.5%) 
HDR worldlights        408/16384       35904/1441792  ( 2.5%) 
leafwaterdata            0/32768           0/393216   ( 0.0%) 
waterstrips             10/131072        100/1310720  ( 0.0%) 
waterverts               0/131072          0/1572864  ( 0.0%) 
waterindices           138/131072        276/262144   ( 0.1%) 
cubemapsamples           0/1024            0/16384    ( 0.0%) 
overlays                 0/1024            0/360448   ( 0.0%) 
LDR lightdata         [variable]       17476/0        ( 0.0%) 
HDR lightdata         [variable]       17476/0        ( 0.0%) 
visdata               [variable]        1384/16777216 ( 0.0%) 
entdata               [variable]        4602/393216   ( 1.2%) 
LDR ambient table      168/65536         672/262144   ( 0.3%) 
HDR ambient table      168/65536         672/262144   ( 0.3%) 
LDR leaf ambient       843/65536       23604/1835008  ( 1.3%) 
HDR leaf ambient       843/65536       23604/1835008  ( 1.3%) 
occluders                0/0               0/0        ( 0.0%) 
occluder polygons        0/0               0/0        ( 0.0%) 
occluder vert ind        0/0               0/0        ( 0.0%) 
detail props          [variable]           1/12       ( 8.3%) 
static props          [variable]           1/3874     ( 0.0%) 
pakfile               [variable]      864986/0        ( 0.0%) 
physics               [variable]       12763/4194304  ( 0.3%) 
physics terrain       [variable]           2/1048576  ( 0.0%) 

Level flags = 3

Total triangle count: 399
Writing c:\program files (x86)\steam\steamapps\sourcemods\who\maps\map_2.bsp
6 seconds elapsed



materialPath: C:\Program Files (x86)\Steam\steamapps\sourcemods\who\materials
Loading c:\program files (x86)\steam\steamapps\sourcemods\who\maps\map_2.vmf
ConVarRef mat_reduceparticles doesn't point to an existing ConVar
fixing up env_cubemap materials on brush sides...
0...1...2...3...4...5...6...7...8...9...100...1...2...3...4...5...6...7...8...9...10Processing areas...done (0)
Building Faces...done (0)
FixTjuncs...
PruneNodes...
WriteBSP...
done (0)
writing c:\program files (x86)\steam\steamapps\sourcemods\who\maps\map_2.prt...Building visibility clusters...
done (0)
Finding displacement neighbors...
Finding lightmap sample positions...
Displacement Alpha : 0...1...2...3...4...5...6...7...8...9...10
Building Physics collision data...
done (0) (12763 bytes)
Placing static props...
Bad geometry on "models/chessandpieces/pawn_white.mdl"!
Placing detail props : 0...1...2...3...4...5...6...7...8...9...10
Compacting texture/material tables...
Reduced 79 texinfos to 51
Reduced 7 texdatas to 7 (144 bytes to 144)
Writing c:\program files (x86)\steam\steamapps\sourcemods\who\maps\map_2.bsp
0 seconds elapsed



8 threads
reading c:\program files (x86)\steam\steamapps\sourcemods\who\maps\map_2.bsp
reading c:\program files (x86)\steam\steamapps\sourcemods\who\maps\map_2.prt
  57 portalclusters
 128 numportals
0...1...2...3...4...5...6...7...8...9...100...1...2...3...4...5...6...7...8...9...10Optimized: 2 visible clusters (0.00%)
Total clusters visible: 1795
Average clusters visible: 31
Building PAS...
Average clusters audible: 50
visdatasize:1384  compressed from 912
writing c:\program files (x86)\steam\steamapps\sourcemods\who\maps\map_2.bsp
0 seconds elapsed



[Reading texlights from 'lights.rad']
[48 texlights parsed from 'lights.rad']

Loading c:\program files (x86)\steam\steamapps\sourcemods\who\maps\map_2.bsp
163 faces
21145 square feet [3044986.00 square inches]
0 Displacements
0 Square Feet [0.00 Square Inches]
163 patches before subdivision
1303 patches after subdivision
408 direct lights
0...1...2...3...4...5...6...7...8...9...100...1...2...3...4...5...6...7...8...9...10transfers 5837, max 80
transfer lists:   0.0 megs
0...1...2...3...4...5...6...7...8...9...10	Bounce #1 added RGB(178, 166, 111)
0...1...2...3...4...5...6...7...8...9...10	Bounce #2 added RGB(431, 426, 299)
0...1...2...3...4...5...6...7...8...9...10	Bounce #3 added RGB(265, 268, 188)
0...1...2...3...4...5...6...7...8...9...10	Bounce #4 added RGB(215, 219, 153)
0...1...2...3...4...5...6...7...8...9...10	Bounce #5 added RGB(165, 170, 118)
0...1...2...3...4...5...6...7...8...9...10	Bounce #6 added RGB(129, 134, 92)
0...1...2...3...4...5...6...7...8...9...10	Bounce #7 added RGB(101, 105, 72)
0...1...2...3...4...5...6...7...8...9...10	Bounce #8 added RGB(79, 83, 56)
0...1...2...3...4...5...6...7...8...9...10	Bounce #9 added RGB(62, 65, 44)
0...1...2...3...4...5...6...7...8...9...10	Bounce #10 added RGB(49, 52, 35)
0...1...2...3...4...5...6...7...8...9...10	Bounce #11 added RGB(38, 41, 27)
0...1...2...3...4...5...6...7...8...9...10	Bounce #12 added RGB(30, 32, 21)
0...1...2...3...4...5...6...7...8...9...10	Bounce #13 added RGB(23, 25, 17)
0...1...2...3...4...5...6...7...8...9...10	Bounce #14 added RGB(18, 20, 13)
0...1...2...3...4...5...6...7...8...9...10	Bounce #15 added RGB(14, 16, 10)
0...1...2...3...4...5...6...7...8...9...10	Bounce #16 added RGB(11, 12, 8)
0...1...2...3...4...5...6...7...8...9...10	Bounce #17 added RGB(9, 10, 6)
0...1...2...3...4...5...6...7...8...9...10	Bounce #18 added RGB(7, 8, 5)
0...1...2...3...4...5...6...7...8...9...10	Bounce #19 added RGB(5, 6, 4)
0...1...2...3...4...5...6...7...8...9...10	Bounce #20 added RGB(4, 5, 3)
0...1...2...3...4...5...6...7...8...9...10	Bounce #21 added RGB(3, 4, 2)
0...1...2...3...4...5...6...7...8...9...10	Bounce #22 added RGB(3, 3, 2)
0...1...2...3...4...5...6...7...8...9...10	Bounce #23 added RGB(2, 2, 1)
0...1...2...3...4...5...6...7...8...9...10	Bounce #24 added RGB(2, 2, 1)
0...1...2...3...4...5...6...7...8...9...10	Bounce #25 added RGB(1, 1, 1)
0...1...2...3...4...5...6...7...8...9...10	Bounce #26 added RGB(1, 1, 1)
0...1...2...3...4...5...6...7...8...9...10	Bounce #27 added RGB(1, 1, 1)
Build Patch/Sample Hash Table(s).....Done<0.0054 sec>
0...1...2...3...4...5...6...7...8...9...10FinalLightFace Done
2 of 403 (0% of) surface lights went in leaf ambient cubes.
0...1...2...3...4...5...6...7...8...9...10Writing leaf ambient...done
Computing static prop lighting : 00...1...2...3...4...5...6...7...8...9...10
Ready to Finish

Object names       Objects/Maxobjs  Memory / Maxmem  Fullness 
------------       ---------------  ---------------  -------- 
models                   5/4096          240/196608   ( 0.1%) 
brushes                 32/32768         384/393216   ( 0.1%) 
brushsides             192/65536        1536/524288   ( 0.3%) 
planes                 186/65536        3720/1310720  ( 0.3%) 
vertexes               278/65536        3336/786432   ( 0.4%) 
nodes                  162/65536        5184/2097152  ( 0.2%) 
texinfos                51/12288        3672/884736   ( 0.4%) 
texdata                  7/2048          224/65536    ( 0.3%) 
dispinfos                0/0               0/0        ( 0.0%) 
disp_verts               0/0               0/0        ( 0.0%) 
disp_tris                0/0               0/0        ( 0.0%) 
disp_lmsamples           0/0               0/0        ( 0.0%) 
faces                  163/65536        9128/3670016  ( 0.2%) 
hdr faces                0/65536           0/3670016  ( 0.0%) 
origfaces              106/65536        5936/3670016  ( 0.2%) 
leaves                 168/65536        5376/2097152  ( 0.3%) 
leaffaces              170/65536         340/131072   ( 0.3%) 
leafbrushes             96/65536         192/131072   ( 0.1%) 
areas                    2/1024           16/8192     ( 0.2%) 
surfedges             1149/512000       4596/2048000  ( 0.2%) 
edges                  635/256000       2540/1024000  ( 0.2%) 
LDR worldlights        408/16384       35904/1441792  ( 2.5%) 
HDR worldlights          0/16384           0/1441792  ( 0.0%) 
leafwaterdata            0/32768           0/393216   ( 0.0%) 
waterstrips             10/131072        100/1310720  ( 0.0%) 
waterverts               0/131072          0/1572864  ( 0.0%) 
waterindices           138/131072        276/262144   ( 0.1%) 
cubemapsamples           0/1024            0/16384    ( 0.0%) 
overlays                 0/1024            0/360448   ( 0.0%) 
LDR lightdata         [variable]       17476/0        ( 0.0%) 
HDR lightdata         [variable]           0/0        ( 0.0%) 
visdata               [variable]        1384/16777216 ( 0.0%) 
entdata               [variable]        4614/393216   ( 1.2%) 
LDR ambient table      168/65536         672/262144   ( 0.3%) 
HDR ambient table      168/65536         672/262144   ( 0.3%) 
LDR leaf ambient       843/65536       23604/1835008  ( 1.3%) 
HDR leaf ambient       168/65536        4704/1835008  ( 0.3%) 
occluders                0/0               0/0        ( 0.0%) 
occluder polygons        0/0               0/0        ( 0.0%) 
occluder vert ind        0/0               0/0        ( 0.0%) 
detail props          [variable]           1/12       ( 8.3%) 
static props          [variable]           1/3874     ( 0.0%) 
pakfile               [variable]      432380/0        ( 0.0%) 
physics               [variable]       12763/4194304  ( 0.3%) 
physics terrain       [variable]           2/1048576  ( 0.0%) 

Level flags = 1

Total triangle count: 399
Writing c:\program files (x86)\steam\steamapps\sourcemods\who\maps\map_2.bsp
6 seconds elapsed



[Reading texlights from 'lights.rad']
[48 texlights parsed from 'lights.rad']

Loading c:\program files (x86)\steam\steamapps\sourcemods\who\maps\map_2.bsp
163 faces
21145 square feet [3044986.00 square inches]
0 Displacements
0 Square Feet [0.00 Square Inches]
163 patches before subdivision
1303 patches after subdivision
408 direct lights
0...1...2...3...4...5...6...7...8...9...100...1...2...3...4...5...6...7...8...9...10transfers 5837, max 80
transfer lists:   0.0 megs
0...1...2...3...4...5...6...7...8...9...10	Bounce #1 added RGB(178, 166, 111)
0...1...2...3...4...5...6...7...8...9...10	Bounce #2 added RGB(431, 426, 299)
0...1...2...3...4...5...6...7...8...9...10	Bounce #3 added RGB(265, 268, 188)
0...1...2...3...4...5...6...7...8...9...10	Bounce #4 added RGB(215, 219, 153)
0...1...2...3...4...5...6...7...8...9...10	Bounce #5 added RGB(165, 170, 118)
0...1...2...3...4...5...6...7...8...9...10	Bounce #6 added RGB(129, 134, 92)
0...1...2...3...4...5...6...7...8...9...10	Bounce #7 added RGB(101, 105, 72)
0...1...2...3...4...5...6...7...8...9...10	Bounce #8 added RGB(79, 83, 56)
0...1...2...3...4...5...6...7...8...9...10	Bounce #9 added RGB(62, 65, 44)
0...1...2...3...4...5...6...7...8...9...10	Bounce #10 added RGB(49, 52, 35)
0...1...2...3...4...5...6...7...8...9...10	Bounce #11 added RGB(38, 41, 27)
0...1...2...3...4...5...6...7...8...9...10	Bounce #12 added RGB(30, 32, 21)
0...1...2...3...4...5...6...7...8...9...10	Bounce #13 added RGB(23, 25, 17)
0...1...2...3...4...5...6...7...8...9...10	Bounce #14 added RGB(18, 20, 13)
0...1...2...3...4...5...6...7...8...9...10	Bounce #15 added RGB(14, 16, 10)
0...1...2...3...4...5...6...7...8...9...10	Bounce #16 added RGB(11, 12, 8)
0...1...2...3...4...5...6...7...8...9...10	Bounce #17 added RGB(9, 10, 6)
0...1...2...3...4...5...6...7...8...9...10	Bounce #18 added RGB(7, 8, 5)
0...1...2...3...4...5...6...7...8...9...10	Bounce #19 added RGB(5, 6, 4)
0...1...2...3...4...5...6...7...8...9...10	Bounce #20 added RGB(4, 5, 3)
0...1...2...3...4...5...6...7...8...9...10	Bounce #21 added RGB(3, 4, 2)
0...1...2...3...4...5...6...7...8...9...10	Bounce #22 added RGB(3, 3, 2)
0...1...2...3...4...5...6...7...8...9...10	Bounce #23 added RGB(2, 2, 1)
0...1...2...3...4...5...6...7...8...9...10	Bounce #24 added RGB(2, 2, 1)
0...1...2...3...4...5...6...7...8...9...10	Bounce #25 added RGB(1, 1, 1)
0...1...2...3...4...5...6...7...8...9...10	Bounce #26 added RGB(1, 1, 1)
0...1...2...3...4...5...6...7...8...9...10	Bounce #27 added RGB(1, 1, 1)
Build Patch/Sample Hash Table(s).....Done<0.0001 sec>
0...1...2...3...4...5...6...7...8...9...10FinalLightFace Done
2 of 403 (0% of) surface lights went in leaf ambient cubes.
0...1...2...3...4...5...6...7...8...9...10Writing leaf ambient...done
Computing static prop lighting : 00...1...2...3...4...5...6...7...8...9...10
Ready to Finish

Object names       Objects/Maxobjs  Memory / Maxmem  Fullness 
------------       ---------------  ---------------  -------- 
models                   5/4096          240/196608   ( 0.1%) 
brushes                 32/32768         384/393216   ( 0.1%) 
brushsides             192/65536        1536/524288   ( 0.3%) 
planes                 186/65536        3720/1310720  ( 0.3%) 
vertexes               278/65536        3336/786432   ( 0.4%) 
nodes                  162/65536        5184/2097152  ( 0.2%) 
texinfos                51/12288        3672/884736   ( 0.4%) 
texdata                  7/2048          224/65536    ( 0.3%) 
dispinfos                0/0               0/0        ( 0.0%) 
disp_verts               0/0               0/0        ( 0.0%) 
disp_tris                0/0               0/0        ( 0.0%) 
disp_lmsamples           0/0               0/0        ( 0.0%) 
faces                  163/65536        9128/3670016  ( 0.2%) 
hdr faces              163/65536        9128/3670016  ( 0.2%) 
origfaces              106/65536        5936/3670016  ( 0.2%) 
leaves                 168/65536        5376/2097152  ( 0.3%) 
leaffaces              170/65536         340/131072   ( 0.3%) 
leafbrushes             96/65536         192/131072   ( 0.1%) 
areas                    2/1024           16/8192     ( 0.2%) 
surfedges             1149/512000       4596/2048000  ( 0.2%) 
edges                  635/256000       2540/1024000  ( 0.2%) 
LDR worldlights        408/16384       35904/1441792  ( 2.5%) 
HDR worldlights        408/16384       35904/1441792  ( 2.5%) 
leafwaterdata            0/32768           0/393216   ( 0.0%) 
waterstrips             10/131072        100/1310720  ( 0.0%) 
waterverts               0/131072          0/1572864  ( 0.0%) 
waterindices           138/131072        276/262144   ( 0.1%) 
cubemapsamples           0/1024            0/16384    ( 0.0%) 
overlays                 0/1024            0/360448   ( 0.0%) 
LDR lightdata         [variable]       17476/0        ( 0.0%) 
HDR lightdata         [variable]       17476/0        ( 0.0%) 
visdata               [variable]        1384/16777216 ( 0.0%) 
entdata               [variable]        4614/393216   ( 1.2%) 
LDR ambient table      168/65536         672/262144   ( 0.3%) 
HDR ambient table      168/65536         672/262144   ( 0.3%) 
LDR leaf ambient       843/65536       23604/1835008  ( 1.3%) 
HDR leaf ambient       843/65536       23604/1835008  ( 1.3%) 
occluders                0/0               0/0        ( 0.0%) 
occluder polygons        0/0               0/0        ( 0.0%) 
occluder vert ind        0/0               0/0        ( 0.0%) 
detail props          [variable]           1/12       ( 8.3%) 
static props          [variable]           1/3874     ( 0.0%) 
pakfile               [variable]      864986/0        ( 0.0%) 
physics               [variable]       12763/4194304  ( 0.3%) 
physics terrain       [variable]           2/1048576  ( 0.0%) 

Level flags = 3

Total triangle count: 399
Writing c:\program files (x86)\steam\steamapps\sourcemods\who\maps\map_2.bsp
6 seconds elapsed



materialPath: C:\Program Files (x86)\Steam\steamapps\sourcemods\who\materials
Loading c:\program files (x86)\steam\steamapps\sourcemods\who\maps\map_2.vmf
ConVarRef mat_reduceparticles doesn't point to an existing ConVar
fixing up env_cubemap materials on brush sides...
0...1...2...3...4...5...6...7...8...9...100...1...2...3...4...5...6...7...8...9...10Processing areas...done (0)
Building Faces...done (0)
FixTjuncs...
PruneNodes...
WriteBSP...
done (0)
writing c:\program files (x86)\steam\steamapps\sourcemods\who\maps\map_2.prt...Building visibility clusters...
done (0)
Finding displacement neighbors...
Finding lightmap sample positions...
Displacement Alpha : 0...1...2...3...4...5...6...7...8...9...10
Building Physics collision data...
done (0) (12763 bytes)
Placing static props...
Bad geometry on "models/chessandpieces/pawn_white.mdl"!
Placing detail props : 0...1...2...3...4...5...6...7...8...9...10
Compacting texture/material tables...
Reduced 79 texinfos to 51
Reduced 7 texdatas to 7 (144 bytes to 144)
Writing c:\program files (x86)\steam\steamapps\sourcemods\who\maps\map_2.bsp
0 seconds elapsed



8 threads
reading c:\program files (x86)\steam\steamapps\sourcemods\who\maps\map_2.bsp
reading c:\program files (x86)\steam\steamapps\sourcemods\who\maps\map_2.prt
  57 portalclusters
 128 numportals
0...1...2...3...4...5...6...7...8...9...100...1...2...3...4...5...6...7...8...9...10Optimized: 2 visible clusters (0.00%)
Total clusters visible: 1795
Average clusters visible: 31
Building PAS...
Average clusters audible: 50
visdatasize:1384  compressed from 912
writing c:\program files (x86)\steam\steamapps\sourcemods\who\maps\map_2.bsp
0 seconds elapsed



[Reading texlights from 'lights.rad']
[48 texlights parsed from 'lights.rad']

Loading c:\program files (x86)\steam\steamapps\sourcemods\who\maps\map_2.bsp
163 faces
21145 square feet [3044986.00 square inches]
0 Displacements
0 Square Feet [0.00 Square Inches]
163 patches before subdivision
1303 patches after subdivision
408 direct lights
0...1...2...3...4...5...6...7...8...9...100...1...2...3...4...5...6...7...8...9...10transfers 5837, max 80
transfer lists:   0.0 megs
0...1...2...3...4...5...6...7...8...9...10	Bounce #1 added RGB(178, 166, 111)
0...1...2...3...4...5...6...7...8...9...10	Bounce #2 added RGB(431, 426, 299)
0...1...2...3...4...5...6...7...8...9...10	Bounce #3 added RGB(265, 268, 188)
0...1...2...3...4...5...6...7...8...9...10	Bounce #4 added RGB(215, 219, 153)
0...1...2...3...4...5...6...7...8...9...10	Bounce #5 added RGB(165, 170, 118)
0...1...2...3...4...5...6...7...8...9...10	Bounce #6 added RGB(129, 134, 92)
0...1...2...3...4...5...6...7...8...9...10	Bounce #7 added RGB(101, 105, 72)
0...1...2...3...4...5...6...7...8...9...10	Bounce #8 added RGB(79, 83, 56)
0...1...2...3...4...5...6...7...8...9...10	Bounce #9 added RGB(62, 65, 44)
0...1...2...3...4...5...6...7...8...9...10	Bounce #10 added RGB(49, 52, 35)
0...1...2...3...4...5...6...7...8...9...10	Bounce #11 added RGB(38, 41, 27)
0...1...2...3...4...5...6...7...8...9...10	Bounce #12 added RGB(30, 32, 21)
0...1...2...3...4...5...6...7...8...9...10	Bounce #13 added RGB(23, 25, 17)
0...1...2...3...4...5...6...7...8...9...10	Bounce #14 added RGB(18, 20, 13)
0...1...2...3...4...5...6...7...8...9...10	Bounce #15 added RGB(14, 16, 10)
0...1...2...3...4...5...6...7...8...9...10	Bounce #16 added RGB(11, 12, 8)
0...1...2...3...4...5...6...7...8...9...10	Bounce #17 added RGB(9, 10, 6)
0...1...2...3...4...5...6...7...8...9...10	Bounce #18 added RGB(7, 8, 5)
0...1...2...3...4...5...6...7...8...9...10	Bounce #19 added RGB(5, 6, 4)
0...1...2...3...4...5...6...7...8...9...10	Bounce #20 added RGB(4, 5, 3)
0...1...2...3...4...5...6...7...8...9...10	Bounce #21 added RGB(3, 4, 2)
0...1...2...3...4...5...6...7...8...9...10	Bounce #22 added RGB(3, 3, 2)
0...1...2...3...4...5...6...7...8...9...10	Bounce #23 added RGB(2, 2, 1)
0...1...2...3...4...5...6...7...8...9...10	Bounce #24 added RGB(2, 2, 1)
0...1...2...3...4...5...6...7...8...9...10	Bounce #25 added RGB(1, 1, 1)
0...1...2...3...4...5...6...7...8...9...10	Bounce #26 added RGB(1, 1, 1)
0...1...2...3...4...5...6...7...8...9...10	Bounce #27 added RGB(1, 1, 1)
Build Patch/Sample Hash Table(s).....Done<0.0040 sec>
0...1...2...3...4...5...6...7...8...9...10FinalLightFace Done
2 of 403 (0% of) surface lights went in leaf ambient cubes.
0...1...2...3...4...5...6...7...8...9...10Writing leaf ambient...done
Computing static prop lighting : 00...1...2...3...4...5...6...7...8...9...10
Ready to Finish

Object names       Objects/Maxobjs  Memory / Maxmem  Fullness 
------------       ---------------  ---------------  -------- 
models                   5/4096          240/196608   ( 0.1%) 
brushes                 32/32768         384/393216   ( 0.1%) 
brushsides             192/65536        1536/524288   ( 0.3%) 
planes                 186/65536        3720/1310720  ( 0.3%) 
vertexes               278/65536        3336/786432   ( 0.4%) 
nodes                  162/65536        5184/2097152  ( 0.2%) 
texinfos                51/12288        3672/884736   ( 0.4%) 
texdata                  7/2048          224/65536    ( 0.3%) 
dispinfos                0/0               0/0        ( 0.0%) 
disp_verts               0/0               0/0        ( 0.0%) 
disp_tris                0/0               0/0        ( 0.0%) 
disp_lmsamples           0/0               0/0        ( 0.0%) 
faces                  163/65536        9128/3670016  ( 0.2%) 
hdr faces                0/65536           0/3670016  ( 0.0%) 
origfaces              106/65536        5936/3670016  ( 0.2%) 
leaves                 168/65536        5376/2097152  ( 0.3%) 
leaffaces              170/65536         340/131072   ( 0.3%) 
leafbrushes             96/65536         192/131072   ( 0.1%) 
areas                    2/1024           16/8192     ( 0.2%) 
surfedges             1149/512000       4596/2048000  ( 0.2%) 
edges                  635/256000       2540/1024000  ( 0.2%) 
LDR worldlights        408/16384       35904/1441792  ( 2.5%) 
HDR worldlights          0/16384           0/1441792  ( 0.0%) 
leafwaterdata            0/32768           0/393216   ( 0.0%) 
waterstrips             10/131072        100/1310720  ( 0.0%) 
waterverts               0/131072          0/1572864  ( 0.0%) 
waterindices           138/131072        276/262144   ( 0.1%) 
cubemapsamples           0/1024            0/16384    ( 0.0%) 
overlays                 0/1024            0/360448   ( 0.0%) 
LDR lightdata         [variable]       17476/0        ( 0.0%) 
HDR lightdata         [variable]           0/0        ( 0.0%) 
visdata               [variable]        1384/16777216 ( 0.0%) 
entdata               [variable]        4608/393216   ( 1.2%) 
LDR ambient table      168/65536         672/262144   ( 0.3%) 
HDR ambient table      168/65536         672/262144   ( 0.3%) 
LDR leaf ambient       843/65536       23604/1835008  ( 1.3%) 
HDR leaf ambient       168/65536        4704/1835008  ( 0.3%) 
occluders                0/0               0/0        ( 0.0%) 
occluder polygons        0/0               0/0        ( 0.0%) 
occluder vert ind        0/0               0/0        ( 0.0%) 
detail props          [variable]           1/12       ( 8.3%) 
static props          [variable]           1/3874     ( 0.0%) 
pakfile               [variable]      432380/0        ( 0.0%) 
physics               [variable]       12763/4194304  ( 0.3%) 
physics terrain       [variable]           2/1048576  ( 0.0%) 

Level flags = 1

Total triangle count: 399
Writing c:\program files (x86)\steam\steamapps\sourcemods\who\maps\map_2.bsp
6 seconds elapsed



[Reading texlights from 'lights.rad']
[48 texlights parsed from 'lights.rad']

Loading c:\program files (x86)\steam\steamapps\sourcemods\who\maps\map_2.bsp
163 faces
21145 square feet [3044986.00 square inches]
0 Displacements
0 Square Feet [0.00 Square Inches]
163 patches before subdivision
1303 patches after subdivision
408 direct lights
0...1...2...3...4...5...6...7...8...9...100...1...2...3...4...5...6...7...8...9...10transfers 5837, max 80
transfer lists:   0.0 megs
0...1...2...3...4...5...6...7...8...9...10	Bounce #1 added RGB(178, 166, 111)
0...1...2...3...4...5...6...7...8...9...10	Bounce #2 added RGB(431, 426, 299)
0...1...2...3...4...5...6...7...8...9...10	Bounce #3 added RGB(265, 268, 188)
0...1...2...3...4...5...6...7...8...9...10	Bounce #4 added RGB(215, 219, 153)
0...1...2...3...4...5...6...7...8...9...10	Bounce #5 added RGB(165, 170, 118)
0...1...2...3...4...5...6...7...8...9...10	Bounce #6 added RGB(129, 134, 92)
0...1...2...3...4...5...6...7...8...9...10	Bounce #7 added RGB(101, 105, 72)
0...1...2...3...4...5...6...7...8...9...10	Bounce #8 added RGB(79, 83, 56)
0...1...2...3...4...5...6...7...8...9...10	Bounce #9 added RGB(62, 65, 44)
0...1...2...3...4...5...6...7...8...9...10	Bounce #10 added RGB(49, 52, 35)
0...1...2...3...4...5...6...7...8...9...10	Bounce #11 added RGB(38, 41, 27)
0...1...2...3...4...5...6...7...8...9...10	Bounce #12 added RGB(30, 32, 21)
0...1...2...3...4...5...6...7...8...9...10	Bounce #13 added RGB(23, 25, 17)
0...1...2...3...4...5...6...7...8...9...10	Bounce #14 added RGB(18, 20, 13)
0...1...2...3...4...5...6...7...8...9...10	Bounce #15 added RGB(14, 16, 10)
0...1...2...3...4...5...6...7...8...9...10	Bounce #16 added RGB(11, 12, 8)
0...1...2...3...4...5...6...7...8...9...10	Bounce #17 added RGB(9, 10, 6)
0...1...2...3...4...5...6...7...8...9...10	Bounce #18 added RGB(7, 8, 5)
0...1...2...3...4...5...6...7...8...9...10	Bounce #19 added RGB(5, 6, 4)
0...1...2...3...4...5...6...7...8...9...10	Bounce #20 added RGB(4, 5, 3)
0...1...2...3...4...5...6...7...8...9...10	Bounce #21 added RGB(3, 4, 2)
0...1...2...3...4...5...6...7...8...9...10	Bounce #22 added RGB(3, 3, 2)
0...1...2...3...4...5...6...7...8...9...10	Bounce #23 added RGB(2, 2, 1)
0...1...2...3...4...5...6...7...8...9...10	Bounce #24 added RGB(2, 2, 1)
0...1...2...3...4...5...6...7...8...9...10	Bounce #25 added RGB(1, 1, 1)
0...1...2...3...4...5...6...7...8...9...10	Bounce #26 added RGB(1, 1, 1)
0...1...2...3...4...5...6...7...8...9...10	Bounce #27 added RGB(1, 1, 1)
Build Patch/Sample Hash Table(s).....Done<0.0001 sec>
0...1...2...3...4...5...6...7...8...9...10FinalLightFace Done
2 of 403 (0% of) surface lights went in leaf ambient cubes.
0...1...2...3...4...5...6...7...8...9...10Writing leaf ambient...done
Computing static prop lighting : 00...1...2...3...4...5...6...7...8...9...10
Ready to Finish

Object names       Objects/Maxobjs  Memory / Maxmem  Fullness 
------------       ---------------  ---------------  -------- 
models                   5/4096          240/196608   ( 0.1%) 
brushes                 32/32768         384/393216   ( 0.1%) 
brushsides             192/65536        1536/524288   ( 0.3%) 
planes                 186/65536        3720/1310720  ( 0.3%) 
vertexes               278/65536        3336/786432   ( 0.4%) 
nodes                  162/65536        5184/2097152  ( 0.2%) 
texinfos                51/12288        3672/884736   ( 0.4%) 
texdata                  7/2048          224/65536    ( 0.3%) 
dispinfos                0/0               0/0        ( 0.0%) 
disp_verts               0/0               0/0        ( 0.0%) 
disp_tris                0/0               0/0        ( 0.0%) 
disp_lmsamples           0/0               0/0        ( 0.0%) 
faces                  163/65536        9128/3670016  ( 0.2%) 
hdr faces              163/65536        9128/3670016  ( 0.2%) 
origfaces              106/65536        5936/3670016  ( 0.2%) 
leaves                 168/65536        5376/2097152  ( 0.3%) 
leaffaces              170/65536         340/131072   ( 0.3%) 
leafbrushes             96/65536         192/131072   ( 0.1%) 
areas                    2/1024           16/8192     ( 0.2%) 
surfedges             1149/512000       4596/2048000  ( 0.2%) 
edges                  635/256000       2540/1024000  ( 0.2%) 
LDR worldlights        408/16384       35904/1441792  ( 2.5%) 
HDR worldlights        408/16384       35904/1441792  ( 2.5%) 
leafwaterdata            0/32768           0/393216   ( 0.0%) 
waterstrips             10/131072        100/1310720  ( 0.0%) 
waterverts               0/131072          0/1572864  ( 0.0%) 
waterindices           138/131072        276/262144   ( 0.1%) 
cubemapsamples           0/1024            0/16384    ( 0.0%) 
overlays                 0/1024            0/360448   ( 0.0%) 
LDR lightdata         [variable]       17476/0        ( 0.0%) 
HDR lightdata         [variable]       17476/0        ( 0.0%) 
visdata               [variable]        1384/16777216 ( 0.0%) 
entdata               [variable]        4608/393216   ( 1.2%) 
LDR ambient table      168/65536         672/262144   ( 0.3%) 
HDR ambient table      168/65536         672/262144   ( 0.3%) 
LDR leaf ambient       843/65536       23604/1835008  ( 1.3%) 
HDR leaf ambient       843/65536       23604/1835008  ( 1.3%) 
occluders                0/0               0/0        ( 0.0%) 
occluder polygons        0/0               0/0        ( 0.0%) 
occluder vert ind        0/0               0/0        ( 0.0%) 
detail props          [variable]           1/12       ( 8.3%) 
static props          [variable]           1/3874     ( 0.0%) 
pakfile               [variable]      864986/0        ( 0.0%) 
physics               [variable]       12763/4194304  ( 0.3%) 
physics terrain       [variable]           2/1048576  ( 0.0%) 

Level flags = 3

Total triangle count: 399
Writing c:\program files (x86)\steam\steamapps\sourcemods\who\maps\map_2.bsp
7 seconds elapsed



materialPath: C:\Program Files (x86)\Steam\steamapps\sourcemods\who\materials
Loading c:\program files (x86)\steam\steamapps\sourcemods\who\maps\map_2.vmf
ConVarRef mat_reduceparticles doesn't point to an existing ConVar
fixing up env_cubemap materials on brush sides...
0...1...2...3...4...5...6...7...8...9...100...1...2...3...4...5...6...7...8...9...10Processing areas...done (0)
Building Faces...done (0)
FixTjuncs...
PruneNodes...
WriteBSP...
done (0)
writing c:\program files (x86)\steam\steamapps\sourcemods\who\maps\map_2.prt...Building visibility clusters...
done (0)
Finding displacement neighbors...
Finding lightmap sample positions...
Displacement Alpha : 0...1...2...3...4...5...6...7...8...9...10
Building Physics collision data...
done (0) (12763 bytes)
Placing static props...
Bad geometry on "models/chessandpieces/pawn_white.mdl"!
Placing detail props : 0...1...2...3...4...5...6...7...8...9...10
Compacting texture/material tables...
Reduced 79 texinfos to 51
Reduced 7 texdatas to 7 (144 bytes to 144)
Writing c:\program files (x86)\steam\steamapps\sourcemods\who\maps\map_2.bsp
0 seconds elapsed



8 threads
reading c:\program files (x86)\steam\steamapps\sourcemods\who\maps\map_2.bsp
reading c:\program files (x86)\steam\steamapps\sourcemods\who\maps\map_2.prt
  57 portalclusters
 128 numportals
0...1...2...3...4...5...6...7...8...9...100...1...2...3...4...5...6...7...8...9...10Optimized: 2 visible clusters (0.00%)
Total clusters visible: 1795
Average clusters visible: 31
Building PAS...
Average clusters audible: 50
visdatasize:1384  compressed from 912
writing c:\program files (x86)\steam\steamapps\sourcemods\who\maps\map_2.bsp
0 seconds elapsed



[Reading texlights from 'lights.rad']
[48 texlights parsed from 'lights.rad']

Loading c:\program files (x86)\steam\steamapps\sourcemods\who\maps\map_2.bsp
163 faces
21145 square feet [3044986.00 square inches]
0 Displacements
0 Square Feet [0.00 Square Inches]
163 patches before subdivision
1303 patches after subdivision
408 direct lights
0...1...2...3...4...5...6...7...8...9...100...1...2...3...4...5...6...7...8...9...10transfers 5837, max 80
transfer lists:   0.0 megs
0...1...2...3...4...5...6...7...8...9...10	Bounce #1 added RGB(178, 166, 111)
0...1...2...3...4...5...6...7...8...9...10	Bounce #2 added RGB(431, 426, 299)
0...1...2...3...4...5...6...7...8...9...10	Bounce #3 added RGB(265, 268, 188)
0...1...2...3...4...5...6...7...8...9...10	Bounce #4 added RGB(215, 219, 153)
0...1...2...3...4...5...6...7...8...9...10	Bounce #5 added RGB(165, 170, 118)
0...1...2...3...4...5...6...7...8...9...10	Bounce #6 added RGB(129, 134, 92)
0...1...2...3...4...5...6...7...8...9...10	Bounce #7 added RGB(101, 105, 72)
0...1...2...3...4...5...6...7...8...9...10	Bounce #8 added RGB(79, 83, 56)
0...1...2...3...4...5...6...7...8...9...10	Bounce #9 added RGB(62, 65, 44)
0...1...2...3...4...5...6...7...8...9...10	Bounce #10 added RGB(49, 52, 35)
0...1...2...3...4...5...6...7...8...9...10	Bounce #11 added RGB(38, 41, 27)
0...1...2...3...4...5...6...7...8...9...10	Bounce #12 added RGB(30, 32, 21)
0...1...2...3...4...5...6...7...8...9...10	Bounce #13 added RGB(23, 25, 17)
0...1...2...3...4...5...6...7...8...9...10	Bounce #14 added RGB(18, 20, 13)
0...1...2...3...4...5...6...7...8...9...10	Bounce #15 added RGB(14, 16, 10)
0...1...2...3...4...5...6...7...8...9...10	Bounce #16 added RGB(11, 12, 8)
0...1...2...3...4...5...6...7...8...9...10	Bounce #17 added RGB(9, 10, 6)
0...1...2...3...4...5...6...7...8...9...10	Bounce #18 added RGB(7, 8, 5)
0...1...2...3...4...5...6...7...8...9...10	Bounce #19 added RGB(5, 6, 4)
0...1...2...3...4...5...6...7...8...9...10	Bounce #20 added RGB(4, 5, 3)
0...1...2...3...4...5...6...7...8...9...10	Bounce #21 added RGB(3, 4, 2)
0...1...2...3...4...5...6...7...8...9...10	Bounce #22 added RGB(3, 3, 2)
0...1...2...3...4...5...6...7...8...9...10	Bounce #23 added RGB(2, 2, 1)
0...1...2...3...4...5...6...7...8...9...10	Bounce #24 added RGB(2, 2, 1)
0...1...2...3...4...5...6...7...8...9...10	Bounce #25 added RGB(1, 1, 1)
0...1...2...3...4...5...6...7...8...9...10	Bounce #26 added RGB(1, 1, 1)
0...1...2...3...4...5...6...7...8...9...10	Bounce #27 added RGB(1, 1, 1)
Build Patch/Sample Hash Table(s).....Done<0.0024 sec>
0...1...2...3...4...5...6...7...8...9...10FinalLightFace Done
2 of 403 (0% of) surface lights went in leaf ambient cubes.
0...1...2...3...4...5...6...7...8...9...10Writing leaf ambient...done
Computing static prop lighting : 00...1...2...3...4...5...6...7...8...9...10
Ready to Finish

Object names       Objects/Maxobjs  Memory / Maxmem  Fullness 
------------       ---------------  ---------------  -------- 
models                   5/4096          240/196608   ( 0.1%) 
brushes                 32/32768         384/393216   ( 0.1%) 
brushsides             192/65536        1536/524288   ( 0.3%) 
planes                 186/65536        3720/1310720  ( 0.3%) 
vertexes               278/65536        3336/786432   ( 0.4%) 
nodes                  162/65536        5184/2097152  ( 0.2%) 
texinfos                51/12288        3672/884736   ( 0.4%) 
texdata                  7/2048          224/65536    ( 0.3%) 
dispinfos                0/0               0/0        ( 0.0%) 
disp_verts               0/0               0/0        ( 0.0%) 
disp_tris                0/0               0/0        ( 0.0%) 
disp_lmsamples           0/0               0/0        ( 0.0%) 
faces                  163/65536        9128/3670016  ( 0.2%) 
hdr faces                0/65536           0/3670016  ( 0.0%) 
origfaces              106/65536        5936/3670016  ( 0.2%) 
leaves                 168/65536        5376/2097152  ( 0.3%) 
leaffaces              170/65536         340/131072   ( 0.3%) 
leafbrushes             96/65536         192/131072   ( 0.1%) 
areas                    2/1024           16/8192     ( 0.2%) 
surfedges             1149/512000       4596/2048000  ( 0.2%) 
edges                  635/256000       2540/1024000  ( 0.2%) 
LDR worldlights        408/16384       35904/1441792  ( 2.5%) 
HDR worldlights          0/16384           0/1441792  ( 0.0%) 
leafwaterdata            0/32768           0/393216   ( 0.0%) 
waterstrips             10/131072        100/1310720  ( 0.0%) 
waterverts               0/131072          0/1572864  ( 0.0%) 
waterindices           138/131072        276/262144   ( 0.1%) 
cubemapsamples           0/1024            0/16384    ( 0.0%) 
overlays                 0/1024            0/360448   ( 0.0%) 
LDR lightdata         [variable]       17476/0        ( 0.0%) 
HDR lightdata         [variable]           0/0        ( 0.0%) 
visdata               [variable]        1384/16777216 ( 0.0%) 
entdata               [variable]        5006/393216   ( 1.3%) 
LDR ambient table      168/65536         672/262144   ( 0.3%) 
HDR ambient table      168/65536         672/262144   ( 0.3%) 
LDR leaf ambient       843/65536       23604/1835008  ( 1.3%) 
HDR leaf ambient       168/65536        4704/1835008  ( 0.3%) 
occluders                0/0               0/0        ( 0.0%) 
occluder polygons        0/0               0/0        ( 0.0%) 
occluder vert ind        0/0               0/0        ( 0.0%) 
detail props          [variable]           1/12       ( 8.3%) 
static props          [variable]           1/3874     ( 0.0%) 
pakfile               [variable]      432380/0        ( 0.0%) 
physics               [variable]       12763/4194304  ( 0.3%) 
physics terrain       [variable]           2/1048576  ( 0.0%) 

Level flags = 1

Total triangle count: 399
Writing c:\program files (x86)\steam\steamapps\sourcemods\who\maps\map_2.bsp
6 seconds elapsed



[Reading texlights from 'lights.rad']
[48 texlights parsed from 'lights.rad']

Loading c:\program files (x86)\steam\steamapps\sourcemods\who\maps\map_2.bsp
163 faces
21145 square feet [3044986.00 square inches]
0 Displacements
0 Square Feet [0.00 Square Inches]
163 patches before subdivision
1303 patches after subdivision
408 direct lights
0...1...2...3...4...5...6...7...8...9...100...1...2...3...4...5...6...7...8...9...10transfers 5837, max 80
transfer lists:   0.0 megs
0...1...2...3...4...5...6...7...8...9...10	Bounce #1 added RGB(178, 166, 111)
0...1...2...3...4...5...6...7...8...9...10	Bounce #2 added RGB(431, 426, 299)
0...1...2...3...4...5...6...7...8...9...10	Bounce #3 added RGB(265, 268, 188)
0...1...2...3...4...5...6...7...8...9...10	Bounce #4 added RGB(215, 219, 153)
0...1...2...3...4...5...6...7...8...9...10	Bounce #5 added RGB(165, 170, 118)
0...1...2...3...4...5...6...7...8...9...10	Bounce #6 added RGB(129, 134, 92)
0...1...2...3...4...5...6...7...8...9...10	Bounce #7 added RGB(101, 105, 72)
0...1...2...3...4...5...6...7...8...9...10	Bounce #8 added RGB(79, 83, 56)
0...1...2...3...4...5...6...7...8...9...10	Bounce #9 added RGB(62, 65, 44)
0...1...2...3...4...5...6...7...8...9...10	Bounce #10 added RGB(49, 52, 35)
0...1...2...3...4...5...6...7...8...9...10	Bounce #11 added RGB(38, 41, 27)
0...1...2...3...4...5...6...7...8...9...10	Bounce #12 added RGB(30, 32, 21)
0...1...2...3...4...5...6...7...8...9...10	Bounce #13 added RGB(23, 25, 17)
0...1...2...3...4...5...6...7...8...9...10	Bounce #14 added RGB(18, 20, 13)
0...1...2...3...4...5...6...7...8...9...10	Bounce #15 added RGB(14, 16, 10)
0...1...2...3...4...5...6...7...8...9...10	Bounce #16 added RGB(11, 12, 8)
0...1...2...3...4...5...6...7...8...9...10	Bounce #17 added RGB(9, 10, 6)
0...1...2...3...4...5...6...7...8...9...10	Bounce #18 added RGB(7, 8, 5)
0...1...2...3...4...5...6...7...8...9...10	Bounce #19 added RGB(5, 6, 4)
0...1...2...3...4...5...6...7...8...9...10	Bounce #20 added RGB(4, 5, 3)
0...1...2...3...4...5...6...7...8...9...10	Bounce #21 added RGB(3, 4, 2)
0...1...2...3...4...5...6...7...8...9...10	Bounce #22 added RGB(3, 3, 2)
0...1...2...3...4...5...6...7...8...9...10	Bounce #23 added RGB(2, 2, 1)
0...1...2...3...4...5...6...7...8...9...10	Bounce #24 added RGB(2, 2, 1)
0...1...2...3...4...5...6...7...8...9...10	Bounce #25 added RGB(1, 1, 1)
0...1...2...3...4...5...6...7...8...9...10	Bounce #26 added RGB(1, 1, 1)
0...1...2...3...4...5...6...7...8...9...10	Bounce #27 added RGB(1, 1, 1)
Build Patch/Sample Hash Table(s).....Done<0.0001 sec>
0...1...2...3...4...5...6...7...8...9...10FinalLightFace Done
2 of 403 (0% of) surface lights went in leaf ambient cubes.
0...1...2...3...4...5...6...7...8...9...10Writing leaf ambient...done
Computing static prop lighting : 00...1...2...3...4...5...6...7...8...9...10
Ready to Finish

Object names       Objects/Maxobjs  Memory / Maxmem  Fullness 
------------       ---------------  ---------------  -------- 
models                   5/4096          240/196608   ( 0.1%) 
brushes                 32/32768         384/393216   ( 0.1%) 
brushsides             192/65536        1536/524288   ( 0.3%) 
planes                 186/65536        3720/1310720  ( 0.3%) 
vertexes               278/65536        3336/786432   ( 0.4%) 
nodes                  162/65536        5184/2097152  ( 0.2%) 
texinfos                51/12288        3672/884736   ( 0.4%) 
texdata                  7/2048          224/65536    ( 0.3%) 
dispinfos                0/0               0/0        ( 0.0%) 
disp_verts               0/0               0/0        ( 0.0%) 
disp_tris                0/0               0/0        ( 0.0%) 
disp_lmsamples           0/0               0/0        ( 0.0%) 
faces                  163/65536        9128/3670016  ( 0.2%) 
hdr faces              163/65536        9128/3670016  ( 0.2%) 
origfaces              106/65536        5936/3670016  ( 0.2%) 
leaves                 168/65536        5376/2097152  ( 0.3%) 
leaffaces              170/65536         340/131072   ( 0.3%) 
leafbrushes             96/65536         192/131072   ( 0.1%) 
areas                    2/1024           16/8192     ( 0.2%) 
surfedges             1149/512000       4596/2048000  ( 0.2%) 
edges                  635/256000       2540/1024000  ( 0.2%) 
LDR worldlights        408/16384       35904/1441792  ( 2.5%) 
HDR worldlights        408/16384       35904/1441792  ( 2.5%) 
leafwaterdata            0/32768           0/393216   ( 0.0%) 
waterstrips             10/131072        100/1310720  ( 0.0%) 
waterverts               0/131072          0/1572864  ( 0.0%) 
waterindices           138/131072        276/262144   ( 0.1%) 
cubemapsamples           0/1024            0/16384    ( 0.0%) 
overlays                 0/1024            0/360448   ( 0.0%) 
LDR lightdata         [variable]       17476/0        ( 0.0%) 
HDR lightdata         [variable]       17476/0        ( 0.0%) 
visdata               [variable]        1384/16777216 ( 0.0%) 
entdata               [variable]        5006/393216   ( 1.3%) 
LDR ambient table      168/65536         672/262144   ( 0.3%) 
HDR ambient table      168/65536         672/262144   ( 0.3%) 
LDR leaf ambient       843/65536       23604/1835008  ( 1.3%) 
HDR leaf ambient       843/65536       23604/1835008  ( 1.3%) 
occluders                0/0               0/0        ( 0.0%) 
occluder polygons        0/0               0/0        ( 0.0%) 
occluder vert ind        0/0               0/0        ( 0.0%) 
detail props          [variable]           1/12       ( 8.3%) 
static props          [variable]           1/3874     ( 0.0%) 
pakfile               [variable]      864986/0        ( 0.0%) 
physics               [variable]       12763/4194304  ( 0.3%) 
physics terrain       [variable]           2/1048576  ( 0.0%) 

Level flags = 3

Total triangle count: 399
Writing c:\program files (x86)\steam\steamapps\sourcemods\who\maps\map_2.bsp
6 seconds elapsed
