


materialPath: C:\Program Files (x86)\Steam\steamapps\sourcemods\who\materials
Loading c:\program files (x86)\steam\steamapps\sourcemods\who\maps\tes_map2.vmf
ConVarRef mat_reduceparticles doesn't point to an existing ConVar
fixing up env_cubemap materials on brush sides...
0...1...2...3...4...5...6...7...8...9...100...1...2...3...4...5...6...7...8...9...10Processing areas...done (0)
Building Faces...done (0)
FixTjuncs...
PruneNodes...
WriteBSP...
done (0)
writing c:\program files (x86)\steam\steamapps\sourcemods\who\maps\tes_map2.prt...Building visibility clusters...
done (0)
Finding displacement neighbors...
Finding lightmap sample positions...
Displacement Alpha : 0...1...2...3...4...5...6...7...8...9...10
Building Physics collision data...
done (0) (18123 bytes)
Placing static props...
Placing detail props : 0...1...2...3...4...5...6...7...8...9...10
Compacting texture/material tables...
Reduced 155 texinfos to 60
Reduced 14 texdatas to 11 (491 bytes to 419)
Writing c:\program files (x86)\steam\steamapps\sourcemods\who\maps\tes_map2.bsp
0 seconds elapsed



8 threads
reading c:\program files (x86)\steam\steamapps\sourcemods\who\maps\tes_map2.bsp
reading c:\program files (x86)\steam\steamapps\sourcemods\who\maps\tes_map2.prt
  26 portalclusters
  57 numportals
0...1...2...3...4...5...6...7...8...9...100...1...2...3...4...5...6...7...8...9...10Optimized: 1 visible clusters (0.00%)
Total clusters visible: 631
Average clusters visible: 24
Building PAS...
Average clusters audible: 26
visdatasize:425  compressed from 416
writing c:\program files (x86)\steam\steamapps\sourcemods\who\maps\tes_map2.bsp
0 seconds elapsed



[Reading texlights from 'lights.rad']
[48 texlights parsed from 'lights.rad']

Loading c:\program files (x86)\steam\steamapps\sourcemods\who\maps\tes_map2.bsp
116 faces
3230 square feet [465153.72 square inches]
0 Displacements
0 Square Feet [0.00 Square Inches]
116 patches before subdivision
630 patches after subdivision
WARNING: light_spot at (208 -240 191) has inner angle larger than 90 degrees! Clamping to 90...
WARNING: light_spot at (208 -240 191) has outer angle larger than 90 degrees! Clamping to 90...
WARNING: light_spot at (208 -432 191) has inner angle larger than 90 degrees! Clamping to 90...
WARNING: light_spot at (208 -432 191) has outer angle larger than 90 degrees! Clamping to 90...
3 direct lights
0...1...2...3...4...5...6...7...8...9...100...1...2...3...4...5...6...7...8...9...10transfers 39366, max 194
transfer lists:   0.3 megs
0...1...2...3...4...5...6...7...8...9...10	Bounce #1 added RGB(3797, 2121, 538)
0...1...2...3...4...5...6...7...8...9...10	Bounce #2 added RGB(1863, 990, 226)
0...1...2...3...4...5...6...7...8...9...10	Bounce #3 added RGB(546, 281, 56)
0...1...2...3...4...5...6...7...8...9...10	Bounce #4 added RGB(227, 114, 21)
0...1...2...3...4...5...6...7...8...9...10	Bounce #5 added RGB(73, 35, 6)
0...1...2...3...4...5...6...7...8...9...10	Bounce #6 added RGB(28, 13, 2)
0...1...2...3...4...5...6...7...8...9...10	Bounce #7 added RGB(9, 4, 1)
0...1...2...3...4...5...6...7...8...9...10	Bounce #8 added RGB(3, 2, 0)
0...1...2...3...4...5...6...7...8...9...10	Bounce #9 added RGB(1, 1, 0)
0...1...2...3...4...5...6...7...8...9...10	Bounce #10 added RGB(0, 0, 0)
Build Patch/Sample Hash Table(s).....Done<0.0002 sec>
0...1...2...3...4...5...6...7...8...9...10FinalLightFace Done
0 of 0 (0% of) surface lights went in leaf ambient cubes.
0...1...2...3...4...5...6...7...8...9...10Writing leaf ambient...done
Computing static prop lighting : 00...1...2...3...4...5...6...7...8...9...10
Ready to Finish

Object names       Objects/Maxobjs  Memory / Maxmem  Fullness 
------------       ---------------  ---------------  -------- 
models                   1/4096           48/196608   ( 0.0%) 
brushes                 53/32768         636/393216   ( 0.2%) 
brushsides             318/65536        2544/524288   ( 0.5%) 
planes                 154/65536        3080/1310720  ( 0.2%) 
vertexes               240/65536        2880/786432   ( 0.4%) 
nodes                   74/65536        2368/2097152  ( 0.1%) 
texinfos                60/12288        4320/884736   ( 0.5%) 
texdata                 11/2048          352/65536    ( 0.5%) 
dispinfos                0/0               0/0        ( 0.0%) 
disp_verts               0/0               0/0        ( 0.0%) 
disp_tris                0/0               0/0        ( 0.0%) 
disp_lmsamples           0/0               0/0        ( 0.0%) 
faces                  116/65536        6496/3670016  ( 0.2%) 
hdr faces                0/65536           0/3670016  ( 0.0%) 
origfaces               88/65536        4928/3670016  ( 0.1%) 
leaves                  76/65536        2432/2097152  ( 0.1%) 
leaffaces              153/65536         306/131072   ( 0.2%) 
leafbrushes            100/65536         200/131072   ( 0.2%) 
areas                    2/1024           16/8192     ( 0.2%) 
surfedges              916/512000       3664/2048000  ( 0.2%) 
edges                  552/256000       2208/1024000  ( 0.2%) 
LDR worldlights          3/16384         264/1441792  ( 0.0%) 
HDR worldlights          0/16384           0/1441792  ( 0.0%) 
leafwaterdata            0/32768           0/393216   ( 0.0%) 
waterstrips             12/131072        120/1310720  ( 0.0%) 
waterverts               0/131072          0/1572864  ( 0.0%) 
waterindices           201/131072        402/262144   ( 0.2%) 
cubemapsamples           2/1024           32/16384    ( 0.2%) 
overlays                 0/1024            0/360448   ( 0.0%) 
LDR lightdata         [variable]       61656/0        ( 0.0%) 
HDR lightdata         [variable]           0/0        ( 0.0%) 
visdata               [variable]         425/16777216 ( 0.0%) 
entdata               [variable]        3230/393216   ( 0.8%) 
LDR ambient table       76/65536         304/262144   ( 0.1%) 
HDR ambient table       76/65536         304/262144   ( 0.1%) 
LDR leaf ambient        72/65536        2016/1835008  ( 0.1%) 
HDR leaf ambient        76/65536        2128/1835008  ( 0.1%) 
occluders                0/0               0/0        ( 0.0%) 
occluder polygons        0/0               0/0        ( 0.0%) 
occluder vert ind        0/0               0/0        ( 0.0%) 
detail props          [variable]           1/12       ( 8.3%) 
static props          [variable]           1/1198     ( 0.1%) 
pakfile               [variable]       49274/0        ( 0.0%) 
physics               [variable]       18123/4194304  ( 0.4%) 
physics terrain       [variable]           2/1048576  ( 0.0%) 

Level flags = 1

Total triangle count: 332
Writing c:\program files (x86)\steam\steamapps\sourcemods\who\maps\tes_map2.bsp
0 seconds elapsed



[Reading texlights from 'lights.rad']
[48 texlights parsed from 'lights.rad']

Loading c:\program files (x86)\steam\steamapps\sourcemods\who\maps\tes_map2.bsp
116 faces
3230 square feet [465153.72 square inches]
0 Displacements
0 Square Feet [0.00 Square Inches]
116 patches before subdivision
630 patches after subdivision
WARNING: light_spot at (208 -240 191) has inner angle larger than 90 degrees! Clamping to 90...
WARNING: light_spot at (208 -240 191) has outer angle larger than 90 degrees! Clamping to 90...
WARNING: light_spot at (208 -432 191) has inner angle larger than 90 degrees! Clamping to 90...
WARNING: light_spot at (208 -432 191) has outer angle larger than 90 degrees! Clamping to 90...
3 direct lights
0...1...2...3...4...5...6...7...8...9...100...1...2...3...4...5...6...7...8...9...10transfers 39366, max 194
transfer lists:   0.3 megs
0...1...2...3...4...5...6...7...8...9...10	Bounce #1 added RGB(3797, 2121, 538)
0...1...2...3...4...5...6...7...8...9...10	Bounce #2 added RGB(1863, 990, 226)
0...1...2...3...4...5...6...7...8...9...10	Bounce #3 added RGB(546, 281, 56)
0...1...2...3...4...5...6...7...8...9...10	Bounce #4 added RGB(227, 114, 21)
0...1...2...3...4...5...6...7...8...9...10	Bounce #5 added RGB(73, 35, 6)
0...1...2...3...4...5...6...7...8...9...10	Bounce #6 added RGB(28, 13, 2)
0...1...2...3...4...5...6...7...8...9...10	Bounce #7 added RGB(9, 4, 1)
0...1...2...3...4...5...6...7...8...9...10	Bounce #8 added RGB(3, 2, 0)
0...1...2...3...4...5...6...7...8...9...10	Bounce #9 added RGB(1, 1, 0)
0...1...2...3...4...5...6...7...8...9...10	Bounce #10 added RGB(0, 0, 0)
Build Patch/Sample Hash Table(s).....Done<0.0002 sec>
0...1...2...3...4...5...6...7...8...9...10FinalLightFace Done
0 of 0 (0% of) surface lights went in leaf ambient cubes.
0...1...2...3...4...5...6...7...8...9...10Writing leaf ambient...done
Computing static prop lighting : 00...1...2...3...4...5...6...7...8...9...10
Ready to Finish

Object names       Objects/Maxobjs  Memory / Maxmem  Fullness 
------------       ---------------  ---------------  -------- 
models                   1/4096           48/196608   ( 0.0%) 
brushes                 53/32768         636/393216   ( 0.2%) 
brushsides             318/65536        2544/524288   ( 0.5%) 
planes                 154/65536        3080/1310720  ( 0.2%) 
vertexes               240/65536        2880/786432   ( 0.4%) 
nodes                   74/65536        2368/2097152  ( 0.1%) 
texinfos                60/12288        4320/884736   ( 0.5%) 
texdata                 11/2048          352/65536    ( 0.5%) 
dispinfos                0/0               0/0        ( 0.0%) 
disp_verts               0/0               0/0        ( 0.0%) 
disp_tris                0/0               0/0        ( 0.0%) 
disp_lmsamples           0/0               0/0        ( 0.0%) 
faces                  116/65536        6496/3670016  ( 0.2%) 
hdr faces              116/65536        6496/3670016  ( 0.2%) 
origfaces               88/65536        4928/3670016  ( 0.1%) 
leaves                  76/65536        2432/2097152  ( 0.1%) 
leaffaces              153/65536         306/131072   ( 0.2%) 
leafbrushes            100/65536         200/131072   ( 0.2%) 
areas                    2/1024           16/8192     ( 0.2%) 
surfedges              916/512000       3664/2048000  ( 0.2%) 
edges                  552/256000       2208/1024000  ( 0.2%) 
LDR worldlights          3/16384         264/1441792  ( 0.0%) 
HDR worldlights          3/16384         264/1441792  ( 0.0%) 
leafwaterdata            0/32768           0/393216   ( 0.0%) 
waterstrips             12/131072        120/1310720  ( 0.0%) 
waterverts               0/131072          0/1572864  ( 0.0%) 
waterindices           201/131072        402/262144   ( 0.2%) 
cubemapsamples           2/1024           32/16384    ( 0.2%) 
overlays                 0/1024            0/360448   ( 0.0%) 
LDR lightdata         [variable]       61656/0        ( 0.0%) 
HDR lightdata         [variable]       61656/0        ( 0.0%) 
visdata               [variable]         425/16777216 ( 0.0%) 
entdata               [variable]        3230/393216   ( 0.8%) 
LDR ambient table       76/65536         304/262144   ( 0.1%) 
HDR ambient table       76/65536         304/262144   ( 0.1%) 
LDR leaf ambient        72/65536        2016/1835008  ( 0.1%) 
HDR leaf ambient        72/65536        2016/1835008  ( 0.1%) 
occluders                0/0               0/0        ( 0.0%) 
occluder polygons        0/0               0/0        ( 0.0%) 
occluder vert ind        0/0               0/0        ( 0.0%) 
detail props          [variable]           1/12       ( 8.3%) 
static props          [variable]           1/1198     ( 0.1%) 
pakfile               [variable]       94930/0        ( 0.0%) 
physics               [variable]       18123/4194304  ( 0.4%) 
physics terrain       [variable]           2/1048576  ( 0.0%) 

Level flags = 3

Total triangle count: 332
Writing c:\program files (x86)\steam\steamapps\sourcemods\who\maps\tes_map2.bsp
0 seconds elapsed



materialPath: C:\Program Files (x86)\Steam\steamapps\sourcemods\who\materials
Loading c:\program files (x86)\steam\steamapps\sourcemods\who\maps\tes_map2.vmf
ConVarRef mat_reduceparticles doesn't point to an existing ConVar
fixing up env_cubemap materials on brush sides...
0...1...2...3...4...5...6...7...8...9...100...1...2...3...4...5...6...7...8...9...10Processing areas...done (0)
Building Faces...done (0)
FixTjuncs...
PruneNodes...
WriteBSP...
done (0)
writing c:\program files (x86)\steam\steamapps\sourcemods\who\maps\tes_map2.prt...Building visibility clusters...
done (0)
Finding displacement neighbors...
Finding lightmap sample positions...
Displacement Alpha : 0...1...2...3...4...5...6...7...8...9...10
Building Physics collision data...
done (0) (18123 bytes)
Placing static props...
Placing detail props : 0...1...2...3...4...5...6...7...8...9...10
Compacting texture/material tables...
Reduced 155 texinfos to 60
Reduced 14 texdatas to 11 (491 bytes to 419)
Writing c:\program files (x86)\steam\steamapps\sourcemods\who\maps\tes_map2.bsp
0 seconds elapsed



8 threads
reading c:\program files (x86)\steam\steamapps\sourcemods\who\maps\tes_map2.bsp
reading c:\program files (x86)\steam\steamapps\sourcemods\who\maps\tes_map2.prt
  26 portalclusters
  57 numportals
0...1...2...3...4...5...6...7...8...9...100...1...2...3...4...5...6...7...8...9...10Optimized: 1 visible clusters (0.00%)
Total clusters visible: 631
Average clusters visible: 24
Building PAS...
Average clusters audible: 26
visdatasize:425  compressed from 416
writing c:\program files (x86)\steam\steamapps\sourcemods\who\maps\tes_map2.bsp
0 seconds elapsed



[Reading texlights from 'lights.rad']
[48 texlights parsed from 'lights.rad']

Loading c:\program files (x86)\steam\steamapps\sourcemods\who\maps\tes_map2.bsp
116 faces
3230 square feet [465153.72 square inches]
0 Displacements
0 Square Feet [0.00 Square Inches]
116 patches before subdivision
630 patches after subdivision
WARNING: light_spot at (208 -240 191) has inner angle larger than 90 degrees! Clamping to 90...
WARNING: light_spot at (208 -240 191) has outer angle larger than 90 degrees! Clamping to 90...
WARNING: light_spot at (208 -432 191) has inner angle larger than 90 degrees! Clamping to 90...
WARNING: light_spot at (208 -432 191) has outer angle larger than 90 degrees! Clamping to 90...
3 direct lights
0...1...2...3...4...5...6...7...8...9...100...1...2...3...4...5...6...7...8...9...10transfers 39366, max 194
transfer lists:   0.3 megs
0...1...2...3...4...5...6...7...8...9...10	Bounce #1 added RGB(3797, 2121, 538)
0...1...2...3...4...5...6...7...8...9...10	Bounce #2 added RGB(1863, 990, 226)
0...1...2...3...4...5...6...7...8...9...10	Bounce #3 added RGB(546, 281, 56)
0...1...2...3...4...5...6...7...8...9...10	Bounce #4 added RGB(227, 114, 21)
0...1...2...3...4...5...6...7...8...9...10	Bounce #5 added RGB(73, 35, 6)
0...1...2...3...4...5...6...7...8...9...10	Bounce #6 added RGB(28, 13, 2)
0...1...2...3...4...5...6...7...8...9...10	Bounce #7 added RGB(9, 4, 1)
0...1...2...3...4...5...6...7...8...9...10	Bounce #8 added RGB(3, 2, 0)
0...1...2...3...4...5...6...7...8...9...10	Bounce #9 added RGB(1, 1, 0)
0...1...2...3...4...5...6...7...8...9...10	Bounce #10 added RGB(0, 0, 0)
Build Patch/Sample Hash Table(s).....Done<0.0002 sec>
0...1...2...3...4...5...6...7...8...9...10FinalLightFace Done
0 of 0 (0% of) surface lights went in leaf ambient cubes.
0...1...2...3...4...5...6...7...8...9...10Writing leaf ambient...done
Computing static prop lighting : 00...1...2...3...4...5...6...7...8...9...10
Ready to Finish

Object names       Objects/Maxobjs  Memory / Maxmem  Fullness 
------------       ---------------  ---------------  -------- 
models                   1/4096           48/196608   ( 0.0%) 
brushes                 53/32768         636/393216   ( 0.2%) 
brushsides             318/65536        2544/524288   ( 0.5%) 
planes                 154/65536        3080/1310720  ( 0.2%) 
vertexes               240/65536        2880/786432   ( 0.4%) 
nodes                   74/65536        2368/2097152  ( 0.1%) 
texinfos                60/12288        4320/884736   ( 0.5%) 
texdata                 11/2048          352/65536    ( 0.5%) 
dispinfos                0/0               0/0        ( 0.0%) 
disp_verts               0/0               0/0        ( 0.0%) 
disp_tris                0/0               0/0        ( 0.0%) 
disp_lmsamples           0/0               0/0        ( 0.0%) 
faces                  116/65536        6496/3670016  ( 0.2%) 
hdr faces                0/65536           0/3670016  ( 0.0%) 
origfaces               88/65536        4928/3670016  ( 0.1%) 
leaves                  76/65536        2432/2097152  ( 0.1%) 
leaffaces              153/65536         306/131072   ( 0.2%) 
leafbrushes            100/65536         200/131072   ( 0.2%) 
areas                    2/1024           16/8192     ( 0.2%) 
surfedges              916/512000       3664/2048000  ( 0.2%) 
edges                  552/256000       2208/1024000  ( 0.2%) 
LDR worldlights          3/16384         264/1441792  ( 0.0%) 
HDR worldlights          0/16384           0/1441792  ( 0.0%) 
leafwaterdata            0/32768           0/393216   ( 0.0%) 
waterstrips             12/131072        120/1310720  ( 0.0%) 
waterverts               0/131072          0/1572864  ( 0.0%) 
waterindices           201/131072        402/262144   ( 0.2%) 
cubemapsamples           2/1024           32/16384    ( 0.2%) 
overlays                 0/1024            0/360448   ( 0.0%) 
LDR lightdata         [variable]       61656/0        ( 0.0%) 
HDR lightdata         [variable]           0/0        ( 0.0%) 
visdata               [variable]         425/16777216 ( 0.0%) 
entdata               [variable]        3230/393216   ( 0.8%) 
LDR ambient table       76/65536         304/262144   ( 0.1%) 
HDR ambient table       76/65536         304/262144   ( 0.1%) 
LDR leaf ambient        72/65536        2016/1835008  ( 0.1%) 
HDR leaf ambient        76/65536        2128/1835008  ( 0.1%) 
occluders                0/0               0/0        ( 0.0%) 
occluder polygons        0/0               0/0        ( 0.0%) 
occluder vert ind        0/0               0/0        ( 0.0%) 
detail props          [variable]           1/12       ( 8.3%) 
static props          [variable]           1/1198     ( 0.1%) 
pakfile               [variable]       49274/0        ( 0.0%) 
physics               [variable]       18123/4194304  ( 0.4%) 
physics terrain       [variable]           2/1048576  ( 0.0%) 

Level flags = 1

Total triangle count: 332
Writing c:\program files (x86)\steam\steamapps\sourcemods\who\maps\tes_map2.bsp
0 seconds elapsed



[Reading texlights from 'lights.rad']
[48 texlights parsed from 'lights.rad']

Loading c:\program files (x86)\steam\steamapps\sourcemods\who\maps\tes_map2.bsp
116 faces
3230 square feet [465153.72 square inches]
0 Displacements
0 Square Feet [0.00 Square Inches]
116 patches before subdivision
630 patches after subdivision
WARNING: light_spot at (208 -240 191) has inner angle larger than 90 degrees! Clamping to 90...
WARNING: light_spot at (208 -240 191) has outer angle larger than 90 degrees! Clamping to 90...
WARNING: light_spot at (208 -432 191) has inner angle larger than 90 degrees! Clamping to 90...
WARNING: light_spot at (208 -432 191) has outer angle larger than 90 degrees! Clamping to 90...
3 direct lights
0...1...2...3...4...5...6...7...8...9...100...1...2...3...4...5...6...7...8...9...10transfers 39366, max 194
transfer lists:   0.3 megs
0...1...2...3...4...5...6...7...8...9...10	Bounce #1 added RGB(3797, 2121, 538)
0...1...2...3...4...5...6...7...8...9...10	Bounce #2 added RGB(1863, 990, 226)
0...1...2...3...4...5...6...7...8...9...10	Bounce #3 added RGB(546, 281, 56)
0...1...2...3...4...5...6...7...8...9...10	Bounce #4 added RGB(227, 114, 21)
0...1...2...3...4...5...6...7...8...9...10	Bounce #5 added RGB(73, 35, 6)
0...1...2...3...4...5...6...7...8...9...10	Bounce #6 added RGB(28, 13, 2)
0...1...2...3...4...5...6...7...8...9...10	Bounce #7 added RGB(9, 4, 1)
0...1...2...3...4...5...6...7...8...9...10	Bounce #8 added RGB(3, 2, 0)
0...1...2...3...4...5...6...7...8...9...10	Bounce #9 added RGB(1, 1, 0)
0...1...2...3...4...5...6...7...8...9...10	Bounce #10 added RGB(0, 0, 0)
Build Patch/Sample Hash Table(s).....Done<0.0001 sec>
0...1...2...3...4...5...6...7...8...9...10FinalLightFace Done
0 of 0 (0% of) surface lights went in leaf ambient cubes.
0...1...2...3...4...5...6...7...8...9...10Writing leaf ambient...done
Computing static prop lighting : 00...1...2...3...4...5...6...7...8...9...10
Ready to Finish

Object names       Objects/Maxobjs  Memory / Maxmem  Fullness 
------------       ---------------  ---------------  -------- 
models                   1/4096           48/196608   ( 0.0%) 
brushes                 53/32768         636/393216   ( 0.2%) 
brushsides             318/65536        2544/524288   ( 0.5%) 
planes                 154/65536        3080/1310720  ( 0.2%) 
vertexes               240/65536        2880/786432   ( 0.4%) 
nodes                   74/65536        2368/2097152  ( 0.1%) 
texinfos                60/12288        4320/884736   ( 0.5%) 
texdata                 11/2048          352/65536    ( 0.5%) 
dispinfos                0/0               0/0        ( 0.0%) 
disp_verts               0/0               0/0        ( 0.0%) 
disp_tris                0/0               0/0        ( 0.0%) 
disp_lmsamples           0/0               0/0        ( 0.0%) 
faces                  116/65536        6496/3670016  ( 0.2%) 
hdr faces              116/65536        6496/3670016  ( 0.2%) 
origfaces               88/65536        4928/3670016  ( 0.1%) 
leaves                  76/65536        2432/2097152  ( 0.1%) 
leaffaces              153/65536         306/131072   ( 0.2%) 
leafbrushes            100/65536         200/131072   ( 0.2%) 
areas                    2/1024           16/8192     ( 0.2%) 
surfedges              916/512000       3664/2048000  ( 0.2%) 
edges                  552/256000       2208/1024000  ( 0.2%) 
LDR worldlights          3/16384         264/1441792  ( 0.0%) 
HDR worldlights          3/16384         264/1441792  ( 0.0%) 
leafwaterdata            0/32768           0/393216   ( 0.0%) 
waterstrips             12/131072        120/1310720  ( 0.0%) 
waterverts               0/131072          0/1572864  ( 0.0%) 
waterindices           201/131072        402/262144   ( 0.2%) 
cubemapsamples           2/1024           32/16384    ( 0.2%) 
overlays                 0/1024            0/360448   ( 0.0%) 
LDR lightdata         [variable]       61656/0        ( 0.0%) 
HDR lightdata         [variable]       61656/0        ( 0.0%) 
visdata               [variable]         425/16777216 ( 0.0%) 
entdata               [variable]        3230/393216   ( 0.8%) 
LDR ambient table       76/65536         304/262144   ( 0.1%) 
HDR ambient table       76/65536         304/262144   ( 0.1%) 
LDR leaf ambient        72/65536        2016/1835008  ( 0.1%) 
HDR leaf ambient        72/65536        2016/1835008  ( 0.1%) 
occluders                0/0               0/0        ( 0.0%) 
occluder polygons        0/0               0/0        ( 0.0%) 
occluder vert ind        0/0               0/0        ( 0.0%) 
detail props          [variable]           1/12       ( 8.3%) 
static props          [variable]           1/1198     ( 0.1%) 
pakfile               [variable]       94930/0        ( 0.0%) 
physics               [variable]       18123/4194304  ( 0.4%) 
physics terrain       [variable]           2/1048576  ( 0.0%) 

Level flags = 3

Total triangle count: 332
Writing c:\program files (x86)\steam\steamapps\sourcemods\who\maps\tes_map2.bsp
0 seconds elapsed



materialPath: C:\Program Files (x86)\Steam\steamapps\sourcemods\who\materials
Loading c:\program files (x86)\steam\steamapps\sourcemods\who\maps\tes_map2.vmf
ConVarRef mat_reduceparticles doesn't point to an existing ConVar
fixing up env_cubemap materials on brush sides...
0...1...2...3...4...5...6...7...8...9...100...1...2...3...4...5...6...7...8...9...10Processing areas...done (0)
Building Faces...done (0)
FixTjuncs...
PruneNodes...
WriteBSP...
done (0)
writing c:\program files (x86)\steam\steamapps\sourcemods\who\maps\tes_map2.prt...Building visibility clusters...
done (0)
Finding displacement neighbors...
Finding lightmap sample positions...
Displacement Alpha : 0...1...2...3...4...5...6...7...8...9...10
Building Physics collision data...
done (0) (18123 bytes)
Placing static props...
Placing detail props : 0...1...2...3...4...5...6...7...8...9...10
Compacting texture/material tables...
Reduced 162 texinfos to 61
Reduced 14 texdatas to 11 (491 bytes to 419)
Writing c:\program files (x86)\steam\steamapps\sourcemods\who\maps\tes_map2.bsp
0 seconds elapsed



8 threads
reading c:\program files (x86)\steam\steamapps\sourcemods\who\maps\tes_map2.bsp
reading c:\program files (x86)\steam\steamapps\sourcemods\who\maps\tes_map2.prt
  26 portalclusters
  57 numportals
0...1...2...3...4...5...6...7...8...9...100...1...2...3...4...5...6...7...8...9...10Optimized: 1 visible clusters (0.00%)
Total clusters visible: 631
Average clusters visible: 24
Building PAS...
Average clusters audible: 26
visdatasize:425  compressed from 416
writing c:\program files (x86)\steam\steamapps\sourcemods\who\maps\tes_map2.bsp
0 seconds elapsed



[Reading texlights from 'lights.rad']
[48 texlights parsed from 'lights.rad']

Loading c:\program files (x86)\steam\steamapps\sourcemods\who\maps\tes_map2.bsp
635 faces
3230 square feet [465153.09 square inches]
0 Displacements
0 Square Feet [0.00 Square Inches]
635 patches before subdivision
60855 patches after subdivision
WARNING: light_spot at (208 -240 191) has inner angle larger than 90 degrees! Clamping to 90...
WARNING: light_spot at (208 -240 191) has outer angle larger than 90 degrees! Clamping to 90...
WARNING: light_spot at (208 -432 191) has inner angle larger than 90 degrees! Clamping to 90...
WARNING: light_spot at (208 -432 191) has outer angle larger than 90 degrees! Clamping to 90...
3 direct lights
0...1...2...3...4...5...6...7...8...9...100...1...2...3...4...5...6...7...8...9...10transfers 13805169, max 709
transfer lists: 105.3 megs
0...1...2...3...4...5...6...7...8...9...10	Bounce #1 added RGB(417653, 223374, 52894)
0...1...2...3...4...5...6...7...8...9...10	Bounce #2 added RGB(184661, 95783, 20971)
0...1...2...3...4...5...6...7...8...9...10	Bounce #3 added RGB(57991, 29057, 5562)
0...1...2...3...4...5...6...7...8...9...10	Bounce #4 added RGB(22956, 11217, 2013)
0...1...2...3...4...5...6...7...8...9...10	Bounce #5 added RGB(7650, 3607, 565)
0...1...2...3...4...5...6...7...8...9...10	Bounce #6 added RGB(2870, 1320, 193)
0...1...2...3...4...5...6...7...8...9...10	Bounce #7 added RGB(987, 439, 56)
0...1...2...3...4...5...6...7...8...9...10	Bounce #8 added RGB(361, 156, 19)
0...1...2...3...4...5...6...7...8...9...10	Bounce #9 added RGB(126, 53, 6)
0...1...2...3...4...5...6...7...8...9...10	Bounce #10 added RGB(45, 19, 2)
0...1...2...3...4...5...6...7...8...9...10	Bounce #11 added RGB(16, 6, 1)
0...1...2...3...4...5...6...7...8...9...10	Bounce #12 added RGB(6, 2, 0)
0...1...2...3...4...5...6...7...8...9...10	Bounce #13 added RGB(2, 1, 0)
0...1...2...3...4...5...6...7...8...9...10	Bounce #14 added RGB(1, 0, 0)
Build Patch/Sample Hash Table(s).....Done<0.0137 sec>
0...1...2...3...4...5...6...7...8...9...10FinalLightFace Done
0 of 0 (0% of) surface lights went in leaf ambient cubes.
0...1...2...3...4...5...6...7...8...9...10Writing leaf ambient...done
Computing static prop lighting : 00...1...2...3...4...5...6...7...8...9...10
Ready to Finish

Object names       Objects/Maxobjs  Memory / Maxmem  Fullness 
------------       ---------------  ---------------  -------- 
models                   1/4096           48/196608   ( 0.0%) 
brushes                 53/32768         636/393216   ( 0.2%) 
brushsides             318/65536        2544/524288   ( 0.5%) 
planes                 154/65536        3080/1310720  ( 0.2%) 
vertexes               888/65536       10656/786432   ( 1.4%) 
nodes                   74/65536        2368/2097152  ( 0.1%) 
texinfos                61/12288        4392/884736   ( 0.5%) 
texdata                 11/2048          352/65536    ( 0.5%) 
dispinfos                0/0               0/0        ( 0.0%) 
disp_verts               0/0               0/0        ( 0.0%) 
disp_tris                0/0               0/0        ( 0.0%) 
disp_lmsamples           0/0               0/0        ( 0.0%) 
faces                  635/65536       35560/3670016  ( 1.0%) 
hdr faces                0/65536           0/3670016  ( 0.0%) 
origfaces               89/65536        4984/3670016  ( 0.1%) 
leaves                  76/65536        2432/2097152  ( 0.1%) 
leaffaces             1029/65536        2058/131072   ( 1.6%) 
leafbrushes            100/65536         200/131072   ( 0.2%) 
areas                    2/1024           16/8192     ( 0.2%) 
surfedges             3248/512000      12992/2048000  ( 0.6%) 
edges                 1720/256000       6880/1024000  ( 0.7%) 
LDR worldlights          3/16384         264/1441792  ( 0.0%) 
HDR worldlights          0/16384           0/1441792  ( 0.0%) 
leafwaterdata            0/32768           0/393216   ( 0.0%) 
waterstrips             34/131072        340/1310720  ( 0.0%) 
waterverts               0/131072          0/1572864  ( 0.0%) 
waterindices           522/131072       1044/262144   ( 0.4%) 
cubemapsamples           2/1024           32/16384    ( 0.2%) 
overlays                 0/1024            0/360448   ( 0.0%) 
LDR lightdata         [variable]     7611444/0        ( 0.0%) 
HDR lightdata         [variable]           0/0        ( 0.0%) 
visdata               [variable]         425/16777216 ( 0.0%) 
entdata               [variable]        3232/393216   ( 0.8%) 
LDR ambient table       76/65536         304/262144   ( 0.1%) 
HDR ambient table       76/65536         304/262144   ( 0.1%) 
LDR leaf ambient        75/65536        2100/1835008  ( 0.1%) 
HDR leaf ambient        76/65536        2128/1835008  ( 0.1%) 
occluders                0/0               0/0        ( 0.0%) 
occluder polygons        0/0               0/0        ( 0.0%) 
occluder vert ind        0/0               0/0        ( 0.0%) 
detail props          [variable]           1/12       ( 8.3%) 
static props          [variable]           1/1198     ( 0.1%) 
pakfile               [variable]       49274/0        ( 0.0%) 
physics               [variable]       18123/4194304  ( 0.4%) 
physics terrain       [variable]           2/1048576  ( 0.0%) 

Level flags = 1

Total triangle count: 1622
Writing c:\program files (x86)\steam\steamapps\sourcemods\who\maps\tes_map2.bsp
4 seconds elapsed



[Reading texlights from 'lights.rad']
[48 texlights parsed from 'lights.rad']

Loading c:\program files (x86)\steam\steamapps\sourcemods\who\maps\tes_map2.bsp
635 faces
3230 square feet [465153.09 square inches]
0 Displacements
0 Square Feet [0.00 Square Inches]
635 patches before subdivision
60855 patches after subdivision
WARNING: light_spot at (208 -240 191) has inner angle larger than 90 degrees! Clamping to 90...
WARNING: light_spot at (208 -240 191) has outer angle larger than 90 degrees! Clamping to 90...
WARNING: light_spot at (208 -432 191) has inner angle larger than 90 degrees! Clamping to 90...
WARNING: light_spot at (208 -432 191) has outer angle larger than 90 degrees! Clamping to 90...
3 direct lights
0...1...2...3...4...5...6...7...8...9...100...1...2...3...4...5...6...7...8...9...10transfers 13805169, max 709
transfer lists: 105.3 megs
0...1...2...3...4...5...6...7...8...9...10	Bounce #1 added RGB(418028, 218043, 48939)
0...1...2...3...4...5...6...7...8...9...10	Bounce #2 added RGB(184788, 94233, 19955)
0...1...2...3...4...5...6...7...8...9...10	Bounce #3 added RGB(58034, 28537, 5256)
0...1...2...3...4...5...6...7...8...9...10	Bounce #4 added RGB(22971, 11048, 1924)
0...1...2...3...4...5...6...7...8...9...10	Bounce #5 added RGB(7655, 3551, 538)
0...1...2...3...4...5...6...7...8...9...10	Bounce #6 added RGB(2872, 1301, 185)
0...1...2...3...4...5...6...7...8...9...10	Bounce #7 added RGB(988, 432, 54)
0...1...2...3...4...5...6...7...8...9...10	Bounce #8 added RGB(361, 154, 18)
0...1...2...3...4...5...6...7...8...9...10	Bounce #9 added RGB(126, 52, 5)
0...1...2...3...4...5...6...7...8...9...10	Bounce #10 added RGB(45, 18, 2)
0...1...2...3...4...5...6...7...8...9...10	Bounce #11 added RGB(16, 6, 1)
0...1...2...3...4...5...6...7...8...9...10	Bounce #12 added RGB(6, 2, 0)
0...1...2...3...4...5...6...7...8...9...10	Bounce #13 added RGB(2, 1, 0)
0...1...2...3...4...5...6...7...8...9...10	Bounce #14 added RGB(1, 0, 0)
Build Patch/Sample Hash Table(s).....Done<0.0143 sec>
0...1...2...3...4...5...6...7...8...9...10FinalLightFace Done
0 of 0 (0% of) surface lights went in leaf ambient cubes.
0...1...2...3...4...5...6...7...8...9...10Writing leaf ambient...done
Computing static prop lighting : 00...1...2...3...4...5...6...7...8...9...10
Ready to Finish

Object names       Objects/Maxobjs  Memory / Maxmem  Fullness 
------------       ---------------  ---------------  -------- 
models                   1/4096           48/196608   ( 0.0%) 
brushes                 53/32768         636/393216   ( 0.2%) 
brushsides             318/65536        2544/524288   ( 0.5%) 
planes                 154/65536        3080/1310720  ( 0.2%) 
vertexes               888/65536       10656/786432   ( 1.4%) 
nodes                   74/65536        2368/2097152  ( 0.1%) 
texinfos                61/12288        4392/884736   ( 0.5%) 
texdata                 11/2048          352/65536    ( 0.5%) 
dispinfos                0/0               0/0        ( 0.0%) 
disp_verts               0/0               0/0        ( 0.0%) 
disp_tris                0/0               0/0        ( 0.0%) 
disp_lmsamples           0/0               0/0        ( 0.0%) 
faces                  635/65536       35560/3670016  ( 1.0%) 
hdr faces              635/65536       35560/3670016  ( 1.0%) 
origfaces               89/65536        4984/3670016  ( 0.1%) 
leaves                  76/65536        2432/2097152  ( 0.1%) 
leaffaces             1029/65536        2058/131072   ( 1.6%) 
leafbrushes            100/65536         200/131072   ( 0.2%) 
areas                    2/1024           16/8192     ( 0.2%) 
surfedges             3248/512000      12992/2048000  ( 0.6%) 
edges                 1720/256000       6880/1024000  ( 0.7%) 
LDR worldlights          3/16384         264/1441792  ( 0.0%) 
HDR worldlights          3/16384         264/1441792  ( 0.0%) 
leafwaterdata            0/32768           0/393216   ( 0.0%) 
waterstrips             34/131072        340/1310720  ( 0.0%) 
waterverts               0/131072          0/1572864  ( 0.0%) 
waterindices           522/131072       1044/262144   ( 0.4%) 
cubemapsamples           2/1024           32/16384    ( 0.2%) 
overlays                 0/1024            0/360448   ( 0.0%) 
LDR lightdata         [variable]     7611444/0        ( 0.0%) 
HDR lightdata         [variable]     7611444/0        ( 0.0%) 
visdata               [variable]         425/16777216 ( 0.0%) 
entdata               [variable]        3232/393216   ( 0.8%) 
LDR ambient table       76/65536         304/262144   ( 0.1%) 
HDR ambient table       76/65536         304/262144   ( 0.1%) 
LDR leaf ambient        75/65536        2100/1835008  ( 0.1%) 
HDR leaf ambient        75/65536        2100/1835008  ( 0.1%) 
occluders                0/0               0/0        ( 0.0%) 
occluder polygons        0/0               0/0        ( 0.0%) 
occluder vert ind        0/0               0/0        ( 0.0%) 
detail props          [variable]           1/12       ( 8.3%) 
static props          [variable]           1/1198     ( 0.1%) 
pakfile               [variable]       94930/0        ( 0.0%) 
physics               [variable]       18123/4194304  ( 0.4%) 
physics terrain       [variable]           2/1048576  ( 0.0%) 

Level flags = 3

Total triangle count: 1622
Writing c:\program files (x86)\steam\steamapps\sourcemods\who\maps\tes_map2.bsp
4 seconds elapsed



materialPath: C:\Program Files (x86)\Steam\steamapps\sourcemods\who\materials
Loading c:\program files (x86)\steam\steamapps\sourcemods\who\maps\tes_map2.vmf
ConVarRef mat_reduceparticles doesn't point to an existing ConVar
fixing up env_cubemap materials on brush sides...
0...1...2...3...4...5...6...7...8...9...100...1...2...3...4...5...6...7...8...9...10Processing areas...done (0)
Building Faces...done (0)
FixTjuncs...
PruneNodes...
WriteBSP...
done (0)
writing c:\program files (x86)\steam\steamapps\sourcemods\who\maps\tes_map2.prt...Building visibility clusters...
done (0)
Finding displacement neighbors...
Finding lightmap sample positions...
Displacement Alpha : 0...1...2...3...4...5...6...7...8...9...10
Building Physics collision data...
done (0) (18123 bytes)
Placing static props...
Placing detail props : 0...1...2...3...4...5...6...7...8...9...10
Compacting texture/material tables...
Reduced 164 texinfos to 63
Reduced 17 texdatas to 13 (641 bytes to 519)
Writing c:\program files (x86)\steam\steamapps\sourcemods\who\maps\tes_map2.bsp
0 seconds elapsed



8 threads
reading c:\program files (x86)\steam\steamapps\sourcemods\who\maps\tes_map2.bsp
reading c:\program files (x86)\steam\steamapps\sourcemods\who\maps\tes_map2.prt
  26 portalclusters
  57 numportals
0...1...2...3...4...5...6...7...8...9...100...1...2...3...4...5...6...7...8...9...10Optimized: 1 visible clusters (0.00%)
Total clusters visible: 631
Average clusters visible: 24
Building PAS...
Average clusters audible: 26
visdatasize:425  compressed from 416
writing c:\program files (x86)\steam\steamapps\sourcemods\who\maps\tes_map2.bsp
0 seconds elapsed



[Reading texlights from 'lights.rad']
[48 texlights parsed from 'lights.rad']

Loading c:\program files (x86)\steam\steamapps\sourcemods\who\maps\tes_map2.bsp
635 faces
3230 square feet [465153.09 square inches]
0 Displacements
0 Square Feet [0.00 Square Inches]
635 patches before subdivision
60855 patches after subdivision
WARNING: light_spot at (208 -240 191) has inner angle larger than 90 degrees! Clamping to 90...
WARNING: light_spot at (208 -240 191) has outer angle larger than 90 degrees! Clamping to 90...
WARNING: light_spot at (208 -432 191) has inner angle larger than 90 degrees! Clamping to 90...
WARNING: light_spot at (208 -432 191) has outer angle larger than 90 degrees! Clamping to 90...
3 direct lights
0...1...2...3...4...5...6...7...8...9...100...1...2...3...4...5...6...7...8...9...10transfers 13805169, max 709
transfer lists: 105.3 megs
0...1...2...3...4...5...6...7...8...9...10	Bounce #1 added RGB(417653, 223375, 52894)
0...1...2...3...4...5...6...7...8...9...10	Bounce #2 added RGB(184661, 95783, 20971)
0...1...2...3...4...5...6...7...8...9...10	Bounce #3 added RGB(57991, 29057, 5562)
0...1...2...3...4...5...6...7...8...9...10	Bounce #4 added RGB(22956, 11217, 2013)
0...1...2...3...4...5...6...7...8...9...10	Bounce #5 added RGB(7650, 3607, 565)
0...1...2...3...4...5...6...7...8...9...10	Bounce #6 added RGB(2870, 1320, 193)
0...1...2...3...4...5...6...7...8...9...10	Bounce #7 added RGB(987, 439, 56)
0...1...2...3...4...5...6...7...8...9...10	Bounce #8 added RGB(361, 156, 19)
0...1...2...3...4...5...6...7...8...9...10	Bounce #9 added RGB(126, 53, 6)
0...1...2...3...4...5...6...7...8...9...10	Bounce #10 added RGB(45, 19, 2)
0...1...2...3...4...5...6...7...8...9...10	Bounce #11 added RGB(16, 6, 1)
0...1...2...3...4...5...6...7...8...9...10	Bounce #12 added RGB(6, 2, 0)
0...1...2...3...4...5...6...7...8...9...10	Bounce #13 added RGB(2, 1, 0)
0...1...2...3...4...5...6...7...8...9...10	Bounce #14 added RGB(1, 0, 0)
Build Patch/Sample Hash Table(s).....Done<0.0136 sec>
0...1...2...3...4...5...6...7...8...9...10FinalLightFace Done
0 of 0 (0% of) surface lights went in leaf ambient cubes.
0...1...2...3...4...5...6...7...8...9...10Writing leaf ambient...done
Computing static prop lighting : 00...1...2...3...4...5...6...7...8...9...10
Ready to Finish

Object names       Objects/Maxobjs  Memory / Maxmem  Fullness 
------------       ---------------  ---------------  -------- 
models                   1/4096           48/196608   ( 0.0%) 
brushes                 53/32768         636/393216   ( 0.2%) 
brushsides             318/65536        2544/524288   ( 0.5%) 
planes                 154/65536        3080/1310720  ( 0.2%) 
vertexes               888/65536       10656/786432   ( 1.4%) 
nodes                   74/65536        2368/2097152  ( 0.1%) 
texinfos                63/12288        4536/884736   ( 0.5%) 
texdata                 13/2048          416/65536    ( 0.6%) 
dispinfos                0/0               0/0        ( 0.0%) 
disp_verts               0/0               0/0        ( 0.0%) 
disp_tris                0/0               0/0        ( 0.0%) 
disp_lmsamples           0/0               0/0        ( 0.0%) 
faces                  635/65536       35560/3670016  ( 1.0%) 
hdr faces                0/65536           0/3670016  ( 0.0%) 
origfaces               89/65536        4984/3670016  ( 0.1%) 
leaves                  76/65536        2432/2097152  ( 0.1%) 
leaffaces             1029/65536        2058/131072   ( 1.6%) 
leafbrushes            100/65536         200/131072   ( 0.2%) 
areas                    2/1024           16/8192     ( 0.2%) 
surfedges             3248/512000      12992/2048000  ( 0.6%) 
edges                 1720/256000       6880/1024000  ( 0.7%) 
LDR worldlights          3/16384         264/1441792  ( 0.0%) 
HDR worldlights          0/16384           0/1441792  ( 0.0%) 
leafwaterdata            0/32768           0/393216   ( 0.0%) 
waterstrips             34/131072        340/1310720  ( 0.0%) 
waterverts               0/131072          0/1572864  ( 0.0%) 
waterindices           522/131072       1044/262144   ( 0.4%) 
cubemapsamples           3/1024           48/16384    ( 0.3%) 
overlays                 0/1024            0/360448   ( 0.0%) 
LDR lightdata         [variable]     7611444/0        ( 0.0%) 
HDR lightdata         [variable]           0/0        ( 0.0%) 
visdata               [variable]         425/16777216 ( 0.0%) 
entdata               [variable]        3233/393216   ( 0.8%) 
LDR ambient table       76/65536         304/262144   ( 0.1%) 
HDR ambient table       76/65536         304/262144   ( 0.1%) 
LDR leaf ambient        75/65536        2100/1835008  ( 0.1%) 
HDR leaf ambient        76/65536        2128/1835008  ( 0.1%) 
occluders                0/0               0/0        ( 0.0%) 
occluder polygons        0/0               0/0        ( 0.0%) 
occluder vert ind        0/0               0/0        ( 0.0%) 
detail props          [variable]           1/12       ( 8.3%) 
static props          [variable]           1/1198     ( 0.1%) 
pakfile               [variable]       51068/0        ( 0.0%) 
physics               [variable]       18123/4194304  ( 0.4%) 
physics terrain       [variable]           2/1048576  ( 0.0%) 

Level flags = 1

Total triangle count: 1622
Writing c:\program files (x86)\steam\steamapps\sourcemods\who\maps\tes_map2.bsp
4 seconds elapsed



[Reading texlights from 'lights.rad']
[48 texlights parsed from 'lights.rad']

Loading c:\program files (x86)\steam\steamapps\sourcemods\who\maps\tes_map2.bsp
635 faces
3230 square feet [465153.09 square inches]
0 Displacements
0 Square Feet [0.00 Square Inches]
635 patches before subdivision
60855 patches after subdivision
WARNING: light_spot at (208 -240 191) has inner angle larger than 90 degrees! Clamping to 90...
WARNING: light_spot at (208 -240 191) has outer angle larger than 90 degrees! Clamping to 90...
WARNING: light_spot at (208 -432 191) has inner angle larger than 90 degrees! Clamping to 90...
WARNING: light_spot at (208 -432 191) has outer angle larger than 90 degrees! Clamping to 90...
3 direct lights
0...1...2...3...4...5...6...7...8...9...100...1...2...3...4...5...6...7...8...9...10transfers 13805169, max 709
transfer lists: 105.3 megs
0...1...2...3...4...5...6...7...8...9...10	Bounce #1 added RGB(418028, 218043, 48939)
0...1...2...3...4...5...6...7...8...9...10	Bounce #2 added RGB(184788, 94233, 19955)
0...1...2...3...4...5...6...7...8...9...10	Bounce #3 added RGB(58034, 28537, 5256)
0...1...2...3...4...5...6...7...8...9...10	Bounce #4 added RGB(22971, 11048, 1924)
0...1...2...3...4...5...6...7...8...9...10	Bounce #5 added RGB(7655, 3551, 538)
0...1...2...3...4...5...6...7...8...9...10	Bounce #6 added RGB(2872, 1301, 185)
0...1...2...3...4...5...6...7...8...9...10	Bounce #7 added RGB(988, 432, 54)
0...1...2...3...4...5...6...7...8...9...10	Bounce #8 added RGB(361, 154, 18)
0...1...2...3...4...5...6...7...8...9...10	Bounce #9 added RGB(126, 52, 5)
0...1...2...3...4...5...6...7...8...9...10	Bounce #10 added RGB(45, 18, 2)
0...1...2...3...4...5...6...7...8...9...10	Bounce #11 added RGB(16, 6, 1)
0...1...2...3...4...5...6...7...8...9...10	Bounce #12 added RGB(6, 2, 0)
0...1...2...3...4...5...6...7...8...9...10	Bounce #13 added RGB(2, 1, 0)
0...1...2...3...4...5...6...7...8...9...10	Bounce #14 added RGB(1, 0, 0)
Build Patch/Sample Hash Table(s).....Done<0.0137 sec>
0...1...2...3...4...5...6...7...8...9...10FinalLightFace Done
0 of 0 (0% of) surface lights went in leaf ambient cubes.
0...1...2...3...4...5...6...7...8...9...10Writing leaf ambient...done
Computing static prop lighting : 00...1...2...3...4...5...6...7...8...9...10
Ready to Finish

Object names       Objects/Maxobjs  Memory / Maxmem  Fullness 
------------       ---------------  ---------------  -------- 
models                   1/4096           48/196608   ( 0.0%) 
brushes                 53/32768         636/393216   ( 0.2%) 
brushsides             318/65536        2544/524288   ( 0.5%) 
planes                 154/65536        3080/1310720  ( 0.2%) 
vertexes               888/65536       10656/786432   ( 1.4%) 
nodes                   74/65536        2368/2097152  ( 0.1%) 
texinfos                63/12288        4536/884736   ( 0.5%) 
texdata                 13/2048          416/65536    ( 0.6%) 
dispinfos                0/0               0/0        ( 0.0%) 
disp_verts               0/0               0/0        ( 0.0%) 
disp_tris                0/0               0/0        ( 0.0%) 
disp_lmsamples           0/0               0/0        ( 0.0%) 
faces                  635/65536       35560/3670016  ( 1.0%) 
hdr faces              635/65536       35560/3670016  ( 1.0%) 
origfaces               89/65536        4984/3670016  ( 0.1%) 
leaves                  76/65536        2432/2097152  ( 0.1%) 
leaffaces             1029/65536        2058/131072   ( 1.6%) 
leafbrushes            100/65536         200/131072   ( 0.2%) 
areas                    2/1024           16/8192     ( 0.2%) 
surfedges             3248/512000      12992/2048000  ( 0.6%) 
edges                 1720/256000       6880/1024000  ( 0.7%) 
LDR worldlights          3/16384         264/1441792  ( 0.0%) 
HDR worldlights          3/16384         264/1441792  ( 0.0%) 
leafwaterdata            0/32768           0/393216   ( 0.0%) 
waterstrips             34/131072        340/1310720  ( 0.0%) 
waterverts               0/131072          0/1572864  ( 0.0%) 
waterindices           522/131072       1044/262144   ( 0.4%) 
cubemapsamples           3/1024           48/16384    ( 0.3%) 
overlays                 0/1024            0/360448   ( 0.0%) 
LDR lightdata         [variable]     7611444/0        ( 0.0%) 
HDR lightdata         [variable]     7611444/0        ( 0.0%) 
visdata               [variable]         425/16777216 ( 0.0%) 
entdata               [variable]        3233/393216   ( 0.8%) 
LDR ambient table       76/65536         304/262144   ( 0.1%) 
HDR ambient table       76/65536         304/262144   ( 0.1%) 
LDR leaf ambient        75/65536        2100/1835008  ( 0.1%) 
HDR leaf ambient        75/65536        2100/1835008  ( 0.1%) 
occluders                0/0               0/0        ( 0.0%) 
occluder polygons        0/0               0/0        ( 0.0%) 
occluder vert ind        0/0               0/0        ( 0.0%) 
detail props          [variable]           1/12       ( 8.3%) 
static props          [variable]           1/1198     ( 0.1%) 
pakfile               [variable]       96724/0        ( 0.0%) 
physics               [variable]       18123/4194304  ( 0.4%) 
physics terrain       [variable]           2/1048576  ( 0.0%) 

Level flags = 3

Total triangle count: 1622
Writing c:\program files (x86)\steam\steamapps\sourcemods\who\maps\tes_map2.bsp
4 seconds elapsed



materialPath: C:\Program Files (x86)\Steam\steamapps\sourcemods\who\materials
Loading c:\program files (x86)\steam\steamapps\sourcemods\who\maps\tes_map2.vmf
ConVarRef mat_reduceparticles doesn't point to an existing ConVar
fixing up env_cubemap materials on brush sides...
0...1...2...3...4...5...6...7...8...9...100...1...2...3...4...5...6...7...8...9...10Processing areas...done (0)
Building Faces...done (0)
FixTjuncs...
PruneNodes...
WriteBSP...
done (0)
writing c:\program files (x86)\steam\steamapps\sourcemods\who\maps\tes_map2.prt...Building visibility clusters...
done (0)
Finding displacement neighbors...
Finding lightmap sample positions...
Displacement Alpha : 0...1...2...3...4...5...6...7...8...9...10
Building Physics collision data...
done (0) (18123 bytes)
Placing static props...
Placing detail props : 0...1...2...3...4...5...6...7...8...9...10
Compacting texture/material tables...
Reduced 164 texinfos to 63
Reduced 17 texdatas to 13 (641 bytes to 519)
Writing c:\program files (x86)\steam\steamapps\sourcemods\who\maps\tes_map2.bsp
0 seconds elapsed



8 threads
reading c:\program files (x86)\steam\steamapps\sourcemods\who\maps\tes_map2.bsp
reading c:\program files (x86)\steam\steamapps\sourcemods\who\maps\tes_map2.prt
  26 portalclusters
  57 numportals
0...1...2...3...4...5...6...7...8...9...100...1...2...3...4...5...6...7...8...9...10Optimized: 1 visible clusters (0.00%)
Total clusters visible: 631
Average clusters visible: 24
Building PAS...
Average clusters audible: 26
visdatasize:425  compressed from 416
writing c:\program files (x86)\steam\steamapps\sourcemods\who\maps\tes_map2.bsp
0 seconds elapsed



[Reading texlights from 'lights.rad']
[48 texlights parsed from 'lights.rad']

Loading c:\program files (x86)\steam\steamapps\sourcemods\who\maps\tes_map2.bsp
635 faces
3230 square feet [465153.09 square inches]
0 Displacements
0 Square Feet [0.00 Square Inches]
635 patches before subdivision
60855 patches after subdivision
WARNING: light_spot at (208 -240 191) has inner angle larger than 90 degrees! Clamping to 90...
WARNING: light_spot at (208 -240 191) has outer angle larger than 90 degrees! Clamping to 90...
WARNING: light_spot at (208 -432 191) has inner angle larger than 90 degrees! Clamping to 90...
WARNING: light_spot at (208 -432 191) has outer angle larger than 90 degrees! Clamping to 90...
3 direct lights
0...1...2...3...4...5...6...7...8...9...100...1...2...3...4...5...6...7...8...9...10transfers 13805169, max 709
transfer lists: 105.3 megs
0...1...2...3...4...5...6...7...8...9...10	Bounce #1 added RGB(417653, 223374, 52894)
0...1...2...3...4...5...6...7...8...9...10	Bounce #2 added RGB(184661, 95783, 20971)
0...1...2...3...4...5...6...7...8...9...10	Bounce #3 added RGB(57991, 29057, 5562)
0...1...2...3...4...5...6...7...8...9...10	Bounce #4 added RGB(22956, 11217, 2013)
0...1...2...3...4...5...6...7...8...9...10	Bounce #5 added RGB(7650, 3607, 565)
0...1...2...3...4...5...6...7...8...9...10	Bounce #6 added RGB(2870, 1320, 193)
0...1...2...3...4...5...6...7...8...9...10	Bounce #7 added RGB(987, 439, 56)
0...1...2...3...4...5...6...7...8...9...10	Bounce #8 added RGB(361, 156, 19)
0...1...2...3...4...5...6...7...8...9...10	Bounce #9 added RGB(126, 53, 6)
0...1...2...3...4...5...6...7...8...9...10	Bounce #10 added RGB(45, 19, 2)
0...1...2...3...4...5...6...7...8...9...10	Bounce #11 added RGB(16, 6, 1)
0...1...2...3...4...5...6...7...8...9...10	Bounce #12 added RGB(6, 2, 0)
0...1...2...3...4...5...6...7...8...9...10	Bounce #13 added RGB(2, 1, 0)
0...1...2...3...4...5...6...7...8...9...10	Bounce #14 added RGB(1, 0, 0)
Build Patch/Sample Hash Table(s).....Done<0.0147 sec>
0...1...2...3...4...5...6...7...8...9...10FinalLightFace Done
0 of 0 (0% of) surface lights went in leaf ambient cubes.
0...1...2...3...4...5...6...7...8...9...10Writing leaf ambient...done
Computing static prop lighting : 00...1...2...3...4...5...6...7...8...9...10
Ready to Finish

Object names       Objects/Maxobjs  Memory / Maxmem  Fullness 
------------       ---------------  ---------------  -------- 
models                   1/4096           48/196608   ( 0.0%) 
brushes                 53/32768         636/393216   ( 0.2%) 
brushsides             318/65536        2544/524288   ( 0.5%) 
planes                 154/65536        3080/1310720  ( 0.2%) 
vertexes               888/65536       10656/786432   ( 1.4%) 
nodes                   74/65536        2368/2097152  ( 0.1%) 
texinfos                63/12288        4536/884736   ( 0.5%) 
texdata                 13/2048          416/65536    ( 0.6%) 
dispinfos                0/0               0/0        ( 0.0%) 
disp_verts               0/0               0/0        ( 0.0%) 
disp_tris                0/0               0/0        ( 0.0%) 
disp_lmsamples           0/0               0/0        ( 0.0%) 
faces                  635/65536       35560/3670016  ( 1.0%) 
hdr faces                0/65536           0/3670016  ( 0.0%) 
origfaces               89/65536        4984/3670016  ( 0.1%) 
leaves                  76/65536        2432/2097152  ( 0.1%) 
leaffaces             1029/65536        2058/131072   ( 1.6%) 
leafbrushes            100/65536         200/131072   ( 0.2%) 
areas                    2/1024           16/8192     ( 0.2%) 
surfedges             3248/512000      12992/2048000  ( 0.6%) 
edges                 1720/256000       6880/1024000  ( 0.7%) 
LDR worldlights          3/16384         264/1441792  ( 0.0%) 
HDR worldlights          0/16384           0/1441792  ( 0.0%) 
leafwaterdata            0/32768           0/393216   ( 0.0%) 
waterstrips             34/131072        340/1310720  ( 0.0%) 
waterverts               0/131072          0/1572864  ( 0.0%) 
waterindices           522/131072       1044/262144   ( 0.4%) 
cubemapsamples           3/1024           48/16384    ( 0.3%) 
overlays                 0/1024            0/360448   ( 0.0%) 
LDR lightdata         [variable]     7611444/0        ( 0.0%) 
HDR lightdata         [variable]           0/0        ( 0.0%) 
visdata               [variable]         425/16777216 ( 0.0%) 
entdata               [variable]        3233/393216   ( 0.8%) 
LDR ambient table       76/65536         304/262144   ( 0.1%) 
HDR ambient table       76/65536         304/262144   ( 0.1%) 
LDR leaf ambient        75/65536        2100/1835008  ( 0.1%) 
HDR leaf ambient        76/65536        2128/1835008  ( 0.1%) 
occluders                0/0               0/0        ( 0.0%) 
occluder polygons        0/0               0/0        ( 0.0%) 
occluder vert ind        0/0               0/0        ( 0.0%) 
detail props          [variable]           1/12       ( 8.3%) 
static props          [variable]           1/1198     ( 0.1%) 
pakfile               [variable]       51068/0        ( 0.0%) 
physics               [variable]       18123/4194304  ( 0.4%) 
physics terrain       [variable]           2/1048576  ( 0.0%) 

Level flags = 1

Total triangle count: 1622
Writing c:\program files (x86)\steam\steamapps\sourcemods\who\maps\tes_map2.bsp
4 seconds elapsed



[Reading texlights from 'lights.rad']
[48 texlights parsed from 'lights.rad']

Loading c:\program files (x86)\steam\steamapps\sourcemods\who\maps\tes_map2.bsp
635 faces
3230 square feet [465153.09 square inches]
0 Displacements
0 Square Feet [0.00 Square Inches]
635 patches before subdivision
60855 patches after subdivision
WARNING: light_spot at (208 -240 191) has inner angle larger than 90 degrees! Clamping to 90...
WARNING: light_spot at (208 -240 191) has outer angle larger than 90 degrees! Clamping to 90...
WARNING: light_spot at (208 -432 191) has inner angle larger than 90 degrees! Clamping to 90...
WARNING: light_spot at (208 -432 191) has outer angle larger than 90 degrees! Clamping to 90...
3 direct lights
0...1...2...3...4...5...6...7...8...9...100...1...2...3...4...5...6...7...8...9...10transfers 13805169, max 709
transfer lists: 105.3 megs
0...1...2...3...4...5...6...7...8...9...10	Bounce #1 added RGB(418028, 218043, 48939)
0...1...2...3...4...5...6...7...8...9...10	Bounce #2 added RGB(184788, 94233, 19955)
0...1...2...3...4...5...6...7...8...9...10	Bounce #3 added RGB(58034, 28537, 5256)
0...1...2...3...4...5...6...7...8...9...10	Bounce #4 added RGB(22971, 11048, 1924)
0...1...2...3...4...5...6...7...8...9...10	Bounce #5 added RGB(7655, 3551, 538)
0...1...2...3...4...5...6...7...8...9...10	Bounce #6 added RGB(2872, 1301, 185)
0...1...2...3...4...5...6...7...8...9...10	Bounce #7 added RGB(988, 432, 54)
0...1...2...3...4...5...6...7...8...9...10	Bounce #8 added RGB(361, 154, 18)
0...1...2...3...4...5...6...7...8...9...10	Bounce #9 added RGB(126, 52, 5)
0...1...2...3...4...5...6...7...8...9...10	Bounce #10 added RGB(45, 18, 2)
0...1...2...3...4...5...6...7...8...9...10	Bounce #11 added RGB(16, 6, 1)
0...1...2...3...4...5...6...7...8...9...10	Bounce #12 added RGB(6, 2, 0)
0...1...2...3...4...5...6...7...8...9...10	Bounce #13 added RGB(2, 1, 0)
0...1...2...3...4...5...6...7...8...9...10	Bounce #14 added RGB(1, 0, 0)
Build Patch/Sample Hash Table(s).....Done<0.0140 sec>
0...1...2...3...4...5...6...7...8...9...10FinalLightFace Done
0 of 0 (0% of) surface lights went in leaf ambient cubes.
0...1...2...3...4...5...6...7...8...9...10Writing leaf ambient...done
Computing static prop lighting : 00...1...2...3...4...5...6...7...8...9...10
Ready to Finish

Object names       Objects/Maxobjs  Memory / Maxmem  Fullness 
------------       ---------------  ---------------  -------- 
models                   1/4096           48/196608   ( 0.0%) 
brushes                 53/32768         636/393216   ( 0.2%) 
brushsides             318/65536        2544/524288   ( 0.5%) 
planes                 154/65536        3080/1310720  ( 0.2%) 
vertexes               888/65536       10656/786432   ( 1.4%) 
nodes                   74/65536        2368/2097152  ( 0.1%) 
texinfos                63/12288        4536/884736   ( 0.5%) 
texdata                 13/2048          416/65536    ( 0.6%) 
dispinfos                0/0               0/0        ( 0.0%) 
disp_verts               0/0               0/0        ( 0.0%) 
disp_tris                0/0               0/0        ( 0.0%) 
disp_lmsamples           0/0               0/0        ( 0.0%) 
faces                  635/65536       35560/3670016  ( 1.0%) 
hdr faces              635/65536       35560/3670016  ( 1.0%) 
origfaces               89/65536        4984/3670016  ( 0.1%) 
leaves                  76/65536        2432/2097152  ( 0.1%) 
leaffaces             1029/65536        2058/131072   ( 1.6%) 
leafbrushes            100/65536         200/131072   ( 0.2%) 
areas                    2/1024           16/8192     ( 0.2%) 
surfedges             3248/512000      12992/2048000  ( 0.6%) 
edges                 1720/256000       6880/1024000  ( 0.7%) 
LDR worldlights          3/16384         264/1441792  ( 0.0%) 
HDR worldlights          3/16384         264/1441792  ( 0.0%) 
leafwaterdata            0/32768           0/393216   ( 0.0%) 
waterstrips             34/131072        340/1310720  ( 0.0%) 
waterverts               0/131072          0/1572864  ( 0.0%) 
waterindices           522/131072       1044/262144   ( 0.4%) 
cubemapsamples           3/1024           48/16384    ( 0.3%) 
overlays                 0/1024            0/360448   ( 0.0%) 
LDR lightdata         [variable]     7611444/0        ( 0.0%) 
HDR lightdata         [variable]     7611444/0        ( 0.0%) 
visdata               [variable]         425/16777216 ( 0.0%) 
entdata               [variable]        3233/393216   ( 0.8%) 
LDR ambient table       76/65536         304/262144   ( 0.1%) 
HDR ambient table       76/65536         304/262144   ( 0.1%) 
LDR leaf ambient        75/65536        2100/1835008  ( 0.1%) 
HDR leaf ambient        75/65536        2100/1835008  ( 0.1%) 
occluders                0/0               0/0        ( 0.0%) 
occluder polygons        0/0               0/0        ( 0.0%) 
occluder vert ind        0/0               0/0        ( 0.0%) 
detail props          [variable]           1/12       ( 8.3%) 
static props          [variable]           1/1198     ( 0.1%) 
pakfile               [variable]       96724/0        ( 0.0%) 
physics               [variable]       18123/4194304  ( 0.4%) 
physics terrain       [variable]           2/1048576  ( 0.0%) 

Level flags = 3

Total triangle count: 1622
Writing c:\program files (x86)\steam\steamapps\sourcemods\who\maps\tes_map2.bsp
4 seconds elapsed



materialPath: C:\Program Files (x86)\Steam\steamapps\sourcemods\who\materials
Loading c:\program files (x86)\steam\steamapps\sourcemods\who\maps\tes_map2.vmf
ConVarRef mat_reduceparticles doesn't point to an existing ConVar
fixing up env_cubemap materials on brush sides...
0...1...2...3...4...5...6...7...8...9...100...1...2...3...4...5...6...7...8...9...10Processing areas...done (0)
Building Faces...done (0)
FixTjuncs...
PruneNodes...
WriteBSP...
done (0)
writing c:\program files (x86)\steam\steamapps\sourcemods\who\maps\tes_map2.prt...Building visibility clusters...
done (0)
Finding displacement neighbors...
Finding lightmap sample positions...
Displacement Alpha : 0...1...2...3...4...5...6...7...8...9...10
Building Physics collision data...
done (0) (18123 bytes)
Placing static props...
Placing detail props : 0...1...2...3...4...5...6...7...8...9...10
Compacting texture/material tables...
Reduced 164 texinfos to 63
Reduced 17 texdatas to 13 (641 bytes to 519)
Writing c:\program files (x86)\steam\steamapps\sourcemods\who\maps\tes_map2.bsp
0 seconds elapsed



8 threads
reading c:\program files (x86)\steam\steamapps\sourcemods\who\maps\tes_map2.bsp
reading c:\program files (x86)\steam\steamapps\sourcemods\who\maps\tes_map2.prt
  26 portalclusters
  57 numportals
0...1...2...3...4...5...6...7...8...9...100...1...2...3...4...5...6...7...8...9...10Optimized: 1 visible clusters (0.00%)
Total clusters visible: 631
Average clusters visible: 24
Building PAS...
Average clusters audible: 26
visdatasize:425  compressed from 416
writing c:\program files (x86)\steam\steamapps\sourcemods\who\maps\tes_map2.bsp
0 seconds elapsed



[Reading texlights from 'lights.rad']
[48 texlights parsed from 'lights.rad']

Loading c:\program files (x86)\steam\steamapps\sourcemods\who\maps\tes_map2.bsp
635 faces
3230 square feet [465153.09 square inches]
0 Displacements
0 Square Feet [0.00 Square Inches]
635 patches before subdivision
60855 patches after subdivision
WARNING: light_spot at (208 -240 191) has inner angle larger than 90 degrees! Clamping to 90...
WARNING: light_spot at (208 -240 191) has outer angle larger than 90 degrees! Clamping to 90...
WARNING: light_spot at (208 -432 191) has inner angle larger than 90 degrees! Clamping to 90...
WARNING: light_spot at (208 -432 191) has outer angle larger than 90 degrees! Clamping to 90...
3 direct lights
0...1...2...3...4...5...6...7...8...9...100...1...2...3...4...5...6...7...8...9...10transfers 13805169, max 709
transfer lists: 105.3 megs
0...1...2...3...4...5...6...7...8...9...10	Bounce #1 added RGB(241303, 131544, 32309)
0...1...2...3...4...5...6...7...8...9...10	Bounce #2 added RGB(106698, 56074, 12569)
0...1...2...3...4...5...6...7...8...9...10	Bounce #3 added RGB(33508, 17034, 3349)
0...1...2...3...4...5...6...7...8...9...10	Bounce #4 added RGB(13265, 6561, 1203)
0...1...2...3...4...5...6...7...8...9...10	Bounce #5 added RGB(4420, 2111, 338)
0...1...2...3...4...5...6...7...8...9...10	Bounce #6 added RGB(1658, 771, 115)
0...1...2...3...4...5...6...7...8...9...10	Bounce #7 added RGB(570, 256, 34)
0...1...2...3...4...5...6...7...8...9...10	Bounce #8 added RGB(208, 91, 11)
0...1...2...3...4...5...6...7...8...9...10	Bounce #9 added RGB(73, 31, 3)
0...1...2...3...4...5...6...7...8...9...10	Bounce #10 added RGB(26, 11, 1)
0...1...2...3...4...5...6...7...8...9...10	Bounce #11 added RGB(9, 4, 0)
0...1...2...3...4...5...6...7...8...9...10	Bounce #12 added RGB(3, 1, 0)
0...1...2...3...4...5...6...7...8...9...10	Bounce #13 added RGB(1, 0, 0)
0...1...2...3...4...5...6...7...8...9...10	Bounce #14 added RGB(0, 0, 0)
Build Patch/Sample Hash Table(s).....Done<0.0142 sec>
0...1...2...3...4...5...6...7...8...9...10FinalLightFace Done
0 of 0 (0% of) surface lights went in leaf ambient cubes.
0...1...2...3...4...5...6...7...8...9...10Writing leaf ambient...done
Computing static prop lighting : 00...1...2...3...4...5...6...7...8...9...10
Ready to Finish

Object names       Objects/Maxobjs  Memory / Maxmem  Fullness 
------------       ---------------  ---------------  -------- 
models                   1/4096           48/196608   ( 0.0%) 
brushes                 53/32768         636/393216   ( 0.2%) 
brushsides             318/65536        2544/524288   ( 0.5%) 
planes                 154/65536        3080/1310720  ( 0.2%) 
vertexes               888/65536       10656/786432   ( 1.4%) 
nodes                   74/65536        2368/2097152  ( 0.1%) 
texinfos                63/12288        4536/884736   ( 0.5%) 
texdata                 13/2048          416/65536    ( 0.6%) 
dispinfos                0/0               0/0        ( 0.0%) 
disp_verts               0/0               0/0        ( 0.0%) 
disp_tris                0/0               0/0        ( 0.0%) 
disp_lmsamples           0/0               0/0        ( 0.0%) 
faces                  635/65536       35560/3670016  ( 1.0%) 
hdr faces                0/65536           0/3670016  ( 0.0%) 
origfaces               89/65536        4984/3670016  ( 0.1%) 
leaves                  76/65536        2432/2097152  ( 0.1%) 
leaffaces             1029/65536        2058/131072   ( 1.6%) 
leafbrushes            100/65536         200/131072   ( 0.2%) 
areas                    2/1024           16/8192     ( 0.2%) 
surfedges             3248/512000      12992/2048000  ( 0.6%) 
edges                 1720/256000       6880/1024000  ( 0.7%) 
LDR worldlights          3/16384         264/1441792  ( 0.0%) 
HDR worldlights          0/16384           0/1441792  ( 0.0%) 
leafwaterdata            0/32768           0/393216   ( 0.0%) 
waterstrips             34/131072        340/1310720  ( 0.0%) 
waterverts               0/131072          0/1572864  ( 0.0%) 
waterindices           522/131072       1044/262144   ( 0.4%) 
cubemapsamples           3/1024           48/16384    ( 0.3%) 
overlays                 0/1024            0/360448   ( 0.0%) 
LDR lightdata         [variable]     7611444/0        ( 0.0%) 
HDR lightdata         [variable]           0/0        ( 0.0%) 
visdata               [variable]         425/16777216 ( 0.0%) 
entdata               [variable]        3233/393216   ( 0.8%) 
LDR ambient table       76/65536         304/262144   ( 0.1%) 
HDR ambient table       76/65536         304/262144   ( 0.1%) 
LDR leaf ambient        76/65536        2128/1835008  ( 0.1%) 
HDR leaf ambient        76/65536        2128/1835008  ( 0.1%) 
occluders                0/0               0/0        ( 0.0%) 
occluder polygons        0/0               0/0        ( 0.0%) 
occluder vert ind        0/0               0/0        ( 0.0%) 
detail props          [variable]           1/12       ( 8.3%) 
static props          [variable]           1/1198     ( 0.1%) 
pakfile               [variable]       51068/0        ( 0.0%) 
physics               [variable]       18123/4194304  ( 0.4%) 
physics terrain       [variable]           2/1048576  ( 0.0%) 

Level flags = 1

Total triangle count: 1622
Writing c:\program files (x86)\steam\steamapps\sourcemods\who\maps\tes_map2.bsp
4 seconds elapsed



[Reading texlights from 'lights.rad']
[48 texlights parsed from 'lights.rad']

Loading c:\program files (x86)\steam\steamapps\sourcemods\who\maps\tes_map2.bsp
635 faces
3230 square feet [465153.09 square inches]
0 Displacements
0 Square Feet [0.00 Square Inches]
635 patches before subdivision
60855 patches after subdivision
WARNING: light_spot at (208 -240 191) has inner angle larger than 90 degrees! Clamping to 90...
WARNING: light_spot at (208 -240 191) has outer angle larger than 90 degrees! Clamping to 90...
WARNING: light_spot at (208 -432 191) has inner angle larger than 90 degrees! Clamping to 90...
WARNING: light_spot at (208 -432 191) has outer angle larger than 90 degrees! Clamping to 90...
3 direct lights
0...1...2...3...4...5...6...7...8...9...100...1...2...3...4...5...6...7...8...9...10transfers 13805169, max 709
transfer lists: 105.3 megs
0...1...2...3...4...5...6...7...8...9...10	Bounce #1 added RGB(241511, 126128, 28337)
0...1...2...3...4...5...6...7...8...9...10	Bounce #2 added RGB(106769, 54497, 11548)
0...1...2...3...4...5...6...7...8...9...10	Bounce #3 added RGB(33532, 16504, 3042)
0...1...2...3...4...5...6...7...8...9...10	Bounce #4 added RGB(13273, 6389, 1114)
0...1...2...3...4...5...6...7...8...9...10	Bounce #5 added RGB(4423, 2053, 311)
0...1...2...3...4...5...6...7...8...9...10	Bounce #6 added RGB(1659, 752, 107)
0...1...2...3...4...5...6...7...8...9...10	Bounce #7 added RGB(571, 250, 31)
0...1...2...3...4...5...6...7...8...9...10	Bounce #8 added RGB(209, 89, 10)
0...1...2...3...4...5...6...7...8...9...10	Bounce #9 added RGB(73, 30, 3)
0...1...2...3...4...5...6...7...8...9...10	Bounce #10 added RGB(26, 11, 1)
0...1...2...3...4...5...6...7...8...9...10	Bounce #11 added RGB(9, 4, 0)
0...1...2...3...4...5...6...7...8...9...10	Bounce #12 added RGB(3, 1, 0)
0...1...2...3...4...5...6...7...8...9...10	Bounce #13 added RGB(1, 0, 0)
0...1...2...3...4...5...6...7...8...9...10	Bounce #14 added RGB(0, 0, 0)
Build Patch/Sample Hash Table(s).....Done<0.0137 sec>
0...1...2...3...4...5...6...7...8...9...10FinalLightFace Done
0 of 0 (0% of) surface lights went in leaf ambient cubes.
0...1...2...3...4...5...6...7...8...9...10Writing leaf ambient...done
Computing static prop lighting : 00...1...2...3...4...5...6...7...8...9...10
Ready to Finish

Object names       Objects/Maxobjs  Memory / Maxmem  Fullness 
------------       ---------------  ---------------  -------- 
models                   1/4096           48/196608   ( 0.0%) 
brushes                 53/32768         636/393216   ( 0.2%) 
brushsides             318/65536        2544/524288   ( 0.5%) 
planes                 154/65536        3080/1310720  ( 0.2%) 
vertexes               888/65536       10656/786432   ( 1.4%) 
nodes                   74/65536        2368/2097152  ( 0.1%) 
texinfos                63/12288        4536/884736   ( 0.5%) 
texdata                 13/2048          416/65536    ( 0.6%) 
dispinfos                0/0               0/0        ( 0.0%) 
disp_verts               0/0               0/0        ( 0.0%) 
disp_tris                0/0               0/0        ( 0.0%) 
disp_lmsamples           0/0               0/0        ( 0.0%) 
faces                  635/65536       35560/3670016  ( 1.0%) 
hdr faces              635/65536       35560/3670016  ( 1.0%) 
origfaces               89/65536        4984/3670016  ( 0.1%) 
leaves                  76/65536        2432/2097152  ( 0.1%) 
leaffaces             1029/65536        2058/131072   ( 1.6%) 
leafbrushes            100/65536         200/131072   ( 0.2%) 
areas                    2/1024           16/8192     ( 0.2%) 
surfedges             3248/512000      12992/2048000  ( 0.6%) 
edges                 1720/256000       6880/1024000  ( 0.7%) 
LDR worldlights          3/16384         264/1441792  ( 0.0%) 
HDR worldlights          3/16384         264/1441792  ( 0.0%) 
leafwaterdata            0/32768           0/393216   ( 0.0%) 
waterstrips             34/131072        340/1310720  ( 0.0%) 
waterverts               0/131072          0/1572864  ( 0.0%) 
waterindices           522/131072       1044/262144   ( 0.4%) 
cubemapsamples           3/1024           48/16384    ( 0.3%) 
overlays                 0/1024            0/360448   ( 0.0%) 
LDR lightdata         [variable]     7611444/0        ( 0.0%) 
HDR lightdata         [variable]     7611444/0        ( 0.0%) 
visdata               [variable]         425/16777216 ( 0.0%) 
entdata               [variable]        3233/393216   ( 0.8%) 
LDR ambient table       76/65536         304/262144   ( 0.1%) 
HDR ambient table       76/65536         304/262144   ( 0.1%) 
LDR leaf ambient        76/65536        2128/1835008  ( 0.1%) 
HDR leaf ambient        75/65536        2100/1835008  ( 0.1%) 
occluders                0/0               0/0        ( 0.0%) 
occluder polygons        0/0               0/0        ( 0.0%) 
occluder vert ind        0/0               0/0        ( 0.0%) 
detail props          [variable]           1/12       ( 8.3%) 
static props          [variable]           1/1198     ( 0.1%) 
pakfile               [variable]       96724/0        ( 0.0%) 
physics               [variable]       18123/4194304  ( 0.4%) 
physics terrain       [variable]           2/1048576  ( 0.0%) 

Level flags = 3

Total triangle count: 1622
Writing c:\program files (x86)\steam\steamapps\sourcemods\who\maps\tes_map2.bsp
4 seconds elapsed



materialPath: C:\Program Files (x86)\Steam\steamapps\sourcemods\who\materials
Loading c:\program files (x86)\steam\steamapps\sourcemods\who\maps\tes_map2.vmf
ConVarRef mat_reduceparticles doesn't point to an existing ConVar
fixing up env_cubemap materials on brush sides...
0...1...2...3...4...5...6...7...8...9...100...1...2...3...4...5...6...7...8...9...10Processing areas...done (0)
Building Faces...done (0)
FixTjuncs...
PruneNodes...
WriteBSP...
done (0)
writing c:\program files (x86)\steam\steamapps\sourcemods\who\maps\tes_map2.prt...Building visibility clusters...
done (0)
Finding displacement neighbors...
Finding lightmap sample positions...
Displacement Alpha : 0...1...2...3...4...5...6...7...8...9...10
Building Physics collision data...
done (0) (18123 bytes)
Placing static props...
Placing detail props : 0...1...2...3...4...5...6...7...8...9...10
Compacting texture/material tables...
Reduced 164 texinfos to 63
Reduced 17 texdatas to 13 (641 bytes to 519)
Writing c:\program files (x86)\steam\steamapps\sourcemods\who\maps\tes_map2.bsp
0 seconds elapsed



8 threads
reading c:\program files (x86)\steam\steamapps\sourcemods\who\maps\tes_map2.bsp
reading c:\program files (x86)\steam\steamapps\sourcemods\who\maps\tes_map2.prt
  26 portalclusters
  57 numportals
0...1...2...3...4...5...6...7...8...9...100...1...2...3...4...5...6...7...8...9...10Optimized: 1 visible clusters (0.00%)
Total clusters visible: 631
Average clusters visible: 24
Building PAS...
Average clusters audible: 26
visdatasize:425  compressed from 416
writing c:\program files (x86)\steam\steamapps\sourcemods\who\maps\tes_map2.bsp
0 seconds elapsed



[Reading texlights from 'lights.rad']
[48 texlights parsed from 'lights.rad']

Loading c:\program files (x86)\steam\steamapps\sourcemods\who\maps\tes_map2.bsp
635 faces
3230 square feet [465153.09 square inches]
0 Displacements
0 Square Feet [0.00 Square Inches]
635 patches before subdivision
60855 patches after subdivision
WARNING: light_spot at (208 -240 191) has inner angle larger than 90 degrees! Clamping to 90...
WARNING: light_spot at (208 -240 191) has outer angle larger than 90 degrees! Clamping to 90...
WARNING: light_spot at (208 -432 191) has inner angle larger than 90 degrees! Clamping to 90...
WARNING: light_spot at (208 -432 191) has outer angle larger than 90 degrees! Clamping to 90...
3 direct lights
0...1...2...3...4...5...6...7...8...9...100...1...2...3...4...5...6...7...8...9...10transfers 13805169, max 709
transfer lists: 105.3 megs
0...1...2...3...4...5...6...7...8...9...10	Bounce #1 added RGB(241303, 131544, 32309)
0...1...2...3...4...5...6...7...8...9...10	Bounce #2 added RGB(106698, 56074, 12569)
0...1...2...3...4...5...6...7...8...9...10	Bounce #3 added RGB(33508, 17034, 3349)
0...1...2...3...4...5...6...7...8...9...10	Bounce #4 added RGB(13265, 6561, 1203)
0...1...2...3...4...5...6...7...8...9...10	Bounce #5 added RGB(4420, 2111, 338)
0...1...2...3...4...5...6...7...8...9...10	Bounce #6 added RGB(1658, 771, 115)
0...1...2...3...4...5...6...7...8...9...10	Bounce #7 added RGB(570, 256, 34)
0...1...2...3...4...5...6...7...8...9...10	Bounce #8 added RGB(208, 91, 11)
0...1...2...3...4...5...6...7...8...9...10	Bounce #9 added RGB(73, 31, 3)
0...1...2...3...4...5...6...7...8...9...10	Bounce #10 added RGB(26, 11, 1)
0...1...2...3...4...5...6...7...8...9...10	Bounce #11 added RGB(9, 4, 0)
0...1...2...3...4...5...6...7...8...9...10	Bounce #12 added RGB(3, 1, 0)
0...1...2...3...4...5...6...7...8...9...10	Bounce #13 added RGB(1, 0, 0)
0...1...2...3...4...5...6...7...8...9...10	Bounce #14 added RGB(0, 0, 0)
Build Patch/Sample Hash Table(s).....Done<0.0174 sec>
0...1...2...3...4...5...6...7...8...9...10FinalLightFace Done
0 of 0 (0% of) surface lights went in leaf ambient cubes.
0...1...2...3...4...5...6...7...8...9...10Writing leaf ambient...done
Computing static prop lighting : 00...1...2...3...4...5...6...7...8...9...10
Ready to Finish

Object names       Objects/Maxobjs  Memory / Maxmem  Fullness 
------------       ---------------  ---------------  -------- 
models                   1/4096           48/196608   ( 0.0%) 
brushes                 53/32768         636/393216   ( 0.2%) 
brushsides             318/65536        2544/524288   ( 0.5%) 
planes                 154/65536        3080/1310720  ( 0.2%) 
vertexes               888/65536       10656/786432   ( 1.4%) 
nodes                   74/65536        2368/2097152  ( 0.1%) 
texinfos                63/12288        4536/884736   ( 0.5%) 
texdata                 13/2048          416/65536    ( 0.6%) 
dispinfos                0/0               0/0        ( 0.0%) 
disp_verts               0/0               0/0        ( 0.0%) 
disp_tris                0/0               0/0        ( 0.0%) 
disp_lmsamples           0/0               0/0        ( 0.0%) 
faces                  635/65536       35560/3670016  ( 1.0%) 
hdr faces                0/65536           0/3670016  ( 0.0%) 
origfaces               89/65536        4984/3670016  ( 0.1%) 
leaves                  76/65536        2432/2097152  ( 0.1%) 
leaffaces             1029/65536        2058/131072   ( 1.6%) 
leafbrushes            100/65536         200/131072   ( 0.2%) 
areas                    2/1024           16/8192     ( 0.2%) 
surfedges             3248/512000      12992/2048000  ( 0.6%) 
edges                 1720/256000       6880/1024000  ( 0.7%) 
LDR worldlights          3/16384         264/1441792  ( 0.0%) 
HDR worldlights          0/16384           0/1441792  ( 0.0%) 
leafwaterdata            0/32768           0/393216   ( 0.0%) 
waterstrips             34/131072        340/1310720  ( 0.0%) 
waterverts               0/131072          0/1572864  ( 0.0%) 
waterindices           522/131072       1044/262144   ( 0.4%) 
cubemapsamples           3/1024           48/16384    ( 0.3%) 
overlays                 0/1024            0/360448   ( 0.0%) 
LDR lightdata         [variable]     7611444/0        ( 0.0%) 
HDR lightdata         [variable]           0/0        ( 0.0%) 
visdata               [variable]         425/16777216 ( 0.0%) 
entdata               [variable]        3233/393216   ( 0.8%) 
LDR ambient table       76/65536         304/262144   ( 0.1%) 
HDR ambient table       76/65536         304/262144   ( 0.1%) 
LDR leaf ambient        76/65536        2128/1835008  ( 0.1%) 
HDR leaf ambient        76/65536        2128/1835008  ( 0.1%) 
occluders                0/0               0/0        ( 0.0%) 
occluder polygons        0/0               0/0        ( 0.0%) 
occluder vert ind        0/0               0/0        ( 0.0%) 
detail props          [variable]           1/12       ( 8.3%) 
static props          [variable]           1/1198     ( 0.1%) 
pakfile               [variable]       51068/0        ( 0.0%) 
physics               [variable]       18123/4194304  ( 0.4%) 
physics terrain       [variable]           2/1048576  ( 0.0%) 

Level flags = 1

Total triangle count: 1622
Writing c:\program files (x86)\steam\steamapps\sourcemods\who\maps\tes_map2.bsp
4 seconds elapsed



[Reading texlights from 'lights.rad']
[48 texlights parsed from 'lights.rad']

Loading c:\program files (x86)\steam\steamapps\sourcemods\who\maps\tes_map2.bsp
635 faces
3230 square feet [465153.09 square inches]
0 Displacements
0 Square Feet [0.00 Square Inches]
635 patches before subdivision
60855 patches after subdivision
WARNING: light_spot at (208 -240 191) has inner angle larger than 90 degrees! Clamping to 90...
WARNING: light_spot at (208 -240 191) has outer angle larger than 90 degrees! Clamping to 90...
WARNING: light_spot at (208 -432 191) has inner angle larger than 90 degrees! Clamping to 90...
WARNING: light_spot at (208 -432 191) has outer angle larger than 90 degrees! Clamping to 90...
3 direct lights
0...1...2...3...4...5...6...7...8...9...100...1...2...3...4...5...6...7...8...9...10transfers 13805169, max 709
transfer lists: 105.3 megs
0...1...2...3...4...5...6...7...8...9...10	Bounce #1 added RGB(241511, 126128, 28337)
0...1...2...3...4...5...6...7...8...9...10	Bounce #2 added RGB(106769, 54497, 11548)
0...1...2...3...4...5...6...7...8...9...10	Bounce #3 added RGB(33532, 16504, 3042)
0...1...2...3...4...5...6...7...8...9...10	Bounce #4 added RGB(13273, 6389, 1114)
0...1...2...3...4...5...6...7...8...9...10	Bounce #5 added RGB(4423, 2053, 311)
0...1...2...3...4...5...6...7...8...9...10	Bounce #6 added RGB(1659, 752, 107)
0...1...2...3...4...5...6...7...8...9...10	Bounce #7 added RGB(571, 250, 31)
0...1...2...3...4...5...6...7...8...9...10	Bounce #8 added RGB(209, 89, 10)
0...1...2...3...4...5...6...7...8...9...10	Bounce #9 added RGB(73, 30, 3)
0...1...2...3...4...5...6...7...8...9...10	Bounce #10 added RGB(26, 11, 1)
0...1...2...3...4...5...6...7...8...9...10	Bounce #11 added RGB(9, 4, 0)
0...1...2...3...4...5...6...7...8...9...10	Bounce #12 added RGB(3, 1, 0)
0...1...2...3...4...5...6...7...8...9...10	Bounce #13 added RGB(1, 0, 0)
0...1...2...3...4...5...6...7...8...9...10	Bounce #14 added RGB(0, 0, 0)
Build Patch/Sample Hash Table(s).....Done<0.0135 sec>
0...1...2...3...4...5...6...7...8...9...10FinalLightFace Done
0 of 0 (0% of) surface lights went in leaf ambient cubes.
0...1...2...3...4...5...6...7...8...9...10Writing leaf ambient...done
Computing static prop lighting : 00...1...2...3...4...5...6...7...8...9...10
Ready to Finish

Object names       Objects/Maxobjs  Memory / Maxmem  Fullness 
------------       ---------------  ---------------  -------- 
models                   1/4096           48/196608   ( 0.0%) 
brushes                 53/32768         636/393216   ( 0.2%) 
brushsides             318/65536        2544/524288   ( 0.5%) 
planes                 154/65536        3080/1310720  ( 0.2%) 
vertexes               888/65536       10656/786432   ( 1.4%) 
nodes                   74/65536        2368/2097152  ( 0.1%) 
texinfos                63/12288        4536/884736   ( 0.5%) 
texdata                 13/2048          416/65536    ( 0.6%) 
dispinfos                0/0               0/0        ( 0.0%) 
disp_verts               0/0               0/0        ( 0.0%) 
disp_tris                0/0               0/0        ( 0.0%) 
disp_lmsamples           0/0               0/0        ( 0.0%) 
faces                  635/65536       35560/3670016  ( 1.0%) 
hdr faces              635/65536       35560/3670016  ( 1.0%) 
origfaces               89/65536        4984/3670016  ( 0.1%) 
leaves                  76/65536        2432/2097152  ( 0.1%) 
leaffaces             1029/65536        2058/131072   ( 1.6%) 
leafbrushes            100/65536         200/131072   ( 0.2%) 
areas                    2/1024           16/8192     ( 0.2%) 
surfedges             3248/512000      12992/2048000  ( 0.6%) 
edges                 1720/256000       6880/1024000  ( 0.7%) 
LDR worldlights          3/16384         264/1441792  ( 0.0%) 
HDR worldlights          3/16384         264/1441792  ( 0.0%) 
leafwaterdata            0/32768           0/393216   ( 0.0%) 
waterstrips             34/131072        340/1310720  ( 0.0%) 
waterverts               0/131072          0/1572864  ( 0.0%) 
waterindices           522/131072       1044/262144   ( 0.4%) 
cubemapsamples           3/1024           48/16384    ( 0.3%) 
overlays                 0/1024            0/360448   ( 0.0%) 
LDR lightdata         [variable]     7611444/0        ( 0.0%) 
HDR lightdata         [variable]     7611444/0        ( 0.0%) 
visdata               [variable]         425/16777216 ( 0.0%) 
entdata               [variable]        3233/393216   ( 0.8%) 
LDR ambient table       76/65536         304/262144   ( 0.1%) 
HDR ambient table       76/65536         304/262144   ( 0.1%) 
LDR leaf ambient        76/65536        2128/1835008  ( 0.1%) 
HDR leaf ambient        75/65536        2100/1835008  ( 0.1%) 
occluders                0/0               0/0        ( 0.0%) 
occluder polygons        0/0               0/0        ( 0.0%) 
occluder vert ind        0/0               0/0        ( 0.0%) 
detail props          [variable]           1/12       ( 8.3%) 
static props          [variable]           1/1198     ( 0.1%) 
pakfile               [variable]       96724/0        ( 0.0%) 
physics               [variable]       18123/4194304  ( 0.4%) 
physics terrain       [variable]           2/1048576  ( 0.0%) 

Level flags = 3

Total triangle count: 1622
Writing c:\program files (x86)\steam\steamapps\sourcemods\who\maps\tes_map2.bsp
4 seconds elapsed



materialPath: C:\Program Files (x86)\Steam\steamapps\sourcemods\who\materials
Loading c:\program files (x86)\steam\steamapps\sourcemods\who\maps\tes_map2.vmf
ConVarRef mat_reduceparticles doesn't point to an existing ConVar
fixing up env_cubemap materials on brush sides...
0...1...2...3...4...5...6...7...8...9...100...1...2...3...4...5...6...7...8...9...10Processing areas...done (0)
Building Faces...done (0)
FixTjuncs...
PruneNodes...
WriteBSP...
done (0)
writing c:\program files (x86)\steam\steamapps\sourcemods\who\maps\tes_map2.prt...Building visibility clusters...
done (0)
Finding displacement neighbors...
Finding lightmap sample positions...
Displacement Alpha : 0...1...2...3...4...5...6...7...8...9...10
Building Physics collision data...
done (0) (18123 bytes)
Placing static props...
Placing detail props : 0...1...2...3...4...5...6...7...8...9...10
Compacting texture/material tables...
Reduced 164 texinfos to 63
Reduced 17 texdatas to 13 (641 bytes to 519)
Writing c:\program files (x86)\steam\steamapps\sourcemods\who\maps\tes_map2.bsp
0 seconds elapsed



8 threads
reading c:\program files (x86)\steam\steamapps\sourcemods\who\maps\tes_map2.bsp
reading c:\program files (x86)\steam\steamapps\sourcemods\who\maps\tes_map2.prt
  26 portalclusters
  57 numportals
0...1...2...3...4...5...6...7...8...9...100...1...2...3...4...5...6...7...8...9...10Optimized: 1 visible clusters (0.00%)
Total clusters visible: 631
Average clusters visible: 24
Building PAS...
Average clusters audible: 26
visdatasize:425  compressed from 416
writing c:\program files (x86)\steam\steamapps\sourcemods\who\maps\tes_map2.bsp
0 seconds elapsed



[Reading texlights from 'lights.rad']
[48 texlights parsed from 'lights.rad']

Loading c:\program files (x86)\steam\steamapps\sourcemods\who\maps\tes_map2.bsp
637 faces
3230 square feet [465153.09 square inches]
0 Displacements
0 Square Feet [0.00 Square Inches]
637 patches before subdivision
61371 patches after subdivision
WARNING: light_spot at (208 -240 191) has inner angle larger than 90 degrees! Clamping to 90...
WARNING: light_spot at (208 -240 191) has outer angle larger than 90 degrees! Clamping to 90...
WARNING: light_spot at (208 -432 191) has inner angle larger than 90 degrees! Clamping to 90...
WARNING: light_spot at (208 -432 191) has outer angle larger than 90 degrees! Clamping to 90...
3 direct lights
0...1...2...3...4...5...6...7...8...9...100...1...2...3...4...5...6...7...8...9...10transfers 13913058, max 710
transfer lists: 106.1 megs
0...1...2...3...4...5...6...7...8...9...10	Bounce #1 added RGB(242037, 126031, 28253)
0...1...2...3...4...5...6...7...8...9...10	Bounce #2 added RGB(107014, 54501, 11531)
0...1...2...3...4...5...6...7...8...9...10	Bounce #3 added RGB(33617, 16508, 3038)
0...1...2...3...4...5...6...7...8...9...10	Bounce #4 added RGB(13301, 6390, 1112)
0...1...2...3...4...5...6...7...8...9...10	Bounce #5 added RGB(4433, 2053, 311)
0...1...2...3...4...5...6...7...8...9...10	Bounce #6 added RGB(1662, 752, 107)
0...1...2...3...4...5...6...7...8...9...10	Bounce #7 added RGB(572, 250, 31)
0...1...2...3...4...5...6...7...8...9...10	Bounce #8 added RGB(209, 89, 10)
0...1...2...3...4...5...6...7...8...9...10	Bounce #9 added RGB(73, 30, 3)
0...1...2...3...4...5...6...7...8...9...10	Bounce #10 added RGB(26, 11, 1)
0...1...2...3...4...5...6...7...8...9...10	Bounce #11 added RGB(9, 4, 0)
0...1...2...3...4...5...6...7...8...9...10	Bounce #12 added RGB(3, 1, 0)
0...1...2...3...4...5...6...7...8...9...10	Bounce #13 added RGB(1, 0, 0)
0...1...2...3...4...5...6...7...8...9...10	Bounce #14 added RGB(0, 0, 0)
Build Patch/Sample Hash Table(s).....Done<0.0148 sec>
0...1...2...3...4...5...6...7...8...9...10FinalLightFace Done
0 of 0 (0% of) surface lights went in leaf ambient cubes.
0...1...2...3...4...5...6...7...8...9...10Writing leaf ambient...done
Computing static prop lighting : 00...1...2...3...4...5...6...7...8...9...10
Ready to Finish

Object names       Objects/Maxobjs  Memory / Maxmem  Fullness 
------------       ---------------  ---------------  -------- 
models                   1/4096           48/196608   ( 0.0%) 
brushes                 53/32768         636/393216   ( 0.2%) 
brushsides             318/65536        2544/524288   ( 0.5%) 
planes                 154/65536        3080/1310720  ( 0.2%) 
vertexes               890/65536       10680/786432   ( 1.4%) 
nodes                   74/65536        2368/2097152  ( 0.1%) 
texinfos                63/12288        4536/884736   ( 0.5%) 
texdata                 13/2048          416/65536    ( 0.6%) 
dispinfos                0/0               0/0        ( 0.0%) 
disp_verts               0/0               0/0        ( 0.0%) 
disp_tris                0/0               0/0        ( 0.0%) 
disp_lmsamples           0/0               0/0        ( 0.0%) 
faces                  637/65536       35672/3670016  ( 1.0%) 
hdr faces                0/65536           0/3670016  ( 0.0%) 
origfaces               89/65536        4984/3670016  ( 0.1%) 
leaves                  76/65536        2432/2097152  ( 0.1%) 
leaffaces             1032/65536        2064/131072   ( 1.6%) 
leafbrushes            100/65536         200/131072   ( 0.2%) 
areas                    2/1024           16/8192     ( 0.2%) 
surfedges             3256/512000      13024/2048000  ( 0.6%) 
edges                 1724/256000       6896/1024000  ( 0.7%) 
LDR worldlights          3/16384         264/1441792  ( 0.0%) 
HDR worldlights          0/16384           0/1441792  ( 0.0%) 
leafwaterdata            0/32768           0/393216   ( 0.0%) 
waterstrips             35/131072        350/1310720  ( 0.0%) 
waterverts               0/131072          0/1572864  ( 0.0%) 
waterindices           522/131072       1044/262144   ( 0.4%) 
cubemapsamples           3/1024           48/16384    ( 0.3%) 
overlays                 0/1024            0/360448   ( 0.0%) 
LDR lightdata         [variable]    13900528/0        ( 0.0%) 
HDR lightdata         [variable]           0/0        ( 0.0%) 
visdata               [variable]         425/16777216 ( 0.0%) 
entdata               [variable]        3228/393216   ( 0.8%) 
LDR ambient table       76/65536         304/262144   ( 0.1%) 
HDR ambient table       76/65536         304/262144   ( 0.1%) 
LDR leaf ambient        75/65536        2100/1835008  ( 0.1%) 
HDR leaf ambient        76/65536        2128/1835008  ( 0.1%) 
occluders                0/0               0/0        ( 0.0%) 
occluder polygons        0/0               0/0        ( 0.0%) 
occluder vert ind        0/0               0/0        ( 0.0%) 
detail props          [variable]           1/12       ( 8.3%) 
static props          [variable]           1/1392     ( 0.1%) 
pakfile               [variable]       53208/0        ( 0.0%) 
physics               [variable]       18123/4194304  ( 0.4%) 
physics terrain       [variable]           2/1048576  ( 0.0%) 

Level flags = 1

Total triangle count: 1626
Writing c:\program files (x86)\steam\steamapps\sourcemods\who\maps\tes_map2.bsp
4 seconds elapsed



[Reading texlights from 'lights.rad']
[48 texlights parsed from 'lights.rad']

Loading c:\program files (x86)\steam\steamapps\sourcemods\who\maps\tes_map2.bsp
637 faces
3230 square feet [465153.09 square inches]
0 Displacements
0 Square Feet [0.00 Square Inches]
637 patches before subdivision
61371 patches after subdivision
WARNING: light_spot at (208 -240 191) has inner angle larger than 90 degrees! Clamping to 90...
WARNING: light_spot at (208 -240 191) has outer angle larger than 90 degrees! Clamping to 90...
WARNING: light_spot at (208 -432 191) has inner angle larger than 90 degrees! Clamping to 90...
WARNING: light_spot at (208 -432 191) has outer angle larger than 90 degrees! Clamping to 90...
3 direct lights
0...1...2...3...4...5...6...7...8...9...100...1...2...3...4...5...6...7...8...9...10transfers 13913058, max 710
transfer lists: 106.1 megs
0...1...2...3...4...5...6...7...8...9...10	Bounce #1 added RGB(242037, 126031, 28253)
0...1...2...3...4...5...6...7...8...9...10	Bounce #2 added RGB(107014, 54501, 11531)
0...1...2...3...4...5...6...7...8...9...10	Bounce #3 added RGB(33617, 16508, 3038)
0...1...2...3...4...5...6...7...8...9...10	Bounce #4 added RGB(13301, 6390, 1112)
0...1...2...3...4...5...6...7...8...9...10	Bounce #5 added RGB(4433, 2053, 311)
0...1...2...3...4...5...6...7...8...9...10	Bounce #6 added RGB(1662, 752, 107)
0...1...2...3...4...5...6...7...8...9...10	Bounce #7 added RGB(572, 250, 31)
0...1...2...3...4...5...6...7...8...9...10	Bounce #8 added RGB(209, 89, 10)
0...1...2...3...4...5...6...7...8...9...10	Bounce #9 added RGB(73, 30, 3)
0...1...2...3...4...5...6...7...8...9...10	Bounce #10 added RGB(26, 11, 1)
0...1...2...3...4...5...6...7...8...9...10	Bounce #11 added RGB(9, 4, 0)
0...1...2...3...4...5...6...7...8...9...10	Bounce #12 added RGB(3, 1, 0)
0...1...2...3...4...5...6...7...8...9...10	Bounce #13 added RGB(1, 0, 0)
0...1...2...3...4...5...6...7...8...9...10	Bounce #14 added RGB(0, 0, 0)
Build Patch/Sample Hash Table(s).....Done<0.0139 sec>
0...1...2...3...4...5...6...7...8...9...10FinalLightFace Done
0 of 0 (0% of) surface lights went in leaf ambient cubes.
0...1...2...3...4...5...6...7...8...9...10Writing leaf ambient...done
Computing static prop lighting : 00...1...2...3...4...5...6...7...8...9...10
Ready to Finish

Object names       Objects/Maxobjs  Memory / Maxmem  Fullness 
------------       ---------------  ---------------  -------- 
models                   1/4096           48/196608   ( 0.0%) 
brushes                 53/32768         636/393216   ( 0.2%) 
brushsides             318/65536        2544/524288   ( 0.5%) 
planes                 154/65536        3080/1310720  ( 0.2%) 
vertexes               890/65536       10680/786432   ( 1.4%) 
nodes                   74/65536        2368/2097152  ( 0.1%) 
texinfos                63/12288        4536/884736   ( 0.5%) 
texdata                 13/2048          416/65536    ( 0.6%) 
dispinfos                0/0               0/0        ( 0.0%) 
disp_verts               0/0               0/0        ( 0.0%) 
disp_tris                0/0               0/0        ( 0.0%) 
disp_lmsamples           0/0               0/0        ( 0.0%) 
faces                  637/65536       35672/3670016  ( 1.0%) 
hdr faces              637/65536       35672/3670016  ( 1.0%) 
origfaces               89/65536        4984/3670016  ( 0.1%) 
leaves                  76/65536        2432/2097152  ( 0.1%) 
leaffaces             1032/65536        2064/131072   ( 1.6%) 
leafbrushes            100/65536         200/131072   ( 0.2%) 
areas                    2/1024           16/8192     ( 0.2%) 
surfedges             3256/512000      13024/2048000  ( 0.6%) 
edges                 1724/256000       6896/1024000  ( 0.7%) 
LDR worldlights          3/16384         264/1441792  ( 0.0%) 
HDR worldlights          3/16384         264/1441792  ( 0.0%) 
leafwaterdata            0/32768           0/393216   ( 0.0%) 
waterstrips             35/131072        350/1310720  ( 0.0%) 
waterverts               0/131072          0/1572864  ( 0.0%) 
waterindices           522/131072       1044/262144   ( 0.4%) 
cubemapsamples           3/1024           48/16384    ( 0.3%) 
overlays                 0/1024            0/360448   ( 0.0%) 
LDR lightdata         [variable]    13900528/0        ( 0.0%) 
HDR lightdata         [variable]    13900528/0        ( 0.0%) 
visdata               [variable]         425/16777216 ( 0.0%) 
entdata               [variable]        3228/393216   ( 0.8%) 
LDR ambient table       76/65536         304/262144   ( 0.1%) 
HDR ambient table       76/65536         304/262144   ( 0.1%) 
LDR leaf ambient        75/65536        2100/1835008  ( 0.1%) 
HDR leaf ambient        75/65536        2100/1835008  ( 0.1%) 
occluders                0/0               0/0        ( 0.0%) 
occluder polygons        0/0               0/0        ( 0.0%) 
occluder vert ind        0/0               0/0        ( 0.0%) 
detail props          [variable]           1/12       ( 8.3%) 
static props          [variable]           1/1392     ( 0.1%) 
pakfile               [variable]      101012/0        ( 0.0%) 
physics               [variable]       18123/4194304  ( 0.4%) 
physics terrain       [variable]           2/1048576  ( 0.0%) 

Level flags = 3

Total triangle count: 1626
Writing c:\program files (x86)\steam\steamapps\sourcemods\who\maps\tes_map2.bsp
4 seconds elapsed



materialPath: C:\Program Files (x86)\Steam\steamapps\sourcemods\who\materials
Loading c:\program files (x86)\steam\steamapps\sourcemods\who\maps\tes_map2.vmf
ConVarRef mat_reduceparticles doesn't point to an existing ConVar
fixing up env_cubemap materials on brush sides...
0...1...2...3...4...5...6...7...8...9...100...1...2...3...4...5...6...7...8...9...10Processing areas...done (0)
Building Faces...done (0)
Chop Details...done (0)
Find Visible Detail Sides...done (0)
Merging details...done (0)
FixTjuncs...
PruneNodes...
WriteBSP...
done (0)
writing c:\program files (x86)\steam\steamapps\sourcemods\who\maps\tes_map2.prt...Building visibility clusters...
done (0)
Finding displacement neighbors...
Finding lightmap sample positions...
Displacement Alpha : 0...1...2...3...4...5...6...7...8...9...10
Building Physics collision data...
done (0) (18123 bytes)
Placing static props...
Placing detail props : 0...1...2...3...4...5...6...7...8...9...10
Compacting texture/material tables...
Reduced 167 texinfos to 63
Reduced 18 texdatas to 13 (663 bytes to 519)
Writing c:\program files (x86)\steam\steamapps\sourcemods\who\maps\tes_map2.bsp
0 seconds elapsed



8 threads
reading c:\program files (x86)\steam\steamapps\sourcemods\who\maps\tes_map2.bsp
reading c:\program files (x86)\steam\steamapps\sourcemods\who\maps\tes_map2.prt
  26 portalclusters
  57 numportals
0...1...2...3...4...5...6...7...8...9...100...1...2...3...4...5...6...7...8...9...10Optimized: 1 visible clusters (0.00%)
Total clusters visible: 631
Average clusters visible: 24
Building PAS...
Average clusters audible: 26
visdatasize:425  compressed from 416
writing c:\program files (x86)\steam\steamapps\sourcemods\who\maps\tes_map2.bsp
0 seconds elapsed



[Reading texlights from 'lights.rad']
[48 texlights parsed from 'lights.rad']

Loading c:\program files (x86)\steam\steamapps\sourcemods\who\maps\tes_map2.bsp
637 faces
3230 square feet [465153.09 square inches]
0 Displacements
0 Square Feet [0.00 Square Inches]
637 patches before subdivision
61371 patches after subdivision
WARNING: light_spot at (208 -240 191) has inner angle larger than 90 degrees! Clamping to 90...
WARNING: light_spot at (208 -240 191) has outer angle larger than 90 degrees! Clamping to 90...
WARNING: light_spot at (208 -432 191) has inner angle larger than 90 degrees! Clamping to 90...
WARNING: light_spot at (208 -432 191) has outer angle larger than 90 degrees! Clamping to 90...
3 direct lights
0...1...2...3...4...5...6...7...8...9...100...1...2...3...4...5...6...7...8...9...10transfers 13900945, max 710
transfer lists: 106.1 megs
0...1...2...3...4...5...6...7...8...9...10	Bounce #1 added RGB(242048, 127129, 28881)
0...1...2...3...4...5...6...7...8...9...10	Bounce #2 added RGB(107010, 54805, 11685)
0...1...2...3...4...5...6...7...8...9...10	Bounce #3 added RGB(33612, 16606, 3082)
0...1...2...3...4...5...6...7...8...9...10	Bounce #4 added RGB(13298, 6421, 1125)
0...1...2...3...4...5...6...7...8...9...10	Bounce #5 added RGB(4431, 2063, 315)
0...1...2...3...4...5...6...7...8...9...10	Bounce #6 added RGB(1662, 755, 108)
0...1...2...3...4...5...6...7...8...9...10	Bounce #7 added RGB(571, 251, 31)
0...1...2...3...4...5...6...7...8...9...10	Bounce #8 added RGB(209, 89, 10)
0...1...2...3...4...5...6...7...8...9...10	Bounce #9 added RGB(73, 30, 3)
0...1...2...3...4...5...6...7...8...9...10	Bounce #10 added RGB(26, 11, 1)
0...1...2...3...4...5...6...7...8...9...10	Bounce #11 added RGB(9, 4, 0)
0...1...2...3...4...5...6...7...8...9...10	Bounce #12 added RGB(3, 1, 0)
0...1...2...3...4...5...6...7...8...9...10	Bounce #13 added RGB(1, 0, 0)
0...1...2...3...4...5...6...7...8...9...10	Bounce #14 added RGB(0, 0, 0)
Build Patch/Sample Hash Table(s).....Done<0.0137 sec>
0...1...2...3...4...5...6...7...8...9...10FinalLightFace Done
0 of 0 (0% of) surface lights went in leaf ambient cubes.
0...1...2...3...4...5...6...7...8...9...10Writing leaf ambient...done
Computing static prop lighting : 00...1...2...3...4...5...6...7...8...9...10
Ready to Finish

Object names       Objects/Maxobjs  Memory / Maxmem  Fullness 
------------       ---------------  ---------------  -------- 
models                   1/4096           48/196608   ( 0.0%) 
brushes                 54/32768         648/393216   ( 0.2%) 
brushsides             324/65536        2592/524288   ( 0.5%) 
planes                 166/65536        3320/1310720  ( 0.3%) 
vertexes               898/65536       10776/786432   ( 1.4%) 
nodes                   74/65536        2368/2097152  ( 0.1%) 
texinfos                63/12288        4536/884736   ( 0.5%) 
texdata                 13/2048          416/65536    ( 0.6%) 
dispinfos                0/0               0/0        ( 0.0%) 
disp_verts               0/0               0/0        ( 0.0%) 
disp_tris                0/0               0/0        ( 0.0%) 
disp_lmsamples           0/0               0/0        ( 0.0%) 
faces                  637/65536       35672/3670016  ( 1.0%) 
hdr faces                0/65536           0/3670016  ( 0.0%) 
origfaces               89/65536        4984/3670016  ( 0.1%) 
leaves                  76/65536        2432/2097152  ( 0.1%) 
leaffaces             1032/65536        2064/131072   ( 1.6%) 
leafbrushes            102/65536         204/131072   ( 0.2%) 
areas                    2/1024           16/8192     ( 0.2%) 
surfedges             3256/512000      13024/2048000  ( 0.6%) 
edges                 1724/256000       6896/1024000  ( 0.7%) 
LDR worldlights          3/16384         264/1441792  ( 0.0%) 
HDR worldlights          0/16384           0/1441792  ( 0.0%) 
leafwaterdata            0/32768           0/393216   ( 0.0%) 
waterstrips             35/131072        350/1310720  ( 0.0%) 
waterverts               0/131072          0/1572864  ( 0.0%) 
waterindices           522/131072       1044/262144   ( 0.4%) 
cubemapsamples           3/1024           48/16384    ( 0.3%) 
overlays                 0/1024            0/360448   ( 0.0%) 
LDR lightdata         [variable]     7665356/0        ( 0.0%) 
HDR lightdata         [variable]           0/0        ( 0.0%) 
visdata               [variable]         425/16777216 ( 0.0%) 
entdata               [variable]        3227/393216   ( 0.8%) 
LDR ambient table       76/65536         304/262144   ( 0.1%) 
HDR ambient table       76/65536         304/262144   ( 0.1%) 
LDR leaf ambient        74/65536        2072/1835008  ( 0.1%) 
HDR leaf ambient        76/65536        2128/1835008  ( 0.1%) 
occluders                0/0               0/0        ( 0.0%) 
occluder polygons        0/0               0/0        ( 0.0%) 
occluder vert ind        0/0               0/0        ( 0.0%) 
detail props          [variable]           1/12       ( 8.3%) 
static props          [variable]           1/1392     ( 0.1%) 
pakfile               [variable]       53208/0        ( 0.0%) 
physics               [variable]       18123/4194304  ( 0.4%) 
physics terrain       [variable]           2/1048576  ( 0.0%) 

Level flags = 1

Total triangle count: 1626
Writing c:\program files (x86)\steam\steamapps\sourcemods\who\maps\tes_map2.bsp
4 seconds elapsed



[Reading texlights from 'lights.rad']
[48 texlights parsed from 'lights.rad']

Loading c:\program files (x86)\steam\steamapps\sourcemods\who\maps\tes_map2.bsp
637 faces
3230 square feet [465153.09 square inches]
0 Displacements
0 Square Feet [0.00 Square Inches]
637 patches before subdivision
61371 patches after subdivision
WARNING: light_spot at (208 -240 191) has inner angle larger than 90 degrees! Clamping to 90...
WARNING: light_spot at (208 -240 191) has outer angle larger than 90 degrees! Clamping to 90...
WARNING: light_spot at (208 -432 191) has inner angle larger than 90 degrees! Clamping to 90...
WARNING: light_spot at (208 -432 191) has outer angle larger than 90 degrees! Clamping to 90...
3 direct lights
0...1...2...3...4...5...6...7...8...9...100...1...2...3...4...5...6...7...8...9...10transfers 13900945, max 710
transfer lists: 106.1 megs
0...1...2...3...4...5...6...7...8...9...10	Bounce #1 added RGB(242048, 127129, 28881)
0...1...2...3...4...5...6...7...8...9...10	Bounce #2 added RGB(107010, 54805, 11685)
0...1...2...3...4...5...6...7...8...9...10	Bounce #3 added RGB(33612, 16606, 3082)
0...1...2...3...4...5...6...7...8...9...10	Bounce #4 added RGB(13298, 6421, 1125)
0...1...2...3...4...5...6...7...8...9...10	Bounce #5 added RGB(4431, 2063, 315)
0...1...2...3...4...5...6...7...8...9...10	Bounce #6 added RGB(1662, 755, 108)
0...1...2...3...4...5...6...7...8...9...10	Bounce #7 added RGB(571, 251, 31)
0...1...2...3...4...5...6...7...8...9...10	Bounce #8 added RGB(209, 89, 10)
0...1...2...3...4...5...6...7...8...9...10	Bounce #9 added RGB(73, 30, 3)
0...1...2...3...4...5...6...7...8...9...10	Bounce #10 added RGB(26, 11, 1)
0...1...2...3...4...5...6...7...8...9...10	Bounce #11 added RGB(9, 4, 0)
0...1...2...3...4...5...6...7...8...9...10	Bounce #12 added RGB(3, 1, 0)
0...1...2...3...4...5...6...7...8...9...10	Bounce #13 added RGB(1, 0, 0)
0...1...2...3...4...5...6...7...8...9...10	Bounce #14 added RGB(0, 0, 0)
Build Patch/Sample Hash Table(s).....Done<0.0138 sec>
0...1...2...3...4...5...6...7...8...9...10FinalLightFace Done
0 of 0 (0% of) surface lights went in leaf ambient cubes.
0...1...2...3...4...5...6...7...8...9...10Writing leaf ambient...done
Computing static prop lighting : 00...1...2...3...4...5...6...7...8...9...10
Ready to Finish

Object names       Objects/Maxobjs  Memory / Maxmem  Fullness 
------------       ---------------  ---------------  -------- 
models                   1/4096           48/196608   ( 0.0%) 
brushes                 54/32768         648/393216   ( 0.2%) 
brushsides             324/65536        2592/524288   ( 0.5%) 
planes                 166/65536        3320/1310720  ( 0.3%) 
vertexes               898/65536       10776/786432   ( 1.4%) 
nodes                   74/65536        2368/2097152  ( 0.1%) 
texinfos                63/12288        4536/884736   ( 0.5%) 
texdata                 13/2048          416/65536    ( 0.6%) 
dispinfos                0/0               0/0        ( 0.0%) 
disp_verts               0/0               0/0        ( 0.0%) 
disp_tris                0/0               0/0        ( 0.0%) 
disp_lmsamples           0/0               0/0        ( 0.0%) 
faces                  637/65536       35672/3670016  ( 1.0%) 
hdr faces              637/65536       35672/3670016  ( 1.0%) 
origfaces               89/65536        4984/3670016  ( 0.1%) 
leaves                  76/65536        2432/2097152  ( 0.1%) 
leaffaces             1032/65536        2064/131072   ( 1.6%) 
leafbrushes            102/65536         204/131072   ( 0.2%) 
areas                    2/1024           16/8192     ( 0.2%) 
surfedges             3256/512000      13024/2048000  ( 0.6%) 
edges                 1724/256000       6896/1024000  ( 0.7%) 
LDR worldlights          3/16384         264/1441792  ( 0.0%) 
HDR worldlights          3/16384         264/1441792  ( 0.0%) 
leafwaterdata            0/32768           0/393216   ( 0.0%) 
waterstrips             35/131072        350/1310720  ( 0.0%) 
waterverts               0/131072          0/1572864  ( 0.0%) 
waterindices           522/131072       1044/262144   ( 0.4%) 
cubemapsamples           3/1024           48/16384    ( 0.3%) 
overlays                 0/1024            0/360448   ( 0.0%) 
LDR lightdata         [variable]     7665356/0        ( 0.0%) 
HDR lightdata         [variable]     7665356/0        ( 0.0%) 
visdata               [variable]         425/16777216 ( 0.0%) 
entdata               [variable]        3227/393216   ( 0.8%) 
LDR ambient table       76/65536         304/262144   ( 0.1%) 
HDR ambient table       76/65536         304/262144   ( 0.1%) 
LDR leaf ambient        74/65536        2072/1835008  ( 0.1%) 
HDR leaf ambient        74/65536        2072/1835008  ( 0.1%) 
occluders                0/0               0/0        ( 0.0%) 
occluder polygons        0/0               0/0        ( 0.0%) 
occluder vert ind        0/0               0/0        ( 0.0%) 
detail props          [variable]           1/12       ( 8.3%) 
static props          [variable]           1/1392     ( 0.1%) 
pakfile               [variable]      101012/0        ( 0.0%) 
physics               [variable]       18123/4194304  ( 0.4%) 
physics terrain       [variable]           2/1048576  ( 0.0%) 

Level flags = 3

Total triangle count: 1626
Writing c:\program files (x86)\steam\steamapps\sourcemods\who\maps\tes_map2.bsp
4 seconds elapsed



materialPath: C:\Program Files (x86)\Steam\steamapps\sourcemods\who\materials
Loading c:\program files (x86)\steam\steamapps\sourcemods\who\maps\tes_map2.vmf
ConVarRef mat_reduceparticles doesn't point to an existing ConVar
fixing up env_cubemap materials on brush sides...
0...1...2...3...4...5...6...7...8...9...100...1...2...3...4...5...6...7...8...9...10Processing areas...done (0)
Building Faces...done (0)
FixTjuncs...
PruneNodes...
WriteBSP...
done (0)
writing c:\program files (x86)\steam\steamapps\sourcemods\who\maps\tes_map2.prt...Building visibility clusters...
done (0)
Finding displacement neighbors...
Finding lightmap sample positions...
Displacement Alpha : 0...1...2...3...4...5...6...7...8...9...10
Building Physics collision data...
done (0) (18123 bytes)
Placing static props...
Placing detail props : 0...1...2...3...4...5...6...7...8...9...10
Compacting texture/material tables...
Reduced 164 texinfos to 63
Reduced 17 texdatas to 13 (641 bytes to 519)
Writing c:\program files (x86)\steam\steamapps\sourcemods\who\maps\tes_map2.bsp
0 seconds elapsed



8 threads
reading c:\program files (x86)\steam\steamapps\sourcemods\who\maps\tes_map2.bsp
reading c:\program files (x86)\steam\steamapps\sourcemods\who\maps\tes_map2.prt
  26 portalclusters
  57 numportals
0...1...2...3...4...5...6...7...8...9...100...1...2...3...4...5...6...7...8...9...10Optimized: 1 visible clusters (0.00%)
Total clusters visible: 631
Average clusters visible: 24
Building PAS...
Average clusters audible: 26
visdatasize:425  compressed from 416
writing c:\program files (x86)\steam\steamapps\sourcemods\who\maps\tes_map2.bsp
0 seconds elapsed



[Reading texlights from 'lights.rad']
[48 texlights parsed from 'lights.rad']

Loading c:\program files (x86)\steam\steamapps\sourcemods\who\maps\tes_map2.bsp
637 faces
3230 square feet [465153.09 square inches]
0 Displacements
0 Square Feet [0.00 Square Inches]
637 patches before subdivision
61371 patches after subdivision
WARNING: light_spot at (208 -240 191) has inner angle larger than 90 degrees! Clamping to 90...
WARNING: light_spot at (208 -240 191) has outer angle larger than 90 degrees! Clamping to 90...
WARNING: light_spot at (208 -432 191) has inner angle larger than 90 degrees! Clamping to 90...
WARNING: light_spot at (208 -432 191) has outer angle larger than 90 degrees! Clamping to 90...
10 direct lights
0...1...2...3...4...5...6...7...8...9...100...1...2...3...4...5...6...7...8...9...10transfers 13913058, max 710
transfer lists: 106.1 megs
0...1...2...3...4...5...6...7...8...9...10	Bounce #1 added RGB(241978, 136282, 34103)
0...1...2...3...4...5...6...7...8...9...10	Bounce #2 added RGB(106999, 57517, 13038)
0...1...2...3...4...5...6...7...8...9...10	Bounce #3 added RGB(33610, 17494, 3478)
0...1...2...3...4...5...6...7...8...9...10	Bounce #4 added RGB(13299, 6709, 1240)
0...1...2...3...4...5...6...7...8...9...10	Bounce #5 added RGB(4432, 2159, 349)
0...1...2...3...4...5...6...7...8...9...10	Bounce #6 added RGB(1662, 787, 118)
0...1...2...3...4...5...6...7...8...9...10	Bounce #7 added RGB(572, 262, 35)
0...1...2...3...4...5...6...7...8...9...10	Bounce #8 added RGB(209, 93, 11)
0...1...2...3...4...5...6...7...8...9...10	Bounce #9 added RGB(73, 31, 3)
0...1...2...3...4...5...6...7...8...9...10	Bounce #10 added RGB(26, 11, 1)
0...1...2...3...4...5...6...7...8...9...10	Bounce #11 added RGB(9, 4, 0)
0...1...2...3...4...5...6...7...8...9...10	Bounce #12 added RGB(3, 1, 0)
0...1...2...3...4...5...6...7...8...9...10	Bounce #13 added RGB(1, 0, 0)
0...1...2...3...4...5...6...7...8...9...10	Bounce #14 added RGB(0, 0, 0)
Build Patch/Sample Hash Table(s).....Done<0.0138 sec>
0...1...2...3...4...5...6...7...8...9...10FinalLightFace Done
0 of 0 (0% of) surface lights went in leaf ambient cubes.
0...1...2...3...4...5...6...7...8...9...10Writing leaf ambient...done
Computing static prop lighting : 00...1...2...3...4...5...6...7...8...9...10
Ready to Finish

Object names       Objects/Maxobjs  Memory / Maxmem  Fullness 
------------       ---------------  ---------------  -------- 
models                   1/4096           48/196608   ( 0.0%) 
brushes                 53/32768         636/393216   ( 0.2%) 
brushsides             318/65536        2544/524288   ( 0.5%) 
planes                 154/65536        3080/1310720  ( 0.2%) 
vertexes               890/65536       10680/786432   ( 1.4%) 
nodes                   74/65536        2368/2097152  ( 0.1%) 
texinfos                63/12288        4536/884736   ( 0.5%) 
texdata                 13/2048          416/65536    ( 0.6%) 
dispinfos                0/0               0/0        ( 0.0%) 
disp_verts               0/0               0/0        ( 0.0%) 
disp_tris                0/0               0/0        ( 0.0%) 
disp_lmsamples           0/0               0/0        ( 0.0%) 
faces                  637/65536       35672/3670016  ( 1.0%) 
hdr faces                0/65536           0/3670016  ( 0.0%) 
origfaces               89/65536        4984/3670016  ( 0.1%) 
leaves                  76/65536        2432/2097152  ( 0.1%) 
leaffaces             1032/65536        2064/131072   ( 1.6%) 
leafbrushes            100/65536         200/131072   ( 0.2%) 
areas                    2/1024           16/8192     ( 0.2%) 
surfedges             3256/512000      13024/2048000  ( 0.6%) 
edges                 1724/256000       6896/1024000  ( 0.7%) 
LDR worldlights         10/16384         880/1441792  ( 0.1%) 
HDR worldlights          0/16384           0/1441792  ( 0.0%) 
leafwaterdata            0/32768           0/393216   ( 0.0%) 
waterstrips             35/131072        350/1310720  ( 0.0%) 
waterverts               0/131072          0/1572864  ( 0.0%) 
waterindices           522/131072       1044/262144   ( 0.4%) 
cubemapsamples           3/1024           48/16384    ( 0.3%) 
overlays                 0/1024            0/360448   ( 0.0%) 
LDR lightdata         [variable]     7665356/0        ( 0.0%) 
HDR lightdata         [variable]           0/0        ( 0.0%) 
visdata               [variable]         425/16777216 ( 0.0%) 
entdata               [variable]        5425/393216   ( 1.4%) 
LDR ambient table       76/65536         304/262144   ( 0.1%) 
HDR ambient table       76/65536         304/262144   ( 0.1%) 
LDR leaf ambient        74/65536        2072/1835008  ( 0.1%) 
HDR leaf ambient        76/65536        2128/1835008  ( 0.1%) 
occluders                0/0               0/0        ( 0.0%) 
occluder polygons        0/0               0/0        ( 0.0%) 
occluder vert ind        0/0               0/0        ( 0.0%) 
detail props          [variable]           1/12       ( 8.3%) 
static props          [variable]           1/1392     ( 0.1%) 
pakfile               [variable]       53208/0        ( 0.0%) 
physics               [variable]       18123/4194304  ( 0.4%) 
physics terrain       [variable]           2/1048576  ( 0.0%) 

Level flags = 1

Total triangle count: 1626
Writing c:\program files (x86)\steam\steamapps\sourcemods\who\maps\tes_map2.bsp
4 seconds elapsed



[Reading texlights from 'lights.rad']
[48 texlights parsed from 'lights.rad']

Loading c:\program files (x86)\steam\steamapps\sourcemods\who\maps\tes_map2.bsp
637 faces
3230 square feet [465153.09 square inches]
0 Displacements
0 Square Feet [0.00 Square Inches]
637 patches before subdivision
61371 patches after subdivision
WARNING: light_spot at (208 -240 191) has inner angle larger than 90 degrees! Clamping to 90...
WARNING: light_spot at (208 -240 191) has outer angle larger than 90 degrees! Clamping to 90...
WARNING: light_spot at (208 -432 191) has inner angle larger than 90 degrees! Clamping to 90...
WARNING: light_spot at (208 -432 191) has outer angle larger than 90 degrees! Clamping to 90...
10 direct lights
0...1...2...3...4...5...6...7...8...9...100...1...2...3...4...5...6...7...8...9...10transfers 13913058, max 710
transfer lists: 106.1 megs
0...1...2...3...4...5...6...7...8...9...10	Bounce #1 added RGB(241978, 136282, 34103)
0...1...2...3...4...5...6...7...8...9...10	Bounce #2 added RGB(106999, 57517, 13038)
0...1...2...3...4...5...6...7...8...9...10	Bounce #3 added RGB(33610, 17494, 3478)
0...1...2...3...4...5...6...7...8...9...10	Bounce #4 added RGB(13299, 6709, 1240)
0...1...2...3...4...5...6...7...8...9...10	Bounce #5 added RGB(4432, 2159, 349)
0...1...2...3...4...5...6...7...8...9...10	Bounce #6 added RGB(1662, 787, 118)
0...1...2...3...4...5...6...7...8...9...10	Bounce #7 added RGB(572, 262, 35)
0...1...2...3...4...5...6...7...8...9...10	Bounce #8 added RGB(209, 93, 11)
0...1...2...3...4...5...6...7...8...9...10	Bounce #9 added RGB(73, 31, 3)
0...1...2...3...4...5...6...7...8...9...10	Bounce #10 added RGB(26, 11, 1)
0...1...2...3...4...5...6...7...8...9...10	Bounce #11 added RGB(9, 4, 0)
0...1...2...3...4...5...6...7...8...9...10	Bounce #12 added RGB(3, 1, 0)
0...1...2...3...4...5...6...7...8...9...10	Bounce #13 added RGB(1, 0, 0)
0...1...2...3...4...5...6...7...8...9...10	Bounce #14 added RGB(0, 0, 0)
Build Patch/Sample Hash Table(s).....Done<0.0138 sec>
0...1...2...3...4...5...6...7...8...9...10FinalLightFace Done
0 of 0 (0% of) surface lights went in leaf ambient cubes.
0...1...2...3...4...5...6...7...8...9...10Writing leaf ambient...done
Computing static prop lighting : 00...1...2...3...4...5...6...7...8...9...10
Ready to Finish

Object names       Objects/Maxobjs  Memory / Maxmem  Fullness 
------------       ---------------  ---------------  -------- 
models                   1/4096           48/196608   ( 0.0%) 
brushes                 53/32768         636/393216   ( 0.2%) 
brushsides             318/65536        2544/524288   ( 0.5%) 
planes                 154/65536        3080/1310720  ( 0.2%) 
vertexes               890/65536       10680/786432   ( 1.4%) 
nodes                   74/65536        2368/2097152  ( 0.1%) 
texinfos                63/12288        4536/884736   ( 0.5%) 
texdata                 13/2048          416/65536    ( 0.6%) 
dispinfos                0/0               0/0        ( 0.0%) 
disp_verts               0/0               0/0        ( 0.0%) 
disp_tris                0/0               0/0        ( 0.0%) 
disp_lmsamples           0/0               0/0        ( 0.0%) 
faces                  637/65536       35672/3670016  ( 1.0%) 
hdr faces              637/65536       35672/3670016  ( 1.0%) 
origfaces               89/65536        4984/3670016  ( 0.1%) 
leaves                  76/65536        2432/2097152  ( 0.1%) 
leaffaces             1032/65536        2064/131072   ( 1.6%) 
leafbrushes            100/65536         200/131072   ( 0.2%) 
areas                    2/1024           16/8192     ( 0.2%) 
surfedges             3256/512000      13024/2048000  ( 0.6%) 
edges                 1724/256000       6896/1024000  ( 0.7%) 
LDR worldlights         10/16384         880/1441792  ( 0.1%) 
HDR worldlights         10/16384         880/1441792  ( 0.1%) 
leafwaterdata            0/32768           0/393216   ( 0.0%) 
waterstrips             35/131072        350/1310720  ( 0.0%) 
waterverts               0/131072          0/1572864  ( 0.0%) 
waterindices           522/131072       1044/262144   ( 0.4%) 
cubemapsamples           3/1024           48/16384    ( 0.3%) 
overlays                 0/1024            0/360448   ( 0.0%) 
LDR lightdata         [variable]     7665356/0        ( 0.0%) 
HDR lightdata         [variable]     7665356/0        ( 0.0%) 
visdata               [variable]         425/16777216 ( 0.0%) 
entdata               [variable]        5425/393216   ( 1.4%) 
LDR ambient table       76/65536         304/262144   ( 0.1%) 
HDR ambient table       76/65536         304/262144   ( 0.1%) 
LDR leaf ambient        74/65536        2072/1835008  ( 0.1%) 
HDR leaf ambient        74/65536        2072/1835008  ( 0.1%) 
occluders                0/0               0/0        ( 0.0%) 
occluder polygons        0/0               0/0        ( 0.0%) 
occluder vert ind        0/0               0/0        ( 0.0%) 
detail props          [variable]           1/12       ( 8.3%) 
static props          [variable]           1/1392     ( 0.1%) 
pakfile               [variable]      101012/0        ( 0.0%) 
physics               [variable]       18123/4194304  ( 0.4%) 
physics terrain       [variable]           2/1048576  ( 0.0%) 

Level flags = 3

Total triangle count: 1626
Writing c:\program files (x86)\steam\steamapps\sourcemods\who\maps\tes_map2.bsp
4 seconds elapsed



materialPath: C:\Program Files (x86)\Steam\steamapps\sourcemods\who\materials
Loading c:\program files (x86)\steam\steamapps\sourcemods\who\maps\tes_map2.vmf
ConVarRef mat_reduceparticles doesn't point to an existing ConVar
fixing up env_cubemap materials on brush sides...
0...1...2...3...4...5...6...7...8...9...100...1...2...3...4...5...6...7...8...9...10Processing areas...done (0)
Building Faces...done (0)
FixTjuncs...
PruneNodes...
WriteBSP...
done (0)
writing c:\program files (x86)\steam\steamapps\sourcemods\who\maps\tes_map2.prt...Building visibility clusters...
done (0)
Finding displacement neighbors...
Finding lightmap sample positions...
Displacement Alpha : 0...1...2...3...4...5...6...7...8...9...10
Building Physics collision data...
done (0) (18123 bytes)
Placing static props...
Placing detail props : 0...1...2...3...4...5...6...7...8...9...10
Compacting texture/material tables...
Reduced 164 texinfos to 63
Reduced 17 texdatas to 13 (641 bytes to 519)
Writing c:\program files (x86)\steam\steamapps\sourcemods\who\maps\tes_map2.bsp
0 seconds elapsed



8 threads
reading c:\program files (x86)\steam\steamapps\sourcemods\who\maps\tes_map2.bsp
reading c:\program files (x86)\steam\steamapps\sourcemods\who\maps\tes_map2.prt
  26 portalclusters
  57 numportals
0...1...2...3...4...5...6...7...8...9...100...1...2...3...4...5...6...7...8...9...10Optimized: 1 visible clusters (0.00%)
Total clusters visible: 631
Average clusters visible: 24
Building PAS...
Average clusters audible: 26
visdatasize:425  compressed from 416
writing c:\program files (x86)\steam\steamapps\sourcemods\who\maps\tes_map2.bsp
0 seconds elapsed



[Reading texlights from 'lights.rad']
[48 texlights parsed from 'lights.rad']

Loading c:\program files (x86)\steam\steamapps\sourcemods\who\maps\tes_map2.bsp
637 faces
3230 square feet [465153.09 square inches]
0 Displacements
0 Square Feet [0.00 Square Inches]
637 patches before subdivision
61371 patches after subdivision
WARNING: light_spot at (208 -240 191) has inner angle larger than 90 degrees! Clamping to 90...
WARNING: light_spot at (208 -240 191) has outer angle larger than 90 degrees! Clamping to 90...
WARNING: light_spot at (208 -432 191) has inner angle larger than 90 degrees! Clamping to 90...
WARNING: light_spot at (208 -432 191) has outer angle larger than 90 degrees! Clamping to 90...
4 direct lights
0...1...2...3...4...5...6...7...8...9...100...1...2...3...4...5...6...7...8...9...10transfers 13926281, max 710
transfer lists: 106.2 megs
0...1...2...3...4...5...6...7...8...9...10	Bounce #1 added RGB(242133, 135023, 29255)
0...1...2...3...4...5...6...7...8...9...10	Bounce #2 added RGB(107086, 57251, 11799)
0...1...2...3...4...5...6...7...8...9...10	Bounce #3 added RGB(33643, 17411, 3116)
0...1...2...3...4...5...6...7...8...9...10	Bounce #4 added RGB(13314, 6685, 1135)
0...1...2...3...4...5...6...7...8...9...10	Bounce #5 added RGB(4438, 2152, 318)
0...1...2...3...4...5...6...7...8...9...10	Bounce #6 added RGB(1664, 785, 109)
0...1...2...3...4...5...6...7...8...9...10	Bounce #7 added RGB(573, 261, 32)
0...1...2...3...4...5...6...7...8...9...10	Bounce #8 added RGB(209, 93, 11)
0...1...2...3...4...5...6...7...8...9...10	Bounce #9 added RGB(73, 31, 3)
0...1...2...3...4...5...6...7...8...9...10	Bounce #10 added RGB(26, 11, 1)
0...1...2...3...4...5...6...7...8...9...10	Bounce #11 added RGB(9, 4, 0)
0...1...2...3...4...5...6...7...8...9...10	Bounce #12 added RGB(3, 1, 0)
0...1...2...3...4...5...6...7...8...9...10	Bounce #13 added RGB(1, 0, 0)
0...1...2...3...4...5...6...7...8...9...10	Bounce #14 added RGB(0, 0, 0)
Build Patch/Sample Hash Table(s).....Done<0.0151 sec>
0...1...2...3...4...5...6...7...8...9...10FinalLightFace Done
0 of 0 (0% of) surface lights went in leaf ambient cubes.
0...1...2...3...4...5...6...7...8...9...10Writing leaf ambient...done
Computing static prop lighting : 00...1...2...3...4...5...6...7...8...9...10
Ready to Finish

Object names       Objects/Maxobjs  Memory / Maxmem  Fullness 
------------       ---------------  ---------------  -------- 
models                   1/4096           48/196608   ( 0.0%) 
brushes                 53/32768         636/393216   ( 0.2%) 
brushsides             318/65536        2544/524288   ( 0.5%) 
planes                 154/65536        3080/1310720  ( 0.2%) 
vertexes               890/65536       10680/786432   ( 1.4%) 
nodes                   74/65536        2368/2097152  ( 0.1%) 
texinfos                63/12288        4536/884736   ( 0.5%) 
texdata                 13/2048          416/65536    ( 0.6%) 
dispinfos                0/0               0/0        ( 0.0%) 
disp_verts               0/0               0/0        ( 0.0%) 
disp_tris                0/0               0/0        ( 0.0%) 
disp_lmsamples           0/0               0/0        ( 0.0%) 
faces                  637/65536       35672/3670016  ( 1.0%) 
hdr faces                0/65536           0/3670016  ( 0.0%) 
origfaces               89/65536        4984/3670016  ( 0.1%) 
leaves                  76/65536        2432/2097152  ( 0.1%) 
leaffaces             1032/65536        2064/131072   ( 1.6%) 
leafbrushes            100/65536         200/131072   ( 0.2%) 
areas                    2/1024           16/8192     ( 0.2%) 
surfedges             3256/512000      13024/2048000  ( 0.6%) 
edges                 1724/256000       6896/1024000  ( 0.7%) 
LDR worldlights          4/16384         352/1441792  ( 0.0%) 
HDR worldlights          0/16384           0/1441792  ( 0.0%) 
leafwaterdata            0/32768           0/393216   ( 0.0%) 
waterstrips             35/131072        350/1310720  ( 0.0%) 
waterverts               0/131072          0/1572864  ( 0.0%) 
waterindices           522/131072       1044/262144   ( 0.4%) 
cubemapsamples           3/1024           48/16384    ( 0.3%) 
overlays                 0/1024            0/360448   ( 0.0%) 
LDR lightdata         [variable]     7665356/0        ( 0.0%) 
HDR lightdata         [variable]           0/0        ( 0.0%) 
visdata               [variable]         425/16777216 ( 0.0%) 
entdata               [variable]        3532/393216   ( 0.9%) 
LDR ambient table       76/65536         304/262144   ( 0.1%) 
HDR ambient table       76/65536         304/262144   ( 0.1%) 
LDR leaf ambient        75/65536        2100/1835008  ( 0.1%) 
HDR leaf ambient        76/65536        2128/1835008  ( 0.1%) 
occluders                0/0               0/0        ( 0.0%) 
occluder polygons        0/0               0/0        ( 0.0%) 
occluder vert ind        0/0               0/0        ( 0.0%) 
detail props          [variable]           1/12       ( 8.3%) 
static props          [variable]           1/1392     ( 0.1%) 
pakfile               [variable]       53208/0        ( 0.0%) 
physics               [variable]       18123/4194304  ( 0.4%) 
physics terrain       [variable]           2/1048576  ( 0.0%) 

Level flags = 1

Total triangle count: 1626
Writing c:\program files (x86)\steam\steamapps\sourcemods\who\maps\tes_map2.bsp
4 seconds elapsed



[Reading texlights from 'lights.rad']
[48 texlights parsed from 'lights.rad']

Loading c:\program files (x86)\steam\steamapps\sourcemods\who\maps\tes_map2.bsp
637 faces
3230 square feet [465153.09 square inches]
0 Displacements
0 Square Feet [0.00 Square Inches]
637 patches before subdivision
61371 patches after subdivision
WARNING: light_spot at (208 -240 191) has inner angle larger than 90 degrees! Clamping to 90...
WARNING: light_spot at (208 -240 191) has outer angle larger than 90 degrees! Clamping to 90...
WARNING: light_spot at (208 -432 191) has inner angle larger than 90 degrees! Clamping to 90...
WARNING: light_spot at (208 -432 191) has outer angle larger than 90 degrees! Clamping to 90...
4 direct lights
0...1...2...3...4...5...6...7...8...9...100...1...2...3...4...5...6...7...8...9...10transfers 13926281, max 710
transfer lists: 106.2 megs
0...1...2...3...4...5...6...7...8...9...10	Bounce #1 added RGB(242133, 135023, 29255)
0...1...2...3...4...5...6...7...8...9...10	Bounce #2 added RGB(107086, 57251, 11799)
0...1...2...3...4...5...6...7...8...9...10	Bounce #3 added RGB(33643, 17411, 3116)
0...1...2...3...4...5...6...7...8...9...10	Bounce #4 added RGB(13314, 6685, 1135)
0...1...2...3...4...5...6...7...8...9...10	Bounce #5 added RGB(4438, 2152, 318)
0...1...2...3...4...5...6...7...8...9...10	Bounce #6 added RGB(1664, 785, 109)
0...1...2...3...4...5...6...7...8...9...10	Bounce #7 added RGB(573, 261, 32)
0...1...2...3...4...5...6...7...8...9...10	Bounce #8 added RGB(209, 93, 11)
0...1...2...3...4...5...6...7...8...9...10	Bounce #9 added RGB(73, 31, 3)
0...1...2...3...4...5...6...7...8...9...10	Bounce #10 added RGB(26, 11, 1)
0...1...2...3...4...5...6...7...8...9...10	Bounce #11 added RGB(9, 4, 0)
0...1...2...3...4...5...6...7...8...9...10	Bounce #12 added RGB(3, 1, 0)
0...1...2...3...4...5...6...7...8...9...10	Bounce #13 added RGB(1, 0, 0)
0...1...2...3...4...5...6...7...8...9...10	Bounce #14 added RGB(0, 0, 0)
Build Patch/Sample Hash Table(s).....Done<0.0139 sec>
0...1...2...3...4...5...6...7...8...9...10FinalLightFace Done
0 of 0 (0% of) surface lights went in leaf ambient cubes.
0...1...2...3...4...5...6...7...8...9...10Writing leaf ambient...done
Computing static prop lighting : 00...1...2...3...4...5...6...7...8...9...10
Ready to Finish

Object names       Objects/Maxobjs  Memory / Maxmem  Fullness 
------------       ---------------  ---------------  -------- 
models                   1/4096           48/196608   ( 0.0%) 
brushes                 53/32768         636/393216   ( 0.2%) 
brushsides             318/65536        2544/524288   ( 0.5%) 
planes                 154/65536        3080/1310720  ( 0.2%) 
vertexes               890/65536       10680/786432   ( 1.4%) 
nodes                   74/65536        2368/2097152  ( 0.1%) 
texinfos                63/12288        4536/884736   ( 0.5%) 
texdata                 13/2048          416/65536    ( 0.6%) 
dispinfos                0/0               0/0        ( 0.0%) 
disp_verts               0/0               0/0        ( 0.0%) 
disp_tris                0/0               0/0        ( 0.0%) 
disp_lmsamples           0/0               0/0        ( 0.0%) 
faces                  637/65536       35672/3670016  ( 1.0%) 
hdr faces              637/65536       35672/3670016  ( 1.0%) 
origfaces               89/65536        4984/3670016  ( 0.1%) 
leaves                  76/65536        2432/2097152  ( 0.1%) 
leaffaces             1032/65536        2064/131072   ( 1.6%) 
leafbrushes            100/65536         200/131072   ( 0.2%) 
areas                    2/1024           16/8192     ( 0.2%) 
surfedges             3256/512000      13024/2048000  ( 0.6%) 
edges                 1724/256000       6896/1024000  ( 0.7%) 
LDR worldlights          4/16384         352/1441792  ( 0.0%) 
HDR worldlights          4/16384         352/1441792  ( 0.0%) 
leafwaterdata            0/32768           0/393216   ( 0.0%) 
waterstrips             35/131072        350/1310720  ( 0.0%) 
waterverts               0/131072          0/1572864  ( 0.0%) 
waterindices           522/131072       1044/262144   ( 0.4%) 
cubemapsamples           3/1024           48/16384    ( 0.3%) 
overlays                 0/1024            0/360448   ( 0.0%) 
LDR lightdata         [variable]     7665356/0        ( 0.0%) 
HDR lightdata         [variable]     7665356/0        ( 0.0%) 
visdata               [variable]         425/16777216 ( 0.0%) 
entdata               [variable]        3532/393216   ( 0.9%) 
LDR ambient table       76/65536         304/262144   ( 0.1%) 
HDR ambient table       76/65536         304/262144   ( 0.1%) 
LDR leaf ambient        75/65536        2100/1835008  ( 0.1%) 
HDR leaf ambient        75/65536        2100/1835008  ( 0.1%) 
occluders                0/0               0/0        ( 0.0%) 
occluder polygons        0/0               0/0        ( 0.0%) 
occluder vert ind        0/0               0/0        ( 0.0%) 
detail props          [variable]           1/12       ( 8.3%) 
static props          [variable]           1/1392     ( 0.1%) 
pakfile               [variable]      101012/0        ( 0.0%) 
physics               [variable]       18123/4194304  ( 0.4%) 
physics terrain       [variable]           2/1048576  ( 0.0%) 

Level flags = 3

Total triangle count: 1626
Writing c:\program files (x86)\steam\steamapps\sourcemods\who\maps\tes_map2.bsp
4 seconds elapsed



materialPath: C:\Program Files (x86)\Steam\steamapps\sourcemods\who\materials
Loading c:\program files (x86)\steam\steamapps\sourcemods\who\maps\tes_map2.vmf
ConVarRef mat_reduceparticles doesn't point to an existing ConVar
fixing up env_cubemap materials on brush sides...
0...1...2...3...4...5...6...7...8...9...100...1...2...3...4...5...6...7...8...9...10Processing areas...done (0)
Building Faces...done (0)
FixTjuncs...
PruneNodes...
WriteBSP...
done (0)
writing c:\program files (x86)\steam\steamapps\sourcemods\who\maps\tes_map2.prt...Building visibility clusters...
done (0)
Finding displacement neighbors...
Finding lightmap sample positions...
Displacement Alpha : 0...1...2...3...4...5...6...7...8...9...10
Building Physics collision data...
done (0) (18123 bytes)
Placing static props...
Placing detail props : 0...1...2...3...4...5...6...7...8...9...10
Compacting texture/material tables...
Reduced 164 texinfos to 63
Reduced 17 texdatas to 13 (641 bytes to 519)
Writing c:\program files (x86)\steam\steamapps\sourcemods\who\maps\tes_map2.bsp
0 seconds elapsed



8 threads
reading c:\program files (x86)\steam\steamapps\sourcemods\who\maps\tes_map2.bsp
reading c:\program files (x86)\steam\steamapps\sourcemods\who\maps\tes_map2.prt
  26 portalclusters
  57 numportals
0...1...2...3...4...5...6...7...8...9...100...1...2...3...4...5...6...7...8...9...10Optimized: 1 visible clusters (0.00%)
Total clusters visible: 631
Average clusters visible: 24
Building PAS...
Average clusters audible: 26
visdatasize:425  compressed from 416
writing c:\program files (x86)\steam\steamapps\sourcemods\who\maps\tes_map2.bsp
0 seconds elapsed



[Reading texlights from 'lights.rad']
[48 texlights parsed from 'lights.rad']

Loading c:\program files (x86)\steam\steamapps\sourcemods\who\maps\tes_map2.bsp
637 faces
3230 square feet [465153.09 square inches]
0 Displacements
0 Square Feet [0.00 Square Inches]
637 patches before subdivision
61371 patches after subdivision
WARNING: light_spot at (208 -240 191) has inner angle larger than 90 degrees! Clamping to 90...
WARNING: light_spot at (208 -240 191) has outer angle larger than 90 degrees! Clamping to 90...
WARNING: light_spot at (208 -432 191) has inner angle larger than 90 degrees! Clamping to 90...
WARNING: light_spot at (208 -432 191) has outer angle larger than 90 degrees! Clamping to 90...
4 direct lights
0...1...2...3...4...5...6...7...8...9...100...1...2...3...4...5...6...7...8...9...10transfers 13926281, max 710
transfer lists: 106.2 megs
0...1...2...3...4...5...6...7...8...9...10	Bounce #1 added RGB(242133, 135023, 29255)
0...1...2...3...4...5...6...7...8...9...10	Bounce #2 added RGB(107086, 57251, 11799)
0...1...2...3...4...5...6...7...8...9...10	Bounce #3 added RGB(33643, 17411, 3116)
0...1...2...3...4...5...6...7...8...9...10	Bounce #4 added RGB(13314, 6685, 1135)
0...1...2...3...4...5...6...7...8...9...10	Bounce #5 added RGB(4438, 2152, 318)
0...1...2...3...4...5...6...7...8...9...10	Bounce #6 added RGB(1664, 785, 109)
0...1...2...3...4...5...6...7...8...9...10	Bounce #7 added RGB(573, 261, 32)
0...1...2...3...4...5...6...7...8...9...10	Bounce #8 added RGB(209, 93, 11)
0...1...2...3...4...5...6...7...8...9...10	Bounce #9 added RGB(73, 31, 3)
0...1...2...3...4...5...6...7...8...9...10	Bounce #10 added RGB(26, 11, 1)
0...1...2...3...4...5...6...7...8...9...10	Bounce #11 added RGB(9, 4, 0)
0...1...2...3...4...5...6...7...8...9...10	Bounce #12 added RGB(3, 1, 0)
0...1...2...3...4...5...6...7...8...9...10	Bounce #13 added RGB(1, 0, 0)
0...1...2...3...4...5...6...7...8...9...10	Bounce #14 added RGB(0, 0, 0)
Build Patch/Sample Hash Table(s).....Done<0.0139 sec>
0...1...2...3...4...5...6...7...8...9...10FinalLightFace Done
0 of 0 (0% of) surface lights went in leaf ambient cubes.
0...1...2...3...4...5...6...7...8...9...10Writing leaf ambient...done
Computing static prop lighting : 00...1...2...3...4...5...6...7...8...9...10
Ready to Finish

Object names       Objects/Maxobjs  Memory / Maxmem  Fullness 
------------       ---------------  ---------------  -------- 
models                   1/4096           48/196608   ( 0.0%) 
brushes                 53/32768         636/393216   ( 0.2%) 
brushsides             318/65536        2544/524288   ( 0.5%) 
planes                 154/65536        3080/1310720  ( 0.2%) 
vertexes               890/65536       10680/786432   ( 1.4%) 
nodes                   74/65536        2368/2097152  ( 0.1%) 
texinfos                63/12288        4536/884736   ( 0.5%) 
texdata                 13/2048          416/65536    ( 0.6%) 
dispinfos                0/0               0/0        ( 0.0%) 
disp_verts               0/0               0/0        ( 0.0%) 
disp_tris                0/0               0/0        ( 0.0%) 
disp_lmsamples           0/0               0/0        ( 0.0%) 
faces                  637/65536       35672/3670016  ( 1.0%) 
hdr faces                0/65536           0/3670016  ( 0.0%) 
origfaces               89/65536        4984/3670016  ( 0.1%) 
leaves                  76/65536        2432/2097152  ( 0.1%) 
leaffaces             1032/65536        2064/131072   ( 1.6%) 
leafbrushes            100/65536         200/131072   ( 0.2%) 
areas                    2/1024           16/8192     ( 0.2%) 
surfedges             3256/512000      13024/2048000  ( 0.6%) 
edges                 1724/256000       6896/1024000  ( 0.7%) 
LDR worldlights          4/16384         352/1441792  ( 0.0%) 
HDR worldlights          0/16384           0/1441792  ( 0.0%) 
leafwaterdata            0/32768           0/393216   ( 0.0%) 
waterstrips             35/131072        350/1310720  ( 0.0%) 
waterverts               0/131072          0/1572864  ( 0.0%) 
waterindices           522/131072       1044/262144   ( 0.4%) 
cubemapsamples           3/1024           48/16384    ( 0.3%) 
overlays                 0/1024            0/360448   ( 0.0%) 
LDR lightdata         [variable]     7665356/0        ( 0.0%) 
HDR lightdata         [variable]           0/0        ( 0.0%) 
visdata               [variable]         425/16777216 ( 0.0%) 
entdata               [variable]        3532/393216   ( 0.9%) 
LDR ambient table       76/65536         304/262144   ( 0.1%) 
HDR ambient table       76/65536         304/262144   ( 0.1%) 
LDR leaf ambient        75/65536        2100/1835008  ( 0.1%) 
HDR leaf ambient        76/65536        2128/1835008  ( 0.1%) 
occluders                0/0               0/0        ( 0.0%) 
occluder polygons        0/0               0/0        ( 0.0%) 
occluder vert ind        0/0               0/0        ( 0.0%) 
detail props          [variable]           1/12       ( 8.3%) 
static props          [variable]           1/1392     ( 0.1%) 
pakfile               [variable]       53208/0        ( 0.0%) 
physics               [variable]       18123/4194304  ( 0.4%) 
physics terrain       [variable]           2/1048576  ( 0.0%) 

Level flags = 1

Total triangle count: 1626
Writing c:\program files (x86)\steam\steamapps\sourcemods\who\maps\tes_map2.bsp
4 seconds elapsed



[Reading texlights from 'lights.rad']
[48 texlights parsed from 'lights.rad']

Loading c:\program files (x86)\steam\steamapps\sourcemods\who\maps\tes_map2.bsp
637 faces
3230 square feet [465153.09 square inches]
0 Displacements
0 Square Feet [0.00 Square Inches]
637 patches before subdivision
61371 patches after subdivision
WARNING: light_spot at (208 -240 191) has inner angle larger than 90 degrees! Clamping to 90...
WARNING: light_spot at (208 -240 191) has outer angle larger than 90 degrees! Clamping to 90...
WARNING: light_spot at (208 -432 191) has inner angle larger than 90 degrees! Clamping to 90...
WARNING: light_spot at (208 -432 191) has outer angle larger than 90 degrees! Clamping to 90...
4 direct lights
0...1...2...3...4...5...6...7...8...9...100...1...2...3...4...5...6...7...8...9...10transfers 13926281, max 710
transfer lists: 106.2 megs
0...1...2...3...4...5...6...7...8...9...10	Bounce #1 added RGB(242133, 135023, 29255)
0...1...2...3...4...5...6...7...8...9...10	Bounce #2 added RGB(107086, 57251, 11799)
0...1...2...3...4...5...6...7...8...9...10	Bounce #3 added RGB(33643, 17411, 3116)
0...1...2...3...4...5...6...7...8...9...10	Bounce #4 added RGB(13314, 6685, 1135)
0...1...2...3...4...5...6...7...8...9...10	Bounce #5 added RGB(4438, 2152, 318)
0...1...2...3...4...5...6...7...8...9...10	Bounce #6 added RGB(1664, 785, 109)
0...1...2...3...4...5...6...7...8...9...10	Bounce #7 added RGB(573, 261, 32)
0...1...2...3...4...5...6...7...8...9...10	Bounce #8 added RGB(209, 93, 11)
0...1...2...3...4...5...6...7...8...9...10	Bounce #9 added RGB(73, 31, 3)
0...1...2...3...4...5...6...7...8...9...10	Bounce #10 added RGB(26, 11, 1)
0...1...2...3...4...5...6...7...8...9...10	Bounce #11 added RGB(9, 4, 0)
0...1...2...3...4...5...6...7...8...9...10	Bounce #12 added RGB(3, 1, 0)
0...1...2...3...4...5...6...7...8...9...10	Bounce #13 added RGB(1, 0, 0)
0...1...2...3...4...5...6...7...8...9...10	Bounce #14 added RGB(0, 0, 0)
Build Patch/Sample Hash Table(s).....Done<0.0136 sec>
0...1...2...3...4...5...6...7...8...9...10FinalLightFace Done
0 of 0 (0% of) surface lights went in leaf ambient cubes.
0...1...2...3...4...5...6...7...8...9...10Writing leaf ambient...done
Computing static prop lighting : 00...1...2...3...4...5...6...7...8...9...10
Ready to Finish

Object names       Objects/Maxobjs  Memory / Maxmem  Fullness 
------------       ---------------  ---------------  -------- 
models                   1/4096           48/196608   ( 0.0%) 
brushes                 53/32768         636/393216   ( 0.2%) 
brushsides             318/65536        2544/524288   ( 0.5%) 
planes                 154/65536        3080/1310720  ( 0.2%) 
vertexes               890/65536       10680/786432   ( 1.4%) 
nodes                   74/65536        2368/2097152  ( 0.1%) 
texinfos                63/12288        4536/884736   ( 0.5%) 
texdata                 13/2048          416/65536    ( 0.6%) 
dispinfos                0/0               0/0        ( 0.0%) 
disp_verts               0/0               0/0        ( 0.0%) 
disp_tris                0/0               0/0        ( 0.0%) 
disp_lmsamples           0/0               0/0        ( 0.0%) 
faces                  637/65536       35672/3670016  ( 1.0%) 
hdr faces              637/65536       35672/3670016  ( 1.0%) 
origfaces               89/65536        4984/3670016  ( 0.1%) 
leaves                  76/65536        2432/2097152  ( 0.1%) 
leaffaces             1032/65536        2064/131072   ( 1.6%) 
leafbrushes            100/65536         200/131072   ( 0.2%) 
areas                    2/1024           16/8192     ( 0.2%) 
surfedges             3256/512000      13024/2048000  ( 0.6%) 
edges                 1724/256000       6896/1024000  ( 0.7%) 
LDR worldlights          4/16384         352/1441792  ( 0.0%) 
HDR worldlights          4/16384         352/1441792  ( 0.0%) 
leafwaterdata            0/32768           0/393216   ( 0.0%) 
waterstrips             35/131072        350/1310720  ( 0.0%) 
waterverts               0/131072          0/1572864  ( 0.0%) 
waterindices           522/131072       1044/262144   ( 0.4%) 
cubemapsamples           3/1024           48/16384    ( 0.3%) 
overlays                 0/1024            0/360448   ( 0.0%) 
LDR lightdata         [variable]     7665356/0        ( 0.0%) 
HDR lightdata         [variable]     7665356/0        ( 0.0%) 
visdata               [variable]         425/16777216 ( 0.0%) 
entdata               [variable]        3532/393216   ( 0.9%) 
LDR ambient table       76/65536         304/262144   ( 0.1%) 
HDR ambient table       76/65536         304/262144   ( 0.1%) 
LDR leaf ambient        75/65536        2100/1835008  ( 0.1%) 
HDR leaf ambient        75/65536        2100/1835008  ( 0.1%) 
occluders                0/0               0/0        ( 0.0%) 
occluder polygons        0/0               0/0        ( 0.0%) 
occluder vert ind        0/0               0/0        ( 0.0%) 
detail props          [variable]           1/12       ( 8.3%) 
static props          [variable]           1/1392     ( 0.1%) 
pakfile               [variable]      101012/0        ( 0.0%) 
physics               [variable]       18123/4194304  ( 0.4%) 
physics terrain       [variable]           2/1048576  ( 0.0%) 

Level flags = 3

Total triangle count: 1626
Writing c:\program files (x86)\steam\steamapps\sourcemods\who\maps\tes_map2.bsp
4 seconds elapsed



materialPath: C:\Program Files (x86)\Steam\steamapps\sourcemods\who\materials
Loading c:\program files (x86)\steam\steamapps\sourcemods\who\maps\tes_map2.vmf
ConVarRef mat_reduceparticles doesn't point to an existing ConVar
fixing up env_cubemap materials on brush sides...
0...1...2...3.Brush 28703: WARNING, microbrush
..4...5...6...7...8...9...10**** leaked ****
Entity prop_static (283.55 -654.00 97.00) leaked!
--- MAP LEAKED ---



6 threads
reading c:\program files (x86)\steam\steamapps\sourcemods\who\maps\tes_map2.bsp
reading c:\program files (x86)\steam\steamapps\sourcemods\who\maps\tes_map2.prt
LoadPortals: couldn't read c:\program files (x86)\steam\steamapps\sourcemods\who\maps\tes_map2.prt



materialPath: C:\Program Files (x86)\Steam\steamapps\sourcemods\who\materials
Loading c:\program files (x86)\steam\steamapps\sourcemods\who\maps\tes_map2.vmf
ConVarRef mat_reduceparticles doesn't point to an existing ConVar
fixing up env_cubemap materials on brush sides...
0...1...2...3.Brush 28703: WARNING, microbrush
..4...5...6...7...8...9...100...1...2...3.Brush 28703: WARNING, microbrush
..4...5...6...7...8...9...10**** leaked ****
Entity prop_static (123.00 -893.00 81.26) leaked!
--- MAP LEAKED ---



6 threads
reading c:\program files (x86)\steam\steamapps\sourcemods\who\maps\tes_map2.bsp
reading c:\program files (x86)\steam\steamapps\sourcemods\who\maps\tes_map2.prt
LoadPortals: couldn't read c:\program files (x86)\steam\steamapps\sourcemods\who\maps\tes_map2.prt



materialPath: C:\Program Files (x86)\Steam\steamapps\sourcemods\who\materials
Loading c:\program files (x86)\steam\steamapps\sourcemods\who\maps\tes_map2.vmf
ConVarRef mat_reduceparticles doesn't point to an existing ConVar
Cannot find parallax obb "bounds_2nd corr" (num_entities is 37)
fixing up env_cubemap materials on brush sides...
0...1...2...3.Brush 28703: WARNING, microbrush
..4...5...6...7...8...9...100...1...2...3.Brush 28703: WARNING, microbrush
..4...5...6...7...8...9...10**** leaked ****
Entity prop_static (123.00 -893.00 81.26) leaked!
--- MAP LEAKED ---



6 threads
reading c:\program files (x86)\steam\steamapps\sourcemods\who\maps\tes_map2.bsp
reading c:\program files (x86)\steam\steamapps\sourcemods\who\maps\tes_map2.prt
LoadPortals: couldn't read c:\program files (x86)\steam\steamapps\sourcemods\who\maps\tes_map2.prt



materialPath: C:\Program Files (x86)\Steam\steamapps\sourcemods\who\materials
Loading c:\program files (x86)\steam\steamapps\sourcemods\who\maps\tes_map2.vmf
ConVarRef mat_reduceparticles doesn't point to an existing ConVar
Cannot find parallax obb "bounds_2nd corr" (num_entities is 36)
fixing up env_cubemap materials on brush sides...
0...1...2...3.Brush 28703: WARNING, microbrush
..4...5...6...7...8...9...100...1...2...3.Brush 28703: WARNING, microbrush
..4...5...6...7...8...9...10Processing areas...done (0)
Building Faces...done (0)
FixTjuncs...
PruneNodes...
WriteBSP...
done (0)
writing c:\program files (x86)\steam\steamapps\sourcemods\who\maps\tes_map2.prt...Building visibility clusters...
done (0)
Finding displacement neighbors...
Finding lightmap sample positions...
Displacement Alpha : 0...1...2...3...4...5...6...7...8...9...10
Building Physics collision data...
done (0) (59491 bytes)
Placing static props...
Placing detail props : 0...1...2...3...4...5...6...7...8...9...10
Compacting texture/material tables...
Reduced 785 texinfos to 246
Reduced 21 texdatas to 15 (804 bytes to 595)
Writing c:\program files (x86)\steam\steamapps\sourcemods\who\maps\tes_map2.bsp
0 seconds elapsed



6 threads
reading c:\program files (x86)\steam\steamapps\sourcemods\who\maps\tes_map2.bsp
reading c:\program files (x86)\steam\steamapps\sourcemods\who\maps\tes_map2.prt
 173 portalclusters
 488 numportals
0...1...2...3...4...5...6...7...8...9...100...1...2...3...4...5...6...7...8...9...10Optimized: 128 visible clusters (0.00%)
Total clusters visible: 22619
Average clusters visible: 130
Building PAS...
Average clusters audible: 172
visdatasize:9055  compressed from 8304
writing c:\program files (x86)\steam\steamapps\sourcemods\who\maps\tes_map2.bsp
0 seconds elapsed



[Reading texlights from 'lights.rad']
[48 texlights parsed from 'lights.rad']

Loading c:\program files (x86)\steam\steamapps\sourcemods\who\maps\tes_map2.bsp
1484 faces
34 degenerate faces
5465 square feet [786963.69 square inches]
0 Displacements
0 Square Feet [0.00 Square Inches]
1450 patches before subdivision
105428 patches after subdivision
WARNING: light_spot at (208 -240 191) has inner angle larger than 90 degrees! Clamping to 90...
WARNING: light_spot at (208 -240 191) has outer angle larger than 90 degrees! Clamping to 90...
WARNING: light_spot at (208 -432 191) has inner angle larger than 90 degrees! Clamping to 90...
WARNING: light_spot at (208 -432 191) has outer angle larger than 90 degrees! Clamping to 90...
WARNING: light_spot at (208 -816 191) has inner angle larger than 90 degrees! Clamping to 90...
WARNING: light_spot at (208 -816 191) has outer angle larger than 90 degrees! Clamping to 90...
WARNING: light_spot at (240 -688 191) has inner angle larger than 90 degrees! Clamping to 90...
WARNING: light_spot at (240 -688 191) has outer angle larger than 90 degrees! Clamping to 90...
7 direct lights
0...1...2...3...4...5...6...7...8...9...100...1...2...3...4...5...6...7...8...9...10transfers 34729537, max 1070
transfer lists: 265.0 megs
0...1...2...3...4...5...6...7...8...9...10	Bounce #1 added RGB(483350, 258208, 57687)
Build Patch/Sample Hash Table(s).....Done<0.0168 sec>
0...1...2...3...4...5...6...7...8...9...10FinalLightFace Done
0 of 0 (0% of) surface lights went in leaf ambient cubes.
0...1...2...3...4...5...6...7...8...9...10Writing leaf ambient...done
Computing static prop lighting : 00...1...2...3...4...5...6...7...8...9...10
Ready to Finish

Object names       Objects/Maxobjs  Memory / Maxmem  Fullness 
------------       ---------------  ---------------  -------- 
models                   1/4096           48/196608   ( 0.0%) 
brushes                158/32768        1896/393216   ( 0.5%) 
brushsides            1140/65536        9120/524288   ( 1.7%) 
planes                 678/65536       13560/1310720  ( 1.0%) 
vertexes              2375/65536       28500/786432   ( 3.6%) 
nodes                  317/65536       10144/2097152  ( 0.5%) 
texinfos               246/12288       17712/884736   ( 2.0%) 
texdata                 15/2048          480/65536    ( 0.7%) 
dispinfos                0/0               0/0        ( 0.0%) 
disp_verts               0/0               0/0        ( 0.0%) 
disp_tris                0/0               0/0        ( 0.0%) 
disp_lmsamples           0/0               0/0        ( 0.0%) 
faces                 1484/65536       83104/3670016  ( 2.3%) 
hdr faces                0/65536           0/3670016  ( 0.0%) 
origfaces              401/65536       22456/3670016  ( 0.6%) 
leaves                 319/65536       10208/2097152  ( 0.5%) 
leaffaces             1887/65536        3774/131072   ( 2.9%) 
leafbrushes            295/65536         590/131072   ( 0.5%) 
areas                    2/1024           16/8192     ( 0.2%) 
surfedges             8586/512000      34344/2048000  ( 1.7%) 
edges                 4752/256000      19008/1024000  ( 1.9%) 
LDR worldlights          7/16384         616/1441792  ( 0.0%) 
HDR worldlights          0/16384           0/1441792  ( 0.0%) 
leafwaterdata            0/32768           0/393216   ( 0.0%) 
waterstrips             91/131072        910/1310720  ( 0.1%) 
waterverts               0/131072          0/1572864  ( 0.0%) 
waterindices          1407/131072       2814/262144   ( 1.1%) 
cubemapsamples           4/1024           64/16384    ( 0.4%) 
overlays                 0/1024            0/360448   ( 0.0%) 
LDR lightdata         [variable]    12323016/0        ( 0.0%) 
HDR lightdata         [variable]           0/0        ( 0.0%) 
visdata               [variable]        9055/16777216 ( 0.1%) 
entdata               [variable]        6373/393216   ( 1.6%) 
LDR ambient table      319/65536        1276/262144   ( 0.5%) 
HDR ambient table      319/65536        1276/262144   ( 0.5%) 
LDR leaf ambient       466/65536       13048/1835008  ( 0.7%) 
HDR leaf ambient       319/65536        8932/1835008  ( 0.5%) 
occluders                0/0               0/0        ( 0.0%) 
occluder polygons        0/0               0/0        ( 0.0%) 
occluder vert ind        0/0               0/0        ( 0.0%) 
detail props          [variable]           1/12       ( 8.3%) 
static props          [variable]           1/1834     ( 0.1%) 
pakfile               [variable]       88878/0        ( 0.0%) 
physics               [variable]       59491/4194304  ( 1.4%) 
physics terrain       [variable]           2/1048576  ( 0.0%) 

Level flags = 1

Total triangle count: 3971
Writing c:\program files (x86)\steam\steamapps\sourcemods\who\maps\tes_map2.bsp
7 seconds elapsed



[Reading texlights from 'lights.rad']
[48 texlights parsed from 'lights.rad']

Loading c:\program files (x86)\steam\steamapps\sourcemods\who\maps\tes_map2.bsp
1484 faces
34 degenerate faces
5465 square feet [786963.69 square inches]
0 Displacements
0 Square Feet [0.00 Square Inches]
1450 patches before subdivision
105428 patches after subdivision
WARNING: light_spot at (208 -240 191) has inner angle larger than 90 degrees! Clamping to 90...
WARNING: light_spot at (208 -240 191) has outer angle larger than 90 degrees! Clamping to 90...
WARNING: light_spot at (208 -432 191) has inner angle larger than 90 degrees! Clamping to 90...
WARNING: light_spot at (208 -432 191) has outer angle larger than 90 degrees! Clamping to 90...
WARNING: light_spot at (208 -816 191) has inner angle larger than 90 degrees! Clamping to 90...
WARNING: light_spot at (208 -816 191) has outer angle larger than 90 degrees! Clamping to 90...
WARNING: light_spot at (240 -688 191) has inner angle larger than 90 degrees! Clamping to 90...
WARNING: light_spot at (240 -688 191) has outer angle larger than 90 degrees! Clamping to 90...
7 direct lights
0...1...2...3...4...5...6...7...8...9...100...1...2...3...4...5...6...7...8...9...10transfers 34729537, max 1070
transfer lists: 265.0 megs
0...1...2...3...4...5...6...7...8...9...10	Bounce #1 added RGB(483350, 258208, 57687)
Build Patch/Sample Hash Table(s).....Done<0.0117 sec>
0...1...2...3...4...5...6...7...8...9...10FinalLightFace Done
0 of 0 (0% of) surface lights went in leaf ambient cubes.
0...1...2...3...4...5...6...7...8...9...10Writing leaf ambient...done
Computing static prop lighting : 00...1...2...3...4...5...6...7...8...9...10
Ready to Finish

Object names       Objects/Maxobjs  Memory / Maxmem  Fullness 
------------       ---------------  ---------------  -------- 
models                   1/4096           48/196608   ( 0.0%) 
brushes                158/32768        1896/393216   ( 0.5%) 
brushsides            1140/65536        9120/524288   ( 1.7%) 
planes                 678/65536       13560/1310720  ( 1.0%) 
vertexes              2375/65536       28500/786432   ( 3.6%) 
nodes                  317/65536       10144/2097152  ( 0.5%) 
texinfos               246/12288       17712/884736   ( 2.0%) 
texdata                 15/2048          480/65536    ( 0.7%) 
dispinfos                0/0               0/0        ( 0.0%) 
disp_verts               0/0               0/0        ( 0.0%) 
disp_tris                0/0               0/0        ( 0.0%) 
disp_lmsamples           0/0               0/0        ( 0.0%) 
faces                 1484/65536       83104/3670016  ( 2.3%) 
hdr faces             1484/65536       83104/3670016  ( 2.3%) 
origfaces              401/65536       22456/3670016  ( 0.6%) 
leaves                 319/65536       10208/2097152  ( 0.5%) 
leaffaces             1887/65536        3774/131072   ( 2.9%) 
leafbrushes            295/65536         590/131072   ( 0.5%) 
areas                    2/1024           16/8192     ( 0.2%) 
surfedges             8586/512000      34344/2048000  ( 1.7%) 
edges                 4752/256000      19008/1024000  ( 1.9%) 
LDR worldlights          7/16384         616/1441792  ( 0.0%) 
HDR worldlights          7/16384         616/1441792  ( 0.0%) 
leafwaterdata            0/32768           0/393216   ( 0.0%) 
waterstrips             91/131072        910/1310720  ( 0.1%) 
waterverts               0/131072          0/1572864  ( 0.0%) 
waterindices          1407/131072       2814/262144   ( 1.1%) 
cubemapsamples           4/1024           64/16384    ( 0.4%) 
overlays                 0/1024            0/360448   ( 0.0%) 
LDR lightdata         [variable]    12323016/0        ( 0.0%) 
HDR lightdata         [variable]    12323016/0        ( 0.0%) 
visdata               [variable]        9055/16777216 ( 0.1%) 
entdata               [variable]        6373/393216   ( 1.6%) 
LDR ambient table      319/65536        1276/262144   ( 0.5%) 
HDR ambient table      319/65536        1276/262144   ( 0.5%) 
LDR leaf ambient       466/65536       13048/1835008  ( 0.7%) 
HDR leaf ambient       466/65536       13048/1835008  ( 0.7%) 
occluders                0/0               0/0        ( 0.0%) 
occluder polygons        0/0               0/0        ( 0.0%) 
occluder vert ind        0/0               0/0        ( 0.0%) 
detail props          [variable]           1/12       ( 8.3%) 
static props          [variable]           1/1834     ( 0.1%) 
pakfile               [variable]      171080/0        ( 0.0%) 
physics               [variable]       59491/4194304  ( 1.4%) 
physics terrain       [variable]           2/1048576  ( 0.0%) 

Level flags = 3

Total triangle count: 3971
Writing c:\program files (x86)\steam\steamapps\sourcemods\who\maps\tes_map2.bsp
7 seconds elapsed



materialPath: C:\Program Files (x86)\Steam\steamapps\sourcemods\who\materials
Loading c:\program files (x86)\steam\steamapps\sourcemods\who\maps\tes_map2.vmf
ConVarRef mat_reduceparticles doesn't point to an existing ConVar
fixing up env_cubemap materials on brush sides...
0...1...2...3.Brush 28703: WARNING, microbrush
..4...5...6...7...8...9...100...1...2...3.Brush 28703: WARNING, microbrush
..4...5...6...7...8...9...10Processing areas...done (0)
Building Faces...done (0)
FixTjuncs...
PruneNodes...
WriteBSP...
done (0)
writing c:\program files (x86)\steam\steamapps\sourcemods\who\maps\tes_map2.prt...Building visibility clusters...
done (0)
Finding displacement neighbors...
Finding lightmap sample positions...
Displacement Alpha : 0...1...2...3...4...5...6...7...8...9...10
Building Physics collision data...
done (0) (59491 bytes)
Placing static props...
Placing detail props : 0...1...2...3...4...5...6...7...8...9...10
Compacting texture/material tables...
Reduced 785 texinfos to 246
Reduced 21 texdatas to 15 (804 bytes to 595)
Writing c:\program files (x86)\steam\steamapps\sourcemods\who\maps\tes_map2.bsp
0 seconds elapsed



6 threads
reading c:\program files (x86)\steam\steamapps\sourcemods\who\maps\tes_map2.bsp
reading c:\program files (x86)\steam\steamapps\sourcemods\who\maps\tes_map2.prt
 173 portalclusters
 488 numportals
0...1...2...3...4...5...6...7...8...9...100...1...2...3...4...5...6...7...8...9...10Optimized: 128 visible clusters (0.00%)
Total clusters visible: 22619
Average clusters visible: 130
Building PAS...
Average clusters audible: 172
visdatasize:9055  compressed from 8304
writing c:\program files (x86)\steam\steamapps\sourcemods\who\maps\tes_map2.bsp
0 seconds elapsed



[Reading texlights from 'lights.rad']
[48 texlights parsed from 'lights.rad']

Loading c:\program files (x86)\steam\steamapps\sourcemods\who\maps\tes_map2.bsp
1484 faces
34 degenerate faces
5465 square feet [786963.69 square inches]
0 Displacements
0 Square Feet [0.00 Square Inches]
1450 patches before subdivision
105428 patches after subdivision
WARNING: light_spot at (208 -240 191) has inner angle larger than 90 degrees! Clamping to 90...
WARNING: light_spot at (208 -240 191) has outer angle larger than 90 degrees! Clamping to 90...
WARNING: light_spot at (208 -432 191) has inner angle larger than 90 degrees! Clamping to 90...
WARNING: light_spot at (208 -432 191) has outer angle larger than 90 degrees! Clamping to 90...
WARNING: light_spot at (208 -816 191) has inner angle larger than 90 degrees! Clamping to 90...
WARNING: light_spot at (208 -816 191) has outer angle larger than 90 degrees! Clamping to 90...
WARNING: light_spot at (240 -688 191) has inner angle larger than 90 degrees! Clamping to 90...
WARNING: light_spot at (240 -688 191) has outer angle larger than 90 degrees! Clamping to 90...
7 direct lights
0...1...2...3...4...5...6...7...8...9...100...1...2...3...4...5...6...7...8...9...10transfers 34729537, max 1070
transfer lists: 265.0 megs
0...1...2...3...4...5...6...7...8...9...10	Bounce #1 added RGB(483350, 258208, 57687)
Build Patch/Sample Hash Table(s).....Done<0.0211 sec>
0...1...2...3...4...5...6...7...8...9...10FinalLightFace Done
0 of 0 (0% of) surface lights went in leaf ambient cubes.
0...1...2...3...4...5...6...7...8...9...10Writing leaf ambient...done
Computing static prop lighting : 00...1...2...3...4...5...6...7...8...9...10
Ready to Finish

Object names       Objects/Maxobjs  Memory / Maxmem  Fullness 
------------       ---------------  ---------------  -------- 
models                   1/4096           48/196608   ( 0.0%) 
brushes                161/32768        1932/393216   ( 0.5%) 
brushsides            1158/65536        9264/524288   ( 1.8%) 
planes                 678/65536       13560/1310720  ( 1.0%) 
vertexes              2375/65536       28500/786432   ( 3.6%) 
nodes                  317/65536       10144/2097152  ( 0.5%) 
texinfos               246/12288       17712/884736   ( 2.0%) 
texdata                 15/2048          480/65536    ( 0.7%) 
dispinfos                0/0               0/0        ( 0.0%) 
disp_verts               0/0               0/0        ( 0.0%) 
disp_tris                0/0               0/0        ( 0.0%) 
disp_lmsamples           0/0               0/0        ( 0.0%) 
faces                 1484/65536       83104/3670016  ( 2.3%) 
hdr faces                0/65536           0/3670016  ( 0.0%) 
origfaces              401/65536       22456/3670016  ( 0.6%) 
leaves                 319/65536       10208/2097152  ( 0.5%) 
leaffaces             1887/65536        3774/131072   ( 2.9%) 
leafbrushes            295/65536         590/131072   ( 0.5%) 
areas                    2/1024           16/8192     ( 0.2%) 
surfedges             8586/512000      34344/2048000  ( 1.7%) 
edges                 4752/256000      19008/1024000  ( 1.9%) 
LDR worldlights          7/16384         616/1441792  ( 0.0%) 
HDR worldlights          0/16384           0/1441792  ( 0.0%) 
leafwaterdata            0/32768           0/393216   ( 0.0%) 
waterstrips             91/131072        910/1310720  ( 0.1%) 
waterverts               0/131072          0/1572864  ( 0.0%) 
waterindices          1407/131072       2814/262144   ( 1.1%) 
cubemapsamples           4/1024           64/16384    ( 0.4%) 
overlays                 0/1024            0/360448   ( 0.0%) 
LDR lightdata         [variable]    12323016/0        ( 0.0%) 
HDR lightdata         [variable]           0/0        ( 0.0%) 
visdata               [variable]        9055/16777216 ( 0.1%) 
entdata               [variable]        6373/393216   ( 1.6%) 
LDR ambient table      319/65536        1276/262144   ( 0.5%) 
HDR ambient table      319/65536        1276/262144   ( 0.5%) 
LDR leaf ambient       466/65536       13048/1835008  ( 0.7%) 
HDR leaf ambient       319/65536        8932/1835008  ( 0.5%) 
occluders                0/0               0/0        ( 0.0%) 
occluder polygons        0/0               0/0        ( 0.0%) 
occluder vert ind        0/0               0/0        ( 0.0%) 
detail props          [variable]           1/12       ( 8.3%) 
static props          [variable]           1/1834     ( 0.1%) 
pakfile               [variable]       89343/0        ( 0.0%) 
physics               [variable]       59491/4194304  ( 1.4%) 
physics terrain       [variable]           2/1048576  ( 0.0%) 

Level flags = 1

Total triangle count: 3971
Writing c:\program files (x86)\steam\steamapps\sourcemods\who\maps\tes_map2.bsp
7 seconds elapsed



[Reading texlights from 'lights.rad']
[48 texlights parsed from 'lights.rad']

Loading c:\program files (x86)\steam\steamapps\sourcemods\who\maps\tes_map2.bsp
1484 faces
34 degenerate faces
5465 square feet [786963.69 square inches]
0 Displacements
0 Square Feet [0.00 Square Inches]
1450 patches before subdivision
105428 patches after subdivision
WARNING: light_spot at (208 -240 191) has inner angle larger than 90 degrees! Clamping to 90...
WARNING: light_spot at (208 -240 191) has outer angle larger than 90 degrees! Clamping to 90...
WARNING: light_spot at (208 -432 191) has inner angle larger than 90 degrees! Clamping to 90...
WARNING: light_spot at (208 -432 191) has outer angle larger than 90 degrees! Clamping to 90...
WARNING: light_spot at (208 -816 191) has inner angle larger than 90 degrees! Clamping to 90...
WARNING: light_spot at (208 -816 191) has outer angle larger than 90 degrees! Clamping to 90...
WARNING: light_spot at (240 -688 191) has inner angle larger than 90 degrees! Clamping to 90...
WARNING: light_spot at (240 -688 191) has outer angle larger than 90 degrees! Clamping to 90...
7 direct lights
0...1...2...3...4...5...6...7...8...9...100...1...2...3...4...5...6...7...8...9...10transfers 34729537, max 1070
transfer lists: 265.0 megs
0...1...2...3...4...5...6...7...8...9...10	Bounce #1 added RGB(483350, 258208, 57687)
Build Patch/Sample Hash Table(s).....Done<0.0153 sec>
0...1...2...3...4...5...6...7...8...9...10FinalLightFace Done
0 of 0 (0% of) surface lights went in leaf ambient cubes.
0...1...2...3...4...5...6...7...8...9...10Writing leaf ambient...done
Computing static prop lighting : 00...1...2...3...4...5...6...7...8...9...10
Ready to Finish

Object names       Objects/Maxobjs  Memory / Maxmem  Fullness 
------------       ---------------  ---------------  -------- 
models                   1/4096           48/196608   ( 0.0%) 
brushes                161/32768        1932/393216   ( 0.5%) 
brushsides            1158/65536        9264/524288   ( 1.8%) 
planes                 678/65536       13560/1310720  ( 1.0%) 
vertexes              2375/65536       28500/786432   ( 3.6%) 
nodes                  317/65536       10144/2097152  ( 0.5%) 
texinfos               246/12288       17712/884736   ( 2.0%) 
texdata                 15/2048          480/65536    ( 0.7%) 
dispinfos                0/0               0/0        ( 0.0%) 
disp_verts               0/0               0/0        ( 0.0%) 
disp_tris                0/0               0/0        ( 0.0%) 
disp_lmsamples           0/0               0/0        ( 0.0%) 
faces                 1484/65536       83104/3670016  ( 2.3%) 
hdr faces             1484/65536       83104/3670016  ( 2.3%) 
origfaces              401/65536       22456/3670016  ( 0.6%) 
leaves                 319/65536       10208/2097152  ( 0.5%) 
leaffaces             1887/65536        3774/131072   ( 2.9%) 
leafbrushes            295/65536         590/131072   ( 0.5%) 
areas                    2/1024           16/8192     ( 0.2%) 
surfedges             8586/512000      34344/2048000  ( 1.7%) 
edges                 4752/256000      19008/1024000  ( 1.9%) 
LDR worldlights          7/16384         616/1441792  ( 0.0%) 
HDR worldlights          7/16384         616/1441792  ( 0.0%) 
leafwaterdata            0/32768           0/393216   ( 0.0%) 
waterstrips             91/131072        910/1310720  ( 0.1%) 
waterverts               0/131072          0/1572864  ( 0.0%) 
waterindices          1407/131072       2814/262144   ( 1.1%) 
cubemapsamples           4/1024           64/16384    ( 0.4%) 
overlays                 0/1024            0/360448   ( 0.0%) 
LDR lightdata         [variable]    12323016/0        ( 0.0%) 
HDR lightdata         [variable]    12323016/0        ( 0.0%) 
visdata               [variable]        9055/16777216 ( 0.1%) 
entdata               [variable]        6373/393216   ( 1.6%) 
LDR ambient table      319/65536        1276/262144   ( 0.5%) 
HDR ambient table      319/65536        1276/262144   ( 0.5%) 
LDR leaf ambient       466/65536       13048/1835008  ( 0.7%) 
HDR leaf ambient       466/65536       13048/1835008  ( 0.7%) 
occluders                0/0               0/0        ( 0.0%) 
occluder polygons        0/0               0/0        ( 0.0%) 
occluder vert ind        0/0               0/0        ( 0.0%) 
detail props          [variable]           1/12       ( 8.3%) 
static props          [variable]           1/1834     ( 0.1%) 
pakfile               [variable]      171545/0        ( 0.0%) 
physics               [variable]       59491/4194304  ( 1.4%) 
physics terrain       [variable]           2/1048576  ( 0.0%) 

Level flags = 3

Total triangle count: 3971
Writing c:\program files (x86)\steam\steamapps\sourcemods\who\maps\tes_map2.bsp
7 seconds elapsed



materialPath: C:\Program Files (x86)\Steam\steamapps\sourcemods\who\materials
Loading c:\program files (x86)\steam\steamapps\sourcemods\who\maps\tes_map2.vmf
ConVarRef mat_reduceparticles doesn't point to an existing ConVar
fixing up env_cubemap materials on brush sides...
0...1...2...3.Brush 28703: WARNING, microbrush
..4...5...6...7...8...9...100...1...2...3.Brush 28703: WARNING, microbrush
..4...5...6...7...8...9...10Processing areas...done (0)
Building Faces...done (0)
FixTjuncs...
PruneNodes...
WriteBSP...
done (0)
writing c:\program files (x86)\steam\steamapps\sourcemods\who\maps\tes_map2.prt...Building visibility clusters...
done (0)
Finding displacement neighbors...
Finding lightmap sample positions...
Displacement Alpha : 0...1...2...3...4...5...6...7...8...9...10
Building Physics collision data...
done (0) (59491 bytes)
Placing static props...
Placing detail props : 0...1...2...3...4...5...6...7...8...9...10
Compacting texture/material tables...
Reduced 785 texinfos to 246
Reduced 21 texdatas to 15 (804 bytes to 595)
Writing c:\program files (x86)\steam\steamapps\sourcemods\who\maps\tes_map2.bsp
0 seconds elapsed



6 threads
reading c:\program files (x86)\steam\steamapps\sourcemods\who\maps\tes_map2.bsp
reading c:\program files (x86)\steam\steamapps\sourcemods\who\maps\tes_map2.prt
 173 portalclusters
 488 numportals
0...1...2...3...4...5...6...7...8...9...100...1...2...3...4...5...6...7...8...9...10Optimized: 128 visible clusters (0.00%)
Total clusters visible: 22619
Average clusters visible: 130
Building PAS...
Average clusters audible: 172
visdatasize:9055  compressed from 8304
writing c:\program files (x86)\steam\steamapps\sourcemods\who\maps\tes_map2.bsp
0 seconds elapsed



[Reading texlights from 'lights.rad']
[48 texlights parsed from 'lights.rad']

Loading c:\program files (x86)\steam\steamapps\sourcemods\who\maps\tes_map2.bsp
1484 faces
34 degenerate faces
5465 square feet [786963.69 square inches]
0 Displacements
0 Square Feet [0.00 Square Inches]
1450 patches before subdivision
105428 patches after subdivision
WARNING: light_spot at (208 -240 191) has inner angle larger than 90 degrees! Clamping to 90...
WARNING: light_spot at (208 -240 191) has outer angle larger than 90 degrees! Clamping to 90...
WARNING: light_spot at (208 -432 191) has inner angle larger than 90 degrees! Clamping to 90...
WARNING: light_spot at (208 -432 191) has outer angle larger than 90 degrees! Clamping to 90...
WARNING: light_spot at (208 -816 191) has inner angle larger than 90 degrees! Clamping to 90...
WARNING: light_spot at (208 -816 191) has outer angle larger than 90 degrees! Clamping to 90...
WARNING: light_spot at (240 -688 191) has inner angle larger than 90 degrees! Clamping to 90...
WARNING: light_spot at (240 -688 191) has outer angle larger than 90 degrees! Clamping to 90...
7 direct lights
0...1...2...3...4...5...6...7...8...9...100...1...2...3...4...5...6...7...8...9...10transfers 34729537, max 1070
transfer lists: 265.0 megs
0...1...2...3...4...5...6...7...8...9...10	Bounce #1 added RGB(483350, 258208, 57687)
Build Patch/Sample Hash Table(s).....Done<0.0122 sec>
0...1...2...3...4...5...6...7...8...9...10FinalLightFace Done
0 of 0 (0% of) surface lights went in leaf ambient cubes.
0...1...2...3...4...5...6...7...8...9...10Writing leaf ambient...done
Computing static prop lighting : 00...1...2...3...4...5...6...7...8...9...10
Ready to Finish

Object names       Objects/Maxobjs  Memory / Maxmem  Fullness 
------------       ---------------  ---------------  -------- 
models                   1/4096           48/196608   ( 0.0%) 
brushes                161/32768        1932/393216   ( 0.5%) 
brushsides            1158/65536        9264/524288   ( 1.8%) 
planes                 678/65536       13560/1310720  ( 1.0%) 
vertexes              2375/65536       28500/786432   ( 3.6%) 
nodes                  317/65536       10144/2097152  ( 0.5%) 
texinfos               246/12288       17712/884736   ( 2.0%) 
texdata                 15/2048          480/65536    ( 0.7%) 
dispinfos                0/0               0/0        ( 0.0%) 
disp_verts               0/0               0/0        ( 0.0%) 
disp_tris                0/0               0/0        ( 0.0%) 
disp_lmsamples           0/0               0/0        ( 0.0%) 
faces                 1484/65536       83104/3670016  ( 2.3%) 
hdr faces                0/65536           0/3670016  ( 0.0%) 
origfaces              401/65536       22456/3670016  ( 0.6%) 
leaves                 319/65536       10208/2097152  ( 0.5%) 
leaffaces             1887/65536        3774/131072   ( 2.9%) 
leafbrushes            295/65536         590/131072   ( 0.5%) 
areas                    2/1024           16/8192     ( 0.2%) 
surfedges             8586/512000      34344/2048000  ( 1.7%) 
edges                 4752/256000      19008/1024000  ( 1.9%) 
LDR worldlights          7/16384         616/1441792  ( 0.0%) 
HDR worldlights          0/16384           0/1441792  ( 0.0%) 
leafwaterdata            0/32768           0/393216   ( 0.0%) 
waterstrips             91/131072        910/1310720  ( 0.1%) 
waterverts               0/131072          0/1572864  ( 0.0%) 
waterindices          1407/131072       2814/262144   ( 1.1%) 
cubemapsamples           4/1024           64/16384    ( 0.4%) 
overlays                 0/1024            0/360448   ( 0.0%) 
LDR lightdata         [variable]    12323016/0        ( 0.0%) 
HDR lightdata         [variable]           0/0        ( 0.0%) 
visdata               [variable]        9055/16777216 ( 0.1%) 
entdata               [variable]        6373/393216   ( 1.6%) 
LDR ambient table      319/65536        1276/262144   ( 0.5%) 
HDR ambient table      319/65536        1276/262144   ( 0.5%) 
LDR leaf ambient       466/65536       13048/1835008  ( 0.7%) 
HDR leaf ambient       319/65536        8932/1835008  ( 0.5%) 
occluders                0/0               0/0        ( 0.0%) 
occluder polygons        0/0               0/0        ( 0.0%) 
occluder vert ind        0/0               0/0        ( 0.0%) 
detail props          [variable]           1/12       ( 8.3%) 
static props          [variable]           1/1834     ( 0.1%) 
pakfile               [variable]       89343/0        ( 0.0%) 
physics               [variable]       59491/4194304  ( 1.4%) 
physics terrain       [variable]           2/1048576  ( 0.0%) 

Level flags = 1

Total triangle count: 3971
Writing c:\program files (x86)\steam\steamapps\sourcemods\who\maps\tes_map2.bsp
7 seconds elapsed



[Reading texlights from 'lights.rad']
[48 texlights parsed from 'lights.rad']

Loading c:\program files (x86)\steam\steamapps\sourcemods\who\maps\tes_map2.bsp
1484 faces
34 degenerate faces
5465 square feet [786963.69 square inches]
0 Displacements
0 Square Feet [0.00 Square Inches]
1450 patches before subdivision
105428 patches after subdivision
WARNING: light_spot at (208 -240 191) has inner angle larger than 90 degrees! Clamping to 90...
WARNING: light_spot at (208 -240 191) has outer angle larger than 90 degrees! Clamping to 90...
WARNING: light_spot at (208 -432 191) has inner angle larger than 90 degrees! Clamping to 90...
WARNING: light_spot at (208 -432 191) has outer angle larger than 90 degrees! Clamping to 90...
WARNING: light_spot at (208 -816 191) has inner angle larger than 90 degrees! Clamping to 90...
WARNING: light_spot at (208 -816 191) has outer angle larger than 90 degrees! Clamping to 90...
WARNING: light_spot at (240 -688 191) has inner angle larger than 90 degrees! Clamping to 90...
WARNING: light_spot at (240 -688 191) has outer angle larger than 90 degrees! Clamping to 90...
7 direct lights
0...1...2...3...4...5...6...7...8...9...100...1...2...3...4...5...6...7...8...9...10transfers 34729537, max 1070
transfer lists: 265.0 megs
0...1...2...3...4...5...6...7...8...9...10	Bounce #1 added RGB(483350, 258208, 57687)
Build Patch/Sample Hash Table(s).....Done<0.0117 sec>
0...1...2...3...4...5...6...7...8...9...10FinalLightFace Done
0 of 0 (0% of) surface lights went in leaf ambient cubes.
0...1...2...3...4...5...6...7...8...9...10Writing leaf ambient...done
Computing static prop lighting : 00...1...2...3...4...5...6...7...8...9...10
Ready to Finish

Object names       Objects/Maxobjs  Memory / Maxmem  Fullness 
------------       ---------------  ---------------  -------- 
models                   1/4096           48/196608   ( 0.0%) 
brushes                161/32768        1932/393216   ( 0.5%) 
brushsides            1158/65536        9264/524288   ( 1.8%) 
planes                 678/65536       13560/1310720  ( 1.0%) 
vertexes              2375/65536       28500/786432   ( 3.6%) 
nodes                  317/65536       10144/2097152  ( 0.5%) 
texinfos               246/12288       17712/884736   ( 2.0%) 
texdata                 15/2048          480/65536    ( 0.7%) 
dispinfos                0/0               0/0        ( 0.0%) 
disp_verts               0/0               0/0        ( 0.0%) 
disp_tris                0/0               0/0        ( 0.0%) 
disp_lmsamples           0/0               0/0        ( 0.0%) 
faces                 1484/65536       83104/3670016  ( 2.3%) 
hdr faces             1484/65536       83104/3670016  ( 2.3%) 
origfaces              401/65536       22456/3670016  ( 0.6%) 
leaves                 319/65536       10208/2097152  ( 0.5%) 
leaffaces             1887/65536        3774/131072   ( 2.9%) 
leafbrushes            295/65536         590/131072   ( 0.5%) 
areas                    2/1024           16/8192     ( 0.2%) 
surfedges             8586/512000      34344/2048000  ( 1.7%) 
edges                 4752/256000      19008/1024000  ( 1.9%) 
LDR worldlights          7/16384         616/1441792  ( 0.0%) 
HDR worldlights          7/16384         616/1441792  ( 0.0%) 
leafwaterdata            0/32768           0/393216   ( 0.0%) 
waterstrips             91/131072        910/1310720  ( 0.1%) 
waterverts               0/131072          0/1572864  ( 0.0%) 
waterindices          1407/131072       2814/262144   ( 1.1%) 
cubemapsamples           4/1024           64/16384    ( 0.4%) 
overlays                 0/1024            0/360448   ( 0.0%) 
LDR lightdata         [variable]    12323016/0        ( 0.0%) 
HDR lightdata         [variable]    12323016/0        ( 0.0%) 
visdata               [variable]        9055/16777216 ( 0.1%) 
entdata               [variable]        6373/393216   ( 1.6%) 
LDR ambient table      319/65536        1276/262144   ( 0.5%) 
HDR ambient table      319/65536        1276/262144   ( 0.5%) 
LDR leaf ambient       466/65536       13048/1835008  ( 0.7%) 
HDR leaf ambient       466/65536       13048/1835008  ( 0.7%) 
occluders                0/0               0/0        ( 0.0%) 
occluder polygons        0/0               0/0        ( 0.0%) 
occluder vert ind        0/0               0/0        ( 0.0%) 
detail props          [variable]           1/12       ( 8.3%) 
static props          [variable]           1/1834     ( 0.1%) 
pakfile               [variable]      171545/0        ( 0.0%) 
physics               [variable]       59491/4194304  ( 1.4%) 
physics terrain       [variable]           2/1048576  ( 0.0%) 

Level flags = 3

Total triangle count: 3971
Writing c:\program files (x86)\steam\steamapps\sourcemods\who\maps\tes_map2.bsp
7 seconds elapsed



materialPath: C:\Program Files (x86)\Steam\steamapps\sourcemods\who\materials
Loading c:\program files (x86)\steam\steamapps\sourcemods\who\maps\tes_map2.vmf
ConVarRef mat_reduceparticles doesn't point to an existing ConVar
fixing up env_cubemap materials on brush sides...
0...1...2...3.Brush 28703: WARNING, microbrush
..4...5...6...7...8...9...100...1...2...3.Brush 28703: WARNING, microbrush
..4...5...6...7...8...9...10Processing areas...done (0)
Building Faces...done (0)
FixTjuncs...
PruneNodes...
WriteBSP...
done (0)
writing c:\program files (x86)\steam\steamapps\sourcemods\who\maps\tes_map2.prt...Building visibility clusters...
done (0)
Finding displacement neighbors...
Finding lightmap sample positions...
Displacement Alpha : 0...1...2...3...4...5...6...7...8...9...10
Building Physics collision data...
done (0) (59491 bytes)
Placing static props...
Placing detail props : 0...1...2...3...4...5...6...7...8...9...10
Compacting texture/material tables...
Reduced 785 texinfos to 246
Reduced 21 texdatas to 15 (804 bytes to 595)
Writing c:\program files (x86)\steam\steamapps\sourcemods\who\maps\tes_map2.bsp
0 seconds elapsed



6 threads
reading c:\program files (x86)\steam\steamapps\sourcemods\who\maps\tes_map2.bsp
reading c:\program files (x86)\steam\steamapps\sourcemods\who\maps\tes_map2.prt
 173 portalclusters
 488 numportals
0...1...2...3...4...5...6...7...8...9...100...1...2...3...4...5...6...7...8...9...10Optimized: 128 visible clusters (0.00%)
Total clusters visible: 22619
Average clusters visible: 130
Building PAS...
Average clusters audible: 172
visdatasize:9055  compressed from 8304
writing c:\program files (x86)\steam\steamapps\sourcemods\who\maps\tes_map2.bsp
0 seconds elapsed



[Reading texlights from 'lights.rad']
[48 texlights parsed from 'lights.rad']

Loading c:\program files (x86)\steam\steamapps\sourcemods\who\maps\tes_map2.bsp
1484 faces
34 degenerate faces
5465 square feet [786963.69 square inches]
0 Displacements
0 Square Feet [0.00 Square Inches]
1450 patches before subdivision
105428 patches after subdivision
WARNING: light_spot at (208 -240 191) has inner angle larger than 90 degrees! Clamping to 90...
WARNING: light_spot at (208 -240 191) has outer angle larger than 90 degrees! Clamping to 90...
WARNING: light_spot at (208 -432 191) has inner angle larger than 90 degrees! Clamping to 90...
WARNING: light_spot at (208 -432 191) has outer angle larger than 90 degrees! Clamping to 90...
WARNING: light_spot at (208 -816 191) has inner angle larger than 90 degrees! Clamping to 90...
WARNING: light_spot at (208 -816 191) has outer angle larger than 90 degrees! Clamping to 90...
WARNING: light_spot at (240 -688 191) has inner angle larger than 90 degrees! Clamping to 90...
WARNING: light_spot at (240 -688 191) has outer angle larger than 90 degrees! Clamping to 90...
7 direct lights
0...1...2...3...4...5...6...7...8...9...100...1...2...3...4...5...6...7...8...9...10transfers 34729537, max 1070
transfer lists: 265.0 megs
0...1...2...3...4...5...6...7...8...9...10	Bounce #1 added RGB(483350, 258208, 57687)
0...1...2...3...4...5...6...7...8...9...10	Bounce #2 added RGB(214110, 110072, 23462)
0...1...2...3...4...5...6...7...8...9...10	Bounce #3 added RGB(65589, 32261, 6042)
0...1...2...3...4...5...6...7...8...9...10	Bounce #4 added RGB(26005, 12420, 2223)
0...1...2...3...4...5...6...7...8...9...10	Bounce #5 added RGB(8513, 3893, 612)
0...1...2...3...4...5...6...7...8...9...10	Bounce #6 added RGB(3201, 1424, 213)
0...1...2...3...4...5...6...7...8...9...10	Bounce #7 added RGB(1089, 465, 61)
0...1...2...3...4...5...6...7...8...9...10	Bounce #8 added RGB(399, 166, 21)
0...1...2...3...4...5...6...7...8...9...10	Bounce #9 added RGB(139, 55, 6)
0...1...2...3...4...5...6...7...8...9...10	Bounce #10 added RGB(50, 19, 2)
0...1...2...3...4...5...6...7...8...9...10	Bounce #11 added RGB(18, 7, 1)
0...1...2...3...4...5...6...7...8...9...10	Bounce #12 added RGB(6, 2, 0)
0...1...2...3...4...5...6...7...8...9...10	Bounce #13 added RGB(2, 1, 0)
0...1...2...3...4...5...6...7...8...9...10	Bounce #14 added RGB(1, 0, 0)
Build Patch/Sample Hash Table(s).....Done<0.0124 sec>
0...1...2...3...4...5...6...7...8...9...10FinalLightFace Done
0 of 0 (0% of) surface lights went in leaf ambient cubes.
0...1...2...3...4...5...6...7...8...9...10Writing leaf ambient...done
Computing static prop lighting : 00...1...2...3...4...5...6...7...8...9...10
Ready to Finish

Object names       Objects/Maxobjs  Memory / Maxmem  Fullness 
------------       ---------------  ---------------  -------- 
models                   1/4096           48/196608   ( 0.0%) 
brushes                161/32768        1932/393216   ( 0.5%) 
brushsides            1158/65536        9264/524288   ( 1.8%) 
planes                 678/65536       13560/1310720  ( 1.0%) 
vertexes              2375/65536       28500/786432   ( 3.6%) 
nodes                  317/65536       10144/2097152  ( 0.5%) 
texinfos               246/12288       17712/884736   ( 2.0%) 
texdata                 15/2048          480/65536    ( 0.7%) 
dispinfos                0/0               0/0        ( 0.0%) 
disp_verts               0/0               0/0        ( 0.0%) 
disp_tris                0/0               0/0        ( 0.0%) 
disp_lmsamples           0/0               0/0        ( 0.0%) 
faces                 1484/65536       83104/3670016  ( 2.3%) 
hdr faces                0/65536           0/3670016  ( 0.0%) 
origfaces              401/65536       22456/3670016  ( 0.6%) 
leaves                 319/65536       10208/2097152  ( 0.5%) 
leaffaces             1887/65536        3774/131072   ( 2.9%) 
leafbrushes            295/65536         590/131072   ( 0.5%) 
areas                    2/1024           16/8192     ( 0.2%) 
surfedges             8586/512000      34344/2048000  ( 1.7%) 
edges                 4752/256000      19008/1024000  ( 1.9%) 
LDR worldlights          7/16384         616/1441792  ( 0.0%) 
HDR worldlights          0/16384           0/1441792  ( 0.0%) 
leafwaterdata            0/32768           0/393216   ( 0.0%) 
waterstrips             91/131072        910/1310720  ( 0.1%) 
waterverts               0/131072          0/1572864  ( 0.0%) 
waterindices          1407/131072       2814/262144   ( 1.1%) 
cubemapsamples           4/1024           64/16384    ( 0.4%) 
overlays                 0/1024            0/360448   ( 0.0%) 
LDR lightdata         [variable]    12323016/0        ( 0.0%) 
HDR lightdata         [variable]           0/0        ( 0.0%) 
visdata               [variable]        9055/16777216 ( 0.1%) 
entdata               [variable]        6373/393216   ( 1.6%) 
LDR ambient table      319/65536        1276/262144   ( 0.5%) 
HDR ambient table      319/65536        1276/262144   ( 0.5%) 
LDR leaf ambient       470/65536       13160/1835008  ( 0.7%) 
HDR leaf ambient       319/65536        8932/1835008  ( 0.5%) 
occluders                0/0               0/0        ( 0.0%) 
occluder polygons        0/0               0/0        ( 0.0%) 
occluder vert ind        0/0               0/0        ( 0.0%) 
detail props          [variable]           1/12       ( 8.3%) 
static props          [variable]           1/1834     ( 0.1%) 
pakfile               [variable]       89343/0        ( 0.0%) 
physics               [variable]       59491/4194304  ( 1.4%) 
physics terrain       [variable]           2/1048576  ( 0.0%) 

Level flags = 1

Total triangle count: 3971
Writing c:\program files (x86)\steam\steamapps\sourcemods\who\maps\tes_map2.bsp
9 seconds elapsed



[Reading texlights from 'lights.rad']
[48 texlights parsed from 'lights.rad']

Loading c:\program files (x86)\steam\steamapps\sourcemods\who\maps\tes_map2.bsp
1484 faces
34 degenerate faces
5465 square feet [786963.69 square inches]
0 Displacements
0 Square Feet [0.00 Square Inches]
1450 patches before subdivision
105428 patches after subdivision
WARNING: light_spot at (208 -240 191) has inner angle larger than 90 degrees! Clamping to 90...
WARNING: light_spot at (208 -240 191) has outer angle larger than 90 degrees! Clamping to 90...
WARNING: light_spot at (208 -432 191) has inner angle larger than 90 degrees! Clamping to 90...
WARNING: light_spot at (208 -432 191) has outer angle larger than 90 degrees! Clamping to 90...
WARNING: light_spot at (208 -816 191) has inner angle larger than 90 degrees! Clamping to 90...
WARNING: light_spot at (208 -816 191) has outer angle larger than 90 degrees! Clamping to 90...
WARNING: light_spot at (240 -688 191) has inner angle larger than 90 degrees! Clamping to 90...
WARNING: light_spot at (240 -688 191) has outer angle larger than 90 degrees! Clamping to 90...
7 direct lights
0...1...2...3...4...5...6...7...8...9...100...1...2...3...4...5...6...7...8...9...10transfers 34729537, max 1070
transfer lists: 265.0 megs
0...1...2...3...4...5...6...7...8...9...10	Bounce #1 added RGB(483350, 258208, 57687)
0...1...2...3...4...5...6...7...8...9...10	Bounce #2 added RGB(214110, 110072, 23462)
0...1...2...3...4...5...6...7...8...9...10	Bounce #3 added RGB(65589, 32261, 6042)
0...1...2...3...4...5...6...7...8...9...10	Bounce #4 added RGB(26005, 12420, 2223)
0...1...2...3...4...5...6...7...8...9...10	Bounce #5 added RGB(8513, 3893, 612)
0...1...2...3...4...5...6...7...8...9...10	Bounce #6 added RGB(3201, 1424, 213)
0...1...2...3...4...5...6...7...8...9...10	Bounce #7 added RGB(1089, 465, 61)
0...1...2...3...4...5...6...7...8...9...10	Bounce #8 added RGB(399, 166, 21)
0...1...2...3...4...5...6...7...8...9...10	Bounce #9 added RGB(139, 55, 6)
0...1...2...3...4...5...6...7...8...9...10	Bounce #10 added RGB(50, 19, 2)
0...1...2...3...4...5...6...7...8...9...10	Bounce #11 added RGB(18, 7, 1)
0...1...2...3...4...5...6...7...8...9...10	Bounce #12 added RGB(6, 2, 0)
0...1...2...3...4...5...6...7...8...9...10	Bounce #13 added RGB(2, 1, 0)
0...1...2...3...4...5...6...7...8...9...10	Bounce #14 added RGB(1, 0, 0)
Build Patch/Sample Hash Table(s).....Done<0.0113 sec>
0...1...2...3...4...5...6...7...8...9...10FinalLightFace Done
0 of 0 (0% of) surface lights went in leaf ambient cubes.
0...1...2...3...4...5...6...7...8...9...10Writing leaf ambient...done
Computing static prop lighting : 00...1...2...3...4...5...6...7...8...9...10
Ready to Finish

Object names       Objects/Maxobjs  Memory / Maxmem  Fullness 
------------       ---------------  ---------------  -------- 
models                   1/4096           48/196608   ( 0.0%) 
brushes                161/32768        1932/393216   ( 0.5%) 
brushsides            1158/65536        9264/524288   ( 1.8%) 
planes                 678/65536       13560/1310720  ( 1.0%) 
vertexes              2375/65536       28500/786432   ( 3.6%) 
nodes                  317/65536       10144/2097152  ( 0.5%) 
texinfos               246/12288       17712/884736   ( 2.0%) 
texdata                 15/2048          480/65536    ( 0.7%) 
dispinfos                0/0               0/0        ( 0.0%) 
disp_verts               0/0               0/0        ( 0.0%) 
disp_tris                0/0               0/0        ( 0.0%) 
disp_lmsamples           0/0               0/0        ( 0.0%) 
faces                 1484/65536       83104/3670016  ( 2.3%) 
hdr faces             1484/65536       83104/3670016  ( 2.3%) 
origfaces              401/65536       22456/3670016  ( 0.6%) 
leaves                 319/65536       10208/2097152  ( 0.5%) 
leaffaces             1887/65536        3774/131072   ( 2.9%) 
leafbrushes            295/65536         590/131072   ( 0.5%) 
areas                    2/1024           16/8192     ( 0.2%) 
surfedges             8586/512000      34344/2048000  ( 1.7%) 
edges                 4752/256000      19008/1024000  ( 1.9%) 
LDR worldlights          7/16384         616/1441792  ( 0.0%) 
HDR worldlights          7/16384         616/1441792  ( 0.0%) 
leafwaterdata            0/32768           0/393216   ( 0.0%) 
waterstrips             91/131072        910/1310720  ( 0.1%) 
waterverts               0/131072          0/1572864  ( 0.0%) 
waterindices          1407/131072       2814/262144   ( 1.1%) 
cubemapsamples           4/1024           64/16384    ( 0.4%) 
overlays                 0/1024            0/360448   ( 0.0%) 
LDR lightdata         [variable]    12323016/0        ( 0.0%) 
HDR lightdata         [variable]    12323016/0        ( 0.0%) 
visdata               [variable]        9055/16777216 ( 0.1%) 
entdata               [variable]        6373/393216   ( 1.6%) 
LDR ambient table      319/65536        1276/262144   ( 0.5%) 
HDR ambient table      319/65536        1276/262144   ( 0.5%) 
LDR leaf ambient       470/65536       13160/1835008  ( 0.7%) 
HDR leaf ambient       470/65536       13160/1835008  ( 0.7%) 
occluders                0/0               0/0        ( 0.0%) 
occluder polygons        0/0               0/0        ( 0.0%) 
occluder vert ind        0/0               0/0        ( 0.0%) 
detail props          [variable]           1/12       ( 8.3%) 
static props          [variable]           1/1834     ( 0.1%) 
pakfile               [variable]      171545/0        ( 0.0%) 
physics               [variable]       59491/4194304  ( 1.4%) 
physics terrain       [variable]           2/1048576  ( 0.0%) 

Level flags = 3

Total triangle count: 3971
Writing c:\program files (x86)\steam\steamapps\sourcemods\who\maps\tes_map2.bsp
9 seconds elapsed



materialPath: C:\Program Files (x86)\Steam\steamapps\sourcemods\who\materials
Loading c:\program files (x86)\steam\steamapps\sourcemods\who\maps\tes_map2.vmf
ConVarRef mat_reduceparticles doesn't point to an existing ConVar
fixing up env_cubemap materials on brush sides...
0...1...2...3.Brush 28703: WARNING, microbrush
..4...5...6...7...8...9...100...1...2...3.Brush 28703: WARNING, microbrush
..4...5...6...7...8...9...10Processing areas...done (0)
Building Faces...done (0)
FixTjuncs...
PruneNodes...
WriteBSP...
done (0)
writing c:\program files (x86)\steam\steamapps\sourcemods\who\maps\tes_map2.prt...Building visibility clusters...
done (0)
Finding displacement neighbors...
Finding lightmap sample positions...
Displacement Alpha : 0...1...2...3...4...5...6...7...8...9...10
Building Physics collision data...
done (0) (59491 bytes)
Placing static props...
Placing detail props : 0...1...2...3...4...5...6...7...8...9...10
Compacting texture/material tables...
Reduced 785 texinfos to 246
Reduced 21 texdatas to 15 (804 bytes to 595)
Writing c:\program files (x86)\steam\steamapps\sourcemods\who\maps\tes_map2.bsp
1 second elapsed



8 threads
reading c:\program files (x86)\steam\steamapps\sourcemods\who\maps\tes_map2.bsp
reading c:\program files (x86)\steam\steamapps\sourcemods\who\maps\tes_map2.prt
 173 portalclusters
 488 numportals
0...1...2...3...4...5...6...7...8...9...100...1...2...3...4...5...6...7...8...9...10Optimized: 128 visible clusters (0.00%)
Total clusters visible: 22619
Average clusters visible: 130
Building PAS...
Average clusters audible: 172
visdatasize:9055  compressed from 8304
writing c:\program files (x86)\steam\steamapps\sourcemods\who\maps\tes_map2.bsp
0 seconds elapsed



[Reading texlights from 'lights.rad']
[48 texlights parsed from 'lights.rad']

Loading c:\program files (x86)\steam\steamapps\sourcemods\who\maps\tes_map2.bsp
1484 faces
34 degenerate faces
5465 square feet [786963.69 square inches]
0 Displacements
0 Square Feet [0.00 Square Inches]
1450 patches before subdivision
105428 patches after subdivision
WARNING: light_spot at (208 -240 191) has inner angle larger than 90 degrees! Clamping to 90...
WARNING: light_spot at (208 -240 191) has outer angle larger than 90 degrees! Clamping to 90...
WARNING: light_spot at (208 -432 191) has inner angle larger than 90 degrees! Clamping to 90...
WARNING: light_spot at (208 -432 191) has outer angle larger than 90 degrees! Clamping to 90...
WARNING: light_spot at (208 -816 191) has inner angle larger than 90 degrees! Clamping to 90...
WARNING: light_spot at (208 -816 191) has outer angle larger than 90 degrees! Clamping to 90...
WARNING: light_spot at (240 -688 191) has inner angle larger than 90 degrees! Clamping to 90...
WARNING: light_spot at (240 -688 191) has outer angle larger than 90 degrees! Clamping to 90...
7 direct lights
0...1...2...3...4...5...6...7...8...9...100...1...2...3...4...5...6...7...8...9...10transfers 34729537, max 1070
transfer lists: 265.0 megs
0...1...2...3...4...5...6...7...8...9...10	Bounce #1 added RGB(483350, 258208, 57687)
0...1...2...3...4...5...6...7...8...9...10	Bounce #2 added RGB(214110, 110072, 23462)
0...1...2...3...4...5...6...7...8...9...10	Bounce #3 added RGB(65589, 32261, 6042)
0...1...2...3...4...5...6...7...8...9...10	Bounce #4 added RGB(26005, 12420, 2223)
0...1...2...3...4...5...6...7...8...9...10	Bounce #5 added RGB(8513, 3893, 612)
0...1...2...3...4...5...6...7...8...9...10	Bounce #6 added RGB(3201, 1424, 213)
0...1...2...3...4...5...6...7...8...9...10	Bounce #7 added RGB(1089, 465, 61)
0...1...2...3...4...5...6...7...8...9...10	Bounce #8 added RGB(399, 166, 21)
0...1...2...3...4...5...6...7...8...9...10	Bounce #9 added RGB(139, 55, 6)
0...1...2...3...4...5...6...7...8...9...10	Bounce #10 added RGB(50, 19, 2)
0...1...2...3...4...5...6...7...8...9...10	Bounce #11 added RGB(18, 7, 1)
0...1...2...3...4...5...6...7...8...9...10	Bounce #12 added RGB(6, 2, 0)
0...1...2...3...4...5...6...7...8...9...10	Bounce #13 added RGB(2, 1, 0)
0...1...2...3...4...5...6...7...8...9...10	Bounce #14 added RGB(1, 0, 0)
Build Patch/Sample Hash Table(s).....Done<0.0435 sec>
0...1...2...3...4...5...6...7...8...9...10FinalLightFace Done
0 of 0 (0% of) surface lights went in leaf ambient cubes.
0...1...2...3...4...5...6...7...8...9...10Writing leaf ambient...done
Computing static prop lighting : 00...1...2...3...4...5...6...7...8...9...10
Ready to Finish

Object names       Objects/Maxobjs  Memory / Maxmem  Fullness 
------------       ---------------  ---------------  -------- 
models                   1/4096           48/196608   ( 0.0%) 
brushes                161/32768        1932/393216   ( 0.5%) 
brushsides            1158/65536        9264/524288   ( 1.8%) 
planes                 678/65536       13560/1310720  ( 1.0%) 
vertexes              2375/65536       28500/786432   ( 3.6%) 
nodes                  317/65536       10144/2097152  ( 0.5%) 
texinfos               246/12288       17712/884736   ( 2.0%) 
texdata                 15/2048          480/65536    ( 0.7%) 
dispinfos                0/0               0/0        ( 0.0%) 
disp_verts               0/0               0/0        ( 0.0%) 
disp_tris                0/0               0/0        ( 0.0%) 
disp_lmsamples           0/0               0/0        ( 0.0%) 
faces                 1484/65536       83104/3670016  ( 2.3%) 
hdr faces                0/65536           0/3670016  ( 0.0%) 
origfaces              401/65536       22456/3670016  ( 0.6%) 
leaves                 319/65536       10208/2097152  ( 0.5%) 
leaffaces             1887/65536        3774/131072   ( 2.9%) 
leafbrushes            295/65536         590/131072   ( 0.5%) 
areas                    2/1024           16/8192     ( 0.2%) 
surfedges             8586/512000      34344/2048000  ( 1.7%) 
edges                 4752/256000      19008/1024000  ( 1.9%) 
LDR worldlights          7/16384         616/1441792  ( 0.0%) 
HDR worldlights          0/16384           0/1441792  ( 0.0%) 
leafwaterdata            0/32768           0/393216   ( 0.0%) 
waterstrips             91/131072        910/1310720  ( 0.1%) 
waterverts               0/131072          0/1572864  ( 0.0%) 
waterindices          1407/131072       2814/262144   ( 1.1%) 
cubemapsamples           4/1024           64/16384    ( 0.4%) 
overlays                 0/1024            0/360448   ( 0.0%) 
LDR lightdata         [variable]    12323016/0        ( 0.0%) 
HDR lightdata         [variable]           0/0        ( 0.0%) 
visdata               [variable]        9055/16777216 ( 0.1%) 
entdata               [variable]        6373/393216   ( 1.6%) 
LDR ambient table      319/65536        1276/262144   ( 0.5%) 
HDR ambient table      319/65536        1276/262144   ( 0.5%) 
LDR leaf ambient       470/65536       13160/1835008  ( 0.7%) 
HDR leaf ambient       319/65536        8932/1835008  ( 0.5%) 
occluders                0/0               0/0        ( 0.0%) 
occluder polygons        0/0               0/0        ( 0.0%) 
occluder vert ind        0/0               0/0        ( 0.0%) 
detail props          [variable]           1/12       ( 8.3%) 
static props          [variable]           1/1834     ( 0.1%) 
pakfile               [variable]       89343/0        ( 0.0%) 
physics               [variable]       59491/4194304  ( 1.4%) 
physics terrain       [variable]           2/1048576  ( 0.0%) 

Level flags = 1

Total triangle count: 3971
Writing c:\program files (x86)\steam\steamapps\sourcemods\who\maps\tes_map2.bsp
11 seconds elapsed



[Reading texlights from 'lights.rad']
[48 texlights parsed from 'lights.rad']

Loading c:\program files (x86)\steam\steamapps\sourcemods\who\maps\tes_map2.bsp
1484 faces
34 degenerate faces
5465 square feet [786963.69 square inches]
0 Displacements
0 Square Feet [0.00 Square Inches]
1450 patches before subdivision
105428 patches after subdivision
WARNING: light_spot at (208 -240 191) has inner angle larger than 90 degrees! Clamping to 90...
WARNING: light_spot at (208 -240 191) has outer angle larger than 90 degrees! Clamping to 90...
WARNING: light_spot at (208 -432 191) has inner angle larger than 90 degrees! Clamping to 90...
WARNING: light_spot at (208 -432 191) has outer angle larger than 90 degrees! Clamping to 90...
WARNING: light_spot at (208 -816 191) has inner angle larger than 90 degrees! Clamping to 90...
WARNING: light_spot at (208 -816 191) has outer angle larger than 90 degrees! Clamping to 90...
WARNING: light_spot at (240 -688 191) has inner angle larger than 90 degrees! Clamping to 90...
WARNING: light_spot at (240 -688 191) has outer angle larger than 90 degrees! Clamping to 90...
7 direct lights
0...1...2...3...4...5...6...7...8...9...100...1...2...3...4...5...6...7...8...9...10transfers 34729537, max 1070
transfer lists: 265.0 megs
0...1...2...3...4...5...6...7...8...9...10	Bounce #1 added RGB(483350, 258208, 57687)
0...1...2...3...4...5...6...7...8...9...10	Bounce #2 added RGB(214110, 110072, 23462)
0...1...2...3...4...5...6...7...8...9...10	Bounce #3 added RGB(65589, 32261, 6042)
0...1...2...3...4...5...6...7...8...9...10	Bounce #4 added RGB(26005, 12420, 2223)
0...1...2...3...4...5...6...7...8...9...10	Bounce #5 added RGB(8513, 3893, 612)
0...1...2...3...4...5...6...7...8...9...10	Bounce #6 added RGB(3201, 1424, 213)
0...1...2...3...4...5...6...7...8...9...10	Bounce #7 added RGB(1089, 465, 61)
0...1...2...3...4...5...6...7...8...9...10	Bounce #8 added RGB(399, 166, 21)
0...1...2...3...4...5...6...7...8...9...10	Bounce #9 added RGB(139, 55, 6)
0...1...2...3...4...5...6...7...8...9...10	Bounce #10 added RGB(50, 19, 2)
0...1...2...3...4...5...6...7...8...9...10	Bounce #11 added RGB(18, 7, 1)
0...1...2...3...4...5...6...7...8...9...10	Bounce #12 added RGB(6, 2, 0)
0...1...2...3...4...5...6...7...8...9...10	Bounce #13 added RGB(2, 1, 0)
0...1...2...3...4...5...6...7...8...9...10	Bounce #14 added RGB(1, 0, 0)
Build Patch/Sample Hash Table(s).....Done<0.0800 sec>
0...1...2...3...4...5...6...7...8...9...10FinalLightFace Done
0 of 0 (0% of) surface lights went in leaf ambient cubes.
0...1...2...3...4...5...6...7...8...9...10Writing leaf ambient...done
Computing static prop lighting : 00...1...2...3...4...5...6...7...8...9...10
Ready to Finish

Object names       Objects/Maxobjs  Memory / Maxmem  Fullness 
------------       ---------------  ---------------  -------- 
models                   1/4096           48/196608   ( 0.0%) 
brushes                161/32768        1932/393216   ( 0.5%) 
brushsides            1158/65536        9264/524288   ( 1.8%) 
planes                 678/65536       13560/1310720  ( 1.0%) 
vertexes              2375/65536       28500/786432   ( 3.6%) 
nodes                  317/65536       10144/2097152  ( 0.5%) 
texinfos               246/12288       17712/884736   ( 2.0%) 
texdata                 15/2048          480/65536    ( 0.7%) 
dispinfos                0/0               0/0        ( 0.0%) 
disp_verts               0/0               0/0        ( 0.0%) 
disp_tris                0/0               0/0        ( 0.0%) 
disp_lmsamples           0/0               0/0        ( 0.0%) 
faces                 1484/65536       83104/3670016  ( 2.3%) 
hdr faces             1484/65536       83104/3670016  ( 2.3%) 
origfaces              401/65536       22456/3670016  ( 0.6%) 
leaves                 319/65536       10208/2097152  ( 0.5%) 
leaffaces             1887/65536        3774/131072   ( 2.9%) 
leafbrushes            295/65536         590/131072   ( 0.5%) 
areas                    2/1024           16/8192     ( 0.2%) 
surfedges             8586/512000      34344/2048000  ( 1.7%) 
edges                 4752/256000      19008/1024000  ( 1.9%) 
LDR worldlights          7/16384         616/1441792  ( 0.0%) 
HDR worldlights          7/16384         616/1441792  ( 0.0%) 
leafwaterdata            0/32768           0/393216   ( 0.0%) 
waterstrips             91/131072        910/1310720  ( 0.1%) 
waterverts               0/131072          0/1572864  ( 0.0%) 
waterindices          1407/131072       2814/262144   ( 1.1%) 
cubemapsamples           4/1024           64/16384    ( 0.4%) 
overlays                 0/1024            0/360448   ( 0.0%) 
LDR lightdata         [variable]    12323016/0        ( 0.0%) 
HDR lightdata         [variable]    12323016/0        ( 0.0%) 
visdata               [variable]        9055/16777216 ( 0.1%) 
entdata               [variable]        6373/393216   ( 1.6%) 
LDR ambient table      319/65536        1276/262144   ( 0.5%) 
HDR ambient table      319/65536        1276/262144   ( 0.5%) 
LDR leaf ambient       470/65536       13160/1835008  ( 0.7%) 
HDR leaf ambient       470/65536       13160/1835008  ( 0.7%) 
occluders                0/0               0/0        ( 0.0%) 
occluder polygons        0/0               0/0        ( 0.0%) 
occluder vert ind        0/0               0/0        ( 0.0%) 
detail props          [variable]           1/12       ( 8.3%) 
static props          [variable]           1/1834     ( 0.1%) 
pakfile               [variable]      171545/0        ( 0.0%) 
physics               [variable]       59491/4194304  ( 1.4%) 
physics terrain       [variable]           2/1048576  ( 0.0%) 

Level flags = 3

Total triangle count: 3971
Writing c:\program files (x86)\steam\steamapps\sourcemods\who\maps\tes_map2.bsp
12 seconds elapsed



materialPath: C:\Program Files (x86)\Steam\steamapps\sourcemods\who\materials
Loading c:\program files (x86)\steam\steamapps\sourcemods\who\maps\tes_map2.vmf
ConVarRef mat_reduceparticles doesn't point to an existing ConVar
fixing up env_cubemap materials on brush sides...
0...1...2...3.Brush 28703: WARNING, microbrush
..4...5...6...7...8...9...100...1...2...3.Brush 28703: WARNING, microbrush
..4...5...6...7...8...9...10Processing areas...done (0)
Building Faces...done (0)
FixTjuncs...
PruneNodes...
WriteBSP...
done (0)
writing c:\program files (x86)\steam\steamapps\sourcemods\who\maps\tes_map2.prt...Building visibility clusters...
done (0)
Finding displacement neighbors...
Finding lightmap sample positions...
Displacement Alpha : 0...1...2...3...4...5...6...7...8...9...10
Building Physics collision data...
done (0) (63951 bytes)
Placing static props...
Placing detail props : 0...1...2...3...4...5...6...7...8...9...10
Compacting texture/material tables...
Reduced 816 texinfos to 258
Reduced 29 texdatas to 22 (945 bytes to 713)
Writing c:\program files (x86)\steam\steamapps\sourcemods\who\maps\tes_map2.bsp
1 second elapsed



8 threads
reading c:\program files (x86)\steam\steamapps\sourcemods\who\maps\tes_map2.bsp
reading c:\program files (x86)\steam\steamapps\sourcemods\who\maps\tes_map2.prt
 178 portalclusters
 492 numportals
0...1...2...3...4...5...6...7...8...9...100...1...2...3...4...5...6...7...8...9...10Optimized: 85 visible clusters (0.00%)
Total clusters visible: 22595
Average clusters visible: 126
Building PAS...
Average clusters audible: 168
visdatasize:9494  compressed from 8544
writing c:\program files (x86)\steam\steamapps\sourcemods\who\maps\tes_map2.bsp
0 seconds elapsed



[Reading texlights from 'lights.rad']
[48 texlights parsed from 'lights.rad']

Loading c:\program files (x86)\steam\steamapps\sourcemods\who\maps\tes_map2.bsp
1684 faces
34 degenerate faces
8865 square feet [1276646.38 square inches]
0 Displacements
0 Square Feet [0.00 Square Inches]
1650 patches before subdivision
122288 patches after subdivision
WARNING: light_spot at (208 -240 191) has inner angle larger than 90 degrees! Clamping to 90...
WARNING: light_spot at (208 -240 191) has outer angle larger than 90 degrees! Clamping to 90...
WARNING: light_spot at (208 -432 191) has inner angle larger than 90 degrees! Clamping to 90...
WARNING: light_spot at (208 -432 191) has outer angle larger than 90 degrees! Clamping to 90...
WARNING: light_spot at (208 -816 191) has inner angle larger than 90 degrees! Clamping to 90...
WARNING: light_spot at (208 -816 191) has outer angle larger than 90 degrees! Clamping to 90...
WARNING: light_spot at (240 -688 191) has inner angle larger than 90 degrees! Clamping to 90...
WARNING: light_spot at (240 -688 191) has outer angle larger than 90 degrees! Clamping to 90...
8 direct lights
0...1...2...3...4...5...6...7...8...9...100...1...2...3...4...5...6...7...8...9...10transfers 37266483, max 1065
transfer lists: 284.3 megs
0...1...2...3...4...5...6...7...8...9...10	Bounce #1 added RGB(623296, 425332, 256950)
0...1...2...3...4...5...6...7...8...9...10	Bounce #2 added RGB(240473, 148175, 73985)
0...1...2...3...4...5...6...7...8...9...10	Bounce #3 added RGB(70874, 41381, 19822)
0...1...2...3...4...5...6...7...8...9...10	Bounce #4 added RGB(27050, 14584, 5984)
0...1...2...3...4...5...6...7...8...9...10	Bounce #5 added RGB(8726, 4412, 1651)
0...1...2...3...4...5...6...7...8...9...10	Bounce #6 added RGB(3245, 1548, 500)
0...1...2...3...4...5...6...7...8...9...10	Bounce #7 added RGB(1098, 495, 141)
0...1...2...3...4...5...6...7...8...9...10	Bounce #8 added RGB(401, 173, 43)
0...1...2...3...4...5...6...7...8...9...10	Bounce #9 added RGB(139, 57, 12)
0...1...2...3...4...5...6...7...8...9...10	Bounce #10 added RGB(50, 20, 4)
0...1...2...3...4...5...6...7...8...9...10	Bounce #11 added RGB(18, 7, 1)
0...1...2...3...4...5...6...7...8...9...10	Bounce #12 added RGB(6, 2, 0)
0...1...2...3...4...5...6...7...8...9...10	Bounce #13 added RGB(2, 1, 0)
0...1...2...3...4...5...6...7...8...9...10	Bounce #14 added RGB(1, 0, 0)
Build Patch/Sample Hash Table(s).....Done<0.0266 sec>
0...1...2...3...4...5...6...7...8...9...10FinalLightFace Done
0 of 0 (0% of) surface lights went in leaf ambient cubes.
0...1...2...3...4...5...6...7...8...9...10Writing leaf ambient...done
Computing static prop lighting : 00...1...2...3...4...5...6...7...8...9...10
Ready to Finish

Object names       Objects/Maxobjs  Memory / Maxmem  Fullness 
------------       ---------------  ---------------  -------- 
models                   2/4096           96/196608   ( 0.0%) 
brushes                173/32768        2076/393216   ( 0.5%) 
brushsides            1230/65536        9840/524288   ( 1.9%) 
planes                 736/65536       14720/1310720  ( 1.1%) 
vertexes              2622/65536       31464/786432   ( 4.0%) 
nodes                  349/65536       11168/2097152  ( 0.5%) 
texinfos               258/12288       18576/884736   ( 2.1%) 
texdata                 22/2048          704/65536    ( 1.1%) 
dispinfos                0/0               0/0        ( 0.0%) 
disp_verts               0/0               0/0        ( 0.0%) 
disp_tris                0/0               0/0        ( 0.0%) 
disp_lmsamples           0/0               0/0        ( 0.0%) 
faces                 1684/65536       94304/3670016  ( 2.6%) 
hdr faces                0/65536           0/3670016  ( 0.0%) 
origfaces              421/65536       23576/3670016  ( 0.6%) 
leaves                 352/65536       11264/2097152  ( 0.5%) 
leaffaces             2084/65536        4168/131072   ( 3.2%) 
leafbrushes            343/65536         686/131072   ( 0.5%) 
areas                    3/1024           24/8192     ( 0.3%) 
surfedges             9514/512000      38056/2048000  ( 1.9%) 
edges                 5234/256000      20936/1024000  ( 2.0%) 
LDR worldlights          8/16384         704/1441792  ( 0.0%) 
HDR worldlights          0/16384           0/1441792  ( 0.0%) 
leafwaterdata            0/32768           0/393216   ( 0.0%) 
waterstrips             90/131072        900/1310720  ( 0.1%) 
waterverts               0/131072          0/1572864  ( 0.0%) 
waterindices          1392/131072       2784/262144   ( 1.1%) 
cubemapsamples           4/1024           64/16384    ( 0.4%) 
overlays                 0/1024            0/360448   ( 0.0%) 
LDR lightdata         [variable]    13235284/0        ( 0.0%) 
HDR lightdata         [variable]           0/0        ( 0.0%) 
visdata               [variable]        9494/16777216 ( 0.1%) 
entdata               [variable]        7497/393216   ( 1.9%) 
LDR ambient table      352/65536        1408/262144   ( 0.5%) 
HDR ambient table      352/65536        1408/262144   ( 0.5%) 
LDR leaf ambient       541/65536       15148/1835008  ( 0.8%) 
HDR leaf ambient       352/65536        9856/1835008  ( 0.5%) 
occluders                0/0               0/0        ( 0.0%) 
occluder polygons        0/0               0/0        ( 0.0%) 
occluder vert ind        0/0               0/0        ( 0.0%) 
detail props          [variable]           1/12       ( 8.3%) 
static props          [variable]           1/2154     ( 0.0%) 
pakfile               [variable]      114525/0        ( 0.0%) 
physics               [variable]       63951/4194304  ( 1.5%) 
physics terrain       [variable]           2/1048576  ( 0.0%) 

Level flags = 1

Total triangle count: 4419
Writing c:\program files (x86)\steam\steamapps\sourcemods\who\maps\tes_map2.bsp
11 seconds elapsed



[Reading texlights from 'lights.rad']
[48 texlights parsed from 'lights.rad']

Loading c:\program files (x86)\steam\steamapps\sourcemods\who\maps\tes_map2.bsp
1684 faces
34 degenerate faces
8865 square feet [1276646.38 square inches]
0 Displacements
0 Square Feet [0.00 Square Inches]
1650 patches before subdivision
122288 patches after subdivision
WARNING: light_spot at (208 -240 191) has inner angle larger than 90 degrees! Clamping to 90...
WARNING: light_spot at (208 -240 191) has outer angle larger than 90 degrees! Clamping to 90...
WARNING: light_spot at (208 -432 191) has inner angle larger than 90 degrees! Clamping to 90...
WARNING: light_spot at (208 -432 191) has outer angle larger than 90 degrees! Clamping to 90...
WARNING: light_spot at (208 -816 191) has inner angle larger than 90 degrees! Clamping to 90...
WARNING: light_spot at (208 -816 191) has outer angle larger than 90 degrees! Clamping to 90...
WARNING: light_spot at (240 -688 191) has inner angle larger than 90 degrees! Clamping to 90...
WARNING: light_spot at (240 -688 191) has outer angle larger than 90 degrees! Clamping to 90...
8 direct lights
0...1...2...3...4...5...6...7...8...9...100...1...2...3...4...5...6...7...8...9...10transfers 37266483, max 1065
transfer lists: 284.3 megs
0...1...2...3...4...5...6...7...8...9...10	Bounce #1 added RGB(623296, 425332, 256950)
0...1...2...3...4...5...6...7...8...9...10	Bounce #2 added RGB(240473, 148175, 73985)
0...1...2...3...4...5...6...7...8...9...10	Bounce #3 added RGB(70874, 41381, 19822)
0...1...2...3...4...5...6...7...8...9...10	Bounce #4 added RGB(27050, 14584, 5984)
0...1...2...3...4...5...6...7...8...9...10	Bounce #5 added RGB(8726, 4412, 1651)
0...1...2...3...4...5...6...7...8...9...10	Bounce #6 added RGB(3245, 1548, 500)
0...1...2...3...4...5...6...7...8...9...10	Bounce #7 added RGB(1098, 495, 141)
0...1...2...3...4...5...6...7...8...9...10	Bounce #8 added RGB(401, 173, 43)
0...1...2...3...4...5...6...7...8...9...10	Bounce #9 added RGB(139, 57, 12)
0...1...2...3...4...5...6...7...8...9...10	Bounce #10 added RGB(50, 20, 4)
0...1...2...3...4...5...6...7...8...9...10	Bounce #11 added RGB(18, 7, 1)
0...1...2...3...4...5...6...7...8...9...10	Bounce #12 added RGB(6, 2, 0)
0...1...2...3...4...5...6...7...8...9...10	Bounce #13 added RGB(2, 1, 0)
0...1...2...3...4...5...6...7...8...9...10	Bounce #14 added RGB(1, 0, 0)
Build Patch/Sample Hash Table(s).....Done<0.0265 sec>
0...1...2...3...4...5...6...7...8...9...10FinalLightFace Done
0 of 0 (0% of) surface lights went in leaf ambient cubes.
0...1...2...3...4...5...6...7...8...9...10Writing leaf ambient...done
Computing static prop lighting : 00...1...2...3...4...5...6...7...8...9...10
Ready to Finish

Object names       Objects/Maxobjs  Memory / Maxmem  Fullness 
------------       ---------------  ---------------  -------- 
models                   2/4096           96/196608   ( 0.0%) 
brushes                173/32768        2076/393216   ( 0.5%) 
brushsides            1230/65536        9840/524288   ( 1.9%) 
planes                 736/65536       14720/1310720  ( 1.1%) 
vertexes              2622/65536       31464/786432   ( 4.0%) 
nodes                  349/65536       11168/2097152  ( 0.5%) 
texinfos               258/12288       18576/884736   ( 2.1%) 
texdata                 22/2048          704/65536    ( 1.1%) 
dispinfos                0/0               0/0        ( 0.0%) 
disp_verts               0/0               0/0        ( 0.0%) 
disp_tris                0/0               0/0        ( 0.0%) 
disp_lmsamples           0/0               0/0        ( 0.0%) 
faces                 1684/65536       94304/3670016  ( 2.6%) 
hdr faces             1684/65536       94304/3670016  ( 2.6%) 
origfaces              421/65536       23576/3670016  ( 0.6%) 
leaves                 352/65536       11264/2097152  ( 0.5%) 
leaffaces             2084/65536        4168/131072   ( 3.2%) 
leafbrushes            343/65536         686/131072   ( 0.5%) 
areas                    3/1024           24/8192     ( 0.3%) 
surfedges             9514/512000      38056/2048000  ( 1.9%) 
edges                 5234/256000      20936/1024000  ( 2.0%) 
LDR worldlights          8/16384         704/1441792  ( 0.0%) 
HDR worldlights          8/16384         704/1441792  ( 0.0%) 
leafwaterdata            0/32768           0/393216   ( 0.0%) 
waterstrips             90/131072        900/1310720  ( 0.1%) 
waterverts               0/131072          0/1572864  ( 0.0%) 
waterindices          1392/131072       2784/262144   ( 1.1%) 
cubemapsamples           4/1024           64/16384    ( 0.4%) 
overlays                 0/1024            0/360448   ( 0.0%) 
LDR lightdata         [variable]    13235284/0        ( 0.0%) 
HDR lightdata         [variable]    13235284/0        ( 0.0%) 
visdata               [variable]        9494/16777216 ( 0.1%) 
entdata               [variable]        7497/393216   ( 1.9%) 
LDR ambient table      352/65536        1408/262144   ( 0.5%) 
HDR ambient table      352/65536        1408/262144   ( 0.5%) 
LDR leaf ambient       541/65536       15148/1835008  ( 0.8%) 
HDR leaf ambient       541/65536       15148/1835008  ( 0.8%) 
occluders                0/0               0/0        ( 0.0%) 
occluder polygons        0/0               0/0        ( 0.0%) 
occluder vert ind        0/0               0/0        ( 0.0%) 
detail props          [variable]           1/12       ( 8.3%) 
static props          [variable]           1/2154     ( 0.0%) 
pakfile               [variable]      221917/0        ( 0.0%) 
physics               [variable]       63951/4194304  ( 1.5%) 
physics terrain       [variable]           2/1048576  ( 0.0%) 

Level flags = 3

Total triangle count: 4419
Writing c:\program files (x86)\steam\steamapps\sourcemods\who\maps\tes_map2.bsp
11 seconds elapsed



materialPath: C:\Program Files (x86)\Steam\steamapps\sourcemods\who\materials
Loading c:\program files (x86)\steam\steamapps\sourcemods\who\maps\tes_map2.vmf
ConVarRef mat_reduceparticles doesn't point to an existing ConVar
fixing up env_cubemap materials on brush sides...
0...1...2...3.Brush 28703: WARNING, microbrush
..4...5...6...7...8...9...100...1...2...3.Brush 28703: WARNING, microbrush
..4...5...6...7...8...9...10Processing areas...done (0)
Building Faces...done (0)
FixTjuncs...
PruneNodes...
WriteBSP...
done (0)
writing c:\program files (x86)\steam\steamapps\sourcemods\who\maps\tes_map2.prt...Building visibility clusters...
done (0)
Finding displacement neighbors...
Finding lightmap sample positions...
Displacement Alpha : 0...1...2...3...4...5...6...7...8...9...10
Building Physics collision data...
done (0) (63951 bytes)
Placing static props...
Placing detail props : 0...1...2...3...4...5...6...7...8...9...10
Compacting texture/material tables...
Reduced 816 texinfos to 258
Reduced 29 texdatas to 22 (945 bytes to 713)
Writing c:\program files (x86)\steam\steamapps\sourcemods\who\maps\tes_map2.bsp
1 second elapsed



8 threads
reading c:\program files (x86)\steam\steamapps\sourcemods\who\maps\tes_map2.bsp
reading c:\program files (x86)\steam\steamapps\sourcemods\who\maps\tes_map2.prt
 178 portalclusters
 492 numportals
0...1...2...3...4...5...6...7...8...9...100...1...2...3...4...5...6...7...8...9...10Optimized: 85 visible clusters (0.00%)
Total clusters visible: 22595
Average clusters visible: 126
Building PAS...
Average clusters audible: 168
visdatasize:9494  compressed from 8544
writing c:\program files (x86)\steam\steamapps\sourcemods\who\maps\tes_map2.bsp
0 seconds elapsed



[Reading texlights from 'lights.rad']
[48 texlights parsed from 'lights.rad']

Loading c:\program files (x86)\steam\steamapps\sourcemods\who\maps\tes_map2.bsp
1684 faces
34 degenerate faces
8865 square feet [1276646.38 square inches]
0 Displacements
0 Square Feet [0.00 Square Inches]
1650 patches before subdivision
122288 patches after subdivision
WARNING: light_spot at (208 -240 191) has inner angle larger than 90 degrees! Clamping to 90...
WARNING: light_spot at (208 -240 191) has outer angle larger than 90 degrees! Clamping to 90...
WARNING: light_spot at (208 -432 191) has inner angle larger than 90 degrees! Clamping to 90...
WARNING: light_spot at (208 -432 191) has outer angle larger than 90 degrees! Clamping to 90...
WARNING: light_spot at (208 -816 191) has inner angle larger than 90 degrees! Clamping to 90...
WARNING: light_spot at (208 -816 191) has outer angle larger than 90 degrees! Clamping to 90...
WARNING: light_spot at (240 -688 191) has inner angle larger than 90 degrees! Clamping to 90...
WARNING: light_spot at (240 -688 191) has outer angle larger than 90 degrees! Clamping to 90...
8 direct lights
0...1...2...3...4...5...6...7...8...9...100...1...2...3...4...5...6...7...8...9...10transfers 37266483, max 1065
transfer lists: 284.3 megs
0...1...2...3...4...5...6...7...8...9...10	Bounce #1 added RGB(623297, 425333, 256950)
0...1...2...3...4...5...6...7...8...9...10	Bounce #2 added RGB(240474, 148175, 73985)
0...1...2...3...4...5...6...7...8...9...10	Bounce #3 added RGB(70874, 41381, 19822)
0...1...2...3...4...5...6...7...8...9...10	Bounce #4 added RGB(27050, 14584, 5984)
0...1...2...3...4...5...6...7...8...9...10	Bounce #5 added RGB(8726, 4412, 1651)
0...1...2...3...4...5...6...7...8...9...10	Bounce #6 added RGB(3245, 1548, 500)
0...1...2...3...4...5...6...7...8...9...10	Bounce #7 added RGB(1098, 495, 141)
0...1...2...3...4...5...6...7...8...9...10	Bounce #8 added RGB(401, 173, 43)
0...1...2...3...4...5...6...7...8...9...10	Bounce #9 added RGB(139, 57, 12)
0...1...2...3...4...5...6...7...8...9...10	Bounce #10 added RGB(50, 20, 4)
0...1...2...3...4...5...6...7...8...9...10	Bounce #11 added RGB(18, 7, 1)
0...1...2...3...4...5...6...7...8...9...10	Bounce #12 added RGB(6, 2, 0)
0...1...2...3...4...5...6...7...8...9...10	Bounce #13 added RGB(2, 1, 0)
0...1...2...3...4...5...6...7...8...9...10	Bounce #14 added RGB(1, 0, 0)
Build Patch/Sample Hash Table(s).....Done<0.0328 sec>
0...1...2...3...4...5...6...7...8...9...10FinalLightFace Done
0 of 0 (0% of) surface lights went in leaf ambient cubes.
0...1...2...3...4...5...6...7...8...9...10Writing leaf ambient...done
Computing static prop lighting : 00...1...2...3...4...5...6...7...8...9...10
Ready to Finish

Object names       Objects/Maxobjs  Memory / Maxmem  Fullness 
------------       ---------------  ---------------  -------- 
models                   2/4096           96/196608   ( 0.0%) 
brushes                173/32768        2076/393216   ( 0.5%) 
brushsides            1230/65536        9840/524288   ( 1.9%) 
planes                 736/65536       14720/1310720  ( 1.1%) 
vertexes              2622/65536       31464/786432   ( 4.0%) 
nodes                  349/65536       11168/2097152  ( 0.5%) 
texinfos               258/12288       18576/884736   ( 2.1%) 
texdata                 22/2048          704/65536    ( 1.1%) 
dispinfos                0/0               0/0        ( 0.0%) 
disp_verts               0/0               0/0        ( 0.0%) 
disp_tris                0/0               0/0        ( 0.0%) 
disp_lmsamples           0/0               0/0        ( 0.0%) 
faces                 1684/65536       94304/3670016  ( 2.6%) 
hdr faces                0/65536           0/3670016  ( 0.0%) 
origfaces              421/65536       23576/3670016  ( 0.6%) 
leaves                 352/65536       11264/2097152  ( 0.5%) 
leaffaces             2084/65536        4168/131072   ( 3.2%) 
leafbrushes            343/65536         686/131072   ( 0.5%) 
areas                    3/1024           24/8192     ( 0.3%) 
surfedges             9514/512000      38056/2048000  ( 1.9%) 
edges                 5234/256000      20936/1024000  ( 2.0%) 
LDR worldlights          8/16384         704/1441792  ( 0.0%) 
HDR worldlights          0/16384           0/1441792  ( 0.0%) 
leafwaterdata            0/32768           0/393216   ( 0.0%) 
waterstrips             90/131072        900/1310720  ( 0.1%) 
waterverts               0/131072          0/1572864  ( 0.0%) 
waterindices          1392/131072       2784/262144   ( 1.1%) 
cubemapsamples           4/1024           64/16384    ( 0.4%) 
overlays                 0/1024            0/360448   ( 0.0%) 
LDR lightdata         [variable]    13235284/0        ( 0.0%) 
HDR lightdata         [variable]           0/0        ( 0.0%) 
visdata               [variable]        9494/16777216 ( 0.1%) 
entdata               [variable]        7497/393216   ( 1.9%) 
LDR ambient table      352/65536        1408/262144   ( 0.5%) 
HDR ambient table      352/65536        1408/262144   ( 0.5%) 
LDR leaf ambient       541/65536       15148/1835008  ( 0.8%) 
HDR leaf ambient       352/65536        9856/1835008  ( 0.5%) 
occluders                0/0               0/0        ( 0.0%) 
occluder polygons        0/0               0/0        ( 0.0%) 
occluder vert ind        0/0               0/0        ( 0.0%) 
detail props          [variable]           1/12       ( 8.3%) 
static props          [variable]           1/2154     ( 0.0%) 
pakfile               [variable]      114525/0        ( 0.0%) 
physics               [variable]       63951/4194304  ( 1.5%) 
physics terrain       [variable]           2/1048576  ( 0.0%) 

Level flags = 1

Total triangle count: 4419
Writing c:\program files (x86)\steam\steamapps\sourcemods\who\maps\tes_map2.bsp
14 seconds elapsed



[Reading texlights from 'lights.rad']
[48 texlights parsed from 'lights.rad']

Loading c:\program files (x86)\steam\steamapps\sourcemods\who\maps\tes_map2.bsp
1684 faces
34 degenerate faces
8865 square feet [1276646.38 square inches]
0 Displacements
0 Square Feet [0.00 Square Inches]
1650 patches before subdivision
122288 patches after subdivision
WARNING: light_spot at (208 -240 191) has inner angle larger than 90 degrees! Clamping to 90...
WARNING: light_spot at (208 -240 191) has outer angle larger than 90 degrees! Clamping to 90...
WARNING: light_spot at (208 -432 191) has inner angle larger than 90 degrees! Clamping to 90...
WARNING: light_spot at (208 -432 191) has outer angle larger than 90 degrees! Clamping to 90...
WARNING: light_spot at (208 -816 191) has inner angle larger than 90 degrees! Clamping to 90...
WARNING: light_spot at (208 -816 191) has outer angle larger than 90 degrees! Clamping to 90...
WARNING: light_spot at (240 -688 191) has inner angle larger than 90 degrees! Clamping to 90...
WARNING: light_spot at (240 -688 191) has outer angle larger than 90 degrees! Clamping to 90...
8 direct lights
0...1...2...3...4...5...6...7...8...9...100...1...2...3...4...5...6...7...8...9...10transfers 37266483, max 1065
transfer lists: 284.3 megs
0...1...2...3...4...5...6...7...8...9...10	Bounce #1 added RGB(623296, 425332, 256950)
0...1...2...3...4...5...6...7...8...9...10	Bounce #2 added RGB(240473, 148175, 73985)
0...1...2...3...4...5...6...7...8...9...10	Bounce #3 added RGB(70874, 41381, 19822)
0...1...2...3...4...5...6...7...8...9...10	Bounce #4 added RGB(27050, 14584, 5984)
0...1...2...3...4...5...6...7...8...9...10	Bounce #5 added RGB(8726, 4412, 1651)
0...1...2...3...4...5...6...7...8...9...10	Bounce #6 added RGB(3245, 1548, 500)
0...1...2...3...4...5...6...7...8...9...10	Bounce #7 added RGB(1098, 495, 141)
0...1...2...3...4...5...6...7...8...9...10	Bounce #8 added RGB(401, 173, 43)
0...1...2...3...4...5...6...7...8...9...10	Bounce #9 added RGB(139, 57, 12)
0...1...2...3...4...5...6...7...8...9...10	Bounce #10 added RGB(50, 20, 4)
0...1...2...3...4...5...6...7...8...9...10	Bounce #11 added RGB(18, 7, 1)
0...1...2...3...4...5...6...7...8...9...10	Bounce #12 added RGB(6, 2, 0)
0...1...2...3...4...5...6...7...8...9...10	Bounce #13 added RGB(2, 1, 0)
0...1...2...3...4...5...6...7...8...9...10	Bounce #14 added RGB(1, 0, 0)
Build Patch/Sample Hash Table(s).....Done<0.0277 sec>
0...1...2...3...4...5...6...7...8...9...10FinalLightFace Done
0 of 0 (0% of) surface lights went in leaf ambient cubes.
0...1...2...3...4...5...6...7...8...9...10Writing leaf ambient...done
Computing static prop lighting : 00...1...2...3...4...5...6...7...8...9...10
Ready to Finish

Object names       Objects/Maxobjs  Memory / Maxmem  Fullness 
------------       ---------------  ---------------  -------- 
models                   2/4096           96/196608   ( 0.0%) 
brushes                173/32768        2076/393216   ( 0.5%) 
brushsides            1230/65536        9840/524288   ( 1.9%) 
planes                 736/65536       14720/1310720  ( 1.1%) 
vertexes              2622/65536       31464/786432   ( 4.0%) 
nodes                  349/65536       11168/2097152  ( 0.5%) 
texinfos               258/12288       18576/884736   ( 2.1%) 
texdata                 22/2048          704/65536    ( 1.1%) 
dispinfos                0/0               0/0        ( 0.0%) 
disp_verts               0/0               0/0        ( 0.0%) 
disp_tris                0/0               0/0        ( 0.0%) 
disp_lmsamples           0/0               0/0        ( 0.0%) 
faces                 1684/65536       94304/3670016  ( 2.6%) 
hdr faces             1684/65536       94304/3670016  ( 2.6%) 
origfaces              421/65536       23576/3670016  ( 0.6%) 
leaves                 352/65536       11264/2097152  ( 0.5%) 
leaffaces             2084/65536        4168/131072   ( 3.2%) 
leafbrushes            343/65536         686/131072   ( 0.5%) 
areas                    3/1024           24/8192     ( 0.3%) 
surfedges             9514/512000      38056/2048000  ( 1.9%) 
edges                 5234/256000      20936/1024000  ( 2.0%) 
LDR worldlights          8/16384         704/1441792  ( 0.0%) 
HDR worldlights          8/16384         704/1441792  ( 0.0%) 
leafwaterdata            0/32768           0/393216   ( 0.0%) 
waterstrips             90/131072        900/1310720  ( 0.1%) 
waterverts               0/131072          0/1572864  ( 0.0%) 
waterindices          1392/131072       2784/262144   ( 1.1%) 
cubemapsamples           4/1024           64/16384    ( 0.4%) 
overlays                 0/1024            0/360448   ( 0.0%) 
LDR lightdata         [variable]    13235284/0        ( 0.0%) 
HDR lightdata         [variable]    13235284/0        ( 0.0%) 
visdata               [variable]        9494/16777216 ( 0.1%) 
entdata               [variable]        7497/393216   ( 1.9%) 
LDR ambient table      352/65536        1408/262144   ( 0.5%) 
HDR ambient table      352/65536        1408/262144   ( 0.5%) 
LDR leaf ambient       541/65536       15148/1835008  ( 0.8%) 
HDR leaf ambient       541/65536       15148/1835008  ( 0.8%) 
occluders                0/0               0/0        ( 0.0%) 
occluder polygons        0/0               0/0        ( 0.0%) 
occluder vert ind        0/0               0/0        ( 0.0%) 
detail props          [variable]           1/12       ( 8.3%) 
static props          [variable]           1/2154     ( 0.0%) 
pakfile               [variable]      221917/0        ( 0.0%) 
physics               [variable]       63951/4194304  ( 1.5%) 
physics terrain       [variable]           2/1048576  ( 0.0%) 

Level flags = 3

Total triangle count: 4419
Writing c:\program files (x86)\steam\steamapps\sourcemods\who\maps\tes_map2.bsp
15 seconds elapsed



materialPath: C:\Program Files (x86)\Steam\steamapps\sourcemods\who\materials
Loading c:\program files (x86)\steam\steamapps\sourcemods\who\maps\tes_map2.vmf
ConVarRef mat_reduceparticles doesn't point to an existing ConVar
fixing up env_cubemap materials on brush sides...
0...1...2...3.Brush 28703: WARNING, microbrush
..4...5...6...7...8...9...100...1...2...3.Brush 28703: WARNING, microbrush
..4...5...6...7...8...9...10Processing areas...done (0)
Building Faces...done (0)
FixTjuncs...
PruneNodes...
WriteBSP...
done (0)
writing c:\program files (x86)\steam\steamapps\sourcemods\who\maps\tes_map2.prt...Building visibility clusters...
done (0)
Finding displacement neighbors...
Finding lightmap sample positions...
Displacement Alpha : 0...1...2...3...4...5...6...7...8...9...10
Building Physics collision data...
done (0) (67149 bytes)
Placing static props...
Placing detail props : 0...1...2...3...4...5...6...7...8...9...10
Compacting texture/material tables...
Reduced 840 texinfos to 269
Reduced 29 texdatas to 22 (945 bytes to 713)
Writing c:\program files (x86)\steam\steamapps\sourcemods\who\maps\tes_map2.bsp
1 second elapsed



8 threads
reading c:\program files (x86)\steam\steamapps\sourcemods\who\maps\tes_map2.bsp
reading c:\program files (x86)\steam\steamapps\sourcemods\who\maps\tes_map2.prt
 180 portalclusters
 495 numportals
0...1...2...3...4...5...6...7...8...9...100...1...2...3...4...5...6...7...8...9...10Optimized: 130 visible clusters (0.00%)
Total clusters visible: 22674
Average clusters visible: 125
Building PAS...
Average clusters audible: 166
visdatasize:9515  compressed from 8640
writing c:\program files (x86)\steam\steamapps\sourcemods\who\maps\tes_map2.bsp
0 seconds elapsed



[Reading texlights from 'lights.rad']
[48 texlights parsed from 'lights.rad']

Loading c:\program files (x86)\steam\steamapps\sourcemods\who\maps\tes_map2.bsp
1685 faces
34 degenerate faces
9147 square feet [1317198.25 square inches]
0 Displacements
0 Square Feet [0.00 Square Inches]
1651 patches before subdivision
121965 patches after subdivision
WARNING: light_spot at (208 -240 191) has inner angle larger than 90 degrees! Clamping to 90...
WARNING: light_spot at (208 -240 191) has outer angle larger than 90 degrees! Clamping to 90...
WARNING: light_spot at (208 -432 191) has inner angle larger than 90 degrees! Clamping to 90...
WARNING: light_spot at (208 -432 191) has outer angle larger than 90 degrees! Clamping to 90...
WARNING: light_spot at (208 -816 191) has inner angle larger than 90 degrees! Clamping to 90...
WARNING: light_spot at (208 -816 191) has outer angle larger than 90 degrees! Clamping to 90...
WARNING: light_spot at (240 -688 191) has inner angle larger than 90 degrees! Clamping to 90...
WARNING: light_spot at (240 -688 191) has outer angle larger than 90 degrees! Clamping to 90...
8 direct lights
0...1...2...3...4...5...6...7...8...9...100...1...2...3...4...5...6...7...8...9...10transfers 37081704, max 1065
transfer lists: 282.9 megs
0...1...2...3...4...5...6...7...8...9...10	Bounce #1 added RGB(620783, 422335, 253109)
0...1...2...3...4...5...6...7...8...9...10	Bounce #2 added RGB(239947, 147414, 72845)
0...1...2...3...4...5...6...7...8...9...10	Bounce #3 added RGB(70759, 41180, 19470)
0...1...2...3...4...5...6...7...8...9...10	Bounce #4 added RGB(27025, 14532, 5877)
0...1...2...3...4...5...6...7...8...9...10	Bounce #5 added RGB(8721, 4398, 1618)
0...1...2...3...4...5...6...7...8...9...10	Bounce #6 added RGB(3243, 1545, 490)
0...1...2...3...4...5...6...7...8...9...10	Bounce #7 added RGB(1098, 494, 138)
0...1...2...3...4...5...6...7...8...9...10	Bounce #8 added RGB(401, 173, 42)
0...1...2...3...4...5...6...7...8...9...10	Bounce #9 added RGB(139, 57, 12)
0...1...2...3...4...5...6...7...8...9...10	Bounce #10 added RGB(50, 20, 4)
0...1...2...3...4...5...6...7...8...9...10	Bounce #11 added RGB(18, 7, 1)
0...1...2...3...4...5...6...7...8...9...10	Bounce #12 added RGB(6, 2, 0)
0...1...2...3...4...5...6...7...8...9...10	Bounce #13 added RGB(2, 1, 0)
0...1...2...3...4...5...6...7...8...9...10	Bounce #14 added RGB(1, 0, 0)
Build Patch/Sample Hash Table(s).....Done<0.0269 sec>
0...1...2...3...4...5...6...7...8...9...10FinalLightFace Done
0 of 0 (0% of) surface lights went in leaf ambient cubes.
0...1...2...3...4...5...6...7...8...9...10Writing leaf ambient...done
Computing static prop lighting : 00...1...2...3...4...5...6...7...8...9...10
Ready to Finish

Object names       Objects/Maxobjs  Memory / Maxmem  Fullness 
------------       ---------------  ---------------  -------- 
models                   4/4096          192/196608   ( 0.1%) 
brushes                181/32768        2172/393216   ( 0.6%) 
brushsides            1278/65536       10224/524288   ( 2.0%) 
planes                 762/65536       15240/1310720  ( 1.2%) 
vertexes              2628/65536       31536/786432   ( 4.0%) 
nodes                  369/65536       11808/2097152  ( 0.6%) 
texinfos               269/12288       19368/884736   ( 2.2%) 
texdata                 22/2048          704/65536    ( 1.1%) 
dispinfos                0/0               0/0        ( 0.0%) 
disp_verts               0/0               0/0        ( 0.0%) 
disp_tris                0/0               0/0        ( 0.0%) 
disp_lmsamples           0/0               0/0        ( 0.0%) 
faces                 1685/65536       94360/3670016  ( 2.6%) 
hdr faces                0/65536           0/3670016  ( 0.0%) 
origfaces              439/65536       24584/3670016  ( 0.7%) 
leaves                 374/65536       11968/2097152  ( 0.6%) 
leaffaces             2087/65536        4174/131072   ( 3.2%) 
leafbrushes            367/65536         734/131072   ( 0.6%) 
areas                    3/1024           24/8192     ( 0.3%) 
surfedges             9594/512000      38376/2048000  ( 1.9%) 
edges                 5277/256000      21108/1024000  ( 2.1%) 
LDR worldlights          8/16384         704/1441792  ( 0.0%) 
HDR worldlights          0/16384           0/1441792  ( 0.0%) 
leafwaterdata            0/32768           0/393216   ( 0.0%) 
waterstrips             91/131072        910/1310720  ( 0.1%) 
waterverts               0/131072          0/1572864  ( 0.0%) 
waterindices          1407/131072       2814/262144   ( 1.1%) 
cubemapsamples           4/1024           64/16384    ( 0.4%) 
overlays                 0/1024            0/360448   ( 0.0%) 
LDR lightdata         [variable]    13229884/0        ( 0.0%) 
HDR lightdata         [variable]           0/0        ( 0.0%) 
visdata               [variable]        9515/16777216 ( 0.1%) 
entdata               [variable]        8627/393216   ( 2.2%) 
LDR ambient table      374/65536        1496/262144   ( 0.6%) 
HDR ambient table      374/65536        1496/262144   ( 0.6%) 
LDR leaf ambient       575/65536       16100/1835008  ( 0.9%) 
HDR leaf ambient       374/65536       10472/1835008  ( 0.6%) 
occluders                0/0               0/0        ( 0.0%) 
occluder polygons        0/0               0/0        ( 0.0%) 
occluder vert ind        0/0               0/0        ( 0.0%) 
detail props          [variable]           1/12       ( 8.3%) 
static props          [variable]           1/2154     ( 0.0%) 
pakfile               [variable]      114525/0        ( 0.0%) 
physics               [variable]       67149/4194304  ( 1.6%) 
physics terrain       [variable]           2/1048576  ( 0.0%) 

Level flags = 1

Total triangle count: 4425
Writing c:\program files (x86)\steam\steamapps\sourcemods\who\maps\tes_map2.bsp
11 seconds elapsed



[Reading texlights from 'lights.rad']
[48 texlights parsed from 'lights.rad']

Loading c:\program files (x86)\steam\steamapps\sourcemods\who\maps\tes_map2.bsp
1685 faces
34 degenerate faces
9147 square feet [1317198.25 square inches]
0 Displacements
0 Square Feet [0.00 Square Inches]
1651 patches before subdivision
121965 patches after subdivision
WARNING: light_spot at (208 -240 191) has inner angle larger than 90 degrees! Clamping to 90...
WARNING: light_spot at (208 -240 191) has outer angle larger than 90 degrees! Clamping to 90...
WARNING: light_spot at (208 -432 191) has inner angle larger than 90 degrees! Clamping to 90...
WARNING: light_spot at (208 -432 191) has outer angle larger than 90 degrees! Clamping to 90...
WARNING: light_spot at (208 -816 191) has inner angle larger than 90 degrees! Clamping to 90...
WARNING: light_spot at (208 -816 191) has outer angle larger than 90 degrees! Clamping to 90...
WARNING: light_spot at (240 -688 191) has inner angle larger than 90 degrees! Clamping to 90...
WARNING: light_spot at (240 -688 191) has outer angle larger than 90 degrees! Clamping to 90...
8 direct lights
0...1...2...3...4...5...6...7...8...9...100...1...2...3...4...5...6...7...8...9...10transfers 37081704, max 1065
transfer lists: 282.9 megs
0...1...2...3...4...5...6...7...8...9...10	Bounce #1 added RGB(620783, 422335, 253109)
0...1...2...3...4...5...6...7...8...9...10	Bounce #2 added RGB(239947, 147414, 72845)
0...1...2...3...4...5...6...7...8...9...10	Bounce #3 added RGB(70759, 41180, 19470)
0...1...2...3...4...5...6...7...8...9...10	Bounce #4 added RGB(27025, 14532, 5877)
0...1...2...3...4...5...6...7...8...9...10	Bounce #5 added RGB(8721, 4398, 1618)
0...1...2...3...4...5...6...7...8...9...10	Bounce #6 added RGB(3243, 1545, 490)
0...1...2...3...4...5...6...7...8...9...10	Bounce #7 added RGB(1098, 494, 138)
0...1...2...3...4...5...6...7...8...9...10	Bounce #8 added RGB(401, 173, 42)
0...1...2...3...4...5...6...7...8...9...10	Bounce #9 added RGB(139, 57, 12)
0...1...2...3...4...5...6...7...8...9...10	Bounce #10 added RGB(50, 20, 4)
0...1...2...3...4...5...6...7...8...9...10	Bounce #11 added RGB(18, 7, 1)
0...1...2...3...4...5...6...7...8...9...10	Bounce #12 added RGB(6, 2, 0)
0...1...2...3...4...5...6...7...8...9...10	Bounce #13 added RGB(2, 1, 0)
0...1...2...3...4...5...6...7...8...9...10	Bounce #14 added RGB(1, 0, 0)
Build Patch/Sample Hash Table(s).....Done<0.0271 sec>
0...1...2...3...4...5...6...7...8...9...10FinalLightFace Done
0 of 0 (0% of) surface lights went in leaf ambient cubes.
0...1...2...3...4...5...6...7...8...9...10Writing leaf ambient...done
Computing static prop lighting : 00...1...2...3...4...5...6...7...8...9...10
Ready to Finish

Object names       Objects/Maxobjs  Memory / Maxmem  Fullness 
------------       ---------------  ---------------  -------- 
models                   4/4096          192/196608   ( 0.1%) 
brushes                181/32768        2172/393216   ( 0.6%) 
brushsides            1278/65536       10224/524288   ( 2.0%) 
planes                 762/65536       15240/1310720  ( 1.2%) 
vertexes              2628/65536       31536/786432   ( 4.0%) 
nodes                  369/65536       11808/2097152  ( 0.6%) 
texinfos               269/12288       19368/884736   ( 2.2%) 
texdata                 22/2048          704/65536    ( 1.1%) 
dispinfos                0/0               0/0        ( 0.0%) 
disp_verts               0/0               0/0        ( 0.0%) 
disp_tris                0/0               0/0        ( 0.0%) 
disp_lmsamples           0/0               0/0        ( 0.0%) 
faces                 1685/65536       94360/3670016  ( 2.6%) 
hdr faces             1685/65536       94360/3670016  ( 2.6%) 
origfaces              439/65536       24584/3670016  ( 0.7%) 
leaves                 374/65536       11968/2097152  ( 0.6%) 
leaffaces             2087/65536        4174/131072   ( 3.2%) 
leafbrushes            367/65536         734/131072   ( 0.6%) 
areas                    3/1024           24/8192     ( 0.3%) 
surfedges             9594/512000      38376/2048000  ( 1.9%) 
edges                 5277/256000      21108/1024000  ( 2.1%) 
LDR worldlights          8/16384         704/1441792  ( 0.0%) 
HDR worldlights          8/16384         704/1441792  ( 0.0%) 
leafwaterdata            0/32768           0/393216   ( 0.0%) 
waterstrips             91/131072        910/1310720  ( 0.1%) 
waterverts               0/131072          0/1572864  ( 0.0%) 
waterindices          1407/131072       2814/262144   ( 1.1%) 
cubemapsamples           4/1024           64/16384    ( 0.4%) 
overlays                 0/1024            0/360448   ( 0.0%) 
LDR lightdata         [variable]    13229884/0        ( 0.0%) 
HDR lightdata         [variable]    13229884/0        ( 0.0%) 
visdata               [variable]        9515/16777216 ( 0.1%) 
entdata               [variable]        8627/393216   ( 2.2%) 
LDR ambient table      374/65536        1496/262144   ( 0.6%) 
HDR ambient table      374/65536        1496/262144   ( 0.6%) 
LDR leaf ambient       575/65536       16100/1835008  ( 0.9%) 
HDR leaf ambient       575/65536       16100/1835008  ( 0.9%) 
occluders                0/0               0/0        ( 0.0%) 
occluder polygons        0/0               0/0        ( 0.0%) 
occluder vert ind        0/0               0/0        ( 0.0%) 
detail props          [variable]           1/12       ( 8.3%) 
static props          [variable]           1/2154     ( 0.0%) 
pakfile               [variable]      221917/0        ( 0.0%) 
physics               [variable]       67149/4194304  ( 1.6%) 
physics terrain       [variable]           2/1048576  ( 0.0%) 

Level flags = 3

Total triangle count: 4425
Writing c:\program files (x86)\steam\steamapps\sourcemods\who\maps\tes_map2.bsp
11 seconds elapsed



materialPath: C:\Program Files (x86)\Steam\steamapps\sourcemods\who\materials
Loading c:\program files (x86)\steam\steamapps\sourcemods\who\maps\tes_map2.vmf
ConVarRef mat_reduceparticles doesn't point to an existing ConVar
fixing up env_cubemap materials on brush sides...
0...1...2...3.Brush 28703: WARNING, microbrush
..4...5...6...7...8...9...100...1...2...3.Brush 28703: WARNING, microbrush
..4...5...6...7...8...9...10Processing areas...done (0)
Building Faces...done (0)
FixTjuncs...
PruneNodes...
WriteBSP...
done (0)
writing c:\program files (x86)\steam\steamapps\sourcemods\who\maps\tes_map2.prt...Building visibility clusters...
done (0)
Finding displacement neighbors...
Finding lightmap sample positions...
Displacement Alpha : 0...1...2...3...4...5...6...7...8...9...10
Building Physics collision data...
done (0) (66598 bytes)
Placing static props...
Placing detail props : 0...1...2...3...4...5...6...7...8...9...10
Compacting texture/material tables...
Reduced 836 texinfos to 266
Reduced 29 texdatas to 22 (945 bytes to 713)
Writing c:\program files (x86)\steam\steamapps\sourcemods\who\maps\tes_map2.bsp
2 seconds elapsed



8 threads
reading c:\program files (x86)\steam\steamapps\sourcemods\who\maps\tes_map2.bsp
reading c:\program files (x86)\steam\steamapps\sourcemods\who\maps\tes_map2.prt
 181 portalclusters
 497 numportals
0...1...2...3...4...5...6...7...8...9...100...1...2...3...4...5...6...7...8...9...10Optimized: 130 visible clusters (0.00%)
Total clusters visible: 22689
Average clusters visible: 125
Building PAS...
Average clusters audible: 165
visdatasize:9527  compressed from 8688
writing c:\program files (x86)\steam\steamapps\sourcemods\who\maps\tes_map2.bsp
0 seconds elapsed



[Reading texlights from 'lights.rad']
[48 texlights parsed from 'lights.rad']

Loading c:\program files (x86)\steam\steamapps\sourcemods\who\maps\tes_map2.bsp
1681 faces
34 degenerate faces
9479 square feet [1365053.25 square inches]
0 Displacements
0 Square Feet [0.00 Square Inches]
1647 patches before subdivision
121961 patches after subdivision
WARNING: light_spot at (208 -240 191) has inner angle larger than 90 degrees! Clamping to 90...
WARNING: light_spot at (208 -240 191) has outer angle larger than 90 degrees! Clamping to 90...
WARNING: light_spot at (208 -432 191) has inner angle larger than 90 degrees! Clamping to 90...
WARNING: light_spot at (208 -432 191) has outer angle larger than 90 degrees! Clamping to 90...
WARNING: light_spot at (208 -816 191) has inner angle larger than 90 degrees! Clamping to 90...
WARNING: light_spot at (208 -816 191) has outer angle larger than 90 degrees! Clamping to 90...
WARNING: light_spot at (240 -688 191) has inner angle larger than 90 degrees! Clamping to 90...
WARNING: light_spot at (240 -688 191) has outer angle larger than 90 degrees! Clamping to 90...
8 direct lights
0...1...2...3...4...5...6...7...8...9...100...1...2...3...4...5...6...7...8...9...10transfers 37081252, max 1065
transfer lists: 282.9 megs
0...1...2...3...4...5...6...7...8...9...10	Bounce #1 added RGB(620954, 422541, 253341)
0...1...2...3...4...5...6...7...8...9...10	Bounce #2 added RGB(240030, 147534, 73001)
0...1...2...3...4...5...6...7...8...9...10	Bounce #3 added RGB(70784, 41224, 19535)
0...1...2...3...4...5...6...7...8...9...10	Bounce #4 added RGB(27032, 14545, 5901)
0...1...2...3...4...5...6...7...8...9...10	Bounce #5 added RGB(8723, 4402, 1626)
0...1...2...3...4...5...6...7...8...9...10	Bounce #6 added RGB(3244, 1546, 493)
0...1...2...3...4...5...6...7...8...9...10	Bounce #7 added RGB(1098, 495, 139)
0...1...2...3...4...5...6...7...8...9...10	Bounce #8 added RGB(401, 173, 42)
0...1...2...3...4...5...6...7...8...9...10	Bounce #9 added RGB(139, 57, 12)
0...1...2...3...4...5...6...7...8...9...10	Bounce #10 added RGB(50, 20, 4)
0...1...2...3...4...5...6...7...8...9...10	Bounce #11 added RGB(18, 7, 1)
0...1...2...3...4...5...6...7...8...9...10	Bounce #12 added RGB(6, 2, 0)
0...1...2...3...4...5...6...7...8...9...10	Bounce #13 added RGB(2, 1, 0)
0...1...2...3...4...5...6...7...8...9...10	Bounce #14 added RGB(1, 0, 0)
Build Patch/Sample Hash Table(s).....Done<0.0289 sec>
0...1...2...3...4...5...6...7...8...9...10FinalLightFace Done
0 of 0 (0% of) surface lights went in leaf ambient cubes.
0...1...2...3...4...5...6...7...8...9...10Writing leaf ambient...done
Computing static prop lighting : 00...1...2...3...4...5...6...7...8...9...10
Ready to Finish

Object names       Objects/Maxobjs  Memory / Maxmem  Fullness 
------------       ---------------  ---------------  -------- 
models                   3/4096          144/196608   ( 0.1%) 
brushes                180/32768        2160/393216   ( 0.5%) 
brushsides            1272/65536       10176/524288   ( 1.9%) 
planes                 760/65536       15200/1310720  ( 1.2%) 
vertexes              2625/65536       31500/786432   ( 4.0%) 
nodes                  365/65536       11680/2097152  ( 0.6%) 
texinfos               266/12288       19152/884736   ( 2.2%) 
texdata                 22/2048          704/65536    ( 1.1%) 
dispinfos                0/0               0/0        ( 0.0%) 
disp_verts               0/0               0/0        ( 0.0%) 
disp_tris                0/0               0/0        ( 0.0%) 
disp_lmsamples           0/0               0/0        ( 0.0%) 
faces                 1681/65536       94136/3670016  ( 2.6%) 
hdr faces                0/65536           0/3670016  ( 0.0%) 
origfaces              433/65536       24248/3670016  ( 0.7%) 
leaves                 369/65536       11808/2097152  ( 0.6%) 
leaffaces             2086/65536        4172/131072   ( 3.2%) 
leafbrushes            366/65536         732/131072   ( 0.6%) 
areas                    3/1024           24/8192     ( 0.3%) 
surfedges             9558/512000      38232/2048000  ( 1.9%) 
edges                 5259/256000      21036/1024000  ( 2.1%) 
LDR worldlights          8/16384         704/1441792  ( 0.0%) 
HDR worldlights          0/16384           0/1441792  ( 0.0%) 
leafwaterdata            0/32768           0/393216   ( 0.0%) 
waterstrips             92/131072        920/1310720  ( 0.1%) 
waterverts               0/131072          0/1572864  ( 0.0%) 
waterindices          1419/131072       2838/262144   ( 1.1%) 
cubemapsamples           4/1024           64/16384    ( 0.4%) 
overlays                 0/1024            0/360448   ( 0.0%) 
LDR lightdata         [variable]    13229884/0        ( 0.0%) 
HDR lightdata         [variable]           0/0        ( 0.0%) 
visdata               [variable]        9527/16777216 ( 0.1%) 
entdata               [variable]        8533/393216   ( 2.2%) 
LDR ambient table      369/65536        1476/262144   ( 0.6%) 
HDR ambient table      369/65536        1476/262144   ( 0.6%) 
LDR leaf ambient       577/65536       16156/1835008  ( 0.9%) 
HDR leaf ambient       369/65536       10332/1835008  ( 0.6%) 
occluders                0/0               0/0        ( 0.0%) 
occluder polygons        0/0               0/0        ( 0.0%) 
occluder vert ind        0/0               0/0        ( 0.0%) 
detail props          [variable]           1/12       ( 8.3%) 
static props          [variable]           1/2154     ( 0.0%) 
pakfile               [variable]      114525/0        ( 0.0%) 
physics               [variable]       66598/4194304  ( 1.6%) 
physics terrain       [variable]           2/1048576  ( 0.0%) 

Level flags = 1

Total triangle count: 4421
Writing c:\program files (x86)\steam\steamapps\sourcemods\who\maps\tes_map2.bsp
13 seconds elapsed



[Reading texlights from 'lights.rad']
[48 texlights parsed from 'lights.rad']

Loading c:\program files (x86)\steam\steamapps\sourcemods\who\maps\tes_map2.bsp
1681 faces
34 degenerate faces
9479 square feet [1365053.25 square inches]
0 Displacements
0 Square Feet [0.00 Square Inches]
1647 patches before subdivision
121961 patches after subdivision
WARNING: light_spot at (208 -240 191) has inner angle larger than 90 degrees! Clamping to 90...
WARNING: light_spot at (208 -240 191) has outer angle larger than 90 degrees! Clamping to 90...
WARNING: light_spot at (208 -432 191) has inner angle larger than 90 degrees! Clamping to 90...
WARNING: light_spot at (208 -432 191) has outer angle larger than 90 degrees! Clamping to 90...
WARNING: light_spot at (208 -816 191) has inner angle larger than 90 degrees! Clamping to 90...
WARNING: light_spot at (208 -816 191) has outer angle larger than 90 degrees! Clamping to 90...
WARNING: light_spot at (240 -688 191) has inner angle larger than 90 degrees! Clamping to 90...
WARNING: light_spot at (240 -688 191) has outer angle larger than 90 degrees! Clamping to 90...
8 direct lights
0...1...2...3...4...5...6...7...8...9...100...1...2...3...4...5...6...7...8...9...10transfers 37081252, max 1065
transfer lists: 282.9 megs
0...1...2...3...4...5...6...7...8...9...10	Bounce #1 added RGB(620954, 422541, 253341)
0...1...2...3...4...5...6...7...8...9...10	Bounce #2 added RGB(240030, 147534, 73001)
0...1...2...3...4...5...6...7...8...9...10	Bounce #3 added RGB(70784, 41224, 19535)
0...1...2...3...4...5...6...7...8...9...10	Bounce #4 added RGB(27032, 14545, 5901)
0...1...2...3...4...5...6...7...8...9...10	Bounce #5 added RGB(8723, 4402, 1626)
0...1...2...3...4...5...6...7...8...9...10	Bounce #6 added RGB(3244, 1546, 493)
0...1...2...3...4...5...6...7...8...9...10	Bounce #7 added RGB(1098, 495, 139)
0...1...2...3...4...5...6...7...8...9...10	Bounce #8 added RGB(401, 173, 42)
0...1...2...3...4...5...6...7...8...9...10	Bounce #9 added RGB(139, 57, 12)
0...1...2...3...4...5...6...7...8...9...10	Bounce #10 added RGB(50, 20, 4)
0...1...2...3...4...5...6...7...8...9...10	Bounce #11 added RGB(18, 7, 1)
0...1...2...3...4...5...6...7...8...9...10	Bounce #12 added RGB(6, 2, 0)
0...1...2...3...4...5...6...7...8...9...10	Bounce #13 added RGB(2, 1, 0)
0...1...2...3...4...5...6...7...8...9...10	Bounce #14 added RGB(1, 0, 0)
Build Patch/Sample Hash Table(s).....Done<0.0747 sec>
0...1...2...3...4...5...6...7...8...9...10FinalLightFace Done
0 of 0 (0% of) surface lights went in leaf ambient cubes.
0...1...2...3...4...5...6...7...8...9...10Writing leaf ambient...done
Computing static prop lighting : 00...1...2...3...4...5...6...7...8...9...10
Ready to Finish

Object names       Objects/Maxobjs  Memory / Maxmem  Fullness 
------------       ---------------  ---------------  -------- 
models                   3/4096          144/196608   ( 0.1%) 
brushes                180/32768        2160/393216   ( 0.5%) 
brushsides            1272/65536       10176/524288   ( 1.9%) 
planes                 760/65536       15200/1310720  ( 1.2%) 
vertexes              2625/65536       31500/786432   ( 4.0%) 
nodes                  365/65536       11680/2097152  ( 0.6%) 
texinfos               266/12288       19152/884736   ( 2.2%) 
texdata                 22/2048          704/65536    ( 1.1%) 
dispinfos                0/0               0/0        ( 0.0%) 
disp_verts               0/0               0/0        ( 0.0%) 
disp_tris                0/0               0/0        ( 0.0%) 
disp_lmsamples           0/0               0/0        ( 0.0%) 
faces                 1681/65536       94136/3670016  ( 2.6%) 
hdr faces             1681/65536       94136/3670016  ( 2.6%) 
origfaces              433/65536       24248/3670016  ( 0.7%) 
leaves                 369/65536       11808/2097152  ( 0.6%) 
leaffaces             2086/65536        4172/131072   ( 3.2%) 
leafbrushes            366/65536         732/131072   ( 0.6%) 
areas                    3/1024           24/8192     ( 0.3%) 
surfedges             9558/512000      38232/2048000  ( 1.9%) 
edges                 5259/256000      21036/1024000  ( 2.1%) 
LDR worldlights          8/16384         704/1441792  ( 0.0%) 
HDR worldlights          8/16384         704/1441792  ( 0.0%) 
leafwaterdata            0/32768           0/393216   ( 0.0%) 
waterstrips             92/131072        920/1310720  ( 0.1%) 
waterverts               0/131072          0/1572864  ( 0.0%) 
waterindices          1419/131072       2838/262144   ( 1.1%) 
cubemapsamples           4/1024           64/16384    ( 0.4%) 
overlays                 0/1024            0/360448   ( 0.0%) 
LDR lightdata         [variable]    13229884/0        ( 0.0%) 
HDR lightdata         [variable]    13229884/0        ( 0.0%) 
visdata               [variable]        9527/16777216 ( 0.1%) 
entdata               [variable]        8533/393216   ( 2.2%) 
LDR ambient table      369/65536        1476/262144   ( 0.6%) 
HDR ambient table      369/65536        1476/262144   ( 0.6%) 
LDR leaf ambient       577/65536       16156/1835008  ( 0.9%) 
HDR leaf ambient       577/65536       16156/1835008  ( 0.9%) 
occluders                0/0               0/0        ( 0.0%) 
occluder polygons        0/0               0/0        ( 0.0%) 
occluder vert ind        0/0               0/0        ( 0.0%) 
detail props          [variable]           1/12       ( 8.3%) 
static props          [variable]           1/2154     ( 0.0%) 
pakfile               [variable]      221917/0        ( 0.0%) 
physics               [variable]       66598/4194304  ( 1.6%) 
physics terrain       [variable]           2/1048576  ( 0.0%) 

Level flags = 3

Total triangle count: 4421
Writing c:\program files (x86)\steam\steamapps\sourcemods\who\maps\tes_map2.bsp
13 seconds elapsed



materialPath: C:\Program Files (x86)\Steam\steamapps\sourcemods\who\materials
Loading c:\program files (x86)\steam\steamapps\sourcemods\who\maps\tes_map2.vmf
ConVarRef mat_reduceparticles doesn't point to an existing ConVar
fixing up env_cubemap materials on brush sides...
0...1...2...3.Brush 28703: WARNING, microbrush
..4...5...6...7...8...9...100...1...2...3.Brush 28703: WARNING, microbrush
..4...5...6...7...8...9...10Processing areas...done (0)
Building Faces...done (0)
FixTjuncs...
PruneNodes...
WriteBSP...
done (0)
writing c:\program files (x86)\steam\steamapps\sourcemods\who\maps\tes_map2.prt...Building visibility clusters...
done (0)
Finding displacement neighbors...
Finding lightmap sample positions...
Displacement Alpha : 0...1...2...3...4...5...6...7...8...9...10
Building Physics collision data...
done (0) (66598 bytes)
Placing static props...
Placing detail props : 0...1...2...3...4...5...6...7...8...9...10
Compacting texture/material tables...
Reduced 836 texinfos to 266
Reduced 29 texdatas to 22 (945 bytes to 713)
Writing c:\program files (x86)\steam\steamapps\sourcemods\who\maps\tes_map2.bsp
1 second elapsed



8 threads
reading c:\program files (x86)\steam\steamapps\sourcemods\who\maps\tes_map2.bsp
reading c:\program files (x86)\steam\steamapps\sourcemods\who\maps\tes_map2.prt
 181 portalclusters
 497 numportals
0...1...2...3...4...5...6...7...8...9...100...1...2...3...4...5...6...7...8...9...10Optimized: 130 visible clusters (0.00%)
Total clusters visible: 22689
Average clusters visible: 125
Building PAS...
Average clusters audible: 165
visdatasize:9527  compressed from 8688
writing c:\program files (x86)\steam\steamapps\sourcemods\who\maps\tes_map2.bsp
0 seconds elapsed



[Reading texlights from 'lights.rad']
[48 texlights parsed from 'lights.rad']

Loading c:\program files (x86)\steam\steamapps\sourcemods\who\maps\tes_map2.bsp
1681 faces
34 degenerate faces
9479 square feet [1365053.25 square inches]
0 Displacements
0 Square Feet [0.00 Square Inches]
1647 patches before subdivision
121961 patches after subdivision
WARNING: light_spot at (208 -240 191) has inner angle larger than 90 degrees! Clamping to 90...
WARNING: light_spot at (208 -240 191) has outer angle larger than 90 degrees! Clamping to 90...
WARNING: light_spot at (208 -432 191) has inner angle larger than 90 degrees! Clamping to 90...
WARNING: light_spot at (208 -432 191) has outer angle larger than 90 degrees! Clamping to 90...
WARNING: light_spot at (208 -816 191) has inner angle larger than 90 degrees! Clamping to 90...
WARNING: light_spot at (208 -816 191) has outer angle larger than 90 degrees! Clamping to 90...
WARNING: light_spot at (240 -688 191) has inner angle larger than 90 degrees! Clamping to 90...
WARNING: light_spot at (240 -688 191) has outer angle larger than 90 degrees! Clamping to 90...
8 direct lights
0...1...2...3...4...5...6...7...8...9...100...1...2...3...4...5...6...7...8...9...10transfers 37081252, max 1065
transfer lists: 282.9 megs
0...1...2...3...4...5...6...7...8...9...10	Bounce #1 added RGB(620954, 422541, 253341)
0...1...2...3...4...5...6...7...8...9...10	Bounce #2 added RGB(240030, 147534, 73001)
0...1...2...3...4...5...6...7...8...9...10	Bounce #3 added RGB(70784, 41224, 19535)
0...1...2...3...4...5...6...7...8...9...10	Bounce #4 added RGB(27032, 14545, 5901)
0...1...2...3...4...5...6...7...8...9...10	Bounce #5 added RGB(8723, 4402, 1626)
0...1...2...3...4...5...6...7...8...9...10	Bounce #6 added RGB(3244, 1546, 493)
0...1...2...3...4...5...6...7...8...9...10	Bounce #7 added RGB(1098, 495, 139)
0...1...2...3...4...5...6...7...8...9...10	Bounce #8 added RGB(401, 173, 42)
0...1...2...3...4...5...6...7...8...9...10	Bounce #9 added RGB(139, 57, 12)
0...1...2...3...4...5...6...7...8...9...10	Bounce #10 added RGB(50, 20, 4)
0...1...2...3...4...5...6...7...8...9...10	Bounce #11 added RGB(18, 7, 1)
0...1...2...3...4...5...6...7...8...9...10	Bounce #12 added RGB(6, 2, 0)
0...1...2...3...4...5...6...7...8...9...10	Bounce #13 added RGB(2, 1, 0)
0...1...2...3...4...5...6...7...8...9...10	Bounce #14 added RGB(1, 0, 0)
Build Patch/Sample Hash Table(s).....Done<0.0287 sec>
0...1...2...3...4...5...6...7...8...9...10FinalLightFace Done
0 of 0 (0% of) surface lights went in leaf ambient cubes.
0...1...2...3...4...5...6...7...8...9...10Writing leaf ambient...done
Computing static prop lighting : 00...1...2...3...4...5...6...7...8...9...10
Ready to Finish

Object names       Objects/Maxobjs  Memory / Maxmem  Fullness 
------------       ---------------  ---------------  -------- 
models                   3/4096          144/196608   ( 0.1%) 
brushes                180/32768        2160/393216   ( 0.5%) 
brushsides            1272/65536       10176/524288   ( 1.9%) 
planes                 760/65536       15200/1310720  ( 1.2%) 
vertexes              2625/65536       31500/786432   ( 4.0%) 
nodes                  365/65536       11680/2097152  ( 0.6%) 
texinfos               266/12288       19152/884736   ( 2.2%) 
texdata                 22/2048          704/65536    ( 1.1%) 
dispinfos                0/0               0/0        ( 0.0%) 
disp_verts               0/0               0/0        ( 0.0%) 
disp_tris                0/0               0/0        ( 0.0%) 
disp_lmsamples           0/0               0/0        ( 0.0%) 
faces                 1681/65536       94136/3670016  ( 2.6%) 
hdr faces                0/65536           0/3670016  ( 0.0%) 
origfaces              433/65536       24248/3670016  ( 0.7%) 
leaves                 369/65536       11808/2097152  ( 0.6%) 
leaffaces             2086/65536        4172/131072   ( 3.2%) 
leafbrushes            366/65536         732/131072   ( 0.6%) 
areas                    3/1024           24/8192     ( 0.3%) 
surfedges             9558/512000      38232/2048000  ( 1.9%) 
edges                 5259/256000      21036/1024000  ( 2.1%) 
LDR worldlights          8/16384         704/1441792  ( 0.0%) 
HDR worldlights          0/16384           0/1441792  ( 0.0%) 
leafwaterdata            0/32768           0/393216   ( 0.0%) 
waterstrips             92/131072        920/1310720  ( 0.1%) 
waterverts               0/131072          0/1572864  ( 0.0%) 
waterindices          1419/131072       2838/262144   ( 1.1%) 
cubemapsamples           4/1024           64/16384    ( 0.4%) 
overlays                 0/1024            0/360448   ( 0.0%) 
LDR lightdata         [variable]    13229884/0        ( 0.0%) 
HDR lightdata         [variable]           0/0        ( 0.0%) 
visdata               [variable]        9527/16777216 ( 0.1%) 
entdata               [variable]        8535/393216   ( 2.2%) 
LDR ambient table      369/65536        1476/262144   ( 0.6%) 
HDR ambient table      369/65536        1476/262144   ( 0.6%) 
LDR leaf ambient       577/65536       16156/1835008  ( 0.9%) 
HDR leaf ambient       369/65536       10332/1835008  ( 0.6%) 
occluders                0/0               0/0        ( 0.0%) 
occluder polygons        0/0               0/0        ( 0.0%) 
occluder vert ind        0/0               0/0        ( 0.0%) 
detail props          [variable]           1/12       ( 8.3%) 
static props          [variable]           1/2154     ( 0.0%) 
pakfile               [variable]      114525/0        ( 0.0%) 
physics               [variable]       66598/4194304  ( 1.6%) 
physics terrain       [variable]           2/1048576  ( 0.0%) 

Level flags = 1

Total triangle count: 4421
Writing c:\program files (x86)\steam\steamapps\sourcemods\who\maps\tes_map2.bsp
11 seconds elapsed



[Reading texlights from 'lights.rad']
[48 texlights parsed from 'lights.rad']

Loading c:\program files (x86)\steam\steamapps\sourcemods\who\maps\tes_map2.bsp
1681 faces
34 degenerate faces
9479 square feet [1365053.25 square inches]
0 Displacements
0 Square Feet [0.00 Square Inches]
1647 patches before subdivision
121961 patches after subdivision
WARNING: light_spot at (208 -240 191) has inner angle larger than 90 degrees! Clamping to 90...
WARNING: light_spot at (208 -240 191) has outer angle larger than 90 degrees! Clamping to 90...
WARNING: light_spot at (208 -432 191) has inner angle larger than 90 degrees! Clamping to 90...
WARNING: light_spot at (208 -432 191) has outer angle larger than 90 degrees! Clamping to 90...
WARNING: light_spot at (208 -816 191) has inner angle larger than 90 degrees! Clamping to 90...
WARNING: light_spot at (208 -816 191) has outer angle larger than 90 degrees! Clamping to 90...
WARNING: light_spot at (240 -688 191) has inner angle larger than 90 degrees! Clamping to 90...
WARNING: light_spot at (240 -688 191) has outer angle larger than 90 degrees! Clamping to 90...
8 direct lights
0...1...2...3...4...5...6...7...8...9...100...1...2...3...4...5...6...7...8...9...10transfers 37081252, max 1065
transfer lists: 282.9 megs
0...1...2...3...4...5...6...7...8...9...10	Bounce #1 added RGB(620954, 422541, 253341)
0...1...2...3...4...5...6...7...8...9...10	Bounce #2 added RGB(240030, 147534, 73001)
0...1...2...3...4...5...6...7...8...9...10	Bounce #3 added RGB(70784, 41224, 19535)
0...1...2...3...4...5...6...7...8...9...10	Bounce #4 added RGB(27032, 14545, 5901)
0...1...2...3...4...5...6...7...8...9...10	Bounce #5 added RGB(8723, 4402, 1626)
0...1...2...3...4...5...6...7...8...9...10	Bounce #6 added RGB(3244, 1546, 493)
0...1...2...3...4...5...6...7...8...9...10	Bounce #7 added RGB(1098, 495, 139)
0...1...2...3...4...5...6...7...8...9...10	Bounce #8 added RGB(401, 173, 42)
0...1...2...3...4...5...6...7...8...9...10	Bounce #9 added RGB(139, 57, 12)
0...1...2...3...4...5...6...7...8...9...10	Bounce #10 added RGB(50, 20, 4)
0...1...2...3...4...5...6...7...8...9...10	Bounce #11 added RGB(18, 7, 1)
0...1...2...3...4...5...6...7...8...9...10	Bounce #12 added RGB(6, 2, 0)
0...1...2...3...4...5...6...7...8...9...10	Bounce #13 added RGB(2, 1, 0)
0...1...2...3...4...5...6...7...8...9...10	Bounce #14 added RGB(1, 0, 0)
Build Patch/Sample Hash Table(s).....Done<0.0721 sec>
0...1...2...3...4...5...6...7...8...9...10FinalLightFace Done
0 of 0 (0% of) surface lights went in leaf ambient cubes.
0...1...2...3...4...5...6...7...8...9...10Writing leaf ambient...done
Computing static prop lighting : 00...1...2...3...4...5...6...7...8...9...10
Ready to Finish

Object names       Objects/Maxobjs  Memory / Maxmem  Fullness 
------------       ---------------  ---------------  -------- 
models                   3/4096          144/196608   ( 0.1%) 
brushes                180/32768        2160/393216   ( 0.5%) 
brushsides            1272/65536       10176/524288   ( 1.9%) 
planes                 760/65536       15200/1310720  ( 1.2%) 
vertexes              2625/65536       31500/786432   ( 4.0%) 
nodes                  365/65536       11680/2097152  ( 0.6%) 
texinfos               266/12288       19152/884736   ( 2.2%) 
texdata                 22/2048          704/65536    ( 1.1%) 
dispinfos                0/0               0/0        ( 0.0%) 
disp_verts               0/0               0/0        ( 0.0%) 
disp_tris                0/0               0/0        ( 0.0%) 
disp_lmsamples           0/0               0/0        ( 0.0%) 
faces                 1681/65536       94136/3670016  ( 2.6%) 
hdr faces             1681/65536       94136/3670016  ( 2.6%) 
origfaces              433/65536       24248/3670016  ( 0.7%) 
leaves                 369/65536       11808/2097152  ( 0.6%) 
leaffaces             2086/65536        4172/131072   ( 3.2%) 
leafbrushes            366/65536         732/131072   ( 0.6%) 
areas                    3/1024           24/8192     ( 0.3%) 
surfedges             9558/512000      38232/2048000  ( 1.9%) 
edges                 5259/256000      21036/1024000  ( 2.1%) 
LDR worldlights          8/16384         704/1441792  ( 0.0%) 
HDR worldlights          8/16384         704/1441792  ( 0.0%) 
leafwaterdata            0/32768           0/393216   ( 0.0%) 
waterstrips             92/131072        920/1310720  ( 0.1%) 
waterverts               0/131072          0/1572864  ( 0.0%) 
waterindices          1419/131072       2838/262144   ( 1.1%) 
cubemapsamples           4/1024           64/16384    ( 0.4%) 
overlays                 0/1024            0/360448   ( 0.0%) 
LDR lightdata         [variable]    13229884/0        ( 0.0%) 
HDR lightdata         [variable]    13229884/0        ( 0.0%) 
visdata               [variable]        9527/16777216 ( 0.1%) 
entdata               [variable]        8535/393216   ( 2.2%) 
LDR ambient table      369/65536        1476/262144   ( 0.6%) 
HDR ambient table      369/65536        1476/262144   ( 0.6%) 
LDR leaf ambient       577/65536       16156/1835008  ( 0.9%) 
HDR leaf ambient       577/65536       16156/1835008  ( 0.9%) 
occluders                0/0               0/0        ( 0.0%) 
occluder polygons        0/0               0/0        ( 0.0%) 
occluder vert ind        0/0               0/0        ( 0.0%) 
detail props          [variable]           1/12       ( 8.3%) 
static props          [variable]           1/2154     ( 0.0%) 
pakfile               [variable]      221917/0        ( 0.0%) 
physics               [variable]       66598/4194304  ( 1.6%) 
physics terrain       [variable]           2/1048576  ( 0.0%) 

Level flags = 3

Total triangle count: 4421
Writing c:\program files (x86)\steam\steamapps\sourcemods\who\maps\tes_map2.bsp
13 seconds elapsed



materialPath: C:\Program Files (x86)\Steam\steamapps\sourcemods\who\materials
Loading c:\program files (x86)\steam\steamapps\sourcemods\who\maps\tes_map2.vmf
ConVarRef mat_reduceparticles doesn't point to an existing ConVar
fixing up env_cubemap materials on brush sides...
0...1...2...3.Brush 28703: WARNING, microbrush
..4...5...6...7...8...9...100...1...2...3.Brush 28703: WARNING, microbrush
..4...5...6...7...8...9...10Processing areas...done (0)
Building Faces...done (0)
FixTjuncs...
PruneNodes...
WriteBSP...
done (0)
writing c:\program files (x86)\steam\steamapps\sourcemods\who\maps\tes_map2.prt...Building visibility clusters...
done (0)
Finding displacement neighbors...
Finding lightmap sample positions...
Displacement Alpha : 0...1...2...3...4...5...6...7...8...9...10
Building Physics collision data...
done (0) (66598 bytes)
Placing static props...
Placing detail props : 0...1...2...3...4...5...6...7...8...9...10
Compacting texture/material tables...
Reduced 836 texinfos to 266
Reduced 29 texdatas to 22 (945 bytes to 713)
Writing c:\program files (x86)\steam\steamapps\sourcemods\who\maps\tes_map2.bsp
1 second elapsed



8 threads
reading c:\program files (x86)\steam\steamapps\sourcemods\who\maps\tes_map2.bsp
reading c:\program files (x86)\steam\steamapps\sourcemods\who\maps\tes_map2.prt
 181 portalclusters
 497 numportals
0...1...2...3...4...5...6...7...8...9...100...1...2...3...4...5...6...7...8...9...10Optimized: 130 visible clusters (0.00%)
Total clusters visible: 22689
Average clusters visible: 125
Building PAS...
Average clusters audible: 165
visdatasize:9527  compressed from 8688
writing c:\program files (x86)\steam\steamapps\sourcemods\who\maps\tes_map2.bsp
0 seconds elapsed



[Reading texlights from 'lights.rad']
[48 texlights parsed from 'lights.rad']

Loading c:\program files (x86)\steam\steamapps\sourcemods\who\maps\tes_map2.bsp
1681 faces
34 degenerate faces
9479 square feet [1365053.25 square inches]
0 Displacements
0 Square Feet [0.00 Square Inches]
1647 patches before subdivision
121961 patches after subdivision
WARNING: light_spot at (208 -240 191) has inner angle larger than 90 degrees! Clamping to 90...
WARNING: light_spot at (208 -240 191) has outer angle larger than 90 degrees! Clamping to 90...
WARNING: light_spot at (208 -432 191) has inner angle larger than 90 degrees! Clamping to 90...
WARNING: light_spot at (208 -432 191) has outer angle larger than 90 degrees! Clamping to 90...
WARNING: light_spot at (208 -816 191) has inner angle larger than 90 degrees! Clamping to 90...
WARNING: light_spot at (208 -816 191) has outer angle larger than 90 degrees! Clamping to 90...
WARNING: light_spot at (240 -688 191) has inner angle larger than 90 degrees! Clamping to 90...
WARNING: light_spot at (240 -688 191) has outer angle larger than 90 degrees! Clamping to 90...
8 direct lights
0...1...2...3...4...5...6...7...8...9...100...1...2...3...4...5...6...7...8...9...10transfers 37081252, max 1065
transfer lists: 282.9 megs
0...1...2...3...4...5...6...7...8...9...10	Bounce #1 added RGB(620954, 422541, 253341)
0...1...2...3...4...5...6...7...8...9...10	Bounce #2 added RGB(240030, 147534, 73001)
0...1...2...3...4...5...6...7...8...9...10	Bounce #3 added RGB(70784, 41224, 19535)
0...1...2...3...4...5...6...7...8...9...10	Bounce #4 added RGB(27032, 14545, 5901)
0...1...2...3...4...5...6...7...8...9...10	Bounce #5 added RGB(8723, 4402, 1626)
0...1...2...3...4...5...6...7...8...9...10	Bounce #6 added RGB(3244, 1546, 493)
0...1...2...3...4...5...6...7...8...9...10	Bounce #7 added RGB(1098, 495, 139)
0...1...2...3...4...5...6...7...8...9...10	Bounce #8 added RGB(401, 173, 42)
0...1...2...3...4...5...6...7...8...9...10	Bounce #9 added RGB(139, 57, 12)
0...1...2...3...4...5...6...7...8...9...10	Bounce #10 added RGB(50, 20, 4)
0...1...2...3...4...5...6...7...8...9...10	Bounce #11 added RGB(18, 7, 1)
0...1...2...3...4...5...6...7...8...9...10	Bounce #12 added RGB(6, 2, 0)
0...1...2...3...4...5...6...7...8...9...10	Bounce #13 added RGB(2, 1, 0)
0...1...2...3...4...5...6...7...8...9...10	Bounce #14 added RGB(1, 0, 0)
Build Patch/Sample Hash Table(s).....Done<0.0278 sec>
0...1...2...3...4...5...6...7...8...9...10FinalLightFace Done
0 of 0 (0% of) surface lights went in leaf ambient cubes.
0...1...2...3...4...5...6...7...8...9...10Writing leaf ambient...done
Computing static prop lighting : 00...1...2...3...4...5...6...7...8...9...10
Ready to Finish

Object names       Objects/Maxobjs  Memory / Maxmem  Fullness 
------------       ---------------  ---------------  -------- 
models                   3/4096          144/196608   ( 0.1%) 
brushes                180/32768        2160/393216   ( 0.5%) 
brushsides            1272/65536       10176/524288   ( 1.9%) 
planes                 760/65536       15200/1310720  ( 1.2%) 
vertexes              2625/65536       31500/786432   ( 4.0%) 
nodes                  365/65536       11680/2097152  ( 0.6%) 
texinfos               266/12288       19152/884736   ( 2.2%) 
texdata                 22/2048          704/65536    ( 1.1%) 
dispinfos                0/0               0/0        ( 0.0%) 
disp_verts               0/0               0/0        ( 0.0%) 
disp_tris                0/0               0/0        ( 0.0%) 
disp_lmsamples           0/0               0/0        ( 0.0%) 
faces                 1681/65536       94136/3670016  ( 2.6%) 
hdr faces                0/65536           0/3670016  ( 0.0%) 
origfaces              433/65536       24248/3670016  ( 0.7%) 
leaves                 369/65536       11808/2097152  ( 0.6%) 
leaffaces             2086/65536        4172/131072   ( 3.2%) 
leafbrushes            366/65536         732/131072   ( 0.6%) 
areas                    3/1024           24/8192     ( 0.3%) 
surfedges             9558/512000      38232/2048000  ( 1.9%) 
edges                 5259/256000      21036/1024000  ( 2.1%) 
LDR worldlights          8/16384         704/1441792  ( 0.0%) 
HDR worldlights          0/16384           0/1441792  ( 0.0%) 
leafwaterdata            0/32768           0/393216   ( 0.0%) 
waterstrips             92/131072        920/1310720  ( 0.1%) 
waterverts               0/131072          0/1572864  ( 0.0%) 
waterindices          1419/131072       2838/262144   ( 1.1%) 
cubemapsamples           4/1024           64/16384    ( 0.4%) 
overlays                 0/1024            0/360448   ( 0.0%) 
LDR lightdata         [variable]    13229884/0        ( 0.0%) 
HDR lightdata         [variable]           0/0        ( 0.0%) 
visdata               [variable]        9527/16777216 ( 0.1%) 
entdata               [variable]        8494/393216   ( 2.2%) 
LDR ambient table      369/65536        1476/262144   ( 0.6%) 
HDR ambient table      369/65536        1476/262144   ( 0.6%) 
LDR leaf ambient       577/65536       16156/1835008  ( 0.9%) 
HDR leaf ambient       369/65536       10332/1835008  ( 0.6%) 
occluders                0/0               0/0        ( 0.0%) 
occluder polygons        0/0               0/0        ( 0.0%) 
occluder vert ind        0/0               0/0        ( 0.0%) 
detail props          [variable]           1/12       ( 8.3%) 
static props          [variable]           1/2154     ( 0.0%) 
pakfile               [variable]      114525/0        ( 0.0%) 
physics               [variable]       66598/4194304  ( 1.6%) 
physics terrain       [variable]           2/1048576  ( 0.0%) 

Level flags = 1

Total triangle count: 4421
Writing c:\program files (x86)\steam\steamapps\sourcemods\who\maps\tes_map2.bsp
13 seconds elapsed



[Reading texlights from 'lights.rad']
[48 texlights parsed from 'lights.rad']

Loading c:\program files (x86)\steam\steamapps\sourcemods\who\maps\tes_map2.bsp
1681 faces
34 degenerate faces
9479 square feet [1365053.25 square inches]
0 Displacements
0 Square Feet [0.00 Square Inches]
1647 patches before subdivision
121961 patches after subdivision
WARNING: light_spot at (208 -240 191) has inner angle larger than 90 degrees! Clamping to 90...
WARNING: light_spot at (208 -240 191) has outer angle larger than 90 degrees! Clamping to 90...
WARNING: light_spot at (208 -432 191) has inner angle larger than 90 degrees! Clamping to 90...
WARNING: light_spot at (208 -432 191) has outer angle larger than 90 degrees! Clamping to 90...
WARNING: light_spot at (208 -816 191) has inner angle larger than 90 degrees! Clamping to 90...
WARNING: light_spot at (208 -816 191) has outer angle larger than 90 degrees! Clamping to 90...
WARNING: light_spot at (240 -688 191) has inner angle larger than 90 degrees! Clamping to 90...
WARNING: light_spot at (240 -688 191) has outer angle larger than 90 degrees! Clamping to 90...
8 direct lights
0...1...2...3...4...5...6...7...8...9...100...1...2...3...4...5...6...7...8...9...10transfers 37081252, max 1065
transfer lists: 282.9 megs
0...1...2...3...4...5...6...7...8...9...10	Bounce #1 added RGB(620954, 422541, 253341)
0...1...2...3...4...5...6...7...8...9...10	Bounce #2 added RGB(240030, 147534, 73001)
0...1...2...3...4...5...6...7...8...9...10	Bounce #3 added RGB(70784, 41224, 19535)
0...1...2...3...4...5...6...7...8...9...10	Bounce #4 added RGB(27032, 14545, 5901)
0...1...2...3...4...5...6...7...8...9...10	Bounce #5 added RGB(8723, 4402, 1626)
0...1...2...3...4...5...6...7...8...9...10	Bounce #6 added RGB(3244, 1546, 493)
0...1...2...3...4...5...6...7...8...9...10	Bounce #7 added RGB(1098, 495, 139)
0...1...2...3...4...5...6...7...8...9...10	Bounce #8 added RGB(401, 173, 42)
0...1...2...3...4...5...6...7...8...9...10	Bounce #9 added RGB(139, 57, 12)
0...1...2...3...4...5...6...7...8...9...10	Bounce #10 added RGB(50, 20, 4)
0...1...2...3...4...5...6...7...8...9...10	Bounce #11 added RGB(18, 7, 1)
0...1...2...3...4...5...6...7...8...9...10	Bounce #12 added RGB(6, 2, 0)
0...1...2...3...4...5...6...7...8...9...10	Bounce #13 added RGB(2, 1, 0)
0...1...2...3...4...5...6...7...8...9...10	Bounce #14 added RGB(1, 0, 0)
Build Patch/Sample Hash Table(s).....Done<0.0261 sec>
0...1...2...3...4...5...6...7...8...9...10FinalLightFace Done
0 of 0 (0% of) surface lights went in leaf ambient cubes.
0...1...2...3...4...5...6...7...8...9...10Writing leaf ambient...done
Computing static prop lighting : 00...1...2...3...4...5...6...7...8...9...10
Ready to Finish

Object names       Objects/Maxobjs  Memory / Maxmem  Fullness 
------------       ---------------  ---------------  -------- 
models                   3/4096          144/196608   ( 0.1%) 
brushes                180/32768        2160/393216   ( 0.5%) 
brushsides            1272/65536       10176/524288   ( 1.9%) 
planes                 760/65536       15200/1310720  ( 1.2%) 
vertexes              2625/65536       31500/786432   ( 4.0%) 
nodes                  365/65536       11680/2097152  ( 0.6%) 
texinfos               266/12288       19152/884736   ( 2.2%) 
texdata                 22/2048          704/65536    ( 1.1%) 
dispinfos                0/0               0/0        ( 0.0%) 
disp_verts               0/0               0/0        ( 0.0%) 
disp_tris                0/0               0/0        ( 0.0%) 
disp_lmsamples           0/0               0/0        ( 0.0%) 
faces                 1681/65536       94136/3670016  ( 2.6%) 
hdr faces             1681/65536       94136/3670016  ( 2.6%) 
origfaces              433/65536       24248/3670016  ( 0.7%) 
leaves                 369/65536       11808/2097152  ( 0.6%) 
leaffaces             2086/65536        4172/131072   ( 3.2%) 
leafbrushes            366/65536         732/131072   ( 0.6%) 
areas                    3/1024           24/8192     ( 0.3%) 
surfedges             9558/512000      38232/2048000  ( 1.9%) 
edges                 5259/256000      21036/1024000  ( 2.1%) 
LDR worldlights          8/16384         704/1441792  ( 0.0%) 
HDR worldlights          8/16384         704/1441792  ( 0.0%) 
leafwaterdata            0/32768           0/393216   ( 0.0%) 
waterstrips             92/131072        920/1310720  ( 0.1%) 
waterverts               0/131072          0/1572864  ( 0.0%) 
waterindices          1419/131072       2838/262144   ( 1.1%) 
cubemapsamples           4/1024           64/16384    ( 0.4%) 
overlays                 0/1024            0/360448   ( 0.0%) 
LDR lightdata         [variable]    13229884/0        ( 0.0%) 
HDR lightdata         [variable]    13229884/0        ( 0.0%) 
visdata               [variable]        9527/16777216 ( 0.1%) 
entdata               [variable]        8494/393216   ( 2.2%) 
LDR ambient table      369/65536        1476/262144   ( 0.6%) 
HDR ambient table      369/65536        1476/262144   ( 0.6%) 
LDR leaf ambient       577/65536       16156/1835008  ( 0.9%) 
HDR leaf ambient       577/65536       16156/1835008  ( 0.9%) 
occluders                0/0               0/0        ( 0.0%) 
occluder polygons        0/0               0/0        ( 0.0%) 
occluder vert ind        0/0               0/0        ( 0.0%) 
detail props          [variable]           1/12       ( 8.3%) 
static props          [variable]           1/2154     ( 0.0%) 
pakfile               [variable]      221917/0        ( 0.0%) 
physics               [variable]       66598/4194304  ( 1.6%) 
physics terrain       [variable]           2/1048576  ( 0.0%) 

Level flags = 3

Total triangle count: 4421
Writing c:\program files (x86)\steam\steamapps\sourcemods\who\maps\tes_map2.bsp
12 seconds elapsed



materialPath: C:\Program Files (x86)\Steam\steamapps\sourcemods\who\materials
Loading c:\program files (x86)\steam\steamapps\sourcemods\who\maps\tes_map2.vmf
ConVarRef mat_reduceparticles doesn't point to an existing ConVar
fixing up env_cubemap materials on brush sides...
0...1...2...3.Brush 28703: WARNING, microbrush
..4...5...6...7...8...9...100...1...2...3.Brush 28703: WARNING, microbrush
..4...5...6...7...8...9...10Processing areas...done (0)
Building Faces...done (0)
FixTjuncs...
PruneNodes...
WriteBSP...
done (0)
writing c:\program files (x86)\steam\steamapps\sourcemods\who\maps\tes_map2.prt...Building visibility clusters...
done (0)
Finding displacement neighbors...
Finding lightmap sample positions...
Displacement Alpha : 0...1...2...3...4...5...6...7...8...9...10
Building Physics collision data...
done (0) (66598 bytes)
Placing static props...
Placing detail props : 0...1...2...3...4...5...6...7...8...9...10
Compacting texture/material tables...
Reduced 836 texinfos to 266
Reduced 29 texdatas to 22 (945 bytes to 713)
Writing c:\program files (x86)\steam\steamapps\sourcemods\who\maps\tes_map2.bsp
1 second elapsed



8 threads
reading c:\program files (x86)\steam\steamapps\sourcemods\who\maps\tes_map2.bsp
reading c:\program files (x86)\steam\steamapps\sourcemods\who\maps\tes_map2.prt
 181 portalclusters
 497 numportals
0...1...2...3...4...5...6...7...8...9...100...1...2...3...4...5...6...7...8...9...10Optimized: 130 visible clusters (0.00%)
Total clusters visible: 22689
Average clusters visible: 125
Building PAS...
Average clusters audible: 165
visdatasize:9527  compressed from 8688
writing c:\program files (x86)\steam\steamapps\sourcemods\who\maps\tes_map2.bsp
0 seconds elapsed



[Reading texlights from 'lights.rad']
[48 texlights parsed from 'lights.rad']

Loading c:\program files (x86)\steam\steamapps\sourcemods\who\maps\tes_map2.bsp
1681 faces
34 degenerate faces
9479 square feet [1365053.25 square inches]
0 Displacements
0 Square Feet [0.00 Square Inches]
1647 patches before subdivision
121961 patches after subdivision
WARNING: light_spot at (208 -240 191) has inner angle larger than 90 degrees! Clamping to 90...
WARNING: light_spot at (208 -240 191) has outer angle larger than 90 degrees! Clamping to 90...
WARNING: light_spot at (208 -432 191) has inner angle larger than 90 degrees! Clamping to 90...
WARNING: light_spot at (208 -432 191) has outer angle larger than 90 degrees! Clamping to 90...
WARNING: light_spot at (208 -816 191) has inner angle larger than 90 degrees! Clamping to 90...
WARNING: light_spot at (208 -816 191) has outer angle larger than 90 degrees! Clamping to 90...
WARNING: light_spot at (240 -688 191) has inner angle larger than 90 degrees! Clamping to 90...
WARNING: light_spot at (240 -688 191) has outer angle larger than 90 degrees! Clamping to 90...
8 direct lights
0...1...2...3...4...5...6...7...8...9...100...1...2...3...4...5...6...7...8...9...10transfers 37081252, max 1065
transfer lists: 282.9 megs
0...1...2...3...4...5...6...7...8...9...10	Bounce #1 added RGB(620954, 422541, 253341)
0...1...2...3...4...5...6...7...8...9...10	Bounce #2 added RGB(240030, 147534, 73001)
0...1...2...3...4...5...6...7...8...9...10	Bounce #3 added RGB(70784, 41224, 19535)
0...1...2...3...4...5...6...7...8...9...10	Bounce #4 added RGB(27032, 14545, 5901)
0...1...2...3...4...5...6...7...8...9...10	Bounce #5 added RGB(8723, 4402, 1626)
0...1...2...3...4...5...6...7...8...9...10	Bounce #6 added RGB(3244, 1546, 493)
0...1...2...3...4...5...6...7...8...9...10	Bounce #7 added RGB(1098, 495, 139)
0...1...2...3...4...5...6...7...8...9...10	Bounce #8 added RGB(401, 173, 42)
0...1...2...3...4...5...6...7...8...9...10	Bounce #9 added RGB(139, 57, 12)
0...1...2...3...4...5...6...7...8...9...10	Bounce #10 added RGB(50, 20, 4)
0...1...2...3...4...5...6...7...8...9...10	Bounce #11 added RGB(18, 7, 1)
0...1...2...3...4...5...6...7...8...9...10	Bounce #12 added RGB(6, 2, 0)
0...1...2...3...4...5...6...7...8...9...10	Bounce #13 added RGB(2, 1, 0)
0...1...2...3...4...5...6...7...8...9...10	Bounce #14 added RGB(1, 0, 0)
Build Patch/Sample Hash Table(s).....Done<0.0341 sec>
0...1...2...3...4...5...6...7...8...9...10FinalLightFace Done
0 of 0 (0% of) surface lights went in leaf ambient cubes.
0...1...2...3...4...5...6...7...8...9...10Writing leaf ambient...done
Computing static prop lighting : 00...1...2...3...4...5...6...7...8...9...10
Ready to Finish

Object names       Objects/Maxobjs  Memory / Maxmem  Fullness 
------------       ---------------  ---------------  -------- 
models                   3/4096          144/196608   ( 0.1%) 
brushes                180/32768        2160/393216   ( 0.5%) 
brushsides            1272/65536       10176/524288   ( 1.9%) 
planes                 760/65536       15200/1310720  ( 1.2%) 
vertexes              2625/65536       31500/786432   ( 4.0%) 
nodes                  365/65536       11680/2097152  ( 0.6%) 
texinfos               266/12288       19152/884736   ( 2.2%) 
texdata                 22/2048          704/65536    ( 1.1%) 
dispinfos                0/0               0/0        ( 0.0%) 
disp_verts               0/0               0/0        ( 0.0%) 
disp_tris                0/0               0/0        ( 0.0%) 
disp_lmsamples           0/0               0/0        ( 0.0%) 
faces                 1681/65536       94136/3670016  ( 2.6%) 
hdr faces                0/65536           0/3670016  ( 0.0%) 
origfaces              433/65536       24248/3670016  ( 0.7%) 
leaves                 369/65536       11808/2097152  ( 0.6%) 
leaffaces             2086/65536        4172/131072   ( 3.2%) 
leafbrushes            366/65536         732/131072   ( 0.6%) 
areas                    3/1024           24/8192     ( 0.3%) 
surfedges             9558/512000      38232/2048000  ( 1.9%) 
edges                 5259/256000      21036/1024000  ( 2.1%) 
LDR worldlights          8/16384         704/1441792  ( 0.0%) 
HDR worldlights          0/16384           0/1441792  ( 0.0%) 
leafwaterdata            0/32768           0/393216   ( 0.0%) 
waterstrips             92/131072        920/1310720  ( 0.1%) 
waterverts               0/131072          0/1572864  ( 0.0%) 
waterindices          1419/131072       2838/262144   ( 1.1%) 
cubemapsamples           4/1024           64/16384    ( 0.4%) 
overlays                 0/1024            0/360448   ( 0.0%) 
LDR lightdata         [variable]    13229884/0        ( 0.0%) 
HDR lightdata         [variable]           0/0        ( 0.0%) 
visdata               [variable]        9527/16777216 ( 0.1%) 
entdata               [variable]        8493/393216   ( 2.2%) 
LDR ambient table      369/65536        1476/262144   ( 0.6%) 
HDR ambient table      369/65536        1476/262144   ( 0.6%) 
LDR leaf ambient       577/65536       16156/1835008  ( 0.9%) 
HDR leaf ambient       369/65536       10332/1835008  ( 0.6%) 
occluders                0/0               0/0        ( 0.0%) 
occluder polygons        0/0               0/0        ( 0.0%) 
occluder vert ind        0/0               0/0        ( 0.0%) 
detail props          [variable]           1/12       ( 8.3%) 
static props          [variable]           1/2154     ( 0.0%) 
pakfile               [variable]      114525/0        ( 0.0%) 
physics               [variable]       66598/4194304  ( 1.6%) 
physics terrain       [variable]           2/1048576  ( 0.0%) 

Level flags = 1

Total triangle count: 4421
Writing c:\program files (x86)\steam\steamapps\sourcemods\who\maps\tes_map2.bsp
14 seconds elapsed



[Reading texlights from 'lights.rad']
[48 texlights parsed from 'lights.rad']

Loading c:\program files (x86)\steam\steamapps\sourcemods\who\maps\tes_map2.bsp
1681 faces
34 degenerate faces
9479 square feet [1365053.25 square inches]
0 Displacements
0 Square Feet [0.00 Square Inches]
1647 patches before subdivision
121961 patches after subdivision
WARNING: light_spot at (208 -240 191) has inner angle larger than 90 degrees! Clamping to 90...
WARNING: light_spot at (208 -240 191) has outer angle larger than 90 degrees! Clamping to 90...
WARNING: light_spot at (208 -432 191) has inner angle larger than 90 degrees! Clamping to 90...
WARNING: light_spot at (208 -432 191) has outer angle larger than 90 degrees! Clamping to 90...
WARNING: light_spot at (208 -816 191) has inner angle larger than 90 degrees! Clamping to 90...
WARNING: light_spot at (208 -816 191) has outer angle larger than 90 degrees! Clamping to 90...
WARNING: light_spot at (240 -688 191) has inner angle larger than 90 degrees! Clamping to 90...
WARNING: light_spot at (240 -688 191) has outer angle larger than 90 degrees! Clamping to 90...
8 direct lights
0...1...2...3...4...5...6...7...8...9...100...1...2...3...4...5...6...7...8...9...10transfers 37081252, max 1065
transfer lists: 282.9 megs
0...1...2...3...4...5...6...7...8...9...10	Bounce #1 added RGB(620954, 422541, 253341)
0...1...2...3...4...5...6...7...8...9...10	Bounce #2 added RGB(240030, 147534, 73001)
0...1...2...3...4...5...6...7...8...9...10	Bounce #3 added RGB(70784, 41224, 19535)
0...1...2...3...4...5...6...7...8...9...10	Bounce #4 added RGB(27032, 14545, 5901)
0...1...2...3...4...5...6...7...8...9...10	Bounce #5 added RGB(8723, 4402, 1626)
0...1...2...3...4...5...6...7...8...9...10	Bounce #6 added RGB(3244, 1546, 493)
0...1...2...3...4...5...6...7...8...9...10	Bounce #7 added RGB(1098, 495, 139)
0...1...2...3...4...5...6...7...8...9...10	Bounce #8 added RGB(401, 173, 42)
0...1...2...3...4...5...6...7...8...9...10	Bounce #9 added RGB(139, 57, 12)
0...1...2...3...4...5...6...7...8...9...10	Bounce #10 added RGB(50, 20, 4)
0...1...2...3...4...5...6...7...8...9...10	Bounce #11 added RGB(18, 7, 1)
0...1...2...3...4...5...6...7...8...9...10	Bounce #12 added RGB(6, 2, 0)
0...1...2...3...4...5...6...7...8...9...10	Bounce #13 added RGB(2, 1, 0)
0...1...2...3...4...5...6...7...8...9...10	Bounce #14 added RGB(1, 0, 0)
Build Patch/Sample Hash Table(s).....Done<0.0362 sec>
0...1...2...3...4...5...6...7...8...9...10FinalLightFace Done
0 of 0 (0% of) surface lights went in leaf ambient cubes.
0...1...2...3...4...5...6...7...8...9...10Writing leaf ambient...done
Computing static prop lighting : 00...1...2...3...4...5...6...7...8...9...10
Ready to Finish

Object names       Objects/Maxobjs  Memory / Maxmem  Fullness 
------------       ---------------  ---------------  -------- 
models                   3/4096          144/196608   ( 0.1%) 
brushes                180/32768        2160/393216   ( 0.5%) 
brushsides            1272/65536       10176/524288   ( 1.9%) 
planes                 760/65536       15200/1310720  ( 1.2%) 
vertexes              2625/65536       31500/786432   ( 4.0%) 
nodes                  365/65536       11680/2097152  ( 0.6%) 
texinfos               266/12288       19152/884736   ( 2.2%) 
texdata                 22/2048          704/65536    ( 1.1%) 
dispinfos                0/0               0/0        ( 0.0%) 
disp_verts               0/0               0/0        ( 0.0%) 
disp_tris                0/0               0/0        ( 0.0%) 
disp_lmsamples           0/0               0/0        ( 0.0%) 
faces                 1681/65536       94136/3670016  ( 2.6%) 
hdr faces             1681/65536       94136/3670016  ( 2.6%) 
origfaces              433/65536       24248/3670016  ( 0.7%) 
leaves                 369/65536       11808/2097152  ( 0.6%) 
leaffaces             2086/65536        4172/131072   ( 3.2%) 
leafbrushes            366/65536         732/131072   ( 0.6%) 
areas                    3/1024           24/8192     ( 0.3%) 
surfedges             9558/512000      38232/2048000  ( 1.9%) 
edges                 5259/256000      21036/1024000  ( 2.1%) 
LDR worldlights          8/16384         704/1441792  ( 0.0%) 
HDR worldlights          8/16384         704/1441792  ( 0.0%) 
leafwaterdata            0/32768           0/393216   ( 0.0%) 
waterstrips             92/131072        920/1310720  ( 0.1%) 
waterverts               0/131072          0/1572864  ( 0.0%) 
waterindices          1419/131072       2838/262144   ( 1.1%) 
cubemapsamples           4/1024           64/16384    ( 0.4%) 
overlays                 0/1024            0/360448   ( 0.0%) 
LDR lightdata         [variable]    13229884/0        ( 0.0%) 
HDR lightdata         [variable]    13229884/0        ( 0.0%) 
visdata               [variable]        9527/16777216 ( 0.1%) 
entdata               [variable]        8493/393216   ( 2.2%) 
LDR ambient table      369/65536        1476/262144   ( 0.6%) 
HDR ambient table      369/65536        1476/262144   ( 0.6%) 
LDR leaf ambient       577/65536       16156/1835008  ( 0.9%) 
HDR leaf ambient       577/65536       16156/1835008  ( 0.9%) 
occluders                0/0               0/0        ( 0.0%) 
occluder polygons        0/0               0/0        ( 0.0%) 
occluder vert ind        0/0               0/0        ( 0.0%) 
detail props          [variable]           1/12       ( 8.3%) 
static props          [variable]           1/2154     ( 0.0%) 
pakfile               [variable]      221917/0        ( 0.0%) 
physics               [variable]       66598/4194304  ( 1.6%) 
physics terrain       [variable]           2/1048576  ( 0.0%) 

Level flags = 3

Total triangle count: 4421
Writing c:\program files (x86)\steam\steamapps\sourcemods\who\maps\tes_map2.bsp
14 seconds elapsed



materialPath: C:\Program Files (x86)\Steam\steamapps\sourcemods\who\materials
Loading c:\program files (x86)\steam\steamapps\sourcemods\who\maps\tes_map2.vmf
ConVarRef mat_reduceparticles doesn't point to an existing ConVar
fixing up env_cubemap materials on brush sides...
0...1...2...3.Brush 28703: WARNING, microbrush
..4...5...6...7...8...9...100...1...2...3.Brush 28703: WARNING, microbrush
..4...5...6...7...8...9...10Processing areas...done (0)
Building Faces...done (0)
FixTjuncs...
PruneNodes...
WriteBSP...
done (0)
writing c:\program files (x86)\steam\steamapps\sourcemods\who\maps\tes_map2.prt...Building visibility clusters...
done (0)
Finding displacement neighbors...
Finding lightmap sample positions...
Displacement Alpha : 0...1...2...3...4...5...6...7...8...9...10
Building Physics collision data...
done (0) (66598 bytes)
Placing static props...
Placing detail props : 0...1...2...3...4...5...6...7...8...9...10
Compacting texture/material tables...
Reduced 836 texinfos to 266
Reduced 29 texdatas to 22 (945 bytes to 713)
Writing c:\program files (x86)\steam\steamapps\sourcemods\who\maps\tes_map2.bsp
1 second elapsed



8 threads
reading c:\program files (x86)\steam\steamapps\sourcemods\who\maps\tes_map2.bsp
reading c:\program files (x86)\steam\steamapps\sourcemods\who\maps\tes_map2.prt
 181 portalclusters
 497 numportals
0...1...2...3...4...5...6...7...8...9...100...1...2...3...4...5...6...7...8...9...10Optimized: 130 visible clusters (0.00%)
Total clusters visible: 22689
Average clusters visible: 125
Building PAS...
Average clusters audible: 165
visdatasize:9527  compressed from 8688
writing c:\program files (x86)\steam\steamapps\sourcemods\who\maps\tes_map2.bsp
0 seconds elapsed



[Reading texlights from 'lights.rad']
[48 texlights parsed from 'lights.rad']

Loading c:\program files (x86)\steam\steamapps\sourcemods\who\maps\tes_map2.bsp
1681 faces
34 degenerate faces
9479 square feet [1365053.25 square inches]
0 Displacements
0 Square Feet [0.00 Square Inches]
1647 patches before subdivision
121961 patches after subdivision
WARNING: light_spot at (208 -240 191) has inner angle larger than 90 degrees! Clamping to 90...
WARNING: light_spot at (208 -240 191) has outer angle larger than 90 degrees! Clamping to 90...
WARNING: light_spot at (208 -432 191) has inner angle larger than 90 degrees! Clamping to 90...
WARNING: light_spot at (208 -432 191) has outer angle larger than 90 degrees! Clamping to 90...
WARNING: light_spot at (208 -816 191) has inner angle larger than 90 degrees! Clamping to 90...
WARNING: light_spot at (208 -816 191) has outer angle larger than 90 degrees! Clamping to 90...
WARNING: light_spot at (240 -688 191) has inner angle larger than 90 degrees! Clamping to 90...
WARNING: light_spot at (240 -688 191) has outer angle larger than 90 degrees! Clamping to 90...
8 direct lights
0...1...2...3...4...5...6...7...8...9...100...1...2...3...4...5...6...7...8...9...10transfers 37081252, max 1065
transfer lists: 282.9 megs
0...1...2...3...4...5...6...7...8...9...10	Bounce #1 added RGB(620954, 422541, 253341)
0...1...2...3...4...5...6...7...8...9...10	Bounce #2 added RGB(240030, 147534, 73001)
0...1...2...3...4...5...6...7...8...9...10	Bounce #3 added RGB(70784, 41224, 19535)
0...1...2...3...4...5...6...7...8...9...10	Bounce #4 added RGB(27032, 14545, 5901)
0...1...2...3...4...5...6...7...8...9...10	Bounce #5 added RGB(8723, 4402, 1626)
0...1...2...3...4...5...6...7...8...9...10	Bounce #6 added RGB(3244, 1546, 493)
0...1...2...3...4...5...6...7...8...9...10	Bounce #7 added RGB(1098, 495, 139)
0...1...2...3...4...5...6...7...8...9...10	Bounce #8 added RGB(401, 173, 42)
0...1...2...3...4...5...6...7...8...9...10	Bounce #9 added RGB(139, 57, 12)
0...1...2...3...4...5...6...7...8...9...10	Bounce #10 added RGB(50, 20, 4)
0...1...2...3...4...5...6...7...8...9...10	Bounce #11 added RGB(18, 7, 1)
0...1...2...3...4...5...6...7...8...9...10	Bounce #12 added RGB(6, 2, 0)
0...1...2...3...4...5...6...7...8...9...10	Bounce #13 added RGB(2, 1, 0)
0...1...2...3...4...5...6...7...8...9...10	Bounce #14 added RGB(1, 0, 0)
Build Patch/Sample Hash Table(s).....Done<0.0344 sec>
0...1...2...3...4...5...6...7...8...9...10FinalLightFace Done
0 of 0 (0% of) surface lights went in leaf ambient cubes.
0...1...2...3...4...5...6...7...8...9...10Writing leaf ambient...done
Computing static prop lighting : 00...1...2...3...4...5...6...7...8...9...10
Ready to Finish

Object names       Objects/Maxobjs  Memory / Maxmem  Fullness 
------------       ---------------  ---------------  -------- 
models                   3/4096          144/196608   ( 0.1%) 
brushes                180/32768        2160/393216   ( 0.5%) 
brushsides            1272/65536       10176/524288   ( 1.9%) 
planes                 760/65536       15200/1310720  ( 1.2%) 
vertexes              2625/65536       31500/786432   ( 4.0%) 
nodes                  365/65536       11680/2097152  ( 0.6%) 
texinfos               266/12288       19152/884736   ( 2.2%) 
texdata                 22/2048          704/65536    ( 1.1%) 
dispinfos                0/0               0/0        ( 0.0%) 
disp_verts               0/0               0/0        ( 0.0%) 
disp_tris                0/0               0/0        ( 0.0%) 
disp_lmsamples           0/0               0/0        ( 0.0%) 
faces                 1681/65536       94136/3670016  ( 2.6%) 
hdr faces                0/65536           0/3670016  ( 0.0%) 
origfaces              433/65536       24248/3670016  ( 0.7%) 
leaves                 369/65536       11808/2097152  ( 0.6%) 
leaffaces             2086/65536        4172/131072   ( 3.2%) 
leafbrushes            366/65536         732/131072   ( 0.6%) 
areas                    3/1024           24/8192     ( 0.3%) 
surfedges             9558/512000      38232/2048000  ( 1.9%) 
edges                 5259/256000      21036/1024000  ( 2.1%) 
LDR worldlights          8/16384         704/1441792  ( 0.0%) 
HDR worldlights          0/16384           0/1441792  ( 0.0%) 
leafwaterdata            0/32768           0/393216   ( 0.0%) 
waterstrips             92/131072        920/1310720  ( 0.1%) 
waterverts               0/131072          0/1572864  ( 0.0%) 
waterindices          1419/131072       2838/262144   ( 1.1%) 
cubemapsamples           4/1024           64/16384    ( 0.4%) 
overlays                 0/1024            0/360448   ( 0.0%) 
LDR lightdata         [variable]    13229884/0        ( 0.0%) 
HDR lightdata         [variable]           0/0        ( 0.0%) 
visdata               [variable]        9527/16777216 ( 0.1%) 
entdata               [variable]        8493/393216   ( 2.2%) 
LDR ambient table      369/65536        1476/262144   ( 0.6%) 
HDR ambient table      369/65536        1476/262144   ( 0.6%) 
LDR leaf ambient       577/65536       16156/1835008  ( 0.9%) 
HDR leaf ambient       369/65536       10332/1835008  ( 0.6%) 
occluders                0/0               0/0        ( 0.0%) 
occluder polygons        0/0               0/0        ( 0.0%) 
occluder vert ind        0/0               0/0        ( 0.0%) 
detail props          [variable]           1/12       ( 8.3%) 
static props          [variable]           1/2154     ( 0.0%) 
pakfile               [variable]      114525/0        ( 0.0%) 
physics               [variable]       66598/4194304  ( 1.6%) 
physics terrain       [variable]           2/1048576  ( 0.0%) 

Level flags = 1

Total triangle count: 4421
Writing c:\program files (x86)\steam\steamapps\sourcemods\who\maps\tes_map2.bsp
15 seconds elapsed



[Reading texlights from 'lights.rad']
[48 texlights parsed from 'lights.rad']

Loading c:\program files (x86)\steam\steamapps\sourcemods\who\maps\tes_map2.bsp
1681 faces
34 degenerate faces
9479 square feet [1365053.25 square inches]
0 Displacements
0 Square Feet [0.00 Square Inches]
1647 patches before subdivision
121961 patches after subdivision
WARNING: light_spot at (208 -240 191) has inner angle larger than 90 degrees! Clamping to 90...
WARNING: light_spot at (208 -240 191) has outer angle larger than 90 degrees! Clamping to 90...
WARNING: light_spot at (208 -432 191) has inner angle larger than 90 degrees! Clamping to 90...
WARNING: light_spot at (208 -432 191) has outer angle larger than 90 degrees! Clamping to 90...
WARNING: light_spot at (208 -816 191) has inner angle larger than 90 degrees! Clamping to 90...
WARNING: light_spot at (208 -816 191) has outer angle larger than 90 degrees! Clamping to 90...
WARNING: light_spot at (240 -688 191) has inner angle larger than 90 degrees! Clamping to 90...
WARNING: light_spot at (240 -688 191) has outer angle larger than 90 degrees! Clamping to 90...
8 direct lights
0...1...2...3...4...5...6...7...8...9...100...1...2...3...4...5...6...7...8...9...10transfers 37081252, max 1065
transfer lists: 282.9 megs
0...1...2...3...4...5...6...7...8...9...10	Bounce #1 added RGB(620954, 422541, 253341)
0...1...2...3...4...5...6...7...8...9...10	Bounce #2 added RGB(240030, 147534, 73001)
0...1...2...3...4...5...6...7...8...9...10	Bounce #3 added RGB(70784, 41224, 19535)
0...1...2...3...4...5...6...7...8...9...10	Bounce #4 added RGB(27032, 14545, 5901)
0...1...2...3...4...5...6...7...8...9...10	Bounce #5 added RGB(8723, 4402, 1626)
0...1...2...3...4...5...6...7...8...9...10	Bounce #6 added RGB(3244, 1546, 493)
0...1...2...3...4...5...6...7...8...9...10	Bounce #7 added RGB(1098, 495, 139)
0...1...2...3...4...5...6...7...8...9...10	Bounce #8 added RGB(401, 173, 42)
0...1...2...3...4...5...6...7...8...9...10	Bounce #9 added RGB(139, 57, 12)
0...1...2...3...4...5...6...7...8...9...10	Bounce #10 added RGB(50, 20, 4)
0...1...2...3...4...5...6...7...8...9...10	Bounce #11 added RGB(18, 7, 1)
0...1...2...3...4...5...6...7...8...9...10	Bounce #12 added RGB(6, 2, 0)
0...1...2...3...4...5...6...7...8...9...10	Bounce #13 added RGB(2, 1, 0)
0...1...2...3...4...5...6...7...8...9...10	Bounce #14 added RGB(1, 0, 0)
Build Patch/Sample Hash Table(s).....Done<0.0331 sec>
0...1...2...3...4...5...6...7...8...9...10FinalLightFace Done
0 of 0 (0% of) surface lights went in leaf ambient cubes.
0...1...2...3...4...5...6...7...8...9...10Writing leaf ambient...done
Computing static prop lighting : 00...1...2...3...4...5...6...7...8...9...10
Ready to Finish

Object names       Objects/Maxobjs  Memory / Maxmem  Fullness 
------------       ---------------  ---------------  -------- 
models                   3/4096          144/196608   ( 0.1%) 
brushes                180/32768        2160/393216   ( 0.5%) 
brushsides            1272/65536       10176/524288   ( 1.9%) 
planes                 760/65536       15200/1310720  ( 1.2%) 
vertexes              2625/65536       31500/786432   ( 4.0%) 
nodes                  365/65536       11680/2097152  ( 0.6%) 
texinfos               266/12288       19152/884736   ( 2.2%) 
texdata                 22/2048          704/65536    ( 1.1%) 
dispinfos                0/0               0/0        ( 0.0%) 
disp_verts               0/0               0/0        ( 0.0%) 
disp_tris                0/0               0/0        ( 0.0%) 
disp_lmsamples           0/0               0/0        ( 0.0%) 
faces                 1681/65536       94136/3670016  ( 2.6%) 
hdr faces             1681/65536       94136/3670016  ( 2.6%) 
origfaces              433/65536       24248/3670016  ( 0.7%) 
leaves                 369/65536       11808/2097152  ( 0.6%) 
leaffaces             2086/65536        4172/131072   ( 3.2%) 
leafbrushes            366/65536         732/131072   ( 0.6%) 
areas                    3/1024           24/8192     ( 0.3%) 
surfedges             9558/512000      38232/2048000  ( 1.9%) 
edges                 5259/256000      21036/1024000  ( 2.1%) 
LDR worldlights          8/16384         704/1441792  ( 0.0%) 
HDR worldlights          8/16384         704/1441792  ( 0.0%) 
leafwaterdata            0/32768           0/393216   ( 0.0%) 
waterstrips             92/131072        920/1310720  ( 0.1%) 
waterverts               0/131072          0/1572864  ( 0.0%) 
waterindices          1419/131072       2838/262144   ( 1.1%) 
cubemapsamples           4/1024           64/16384    ( 0.4%) 
overlays                 0/1024            0/360448   ( 0.0%) 
LDR lightdata         [variable]    13229884/0        ( 0.0%) 
HDR lightdata         [variable]    13229884/0        ( 0.0%) 
visdata               [variable]        9527/16777216 ( 0.1%) 
entdata               [variable]        8493/393216   ( 2.2%) 
LDR ambient table      369/65536        1476/262144   ( 0.6%) 
HDR ambient table      369/65536        1476/262144   ( 0.6%) 
LDR leaf ambient       577/65536       16156/1835008  ( 0.9%) 
HDR leaf ambient       577/65536       16156/1835008  ( 0.9%) 
occluders                0/0               0/0        ( 0.0%) 
occluder polygons        0/0               0/0        ( 0.0%) 
occluder vert ind        0/0               0/0        ( 0.0%) 
detail props          [variable]           1/12       ( 8.3%) 
static props          [variable]           1/2154     ( 0.0%) 
pakfile               [variable]      221917/0        ( 0.0%) 
physics               [variable]       66598/4194304  ( 1.6%) 
physics terrain       [variable]           2/1048576  ( 0.0%) 

Level flags = 3

Total triangle count: 4421
Writing c:\program files (x86)\steam\steamapps\sourcemods\who\maps\tes_map2.bsp
15 seconds elapsed



materialPath: C:\Program Files (x86)\Steam\steamapps\sourcemods\who\materials
Loading c:\program files (x86)\steam\steamapps\sourcemods\who\maps\tes_map2.vmf
ConVarRef mat_reduceparticles doesn't point to an existing ConVar
fixing up env_cubemap materials on brush sides...
0...1...2...3.Brush 28703: WARNING, microbrush
..4...5...6...7...8...9...100...1...2...3.Brush 28703: WARNING, microbrush
..4...5...6...7...8...9...10Processing areas...done (0)
Building Faces...done (0)
FixTjuncs...
PruneNodes...
WriteBSP...
done (0)
writing c:\program files (x86)\steam\steamapps\sourcemods\who\maps\tes_map2.prt...Building visibility clusters...
done (0)
Finding displacement neighbors...
Finding lightmap sample positions...
Displacement Alpha : 0...1...2...3...4...5...6...7...8...9...10
Building Physics collision data...
done (0) (66598 bytes)
Placing static props...
Placing detail props : 0...1...2...3...4...5...6...7...8...9...10
Compacting texture/material tables...
Reduced 836 texinfos to 266
Reduced 29 texdatas to 22 (945 bytes to 713)
Writing c:\program files (x86)\steam\steamapps\sourcemods\who\maps\tes_map2.bsp
1 second elapsed



8 threads
reading c:\program files (x86)\steam\steamapps\sourcemods\who\maps\tes_map2.bsp
reading c:\program files (x86)\steam\steamapps\sourcemods\who\maps\tes_map2.prt
 181 portalclusters
 497 numportals
0...1...2...3...4...5...6...7...8...9...100...1...2...3...4...5...6...7...8...9...10Optimized: 130 visible clusters (0.00%)
Total clusters visible: 22689
Average clusters visible: 125
Building PAS...
Average clusters audible: 165
visdatasize:9527  compressed from 8688
writing c:\program files (x86)\steam\steamapps\sourcemods\who\maps\tes_map2.bsp
0 seconds elapsed



[Reading texlights from 'lights.rad']
[48 texlights parsed from 'lights.rad']

Loading c:\program files (x86)\steam\steamapps\sourcemods\who\maps\tes_map2.bsp
1681 faces
34 degenerate faces
9479 square feet [1365053.25 square inches]
0 Displacements
0 Square Feet [0.00 Square Inches]
1647 patches before subdivision
121961 patches after subdivision
WARNING: light_spot at (208 -240 191) has inner angle larger than 90 degrees! Clamping to 90...
WARNING: light_spot at (208 -240 191) has outer angle larger than 90 degrees! Clamping to 90...
WARNING: light_spot at (208 -432 191) has inner angle larger than 90 degrees! Clamping to 90...
WARNING: light_spot at (208 -432 191) has outer angle larger than 90 degrees! Clamping to 90...
WARNING: light_spot at (208 -816 191) has inner angle larger than 90 degrees! Clamping to 90...
WARNING: light_spot at (208 -816 191) has outer angle larger than 90 degrees! Clamping to 90...
WARNING: light_spot at (240 -688 191) has inner angle larger than 90 degrees! Clamping to 90...
WARNING: light_spot at (240 -688 191) has outer angle larger than 90 degrees! Clamping to 90...
8 direct lights
0...1...2...3...4...5...6...7...8...9...100...1...2...3...4...5...6...7...8...9...10transfers 37081252, max 1065
transfer lists: 282.9 megs
0...1...2...3...4...5...6...7...8...9...10	Bounce #1 added RGB(620954, 422541, 253341)
0...1...2...3...4...5...6...7...8...9...10	Bounce #2 added RGB(240030, 147534, 73001)
0...1...2...3...4...5...6...7...8...9...10	Bounce #3 added RGB(70784, 41224, 19535)
0...1...2...3...4...5...6...7...8...9...10	Bounce #4 added RGB(27032, 14545, 5901)
0...1...2...3...4...5...6...7...8...9...10	Bounce #5 added RGB(8723, 4402, 1626)
0...1...2...3...4...5...6...7...8...9...10	Bounce #6 added RGB(3244, 1546, 493)
0...1...2...3...4...5...6...7...8...9...10	Bounce #7 added RGB(1098, 495, 139)
0...1...2...3...4...5...6...7...8...9...10	Bounce #8 added RGB(401, 173, 42)
0...1...2...3...4...5...6...7...8...9...10	Bounce #9 added RGB(139, 57, 12)
0...1...2...3...4...5...6...7...8...9...10	Bounce #10 added RGB(50, 20, 4)
0...1...2...3...4...5...6...7...8...9...10	Bounce #11 added RGB(18, 7, 1)
0...1...2...3...4...5...6...7...8...9...10	Bounce #12 added RGB(6, 2, 0)
0...1...2...3...4...5...6...7...8...9...10	Bounce #13 added RGB(2, 1, 0)
0...1...2...3...4...5...6...7...8...9...10	Bounce #14 added RGB(1, 0, 0)
Build Patch/Sample Hash Table(s).....Done<0.0354 sec>
0...1...2...3...4...5...6...7...8...9...10FinalLightFace Done
0 of 0 (0% of) surface lights went in leaf ambient cubes.
0...1...2...3...4...5...6...7...8...9...10Writing leaf ambient...done
Computing static prop lighting : 00...1...2...3...4...5...6...7...8...9...10
Ready to Finish

Object names       Objects/Maxobjs  Memory / Maxmem  Fullness 
------------       ---------------  ---------------  -------- 
models                   3/4096          144/196608   ( 0.1%) 
brushes                180/32768        2160/393216   ( 0.5%) 
brushsides            1272/65536       10176/524288   ( 1.9%) 
planes                 760/65536       15200/1310720  ( 1.2%) 
vertexes              2625/65536       31500/786432   ( 4.0%) 
nodes                  365/65536       11680/2097152  ( 0.6%) 
texinfos               266/12288       19152/884736   ( 2.2%) 
texdata                 22/2048          704/65536    ( 1.1%) 
dispinfos                0/0               0/0        ( 0.0%) 
disp_verts               0/0               0/0        ( 0.0%) 
disp_tris                0/0               0/0        ( 0.0%) 
disp_lmsamples           0/0               0/0        ( 0.0%) 
faces                 1681/65536       94136/3670016  ( 2.6%) 
hdr faces                0/65536           0/3670016  ( 0.0%) 
origfaces              433/65536       24248/3670016  ( 0.7%) 
leaves                 369/65536       11808/2097152  ( 0.6%) 
leaffaces             2086/65536        4172/131072   ( 3.2%) 
leafbrushes            366/65536         732/131072   ( 0.6%) 
areas                    3/1024           24/8192     ( 0.3%) 
surfedges             9558/512000      38232/2048000  ( 1.9%) 
edges                 5259/256000      21036/1024000  ( 2.1%) 
LDR worldlights          8/16384         704/1441792  ( 0.0%) 
HDR worldlights          0/16384           0/1441792  ( 0.0%) 
leafwaterdata            0/32768           0/393216   ( 0.0%) 
waterstrips             92/131072        920/1310720  ( 0.1%) 
waterverts               0/131072          0/1572864  ( 0.0%) 
waterindices          1419/131072       2838/262144   ( 1.1%) 
cubemapsamples           4/1024           64/16384    ( 0.4%) 
overlays                 0/1024            0/360448   ( 0.0%) 
LDR lightdata         [variable]    13229884/0        ( 0.0%) 
HDR lightdata         [variable]           0/0        ( 0.0%) 
visdata               [variable]        9527/16777216 ( 0.1%) 
entdata               [variable]        8493/393216   ( 2.2%) 
LDR ambient table      369/65536        1476/262144   ( 0.6%) 
HDR ambient table      369/65536        1476/262144   ( 0.6%) 
LDR leaf ambient       577/65536       16156/1835008  ( 0.9%) 
HDR leaf ambient       369/65536       10332/1835008  ( 0.6%) 
occluders                0/0               0/0        ( 0.0%) 
occluder polygons        0/0               0/0        ( 0.0%) 
occluder vert ind        0/0               0/0        ( 0.0%) 
detail props          [variable]           1/12       ( 8.3%) 
static props          [variable]           1/2154     ( 0.0%) 
pakfile               [variable]      114525/0        ( 0.0%) 
physics               [variable]       66598/4194304  ( 1.6%) 
physics terrain       [variable]           2/1048576  ( 0.0%) 

Level flags = 1

Total triangle count: 4421
Writing c:\program files (x86)\steam\steamapps\sourcemods\who\maps\tes_map2.bsp
15 seconds elapsed



[Reading texlights from 'lights.rad']
[48 texlights parsed from 'lights.rad']

Loading c:\program files (x86)\steam\steamapps\sourcemods\who\maps\tes_map2.bsp
1681 faces
34 degenerate faces
9479 square feet [1365053.25 square inches]
0 Displacements
0 Square Feet [0.00 Square Inches]
1647 patches before subdivision
121961 patches after subdivision
WARNING: light_spot at (208 -240 191) has inner angle larger than 90 degrees! Clamping to 90...
WARNING: light_spot at (208 -240 191) has outer angle larger than 90 degrees! Clamping to 90...
WARNING: light_spot at (208 -432 191) has inner angle larger than 90 degrees! Clamping to 90...
WARNING: light_spot at (208 -432 191) has outer angle larger than 90 degrees! Clamping to 90...
WARNING: light_spot at (208 -816 191) has inner angle larger than 90 degrees! Clamping to 90...
WARNING: light_spot at (208 -816 191) has outer angle larger than 90 degrees! Clamping to 90...
WARNING: light_spot at (240 -688 191) has inner angle larger than 90 degrees! Clamping to 90...
WARNING: light_spot at (240 -688 191) has outer angle larger than 90 degrees! Clamping to 90...
8 direct lights
0...1...2...3...4...5...6...7...8...9...100...1...2...3...4...5...6...7...8...9...10transfers 37081252, max 1065
transfer lists: 282.9 megs
0...1...2...3...4...5...6...7...8...9...10	Bounce #1 added RGB(620954, 422541, 253341)
0...1...2...3...4...5...6...7...8...9...10	Bounce #2 added RGB(240030, 147534, 73001)
0...1...2...3...4...5...6...7...8...9...10	Bounce #3 added RGB(70784, 41224, 19535)
0...1...2...3...4...5...6...7...8...9...10	Bounce #4 added RGB(27032, 14545, 5901)
0...1...2...3...4...5...6...7...8...9...10	Bounce #5 added RGB(8723, 4402, 1626)
0...1...2...3...4...5...6...7...8...9...10	Bounce #6 added RGB(3244, 1546, 493)
0...1...2...3...4...5...6...7...8...9...10	Bounce #7 added RGB(1098, 495, 139)
0...1...2...3...4...5...6...7...8...9...10	Bounce #8 added RGB(401, 173, 42)
0...1...2...3...4...5...6...7...8...9...10	Bounce #9 added RGB(139, 57, 12)
0...1...2...3...4...5...6...7...8...9...10	Bounce #10 added RGB(50, 20, 4)
0...1...2...3...4...5...6...7...8...9...10	Bounce #11 added RGB(18, 7, 1)
0...1...2...3...4...5...6...7...8...9...10	Bounce #12 added RGB(6, 2, 0)
0...1...2...3...4...5...6...7...8...9...10	Bounce #13 added RGB(2, 1, 0)
0...1...2...3...4...5...6...7...8...9...10	Bounce #14 added RGB(1, 0, 0)
Build Patch/Sample Hash Table(s).....Done<0.0294 sec>
0...1...2...3...4...5...6...7...8...9...10FinalLightFace Done
0 of 0 (0% of) surface lights went in leaf ambient cubes.
0...1...2...3...4...5...6...7...8...9...10Writing leaf ambient...done
Computing static prop lighting : 00...1...2...3...4...5...6...7...8...9...10
Ready to Finish

Object names       Objects/Maxobjs  Memory / Maxmem  Fullness 
------------       ---------------  ---------------  -------- 
models                   3/4096          144/196608   ( 0.1%) 
brushes                180/32768        2160/393216   ( 0.5%) 
brushsides            1272/65536       10176/524288   ( 1.9%) 
planes                 760/65536       15200/1310720  ( 1.2%) 
vertexes              2625/65536       31500/786432   ( 4.0%) 
nodes                  365/65536       11680/2097152  ( 0.6%) 
texinfos               266/12288       19152/884736   ( 2.2%) 
texdata                 22/2048          704/65536    ( 1.1%) 
dispinfos                0/0               0/0        ( 0.0%) 
disp_verts               0/0               0/0        ( 0.0%) 
disp_tris                0/0               0/0        ( 0.0%) 
disp_lmsamples           0/0               0/0        ( 0.0%) 
faces                 1681/65536       94136/3670016  ( 2.6%) 
hdr faces             1681/65536       94136/3670016  ( 2.6%) 
origfaces              433/65536       24248/3670016  ( 0.7%) 
leaves                 369/65536       11808/2097152  ( 0.6%) 
leaffaces             2086/65536        4172/131072   ( 3.2%) 
leafbrushes            366/65536         732/131072   ( 0.6%) 
areas                    3/1024           24/8192     ( 0.3%) 
surfedges             9558/512000      38232/2048000  ( 1.9%) 
edges                 5259/256000      21036/1024000  ( 2.1%) 
LDR worldlights          8/16384         704/1441792  ( 0.0%) 
HDR worldlights          8/16384         704/1441792  ( 0.0%) 
leafwaterdata            0/32768           0/393216   ( 0.0%) 
waterstrips             92/131072        920/1310720  ( 0.1%) 
waterverts               0/131072          0/1572864  ( 0.0%) 
waterindices          1419/131072       2838/262144   ( 1.1%) 
cubemapsamples           4/1024           64/16384    ( 0.4%) 
overlays                 0/1024            0/360448   ( 0.0%) 
LDR lightdata         [variable]    13229884/0        ( 0.0%) 
HDR lightdata         [variable]    13229884/0        ( 0.0%) 
visdata               [variable]        9527/16777216 ( 0.1%) 
entdata               [variable]        8493/393216   ( 2.2%) 
LDR ambient table      369/65536        1476/262144   ( 0.6%) 
HDR ambient table      369/65536        1476/262144   ( 0.6%) 
LDR leaf ambient       577/65536       16156/1835008  ( 0.9%) 
HDR leaf ambient       577/65536       16156/1835008  ( 0.9%) 
occluders                0/0               0/0        ( 0.0%) 
occluder polygons        0/0               0/0        ( 0.0%) 
occluder vert ind        0/0               0/0        ( 0.0%) 
detail props          [variable]           1/12       ( 8.3%) 
static props          [variable]           1/2154     ( 0.0%) 
pakfile               [variable]      221917/0        ( 0.0%) 
physics               [variable]       66598/4194304  ( 1.6%) 
physics terrain       [variable]           2/1048576  ( 0.0%) 

Level flags = 3

Total triangle count: 4421
Writing c:\program files (x86)\steam\steamapps\sourcemods\who\maps\tes_map2.bsp
15 seconds elapsed
