version 1
nodes
0 "Implicit" -1
end
skeleton
time 0
0  0.000000 0.000000 0.000000  0.000000 0.000000 0.000000
end
triangles
no_material
0  -12.995054 -1.369215 5.398965  -0.987021 -0.110159 0.116853  0.771312 0.025366
0  -12.998879 1.368855 5.398695  -0.988248 0.105002 0.111089  0.766942 0.013496
0  -13.847039 1.456740 4.323330  -0.983387 0.110812 0.143775  0.772737 0.010923
no_material
0  -13.854734 -1.457730 4.326210  -0.982760 -0.107828 0.150187  0.777198 0.023271
0  -13.847039 1.456740 4.323330  -0.983387 0.110812 0.143775  0.772737 0.010923
0  -13.510935 1.422360 1.944360  -0.992468 0.115319 -0.041337  0.783308 0.007531
no_material
0  -13.854734 -1.457730 4.326210  -0.982760 -0.107828 0.150187  0.777198 0.023271
0  -12.995054 -1.369215 5.398965  -0.987021 -0.110159 0.116853  0.771312 0.025366
0  -13.847039 1.456740 4.323330  -0.983387 0.110812 0.143775  0.772737 0.010923
no_material
0  -12.396015 -4.029525 5.390100  -0.942161 -0.317142 0.108416  0.775382 0.037114
0  -12.995054 -1.369215 5.398965  -0.987021 -0.110159 0.116853  0.771312 0.025366
0  -13.854734 -1.457730 4.326210  -0.982760 -0.107828 0.150187  0.777198 0.023271
no_material
0  -13.531816 -1.423710 1.944900  -0.993890 -0.105399 -0.032781  0.787394 0.019916
0  -13.510935 1.422360 1.944360  -0.992468 0.115319 -0.041337  0.783308 0.007531
0  -13.695390 1.441575 0.638460  -0.982340 0.118638 0.144684  0.789069 0.005579
no_material
0  -13.531816 -1.423710 1.944900  -0.993890 -0.105399 -0.032781  0.787394 0.019916
0  -13.854734 -1.457730 4.326210  -0.982760 -0.107828 0.150187  0.777198 0.023271
0  -13.510935 1.422360 1.944360  -0.992468 0.115319 -0.041337  0.783308 0.007531
no_material
0  -13.200750 -4.289535 4.318380  -0.935738 -0.317551 0.153478  0.781118 0.035218
0  -13.854734 -1.457730 4.326210  -0.982760 -0.107828 0.150187  0.777198 0.023271
0  -13.531816 -1.423710 1.944900  -0.993890 -0.105399 -0.032781  0.787394 0.019916
no_material
0  -13.200750 -4.289535 4.318380  -0.935738 -0.317551 0.153478  0.781118 0.035218
0  -12.396015 -4.029525 5.390100  -0.942161 -0.317142 0.108416  0.775382 0.037114
0  -13.854734 -1.457730 4.326210  -0.982760 -0.107828 0.150187  0.777198 0.023271
no_material
0  -11.274885 -6.511005 5.389200  -0.859107 -0.500533 0.106775  0.778959 0.048705
0  -12.396015 -4.029525 5.390100  -0.942161 -0.317142 0.108416  0.775382 0.037114
0  -13.200750 -4.289535 4.318380  -0.935738 -0.317551 0.153478  0.781118 0.035218
no_material
0  -13.738770 1.444860 0.381690  -0.990257 0.118211 -0.073602  0.790198 0.005205
0  -13.662450 1.437300 0.166815  -0.583600 0.076054 -0.808472  0.791202 0.004912
0  -13.688684 -1.438515 0.121095  -0.561785 -0.053608 -0.825545  0.795461 0.017390
no_material
0  -13.796101 -1.450350 0.389385  -0.992130 -0.100277 -0.074981  0.794198 0.017788
0  -13.738770 1.444860 0.381690  -0.990257 0.118211 -0.073602  0.790198 0.005205
0  -13.688684 -1.438515 0.121095  -0.561785 -0.053608 -0.825545  0.795461 0.017390
no_material
0  -13.695390 1.441575 0.638460  -0.982340 0.118638 0.144684  0.789069 0.005579
0  -13.738770 1.444860 0.381690  -0.990257 0.118211 -0.073602  0.790198 0.005205
0  -13.796101 -1.450350 0.389385  -0.992130 -0.100277 -0.074981  0.794198 0.017788
no_material
0  -13.734316 -1.444320 0.654930  -0.981456 -0.099487 0.163847  0.793011 0.018157
0  -13.695390 1.441575 0.638460  -0.982340 0.118638 0.144684  0.789069 0.005579
0  -13.796101 -1.450350 0.389385  -0.992130 -0.100277 -0.074981  0.794198 0.017788
no_material
0  -13.734316 -1.444320 0.654930  -0.981456 -0.099487 0.163847  0.793011 0.018157
0  -13.531816 -1.423710 1.944900  -0.993890 -0.105399 -0.032781  0.787394 0.019916
0  -13.695390 1.441575 0.638460  -0.982340 0.118638 0.144684  0.789069 0.005579
no_material
0  -12.924675 -4.201470 1.943145  -0.947602 -0.318476 -0.024978  0.791203 0.032199
0  -13.531816 -1.423710 1.944900  -0.993890 -0.105399 -0.032781  0.787394 0.019916
0  -13.734316 -1.444320 0.654930  -0.981456 -0.099487 0.163847  0.793011 0.018157
no_material
0  -12.924675 -4.201470 1.943145  -0.947602 -0.318476 -0.024978  0.791203 0.032199
0  -13.200750 -4.289535 4.318380  -0.935738 -0.317551 0.153478  0.781118 0.035218
0  -13.531816 -1.423710 1.944900  -0.993890 -0.105399 -0.032781  0.787394 0.019916
no_material
0  -11.985750 -6.919515 4.312080  -0.854952 -0.495496 0.153430  0.784633 0.047120
0  -13.200750 -4.289535 4.318380  -0.935738 -0.317551 0.153478  0.781118 0.035218
0  -12.924675 -4.201470 1.943145  -0.947602 -0.318476 -0.024978  0.791203 0.032199
no_material
0  -11.985750 -6.919515 4.312080  -0.854952 -0.495496 0.153430  0.784633 0.047120
0  -11.274885 -6.511005 5.389200  -0.859107 -0.500533 0.106775  0.778959 0.048705
0  -13.200750 -4.289535 4.318380  -0.935738 -0.317551 0.153478  0.781118 0.035218
no_material
0  -9.679140 -8.713080 5.396445  -0.735160 -0.663888 0.137084  0.781820 0.060480
0  -11.274885 -6.511005 5.389200  -0.859107 -0.500533 0.106775  0.778959 0.048705
0  -11.985750 -6.919515 4.312080  -0.854952 -0.495496 0.153430  0.784633 0.047120
no_material
0  -10.311570 -9.284355 4.317570  -0.743344 -0.650657 0.155192  0.787742 0.059119
0  -9.679140 -8.713080 5.396445  -0.735160 -0.663888 0.137084  0.781820 0.060480
0  -11.985750 -6.919515 4.312080  -0.854952 -0.495496 0.153430  0.784633 0.047120
no_material
0  -7.655175 -10.535805 5.393475  -0.564359 -0.803223 0.190609  0.784413 0.072630
0  -9.679140 -8.713080 5.396445  -0.735160 -0.663888 0.137084  0.781820 0.060480
0  -10.311570 -9.284355 4.317570  -0.743344 -0.650657 0.155192  0.787742 0.059119
no_material
0  -8.202556 -11.286990 4.330395  -0.581752 -0.797001 0.162339  0.790606 0.071215
0  -7.655175 -10.535805 5.393475  -0.564359 -0.803223 0.190609  0.784413 0.072630
0  -10.311570 -9.284355 4.317570  -0.743344 -0.650657 0.155192  0.787742 0.059119
no_material
0  -5.282010 -11.864429 5.388705  -0.374653 -0.899105 0.226376  0.787273 0.084673
0  -7.655175 -10.535805 5.393475  -0.564359 -0.803223 0.190609  0.784413 0.072630
0  -8.202556 -11.286990 4.330395  -0.581752 -0.797001 0.162339  0.790606 0.071215
no_material
0  -5.650515 -12.692699 4.322070  -0.387764 -0.905943 0.170021  0.793267 0.083303
0  -5.282010 -11.864429 5.388705  -0.374653 -0.899105 0.226376  0.787273 0.084673
0  -8.202556 -11.286990 4.330395  -0.581752 -0.797001 0.162339  0.790606 0.071215
no_material
0  -2.694105 -12.674476 5.383755  -0.193360 -0.952919 0.233574  0.789773 0.096448
0  -5.282010 -11.864429 5.388705  -0.374653 -0.899105 0.226376  0.787273 0.084673
0  -5.650515 -12.692699 4.322070  -0.387764 -0.905943 0.170021  0.793267 0.083303
no_material
0  -2.874105 -13.521420 4.306095  -0.195389 -0.965032 0.174748  0.795648 0.095348
0  -2.694105 -12.674476 5.383755  -0.193360 -0.952919 0.233574  0.789773 0.096448
0  -5.650515 -12.692699 4.322070  -0.387764 -0.905943 0.170021  0.793267 0.083303
no_material
0  -0.000090 -12.955635 5.382900  0.002990 -0.973127 0.230251  0.791631 0.108345
0  -2.694105 -12.674476 5.383755  -0.193360 -0.952919 0.233574  0.789773 0.096448
0  -2.874105 -13.521420 4.306095  -0.195389 -0.965032 0.174748  0.795648 0.095348
no_material
0  -11.747746 -6.783930 1.944090  -0.864426 -0.502223 -0.023238  0.794630 0.044369
0  -11.985750 -6.919515 4.312080  -0.854952 -0.495496 0.153430  0.784633 0.047120
0  -12.924675 -4.201470 1.943145  -0.947602 -0.318476 -0.024978  0.791203 0.032199
no_material
0  -10.311570 -9.284355 4.317570  -0.743344 -0.650657 0.155192  0.787742 0.059119
0  -11.985750 -6.919515 4.312080  -0.854952 -0.495496 0.153430  0.784633 0.047120
0  -11.747746 -6.783930 1.944090  -0.864426 -0.502223 -0.023238  0.794630 0.044369
no_material
0  -10.085805 -9.081585 1.944810  -0.750713 -0.660044 -0.027774  0.797891 0.056534
0  -10.311570 -9.284355 4.317570  -0.743344 -0.650657 0.155192  0.787742 0.059119
0  -11.747746 -6.783930 1.944090  -0.864426 -0.502223 -0.023238  0.794630 0.044369
no_material
0  -8.202556 -11.286990 4.330395  -0.581752 -0.797001 0.162339  0.790606 0.071215
0  -10.311570 -9.284355 4.317570  -0.743344 -0.650657 0.155192  0.787742 0.059119
0  -10.085805 -9.081585 1.944810  -0.750713 -0.660044 -0.027774  0.797891 0.056534
no_material
0  -7.998255 -11.004750 1.943460  -0.592373 -0.805180 -0.027922  0.800898 0.068870
0  -8.202556 -11.286990 4.330395  -0.581752 -0.797001 0.162339  0.790606 0.071215
0  -10.085805 -9.081585 1.944810  -0.750713 -0.660044 -0.027774  0.797891 0.056534
no_material
0  -5.650515 -12.692699 4.322070  -0.387764 -0.905943 0.170021  0.793267 0.083303
0  -8.202556 -11.286990 4.330395  -0.581752 -0.797001 0.162339  0.790606 0.071215
0  -7.998255 -11.004750 1.943460  -0.592373 -0.805180 -0.027922  0.800898 0.068870
no_material
0  -5.533380 -12.427469 1.942470  -0.398197 -0.917133 -0.017480  0.803475 0.081275
0  -5.650515 -12.692699 4.322070  -0.387764 -0.905943 0.170021  0.793267 0.083303
0  -7.998255 -11.004750 1.943460  -0.592373 -0.805180 -0.027922  0.800898 0.068870
no_material
0  -2.874105 -13.521420 4.306095  -0.195389 -0.965032 0.174748  0.795648 0.095348
0  -5.650515 -12.692699 4.322070  -0.387764 -0.905943 0.170021  0.793267 0.083303
0  -5.533380 -12.427469 1.942470  -0.398197 -0.917133 -0.017480  0.803475 0.081275
no_material
0  -2.824965 -13.288275 1.944360  -0.202937 -0.979170 -0.006509  0.805721 0.093571
0  -2.874105 -13.521420 4.306095  -0.195389 -0.965032 0.174748  0.795648 0.095348
0  -5.533380 -12.427469 1.942470  -0.398197 -0.917133 -0.017480  0.803475 0.081275
no_material
0  0.000135 -13.827420 4.307310  0.004019 -0.984270 0.176626  0.797654 0.107409
0  -2.874105 -13.521420 4.306095  -0.195389 -0.965032 0.174748  0.795648 0.095348
0  -2.824965 -13.288275 1.944360  -0.202937 -0.979170 -0.006509  0.805721 0.093571
no_material
0  -0.000360 -13.591801 1.945305  0.003307 -0.999993 -0.001814  0.807793 0.105870
0  0.000135 -13.827420 4.307310  0.004019 -0.984270 0.176626  0.797654 0.107409
0  -2.824965 -13.288275 1.944360  -0.202937 -0.979170 -0.006509  0.805721 0.093571
no_material
0  2.867895 -13.492620 4.301910  0.204703 -0.962959 0.175517  0.799336 0.119502
0  0.000135 -13.827420 4.307310  0.004019 -0.984270 0.176626  0.797654 0.107409
0  -0.000360 -13.591801 1.945305  0.003307 -0.999993 -0.001814  0.807793 0.105870
no_material
0  2.821410 -13.273785 1.944900  0.209365 -0.977836 -0.001666  0.809444 0.118232
0  2.867895 -13.492620 4.301910  0.204703 -0.962959 0.175517  0.799336 0.119502
0  -0.000360 -13.591801 1.945305  0.003307 -0.999993 -0.001814  0.807793 0.105870
no_material
0  5.626575 -12.634786 4.308570  0.393413 -0.903144 0.171922  0.800645 0.131668
0  2.867895 -13.492620 4.301910  0.204703 -0.962959 0.175517  0.799336 0.119502
0  2.821410 -13.273785 1.944900  0.209365 -0.977836 -0.001666  0.809444 0.118232
no_material
0  5.521365 -12.402676 1.944315  0.402775 -0.915266 -0.007766  0.810893 0.130650
0  5.626575 -12.634786 4.308570  0.393413 -0.903144 0.171922  0.800645 0.131668
0  2.821410 -13.273785 1.944900  0.209365 -0.977836 -0.001666  0.809444 0.118232
no_material
0  8.154360 -11.223450 4.317165  0.583952 -0.794807 0.165171  0.801629 0.143868
0  5.626575 -12.634786 4.308570  0.393413 -0.903144 0.171922  0.800645 0.131668
0  5.521365 -12.402676 1.944315  0.402775 -0.915266 -0.007766  0.810893 0.130650
no_material
0  7.976115 -10.976805 1.943235  0.594602 -0.803881 -0.014955  0.811984 0.143156
0  8.154360 -11.223450 4.317165  0.583952 -0.794807 0.165171  0.801629 0.143868
0  5.521365 -12.402676 1.944315  0.402775 -0.915266 -0.007766  0.810893 0.130650
no_material
0  10.250145 -9.231660 4.301055  0.742199 -0.651237 0.158213  0.802397 0.156053
0  8.154360 -11.223450 4.317165  0.583952 -0.794807 0.165171  0.801629 0.143868
0  7.976115 -10.976805 1.943235  0.594602 -0.803881 -0.014955  0.811984 0.143156
no_material
0  5.616135 -12.617101 0.663795  0.397496 -0.896082 0.197573  0.816555 0.130087
0  5.521365 -12.402676 1.944315  0.402775 -0.915266 -0.007766  0.810893 0.130650
0  2.867985 -13.493250 0.653265  0.205783 -0.960315 0.188275  0.815164 0.117502
no_material
0  5.521365 -12.402676 1.944315  0.402775 -0.915266 -0.007766  0.810893 0.130650
0  2.821410 -13.273785 1.944900  0.209365 -0.977836 -0.001666  0.809444 0.118232
0  2.867985 -13.493250 0.653265  0.205783 -0.960315 0.188275  0.815164 0.117502
no_material
0  2.867985 -13.493250 0.653265  0.205783 -0.960315 0.188275  0.815164 0.117502
0  2.821410 -13.273785 1.944900  0.209365 -0.977836 -0.001666  0.809444 0.118232
0  -0.000405 -13.821795 0.663840  0.002145 -0.982688 0.185257  0.813369 0.105023
no_material
0  2.821410 -13.273785 1.944900  0.209365 -0.977836 -0.001666  0.809444 0.118232
0  -0.000360 -13.591801 1.945305  0.003307 -0.999993 -0.001814  0.807793 0.105870
0  -0.000405 -13.821795 0.663840  0.002145 -0.982688 0.185257  0.813369 0.105023
no_material
0  -0.000405 -13.821795 0.663840  0.002145 -0.982688 0.185257  0.813369 0.105023
0  -0.000360 -13.591801 1.945305  0.003307 -0.999993 -0.001814  0.807793 0.105870
0  -2.871000 -13.506255 0.657855  -0.201392 -0.961254 0.188236  0.811379 0.092579
no_material
0  -0.000360 -13.591801 1.945305  0.003307 -0.999993 -0.001814  0.807793 0.105870
0  -2.824965 -13.288275 1.944360  -0.202937 -0.979170 -0.006509  0.805721 0.093571
0  -2.871000 -13.506255 0.657855  -0.201392 -0.961254 0.188236  0.811379 0.092579
no_material
0  -2.871000 -13.506255 0.657855  -0.201392 -0.961254 0.188236  0.811379 0.092579
0  -2.824965 -13.288275 1.944360  -0.202937 -0.979170 -0.006509  0.805721 0.093571
0  -5.627205 -12.640365 0.674505  -0.395115 -0.897520 0.195812  0.809031 0.080176
no_material
0  -2.824965 -13.288275 1.944360  -0.202937 -0.979170 -0.006509  0.805721 0.093571
0  -5.533380 -12.427469 1.942470  -0.398197 -0.917133 -0.017480  0.803475 0.081275
0  -5.627205 -12.640365 0.674505  -0.395115 -0.897520 0.195812  0.809031 0.080176
no_material
0  -5.627205 -12.640365 0.674505  -0.395115 -0.897520 0.195812  0.809031 0.080176
0  -5.533380 -12.427469 1.942470  -0.398197 -0.917133 -0.017480  0.803475 0.081275
0  -8.131995 -11.186954 0.672705  -0.584871 -0.788561 0.189991  0.806430 0.067633
no_material
0  -5.533380 -12.427469 1.942470  -0.398197 -0.917133 -0.017480  0.803475 0.081275
0  -7.998255 -11.004750 1.943460  -0.592373 -0.805180 -0.027922  0.800898 0.068870
0  -8.131995 -11.186954 0.672705  -0.584871 -0.788561 0.189991  0.806430 0.067633
no_material
0  -8.131995 -11.186954 0.672705  -0.584871 -0.788561 0.189991  0.806430 0.067633
0  -7.998255 -11.004750 1.943460  -0.592373 -0.805180 -0.027922  0.800898 0.068870
0  -10.235744 -9.215549 0.641970  -0.739562 -0.651485 0.169159  0.803562 0.055102
no_material
0  -7.998255 -11.004750 1.943460  -0.592373 -0.805180 -0.027922  0.800898 0.068870
0  -10.085805 -9.081585 1.944810  -0.750713 -0.660044 -0.027774  0.797891 0.056534
0  -10.235744 -9.215549 0.641970  -0.739562 -0.651485 0.169159  0.803562 0.055102
no_material
0  -10.235744 -9.215549 0.641970  -0.739562 -0.651485 0.169159  0.803562 0.055102
0  -10.085805 -9.081585 1.944810  -0.750713 -0.660044 -0.027774  0.797891 0.056534
0  -11.918340 -6.882255 0.638325  -0.852501 -0.497093 0.161680  0.800301 0.042807
no_material
0  -10.085805 -9.081585 1.944810  -0.750713 -0.660044 -0.027774  0.797891 0.056534
0  -11.747746 -6.783930 1.944090  -0.864426 -0.502223 -0.023238  0.794630 0.044369
0  -11.918340 -6.882255 0.638325  -0.852501 -0.497093 0.161680  0.800301 0.042807
no_material
0  -11.918340 -6.882255 0.638325  -0.852501 -0.497093 0.161680  0.800301 0.042807
0  -11.747746 -6.783930 1.944090  -0.864426 -0.502223 -0.023238  0.794630 0.044369
0  -13.121594 -4.265505 0.651825  -0.935037 -0.312350 0.167761  0.796774 0.030547
no_material
0  -11.747746 -6.783930 1.944090  -0.864426 -0.502223 -0.023238  0.794630 0.044369
0  -12.924675 -4.201470 1.943145  -0.947602 -0.318476 -0.024978  0.791203 0.032199
0  -13.121594 -4.265505 0.651825  -0.935037 -0.312350 0.167761  0.796774 0.030547
no_material
0  -13.121594 -4.265505 0.651825  -0.935037 -0.312350 0.167761  0.796774 0.030547
0  -12.924675 -4.201470 1.943145  -0.947602 -0.318476 -0.024978  0.791203 0.032199
0  -13.734316 -1.444320 0.654930  -0.981456 -0.099487 0.163847  0.793011 0.018157
no_material
0  8.113365 -11.164410 0.661005  0.585334 -0.786499 0.196984  0.817658 0.142749
0  8.166330 -11.236860 0.403020  0.593290 -0.803350 -0.051332  0.818857 0.142662
0  10.260360 -9.237915 0.383355  0.748372 -0.663138 -0.013654  0.819569 0.155298
no_material
0  8.113365 -11.164410 0.661005  0.585334 -0.786499 0.196984  0.817658 0.142749
0  5.616135 -12.617101 0.663795  0.397496 -0.896082 0.197573  0.816555 0.130087
0  8.166330 -11.236860 0.403020  0.593290 -0.803350 -0.051332  0.818857 0.142662
no_material
0  5.616135 -12.617101 0.663795  0.397496 -0.896082 0.197573  0.816555 0.130087
0  5.649345 -12.693375 0.400275  0.404604 -0.911927 -0.068442  0.817787 0.129961
0  8.166330 -11.236860 0.403020  0.593290 -0.803350 -0.051332  0.818857 0.142662
no_material
0  5.616135 -12.617101 0.663795  0.397496 -0.896082 0.197573  0.816555 0.130087
0  2.867985 -13.493250 0.653265  0.205783 -0.960315 0.188275  0.815164 0.117502
0  5.649345 -12.693375 0.400275  0.404604 -0.911927 -0.068442  0.817787 0.129961
no_material
0  2.867985 -13.493250 0.653265  0.205783 -0.960315 0.188275  0.815164 0.117502
0  2.881125 -13.555710 0.385875  0.207506 -0.974882 -0.080910  0.816354 0.117349
0  5.649345 -12.693375 0.400275  0.404604 -0.911927 -0.068442  0.817787 0.129961
no_material
0  2.867985 -13.493250 0.653265  0.205783 -0.960315 0.188275  0.815164 0.117502
0  -0.000405 -13.821795 0.663840  0.002145 -0.982688 0.185257  0.813369 0.105023
0  2.881125 -13.555710 0.385875  0.207506 -0.974882 -0.080910  0.816354 0.117349
no_material
0  -0.000405 -13.821795 0.663840  0.002145 -0.982688 0.185257  0.813369 0.105023
0  -0.000315 -13.891095 0.383805  0.001755 -0.995585 -0.093853  0.814632 0.104831
0  2.881125 -13.555710 0.385875  0.207506 -0.974882 -0.080910  0.816354 0.117349
no_material
0  -0.000405 -13.821795 0.663840  0.002145 -0.982688 0.185257  0.813369 0.105023
0  -2.871000 -13.506255 0.657855  -0.201392 -0.961254 0.188236  0.811379 0.092579
0  -0.000315 -13.891095 0.383805  0.001755 -0.995585 -0.093853  0.814632 0.104831
no_material
0  -2.871000 -13.506255 0.657855  -0.201392 -0.961254 0.188236  0.811379 0.092579
0  -2.884230 -13.569930 0.387675  -0.204614 -0.973781 -0.099413  0.812570 0.092373
0  -0.000315 -13.891095 0.383805  0.001755 -0.995585 -0.093853  0.814632 0.104831
no_material
0  -2.871000 -13.506255 0.657855  -0.201392 -0.961254 0.188236  0.811379 0.092579
0  -5.627205 -12.640365 0.674505  -0.395115 -0.897520 0.195812  0.809031 0.080176
0  -2.884230 -13.569930 0.387675  -0.204614 -0.973781 -0.099413  0.812570 0.092373
no_material
0  -5.627205 -12.640365 0.674505  -0.395115 -0.897520 0.195812  0.809031 0.080176
0  -5.661270 -12.718801 0.392895  -0.401608 -0.909483 -0.107480  0.810306 0.079929
0  -2.884230 -13.569930 0.387675  -0.204614 -0.973781 -0.099413  0.812570 0.092373
no_material
0  -5.627205 -12.640365 0.674505  -0.395115 -0.897520 0.195812  0.809031 0.080176
0  -8.131995 -11.186954 0.672705  -0.584871 -0.788561 0.189991  0.806430 0.067633
0  -5.661270 -12.718801 0.392895  -0.401608 -0.909483 -0.107480  0.810306 0.079929
no_material
0  -8.131995 -11.186954 0.672705  -0.584871 -0.788561 0.189991  0.806430 0.067633
0  -8.184330 -11.257424 0.392670  -0.591307 -0.800524 -0.097555  0.807724 0.067345
0  -5.661270 -12.718801 0.392895  -0.401608 -0.909483 -0.107480  0.810306 0.079929
no_material
0  -8.131995 -11.186954 0.672705  -0.584871 -0.788561 0.189991  0.806430 0.067633
0  -10.235744 -9.215549 0.641970  -0.739562 -0.651485 0.169159  0.803562 0.055102
0  -8.184330 -11.257424 0.392670  -0.591307 -0.800524 -0.097555  0.807724 0.067345
no_material
0  -10.235744 -9.215549 0.641970  -0.739562 -0.651485 0.169159  0.803562 0.055102
0  -10.275345 -9.251326 0.382725  -0.747866 -0.660568 -0.065924  0.804707 0.054815
0  -8.184330 -11.257424 0.392670  -0.591307 -0.800524 -0.097555  0.807724 0.067345
no_material
0  -10.235744 -9.215549 0.641970  -0.739562 -0.651485 0.169159  0.803562 0.055102
0  -11.918340 -6.882255 0.638325  -0.852501 -0.497093 0.161680  0.800301 0.042807
0  -10.275345 -9.251326 0.382725  -0.747866 -0.660568 -0.065924  0.804707 0.054815
no_material
0  -11.918340 -6.882255 0.638325  -0.852501 -0.497093 0.161680  0.800301 0.042807
0  -11.962530 -6.907095 0.383490  -0.863181 -0.502457 -0.049547  0.801405 0.042500
0  -10.275345 -9.251326 0.382725  -0.747866 -0.660568 -0.065924  0.804707 0.054815
no_material
0  -11.918340 -6.882255 0.638325  -0.852501 -0.497093 0.161680  0.800301 0.042807
0  -13.121594 -4.265505 0.651825  -0.935037 -0.312350 0.167761  0.796774 0.030547
0  -11.962530 -6.907095 0.383490  -0.863181 -0.502457 -0.049547  0.801405 0.042500
no_material
0  -13.121594 -4.265505 0.651825  -0.935037 -0.312350 0.167761  0.796774 0.030547
0  -13.183740 -4.285350 0.390870  -0.947516 -0.313677 -0.061810  0.797928 0.030206
0  -11.962530 -6.907095 0.383490  -0.863181 -0.502457 -0.049547  0.801405 0.042500
no_material
0  -13.121594 -4.265505 0.651825  -0.935037 -0.312350 0.167761  0.796774 0.030547
0  -13.734316 -1.444320 0.654930  -0.981456 -0.099487 0.163847  0.793011 0.018157
0  -13.183740 -4.285350 0.390870  -0.947516 -0.313677 -0.061810  0.797928 0.030206
no_material
0  -13.734316 -1.444320 0.654930  -0.981456 -0.099487 0.163847  0.793011 0.018157
0  -13.796101 -1.450350 0.389385  -0.992130 -0.100277 -0.074981  0.794198 0.017788
0  -13.183740 -4.285350 0.390870  -0.947516 -0.313677 -0.061810  0.797928 0.030206
no_material
0  5.649345 -12.693375 0.400275  0.404604 -0.911927 -0.068442  0.817787 0.129961
0  5.600115 -12.583304 0.099045  0.223313 -0.511749 -0.829605  0.819241 0.129809
0  8.091090 -11.133090 0.083745  0.339085 -0.453017 -0.824498  0.820379 0.142570
no_material
0  5.649345 -12.693375 0.400275  0.404604 -0.911927 -0.068442  0.817787 0.129961
0  2.881125 -13.555710 0.385875  0.207506 -0.974882 -0.080910  0.816354 0.117349
0  5.600115 -12.583304 0.099045  0.223313 -0.511749 -0.829605  0.819241 0.129809
no_material
0  2.881125 -13.555710 0.385875  0.207506 -0.974882 -0.080910  0.816354 0.117349
0  2.859480 -13.454370 0.133875  0.114262 -0.542711 -0.832111  0.817538 0.117196
0  5.600115 -12.583304 0.099045  0.223313 -0.511749 -0.829605  0.819241 0.129809
no_material
0  2.881125 -13.555710 0.385875  0.207506 -0.974882 -0.080910  0.816354 0.117349
0  -0.000315 -13.891095 0.383805  0.001755 -0.995585 -0.093853  0.814632 0.104831
0  2.859480 -13.454370 0.133875  0.114262 -0.542711 -0.832111  0.817538 0.117196
no_material
0  -0.000315 -13.891095 0.383805  0.001755 -0.995585 -0.093853  0.814632 0.104831
0  -0.000180 -13.763070 0.115110  0.001049 -0.547209 -0.836995  0.815945 0.104635
0  2.859480 -13.454370 0.133875  0.114262 -0.542711 -0.832111  0.817538 0.117196
no_material
0  -0.000315 -13.891095 0.383805  0.001755 -0.995585 -0.093853  0.814632 0.104831
0  -2.884230 -13.569930 0.387675  -0.204614 -0.973781 -0.099413  0.812570 0.092373
0  -0.000180 -13.763070 0.115110  0.001049 -0.547209 -0.836995  0.815945 0.104635
no_material
0  -2.884230 -13.569930 0.387675  -0.204614 -0.973781 -0.099413  0.812570 0.092373
0  -2.861100 -13.461750 0.129240  -0.110366 -0.532924 -0.838935  0.813782 0.092168
0  -0.000180 -13.763070 0.115110  0.001049 -0.547209 -0.836995  0.815945 0.104635
no_material
0  -2.884230 -13.569930 0.387675  -0.204614 -0.973781 -0.099413  0.812570 0.092373
0  -5.661270 -12.718801 0.392895  -0.401608 -0.909483 -0.107480  0.810306 0.079929
0  -2.861100 -13.461750 0.129240  -0.110366 -0.532924 -0.838935  0.813782 0.092168
no_material
0  -5.661270 -12.718801 0.392895  -0.401608 -0.909483 -0.107480  0.810306 0.079929
0  -5.598045 -12.576375 0.087390  -0.214087 -0.492179 -0.843757  0.811805 0.079648
0  -2.861100 -13.461750 0.129240  -0.110366 -0.532924 -0.838935  0.813782 0.092168
no_material
0  -5.661270 -12.718801 0.392895  -0.401608 -0.909483 -0.107480  0.810306 0.079929
0  -8.184330 -11.257424 0.392670  -0.591307 -0.800524 -0.097555  0.807724 0.067345
0  -5.598045 -12.576375 0.087390  -0.214087 -0.492179 -0.843757  0.811805 0.079648
no_material
0  -8.184330 -11.257424 0.392670  -0.591307 -0.800524 -0.097555  0.807724 0.067345
0  -8.094646 -11.137275 0.085500  -0.325584 -0.434090 -0.839976  0.809242 0.067002
0  -5.598045 -12.576375 0.087390  -0.214087 -0.492179 -0.843757  0.811805 0.079648
no_material
0  -8.184330 -11.257424 0.392670  -0.591307 -0.800524 -0.097555  0.807724 0.067345
0  -10.275345 -9.251326 0.382725  -0.747866 -0.660568 -0.065924  0.804707 0.054815
0  -8.094646 -11.137275 0.085500  -0.325584 -0.434090 -0.839976  0.809242 0.067002
no_material
0  -10.275345 -9.251326 0.382725  -0.747866 -0.660568 -0.065924  0.804707 0.054815
0  -10.216350 -9.197910 0.155520  -0.429788 -0.373173 -0.822207  0.805750 0.054539
0  -8.094646 -11.137275 0.085500  -0.325584 -0.434090 -0.839976  0.809242 0.067002
no_material
0  -10.275345 -9.251326 0.382725  -0.747866 -0.660568 -0.065924  0.804707 0.054815
0  -11.962530 -6.907095 0.383490  -0.863181 -0.502457 -0.049547  0.801405 0.042500
0  -10.216350 -9.197910 0.155520  -0.429788 -0.373173 -0.822207  0.805750 0.054539
no_material
0  -11.962530 -6.907095 0.383490  -0.863181 -0.502457 -0.049547  0.801405 0.042500
0  -11.900880 -6.871995 0.163845  -0.500612 -0.293810 -0.814287  0.802392 0.042234
0  -10.216350 -9.197910 0.155520  -0.429788 -0.373173 -0.822207  0.805750 0.054539
no_material
0  -11.962530 -6.907095 0.383490  -0.863181 -0.502457 -0.049547  0.801405 0.042500
0  -13.183740 -4.285350 0.390870  -0.947516 -0.313677 -0.061810  0.797928 0.030206
0  -11.900880 -6.871995 0.163845  -0.500612 -0.293810 -0.814287  0.802392 0.042234
no_material
0  -13.183740 -4.285350 0.390870  -0.947516 -0.313677 -0.061810  0.797928 0.030206
0  -13.092435 -4.255560 0.124470  -0.538616 -0.180918 -0.822899  0.799151 0.029857
0  -11.900880 -6.871995 0.163845  -0.500612 -0.293810 -0.814287  0.802392 0.042234
no_material
0  -13.183740 -4.285350 0.390870  -0.947516 -0.313677 -0.061810  0.797928 0.030206
0  -13.796101 -1.450350 0.389385  -0.992130 -0.100277 -0.074981  0.794198 0.017788
0  -13.092435 -4.255560 0.124470  -0.538616 -0.180918 -0.822899  0.799151 0.029857
no_material
0  -13.796101 -1.450350 0.389385  -0.992130 -0.100277 -0.074981  0.794198 0.017788
0  -13.688684 -1.438515 0.121095  -0.561785 -0.053608 -0.825545  0.795461 0.017390
0  -13.092435 -4.255560 0.124470  -0.538616 -0.180918 -0.822899  0.799151 0.029857
no_material
0  0.000000 -13.295699 0.007605  0.000285 -0.084572 -0.996417  0.440395 0.828832
0  -2.764530 -13.006620 0.008955  -0.014935 -0.077921 -0.996848  0.448458 0.837635
0  -2.548620 -11.990385 0.000045  -0.000464 -0.003017 -0.999995  0.444866 0.840288
no_material
0  -2.764530 -13.006620 0.008955  -0.014935 -0.077921 -0.996848  0.448458 0.837635
0  -5.406930 -12.144556 0.004365  -0.024828 -0.061924 -0.997772  0.454493 0.847939
0  -4.985865 -11.198430 0.000000  -0.000675 -0.002440 -0.999997  0.450442 0.849778
no_material
0  -2.548620 -11.990385 0.000045  -0.000464 -0.003017 -0.999995  0.444866 0.840288
0  -2.764530 -13.006620 0.008955  -0.014935 -0.077921 -0.996848  0.448458 0.837635
0  -4.985865 -11.198430 0.000000  -0.000675 -0.002440 -0.999997  0.450442 0.849778
no_material
0  -2.548620 -11.990385 0.000045  -0.000464 -0.003017 -0.999995  0.444866 0.840288
0  -4.985865 -11.198430 0.000000  -0.000675 -0.002440 -0.999997  0.450442 0.849778
0  -4.352805 -9.776610 0.000000  0.000002 -0.000004 -1.000000  0.444355 0.852541
no_material
0  -2.225025 -10.467945 0.000000  -0.000003 -0.000015 -1.000000  0.439489 0.844257
0  -2.548620 -11.990385 0.000045  -0.000464 -0.003017 -0.999995  0.444866 0.840288
0  -4.352805 -9.776610 0.000000  0.000002 -0.000004 -1.000000  0.444355 0.852541
no_material
0  0.000000 -12.258224 0.000045  -0.000003 -0.003329 -0.999994  0.437439 0.832167
0  -2.548620 -11.990385 0.000045  -0.000464 -0.003017 -0.999995  0.444866 0.840288
0  -2.225025 -10.467945 0.000000  -0.000003 -0.000015 -1.000000  0.439489 0.844257
no_material
0  0.000000 -12.258224 0.000045  -0.000003 -0.003329 -0.999994  0.437439 0.832167
0  0.000000 -13.295699 0.007605  0.000285 -0.084572 -0.996417  0.440395 0.828832
0  -2.548620 -11.990385 0.000045  -0.000464 -0.003017 -0.999995  0.444866 0.840288
no_material
0  2.764440 -13.006215 0.009180  0.016111 -0.081395 -0.996552  0.430684 0.821888
0  0.000000 -13.295699 0.007605  0.000285 -0.084572 -0.996417  0.440395 0.828832
0  0.000000 -12.258224 0.000045  -0.000003 -0.003329 -0.999994  0.437439 0.832167
no_material
0  2.548620 -11.990385 0.000045  0.000459 -0.003195 -0.999995  0.428483 0.825770
0  2.764440 -13.006215 0.009180  0.016111 -0.081395 -0.996552  0.430684 0.821888
0  0.000000 -12.258224 0.000045  -0.000003 -0.003329 -0.999994  0.437439 0.832167
no_material
0  5.407200 -12.145410 0.003690  0.026355 -0.066129 -0.997463  0.419733 0.817127
0  2.764440 -13.006215 0.009180  0.016111 -0.081395 -0.996552  0.430684 0.821888
0  2.548620 -11.990385 0.000045  0.000459 -0.003195 -0.999995  0.428483 0.825770
no_material
0  4.985865 -11.198430 0.000000  0.000248 -0.002098 -0.999998  0.418391 0.821375
0  5.407200 -12.145410 0.003690  0.026355 -0.066129 -0.997463  0.419733 0.817127
0  2.548620 -11.990385 0.000045  0.000459 -0.003195 -0.999995  0.428483 0.825770
no_material
0  7.814115 -10.754775 0.004185  0.046592 -0.057177 -0.997276  0.408026 0.814754
0  5.407200 -12.145410 0.003690  0.026355 -0.066129 -0.997463  0.419733 0.817127
0  4.985865 -11.198430 0.000000  0.000248 -0.002098 -0.999998  0.418391 0.821375
no_material
0  7.205220 -9.917100 0.000045  0.002260 -0.001680 -0.999996  0.407604 0.819183
0  7.814115 -10.754775 0.004185  0.046592 -0.057177 -0.997276  0.408026 0.814754
0  4.985865 -11.198430 0.000000  0.000248 -0.002098 -0.999998  0.418391 0.821375
no_material
0  9.882630 -8.897805 0.014130  0.078009 -0.063617 -0.994921  0.396089 0.814855
0  7.814115 -10.754775 0.004185  0.046592 -0.057177 -0.997276  0.408026 0.814754
0  7.205220 -9.917100 0.000045  0.002260 -0.001680 -0.999996  0.407604 0.819183
no_material
0  9.109665 -8.202374 0.000315  0.003972 -0.002906 -0.999988  0.396602 0.819290
0  9.882630 -8.897805 0.014130  0.078009 -0.063617 -0.994921  0.396089 0.814855
0  7.205220 -9.917100 0.000045  0.002260 -0.001680 -0.999996  0.407604 0.819183
no_material
0  11.516535 -6.649380 0.013770  0.093219 -0.056562 -0.994038  0.384448 0.817452
0  9.882630 -8.897805 0.014130  0.078009 -0.063617 -0.994921  0.396089 0.814855
0  9.109665 -8.202374 0.000315  0.003972 -0.002906 -0.999988  0.396602 0.819290
no_material
0  10.615994 -6.129180 0.000270  0.004203 -0.002812 -0.999987  0.385869 0.821685
0  11.516535 -6.649380 0.013770  0.093219 -0.056562 -0.994038  0.384448 0.817452
0  9.109665 -8.202374 0.000315  0.003972 -0.002906 -0.999988  0.396602 0.819290
no_material
0  12.644594 -4.108635 0.007695  0.090943 -0.031905 -0.995345  0.373603 0.822421
0  11.516535 -6.649380 0.013770  0.093219 -0.056562 -0.994038  0.384448 0.817452
0  10.615994 -6.129180 0.000270  0.004203 -0.002812 -0.999987  0.385869 0.821685
no_material
0  11.658284 -3.788010 0.000180  0.003476 -0.001425 -0.999993  0.375868 0.826254
0  12.644594 -4.108635 0.007695  0.090943 -0.031905 -0.995345  0.373603 0.822421
0  10.615994 -6.129180 0.000270  0.004203 -0.002812 -0.999987  0.385869 0.821685
no_material
0  11.899349 -6.870690 0.168615  0.510197 -0.299950 -0.806058  0.383808 0.815541
0  10.214190 -9.195345 0.164115  0.441246 -0.384195 -0.810984  0.395851 0.812850
0  11.516535 -6.649380 0.013770  0.093219 -0.056562 -0.994038  0.384448 0.817452
no_material
0  10.214190 -9.195345 0.164115  0.441246 -0.384195 -0.810984  0.395851 0.812850
0  9.882630 -8.897805 0.014130  0.078009 -0.063617 -0.994921  0.396089 0.814855
0  11.516535 -6.649380 0.013770  0.093219 -0.056562 -0.994038  0.384448 0.817452
no_material
0  10.214190 -9.195345 0.164115  0.441246 -0.384195 -0.810984  0.395851 0.812850
0  8.091090 -11.133090 0.083745  0.339057 -0.452992 -0.824523  0.408213 0.812716
0  9.882630 -8.897805 0.014130  0.078009 -0.063617 -0.994921  0.396089 0.814855
no_material
0  8.091090 -11.133090 0.083745  0.339057 -0.452992 -0.824523  0.408213 0.812716
0  7.814115 -10.754775 0.004185  0.046592 -0.057177 -0.997276  0.408026 0.814754
0  9.882630 -8.897805 0.014130  0.078009 -0.063617 -0.994921  0.396089 0.814855
no_material
0  8.091090 -11.133090 0.083745  0.339057 -0.452992 -0.824523  0.408213 0.812716
0  5.600115 -12.583304 0.099045  0.223295 -0.511762 -0.829602  0.420372 0.815129
0  7.814115 -10.754775 0.004185  0.046592 -0.057177 -0.997276  0.408026 0.814754
no_material
0  5.600115 -12.583304 0.099045  0.223295 -0.511762 -0.829602  0.420372 0.815129
0  5.407200 -12.145410 0.003690  0.026355 -0.066129 -0.997463  0.419733 0.817127
0  7.814115 -10.754775 0.004185  0.046592 -0.057177 -0.997276  0.408026 0.814754
no_material
0  5.600115 -12.583304 0.099045  0.223295 -0.511762 -0.829602  0.420372 0.815129
0  2.859480 -13.454370 0.133875  0.114247 -0.542709 -0.832115  0.431692 0.820112
0  5.407200 -12.145410 0.003690  0.026355 -0.066129 -0.997463  0.419733 0.817127
no_material
0  2.859480 -13.454370 0.133875  0.114247 -0.542709 -0.832115  0.431692 0.820112
0  2.764440 -13.006215 0.009180  0.016111 -0.081395 -0.996552  0.430684 0.821888
0  5.407200 -12.145410 0.003690  0.026355 -0.066129 -0.997463  0.419733 0.817127
no_material
0  2.859480 -13.454370 0.133875  0.114247 -0.542709 -0.832115  0.431692 0.820112
0  -0.000180 -13.763070 0.115110  0.001039 -0.547242 -0.836974  0.441764 0.827289
0  2.764440 -13.006215 0.009180  0.016111 -0.081395 -0.996552  0.430684 0.821888
no_material
0  -0.000180 -13.763070 0.115110  0.001039 -0.547242 -0.836974  0.441764 0.827289
0  0.000000 -13.295699 0.007605  0.000285 -0.084572 -0.996417  0.440395 0.828832
0  2.764440 -13.006215 0.009180  0.016111 -0.081395 -0.996552  0.430684 0.821888
no_material
0  -0.000180 -13.763070 0.115110  0.001039 -0.547242 -0.836974  0.441764 0.827289
0  -2.861100 -13.461750 0.129240  -0.110335 -0.532921 -0.838940  0.450118 0.836407
0  0.000000 -13.295699 0.007605  0.000285 -0.084572 -0.996417  0.440395 0.828832
no_material
0  -2.861100 -13.461750 0.129240  -0.110335 -0.532921 -0.838940  0.450118 0.836407
0  -2.764530 -13.006620 0.008955  -0.014935 -0.077921 -0.996848  0.448458 0.837635
0  0.000000 -13.295699 0.007605  0.000285 -0.084572 -0.996417  0.440395 0.828832
no_material
0  -2.861100 -13.461750 0.129240  -0.110335 -0.532921 -0.838940  0.450118 0.836407
0  -5.598045 -12.576375 0.087390  -0.214094 -0.492211 -0.843737  0.456370 0.847082
0  -2.764530 -13.006620 0.008955  -0.014935 -0.077921 -0.996848  0.448458 0.837635
no_material
0  -5.598045 -12.576375 0.087390  -0.214094 -0.492211 -0.843737  0.456370 0.847082
0  -5.406930 -12.144556 0.004365  -0.024828 -0.061924 -0.997772  0.454493 0.847939
0  -2.764530 -13.006620 0.008955  -0.014935 -0.077921 -0.996848  0.448458 0.837635
no_material
0  -5.598045 -12.576375 0.087390  -0.214094 -0.492211 -0.843737  0.456370 0.847082
0  -8.094646 -11.137275 0.085500  -0.325585 -0.434060 -0.839991  0.460287 0.858841
0  -5.406930 -12.144556 0.004365  -0.024828 -0.061924 -0.997772  0.454493 0.847939
no_material
0  4.986270 11.199735 0.003690  0.013001 0.033245 -0.999363  0.354861 0.893223
0  7.205805 9.917910 0.002880  0.016470 0.025240 -0.999546  0.351388 0.882844
0  6.290370 8.657909 0.000045  0.000169 0.000309 -1.000000  0.357880 0.881401
no_material
0  6.290370 8.657909 0.000045  0.000169 0.000309 -1.000000  0.357880 0.881401
0  7.205805 9.917910 0.002880  0.016470 0.025240 -0.999546  0.351388 0.882844
0  7.952985 7.160895 0.000000  -0.000008 0.000045 -1.000000  0.356786 0.871907
no_material
0  7.205805 9.917910 0.002880  0.016470 0.025240 -0.999546  0.351388 0.882844
0  9.110250 8.202960 0.002205  0.017080 0.017575 -0.999700  0.350136 0.871977
0  7.952985 7.160895 0.000000  -0.000008 0.000045 -1.000000  0.356786 0.871907
no_material
0  7.952985 7.160895 0.000000  -0.000008 0.000045 -1.000000  0.356786 0.871907
0  9.110250 8.202960 0.002205  0.017080 0.017575 -0.999700  0.350136 0.871977
0  9.268020 5.350860 0.000000  -0.000265 -0.000183 -1.000000  0.357683 0.862390
no_material
0  9.110250 8.202960 0.002205  0.017080 0.017575 -0.999700  0.350136 0.871977
0  10.616400 6.129405 0.001440  0.014788 0.010600 -0.999834  0.351160 0.861081
0  9.268020 5.350860 0.000000  -0.000265 -0.000183 -1.000000  0.357683 0.862390
no_material
0  9.268020 5.350860 0.000000  -0.000265 -0.000183 -1.000000  0.357683 0.862390
0  10.616400 6.129405 0.001440  0.014788 0.010600 -0.999834  0.351160 0.861081
0  10.178010 3.307005 0.000000  -0.000133 -0.000068 -1.000000  0.360536 0.853259
no_material
0  10.616400 6.129405 0.001440  0.014788 0.010600 -0.999834  0.351160 0.861081
0  11.658510 3.788100 0.000855  0.010764 0.005143 -0.999929  0.354421 0.850623
0  10.178010 3.307005 0.000000  -0.000133 -0.000068 -1.000000  0.360536 0.853259
no_material
0  10.178010 3.307005 0.000000  -0.000133 -0.000068 -1.000000  0.360536 0.853259
0  11.658510 3.788100 0.000855  0.010764 0.005143 -0.999929  0.354421 0.850623
0  10.643175 1.118610 0.000000  0.000135 0.000055 -1.000000  0.365229 0.844912
no_material
0  11.658510 3.788100 0.000855  0.010764 0.005143 -0.999929  0.354421 0.850623
0  12.191130 1.281330 0.000315  0.006642 0.001806 -0.999976  0.359790 0.841057
0  10.643175 1.118610 0.000000  0.000135 0.000055 -1.000000  0.365229 0.844912
no_material
0  10.643175 1.118610 0.000000  0.000135 0.000055 -1.000000  0.365229 0.844912
0  12.191130 1.281330 0.000315  0.006642 0.001806 -0.999976  0.359790 0.841057
0  10.643175 -1.118655 0.000000  0.000058 0.000007 -1.000000  0.371564 0.837720
no_material
0  12.191130 1.281330 0.000315  0.006642 0.001806 -0.999976  0.359790 0.841057
0  12.191085 -1.281330 0.000135  0.004461 0.000143 -0.999990  0.367045 0.832808
0  10.643175 -1.118655 0.000000  0.000058 0.000007 -1.000000  0.371564 0.837720
no_material
0  10.643175 -1.118655 0.000000  0.000058 0.000007 -1.000000  0.371564 0.837720
0  12.191085 -1.281330 0.000135  0.004461 0.000143 -0.999990  0.367045 0.832808
0  10.178010 -3.307050 0.000000  0.000055 -0.000021 -1.000000  0.379266 0.832002
no_material
0  12.191085 -1.281330 0.000135  0.004461 0.000143 -0.999990  0.367045 0.832808
0  11.658284 -3.788010 0.000180  0.003476 -0.001425 -0.999993  0.375868 0.826254
0  10.178010 -3.307050 0.000000  0.000055 -0.000021 -1.000000  0.379266 0.832002
no_material
0  10.178010 -3.307050 0.000000  0.000055 -0.000021 -1.000000  0.379266 0.832002
0  11.658284 -3.788010 0.000180  0.003476 -0.001425 -0.999993  0.375868 0.826254
0  9.268020 -5.350905 0.000000  0.000072 -0.000049 -1.000000  0.387995 0.828014
no_material
0  11.658284 -3.788010 0.000180  0.003476 -0.001425 -0.999993  0.375868 0.826254
0  10.615994 -6.129180 0.000270  0.004203 -0.002812 -0.999987  0.385869 0.821685
0  9.268020 -5.350905 0.000000  0.000072 -0.000049 -1.000000  0.387995 0.828014
no_material
0  9.268020 -5.350905 0.000000  0.000072 -0.000049 -1.000000  0.387995 0.828014
0  10.615994 -6.129180 0.000270  0.004203 -0.002812 -0.999987  0.385869 0.821685
0  7.952985 -7.160895 0.000000  0.000076 -0.000073 -1.000000  0.397365 0.825927
no_material
0  10.615994 -6.129180 0.000270  0.004203 -0.002812 -0.999987  0.385869 0.821685
0  9.109665 -8.202374 0.000315  0.003972 -0.002906 -0.999988  0.396602 0.819290
0  7.952985 -7.160895 0.000000  0.000076 -0.000073 -1.000000  0.397365 0.825927
no_material
0  7.952985 -7.160895 0.000000  0.000076 -0.000073 -1.000000  0.397365 0.825927
0  9.109665 -8.202374 0.000315  0.003972 -0.002906 -0.999988  0.396602 0.819290
0  6.290370 -8.657955 0.000000  0.000035 -0.000013 -1.000000  0.406968 0.825836
no_material
0  13.223925 -1.389780 0.007875  0.098641 -0.007266 -0.995097  0.364024 0.829532
0  12.644594 -4.108635 0.007695  0.090943 -0.031905 -0.995345  0.373603 0.822421
0  11.658284 -3.788010 0.000180  0.003476 -0.001425 -0.999993  0.375868 0.826254
no_material
0  12.191085 -1.281330 0.000135  0.004461 0.000143 -0.999990  0.367045 0.832808
0  13.223925 -1.389780 0.007875  0.098641 -0.007266 -0.995097  0.364024 0.829532
0  11.658284 -3.788010 0.000180  0.003476 -0.001425 -0.999993  0.375868 0.826254
no_material
0  13.228334 1.390905 0.015255  0.120580 0.018683 -0.992528  0.356140 0.838477
0  13.223925 -1.389780 0.007875  0.098641 -0.007266 -0.995097  0.364024 0.829532
0  12.191085 -1.281330 0.000135  0.004461 0.000143 -0.999990  0.367045 0.832808
no_material
0  12.191130 1.281330 0.000315  0.006642 0.001806 -0.999976  0.359790 0.841057
0  13.228334 1.390905 0.015255  0.120580 0.018683 -0.992528  0.356140 0.838477
0  12.191085 -1.281330 0.000135  0.004461 0.000143 -0.999990  0.367045 0.832808
no_material
0  12.654584 4.112280 0.028395  0.139572 0.051850 -0.988854  0.350300 0.848854
0  13.228334 1.390905 0.015255  0.120580 0.018683 -0.992528  0.356140 0.838477
0  12.191130 1.281330 0.000315  0.006642 0.001806 -0.999976  0.359790 0.841057
no_material
0  11.658510 3.788100 0.000855  0.010764 0.005143 -0.999929  0.354421 0.850623
0  12.654584 4.112280 0.028395  0.139572 0.051850 -0.988854  0.350300 0.848854
0  12.191130 1.281330 0.000315  0.006642 0.001806 -0.999976  0.359790 0.841057
no_material
0  11.524725 6.654240 0.044190  0.145143 0.090480 -0.985265  0.346757 0.860204
0  12.654584 4.112280 0.028395  0.139572 0.051850 -0.988854  0.350300 0.848854
0  11.658510 3.788100 0.000855  0.010764 0.005143 -0.999929  0.354421 0.850623
no_material
0  10.616400 6.129405 0.001440  0.014788 0.010600 -0.999834  0.351160 0.861081
0  11.524725 6.654240 0.044190  0.145143 0.090480 -0.985265  0.346757 0.860204
0  11.658510 3.788100 0.000855  0.010764 0.005143 -0.999929  0.354421 0.850623
no_material
0  9.890910 8.906220 0.061155  0.137279 0.130131 -0.981947  0.345638 0.872030
0  11.524725 6.654240 0.044190  0.145143 0.090480 -0.985265  0.346757 0.860204
0  10.616400 6.129405 0.001440  0.014788 0.010600 -0.999834  0.351160 0.861081
no_material
0  9.110250 8.202960 0.002205  0.017080 0.017575 -0.999700  0.350136 0.871977
0  9.890910 8.906220 0.061155  0.137279 0.130131 -0.981947  0.345638 0.872030
0  10.616400 6.129405 0.001440  0.014788 0.010600 -0.999834  0.351160 0.861081
no_material
0  7.823520 10.768275 0.073620  0.116387 0.167247 -0.979021  0.346991 0.883825
0  9.890910 8.906220 0.061155  0.137279 0.130131 -0.981947  0.345638 0.872030
0  9.110250 8.202960 0.002205  0.017080 0.017575 -0.999700  0.350136 0.871977
no_material
0  7.205805 9.917910 0.002880  0.016470 0.025240 -0.999546  0.351388 0.882844
0  7.823520 10.768275 0.073620  0.116387 0.167247 -0.979021  0.346991 0.883825
0  9.110250 8.202960 0.002205  0.017080 0.017575 -0.999700  0.350136 0.871977
no_material
0  5.412060 12.157740 0.088065  0.083688 0.197377 -0.976749  0.350755 0.895093
0  7.823520 10.768275 0.073620  0.116387 0.167247 -0.979021  0.346991 0.883825
0  7.205805 9.917910 0.002880  0.016470 0.025240 -0.999546  0.351388 0.882844
no_material
0  4.986270 11.199735 0.003690  0.013001 0.033245 -0.999363  0.354861 0.893223
0  5.412060 12.157740 0.088065  0.083688 0.197377 -0.976749  0.350755 0.895093
0  7.205805 9.917910 0.002880  0.016470 0.025240 -0.999546  0.351388 0.882844
no_material
0  2.766735 13.014990 0.101520  0.046386 0.209822 -0.976639  0.356790 0.905338
0  5.412060 12.157740 0.088065  0.083688 0.197377 -0.976749  0.350755 0.895093
0  4.986270 11.199735 0.003690  0.013001 0.033245 -0.999363  0.354861 0.893223
no_material
0  2.549025 11.991825 0.005085  0.008268 0.036896 -0.999285  0.360411 0.902666
0  2.766735 13.014990 0.101520  0.046386 0.209822 -0.976639  0.356790 0.905338
0  4.986270 11.199735 0.003690  0.013001 0.033245 -0.999363  0.354861 0.893223
no_material
0  -0.000090 13.307670 0.079515  0.000344 0.208602 -0.978001  0.364819 0.914098
0  2.766735 13.014990 0.101520  0.046386 0.209822 -0.976639  0.356790 0.905338
0  2.549025 11.991825 0.005085  0.008268 0.036896 -0.999285  0.360411 0.902666
no_material
0  -0.000045 12.259350 0.003780  0.000066 0.036309 -0.999341  0.367802 0.910737
0  -0.000090 13.307670 0.079515  0.000344 0.208602 -0.978001  0.364819 0.914098
0  2.549025 11.991825 0.005085  0.008268 0.036896 -0.999285  0.360411 0.902666
no_material
0  2.810430 13.238460 0.286380  0.159520 0.728967 -0.665703  0.355779 0.906104
0  5.515650 12.375900 0.281970  0.301059 0.689746 -0.658494  0.349532 0.895625
0  2.766735 13.014990 0.101520  0.046386 0.209822 -0.976639  0.356790 0.905338
no_material
0  5.515650 12.375900 0.281970  0.301059 0.689746 -0.658494  0.349532 0.895625
0  5.412060 12.157740 0.088065  0.083688 0.197377 -0.976749  0.350755 0.895093
0  2.766735 13.014990 0.101520  0.046386 0.209822 -0.976639  0.356790 0.905338
no_material
0  5.515650 12.375900 0.281970  0.301059 0.689746 -0.658494  0.349532 0.895625
0  7.976385 10.978559 0.269775  0.429518 0.601927 -0.673200  0.345626 0.884130
0  5.412060 12.157740 0.088065  0.083688 0.197377 -0.976749  0.350755 0.895093
no_material
0  7.976385 10.978559 0.269775  0.429518 0.601927 -0.673200  0.345626 0.884130
0  7.823520 10.768275 0.073620  0.116387 0.167247 -0.979021  0.346991 0.883825
0  5.412060 12.157740 0.088065  0.083688 0.197377 -0.976749  0.350755 0.895093
no_material
0  7.976385 10.978559 0.269775  0.429518 0.601927 -0.673200  0.345626 0.884130
0  10.101060 9.093105 0.252810  0.528920 0.487182 -0.694909  0.344177 0.872040
0  7.823520 10.768275 0.073620  0.116387 0.167247 -0.979021  0.346991 0.883825
no_material
0  10.101060 9.093105 0.252810  0.528920 0.487182 -0.694909  0.344177 0.872040
0  9.890910 8.906220 0.061155  0.137279 0.130131 -0.981947  0.345638 0.872030
0  7.823520 10.768275 0.073620  0.116387 0.167247 -0.979021  0.346991 0.883825
no_material
0  10.101060 9.093105 0.252810  0.528920 0.487182 -0.694909  0.344177 0.872040
0  11.804535 6.814305 0.233730  0.590177 0.353626 -0.725700  0.345184 0.859886
0  9.890910 8.906220 0.061155  0.137279 0.130131 -0.981947  0.345638 0.872030
no_material
0  11.804535 6.814305 0.233730  0.590177 0.353626 -0.725700  0.345184 0.859886
0  11.524725 6.654240 0.044190  0.145143 0.090480 -0.985265  0.346757 0.860204
0  9.890910 8.906220 0.061155  0.137279 0.130131 -0.981947  0.345638 0.872030
no_material
0  11.804535 6.814305 0.233730  0.590177 0.353626 -0.725700  0.345184 0.859886
0  13.010535 4.226760 0.210735  0.611829 0.212753 -0.761841  0.348661 0.848146
0  11.524725 6.654240 0.044190  0.145143 0.090480 -0.985265  0.346757 0.860204
no_material
0  13.010535 4.226760 0.210735  0.611829 0.212753 -0.761841  0.348661 0.848146
0  12.654584 4.112280 0.028395  0.139572 0.051850 -0.988854  0.350300 0.848854
0  11.524725 6.654240 0.044190  0.145143 0.090480 -0.985265  0.346757 0.860204
no_material
0  13.010535 4.226760 0.210735  0.611829 0.212753 -0.761841  0.348661 0.848146
0  13.654936 1.435950 0.176265  0.603605 0.076218 -0.793632  0.354532 0.837342
0  12.654584 4.112280 0.028395  0.139572 0.051850 -0.988854  0.350300 0.848854
no_material
0  13.654936 1.435950 0.176265  0.603605 0.076218 -0.793632  0.354532 0.837342
0  13.228334 1.390905 0.015255  0.120580 0.018683 -0.992528  0.356140 0.838477
0  12.654584 4.112280 0.028395  0.139572 0.051850 -0.988854  0.350300 0.848854
no_material
0  13.654936 1.435950 0.176265  0.603605 0.076218 -0.793632  0.354532 0.837342
0  13.685354 -1.437750 0.135000  0.582105 -0.054722 -0.811270  0.362623 0.828012
0  13.228334 1.390905 0.015255  0.120580 0.018683 -0.992528  0.356140 0.838477
no_material
0  13.685354 -1.437750 0.135000  0.582105 -0.054722 -0.811270  0.362623 0.828012
0  13.223925 -1.389780 0.007875  0.098641 -0.007266 -0.995097  0.364024 0.829532
0  13.228334 1.390905 0.015255  0.120580 0.018683 -0.992528  0.356140 0.838477
no_material
0  13.685354 -1.437750 0.135000  0.582105 -0.054722 -0.811270  0.362623 0.828012
0  13.095901 -4.255740 0.129690  0.553054 -0.184322 -0.812500  0.372534 0.820608
0  13.223925 -1.389780 0.007875  0.098641 -0.007266 -0.995097  0.364024 0.829532
no_material
0  13.095901 -4.255740 0.129690  0.553054 -0.184322 -0.812500  0.372534 0.820608
0  12.644594 -4.108635 0.007695  0.090943 -0.031905 -0.995345  0.373603 0.822421
0  13.223925 -1.389780 0.007875  0.098641 -0.007266 -0.995097  0.364024 0.829532
no_material
0  13.095901 -4.255740 0.129690  0.553054 -0.184322 -0.812500  0.372534 0.820608
0  11.899349 -6.870690 0.168615  0.510197 -0.299950 -0.806058  0.383808 0.815541
0  12.644594 -4.108635 0.007695  0.090943 -0.031905 -0.995345  0.373603 0.822421
no_material
0  11.899349 -6.870690 0.168615  0.510197 -0.299950 -0.806058  0.383808 0.815541
0  11.516535 -6.649380 0.013770  0.093219 -0.056562 -0.994038  0.384448 0.817452
0  12.644594 -4.108635 0.007695  0.090943 -0.031905 -0.995345  0.373603 0.822421
no_material
0  -12.191130 1.281330 0.000225  -0.006835 0.001892 -0.999975  0.437942 0.910332
0  -11.658465 3.788055 0.000585  -0.011230 0.005304 -0.999923  0.429085 0.916811
0  -10.178010 3.307005 0.000000  -0.000162 0.000081 -1.000000  0.425733 0.911055
no_material
0  -10.178010 3.307005 0.000000  -0.000162 0.000081 -1.000000  0.425733 0.911055
0  -11.658465 3.788055 0.000585  -0.011230 0.005304 -0.999923  0.429085 0.916811
0  -9.268020 5.350860 0.000000  -0.000258 0.000184 -1.000000  0.417008 0.914983
no_material
0  -11.658465 3.788055 0.000585  -0.011230 0.005304 -0.999923  0.429085 0.916811
0  -10.616355 6.129360 0.000990  -0.015249 0.010756 -0.999826  0.419091 0.921303
0  -9.268020 5.350860 0.000000  -0.000258 0.000184 -1.000000  0.417008 0.914983
no_material
0  -9.268020 5.350860 0.000000  -0.000258 0.000184 -1.000000  0.417008 0.914983
0  -10.616355 6.129360 0.000990  -0.015249 0.010756 -0.999826  0.419091 0.921303
0  -7.952985 7.160851 0.000000  0.000124 -0.000053 -1.000000  0.407663 0.917016
no_material
0  -10.616355 6.129360 0.000990  -0.015249 0.010756 -0.999826  0.419091 0.921303
0  -9.110115 8.202825 0.001710  -0.017246 0.017766 -0.999693  0.408393 0.923629
0  -7.952985 7.160851 0.000000  0.000124 -0.000053 -1.000000  0.407663 0.917016
no_material
0  -7.952985 7.160851 0.000000  0.000124 -0.000053 -1.000000  0.407663 0.917016
0  -9.110115 8.202825 0.001710  -0.017246 0.017766 -0.999693  0.408393 0.923629
0  -6.290370 8.657909 0.000000  -0.000436 0.000738 -1.000000  0.398101 0.917069
no_material
0  -9.110115 8.202825 0.001710  -0.017246 0.017766 -0.999693  0.408393 0.923629
0  -7.205760 9.917955 0.002655  -0.016664 0.025665 -0.999532  0.397445 0.923688
0  -6.290370 8.657909 0.000000  -0.000436 0.000738 -1.000000  0.398101 0.917069
no_material
0  -6.290370 8.657909 0.000000  -0.000436 0.000738 -1.000000  0.398101 0.917069
0  -7.205760 9.917955 0.002655  -0.016664 0.025665 -0.999532  0.397445 0.923688
0  -4.352805 9.776565 0.000045  -0.000120 0.000586 -1.000000  0.388738 0.915142
no_material
0  -7.205760 9.917955 0.002655  -0.016664 0.025665 -0.999532  0.397445 0.923688
0  -4.986360 11.199915 0.003915  -0.013215 0.033285 -0.999359  0.386723 0.921483
0  -4.352805 9.776565 0.000045  -0.000120 0.000586 -1.000000  0.388738 0.915142
no_material
0  -4.352805 9.776565 0.000045  -0.000120 0.000586 -1.000000  0.388738 0.915142
0  -4.986360 11.199915 0.003915  -0.013215 0.033285 -0.999359  0.386723 0.921483
0  -2.225025 10.467990 0.000180  -0.000134 0.000654 -1.000000  0.379981 0.911317
no_material
0  -4.986360 11.199915 0.003915  -0.013215 0.033285 -0.999359  0.386723 0.921483
0  -2.549025 11.991870 0.005400  -0.008242 0.036523 -0.999299  0.376695 0.917102
0  -2.225025 10.467990 0.000180  -0.000134 0.000654 -1.000000  0.379981 0.911317
no_material
0  -2.225025 10.467990 0.000180  -0.000134 0.000654 -1.000000  0.379981 0.911317
0  -2.549025 11.991870 0.005400  -0.008242 0.036523 -0.999299  0.376695 0.917102
0  0.000000 10.701810 0.000135  -0.000128 0.001346 -0.999999  0.372213 0.905761
no_material
0  -2.549025 11.991870 0.005400  -0.008242 0.036523 -0.999299  0.376695 0.917102
0  -0.000045 12.259350 0.003780  0.000066 0.036309 -0.999341  0.367802 0.910737
0  0.000000 10.701810 0.000135  -0.000128 0.001346 -0.999999  0.372213 0.905761
no_material
0  0.000000 10.701810 0.000135  -0.000128 0.001346 -0.999999  0.372213 0.905761
0  -0.000045 12.259350 0.003780  0.000066 0.036309 -0.999341  0.367802 0.910737
0  2.225025 10.467945 0.000135  0.000267 0.001116 -0.999999  0.365763 0.898709
no_material
0  -0.000045 12.259350 0.003780  0.000066 0.036309 -0.999341  0.367802 0.910737
0  2.549025 11.991825 0.005085  0.008268 0.036896 -0.999285  0.360411 0.902666
0  2.225025 10.467945 0.000135  0.000267 0.001116 -0.999999  0.365763 0.898709
no_material
0  2.225025 10.467945 0.000135  0.000267 0.001116 -0.999999  0.365763 0.898709
0  2.549025 11.991825 0.005085  0.008268 0.036896 -0.999285  0.360411 0.902666
0  4.352805 9.776565 0.000045  0.000256 0.000812 -1.000000  0.360916 0.890466
no_material
0  2.549025 11.991825 0.005085  0.008268 0.036896 -0.999285  0.360411 0.902666
0  4.986270 11.199735 0.003690  0.013001 0.033245 -0.999363  0.354861 0.893223
0  4.352805 9.776565 0.000045  0.000256 0.000812 -1.000000  0.360916 0.890466
no_material
0  4.352805 9.776565 0.000045  0.000256 0.000812 -1.000000  0.360916 0.890466
0  4.986270 11.199735 0.003690  0.013001 0.033245 -0.999363  0.354861 0.893223
0  6.290370 8.657909 0.000045  0.000169 0.000309 -1.000000  0.357880 0.881401
no_material
0  6.290370 8.657909 0.000045  0.000169 0.000309 -1.000000  0.357880 0.881401
0  0.000000 0.000000 0.000000  0.000000 0.000003 -1.000000  0.402566 0.871514
0  4.352805 9.776565 0.000045  0.000256 0.000812 -1.000000  0.360916 0.890466
no_material
0  4.352805 9.776565 0.000045  0.000256 0.000812 -1.000000  0.360916 0.890466
0  0.000000 0.000000 0.000000  0.000000 0.000003 -1.000000  0.402566 0.871514
0  2.225025 10.467945 0.000135  0.000267 0.001116 -0.999999  0.365763 0.898709
no_material
0  0.000000 10.701810 0.000135  -0.000128 0.001346 -0.999999  0.372213 0.905761
0  2.225025 10.467945 0.000135  0.000267 0.001116 -0.999999  0.365763 0.898709
0  0.000000 0.000000 0.000000  0.000000 0.000003 -1.000000  0.402566 0.871514
no_material
0  0.000000 10.701810 0.000135  -0.000128 0.001346 -0.999999  0.372213 0.905761
0  0.000000 0.000000 0.000000  0.000000 0.000003 -1.000000  0.402566 0.871514
0  -2.225025 10.467990 0.000180  -0.000134 0.000654 -1.000000  0.379981 0.911317
no_material
0  -2.225025 10.467990 0.000180  -0.000134 0.000654 -1.000000  0.379981 0.911317
0  0.000000 0.000000 0.000000  0.000000 0.000003 -1.000000  0.402566 0.871514
0  -4.352805 9.776565 0.000045  -0.000120 0.000586 -1.000000  0.388738 0.915142
no_material
0  0.000000 0.000000 0.000000  0.000000 0.000003 -1.000000  0.402566 0.871514
0  -6.290370 8.657909 0.000000  -0.000436 0.000738 -1.000000  0.398101 0.917069
0  -4.352805 9.776565 0.000045  -0.000120 0.000586 -1.000000  0.388738 0.915142
no_material
0  -6.290370 8.657909 0.000000  -0.000436 0.000738 -1.000000  0.398101 0.917069
0  0.000000 0.000000 0.000000  0.000000 0.000003 -1.000000  0.402566 0.871514
0  -7.952985 7.160851 0.000000  0.000124 -0.000053 -1.000000  0.407663 0.917016
no_material
0  -7.952985 7.160851 0.000000  0.000124 -0.000053 -1.000000  0.407663 0.917016
0  0.000000 0.000000 0.000000  0.000000 0.000003 -1.000000  0.402566 0.871514
0  -9.268020 5.350860 0.000000  -0.000258 0.000184 -1.000000  0.417008 0.914983
no_material
0  -9.268020 5.350860 0.000000  -0.000258 0.000184 -1.000000  0.417008 0.914983
0  0.000000 0.000000 0.000000  0.000000 0.000003 -1.000000  0.402566 0.871514
0  -10.178010 3.307005 0.000000  -0.000162 0.000081 -1.000000  0.425733 0.911055
no_material
0  -10.178010 3.307005 0.000000  -0.000162 0.000081 -1.000000  0.425733 0.911055
0  0.000000 0.000000 0.000000  0.000000 0.000003 -1.000000  0.402566 0.871514
0  -10.643175 1.118610 0.000000  -0.000065 0.000020 -1.000000  0.433459 0.905393
no_material
0  -10.643175 -1.118655 0.000000  -0.000015 -0.000002 -1.000000  0.439842 0.898238
0  -10.643175 1.118610 0.000000  -0.000065 0.000020 -1.000000  0.433459 0.905393
0  0.000000 0.000000 0.000000  0.000000 0.000003 -1.000000  0.402566 0.871514
no_material
0  -10.643175 -1.118655 0.000000  -0.000015 -0.000002 -1.000000  0.439842 0.898238
0  0.000000 0.000000 0.000000  0.000000 0.000003 -1.000000  0.402566 0.871514
0  -10.178010 -3.307050 0.000000  -0.000015 -0.000005 -1.000000  0.444593 0.889903
no_material
0  9.109665 -8.202374 0.000315  0.003972 -0.002906 -0.999988  0.396602 0.819290
0  7.205220 -9.917100 0.000045  0.002260 -0.001680 -0.999996  0.407604 0.819183
0  6.290370 -8.657955 0.000000  0.000035 -0.000013 -1.000000  0.406968 0.825836
no_material
0  6.290370 -8.657955 0.000000  0.000035 -0.000013 -1.000000  0.406968 0.825836
0  7.205220 -9.917100 0.000045  0.002260 -0.001680 -0.999996  0.407604 0.819183
0  4.352805 -9.776610 0.000000  0.000004 -0.000001 -1.000000  0.416380 0.827750
no_material
0  7.205220 -9.917100 0.000045  0.002260 -0.001680 -0.999996  0.407604 0.819183
0  4.985865 -11.198430 0.000000  0.000248 -0.002098 -0.999998  0.418391 0.821375
0  4.352805 -9.776610 0.000000  0.000004 -0.000001 -1.000000  0.416380 0.827750
no_material
0  4.352805 -9.776610 0.000000  0.000004 -0.000001 -1.000000  0.416380 0.827750
0  4.985865 -11.198430 0.000000  0.000248 -0.002098 -0.999998  0.418391 0.821375
0  2.225025 -10.467945 0.000000  -0.000001 -0.000013 -1.000000  0.425189 0.831585
no_material
0  4.985865 -11.198430 0.000000  0.000248 -0.002098 -0.999998  0.418391 0.821375
0  2.548620 -11.990385 0.000045  0.000459 -0.003195 -0.999995  0.428483 0.825770
0  2.225025 -10.467945 0.000000  -0.000001 -0.000013 -1.000000  0.425189 0.831585
no_material
0  2.225025 -10.467945 0.000000  -0.000001 -0.000013 -1.000000  0.425189 0.831585
0  2.548620 -11.990385 0.000045  0.000459 -0.003195 -0.999995  0.428483 0.825770
0  0.000000 -10.701810 0.000000  -0.000000 -0.000015 -1.000000  0.433006 0.837169
no_material
0  0.000000 0.000000 0.000000  0.000000 0.000003 -1.000000  0.402566 0.871514
0  2.225025 -10.467945 0.000000  -0.000001 -0.000013 -1.000000  0.425189 0.831585
0  0.000000 -10.701810 0.000000  -0.000000 -0.000015 -1.000000  0.433006 0.837169
no_material
0  0.000000 0.000000 0.000000  0.000000 0.000003 -1.000000  0.402566 0.871514
0  4.352805 -9.776610 0.000000  0.000004 -0.000001 -1.000000  0.416380 0.827750
0  2.225025 -10.467945 0.000000  -0.000001 -0.000013 -1.000000  0.425189 0.831585
no_material
0  4.352805 -9.776610 0.000000  0.000004 -0.000001 -1.000000  0.416380 0.827750
0  0.000000 0.000000 0.000000  0.000000 0.000003 -1.000000  0.402566 0.871514
0  6.290370 -8.657955 0.000000  0.000035 -0.000013 -1.000000  0.406968 0.825836
no_material
0  6.290370 -8.657955 0.000000  0.000035 -0.000013 -1.000000  0.406968 0.825836
0  0.000000 0.000000 0.000000  0.000000 0.000003 -1.000000  0.402566 0.871514
0  7.952985 -7.160895 0.000000  0.000076 -0.000073 -1.000000  0.397365 0.825927
no_material
0  7.952985 -7.160895 0.000000  0.000076 -0.000073 -1.000000  0.397365 0.825927
0  0.000000 0.000000 0.000000  0.000000 0.000003 -1.000000  0.402566 0.871514
0  9.268020 -5.350905 0.000000  0.000072 -0.000049 -1.000000  0.387995 0.828014
no_material
0  9.268020 -5.350905 0.000000  0.000072 -0.000049 -1.000000  0.387995 0.828014
0  0.000000 0.000000 0.000000  0.000000 0.000003 -1.000000  0.402566 0.871514
0  10.178010 -3.307050 0.000000  0.000055 -0.000021 -1.000000  0.379266 0.832002
no_material
0  10.643175 -1.118655 0.000000  0.000058 0.000007 -1.000000  0.371564 0.837720
0  10.178010 -3.307050 0.000000  0.000055 -0.000021 -1.000000  0.379266 0.832002
0  0.000000 0.000000 0.000000  0.000000 0.000003 -1.000000  0.402566 0.871514
no_material
0  10.643175 -1.118655 0.000000  0.000058 0.000007 -1.000000  0.371564 0.837720
0  0.000000 0.000000 0.000000  0.000000 0.000003 -1.000000  0.402566 0.871514
0  10.643175 1.118610 0.000000  0.000135 0.000055 -1.000000  0.365229 0.844912
no_material
0  10.643175 1.118610 0.000000  0.000135 0.000055 -1.000000  0.365229 0.844912
0  0.000000 0.000000 0.000000  0.000000 0.000003 -1.000000  0.402566 0.871514
0  10.178010 3.307005 0.000000  -0.000133 -0.000068 -1.000000  0.360536 0.853259
no_material
0  10.178010 3.307005 0.000000  -0.000133 -0.000068 -1.000000  0.360536 0.853259
0  0.000000 0.000000 0.000000  0.000000 0.000003 -1.000000  0.402566 0.871514
0  9.268020 5.350860 0.000000  -0.000265 -0.000183 -1.000000  0.357683 0.862390
no_material
0  9.268020 5.350860 0.000000  -0.000265 -0.000183 -1.000000  0.357683 0.862390
0  0.000000 0.000000 0.000000  0.000000 0.000003 -1.000000  0.402566 0.871514
0  7.952985 7.160895 0.000000  -0.000008 0.000045 -1.000000  0.356786 0.871907
no_material
0  7.952985 7.160895 0.000000  -0.000008 0.000045 -1.000000  0.356786 0.871907
0  0.000000 0.000000 0.000000  0.000000 0.000003 -1.000000  0.402566 0.871514
0  6.290370 8.657909 0.000045  0.000169 0.000309 -1.000000  0.357880 0.881401
no_material
0  2.548620 -11.990385 0.000045  0.000459 -0.003195 -0.999995  0.428483 0.825770
0  0.000000 -12.258224 0.000045  -0.000003 -0.003329 -0.999994  0.437439 0.832167
0  0.000000 -10.701810 0.000000  -0.000000 -0.000015 -1.000000  0.433006 0.837169
no_material
0  0.000000 -10.701810 0.000000  -0.000000 -0.000015 -1.000000  0.433006 0.837169
0  0.000000 -12.258224 0.000045  -0.000003 -0.003329 -0.999994  0.437439 0.832167
0  -2.225025 -10.467945 0.000000  -0.000003 -0.000015 -1.000000  0.439489 0.844257
no_material
0  0.000000 -10.701810 0.000000  -0.000000 -0.000015 -1.000000  0.433006 0.837169
0  -2.225025 -10.467945 0.000000  -0.000003 -0.000015 -1.000000  0.439489 0.844257
0  0.000000 0.000000 0.000000  0.000000 0.000003 -1.000000  0.402566 0.871514
no_material
0  -4.352805 -9.776610 0.000000  0.000002 -0.000004 -1.000000  0.444355 0.852541
0  0.000000 0.000000 0.000000  0.000000 0.000003 -1.000000  0.402566 0.871514
0  -2.225025 -10.467945 0.000000  -0.000003 -0.000015 -1.000000  0.439489 0.844257
no_material
0  -6.290325 -8.657955 0.000000  0.000000 0.000000 -1.000000  0.447386 0.861657
0  0.000000 0.000000 0.000000  0.000000 0.000003 -1.000000  0.402566 0.871514
0  -4.352805 -9.776610 0.000000  0.000002 -0.000004 -1.000000  0.444355 0.852541
no_material
0  -4.352805 -9.776610 0.000000  0.000002 -0.000004 -1.000000  0.444355 0.852541
0  -4.985865 -11.198430 0.000000  -0.000675 -0.002440 -0.999997  0.450442 0.849778
0  -6.290325 -8.657955 0.000000  0.000000 0.000000 -1.000000  0.447386 0.861657
no_material
0  -4.985865 -11.198430 0.000000  -0.000675 -0.002440 -0.999997  0.450442 0.849778
0  -7.205175 -9.917100 0.000000  -0.001703 -0.001696 -0.999997  0.453915 0.860225
0  -6.290325 -8.657955 0.000000  0.000000 0.000000 -1.000000  0.447386 0.861657
no_material
0  -4.985865 -11.198430 0.000000  -0.000675 -0.002440 -0.999997  0.450442 0.849778
0  -5.406930 -12.144556 0.004365  -0.024828 -0.061924 -0.997772  0.454493 0.847939
0  -7.205175 -9.917100 0.000000  -0.001703 -0.001696 -0.999997  0.453915 0.860225
no_material
0  -5.406930 -12.144556 0.004365  -0.024828 -0.061924 -0.997772  0.454493 0.847939
0  -7.814385 -10.755090 0.003780  -0.044739 -0.055010 -0.997483  0.458264 0.859274
0  -7.205175 -9.917100 0.000000  -0.001703 -0.001696 -0.999997  0.453915 0.860225
no_material
0  -8.094646 -11.137275 0.085500  -0.325585 -0.434060 -0.839991  0.460287 0.858841
0  -7.814385 -10.755090 0.003780  -0.044739 -0.055010 -0.997483  0.458264 0.859274
0  -5.406930 -12.144556 0.004365  -0.024828 -0.061924 -0.997772  0.454493 0.847939
no_material
0  -8.094646 -11.137275 0.085500  -0.325585 -0.434060 -0.839991  0.460287 0.858841
0  -10.216350 -9.197910 0.155520  -0.429779 -0.373193 -0.822202  0.461621 0.871130
0  -7.814385 -10.755090 0.003780  -0.044739 -0.055010 -0.997483  0.458264 0.859274
no_material
0  -10.216350 -9.197910 0.155520  -0.429779 -0.373193 -0.822202  0.461621 0.871130
0  -9.881865 -8.897355 0.011205  -0.075057 -0.061527 -0.995279  0.459592 0.871137
0  -7.814385 -10.755090 0.003780  -0.044739 -0.055010 -0.997483  0.458264 0.859274
no_material
0  -10.216350 -9.197910 0.155520  -0.429779 -0.373193 -0.822202  0.461621 0.871130
0  -11.900880 -6.871995 0.163845  -0.500642 -0.293807 -0.814270  0.460396 0.883412
0  -9.881865 -8.897355 0.011205  -0.075057 -0.061527 -0.995279  0.459592 0.871137
no_material
0  -11.900880 -6.871995 0.163845  -0.500642 -0.293807 -0.814270  0.460396 0.883412
0  -11.517389 -6.649920 0.011925  -0.090050 -0.054281 -0.994457  0.458422 0.883008
0  -9.881865 -8.897355 0.011205  -0.075057 -0.061527 -0.995279  0.459592 0.871137
no_material
0  -11.900880 -6.871995 0.163845  -0.500642 -0.293807 -0.814270  0.460396 0.883412
0  -13.092435 -4.255560 0.124470  -0.538594 -0.180909 -0.822914  0.456703 0.895207
0  -11.517389 -6.649920 0.011925  -0.090050 -0.054281 -0.994457  0.458422 0.883008
no_material
0  -13.092435 -4.255560 0.124470  -0.538594 -0.180909 -0.822914  0.456703 0.895207
0  -12.645045 -4.108815 0.006795  -0.086289 -0.030663 -0.995798  0.454791 0.894374
0  -11.517389 -6.649920 0.011925  -0.090050 -0.054281 -0.994457  0.458422 0.883008
no_material
0  -13.092435 -4.255560 0.124470  -0.538594 -0.180909 -0.822914  0.456703 0.895207
0  -13.688684 -1.438515 0.121095  -0.561802 -0.053591 -0.825534  0.450557 0.905949
0  -12.645045 -4.108815 0.006795  -0.086289 -0.030663 -0.995798  0.454791 0.894374
no_material
0  -13.688684 -1.438515 0.121095  -0.561802 -0.053591 -0.825534  0.450557 0.905949
0  -13.222799 -1.389690 0.007605  -0.091260 -0.006662 -0.995805  0.448875 0.904738
0  -12.645045 -4.108815 0.006795  -0.086289 -0.030663 -0.995798  0.454791 0.894374
no_material
0  -11.517389 -6.649920 0.011925  -0.090050 -0.054281 -0.994457  0.458422 0.883008
0  -12.645045 -4.108815 0.006795  -0.086289 -0.030663 -0.995798  0.454791 0.894374
0  -11.658240 -3.788010 0.000045  -0.003038 -0.001166 -0.999995  0.450710 0.892586
no_material
0  -10.615950 -6.129135 0.000045  -0.003524 -0.002318 -0.999991  0.454044 0.882106
0  -11.517389 -6.649920 0.011925  -0.090050 -0.054281 -0.994457  0.458422 0.883008
0  -11.658240 -3.788010 0.000045  -0.003038 -0.001166 -0.999995  0.450710 0.892586
no_material
0  -9.881865 -8.897355 0.011205  -0.075057 -0.061527 -0.995279  0.459592 0.871137
0  -11.517389 -6.649920 0.011925  -0.090050 -0.054281 -0.994457  0.458422 0.883008
0  -10.615950 -6.129135 0.000045  -0.003524 -0.002318 -0.999991  0.454044 0.882106
no_material
0  -9.109620 -8.202374 0.000045  -0.003212 -0.002332 -0.999992  0.455131 0.871161
0  -9.881865 -8.897355 0.011205  -0.075057 -0.061527 -0.995279  0.459592 0.871137
0  -10.615950 -6.129135 0.000045  -0.003524 -0.002318 -0.999991  0.454044 0.882106
no_material
0  -7.814385 -10.755090 0.003780  -0.044739 -0.055010 -0.997483  0.458264 0.859274
0  -9.881865 -8.897355 0.011205  -0.075057 -0.061527 -0.995279  0.459592 0.871137
0  -9.109620 -8.202374 0.000045  -0.003212 -0.002332 -0.999992  0.455131 0.871161
no_material
0  -7.205175 -9.917100 0.000000  -0.001703 -0.001696 -0.999997  0.453915 0.860225
0  -7.814385 -10.755090 0.003780  -0.044739 -0.055010 -0.997483  0.458264 0.859274
0  -9.109620 -8.202374 0.000045  -0.003212 -0.002332 -0.999992  0.455131 0.871161
no_material
0  -7.205175 -9.917100 0.000000  -0.001703 -0.001696 -0.999997  0.453915 0.860225
0  -9.109620 -8.202374 0.000045  -0.003212 -0.002332 -0.999992  0.455131 0.871161
0  -7.952985 -7.160940 0.000000  -0.000012 -0.000006 -1.000000  0.448450 0.871201
no_material
0  -6.290325 -8.657955 0.000000  0.000000 0.000000 -1.000000  0.447386 0.861657
0  -7.205175 -9.917100 0.000000  -0.001703 -0.001696 -0.999997  0.453915 0.860225
0  -7.952985 -7.160940 0.000000  -0.000012 -0.000006 -1.000000  0.448450 0.871201
no_material
0  -7.952985 -7.160940 0.000000  -0.000012 -0.000006 -1.000000  0.448450 0.871201
0  0.000000 0.000000 0.000000  0.000000 0.000003 -1.000000  0.402566 0.871514
0  -6.290325 -8.657955 0.000000  0.000000 0.000000 -1.000000  0.447386 0.861657
no_material
0  -9.268020 -5.350905 0.000000  -0.000013 -0.000008 -1.000000  0.447504 0.880756
0  0.000000 0.000000 0.000000  0.000000 0.000003 -1.000000  0.402566 0.871514
0  -7.952985 -7.160940 0.000000  -0.000012 -0.000006 -1.000000  0.448450 0.871201
no_material
0  -10.178010 -3.307050 0.000000  -0.000015 -0.000005 -1.000000  0.444593 0.889903
0  0.000000 0.000000 0.000000  0.000000 0.000003 -1.000000  0.402566 0.871514
0  -9.268020 -5.350905 0.000000  -0.000013 -0.000008 -1.000000  0.447504 0.880756
no_material
0  -9.268020 -5.350905 0.000000  -0.000013 -0.000008 -1.000000  0.447504 0.880756
0  -10.615950 -6.129135 0.000045  -0.003524 -0.002318 -0.999991  0.454044 0.882106
0  -10.178010 -3.307050 0.000000  -0.000015 -0.000005 -1.000000  0.444593 0.889903
no_material
0  -10.615950 -6.129135 0.000045  -0.003524 -0.002318 -0.999991  0.454044 0.882106
0  -11.658240 -3.788010 0.000045  -0.003038 -0.001166 -0.999995  0.450710 0.892586
0  -10.178010 -3.307050 0.000000  -0.000015 -0.000005 -1.000000  0.444593 0.889903
no_material
0  -10.178010 -3.307050 0.000000  -0.000015 -0.000005 -1.000000  0.444593 0.889903
0  -11.658240 -3.788010 0.000045  -0.003038 -0.001166 -0.999995  0.450710 0.892586
0  -10.643175 -1.118655 0.000000  -0.000015 -0.000002 -1.000000  0.439842 0.898238
no_material
0  -11.658240 -3.788010 0.000045  -0.003038 -0.001166 -0.999995  0.450710 0.892586
0  -12.191040 -1.281375 0.000045  -0.003829 0.000167 -0.999993  0.445262 0.902137
0  -10.643175 -1.118655 0.000000  -0.000015 -0.000002 -1.000000  0.439842 0.898238
no_material
0  -10.643175 -1.118655 0.000000  -0.000015 -0.000002 -1.000000  0.439842 0.898238
0  -12.191040 -1.281375 0.000045  -0.003829 0.000167 -0.999993  0.445262 0.902137
0  -10.643175 1.118610 0.000000  -0.000065 0.000020 -1.000000  0.433459 0.905393
no_material
0  -12.191040 -1.281375 0.000045  -0.003829 0.000167 -0.999993  0.445262 0.902137
0  -12.191130 1.281330 0.000225  -0.006835 0.001892 -0.999975  0.437942 0.910332
0  -10.643175 1.118610 0.000000  -0.000065 0.000020 -1.000000  0.433459 0.905393
no_material
0  -10.643175 1.118610 0.000000  -0.000065 0.000020 -1.000000  0.433459 0.905393
0  -12.191130 1.281330 0.000225  -0.006835 0.001892 -0.999975  0.437942 0.910332
0  -10.178010 3.307005 0.000000  -0.000162 0.000081 -1.000000  0.425733 0.911055
no_material
0  -9.109620 -8.202374 0.000045  -0.003212 -0.002332 -0.999992  0.455131 0.871161
0  -10.615950 -6.129135 0.000045  -0.003524 -0.002318 -0.999991  0.454044 0.882106
0  -9.268020 -5.350905 0.000000  -0.000013 -0.000008 -1.000000  0.447504 0.880756
no_material
0  -7.952985 -7.160940 0.000000  -0.000012 -0.000006 -1.000000  0.448450 0.871201
0  -9.109620 -8.202374 0.000045  -0.003212 -0.002332 -0.999992  0.455131 0.871161
0  -9.268020 -5.350905 0.000000  -0.000013 -0.000008 -1.000000  0.447504 0.880756
no_material
0  -2.766465 13.012965 0.099540  -0.045129 0.205640 -0.977587  0.374485 0.920995
0  -0.000090 13.307670 0.079515  0.000344 0.208602 -0.978001  0.364819 0.914098
0  -0.000045 12.259350 0.003780  0.000066 0.036309 -0.999341  0.367802 0.910737
no_material
0  -2.549025 11.991870 0.005400  -0.008242 0.036523 -0.999299  0.376695 0.917102
0  -2.766465 13.012965 0.099540  -0.045129 0.205640 -0.977587  0.374485 0.920995
0  -0.000045 12.259350 0.003780  0.000066 0.036309 -0.999341  0.367802 0.910737
no_material
0  -5.411655 12.156300 0.088560  -0.081252 0.191387 -0.978146  0.385365 0.925766
0  -2.766465 13.012965 0.099540  -0.045129 0.205640 -0.977587  0.374485 0.920995
0  -2.549025 11.991870 0.005400  -0.008242 0.036523 -0.999299  0.376695 0.917102
no_material
0  -4.986360 11.199915 0.003915  -0.013215 0.033285 -0.999359  0.386723 0.921483
0  -5.411655 12.156300 0.088560  -0.081252 0.191387 -0.978146  0.385365 0.925766
0  -2.549025 11.991870 0.005400  -0.008242 0.036523 -0.999299  0.376695 0.917102
no_material
0  -7.824510 10.769400 0.075240  -0.113685 0.163189 -0.980023  0.397000 0.928189
0  -5.411655 12.156300 0.088560  -0.081252 0.191387 -0.978146  0.385365 0.925766
0  -4.986360 11.199915 0.003915  -0.013215 0.033285 -0.999359  0.386723 0.921483
no_material
0  -7.205760 9.917955 0.002655  -0.016664 0.025665 -0.999532  0.397445 0.923688
0  -7.824510 10.769400 0.075240  -0.113685 0.163189 -0.980023  0.397000 0.928189
0  -4.986360 11.199915 0.003915  -0.013215 0.033285 -0.999359  0.386723 0.921483
no_material
0  -9.890550 8.906355 0.061425  -0.136696 0.129079 -0.982167  0.408880 0.928105
0  -7.824510 10.769400 0.075240  -0.113685 0.163189 -0.980023  0.397000 0.928189
0  -7.205760 9.917955 0.002655  -0.016664 0.025665 -0.999532  0.397445 0.923688
no_material
0  -9.110115 8.202825 0.001710  -0.017246 0.017766 -0.999693  0.408393 0.923629
0  -9.890550 8.906355 0.061425  -0.136696 0.129079 -0.982167  0.408880 0.928105
0  -7.205760 9.917955 0.002655  -0.016664 0.025665 -0.999532  0.397445 0.923688
no_material
0  -11.526299 6.655365 0.045450  -0.146181 0.090772 -0.985085  0.420492 0.925578
0  -9.890550 8.906355 0.061425  -0.136696 0.129079 -0.982167  0.408880 0.928105
0  -9.110115 8.202825 0.001710  -0.017246 0.017766 -0.999693  0.408393 0.923629
no_material
0  -10.616355 6.129360 0.000990  -0.015249 0.010756 -0.999826  0.419091 0.921303
0  -11.526299 6.655365 0.045450  -0.146181 0.090772 -0.985085  0.420492 0.925578
0  -9.110115 8.202825 0.001710  -0.017246 0.017766 -0.999693  0.408393 0.923629
no_material
0  -12.652515 4.111740 0.030015  -0.138235 0.052076 -0.989029  0.431331 0.920684
0  -11.526299 6.655365 0.045450  -0.146181 0.090772 -0.985085  0.420492 0.925578
0  -10.616355 6.129360 0.000990  -0.015249 0.010756 -0.999826  0.419091 0.921303
no_material
0  -11.658465 3.788055 0.000585  -0.011230 0.005304 -0.999923  0.429085 0.916811
0  -12.652515 4.111740 0.030015  -0.138235 0.052076 -0.989029  0.431331 0.920684
0  -10.616355 6.129360 0.000990  -0.015249 0.010756 -0.999826  0.419091 0.921303
no_material
0  -13.226490 1.390725 0.015525  -0.114562 0.018862 -0.993237  0.440937 0.913643
0  -12.652515 4.111740 0.030015  -0.138235 0.052076 -0.989029  0.431331 0.920684
0  -11.658465 3.788055 0.000585  -0.011230 0.005304 -0.999923  0.429085 0.916811
no_material
0  -12.191130 1.281330 0.000225  -0.006835 0.001892 -0.999975  0.437942 0.910332
0  -13.226490 1.390725 0.015525  -0.114562 0.018862 -0.993237  0.440937 0.913643
0  -11.658465 3.788055 0.000585  -0.011230 0.005304 -0.999923  0.429085 0.916811
no_material
0  -13.222799 -1.389690 0.007605  -0.091260 -0.006662 -0.995805  0.448875 0.904738
0  -13.226490 1.390725 0.015525  -0.114562 0.018862 -0.993237  0.440937 0.913643
0  -12.191130 1.281330 0.000225  -0.006835 0.001892 -0.999975  0.437942 0.910332
no_material
0  -12.191040 -1.281375 0.000045  -0.003829 0.000167 -0.999993  0.445262 0.902137
0  -13.222799 -1.389690 0.007605  -0.091260 -0.006662 -0.995805  0.448875 0.904738
0  -12.191130 1.281330 0.000225  -0.006835 0.001892 -0.999975  0.437942 0.910332
no_material
0  -12.645045 -4.108815 0.006795  -0.086289 -0.030663 -0.995798  0.454791 0.894374
0  -13.222799 -1.389690 0.007605  -0.091260 -0.006662 -0.995805  0.448875 0.904738
0  -12.191040 -1.281375 0.000045  -0.003829 0.000167 -0.999993  0.445262 0.902137
no_material
0  -11.658240 -3.788010 0.000045  -0.003038 -0.001166 -0.999995  0.450710 0.892586
0  -12.645045 -4.108815 0.006795  -0.086289 -0.030663 -0.995798  0.454791 0.894374
0  -12.191040 -1.281375 0.000045  -0.003829 0.000167 -0.999993  0.445262 0.902137
no_material
0  -13.688684 -1.438515 0.121095  -0.561802 -0.053591 -0.825534  0.450557 0.905949
0  -13.662450 1.437300 0.166815  -0.583596 0.076027 -0.808477  0.442272 0.915122
0  -13.222799 -1.389690 0.007605  -0.091260 -0.006662 -0.995805  0.448875 0.904738
no_material
0  -13.662450 1.437300 0.166815  -0.583596 0.076027 -0.808477  0.442272 0.915122
0  -13.226490 1.390725 0.015525  -0.114562 0.018862 -0.993237  0.440937 0.913643
0  -13.222799 -1.389690 0.007605  -0.091260 -0.006662 -0.995805  0.448875 0.904738
no_material
0  -13.662450 1.437300 0.166815  -0.583596 0.076027 -0.808477  0.442272 0.915122
0  -13.011209 4.226580 0.210645  -0.599814 0.210830 -0.771864  0.432236 0.922232
0  -13.226490 1.390725 0.015525  -0.114562 0.018862 -0.993237  0.440937 0.913643
no_material
0  -13.011209 4.226580 0.210645  -0.599814 0.210830 -0.771864  0.432236 0.922232
0  -12.652515 4.111740 0.030015  -0.138235 0.052076 -0.989029  0.431331 0.920684
0  -13.226490 1.390725 0.015525  -0.114562 0.018862 -0.993237  0.440937 0.913643
no_material
0  -13.011209 4.226580 0.210645  -0.599814 0.210830 -0.771864  0.432236 0.922232
0  -11.807864 6.815295 0.237420  -0.584055 0.349508 -0.732614  0.421004 0.927110
0  -12.652515 4.111740 0.030015  -0.138235 0.052076 -0.989029  0.431331 0.920684
no_material
0  -11.807864 6.815295 0.237420  -0.584055 0.349508 -0.732614  0.421004 0.927110
0  -11.526299 6.655365 0.045450  -0.146181 0.090772 -0.985085  0.420492 0.925578
0  -12.652515 4.111740 0.030015  -0.138235 0.052076 -0.989029  0.431331 0.920684
no_material
0  -11.807864 6.815295 0.237420  -0.584055 0.349508 -0.732614  0.421004 0.927110
0  -10.106820 9.096300 0.252405  -0.521771 0.479291 -0.705716  0.409056 0.929578
0  -11.526299 6.655365 0.045450  -0.146181 0.090772 -0.985085  0.420492 0.925578
no_material
0  -10.106820 9.096300 0.252405  -0.521771 0.479291 -0.705716  0.409056 0.929578
0  -9.890550 8.906355 0.061425  -0.136696 0.129079 -0.982167  0.408880 0.928105
0  -11.526299 6.655365 0.045450  -0.146181 0.090772 -0.985085  0.420492 0.925578
no_material
0  -10.106820 9.096300 0.252405  -0.521771 0.479291 -0.705716  0.409056 0.929578
0  -7.979040 10.984545 0.263430  -0.420977 0.589201 -0.689652  0.396853 0.929578
0  -9.890550 8.906355 0.061425  -0.136696 0.129079 -0.982167  0.408880 0.928105
no_material
0  -7.979040 10.984545 0.263430  -0.420977 0.589201 -0.689652  0.396853 0.929578
0  -7.824510 10.769400 0.075240  -0.113685 0.163189 -0.980023  0.397000 0.928189
0  -9.890550 8.906355 0.061425  -0.136696 0.129079 -0.982167  0.408880 0.928105
no_material
0  -7.979040 10.984545 0.263430  -0.420977 0.589201 -0.689652  0.396853 0.929578
0  -5.516910 12.381886 0.273150  -0.294331 0.675893 -0.675676  0.384976 0.927041
0  -7.824510 10.769400 0.075240  -0.113685 0.163189 -0.980023  0.397000 0.928189
no_material
0  -5.516910 12.381886 0.273150  -0.294331 0.675893 -0.675676  0.384976 0.927041
0  -5.411655 12.156300 0.088560  -0.081252 0.191387 -0.978146  0.385365 0.925766
0  -7.824510 10.769400 0.075240  -0.113685 0.163189 -0.980023  0.397000 0.928189
no_material
0  -5.516910 12.381886 0.273150  -0.294331 0.675893 -0.675676  0.384976 0.927041
0  -2.811195 13.245345 0.281835  -0.156487 0.720633 -0.675425  0.373832 0.922107
0  -5.411655 12.156300 0.088560  -0.081252 0.191387 -0.978146  0.385365 0.925766
no_material
0  -2.811195 13.245345 0.281835  -0.156487 0.720633 -0.675425  0.373832 0.922107
0  -2.766465 13.012965 0.099540  -0.045129 0.205640 -0.977587  0.374485 0.920995
0  -5.411655 12.156300 0.088560  -0.081252 0.191387 -0.978146  0.385365 0.925766
no_material
0  -2.811195 13.245345 0.281835  -0.156487 0.720633 -0.675425  0.373832 0.922107
0  0.000495 13.581270 0.267750  0.000497 0.731304 -0.682051  0.363874 0.915161
0  -2.766465 13.012965 0.099540  -0.045129 0.205640 -0.977587  0.374485 0.920995
no_material
0  0.000495 13.581270 0.267750  0.000497 0.731304 -0.682051  0.363874 0.915161
0  -0.000090 13.307670 0.079515  0.000344 0.208602 -0.978001  0.364819 0.914098
0  -2.766465 13.012965 0.099540  -0.045129 0.205640 -0.977587  0.374485 0.920995
no_material
0  0.000495 13.581270 0.267750  0.000497 0.731304 -0.682051  0.363874 0.915161
0  2.810430 13.238460 0.286380  0.159520 0.728967 -0.665703  0.355779 0.906104
0  -0.000090 13.307670 0.079515  0.000344 0.208602 -0.978001  0.364819 0.914098
no_material
0  2.810430 13.238460 0.286380  0.159520 0.728967 -0.665703  0.355779 0.906104
0  2.766735 13.014990 0.101520  0.046386 0.209822 -0.976639  0.356790 0.905338
0  -0.000090 13.307670 0.079515  0.000344 0.208602 -0.978001  0.364819 0.914098
no_material
0  0.468450 2.213235 63.951439  0.211912 0.901825 0.376571  0.868444 0.973035
0  0.002115 1.648530 66.296837  0.012698 0.986484 0.163365  0.859825 0.982006
0  0.669375 1.508310 66.296158  0.411732 0.897148 0.160009  0.857843 0.979430
no_material
0  0.906075 2.056725 63.947113  0.402693 0.821704 0.403288  0.866879 0.971245
0  0.468450 2.213235 63.951439  0.211912 0.901825 0.376571  0.868444 0.973035
0  0.669375 1.508310 66.296158  0.411732 0.897148 0.160009  0.857843 0.979430
no_material
0  1.301310 1.813995 63.941628  0.565487 0.741057 0.362021  0.865207 0.969578
0  0.906075 2.056725 63.947113  0.402693 0.821704 0.403288  0.866879 0.971245
0  0.669375 1.508310 66.296158  0.411732 0.897148 0.160009  0.857843 0.979430
no_material
0  1.301310 1.813995 63.941628  0.565487 0.741057 0.362021  0.865207 0.969578
0  0.669375 1.508310 66.296158  0.411732 0.897148 0.160009  0.857843 0.979430
0  1.227060 1.107315 66.294769  0.736650 0.658024 0.156048  0.855574 0.977059
no_material
0  1.637820 1.501290 63.938251  0.697665 0.603297 0.386389  0.863444 0.968077
0  1.301310 1.813995 63.941628  0.565487 0.741057 0.362021  0.865207 0.969578
0  1.227060 1.107315 66.294769  0.736650 0.658024 0.156048  0.855574 0.977059
no_material
0  1.908630 1.120950 63.936855  0.811390 0.467372 0.351013  0.861582 0.966706
0  1.227060 1.107315 66.294769  0.736650 0.658024 0.156048  0.855574 0.977059
0  1.569780 0.515430 66.293411  0.937134 0.313380 0.153532  0.853095 0.975006
no_material
0  1.908630 1.120950 63.936855  0.811390 0.467372 0.351013  0.861582 0.966706
0  1.637820 1.501290 63.938251  0.697665 0.603297 0.386389  0.863444 0.968077
0  1.227060 1.107315 66.294769  0.736650 0.658024 0.156048  0.855574 0.977059
no_material
0  1.637820 1.501290 63.938251  0.697665 0.603297 0.386389  0.863444 0.968077
0  1.908630 1.120950 63.936855  0.811390 0.467372 0.351013  0.861582 0.966706
0  2.516715 1.492245 62.642746  0.709412 0.409939 0.573310  0.865394 0.960696
no_material
0  2.162160 1.995795 62.641979  0.615658 0.531456 0.581825  0.867859 0.962269
0  1.637820 1.501290 63.938251  0.697665 0.603297 0.386389  0.863444 0.968077
0  2.516715 1.492245 62.642746  0.709412 0.409939 0.573310  0.865394 0.960696
no_material
0  1.301310 1.813995 63.941628  0.565487 0.741057 0.362021  0.865207 0.969578
0  1.637820 1.501290 63.938251  0.697665 0.603297 0.386389  0.863444 0.968077
0  2.162160 1.995795 62.641979  0.615658 0.531456 0.581825  0.867859 0.962269
no_material
0  1.719270 2.424510 62.652599  0.495077 0.636086 0.591856  0.870197 0.964096
0  1.301310 1.813995 63.941628  0.565487 0.741057 0.362021  0.865207 0.969578
0  2.162160 1.995795 62.641979  0.615658 0.531456 0.581825  0.867859 0.962269
no_material
0  0.906075 2.056725 63.947113  0.402693 0.821704 0.403288  0.866879 0.971245
0  1.301310 1.813995 63.941628  0.565487 0.741057 0.362021  0.865207 0.969578
0  1.719270 2.424510 62.652599  0.495077 0.636086 0.591856  0.870197 0.964096
no_material
0  1.197990 2.754720 62.665695  0.351861 0.715614 0.603399  0.872371 0.966148
0  0.906075 2.056725 63.947113  0.402693 0.821704 0.403288  0.866879 0.971245
0  1.719270 2.424510 62.652599  0.495077 0.636086 0.591856  0.870197 0.964096
no_material
0  0.468450 2.213235 63.951439  0.211912 0.901825 0.376571  0.868444 0.973035
0  0.906075 2.056725 63.947113  0.402693 0.821704 0.403288  0.866879 0.971245
0  1.197990 2.754720 62.665695  0.351861 0.715614 0.603399  0.872371 0.966148
no_material
0  1.197990 2.754720 62.665695  0.351861 0.715614 0.603399  0.872371 0.966148
0  1.719270 2.424510 62.652599  0.495077 0.636086 0.591856  0.870197 0.964096
0  2.255805 5.218695 59.285477  0.374761 0.705617 0.601381  0.886237 0.951978
no_material
0  1.719270 2.424510 62.652599  0.495077 0.636086 0.591856  0.870197 0.964096
0  2.925945 4.086945 60.032879  0.511179 0.622929 0.592162  0.879679 0.952056
0  2.255805 5.218695 59.285477  0.374761 0.705617 0.601381  0.886237 0.951978
no_material
0  1.719270 2.424510 62.652599  0.495077 0.636086 0.591856  0.870197 0.964096
0  2.162160 1.995795 62.641979  0.615658 0.531456 0.581825  0.867859 0.962269
0  2.925945 4.086945 60.032879  0.511179 0.622929 0.592162  0.879679 0.952056
no_material
0  2.162160 1.995795 62.641979  0.615658 0.531456 0.581825  0.867859 0.962269
0  3.391110 3.142170 60.492374  0.626461 0.515782 0.584393  0.874708 0.951836
0  2.925945 4.086945 60.032879  0.511179 0.622929 0.592162  0.879679 0.952056
no_material
0  2.162160 1.995795 62.641979  0.615658 0.531456 0.581825  0.867859 0.962269
0  2.516715 1.492245 62.642746  0.709412 0.409939 0.573310  0.865394 0.960696
0  3.391110 3.142170 60.492374  0.626461 0.515782 0.584393  0.874708 0.951836
no_material
0  2.516715 1.492245 62.642746  0.709412 0.409939 0.573310  0.865394 0.960696
0  3.732795 2.212875 60.816017  0.716211 0.394175 0.575907  0.870253 0.951454
0  3.391110 3.142170 60.492374  0.626461 0.515782 0.584393  0.874708 0.951836
no_material
0  3.950145 1.318950 61.024548  0.782690 0.257096 0.566831  0.866267 0.950946
0  3.732795 2.212875 60.816017  0.716211 0.394175 0.575907  0.870253 0.951454
0  2.516715 1.492245 62.642746  0.709412 0.409939 0.573310  0.865394 0.960696
no_material
0  2.774385 0.928035 62.650394  0.778624 0.269567 0.566637  0.862830 0.959364
0  3.950145 1.318950 61.024548  0.782690 0.257096 0.566831  0.866267 0.950946
0  2.516715 1.492245 62.642746  0.709412 0.409939 0.573310  0.865394 0.960696
no_material
0  2.774385 0.928035 62.650394  0.778624 0.269567 0.566637  0.862830 0.959364
0  2.918880 0.320445 62.662903  0.818209 0.109374 0.564421  0.860202 0.958302
0  3.950145 1.318950 61.024548  0.782690 0.257096 0.566831  0.866267 0.950946
no_material
0  2.774385 0.928035 62.650394  0.778624 0.269567 0.566637  0.862830 0.959364
0  2.101140 0.693090 63.939060  0.873881 0.298670 0.383573  0.859651 0.965500
0  2.918880 0.320445 62.662903  0.818209 0.109374 0.564421  0.860202 0.958302
no_material
0  2.101140 0.693090 63.939060  0.873881 0.298670 0.383573  0.859651 0.965500
0  2.203245 0.238590 63.942162  0.928024 0.114101 0.354615  0.857725 0.964469
0  2.918880 0.320445 62.662903  0.818209 0.109374 0.564421  0.860202 0.958302
no_material
0  2.516715 1.492245 62.642746  0.709412 0.409939 0.573310  0.865394 0.960696
0  1.908630 1.120950 63.936855  0.811390 0.467372 0.351013  0.861582 0.966706
0  2.774385 0.928035 62.650394  0.778624 0.269567 0.566637  0.862830 0.959364
no_material
0  1.908630 1.120950 63.936855  0.811390 0.467372 0.351013  0.861582 0.966706
0  2.101140 0.693090 63.939060  0.873881 0.298670 0.383573  0.859651 0.965500
0  2.774385 0.928035 62.650394  0.778624 0.269567 0.566637  0.862830 0.959364
no_material
0  2.101140 0.693090 63.939060  0.873881 0.298670 0.383573  0.859651 0.965500
0  1.908630 1.120950 63.936855  0.811390 0.467372 0.351013  0.861582 0.966706
0  1.569780 0.515430 66.293411  0.937134 0.313380 0.153532  0.853095 0.975006
no_material
0  2.203245 0.238590 63.942162  0.928024 0.114101 0.354615  0.857725 0.964469
0  2.101140 0.693090 63.939060  0.873881 0.298670 0.383573  0.859651 0.965500
0  1.569780 0.515430 66.293411  0.937134 0.313380 0.153532  0.853095 0.975006
no_material
0  2.203245 0.238590 63.942162  0.928024 0.114101 0.354615  0.857725 0.964469
0  1.569780 0.515430 66.293411  0.937134 0.313380 0.153532  0.853095 0.975006
0  1.650420 -0.170865 66.297058  0.982919 -0.099660 0.154718  0.850601 0.973147
no_material
0  2.208330 -0.236925 63.944908  0.916552 -0.081673 0.391487  0.855746 0.963581
0  2.203245 0.238590 63.942162  0.928024 0.114101 0.354615  0.857725 0.964469
0  1.650420 -0.170865 66.297058  0.982919 -0.099660 0.154718  0.850601 0.973147
no_material
0  2.203245 0.238590 63.942162  0.928024 0.114101 0.354615  0.857725 0.964469
0  2.208330 -0.236925 63.944908  0.916552 -0.081673 0.391487  0.855746 0.963581
0  2.933325 -0.317340 62.673393  0.820465 -0.064125 0.568090  0.857535 0.957531
no_material
0  2.918880 0.320445 62.662903  0.818209 0.109374 0.564421  0.860202 0.958302
0  2.203245 0.238590 63.942162  0.928024 0.114101 0.354615  0.857725 0.964469
0  2.933325 -0.317340 62.673393  0.820465 -0.064125 0.568090  0.857535 0.957531
no_material
0  2.918880 0.320445 62.662903  0.818209 0.109374 0.564421  0.860202 0.958302
0  2.933325 -0.317340 62.673393  0.820465 -0.064125 0.568090  0.857535 0.957531
0  4.067775 0.441270 61.130253  0.821689 0.105788 0.560033  0.862546 0.950265
no_material
0  2.918880 0.320445 62.662903  0.818209 0.109374 0.564421  0.860202 0.958302
0  4.067775 0.441270 61.130253  0.821689 0.105788 0.560033  0.862546 0.950265
0  3.950145 1.318950 61.024548  0.782690 0.257096 0.566831  0.866267 0.950946
no_material
0  3.950145 1.318950 61.024548  0.782690 0.257096 0.566831  0.866267 0.950946
0  4.067775 0.441270 61.130253  0.821689 0.105788 0.560033  0.862546 0.950265
0  4.034385 1.351935 60.747162  0.984888 0.156488 -0.074212  0.866723 0.949787
no_material
0  3.950145 1.318950 61.024548  0.782690 0.257096 0.566831  0.866267 0.950946
0  4.034385 1.351935 60.747162  0.984888 0.156488 -0.074212  0.866723 0.949787
0  3.732795 2.212875 60.816017  0.716211 0.394175 0.575907  0.870253 0.951454
no_material
0  4.034385 1.351935 60.747162  0.984888 0.156488 -0.074212  0.866723 0.949787
0  3.827700 2.280060 60.505920  0.965441 0.255012 -0.053776  0.870894 0.950187
0  3.732795 2.212875 60.816017  0.716211 0.394175 0.575907  0.870253 0.951454
no_material
0  3.732795 2.212875 60.816017  0.716211 0.394175 0.575907  0.870253 0.951454
0  3.827700 2.280060 60.505920  0.965441 0.255012 -0.053776  0.870894 0.950187
0  3.510135 3.256425 60.120991  0.935491 0.351078 -0.040013  0.875612 0.950329
no_material
0  3.391110 3.142170 60.492374  0.626461 0.515782 0.584393  0.874708 0.951836
0  3.732795 2.212875 60.816017  0.716211 0.394175 0.575907  0.870253 0.951454
0  3.510135 3.256425 60.120991  0.935491 0.351078 -0.040013  0.875612 0.950329
no_material
0  3.391110 3.142170 60.492374  0.626461 0.515782 0.584393  0.874708 0.951836
0  3.510135 3.256425 60.120991  0.935491 0.351078 -0.040013  0.875612 0.950329
0  3.073275 4.265865 59.576267  0.892292 0.450678 -0.026556  0.880935 0.950217
no_material
0  2.925945 4.086945 60.032879  0.511179 0.622929 0.592162  0.879679 0.952056
0  3.391110 3.142170 60.492374  0.626461 0.515782 0.584393  0.874708 0.951836
0  3.073275 4.265865 59.576267  0.892292 0.450678 -0.026556  0.880935 0.950217
no_material
0  2.925945 4.086945 60.032879  0.511179 0.622929 0.592162  0.879679 0.952056
0  3.073275 4.265865 59.576267  0.892292 0.450678 -0.026556  0.880935 0.950217
0  2.372400 5.470425 58.795021  0.838716 0.544470 -0.010359  0.887873 0.950158
no_material
0  4.067775 0.441270 61.130253  0.821689 0.105788 0.560033  0.862546 0.950265
0  4.142115 0.448560 60.863716  0.993183 0.062589 -0.098340  0.862871 0.949126
0  4.034385 1.351935 60.747162  0.984888 0.156488 -0.074212  0.866723 0.949787
no_material
0  4.067775 0.441270 61.130253  0.821689 0.105788 0.560033  0.862546 0.950265
0  4.089600 -0.436950 61.139656  0.826877 -0.057905 0.559393  0.858895 0.949367
0  4.142115 0.448560 60.863716  0.993183 0.062589 -0.098340  0.862871 0.949126
no_material
0  2.933325 -0.317340 62.673393  0.820465 -0.064125 0.568090  0.857535 0.957531
0  4.089600 -0.436950 61.139656  0.826877 -0.057905 0.559393  0.858895 0.949367
0  4.067775 0.441270 61.130253  0.821689 0.105788 0.560033  0.862546 0.950265
no_material
0  4.089600 -0.436950 61.139656  0.826877 -0.057905 0.559393  0.858895 0.949367
0  4.162860 -0.448875 60.863132  0.992296 -0.028923 -0.120469  0.859144 0.948165
0  4.142115 0.448560 60.863716  0.993183 0.062589 -0.098340  0.862871 0.949126
no_material
0  2.255805 5.218695 59.285477  0.374761 0.705617 0.601381  0.886237 0.951978
0  2.925945 4.086945 60.032879  0.511179 0.622929 0.592162  0.879679 0.952056
0  2.372400 5.470425 58.795021  0.838716 0.544470 -0.010359  0.887873 0.950158
no_material
0  1.354365 6.516675 58.182026  0.207522 0.782017 0.587694  0.894480 0.951640
0  2.255805 5.218695 59.285477  0.374761 0.705617 0.601381  0.886237 0.951978
0  2.372400 5.470425 58.795021  0.838716 0.544470 -0.010359  0.887873 0.950158
no_material
0  1.197990 2.754720 62.665695  0.351861 0.715614 0.603399  0.872371 0.966148
0  2.255805 5.218695 59.285477  0.374761 0.705617 0.601381  0.886237 0.951978
0  1.354365 6.516675 58.182026  0.207522 0.782017 0.587694  0.894480 0.951640
no_material
0  0.617265 2.962215 62.675907  0.184153 0.768416 0.612882  0.874337 0.968389
0  1.197990 2.754720 62.665695  0.351861 0.715614 0.603399  0.872371 0.966148
0  1.354365 6.516675 58.182026  0.207522 0.782017 0.587694  0.894480 0.951640
no_material
0  0.617265 2.962215 62.675907  0.184153 0.768416 0.612882  0.874337 0.968389
0  0.468450 2.213235 63.951439  0.211912 0.901825 0.376571  0.868444 0.973035
0  1.197990 2.754720 62.665695  0.351861 0.715614 0.603399  0.872371 0.966148
no_material
0  -0.000945 2.272275 63.956299  0.016471 0.910661 0.412825  0.869875 0.974988
0  0.468450 2.213235 63.951439  0.211912 0.901825 0.376571  0.868444 0.973035
0  0.617265 2.962215 62.675907  0.184153 0.768416 0.612882  0.874337 0.968389
no_material
0  0.468450 2.213235 63.951439  0.211912 0.901825 0.376571  0.868444 0.973035
0  -0.000945 2.272275 63.956299  0.016471 0.910661 0.412825  0.869875 0.974988
0  0.002115 1.648530 66.296837  0.012698 0.986484 0.163365  0.859825 0.982006
no_material
0  -0.000945 2.272275 63.956299  0.016471 0.910661 0.412825  0.869875 0.974988
0  -0.466245 2.227770 63.958454  -0.177882 0.907726 0.379990  0.871160 0.976995
0  0.002115 1.648530 66.296837  0.012698 0.986484 0.163365  0.859825 0.982006
no_material
0  -0.466245 2.227770 63.958454  -0.177882 0.907726 0.379990  0.871160 0.976995
0  -0.675405 1.521180 66.294945  -0.381731 0.909699 0.163492  0.861625 0.984754
0  0.002115 1.648530 66.296837  0.012698 0.986484 0.163365  0.859825 0.982006
no_material
0  -0.466245 2.227770 63.958454  -0.177882 0.907726 0.379990  0.871160 0.976995
0  -0.910665 2.089620 63.960567  -0.356490 0.838549 0.412008  0.872268 0.979073
0  -0.675405 1.521180 66.294945  -0.381731 0.909699 0.163492  0.861625 0.984754
no_material
0  -0.910665 2.089620 63.960567  -0.356490 0.838549 0.412008  0.872268 0.979073
0  -1.327635 1.857960 63.965969  -0.525143 0.762259 0.378399  0.873226 0.981256
0  -0.675405 1.521180 66.294945  -0.381731 0.909699 0.163492  0.861625 0.984754
no_material
0  -1.327635 1.857960 63.965969  -0.525143 0.762259 0.378399  0.873226 0.981256
0  -0.910665 2.089620 63.960567  -0.356490 0.838549 0.412008  0.872268 0.979073
0  -1.207980 2.791935 62.693100  -0.319356 0.724379 0.610972  0.878910 0.975980
no_material
0  -1.207980 2.791935 62.693100  -0.319356 0.724379 0.610972  0.878910 0.975980
0  -0.910665 2.089620 63.960567  -0.356490 0.838549 0.412008  0.872268 0.979073
0  -0.616815 2.978325 62.686531  -0.163156 0.772963 0.613113  0.877622 0.973337
no_material
0  -1.207980 2.791935 62.693100  -0.319356 0.724379 0.610972  0.878910 0.975980
0  -0.616815 2.978325 62.686531  -0.163156 0.772963 0.613113  0.877622 0.973337
0  -2.650455 6.091065 58.187611  -0.323134 0.728408 0.604158  0.902874 0.966421
no_material
0  -0.616815 2.978325 62.686531  -0.163156 0.772963 0.613113  0.877622 0.973337
0  -1.353510 6.515775 58.183830  -0.168692 0.778002 0.605191  0.900659 0.961274
0  -2.650455 6.091065 58.187611  -0.323134 0.728408 0.604158  0.902874 0.966421
no_material
0  -2.650455 6.091065 58.187611  -0.323134 0.728408 0.604158  0.902874 0.966421
0  -1.353510 6.515775 58.183830  -0.168692 0.778002 0.605191  0.900659 0.961274
0  -1.664190 8.117325 55.856880  -0.199254 0.855136 0.478582  0.910986 0.956029
no_material
0  -1.353510 6.515775 58.183830  -0.168692 0.778002 0.605191  0.900659 0.961274
0  -0.001395 6.672825 58.192516  -0.005549 0.793830 0.608115  0.897848 0.956341
0  -1.664190 8.117325 55.856880  -0.199254 0.855136 0.478582  0.910986 0.956029
no_material
0  -0.001395 6.672825 58.192516  -0.005549 0.793830 0.608115  0.897848 0.956341
0  -0.436905 8.208990 55.910702  0.049841 0.868380 0.493388  0.908330 0.951869
0  -1.664190 8.117325 55.856880  -0.199254 0.855136 0.478582  0.910986 0.956029
no_material
0  -0.001395 6.672825 58.192516  -0.005549 0.793830 0.608115  0.897848 0.956341
0  1.354365 6.516675 58.182026  0.207522 0.782017 0.587694  0.894480 0.951640
0  -0.436905 8.208990 55.910702  0.049841 0.868380 0.493388  0.908330 0.951869
no_material
0  1.354365 6.516675 58.182026  0.207522 0.782017 0.587694  0.894480 0.951640
0  1.579455 6.516720 57.895603  0.784178 0.607002 -0.128890  0.894750 0.950100
0  -0.436905 8.208990 55.910702  0.049841 0.868380 0.493388  0.908330 0.951869
no_material
0  1.579455 6.516720 57.895603  0.784178 0.607002 -0.128890  0.894750 0.950100
0  1.354365 6.516675 58.182026  0.207522 0.782017 0.587694  0.894480 0.951640
0  2.372400 5.470425 58.795021  0.838716 0.544470 -0.010359  0.887873 0.950158
no_material
0  0.617265 2.962215 62.675907  0.184153 0.768416 0.612882  0.874337 0.968389
0  1.354365 6.516675 58.182026  0.207522 0.782017 0.587694  0.894480 0.951640
0  -0.001395 6.672825 58.192516  -0.005549 0.793830 0.608115  0.897848 0.956341
no_material
0  0.003780 3.038535 62.681084  0.006343 0.788243 0.615332  0.876089 0.970792
0  0.617265 2.962215 62.675907  0.184153 0.768416 0.612882  0.874337 0.968389
0  -0.001395 6.672825 58.192516  -0.005549 0.793830 0.608115  0.897848 0.956341
no_material
0  0.003780 3.038535 62.681084  0.006343 0.788243 0.615332  0.876089 0.970792
0  -0.000945 2.272275 63.956299  0.016471 0.910661 0.412825  0.869875 0.974988
0  0.617265 2.962215 62.675907  0.184153 0.768416 0.612882  0.874337 0.968389
no_material
0  -0.466245 2.227770 63.958454  -0.177882 0.907726 0.379990  0.871160 0.976995
0  -0.000945 2.272275 63.956299  0.016471 0.910661 0.412825  0.869875 0.974988
0  0.003780 3.038535 62.681084  0.006343 0.788243 0.615332  0.876089 0.970792
no_material
0  -0.616815 2.978325 62.686531  -0.163156 0.772963 0.613113  0.877622 0.973337
0  -0.466245 2.227770 63.958454  -0.177882 0.907726 0.379990  0.871160 0.976995
0  0.003780 3.038535 62.681084  0.006343 0.788243 0.615332  0.876089 0.970792
no_material
0  -0.910665 2.089620 63.960567  -0.356490 0.838549 0.412008  0.872268 0.979073
0  -0.466245 2.227770 63.958454  -0.177882 0.907726 0.379990  0.871160 0.976995
0  -0.616815 2.978325 62.686531  -0.163156 0.772963 0.613113  0.877622 0.973337
no_material
0  0.003780 3.038535 62.681084  0.006343 0.788243 0.615332  0.876089 0.970792
0  -0.001395 6.672825 58.192516  -0.005549 0.793830 0.608115  0.897848 0.956341
0  -1.353510 6.515775 58.183830  -0.168692 0.778002 0.605191  0.900659 0.961274
no_material
0  -0.616815 2.978325 62.686531  -0.163156 0.772963 0.613113  0.877622 0.973337
0  0.003780 3.038535 62.681084  0.006343 0.788243 0.615332  0.876089 0.970792
0  -1.353510 6.515775 58.183830  -0.168692 0.778002 0.605191  0.900659 0.961274
no_material
0  -1.327635 1.857960 63.965969  -0.525143 0.762259 0.378399  0.873226 0.981256
0  -1.246410 1.132380 66.292740  -0.720822 0.673361 0.164316  0.863127 0.987684
0  -0.675405 1.521180 66.294945  -0.381731 0.909699 0.163492  0.861625 0.984754
no_material
0  -0.436905 8.208990 55.910702  0.049841 0.868380 0.493388  0.908330 0.951869
0  -1.141605 8.404785 55.034821  0.032095 0.971999 0.232781  0.913109 0.952317
0  -1.664190 8.117325 55.856880  -0.199254 0.855136 0.478582  0.910986 0.956029
no_material
0  -0.436905 8.208990 55.910702  0.049841 0.868380 0.493388  0.908330 0.951869
0  -0.284265 8.129160 55.753380  0.745385 0.621124 -0.242086  0.908380 0.950901
0  -1.141605 8.404785 55.034821  0.032095 0.971999 0.232781  0.913109 0.952317
no_material
0  1.579455 6.516720 57.895603  0.784178 0.607002 -0.128890  0.894750 0.950100
0  -0.284265 8.129160 55.753380  0.745385 0.621124 -0.242086  0.908380 0.950901
0  -0.436905 8.208990 55.910702  0.049841 0.868380 0.493388  0.908330 0.951869
no_material
0  -0.284265 8.129160 55.753380  0.745385 0.621124 -0.242086  0.908380 0.950901
0  -0.990090 8.332695 54.948513  0.687093 0.672359 -0.275386  0.913012 0.951490
0  -1.141605 8.404785 55.034821  0.032095 0.971999 0.232781  0.913109 0.952317
no_material
0  -0.990090 8.332695 54.948513  0.687093 0.672359 -0.275386  0.913012 0.951490
0  -1.069110 8.462971 54.560562  0.453112 0.706502 0.543641  0.914789 0.950999
0  -1.315710 8.559315 54.556519  -0.006399 0.939223 0.343248  0.915433 0.951968
no_material
0  -1.141605 8.404785 55.034821  0.032095 0.971999 0.232781  0.913109 0.952317
0  -0.990090 8.332695 54.948513  0.687093 0.672359 -0.275386  0.913012 0.951490
0  -1.315710 8.559315 54.556519  -0.006399 0.939223 0.343248  0.915433 0.951968
no_material
0  -1.141605 8.404785 55.034821  0.032095 0.971999 0.232781  0.913109 0.952317
0  -1.315710 8.559315 54.556519  -0.006399 0.939223 0.343248  0.915433 0.951968
0  -1.769760 8.724464 53.922600  -0.221441 0.963264 0.151941  0.918888 0.952407
no_material
0  -1.664190 8.117325 55.856880  -0.199254 0.855136 0.478582  0.910986 0.956029
0  -1.141605 8.404785 55.034821  0.032095 0.971999 0.232781  0.913109 0.952317
0  -1.769760 8.724464 53.922600  -0.221441 0.963264 0.151941  0.918888 0.952407
no_material
0  -3.265740 7.607565 55.873707  -0.355242 0.812580 0.462080  0.913413 0.962306
0  -1.664190 8.117325 55.856880  -0.199254 0.855136 0.478582  0.910986 0.956029
0  -1.769760 8.724464 53.922600  -0.221441 0.963264 0.151941  0.918888 0.952407
no_material
0  -3.265740 7.607565 55.873707  -0.355242 0.812580 0.462080  0.913413 0.962306
0  -2.650455 6.091065 58.187611  -0.323134 0.728408 0.604158  0.902874 0.966421
0  -1.664190 8.117325 55.856880  -0.199254 0.855136 0.478582  0.910986 0.956029
no_material
0  -3.827070 5.392395 58.185089  -0.465735 0.647946 0.602708  0.904549 0.971744
0  -2.650455 6.091065 58.187611  -0.323134 0.728408 0.604158  0.902874 0.966421
0  -3.265740 7.607565 55.873707  -0.355242 0.812580 0.462080  0.913413 0.962306
no_material
0  -1.207980 2.791935 62.693100  -0.319356 0.724379 0.610972  0.878910 0.975980
0  -2.650455 6.091065 58.187611  -0.323134 0.728408 0.604158  0.902874 0.966421
0  -3.827070 5.392395 58.185089  -0.465735 0.647946 0.602708  0.904549 0.971744
no_material
0  -1.756260 2.484090 62.703316  -0.460741 0.646726 0.607834  0.879958 0.978744
0  -1.207980 2.791935 62.693100  -0.319356 0.724379 0.610972  0.878910 0.975980
0  -3.827070 5.392395 58.185089  -0.465735 0.647946 0.602708  0.904549 0.971744
no_material
0  -1.756260 2.484090 62.703316  -0.460741 0.646726 0.607834  0.879958 0.978744
0  -1.327635 1.857960 63.965969  -0.525143 0.762259 0.378399  0.873226 0.981256
0  -1.207980 2.791935 62.693100  -0.319356 0.724379 0.610972  0.878910 0.975980
no_material
0  -1.684260 1.548270 63.971188  -0.663156 0.625039 0.411765  0.873992 0.983452
0  -1.327635 1.857960 63.965969  -0.525143 0.762259 0.378399  0.873226 0.981256
0  -1.756260 2.484090 62.703316  -0.460741 0.646726 0.607834  0.879958 0.978744
no_material
0  -1.327635 1.857960 63.965969  -0.525143 0.762259 0.378399  0.873226 0.981256
0  -1.684260 1.548270 63.971188  -0.663156 0.625039 0.411765  0.873992 0.983452
0  -1.246410 1.132380 66.292740  -0.720822 0.673361 0.164316  0.863127 0.987684
no_material
0  -1.684260 1.548270 63.971188  -0.663156 0.625039 0.411765  0.873992 0.983452
0  -1.973745 1.160910 63.976318  -0.791762 0.478623 0.379515  0.874594 0.985693
0  -1.246410 1.132380 66.292740  -0.720822 0.673361 0.164316  0.863127 0.987684
no_material
0  -1.973745 1.160910 63.976318  -0.791762 0.478623 0.379515  0.874594 0.985693
0  -1.605150 0.530640 66.292381  -0.932688 0.320284 0.165868  0.864275 0.990755
0  -1.246410 1.132380 66.292740  -0.720822 0.673361 0.164316  0.863127 0.987684
no_material
0  -1.973745 1.160910 63.976318  -0.791762 0.478623 0.379515  0.874594 0.985693
0  -2.178360 0.720855 63.980953  -0.859161 0.300647 0.414069  0.875020 0.987917
0  -1.605150 0.530640 66.292381  -0.932688 0.320284 0.165868  0.864275 0.990755
no_material
0  -3.483270 8.197966 53.929531  -0.386793 0.904135 0.181468  0.921075 0.959655
0  -1.769760 8.724464 53.922600  -0.221441 0.963264 0.151941  0.918888 0.952407
0  -1.787445 8.750114 52.361187  -0.204619 0.973130 -0.105590  0.925726 0.950654
no_material
0  -3.483270 8.197966 53.929531  -0.386793 0.904135 0.181468  0.921075 0.959655
0  -3.265740 7.607565 55.873707  -0.355242 0.812580 0.462080  0.913413 0.962306
0  -1.769760 8.724464 53.922600  -0.221441 0.963264 0.151941  0.918888 0.952407
no_material
0  -4.734090 6.755625 55.886040  -0.513866 0.720045 0.466344  0.915216 0.968624
0  -3.265740 7.607565 55.873707  -0.355242 0.812580 0.462080  0.913413 0.962306
0  -3.483270 8.197966 53.929531  -0.386793 0.904135 0.181468  0.921075 0.959655
no_material
0  -4.734090 6.755625 55.886040  -0.513866 0.720045 0.466344  0.915216 0.968624
0  -3.827070 5.392395 58.185089  -0.465735 0.647946 0.602708  0.904549 0.971744
0  -3.265740 7.607565 55.873707  -0.355242 0.812580 0.462080  0.913413 0.962306
no_material
0  -4.848300 4.472595 58.197376  -0.586992 0.542403 0.601032  0.905713 0.977221
0  -3.827070 5.392395 58.185089  -0.465735 0.647946 0.602708  0.904549 0.971744
0  -4.734090 6.755625 55.886040  -0.513866 0.720045 0.466344  0.915216 0.968624
no_material
0  -1.756260 2.484090 62.703316  -0.460741 0.646726 0.607834  0.879958 0.978744
0  -3.827070 5.392395 58.185089  -0.465735 0.647946 0.602708  0.904549 0.971744
0  -4.848300 4.472595 58.197376  -0.586992 0.542403 0.601032  0.905713 0.977221
no_material
0  -2.230515 2.073150 62.715557  -0.580934 0.543295 0.606091  0.880743 0.981551
0  -1.756260 2.484090 62.703316  -0.460741 0.646726 0.607834  0.879958 0.978744
0  -4.848300 4.472595 58.197376  -0.586992 0.542403 0.601032  0.905713 0.977221
no_material
0  -2.230515 2.073150 62.715557  -0.580934 0.543295 0.606091  0.880743 0.981551
0  -1.684260 1.548270 63.971188  -0.663156 0.625039 0.411765  0.873992 0.983452
0  -1.756260 2.484090 62.703316  -0.460741 0.646726 0.607834  0.879958 0.978744
no_material
0  -1.973745 1.160910 63.976318  -0.791762 0.478623 0.379515  0.874594 0.985693
0  -1.684260 1.548270 63.971188  -0.663156 0.625039 0.411765  0.873992 0.983452
0  -2.230515 2.073150 62.715557  -0.580934 0.543295 0.606091  0.880743 0.981551
no_material
0  -2.618235 1.560465 62.729637  -0.684092 0.407444 0.604985  0.881258 0.984446
0  -1.973745 1.160910 63.976318  -0.791762 0.478623 0.379515  0.874594 0.985693
0  -2.230515 2.073150 62.715557  -0.580934 0.543295 0.606091  0.880743 0.981551
no_material
0  -2.178360 0.720855 63.980953  -0.859161 0.300647 0.414069  0.875020 0.987917
0  -1.973745 1.160910 63.976318  -0.791762 0.478623 0.379515  0.874594 0.985693
0  -2.618235 1.560465 62.729637  -0.684092 0.407444 0.604985  0.881258 0.984446
no_material
0  -2.618235 1.560465 62.729637  -0.684092 0.407444 0.604985  0.881258 0.984446
0  -2.230515 2.073150 62.715557  -0.580934 0.543295 0.606091  0.880743 0.981551
0  -5.671755 3.351510 58.214344  -0.694926 0.401719 0.596406  0.906379 0.982892
no_material
0  -2.230515 2.073150 62.715557  -0.580934 0.543295 0.606091  0.880743 0.981551
0  -4.848300 4.472595 58.197376  -0.586992 0.542403 0.601032  0.905713 0.977221
0  -5.671755 3.351510 58.214344  -0.694926 0.401719 0.596406  0.906379 0.982892
no_material
0  -5.671755 3.351510 58.214344  -0.694926 0.401719 0.596406  0.906379 0.982892
0  -4.848300 4.472595 58.197376  -0.586992 0.542403 0.601032  0.905713 0.977221
0  -6.013395 5.612670 55.910385  -0.653781 0.595122 0.467333  0.916531 0.975020
no_material
0  -6.013395 5.612670 55.910385  -0.653781 0.595122 0.467333  0.916531 0.975020
0  -4.848300 4.472595 58.197376  -0.586992 0.542403 0.601032  0.905713 0.977221
0  -4.734090 6.755625 55.886040  -0.513866 0.720045 0.466344  0.915216 0.968624
no_material
0  -6.013395 5.612670 55.910385  -0.653781 0.595122 0.467333  0.916531 0.975020
0  -4.734090 6.755625 55.886040  -0.513866 0.720045 0.466344  0.915216 0.968624
0  -5.076270 7.325460 53.942173  -0.562737 0.804762 0.188903  0.922735 0.966524
no_material
0  -5.076270 7.325460 53.942173  -0.562737 0.804762 0.188903  0.922735 0.966524
0  -4.734090 6.755625 55.886040  -0.513866 0.720045 0.466344  0.915216 0.968624
0  -3.483270 8.197966 53.929531  -0.386793 0.904135 0.181468  0.921075 0.959655
no_material
0  -5.076270 7.325460 53.942173  -0.562737 0.804762 0.188903  0.922735 0.966524
0  -3.483270 8.197966 53.929531  -0.386793 0.904135 0.181468  0.921075 0.959655
0  -3.511485 8.207009 52.357498  -0.388296 0.916155 -0.099434  0.927292 0.958315
no_material
0  -3.511485 8.207009 52.357498  -0.388296 0.916155 -0.099434  0.927292 0.958315
0  -3.483270 8.197966 53.929531  -0.386793 0.904135 0.181468  0.921075 0.959655
0  -1.787445 8.750114 52.361187  -0.204619 0.973130 -0.105590  0.925726 0.950654
no_material
0  -3.511485 8.207009 52.357498  -0.388296 0.916155 -0.099434  0.927292 0.958315
0  -1.787445 8.750114 52.361187  -0.204619 0.973130 -0.105590  0.925726 0.950654
0  -1.739385 8.398980 50.805313  -0.189556 0.927259 -0.322893  0.933004 0.949753
no_material
0  -1.605150 0.530640 66.292381  -0.932688 0.320284 0.165868  0.864275 0.990755
0  -1.693395 -0.175230 66.291794  -0.980485 -0.104685 0.166401  0.865209 0.993808
0  -1.778850 -0.186210 66.993301  -0.947524 -0.099759 -0.303721  0.862438 0.994839
no_material
0  -2.288745 0.243000 63.986130  -0.917450 0.111216 0.381991  0.875277 0.990088
0  -1.693395 -0.175230 66.291794  -0.980485 -0.104685 0.166401  0.865209 0.993808
0  -1.605150 0.530640 66.292381  -0.932688 0.320284 0.165868  0.864275 0.990755
no_material
0  -2.178360 0.720855 63.980953  -0.859161 0.300647 0.414069  0.875020 0.987917
0  -2.288745 0.243000 63.986130  -0.917450 0.111216 0.381991  0.875277 0.990088
0  -1.605150 0.530640 66.292381  -0.932688 0.320284 0.165868  0.864275 0.990755
no_material
0  -2.288745 0.243000 63.986130  -0.917450 0.111216 0.381991  0.875277 0.990088
0  -2.178360 0.720855 63.980953  -0.859161 0.300647 0.414069  0.875020 0.987917
0  -2.890440 0.972495 62.742104  -0.758190 0.250632 0.601940  0.881470 0.987343
no_material
0  -2.890440 0.972495 62.742104  -0.758190 0.250632 0.601940  0.881470 0.987343
0  -2.178360 0.720855 63.980953  -0.859161 0.300647 0.414069  0.875020 0.987917
0  -2.618235 1.560465 62.729637  -0.684092 0.407444 0.604985  0.881258 0.984446
no_material
0  -2.890440 0.972495 62.742104  -0.758190 0.250632 0.601940  0.881470 0.987343
0  -2.618235 1.560465 62.729637  -0.684092 0.407444 0.604985  0.881258 0.984446
0  -6.228900 2.069820 58.212540  -0.772112 0.241626 0.587758  0.906505 0.988729
no_material
0  -2.618235 1.560465 62.729637  -0.684092 0.407444 0.604985  0.881258 0.984446
0  -5.671755 3.351510 58.214344  -0.694926 0.401719 0.596406  0.906379 0.982892
0  -6.228900 2.069820 58.212540  -0.772112 0.241626 0.587758  0.906505 0.988729
no_material
0  -6.228900 2.069820 58.212540  -0.772112 0.241626 0.587758  0.906505 0.988729
0  -5.671755 3.351510 58.214344  -0.694926 0.401719 0.596406  0.906379 0.982892
0  -7.027965 4.200345 55.916103  -0.777698 0.428895 0.459603  0.917484 0.981616
no_material
0  -7.027965 4.200345 55.916103  -0.777698 0.428895 0.459603  0.917484 0.981616
0  -5.671755 3.351510 58.214344  -0.694926 0.401719 0.596406  0.906379 0.982892
0  -6.013395 5.612670 55.910385  -0.653781 0.595122 0.467333  0.916531 0.975020
no_material
0  -7.027965 4.200345 55.916103  -0.777698 0.428895 0.459603  0.917484 0.981616
0  -6.013395 5.612670 55.910385  -0.653781 0.595122 0.467333  0.916531 0.975020
0  -6.489000 6.110955 53.955944  -0.725210 0.660172 0.195559  0.924105 0.973351
no_material
0  -6.489000 6.110955 53.955944  -0.725210 0.660172 0.195559  0.924105 0.973351
0  -6.013395 5.612670 55.910385  -0.653781 0.595122 0.467333  0.916531 0.975020
0  -5.076270 7.325460 53.942173  -0.562737 0.804762 0.188903  0.922735 0.966524
no_material
0  -6.489000 6.110955 53.955944  -0.725210 0.660172 0.195559  0.924105 0.973351
0  -5.076270 7.325460 53.942173  -0.562737 0.804762 0.188903  0.922735 0.966524
0  -5.118255 7.333650 52.350800  -0.566326 0.818745 -0.094507  0.928702 0.965430
no_material
0  -5.118255 7.333650 52.350800  -0.566326 0.818745 -0.094507  0.928702 0.965430
0  -5.076270 7.325460 53.942173  -0.562737 0.804762 0.188903  0.922735 0.966524
0  -3.511485 8.207009 52.357498  -0.388296 0.916155 -0.099434  0.927292 0.958315
no_material
0  -5.118255 7.333650 52.350800  -0.566326 0.818745 -0.094507  0.928702 0.965430
0  -3.511485 8.207009 52.357498  -0.388296 0.916155 -0.099434  0.927292 0.958315
0  -3.418245 7.882020 50.791183  -0.369349 0.873424 -0.317352  0.933876 0.957469
no_material
0  -3.418245 7.882020 50.791183  -0.369349 0.873424 -0.317352  0.933876 0.957469
0  -3.511485 8.207009 52.357498  -0.388296 0.916155 -0.099434  0.927292 0.958315
0  -1.739385 8.398980 50.805313  -0.189556 0.927259 -0.322893  0.933004 0.949753
no_material
0  -3.418245 7.882020 50.791183  -0.369349 0.873424 -0.317352  0.933876 0.957469
0  -1.739385 8.398980 50.805313  -0.189556 0.927259 -0.322893  0.933004 0.949753
0  -1.633770 7.779420 49.500496  -0.159908 0.798727 -0.580055  0.939760 0.949637
no_material
0  -3.207870 7.292295 49.479118  -0.318318 0.746973 -0.583700  0.940065 0.957093
0  -3.418245 7.882020 50.791183  -0.369349 0.873424 -0.317352  0.933876 0.957469
0  -1.633770 7.779420 49.500496  -0.159908 0.798727 -0.580055  0.939760 0.949637
no_material
0  -2.709585 6.098805 48.156567  -0.286313 0.663712 -0.691022  0.948440 0.956883
0  -3.207870 7.292295 49.479118  -0.318318 0.746973 -0.583700  0.940065 0.957093
0  -1.633770 7.779420 49.500496  -0.159908 0.798727 -0.580055  0.939760 0.949637
no_material
0  -1.380645 6.517890 48.164852  -0.143325 0.715383 -0.683875  0.948521 0.950300
0  -2.709585 6.098805 48.156567  -0.286313 0.663712 -0.691022  0.948440 0.956883
0  -1.633770 7.779420 49.500496  -0.159908 0.798727 -0.580055  0.939760 0.949637
no_material
0  -7.996634 0.869760 55.869797  -0.898095 0.075587 0.433258  0.918102 0.995985
0  -6.508170 0.698625 58.206825  -0.809959 0.080744 0.580902  0.905995 0.994711
0  -7.680915 2.576970 55.890266  -0.860261 0.248045 0.445449  0.918052 0.988563
no_material
0  -6.508170 0.698625 58.206825  -0.809959 0.080744 0.580902  0.905995 0.994711
0  -6.228900 2.069820 58.212540  -0.772112 0.241626 0.587758  0.906505 0.988729
0  -7.680915 2.576970 55.890266  -0.860261 0.248045 0.445449  0.918052 0.988563
no_material
0  -2.890440 0.972495 62.742104  -0.758190 0.250632 0.601940  0.881470 0.987343
0  -6.228900 2.069820 58.212540  -0.772112 0.241626 0.587758  0.906505 0.988729
0  -6.508170 0.698625 58.206825  -0.809959 0.080744 0.580902  0.905995 0.994711
no_material
0  -3.038130 0.337230 62.752502  -0.795849 0.087070 0.599203  0.881366 0.990183
0  -2.890440 0.972495 62.742104  -0.758190 0.250632 0.601940  0.881470 0.987343
0  -6.508170 0.698625 58.206825  -0.809959 0.080744 0.580902  0.905995 0.994711
no_material
0  -3.038130 0.337230 62.752502  -0.795849 0.087070 0.599203  0.881366 0.990183
0  -2.288745 0.243000 63.986130  -0.917450 0.111216 0.381991  0.875277 0.990088
0  -2.890440 0.972495 62.742104  -0.758190 0.250632 0.601940  0.881470 0.987343
no_material
0  -7.680915 2.576970 55.890266  -0.860261 0.248045 0.445449  0.918052 0.988563
0  -6.228900 2.069820 58.212540  -0.772112 0.241626 0.587758  0.906505 0.988729
0  -7.027965 4.200345 55.916103  -0.777698 0.428895 0.459603  0.917484 0.981616
no_material
0  -7.680915 2.576970 55.890266  -0.860261 0.248045 0.445449  0.918052 0.988563
0  -7.027965 4.200345 55.916103  -0.777698 0.428895 0.459603  0.917484 0.981616
0  -7.582320 4.570065 53.961929  -0.860473 0.469532 0.197801  0.925265 0.980320
no_material
0  -7.582320 4.570065 53.961929  -0.860473 0.469532 0.197801  0.925265 0.980320
0  -7.027965 4.200345 55.916103  -0.777698 0.428895 0.459603  0.917484 0.981616
0  -6.489000 6.110955 53.955944  -0.725210 0.660172 0.195559  0.924105 0.973351
no_material
0  -7.582320 4.570065 53.961929  -0.860473 0.469532 0.197801  0.925265 0.980320
0  -6.489000 6.110955 53.955944  -0.725210 0.660172 0.195559  0.924105 0.973351
0  -6.540975 6.120585 52.344810  -0.734910 0.672458 -0.087790  0.930028 0.972387
no_material
0  -6.540975 6.120585 52.344810  -0.734910 0.672458 -0.087790  0.930028 0.972387
0  -6.489000 6.110955 53.955944  -0.725210 0.660172 0.195559  0.924105 0.973351
0  -5.118255 7.333650 52.350800  -0.566326 0.818745 -0.094507  0.928702 0.965430
no_material
0  -6.540975 6.120585 52.344810  -0.734910 0.672458 -0.087790  0.930028 0.972387
0  -5.118255 7.333650 52.350800  -0.566326 0.818745 -0.094507  0.928702 0.965430
0  -4.972500 7.029315 50.769089  -0.540640 0.779464 -0.316456  0.934950 0.964612
no_material
0  -4.972500 7.029315 50.769089  -0.540640 0.779464 -0.316456  0.934950 0.964612
0  -5.118255 7.333650 52.350800  -0.566326 0.818745 -0.094507  0.928702 0.965430
0  -3.418245 7.882020 50.791183  -0.369349 0.873424 -0.317352  0.933876 0.957469
no_material
0  -4.972500 7.029315 50.769089  -0.540640 0.779464 -0.316456  0.934950 0.964612
0  -3.418245 7.882020 50.791183  -0.369349 0.873424 -0.317352  0.933876 0.957469
0  -3.207870 7.292295 49.479118  -0.318318 0.746973 -0.583700  0.940065 0.957093
no_material
0  -4.646790 6.474870 49.466789  -0.465086 0.660778 -0.589124  0.940806 0.964061
0  -4.972500 7.029315 50.769089  -0.540640 0.779464 -0.316456  0.934950 0.964612
0  -3.207870 7.292295 49.479118  -0.318318 0.746973 -0.583700  0.940065 0.957093
no_material
0  -6.333525 5.851530 50.753338  -0.700141 0.640863 -0.314797  0.936144 0.971525
0  -4.972500 7.029315 50.769089  -0.540640 0.779464 -0.316456  0.934950 0.964612
0  -4.646790 6.474870 49.466789  -0.465086 0.660778 -0.589124  0.940806 0.964061
no_material
0  -5.898510 5.372730 49.445370  -0.595364 0.543175 -0.592032  0.941855 0.970792
0  -6.333525 5.851530 50.753338  -0.700141 0.640863 -0.314797  0.936144 0.971525
0  -4.646790 6.474870 49.466789  -0.465086 0.660778 -0.589124  0.940806 0.964061
no_material
0  -7.394715 4.376700 50.750191  -0.830070 0.466571 -0.305442  0.937515 0.978407
0  -6.333525 5.851530 50.753338  -0.700141 0.640863 -0.314797  0.936144 0.971525
0  -5.898510 5.372730 49.445370  -0.595364 0.543175 -0.592032  0.941855 0.970792
no_material
0  -6.873120 4.012830 49.447124  -0.703860 0.399934 -0.587056  0.943178 0.977406
0  -7.394715 4.376700 50.750191  -0.830070 0.466571 -0.305442  0.937515 0.978407
0  -5.898510 5.372730 49.445370  -0.595364 0.543175 -0.592032  0.941855 0.970792
no_material
0  -8.111565 2.699955 50.757210  -0.916546 0.276165 -0.289267  0.939148 0.985453
0  -7.394715 4.376700 50.750191  -0.830070 0.466571 -0.305442  0.937515 0.978407
0  -6.873120 4.012830 49.447124  -0.703860 0.399934 -0.587056  0.943178 0.977406
no_material
0  -7.543980 2.478465 49.450497  -0.779287 0.244612 -0.576954  0.944888 0.984028
0  -8.111565 2.699955 50.757210  -0.916546 0.276165 -0.289267  0.939148 0.985453
0  -6.873120 4.012830 49.447124  -0.703860 0.399934 -0.587056  0.943178 0.977406
no_material
0  -6.333525 5.851530 50.753338  -0.700141 0.640863 -0.314797  0.936144 0.971525
0  -6.540975 6.120585 52.344810  -0.734910 0.672458 -0.087790  0.930028 0.972387
0  -4.972500 7.029315 50.769089  -0.540640 0.779464 -0.316456  0.934950 0.964612
no_material
0  -7.643970 4.583520 52.345890  -0.872315 0.483088 -0.075450  0.931334 0.979397
0  -7.582320 4.570065 53.961929  -0.860473 0.469532 0.197801  0.925265 0.980320
0  -6.540975 6.120585 52.344810  -0.734910 0.672458 -0.087790  0.930028 0.972387
no_material
0  -7.643970 4.583520 52.345890  -0.872315 0.483088 -0.075450  0.931334 0.979397
0  -6.540975 6.120585 52.344810  -0.734910 0.672458 -0.087790  0.930028 0.972387
0  -6.333525 5.851530 50.753338  -0.700141 0.640863 -0.314797  0.936144 0.971525
no_material
0  -7.394715 4.376700 50.750191  -0.830070 0.466571 -0.305442  0.937515 0.978407
0  -7.643970 4.583520 52.345890  -0.872315 0.483088 -0.075450  0.931334 0.979397
0  -6.333525 5.851530 50.753338  -0.700141 0.640863 -0.314797  0.936144 0.971525
no_material
0  -8.275140 2.801565 53.957432  -0.943279 0.266762 0.197640  0.926276 0.987693
0  -7.680915 2.576970 55.890266  -0.860261 0.248045 0.445449  0.918052 0.988563
0  -7.582320 4.570065 53.961929  -0.860473 0.469532 0.197801  0.925265 0.980320
no_material
0  -8.275140 2.801565 53.957432  -0.943279 0.266762 0.197640  0.926276 0.987693
0  -7.582320 4.570065 53.961929  -0.860473 0.469532 0.197801  0.925265 0.980320
0  -7.643970 4.583520 52.345890  -0.872315 0.483088 -0.075450  0.931334 0.979397
no_material
0  -8.373960 2.823255 52.352505  -0.958689 0.278337 -0.058689  0.932710 0.986729
0  -8.275140 2.801565 53.957432  -0.943279 0.266762 0.197640  0.926276 0.987693
0  -7.643970 4.583520 52.345890  -0.872315 0.483088 -0.075450  0.931334 0.979397
no_material
0  -8.373960 2.823255 52.352505  -0.958689 0.278337 -0.058689  0.932710 0.986729
0  -7.643970 4.583520 52.345890  -0.872315 0.483088 -0.075450  0.931334 0.979397
0  -7.394715 4.376700 50.750191  -0.830070 0.466571 -0.305442  0.937515 0.978407
no_material
0  -8.111565 2.699955 50.757210  -0.916546 0.276165 -0.289267  0.939148 0.985453
0  -8.373960 2.823255 52.352505  -0.958689 0.278337 -0.058689  0.932710 0.986729
0  -7.394715 4.376700 50.750191  -0.830070 0.466571 -0.305442  0.937515 0.978407
no_material
0  -2.709585 6.098805 48.156567  -0.286313 0.663712 -0.691022  0.948440 0.956883
0  -3.907710 5.391495 48.158371  -0.417047 0.584825 -0.695738  0.948908 0.963335
0  -3.207870 7.292295 49.479118  -0.318318 0.746973 -0.583700  0.940065 0.957093
no_material
0  -3.907710 5.391495 48.158371  -0.417047 0.584825 -0.695738  0.948908 0.963335
0  -4.646790 6.474870 49.466789  -0.465086 0.660778 -0.589124  0.940806 0.964061
0  -3.207870 7.292295 49.479118  -0.318318 0.746973 -0.583700  0.940065 0.957093
no_material
0  -3.907710 5.391495 48.158371  -0.417047 0.584825 -0.695738  0.948908 0.963335
0  -4.948065 4.463955 48.155849  -0.529141 0.481719 -0.698539  0.949678 0.969659
0  -4.646790 6.474870 49.466789  -0.465086 0.660778 -0.589124  0.940806 0.964061
no_material
0  -4.948065 4.463955 48.155849  -0.529141 0.481719 -0.698539  0.949678 0.969659
0  -5.898510 5.372730 49.445370  -0.595364 0.543175 -0.592032  0.941855 0.970792
0  -4.646790 6.474870 49.466789  -0.465086 0.660778 -0.589124  0.940806 0.964061
no_material
0  -4.948065 4.463955 48.155849  -0.529141 0.481719 -0.698539  0.949678 0.969659
0  -5.755860 3.333780 48.148384  -0.623019 0.356231 -0.696382  0.950839 0.975787
0  -5.898510 5.372730 49.445370  -0.595364 0.543175 -0.592032  0.941855 0.970792
no_material
0  -5.755860 3.333780 48.148384  -0.623019 0.356231 -0.696382  0.950839 0.975787
0  -6.873120 4.012830 49.447124  -0.703860 0.399934 -0.587056  0.943178 0.977406
0  -5.898510 5.372730 49.445370  -0.595364 0.543175 -0.592032  0.941855 0.970792
no_material
0  -5.755860 3.333780 48.148384  -0.623019 0.356231 -0.696382  0.950839 0.975787
0  -6.330015 2.061405 48.150723  -0.687498 0.221121 -0.691702  0.952336 0.981777
0  -6.873120 4.012830 49.447124  -0.703860 0.399934 -0.587056  0.943178 0.977406
no_material
0  -6.330015 2.061405 48.150723  -0.687498 0.221121 -0.691702  0.952336 0.981777
0  -7.543980 2.478465 49.450497  -0.779287 0.244612 -0.576954  0.944888 0.984028
0  -6.873120 4.012830 49.447124  -0.703860 0.399934 -0.587056  0.943178 0.977406
no_material
0  -6.330015 2.061405 48.150723  -0.687498 0.221121 -0.691702  0.952336 0.981777
0  -6.625260 0.698895 48.146397  -0.724016 0.071545 -0.686063  0.954453 0.987492
0  -7.543980 2.478465 49.450497  -0.779287 0.244612 -0.576954  0.944888 0.984028
no_material
0  -6.625260 0.698895 48.146397  -0.724016 0.071545 -0.686063  0.954453 0.987492
0  -7.879770 0.836730 49.458599  -0.821613 0.076579 -0.564878  0.947201 0.990771
0  -7.543980 2.478465 49.450497  -0.779287 0.244612 -0.576954  0.944888 0.984028
no_material
0  -7.879770 0.836730 49.458599  -0.821613 0.076579 -0.564878  0.947201 0.990771
0  -8.449875 0.907380 50.770214  -0.959143 0.078797 -0.271727  0.941250 0.992901
0  -7.543980 2.478465 49.450497  -0.779287 0.244612 -0.576954  0.944888 0.984028
no_material
0  -8.449875 0.907380 50.770214  -0.959143 0.078797 -0.271727  0.941250 0.992901
0  -8.111565 2.699955 50.757210  -0.916546 0.276165 -0.289267  0.939148 0.985453
0  -7.543980 2.478465 49.450497  -0.779287 0.244612 -0.576954  0.944888 0.984028
no_material
0  -8.449875 0.907380 50.770214  -0.959143 0.078797 -0.271727  0.941250 0.992901
0  -8.700211 0.944280 52.358624  -0.996084 0.075263 -0.046390  0.934302 0.994711
0  -8.111565 2.699955 50.757210  -0.916546 0.276165 -0.289267  0.939148 0.985453
no_material
0  -8.700211 0.944280 52.358624  -0.996084 0.075263 -0.046390  0.934302 0.994711
0  -8.373960 2.823255 52.352505  -0.958689 0.278337 -0.058689  0.932710 0.986729
0  -8.111565 2.699955 50.757210  -0.916546 0.276165 -0.289267  0.939148 0.985453
no_material
0  -8.700211 0.944280 52.358624  -0.996084 0.075263 -0.046390  0.934302 0.994711
0  -8.590185 0.940005 53.945732  -0.978252 0.074407 0.193614  0.927181 0.995813
0  -8.373960 2.823255 52.352505  -0.958689 0.278337 -0.058689  0.932710 0.986729
no_material
0  -8.590185 0.940005 53.945732  -0.978252 0.074407 0.193614  0.927181 0.995813
0  -8.275140 2.801565 53.957432  -0.943279 0.266762 0.197640  0.926276 0.987693
0  -8.373960 2.823255 52.352505  -0.958689 0.278337 -0.058689  0.932710 0.986729
no_material
0  -8.590185 0.940005 53.945732  -0.978252 0.074407 0.193614  0.927181 0.995813
0  -7.996634 0.869760 55.869797  -0.898095 0.075587 0.433258  0.918102 0.995985
0  -8.275140 2.801565 53.957432  -0.943279 0.266762 0.197640  0.926276 0.987693
no_material
0  -7.996634 0.869760 55.869797  -0.898095 0.075587 0.433258  0.918102 0.995985
0  -7.680915 2.576970 55.890266  -0.860261 0.248045 0.445449  0.918052 0.988563
0  -8.275140 2.801565 53.957432  -0.943279 0.266762 0.197640  0.926276 0.987693
no_material
0  7.596810 4.387320 18.121454  0.610681 0.351050 0.709811  0.661068 0.686267
0  8.344170 2.711925 18.122221  0.672341 0.215087 0.708305  0.668221 0.683032
0  10.931760 3.551895 15.777136  0.789410 0.251089 0.560167  0.676279 0.696882
no_material
0  9.963405 5.752710 15.777540  0.719048 0.412403 0.559368  0.666036 0.701473
0  7.596810 4.387320 18.121454  0.610681 0.351050 0.709811  0.661068 0.686267
0  10.931760 3.551895 15.777136  0.789410 0.251089 0.560167  0.676279 0.696882
no_material
0  6.519375 5.868630 18.120646  0.523948 0.469572 0.710620  0.653447 0.687919
0  7.596810 4.387320 18.121454  0.610681 0.351050 0.709811  0.661068 0.686267
0  9.963405 5.752710 15.777540  0.719048 0.412403 0.559368  0.666036 0.701473
no_material
0  8.561746 7.708590 15.778846  0.617510 0.553271 0.559082  0.655129 0.703838
0  6.519375 5.868630 18.120646  0.523948 0.469572 0.710620  0.653447 0.687919
0  9.963405 5.752710 15.777540  0.719048 0.412403 0.559368  0.666036 0.701473
no_material
0  5.158530 7.098030 18.123436  0.415719 0.567506 0.710715  0.645644 0.688013
0  6.519375 5.868630 18.120646  0.523948 0.469572 0.710620  0.653447 0.687919
0  8.561746 7.708590 15.778846  0.617510 0.553271 0.559082  0.655129 0.703838
no_material
0  6.771915 9.321390 15.780061  0.489848 0.669698 0.558169  0.643978 0.703838
0  5.158530 7.098030 18.123436  0.415719 0.567506 0.710715  0.645644 0.688013
0  8.561746 7.708590 15.778846  0.617510 0.553271 0.559082  0.655129 0.703838
no_material
0  3.573360 8.022285 18.128429  0.286243 0.645059 0.708494  0.637997 0.686420
0  5.158530 7.098030 18.123436  0.415719 0.567506 0.710715  0.645644 0.688013
0  6.771915 9.321390 15.780061  0.489848 0.669698 0.558169  0.643978 0.703838
no_material
0  4.688460 10.533916 15.779474  0.332542 0.760308 0.557986  0.633104 0.701544
0  3.573360 8.022285 18.128429  0.286243 0.645059 0.708494  0.637997 0.686420
0  6.771915 9.321390 15.780061  0.489848 0.669698 0.558169  0.643978 0.703838
no_material
0  1.828845 8.595765 18.133921  0.147801 0.695578 0.703083  0.630917 0.683212
0  3.573360 8.022285 18.128429  0.286243 0.645059 0.708494  0.637997 0.686420
0  4.688460 10.533916 15.779474  0.332542 0.760308 0.557986  0.633104 0.701544
no_material
0  2.380725 11.196404 15.773400  0.168084 0.813821 0.556276  0.623054 0.696871
0  1.828845 8.595765 18.133921  0.147801 0.695578 0.703083  0.630917 0.683212
0  4.688460 10.533916 15.779474  0.332542 0.760308 0.557986  0.633104 0.701544
no_material
0  0.001575 8.797365 18.142965  0.002822 0.713086 0.701071  0.624569 0.678721
0  1.828845 8.595765 18.133921  0.147801 0.695578 0.703083  0.630917 0.683212
0  2.380725 11.196404 15.773400  0.168084 0.813821 0.556276  0.623054 0.696871
no_material
0  0.000270 11.457450 15.773581  0.002947 0.831145 0.556048  0.614048 0.690364
0  0.001575 8.797365 18.142965  0.002822 0.713086 0.701071  0.624569 0.678721
0  2.380725 11.196404 15.773400  0.168084 0.813821 0.556276  0.623054 0.696871
no_material
0  6.209235 -3.584160 20.157120  0.740660 -0.429287 0.516851  0.675693 0.656024
0  5.327640 -4.795965 20.156309  0.637691 -0.572657 0.515183  0.676228 0.650372
0  6.502410 -5.855850 18.098324  0.531907 -0.479754 0.697790  0.686618 0.650160
no_material
0  7.582905 -4.379130 18.104309  0.616438 -0.362355 0.699073  0.685947 0.657968
0  6.209235 -3.584160 20.157120  0.740660 -0.429287 0.516851  0.675693 0.656024
0  6.502410 -5.855850 18.098324  0.531907 -0.479754 0.697790  0.686618 0.650160
no_material
0  6.821145 -2.215665 20.158875  0.812639 -0.266819 0.518099  0.673996 0.661443
0  6.209235 -3.584160 20.157120  0.740660 -0.429287 0.516851  0.675693 0.656024
0  7.582905 -4.379130 18.104309  0.616438 -0.362355 0.699073  0.685947 0.657968
no_material
0  8.332515 -2.708415 18.109350  0.675675 -0.225762 0.701780  0.683640 0.665491
0  6.821145 -2.215665 20.158875  0.812639 -0.266819 0.518099  0.673996 0.661443
0  7.582905 -4.379130 18.104309  0.616438 -0.362355 0.699073  0.685947 0.657968
no_material
0  7.136685 -0.749430 20.161440  0.849698 -0.092208 0.519145  0.671202 0.666387
0  6.821145 -2.215665 20.158875  0.812639 -0.266819 0.518099  0.673996 0.661443
0  8.332515 -2.708415 18.109350  0.675675 -0.225762 0.701780  0.683640 0.665491
no_material
0  8.720235 -0.917910 18.116100  0.706089 -0.078841 0.703720  0.679798 0.672382
0  7.136685 -0.749430 20.161440  0.849698 -0.092208 0.519145  0.671202 0.666387
0  8.332515 -2.708415 18.109350  0.675675 -0.225762 0.701780  0.683640 0.665491
no_material
0  7.140105 0.749205 20.163645  0.849872 0.087037 0.519752  0.667430 0.670626
0  7.136685 -0.749430 20.161440  0.849698 -0.092208 0.519145  0.671202 0.666387
0  8.720235 -0.917910 18.116100  0.706089 -0.078841 0.703720  0.679798 0.672382
no_material
0  8.724060 0.917775 18.120014  0.705137 0.069304 0.705676  0.674584 0.678347
0  7.140105 0.749205 20.163645  0.849872 0.087037 0.519752  0.667430 0.670626
0  8.720235 -0.917910 18.116100  0.706089 -0.078841 0.703720  0.679798 0.672382
no_material
0  6.830955 2.218230 20.165535  0.813086 0.262394 0.519654  0.662939 0.674055
0  7.140105 0.749205 20.163645  0.849872 0.087037 0.519752  0.667430 0.670626
0  8.724060 0.917775 18.120014  0.705137 0.069304 0.705676  0.674584 0.678347
no_material
0  8.344170 2.711925 18.122221  0.672341 0.215087 0.708305  0.668221 0.683032
0  6.830955 2.218230 20.165535  0.813086 0.262394 0.519654  0.662939 0.674055
0  8.724060 0.917775 18.120014  0.705137 0.069304 0.705676  0.674584 0.678347
no_material
0  6.222240 3.591180 20.166840  0.740929 0.426182 0.519030  0.657822 0.676447
0  6.830955 2.218230 20.165535  0.813086 0.262394 0.519654  0.662939 0.674055
0  8.344170 2.711925 18.122221  0.672341 0.215087 0.708305  0.668221 0.683032
no_material
0  7.596810 4.387320 18.121454  0.610681 0.351050 0.709811  0.661068 0.686267
0  6.222240 3.591180 20.166840  0.740929 0.426182 0.519030  0.657822 0.676447
0  8.344170 2.711925 18.122221  0.672341 0.215087 0.708305  0.668221 0.683032
no_material
0  5.341050 4.807620 20.167965  0.636958 0.570600 0.518363  0.652325 0.677705
0  6.222240 3.591180 20.166840  0.740929 0.426182 0.519030  0.657822 0.676447
0  7.596810 4.387320 18.121454  0.610681 0.351050 0.709811  0.661068 0.686267
no_material
0  6.519375 5.868630 18.120646  0.523948 0.469572 0.710620  0.653447 0.687919
0  5.341050 4.807620 20.167965  0.636958 0.570600 0.518363  0.652325 0.677705
0  7.596810 4.387320 18.121454  0.610681 0.351050 0.709811  0.661068 0.686267
no_material
0  4.226670 5.815575 20.170080  0.506221 0.689513 0.517989  0.646665 0.677716
0  5.341050 4.807620 20.167965  0.636958 0.570600 0.518363  0.652325 0.677705
0  6.519375 5.868630 18.120646  0.523948 0.469572 0.710620  0.653447 0.687919
no_material
0  5.158530 7.098030 18.123436  0.415719 0.567506 0.710715  0.645644 0.688013
0  4.226670 5.815575 20.170080  0.506221 0.689513 0.517989  0.646665 0.677716
0  6.519375 5.868630 18.120646  0.523948 0.469572 0.710620  0.653447 0.687919
no_material
0  2.927835 6.572340 20.173904  0.353897 0.778858 0.517820  0.641161 0.676612
0  4.226670 5.815575 20.170080  0.506221 0.689513 0.517989  0.646665 0.677716
0  5.158530 7.098030 18.123436  0.415719 0.567506 0.710715  0.645644 0.688013
no_material
0  3.573360 8.022285 18.128429  0.286243 0.645059 0.708494  0.637997 0.686420
0  2.927835 6.572340 20.173904  0.353897 0.778858 0.517820  0.641161 0.676612
0  5.158530 7.098030 18.123436  0.415719 0.567506 0.710715  0.645644 0.688013
no_material
0  1.823850 -8.573580 18.112364  0.155397 -0.696968 0.700062  0.679289 0.628371
0  0.001125 -8.773335 18.120060  0.002965 -0.713246 0.700907  0.674057 0.622657
0  0.000495 -11.442105 15.771510  0.002943 -0.826155 0.563435  0.684271 0.610994
no_material
0  2.370915 -11.155860 15.769305  0.179819 -0.805616 0.564489  0.691639 0.619026
0  1.823850 -8.573580 18.112364  0.155397 -0.696968 0.700062  0.679289 0.628371
0  0.000495 -11.442105 15.771510  0.002943 -0.826155 0.563435  0.684271 0.610994
no_material
0  3.562020 -7.997940 18.102600  0.295570 -0.650584 0.699556  0.683244 0.635045
0  1.823850 -8.573580 18.112364  0.155397 -0.696968 0.700062  0.679289 0.628371
0  2.370915 -11.155860 15.769305  0.179819 -0.805616 0.564489  0.691639 0.619026
no_material
0  4.633920 -10.406475 15.769170  0.340252 -0.750548 0.566485  0.697310 0.628413
0  3.562020 -7.997940 18.102600  0.295570 -0.650584 0.699556  0.683244 0.635045
0  2.370915 -11.155860 15.769305  0.179819 -0.805616 0.564489  0.691639 0.619026
no_material
0  5.142825 -7.079220 18.097694  0.423480 -0.576418 0.698861  0.685732 0.642411
0  3.562020 -7.997940 18.102600  0.295570 -0.650584 0.699556  0.683244 0.635045
0  4.633920 -10.406475 15.769170  0.340252 -0.750548 0.566485  0.697310 0.628413
no_material
0  6.686055 -9.202906 15.768900  0.488166 -0.663020 0.567537  0.700940 0.638838
0  5.142825 -7.079220 18.097694  0.423480 -0.576418 0.698861  0.685732 0.642411
0  4.633920 -10.406475 15.769170  0.340252 -0.750548 0.566485  0.697310 0.628413
no_material
0  6.502410 -5.855850 18.098324  0.531907 -0.479754 0.697790  0.686618 0.650160
0  5.142825 -7.079220 18.097694  0.423480 -0.576418 0.698861  0.685732 0.642411
0  6.686055 -9.202906 15.768900  0.488166 -0.663020 0.567537  0.700940 0.638838
no_material
0  8.433180 -7.593165 15.767236  0.611897 -0.551274 0.567167  0.702303 0.649898
0  6.502410 -5.855850 18.098324  0.531907 -0.479754 0.697790  0.686618 0.650160
0  6.686055 -9.202906 15.768900  0.488166 -0.663020 0.567537  0.700940 0.638838
no_material
0  7.582905 -4.379130 18.104309  0.616438 -0.362355 0.699073  0.685947 0.657968
0  6.502410 -5.855850 18.098324  0.531907 -0.479754 0.697790  0.686618 0.650160
0  8.433180 -7.593165 15.767236  0.611897 -0.551274 0.567167  0.702303 0.649898
no_material
0  9.846765 -5.680575 15.767910  0.709797 -0.419353 0.565978  0.701368 0.661067
0  7.582905 -4.379130 18.104309  0.616438 -0.362355 0.699073  0.685947 0.657968
0  8.433180 -7.593165 15.767236  0.611897 -0.551274 0.567167  0.702303 0.649898
no_material
0  8.332515 -2.708415 18.109350  0.675675 -0.225762 0.701780  0.683640 0.665491
0  7.582905 -4.379130 18.104309  0.616438 -0.362355 0.699073  0.685947 0.657968
0  9.846765 -5.680575 15.767910  0.709797 -0.419353 0.565978  0.701368 0.661067
no_material
0  10.852380 -3.524895 15.771465  0.782423 -0.263012 0.564481  0.698185 0.671804
0  8.332515 -2.708415 18.109350  0.675675 -0.225762 0.701780  0.683640 0.665491
0  9.846765 -5.680575 15.767910  0.709797 -0.419353 0.565978  0.701368 0.661067
no_material
0  8.720235 -0.917910 18.116100  0.706089 -0.078841 0.703720  0.679798 0.672382
0  8.332515 -2.708415 18.109350  0.675675 -0.225762 0.701780  0.683640 0.665491
0  10.852380 -3.524895 15.771465  0.782423 -0.263012 0.564481  0.698185 0.671804
no_material
0  11.365920 -1.192590 15.774885  0.821316 -0.092337 0.562951  0.692719 0.681638
0  8.720235 -0.917910 18.116100  0.706089 -0.078841 0.703720  0.679798 0.672382
0  10.852380 -3.524895 15.771465  0.782423 -0.263012 0.564481  0.698185 0.671804
no_material
0  8.724060 0.917775 18.120014  0.705137 0.069304 0.705676  0.674584 0.678347
0  8.720235 -0.917910 18.116100  0.706089 -0.078841 0.703720  0.679798 0.672382
0  11.365920 -1.192590 15.774885  0.821316 -0.092337 0.562951  0.692719 0.681638
no_material
0  11.388105 1.196505 15.775650  0.823851 0.079392 0.561219  0.685301 0.690117
0  8.724060 0.917775 18.120014  0.705137 0.069304 0.705676  0.674584 0.678347
0  11.365920 -1.192590 15.774885  0.821316 -0.092337 0.562951  0.692719 0.681638
no_material
0  8.344170 2.711925 18.122221  0.672341 0.215087 0.708305  0.668221 0.683032
0  8.724060 0.917775 18.120014  0.705137 0.069304 0.705676  0.674584 0.678347
0  11.388105 1.196505 15.775650  0.823851 0.079392 0.561219  0.685301 0.690117
no_material
0  10.931760 3.551895 15.777136  0.789410 0.251089 0.560167  0.676279 0.696882
0  8.344170 2.711925 18.122221  0.672341 0.215087 0.708305  0.668221 0.683032
0  11.388105 1.196505 15.775650  0.823851 0.079392 0.561219  0.685301 0.690117
no_material
0  -5.352885 -4.821975 20.178675  -0.634570 -0.577715 0.513387  0.646493 0.623748
0  -6.245145 -3.608010 20.184031  -0.739380 -0.434015 0.514732  0.640991 0.624970
0  -7.608330 -4.394790 18.133110  -0.615339 -0.365349 0.698482  0.637812 0.615230
no_material
0  -6.521085 -5.873535 18.122715  -0.529657 -0.482994 0.697267  0.645406 0.613630
0  -5.352885 -4.821975 20.178675  -0.634570 -0.577715 0.513387  0.646493 0.623748
0  -7.608330 -4.394790 18.133110  -0.615339 -0.365349 0.698482  0.637812 0.615230
no_material
0  -4.230855 -5.825385 20.175480  -0.503356 -0.695864 0.512255  0.652126 0.623693
0  -5.352885 -4.821975 20.178675  -0.634570 -0.577715 0.513387  0.646493 0.623748
0  -6.521085 -5.873535 18.122715  -0.529657 -0.482994 0.697267  0.645406 0.613630
no_material
0  -5.154210 -7.095735 18.116505  -0.420385 -0.578952 0.698635  0.653120 0.613583
0  -4.230855 -5.825385 20.175480  -0.503356 -0.695864 0.512255  0.652126 0.623693
0  -6.521085 -5.873535 18.122715  -0.529657 -0.482994 0.697267  0.645406 0.613630
no_material
0  -2.927115 -6.576570 20.174894  -0.350238 -0.784554 0.511672  0.657660 0.624840
0  -4.230855 -5.825385 20.175480  -0.503356 -0.695864 0.512255  0.652126 0.623693
0  -5.154210 -7.095735 18.116505  -0.420385 -0.578952 0.698635  0.653120 0.613583
no_material
0  -3.566115 -8.011260 18.115561  -0.291305 -0.652218 0.699823  0.660678 0.615092
0  -2.927115 -6.576570 20.174894  -0.350238 -0.784554 0.511672  0.657660 0.624840
0  -5.154210 -7.095735 18.116505  -0.420385 -0.578952 0.698635  0.653120 0.613583
no_material
0  -1.496115 -7.042860 20.175930  -0.179148 -0.840183 0.511858  0.662815 0.627097
0  -2.927115 -6.576570 20.174894  -0.350238 -0.784554 0.511672  0.657660 0.624840
0  -3.566115 -8.011260 18.115561  -0.291305 -0.652218 0.699823  0.660678 0.615092
no_material
0  -1.823400 -8.580870 18.119070  -0.149926 -0.697870 0.700356  0.667735 0.618203
0  -1.496115 -7.042860 20.175930  -0.179148 -0.840183 0.511858  0.662815 0.627097
0  -3.566115 -8.011260 18.115561  -0.291305 -0.652218 0.699823  0.660678 0.615092
no_material
0  0.001395 -7.198290 20.175076  0.004037 -0.858830 0.512246  0.667347 0.630378
0  -1.496115 -7.042860 20.175930  -0.179148 -0.840183 0.511858  0.662815 0.627097
0  -1.823400 -8.580870 18.119070  -0.149926 -0.697870 0.700356  0.667735 0.618203
no_material
0  0.001125 -8.773335 18.120060  0.002965 -0.713246 0.700907  0.674057 0.622657
0  0.001395 -7.198290 20.175076  0.004037 -0.858830 0.512246  0.667347 0.630378
0  -1.823400 -8.580870 18.119070  -0.149926 -0.697870 0.700356  0.667735 0.618203
no_material
0  1.496655 -7.032645 20.169901  0.186764 -0.838224 0.512347  0.671056 0.634524
0  0.001395 -7.198290 20.175076  0.004037 -0.858830 0.512246  0.667347 0.630378
0  0.001125 -8.773335 18.120060  0.002965 -0.713246 0.700907  0.674057 0.622657
no_material
0  1.823850 -8.573580 18.112364  0.155397 -0.696968 0.700062  0.679289 0.628371
0  1.496655 -7.032645 20.169901  0.186764 -0.838224 0.512347  0.671056 0.634524
0  0.001125 -8.773335 18.120060  0.002965 -0.713246 0.700907  0.674057 0.622657
no_material
0  2.921445 -6.557985 20.163059  0.356655 -0.780972 0.512719  0.673833 0.639365
0  1.496655 -7.032645 20.169901  0.186764 -0.838224 0.512347  0.671056 0.634524
0  1.823850 -8.573580 18.112364  0.155397 -0.696968 0.700062  0.679289 0.628371
no_material
0  3.562020 -7.997940 18.102600  0.295570 -0.650584 0.699556  0.683244 0.635045
0  2.921445 -6.557985 20.163059  0.356655 -0.780972 0.512719  0.673833 0.639365
0  1.823850 -8.573580 18.112364  0.155397 -0.696968 0.700062  0.679289 0.628371
no_material
0  4.216185 -5.801265 20.158199  0.508268 -0.691264 0.513632  0.675598 0.644729
0  2.921445 -6.557985 20.163059  0.356655 -0.780972 0.512719  0.673833 0.639365
0  3.562020 -7.997940 18.102600  0.295570 -0.650584 0.699556  0.683244 0.635045
no_material
0  5.142825 -7.079220 18.097694  0.423480 -0.576418 0.698861  0.685732 0.642411
0  4.216185 -5.801265 20.158199  0.508268 -0.691264 0.513632  0.675598 0.644729
0  3.562020 -7.997940 18.102600  0.295570 -0.650584 0.699556  0.683244 0.635045
no_material
0  5.327640 -4.795965 20.156309  0.637691 -0.572657 0.515183  0.676228 0.650372
0  4.216185 -5.801265 20.158199  0.508268 -0.691264 0.513632  0.675598 0.644729
0  5.142825 -7.079220 18.097694  0.423480 -0.576418 0.698861  0.685732 0.642411
no_material
0  6.502410 -5.855850 18.098324  0.531907 -0.479754 0.697790  0.686618 0.650160
0  5.327640 -4.795965 20.156309  0.637691 -0.572657 0.515183  0.676228 0.650372
0  5.142825 -7.079220 18.097694  0.423480 -0.576418 0.698861  0.685732 0.642411
no_material
0  -8.759115 0.922005 18.152370  -0.704202 0.070748 0.706466  0.619169 0.628929
0  -8.375669 2.722635 18.152550  -0.671471 0.218584 0.708059  0.615294 0.635744
0  -10.995660 3.569985 15.782220  -0.793202 0.257227 0.551965  0.600563 0.629383
no_material
0  -11.475720 1.205910 15.780556  -0.829266 0.082368 0.552751  0.606111 0.619679
0  -8.759115 0.922005 18.152370  -0.704202 0.070748 0.706466  0.619169 0.628929
0  -10.995660 3.569985 15.782220  -0.793202 0.257227 0.551965  0.600563 0.629383
no_material
0  -8.755380 -0.922410 18.148409  -0.705252 -0.080373 0.704386  0.624384 0.623084
0  -8.759115 0.922005 18.152370  -0.704202 0.070748 0.706466  0.619169 0.628929
0  -11.475720 1.205910 15.780556  -0.829266 0.082368 0.552751  0.606111 0.619679
no_material
0  -11.452950 -1.204290 15.778395  -0.826738 -0.095544 0.554416  0.613564 0.611349
0  -8.755380 -0.922410 18.148409  -0.705252 -0.080373 0.704386  0.624384 0.623084
0  -11.475720 1.205910 15.780556  -0.829266 0.082368 0.552751  0.606111 0.619679
no_material
0  -8.363205 -2.719170 18.141165  -0.674937 -0.228647 0.701556  0.630672 0.618415
0  -8.755380 -0.922410 18.148409  -0.705252 -0.080373 0.704386  0.624384 0.623084
0  -11.452950 -1.204290 15.778395  -0.826738 -0.095544 0.554416  0.613564 0.611349
no_material
0  -10.913940 -3.546225 15.776190  -0.786380 -0.268714 0.556236  0.622613 0.604810
0  -8.363205 -2.719170 18.141165  -0.674937 -0.228647 0.701556  0.630672 0.618415
0  -11.452950 -1.204290 15.778395  -0.826738 -0.095544 0.554416  0.613564 0.611349
no_material
0  -7.608330 -4.394790 18.133110  -0.615339 -0.365349 0.698482  0.637812 0.615230
0  -8.363205 -2.719170 18.141165  -0.674937 -0.228647 0.701556  0.630672 0.618415
0  -10.913940 -3.546225 15.776190  -0.786380 -0.268714 0.556236  0.622613 0.604810
no_material
0  -9.891315 -5.709600 15.774975  -0.712636 -0.424635 0.558423  0.632838 0.600387
0  -7.608330 -4.394790 18.133110  -0.615339 -0.365349 0.698482  0.637812 0.615230
0  -10.913940 -3.546225 15.776190  -0.786380 -0.268714 0.556236  0.622613 0.604810
no_material
0  -6.521085 -5.873535 18.122715  -0.529657 -0.482994 0.697267  0.645406 0.613630
0  -7.608330 -4.394790 18.133110  -0.615339 -0.365349 0.698482  0.637812 0.615230
0  -9.891315 -5.709600 15.774975  -0.712636 -0.424635 0.558423  0.632838 0.600387
no_material
0  -8.466255 -7.625205 15.771060  -0.612876 -0.556704 0.560771  0.643699 0.598130
0  -6.521085 -5.873535 18.122715  -0.529657 -0.482994 0.697267  0.645406 0.613630
0  -9.891315 -5.709600 15.774975  -0.712636 -0.424635 0.558423  0.632838 0.600387
no_material
0  -5.154210 -7.095735 18.116505  -0.420385 -0.578952 0.698635  0.653120 0.613583
0  -6.521085 -5.873535 18.122715  -0.529657 -0.482994 0.697267  0.645406 0.613630
0  -8.466255 -7.625205 15.771060  -0.612876 -0.556704 0.560771  0.643699 0.598130
no_material
0  -6.707520 -9.235081 15.769800  -0.487512 -0.667597 0.562714  0.654708 0.598128
0  -5.154210 -7.095735 18.116505  -0.420385 -0.578952 0.698635  0.653120 0.613583
0  -8.466255 -7.625205 15.771060  -0.612876 -0.556704 0.560771  0.643699 0.598130
no_material
0  -3.566115 -8.011260 18.115561  -0.291305 -0.652218 0.699823  0.660678 0.615092
0  -5.154210 -7.095735 18.116505  -0.420385 -0.578952 0.698635  0.653120 0.613583
0  -6.707520 -9.235081 15.769800  -0.487512 -0.667597 0.562714  0.654708 0.598128
no_material
0  -4.645755 -10.437075 15.771960  -0.337225 -0.754252 0.563368  0.665367 0.600385
0  -3.566115 -8.011260 18.115561  -0.291305 -0.652218 0.699823  0.660678 0.615092
0  -6.707520 -9.235081 15.769800  -0.487512 -0.667597 0.562714  0.654708 0.598128
no_material
0  -1.823400 -8.580870 18.119070  -0.149926 -0.697870 0.700356  0.667735 0.618203
0  -3.566115 -8.011260 18.115561  -0.291305 -0.652218 0.699823  0.660678 0.615092
0  -4.645755 -10.437075 15.771960  -0.337225 -0.754252 0.563368  0.665367 0.600385
no_material
0  -2.373615 -11.172915 15.770385  -0.174294 -0.807967 0.562860  0.675356 0.604697
0  -1.823400 -8.580870 18.119070  -0.149926 -0.697870 0.700356  0.667735 0.618203
0  -4.645755 -10.437075 15.771960  -0.337225 -0.754252 0.563368  0.665367 0.600385
no_material
0  0.001125 -8.773335 18.120060  0.002965 -0.713246 0.700907  0.674057 0.622657
0  -1.823400 -8.580870 18.119070  -0.149926 -0.697870 0.700356  0.667735 0.618203
0  -2.373615 -11.172915 15.770385  -0.174294 -0.807967 0.562860  0.675356 0.604697
no_material
0  0.000495 -11.442105 15.771510  0.002943 -0.826155 0.563435  0.684271 0.610994
0  0.001125 -8.773335 18.120060  0.002965 -0.713246 0.700907  0.674057 0.622657
0  -2.373615 -11.172915 15.770385  -0.174294 -0.807967 0.562860  0.675356 0.604697
no_material
0  -2.933235 6.591240 20.186146  -0.347376 0.782417 0.516869  0.624823 0.662056
0  -1.498950 7.056675 20.186056  -0.177572 0.837348 0.517026  0.627658 0.666937
0  -1.827720 8.603100 18.140354  -0.142497 0.696529 0.703237  0.619330 0.672925
no_material
0  -3.576735 8.036325 18.141975  -0.282187 0.646927 0.708418  0.615410 0.666189
0  -2.933235 6.591240 20.186146  -0.347376 0.782417 0.516869  0.624823 0.662056
0  -1.827720 8.603100 18.140354  -0.142497 0.696529 0.703237  0.619330 0.672925
no_material
0  -4.241025 5.839875 20.187765  -0.501313 0.694014 0.516750  0.623055 0.656681
0  -2.933235 6.591240 20.186146  -0.347376 0.782417 0.516869  0.624823 0.662056
0  -3.576735 8.036325 18.141975  -0.282187 0.646927 0.708418  0.615410 0.666189
no_material
0  -5.169285 7.116660 18.141569  -0.412964 0.570180 0.710180  0.613032 0.658771
0  -4.241025 5.839875 20.187765  -0.501313 0.694014 0.516750  0.623055 0.656681
0  -3.576735 8.036325 18.141975  -0.282187 0.646927 0.708418  0.615410 0.666189
no_material
0  -5.365800 4.833585 20.190510  -0.633871 0.575541 0.516682  0.622433 0.651031
0  -4.241025 5.839875 20.187765  -0.501313 0.694014 0.516750  0.623055 0.656681
0  -5.169285 7.116660 18.141569  -0.412964 0.570180 0.710180  0.613032 0.658771
no_material
0  -6.537735 5.888430 18.144316  -0.522330 0.472583 0.709814  0.612163 0.651038
0  -5.365800 4.833585 20.190510  -0.633871 0.575541 0.516682  0.622433 0.651031
0  -5.169285 7.116660 18.141569  -0.412964 0.570180 0.710180  0.613032 0.658771
no_material
0  -6.257385 3.614715 20.193525  -0.739666 0.430853 0.516972  0.623067 0.645340
0  -5.365800 4.833585 20.190510  -0.633871 0.575541 0.516682  0.622433 0.651031
0  -6.537735 5.888430 18.144316  -0.522330 0.472583 0.709814  0.612163 0.651038
no_material
0  -7.623090 4.403160 18.149086  -0.610006 0.354160 0.708847  0.612906 0.643231
0  -6.257385 3.614715 20.193525  -0.739666 0.430853 0.516972  0.623067 0.645340
0  -6.537735 5.888430 18.144316  -0.522330 0.472583 0.709814  0.612163 0.651038
no_material
0  -6.875280 2.235690 20.195910  -0.813383 0.266118 0.517291  0.624733 0.639897
0  -6.257385 3.614715 20.193525  -0.739666 0.430853 0.516972  0.623067 0.645340
0  -7.623090 4.403160 18.149086  -0.610006 0.354160 0.708847  0.612906 0.643231
no_material
0  -8.375669 2.722635 18.152550  -0.671471 0.218584 0.708059  0.615294 0.635744
0  -6.875280 2.235690 20.195910  -0.813383 0.266118 0.517291  0.624733 0.639897
0  -7.623090 4.403160 18.149086  -0.610006 0.354160 0.708847  0.612906 0.643231
no_material
0  -7.190910 0.757350 20.196585  -0.851227 0.088722 0.517243  0.627498 0.634929
0  -6.875280 2.235690 20.195910  -0.813383 0.266118 0.517291  0.624733 0.639897
0  -8.375669 2.722635 18.152550  -0.671471 0.218584 0.708059  0.615294 0.635744
no_material
0  -8.759115 0.922005 18.152370  -0.704202 0.070748 0.706466  0.619169 0.628929
0  -7.190910 0.757350 20.196585  -0.851227 0.088722 0.517243  0.627498 0.634929
0  -8.375669 2.722635 18.152550  -0.671471 0.218584 0.708059  0.615294 0.635744
no_material
0  -7.187805 -0.757800 20.194426  -0.851065 -0.093396 0.516687  0.631242 0.630649
0  -7.190910 0.757350 20.196585  -0.851227 0.088722 0.517243  0.627498 0.634929
0  -8.759115 0.922005 18.152370  -0.704202 0.070748 0.706466  0.619169 0.628929
no_material
0  -8.755380 -0.922410 18.148409  -0.705252 -0.080373 0.704386  0.624384 0.623084
0  -7.187805 -0.757800 20.194426  -0.851065 -0.093396 0.516687  0.631242 0.630649
0  -8.759115 0.922005 18.152370  -0.704202 0.070748 0.706466  0.619169 0.628929
no_material
0  -6.866460 -2.233350 20.189520  -0.812915 -0.270532 0.515734  0.635863 0.627322
0  -7.187805 -0.757800 20.194426  -0.851065 -0.093396 0.516687  0.631242 0.630649
0  -8.755380 -0.922410 18.148409  -0.705252 -0.080373 0.704386  0.624384 0.623084
no_material
0  -8.363205 -2.719170 18.141165  -0.674937 -0.228647 0.701556  0.630672 0.618415
0  -6.866460 -2.233350 20.189520  -0.812915 -0.270532 0.515734  0.635863 0.627322
0  -8.755380 -0.922410 18.148409  -0.705252 -0.080373 0.704386  0.624384 0.623084
no_material
0  -6.245145 -3.608010 20.184031  -0.739380 -0.434015 0.514732  0.640991 0.624970
0  -6.866460 -2.233350 20.189520  -0.812915 -0.270532 0.515734  0.635863 0.627322
0  -8.363205 -2.719170 18.141165  -0.674937 -0.228647 0.701556  0.630672 0.618415
no_material
0  -7.608330 -4.394790 18.133110  -0.615339 -0.365349 0.698482  0.637812 0.615230
0  -6.245145 -3.608010 20.184031  -0.739380 -0.434015 0.514732  0.640991 0.624970
0  -8.363205 -2.719170 18.141165  -0.674937 -0.228647 0.701556  0.630672 0.618415
no_material
0  1.499715 7.046280 20.179846  0.185285 0.835358 0.517539  0.636000 0.674376
0  2.927835 6.572340 20.173904  0.353897 0.778858 0.517820  0.641161 0.676612
0  3.573360 8.022285 18.128429  0.286243 0.645059 0.708494  0.637997 0.686420
no_material
0  1.828845 8.595765 18.133921  0.147801 0.695578 0.703083  0.630917 0.683212
0  1.499715 7.046280 20.179846  0.185285 0.835358 0.517539  0.636000 0.674376
0  3.573360 8.022285 18.128429  0.286243 0.645059 0.708494  0.637997 0.686420
no_material
0  0.001620 7.213185 20.185650  0.004053 0.855729 0.517409  0.631428 0.671104
0  1.499715 7.046280 20.179846  0.185285 0.835358 0.517539  0.636000 0.674376
0  1.828845 8.595765 18.133921  0.147801 0.695578 0.703083  0.630917 0.683212
no_material
0  0.001575 8.797365 18.142965  0.002822 0.713086 0.701071  0.624569 0.678721
0  0.001620 7.213185 20.185650  0.004053 0.855729 0.517409  0.631428 0.671104
0  1.828845 8.595765 18.133921  0.147801 0.695578 0.703083  0.630917 0.683212
no_material
0  -1.498950 7.056675 20.186056  -0.177572 0.837348 0.517026  0.627658 0.666937
0  0.001620 7.213185 20.185650  0.004053 0.855729 0.517409  0.631428 0.671104
0  0.001575 8.797365 18.142965  0.002822 0.713086 0.701071  0.624569 0.678721
no_material
0  -1.827720 8.603100 18.140354  -0.142497 0.696529 0.703237  0.619330 0.672925
0  -1.498950 7.056675 20.186056  -0.177572 0.837348 0.517026  0.627658 0.666937
0  0.001575 8.797365 18.142965  0.002822 0.713086 0.701071  0.624569 0.678721
no_material
0  -1.827720 8.603100 18.140354  -0.142497 0.696529 0.703237  0.619330 0.672925
0  0.001575 8.797365 18.142965  0.002822 0.713086 0.701071  0.624569 0.678721
0  0.000270 11.457450 15.773581  0.002947 0.831145 0.556048  0.614048 0.690364
no_material
0  -2.383425 11.211975 15.775829  -0.162714 0.816042 0.554616  0.606654 0.682118
0  -1.827720 8.603100 18.140354  -0.142497 0.696529 0.703237  0.619330 0.672925
0  0.000270 11.457450 15.773581  0.002947 0.831145 0.556048  0.614048 0.690364
no_material
0  -3.576735 8.036325 18.141975  -0.282187 0.646927 0.708418  0.615410 0.666189
0  -1.827720 8.603100 18.140354  -0.142497 0.696529 0.703237  0.619330 0.672925
0  -2.383425 11.211975 15.775829  -0.162714 0.816042 0.554616  0.606654 0.682118
no_material
0  -4.702905 10.564425 15.777495  -0.329674 0.763980 0.554662  0.600858 0.672695
0  -3.576735 8.036325 18.141975  -0.282187 0.646927 0.708418  0.615410 0.666189
0  -2.383425 11.211975 15.775829  -0.162714 0.816042 0.554616  0.606654 0.682118
no_material
0  -5.169285 7.116660 18.141569  -0.412964 0.570180 0.710180  0.613032 0.658771
0  -3.576735 8.036325 18.141975  -0.282187 0.646927 0.708418  0.615410 0.666189
0  -4.702905 10.564425 15.777495  -0.329674 0.763980 0.554662  0.600858 0.672695
no_material
0  -6.793695 9.350235 15.780420  -0.488994 0.674646 0.552935  0.597386 0.662152
0  -5.169285 7.116660 18.141569  -0.412964 0.570180 0.710180  0.613032 0.658771
0  -4.702905 10.564425 15.777495  -0.329674 0.763980 0.554662  0.600858 0.672695
no_material
0  -6.537735 5.888430 18.144316  -0.522330 0.472583 0.709814  0.612163 0.651038
0  -5.169285 7.116660 18.141569  -0.412964 0.570180 0.710180  0.613032 0.658771
0  -6.793695 9.350235 15.780420  -0.488994 0.674646 0.552935  0.597386 0.662152
no_material
0  -8.600445 7.740540 15.778935  -0.618593 0.558587 0.552561  0.596169 0.651112
0  -6.537735 5.888430 18.144316  -0.522330 0.472583 0.709814  0.612163 0.651038
0  -6.793695 9.350235 15.780420  -0.488994 0.674646 0.552935  0.597386 0.662152
no_material
0  -7.623090 4.403160 18.149086  -0.610006 0.354160 0.708847  0.612906 0.643231
0  -6.537735 5.888430 18.144316  -0.522330 0.472583 0.709814  0.612163 0.651038
0  -8.600445 7.740540 15.778935  -0.618593 0.558587 0.552561  0.596169 0.651112
no_material
0  -10.010655 5.780115 15.774525  -0.721934 0.417538 0.551791  0.597218 0.640066
0  -7.623090 4.403160 18.149086  -0.610006 0.354160 0.708847  0.612906 0.643231
0  -8.600445 7.740540 15.778935  -0.618593 0.558587 0.552561  0.596169 0.651112
no_material
0  -8.375669 2.722635 18.152550  -0.671471 0.218584 0.708059  0.615294 0.635744
0  -7.623090 4.403160 18.149086  -0.610006 0.354160 0.708847  0.612906 0.643231
0  -10.010655 5.780115 15.774525  -0.721934 0.417538 0.551791  0.597218 0.640066
no_material
0  -10.995660 3.569985 15.782220  -0.793202 0.257227 0.551965  0.600563 0.629383
0  -8.375669 2.722635 18.152550  -0.671471 0.218584 0.708059  0.615294 0.635744
0  -10.010655 5.780115 15.774525  -0.721934 0.417538 0.551791  0.597218 0.640066
no_material
0  10.113976 9.105840 0.603360  0.734064 0.669623 0.112941  0.814560 0.241571
0  9.997110 9.001170 1.946250  0.738124 0.673559 -0.038608  0.809027 0.240871
0  11.813581 6.819930 0.606240  0.853515 0.505783 0.125284  0.815977 0.229820
no_material
0  9.997110 9.001170 1.946250  0.738124 0.673559 -0.038608  0.809027 0.240871
0  11.667960 6.736320 1.945395  0.859899 0.508961 -0.039133  0.810359 0.229219
0  11.813581 6.819930 0.606240  0.853515 0.505783 0.125284  0.815977 0.229820
no_material
0  11.813581 6.819930 0.606240  0.853515 0.505783 0.125284  0.815977 0.229820
0  11.667960 6.736320 1.945395  0.859899 0.508961 -0.039133  0.810359 0.229219
0  13.013639 4.227930 0.615330  0.937035 0.320275 0.139243  0.817157 0.217811
no_material
0  11.667960 6.736320 1.945395  0.859899 0.508961 -0.039133  0.810359 0.229219
0  12.843136 4.173165 1.944810  0.945895 0.322120 -0.039012  0.811467 0.217327
0  13.013639 4.227930 0.615330  0.937035 0.320275 0.139243  0.817157 0.217811
no_material
0  13.013639 4.227930 0.615330  0.937035 0.320275 0.139243  0.817157 0.217811
0  12.843136 4.173165 1.944810  0.945895 0.322120 -0.039012  0.811467 0.217327
0  13.661191 1.436625 0.630270  0.980777 0.117001 0.156165  0.818058 0.205533
no_material
0  12.843136 4.173165 1.944810  0.945895 0.322120 -0.039012  0.811467 0.217327
0  13.468995 1.416735 1.944000  0.992634 0.115468 -0.036685  0.812321 0.205185
0  13.661191 1.436625 0.630270  0.980777 0.117001 0.156165  0.818058 0.205533
no_material
0  13.661191 1.436625 0.630270  0.980777 0.117001 0.156165  0.818058 0.205533
0  13.468995 1.416735 1.944000  0.992634 0.115468 -0.036685  0.812321 0.205185
0  13.696200 -1.439685 0.644085  0.979717 -0.099208 0.174105  0.818648 0.193000
no_material
0  13.468995 1.416735 1.944000  0.992634 0.115468 -0.036685  0.812321 0.205185
0  13.488570 -1.418445 1.943910  0.993930 -0.106129 -0.028966  0.812937 0.192812
0  13.696200 -1.439685 0.644085  0.979717 -0.099208 0.174105  0.818648 0.193000
no_material
0  13.696200 -1.439685 0.644085  0.979717 -0.099208 0.174105  0.818648 0.193000
0  13.488570 -1.418445 1.943910  0.993930 -0.106129 -0.028966  0.812937 0.192812
0  13.091310 -4.254120 0.643680  0.932930 -0.310358 0.182539  0.818885 0.180384
no_material
0  13.488570 -1.418445 1.943910  0.993930 -0.106129 -0.028966  0.812937 0.192812
0  12.881970 -4.186215 1.944900  0.947337 -0.319731 -0.018034  0.813140 0.180352
0  13.091310 -4.254120 0.643680  0.932930 -0.310358 0.182539  0.818885 0.180384
no_material
0  13.091310 -4.254120 0.643680  0.932930 -0.310358 0.182539  0.818885 0.180384
0  12.881970 -4.186215 1.944900  0.947337 -0.319731 -0.018034  0.813140 0.180352
0  11.892735 -6.866505 0.630585  0.850025 -0.495451 0.178847  0.818819 0.167848
no_material
0  12.881970 -4.186215 1.944900  0.947337 -0.319731 -0.018034  0.813140 0.180352
0  11.707650 -6.759585 1.944540  0.863827 -0.503634 -0.012519  0.812990 0.167969
0  11.892735 -6.866505 0.630585  0.850025 -0.495451 0.178847  0.818819 0.167848
no_material
0  11.892735 -6.866505 0.630585  0.850025 -0.495451 0.178847  0.818819 0.167848
0  11.707650 -6.759585 1.944540  0.863827 -0.503634 -0.012519  0.812990 0.167969
0  10.212706 -9.194489 0.633555  0.738300 -0.649246 0.182737  0.818437 0.155350
no_material
0  11.707650 -6.759585 1.944540  0.863827 -0.503634 -0.012519  0.812990 0.167969
0  10.053494 -9.051570 1.944675  0.751271 -0.659831 -0.014672  0.812636 0.155615
0  10.212706 -9.194489 0.633555  0.738300 -0.649246 0.182737  0.818437 0.155350
no_material
0  10.212706 -9.194489 0.633555  0.738300 -0.649246 0.182737  0.818437 0.155350
0  10.053494 -9.051570 1.944675  0.751271 -0.659831 -0.014672  0.812636 0.155615
0  8.113365 -11.164410 0.661005  0.585334 -0.786499 0.196984  0.817658 0.142749
no_material
0  10.053494 -9.051570 1.944675  0.751271 -0.659831 -0.014672  0.812636 0.155615
0  7.976115 -10.976805 1.943235  0.594602 -0.803881 -0.014955  0.811984 0.143156
0  8.113365 -11.164410 0.661005  0.585334 -0.786499 0.196984  0.817658 0.142749
no_material
0  8.113365 -11.164410 0.661005  0.585334 -0.786499 0.196984  0.817658 0.142749
0  7.976115 -10.976805 1.943235  0.594602 -0.803881 -0.014955  0.811984 0.143156
0  5.616135 -12.617101 0.663795  0.397496 -0.896082 0.197573  0.816555 0.130087
no_material
0  7.976115 -10.976805 1.943235  0.594602 -0.803881 -0.014955  0.811984 0.143156
0  5.521365 -12.402676 1.944315  0.402775 -0.915266 -0.007766  0.810893 0.130650
0  5.616135 -12.617101 0.663795  0.397496 -0.896082 0.197573  0.816555 0.130087
no_material
0  7.991010 10.998990 0.603855  0.583154 0.806090 0.100752  0.812961 0.253114
0  7.997265 11.007045 0.398205  0.582405 0.809249 -0.076946  0.813798 0.253233
0  5.531895 12.410595 0.409185  0.400742 0.909442 -0.111001  0.812034 0.264661
no_material
0  7.991010 10.998990 0.603855  0.583154 0.806090 0.100752  0.812961 0.253114
0  10.113976 9.105840 0.603360  0.734064 0.669623 0.112941  0.814560 0.241571
0  7.997265 11.007045 0.398205  0.582405 0.809249 -0.076946  0.813798 0.253233
no_material
0  10.113976 9.105840 0.603360  0.734064 0.669623 0.112941  0.814560 0.241571
0  10.128780 9.117810 0.392985  0.737140 0.673808 -0.051076  0.815429 0.241679
0  7.997265 11.007045 0.398205  0.582405 0.809249 -0.076946  0.813798 0.253233
no_material
0  10.113976 9.105840 0.603360  0.734064 0.669623 0.112941  0.814560 0.241571
0  11.813581 6.819930 0.606240  0.853515 0.505783 0.125284  0.815977 0.229820
0  10.128780 9.117810 0.392985  0.737140 0.673808 -0.051076  0.815429 0.241679
no_material
0  11.813581 6.819930 0.606240  0.853515 0.505783 0.125284  0.815977 0.229820
0  11.838600 6.833610 0.388485  0.859762 0.509904 -0.028423  0.816896 0.229918
0  10.128780 9.117810 0.392985  0.737140 0.673808 -0.051076  0.815429 0.241679
no_material
0  11.813581 6.819930 0.606240  0.853515 0.505783 0.125284  0.815977 0.229820
0  13.013639 4.227930 0.615330  0.937035 0.320275 0.139243  0.817157 0.217811
0  11.838600 6.833610 0.388485  0.859762 0.509904 -0.028423  0.816896 0.229918
no_material
0  13.013639 4.227930 0.615330  0.937035 0.320275 0.139243  0.817157 0.217811
0  13.051170 4.239135 0.382635  0.946482 0.322435 -0.014398  0.818164 0.217895
0  11.838600 6.833610 0.388485  0.859762 0.509904 -0.028423  0.816896 0.229918
no_material
0  13.013639 4.227930 0.615330  0.937035 0.320275 0.139243  0.817157 0.217811
0  13.661191 1.436625 0.630270  0.980777 0.117001 0.156165  0.818058 0.205533
0  13.051170 4.239135 0.382635  0.946482 0.322435 -0.014398  0.818164 0.217895
no_material
0  13.661191 1.436625 0.630270  0.980777 0.117001 0.156165  0.818058 0.205533
0  13.712760 1.441170 0.382545  0.993062 0.116676 -0.014636  0.819156 0.205597
0  13.051170 4.239135 0.382635  0.946482 0.322435 -0.014398  0.818164 0.217895
no_material
0  13.661191 1.436625 0.630270  0.980777 0.117001 0.156165  0.818058 0.205533
0  13.696200 -1.439685 0.644085  0.979717 -0.099208 0.174105  0.818648 0.193000
0  13.712760 1.441170 0.382545  0.993062 0.116676 -0.014636  0.819156 0.205597
no_material
0  13.696200 -1.439685 0.644085  0.979717 -0.099208 0.174105  0.818648 0.193000
0  13.764330 -1.446480 0.389565  0.994965 -0.099536 -0.011735  0.819804 0.193041
0  13.712760 1.441170 0.382545  0.993062 0.116676 -0.014636  0.819156 0.205597
no_material
0  13.696200 -1.439685 0.644085  0.979717 -0.099208 0.174105  0.818648 0.193000
0  13.091310 -4.254120 0.643680  0.932930 -0.310358 0.182539  0.818885 0.180384
0  13.764330 -1.446480 0.389565  0.994965 -0.099536 -0.011735  0.819804 0.193041
no_material
0  13.091310 -4.254120 0.643680  0.932930 -0.310358 0.182539  0.818885 0.180384
0  13.166370 -4.278465 0.392940  0.949789 -0.312874 0.003258  0.820052 0.180391
0  13.764330 -1.446480 0.389565  0.994965 -0.099536 -0.011735  0.819804 0.193041
no_material
0  13.091310 -4.254120 0.643680  0.932930 -0.310358 0.182539  0.818885 0.180384
0  11.892735 -6.866505 0.630585  0.850025 -0.495451 0.178847  0.818819 0.167848
0  13.166370 -4.278465 0.392940  0.949789 -0.312874 0.003258  0.820052 0.180391
no_material
0  11.892735 -6.866505 0.630585  0.850025 -0.495451 0.178847  0.818819 0.167848
0  11.948626 -6.898635 0.382950  0.864152 -0.503095 0.011681  0.819929 0.167827
0  13.166370 -4.278465 0.392940  0.949789 -0.312874 0.003258  0.820052 0.180391
no_material
0  11.892735 -6.866505 0.630585  0.850025 -0.495451 0.178847  0.818819 0.167848
0  10.212706 -9.194489 0.633555  0.738300 -0.649246 0.182737  0.818437 0.155350
0  11.948626 -6.898635 0.382950  0.864152 -0.503095 0.011681  0.819929 0.167827
no_material
0  10.212706 -9.194489 0.633555  0.738300 -0.649246 0.182737  0.818437 0.155350
0  10.260360 -9.237915 0.383355  0.748372 -0.663138 -0.013654  0.819569 0.155298
0  11.948626 -6.898635 0.382950  0.864152 -0.503095 0.011681  0.819929 0.167827
no_material
0  10.212706 -9.194489 0.633555  0.738300 -0.649246 0.182737  0.818437 0.155350
0  8.113365 -11.164410 0.661005  0.585334 -0.786499 0.196984  0.817658 0.142749
0  10.260360 -9.237915 0.383355  0.748372 -0.663138 -0.013654  0.819569 0.155298
no_material
0  10.128780 9.117810 0.392985  0.737140 0.673808 -0.051076  0.815429 0.241679
0  10.101060 9.093105 0.252810  0.528924 0.487172 -0.694912  0.816025 0.241760
0  7.976385 10.978559 0.269775  0.429535 0.601921 -0.673194  0.814336 0.253313
no_material
0  10.128780 9.117810 0.392985  0.737140 0.673808 -0.051076  0.815429 0.241679
0  11.838600 6.833610 0.388485  0.859762 0.509904 -0.028423  0.816896 0.229918
0  10.101060 9.093105 0.252810  0.528924 0.487172 -0.694912  0.816025 0.241760
no_material
0  11.838600 6.833610 0.388485  0.859762 0.509904 -0.028423  0.816896 0.229918
0  11.804535 6.814305 0.233730  0.590177 0.353641 -0.725693  0.817564 0.229999
0  10.101060 9.093105 0.252810  0.528924 0.487172 -0.694912  0.816025 0.241760
no_material
0  11.838600 6.833610 0.388485  0.859762 0.509904 -0.028423  0.816896 0.229918
0  13.051170 4.239135 0.382635  0.946482 0.322435 -0.014398  0.818164 0.217895
0  11.804535 6.814305 0.233730  0.590177 0.353641 -0.725693  0.817564 0.229999
no_material
0  13.051170 4.239135 0.382635  0.946482 0.322435 -0.014398  0.818164 0.217895
0  13.010535 4.226760 0.210735  0.611788 0.212774 -0.761868  0.818919 0.217972
0  11.804535 6.814305 0.233730  0.590177 0.353641 -0.725693  0.817564 0.229999
no_material
0  13.051170 4.239135 0.382635  0.946482 0.322435 -0.014398  0.818164 0.217895
0  13.712760 1.441170 0.382545  0.993062 0.116676 -0.014636  0.819156 0.205597
0  13.010535 4.226760 0.210735  0.611788 0.212774 -0.761868  0.818919 0.217972
no_material
0  13.712760 1.441170 0.382545  0.993062 0.116676 -0.014636  0.819156 0.205597
0  13.654936 1.435950 0.176265  0.603612 0.076205 -0.793628  0.820088 0.205670
0  13.010535 4.226760 0.210735  0.611788 0.212774 -0.761868  0.818919 0.217972
no_material
0  13.712760 1.441170 0.382545  0.993062 0.116676 -0.014636  0.819156 0.205597
0  13.764330 -1.446480 0.389565  0.994965 -0.099536 -0.011735  0.819804 0.193041
0  13.654936 1.435950 0.176265  0.603612 0.076205 -0.793628  0.820088 0.205670
no_material
0  13.764330 -1.446480 0.389565  0.994965 -0.099536 -0.011735  0.819804 0.193041
0  13.685354 -1.437750 0.135000  0.582124 -0.054737 -0.811255  0.820993 0.193090
0  13.654936 1.435950 0.176265  0.603612 0.076205 -0.793628  0.820088 0.205670
no_material
0  13.764330 -1.446480 0.389565  0.994965 -0.099536 -0.011735  0.819804 0.193041
0  13.166370 -4.278465 0.392940  0.949789 -0.312874 0.003258  0.820052 0.180391
0  13.685354 -1.437750 0.135000  0.582124 -0.054737 -0.811255  0.820993 0.193090
no_material
0  13.166370 -4.278465 0.392940  0.949789 -0.312874 0.003258  0.820052 0.180391
0  13.095901 -4.255740 0.129690  0.553029 -0.184311 -0.812520  0.821257 0.180390
0  13.685354 -1.437750 0.135000  0.582124 -0.054737 -0.811255  0.820993 0.193090
no_material
0  13.166370 -4.278465 0.392940  0.949789 -0.312874 0.003258  0.820052 0.180391
0  11.948626 -6.898635 0.382950  0.864152 -0.503095 0.011681  0.819929 0.167827
0  13.095901 -4.255740 0.129690  0.553029 -0.184311 -0.812520  0.821257 0.180390
no_material
0  11.948626 -6.898635 0.382950  0.864152 -0.503095 0.011681  0.819929 0.167827
0  11.899349 -6.870690 0.168615  0.510191 -0.299969 -0.806054  0.820894 0.167803
0  13.095901 -4.255740 0.129690  0.553029 -0.184311 -0.812520  0.821257 0.180390
no_material
0  11.948626 -6.898635 0.382950  0.864152 -0.503095 0.011681  0.819929 0.167827
0  10.260360 -9.237915 0.383355  0.748372 -0.663138 -0.013654  0.819569 0.155298
0  11.899349 -6.870690 0.168615  0.510191 -0.299969 -0.806054  0.820894 0.167803
no_material
0  10.260360 -9.237915 0.383355  0.748372 -0.663138 -0.013654  0.819569 0.155298
0  10.214190 -9.195345 0.164115  0.441225 -0.384189 -0.810999  0.820574 0.155268
0  11.899349 -6.870690 0.168615  0.510191 -0.299969 -0.806054  0.820894 0.167803
no_material
0  10.260360 -9.237915 0.383355  0.748372 -0.663138 -0.013654  0.819569 0.155298
0  8.166330 -11.236860 0.403020  0.593290 -0.803350 -0.051332  0.818857 0.142662
0  10.214190 -9.195345 0.164115  0.441225 -0.384189 -0.810999  0.820574 0.155268
no_material
0  8.166330 -11.236860 0.403020  0.593290 -0.803350 -0.051332  0.818857 0.142662
0  8.091090 -11.133090 0.083745  0.339085 -0.453017 -0.824498  0.820379 0.142570
0  10.214190 -9.195345 0.164115  0.441225 -0.384189 -0.810999  0.820574 0.155268
no_material
0  8.166330 -11.236860 0.403020  0.593290 -0.803350 -0.051332  0.818857 0.142662
0  5.649345 -12.693375 0.400275  0.404604 -0.911927 -0.068442  0.817787 0.129961
0  8.091090 -11.133090 0.083745  0.339085 -0.453017 -0.824498  0.820379 0.142570
no_material
0  -11.848725 6.838065 0.394785  -0.857450 0.508234 -0.080488  0.796031 0.345980
0  -11.807864 6.815295 0.237420  -0.584029 0.349529 -0.732625  0.796723 0.346137
0  -13.011209 4.226580 0.210645  -0.599836 0.210819 -0.771850  0.793915 0.358244
no_material
0  -11.848725 6.838065 0.394785  -0.857450 0.508234 -0.080488  0.796031 0.345980
0  -10.140975 9.126090 0.396990  -0.734416 0.671373 -0.099457  0.798738 0.334131
0  -11.807864 6.815295 0.237420  -0.584029 0.349529 -0.732625  0.796723 0.346137
no_material
0  -10.140975 9.126090 0.396990  -0.734416 0.671373 -0.099457  0.798738 0.334131
0  -10.106820 9.096300 0.252405  -0.521755 0.479269 -0.705742  0.799368 0.334266
0  -11.807864 6.815295 0.237420  -0.584029 0.349529 -0.732625  0.796723 0.346137
no_material
0  -10.140975 9.126090 0.396990  -0.734416 0.671373 -0.099457  0.798738 0.334131
0  -8.006084 11.022345 0.401895  -0.579420 0.805964 -0.121220  0.801252 0.322436
0  -10.106820 9.096300 0.252405  -0.521755 0.479269 -0.705742  0.799368 0.334266
no_material
0  -8.006084 11.022345 0.401895  -0.579420 0.805964 -0.121220  0.801252 0.322436
0  -7.979040 10.984545 0.263430  -0.420991 0.589219 -0.689629  0.801849 0.322563
0  -10.106820 9.096300 0.252405  -0.521755 0.479269 -0.705742  0.799368 0.334266
no_material
0  -8.006084 11.022345 0.401895  -0.579420 0.805964 -0.121220  0.801252 0.322436
0  -5.536620 12.426480 0.411615  -0.398390 0.905878 -0.143776  0.803632 0.310875
0  -7.979040 10.984545 0.263430  -0.420991 0.589219 -0.689629  0.801849 0.322563
no_material
0  -5.536620 12.426480 0.411615  -0.398390 0.905878 -0.143776  0.803632 0.310875
0  -5.516910 12.381886 0.273150  -0.294316 0.675889 -0.675686  0.804234 0.310997
0  -7.979040 10.984545 0.263430  -0.420991 0.589219 -0.689629  0.801849 0.322563
no_material
0  -5.536620 12.426480 0.411615  -0.398390 0.905878 -0.143776  0.803632 0.310875
0  -2.820915 13.294935 0.424575  -0.209743 0.965213 -0.156114  0.805896 0.299255
0  -5.516910 12.381886 0.273150  -0.294316 0.675889 -0.675686  0.804234 0.310997
no_material
0  -2.820915 13.294935 0.424575  -0.209743 0.965213 -0.156114  0.805896 0.299255
0  -2.811195 13.245345 0.281835  -0.156492 0.720624 -0.675434  0.806516 0.299379
0  -5.516910 12.381886 0.273150  -0.294316 0.675889 -0.675686  0.804234 0.310997
no_material
0  -2.820915 13.294935 0.424575  -0.209743 0.965213 -0.156114  0.805896 0.299255
0  0.000585 13.632616 0.406755  0.001364 0.988069 -0.154006  0.808136 0.287700
0  -2.811195 13.245345 0.281835  -0.156492 0.720624 -0.675434  0.806516 0.299379
no_material
0  0.000585 13.632616 0.406755  0.001364 0.988069 -0.154006  0.808136 0.287700
0  0.000495 13.581270 0.267750  0.000504 0.731297 -0.682059  0.808745 0.287810
0  -2.811195 13.245345 0.281835  -0.156492 0.720624 -0.675434  0.806516 0.299379
no_material
0  0.000585 13.632616 0.406755  0.001364 0.988069 -0.154006  0.808136 0.287700
0  2.819565 13.283504 0.419760  0.212179 0.967061 -0.140619  0.810114 0.276167
0  0.000495 13.581270 0.267750  0.000504 0.731297 -0.682059  0.808745 0.287810
no_material
0  2.819565 13.283504 0.419760  0.212179 0.967061 -0.140619  0.810114 0.276167
0  2.810430 13.238460 0.286380  0.159511 0.728982 -0.665688  0.810689 0.276261
0  0.000495 13.581270 0.267750  0.000504 0.731297 -0.682059  0.808745 0.287810
no_material
0  2.819565 13.283504 0.419760  0.212179 0.967061 -0.140619  0.810114 0.276167
0  5.531895 12.410595 0.409185  0.400742 0.909442 -0.111001  0.812034 0.264661
0  2.810430 13.238460 0.286380  0.159511 0.728982 -0.665688  0.810689 0.276261
no_material
0  5.531895 12.410595 0.409185  0.400742 0.909442 -0.111001  0.812034 0.264661
0  5.515650 12.375900 0.281970  0.301046 0.689739 -0.658507  0.812573 0.264749
0  2.810430 13.238460 0.286380  0.159511 0.728982 -0.665688  0.810689 0.276261
no_material
0  5.531895 12.410595 0.409185  0.400742 0.909442 -0.111001  0.812034 0.264661
0  7.997265 11.007045 0.398205  0.582405 0.809249 -0.076946  0.813798 0.253233
0  5.515650 12.375900 0.281970  0.301046 0.689739 -0.658507  0.812573 0.264749
no_material
0  7.997265 11.007045 0.398205  0.582405 0.809249 -0.076946  0.813798 0.253233
0  7.976385 10.978559 0.269775  0.429535 0.601921 -0.673194  0.814336 0.253313
0  5.515650 12.375900 0.281970  0.301046 0.689739 -0.658507  0.812573 0.264749
no_material
0  7.997265 11.007045 0.398205  0.582405 0.809249 -0.076946  0.813798 0.253233
0  10.128780 9.117810 0.392985  0.737140 0.673808 -0.051076  0.815429 0.241679
0  7.976385 10.978559 0.269775  0.429535 0.601921 -0.673194  0.814336 0.253313
no_material
0  -13.037085 4.236030 0.621765  -0.938836 0.321930 0.122261  0.792118 0.357795
0  -12.883230 4.187250 1.944315  -0.945808 0.321196 -0.047743  0.786468 0.356328
0  -11.833245 6.830865 0.613485  -0.855450 0.506918 0.106016  0.795111 0.345753
no_material
0  -13.037085 4.236030 0.621765  -0.938836 0.321930 0.122261  0.792118 0.357795
0  -11.833245 6.830865 0.613485  -0.855450 0.506918 0.106016  0.795111 0.345753
0  -13.062691 4.242330 0.386730  -0.943681 0.323285 -0.070370  0.793125 0.358059
no_material
0  -11.833245 6.830865 0.613485  -0.855450 0.506918 0.106016  0.795111 0.345753
0  -11.848725 6.838065 0.394785  -0.857450 0.508234 -0.080488  0.796031 0.345980
0  -13.062691 4.242330 0.386730  -0.943681 0.323285 -0.070370  0.793125 0.358059
no_material
0  -11.833245 6.830865 0.613485  -0.855450 0.506918 0.106016  0.795111 0.345753
0  -10.132560 9.121230 0.610200  -0.735044 0.671156 0.096231  0.797856 0.333924
0  -11.848725 6.838065 0.394785  -0.857450 0.508234 -0.080488  0.796031 0.345980
no_material
0  -10.132560 9.121230 0.610200  -0.735044 0.671156 0.096231  0.797856 0.333924
0  -10.140975 9.126090 0.396990  -0.734416 0.671373 -0.099457  0.798738 0.334131
0  -11.848725 6.838065 0.394785  -0.857450 0.508234 -0.080488  0.796031 0.345980
no_material
0  -10.132560 9.121230 0.610200  -0.735044 0.671156 0.096231  0.797856 0.333924
0  -8.004285 11.018745 0.611505  -0.582474 0.807956 0.089054  0.800391 0.322255
0  -10.140975 9.126090 0.396990  -0.734416 0.671373 -0.099457  0.798738 0.334131
no_material
0  -8.004285 11.018745 0.611505  -0.582474 0.807956 0.089054  0.800391 0.322255
0  -8.006084 11.022345 0.401895  -0.579420 0.805964 -0.121220  0.801252 0.322436
0  -10.140975 9.126090 0.396990  -0.734416 0.671373 -0.099457  0.798738 0.334131
no_material
0  -8.004285 11.018745 0.611505  -0.582474 0.807956 0.089054  0.800391 0.322255
0  -5.534865 12.428145 0.611775  -0.402911 0.911576 0.081811  0.802815 0.310697
0  -8.006084 11.022345 0.401895  -0.579420 0.805964 -0.121220  0.801252 0.322436
no_material
0  -5.534865 12.428145 0.611775  -0.402911 0.911576 0.081811  0.802815 0.310697
0  -5.536620 12.426480 0.411615  -0.398390 0.905878 -0.143776  0.803632 0.310875
0  -8.006084 11.022345 0.401895  -0.579420 0.805964 -0.121220  0.801252 0.322436
no_material
0  -5.534865 12.428145 0.611775  -0.402911 0.911576 0.081811  0.802815 0.310697
0  -2.824335 13.299030 0.611190  -0.211112 0.974170 0.080158  0.805131 0.299117
0  -5.536620 12.426480 0.411615  -0.398390 0.905878 -0.143776  0.803632 0.310875
no_material
0  -2.824335 13.299030 0.611190  -0.211112 0.974170 0.080158  0.805131 0.299117
0  -2.820915 13.294935 0.424575  -0.209743 0.965213 -0.156114  0.805896 0.299255
0  -5.536620 12.426480 0.411615  -0.398390 0.905878 -0.143776  0.803632 0.310875
no_material
0  -2.824335 13.299030 0.611190  -0.211112 0.974170 0.080158  0.805131 0.299117
0  0.000270 13.633696 0.614070  0.002331 0.996569 0.082731  0.807287 0.287547
0  -2.820915 13.294935 0.424575  -0.209743 0.965213 -0.156114  0.805896 0.299255
no_material
0  0.000270 13.633696 0.614070  0.002331 0.996569 0.082731  0.807287 0.287547
0  0.000585 13.632616 0.406755  0.001364 0.988069 -0.154006  0.808136 0.287700
0  -2.820915 13.294935 0.424575  -0.209743 0.965213 -0.156114  0.805896 0.299255
no_material
0  0.000270 13.633696 0.614070  0.002331 0.996569 0.082731  0.807287 0.287547
0  2.822130 13.286880 0.610290  0.214979 0.973154 0.082197  0.809341 0.276028
0  0.000585 13.632616 0.406755  0.001364 0.988069 -0.154006  0.808136 0.287700
no_material
0  2.822130 13.286880 0.610290  0.214979 0.973154 0.082197  0.809341 0.276028
0  2.819565 13.283504 0.419760  0.212179 0.967061 -0.140619  0.810114 0.276167
0  0.000585 13.632616 0.406755  0.001364 0.988069 -0.154006  0.808136 0.287700
no_material
0  2.822130 13.286880 0.610290  0.214979 0.973154 0.082197  0.809341 0.276028
0  5.527935 12.409560 0.608805  0.405265 0.909956 0.087973  0.811222 0.264547
0  2.819565 13.283504 0.419760  0.212179 0.967061 -0.140619  0.810114 0.276167
no_material
0  5.527935 12.409560 0.608805  0.405265 0.909956 0.087973  0.811222 0.264547
0  5.531895 12.410595 0.409185  0.400742 0.909442 -0.111001  0.812034 0.264661
0  2.819565 13.283504 0.419760  0.212179 0.967061 -0.140619  0.810114 0.276167
no_material
0  5.527935 12.409560 0.608805  0.405265 0.909956 0.087973  0.811222 0.264547
0  7.991010 10.998990 0.603855  0.583154 0.806090 0.100752  0.812961 0.253114
0  5.531895 12.410595 0.409185  0.400742 0.909442 -0.111001  0.812034 0.264661
no_material
0  -11.833245 6.830865 0.613485  -0.855450 0.506918 0.106016  0.795111 0.345753
0  -11.705850 6.758910 1.944180  -0.860093 0.507463 -0.052176  0.789528 0.344388
0  -10.132560 9.121230 0.610200  -0.735044 0.671156 0.096231  0.797856 0.333924
no_material
0  -11.705850 6.758910 1.944180  -0.860093 0.507463 -0.052176  0.789528 0.344388
0  -10.028610 9.029835 1.944990  -0.737614 0.673046 -0.054165  0.792333 0.332660
0  -10.132560 9.121230 0.610200  -0.735044 0.671156 0.096231  0.797856 0.333924
no_material
0  -10.132560 9.121230 0.610200  -0.735044 0.671156 0.096231  0.797856 0.333924
0  -10.028610 9.029835 1.944990  -0.737614 0.673046 -0.054165  0.792333 0.332660
0  -8.004285 11.018745 0.611505  -0.582474 0.807956 0.089054  0.800391 0.322255
no_material
0  -10.028610 9.029835 1.944990  -0.737614 0.673046 -0.054165  0.792333 0.332660
0  -7.925085 10.908045 1.945350  -0.584652 0.809393 -0.055359  0.794901 0.321083
0  -8.004285 11.018745 0.611505  -0.582474 0.807956 0.089054  0.800391 0.322255
no_material
0  -8.004285 11.018745 0.611505  -0.582474 0.807956 0.089054  0.800391 0.322255
0  -7.925085 10.908045 1.945350  -0.584652 0.809393 -0.055359  0.794901 0.321083
0  -5.534865 12.428145 0.611775  -0.402911 0.911576 0.081811  0.802815 0.310697
no_material
0  -7.925085 10.908045 1.945350  -0.584652 0.809393 -0.055359  0.794901 0.321083
0  -5.482845 12.314610 1.945350  -0.405327 0.912295 -0.058551  0.797368 0.309579
0  -5.534865 12.428145 0.611775  -0.402911 0.911576 0.081811  0.802815 0.310697
no_material
0  -5.534865 12.428145 0.611775  -0.402911 0.911576 0.081811  0.802815 0.310697
0  -5.482845 12.314610 1.945350  -0.405327 0.912295 -0.058551  0.797368 0.309579
0  -2.824335 13.299030 0.611190  -0.211112 0.974170 0.080158  0.805131 0.299117
no_material
0  -5.482845 12.314610 1.945350  -0.405327 0.912295 -0.058551  0.797368 0.309579
0  -2.801385 13.180635 1.945665  -0.207900 0.976528 -0.056304  0.799704 0.298068
0  -2.824335 13.299030 0.611190  -0.211112 0.974170 0.080158  0.805131 0.299117
no_material
0  -2.824335 13.299030 0.611190  -0.211112 0.974170 0.080158  0.805131 0.299117
0  -2.801385 13.180635 1.945665  -0.207900 0.976528 -0.056304  0.799704 0.298068
0  0.000270 13.633696 0.614070  0.002331 0.996569 0.082731  0.807287 0.287547
no_material
0  -2.801385 13.180635 1.945665  -0.207900 0.976528 -0.056304  0.799704 0.298068
0  -0.000045 13.495725 1.944990  0.003086 0.998701 -0.050865  0.801830 0.286545
0  0.000270 13.633696 0.614070  0.002331 0.996569 0.082731  0.807287 0.287547
no_material
0  0.000270 13.633696 0.614070  0.002331 0.996569 0.082731  0.807287 0.287547
0  -0.000045 13.495725 1.944990  0.003086 0.998701 -0.050865  0.801830 0.286545
0  2.822130 13.286880 0.610290  0.214979 0.973154 0.082197  0.809341 0.276028
no_material
0  -0.000045 13.495725 1.944990  0.003086 0.998701 -0.050865  0.801830 0.286545
0  2.798550 13.167495 1.945935  0.214171 0.975456 -0.051162  0.803943 0.275092
0  2.822130 13.286880 0.610290  0.214979 0.973154 0.082197  0.809341 0.276028
no_material
0  2.822130 13.286880 0.610290  0.214979 0.973154 0.082197  0.809341 0.276028
0  2.798550 13.167495 1.945935  0.214171 0.975456 -0.051162  0.803943 0.275092
0  5.527935 12.409560 0.608805  0.405265 0.909956 0.087973  0.811222 0.264547
no_material
0  2.798550 13.167495 1.945935  0.214171 0.975456 -0.051162  0.803943 0.275092
0  5.472450 12.290490 1.946475  0.410161 0.910774 -0.047538  0.805799 0.263695
0  5.527935 12.409560 0.608805  0.405265 0.909956 0.087973  0.811222 0.264547
no_material
0  5.527935 12.409560 0.608805  0.405265 0.909956 0.087973  0.811222 0.264547
0  5.472450 12.290490 1.946475  0.410161 0.910774 -0.047538  0.805799 0.263695
0  7.991010 10.998990 0.603855  0.583154 0.806090 0.100752  0.812961 0.253114
no_material
0  5.472450 12.290490 1.946475  0.410161 0.910774 -0.047538  0.805799 0.263695
0  7.903980 10.878975 1.945845  0.587250 0.808406 -0.040219  0.807482 0.252324
0  7.991010 10.998990 0.603855  0.583154 0.806090 0.100752  0.812961 0.253114
no_material
0  7.991010 10.998990 0.603855  0.583154 0.806090 0.100752  0.812961 0.253114
0  7.903980 10.878975 1.945845  0.587250 0.808406 -0.040219  0.807482 0.252324
0  10.113976 9.105840 0.603360  0.734064 0.669623 0.112941  0.814560 0.241571
no_material
0  7.903980 10.878975 1.945845  0.587250 0.808406 -0.040219  0.807482 0.252324
0  9.997110 9.001170 1.946250  0.738124 0.673559 -0.038608  0.809027 0.240871
0  10.113976 9.105840 0.603360  0.734064 0.669623 0.112941  0.814560 0.241571
no_material
0  5.472450 12.290490 1.946475  0.410161 0.910774 -0.047538  0.805799 0.263695
0  5.596605 12.575295 4.307040  0.411564 0.902396 0.127663  0.796327 0.262218
0  7.903980 10.878975 1.945845  0.587250 0.808406 -0.040219  0.807482 0.252324
no_material
0  2.867625 13.489019 4.311495  0.212302 0.969108 0.125527  0.794344 0.273413
0  5.596605 12.575295 4.307040  0.411564 0.902396 0.127663  0.796327 0.262218
0  5.472450 12.290490 1.946475  0.410161 0.910774 -0.047538  0.805799 0.263695
no_material
0  2.798550 13.167495 1.945935  0.214171 0.975456 -0.051162  0.803943 0.275092
0  2.867625 13.489019 4.311495  0.212302 0.969108 0.125527  0.794344 0.273413
0  5.472450 12.290490 1.946475  0.410161 0.910774 -0.047538  0.805799 0.263695
no_material
0  0.000135 13.792681 4.311810  0.003723 0.992194 0.124650  0.792307 0.284762
0  2.867625 13.489019 4.311495  0.212302 0.969108 0.125527  0.794344 0.273413
0  2.798550 13.167495 1.945935  0.214171 0.975456 -0.051162  0.803943 0.275092
no_material
0  -0.000045 13.495725 1.944990  0.003086 0.998701 -0.050865  0.801830 0.286545
0  0.000135 13.792681 4.311810  0.003723 0.992194 0.124650  0.792307 0.284762
0  2.798550 13.167495 1.945935  0.214171 0.975456 -0.051162  0.803943 0.275092
no_material
0  -2.873295 13.516785 4.314600  -0.203346 0.971104 0.124926  0.790012 0.296139
0  0.000135 13.792681 4.311810  0.003723 0.992194 0.124650  0.792307 0.284762
0  -0.000045 13.495725 1.944990  0.003086 0.998701 -0.050865  0.801830 0.286545
no_material
0  -2.801385 13.180635 1.945665  -0.207900 0.976528 -0.056304  0.799704 0.298068
0  -2.873295 13.516785 4.314600  -0.203346 0.971104 0.124926  0.790012 0.296139
0  -0.000045 13.495725 1.944990  0.003086 0.998701 -0.050865  0.801830 0.286545
no_material
0  -5.623560 12.632761 4.312575  -0.404033 0.906043 0.125867  0.787786 0.307570
0  -2.873295 13.516785 4.314600  -0.203346 0.971104 0.124926  0.790012 0.296139
0  -2.801385 13.180635 1.945665  -0.207900 0.976528 -0.056304  0.799704 0.298068
no_material
0  -5.482845 12.314610 1.945350  -0.405327 0.912295 -0.058551  0.797368 0.309579
0  -5.623560 12.632761 4.312575  -0.404033 0.906043 0.125867  0.787786 0.307570
0  -2.801385 13.180635 1.945665  -0.207900 0.976528 -0.056304  0.799704 0.298068
no_material
0  -8.118225 11.174129 4.310280  -0.581020 0.804075 0.126013  0.785331 0.318993
0  -5.623560 12.632761 4.312575  -0.404033 0.906043 0.125867  0.787786 0.307570
0  -5.482845 12.314610 1.945350  -0.405327 0.912295 -0.058551  0.797368 0.309579
no_material
0  -7.925085 10.908045 1.945350  -0.584652 0.809393 -0.055359  0.794901 0.321083
0  -8.118225 11.174129 4.310280  -0.581020 0.804075 0.126013  0.785331 0.318993
0  -5.482845 12.314610 1.945350  -0.405327 0.912295 -0.058551  0.797368 0.309579
no_material
0  -10.284840 9.260415 4.314150  -0.732971 0.668330 0.126841  0.782660 0.330399
0  -8.118225 11.174129 4.310280  -0.581020 0.804075 0.126013  0.785331 0.318993
0  -7.925085 10.908045 1.945350  -0.584652 0.809393 -0.055359  0.794901 0.321083
no_material
0  -10.028610 9.029835 1.944990  -0.737614 0.673046 -0.054165  0.792333 0.332660
0  -10.284840 9.260415 4.314150  -0.732971 0.668330 0.126841  0.782660 0.330399
0  -7.925085 10.908045 1.945350  -0.584652 0.809393 -0.055359  0.794901 0.321083
no_material
0  -11.998665 6.927030 4.315410  -0.854932 0.501973 0.130822  0.779701 0.341910
0  -10.284840 9.260415 4.314150  -0.732971 0.668330 0.126841  0.782660 0.330399
0  -10.028610 9.029835 1.944990  -0.737614 0.673046 -0.054165  0.792333 0.332660
no_material
0  -11.705850 6.758910 1.944180  -0.860093 0.507463 -0.052176  0.789528 0.344388
0  -11.998665 6.927030 4.315410  -0.854932 0.501973 0.130822  0.779701 0.341910
0  -10.028610 9.029835 1.944990  -0.737614 0.673046 -0.054165  0.792333 0.332660
no_material
0  -13.206735 4.291515 4.318380  -0.938707 0.316350 0.136939  0.776438 0.353628
0  -11.998665 6.927030 4.315410  -0.854932 0.501973 0.130822  0.779701 0.341910
0  -11.705850 6.758910 1.944180  -0.860093 0.507463 -0.052176  0.789528 0.344388
no_material
0  -12.883230 4.187250 1.944315  -0.945808 0.321196 -0.047743  0.786468 0.356328
0  -13.206735 4.291515 4.318380  -0.938707 0.316350 0.136939  0.776438 0.353628
0  -11.705850 6.758910 1.944180  -0.860093 0.507463 -0.052176  0.789528 0.344388
no_material
0  -12.883230 4.187250 1.944315  -0.945808 0.321196 -0.047743  0.786468 0.356328
0  -11.705850 6.758910 1.944180  -0.860093 0.507463 -0.052176  0.789528 0.344388
0  -11.833245 6.830865 0.613485  -0.855450 0.506918 0.106016  0.795111 0.345753
no_material
0  -8.118225 11.174129 4.310280  -0.581020 0.804075 0.126013  0.785331 0.318993
0  -7.661430 10.544129 5.391405  -0.577526 0.814069 0.061283  0.779965 0.317800
0  -5.623560 12.632761 4.312575  -0.404033 0.906043 0.125867  0.787786 0.307570
no_material
0  -9.697545 8.729956 5.399235  -0.738873 0.672217 0.046807  0.777209 0.329001
0  -7.661430 10.544129 5.391405  -0.577526 0.814069 0.061283  0.779965 0.317800
0  -8.118225 11.174129 4.310280  -0.581020 0.804075 0.126013  0.785331 0.318993
no_material
0  -10.284840 9.260415 4.314150  -0.732971 0.668330 0.126841  0.782660 0.330399
0  -9.697545 8.729956 5.399235  -0.738873 0.672217 0.046807  0.777209 0.329001
0  -8.118225 11.174129 4.310280  -0.581020 0.804075 0.126013  0.785331 0.318993
no_material
0  -11.301479 6.526890 5.392440  -0.865291 0.497386 0.062282  0.774172 0.340347
0  -9.697545 8.729956 5.399235  -0.738873 0.672217 0.046807  0.777209 0.329001
0  -10.284840 9.260415 4.314150  -0.732971 0.668330 0.126841  0.782660 0.330399
no_material
0  -11.998665 6.927030 4.315410  -0.854932 0.501973 0.130822  0.779701 0.341910
0  -11.301479 6.526890 5.392440  -0.865291 0.497386 0.062282  0.774172 0.340347
0  -10.284840 9.260415 4.314150  -0.732971 0.668330 0.126841  0.782660 0.330399
no_material
0  -12.419460 4.036905 5.392350  -0.946740 0.309302 0.089534  0.770790 0.351849
0  -11.301479 6.526890 5.392440  -0.865291 0.497386 0.062282  0.774172 0.340347
0  -11.998665 6.927030 4.315410  -0.854932 0.501973 0.130822  0.779701 0.341910
no_material
0  -13.206735 4.291515 4.318380  -0.938707 0.316350 0.136939  0.776438 0.353628
0  -12.419460 4.036905 5.392350  -0.946740 0.309302 0.089534  0.770790 0.351849
0  -11.998665 6.927030 4.315410  -0.854932 0.501973 0.130822  0.779701 0.341910
no_material
0  -12.998879 1.368855 5.398695  -0.988245 0.104997 0.111121  0.766894 0.363439
0  -12.419460 4.036905 5.392350  -0.946740 0.309302 0.089534  0.770790 0.351849
0  -13.206735 4.291515 4.318380  -0.938707 0.316350 0.136939  0.776438 0.353628
no_material
0  -13.847039 1.456740 4.323330  -0.983388 0.110802 0.143772  0.772677 0.365757
0  -12.998879 1.368855 5.398695  -0.988245 0.104997 0.111121  0.766894 0.363439
0  -13.206735 4.291515 4.318380  -0.938707 0.316350 0.136939  0.776438 0.353628
no_material
0  -13.847039 1.456740 4.323330  -0.983388 0.110802 0.143772  0.772677 0.365757
0  -13.206735 4.291515 4.318380  -0.938707 0.316350 0.136939  0.776438 0.353628
0  -12.883230 4.187250 1.944315  -0.945808 0.321196 -0.047743  0.786468 0.356328
no_material
0  -13.510935 1.422360 1.944360  -0.992469 0.115306 -0.041343  0.783201 0.368532
0  -13.847039 1.456740 4.323330  -0.983388 0.110802 0.143772  0.772677 0.365757
0  -12.883230 4.187250 1.944315  -0.945808 0.321196 -0.047743  0.786468 0.356328
no_material
0  -13.510935 1.422360 1.944360  -0.992469 0.115306 -0.041343  0.783201 0.368532
0  -12.883230 4.187250 1.944315  -0.945808 0.321196 -0.047743  0.786468 0.356328
0  -13.037085 4.236030 0.621765  -0.938836 0.321930 0.122261  0.792118 0.357795
no_material
0  -13.695390 1.441575 0.638460  -0.982344 0.118603 0.144686  0.788898 0.370099
0  -13.510935 1.422360 1.944360  -0.992469 0.115306 -0.041343  0.783201 0.368532
0  -13.037085 4.236030 0.621765  -0.938836 0.321930 0.122261  0.792118 0.357795
no_material
0  -13.695390 1.441575 0.638460  -0.982344 0.118603 0.144686  0.788898 0.370099
0  -13.037085 4.236030 0.621765  -0.938836 0.321930 0.122261  0.792118 0.357795
0  -13.738770 1.444860 0.381690  -0.990258 0.118204 -0.073597  0.790024 0.370417
no_material
0  -13.037085 4.236030 0.621765  -0.938836 0.321930 0.122261  0.792118 0.357795
0  -13.062691 4.242330 0.386730  -0.943681 0.323285 -0.070370  0.793125 0.358059
0  -13.738770 1.444860 0.381690  -0.990258 0.118204 -0.073597  0.790024 0.370417
no_material
0  -13.738770 1.444860 0.381690  -0.990258 0.118204 -0.073597  0.790024 0.370417
0  -13.062691 4.242330 0.386730  -0.943681 0.323285 -0.070370  0.793125 0.358059
0  -13.662450 1.437300 0.166815  -0.583594 0.076080 -0.808474  0.791028 0.370621
no_material
0  -13.062691 4.242330 0.386730  -0.943681 0.323285 -0.070370  0.793125 0.358059
0  -13.011209 4.226580 0.210645  -0.599836 0.210819 -0.771850  0.793915 0.358244
0  -13.662450 1.437300 0.166815  -0.583594 0.076080 -0.808474  0.791028 0.370621
no_material
0  -13.062691 4.242330 0.386730  -0.943681 0.323285 -0.070370  0.793125 0.358059
0  -11.848725 6.838065 0.394785  -0.857450 0.508234 -0.080488  0.796031 0.345980
0  -13.011209 4.226580 0.210645  -0.599836 0.210819 -0.771850  0.793915 0.358244
no_material
0  13.151971 4.272435 4.312440  0.937186 0.319188 0.140716  0.801480 0.216529
0  12.370005 4.019625 5.388885  0.946252 0.309682 0.093292  0.795758 0.216245
0  13.799879 1.450575 4.317435  0.982614 0.111538 0.148423  0.802141 0.204605
no_material
0  11.252700 6.497280 5.390145  0.864185 0.499363 0.061807  0.795029 0.227831
0  12.370005 4.019625 5.388885  0.946252 0.309682 0.093292  0.795758 0.216245
0  13.151971 4.272435 4.312440  0.937186 0.319188 0.140716  0.801480 0.216529
no_material
0  11.937016 6.890355 4.305600  0.852672 0.504837 0.134498  0.800592 0.228235
0  11.252700 6.497280 5.390145  0.864185 0.499363 0.061807  0.795029 0.227831
0  13.151971 4.272435 4.312440  0.937186 0.319188 0.140716  0.801480 0.216529
no_material
0  9.655785 8.694180 5.383485  0.741050 0.670237 0.040337  0.794094 0.239178
0  11.252700 6.497280 5.390145  0.864185 0.499363 0.061807  0.795029 0.227831
0  11.937016 6.890355 4.305600  0.852672 0.504837 0.134498  0.800592 0.228235
no_material
0  10.223010 9.203310 4.305375  0.732482 0.668128 0.130672  0.799456 0.239706
0  9.655785 8.694180 5.383485  0.741050 0.670237 0.040337  0.794094 0.239178
0  11.937016 6.890355 4.305600  0.852672 0.504837 0.134498  0.800592 0.228235
no_material
0  7.634475 10.508265 5.382855  0.583676 0.810745 0.044889  0.792844 0.250281
0  9.655785 8.694180 5.383485  0.741050 0.670237 0.040337  0.794094 0.239178
0  10.223010 9.203310 4.305375  0.732482 0.668128 0.130672  0.799456 0.239706
no_material
0  8.070120 11.106450 4.305780  0.584051 0.801396 0.129028  0.798039 0.250997
0  7.634475 10.508265 5.382855  0.583676 0.810745 0.044889  0.792844 0.250281
0  10.223010 9.203310 4.305375  0.732482 0.668128 0.130672  0.799456 0.239706
no_material
0  5.286600 11.873880 5.385870  0.407350 0.910625 0.069482  0.791043 0.261283
0  7.634475 10.508265 5.382855  0.583676 0.810745 0.044889  0.792844 0.250281
0  8.070120 11.106450 4.305780  0.584051 0.801396 0.129028  0.798039 0.250997
no_material
0  5.596605 12.575295 4.307040  0.411564 0.902396 0.127663  0.796327 0.262218
0  5.286600 11.873880 5.385870  0.407350 0.910625 0.069482  0.791043 0.261283
0  8.070120 11.106450 4.305780  0.584051 0.801396 0.129028  0.798039 0.250997
no_material
0  2.707425 12.734685 5.386635  0.214840 0.973113 0.083036  0.789020 0.272418
0  5.286600 11.873880 5.385870  0.407350 0.910625 0.069482  0.791043 0.261283
0  5.596605 12.575295 4.307040  0.411564 0.902396 0.127663  0.796327 0.262218
no_material
0  2.867625 13.489019 4.311495  0.212302 0.969108 0.125527  0.794344 0.273413
0  2.707425 12.734685 5.386635  0.214840 0.973113 0.083036  0.789020 0.272418
0  5.596605 12.575295 4.307040  0.411564 0.902396 0.127663  0.796327 0.262218
no_material
0  -0.000765 13.052430 5.397525  0.002635 0.996333 0.085521  0.786948 0.283710
0  2.707425 12.734685 5.386635  0.214840 0.973113 0.083036  0.789020 0.272418
0  2.867625 13.489019 4.311495  0.212302 0.969108 0.125527  0.794344 0.273413
no_material
0  0.000135 13.792681 4.311810  0.003723 0.992194 0.124650  0.792307 0.284762
0  -0.000765 13.052430 5.397525  0.002635 0.996333 0.085521  0.786948 0.283710
0  2.867625 13.489019 4.311495  0.212302 0.969108 0.125527  0.794344 0.273413
no_material
0  -2.710665 12.746655 5.396625  -0.208375 0.973543 0.093772  0.784560 0.295012
0  -0.000765 13.052430 5.397525  0.002635 0.996333 0.085521  0.786948 0.283710
0  0.000135 13.792681 4.311810  0.003723 0.992194 0.124650  0.792307 0.284762
no_material
0  -2.873295 13.516785 4.314600  -0.203346 0.971104 0.124926  0.790012 0.296139
0  -2.710665 12.746655 5.396625  -0.208375 0.973543 0.093772  0.784560 0.295012
0  0.000135 13.792681 4.311810  0.003723 0.992194 0.124650  0.792307 0.284762
no_material
0  -5.300550 11.902950 5.394780  -0.400412 0.912048 0.088531  0.782193 0.306436
0  -2.710665 12.746655 5.396625  -0.208375 0.973543 0.093772  0.784560 0.295012
0  -2.873295 13.516785 4.314600  -0.203346 0.971104 0.124926  0.790012 0.296139
no_material
0  -5.623560 12.632761 4.312575  -0.404033 0.906043 0.125867  0.787786 0.307570
0  -5.300550 11.902950 5.394780  -0.400412 0.912048 0.088531  0.782193 0.306436
0  -2.873295 13.516785 4.314600  -0.203346 0.971104 0.124926  0.790012 0.296139
no_material
0  -7.661430 10.544129 5.391405  -0.577526 0.814069 0.061283  0.779965 0.317800
0  -5.300550 11.902950 5.394780  -0.400412 0.912048 0.088531  0.782193 0.306436
0  -5.623560 12.632761 4.312575  -0.404033 0.906043 0.125867  0.787786 0.307570
no_material
0  10.053494 -9.051570 1.944675  0.751271 -0.659831 -0.014672  0.812636 0.155615
0  10.250145 -9.231660 4.301055  0.742199 -0.651237 0.158213  0.802397 0.156053
0  7.976115 -10.976805 1.943235  0.594602 -0.803881 -0.014955  0.811984 0.143156
no_material
0  11.924910 -6.883515 4.302945  0.853375 -0.497382 0.156085  0.802842 0.168193
0  10.250145 -9.231660 4.301055  0.742199 -0.651237 0.158213  0.802397 0.156053
0  10.053494 -9.051570 1.944675  0.751271 -0.659831 -0.014672  0.812636 0.155615
no_material
0  11.707650 -6.759585 1.944540  0.863827 -0.503634 -0.012519  0.812990 0.167969
0  11.924910 -6.883515 4.302945  0.853375 -0.497382 0.156085  0.802842 0.168193
0  10.053494 -9.051570 1.944675  0.751271 -0.659831 -0.014672  0.812636 0.155615
no_material
0  13.145849 -4.270050 4.309875  0.934738 -0.319018 0.156499  0.802883 0.180321
0  11.924910 -6.883515 4.302945  0.853375 -0.497382 0.156085  0.802842 0.168193
0  11.707650 -6.759585 1.944540  0.863827 -0.503634 -0.012519  0.812990 0.167969
no_material
0  12.881970 -4.186215 1.944900  0.947337 -0.319731 -0.018034  0.813140 0.180352
0  13.145849 -4.270050 4.309875  0.934738 -0.319018 0.156499  0.802883 0.180321
0  11.707650 -6.759585 1.944540  0.863827 -0.503634 -0.012519  0.812990 0.167969
no_material
0  13.808341 -1.451700 4.318965  0.981992 -0.108622 0.154571  0.802595 0.192495
0  13.145849 -4.270050 4.309875  0.934738 -0.319018 0.156499  0.802883 0.180321
0  12.881970 -4.186215 1.944900  0.947337 -0.319731 -0.018034  0.813140 0.180352
no_material
0  13.488570 -1.418445 1.943910  0.993930 -0.106129 -0.028966  0.812937 0.192812
0  13.808341 -1.451700 4.318965  0.981992 -0.108622 0.154571  0.802595 0.192495
0  12.881970 -4.186215 1.944900  0.947337 -0.319731 -0.018034  0.813140 0.180352
no_material
0  13.799879 1.450575 4.317435  0.982614 0.111538 0.148423  0.802141 0.204605
0  13.808341 -1.451700 4.318965  0.981992 -0.108622 0.154571  0.802595 0.192495
0  13.488570 -1.418445 1.943910  0.993930 -0.106129 -0.028966  0.812937 0.192812
no_material
0  13.468995 1.416735 1.944000  0.992634 0.115468 -0.036685  0.812321 0.205185
0  13.799879 1.450575 4.317435  0.982614 0.111538 0.148423  0.802141 0.204605
0  13.488570 -1.418445 1.943910  0.993930 -0.106129 -0.028966  0.812937 0.192812
no_material
0  13.151971 4.272435 4.312440  0.937186 0.319188 0.140716  0.801480 0.216529
0  13.799879 1.450575 4.317435  0.982614 0.111538 0.148423  0.802141 0.204605
0  13.468995 1.416735 1.944000  0.992634 0.115468 -0.036685  0.812321 0.205185
no_material
0  12.843136 4.173165 1.944810  0.945895 0.322120 -0.039012  0.811467 0.217327
0  13.151971 4.272435 4.312440  0.937186 0.319188 0.140716  0.801480 0.216529
0  13.468995 1.416735 1.944000  0.992634 0.115468 -0.036685  0.812321 0.205185
no_material
0  11.937016 6.890355 4.305600  0.852672 0.504837 0.134498  0.800592 0.228235
0  13.151971 4.272435 4.312440  0.937186 0.319188 0.140716  0.801480 0.216529
0  12.843136 4.173165 1.944810  0.945895 0.322120 -0.039012  0.811467 0.217327
no_material
0  11.667960 6.736320 1.945395  0.859899 0.508961 -0.039133  0.810359 0.229219
0  11.937016 6.890355 4.305600  0.852672 0.504837 0.134498  0.800592 0.228235
0  12.843136 4.173165 1.944810  0.945895 0.322120 -0.039012  0.811467 0.217327
no_material
0  10.223010 9.203310 4.305375  0.732482 0.668128 0.130672  0.799456 0.239706
0  11.937016 6.890355 4.305600  0.852672 0.504837 0.134498  0.800592 0.228235
0  11.667960 6.736320 1.945395  0.859899 0.508961 -0.039133  0.810359 0.229219
no_material
0  9.997110 9.001170 1.946250  0.738124 0.673559 -0.038608  0.809027 0.240871
0  10.223010 9.203310 4.305375  0.732482 0.668128 0.130672  0.799456 0.239706
0  11.667960 6.736320 1.945395  0.859899 0.508961 -0.039133  0.810359 0.229219
no_material
0  8.070120 11.106450 4.305780  0.584051 0.801396 0.129028  0.798039 0.250997
0  10.223010 9.203310 4.305375  0.732482 0.668128 0.130672  0.799456 0.239706
0  9.997110 9.001170 1.946250  0.738124 0.673559 -0.038608  0.809027 0.240871
no_material
0  7.903980 10.878975 1.945845  0.587250 0.808406 -0.040219  0.807482 0.252324
0  8.070120 11.106450 4.305780  0.584051 0.801396 0.129028  0.798039 0.250997
0  9.997110 9.001170 1.946250  0.738124 0.673559 -0.038608  0.809027 0.240871
no_material
0  5.596605 12.575295 4.307040  0.411564 0.902396 0.127663  0.796327 0.262218
0  8.070120 11.106450 4.305780  0.584051 0.801396 0.129028  0.798039 0.250997
0  7.903980 10.878975 1.945845  0.587250 0.808406 -0.040219  0.807482 0.252324
no_material
0  0.000135 -13.827420 4.307310  0.004019 -0.984270 0.176626  0.797654 0.107409
0  -0.000090 -12.955635 5.382900  0.002990 -0.973127 0.230251  0.791631 0.108345
0  -2.874105 -13.521420 4.306095  -0.195389 -0.965032 0.174748  0.795648 0.095348
no_material
0  2.690775 -12.659085 5.378715  0.199906 -0.954151 0.222786  0.793452 0.120234
0  -0.000090 -12.955635 5.382900  0.002990 -0.973127 0.230251  0.791631 0.108345
0  0.000135 -13.827420 4.307310  0.004019 -0.984270 0.176626  0.797654 0.107409
no_material
0  2.867895 -13.492620 4.301910  0.204703 -0.962959 0.175517  0.799336 0.119502
0  2.690775 -12.659085 5.378715  0.199906 -0.954151 0.222786  0.793452 0.120234
0  0.000135 -13.827420 4.307310  0.004019 -0.984270 0.176626  0.797654 0.107409
no_material
0  5.268870 -11.834685 5.382540  0.381562 -0.901122 0.205887  0.794606 0.132153
0  2.690775 -12.659085 5.378715  0.199906 -0.954151 0.222786  0.793452 0.120234
0  2.867895 -13.492620 4.301910  0.204703 -0.962959 0.175517  0.799336 0.119502
no_material
0  5.626575 -12.634786 4.308570  0.393413 -0.903144 0.171922  0.800645 0.131668
0  5.268870 -11.834685 5.382540  0.381562 -0.901122 0.205887  0.794606 0.132153
0  2.867895 -13.492620 4.301910  0.204703 -0.962959 0.175517  0.799336 0.119502
no_material
0  7.627860 -10.499400 5.388120  0.570564 -0.804094 0.167000  0.795443 0.144329
0  5.268870 -11.834685 5.382540  0.381562 -0.901122 0.205887  0.794606 0.132153
0  5.626575 -12.634786 4.308570  0.393413 -0.903144 0.171922  0.800645 0.131668
no_material
0  8.154360 -11.223450 4.317165  0.583952 -0.794807 0.165171  0.801629 0.143868
0  7.627860 -10.499400 5.388120  0.570564 -0.804094 0.167000  0.795443 0.144329
0  5.626575 -12.634786 4.308570  0.393413 -0.903144 0.171922  0.800645 0.131668
no_material
0  9.637965 -8.677936 5.384790  0.738534 -0.663635 0.118977  0.796482 0.156452
0  7.627860 -10.499400 5.388120  0.570564 -0.804094 0.167000  0.795443 0.144329
0  8.154360 -11.223450 4.317165  0.583952 -0.794807 0.165171  0.801629 0.143868
no_material
0  10.250145 -9.231660 4.301055  0.742199 -0.651237 0.158213  0.802397 0.156053
0  9.637965 -8.677936 5.384790  0.738534 -0.663635 0.118977  0.796482 0.156452
0  8.154360 -11.223450 4.317165  0.583952 -0.794807 0.165171  0.801629 0.143868
no_material
0  11.228220 -6.482880 5.383710  0.859877 -0.500891 0.098591  0.797084 0.168297
0  9.637965 -8.677936 5.384790  0.738534 -0.663635 0.118977  0.796482 0.156452
0  10.250145 -9.231660 4.301055  0.742199 -0.651237 0.158213  0.802397 0.156053
no_material
0  11.924910 -6.883515 4.302945  0.853375 -0.497382 0.156085  0.802842 0.168193
0  11.228220 -6.482880 5.383710  0.859877 -0.500891 0.098591  0.797084 0.168297
0  10.250145 -9.231660 4.301055  0.742199 -0.651237 0.158213  0.802397 0.156053
no_material
0  12.345840 -4.011885 5.389695  0.942246 -0.316442 0.109717  0.796952 0.180152
0  11.228220 -6.482880 5.383710  0.859877 -0.500891 0.098591  0.797084 0.168297
0  11.924910 -6.883515 4.302945  0.853375 -0.497382 0.156085  0.802842 0.168193
no_material
0  13.145849 -4.270050 4.309875  0.934738 -0.319018 0.156499  0.802883 0.180321
0  12.345840 -4.011885 5.389695  0.942246 -0.316442 0.109717  0.796952 0.180152
0  11.924910 -6.883515 4.302945  0.853375 -0.497382 0.156085  0.802842 0.168193
no_material
0  12.934216 -1.360800 5.394915  0.986156 -0.109435 0.124580  0.796452 0.192278
0  12.345840 -4.011885 5.389695  0.942246 -0.316442 0.109717  0.796952 0.180152
0  13.145849 -4.270050 4.309875  0.934738 -0.319018 0.156499  0.802883 0.180321
no_material
0  13.808341 -1.451700 4.318965  0.981992 -0.108622 0.154571  0.802595 0.192495
0  12.934216 -1.360800 5.394915  0.986156 -0.109435 0.124580  0.796452 0.192278
0  13.145849 -4.270050 4.309875  0.934738 -0.319018 0.156499  0.802883 0.180321
no_material
0  12.937635 1.360845 5.395500  0.987374 0.104251 0.119266  0.796182 0.204413
0  12.934216 -1.360800 5.394915  0.986156 -0.109435 0.124580  0.796452 0.192278
0  13.808341 -1.451700 4.318965  0.981992 -0.108622 0.154571  0.802595 0.192495
no_material
0  13.799879 1.450575 4.317435  0.982614 0.111538 0.148423  0.802141 0.204605
0  12.937635 1.360845 5.395500  0.987374 0.104251 0.119266  0.796182 0.204413
0  13.808341 -1.451700 4.318965  0.981992 -0.108622 0.154571  0.802595 0.192495
no_material
0  12.370005 4.019625 5.388885  0.946252 0.309682 0.093292  0.795758 0.216245
0  12.937635 1.360845 5.395500  0.987374 0.104251 0.119266  0.796182 0.204413
0  13.799879 1.450575 4.317435  0.982614 0.111538 0.148423  0.802141 0.204605
no_material
0  1.207935 -2.780190 62.684055  0.347920 -0.720142 0.600290  0.274627 0.968879
0  0.621585 -2.981790 62.689365  0.184531 -0.769816 0.611009  0.276625 0.966669
0  1.351890 -6.522705 58.190220  0.207225 -0.783131 0.586313  0.296440 0.983860
no_material
0  2.258010 -5.221080 59.287907  0.370473 -0.709855 0.599046  0.288126 0.983360
0  1.207935 -2.780190 62.684055  0.347920 -0.720142 0.600290  0.274627 0.968879
0  1.351890 -6.522705 58.190220  0.207225 -0.783131 0.586313  0.296440 0.983860
no_material
0  1.207935 -2.780190 62.684055  0.347920 -0.720142 0.600290  0.274627 0.968879
0  0.913275 -2.071350 63.955849  0.392708 -0.837906 0.379069  0.269252 0.963794
0  0.621585 -2.981790 62.689365  0.184531 -0.769816 0.611009  0.276625 0.966669
no_material
0  0.913275 -2.071350 63.955849  0.392708 -0.837906 0.379069  0.269252 0.963794
0  0.471780 -2.231325 63.961243  0.212808 -0.884657 0.414844  0.270820 0.961998
0  0.621585 -2.981790 62.689365  0.184531 -0.769816 0.611009  0.276625 0.966669
no_material
0  0.621585 -2.981790 62.689365  0.184531 -0.769816 0.611009  0.276625 0.966669
0  0.471780 -2.231325 63.961243  0.212808 -0.884657 0.414844  0.270820 0.961998
0  0.005850 -3.056760 62.694897  0.004366 -0.789343 0.613937  0.278404 0.964283
no_material
0  0.621585 -2.981790 62.689365  0.184531 -0.769816 0.611009  0.276625 0.966669
0  0.005850 -3.056760 62.694897  0.004366 -0.789343 0.613937  0.278404 0.964283
0  1.351890 -6.522705 58.190220  0.207225 -0.783131 0.586313  0.296440 0.983860
no_material
0  0.005850 -3.056760 62.694897  0.004366 -0.789343 0.613937  0.278404 0.964283
0  -0.000180 -6.678540 58.201424  -0.007887 -0.794483 0.607235  0.299906 0.979197
0  1.351890 -6.522705 58.190220  0.207225 -0.783131 0.586313  0.296440 0.983860
no_material
0  -0.000180 -6.678540 58.201424  -0.007887 -0.794483 0.607235  0.299906 0.979197
0  -0.439875 -8.223750 55.915020  0.047521 -0.868576 0.493271  0.310430 0.983860
0  1.351890 -6.522705 58.190220  0.207225 -0.783131 0.586313  0.296440 0.983860
no_material
0  0.913275 -2.071350 63.955849  0.392708 -0.837906 0.379069  0.269252 0.963794
0  0.974070 -1.335690 66.295532  0.586787 -0.792912 0.164232  0.259167 0.956955
0  0.343755 -1.610640 66.296883  0.218589 -0.961051 0.169114  0.261256 0.954461
no_material
0  0.471780 -2.231325 63.961243  0.212808 -0.884657 0.414844  0.270820 0.961998
0  0.913275 -2.071350 63.955849  0.392708 -0.837906 0.379069  0.269252 0.963794
0  0.343755 -1.610640 66.296883  0.218589 -0.961051 0.169114  0.261256 0.954461
no_material
0  -0.003555 -2.290230 63.965252  0.012812 -0.922920 0.384779  0.272279 0.960041
0  0.471780 -2.231325 63.961243  0.212808 -0.884657 0.414844  0.270820 0.961998
0  0.343755 -1.610640 66.296883  0.218589 -0.961051 0.169114  0.261256 0.954461
no_material
0  0.471780 -2.231325 63.961243  0.212808 -0.884657 0.414844  0.270820 0.961998
0  -0.003555 -2.290230 63.965252  0.012812 -0.922920 0.384779  0.272279 0.960041
0  0.005850 -3.056760 62.694897  0.004366 -0.789343 0.613937  0.278404 0.964283
no_material
0  0.005850 -3.056760 62.694897  0.004366 -0.789343 0.613937  0.278404 0.964283
0  -0.003555 -2.290230 63.965252  0.012812 -0.922920 0.384779  0.272279 0.960041
0  -0.620190 -2.993985 62.701065  -0.161368 -0.774320 0.611874  0.279972 0.961728
no_material
0  0.005850 -3.056760 62.694897  0.004366 -0.789343 0.613937  0.278404 0.964283
0  -0.620190 -2.993985 62.701065  -0.161368 -0.774320 0.611874  0.279972 0.961728
0  -0.000180 -6.678540 58.201424  -0.007887 -0.794483 0.607235  0.299906 0.979197
no_material
0  -0.620190 -2.993985 62.701065  -0.161368 -0.774320 0.611874  0.279972 0.961728
0  -1.353735 -6.519960 58.187294  -0.166869 -0.779510 0.603754  0.302830 0.974295
0  -0.000180 -6.678540 58.201424  -0.007887 -0.794483 0.607235  0.299906 0.979197
no_material
0  -0.439875 -8.223750 55.915020  0.047521 -0.868576 0.493271  0.310430 0.983860
0  -0.000180 -6.678540 58.201424  -0.007887 -0.794483 0.607235  0.299906 0.979197
0  -1.353735 -6.519960 58.187294  -0.166869 -0.779510 0.603754  0.302830 0.974295
no_material
0  -1.665630 -8.122005 55.858681  -0.199686 -0.855797 0.477217  0.313148 0.979702
0  -0.439875 -8.223750 55.915020  0.047521 -0.868576 0.493271  0.310430 0.983860
0  -1.353735 -6.519960 58.187294  -0.166869 -0.779510 0.603754  0.302830 0.974295
no_material
0  -1.141335 -8.405235 55.034729  0.038297 -0.973449 0.225680  0.315255 0.983479
0  -0.439875 -8.223750 55.915020  0.047521 -0.868576 0.493271  0.310430 0.983860
0  -1.665630 -8.122005 55.858681  -0.199686 -0.855797 0.477217  0.313148 0.979702
no_material
0  -1.315035 -8.558550 54.557732  0.005407 -0.936999 0.349291  0.317598 0.983849
0  -1.141335 -8.405235 55.034729  0.038297 -0.973449 0.225680  0.315255 0.983479
0  -1.665630 -8.122005 55.858681  -0.199686 -0.855797 0.477217  0.313148 0.979702
no_material
0  -1.315035 -8.558550 54.557732  0.005407 -0.936999 0.349291  0.317598 0.983849
0  -1.073610 -8.460900 54.554222  0.456770 -0.692392 0.558529  0.316975 0.984826
0  -1.141335 -8.405235 55.034729  0.038297 -0.973449 0.225680  0.315255 0.983479
no_material
0  -1.073610 -8.460900 54.554222  0.456770 -0.692392 0.558529  0.316975 0.984826
0  -0.987345 -8.331884 54.948013  0.687107 -0.666540 -0.289152  0.315146 0.984326
0  -1.141335 -8.405235 55.034729  0.038297 -0.973449 0.225680  0.315255 0.983479
no_material
0  -1.141335 -8.405235 55.034729  0.038297 -0.973449 0.225680  0.315255 0.983479
0  -0.987345 -8.331884 54.948013  0.687107 -0.666540 -0.289152  0.315146 0.984326
0  -0.439875 -8.223750 55.915020  0.047521 -0.868576 0.493271  0.310430 0.983860
no_material
0  -0.987345 -8.331884 54.948013  0.687107 -0.666540 -0.289152  0.315146 0.984326
0  -0.276165 -8.139465 55.751942  0.744520 -0.620670 -0.245885  0.310456 0.984890
0  -0.439875 -8.223750 55.915020  0.047521 -0.868576 0.493271  0.310430 0.983860
no_material
0  -0.439875 -8.223750 55.915020  0.047521 -0.868576 0.493271  0.310430 0.983860
0  -0.276165 -8.139465 55.751942  0.744520 -0.620670 -0.245885  0.310456 0.984890
0  1.601325 -6.531705 57.891689  0.783346 -0.607883 -0.129798  0.296681 0.985529
no_material
0  1.351890 -6.522705 58.190220  0.207225 -0.783131 0.586313  0.296440 0.983860
0  -0.439875 -8.223750 55.915020  0.047521 -0.868576 0.493271  0.310430 0.983860
0  1.601325 -6.531705 57.891689  0.783346 -0.607883 -0.129798  0.296681 0.985529
no_material
0  1.601325 -6.531705 57.891689  0.783346 -0.607883 -0.129798  0.296681 0.985529
0  2.397105 -5.486535 58.795563  0.840262 -0.542060 -0.011433  0.289729 0.985310
0  1.351890 -6.522705 58.190220  0.207225 -0.783131 0.586313  0.296440 0.983860
no_material
0  2.397105 -5.486535 58.795563  0.840262 -0.542060 -0.011433  0.289729 0.985310
0  2.258010 -5.221080 59.287907  0.370473 -0.709855 0.599046  0.288126 0.983360
0  1.351890 -6.522705 58.190220  0.207225 -0.783131 0.586313  0.296440 0.983860
no_material
0  2.397105 -5.486535 58.795563  0.840262 -0.542060 -0.011433  0.289729 0.985310
0  3.084255 -4.272300 59.577435  0.892816 -0.448640 -0.040020  0.282734 0.985024
0  2.258010 -5.221080 59.287907  0.370473 -0.709855 0.599046  0.288126 0.983360
no_material
0  -1.772460 -8.736525 53.924580  -0.227144 -0.962163 0.150494  0.321121 0.983433
0  -1.315035 -8.558550 54.557732  0.005407 -0.936999 0.349291  0.317598 0.983849
0  -1.665630 -8.122005 55.858681  -0.199686 -0.855797 0.477217  0.313148 0.979702
no_material
0  -0.620190 -2.993985 62.701065  -0.161368 -0.774320 0.611874  0.279972 0.961728
0  -1.212525 -2.808180 62.707363  -0.311139 -0.727721 0.611240  0.281295 0.959094
0  -1.353735 -6.519960 58.187294  -0.166869 -0.779510 0.603754  0.302830 0.974295
no_material
0  -0.620190 -2.993985 62.701065  -0.161368 -0.774320 0.611874  0.279972 0.961728
0  -0.469575 -2.241855 63.965794  -0.183043 -0.890112 0.417367  0.273559 0.958031
0  -1.212525 -2.808180 62.707363  -0.311139 -0.727721 0.611240  0.281295 0.959094
no_material
0  -0.003555 -2.290230 63.965252  0.012812 -0.922920 0.384779  0.272279 0.960041
0  -0.469575 -2.241855 63.965794  -0.183043 -0.890112 0.417367  0.273559 0.958031
0  -0.620190 -2.993985 62.701065  -0.161368 -0.774320 0.611874  0.279972 0.961728
no_material
0  -0.469575 -2.241855 63.965794  -0.183043 -0.890112 0.417367  0.273559 0.958031
0  -0.003555 -2.290230 63.965252  0.012812 -0.922920 0.384779  0.272279 0.960041
0  -0.340605 -1.620360 66.295845  -0.192692 -0.966659 0.168640  0.263153 0.951823
no_material
0  -0.003555 -2.290230 63.965252  0.012812 -0.922920 0.384779  0.272279 0.960041
0  0.343755 -1.610640 66.296883  0.218589 -0.961051 0.169114  0.261256 0.954461
0  -0.340605 -1.620360 66.295845  -0.192692 -0.966659 0.168640  0.263153 0.951823
no_material
0  -0.469575 -2.241855 63.965794  -0.183043 -0.890112 0.417367  0.273559 0.958031
0  -0.916785 -2.098620 63.965969  -0.360323 -0.849857 0.384591  0.274688 0.955937
0  -1.212525 -2.808180 62.707363  -0.311139 -0.727721 0.611240  0.281295 0.959094
no_material
0  -0.916785 -2.098620 63.965969  -0.360323 -0.849857 0.384591  0.274688 0.955937
0  -0.469575 -2.241855 63.965794  -0.183043 -0.890112 0.417367  0.273559 0.958031
0  -0.340605 -1.620360 66.295845  -0.192692 -0.966659 0.168640  0.263153 0.951823
no_material
0  -0.916785 -2.098620 63.965969  -0.360323 -0.849857 0.384591  0.274688 0.955937
0  -0.340605 -1.620360 66.295845  -0.192692 -0.966659 0.168640  0.263153 0.951823
0  -0.983250 -1.354005 66.293503  -0.566294 -0.806939 0.167808  0.264790 0.948948
no_material
0  -1.212525 -2.808180 62.707363  -0.311139 -0.727721 0.611240  0.281295 0.959094
0  -2.653380 -6.105960 58.202637  -0.317009 -0.732751 0.602147  0.305118 0.969174
0  -1.353735 -6.519960 58.187294  -0.166869 -0.779510 0.603754  0.302830 0.974295
no_material
0  -1.212525 -2.808180 62.707363  -0.311139 -0.727721 0.611240  0.281295 0.959094
0  -1.765935 -2.505780 62.722847  -0.456323 -0.648413 0.609369  0.282380 0.956322
0  -2.653380 -6.105960 58.202637  -0.317009 -0.732751 0.602147  0.305118 0.969174
no_material
0  -1.212525 -2.808180 62.707363  -0.311139 -0.727721 0.611240  0.281295 0.959094
0  -0.916785 -2.098620 63.965969  -0.360323 -0.849857 0.384591  0.274688 0.955937
0  -1.765935 -2.505780 62.722847  -0.456323 -0.648413 0.609369  0.282380 0.956322
no_material
0  -0.916785 -2.098620 63.965969  -0.360323 -0.849857 0.384591  0.274688 0.955937
0  -1.332765 -1.865745 63.970737  -0.515430 -0.746870 0.420140  0.275637 0.953736
0  -1.765935 -2.505780 62.722847  -0.456323 -0.648413 0.609369  0.282380 0.956322
no_material
0  -1.332765 -1.865745 63.970737  -0.515430 -0.746870 0.420140  0.275637 0.953736
0  -0.916785 -2.098620 63.965969  -0.360323 -0.849857 0.384591  0.274688 0.955937
0  -0.983250 -1.354005 66.293503  -0.566294 -0.806939 0.167808  0.264790 0.948948
no_material
0  -1.689300 -1.552725 63.974789  -0.674567 -0.628363 0.387452  0.276410 0.951511
0  -1.332765 -1.865745 63.970737  -0.515430 -0.746870 0.420140  0.275637 0.953736
0  -0.983250 -1.354005 66.293503  -0.566294 -0.806939 0.167808  0.264790 0.948948
no_material
0  -1.689300 -1.552725 63.974789  -0.674567 -0.628363 0.387452  0.276410 0.951511
0  -0.983250 -1.354005 66.293503  -0.566294 -0.806939 0.167808  0.264790 0.948948
0  -1.463175 -0.838080 66.292336  -0.845489 -0.507178 0.167093  0.266052 0.945924
no_material
0  -1.978110 -1.162440 63.978436  -0.779845 -0.463032 0.421240  0.276999 0.949210
0  -1.689300 -1.552725 63.974789  -0.674567 -0.628363 0.387452  0.276410 0.951511
0  -1.463175 -0.838080 66.292336  -0.845489 -0.507178 0.167093  0.266052 0.945924
no_material
0  -2.180700 -0.721125 63.982712  -0.873656 -0.298679 0.384079  0.277404 0.946933
0  -1.978110 -1.162440 63.978436  -0.779845 -0.463032 0.421240  0.276999 0.949210
0  -1.463175 -0.838080 66.292336  -0.845489 -0.507178 0.167093  0.266052 0.945924
no_material
0  -1.978110 -1.162440 63.978436  -0.779845 -0.463032 0.421240  0.276999 0.949210
0  -2.180700 -0.721125 63.982712  -0.873656 -0.298679 0.384079  0.277404 0.946933
0  -2.901780 -0.973080 62.752678  -0.761143 -0.243706 0.601057  0.284068 0.947556
no_material
0  -2.901780 -0.973080 62.752678  -0.761143 -0.243706 0.601057  0.284068 0.947556
0  -2.180700 -0.721125 63.982712  -0.873656 -0.298679 0.384079  0.277404 0.946933
0  -3.042360 -0.334080 62.757454  -0.796735 -0.080861 0.598894  0.284052 0.944630
no_material
0  -2.901780 -0.973080 62.752678  -0.761143 -0.243706 0.601057  0.284068 0.947556
0  -3.042360 -0.334080 62.757454  -0.796735 -0.080861 0.598894  0.284052 0.944630
0  -6.229845 -2.071080 58.212765  -0.777596 -0.244106 0.579445  0.309213 0.947144
no_material
0  -2.901780 -0.973080 62.752678  -0.761143 -0.243706 0.601057  0.284068 0.947556
0  -6.229845 -2.071080 58.212765  -0.777596 -0.244106 0.579445  0.309213 0.947144
0  -5.677695 -3.353895 58.219471  -0.706829 -0.397978 0.584813  0.308918 0.952855
no_material
0  -5.677695 -3.353895 58.219471  -0.706829 -0.397978 0.584813  0.308918 0.952855
0  -6.229845 -2.071080 58.212765  -0.777596 -0.244106 0.579445  0.309213 0.947144
0  -7.630425 -2.567250 55.861244  -0.864284 -0.267917 0.425716  0.320375 0.947645
no_material
0  -6.961230 -4.161870 55.866783  -0.791562 -0.432055 0.432156  0.319800 0.954305
0  -5.677695 -3.353895 58.219471  -0.706829 -0.397978 0.584813  0.308918 0.952855
0  -7.630425 -2.567250 55.861244  -0.864284 -0.267917 0.425716  0.320375 0.947645
no_material
0  -6.961230 -4.161870 55.866783  -0.791562 -0.432055 0.432156  0.319800 0.954305
0  -7.630425 -2.567250 55.861244  -0.864284 -0.267917 0.425716  0.320375 0.947645
0  -8.162280 -2.775645 53.933445  -0.938637 -0.292610 0.182592  0.328161 0.948466
no_material
0  -7.446915 -4.497390 53.935608  -0.863256 -0.471796 0.179436  0.327308 0.955525
0  -6.961230 -4.161870 55.866783  -0.791562 -0.432055 0.432156  0.319800 0.954305
0  -8.162280 -2.775645 53.933445  -0.938637 -0.292610 0.182592  0.328161 0.948466
no_material
0  -7.446915 -4.497390 53.935608  -0.863256 -0.471796 0.179436  0.327308 0.955525
0  -8.162280 -2.775645 53.933445  -0.938637 -0.292610 0.182592  0.328161 0.948466
0  -8.249624 -2.788515 52.359615  -0.951802 -0.302131 -0.052821  0.334256 0.949160
no_material
0  -6.244830 -5.770710 50.794155  -0.710797 -0.637808 -0.296595  0.338221 0.963873
0  -6.436620 -6.028020 52.356194  -0.745362 -0.661082 -0.086060  0.332121 0.963214
0  -7.296300 -4.321890 50.788803  -0.832659 -0.476154 -0.282766  0.339286 0.956975
no_material
0  -6.436620 -6.028020 52.356194  -0.745362 -0.661082 -0.086060  0.332121 0.963214
0  -7.520130 -4.514535 52.357006  -0.870841 -0.486758 -0.068572  0.333206 0.956270
0  -7.296300 -4.321890 50.788803  -0.832659 -0.476154 -0.282766  0.339286 0.956975
no_material
0  -6.436620 -6.028020 52.356194  -0.745362 -0.661082 -0.086060  0.332121 0.963214
0  -6.396030 -6.025230 53.933445  -0.743082 -0.646392 0.173223  0.326269 0.962364
0  -7.520130 -4.514535 52.357006  -0.870841 -0.486758 -0.068572  0.333206 0.956270
no_material
0  -6.396030 -6.025230 53.933445  -0.743082 -0.646392 0.173223  0.326269 0.962364
0  -7.446915 -4.497390 53.935608  -0.863256 -0.471796 0.179436  0.327308 0.955525
0  -7.520130 -4.514535 52.357006  -0.870841 -0.486758 -0.068572  0.333206 0.956270
no_material
0  -6.396030 -6.025230 53.933445  -0.743082 -0.646392 0.173223  0.326269 0.962364
0  -5.993640 -5.584950 55.883068  -0.678223 -0.587430 0.441520  0.318835 0.960738
0  -7.446915 -4.497390 53.935608  -0.863256 -0.471796 0.179436  0.327308 0.955525
no_material
0  -5.993640 -5.584950 55.883068  -0.678223 -0.587430 0.441520  0.318835 0.960738
0  -6.961230 -4.161870 55.866783  -0.791562 -0.432055 0.432156  0.319800 0.954305
0  -7.446915 -4.497390 53.935608  -0.863256 -0.471796 0.179436  0.327308 0.955525
no_material
0  -5.993640 -5.584950 55.883068  -0.678223 -0.587430 0.441520  0.318835 0.960738
0  -4.866075 -4.481595 58.214561  -0.600438 -0.537311 0.592259  0.308139 0.958419
0  -6.961230 -4.161870 55.866783  -0.791562 -0.432055 0.432156  0.319800 0.954305
no_material
0  -4.866075 -4.481595 58.214561  -0.600438 -0.537311 0.592259  0.308139 0.958419
0  -5.677695 -3.353895 58.219471  -0.706829 -0.397978 0.584813  0.308918 0.952855
0  -6.961230 -4.161870 55.866783  -0.791562 -0.432055 0.432156  0.319800 0.954305
no_material
0  -2.635470 -1.566900 62.748676  -0.690112 -0.397999 0.604436  0.283779 0.950505
0  -5.677695 -3.353895 58.219471  -0.706829 -0.397978 0.584813  0.308918 0.952855
0  -4.866075 -4.481595 58.214561  -0.600438 -0.537311 0.592259  0.308139 0.958419
no_material
0  -2.635470 -1.566900 62.748676  -0.690112 -0.397999 0.604436  0.283779 0.950505
0  -2.901780 -0.973080 62.752678  -0.761143 -0.243706 0.601057  0.284068 0.947556
0  -5.677695 -3.353895 58.219471  -0.706829 -0.397978 0.584813  0.308918 0.952855
no_material
0  -2.635470 -1.566900 62.748676  -0.690112 -0.397999 0.604436  0.283779 0.950505
0  -1.978110 -1.162440 63.978436  -0.779845 -0.463032 0.421240  0.276999 0.949210
0  -2.901780 -0.973080 62.752678  -0.761143 -0.243706 0.601057  0.284068 0.947556
no_material
0  -1.689300 -1.552725 63.974789  -0.674567 -0.628363 0.387452  0.276410 0.951511
0  -1.978110 -1.162440 63.978436  -0.779845 -0.463032 0.421240  0.276999 0.949210
0  -2.635470 -1.566900 62.748676  -0.690112 -0.397999 0.604436  0.283779 0.950505
no_material
0  -2.248290 -2.091870 62.740620  -0.585336 -0.537486 0.607034  0.283204 0.953466
0  -1.689300 -1.552725 63.974789  -0.674567 -0.628363 0.387452  0.276410 0.951511
0  -2.635470 -1.566900 62.748676  -0.690112 -0.397999 0.604436  0.283779 0.950505
no_material
0  -1.332765 -1.865745 63.970737  -0.515430 -0.746870 0.420140  0.275637 0.953736
0  -1.689300 -1.552725 63.974789  -0.674567 -0.628363 0.387452  0.276410 0.951511
0  -2.248290 -2.091870 62.740620  -0.585336 -0.537486 0.607034  0.283204 0.953466
no_material
0  -1.765935 -2.505780 62.722847  -0.456323 -0.648413 0.609369  0.282380 0.956322
0  -1.332765 -1.865745 63.970737  -0.515430 -0.746870 0.420140  0.275637 0.953736
0  -2.248290 -2.091870 62.740620  -0.585336 -0.537486 0.607034  0.283204 0.953466
no_material
0  -1.765935 -2.505780 62.722847  -0.456323 -0.648413 0.609369  0.282380 0.956322
0  -2.248290 -2.091870 62.740620  -0.585336 -0.537486 0.607034  0.283204 0.953466
0  -3.841830 -5.414625 58.207813  -0.468309 -0.649846 0.598654  0.306883 0.963871
no_material
0  -1.765935 -2.505780 62.722847  -0.456323 -0.648413 0.609369  0.282380 0.956322
0  -3.841830 -5.414625 58.207813  -0.468309 -0.649846 0.598654  0.306883 0.963871
0  -2.653380 -6.105960 58.202637  -0.317009 -0.732751 0.602147  0.305118 0.969174
no_material
0  -2.653380 -6.105960 58.202637  -0.317009 -0.732751 0.602147  0.305118 0.969174
0  -3.841830 -5.414625 58.207813  -0.468309 -0.649846 0.598654  0.306883 0.963871
0  -4.737105 -6.758685 55.884285  -0.531664 -0.718083 0.449098  0.317482 0.967095
no_material
0  -2.248290 -2.091870 62.740620  -0.585336 -0.537486 0.607034  0.283204 0.953466
0  -2.635470 -1.566900 62.748676  -0.690112 -0.397999 0.604436  0.283779 0.950505
0  -4.866075 -4.481595 58.214561  -0.600438 -0.537311 0.592259  0.308139 0.958419
no_material
0  -2.248290 -2.091870 62.740620  -0.585336 -0.537486 0.607034  0.283204 0.953466
0  -4.866075 -4.481595 58.214561  -0.600438 -0.537311 0.592259  0.308139 0.958419
0  -3.841830 -5.414625 58.207813  -0.468309 -0.649846 0.598654  0.306883 0.963871
no_material
0  -3.841830 -5.414625 58.207813  -0.468309 -0.649846 0.598654  0.306883 0.963871
0  -4.866075 -4.481595 58.214561  -0.600438 -0.537311 0.592259  0.308139 0.958419
0  -5.993640 -5.584950 55.883068  -0.678223 -0.587430 0.441520  0.318835 0.960738
no_material
0  -4.737105 -6.758685 55.884285  -0.531664 -0.718083 0.449098  0.317482 0.967095
0  -3.841830 -5.414625 58.207813  -0.468309 -0.649846 0.598654  0.306883 0.963871
0  -5.993640 -5.584950 55.883068  -0.678223 -0.587430 0.441520  0.318835 0.960738
no_material
0  -4.737105 -6.758685 55.884285  -0.531664 -0.718083 0.449098  0.317482 0.967095
0  -5.993640 -5.584950 55.883068  -0.678223 -0.587430 0.441520  0.318835 0.960738
0  -6.396030 -6.025230 53.933445  -0.743082 -0.646392 0.173223  0.326269 0.962364
no_material
0  -5.042880 -7.267905 53.929169  -0.587086 -0.791721 0.168843  0.324977 0.969157
0  -4.737105 -6.758685 55.884285  -0.531664 -0.718083 0.449098  0.317482 0.967095
0  -6.396030 -6.025230 53.933445  -0.743082 -0.646392 0.173223  0.326269 0.962364
no_material
0  -5.042880 -7.267905 53.929169  -0.587086 -0.791721 0.168843  0.324977 0.969157
0  -6.396030 -6.025230 53.933445  -0.743082 -0.646392 0.173223  0.326269 0.962364
0  -6.436620 -6.028020 52.356194  -0.745362 -0.661082 -0.086060  0.332121 0.963214
no_material
0  -5.071365 -7.261920 52.358307  -0.590510 -0.800992 -0.098541  0.330945 0.970177
0  -5.042880 -7.267905 53.929169  -0.587086 -0.791721 0.168843  0.324977 0.969157
0  -6.436620 -6.028020 52.356194  -0.745362 -0.661082 -0.086060  0.332121 0.963214
no_material
0  -5.071365 -7.261920 52.358307  -0.590510 -0.800992 -0.098541  0.330945 0.970177
0  -6.436620 -6.028020 52.356194  -0.745362 -0.661082 -0.086060  0.332121 0.963214
0  -6.244830 -5.770710 50.794155  -0.710797 -0.637808 -0.296595  0.338221 0.963873
no_material
0  -4.927635 -6.960780 50.799377  -0.563950 -0.767260 -0.305405  0.337231 0.970853
0  -5.071365 -7.261920 52.358307  -0.590510 -0.800992 -0.098541  0.330945 0.970177
0  -6.244830 -5.770710 50.794155  -0.710797 -0.637808 -0.296595  0.338221 0.963873
no_material
0  -3.272085 -7.613730 55.878433  -0.359563 -0.814589 0.455148  0.315640 0.973391
0  -2.653380 -6.105960 58.202637  -0.317009 -0.732751 0.602147  0.305118 0.969174
0  -4.737105 -6.758685 55.884285  -0.531664 -0.718083 0.449098  0.317482 0.967095
no_material
0  -3.272085 -7.613730 55.878433  -0.359563 -0.814589 0.455148  0.315640 0.973391
0  -4.737105 -6.758685 55.884285  -0.531664 -0.718083 0.449098  0.317482 0.967095
0  -5.042880 -7.267905 53.929169  -0.587086 -0.791721 0.168843  0.324977 0.969157
no_material
0  -3.481515 -8.189549 53.927776  -0.403244 -0.898814 0.171837  0.323334 0.976084
0  -3.272085 -7.613730 55.878433  -0.359563 -0.814589 0.455148  0.315640 0.973391
0  -5.042880 -7.267905 53.929169  -0.587086 -0.791721 0.168843  0.324977 0.969157
no_material
0  -3.481515 -8.189549 53.927776  -0.403244 -0.898814 0.171837  0.323334 0.976084
0  -5.042880 -7.267905 53.929169  -0.587086 -0.791721 0.168843  0.324977 0.969157
0  -5.071365 -7.261920 52.358307  -0.590510 -0.800992 -0.098541  0.330945 0.970177
no_material
0  -3.503565 -8.186400 52.359524  -0.410593 -0.905808 -0.104523  0.329628 0.977383
0  -3.481515 -8.189549 53.927776  -0.403244 -0.898814 0.171837  0.323334 0.976084
0  -5.071365 -7.261920 52.358307  -0.590510 -0.800992 -0.098541  0.330945 0.970177
no_material
0  -3.503565 -8.186400 52.359524  -0.410593 -0.905808 -0.104523  0.329628 0.977383
0  -5.071365 -7.261920 52.358307  -0.590510 -0.800992 -0.098541  0.330945 0.970177
0  -4.927635 -6.960780 50.799377  -0.563950 -0.767260 -0.305405  0.337231 0.970853
no_material
0  -3.407445 -7.854434 50.801624  -0.391694 -0.865073 -0.313409  0.336319 0.978127
0  -3.503565 -8.186400 52.359524  -0.410593 -0.905808 -0.104523  0.329628 0.977383
0  -4.927635 -6.960780 50.799377  -0.563950 -0.767260 -0.305405  0.337231 0.970853
no_material
0  -5.761260 -3.336210 48.152340  -0.640436 -0.372454 -0.671654  0.352807 0.958758
0  -4.950270 -4.466880 48.161293  -0.549432 -0.496380 -0.672109  0.351959 0.965142
0  -6.827940 -3.988575 49.486229  -0.716976 -0.415966 -0.559391  0.344933 0.957639
no_material
0  -4.950270 -4.466880 48.161293  -0.549432 -0.496380 -0.672109  0.351959 0.965142
0  -5.848785 -5.328540 49.494064  -0.613215 -0.553160 -0.563898  0.343952 0.964372
0  -6.827940 -3.988575 49.486229  -0.716976 -0.415966 -0.559391  0.344933 0.957639
no_material
0  -4.950270 -4.466880 48.161293  -0.549432 -0.496380 -0.672109  0.351959 0.965142
0  -3.911355 -5.395950 48.160034  -0.436579 -0.593484 -0.676147  0.351436 0.971668
0  -5.848785 -5.328540 49.494064  -0.613215 -0.553160 -0.563898  0.343952 0.964372
no_material
0  -3.911355 -5.395950 48.160034  -0.436579 -0.593484 -0.676147  0.351436 0.971668
0  -4.624650 -6.439815 49.496578  -0.487446 -0.662719 -0.568507  0.343160 0.971229
0  -5.848785 -5.328540 49.494064  -0.613215 -0.553160 -0.563898  0.343952 0.964372
no_material
0  -3.911355 -5.395950 48.160034  -0.436579 -0.593484 -0.676147  0.351436 0.971668
0  -2.709810 -6.099120 48.156704  -0.296835 -0.666979 -0.683394  0.351199 0.978306
0  -4.624650 -6.439815 49.496578  -0.487446 -0.662719 -0.568507  0.343160 0.971229
no_material
0  -2.709810 -6.099120 48.156704  -0.296835 -0.666979 -0.683394  0.351199 0.978306
0  -3.204000 -7.279830 49.489605  -0.334725 -0.746630 -0.574893  0.342619 0.978353
0  -4.624650 -6.439815 49.496578  -0.487446 -0.662719 -0.568507  0.343160 0.971229
no_material
0  -2.709810 -6.099120 48.156704  -0.296835 -0.666979 -0.683394  0.351199 0.978306
0  -1.379070 -6.512265 48.165169  -0.148715 -0.713188 -0.685016  0.351500 0.985054
0  -3.204000 -7.279830 49.489605  -0.334725 -0.746630 -0.574893  0.342619 0.978353
no_material
0  -1.379070 -6.512265 48.165169  -0.148715 -0.713188 -0.685016  0.351500 0.985054
0  -1.635750 -7.786170 49.496269  -0.168374 -0.797129 -0.579858  0.342504 0.985993
0  -3.204000 -7.279830 49.489605  -0.334725 -0.746630 -0.574893  0.342619 0.978353
no_material
0  -1.635750 -7.786170 49.496269  -0.168374 -0.797129 -0.579858  0.342504 0.985993
0  -1.740465 -8.403255 50.803604  -0.200606 -0.925114 -0.322368  0.335576 0.986021
0  -3.204000 -7.279830 49.489605  -0.334725 -0.746630 -0.574893  0.342619 0.978353
no_material
0  -1.740465 -8.403255 50.803604  -0.200606 -0.925114 -0.322368  0.335576 0.986021
0  -3.407445 -7.854434 50.801624  -0.391694 -0.865073 -0.313409  0.336319 0.978127
0  -3.204000 -7.279830 49.489605  -0.334725 -0.746630 -0.574893  0.342619 0.978353
no_material
0  -1.740465 -8.403255 50.803604  -0.200606 -0.925114 -0.322368  0.335576 0.986021
0  -1.789425 -8.758395 52.360153  -0.214431 -0.970651 -0.108886  0.328113 0.985198
0  -3.407445 -7.854434 50.801624  -0.391694 -0.865073 -0.313409  0.336319 0.978127
no_material
0  -1.789425 -8.758395 52.360153  -0.214431 -0.970651 -0.108886  0.328113 0.985198
0  -3.503565 -8.186400 52.359524  -0.410593 -0.905808 -0.104523  0.329628 0.977383
0  -3.407445 -7.854434 50.801624  -0.391694 -0.865073 -0.313409  0.336319 0.978127
no_material
0  -1.789425 -8.758395 52.360153  -0.214431 -0.970651 -0.108886  0.328113 0.985198
0  -1.772460 -8.736525 53.924580  -0.227144 -0.962163 0.150494  0.321121 0.983433
0  -3.503565 -8.186400 52.359524  -0.410593 -0.905808 -0.104523  0.329628 0.977383
no_material
0  -1.772460 -8.736525 53.924580  -0.227144 -0.962163 0.150494  0.321121 0.983433
0  -3.481515 -8.189549 53.927776  -0.403244 -0.898814 0.171837  0.323334 0.976084
0  -3.503565 -8.186400 52.359524  -0.410593 -0.905808 -0.104523  0.329628 0.977383
no_material
0  -1.772460 -8.736525 53.924580  -0.227144 -0.962163 0.150494  0.321121 0.983433
0  -1.665630 -8.122005 55.858681  -0.199686 -0.855797 0.477217  0.313148 0.979702
0  -3.481515 -8.189549 53.927776  -0.403244 -0.898814 0.171837  0.323334 0.976084
no_material
0  -1.665630 -8.122005 55.858681  -0.199686 -0.855797 0.477217  0.313148 0.979702
0  -3.272085 -7.613730 55.878433  -0.359563 -0.814589 0.455148  0.315640 0.973391
0  -3.481515 -8.189549 53.927776  -0.403244 -0.898814 0.171837  0.323334 0.976084
no_material
0  -1.665630 -8.122005 55.858681  -0.199686 -0.855797 0.477217  0.313148 0.979702
0  -1.353735 -6.519960 58.187294  -0.166869 -0.779510 0.603754  0.302830 0.974295
0  -3.272085 -7.613730 55.878433  -0.359563 -0.814589 0.455148  0.315640 0.973391
no_material
0  -1.353735 -6.519960 58.187294  -0.166869 -0.779510 0.603754  0.302830 0.974295
0  -2.653380 -6.105960 58.202637  -0.317009 -0.732751 0.602147  0.305118 0.969174
0  -3.272085 -7.613730 55.878433  -0.359563 -0.814589 0.455148  0.315640 0.973391
no_material
0  -7.520130 -4.514535 52.357006  -0.870841 -0.486758 -0.068572  0.333206 0.956270
0  -7.446915 -4.497390 53.935608  -0.863256 -0.471796 0.179436  0.327308 0.955525
0  -8.249624 -2.788515 52.359615  -0.951802 -0.302131 -0.052821  0.334256 0.949160
no_material
0  -7.520130 -4.514535 52.357006  -0.870841 -0.486758 -0.068572  0.333206 0.956270
0  -8.249624 -2.788515 52.359615  -0.951802 -0.302131 -0.052821  0.334256 0.949160
0  -8.021745 -2.675250 50.787403  -0.916204 -0.298202 -0.267666  0.340470 0.950010
no_material
0  -7.296300 -4.321890 50.788803  -0.832659 -0.476154 -0.282766  0.339286 0.956975
0  -7.520130 -4.514535 52.357006  -0.870841 -0.486758 -0.068572  0.333206 0.956270
0  -8.021745 -2.675250 50.787403  -0.916204 -0.298202 -0.267666  0.340470 0.950010
no_material
0  -7.296300 -4.321890 50.788803  -0.832659 -0.476154 -0.282766  0.339286 0.956975
0  -8.021745 -2.675250 50.787403  -0.916204 -0.298202 -0.267666  0.340470 0.950010
0  -7.508160 -2.469195 49.479927  -0.789158 -0.261777 -0.555610  0.346150 0.950931
no_material
0  -6.827940 -3.988575 49.486229  -0.716976 -0.415966 -0.559391  0.344933 0.957639
0  -7.296300 -4.321890 50.788803  -0.832659 -0.476154 -0.282766  0.339286 0.956975
0  -7.508160 -2.469195 49.479927  -0.789158 -0.261777 -0.555610  0.346150 0.950931
no_material
0  -6.244830 -5.770710 50.794155  -0.710797 -0.637808 -0.296595  0.338221 0.963873
0  -7.296300 -4.321890 50.788803  -0.832659 -0.476154 -0.282766  0.339286 0.956975
0  -6.827940 -3.988575 49.486229  -0.716976 -0.415966 -0.559391  0.344933 0.957639
no_material
0  -5.848785 -5.328540 49.494064  -0.613215 -0.553160 -0.563898  0.343952 0.964372
0  -6.244830 -5.770710 50.794155  -0.710797 -0.637808 -0.296595  0.338221 0.963873
0  -6.827940 -3.988575 49.486229  -0.716976 -0.415966 -0.559391  0.344933 0.957639
no_material
0  -4.927635 -6.960780 50.799377  -0.563950 -0.767260 -0.305405  0.337231 0.970853
0  -6.244830 -5.770710 50.794155  -0.710797 -0.637808 -0.296595  0.338221 0.963873
0  -5.848785 -5.328540 49.494064  -0.613215 -0.553160 -0.563898  0.343952 0.964372
no_material
0  -4.624650 -6.439815 49.496578  -0.487446 -0.662719 -0.568507  0.343160 0.971229
0  -4.927635 -6.960780 50.799377  -0.563950 -0.767260 -0.305405  0.337231 0.970853
0  -5.848785 -5.328540 49.494064  -0.613215 -0.553160 -0.563898  0.343952 0.964372
no_material
0  -3.407445 -7.854434 50.801624  -0.391694 -0.865073 -0.313409  0.336319 0.978127
0  -4.927635 -6.960780 50.799377  -0.563950 -0.767260 -0.305405  0.337231 0.970853
0  -4.624650 -6.439815 49.496578  -0.487446 -0.662719 -0.568507  0.343160 0.971229
no_material
0  -3.204000 -7.279830 49.489605  -0.334725 -0.746630 -0.574893  0.342619 0.978353
0  -3.407445 -7.854434 50.801624  -0.391694 -0.865073 -0.313409  0.336319 0.978127
0  -4.624650 -6.439815 49.496578  -0.487446 -0.662719 -0.568507  0.343160 0.971229
no_material
0  -2.288745 0.243000 63.986130  -0.917450 0.111230 0.381987  0.277670 0.942518
0  -2.289960 -0.242325 63.986847  -0.903375 -0.099758 0.417088  0.277627 0.944653
0  -1.693395 -0.175230 66.291794  -0.980488 -0.104660 0.166400  0.267036 0.942987
no_material
0  -2.289960 -0.242325 63.986847  -0.903375 -0.099758 0.417088  0.277627 0.944653
0  -2.288745 0.243000 63.986130  -0.917450 0.111230 0.381987  0.277670 0.942518
0  -3.038130 0.337230 62.752502  -0.795853 0.087066 0.599197  0.283704 0.941714
no_material
0  -3.042360 -0.334080 62.757454  -0.796735 -0.080861 0.598894  0.284052 0.944630
0  -2.289960 -0.242325 63.986847  -0.903375 -0.099758 0.417088  0.277627 0.944653
0  -3.038130 0.337230 62.752502  -0.795853 0.087066 0.599197  0.283704 0.941714
no_material
0  -3.042360 -0.334080 62.757454  -0.796735 -0.080861 0.598894  0.284052 0.944630
0  -3.038130 0.337230 62.752502  -0.795853 0.087066 0.599197  0.283704 0.941714
0  -6.508440 -0.698895 58.206600  -0.811664 -0.082907 0.578211  0.308961 0.941283
no_material
0  -3.042360 -0.334080 62.757454  -0.796735 -0.080861 0.598894  0.284052 0.944630
0  -6.508440 -0.698895 58.206600  -0.811664 -0.082907 0.578211  0.308961 0.941283
0  -6.229845 -2.071080 58.212765  -0.777596 -0.244106 0.579445  0.309213 0.947144
no_material
0  -6.229845 -2.071080 58.212765  -0.777596 -0.244106 0.579445  0.309213 0.947144
0  -6.508440 -0.698895 58.206600  -0.811664 -0.082907 0.578211  0.308961 0.941283
0  -7.982775 -0.870660 55.861607  -0.899415 -0.097140 0.426166  0.320545 0.940653
no_material
0  -7.630425 -2.567250 55.861244  -0.864284 -0.267917 0.425716  0.320375 0.947645
0  -6.229845 -2.071080 58.212765  -0.777596 -0.244106 0.579445  0.309213 0.947144
0  -7.982775 -0.870660 55.861607  -0.899415 -0.097140 0.426166  0.320545 0.940653
no_material
0  -7.630425 -2.567250 55.861244  -0.864284 -0.267917 0.425716  0.320375 0.947645
0  -7.982775 -0.870660 55.861607  -0.899415 -0.097140 0.426166  0.320545 0.940653
0  -8.550990 -0.942345 53.936913  -0.976020 -0.111910 0.186712  0.328838 0.940963
no_material
0  -8.162280 -2.775645 53.933445  -0.938637 -0.292610 0.182592  0.328161 0.948466
0  -7.630425 -2.567250 55.861244  -0.864284 -0.267917 0.425716  0.320375 0.947645
0  -8.550990 -0.942345 53.936913  -0.976020 -0.111910 0.186712  0.328838 0.940963
no_material
0  -8.162280 -2.775645 53.933445  -0.938637 -0.292610 0.182592  0.328161 0.948466
0  -8.550990 -0.942345 53.936913  -0.976020 -0.111910 0.186712  0.328838 0.940963
0  -8.647244 -0.946845 52.359978  -0.991955 -0.118435 -0.044699  0.335340 0.941667
no_material
0  -8.249624 -2.788515 52.359615  -0.951802 -0.302131 -0.052821  0.334256 0.949160
0  -8.162280 -2.775645 53.933445  -0.938637 -0.292610 0.182592  0.328161 0.948466
0  -8.647244 -0.946845 52.359978  -0.991955 -0.118435 -0.044699  0.335340 0.941667
no_material
0  -8.249624 -2.788515 52.359615  -0.951802 -0.302131 -0.052821  0.334256 0.949160
0  -8.647244 -0.946845 52.359978  -0.991955 -0.118435 -0.044699  0.335340 0.941667
0  -8.414820 -0.909000 50.781063  -0.958121 -0.114420 -0.262513  0.341880 0.942809
no_material
0  -8.021745 -2.675250 50.787403  -0.916204 -0.298202 -0.267666  0.340470 0.950010
0  -8.249624 -2.788515 52.359615  -0.951802 -0.302131 -0.052821  0.334256 0.949160
0  -8.414820 -0.909000 50.781063  -0.958121 -0.114420 -0.262513  0.341880 0.942809
no_material
0  -8.021745 -2.675250 50.787403  -0.916204 -0.298202 -0.267666  0.340470 0.950010
0  -8.414820 -0.909000 50.781063  -0.958121 -0.114420 -0.262513  0.341880 0.942809
0  -7.868205 -0.837810 49.468369  -0.825044 -0.096211 -0.556817  0.347733 0.944132
no_material
0  -7.508160 -2.469195 49.479927  -0.789158 -0.261777 -0.555610  0.346150 0.950931
0  -8.021745 -2.675250 50.787403  -0.916204 -0.298202 -0.267666  0.340470 0.950010
0  -7.868205 -0.837810 49.468369  -0.825044 -0.096211 -0.556817  0.347733 0.944132
no_material
0  -6.329070 -2.061000 48.152161  -0.700271 -0.233338 -0.674666  0.353886 0.952480
0  -7.508160 -2.469195 49.479927  -0.789158 -0.261777 -0.555610  0.346150 0.950931
0  -7.868205 -0.837810 49.468369  -0.825044 -0.096211 -0.556817  0.347733 0.944132
no_material
0  -6.329070 -2.061000 48.152161  -0.700271 -0.233338 -0.674666  0.353886 0.952480
0  -5.761260 -3.336210 48.152340  -0.640436 -0.372454 -0.671654  0.352807 0.958758
0  -7.508160 -2.469195 49.479927  -0.789158 -0.261777 -0.555610  0.346150 0.950931
no_material
0  -5.761260 -3.336210 48.152340  -0.640436 -0.372454 -0.671654  0.352807 0.958758
0  -6.827940 -3.988575 49.486229  -0.716976 -0.415966 -0.559391  0.344933 0.957639
0  -7.508160 -2.469195 49.479927  -0.789158 -0.261777 -0.555610  0.346150 0.950931
no_material
0  -3.038130 0.337230 62.752502  -0.795853 0.087066 0.599197  0.283704 0.941714
0  -6.508170 0.698625 58.206825  -0.809960 0.080761 0.580898  0.308069 0.935301
0  -6.508440 -0.698895 58.206600  -0.811664 -0.082907 0.578211  0.308961 0.941283
no_material
0  -6.508440 -0.698895 58.206600  -0.811664 -0.082907 0.578211  0.308961 0.941283
0  -6.508170 0.698625 58.206825  -0.809960 0.080761 0.580898  0.308069 0.935301
0  -7.996634 0.869760 55.869797  -0.898096 0.075569 0.433259  0.320170 0.933173
no_material
0  -7.982775 -0.870660 55.861607  -0.899415 -0.097140 0.426166  0.320545 0.940653
0  -6.508440 -0.698895 58.206600  -0.811664 -0.082907 0.578211  0.308961 0.941283
0  -7.996634 0.869760 55.869797  -0.898096 0.075569 0.433259  0.320170 0.933173
no_material
0  -7.982775 -0.870660 55.861607  -0.899415 -0.097140 0.426166  0.320545 0.940653
0  -7.996634 0.869760 55.869797  -0.898096 0.075569 0.433259  0.320170 0.933173
0  -8.590185 0.940005 53.945732  -0.978251 0.074407 0.193620  0.329271 0.932824
no_material
0  -8.550990 -0.942345 53.936913  -0.976020 -0.111910 0.186712  0.328838 0.940963
0  -7.982775 -0.870660 55.861607  -0.899415 -0.097140 0.426166  0.320545 0.940653
0  -8.590185 0.940005 53.945732  -0.978251 0.074407 0.193620  0.329271 0.932824
no_material
0  -8.550990 -0.942345 53.936913  -0.976020 -0.111910 0.186712  0.328838 0.940963
0  -8.590185 0.940005 53.945732  -0.978251 0.074407 0.193620  0.329271 0.932824
0  -8.700211 0.944280 52.358624  -0.996085 0.075251 -0.046388  0.336496 0.933497
no_material
0  -8.647244 -0.946845 52.359978  -0.991955 -0.118435 -0.044699  0.335340 0.941667
0  -8.550990 -0.942345 53.936913  -0.976020 -0.111910 0.186712  0.328838 0.940963
0  -8.700211 0.944280 52.358624  -0.996085 0.075251 -0.046388  0.336496 0.933497
no_material
0  -8.647244 -0.946845 52.359978  -0.991955 -0.118435 -0.044699  0.335340 0.941667
0  -8.700211 0.944280 52.358624  -0.996085 0.075251 -0.046388  0.336496 0.933497
0  -8.449875 0.907380 50.770214  -0.959146 0.078766 -0.271727  0.343713 0.935013
no_material
0  -8.414820 -0.909000 50.781063  -0.958121 -0.114420 -0.262513  0.341880 0.942809
0  -8.647244 -0.946845 52.359978  -0.991955 -0.118435 -0.044699  0.335340 0.941667
0  -8.449875 0.907380 50.770214  -0.959146 0.078766 -0.271727  0.343713 0.935013
no_material
0  -8.414820 -0.909000 50.781063  -0.958121 -0.114420 -0.262513  0.341880 0.942809
0  -8.449875 0.907380 50.770214  -0.959146 0.078766 -0.271727  0.343713 0.935013
0  -7.879770 0.836730 49.458599  -0.821613 0.076553 -0.564882  0.349903 0.937113
no_material
0  -7.868205 -0.837810 49.468369  -0.825044 -0.096211 -0.556817  0.347733 0.944132
0  -8.414820 -0.909000 50.781063  -0.958121 -0.114420 -0.262513  0.341880 0.942809
0  -7.879770 0.836730 49.458599  -0.821613 0.076553 -0.564882  0.349903 0.937113
no_material
0  -6.623370 -0.698985 48.144917  -0.728086 -0.083442 -0.680388  0.355371 0.946364
0  -7.868205 -0.837810 49.468369  -0.825044 -0.096211 -0.556817  0.347733 0.944132
0  -7.879770 0.836730 49.458599  -0.821613 0.076553 -0.564882  0.349903 0.937113
no_material
0  -6.623370 -0.698985 48.144917  -0.728086 -0.083442 -0.680388  0.355371 0.946364
0  -6.329070 -2.061000 48.152161  -0.700271 -0.233338 -0.674666  0.353886 0.952480
0  -7.868205 -0.837810 49.468369  -0.825044 -0.096211 -0.556817  0.347733 0.944132
no_material
0  -6.625260 0.698895 48.146397  -0.724014 0.071560 -0.686064  0.357500 0.940389
0  -6.623370 -0.698985 48.144917  -0.728086 -0.083442 -0.680388  0.355371 0.946364
0  -7.879770 0.836730 49.458599  -0.821613 0.076553 -0.564882  0.349903 0.937113
no_material
0  -1.379070 -6.512265 48.165169  -0.148671 -0.713196 -0.685018  0.227593 0.963901
0  0.000810 -6.667245 48.162197  0.004349 -0.728928 -0.684577  0.220462 0.962593
0  -1.635750 -7.786170 49.496269  -0.168351 -0.797133 -0.579860  0.229937 0.954475
no_material
0  3.470220 -8.161380 53.922508  0.414799 -0.895555 0.161006  0.206118 0.932845
0  3.269565 -7.610580 55.873932  0.409769 -0.823522 0.392301  0.204434 0.924319
0  1.777680 -8.752005 53.926289  0.236552 -0.961980 0.136521  0.213871 0.931924
no_material
0  3.470220 -8.161380 53.922508  0.414799 -0.895555 0.161006  0.206118 0.932845
0  1.777680 -8.752005 53.926289  0.236552 -0.961980 0.136521  0.213871 0.931924
0  1.785735 -8.741835 52.362183  0.223925 -0.967814 -0.114866  0.214326 0.938922
no_material
0  1.785735 -8.741835 52.362183  0.223925 -0.967814 -0.114866  0.214326 0.938922
0  1.777680 -8.752005 53.926289  0.236552 -0.961980 0.136521  0.213871 0.931924
0  0.000000 -8.967915 52.358082  0.002711 -0.993403 -0.114643  0.222566 0.938679
no_material
0  1.785735 -8.741835 52.362183  0.223925 -0.967814 -0.114866  0.214326 0.938922
0  0.000000 -8.967915 52.358082  0.002711 -0.993403 -0.114643  0.222566 0.938679
0  0.000270 -8.590410 50.803650  0.005118 -0.944958 -0.327152  0.222389 0.946244
no_material
0  0.000270 -8.590410 50.803650  0.005118 -0.944958 -0.327152  0.222389 0.946244
0  0.000000 -8.967915 52.358082  0.002711 -0.993403 -0.114643  0.222566 0.938679
0  -1.740465 -8.403255 50.803604  -0.200636 -0.925107 -0.322369  0.231053 0.947023
no_material
0  0.000270 -8.590410 50.803650  0.005118 -0.944958 -0.327152  0.222389 0.946244
0  -1.740465 -8.403255 50.803604  -0.200636 -0.925107 -0.322369  0.231053 0.947023
0  -1.635750 -7.786170 49.496269  -0.168351 -0.797133 -0.579860  0.229937 0.954475
no_material
0  0.001170 -7.959015 49.496712  0.004629 -0.813326 -0.581790  0.221778 0.953208
0  0.000270 -8.590410 50.803650  0.005118 -0.944958 -0.327152  0.222389 0.946244
0  -1.635750 -7.786170 49.496269  -0.168351 -0.797133 -0.579860  0.229937 0.954475
no_material
0  0.000810 -6.667245 48.162197  0.004349 -0.728928 -0.684577  0.220462 0.962593
0  0.001170 -7.959015 49.496712  0.004629 -0.813326 -0.581790  0.221778 0.953208
0  -1.635750 -7.786170 49.496269  -0.168351 -0.797133 -0.579860  0.229937 0.954475
no_material
0  0.000810 -6.667245 48.162197  0.004349 -0.728928 -0.684577  0.220462 0.962593
0  1.379160 -6.501330 48.169888  0.158489 -0.711344 -0.684741  0.213197 0.961859
0  0.001170 -7.959015 49.496712  0.004629 -0.813326 -0.581790  0.221778 0.953208
no_material
0  1.379160 -6.501330 48.169888  0.158489 -0.711344 -0.684741  0.213197 0.961859
0  1.633815 -7.773975 49.503334  0.178079 -0.796097 -0.578375  0.213941 0.952627
0  0.001170 -7.959015 49.496712  0.004629 -0.813326 -0.581790  0.221778 0.953208
no_material
0  1.379160 -6.501330 48.169888  0.158489 -0.711344 -0.684741  0.213197 0.961859
0  2.696625 -6.070185 48.168224  0.304088 -0.666057 -0.681101  0.205978 0.961445
0  1.633815 -7.773975 49.503334  0.178079 -0.796097 -0.578375  0.213941 0.952627
no_material
0  2.696625 -6.070185 48.168224  0.304088 -0.666057 -0.681101  0.205978 0.961445
0  3.193965 -7.258995 49.505898  0.341945 -0.745089 -0.572640  0.206410 0.952411
0  1.633815 -7.773975 49.503334  0.178079 -0.796097 -0.578375  0.213941 0.952627
no_material
0  2.696625 -6.070185 48.168224  0.304088 -0.666057 -0.681101  0.205978 0.961445
0  3.895560 -5.375160 48.174522  0.441456 -0.596037 -0.670713  0.198840 0.961199
0  3.193965 -7.258995 49.505898  0.341945 -0.745089 -0.572640  0.206410 0.952411
no_material
0  3.895560 -5.375160 48.174522  0.441456 -0.596037 -0.670713  0.198840 0.961199
0  4.604130 -6.412320 49.517147  0.491303 -0.662455 -0.565486  0.199099 0.952410
0  3.193965 -7.258995 49.505898  0.341945 -0.745089 -0.572640  0.206410 0.952411
no_material
0  3.895560 -5.375160 48.174522  0.441456 -0.596037 -0.670713  0.198840 0.961199
0  4.930650 -4.450005 48.173714  0.554953 -0.499497 -0.665230  0.191778 0.961051
0  4.604130 -6.412320 49.517147  0.491303 -0.662455 -0.565486  0.199099 0.952410
no_material
0  1.736190 -8.384220 50.810581  0.210573 -0.923422 -0.320858  0.214302 0.946017
0  1.785735 -8.741835 52.362183  0.223925 -0.967814 -0.114866  0.214326 0.938922
0  0.000270 -8.590410 50.803650  0.005118 -0.944958 -0.327152  0.222389 0.946244
no_material
0  1.736190 -8.384220 50.810581  0.210573 -0.923422 -0.320858  0.214302 0.946017
0  0.000270 -8.590410 50.803650  0.005118 -0.944958 -0.327152  0.222389 0.946244
0  0.001170 -7.959015 49.496712  0.004629 -0.813326 -0.581790  0.221778 0.953208
no_material
0  1.633815 -7.773975 49.503334  0.178079 -0.796097 -0.578375  0.213941 0.952627
0  1.736190 -8.384220 50.810581  0.210573 -0.923422 -0.320858  0.214302 0.946017
0  0.001170 -7.959015 49.496712  0.004629 -0.813326 -0.581790  0.221778 0.953208
no_material
0  0.000000 -8.967915 52.358082  0.002711 -0.993403 -0.114643  0.222566 0.938679
0  -1.789425 -8.758395 52.360153  -0.214422 -0.970653 -0.108884  0.231498 0.938746
0  -1.740465 -8.403255 50.803604  -0.200636 -0.925107 -0.322369  0.231053 0.947023
no_material
0  0.000000 -8.967915 52.358082  0.002711 -0.993403 -0.114643  0.222566 0.938679
0  -0.001395 -8.961210 53.941864  0.001451 -0.998457 0.055511  0.222239 0.931197
0  -1.789425 -8.758395 52.360153  -0.214422 -0.970653 -0.108884  0.231498 0.938746
no_material
0  1.777680 -8.752005 53.926289  0.236552 -0.961980 0.136521  0.213871 0.931924
0  -0.001395 -8.961210 53.941864  0.001451 -0.998457 0.055511  0.222239 0.931197
0  0.000000 -8.967915 52.358082  0.002711 -0.993403 -0.114643  0.222566 0.938679
no_material
0  -0.001395 -8.961210 53.941864  0.001451 -0.998457 0.055511  0.222239 0.931197
0  -1.772460 -8.736525 53.924580  -0.227152 -0.962161 0.150493  0.231143 0.930623
0  -1.789425 -8.758395 52.360153  -0.214422 -0.970653 -0.108884  0.231498 0.938746
no_material
0  3.486915 -8.151075 52.363892  0.418967 -0.901484 -0.108596  0.206596 0.939377
0  3.470220 -8.161380 53.922508  0.414799 -0.895555 0.161006  0.206118 0.932845
0  1.785735 -8.741835 52.362183  0.223925 -0.967814 -0.114866  0.214326 0.938922
no_material
0  3.486915 -8.151075 52.363892  0.418967 -0.901484 -0.108596  0.206596 0.939377
0  1.785735 -8.741835 52.362183  0.223925 -0.967814 -0.114866  0.214326 0.938922
0  1.736190 -8.384220 50.810581  0.210573 -0.923422 -0.320858  0.214302 0.946017
no_material
0  3.392505 -7.821900 50.813774  0.398480 -0.862919 -0.310781  0.206639 0.946095
0  3.486915 -8.151075 52.363892  0.418967 -0.901484 -0.108596  0.206596 0.939377
0  1.736190 -8.384220 50.810581  0.210573 -0.923422 -0.320858  0.214302 0.946017
no_material
0  3.392505 -7.821900 50.813774  0.398480 -0.862919 -0.310781  0.206639 0.946095
0  1.736190 -8.384220 50.810581  0.210573 -0.923422 -0.320858  0.214302 0.946017
0  1.633815 -7.773975 49.503334  0.178079 -0.796097 -0.578375  0.213941 0.952627
no_material
0  3.193965 -7.258995 49.505898  0.341945 -0.745089 -0.572640  0.206410 0.952411
0  3.392505 -7.821900 50.813774  0.398480 -0.862919 -0.310781  0.206639 0.946095
0  1.633815 -7.773975 49.503334  0.178079 -0.796097 -0.578375  0.213941 0.952627
no_material
0  4.902795 -6.926445 50.813908  0.566583 -0.765886 -0.303978  0.199270 0.946329
0  3.392505 -7.821900 50.813774  0.398480 -0.862919 -0.310781  0.206639 0.946095
0  3.193965 -7.258995 49.505898  0.341945 -0.745089 -0.572640  0.206410 0.952411
no_material
0  4.604130 -6.412320 49.517147  0.491303 -0.662455 -0.565486  0.199099 0.952410
0  4.902795 -6.926445 50.813908  0.566583 -0.765886 -0.303978  0.199270 0.946329
0  3.193965 -7.258995 49.505898  0.341945 -0.745089 -0.572640  0.206410 0.952411
no_material
0  5.017455 -7.232670 53.922825  0.589540 -0.791674 0.160295  0.198814 0.933712
0  4.732065 -6.749370 55.878391  0.550119 -0.718700 0.425251  0.197407 0.925653
0  3.470220 -8.161380 53.922508  0.414799 -0.895555 0.161006  0.206118 0.932845
no_material
0  5.017455 -7.232670 53.922825  0.589540 -0.791674 0.160295  0.198814 0.933712
0  3.470220 -8.161380 53.922508  0.414799 -0.895555 0.161006  0.206118 0.932845
0  3.486915 -8.151075 52.363892  0.418967 -0.901484 -0.108596  0.206596 0.939377
no_material
0  5.045490 -7.226910 52.362675  0.591930 -0.799780 -0.099855  0.199226 0.939905
0  5.017455 -7.232670 53.922825  0.589540 -0.791674 0.160295  0.198814 0.933712
0  3.486915 -8.151075 52.363892  0.418967 -0.901484 -0.108596  0.206596 0.939377
no_material
0  5.045490 -7.226910 52.362675  0.591930 -0.799780 -0.099855  0.199226 0.939905
0  3.486915 -8.151075 52.363892  0.418967 -0.901484 -0.108596  0.206596 0.939377
0  3.392505 -7.821900 50.813774  0.398480 -0.862919 -0.310781  0.206639 0.946095
no_material
0  4.902795 -6.926445 50.813908  0.566583 -0.765886 -0.303978  0.199270 0.946329
0  5.045490 -7.226910 52.362675  0.591930 -0.799780 -0.099855  0.199226 0.939905
0  3.392505 -7.821900 50.813774  0.398480 -0.862919 -0.310781  0.206639 0.946095
no_material
0  5.741010 -3.323340 48.171329  0.646952 -0.374887 -0.664012  0.184821 0.960968
0  6.307560 -2.053845 48.173534  0.710342 -0.233826 -0.663883  0.177981 0.960833
0  6.794190 -3.969360 49.511024  0.719719 -0.416266 -0.555632  0.184957 0.952580
no_material
0  5.741010 -3.323340 48.171329  0.646952 -0.374887 -0.664012  0.184821 0.960968
0  6.794190 -3.969360 49.511024  0.719719 -0.416266 -0.555632  0.184957 0.952580
0  5.818545 -5.301720 49.519444  0.615788 -0.554004 -0.560255  0.191959 0.952489
no_material
0  4.930650 -4.450005 48.173714  0.554953 -0.499497 -0.665230  0.191778 0.961051
0  5.741010 -3.323340 48.171329  0.646952 -0.374887 -0.664012  0.184821 0.960968
0  5.818545 -5.301720 49.519444  0.615788 -0.554004 -0.560255  0.191959 0.952489
no_material
0  4.930650 -4.450005 48.173714  0.554953 -0.499497 -0.665230  0.191778 0.961051
0  5.818545 -5.301720 49.519444  0.615788 -0.554004 -0.560255  0.191959 0.952489
0  4.604130 -6.412320 49.517147  0.491303 -0.662455 -0.565486  0.199099 0.952410
no_material
0  5.818545 -5.301720 49.519444  0.615788 -0.554004 -0.560255  0.191959 0.952489
0  6.211485 -5.740515 50.808014  0.711427 -0.637191 -0.296409  0.192109 0.946610
0  4.604130 -6.412320 49.517147  0.491303 -0.662455 -0.565486  0.199099 0.952410
no_material
0  6.211485 -5.740515 50.808014  0.711427 -0.637191 -0.296409  0.192109 0.946610
0  4.902795 -6.926445 50.813908  0.566583 -0.765886 -0.303978  0.199270 0.946329
0  4.604130 -6.412320 49.517147  0.491303 -0.662455 -0.565486  0.199099 0.952410
no_material
0  6.211485 -5.740515 50.808014  0.711427 -0.637191 -0.296409  0.192109 0.946610
0  6.402600 -5.998410 52.359661  0.746068 -0.660137 -0.087190  0.192091 0.940399
0  4.902795 -6.926445 50.813908  0.566583 -0.765886 -0.303978  0.199270 0.946329
no_material
0  6.402600 -5.998410 52.359661  0.746068 -0.660137 -0.087190  0.192091 0.940399
0  5.045490 -7.226910 52.362675  0.591930 -0.799780 -0.099855  0.199226 0.939905
0  4.902795 -6.926445 50.813908  0.566583 -0.765886 -0.303978  0.199270 0.946329
no_material
0  6.402600 -5.998410 52.359661  0.746068 -0.660137 -0.087190  0.192091 0.940399
0  6.364620 -6.001425 53.926876  0.746236 -0.644496 0.166601  0.191778 0.934421
0  5.045490 -7.226910 52.362675  0.591930 -0.799780 -0.099855  0.199226 0.939905
no_material
0  6.364620 -6.001425 53.926876  0.746236 -0.644496 0.166601  0.191778 0.934421
0  5.017455 -7.232670 53.922825  0.589540 -0.791674 0.160295  0.198814 0.933712
0  5.045490 -7.226910 52.362675  0.591930 -0.799780 -0.099855  0.199226 0.939905
no_material
0  6.364620 -6.001425 53.926876  0.746236 -0.644496 0.166601  0.191778 0.934421
0  5.983065 -5.578335 55.875195  0.688524 -0.582525 0.431971  0.190630 0.926697
0  5.017455 -7.232670 53.922825  0.589540 -0.791674 0.160295  0.198814 0.933712
no_material
0  5.983065 -5.578335 55.875195  0.688524 -0.582525 0.431971  0.190630 0.926697
0  4.732065 -6.749370 55.878391  0.550119 -0.718700 0.425251  0.197407 0.925653
0  5.017455 -7.232670 53.922825  0.589540 -0.791674 0.160295  0.198814 0.933712
no_material
0  5.983065 -5.578335 55.875195  0.688524 -0.582525 0.431971  0.190630 0.926697
0  4.865130 -4.482090 58.213348  0.631209 -0.521580 0.574046  0.188310 0.915253
0  4.732065 -6.749370 55.878391  0.550119 -0.718700 0.425251  0.197407 0.925653
no_material
0  4.865130 -4.482090 58.213348  0.631209 -0.521580 0.574046  0.188310 0.915253
0  4.018185 -5.362875 58.099277  0.451174 -0.648108 0.613513  0.193677 0.914494
0  4.732065 -6.749370 55.878391  0.550119 -0.718700 0.425251  0.197407 0.925653
no_material
0  4.865130 -4.482090 58.213348  0.631209 -0.521580 0.574046  0.188310 0.915253
0  4.509540 -4.175370 58.750469  0.463798 -0.469077 0.751571  0.187672 0.912140
0  4.018185 -5.362875 58.099277  0.451174 -0.648108 0.613513  0.193677 0.914494
no_material
0  4.018185 -5.362875 58.099277  0.451174 -0.648108 0.613513  0.193677 0.914494
0  4.509540 -4.175370 58.750469  0.463798 -0.469077 0.751571  0.187672 0.912140
0  3.732660 -5.330610 58.150261  -0.429617 -0.361028 0.827701  0.194480 0.913378
no_material
0  4.509540 -4.175370 58.750469  0.463798 -0.469077 0.751571  0.187672 0.912140
0  4.257090 -3.950595 58.919399  -0.336803 -0.306661 0.890238  0.187347 0.910415
0  3.732660 -5.330610 58.150261  -0.429617 -0.361028 0.827701  0.194480 0.913378
no_material
0  4.595130 -2.733435 59.368454  -0.242414 -0.234844 0.941320  0.181223 0.908639
0  4.257090 -3.950595 58.919399  -0.336803 -0.306661 0.890238  0.187347 0.910415
0  4.509540 -4.175370 58.750469  0.463798 -0.469077 0.751571  0.187672 0.912140
no_material
0  4.834980 -2.884140 59.252266  0.600319 -0.348170 0.719996  0.181468 0.910065
0  4.509540 -4.175370 58.750469  0.463798 -0.469077 0.751571  0.187672 0.912140
0  4.865130 -4.482090 58.213348  0.631209 -0.521580 0.574046  0.188310 0.915253
no_material
0  5.656905 -3.340170 58.199581  0.724092 -0.380081 0.575525  0.182404 0.916263
0  4.834980 -2.884140 59.252266  0.600319 -0.348170 0.719996  0.181468 0.910065
0  4.865130 -4.482090 58.213348  0.631209 -0.521580 0.574046  0.188310 0.915253
no_material
0  5.656905 -3.340170 58.199581  0.724092 -0.380081 0.575525  0.182404 0.916263
0  4.865130 -4.482090 58.213348  0.631209 -0.521580 0.574046  0.188310 0.915253
0  5.983065 -5.578335 55.875195  0.688524 -0.582525 0.431971  0.190630 0.926697
no_material
0  6.929235 -4.141935 55.849998  0.799619 -0.422073 0.427157  0.184024 0.927450
0  5.656905 -3.340170 58.199581  0.724092 -0.380081 0.575525  0.182404 0.916263
0  5.983065 -5.578335 55.875195  0.688524 -0.582525 0.431971  0.190630 0.926697
no_material
0  6.929235 -4.141935 55.849998  0.799619 -0.422073 0.427157  0.184024 0.927450
0  5.983065 -5.578335 55.875195  0.688524 -0.582525 0.431971  0.190630 0.926697
0  6.364620 -6.001425 53.926876  0.746236 -0.644496 0.166601  0.191778 0.934421
no_material
0  7.403445 -4.473765 53.926514  0.867861 -0.464478 0.176288  0.184868 0.934958
0  6.929235 -4.141935 55.849998  0.799619 -0.422073 0.427157  0.184024 0.927450
0  6.364620 -6.001425 53.926876  0.746236 -0.644496 0.166601  0.191778 0.934421
no_material
0  7.403445 -4.473765 53.926514  0.867861 -0.464478 0.176288  0.184868 0.934958
0  6.364620 -6.001425 53.926876  0.746236 -0.644496 0.166601  0.191778 0.934421
0  6.402600 -5.998410 52.359661  0.746068 -0.660137 -0.087190  0.192091 0.940399
no_material
0  7.477425 -4.490325 52.359257  0.873253 -0.482601 -0.067277  0.185092 0.940803
0  7.403445 -4.473765 53.926514  0.867861 -0.464478 0.176288  0.184868 0.934958
0  6.402600 -5.998410 52.359661  0.746068 -0.660137 -0.087190  0.192091 0.940399
no_material
0  7.477425 -4.490325 52.359257  0.873253 -0.482601 -0.067277  0.185092 0.940803
0  6.402600 -5.998410 52.359661  0.746068 -0.660137 -0.087190  0.192091 0.940399
0  6.211485 -5.740515 50.808014  0.711427 -0.637191 -0.296409  0.192109 0.946610
no_material
0  7.257645 -4.300020 50.801491  0.834219 -0.474203 -0.281443  0.185087 0.946863
0  7.477425 -4.490325 52.359257  0.873253 -0.482601 -0.067277  0.185092 0.940803
0  6.211485 -5.740515 50.808014  0.711427 -0.637191 -0.296409  0.192109 0.946610
no_material
0  7.257645 -4.300020 50.801491  0.834219 -0.474203 -0.281443  0.185087 0.946863
0  6.211485 -5.740515 50.808014  0.711427 -0.637191 -0.296409  0.192109 0.946610
0  5.818545 -5.301720 49.519444  0.615788 -0.554004 -0.560255  0.191959 0.952489
no_material
0  6.794190 -3.969360 49.511024  0.719719 -0.416266 -0.555632  0.184957 0.952580
0  7.257645 -4.300020 50.801491  0.834219 -0.474203 -0.281443  0.185087 0.946863
0  5.818545 -5.301720 49.519444  0.615788 -0.554004 -0.560255  0.191959 0.952489
no_material
0  7.972515 -2.658330 50.801537  0.918982 -0.293088 -0.263763  0.178159 0.947057
0  7.257645 -4.300020 50.801491  0.834219 -0.474203 -0.281443  0.185087 0.946863
0  6.794190 -3.969360 49.511024  0.719719 -0.416266 -0.555632  0.184957 0.952580
no_material
0  7.467480 -2.454930 49.507469  0.793590 -0.259409 -0.550383  0.178072 0.952659
0  7.972515 -2.658330 50.801537  0.918982 -0.293088 -0.263763  0.178159 0.947057
0  6.794190 -3.969360 49.511024  0.719719 -0.416266 -0.555632  0.184957 0.952580
no_material
0  6.307560 -2.053845 48.173534  0.710342 -0.233826 -0.663883  0.177981 0.960833
0  7.467480 -2.454930 49.507469  0.793590 -0.259409 -0.550383  0.178072 0.952659
0  6.794190 -3.969360 49.511024  0.719719 -0.416266 -0.555632  0.184957 0.952580
no_material
0  6.307560 -2.053845 48.173534  0.710342 -0.233826 -0.663883  0.177981 0.960833
0  6.597495 -0.697230 48.169579  0.739676 -0.083135 -0.667809  0.171301 0.960716
0  7.467480 -2.454930 49.507469  0.793590 -0.259409 -0.550383  0.178072 0.952659
no_material
0  4.834980 -2.884140 59.252266  0.600319 -0.348170 0.719996  0.181468 0.910065
0  5.656905 -3.340170 58.199581  0.724092 -0.380081 0.575525  0.182404 0.916263
0  6.197445 -2.059965 58.185493  0.784747 -0.234135 0.573892  0.176563 0.916918
no_material
0  6.197445 -2.059965 58.185493  0.784747 -0.234135 0.573892  0.176563 0.916918
0  5.656905 -3.340170 58.199581  0.724092 -0.380081 0.575525  0.182404 0.916263
0  6.929235 -4.141935 55.849998  0.799619 -0.422073 0.427157  0.184024 0.927450
no_material
0  7.575480 -2.550510 55.835236  0.869060 -0.259869 0.420955  0.177525 0.927925
0  6.197445 -2.059965 58.185493  0.784747 -0.234135 0.573892  0.176563 0.916918
0  6.929235 -4.141935 55.849998  0.799619 -0.422073 0.427157  0.184024 0.927450
no_material
0  7.575480 -2.550510 55.835236  0.869060 -0.259869 0.420955  0.177525 0.927925
0  6.929235 -4.141935 55.849998  0.799619 -0.422073 0.427157  0.184024 0.927450
0  7.403445 -4.473765 53.926514  0.867861 -0.464478 0.176288  0.184868 0.934958
no_material
0  8.096850 -2.755080 53.921970  0.941241 -0.284412 0.182139  0.178040 0.935320
0  7.575480 -2.550510 55.835236  0.869060 -0.259869 0.420955  0.177525 0.927925
0  7.403445 -4.473765 53.926514  0.867861 -0.464478 0.176288  0.184868 0.934958
no_material
0  8.096850 -2.755080 53.921970  0.941241 -0.284412 0.182139  0.178040 0.935320
0  7.403445 -4.473765 53.926514  0.867861 -0.464478 0.176288  0.184868 0.934958
0  7.477425 -4.490325 52.359257  0.873253 -0.482601 -0.067277  0.185092 0.940803
no_material
0  8.190044 -2.768490 52.361729  0.954089 -0.295508 -0.048880  0.178170 0.941091
0  8.096850 -2.755080 53.921970  0.941241 -0.284412 0.182139  0.178040 0.935320
0  7.477425 -4.490325 52.359257  0.873253 -0.482601 -0.067277  0.185092 0.940803
no_material
0  8.190044 -2.768490 52.361729  0.954089 -0.295508 -0.048880  0.178170 0.941091
0  7.477425 -4.490325 52.359257  0.873253 -0.482601 -0.067277  0.185092 0.940803
0  7.257645 -4.300020 50.801491  0.834219 -0.474203 -0.281443  0.185087 0.946863
no_material
0  7.972515 -2.658330 50.801537  0.918982 -0.293088 -0.263763  0.178159 0.947057
0  8.190044 -2.768490 52.361729  0.954089 -0.295508 -0.048880  0.178170 0.941091
0  7.257645 -4.300020 50.801491  0.834219 -0.474203 -0.281443  0.185087 0.946863
no_material
0  4.834980 -2.884140 59.252266  0.600319 -0.348170 0.719996  0.181468 0.910065
0  4.595130 -2.733435 59.368454  -0.242414 -0.234844 0.941320  0.181223 0.908639
0  4.509540 -4.175370 58.750469  0.463798 -0.469077 0.751571  0.187672 0.912140
no_material
0  4.595130 -2.733435 59.368454  -0.242414 -0.234844 0.941320  0.181223 0.908639
0  4.834980 -2.884140 59.252266  0.600319 -0.348170 0.719996  0.181468 0.910065
0  5.123745 -1.715805 59.475597  0.675019 -0.215992 0.705476  0.175831 0.909384
no_material
0  5.123745 -1.715805 59.475597  0.675019 -0.215992 0.705476  0.175831 0.909384
0  4.834980 -2.884140 59.252266  0.600319 -0.348170 0.719996  0.181468 0.910065
0  6.197445 -2.059965 58.185493  0.784747 -0.234135 0.573892  0.176563 0.916918
no_material
0  6.197445 -2.059965 58.185493  0.784747 -0.234135 0.573892  0.176563 0.916918
0  6.468345 -0.694710 58.175686  0.815400 -0.080822 0.573228  0.170750 0.917241
0  5.123745 -1.715805 59.475597  0.675019 -0.215992 0.705476  0.175831 0.909384
no_material
0  6.468345 -0.694710 58.175686  0.815400 -0.080822 0.573228  0.170750 0.917241
0  6.197445 -2.059965 58.185493  0.784747 -0.234135 0.573892  0.176563 0.916918
0  7.575480 -2.550510 55.835236  0.869060 -0.259869 0.420955  0.177525 0.927925
no_material
0  7.912980 -0.862200 55.830284  0.902258 -0.094142 0.420793  0.171069 0.928148
0  6.468345 -0.694710 58.175686  0.815400 -0.080822 0.573228  0.170750 0.917241
0  7.575480 -2.550510 55.835236  0.869060 -0.259869 0.420955  0.177525 0.927925
no_material
0  7.912980 -0.862200 55.830284  0.902258 -0.094142 0.420793  0.171069 0.928148
0  7.575480 -2.550510 55.835236  0.869060 -0.259869 0.420955  0.177525 0.927925
0  8.096850 -2.755080 53.921970  0.941241 -0.284412 0.182139  0.178040 0.935320
no_material
0  8.470485 -0.932580 53.922375  0.976333 -0.108743 0.186946  0.171236 0.935499
0  7.912980 -0.862200 55.830284  0.902258 -0.094142 0.420793  0.171069 0.928148
0  8.096850 -2.755080 53.921970  0.941241 -0.284412 0.182139  0.178040 0.935320
no_material
0  8.470485 -0.932580 53.922375  0.976333 -0.108743 0.186946  0.171236 0.935499
0  8.096850 -2.755080 53.921970  0.941241 -0.284412 0.182139  0.178040 0.935320
0  8.190044 -2.768490 52.361729  0.954089 -0.295508 -0.048880  0.178170 0.941091
no_material
0  8.572590 -0.938385 52.362358  0.992547 -0.114900 -0.040595  0.171278 0.941255
0  8.470485 -0.932580 53.922375  0.976333 -0.108743 0.186946  0.171236 0.935499
0  8.190044 -2.768490 52.361729  0.954089 -0.295508 -0.048880  0.178170 0.941091
no_material
0  8.572590 -0.938385 52.362358  0.992547 -0.114900 -0.040595  0.171278 0.941255
0  8.190044 -2.768490 52.361729  0.954089 -0.295508 -0.048880  0.178170 0.941091
0  7.972515 -2.658330 50.801537  0.918982 -0.293088 -0.263763  0.178159 0.947057
no_material
0  8.348310 -0.901395 50.797932  0.960019 -0.111309 -0.256852  0.171286 0.947189
0  8.572590 -0.938385 52.362358  0.992547 -0.114900 -0.040595  0.171278 0.941255
0  7.972515 -2.658330 50.801537  0.918982 -0.293088 -0.263763  0.178159 0.947057
no_material
0  8.348310 -0.901395 50.797932  0.960019 -0.111309 -0.256852  0.171286 0.947189
0  7.972515 -2.658330 50.801537  0.918982 -0.293088 -0.263763  0.178159 0.947057
0  7.467480 -2.454930 49.507469  0.793590 -0.259409 -0.550383  0.178072 0.952659
no_material
0  7.820460 -0.833085 49.499416  0.829991 -0.094585 -0.549699  0.171278 0.952733
0  8.348310 -0.901395 50.797932  0.960019 -0.111309 -0.256852  0.171286 0.947189
0  7.467480 -2.454930 49.507469  0.793590 -0.259409 -0.550383  0.178072 0.952659
no_material
0  6.597495 -0.697230 48.169579  0.739676 -0.083135 -0.667809  0.171301 0.960716
0  7.820460 -0.833085 49.499416  0.829991 -0.094585 -0.549699  0.171278 0.952733
0  7.467480 -2.454930 49.507469  0.793590 -0.259409 -0.550383  0.178072 0.952659
no_material
0  6.597495 -0.697230 48.169579  0.739676 -0.083135 -0.667809  0.171301 0.960716
0  6.599565 0.697275 48.169079  0.735070 0.070604 -0.674305  0.164602 0.960918
0  7.820460 -0.833085 49.499416  0.829991 -0.094585 -0.549699  0.171278 0.952733
no_material
0  6.599565 0.697275 48.169079  0.735070 0.070604 -0.674305  0.164602 0.960918
0  7.833510 0.833175 49.490147  0.826530 0.073204 -0.558113  0.164484 0.952778
0  7.820460 -0.833085 49.499416  0.829991 -0.094585 -0.549699  0.171278 0.952733
no_material
0  6.599565 0.697275 48.169079  0.735070 0.070604 -0.674305  0.164602 0.960918
0  6.308506 2.054340 48.172184  0.695790 0.221373 -0.683280  0.157796 0.961115
0  7.833510 0.833175 49.490147  0.826530 0.073204 -0.558113  0.164484 0.952778
no_material
0  4.805910 -1.606185 59.638817  -0.122014 -0.156717 0.980078  0.175633 0.907623
0  4.595130 -2.733435 59.368454  -0.242414 -0.234844 0.941320  0.181223 0.908639
0  5.123745 -1.715805 59.475597  0.675019 -0.215992 0.705476  0.175831 0.909384
no_material
0  5.123745 -1.715805 59.475597  0.675019 -0.215992 0.705476  0.175831 0.909384
0  5.257350 -0.571050 59.590797  0.712521 -0.073251 0.697817  0.170491 0.909048
0  4.805910 -1.606185 59.638817  -0.122014 -0.156717 0.980078  0.175633 0.907623
no_material
0  6.468345 -0.694710 58.175686  0.815400 -0.080822 0.573228  0.170750 0.917241
0  5.257350 -0.571050 59.590797  0.712521 -0.073251 0.697817  0.170491 0.909048
0  5.123745 -1.715805 59.475597  0.675019 -0.215992 0.705476  0.175831 0.909384
no_material
0  6.468345 -0.694710 58.175686  0.815400 -0.080822 0.573228  0.170750 0.917241
0  6.468390 0.694710 58.175728  0.813526 0.072595 0.576979  0.164959 0.917223
0  5.257350 -0.571050 59.590797  0.712521 -0.073251 0.697817  0.170491 0.909048
no_material
0  6.468390 0.694710 58.175728  0.813526 0.072595 0.576979  0.164959 0.917223
0  6.468345 -0.694710 58.175686  0.815400 -0.080822 0.573228  0.170750 0.917241
0  7.912980 -0.862200 55.830284  0.902258 -0.094142 0.420793  0.171069 0.928148
no_material
0  4.463910 4.147110 58.717396  0.440913 0.476580 0.760570  0.148041 0.912010
0  3.993705 5.323230 58.059227  0.431465 0.648551 0.627073  0.142077 0.914360
0  4.269150 3.924945 58.855362  -0.315047 0.325866 0.891379  0.148476 0.910558
no_material
0  4.463910 4.147110 58.717396  0.440913 0.476580 0.760570  0.148041 0.912010
0  4.269150 3.924945 58.855362  -0.315047 0.325866 0.891379  0.148476 0.910558
0  4.600260 2.723625 59.335468  -0.235927 0.253269 0.938186  0.154541 0.908689
no_material
0  4.815180 2.876760 59.234131  0.585902 0.360439 0.725811  0.154259 0.909998
0  4.463910 4.147110 58.717396  0.440913 0.476580 0.760570  0.148041 0.912010
0  4.600260 2.723625 59.335468  -0.235927 0.253269 0.938186  0.154541 0.908689
no_material
0  5.119065 1.716030 59.473843  0.670769 0.222579 0.707479  0.159913 0.909325
0  4.815180 2.876760 59.234131  0.585902 0.360439 0.725811  0.154259 0.909998
0  4.600260 2.723625 59.335468  -0.235927 0.253269 0.938186  0.154541 0.908689
no_material
0  5.119065 1.716030 59.473843  0.670769 0.222579 0.707479  0.159913 0.909325
0  6.196545 2.059470 58.186260  0.777465 0.226218 0.586834  0.159152 0.916877
0  4.815180 2.876760 59.234131  0.585902 0.360439 0.725811  0.154259 0.909998
no_material
0  6.468390 0.694710 58.175728  0.813526 0.072595 0.576979  0.164959 0.917223
0  6.196545 2.059470 58.186260  0.777465 0.226218 0.586834  0.159152 0.916877
0  5.119065 1.716030 59.473843  0.670769 0.222579 0.707479  0.159913 0.909325
no_material
0  6.196545 2.059470 58.186260  0.777465 0.226218 0.586834  0.159152 0.916877
0  6.468390 0.694710 58.175728  0.813526 0.072595 0.576979  0.164959 0.917223
0  7.927920 0.862425 55.837666  0.900858 0.071754 0.428143  0.164623 0.928157
no_material
0  7.927920 0.862425 55.837666  0.900858 0.071754 0.428143  0.164623 0.928157
0  6.468390 0.694710 58.175728  0.813526 0.072595 0.576979  0.164959 0.917223
0  7.912980 -0.862200 55.830284  0.902258 -0.094142 0.420793  0.171069 0.928148
no_material
0  7.927920 0.862425 55.837666  0.900858 0.071754 0.428143  0.164623 0.928157
0  7.912980 -0.862200 55.830284  0.902258 -0.094142 0.420793  0.171069 0.928148
0  8.470485 -0.932580 53.922375  0.976333 -0.108743 0.186946  0.171236 0.935499
no_material
0  8.511030 0.933120 53.929623  0.978515 0.069871 0.193974  0.164441 0.935513
0  7.927920 0.862425 55.837666  0.900858 0.071754 0.428143  0.164623 0.928157
0  8.470485 -0.932580 53.922375  0.976333 -0.108743 0.186946  0.171236 0.935499
no_material
0  8.511030 0.933120 53.929623  0.978515 0.069871 0.193974  0.164441 0.935513
0  8.470485 -0.932580 53.922375  0.976333 -0.108743 0.186946  0.171236 0.935499
0  8.572590 -0.938385 52.362358  0.992547 -0.114900 -0.040595  0.171278 0.941255
no_material
0  8.625600 0.940320 52.361237  0.996617 0.070515 -0.042206  0.164388 0.941249
0  8.511030 0.933120 53.929623  0.978515 0.069871 0.193974  0.164441 0.935513
0  8.572590 -0.938385 52.362358  0.992547 -0.114900 -0.040595  0.171278 0.941255
no_material
0  8.625600 0.940320 52.361237  0.996617 0.070515 -0.042206  0.164388 0.941249
0  8.572590 -0.938385 52.362358  0.992547 -0.114900 -0.040595  0.171278 0.941255
0  8.348310 -0.901395 50.797932  0.960019 -0.111309 -0.256852  0.171286 0.947189
no_material
0  8.383050 0.902700 50.786865  0.961227 0.073823 -0.265691  0.164416 0.947198
0  8.625600 0.940320 52.361237  0.996617 0.070515 -0.042206  0.164388 0.941249
0  8.348310 -0.901395 50.797932  0.960019 -0.111309 -0.256852  0.171286 0.947189
no_material
0  8.383050 0.902700 50.786865  0.961227 0.073823 -0.265691  0.164416 0.947198
0  8.348310 -0.901395 50.797932  0.960019 -0.111309 -0.256852  0.171286 0.947189
0  7.820460 -0.833085 49.499416  0.829991 -0.094585 -0.549699  0.171278 0.952733
no_material
0  7.833510 0.833175 49.490147  0.826530 0.073204 -0.558113  0.164484 0.952778
0  8.383050 0.902700 50.786865  0.961227 0.073823 -0.265691  0.164416 0.947198
0  7.820460 -0.833085 49.499416  0.829991 -0.094585 -0.549699  0.171278 0.952733
no_material
0  8.068815 2.683665 50.770348  0.919885 0.269523 -0.284902  0.157530 0.947121
0  8.383050 0.902700 50.786865  0.961227 0.073823 -0.265691  0.164416 0.947198
0  7.833510 0.833175 49.490147  0.826530 0.073204 -0.558113  0.164484 0.952778
no_material
0  7.510050 2.466000 49.476509  0.782987 0.241096 -0.573415  0.157644 0.952799
0  8.068815 2.683665 50.770348  0.919885 0.269523 -0.284902  0.157530 0.947121
0  7.833510 0.833175 49.490147  0.826530 0.073204 -0.558113  0.164484 0.952778
no_material
0  3.261870 7.594875 55.867500  0.396056 0.822302 0.408607  0.131144 0.924156
0  3.469320 8.161335 53.923092  0.398090 0.900902 0.172917  0.129411 0.932808
0  2.436390 7.815285 55.854408  0.205840 0.890266 0.406272  0.127375 0.923114
no_material
0  3.469320 8.161335 53.923092  0.398090 0.900902 0.172917  0.129411 0.932808
0  3.261870 7.594875 55.867500  0.396056 0.822302 0.408607  0.131144 0.924156
0  5.050980 7.286670 53.933128  0.562335 0.806537 0.182420  0.136757 0.933678
no_material
0  3.261870 7.594875 55.867500  0.396056 0.822302 0.408607  0.131144 0.924156
0  4.725495 6.741945 55.876724  0.523491 0.724048 0.449123  0.138218 0.925537
0  5.050980 7.286670 53.933128  0.562335 0.806537 0.182420  0.136757 0.933678
no_material
0  5.050980 7.286670 53.933128  0.562335 0.806537 0.182420  0.136757 0.933678
0  4.725495 6.741945 55.876724  0.523491 0.724048 0.449123  0.138218 0.925537
0  6.460740 6.093765 53.947979  0.726757 0.659962 0.190460  0.143825 0.934404
no_material
0  4.725495 6.741945 55.876724  0.523491 0.724048 0.449123  0.138218 0.925537
0  6.002550 5.606415 55.903412  0.659747 0.593317 0.461204  0.145001 0.926589
0  6.460740 6.093765 53.947979  0.726757 0.659962 0.190460  0.143825 0.934404
no_material
0  6.460740 6.093765 53.947979  0.726757 0.659962 0.190460  0.143825 0.934404
0  6.002550 5.606415 55.903412  0.659747 0.593317 0.461204  0.145001 0.926589
0  7.546095 4.549815 53.950993  0.865079 0.462194 0.194974  0.150779 0.934957
no_material
0  6.002550 5.606415 55.903412  0.659747 0.593317 0.461204  0.145001 0.926589
0  7.002180 4.180410 55.899094  0.784842 0.419468 0.456146  0.151654 0.927377
0  7.546095 4.549815 53.950993  0.865079 0.462194 0.194974  0.150779 0.934957
no_material
0  7.546095 4.549815 53.950993  0.865079 0.462194 0.194974  0.150779 0.934957
0  7.002180 4.180410 55.899094  0.784842 0.419468 0.456146  0.151654 0.927377
0  8.213805 2.782485 53.944695  0.946040 0.257193 0.197128  0.157642 0.935312
no_material
0  7.002180 4.180410 55.899094  0.784842 0.419468 0.456146  0.151654 0.927377
0  7.628175 2.561805 55.863678  0.864905 0.238948 0.441411  0.158170 0.927896
0  8.213805 2.782485 53.944695  0.946040 0.257193 0.197128  0.157642 0.935312
no_material
0  8.213805 2.782485 53.944695  0.946040 0.257193 0.197128  0.157642 0.935312
0  7.628175 2.561805 55.863678  0.864905 0.238948 0.441411  0.158170 0.927896
0  8.511030 0.933120 53.929623  0.978515 0.069871 0.193974  0.164441 0.935513
no_material
0  7.628175 2.561805 55.863678  0.864905 0.238948 0.441411  0.158170 0.927896
0  7.927920 0.862425 55.837666  0.900858 0.071754 0.428143  0.164623 0.928157
0  8.511030 0.933120 53.929623  0.978515 0.069871 0.193974  0.164441 0.935513
no_material
0  7.628175 2.561805 55.863678  0.864905 0.238948 0.441411  0.158170 0.927896
0  6.196545 2.059470 58.186260  0.777465 0.226218 0.586834  0.159152 0.916877
0  7.927920 0.862425 55.837666  0.900858 0.071754 0.428143  0.164623 0.928157
no_material
0  5.649660 3.337785 58.194855  0.705119 0.382065 0.597355  0.153304 0.916202
0  6.196545 2.059470 58.186260  0.777465 0.226218 0.586834  0.159152 0.916877
0  7.628175 2.561805 55.863678  0.864905 0.238948 0.441411  0.158170 0.927896
no_material
0  6.196545 2.059470 58.186260  0.777465 0.226218 0.586834  0.159152 0.916877
0  5.649660 3.337785 58.194855  0.705119 0.382065 0.597355  0.153304 0.916202
0  4.815180 2.876760 59.234131  0.585902 0.360439 0.725811  0.154259 0.909998
no_material
0  5.649660 3.337785 58.194855  0.705119 0.382065 0.597355  0.153304 0.916202
0  4.845330 4.466835 58.192696  0.601259 0.530820 0.597258  0.147403 0.915170
0  4.815180 2.876760 59.234131  0.585902 0.360439 0.725811  0.154259 0.909998
no_material
0  4.845330 4.466835 58.192696  0.601259 0.530820 0.597258  0.147403 0.915170
0  4.463910 4.147110 58.717396  0.440913 0.476580 0.760570  0.148041 0.912010
0  4.815180 2.876760 59.234131  0.585902 0.360439 0.725811  0.154259 0.909998
no_material
0  4.463910 4.147110 58.717396  0.440913 0.476580 0.760570  0.148041 0.912010
0  4.845330 4.466835 58.192696  0.601259 0.530820 0.597258  0.147403 0.915170
0  3.993705 5.323230 58.059227  0.431465 0.648551 0.627073  0.142077 0.914360
no_material
0  3.993705 5.323230 58.059227  0.431465 0.648551 0.627073  0.142077 0.914360
0  4.845330 4.466835 58.192696  0.601259 0.530820 0.597258  0.147403 0.915170
0  6.002550 5.606415 55.903412  0.659747 0.593317 0.461204  0.145001 0.926589
no_material
0  7.002180 4.180410 55.899094  0.784842 0.419468 0.456146  0.151654 0.927377
0  5.649660 3.337785 58.194855  0.705119 0.382065 0.597355  0.153304 0.916202
0  7.628175 2.561805 55.863678  0.864905 0.238948 0.441411  0.158170 0.927896
no_material
0  4.845330 4.466835 58.192696  0.601259 0.530820 0.597258  0.147403 0.915170
0  5.649660 3.337785 58.194855  0.705119 0.382065 0.597355  0.153304 0.916202
0  7.002180 4.180410 55.899094  0.784842 0.419468 0.456146  0.151654 0.927377
no_material
0  6.002550 5.606415 55.903412  0.659747 0.593317 0.461204  0.145001 0.926589
0  4.845330 4.466835 58.192696  0.601259 0.530820 0.597258  0.147403 0.915170
0  7.002180 4.180410 55.899094  0.784842 0.419468 0.456146  0.151654 0.927377
no_material
0  4.725495 6.741945 55.876724  0.523491 0.724048 0.449123  0.138218 0.925537
0  3.993705 5.323230 58.059227  0.431465 0.648551 0.627073  0.142077 0.914360
0  6.002550 5.606415 55.903412  0.659747 0.593317 0.461204  0.145001 0.926589
no_material
0  3.014640 7.081380 56.729385  0.292547 0.711618 0.638761  0.132165 0.919641
0  3.993705 5.323230 58.059227  0.431465 0.648551 0.627073  0.142077 0.914360
0  4.725495 6.741945 55.876724  0.523491 0.724048 0.449123  0.138218 0.925537
no_material
0  3.261870 7.594875 55.867500  0.396056 0.822302 0.408607  0.131144 0.924156
0  3.014640 7.081380 56.729385  0.292547 0.711618 0.638761  0.132165 0.919641
0  4.725495 6.741945 55.876724  0.523491 0.724048 0.449123  0.138218 0.925537
no_material
0  2.436390 7.815285 55.854408  0.205840 0.890266 0.406272  0.127375 0.923114
0  3.014640 7.081380 56.729385  0.292547 0.711618 0.638761  0.132165 0.919641
0  3.261870 7.594875 55.867500  0.396056 0.822302 0.408607  0.131144 0.924156
no_material
0  8.213805 2.782485 53.944695  0.946040 0.257193 0.197128  0.157642 0.935312
0  8.511030 0.933120 53.929623  0.978515 0.069871 0.193974  0.164441 0.935513
0  8.625600 0.940320 52.361237  0.996617 0.070515 -0.042206  0.164388 0.941249
no_material
0  8.318160 2.803230 52.354439  0.961177 0.270411 -0.054933  0.157501 0.941112
0  8.213805 2.782485 53.944695  0.946040 0.257193 0.197128  0.157642 0.935312
0  8.625600 0.940320 52.361237  0.996617 0.070515 -0.042206  0.164388 0.941249
no_material
0  7.546095 4.549815 53.950993  0.865079 0.462194 0.194974  0.150779 0.934957
0  8.213805 2.782485 53.944695  0.946040 0.257193 0.197128  0.157642 0.935312
0  8.318160 2.803230 52.354439  0.961177 0.270411 -0.054933  0.157501 0.941112
no_material
0  7.605315 4.560435 52.345619  0.874888 0.478572 -0.074433  0.150549 0.940850
0  7.546095 4.549815 53.950993  0.865079 0.462194 0.194974  0.150779 0.934957
0  8.318160 2.803230 52.354439  0.961177 0.270411 -0.054933  0.157501 0.941112
no_material
0  6.460740 6.093765 53.947979  0.726757 0.659962 0.190460  0.143825 0.934404
0  7.546095 4.549815 53.950993  0.865079 0.462194 0.194974  0.150779 0.934957
0  7.605315 4.560435 52.345619  0.874888 0.478572 -0.074433  0.150549 0.940850
no_material
0  6.510735 6.095790 52.345440  0.734773 0.672439 -0.089076  0.143514 0.940443
0  6.460740 6.093765 53.947979  0.726757 0.659962 0.190460  0.143825 0.934404
0  7.605315 4.560435 52.345619  0.874888 0.478572 -0.074433  0.150549 0.940850
no_material
0  5.050980 7.286670 53.933128  0.562335 0.806537 0.182420  0.136757 0.933678
0  6.460740 6.093765 53.947979  0.726757 0.659962 0.190460  0.143825 0.934404
0  6.510735 6.095790 52.345440  0.734773 0.672439 -0.089076  0.143514 0.940443
no_material
0  5.094270 7.300890 52.353363  0.565194 0.819442 -0.095239  0.136324 0.939930
0  5.050980 7.286670 53.933128  0.562335 0.806537 0.182420  0.136757 0.933678
0  6.510735 6.095790 52.345440  0.734773 0.672439 -0.089076  0.143514 0.940443
no_material
0  3.469320 8.161335 53.923092  0.398090 0.900902 0.172917  0.129411 0.932808
0  5.050980 7.286670 53.933128  0.562335 0.806537 0.182420  0.136757 0.933678
0  5.094270 7.300890 52.353363  0.565194 0.819442 -0.095239  0.136324 0.939930
no_material
0  3.493935 8.166375 52.362091  0.396048 0.912469 -0.102696  0.128914 0.939372
0  3.469320 8.161335 53.923092  0.398090 0.900902 0.172917  0.129411 0.932808
0  5.094270 7.300890 52.353363  0.565194 0.819442 -0.095239  0.136324 0.939930
no_material
0  1.774845 8.740305 53.924042  0.231871 0.962751 0.139094  0.121664 0.931827
0  3.469320 8.161335 53.923092  0.398090 0.900902 0.172917  0.129411 0.932808
0  3.493935 8.166375 52.362091  0.396048 0.912469 -0.102696  0.128914 0.939372
no_material
0  8.318160 2.803230 52.354439  0.961177 0.270411 -0.054933  0.157501 0.941112
0  8.625600 0.940320 52.361237  0.996617 0.070515 -0.042206  0.164388 0.941249
0  8.383050 0.902700 50.786865  0.961227 0.073823 -0.265691  0.164416 0.947198
no_material
0  8.068815 2.683665 50.770348  0.919885 0.269523 -0.284902  0.157530 0.947121
0  8.318160 2.803230 52.354439  0.961177 0.270411 -0.054933  0.157501 0.941112
0  8.383050 0.902700 50.786865  0.961227 0.073823 -0.265691  0.164416 0.947198
no_material
0  7.605315 4.560435 52.345619  0.874888 0.478572 -0.074433  0.150549 0.940850
0  8.318160 2.803230 52.354439  0.961177 0.270411 -0.054933  0.157501 0.941112
0  8.068815 2.683665 50.770348  0.919885 0.269523 -0.284902  0.157530 0.947121
no_material
0  7.362270 4.359330 50.760719  0.831587 0.464913 -0.303840  0.150551 0.946961
0  7.605315 4.560435 52.345619  0.874888 0.478572 -0.074433  0.150549 0.940850
0  8.068815 2.683665 50.770348  0.919885 0.269523 -0.284902  0.157530 0.947121
no_material
0  6.510735 6.095790 52.345440  0.734773 0.672439 -0.089076  0.143514 0.940443
0  7.605315 4.560435 52.345619  0.874888 0.478572 -0.074433  0.150549 0.940850
0  7.362270 4.359330 50.760719  0.831587 0.464913 -0.303840  0.150551 0.946961
no_material
0  6.302250 5.824935 50.766708  0.700041 0.641104 -0.314529  0.143480 0.946707
0  6.510735 6.095790 52.345440  0.734773 0.672439 -0.089076  0.143514 0.940443
0  7.362270 4.359330 50.760719  0.831587 0.464913 -0.303840  0.150551 0.946961
no_material
0  5.094270 7.300890 52.353363  0.565194 0.819442 -0.095239  0.136324 0.939930
0  6.510735 6.095790 52.345440  0.734773 0.672439 -0.089076  0.143514 0.940443
0  6.302250 5.824935 50.766708  0.700041 0.641104 -0.314529  0.143480 0.946707
no_material
0  4.949280 6.995160 50.784752  0.541438 0.779707 -0.314488  0.136264 0.946418
0  5.094270 7.300890 52.353363  0.565194 0.819442 -0.095239  0.136324 0.939930
0  6.302250 5.824935 50.766708  0.700041 0.641104 -0.314529  0.143480 0.946707
no_material
0  3.493935 8.166375 52.362091  0.396048 0.912469 -0.102696  0.128914 0.939372
0  5.094270 7.300890 52.353363  0.565194 0.819442 -0.095239  0.136324 0.939930
0  4.949280 6.995160 50.784752  0.541438 0.779707 -0.314488  0.136264 0.946418
no_material
0  3.403080 7.845255 50.805046  0.374704 0.872398 -0.313876  0.128839 0.946148
0  3.493935 8.166375 52.362091  0.396048 0.912469 -0.102696  0.128914 0.939372
0  4.949280 6.995160 50.784752  0.541438 0.779707 -0.314488  0.136264 0.946418
no_material
0  1.783170 8.731125 52.363483  0.215262 0.970164 -0.111554  0.121139 0.938863
0  3.493935 8.166375 52.362091  0.396048 0.912469 -0.102696  0.128914 0.939372
0  3.403080 7.845255 50.805046  0.374704 0.872398 -0.313876  0.128839 0.946148
no_material
0  1.783170 8.731125 52.363483  0.215262 0.970164 -0.111554  0.121139 0.938863
0  1.774845 8.740305 53.924042  0.231871 0.962751 0.139094  0.121664 0.931827
0  3.493935 8.166375 52.362091  0.396048 0.912469 -0.102696  0.128914 0.939372
no_material
0  -0.001215 8.941365 53.934208  0.001644 0.998541 0.053972  0.113248 0.931028
0  1.774845 8.740305 53.924042  0.231871 0.962751 0.139094  0.121664 0.931827
0  1.783170 8.731125 52.363483  0.215262 0.970164 -0.111554  0.121139 0.938863
no_material
0  -0.001215 8.941365 53.934208  0.001644 0.998541 0.053972  0.113248 0.931028
0  -0.001080 8.821305 54.193546  -0.006673 0.890590 0.454757  0.113367 0.929659
0  1.774845 8.740305 53.924042  0.231871 0.962751 0.139094  0.121664 0.931827
no_material
0  -0.001080 8.821305 54.193546  -0.006673 0.890590 0.454757  0.113367 0.929659
0  0.954675 8.700075 54.375076  0.043618 0.884703 0.464109  0.118135 0.929184
0  1.774845 8.740305 53.924042  0.231871 0.962751 0.139094  0.121664 0.931827
no_material
0  0.954675 8.700075 54.375076  0.043618 0.884703 0.464109  0.118135 0.929184
0  1.873260 8.286795 55.057365  0.206934 0.904019 0.374070  0.123354 0.926364
0  1.774845 8.740305 53.924042  0.231871 0.962751 0.139094  0.121664 0.931827
no_material
0  1.873260 8.286795 55.057365  0.206934 0.904019 0.374070  0.123354 0.926364
0  2.436390 7.815285 55.854408  0.205840 0.890266 0.406272  0.127375 0.923114
0  1.774845 8.740305 53.924042  0.231871 0.962751 0.139094  0.121664 0.931827
no_material
0  3.469320 8.161335 53.923092  0.398090 0.900902 0.172917  0.129411 0.932808
0  1.774845 8.740305 53.924042  0.231871 0.962751 0.139094  0.121664 0.931827
0  2.436390 7.815285 55.854408  0.205840 0.890266 0.406272  0.127375 0.923114
no_material
0  1.734615 8.376884 50.813190  0.200545 0.925557 -0.321132  0.121104 0.946020
0  1.783170 8.731125 52.363483  0.215262 0.970164 -0.111554  0.121139 0.938863
0  3.403080 7.845255 50.805046  0.374704 0.872398 -0.313876  0.128839 0.946148
no_material
0  0.000000 8.952120 52.360153  0.003192 0.993639 -0.112571  0.112838 0.938538
0  -0.001215 8.941365 53.934208  0.001644 0.998541 0.053972  0.113248 0.931028
0  1.783170 8.731125 52.363483  0.215262 0.970164 -0.111554  0.121139 0.938863
no_material
0  0.000000 8.952120 52.360153  0.003192 0.993639 -0.112571  0.112838 0.938538
0  1.783170 8.731125 52.363483  0.215262 0.970164 -0.111554  0.121139 0.938863
0  1.734615 8.376884 50.813190  0.200545 0.925557 -0.321132  0.121104 0.946020
no_material
0  0.000045 8.578890 50.807877  0.005977 0.944886 -0.327344  0.112935 0.946173
0  0.000000 8.952120 52.360153  0.003192 0.993639 -0.112571  0.112838 0.938538
0  1.734615 8.376884 50.813190  0.200545 0.925557 -0.321132  0.121104 0.946020
no_material
0  7.362270 4.359330 50.760719  0.831587 0.464913 -0.303840  0.150551 0.946961
0  8.068815 2.683665 50.770348  0.919885 0.269523 -0.284902  0.157530 0.947121
0  7.510050 2.466000 49.476509  0.782987 0.241096 -0.573415  0.157644 0.952799
no_material
0  6.844860 3.997980 49.470299  0.705123 0.399923 -0.585545  0.150692 0.952765
0  7.362270 4.359330 50.760719  0.831587 0.464913 -0.303840  0.150551 0.946961
0  7.510050 2.466000 49.476509  0.782987 0.241096 -0.573415  0.157644 0.952799
no_material
0  6.302250 5.824935 50.766708  0.700041 0.641104 -0.314529  0.143480 0.946707
0  7.362270 4.359330 50.760719  0.831587 0.464913 -0.303840  0.150551 0.946961
0  6.844860 3.997980 49.470299  0.705123 0.399923 -0.585545  0.150692 0.952765
no_material
0  5.871375 5.349510 49.470348  0.597219 0.543501 -0.589861  0.143632 0.952684
0  6.302250 5.824935 50.766708  0.700041 0.641104 -0.314529  0.143480 0.946707
0  6.844860 3.997980 49.470299  0.705123 0.399923 -0.585545  0.150692 0.952765
no_material
0  4.949280 6.995160 50.784752  0.541438 0.779707 -0.314488  0.136264 0.946418
0  6.302250 5.824935 50.766708  0.700041 0.641104 -0.314529  0.143480 0.946707
0  5.871375 5.349510 49.470348  0.597219 0.543501 -0.589861  0.143632 0.952684
no_material
0  4.630950 6.451785 49.483845  0.468072 0.661260 -0.586212  0.136420 0.952586
0  4.949280 6.995160 50.784752  0.541438 0.779707 -0.314488  0.136264 0.946418
0  5.871375 5.349510 49.470348  0.597219 0.543501 -0.589861  0.143632 0.952684
no_material
0  3.403080 7.845255 50.805046  0.374704 0.872398 -0.313876  0.128839 0.946148
0  4.949280 6.995160 50.784752  0.541438 0.779707 -0.314488  0.136264 0.946418
0  4.630950 6.451785 49.483845  0.468072 0.661260 -0.586212  0.136420 0.952586
no_material
0  3.198375 7.271820 49.496445  0.323982 0.746822 -0.580769  0.129029 0.952544
0  3.403080 7.845255 50.805046  0.374704 0.872398 -0.313876  0.128839 0.946148
0  4.630950 6.451785 49.483845  0.468072 0.661260 -0.586212  0.136420 0.952586
no_material
0  1.734615 8.376884 50.813190  0.200545 0.925557 -0.321132  0.121104 0.946020
0  3.403080 7.845255 50.805046  0.374704 0.872398 -0.313876  0.128839 0.946148
0  3.198375 7.271820 49.496445  0.323982 0.746822 -0.580769  0.129029 0.952544
no_material
0  1.631070 7.764615 49.509449  0.170035 0.798139 -0.577981  0.121408 0.952704
0  1.734615 8.376884 50.813190  0.200545 0.925557 -0.321132  0.121104 0.946020
0  3.198375 7.271820 49.496445  0.323982 0.746822 -0.580769  0.129029 0.952544
no_material
0  0.000045 8.578890 50.807877  0.005977 0.944886 -0.327344  0.112935 0.946173
0  1.734615 8.376884 50.813190  0.200545 0.925557 -0.321132  0.121104 0.946020
0  1.631070 7.764615 49.509449  0.170035 0.798139 -0.577981  0.121408 0.952704
no_material
0  0.000810 7.943085 49.505623  0.005478 0.815106 -0.579286  0.113478 0.953221
0  0.000045 8.578890 50.807877  0.005977 0.944886 -0.327344  0.112935 0.946173
0  1.631070 7.764615 49.509449  0.170035 0.798139 -0.577981  0.121408 0.952704
no_material
0  6.308506 2.054340 48.172184  0.695790 0.221373 -0.683280  0.157796 0.961115
0  7.510050 2.466000 49.476509  0.782987 0.241096 -0.573415  0.157644 0.952799
0  7.833510 0.833175 49.490147  0.826530 0.073204 -0.558113  0.164484 0.952778
no_material
0  6.308506 2.054340 48.172184  0.695790 0.221373 -0.683280  0.157796 0.961115
0  5.734215 3.319920 48.171421  0.626411 0.357594 -0.692629  0.150852 0.961315
0  7.510050 2.466000 49.476509  0.782987 0.241096 -0.573415  0.157644 0.952799
no_material
0  5.734215 3.319920 48.171421  0.626411 0.357594 -0.692629  0.150852 0.961315
0  6.844860 3.997980 49.470299  0.705123 0.399923 -0.585545  0.150692 0.952765
0  7.510050 2.466000 49.476509  0.782987 0.241096 -0.573415  0.157644 0.952799
no_material
0  5.734215 3.319920 48.171421  0.626411 0.357594 -0.692629  0.150852 0.961315
0  4.925295 4.444425 48.165569  0.532029 0.481047 -0.696806  0.143807 0.961441
0  6.844860 3.997980 49.470299  0.705123 0.399923 -0.585545  0.150692 0.952765
no_material
0  4.925295 4.444425 48.165569  0.532029 0.481047 -0.696806  0.143807 0.961441
0  5.871375 5.349510 49.470348  0.597219 0.543501 -0.589861  0.143632 0.952684
0  6.844860 3.997980 49.470299  0.705123 0.399923 -0.585545  0.150692 0.952765
no_material
0  4.925295 4.444425 48.165569  0.532029 0.481047 -0.696806  0.143807 0.961441
0  3.892545 5.371155 48.173489  0.419977 0.585501 -0.693403  0.136637 0.961539
0  5.871375 5.349510 49.470348  0.597219 0.543501 -0.589861  0.143632 0.952684
no_material
0  3.892545 5.371155 48.173489  0.419977 0.585501 -0.693403  0.136637 0.961539
0  4.630950 6.451785 49.483845  0.468072 0.661260 -0.586212  0.136420 0.952586
0  5.871375 5.349510 49.470348  0.597219 0.543501 -0.589861  0.143632 0.952684
no_material
0  3.892545 5.371155 48.173489  0.419977 0.585501 -0.693403  0.136637 0.961539
0  2.696760 6.070095 48.167774  0.291977 0.663699 -0.688661  0.129393 0.961716
0  4.630950 6.451785 49.483845  0.468072 0.661260 -0.586212  0.136420 0.952586
no_material
0  2.696760 6.070095 48.167774  0.291977 0.663699 -0.688661  0.129393 0.961716
0  3.198375 7.271820 49.496445  0.323982 0.746822 -0.580769  0.129029 0.952544
0  4.630950 6.451785 49.483845  0.468072 0.661260 -0.586212  0.136420 0.952586
no_material
0  2.696760 6.070095 48.167774  0.291977 0.663699 -0.688661  0.129393 0.961716
0  1.380375 6.505290 48.169621  0.153286 0.714208 -0.682942  0.122069 0.962045
0  3.198375 7.271820 49.496445  0.323982 0.746822 -0.580769  0.129029 0.952544
no_material
0  1.380375 6.505290 48.169621  0.153286 0.714208 -0.682942  0.122069 0.962045
0  1.631070 7.764615 49.509449  0.170035 0.798139 -0.577981  0.121408 0.952704
0  3.198375 7.271820 49.496445  0.323982 0.746822 -0.580769  0.129029 0.952544
no_material
0  1.380375 6.505290 48.169621  0.153286 0.714208 -0.682942  0.122069 0.962045
0  0.001170 6.668820 48.165752  0.005113 0.732242 -0.681026  0.114703 0.962699
0  1.631070 7.764615 49.509449  0.170035 0.798139 -0.577981  0.121408 0.952704
no_material
0  0.001170 6.668820 48.165752  0.005113 0.732242 -0.681026  0.114703 0.962699
0  0.000810 7.943085 49.505623  0.005478 0.815106 -0.579286  0.113478 0.953221
0  1.631070 7.764615 49.509449  0.170035 0.798139 -0.577981  0.121408 0.952704
no_material
0  0.001170 6.668820 48.165752  0.005113 0.732242 -0.681026  0.114703 0.962699
0  -1.380645 6.517890 48.164852  -0.143324 0.715381 -0.683878  0.107464 0.963939
0  0.000810 7.943085 49.505623  0.005478 0.815106 -0.579286  0.113478 0.953221
no_material
0  -1.380645 6.517890 48.164852  -0.143324 0.715381 -0.683878  0.107464 0.963939
0  -1.633770 7.779420 49.500496  -0.159936 0.798717 -0.580062  0.105221 0.954401
0  0.000810 7.943085 49.505623  0.005478 0.815106 -0.579286  0.113478 0.953221
no_material
0  -1.633770 7.779420 49.500496  -0.159936 0.798717 -0.580062  0.105221 0.954401
0  -1.739385 8.398980 50.805313  -0.189554 0.927258 -0.322895  0.104181 0.946862
0  0.000810 7.943085 49.505623  0.005478 0.815106 -0.579286  0.113478 0.953221
no_material
0  -1.739385 8.398980 50.805313  -0.189554 0.927258 -0.322895  0.104181 0.946862
0  0.000045 8.578890 50.807877  0.005977 0.944886 -0.327344  0.112935 0.946173
0  0.000810 7.943085 49.505623  0.005478 0.815106 -0.579286  0.113478 0.953221
no_material
0  -1.739385 8.398980 50.805313  -0.189554 0.927258 -0.322895  0.104181 0.946862
0  -1.787445 8.750114 52.361187  -0.204639 0.973125 -0.105594  0.103833 0.938509
0  0.000045 8.578890 50.807877  0.005977 0.944886 -0.327344  0.112935 0.946173
no_material
0  -1.787445 8.750114 52.361187  -0.204639 0.973125 -0.105594  0.103833 0.938509
0  0.000000 8.952120 52.360153  0.003192 0.993639 -0.112571  0.112838 0.938538
0  0.000045 8.578890 50.807877  0.005977 0.944886 -0.327344  0.112935 0.946173
no_material
0  -1.787445 8.750114 52.361187  -0.204639 0.973125 -0.105594  0.103833 0.938509
0  -1.769760 8.724464 53.922600  -0.221448 0.963263 0.151941  0.104285 0.930340
0  0.000000 8.952120 52.360153  0.003192 0.993639 -0.112571  0.112838 0.938538
no_material
0  -1.769760 8.724464 53.922600  -0.221448 0.963263 0.151941  0.104285 0.930340
0  -0.001215 8.941365 53.934208  0.001644 0.998541 0.053972  0.113248 0.931028
0  0.000000 8.952120 52.360153  0.003192 0.993639 -0.112571  0.112838 0.938538
no_material
0  -1.769760 8.724464 53.922600  -0.221448 0.963263 0.151941  0.104285 0.930340
0  -0.898380 8.736300 54.228241  -0.066904 0.884431 0.461850  0.108875 0.929070
0  -0.001215 8.941365 53.934208  0.001644 0.998541 0.053972  0.113248 0.931028
no_material
0  -0.898380 8.736300 54.228241  -0.066904 0.884431 0.461850  0.108875 0.929070
0  -0.001080 8.821305 54.193546  -0.006673 0.890590 0.454757  0.113367 0.929659
0  -0.001215 8.941365 53.934208  0.001644 0.998541 0.053972  0.113248 0.931028
no_material
0  -0.898380 8.736300 54.228241  -0.066904 0.884431 0.461850  0.108875 0.929070
0  -0.798390 8.583750 54.394962  0.105364 0.575922 0.810686  0.109444 0.927939
0  -0.001080 8.821305 54.193546  -0.006673 0.890590 0.454757  0.113367 0.929659
no_material
0  -0.798390 8.583750 54.394962  0.105364 0.575922 0.810686  0.109444 0.927939
0  0.005355 8.655661 54.363556  -0.059782 0.510323 0.857903  0.113499 0.928496
0  -0.001080 8.821305 54.193546  -0.006673 0.890590 0.454757  0.113367 0.929659
no_material
0  -0.001080 8.821305 54.193546  -0.006673 0.890590 0.454757  0.113367 0.929659
0  0.005355 8.655661 54.363556  -0.059782 0.510323 0.857903  0.113499 0.928496
0  0.954675 8.700075 54.375076  0.043618 0.884703 0.464109  0.118135 0.929184
no_material
0  0.005355 8.655661 54.363556  -0.059782 0.510323 0.857903  0.113499 0.928496
0  0.821205 8.516160 54.539776  -0.225908 0.538997 0.811448  0.117676 0.927878
0  0.954675 8.700075 54.375076  0.043618 0.884703 0.464109  0.118135 0.929184
no_material
0  0.954675 8.700075 54.375076  0.043618 0.884703 0.464109  0.118135 0.929184
0  0.821205 8.516160 54.539776  -0.225908 0.538997 0.811448  0.117676 0.927878
0  1.873260 8.286795 55.057365  0.206934 0.904019 0.374070  0.123354 0.926364
no_material
0  0.821205 8.516160 54.539776  -0.225908 0.538997 0.811448  0.117676 0.927878
0  1.734885 8.135819 55.200554  -0.381280 0.556335 0.738320  0.122966 0.925207
0  1.873260 8.286795 55.057365  0.206934 0.904019 0.374070  0.123354 0.926364
no_material
0  2.436390 7.815285 55.854408  0.205840 0.890266 0.406272  0.127375 0.923114
0  1.873260 8.286795 55.057365  0.206934 0.904019 0.374070  0.123354 0.926364
0  1.734885 8.135819 55.200554  -0.381280 0.556335 0.738320  0.122966 0.925207
no_material
0  2.193255 7.719885 55.860077  -0.496868 0.494074 0.713452  0.126390 0.922358
0  2.436390 7.815285 55.854408  0.205840 0.890266 0.406272  0.127375 0.923114
0  1.734885 8.135819 55.200554  -0.381280 0.556335 0.738320  0.122966 0.925207
no_material
0  2.436390 7.815285 55.854408  0.205840 0.890266 0.406272  0.127375 0.923114
0  2.193255 7.719885 55.860077  -0.496868 0.494074 0.713452  0.126390 0.922358
0  3.014640 7.081380 56.729385  0.292547 0.711618 0.638761  0.132165 0.919641
no_material
0  2.193255 7.719885 55.860077  -0.496868 0.494074 0.713452  0.126390 0.922358
0  2.754675 6.958170 56.754047  -0.464645 0.416346 0.781512  0.131364 0.918524
0  3.014640 7.081380 56.729385  0.292547 0.711618 0.638761  0.132165 0.919641
no_material
0  3.014640 7.081380 56.729385  0.292547 0.711618 0.638761  0.132165 0.919641
0  2.754675 6.958170 56.754047  -0.464645 0.416346 0.781512  0.131364 0.918524
0  3.746700 5.295195 58.085907  -0.396894 0.380883 0.835107  0.141363 0.913419
no_material
0  3.993705 5.323230 58.059227  0.431465 0.648551 0.627073  0.142077 0.914360
0  3.014640 7.081380 56.729385  0.292547 0.711618 0.638761  0.132165 0.919641
0  3.746700 5.295195 58.085907  -0.396894 0.380883 0.835107  0.141363 0.913419
no_material
0  3.993705 5.323230 58.059227  0.431465 0.648551 0.627073  0.142077 0.914360
0  3.746700 5.295195 58.085907  -0.396894 0.380883 0.835107  0.141363 0.913419
0  4.269150 3.924945 58.855362  -0.315047 0.325866 0.891379  0.148476 0.910558
no_material
0  -1.069110 8.462971 54.560562  0.453106 0.706518 0.543624  0.108111 0.926820
0  -0.798390 8.583750 54.394962  0.105364 0.575922 0.810686  0.109444 0.927939
0  -0.898380 8.736300 54.228241  -0.066904 0.884431 0.461850  0.108875 0.929070
no_material
0  -1.315710 8.559315 54.556519  -0.006373 0.939218 0.343262  0.106786 0.927095
0  -1.069110 8.462971 54.560562  0.453106 0.706518 0.543624  0.108111 0.926820
0  -0.898380 8.736300 54.228241  -0.066904 0.884431 0.461850  0.108875 0.929070
no_material
0  -1.769760 8.724464 53.922600  -0.221448 0.963263 0.151941  0.104285 0.930340
0  -1.315710 8.559315 54.556519  -0.006373 0.939218 0.343262  0.106786 0.927095
0  -0.898380 8.736300 54.228241  -0.066904 0.884431 0.461850  0.108875 0.929070
no_material
0  1.532070 6.193171 57.625828  0.763103 0.025752 -0.645763  0.022985 0.015600
0  2.283120 5.178465 58.470661  0.774378 0.043091 -0.631254  0.027806 0.019961
0  1.544445 0.000000 57.604767  0.753730 -0.000171 -0.657185  0.022898 0.042075
no_material
0  2.945340 3.987630 59.211136  0.781376 0.039216 -0.622828  0.032039 0.025061
0  1.544445 0.000000 57.604767  0.753730 -0.000171 -0.657185  0.022898 0.042075
0  2.283120 5.178465 58.470661  0.774378 0.043091 -0.631254  0.027806 0.019961
no_material
0  3.401325 3.031065 59.734306  0.792801 0.032679 -0.608603  0.034988 0.029155
0  1.544445 0.000000 57.604767  0.753730 -0.000171 -0.657185  0.022898 0.042075
0  2.945340 3.987630 59.211136  0.781376 0.039216 -0.622828  0.032039 0.025061
no_material
0  3.713535 2.116395 60.102989  0.800858 0.024570 -0.598350  0.037036 0.033064
0  1.544445 0.000000 57.604767  0.753730 -0.000171 -0.657185  0.022898 0.042075
0  3.401325 3.031065 59.734306  0.792801 0.032679 -0.608603  0.034988 0.029155
no_material
0  3.906720 1.251090 60.336044  0.803321 0.015343 -0.595349  0.038323 0.036757
0  1.544445 0.000000 57.604767  0.753730 -0.000171 -0.657185  0.022898 0.042075
0  3.713535 2.116395 60.102989  0.800858 0.024570 -0.598350  0.037036 0.033064
no_material
0  3.997215 0.414045 60.444088  0.802341 0.008176 -0.596811  0.038922 0.040327
0  1.544445 0.000000 57.604767  0.753730 -0.000171 -0.657185  0.022898 0.042075
0  3.906720 1.251090 60.336044  0.803321 0.015343 -0.595349  0.038323 0.036757
no_material
0  3.998790 -0.412695 60.440266  0.799278 0.002517 -0.600956  0.038911 0.043854
0  1.544445 0.000000 57.604767  0.753730 -0.000171 -0.657185  0.022898 0.042075
0  3.997215 0.414045 60.444088  0.802341 0.008176 -0.596811  0.038922 0.040327
no_material
0  3.906855 -1.248300 60.323177  0.795490 -0.007938 -0.605915  0.038274 0.047418
0  1.544445 0.000000 57.604767  0.753730 -0.000171 -0.657185  0.022898 0.042075
0  3.998790 -0.412695 60.440266  0.799278 0.002517 -0.600956  0.038911 0.043854
no_material
0  3.715020 -2.113605 60.092999  0.791462 -0.021629 -0.610835  0.036995 0.051108
0  1.544445 0.000000 57.604767  0.753730 -0.000171 -0.657185  0.022898 0.042075
0  3.906855 -1.248300 60.323177  0.795490 -0.007938 -0.605915  0.038274 0.047418
no_material
0  3.398850 -3.027960 59.726700  0.786215 -0.031351 -0.617157  0.034930 0.055007
0  1.544445 0.000000 57.604767  0.753730 -0.000171 -0.657185  0.022898 0.042075
0  3.715020 -2.113605 60.092999  0.791462 -0.021629 -0.610835  0.036995 0.051108
no_material
0  2.944710 -3.985875 59.208752  0.778739 -0.036156 -0.626305  0.031991 0.059101
0  1.544445 0.000000 57.604767  0.753730 -0.000171 -0.657185  0.022898 0.042075
0  3.398850 -3.027960 59.726700  0.786215 -0.031351 -0.617157  0.034930 0.055007
no_material
0  2.284380 -5.177115 58.468094  0.772629 -0.038387 -0.633696  0.027751 0.064193
0  1.544445 0.000000 57.604767  0.753730 -0.000171 -0.657185  0.022898 0.042075
0  2.944710 -3.985875 59.208752  0.778739 -0.036156 -0.626305  0.031991 0.059101
no_material
0  1.534680 -6.192945 57.623222  0.762025 -0.023393 -0.647125  0.022924 0.068547
0  1.544445 0.000000 57.604767  0.753730 -0.000171 -0.657185  0.022898 0.042075
0  2.284380 -5.177115 58.468094  0.772629 -0.038387 -0.633696  0.027751 0.064193
no_material
0  1.534680 -6.192945 57.623222  0.762025 -0.023393 -0.647125  0.022924 0.068547
0  -0.270495 -7.785405 55.551643  0.767347 -0.020813 -0.640895  0.011178 0.075547
0  1.544445 0.000000 57.604767  0.753730 -0.000171 -0.657185  0.022898 0.042075
no_material
0  -0.270495 -7.785405 55.551643  0.767347 -0.020813 -0.640895  0.011178 0.075547
0  -0.259740 0.000090 55.541023  0.762698 0.000111 -0.646755  0.011175 0.042061
0  1.544445 0.000000 57.604767  0.753730 -0.000171 -0.657185  0.022898 0.042075
no_material
0  1.544445 0.000000 57.604767  0.753730 -0.000171 -0.657185  0.022898 0.042075
0  -0.259740 0.000090 55.541023  0.762698 0.000111 -0.646755  0.011175 0.042061
0  1.532070 6.193171 57.625828  0.763103 0.025752 -0.645763  0.022985 0.015600
no_material
0  -0.259740 0.000090 55.541023  0.762698 0.000111 -0.646755  0.011175 0.042061
0  -0.271665 7.786575 55.553448  0.768339 0.022221 -0.639657  0.011261 0.008549
0  1.532070 6.193171 57.625828  0.763103 0.025752 -0.645763  0.022985 0.015600
no_material
0  1.532070 6.193171 57.625828  0.763103 0.025752 -0.645763  0.022985 0.015600
0  1.579455 6.516720 57.895603  0.784183 0.606996 -0.128891  0.024065 0.014138
0  2.283120 5.178465 58.470661  0.774378 0.043091 -0.631254  0.027806 0.019961
no_material
0  -0.284265 8.129160 55.753380  0.745355 0.621161 -0.242084  0.011989 0.007008
0  1.579455 6.516720 57.895603  0.784183 0.606996 -0.128891  0.024065 0.014138
0  1.532070 6.193171 57.625828  0.763103 0.025752 -0.645763  0.022985 0.015600
no_material
0  -0.271665 7.786575 55.553448  0.768339 0.022221 -0.639657  0.011261 0.008549
0  -0.284265 8.129160 55.753380  0.745355 0.621161 -0.242084  0.011989 0.007008
0  1.532070 6.193171 57.625828  0.763103 0.025752 -0.645763  0.022985 0.015600
no_material
0  -0.990090 8.332695 54.948513  0.687081 0.672365 -0.275398  0.007512 0.005783
0  -0.284265 8.129160 55.753380  0.745355 0.621161 -0.242084  0.011989 0.007008
0  -0.271665 7.786575 55.553448  0.768339 0.022221 -0.639657  0.011261 0.008549
no_material
0  -0.878085 8.024850 54.788940  0.826694 0.024279 -0.562128  0.007052 0.007278
0  -0.990090 8.332695 54.948513  0.687081 0.672365 -0.275398  0.007512 0.005783
0  -0.271665 7.786575 55.553448  0.768339 0.022221 -0.639657  0.011261 0.008549
no_material
0  -0.878085 8.024850 54.788940  0.826694 0.024279 -0.562128  0.007052 0.007278
0  -0.271665 7.786575 55.553448  0.768339 0.022221 -0.639657  0.011261 0.008549
0  -0.259740 0.000090 55.541023  0.762698 0.000111 -0.646755  0.011175 0.042061
no_material
0  -0.867555 0.000360 54.772022  0.823069 -0.000059 -0.567942  0.006969 0.042055
0  -0.878085 8.024850 54.788940  0.826694 0.024279 -0.562128  0.007052 0.007278
0  -0.259740 0.000090 55.541023  0.762698 0.000111 -0.646755  0.011175 0.042061
no_material
0  -0.867555 0.000360 54.772022  0.823069 -0.000059 -0.567942  0.006969 0.042055
0  -0.259740 0.000090 55.541023  0.762698 0.000111 -0.646755  0.011175 0.042061
0  -0.270495 -7.785405 55.551643  0.767347 -0.020813 -0.640895  0.011178 0.075547
no_material
0  -0.881775 -8.024940 54.787231  0.825238 -0.023708 -0.564287  0.006955 0.076788
0  -0.867555 0.000360 54.772022  0.823069 -0.000059 -0.567942  0.006969 0.042055
0  -0.270495 -7.785405 55.551643  0.767347 -0.020813 -0.640895  0.011178 0.075547
no_material
0  -1.069110 8.462971 54.560562  0.453106 0.706537 0.543599  0.005816 0.005401
0  -0.990090 8.332695 54.948513  0.687081 0.672365 -0.275398  0.007512 0.005783
0  -0.878085 8.024850 54.788940  0.826694 0.024279 -0.562128  0.007052 0.007278
no_material
0  -0.917820 8.117280 54.612854  0.818039 0.033481 0.574188  0.006266 0.006925
0  -1.069110 8.462971 54.560562  0.453106 0.706537 0.543599  0.005816 0.005401
0  -0.878085 8.024850 54.788940  0.826694 0.024279 -0.562128  0.007052 0.007278
no_material
0  -0.894195 0.000180 54.627525  0.818327 -0.001072 0.574751  0.006353 0.042055
0  -0.917820 8.117280 54.612854  0.818039 0.033481 0.574188  0.006266 0.006925
0  -0.878085 8.024850 54.788940  0.826694 0.024279 -0.562128  0.007052 0.007278
no_material
0  -0.867555 0.000360 54.772022  0.823069 -0.000059 -0.567942  0.006969 0.042055
0  -0.894195 0.000180 54.627525  0.818327 -0.001072 0.574751  0.006353 0.042055
0  -0.878085 8.024850 54.788940  0.826694 0.024279 -0.562128  0.007052 0.007278
no_material
0  -0.930285 -8.112645 54.599804  0.818137 -0.033678 0.574036  0.006113 0.077117
0  -0.894195 0.000180 54.627525  0.818327 -0.001072 0.574751  0.006353 0.042055
0  -0.867555 0.000360 54.772022  0.823069 -0.000059 -0.567942  0.006969 0.042055
no_material
0  -0.881775 -8.024940 54.787231  0.825238 -0.023708 -0.564287  0.006955 0.076788
0  -0.930285 -8.112645 54.599804  0.818137 -0.033678 0.574036  0.006113 0.077117
0  -0.867555 0.000360 54.772022  0.823069 -0.000059 -0.567942  0.006969 0.042055
no_material
0  -0.881775 -8.024940 54.787231  0.825238 -0.023708 -0.564287  0.006955 0.076788
0  -0.987345 -8.331884 54.948013  0.687096 -0.666554 -0.289144  0.007411 0.078275
0  -0.930285 -8.112645 54.599804  0.818137 -0.033678 0.574036  0.006113 0.077117
no_material
0  -0.276165 -8.139465 55.751942  0.744510 -0.620685 -0.245878  0.011913 0.077131
0  -0.987345 -8.331884 54.948013  0.687096 -0.666554 -0.289144  0.007411 0.078275
0  -0.881775 -8.024940 54.787231  0.825238 -0.023708 -0.564287  0.006955 0.076788
no_material
0  -0.270495 -7.785405 55.551643  0.767347 -0.020813 -0.640895  0.011178 0.075547
0  -0.276165 -8.139465 55.751942  0.744510 -0.620685 -0.245878  0.011913 0.077131
0  -0.881775 -8.024940 54.787231  0.825238 -0.023708 -0.564287  0.006955 0.076788
no_material
0  1.601325 -6.531705 57.891689  0.783353 -0.607876 -0.129785  0.024035 0.070057
0  -0.276165 -8.139465 55.751942  0.744510 -0.620685 -0.245878  0.011913 0.077131
0  -0.270495 -7.785405 55.551643  0.767347 -0.020813 -0.640895  0.011178 0.075547
no_material
0  1.534680 -6.192945 57.623222  0.762025 -0.023393 -0.647125  0.022924 0.068547
0  1.601325 -6.531705 57.891689  0.783353 -0.607876 -0.129785  0.024035 0.070057
0  -0.270495 -7.785405 55.551643  0.767347 -0.020813 -0.640895  0.011178 0.075547
no_material
0  2.397105 -5.486535 58.795563  0.840266 -0.542053 -0.011455  0.029181 0.065574
0  1.601325 -6.531705 57.891689  0.783353 -0.607876 -0.129785  0.024035 0.070057
0  1.534680 -6.192945 57.623222  0.762025 -0.023393 -0.647125  0.022924 0.068547
no_material
0  2.284380 -5.177115 58.468094  0.772629 -0.038387 -0.633696  0.027751 0.064193
0  2.397105 -5.486535 58.795563  0.840266 -0.542053 -0.011455  0.029181 0.065574
0  1.534680 -6.192945 57.623222  0.762025 -0.023393 -0.647125  0.022924 0.068547
no_material
0  3.084255 -4.272300 59.577435  0.892825 -0.448625 -0.039996  0.033640 0.060380
0  2.397105 -5.486535 58.795563  0.840266 -0.542053 -0.011455  0.029181 0.065574
0  2.284380 -5.177115 58.468094  0.772629 -0.038387 -0.633696  0.027751 0.064193
no_material
0  2.944710 -3.985875 59.208752  0.778739 -0.036156 -0.626305  0.031991 0.059101
0  3.084255 -4.272300 59.577435  0.892825 -0.448625 -0.039996  0.033640 0.060380
0  2.284380 -5.177115 58.468094  0.772629 -0.038387 -0.633696  0.027751 0.064193
no_material
0  3.541680 -3.270780 60.122704  0.932570 -0.352596 -0.077388  0.036698 0.056099
0  3.084255 -4.272300 59.577435  0.892825 -0.448625 -0.039996  0.033640 0.060380
0  2.944710 -3.985875 59.208752  0.778739 -0.036156 -0.626305  0.031991 0.059101
no_material
0  3.398850 -3.027960 59.726700  0.786215 -0.031351 -0.617157  0.034930 0.055007
0  3.541680 -3.270780 60.122704  0.932570 -0.352596 -0.077388  0.036698 0.056099
0  2.944710 -3.985875 59.208752  0.778739 -0.036156 -0.626305  0.031991 0.059101
no_material
0  3.883905 -2.298060 60.509117  0.963342 -0.244939 -0.109438  0.038897 0.051931
0  3.541680 -3.270780 60.122704  0.932570 -0.352596 -0.077388  0.036698 0.056099
0  3.398850 -3.027960 59.726700  0.786215 -0.031351 -0.617157  0.034930 0.055007
no_material
0  -0.987345 -8.331884 54.948013  0.687096 -0.666554 -0.289144  0.007411 0.078275
0  -1.073610 -8.460900 54.554222  0.459224 -0.691419 0.557721  0.005678 0.078645
0  -0.930285 -8.112645 54.599804  0.818137 -0.033678 0.574036  0.006113 0.077117
no_material
0  3.715020 -2.113605 60.092999  0.791462 -0.021629 -0.610835  0.036995 0.051108
0  3.883905 -2.298060 60.509117  0.963342 -0.244939 -0.109438  0.038897 0.051931
0  3.398850 -3.027960 59.726700  0.786215 -0.031351 -0.617157  0.034930 0.055007
no_material
0  4.086810 -1.359270 60.746986  0.983253 -0.131458 -0.126221  0.040237 0.047914
0  3.883905 -2.298060 60.509117  0.963342 -0.244939 -0.109438  0.038897 0.051931
0  3.715020 -2.113605 60.092999  0.791462 -0.021629 -0.610835  0.036995 0.051108
no_material
0  3.906855 -1.248300 60.323177  0.795490 -0.007938 -0.605915  0.038274 0.047418
0  4.086810 -1.359270 60.746986  0.983253 -0.131458 -0.126221  0.040237 0.047914
0  3.715020 -2.113605 60.092999  0.791462 -0.021629 -0.610835  0.036995 0.051108
no_material
0  4.162860 -0.448875 60.863132  0.992295 -0.028891 -0.120483  0.040850 0.044018
0  4.086810 -1.359270 60.746986  0.983253 -0.131458 -0.126221  0.040237 0.047914
0  3.906855 -1.248300 60.323177  0.795490 -0.007938 -0.605915  0.038274 0.047418
no_material
0  3.998790 -0.412695 60.440266  0.799278 0.002517 -0.600956  0.038911 0.043854
0  4.162860 -0.448875 60.863132  0.992295 -0.028891 -0.120483  0.040850 0.044018
0  3.906855 -1.248300 60.323177  0.795490 -0.007938 -0.605915  0.038274 0.047418
no_material
0  4.142115 0.448560 60.863716  0.993182 0.062589 -0.098346  0.040820 0.040171
0  4.162860 -0.448875 60.863132  0.992295 -0.028891 -0.120483  0.040850 0.044018
0  3.998790 -0.412695 60.440266  0.799278 0.002517 -0.600956  0.038911 0.043854
no_material
0  3.997215 0.414045 60.444088  0.802341 0.008176 -0.596811  0.038922 0.040327
0  4.142115 0.448560 60.863716  0.993182 0.062589 -0.098346  0.040820 0.040171
0  3.998790 -0.412695 60.440266  0.799278 0.002517 -0.600956  0.038911 0.043854
no_material
0  4.034385 1.351935 60.747162  0.984893 0.156467 -0.074191  0.040158 0.036295
0  4.142115 0.448560 60.863716  0.993182 0.062589 -0.098346  0.040820 0.040171
0  3.997215 0.414045 60.444088  0.802341 0.008176 -0.596811  0.038922 0.040327
no_material
0  3.906720 1.251090 60.336044  0.803321 0.015343 -0.595349  0.038323 0.036757
0  4.034385 1.351935 60.747162  0.984893 0.156467 -0.074191  0.040158 0.036295
0  3.997215 0.414045 60.444088  0.802341 0.008176 -0.596811  0.038922 0.040327
no_material
0  3.827700 2.280060 60.505920  0.965436 0.255034 -0.053775  0.038809 0.032308
0  4.034385 1.351935 60.747162  0.984893 0.156467 -0.074191  0.040158 0.036295
0  3.906720 1.251090 60.336044  0.803321 0.015343 -0.595349  0.038323 0.036757
no_material
0  3.713535 2.116395 60.102989  0.800858 0.024570 -0.598350  0.037036 0.033064
0  3.827700 2.280060 60.505920  0.965436 0.255034 -0.053775  0.038809 0.032308
0  3.906720 1.251090 60.336044  0.803321 0.015343 -0.595349  0.038323 0.036757
no_material
0  3.510135 3.256425 60.120991  0.935491 0.351076 -0.040027  0.036667 0.028124
0  3.827700 2.280060 60.505920  0.965436 0.255034 -0.053775  0.038809 0.032308
0  3.713535 2.116395 60.102989  0.800858 0.024570 -0.598350  0.037036 0.033064
no_material
0  3.401325 3.031065 59.734306  0.792801 0.032679 -0.608603  0.034988 0.029155
0  3.510135 3.256425 60.120991  0.935491 0.351076 -0.040027  0.036667 0.028124
0  3.713535 2.116395 60.102989  0.800858 0.024570 -0.598350  0.037036 0.033064
no_material
0  3.073275 4.265865 59.576267  0.892301 0.450659 -0.026565  0.033655 0.023814
0  3.510135 3.256425 60.120991  0.935491 0.351076 -0.040027  0.036667 0.028124
0  3.401325 3.031065 59.734306  0.792801 0.032679 -0.608603  0.034988 0.029155
no_material
0  2.945340 3.987630 59.211136  0.781376 0.039216 -0.622828  0.032039 0.025061
0  3.073275 4.265865 59.576267  0.892301 0.450659 -0.026565  0.033655 0.023814
0  3.401325 3.031065 59.734306  0.792801 0.032679 -0.608603  0.034988 0.029155
no_material
0  2.372400 5.470425 58.795021  0.838735 0.544441 -0.010364  0.029180 0.018639
0  3.073275 4.265865 59.576267  0.892301 0.450659 -0.026565  0.033655 0.023814
0  2.945340 3.987630 59.211136  0.781376 0.039216 -0.622828  0.032039 0.025061
no_material
0  2.283120 5.178465 58.470661  0.774378 0.043091 -0.631254  0.027806 0.019961
0  2.372400 5.470425 58.795021  0.838735 0.544441 -0.010364  0.029180 0.018639
0  2.945340 3.987630 59.211136  0.781376 0.039216 -0.622828  0.032039 0.025061
no_material
0  1.579455 6.516720 57.895603  0.784183 0.606996 -0.128891  0.024065 0.014138
0  2.372400 5.470425 58.795021  0.838735 0.544441 -0.010364  0.029180 0.018639
0  2.283120 5.178465 58.470661  0.774378 0.043091 -0.631254  0.027806 0.019961
no_material
0  -1.778850 -0.186210 66.993301  -0.947520 -0.099761 -0.303734  0.264345 0.941903
0  -1.693395 -0.175230 66.291794  -0.980488 -0.104660 0.166400  0.267036 0.942987
0  -1.534815 -0.879390 67.001129  -0.816579 -0.490839 -0.303771  0.263200 0.944698
no_material
0  -2.180700 -0.721125 63.982712  -0.873656 -0.298679 0.384079  0.277404 0.946933
0  -2.289960 -0.242325 63.986847  -0.903375 -0.099758 0.417088  0.277627 0.944653
0  -3.042360 -0.334080 62.757454  -0.796735 -0.080861 0.598894  0.284052 0.944630
no_material
0  -2.289960 -0.242325 63.986847  -0.903375 -0.099758 0.417088  0.277627 0.944653
0  -2.180700 -0.721125 63.982712  -0.873656 -0.298679 0.384079  0.277404 0.946933
0  -1.693395 -0.175230 66.291794  -0.980488 -0.104660 0.166400  0.267036 0.942987
no_material
0  -2.180700 -0.721125 63.982712  -0.873656 -0.298679 0.384079  0.277404 0.946933
0  -1.463175 -0.838080 66.292336  -0.845489 -0.507178 0.167093  0.266052 0.945924
0  -1.693395 -0.175230 66.291794  -0.980488 -0.104660 0.166400  0.267036 0.942987
no_material
0  -1.693395 -0.175230 66.291794  -0.980488 -0.104660 0.166400  0.267036 0.942987
0  -1.463175 -0.838080 66.292336  -0.845489 -0.507178 0.167093  0.266052 0.945924
0  -1.534815 -0.879390 67.001129  -0.816579 -0.490839 -0.303771  0.263200 0.944698
no_material
0  -1.534815 -0.879390 67.001129  -0.816579 -0.490839 -0.303771  0.263200 0.944698
0  -1.463175 -0.838080 66.292336  -0.845489 -0.507178 0.167093  0.266052 0.945924
0  -1.035945 -1.424925 67.002213  -0.553312 -0.771532 -0.313981  0.261904 0.947481
no_material
0  -1.463175 -0.838080 66.292336  -0.845489 -0.507178 0.167093  0.266052 0.945924
0  -0.983250 -1.354005 66.293503  -0.566294 -0.806939 0.167808  0.264790 0.948948
0  -1.035945 -1.424925 67.002213  -0.553312 -0.771532 -0.313981  0.261904 0.947481
no_material
0  -1.035945 -1.424925 67.002213  -0.553312 -0.771532 -0.313981  0.261904 0.947481
0  -0.983250 -1.354005 66.293503  -0.566294 -0.806939 0.167808  0.264790 0.948948
0  -0.365760 -1.718145 66.999191  -0.185724 -0.926041 -0.328564  0.260465 0.950147
no_material
0  -0.983250 -1.354005 66.293503  -0.566294 -0.806939 0.167808  0.264790 0.948948
0  -0.340605 -1.620360 66.295845  -0.192692 -0.966659 0.168640  0.263153 0.951823
0  -0.365760 -1.718145 66.999191  -0.185724 -0.926041 -0.328564  0.260465 0.950147
no_material
0  -0.365760 -1.718145 66.999191  -0.185724 -0.926041 -0.328564  0.260465 0.950147
0  -0.340605 -1.620360 66.295845  -0.192692 -0.966659 0.168640  0.263153 0.951823
0  0.366165 -1.704690 67.003654  0.215662 -0.919828 -0.327730  0.258801 0.952575
no_material
0  -0.340605 -1.620360 66.295845  -0.192692 -0.966659 0.168640  0.263153 0.951823
0  0.343755 -1.610640 66.296883  0.218589 -0.961051 0.169114  0.261256 0.954461
0  0.366165 -1.704690 67.003654  0.215662 -0.919828 -0.327730  0.258801 0.952575
no_material
0  0.366165 -1.704690 67.003654  0.215662 -0.919828 -0.327730  0.258801 0.952575
0  0.343755 -1.610640 66.296883  0.218589 -0.961051 0.169114  0.261256 0.954461
0  1.021230 -1.390770 67.014359  0.576226 -0.757714 -0.306322  0.256820 0.954753
no_material
0  0.343755 -1.610640 66.296883  0.218589 -0.961051 0.169114  0.261256 0.954461
0  0.974070 -1.335690 66.295532  0.586787 -0.792912 0.164232  0.259167 0.956955
0  1.021230 -1.390770 67.014359  0.576226 -0.757714 -0.306322  0.256820 0.954753
no_material
0  1.021230 -1.390770 67.014359  0.576226 -0.757714 -0.306322  0.256820 0.954753
0  0.974070 -1.335690 66.295532  0.586787 -0.792912 0.164232  0.259167 0.956955
0  1.491210 -0.857655 67.016922  0.829823 -0.478513 -0.287087  0.254645 0.956820
no_material
0  0.974070 -1.335690 66.295532  0.586787 -0.792912 0.164232  0.259167 0.956955
0  1.431405 -0.821385 66.293915  0.855288 -0.492751 0.160246  0.256860 0.959198
0  1.491210 -0.857655 67.016922  0.829823 -0.478513 -0.287087  0.254645 0.956820
no_material
0  1.491210 -0.857655 67.016922  0.829823 -0.478513 -0.287087  0.254645 0.956820
0  1.431405 -0.821385 66.293915  0.855288 -0.492751 0.160246  0.256860 0.959198
0  1.727145 -0.179460 67.009857  0.952983 -0.102600 -0.285126  0.252393 0.958885
no_material
0  1.431405 -0.821385 66.293915  0.855288 -0.492751 0.160246  0.256860 0.959198
0  1.650420 -0.170865 66.297058  0.982919 -0.099657 0.154719  0.254448 0.961142
0  1.727145 -0.179460 67.009857  0.952983 -0.102600 -0.285126  0.252393 0.958885
no_material
0  2.114145 -0.695160 63.946213  0.887609 -0.283933 0.362675  0.262051 0.969408
0  1.650420 -0.170865 66.297058  0.982919 -0.099657 0.154719  0.254448 0.961142
0  1.431405 -0.821385 66.293915  0.855288 -0.492751 0.160246  0.256860 0.959198
no_material
0  2.114145 -0.695160 63.946213  0.887609 -0.283933 0.362675  0.262051 0.969408
0  2.208330 -0.236925 63.944908  0.916553 -0.081688 0.391481  0.260149 0.970390
0  1.650420 -0.170865 66.297058  0.982919 -0.099657 0.154719  0.254448 0.961142
no_material
0  2.563065 -1.515915 62.679012  0.707991 -0.402688 0.580165  0.267504 0.974190
0  3.778740 -2.239560 60.854397  0.720894 -0.394125 0.570069  0.272005 0.983452
0  4.001895 -1.330335 61.055145  0.792576 -0.230228 0.564640  0.267952 0.983870
no_material
0  2.810250 -0.937260 62.678295  0.781835 -0.240833 0.575094  0.264914 0.975416
0  2.563065 -1.515915 62.679012  0.707991 -0.402688 0.580165  0.267504 0.974190
0  4.001895 -1.330335 61.055145  0.792576 -0.230228 0.564640  0.267952 0.983870
no_material
0  2.810250 -0.937260 62.678295  0.781835 -0.240833 0.575094  0.264914 0.975416
0  2.114145 -0.695160 63.946213  0.887609 -0.283933 0.362675  0.262051 0.969408
0  2.563065 -1.515915 62.679012  0.707991 -0.402688 0.580165  0.267504 0.974190
no_material
0  2.114145 -0.695160 63.946213  0.887609 -0.283933 0.362675  0.262051 0.969408
0  1.923885 -1.128870 63.947205  0.799673 -0.446689 0.401239  0.263950 0.968246
0  2.563065 -1.515915 62.679012  0.707991 -0.402688 0.580165  0.267504 0.974190
no_material
0  1.923885 -1.128870 63.947205  0.799673 -0.446689 0.401239  0.263950 0.968246
0  2.114145 -0.695160 63.946213  0.887609 -0.283933 0.362675  0.262051 0.969408
0  1.431405 -0.821385 66.293915  0.855288 -0.492751 0.160246  0.256860 0.959198
no_material
0  1.651680 -1.514385 63.948509  0.698852 -0.610704 0.372352  0.265819 0.966916
0  1.923885 -1.128870 63.947205  0.799673 -0.446689 0.401239  0.263950 0.968246
0  1.431405 -0.821385 66.293915  0.855288 -0.492751 0.160246  0.256860 0.959198
no_material
0  1.651680 -1.514385 63.948509  0.698852 -0.610704 0.372352  0.265819 0.966916
0  1.431405 -0.821385 66.293915  0.855288 -0.492751 0.160246  0.256860 0.959198
0  0.974070 -1.335690 66.295532  0.586787 -0.792912 0.164232  0.259167 0.956955
no_material
0  1.311390 -1.827225 63.953503  0.549496 -0.728102 0.409783  0.267560 0.965428
0  1.651680 -1.514385 63.948509  0.698852 -0.610704 0.372352  0.265819 0.966916
0  0.974070 -1.335690 66.295532  0.586787 -0.792912 0.164232  0.259167 0.956955
no_material
0  1.651680 -1.514385 63.948509  0.698852 -0.610704 0.372352  0.265819 0.966916
0  1.311390 -1.827225 63.953503  0.549496 -0.728102 0.409783  0.267560 0.965428
0  1.743660 -2.462850 62.682838  0.482093 -0.648510 0.589084  0.272421 0.970890
no_material
0  2.202750 -2.037555 62.684593  0.604918 -0.541747 0.583596  0.270035 0.972657
0  1.651680 -1.514385 63.948509  0.698852 -0.610704 0.372352  0.265819 0.966916
0  1.743660 -2.462850 62.682838  0.482093 -0.648510 0.589084  0.272421 0.970890
no_material
0  2.202750 -2.037555 62.684593  0.604918 -0.541747 0.583596  0.270035 0.972657
0  1.743660 -2.462850 62.682838  0.482093 -0.648510 0.589084  0.272421 0.970890
0  2.926395 -4.094550 60.040169  0.501146 -0.636980 0.585755  0.281528 0.983093
no_material
0  3.417210 -3.167505 60.513527  0.619767 -0.533220 0.575818  0.276519 0.983204
0  2.202750 -2.037555 62.684593  0.604918 -0.541747 0.583596  0.270035 0.972657
0  2.926395 -4.094550 60.040169  0.501146 -0.636980 0.585755  0.281528 0.983093
no_material
0  2.202750 -2.037555 62.684593  0.604918 -0.541747 0.583596  0.270035 0.972657
0  3.417210 -3.167505 60.513527  0.619767 -0.533220 0.575818  0.276519 0.983204
0  3.778740 -2.239560 60.854397  0.720894 -0.394125 0.570069  0.272005 0.983452
no_material
0  2.563065 -1.515915 62.679012  0.707991 -0.402688 0.580165  0.267504 0.974190
0  2.202750 -2.037555 62.684593  0.604918 -0.541747 0.583596  0.270035 0.972657
0  3.778740 -2.239560 60.854397  0.720894 -0.394125 0.570069  0.272005 0.983452
no_material
0  2.563065 -1.515915 62.679012  0.707991 -0.402688 0.580165  0.267504 0.974190
0  1.923885 -1.128870 63.947205  0.799673 -0.446689 0.401239  0.263950 0.968246
0  2.202750 -2.037555 62.684593  0.604918 -0.541747 0.583596  0.270035 0.972657
no_material
0  1.923885 -1.128870 63.947205  0.799673 -0.446689 0.401239  0.263950 0.968246
0  1.651680 -1.514385 63.948509  0.698852 -0.610704 0.372352  0.265819 0.966916
0  2.202750 -2.037555 62.684593  0.604918 -0.541747 0.583596  0.270035 0.972657
no_material
0  2.208330 -0.236925 63.944908  0.916553 -0.081688 0.391481  0.260149 0.970390
0  2.114145 -0.695160 63.946213  0.887609 -0.283933 0.362675  0.262051 0.969408
0  2.810250 -0.937260 62.678295  0.781835 -0.240833 0.575094  0.264914 0.975416
no_material
0  2.933325 -0.317340 62.673393  0.820465 -0.064115 0.568089  0.262297 0.976347
0  2.208330 -0.236925 63.944908  0.916553 -0.081688 0.391481  0.260149 0.970390
0  2.810250 -0.937260 62.678295  0.781835 -0.240833 0.575094  0.264914 0.975416
no_material
0  2.933325 -0.317340 62.673393  0.820465 -0.064115 0.568089  0.262297 0.976347
0  2.810250 -0.937260 62.678295  0.781835 -0.240833 0.575094  0.264914 0.975416
0  4.089600 -0.436950 61.139656  0.826881 -0.057914 0.559388  0.264145 0.984440
no_material
0  2.810250 -0.937260 62.678295  0.781835 -0.240833 0.575094  0.264914 0.975416
0  4.001895 -1.330335 61.055145  0.792576 -0.230228 0.564640  0.267952 0.983870
0  4.089600 -0.436950 61.139656  0.826881 -0.057914 0.559388  0.264145 0.984440
no_material
0  4.089600 -0.436950 61.139656  0.826881 -0.057914 0.559388  0.264145 0.984440
0  4.001895 -1.330335 61.055145  0.792576 -0.230228 0.564640  0.267952 0.983870
0  4.162860 -0.448875 60.863132  0.992292 -0.028894 -0.120509  0.264459 0.985636
no_material
0  4.001895 -1.330335 61.055145  0.792576 -0.230228 0.564640  0.267952 0.983870
0  4.086810 -1.359270 60.746986  0.983254 -0.131429 -0.126246  0.268382 0.985175
0  4.162860 -0.448875 60.863132  0.992292 -0.028894 -0.120509  0.264459 0.985636
no_material
0  4.001895 -1.330335 61.055145  0.792576 -0.230228 0.564640  0.267952 0.983870
0  3.778740 -2.239560 60.854397  0.720894 -0.394125 0.570069  0.272005 0.983452
0  4.086810 -1.359270 60.746986  0.983254 -0.131429 -0.126246  0.268382 0.985175
no_material
0  3.778740 -2.239560 60.854397  0.720894 -0.394125 0.570069  0.272005 0.983452
0  3.883905 -2.298060 60.509117  0.963333 -0.244968 -0.109454  0.272617 0.984899
0  4.086810 -1.359270 60.746986  0.983254 -0.131429 -0.126246  0.268382 0.985175
no_material
0  3.778740 -2.239560 60.854397  0.720894 -0.394125 0.570069  0.272005 0.983452
0  3.417210 -3.167505 60.513527  0.619767 -0.533220 0.575818  0.276519 0.983204
0  3.883905 -2.298060 60.509117  0.963333 -0.244968 -0.109454  0.272617 0.984899
no_material
0  3.417210 -3.167505 60.513527  0.619767 -0.533220 0.575818  0.276519 0.983204
0  3.541680 -3.270780 60.122704  0.932569 -0.352597 -0.077399  0.277375 0.984827
0  3.883905 -2.298060 60.509117  0.963333 -0.244968 -0.109454  0.272617 0.984899
no_material
0  3.541680 -3.270780 60.122704  0.932569 -0.352597 -0.077399  0.277375 0.984827
0  3.417210 -3.167505 60.513527  0.619767 -0.533220 0.575818  0.276519 0.983204
0  3.084255 -4.272300 59.577435  0.892816 -0.448640 -0.040020  0.282734 0.985024
no_material
0  3.417210 -3.167505 60.513527  0.619767 -0.533220 0.575818  0.276519 0.983204
0  2.926395 -4.094550 60.040169  0.501146 -0.636980 0.585755  0.281528 0.983093
0  3.084255 -4.272300 59.577435  0.892816 -0.448640 -0.040020  0.282734 0.985024
no_material
0  3.084255 -4.272300 59.577435  0.892816 -0.448640 -0.040020  0.282734 0.985024
0  2.926395 -4.094550 60.040169  0.501146 -0.636980 0.585755  0.281528 0.983093
0  2.258010 -5.221080 59.287907  0.370473 -0.709855 0.599046  0.288126 0.983360
no_material
0  2.926395 -4.094550 60.040169  0.501146 -0.636980 0.585755  0.281528 0.983093
0  1.743660 -2.462850 62.682838  0.482093 -0.648510 0.589084  0.272421 0.970890
0  2.258010 -5.221080 59.287907  0.370473 -0.709855 0.599046  0.288126 0.983360
no_material
0  1.743660 -2.462850 62.682838  0.482093 -0.648510 0.589084  0.272421 0.970890
0  1.207935 -2.780190 62.684055  0.347920 -0.720142 0.600290  0.274627 0.968879
0  2.258010 -5.221080 59.287907  0.370473 -0.709855 0.599046  0.288126 0.983360
no_material
0  1.743660 -2.462850 62.682838  0.482093 -0.648510 0.589084  0.272421 0.970890
0  1.311390 -1.827225 63.953503  0.549496 -0.728102 0.409783  0.267560 0.965428
0  1.207935 -2.780190 62.684055  0.347920 -0.720142 0.600290  0.274627 0.968879
no_material
0  1.311390 -1.827225 63.953503  0.549496 -0.728102 0.409783  0.267560 0.965428
0  0.913275 -2.071350 63.955849  0.392708 -0.837906 0.379069  0.269252 0.963794
0  1.207935 -2.780190 62.684055  0.347920 -0.720142 0.600290  0.274627 0.968879
no_material
0  0.913275 -2.071350 63.955849  0.392708 -0.837906 0.379069  0.269252 0.963794
0  1.311390 -1.827225 63.953503  0.549496 -0.728102 0.409783  0.267560 0.965428
0  0.974070 -1.335690 66.295532  0.586787 -0.792912 0.164232  0.259167 0.956955
no_material
0  0.003600 -8.661735 54.373005  -0.061160 -0.488116 0.870633  0.222023 0.928642
0  -0.798705 -8.586135 54.396858  0.097915 -0.548323 0.830515  0.226045 0.928156
0  -0.897975 -8.741520 54.237377  -0.071751 -0.872648 0.483050  0.226589 0.929270
no_material
0  -0.001710 -8.836020 54.204117  -0.006957 -0.880532 0.473936  0.222136 0.929821
0  0.003600 -8.661735 54.373005  -0.061160 -0.488116 0.870633  0.222023 0.928642
0  -0.897975 -8.741520 54.237377  -0.071751 -0.872648 0.483050  0.226589 0.929270
no_material
0  0.820620 -8.518410 54.540451  -0.228930 -0.524648 0.819960  0.217883 0.928011
0  0.003600 -8.661735 54.373005  -0.061160 -0.488116 0.870633  0.222023 0.928642
0  -0.001710 -8.836020 54.204117  -0.006957 -0.880532 0.473936  0.222136 0.929821
no_material
0  0.954675 -8.705385 54.383354  0.044451 -0.878403 0.475849  0.217410 0.929291
0  0.820620 -8.518410 54.540451  -0.228930 -0.524648 0.819960  0.217883 0.928011
0  -0.001710 -8.836020 54.204117  -0.006957 -0.880532 0.473936  0.222136 0.929821
no_material
0  1.735155 -8.139645 55.202850  -0.397780 -0.548784 0.735260  0.212630 0.925324
0  0.820620 -8.518410 54.540451  -0.228930 -0.524648 0.819960  0.217883 0.928011
0  0.954675 -8.705385 54.383354  0.044451 -0.878403 0.475849  0.217410 0.929291
no_material
0  1.872405 -8.290665 55.059071  0.206482 -0.905769 0.370064  0.212254 0.926475
0  1.735155 -8.139645 55.202850  -0.397780 -0.548784 0.735260  0.212630 0.925324
0  0.954675 -8.705385 54.383354  0.044451 -0.878403 0.475849  0.217410 0.929291
no_material
0  -0.798705 -8.586135 54.396858  0.097915 -0.548323 0.830515  0.226045 0.928156
0  -1.073610 -8.460900 54.554222  0.459171 -0.691457 0.557719  0.227400 0.927081
0  -1.315035 -8.558550 54.557732  0.005384 -0.937001 0.349286  0.228690 0.927362
no_material
0  -0.897975 -8.741520 54.237377  -0.071751 -0.872648 0.483050  0.226589 0.929270
0  -0.798705 -8.586135 54.396858  0.097915 -0.548323 0.830515  0.226045 0.928156
0  -1.315035 -8.558550 54.557732  0.005384 -0.937001 0.349286  0.228690 0.927362
no_material
0  -1.772460 -8.736525 53.924580  -0.227152 -0.962161 0.150493  0.231143 0.930623
0  -0.897975 -8.741520 54.237377  -0.071751 -0.872648 0.483050  0.226589 0.929270
0  -1.315035 -8.558550 54.557732  0.005384 -0.937001 0.349286  0.228690 0.927362
no_material
0  -0.001710 -8.836020 54.204117  -0.006957 -0.880532 0.473936  0.222136 0.929821
0  -0.897975 -8.741520 54.237377  -0.071751 -0.872648 0.483050  0.226589 0.929270
0  -1.772460 -8.736525 53.924580  -0.227152 -0.962161 0.150493  0.231143 0.930623
no_material
0  -0.001395 -8.961210 53.941864  0.001451 -0.998457 0.055511  0.222239 0.931197
0  -0.001710 -8.836020 54.204117  -0.006957 -0.880532 0.473936  0.222136 0.929821
0  -1.772460 -8.736525 53.924580  -0.227152 -0.962161 0.150493  0.231143 0.930623
no_material
0  0.954675 -8.705385 54.383354  0.044451 -0.878403 0.475849  0.217410 0.929291
0  -0.001710 -8.836020 54.204117  -0.006957 -0.880532 0.473936  0.222136 0.929821
0  -0.001395 -8.961210 53.941864  0.001451 -0.998457 0.055511  0.222239 0.931197
no_material
0  1.777680 -8.752005 53.926289  0.236552 -0.961980 0.136521  0.213871 0.931924
0  0.954675 -8.705385 54.383354  0.044451 -0.878403 0.475849  0.217410 0.929291
0  -0.001395 -8.961210 53.941864  0.001451 -0.998457 0.055511  0.222239 0.931197
no_material
0  1.777680 -8.752005 53.926289  0.236552 -0.961980 0.136521  0.213871 0.931924
0  1.872405 -8.290665 55.059071  0.206482 -0.905769 0.370064  0.212254 0.926475
0  0.954675 -8.705385 54.383354  0.044451 -0.878403 0.475849  0.217410 0.929291
no_material
0  1.872405 -8.290665 55.059071  0.206482 -0.905769 0.370064  0.212254 0.926475
0  1.777680 -8.752005 53.926289  0.236552 -0.961980 0.136521  0.213871 0.931924
0  2.431710 -7.840305 55.870918  0.203312 -0.893694 0.399969  0.208223 0.923282
no_material
0  1.735155 -8.139645 55.202850  -0.397780 -0.548784 0.735260  0.212630 0.925324
0  1.872405 -8.290665 55.059071  0.206482 -0.905769 0.370064  0.212254 0.926475
0  2.431710 -7.840305 55.870918  0.203312 -0.893694 0.399969  0.208223 0.923282
no_material
0  2.184615 -7.735050 55.878883  -0.527701 -0.480542 0.700436  0.209211 0.922486
0  1.735155 -8.139645 55.202850  -0.397780 -0.548784 0.735260  0.212630 0.925324
0  2.431710 -7.840305 55.870918  0.203312 -0.893694 0.399969  0.208223 0.923282
no_material
0  2.728485 -6.979905 56.792160  -0.498002 -0.396712 0.771112  0.204380 0.918564
0  2.184615 -7.735050 55.878883  -0.527701 -0.480542 0.700436  0.209211 0.922486
0  2.431710 -7.840305 55.870918  0.203312 -0.893694 0.399969  0.208223 0.923282
no_material
0  3.025620 -7.121880 56.761288  0.298175 -0.719904 0.626761  0.203462 0.919822
0  2.728485 -6.979905 56.792160  -0.498002 -0.396712 0.771112  0.204380 0.918564
0  2.431710 -7.840305 55.870918  0.203312 -0.893694 0.399969  0.208223 0.923282
no_material
0  3.732660 -5.330610 58.150261  -0.429617 -0.361028 0.827701  0.194480 0.913378
0  2.728485 -6.979905 56.792160  -0.498002 -0.396712 0.771112  0.204380 0.918564
0  3.025620 -7.121880 56.761288  0.298175 -0.719904 0.626761  0.203462 0.919822
no_material
0  4.018185 -5.362875 58.099277  0.451174 -0.648108 0.613513  0.193677 0.914494
0  3.732660 -5.330610 58.150261  -0.429617 -0.361028 0.827701  0.194480 0.913378
0  3.025620 -7.121880 56.761288  0.298175 -0.719904 0.626761  0.203462 0.919822
no_material
0  4.732065 -6.749370 55.878391  0.550119 -0.718700 0.425251  0.197407 0.925653
0  4.018185 -5.362875 58.099277  0.451174 -0.648108 0.613513  0.193677 0.914494
0  3.025620 -7.121880 56.761288  0.298175 -0.719904 0.626761  0.203462 0.919822
no_material
0  3.269565 -7.610580 55.873932  0.409769 -0.823522 0.392301  0.204434 0.924319
0  4.732065 -6.749370 55.878391  0.550119 -0.718700 0.425251  0.197407 0.925653
0  3.025620 -7.121880 56.761288  0.298175 -0.719904 0.626761  0.203462 0.919822
no_material
0  4.732065 -6.749370 55.878391  0.550119 -0.718700 0.425251  0.197407 0.925653
0  3.269565 -7.610580 55.873932  0.409769 -0.823522 0.392301  0.204434 0.924319
0  3.470220 -8.161380 53.922508  0.414799 -0.895555 0.161006  0.206118 0.932845
no_material
0  3.269565 -7.610580 55.873932  0.409769 -0.823522 0.392301  0.204434 0.924319
0  2.431710 -7.840305 55.870918  0.203312 -0.893694 0.399969  0.208223 0.923282
0  1.777680 -8.752005 53.926289  0.236552 -0.961980 0.136521  0.213871 0.931924
no_material
0  3.025620 -7.121880 56.761288  0.298175 -0.719904 0.626761  0.203462 0.919822
0  2.431710 -7.840305 55.870918  0.203312 -0.893694 0.399969  0.208223 0.923282
0  3.269565 -7.610580 55.873932  0.409769 -0.823522 0.392301  0.204434 0.924319
no_material
0  3.732660 -5.330610 58.150261  -0.429647 -0.360998 0.827698  0.690891 0.338119
0  4.257090 -3.950595 58.919399  -0.336796 -0.306677 0.890235  0.686942 0.332208
0  3.922560 -3.734505 58.683826  -0.777688 -0.041551 0.627276  0.688668 0.331244
no_material
0  3.428550 -5.060205 57.964951  -0.807112 -0.023728 0.589921  0.692365 0.336909
0  3.732660 -5.330610 58.150261  -0.429647 -0.360998 0.827698  0.690891 0.338119
0  3.922560 -3.734505 58.683826  -0.777688 -0.041551 0.627276  0.688668 0.331244
no_material
0  2.728485 -6.979905 56.792160  -0.498044 -0.396691 0.771096  0.698083 0.345171
0  3.732660 -5.330610 58.150261  -0.429647 -0.360998 0.827698  0.690891 0.338119
0  3.428550 -5.060205 57.964951  -0.807112 -0.023728 0.589921  0.692365 0.336909
no_material
0  4.257090 -3.950595 58.919399  -0.336796 -0.306677 0.890235  0.686942 0.332208
0  4.595130 -2.733435 59.368454  -0.242414 -0.234826 0.941325  0.684526 0.327007
0  4.243455 -2.580120 59.144039  -0.761427 -0.033566 0.647381  0.686294 0.326310
no_material
0  3.922560 -3.734505 58.683826  -0.777688 -0.041551 0.627276  0.688668 0.331244
0  4.257090 -3.950595 58.919399  -0.336796 -0.306677 0.890235  0.686942 0.332208
0  4.243455 -2.580120 59.144039  -0.761427 -0.033566 0.647381  0.686294 0.326310
no_material
0  4.243455 -2.580120 59.144039  -0.761427 -0.033566 0.647381  0.686294 0.326310
0  3.426300 0.000000 57.962746  -0.821422 0.001764 0.570318  0.692470 0.315306
0  3.922560 -3.734505 58.683826  -0.777688 -0.041551 0.627276  0.688668 0.331244
no_material
0  3.922560 -3.734505 58.683826  -0.777688 -0.041551 0.627276  0.688668 0.331244
0  3.426300 0.000000 57.962746  -0.821422 0.001764 0.570318  0.692470 0.315306
0  3.428550 -5.060205 57.964951  -0.807112 -0.023728 0.589921  0.692365 0.336909
no_material
0  2.495430 -6.643755 56.599155  -0.812383 -0.019288 0.582806  0.699365 0.343730
0  3.428550 -5.060205 57.964951  -0.807112 -0.023728 0.589921  0.692365 0.336909
0  3.426300 0.000000 57.962746  -0.821422 0.001764 0.570318  0.692470 0.315306
no_material
0  2.495430 -6.643755 56.599155  -0.812383 -0.019288 0.582806  0.699365 0.343730
0  2.728485 -6.979905 56.792160  -0.498044 -0.396691 0.771096  0.698083 0.345171
0  3.428550 -5.060205 57.964951  -0.807112 -0.023728 0.589921  0.692365 0.336909
no_material
0  2.184615 -7.735050 55.878883  -0.527694 -0.480541 0.700442  0.702506 0.348506
0  2.728485 -6.979905 56.792160  -0.498044 -0.396691 0.771096  0.698083 0.345171
0  2.495430 -6.643755 56.599155  -0.812383 -0.019288 0.582806  0.699365 0.343730
no_material
0  1.949445 -7.428195 55.785828  -0.793127 -0.025551 0.608520  0.703504 0.347156
0  2.184615 -7.735050 55.878883  -0.527694 -0.480541 0.700442  0.702506 0.348506
0  2.495430 -6.643755 56.599155  -0.812383 -0.019288 0.582806  0.699365 0.343730
no_material
0  1.735155 -8.139645 55.202850  -0.397787 -0.548769 0.735267  0.705795 0.350455
0  2.184615 -7.735050 55.878883  -0.527694 -0.480541 0.700442  0.702506 0.348506
0  1.949445 -7.428195 55.785828  -0.793127 -0.025551 0.608520  0.703504 0.347156
no_material
0  1.519380 -7.836075 55.220352  -0.656520 -0.030710 0.753683  0.706520 0.349042
0  1.735155 -8.139645 55.202850  -0.397787 -0.548769 0.735267  0.705795 0.350455
0  1.949445 -7.428195 55.785828  -0.793127 -0.025551 0.608520  0.703504 0.347156
no_material
0  0.820620 -8.518410 54.540451  -0.228929 -0.524665 0.819950  0.710530 0.352189
0  1.735155 -8.139645 55.202850  -0.397787 -0.548769 0.735267  0.705795 0.350455
0  1.519380 -7.836075 55.220352  -0.656520 -0.030710 0.753683  0.706520 0.349042
no_material
0  0.694035 -8.156520 54.651554  -0.425545 -0.027756 0.904511  0.710882 0.350517
0  0.820620 -8.518410 54.540451  -0.228929 -0.524665 0.819950  0.710530 0.352189
0  1.519380 -7.836075 55.220352  -0.656520 -0.030710 0.753683  0.706520 0.349042
no_material
0  0.003600 -8.661735 54.373005  -0.061159 -0.488128 0.870627  0.714050 0.352719
0  0.820620 -8.518410 54.540451  -0.228929 -0.524665 0.819950  0.710530 0.352189
0  0.694035 -8.156520 54.651554  -0.425545 -0.027756 0.904511  0.710882 0.350517
no_material
0  -0.018315 -8.284679 54.511292  -0.105113 -0.022429 0.994207  0.714057 0.350993
0  0.003600 -8.661735 54.373005  -0.061159 -0.488128 0.870627  0.714050 0.352719
0  0.694035 -8.156520 54.651554  -0.425545 -0.027756 0.904511  0.710882 0.350517
no_material
0  -0.798705 -8.586135 54.396858  0.097906 -0.548323 0.830516  0.717425 0.352318
0  0.003600 -8.661735 54.373005  -0.061159 -0.488128 0.870627  0.714050 0.352719
0  -0.018315 -8.284679 54.511292  -0.105113 -0.022429 0.994207  0.714057 0.350993
no_material
0  -0.711720 -8.203545 54.516827  0.091195 -0.021343 0.995604  0.717061 0.350606
0  -0.798705 -8.586135 54.396858  0.097906 -0.548323 0.830516  0.717425 0.352318
0  -0.018315 -8.284679 54.511292  -0.105113 -0.022429 0.994207  0.714057 0.350993
no_material
0  -1.073610 -8.460900 54.554222  0.459207 -0.691447 0.557700  0.718667 0.351634
0  -0.798705 -8.586135 54.396858  0.097906 -0.548323 0.830516  0.717425 0.352318
0  -0.711720 -8.203545 54.516827  0.091195 -0.021343 0.995604  0.717061 0.350606
no_material
0  -0.930285 -8.112645 54.599804  0.818131 -0.033654 0.574046  0.718053 0.350167
0  -1.073610 -8.460900 54.554222  0.459207 -0.691447 0.557700  0.718667 0.351634
0  -0.711720 -8.203545 54.516827  0.091195 -0.021343 0.995604  0.717061 0.350606
no_material
0  2.487285 -0.000045 56.606083  -0.819616 0.000986 0.572912  0.699550 0.315305
0  2.495430 -6.643755 56.599155  -0.812383 -0.019288 0.582806  0.699365 0.343730
0  3.426300 0.000000 57.962746  -0.821422 0.001764 0.570318  0.692470 0.315306
no_material
0  2.487285 -0.000045 56.606083  -0.819616 0.000986 0.572912  0.699550 0.315305
0  1.905885 0.000090 55.818672  -0.797692 0.000393 0.603066  0.703746 0.315304
0  2.495430 -6.643755 56.599155  -0.812383 -0.019288 0.582806  0.699365 0.343730
no_material
0  1.905885 0.000090 55.818672  -0.797692 0.000393 0.603066  0.703746 0.315304
0  1.949445 -7.428195 55.785828  -0.793127 -0.025551 0.608520  0.703504 0.347156
0  2.495430 -6.643755 56.599155  -0.812383 -0.019288 0.582806  0.699365 0.343730
no_material
0  1.905885 0.000090 55.818672  -0.797692 0.000393 0.603066  0.703746 0.315304
0  1.446075 0.000180 55.289742  -0.660589 0.000063 0.750747  0.706748 0.315303
0  1.949445 -7.428195 55.785828  -0.793127 -0.025551 0.608520  0.703504 0.347156
no_material
0  1.446075 0.000180 55.289742  -0.660589 0.000063 0.750747  0.706748 0.315303
0  1.519380 -7.836075 55.220352  -0.656520 -0.030710 0.753683  0.706520 0.349042
0  1.949445 -7.428195 55.785828  -0.793127 -0.025551 0.608520  0.703504 0.347156
no_material
0  1.446075 0.000180 55.289742  -0.660589 0.000063 0.750747  0.706748 0.315303
0  0.653850 -0.000765 54.715813  -0.430702 -0.000102 0.902494  0.710882 0.315306
0  1.519380 -7.836075 55.220352  -0.656520 -0.030710 0.753683  0.706520 0.349042
no_material
0  0.653850 -0.000765 54.715813  -0.430702 -0.000102 0.902494  0.710882 0.315306
0  0.694035 -8.156520 54.651554  -0.425545 -0.027756 0.904511  0.710882 0.350517
0  1.519380 -7.836075 55.220352  -0.656520 -0.030710 0.753683  0.706520 0.349042
no_material
0  0.653850 -0.000765 54.715813  -0.430702 -0.000102 0.902494  0.710882 0.315306
0  -0.023715 -0.000180 54.549454  -0.106623 -0.000104 0.994300  0.713822 0.315302
0  0.694035 -8.156520 54.651554  -0.425545 -0.027756 0.904511  0.710882 0.350517
no_material
0  -0.023715 -0.000180 54.549454  -0.106623 -0.000104 0.994300  0.713822 0.315302
0  -0.018315 -8.284679 54.511292  -0.105113 -0.022429 0.994207  0.714057 0.350993
0  0.694035 -8.156520 54.651554  -0.425545 -0.027756 0.904511  0.710882 0.350517
no_material
0  3.946050 3.742830 58.684452  -0.768528 0.055504 0.637405  0.688607 0.299347
0  3.426300 0.000000 57.962746  -0.821422 0.001764 0.570318  0.692470 0.315306
0  4.254525 2.582730 59.140892  -0.756635 0.046184 0.652204  0.686277 0.304303
no_material
0  3.453030 5.067540 57.959549  -0.800191 0.032032 0.598889  0.692317 0.293687
0  3.426300 0.000000 57.962746  -0.821422 0.001764 0.570318  0.692470 0.315306
0  3.946050 3.742830 58.684452  -0.768528 0.055504 0.637405  0.688607 0.299347
no_material
0  2.487285 -0.000045 56.606083  -0.819616 0.000986 0.572912  0.699550 0.315305
0  3.426300 0.000000 57.962746  -0.821422 0.001764 0.570318  0.692470 0.315306
0  3.453030 5.067540 57.959549  -0.800191 0.032032 0.598889  0.692317 0.293687
no_material
0  2.504295 6.648750 56.598076  -0.807661 0.024878 0.589123  0.699329 0.286876
0  2.487285 -0.000045 56.606083  -0.819616 0.000986 0.572912  0.699550 0.315305
0  3.453030 5.067540 57.959549  -0.800191 0.032032 0.598889  0.692317 0.293687
no_material
0  2.504295 6.648750 56.598076  -0.807661 0.024878 0.589123  0.699329 0.286876
0  1.955565 7.427700 55.783531  -0.790303 0.028002 0.612076  0.703473 0.283463
0  2.487285 -0.000045 56.606083  -0.819616 0.000986 0.572912  0.699550 0.315305
no_material
0  1.955565 7.427700 55.783531  -0.790303 0.028002 0.612076  0.703473 0.283463
0  1.905885 0.000090 55.818672  -0.797692 0.000393 0.603066  0.703746 0.315304
0  2.487285 -0.000045 56.606083  -0.819616 0.000986 0.572912  0.699550 0.315305
no_material
0  1.955565 7.427700 55.783531  -0.790303 0.028002 0.612076  0.703473 0.283463
0  1.520820 7.835715 55.220352  -0.653774 0.031124 0.756049  0.706492 0.281573
0  1.905885 0.000090 55.818672  -0.797692 0.000393 0.603066  0.703746 0.315304
no_material
0  1.520820 7.835715 55.220352  -0.653774 0.031124 0.756049  0.706492 0.281573
0  1.446075 0.000180 55.289742  -0.660589 0.000063 0.750747  0.706748 0.315303
0  1.905885 0.000090 55.818672  -0.797692 0.000393 0.603066  0.703746 0.315304
no_material
0  1.520820 7.835715 55.220352  -0.653774 0.031124 0.756049  0.706492 0.281573
0  0.692730 8.157150 54.656010  -0.425809 0.028173 0.904375  0.710850 0.280082
0  1.446075 0.000180 55.289742  -0.660589 0.000063 0.750747  0.706748 0.315303
no_material
0  0.692730 8.157150 54.656010  -0.425809 0.028173 0.904375  0.710850 0.280082
0  0.653850 -0.000765 54.715813  -0.430702 -0.000102 0.902494  0.710882 0.315306
0  1.446075 0.000180 55.289742  -0.660589 0.000063 0.750747  0.706748 0.315303
no_material
0  0.692730 8.157150 54.656010  -0.425809 0.028173 0.904375  0.710850 0.280082
0  -0.017685 8.284185 54.509937  -0.105094 0.023188 0.994192  0.714023 0.279597
0  0.653850 -0.000765 54.715813  -0.430702 -0.000102 0.902494  0.710882 0.315306
no_material
0  -0.017685 8.284185 54.509937  -0.105094 0.023188 0.994192  0.714023 0.279597
0  -0.023715 -0.000180 54.549454  -0.106623 -0.000104 0.994300  0.713822 0.315302
0  0.653850 -0.000765 54.715813  -0.430702 -0.000102 0.902494  0.710882 0.315306
no_material
0  -0.023715 -0.000180 54.549454  -0.106623 -0.000104 0.994300  0.713822 0.315302
0  -0.017685 8.284185 54.509937  -0.105094 0.023188 0.994192  0.714023 0.279597
0  -0.709875 8.206651 54.521503  0.100055 0.022138 0.994736  0.717029 0.279962
no_material
0  -0.698670 0.000135 54.553947  0.096260 -0.000658 0.995356  0.716675 0.315300
0  -0.023715 -0.000180 54.549454  -0.106623 -0.000104 0.994300  0.713822 0.315302
0  -0.709875 8.206651 54.521503  0.100055 0.022138 0.994736  0.717029 0.279962
no_material
0  -0.018315 -8.284679 54.511292  -0.105113 -0.022429 0.994207  0.714057 0.350993
0  -0.023715 -0.000180 54.549454  -0.106623 -0.000104 0.994300  0.713822 0.315302
0  -0.698670 0.000135 54.553947  0.096260 -0.000658 0.995356  0.716675 0.315300
no_material
0  -0.711720 -8.203545 54.516827  0.091195 -0.021343 0.995604  0.717061 0.350606
0  -0.018315 -8.284679 54.511292  -0.105113 -0.022429 0.994207  0.714057 0.350993
0  -0.698670 0.000135 54.553947  0.096260 -0.000658 0.995356  0.716675 0.315300
no_material
0  -0.930285 -8.112645 54.599804  0.818131 -0.033654 0.574046  0.718053 0.350167
0  -0.711720 -8.203545 54.516827  0.091195 -0.021343 0.995604  0.717061 0.350606
0  -0.894195 0.000180 54.627525  0.818319 -0.001087 0.574763  0.717574 0.315299
no_material
0  -0.711720 -8.203545 54.516827  0.091195 -0.021343 0.995604  0.717061 0.350606
0  -0.698670 0.000135 54.553947  0.096260 -0.000658 0.995356  0.716675 0.315300
0  -0.894195 0.000180 54.627525  0.818319 -0.001087 0.574763  0.717574 0.315299
no_material
0  -0.894195 0.000180 54.627525  0.818319 -0.001087 0.574763  0.717574 0.315299
0  -0.698670 0.000135 54.553947  0.096260 -0.000658 0.995356  0.716675 0.315300
0  -0.917820 8.117280 54.612854  0.817995 0.033497 0.574250  0.717992 0.280398
no_material
0  -0.698670 0.000135 54.553947  0.096260 -0.000658 0.995356  0.716675 0.315300
0  -0.709875 8.206651 54.521503  0.100055 0.022138 0.994736  0.717029 0.279962
0  -0.917820 8.117280 54.612854  0.817995 0.033497 0.574250  0.717992 0.280398
no_material
0  -0.709875 8.206651 54.521503  0.100055 0.022138 0.994736  0.717029 0.279962
0  -0.798390 8.583750 54.394962  0.105384 0.575891 0.810706  0.717387 0.278260
0  -0.917820 8.117280 54.612854  0.817995 0.033497 0.574250  0.717992 0.280398
no_material
0  0.005355 8.655661 54.363556  -0.059786 0.510330 0.857898  0.714007 0.277880
0  -0.798390 8.583750 54.394962  0.105384 0.575891 0.810706  0.717387 0.278260
0  -0.709875 8.206651 54.521503  0.100055 0.022138 0.994736  0.717029 0.279962
no_material
0  -0.017685 8.284185 54.509937  -0.105094 0.023188 0.994192  0.714023 0.279597
0  0.005355 8.655661 54.363556  -0.059786 0.510330 0.857898  0.714007 0.277880
0  -0.709875 8.206651 54.521503  0.100055 0.022138 0.994736  0.717029 0.279962
no_material
0  0.821205 8.516160 54.539776  -0.225905 0.538989 0.811454  0.710491 0.278415
0  0.005355 8.655661 54.363556  -0.059786 0.510330 0.857898  0.714007 0.277880
0  -0.017685 8.284185 54.509937  -0.105094 0.023188 0.994192  0.714023 0.279597
no_material
0  0.692730 8.157150 54.656010  -0.425809 0.028173 0.904375  0.710850 0.280082
0  0.821205 8.516160 54.539776  -0.225905 0.538989 0.811454  0.710491 0.278415
0  -0.017685 8.284185 54.509937  -0.105094 0.023188 0.994192  0.714023 0.279597
no_material
0  1.734885 8.135819 55.200554  -0.381275 0.556315 0.738338  0.705772 0.280176
0  0.821205 8.516160 54.539776  -0.225905 0.538989 0.811454  0.710491 0.278415
0  0.692730 8.157150 54.656010  -0.425809 0.028173 0.904375  0.710850 0.280082
no_material
0  1.520820 7.835715 55.220352  -0.653774 0.031124 0.756049  0.706492 0.281573
0  1.734885 8.135819 55.200554  -0.381275 0.556315 0.738338  0.705772 0.280176
0  0.692730 8.157150 54.656010  -0.425809 0.028173 0.904375  0.710850 0.280082
no_material
0  2.193255 7.719885 55.860077  -0.496864 0.494067 0.713459  0.702509 0.282155
0  1.734885 8.135819 55.200554  -0.381275 0.556315 0.738338  0.705772 0.280176
0  1.520820 7.835715 55.220352  -0.653774 0.031124 0.756049  0.706492 0.281573
no_material
0  1.955565 7.427700 55.783531  -0.790303 0.028002 0.612076  0.703473 0.283463
0  2.193255 7.719885 55.860077  -0.496864 0.494067 0.713459  0.702509 0.282155
0  1.520820 7.835715 55.220352  -0.653774 0.031124 0.756049  0.706492 0.281573
no_material
0  2.754675 6.958170 56.754047  -0.464597 0.416363 0.781531  0.698110 0.285520
0  2.193255 7.719885 55.860077  -0.496864 0.494067 0.713459  0.702509 0.282155
0  1.955565 7.427700 55.783531  -0.790303 0.028002 0.612076  0.703473 0.283463
no_material
0  2.504295 6.648750 56.598076  -0.807661 0.024878 0.589123  0.699329 0.286876
0  2.754675 6.958170 56.754047  -0.464597 0.416363 0.781531  0.698110 0.285520
0  1.955565 7.427700 55.783531  -0.790303 0.028002 0.612076  0.703473 0.283463
no_material
0  3.746700 5.295195 58.085907  -0.396888 0.380913 0.835096  0.691027 0.292620
0  2.754675 6.958170 56.754047  -0.464597 0.416363 0.781531  0.698110 0.285520
0  2.504295 6.648750 56.598076  -0.807661 0.024878 0.589123  0.699329 0.286876
no_material
0  3.453030 5.067540 57.959549  -0.800191 0.032032 0.598889  0.692317 0.293687
0  3.746700 5.295195 58.085907  -0.396888 0.380913 0.835096  0.691027 0.292620
0  2.504295 6.648750 56.598076  -0.807661 0.024878 0.589123  0.699329 0.286876
no_material
0  4.269150 3.924945 58.855362  -0.315016 0.325860 0.891392  0.687080 0.298494
0  3.746700 5.295195 58.085907  -0.396888 0.380913 0.835096  0.691027 0.292620
0  3.453030 5.067540 57.959549  -0.800191 0.032032 0.598889  0.692317 0.293687
no_material
0  -0.798390 8.583750 54.394962  0.105384 0.575891 0.810706  0.717387 0.278260
0  -1.069110 8.462971 54.560562  0.453076 0.706537 0.543625  0.718623 0.278934
0  -0.917820 8.117280 54.612854  0.817995 0.033497 0.574250  0.717992 0.280398
no_material
0  3.946050 3.742830 58.684452  -0.768528 0.055504 0.637405  0.688607 0.299347
0  4.269150 3.924945 58.855362  -0.315016 0.325860 0.891392  0.687080 0.298494
0  3.453030 5.067540 57.959549  -0.800191 0.032032 0.598889  0.692317 0.293687
no_material
0  4.600260 2.723625 59.335468  -0.235941 0.253255 0.938186  0.684601 0.303647
0  4.269150 3.924945 58.855362  -0.315016 0.325860 0.891392  0.687080 0.298494
0  3.946050 3.742830 58.684452  -0.768528 0.055504 0.637405  0.688607 0.299347
no_material
0  4.254525 2.582730 59.140892  -0.756635 0.046184 0.652204  0.686277 0.304303
0  4.600260 2.723625 59.335468  -0.235941 0.253255 0.938186  0.684601 0.303647
0  3.946050 3.742830 58.684452  -0.768528 0.055504 0.637405  0.688607 0.299347
no_material
0  4.806855 1.604385 59.632153  -0.120414 0.168440 0.978329  0.683067 0.308442
0  4.600260 2.723625 59.335468  -0.235941 0.253255 0.938186  0.684601 0.303647
0  4.254525 2.582730 59.140892  -0.756635 0.046184 0.652204  0.686277 0.304303
no_material
0  4.445910 1.511865 59.423309  -0.744604 0.030015 0.666832  0.684841 0.308870
0  4.806855 1.604385 59.632153  -0.120414 0.168440 0.978329  0.683067 0.308442
0  4.254525 2.582730 59.140892  -0.756635 0.046184 0.652204  0.686277 0.304303
no_material
0  4.912875 0.530595 59.769718  -0.031512 0.060301 0.997683  0.682320 0.313033
0  4.806855 1.604385 59.632153  -0.120414 0.168440 0.978329  0.683067 0.308442
0  4.445910 1.511865 59.423309  -0.744604 0.030015 0.666832  0.684841 0.308870
no_material
0  4.554135 0.497205 59.573116  -0.735752 0.008952 0.677192  0.684063 0.313189
0  4.912875 0.530595 59.769718  -0.031512 0.060301 0.997683  0.682320 0.313033
0  4.445910 1.511865 59.423309  -0.744604 0.030015 0.666832  0.684841 0.308870
no_material
0  4.912650 -0.530460 59.765808  -0.031841 -0.059103 0.997744  0.682325 0.317571
0  4.912875 0.530595 59.769718  -0.031512 0.060301 0.997683  0.682320 0.313033
0  4.554135 0.497205 59.573116  -0.735752 0.008952 0.677192  0.684063 0.313189
no_material
0  4.555260 -0.497205 59.572666  -0.735511 -0.008294 0.677462  0.684061 0.317420
0  4.912650 -0.530460 59.765808  -0.031841 -0.059103 0.997744  0.682325 0.317571
0  4.554135 0.497205 59.573116  -0.735752 0.008952 0.677192  0.684063 0.313189
no_material
0  4.805910 -1.606185 59.638817  -0.121961 -0.156699 0.980087  0.683044 0.322180
0  4.912650 -0.530460 59.765808  -0.031841 -0.059103 0.997744  0.682325 0.317571
0  4.555260 -0.497205 59.572666  -0.735511 -0.008294 0.677462  0.684061 0.317420
no_material
0  4.443705 -1.511055 59.424030  -0.745165 -0.022485 0.666501  0.684842 0.321744
0  4.805910 -1.606185 59.638817  -0.121961 -0.156699 0.980087  0.683044 0.322180
0  4.555260 -0.497205 59.572666  -0.735511 -0.008294 0.677462  0.684061 0.317420
no_material
0  4.595130 -2.733435 59.368454  -0.242414 -0.234826 0.941325  0.684526 0.327007
0  4.805910 -1.606185 59.638817  -0.121961 -0.156699 0.980087  0.683044 0.322180
0  4.443705 -1.511055 59.424030  -0.745165 -0.022485 0.666501  0.684842 0.321744
no_material
0  4.243455 -2.580120 59.144039  -0.761427 -0.033566 0.647381  0.686294 0.326310
0  4.595130 -2.733435 59.368454  -0.242414 -0.234826 0.941325  0.684526 0.327007
0  4.443705 -1.511055 59.424030  -0.745165 -0.022485 0.666501  0.684842 0.321744
no_material
0  4.443705 -1.511055 59.424030  -0.745165 -0.022485 0.666501  0.684842 0.321744
0  3.426300 0.000000 57.962746  -0.821422 0.001764 0.570318  0.692470 0.315306
0  4.243455 -2.580120 59.144039  -0.761427 -0.033566 0.647381  0.686294 0.326310
no_material
0  4.555260 -0.497205 59.572666  -0.735511 -0.008294 0.677462  0.684061 0.317420
0  3.426300 0.000000 57.962746  -0.821422 0.001764 0.570318  0.692470 0.315306
0  4.443705 -1.511055 59.424030  -0.745165 -0.022485 0.666501  0.684842 0.321744
no_material
0  4.554135 0.497205 59.573116  -0.735752 0.008952 0.677192  0.684063 0.313189
0  3.426300 0.000000 57.962746  -0.821422 0.001764 0.570318  0.692470 0.315306
0  4.555260 -0.497205 59.572666  -0.735511 -0.008294 0.677462  0.684061 0.317420
no_material
0  4.445910 1.511865 59.423309  -0.744604 0.030015 0.666832  0.684841 0.308870
0  3.426300 0.000000 57.962746  -0.821422 0.001764 0.570318  0.692470 0.315306
0  4.554135 0.497205 59.573116  -0.735752 0.008952 0.677192  0.684063 0.313189
no_material
0  4.254525 2.582730 59.140892  -0.756635 0.046184 0.652204  0.686277 0.304303
0  3.426300 0.000000 57.962746  -0.821422 0.001764 0.570318  0.692470 0.315306
0  4.445910 1.511865 59.423309  -0.744604 0.030015 0.666832  0.684841 0.308870
no_material
0  -5.300550 11.902950 5.394780  -0.400418 0.912046 0.088534  0.455160 0.200777
0  -5.528565 12.417390 6.719580  -0.383506 0.899946 -0.207413  0.460932 0.201927
0  -2.710665 12.746655 5.396625  -0.208415 0.973533 0.093789  0.452927 0.211998
no_material
0  -8.040915 11.073600 6.696585  -0.553109 0.799941 -0.232733  0.463273 0.190743
0  -5.528565 12.417390 6.719580  -0.383506 0.899946 -0.207413  0.460932 0.201927
0  -5.300550 11.902950 5.394780  -0.400418 0.912046 0.088534  0.455160 0.200777
no_material
0  -8.040915 11.073600 6.696585  -0.553109 0.799941 -0.232733  0.463273 0.190743
0  -8.049914 11.086560 8.087174  -0.551787 0.808564 0.204340  0.468718 0.191945
0  -5.528565 12.417390 6.719580  -0.383506 0.899946 -0.207413  0.460932 0.201927
no_material
0  -10.236465 9.205065 8.105850  -0.725419 0.656607 0.206478  0.471456 0.180899
0  -8.049914 11.086560 8.087174  -0.551787 0.808564 0.204340  0.468718 0.191945
0  -8.040915 11.073600 6.696585  -0.553109 0.799941 -0.232733  0.463273 0.190743
no_material
0  -10.226565 9.202140 6.675480  -0.718177 0.651365 -0.244837  0.465926 0.179539
0  -10.236465 9.205065 8.105850  -0.725419 0.656607 0.206478  0.471456 0.180899
0  -8.040915 11.073600 6.696585  -0.553109 0.799941 -0.232733  0.463273 0.190743
no_material
0  -10.226565 9.202140 6.675480  -0.718177 0.651365 -0.244837  0.465926 0.179539
0  -8.040915 11.073600 6.696585  -0.553109 0.799941 -0.232733  0.463273 0.190743
0  -7.661430 10.544129 5.391405  -0.577507 0.814082 0.061282  0.457359 0.189488
no_material
0  -9.697545 8.729956 5.399235  -0.738873 0.672214 0.046841  0.459916 0.178031
0  -10.226565 9.202140 6.675480  -0.718177 0.651365 -0.244837  0.465926 0.179539
0  -7.661430 10.544129 5.391405  -0.577507 0.814082 0.061282  0.457359 0.189488
no_material
0  -7.661430 10.544129 5.391405  -0.577507 0.814082 0.061282  0.457359 0.189488
0  -8.040915 11.073600 6.696585  -0.553109 0.799941 -0.232733  0.463273 0.190743
0  -5.300550 11.902950 5.394780  -0.400418 0.912046 0.088534  0.455160 0.200777
no_material
0  -10.236465 9.205065 8.105850  -0.725419 0.656607 0.206478  0.471456 0.180899
0  -9.794925 8.815186 9.369135  -0.617312 0.558980 0.553594  0.476849 0.182358
0  -8.049914 11.086560 8.087174  -0.551787 0.808564 0.204340  0.468718 0.191945
no_material
0  -2.710665 12.746655 5.396625  -0.208415 0.973533 0.093789  0.452927 0.211998
0  -2.824335 13.287511 6.721380  -0.206710 0.959174 -0.193022  0.458750 0.213131
0  -0.000765 13.052430 5.397525  0.002649 0.996333 0.085517  0.450812 0.223360
no_material
0  -5.528565 12.417390 6.719580  -0.383506 0.899946 -0.207413  0.460932 0.201927
0  -2.824335 13.287511 6.721380  -0.206710 0.959174 -0.193022  0.458750 0.213131
0  -2.710665 12.746655 5.396625  -0.208415 0.973533 0.093789  0.452927 0.211998
no_material
0  -5.528565 12.417390 6.719580  -0.383506 0.899946 -0.207413  0.460932 0.201927
0  -5.524605 12.409651 8.053020  -0.376564 0.903331 0.205407  0.466226 0.202999
0  -2.824335 13.287511 6.721380  -0.206710 0.959174 -0.193022  0.458750 0.213131
no_material
0  -8.049914 11.086560 8.087174  -0.551787 0.808564 0.204340  0.468718 0.191945
0  -5.524605 12.409651 8.053020  -0.376564 0.903331 0.205407  0.466226 0.202999
0  -5.528565 12.417390 6.719580  -0.383506 0.899946 -0.207413  0.460932 0.201927
no_material
0  -8.049914 11.086560 8.087174  -0.551787 0.808564 0.204340  0.468718 0.191945
0  -7.718130 10.625850 9.338625  -0.476499 0.689044 0.546047  0.474110 0.193244
0  -5.524605 12.409651 8.053020  -0.376564 0.903331 0.205407  0.466226 0.202999
no_material
0  -9.794925 8.815186 9.369135  -0.617312 0.558980 0.553594  0.476849 0.182358
0  -7.718130 10.625850 9.338625  -0.476499 0.689044 0.546047  0.474110 0.193244
0  -8.049914 11.086560 8.087174  -0.551787 0.808564 0.204340  0.468718 0.191945
no_material
0  -9.794925 8.815186 9.369135  -0.617312 0.558980 0.553594  0.476849 0.182358
0  -8.092620 7.285320 12.336884  -0.629250 0.569470 0.528912  0.493074 0.186636
0  -7.718130 10.625850 9.338625  -0.476499 0.689044 0.546047  0.474110 0.193244
no_material
0  -0.000765 13.052430 5.397525  0.002649 0.996333 0.085517  0.450812 0.223360
0  -0.000225 13.612590 6.715170  0.001105 0.981445 -0.191738  0.456728 0.224358
0  2.707425 12.734685 5.386635  0.214836 0.973113 0.083048  0.449033 0.234780
no_material
0  -2.824335 13.287511 6.721380  -0.206710 0.959174 -0.193022  0.458750 0.213131
0  -0.000225 13.612590 6.715170  0.001105 0.981445 -0.191738  0.456728 0.224358
0  -0.000765 13.052430 5.397525  0.002649 0.996333 0.085517  0.450812 0.223360
no_material
0  -2.824335 13.287511 6.721380  -0.206710 0.959174 -0.193022  0.458750 0.213131
0  -2.815740 13.248944 8.045145  -0.204419 0.956334 0.208896  0.464022 0.214132
0  -0.000225 13.612590 6.715170  0.001105 0.981445 -0.191738  0.456728 0.224358
no_material
0  -5.524605 12.409651 8.053020  -0.376564 0.903331 0.205407  0.466226 0.202999
0  -2.815740 13.248944 8.045145  -0.204419 0.956334 0.208896  0.464022 0.214132
0  -2.824335 13.287511 6.721380  -0.206710 0.959174 -0.193022  0.458750 0.213131
no_material
0  -5.524605 12.409651 8.053020  -0.376564 0.903331 0.205407  0.466226 0.202999
0  -5.308785 11.922390 9.285931  -0.329159 0.780140 0.532010  0.471574 0.204159
0  -2.815740 13.248944 8.045145  -0.204419 0.956334 0.208896  0.464022 0.214132
no_material
0  -7.718130 10.625850 9.338625  -0.476499 0.689044 0.546047  0.474110 0.193244
0  -5.308785 11.922390 9.285931  -0.329159 0.780140 0.532010  0.471574 0.204159
0  -5.524605 12.409651 8.053020  -0.376564 0.903331 0.205407  0.466226 0.202999
no_material
0  -7.718130 10.625850 9.338625  -0.476499 0.689044 0.546047  0.474110 0.193244
0  -6.400395 8.807850 12.335264  -0.492030 0.697116 0.521475  0.490423 0.197068
0  -5.308785 11.922390 9.285931  -0.329159 0.780140 0.532010  0.471574 0.204159
no_material
0  -8.092620 7.285320 12.336884  -0.629250 0.569470 0.528912  0.493074 0.186636
0  -6.400395 8.807850 12.335264  -0.492030 0.697116 0.521475  0.490423 0.197068
0  -7.718130 10.625850 9.338625  -0.476499 0.689044 0.546047  0.474110 0.193244
no_material
0  -8.092620 7.285320 12.336884  -0.629250 0.569470 0.528912  0.493074 0.186636
0  -7.816590 7.036695 13.677885  -0.741579 0.670479 -0.022770  0.499428 0.188255
0  -6.400395 8.807850 12.335264  -0.492030 0.697116 0.521475  0.490423 0.197068
no_material
0  -9.115425 5.265135 13.677390  -0.864384 0.502305 -0.023007  0.502139 0.177941
0  -7.816590 7.036695 13.677885  -0.741579 0.670479 -0.022770  0.499428 0.188255
0  -8.092620 7.285320 12.336884  -0.629250 0.569470 0.528912  0.493074 0.186636
no_material
0  -9.433755 5.445810 12.339225  -0.739944 0.421005 0.524630  0.495771 0.176250
0  -9.115425 5.265135 13.677390  -0.864384 0.502305 -0.023007  0.502139 0.177941
0  -8.092620 7.285320 12.336884  -0.629250 0.569470 0.528912  0.493074 0.186636
no_material
0  -9.433755 5.445810 12.339225  -0.739944 0.421005 0.524630  0.495771 0.176250
0  -8.092620 7.285320 12.336884  -0.629250 0.569470 0.528912  0.493074 0.186636
0  -9.794925 8.815186 9.369135  -0.617312 0.558980 0.553594  0.476849 0.182358
no_material
0  -11.388600 6.572385 9.348570  -0.730210 0.408639 0.547547  0.479831 0.171515
0  -9.433755 5.445810 12.339225  -0.739944 0.421005 0.524630  0.495771 0.176250
0  -9.794925 8.815186 9.369135  -0.617312 0.558980 0.553594  0.476849 0.182358
no_material
0  -11.388600 6.572385 9.348570  -0.730210 0.408639 0.547547  0.479831 0.171515
0  -9.794925 8.815186 9.369135  -0.617312 0.558980 0.553594  0.476849 0.182358
0  -10.236465 9.205065 8.105850  -0.725419 0.656607 0.206478  0.471456 0.180899
no_material
0  -11.874196 6.849586 8.086950  -0.856253 0.473107 0.207364  0.474435 0.169928
0  -11.388600 6.572385 9.348570  -0.730210 0.408639 0.547547  0.479831 0.171515
0  -10.236465 9.205065 8.105850  -0.725419 0.656607 0.206478  0.471456 0.180899
no_material
0  -11.874196 6.849586 8.086950  -0.856253 0.473107 0.207364  0.474435 0.169928
0  -10.236465 9.205065 8.105850  -0.725419 0.656607 0.206478  0.471456 0.180899
0  -10.226565 9.202140 6.675480  -0.718177 0.651365 -0.244837  0.465926 0.179539
no_material
0  -11.876085 6.856515 6.692985  -0.848285 0.475538 -0.232971  0.468991 0.168406
0  -11.874196 6.849586 8.086950  -0.856253 0.473107 0.207364  0.474435 0.169928
0  -10.226565 9.202140 6.675480  -0.718177 0.651365 -0.244837  0.465926 0.179539
no_material
0  -11.876085 6.856515 6.692985  -0.848285 0.475538 -0.232971  0.468991 0.168406
0  -10.226565 9.202140 6.675480  -0.718177 0.651365 -0.244837  0.465926 0.179539
0  -9.697545 8.729956 5.399235  -0.738873 0.672214 0.046841  0.459916 0.178031
no_material
0  -11.301479 6.526890 5.392440  -0.865290 0.497386 0.062297  0.463120 0.166683
0  -11.876085 6.856515 6.692985  -0.848285 0.475538 -0.232971  0.468991 0.168406
0  -9.697545 8.729956 5.399235  -0.738873 0.672214 0.046841  0.459916 0.178031
no_material
0  2.707425 12.734685 5.386635  0.214836 0.973113 0.083048  0.449033 0.234780
0  2.823345 13.282830 6.722281  0.209716 0.958267 -0.194278  0.454957 0.235620
0  5.286600 11.873880 5.385870  0.407382 0.910614 0.069441  0.447472 0.246093
no_material
0  -0.000225 13.612590 6.715170  0.001105 0.981445 -0.191738  0.456728 0.224358
0  2.823345 13.282830 6.722281  0.209716 0.958267 -0.194278  0.454957 0.235620
0  2.707425 12.734685 5.386635  0.214836 0.973113 0.083048  0.449033 0.234780
no_material
0  -0.000225 13.612590 6.715170  0.001105 0.981445 -0.191738  0.456728 0.224358
0  -0.000180 13.584239 8.053514  0.001226 0.977546 0.210719  0.462004 0.225250
0  2.823345 13.282830 6.722281  0.209716 0.958267 -0.194278  0.454957 0.235620
no_material
0  -2.815740 13.248944 8.045145  -0.204419 0.956334 0.208896  0.464022 0.214132
0  -0.000180 13.584239 8.053514  0.001226 0.977546 0.210719  0.462004 0.225250
0  -0.000225 13.612590 6.715170  0.001105 0.981445 -0.191738  0.456728 0.224358
no_material
0  -2.815740 13.248944 8.045145  -0.204419 0.956334 0.208896  0.464022 0.214132
0  -2.707380 12.742335 9.272160  -0.177095 0.831725 0.526186  0.469347 0.215152
0  -0.000180 13.584239 8.053514  0.001226 0.977546 0.210719  0.462004 0.225250
no_material
0  -5.308785 11.922390 9.285931  -0.329159 0.780140 0.532010  0.471574 0.204159
0  -2.707380 12.742335 9.272160  -0.177095 0.831725 0.526186  0.469347 0.215152
0  -2.815740 13.248944 8.045145  -0.204419 0.956334 0.208896  0.464022 0.214132
no_material
0  -5.308785 11.922390 9.285931  -0.329159 0.780140 0.532010  0.471574 0.204159
0  -4.429395 9.946486 12.333960  -0.341105 0.790620 0.508496  0.487922 0.207630
0  -2.707380 12.742335 9.272160  -0.177095 0.831725 0.526186  0.469347 0.215152
no_material
0  -6.400395 8.807850 12.335264  -0.492030 0.697116 0.521475  0.490423 0.197068
0  -4.429395 9.946486 12.333960  -0.341105 0.790620 0.508496  0.487922 0.207630
0  -5.308785 11.922390 9.285931  -0.329159 0.780140 0.532010  0.471574 0.204159
no_material
0  -6.400395 8.807850 12.335264  -0.492030 0.697116 0.521475  0.490423 0.197068
0  -6.181605 8.506351 13.678335  -0.588564 0.808117 -0.023225  0.496921 0.198677
0  -4.429395 9.946486 12.333960  -0.341105 0.790620 0.508496  0.487922 0.207630
no_material
0  -7.816590 7.036695 13.677885  -0.741579 0.670479 -0.022770  0.499428 0.188255
0  -6.181605 8.506351 13.678335  -0.588564 0.808117 -0.023225  0.496921 0.198677
0  -6.400395 8.807850 12.335264  -0.492030 0.697116 0.521475  0.490423 0.197068
no_material
0  -7.816590 7.036695 13.677885  -0.741579 0.670479 -0.022770  0.499428 0.188255
0  -8.139150 7.326675 15.070770  -0.662492 0.598889 -0.449929  0.506077 0.189983
0  -6.181605 8.506351 13.678335  -0.588564 0.808117 -0.023225  0.496921 0.198677
no_material
0  -9.486135 5.477310 15.070860  -0.774003 0.448461 -0.446993  0.508784 0.179739
0  -8.139150 7.326675 15.070770  -0.662492 0.598889 -0.449929  0.506077 0.189983
0  -7.816590 7.036695 13.677885  -0.741579 0.670479 -0.022770  0.499428 0.188255
no_material
0  -9.115425 5.265135 13.677390  -0.864384 0.502305 -0.023007  0.502139 0.177941
0  -9.486135 5.477310 15.070860  -0.774003 0.448461 -0.446993  0.508784 0.179739
0  -7.816590 7.036695 13.677885  -0.741579 0.670479 -0.022770  0.499428 0.188255
no_material
0  -10.423035 3.385080 15.067260  -0.852848 0.279308 -0.441177  0.511392 0.169513
0  -9.486135 5.477310 15.070860  -0.774003 0.448461 -0.446993  0.508784 0.179739
0  -9.115425 5.265135 13.677390  -0.864384 0.502305 -0.023007  0.502139 0.177941
no_material
0  -10.018440 3.255030 13.682700  -0.949622 0.312522 -0.023413  0.504916 0.167781
0  -10.423035 3.385080 15.067260  -0.852848 0.279308 -0.441177  0.511392 0.169513
0  -9.115425 5.265135 13.677390  -0.864384 0.502305 -0.023007  0.502139 0.177941
no_material
0  -10.018440 3.255030 13.682700  -0.949622 0.312522 -0.023413  0.504916 0.167781
0  -9.115425 5.265135 13.677390  -0.864384 0.502305 -0.023007  0.502139 0.177941
0  -9.433755 5.445810 12.339225  -0.739944 0.421005 0.524630  0.495771 0.176250
no_material
0  -10.364175 3.366360 12.341430  -0.815356 0.261508 0.516535  0.498690 0.165990
0  -10.018440 3.255030 13.682700  -0.949622 0.312522 -0.023413  0.504916 0.167781
0  -9.433755 5.445810 12.339225  -0.739944 0.421005 0.524630  0.495771 0.176250
no_material
0  -10.364175 3.366360 12.341430  -0.815356 0.261508 0.516535  0.498690 0.165990
0  -9.433755 5.445810 12.339225  -0.739944 0.421005 0.524630  0.495771 0.176250
0  -11.388600 6.572385 9.348570  -0.730210 0.408639 0.547547  0.479831 0.171515
no_material
0  2.823345 13.282830 6.722281  0.209716 0.958267 -0.194278  0.454957 0.235620
0  5.524470 12.408031 6.721785  0.389151 0.897372 -0.208050  0.453365 0.246885
0  5.286600 11.873880 5.385870  0.407382 0.910614 0.069441  0.447472 0.246093
no_material
0  2.823345 13.282830 6.722281  0.209716 0.958267 -0.194278  0.454957 0.235620
0  2.814255 13.241251 8.043390  0.207640 0.955299 0.210451  0.460249 0.236401
0  5.524470 12.408031 6.721785  0.389151 0.897372 -0.208050  0.453365 0.246885
no_material
0  -0.000180 13.584239 8.053514  0.001226 0.977546 0.210719  0.462004 0.225250
0  2.814255 13.241251 8.043390  0.207640 0.955299 0.210451  0.460249 0.236401
0  2.823345 13.282830 6.722281  0.209716 0.958267 -0.194278  0.454957 0.235620
no_material
0  -0.000180 13.584239 8.053514  0.001226 0.977546 0.210719  0.462004 0.225250
0  0.000135 13.058189 9.290115  0.001582 0.849590 0.527441  0.467366 0.226162
0  2.814255 13.241251 8.043390  0.207640 0.955299 0.210451  0.460249 0.236401
no_material
0  -2.707380 12.742335 9.272160  -0.177095 0.831725 0.526186  0.469347 0.215152
0  0.000135 13.058189 9.290115  0.001582 0.849590 0.527441  0.467366 0.226162
0  -0.000180 13.584239 8.053514  0.001226 0.977546 0.210719  0.462004 0.225250
no_material
0  -2.707380 12.742335 9.272160  -0.177095 0.831725 0.526186  0.469347 0.215152
0  -2.263770 10.646865 12.331845  -0.179335 0.845337 0.503233  0.485628 0.218281
0  0.000135 13.058189 9.290115  0.001582 0.849590 0.527441  0.467366 0.226162
no_material
0  -4.429395 9.946486 12.333960  -0.341105 0.790620 0.508496  0.487922 0.207630
0  -2.263770 10.646865 12.331845  -0.179335 0.845337 0.503233  0.485628 0.218281
0  -2.707380 12.742335 9.272160  -0.177095 0.831725 0.526186  0.469347 0.215152
no_material
0  -4.429395 9.946486 12.333960  -0.341105 0.790620 0.508496  0.487922 0.207630
0  -4.281795 9.613665 13.678246  -0.406533 0.913330 -0.023642  0.494441 0.209123
0  -2.263770 10.646865 12.331845  -0.179335 0.845337 0.503233  0.485628 0.218281
no_material
0  -6.181605 8.506351 13.678335  -0.588564 0.808117 -0.023225  0.496921 0.198677
0  -4.281795 9.613665 13.678246  -0.406533 0.913330 -0.023642  0.494441 0.209123
0  -4.429395 9.946486 12.333960  -0.341105 0.790620 0.508496  0.487922 0.207630
no_material
0  -6.181605 8.506351 13.678335  -0.588564 0.808117 -0.023225  0.496921 0.198677
0  -6.435045 8.855730 15.071760  -0.525989 0.722131 -0.449291  0.503584 0.200266
0  -4.281795 9.613665 13.678246  -0.406533 0.913330 -0.023642  0.494441 0.209123
no_material
0  -8.139150 7.326675 15.070770  -0.662492 0.598889 -0.449929  0.506077 0.189983
0  -6.435045 8.855730 15.071760  -0.525989 0.722131 -0.449291  0.503584 0.200266
0  -6.181605 8.506351 13.678335  -0.588564 0.808117 -0.023225  0.496921 0.198677
no_material
0  -8.139150 7.326675 15.070770  -0.662492 0.598889 -0.449929  0.506077 0.189983
0  -8.600445 7.740540 15.778935  -0.618594 0.558557 0.552590  0.510212 0.191023
0  -6.435045 8.855730 15.071760  -0.525989 0.722131 -0.449291  0.503584 0.200266
no_material
0  -10.010655 5.780115 15.774525  -0.721917 0.417559 0.551798  0.512765 0.180765
0  -8.600445 7.740540 15.778935  -0.618594 0.558557 0.552590  0.510212 0.191023
0  -8.139150 7.326675 15.070770  -0.662492 0.598889 -0.449929  0.506077 0.189983
no_material
0  -9.486135 5.477310 15.070860  -0.774003 0.448461 -0.446993  0.508784 0.179739
0  -10.010655 5.780115 15.774525  -0.721917 0.417559 0.551798  0.512765 0.180765
0  -8.139150 7.326675 15.070770  -0.662492 0.598889 -0.449929  0.506077 0.189983
no_material
0  -10.995660 3.569985 15.782220  -0.793189 0.257262 0.551967  0.515477 0.170485
0  -10.010655 5.780115 15.774525  -0.721917 0.417559 0.551798  0.512765 0.180765
0  -9.486135 5.477310 15.070860  -0.774003 0.448461 -0.446993  0.508784 0.179739
no_material
0  -10.423035 3.385080 15.067260  -0.852848 0.279308 -0.441177  0.511392 0.169513
0  -10.995660 3.569985 15.782220  -0.793189 0.257262 0.551967  0.515477 0.170485
0  -9.486135 5.477310 15.070860  -0.774003 0.448461 -0.446993  0.508784 0.179739
no_material
0  -11.475720 1.205910 15.780556  -0.829284 0.082303 0.552733  0.517640 0.160151
0  -10.995660 3.569985 15.782220  -0.793189 0.257262 0.551967  0.515477 0.170485
0  -10.423035 3.385080 15.067260  -0.852848 0.279308 -0.441177  0.511392 0.169513
no_material
0  -10.907235 1.149120 15.061545  -0.896291 0.094045 -0.433379  0.513688 0.159552
0  -11.475720 1.205910 15.780556  -0.829284 0.082303 0.552733  0.517640 0.160151
0  -10.423035 3.385080 15.067260  -0.852848 0.279308 -0.441177  0.511392 0.169513
no_material
0  -8.600445 7.740540 15.778935  -0.618594 0.558557 0.552590  0.510212 0.191023
0  -6.793695 9.350235 15.780420  -0.488983 0.674672 0.552914  0.507594 0.201225
0  -6.435045 8.855730 15.071760  -0.525989 0.722131 -0.449291  0.503584 0.200266
no_material
0  -6.435045 8.855730 15.071760  -0.525989 0.722131 -0.449291  0.503584 0.200266
0  -6.793695 9.350235 15.780420  -0.488983 0.674672 0.552914  0.507594 0.201225
0  -4.457205 10.009620 15.067575  -0.362119 0.821823 -0.439860  0.501164 0.210566
no_material
0  -6.435045 8.855730 15.071760  -0.525989 0.722131 -0.449291  0.503584 0.200266
0  -4.457205 10.009620 15.067575  -0.362119 0.821823 -0.439860  0.501164 0.210566
0  -4.281795 9.613665 13.678246  -0.406533 0.913330 -0.023642  0.494441 0.209123
no_material
0  -4.281795 9.613665 13.678246  -0.406533 0.913330 -0.023642  0.494441 0.209123
0  -4.457205 10.009620 15.067575  -0.362119 0.821823 -0.439860  0.501164 0.210566
0  -2.188350 10.290871 13.678200  -0.206676 0.978136 -0.023118  0.492196 0.219600
no_material
0  -4.281795 9.613665 13.678246  -0.406533 0.913330 -0.023642  0.494441 0.209123
0  -2.188350 10.290871 13.678200  -0.206676 0.978136 -0.023118  0.492196 0.219600
0  -2.263770 10.646865 12.331845  -0.179335 0.845337 0.503233  0.485628 0.218281
no_material
0  -2.263770 10.646865 12.331845  -0.179335 0.845337 0.503233  0.485628 0.218281
0  -2.188350 10.290871 13.678200  -0.206676 0.978136 -0.023118  0.492196 0.219600
0  -0.000630 10.881135 12.330180  0.001673 0.863645 0.504098  0.483825 0.228978
no_material
0  -2.263770 10.646865 12.331845  -0.179335 0.845337 0.503233  0.485628 0.218281
0  -0.000630 10.881135 12.330180  0.001673 0.863645 0.504098  0.483825 0.228978
0  0.000135 13.058189 9.290115  0.001582 0.849590 0.527441  0.467366 0.226162
no_material
0  0.000135 13.058189 9.290115  0.001582 0.849590 0.527441  0.467366 0.226162
0  -0.000630 10.881135 12.330180  0.001673 0.863645 0.504098  0.483825 0.228978
0  2.706210 12.734910 9.267660  0.180760 0.830970 0.526132  0.465591 0.237195
no_material
0  0.000135 13.058189 9.290115  0.001582 0.849590 0.527441  0.467366 0.226162
0  2.706210 12.734910 9.267660  0.180760 0.830970 0.526132  0.465591 0.237195
0  2.814255 13.241251 8.043390  0.207640 0.955299 0.210451  0.460249 0.236401
no_material
0  2.814255 13.241251 8.043390  0.207640 0.955299 0.210451  0.460249 0.236401
0  2.706210 12.734910 9.267660  0.180760 0.830970 0.526132  0.465591 0.237195
0  5.515965 12.388815 8.048699  0.383479 0.899531 0.209258  0.458675 0.247598
no_material
0  2.814255 13.241251 8.043390  0.207640 0.955299 0.210451  0.460249 0.236401
0  5.515965 12.388815 8.048699  0.383479 0.899531 0.209258  0.458675 0.247598
0  5.524470 12.408031 6.721785  0.389151 0.897372 -0.208050  0.453365 0.246885
no_material
0  5.524470 12.408031 6.721785  0.389151 0.897372 -0.208050  0.453365 0.246885
0  5.515965 12.388815 8.048699  0.383479 0.899531 0.209258  0.458675 0.247598
0  8.020980 11.043855 6.704730  0.562162 0.794995 -0.227942  0.451960 0.258168
no_material
0  5.515965 12.388815 8.048699  0.383479 0.899531 0.209258  0.458675 0.247598
0  8.016120 11.037015 8.065890  0.561320 0.801009 0.208097  0.457360 0.258766
0  8.020980 11.043855 6.704730  0.562162 0.794995 -0.227942  0.451960 0.258168
no_material
0  8.020980 11.043855 6.704730  0.562162 0.794995 -0.227942  0.451960 0.258168
0  8.016120 11.037015 8.065890  0.561320 0.801009 0.208097  0.457360 0.258766
0  10.164150 9.151065 6.696675  0.722822 0.649734 -0.235316  0.450848 0.269515
no_material
0  8.016120 11.037015 8.065890  0.561320 0.801009 0.208097  0.457360 0.258766
0  10.154385 9.142740 8.071335  0.727596 0.653911 0.207375  0.456289 0.269955
0  10.164150 9.151065 6.696675  0.722822 0.649734 -0.235316  0.450848 0.269515
no_material
0  10.164150 9.151065 6.696675  0.722822 0.649734 -0.235316  0.450848 0.269515
0  10.154385 9.142740 8.071335  0.727596 0.653911 0.207375  0.456289 0.269955
0  11.815155 6.821460 6.706980  0.848005 0.479126 -0.226550  0.450139 0.280876
no_material
0  10.154385 9.142740 8.071335  0.727596 0.653911 0.207375  0.456289 0.269955
0  11.804581 6.815160 8.063775  0.854014 0.478442 0.204339  0.455549 0.281161
0  11.815155 6.821460 6.706980  0.848005 0.479126 -0.226550  0.450139 0.280876
no_material
0  11.815155 6.821460 6.706980  0.848005 0.479126 -0.226550  0.450139 0.280876
0  11.804581 6.815160 8.063775  0.854014 0.478442 0.204339  0.455549 0.281161
0  12.942270 4.204935 6.716070  0.932075 0.294146 -0.211460  0.449730 0.292179
no_material
0  12.427425 4.037985 9.295290  0.805021 0.255302 0.535501  0.460426 0.292535
0  12.985785 1.364445 9.289755  0.842318 0.088736 0.531627  0.460173 0.303527
0  13.478986 1.416420 8.046900  0.975350 0.100055 0.196674  0.454832 0.303451
no_material
0  12.917789 4.196835 8.053470  0.934891 0.291725 0.202174  0.455044 0.292329
0  12.427425 4.037985 9.295290  0.805021 0.255302 0.535501  0.460426 0.292535
0  13.478986 1.416420 8.046900  0.975350 0.100055 0.196674  0.454832 0.303451
no_material
0  11.340945 6.547680 9.312345  0.731506 0.413643 0.542032  0.460975 0.281497
0  12.427425 4.037985 9.295290  0.805021 0.255302 0.535501  0.460426 0.292535
0  12.917789 4.196835 8.053470  0.934891 0.291725 0.202174  0.455044 0.292329
no_material
0  11.804581 6.815160 8.063775  0.854014 0.478442 0.204339  0.455549 0.281161
0  11.340945 6.547680 9.312345  0.731506 0.413643 0.542032  0.460975 0.281497
0  12.917789 4.196835 8.053470  0.934891 0.291725 0.202174  0.455044 0.292329
no_material
0  9.743625 8.773380 9.322335  0.623542 0.560420 0.545091  0.461746 0.270427
0  11.340945 6.547680 9.312345  0.731506 0.413643 0.542032  0.460975 0.281497
0  11.804581 6.815160 8.063775  0.854014 0.478442 0.204339  0.455549 0.281161
no_material
0  10.154385 9.142740 8.071335  0.727596 0.653911 0.207375  0.456289 0.269955
0  9.743625 8.773380 9.322335  0.623542 0.560420 0.545091  0.461746 0.270427
0  11.804581 6.815160 8.063775  0.854014 0.478442 0.204339  0.455549 0.281161
no_material
0  7.693965 10.590705 9.309464  0.486304 0.686745 0.540269  0.462834 0.259345
0  9.743625 8.773380 9.322335  0.623542 0.560420 0.545091  0.461746 0.270427
0  10.154385 9.142740 8.071335  0.727596 0.653911 0.207375  0.456289 0.269955
no_material
0  8.016120 11.037015 8.065890  0.561320 0.801009 0.208097  0.457360 0.258766
0  7.693965 10.590705 9.309464  0.486304 0.686745 0.540269  0.462834 0.259345
0  10.154385 9.142740 8.071335  0.727596 0.653911 0.207375  0.456289 0.269955
no_material
0  5.302080 11.905560 9.275175  0.335879 0.778413 0.530338  0.464061 0.248265
0  7.693965 10.590705 9.309464  0.486304 0.686745 0.540269  0.462834 0.259345
0  8.016120 11.037015 8.065890  0.561320 0.801009 0.208097  0.457360 0.258766
no_material
0  5.515965 12.388815 8.048699  0.383479 0.899531 0.209258  0.458675 0.247598
0  5.302080 11.905560 9.275175  0.335879 0.778413 0.530338  0.464061 0.248265
0  8.016120 11.037015 8.065890  0.561320 0.801009 0.208097  0.457360 0.258766
no_material
0  2.706210 12.734910 9.267660  0.180760 0.830970 0.526132  0.465591 0.237195
0  5.302080 11.905560 9.275175  0.335879 0.778413 0.530338  0.464061 0.248265
0  5.515965 12.388815 8.048699  0.383479 0.899531 0.209258  0.458675 0.247598
no_material
0  2.706210 12.734910 9.267660  0.180760 0.830970 0.526132  0.465591 0.237195
0  2.261115 10.640161 12.328020  0.182980 0.844802 0.502820  0.481960 0.239656
0  5.302080 11.905560 9.275175  0.335879 0.778413 0.530338  0.464061 0.248265
no_material
0  -0.000630 10.881135 12.330180  0.001673 0.863645 0.504098  0.483825 0.228978
0  2.261115 10.640161 12.328020  0.182980 0.844802 0.502820  0.481960 0.239656
0  2.706210 12.734910 9.267660  0.180760 0.830970 0.526132  0.465591 0.237195
no_material
0  -0.000630 10.881135 12.330180  0.001673 0.863645 0.504098  0.483825 0.228978
0  -0.000945 10.524330 13.677031  0.001883 0.999740 -0.022737  0.490417 0.230105
0  2.261115 10.640161 12.328020  0.182980 0.844802 0.502820  0.481960 0.239656
no_material
0  -2.188350 10.290871 13.678200  -0.206676 0.978136 -0.023118  0.492196 0.219600
0  -0.000945 10.524330 13.677031  0.001883 0.999740 -0.022737  0.490417 0.230105
0  -0.000630 10.881135 12.330180  0.001673 0.863645 0.504098  0.483825 0.228978
no_material
0  -2.188350 10.290871 13.678200  -0.206676 0.978136 -0.023118  0.492196 0.219600
0  -2.275515 10.702755 15.082920  -0.183963 0.888350 -0.420704  0.499027 0.220948
0  -0.000945 10.524330 13.677031  0.001883 0.999740 -0.022737  0.490417 0.230105
no_material
0  -4.457205 10.009620 15.067575  -0.362119 0.821823 -0.439860  0.501164 0.210566
0  -2.275515 10.702755 15.082920  -0.183963 0.888350 -0.420704  0.499027 0.220948
0  -2.188350 10.290871 13.678200  -0.206676 0.978136 -0.023118  0.492196 0.219600
no_material
0  -4.457205 10.009620 15.067575  -0.362119 0.821823 -0.439860  0.501164 0.210566
0  -4.702905 10.564425 15.777495  -0.329643 0.763997 0.554657  0.505298 0.211482
0  -2.275515 10.702755 15.082920  -0.183963 0.888350 -0.420704  0.499027 0.220948
no_material
0  -6.793695 9.350235 15.780420  -0.488983 0.674672 0.552914  0.507594 0.201225
0  -4.702905 10.564425 15.777495  -0.329643 0.763997 0.554657  0.505298 0.211482
0  -4.457205 10.009620 15.067575  -0.362119 0.821823 -0.439860  0.501164 0.210566
no_material
0  8.067600 7.264305 12.318885  0.635026 0.568921 0.522561  0.478451 0.271847
0  9.396855 5.425695 12.316185  0.741421 0.422683 0.521185  0.477521 0.282493
0  11.340945 6.547680 9.312345  0.731506 0.413643 0.542032  0.460975 0.281497
no_material
0  9.743625 8.773380 9.322335  0.623542 0.560420 0.545091  0.461746 0.270427
0  8.067600 7.264305 12.318885  0.635026 0.568921 0.522561  0.478451 0.271847
0  11.340945 6.547680 9.312345  0.731506 0.413643 0.542032  0.460975 0.281497
no_material
0  6.385995 8.790030 12.322845  0.499683 0.695336 0.516551  0.479397 0.261172
0  8.067600 7.264305 12.318885  0.635026 0.568921 0.522561  0.478451 0.271847
0  9.743625 8.773380 9.322335  0.623542 0.560420 0.545091  0.461746 0.270427
no_material
0  7.693965 10.590705 9.309464  0.486304 0.686745 0.540269  0.462834 0.259345
0  6.385995 8.790030 12.322845  0.499683 0.695336 0.516551  0.479397 0.261172
0  9.743625 8.773380 9.322335  0.623542 0.560420 0.545091  0.461746 0.270427
no_material
0  4.422195 9.933390 12.326085  0.346682 0.789356 0.506685  0.480569 0.250431
0  6.385995 8.790030 12.322845  0.499683 0.695336 0.516551  0.479397 0.261172
0  7.693965 10.590705 9.309464  0.486304 0.686745 0.540269  0.462834 0.259345
no_material
0  5.302080 11.905560 9.275175  0.335879 0.778413 0.530338  0.464061 0.248265
0  4.422195 9.933390 12.326085  0.346682 0.789356 0.506685  0.480569 0.250431
0  7.693965 10.590705 9.309464  0.486304 0.686745 0.540269  0.462834 0.259345
no_material
0  2.261115 10.640161 12.328020  0.182980 0.844802 0.502820  0.481960 0.239656
0  4.422195 9.933390 12.326085  0.346682 0.789356 0.506685  0.480569 0.250431
0  5.302080 11.905560 9.275175  0.335879 0.778413 0.530338  0.464061 0.248265
no_material
0  2.261115 10.640161 12.328020  0.182980 0.844802 0.502820  0.481960 0.239656
0  2.185335 10.283490 13.677659  0.210958 0.977235 -0.022568  0.488604 0.240601
0  4.422195 9.933390 12.326085  0.346682 0.789356 0.506685  0.480569 0.250431
no_material
0  -0.000945 10.524330 13.677031  0.001883 0.999740 -0.022737  0.490417 0.230105
0  2.185335 10.283490 13.677659  0.210958 0.977235 -0.022568  0.488604 0.240601
0  2.261115 10.640161 12.328020  0.182980 0.844802 0.502820  0.481960 0.239656
no_material
0  -0.000945 10.524330 13.677031  0.001883 0.999740 -0.022737  0.490417 0.230105
0  -0.000765 10.947286 15.079141  0.001944 0.911737 -0.410770  0.497148 0.231253
0  2.185335 10.283490 13.677659  0.210958 0.977235 -0.022568  0.488604 0.240601
no_material
0  -2.275515 10.702755 15.082920  -0.183963 0.888350 -0.420704  0.499027 0.220948
0  -0.000765 10.947286 15.079141  0.001944 0.911737 -0.410770  0.497148 0.231253
0  -0.000945 10.524330 13.677031  0.001883 0.999740 -0.022737  0.490417 0.230105
no_material
0  -2.275515 10.702755 15.082920  -0.183963 0.888350 -0.420704  0.499027 0.220948
0  -2.383425 11.211975 15.775829  -0.162727 0.816038 0.554619  0.502810 0.221722
0  -0.000765 10.947286 15.079141  0.001944 0.911737 -0.410770  0.497148 0.231253
no_material
0  -4.702905 10.564425 15.777495  -0.329643 0.763997 0.554657  0.505298 0.211482
0  -2.383425 11.211975 15.775829  -0.162727 0.816038 0.554619  0.502810 0.221722
0  -2.275515 10.702755 15.082920  -0.183963 0.888350 -0.420704  0.499027 0.220948
no_material
0  7.787160 -7.011855 13.678289  0.744940 -0.666905 -0.017390  0.483712 0.345132
0  6.165630 -8.486640 13.678920  0.590931 -0.806539 -0.017183  0.484537 0.355252
0  6.384960 -8.788860 12.319740  0.504228 -0.724713 0.469623  0.478099 0.355780
no_material
0  8.069941 -7.266555 12.319245  0.636641 -0.593303 0.492626  0.477295 0.345499
0  7.787160 -7.011855 13.678289  0.744940 -0.666905 -0.017390  0.483712 0.345132
0  6.384960 -8.788860 12.319740  0.504228 -0.724713 0.469623  0.478099 0.355780
no_material
0  9.067095 -5.235210 13.677480  0.866624 -0.498492 -0.021667  0.483261 0.334983
0  7.787160 -7.011855 13.678289  0.744940 -0.666905 -0.017390  0.483712 0.345132
0  8.069941 -7.266555 12.319245  0.636641 -0.593303 0.492626  0.477295 0.345499
no_material
0  9.397710 -5.425965 12.316185  0.740480 -0.437463 0.510211  0.476789 0.335175
0  9.067095 -5.235210 13.677480  0.866624 -0.498492 -0.021667  0.483261 0.334983
0  8.069941 -7.266555 12.319245  0.636641 -0.593303 0.492626  0.477295 0.345499
no_material
0  9.950985 -3.233475 13.678425  0.950010 -0.311047 -0.027025  0.483019 0.324756
0  9.067095 -5.235210 13.677480  0.866624 -0.498492 -0.021667  0.483261 0.334983
0  9.397710 -5.425965 12.316185  0.740480 -0.437463 0.510211  0.476789 0.335175
no_material
0  10.310040 -3.350115 12.310920  0.812498 -0.266410 0.518529  0.476553 0.324845
0  9.950985 -3.233475 13.678425  0.950010 -0.311047 -0.027025  0.483019 0.324756
0  9.397710 -5.425965 12.316185  0.740480 -0.437463 0.510211  0.476789 0.335175
no_material
0  10.418985 -1.096335 13.678784  0.993668 -0.108518 -0.029119  0.483039 0.314447
0  9.950985 -3.233475 13.678425  0.950010 -0.311047 -0.027025  0.483019 0.324756
0  10.310040 -3.350115 12.310920  0.812498 -0.266410 0.518529  0.476553 0.324845
no_material
0  10.789065 -1.134945 12.314880  0.851111 -0.088832 0.517416  0.476405 0.314441
0  10.418985 -1.096335 13.678784  0.993668 -0.108518 -0.029119  0.483039 0.314447
0  10.310040 -3.350115 12.310920  0.812498 -0.266410 0.518529  0.476553 0.324845
no_material
0  10.425600 1.096830 13.679279  0.994104 0.104634 -0.028431  0.483068 0.304032
0  10.418985 -1.096335 13.678784  0.993668 -0.108518 -0.029119  0.483039 0.314447
0  10.789065 -1.134945 12.314880  0.851111 -0.088832 0.517416  0.476405 0.314441
no_material
0  10.795995 1.135395 12.318255  0.852597 0.090468 0.514679  0.476408 0.303823
0  10.425600 1.096830 13.679279  0.994104 0.104634 -0.028431  0.483068 0.304032
0  10.789065 -1.134945 12.314880  0.851111 -0.088832 0.517416  0.476405 0.314441
no_material
0  9.961065 3.236895 13.679009  0.950117 0.310622 -0.028126  0.483584 0.293545
0  10.425600 1.096830 13.679279  0.994104 0.104634 -0.028431  0.483068 0.304032
0  10.795995 1.135395 12.318255  0.852597 0.090468 0.514679  0.476408 0.303823
no_material
0  10.319985 3.353625 12.316231  0.815102 0.262122 0.516625  0.476881 0.293150
0  9.961065 3.236895 13.679009  0.950117 0.310622 -0.028126  0.483584 0.293545
0  10.795995 1.135395 12.318255  0.852597 0.090468 0.514679  0.476408 0.303823
no_material
0  9.069345 5.236695 13.679235  0.866043 0.499206 -0.027611  0.484176 0.283007
0  9.961065 3.236895 13.679009  0.950117 0.310622 -0.028126  0.483584 0.293545
0  10.319985 3.353625 12.316231  0.815102 0.262122 0.516625  0.476881 0.293150
no_material
0  9.396855 5.425695 12.316185  0.741421 0.422683 0.521185  0.477521 0.282493
0  9.069345 5.236695 13.679235  0.866043 0.499206 -0.027611  0.484176 0.283007
0  10.319985 3.353625 12.316231  0.815102 0.262122 0.516625  0.476881 0.293150
no_material
0  7.786035 7.010730 13.679775  0.744738 0.666852 -0.025949  0.485083 0.272434
0  9.069345 5.236695 13.679235  0.866043 0.499206 -0.027611  0.484176 0.283007
0  9.396855 5.425695 12.316185  0.741421 0.422683 0.521185  0.477521 0.282493
no_material
0  8.067600 7.264305 12.318885  0.635026 0.568921 0.522561  0.478451 0.271847
0  7.786035 7.010730 13.679775  0.744738 0.666852 -0.025949  0.485083 0.272434
0  9.396855 5.425695 12.316185  0.741421 0.422683 0.521185  0.477521 0.282493
no_material
0  6.164730 8.485291 13.680765  0.591617 0.805857 -0.024167  0.486088 0.261817
0  7.786035 7.010730 13.679775  0.744738 0.666852 -0.025949  0.485083 0.272434
0  8.067600 7.264305 12.318885  0.635026 0.568921 0.522561  0.478451 0.271847
no_material
0  6.385995 8.790030 12.322845  0.499683 0.695336 0.516551  0.479397 0.261172
0  6.164730 8.485291 13.680765  0.591617 0.805857 -0.024167  0.486088 0.261817
0  8.067600 7.264305 12.318885  0.635026 0.568921 0.522561  0.478451 0.271847
no_material
0  4.272750 9.597375 13.681980  0.410205 0.911702 -0.023049  0.487254 0.251202
0  6.164730 8.485291 13.680765  0.591617 0.805857 -0.024167  0.486088 0.261817
0  6.385995 8.790030 12.322845  0.499683 0.695336 0.516551  0.479397 0.261172
no_material
0  4.422195 9.933390 12.326085  0.346682 0.789356 0.506685  0.480569 0.250431
0  4.272750 9.597375 13.681980  0.410205 0.911702 -0.023049  0.487254 0.251202
0  6.385995 8.790030 12.322845  0.499683 0.695336 0.516551  0.479397 0.261172
no_material
0  2.185335 10.283490 13.677659  0.210958 0.977235 -0.022568  0.488604 0.240601
0  4.272750 9.597375 13.681980  0.410205 0.911702 -0.023049  0.487254 0.251202
0  4.422195 9.933390 12.326085  0.346682 0.789356 0.506685  0.480569 0.250431
no_material
0  10.384740 -3.374820 15.101550  0.865409 -0.286431 -0.411127  0.489798 0.324627
0  9.447300 -5.455125 15.111090  0.792517 -0.461026 -0.399214  0.490028 0.334717
0  9.067095 -5.235210 13.677480  0.866624 -0.498492 -0.021667  0.483261 0.334983
no_material
0  9.950985 -3.233475 13.678425  0.950010 -0.311047 -0.027025  0.483019 0.324756
0  10.384740 -3.374820 15.101550  0.865409 -0.286431 -0.411127  0.489798 0.324627
0  9.067095 -5.235210 13.677480  0.866624 -0.498492 -0.021667  0.483261 0.334983
no_material
0  10.870336 -1.143990 15.093676  0.903191 -0.098943 -0.417679  0.489764 0.314484
0  10.384740 -3.374820 15.101550  0.865409 -0.286431 -0.411127  0.489798 0.324627
0  9.950985 -3.233475 13.678425  0.950010 -0.311047 -0.027025  0.483019 0.324756
no_material
0  10.418985 -1.096335 13.678784  0.993668 -0.108518 -0.029119  0.483039 0.314447
0  10.870336 -1.143990 15.093676  0.903191 -0.098943 -0.417679  0.489764 0.314484
0  9.950985 -3.233475 13.678425  0.950010 -0.311047 -0.027025  0.483019 0.324756
no_material
0  10.870875 1.143810 15.092055  0.900101 0.092856 -0.425671  0.489971 0.304242
0  10.870336 -1.143990 15.093676  0.903191 -0.098943 -0.417679  0.489764 0.314484
0  10.418985 -1.096335 13.678784  0.993668 -0.108518 -0.029119  0.483039 0.314447
no_material
0  10.425600 1.096830 13.679279  0.994104 0.104634 -0.028431  0.483068 0.304032
0  10.870875 1.143810 15.092055  0.900101 0.092856 -0.425671  0.489971 0.304242
0  10.418985 -1.096335 13.678784  0.993668 -0.108518 -0.029119  0.483039 0.314447
no_material
0  10.393650 3.377160 15.092596  0.855300 0.277476 -0.437572  0.490442 0.293918
0  10.870875 1.143810 15.092055  0.900101 0.092856 -0.425671  0.489971 0.304242
0  10.425600 1.096830 13.679279  0.994104 0.104634 -0.028431  0.483068 0.304032
no_material
0  9.961065 3.236895 13.679009  0.950117 0.310622 -0.028126  0.483584 0.293545
0  10.393650 3.377160 15.092596  0.855300 0.277476 -0.437572  0.490442 0.293918
0  10.425600 1.096830 13.679279  0.994104 0.104634 -0.028431  0.483068 0.304032
no_material
0  9.462420 5.464125 15.093855  0.775946 0.446839 -0.445244  0.491148 0.283513
0  10.393650 3.377160 15.092596  0.855300 0.277476 -0.437572  0.490442 0.293918
0  9.961065 3.236895 13.679009  0.950117 0.310622 -0.028126  0.483584 0.293545
no_material
0  9.069345 5.236695 13.679235  0.866043 0.499206 -0.027611  0.484176 0.283007
0  9.462420 5.464125 15.093855  0.775946 0.446839 -0.445244  0.491148 0.283513
0  9.961065 3.236895 13.679009  0.950117 0.310622 -0.028126  0.483584 0.293545
no_material
0  8.121059 7.312275 15.091290  0.665723 0.597191 -0.447410  0.491954 0.273040
0  9.462420 5.464125 15.093855  0.775946 0.446839 -0.445244  0.491148 0.283513
0  9.069345 5.236695 13.679235  0.866043 0.499206 -0.027611  0.484176 0.283007
no_material
0  7.786035 7.010730 13.679775  0.744738 0.666852 -0.025949  0.485083 0.272434
0  8.121059 7.312275 15.091290  0.665723 0.597191 -0.447410  0.491954 0.273040
0  9.069345 5.236695 13.679235  0.866043 0.499206 -0.027611  0.484176 0.283007
no_material
0  6.422715 8.840836 15.089940  0.528882 0.722151 -0.445850  0.493010 0.262584
0  8.121059 7.312275 15.091290  0.665723 0.597191 -0.447410  0.491954 0.273040
0  7.786035 7.010730 13.679775  0.744738 0.666852 -0.025949  0.485083 0.272434
no_material
0  6.164730 8.485291 13.680765  0.591617 0.805857 -0.024167  0.486088 0.261817
0  6.422715 8.840836 15.089940  0.528882 0.722151 -0.445850  0.493010 0.262584
0  7.786035 7.010730 13.679775  0.744738 0.666852 -0.025949  0.485083 0.272434
no_material
0  4.448340 9.993060 15.084001  0.366232 0.822128 -0.435867  0.494128 0.252084
0  6.422715 8.840836 15.089940  0.528882 0.722151 -0.445850  0.493010 0.262584
0  6.164730 8.485291 13.680765  0.591617 0.805857 -0.024167  0.486088 0.261817
no_material
0  4.272750 9.597375 13.681980  0.410205 0.911702 -0.023049  0.487254 0.251202
0  4.448340 9.993060 15.084001  0.366232 0.822128 -0.435867  0.494128 0.252084
0  6.164730 8.485291 13.680765  0.591617 0.805857 -0.024167  0.486088 0.261817
no_material
0  2.273175 10.695374 15.089355  0.189026 0.888487 -0.418163  0.495525 0.241601
0  4.448340 9.993060 15.084001  0.366232 0.822128 -0.435867  0.494128 0.252084
0  4.272750 9.597375 13.681980  0.410205 0.911702 -0.023049  0.487254 0.251202
no_material
0  2.185335 10.283490 13.677659  0.210958 0.977235 -0.022568  0.488604 0.240601
0  2.273175 10.695374 15.089355  0.189026 0.888487 -0.418163  0.495525 0.241601
0  4.272750 9.597375 13.681980  0.410205 0.911702 -0.023049  0.487254 0.251202
no_material
0  -0.000765 10.947286 15.079141  0.001944 0.911737 -0.410770  0.497148 0.231253
0  2.273175 10.695374 15.089355  0.189026 0.888487 -0.418163  0.495525 0.241601
0  2.185335 10.283490 13.677659  0.210958 0.977235 -0.022568  0.488604 0.240601
no_material
0  -0.000765 10.947286 15.079141  0.001944 0.911737 -0.410770  0.497148 0.231253
0  0.000270 11.457450 15.773581  0.002929 0.831148 0.556044  0.500860 0.231888
0  2.273175 10.695374 15.089355  0.189026 0.888487 -0.418163  0.495525 0.241601
no_material
0  -2.383425 11.211975 15.775829  -0.162727 0.816038 0.554619  0.502810 0.221722
0  0.000270 11.457450 15.773581  0.002929 0.831148 0.556044  0.500860 0.231888
0  -0.000765 10.947286 15.079141  0.001944 0.911737 -0.410770  0.497148 0.231253
no_material
0  0.000270 11.457450 15.773581  0.002929 0.831148 0.556044  0.500860 0.231888
0  2.380725 11.196404 15.773400  0.168054 0.813810 0.556301  0.499298 0.242118
0  2.273175 10.695374 15.089355  0.189026 0.888487 -0.418163  0.495525 0.241601
no_material
0  2.273175 10.695374 15.089355  0.189026 0.888487 -0.418163  0.495525 0.241601
0  2.380725 11.196404 15.773400  0.168054 0.813810 0.556301  0.499298 0.242118
0  4.448340 9.993060 15.084001  0.366232 0.822128 -0.435867  0.494128 0.252084
no_material
0  2.380725 11.196404 15.773400  0.168054 0.813810 0.556301  0.499298 0.242118
0  4.688460 10.533916 15.779474  0.332584 0.760288 0.557987  0.498238 0.252578
0  4.448340 9.993060 15.084001  0.366232 0.822128 -0.435867  0.494128 0.252084
no_material
0  4.448340 9.993060 15.084001  0.366232 0.822128 -0.435867  0.494128 0.252084
0  4.688460 10.533916 15.779474  0.332584 0.760288 0.557987  0.498238 0.252578
0  6.422715 8.840836 15.089940  0.528882 0.722151 -0.445850  0.493010 0.262584
no_material
0  4.688460 10.533916 15.779474  0.332584 0.760288 0.557987  0.498238 0.252578
0  6.771915 9.321390 15.780061  0.489874 0.669679 0.558170  0.496994 0.262996
0  6.422715 8.840836 15.089940  0.528882 0.722151 -0.445850  0.493010 0.262584
no_material
0  6.422715 8.840836 15.089940  0.528882 0.722151 -0.445850  0.493010 0.262584
0  6.771915 9.321390 15.780061  0.489874 0.669679 0.558170  0.496994 0.262996
0  8.121059 7.312275 15.091290  0.665723 0.597191 -0.447410  0.491954 0.273040
no_material
0  6.771915 9.321390 15.780061  0.489874 0.669679 0.558170  0.496994 0.262996
0  8.561746 7.708590 15.778846  0.617525 0.553228 0.559108  0.496035 0.273401
0  8.121059 7.312275 15.091290  0.665723 0.597191 -0.447410  0.491954 0.273040
no_material
0  8.121059 7.312275 15.091290  0.665723 0.597191 -0.447410  0.491954 0.273040
0  8.561746 7.708590 15.778846  0.617525 0.553228 0.559108  0.496035 0.273401
0  9.462420 5.464125 15.093855  0.775946 0.446839 -0.445244  0.491148 0.283513
no_material
0  8.561746 7.708590 15.778846  0.617525 0.553228 0.559108  0.496035 0.273401
0  9.963405 5.752710 15.777540  0.719067 0.412393 0.559351  0.495109 0.283836
0  9.462420 5.464125 15.093855  0.775946 0.446839 -0.445244  0.491148 0.283513
no_material
0  9.462420 5.464125 15.093855  0.775946 0.446839 -0.445244  0.491148 0.283513
0  9.963405 5.752710 15.777540  0.719067 0.412393 0.559351  0.495109 0.283836
0  10.393650 3.377160 15.092596  0.855300 0.277476 -0.437572  0.490442 0.293918
no_material
0  9.963405 5.752710 15.777540  0.719067 0.412393 0.559351  0.495109 0.283836
0  10.931760 3.551895 15.777136  0.789416 0.251123 0.560143  0.494343 0.294168
0  10.393650 3.377160 15.092596  0.855300 0.277476 -0.437572  0.490442 0.293918
no_material
0  10.393650 3.377160 15.092596  0.855300 0.277476 -0.437572  0.490442 0.293918
0  10.931760 3.551895 15.777136  0.789416 0.251123 0.560143  0.494343 0.294168
0  10.870875 1.143810 15.092055  0.900101 0.092856 -0.425671  0.489971 0.304242
no_material
0  10.931760 3.551895 15.777136  0.789416 0.251123 0.560143  0.494343 0.294168
0  11.388105 1.196505 15.775650  0.823867 0.079370 0.561199  0.493713 0.304398
0  10.870875 1.143810 15.092055  0.900101 0.092856 -0.425671  0.489971 0.304242
no_material
0  10.870875 1.143810 15.092055  0.900101 0.092856 -0.425671  0.489971 0.304242
0  11.388105 1.196505 15.775650  0.823867 0.079370 0.561199  0.493713 0.304398
0  10.870336 -1.143990 15.093676  0.903191 -0.098943 -0.417679  0.489764 0.314484
no_material
0  11.388105 1.196505 15.775650  0.823867 0.079370 0.561199  0.493713 0.304398
0  11.365920 -1.192590 15.774885  0.821304 -0.092384 0.562961  0.493416 0.314521
0  10.870336 -1.143990 15.093676  0.903191 -0.098943 -0.417679  0.489764 0.314484
no_material
0  10.870336 -1.143990 15.093676  0.903191 -0.098943 -0.417679  0.489764 0.314484
0  11.365920 -1.192590 15.774885  0.821304 -0.092384 0.562961  0.493416 0.314521
0  10.384740 -3.374820 15.101550  0.865409 -0.286431 -0.411127  0.489798 0.324627
no_material
0  11.365920 -1.192590 15.774885  0.821304 -0.092384 0.562961  0.493416 0.314521
0  10.852380 -3.524895 15.771465  0.782410 -0.263046 0.564483  0.493374 0.324594
0  10.384740 -3.374820 15.101550  0.865409 -0.286431 -0.411127  0.489798 0.324627
no_material
0  10.384740 -3.374820 15.101550  0.865409 -0.286431 -0.411127  0.489798 0.324627
0  10.852380 -3.524895 15.771465  0.782410 -0.263046 0.564483  0.493374 0.324594
0  9.447300 -5.455125 15.111090  0.792517 -0.461026 -0.399214  0.490028 0.334717
no_material
0  10.852380 -3.524895 15.771465  0.782410 -0.263046 0.564483  0.493374 0.324594
0  9.846765 -5.680575 15.767910  0.709786 -0.419395 0.565961  0.493456 0.334603
0  9.447300 -5.455125 15.111090  0.792517 -0.461026 -0.399214  0.490028 0.334717
no_material
0  9.447300 -5.455125 15.111090  0.792517 -0.461026 -0.399214  0.490028 0.334717
0  9.846765 -5.680575 15.767910  0.709786 -0.419395 0.565961  0.493456 0.334603
0  8.102700 -7.295940 15.116715  0.685043 -0.614782 -0.390843  0.490500 0.344727
no_material
0  9.846765 -5.680575 15.767910  0.709786 -0.419395 0.565961  0.493456 0.334603
0  8.433180 -7.593165 15.767236  0.611876 -0.551310 0.567156  0.493804 0.344536
0  8.102700 -7.295940 15.116715  0.685043 -0.614782 -0.390843  0.490500 0.344727
no_material
0  8.102700 -7.295940 15.116715  0.685043 -0.614782 -0.390843  0.490500 0.344727
0  8.433180 -7.593165 15.767236  0.611876 -0.551310 0.567156  0.493804 0.344536
0  6.411870 -8.825355 15.110955  0.544719 -0.741521 -0.391699  0.491170 0.354678
no_material
0  8.433180 -7.593165 15.767236  0.611876 -0.551310 0.567156  0.493804 0.344536
0  6.686055 -9.202906 15.768900  0.488180 -0.663024 0.567521  0.494586 0.354372
0  6.411870 -8.825355 15.110955  0.544719 -0.741521 -0.391699  0.491170 0.354678
no_material
0  6.411870 -8.825355 15.110955  0.544719 -0.741521 -0.391699  0.491170 0.354678
0  6.686055 -9.202906 15.768900  0.488180 -0.663024 0.567521  0.494586 0.354372
0  4.440510 -9.973845 15.106050  0.378387 -0.837520 -0.394187  0.492155 0.364632
no_material
0  6.686055 -9.202906 15.768900  0.488180 -0.663024 0.567521  0.494586 0.354372
0  4.633920 -10.406475 15.769170  0.340290 -0.750548 0.566463  0.495608 0.364232
0  4.440510 -9.973845 15.106050  0.378387 -0.837520 -0.394187  0.492155 0.364632
no_material
0  4.440510 -9.973845 15.106050  0.378387 -0.837520 -0.394187  0.492155 0.364632
0  4.633920 -10.406475 15.769170  0.340290 -0.750548 0.566463  0.495608 0.364232
0  2.272365 -10.689705 15.096106  0.197309 -0.896121 -0.397538  0.493359 0.374597
no_material
0  4.633920 -10.406475 15.769170  0.340290 -0.750548 0.566463  0.495608 0.364232
0  2.370915 -11.155860 15.769305  0.179859 -0.805607 0.564489  0.496851 0.374114
0  2.272365 -10.689705 15.096106  0.197309 -0.896121 -0.397538  0.493359 0.374597
no_material
0  2.272365 -10.689705 15.096106  0.197309 -0.896121 -0.397538  0.493359 0.374597
0  2.370915 -11.155860 15.769305  0.179859 -0.805607 0.564489  0.496851 0.374114
0  -0.000720 -10.945305 15.080489  0.002096 -0.915883 -0.401441  0.494764 0.384548
no_material
0  2.370915 -11.155860 15.769305  0.179859 -0.805607 0.564489  0.496851 0.374114
0  0.000495 -11.442105 15.771510  0.002912 -0.826134 0.563466  0.498402 0.383977
0  -0.000720 -10.945305 15.080489  0.002096 -0.915883 -0.401441  0.494764 0.384548
no_material
0  -0.000720 -10.945305 15.080489  0.002096 -0.915883 -0.401441  0.494764 0.384548
0  0.000495 -11.442105 15.771510  0.002912 -0.826134 0.563466  0.498402 0.383977
0  -2.274885 -10.697490 15.089355  -0.192516 -0.895806 -0.400586  0.496447 0.394459
no_material
0  0.000495 -11.442105 15.771510  0.002912 -0.826134 0.563466  0.498402 0.383977
0  -2.373615 -11.172915 15.770385  -0.174249 -0.807990 0.562841  0.499969 0.393843
0  -2.274885 -10.697490 15.089355  -0.192516 -0.895806 -0.400586  0.496447 0.394459
no_material
0  -2.274885 -10.697490 15.089355  -0.192516 -0.895806 -0.400586  0.496447 0.394459
0  -2.373615 -11.172915 15.770385  -0.174249 -0.807990 0.562841  0.499969 0.393843
0  -4.449015 -9.990675 15.090795  -0.374056 -0.837268 -0.398828  0.498323 0.404337
no_material
0  -2.373615 -11.172915 15.770385  -0.174249 -0.807990 0.562841  0.499969 0.393843
0  -4.645755 -10.437075 15.771960  -0.337254 -0.754233 0.563375  0.501827 0.403640
0  -4.449015 -9.990675 15.090795  -0.374056 -0.837268 -0.398828  0.498323 0.404337
no_material
0  -4.645755 -10.437075 15.771960  -0.337254 -0.754233 0.563375  0.501827 0.403640
0  -6.707520 -9.235081 15.769800  -0.487543 -0.667570 0.562719  0.503863 0.413364
0  -6.425775 -8.842725 15.091560  -0.541514 -0.741692 -0.395796  0.500409 0.414147
no_material
0  -4.449015 -9.990675 15.090795  -0.374056 -0.837268 -0.398828  0.498323 0.404337
0  -4.645755 -10.437075 15.771960  -0.337254 -0.754233 0.563375  0.501827 0.403640
0  -6.425775 -8.842725 15.091560  -0.541514 -0.741692 -0.395796  0.500409 0.414147
no_material
0  -4.449015 -9.990675 15.090795  -0.374056 -0.837268 -0.398828  0.498323 0.404337
0  -6.425775 -8.842725 15.091560  -0.541514 -0.741692 -0.395796  0.500409 0.414147
0  -6.182685 -8.507790 13.680586  -0.587737 -0.808877 -0.016834  0.494011 0.415600
no_material
0  -4.280580 -9.611415 13.680361  -0.406658 -0.913356 -0.020256  0.491797 0.405657
0  -4.449015 -9.990675 15.090795  -0.374056 -0.837268 -0.398828  0.498323 0.404337
0  -6.182685 -8.507790 13.680586  -0.587737 -0.808877 -0.016834  0.494011 0.415600
no_material
0  -2.274885 -10.697490 15.089355  -0.192516 -0.895806 -0.400586  0.496447 0.394459
0  -4.449015 -9.990675 15.090795  -0.374056 -0.837268 -0.398828  0.498323 0.404337
0  -4.280580 -9.611415 13.680361  -0.406658 -0.913356 -0.020256  0.491797 0.405657
no_material
0  -2.188305 -10.289745 13.679190  -0.208530 -0.977744 -0.023080  0.489930 0.395643
0  -2.274885 -10.697490 15.089355  -0.192516 -0.895806 -0.400586  0.496447 0.394459
0  -4.280580 -9.611415 13.680361  -0.406658 -0.913356 -0.020256  0.491797 0.405657
no_material
0  -0.000720 -10.945305 15.080489  0.002096 -0.915883 -0.401441  0.494764 0.384548
0  -2.274885 -10.697490 15.089355  -0.192516 -0.895806 -0.400586  0.496447 0.394459
0  -2.188305 -10.289745 13.679190  -0.208530 -0.977744 -0.023080  0.489930 0.395643
no_material
0  -0.000900 -10.522756 13.677569  0.001918 -0.999705 -0.024213  0.488340 0.385554
0  -0.000720 -10.945305 15.080489  0.002096 -0.915883 -0.401441  0.494764 0.384548
0  -2.188305 -10.289745 13.679190  -0.208530 -0.977744 -0.023080  0.489930 0.395643
no_material
0  2.272365 -10.689705 15.096106  0.197309 -0.896121 -0.397538  0.493359 0.374597
0  -0.000720 -10.945305 15.080489  0.002096 -0.915883 -0.401441  0.494764 0.384548
0  -0.000900 -10.522756 13.677569  0.001918 -0.999705 -0.024213  0.488340 0.385554
no_material
0  2.185155 -10.282365 13.678514  0.212732 -0.976852 -0.022471  0.486760 0.375465
0  2.272365 -10.689705 15.096106  0.197309 -0.896121 -0.397538  0.493359 0.374597
0  -0.000900 -10.522756 13.677569  0.001918 -0.999705 -0.024213  0.488340 0.385554
no_material
0  4.440510 -9.973845 15.106050  0.378387 -0.837520 -0.394187  0.492155 0.364632
0  2.272365 -10.689705 15.096106  0.197309 -0.896121 -0.397538  0.493359 0.374597
0  2.185155 -10.282365 13.678514  0.212732 -0.976852 -0.022471  0.486760 0.375465
no_material
0  4.271805 -9.595395 13.679279  0.410482 -0.911663 -0.019368  0.485469 0.365375
0  4.440510 -9.973845 15.106050  0.378387 -0.837520 -0.394187  0.492155 0.364632
0  2.185155 -10.282365 13.678514  0.212732 -0.976852 -0.022471  0.486760 0.375465
no_material
0  6.411870 -8.825355 15.110955  0.544719 -0.741521 -0.391699  0.491170 0.354678
0  4.440510 -9.973845 15.106050  0.378387 -0.837520 -0.394187  0.492155 0.364632
0  4.271805 -9.595395 13.679279  0.410482 -0.911663 -0.019368  0.485469 0.365375
no_material
0  6.165630 -8.486640 13.678920  0.590931 -0.806539 -0.017183  0.484537 0.355252
0  6.411870 -8.825355 15.110955  0.544719 -0.741521 -0.391699  0.491170 0.354678
0  4.271805 -9.595395 13.679279  0.410482 -0.911663 -0.019368  0.485469 0.365375
no_material
0  8.102700 -7.295940 15.116715  0.685043 -0.614782 -0.390843  0.490500 0.344727
0  6.411870 -8.825355 15.110955  0.544719 -0.741521 -0.391699  0.491170 0.354678
0  6.165630 -8.486640 13.678920  0.590931 -0.806539 -0.017183  0.484537 0.355252
no_material
0  7.787160 -7.011855 13.678289  0.744940 -0.666905 -0.017390  0.483712 0.345132
0  8.102700 -7.295940 15.116715  0.685043 -0.614782 -0.390843  0.490500 0.344727
0  6.165630 -8.486640 13.678920  0.590931 -0.806539 -0.017183  0.484537 0.355252
no_material
0  9.447300 -5.455125 15.111090  0.792517 -0.461026 -0.399214  0.490028 0.334717
0  8.102700 -7.295940 15.116715  0.685043 -0.614782 -0.390843  0.490500 0.344727
0  7.787160 -7.011855 13.678289  0.744940 -0.666905 -0.017390  0.483712 0.345132
no_material
0  9.067095 -5.235210 13.677480  0.866624 -0.498492 -0.021667  0.483261 0.334983
0  9.447300 -5.455125 15.111090  0.792517 -0.461026 -0.399214  0.490028 0.334717
0  7.787160 -7.011855 13.678289  0.744940 -0.666905 -0.017390  0.483712 0.345132
no_material
0  -6.707520 -9.235081 15.769800  -0.487543 -0.667570 0.562719  0.503863 0.413364
0  -8.466255 -7.625205 15.771060  -0.612886 -0.556703 0.560761  0.506146 0.422987
0  -8.122365 -7.312635 15.095070  -0.682481 -0.616323 -0.392892  0.502809 0.423861
no_material
0  -6.425775 -8.842725 15.091560  -0.541514 -0.741692 -0.395796  0.500409 0.414147
0  -6.707520 -9.235081 15.769800  -0.487543 -0.667570 0.562719  0.503863 0.413364
0  -8.122365 -7.312635 15.095070  -0.682481 -0.616323 -0.392892  0.502809 0.423861
no_material
0  -6.425775 -8.842725 15.091560  -0.541514 -0.741692 -0.395796  0.500409 0.414147
0  -8.122365 -7.312635 15.095070  -0.682481 -0.616323 -0.392892  0.502809 0.423861
0  -7.817040 -7.037235 13.680361  -0.741885 -0.670360 -0.014976  0.496317 0.425529
no_material
0  -6.182685 -8.507790 13.680586  -0.587737 -0.808877 -0.016834  0.494011 0.415600
0  -6.425775 -8.842725 15.091560  -0.541514 -0.741692 -0.395796  0.500409 0.414147
0  -7.817040 -7.037235 13.680361  -0.741885 -0.670360 -0.014976  0.496317 0.425529
no_material
0  -6.182685 -8.507790 13.680586  -0.587737 -0.808877 -0.016834  0.494011 0.415600
0  -7.817040 -7.037235 13.680361  -0.741885 -0.670360 -0.014976  0.496317 0.425529
0  -8.095050 -7.287615 12.336390  -0.633735 -0.596803 0.492145  0.490190 0.427095
no_material
0  -6.399495 -8.806995 12.331260  -0.500868 -0.727399 0.469066  0.487775 0.417059
0  -6.182685 -8.507790 13.680586  -0.587737 -0.808877 -0.016834  0.494011 0.415600
0  -8.095050 -7.287615 12.336390  -0.633735 -0.596803 0.492145  0.490190 0.427095
no_material
0  -4.280580 -9.611415 13.680361  -0.406658 -0.913356 -0.020256  0.491797 0.405657
0  -6.182685 -8.507790 13.680586  -0.587737 -0.808877 -0.016834  0.494011 0.415600
0  -6.399495 -8.806995 12.331260  -0.500868 -0.727399 0.469066  0.487775 0.417059
no_material
0  -4.425525 -9.938519 12.325726  -0.351471 -0.821339 0.449301  0.485552 0.406958
0  -4.280580 -9.611415 13.680361  -0.406658 -0.913356 -0.020256  0.491797 0.405657
0  -6.399495 -8.806995 12.331260  -0.500868 -0.727399 0.469066  0.487775 0.417059
no_material
0  -2.188305 -10.289745 13.679190  -0.208530 -0.977744 -0.023080  0.489930 0.395643
0  -4.280580 -9.611415 13.680361  -0.406658 -0.913356 -0.020256  0.491797 0.405657
0  -4.425525 -9.938519 12.325726  -0.351471 -0.821339 0.449301  0.485552 0.406958
no_material
0  -2.261835 -10.637594 12.323745  -0.186821 -0.876706 0.443265  0.483592 0.396791
0  -2.188305 -10.289745 13.679190  -0.208530 -0.977744 -0.023080  0.489930 0.395643
0  -4.425525 -9.938519 12.325726  -0.351471 -0.821339 0.449301  0.485552 0.406958
no_material
0  -0.000900 -10.522756 13.677569  0.001918 -0.999705 -0.024213  0.488340 0.385554
0  -2.188305 -10.289745 13.679190  -0.208530 -0.977744 -0.023080  0.489930 0.395643
0  -2.261835 -10.637594 12.323745  -0.186821 -0.876706 0.443265  0.483592 0.396791
no_material
0  -0.000585 -10.874655 12.323880  0.001637 -0.895762 0.444530  0.481993 0.386551
0  -0.000900 -10.522756 13.677569  0.001918 -0.999705 -0.024213  0.488340 0.385554
0  -2.261835 -10.637594 12.323745  -0.186821 -0.876706 0.443265  0.483592 0.396791
no_material
0  2.185155 -10.282365 13.678514  0.212732 -0.976852 -0.022471  0.486760 0.375465
0  -0.000900 -10.522756 13.677569  0.001918 -0.999705 -0.024213  0.488340 0.385554
0  -0.000585 -10.874655 12.323880  0.001637 -0.895762 0.444530  0.481993 0.386551
no_material
0  2.259270 -10.630800 12.320325  0.190468 -0.875833 0.443439  0.480363 0.376321
0  2.185155 -10.282365 13.678514  0.212732 -0.976852 -0.022471  0.486760 0.375465
0  -0.000585 -10.874655 12.323880  0.001637 -0.895762 0.444530  0.481993 0.386551
no_material
0  4.271805 -9.595395 13.679279  0.410482 -0.911663 -0.019368  0.485469 0.365375
0  2.185155 -10.282365 13.678514  0.212732 -0.976852 -0.022471  0.486760 0.375465
0  2.259270 -10.630800 12.320325  0.190468 -0.875833 0.443439  0.480363 0.376321
no_material
0  4.418505 -9.925245 12.318705  0.354618 -0.819687 0.449843  0.479097 0.366057
0  4.271805 -9.595395 13.679279  0.410482 -0.911663 -0.019368  0.485469 0.365375
0  2.259270 -10.630800 12.320325  0.190468 -0.875833 0.443439  0.480363 0.376321
no_material
0  6.165630 -8.486640 13.678920  0.590931 -0.806539 -0.017183  0.484537 0.355252
0  4.271805 -9.595395 13.679279  0.410482 -0.911663 -0.019368  0.485469 0.365375
0  4.418505 -9.925245 12.318705  0.354618 -0.819687 0.449843  0.479097 0.366057
no_material
0  6.384960 -8.788860 12.319740  0.504228 -0.724713 0.469623  0.478099 0.355780
0  6.165630 -8.486640 13.678920  0.590931 -0.806539 -0.017183  0.484537 0.355252
0  4.418505 -9.925245 12.318705  0.354618 -0.819687 0.449843  0.479097 0.366057
no_material
0  -8.466255 -7.625205 15.771060  -0.612886 -0.556703 0.560761  0.506146 0.422987
0  -9.891315 -5.709600 15.774975  -0.712616 -0.424653 0.558434  0.508910 0.432581
0  -9.471735 -5.468940 15.086836  -0.790994 -0.463334 -0.399562  0.505440 0.433583
no_material
0  -8.122365 -7.312635 15.095070  -0.682481 -0.616323 -0.392892  0.502809 0.423861
0  -8.466255 -7.625205 15.771060  -0.612886 -0.556703 0.560761  0.506146 0.422987
0  -9.471735 -5.468940 15.086836  -0.790994 -0.463334 -0.399562  0.505440 0.433583
no_material
0  -8.122365 -7.312635 15.095070  -0.682481 -0.616323 -0.392892  0.502809 0.423861
0  -9.471735 -5.468940 15.086836  -0.790994 -0.463334 -0.399562  0.505440 0.433583
0  -9.113175 -5.263290 13.679055  -0.864941 -0.501576 -0.017285  0.499049 0.435359
no_material
0  -7.817040 -7.037235 13.680361  -0.741885 -0.670360 -0.014976  0.496317 0.425529
0  -8.122365 -7.312635 15.095070  -0.682481 -0.616323 -0.392892  0.502809 0.423861
0  -9.113175 -5.263290 13.679055  -0.864941 -0.501576 -0.017285  0.499049 0.435359
no_material
0  -7.817040 -7.037235 13.680361  -0.741885 -0.670360 -0.014976  0.496317 0.425529
0  -9.113175 -5.263290 13.679055  -0.864941 -0.501576 -0.017285  0.499049 0.435359
0  -9.434520 -5.445675 12.338684  -0.739183 -0.440326 0.509629  0.492910 0.437082
no_material
0  -8.095050 -7.287615 12.336390  -0.633735 -0.596803 0.492145  0.490190 0.427095
0  -7.817040 -7.037235 13.680361  -0.741885 -0.670360 -0.014976  0.496317 0.425529
0  -9.434520 -5.445675 12.338684  -0.739183 -0.440326 0.509629  0.492910 0.437082
no_material
0  -8.095050 -7.287615 12.336390  -0.633735 -0.596803 0.492145  0.490190 0.427095
0  -9.434520 -5.445675 12.338684  -0.739183 -0.440326 0.509629  0.492910 0.437082
0  -11.327624 -6.540570 9.303030  -0.725135 -0.439690 0.529954  0.477462 0.441333
no_material
0  -9.657360 -8.691885 9.253080  -0.616493 -0.595446 0.515151  0.474734 0.430929
0  -8.095050 -7.287615 12.336390  -0.633735 -0.596803 0.492145  0.490190 0.427095
0  -11.327624 -6.540570 9.303030  -0.725135 -0.439690 0.529954  0.477462 0.441333
no_material
0  -6.399495 -8.806995 12.331260  -0.500868 -0.727399 0.469066  0.487775 0.417059
0  -8.095050 -7.287615 12.336390  -0.633735 -0.596803 0.492145  0.490190 0.427095
0  -9.657360 -8.691885 9.253080  -0.616493 -0.595446 0.515151  0.474734 0.430929
no_material
0  -7.573320 -10.405530 9.188280  -0.482233 -0.724455 0.492561  0.472231 0.420525
0  -6.399495 -8.806995 12.331260  -0.500868 -0.727399 0.469066  0.487775 0.417059
0  -9.657360 -8.691885 9.253080  -0.616493 -0.595446 0.515151  0.474734 0.430929
no_material
0  -4.425525 -9.938519 12.325726  -0.351471 -0.821339 0.449301  0.485552 0.406958
0  -6.399495 -8.806995 12.331260  -0.500868 -0.727399 0.469066  0.487775 0.417059
0  -7.573320 -10.405530 9.188280  -0.482233 -0.724455 0.492561  0.472231 0.420525
no_material
0  -5.193090 -11.641545 9.132750  -0.339396 -0.814255 0.470956  0.469995 0.410049
0  -4.425525 -9.938519 12.325726  -0.351471 -0.821339 0.449301  0.485552 0.406958
0  -7.573320 -10.405530 9.188280  -0.482233 -0.724455 0.492561  0.472231 0.420525
no_material
0  -2.261835 -10.637594 12.323745  -0.186821 -0.876706 0.443265  0.483592 0.396791
0  -4.425525 -9.938519 12.325726  -0.351471 -0.821339 0.449301  0.485552 0.406958
0  -5.193090 -11.641545 9.132750  -0.339396 -0.814255 0.470956  0.469995 0.410049
no_material
0  -2.637765 -12.451500 9.127260  -0.185616 -0.866649 0.463105  0.468040 0.399486
0  -2.261835 -10.637594 12.323745  -0.186821 -0.876706 0.443265  0.483592 0.396791
0  -5.193090 -11.641545 9.132750  -0.339396 -0.814255 0.470956  0.469995 0.410049
no_material
0  -0.000585 -10.874655 12.323880  0.001637 -0.895762 0.444530  0.481993 0.386551
0  -2.261835 -10.637594 12.323745  -0.186821 -0.876706 0.443265  0.483592 0.396791
0  -2.637765 -12.451500 9.127260  -0.185616 -0.866649 0.463105  0.468040 0.399486
no_material
0  0.002790 -12.761100 9.142065  0.001449 -0.885706 0.464243  0.466296 0.389015
0  -0.000585 -10.874655 12.323880  0.001637 -0.895762 0.444530  0.481993 0.386551
0  -2.637765 -12.451500 9.127260  -0.185616 -0.866649 0.463105  0.468040 0.399486
no_material
0  2.259270 -10.630800 12.320325  0.190468 -0.875833 0.443439  0.480363 0.376321
0  -0.000585 -10.874655 12.323880  0.001637 -0.895762 0.444530  0.481993 0.386551
0  0.002790 -12.761100 9.142065  0.001449 -0.885706 0.464243  0.466296 0.389015
no_material
0  2.640240 -12.444390 9.123255  0.188317 -0.865657 0.463870  0.464733 0.378527
0  2.259270 -10.630800 12.320325  0.190468 -0.875833 0.443439  0.480363 0.376321
0  0.002790 -12.761100 9.142065  0.001449 -0.885706 0.464243  0.466296 0.389015
no_material
0  -9.891315 -5.709600 15.774975  -0.712616 -0.424653 0.558434  0.508910 0.432581
0  -10.913940 -3.546225 15.776190  -0.786399 -0.268718 0.556208  0.511927 0.442241
0  -10.413855 -3.384585 15.075721  -0.863296 -0.289028 -0.413742  0.508286 0.443318
no_material
0  -9.471735 -5.468940 15.086836  -0.790994 -0.463334 -0.399562  0.505440 0.433583
0  -9.891315 -5.709600 15.774975  -0.712616 -0.424653 0.558434  0.508910 0.432581
0  -10.413855 -3.384585 15.075721  -0.863296 -0.289028 -0.413742  0.508286 0.443318
no_material
0  -9.471735 -5.468940 15.086836  -0.790994 -0.463334 -0.399562  0.505440 0.433583
0  -10.413855 -3.384585 15.075721  -0.863296 -0.289028 -0.413742  0.508286 0.443318
0  -10.008540 -3.251070 13.676446  -0.949508 -0.312961 -0.022123  0.501987 0.445181
no_material
0  -9.113175 -5.263290 13.679055  -0.864941 -0.501576 -0.017285  0.499049 0.435359
0  -9.471735 -5.468940 15.086836  -0.790994 -0.463334 -0.399562  0.505440 0.433583
0  -10.008540 -3.251070 13.676446  -0.949508 -0.312961 -0.022123  0.501987 0.445181
no_material
0  -9.113175 -5.263290 13.679055  -0.864941 -0.501576 -0.017285  0.499049 0.435359
0  -10.008540 -3.251070 13.676446  -0.949508 -0.312961 -0.022123  0.501987 0.445181
0  -10.355716 -3.363435 12.332476  -0.812687 -0.267354 0.517747  0.495845 0.447043
no_material
0  -9.434520 -5.445675 12.338684  -0.739183 -0.440326 0.509629  0.492910 0.437082
0  -9.113175 -5.263290 13.679055  -0.864941 -0.501576 -0.017285  0.499049 0.435359
0  -10.355716 -3.363435 12.332476  -0.812687 -0.267354 0.517747  0.495845 0.447043
no_material
0  -9.434520 -5.445675 12.338684  -0.739183 -0.440326 0.509629  0.492910 0.437082
0  -10.355716 -3.363435 12.332476  -0.812687 -0.267354 0.517747  0.495845 0.447043
0  -12.486329 -4.057830 9.333675  -0.801628 -0.265203 0.535779  0.480478 0.451738
no_material
0  -11.327624 -6.540570 9.303030  -0.725135 -0.439690 0.529954  0.477462 0.441333
0  -9.434520 -5.445675 12.338684  -0.739183 -0.440326 0.509629  0.492910 0.437082
0  -12.486329 -4.057830 9.333675  -0.801628 -0.265203 0.535779  0.480478 0.451738
no_material
0  -11.327624 -6.540570 9.303030  -0.725135 -0.439690 0.529954  0.477462 0.441333
0  -12.486329 -4.057830 9.333675  -0.801628 -0.265203 0.535779  0.480478 0.451738
0  -12.980835 -4.218570 8.064180  -0.931879 -0.307908 0.191816  0.475311 0.453259
no_material
0  -11.783204 -6.805170 8.058286  -0.837958 -0.507095 0.201696  0.472348 0.442701
0  -11.327624 -6.540570 9.303030  -0.725135 -0.439690 0.529954  0.477462 0.441333
0  -12.980835 -4.218570 8.064180  -0.931879 -0.307908 0.191816  0.475311 0.453259
no_material
0  -9.657360 -8.691885 9.253080  -0.616493 -0.595446 0.515151  0.474734 0.430929
0  -11.327624 -6.540570 9.303030  -0.725135 -0.439690 0.529954  0.477462 0.441333
0  -11.783204 -6.805170 8.058286  -0.837958 -0.507095 0.201696  0.472348 0.442701
no_material
0  -10.044630 -9.042300 8.037089  -0.699548 -0.679455 0.221301  0.469672 0.432176
0  -9.657360 -8.691885 9.253080  -0.616493 -0.595446 0.515151  0.474734 0.430929
0  -11.783204 -6.805170 8.058286  -0.837958 -0.507095 0.201696  0.472348 0.442701
no_material
0  -7.573320 -10.405530 9.188280  -0.482233 -0.724455 0.492561  0.472231 0.420525
0  -9.657360 -8.691885 9.253080  -0.616493 -0.595446 0.515151  0.474734 0.430929
0  -10.044630 -9.042300 8.037089  -0.699548 -0.679455 0.221301  0.469672 0.432176
no_material
0  -7.864560 -10.805941 7.994430  -0.530052 -0.815270 0.233194  0.467263 0.421652
0  -7.573320 -10.405530 9.188280  -0.482233 -0.724455 0.492561  0.472231 0.420525
0  -10.044630 -9.042300 8.037089  -0.699548 -0.679455 0.221301  0.469672 0.432176
no_material
0  -5.193090 -11.641545 9.132750  -0.339396 -0.814255 0.470956  0.469995 0.410049
0  -7.573320 -10.405530 9.188280  -0.482233 -0.724455 0.492561  0.472231 0.420525
0  -7.864560 -10.805941 7.994430  -0.530052 -0.815270 0.233194  0.467263 0.421652
no_material
0  -5.382720 -12.058020 7.949565  -0.363658 -0.903147 0.228205  0.465052 0.411053
0  -5.193090 -11.641545 9.132750  -0.339396 -0.814255 0.470956  0.469995 0.410049
0  -7.864560 -10.805941 7.994430  -0.530052 -0.815270 0.233194  0.467263 0.421652
no_material
0  -2.637765 -12.451500 9.127260  -0.185616 -0.866649 0.463105  0.468040 0.399486
0  -5.193090 -11.641545 9.132750  -0.339396 -0.814255 0.470956  0.469995 0.410049
0  -5.382720 -12.058020 7.949565  -0.363658 -0.903147 0.228205  0.465052 0.411053
no_material
0  -2.728665 -12.872475 7.954515  -0.201052 -0.955845 0.214335  0.463160 0.400349
0  -2.637765 -12.451500 9.127260  -0.185616 -0.866649 0.463105  0.468040 0.399486
0  -5.382720 -12.058020 7.949565  -0.363658 -0.903147 0.228205  0.465052 0.411053
no_material
0  -10.355716 -3.363435 12.332476  -0.812687 -0.267354 0.517747  0.495845 0.447043
0  -10.837125 -1.141155 12.336300  -0.851792 -0.088989 0.516266  0.498907 0.456820
0  -13.043700 -1.371240 9.322741  -0.841182 -0.085119 0.534011  0.483776 0.462209
no_material
0  -10.355716 -3.363435 12.332476  -0.812687 -0.267354 0.517747  0.495845 0.447043
0  -10.008540 -3.251070 13.676446  -0.949508 -0.312961 -0.022123  0.501987 0.445181
0  -10.837125 -1.141155 12.336300  -0.851792 -0.088989 0.516266  0.498907 0.456820
no_material
0  -10.008540 -3.251070 13.676446  -0.949508 -0.312961 -0.022123  0.501987 0.445181
0  -10.480410 -1.104795 13.681845  -0.993715 -0.109094 -0.025098  0.504856 0.454923
0  -10.837125 -1.141155 12.336300  -0.851792 -0.088989 0.516266  0.498907 0.456820
no_material
0  -10.008540 -3.251070 13.676446  -0.949508 -0.312961 -0.022123  0.501987 0.445181
0  -10.413855 -3.384585 15.075721  -0.863296 -0.289028 -0.413742  0.508286 0.443318
0  -10.480410 -1.104795 13.681845  -0.993715 -0.109094 -0.025098  0.504856 0.454923
no_material
0  -10.413855 -3.384585 15.075721  -0.863296 -0.289028 -0.413742  0.508286 0.443318
0  -10.907414 -1.149525 15.063300  -0.899562 -0.100120 -0.425163  0.511117 0.453118
0  -10.480410 -1.104795 13.681845  -0.993715 -0.109094 -0.025098  0.504856 0.454923
no_material
0  -10.413855 -3.384585 15.075721  -0.863296 -0.289028 -0.413742  0.508286 0.443318
0  -10.913940 -3.546225 15.776190  -0.786399 -0.268718 0.556208  0.511927 0.442241
0  -10.907414 -1.149525 15.063300  -0.899562 -0.100120 -0.425163  0.511117 0.453118
no_material
0  -10.913940 -3.546225 15.776190  -0.786399 -0.268718 0.556208  0.511927 0.442241
0  -11.452950 -1.204290 15.778395  -0.826737 -0.095579 0.554410  0.514922 0.452093
0  -10.907414 -1.149525 15.063300  -0.899562 -0.100120 -0.425163  0.511117 0.453118
no_material
0  2.731680 -12.864285 7.959870  0.203109 -0.955098 0.215720  0.459863 0.379197
0  0.003420 -13.196385 7.959375  0.001177 -0.978136 0.207964  0.461383 0.389786
0  0.002610 -13.260465 6.759720  0.001508 -0.996308 -0.085840  0.456762 0.390514
no_material
0  0.002610 -13.260465 6.759720  0.001508 -0.996308 -0.085840  0.456762 0.390514
0  0.003420 -13.196385 7.959375  0.001177 -0.978136 0.207964  0.461383 0.389786
0  -2.752875 -12.955141 6.755400  -0.200340 -0.976256 -0.082386  0.458493 0.401193
no_material
0  0.003420 -13.196385 7.959375  0.001177 -0.978136 0.207964  0.461383 0.389786
0  -2.728665 -12.872475 7.954515  -0.201052 -0.955845 0.214335  0.463160 0.400349
0  -2.752875 -12.955141 6.755400  -0.200340 -0.976256 -0.082386  0.458493 0.401193
no_material
0  -2.752875 -12.955141 6.755400  -0.200340 -0.976256 -0.082386  0.458493 0.401193
0  -2.728665 -12.872475 7.954515  -0.201052 -0.955845 0.214335  0.463160 0.400349
0  -5.427990 -12.163905 6.748155  -0.375407 -0.922166 -0.093159  0.460379 0.411935
no_material
0  -2.728665 -12.872475 7.954515  -0.201052 -0.955845 0.214335  0.463160 0.400349
0  -5.382720 -12.058020 7.949565  -0.363658 -0.903147 0.228205  0.465052 0.411053
0  -5.427990 -12.163905 6.748155  -0.375407 -0.922166 -0.093159  0.460379 0.411935
no_material
0  -5.427990 -12.163905 6.748155  -0.375407 -0.922166 -0.093159  0.460379 0.411935
0  -5.382720 -12.058020 7.949565  -0.363658 -0.903147 0.228205  0.465052 0.411053
0  -7.925310 -10.900710 6.733305  -0.552388 -0.823157 -0.131452  0.462424 0.422618
no_material
0  -5.382720 -12.058020 7.949565  -0.363658 -0.903147 0.228205  0.465052 0.411053
0  -7.864560 -10.805941 7.994430  -0.530052 -0.815270 0.233194  0.467263 0.421652
0  -7.925310 -10.900710 6.733305  -0.552388 -0.823157 -0.131452  0.462424 0.422618
no_material
0  -7.925310 -10.900710 6.733305  -0.552388 -0.823157 -0.131452  0.462424 0.422618
0  -7.864560 -10.805941 7.994430  -0.530052 -0.815270 0.233194  0.467263 0.421652
0  -10.092375 -9.087255 6.722100  -0.716980 -0.674328 -0.176699  0.464704 0.433288
no_material
0  -7.864560 -10.805941 7.994430  -0.530052 -0.815270 0.233194  0.467263 0.421652
0  -10.044630 -9.042300 8.037089  -0.699548 -0.679455 0.221301  0.469672 0.432176
0  -10.092375 -9.087255 6.722100  -0.716980 -0.674328 -0.176699  0.464704 0.433288
no_material
0  -10.092375 -9.087255 6.722100  -0.716980 -0.674328 -0.176699  0.464704 0.433288
0  -10.044630 -9.042300 8.037089  -0.699548 -0.679455 0.221301  0.469672 0.432176
0  -11.786490 -6.805575 6.715035  -0.841962 -0.498180 -0.207164  0.467281 0.443992
no_material
0  -10.044630 -9.042300 8.037089  -0.699548 -0.679455 0.221301  0.469672 0.432176
0  -11.783204 -6.805170 8.058286  -0.837958 -0.507095 0.201696  0.472348 0.442701
0  -11.786490 -6.805575 6.715035  -0.841962 -0.498180 -0.207164  0.467281 0.443992
no_material
0  -11.786490 -6.805575 6.715035  -0.841962 -0.498180 -0.207164  0.467281 0.443992
0  -11.783204 -6.805170 8.058286  -0.837958 -0.507095 0.201696  0.472348 0.442701
0  -12.962206 -4.212585 6.710175  -0.926997 -0.307399 -0.214903  0.470193 0.454749
no_material
0  -11.783204 -6.805170 8.058286  -0.837958 -0.507095 0.201696  0.472348 0.442701
0  -12.980835 -4.218570 8.064180  -0.931879 -0.307908 0.191816  0.475311 0.453259
0  -12.962206 -4.212585 6.710175  -0.926997 -0.307399 -0.214903  0.470193 0.454749
no_material
0  -12.962206 -4.212585 6.710175  -0.926997 -0.307399 -0.214903  0.470193 0.454749
0  -12.980835 -4.218570 8.064180  -0.931879 -0.307908 0.191816  0.475311 0.453259
0  -13.570919 -1.427535 6.707475  -0.972866 -0.104219 -0.206566  0.473447 0.465587
no_material
0  -12.980835 -4.218570 8.064180  -0.931879 -0.307908 0.191816  0.475311 0.453259
0  -13.551795 -1.424835 8.061930  -0.975504 -0.098739 0.196576  0.478603 0.463917
0  -13.570919 -1.427535 6.707475  -0.972866 -0.104219 -0.206566  0.473447 0.465587
no_material
0  -12.980835 -4.218570 8.064180  -0.931879 -0.307908 0.191816  0.475311 0.453259
0  -12.486329 -4.057830 9.333675  -0.801628 -0.265203 0.535779  0.480478 0.451738
0  -13.551795 -1.424835 8.061930  -0.975504 -0.098739 0.196576  0.478603 0.463917
no_material
0  -12.486329 -4.057830 9.333675  -0.801628 -0.265203 0.535779  0.480478 0.451738
0  -13.043700 -1.371240 9.322741  -0.841182 -0.085119 0.534011  0.483776 0.462209
0  -13.551795 -1.424835 8.061930  -0.975504 -0.098739 0.196576  0.478603 0.463917
no_material
0  -12.486329 -4.057830 9.333675  -0.801628 -0.265203 0.535779  0.480478 0.451738
0  -10.355716 -3.363435 12.332476  -0.812687 -0.267354 0.517747  0.495845 0.447043
0  -13.043700 -1.371240 9.322741  -0.841182 -0.085119 0.534011  0.483776 0.462209
no_material
0  -11.452950 -1.204290 15.778395  -0.826737 -0.095579 0.554410  0.514922 0.452093
0  -11.475720 1.205910 15.780556  -0.829256 0.082337 0.552771  0.517483 0.462200
0  -10.907235 1.149120 15.061545  -0.896292 0.094064 -0.433373  0.513575 0.462910
no_material
0  -10.907414 -1.149525 15.063300  -0.899562 -0.100120 -0.425163  0.511117 0.453118
0  -11.452950 -1.204290 15.778395  -0.826737 -0.095579 0.554410  0.514922 0.452093
0  -10.907235 1.149120 15.061545  -0.896292 0.094064 -0.433373  0.513575 0.462910
no_material
0  -10.907414 -1.149525 15.063300  -0.899562 -0.100120 -0.425163  0.511117 0.453118
0  -10.907235 1.149120 15.061545  -0.896292 0.094064 -0.433373  0.513575 0.462910
0  -10.487070 1.104750 13.682745  -0.994135 0.105301 -0.024666  0.507599 0.464292
no_material
0  -10.480410 -1.104795 13.681845  -0.993715 -0.109094 -0.025098  0.504856 0.454923
0  -10.907414 -1.149525 15.063300  -0.899562 -0.100120 -0.425163  0.511117 0.453118
0  -10.487070 1.104750 13.682745  -0.994135 0.105301 -0.024666  0.507599 0.464292
no_material
0  -10.480410 -1.104795 13.681845  -0.993715 -0.109094 -0.025098  0.504856 0.454923
0  -10.487070 1.104750 13.682745  -0.994135 0.105301 -0.024666  0.507599 0.464292
0  -10.842256 1.141110 12.343680  -0.853392 0.090164 0.513413  0.502102 0.466192
no_material
0  -10.837125 -1.141155 12.336300  -0.851792 -0.088989 0.516266  0.498907 0.456820
0  -10.480410 -1.104795 13.681845  -0.993715 -0.109094 -0.025098  0.504856 0.454923
0  -10.842256 1.141110 12.343680  -0.853392 0.090164 0.513413  0.502102 0.466192
no_material
0  -10.837125 -1.141155 12.336300  -0.851792 -0.088989 0.516266  0.498907 0.456820
0  -10.842256 1.141110 12.343680  -0.853392 0.090164 0.513413  0.502102 0.466192
0  -13.026780 1.369125 9.313155  -0.841859 0.088584 0.532379  0.487711 0.472788
no_material
0  -13.043700 -1.371240 9.322741  -0.841182 -0.085119 0.534011  0.483776 0.462209
0  -10.837125 -1.141155 12.336300  -0.851792 -0.088989 0.516266  0.498907 0.456820
0  -13.026780 1.369125 9.313155  -0.841859 0.088584 0.532379  0.487711 0.472788
no_material
0  -13.043700 -1.371240 9.322741  -0.841182 -0.085119 0.534011  0.483776 0.462209
0  -13.026780 1.369125 9.313155  -0.841859 0.088584 0.532379  0.487711 0.472788
0  -13.537125 1.422405 8.059501  -0.973738 0.099985 0.204543  0.482428 0.474951
no_material
0  -13.551795 -1.424835 8.061930  -0.975504 -0.098739 0.196576  0.478603 0.463917
0  -13.043700 -1.371240 9.322741  -0.841182 -0.085119 0.534011  0.483776 0.462209
0  -13.537125 1.422405 8.059501  -0.973738 0.099985 0.204543  0.482428 0.474951
no_material
0  -13.551795 -1.424835 8.061930  -0.975504 -0.098739 0.196576  0.478603 0.463917
0  -13.537125 1.422405 8.059501  -0.973738 0.099985 0.204543  0.482428 0.474951
0  -13.578435 1.427760 6.707115  -0.974376 0.099443 -0.201747  0.476998 0.476775
no_material
0  -13.570919 -1.427535 6.707475  -0.972866 -0.104219 -0.206566  0.473447 0.465587
0  -13.551795 -1.424835 8.061930  -0.975504 -0.098739 0.196576  0.478603 0.463917
0  -13.578435 1.427760 6.707115  -0.974376 0.099443 -0.201747  0.476998 0.476775
no_material
0  -13.570919 -1.427535 6.707475  -0.972866 -0.104219 -0.206566  0.473447 0.465587
0  -13.578435 1.427760 6.707115  -0.974376 0.099443 -0.201747  0.476998 0.476775
0  -12.998879 1.368855 5.398695  -0.988247 0.105021 0.111080  0.471106 0.478334
no_material
0  -12.995054 -1.369215 5.398965  -0.987026 -0.110152 0.116814  0.467790 0.467258
0  -13.570919 -1.427535 6.707475  -0.972866 -0.104219 -0.206566  0.473447 0.465587
0  -12.998879 1.368855 5.398695  -0.988247 0.105021 0.111080  0.471106 0.478334
no_material
0  -12.962206 -4.212585 6.710175  -0.926997 -0.307399 -0.214903  0.470193 0.454749
0  -13.570919 -1.427535 6.707475  -0.972866 -0.104219 -0.206566  0.473447 0.465587
0  -12.995054 -1.369215 5.398965  -0.987026 -0.110152 0.116814  0.467790 0.467258
no_material
0  -12.396015 -4.029525 5.390100  -0.942162 -0.317144 0.108401  0.464519 0.456328
0  -12.962206 -4.212585 6.710175  -0.926997 -0.307399 -0.214903  0.470193 0.454749
0  -12.995054 -1.369215 5.398965  -0.987026 -0.110152 0.116814  0.467790 0.467258
no_material
0  -11.786490 -6.805575 6.715035  -0.841962 -0.498180 -0.207164  0.467281 0.443992
0  -12.962206 -4.212585 6.710175  -0.926997 -0.307399 -0.214903  0.470193 0.454749
0  -12.396015 -4.029525 5.390100  -0.942162 -0.317144 0.108401  0.464519 0.456328
no_material
0  -11.274885 -6.511005 5.389200  -0.859112 -0.500523 0.106787  0.461606 0.445407
0  -11.786490 -6.805575 6.715035  -0.841962 -0.498180 -0.207164  0.467281 0.443992
0  -12.396015 -4.029525 5.390100  -0.942162 -0.317144 0.108401  0.464519 0.456328
no_material
0  -10.092375 -9.087255 6.722100  -0.716980 -0.674328 -0.176699  0.464704 0.433288
0  -11.786490 -6.805575 6.715035  -0.841962 -0.498180 -0.207164  0.467281 0.443992
0  -11.274885 -6.511005 5.389200  -0.859112 -0.500523 0.106787  0.461606 0.445407
no_material
0  -9.679140 -8.713080 5.396445  -0.735183 -0.663872 0.137042  0.459101 0.434510
0  -10.092375 -9.087255 6.722100  -0.716980 -0.674328 -0.176699  0.464704 0.433288
0  -11.274885 -6.511005 5.389200  -0.859112 -0.500523 0.106787  0.461606 0.445407
no_material
0  -7.925310 -10.900710 6.733305  -0.552388 -0.823157 -0.131452  0.462424 0.422618
0  -10.092375 -9.087255 6.722100  -0.716980 -0.674328 -0.176699  0.464704 0.433288
0  -9.679140 -8.713080 5.396445  -0.735183 -0.663872 0.137042  0.459101 0.434510
no_material
0  -7.655175 -10.535805 5.393475  -0.564386 -0.803202 0.190619  0.456904 0.423646
0  -7.925310 -10.900710 6.733305  -0.552388 -0.823157 -0.131452  0.462424 0.422618
0  -9.679140 -8.713080 5.396445  -0.735183 -0.663872 0.137042  0.459101 0.434510
no_material
0  -5.427990 -12.163905 6.748155  -0.375407 -0.922166 -0.093159  0.460379 0.411935
0  -7.925310 -10.900710 6.733305  -0.552388 -0.823157 -0.131452  0.462424 0.422618
0  -7.655175 -10.535805 5.393475  -0.564386 -0.803202 0.190619  0.456904 0.423646
no_material
0  -5.282010 -11.864429 5.388705  -0.374630 -0.899113 0.226380  0.454897 0.412848
0  -5.427990 -12.163905 6.748155  -0.375407 -0.922166 -0.093159  0.460379 0.411935
0  -7.655175 -10.535805 5.393475  -0.564386 -0.803202 0.190619  0.456904 0.423646
no_material
0  -2.752875 -12.955141 6.755400  -0.200340 -0.976256 -0.082386  0.458493 0.401193
0  -5.427990 -12.163905 6.748155  -0.375407 -0.922166 -0.093159  0.460379 0.411935
0  -5.282010 -11.864429 5.388705  -0.374630 -0.899113 0.226380  0.454897 0.412848
no_material
0  -2.694105 -12.674476 5.383755  -0.193384 -0.952912 0.233583  0.453033 0.402123
0  -2.752875 -12.955141 6.755400  -0.200340 -0.976256 -0.082386  0.458493 0.401193
0  -5.282010 -11.864429 5.388705  -0.374630 -0.899113 0.226380  0.454897 0.412848
no_material
0  0.002610 -13.260465 6.759720  0.001508 -0.996308 -0.085840  0.456762 0.390514
0  -2.752875 -12.955141 6.755400  -0.200340 -0.976256 -0.082386  0.458493 0.401193
0  -2.694105 -12.674476 5.383755  -0.193384 -0.952912 0.233583  0.453033 0.402123
no_material
0  -0.000090 -12.955635 5.382900  0.003001 -0.973132 0.230229  0.451208 0.391394
0  0.002610 -13.260465 6.759720  0.001508 -0.996308 -0.085840  0.456762 0.390514
0  -2.694105 -12.674476 5.383755  -0.193384 -0.952912 0.233583  0.453033 0.402123
no_material
0  2.755755 -12.951000 6.754275  0.203122 -0.975397 -0.085688  0.455139 0.379830
0  0.002610 -13.260465 6.759720  0.001508 -0.996308 -0.085840  0.456762 0.390514
0  -0.000090 -12.955635 5.382900  0.003001 -0.973132 0.230229  0.451208 0.391394
no_material
0  2.690775 -12.659085 5.378715  0.199905 -0.954159 0.222753  0.449637 0.380631
0  2.755755 -12.951000 6.754275  0.203122 -0.975397 -0.085688  0.455139 0.379830
0  -0.000090 -12.955635 5.382900  0.003001 -0.973132 0.230229  0.451208 0.391394
no_material
0  5.428305 -12.156660 6.746850  0.378192 -0.920332 -0.099795  0.453649 0.369049
0  2.755755 -12.951000 6.754275  0.203122 -0.975397 -0.085688  0.455139 0.379830
0  2.690775 -12.659085 5.378715  0.199905 -0.954159 0.222753  0.449637 0.380631
no_material
0  5.268870 -11.834685 5.382540  0.381549 -0.901131 0.205874  0.448117 0.369875
0  5.428305 -12.156660 6.746850  0.378192 -0.920332 -0.099795  0.453649 0.369049
0  2.690775 -12.659085 5.378715  0.199905 -0.954159 0.222753  0.449637 0.380631
no_material
0  7.916355 -10.885230 6.732855  0.555859 -0.819506 -0.139395  0.452333 0.358301
0  5.428305 -12.156660 6.746850  0.378192 -0.920332 -0.099795  0.453649 0.369049
0  5.268870 -11.834685 5.382540  0.381549 -0.901131 0.205874  0.448117 0.369875
no_material
0  7.627860 -10.499400 5.388120  0.570544 -0.804107 0.167008  0.446721 0.359024
0  7.916355 -10.885230 6.732855  0.555859 -0.819506 -0.139395  0.452333 0.358301
0  5.268870 -11.834685 5.382540  0.381549 -0.901131 0.205874  0.448117 0.369875
no_material
0  10.064341 -9.060884 6.729435  0.719775 -0.669824 -0.182375  0.451256 0.347504
0  7.916355 -10.885230 6.732855  0.555859 -0.819506 -0.139395  0.452333 0.358301
0  7.627860 -10.499400 5.388120  0.570544 -0.804107 0.167008  0.446721 0.359024
no_material
0  9.637965 -8.677936 5.384790  0.738545 -0.663623 0.118979  0.445469 0.348068
0  10.064341 -9.060884 6.729435  0.719775 -0.669824 -0.182375  0.451256 0.347504
0  7.627860 -10.499400 5.388120  0.570544 -0.804107 0.167008  0.446721 0.359024
no_material
0  11.804581 6.815160 8.063775  0.854014 0.478442 0.204339  0.455549 0.281161
0  12.917789 4.196835 8.053470  0.934891 0.291725 0.202174  0.455044 0.292329
0  12.942270 4.204935 6.716070  0.932075 0.294146 -0.211460  0.449730 0.292179
no_material
0  12.942270 4.204935 6.716070  0.932075 0.294146 -0.211460  0.449730 0.292179
0  12.917789 4.196835 8.053470  0.934891 0.291725 0.202174  0.455044 0.292329
0  13.505130 1.419390 6.722370  0.974226 0.098518 -0.202924  0.449589 0.303386
no_material
0  12.917789 4.196835 8.053470  0.934891 0.291725 0.202174  0.455044 0.292329
0  13.478986 1.416420 8.046900  0.975350 0.100055 0.196674  0.454832 0.303451
0  13.505130 1.419390 6.722370  0.974226 0.098518 -0.202924  0.449589 0.303386
no_material
0  13.505130 1.419390 6.722370  0.974226 0.098518 -0.202924  0.449589 0.303386
0  13.478986 1.416420 8.046900  0.975350 0.100055 0.196674  0.454832 0.303451
0  13.498876 -1.418625 6.723855  0.972787 -0.103233 -0.207435  0.449629 0.314521
no_material
0  13.478986 1.416420 8.046900  0.975350 0.100055 0.196674  0.454832 0.303451
0  13.493610 -1.418265 8.050140  0.977130 -0.098562 0.188419  0.454838 0.314485
0  13.498876 -1.418625 6.723855  0.972787 -0.103233 -0.207435  0.449629 0.314521
no_material
0  13.498876 -1.418625 6.723855  0.972787 -0.103233 -0.207435  0.449629 0.314521
0  13.493610 -1.418265 8.050140  0.977130 -0.098562 0.188419  0.454838 0.314485
0  12.900645 -4.191480 6.726150  0.927644 -0.305243 -0.215182  0.449882 0.325599
no_material
0  13.493610 -1.418265 8.050140  0.977130 -0.098562 0.188419  0.454838 0.314485
0  12.925035 -4.199670 8.054325  0.933540 -0.306637 0.185682  0.455055 0.325424
0  12.900645 -4.191480 6.726150  0.927644 -0.305243 -0.215182  0.449882 0.325599
no_material
0  12.900645 -4.191480 6.726150  0.927644 -0.305243 -0.215182  0.449882 0.325599
0  12.925035 -4.199670 8.054325  0.933540 -0.306637 0.185682  0.455055 0.325424
0  11.740185 -6.777900 6.728086  0.843367 -0.494950 -0.209180  0.450431 0.336601
no_material
0  12.925035 -4.199670 8.054325  0.933540 -0.306637 0.185682  0.455055 0.325424
0  11.740094 -6.777810 8.047575  0.840383 -0.504499 0.198085  0.455531 0.336261
0  11.740185 -6.777900 6.728086  0.843367 -0.494950 -0.209180  0.450431 0.336601
no_material
0  11.740185 -6.777900 6.728086  0.843367 -0.494950 -0.209180  0.450431 0.336601
0  11.740094 -6.777810 8.047575  0.840383 -0.504499 0.198085  0.455531 0.336261
0  10.064341 -9.060884 6.729435  0.719775 -0.669824 -0.182375  0.451256 0.347504
no_material
0  11.740094 -6.777810 8.047575  0.840383 -0.504499 0.198085  0.455531 0.336261
0  10.018350 -9.015345 8.027100  0.703147 -0.676081 0.220224  0.456244 0.347031
0  10.064341 -9.060884 6.729435  0.719775 -0.669824 -0.182375  0.451256 0.347504
no_material
0  10.064341 -9.060884 6.729435  0.719775 -0.669824 -0.182375  0.451256 0.347504
0  10.018350 -9.015345 8.027100  0.703147 -0.676081 0.220224  0.456244 0.347031
0  7.916355 -10.885230 6.732855  0.555859 -0.819506 -0.139395  0.452333 0.358301
no_material
0  10.018350 -9.015345 8.027100  0.703147 -0.676081 0.220224  0.456244 0.347031
0  7.856235 -10.787129 7.987185  0.533871 -0.812455 0.234306  0.457195 0.357728
0  7.916355 -10.885230 6.732855  0.555859 -0.819506 -0.139395  0.452333 0.358301
no_material
0  7.916355 -10.885230 6.732855  0.555859 -0.819506 -0.139395  0.452333 0.358301
0  7.856235 -10.787129 7.987185  0.533871 -0.812455 0.234306  0.457195 0.357728
0  5.428305 -12.156660 6.746850  0.378192 -0.920332 -0.099795  0.453649 0.369049
no_material
0  7.856235 -10.787129 7.987185  0.533871 -0.812455 0.234306  0.457195 0.357728
0  5.381685 -12.044925 7.955955  0.366242 -0.901612 0.230138  0.458391 0.368450
0  5.428305 -12.156660 6.746850  0.378192 -0.920332 -0.099795  0.453649 0.369049
no_material
0  5.428305 -12.156660 6.746850  0.378192 -0.920332 -0.099795  0.453649 0.369049
0  5.381685 -12.044925 7.955955  0.366242 -0.901612 0.230138  0.458391 0.368450
0  2.755755 -12.951000 6.754275  0.203122 -0.975397 -0.085688  0.455139 0.379830
no_material
0  5.381685 -12.044925 7.955955  0.366242 -0.901612 0.230138  0.458391 0.368450
0  2.731680 -12.864285 7.959870  0.203109 -0.955098 0.215720  0.459863 0.379197
0  2.755755 -12.951000 6.754275  0.203122 -0.975397 -0.085688  0.455139 0.379830
no_material
0  2.755755 -12.951000 6.754275  0.203122 -0.975397 -0.085688  0.455139 0.379830
0  2.731680 -12.864285 7.959870  0.203109 -0.955098 0.215720  0.459863 0.379197
0  0.002610 -13.260465 6.759720  0.001508 -0.996308 -0.085840  0.456762 0.390514
no_material
0  0.002790 -12.761100 9.142065  0.001449 -0.885706 0.464243  0.466296 0.389015
0  -2.637765 -12.451500 9.127260  -0.185616 -0.866649 0.463105  0.468040 0.399486
0  -2.728665 -12.872475 7.954515  -0.201052 -0.955845 0.214335  0.463160 0.400349
no_material
0  0.003420 -13.196385 7.959375  0.001177 -0.978136 0.207964  0.461383 0.389786
0  0.002790 -12.761100 9.142065  0.001449 -0.885706 0.464243  0.466296 0.389015
0  -2.728665 -12.872475 7.954515  -0.201052 -0.955845 0.214335  0.463160 0.400349
no_material
0  2.640240 -12.444390 9.123255  0.188317 -0.865657 0.463870  0.464733 0.378527
0  0.002790 -12.761100 9.142065  0.001449 -0.885706 0.464243  0.466296 0.389015
0  0.003420 -13.196385 7.959375  0.001177 -0.978136 0.207964  0.461383 0.389786
no_material
0  2.731680 -12.864285 7.959870  0.203109 -0.955098 0.215720  0.459863 0.379197
0  2.640240 -12.444390 9.123255  0.188317 -0.865657 0.463870  0.464733 0.378527
0  0.003420 -13.196385 7.959375  0.001177 -0.978136 0.207964  0.461383 0.389786
no_material
0  5.192055 -11.629665 9.125775  0.342188 -0.812371 0.472186  0.463344 0.367893
0  2.640240 -12.444390 9.123255  0.188317 -0.865657 0.463870  0.464733 0.378527
0  2.731680 -12.864285 7.959870  0.203109 -0.955098 0.215720  0.459863 0.379197
no_material
0  5.381685 -12.044925 7.955955  0.366242 -0.901612 0.230138  0.458391 0.368450
0  5.192055 -11.629665 9.125775  0.342188 -0.812371 0.472186  0.463344 0.367893
0  2.731680 -12.864285 7.959870  0.203109 -0.955098 0.215720  0.459863 0.379197
no_material
0  7.565850 -10.387710 9.176625  0.485565 -0.721631 0.493432  0.462239 0.357266
0  5.192055 -11.629665 9.125775  0.342188 -0.812371 0.472186  0.463344 0.367893
0  5.381685 -12.044925 7.955955  0.366242 -0.901612 0.230138  0.458391 0.368450
no_material
0  7.856235 -10.787129 7.987185  0.533871 -0.812455 0.234306  0.457195 0.357728
0  7.565850 -10.387710 9.176625  0.485565 -0.721631 0.493432  0.462239 0.357266
0  5.381685 -12.044925 7.955955  0.366242 -0.901612 0.230138  0.458391 0.368450
no_material
0  9.637470 -8.670240 9.235800  0.619437 -0.592330 0.515212  0.461393 0.346645
0  7.565850 -10.387710 9.176625  0.485565 -0.721631 0.493432  0.462239 0.357266
0  7.856235 -10.787129 7.987185  0.533871 -0.812455 0.234306  0.457195 0.357728
no_material
0  10.018350 -9.015345 8.027100  0.703147 -0.676081 0.220224  0.456244 0.347031
0  9.637470 -8.670240 9.235800  0.619437 -0.592330 0.515212  0.461393 0.346645
0  7.856235 -10.787129 7.987185  0.533871 -0.812455 0.234306  0.457195 0.357728
no_material
0  11.296440 -6.520590 9.281385  0.726833 -0.437418 0.529509  0.460735 0.335964
0  9.637470 -8.670240 9.235800  0.619437 -0.592330 0.515212  0.461393 0.346645
0  10.018350 -9.015345 8.027100  0.703147 -0.676081 0.220224  0.456244 0.347031
no_material
0  11.740094 -6.777810 8.047575  0.840383 -0.504499 0.198085  0.455531 0.336261
0  11.296440 -6.520590 9.281385  0.726833 -0.437418 0.529509  0.460735 0.335964
0  10.018350 -9.015345 8.027100  0.703147 -0.676081 0.220224  0.456244 0.347031
no_material
0  12.448305 -4.044825 9.308115  0.802280 -0.264373 0.535213  0.460295 0.325239
0  11.296440 -6.520590 9.281385  0.726833 -0.437418 0.529509  0.460735 0.335964
0  11.740094 -6.777810 8.047575  0.840383 -0.504499 0.198085  0.455531 0.336261
no_material
0  12.925035 -4.199670 8.054325  0.933540 -0.306637 0.185682  0.455055 0.325424
0  12.448305 -4.044825 9.308115  0.802280 -0.264373 0.535213  0.460295 0.325239
0  11.740094 -6.777810 8.047575  0.840383 -0.504499 0.198085  0.455531 0.336261
no_material
0  13.002614 -1.366650 9.299520  0.841638 -0.085080 0.533298  0.460112 0.314438
0  12.448305 -4.044825 9.308115  0.802280 -0.264373 0.535213  0.460295 0.325239
0  12.925035 -4.199670 8.054325  0.933540 -0.306637 0.185682  0.455055 0.325424
no_material
0  13.493610 -1.418265 8.050140  0.977130 -0.098562 0.188419  0.454838 0.314485
0  13.002614 -1.366650 9.299520  0.841638 -0.085080 0.533298  0.460112 0.314438
0  12.925035 -4.199670 8.054325  0.933540 -0.306637 0.185682  0.455055 0.325424
no_material
0  12.985785 1.364445 9.289755  0.842318 0.088736 0.531627  0.460173 0.303527
0  13.002614 -1.366650 9.299520  0.841638 -0.085080 0.533298  0.460112 0.314438
0  13.493610 -1.418265 8.050140  0.977130 -0.098562 0.188419  0.454838 0.314485
no_material
0  13.478986 1.416420 8.046900  0.975350 0.100055 0.196674  0.454832 0.303451
0  12.985785 1.364445 9.289755  0.842318 0.088736 0.531627  0.460173 0.303527
0  13.493610 -1.418265 8.050140  0.977130 -0.098562 0.188419  0.454838 0.314485
no_material
0  4.418505 -9.925245 12.318705  0.354618 -0.819687 0.449843  0.479097 0.366057
0  2.259270 -10.630800 12.320325  0.190468 -0.875833 0.443439  0.480363 0.376321
0  2.640240 -12.444390 9.123255  0.188317 -0.865657 0.463870  0.464733 0.378527
no_material
0  5.192055 -11.629665 9.125775  0.342188 -0.812371 0.472186  0.463344 0.367893
0  4.418505 -9.925245 12.318705  0.354618 -0.819687 0.449843  0.479097 0.366057
0  2.640240 -12.444390 9.123255  0.188317 -0.865657 0.463870  0.464733 0.378527
no_material
0  6.384960 -8.788860 12.319740  0.504228 -0.724713 0.469623  0.478099 0.355780
0  4.418505 -9.925245 12.318705  0.354618 -0.819687 0.449843  0.479097 0.366057
0  5.192055 -11.629665 9.125775  0.342188 -0.812371 0.472186  0.463344 0.367893
no_material
0  7.565850 -10.387710 9.176625  0.485565 -0.721631 0.493432  0.462239 0.357266
0  6.384960 -8.788860 12.319740  0.504228 -0.724713 0.469623  0.478099 0.355780
0  5.192055 -11.629665 9.125775  0.342188 -0.812371 0.472186  0.463344 0.367893
no_material
0  8.069941 -7.266555 12.319245  0.636641 -0.593303 0.492626  0.477295 0.345499
0  6.384960 -8.788860 12.319740  0.504228 -0.724713 0.469623  0.478099 0.355780
0  7.565850 -10.387710 9.176625  0.485565 -0.721631 0.493432  0.462239 0.357266
no_material
0  9.637470 -8.670240 9.235800  0.619437 -0.592330 0.515212  0.461393 0.346645
0  8.069941 -7.266555 12.319245  0.636641 -0.593303 0.492626  0.477295 0.345499
0  7.565850 -10.387710 9.176625  0.485565 -0.721631 0.493432  0.462239 0.357266
no_material
0  9.397710 -5.425965 12.316185  0.740480 -0.437463 0.510211  0.476789 0.335175
0  8.069941 -7.266555 12.319245  0.636641 -0.593303 0.492626  0.477295 0.345499
0  9.637470 -8.670240 9.235800  0.619437 -0.592330 0.515212  0.461393 0.346645
no_material
0  11.296440 -6.520590 9.281385  0.726833 -0.437418 0.529509  0.460735 0.335964
0  9.397710 -5.425965 12.316185  0.740480 -0.437463 0.510211  0.476789 0.335175
0  9.637470 -8.670240 9.235800  0.619437 -0.592330 0.515212  0.461393 0.346645
no_material
0  10.310040 -3.350115 12.310920  0.812498 -0.266410 0.518529  0.476553 0.324845
0  9.397710 -5.425965 12.316185  0.740480 -0.437463 0.510211  0.476789 0.335175
0  11.296440 -6.520590 9.281385  0.726833 -0.437418 0.529509  0.460735 0.335964
no_material
0  12.448305 -4.044825 9.308115  0.802280 -0.264373 0.535213  0.460295 0.325239
0  10.310040 -3.350115 12.310920  0.812498 -0.266410 0.518529  0.476553 0.324845
0  11.296440 -6.520590 9.281385  0.726833 -0.437418 0.529509  0.460735 0.335964
no_material
0  10.789065 -1.134945 12.314880  0.851111 -0.088832 0.517416  0.476405 0.314441
0  10.310040 -3.350115 12.310920  0.812498 -0.266410 0.518529  0.476553 0.324845
0  12.448305 -4.044825 9.308115  0.802280 -0.264373 0.535213  0.460295 0.325239
no_material
0  13.002614 -1.366650 9.299520  0.841638 -0.085080 0.533298  0.460112 0.314438
0  10.789065 -1.134945 12.314880  0.851111 -0.088832 0.517416  0.476405 0.314441
0  12.448305 -4.044825 9.308115  0.802280 -0.264373 0.535213  0.460295 0.325239
no_material
0  10.795995 1.135395 12.318255  0.852597 0.090468 0.514679  0.476408 0.303823
0  10.789065 -1.134945 12.314880  0.851111 -0.088832 0.517416  0.476405 0.314441
0  13.002614 -1.366650 9.299520  0.841638 -0.085080 0.533298  0.460112 0.314438
no_material
0  12.985785 1.364445 9.289755  0.842318 0.088736 0.531627  0.460173 0.303527
0  10.795995 1.135395 12.318255  0.852597 0.090468 0.514679  0.476408 0.303823
0  13.002614 -1.366650 9.299520  0.841638 -0.085080 0.533298  0.460112 0.314438
no_material
0  10.319985 3.353625 12.316231  0.815102 0.262122 0.516625  0.476881 0.293150
0  10.795995 1.135395 12.318255  0.852597 0.090468 0.514679  0.476408 0.303823
0  12.985785 1.364445 9.289755  0.842318 0.088736 0.531627  0.460173 0.303527
no_material
0  12.427425 4.037985 9.295290  0.805021 0.255302 0.535501  0.460426 0.292535
0  10.319985 3.353625 12.316231  0.815102 0.262122 0.516625  0.476881 0.293150
0  12.985785 1.364445 9.289755  0.842318 0.088736 0.531627  0.460173 0.303527
no_material
0  9.396855 5.425695 12.316185  0.741421 0.422683 0.521185  0.477521 0.282493
0  10.319985 3.353625 12.316231  0.815102 0.262122 0.516625  0.476881 0.293150
0  12.427425 4.037985 9.295290  0.805021 0.255302 0.535501  0.460426 0.292535
no_material
0  11.340945 6.547680 9.312345  0.731506 0.413643 0.542032  0.460975 0.281497
0  9.396855 5.425695 12.316185  0.741421 0.422683 0.521185  0.477521 0.282493
0  12.427425 4.037985 9.295290  0.805021 0.255302 0.535501  0.460426 0.292535
no_material
0  5.259240 0.570465 59.589897  0.712265 0.074005 0.697998  0.165249 0.909019
0  4.912875 0.530595 59.769718  -0.031529 0.060303 0.997682  0.165341 0.907192
0  4.912650 -0.530460 59.765808  -0.031831 -0.059082 0.997746  0.170410 0.907213
no_material
0  4.912875 0.530595 59.769718  -0.031529 0.060303 0.997682  0.165341 0.907192
0  5.259240 0.570465 59.589897  0.712265 0.074005 0.697998  0.165249 0.909019
0  4.806855 1.604385 59.632153  -0.120418 0.168451 0.978327  0.160125 0.907594
no_material
0  5.257350 -0.571050 59.590797  0.712521 -0.073251 0.697817  0.170491 0.909048
0  4.912650 -0.530460 59.765808  -0.031831 -0.059082 0.997746  0.170410 0.907213
0  4.805910 -1.606185 59.638817  -0.122014 -0.156717 0.980078  0.175633 0.907623
no_material
0  5.257350 -0.571050 59.590797  0.712521 -0.073251 0.697817  0.170491 0.909048
0  5.259240 0.570465 59.589897  0.712265 0.074005 0.697998  0.165249 0.909019
0  4.912650 -0.530460 59.765808  -0.031831 -0.059082 0.997746  0.170410 0.907213
no_material
0  6.468390 0.694710 58.175728  0.813526 0.072595 0.576979  0.164959 0.917223
0  5.259240 0.570465 59.589897  0.712265 0.074005 0.697998  0.165249 0.909019
0  5.257350 -0.571050 59.590797  0.712521 -0.073251 0.697817  0.170491 0.909048
no_material
0  5.259240 0.570465 59.589897  0.712265 0.074005 0.697998  0.165249 0.909019
0  6.468390 0.694710 58.175728  0.813526 0.072595 0.576979  0.164959 0.917223
0  5.119065 1.716030 59.473843  0.670769 0.222579 0.707479  0.159913 0.909325
no_material
0  5.259240 0.570465 59.589897  0.712265 0.074005 0.697998  0.165249 0.909019
0  5.119065 1.716030 59.473843  0.670769 0.222579 0.707479  0.159913 0.909325
0  4.806855 1.604385 59.632153  -0.120418 0.168451 0.978327  0.160125 0.907594
no_material
0  4.806855 1.604385 59.632153  -0.120418 0.168451 0.978327  0.160125 0.907594
0  5.119065 1.716030 59.473843  0.670769 0.222579 0.707479  0.159913 0.909325
0  4.600260 2.723625 59.335468  -0.235927 0.253269 0.938186  0.154541 0.908689
no_material
0  -0.727920 -3.432150 72.045990  -0.186702 -0.842525 0.505266  0.953067 0.065008
0  -0.823230 -3.870630 70.327347  -0.214833 -0.976176 -0.030461  0.956331 0.072969
0  0.826785 -3.894345 70.327171  0.211800 -0.976810 -0.031355  0.947297 0.074586
no_material
0  -0.727920 -3.432150 72.045990  -0.186702 -0.842525 0.505266  0.953067 0.065008
0  -2.061405 -2.829105 72.039330  -0.518955 -0.690722 0.503576  0.957671 0.061562
0  -0.823230 -3.870630 70.327347  -0.214833 -0.976176 -0.030461  0.956331 0.072969
no_material
0  -2.061405 -2.829105 72.039330  -0.518955 -0.690722 0.503576  0.957671 0.061562
0  -2.314485 -3.184785 70.327705  -0.594629 -0.803553 -0.026817  0.964299 0.067626
0  -0.823230 -3.870630 70.327347  -0.214833 -0.976176 -0.030461  0.956331 0.072969
no_material
0  -2.061405 -2.829105 72.039330  -0.518955 -0.690722 0.503576  0.957671 0.061562
0  -2.999655 -1.730385 72.018227  -0.754293 -0.419856 0.504740  0.960691 0.056700
0  -2.314485 -3.184785 70.327705  -0.594629 -0.803553 -0.026817  0.964299 0.067626
no_material
0  -2.999655 -1.730385 72.018227  -0.754293 -0.419856 0.504740  0.960691 0.056700
0  -3.402405 -1.964430 70.327576  -0.868108 -0.495947 -0.020619  0.968844 0.059222
0  -2.314485 -3.184785 70.327705  -0.594629 -0.803553 -0.026817  0.964299 0.067626
no_material
0  -2.999655 -1.730385 72.018227  -0.754293 -0.419856 0.504740  0.960691 0.056700
0  -3.423960 -0.359865 72.004860  -0.857168 -0.086680 0.507690  0.961499 0.050868
0  -3.402405 -1.964430 70.327576  -0.868108 -0.495947 -0.020619  0.968844 0.059222
no_material
0  -3.423960 -0.359865 72.004860  -0.857168 -0.086680 0.507690  0.961499 0.050868
0  -3.917025 -0.411660 70.328247  -0.994454 -0.104062 -0.015251  0.969650 0.050151
0  -3.402405 -1.964430 70.327576  -0.868108 -0.495947 -0.020619  0.968844 0.059222
no_material
0  -3.423960 -0.359865 72.004860  -0.857168 -0.086680 0.507690  0.961499 0.050868
0  -3.279600 1.064790 72.006706  -0.822490 0.259175 0.506299  0.959716 0.045237
0  -3.917025 -0.411660 70.328247  -0.994454 -0.104062 -0.015251  0.969650 0.050151
no_material
0  -3.279600 1.064790 72.006706  -0.822490 0.259175 0.506299  0.959716 0.045237
0  -3.740265 1.215495 70.327797  -0.951124 0.308335 -0.017088  0.967237 0.041425
0  -3.917025 -0.411660 70.328247  -0.994454 -0.104062 -0.015251  0.969650 0.050151
no_material
0  -3.279600 1.064790 72.006706  -0.822490 0.259175 0.506299  0.959716 0.045237
0  -2.586735 2.327355 72.030464  -0.652619 0.566212 0.503480  0.955877 0.040847
0  -3.740265 1.215495 70.327797  -0.951124 0.308335 -0.017088  0.967237 0.041425
no_material
0  -2.586735 2.327355 72.030464  -0.652619 0.566212 0.503480  0.955877 0.040847
0  -2.918520 2.627730 70.327667  -0.747804 0.663500 -0.023593  0.961420 0.034135
0  -3.740265 1.215495 70.327797  -0.951124 0.308335 -0.017088  0.967237 0.041425
no_material
0  -2.586735 2.327355 72.030464  -0.652619 0.566212 0.503480  0.955877 0.040847
0  -1.429650 3.203055 72.049095  -0.362355 0.784009 0.504012  0.950635 0.038467
0  -2.918520 2.627730 70.327667  -0.747804 0.663500 -0.023593  0.961420 0.034135
no_material
0  0.827100 1.840185 73.302071  0.235616 0.481398 0.844240  0.943369 0.046297
0  1.432665 3.213180 72.055710  0.365643 0.779561 0.508517  0.939413 0.040571
0  0.000135 3.508785 72.048103  -0.003527 0.862230 0.506505  0.944768 0.038129
no_material
0  0.003960 2.021220 73.314270  0.000266 0.535822 0.844331  0.946113 0.045212
0  0.827100 1.840185 73.302071  0.235616 0.481398 0.844240  0.943369 0.046297
0  0.000135 3.508785 72.048103  -0.003527 0.862230 0.506505  0.944768 0.038129
no_material
0  0.003960 2.021220 73.314270  0.000266 0.535822 0.844331  0.946113 0.045212
0  0.000135 3.508785 72.048103  -0.003527 0.862230 0.506505  0.944768 0.038129
0  -1.429650 3.203055 72.049095  -0.362355 0.784009 0.504012  0.950635 0.038467
no_material
0  -0.821385 1.848285 73.306175  -0.232045 0.484561 0.843419  0.949062 0.045195
0  0.003960 2.021220 73.314270  0.000266 0.535822 0.844331  0.946113 0.045212
0  -1.429650 3.203055 72.049095  -0.362355 0.784009 0.504012  0.950635 0.038467
no_material
0  -0.821385 1.848285 73.306175  -0.232045 0.484561 0.843419  0.949062 0.045195
0  -1.429650 3.203055 72.049095  -0.362355 0.784009 0.504012  0.950635 0.038467
0  -2.586735 2.327355 72.030464  -0.652619 0.566212 0.503480  0.955877 0.040847
no_material
0  -1.500975 1.344960 73.289162  -0.417348 0.349336 0.838919  0.951728 0.046493
0  -0.821385 1.848285 73.306175  -0.232045 0.484561 0.843419  0.949062 0.045195
0  -2.586735 2.327355 72.030464  -0.652619 0.566212 0.503480  0.955877 0.040847
no_material
0  -1.500975 1.344960 73.289162  -0.417348 0.349336 0.838919  0.951728 0.046493
0  -2.586735 2.327355 72.030464  -0.652619 0.566212 0.503480  0.955877 0.040847
0  -3.279600 1.064790 72.006706  -0.822490 0.259175 0.506299  0.959716 0.045237
no_material
0  -1.912995 0.620550 73.283218  -0.527618 0.162610 0.833773  0.953593 0.048720
0  -1.500975 1.344960 73.289162  -0.417348 0.349336 0.838919  0.951728 0.046493
0  -3.279600 1.064790 72.006706  -0.822490 0.259175 0.506299  0.959716 0.045237
no_material
0  -1.912995 0.620550 73.283218  -0.527618 0.162610 0.833773  0.953593 0.048720
0  -3.279600 1.064790 72.006706  -0.822490 0.259175 0.506299  0.959716 0.045237
0  -3.423960 -0.359865 72.004860  -0.857168 -0.086680 0.507690  0.961499 0.050868
no_material
0  -1.998720 -0.207900 73.285339  -0.550432 -0.053839 0.833142  0.954370 0.051496
0  -1.912995 0.620550 73.283218  -0.527618 0.162610 0.833773  0.953593 0.048720
0  -3.423960 -0.359865 72.004860  -0.857168 -0.086680 0.507690  0.961499 0.050868
no_material
0  -1.998720 -0.207900 73.285339  -0.550432 -0.053839 0.833142  0.954370 0.051496
0  -3.423960 -0.359865 72.004860  -0.857168 -0.086680 0.507690  0.961499 0.050868
0  -2.999655 -1.730385 72.018227  -0.754293 -0.419856 0.504740  0.960691 0.056700
no_material
0  -1.746945 -1.007055 73.284210  -0.481919 -0.261385 0.836320  0.954094 0.054388
0  -1.998720 -0.207900 73.285339  -0.550432 -0.053839 0.833142  0.954370 0.051496
0  -2.999655 -1.730385 72.018227  -0.754293 -0.419856 0.504740  0.960691 0.056700
no_material
0  -1.746945 -1.007055 73.284210  -0.481919 -0.261385 0.836320  0.954094 0.054388
0  -2.999655 -1.730385 72.018227  -0.754293 -0.419856 0.504740  0.960691 0.056700
0  -2.061405 -2.829105 72.039330  -0.518955 -0.690722 0.503576  0.957671 0.061562
no_material
0  -1.191060 -1.633185 73.295914  -0.331088 -0.427436 0.841236  0.952622 0.056927
0  -1.746945 -1.007055 73.284210  -0.481919 -0.261385 0.836320  0.954094 0.054388
0  -2.061405 -2.829105 72.039330  -0.518955 -0.690722 0.503576  0.957671 0.061562
no_material
0  -1.191060 -1.633185 73.295914  -0.331088 -0.427436 0.841236  0.952622 0.056927
0  -2.061405 -2.829105 72.039330  -0.518955 -0.690722 0.503576  0.957671 0.061562
0  -0.727920 -3.432150 72.045990  -0.186702 -0.842525 0.505266  0.953067 0.065008
no_material
0  -0.422955 -1.977075 73.311478  -0.117819 -0.523856 0.843620  0.950177 0.058581
0  -1.191060 -1.633185 73.295914  -0.331088 -0.427436 0.841236  0.952622 0.056927
0  -0.727920 -3.432150 72.045990  -0.186702 -0.842525 0.505266  0.953067 0.065008
no_material
0  -0.422955 -1.977075 73.311478  -0.117819 -0.523856 0.843620  0.950177 0.058581
0  -0.727920 -3.432150 72.045990  -0.186702 -0.842525 0.505266  0.953067 0.065008
0  0.726030 -3.433410 72.051834  0.184956 -0.840905 0.508596  0.947363 0.066294
no_material
0  0.420750 -1.976220 73.308197  0.120438 -0.522416 0.844142  0.947283 0.059125
0  -0.422955 -1.977075 73.311478  -0.117819 -0.523856 0.843620  0.950177 0.058581
0  0.726030 -3.433410 72.051834  0.184956 -0.840905 0.508596  0.947363 0.066294
no_material
0  0.420750 -1.976220 73.308197  0.120438 -0.522416 0.844142  0.947283 0.059125
0  0.726030 -3.433410 72.051834  0.184956 -0.840905 0.508596  0.947363 0.066294
0  2.055960 -2.823480 72.038658  0.524695 -0.684287 0.506405  0.941607 0.064924
no_material
0  1.187505 -1.626120 73.292175  0.335741 -0.424584 0.840837  0.944430 0.058436
0  0.420750 -1.976220 73.308197  0.120438 -0.522416 0.844142  0.947283 0.059125
0  2.055960 -2.823480 72.038658  0.524695 -0.684287 0.506405  0.941607 0.064924
no_material
0  1.187505 -1.626120 73.292175  0.335741 -0.424584 0.840837  0.944430 0.058436
0  2.055960 -2.823480 72.038658  0.524695 -0.684287 0.506405  0.941607 0.064924
0  2.986965 -1.722015 72.009445  0.757298 -0.418218 0.501591  0.936917 0.061405
no_material
0  1.741545 -1.004445 73.275795  0.484437 -0.260409 0.835170  0.942125 0.056673
0  1.187505 -1.626120 73.292175  0.335741 -0.424584 0.840837  0.944430 0.058436
0  2.986965 -1.722015 72.009445  0.757298 -0.418218 0.501591  0.936917 0.061405
no_material
0  1.741545 -1.004445 73.275795  0.484437 -0.260409 0.835170  0.942125 0.056673
0  2.986965 -1.722015 72.009445  0.757298 -0.418218 0.501591  0.936917 0.061405
0  3.424230 -0.361035 72.007469  0.860111 -0.087775 0.502498  0.934172 0.056281
no_material
0  1.997550 -0.207585 73.269493  0.549412 -0.053985 0.833806  0.940740 0.054112
0  1.741545 -1.004445 73.275795  0.484437 -0.260409 0.835170  0.942125 0.056673
0  3.424230 -0.361035 72.007469  0.860111 -0.087775 0.502498  0.934172 0.056281
no_material
0  1.997550 -0.207585 73.269493  0.549412 -0.053985 0.833806  0.940740 0.054112
0  3.424230 -0.361035 72.007469  0.860111 -0.087775 0.502498  0.934172 0.056281
0  3.271455 1.064070 72.003059  0.824468 0.260045 0.502622  0.933477 0.050423
no_material
0  1.906200 0.618750 73.271927  0.528071 0.163305 0.833350  0.940545 0.051234
0  1.997550 -0.207585 73.269493  0.549412 -0.053985 0.833806  0.940740 0.054112
0  3.271455 1.064070 72.003059  0.824468 0.260045 0.502622  0.933477 0.050423
no_material
0  1.906200 0.618750 73.271927  0.528071 0.163305 0.833350  0.940545 0.051234
0  3.271455 1.064070 72.003059  0.824468 0.260045 0.502622  0.933477 0.050423
0  2.575845 2.313900 72.017685  0.658450 0.558799 0.504171  0.935259 0.044749
no_material
0  1.496340 1.342575 73.282234  0.423250 0.346851 0.836991  0.941406 0.048473
0  1.906200 0.618750 73.271927  0.528071 0.163305 0.833350  0.940545 0.051234
0  2.575845 2.313900 72.017685  0.658450 0.558799 0.504171  0.935259 0.044749
no_material
0  1.496340 1.342575 73.282234  0.423250 0.346851 0.836991  0.941406 0.048473
0  2.575845 2.313900 72.017685  0.658450 0.558799 0.504171  0.935259 0.044749
0  1.432665 3.213180 72.055710  0.365643 0.779561 0.508517  0.939413 0.040571
no_material
0  0.827100 1.840185 73.302071  0.235616 0.481398 0.844240  0.943369 0.046297
0  1.496340 1.342575 73.282234  0.423250 0.346851 0.836991  0.941406 0.048473
0  1.432665 3.213180 72.055710  0.365643 0.779561 0.508517  0.939413 0.040571
no_material
0  0.004050 -0.000135 73.741638  0.003524 -0.000191 0.999994  0.947432 0.052093
0  1.496340 1.342575 73.282234  0.423250 0.346851 0.836991  0.941406 0.048473
0  0.827100 1.840185 73.302071  0.235616 0.481398 0.844240  0.943369 0.046297
no_material
0  0.004050 -0.000135 73.741638  0.003524 -0.000191 0.999994  0.947432 0.052093
0  0.827100 1.840185 73.302071  0.235616 0.481398 0.844240  0.943369 0.046297
0  0.003960 2.021220 73.314270  0.000266 0.535822 0.844331  0.946113 0.045212
no_material
0  0.004050 -0.000135 73.741638  0.003524 -0.000191 0.999994  0.947432 0.052093
0  0.003960 2.021220 73.314270  0.000266 0.535822 0.844331  0.946113 0.045212
0  -0.821385 1.848285 73.306175  -0.232045 0.484561 0.843419  0.949062 0.045195
no_material
0  0.004050 -0.000135 73.741638  0.003524 -0.000191 0.999994  0.947432 0.052093
0  -0.821385 1.848285 73.306175  -0.232045 0.484561 0.843419  0.949062 0.045195
0  -1.500975 1.344960 73.289162  -0.417348 0.349336 0.838919  0.951728 0.046493
no_material
0  0.004050 -0.000135 73.741638  0.003524 -0.000191 0.999994  0.947432 0.052093
0  -1.500975 1.344960 73.289162  -0.417348 0.349336 0.838919  0.951728 0.046493
0  -1.912995 0.620550 73.283218  -0.527618 0.162610 0.833773  0.953593 0.048720
no_material
0  0.004050 -0.000135 73.741638  0.003524 -0.000191 0.999994  0.947432 0.052093
0  -1.912995 0.620550 73.283218  -0.527618 0.162610 0.833773  0.953593 0.048720
0  -1.998720 -0.207900 73.285339  -0.550432 -0.053839 0.833142  0.954370 0.051496
no_material
0  0.004050 -0.000135 73.741638  0.003524 -0.000191 0.999994  0.947432 0.052093
0  -1.998720 -0.207900 73.285339  -0.550432 -0.053839 0.833142  0.954370 0.051496
0  -1.746945 -1.007055 73.284210  -0.481919 -0.261385 0.836320  0.954094 0.054388
no_material
0  0.004050 -0.000135 73.741638  0.003524 -0.000191 0.999994  0.947432 0.052093
0  -1.746945 -1.007055 73.284210  -0.481919 -0.261385 0.836320  0.954094 0.054388
0  -1.191060 -1.633185 73.295914  -0.331088 -0.427436 0.841236  0.952622 0.056927
no_material
0  0.004050 -0.000135 73.741638  0.003524 -0.000191 0.999994  0.947432 0.052093
0  -1.191060 -1.633185 73.295914  -0.331088 -0.427436 0.841236  0.952622 0.056927
0  -0.422955 -1.977075 73.311478  -0.117819 -0.523856 0.843620  0.950177 0.058581
no_material
0  0.004050 -0.000135 73.741638  0.003524 -0.000191 0.999994  0.947432 0.052093
0  -0.422955 -1.977075 73.311478  -0.117819 -0.523856 0.843620  0.950177 0.058581
0  0.420750 -1.976220 73.308197  0.120438 -0.522416 0.844142  0.947283 0.059125
no_material
0  0.004050 -0.000135 73.741638  0.003524 -0.000191 0.999994  0.947432 0.052093
0  0.420750 -1.976220 73.308197  0.120438 -0.522416 0.844142  0.947283 0.059125
0  1.187505 -1.626120 73.292175  0.335741 -0.424584 0.840837  0.944430 0.058436
no_material
0  0.004050 -0.000135 73.741638  0.003524 -0.000191 0.999994  0.947432 0.052093
0  1.187505 -1.626120 73.292175  0.335741 -0.424584 0.840837  0.944430 0.058436
0  1.741545 -1.004445 73.275795  0.484437 -0.260409 0.835170  0.942125 0.056673
no_material
0  0.004050 -0.000135 73.741638  0.003524 -0.000191 0.999994  0.947432 0.052093
0  1.741545 -1.004445 73.275795  0.484437 -0.260409 0.835170  0.942125 0.056673
0  1.997550 -0.207585 73.269493  0.549412 -0.053985 0.833806  0.940740 0.054112
no_material
0  0.004050 -0.000135 73.741638  0.003524 -0.000191 0.999994  0.947432 0.052093
0  1.997550 -0.207585 73.269493  0.549412 -0.053985 0.833806  0.940740 0.054112
0  1.906200 0.618750 73.271927  0.528071 0.163305 0.833350  0.940545 0.051234
no_material
0  0.004050 -0.000135 73.741638  0.003524 -0.000191 0.999994  0.947432 0.052093
0  1.906200 0.618750 73.271927  0.528071 0.163305 0.833350  0.940545 0.051234
0  1.496340 1.342575 73.282234  0.423250 0.346851 0.836991  0.941406 0.048473
no_material
0  -1.429650 3.203055 72.049095  -0.362355 0.784009 0.504012  0.950635 0.038467
0  -1.602900 3.600855 70.326988  -0.415560 0.909114 -0.028669  0.952835 0.029637
0  -2.918520 2.627730 70.327667  -0.747804 0.663500 -0.023593  0.961420 0.034135
no_material
0  -1.429650 3.203055 72.049095  -0.362355 0.784009 0.504012  0.950635 0.038467
0  0.000135 3.508785 72.048103  -0.003527 0.862230 0.506505  0.944768 0.038129
0  -1.602900 3.600855 70.326988  -0.415560 0.909114 -0.028669  0.952835 0.029637
no_material
0  0.000135 3.508785 72.048103  -0.003527 0.862230 0.506505  0.944768 0.038129
0  -0.001260 3.976290 70.326988  -0.003549 0.999477 -0.032140  0.943175 0.029637
0  -1.602900 3.600855 70.326988  -0.415560 0.909114 -0.028669  0.952835 0.029637
no_material
0  0.000135 3.508785 72.048103  -0.003527 0.862230 0.506505  0.944768 0.038129
0  1.432665 3.213180 72.055710  0.365643 0.779561 0.508517  0.939413 0.040571
0  -0.001260 3.976290 70.326988  -0.003549 0.999477 -0.032140  0.943175 0.029637
no_material
0  1.432665 3.213180 72.055710  0.365643 0.779561 0.508517  0.939413 0.040571
0  1.615545 3.623220 70.327934  0.418104 0.907843 -0.031782  0.934228 0.033196
0  -0.001260 3.976290 70.326988  -0.003549 0.999477 -0.032140  0.943175 0.029637
no_material
0  1.432665 3.213180 72.055710  0.365643 0.779561 0.508517  0.939413 0.040571
0  2.575845 2.313900 72.017685  0.658450 0.558799 0.504171  0.935259 0.044749
0  1.615545 3.623220 70.327934  0.418104 0.907843 -0.031782  0.934228 0.033196
no_material
0  2.575845 2.313900 72.017685  0.658450 0.558799 0.504171  0.935259 0.044749
0  2.917800 2.627055 70.327576  0.755512 0.654596 -0.026563  0.928007 0.040393
0  1.615545 3.623220 70.327934  0.418104 0.907843 -0.031782  0.934228 0.033196
no_material
0  2.575845 2.313900 72.017685  0.658450 0.558799 0.504171  0.935259 0.044749
0  3.271455 1.064070 72.003059  0.824468 0.260045 0.502622  0.933477 0.050423
0  2.917800 2.627055 70.327576  0.755512 0.654596 -0.026563  0.928007 0.040393
no_material
0  3.271455 1.064070 72.003059  0.824468 0.260045 0.502622  0.933477 0.050423
0  3.708090 1.205190 70.329147  0.952871 0.302555 -0.022319  0.924792 0.049217
0  2.917800 2.627055 70.327576  0.755512 0.654596 -0.026563  0.928007 0.040393
no_material
0  3.271455 1.064070 72.003059  0.824468 0.260045 0.502622  0.933477 0.050423
0  3.424230 -0.361035 72.007469  0.860111 -0.087775 0.502498  0.934172 0.056281
0  3.708090 1.205190 70.329147  0.952871 0.302555 -0.022319  0.924792 0.049217
no_material
0  3.424230 -0.361035 72.007469  0.860111 -0.087775 0.502498  0.934172 0.056281
0  3.877200 -0.407700 70.328789  0.994445 -0.102984 -0.021741  0.925387 0.059041
0  3.708090 1.205190 70.329147  0.952871 0.302555 -0.022319  0.924792 0.049217
no_material
0  3.424230 -0.361035 72.007469  0.860111 -0.087775 0.502498  0.934172 0.056281
0  2.986965 -1.722015 72.009445  0.757298 -0.418218 0.501591  0.936917 0.061405
0  3.877200 -0.407700 70.328789  0.994445 -0.102984 -0.021741  0.925387 0.059041
no_material
0  2.986965 -1.722015 72.009445  0.757298 -0.418218 0.501591  0.936917 0.061405
0  3.378060 -1.951200 70.328522  0.872131 -0.488666 -0.024358  0.930520 0.067443
0  3.877200 -0.407700 70.328789  0.994445 -0.102984 -0.021741  0.925387 0.059041
no_material
0  2.986965 -1.722015 72.009445  0.757298 -0.418218 0.501591  0.936917 0.061405
0  2.055960 -2.823480 72.038658  0.524695 -0.684287 0.506405  0.941607 0.064924
0  3.378060 -1.951200 70.328522  0.872131 -0.488666 -0.024358  0.930520 0.067443
no_material
0  2.055960 -2.823480 72.038658  0.524695 -0.684287 0.506405  0.941607 0.064924
0  2.320425 -3.191940 70.327034  0.602941 -0.797275 -0.028550  0.938299 0.072830
0  3.378060 -1.951200 70.328522  0.872131 -0.488666 -0.024358  0.930520 0.067443
no_material
0  2.055960 -2.823480 72.038658  0.524695 -0.684287 0.506405  0.941607 0.064924
0  0.726030 -3.433410 72.051834  0.184956 -0.840905 0.508596  0.947363 0.066294
0  2.320425 -3.191940 70.327034  0.602941 -0.797275 -0.028550  0.938299 0.072830
no_material
0  0.726030 -3.433410 72.051834  0.184956 -0.840905 0.508596  0.947363 0.066294
0  0.826785 -3.894345 70.327171  0.211800 -0.976810 -0.031355  0.947297 0.074586
0  2.320425 -3.191940 70.327034  0.602941 -0.797275 -0.028550  0.938299 0.072830
no_material
0  0.726030 -3.433410 72.051834  0.184956 -0.840905 0.508596  0.947363 0.066294
0  -0.727920 -3.432150 72.045990  -0.186702 -0.842525 0.505266  0.953067 0.065008
0  0.826785 -3.894345 70.327171  0.211800 -0.976810 -0.031355  0.947297 0.074586
no_material
0  -3.383550 -0.355680 68.675766  -0.853795 -0.090987 -0.512597  0.908285 0.482570
0  -2.025540 -0.214155 67.384216  -0.707598 -0.075923 -0.702525  0.902360 0.479428
0  -1.753650 -1.010835 67.398026  -0.614418 -0.360836 -0.701633  0.903106 0.476629
no_material
0  -3.383550 -0.355680 68.675766  -0.853795 -0.090987 -0.512597  0.908285 0.482570
0  -3.222810 1.046790 68.685341  -0.816057 0.269520 -0.511283  0.904745 0.487034
0  -2.025540 -0.214155 67.384216  -0.707598 -0.075923 -0.702525  0.902360 0.479428
no_material
0  -3.222810 1.046790 68.685341  -0.816057 0.269520 -0.511283  0.904745 0.487034
0  -1.927305 0.630630 67.392899  -0.676434 0.226633 -0.700767  0.900452 0.481661
0  -2.025540 -0.214155 67.384216  -0.707598 -0.075923 -0.702525  0.902360 0.479428
no_material
0  -3.222810 1.046790 68.685341  -0.816057 0.269520 -0.511283  0.904745 0.487034
0  -2.522385 2.271015 68.681206  -0.640786 0.572286 -0.511744  0.899542 0.489319
0  -1.927305 0.630630 67.392899  -0.676434 0.226633 -0.700767  0.900452 0.481661
no_material
0  -2.522385 2.271015 68.681206  -0.640786 0.572286 -0.511744  0.899542 0.489319
0  -1.504305 1.356975 67.397400  -0.529635 0.473627 -0.703679  0.897863 0.482881
0  -1.927305 0.630630 67.392899  -0.676434 0.226633 -0.700767  0.900452 0.481661
no_material
0  -2.522385 2.271015 68.681206  -0.640786 0.572286 -0.511744  0.899542 0.489319
0  -1.383210 3.106800 68.676659  -0.352498 0.781145 -0.515323  0.893888 0.489597
0  -1.504305 1.356975 67.397400  -0.529635 0.473627 -0.703679  0.897863 0.482881
no_material
0  -1.383210 3.106800 68.676659  -0.352498 0.781145 -0.515323  0.893888 0.489597
0  -0.825885 1.848915 67.388176  -0.287590 0.646185 -0.706921  0.895044 0.482920
0  -1.504305 1.356975 67.397400  -0.529635 0.473627 -0.703679  0.897863 0.482881
no_material
0  -1.383210 3.106800 68.676659  -0.352498 0.781145 -0.515323  0.893888 0.489597
0  0.000045 3.393000 68.682106  0.001763 0.853833 -0.520543  0.888570 0.487597
0  -0.825885 1.848915 67.388176  -0.287590 0.646185 -0.706921  0.895044 0.482920
no_material
0  0.000045 3.393000 68.682106  0.001763 0.853833 -0.520543  0.888570 0.487597
0  -0.000630 2.025630 67.389885  0.006498 0.706660 -0.707523  0.892400 0.481900
0  -0.825885 1.848915 67.388176  -0.287590 0.646185 -0.706921  0.895044 0.482920
no_material
0  0.000045 3.393000 68.682106  0.001763 0.853833 -0.520543  0.888570 0.487597
0  1.378215 3.095325 68.685394  0.358618 0.772754 -0.523684  0.884674 0.483442
0  -0.000630 2.025630 67.389885  0.006498 0.706660 -0.707523  0.892400 0.481900
no_material
0  -2.918520 2.627730 70.327667  -0.747823 0.663480 -0.023571  0.901504 0.497674
0  -2.522385 2.271015 68.681206  -0.640786 0.572286 -0.511744  0.899542 0.489319
0  -3.222810 1.046790 68.685341  -0.816057 0.269520 -0.511283  0.904745 0.487034
no_material
0  -2.918520 2.627730 70.327667  -0.747823 0.663480 -0.023571  0.901504 0.497674
0  -1.602900 3.600855 70.326988  -0.415547 0.909120 -0.028676  0.892266 0.497672
0  -2.522385 2.271015 68.681206  -0.640786 0.572286 -0.511744  0.899542 0.489319
no_material
0  -1.602900 3.600855 70.326988  -0.415547 0.909120 -0.028676  0.892266 0.497672
0  -1.383210 3.106800 68.676659  -0.352498 0.781145 -0.515323  0.893888 0.489597
0  -2.522385 2.271015 68.681206  -0.640786 0.572286 -0.511744  0.899542 0.489319
no_material
0  -1.602900 3.600855 70.326988  -0.415547 0.909120 -0.028676  0.892266 0.497672
0  -0.001260 3.976290 70.326988  -0.003560 0.999478 -0.032120  0.884148 0.494180
0  -1.383210 3.106800 68.676659  -0.352498 0.781145 -0.515323  0.893888 0.489597
no_material
0  -0.001260 3.976290 70.326988  -0.003560 0.999478 -0.032120  0.884148 0.494180
0  0.000045 3.393000 68.682106  0.001763 0.853833 -0.520543  0.888570 0.487597
0  -1.383210 3.106800 68.676659  -0.352498 0.781145 -0.515323  0.893888 0.489597
no_material
0  -0.001260 3.976290 70.326988  -0.003560 0.999478 -0.032120  0.884148 0.494180
0  1.615545 3.623220 70.327934  0.418083 0.907851 -0.031812  0.877905 0.487977
0  0.000045 3.393000 68.682106  0.001763 0.853833 -0.520543  0.888570 0.487597
no_material
0  1.615545 3.623220 70.327934  0.418083 0.907851 -0.031812  0.877905 0.487977
0  1.378215 3.095325 68.685394  0.358618 0.772754 -0.523684  0.884674 0.483442
0  0.000045 3.393000 68.682106  0.001763 0.853833 -0.520543  0.888570 0.487597
no_material
0  1.615545 3.623220 70.327934  0.418083 0.907851 -0.031812  0.877905 0.487977
0  2.917800 2.627055 70.327576  0.755530 0.654576 -0.026531  0.874587 0.479667
0  1.378215 3.095325 68.685394  0.358618 0.772754 -0.523684  0.884674 0.483442
no_material
0  -1.778850 -0.186210 66.993301  -0.947501 -0.099775 -0.303788  0.900994 0.478737
0  -1.534815 -0.879390 67.001129  -0.816565 -0.490839 -0.303807  0.901586 0.476569
0  -1.753650 -1.010835 67.398026  -0.614418 -0.360836 -0.701633  0.903106 0.476629
no_material
0  -2.025540 -0.214155 67.384216  -0.707598 -0.075923 -0.702525  0.902360 0.479428
0  -1.778850 -0.186210 66.993301  -0.947501 -0.099775 -0.303788  0.900994 0.478737
0  -1.753650 -1.010835 67.398026  -0.614418 -0.360836 -0.701633  0.903106 0.476629
no_material
0  -1.684575 0.556515 66.999245  -0.901706 0.308356 -0.303055  0.899494 0.480455
0  -1.778850 -0.186210 66.993301  -0.947501 -0.099775 -0.303788  0.900994 0.478737
0  -2.025540 -0.214155 67.384216  -0.707598 -0.075923 -0.702525  0.902360 0.479428
no_material
0  -1.927305 0.630630 67.392899  -0.676434 0.226633 -0.700767  0.900452 0.481661
0  -1.684575 0.556515 66.999245  -0.901706 0.308356 -0.303055  0.899494 0.480455
0  -2.025540 -0.214155 67.384216  -0.707598 -0.075923 -0.702525  0.902360 0.479428
no_material
0  -1.310400 1.189125 67.002480  -0.699290 0.644274 -0.309683  0.897472 0.481401
0  -1.684575 0.556515 66.999245  -0.901706 0.308356 -0.303055  0.899494 0.480455
0  -1.927305 0.630630 67.392899  -0.676434 0.226633 -0.700767  0.900452 0.481661
no_material
0  -1.504305 1.356975 67.397400  -0.529635 0.473627 -0.703679  0.897863 0.482881
0  -1.310400 1.189125 67.002480  -0.699290 0.644274 -0.309683  0.897472 0.481401
0  -1.927305 0.630630 67.392899  -0.676434 0.226633 -0.700767  0.900452 0.481661
no_material
0  -0.716805 1.608795 67.001358  -0.372404 0.870073 -0.322938  0.895276 0.481438
0  -1.310400 1.189125 67.002480  -0.699290 0.644274 -0.309683  0.897472 0.481401
0  -1.504305 1.356975 67.397400  -0.529635 0.473627 -0.703679  0.897863 0.482881
no_material
0  -0.825885 1.848915 67.388176  -0.287590 0.646185 -0.706921  0.895044 0.482920
0  -0.716805 1.608795 67.001358  -0.372404 0.870073 -0.322938  0.895276 0.481438
0  -1.504305 1.356975 67.397400  -0.529635 0.473627 -0.703679  0.897863 0.482881
no_material
0  -0.000720 1.749735 67.003601  0.012077 0.943415 -0.331394  0.893263 0.480598
0  -0.716805 1.608795 67.001358  -0.372404 0.870073 -0.322938  0.895276 0.481438
0  -0.825885 1.848915 67.388176  -0.287590 0.646185 -0.706921  0.895044 0.482920
no_material
0  -0.000630 2.025630 67.389885  0.006498 0.706660 -0.707523  0.892400 0.481900
0  -0.000720 1.749735 67.003601  0.012077 0.943415 -0.331394  0.893263 0.480598
0  -0.825885 1.848915 67.388176  -0.287590 0.646185 -0.706921  0.895044 0.482920
no_material
0  0.711675 1.588500 67.008194  0.405039 0.856469 -0.320006  0.891770 0.478995
0  -0.000720 1.749735 67.003601  0.012077 0.943415 -0.331394  0.893263 0.480598
0  -0.000630 2.025630 67.389885  0.006498 0.706660 -0.707523  0.892400 0.481900
no_material
0  0.820845 1.840950 67.396858  0.303917 0.634490 -0.710673  0.890429 0.479809
0  0.711675 1.588500 67.008194  0.405039 0.856469 -0.320006  0.891770 0.478995
0  -0.000630 2.025630 67.389885  0.006498 0.706660 -0.707523  0.892400 0.481900
no_material
0  1.378215 3.095325 68.685394  0.358618 0.772754 -0.523684  0.884674 0.483442
0  0.820845 1.840950 67.396858  0.303917 0.634490 -0.710673  0.890429 0.479809
0  -0.000630 2.025630 67.389885  0.006498 0.706660 -0.707523  0.892400 0.481900
no_material
0  1.378215 3.095325 68.685394  0.358618 0.772754 -0.523684  0.884674 0.483442
0  2.509875 2.259720 68.693222  0.644784 0.558285 -0.522083  0.882697 0.478154
0  0.820845 1.840950 67.396858  0.303917 0.634490 -0.710673  0.890429 0.479809
no_material
0  2.917800 2.627055 70.327576  0.755530 0.654576 -0.026531  0.874587 0.479667
0  2.509875 2.259720 68.693222  0.644784 0.558285 -0.522083  0.882697 0.478154
0  1.378215 3.095325 68.685394  0.358618 0.772754 -0.523684  0.884674 0.483442
no_material
0  2.917800 2.627055 70.327576  0.755530 0.654576 -0.026531  0.874587 0.479667
0  3.708090 1.205190 70.329147  0.952874 0.302542 -0.022336  0.874840 0.470519
0  2.509875 2.259720 68.693222  0.644784 0.558285 -0.522083  0.882697 0.478154
no_material
0  3.708090 1.205190 70.329147  0.952874 0.302542 -0.022336  0.874840 0.470519
0  3.197115 1.039770 68.705009  0.813916 0.260660 -0.519228  0.883055 0.472515
0  2.509875 2.259720 68.693222  0.644784 0.558285 -0.522083  0.882697 0.478154
no_material
0  3.708090 1.205190 70.329147  0.952874 0.302542 -0.022336  0.874840 0.470519
0  3.877200 -0.407700 70.328789  0.994446 -0.102980 -0.021723  0.878939 0.461928
0  3.197115 1.039770 68.705009  0.813916 0.260660 -0.519228  0.883055 0.472515
no_material
0  2.509875 2.259720 68.693222  0.644784 0.558285 -0.522083  0.882697 0.478154
0  1.473435 1.324170 67.436867  0.536285 0.457025 -0.709596  0.889428 0.477127
0  0.820845 1.840950 67.396858  0.303917 0.634490 -0.710673  0.890429 0.479809
no_material
0  2.509875 2.259720 68.693222  0.644784 0.558285 -0.522083  0.882697 0.478154
0  3.197115 1.039770 68.705009  0.813916 0.260660 -0.519228  0.883055 0.472515
0  1.473435 1.324170 67.436867  0.536285 0.457025 -0.709596  0.889428 0.477127
no_material
0  3.197115 1.039770 68.705009  0.813916 0.260660 -0.519228  0.883055 0.472515
0  1.881720 0.612225 67.438660  0.672026 0.218947 -0.707420  0.889644 0.474307
0  1.473435 1.324170 67.436867  0.536285 0.457025 -0.709596  0.889428 0.477127
no_material
0  3.197115 1.039770 68.705009  0.813916 0.260660 -0.519228  0.883055 0.472515
0  3.350295 -0.351720 68.699471  0.850165 -0.088345 -0.519052  0.885768 0.467534
0  1.881720 0.612225 67.438660  0.672026 0.218947 -0.707420  0.889644 0.474307
no_material
0  3.350295 -0.351720 68.699471  0.850165 -0.088345 -0.519052  0.885768 0.467534
0  1.974960 -0.208215 67.430298  0.702026 -0.073867 -0.708310  0.890947 0.471811
0  1.881720 0.612225 67.438660  0.672026 0.218947 -0.707420  0.889644 0.474307
no_material
0  3.350295 -0.351720 68.699471  0.850165 -0.088345 -0.519052  0.885768 0.467534
0  2.915955 -1.683450 68.699249  0.744856 -0.419186 -0.519108  0.890114 0.463871
0  1.974960 -0.208215 67.430298  0.702026 -0.073867 -0.708310  0.890947 0.471811
no_material
0  2.915955 -1.683450 68.699249  0.744856 -0.419186 -0.519108  0.890114 0.463871
0  1.710045 -0.986580 67.443840  0.615394 -0.346070 -0.708185  0.893089 0.470023
0  1.974960 -0.208215 67.430298  0.702026 -0.073867 -0.708310  0.890947 0.471811
no_material
0  2.915955 -1.683450 68.699249  0.744856 -0.419186 -0.519108  0.890114 0.463871
0  1.989405 -2.737890 68.688629  0.515761 -0.678498 -0.523097  0.895632 0.462372
0  1.710045 -0.986580 67.443840  0.615394 -0.346070 -0.708185  0.893089 0.470023
no_material
0  1.989405 -2.737890 68.688629  0.515761 -0.678498 -0.523097  0.895632 0.462372
0  1.175895 -1.613745 67.412834  0.431431 -0.555212 -0.711061  0.895840 0.469283
0  1.710045 -0.986580 67.443840  0.615394 -0.346070 -0.708185  0.893089 0.470023
no_material
0  1.989405 -2.737890 68.688629  0.515761 -0.678498 -0.523097  0.895632 0.462372
0  0.705555 -3.318975 68.682198  0.184038 -0.832268 -0.522933  0.901319 0.463217
0  1.175895 -1.613745 67.412834  0.431431 -0.555212 -0.711061  0.895840 0.469283
no_material
0  0.705555 -3.318975 68.682198  0.184038 -0.832268 -0.522933  0.901319 0.463217
0  0.419625 -1.978020 67.391998  0.159342 -0.686576 -0.709383  0.898734 0.469707
0  1.175895 -1.613745 67.412834  0.431431 -0.555212 -0.711061  0.895840 0.469283
no_material
0  0.705555 -3.318975 68.682198  0.184038 -0.832268 -0.522933  0.901319 0.463217
0  -0.706005 -3.321495 68.680214  -0.180013 -0.836220 -0.518007  0.906047 0.466522
0  0.419625 -1.978020 67.391998  0.159342 -0.686576 -0.709383  0.898734 0.469707
no_material
0  -0.706005 -3.321495 68.680214  -0.180013 -0.836220 -0.518007  0.906047 0.466522
0  -0.422415 -1.982880 67.387230  -0.144739 -0.691928 -0.707310  0.901132 0.471347
0  0.419625 -1.978020 67.391998  0.159342 -0.686576 -0.709383  0.898734 0.469707
no_material
0  -0.706005 -3.321495 68.680214  -0.180013 -0.836220 -0.518007  0.906047 0.466522
0  -1.999125 -2.751615 68.676521  -0.508307 -0.690509 -0.514609  0.909002 0.471450
0  -0.422415 -1.982880 67.387230  -0.144739 -0.691928 -0.707310  0.901132 0.471347
no_material
0  -1.999125 -2.751615 68.676521  -0.508307 -0.690509 -0.514609  0.909002 0.471450
0  -1.186965 -1.632510 67.391106  -0.419637 -0.570405 -0.706076  0.902639 0.473791
0  -0.422415 -1.982880 67.387230  -0.144739 -0.691928 -0.707310  0.901132 0.471347
no_material
0  -1.999125 -2.751615 68.676521  -0.508307 -0.690509 -0.514609  0.909002 0.471450
0  -2.932515 -1.693395 68.687096  -0.743225 -0.431349 -0.511424  0.910024 0.477116
0  -1.186965 -1.632510 67.391106  -0.419637 -0.570405 -0.706076  0.902639 0.473791
no_material
0  -2.932515 -1.693395 68.687096  -0.743225 -0.431349 -0.511424  0.910024 0.477116
0  -1.753650 -1.010835 67.398026  -0.614418 -0.360836 -0.701633  0.903106 0.476629
0  -1.186965 -1.632510 67.391106  -0.419637 -0.570405 -0.706076  0.902639 0.473791
no_material
0  -2.932515 -1.693395 68.687096  -0.743225 -0.431349 -0.511424  0.910024 0.477116
0  -3.383550 -0.355680 68.675766  -0.853795 -0.090987 -0.512597  0.908285 0.482570
0  -1.753650 -1.010835 67.398026  -0.614418 -0.360836 -0.701633  0.903106 0.476629
no_material
0  3.877200 -0.407700 70.328789  0.994446 -0.102980 -0.021723  0.878939 0.461928
0  3.350295 -0.351720 68.699471  0.850165 -0.088345 -0.519052  0.885768 0.467534
0  3.197115 1.039770 68.705009  0.813916 0.260660 -0.519228  0.883055 0.472515
no_material
0  3.877200 -0.407700 70.328789  0.994446 -0.102980 -0.021723  0.878939 0.461928
0  3.378060 -1.951200 70.328522  0.872130 -0.488667 -0.024358  0.886527 0.456192
0  3.350295 -0.351720 68.699471  0.850165 -0.088345 -0.519052  0.885768 0.467534
no_material
0  3.378060 -1.951200 70.328522  0.872130 -0.488667 -0.024358  0.886527 0.456192
0  2.915955 -1.683450 68.699249  0.744856 -0.419186 -0.519108  0.890114 0.463871
0  3.350295 -0.351720 68.699471  0.850165 -0.088345 -0.519052  0.885768 0.467534
no_material
0  3.378060 -1.951200 70.328522  0.872130 -0.488667 -0.024358  0.886527 0.456192
0  2.320425 -3.191940 70.327034  0.602934 -0.797280 -0.028564  0.895469 0.454084
0  2.915955 -1.683450 68.699249  0.744856 -0.419186 -0.519108  0.890114 0.463871
no_material
0  2.320425 -3.191940 70.327034  0.602934 -0.797280 -0.028564  0.895469 0.454084
0  1.989405 -2.737890 68.688629  0.515761 -0.678498 -0.523097  0.895632 0.462372
0  2.915955 -1.683450 68.699249  0.744856 -0.419186 -0.519108  0.890114 0.463871
no_material
0  2.320425 -3.191940 70.327034  0.602934 -0.797280 -0.028564  0.895469 0.454084
0  0.826785 -3.894345 70.327171  0.211780 -0.976813 -0.031384  0.904304 0.455696
0  1.989405 -2.737890 68.688629  0.515761 -0.678498 -0.523097  0.895632 0.462372
no_material
0  0.826785 -3.894345 70.327171  0.211780 -0.976813 -0.031384  0.904304 0.455696
0  0.705555 -3.318975 68.682198  0.184038 -0.832268 -0.522933  0.901319 0.463217
0  1.989405 -2.737890 68.688629  0.515761 -0.678498 -0.523097  0.895632 0.462372
no_material
0  0.826785 -3.894345 70.327171  0.211780 -0.976813 -0.031384  0.904304 0.455696
0  -0.823230 -3.870630 70.327347  -0.214825 -0.976178 -0.030459  0.911951 0.460553
0  0.705555 -3.318975 68.682198  0.184038 -0.832268 -0.522933  0.901319 0.463217
no_material
0  -0.823230 -3.870630 70.327347  -0.214825 -0.976178 -0.030459  0.911951 0.460553
0  -0.706005 -3.321495 68.680214  -0.180013 -0.836220 -0.518007  0.906047 0.466522
0  0.705555 -3.318975 68.682198  0.184038 -0.832268 -0.522933  0.901319 0.463217
no_material
0  -0.823230 -3.870630 70.327347  -0.214825 -0.976178 -0.030459  0.911951 0.460553
0  -2.314485 -3.184785 70.327705  -0.594628 -0.803554 -0.026816  0.917174 0.468408
0  -0.706005 -3.321495 68.680214  -0.180013 -0.836220 -0.518007  0.906047 0.466522
no_material
0  -2.314485 -3.184785 70.327705  -0.594628 -0.803554 -0.026816  0.917174 0.468408
0  -1.999125 -2.751615 68.676521  -0.508307 -0.690509 -0.514609  0.909002 0.471450
0  -0.706005 -3.321495 68.680214  -0.180013 -0.836220 -0.518007  0.906047 0.466522
no_material
0  -2.314485 -3.184785 70.327705  -0.594628 -0.803554 -0.026816  0.917174 0.468408
0  -3.402405 -1.964430 70.327576  -0.868102 -0.495957 -0.020619  0.918261 0.477677
0  -1.999125 -2.751615 68.676521  -0.508307 -0.690509 -0.514609  0.909002 0.471450
no_material
0  -3.402405 -1.964430 70.327576  -0.868102 -0.495957 -0.020619  0.918261 0.477677
0  -2.932515 -1.693395 68.687096  -0.743225 -0.431349 -0.511424  0.910024 0.477116
0  -1.999125 -2.751615 68.676521  -0.508307 -0.690509 -0.514609  0.909002 0.471450
no_material
0  -3.402405 -1.964430 70.327576  -0.868102 -0.495957 -0.020619  0.918261 0.477677
0  -3.917025 -0.411660 70.328247  -0.994456 -0.104039 -0.015238  0.915894 0.486642
0  -2.932515 -1.693395 68.687096  -0.743225 -0.431349 -0.511424  0.910024 0.477116
no_material
0  -3.917025 -0.411660 70.328247  -0.994456 -0.104039 -0.015238  0.915894 0.486642
0  -3.383550 -0.355680 68.675766  -0.853795 -0.090987 -0.512597  0.908285 0.482570
0  -2.932515 -1.693395 68.687096  -0.743225 -0.431349 -0.511424  0.910024 0.477116
no_material
0  -3.917025 -0.411660 70.328247  -0.994456 -0.104039 -0.015238  0.915894 0.486642
0  -3.740265 1.215495 70.327797  -0.951121 0.308344 -0.017087  0.909745 0.493541
0  -3.383550 -0.355680 68.675766  -0.853795 -0.090987 -0.512597  0.908285 0.482570
no_material
0  -3.740265 1.215495 70.327797  -0.951121 0.308344 -0.017087  0.909745 0.493541
0  -3.222810 1.046790 68.685341  -0.816057 0.269520 -0.511283  0.904745 0.487034
0  -3.383550 -0.355680 68.675766  -0.853795 -0.090987 -0.512597  0.908285 0.482570
no_material
0  -3.740265 1.215495 70.327797  -0.951121 0.308344 -0.017087  0.909745 0.493541
0  -2.918520 2.627730 70.327667  -0.747823 0.663480 -0.023571  0.901504 0.497674
0  -3.222810 1.046790 68.685341  -0.816057 0.269520 -0.511283  0.904745 0.487034
no_material
0  1.274760 1.149210 67.020164  0.718434 0.630148 -0.294560  0.891082 0.476921
0  0.711675 1.588500 67.008194  0.405039 0.856469 -0.320006  0.891770 0.478995
0  0.820845 1.840950 67.396858  0.303917 0.634490 -0.710673  0.890429 0.479809
no_material
0  1.473435 1.324170 67.436867  0.536285 0.457025 -0.709596  0.889428 0.477127
0  1.274760 1.149210 67.020164  0.718434 0.630148 -0.294560  0.891082 0.476921
0  0.820845 1.840950 67.396858  0.303917 0.634490 -0.710673  0.890429 0.479809
no_material
0  1.642455 0.538110 67.013687  0.908384 0.306069 -0.284886  0.891193 0.474752
0  1.274760 1.149210 67.020164  0.718434 0.630148 -0.294560  0.891082 0.476921
0  1.473435 1.324170 67.436867  0.536285 0.457025 -0.709596  0.889428 0.477127
no_material
0  1.881720 0.612225 67.438660  0.672026 0.218947 -0.707420  0.889644 0.474307
0  1.642455 0.538110 67.013687  0.908384 0.306069 -0.284886  0.891193 0.474752
0  1.473435 1.324170 67.436867  0.536285 0.457025 -0.709596  0.889428 0.477127
no_material
0  1.727145 -0.179460 67.009857  0.952981 -0.102597 -0.285133  0.892118 0.472822
0  1.642455 0.538110 67.013687  0.908384 0.306069 -0.284886  0.891193 0.474752
0  1.881720 0.612225 67.438660  0.672026 0.218947 -0.707420  0.889644 0.474307
no_material
0  1.974960 -0.208215 67.430298  0.702026 -0.073867 -0.708310  0.890947 0.471811
0  1.727145 -0.179460 67.009857  0.952981 -0.102597 -0.285133  0.892118 0.472822
0  1.881720 0.612225 67.438660  0.672026 0.218947 -0.707420  0.889644 0.474307
no_material
0  1.491210 -0.857655 67.016922  0.829825 -0.478506 -0.287092  0.893805 0.471484
0  1.727145 -0.179460 67.009857  0.952981 -0.102597 -0.285133  0.892118 0.472822
0  1.974960 -0.208215 67.430298  0.702026 -0.073867 -0.708310  0.890947 0.471811
no_material
0  1.710045 -0.986580 67.443840  0.615394 -0.346070 -0.708185  0.893089 0.470023
0  1.491210 -0.857655 67.016922  0.829825 -0.478506 -0.287092  0.893805 0.471484
0  1.974960 -0.208215 67.430298  0.702026 -0.073867 -0.708310  0.890947 0.471811
no_material
0  1.021230 -1.390770 67.014359  0.576235 -0.757708 -0.306319  0.895906 0.470887
0  1.491210 -0.857655 67.016922  0.829825 -0.478506 -0.287092  0.893805 0.471484
0  1.710045 -0.986580 67.443840  0.615394 -0.346070 -0.708185  0.893089 0.470023
no_material
0  1.175895 -1.613745 67.412834  0.431431 -0.555212 -0.711061  0.895840 0.469283
0  1.021230 -1.390770 67.014359  0.576235 -0.757708 -0.306319  0.895906 0.470887
0  1.710045 -0.986580 67.443840  0.615394 -0.346070 -0.708185  0.893089 0.470023
no_material
0  0.366165 -1.704690 67.003654  0.215666 -0.919823 -0.327740  0.898131 0.471186
0  1.021230 -1.390770 67.014359  0.576235 -0.757708 -0.306319  0.895906 0.470887
0  1.175895 -1.613745 67.412834  0.431431 -0.555212 -0.711061  0.895840 0.469283
no_material
0  0.419625 -1.978020 67.391998  0.159342 -0.686576 -0.709383  0.898734 0.469707
0  0.366165 -1.704690 67.003654  0.215666 -0.919823 -0.327740  0.898131 0.471186
0  1.175895 -1.613745 67.412834  0.431431 -0.555212 -0.711061  0.895840 0.469283
no_material
0  -0.365760 -1.718145 66.999191  -0.185720 -0.926052 -0.328535  0.900028 0.472403
0  0.366165 -1.704690 67.003654  0.215666 -0.919823 -0.327740  0.898131 0.471186
0  0.419625 -1.978020 67.391998  0.159342 -0.686576 -0.709383  0.898734 0.469707
no_material
0  -0.422415 -1.982880 67.387230  -0.144739 -0.691928 -0.707310  0.901132 0.471347
0  -0.365760 -1.718145 66.999191  -0.185720 -0.926052 -0.328535  0.900028 0.472403
0  0.419625 -1.978020 67.391998  0.159342 -0.686576 -0.709383  0.898734 0.469707
no_material
0  -1.035945 -1.424925 67.002213  -0.553314 -0.771528 -0.313988  0.901185 0.474325
0  -0.365760 -1.718145 66.999191  -0.185720 -0.926052 -0.328535  0.900028 0.472403
0  -0.422415 -1.982880 67.387230  -0.144739 -0.691928 -0.707310  0.901132 0.471347
no_material
0  -1.186965 -1.632510 67.391106  -0.419637 -0.570405 -0.706076  0.902639 0.473791
0  -1.035945 -1.424925 67.002213  -0.553314 -0.771528 -0.313988  0.901185 0.474325
0  -0.422415 -1.982880 67.387230  -0.144739 -0.691928 -0.707310  0.901132 0.471347
no_material
0  -1.534815 -0.879390 67.001129  -0.816565 -0.490839 -0.303807  0.901586 0.476569
0  -1.035945 -1.424925 67.002213  -0.553314 -0.771528 -0.313988  0.901185 0.474325
0  -1.186965 -1.632510 67.391106  -0.419637 -0.570405 -0.706076  0.902639 0.473791
no_material
0  -1.753650 -1.010835 67.398026  -0.614418 -0.360836 -0.701633  0.903106 0.476629
0  -1.534815 -0.879390 67.001129  -0.816565 -0.490839 -0.303807  0.901586 0.476569
0  -1.186965 -1.632510 67.391106  -0.419637 -0.570405 -0.706076  0.902639 0.473791
no_material
0  -6.301035 -2.046555 48.076874  -0.532814 -0.178366 0.827221  0.111816 0.286023
0  -6.595155 -0.694530 48.088032  -0.559203 -0.058137 0.826990  0.113943 0.291488
0  -7.304985 -0.766440 47.676823  -0.797592 -0.082079 0.597587  0.110902 0.292776
no_material
0  -6.995160 -2.272545 47.681190  -0.760931 -0.252092 0.597857  0.108695 0.287219
0  -7.304985 -0.766440 47.676823  -0.797592 -0.082079 0.597587  0.110902 0.292776
0  -7.556130 -0.792540 46.826054  -0.976062 -0.102369 -0.191894  0.107681 0.294120
no_material
0  -6.995160 -2.272545 47.681190  -0.760931 -0.252092 0.597857  0.108695 0.287219
0  -6.301035 -2.046555 48.076874  -0.532814 -0.178366 0.827221  0.111816 0.286023
0  -7.304985 -0.766440 47.676823  -0.797592 -0.082079 0.597587  0.110902 0.292776
no_material
0  -5.744565 -3.317355 48.069992  -0.500278 -0.297689 0.813083  0.109796 0.280507
0  -6.301035 -2.046555 48.076874  -0.532814 -0.178366 0.827221  0.111816 0.286023
0  -6.995160 -2.272545 47.681190  -0.760931 -0.252092 0.597857  0.108695 0.287219
no_material
0  -5.744565 -3.317355 48.069992  -0.500278 -0.297689 0.813083  0.109796 0.280507
0  -5.761260 -3.336210 48.152340  -0.640431 -0.372466 -0.671653  0.110118 0.280355
0  -6.329070 -2.061000 48.152161  -0.700303 -0.233338 -0.674632  0.112125 0.285886
no_material
0  -6.301035 -2.046555 48.076874  -0.532814 -0.178366 0.827221  0.111816 0.286023
0  -5.744565 -3.317355 48.069992  -0.500278 -0.297689 0.813083  0.109796 0.280507
0  -6.329070 -2.061000 48.152161  -0.700303 -0.233338 -0.674632  0.112125 0.285886
no_material
0  -6.301035 -2.046555 48.076874  -0.532814 -0.178366 0.827221  0.111816 0.286023
0  -6.329070 -2.061000 48.152161  -0.700303 -0.233338 -0.674632  0.112125 0.285886
0  -6.623370 -0.698985 48.144917  -0.728075 -0.083433 -0.680401  0.114183 0.291383
no_material
0  -6.595155 -0.694530 48.088032  -0.559203 -0.058137 0.826990  0.113943 0.291488
0  -6.301035 -2.046555 48.076874  -0.532814 -0.178366 0.827221  0.111816 0.286023
0  -6.623370 -0.698985 48.144917  -0.728075 -0.083433 -0.680401  0.114183 0.291383
no_material
0  -6.595155 -0.694530 48.088032  -0.559203 -0.058137 0.826990  0.113943 0.291488
0  -6.623370 -0.698985 48.144917  -0.728075 -0.083433 -0.680401  0.114183 0.291383
0  -6.625260 0.698895 48.146397  -0.724071 0.071547 -0.686005  0.116545 0.296687
no_material
0  -6.597855 0.694350 48.088081  -0.563349 0.060986 0.823965  0.116292 0.296778
0  -6.595155 -0.694530 48.088032  -0.559203 -0.058137 0.826990  0.113943 0.291488
0  -6.625260 0.698895 48.146397  -0.724071 0.071547 -0.686005  0.116545 0.296687
no_material
0  -6.595155 -0.694530 48.088032  -0.559203 -0.058137 0.826990  0.113943 0.291488
0  -6.597855 0.694350 48.088081  -0.563349 0.060986 0.823965  0.116292 0.296778
0  -7.300710 0.766800 47.668545  -0.796948 0.083368 0.598268  0.113353 0.298445
no_material
0  -7.304985 -0.766440 47.676823  -0.797592 -0.082079 0.597587  0.110902 0.292776
0  -6.595155 -0.694530 48.088032  -0.559203 -0.058137 0.826990  0.113943 0.291488
0  -7.300710 0.766800 47.668545  -0.796948 0.083368 0.598268  0.113353 0.298445
no_material
0  -7.304985 -0.766440 47.676823  -0.797592 -0.082079 0.597587  0.110902 0.292776
0  -7.300710 0.766800 47.668545  -0.796948 0.083368 0.598268  0.113353 0.298445
0  -7.552711 0.792495 46.828396  -0.976047 0.102776 -0.191756  0.110057 0.299979
no_material
0  -7.556130 -0.792540 46.826054  -0.976062 -0.102369 -0.191894  0.107681 0.294120
0  -7.304985 -0.766440 47.676823  -0.797592 -0.082079 0.597587  0.110902 0.292776
0  -7.552711 0.792495 46.828396  -0.976047 0.102776 -0.191756  0.110057 0.299979
no_material
0  -7.556130 -0.792540 46.826054  -0.976062 -0.102369 -0.191894  0.107681 0.294120
0  -7.552711 0.792495 46.828396  -0.976047 0.102776 -0.191756  0.110057 0.299979
0  -6.874290 0.723690 45.507824  -0.989460 0.107041 -0.097528  0.104251 0.301992
no_material
0  -6.875325 -0.723510 45.507824  -0.989577 -0.106647 -0.096769  0.101907 0.296325
0  -7.556130 -0.792540 46.826054  -0.976062 -0.102369 -0.191894  0.107681 0.294120
0  -6.874290 0.723690 45.507824  -0.989460 0.107041 -0.097528  0.104251 0.301992
no_material
0  -6.875325 -0.723510 45.507824  -0.989577 -0.106647 -0.096769  0.101907 0.296325
0  -6.874290 0.723690 45.507824  -0.989460 0.107041 -0.097528  0.104251 0.301992
0  -7.336980 0.771705 44.473141  -0.653242 0.071753 0.753742  0.100010 0.304031
no_material
0  -7.337520 -0.771705 44.473366  -0.653101 -0.069955 0.754033  0.097430 0.298134
0  -6.875325 -0.723510 45.507824  -0.989577 -0.106647 -0.096769  0.101907 0.296325
0  -7.336980 0.771705 44.473141  -0.653242 0.071753 0.753742  0.100010 0.304031
no_material
0  -6.564645 -2.131650 45.508003  -0.945089 -0.312269 -0.096409  0.099723 0.290488
0  -6.875325 -0.723510 45.507824  -0.989577 -0.106647 -0.096769  0.101907 0.296325
0  -7.337520 -0.771705 44.473366  -0.653101 -0.069955 0.754033  0.097430 0.298134
no_material
0  -7.009200 -2.276235 44.473457  -0.623640 -0.204031 0.754616  0.095173 0.292070
0  -6.564645 -2.131650 45.508003  -0.945089 -0.312269 -0.096409  0.099723 0.290488
0  -7.337520 -0.771705 44.473366  -0.653101 -0.069955 0.754033  0.097430 0.298134
no_material
0  -5.972625 -3.448755 45.507824  -0.860060 -0.502413 -0.088753  0.097719 0.284576
0  -6.564645 -2.131650 45.508003  -0.945089 -0.312269 -0.096409  0.099723 0.290488
0  -7.009200 -2.276235 44.473457  -0.623640 -0.204031 0.754616  0.095173 0.292070
no_material
0  -6.383160 -3.685230 44.473770  -0.567274 -0.328430 0.755205  0.093158 0.286001
0  -5.972625 -3.448755 45.507824  -0.860060 -0.502413 -0.088753  0.097719 0.284576
0  -7.009200 -2.276235 44.473457  -0.623640 -0.204031 0.754616  0.095173 0.292070
no_material
0  -6.355395 -3.671055 47.665348  -0.692646 -0.413080 0.591276  0.106630 0.281619
0  -5.744565 -3.317355 48.069992  -0.500278 -0.297689 0.813083  0.109796 0.280507
0  -6.995160 -2.272545 47.681190  -0.760931 -0.252092 0.597857  0.108695 0.287219
no_material
0  -6.355395 -3.671055 47.665348  -0.692646 -0.413080 0.591276  0.106630 0.281619
0  -6.995160 -2.272545 47.681190  -0.760931 -0.252092 0.597857  0.108695 0.287219
0  -7.222770 -2.346165 46.821693  -0.931050 -0.308076 -0.195538  0.105461 0.288424
no_material
0  -7.222770 -2.346165 46.821693  -0.931050 -0.308076 -0.195538  0.105461 0.288424
0  -6.995160 -2.272545 47.681190  -0.760931 -0.252092 0.597857  0.108695 0.287219
0  -7.556130 -0.792540 46.826054  -0.976062 -0.102369 -0.191894  0.107681 0.294120
no_material
0  -7.222770 -2.346165 46.821693  -0.931050 -0.308076 -0.195538  0.105461 0.288424
0  -7.556130 -0.792540 46.826054  -0.976062 -0.102369 -0.191894  0.107681 0.294120
0  -6.875325 -0.723510 45.507824  -0.989577 -0.106647 -0.096769  0.101907 0.296325
no_material
0  -6.564645 -2.131650 45.508003  -0.945089 -0.312269 -0.096409  0.099723 0.290488
0  -7.222770 -2.346165 46.821693  -0.931050 -0.308076 -0.195538  0.105461 0.288424
0  -6.875325 -0.723510 45.507824  -0.989577 -0.106647 -0.096769  0.101907 0.296325
no_material
0  -6.560910 -3.789990 46.826820  -0.843452 -0.500581 -0.194957  0.103427 0.282703
0  -7.222770 -2.346165 46.821693  -0.931050 -0.308076 -0.195538  0.105461 0.288424
0  -6.564645 -2.131650 45.508003  -0.945089 -0.312269 -0.096409  0.099723 0.290488
no_material
0  -5.972625 -3.448755 45.507824  -0.860060 -0.502413 -0.088753  0.097719 0.284576
0  -6.560910 -3.789990 46.826820  -0.843452 -0.500581 -0.194957  0.103427 0.282703
0  -6.564645 -2.131650 45.508003  -0.945089 -0.312269 -0.096409  0.099723 0.290488
no_material
0  -5.604255 -5.048145 46.833794  -0.721152 -0.665641 -0.191995  0.101655 0.276921
0  -6.560910 -3.789990 46.826820  -0.843452 -0.500581 -0.194957  0.103427 0.282703
0  -5.972625 -3.448755 45.507824  -0.860060 -0.502413 -0.088753  0.097719 0.284576
no_material
0  -5.122575 -4.612905 45.507378  -0.736395 -0.672232 -0.076332  0.095905 0.278648
0  -5.604255 -5.048145 46.833794  -0.721152 -0.665641 -0.191995  0.101655 0.276921
0  -5.972625 -3.448755 45.507824  -0.860060 -0.502413 -0.088753  0.097719 0.284576
no_material
0  -4.422645 -6.088095 46.836407  -0.574660 -0.795595 -0.191821  0.099959 0.271111
0  -5.604255 -5.048145 46.833794  -0.721152 -0.665641 -0.191995  0.101655 0.276921
0  -5.122575 -4.612905 45.507378  -0.736395 -0.672232 -0.076332  0.095905 0.278648
no_material
0  -4.044105 -5.567130 45.507961  -0.585040 -0.808155 -0.067927  0.094206 0.272695
0  -4.422645 -6.088095 46.836407  -0.574660 -0.795595 -0.191821  0.099959 0.271111
0  -5.122575 -4.612905 45.507378  -0.736395 -0.672232 -0.076332  0.095905 0.278648
no_material
0  -3.062115 -6.877710 46.835640  -0.402401 -0.894139 -0.196440  0.098458 0.265175
0  -4.422645 -6.088095 46.836407  -0.574660 -0.795595 -0.191821  0.099959 0.271111
0  -4.044105 -5.567130 45.507961  -0.585040 -0.808155 -0.067927  0.094206 0.272695
no_material
0  -2.801070 -6.293250 45.506069  -0.404239 -0.911932 -0.070504  0.092559 0.266663
0  -3.062115 -6.877710 46.835640  -0.402401 -0.894139 -0.196440  0.098458 0.265175
0  -4.044105 -5.567130 45.507961  -0.585040 -0.808155 -0.067927  0.094206 0.272695
no_material
0  -1.570545 -7.385310 46.826996  -0.209532 -0.956558 -0.202714  0.096976 0.259196
0  -3.062115 -6.877710 46.835640  -0.402401 -0.894139 -0.196440  0.098458 0.265175
0  -2.801070 -6.293250 45.506069  -0.404239 -0.911932 -0.070504  0.092559 0.266663
no_material
0  -1.426455 -6.714495 45.513409  -0.207666 -0.974903 -0.080245  0.090948 0.260577
0  -1.570545 -7.385310 46.826996  -0.209532 -0.956558 -0.202714  0.096976 0.259196
0  -2.801070 -6.293250 45.506069  -0.404239 -0.911932 -0.070504  0.092559 0.266663
no_material
0  0.000945 -7.565175 46.829342  0.002640 -0.978791 -0.204844  0.095722 0.253119
0  -1.570545 -7.385310 46.826996  -0.209532 -0.956558 -0.202714  0.096976 0.259196
0  -1.426455 -6.714495 45.513409  -0.207666 -0.974903 -0.080245  0.090948 0.260577
no_material
0  0.000045 -6.878970 45.509850  0.002465 -0.996404 -0.084695  0.089545 0.254376
0  0.000945 -7.565175 46.829342  0.002640 -0.978791 -0.204844  0.095722 0.253119
0  -1.426455 -6.714495 45.513409  -0.207666 -0.974903 -0.080245  0.090948 0.260577
no_material
0  1.568790 -7.375275 46.833527  0.214356 -0.955616 -0.202111  0.094536 0.247015
0  0.000945 -7.565175 46.829342  0.002640 -0.978791 -0.204844  0.095722 0.253119
0  0.000045 -6.878970 45.509850  0.002465 -0.996404 -0.084695  0.089545 0.254376
no_material
0  -6.560910 -3.789990 46.826820  -0.843452 -0.500581 -0.194957  0.103427 0.282703
0  -6.355395 -3.671055 47.665348  -0.692646 -0.413080 0.591276  0.106630 0.281619
0  -7.222770 -2.346165 46.821693  -0.931050 -0.308076 -0.195538  0.105461 0.288424
no_material
0  -5.437710 -4.897440 47.644875  -0.598275 -0.552580 0.580277  0.104810 0.275936
0  -6.355395 -3.671055 47.665348  -0.692646 -0.413080 0.591276  0.106630 0.281619
0  -6.560910 -3.789990 46.826820  -0.843452 -0.500581 -0.194957  0.103427 0.282703
no_material
0  -5.604255 -5.048145 46.833794  -0.721152 -0.665641 -0.191995  0.101655 0.276921
0  -5.437710 -4.897440 47.644875  -0.598275 -0.552580 0.580277  0.104810 0.275936
0  -6.560910 -3.789990 46.826820  -0.843452 -0.500581 -0.194957  0.103427 0.282703
no_material
0  -4.296690 -5.914170 47.638035  -0.481687 -0.663550 0.572433  0.103117 0.270231
0  -5.437710 -4.897440 47.644875  -0.598275 -0.552580 0.580277  0.104810 0.275936
0  -5.604255 -5.048145 46.833794  -0.721152 -0.665641 -0.191995  0.101655 0.276921
no_material
0  -4.422645 -6.088095 46.836407  -0.574660 -0.795595 -0.191821  0.099959 0.271111
0  -4.296690 -5.914170 47.638035  -0.481687 -0.663550 0.572433  0.103117 0.270231
0  -5.604255 -5.048145 46.833794  -0.721152 -0.665641 -0.191995  0.101655 0.276921
no_material
0  -2.977020 -6.686460 47.646633  -0.339405 -0.745918 0.573071  0.101687 0.264392
0  -4.296690 -5.914170 47.638035  -0.481687 -0.663550 0.572433  0.103117 0.270231
0  -4.422645 -6.088095 46.836407  -0.574660 -0.795595 -0.191821  0.099959 0.271111
no_material
0  -3.062115 -6.877710 46.835640  -0.402401 -0.894139 -0.196440  0.098458 0.265175
0  -2.977020 -6.686460 47.646633  -0.339405 -0.745918 0.573071  0.101687 0.264392
0  -4.422645 -6.088095 46.836407  -0.574660 -0.795595 -0.191821  0.099959 0.271111
no_material
0  -1.524825 -7.172820 47.657383  -0.175125 -0.795227 0.580469  0.100337 0.258450
0  -2.977020 -6.686460 47.646633  -0.339405 -0.745918 0.573071  0.101687 0.264392
0  -3.062115 -6.877710 46.835640  -0.402401 -0.894139 -0.196440  0.098458 0.265175
no_material
0  -1.570545 -7.385310 46.826996  -0.209532 -0.956558 -0.202714  0.096976 0.259196
0  -1.524825 -7.172820 47.657383  -0.175125 -0.795227 0.580469  0.100337 0.258450
0  -3.062115 -6.877710 46.835640  -0.402401 -0.894139 -0.196440  0.098458 0.265175
no_material
0  0.000810 -7.338105 47.666790  0.003628 -0.809040 0.587743  0.099086 0.252394
0  -1.524825 -7.172820 47.657383  -0.175125 -0.795227 0.580469  0.100337 0.258450
0  -1.570545 -7.385310 46.826996  -0.209532 -0.956558 -0.202714  0.096976 0.259196
no_material
0  0.000945 -7.565175 46.829342  0.002640 -0.978791 -0.204844  0.095722 0.253119
0  0.000810 -7.338105 47.666790  0.003628 -0.809040 0.587743  0.099086 0.252394
0  -1.570545 -7.385310 46.826996  -0.209532 -0.956558 -0.202714  0.096976 0.259196
no_material
0  1.523250 -7.162785 47.653381  0.179334 -0.789608 0.586821  0.097864 0.246353
0  0.000810 -7.338105 47.666790  0.003628 -0.809040 0.587743  0.099086 0.252394
0  0.000945 -7.565175 46.829342  0.002640 -0.978791 -0.204844  0.095722 0.253119
no_material
0  1.568790 -7.375275 46.833527  0.214356 -0.955616 -0.202111  0.094536 0.247015
0  1.523250 -7.162785 47.653381  0.179334 -0.789608 0.586821  0.097864 0.246353
0  0.000945 -7.565175 46.829342  0.002640 -0.978791 -0.204844  0.095722 0.253119
no_material
0  2.973510 -6.677460 47.638035  0.339003 -0.741006 0.579643  0.096780 0.240370
0  1.523250 -7.162785 47.653381  0.179334 -0.789608 0.586821  0.097864 0.246353
0  1.568790 -7.375275 46.833527  0.214356 -0.955616 -0.202111  0.094536 0.247015
no_material
0  3.056085 -6.862365 46.837620  0.405694 -0.892415 -0.197503  0.093511 0.240925
0  2.973510 -6.677460 47.638035  0.339003 -0.741006 0.579643  0.096780 0.240370
0  1.568790 -7.375275 46.833527  0.214356 -0.955616 -0.202111  0.094536 0.247015
no_material
0  4.291560 -5.906655 47.629349  0.482478 -0.660182 0.575652  0.095822 0.234385
0  2.973510 -6.677460 47.638035  0.339003 -0.741006 0.579643  0.096780 0.240370
0  3.056085 -6.862365 46.837620  0.405694 -0.892415 -0.197503  0.093511 0.240925
no_material
0  4.406445 -6.064965 46.841492  0.577829 -0.792588 -0.194726  0.092603 0.234814
0  4.291560 -5.906655 47.629349  0.482478 -0.660182 0.575652  0.095822 0.234385
0  3.056085 -6.862365 46.837620  0.405694 -0.892415 -0.197503  0.093511 0.240925
no_material
0  5.428125 -4.887720 47.633171  0.601038 -0.548043 0.581724  0.095172 0.228356
0  4.291560 -5.906655 47.629349  0.482478 -0.660182 0.575652  0.095822 0.234385
0  4.406445 -6.064965 46.841492  0.577829 -0.792588 -0.194726  0.092603 0.234814
no_material
0  5.428125 -4.887720 47.633171  0.601038 -0.548043 0.581724  0.095172 0.228356
0  4.903425 -4.413375 48.081150  0.461890 -0.418049 0.782235  0.098539 0.228021
0  4.291560 -5.906655 47.629349  0.482478 -0.660182 0.575652  0.095822 0.234385
no_material
0  4.903425 -4.413375 48.081150  0.461890 -0.418049 0.782235  0.098539 0.228021
0  3.885435 -5.346765 48.079712  0.371148 -0.505756 0.778755  0.099252 0.233921
0  4.291560 -5.906655 47.629349  0.482478 -0.660182 0.575652  0.095822 0.234385
no_material
0  4.291560 -5.906655 47.629349  0.482478 -0.660182 0.575652  0.095822 0.234385
0  3.885435 -5.346765 48.079712  0.371148 -0.505756 0.778755  0.099252 0.233921
0  2.973510 -6.677460 47.638035  0.339003 -0.741006 0.579643  0.096780 0.240370
no_material
0  3.885435 -5.346765 48.079712  0.371148 -0.505756 0.778755  0.099252 0.233921
0  2.685960 -6.033330 48.087673  0.255923 -0.562009 0.786543  0.100114 0.239807
0  2.973510 -6.677460 47.638035  0.339003 -0.741006 0.579643  0.096780 0.240370
no_material
0  2.973510 -6.677460 47.638035  0.339003 -0.741006 0.579643  0.096780 0.240370
0  2.685960 -6.033330 48.087673  0.255923 -0.562009 0.786543  0.100114 0.239807
0  1.523250 -7.162785 47.653381  0.179334 -0.789608 0.586821  0.097864 0.246353
no_material
0  2.685960 -6.033330 48.087673  0.255923 -0.562009 0.786543  0.100114 0.239807
0  1.372950 -6.456420 48.080208  0.134394 -0.588334 0.797371  0.101284 0.245668
0  1.523250 -7.162785 47.653381  0.179334 -0.789608 0.586821  0.097864 0.246353
no_material
0  1.523250 -7.162785 47.653381  0.179334 -0.789608 0.586821  0.097864 0.246353
0  1.372950 -6.456420 48.080208  0.134394 -0.588334 0.797371  0.101284 0.245668
0  0.000810 -7.338105 47.666790  0.003628 -0.809040 0.587743  0.099086 0.252394
no_material
0  1.372950 -6.456420 48.080208  0.134394 -0.588334 0.797371  0.101284 0.245668
0  0.001665 -6.638265 48.069542  0.004911 -0.594048 0.804415  0.102502 0.251683
0  0.000810 -7.338105 47.666790  0.003628 -0.809040 0.587743  0.099086 0.252394
no_material
0  0.000810 -7.338105 47.666790  0.003628 -0.809040 0.587743  0.099086 0.252394
0  0.001665 -6.638265 48.069542  0.004911 -0.594048 0.804415  0.102502 0.251683
0  -1.524825 -7.172820 47.657383  -0.175125 -0.795227 0.580469  0.100337 0.258450
no_material
0  0.001665 -6.638265 48.069542  0.004911 -0.594048 0.804415  0.102502 0.251683
0  -1.375605 -6.479370 48.084751  -0.126541 -0.586487 0.800013  0.103716 0.257718
0  -1.524825 -7.172820 47.657383  -0.175125 -0.795227 0.580469  0.100337 0.258450
no_material
0  -1.524825 -7.172820 47.657383  -0.175125 -0.795227 0.580469  0.100337 0.258450
0  -1.375605 -6.479370 48.084751  -0.126541 -0.586487 0.800013  0.103716 0.257718
0  -2.977020 -6.686460 47.646633  -0.339405 -0.745918 0.573071  0.101687 0.264392
no_material
0  -1.375605 -6.479370 48.084751  -0.126541 -0.586487 0.800013  0.103716 0.257718
0  -2.702970 -6.065910 48.090019  -0.254069 -0.558428 0.789688  0.104939 0.263615
0  -2.977020 -6.686460 47.646633  -0.339405 -0.745918 0.573071  0.101687 0.264392
no_material
0  -2.977020 -6.686460 47.646633  -0.339405 -0.745918 0.573071  0.101687 0.264392
0  -2.702970 -6.065910 48.090019  -0.254069 -0.558428 0.789688  0.104939 0.263615
0  -4.296690 -5.914170 47.638035  -0.481687 -0.663550 0.572433  0.103117 0.270231
no_material
0  -2.702970 -6.065910 48.090019  -0.254069 -0.558428 0.789688  0.104939 0.263615
0  -3.901050 -5.368140 48.075748  -0.366900 -0.502096 0.783125  0.106244 0.269383
0  -4.296690 -5.914170 47.638035  -0.481687 -0.663550 0.572433  0.103117 0.270231
no_material
0  -4.296690 -5.914170 47.638035  -0.481687 -0.663550 0.572433  0.103117 0.270231
0  -3.901050 -5.368140 48.075748  -0.366900 -0.502096 0.783125  0.106244 0.269383
0  -5.437710 -4.897440 47.644875  -0.598275 -0.552580 0.580277  0.104810 0.275936
no_material
0  -3.901050 -5.368140 48.075748  -0.366900 -0.502096 0.783125  0.106244 0.269383
0  -4.930650 -4.440825 48.085201  -0.448894 -0.412785 0.792529  0.107870 0.274969
0  -5.437710 -4.897440 47.644875  -0.598275 -0.552580 0.580277  0.104810 0.275936
no_material
0  -5.437710 -4.897440 47.644875  -0.598275 -0.552580 0.580277  0.104810 0.275936
0  -4.930650 -4.440825 48.085201  -0.448894 -0.412785 0.792529  0.107870 0.274969
0  -6.355395 -3.671055 47.665348  -0.692646 -0.413080 0.591276  0.106630 0.281619
no_material
0  -4.930650 -4.440825 48.085201  -0.448894 -0.412785 0.792529  0.107870 0.274969
0  -5.744565 -3.317355 48.069992  -0.500278 -0.297689 0.813083  0.109796 0.280507
0  -6.355395 -3.671055 47.665348  -0.692646 -0.413080 0.591276  0.106630 0.281619
no_material
0  4.903425 -4.413375 48.081150  0.461890 -0.418049 0.782235  0.098539 0.228021
0  4.930650 -4.450005 48.173714  0.554983 -0.499513 -0.665192  0.098975 0.228021
0  3.895560 -5.375160 48.174522  0.441433 -0.596050 -0.670717  0.099669 0.233903
no_material
0  3.885435 -5.346765 48.079712  0.371148 -0.505756 0.778755  0.099252 0.233921
0  4.903425 -4.413375 48.081150  0.461890 -0.418049 0.782235  0.098539 0.228021
0  3.895560 -5.375160 48.174522  0.441433 -0.596050 -0.670717  0.099669 0.233903
no_material
0  3.885435 -5.346765 48.079712  0.371148 -0.505756 0.778755  0.099252 0.233921
0  3.895560 -5.375160 48.174522  0.441433 -0.596050 -0.670717  0.099669 0.233903
0  2.696625 -6.070185 48.168224  0.304072 -0.666046 -0.681119  0.100488 0.239764
no_material
0  2.685960 -6.033330 48.087673  0.255923 -0.562009 0.786543  0.100114 0.239807
0  3.885435 -5.346765 48.079712  0.371148 -0.505756 0.778755  0.099252 0.233921
0  2.696625 -6.070185 48.168224  0.304072 -0.666046 -0.681119  0.100488 0.239764
no_material
0  2.685960 -6.033330 48.087673  0.255923 -0.562009 0.786543  0.100114 0.239807
0  2.696625 -6.070185 48.168224  0.304072 -0.666046 -0.681119  0.100488 0.239764
0  1.379160 -6.501330 48.169888  0.158498 -0.711328 -0.684756  0.101708 0.245596
no_material
0  1.372950 -6.456420 48.080208  0.134394 -0.588334 0.797371  0.101284 0.245668
0  2.685960 -6.033330 48.087673  0.255923 -0.562009 0.786543  0.100114 0.239807
0  1.379160 -6.501330 48.169888  0.158498 -0.711328 -0.684756  0.101708 0.245596
no_material
0  1.372950 -6.456420 48.080208  0.134394 -0.588334 0.797371  0.101284 0.245668
0  1.379160 -6.501330 48.169888  0.158498 -0.711328 -0.684756  0.101708 0.245596
0  0.000810 -6.667245 48.162197  0.004357 -0.728924 -0.684581  0.102925 0.251604
no_material
0  0.001665 -6.638265 48.069542  0.004911 -0.594048 0.804415  0.102502 0.251683
0  1.372950 -6.456420 48.080208  0.134394 -0.588334 0.797371  0.101284 0.245668
0  0.000810 -6.667245 48.162197  0.004357 -0.728924 -0.684581  0.102925 0.251604
no_material
0  0.001665 -6.638265 48.069542  0.004911 -0.594048 0.804415  0.102502 0.251683
0  0.000810 -6.667245 48.162197  0.004357 -0.728924 -0.684581  0.102925 0.251604
0  -1.379070 -6.512265 48.165169  -0.148679 -0.713196 -0.685016  0.104078 0.257633
no_material
0  -1.375605 -6.479370 48.084751  -0.126541 -0.586487 0.800013  0.103716 0.257718
0  0.001665 -6.638265 48.069542  0.004911 -0.594048 0.804415  0.102502 0.251683
0  -1.379070 -6.512265 48.165169  -0.148679 -0.713196 -0.685016  0.104078 0.257633
no_material
0  -1.375605 -6.479370 48.084751  -0.126541 -0.586487 0.800013  0.103716 0.257718
0  -1.379070 -6.512265 48.165169  -0.148679 -0.713196 -0.685016  0.104078 0.257633
0  -2.709810 -6.099120 48.156704  -0.296831 -0.666971 -0.683404  0.105239 0.263519
no_material
0  -2.702970 -6.065910 48.090019  -0.254069 -0.558428 0.789688  0.104939 0.263615
0  -1.375605 -6.479370 48.084751  -0.126541 -0.586487 0.800013  0.103716 0.257718
0  -2.709810 -6.099120 48.156704  -0.296831 -0.666971 -0.683404  0.105239 0.263519
no_material
0  -2.702970 -6.065910 48.090019  -0.254069 -0.558428 0.789688  0.104939 0.263615
0  -2.709810 -6.099120 48.156704  -0.296831 -0.666971 -0.683404  0.105239 0.263519
0  -3.911355 -5.395950 48.160034  -0.436554 -0.593481 -0.676166  0.106591 0.269258
no_material
0  -3.901050 -5.368140 48.075748  -0.366900 -0.502096 0.783125  0.106244 0.269383
0  -2.702970 -6.065910 48.090019  -0.254069 -0.558428 0.789688  0.104939 0.263615
0  -3.911355 -5.395950 48.160034  -0.436554 -0.593481 -0.676166  0.106591 0.269258
no_material
0  -3.901050 -5.368140 48.075748  -0.366900 -0.502096 0.783125  0.106244 0.269383
0  -3.911355 -5.395950 48.160034  -0.436554 -0.593481 -0.676166  0.106591 0.269258
0  -4.950270 -4.466880 48.161293  -0.549414 -0.496376 -0.672128  0.108187 0.274840
no_material
0  -4.930650 -4.440825 48.085201  -0.448894 -0.412785 0.792529  0.107870 0.274969
0  -3.901050 -5.368140 48.075748  -0.366900 -0.502096 0.783125  0.106244 0.269383
0  -4.950270 -4.466880 48.161293  -0.549414 -0.496376 -0.672128  0.108187 0.274840
no_material
0  -4.930650 -4.440825 48.085201  -0.448894 -0.412785 0.792529  0.107870 0.274969
0  -4.950270 -4.466880 48.161293  -0.549414 -0.496376 -0.672128  0.108187 0.274840
0  -5.761260 -3.336210 48.152340  -0.640431 -0.372466 -0.671653  0.110118 0.280355
no_material
0  -5.744565 -3.317355 48.069992  -0.500278 -0.297689 0.813083  0.109796 0.280507
0  -4.930650 -4.440825 48.085201  -0.448894 -0.412785 0.792529  0.107870 0.274969
0  -5.761260 -3.336210 48.152340  -0.640431 -0.372466 -0.671653  0.110118 0.280355
no_material
0  2.686410 6.032790 48.086414  0.246545 0.560725 0.790445  0.100515 0.173205
0  2.696760 6.070095 48.167774  0.292004 0.663694 -0.688654  0.100911 0.173239
0  3.892545 5.371155 48.173489  0.420001 0.585482 -0.693405  0.100200 0.179403
no_material
0  3.878415 5.336685 48.076649  0.344085 0.481049 0.806348  0.099743 0.179390
0  2.686410 6.032790 48.086414  0.246545 0.560725 0.790445  0.100515 0.173205
0  3.892545 5.371155 48.173489  0.420001 0.585482 -0.693405  0.100200 0.179403
no_material
0  3.878415 5.336685 48.076649  0.344085 0.481049 0.806348  0.099743 0.179390
0  3.892545 5.371155 48.173489  0.420001 0.585482 -0.693405  0.100200 0.179403
0  4.925295 4.444425 48.165569  0.532038 0.481067 -0.696786  0.099483 0.185563
no_material
0  4.890780 4.401585 48.074486  0.425431 0.382653 0.820113  0.099018 0.185552
0  3.878415 5.336685 48.076649  0.344085 0.481049 0.806348  0.099743 0.179390
0  4.925295 4.444425 48.165569  0.532038 0.481067 -0.696786  0.099483 0.185563
no_material
0  4.890780 4.401585 48.074486  0.425431 0.382653 0.820113  0.099018 0.185552
0  4.925295 4.444425 48.165569  0.532038 0.481067 -0.696786  0.099483 0.185563
0  5.734215 3.319920 48.171421  0.626437 0.357581 -0.692613  0.098845 0.191646
no_material
0  5.691870 3.287475 48.063690  0.498308 0.284216 0.819091  0.098324 0.191628
0  4.890780 4.401585 48.074486  0.425431 0.382653 0.820113  0.099018 0.185552
0  5.734215 3.319920 48.171421  0.626437 0.357581 -0.692613  0.098845 0.191646
no_material
0  5.691870 3.287475 48.063690  0.498308 0.284216 0.819091  0.098324 0.191628
0  5.734215 3.319920 48.171421  0.626437 0.357581 -0.692613  0.098845 0.191646
0  6.308506 2.054340 48.172184  0.695805 0.221368 -0.683266  0.098414 0.197744
no_material
0  6.277320 2.039400 48.072823  0.562449 0.181119 0.806751  0.097957 0.197733
0  5.691870 3.287475 48.063690  0.498308 0.284216 0.819091  0.098324 0.191628
0  6.308506 2.054340 48.172184  0.695805 0.221368 -0.683266  0.098414 0.197744
no_material
0  6.277320 2.039400 48.072823  0.562449 0.181119 0.806751  0.097957 0.197733
0  6.308506 2.054340 48.172184  0.695805 0.221368 -0.683266  0.098414 0.197744
0  6.599565 0.697275 48.169079  0.735041 0.070619 -0.674335  0.098045 0.203857
no_material
0  6.561945 0.691245 48.083672  0.599232 0.062403 0.798139  0.097641 0.203856
0  6.277320 2.039400 48.072823  0.562449 0.181119 0.806751  0.097957 0.197733
0  6.599565 0.697275 48.169079  0.735041 0.070619 -0.674335  0.098045 0.203857
no_material
0  6.561945 0.691245 48.083672  0.599232 0.062403 0.798139  0.097641 0.203856
0  6.599565 0.697275 48.169079  0.735041 0.070619 -0.674335  0.098045 0.203857
0  6.597495 -0.697230 48.169579  0.739709 -0.083146 -0.667770  0.098126 0.209936
no_material
0  6.558525 -0.691110 48.082092  0.595411 -0.060183 0.801164  0.097723 0.209939
0  6.561945 0.691245 48.083672  0.599232 0.062403 0.798139  0.097641 0.203856
0  6.597495 -0.697230 48.169579  0.739709 -0.083146 -0.667770  0.098126 0.209936
no_material
0  6.558525 -0.691110 48.082092  0.595411 -0.060183 0.801164  0.097723 0.209939
0  6.597495 -0.697230 48.169579  0.739709 -0.083146 -0.667770  0.098126 0.209936
0  6.307560 -2.053845 48.173534  0.710324 -0.233822 -0.663903  0.098404 0.215994
no_material
0  6.275790 -2.038320 48.071163  0.564756 -0.186461 0.803917  0.097938 0.215991
0  6.558525 -0.691110 48.082092  0.595411 -0.060183 0.801164  0.097723 0.209939
0  6.307560 -2.053845 48.173534  0.710324 -0.233822 -0.663903  0.098404 0.215994
no_material
0  6.275790 -2.038320 48.071163  0.564756 -0.186461 0.803917  0.097938 0.215991
0  6.307560 -2.053845 48.173534  0.710324 -0.233822 -0.663903  0.098404 0.215994
0  5.741010 -3.323340 48.171329  0.646977 -0.374867 -0.663999  0.098612 0.222059
no_material
0  5.707800 -3.296025 48.073006  0.522492 -0.308174 0.795004  0.098155 0.222051
0  6.275790 -2.038320 48.071163  0.564756 -0.186461 0.803917  0.097938 0.215991
0  5.741010 -3.323340 48.171329  0.646977 -0.374867 -0.663999  0.098612 0.222059
no_material
0  5.707800 -3.296025 48.073006  0.522492 -0.308174 0.795004  0.098155 0.222051
0  5.741010 -3.323340 48.171329  0.646977 -0.374867 -0.663999  0.098612 0.222059
0  4.930650 -4.450005 48.173714  0.554983 -0.499513 -0.665192  0.098975 0.228021
no_material
0  4.903425 -4.413375 48.081150  0.461890 -0.418049 0.782235  0.098539 0.228021
0  5.707800 -3.296025 48.073006  0.522492 -0.308174 0.795004  0.098155 0.222051
0  4.930650 -4.450005 48.173714  0.554983 -0.499513 -0.665192  0.098975 0.228021
no_material
0  2.973600 6.679440 47.639927  0.325439 0.744334 0.583144  0.097035 0.172653
0  2.686410 6.032790 48.086414  0.246545 0.560725 0.790445  0.100515 0.173205
0  4.307715 5.930775 47.654911  0.466471 0.656858 0.592404  0.096055 0.178912
no_material
0  2.686410 6.032790 48.086414  0.246545 0.560725 0.790445  0.100515 0.173205
0  3.878415 5.336685 48.076649  0.344085 0.481049 0.806348  0.099743 0.179390
0  4.307715 5.930775 47.654911  0.466471 0.656858 0.592404  0.096055 0.178912
no_material
0  4.307715 5.930775 47.654911  0.466471 0.656858 0.592404  0.096055 0.178912
0  3.878415 5.336685 48.076649  0.344085 0.481049 0.806348  0.099743 0.179390
0  5.457600 4.914360 47.672371  0.590410 0.535797 0.603603  0.095361 0.185172
no_material
0  3.878415 5.336685 48.076649  0.344085 0.481049 0.806348  0.099743 0.179390
0  4.890780 4.401585 48.074486  0.425431 0.382653 0.820113  0.099018 0.185552
0  5.457600 4.914360 47.672371  0.590410 0.535797 0.603603  0.095361 0.185172
no_material
0  5.457600 4.914360 47.672371  0.590410 0.535797 0.603603  0.095361 0.185172
0  4.890780 4.401585 48.074486  0.425431 0.382653 0.820113  0.099018 0.185552
0  6.358185 3.670020 47.671654  0.690027 0.394325 0.606936  0.094804 0.191350
no_material
0  4.890780 4.401585 48.074486  0.425431 0.382653 0.820113  0.099018 0.185552
0  5.691870 3.287475 48.063690  0.498308 0.284216 0.819091  0.098324 0.191628
0  6.358185 3.670020 47.671654  0.690027 0.394325 0.606936  0.094804 0.191350
no_material
0  6.358185 3.670020 47.671654  0.690027 0.394325 0.606936  0.094804 0.191350
0  5.691870 3.287475 48.063690  0.498308 0.284216 0.819091  0.098324 0.191628
0  6.966405 2.262510 47.655987  0.761600 0.242226 0.601076  0.094356 0.197544
no_material
0  5.691870 3.287475 48.063690  0.498308 0.284216 0.819091  0.098324 0.191628
0  6.277320 2.039400 48.072823  0.562449 0.181119 0.806751  0.097957 0.197733
0  6.966405 2.262510 47.655987  0.761600 0.242226 0.601076  0.094356 0.197544
no_material
0  6.966405 2.262510 47.655987  0.761600 0.242226 0.601076  0.094356 0.197544
0  6.277320 2.039400 48.072823  0.562449 0.181119 0.806751  0.097957 0.197733
0  7.276005 0.765045 47.642670  0.799420 0.082419 0.595092  0.094159 0.203781
no_material
0  6.277320 2.039400 48.072823  0.562449 0.181119 0.806751  0.097957 0.197733
0  6.561945 0.691245 48.083672  0.599232 0.062403 0.798139  0.097641 0.203856
0  7.276005 0.765045 47.642670  0.799420 0.082419 0.595092  0.094159 0.203781
no_material
0  7.276005 0.765045 47.642670  0.799420 0.082419 0.595092  0.094159 0.203781
0  6.561945 0.691245 48.083672  0.599232 0.062403 0.798139  0.097641 0.203856
0  7.282755 -0.765450 47.649147  0.799510 -0.080802 0.595192  0.094164 0.209978
no_material
0  6.561945 0.691245 48.083672  0.599232 0.062403 0.798139  0.097641 0.203856
0  6.558525 -0.691110 48.082092  0.595411 -0.060183 0.801164  0.097723 0.209939
0  7.282755 -0.765450 47.649147  0.799510 -0.080802 0.595192  0.094164 0.209978
no_material
0  7.282755 -0.765450 47.649147  0.799510 -0.080802 0.595192  0.094164 0.209978
0  6.558525 -0.691110 48.082092  0.595411 -0.060183 0.801164  0.097723 0.209939
0  6.970320 -2.265120 47.661030  0.762689 -0.251118 0.596024  0.094346 0.216141
no_material
0  6.558525 -0.691110 48.082092  0.595411 -0.060183 0.801164  0.097723 0.209939
0  6.275790 -2.038320 48.071163  0.564756 -0.186461 0.803917  0.097938 0.215991
0  6.970320 -2.265120 47.661030  0.762689 -0.251118 0.596024  0.094346 0.216141
no_material
0  6.970320 -2.265120 47.661030  0.762689 -0.251118 0.596024  0.094346 0.216141
0  6.275790 -2.038320 48.071163  0.564756 -0.186461 0.803917  0.097938 0.215991
0  6.336360 -3.659130 47.646000  0.694083 -0.410763 0.591204  0.094655 0.222280
no_material
0  6.275790 -2.038320 48.071163  0.564756 -0.186461 0.803917  0.097938 0.215991
0  5.707800 -3.296025 48.073006  0.522492 -0.308174 0.795004  0.098155 0.222051
0  6.336360 -3.659130 47.646000  0.694083 -0.410763 0.591204  0.094655 0.222280
no_material
0  6.336360 -3.659130 47.646000  0.694083 -0.410763 0.591204  0.094655 0.222280
0  5.707800 -3.296025 48.073006  0.522492 -0.308174 0.795004  0.098155 0.222051
0  5.428125 -4.887720 47.633171  0.601038 -0.548043 0.581724  0.095172 0.228356
no_material
0  5.707800 -3.296025 48.073006  0.522492 -0.308174 0.795004  0.098155 0.222051
0  4.903425 -4.413375 48.081150  0.461890 -0.418049 0.782235  0.098539 0.228021
0  5.428125 -4.887720 47.633171  0.601038 -0.548043 0.581724  0.095172 0.228356
no_material
0  5.578875 -5.023620 46.838295  0.724456 -0.660617 -0.196847  0.091888 0.228673
0  5.428125 -4.887720 47.633171  0.601038 -0.548043 0.581724  0.095172 0.228356
0  4.406445 -6.064965 46.841492  0.577829 -0.792588 -0.194726  0.092603 0.234814
no_material
0  6.336360 -3.659130 47.646000  0.694083 -0.410763 0.591204  0.094655 0.222280
0  5.428125 -4.887720 47.633171  0.601038 -0.548043 0.581724  0.095172 0.228356
0  5.578875 -5.023620 46.838295  0.724456 -0.660617 -0.196847  0.091888 0.228673
no_material
0  6.521535 -3.766455 46.833618  0.844099 -0.496972 -0.201283  0.091282 0.222522
0  6.336360 -3.659130 47.646000  0.694083 -0.410763 0.591204  0.094655 0.222280
0  5.578875 -5.023620 46.838295  0.724456 -0.660617 -0.196847  0.091888 0.228673
no_material
0  6.970320 -2.265120 47.661030  0.762689 -0.251118 0.596024  0.094346 0.216141
0  6.336360 -3.659130 47.646000  0.694083 -0.410763 0.591204  0.094655 0.222280
0  6.521535 -3.766455 46.833618  0.844099 -0.496972 -0.201283  0.091282 0.222522
no_material
0  7.181370 -2.333700 46.828171  0.930087 -0.305340 -0.204218  0.090905 0.216290
0  6.970320 -2.265120 47.661030  0.762689 -0.251118 0.596024  0.094346 0.216141
0  6.521535 -3.766455 46.833618  0.844099 -0.496972 -0.201283  0.091282 0.222522
no_material
0  7.282755 -0.765450 47.649147  0.799510 -0.080802 0.595192  0.094164 0.209978
0  6.970320 -2.265120 47.661030  0.762689 -0.251118 0.596024  0.094346 0.216141
0  7.181370 -2.333700 46.828171  0.930087 -0.305340 -0.204218  0.090905 0.216290
no_material
0  7.504965 -0.788805 46.833168  0.973930 -0.099880 -0.203675  0.090749 0.210008
0  7.282755 -0.765450 47.649147  0.799510 -0.080802 0.595192  0.094164 0.209978
0  7.181370 -2.333700 46.828171  0.930087 -0.305340 -0.204218  0.090905 0.216290
no_material
0  7.276005 0.765045 47.642670  0.799420 0.082419 0.595092  0.094159 0.203781
0  7.282755 -0.765450 47.649147  0.799510 -0.080802 0.595192  0.094164 0.209978
0  7.504965 -0.788805 46.833168  0.973930 -0.099880 -0.203675  0.090749 0.210008
no_material
0  7.501230 0.788670 46.834694  0.973871 0.100784 -0.203512  0.090698 0.203703
0  7.276005 0.765045 47.642670  0.799420 0.082419 0.595092  0.094159 0.203781
0  7.504965 -0.788805 46.833168  0.973930 -0.099880 -0.203675  0.090749 0.210008
no_material
0  6.966405 2.262510 47.655987  0.761600 0.242226 0.601076  0.094356 0.197544
0  7.276005 0.765045 47.642670  0.799420 0.082419 0.595092  0.094159 0.203781
0  7.501230 0.788670 46.834694  0.973871 0.100784 -0.203512  0.090698 0.203703
no_material
0  7.189245 2.335590 46.829834  0.931459 0.298870 -0.207509  0.090880 0.197379
0  6.966405 2.262510 47.655987  0.761600 0.242226 0.601076  0.094356 0.197544
0  7.501230 0.788670 46.834694  0.973871 0.100784 -0.203512  0.090698 0.203703
no_material
0  6.358185 3.670020 47.671654  0.690027 0.394325 0.606936  0.094804 0.191350
0  6.966405 2.262510 47.655987  0.761600 0.242226 0.601076  0.094356 0.197544
0  7.189245 2.335590 46.829834  0.931459 0.298870 -0.207509  0.090880 0.197379
no_material
0  6.547410 3.780450 46.825020  0.847262 0.486793 -0.212554  0.091237 0.191074
0  6.358185 3.670020 47.671654  0.690027 0.394325 0.606936  0.094804 0.191350
0  7.189245 2.335590 46.829834  0.931459 0.298870 -0.207509  0.090880 0.197379
no_material
0  5.457600 4.914360 47.672371  0.590410 0.535797 0.603603  0.095361 0.185172
0  6.358185 3.670020 47.671654  0.690027 0.394325 0.606936  0.094804 0.191350
0  6.547410 3.780450 46.825020  0.847262 0.486793 -0.212554  0.091237 0.191074
no_material
0  5.620635 5.061825 46.821331  0.723317 0.656744 -0.213307  0.091809 0.184792
0  5.457600 4.914360 47.672371  0.590410 0.535797 0.603603  0.095361 0.185172
0  6.547410 3.780450 46.825020  0.847262 0.486793 -0.212554  0.091237 0.191074
no_material
0  4.307715 5.930775 47.654911  0.466471 0.656858 0.592404  0.096055 0.178912
0  5.457600 4.914360 47.672371  0.590410 0.535797 0.603603  0.095361 0.185172
0  5.620635 5.061825 46.821331  0.723317 0.656744 -0.213307  0.091809 0.184792
no_material
0  4.429485 6.098400 46.829567  0.568351 0.796074 -0.207949  0.092563 0.178465
0  4.307715 5.930775 47.654911  0.466471 0.656858 0.592404  0.096055 0.178912
0  5.620635 5.061825 46.821331  0.723317 0.656744 -0.213307  0.091809 0.184792
no_material
0  2.973600 6.679440 47.639927  0.325439 0.744334 0.583144  0.097035 0.172653
0  4.307715 5.930775 47.654911  0.466471 0.656858 0.592404  0.096055 0.178912
0  4.429485 6.098400 46.829567  0.568351 0.796074 -0.207949  0.092563 0.178465
no_material
0  1.426500 -6.710445 45.507961  0.213199 -0.973875 -0.078188  0.088366 0.248119
0  1.568790 -7.375275 46.833527  0.214356 -0.955616 -0.202111  0.094536 0.247015
0  0.000045 -6.878970 45.509850  0.002465 -0.996404 -0.084695  0.089545 0.254376
no_material
0  3.056085 -6.862365 46.837620  0.405694 -0.892415 -0.197503  0.093511 0.240925
0  1.568790 -7.375275 46.833527  0.214356 -0.955616 -0.202111  0.094536 0.247015
0  1.426500 -6.710445 45.507961  0.213199 -0.973875 -0.078188  0.088366 0.248119
no_material
0  2.796165 -6.281235 45.512413  0.408359 -0.910238 -0.068622  0.087452 0.241873
0  3.056085 -6.862365 46.837620  0.405694 -0.892415 -0.197503  0.093511 0.240925
0  1.426500 -6.710445 45.507961  0.213199 -0.973875 -0.078188  0.088366 0.248119
no_material
0  4.406445 -6.064965 46.841492  0.577829 -0.792588 -0.194726  0.092603 0.234814
0  3.056085 -6.862365 46.837620  0.405694 -0.892415 -0.197503  0.093511 0.240925
0  2.796165 -6.281235 45.512413  0.408359 -0.910238 -0.068622  0.087452 0.241873
no_material
0  4.038975 -5.559030 45.510571  0.588599 -0.805845 -0.064538  0.086625 0.235608
0  4.406445 -6.064965 46.841492  0.577829 -0.792588 -0.194726  0.092603 0.234814
0  2.796165 -6.281235 45.512413  0.408359 -0.910238 -0.068622  0.087452 0.241873
no_material
0  5.578875 -5.023620 46.838295  0.724456 -0.660617 -0.196847  0.091888 0.228673
0  4.406445 -6.064965 46.841492  0.577829 -0.792588 -0.194726  0.092603 0.234814
0  4.038975 -5.559030 45.510571  0.588599 -0.805845 -0.064538  0.086625 0.235608
no_material
0  5.105160 -4.596345 45.509666  0.740326 -0.668691 -0.069060  0.085779 0.229343
0  5.578875 -5.023620 46.838295  0.724456 -0.660617 -0.196847  0.091888 0.228673
0  4.038975 -5.559030 45.510571  0.588599 -0.805845 -0.064538  0.086625 0.235608
no_material
0  6.521535 -3.766455 46.833618  0.844099 -0.496972 -0.201283  0.091282 0.222522
0  5.578875 -5.023620 46.838295  0.724456 -0.660617 -0.196847  0.091888 0.228673
0  5.105160 -4.596345 45.509666  0.740326 -0.668691 -0.069060  0.085779 0.229343
no_material
0  5.944905 -3.433005 45.509132  0.861947 -0.500895 -0.078425  0.085085 0.223030
0  6.521535 -3.766455 46.833618  0.844099 -0.496972 -0.201283  0.091282 0.222522
0  5.105160 -4.596345 45.509666  0.740326 -0.668691 -0.069060  0.085779 0.229343
no_material
0  7.181370 -2.333700 46.828171  0.930087 -0.305340 -0.204218  0.090905 0.216290
0  6.521535 -3.766455 46.833618  0.844099 -0.496972 -0.201283  0.091282 0.222522
0  5.944905 -3.433005 45.509132  0.861947 -0.500895 -0.078425  0.085085 0.223030
no_material
0  6.528015 -2.120760 45.508682  0.947093 -0.309473 -0.085099  0.084581 0.216613
0  7.181370 -2.333700 46.828171  0.930087 -0.305340 -0.204218  0.090905 0.216290
0  5.944905 -3.433005 45.509132  0.861947 -0.500895 -0.078425  0.085085 0.223030
no_material
0  7.504965 -0.788805 46.833168  0.973930 -0.099880 -0.203675  0.090749 0.210008
0  7.181370 -2.333700 46.828171  0.930087 -0.305340 -0.204218  0.090905 0.216290
0  6.528015 -2.120760 45.508682  0.947093 -0.309473 -0.085099  0.084581 0.216613
no_material
0  6.827760 -0.719640 45.508366  0.990898 -0.104025 -0.085436  0.084301 0.210142
0  7.504965 -0.788805 46.833168  0.973930 -0.099880 -0.203675  0.090749 0.210008
0  6.528015 -2.120760 45.508682  0.947093 -0.309473 -0.085099  0.084581 0.216613
no_material
0  7.501230 0.788670 46.834694  0.973871 0.100784 -0.203512  0.090698 0.203703
0  7.504965 -0.788805 46.833168  0.973930 -0.099880 -0.203675  0.090749 0.210008
0  6.827760 -0.719640 45.508366  0.990898 -0.104025 -0.085436  0.084301 0.210142
no_material
0  6.825960 0.719685 45.508457  0.990773 0.104648 -0.086125  0.084347 0.203606
0  7.501230 0.788670 46.834694  0.973871 0.100784 -0.203512  0.090698 0.203703
0  6.827760 -0.719640 45.508366  0.990898 -0.104025 -0.085436  0.084301 0.210142
no_material
0  7.189245 2.335590 46.829834  0.931459 0.298870 -0.207509  0.090880 0.197379
0  7.501230 0.788670 46.834694  0.973871 0.100784 -0.203512  0.090698 0.203703
0  6.825960 0.719685 45.508457  0.990773 0.104648 -0.086125  0.084347 0.203606
no_material
0  6.522300 2.118960 45.509083  0.946876 0.308524 -0.090768  0.084427 0.197091
0  7.189245 2.335590 46.829834  0.931459 0.298870 -0.207509  0.090880 0.197379
0  6.825960 0.719685 45.508457  0.990773 0.104648 -0.086125  0.084347 0.203606
no_material
0  6.547410 3.780450 46.825020  0.847262 0.486793 -0.212554  0.091237 0.191074
0  7.189245 2.335590 46.829834  0.931459 0.298870 -0.207509  0.090880 0.197379
0  6.522300 2.118960 45.509083  0.946876 0.308524 -0.090768  0.084427 0.197091
no_material
0  5.944905 -3.433005 45.509132  0.861947 -0.500895 -0.078425  0.085085 0.223030
0  5.105160 -4.596345 45.509666  0.740326 -0.668691 -0.069060  0.085779 0.229343
0  5.463630 -4.919310 44.452259  0.488021 -0.441825 0.752746  0.080827 0.229998
no_material
0  6.363945 -3.674880 44.448750  0.566393 -0.328252 0.755943  0.080047 0.223569
0  5.944905 -3.433005 45.509132  0.861947 -0.500895 -0.078425  0.085085 0.223030
0  5.463630 -4.919310 44.452259  0.488021 -0.441825 0.752746  0.080827 0.229998
no_material
0  6.528015 -2.120760 45.508682  0.947093 -0.309473 -0.085099  0.084581 0.216613
0  5.944905 -3.433005 45.509132  0.861947 -0.500895 -0.078425  0.085085 0.223030
0  6.363945 -3.674880 44.448750  0.566393 -0.328252 0.755943  0.080047 0.223569
no_material
0  6.989490 -2.270835 44.448975  0.622006 -0.201812 0.756558  0.079447 0.216991
0  6.528015 -2.120760 45.508682  0.947093 -0.309473 -0.085099  0.084581 0.216613
0  6.363945 -3.674880 44.448750  0.566393 -0.328252 0.755943  0.080047 0.223569
no_material
0  6.827760 -0.719640 45.508366  0.990898 -0.104025 -0.085436  0.084301 0.210142
0  6.528015 -2.120760 45.508682  0.947093 -0.309473 -0.085099  0.084581 0.216613
0  6.989490 -2.270835 44.448975  0.622006 -0.201812 0.756558  0.079447 0.216991
no_material
0  7.310160 -0.769860 44.450191  0.650908 -0.068079 0.756098  0.079099 0.210266
0  6.827760 -0.719640 45.508366  0.990898 -0.104025 -0.085436  0.084301 0.210142
0  6.989490 -2.270835 44.448975  0.622006 -0.201812 0.756558  0.079447 0.216991
no_material
0  6.825960 0.719685 45.508457  0.990773 0.104648 -0.086125  0.084347 0.203606
0  6.827760 -0.719640 45.508366  0.990898 -0.104025 -0.085436  0.084301 0.210142
0  7.310160 -0.769860 44.450191  0.650908 -0.068079 0.756098  0.079099 0.210266
no_material
0  7.309620 0.769950 44.449921  0.651025 0.070057 0.755816  0.079118 0.203499
0  6.825960 0.719685 45.508457  0.990773 0.104648 -0.086125  0.084347 0.203606
0  7.310160 -0.769860 44.450191  0.650908 -0.068079 0.756098  0.079099 0.210266
no_material
0  6.522300 2.118960 45.509083  0.946876 0.308524 -0.090768  0.084427 0.197091
0  6.825960 0.719685 45.508457  0.990773 0.104648 -0.086125  0.084347 0.203606
0  7.309620 0.769950 44.449921  0.651025 0.070057 0.755816  0.079118 0.203499
no_material
0  6.987105 2.270160 44.446903  0.621446 0.201862 0.757005  0.079271 0.196833
0  6.522300 2.118960 45.509083  0.946876 0.308524 -0.090768  0.084427 0.197091
0  7.309620 0.769950 44.449921  0.651025 0.070057 0.755816  0.079118 0.203499
no_material
0  5.934105 3.427245 45.509850  0.862266 0.497621 -0.094184  0.084912 0.190594
0  6.522300 2.118960 45.509083  0.946876 0.308524 -0.090768  0.084427 0.197091
0  6.987105 2.270160 44.446903  0.621446 0.201862 0.757005  0.079271 0.196833
no_material
0  6.358995 3.672360 44.443306  0.564161 0.325224 0.758915  0.079690 0.190156
0  5.934105 3.427245 45.509850  0.862266 0.497621 -0.094184  0.084912 0.190594
0  6.987105 2.270160 44.446903  0.621446 0.201862 0.757005  0.079271 0.196833
no_material
0  5.094765 4.586760 45.510345  0.739535 0.666793 -0.092060  0.085398 0.184104
0  5.934105 3.427245 45.509850  0.862266 0.497621 -0.094184  0.084912 0.190594
0  6.358995 3.672360 44.443306  0.564161 0.325224 0.758915  0.079690 0.190156
no_material
0  5.459130 4.915035 44.446140  0.483817 0.438308 0.757500  0.080253 0.183522
0  5.094765 4.586760 45.510345  0.739535 0.666793 -0.092060  0.085398 0.184104
0  6.358995 3.672360 44.443306  0.564161 0.325224 0.758915  0.079690 0.190156
no_material
0  4.031640 5.548725 45.510838  0.584959 0.806798 -0.083071  0.086281 0.177617
0  5.094765 4.586760 45.510345  0.739535 0.666793 -0.092060  0.085398 0.184104
0  5.459130 4.915035 44.446140  0.483817 0.438308 0.757500  0.080253 0.183522
no_material
0  4.318650 5.943420 44.448345  0.386061 0.533118 0.752823  0.081096 0.176863
0  4.031640 5.548725 45.510838  0.584959 0.806798 -0.083071  0.086281 0.177617
0  5.459130 4.915035 44.446140  0.483817 0.438308 0.757500  0.080253 0.183522
no_material
0  2.793465 6.274845 45.512188  0.404001 0.911760 -0.074006  0.087163 0.171075
0  4.031640 5.548725 45.510838  0.584959 0.806798 -0.083071  0.086281 0.177617
0  4.318650 5.943420 44.448345  0.386061 0.533118 0.752823  0.081096 0.176863
no_material
0  2.993085 6.722010 44.460854  0.270005 0.603968 0.749880  0.082083 0.170237
0  2.793465 6.274845 45.512188  0.404001 0.911760 -0.074006  0.087163 0.171075
0  4.318650 5.943420 44.448345  0.386061 0.533118 0.752823  0.081096 0.176863
no_material
0  5.934105 3.427245 45.509850  0.862266 0.497621 -0.094184  0.084912 0.190594
0  6.547410 3.780450 46.825020  0.847262 0.486793 -0.212554  0.091237 0.191074
0  6.522300 2.118960 45.509083  0.946876 0.308524 -0.090768  0.084427 0.197091
no_material
0  5.620635 5.061825 46.821331  0.723317 0.656744 -0.213307  0.091809 0.184792
0  6.547410 3.780450 46.825020  0.847262 0.486793 -0.212554  0.091237 0.191074
0  5.934105 3.427245 45.509850  0.862266 0.497621 -0.094184  0.084912 0.190594
no_material
0  5.094765 4.586760 45.510345  0.739535 0.666793 -0.092060  0.085398 0.184104
0  5.620635 5.061825 46.821331  0.723317 0.656744 -0.213307  0.091809 0.184792
0  5.934105 3.427245 45.509850  0.862266 0.497621 -0.094184  0.084912 0.190594
no_material
0  4.429485 6.098400 46.829567  0.568351 0.796074 -0.207949  0.092563 0.178465
0  5.620635 5.061825 46.821331  0.723317 0.656744 -0.213307  0.091809 0.184792
0  5.094765 4.586760 45.510345  0.739535 0.666793 -0.092060  0.085398 0.184104
no_material
0  4.031640 5.548725 45.510838  0.584959 0.806798 -0.083071  0.086281 0.177617
0  4.429485 6.098400 46.829567  0.568351 0.796074 -0.207949  0.092563 0.178465
0  5.094765 4.586760 45.510345  0.739535 0.666793 -0.092060  0.085398 0.184104
no_material
0  3.059280 6.871320 46.836182  0.393301 0.896830 -0.202511  0.093609 0.172123
0  4.429485 6.098400 46.829567  0.568351 0.796074 -0.207949  0.092563 0.178465
0  4.031640 5.548725 45.510838  0.584959 0.806798 -0.083071  0.086281 0.177617
no_material
0  2.793465 6.274845 45.512188  0.404001 0.911760 -0.074006  0.087163 0.171075
0  3.059280 6.871320 46.836182  0.393301 0.896830 -0.202511  0.093609 0.172123
0  4.031640 5.548725 45.510838  0.584959 0.806798 -0.083071  0.086281 0.177617
no_material
0  1.562985 7.353135 46.838028  0.204918 0.958142 -0.199932  0.094689 0.165745
0  3.059280 6.871320 46.836182  0.393301 0.896830 -0.202511  0.093609 0.172123
0  2.793465 6.274845 45.512188  0.404001 0.911760 -0.074006  0.087163 0.171075
no_material
0  1.425015 6.703200 45.508816  0.210057 0.975150 -0.070418  0.088311 0.164572
0  1.562985 7.353135 46.838028  0.204918 0.958142 -0.199932  0.094689 0.165745
0  2.793465 6.274845 45.512188  0.404001 0.911760 -0.074006  0.087163 0.171075
no_material
0  0.000360 7.523685 46.837261  0.002466 0.979885 -0.199549  0.095991 0.159336
0  1.562985 7.353135 46.838028  0.204918 0.958142 -0.199932  0.094689 0.165745
0  1.425015 6.703200 45.508816  0.210057 0.975150 -0.070418  0.088311 0.164572
no_material
0  0.000225 6.876810 45.509850  0.002294 0.997481 -0.070893  0.089548 0.158015
0  0.000360 7.523685 46.837261  0.002466 0.979885 -0.199549  0.095991 0.159336
0  1.425015 6.703200 45.508816  0.210057 0.975150 -0.070418  0.088311 0.164572
no_material
0  -1.564425 7.361955 46.834427  -0.199911 0.959339 -0.199261  0.097318 0.152875
0  0.000360 7.523685 46.837261  0.002466 0.979885 -0.199549  0.095991 0.159336
0  0.000225 6.876810 45.509850  0.002294 0.997481 -0.070893  0.089548 0.158015
no_material
0  -1.425375 6.709140 45.513359  -0.203505 0.976430 -0.071901  0.090983 0.151452
0  -1.564425 7.361955 46.834427  -0.199911 0.959339 -0.199261  0.097318 0.152875
0  0.000225 6.876810 45.509850  0.002294 0.997481 -0.070893  0.089548 0.158015
no_material
0  -3.064770 6.886395 46.834740  -0.389871 0.899034 -0.199347  0.098934 0.146400
0  -1.564425 7.361955 46.834427  -0.199911 0.959339 -0.199261  0.097318 0.152875
0  -1.425375 6.709140 45.513359  -0.203505 0.976430 -0.071901  0.090983 0.151452
no_material
0  -2.800125 6.290505 45.506069  -0.399083 0.913792 -0.075607  0.092498 0.144827
0  -3.064770 6.886395 46.834740  -0.389871 0.899034 -0.199347  0.098934 0.146400
0  -1.425375 6.709140 45.513359  -0.203505 0.976430 -0.071901  0.090983 0.151452
no_material
0  -4.445370 6.123015 46.828217  -0.565729 0.799405 -0.202245  0.100592 0.139903
0  -3.064770 6.886395 46.834740  -0.389871 0.899034 -0.199347  0.098934 0.146400
0  -2.800125 6.290505 45.506069  -0.399083 0.913792 -0.075607  0.092498 0.144827
no_material
0  -4.038750 5.559480 45.508591  -0.581861 0.808688 -0.086382  0.094063 0.138169
0  -4.445370 6.123015 46.828217  -0.565729 0.799405 -0.202245  0.100592 0.139903
0  -2.800125 6.290505 45.506069  -0.399083 0.913792 -0.075607  0.092498 0.144827
no_material
0  -5.644215 5.085585 46.821377  -0.720247 0.662603 -0.205432  0.102368 0.133422
0  -4.445370 6.123015 46.828217  -0.565729 0.799405 -0.202245  0.100592 0.139903
0  -4.038750 5.559480 45.508591  -0.581861 0.808688 -0.086382  0.094063 0.138169
no_material
0  3.059280 6.871320 46.836182  0.393301 0.896830 -0.202511  0.093609 0.172123
0  2.973600 6.679440 47.639927  0.325439 0.744334 0.583144  0.097035 0.172653
0  4.429485 6.098400 46.829567  0.568351 0.796074 -0.207949  0.092563 0.178465
no_material
0  1.519110 7.146540 47.636055  0.171566 0.798437 0.577116  0.098106 0.166398
0  2.973600 6.679440 47.639927  0.325439 0.744334 0.583144  0.097035 0.172653
0  3.059280 6.871320 46.836182  0.393301 0.896830 -0.202511  0.093609 0.172123
no_material
0  1.562985 7.353135 46.838028  0.204918 0.958142 -0.199932  0.094689 0.165745
0  1.519110 7.146540 47.636055  0.171566 0.798437 0.577116  0.098106 0.166398
0  3.059280 6.871320 46.836182  0.393301 0.896830 -0.202511  0.093609 0.172123
no_material
0  0.000360 7.311960 47.638618  0.003706 0.820012 0.572335  0.099413 0.160091
0  1.519110 7.146540 47.636055  0.171566 0.798437 0.577116  0.098106 0.166398
0  1.562985 7.353135 46.838028  0.204918 0.958142 -0.199932  0.094689 0.165745
no_material
0  0.000360 7.523685 46.837261  0.002466 0.979885 -0.199549  0.095991 0.159336
0  0.000360 7.311960 47.638618  0.003706 0.820012 0.572335  0.099413 0.160091
0  1.562985 7.353135 46.838028  0.204918 0.958142 -0.199932  0.094689 0.165745
no_material
0  -1.520550 7.154820 47.640869  -0.167353 0.803919 0.570707  0.100833 0.153696
0  0.000360 7.311960 47.638618  0.003706 0.820012 0.572335  0.099413 0.160091
0  0.000360 7.523685 46.837261  0.002466 0.979885 -0.199549  0.095991 0.159336
no_material
0  -1.564425 7.361955 46.834427  -0.199911 0.959339 -0.199261  0.097318 0.152875
0  -1.520550 7.154820 47.640869  -0.167353 0.803919 0.570707  0.100833 0.153696
0  0.000360 7.523685 46.837261  0.002466 0.979885 -0.199549  0.095991 0.159336
no_material
0  -2.976795 6.687990 47.648071  -0.325887 0.748541 0.577480  0.102446 0.147297
0  -1.520550 7.154820 47.640869  -0.167353 0.803919 0.570707  0.100833 0.153696
0  -1.564425 7.361955 46.834427  -0.199911 0.959339 -0.199261  0.097318 0.152875
no_material
0  -3.064770 6.886395 46.834740  -0.389871 0.899034 -0.199347  0.098934 0.146400
0  -2.976795 6.687990 47.648071  -0.325887 0.748541 0.577480  0.102446 0.147297
0  -1.564425 7.361955 46.834427  -0.199911 0.959339 -0.199261  0.097318 0.152875
no_material
0  -4.310325 5.935365 47.662201  -0.465734 0.659246 0.590328  0.104209 0.140923
0  -2.976795 6.687990 47.648071  -0.325887 0.748541 0.577480  0.102446 0.147297
0  -3.064770 6.886395 46.834740  -0.389871 0.899034 -0.199347  0.098934 0.146400
no_material
0  -4.445370 6.123015 46.828217  -0.565729 0.799405 -0.202245  0.100592 0.139903
0  -4.310325 5.935365 47.662201  -0.465734 0.659246 0.590328  0.104209 0.140923
0  -3.064770 6.886395 46.834740  -0.389871 0.899034 -0.199347  0.098934 0.146400
no_material
0  -5.463990 4.922550 47.680874  -0.587657 0.541884 0.600850  0.106064 0.134548
0  -4.310325 5.935365 47.662201  -0.465734 0.659246 0.590328  0.104209 0.140923
0  -4.445370 6.123015 46.828217  -0.565729 0.799405 -0.202245  0.100592 0.139903
no_material
0  -5.644215 5.085585 46.821377  -0.720247 0.662603 -0.205432  0.102368 0.133422
0  -5.463990 4.922550 47.680874  -0.587657 0.541884 0.600850  0.106064 0.134548
0  -4.445370 6.123015 46.828217  -0.565729 0.799405 -0.202245  0.100592 0.139903
no_material
0  -6.377670 3.681630 47.691227  -0.689471 0.398250 0.605001  0.108205 0.128222
0  -5.463990 4.922550 47.680874  -0.587657 0.541884 0.600850  0.106064 0.134548
0  -5.644215 5.085585 46.821377  -0.720247 0.662603 -0.205432  0.102368 0.133422
no_material
0  -6.588090 3.803625 46.816967  -0.846940 0.490881 -0.204277  0.104450 0.126951
0  -6.377670 3.681630 47.691227  -0.689471 0.398250 0.605001  0.108205 0.128222
0  -5.644215 5.085585 46.821377  -0.720247 0.662603 -0.205432  0.102368 0.133422
no_material
0  -6.991605 2.269800 47.676964  -0.760046 0.242546 0.602911  0.110427 0.121829
0  -6.377670 3.681630 47.691227  -0.689471 0.398250 0.605001  0.108205 0.128222
0  -6.588090 3.803625 46.816967  -0.846940 0.490881 -0.204277  0.104450 0.126951
no_material
0  -7.231545 2.347380 46.826187  -0.932722 0.301188 -0.198280  0.106740 0.120411
0  -6.991605 2.269800 47.676964  -0.760046 0.242546 0.602911  0.110427 0.121829
0  -6.588090 3.803625 46.816967  -0.846940 0.490881 -0.204277  0.104450 0.126951
no_material
0  -7.300710 0.766800 47.668545  -0.796952 0.083364 0.598263  0.113126 0.115316
0  -6.991605 2.269800 47.676964  -0.760046 0.242546 0.602911  0.110427 0.121829
0  -7.231545 2.347380 46.826187  -0.932722 0.301188 -0.198280  0.106740 0.120411
no_material
0  -7.552711 0.792495 46.828396  -0.976043 0.102793 -0.191764  0.109323 0.113640
0  -7.300710 0.766800 47.668545  -0.796952 0.083364 0.598263  0.113126 0.115316
0  -7.231545 2.347380 46.826187  -0.932722 0.301188 -0.198280  0.106740 0.120411
no_material
0  -5.116815 4.607280 45.507645  -0.735306 0.670460 -0.099040  0.095875 0.131522
0  -5.644215 5.085585 46.821377  -0.720247 0.662603 -0.205432  0.102368 0.133422
0  -4.038750 5.559480 45.508591  -0.581861 0.808688 -0.086382  0.094063 0.138169
no_material
0  -6.588090 3.803625 46.816967  -0.846940 0.490881 -0.204277  0.104450 0.126951
0  -5.644215 5.085585 46.821377  -0.720247 0.662603 -0.205432  0.102368 0.133422
0  -5.116815 4.607280 45.507645  -0.735306 0.670460 -0.099040  0.095875 0.131522
no_material
0  -5.965380 3.445155 45.508232  -0.860181 0.499160 -0.104535  0.097882 0.124838
0  -6.588090 3.803625 46.816967  -0.846940 0.490881 -0.204277  0.104450 0.126951
0  -5.116815 4.607280 45.507645  -0.735306 0.670460 -0.099040  0.095875 0.131522
no_material
0  -7.231545 2.347380 46.826187  -0.932722 0.301188 -0.198280  0.106740 0.120411
0  -6.588090 3.803625 46.816967  -0.846940 0.490881 -0.204277  0.104450 0.126951
0  -5.965380 3.445155 45.508232  -0.860181 0.499160 -0.104535  0.097882 0.124838
no_material
0  -6.560865 2.130525 45.508186  -0.945042 0.310559 -0.102218  0.100100 0.118121
0  -7.231545 2.347380 46.826187  -0.932722 0.301188 -0.198280  0.106740 0.120411
0  -5.965380 3.445155 45.508232  -0.860181 0.499160 -0.104535  0.097882 0.124838
no_material
0  -7.552711 0.792495 46.828396  -0.976043 0.102793 -0.191764  0.109323 0.113640
0  -7.231545 2.347380 46.826187  -0.932722 0.301188 -0.198280  0.106740 0.120411
0  -6.560865 2.130525 45.508186  -0.945042 0.310559 -0.102218  0.100100 0.118121
no_material
0  -6.874290 0.723690 45.507824  -0.989461 0.107034 -0.097521  0.102472 0.111547
0  -7.552711 0.792495 46.828396  -0.976043 0.102793 -0.191764  0.109323 0.113640
0  -6.560865 2.130525 45.508186  -0.945042 0.310559 -0.102218  0.100100 0.118121
no_material
0  -7.300710 0.766800 47.668545  -0.796952 0.083364 0.598263  0.113126 0.115316
0  -6.597855 0.694350 48.088081  -0.563378 0.060956 0.823947  0.116464 0.117082
0  -6.991605 2.269800 47.676964  -0.760046 0.242546 0.602911  0.110427 0.121829
no_material
0  -6.597855 0.694350 48.088081  -0.563378 0.060956 0.823947  0.116464 0.117082
0  -6.303285 2.047725 48.076065  -0.530480 0.170687 0.830335  0.114052 0.123225
0  -6.991605 2.269800 47.676964  -0.760046 0.242546 0.602911  0.110427 0.121829
no_material
0  -6.991605 2.269800 47.676964  -0.760046 0.242546 0.602911  0.110427 0.121829
0  -6.303285 2.047725 48.076065  -0.530480 0.170687 0.830335  0.114052 0.123225
0  -6.377670 3.681630 47.691227  -0.689471 0.398250 0.605001  0.108205 0.128222
no_material
0  -6.303285 2.047725 48.076065  -0.530480 0.170687 0.830335  0.114052 0.123225
0  -5.732685 3.312000 48.068325  -0.474976 0.274029 0.836245  0.111679 0.129430
0  -6.377670 3.681630 47.691227  -0.689471 0.398250 0.605001  0.108205 0.128222
no_material
0  -6.377670 3.681630 47.691227  -0.689471 0.398250 0.605001  0.108205 0.128222
0  -5.732685 3.312000 48.068325  -0.474976 0.274029 0.836245  0.111679 0.129430
0  -5.463990 4.922550 47.680874  -0.587657 0.541884 0.600850  0.106064 0.134548
no_material
0  -5.732685 3.312000 48.068325  -0.474976 0.274029 0.836245  0.111679 0.129430
0  -4.932000 4.437045 48.065716  -0.412667 0.381116 0.827319  0.109656 0.135672
0  -5.463990 4.922550 47.680874  -0.587657 0.541884 0.600850  0.106064 0.134548
no_material
0  -5.463990 4.922550 47.680874  -0.587657 0.541884 0.600850  0.106064 0.134548
0  -4.932000 4.437045 48.065716  -0.412667 0.381116 0.827319  0.109656 0.135672
0  -4.310325 5.935365 47.662201  -0.465734 0.659246 0.590328  0.104209 0.140923
no_material
0  -4.932000 4.437045 48.065716  -0.412667 0.381116 0.827319  0.109656 0.135672
0  -3.892770 5.356350 48.072689  -0.342081 0.478495 0.808717  0.107681 0.141908
0  -4.310325 5.935365 47.662201  -0.465734 0.659246 0.590328  0.104209 0.140923
no_material
0  -4.310325 5.935365 47.662201  -0.465734 0.659246 0.590328  0.104209 0.140923
0  -3.892770 5.356350 48.072689  -0.342081 0.478495 0.808717  0.107681 0.141908
0  -2.976795 6.687990 47.648071  -0.325887 0.748541 0.577480  0.102446 0.147297
no_material
0  -3.892770 5.356350 48.072689  -0.342081 0.478495 0.808717  0.107681 0.141908
0  -2.702790 6.064335 48.089745  -0.245483 0.558040 0.792672  0.106077 0.148235
0  -2.976795 6.687990 47.648071  -0.325887 0.748541 0.577480  0.102446 0.147297
no_material
0  -2.976795 6.687990 47.648071  -0.325887 0.748541 0.577480  0.102446 0.147297
0  -2.702790 6.064335 48.089745  -0.245483 0.558040 0.792672  0.106077 0.148235
0  -1.520550 7.154820 47.640869  -0.167353 0.803919 0.570707  0.100833 0.153696
no_material
0  -2.702790 6.064335 48.089745  -0.245483 0.558040 0.792672  0.106077 0.148235
0  -1.377765 6.488910 48.087406  -0.126132 0.610052 0.782258  0.104380 0.154529
0  -1.520550 7.154820 47.640869  -0.167353 0.803919 0.570707  0.100833 0.153696
no_material
0  -1.520550 7.154820 47.640869  -0.167353 0.803919 0.570707  0.100833 0.153696
0  -1.377765 6.488910 48.087406  -0.126132 0.610052 0.782258  0.104380 0.154529
0  0.000360 7.311960 47.638618  0.003706 0.820012 0.572335  0.099413 0.160091
no_material
0  -1.377765 6.488910 48.087406  -0.126132 0.610052 0.782258  0.104380 0.154529
0  0.001485 6.634980 48.088982  0.005160 0.627387 0.778690  0.102924 0.160834
0  0.000360 7.311960 47.638618  0.003706 0.820012 0.572335  0.099413 0.160091
no_material
0  0.000360 7.311960 47.638618  0.003706 0.820012 0.572335  0.099413 0.160091
0  0.001485 6.634980 48.088982  0.005160 0.627387 0.778690  0.102924 0.160834
0  1.519110 7.146540 47.636055  0.171566 0.798437 0.577116  0.098106 0.166398
no_material
0  0.001485 6.634980 48.088982  0.005160 0.627387 0.778690  0.102924 0.160834
0  1.375515 6.464700 48.082996  0.133790 0.610791 0.780407  0.101619 0.167075
0  1.519110 7.146540 47.636055  0.171566 0.798437 0.577116  0.098106 0.166398
no_material
0  1.519110 7.146540 47.636055  0.171566 0.798437 0.577116  0.098106 0.166398
0  1.375515 6.464700 48.082996  0.133790 0.610791 0.780407  0.101619 0.167075
0  2.973600 6.679440 47.639927  0.325439 0.744334 0.583144  0.097035 0.172653
no_material
0  1.375515 6.464700 48.082996  0.133790 0.610791 0.780407  0.101619 0.167075
0  2.686410 6.032790 48.086414  0.246545 0.560725 0.790445  0.100515 0.173205
0  2.973600 6.679440 47.639927  0.325439 0.744334 0.583144  0.097035 0.172653
no_material
0  -6.597855 0.694350 48.088081  -0.563378 0.060956 0.823947  0.116464 0.117082
0  -6.625260 0.698895 48.146397  -0.724007 0.071556 -0.686072  0.116742 0.117182
0  -6.330015 2.061405 48.150723  -0.687505 0.221127 -0.691694  0.114395 0.123378
no_material
0  -6.303285 2.047725 48.076065  -0.530480 0.170687 0.830335  0.114052 0.123225
0  -6.597855 0.694350 48.088081  -0.563378 0.060956 0.823947  0.116464 0.117082
0  -6.330015 2.061405 48.150723  -0.687505 0.221127 -0.691694  0.114395 0.123378
no_material
0  -6.303285 2.047725 48.076065  -0.530480 0.170687 0.830335  0.114052 0.123225
0  -6.330015 2.061405 48.150723  -0.687505 0.221127 -0.691694  0.114395 0.123378
0  -5.755860 3.333780 48.148384  -0.622992 0.356267 -0.696387  0.112045 0.129594
no_material
0  -5.732685 3.312000 48.068325  -0.474976 0.274029 0.836245  0.111679 0.129430
0  -6.303285 2.047725 48.076065  -0.530480 0.170687 0.830335  0.114052 0.123225
0  -5.755860 3.333780 48.148384  -0.622992 0.356267 -0.696387  0.112045 0.129594
no_material
0  -5.732685 3.312000 48.068325  -0.474976 0.274029 0.836245  0.111679 0.129430
0  -5.755860 3.333780 48.148384  -0.622992 0.356267 -0.696387  0.112045 0.129594
0  -4.948065 4.463955 48.155849  -0.529169 0.481703 -0.698529  0.110062 0.135847
no_material
0  -4.932000 4.437045 48.065716  -0.412667 0.381116 0.827319  0.109656 0.135672
0  -5.732685 3.312000 48.068325  -0.474976 0.274029 0.836245  0.111679 0.129430
0  -4.948065 4.463955 48.155849  -0.529169 0.481703 -0.698529  0.110062 0.135847
no_material
0  -4.932000 4.437045 48.065716  -0.412667 0.381116 0.827319  0.109656 0.135672
0  -4.948065 4.463955 48.155849  -0.529169 0.481703 -0.698529  0.110062 0.135847
0  -3.907710 5.391495 48.158371  -0.417070 0.584833 -0.695718  0.108082 0.142067
no_material
0  -3.892770 5.356350 48.072689  -0.342081 0.478495 0.808717  0.107681 0.141908
0  -4.932000 4.437045 48.065716  -0.412667 0.381116 0.827319  0.109656 0.135672
0  -3.907710 5.391495 48.158371  -0.417070 0.584833 -0.695718  0.108082 0.142067
no_material
0  -3.892770 5.356350 48.072689  -0.342081 0.478495 0.808717  0.107681 0.141908
0  -3.907710 5.391495 48.158371  -0.417070 0.584833 -0.695718  0.108082 0.142067
0  -2.709585 6.098805 48.156567  -0.286278 0.663706 -0.691042  0.106401 0.148359
no_material
0  -2.702790 6.064335 48.089745  -0.245483 0.558040 0.792672  0.106077 0.148235
0  -3.892770 5.356350 48.072689  -0.342081 0.478495 0.808717  0.107681 0.141908
0  -2.709585 6.098805 48.156567  -0.286278 0.663706 -0.691042  0.106401 0.148359
no_material
0  -2.702790 6.064335 48.089745  -0.245483 0.558040 0.792672  0.106077 0.148235
0  -2.709585 6.098805 48.156567  -0.286278 0.663706 -0.691042  0.106401 0.148359
0  -1.380645 6.517890 48.164852  -0.143349 0.715403 -0.683849  0.104743 0.154634
no_material
0  -1.377765 6.488910 48.087406  -0.126132 0.610052 0.782258  0.104380 0.154529
0  -2.702790 6.064335 48.089745  -0.245483 0.558040 0.792672  0.106077 0.148235
0  -1.380645 6.517890 48.164852  -0.143349 0.715403 -0.683849  0.104743 0.154634
no_material
0  -1.377765 6.488910 48.087406  -0.126132 0.610052 0.782258  0.104380 0.154529
0  -1.380645 6.517890 48.164852  -0.143349 0.715403 -0.683849  0.104743 0.154634
0  0.001170 6.668820 48.165752  0.005101 0.732231 -0.681037  0.103304 0.160915
no_material
0  0.001485 6.634980 48.088982  0.005160 0.627387 0.778690  0.102924 0.160834
0  -1.377765 6.488910 48.087406  -0.126132 0.610052 0.782258  0.104380 0.154529
0  0.001170 6.668820 48.165752  0.005101 0.732231 -0.681037  0.103304 0.160915
no_material
0  0.001485 6.634980 48.088982  0.005160 0.627387 0.778690  0.102924 0.160834
0  0.001170 6.668820 48.165752  0.005101 0.732231 -0.681037  0.103304 0.160915
0  1.380375 6.505290 48.169621  0.153266 0.714236 -0.682917  0.102040 0.167139
no_material
0  1.375515 6.464700 48.082996  0.133790 0.610791 0.780407  0.101619 0.167075
0  0.001485 6.634980 48.088982  0.005160 0.627387 0.778690  0.102924 0.160834
0  1.380375 6.505290 48.169621  0.153266 0.714236 -0.682917  0.102040 0.167139
no_material
0  1.375515 6.464700 48.082996  0.133790 0.610791 0.780407  0.101619 0.167075
0  1.380375 6.505290 48.169621  0.153266 0.714236 -0.682917  0.102040 0.167139
0  2.696760 6.070095 48.167774  0.292004 0.663694 -0.688654  0.100911 0.173239
no_material
0  2.686410 6.032790 48.086414  0.246545 0.560725 0.790445  0.100515 0.173205
0  1.375515 6.464700 48.082996  0.133790 0.610791 0.780407  0.101619 0.167075
0  2.696760 6.070095 48.167774  0.292004 0.663694 -0.688654  0.100911 0.173239
no_material
0  -1.684575 0.556515 66.999245  -0.901704 0.308354 -0.303064  0.861355 0.991890
0  -1.605150 0.530640 66.292381  -0.932688 0.320284 0.165868  0.864275 0.990755
0  -1.778850 -0.186210 66.993301  -0.947524 -0.099759 -0.303721  0.862438 0.994839
no_material
0  -1.246410 1.132380 66.292740  -0.720822 0.673361 0.164316  0.863127 0.987684
0  -1.605150 0.530640 66.292381  -0.932688 0.320284 0.165868  0.864275 0.990755
0  -1.684575 0.556515 66.999245  -0.901704 0.308354 -0.303064  0.861355 0.991890
no_material
0  -1.310400 1.189125 67.002480  -0.699306 0.644264 -0.309668  0.860163 0.989037
0  -1.246410 1.132380 66.292740  -0.720822 0.673361 0.164316  0.863127 0.987684
0  -1.684575 0.556515 66.999245  -0.901704 0.308354 -0.303064  0.861355 0.991890
no_material
0  -0.675405 1.521180 66.294945  -0.381731 0.909699 0.163492  0.861625 0.984754
0  -1.246410 1.132380 66.292740  -0.720822 0.673361 0.164316  0.863127 0.987684
0  -1.310400 1.189125 67.002480  -0.699306 0.644264 -0.309668  0.860163 0.989037
no_material
0  -0.716805 1.608795 67.001358  -0.372408 0.870087 -0.322895  0.858845 0.986311
0  -0.675405 1.521180 66.294945  -0.381731 0.909699 0.163492  0.861625 0.984754
0  -1.310400 1.189125 67.002480  -0.699306 0.644264 -0.309668  0.860163 0.989037
no_material
0  0.002115 1.648530 66.296837  0.012698 0.986484 0.163365  0.859825 0.982006
0  -0.675405 1.521180 66.294945  -0.381731 0.909699 0.163492  0.861625 0.984754
0  -0.716805 1.608795 67.001358  -0.372408 0.870087 -0.322895  0.858845 0.986311
no_material
0  -0.000720 1.749735 67.003601  0.012066 0.943402 -0.331431  0.857308 0.983814
0  0.002115 1.648530 66.296837  0.012698 0.986484 0.163365  0.859825 0.982006
0  -0.716805 1.608795 67.001358  -0.372408 0.870087 -0.322895  0.858845 0.986311
no_material
0  0.669375 1.508310 66.296158  0.411732 0.897148 0.160009  0.857843 0.979430
0  0.002115 1.648530 66.296837  0.012698 0.986484 0.163365  0.859825 0.982006
0  -0.000720 1.749735 67.003601  0.012066 0.943402 -0.331431  0.857308 0.983814
no_material
0  0.711675 1.588500 67.008194  0.405027 0.856481 -0.319988  0.855432 0.981553
0  0.669375 1.508310 66.296158  0.411732 0.897148 0.160009  0.857843 0.979430
0  -0.000720 1.749735 67.003601  0.012066 0.943402 -0.331431  0.857308 0.983814
no_material
0  1.227060 1.107315 66.294769  0.736650 0.658024 0.156048  0.855574 0.977059
0  0.669375 1.508310 66.296158  0.411732 0.897148 0.160009  0.857843 0.979430
0  0.711675 1.588500 67.008194  0.405027 0.856481 -0.319988  0.855432 0.981553
no_material
0  1.274760 1.149210 67.020164  0.718422 0.630160 -0.294564  0.853292 0.979471
0  1.227060 1.107315 66.294769  0.736650 0.658024 0.156048  0.855574 0.977059
0  0.711675 1.588500 67.008194  0.405027 0.856481 -0.319988  0.855432 0.981553
no_material
0  1.569780 0.515430 66.293411  0.937134 0.313380 0.153532  0.853095 0.975006
0  1.227060 1.107315 66.294769  0.736650 0.658024 0.156048  0.855574 0.977059
0  1.274760 1.149210 67.020164  0.718422 0.630160 -0.294564  0.853292 0.979471
no_material
0  1.642455 0.538110 67.013687  0.908386 0.306074 -0.284876  0.851042 0.977468
0  1.569780 0.515430 66.293411  0.937134 0.313380 0.153532  0.853095 0.975006
0  1.274760 1.149210 67.020164  0.718422 0.630160 -0.294564  0.853292 0.979471
no_material
0  1.650420 -0.170865 66.297058  0.982919 -0.099660 0.154718  0.850601 0.973147
0  1.569780 0.515430 66.293411  0.937134 0.313380 0.153532  0.853095 0.975006
0  1.642455 0.538110 67.013687  0.908386 0.306074 -0.284876  0.851042 0.977468
no_material
0  1.727145 -0.179460 67.009857  0.952990 -0.102593 -0.285105  0.848617 0.975516
0  1.650420 -0.170865 66.297058  0.982919 -0.099660 0.154718  0.850601 0.973147
0  1.642455 0.538110 67.013687  0.908386 0.306074 -0.284876  0.851042 0.977468
no_material
0  -12.466890 4.049325 9.319096  -0.804543 0.253069 0.537277  0.483140 0.160657
0  -10.364175 3.366360 12.341430  -0.815356 0.261508 0.516535  0.498690 0.165990
0  -11.388600 6.572385 9.348570  -0.730210 0.408639 0.547547  0.479831 0.171515
no_material
0  -12.466890 4.049325 9.319096  -0.804543 0.253069 0.537277  0.483140 0.160657
0  -11.388600 6.572385 9.348570  -0.730210 0.408639 0.547547  0.479831 0.171515
0  -11.874196 6.849586 8.086950  -0.856253 0.473107 0.207364  0.474435 0.169928
no_material
0  -12.972691 4.211820 8.069400  -0.934473 0.289155 0.207724  0.477769 0.158885
0  -12.466890 4.049325 9.319096  -0.804543 0.253069 0.537277  0.483140 0.160657
0  -11.874196 6.849586 8.086950  -0.856253 0.473107 0.207364  0.474435 0.169928
no_material
0  -12.972691 4.211820 8.069400  -0.934473 0.289155 0.207724  0.477769 0.158885
0  -11.874196 6.849586 8.086950  -0.856253 0.473107 0.207364  0.474435 0.169928
0  -11.876085 6.856515 6.692985  -0.848285 0.475538 -0.232971  0.468991 0.168406
no_material
0  -13.006125 4.225770 6.700230  -0.931951 0.293793 -0.212493  0.472355 0.157237
0  -12.972691 4.211820 8.069400  -0.934473 0.289155 0.207724  0.477769 0.158885
0  -11.876085 6.856515 6.692985  -0.848285 0.475538 -0.232971  0.468991 0.168406
no_material
0  -13.006125 4.225770 6.700230  -0.931951 0.293793 -0.212493  0.472355 0.157237
0  -11.876085 6.856515 6.692985  -0.848285 0.475538 -0.232971  0.468991 0.168406
0  -11.301479 6.526890 5.392440  -0.865290 0.497386 0.062297  0.463120 0.166683
no_material
0  -12.419460 4.036905 5.392350  -0.946752 0.309271 0.089508  0.466559 0.155502
0  -13.006125 4.225770 6.700230  -0.931951 0.293793 -0.212493  0.472355 0.157237
0  -11.301479 6.526890 5.392440  -0.865290 0.497386 0.062297  0.463120 0.166683
no_material
0  -10.907235 1.149120 15.061545  -0.896291 0.094045 -0.433379  0.513688 0.159552
0  -10.423035 3.385080 15.067260  -0.852848 0.279308 -0.441177  0.511392 0.169513
0  -10.018440 3.255030 13.682700  -0.949622 0.312522 -0.023413  0.504916 0.167781
no_material
0  -10.487070 1.104750 13.682745  -0.994136 0.105289 -0.024664  0.507593 0.158257
0  -10.907235 1.149120 15.061545  -0.896291 0.094045 -0.433379  0.513688 0.159552
0  -10.018440 3.255030 13.682700  -0.949622 0.312522 -0.023413  0.504916 0.167781
no_material
0  -10.487070 1.104750 13.682745  -0.994136 0.105289 -0.024664  0.507593 0.158257
0  -10.018440 3.255030 13.682700  -0.949622 0.312522 -0.023413  0.504916 0.167781
0  -10.364175 3.366360 12.341430  -0.815356 0.261508 0.516535  0.498690 0.165990
no_material
0  -10.842256 1.141110 12.343680  -0.853398 0.090172 0.513400  0.501947 0.156312
0  -10.487070 1.104750 13.682745  -0.994136 0.105289 -0.024664  0.507593 0.158257
0  -10.364175 3.366360 12.341430  -0.815356 0.261508 0.516535  0.498690 0.165990
no_material
0  -10.842256 1.141110 12.343680  -0.853398 0.090172 0.513400  0.501947 0.156312
0  -10.364175 3.366360 12.341430  -0.815356 0.261508 0.516535  0.498690 0.165990
0  -12.466890 4.049325 9.319096  -0.804543 0.253069 0.537277  0.483140 0.160657
no_material
0  -13.026780 1.369125 9.313155  -0.841857 0.088567 0.532385  0.487041 0.149629
0  -10.842256 1.141110 12.343680  -0.853398 0.090172 0.513400  0.501947 0.156312
0  -12.466890 4.049325 9.319096  -0.804543 0.253069 0.537277  0.483140 0.160657
no_material
0  -13.026780 1.369125 9.313155  -0.841857 0.088567 0.532385  0.487041 0.149629
0  -12.466890 4.049325 9.319096  -0.804543 0.253069 0.537277  0.483140 0.160657
0  -12.972691 4.211820 8.069400  -0.934473 0.289155 0.207724  0.477769 0.158885
no_material
0  -13.537125 1.422405 8.059501  -0.973741 0.099945 0.204548  0.481544 0.147517
0  -13.026780 1.369125 9.313155  -0.841857 0.088567 0.532385  0.487041 0.149629
0  -12.972691 4.211820 8.069400  -0.934473 0.289155 0.207724  0.477769 0.158885
no_material
0  -13.537125 1.422405 8.059501  -0.973741 0.099945 0.204548  0.481544 0.147517
0  -12.972691 4.211820 8.069400  -0.934473 0.289155 0.207724  0.477769 0.158885
0  -13.006125 4.225770 6.700230  -0.931951 0.293793 -0.212493  0.472355 0.157237
no_material
0  -13.578435 1.427760 6.707115  -0.974377 0.099427 -0.201751  0.475968 0.145700
0  -13.537125 1.422405 8.059501  -0.973741 0.099945 0.204548  0.481544 0.147517
0  -13.006125 4.225770 6.700230  -0.931951 0.293793 -0.212493  0.472355 0.157237
no_material
0  -13.578435 1.427760 6.707115  -0.974377 0.099427 -0.201751  0.475968 0.145700
0  -13.006125 4.225770 6.700230  -0.931951 0.293793 -0.212493  0.472355 0.157237
0  -12.419460 4.036905 5.392350  -0.946752 0.309271 0.089508  0.466559 0.155502
no_material
0  -12.998879 1.368855 5.398695  -0.988250 0.104985 0.111087  0.469919 0.144164
0  -13.578435 1.427760 6.707115  -0.974377 0.099427 -0.201751  0.475968 0.145700
0  -12.419460 4.036905 5.392350  -0.946752 0.309271 0.089508  0.466559 0.155502
no_material
0  -4.683240 -0.494685 31.025206  -0.994097 -0.106185 -0.022273  0.075171 0.866622
0  -4.682520 0.494820 31.025026  -0.994017 0.106707 -0.023318  0.071253 0.866878
0  -4.842900 0.511605 27.366028  -0.983747 0.106177 0.144806  0.069044 0.852838
no_material
0  -4.846635 -0.510885 27.366390  -0.984130 -0.103038 0.144471  0.073047 0.851883
0  -4.683240 -0.494685 31.025206  -0.994097 -0.106185 -0.022273  0.075171 0.866622
0  -4.842900 0.511605 27.366028  -0.983747 0.106177 0.144806  0.069044 0.852838
no_material
0  -4.846635 -0.510885 27.366390  -0.984130 -0.103038 0.144471  0.073047 0.851883
0  -4.842900 0.511605 27.366028  -0.983747 0.106177 0.144806  0.069044 0.852838
0  -5.776605 0.608670 23.244211  -0.941200 0.099692 0.322807  0.063537 0.837347
no_material
0  -5.775570 -0.608940 23.243624  -0.941423 -0.100586 0.321879  0.067939 0.835576
0  -4.846635 -0.510885 27.366390  -0.984130 -0.103038 0.144471  0.073047 0.851883
0  -5.776605 0.608670 23.244211  -0.941200 0.099692 0.322807  0.063537 0.837347
no_material
0  -4.637205 -1.508265 27.366659  -0.940841 -0.306648 0.144169  0.077204 0.851010
0  -4.846635 -0.510885 27.366390  -0.984130 -0.103038 0.144471  0.073047 0.851883
0  -5.775570 -0.608940 23.243624  -0.941423 -0.100586 0.321879  0.067939 0.835576
no_material
0  -5.518350 -1.795095 23.241781  -0.899834 -0.295969 0.320470  0.072553 0.834000
0  -4.637205 -1.508265 27.366659  -0.940841 -0.306648 0.144169  0.077204 0.851010
0  -5.775570 -0.608940 23.243624  -0.941423 -0.100586 0.321879  0.067939 0.835576
no_material
0  -4.225320 -2.441250 27.367064  -0.856474 -0.495738 0.143864  0.081523 0.850214
0  -4.637205 -1.508265 27.366659  -0.940841 -0.306648 0.144169  0.077204 0.851010
0  -5.518350 -1.795095 23.241781  -0.899834 -0.295969 0.320470  0.072553 0.834000
no_material
0  -5.019930 -2.900160 23.239710  -0.819096 -0.476793 0.318982  0.077335 0.832606
0  -4.225320 -2.441250 27.367064  -0.856474 -0.495738 0.143864  0.081523 0.850214
0  -5.518350 -1.795095 23.241781  -0.899834 -0.295969 0.320470  0.072553 0.834000
no_material
0  -3.626280 -3.267450 27.367109  -0.735388 -0.662243 0.143663  0.085984 0.849497
0  -4.225320 -2.441250 27.367064  -0.856474 -0.495738 0.143864  0.081523 0.850214
0  -5.019930 -2.900160 23.239710  -0.819096 -0.476793 0.318982  0.077335 0.832606
no_material
0  -4.305150 -3.878010 23.238361  -0.703476 -0.635815 0.317584  0.082253 0.831385
0  -3.626280 -3.267450 27.367109  -0.735388 -0.662243 0.143663  0.085984 0.849497
0  -5.019930 -2.900160 23.239710  -0.819096 -0.476793 0.318982  0.077335 0.832606
no_material
0  -2.869425 -3.951405 27.367516  -0.583667 -0.799204 0.143545  0.090537 0.848839
0  -3.626280 -3.267450 27.367109  -0.735388 -0.662243 0.143663  0.085984 0.849497
0  -4.305150 -3.878010 23.238361  -0.703476 -0.635815 0.317584  0.082253 0.831385
no_material
0  -3.405555 -4.688685 23.238316  -0.558074 -0.767056 0.316511  0.087292 0.830331
0  -2.869425 -3.951405 27.367516  -0.583667 -0.799204 0.143545  0.090537 0.848839
0  -4.305150 -3.878010 23.238361  -0.703476 -0.635815 0.317584  0.082253 0.831385
no_material
0  -1.987020 -4.465395 27.367966  -0.405541 -0.902747 0.143474  0.095222 0.848279
0  -2.869425 -3.951405 27.367516  -0.583667 -0.799204 0.143545  0.090537 0.848839
0  -3.405555 -4.688685 23.238316  -0.558074 -0.767056 0.316511  0.087292 0.830331
no_material
0  -2.357640 -5.296995 23.239035  -0.387844 -0.865920 0.315847  0.092409 0.829434
0  -1.987020 -4.465395 27.367966  -0.405541 -0.902747 0.143474  0.095222 0.848279
0  -3.405555 -4.688685 23.238316  -0.558074 -0.767056 0.316511  0.087292 0.830331
no_material
0  -1.015425 -4.784040 27.368504  -0.205881 -0.967988 0.143570  0.099965 0.847775
0  -1.987020 -4.465395 27.367966  -0.405541 -0.902747 0.143474  0.095222 0.848279
0  -2.357640 -5.296995 23.239035  -0.387844 -0.865920 0.315847  0.092409 0.829434
no_material
0  -1.205460 -5.674995 23.240204  -0.197724 -0.928035 0.315684  0.097590 0.828619
0  -1.015425 -4.784040 27.368504  -0.205881 -0.967988 0.143570  0.099965 0.847775
0  -2.357640 -5.296995 23.239035  -0.387844 -0.865920 0.315847  0.092409 0.829434
no_material
0  0.002925 -4.888755 27.368237  0.006834 -0.989592 0.143737  0.104814 0.847370
0  -1.015425 -4.784040 27.368504  -0.205881 -0.967988 0.143570  0.099965 0.847775
0  -1.205460 -5.674995 23.240204  -0.197724 -0.928035 0.315684  0.097590 0.828619
no_material
0  0.001710 -5.800815 23.238495  0.005630 -0.948882 0.315581  0.102839 0.828010
0  0.002925 -4.888755 27.368237  0.006834 -0.989592 0.143737  0.104814 0.847370
0  -1.205460 -5.674995 23.240204  -0.197724 -0.928035 0.315684  0.097590 0.828619
no_material
0  -5.775570 -0.608940 23.243624  -0.941423 -0.100586 0.321879  0.067939 0.835576
0  -5.776605 0.608670 23.244211  -0.941200 0.099692 0.322807  0.063537 0.837347
0  -7.190910 0.757350 20.196585  -0.851248 0.088716 0.517211  0.057707 0.826109
no_material
0  -7.187805 -0.757800 20.194426  -0.851059 -0.093390 0.516698  0.062829 0.823688
0  -5.775570 -0.608940 23.243624  -0.941423 -0.100586 0.321879  0.067939 0.835576
0  -7.190910 0.757350 20.196585  -0.851248 0.088716 0.517211  0.057707 0.826109
no_material
0  -5.518350 -1.795095 23.241781  -0.899834 -0.295969 0.320470  0.072553 0.834000
0  -5.775570 -0.608940 23.243624  -0.941423 -0.100586 0.321879  0.067939 0.835576
0  -7.187805 -0.757800 20.194426  -0.851059 -0.093390 0.516698  0.062829 0.823688
no_material
0  -6.866460 -2.233350 20.189520  -0.812931 -0.270544 0.515702  0.068081 0.821610
0  -5.518350 -1.795095 23.241781  -0.899834 -0.295969 0.320470  0.072553 0.834000
0  -7.187805 -0.757800 20.194426  -0.851059 -0.093390 0.516698  0.062829 0.823688
no_material
0  -5.019930 -2.900160 23.239710  -0.819096 -0.476793 0.318982  0.077335 0.832606
0  -5.518350 -1.795095 23.241781  -0.899834 -0.295969 0.320470  0.072553 0.834000
0  -6.866460 -2.233350 20.189520  -0.812931 -0.270544 0.515702  0.068081 0.821610
no_material
0  -6.245145 -3.608010 20.184031  -0.739385 -0.434023 0.514717  0.073439 0.819820
0  -5.019930 -2.900160 23.239710  -0.819096 -0.476793 0.318982  0.077335 0.832606
0  -6.866460 -2.233350 20.189520  -0.812931 -0.270544 0.515702  0.068081 0.821610
no_material
0  -4.305150 -3.878010 23.238361  -0.703476 -0.635815 0.317584  0.082253 0.831385
0  -5.019930 -2.900160 23.239710  -0.819096 -0.476793 0.318982  0.077335 0.832606
0  -6.245145 -3.608010 20.184031  -0.739385 -0.434023 0.514717  0.073439 0.819820
no_material
0  -5.352885 -4.821975 20.178675  -0.634570 -0.577714 0.513388  0.078880 0.818279
0  -4.305150 -3.878010 23.238361  -0.703476 -0.635815 0.317584  0.082253 0.831385
0  -6.245145 -3.608010 20.184031  -0.739385 -0.434023 0.514717  0.073439 0.819820
no_material
0  -3.405555 -4.688685 23.238316  -0.558074 -0.767056 0.316511  0.087292 0.830331
0  -4.305150 -3.878010 23.238361  -0.703476 -0.635815 0.317584  0.082253 0.831385
0  -5.352885 -4.821975 20.178675  -0.634570 -0.577714 0.513388  0.078880 0.818279
no_material
0  -4.230855 -5.825385 20.175480  -0.503366 -0.695879 0.512226  0.084395 0.816957
0  -3.405555 -4.688685 23.238316  -0.558074 -0.767056 0.316511  0.087292 0.830331
0  -5.352885 -4.821975 20.178675  -0.634570 -0.577714 0.513388  0.078880 0.818279
no_material
0  -2.357640 -5.296995 23.239035  -0.387844 -0.865920 0.315847  0.092409 0.829434
0  -3.405555 -4.688685 23.238316  -0.558074 -0.767056 0.316511  0.087292 0.830331
0  -4.230855 -5.825385 20.175480  -0.503366 -0.695879 0.512226  0.084395 0.816957
no_material
0  -2.927115 -6.576570 20.174894  -0.350240 -0.784562 0.511659  0.089976 0.815832
0  -2.357640 -5.296995 23.239035  -0.387844 -0.865920 0.315847  0.092409 0.829434
0  -4.230855 -5.825385 20.175480  -0.503366 -0.695879 0.512226  0.084395 0.816957
no_material
0  -1.205460 -5.674995 23.240204  -0.197724 -0.928035 0.315684  0.097590 0.828619
0  -2.357640 -5.296995 23.239035  -0.387844 -0.865920 0.315847  0.092409 0.829434
0  -2.927115 -6.576570 20.174894  -0.350240 -0.784562 0.511659  0.089976 0.815832
no_material
0  -1.496115 -7.042860 20.175930  -0.179149 -0.840173 0.511873  0.095599 0.814964
0  -1.205460 -5.674995 23.240204  -0.197724 -0.928035 0.315684  0.097590 0.828619
0  -2.927115 -6.576570 20.174894  -0.350240 -0.784562 0.511659  0.089976 0.815832
no_material
0  0.001710 -5.800815 23.238495  0.005630 -0.948882 0.315581  0.102839 0.828010
0  -1.205460 -5.674995 23.240204  -0.197724 -0.928035 0.315684  0.097590 0.828619
0  -1.496115 -7.042860 20.175930  -0.179149 -0.840173 0.511873  0.095599 0.814964
no_material
0  0.001395 -7.198290 20.175076  0.004036 -0.858837 0.512233  0.101222 0.814182
0  0.001710 -5.800815 23.238495  0.005630 -0.948882 0.315581  0.102839 0.828010
0  -1.496115 -7.042860 20.175930  -0.179149 -0.840173 0.511873  0.095599 0.814964
no_material
0  1.205820 -5.661855 23.235886  0.208228 -0.925672 0.315868  0.108109 0.827473
0  0.001710 -5.800815 23.238495  0.005630 -0.948882 0.315581  0.102839 0.828010
0  0.001395 -7.198290 20.175076  0.004036 -0.858837 0.512233  0.101222 0.814182
no_material
0  1.496655 -7.032645 20.169901  0.186764 -0.838225 0.512346  0.106879 0.813623
0  1.205820 -5.661855 23.235886  0.208228 -0.925672 0.315868  0.108109 0.827473
0  0.001395 -7.198290 20.175076  0.004036 -0.858837 0.512233  0.101222 0.814182
no_material
0  -4.474890 -1.456695 31.025835  -0.949497 -0.313112 -0.020389  0.079222 0.866350
0  -4.683240 -0.494685 31.025206  -0.994097 -0.106185 -0.022273  0.075171 0.866622
0  -4.846635 -0.510885 27.366390  -0.984130 -0.103038 0.144471  0.073047 0.851883
no_material
0  -4.637205 -1.508265 27.366659  -0.940841 -0.306648 0.144169  0.077204 0.851010
0  -4.474890 -1.456695 31.025835  -0.949497 -0.313112 -0.020389  0.079222 0.866350
0  -4.846635 -0.510885 27.366390  -0.984130 -0.103038 0.144471  0.073047 0.851883
no_material
0  -4.071150 -2.353275 31.026600  -0.863921 -0.503280 -0.018694  0.083411 0.866069
0  -4.474890 -1.456695 31.025835  -0.949497 -0.313112 -0.020389  0.079222 0.866350
0  -4.637205 -1.508265 27.366659  -0.940841 -0.306648 0.144169  0.077204 0.851010
no_material
0  -4.225320 -2.441250 27.367064  -0.856474 -0.495738 0.143864  0.081523 0.850214
0  -4.071150 -2.353275 31.026600  -0.863921 -0.503280 -0.018694  0.083411 0.866069
0  -4.637205 -1.508265 27.366659  -0.940841 -0.306648 0.144169  0.077204 0.851010
no_material
0  -3.491010 -3.146040 31.027277  -0.741976 -0.670200 -0.017441  0.087719 0.865789
0  -4.071150 -2.353275 31.026600  -0.863921 -0.503280 -0.018694  0.083411 0.866069
0  -4.225320 -2.441250 27.367064  -0.856474 -0.495738 0.143864  0.081523 0.850214
no_material
0  -3.626280 -3.267450 27.367109  -0.735388 -0.662243 0.143663  0.085984 0.849497
0  -3.491010 -3.146040 31.027277  -0.741976 -0.670200 -0.017441  0.087719 0.865789
0  -4.225320 -2.441250 27.367064  -0.856474 -0.495738 0.143864  0.081523 0.850214
no_material
0  -2.761650 -3.802905 31.027498  -0.589360 -0.807693 -0.016943  0.092110 0.865532
0  -3.491010 -3.146040 31.027277  -0.741976 -0.670200 -0.017441  0.087719 0.865789
0  -3.626280 -3.267450 27.367109  -0.735388 -0.662243 0.143663  0.085984 0.849497
no_material
0  -2.869425 -3.951405 27.367516  -0.583667 -0.799204 0.143545  0.090537 0.848839
0  -2.761650 -3.802905 31.027498  -0.589360 -0.807693 -0.016943  0.092110 0.865532
0  -3.626280 -3.267450 27.367109  -0.735388 -0.662243 0.143663  0.085984 0.849497
no_material
0  -1.913085 -4.298760 31.027681  -0.409817 -0.912017 -0.016576  0.096619 0.865267
0  -2.761650 -3.802905 31.027498  -0.589360 -0.807693 -0.016943  0.092110 0.865532
0  -2.869425 -3.951405 27.367516  -0.583667 -0.799204 0.143545  0.090537 0.848839
no_material
0  -1.987020 -4.465395 27.367966  -0.405541 -0.902747 0.143474  0.095222 0.848279
0  -1.913085 -4.298760 31.027681  -0.409817 -0.912017 -0.016576  0.096619 0.865267
0  -2.869425 -3.951405 27.367516  -0.583667 -0.799204 0.143545  0.090537 0.848839
no_material
0  -0.976995 -4.605435 31.027231  -0.207683 -0.978053 -0.016751  0.101214 0.865043
0  -1.913085 -4.298760 31.027681  -0.409817 -0.912017 -0.016576  0.096619 0.865267
0  -1.987020 -4.465395 27.367966  -0.405541 -0.902747 0.143474  0.095222 0.848279
no_material
0  -1.015425 -4.784040 27.368504  -0.205881 -0.967988 0.143570  0.099965 0.847775
0  -0.976995 -4.605435 31.027231  -0.207683 -0.978053 -0.016751  0.101214 0.865043
0  -1.987020 -4.465395 27.367966  -0.405541 -0.902747 0.143474  0.095222 0.848279
no_material
0  0.002835 -4.703985 31.027277  0.007407 -0.999832 -0.016791  0.105860 0.864842
0  -0.976995 -4.605435 31.027231  -0.207683 -0.978053 -0.016751  0.101214 0.865043
0  -1.015425 -4.784040 27.368504  -0.205881 -0.967988 0.143570  0.099965 0.847775
no_material
0  0.002925 -4.888755 27.368237  0.006834 -0.989592 0.143737  0.104814 0.847370
0  0.002835 -4.703985 31.027277  0.007407 -0.999832 -0.016791  0.105860 0.864842
0  -1.015425 -4.784040 27.368504  -0.205881 -0.967988 0.143570  0.099965 0.847775
no_material
0  0.979335 -4.590540 31.027498  0.221659 -0.974986 -0.016443  0.110560 0.864676
0  0.002835 -4.703985 31.027277  0.007407 -0.999832 -0.016791  0.105860 0.864842
0  0.002925 -4.888755 27.368237  0.006834 -0.989592 0.143737  0.104814 0.847370
no_material
0  1.017810 -4.769595 27.366884  0.218794 -0.965133 0.143695  0.109687 0.847015
0  0.979335 -4.590540 31.027498  0.221659 -0.974986 -0.016443  0.110560 0.864676
0  0.002925 -4.888755 27.368237  0.006834 -0.989592 0.143737  0.104814 0.847370
no_material
0  1.906200 -4.271940 31.028086  0.421603 -0.906631 -0.016454  0.115284 0.864509
0  0.979335 -4.590540 31.027498  0.221659 -0.974986 -0.016443  0.110560 0.864676
0  1.017810 -4.769595 27.366884  0.218794 -0.965133 0.143695  0.109687 0.847015
no_material
0  1.980720 -4.439475 27.364904  0.416361 -0.897774 0.143684  0.114594 0.846723
0  1.906200 -4.271940 31.028086  0.421603 -0.906631 -0.016454  0.115284 0.864509
0  1.017810 -4.769595 27.366884  0.218794 -0.965133 0.143695  0.109687 0.847015
no_material
0  -5.009715 -0.529695 34.836975  -0.980019 -0.108487 -0.166711  0.074951 0.881983
0  -5.013045 0.528840 34.836704  -0.980567 0.102426 -0.167322  0.070813 0.881630
0  -4.682520 0.494820 31.025026  -0.994017 0.106707 -0.023318  0.071253 0.866878
no_material
0  -4.683240 -0.494685 31.025206  -0.994097 -0.106185 -0.022273  0.075171 0.866622
0  -5.009715 -0.529695 34.836975  -0.980019 -0.108487 -0.166711  0.074951 0.881983
0  -4.682520 0.494820 31.025026  -0.994017 0.106707 -0.023318  0.071253 0.866878
no_material
0  -4.779315 -1.556100 34.838821  -0.935121 -0.313039 -0.166000  0.079200 0.882222
0  -5.009715 -0.529695 34.836975  -0.980019 -0.108487 -0.166711  0.074951 0.881983
0  -4.683240 -0.494685 31.025206  -0.994097 -0.106185 -0.022273  0.075171 0.866622
no_material
0  -4.474890 -1.456695 31.025835  -0.949497 -0.313112 -0.020389  0.079222 0.866350
0  -4.779315 -1.556100 34.838821  -0.935121 -0.313039 -0.166000  0.079200 0.882222
0  -4.683240 -0.494685 31.025206  -0.994097 -0.106185 -0.022273  0.075171 0.866622
no_material
0  -4.341060 -2.509200 34.840485  -0.850490 -0.499282 -0.165482  0.083523 0.882394
0  -4.779315 -1.556100 34.838821  -0.935121 -0.313039 -0.166000  0.079200 0.882222
0  -4.474890 -1.456695 31.025835  -0.949497 -0.313112 -0.020389  0.079222 0.866350
no_material
0  -4.071150 -2.353275 31.026600  -0.863921 -0.503280 -0.018694  0.083411 0.866069
0  -4.341060 -2.509200 34.840485  -0.850490 -0.499282 -0.165482  0.083523 0.882394
0  -4.474890 -1.456695 31.025835  -0.949497 -0.313112 -0.020389  0.079222 0.866350
no_material
0  -3.719880 -3.351600 34.841431  -0.730703 -0.662409 -0.165189  0.087929 0.882504
0  -4.341060 -2.509200 34.840485  -0.850490 -0.499282 -0.165482  0.083523 0.882394
0  -4.071150 -2.353275 31.026600  -0.863921 -0.503280 -0.018694  0.083411 0.866069
no_material
0  -3.491010 -3.146040 31.027277  -0.741976 -0.670200 -0.017441  0.087719 0.865789
0  -3.719880 -3.351600 34.841431  -0.730703 -0.662409 -0.165189  0.087929 0.882504
0  -4.071150 -2.353275 31.026600  -0.863921 -0.503280 -0.018694  0.083411 0.866069
no_material
0  -2.941335 -4.050450 34.841431  -0.579857 -0.797908 -0.164646  0.092422 0.882560
0  -3.719880 -3.351600 34.841431  -0.730703 -0.662409 -0.165189  0.087929 0.882504
0  -3.491010 -3.146040 31.027277  -0.741976 -0.670200 -0.017441  0.087719 0.865789
no_material
0  -2.761650 -3.802905 31.027498  -0.589360 -0.807693 -0.016943  0.092110 0.865532
0  -2.941335 -4.050450 34.841431  -0.579857 -0.797908 -0.164646  0.092422 0.882560
0  -3.491010 -3.146040 31.027277  -0.741976 -0.670200 -0.017441  0.087719 0.865789
no_material
0  -2.036295 -4.575645 34.840981  -0.402636 -0.900596 -0.163743  0.096962 0.882588
0  -2.941335 -4.050450 34.841431  -0.579857 -0.797908 -0.164646  0.092422 0.882560
0  -2.761650 -3.802905 31.027498  -0.589360 -0.807693 -0.016943  0.092110 0.865532
no_material
0  -1.913085 -4.298760 31.027681  -0.409817 -0.912017 -0.016576  0.096619 0.865267
0  -2.036295 -4.575645 34.840981  -0.402636 -0.900596 -0.163743  0.096962 0.882588
0  -2.761650 -3.802905 31.027498  -0.589360 -0.807693 -0.016943  0.092110 0.865532
no_material
0  -1.041120 -4.903290 34.840172  -0.204512 -0.965191 -0.163039  0.101575 0.882531
0  -2.036295 -4.575645 34.840981  -0.402636 -0.900596 -0.163743  0.096962 0.882588
0  -1.913085 -4.298760 31.027681  -0.409817 -0.912017 -0.016576  0.096619 0.865267
no_material
0  -0.976995 -4.605435 31.027231  -0.207683 -0.978053 -0.016751  0.101214 0.865043
0  -1.041120 -4.903290 34.840172  -0.204512 -0.965191 -0.163039  0.101575 0.882531
0  -1.913085 -4.298760 31.027681  -0.409817 -0.912017 -0.016576  0.096619 0.865267
no_material
0  0.002160 -5.010570 34.840439  0.005884 -0.986584 -0.163151  0.106219 0.882507
0  -1.041120 -4.903290 34.840172  -0.204512 -0.965191 -0.163039  0.101575 0.882531
0  -0.976995 -4.605435 31.027231  -0.207683 -0.978053 -0.016751  0.101214 0.865043
no_material
0  0.002835 -4.703985 31.027277  0.007407 -0.999832 -0.016791  0.105860 0.864842
0  0.002160 -5.010570 34.840439  0.005884 -0.986584 -0.163151  0.106219 0.882507
0  -0.976995 -4.605435 31.027231  -0.207683 -0.978053 -0.016751  0.101214 0.865043
no_material
0  1.041885 -4.888350 34.842422  0.215788 -0.962550 -0.164113  0.110882 0.882472
0  0.002160 -5.010570 34.840439  0.005884 -0.986584 -0.163151  0.106219 0.882507
0  0.002835 -4.703985 31.027277  0.007407 -0.999832 -0.016791  0.105860 0.864842
no_material
0  0.979335 -4.590540 31.027498  0.221659 -0.974986 -0.016443  0.110560 0.864676
0  1.041885 -4.888350 34.842422  0.215788 -0.962550 -0.164113  0.110882 0.882472
0  0.002835 -4.703985 31.027277  0.007407 -0.999832 -0.016791  0.105860 0.864842
no_material
0  -5.915655 -0.624555 38.566799  -0.907305 -0.101414 -0.408060  0.072987 0.896907
0  -5.920740 0.620190 38.564102  -0.908122 0.092654 -0.408324  0.068284 0.896173
0  -5.013045 0.528840 34.836704  -0.980567 0.102426 -0.167322  0.070813 0.881630
no_material
0  -5.009715 -0.529695 34.836975  -0.980019 -0.108487 -0.166711  0.074951 0.881983
0  -5.915655 -0.624555 38.566799  -0.907305 -0.101414 -0.408060  0.072987 0.896907
0  -5.013045 0.528840 34.836704  -0.980567 0.102426 -0.167322  0.070813 0.881630
no_material
0  -5.648580 -1.838115 38.571075  -0.865343 -0.289908 -0.408821  0.077712 0.897483
0  -5.915655 -0.624555 38.566799  -0.907305 -0.101414 -0.408060  0.072987 0.896907
0  -5.009715 -0.529695 34.836975  -0.980019 -0.108487 -0.166711  0.074951 0.881983
no_material
0  -4.779315 -1.556100 34.838821  -0.935121 -0.313039 -0.166000  0.079200 0.882222
0  -5.648580 -1.838115 38.571075  -0.865343 -0.289908 -0.408821  0.077712 0.897483
0  -5.009715 -0.529695 34.836975  -0.980019 -0.108487 -0.166711  0.074951 0.881983
no_material
0  -5.137785 -2.965455 38.574989  -0.787063 -0.461266 -0.409592  0.082455 0.897891
0  -5.648580 -1.838115 38.571075  -0.865343 -0.289908 -0.408821  0.077712 0.897483
0  -4.779315 -1.556100 34.838821  -0.935121 -0.313039 -0.166000  0.079200 0.882222
no_material
0  -4.341060 -2.509200 34.840485  -0.850490 -0.499282 -0.165482  0.083523 0.882394
0  -5.137785 -2.965455 38.574989  -0.787063 -0.461266 -0.409592  0.082455 0.897891
0  -4.779315 -1.556100 34.838821  -0.935121 -0.313039 -0.166000  0.079200 0.882222
no_material
0  -4.405680 -3.965625 38.577148  -0.675723 -0.612287 -0.410492  0.087207 0.898170
0  -5.137785 -2.965455 38.574989  -0.787063 -0.461266 -0.409592  0.082455 0.897891
0  -4.341060 -2.509200 34.840485  -0.850490 -0.499282 -0.165482  0.083523 0.882394
no_material
0  -3.719880 -3.351600 34.841431  -0.730703 -0.662409 -0.165189  0.087929 0.882504
0  -4.405680 -3.965625 38.577148  -0.675723 -0.612287 -0.410492  0.087207 0.898170
0  -4.341060 -2.509200 34.840485  -0.850490 -0.499282 -0.165482  0.083523 0.882394
no_material
0  -3.483360 -4.792770 38.578232  -0.534847 -0.738366 -0.410798  0.091955 0.898348
0  -4.405680 -3.965625 38.577148  -0.675723 -0.612287 -0.410492  0.087207 0.898170
0  -3.719880 -3.351600 34.841431  -0.730703 -0.662409 -0.165189  0.087929 0.882504
no_material
0  -2.941335 -4.050450 34.841431  -0.579857 -0.797908 -0.164646  0.092422 0.882560
0  -3.483360 -4.792770 38.578232  -0.534847 -0.738366 -0.410798  0.091955 0.898348
0  -3.719880 -3.351600 34.841431  -0.730703 -0.662409 -0.165189  0.087929 0.882504
no_material
0  -2.409480 -5.409810 38.579578  -0.369621 -0.833882 -0.409904  0.096689 0.898453
0  -3.483360 -4.792770 38.578232  -0.534847 -0.738366 -0.410798  0.091955 0.898348
0  -2.941335 -4.050450 34.841431  -0.579857 -0.797908 -0.164646  0.092422 0.882560
no_material
0  -2.036295 -4.575645 34.840981  -0.402636 -0.900596 -0.163743  0.096962 0.882588
0  -2.409480 -5.409810 38.579578  -0.369621 -0.833882 -0.409904  0.096689 0.898453
0  -2.941335 -4.050450 34.841431  -0.579857 -0.797908 -0.164646  0.092422 0.882560
no_material
0  -1.231110 -5.788845 38.581966  -0.187628 -0.893311 -0.408402  0.101421 0.898570
0  -2.409480 -5.409810 38.579578  -0.369621 -0.833882 -0.409904  0.096689 0.898453
0  -2.036295 -4.575645 34.840981  -0.402636 -0.900596 -0.163743  0.096962 0.882588
no_material
0  -1.041120 -4.903290 34.840172  -0.204512 -0.965191 -0.163039  0.101575 0.882531
0  -1.231110 -5.788845 38.581966  -0.187628 -0.893311 -0.408402  0.101421 0.898570
0  -2.036295 -4.575645 34.840981  -0.402636 -0.900596 -0.163743  0.096962 0.882588
no_material
0  -0.000900 -5.915565 38.583313  0.003415 -0.912839 -0.408306  0.106168 0.898591
0  -1.231110 -5.788845 38.581966  -0.187628 -0.893311 -0.408402  0.101421 0.898570
0  -1.041120 -4.903290 34.840172  -0.204512 -0.965191 -0.163039  0.101575 0.882531
no_material
0  0.002160 -5.010570 34.840439  0.005884 -0.986584 -0.163151  0.106219 0.882507
0  -0.000900 -5.915565 38.583313  0.003415 -0.912839 -0.408306  0.106168 0.898591
0  -1.041120 -4.903290 34.840172  -0.204512 -0.965191 -0.163039  0.101575 0.882531
no_material
0  1.228500 -5.783760 38.583630  0.194252 -0.890861 -0.410650  0.110898 0.898581
0  -0.000900 -5.915565 38.583313  0.003415 -0.912839 -0.408306  0.106168 0.898591
0  0.002160 -5.010570 34.840439  0.005884 -0.986584 -0.163151  0.106219 0.882507
no_material
0  1.041885 -4.888350 34.842422  0.215788 -0.962550 -0.164113  0.110882 0.882472
0  1.228500 -5.783760 38.583630  0.194252 -0.890861 -0.410650  0.110898 0.898581
0  0.002160 -5.010570 34.840439  0.005884 -0.986584 -0.163151  0.106219 0.882507
no_material
0  2.402730 -5.398740 38.584259  0.375376 -0.829156 -0.414237  0.115610 0.898556
0  1.228500 -5.783760 38.583630  0.194252 -0.890861 -0.410650  0.110898 0.898581
0  1.041885 -4.888350 34.842422  0.215788 -0.962550 -0.164113  0.110882 0.882472
no_material
0  2.027925 -4.549185 34.845257  0.412356 -0.895844 -0.165609  0.115543 0.882445
0  2.402730 -5.398740 38.584259  0.375376 -0.829156 -0.414237  0.115610 0.898556
0  1.041885 -4.888350 34.842422  0.215788 -0.962550 -0.164113  0.110882 0.882472
no_material
0  3.469815 -4.776840 38.586239  0.538882 -0.732086 -0.416721  0.120305 0.898520
0  2.402730 -5.398740 38.584259  0.375376 -0.829156 -0.414237  0.115610 0.898556
0  2.027925 -4.549185 34.845257  0.412356 -0.895844 -0.165609  0.115543 0.882445
no_material
0  2.920815 -4.017555 34.847324  0.587247 -0.792000 -0.166965  0.120204 0.882411
0  3.469815 -4.776840 38.586239  0.538882 -0.732086 -0.416721  0.120305 0.898520
0  2.027925 -4.549185 34.845257  0.412356 -0.895844 -0.165609  0.115543 0.882445
no_material
0  4.383360 -3.947715 38.588535  0.677575 -0.605477 -0.417481  0.124978 0.898478
0  3.469815 -4.776840 38.586239  0.538882 -0.732086 -0.416721  0.120305 0.898520
0  2.920815 -4.017555 34.847324  0.587247 -0.792000 -0.166965  0.120204 0.882411
no_material
0  3.686220 -3.317760 34.848583  0.735692 -0.656255 -0.167595  0.124861 0.882384
0  4.383360 -3.947715 38.588535  0.677575 -0.605477 -0.417481  0.124978 0.898478
0  2.920815 -4.017555 34.847324  0.587247 -0.792000 -0.166965  0.120204 0.882411
no_material
0  5.105970 -2.949030 38.589615  0.786321 -0.455468 -0.417432  0.129629 0.898428
0  4.383360 -3.947715 38.588535  0.677575 -0.605477 -0.417481  0.124978 0.898478
0  3.686220 -3.317760 34.848583  0.735692 -0.656255 -0.167595  0.124861 0.882384
no_material
0  4.295295 -2.479320 34.848583  0.853252 -0.493691 -0.168021  0.129513 0.882369
0  5.105970 -2.949030 38.589615  0.786321 -0.455468 -0.417432  0.129629 0.898428
0  3.686220 -3.317760 34.848583  0.735692 -0.656255 -0.167595  0.124861 0.882384
no_material
0  5.609700 -1.824120 38.588173  0.862924 -0.285412 -0.417016  0.134259 0.898374
0  5.105970 -2.949030 38.589615  0.786321 -0.455468 -0.417432  0.129629 0.898428
0  4.295295 -2.479320 34.848583  0.853252 -0.493691 -0.168021  0.129513 0.882369
no_material
0  4.722975 -1.536120 34.847595  0.936039 -0.308950 -0.168465  0.134158 0.882370
0  5.609700 -1.824120 38.588173  0.862924 -0.285412 -0.417016  0.134259 0.898374
0  4.295295 -2.479320 34.848583  0.853252 -0.493691 -0.168021  0.129513 0.882369
no_material
0  5.872050 -0.618885 38.585117  0.903601 -0.099913 -0.416560  0.138870 0.898323
0  5.609700 -1.824120 38.588173  0.862924 -0.285412 -0.417016  0.134259 0.898374
0  4.722975 -1.536120 34.847595  0.936039 -0.308950 -0.168465  0.134158 0.882370
no_material
0  4.947435 -0.521640 34.846245  0.979733 -0.107219 -0.169196  0.138809 0.882388
0  5.872050 -0.618885 38.585117  0.903601 -0.099913 -0.416560  0.138870 0.898323
0  4.722975 -1.536120 34.847595  0.936039 -0.308950 -0.168465  0.134158 0.882370
no_material
0  5.877630 0.617985 38.582146  0.904489 0.090365 -0.416814  0.143468 0.898283
0  5.872050 -0.618885 38.585117  0.903601 -0.099913 -0.416560  0.138870 0.898323
0  4.947435 -0.521640 34.846245  0.979733 -0.107219 -0.169196  0.138809 0.882388
no_material
0  4.950720 0.519165 34.845886  0.980255 0.100731 -0.170154  0.143457 0.882429
0  5.877630 0.617985 38.582146  0.904489 0.090365 -0.416814  0.143468 0.898283
0  4.947435 -0.521640 34.846245  0.979733 -0.107219 -0.169196  0.138809 0.882388
no_material
0  5.625630 1.828485 38.579082  0.865427 0.276328 -0.417946  0.148039 0.898254
0  5.877630 0.617985 38.582146  0.904489 0.090365 -0.416814  0.143468 0.898283
0  4.950720 0.519165 34.845886  0.980255 0.100731 -0.170154  0.143457 0.882429
no_material
0  4.735935 1.537605 34.845570  0.937714 0.302468 -0.170899  0.148090 0.882493
0  5.625630 1.828485 38.579082  0.865427 0.276328 -0.417946  0.148039 0.898254
0  4.950720 0.519165 34.845886  0.980255 0.100731 -0.170154  0.143457 0.882429
no_material
0  5.127075 2.961090 38.576027  0.788507 0.450364 -0.418843  0.152583 0.898238
0  5.625630 1.828485 38.579082  0.865427 0.276328 -0.417946  0.148039 0.898254
0  4.735935 1.537605 34.845570  0.937714 0.302468 -0.170899  0.148090 0.882493
no_material
0  4.314600 2.489445 34.845390  0.855036 0.489411 -0.171434  0.152707 0.882587
0  5.127075 2.961090 38.576027  0.788507 0.450364 -0.418843  0.152583 0.898238
0  4.735935 1.537605 34.845570  0.937714 0.302468 -0.170899  0.148090 0.882493
no_material
0  2.027925 -4.549185 34.845257  0.412356 -0.895844 -0.165609  0.115543 0.882445
0  1.041885 -4.888350 34.842422  0.215788 -0.962550 -0.164113  0.110882 0.882472
0  0.979335 -4.590540 31.027498  0.221659 -0.974986 -0.016443  0.110560 0.864676
no_material
0  1.906200 -4.271940 31.028086  0.421603 -0.906631 -0.016454  0.115284 0.864509
0  2.027925 -4.549185 34.845257  0.412356 -0.895844 -0.165609  0.115543 0.882445
0  0.979335 -4.590540 31.027498  0.221659 -0.974986 -0.016443  0.110560 0.864676
no_material
0  2.920815 -4.017555 34.847324  0.587247 -0.792000 -0.166965  0.120204 0.882411
0  2.027925 -4.549185 34.845257  0.412356 -0.895844 -0.165609  0.115543 0.882445
0  1.906200 -4.271940 31.028086  0.421603 -0.906631 -0.016454  0.115284 0.864509
no_material
0  2.742030 -3.769200 31.028086  0.598299 -0.801099 -0.016695  0.120012 0.864406
0  2.920815 -4.017555 34.847324  0.587247 -0.792000 -0.166965  0.120204 0.882411
0  1.906200 -4.271940 31.028086  0.421603 -0.906631 -0.016454  0.115284 0.864509
no_material
0  3.686220 -3.317760 34.848583  0.735692 -0.656255 -0.167595  0.124861 0.882384
0  2.920815 -4.017555 34.847324  0.587247 -0.792000 -0.166965  0.120204 0.882411
0  2.742030 -3.769200 31.028086  0.598299 -0.801099 -0.016695  0.120012 0.864406
no_material
0  3.457665 -3.110760 31.028040  0.748080 -0.663380 -0.017409  0.124745 0.864338
0  3.686220 -3.317760 34.848583  0.735692 -0.656255 -0.167595  0.124861 0.882384
0  2.742030 -3.769200 31.028086  0.598299 -0.801099 -0.016695  0.120012 0.864406
no_material
0  4.295295 -2.479320 34.848583  0.853252 -0.493691 -0.168021  0.129513 0.882369
0  3.686220 -3.317760 34.848583  0.735692 -0.656255 -0.167595  0.124861 0.882384
0  3.457665 -3.110760 31.028040  0.748080 -0.663380 -0.017409  0.124745 0.864338
no_material
0  4.024575 -2.321865 31.027723  0.867410 -0.497247 -0.018589  0.129486 0.864305
0  4.295295 -2.479320 34.848583  0.853252 -0.493691 -0.168021  0.129513 0.882369
0  3.457665 -3.110760 31.028040  0.748080 -0.663380 -0.017409  0.124745 0.864338
no_material
0  4.722975 -1.536120 34.847595  0.936039 -0.308950 -0.168465  0.134158 0.882370
0  4.295295 -2.479320 34.848583  0.853252 -0.493691 -0.168021  0.129513 0.882369
0  4.024575 -2.321865 31.027723  0.867410 -0.497247 -0.018589  0.129486 0.864305
no_material
0  4.417785 -1.434105 31.027277  0.950931 -0.308731 -0.020371  0.134229 0.864309
0  4.722975 -1.536120 34.847595  0.936039 -0.308950 -0.168465  0.134158 0.882370
0  4.024575 -2.321865 31.027723  0.867410 -0.497247 -0.018589  0.129486 0.864305
no_material
0  4.947435 -0.521640 34.846245  0.979733 -0.107219 -0.169196  0.138809 0.882388
0  4.722975 -1.536120 34.847595  0.936039 -0.308950 -0.168465  0.134158 0.882370
0  4.417785 -1.434105 31.027277  0.950931 -0.308731 -0.020371  0.134229 0.864309
no_material
0  4.619970 -0.484245 31.026915  0.994239 -0.104870 -0.022171  0.138973 0.864350
0  4.947435 -0.521640 34.846245  0.979733 -0.107219 -0.169196  0.138809 0.882388
0  4.417785 -1.434105 31.027277  0.950931 -0.308731 -0.020371  0.134229 0.864309
no_material
0  4.950720 0.519165 34.845886  0.980255 0.100731 -0.170154  0.143457 0.882429
0  4.947435 -0.521640 34.846245  0.979733 -0.107219 -0.169196  0.138809 0.882388
0  4.619970 -0.484245 31.026915  0.994239 -0.104870 -0.022171  0.138973 0.864350
no_material
0  4.619205 0.484335 31.026779  0.994169 0.105264 -0.023380  0.143698 0.864428
0  4.950720 0.519165 34.845886  0.980255 0.100731 -0.170154  0.143457 0.882429
0  4.619970 -0.484245 31.026915  0.994239 -0.104870 -0.022171  0.138973 0.864350
no_material
0  4.735935 1.537605 34.845570  0.937714 0.302468 -0.170899  0.148090 0.882493
0  4.950720 0.519165 34.845886  0.980255 0.100731 -0.170154  0.143457 0.882429
0  4.619205 0.484335 31.026779  0.994169 0.105264 -0.023380  0.143698 0.864428
no_material
0  4.415850 1.433655 31.026779  0.950658 0.309336 -0.023667  0.148420 0.864541
0  4.735935 1.537605 34.845570  0.937714 0.302468 -0.170899  0.148090 0.882493
0  4.619205 0.484335 31.026779  0.994169 0.105264 -0.023380  0.143698 0.864428
no_material
0  4.314600 2.489445 34.845390  0.855036 0.489411 -0.171434  0.152707 0.882587
0  4.735935 1.537605 34.845570  0.937714 0.302468 -0.170899  0.148090 0.882493
0  4.415850 1.433655 31.026779  0.950658 0.309336 -0.023667  0.148420 0.864541
no_material
0  4.021200 2.320200 31.026735  0.866802 0.498051 -0.024505  0.153122 0.864688
0  4.314600 2.489445 34.845390  0.855036 0.489411 -0.171434  0.152707 0.882587
0  4.415850 1.433655 31.026779  0.950658 0.309336 -0.023667  0.148420 0.864541
no_material
0  2.742030 -3.769200 31.028086  0.598299 -0.801099 -0.016695  0.120012 0.864406
0  1.906200 -4.271940 31.028086  0.421603 -0.906631 -0.016454  0.115284 0.864509
0  1.980720 -4.439475 27.364904  0.416361 -0.897774 0.143684  0.114594 0.846723
no_material
0  2.850750 -3.918600 27.363152  0.592038 -0.792963 0.143873  0.119508 0.846510
0  2.742030 -3.769200 31.028086  0.598299 -0.801099 -0.016695  0.120012 0.864406
0  1.980720 -4.439475 27.364904  0.416361 -0.897774 0.143684  0.114594 0.846723
no_material
0  3.457665 -3.110760 31.028040  0.748080 -0.663380 -0.017409  0.124745 0.864338
0  2.742030 -3.769200 31.028086  0.598299 -0.801099 -0.016695  0.120012 0.864406
0  2.850750 -3.918600 27.363152  0.592038 -0.792963 0.143873  0.119508 0.846510
no_material
0  3.593925 -3.232845 27.361620  0.741273 -0.655578 0.143984  0.124433 0.846365
0  3.457665 -3.110760 31.028040  0.748080 -0.663380 -0.017409  0.124745 0.864338
0  2.850750 -3.918600 27.363152  0.592038 -0.792963 0.143873  0.119508 0.846510
no_material
0  4.024575 -2.321865 31.027723  0.867410 -0.497247 -0.018589  0.129486 0.864305
0  3.457665 -3.110760 31.028040  0.748080 -0.663380 -0.017409  0.124745 0.864338
0  3.593925 -3.232845 27.361620  0.741273 -0.655578 0.143984  0.124433 0.846365
no_material
0  4.179510 -2.410560 27.360584  0.859854 -0.489774 0.144125  0.129364 0.846286
0  4.024575 -2.321865 31.027723  0.867410 -0.497247 -0.018589  0.129486 0.864305
0  3.593925 -3.232845 27.361620  0.741273 -0.655578 0.143984  0.124433 0.846365
no_material
0  4.417785 -1.434105 31.027277  0.950931 -0.308731 -0.020371  0.134229 0.864309
0  4.024575 -2.321865 31.027723  0.867410 -0.497247 -0.018589  0.129486 0.864305
0  4.179510 -2.410560 27.360584  0.859854 -0.489774 0.144125  0.129364 0.846286
no_material
0  4.581045 -1.486665 27.359505  0.942201 -0.302338 0.144388  0.134293 0.846269
0  4.417785 -1.434105 31.027277  0.950931 -0.308731 -0.020371  0.134229 0.864309
0  4.179510 -2.410560 27.360584  0.859854 -0.489774 0.144125  0.129364 0.846286
no_material
0  4.619970 -0.484245 31.026915  0.994239 -0.104870 -0.022171  0.138973 0.864350
0  4.417785 -1.434105 31.027277  0.950931 -0.308731 -0.020371  0.134229 0.864309
0  4.581045 -1.486665 27.359505  0.942201 -0.302338 0.144388  0.134293 0.846269
no_material
0  4.784760 -0.501300 27.358921  0.984246 -0.101648 0.144661  0.139218 0.846314
0  4.619970 -0.484245 31.026915  0.994239 -0.104870 -0.022171  0.138973 0.864350
0  4.581045 -1.486665 27.359505  0.942201 -0.302338 0.144388  0.134293 0.846269
no_material
0  4.619205 0.484335 31.026779  0.994169 0.105264 -0.023380  0.143698 0.864428
0  4.619970 -0.484245 31.026915  0.994239 -0.104870 -0.022171  0.138973 0.864350
0  4.784760 -0.501300 27.358921  0.984246 -0.101648 0.144661  0.139218 0.846314
no_material
0  4.781160 0.501660 27.358517  0.983864 0.104773 0.145032  0.144121 0.846418
0  4.619205 0.484335 31.026779  0.994169 0.105264 -0.023380  0.143698 0.864428
0  4.784760 -0.501300 27.358921  0.984246 -0.101648 0.144661  0.139218 0.846314
no_material
0  4.415850 1.433655 31.026779  0.950658 0.309336 -0.023667  0.148420 0.864541
0  4.619205 0.484335 31.026779  0.994169 0.105264 -0.023380  0.143698 0.864428
0  4.781160 0.501660 27.358517  0.983864 0.104773 0.145032  0.144121 0.846418
no_material
0  4.569660 1.483920 27.358290  0.940786 0.306198 0.145482  0.149023 0.846581
0  4.415850 1.433655 31.026779  0.950658 0.309336 -0.023667  0.148420 0.864541
0  4.781160 0.501660 27.358517  0.983864 0.104773 0.145032  0.144121 0.846418
no_material
0  4.021200 2.320200 31.026735  0.866802 0.498051 -0.024505  0.153122 0.864688
0  4.415850 1.433655 31.026779  0.950658 0.309336 -0.023667  0.148420 0.864541
0  4.569660 1.483920 27.358290  0.940786 0.306198 0.145482  0.149023 0.846581
no_material
0  4.159755 2.400615 27.358200  0.857394 0.493521 0.145987  0.153906 0.846802
0  4.021200 2.320200 31.026735  0.866802 0.498051 -0.024505  0.153122 0.864688
0  4.569660 1.483920 27.358290  0.940786 0.306198 0.145482  0.149023 0.846581
no_material
0  3.453390 3.107250 31.026466  0.747311 0.663991 -0.025338  0.157798 0.864868
0  4.021200 2.320200 31.026735  0.866802 0.498051 -0.024505  0.153122 0.864688
0  4.159755 2.400615 27.358200  0.857394 0.493521 0.145987  0.153906 0.846802
no_material
0  3.570705 3.213495 27.358379  0.738144 0.658629 0.146119  0.158762 0.847080
0  3.453390 3.107250 31.026466  0.747311 0.663991 -0.025338  0.157798 0.864868
0  4.159755 2.400615 27.358200  0.857394 0.493521 0.145987  0.153906 0.846802
no_material
0  1.017810 -4.769595 27.366884  0.218794 -0.965133 0.143695  0.109687 0.847015
0  0.002925 -4.888755 27.368237  0.006834 -0.989592 0.143737  0.104814 0.847370
0  0.001710 -5.800815 23.238495  0.005630 -0.948882 0.315581  0.102839 0.828010
no_material
0  1.205820 -5.661855 23.235886  0.208228 -0.925672 0.315868  0.108109 0.827473
0  1.017810 -4.769595 27.366884  0.218794 -0.965133 0.143695  0.109687 0.847015
0  0.001710 -5.800815 23.238495  0.005630 -0.948882 0.315581  0.102839 0.828010
no_material
0  1.980720 -4.439475 27.364904  0.416361 -0.897774 0.143684  0.114594 0.846723
0  1.017810 -4.769595 27.366884  0.218794 -0.965133 0.143695  0.109687 0.847015
0  1.205820 -5.661855 23.235886  0.208228 -0.925672 0.315868  0.108109 0.827473
no_material
0  2.350035 -5.273550 23.230755  0.396772 -0.861646 0.316446  0.113383 0.827057
0  1.980720 -4.439475 27.364904  0.416361 -0.897774 0.143684  0.114594 0.846723
0  1.205820 -5.661855 23.235886  0.208228 -0.925672 0.315868  0.108109 0.827473
no_material
0  2.850750 -3.918600 27.363152  0.592038 -0.792963 0.143873  0.119508 0.846510
0  1.980720 -4.439475 27.364904  0.416361 -0.897774 0.143684  0.114594 0.846723
0  2.350035 -5.273550 23.230755  0.396772 -0.861646 0.316446  0.113383 0.827057
no_material
0  3.386925 -4.659120 23.226391  0.565079 -0.761590 0.317281  0.118653 0.826756
0  2.850750 -3.918600 27.363152  0.592038 -0.792963 0.143873  0.119508 0.846510
0  2.350035 -5.273550 23.230755  0.396772 -0.861646 0.316446  0.113383 0.827057
no_material
0  3.593925 -3.232845 27.361620  0.741273 -0.655578 0.143984  0.124433 0.846365
0  2.850750 -3.918600 27.363152  0.592038 -0.792963 0.143873  0.119508 0.846510
0  3.386925 -4.659120 23.226391  0.565079 -0.761590 0.317281  0.118653 0.826756
no_material
0  4.274010 -3.847050 23.223196  0.708332 -0.629988 0.318402  0.123913 0.826560
0  3.593925 -3.232845 27.361620  0.741273 -0.655578 0.143984  0.124433 0.846365
0  3.386925 -4.659120 23.226391  0.565079 -0.761590 0.317281  0.118653 0.826756
no_material
0  4.179510 -2.410560 27.360584  0.859854 -0.489774 0.144125  0.129364 0.846286
0  3.593925 -3.232845 27.361620  0.741273 -0.655578 0.143984  0.124433 0.846365
0  4.274010 -3.847050 23.223196  0.708332 -0.629988 0.318402  0.123913 0.826560
no_material
0  4.976595 -2.872440 23.221844  0.821930 -0.471398 0.319712  0.129162 0.826461
0  4.179510 -2.410560 27.360584  0.859854 -0.489774 0.144125  0.129364 0.846286
0  4.274010 -3.847050 23.223196  0.708332 -0.629988 0.318402  0.123913 0.826560
no_material
0  4.581045 -1.486665 27.359505  0.942201 -0.302338 0.144388  0.134293 0.846269
0  4.179510 -2.410560 27.360584  0.859854 -0.489774 0.144125  0.129364 0.846286
0  4.976595 -2.872440 23.221844  0.821930 -0.471398 0.319712  0.129162 0.826461
no_material
0  5.464980 -1.775070 23.221802  0.900899 -0.291981 0.321136  0.134399 0.826451
0  4.581045 -1.486665 27.359505  0.942201 -0.302338 0.144388  0.134293 0.846269
0  4.976595 -2.872440 23.221844  0.821930 -0.471398 0.319712  0.129162 0.826461
no_material
0  4.784760 -0.501300 27.358921  0.984246 -0.101648 0.144661  0.139218 0.846314
0  4.581045 -1.486665 27.359505  0.942201 -0.302338 0.144388  0.134293 0.846269
0  5.464980 -1.775070 23.221802  0.900899 -0.291981 0.321136  0.134399 0.826451
no_material
0  5.716125 -0.600120 23.222385  0.941404 -0.099306 0.322329  0.139623 0.826527
0  4.784760 -0.501300 27.358921  0.984246 -0.101648 0.144661  0.139218 0.846314
0  5.464980 -1.775070 23.221802  0.900899 -0.291981 0.321136  0.134399 0.826451
no_material
0  4.781160 0.501660 27.358517  0.983864 0.104773 0.145032  0.144121 0.846418
0  4.784760 -0.501300 27.358921  0.984246 -0.101648 0.144661  0.139218 0.846314
0  5.716125 -0.600120 23.222385  0.941404 -0.099306 0.322329  0.139623 0.826527
no_material
0  5.717160 0.600030 23.222879  0.941189 0.098217 0.323292  0.144823 0.826682
0  4.781160 0.501660 27.358517  0.983864 0.104773 0.145032  0.144121 0.846418
0  5.716125 -0.600120 23.222385  0.941404 -0.099306 0.322329  0.139623 0.826527
no_material
0  4.569660 1.483920 27.358290  0.940786 0.306198 0.145482  0.149023 0.846581
0  4.781160 0.501660 27.358517  0.983864 0.104773 0.145032  0.144121 0.846418
0  5.717160 0.600030 23.222879  0.941189 0.098217 0.323292  0.144823 0.826682
no_material
0  5.469705 1.776240 23.223782  0.900176 0.290995 0.324045  0.150010 0.826912
0  4.569660 1.483920 27.358290  0.940786 0.306198 0.145482  0.149023 0.846581
0  5.717160 0.600030 23.222879  0.941189 0.098217 0.323292  0.144823 0.826682
no_material
0  2.350035 -5.273550 23.230755  0.396772 -0.861646 0.316446  0.113383 0.827057
0  1.205820 -5.661855 23.235886  0.208228 -0.925672 0.315868  0.108109 0.827473
0  1.496655 -7.032645 20.169901  0.186764 -0.838225 0.512346  0.106879 0.813623
no_material
0  2.921445 -6.557985 20.163059  0.356663 -0.780982 0.512698  0.112498 0.813209
0  2.350035 -5.273550 23.230755  0.396772 -0.861646 0.316446  0.113383 0.827057
0  1.496655 -7.032645 20.169901  0.186764 -0.838225 0.512346  0.106879 0.813623
no_material
0  3.386925 -4.659120 23.226391  0.565079 -0.761590 0.317281  0.118653 0.826756
0  2.350035 -5.273550 23.230755  0.396772 -0.861646 0.316446  0.113383 0.827057
0  2.921445 -6.557985 20.163059  0.356663 -0.780982 0.512698  0.112498 0.813209
no_material
0  4.216185 -5.801265 20.158199  0.508269 -0.691258 0.513639  0.118080 0.812926
0  3.386925 -4.659120 23.226391  0.565079 -0.761590 0.317281  0.118653 0.826756
0  2.921445 -6.557985 20.163059  0.356663 -0.780982 0.512698  0.112498 0.813209
no_material
0  4.274010 -3.847050 23.223196  0.708332 -0.629988 0.318402  0.123913 0.826560
0  3.386925 -4.659120 23.226391  0.565079 -0.761590 0.317281  0.118653 0.826756
0  4.216185 -5.801265 20.158199  0.508269 -0.691258 0.513639  0.118080 0.812926
no_material
0  5.327640 -4.795965 20.156309  0.637697 -0.572673 0.515159  0.123628 0.812764
0  4.274010 -3.847050 23.223196  0.708332 -0.629988 0.318402  0.123913 0.826560
0  4.216185 -5.801265 20.158199  0.508269 -0.691258 0.513639  0.118080 0.812926
no_material
0  4.976595 -2.872440 23.221844  0.821930 -0.471398 0.319712  0.129162 0.826461
0  4.274010 -3.847050 23.223196  0.708332 -0.629988 0.318402  0.123913 0.826560
0  5.327640 -4.795965 20.156309  0.637697 -0.572673 0.515159  0.123628 0.812764
no_material
0  6.209235 -3.584160 20.157120  0.740670 -0.429295 0.516831  0.129145 0.812714
0  4.976595 -2.872440 23.221844  0.821930 -0.471398 0.319712  0.129162 0.826461
0  5.327640 -4.795965 20.156309  0.637697 -0.572673 0.515159  0.123628 0.812764
no_material
0  5.464980 -1.775070 23.221802  0.900899 -0.291981 0.321136  0.134399 0.826451
0  4.976595 -2.872440 23.221844  0.821930 -0.471398 0.319712  0.129162 0.826461
0  6.209235 -3.584160 20.157120  0.740670 -0.429295 0.516831  0.129145 0.812714
no_material
0  6.821145 -2.215665 20.158875  0.812644 -0.266824 0.518087  0.134630 0.812768
0  5.464980 -1.775070 23.221802  0.900899 -0.291981 0.321136  0.134399 0.826451
0  6.209235 -3.584160 20.157120  0.740670 -0.429295 0.516831  0.129145 0.812714
no_material
0  5.716125 -0.600120 23.222385  0.941404 -0.099306 0.322329  0.139623 0.826527
0  5.464980 -1.775070 23.221802  0.900899 -0.291981 0.321136  0.134399 0.826451
0  6.821145 -2.215665 20.158875  0.812644 -0.266824 0.518087  0.134630 0.812768
no_material
0  7.136685 -0.749430 20.161440  0.849681 -0.092201 0.519173  0.140082 0.812917
0  5.716125 -0.600120 23.222385  0.941404 -0.099306 0.322329  0.139623 0.826527
0  6.821145 -2.215665 20.158875  0.812644 -0.266824 0.518087  0.134630 0.812768
no_material
0  5.717160 0.600030 23.222879  0.941189 0.098217 0.323292  0.144823 0.826682
0  5.716125 -0.600120 23.222385  0.941404 -0.099306 0.322329  0.139623 0.826527
0  7.136685 -0.749430 20.161440  0.849681 -0.092201 0.519173  0.140082 0.812917
no_material
0  7.140105 0.749205 20.163645  0.849873 0.087031 0.519752  0.145493 0.813155
0  5.717160 0.600030 23.222879  0.941189 0.098217 0.323292  0.144823 0.826682
0  7.136685 -0.749430 20.161440  0.849681 -0.092201 0.519173  0.140082 0.812917
no_material
0  5.469705 1.776240 23.223782  0.900176 0.290995 0.324045  0.150010 0.826912
0  5.717160 0.600030 23.222879  0.941189 0.098217 0.323292  0.144823 0.826682
0  7.140105 0.749205 20.163645  0.849873 0.087031 0.519752  0.145493 0.813155
no_material
0  6.830955 2.218230 20.165535  0.813083 0.262389 0.519661  0.150870 0.813478
0  5.469705 1.776240 23.223782  0.900176 0.290995 0.324045  0.150010 0.826912
0  7.140105 0.749205 20.163645  0.849873 0.087031 0.519752  0.145493 0.813155
no_material
0  4.983840 2.876265 23.225040  0.820267 0.471028 0.324493  0.155178 0.827208
0  5.469705 1.776240 23.223782  0.900176 0.290995 0.324045  0.150010 0.826912
0  6.830955 2.218230 20.165535  0.813083 0.262389 0.519661  0.150870 0.813478
no_material
0  6.222240 3.591180 20.166840  0.740919 0.426177 0.519050  0.156202 0.813878
0  4.983840 2.876265 23.225040  0.820267 0.471028 0.324493  0.155178 0.827208
0  6.830955 2.218230 20.165535  0.813083 0.262389 0.519661  0.150870 0.813478
no_material
0  4.159755 2.400615 27.358200  0.857394 0.493521 0.145987  0.153906 0.846802
0  4.569660 1.483920 27.358290  0.940786 0.306198 0.145482  0.149023 0.846581
0  5.469705 1.776240 23.223782  0.900176 0.290995 0.324045  0.150010 0.826912
no_material
0  4.983840 2.876265 23.225040  0.820267 0.471028 0.324493  0.155178 0.827208
0  4.159755 2.400615 27.358200  0.857394 0.493521 0.145987  0.153906 0.846802
0  5.469705 1.776240 23.223782  0.900176 0.290995 0.324045  0.150010 0.826912
no_material
0  3.570705 3.213495 27.358379  0.738144 0.658629 0.146119  0.158762 0.847080
0  4.159755 2.400615 27.358200  0.857394 0.493521 0.145987  0.153906 0.846802
0  4.983840 2.876265 23.225040  0.820267 0.471028 0.324493  0.155178 0.827208
no_material
0  4.280040 3.852405 23.226616  0.705273 0.630291 0.324536  0.160311 0.827682
0  3.570705 3.213495 27.358379  0.738144 0.658629 0.146119  0.158762 0.847080
0  4.983840 2.876265 23.225040  0.820267 0.471028 0.324493  0.155178 0.827208
no_material
0  2.828655 3.890340 27.359146  0.588587 0.795170 0.145844  0.163582 0.847459
0  3.570705 3.213495 27.358379  0.738144 0.658629 0.146119  0.158762 0.847080
0  4.280040 3.852405 23.226616  0.705273 0.630291 0.324536  0.160311 0.827682
no_material
0  3.388500 4.661865 23.228279  0.561144 0.761635 0.324082  0.165444 0.828118
0  2.828655 3.890340 27.359146  0.588587 0.795170 0.145844  0.163582 0.847459
0  4.280040 3.852405 23.226616  0.705273 0.630291 0.324536  0.160311 0.827682
no_material
0  1.963665 4.404285 27.360630  0.414197 0.898480 0.145513  0.168367 0.847894
0  2.828655 3.890340 27.359146  0.588587 0.795170 0.145844  0.163582 0.847459
0  3.388500 4.661865 23.228279  0.561144 0.761635 0.324082  0.165444 0.828118
no_material
0  2.349360 5.272695 23.231430  0.393742 0.860420 0.323489  0.170550 0.828743
0  1.963665 4.404285 27.360630  0.414197 0.898480 0.145513  0.168367 0.847894
0  3.388500 4.661865 23.228279  0.561144 0.761635 0.324082  0.165444 0.828118
no_material
0  1.008855 4.731570 27.362566  0.218532 0.964969 0.145187  0.173114 0.848391
0  1.963665 4.404285 27.360630  0.414197 0.898480 0.145513  0.168367 0.847894
0  2.349360 5.272695 23.231430  0.393742 0.860420 0.323489  0.170550 0.828743
no_material
0  1.204695 5.658075 23.235615  0.206838 0.923497 0.323064  0.175637 0.829465
0  1.008855 4.731570 27.362566  0.218532 0.964969 0.145187  0.173114 0.848391
0  2.349360 5.272695 23.231430  0.393742 0.860420 0.323489  0.170550 0.828743
no_material
0  0.002295 4.850775 27.364140  0.006736 0.989393 0.145109  0.177815 0.848950
0  1.008855 4.731570 27.362566  0.218532 0.964969 0.145187  0.173114 0.848391
0  1.204695 5.658075 23.235615  0.206838 0.923497 0.323064  0.175637 0.829465
no_material
0  0.001620 5.795055 23.239126  0.005551 0.946483 0.322707  0.180714 0.830218
0  0.002295 4.850775 27.364140  0.006736 0.989393 0.145109  0.177815 0.848950
0  1.204695 5.658075 23.235615  0.206838 0.923497 0.323064  0.175637 0.829465
no_material
0  -1.007820 4.745610 27.364185  -0.205954 0.967736 0.145156  0.182446 0.849575
0  0.002295 4.850775 27.364140  0.006736 0.989393 0.145109  0.177815 0.848950
0  0.001620 5.795055 23.239126  0.005551 0.946483 0.322707  0.180714 0.830218
no_material
0  -1.204425 5.671080 23.240025  -0.196409 0.925912 0.322662  0.185727 0.831183
0  -1.007820 4.745610 27.364185  -0.205954 0.967736 0.145156  0.182446 0.849575
0  0.001620 5.795055 23.239126  0.005551 0.946483 0.322707  0.180714 0.830218
no_material
0  -1.971045 4.429260 27.363781  -0.403578 0.903334 0.145298  0.186998 0.850238
0  -1.007820 4.745610 27.364185  -0.205954 0.967736 0.145156  0.182446 0.849575
0  -1.204425 5.671080 23.240025  -0.196409 0.925912 0.322662  0.185727 0.831183
no_material
0  -2.356875 5.295915 23.239981  -0.384825 0.864608 0.323051  0.190676 0.832215
0  -1.971045 4.429260 27.363781  -0.403578 0.903334 0.145298  0.186998 0.850238
0  -1.204425 5.671080 23.240025  -0.196409 0.925912 0.322662  0.185727 0.831183
no_material
0  -2.847780 3.922065 27.363602  -0.580239 0.801323 0.145613  0.191442 0.850974
0  -1.971045 4.429260 27.363781  -0.403578 0.903334 0.145298  0.186998 0.850238
0  -2.356875 5.295915 23.239981  -0.384825 0.864608 0.323051  0.190676 0.832215
no_material
0  -3.406770 4.691340 23.240520  -0.554178 0.766964 0.323500  0.195527 0.833396
0  -2.847780 3.922065 27.363602  -0.580239 0.801323 0.145613  0.191442 0.850974
0  -2.356875 5.295915 23.239981  -0.384825 0.864608 0.323051  0.190676 0.832215
no_material
0  4.280040 3.852405 23.226616  0.705273 0.630291 0.324536  0.160311 0.827682
0  4.983840 2.876265 23.225040  0.820267 0.471028 0.324493  0.155178 0.827208
0  6.222240 3.591180 20.166840  0.740919 0.426177 0.519050  0.156202 0.813878
no_material
0  5.341050 4.807620 20.167965  0.636963 0.570603 0.518353  0.161548 0.814267
0  4.280040 3.852405 23.226616  0.705273 0.630291 0.324536  0.160311 0.827682
0  6.222240 3.591180 20.166840  0.740919 0.426177 0.519050  0.156202 0.813878
no_material
0  3.388500 4.661865 23.228279  0.561144 0.761635 0.324082  0.165444 0.828118
0  4.280040 3.852405 23.226616  0.705273 0.630291 0.324536  0.160311 0.827682
0  5.341050 4.807620 20.167965  0.636963 0.570603 0.518353  0.161548 0.814267
no_material
0  4.226670 5.815575 20.170080  0.506219 0.689501 0.518006  0.166895 0.814836
0  3.388500 4.661865 23.228279  0.561144 0.761635 0.324082  0.165444 0.828118
0  5.341050 4.807620 20.167965  0.636963 0.570603 0.518353  0.161548 0.814267
no_material
0  2.349360 5.272695 23.231430  0.393742 0.860420 0.323489  0.170550 0.828743
0  3.388500 4.661865 23.228279  0.561144 0.761635 0.324082  0.165444 0.828118
0  4.226670 5.815575 20.170080  0.506219 0.689501 0.518006  0.166895 0.814836
no_material
0  2.927835 6.572340 20.173904  0.353905 0.778870 0.517796  0.172258 0.815420
0  2.349360 5.272695 23.231430  0.393742 0.860420 0.323489  0.170550 0.828743
0  4.226670 5.815575 20.170080  0.506219 0.689501 0.518006  0.166895 0.814836
no_material
0  1.204695 5.658075 23.235615  0.206838 0.923497 0.323064  0.175637 0.829465
0  2.349360 5.272695 23.231430  0.393742 0.860420 0.323489  0.170550 0.828743
0  2.927835 6.572340 20.173904  0.353905 0.778870 0.517796  0.172258 0.815420
no_material
0  1.499715 7.046280 20.179846  0.185287 0.835338 0.517570  0.177679 0.816135
0  1.204695 5.658075 23.235615  0.206838 0.923497 0.323064  0.175637 0.829465
0  2.927835 6.572340 20.173904  0.353905 0.778870 0.517796  0.172258 0.815420
no_material
0  0.001620 5.795055 23.239126  0.005551 0.946483 0.322707  0.180714 0.830218
0  1.204695 5.658075 23.235615  0.206838 0.923497 0.323064  0.175637 0.829465
0  1.499715 7.046280 20.179846  0.185287 0.835338 0.517570  0.177679 0.816135
no_material
0  0.001620 7.213185 20.185650  0.004057 0.855725 0.517415  0.183086 0.817067
0  0.001620 5.795055 23.239126  0.005551 0.946483 0.322707  0.180714 0.830218
0  1.499715 7.046280 20.179846  0.185287 0.835338 0.517570  0.177679 0.816135
no_material
0  -1.204425 5.671080 23.240025  -0.196409 0.925912 0.322662  0.185727 0.831183
0  0.001620 5.795055 23.239126  0.005551 0.946483 0.322707  0.180714 0.830218
0  0.001620 7.213185 20.185650  0.004057 0.855725 0.517415  0.183086 0.817067
no_material
0  -1.498950 7.056675 20.186056  -0.177573 0.837348 0.517027  0.188506 0.818073
0  -1.204425 5.671080 23.240025  -0.196409 0.925912 0.322662  0.185727 0.831183
0  0.001620 7.213185 20.185650  0.004057 0.855725 0.517415  0.183086 0.817067
no_material
0  -2.356875 5.295915 23.239981  -0.384825 0.864608 0.323051  0.190676 0.832215
0  -1.204425 5.671080 23.240025  -0.196409 0.925912 0.322662  0.185727 0.831183
0  -1.498950 7.056675 20.186056  -0.177573 0.837348 0.517027  0.188506 0.818073
no_material
0  -2.933235 6.591240 20.186146  -0.347390 0.782428 0.516843  0.193886 0.819325
0  -2.356875 5.295915 23.239981  -0.384825 0.864608 0.323051  0.190676 0.832215
0  -1.498950 7.056675 20.186056  -0.177573 0.837348 0.517027  0.188506 0.818073
no_material
0  -3.406770 4.691340 23.240520  -0.554178 0.766964 0.323500  0.195527 0.833396
0  -2.356875 5.295915 23.239981  -0.384825 0.864608 0.323051  0.190676 0.832215
0  -2.933235 6.591240 20.186146  -0.347390 0.782428 0.516843  0.193886 0.819325
no_material
0  -4.241025 5.839875 20.187765  -0.501320 0.694017 0.516738  0.199206 0.820759
0  -3.406770 4.691340 23.240520  -0.554178 0.766964 0.323500  0.195527 0.833396
0  -2.933235 6.591240 20.186146  -0.347390 0.782428 0.516843  0.193886 0.819325
no_material
0  -4.310685 3.883545 23.242094  -0.700376 0.636088 0.323828  0.200283 0.834736
0  -3.406770 4.691340 23.240520  -0.554178 0.766964 0.323500  0.195527 0.833396
0  -4.241025 5.839875 20.187765  -0.501320 0.694017 0.516738  0.199206 0.820759
no_material
0  -5.365800 4.833585 20.190510  -0.633863 0.575535 0.516698  0.204466 0.822403
0  -4.310685 3.883545 23.242094  -0.700376 0.636088 0.323828  0.200283 0.834736
0  -4.241025 5.839875 20.187765  -0.501320 0.694017 0.516738  0.199206 0.820759
no_material
0  -3.603105 3.247065 27.364006  -0.732147 0.665356 0.145815  0.195713 0.851790
0  -2.847780 3.922065 27.363602  -0.580239 0.801323 0.145613  0.191442 0.850974
0  -3.406770 4.691340 23.240520  -0.554178 0.766964 0.323500  0.195527 0.833396
no_material
0  -4.310685 3.883545 23.242094  -0.700376 0.636088 0.323828  0.200283 0.834736
0  -3.603105 3.247065 27.364006  -0.732147 0.665356 0.145815  0.195713 0.851790
0  -3.406770 4.691340 23.240520  -0.554178 0.766964 0.323500  0.195527 0.833396
no_material
0  -4.205025 2.430765 27.364771  -0.854004 0.499444 0.145713  0.199833 0.852670
0  -3.603105 3.247065 27.364006  -0.732147 0.665356 0.145815  0.195713 0.851790
0  -4.310685 3.883545 23.242094  -0.700376 0.636088 0.323828  0.200283 0.834736
no_material
0  -5.026995 2.904120 23.243265  -0.817439 0.476477 0.323671  0.204906 0.836254
0  -4.205025 2.430765 27.364771  -0.854004 0.499444 0.145713  0.199833 0.852670
0  -4.310685 3.883545 23.242094  -0.700376 0.636088 0.323828  0.200283 0.834736
no_material
0  -5.026995 2.904120 23.243265  -0.817439 0.476477 0.323671  0.204906 0.836254
0  -4.310685 3.883545 23.242094  -0.700376 0.636088 0.323828  0.200283 0.834736
0  -5.365800 4.833585 20.190510  -0.633863 0.575535 0.516698  0.204466 0.822403
no_material
0  -6.257385 3.614715 20.193525  -0.739649 0.430845 0.517002  0.209652 0.824289
0  -5.026995 2.904120 23.243265  -0.817439 0.476477 0.323671  0.204906 0.836254
0  -5.365800 4.833585 20.190510  -0.633863 0.575535 0.516698  0.204466 0.822403
no_material
0  -4.360590 2.519820 34.837246  -0.852219 0.495316 -0.168476  0.197527 0.882965
0  -3.742245 3.371175 34.837154  -0.731669 0.660562 -0.168283  0.193287 0.883104
0  -3.486690 3.142305 31.024935  -0.741215 0.670779 -0.025611  0.193554 0.867161
no_material
0  -4.067640 2.351520 31.025026  -0.863280 0.504121 -0.024700  0.197614 0.867475
0  -4.360590 2.519820 34.837246  -0.852219 0.495316 -0.168476  0.197527 0.882965
0  -3.486690 3.142305 31.024935  -0.741215 0.670779 -0.025611  0.193554 0.867161
no_material
0  -4.792050 1.559250 34.836704  -0.936741 0.307003 -0.168122  0.201672 0.882739
0  -4.360590 2.519820 34.837246  -0.852219 0.495316 -0.168476  0.197527 0.882965
0  -4.067640 2.351520 31.025026  -0.863280 0.504121 -0.024700  0.197614 0.867475
no_material
0  -4.472865 1.456290 31.025026  -0.949204 0.313733 -0.024152  0.201532 0.867771
0  -4.792050 1.559250 34.836704  -0.936741 0.307003 -0.168122  0.201672 0.882739
0  -4.067640 2.351520 31.025026  -0.863280 0.504121 -0.024700  0.197614 0.867475
no_material
0  -4.472865 1.456290 31.025026  -0.949204 0.313733 -0.024152  0.201532 0.867771
0  -4.067640 2.351520 31.025026  -0.863280 0.504121 -0.024700  0.197614 0.867475
0  -4.205025 2.430765 27.364771  -0.854004 0.499444 0.145713  0.199833 0.852670
no_material
0  -4.625325 1.505655 27.365490  -0.939425 0.310415 0.145339  0.203777 0.853613
0  -4.472865 1.456290 31.025026  -0.949204 0.313733 -0.024152  0.201532 0.867771
0  -4.205025 2.430765 27.364771  -0.854004 0.499444 0.145713  0.199833 0.852670
no_material
0  -4.625325 1.505655 27.365490  -0.939425 0.310415 0.145339  0.203777 0.853613
0  -4.205025 2.430765 27.364771  -0.854004 0.499444 0.145713  0.199833 0.852670
0  -5.026995 2.904120 23.243265  -0.817439 0.476477 0.323671  0.204906 0.836254
no_material
0  -5.523075 1.796175 23.243986  -0.899094 0.295083 0.323351  0.209363 0.837961
0  -4.625325 1.505655 27.365490  -0.939425 0.310415 0.145339  0.203777 0.853613
0  -5.026995 2.904120 23.243265  -0.817439 0.476477 0.323671  0.204906 0.836254
no_material
0  -5.523075 1.796175 23.243986  -0.899094 0.295083 0.323351  0.209363 0.837961
0  -5.026995 2.904120 23.243265  -0.817439 0.476477 0.323671  0.204906 0.836254
0  -6.257385 3.614715 20.193525  -0.739649 0.430845 0.517002  0.209652 0.824289
no_material
0  -6.875280 2.235690 20.195910  -0.813391 0.266122 0.517275  0.214742 0.826462
0  -5.523075 1.796175 23.243986  -0.899094 0.295083 0.323351  0.209363 0.837961
0  -6.257385 3.614715 20.193525  -0.739649 0.430845 0.517002  0.209652 0.824289
no_material
0  -5.155245 2.974905 38.563156  -0.788701 0.457287 -0.410900  0.198746 0.897851
0  -4.419765 3.978585 38.565674  -0.675762 0.612134 -0.410656  0.194094 0.898142
0  -3.742245 3.371175 34.837154  -0.731669 0.660562 -0.168283  0.193287 0.883104
no_material
0  -4.360590 2.519820 34.837246  -0.852219 0.495316 -0.168476  0.197527 0.882965
0  -5.155245 2.974905 38.563156  -0.788701 0.457287 -0.410900  0.198746 0.897851
0  -3.742245 3.371175 34.837154  -0.731669 0.660562 -0.168283  0.193287 0.883104
no_material
0  -5.663070 1.838070 38.562927  -0.867610 0.281647 -0.409790  0.203410 0.897406
0  -5.155245 2.974905 38.563156  -0.788701 0.457287 -0.410900  0.198746 0.897851
0  -4.360590 2.519820 34.837246  -0.852219 0.495316 -0.168476  0.197527 0.882965
no_material
0  -4.792050 1.559250 34.836704  -0.936741 0.307003 -0.168122  0.201672 0.882739
0  -5.663070 1.838070 38.562927  -0.867610 0.281647 -0.409790  0.203410 0.897406
0  -4.360590 2.519820 34.837246  -0.852219 0.495316 -0.168476  0.197527 0.882965
no_material
0  -5.920740 0.620190 38.564102  -0.908131 0.092650 -0.408306  0.208083 0.896758
0  -5.663070 1.838070 38.562927  -0.867610 0.281647 -0.409790  0.203410 0.897406
0  -4.792050 1.559250 34.836704  -0.936741 0.307003 -0.168122  0.201672 0.882739
no_material
0  -5.013045 0.528840 34.836704  -0.980570 0.102406 -0.167321  0.205703 0.882410
0  -5.920740 0.620190 38.564102  -0.908131 0.092650 -0.408306  0.208083 0.896758
0  -4.792050 1.559250 34.836704  -0.936741 0.307003 -0.168122  0.201672 0.882739
no_material
0  -5.013045 0.528840 34.836704  -0.980570 0.102406 -0.167321  0.205703 0.882410
0  -4.792050 1.559250 34.836704  -0.936741 0.307003 -0.168122  0.201672 0.882739
0  -4.472865 1.456290 31.025026  -0.949204 0.313733 -0.024152  0.201532 0.867771
no_material
0  -4.682520 0.494820 31.025026  -0.994016 0.106719 -0.023325  0.205253 0.868044
0  -5.013045 0.528840 34.836704  -0.980570 0.102406 -0.167321  0.205703 0.882410
0  -4.472865 1.456290 31.025026  -0.949204 0.313733 -0.024152  0.201532 0.867771
no_material
0  -4.682520 0.494820 31.025026  -0.994016 0.106719 -0.023325  0.205253 0.868044
0  -4.472865 1.456290 31.025026  -0.949204 0.313733 -0.024152  0.201532 0.867771
0  -4.625325 1.505655 27.365490  -0.939425 0.310415 0.145339  0.203777 0.853613
no_material
0  -4.842900 0.511605 27.366028  -0.983748 0.106156 0.144810  0.207560 0.854634
0  -4.682520 0.494820 31.025026  -0.994016 0.106719 -0.023325  0.205253 0.868044
0  -4.625325 1.505655 27.365490  -0.939425 0.310415 0.145339  0.203777 0.853613
no_material
0  -4.842900 0.511605 27.366028  -0.983748 0.106156 0.144810  0.207560 0.854634
0  -4.625325 1.505655 27.365490  -0.939425 0.310415 0.145339  0.203777 0.853613
0  -5.523075 1.796175 23.243986  -0.899094 0.295083 0.323351  0.209363 0.837961
no_material
0  -5.776605 0.608670 23.244211  -0.941202 0.099653 0.322814  0.213575 0.839873
0  -4.842900 0.511605 27.366028  -0.983748 0.106156 0.144810  0.207560 0.854634
0  -5.523075 1.796175 23.243986  -0.899094 0.295083 0.323351  0.209363 0.837961
no_material
0  -5.776605 0.608670 23.244211  -0.941202 0.099653 0.322814  0.213575 0.839873
0  -5.523075 1.796175 23.243986  -0.899094 0.295083 0.323351  0.209363 0.837961
0  -6.875280 2.235690 20.195910  -0.813391 0.266122 0.517275  0.214742 0.826462
no_material
0  -7.190910 0.757350 20.196585  -0.851242 0.088733 0.517217  0.219740 0.829015
0  -5.776605 0.608670 23.244211  -0.941202 0.099653 0.322814  0.213575 0.839873
0  -6.875280 2.235690 20.195910  -0.813391 0.266122 0.517275  0.214742 0.826462
no_material
0  2.737080 3.763350 31.026016  0.597110 0.801727 -0.026332  0.162446 0.865080
0  3.453390 3.107250 31.026466  0.747311 0.663991 -0.025338  0.157798 0.864868
0  3.570705 3.213495 27.358379  0.738144 0.658629 0.146119  0.158762 0.847080
no_material
0  2.828655 3.890340 27.359146  0.588587 0.795170 0.145844  0.163582 0.847459
0  2.737080 3.763350 31.026016  0.597110 0.801727 -0.026332  0.162446 0.865080
0  3.570705 3.213495 27.358379  0.738144 0.658629 0.146119  0.158762 0.847080
no_material
0  1.900575 4.261320 31.025564  0.420692 0.906801 -0.027016  0.167067 0.865326
0  2.737080 3.763350 31.026016  0.597110 0.801727 -0.026332  0.162446 0.865080
0  2.828655 3.890340 27.359146  0.588587 0.795170 0.145844  0.163582 0.847459
no_material
0  1.963665 4.404285 27.360630  0.414197 0.898480 0.145513  0.168367 0.847894
0  1.900575 4.261320 31.025564  0.420692 0.906801 -0.027016  0.167067 0.865326
0  2.828655 3.890340 27.359146  0.588587 0.795170 0.145844  0.163582 0.847459
no_material
0  0.976770 4.578390 31.025068  0.222212 0.974614 -0.027361  0.171658 0.865602
0  1.900575 4.261320 31.025564  0.420692 0.906801 -0.027016  0.167067 0.865326
0  1.963665 4.404285 27.360630  0.414197 0.898480 0.145513  0.168367 0.847894
no_material
0  1.008855 4.731570 27.362566  0.218532 0.964969 0.145187  0.173114 0.848391
0  0.976770 4.578390 31.025068  0.222212 0.974614 -0.027361  0.171658 0.865602
0  1.963665 4.404285 27.360630  0.414197 0.898480 0.145513  0.168367 0.847894
no_material
0  0.002655 4.693365 31.024710  0.007409 0.999589 -0.027690  0.176213 0.865905
0  0.976770 4.578390 31.025068  0.222212 0.974614 -0.027361  0.171658 0.865602
0  1.008855 4.731570 27.362566  0.218532 0.964969 0.145187  0.173114 0.848391
no_material
0  0.002295 4.850775 27.364140  0.006736 0.989393 0.145109  0.177815 0.848950
0  0.002655 4.693365 31.024710  0.007409 0.999589 -0.027690  0.176213 0.865905
0  1.008855 4.731570 27.362566  0.218532 0.964969 0.145187  0.173114 0.848391
no_material
0  -0.974925 4.593150 31.024574  -0.208293 0.977673 -0.027748  0.180694 0.866203
0  0.002655 4.693365 31.024710  0.007409 0.999589 -0.027690  0.176213 0.865905
0  0.002295 4.850775 27.364140  0.006736 0.989393 0.145109  0.177815 0.848950
no_material
0  -1.007820 4.745610 27.364185  -0.205954 0.967736 0.145156  0.182446 0.849575
0  -0.974925 4.593150 31.024574  -0.208293 0.977673 -0.027748  0.180694 0.866203
0  0.002295 4.850775 27.364140  0.006736 0.989393 0.145109  0.177815 0.848950
no_material
0  -1.907730 4.287735 31.024620  -0.409031 0.912113 -0.027253  0.185084 0.866516
0  -0.974925 4.593150 31.024574  -0.208293 0.977673 -0.027748  0.180694 0.866203
0  -1.007820 4.745610 27.364185  -0.205954 0.967736 0.145156  0.182446 0.849575
no_material
0  -1.971045 4.429260 27.363781  -0.403578 0.903334 0.145298  0.186998 0.850238
0  -1.907730 4.287735 31.024620  -0.409031 0.912113 -0.027253  0.185084 0.866516
0  -1.007820 4.745610 27.364185  -0.205954 0.967736 0.145156  0.182446 0.849575
no_material
0  -2.756565 3.796740 31.024664  -0.588131 0.808328 -0.026580  0.189367 0.866839
0  -1.907730 4.287735 31.024620  -0.409031 0.912113 -0.027253  0.185084 0.866516
0  -1.971045 4.429260 27.363781  -0.403578 0.903334 0.145298  0.186998 0.850238
no_material
0  -2.847780 3.922065 27.363602  -0.580239 0.801323 0.145613  0.191442 0.850974
0  -2.756565 3.796740 31.024664  -0.588131 0.808328 -0.026580  0.189367 0.866839
0  -1.971045 4.429260 27.363781  -0.403578 0.903334 0.145298  0.186998 0.850238
no_material
0  -3.486690 3.142305 31.024935  -0.741215 0.670779 -0.025611  0.193554 0.867161
0  -2.756565 3.796740 31.024664  -0.588131 0.808328 -0.026580  0.189367 0.866839
0  -2.847780 3.922065 27.363602  -0.580239 0.801323 0.145613  0.191442 0.850974
no_material
0  -3.603105 3.247065 27.364006  -0.732147 0.665356 0.145815  0.195713 0.851790
0  -3.486690 3.142305 31.024935  -0.741215 0.670779 -0.025611  0.193554 0.867161
0  -2.847780 3.922065 27.363602  -0.580239 0.801323 0.145613  0.191442 0.850974
no_material
0  -4.067640 2.351520 31.025026  -0.863280 0.504121 -0.024700  0.197614 0.867475
0  -3.486690 3.142305 31.024935  -0.741215 0.670779 -0.025611  0.193554 0.867161
0  -3.603105 3.247065 27.364006  -0.732147 0.665356 0.145815  0.195713 0.851790
no_material
0  -4.205025 2.430765 27.364771  -0.854004 0.499444 0.145713  0.199833 0.852670
0  -4.067640 2.351520 31.025026  -0.863280 0.504121 -0.024700  0.197614 0.867475
0  -3.603105 3.247065 27.364006  -0.732147 0.665356 0.145815  0.195713 0.851790
no_material
0  3.708675 3.336570 34.844357  0.736544 0.654331 -0.171327  0.157301 0.882637
0  4.314600 2.489445 34.845390  0.855036 0.489411 -0.171434  0.152707 0.882587
0  4.021200 2.320200 31.026735  0.866802 0.498051 -0.024505  0.153122 0.864688
no_material
0  3.453390 3.107250 31.026466  0.747311 0.663991 -0.025338  0.157798 0.864868
0  3.708675 3.336570 34.844357  0.736544 0.654331 -0.171327  0.157301 0.882637
0  4.021200 2.320200 31.026735  0.866802 0.498051 -0.024505  0.153122 0.864688
no_material
0  2.942685 4.045365 34.842285  0.587017 0.791497 -0.170130  0.161882 0.882710
0  3.708675 3.336570 34.844357  0.736544 0.654331 -0.171327  0.157301 0.882637
0  3.453390 3.107250 31.026466  0.747311 0.663991 -0.025338  0.157798 0.864868
no_material
0  2.737080 3.763350 31.026016  0.597110 0.801727 -0.026332  0.162446 0.865080
0  2.942685 4.045365 34.842285  0.587017 0.791497 -0.170130  0.161882 0.882710
0  3.453390 3.107250 31.026466  0.747311 0.663991 -0.025338  0.157798 0.864868
no_material
0  2.045430 4.584735 34.839405  0.411472 0.895771 -0.168180  0.166453 0.882795
0  2.942685 4.045365 34.842285  0.587017 0.791497 -0.170130  0.161882 0.882710
0  2.737080 3.763350 31.026016  0.597110 0.801727 -0.026332  0.162446 0.865080
no_material
0  1.900575 4.261320 31.025564  0.420692 0.906801 -0.027016  0.167067 0.865326
0  2.045430 4.584735 34.839405  0.411472 0.895771 -0.168180  0.166453 0.882795
0  2.737080 3.763350 31.026016  0.597110 0.801727 -0.026332  0.162446 0.865080
no_material
0  1.051515 4.927860 34.835716  0.215478 0.962290 -0.166033  0.171012 0.882880
0  2.045430 4.584735 34.839405  0.411472 0.895771 -0.168180  0.166453 0.882795
0  1.900575 4.261320 31.025564  0.420692 0.906801 -0.027016  0.167067 0.865326
no_material
0  0.976770 4.578390 31.025068  0.222212 0.974614 -0.027361  0.171658 0.865602
0  1.051515 4.927860 34.835716  0.215478 0.962290 -0.166033  0.171012 0.882880
0  1.900575 4.261320 31.025564  0.420692 0.906801 -0.027016  0.167067 0.865326
no_material
0  0.002970 5.051340 34.833107  0.005915 0.986309 -0.164802  0.175552 0.882958
0  1.051515 4.927860 34.835716  0.215478 0.962290 -0.166033  0.171012 0.882880
0  0.976770 4.578390 31.025068  0.222212 0.974614 -0.027361  0.171658 0.865602
no_material
0  0.002655 4.693365 31.024710  0.007409 0.999589 -0.027690  0.176213 0.865905
0  0.002970 5.051340 34.833107  0.005915 0.986309 -0.164802  0.175552 0.882958
0  0.976770 4.578390 31.025068  0.222212 0.974614 -0.027361  0.171658 0.865602
no_material
0  -1.049175 4.943340 34.833195  -0.204287 0.964929 -0.164858  0.180066 0.883031
0  0.002970 5.051340 34.833107  0.005915 0.986309 -0.164802  0.175552 0.882958
0  0.002655 4.693365 31.024710  0.007409 0.999589 -0.027690  0.176213 0.865905
no_material
0  -0.974925 4.593150 31.024574  -0.208293 0.977673 -0.027748  0.180694 0.866203
0  -1.049175 4.943340 34.833195  -0.204287 0.964929 -0.164858  0.180066 0.883031
0  0.002655 4.693365 31.024710  0.007409 0.999589 -0.027690  0.176213 0.865905
no_material
0  -2.052630 4.612185 34.834995  -0.402153 0.900399 -0.165995  0.184538 0.883112
0  -1.049175 4.943340 34.833195  -0.204287 0.964929 -0.164858  0.180066 0.883031
0  -0.974925 4.593150 31.024574  -0.208293 0.977673 -0.027748  0.180694 0.866203
no_material
0  -1.907730 4.287735 31.024620  -0.409031 0.912113 -0.027253  0.185084 0.866516
0  -2.052630 4.612185 34.834995  -0.402153 0.900399 -0.165995  0.184538 0.883112
0  -0.974925 4.593150 31.024574  -0.208293 0.977673 -0.027748  0.180694 0.866203
no_material
0  -2.962710 4.079205 34.836346  -0.579997 0.797256 -0.167295  0.188947 0.883139
0  -2.052630 4.612185 34.834995  -0.402153 0.900399 -0.165995  0.184538 0.883112
0  -1.907730 4.287735 31.024620  -0.409031 0.912113 -0.027253  0.185084 0.866516
no_material
0  -2.756565 3.796740 31.024664  -0.588131 0.808328 -0.026580  0.189367 0.866839
0  -2.962710 4.079205 34.836346  -0.579997 0.797256 -0.167295  0.188947 0.883139
0  -1.907730 4.287735 31.024620  -0.409031 0.912113 -0.027253  0.185084 0.866516
no_material
0  -3.742245 3.371175 34.837154  -0.731669 0.660562 -0.168283  0.193287 0.883104
0  -2.962710 4.079205 34.836346  -0.579997 0.797256 -0.167295  0.188947 0.883139
0  -2.756565 3.796740 31.024664  -0.588131 0.808328 -0.026580  0.189367 0.866839
no_material
0  -3.486690 3.142305 31.024935  -0.741215 0.670779 -0.025611  0.193554 0.867161
0  -3.742245 3.371175 34.837154  -0.731669 0.660562 -0.168283  0.193287 0.883104
0  -2.756565 3.796740 31.024664  -0.588131 0.808328 -0.026580  0.189367 0.866839
no_material
0  4.400775 3.964230 38.574989  0.677392 0.605232 -0.418132  0.157130 0.898307
0  5.127075 2.961090 38.576027  0.788507 0.450364 -0.418843  0.152583 0.898238
0  4.314600 2.489445 34.845390  0.855036 0.489411 -0.171434  0.152707 0.882587
no_material
0  3.708675 3.336570 34.844357  0.736544 0.654331 -0.171327  0.157301 0.882637
0  4.400775 3.964230 38.574989  0.677392 0.605232 -0.418132  0.157130 0.898307
0  4.314600 2.489445 34.845390  0.855036 0.489411 -0.171434  0.152707 0.882587
no_material
0  3.479985 4.792320 38.575935  0.537111 0.734146 -0.415382  0.161700 0.898384
0  4.400775 3.964230 38.574989  0.677392 0.605232 -0.418132  0.157130 0.898307
0  3.708675 3.336570 34.844357  0.736544 0.654331 -0.171327  0.157301 0.882637
no_material
0  2.942685 4.045365 34.842285  0.587017 0.791497 -0.170130  0.161882 0.882710
0  3.479985 4.792320 38.575935  0.537111 0.734146 -0.415382  0.161700 0.898384
0  3.708675 3.336570 34.844357  0.736544 0.654331 -0.171327  0.157301 0.882637
no_material
0  2.406960 5.409810 38.577915  0.373249 0.831791 -0.410863  0.166290 0.898460
0  3.479985 4.792320 38.575935  0.537111 0.734146 -0.415382  0.161700 0.898384
0  2.942685 4.045365 34.842285  0.587017 0.791497 -0.170130  0.161882 0.882710
no_material
0  2.045430 4.584735 34.839405  0.411472 0.895771 -0.168180  0.166453 0.882795
0  2.406960 5.409810 38.577915  0.373249 0.831791 -0.410863  0.166290 0.898460
0  2.942685 4.045365 34.842285  0.587017 0.791497 -0.170130  0.161882 0.882710
no_material
0  1.229400 5.790690 38.580166  0.192884 0.893252 -0.406075  0.170897 0.898529
0  2.406960 5.409810 38.577915  0.373249 0.831791 -0.410863  0.166290 0.898460
0  2.045430 4.584735 34.839405  0.411472 0.895771 -0.168180  0.166453 0.882795
no_material
0  1.051515 4.927860 34.835716  0.215478 0.962290 -0.166033  0.171012 0.882880
0  1.229400 5.790690 38.580166  0.192884 0.893252 -0.406075  0.170897 0.898529
0  2.045430 4.584735 34.839405  0.411472 0.895771 -0.168180  0.166453 0.882795
no_material
0  -0.000945 5.921415 38.580524  0.002584 0.915116 -0.403183  0.175521 0.898578
0  1.229400 5.790690 38.580166  0.192884 0.893252 -0.406075  0.170897 0.898529
0  1.051515 4.927860 34.835716  0.215478 0.962290 -0.166033  0.171012 0.882880
no_material
0  0.002970 5.051340 34.833107  0.005915 0.986309 -0.164802  0.175552 0.882958
0  -0.000945 5.921415 38.580524  0.002584 0.915116 -0.403183  0.175521 0.898578
0  1.051515 4.927860 34.835716  0.215478 0.962290 -0.166033  0.171012 0.882880
no_material
0  -1.232370 5.795190 38.578815  -0.186755 0.895716 -0.403505  0.180169 0.898591
0  -0.000945 5.921415 38.580524  0.002584 0.915116 -0.403183  0.175521 0.898578
0  0.002970 5.051340 34.833107  0.005915 0.986309 -0.164802  0.175552 0.882958
no_material
0  -1.049175 4.943340 34.833195  -0.204287 0.964929 -0.164858  0.180066 0.883031
0  -1.232370 5.795190 38.578815  -0.186755 0.895716 -0.403505  0.180169 0.898591
0  0.002970 5.051340 34.833107  0.005915 0.986309 -0.164802  0.175552 0.882958
no_material
0  -2.413035 5.419260 38.574223  -0.368270 0.836351 -0.406070  0.184817 0.898501
0  -1.232370 5.795190 38.578815  -0.186755 0.895716 -0.403505  0.180169 0.898591
0  -1.049175 4.943340 34.833195  -0.204287 0.964929 -0.164858  0.180066 0.883031
no_material
0  -2.052630 4.612185 34.834995  -0.402153 0.900399 -0.165995  0.184538 0.883112
0  -2.413035 5.419260 38.574223  -0.368270 0.836351 -0.406070  0.184817 0.898501
0  -1.049175 4.943340 34.833195  -0.204287 0.964929 -0.164858  0.180066 0.883031
no_material
0  -3.491640 4.805100 38.569633  -0.533809 0.740185 -0.408870  0.189459 0.898358
0  -2.413035 5.419260 38.574223  -0.368270 0.836351 -0.406070  0.184817 0.898501
0  -2.052630 4.612185 34.834995  -0.402153 0.900399 -0.165995  0.184538 0.883112
no_material
0  -2.962710 4.079205 34.836346  -0.579997 0.797256 -0.167295  0.188947 0.883139
0  -3.491640 4.805100 38.569633  -0.533809 0.740185 -0.408870  0.189459 0.898358
0  -2.052630 4.612185 34.834995  -0.402153 0.900399 -0.165995  0.184538 0.883112
no_material
0  -4.419765 3.978585 38.565674  -0.675762 0.612134 -0.410656  0.194094 0.898142
0  -3.491640 4.805100 38.569633  -0.533809 0.740185 -0.408870  0.189459 0.898358
0  -2.962710 4.079205 34.836346  -0.579997 0.797256 -0.167295  0.188947 0.883139
no_material
0  -3.742245 3.371175 34.837154  -0.731669 0.660562 -0.168283  0.193287 0.883104
0  -4.419765 3.978585 38.565674  -0.675762 0.612134 -0.410656  0.194094 0.898142
0  -2.962710 4.079205 34.836346  -0.579997 0.797256 -0.167295  0.188947 0.883139
no_material
0  -5.443830 -7.492905 40.678921  -0.354593 -0.495537 -0.792910  0.054484 0.987847
0  -6.883245 -6.197265 40.676579  -0.448119 -0.408093 -0.795393  0.046089 0.987858
0  -5.305455 -4.776255 39.850876  -0.380159 -0.343131 -0.858918  0.047072 0.978205
no_material
0  -5.305455 -4.776255 39.850876  -0.380159 -0.343131 -0.858918  0.047072 0.978205
0  -6.883245 -6.197265 40.676579  -0.448119 -0.408093 -0.795393  0.046089 0.987858
0  -6.183180 -3.570300 39.849659  -0.441539 -0.259382 -0.858932  0.040878 0.976917
no_material
0  -6.883245 -6.197265 40.676579  -0.448119 -0.408093 -0.795393  0.046089 0.987858
0  -8.022555 -4.632030 40.674465  -0.523210 -0.304660 -0.795886  0.037895 0.986172
0  -6.183180 -3.570300 39.849659  -0.441539 -0.259382 -0.858932  0.040878 0.976917
no_material
0  -6.183180 -3.570300 39.849659  -0.441539 -0.259382 -0.858932  0.040878 0.976917
0  -8.022555 -4.632030 40.674465  -0.523210 -0.304660 -0.795886  0.037895 0.986172
0  -6.796035 -2.208060 39.842686  -0.488089 -0.159906 -0.858020  0.035100 0.974384
no_material
0  -8.022555 -4.632030 40.674465  -0.523210 -0.304660 -0.795886  0.037895 0.986172
0  -8.815681 -2.862405 40.665012  -0.578874 -0.184730 -0.794216  0.030309 0.982720
0  -6.796035 -2.208060 39.842686  -0.488089 -0.159906 -0.858020  0.035100 0.974384
no_material
0  -6.796035 -2.208060 39.842686  -0.488089 -0.159906 -0.858020  0.035100 0.974384
0  -8.815681 -2.862405 40.665012  -0.578874 -0.184730 -0.794216  0.030309 0.982720
0  -7.110945 -0.747360 39.840298  -0.516778 -0.053059 -0.854474  0.029970 0.970722
no_material
0  -1.482345 -6.976800 39.862171  -0.105020 -0.499047 -0.860188  0.065412 0.974140
0  -2.902995 -6.520905 39.855286  -0.205096 -0.469337 -0.858870  0.059644 0.976779
0  -2.409480 -5.409810 38.579578  -0.369631 -0.833879 -0.409902  0.057341 0.969984
no_material
0  -2.409480 -5.409810 38.579578  -0.369631 -0.833879 -0.409902  0.057341 0.969984
0  -2.902995 -6.520905 39.855286  -0.205096 -0.469337 -0.858870  0.059644 0.976779
0  -3.483360 -4.792770 38.578232  -0.534857 -0.738372 -0.410773  0.052609 0.971017
no_material
0  -2.902995 -6.520905 39.855286  -0.205096 -0.469337 -0.858870  0.059644 0.976779
0  -4.196970 -5.776290 39.850288  -0.299733 -0.415306 -0.858884  0.053434 0.978155
0  -3.483360 -4.792770 38.578232  -0.534857 -0.738372 -0.410773  0.052609 0.971017
no_material
0  -3.483360 -4.792770 38.578232  -0.534857 -0.738372 -0.410773  0.052609 0.971017
0  -4.196970 -5.776290 39.850288  -0.299733 -0.415306 -0.858884  0.053434 0.978155
0  -4.405680 -3.965625 38.577148  -0.675733 -0.612289 -0.410472  0.047766 0.971034
no_material
0  -4.196970 -5.776290 39.850288  -0.299733 -0.415306 -0.858884  0.053434 0.978155
0  -5.305455 -4.776255 39.850876  -0.380159 -0.343131 -0.858918  0.047072 0.978205
0  -4.405680 -3.965625 38.577148  -0.675733 -0.612289 -0.410472  0.047766 0.971034
no_material
0  -4.405680 -3.965625 38.577148  -0.675733 -0.612289 -0.410472  0.047766 0.971034
0  -5.305455 -4.776255 39.850876  -0.380159 -0.343131 -0.858918  0.047072 0.978205
0  -5.137785 -2.965455 38.574989  -0.787039 -0.461272 -0.409631  0.043038 0.970110
no_material
0  -5.305455 -4.776255 39.850876  -0.380159 -0.343131 -0.858918  0.047072 0.978205
0  -6.183180 -3.570300 39.849659  -0.441539 -0.259382 -0.858932  0.040878 0.976917
0  -5.137785 -2.965455 38.574989  -0.787039 -0.461272 -0.409631  0.043038 0.970110
no_material
0  -5.137785 -2.965455 38.574989  -0.787039 -0.461272 -0.409631  0.043038 0.970110
0  -6.183180 -3.570300 39.849659  -0.441539 -0.259382 -0.858932  0.040878 0.976917
0  -5.648580 -1.838115 38.571075  -0.865344 -0.289915 -0.408814  0.038612 0.968222
no_material
0  -6.183180 -3.570300 39.849659  -0.441539 -0.259382 -0.858932  0.040878 0.976917
0  -6.796035 -2.208060 39.842686  -0.488089 -0.159906 -0.858020  0.035100 0.974384
0  -5.648580 -1.838115 38.571075  -0.865344 -0.289915 -0.408814  0.038612 0.968222
no_material
0  -5.648580 -1.838115 38.571075  -0.865344 -0.289915 -0.408814  0.038612 0.968222
0  -6.796035 -2.208060 39.842686  -0.488089 -0.159906 -0.858020  0.035100 0.974384
0  -5.915655 -0.624555 38.566799  -0.907317 -0.101408 -0.408034  0.034668 0.965451
no_material
0  -6.796035 -2.208060 39.842686  -0.488089 -0.159906 -0.858020  0.035100 0.974384
0  -7.110945 -0.747360 39.840298  -0.516778 -0.053059 -0.854474  0.029970 0.970722
0  -5.915655 -0.624555 38.566799  -0.907317 -0.101408 -0.408034  0.034668 0.965451
no_material
0  -5.915655 -0.624555 38.566799  -0.907317 -0.101408 -0.408034  0.034668 0.965451
0  -7.110945 -0.747360 39.840298  -0.516778 -0.053059 -0.854474  0.029970 0.970722
0  -5.920740 0.620190 38.564102  -0.908131 0.092643 -0.408308  0.031396 0.961897
no_material
0  -8.663490 -5.001615 41.900398  -0.864365 -0.500735 -0.046239  0.035941 0.992209
0  -8.022555 -4.632030 40.674465  -0.523210 -0.304660 -0.795886  0.037895 0.986172
0  -7.424055 -6.684840 41.902290  -0.737596 -0.673755 -0.044788  0.045379 0.994229
no_material
0  -8.815681 -2.862405 40.665012  -0.578874 -0.184730 -0.794216  0.030309 0.982720
0  -8.022555 -4.632030 40.674465  -0.523210 -0.304660 -0.795886  0.037895 0.986172
0  -8.663490 -5.001615 41.900398  -0.864365 -0.500735 -0.046239  0.035941 0.992209
no_material
0  -9.503595 -3.086415 41.910931  -0.950948 -0.305758 -0.047011  0.027072 0.988354
0  -8.815681 -2.862405 40.665012  -0.578874 -0.184730 -0.794216  0.030309 0.982720
0  -8.663490 -5.001615 41.900398  -0.864365 -0.500735 -0.046239  0.035941 0.992209
no_material
0  -9.205740 -0.965745 40.693859  -0.607611 -0.058385 -0.792086  0.023507 0.977961
0  -8.815681 -2.862405 40.665012  -0.578874 -0.184730 -0.794216  0.030309 0.982720
0  -9.503595 -3.086415 41.910931  -0.950948 -0.305758 -0.047011  0.027072 0.988354
no_material
0  -8.815681 -2.862405 40.665012  -0.578874 -0.184730 -0.794216  0.030309 0.982720
0  -9.205740 -0.965745 40.693859  -0.607611 -0.058385 -0.792086  0.023507 0.977961
0  -7.110945 -0.747360 39.840298  -0.516778 -0.053059 -0.854474  0.029970 0.970722
no_material
0  -7.110945 -0.747360 39.840298  -0.516778 -0.053059 -0.854474  0.029970 0.970722
0  -9.205740 -0.965745 40.693859  -0.607611 -0.058385 -0.792086  0.023507 0.977961
0  -7.115130 0.746460 39.836384  -0.520448 0.051100 -0.852363  0.025738 0.966070
no_material
0  -7.110945 -0.747360 39.840298  -0.516778 -0.053059 -0.854474  0.029970 0.970722
0  -7.115130 0.746460 39.836384  -0.520448 0.051100 -0.852363  0.025738 0.966070
0  -5.920740 0.620190 38.564102  -0.908131 0.092643 -0.408308  0.031396 0.961897
no_material
0  -5.920740 0.620190 38.564102  -0.908131 0.092643 -0.408308  0.031396 0.961897
0  -7.115130 0.746460 39.836384  -0.520448 0.051100 -0.852363  0.025738 0.966070
0  -5.663070 1.838070 38.562927  -0.867617 0.281641 -0.409779  0.028954 0.957718
no_material
0  -7.115130 0.746460 39.836384  -0.520448 0.051100 -0.852363  0.025738 0.966070
0  -6.809355 2.210850 39.828823  -0.498759 0.160805 -0.851693  0.022539 0.960633
0  -5.663070 1.838070 38.562927  -0.867617 0.281641 -0.409779  0.028954 0.957718
no_material
0  -5.663070 1.838070 38.562927  -0.867617 0.281641 -0.409779  0.028954 0.957718
0  -6.809355 2.210850 39.828823  -0.498759 0.160805 -0.851693  0.022539 0.960633
0  -5.155245 2.974905 38.563156  -0.788716 0.457289 -0.410871  0.027460 0.953122
no_material
0  -6.809355 2.210850 39.828823  -0.498759 0.160805 -0.851693  0.022539 0.960633
0  -6.203070 3.580335 39.824234  -0.455013 0.269413 -0.848752  0.020540 0.954627
0  -5.155245 2.974905 38.563156  -0.788716 0.457289 -0.410871  0.027460 0.953122
no_material
0  -5.155245 2.974905 38.563156  -0.788716 0.457289 -0.410871  0.027460 0.953122
0  -6.203070 3.580335 39.824234  -0.455013 0.269413 -0.848752  0.020540 0.954627
0  -4.419765 3.978585 38.565674  -0.675767 0.612131 -0.410652  0.026986 0.948324
no_material
0  -6.203070 3.580335 39.824234  -0.455013 0.269413 -0.848752  0.020540 0.954627
0  -5.321700 4.791420 39.825855  -0.392402 0.363613 -0.844871  0.019838 0.948312
0  -4.419765 3.978585 38.565674  -0.675767 0.612131 -0.410652  0.026986 0.948324
no_material
0  -4.419765 3.978585 38.565674  -0.675767 0.612131 -0.410652  0.026986 0.948324
0  -5.321700 4.791420 39.825855  -0.392402 0.363613 -0.844871  0.019838 0.948312
0  -3.491640 4.805100 38.569633  -0.533815 0.740187 -0.408859  0.027508 0.943505
no_material
0  -5.321700 4.791420 39.825855  -0.392402 0.363613 -0.844871  0.019838 0.948312
0  -4.206195 5.789970 39.832291  -0.310754 0.439000 -0.843037  0.020517 0.941989
0  -3.491640 4.805100 38.569633  -0.533815 0.740187 -0.408859  0.027508 0.943505
no_material
0  -3.491640 4.805100 38.569633  -0.533815 0.740187 -0.408859  0.027508 0.943505
0  -4.206195 5.789970 39.832291  -0.310754 0.439000 -0.843037  0.020517 0.941989
0  -2.413035 5.419260 38.574223  -0.368283 0.836346 -0.406070  0.029032 0.938880
no_material
0  -4.206195 5.789970 39.832291  -0.310754 0.439000 -0.843037  0.020517 0.941989
0  -2.907000 6.531030 39.843224  -0.214399 0.491561 -0.844038  0.022480 0.935955
0  -2.413035 5.419260 38.574223  -0.368283 0.836346 -0.406070  0.029032 0.938880
no_material
0  -2.413035 5.419260 38.574223  -0.368283 0.836346 -0.406070  0.029032 0.938880
0  -2.907000 6.531030 39.843224  -0.214399 0.491561 -0.844038  0.022480 0.935955
0  -1.232370 5.795190 38.578815  -0.186754 0.895709 -0.403520  0.031432 0.934648
no_material
0  -9.932535 -1.042605 41.909084  -0.993695 -0.100614 -0.049465  0.019331 0.982636
0  -9.205740 -0.965745 40.693859  -0.607611 -0.058385 -0.792086  0.023507 0.977961
0  -9.503595 -3.086415 41.910931  -0.950948 -0.305758 -0.047011  0.027072 0.988354
no_material
0  -9.200790 0.965970 40.700024  -0.608881 0.064066 -0.790671  0.017939 0.971803
0  -9.205740 -0.965745 40.693859  -0.607611 -0.058385 -0.792086  0.023507 0.977961
0  -9.932535 -1.042605 41.909084  -0.993695 -0.100614 -0.049465  0.019331 0.982636
no_material
0  -9.205740 -0.965745 40.693859  -0.607611 -0.058385 -0.792086  0.023507 0.977961
0  -9.200790 0.965970 40.700024  -0.608881 0.064066 -0.790671  0.017939 0.971803
0  -7.115130 0.746460 39.836384  -0.520448 0.051100 -0.852363  0.025738 0.966070
no_material
0  -7.115130 0.746460 39.836384  -0.520448 0.051100 -0.852363  0.025738 0.966070
0  -9.200790 0.965970 40.700024  -0.608881 0.064066 -0.790671  0.017939 0.971803
0  -6.809355 2.210850 39.828823  -0.498759 0.160805 -0.851693  0.022539 0.960633
no_material
0  -9.200790 0.965970 40.700024  -0.608881 0.064066 -0.790671  0.017939 0.971803
0  -8.797995 2.858985 40.688953  -0.582583 0.189240 -0.790433  0.013818 0.964575
0  -6.809355 2.210850 39.828823  -0.498759 0.160805 -0.851693  0.022539 0.960633
no_material
0  -6.809355 2.210850 39.828823  -0.498759 0.160805 -0.851693  0.022539 0.960633
0  -8.797995 2.858985 40.688953  -0.582583 0.189240 -0.790433  0.013818 0.964575
0  -6.203070 3.580335 39.824234  -0.455013 0.269413 -0.848752  0.020540 0.954627
no_material
0  -8.797995 2.858985 40.688953  -0.582583 0.189240 -0.790433  0.013818 0.964575
0  -7.999560 4.619520 40.710827  -0.525719 0.311038 -0.791755  0.011151 0.956671
0  -6.203070 3.580335 39.824234  -0.455013 0.269413 -0.848752  0.020540 0.954627
no_material
0  -6.203070 3.580335 39.824234  -0.455013 0.269413 -0.848752  0.020540 0.954627
0  -7.999560 4.619520 40.710827  -0.525719 0.311038 -0.791755  0.011151 0.956671
0  -5.321700 4.791420 39.825855  -0.392402 0.363613 -0.844871  0.019838 0.948312
no_material
0  -7.999560 4.619520 40.710827  -0.525719 0.311038 -0.791755  0.011151 0.956671
0  -6.850395 6.168555 40.741066  -0.446602 0.417703 -0.791246  0.010201 0.948366
0  -5.321700 4.791420 39.825855  -0.392402 0.363613 -0.844871  0.019838 0.948312
no_material
0  -5.321700 4.791420 39.825855  -0.392402 0.363613 -0.844871  0.019838 0.948312
0  -6.850395 6.168555 40.741066  -0.446602 0.417703 -0.791246  0.010201 0.948366
0  -4.206195 5.789970 39.832291  -0.310754 0.439000 -0.843037  0.020517 0.941989
no_material
0  -6.850395 6.168555 40.741066  -0.446602 0.417703 -0.791246  0.010201 0.948366
0  -5.412555 7.449705 40.756634  -0.354176 0.505352 -0.786879  0.011090 0.940052
0  -4.206195 5.789970 39.832291  -0.310754 0.439000 -0.843037  0.020517 0.941989
no_material
0  -4.206195 5.789970 39.832291  -0.310754 0.439000 -0.843037  0.020517 0.941989
0  -5.412555 7.449705 40.756634  -0.354176 0.505352 -0.786879  0.011090 0.940052
0  -2.907000 6.531030 39.843224  -0.214399 0.491561 -0.844038  0.022480 0.935955
no_material
0  -5.412555 7.449705 40.756634  -0.354176 0.505352 -0.786879  0.011090 0.940052
0  -3.744540 8.410275 40.759830  -0.250760 0.567515 -0.784249  0.013655 0.932092
0  -2.907000 6.531030 39.843224  -0.214399 0.491561 -0.844038  0.022480 0.935955
no_material
0  -2.907000 6.531030 39.843224  -0.214399 0.491561 -0.844038  0.022480 0.935955
0  -3.744540 8.410275 40.759830  -0.250760 0.567515 -0.784249  0.013655 0.932092
0  -1.484100 6.984360 39.854923  -0.110918 0.518799 -0.847670  0.025623 0.930457
no_material
0  -3.744540 8.410275 40.759830  -0.250760 0.567515 -0.784249  0.013655 0.932092
0  -1.916865 9.015795 40.744125  -0.135238 0.602992 -0.786201  0.017816 0.924841
0  -1.484100 6.984360 39.854923  -0.110918 0.518799 -0.847670  0.025623 0.930457
no_material
0  -1.484100 6.984360 39.854923  -0.110918 0.518799 -0.847670  0.025623 0.930457
0  -1.916865 9.015795 40.744125  -0.135238 0.602992 -0.786201  0.017816 0.924841
0  -0.000225 7.136460 39.860325  -0.000646 0.525585 -0.850741  0.029818 0.925743
no_material
0  -1.916865 9.015795 40.744125  -0.135238 0.602992 -0.786201  0.017816 0.924841
0  -0.000360 9.234765 40.718880  -0.001669 0.614833 -0.788655  0.023270 0.918574
0  -0.000225 7.136460 39.860325  -0.000646 0.525585 -0.850741  0.029818 0.925743
no_material
0  -0.000225 7.136460 39.860325  -0.000646 0.525585 -0.850741  0.029818 0.925743
0  -0.000360 9.234765 40.718880  -0.001669 0.614833 -0.788655  0.023270 0.918574
0  1.483380 6.984090 39.854565  0.111103 0.516658 -0.848953  0.034882 0.921981
no_material
0  -9.921150 1.042245 41.909042  -0.992989 0.106463 -0.051368  0.012875 0.975575
0  -9.200790 0.965970 40.700024  -0.608881 0.064066 -0.790671  0.017939 0.971803
0  -9.932535 -1.042605 41.909084  -0.993695 -0.100614 -0.049465  0.019331 0.982636
no_material
0  -8.797995 2.858985 40.688953  -0.582583 0.189240 -0.790433  0.013818 0.964575
0  -9.200790 0.965970 40.700024  -0.608881 0.064066 -0.790671  0.017939 0.971803
0  -9.921150 1.042245 41.909042  -0.992989 0.106463 -0.051368  0.012875 0.975575
no_material
0  -9.488610 3.081780 41.910030  -0.950200 0.307030 -0.053406  0.007904 0.967228
0  -8.797995 2.858985 40.688953  -0.582583 0.189240 -0.790433  0.013818 0.964575
0  -9.921150 1.042245 41.909042  -0.992989 0.106463 -0.051368  0.012875 0.975575
no_material
0  -7.999560 4.619520 40.710827  -0.525719 0.311038 -0.791755  0.011151 0.956671
0  -8.797995 2.858985 40.688953  -0.582583 0.189240 -0.790433  0.013818 0.964575
0  -9.488610 3.081780 41.910030  -0.950200 0.307030 -0.053406  0.007904 0.967228
no_material
0  -8.652690 4.993875 41.899681  -0.864096 0.499801 -0.059473  0.004958 0.957942
0  -7.999560 4.619520 40.710827  -0.525719 0.311038 -0.791755  0.011151 0.956671
0  -9.488610 3.081780 41.910030  -0.950200 0.307030 -0.053406  0.007904 0.967228
no_material
0  -6.850395 6.168555 40.741066  -0.446602 0.417703 -0.791246  0.010201 0.948366
0  -7.999560 4.619520 40.710827  -0.525719 0.311038 -0.791755  0.011151 0.956671
0  -8.652690 4.993875 41.899681  -0.864096 0.499801 -0.059473  0.004958 0.957942
no_material
0  -7.423515 6.685110 41.897610  -0.732807 0.677335 -0.064893  0.004033 0.948352
0  -6.850395 6.168555 40.741066  -0.446602 0.417703 -0.791246  0.010201 0.948366
0  -8.652690 4.993875 41.899681  -0.864096 0.499801 -0.059473  0.004958 0.957942
no_material
0  -5.412555 7.449705 40.756634  -0.354176 0.505352 -0.786879  0.011090 0.940052
0  -6.850395 6.168555 40.741066  -0.446602 0.417703 -0.791246  0.010201 0.948366
0  -7.423515 6.685110 41.897610  -0.732807 0.677335 -0.064893  0.004033 0.948352
no_material
0  -5.830875 8.026110 41.908905  -0.572714 0.817225 -0.064356  0.005138 0.938833
0  -5.412555 7.449705 40.756634  -0.354176 0.505352 -0.786879  0.011090 0.940052
0  -7.423515 6.685110 41.897610  -0.732807 0.677335 -0.064893  0.004033 0.948352
no_material
0  -3.744540 8.410275 40.759830  -0.250760 0.567515 -0.784249  0.013655 0.932092
0  -5.412555 7.449705 40.756634  -0.354176 0.505352 -0.786879  0.011090 0.940052
0  -5.830875 8.026110 41.908905  -0.572714 0.817225 -0.064356  0.005138 0.938833
no_material
0  -4.021200 9.031455 41.913857  -0.403037 0.913150 -0.060969  0.008091 0.929707
0  -3.744540 8.410275 40.759830  -0.250760 0.567515 -0.784249  0.013655 0.932092
0  -5.830875 8.026110 41.908905  -0.572714 0.817225 -0.064356  0.005138 0.938833
no_material
0  -1.916865 9.015795 40.744125  -0.135238 0.602992 -0.786201  0.017816 0.924841
0  -3.744540 8.410275 40.759830  -0.250760 0.567515 -0.784249  0.013655 0.932092
0  -4.021200 9.031455 41.913857  -0.403037 0.913150 -0.060969  0.008091 0.929707
no_material
0  -2.056725 9.677340 41.912685  -0.216223 0.974603 -0.058286  0.012785 0.921274
0  -1.916865 9.015795 40.744125  -0.135238 0.602992 -0.786201  0.017816 0.924841
0  -4.021200 9.031455 41.913857  -0.403037 0.913150 -0.060969  0.008091 0.929707
no_material
0  -0.000360 9.234765 40.718880  -0.001669 0.614833 -0.788655  0.023270 0.918574
0  -1.916865 9.015795 40.744125  -0.135238 0.602992 -0.786201  0.017816 0.924841
0  -2.056725 9.677340 41.912685  -0.216223 0.974603 -0.058286  0.012785 0.921274
no_material
0  -0.000180 9.923220 41.909760  -0.000710 0.998418 -0.056222  0.019158 0.914076
0  -0.000360 9.234765 40.718880  -0.001669 0.614833 -0.788655  0.023270 0.918574
0  -2.056725 9.677340 41.912685  -0.216223 0.974603 -0.058286  0.012785 0.921274
no_material
0  1.917990 9.021871 40.736519  0.136002 0.602943 -0.786107  0.029976 0.913674
0  -0.000360 9.234765 40.718880  -0.001669 0.614833 -0.788655  0.023270 0.918574
0  -0.000180 9.923220 41.909760  -0.000710 0.998418 -0.056222  0.019158 0.914076
no_material
0  2.057805 9.681840 41.911877  0.218976 0.974162 -0.055305  0.026861 0.908419
0  1.917990 9.021871 40.736519  0.136002 0.602943 -0.786107  0.029976 0.913674
0  -0.000180 9.923220 41.909760  -0.000710 0.998418 -0.056222  0.019158 0.914076
no_material
0  3.744315 8.409735 40.760368  0.257675 0.567260 -0.782189  0.037604 0.910258
0  1.917990 9.021871 40.736519  0.136002 0.602943 -0.786107  0.029976 0.913674
0  2.057805 9.681840 41.911877  0.218976 0.974162 -0.055305  0.026861 0.908419
no_material
0  -0.000360 9.234765 40.718880  -0.001669 0.614833 -0.788655  0.023270 0.918574
0  1.917990 9.021871 40.736519  0.136002 0.602943 -0.786107  0.029976 0.913674
0  1.483380 6.984090 39.854565  0.111103 0.516658 -0.848953  0.034882 0.921981
no_material
0  1.483380 6.984090 39.854565  0.111103 0.516658 -0.848953  0.034882 0.921981
0  1.917990 9.021871 40.736519  0.136002 0.602943 -0.786107  0.029976 0.913674
0  2.906145 6.530895 39.842190  0.217202 0.488911 -0.844860  0.040630 0.919350
no_material
0  1.917990 9.021871 40.736519  0.136002 0.602943 -0.786107  0.029976 0.913674
0  3.744315 8.409735 40.760368  0.257675 0.567260 -0.782189  0.037604 0.910258
0  2.906145 6.530895 39.842190  0.217202 0.488911 -0.844860  0.040630 0.919350
no_material
0  2.906145 6.530895 39.842190  0.217202 0.488911 -0.844860  0.040630 0.919350
0  3.744315 8.409735 40.760368  0.257675 0.567260 -0.782189  0.037604 0.910258
0  4.204530 5.789205 39.833099  0.314183 0.437388 -0.842604  0.046813 0.917944
no_material
0  3.744315 8.409735 40.760368  0.257675 0.567260 -0.782189  0.037604 0.910258
0  5.405895 7.440480 40.771080  0.362931 0.506875 -0.781895  0.045783 0.908421
0  4.204530 5.789205 39.833099  0.314183 0.437388 -0.842604  0.046813 0.917944
no_material
0  4.204530 5.789205 39.833099  0.314183 0.437388 -0.842604  0.046813 0.917944
0  5.405895 7.440480 40.771080  0.362931 0.506875 -0.781895  0.045783 0.908421
0  5.318550 4.789485 39.830849  0.395731 0.361808 -0.844093  0.053152 0.917908
no_material
0  5.405895 7.440480 40.771080  0.362931 0.506875 -0.781895  0.045783 0.908421
0  6.840360 6.159105 40.761585  0.454345 0.421319 -0.784895  0.054127 0.908353
0  5.318550 4.789485 39.830849  0.395731 0.361808 -0.844093  0.053152 0.917908
no_material
0  5.318550 4.789485 39.830849  0.395731 0.361808 -0.844093  0.053152 0.917908
0  6.840360 6.159105 40.761585  0.454345 0.421319 -0.784895  0.054127 0.908353
0  6.196815 3.577680 39.834991  0.458199 0.266001 -0.848114  0.059326 0.919193
no_material
0  6.840360 6.159105 40.761585  0.454345 0.421319 -0.784895  0.054127 0.908353
0  7.988400 4.613085 40.734406  0.531427 0.312602 -0.787315  0.062248 0.910083
0  6.196815 3.577680 39.834991  0.458199 0.266001 -0.848114  0.059326 0.919193
no_material
0  6.196815 3.577680 39.834991  0.458199 0.266001 -0.848114  0.059326 0.919193
0  7.988400 4.613085 40.734406  0.531427 0.312602 -0.787315  0.062248 0.910083
0  6.799950 2.209050 39.845116  0.501370 0.158042 -0.850677  0.065087 0.921739
no_material
0  7.988400 4.613085 40.734406  0.531427 0.312602 -0.787315  0.062248 0.910083
0  8.780175 2.853180 40.724731  0.587511 0.186997 -0.787314  0.069823 0.913406
0  6.799950 2.209050 39.845116  0.501370 0.158042 -0.850677  0.065087 0.921739
no_material
0  6.799950 2.209050 39.845116  0.501370 0.158042 -0.850677  0.065087 0.921739
0  8.780175 2.853180 40.724731  0.587511 0.186997 -0.787314  0.069823 0.913406
0  7.104375 0.746640 39.855194  0.522044 0.051058 -0.851389  0.070169 0.925426
no_material
0  8.780175 2.853180 40.724731  0.587511 0.186997 -0.787314  0.069823 0.913406
0  9.175591 0.964665 40.732918  0.613358 0.062888 -0.787298  0.076531 0.918266
0  7.104375 0.746640 39.855194  0.522044 0.051058 -0.851389  0.070169 0.925426
no_material
0  7.104375 0.746640 39.855194  0.522044 0.051058 -0.851389  0.070169 0.925426
0  9.175591 0.964665 40.732918  0.613358 0.062888 -0.787298  0.076531 0.918266
0  7.100460 -0.747045 39.859333  0.518171 -0.052734 -0.853650  0.074410 0.930048
no_material
0  9.175591 0.964665 40.732918  0.613358 0.062888 -0.787298  0.076531 0.918266
0  9.180676 -0.964890 40.726578  0.611840 -0.057090 -0.788918  0.082192 0.924336
0  7.100460 -0.747045 39.859333  0.518171 -0.052734 -0.853650  0.074410 0.930048
no_material
0  7.100460 -0.747045 39.859333  0.518171 -0.052734 -0.853650  0.074410 0.930048
0  9.180676 -0.964890 40.726578  0.611840 -0.057090 -0.788918  0.082192 0.924336
0  6.787305 -2.206170 39.860146  0.489931 -0.157378 -0.857438  0.077588 0.935479
no_material
0  9.180676 -0.964890 40.726578  0.611840 -0.057090 -0.788918  0.082192 0.924336
0  8.799931 -2.858175 40.701420  0.583454 -0.181136 -0.791689  0.086354 0.931505
0  6.787305 -2.206170 39.860146  0.489931 -0.157378 -0.857438  0.077588 0.935479
no_material
0  6.787305 -2.206170 39.860146  0.489931 -0.157378 -0.857438  0.077588 0.935479
0  8.799931 -2.858175 40.701420  0.583454 -0.181136 -0.791689  0.086354 0.931505
0  6.177015 -3.567060 39.863476  0.443331 -0.255832 -0.859074  0.079576 0.941456
no_material
0  4.014270 9.016245 41.913631  0.409956 0.910211 -0.058755  0.035694 0.904441
0  3.744315 8.409735 40.760368  0.257675 0.567260 -0.782189  0.037604 0.910258
0  2.057805 9.681840 41.911877  0.218976 0.974162 -0.055305  0.026861 0.908419
no_material
0  5.405895 7.440480 40.771080  0.362931 0.506875 -0.781895  0.045783 0.908421
0  3.744315 8.409735 40.760368  0.257675 0.567260 -0.782189  0.037604 0.910258
0  4.014270 9.016245 41.913631  0.409956 0.910211 -0.058755  0.035694 0.904441
no_material
0  5.807430 7.992360 41.913361  0.579495 0.812410 -0.064615  0.045176 0.902447
0  5.405895 7.440480 40.771080  0.362931 0.506875 -0.781895  0.045783 0.908421
0  4.014270 9.016245 41.913631  0.409956 0.910211 -0.058755  0.035694 0.904441
no_material
0  6.840360 6.159105 40.761585  0.454345 0.421319 -0.784895  0.054127 0.908353
0  5.405895 7.440480 40.771080  0.362931 0.506875 -0.781895  0.045783 0.908421
0  5.807430 7.992360 41.913361  0.579495 0.812410 -0.064615  0.045176 0.902447
no_material
0  7.373115 6.639300 41.910210  0.733795 0.676170 -0.065870  0.054723 0.902389
0  6.840360 6.159105 40.761585  0.454345 0.421319 -0.784895  0.054127 0.908353
0  5.807430 7.992360 41.913361  0.579495 0.812410 -0.064615  0.045176 0.902447
no_material
0  7.988400 4.613085 40.734406  0.531427 0.312602 -0.787315  0.062248 0.910083
0  6.840360 6.159105 40.761585  0.454345 0.421319 -0.784895  0.054127 0.908353
0  7.373115 6.639300 41.910210  0.733795 0.676170 -0.065870  0.054723 0.902389
no_material
0  8.607960 4.970295 41.907017  0.863431 0.500724 -0.061336  0.064044 0.904240
0  7.988400 4.613085 40.734406  0.531427 0.312602 -0.787315  0.062248 0.910083
0  7.373115 6.639300 41.910210  0.733795 0.676170 -0.065870  0.054723 0.902389
no_material
0  8.780175 2.853180 40.724731  0.587511 0.186997 -0.787314  0.069823 0.913406
0  7.988400 4.613085 40.734406  0.531427 0.312602 -0.787315  0.062248 0.910083
0  8.607960 4.970295 41.907017  0.863431 0.500724 -0.061336  0.064044 0.904240
no_material
0  9.435915 3.065760 41.909805  0.951063 0.303708 -0.056925  0.072807 0.908046
0  8.780175 2.853180 40.724731  0.587511 0.186997 -0.787314  0.069823 0.913406
0  8.607960 4.970295 41.907017  0.863431 0.500724 -0.061336  0.064044 0.904240
no_material
0  9.175591 0.964665 40.732918  0.613358 0.062888 -0.787298  0.076531 0.918266
0  8.780175 2.853180 40.724731  0.587511 0.186997 -0.787314  0.069823 0.913406
0  9.435915 3.065760 41.909805  0.951063 0.303708 -0.056925  0.072807 0.908046
no_material
0  9.851400 1.035405 41.911335  0.992995 0.103965 -0.056154  0.080627 0.913635
0  9.175591 0.964665 40.732918  0.613358 0.062888 -0.787298  0.076531 0.918266
0  9.435915 3.065760 41.909805  0.951063 0.303708 -0.056925  0.072807 0.908046
no_material
0  9.180676 -0.964890 40.726578  0.611840 -0.057090 -0.788918  0.082192 0.924336
0  9.175591 0.964665 40.732918  0.613358 0.062888 -0.787298  0.076531 0.918266
0  9.851400 1.035405 41.911335  0.992995 0.103965 -0.056154  0.080627 0.913635
no_material
0  9.862380 -1.036665 41.910751  0.993711 -0.098073 -0.054045  0.087065 0.920713
0  9.180676 -0.964890 40.726578  0.611840 -0.057090 -0.788918  0.082192 0.924336
0  9.851400 1.035405 41.911335  0.992995 0.103965 -0.056154  0.080627 0.913635
no_material
0  8.799931 -2.858175 40.701420  0.583454 -0.181136 -0.791689  0.086354 0.931505
0  9.180676 -0.964890 40.726578  0.611840 -0.057090 -0.788918  0.082192 0.924336
0  9.862380 -1.036665 41.910751  0.993711 -0.098073 -0.054045  0.087065 0.920713
no_material
0  9.450809 -3.070305 41.907959  0.951965 -0.302157 -0.049642  0.092041 0.928888
0  8.799931 -2.858175 40.701420  0.583454 -0.181136 -0.791689  0.086354 0.931505
0  9.862380 -1.036665 41.910751  0.993711 -0.098073 -0.054045  0.087065 0.920713
no_material
0  8.014275 -4.628025 40.697056  0.528068 -0.305537 -0.792333  0.089059 0.939359
0  8.799931 -2.858175 40.701420  0.583454 -0.181136 -0.791689  0.086354 0.931505
0  9.450809 -3.070305 41.907959  0.951965 -0.302157 -0.049642  0.092041 0.928888
no_material
0  8.619164 -4.977675 41.905621  0.863792 -0.501717 -0.046298  0.095084 0.937995
0  8.014275 -4.628025 40.697056  0.528068 -0.305537 -0.792333  0.089059 0.939359
0  9.450809 -3.070305 41.907959  0.951965 -0.302157 -0.049642  0.092041 0.928888
no_material
0  6.878070 -6.192990 40.697323  0.454166 -0.411637 -0.790119  0.090018 0.947635
0  8.014275 -4.628025 40.697056  0.528068 -0.305537 -0.792333  0.089059 0.939359
0  8.619164 -4.977675 41.905621  0.863792 -0.501717 -0.046298  0.095084 0.937995
no_material
0  7.104375 0.746640 39.855194  0.522044 0.051058 -0.851389  0.070169 0.925426
0  7.100460 -0.747045 39.859333  0.518171 -0.052734 -0.853650  0.074410 0.930048
0  5.872050 -0.618885 38.585117  0.903601 -0.099928 -0.416557  0.068653 0.934299
no_material
0  5.872050 -0.618885 38.585117  0.903601 -0.099928 -0.416557  0.068653 0.934299
0  7.100460 -0.747045 39.859333  0.518171 -0.052734 -0.853650  0.074410 0.930048
0  5.609700 -1.824120 38.588173  0.862915 -0.285405 -0.417039  0.071049 0.938459
no_material
0  7.100460 -0.747045 39.859333  0.518171 -0.052734 -0.853650  0.074410 0.930048
0  6.787305 -2.206170 39.860146  0.489931 -0.157378 -0.857438  0.077588 0.935479
0  5.609700 -1.824120 38.588173  0.862915 -0.285405 -0.417039  0.071049 0.938459
no_material
0  5.609700 -1.824120 38.588173  0.862915 -0.285405 -0.417039  0.071049 0.938459
0  6.787305 -2.206170 39.860146  0.489931 -0.157378 -0.857438  0.077588 0.935479
0  5.105970 -2.949030 38.589615  0.786324 -0.455478 -0.417414  0.072538 0.943027
no_material
0  6.787305 -2.206170 39.860146  0.489931 -0.157378 -0.857438  0.077588 0.935479
0  6.177015 -3.567060 39.863476  0.443331 -0.255832 -0.859074  0.079576 0.941456
0  5.105970 -2.949030 38.589615  0.786324 -0.455478 -0.417414  0.072538 0.943027
no_material
0  5.105970 -2.949030 38.589615  0.786324 -0.455478 -0.417414  0.072538 0.943027
0  6.177015 -3.567060 39.863476  0.443331 -0.255832 -0.859074  0.079576 0.941456
0  4.383360 -3.947715 38.588535  0.677570 -0.605488 -0.417473  0.073058 0.947812
no_material
0  6.177015 -3.567060 39.863476  0.443331 -0.255832 -0.859074  0.079576 0.941456
0  5.301360 -4.773150 39.860191  0.381804 -0.340879 -0.859085  0.080292 0.947724
0  4.383360 -3.947715 38.588535  0.677570 -0.605488 -0.417473  0.073058 0.947812
no_material
0  4.383360 -3.947715 38.588535  0.677570 -0.605488 -0.417473  0.073058 0.947812
0  5.301360 -4.773150 39.860191  0.381804 -0.340879 -0.859085  0.080292 0.947724
0  3.469815 -4.776840 38.586239  0.538884 -0.732065 -0.416756  0.072568 0.952614
no_material
0  5.301360 -4.773150 39.860191  0.381804 -0.340879 -0.859085  0.080292 0.947724
0  4.194630 -5.773995 39.854969  0.302863 -0.412688 -0.859048  0.079708 0.954053
0  3.469815 -4.776840 38.586239  0.538884 -0.732065 -0.416756  0.072568 0.952614
no_material
0  3.469815 -4.776840 38.586239  0.538884 -0.732065 -0.416756  0.072568 0.952614
0  4.194630 -5.773995 39.854969  0.302863 -0.412688 -0.859048  0.079708 0.954053
0  2.402730 -5.398740 38.584259  0.375362 -0.829164 -0.414235  0.071162 0.957250
no_material
0  4.194630 -5.773995 39.854969  0.302863 -0.412688 -0.859048  0.079708 0.954053
0  2.901690 -6.519285 39.856995  0.208578 -0.465683 -0.860020  0.077786 0.960134
0  2.402730 -5.398740 38.584259  0.375362 -0.829164 -0.414235  0.071162 0.957250
no_material
0  2.402730 -5.398740 38.584259  0.375362 -0.829164 -0.414235  0.071162 0.957250
0  2.901690 -6.519285 39.856995  0.208578 -0.465683 -0.860020  0.077786 0.960134
0  1.228500 -5.783760 38.583630  0.194251 -0.890857 -0.410659  0.068816 0.961482
no_material
0  2.901690 -6.519285 39.856995  0.208578 -0.465683 -0.860020  0.077786 0.960134
0  1.481850 -6.975585 39.863609  0.105927 -0.496382 -0.861617  0.074655 0.965658
0  1.228500 -5.783760 38.583630  0.194251 -0.890857 -0.410659  0.068816 0.961482
no_material
0  1.228500 -5.783760 38.583630  0.194251 -0.890857 -0.410659  0.068816 0.961482
0  1.481850 -6.975585 39.863609  0.105927 -0.496382 -0.861617  0.074655 0.965658
0  -0.000900 -5.915565 38.583313  0.003425 -0.912839 -0.408305  0.065652 0.965130
no_material
0  1.481850 -6.975585 39.863609  0.105927 -0.496382 -0.861617  0.074655 0.965658
0  -0.000135 -7.129485 39.867123  -0.000091 -0.507027 -0.861930  0.070467 0.970371
0  -0.000900 -5.915565 38.583313  0.003425 -0.912839 -0.408305  0.065652 0.965130
no_material
0  -0.000900 -5.915565 38.583313  0.003425 -0.912839 -0.408305  0.065652 0.965130
0  -0.000135 -7.129485 39.867123  -0.000091 -0.507027 -0.861930  0.070467 0.970371
0  -1.231110 -5.788845 38.581966  -0.187622 -0.893314 -0.408397  0.061753 0.967987
no_material
0  -0.000135 -7.129485 39.867123  -0.000091 -0.507027 -0.861930  0.070467 0.970371
0  -1.482345 -6.976800 39.862171  -0.105020 -0.499047 -0.860188  0.065412 0.974140
0  -1.231110 -5.788845 38.581966  -0.187622 -0.893314 -0.408397  0.061753 0.967987
no_material
0  -1.231110 -5.788845 38.581966  -0.187622 -0.893314 -0.408397  0.061753 0.967987
0  -1.482345 -6.976800 39.862171  -0.105020 -0.499047 -0.860188  0.065412 0.974140
0  -2.409480 -5.409810 38.579578  -0.369631 -0.833879 -0.409902  0.057341 0.969984
no_material
0  8.799931 -2.858175 40.701420  0.583454 -0.181136 -0.791689  0.086354 0.931505
0  8.014275 -4.628025 40.697056  0.528068 -0.305537 -0.792333  0.089059 0.939359
0  6.177015 -3.567060 39.863476  0.443331 -0.255832 -0.859074  0.079576 0.941456
no_material
0  6.177015 -3.567060 39.863476  0.443331 -0.255832 -0.859074  0.079576 0.941456
0  8.014275 -4.628025 40.697056  0.528068 -0.305537 -0.792333  0.089059 0.939359
0  5.301360 -4.773150 39.860191  0.381804 -0.340879 -0.859085  0.080292 0.947724
no_material
0  8.014275 -4.628025 40.697056  0.528068 -0.305537 -0.792333  0.089059 0.939359
0  6.878070 -6.192990 40.697323  0.454166 -0.411637 -0.790119  0.090018 0.947635
0  5.301360 -4.773150 39.860191  0.381804 -0.340879 -0.859085  0.080292 0.947724
no_material
0  5.301360 -4.773150 39.860191  0.381804 -0.340879 -0.859085  0.080292 0.947724
0  6.878070 -6.192990 40.697323  0.454166 -0.411637 -0.790119  0.090018 0.947635
0  4.194630 -5.773995 39.854969  0.302863 -0.412688 -0.859048  0.079708 0.954053
no_material
0  6.878070 -6.192990 40.697323  0.454166 -0.411637 -0.790119  0.090018 0.947635
0  5.440995 -7.490295 40.697773  0.363235 -0.496163 -0.788595  0.089273 0.955986
0  4.194630 -5.773995 39.854969  0.302863 -0.412688 -0.859048  0.079708 0.954053
no_material
0  4.194630 -5.773995 39.854969  0.302863 -0.412688 -0.859048  0.079708 0.954053
0  5.440995 -7.490295 40.697773  0.363235 -0.496163 -0.788595  0.089273 0.955986
0  2.901690 -6.519285 39.856995  0.208578 -0.465683 -0.860020  0.077786 0.960134
no_material
0  5.440995 -7.490295 40.697773  0.363235 -0.496163 -0.788595  0.089273 0.955986
0  3.768480 -8.462070 40.687786  0.254316 -0.557850 -0.790017  0.086734 0.964001
0  2.901690 -6.519285 39.856995  0.208578 -0.465683 -0.860020  0.077786 0.960134
no_material
0  2.901690 -6.519285 39.856995  0.208578 -0.465683 -0.860020  0.077786 0.960134
0  3.768480 -8.462070 40.687786  0.254316 -0.557850 -0.790017  0.086734 0.964001
0  1.481850 -6.975585 39.863609  0.105927 -0.496382 -0.861617  0.074655 0.965658
no_material
0  3.768480 -8.462070 40.687786  0.254316 -0.557850 -0.790017  0.086734 0.964001
0  1.927440 -9.066780 40.673969  0.132325 -0.594470 -0.793156  0.082618 0.971318
0  1.481850 -6.975585 39.863609  0.105927 -0.496382 -0.861617  0.074655 0.965658
no_material
0  1.481850 -6.975585 39.863609  0.105927 -0.496382 -0.861617  0.074655 0.965658
0  1.927440 -9.066780 40.673969  0.132325 -0.594470 -0.793156  0.082618 0.971318
0  -0.000135 -7.129485 39.867123  -0.000091 -0.507027 -0.861930  0.070467 0.970371
no_material
0  1.927440 -9.066780 40.673969  0.132325 -0.594470 -0.793156  0.082618 0.971318
0  -0.000765 -9.270270 40.665150  -0.001437 -0.606650 -0.794968  0.077077 0.977582
0  -0.000135 -7.129485 39.867123  -0.000091 -0.507027 -0.861930  0.070467 0.970371
no_material
0  -0.000135 -7.129485 39.867123  -0.000091 -0.507027 -0.861930  0.070467 0.970371
0  -0.000765 -9.270270 40.665150  -0.001437 -0.606650 -0.794968  0.077077 0.977582
0  -1.482345 -6.976800 39.862171  -0.105020 -0.499047 -0.860188  0.065412 0.974140
no_material
0  -0.000765 -9.270270 40.665150  -0.001437 -0.606650 -0.794968  0.077077 0.977582
0  -1.927215 -9.059760 40.681438  -0.130463 -0.594709 -0.793284  0.070351 0.982558
0  -1.482345 -6.976800 39.862171  -0.105020 -0.499047 -0.860188  0.065412 0.974140
no_material
0  -1.482345 -6.976800 39.862171  -0.105020 -0.499047 -0.860188  0.065412 0.974140
0  -1.927215 -9.059760 40.681438  -0.130463 -0.594709 -0.793284  0.070351 0.982558
0  -2.902995 -6.520905 39.855286  -0.205096 -0.469337 -0.858870  0.059644 0.976779
no_material
0  -1.927215 -9.059760 40.681438  -0.130463 -0.594709 -0.793284  0.070351 0.982558
0  -3.765735 -8.458426 40.685356  -0.246671 -0.558597 -0.791911  0.062693 0.986008
0  -2.902995 -6.520905 39.855286  -0.205096 -0.469337 -0.858870  0.059644 0.976779
no_material
0  -2.902995 -6.520905 39.855286  -0.205096 -0.469337 -0.858870  0.059644 0.976779
0  -3.765735 -8.458426 40.685356  -0.246671 -0.558597 -0.791911  0.062693 0.986008
0  -4.196970 -5.776290 39.850288  -0.299733 -0.415306 -0.858884  0.053434 0.978155
no_material
0  -3.765735 -8.458426 40.685356  -0.246671 -0.558597 -0.791911  0.062693 0.986008
0  -5.443830 -7.492905 40.678921  -0.354593 -0.495537 -0.792910  0.054484 0.987847
0  -4.196970 -5.776290 39.850288  -0.299733 -0.415306 -0.858884  0.053434 0.978155
no_material
0  -4.196970 -5.776290 39.850288  -0.299733 -0.415306 -0.858884  0.053434 0.978155
0  -5.443830 -7.492905 40.678921  -0.354593 -0.495537 -0.792910  0.054484 0.987847
0  -5.305455 -4.776255 39.850876  -0.380159 -0.343131 -0.858918  0.047072 0.978205
no_material
0  7.373070 -6.638985 41.911022  0.738696 -0.672667 -0.042974  0.096228 0.947485
0  6.878070 -6.192990 40.697323  0.454166 -0.411637 -0.790119  0.090018 0.947635
0  8.619164 -4.977675 41.905621  0.863792 -0.501717 -0.046298  0.095084 0.937995
no_material
0  5.440995 -7.490295 40.697773  0.363235 -0.496163 -0.788595  0.089273 0.955986
0  6.878070 -6.192990 40.697323  0.454166 -0.411637 -0.790119  0.090018 0.947635
0  7.373070 -6.638985 41.911022  0.738696 -0.672667 -0.042974  0.096228 0.947485
no_material
0  5.830515 -8.025120 41.911068  0.588731 -0.807339 -0.039999  0.095450 0.957133
0  5.440995 -7.490295 40.697773  0.363235 -0.496163 -0.788595  0.089273 0.955986
0  7.373070 -6.638985 41.911022  0.738696 -0.672667 -0.042974  0.096228 0.947485
no_material
0  3.768480 -8.462070 40.687786  0.254316 -0.557850 -0.790017  0.086734 0.964001
0  5.440995 -7.490295 40.697773  0.363235 -0.496163 -0.788595  0.089273 0.955986
0  5.830515 -8.025120 41.911068  0.588731 -0.807339 -0.039999  0.095450 0.957133
no_material
0  4.039380 -9.072315 41.910751  0.412722 -0.910020 -0.039036  0.092649 0.966549
0  3.768480 -8.462070 40.687786  0.254316 -0.557850 -0.790017  0.086734 0.964001
0  5.830515 -8.025120 41.911068  0.588731 -0.807339 -0.039999  0.095450 0.957133
no_material
0  1.927440 -9.066780 40.673969  0.132325 -0.594470 -0.793156  0.082618 0.971318
0  3.768480 -8.462070 40.687786  0.254316 -0.557850 -0.790017  0.086734 0.964001
0  4.039380 -9.072315 41.910751  0.412722 -0.910020 -0.039036  0.092649 0.966549
no_material
0  2.070495 -9.739080 41.909668  0.216219 -0.975491 -0.040832  0.087785 0.975072
0  1.927440 -9.066780 40.673969  0.132325 -0.594470 -0.793156  0.082618 0.971318
0  4.039380 -9.072315 41.910751  0.412722 -0.910020 -0.039036  0.092649 0.966549
no_material
0  -0.000765 -9.270270 40.665150  -0.001437 -0.606650 -0.794968  0.077077 0.977582
0  1.927440 -9.066780 40.673969  0.132325 -0.594470 -0.793156  0.082618 0.971318
0  2.070495 -9.739080 41.909668  0.216219 -0.975491 -0.040832  0.087785 0.975072
no_material
0  -0.000540 -9.976995 41.907421  -0.000926 -0.999051 -0.043540  0.081360 0.982258
0  -0.000765 -9.270270 40.665150  -0.001437 -0.606650 -0.794968  0.077077 0.977582
0  2.070495 -9.739080 41.909668  0.216219 -0.975491 -0.040832  0.087785 0.975072
no_material
0  -1.927215 -9.059760 40.681438  -0.130463 -0.594709 -0.793284  0.070351 0.982558
0  -0.000765 -9.270270 40.665150  -0.001437 -0.606650 -0.794968  0.077077 0.977582
0  -0.000540 -9.976995 41.907421  -0.000926 -0.999051 -0.043540  0.081360 0.982258
no_material
0  -2.069460 -9.733231 41.907555  -0.213693 -0.975902 -0.044162  0.073629 0.988003
0  -1.927215 -9.059760 40.681438  -0.130463 -0.594709 -0.793284  0.070351 0.982558
0  -0.000540 -9.976995 41.907421  -0.000926 -0.999051 -0.043540  0.081360 0.982258
no_material
0  -3.765735 -8.458426 40.685356  -0.246671 -0.558597 -0.791911  0.062693 0.986008
0  -1.927215 -9.059760 40.681438  -0.130463 -0.594709 -0.793284  0.070351 0.982558
0  -2.069460 -9.733231 41.907555  -0.213693 -0.975902 -0.044162  0.073629 0.988003
no_material
0  -4.046175 -9.088244 41.907375  -0.405911 -0.912907 -0.042866  0.064749 0.992159
0  -3.765735 -8.458426 40.685356  -0.246671 -0.558597 -0.791911  0.062693 0.986008
0  -2.069460 -9.733231 41.907555  -0.213693 -0.975902 -0.044162  0.073629 0.988003
no_material
0  -5.443830 -7.492905 40.678921  -0.354593 -0.495537 -0.792910  0.054484 0.987847
0  -3.765735 -8.458426 40.685356  -0.246671 -0.558597 -0.791911  0.062693 0.986008
0  -4.046175 -9.088244 41.907375  -0.405911 -0.912907 -0.042866  0.064749 0.992159
no_material
0  -5.854680 -8.058870 41.906116  -0.582043 -0.812035 -0.042726  0.055123 0.994229
0  -5.443830 -7.492905 40.678921  -0.354593 -0.495537 -0.792910  0.054484 0.987847
0  -4.046175 -9.088244 41.907375  -0.405911 -0.912907 -0.042866  0.064749 0.992159
no_material
0  -6.883245 -6.197265 40.676579  -0.448119 -0.408093 -0.795393  0.046089 0.987858
0  -5.443830 -7.492905 40.678921  -0.354593 -0.495537 -0.792910  0.054484 0.987847
0  -5.854680 -8.058870 41.906116  -0.582043 -0.812035 -0.042726  0.055123 0.994229
no_material
0  -7.424055 -6.684840 41.902290  -0.737596 -0.673755 -0.044788  0.045379 0.994229
0  -6.883245 -6.197265 40.676579  -0.448119 -0.408093 -0.795393  0.046089 0.987858
0  -5.854680 -8.058870 41.906116  -0.582043 -0.812035 -0.042726  0.055123 0.994229
no_material
0  -8.022555 -4.632030 40.674465  -0.523210 -0.304660 -0.795886  0.037895 0.986172
0  -6.883245 -6.197265 40.676579  -0.448119 -0.408093 -0.795393  0.046089 0.987858
0  -7.424055 -6.684840 41.902290  -0.737596 -0.673755 -0.044788  0.045379 0.994229
no_material
0  -2.907000 6.531030 39.843224  -0.214399 0.491561 -0.844038  0.022480 0.935955
0  -1.484100 6.984360 39.854923  -0.110918 0.518799 -0.847670  0.025623 0.930457
0  -1.232370 5.795190 38.578815  -0.186754 0.895709 -0.403520  0.031432 0.934648
no_material
0  -1.232370 5.795190 38.578815  -0.186754 0.895709 -0.403520  0.031432 0.934648
0  -1.484100 6.984360 39.854923  -0.110918 0.518799 -0.847670  0.025623 0.930457
0  -0.000945 5.921415 38.580524  0.002577 0.915104 -0.403210  0.034624 0.931002
no_material
0  -1.484100 6.984360 39.854923  -0.110918 0.518799 -0.847670  0.025623 0.930457
0  -0.000225 7.136460 39.860325  -0.000646 0.525585 -0.850741  0.029818 0.925743
0  -0.000945 5.921415 38.580524  0.002577 0.915104 -0.403210  0.034624 0.931002
no_material
0  -0.000945 5.921415 38.580524  0.002577 0.915104 -0.403210  0.034624 0.931002
0  -0.000225 7.136460 39.860325  -0.000646 0.525585 -0.850741  0.029818 0.925743
0  1.229400 5.790690 38.580166  0.192896 0.893249 -0.406075  0.038537 0.928135
no_material
0  -0.000225 7.136460 39.860325  -0.000646 0.525585 -0.850741  0.029818 0.925743
0  1.483380 6.984090 39.854565  0.111103 0.516658 -0.848953  0.034882 0.921981
0  1.229400 5.790690 38.580166  0.192896 0.893249 -0.406075  0.038537 0.928135
no_material
0  1.229400 5.790690 38.580166  0.192896 0.893249 -0.406075  0.038537 0.928135
0  1.483380 6.984090 39.854565  0.111103 0.516658 -0.848953  0.034882 0.921981
0  2.406960 5.409810 38.577915  0.373243 0.831806 -0.410839  0.042938 0.926119
no_material
0  1.483380 6.984090 39.854565  0.111103 0.516658 -0.848953  0.034882 0.921981
0  2.906145 6.530895 39.842190  0.217202 0.488911 -0.844860  0.040630 0.919350
0  2.406960 5.409810 38.577915  0.373243 0.831806 -0.410839  0.042938 0.926119
no_material
0  2.406960 5.409810 38.577915  0.373243 0.831806 -0.410839  0.042938 0.926119
0  2.906145 6.530895 39.842190  0.217202 0.488911 -0.844860  0.040630 0.919350
0  3.479985 4.792320 38.575935  0.537100 0.734155 -0.415380  0.047638 0.925060
no_material
0  2.906145 6.530895 39.842190  0.217202 0.488911 -0.844860  0.040630 0.919350
0  4.204530 5.789205 39.833099  0.314183 0.437388 -0.842604  0.046813 0.917944
0  3.479985 4.792320 38.575935  0.537100 0.734155 -0.415380  0.047638 0.925060
no_material
0  3.479985 4.792320 38.575935  0.537100 0.734155 -0.415380  0.047638 0.925060
0  4.204530 5.789205 39.833099  0.314183 0.437388 -0.842604  0.046813 0.917944
0  4.400775 3.964230 38.574989  0.677380 0.605242 -0.418137  0.052433 0.925004
no_material
0  4.204530 5.789205 39.833099  0.314183 0.437388 -0.842604  0.046813 0.917944
0  5.318550 4.789485 39.830849  0.395731 0.361808 -0.844093  0.053152 0.917908
0  4.400775 3.964230 38.574989  0.677380 0.605242 -0.418137  0.052433 0.925004
no_material
0  4.400775 3.964230 38.574989  0.677380 0.605242 -0.418137  0.052433 0.925004
0  5.318550 4.789485 39.830849  0.395731 0.361808 -0.844093  0.053152 0.917908
0  5.127075 2.961090 38.576027  0.788520 0.450364 -0.418818  0.057140 0.925970
no_material
0  5.318550 4.789485 39.830849  0.395731 0.361808 -0.844093  0.053152 0.917908
0  6.196815 3.577680 39.834991  0.458199 0.266001 -0.848114  0.059326 0.919193
0  5.127075 2.961090 38.576027  0.788520 0.450364 -0.418818  0.057140 0.925970
no_material
0  5.127075 2.961090 38.576027  0.788520 0.450364 -0.418818  0.057140 0.925970
0  6.196815 3.577680 39.834991  0.458199 0.266001 -0.848114  0.059326 0.919193
0  5.625630 1.828485 38.579082  0.865429 0.276350 -0.417928  0.061527 0.927910
no_material
0  6.196815 3.577680 39.834991  0.458199 0.266001 -0.848114  0.059326 0.919193
0  6.799950 2.209050 39.845116  0.501370 0.158042 -0.850677  0.065087 0.921739
0  5.625630 1.828485 38.579082  0.865429 0.276350 -0.417928  0.061527 0.927910
no_material
0  5.625630 1.828485 38.579082  0.865429 0.276350 -0.417928  0.061527 0.927910
0  6.799950 2.209050 39.845116  0.501370 0.158042 -0.850677  0.065087 0.921739
0  5.877630 0.617985 38.582146  0.904498 0.090359 -0.416795  0.065438 0.930723
no_material
0  6.799950 2.209050 39.845116  0.501370 0.158042 -0.850677  0.065087 0.921739
0  7.104375 0.746640 39.855194  0.522044 0.051058 -0.851389  0.070169 0.925426
0  5.877630 0.617985 38.582146  0.904498 0.090359 -0.416795  0.065438 0.930723
no_material
0  5.877630 0.617985 38.582146  0.904498 0.090359 -0.416795  0.065438 0.930723
0  7.104375 0.746640 39.855194  0.522044 0.051058 -0.851389  0.070169 0.925426
0  5.872050 -0.618885 38.585117  0.903601 -0.099928 -0.416557  0.068653 0.934299
no_material
0  -5.122575 -4.612905 45.507378  -0.736395 -0.672232 -0.076332  0.095905 0.278648
0  -5.972625 -3.448755 45.507824  -0.860060 -0.502413 -0.088753  0.097719 0.284576
0  -6.383160 -3.685230 44.473770  -0.567274 -0.328430 0.755205  0.093158 0.286001
no_material
0  -5.479740 -4.933215 44.475346  -0.486082 -0.442290 0.753727  0.091348 0.279964
0  -5.122575 -4.612905 45.507378  -0.736395 -0.672232 -0.076332  0.095905 0.278648
0  -6.383160 -3.685230 44.473770  -0.567274 -0.328430 0.755205  0.093158 0.286001
no_material
0  -4.044105 -5.567130 45.507961  -0.585040 -0.808155 -0.067927  0.094206 0.272695
0  -5.122575 -4.612905 45.507378  -0.736395 -0.672232 -0.076332  0.095905 0.278648
0  -5.479740 -4.933215 44.475346  -0.486082 -0.442290 0.753727  0.091348 0.279964
no_material
0  -4.334940 -5.966505 44.475388  -0.386340 -0.534396 0.751773  0.089647 0.273993
0  -4.044105 -5.567130 45.507961  -0.585040 -0.808155 -0.067927  0.094206 0.272695
0  -5.479740 -4.933215 44.475346  -0.486082 -0.442290 0.753727  0.091348 0.279964
no_material
0  -2.801070 -6.293250 45.506069  -0.404239 -0.911932 -0.070504  0.092559 0.266663
0  -4.044105 -5.567130 45.507961  -0.585040 -0.808155 -0.067927  0.094206 0.272695
0  -4.334940 -5.966505 44.475388  -0.386340 -0.534396 0.751773  0.089647 0.273993
no_material
0  -3.000150 -6.740100 44.474983  -0.265851 -0.602431 0.752595  0.087857 0.267963
0  -2.801070 -6.293250 45.506069  -0.404239 -0.911932 -0.070504  0.092559 0.266663
0  -4.334940 -5.966505 44.475388  -0.386340 -0.534396 0.751773  0.089647 0.273993
no_material
0  -1.426455 -6.714495 45.513409  -0.207666 -0.974903 -0.080245  0.090948 0.260577
0  -2.801070 -6.293250 45.506069  -0.404239 -0.911932 -0.070504  0.092559 0.266663
0  -3.000150 -6.740100 44.474983  -0.265851 -0.602431 0.752595  0.087857 0.267963
no_material
0  -1.529460 -7.199190 44.462879  -0.136776 -0.641420 0.754899  0.086167 0.261756
0  -1.426455 -6.714495 45.513409  -0.207666 -0.974903 -0.080245  0.090948 0.260577
0  -3.000150 -6.740100 44.474983  -0.265851 -0.602431 0.752595  0.087857 0.267963
no_material
0  0.000045 -6.878970 45.509850  0.002465 -0.996404 -0.084695  0.089545 0.254376
0  -1.426455 -6.714495 45.513409  -0.207666 -0.974903 -0.080245  0.090948 0.260577
0  -1.529460 -7.199190 44.462879  -0.136776 -0.641420 0.754899  0.086167 0.261756
no_material
0  -0.000180 -7.366005 44.468685  0.001594 -0.653361 0.757044  0.084676 0.255381
0  0.000045 -6.878970 45.509850  0.002465 -0.996404 -0.084695  0.089545 0.254376
0  -1.529460 -7.199190 44.462879  -0.136776 -0.641420 0.754899  0.086167 0.261756
no_material
0  1.426500 -6.710445 45.507961  0.213199 -0.973875 -0.078188  0.088366 0.248119
0  0.000045 -6.878970 45.509850  0.002465 -0.996404 -0.084695  0.089545 0.254376
0  -0.000180 -7.366005 44.468685  0.001594 -0.653361 0.757044  0.084676 0.255381
no_material
0  1.529955 -7.196895 44.459957  0.141815 -0.640786 0.754507  0.083524 0.248942
0  1.426500 -6.710445 45.507961  0.213199 -0.973875 -0.078188  0.088366 0.248119
0  -0.000180 -7.366005 44.468685  0.001594 -0.653361 0.757044  0.084676 0.255381
no_material
0  2.796165 -6.281235 45.512413  0.408359 -0.910238 -0.068622  0.087452 0.241873
0  1.426500 -6.710445 45.507961  0.213199 -0.973875 -0.078188  0.088366 0.248119
0  1.529955 -7.196895 44.459957  0.141815 -0.640786 0.754507  0.083524 0.248942
no_material
0  2.993850 -6.723945 44.462341  0.270849 -0.601642 0.751444  0.082582 0.242617
0  2.796165 -6.281235 45.512413  0.408359 -0.910238 -0.068622  0.087452 0.241873
0  1.529955 -7.196895 44.459957  0.141815 -0.640786 0.754507  0.083524 0.248942
no_material
0  4.038975 -5.559030 45.510571  0.588599 -0.805845 -0.064538  0.086625 0.235608
0  2.796165 -6.281235 45.512413  0.408359 -0.910238 -0.068622  0.087452 0.241873
0  2.993850 -6.723945 44.462341  0.270849 -0.601642 0.751444  0.082582 0.242617
no_material
0  4.322115 -5.948775 44.454239  0.390076 -0.533571 0.750428  0.081700 0.236323
0  4.038975 -5.559030 45.510571  0.588599 -0.805845 -0.064538  0.086625 0.235608
0  2.993850 -6.723945 44.462341  0.270849 -0.601642 0.751444  0.082582 0.242617
no_material
0  5.105160 -4.596345 45.509666  0.740326 -0.668691 -0.069060  0.085779 0.229343
0  4.038975 -5.559030 45.510571  0.588599 -0.805845 -0.064538  0.086625 0.235608
0  4.322115 -5.948775 44.454239  0.390076 -0.533571 0.750428  0.081700 0.236323
no_material
0  5.463630 -4.919310 44.452259  0.488021 -0.441825 0.752746  0.080827 0.229998
0  5.105160 -4.596345 45.509666  0.740326 -0.668691 -0.069060  0.085779 0.229343
0  4.322115 -5.948775 44.454239  0.390076 -0.533571 0.750428  0.081700 0.236323
no_material
0  1.425015 6.703200 45.508816  0.210057 0.975150 -0.070418  0.088311 0.164572
0  2.793465 6.274845 45.512188  0.404001 0.911760 -0.074006  0.087163 0.171075
0  2.993085 6.722010 44.460854  0.270005 0.603968 0.749880  0.082083 0.170237
no_material
0  1.529505 7.194870 44.458561  0.143367 0.643990 0.751480  0.083219 0.163651
0  1.425015 6.703200 45.508816  0.210057 0.975150 -0.070418  0.088311 0.164572
0  2.993085 6.722010 44.460854  0.270005 0.603968 0.749880  0.082083 0.170237
no_material
0  0.000225 6.876810 45.509850  0.002294 0.997481 -0.070893  0.089548 0.158015
0  1.425015 6.703200 45.508816  0.210057 0.975150 -0.070418  0.088311 0.164572
0  1.529505 7.194870 44.458561  0.143367 0.643990 0.751480  0.083219 0.163651
no_material
0  -0.000180 7.364565 44.467335  0.001672 0.656592 0.754244  0.084417 0.156993
0  0.000225 6.876810 45.509850  0.002294 0.997481 -0.070893  0.089548 0.158015
0  1.529505 7.194870 44.458561  0.143367 0.643990 0.751480  0.083219 0.163651
no_material
0  -1.425375 6.709140 45.513359  -0.203505 0.976430 -0.071901  0.090983 0.151452
0  0.000225 6.876810 45.509850  0.002294 0.997481 -0.070893  0.089548 0.158015
0  -0.000180 7.364565 44.467335  0.001672 0.656592 0.754244  0.084417 0.156993
no_material
0  -1.529100 7.197255 44.461395  -0.138211 0.644919 0.751650  0.085842 0.150315
0  -1.425375 6.709140 45.513359  -0.203505 0.976430 -0.071901  0.090983 0.151452
0  -0.000180 7.364565 44.467335  0.001672 0.656592 0.754244  0.084417 0.156993
no_material
0  -2.800125 6.290505 45.506069  -0.399083 0.913792 -0.075607  0.092498 0.144827
0  -1.425375 6.709140 45.513359  -0.203505 0.976430 -0.071901  0.090983 0.151452
0  -1.529100 7.197255 44.461395  -0.138211 0.644919 0.751650  0.085842 0.150315
no_material
0  -2.999430 6.738120 44.473862  -0.265118 0.605239 0.750599  0.087331 0.143617
0  -2.800125 6.290505 45.506069  -0.399083 0.913792 -0.075607  0.092498 0.144827
0  -1.529100 7.197255 44.461395  -0.138211 0.644919 0.751650  0.085842 0.150315
no_material
0  -4.038750 5.559480 45.508591  -0.581861 0.808688 -0.086382  0.094063 0.138169
0  -2.800125 6.290505 45.506069  -0.399083 0.913792 -0.075607  0.092498 0.144827
0  -2.999430 6.738120 44.473862  -0.265118 0.605239 0.750599  0.087331 0.143617
no_material
0  -4.331880 5.961645 44.470123  -0.382718 0.534549 0.753515  0.088967 0.136874
0  -4.038750 5.559480 45.508591  -0.581861 0.808688 -0.086382  0.094063 0.138169
0  -2.999430 6.738120 44.473862  -0.265118 0.605239 0.750599  0.087331 0.143617
no_material
0  -5.116815 4.607280 45.507645  -0.735306 0.670460 -0.099040  0.095875 0.131522
0  -4.038750 5.559480 45.508591  -0.581861 0.808688 -0.086382  0.094063 0.138169
0  -4.331880 5.961645 44.470123  -0.382718 0.534549 0.753515  0.088967 0.136874
no_material
0  -5.475510 4.929210 44.469227  -0.482307 0.439406 0.757827  0.090707 0.130120
0  -5.116815 4.607280 45.507645  -0.735306 0.670460 -0.099040  0.095875 0.131522
0  -4.331880 5.961645 44.470123  -0.382718 0.534549 0.753515  0.088967 0.136874
no_material
0  -5.965380 3.445155 45.508232  -0.860181 0.499160 -0.104535  0.097882 0.124838
0  -5.116815 4.607280 45.507645  -0.735306 0.670460 -0.099040  0.095875 0.131522
0  -5.475510 4.929210 44.469227  -0.482307 0.439406 0.757827  0.090707 0.130120
no_material
0  -6.378885 3.683250 44.468910  -0.565586 0.325504 0.757733  0.092663 0.123266
0  -5.965380 3.445155 45.508232  -0.860181 0.499160 -0.104535  0.097882 0.124838
0  -5.475510 4.929210 44.469227  -0.482307 0.439406 0.757827  0.090707 0.130120
no_material
0  -6.560865 2.130525 45.508186  -0.945042 0.310559 -0.102218  0.100100 0.118121
0  -5.965380 3.445155 45.508232  -0.860181 0.499160 -0.104535  0.097882 0.124838
0  -6.378885 3.683250 44.468910  -0.565586 0.325504 0.757733  0.092663 0.123266
no_material
0  -7.006815 2.275650 44.471478  -0.623411 0.203909 0.754838  0.094888 0.116339
0  -6.560865 2.130525 45.508186  -0.945042 0.310559 -0.102218  0.100100 0.118121
0  -6.378885 3.683250 44.468910  -0.565586 0.325504 0.757733  0.092663 0.123266
no_material
0  -6.874290 0.723690 45.507824  -0.989461 0.107034 -0.097521  0.102472 0.111547
0  -6.560865 2.130525 45.508186  -0.945042 0.310559 -0.102218  0.100100 0.118121
0  -7.006815 2.275650 44.471478  -0.623411 0.203909 0.754838  0.094888 0.116339
no_material
0  -7.336980 0.771705 44.473141  -0.653242 0.071744 0.753743  0.097465 0.109420
0  -6.874290 0.723690 45.507824  -0.989461 0.107034 -0.097521  0.102472 0.111547
0  -7.006815 2.275650 44.471478  -0.623411 0.203909 0.754838  0.094888 0.116339
no_material
0  11.740185 -6.777900 6.728086  0.843367 -0.494950 -0.209180  0.450431 0.336601
0  10.064341 -9.060884 6.729435  0.719775 -0.669824 -0.182375  0.451256 0.347504
0  9.637965 -8.677936 5.384790  0.738545 -0.663623 0.118979  0.445469 0.348068
no_material
0  11.228220 -6.482880 5.383710  0.859875 -0.500898 0.098570  0.444557 0.336994
0  11.740185 -6.777900 6.728086  0.843367 -0.494950 -0.209180  0.450431 0.336601
0  9.637965 -8.677936 5.384790  0.738545 -0.663623 0.118979  0.445469 0.348068
no_material
0  12.900645 -4.191480 6.726150  0.927644 -0.305243 -0.215182  0.449882 0.325599
0  11.740185 -6.777900 6.728086  0.843367 -0.494950 -0.209180  0.450431 0.336601
0  11.228220 -6.482880 5.383710  0.859875 -0.500898 0.098570  0.444557 0.336994
no_material
0  12.345840 -4.011885 5.389695  0.942246 -0.316441 0.109716  0.444020 0.325831
0  12.900645 -4.191480 6.726150  0.927644 -0.305243 -0.215182  0.449882 0.325599
0  11.228220 -6.482880 5.383710  0.859875 -0.500898 0.098570  0.444557 0.336994
no_material
0  13.498876 -1.418625 6.723855  0.972787 -0.103233 -0.207435  0.449629 0.314521
0  12.900645 -4.191480 6.726150  0.927644 -0.305243 -0.215182  0.449882 0.325599
0  12.345840 -4.011885 5.389695  0.942246 -0.316441 0.109716  0.444020 0.325831
no_material
0  12.934216 -1.360800 5.394915  0.986163 -0.109401 0.124551  0.443793 0.314622
0  13.498876 -1.418625 6.723855  0.972787 -0.103233 -0.207435  0.449629 0.314521
0  12.345840 -4.011885 5.389695  0.942246 -0.316441 0.109716  0.444020 0.325831
no_material
0  13.505130 1.419390 6.722370  0.974226 0.098518 -0.202924  0.449589 0.303386
0  13.498876 -1.418625 6.723855  0.972787 -0.103233 -0.207435  0.449629 0.314521
0  12.934216 -1.360800 5.394915  0.986163 -0.109401 0.124551  0.443793 0.314622
no_material
0  12.937635 1.360845 5.395500  0.987376 0.104251 0.119251  0.443725 0.303376
0  13.505130 1.419390 6.722370  0.974226 0.098518 -0.202924  0.449589 0.303386
0  12.934216 -1.360800 5.394915  0.986163 -0.109401 0.124551  0.443793 0.314622
no_material
0  12.942270 4.204935 6.716070  0.932075 0.294146 -0.211460  0.449730 0.292179
0  13.505130 1.419390 6.722370  0.974226 0.098518 -0.202924  0.449589 0.303386
0  12.937635 1.360845 5.395500  0.987376 0.104251 0.119251  0.443725 0.303376
no_material
0  12.370005 4.019625 5.388885  0.946257 0.309672 0.093274  0.443777 0.292065
0  12.942270 4.204935 6.716070  0.932075 0.294146 -0.211460  0.449730 0.292179
0  12.937635 1.360845 5.395500  0.987376 0.104251 0.119251  0.443725 0.303376
no_material
0  11.815155 6.821460 6.706980  0.848005 0.479126 -0.226550  0.450139 0.280876
0  12.942270 4.204935 6.716070  0.932075 0.294146 -0.211460  0.449730 0.292179
0  12.370005 4.019625 5.388885  0.946257 0.309672 0.093274  0.443777 0.292065
no_material
0  11.252700 6.497280 5.390145  0.864174 0.499379 0.061838  0.444072 0.280621
0  11.815155 6.821460 6.706980  0.848005 0.479126 -0.226550  0.450139 0.280876
0  12.370005 4.019625 5.388885  0.946257 0.309672 0.093274  0.443777 0.292065
no_material
0  10.164150 9.151065 6.696675  0.722822 0.649734 -0.235316  0.450848 0.269515
0  11.815155 6.821460 6.706980  0.848005 0.479126 -0.226550  0.450139 0.280876
0  11.252700 6.497280 5.390145  0.864174 0.499379 0.061838  0.444072 0.280621
no_material
0  9.655785 8.694180 5.383485  0.741045 0.670241 0.040369  0.444627 0.269011
0  10.164150 9.151065 6.696675  0.722822 0.649734 -0.235316  0.450848 0.269515
0  11.252700 6.497280 5.390145  0.864174 0.499379 0.061838  0.444072 0.280621
no_material
0  8.020980 11.043855 6.704730  0.562162 0.794995 -0.227942  0.451960 0.258168
0  10.164150 9.151065 6.696675  0.722822 0.649734 -0.235316  0.450848 0.269515
0  9.655785 8.694180 5.383485  0.741045 0.670241 0.040369  0.444627 0.269011
no_material
0  7.634475 10.508265 5.382855  0.583654 0.810763 0.044842  0.445902 0.257441
0  8.020980 11.043855 6.704730  0.562162 0.794995 -0.227942  0.451960 0.258168
0  9.655785 8.694180 5.383485  0.741045 0.670241 0.040369  0.444627 0.269011
no_material
0  5.524470 12.408031 6.721785  0.389151 0.897372 -0.208050  0.453365 0.246885
0  8.020980 11.043855 6.704730  0.562162 0.794995 -0.227942  0.451960 0.258168
0  7.634475 10.508265 5.382855  0.583654 0.810763 0.044842  0.445902 0.257441
no_material
0  5.286600 11.873880 5.385870  0.407382 0.910614 0.069441  0.447472 0.246093
0  5.524470 12.408031 6.721785  0.389151 0.897372 -0.208050  0.453365 0.246885
0  7.634475 10.508265 5.382855  0.583654 0.810763 0.044842  0.445902 0.257441
no_material
0  -5.475510 4.929210 44.469227  -0.482322 0.439409 0.757816  0.959416 0.136315
0  -4.331880 5.961645 44.470123  -0.382731 0.534534 0.753519  0.953461 0.134387
0  -5.510610 7.585425 43.238026  -0.416040 0.591540 0.690645  0.955543 0.124918
no_material
0  -6.981345 6.286005 43.260029  -0.528412 0.485409 0.696534  0.963412 0.127417
0  -5.475510 4.929210 44.469227  -0.482322 0.439409 0.757816  0.959416 0.136315
0  -5.510610 7.585425 43.238026  -0.416040 0.591540 0.690645  0.955543 0.124918
no_material
0  -6.378885 3.683250 44.468910  -0.565574 0.325497 0.757745  0.964858 0.139443
0  -5.475510 4.929210 44.469227  -0.482322 0.439409 0.757816  0.959416 0.136315
0  -6.981345 6.286005 43.260029  -0.528412 0.485409 0.696534  0.963412 0.127417
no_material
0  -8.138160 4.698135 43.262325  -0.621154 0.355210 0.698565  0.970566 0.131535
0  -6.378885 3.683250 44.468910  -0.565574 0.325497 0.757745  0.964858 0.139443
0  -6.981345 6.286005 43.260029  -0.528412 0.485409 0.696534  0.963412 0.127417
no_material
0  -7.006815 2.275650 44.471478  -0.623399 0.203900 0.754850  0.969516 0.143657
0  -6.378885 3.683250 44.468910  -0.565574 0.325497 0.757745  0.964858 0.139443
0  -8.138160 4.698135 43.262325  -0.621154 0.355210 0.698565  0.970566 0.131535
no_material
0  -8.926020 2.899845 43.248016  -0.681776 0.220076 0.697673  0.976783 0.137078
0  -7.006815 2.275650 44.471478  -0.623399 0.203900 0.754850  0.969516 0.143657
0  -8.138160 4.698135 43.262325  -0.621154 0.355210 0.698565  0.970566 0.131535
no_material
0  -7.336980 0.771705 44.473141  -0.653252 0.071750 0.753734  0.973276 0.148723
0  -7.006815 2.275650 44.471478  -0.623399 0.203900 0.754850  0.969516 0.143657
0  -8.926020 2.899845 43.248016  -0.681776 0.220076 0.697673  0.976783 0.137078
no_material
0  -9.337410 0.981225 43.252201  -0.712786 0.076823 0.697162  0.981710 0.143874
0  -7.336980 0.771705 44.473141  -0.653252 0.071750 0.753734  0.973276 0.148723
0  -8.926020 2.899845 43.248016  -0.681776 0.220076 0.697673  0.976783 0.137078
no_material
0  -7.337520 -0.771705 44.473366  -0.653096 -0.069965 0.754036  0.975890 0.154497
0  -7.336980 0.771705 44.473141  -0.653252 0.071750 0.753734  0.973276 0.148723
0  -9.337410 0.981225 43.252201  -0.712786 0.076823 0.697162  0.981710 0.143874
no_material
0  -9.340515 -0.981450 43.255978  -0.712104 -0.074726 0.698086  0.985160 0.151485
0  -7.337520 -0.771705 44.473366  -0.653096 -0.069965 0.754036  0.975890 0.154497
0  -9.337410 0.981225 43.252201  -0.712786 0.076823 0.697162  0.981710 0.143874
no_material
0  -7.009200 -2.276235 44.473457  -0.623639 -0.204034 0.754616  0.977155 0.160671
0  -7.337520 -0.771705 44.473366  -0.653096 -0.069965 0.754036  0.975890 0.154497
0  -9.340515 -0.981450 43.255978  -0.712104 -0.074726 0.698086  0.985160 0.151485
no_material
0  -8.928315 -2.900790 43.251209  -0.680247 -0.220034 0.699177  0.986877 0.159632
0  -7.009200 -2.276235 44.473457  -0.623639 -0.204034 0.754616  0.977155 0.160671
0  -9.340515 -0.981450 43.255978  -0.712104 -0.074726 0.698086  0.985160 0.151485
no_material
0  -6.383160 -3.685230 44.473770  -0.567307 -0.328434 0.755178  0.977227 0.166948
0  -7.009200 -2.276235 44.473457  -0.623639 -0.204034 0.754616  0.977155 0.160671
0  -8.928315 -2.900790 43.251209  -0.680247 -0.220034 0.699177  0.986877 0.159632
no_material
0  -8.133840 -4.695705 43.257240  -0.618070 -0.358626 0.699555  0.986944 0.167903
0  -6.383160 -3.685230 44.473770  -0.567307 -0.328434 0.755178  0.977227 0.166948
0  -8.928315 -2.900790 43.251209  -0.680247 -0.220034 0.699177  0.986877 0.159632
no_material
0  -5.479740 -4.933215 44.475346  -0.486079 -0.442298 0.753724  0.975982 0.173097
0  -6.383160 -3.685230 44.473770  -0.567307 -0.328434 0.755178  0.977227 0.166948
0  -8.133840 -4.695705 43.257240  -0.618070 -0.358626 0.699555  0.986944 0.167903
no_material
0  -6.971310 -6.277500 43.244549  -0.528005 -0.484429 0.697524  0.985242 0.175972
0  -5.479740 -4.933215 44.475346  -0.486079 -0.442298 0.753724  0.975982 0.173097
0  -8.133840 -4.695705 43.257240  -0.618070 -0.358626 0.699555  0.986944 0.167903
no_material
0  -4.334940 -5.966505 44.475388  -0.386351 -0.534421 0.751749  0.973492 0.178834
0  -5.479740 -4.933215 44.475346  -0.486079 -0.442298 0.753724  0.975982 0.173097
0  -6.971310 -6.277500 43.244549  -0.528005 -0.484429 0.697524  0.985242 0.175972
no_material
0  -5.508675 -7.582140 43.233795  -0.419739 -0.584172 0.694667  0.981940 0.183583
0  -4.334940 -5.966505 44.475388  -0.386351 -0.534421 0.751749  0.973492 0.178834
0  -6.971310 -6.277500 43.244549  -0.528005 -0.484429 0.697524  0.985242 0.175972
no_material
0  -9.340515 -0.981450 43.255978  -0.712104 -0.074726 0.698086  0.985160 0.151485
0  -9.932535 -1.042605 41.909084  -0.993694 -0.100611 -0.049500  0.991468 0.149516
0  -8.928315 -2.900790 43.251209  -0.680247 -0.220034 0.699177  0.986877 0.159632
no_material
0  -9.932535 -1.042605 41.909084  -0.993694 -0.100611 -0.049500  0.991468 0.149516
0  -9.503595 -3.086415 41.910931  -0.950946 -0.305768 -0.046993  0.993357 0.159009
0  -8.928315 -2.900790 43.251209  -0.680247 -0.220034 0.699177  0.986877 0.159632
no_material
0  -8.928315 -2.900790 43.251209  -0.680247 -0.220034 0.699177  0.986877 0.159632
0  -9.503595 -3.086415 41.910931  -0.950946 -0.305768 -0.046993  0.993357 0.159009
0  -8.133840 -4.695705 43.257240  -0.618070 -0.358626 0.699555  0.986944 0.167903
no_material
0  -9.503595 -3.086415 41.910931  -0.950946 -0.305768 -0.046993  0.993357 0.159009
0  -8.663490 -5.001615 41.900398  -0.864369 -0.500729 -0.046229  0.993360 0.168560
0  -8.133840 -4.695705 43.257240  -0.618070 -0.358626 0.699555  0.986944 0.167903
no_material
0  -8.133840 -4.695705 43.257240  -0.618070 -0.358626 0.699555  0.986944 0.167903
0  -8.663490 -5.001615 41.900398  -0.864369 -0.500729 -0.046229  0.993360 0.168560
0  -6.971310 -6.277500 43.244549  -0.528005 -0.484429 0.697524  0.985242 0.175972
no_material
0  -8.663490 -5.001615 41.900398  -0.864369 -0.500729 -0.046229  0.993360 0.168560
0  -7.424055 -6.684840 41.902290  -0.737609 -0.673742 -0.044771  0.991449 0.177889
0  -6.971310 -6.277500 43.244549  -0.528005 -0.484429 0.697524  0.985242 0.175972
no_material
0  -6.971310 -6.277500 43.244549  -0.528005 -0.484429 0.697524  0.985242 0.175972
0  -7.424055 -6.684840 41.902290  -0.737609 -0.673742 -0.044771  0.991449 0.177889
0  -5.508675 -7.582140 43.233795  -0.419739 -0.584172 0.694667  0.981940 0.183583
no_material
0  -7.424055 -6.684840 41.902290  -0.737609 -0.673742 -0.044771  0.991449 0.177889
0  -5.854680 -8.058870 41.906116  -0.582033 -0.812044 -0.042686  0.987601 0.186708
0  -5.508675 -7.582140 43.233795  -0.419739 -0.584172 0.694667  0.981940 0.183583
no_material
0  -5.508675 -7.582140 43.233795  -0.419739 -0.584172 0.694667  0.981940 0.183583
0  -5.854680 -8.058870 41.906116  -0.582033 -0.812044 -0.042686  0.987601 0.186708
0  -3.811545 -8.560665 43.232803  -0.292782 -0.657933 0.693832  0.977129 0.190370
no_material
0  -5.854680 -8.058870 41.906116  -0.582033 -0.812044 -0.042686  0.987601 0.186708
0  -4.046175 -9.088244 41.907375  -0.405906 -0.912910 -0.042852  0.982033 0.194612
0  -3.811545 -8.560665 43.232803  -0.292782 -0.657933 0.693832  0.977129 0.190370
no_material
0  -3.811545 -8.560665 43.232803  -0.292782 -0.657933 0.693832  0.977129 0.190370
0  -4.046175 -9.088244 41.907375  -0.405906 -0.912910 -0.042852  0.982033 0.194612
0  -1.950975 -9.176625 43.243156  -0.153684 -0.701783 0.695616  0.970951 0.195959
no_material
0  -4.046175 -9.088244 41.907375  -0.405906 -0.912910 -0.042852  0.982033 0.194612
0  -2.069460 -9.733231 41.907555  -0.213665 -0.975910 -0.044132  0.974890 0.201262
0  -1.950975 -9.176625 43.243156  -0.153684 -0.701783 0.695616  0.970951 0.195959
no_material
0  -1.950975 -9.176625 43.243156  -0.153684 -0.701783 0.695616  0.970951 0.195959
0  -2.069460 -9.733231 41.907555  -0.213665 -0.975910 -0.044132  0.974890 0.201262
0  0.000000 -9.388530 43.250626  0.000929 -0.715972 0.698128  0.963836 0.200256
no_material
0  -2.069460 -9.733231 41.907555  -0.213665 -0.975910 -0.044132  0.974890 0.201262
0  -0.000540 -9.976995 41.907421  -0.000917 -0.999051 -0.043541  0.966483 0.206121
0  0.000000 -9.388530 43.250626  0.000929 -0.715972 0.698128  0.963836 0.200256
no_material
0  0.000000 -9.388530 43.250626  0.000929 -0.715972 0.698128  0.963836 0.200256
0  -0.000540 -9.976995 41.907421  -0.000917 -0.999051 -0.043541  0.966483 0.206121
0  1.949850 -9.171630 43.237709  0.157371 -0.699289 0.697302  0.955954 0.202828
no_material
0  -0.000540 -9.976995 41.907421  -0.000917 -0.999051 -0.043541  0.966483 0.206121
0  2.070495 -9.739080 41.909668  0.216211 -0.975493 -0.040813  0.957369 0.209109
0  1.949850 -9.171630 43.237709  0.157371 -0.699289 0.697302  0.955954 0.202828
no_material
0  1.949850 -9.171630 43.237709  0.157371 -0.699289 0.697302  0.955954 0.202828
0  2.070495 -9.739080 41.909668  0.216211 -0.975493 -0.040813  0.957369 0.209109
0  3.808125 -8.553150 43.222591  0.296903 -0.654367 0.695452  0.947682 0.203759
no_material
0  2.070495 -9.739080 41.909668  0.216211 -0.975493 -0.040813  0.957369 0.209109
0  4.039380 -9.072315 41.910751  0.412740 -0.910012 -0.039029  0.947779 0.210168
0  3.808125 -8.553150 43.222591  0.296903 -0.654367 0.695452  0.947682 0.203759
no_material
0  -3.000150 -6.740100 44.474983  -0.265861 -0.602429 0.752593  0.969855 0.183944
0  -4.334940 -5.966505 44.475388  -0.386351 -0.534421 0.751749  0.973492 0.178834
0  -5.508675 -7.582140 43.233795  -0.419739 -0.584172 0.694667  0.981940 0.183583
no_material
0  -3.811545 -8.560665 43.232803  -0.292782 -0.657933 0.693832  0.977129 0.190370
0  -3.000150 -6.740100 44.474983  -0.265861 -0.602429 0.752593  0.969855 0.183944
0  -5.508675 -7.582140 43.233795  -0.419739 -0.584172 0.694667  0.981940 0.183583
no_material
0  -1.529460 -7.199190 44.462879  -0.136789 -0.641425 0.754892  0.965171 0.188125
0  -3.000150 -6.740100 44.474983  -0.265861 -0.602429 0.752593  0.969855 0.183944
0  -3.811545 -8.560665 43.232803  -0.292782 -0.657933 0.693832  0.977129 0.190370
no_material
0  -1.950975 -9.176625 43.243156  -0.153684 -0.701783 0.695616  0.970951 0.195959
0  -1.529460 -7.199190 44.462879  -0.136789 -0.641425 0.754892  0.965171 0.188125
0  -3.811545 -8.560665 43.232803  -0.292782 -0.657933 0.693832  0.977129 0.190370
no_material
0  -0.000180 -7.366005 44.468685  0.001590 -0.653382 0.757027  0.959773 0.191342
0  -1.529460 -7.199190 44.462879  -0.136789 -0.641425 0.754892  0.965171 0.188125
0  -1.950975 -9.176625 43.243156  -0.153684 -0.701783 0.695616  0.970951 0.195959
no_material
0  0.000000 -9.388530 43.250626  0.000929 -0.715972 0.698128  0.963836 0.200256
0  -0.000180 -7.366005 44.468685  0.001590 -0.653382 0.757027  0.959773 0.191342
0  -1.950975 -9.176625 43.243156  -0.153684 -0.701783 0.695616  0.970951 0.195959
no_material
0  1.529955 -7.196895 44.459957  0.141802 -0.640794 0.754503  0.953800 0.193290
0  -0.000180 -7.366005 44.468685  0.001590 -0.653382 0.757027  0.959773 0.191342
0  0.000000 -9.388530 43.250626  0.000929 -0.715972 0.698128  0.963836 0.200256
no_material
0  1.949850 -9.171630 43.237709  0.157371 -0.699289 0.697302  0.955954 0.202828
0  1.529955 -7.196895 44.459957  0.141802 -0.640794 0.754503  0.953800 0.193290
0  0.000000 -9.388530 43.250626  0.000929 -0.715972 0.698128  0.963836 0.200256
no_material
0  2.993850 -6.723945 44.462341  0.270858 -0.601641 0.751441  0.947564 0.193982
0  1.529955 -7.196895 44.459957  0.141802 -0.640794 0.754503  0.953800 0.193290
0  1.949850 -9.171630 43.237709  0.157371 -0.699289 0.697302  0.955954 0.202828
no_material
0  3.808125 -8.553150 43.222591  0.296903 -0.654367 0.695452  0.947682 0.203759
0  2.993850 -6.723945 44.462341  0.270858 -0.601641 0.751441  0.947564 0.193982
0  1.949850 -9.171630 43.237709  0.157371 -0.699289 0.697302  0.955954 0.202828
no_material
0  4.322115 -5.948775 44.454239  0.390052 -0.533570 0.750442  0.941324 0.193319
0  2.993850 -6.723945 44.462341  0.270858 -0.601641 0.751441  0.947564 0.193982
0  3.808125 -8.553150 43.222591  0.296903 -0.654367 0.695452  0.947682 0.203759
no_material
0  5.503275 -7.574670 43.222858  0.423040 -0.581585 0.694835  0.939348 0.202936
0  4.322115 -5.948775 44.454239  0.390052 -0.533570 0.750442  0.941324 0.193319
0  3.808125 -8.553150 43.222591  0.296903 -0.654367 0.695452  0.947682 0.203759
no_material
0  5.463630 -4.919310 44.452259  0.488014 -0.441817 0.752755  0.935310 0.191430
0  4.322115 -5.948775 44.454239  0.390052 -0.533570 0.750442  0.941324 0.193319
0  5.503275 -7.574670 43.222858  0.423040 -0.581585 0.694835  0.939348 0.202936
no_material
0  6.959115 -6.266160 43.224930  0.529643 -0.484666 0.696115  0.931356 0.200373
0  5.463630 -4.919310 44.452259  0.488014 -0.441817 0.752755  0.935310 0.191430
0  5.503275 -7.574670 43.222858  0.423040 -0.581585 0.694835  0.939348 0.202936
no_material
0  6.363945 -3.674880 44.448750  0.566400 -0.328242 0.755941  0.929823 0.188331
0  5.463630 -4.919310 44.452259  0.488014 -0.441817 0.752755  0.935310 0.191430
0  6.959115 -6.266160 43.224930  0.529643 -0.484666 0.696115  0.931356 0.200373
no_material
0  8.124030 -4.690755 43.245045  0.618293 -0.360516 0.698386  0.924070 0.196321
0  6.363945 -3.674880 44.448750  0.566400 -0.328242 0.755941  0.929823 0.188331
0  6.959115 -6.266160 43.224930  0.529643 -0.484666 0.696115  0.931356 0.200373
no_material
0  6.989490 -2.270835 44.448975  0.622014 -0.201792 0.756557  0.925151 0.184121
0  6.363945 -3.674880 44.448750  0.566400 -0.328242 0.755941  0.929823 0.188331
0  8.124030 -4.690755 43.245045  0.618293 -0.360516 0.698386  0.924070 0.196321
no_material
0  8.917470 -2.897550 43.239014  0.682413 -0.219496 0.697233  0.917886 0.190744
0  6.989490 -2.270835 44.448975  0.622014 -0.201792 0.756557  0.925151 0.184121
0  8.124030 -4.690755 43.245045  0.618293 -0.360516 0.698386  0.924070 0.196321
no_material
0  3.808125 -8.553150 43.222591  0.296903 -0.654367 0.695452  0.947682 0.203759
0  4.039380 -9.072315 41.910751  0.412740 -0.910012 -0.039029  0.947779 0.210168
0  5.503275 -7.574670 43.222858  0.423040 -0.581585 0.694835  0.939348 0.202936
no_material
0  4.039380 -9.072315 41.910751  0.412740 -0.910012 -0.039029  0.947779 0.210168
0  5.830515 -8.025120 41.911068  0.588722 -0.807345 -0.040009  0.938115 0.209257
0  5.503275 -7.574670 43.222858  0.423040 -0.581585 0.694835  0.939348 0.202936
no_material
0  5.503275 -7.574670 43.222858  0.423040 -0.581585 0.694835  0.939348 0.202936
0  5.830515 -8.025120 41.911068  0.588722 -0.807345 -0.040009  0.938115 0.209257
0  6.959115 -6.266160 43.224930  0.529643 -0.484666 0.696115  0.931356 0.200373
no_material
0  5.830515 -8.025120 41.911068  0.588722 -0.807345 -0.040009  0.938115 0.209257
0  7.373070 -6.638985 41.911022  0.738696 -0.672667 -0.042974  0.928757 0.206368
0  6.959115 -6.266160 43.224930  0.529643 -0.484666 0.696115  0.931356 0.200373
no_material
0  6.959115 -6.266160 43.224930  0.529643 -0.484666 0.696115  0.931356 0.200373
0  7.373070 -6.638985 41.911022  0.738696 -0.672667 -0.042974  0.928757 0.206368
0  8.124030 -4.690755 43.245045  0.618293 -0.360516 0.698386  0.924070 0.196321
no_material
0  7.373070 -6.638985 41.911022  0.738696 -0.672667 -0.042974  0.928757 0.206368
0  8.619164 -4.977675 41.905621  0.863794 -0.501714 -0.046301  0.920324 0.201534
0  8.124030 -4.690755 43.245045  0.618293 -0.360516 0.698386  0.924070 0.196321
no_material
0  8.124030 -4.690755 43.245045  0.618293 -0.360516 0.698386  0.924070 0.196321
0  8.619164 -4.977675 41.905621  0.863794 -0.501714 -0.046301  0.920324 0.201534
0  8.917470 -2.897550 43.239014  0.682413 -0.219496 0.697233  0.917886 0.190744
no_material
0  8.619164 -4.977675 41.905621  0.863794 -0.501714 -0.046301  0.920324 0.201534
0  9.450809 -3.070305 41.907959  0.951964 -0.302159 -0.049645  0.913149 0.195128
0  8.917470 -2.897550 43.239014  0.682413 -0.219496 0.697233  0.917886 0.190744
no_material
0  8.917470 -2.897550 43.239014  0.682413 -0.219496 0.697233  0.917886 0.190744
0  9.450809 -3.070305 41.907959  0.951964 -0.302159 -0.049645  0.913149 0.195128
0  9.325890 -0.980460 43.239689  0.715212 -0.072750 0.695110  0.912928 0.184026
no_material
0  9.450809 -3.070305 41.907959  0.951964 -0.302159 -0.049645  0.913149 0.195128
0  9.862380 -1.036665 41.910751  0.993710 -0.098073 -0.054067  0.907379 0.187349
0  9.325890 -0.980460 43.239689  0.715212 -0.072750 0.695110  0.912928 0.184026
no_material
0  9.325890 -0.980460 43.239689  0.715212 -0.072750 0.695110  0.912928 0.184026
0  9.862380 -1.036665 41.910751  0.993710 -0.098073 -0.054067  0.907379 0.187349
0  9.322560 0.980100 43.235729  0.715604 0.076048 0.694354  0.909539 0.176378
no_material
0  9.862380 -1.036665 41.910751  0.993710 -0.098073 -0.054067  0.907379 0.187349
0  9.851400 1.035405 41.911335  0.992990 0.103992 -0.056179  0.903289 0.178427
0  9.322560 0.980100 43.235729  0.715604 0.076048 0.694354  0.909539 0.176378
no_material
0  9.322560 0.980100 43.235729  0.715604 0.076048 0.694354  0.909539 0.176378
0  9.851400 1.035405 41.911335  0.992990 0.103992 -0.056179  0.903289 0.178427
0  8.914815 2.896560 43.235462  0.683857 0.218761 0.696048  0.907728 0.168183
no_material
0  9.851400 1.035405 41.911335  0.992990 0.103992 -0.056179  0.903289 0.178427
0  9.435915 3.065760 41.909805  0.951065 0.303694 -0.056964  0.901303 0.168825
0  8.914815 2.896560 43.235462  0.683857 0.218761 0.696048  0.907728 0.168183
no_material
0  8.914815 2.896560 43.235462  0.683857 0.218761 0.696048  0.907728 0.168183
0  9.435915 3.065760 41.909805  0.951065 0.303694 -0.056964  0.901303 0.168825
0  8.128215 4.693185 43.250355  0.620654 0.357411 0.697887  0.907650 0.159844
no_material
0  9.435915 3.065760 41.909805  0.951065 0.303694 -0.056964  0.901303 0.168825
0  8.607960 4.970295 41.907017  0.863435 0.500716 -0.061343  0.901303 0.159199
0  8.128215 4.693185 43.250355  0.620654 0.357411 0.697887  0.907650 0.159844
no_material
0  8.128215 4.693185 43.250355  0.620654 0.357411 0.697887  0.907650 0.159844
0  8.607960 4.970295 41.907017  0.863435 0.500716 -0.061343  0.901303 0.159199
0  6.969060 6.275115 43.240547  0.529714 0.485246 0.695658  0.909403 0.151715
no_material
0  8.607960 4.970295 41.907017  0.863435 0.500716 -0.061343  0.901303 0.159199
0  7.373115 6.639300 41.910210  0.733783 0.676185 -0.065846  0.903244 0.149778
0  6.969060 6.275115 43.240547  0.529714 0.485246 0.695658  0.909403 0.151715
no_material
0  7.310160 -0.769860 44.450191  0.650930 -0.068091 0.756078  0.921393 0.179065
0  6.989490 -2.270835 44.448975  0.622014 -0.201792 0.756557  0.925151 0.184121
0  8.917470 -2.897550 43.239014  0.682413 -0.219496 0.697233  0.917886 0.190744
no_material
0  9.325890 -0.980460 43.239689  0.715212 -0.072750 0.695110  0.912928 0.184026
0  7.310160 -0.769860 44.450191  0.650930 -0.068091 0.756078  0.921393 0.179065
0  8.917470 -2.897550 43.239014  0.682413 -0.219496 0.697233  0.917886 0.190744
no_material
0  7.309620 0.769950 44.449921  0.651026 0.070066 0.755815  0.918825 0.173283
0  7.310160 -0.769860 44.450191  0.650930 -0.068091 0.756078  0.921393 0.179065
0  9.325890 -0.980460 43.239689  0.715212 -0.072750 0.695110  0.912928 0.184026
no_material
0  9.322560 0.980100 43.235729  0.715604 0.076048 0.694354  0.909539 0.176378
0  7.309620 0.769950 44.449921  0.651026 0.070066 0.755815  0.918825 0.173283
0  9.325890 -0.980460 43.239689  0.715212 -0.072750 0.695110  0.912928 0.184026
no_material
0  6.987105 2.270160 44.446903  0.621441 0.201845 0.757014  0.917524 0.167121
0  7.309620 0.769950 44.449921  0.651026 0.070066 0.755815  0.918825 0.173283
0  9.322560 0.980100 43.235729  0.715604 0.076048 0.694354  0.909539 0.176378
no_material
0  8.914815 2.896560 43.235462  0.683857 0.218761 0.696048  0.907728 0.168183
0  6.987105 2.270160 44.446903  0.621441 0.201845 0.757014  0.917524 0.167121
0  9.322560 0.980100 43.235729  0.715604 0.076048 0.694354  0.909539 0.176378
no_material
0  6.358995 3.672360 44.443306  0.564168 0.325202 0.758919  0.917463 0.160828
0  6.987105 2.270160 44.446903  0.621441 0.201845 0.757014  0.917524 0.167121
0  8.914815 2.896560 43.235462  0.683857 0.218761 0.696048  0.907728 0.168183
no_material
0  8.128215 4.693185 43.250355  0.620654 0.357411 0.697887  0.907650 0.159844
0  6.358995 3.672360 44.443306  0.564168 0.325202 0.758919  0.917463 0.160828
0  8.914815 2.896560 43.235462  0.683857 0.218761 0.696048  0.907728 0.168183
no_material
0  5.459130 4.915035 44.446140  0.483840 0.438315 0.757482  0.918775 0.154675
0  6.358995 3.672360 44.443306  0.564168 0.325202 0.758919  0.917463 0.160828
0  8.128215 4.693185 43.250355  0.620654 0.357411 0.697887  0.907650 0.159844
no_material
0  6.969060 6.275115 43.240547  0.529714 0.485246 0.695658  0.909403 0.151715
0  5.459130 4.915035 44.446140  0.483840 0.438315 0.757482  0.918775 0.154675
0  8.128215 4.693185 43.250355  0.620654 0.357411 0.697887  0.907650 0.159844
no_material
0  4.318650 5.943420 44.448345  0.386059 0.533101 0.752836  0.921351 0.148918
0  5.459130 4.915035 44.446140  0.483840 0.438315 0.757482  0.918775 0.154675
0  6.969060 6.275115 43.240547  0.529714 0.485246 0.695658  0.909403 0.151715
no_material
0  5.505750 7.578405 43.227898  0.419644 0.588631 0.690950  0.912839 0.144086
0  4.318650 5.943420 44.448345  0.386059 0.533101 0.752836  0.921351 0.148918
0  6.969060 6.275115 43.240547  0.529714 0.485246 0.695658  0.909403 0.151715
no_material
0  2.993085 6.722010 44.460854  0.269997 0.603933 0.749911  0.925044 0.143806
0  4.318650 5.943420 44.448345  0.386059 0.533101 0.752836  0.921351 0.148918
0  5.505750 7.578405 43.227898  0.419644 0.588631 0.690950  0.912839 0.144086
no_material
0  3.803085 8.541630 43.209045  0.296241 0.662173 0.688309  0.917732 0.137251
0  2.993085 6.722010 44.460854  0.269997 0.603933 0.749911  0.925044 0.143806
0  5.505750 7.578405 43.227898  0.419644 0.588631 0.690950  0.912839 0.144086
no_material
0  1.529505 7.194870 44.458561  0.143362 0.644005 0.751469  0.929675 0.139589
0  2.993085 6.722010 44.460854  0.269997 0.603933 0.749911  0.925044 0.143806
0  3.803085 8.541630 43.209045  0.296241 0.662173 0.688309  0.917732 0.137251
no_material
0  1.946745 9.158445 43.222904  0.159364 0.706262 0.689781  0.923940 0.131649
0  1.529505 7.194870 44.458561  0.143362 0.644005 0.751469  0.929675 0.139589
0  3.803085 8.541630 43.209045  0.296241 0.662173 0.688309  0.917732 0.137251
no_material
0  -0.000180 7.364565 44.467335  0.001666 0.656587 0.754248  0.935073 0.136393
0  1.529505 7.194870 44.458561  0.143362 0.644005 0.751469  0.929675 0.139589
0  1.946745 9.158445 43.222904  0.159364 0.706262 0.689781  0.923940 0.131649
no_material
0  0.000000 9.379980 43.240635  0.000926 0.722615 0.691250  0.931087 0.127450
0  -0.000180 7.364565 44.467335  0.001666 0.656587 0.754248  0.935073 0.136393
0  1.946745 9.158445 43.222904  0.159364 0.706262 0.689781  0.923940 0.131649
no_material
0  6.969060 6.275115 43.240547  0.529714 0.485246 0.695658  0.909403 0.151715
0  7.373115 6.639300 41.910210  0.733783 0.676185 -0.065846  0.903244 0.149778
0  5.505750 7.578405 43.227898  0.419644 0.588631 0.690950  0.912839 0.144086
no_material
0  7.373115 6.639300 41.910210  0.733783 0.676185 -0.065846  0.903244 0.149778
0  5.807430 7.992360 41.913361  0.579495 0.812409 -0.064635  0.907211 0.140823
0  5.505750 7.578405 43.227898  0.419644 0.588631 0.690950  0.912839 0.144086
no_material
0  5.505750 7.578405 43.227898  0.419644 0.588631 0.690950  0.912839 0.144086
0  5.807430 7.992360 41.913361  0.579495 0.812409 -0.064635  0.907211 0.140823
0  3.803085 8.541630 43.209045  0.296241 0.662173 0.688309  0.917732 0.137251
no_material
0  5.807430 7.992360 41.913361  0.579495 0.812409 -0.064635  0.907211 0.140823
0  4.014270 9.016245 41.913631  0.409953 0.910213 -0.058751  0.913071 0.132976
0  3.803085 8.541630 43.209045  0.296241 0.662173 0.688309  0.917732 0.137251
no_material
0  3.803085 8.541630 43.209045  0.296241 0.662173 0.688309  0.917732 0.137251
0  4.014270 9.016245 41.913631  0.409953 0.910213 -0.058751  0.913071 0.132976
0  1.946745 9.158445 43.222904  0.159364 0.706262 0.689781  0.923940 0.131649
no_material
0  4.014270 9.016245 41.913631  0.409953 0.910213 -0.058751  0.913071 0.132976
0  2.057805 9.681840 41.911877  0.218978 0.974161 -0.055304  0.920247 0.126513
0  1.946745 9.158445 43.222904  0.159364 0.706262 0.689781  0.923940 0.131649
no_material
0  1.946745 9.158445 43.222904  0.159364 0.706262 0.689781  0.923940 0.131649
0  2.057805 9.681840 41.911877  0.218978 0.974161 -0.055304  0.920247 0.126513
0  0.000000 9.379980 43.240635  0.000926 0.722615 0.691250  0.931087 0.127450
no_material
0  2.057805 9.681840 41.911877  0.218978 0.974161 -0.055304  0.920247 0.126513
0  -0.000180 9.923220 41.909760  -0.000716 0.998418 -0.056222  0.928501 0.121692
0  0.000000 9.379980 43.240635  0.000926 0.722615 0.691250  0.931087 0.127450
no_material
0  0.000000 9.379980 43.240635  0.000926 0.722615 0.691250  0.931087 0.127450
0  -0.000180 9.923220 41.909760  -0.000716 0.998418 -0.056222  0.928501 0.121692
0  -1.947960 9.163575 43.228168  -0.155444 0.708404 0.688477  0.939006 0.124971
no_material
0  -0.000180 9.923220 41.909760  -0.000716 0.998418 -0.056222  0.928501 0.121692
0  -2.056725 9.677340 41.912685  -0.216244 0.974597 -0.058301  0.937678 0.118656
0  -1.947960 9.163575 43.228168  -0.155444 0.708404 0.688477  0.939006 0.124971
no_material
0  -1.947960 9.163575 43.228168  -0.155444 0.708404 0.688477  0.939006 0.124971
0  -2.056725 9.677340 41.912685  -0.216244 0.974597 -0.058301  0.937678 0.118656
0  -3.806730 8.550045 43.218811  -0.291645 0.665548 0.687015  0.947294 0.124044
no_material
0  -2.056725 9.677340 41.912685  -0.216244 0.974597 -0.058301  0.937678 0.118656
0  -4.021200 9.031455 41.913857  -0.403056 0.913144 -0.060943  0.947346 0.117734
0  -3.806730 8.550045 43.218811  -0.291645 0.665548 0.687015  0.947294 0.124044
no_material
0  -1.529100 7.197255 44.461395  -0.138201 0.644890 0.751676  0.941028 0.134465
0  -0.000180 7.364565 44.467335  0.001666 0.656587 0.754248  0.935073 0.136393
0  0.000000 9.379980 43.240635  0.000926 0.722615 0.691250  0.931087 0.127450
no_material
0  -1.947960 9.163575 43.228168  -0.155444 0.708404 0.688477  0.939006 0.124971
0  -1.529100 7.197255 44.461395  -0.138201 0.644890 0.751676  0.941028 0.134465
0  0.000000 9.379980 43.240635  0.000926 0.722615 0.691250  0.931087 0.127450
no_material
0  -2.999430 6.738120 44.473862  -0.265124 0.605236 0.750599  0.947236 0.133724
0  -1.529100 7.197255 44.461395  -0.138201 0.644890 0.751676  0.941028 0.134465
0  -1.947960 9.163575 43.228168  -0.155444 0.708404 0.688477  0.939006 0.124971
no_material
0  -3.806730 8.550045 43.218811  -0.291645 0.665548 0.687015  0.947294 0.124044
0  -2.999430 6.738120 44.473862  -0.265124 0.605236 0.750599  0.947236 0.133724
0  -1.947960 9.163575 43.228168  -0.155444 0.708404 0.688477  0.939006 0.124971
no_material
0  -4.331880 5.961645 44.470123  -0.382731 0.534534 0.753519  0.953461 0.134387
0  -2.999430 6.738120 44.473862  -0.265124 0.605236 0.750599  0.947236 0.133724
0  -3.806730 8.550045 43.218811  -0.291645 0.665548 0.687015  0.947294 0.124044
no_material
0  -5.510610 7.585425 43.238026  -0.416040 0.591540 0.690645  0.955543 0.124918
0  -4.331880 5.961645 44.470123  -0.382731 0.534534 0.753519  0.953461 0.134387
0  -3.806730 8.550045 43.218811  -0.291645 0.665548 0.687015  0.947294 0.124044
no_material
0  -3.806730 8.550045 43.218811  -0.291645 0.665548 0.687015  0.947294 0.124044
0  -4.021200 9.031455 41.913857  -0.403056 0.913144 -0.060943  0.947346 0.117734
0  -5.510610 7.585425 43.238026  -0.416040 0.591540 0.690645  0.955543 0.124918
no_material
0  -4.021200 9.031455 41.913857  -0.403056 0.913144 -0.060943  0.947346 0.117734
0  -5.830875 8.026110 41.908905  -0.572717 0.817225 -0.064332  0.956891 0.118713
0  -5.510610 7.585425 43.238026  -0.416040 0.591540 0.690645  0.955543 0.124918
no_material
0  -5.510610 7.585425 43.238026  -0.416040 0.591540 0.690645  0.955543 0.124918
0  -5.830875 8.026110 41.908905  -0.572717 0.817225 -0.064332  0.956891 0.118713
0  -6.981345 6.286005 43.260029  -0.528412 0.485409 0.696534  0.963412 0.127417
no_material
0  -5.830875 8.026110 41.908905  -0.572717 0.817225 -0.064332  0.956891 0.118713
0  -7.423515 6.685110 41.897610  -0.732804 0.677339 -0.064879  0.965991 0.121502
0  -6.981345 6.286005 43.260029  -0.528412 0.485409 0.696534  0.963412 0.127417
no_material
0  -6.981345 6.286005 43.260029  -0.528412 0.485409 0.696534  0.963412 0.127417
0  -7.423515 6.685110 41.897610  -0.732804 0.677339 -0.064879  0.965991 0.121502
0  -8.138160 4.698135 43.262325  -0.621154 0.355210 0.698565  0.970566 0.131535
no_material
0  -7.423515 6.685110 41.897610  -0.732804 0.677339 -0.064879  0.965991 0.121502
0  -8.652690 4.993875 41.899681  -0.864089 0.499810 -0.059500  0.974346 0.126156
0  -8.138160 4.698135 43.262325  -0.621154 0.355210 0.698565  0.970566 0.131535
no_material
0  -8.138160 4.698135 43.262325  -0.621154 0.355210 0.698565  0.970566 0.131535
0  -8.652690 4.993875 41.899681  -0.864089 0.499810 -0.059500  0.974346 0.126156
0  -8.926020 2.899845 43.248016  -0.681776 0.220076 0.697673  0.976783 0.137078
no_material
0  -8.652690 4.993875 41.899681  -0.864089 0.499810 -0.059500  0.974346 0.126156
0  -9.488610 3.081780 41.910030  -0.950204 0.307009 -0.053448  0.981619 0.132594
0  -8.926020 2.899845 43.248016  -0.681776 0.220076 0.697673  0.976783 0.137078
no_material
0  -8.926020 2.899845 43.248016  -0.681776 0.220076 0.697673  0.976783 0.137078
0  -9.488610 3.081780 41.910030  -0.950204 0.307009 -0.053448  0.981619 0.132594
0  -9.337410 0.981225 43.252201  -0.712786 0.076823 0.697162  0.981710 0.143874
no_material
0  -9.488610 3.081780 41.910030  -0.950204 0.307009 -0.053448  0.981619 0.132594
0  -9.921150 1.042245 41.909042  -0.992991 0.106438 -0.051380  0.987537 0.140486
0  -9.337410 0.981225 43.252201  -0.712786 0.076823 0.697162  0.981710 0.143874
no_material
0  -9.337410 0.981225 43.252201  -0.712786 0.076823 0.697162  0.981710 0.143874
0  -9.921150 1.042245 41.909042  -0.992991 0.106438 -0.051380  0.987537 0.140486
0  -9.340515 -0.981450 43.255978  -0.712104 -0.074726 0.698086  0.985160 0.151485
no_material
0  -9.921150 1.042245 41.909042  -0.992991 0.106438 -0.051380  0.987537 0.140486
0  -9.932535 -1.042605 41.909084  -0.993694 -0.100611 -0.049500  0.991468 0.149516
0  -9.340515 -0.981450 43.255978  -0.712104 -0.074726 0.698086  0.985160 0.151485
end
