version 1
nodes
0 "Implicit" -1
end
skeleton
time 0
0  0.000000 0.000000 0.000000  0.000000 0.000000 0.000000
end
triangles
chess_set_pieces_black.001
0  -0.171254 -0.203922 1.054491  -0.311235 -0.869517 0.383501  0.315352 0.274071
0  -0.148244 -0.218451 1.052128  -0.466549 -0.606021 0.644260  0.310125 0.274035
0  -0.155324 -0.186316 1.059562  0.326992 -0.451605 0.830138  0.314692 0.269472
chess_set_pieces_black.001
0  -0.074754 -0.200093 1.065990  0.167132 0.763615 0.623666  0.918744 0.270920
0  -0.052158 -0.207606 1.079751  0.184082 0.972683 0.141429  0.915778 0.266497
0  -0.049993 -0.202400 1.059077  0.138150 0.428898 0.892727  0.919927 0.266070
chess_set_pieces_black.001
0  -0.192348 -0.100602 1.081369  0.806850 0.553431 0.206657  0.668306 0.314306
0  -0.212968 -0.070377 1.075985  0.505188 0.817324 0.277069  0.775817 0.136492
0  -0.214178 -0.067996 1.148261  0.091078 0.829576 0.550917  0.750967 0.030201
chess_set_pieces_black.001
0  -0.151257 -0.162312 1.075773  0.913250 0.134740 0.384473  0.669158 0.299968
0  -0.170465 -0.133231 1.081293  0.816628 0.562705 0.128382  0.668215 0.306759
0  -0.173785 -0.136373 1.147435  0.723338 -0.017562 0.690270  0.750427 0.014846
chess_set_pieces_black.001
0  -0.170603 -0.204131 1.028501  -0.604990 -0.794177 0.057178  0.437756 0.544437
0  -0.171254 -0.203922 1.054491  -0.311235 -0.869517 0.383501  0.442852 0.544286
0  -0.194511 -0.189415 1.051243  -0.671388 -0.740985 0.013387  0.442471 0.549641
chess_set_pieces_black.001
0  -0.172720 -0.206854 1.012159  -0.616973 -0.779770 0.106313  0.434515 0.544550
0  -0.170603 -0.204131 1.028501  -0.604990 -0.794177 0.057178  0.437756 0.544437
0  -0.190945 -0.186635 1.012235  -0.702539 -0.710576 0.038986  0.434825 0.549805
chess_set_pieces_black.001
0  0.000081 -0.256674 0.924772  0.081290 -0.873258 -0.480430  0.896900 0.690511
0  0.000127 -0.266368 0.946645  -0.021828 -0.963884 -0.265426  0.419535 0.509607
0  -0.132694 -0.229967 0.946777  -0.455593 -0.815193 -0.357626  0.421444 0.536334
chess_set_pieces_black.001
0  -0.108118 0.259883 1.071741  -0.175900 0.978290 0.109577  0.445010 0.653608
0  -0.073047 0.266592 1.054462  -0.137452 0.868794 0.475715  0.441027 0.660284
0  -0.102769 0.257379 1.028497  -0.366279 0.928420 0.062259  0.436604 0.653822
chess_set_pieces_black.001
0  -0.226051 -0.006283 1.075615  0.593223 -0.785165 0.177769  0.327318 0.203229
0  -0.220376 0.020570 1.079726  0.961159 -0.217757 0.169575  0.326631 0.208625
0  -0.225082 0.022625 1.147116  0.516307 -0.534439 0.669181  0.120267 0.090046
chess_set_pieces_black.001
0  -0.208586 -0.166498 1.028498  -0.791507 -0.610810 -0.020661  0.438148 0.554886
0  -0.170603 -0.204131 1.028501  -0.604990 -0.794177 0.057178  0.437756 0.544437
0  -0.194511 -0.189415 1.051243  -0.671388 -0.740985 0.013387  0.442471 0.549641
chess_set_pieces_black.001
0  -0.194511 -0.189415 1.051243  -0.671388 -0.740985 0.013387  0.442471 0.549641
0  -0.171254 -0.203922 1.054491  -0.311235 -0.869517 0.383501  0.442852 0.544286
0  -0.175058 -0.199890 1.073197  0.043680 -0.989368 0.138718  0.446576 0.545194
chess_set_pieces_black.001
0  -0.125141 -0.183375 1.058016  -0.047832 0.006859 0.998832  0.310174 0.265764
0  -0.148244 -0.218451 1.052128  -0.466549 -0.606021 0.644260  0.310125 0.274035
0  -0.118810 -0.211273 1.062563  -0.584595 0.120842 0.802276  0.306020 0.269484
chess_set_pieces_black.001
0  -0.233684 0.141164 1.055129  -0.579505 0.657991 0.480855  0.443617 0.619534
0  -0.252348 0.118199 1.072085  -0.711938 0.652359 0.259945  0.447073 0.613866
0  -0.219673 0.118889 1.074166  0.032237 0.570088 0.820951  0.775873 0.172313
chess_set_pieces_black.001
0  -0.263501 -0.046933 1.052166  -0.778888 -0.159902 0.606436  0.062192 0.010172
0  -0.222040 -0.040706 1.058038  0.014469 0.042887 0.998975  0.070537 0.009867
0  -0.245694 -0.019951 1.059618  -0.094440 -0.484003 0.869955  0.066752 0.014597
chess_set_pieces_black.001
0  0.202693 -0.093644 1.075658  -0.869261 -0.442397 0.220612  0.439148 0.162465
0  0.241626 -0.116896 1.073229  0.360012 -0.925634 0.116590  0.437500 0.448938
0  0.204345 -0.091811 1.148479  -0.641775 -0.550210 0.534222  0.824982 0.338409
chess_set_pieces_black.001
0  -0.237513 -0.063063 1.062621  -0.265043 0.394079 0.880031  0.780397 0.133364
0  -0.258844 -0.073230 1.054876  -0.967779 0.022969 0.250750  0.785002 0.132015
0  -0.255984 -0.076415 1.073242  -0.821104 0.462296 0.334769  0.784682 0.135637
chess_set_pieces_black.001
0  -0.237513 -0.063063 1.062621  -0.265043 0.394079 0.880031  0.066840 0.006072
0  -0.213742 -0.065161 1.061433  0.245209 0.575468 0.780198  0.071252 0.004909
0  -0.222040 -0.040706 1.058038  0.014469 0.042887 0.998975  0.070537 0.009867
chess_set_pieces_black.001
0  -0.192348 -0.100602 1.081369  0.806850 0.553431 0.206657  0.668306 0.314306
0  -0.166645 -0.131230 1.060172  0.357386 0.546242 0.757559  0.717814 0.990275
0  -0.188865 -0.099235 1.060369  0.359090 0.255395 0.897679  0.672423 0.314067
chess_set_pieces_black.001
0  -0.175058 -0.199890 1.073197  0.043680 -0.989368 0.138718  0.775030 0.213616
0  -0.155324 -0.186316 1.059562  0.326992 -0.451605 0.830138  0.779490 0.210720
0  -0.151257 -0.162312 1.075773  0.913250 0.134740 0.384473  0.783755 0.214362
chess_set_pieces_black.001
0  -0.075460 0.241763 1.074234  0.508456 0.092611 0.856093  0.990720 0.205968
0  -0.073047 0.266592 1.054462  -0.137452 0.868794 0.475715  0.441027 0.660284
0  -0.108118 0.259883 1.071741  -0.175900 0.978290 0.109577  0.445010 0.653608
chess_set_pieces_black.001
0  -0.267883 -0.047558 1.012182  -0.978338 -0.206893 0.007119  0.435491 0.581127
0  -0.263501 -0.046933 1.052166  -0.778888 -0.159902 0.606436  0.443358 0.581001
0  -0.269212 -0.020763 1.028501  -0.993404 -0.113883 0.013352  0.438794 0.586332
chess_set_pieces_black.001
0  -0.261285 0.069985 1.151008  -0.547462 0.413650 0.727447  0.462512 0.604546
0  -0.268438 -0.013708 1.148967  -0.509240 -0.658114 0.554582  0.904513 0.224783
0  -0.225082 0.022625 1.147116  0.516307 -0.534439 0.669181  0.313530 0.209036
chess_set_pieces_black.001
0  -0.220055 0.003528 1.065468  0.871596 -0.169870 0.459854  0.329475 0.205319
0  -0.224272 -0.013565 1.060879  0.238363 -0.481446 0.843441  0.330142 0.201822
0  -0.212660 -0.018109 1.056547  0.116551 -0.014615 0.993077  0.332668 0.201583
chess_set_pieces_black.001
0  0.241626 -0.116896 1.073229  0.360012 -0.925634 0.116590  0.437500 0.448938
0  0.262293 -0.069086 1.070738  0.960753 -0.275902 0.028848  0.435445 0.438864
0  0.258746 -0.069947 1.148475  0.437350 -0.469459 0.767029  0.565254 0.022431
chess_set_pieces_black.001
0  -0.194511 -0.189415 1.051243  -0.671388 -0.740985 0.013387  0.442471 0.549641
0  -0.212242 -0.168869 1.070969  -0.766398 -0.635991 0.090277  0.446422 0.554771
0  -0.208586 -0.166498 1.028498  -0.791507 -0.610810 -0.020661  0.438148 0.554886
chess_set_pieces_black.001
0  0.223023 -0.016289 1.150130  -0.452714 0.510924 0.730758  0.825537 0.353311
0  0.204345 -0.091811 1.148479  -0.641775 -0.550210 0.534222  0.439421 0.176538
0  0.258746 -0.069947 1.148475  0.437350 -0.469459 0.767029  0.450509 0.436867
chess_set_pieces_black.001
0  -0.224272 -0.013565 1.060879  0.238363 -0.481446 0.843441  0.071000 0.015108
0  -0.245694 -0.019951 1.059618  -0.094440 -0.484003 0.869955  0.066752 0.014597
0  -0.222040 -0.040706 1.058038  0.014469 0.042887 0.998975  0.070537 0.009867
chess_set_pieces_black.001
0  -0.269212 -0.020763 1.028501  -0.993404 -0.113883 0.013352  0.438794 0.586332
0  -0.269328 -0.020790 1.054979  -0.781690 -0.510404 0.358398  0.443991 0.586256
0  -0.275690 0.004020 1.051479  -0.998433 -0.055863 0.003201  0.443353 0.591238
chess_set_pieces_black.001
0  -0.201238 0.184496 1.148797  -0.786725 -0.268131 0.556030  0.461301 0.631385
0  -0.203359 0.182117 1.073052  -0.965130 -0.047656 0.257397  0.533254 0.048124
0  -0.167890 0.155276 1.075339  0.287447 -0.914702 0.284068  0.957682 0.159442
chess_set_pieces_black.001
0  -0.267883 -0.047558 1.012182  -0.978338 -0.206893 0.007119  0.435491 0.581127
0  -0.271222 0.004557 1.012233  -0.999337 0.031887 -0.017565  0.435643 0.591315
0  -0.273636 -0.000089 0.979026  -0.998987 -0.019232 -0.040673  0.429149 0.590445
chess_set_pieces_black.001
0  0.258746 -0.069947 1.148475  0.437350 -0.469459 0.767029  0.450509 0.436867
0  0.262293 -0.069086 1.070738  0.960753 -0.275902 0.028848  0.435445 0.438864
0  0.272359 -0.017090 1.070749  0.989565 -0.086875 0.114951  0.433870 0.428651
chess_set_pieces_black.001
0  -0.012399 0.231156 1.075852  -0.710625 -0.559043 0.427180  0.307753 0.179942
0  0.033815 0.220179 1.079331  -0.266615 -0.939870 0.213451  0.316921 0.180845
0  0.032359 0.227902 1.150518  -0.150394 -0.438063 0.886275  0.987210 0.106958
chess_set_pieces_black.001
0  0.126536 -0.235216 1.049741  0.459113 -0.888172 0.019137  0.436900 0.482241
0  0.102113 -0.246797 1.028481  0.363260 -0.931654 0.007923  0.433374 0.487958
0  0.149792 -0.224596 1.028445  0.520033 -0.851741 0.064053  0.432186 0.477821
chess_set_pieces_black.001
0  -0.164061 -0.284320 0.141226  -0.495130 -0.859950 0.123827  0.038218 0.585902
0  -0.160436 -0.277824 0.282979  -0.413864 -0.844698 0.339414  0.576837 0.597040
0  -0.287719 -0.165989 0.221516  -0.848979 -0.483938 0.212222  0.072157 0.568795
chess_set_pieces_black.001
0  -0.020114 0.275052 1.073455  -0.635827 0.668907 0.385081  0.562504 0.039594
0  -0.018236 0.274492 1.149284  -0.760452 0.382616 0.524707  0.994228 0.118347
0  0.035207 0.275577 1.070889  0.148356 0.973131 0.176085  0.441684 0.681929
chess_set_pieces_black.001
0  -0.269836 0.029302 1.028496  -0.989341 0.111581 -0.093565  0.438786 0.596146
0  -0.269212 -0.020763 1.028501  -0.993404 -0.113883 0.013352  0.438794 0.586332
0  -0.275690 0.004020 1.051479  -0.998433 -0.055863 0.003201  0.443353 0.591238
chess_set_pieces_black.001
0  -0.275690 0.004020 1.051479  -0.998433 -0.055863 0.003201  0.443353 0.591238
0  -0.269328 -0.020790 1.054979  -0.781690 -0.510404 0.358398  0.443991 0.586256
0  -0.269126 -0.015464 1.073570  -0.545526 -0.812883 0.204015  0.447656 0.587239
chess_set_pieces_black.001
0  -0.269836 0.029302 1.028496  -0.989341 0.111581 -0.093565  0.438786 0.596146
0  -0.275690 0.004020 1.051479  -0.998433 -0.055863 0.003201  0.443353 0.591238
0  -0.274361 0.028363 1.071216  -0.992128 0.080144 0.096218  0.447104 0.595982
chess_set_pieces_black.001
0  -0.167890 0.155276 1.075339  0.287447 -0.914702 0.284068  0.957682 0.159442
0  -0.131554 0.182332 1.079988  0.564036 -0.808130 0.169675  0.949012 0.158203
0  -0.134371 0.186154 1.147161  0.170978 -0.448224 0.877418  0.571413 0.086550
chess_set_pieces_black.001
0  0.126200 -0.177541 1.150036  -0.336310 0.591042 0.733188  0.773772 0.110749
0  0.119011 -0.210618 1.155533  -0.181695 -0.024642 0.983046  0.778309 0.105949
0  0.149878 -0.216071 1.148304  0.380381 -0.616515 0.689361  0.782810 0.110218
chess_set_pieces_black.001
0  -0.160490 0.228159 1.028455  -0.573536 0.819043 -0.015001  0.437459 0.641392
0  -0.160315 0.227863 1.012185  -0.559516 0.821955 -0.106452  0.434361 0.641194
0  -0.186528 0.207207 1.012168  -0.661633 0.744838 -0.086365  0.434723 0.634855
chess_set_pieces_black.001
0  -0.245694 -0.019951 1.059618  -0.094440 -0.484003 0.869955  0.909100 0.207302
0  -0.224272 -0.013565 1.060879  0.238363 -0.481446 0.843441  0.913350 0.207758
0  -0.226051 -0.006283 1.075615  0.593223 -0.785165 0.177769  0.913265 0.210909
chess_set_pieces_black.001
0  0.156054 -0.148238 1.078718  -0.216072 0.923298 0.317543  0.870016 0.264419
0  0.173203 -0.139210 1.063753  0.081812 0.428761 0.899706  0.865999 0.261919
0  0.155153 -0.141780 1.061532  -0.157294 0.381597 0.910847  0.869330 0.260749
chess_set_pieces_black.001
0  -0.233684 0.141164 1.055129  -0.579505 0.657991 0.480855  0.443617 0.619534
0  -0.209254 0.176698 1.054694  -0.855587 0.295750 0.424856  0.443245 0.627903
0  -0.212137 0.179167 1.028459  -0.801167 0.595925 0.054817  0.438145 0.627755
chess_set_pieces_black.001
0  0.172498 0.212896 1.052677  0.333711 0.797225 0.503059  0.433616 0.710651
0  0.195260 0.196714 1.028486  0.700412 0.713442 -0.020589  0.428022 0.714999
0  0.151191 0.235821 1.028461  0.571643 0.802884 0.169119  0.429990 0.704001
chess_set_pieces_black.001
0  -0.033590 0.278548 1.028456  -0.169466 0.984136 0.052520  0.435191 0.667596
0  -0.033555 0.278272 1.012183  -0.148778 0.979774 -0.133821  0.432117 0.667273
0  -0.070801 0.270872 1.012184  -0.264837 0.963714 -0.033416  0.432858 0.660100
chess_set_pieces_black.001
0  -0.269126 -0.015464 1.073570  -0.545526 -0.812883 0.204015  0.904685 0.210258
0  -0.245694 -0.019951 1.059618  -0.094440 -0.484003 0.869955  0.909100 0.207302
0  -0.226051 -0.006283 1.075615  0.593223 -0.785165 0.177769  0.913265 0.210909
chess_set_pieces_black.001
0  -0.197325 0.086864 1.058524  0.520488 0.062204 0.851600  0.331452 0.221960
0  -0.196632 0.112386 1.060854  0.409237 0.148682 0.900233  0.330704 0.226832
0  -0.205262 0.088911 1.078251  0.962281 -0.029195 0.270486  0.327154 0.222105
chess_set_pieces_black.001
0  -0.108118 0.259883 1.071741  -0.175900 0.978290 0.109577  0.445010 0.653608
0  -0.108021 0.253391 1.151756  0.350708 0.567382 0.745038  0.559821 0.078634
0  -0.075460 0.241763 1.074234  0.508456 0.092611 0.856093  0.990720 0.205968
chess_set_pieces_black.001
0  -0.134371 0.186154 1.147161  0.170978 -0.448224 0.877418  0.949490 0.145173
0  -0.162610 0.227323 1.070796  -0.595977 0.792782 0.127705  0.445566 0.641452
0  -0.201238 0.184496 1.148797  -0.786725 -0.268131 0.556030  0.518770 0.048572
chess_set_pieces_black.001
0  -0.160315 0.227863 1.012185  -0.559516 0.821955 -0.106452  0.434361 0.641194
0  -0.160490 0.228159 1.028455  -0.573536 0.819043 -0.015001  0.437459 0.641392
0  -0.132956 0.245724 1.012176  -0.484344 0.874871 0.003298  0.433966 0.647409
chess_set_pieces_black.001
0  -0.018236 0.274492 1.149284  -0.760452 0.382616 0.524707  0.458074 0.673755
0  -0.020114 0.275052 1.073455  -0.635827 0.668907 0.385081  0.562504 0.039594
0  -0.012399 0.231156 1.075852  -0.710625 -0.559043 0.427180  0.307753 0.179942
chess_set_pieces_black.001
0  0.156054 -0.148238 1.078718  -0.216072 0.923298 0.317543  0.870016 0.264419
0  0.155153 -0.141780 1.061532  -0.157294 0.381597 0.910847  0.658875 0.970754
0  0.130648 -0.164272 1.062101  -0.407645 0.736842 0.539341  0.875698 0.260986
chess_set_pieces_black.001
0  -0.167890 0.155276 1.075339  0.287447 -0.914702 0.284068  0.957682 0.159442
0  -0.172689 0.147502 1.064170  0.268576 -0.562181 0.782189  0.959223 0.161751
0  -0.149969 0.165993 1.065910  0.461547 -0.631272 0.623274  0.953607 0.161134
chess_set_pieces_black.001
0  0.231894 0.142559 1.148495  0.580049 0.427504 0.693386  0.523907 0.092260
0  0.193219 0.118179 1.150137  -0.580294 -0.433652 0.689351  0.317050 0.234724
0  0.254041 0.093260 1.146605  0.738743 -0.390089 0.549626  0.445710 0.742020
chess_set_pieces_black.001
0  -0.160490 0.228159 1.028455  -0.573536 0.819043 -0.015001  0.437459 0.641392
0  -0.212137 0.179167 1.028459  -0.801167 0.595925 0.054817  0.438145 0.627755
0  -0.187939 0.206716 1.050840  -0.712512 0.696249 0.086971  0.442126 0.634965
chess_set_pieces_black.001
0  -0.203359 0.182117 1.073052  -0.965130 -0.047656 0.257397  0.533254 0.048124
0  -0.209254 0.176698 1.054694  -0.855587 0.295750 0.424856  0.537127 0.047738
0  -0.195268 0.156493 1.062730  -0.345360 -0.021990 0.938213  0.536443 0.052720
chess_set_pieces_black.001
0  -0.033555 0.278272 1.012183  -0.148778 0.979774 -0.133821  0.432117 0.667273
0  -0.033590 0.278548 1.028456  -0.169466 0.984136 0.052520  0.435191 0.667596
0  0.001022 0.281329 1.012153  -0.007213 0.996298 -0.085666  0.431336 0.673800
chess_set_pieces_black.001
0  -0.012399 0.231156 1.075852  -0.710625 -0.559043 0.427180  0.307753 0.179942
0  0.009324 0.221708 1.066513  -0.201696 -0.704879 0.680047  0.312322 0.178147
0  0.033815 0.220179 1.079331  -0.266615 -0.939870 0.213451  0.316921 0.180845
chess_set_pieces_black.001
0  -0.128934 0.177296 1.059186  0.123800 -0.583365 0.802720  0.949011 0.162407
0  -0.165987 0.138084 1.056736  0.148565 -0.109738 0.982795  0.735691 0.941509
0  -0.134034 0.144757 1.059388  0.039117 -0.062889 0.997254  0.730334 0.938180
chess_set_pieces_black.001
0  0.035207 0.275577 1.070889  0.148356 0.973131 0.176085  0.441684 0.681929
0  0.003039 0.282179 1.051082  -0.015892 0.991993 0.125287  0.438788 0.675180
0  -0.020114 0.275052 1.073455  -0.635827 0.668907 0.385081  0.443650 0.671069
chess_set_pieces_black.001
0  -0.026360 -0.124218 1.059330  0.002442 -0.002336 0.999994  0.692907 0.979637
0  -0.066364 -0.177248 1.059397  0.023312 0.078973 0.996604  0.696602 0.991893
0  -0.049993 -0.202400 1.059077  0.138150 0.428898 0.892727  0.691965 0.995349
chess_set_pieces_black.001
0  0.033246 0.279126 1.028447  0.138546 0.990006 0.026322  0.433672 0.680288
0  0.033242 0.278745 1.012174  0.173420 0.980274 -0.094811  0.430606 0.679877
0  0.001022 0.281329 1.012153  -0.007213 0.996298 -0.085666  0.431336 0.673800
chess_set_pieces_black.001
0  0.097692 0.260314 1.071549  0.550347 0.826365 0.119329  0.440103 0.694185
0  0.097193 0.257040 1.148065  0.681508 0.129699 0.720226  0.995312 0.095749
0  0.113468 0.227338 1.073914  0.697932 -0.322142 0.639621  0.920315 0.287379
chess_set_pieces_black.001
0  -0.073047 0.266592 1.054462  -0.137452 0.868794 0.475715  0.995204 0.201582
0  -0.064002 0.221373 1.061153  0.187842 -0.008297 0.982164  0.122499 0.012995
0  -0.031620 0.251270 1.062825  -0.308991 0.222676 0.924630  0.115272 0.008537
chess_set_pieces_black.001
0  0.190202 0.112439 1.079970  -0.806802 -0.571379 0.150320  0.315983 0.248346
0  0.213373 0.079175 1.075450  -0.446587 -0.806329 0.387806  0.736183 0.287161
0  0.193219 0.118179 1.150137  -0.580294 -0.433652 0.689351  0.317050 0.234724
chess_set_pieces_black.001
0  0.235318 0.135890 0.946228  0.825445 0.455458 -0.333466  0.409920 0.725478
0  0.223959 0.129305 0.923135  0.721162 0.411805 -0.557083  0.884405 0.779196
0  0.136554 0.236301 0.946020  0.480536 0.787055 -0.386820  0.414914 0.698986
chess_set_pieces_black.001
0  -0.029729 0.274352 1.055906  -0.282215 0.857485 0.430202  0.114174 0.004014
0  -0.073047 0.266592 1.054462  -0.137452 0.868794 0.475715  0.122652 0.004014
0  -0.031620 0.251270 1.062825  -0.308991 0.222676 0.924630  0.115272 0.008537
chess_set_pieces_black.001
0  -0.070801 0.270872 1.012184  -0.264837 0.963714 -0.033416  0.432858 0.660100
0  -0.073047 0.266592 1.054462  -0.137452 0.868794 0.475715  0.441027 0.660284
0  -0.033590 0.278548 1.028456  -0.169466 0.984136 0.052520  0.435191 0.667596
chess_set_pieces_black.001
0  -0.101186 0.175042 0.861644  -0.474398 0.749563 -0.461630  0.944472 0.760027
0  0.101565 0.175840 0.861110  0.464851 0.753513 -0.464899  0.762786 0.172451
0  0.000047 0.184473 0.761177  -0.011246 0.992154 -0.124514  0.743210 0.153819
chess_set_pieces_black.001
0  -0.021664 0.217087 1.056714  -0.035394 -0.323289 0.945638  0.714874 0.917559
0  -0.019732 0.198216 1.059414  0.000984 0.051476 0.998674  0.713233 0.920868
0  0.007845 0.199203 1.059396  -0.043488 -0.098447 0.994192  0.708306 0.918846
chess_set_pieces_black.001
0  -0.104014 0.260474 1.012154  -0.382778 0.922313 -0.053109  0.433435 0.653549
0  -0.102769 0.257379 1.028497  -0.366279 0.928420 0.062259  0.436604 0.653822
0  -0.070801 0.270872 1.012184  -0.264837 0.963714 -0.033416  0.432858 0.660100
chess_set_pieces_black.001
0  0.254537 -0.093914 1.050955  0.921260 -0.388584 0.016806  0.432394 0.444481
0  0.240551 -0.117048 1.052868  0.653823 -0.698394 0.291137  0.433551 0.449674
0  0.244468 -0.115052 1.028488  0.899140 -0.432016 0.070072  0.428683 0.449626
chess_set_pieces_black.001
0  0.032359 0.227902 1.150518  -0.150394 -0.438063 0.886275  0.315933 0.194710
0  0.035207 0.275577 1.070889  0.148356 0.973131 0.176085  0.441684 0.681929
0  -0.018236 0.274492 1.149284  -0.760452 0.382616 0.524707  0.548030 0.040167
chess_set_pieces_black.001
0  0.033242 0.278745 1.012174  0.173420 0.980274 -0.094811  0.430606 0.679877
0  0.033246 0.279126 1.028447  0.138546 0.990006 0.026322  0.433672 0.680288
0  0.064949 0.272808 1.012183  0.225545 0.972635 -0.055774  0.429755 0.685930
chess_set_pieces_black.001
0  -0.020114 0.275052 1.073455  -0.635827 0.668907 0.385081  0.562504 0.039594
0  -0.031620 0.251270 1.062825  -0.308991 0.222676 0.924630  0.565730 0.044085
0  -0.012399 0.231156 1.075852  -0.710625 -0.559043 0.427180  0.562155 0.048693
chess_set_pieces_black.001
0  0.113468 0.227338 1.073914  0.697932 -0.322142 0.639621  0.920315 0.287379
0  0.097193 0.257040 1.148065  0.681508 0.129699 0.720226  0.995312 0.095749
0  0.079015 0.209702 1.077700  0.136429 -0.926778 0.349956  0.325932 0.180658
chess_set_pieces_black.001
0  0.172498 0.212896 1.052677  0.333711 0.797225 0.503059  0.433616 0.710651
0  0.196759 0.195766 1.071664  0.563667 0.813406 0.143702  0.436068 0.716964
0  0.195260 0.196714 1.028486  0.700412 0.713442 -0.020589  0.428022 0.714999
chess_set_pieces_black.001
0  0.033246 0.279126 1.028447  0.138546 0.990006 0.026322  0.433672 0.680288
0  -0.033590 0.278548 1.028456  -0.169466 0.984136 0.052520  0.435191 0.667596
0  0.003039 0.282179 1.051082  -0.015892 0.991993 0.125287  0.438788 0.675180
chess_set_pieces_black.001
0  -0.020114 0.275052 1.073455  -0.635827 0.668907 0.385081  0.562504 0.039594
0  -0.029729 0.274352 1.055906  -0.282215 0.857485 0.430202  0.566390 0.039438
0  -0.031620 0.251270 1.062825  -0.308991 0.222676 0.924630  0.565730 0.044085
chess_set_pieces_black.001
0  0.009324 0.221708 1.066513  -0.201696 -0.704879 0.680047  0.312322 0.178147
0  0.033791 0.214722 1.061955  -0.119956 -0.469084 0.874969  0.317214 0.177312
0  0.033815 0.220179 1.079331  -0.266615 -0.939870 0.213451  0.316921 0.180845
chess_set_pieces_black.001
0  0.158945 0.196593 1.074009  -0.378751 0.573378 0.726488  0.694552 0.008476
0  0.147572 0.176078 1.063781  -0.491725 -0.083837 0.866705  0.330730 0.251866
0  0.162528 0.151570 1.078129  -0.899835 -0.339876 0.273462  0.325208 0.249059
chess_set_pieces_black.001
0  0.009324 0.221708 1.066513  -0.201696 -0.704879 0.680047  0.312322 0.178147
0  0.007845 0.199203 1.059396  -0.043488 -0.098447 0.994192  0.708306 0.918846
0  0.033791 0.214722 1.061955  -0.119956 -0.469084 0.874969  0.317214 0.177312
chess_set_pieces_black.001
0  0.172498 0.212896 1.052677  0.333711 0.797225 0.503059  0.698425 0.004012
0  0.158945 0.196593 1.074009  -0.378751 0.573378 0.726488  0.694552 0.008476
0  0.196759 0.195766 1.071664  0.563667 0.813406 0.143702  0.436068 0.716964
chess_set_pieces_black.001
0  0.199898 0.091953 1.067049  -0.714739 -0.463726 0.523551  0.311525 0.250823
0  0.190202 0.112439 1.079970  -0.806802 -0.571379 0.150320  0.315983 0.248346
0  0.187181 0.107558 1.062024  -0.417314 -0.216687 0.882551  0.315406 0.251983
chess_set_pieces_black.001
0  0.093724 -0.185839 1.062048  -0.455622 0.328091 0.827505  0.883889 0.260378
0  0.070865 -0.207303 1.064176  -0.437062 0.270267 0.857865  0.890053 0.260899
0  0.092116 -0.191488 1.079347  -0.712048 0.662339 0.233013  0.884953 0.263869
chess_set_pieces_black.001
0  0.123976 0.243545 1.054035  0.524463 0.591085 0.612827  0.924171 0.283529
0  0.104494 0.207967 1.061347  0.237174 -0.230265 0.943783  0.986117 0.015229
0  0.139225 0.212447 1.057345  0.173295 0.312255 0.934059  0.990723 0.010178
chess_set_pieces_black.001
0  0.248429 0.118941 1.050734  0.919036 0.378500 0.110044  0.428594 0.733580
0  0.262804 0.090752 1.028461  0.947347 0.304997 0.097526  0.423133 0.738551
0  0.234883 0.150189 1.028451  0.844166 0.535711 -0.019914  0.425716 0.726358
chess_set_pieces_black.001
0  0.158945 0.196593 1.074009  -0.378751 0.573378 0.726488  0.694552 0.008476
0  0.162528 0.151570 1.078129  -0.899835 -0.339876 0.273462  0.325208 0.249059
0  0.163156 0.193312 1.150308  -0.442210 0.648952 0.619121  0.679701 0.008781
chess_set_pieces_black.001
0  0.172498 0.212896 1.052677  0.333711 0.797225 0.503059  0.433616 0.710651
0  0.123976 0.243545 1.054035  0.524463 0.591085 0.612827  0.993962 0.016100
0  0.139225 0.212447 1.057345  0.173295 0.312255 0.934059  0.990723 0.010178
chess_set_pieces_black.001
0  0.097692 0.260314 1.071549  0.550347 0.826365 0.119329  0.440103 0.694185
0  0.123976 0.243545 1.054035  0.524463 0.591085 0.612827  0.435909 0.699728
0  0.096171 0.264509 1.028456  0.377411 0.924275 0.057238  0.431906 0.692431
chess_set_pieces_black.001
0  0.195260 0.196714 1.028486  0.700412 0.713442 -0.020589  0.428022 0.714999
0  0.233558 0.146116 1.070721  0.865267 0.499484 0.042767  0.433538 0.728522
0  0.234883 0.150189 1.028451  0.844166 0.535711 -0.019914  0.425716 0.726358
chess_set_pieces_black.001
0  0.235434 -0.136545 1.012170  0.855170 -0.517350 0.032139  0.426150 0.454508
0  0.244468 -0.115052 1.028488  0.899140 -0.432016 0.070072  0.428683 0.449626
0  0.229091 -0.134211 1.050058  0.580789 -0.541716 0.607641  0.433653 0.453797
chess_set_pieces_black.001
0  0.215236 0.073635 1.063691  -0.054931 -0.488928 0.870593  0.736127 0.289644
0  0.238739 0.076170 1.058881  0.388028 -0.398678 0.830957  0.731679 0.290852
0  0.213373 0.079175 1.075450  -0.446587 -0.806329 0.387806  0.736183 0.287161
chess_set_pieces_black.001
0  0.262804 0.090752 1.028461  0.947347 0.304997 0.097526  0.423133 0.738551
0  0.256701 0.087919 1.052661  0.890038 0.047822 0.453371  0.427758 0.739720
0  0.262415 0.060237 1.049654  0.771437 0.144073 0.619781  0.426181 0.744927
chess_set_pieces_black.001
0  0.248429 0.118941 1.050734  0.919036 0.378500 0.110044  0.428594 0.733580
0  0.234883 0.150189 1.028451  0.844166 0.535711 -0.019914  0.425716 0.726358
0  0.233558 0.146116 1.070721  0.865267 0.499484 0.042767  0.433538 0.728522
chess_set_pieces_black.001
0  0.190202 0.112439 1.079970  -0.806802 -0.571379 0.150320  0.315983 0.248346
0  0.193219 0.118179 1.150137  -0.580294 -0.433652 0.689351  0.523684 0.083215
0  0.162528 0.151570 1.078129  -0.899835 -0.339876 0.273462  0.325208 0.249059
chess_set_pieces_black.001
0  0.199898 0.091953 1.067049  -0.714739 -0.463726 0.523551  0.311525 0.250823
0  0.215236 0.073635 1.063691  -0.054931 -0.488928 0.870593  0.306832 0.251065
0  0.213373 0.079175 1.075450  -0.446587 -0.806329 0.387806  0.308047 0.248888
chess_set_pieces_black.001
0  0.156054 -0.148238 1.078718  -0.216072 0.923298 0.317543  0.870016 0.264419
0  0.190867 -0.185459 1.148180  0.756019 0.116759 0.644051  0.454178 0.464277
0  0.203635 -0.170697 1.132340  0.845452 0.393417 0.361156  0.145261 0.223745
chess_set_pieces_black.001
0  0.231894 0.142559 1.148495  0.580049 0.427504 0.693386  0.523907 0.092260
0  0.198044 0.154240 1.153713  -0.169987 0.097043 0.980656  0.518364 0.087888
0  0.193219 0.118179 1.150137  -0.580294 -0.433652 0.689351  0.523684 0.083215
chess_set_pieces_black.001
0  0.158945 0.196593 1.074009  -0.378751 0.573378 0.726488  0.694552 0.008476
0  0.139225 0.212447 1.057345  0.173295 0.312255 0.934059  0.990723 0.010178
0  0.147572 0.176078 1.063781  -0.491725 -0.083837 0.866705  0.696501 0.013096
chess_set_pieces_black.001
0  0.202868 -0.074928 1.068006  -0.890750 0.198650 0.408783  0.809350 0.341578
0  0.202693 -0.093644 1.075658  -0.869261 -0.442397 0.220612  0.810999 0.337975
0  0.209140 -0.056626 1.081630  -0.959214 0.185496 0.213305  0.812132 0.345321
chess_set_pieces_black.001
0  0.129634 -0.233823 1.132889  0.307327 -0.903447 0.298888  0.452881 0.479721
0  0.104807 -0.246349 1.071857  0.141501 -0.978405 0.150673  0.441749 0.486486
0  0.126536 -0.235216 1.049741  0.459113 -0.888172 0.019137  0.436900 0.482241
chess_set_pieces_black.001
0  0.197612 -0.113209 1.057762  -0.012370 -0.143370 0.989592  0.258957 0.318906
0  0.201639 -0.095973 1.063643  -0.659843 -0.326540 0.676741  0.257669 0.322238
0  0.193582 -0.090413 1.060493  -0.177623 -0.041392 0.983228  0.255720 0.322045
chess_set_pieces_black.001
0  0.262415 0.060237 1.049654  0.771437 0.144073 0.619781  0.669567 0.289463
0  0.224109 0.049617 1.057960  0.055608 0.052196 0.997087  0.670107 0.281483
0  0.247429 0.033772 1.062447  0.204099 0.472920 0.857141  0.674180 0.285126
chess_set_pieces_black.001
0  -0.006043 -0.215281 1.078305  0.425043 0.836989 0.344655  0.915660 0.257480
0  -0.052158 -0.207606 1.079751  0.184082 0.972683 0.141429  0.915778 0.266497
0  -0.055156 -0.212323 1.146781  0.041296 0.593627 0.803680  0.171610 0.122738
chess_set_pieces_black.001
0  0.262581 0.090697 1.012163  0.929814 0.359289 -0.079730  0.420129 0.737879
0  0.262804 0.090752 1.028461  0.947347 0.304997 0.097526  0.423133 0.738551
0  0.268834 0.065125 1.012178  0.982993 0.183577 0.004969  0.419034 0.742774
chess_set_pieces_black.001
0  0.163156 0.193312 1.150308  -0.442210 0.648952 0.619121  0.508373 0.086516
0  0.198044 0.154240 1.153713  -0.169987 0.097043 0.980656  0.518364 0.087888
0  0.217439 0.170574 1.132848  0.625191 0.663332 0.411250  0.446232 0.725393
chess_set_pieces_black.001
0  0.238739 0.076170 1.058881  0.388028 -0.398678 0.830957  0.665686 0.285256
0  0.215236 0.073635 1.063691  -0.054931 -0.488928 0.870593  0.665146 0.280687
0  0.224109 0.049617 1.057960  0.055608 0.052196 0.997087  0.670107 0.281483
chess_set_pieces_black.001
0  0.268655 0.032085 1.053319  0.862283 0.360560 0.355619  0.675143 0.289463
0  0.262415 0.060237 1.049654  0.771437 0.144073 0.619781  0.669567 0.289463
0  0.247429 0.033772 1.062447  0.204099 0.472920 0.857141  0.674180 0.285126
chess_set_pieces_black.001
0  0.268834 0.065125 1.012178  0.982993 0.183577 0.004969  0.419034 0.742774
0  0.262415 0.060237 1.049654  0.771437 0.144073 0.619781  0.427494 0.414057
0  0.271046 0.033848 1.028502  0.990016 0.113002 0.084256  0.424150 0.420024
chess_set_pieces_black.001
0  0.258746 -0.069947 1.148475  0.437350 -0.469459 0.767029  0.450509 0.436867
0  0.268672 0.023050 1.147753  0.517362 0.655093 0.550627  0.935003 0.172714
0  0.223023 -0.016289 1.150130  -0.452714 0.510924 0.730758  0.825537 0.353311
chess_set_pieces_black.001
0  0.273894 0.009349 1.051268  0.996318 0.073704 0.043800  0.429327 0.424107
0  0.272107 -0.014380 1.028490  0.994583 -0.103765 -0.006054  0.425624 0.429376
0  0.271046 0.033848 1.028502  0.990016 0.113002 0.084256  0.424150 0.420024
chess_set_pieces_black.001
0  0.254537 -0.093914 1.050955  0.921260 -0.388584 0.016806  0.432394 0.444481
0  0.244468 -0.115052 1.028488  0.899140 -0.432016 0.070072  0.428683 0.449626
0  0.262422 -0.066292 1.028496  0.970149 -0.242302 -0.010048  0.427238 0.439588
chess_set_pieces_black.001
0  -0.205262 0.088911 1.078251  0.962281 -0.029195 0.270486  0.327154 0.222105
0  -0.219673 0.118889 1.074166  0.032237 0.570088 0.820951  0.775873 0.172313
0  -0.209577 0.093310 1.147102  0.651539 0.557868 0.514082  0.313814 0.222950
chess_set_pieces_black.001
0  0.225064 0.019969 1.075670  -0.728238 0.587897 0.352203  0.811228 0.360475
0  0.216784 -0.018358 1.081303  -0.975368 0.188636 0.114343  0.812145 0.352838
0  0.223023 -0.016289 1.150130  -0.452714 0.510924 0.730758  0.574401 0.013623
chess_set_pieces_black.001
0  0.233558 0.146116 1.070721  0.865267 0.499484 0.042767  0.433538 0.728522
0  0.217439 0.170574 1.132848  0.625191 0.663332 0.411250  0.446232 0.725393
0  0.231894 0.142559 1.148495  0.580049 0.427504 0.693386  0.448046 0.731856
chess_set_pieces_black.001
0  0.097193 0.257040 1.148065  0.681508 0.129699 0.720226  0.454715 0.696223
0  0.097692 0.260314 1.071549  0.550347 0.826365 0.119329  0.440103 0.694185
0  0.035207 0.275577 1.070889  0.148356 0.973131 0.176085  0.441684 0.681929
chess_set_pieces_black.001
0  0.224942 0.024379 1.063964  -0.381747 0.432328 0.816922  0.674987 0.280545
0  0.247429 0.033772 1.062447  0.204099 0.472920 0.857141  0.674180 0.285126
0  0.224109 0.049617 1.057960  0.055608 0.052196 0.997087  0.670107 0.281483
chess_set_pieces_black.001
0  0.271046 0.033848 1.028502  0.990016 0.113002 0.084256  0.424150 0.420024
0  0.268655 0.032085 1.053319  0.862283 0.360560 0.355619  0.429024 0.419537
0  0.273894 0.009349 1.051268  0.996318 0.073704 0.043800  0.429327 0.424107
chess_set_pieces_black.001
0  0.225064 0.019969 1.075670  -0.728238 0.587897 0.352203  0.811228 0.360475
0  0.224942 0.024379 1.063964  -0.381747 0.432328 0.816922  0.809089 0.361401
0  0.218161 0.001530 1.067770  -0.908520 0.187758 0.373280  0.809473 0.356735
chess_set_pieces_black.001
0  0.155153 -0.141780 1.061532  -0.157294 0.381597 0.910847  0.658875 0.970754
0  0.098893 -0.083521 1.059330  -0.000616 0.010477 0.999945  0.672965 0.963920
0  0.130648 -0.164272 1.062101  -0.407645 0.736842 0.539341  0.875698 0.260986
chess_set_pieces_black.001
0  0.024084 -0.260354 1.054176  0.399758 -0.812716 0.423894  0.440025 0.502939
0  -0.008005 -0.265352 1.028478  -0.014948 -0.999665 -0.021109  0.435494 0.509840
0  0.050885 -0.263643 1.028454  0.149004 -0.963010 0.224522  0.434316 0.498407
chess_set_pieces_black.001
0  0.273894 0.009349 1.051268  0.996318 0.073704 0.043800  0.429327 0.424107
0  0.268655 0.032085 1.053319  0.862283 0.360560 0.355619  0.429024 0.419537
0  0.269096 0.025030 1.072691  0.624665 0.740504 0.247886  0.432988 0.420308
chess_set_pieces_black.001
0  0.262415 0.060237 1.049654  0.771437 0.144073 0.619781  0.427494 0.414057
0  0.268655 0.032085 1.053319  0.862283 0.360560 0.355619  0.429024 0.419537
0  0.271046 0.033848 1.028502  0.990016 0.113002 0.084256  0.424150 0.420024
chess_set_pieces_black.001
0  0.203616 -0.139508 1.055355  0.263655 0.048382 0.963403  0.262839 0.315356
0  0.219663 -0.111864 1.062176  -0.162870 -0.646934 0.744950  0.262220 0.321728
0  0.197612 -0.113209 1.057762  -0.012370 -0.143370 0.989592  0.258957 0.318906
chess_set_pieces_black.001
0  -0.006043 -0.215281 1.078305  0.425043 0.836989 0.344655  0.915660 0.257480
0  0.019052 -0.220017 1.061432  0.321266 0.203304 0.924908  0.918574 0.252338
0  -0.003617 -0.208171 1.058511  0.128453 0.407429 0.904158  0.919910 0.257107
chess_set_pieces_black.001
0  0.244210 -0.114898 1.012240  0.924396 -0.381431 -0.001808  0.425558 0.450038
0  0.244468 -0.115052 1.028488  0.899140 -0.432016 0.070072  0.428683 0.449626
0  0.235434 -0.136545 1.012170  0.855170 -0.517350 0.032139  0.426150 0.454508
chess_set_pieces_black.001
0  0.219663 -0.111864 1.062176  -0.162870 -0.646934 0.744950  0.443868 0.159687
0  0.240551 -0.117048 1.052868  0.653823 -0.698394 0.291137  0.448071 0.158006
0  0.241626 -0.116896 1.073229  0.360012 -0.925634 0.116590  0.448152 0.161942
chess_set_pieces_black.001
0  0.219663 -0.111864 1.062176  -0.162870 -0.646934 0.744950  0.262220 0.321728
0  0.201639 -0.095973 1.063643  -0.659843 -0.326540 0.676741  0.257669 0.322238
0  0.197612 -0.113209 1.057762  -0.012370 -0.143370 0.989592  0.258957 0.318906
chess_set_pieces_black.001
0  0.155153 -0.141780 1.061532  -0.157294 0.381597 0.910847  0.869330 0.260749
0  0.173203 -0.139210 1.063753  0.081812 0.428761 0.899706  0.257795 0.311981
0  0.178491 -0.120141 1.057803  0.024699 0.037737 0.998982  0.656102 0.965231
chess_set_pieces_black.001
0  0.206144 -0.168251 1.053705  0.845910 -0.440124 0.301211  0.145137 0.208546
0  0.189694 -0.154952 1.074086  0.485862 0.802322 0.346724  0.149278 0.212462
0  0.203635 -0.170697 1.132340  0.845452 0.393417 0.361156  0.450706 0.460729
chess_set_pieces_black.001
0  0.235434 -0.136545 1.012170  0.855170 -0.517350 0.032139  0.426150 0.454508
0  0.206144 -0.168251 1.053705  0.845910 -0.440124 0.301211  0.435328 0.461729
0  0.206773 -0.171114 1.012241  0.779851 -0.623344 0.057214  0.427294 0.463114
chess_set_pieces_black.001
0  0.171618 -0.209234 1.012161  0.631086 -0.775545 -0.016120  0.428464 0.473102
0  0.206144 -0.168251 1.053705  0.845910 -0.440124 0.301211  0.435328 0.461729
0  0.170731 -0.205992 1.049632  0.656134 -0.753158 0.047344  0.435714 0.471967
chess_set_pieces_black.001
0  0.156054 -0.148238 1.078718  -0.216072 0.923298 0.317543  0.870016 0.264419
0  0.092116 -0.191488 1.079347  -0.712048 0.662339 0.233013  0.884953 0.263869
0  0.126200 -0.177541 1.150036  -0.336310 0.591042 0.733188  0.773772 0.110749
chess_set_pieces_black.001
0  -0.052158 -0.207606 1.079751  0.184082 0.972683 0.141429  0.915778 0.266497
0  -0.097485 -0.196339 1.075498  -0.272155 0.949046 0.158882  0.452723 0.144753
0  -0.055156 -0.212323 1.146781  0.041296 0.593627 0.803680  0.902781 0.267544
chess_set_pieces_black.001
0  0.196759 0.195766 1.071664  0.563667 0.813406 0.143702  0.436068 0.716964
0  0.217439 0.170574 1.132848  0.625191 0.663332 0.411250  0.446232 0.725393
0  0.233558 0.146116 1.070721  0.865267 0.499484 0.042767  0.433538 0.728522
chess_set_pieces_black.001
0  -0.055156 -0.212323 1.146781  0.041296 0.593627 0.803680  0.902781 0.267544
0  -0.069048 -0.259928 1.070826  -0.252595 -0.958691 0.130796  0.444587 0.521158
0  -0.005988 -0.264310 1.150601  0.472604 -0.439894 0.763636  0.163548 0.111321
chess_set_pieces_black.001
0  0.126536 -0.235216 1.049741  0.459113 -0.888172 0.019137  0.436900 0.482241
0  0.173056 -0.204843 1.133008  0.623317 -0.758669 0.189464  0.451754 0.469658
0  0.129634 -0.233823 1.132889  0.307327 -0.903447 0.298888  0.452881 0.479721
chess_set_pieces_black.001
0  -0.006043 -0.215281 1.078305  0.425043 0.836989 0.344655  0.915660 0.257480
0  -0.005988 -0.264310 1.150601  0.472604 -0.439894 0.763636  0.459122 0.507878
0  0.020320 -0.241116 1.074011  0.689699 -0.154425 0.707438  0.506448 0.301879
chess_set_pieces_black.001
0  0.173056 -0.204843 1.133008  0.623317 -0.758669 0.189464  0.451754 0.469658
0  0.206144 -0.168251 1.053705  0.845910 -0.440124 0.301211  0.145137 0.208546
0  0.203635 -0.170697 1.132340  0.845452 0.393417 0.361156  0.450706 0.460729
chess_set_pieces_black.001
0  0.324433 0.000000 0.000000  0.527220 -0.001168 -0.849728  0.765975 0.627640
0  0.350020 0.000025 0.049549  0.992577 -0.006517 -0.121441  0.313305 0.603597
0  0.297498 -0.171651 0.006545  0.690381 -0.385131 -0.612413  0.346504 0.612122
chess_set_pieces_black.001
0  0.272359 -0.017090 1.070749  0.989565 -0.086875 0.114951  0.433870 0.428651
0  0.262422 -0.066292 1.028496  0.970149 -0.242302 -0.010048  0.427238 0.439588
0  0.272107 -0.014380 1.028490  0.994583 -0.103765 -0.006054  0.425624 0.429376
chess_set_pieces_black.001
0  0.203616 -0.139508 1.055355  0.263655 0.048382 0.963403  0.262839 0.315356
0  0.206144 -0.168251 1.053705  0.845910 -0.440124 0.301211  0.435328 0.461729
0  0.229091 -0.134211 1.050058  0.580789 -0.541716 0.607641  0.266556 0.318887
chess_set_pieces_black.001
0  0.173203 -0.139210 1.063753  0.081812 0.428761 0.899706  0.153693 0.210445
0  0.206144 -0.168251 1.053705  0.845910 -0.440124 0.301211  0.266335 0.311005
0  0.203616 -0.139508 1.055355  0.263655 0.048382 0.963403  0.262839 0.315356
chess_set_pieces_black.001
0  -0.108021 0.253391 1.151756  0.350708 0.567382 0.745038  0.460408 0.653952
0  -0.108118 0.259883 1.071741  -0.175900 0.978290 0.109577  0.445010 0.653608
0  -0.162610 0.227323 1.070796  -0.595977 0.792782 0.127705  0.445566 0.641452
chess_set_pieces_black.001
0  -0.005988 -0.264310 1.150601  0.472604 -0.439894 0.763636  0.459122 0.507878
0  -0.006092 -0.269478 1.071688  0.239327 -0.968944 0.062211  0.443907 0.508854
0  0.020320 -0.241116 1.074011  0.689699 -0.154425 0.707438  0.506448 0.301879
chess_set_pieces_black.001
0  -0.006092 -0.269478 1.071688  0.239327 -0.968944 0.062211  0.443907 0.508854
0  -0.005988 -0.264310 1.150601  0.472604 -0.439894 0.763636  0.163548 0.111321
0  -0.069048 -0.259928 1.070826  -0.252595 -0.958691 0.130796  0.444587 0.521158
chess_set_pieces_black.001
0  -0.252348 0.118199 1.072085  -0.711938 0.652359 0.259945  0.447073 0.613866
0  -0.243821 0.124771 1.028524  -0.871038 0.485902 -0.072064  0.438592 0.615599
0  -0.264241 0.079062 1.028441  -0.963524 0.260790 -0.060090  0.438714 0.605898
chess_set_pieces_black.001
0  -0.008005 -0.265352 1.028478  -0.014948 -0.999665 -0.021109  0.435494 0.509840
0  -0.069048 -0.259928 1.070826  -0.252595 -0.958691 0.130796  0.444587 0.521158
0  -0.069154 -0.259406 1.028445  -0.242861 -0.969328 -0.037701  0.436390 0.521808
chess_set_pieces_black.001
0  0.102113 -0.246797 1.028481  0.363260 -0.931654 0.007923  0.433374 0.487958
0  0.078923 -0.253054 1.056012  0.029733 -0.836207 0.547607  0.439254 0.492067
0  0.050885 -0.263643 1.028454  0.149004 -0.963010 0.224522  0.434316 0.498407
chess_set_pieces_black.001
0  -0.052158 -0.207606 1.079751  0.184082 0.972683 0.141429  0.915778 0.266497
0  -0.074754 -0.200093 1.065990  0.167132 0.763615 0.623666  0.918744 0.270920
0  -0.097485 -0.196339 1.075498  -0.272155 0.949046 0.158882  0.917066 0.275444
chess_set_pieces_black.001
0  0.049550 -0.237216 1.055460  -0.000070 -0.345361 0.938470  0.114261 0.313828
0  0.050885 -0.263643 1.028454  0.149004 -0.963010 0.224522  0.434316 0.498407
0  0.078923 -0.253054 1.056012  0.029733 -0.836207 0.547607  0.118316 0.318855
chess_set_pieces_black.001
0  0.206773 -0.171114 1.012241  0.779851 -0.623344 0.057214  0.427294 0.463114
0  0.234766 -0.135485 0.979141  0.864039 -0.501512 -0.043848  0.419822 0.455270
0  0.235434 -0.136545 1.012170  0.855170 -0.517350 0.032139  0.426150 0.454508
chess_set_pieces_black.001
0  0.129634 -0.233823 1.132889  0.307327 -0.903447 0.298888  0.452881 0.479721
0  0.149878 -0.216071 1.148304  0.380381 -0.616515 0.689361  0.782810 0.110218
0  0.119011 -0.210618 1.155533  -0.181695 -0.024642 0.983046  0.778309 0.105949
chess_set_pieces_black.001
0  0.020320 -0.241116 1.074011  0.689699 -0.154425 0.707438  0.506448 0.301879
0  0.049550 -0.237216 1.055460  -0.000070 -0.345361 0.938470  0.114261 0.313828
0  0.019052 -0.220017 1.061432  0.321266 0.203304 0.924908  0.510647 0.299531
chess_set_pieces_black.001
0  -0.205262 0.088911 1.078251  0.962281 -0.029195 0.270486  0.327154 0.222105
0  -0.209577 0.093310 1.147102  0.651539 0.557868 0.514082  0.120031 0.076064
0  -0.214156 0.053878 1.080937  0.948155 -0.196510 0.249770  0.326475 0.215134
chess_set_pieces_black.001
0  -0.136022 0.235463 0.946159  -0.469252 0.787503 -0.399552  0.421360 0.645008
0  0.000137 0.274297 0.945934  -0.021385 0.943935 -0.329439  0.418750 0.672122
0  0.000035 0.259692 0.921875  -0.026686 0.853458 -0.520478  0.936198 0.786237
chess_set_pieces_black.001
0  0.024084 -0.260354 1.054176  0.399758 -0.812716 0.423894  0.440025 0.502939
0  -0.006092 -0.269478 1.071688  0.239327 -0.968944 0.062211  0.443907 0.508854
0  -0.008005 -0.265352 1.028478  -0.014948 -0.999665 -0.021109  0.435494 0.509840
chess_set_pieces_black.001
0  0.078923 -0.253054 1.056012  0.029733 -0.836207 0.547607  0.439254 0.492067
0  0.126536 -0.235216 1.049741  0.459113 -0.888172 0.019137  0.436900 0.482241
0  0.104807 -0.246349 1.071857  0.141501 -0.978405 0.150673  0.441749 0.486486
chess_set_pieces_black.001
0  0.129634 -0.233823 1.132889  0.307327 -0.903447 0.298888  0.452881 0.479721
0  0.074037 -0.230092 1.074597  -0.725015 -0.438081 0.531450  0.777589 0.186662
0  0.104807 -0.246349 1.071857  0.141501 -0.978405 0.150673  0.441749 0.486486
chess_set_pieces_black.001
0  0.092116 -0.191488 1.079347  -0.712048 0.662339 0.233013  0.884953 0.263869
0  0.070865 -0.207303 1.064176  -0.437062 0.270267 0.857865  0.772995 0.184871
0  0.074037 -0.230092 1.074597  -0.725015 -0.438081 0.531450  0.777589 0.186662
chess_set_pieces_black.001
0  0.129634 -0.233823 1.132889  0.307327 -0.903447 0.298888  0.452881 0.479721
0  0.119011 -0.210618 1.155533  -0.181695 -0.024642 0.983046  0.778309 0.105949
0  0.078835 -0.228979 1.150146  -0.776369 -0.312975 0.547081  0.778014 0.201330
chess_set_pieces_black.001
0  -0.145887 -0.165584 1.061154  0.560347 -0.114850 0.820257  0.315439 0.265187
0  -0.125141 -0.183375 1.058016  -0.047832 0.006859 0.998832  0.310174 0.265764
0  -0.136915 -0.158398 1.056765  0.112633 0.019733 0.993441  0.314696 0.262962
chess_set_pieces_black.001
0  0.074037 -0.230092 1.074597  -0.725015 -0.438081 0.531450  0.777589 0.186662
0  0.078923 -0.253054 1.056012  0.029733 -0.836207 0.547607  0.439254 0.492067
0  0.104807 -0.246349 1.071857  0.141501 -0.978405 0.150673  0.441749 0.486486
chess_set_pieces_black.001
0  0.254537 -0.093914 1.050955  0.921260 -0.388584 0.016806  0.432394 0.444481
0  0.262422 -0.066292 1.028496  0.970149 -0.242302 -0.010048  0.427238 0.439588
0  0.262293 -0.069086 1.070738  0.960753 -0.275902 0.028848  0.435445 0.438864
chess_set_pieces_black.001
0  -0.095511 -0.184264 1.058515  -0.032747 0.263455 0.964116  0.701400 0.995109
0  -0.136915 -0.158398 1.056765  0.112633 0.019733 0.993441  0.314696 0.262962
0  -0.125141 -0.183375 1.058016  -0.047832 0.006859 0.998832  0.310174 0.265764
chess_set_pieces_black.001
0  -0.175058 -0.199890 1.073197  0.043680 -0.989368 0.138718  0.775030 0.213616
0  -0.151257 -0.162312 1.075773  0.913250 0.134740 0.384473  0.669158 0.299968
0  -0.176127 -0.197807 1.149010  0.231417 -0.729392 0.643766  0.461336 0.545414
chess_set_pieces_black.001
0  -0.203086 -0.061860 1.056955  0.196971 0.095642 0.975733  0.674222 0.321543
0  -0.213742 -0.065161 1.061433  0.245209 0.575468 0.780198  0.672130 0.322404
0  -0.200867 -0.082911 1.067030  0.772701 0.503805 0.386152  0.671238 0.318076
chess_set_pieces_black.001
0  -0.066364 -0.177248 1.059397  0.023312 0.078973 0.996604  0.696602 0.991893
0  -0.074754 -0.200093 1.065990  0.167132 0.763615 0.623666  0.918744 0.270920
0  -0.049993 -0.202400 1.059077  0.138150 0.428898 0.892727  0.691965 0.995349
chess_set_pieces_black.001
0  -0.211982 0.179046 1.012179  -0.817112 0.572519 -0.067446  0.435027 0.627631
0  -0.212137 0.179167 1.028459  -0.801167 0.595925 0.054817  0.438145 0.627755
0  -0.186528 0.207207 1.012168  -0.661633 0.744838 -0.086365  0.434723 0.634855
chess_set_pieces_black.001
0  -0.203086 -0.061860 1.056955  0.196971 0.095642 0.975733  0.729065 0.980171
0  -0.212660 -0.018109 1.056547  0.116551 -0.014615 0.993077  0.073152 0.013788
0  -0.222040 -0.040706 1.058038  0.014469 0.042887 0.998975  0.070537 0.009867
chess_set_pieces_black.001
0  -0.125141 -0.183375 1.058016  -0.047832 0.006859 0.998832  0.310174 0.265764
0  -0.101582 -0.194191 1.064008  -0.131091 0.684954 0.716696  0.305116 0.264939
0  -0.095511 -0.184264 1.058515  -0.032747 0.263455 0.964116  0.305389 0.262488
chess_set_pieces_black.001
0  -0.255984 -0.076415 1.073242  -0.821104 0.462296 0.334769  0.447478 0.574997
0  -0.254516 -0.099668 1.051151  -0.939413 -0.342078 -0.022040  0.443069 0.570552
0  -0.242266 -0.123977 1.070879  -0.888453 -0.458749 0.014153  0.446717 0.565195
chess_set_pieces_black.001
0  -0.157029 -0.147664 1.066472  0.748293 0.503440 0.431980  0.671117 0.302933
0  -0.145887 -0.165584 1.061154  0.560347 -0.114850 0.820257  0.671952 0.298792
0  -0.136915 -0.158398 1.056765  0.112633 0.019733 0.993441  0.674295 0.299126
chess_set_pieces_black.001
0  -0.213742 -0.065161 1.061433  0.245209 0.575468 0.780198  0.775822 0.133568
0  -0.237513 -0.063063 1.062621  -0.265043 0.394079 0.880031  0.780397 0.133364
0  -0.212968 -0.070377 1.075985  0.505188 0.817324 0.277069  0.775817 0.136492
chess_set_pieces_black.001
0  -0.263501 -0.046933 1.052166  -0.778888 -0.159902 0.606436  0.443358 0.581001
0  -0.269328 -0.020790 1.054979  -0.781690 -0.510404 0.358398  0.443991 0.586256
0  -0.269212 -0.020763 1.028501  -0.993404 -0.113883 0.013352  0.438794 0.586332
chess_set_pieces_black.001
0  -0.254516 -0.099668 1.051151  -0.939413 -0.342078 -0.022040  0.443069 0.570552
0  -0.238588 -0.121696 1.028498  -0.874479 -0.480633 -0.065410  0.438468 0.565497
0  -0.242266 -0.123977 1.070879  -0.888453 -0.458749 0.014153  0.446717 0.565195
chess_set_pieces_black.001
0  0.297808 -0.171771 0.090108  0.860198 -0.507675 0.048223  0.346698 0.596595
0  0.297498 -0.171651 0.006545  0.690381 -0.385131 -0.612413  0.346504 0.612122
0  0.350020 0.000025 0.049549  0.992577 -0.006517 -0.121441  0.313305 0.603597
chess_set_pieces_black.001
0  -0.220055 0.003528 1.065468  0.871596 -0.169870 0.459854  0.329475 0.205319
0  -0.215196 0.016993 1.059039  0.389086 -0.098664 0.915902  0.330824 0.208084
0  -0.220376 0.020570 1.079726  0.961159 -0.217757 0.169575  0.326631 0.208625
chess_set_pieces_black.001
0  -0.205262 0.088911 1.078251  0.962281 -0.029195 0.270486  0.327154 0.222105
0  -0.196632 0.112386 1.060854  0.409237 0.148682 0.900233  0.780287 0.175275
0  -0.219673 0.118889 1.074166  0.032237 0.570088 0.820951  0.775873 0.172313
chess_set_pieces_black.001
0  -0.220376 0.020570 1.079726  0.961159 -0.217757 0.169575  0.326631 0.208625
0  -0.214156 0.053878 1.080937  0.948155 -0.196510 0.249770  0.326475 0.215134
0  -0.225082 0.022625 1.147116  0.516307 -0.534439 0.669181  0.313530 0.209036
chess_set_pieces_black.001
0  -0.052545 0.124913 1.059332  -0.000517 0.002178 0.999997  0.714270 0.936325
0  -0.050362 0.192417 1.059422  0.026042 -0.015031 0.999548  0.718382 0.923971
0  -0.085417 0.201773 1.058533  0.330138 -0.554147 0.764153  0.725355 0.924621
chess_set_pieces_black.001
0  -0.197325 0.086864 1.058524  0.520488 0.062204 0.851600  0.737919 0.952866
0  -0.178546 0.079353 1.059416  -0.032917 0.002118 0.999456  0.734019 0.952972
0  -0.168007 0.100927 1.059411  -0.000920 0.023013 0.999735  0.733548 0.948368
chess_set_pieces_black.001
0  -0.195268 0.156493 1.062730  -0.345360 -0.021990 0.938213  0.536443 0.052720
0  -0.167890 0.155276 1.075339  0.287447 -0.914702 0.284068  0.532937 0.057247
0  -0.203359 0.182117 1.073052  -0.965130 -0.047656 0.257397  0.533254 0.048124
chess_set_pieces_black.001
0  -0.165987 0.138084 1.056736  0.148565 -0.109738 0.982795  0.932670 0.222910
0  -0.172689 0.147502 1.064170  0.268576 -0.562181 0.782189  0.930156 0.223731
0  -0.196632 0.112386 1.060854  0.409237 0.148682 0.900233  0.930296 0.215524
chess_set_pieces_black.001
0  -0.012399 0.231156 1.075852  -0.710625 -0.559043 0.427180  0.307753 0.179942
0  -0.021212 0.228847 1.064216  -0.410739 -0.517107 0.750929  0.306303 0.177527
0  0.009324 0.221708 1.066513  -0.201696 -0.704879 0.680047  0.312322 0.178147
chess_set_pieces_black.001
0  -0.172689 0.147502 1.064170  0.268576 -0.562181 0.782189  0.930156 0.223731
0  -0.195268 0.156493 1.062730  -0.345360 -0.021990 0.938213  0.925604 0.222616
0  -0.196632 0.112386 1.060854  0.409237 0.148682 0.900233  0.930296 0.215524
chess_set_pieces_black.001
0  -0.168007 0.100927 1.059411  -0.000920 0.023013 0.999735  0.733548 0.948368
0  -0.151713 0.125186 1.059406  -0.033727 0.031091 0.998947  0.732218 0.942898
0  -0.165987 0.138084 1.056736  0.148565 -0.109738 0.982795  0.735691 0.941509
chess_set_pieces_black.001
0  -0.108118 0.259883 1.071741  -0.175900 0.978290 0.109577  0.445010 0.653608
0  -0.160490 0.228159 1.028455  -0.573536 0.819043 -0.015001  0.437459 0.641392
0  -0.162610 0.227323 1.070796  -0.595977 0.792782 0.127705  0.445566 0.641452
chess_set_pieces_black.001
0  -0.021212 0.228847 1.064216  -0.410739 -0.517107 0.750929  0.114116 0.013164
0  -0.031620 0.251270 1.062825  -0.308991 0.222676 0.924630  0.115272 0.008537
0  -0.064002 0.221373 1.061153  0.187842 -0.008297 0.982164  0.122499 0.012995
chess_set_pieces_black.001
0  0.209140 -0.056626 1.081630  -0.959214 0.185496 0.213305  0.812132 0.345321
0  0.202693 -0.093644 1.075658  -0.869261 -0.442397 0.220612  0.439148 0.162465
0  0.204345 -0.091811 1.148479  -0.641775 -0.550210 0.534222  0.575012 0.028690
chess_set_pieces_black.001
0  -0.085417 0.201773 1.058533  0.330138 -0.554147 0.764153  0.939397 0.162574
0  -0.131554 0.182332 1.079988  0.564036 -0.808130 0.169675  0.949012 0.158203
0  -0.128934 0.177296 1.059186  0.123800 -0.583365 0.802720  0.731579 0.931955
chess_set_pieces_black.001
0  0.009324 0.221708 1.066513  -0.201696 -0.704879 0.680047  0.312322 0.178147
0  -0.021212 0.228847 1.064216  -0.410739 -0.517107 0.750929  0.306303 0.177527
0  -0.021664 0.217087 1.056714  -0.035394 -0.323289 0.945638  0.306823 0.174905
chess_set_pieces_black.001
0  0.189694 -0.154952 1.074086  0.485862 0.802322 0.346724  0.149278 0.212462
0  0.156054 -0.148238 1.078718  -0.216072 0.923298 0.317543  0.870016 0.264419
0  0.203635 -0.170697 1.132340  0.845452 0.393417 0.361156  0.145261 0.223745
chess_set_pieces_black.001
0  -0.073047 0.266592 1.054462  -0.137452 0.868794 0.475715  0.441027 0.660284
0  -0.029729 0.274352 1.055906  -0.282215 0.857485 0.430202  0.440434 0.668828
0  -0.033590 0.278548 1.028456  -0.169466 0.984136 0.052520  0.435191 0.667596
chess_set_pieces_black.001
0  -0.050362 0.192417 1.059422  0.026042 -0.015031 0.999548  0.718382 0.923971
0  -0.064002 0.221373 1.061153  0.187842 -0.008297 0.982164  0.933876 0.161562
0  -0.085417 0.201773 1.058533  0.330138 -0.554147 0.764153  0.725355 0.924621
chess_set_pieces_black.001
0  0.213373 0.079175 1.075450  -0.446587 -0.806329 0.387806  0.736183 0.287161
0  0.254420 0.093418 1.072932  0.916309 -0.373852 0.143568  0.431803 0.739371
0  0.254041 0.093260 1.146605  0.738743 -0.390089 0.549626  0.534261 0.090505
chess_set_pieces_black.001
0  0.097692 0.260314 1.071549  0.550347 0.826365 0.119329  0.440103 0.694185
0  0.033246 0.279126 1.028447  0.138546 0.990006 0.026322  0.433672 0.680288
0  0.035207 0.275577 1.070889  0.148356 0.973131 0.176085  0.441684 0.681929
chess_set_pieces_black.001
0  -0.274361 0.028363 1.071216  -0.992128 0.080144 0.096218  0.447104 0.595982
0  -0.269126 -0.015464 1.073570  -0.545526 -0.812883 0.204015  0.904685 0.210258
0  -0.268438 -0.013708 1.148967  -0.509240 -0.658114 0.554582  0.127155 0.098649
chess_set_pieces_black.001
0  0.078702 0.201949 1.061432  -0.000614 -0.430562 0.902561  0.326136 0.176903
0  0.033815 0.220179 1.079331  -0.266615 -0.939870 0.213451  0.316921 0.180845
0  0.033791 0.214722 1.061955  -0.119956 -0.469084 0.874969  0.704648 0.914286
chess_set_pieces_black.001
0  0.007845 0.199203 1.059396  -0.043488 -0.098447 0.994192  0.708306 0.918846
0  0.031471 0.196911 1.059383  -0.001163 -0.046176 0.998933  0.703877 0.917692
0  0.033791 0.214722 1.061955  -0.119956 -0.469084 0.874969  0.704648 0.914286
chess_set_pieces_black.001
0  0.158945 0.196593 1.074009  -0.378751 0.573378 0.726488  0.694552 0.008476
0  0.217439 0.170574 1.132848  0.625191 0.663332 0.411250  0.446232 0.725393
0  0.196759 0.195766 1.071664  0.563667 0.813406 0.143702  0.436068 0.716964
chess_set_pieces_black.001
0  -0.215196 0.016993 1.059039  0.389086 -0.098664 0.915902  0.330824 0.208084
0  -0.220055 0.003528 1.065468  0.871596 -0.169870 0.459854  0.329475 0.205319
0  -0.212660 -0.018109 1.056547  0.116551 -0.014615 0.993077  0.733721 0.972897
chess_set_pieces_black.001
0  0.139225 0.212447 1.057345  0.173295 0.312255 0.934059  0.990723 0.010178
0  0.122983 0.182064 1.057859  -0.018055 0.021106 0.999614  0.984061 0.009443
0  0.147572 0.176078 1.063781  -0.491725 -0.083837 0.866705  0.985763 0.004782
chess_set_pieces_black.001
0  0.262415 0.060237 1.049654  0.771437 0.144073 0.619781  0.669567 0.289463
0  0.256701 0.087919 1.052661  0.890038 0.047822 0.453371  0.664146 0.289235
0  0.238739 0.076170 1.058881  0.388028 -0.398678 0.830957  0.665686 0.285256
chess_set_pieces_black.001
0  0.238739 0.076170 1.058881  0.388028 -0.398678 0.830957  0.731679 0.290852
0  0.256701 0.087919 1.052661  0.890038 0.047822 0.453371  0.727448 0.291677
0  0.254420 0.093418 1.072932  0.916309 -0.373852 0.143568  0.727561 0.287607
chess_set_pieces_black.001
0  0.214183 0.022649 1.060406  -0.135006 0.162592 0.977414  0.674770 0.278368
0  0.204526 0.068297 1.060259  -0.055880 -0.139569 0.988634  0.663999 0.929417
0  0.191931 0.040958 1.059393  0.010795 0.001283 0.999941  0.664453 0.935199
chess_set_pieces_black.001
0  0.271046 0.033848 1.028502  0.990016 0.113002 0.084256  0.424150 0.420024
0  0.274437 0.034341 1.012152  0.999349 0.028752 -0.021782  0.420941 0.420498
0  0.268834 0.065125 1.012178  0.982993 0.183577 0.004969  0.419887 0.414520
chess_set_pieces_black.001
0  -0.006092 -0.269478 1.071688  0.239327 -0.968944 0.062211  0.443907 0.508854
0  0.024084 -0.260354 1.054176  0.399758 -0.812716 0.423894  0.502598 0.297990
0  0.020320 -0.241116 1.074011  0.689699 -0.154425 0.707438  0.506448 0.301879
chess_set_pieces_black.001
0  0.197612 -0.113209 1.057762  -0.012370 -0.143370 0.989592  0.258957 0.318906
0  0.168094 -0.094115 1.059386  -0.003190 -0.018148 0.999830  0.659724 0.961212
0  0.178491 -0.120141 1.057803  0.024699 0.037737 0.998982  0.256688 0.315748
chess_set_pieces_black.001
0  -0.188610 -0.037546 1.059390  -0.010675 0.012821 0.999861  0.728041 0.974797
0  -0.129955 -0.009165 1.059330  -0.006397 -0.005700 0.999963  0.719323 0.965745
0  -0.212660 -0.018109 1.056547  0.116551 -0.014615 0.993077  0.733721 0.972897
chess_set_pieces_black.001
0  0.019052 -0.220017 1.061432  0.321266 0.203304 0.924908  0.918574 0.252338
0  -0.006043 -0.215281 1.078305  0.425043 0.836989 0.344655  0.915660 0.257480
0  0.020320 -0.241116 1.074011  0.689699 -0.154425 0.707438  0.506448 0.301879
chess_set_pieces_black.001
0  0.247429 0.033772 1.062447  0.204099 0.472920 0.857141  0.951921 0.176414
0  0.224942 0.024379 1.063964  -0.381747 0.432328 0.816922  0.951348 0.181079
0  0.225064 0.019969 1.075670  -0.728238 0.587897 0.352203  0.948993 0.181266
chess_set_pieces_black.001
0  -0.209577 0.093310 1.147102  0.651539 0.557868 0.514082  0.120031 0.076064
0  -0.225082 0.022625 1.147116  0.516307 -0.534439 0.669181  0.313530 0.209036
0  -0.214156 0.053878 1.080937  0.948155 -0.196510 0.249770  0.326475 0.215134
chess_set_pieces_black.001
0  0.201639 -0.095973 1.063643  -0.659843 -0.326540 0.676741  0.439235 0.160105
0  0.219663 -0.111864 1.062176  -0.162870 -0.646934 0.744950  0.443868 0.159687
0  0.202693 -0.093644 1.075658  -0.869261 -0.442397 0.220612  0.439148 0.162465
chess_set_pieces_black.001
0  0.272359 -0.017090 1.070749  0.989565 -0.086875 0.114951  0.433870 0.428651
0  0.269096 0.025030 1.072691  0.624665 0.740504 0.247886  0.949404 0.172160
0  0.268672 0.023050 1.147753  0.517362 0.655093 0.550627  0.567091 0.004379
chess_set_pieces_black.001
0  0.193582 -0.090413 1.060493  -0.177623 -0.041392 0.983228  0.807138 0.338443
0  0.202868 -0.074928 1.068006  -0.890750 0.198650 0.408783  0.809350 0.341578
0  0.206315 -0.056688 1.063263  -0.460188 0.067730 0.885234  0.655269 0.951870
chess_set_pieces_black.001
0  0.202693 -0.093644 1.075658  -0.869261 -0.442397 0.220612  0.439148 0.162465
0  0.219663 -0.111864 1.062176  -0.162870 -0.646934 0.744950  0.443868 0.159687
0  0.241626 -0.116896 1.073229  0.360012 -0.925634 0.116590  0.448152 0.161942
chess_set_pieces_black.001
0  -0.131554 0.182332 1.079988  0.564036 -0.808130 0.169675  0.949012 0.158203
0  -0.149969 0.165993 1.065910  0.461547 -0.631272 0.623274  0.953607 0.161134
0  -0.128934 0.177296 1.059186  0.123800 -0.583365 0.802720  0.949011 0.162407
chess_set_pieces_black.001
0  0.168094 -0.094115 1.059386  -0.003190 -0.018148 0.999830  0.659724 0.961212
0  0.160356 -0.106130 1.059386  0.027592 0.001265 0.999619  0.660327 0.963907
0  0.178491 -0.120141 1.057803  0.024699 0.037737 0.998982  0.656102 0.965231
chess_set_pieces_black.001
0  0.126275 0.045298 1.059330  -0.003394 -0.010533 0.999939  0.676614 0.938793
0  0.191931 0.040958 1.059393  0.010795 0.001283 0.999941  0.664453 0.935199
0  0.204526 0.068297 1.060259  -0.055880 -0.139569 0.988634  0.663999 0.929417
chess_set_pieces_black.001
0  0.170731 -0.205992 1.049632  0.656134 -0.753158 0.047344  0.435714 0.471967
0  0.149792 -0.224596 1.028445  0.520033 -0.851741 0.064053  0.432186 0.477821
0  0.171618 -0.209234 1.012161  0.631086 -0.775545 -0.016120  0.428464 0.473102
chess_set_pieces_black.001
0  0.122983 0.182064 1.057859  -0.018055 0.021106 0.999614  0.984061 0.009443
0  0.104494 0.207967 1.061347  0.237174 -0.230265 0.943783  0.331152 0.177910
0  0.078702 0.201949 1.061432  -0.000614 -0.430562 0.902561  0.695683 0.913599
chess_set_pieces_black.001
0  -0.099245 -0.250842 1.050918  -0.415298 -0.909650 0.008110  0.441216 0.527535
0  -0.125349 -0.233955 1.054968  -0.753101 -0.591354 0.288338  0.442372 0.533526
0  -0.123764 -0.234791 1.028497  -0.487971 -0.872852 0.003670  0.437174 0.533452
chess_set_pieces_black.001
0  0.204526 0.068297 1.060259  -0.055880 -0.139569 0.988634  0.307288 0.253419
0  0.199898 0.091953 1.067049  -0.714739 -0.463726 0.523551  0.311525 0.250823
0  0.187181 0.107558 1.062024  -0.417314 -0.216687 0.882551  0.669730 0.923452
chess_set_pieces_black.001
0  0.216784 -0.018358 1.081303  -0.975368 0.188636 0.114343  0.812145 0.352838
0  0.209140 -0.056626 1.081630  -0.959214 0.185496 0.213305  0.812132 0.345321
0  0.223023 -0.016289 1.150130  -0.452714 0.510924 0.730758  0.825537 0.353311
chess_set_pieces_black.001
0  -0.006043 -0.215281 1.078305  0.425043 0.836989 0.344655  0.915660 0.257480
0  -0.049993 -0.202400 1.059077  0.138150 0.428898 0.892727  0.919927 0.266070
0  -0.052158 -0.207606 1.079751  0.184082 0.972683 0.141429  0.915778 0.266497
chess_set_pieces_black.001
0  0.019052 -0.220017 1.061432  0.321266 0.203304 0.924908  0.109714 0.308671
0  0.070865 -0.207303 1.064176  -0.437062 0.270267 0.857865  0.109213 0.319121
0  0.045801 -0.204380 1.057924  -0.017850 -0.004864 0.999829  0.107802 0.314347
chess_set_pieces_black.001
0  -0.066364 -0.177248 1.059397  0.023312 0.078973 0.996604  0.696602 0.991893
0  -0.087133 -0.168163 1.059408  -0.023471 -0.015511 0.999604  0.700962 0.991636
0  -0.095511 -0.184264 1.058515  -0.032747 0.263455 0.964116  0.701400 0.995109
chess_set_pieces_black.001
0  -0.118810 -0.211273 1.062563  -0.584595 0.120842 0.802276  0.447993 0.147764
0  -0.125349 -0.233955 1.054968  -0.753101 -0.591354 0.288338  0.443364 0.149024
0  -0.120590 -0.235754 1.073192  -0.888340 -0.428810 0.164239  0.443408 0.145362
chess_set_pieces_black.001
0  -0.118810 -0.211273 1.062563  -0.584595 0.120842 0.802276  0.306020 0.269484
0  -0.101582 -0.194191 1.064008  -0.131091 0.684954 0.716696  0.305116 0.264939
0  -0.125141 -0.183375 1.058016  -0.047832 0.006859 0.998832  0.310174 0.265764
chess_set_pieces_black.001
0  -0.212242 -0.168869 1.070969  -0.766398 -0.635991 0.090277  0.446422 0.554771
0  -0.175058 -0.199890 1.073197  0.043680 -0.989368 0.138718  0.775030 0.213616
0  -0.176127 -0.197807 1.149010  0.231417 -0.729392 0.643766  0.743541 0.005104
chess_set_pieces_black.001
0  -0.243821 0.124771 1.028524  -0.871038 0.485902 -0.072064  0.438592 0.615599
0  -0.233684 0.141164 1.055129  -0.579505 0.657991 0.480855  0.443617 0.619534
0  -0.212137 0.179167 1.028459  -0.801167 0.595925 0.054817  0.438145 0.627755
chess_set_pieces_black.001
0  0.187181 0.107558 1.062024  -0.417314 -0.216687 0.882551  0.315406 0.251983
0  0.160710 0.145570 1.061382  -0.385501 -0.370852 0.844901  0.677050 0.918356
0  0.115076 0.070450 1.059330  -0.008865 -0.011634 0.999893  0.680317 0.934994
chess_set_pieces_black.001
0  -0.175058 -0.199890 1.073197  0.043680 -0.989368 0.138718  0.775030 0.213616
0  -0.171254 -0.203922 1.054491  -0.311235 -0.869517 0.383501  0.774888 0.209851
0  -0.155324 -0.186316 1.059562  0.326992 -0.451605 0.830138  0.779490 0.210720
chess_set_pieces_black.001
0  -0.097485 -0.196339 1.075498  -0.272155 0.949046 0.158882  0.452723 0.144753
0  -0.118810 -0.211273 1.062563  -0.584595 0.120842 0.802276  0.447993 0.147764
0  -0.120590 -0.235754 1.073192  -0.888340 -0.428810 0.164239  0.443408 0.145362
chess_set_pieces_black.001
0  -0.222040 -0.040706 1.058038  0.014469 0.042887 0.998975  0.070537 0.009867
0  -0.213742 -0.065161 1.061433  0.245209 0.575468 0.780198  0.071252 0.004909
0  -0.203086 -0.061860 1.056955  0.196971 0.095642 0.975733  0.073533 0.005222
chess_set_pieces_black.001
0  -0.238588 -0.121696 1.028498  -0.874479 -0.480633 -0.065410  0.438468 0.565497
0  -0.212242 -0.168869 1.070969  -0.766398 -0.635991 0.090277  0.446422 0.554771
0  -0.242266 -0.123977 1.070879  -0.888453 -0.458749 0.014153  0.446717 0.565195
chess_set_pieces_black.001
0  -0.275690 0.004020 1.051479  -0.998433 -0.055863 0.003201  0.443353 0.591238
0  -0.269126 -0.015464 1.073570  -0.545526 -0.812883 0.204015  0.447656 0.587239
0  -0.274361 0.028363 1.071216  -0.992128 0.080144 0.096218  0.447104 0.595982
chess_set_pieces_black.001
0  -0.155324 -0.186316 1.059562  0.326992 -0.451605 0.830138  0.779490 0.210720
0  -0.145887 -0.165584 1.061154  0.560347 -0.114850 0.820257  0.783819 0.211335
0  -0.151257 -0.162312 1.075773  0.913250 0.134740 0.384473  0.783755 0.214362
chess_set_pieces_black.001
0  -0.149969 0.165993 1.065910  0.461547 -0.631272 0.623274  0.953607 0.161134
0  -0.172689 0.147502 1.064170  0.268576 -0.562181 0.782189  0.959223 0.161751
0  -0.165987 0.138084 1.056736  0.148565 -0.109738 0.982795  0.959209 0.164396
chess_set_pieces_black.001
0  -0.252348 0.118199 1.072085  -0.711938 0.652359 0.259945  0.447073 0.613866
0  -0.209577 0.093310 1.147102  0.651539 0.557868 0.514082  0.313814 0.222950
0  -0.219673 0.118889 1.074166  0.032237 0.570088 0.820951  0.775873 0.172313
chess_set_pieces_black.001
0  -0.209254 0.176698 1.054694  -0.855587 0.295750 0.424856  0.920860 0.224121
0  -0.233684 0.141164 1.055129  -0.579505 0.657991 0.480855  0.921193 0.215827
0  -0.195268 0.156493 1.062730  -0.345360 -0.021990 0.938213  0.925604 0.222616
chess_set_pieces_black.001
0  -0.287719 -0.165989 0.221516  -0.848979 -0.483938 0.212222  0.072157 0.568795
0  -0.203098 -0.117257 0.396693  -0.772266 -0.455246 0.443120  0.673998 0.069209
0  -0.323411 0.000013 0.284316  -0.937764 0.063445 0.341429  0.616119 0.544646
chess_set_pieces_black.001
0  -0.269328 -0.020790 1.054979  -0.781690 -0.510404 0.358398  0.062195 0.015332
0  -0.263501 -0.046933 1.052166  -0.778888 -0.159902 0.606436  0.062192 0.010172
0  -0.245694 -0.019951 1.059618  -0.094440 -0.484003 0.869955  0.066752 0.014597
chess_set_pieces_black.001
0  -0.196632 0.112386 1.060854  0.409237 0.148682 0.900233  0.330704 0.226832
0  -0.168007 0.100927 1.059411  -0.000920 0.023013 0.999735  0.733548 0.948368
0  -0.165987 0.138084 1.056736  0.148565 -0.109738 0.982795  0.932670 0.222910
chess_set_pieces_black.001
0  -0.258782 -0.072897 1.028498  -0.959448 -0.281638 -0.011803  0.438686 0.575846
0  -0.258844 -0.073230 1.054876  -0.967779 0.022969 0.250750  0.443866 0.575757
0  -0.263501 -0.046933 1.052166  -0.778888 -0.159902 0.606436  0.443358 0.581001
chess_set_pieces_black.001
0  -0.212242 -0.168869 1.070969  -0.766398 -0.635991 0.090277  0.446422 0.554771
0  -0.173785 -0.136373 1.147435  0.723338 -0.017562 0.690270  0.655391 0.306781
0  -0.237744 -0.122850 1.151393  -0.716504 0.002070 0.697580  0.462278 0.564456
chess_set_pieces_black.001
0  -0.264241 0.079062 1.028441  -0.963524 0.260790 -0.060090  0.438714 0.605898
0  -0.261285 0.069985 1.151008  -0.547462 0.413650 0.727447  0.129131 0.082430
0  -0.252348 0.118199 1.072085  -0.711938 0.652359 0.259945  0.447073 0.613866
chess_set_pieces_black.001
0  0.123976 0.243545 1.054035  0.524463 0.591085 0.612827  0.435909 0.699728
0  0.151191 0.235821 1.028461  0.571643 0.802884 0.169119  0.429990 0.704001
0  0.096171 0.264509 1.028456  0.377411 0.924275 0.057238  0.431906 0.692431
chess_set_pieces_black.001
0  -0.220376 0.020570 1.079726  0.961159 -0.217757 0.169575  0.326631 0.208625
0  -0.210801 0.051034 1.059822  0.546620 -0.374499 0.748971  0.330622 0.214660
0  -0.214156 0.053878 1.080937  0.948155 -0.196510 0.249770  0.326475 0.215134
chess_set_pieces_black.001
0  -0.210801 0.051034 1.059822  0.546620 -0.374499 0.748971  0.737965 0.960247
0  -0.184976 0.061371 1.059406  -0.001358 0.006938 0.999975  0.733983 0.956655
0  -0.197325 0.086864 1.058524  0.520488 0.062204 0.851600  0.331452 0.221960
chess_set_pieces_black.001
0  -0.210801 0.051034 1.059822  0.546620 -0.374499 0.748971  0.737965 0.960247
0  -0.189206 0.044839 1.059372  0.007078 -0.005365 0.999961  0.733647 0.959927
0  -0.184976 0.061371 1.059406  -0.001358 0.006938 0.999975  0.733983 0.956655
chess_set_pieces_black.001
0  -0.165987 0.138084 1.056736  0.148565 -0.109738 0.982795  0.735691 0.941509
0  -0.151713 0.125186 1.059406  -0.033727 0.031091 0.998947  0.732218 0.942898
0  -0.134034 0.144757 1.059388  0.039117 -0.062889 0.997254  0.730334 0.938180
chess_set_pieces_black.001
0  0.216784 -0.018358 1.081303  -0.975368 0.188636 0.114343  0.812145 0.352838
0  0.206315 -0.056688 1.063263  -0.460188 0.067730 0.885234  0.808544 0.345264
0  0.209140 -0.056626 1.081630  -0.959214 0.185496 0.213305  0.812132 0.345321
chess_set_pieces_black.001
0  -0.052545 -0.115710 1.059330  0.000270 0.000554 1.000000  0.698209 0.979847
0  -0.026360 -0.124218 1.059330  0.002442 -0.002336 0.999994  0.692907 0.979637
0  0.001022 0.004601 1.059330  -0.000424 0.000265 1.000000  0.696551 0.954514
chess_set_pieces_black.001
0  -0.076389 -0.101944 1.059330  0.000310 0.000508 1.000000  0.703441 0.978950
0  -0.052545 -0.115710 1.059330  0.000270 0.000554 1.000000  0.698209 0.979847
0  0.001022 0.004601 1.059330  -0.000424 0.000265 1.000000  0.696551 0.954514
chess_set_pieces_black.001
0  -0.226051 -0.006283 1.075615  0.593223 -0.785165 0.177769  0.327318 0.203229
0  -0.220055 0.003528 1.065468  0.871596 -0.169870 0.459854  0.329475 0.205319
0  -0.220376 0.020570 1.079726  0.961159 -0.217757 0.169575  0.326631 0.208625
chess_set_pieces_black.001
0  -0.188865 -0.099235 1.060369  0.359090 0.255395 0.897679  0.672423 0.314067
0  -0.200867 -0.082911 1.067030  0.772701 0.503805 0.386152  0.671238 0.318076
0  -0.192348 -0.100602 1.081369  0.806850 0.553431 0.206657  0.668306 0.314306
chess_set_pieces_black.001
0  0.269096 0.025030 1.072691  0.624665 0.740504 0.247886  0.949404 0.172160
0  0.247429 0.033772 1.062447  0.204099 0.472920 0.857141  0.951921 0.176414
0  0.225064 0.019969 1.075670  -0.728238 0.587897 0.352203  0.948993 0.181266
chess_set_pieces_black.001
0  0.147572 0.176078 1.063781  -0.491725 -0.083837 0.866705  0.985763 0.004782
0  0.122983 0.182064 1.057859  -0.018055 0.021106 0.999614  0.686327 0.914266
0  0.160710 0.145570 1.061382  -0.385501 -0.370852 0.844901  0.324286 0.252519
chess_set_pieces_black.001
0  0.162528 0.151570 1.078129  -0.899835 -0.339876 0.273462  0.325208 0.249059
0  0.147572 0.176078 1.063781  -0.491725 -0.083837 0.866705  0.330730 0.251866
0  0.160710 0.145570 1.061382  -0.385501 -0.370852 0.844901  0.324286 0.252519
chess_set_pieces_black.001
0  -0.096849 -0.083521 1.059330  0.003342 -0.002207 0.999992  0.708370 0.976983
0  -0.076389 -0.101944 1.059330  0.000310 0.000508 1.000000  0.703441 0.978950
0  0.001022 0.004601 1.059330  -0.000424 0.000265 1.000000  0.696551 0.954514
chess_set_pieces_black.001
0  0.001022 0.004601 1.059330  -0.000424 0.000265 1.000000  0.696551 0.954514
0  -0.113032 -0.061247 1.059330  -0.003917 0.012288 0.999917  0.712785 0.974037
0  -0.096849 -0.083521 1.059330  0.003342 -0.002207 0.999992  0.708370 0.976983
chess_set_pieces_black.001
0  -0.050362 0.192417 1.059422  0.026042 -0.015031 0.999548  0.718382 0.923971
0  -0.019732 0.198216 1.059414  0.000984 0.051476 0.998674  0.713233 0.920868
0  -0.021664 0.217087 1.056714  -0.035394 -0.323289 0.945638  0.714874 0.917559
chess_set_pieces_black.001
0  -0.203086 -0.061860 1.056955  0.196971 0.095642 0.975733  0.674222 0.321543
0  -0.200867 -0.082911 1.067030  0.772701 0.503805 0.386152  0.671238 0.318076
0  -0.188865 -0.099235 1.060369  0.359090 0.255395 0.897679  0.723961 0.985975
chess_set_pieces_black.001
0  0.045801 -0.204380 1.057924  -0.017850 -0.004864 0.999829  0.107802 0.314347
0  0.001022 0.004601 1.059330  -0.000424 0.000265 1.000000  0.696551 0.954514
0  0.001022 -0.127095 1.059332  0.003482 -0.005718 0.999978  0.687763 0.978331
chess_set_pieces_black.001
0  -0.195268 0.156493 1.062730  -0.345360 -0.021990 0.938213  0.536443 0.052720
0  -0.172689 0.147502 1.064170  0.268576 -0.562181 0.782189  0.535614 0.057247
0  -0.167890 0.155276 1.075339  0.287447 -0.914702 0.284068  0.532937 0.057247
chess_set_pieces_black.001
0  0.033815 0.220179 1.079331  -0.266615 -0.939870 0.213451  0.316921 0.180845
0  0.079015 0.209702 1.077700  0.136429 -0.926778 0.349956  0.325932 0.180658
0  0.032359 0.227902 1.150518  -0.150394 -0.438063 0.886275  0.315933 0.194710
chess_set_pieces_black.001
0  -0.021212 0.228847 1.064216  -0.410739 -0.517107 0.750929  0.114116 0.013164
0  -0.064002 0.221373 1.061153  0.187842 -0.008297 0.982164  0.122499 0.012995
0  -0.021664 0.217087 1.056714  -0.035394 -0.323289 0.945638  0.114729 0.015781
chess_set_pieces_black.001
0  -0.148244 -0.218451 1.052128  -0.466549 -0.606021 0.644260  0.310125 0.274035
0  -0.125349 -0.233955 1.054968  -0.753101 -0.591354 0.288338  0.304810 0.274070
0  -0.118810 -0.211273 1.062563  -0.584595 0.120842 0.802276  0.306020 0.269484
chess_set_pieces_black.001
0  -0.149831 -0.222719 1.012180  -0.526372 -0.848858 0.048698  0.434247 0.539195
0  -0.148244 -0.218451 1.052128  -0.466549 -0.606021 0.644260  0.442089 0.538981
0  -0.170603 -0.204131 1.028501  -0.604990 -0.794177 0.057178  0.437756 0.544437
chess_set_pieces_black.001
0  0.193582 -0.090413 1.060493  -0.177623 -0.041392 0.983228  0.807138 0.338443
0  0.201639 -0.095973 1.063643  -0.659843 -0.326540 0.676741  0.808767 0.337407
0  0.202868 -0.074928 1.068006  -0.890750 0.198650 0.408783  0.809350 0.341578
chess_set_pieces_black.001
0  -0.097485 -0.196339 1.075498  -0.272155 0.949046 0.158882  0.452723 0.144753
0  -0.120590 -0.235754 1.073192  -0.888340 -0.428810 0.164239  0.445892 0.532317
0  -0.118114 -0.235569 1.148991  -0.841865 -0.094496 0.531352  0.164380 0.133749
chess_set_pieces_black.001
0  0.078702 0.201949 1.061432  -0.000614 -0.430562 0.902561  0.326136 0.176903
0  0.104494 0.207967 1.061347  0.237174 -0.230265 0.943783  0.331152 0.177910
0  0.079015 0.209702 1.077700  0.136429 -0.926778 0.349956  0.325932 0.180658
chess_set_pieces_black.001
0  0.241626 -0.116896 1.073229  0.360012 -0.925634 0.116590  0.437500 0.448938
0  0.254537 -0.093914 1.050955  0.921260 -0.388584 0.016806  0.432394 0.444481
0  0.262293 -0.069086 1.070738  0.960753 -0.275902 0.028848  0.435445 0.438864
chess_set_pieces_black.001
0  -0.173785 -0.136373 1.147435  0.723338 -0.017562 0.690270  0.655391 0.306781
0  -0.170465 -0.133231 1.081293  0.816628 0.562705 0.128382  0.668215 0.306759
0  -0.192348 -0.100602 1.081369  0.806850 0.553431 0.206657  0.668306 0.314306
chess_set_pieces_black.001
0  -0.129955 0.018367 1.059330  -0.003711 -0.010943 0.999933  0.721160 0.960764
0  -0.129955 -0.009165 1.059330  -0.006397 -0.005700 0.999963  0.719323 0.965745
0  0.001022 0.004601 1.059330  -0.000424 0.000265 1.000000  0.696551 0.954514
chess_set_pieces_black.001
0  0.171618 -0.209234 1.012161  0.631086 -0.775545 -0.016120  0.428464 0.473102
0  0.191673 -0.191661 0.979140  0.707780 -0.706331 -0.011992  0.421551 0.468782
0  0.206773 -0.171114 1.012241  0.779851 -0.623344 0.057214  0.427294 0.463114
chess_set_pieces_black.001
0  0.241626 -0.116896 1.073229  0.360012 -0.925634 0.116590  0.437500 0.448938
0  0.240551 -0.117048 1.052868  0.653823 -0.698394 0.291137  0.433551 0.449674
0  0.254537 -0.093914 1.050955  0.921260 -0.388584 0.016806  0.432394 0.444481
chess_set_pieces_black.001
0  0.244468 -0.115052 1.028488  0.899140 -0.432016 0.070072  0.428683 0.449626
0  0.240551 -0.117048 1.052868  0.653823 -0.698394 0.291137  0.433551 0.449674
0  0.229091 -0.134211 1.050058  0.580789 -0.541716 0.607641  0.433653 0.453797
chess_set_pieces_black.001
0  0.269096 0.025030 1.072691  0.624665 0.740504 0.247886  0.949404 0.172160
0  0.225064 0.019969 1.075670  -0.728238 0.587897 0.352203  0.811228 0.360475
0  0.268672 0.023050 1.147753  0.517362 0.655093 0.550627  0.447594 0.418597
chess_set_pieces_black.001
0  0.269096 0.025030 1.072691  0.624665 0.740504 0.247886  0.949404 0.172160
0  0.268655 0.032085 1.053319  0.862283 0.360560 0.355619  0.953403 0.172185
0  0.247429 0.033772 1.062447  0.204099 0.472920 0.857141  0.951921 0.176414
chess_set_pieces_black.001
0  -0.124231 0.045298 1.059331  0.000495 -0.000303 1.000000  0.721923 0.955510
0  -0.129955 0.018367 1.059330  -0.003711 -0.010943 0.999933  0.721160 0.960764
0  0.001022 0.004601 1.059330  -0.000424 0.000265 1.000000  0.696551 0.954514
chess_set_pieces_black.001
0  -0.113032 0.070450 1.059331  0.000600 -0.000316 1.000000  0.721573 0.950213
0  -0.124231 0.045298 1.059331  0.000495 -0.000303 1.000000  0.721923 0.955510
0  0.001022 0.004601 1.059330  -0.000424 0.000265 1.000000  0.696551 0.954514
chess_set_pieces_black.001
0  -0.096849 0.092724 1.059331  0.000450 -0.000336 1.000000  0.720134 0.945105
0  -0.113032 0.070450 1.059331  0.000600 -0.000316 1.000000  0.721573 0.950213
0  0.001022 0.004601 1.059330  -0.000424 0.000265 1.000000  0.696551 0.954514
chess_set_pieces_black.001
0  -0.096849 0.092724 1.059331  0.000450 -0.000336 1.000000  0.720134 0.945105
0  0.001022 0.004601 1.059330  -0.000424 0.000265 1.000000  0.696551 0.954514
0  -0.076389 0.111147 1.059331  0.001539 0.002709 0.999995  0.717662 0.940408
chess_set_pieces_black.001
0  0.162528 0.151570 1.078129  -0.899835 -0.339876 0.273462  0.325208 0.249059
0  0.187181 0.107558 1.062024  -0.417314 -0.216687 0.882551  0.315406 0.251983
0  0.190202 0.112439 1.079970  -0.806802 -0.571379 0.150320  0.315983 0.248346
chess_set_pieces_black.001
0  0.053203 0.192166 1.059413  -0.035466 -0.091346 0.995187  0.699631 0.917101
0  0.054588 0.124913 1.059331  0.007554 -0.007019 0.999947  0.694889 0.929173
0  0.078702 0.201949 1.061432  -0.000614 -0.430562 0.902561  0.695683 0.913599
chess_set_pieces_black.001
0  -0.134034 0.144757 1.059388  0.039117 -0.062889 0.997254  0.730334 0.938180
0  -0.076389 0.111147 1.059331  0.001539 0.002709 0.999995  0.717662 0.940408
0  -0.128934 0.177296 1.059186  0.123800 -0.583365 0.802720  0.731579 0.931955
chess_set_pieces_black.001
0  0.001022 0.004601 1.059330  -0.000424 0.000265 1.000000  0.696551 0.954514
0  -0.052545 0.124913 1.059332  -0.000517 0.002178 0.999997  0.714270 0.936325
0  -0.076389 0.111147 1.059331  0.001539 0.002709 0.999995  0.717662 0.940408
chess_set_pieces_black.001
0  -0.113032 -0.061247 1.059330  -0.003917 0.012288 0.999917  0.712785 0.974037
0  0.001022 0.004601 1.059330  -0.000424 0.000265 1.000000  0.696551 0.954514
0  -0.124231 -0.036095 1.059330  -0.006737 0.006921 0.999953  0.716491 0.970234
chess_set_pieces_black.001
0  0.053203 0.192166 1.059413  -0.035466 -0.091346 0.995187  0.699631 0.917101
0  0.078702 0.201949 1.061432  -0.000614 -0.430562 0.902561  0.326136 0.176903
0  0.033791 0.214722 1.061955  -0.119956 -0.469084 0.874969  0.704648 0.914286
chess_set_pieces_black.001
0  0.225064 0.019969 1.075670  -0.728238 0.587897 0.352203  0.811228 0.360475
0  0.218161 0.001530 1.067770  -0.908520 0.187758 0.373280  0.809473 0.356735
0  0.216784 -0.018358 1.081303  -0.975368 0.188636 0.114343  0.812145 0.352838
chess_set_pieces_black.001
0  -0.031620 0.251270 1.062825  -0.308991 0.222676 0.924630  0.565730 0.044085
0  -0.021212 0.228847 1.064216  -0.410739 -0.517107 0.750929  0.564895 0.048693
0  -0.012399 0.231156 1.075852  -0.710625 -0.559043 0.427180  0.562155 0.048693
chess_set_pieces_black.001
0  -0.033590 0.278548 1.028456  -0.169466 0.984136 0.052520  0.435191 0.667596
0  -0.029729 0.274352 1.055906  -0.282215 0.857485 0.430202  0.440434 0.668828
0  0.003039 0.282179 1.051082  -0.015892 0.991993 0.125287  0.438788 0.675180
chess_set_pieces_black.001
0  0.254420 0.093418 1.072932  0.916309 -0.373852 0.143568  0.431803 0.739371
0  0.248429 0.118941 1.050734  0.919036 0.378500 0.110044  0.428594 0.733580
0  0.233558 0.146116 1.070721  0.865267 0.499484 0.042767  0.433538 0.728522
chess_set_pieces_black.001
0  -0.148244 -0.218451 1.052128  -0.466549 -0.606021 0.644260  0.442089 0.538981
0  -0.171254 -0.203922 1.054491  -0.311235 -0.869517 0.383501  0.442852 0.544286
0  -0.170603 -0.204131 1.028501  -0.604990 -0.794177 0.057178  0.437756 0.544437
chess_set_pieces_black.001
0  0.254420 0.093418 1.072932  0.916309 -0.373852 0.143568  0.431803 0.739371
0  0.231894 0.142559 1.148495  0.580049 0.427504 0.693386  0.523907 0.092260
0  0.254041 0.093260 1.146605  0.738743 -0.390089 0.549626  0.727875 0.273473
chess_set_pieces_black.001
0  0.190202 0.112439 1.079970  -0.806802 -0.571379 0.150320  0.315983 0.248346
0  0.199898 0.091953 1.067049  -0.714739 -0.463726 0.523551  0.311525 0.250823
0  0.213373 0.079175 1.075450  -0.446587 -0.806329 0.387806  0.308047 0.248888
chess_set_pieces_black.001
0  -0.267883 -0.047558 1.012182  -0.978338 -0.206893 0.007119  0.435491 0.581127
0  -0.261843 -0.070190 0.979138  -0.954447 -0.297463 -0.023395  0.429073 0.576645
0  -0.258782 -0.072897 1.028498  -0.959448 -0.281638 -0.011803  0.438686 0.575846
chess_set_pieces_black.001
0  -0.261197 -0.070045 0.964651  -0.926496 -0.268250 -0.263908  0.426267 0.576671
0  -0.268360 0.000069 0.946459  -0.905108 0.012393 -0.425000  0.422650 0.590459
0  -0.231619 -0.133559 0.946577  -0.835809 -0.474652 -0.275913  0.422527 0.563222
chess_set_pieces_black.001
0  0.218161 0.001530 1.067770  -0.908520 0.187758 0.373280  0.809473 0.356735
0  0.224942 0.024379 1.063964  -0.381747 0.432328 0.816922  0.809089 0.361401
0  0.214183 0.022649 1.060406  -0.135006 0.162592 0.977414  0.807159 0.360489
chess_set_pieces_black.001
0  0.078432 0.111147 1.059332  0.003077 -0.003803 0.999988  0.689657 0.930074
0  0.115076 0.070450 1.059330  -0.008865 -0.011634 0.999893  0.680317 0.934994
0  0.160710 0.145570 1.061382  -0.385501 -0.370852 0.844901  0.324286 0.252519
chess_set_pieces_black.001
0  0.254420 0.093418 1.072932  0.916309 -0.373852 0.143568  0.431803 0.739371
0  0.256701 0.087919 1.052661  0.890038 0.047822 0.453371  0.427758 0.739720
0  0.248429 0.118941 1.050734  0.919036 0.378500 0.110044  0.428594 0.733580
chess_set_pieces_black.001
0  0.054588 -0.115710 1.059332  -0.011973 0.003126 0.999923  0.678832 0.972699
0  0.093724 -0.185839 1.062048  -0.455622 0.328091 0.827505  0.883889 0.260378
0  0.130648 -0.164272 1.062101  -0.407645 0.736842 0.539341  0.661815 0.976440
chess_set_pieces_black.001
0  0.189694 -0.154952 1.074086  0.485862 0.802322 0.346724  0.149278 0.212462
0  0.173203 -0.139210 1.063753  0.081812 0.428761 0.899706  0.865999 0.261919
0  0.156054 -0.148238 1.078718  -0.216072 0.923298 0.317543  0.870016 0.264419
chess_set_pieces_black.001
0  -0.026360 0.133421 1.059332  0.000177 -0.000706 1.000000  0.710100 0.933037
0  -0.052545 0.124913 1.059332  -0.000517 0.002178 0.999997  0.714270 0.936325
0  0.001022 0.004601 1.059330  -0.000424 0.000265 1.000000  0.696551 0.954514
chess_set_pieces_black.001
0  0.134338 -0.232763 0.979247  0.472922 -0.880647 -0.028398  0.423138 0.482257
0  0.171618 -0.209234 1.012161  0.631086 -0.775545 -0.016120  0.428464 0.473102
0  0.149792 -0.224596 1.028445  0.520033 -0.851741 0.064053  0.432186 0.477821
chess_set_pieces_black.001
0  -0.203315 0.117375 0.396837  -0.778855 0.450993 0.435878  0.586912 0.521275
0  -0.203098 -0.117257 0.396693  -0.772266 -0.455246 0.443120  0.673998 0.069209
0  -0.186542 -0.000007 0.563788  -0.979561 -0.008983 0.200945  0.705136 0.093885
chess_set_pieces_black.001
0  -0.095511 -0.184264 1.058515  -0.032747 0.263455 0.964116  0.921579 0.275340
0  -0.101582 -0.194191 1.064008  -0.131091 0.684954 0.716696  0.919294 0.276217
0  -0.074754 -0.200093 1.065990  0.167132 0.763615 0.623666  0.918744 0.270920
chess_set_pieces_black.001
0  -0.166645 -0.131230 1.060172  0.357386 0.546242 0.757559  0.672387 0.306617
0  -0.157029 -0.147664 1.066472  0.748293 0.503440 0.431980  0.671117 0.302933
0  -0.136915 -0.158398 1.056765  0.112633 0.019733 0.993441  0.710617 0.993232
chess_set_pieces_black.001
0  -0.263501 -0.046933 1.052166  -0.778888 -0.159902 0.606436  0.062192 0.010172
0  -0.258844 -0.073230 1.054876  -0.967779 0.022969 0.250750  0.062188 0.005024
0  -0.237513 -0.063063 1.062621  -0.265043 0.394079 0.880031  0.066840 0.006072
chess_set_pieces_black.001
0  -0.212968 -0.070377 1.075985  0.505188 0.817324 0.277069  0.775817 0.136492
0  -0.237513 -0.063063 1.062621  -0.265043 0.394079 0.880031  0.780397 0.133364
0  -0.255984 -0.076415 1.073242  -0.821104 0.462296 0.334769  0.784682 0.135637
chess_set_pieces_black.001
0  0.001022 0.136299 1.059332  0.000112 -0.000575 1.000000  0.705342 0.930690
0  -0.026360 0.133421 1.059332  0.000177 -0.000706 1.000000  0.710100 0.933037
0  0.001022 0.004601 1.059330  -0.000424 0.000265 1.000000  0.696551 0.954514
chess_set_pieces_black.001
0  -0.170603 -0.204131 1.028501  -0.604990 -0.794177 0.057178  0.437756 0.544437
0  -0.172720 -0.206854 1.012159  -0.616973 -0.779770 0.106313  0.434515 0.544550
0  -0.149831 -0.222719 1.012180  -0.526372 -0.848858 0.048698  0.434247 0.539195
chess_set_pieces_black.001
0  -0.090794 0.207806 1.078651  0.665988 -0.594903 0.450055  0.939746 0.158225
0  -0.064002 0.221373 1.061153  0.187842 -0.008297 0.982164  0.986235 0.203231
0  -0.075460 0.241763 1.074234  0.508456 0.092611 0.856093  0.990720 0.205968
chess_set_pieces_black.001
0  0.028403 0.133421 1.059331  -0.000189 -0.000534 1.000000  0.700194 0.929384
0  0.001022 0.136299 1.059332  0.000112 -0.000575 1.000000  0.705342 0.930690
0  0.001022 0.004601 1.059330  -0.000424 0.000265 1.000000  0.696551 0.954514
chess_set_pieces_black.001
0  0.054588 0.124913 1.059331  0.007554 -0.007019 0.999947  0.694889 0.929173
0  0.028403 0.133421 1.059331  -0.000189 -0.000534 1.000000  0.700194 0.929384
0  0.001022 0.004601 1.059330  -0.000424 0.000265 1.000000  0.696551 0.954514
chess_set_pieces_black.001
0  0.131999 -0.009165 1.059330  -0.017783 0.013538 0.999750  0.671945 0.948260
0  0.131999 0.018368 1.059330  -0.007573 0.010124 0.999920  0.673782 0.943282
0  0.001022 0.004601 1.059330  -0.000424 0.000265 1.000000  0.696551 0.954514
chess_set_pieces_black.001
0  0.126275 -0.036095 1.059330  -0.016367 -0.000545 0.999866  0.671179 0.953514
0  0.131999 -0.009165 1.059330  -0.017783 0.013538 0.999750  0.671945 0.948260
0  0.001022 0.004601 1.059330  -0.000424 0.000265 1.000000  0.696551 0.954514
chess_set_pieces_black.001
0  -0.224272 -0.013565 1.060879  0.238363 -0.481446 0.843441  0.071000 0.015108
0  -0.222040 -0.040706 1.058038  0.014469 0.042887 0.998975  0.070537 0.009867
0  -0.212660 -0.018109 1.056547  0.116551 -0.014615 0.993077  0.073152 0.013788
chess_set_pieces_black.001
0  0.173056 -0.204843 1.133008  0.623317 -0.758669 0.189464  0.451754 0.469658
0  0.190867 -0.185459 1.148180  0.756019 0.116759 0.644051  0.782378 0.120146
0  0.149878 -0.216071 1.148304  0.380381 -0.616515 0.689361  0.455382 0.474215
chess_set_pieces_black.001
0  0.115076 -0.061247 1.059330  -0.000397 0.000247 1.000000  0.671526 0.958808
0  0.126275 -0.036095 1.059330  -0.016367 -0.000545 0.999866  0.671179 0.953514
0  0.001022 0.004601 1.059330  -0.000424 0.000265 1.000000  0.696551 0.954514
chess_set_pieces_black.001
0  0.098893 -0.083521 1.059330  -0.000616 0.010477 0.999945  0.672965 0.963920
0  0.115076 -0.061247 1.059330  -0.000397 0.000247 1.000000  0.671526 0.958808
0  0.001022 0.004601 1.059330  -0.000424 0.000265 1.000000  0.696551 0.954514
chess_set_pieces_black.001
0  0.273894 0.009349 1.051268  0.996318 0.073704 0.043800  0.429327 0.424107
0  0.272359 -0.017090 1.070749  0.989565 -0.086875 0.114951  0.433870 0.428651
0  0.272107 -0.014380 1.028490  0.994583 -0.103765 -0.006054  0.425624 0.429376
chess_set_pieces_black.001
0  0.130648 -0.164272 1.062101  -0.407645 0.736842 0.539341  0.875698 0.260986
0  0.001022 0.004601 1.059330  -0.000424 0.000265 1.000000  0.696551 0.954514
0  0.054588 -0.115710 1.059332  -0.011973 0.003126 0.999923  0.678832 0.972699
chess_set_pieces_black.001
0  -0.003617 -0.208171 1.058511  0.128453 0.407429 0.904158  0.919910 0.257107
0  0.019052 -0.220017 1.061432  0.321266 0.203304 0.924908  0.109714 0.308671
0  0.045801 -0.204380 1.057924  -0.017850 -0.004864 0.999829  0.674512 0.989345
chess_set_pieces_black.001
0  -0.252348 0.118199 1.072085  -0.711938 0.652359 0.259945  0.447073 0.613866
0  -0.233684 0.141164 1.055129  -0.579505 0.657991 0.480855  0.443617 0.619534
0  -0.243821 0.124771 1.028524  -0.871038 0.485902 -0.072064  0.438592 0.615599
chess_set_pieces_black.001
0  -0.200867 -0.082911 1.067030  0.772701 0.503805 0.386152  0.671238 0.318076
0  -0.213742 -0.065161 1.061433  0.245209 0.575468 0.780198  0.672130 0.322404
0  -0.212968 -0.070377 1.075985  0.505188 0.817324 0.277069  0.669377 0.321430
chess_set_pieces_black.001
0  -0.226051 -0.006283 1.075615  0.593223 -0.785165 0.177769  0.327318 0.203229
0  -0.224272 -0.013565 1.060879  0.238363 -0.481446 0.843441  0.330142 0.201822
0  -0.220055 0.003528 1.065468  0.871596 -0.169870 0.459854  0.329475 0.205319
chess_set_pieces_black.001
0  0.149878 -0.216071 1.148304  0.380381 -0.616515 0.689361  0.455382 0.474215
0  0.129634 -0.233823 1.132889  0.307327 -0.903447 0.298888  0.452881 0.479721
0  0.173056 -0.204843 1.133008  0.623317 -0.758669 0.189464  0.451754 0.469658
chess_set_pieces_black.001
0  0.193582 -0.090413 1.060493  -0.177623 -0.041392 0.983228  0.655364 0.958827
0  0.175136 -0.081150 1.059384  -0.027819 -0.013479 0.999522  0.659323 0.958390
0  0.168094 -0.094115 1.059386  -0.003190 -0.018148 0.999830  0.659724 0.961212
chess_set_pieces_black.001
0  0.001022 -0.127095 1.059332  0.003482 -0.005718 0.999978  0.687763 0.978331
0  -0.003617 -0.208171 1.058511  0.128453 0.407429 0.904158  0.919910 0.257107
0  0.045801 -0.204380 1.057924  -0.017850 -0.004864 0.999829  0.674512 0.989345
chess_set_pieces_black.001
0  -0.106447 -0.156891 1.059403  -0.025940 -0.010064 0.999613  0.705204 0.990891
0  -0.123499 -0.144182 1.059393  -0.006634 -0.026050 0.999639  0.709135 0.989735
0  -0.136915 -0.158398 1.056765  0.112633 0.019733 0.993441  0.710617 0.993232
chess_set_pieces_black.001
0  0.178491 -0.120141 1.057803  0.024699 0.037737 0.998982  0.256688 0.315748
0  0.203616 -0.139508 1.055355  0.263655 0.048382 0.963403  0.262839 0.315356
0  0.197612 -0.113209 1.057762  -0.012370 -0.143370 0.989592  0.258957 0.318906
chess_set_pieces_black.001
0  0.045801 -0.204380 1.057924  -0.017850 -0.004864 0.999829  0.107802 0.314347
0  0.070865 -0.207303 1.064176  -0.437062 0.270267 0.857865  0.890053 0.260899
0  0.093724 -0.185839 1.062048  -0.455622 0.328091 0.827505  0.667052 0.982793
chess_set_pieces_black.001
0  0.204526 0.068297 1.060259  -0.055880 -0.139569 0.988634  0.307288 0.253419
0  0.215236 0.073635 1.063691  -0.054931 -0.488928 0.870593  0.306832 0.251065
0  0.199898 0.091953 1.067049  -0.714739 -0.463726 0.523551  0.311525 0.250823
chess_set_pieces_black.001
0  0.224109 0.049617 1.057960  0.055608 0.052196 0.997087  0.670107 0.281483
0  0.215236 0.073635 1.063691  -0.054931 -0.488928 0.870593  0.665146 0.280687
0  0.204526 0.068297 1.060259  -0.055880 -0.139569 0.988634  0.665891 0.278431
chess_set_pieces_black.001
0  -0.095511 -0.184264 1.058515  -0.032747 0.263455 0.964116  0.701400 0.995109
0  -0.087133 -0.168163 1.059408  -0.023471 -0.015511 0.999604  0.700962 0.991636
0  -0.106447 -0.156891 1.059403  -0.025940 -0.010064 0.999613  0.705204 0.990891
chess_set_pieces_black.001
0  0.079015 0.209702 1.077700  0.136429 -0.926778 0.349956  0.325932 0.180658
0  0.104494 0.207967 1.061347  0.237174 -0.230265 0.943783  0.916110 0.284971
0  0.113468 0.227338 1.073914  0.697932 -0.322142 0.639621  0.920315 0.287379
chess_set_pieces_black.001
0  -0.201238 0.184496 1.148797  -0.786725 -0.268131 0.556030  0.461301 0.631385
0  -0.167890 0.155276 1.075339  0.287447 -0.914702 0.284068  0.957682 0.159442
0  -0.134371 0.186154 1.147161  0.170978 -0.448224 0.877418  0.571413 0.086550
chess_set_pieces_black.001
0  0.202868 -0.074928 1.068006  -0.890750 0.198650 0.408783  0.809350 0.341578
0  0.201639 -0.095973 1.063643  -0.659843 -0.326540 0.676741  0.808767 0.337407
0  0.202693 -0.093644 1.075658  -0.869261 -0.442397 0.220612  0.810999 0.337975
chess_set_pieces_black.001
0  0.033791 0.214722 1.061955  -0.119956 -0.469084 0.874969  0.704648 0.914286
0  0.031471 0.196911 1.059383  -0.001163 -0.046176 0.998933  0.703877 0.917692
0  0.053203 0.192166 1.059413  -0.035466 -0.091346 0.995187  0.699631 0.917101
chess_set_pieces_black.001
0  0.126275 0.045298 1.059330  -0.003394 -0.010533 0.999939  0.676614 0.938793
0  0.115076 0.070450 1.059330  -0.008865 -0.011634 0.999893  0.680317 0.934994
0  0.001022 0.004601 1.059330  -0.000424 0.000265 1.000000  0.696551 0.954514
chess_set_pieces_black.001
0  -0.108021 0.253391 1.151756  0.350708 0.567382 0.745038  0.460408 0.653952
0  -0.134371 0.186154 1.147161  0.170978 -0.448224 0.877418  0.949490 0.145173
0  -0.090794 0.207806 1.078651  0.665988 -0.594903 0.450055  0.939746 0.158225
chess_set_pieces_black.001
0  0.113468 0.227338 1.073914  0.697932 -0.322142 0.639621  0.920315 0.287379
0  0.123976 0.243545 1.054035  0.524463 0.591085 0.612827  0.435909 0.699728
0  0.097692 0.260314 1.071549  0.550347 0.826365 0.119329  0.440103 0.694185
chess_set_pieces_black.001
0  -0.197325 0.086864 1.058524  0.520488 0.062204 0.851600  0.331452 0.221960
0  -0.214156 0.053878 1.080937  0.948155 -0.196510 0.249770  0.326475 0.215134
0  -0.210801 0.051034 1.059822  0.546620 -0.374499 0.748971  0.737965 0.960247
chess_set_pieces_black.001
0  0.131999 0.018368 1.059330  -0.007573 0.010124 0.999920  0.673782 0.943282
0  0.126275 0.045298 1.059330  -0.003394 -0.010533 0.999939  0.676614 0.938793
0  0.001022 0.004601 1.059330  -0.000424 0.000265 1.000000  0.696551 0.954514
chess_set_pieces_black.001
0  0.078432 0.111147 1.059332  0.003077 -0.003803 0.999988  0.689657 0.930074
0  0.054588 0.124913 1.059331  0.007554 -0.007019 0.999947  0.694889 0.929173
0  0.001022 0.004601 1.059330  -0.000424 0.000265 1.000000  0.696551 0.954514
chess_set_pieces_black.001
0  0.223681 -0.129127 0.923453  0.700297 -0.462101 -0.544102  0.865292 0.730817
0  0.223959 0.129305 0.923135  0.721162 0.411805 -0.557083  0.884405 0.779196
0  0.269806 -0.000004 0.946375  0.922549 -0.015198 -0.385580  0.409428 0.429219
chess_set_pieces_black.001
0  0.218161 0.001530 1.067770  -0.908520 0.187758 0.373280  0.809473 0.356735
0  0.214183 0.022649 1.060406  -0.135006 0.162592 0.977414  0.659208 0.937019
0  0.214214 -0.019072 1.062649  -0.708264 -0.149148 0.690012  0.808505 0.352616
chess_set_pieces_black.001
0  -0.269126 -0.015464 1.073570  -0.545526 -0.812883 0.204015  0.904685 0.210258
0  -0.269328 -0.020790 1.054979  -0.781690 -0.510404 0.358398  0.904529 0.206543
0  -0.245694 -0.019951 1.059618  -0.094440 -0.484003 0.869955  0.909100 0.207302
chess_set_pieces_black.001
0  -0.184976 0.061371 1.059406  -0.001358 0.006938 0.999975  0.733983 0.956655
0  -0.178546 0.079353 1.059416  -0.032917 0.002118 0.999456  0.734019 0.952972
0  -0.197325 0.086864 1.058524  0.520488 0.062204 0.851600  0.737919 0.952866
chess_set_pieces_black.001
0  -0.255984 -0.076415 1.073242  -0.821104 0.462296 0.334769  0.447478 0.574997
0  -0.258844 -0.073230 1.054876  -0.967779 0.022969 0.250750  0.443866 0.575757
0  -0.254516 -0.099668 1.051151  -0.939413 -0.342078 -0.022040  0.443069 0.570552
chess_set_pieces_black.001
0  -0.129955 -0.009165 1.059330  -0.006397 -0.005700 0.999963  0.719323 0.965745
0  -0.124231 -0.036095 1.059330  -0.006737 0.006921 0.999953  0.716491 0.970234
0  0.001022 0.004601 1.059330  -0.000424 0.000265 1.000000  0.696551 0.954514
chess_set_pieces_black.001
0  -0.269126 -0.015464 1.073570  -0.545526 -0.812883 0.204015  0.904685 0.210258
0  -0.226051 -0.006283 1.075615  0.593223 -0.785165 0.177769  0.327318 0.203229
0  -0.268438 -0.013708 1.148967  -0.509240 -0.658114 0.554582  0.462353 0.587970
chess_set_pieces_black.001
0  -0.074754 -0.200093 1.065990  0.167132 0.763615 0.623666  0.918744 0.270920
0  -0.101582 -0.194191 1.064008  -0.131091 0.684954 0.716696  0.919294 0.276217
0  -0.097485 -0.196339 1.075498  -0.272155 0.949046 0.158882  0.917066 0.275444
chess_set_pieces_black.001
0  -0.212137 0.179167 1.028459  -0.801167 0.595925 0.054817  0.438145 0.627755
0  -0.209254 0.176698 1.054694  -0.855587 0.295750 0.424856  0.443245 0.627903
0  -0.187939 0.206716 1.050840  -0.712512 0.696249 0.086971  0.442126 0.634965
chess_set_pieces_black.001
0  -0.026360 -0.124218 1.059330  0.002442 -0.002336 0.999994  0.692907 0.979637
0  0.001022 -0.127095 1.059332  0.003482 -0.005718 0.999978  0.687763 0.978331
0  0.001022 0.004601 1.059330  -0.000424 0.000265 1.000000  0.696551 0.954514
chess_set_pieces_black.001
0  -0.120590 -0.235754 1.073192  -0.888340 -0.428810 0.164239  0.445892 0.532317
0  -0.099245 -0.250842 1.050918  -0.415298 -0.909650 0.008110  0.441216 0.527535
0  -0.069048 -0.259928 1.070826  -0.252595 -0.958691 0.130796  0.444587 0.521158
chess_set_pieces_black.001
0  -0.215196 0.016993 1.059039  0.389086 -0.098664 0.915902  0.736491 0.966695
0  -0.189206 0.044839 1.059372  0.007078 -0.005365 0.999961  0.733647 0.959927
0  -0.210801 0.051034 1.059822  0.546620 -0.374499 0.748971  0.330622 0.214660
chess_set_pieces_black.001
0  -0.124231 0.045298 1.059331  0.000495 -0.000303 1.000000  0.721923 0.955510
0  -0.184976 0.061371 1.059406  -0.001358 0.006938 0.999975  0.733983 0.956655
0  -0.189206 0.044839 1.059372  0.007078 -0.005365 0.999961  0.733647 0.959927
chess_set_pieces_black.001
0  -0.184976 0.061371 1.059406  -0.001358 0.006938 0.999975  0.733983 0.956655
0  -0.124231 0.045298 1.059331  0.000495 -0.000303 1.000000  0.721923 0.955510
0  -0.178546 0.079353 1.059416  -0.032917 0.002118 0.999456  0.734019 0.952972
chess_set_pieces_black.001
0  -0.113032 0.070450 1.059331  0.000600 -0.000316 1.000000  0.721573 0.950213
0  -0.168007 0.100927 1.059411  -0.000920 0.023013 0.999735  0.733548 0.948368
0  -0.178546 0.079353 1.059416  -0.032917 0.002118 0.999456  0.734019 0.952972
chess_set_pieces_black.001
0  -0.168007 0.100927 1.059411  -0.000920 0.023013 0.999735  0.733548 0.948368
0  -0.113032 0.070450 1.059331  0.000600 -0.000316 1.000000  0.721573 0.950213
0  -0.151713 0.125186 1.059406  -0.033727 0.031091 0.998947  0.732218 0.942898
chess_set_pieces_black.001
0  -0.096849 0.092724 1.059331  0.000450 -0.000336 1.000000  0.720134 0.945105
0  -0.134034 0.144757 1.059388  0.039117 -0.062889 0.997254  0.730334 0.938180
0  -0.151713 0.125186 1.059406  -0.033727 0.031091 0.998947  0.732218 0.942898
chess_set_pieces_black.001
0  -0.026360 0.133421 1.059332  0.000177 -0.000706 1.000000  0.710100 0.933037
0  -0.019732 0.198216 1.059414  0.000984 0.051476 0.998674  0.713233 0.920868
0  -0.050362 0.192417 1.059422  0.026042 -0.015031 0.999548  0.718382 0.923971
chess_set_pieces_black.001
0  0.001022 0.136299 1.059332  0.000112 -0.000575 1.000000  0.705342 0.930690
0  -0.019732 0.198216 1.059414  0.000984 0.051476 0.998674  0.713233 0.920868
0  -0.026360 0.133421 1.059332  0.000177 -0.000706 1.000000  0.710100 0.933037
chess_set_pieces_black.001
0  0.001022 0.136299 1.059332  0.000112 -0.000575 1.000000  0.705342 0.930690
0  0.031471 0.196911 1.059383  -0.001163 -0.046176 0.998933  0.703877 0.917692
0  0.007845 0.199203 1.059396  -0.043488 -0.098447 0.994192  0.708306 0.918846
chess_set_pieces_black.001
0  0.028403 0.133421 1.059331  -0.000189 -0.000534 1.000000  0.700194 0.929384
0  0.031471 0.196911 1.059383  -0.001163 -0.046176 0.998933  0.703877 0.917692
0  0.001022 0.136299 1.059332  0.000112 -0.000575 1.000000  0.705342 0.930690
chess_set_pieces_black.001
0  0.028403 0.133421 1.059331  -0.000189 -0.000534 1.000000  0.700194 0.929384
0  0.054588 0.124913 1.059331  0.007554 -0.007019 0.999947  0.694889 0.929173
0  0.053203 0.192166 1.059413  -0.035466 -0.091346 0.995187  0.699631 0.917101
chess_set_pieces_black.001
0  0.122983 0.182064 1.057859  -0.018055 0.021106 0.999614  0.984061 0.009443
0  0.054588 0.124913 1.059331  0.007554 -0.007019 0.999947  0.694889 0.929173
0  0.078432 0.111147 1.059332  0.003077 -0.003803 0.999988  0.689657 0.930074
chess_set_pieces_black.001
0  0.000035 0.259692 0.921875  -0.026686 0.853458 -0.520478  0.936198 0.786237
0  0.000137 0.274297 0.945934  -0.021385 0.943935 -0.329439  0.418750 0.672122
0  0.136554 0.236301 0.946020  0.480536 0.787055 -0.386820  0.414914 0.698986
chess_set_pieces_black.001
0  -0.129955 0.018367 1.059330  -0.003711 -0.010943 0.999933  0.721160 0.960764
0  -0.124231 0.045298 1.059331  0.000495 -0.000303 1.000000  0.721923 0.955510
0  -0.189206 0.044839 1.059372  0.007078 -0.005365 0.999961  0.733647 0.959927
chess_set_pieces_black.001
0  0.093724 -0.185839 1.062048  -0.455622 0.328091 0.827505  0.667052 0.982793
0  0.054588 -0.115710 1.059332  -0.011973 0.003126 0.999923  0.678832 0.972699
0  0.045801 -0.204380 1.057924  -0.017850 -0.004864 0.999829  0.107802 0.314347
chess_set_pieces_black.001
0  0.115076 0.070450 1.059330  -0.008865 -0.011634 0.999893  0.680317 0.934994
0  0.204526 0.068297 1.060259  -0.055880 -0.139569 0.988634  0.307288 0.253419
0  0.187181 0.107558 1.062024  -0.417314 -0.216687 0.882551  0.669730 0.923452
chess_set_pieces_black.001
0  0.126275 0.045298 1.059330  -0.003394 -0.010533 0.999939  0.676614 0.938793
0  0.131999 0.018368 1.059330  -0.007573 0.010124 0.999920  0.673782 0.943282
0  0.191931 0.040958 1.059393  0.010795 0.001283 0.999941  0.664453 0.935199
chess_set_pieces_black.001
0  -0.124231 0.045298 1.059331  0.000495 -0.000303 1.000000  0.721923 0.955510
0  -0.113032 0.070450 1.059331  0.000600 -0.000316 1.000000  0.721573 0.950213
0  -0.178546 0.079353 1.059416  -0.032917 0.002118 0.999456  0.734019 0.952972
chess_set_pieces_black.001
0  0.131999 0.018368 1.059330  -0.007573 0.010124 0.999920  0.673782 0.943282
0  0.214214 -0.019072 1.062649  -0.708264 -0.149148 0.690012  0.808505 0.352616
0  0.214183 0.022649 1.060406  -0.135006 0.162592 0.977414  0.659208 0.937019
chess_set_pieces_black.001
0  0.131999 -0.009165 1.059330  -0.017783 0.013538 0.999750  0.671945 0.948260
0  0.206315 -0.056688 1.063263  -0.460188 0.067730 0.885234  0.808544 0.345264
0  0.214214 -0.019072 1.062649  -0.708264 -0.149148 0.690012  0.656377 0.944553
chess_set_pieces_black.001
0  0.206315 -0.056688 1.063263  -0.460188 0.067730 0.885234  0.655269 0.951870
0  0.175136 -0.081150 1.059384  -0.027819 -0.013479 0.999522  0.659323 0.958390
0  0.193582 -0.090413 1.060493  -0.177623 -0.041392 0.983228  0.807138 0.338443
chess_set_pieces_black.001
0  0.115076 -0.061247 1.059330  -0.000397 0.000247 1.000000  0.671526 0.958808
0  0.175136 -0.081150 1.059384  -0.027819 -0.013479 0.999522  0.659323 0.958390
0  0.126275 -0.036095 1.059330  -0.016367 -0.000545 0.999866  0.671179 0.953514
chess_set_pieces_black.001
0  0.115076 -0.061247 1.059330  -0.000397 0.000247 1.000000  0.671526 0.958808
0  0.160356 -0.106130 1.059386  0.027592 0.001265 0.999619  0.660327 0.963907
0  0.168094 -0.094115 1.059386  -0.003190 -0.018148 0.999830  0.659724 0.961212
chess_set_pieces_black.001
0  0.098893 -0.083521 1.059330  -0.000616 0.010477 0.999945  0.672965 0.963920
0  0.160356 -0.106130 1.059386  0.027592 0.001265 0.999619  0.660327 0.963907
0  0.115076 -0.061247 1.059330  -0.000397 0.000247 1.000000  0.671526 0.958808
chess_set_pieces_black.001
0  -0.052545 -0.115710 1.059330  0.000270 0.000554 1.000000  0.698209 0.979847
0  -0.087133 -0.168163 1.059408  -0.023471 -0.015511 0.999604  0.700962 0.991636
0  -0.066364 -0.177248 1.059397  0.023312 0.078973 0.996604  0.696602 0.991893
chess_set_pieces_black.001
0  -0.076389 -0.101944 1.059330  0.000310 0.000508 1.000000  0.703441 0.978950
0  -0.087133 -0.168163 1.059408  -0.023471 -0.015511 0.999604  0.700962 0.991636
0  -0.052545 -0.115710 1.059330  0.000270 0.000554 1.000000  0.698209 0.979847
chess_set_pieces_black.001
0  -0.076389 -0.101944 1.059330  0.000310 0.000508 1.000000  0.703441 0.978950
0  -0.123499 -0.144182 1.059393  -0.006634 -0.026050 0.999639  0.709135 0.989735
0  -0.106447 -0.156891 1.059403  -0.025940 -0.010064 0.999613  0.705204 0.990891
chess_set_pieces_black.001
0  -0.096849 -0.083521 1.059330  0.003342 -0.002207 0.999992  0.708370 0.976983
0  -0.123499 -0.144182 1.059393  -0.006634 -0.026050 0.999639  0.709135 0.989735
0  -0.076389 -0.101944 1.059330  0.000310 0.000508 1.000000  0.703441 0.978950
chess_set_pieces_black.001
0  -0.113032 0.070450 1.059331  0.000600 -0.000316 1.000000  0.721573 0.950213
0  -0.096849 0.092724 1.059331  0.000450 -0.000336 1.000000  0.720134 0.945105
0  -0.151713 0.125186 1.059406  -0.033727 0.031091 0.998947  0.732218 0.942898
chess_set_pieces_black.001
0  -0.096849 0.092724 1.059331  0.000450 -0.000336 1.000000  0.720134 0.945105
0  -0.076389 0.111147 1.059331  0.001539 0.002709 0.999995  0.717662 0.940408
0  -0.134034 0.144757 1.059388  0.039117 -0.062889 0.997254  0.730334 0.938180
chess_set_pieces_black.001
0  -0.076389 0.111147 1.059331  0.001539 0.002709 0.999995  0.717662 0.940408
0  -0.085417 0.201773 1.058533  0.330138 -0.554147 0.764153  0.939397 0.162574
0  -0.128934 0.177296 1.059186  0.123800 -0.583365 0.802720  0.731579 0.931955
chess_set_pieces_black.001
0  -0.052545 0.124913 1.059332  -0.000517 0.002178 0.999997  0.714270 0.936325
0  -0.026360 0.133421 1.059332  0.000177 -0.000706 1.000000  0.710100 0.933037
0  -0.050362 0.192417 1.059422  0.026042 -0.015031 0.999548  0.718382 0.923971
chess_set_pieces_black.001
0  0.001022 0.136299 1.059332  0.000112 -0.000575 1.000000  0.705342 0.930690
0  0.007845 0.199203 1.059396  -0.043488 -0.098447 0.994192  0.708306 0.918846
0  -0.019732 0.198216 1.059414  0.000984 0.051476 0.998674  0.713233 0.920868
chess_set_pieces_black.001
0  0.028403 0.133421 1.059331  -0.000189 -0.000534 1.000000  0.700194 0.929384
0  0.053203 0.192166 1.059413  -0.035466 -0.091346 0.995187  0.699631 0.917101
0  0.031471 0.196911 1.059383  -0.001163 -0.046176 0.998933  0.703877 0.917692
chess_set_pieces_black.001
0  0.000035 0.259692 0.921875  -0.026686 0.853458 -0.520478  0.936198 0.786237
0  -0.223404 0.128961 0.923927  -0.763696 0.432892 -0.478928  0.967484 0.744571
0  -0.136022 0.235463 0.946159  -0.469252 0.787503 -0.399552  0.421360 0.645008
chess_set_pieces_black.001
0  0.115076 -0.061247 1.059330  -0.000397 0.000247 1.000000  0.671526 0.958808
0  0.168094 -0.094115 1.059386  -0.003190 -0.018148 0.999830  0.659724 0.961212
0  0.175136 -0.081150 1.059384  -0.027819 -0.013479 0.999522  0.659323 0.958390
chess_set_pieces_black.001
0  0.155153 -0.141780 1.061532  -0.157294 0.381597 0.910847  0.869330 0.260749
0  0.160356 -0.106130 1.059386  0.027592 0.001265 0.999619  0.660327 0.963907
0  0.098893 -0.083521 1.059330  -0.000616 0.010477 0.999945  0.672965 0.963920
chess_set_pieces_black.001
0  -0.176151 0.304992 0.049423  -0.501343 0.854016 -0.138967  0.176082 0.602556
0  0.176540 0.305695 0.049417  0.498272 0.854743 -0.145391  0.245241 0.602534
0  -0.000029 0.347550 0.004279  -0.145366 0.731648 -0.666003  0.210664 0.611056
chess_set_pieces_black.001
0  0.299969 0.173181 0.090972  0.867956 0.494431 0.046813  0.279694 0.595134
0  0.299642 0.173000 0.005664  0.575378 0.327046 -0.749654  0.279425 0.611371
0  0.176540 0.305695 0.049417  0.498272 0.854743 -0.145391  0.245241 0.602534
chess_set_pieces_black.001
0  0.001022 -0.127095 1.059332  0.003482 -0.005718 0.999978  0.687763 0.978331
0  -0.049993 -0.202400 1.059077  0.138150 0.428898 0.892727  0.919927 0.266070
0  -0.003617 -0.208171 1.058511  0.128453 0.407429 0.904158  0.683196 0.993306
chess_set_pieces_black.001
0  -0.026360 -0.124218 1.059330  0.002442 -0.002336 0.999994  0.692907 0.979637
0  -0.052545 -0.115710 1.059330  0.000270 0.000554 1.000000  0.698209 0.979847
0  -0.066364 -0.177248 1.059397  0.023312 0.078973 0.996604  0.696602 0.991893
chess_set_pieces_black.001
0  -0.076389 -0.101944 1.059330  0.000310 0.000508 1.000000  0.703441 0.978950
0  -0.106447 -0.156891 1.059403  -0.025940 -0.010064 0.999613  0.705204 0.990891
0  -0.087133 -0.168163 1.059408  -0.023471 -0.015511 0.999604  0.700962 0.991636
chess_set_pieces_black.001
0  -0.166645 -0.131230 1.060172  0.357386 0.546242 0.757559  0.672387 0.306617
0  -0.123499 -0.144182 1.059393  -0.006634 -0.026050 0.999639  0.709135 0.989735
0  -0.096849 -0.083521 1.059330  0.003342 -0.002207 0.999992  0.708370 0.976983
chess_set_pieces_black.001
0  -0.096849 -0.083521 1.059330  0.003342 -0.002207 0.999992  0.708370 0.976983
0  -0.188865 -0.099235 1.060369  0.359090 0.255395 0.897679  0.672423 0.314067
0  -0.166645 -0.131230 1.060172  0.357386 0.546242 0.757559  0.717814 0.990275
chess_set_pieces_black.001
0  -0.113032 -0.061247 1.059330  -0.003917 0.012288 0.999917  0.712785 0.974037
0  -0.203086 -0.061860 1.056955  0.196971 0.095642 0.975733  0.674222 0.321543
0  -0.188865 -0.099235 1.060369  0.359090 0.255395 0.897679  0.723961 0.985975
chess_set_pieces_black.001
0  -0.124231 -0.036095 1.059330  -0.006737 0.006921 0.999953  0.716491 0.970234
0  -0.129955 -0.009165 1.059330  -0.006397 -0.005700 0.999963  0.719323 0.965745
0  -0.188610 -0.037546 1.059390  -0.010675 0.012821 0.999861  0.728041 0.974797
chess_set_pieces_black.001
0  -0.129955 -0.009165 1.059330  -0.006397 -0.005700 0.999963  0.719323 0.965745
0  -0.215196 0.016993 1.059039  0.389086 -0.098664 0.915902  0.330824 0.208084
0  -0.212660 -0.018109 1.056547  0.116551 -0.014615 0.993077  0.733721 0.972897
chess_set_pieces_black.001
0  0.162216 0.280964 0.000000  0.250235 0.437442 -0.863729  0.774132 0.689656
0  0.176540 0.305695 0.049417  0.498272 0.854743 -0.145391  0.245241 0.602534
0  0.299642 0.173000 0.005664  0.575378 0.327046 -0.749654  0.279425 0.611371
chess_set_pieces_black.001
0  -0.172627 -0.299364 0.049860  -0.494274 -0.864442 -0.091832  0.038261 0.603996
0  -0.164061 -0.284320 0.141226  -0.495130 -0.859950 0.123827  0.038218 0.585902
0  -0.297561 -0.171578 0.089829  -0.845420 -0.530827 0.059066  0.072589 0.596172
chess_set_pieces_black.001
0  -0.297561 -0.171578 0.089829  -0.845420 -0.530827 0.059066  0.072589 0.596172
0  -0.296248 -0.170842 0.006880  -0.671052 -0.394795 -0.627555  0.072645 0.612309
0  -0.172627 -0.299364 0.049860  -0.494274 -0.864442 -0.091832  0.038261 0.603996
chess_set_pieces_black.001
0  -0.351873 -0.000000 0.049439  -0.993121 -0.004812 -0.116995  0.107296 0.603749
0  -0.330372 0.000008 0.141153  -0.991995 -0.007384 0.126060  0.107029 0.585070
0  -0.298673 0.172387 0.090438  -0.868210 0.489562 0.080875  0.141499 0.595003
chess_set_pieces_black.001
0  -0.298673 0.172387 0.090438  -0.868210 0.489562 0.080875  0.141499 0.595003
0  -0.298239 0.172162 0.006398  -0.705822 0.419646 -0.570711  0.141816 0.611427
0  -0.351873 -0.000000 0.049439  -0.993121 -0.004812 -0.116995  0.107296 0.603749
chess_set_pieces_black.001
0  -0.176151 0.304992 0.049423  -0.501343 0.854016 -0.138967  0.176082 0.602556
0  -0.167507 0.289968 0.141755  -0.509571 0.851207 0.125636  0.175839 0.584263
0  -0.000032 0.349203 0.092329  0.012614 0.998448 0.054239  0.210659 0.594122
chess_set_pieces_black.001
0  -0.264241 0.079062 1.028441  -0.963524 0.260790 -0.060090  0.438714 0.605898
0  -0.260834 0.069962 0.979184  -0.966666 0.239133 0.091504  0.429079 0.604306
0  -0.269836 0.029302 1.028496  -0.989341 0.111581 -0.093565  0.438786 0.596146
chess_set_pieces_black.001
0  -0.000162 -0.341653 0.089494  -0.008763 -0.998830 0.047555  0.004277 0.595994
0  -0.000135 -0.341027 0.007269  -0.005627 -0.786890 -0.617067  0.411801 0.612737
0  0.173195 -0.300150 0.049774  0.493409 -0.864308 -0.097563  0.379399 0.604473
chess_set_pieces_black.001
0  0.000000 0.000000 0.000000  -0.000490 -0.001920 -0.999998  0.823759 0.651584
0  -0.296248 -0.170842 0.006880  -0.671052 -0.394795 -0.627555  0.072645 0.612309
0  -0.324433 -0.000000 0.000000  -0.516233 -0.000463 -0.856448  0.881545 0.675523
chess_set_pieces_black.001
0  0.000000 0.000000 0.000000  -0.000490 -0.001920 -0.999998  0.823759 0.651584
0  -0.298239 0.172162 0.006398  -0.705822 0.419646 -0.570711  0.141816 0.611427
0  -0.162216 0.280964 0.000000  -0.257570 0.432757 -0.863933  0.831919 0.713598
chess_set_pieces_black.001
0  0.000000 0.000000 0.000000  -0.000490 -0.001920 -0.999998  0.823759 0.651584
0  0.299642 0.173000 0.005664  0.575378 0.327046 -0.749654  0.279425 0.611371
0  0.324433 0.000000 0.000000  0.527220 -0.001168 -0.849728  0.765975 0.627640
chess_set_pieces_black.001
0  0.000000 0.000000 0.000000  -0.000490 -0.001920 -0.999998  0.823759 0.651584
0  0.297498 -0.171651 0.006545  0.690381 -0.385131 -0.612413  0.346504 0.612122
0  0.162206 -0.280948 0.000044  0.261397 -0.453634 -0.851990  0.815613 0.589584
chess_set_pieces_black.001
0  0.350020 0.000025 0.049549  0.992577 -0.006517 -0.121441  0.313305 0.603597
0  0.332289 -0.000001 0.141561  0.993157 -0.005046 0.116675  0.313685 0.585789
0  0.297808 -0.171771 0.090108  0.860198 -0.507675 0.048223  0.346698 0.596595
chess_set_pieces_black.001
0  0.000000 0.000000 0.000000  -0.000490 -0.001920 -0.999998  0.823759 0.651584
0  -0.000135 -0.341027 0.007269  -0.005627 -0.786890 -0.617067  0.004158 0.612231
0  -0.162167 -0.280884 0.000110  -0.314668 -0.460129 -0.830220  0.873349 0.613528
chess_set_pieces_black.001
0  -0.000029 0.347550 0.004279  -0.145366 0.731648 -0.666003  0.210664 0.611056
0  0.000000 0.000000 0.000000  -0.000490 -0.001920 -0.999998  0.823759 0.651584
0  -0.162216 0.280964 0.000000  -0.257570 0.432757 -0.863933  0.831919 0.713598
chess_set_pieces_black.001
0  -0.296248 -0.170842 0.006880  -0.671052 -0.394795 -0.627555  0.072645 0.612309
0  -0.000135 -0.341027 0.007269  -0.005627 -0.786890 -0.617067  0.411801 0.612737
0  -0.172627 -0.299364 0.049860  -0.494274 -0.864442 -0.091832  0.038261 0.603996
chess_set_pieces_black.001
0  0.176540 0.305695 0.049417  0.498272 0.854743 -0.145391  0.245241 0.602534
0  0.168010 0.290852 0.142287  0.509121 0.851578 0.124943  0.245497 0.584154
0  0.299969 0.173181 0.090972  0.867956 0.494431 0.046813  0.279694 0.595134
chess_set_pieces_black.001
0  -0.324433 -0.000000 0.000000  -0.516233 -0.000463 -0.856448  0.881545 0.675523
0  -0.351873 -0.000000 0.049439  -0.993121 -0.004812 -0.116995  0.107296 0.603749
0  -0.298239 0.172162 0.006398  -0.705822 0.419646 -0.570711  0.141816 0.611427
chess_set_pieces_black.001
0  -0.162216 0.280964 0.000000  -0.257570 0.432757 -0.863933  0.831919 0.713598
0  -0.176151 0.304992 0.049423  -0.501343 0.854016 -0.138967  0.176082 0.602556
0  -0.000029 0.347550 0.004279  -0.145366 0.731648 -0.666003  0.210664 0.611056
chess_set_pieces_black.001
0  0.160973 -0.278808 0.283542  0.477465 -0.793148 0.378077  0.511248 0.588688
0  0.321999 0.000018 0.283558  0.956676 0.027633 0.289842  0.485667 0.527756
0  0.204145 -0.117908 0.397361  0.773141 -0.453489 0.443397  0.675072 0.238031
chess_set_pieces_black.001
0  0.168010 0.290852 0.142287  0.509121 0.851578 0.124943  0.245497 0.584154
0  0.161965 0.280478 0.284534  0.479387 0.789317 0.383623  0.525785 0.475545
0  0.291224 0.168260 0.220712  0.854228 0.471853 0.218288  0.280346 0.568816
chess_set_pieces_black.001
0  -0.000047 0.338842 0.220231  -0.033445 0.970896 0.237154  0.210625 0.567455
0  -0.288775 0.166727 0.221380  -0.862358 0.450422 0.231211  0.141229 0.568336
0  -0.160367 0.277859 0.282882  -0.515545 0.780580 0.353423  0.590522 0.484012
chess_set_pieces_black.001
0  -0.255984 -0.076415 1.073242  -0.821104 0.462296 0.334769  0.447478 0.574997
0  -0.237744 -0.122850 1.151393  -0.716504 0.002070 0.697580  0.741284 0.023753
0  -0.214178 -0.067996 1.148261  0.091078 0.829576 0.550917  0.655536 0.322068
chess_set_pieces_black.001
0  -0.000006 0.237281 0.398248  -0.008629 0.898867 0.438137  0.669137 0.154330
0  -0.000047 0.338842 0.220231  -0.033445 0.970896 0.237154  0.210625 0.567455
0  -0.160367 0.277859 0.282882  -0.515545 0.780580 0.353423  0.590522 0.484012
chess_set_pieces_black.001
0  0.332289 -0.000001 0.141561  0.993157 -0.005046 0.116675  0.313685 0.585789
0  0.321999 0.000018 0.283558  0.956676 0.027633 0.289842  0.485667 0.527756
0  0.288974 -0.166809 0.221307  0.852533 -0.480296 0.206162  0.347326 0.570551
chess_set_pieces_black.001
0  -0.000032 0.349203 0.092329  0.012614 0.998448 0.054239  0.210659 0.594122
0  -0.000047 0.338842 0.220231  -0.033445 0.970896 0.237154  0.210625 0.567455
0  0.168010 0.290852 0.142287  0.509121 0.851578 0.124943  0.245497 0.584154
chess_set_pieces_black.001
0  -0.093549 0.162004 0.563847  -0.498567 0.844759 0.194459  0.702927 0.133654
0  0.094499 0.163589 0.564047  0.495564 0.846297 0.195441  0.703033 0.174146
0  -0.000006 0.237281 0.398248  -0.008629 0.898867 0.438137  0.555798 0.497070
chess_set_pieces_black.001
0  0.091574 -0.158550 0.563387  0.481550 -0.852929 0.201547  0.711134 0.251528
0  0.184841 0.000019 0.563592  0.979924 -0.013087 0.198943  0.705700 0.213778
0  0.155171 -0.089532 0.761540  0.855491 -0.499788 -0.135452  0.746952 0.228708
chess_set_pieces_black.001
0  -0.186542 -0.000007 0.563788  -0.979561 -0.008983 0.200945  0.705136 0.093885
0  -0.091155 -0.157887 0.563292  -0.483373 -0.851970 0.201241  0.710529 0.055849
0  -0.153843 -0.088654 0.761638  -0.849593 -0.510855 -0.131222  0.746790 0.078693
chess_set_pieces_black.001
0  0.000047 0.184473 0.761177  -0.011246 0.992154 -0.124514  0.743210 0.153819
0  0.157549 0.090945 0.761356  0.863790 0.487844 -0.125997  0.744232 0.191806
0  0.094499 0.163589 0.564047  0.495564 0.846297 0.195441  0.703033 0.174146
chess_set_pieces_black.001
0  -0.091155 -0.157887 0.563292  -0.483373 -0.851970 0.201241  0.710529 0.055849
0  -0.098959 -0.171384 0.864325  -0.432014 -0.785565 -0.443002  0.921144 0.703052
0  -0.153843 -0.088654 0.761638  -0.849593 -0.510855 -0.131222  0.746790 0.078693
chess_set_pieces_black.001
0  -0.000027 -0.175933 0.761765  -0.010218 -0.990313 -0.138475  0.749392 0.044034
0  0.155171 -0.089532 0.761540  0.855491 -0.499788 -0.135452  0.746952 0.228708
0  0.099279 -0.172018 0.863841  0.421927 -0.786938 -0.450229  0.888466 0.716300
chess_set_pieces_black.001
0  -0.156138 0.090146 0.761465  -0.870536 0.476248 -0.123917  0.744132 0.115820
0  -0.153843 -0.088654 0.761638  -0.849593 -0.510855 -0.131222  0.746790 0.078693
0  -0.198477 0.000102 0.863871  -0.902330 -0.034560 -0.429658  0.948820 0.724320
chess_set_pieces_black.001
0  -0.330372 0.000008 0.141153  -0.991995 -0.007384 0.126060  0.107029 0.585070
0  -0.164061 -0.284320 0.141226  -0.495130 -0.859950 0.123827  0.038218 0.585902
0  -0.287719 -0.165989 0.221516  -0.848979 -0.483938 0.212222  0.072157 0.568795
chess_set_pieces_black.001
0  -0.223404 0.128961 0.923927  -0.763696 0.432892 -0.478928  0.967484 0.744571
0  -0.222866 -0.128582 0.924268  -0.781033 -0.456376 -0.426272  0.947623 0.697156
0  -0.268360 0.000069 0.946459  -0.905108 0.012393 -0.425000  0.422650 0.590459
chess_set_pieces_black.001
0  -0.069154 -0.259406 1.028445  -0.242861 -0.969328 -0.037701  0.436390 0.521808
0  -0.099245 -0.250842 1.050918  -0.415298 -0.909650 0.008110  0.441216 0.527535
0  -0.123764 -0.234791 1.028497  -0.487971 -0.872852 0.003670  0.437174 0.533452
chess_set_pieces_black.001
0  -0.071011 0.265084 0.964445  -0.264737 0.933357 -0.242401  0.423727 0.658882
0  0.000137 0.274297 0.945934  -0.021385 0.943935 -0.329439  0.418750 0.672122
0  -0.136022 0.235463 0.946159  -0.469252 0.787503 -0.399552  0.421360 0.645008
chess_set_pieces_black.001
0  0.000035 0.259692 0.921875  -0.026686 0.853458 -0.520478  0.936198 0.786237
0  0.223959 0.129305 0.923135  0.721162 0.411805 -0.557083  0.884405 0.779196
0  0.101565 0.175840 0.861110  0.464851 0.753513 -0.464899  0.762786 0.172451
chess_set_pieces_black.001
0  -0.222866 -0.128582 0.924268  -0.781033 -0.456376 -0.426272  0.947623 0.697156
0  0.000081 -0.256674 0.924772  0.081290 -0.873258 -0.480430  0.896900 0.690511
0  -0.132694 -0.229967 0.946777  -0.455593 -0.815193 -0.357626  0.421444 0.536334
chess_set_pieces_black.001
0  -0.233684 0.141164 1.055129  -0.579505 0.657991 0.480855  0.771252 0.176654
0  -0.196632 0.112386 1.060854  0.409237 0.148682 0.900233  0.930296 0.215524
0  -0.195268 0.156493 1.062730  -0.345360 -0.021990 0.938213  0.925604 0.222616
chess_set_pieces_black.001
0  -0.208586 -0.166498 1.028498  -0.791507 -0.610810 -0.020661  0.438148 0.554886
0  -0.211336 -0.168566 1.012159  -0.779482 -0.625436 0.035193  0.434944 0.555073
0  -0.190945 -0.186635 1.012235  -0.702539 -0.710576 0.038986  0.434825 0.549805
chess_set_pieces_black.001
0  -0.085417 0.201773 1.058533  0.330138 -0.554147 0.764153  0.939397 0.162574
0  -0.064002 0.221373 1.061153  0.187842 -0.008297 0.982164  0.933876 0.161562
0  -0.090794 0.207806 1.078651  0.665988 -0.594903 0.450055  0.939746 0.158225
chess_set_pieces_black.001
0  -0.131554 0.182332 1.079988  0.564036 -0.808130 0.169675  0.949012 0.158203
0  -0.090794 0.207806 1.078651  0.665988 -0.594903 0.450055  0.939746 0.158225
0  -0.134371 0.186154 1.147161  0.170978 -0.448224 0.877418  0.949490 0.145173
chess_set_pieces_black.001
0  0.126536 -0.235216 1.049741  0.459113 -0.888172 0.019137  0.436900 0.482241
0  0.149792 -0.224596 1.028445  0.520033 -0.851741 0.064053  0.432186 0.477821
0  0.170731 -0.205992 1.049632  0.656134 -0.753158 0.047344  0.435714 0.471967
chess_set_pieces_black.001
0  -0.157029 -0.147664 1.066472  0.748293 0.503440 0.431980  0.671117 0.302933
0  -0.166645 -0.131230 1.060172  0.357386 0.546242 0.757559  0.672387 0.306617
0  -0.170465 -0.133231 1.081293  0.816628 0.562705 0.128382  0.668215 0.306759
chess_set_pieces_black.001
0  0.229091 -0.134211 1.050058  0.580789 -0.541716 0.607641  0.266556 0.318887
0  0.240551 -0.117048 1.052868  0.653823 -0.698394 0.291137  0.266556 0.322872
0  0.219663 -0.111864 1.062176  -0.162870 -0.646934 0.744950  0.262220 0.321728
chess_set_pieces_black.001
0  0.093724 -0.185839 1.062048  -0.455622 0.328091 0.827505  0.883889 0.260378
0  0.092116 -0.191488 1.079347  -0.712048 0.662339 0.233013  0.884953 0.263869
0  0.130648 -0.164272 1.062101  -0.407645 0.736842 0.539341  0.661815 0.976440
chess_set_pieces_black.001
0  -0.190247 -0.190010 0.964708  -0.674485 -0.691421 -0.258858  0.425595 0.549633
0  -0.231619 -0.133559 0.946577  -0.835809 -0.474652 -0.275913  0.422527 0.563222
0  -0.132694 -0.229967 0.946777  -0.455593 -0.815193 -0.357626  0.421444 0.536334
chess_set_pieces_black.001
0  0.203635 -0.170697 1.132340  0.845452 0.393417 0.361156  0.450706 0.460729
0  0.190867 -0.185459 1.148180  0.756019 0.116759 0.644051  0.454178 0.464277
0  0.173056 -0.204843 1.133008  0.623317 -0.758669 0.189464  0.451754 0.469658
chess_set_pieces_black.001
0  0.224942 0.024379 1.063964  -0.381747 0.432328 0.816922  0.674987 0.280545
0  0.224109 0.049617 1.057960  0.055608 0.052196 0.997087  0.670107 0.281483
0  0.214183 0.022649 1.060406  -0.135006 0.162592 0.977414  0.674770 0.278368
chess_set_pieces_black.001
0  0.273894 0.009349 1.051268  0.996318 0.073704 0.043800  0.429327 0.424107
0  0.269096 0.025030 1.072691  0.624665 0.740504 0.247886  0.432988 0.420308
0  0.272359 -0.017090 1.070749  0.989565 -0.086875 0.114951  0.433870 0.428651
chess_set_pieces_black.001
0  0.078923 -0.253054 1.056012  0.029733 -0.836207 0.547607  0.782150 0.183003
0  0.070865 -0.207303 1.064176  -0.437062 0.270267 0.857865  0.109213 0.319121
0  0.049550 -0.237216 1.055460  -0.000070 -0.345361 0.938470  0.114261 0.313828
chess_set_pieces_black.001
0  -0.203359 0.182117 1.073052  -0.965130 -0.047656 0.257397  0.533254 0.048124
0  -0.201238 0.184496 1.148797  -0.786725 -0.268131 0.556030  0.582250 0.079268
0  -0.162610 0.227323 1.070796  -0.595977 0.792782 0.127705  0.445566 0.641452
chess_set_pieces_black.001
0  -0.187939 0.206716 1.050840  -0.712512 0.696249 0.086971  0.442126 0.634965
0  -0.209254 0.176698 1.054694  -0.855587 0.295750 0.424856  0.443245 0.627903
0  -0.203359 0.182117 1.073052  -0.965130 -0.047656 0.257397  0.446738 0.629608
chess_set_pieces_black.001
0  -0.188610 -0.037546 1.059390  -0.010675 0.012821 0.999861  0.728041 0.974797
0  -0.203086 -0.061860 1.056955  0.196971 0.095642 0.975733  0.729065 0.980171
0  -0.124231 -0.036095 1.059330  -0.006737 0.006921 0.999953  0.716491 0.970234
chess_set_pieces_black.001
0  0.214183 0.022649 1.060406  -0.135006 0.162592 0.977414  0.659208 0.937019
0  0.191931 0.040958 1.059393  0.010795 0.001283 0.999941  0.664453 0.935199
0  0.131999 0.018368 1.059330  -0.007573 0.010124 0.999920  0.673782 0.943282
chess_set_pieces_black.001
0  -0.102769 0.257379 1.028497  -0.366279 0.928420 0.062259  0.436604 0.653822
0  -0.104014 0.260474 1.012154  -0.382778 0.922313 -0.053109  0.433435 0.653549
0  -0.132956 0.245724 1.012176  -0.484344 0.874871 0.003298  0.433966 0.647409
chess_set_pieces_black.001
0  0.202868 -0.074928 1.068006  -0.890750 0.198650 0.408783  0.809350 0.341578
0  0.209140 -0.056626 1.081630  -0.959214 0.185496 0.213305  0.812132 0.345321
0  0.206315 -0.056688 1.063263  -0.460188 0.067730 0.885234  0.808544 0.345264
chess_set_pieces_black.001
0  0.003039 0.282179 1.051082  -0.015892 0.991993 0.125287  0.438788 0.675180
0  -0.029729 0.274352 1.055906  -0.282215 0.857485 0.430202  0.440434 0.668828
0  -0.020114 0.275052 1.073455  -0.635827 0.668907 0.385081  0.443650 0.671069
chess_set_pieces_black.001
0  0.096171 0.264509 1.028456  0.377411 0.924275 0.057238  0.431906 0.692431
0  0.096180 0.264160 1.012163  0.376194 0.915265 -0.144114  0.428858 0.691983
0  0.064949 0.272808 1.012183  0.225545 0.972635 -0.055774  0.429755 0.685930
chess_set_pieces_black.001
0  0.248429 0.118941 1.050734  0.919036 0.378500 0.110044  0.428594 0.733580
0  0.256701 0.087919 1.052661  0.890038 0.047822 0.453371  0.427758 0.739720
0  0.262804 0.090752 1.028461  0.947347 0.304997 0.097526  0.423133 0.738551
chess_set_pieces_black.001
0  -0.264241 0.079062 1.028441  -0.963524 0.260790 -0.060090  0.438714 0.605898
0  -0.269836 0.029302 1.028496  -0.989341 0.111581 -0.093565  0.438786 0.596146
0  -0.274361 0.028363 1.071216  -0.992128 0.080144 0.096218  0.447104 0.595982
chess_set_pieces_black.001
0  0.216784 -0.018358 1.081303  -0.975368 0.188636 0.114343  0.812145 0.352838
0  0.218161 0.001530 1.067770  -0.908520 0.187758 0.373280  0.809473 0.356735
0  0.214214 -0.019072 1.062649  -0.708264 -0.149148 0.690012  0.808505 0.352616
chess_set_pieces_black.001
0  -0.132956 0.245724 1.012176  -0.484344 0.874871 0.003298  0.433966 0.647409
0  -0.160490 0.228159 1.028455  -0.573536 0.819043 -0.015001  0.437459 0.641392
0  -0.102769 0.257379 1.028497  -0.366279 0.928420 0.062259  0.436604 0.653822
chess_set_pieces_black.001
0  -0.194511 -0.189415 1.051243  -0.671388 -0.740985 0.013387  0.442471 0.549641
0  -0.175058 -0.199890 1.073197  0.043680 -0.989368 0.138718  0.446576 0.545194
0  -0.212242 -0.168869 1.070969  -0.766398 -0.635991 0.090277  0.446422 0.554771
chess_set_pieces_black.001
0  0.191673 -0.191661 0.979140  0.707780 -0.706331 -0.011992  0.421551 0.468782
0  0.191215 -0.191190 0.964651  0.672121 -0.693506 -0.259428  0.418784 0.469119
0  0.234766 -0.135485 0.979141  0.864039 -0.501512 -0.043848  0.419822 0.455270
chess_set_pieces_black.001
0  -0.193196 0.193106 0.964514  -0.693665 0.673527 -0.255326  0.425668 0.631644
0  -0.193677 0.193512 0.979018  -0.699079 0.708696 -0.095070  0.428445 0.631755
0  -0.137102 0.237333 0.979001  -0.520212 0.848004 -0.101333  0.427640 0.645455
chess_set_pieces_black.001
0  -0.071011 0.265084 0.964445  -0.264737 0.933357 -0.242401  0.423727 0.658882
0  -0.071186 0.265726 0.978960  -0.240588 0.963862 -0.114402  0.426497 0.659155
0  0.000132 0.276368 0.978912  -0.009694 0.995242 -0.096953  0.425018 0.672867
chess_set_pieces_black.001
0  -0.261843 -0.070190 0.979138  -0.954447 -0.297463 -0.023395  0.429073 0.576645
0  -0.261197 -0.070045 0.964651  -0.926496 -0.268250 -0.263908  0.426267 0.576671
0  -0.233290 -0.134515 0.979222  -0.867632 -0.496916 -0.016984  0.428842 0.563071
chess_set_pieces_black.001
0  0.195015 0.194768 0.978947  0.711390 0.696871 -0.091077  0.418718 0.713469
0  0.194523 0.194343 0.964431  0.688190 0.675150 -0.265643  0.416019 0.712947
0  0.137731 0.238301 0.978951  0.538692 0.837570 -0.091036  0.421093 0.700018
chess_set_pieces_black.001
0  0.233036 -0.134497 0.946439  0.832696 -0.475447 -0.283844  0.413547 0.456118
0  0.234766 -0.135485 0.979141  0.864039 -0.501512 -0.043848  0.419822 0.455270
0  0.191215 -0.191190 0.964651  0.672121 -0.693506 -0.259428  0.418784 0.469119
chess_set_pieces_black.001
0  -0.071011 0.265084 0.964445  -0.264737 0.933357 -0.242401  0.423727 0.658882
0  0.071050 0.265605 0.964403  0.258354 0.933683 -0.247968  0.420479 0.686082
0  0.000137 0.274297 0.945934  -0.021385 0.943935 -0.329439  0.418750 0.672122
chess_set_pieces_black.001
0  0.069452 -0.258395 0.979302  0.242615 -0.969571 -0.032714  0.424557 0.495620
0  0.069331 -0.257728 0.964832  0.246877 -0.943162 -0.222481  0.421776 0.495882
0  0.134338 -0.232763 0.979247  0.472922 -0.880647 -0.028398  0.423138 0.482257
chess_set_pieces_black.001
0  -0.231619 -0.133559 0.946577  -0.835809 -0.474652 -0.275913  0.422527 0.563222
0  -0.233290 -0.134515 0.979222  -0.867632 -0.496916 -0.016984  0.428842 0.563071
0  -0.261197 -0.070045 0.964651  -0.926496 -0.268250 -0.263908  0.426267 0.576671
chess_set_pieces_black.001
0  -0.260834 0.069962 0.979184  -0.966666 0.239133 0.091504  0.429079 0.604306
0  -0.263851 0.070619 0.964512  -0.947806 0.249361 -0.198705  0.426162 0.604245
0  -0.273636 -0.000089 0.979026  -0.998987 -0.019232 -0.040673  0.429149 0.590445
chess_set_pieces_black.001
0  0.136554 0.236301 0.946020  0.480536 0.787055 -0.386820  0.414914 0.698986
0  0.137731 0.238301 0.978951  0.538692 0.837570 -0.091036  0.421093 0.700018
0  0.194523 0.194343 0.964431  0.688190 0.675150 -0.265643  0.416019 0.712947
chess_set_pieces_black.001
0  0.262733 0.070394 0.979097  0.961861 0.236155 -0.138036  0.413061 0.740073
0  0.262057 0.070251 0.964611  0.942657 0.239785 -0.232164  0.410366 0.739438
0  0.237077 0.136874 0.979013  0.883047 0.462116 -0.081711  0.416023 0.726784
chess_set_pieces_black.001
0  0.133468 -0.231253 0.946566  0.464614 -0.804022 -0.371057  0.416865 0.482956
0  0.134338 -0.232763 0.979247  0.472922 -0.880647 -0.028398  0.423138 0.482257
0  0.069331 -0.257728 0.964832  0.246877 -0.943162 -0.222481  0.421776 0.495882
chess_set_pieces_black.001
0  -0.069203 -0.257960 0.979318  -0.259184 -0.965522 -0.024315  0.426899 0.522558
0  -0.069058 -0.257306 0.964863  -0.254581 -0.939678 -0.228460  0.424110 0.522758
0  0.000096 -0.268103 0.979263  -0.017351 -0.999579 -0.023239  0.425821 0.509058
chess_set_pieces_black.001
0  -0.268360 0.000069 0.946459  -0.905108 0.012393 -0.425000  0.422650 0.590459
0  -0.273636 -0.000089 0.979026  -0.998987 -0.019232 -0.040673  0.429149 0.590445
0  -0.263851 0.070619 0.964512  -0.947806 0.249361 -0.198705  0.426162 0.604245
chess_set_pieces_black.001
0  -0.193677 0.193512 0.979018  -0.699079 0.708696 -0.095070  0.428445 0.631755
0  -0.193196 0.193106 0.964514  -0.693665 0.673527 -0.255326  0.425668 0.631644
0  -0.235489 0.135960 0.979101  -0.859802 0.506624 -0.063814  0.428878 0.618043
chess_set_pieces_black.001
0  0.235318 0.135890 0.946228  0.825445 0.455458 -0.333466  0.409920 0.725478
0  0.237077 0.136874 0.979013  0.883047 0.462116 -0.081711  0.416023 0.726784
0  0.262057 0.070251 0.964611  0.942657 0.239785 -0.232164  0.410366 0.739438
chess_set_pieces_black.001
0  0.263779 -0.070643 0.979050  0.964340 -0.263700 -0.022588  0.417874 0.441695
0  0.263112 -0.070482 0.964552  0.929464 -0.252404 -0.269051  0.415111 0.442120
0  0.271745 0.000008 0.979108  0.997939 -0.039758 -0.050365  0.415693 0.428121
chess_set_pieces_black.001
0  0.000127 -0.266368 0.946645  -0.021828 -0.963884 -0.265426  0.419535 0.509607
0  0.000096 -0.268103 0.979263  -0.017351 -0.999579 -0.023239  0.425821 0.509058
0  -0.069058 -0.257306 0.964863  -0.254581 -0.939678 -0.228460  0.424110 0.522758
chess_set_pieces_black.001
0  -0.233915 0.135050 0.946350  -0.828721 0.465834 -0.310194  0.422563 0.617933
0  -0.235489 0.135960 0.979101  -0.859802 0.506624 -0.063814  0.428878 0.618043
0  -0.193196 0.193106 0.964514  -0.693665 0.673527 -0.255326  0.425668 0.631644
chess_set_pieces_black.001
0  -0.069058 -0.257306 0.964863  -0.254581 -0.939678 -0.228460  0.424110 0.522758
0  -0.190247 -0.190010 0.964708  -0.674485 -0.691421 -0.258858  0.425595 0.549633
0  -0.132694 -0.229967 0.946777  -0.455593 -0.815193 -0.357626  0.421444 0.536334
chess_set_pieces_black.001
0  0.269806 -0.000004 0.946375  0.922549 -0.015198 -0.385580  0.409428 0.429219
0  0.271745 0.000008 0.979108  0.997939 -0.039758 -0.050365  0.415693 0.428121
0  0.263112 -0.070482 0.964552  0.929464 -0.252404 -0.269051  0.415111 0.442120
chess_set_pieces_black.001
0  -0.193196 0.193106 0.964514  -0.693665 0.673527 -0.255326  0.425668 0.631644
0  -0.071011 0.265084 0.964445  -0.264737 0.933357 -0.242401  0.423727 0.658882
0  -0.136022 0.235463 0.946159  -0.469252 0.787503 -0.399552  0.421360 0.645008
chess_set_pieces_black.001
0  0.069331 -0.257728 0.964832  0.246877 -0.943162 -0.222481  0.421776 0.495882
0  0.000127 -0.266368 0.946645  -0.021828 -0.963884 -0.265426  0.419535 0.509607
0  0.133468 -0.231253 0.946566  0.464614 -0.804022 -0.371057  0.416865 0.482956
chess_set_pieces_black.001
0  0.262057 0.070251 0.964611  0.942657 0.239785 -0.232164  0.410408 0.415046
0  0.262733 0.070394 0.979097  0.961861 0.236155 -0.138036  0.413193 0.414522
0  0.271745 0.000008 0.979108  0.997939 -0.039758 -0.050365  0.415693 0.428121
chess_set_pieces_black.001
0  -0.263851 0.070619 0.964512  -0.947806 0.249361 -0.198705  0.426162 0.604245
0  -0.260834 0.069962 0.979184  -0.966666 0.239133 0.091504  0.429079 0.604306
0  -0.235489 0.135960 0.979101  -0.859802 0.506624 -0.063814  0.428878 0.618043
chess_set_pieces_black.001
0  0.069331 -0.257728 0.964832  0.246877 -0.943162 -0.222481  0.421776 0.495882
0  0.069452 -0.258395 0.979302  0.242615 -0.969571 -0.032714  0.424557 0.495620
0  0.000096 -0.268103 0.979263  -0.017351 -0.999579 -0.023239  0.425821 0.509058
chess_set_pieces_black.001
0  0.194523 0.194343 0.964431  0.688190 0.675150 -0.265643  0.416019 0.712947
0  0.195015 0.194768 0.978947  0.711390 0.696871 -0.091077  0.418718 0.713469
0  0.237077 0.136874 0.979013  0.883047 0.462116 -0.081711  0.416023 0.726784
chess_set_pieces_black.001
0  -0.261197 -0.070045 0.964651  -0.926496 -0.268250 -0.263908  0.426267 0.576671
0  -0.261843 -0.070190 0.979138  -0.954447 -0.297463 -0.023395  0.429073 0.576645
0  -0.273636 -0.000089 0.979026  -0.998987 -0.019232 -0.040673  0.429149 0.590445
chess_set_pieces_black.001
0  0.191215 -0.191190 0.964651  0.672121 -0.693506 -0.259428  0.418784 0.469119
0  0.191673 -0.191661 0.979140  0.707780 -0.706331 -0.011992  0.421551 0.468782
0  0.134338 -0.232763 0.979247  0.472922 -0.880647 -0.028398  0.423138 0.482257
chess_set_pieces_black.001
0  0.071050 0.265605 0.964403  0.258354 0.933683 -0.247968  0.420479 0.686082
0  0.071225 0.266294 0.978923  0.284345 0.950932 -0.121970  0.423215 0.686468
0  0.137731 0.238301 0.978951  0.538692 0.837570 -0.091036  0.421093 0.700018
chess_set_pieces_black.001
0  -0.190247 -0.190010 0.964708  -0.674485 -0.691421 -0.258858  0.425595 0.549633
0  -0.190663 -0.190479 0.979205  -0.707300 -0.706338 -0.028524  0.428388 0.549508
0  -0.233290 -0.134515 0.979222  -0.867632 -0.496916 -0.016984  0.428842 0.563071
chess_set_pieces_black.001
0  0.071225 0.266294 0.978923  0.284345 0.950932 -0.121970  0.423215 0.686468
0  0.071050 0.265605 0.964403  0.258354 0.933683 -0.247968  0.420479 0.686082
0  0.000132 0.276368 0.978912  -0.009694 0.995242 -0.096953  0.425018 0.672867
chess_set_pieces_black.001
0  -0.071186 0.265726 0.978960  -0.240588 0.963862 -0.114402  0.426497 0.659155
0  -0.071011 0.265084 0.964445  -0.264737 0.933357 -0.242401  0.423727 0.658882
0  -0.137102 0.237333 0.979001  -0.520212 0.848004 -0.101333  0.427640 0.645455
chess_set_pieces_black.001
0  0.263112 -0.070482 0.964552  0.929464 -0.252404 -0.269051  0.415111 0.442120
0  0.263779 -0.070643 0.979050  0.964340 -0.263700 -0.022588  0.417874 0.441695
0  0.234766 -0.135485 0.979141  0.864039 -0.501512 -0.043848  0.419822 0.455270
chess_set_pieces_black.001
0  -0.123764 -0.234791 1.028497  -0.487971 -0.872852 0.003670  0.437174 0.533452
0  -0.069203 -0.257960 0.979318  -0.259184 -0.965522 -0.024315  0.426899 0.522558
0  -0.069154 -0.259406 1.028445  -0.242861 -0.969328 -0.037701  0.436390 0.521808
chess_set_pieces_black.001
0  -0.069154 -0.259406 1.028445  -0.242861 -0.969328 -0.037701  0.436390 0.521808
0  0.000096 -0.268103 0.979263  -0.017351 -0.999579 -0.023239  0.425821 0.509058
0  -0.008005 -0.265352 1.028478  -0.014948 -0.999665 -0.021109  0.435494 0.509840
chess_set_pieces_black.001
0  0.050885 -0.263643 1.028454  0.149004 -0.963010 0.224522  0.434316 0.498407
0  0.000096 -0.268103 0.979263  -0.017351 -0.999579 -0.023239  0.425821 0.509058
0  0.069452 -0.258395 0.979302  0.242615 -0.969571 -0.032714  0.424557 0.495620
chess_set_pieces_black.001
0  0.050885 -0.263643 1.028454  0.149004 -0.963010 0.224522  0.434316 0.498407
0  0.101898 -0.246421 1.012237  0.370528 -0.928809 0.004880  0.430231 0.488320
0  0.102113 -0.246797 1.028481  0.363260 -0.931654 0.007923  0.433374 0.487958
chess_set_pieces_black.001
0  0.134338 -0.232763 0.979247  0.472922 -0.880647 -0.028398  0.423138 0.482257
0  0.101898 -0.246421 1.012237  0.370528 -0.928809 0.004880  0.430231 0.488320
0  0.069452 -0.258395 0.979302  0.242615 -0.969571 -0.032714  0.424557 0.495620
chess_set_pieces_black.001
0  -0.193196 0.193106 0.964514  -0.693665 0.673527 -0.255326  0.425668 0.631644
0  -0.136022 0.235463 0.946159  -0.469252 0.787503 -0.399552  0.421360 0.645008
0  -0.233915 0.135050 0.946350  -0.828721 0.465834 -0.310194  0.422563 0.617933
chess_set_pieces_black.001
0  0.191215 -0.191190 0.964651  0.672121 -0.693506 -0.259428  0.418784 0.469119
0  0.133468 -0.231253 0.946566  0.464614 -0.804022 -0.371057  0.416865 0.482956
0  0.233036 -0.134497 0.946439  0.832696 -0.475447 -0.283844  0.413547 0.456118
chess_set_pieces_black.001
0  0.191673 -0.191661 0.979140  0.707780 -0.706331 -0.011992  0.421551 0.468782
0  0.171618 -0.209234 1.012161  0.631086 -0.775545 -0.016120  0.428464 0.473102
0  0.134338 -0.232763 0.979247  0.472922 -0.880647 -0.028398  0.423138 0.482257
chess_set_pieces_black.001
0  0.233036 -0.134497 0.946439  0.832696 -0.475447 -0.283844  0.413547 0.456118
0  0.223681 -0.129127 0.923453  0.700297 -0.462101 -0.544102  0.865292 0.730817
0  0.269806 -0.000004 0.946375  0.922549 -0.015198 -0.385580  0.409428 0.429219
chess_set_pieces_black.001
0  0.234766 -0.135485 0.979141  0.864039 -0.501512 -0.043848  0.419822 0.455270
0  0.206773 -0.171114 1.012241  0.779851 -0.623344 0.057214  0.427294 0.463114
0  0.191673 -0.191661 0.979140  0.707780 -0.706331 -0.011992  0.421551 0.468782
chess_set_pieces_black.001
0  0.234766 -0.135485 0.979141  0.864039 -0.501512 -0.043848  0.419822 0.455270
0  0.244210 -0.114898 1.012240  0.924396 -0.381431 -0.001808  0.425558 0.450038
0  0.235434 -0.136545 1.012170  0.855170 -0.517350 0.032139  0.426150 0.454508
chess_set_pieces_black.001
0  0.263779 -0.070643 0.979050  0.964340 -0.263700 -0.022588  0.417874 0.441695
0  0.244210 -0.114898 1.012240  0.924396 -0.381431 -0.001808  0.425558 0.450038
0  0.234766 -0.135485 0.979141  0.864039 -0.501512 -0.043848  0.419822 0.455270
chess_set_pieces_black.001
0  -0.069058 -0.257306 0.964863  -0.254581 -0.939678 -0.228460  0.424110 0.522758
0  -0.132694 -0.229967 0.946777  -0.455593 -0.815193 -0.357626  0.421444 0.536334
0  0.000127 -0.266368 0.946645  -0.021828 -0.963884 -0.265426  0.419535 0.509607
chess_set_pieces_black.001
0  0.269806 -0.000004 0.946375  0.922549 -0.015198 -0.385580  0.409428 0.429219
0  0.263112 -0.070482 0.964552  0.929464 -0.252404 -0.269051  0.415111 0.442120
0  0.233036 -0.134497 0.946439  0.832696 -0.475447 -0.283844  0.413547 0.456118
chess_set_pieces_black.001
0  -0.263851 0.070619 0.964512  -0.947806 0.249361 -0.198705  0.426162 0.604245
0  -0.233915 0.135050 0.946350  -0.828721 0.465834 -0.310194  0.422563 0.617933
0  -0.268360 0.000069 0.946459  -0.905108 0.012393 -0.425000  0.422650 0.590459
chess_set_pieces_black.001
0  0.271745 0.000008 0.979108  0.997939 -0.039758 -0.050365  0.415693 0.428121
0  0.271046 0.033848 1.028502  0.990016 0.113002 0.084256  0.424150 0.420024
0  0.272107 -0.014380 1.028490  0.994583 -0.103765 -0.006054  0.425624 0.429376
chess_set_pieces_black.001
0  0.262733 0.070394 0.979097  0.961861 0.236155 -0.138036  0.413193 0.414522
0  0.268834 0.065125 1.012178  0.982993 0.183577 0.004969  0.419887 0.414520
0  0.274437 0.034341 1.012152  0.999349 0.028752 -0.021782  0.420941 0.420498
chess_set_pieces_black.001
0  0.262733 0.070394 0.979097  0.961861 0.236155 -0.138036  0.413061 0.740073
0  0.262581 0.090697 1.012163  0.929814 0.359289 -0.079730  0.420129 0.737879
0  0.268834 0.065125 1.012178  0.982993 0.183577 0.004969  0.419034 0.742774
chess_set_pieces_black.001
0  0.234883 0.150189 1.028451  0.844166 0.535711 -0.019914  0.425716 0.726358
0  0.262581 0.090697 1.012163  0.929814 0.359289 -0.079730  0.420129 0.737879
0  0.237077 0.136874 0.979013  0.883047 0.462116 -0.081711  0.416023 0.726784
chess_set_pieces_black.001
0  -0.069058 -0.257306 0.964863  -0.254581 -0.939678 -0.228460  0.424110 0.522758
0  -0.069203 -0.257960 0.979318  -0.259184 -0.965522 -0.024315  0.426899 0.522558
0  -0.133705 -0.231695 0.979299  -0.477512 -0.877698 -0.040354  0.427729 0.535983
chess_set_pieces_black.001
0  -0.190663 -0.190479 0.979205  -0.707300 -0.706338 -0.028524  0.428388 0.549508
0  -0.190247 -0.190010 0.964708  -0.674485 -0.691421 -0.258858  0.425595 0.549633
0  -0.133705 -0.231695 0.979299  -0.477512 -0.877698 -0.040354  0.427729 0.535983
chess_set_pieces_black.001
0  0.137731 0.238301 0.978951  0.538692 0.837570 -0.091036  0.421093 0.700018
0  0.096171 0.264509 1.028456  0.377411 0.924275 0.057238  0.431906 0.692431
0  0.151191 0.235821 1.028461  0.571643 0.802884 0.169119  0.429990 0.704001
chess_set_pieces_black.001
0  0.071225 0.266294 0.978923  0.284345 0.950932 -0.121970  0.423215 0.686468
0  0.064949 0.272808 1.012183  0.225545 0.972635 -0.055774  0.429755 0.685930
0  0.096180 0.264160 1.012163  0.376194 0.915265 -0.144114  0.428858 0.691983
chess_set_pieces_black.001
0  0.071225 0.266294 0.978923  0.284345 0.950932 -0.121970  0.423215 0.686468
0  0.033242 0.278745 1.012174  0.173420 0.980274 -0.094811  0.430606 0.679877
0  0.064949 0.272808 1.012183  0.225545 0.972635 -0.055774  0.429755 0.685930
chess_set_pieces_black.001
0  0.000132 0.276368 0.978912  -0.009694 0.995242 -0.096953  0.425018 0.672867
0  0.001022 0.281329 1.012153  -0.007213 0.996298 -0.085666  0.431336 0.673800
0  0.033242 0.278745 1.012174  0.173420 0.980274 -0.094811  0.430606 0.679877
chess_set_pieces_black.001
0  0.000132 0.276368 0.978912  -0.009694 0.995242 -0.096953  0.425018 0.672867
0  -0.033555 0.278272 1.012183  -0.148778 0.979774 -0.133821  0.432117 0.667273
0  0.001022 0.281329 1.012153  -0.007213 0.996298 -0.085666  0.431336 0.673800
chess_set_pieces_black.001
0  -0.071186 0.265726 0.978960  -0.240588 0.963862 -0.114402  0.426497 0.659155
0  -0.033555 0.278272 1.012183  -0.148778 0.979774 -0.133821  0.432117 0.667273
0  0.000132 0.276368 0.978912  -0.009694 0.995242 -0.096953  0.425018 0.672867
chess_set_pieces_black.001
0  -0.071186 0.265726 0.978960  -0.240588 0.963862 -0.114402  0.426497 0.659155
0  -0.104014 0.260474 1.012154  -0.382778 0.922313 -0.053109  0.433435 0.653549
0  -0.070801 0.270872 1.012184  -0.264837 0.963714 -0.033416  0.432858 0.660100
chess_set_pieces_black.001
0  -0.137102 0.237333 0.979001  -0.520212 0.848004 -0.101333  0.427640 0.645455
0  -0.104014 0.260474 1.012154  -0.382778 0.922313 -0.053109  0.433435 0.653549
0  -0.071186 0.265726 0.978960  -0.240588 0.963862 -0.114402  0.426497 0.659155
chess_set_pieces_black.001
0  -0.137102 0.237333 0.979001  -0.520212 0.848004 -0.101333  0.427640 0.645455
0  -0.160315 0.227863 1.012185  -0.559516 0.821955 -0.106452  0.434361 0.641194
0  -0.132956 0.245724 1.012176  -0.484344 0.874871 0.003298  0.433966 0.647409
chess_set_pieces_black.001
0  -0.137102 0.237333 0.979001  -0.520212 0.848004 -0.101333  0.427640 0.645455
0  -0.193677 0.193512 0.979018  -0.699079 0.708696 -0.095070  0.428445 0.631755
0  -0.160315 0.227863 1.012185  -0.559516 0.821955 -0.106452  0.434361 0.641194
chess_set_pieces_black.001
0  -0.193677 0.193512 0.979018  -0.699079 0.708696 -0.095070  0.428445 0.631755
0  -0.235489 0.135960 0.979101  -0.859802 0.506624 -0.063814  0.428878 0.618043
0  -0.211982 0.179046 1.012179  -0.817112 0.572519 -0.067446  0.435027 0.627631
chess_set_pieces_black.001
0  -0.193677 0.193512 0.979018  -0.699079 0.708696 -0.095070  0.428445 0.631755
0  -0.186528 0.207207 1.012168  -0.661633 0.744838 -0.086365  0.434723 0.634855
0  -0.160315 0.227863 1.012185  -0.559516 0.821955 -0.106452  0.434361 0.641194
chess_set_pieces_black.001
0  -0.243821 0.124771 1.028524  -0.871038 0.485902 -0.072064  0.438592 0.615599
0  -0.260834 0.069962 0.979184  -0.966666 0.239133 0.091504  0.429079 0.604306
0  -0.264241 0.079062 1.028441  -0.963524 0.260790 -0.060090  0.438714 0.605898
chess_set_pieces_black.001
0  -0.243821 0.124771 1.028524  -0.871038 0.485902 -0.072064  0.438592 0.615599
0  -0.211982 0.179046 1.012179  -0.817112 0.572519 -0.067446  0.435027 0.627631
0  -0.235489 0.135960 0.979101  -0.859802 0.506624 -0.063814  0.428878 0.618043
chess_set_pieces_black.001
0  -0.000006 0.237281 0.398248  -0.008629 0.898867 0.438137  0.555798 0.497070
0  -0.203315 0.117375 0.396837  -0.778855 0.450993 0.435878  0.669904 0.111869
0  -0.093549 0.162004 0.563847  -0.498567 0.844759 0.194459  0.702927 0.133654
chess_set_pieces_black.001
0  -0.261843 -0.070190 0.979138  -0.954447 -0.297463 -0.023395  0.429073 0.576645
0  -0.267883 -0.047558 1.012182  -0.978338 -0.206893 0.007119  0.435491 0.581127
0  -0.273636 -0.000089 0.979026  -0.998987 -0.019232 -0.040673  0.429149 0.590445
chess_set_pieces_black.001
0  -0.238588 -0.121696 1.028498  -0.874479 -0.480633 -0.065410  0.438468 0.565497
0  -0.261843 -0.070190 0.979138  -0.954447 -0.297463 -0.023395  0.429073 0.576645
0  -0.233290 -0.134515 0.979222  -0.867632 -0.496916 -0.016984  0.428842 0.563071
chess_set_pieces_black.001
0  -0.233290 -0.134515 0.979222  -0.867632 -0.496916 -0.016984  0.428842 0.563071
0  -0.208586 -0.166498 1.028498  -0.791507 -0.610810 -0.020661  0.438148 0.554886
0  -0.238588 -0.121696 1.028498  -0.874479 -0.480633 -0.065410  0.438468 0.565497
chess_set_pieces_black.001
0  -0.190663 -0.190479 0.979205  -0.707300 -0.706338 -0.028524  0.428388 0.549508
0  -0.211336 -0.168566 1.012159  -0.779482 -0.625436 0.035193  0.434944 0.555073
0  -0.233290 -0.134515 0.979222  -0.867632 -0.496916 -0.016984  0.428842 0.563071
chess_set_pieces_black.001
0  -0.190663 -0.190479 0.979205  -0.707300 -0.706338 -0.028524  0.428388 0.549508
0  -0.172720 -0.206854 1.012159  -0.616973 -0.779770 0.106313  0.434515 0.544550
0  -0.190945 -0.186635 1.012235  -0.702539 -0.710576 0.038986  0.434825 0.549805
chess_set_pieces_black.001
0  -0.133705 -0.231695 0.979299  -0.477512 -0.877698 -0.040354  0.427729 0.535983
0  -0.172720 -0.206854 1.012159  -0.616973 -0.779770 0.106313  0.434515 0.544550
0  -0.190663 -0.190479 0.979205  -0.707300 -0.706338 -0.028524  0.428388 0.549508
chess_set_pieces_black.001
0  0.149792 -0.224596 1.028445  0.520033 -0.851741 0.064053  0.432186 0.477821
0  0.101898 -0.246421 1.012237  0.370528 -0.928809 0.004880  0.430231 0.488320
0  0.134338 -0.232763 0.979247  0.472922 -0.880647 -0.028398  0.423138 0.482257
chess_set_pieces_black.001
0  0.262422 -0.066292 1.028496  0.970149 -0.242302 -0.010048  0.427238 0.439588
0  0.244210 -0.114898 1.012240  0.924396 -0.381431 -0.001808  0.425558 0.450038
0  0.263779 -0.070643 0.979050  0.964340 -0.263700 -0.022588  0.417874 0.441695
chess_set_pieces_black.001
0  0.263779 -0.070643 0.979050  0.964340 -0.263700 -0.022588  0.417874 0.441695
0  0.272107 -0.014380 1.028490  0.994583 -0.103765 -0.006054  0.425624 0.429376
0  0.262422 -0.066292 1.028496  0.970149 -0.242302 -0.010048  0.427238 0.439588
chess_set_pieces_black.001
0  0.271745 0.000008 0.979108  0.997939 -0.039758 -0.050365  0.415693 0.428121
0  0.262733 0.070394 0.979097  0.961861 0.236155 -0.138036  0.413193 0.414522
0  0.274437 0.034341 1.012152  0.999349 0.028752 -0.021782  0.420941 0.420498
chess_set_pieces_black.001
0  0.262733 0.070394 0.979097  0.961861 0.236155 -0.138036  0.413061 0.740073
0  0.237077 0.136874 0.979013  0.883047 0.462116 -0.081711  0.416023 0.726784
0  0.262581 0.090697 1.012163  0.929814 0.359289 -0.079730  0.420129 0.737879
chess_set_pieces_black.001
0  0.237077 0.136874 0.979013  0.883047 0.462116 -0.081711  0.416023 0.726784
0  0.195260 0.196714 1.028486  0.700412 0.713442 -0.020589  0.428022 0.714999
0  0.234883 0.150189 1.028451  0.844166 0.535711 -0.019914  0.425716 0.726358
chess_set_pieces_black.001
0  0.195015 0.194768 0.978947  0.711390 0.696871 -0.091077  0.418718 0.713469
0  0.151191 0.235821 1.028461  0.571643 0.802884 0.169119  0.429990 0.704001
0  0.195260 0.196714 1.028486  0.700412 0.713442 -0.020589  0.428022 0.714999
chess_set_pieces_black.001
0  0.137731 0.238301 0.978951  0.538692 0.837570 -0.091036  0.421093 0.700018
0  0.071225 0.266294 0.978923  0.284345 0.950932 -0.121970  0.423215 0.686468
0  0.096180 0.264160 1.012163  0.376194 0.915265 -0.144114  0.428858 0.691983
chess_set_pieces_black.001
0  0.071225 0.266294 0.978923  0.284345 0.950932 -0.121970  0.423215 0.686468
0  0.000132 0.276368 0.978912  -0.009694 0.995242 -0.096953  0.425018 0.672867
0  0.033242 0.278745 1.012174  0.173420 0.980274 -0.094811  0.430606 0.679877
chess_set_pieces_black.001
0  -0.071186 0.265726 0.978960  -0.240588 0.963862 -0.114402  0.426497 0.659155
0  -0.070801 0.270872 1.012184  -0.264837 0.963714 -0.033416  0.432858 0.660100
0  -0.033555 0.278272 1.012183  -0.148778 0.979774 -0.133821  0.432117 0.667273
chess_set_pieces_black.001
0  -0.137102 0.237333 0.979001  -0.520212 0.848004 -0.101333  0.427640 0.645455
0  -0.132956 0.245724 1.012176  -0.484344 0.874871 0.003298  0.433966 0.647409
0  -0.104014 0.260474 1.012154  -0.382778 0.922313 -0.053109  0.433435 0.653549
chess_set_pieces_black.001
0  -0.193677 0.193512 0.979018  -0.699079 0.708696 -0.095070  0.428445 0.631755
0  -0.211982 0.179046 1.012179  -0.817112 0.572519 -0.067446  0.435027 0.627631
0  -0.186528 0.207207 1.012168  -0.661633 0.744838 -0.086365  0.434723 0.634855
chess_set_pieces_black.001
0  0.155171 -0.089532 0.761540  0.855491 -0.499788 -0.135452  0.746952 0.228708
0  0.223681 -0.129127 0.923453  0.700297 -0.462101 -0.544102  0.865292 0.730817
0  0.099279 -0.172018 0.863841  0.421927 -0.786938 -0.450229  0.768042 0.245297
chess_set_pieces_black.001
0  -0.190663 -0.190479 0.979205  -0.707300 -0.706338 -0.028524  0.428388 0.549508
0  -0.190945 -0.186635 1.012235  -0.702539 -0.710576 0.038986  0.434825 0.549805
0  -0.211336 -0.168566 1.012159  -0.779482 -0.625436 0.035193  0.434944 0.555073
chess_set_pieces_black.001
0  -0.133705 -0.231695 0.979299  -0.477512 -0.877698 -0.040354  0.427729 0.535983
0  -0.149831 -0.222719 1.012180  -0.526372 -0.848858 0.048698  0.434247 0.539195
0  -0.172720 -0.206854 1.012159  -0.616973 -0.779770 0.106313  0.434515 0.544550
chess_set_pieces_black.001
0  -0.231619 -0.133559 0.946577  -0.835809 -0.474652 -0.275913  0.422527 0.563222
0  -0.222866 -0.128582 0.924268  -0.781033 -0.456376 -0.426272  0.947623 0.697156
0  -0.132694 -0.229967 0.946777  -0.455593 -0.815193 -0.357626  0.421444 0.536334
chess_set_pieces_black.001
0  -0.231619 -0.133559 0.946577  -0.835809 -0.474652 -0.275913  0.422527 0.563222
0  -0.268360 0.000069 0.946459  -0.905108 0.012393 -0.425000  0.422650 0.590459
0  -0.222866 -0.128582 0.924268  -0.781033 -0.456376 -0.426272  0.947623 0.697156
chess_set_pieces_black.001
0  -0.153843 -0.088654 0.761638  -0.849593 -0.510855 -0.131222  0.746790 0.078693
0  -0.222866 -0.128582 0.924268  -0.781033 -0.456376 -0.426272  0.947623 0.697156
0  -0.198477 0.000102 0.863871  -0.902330 -0.034560 -0.429658  0.764979 0.098596
chess_set_pieces_black.001
0  0.184841 0.000019 0.563592  0.979924 -0.013087 0.198943  0.705700 0.213778
0  0.199917 -0.000010 0.863004  0.881150 -0.034839 -0.471552  0.883580 0.751586
0  0.155171 -0.089532 0.761540  0.855491 -0.499788 -0.135452  0.746952 0.228708
chess_set_pieces_black.001
0  0.000023 -0.233049 0.395908  -0.003998 -0.896634 0.442755  0.546430 0.575168
0  0.204145 -0.117908 0.397361  0.773141 -0.453489 0.443397  0.675072 0.238031
0  0.091574 -0.158550 0.563387  0.481550 -0.852929 0.201547  0.711134 0.251528
chess_set_pieces_black.001
0  0.223959 0.129305 0.923135  0.721162 0.411805 -0.557083  0.884405 0.779196
0  0.235318 0.135890 0.946228  0.825445 0.455458 -0.333466  0.409920 0.725478
0  0.269806 -0.000004 0.946375  0.922549 -0.015198 -0.385580  0.409428 0.429219
chess_set_pieces_black.001
0  -0.203098 -0.117257 0.396693  -0.772266 -0.455246 0.443120  0.582434 0.560243
0  0.000023 -0.233049 0.395908  -0.003998 -0.896634 0.442755  0.685971 0.279719
0  -0.091155 -0.157887 0.563292  -0.483373 -0.851970 0.201241  0.710529 0.055849
chess_set_pieces_black.001
0  0.161965 0.280478 0.284534  0.479387 0.789317 0.383623  0.525785 0.475545
0  0.094499 0.163589 0.564047  0.495564 0.846297 0.195441  0.703033 0.174146
0  0.204885 0.118210 0.397818  0.782601 0.442246 0.438126  0.519812 0.512269
chess_set_pieces_black.001
0  -0.223404 0.128961 0.923927  -0.763696 0.432892 -0.478928  0.967484 0.744571
0  -0.233915 0.135050 0.946350  -0.828721 0.465834 -0.310194  0.422563 0.617933
0  -0.136022 0.235463 0.946159  -0.469252 0.787503 -0.399552  0.421360 0.645008
chess_set_pieces_black.001
0  -0.101186 0.175042 0.861644  -0.474398 0.749563 -0.461630  0.763051 0.135300
0  -0.198477 0.000102 0.863871  -0.902330 -0.034560 -0.429658  0.948820 0.724320
0  -0.223404 0.128961 0.923927  -0.763696 0.432892 -0.478928  0.967484 0.744571
chess_set_pieces_black.001
0  -0.098959 -0.171384 0.864325  -0.432014 -0.785565 -0.443002  0.768111 0.062055
0  0.099279 -0.172018 0.863841  0.421927 -0.786938 -0.450229  0.888466 0.716300
0  0.000081 -0.256674 0.924772  0.081290 -0.873258 -0.480430  0.896900 0.690511
chess_set_pieces_black.001
0  0.199917 -0.000010 0.863004  0.881150 -0.034839 -0.471552  0.765088 0.208905
0  0.101565 0.175840 0.861110  0.464851 0.753513 -0.464899  0.911560 0.773904
0  0.223959 0.129305 0.923135  0.721162 0.411805 -0.557083  0.884405 0.779196
chess_set_pieces_black.001
0  0.193219 0.118179 1.150137  -0.580294 -0.433652 0.689351  0.317050 0.234724
0  0.213373 0.079175 1.075450  -0.446587 -0.806329 0.387806  0.736183 0.287161
0  0.254041 0.093260 1.146605  0.738743 -0.390089 0.549626  0.445710 0.742020
chess_set_pieces_black.001
0  0.204145 -0.117908 0.397361  0.773141 -0.453489 0.443397  0.514864 0.551639
0  0.204885 0.118210 0.397818  0.782601 0.442246 0.438126  0.670891 0.196230
0  0.184841 0.000019 0.563592  0.979924 -0.013087 0.198943  0.705700 0.213778
chess_set_pieces_black.001
0  -0.233915 0.135050 0.946350  -0.828721 0.465834 -0.310194  0.422563 0.617933
0  -0.223404 0.128961 0.923927  -0.763696 0.432892 -0.478928  0.967484 0.744571
0  -0.268360 0.000069 0.946459  -0.905108 0.012393 -0.425000  0.422650 0.590459
chess_set_pieces_black.001
0  0.071050 0.265605 0.964403  0.258354 0.933683 -0.247968  0.420479 0.686082
0  0.136554 0.236301 0.946020  0.480536 0.787055 -0.386820  0.414914 0.698986
0  0.000137 0.274297 0.945934  -0.021385 0.943935 -0.329439  0.418750 0.672122
chess_set_pieces_black.001
0  -0.254516 -0.099668 1.051151  -0.939413 -0.342078 -0.022040  0.443069 0.570552
0  -0.258782 -0.072897 1.028498  -0.959448 -0.281638 -0.011803  0.438686 0.575846
0  -0.238588 -0.121696 1.028498  -0.874479 -0.480633 -0.065410  0.438468 0.565497
chess_set_pieces_black.001
0  0.000047 0.184473 0.761177  -0.011246 0.992154 -0.124514  0.743210 0.153819
0  -0.156138 0.090146 0.761465  -0.870536 0.476248 -0.123917  0.744132 0.115820
0  -0.101186 0.175042 0.861644  -0.474398 0.749563 -0.461630  0.944472 0.760027
chess_set_pieces_black.001
0  0.164413 -0.284861 0.141199  0.491576 -0.862247 0.122000  0.379680 0.587239
0  0.332289 -0.000001 0.141561  0.993157 -0.005046 0.116675  0.313685 0.585789
0  0.288974 -0.166809 0.221307  0.852533 -0.480296 0.206162  0.347326 0.570551
chess_set_pieces_black.001
0  -0.000162 -0.341653 0.089494  -0.008763 -0.998830 0.047555  0.411933 0.597322
0  0.000136 -0.330836 0.221625  0.009524 -0.963690 0.266854  0.004805 0.569875
0  -0.164061 -0.284320 0.141226  -0.495130 -0.859950 0.123827  0.038218 0.585902
chess_set_pieces_black.001
0  0.299969 0.173181 0.090972  0.867956 0.494431 0.046813  0.279694 0.595134
0  0.291224 0.168260 0.220712  0.854228 0.471853 0.218288  0.280346 0.568816
0  0.332289 -0.000001 0.141561  0.993157 -0.005046 0.116675  0.313685 0.585789
chess_set_pieces_black.001
0  -0.298673 0.172387 0.090438  -0.868210 0.489562 0.080875  0.141499 0.595003
0  -0.288775 0.166727 0.221380  -0.862358 0.450422 0.231211  0.141229 0.568336
0  -0.167507 0.289968 0.141755  -0.509571 0.851207 0.125636  0.175839 0.584263
chess_set_pieces_black.001
0  0.000023 -0.233049 0.395908  -0.003998 -0.896634 0.442755  0.546430 0.575168
0  -0.000027 -0.175933 0.761765  -0.010218 -0.990313 -0.138475  0.749392 0.044034
0  -0.091155 -0.157887 0.563292  -0.483373 -0.851970 0.201241  0.710529 0.055849
chess_set_pieces_black.001
0  -0.203315 0.117375 0.396837  -0.778855 0.450993 0.435878  0.586912 0.521275
0  -0.156138 0.090146 0.761465  -0.870536 0.476248 -0.123917  0.744132 0.115820
0  -0.093549 0.162004 0.563847  -0.498567 0.844759 0.194459  0.702927 0.133654
chess_set_pieces_black.001
0  0.032359 0.227902 1.150518  -0.150394 -0.438063 0.886275  0.315933 0.194710
0  0.079015 0.209702 1.077700  0.136429 -0.926778 0.349956  0.325932 0.180658
0  0.097193 0.257040 1.148065  0.681508 0.129699 0.720226  0.454715 0.696223
chess_set_pieces_black.001
0  -0.075460 0.241763 1.074234  0.508456 0.092611 0.856093  0.990720 0.205968
0  -0.108021 0.253391 1.151756  0.350708 0.567382 0.745038  0.559821 0.078634
0  -0.090794 0.207806 1.078651  0.665988 -0.594903 0.450055  0.939746 0.158225
chess_set_pieces_black.001
0  -0.255984 -0.076415 1.073242  -0.821104 0.462296 0.334769  0.447478 0.574997
0  -0.242266 -0.123977 1.070879  -0.888453 -0.458749 0.014153  0.446717 0.565195
0  -0.237744 -0.122850 1.151393  -0.716504 0.002070 0.697580  0.741284 0.023753
chess_set_pieces_black.001
0  0.225064 0.019969 1.075670  -0.728238 0.587897 0.352203  0.811228 0.360475
0  0.223023 -0.016289 1.150130  -0.452714 0.510924 0.730758  0.574401 0.013623
0  0.268672 0.023050 1.147753  0.517362 0.655093 0.550627  0.447594 0.418597
chess_set_pieces_black.001
0  -0.018236 0.274492 1.149284  -0.760452 0.382616 0.524707  0.458074 0.673755
0  -0.012399 0.231156 1.075852  -0.710625 -0.559043 0.427180  0.307753 0.179942
0  0.032359 0.227902 1.150518  -0.150394 -0.438063 0.886275  0.987210 0.106958
chess_set_pieces_black.001
0  -0.226051 -0.006283 1.075615  0.593223 -0.785165 0.177769  0.327318 0.203229
0  -0.225082 0.022625 1.147116  0.516307 -0.534439 0.669181  0.120267 0.090046
0  -0.268438 -0.013708 1.148967  -0.509240 -0.658114 0.554582  0.462353 0.587970
chess_set_pieces_black.001
0  0.204885 0.118210 0.397818  0.782601 0.442246 0.438126  0.519812 0.512269
0  0.157549 0.090945 0.761356  0.863790 0.487844 -0.125997  0.744232 0.191806
0  0.184841 0.000019 0.563592  0.979924 -0.013087 0.198943  0.705700 0.213778
chess_set_pieces_black.001
0  -0.151257 -0.162312 1.075773  0.913250 0.134740 0.384473  0.669158 0.299968
0  -0.173785 -0.136373 1.147435  0.723338 -0.017562 0.690270  0.750427 0.014846
0  -0.176127 -0.197807 1.149010  0.231417 -0.729392 0.643766  0.461336 0.545414
chess_set_pieces_black.001
0  0.241626 -0.116896 1.073229  0.360012 -0.925634 0.116590  0.437500 0.448938
0  0.258746 -0.069947 1.148475  0.437350 -0.469459 0.767029  0.565254 0.022431
0  0.204345 -0.091811 1.148479  -0.641775 -0.550210 0.534222  0.824982 0.338409
chess_set_pieces_black.001
0  -0.212968 -0.070377 1.075985  0.505188 0.817324 0.277069  0.775817 0.136492
0  -0.255984 -0.076415 1.073242  -0.821104 0.462296 0.334769  0.447478 0.574997
0  -0.214178 -0.067996 1.148261  0.091078 0.829576 0.550917  0.655536 0.322068
chess_set_pieces_black.001
0  -0.160367 0.277859 0.282882  -0.515545 0.780580 0.353423  0.590522 0.484012
0  -0.323411 0.000013 0.284316  -0.937764 0.063445 0.341429  0.616119 0.544646
0  -0.203315 0.117375 0.396837  -0.778855 0.450993 0.435878  0.669904 0.111869
chess_set_pieces_black.001
0  0.000127 -0.266368 0.946645  -0.021828 -0.963884 -0.265426  0.419535 0.509607
0  0.000081 -0.256674 0.924772  0.081290 -0.873258 -0.480430  0.896900 0.690511
0  0.133468 -0.231253 0.946566  0.464614 -0.804022 -0.371057  0.416865 0.482956
chess_set_pieces_black.001
0  -0.330372 0.000008 0.141153  -0.991995 -0.007384 0.126060  0.107029 0.585070
0  -0.323411 0.000013 0.284316  -0.937764 0.063445 0.341429  0.616119 0.544646
0  -0.288775 0.166727 0.221380  -0.862358 0.450422 0.231211  0.141229 0.568336
chess_set_pieces_black.001
0  0.164413 -0.284861 0.141199  0.491576 -0.862247 0.122000  0.379680 0.587239
0  0.160973 -0.278808 0.283542  0.477465 -0.793148 0.378077  0.511248 0.588688
0  0.000136 -0.330836 0.221625  0.009524 -0.963690 0.266854  0.004805 0.569875
chess_set_pieces_black.001
0  -0.173785 -0.136373 1.147435  0.723338 -0.017562 0.690270  0.655391 0.306781
0  -0.214178 -0.067996 1.148261  0.091078 0.829576 0.550917  0.776890 0.150373
0  -0.237744 -0.122850 1.151393  -0.716504 0.002070 0.697580  0.462278 0.564456
chess_set_pieces_black.001
0  -0.160436 -0.277824 0.282979  -0.413864 -0.844698 0.339414  0.576837 0.597040
0  0.160973 -0.278808 0.283542  0.477465 -0.793148 0.378077  0.511248 0.588688
0  0.000023 -0.233049 0.395908  -0.003998 -0.896634 0.442755  0.685199 0.027758
chess_set_pieces_black.001
0  0.321999 0.000018 0.283558  0.956676 0.027633 0.289842  0.485667 0.527756
0  0.161965 0.280478 0.284534  0.479387 0.789317 0.383623  0.525785 0.475545
0  0.204885 0.118210 0.397818  0.782601 0.442246 0.438126  0.670891 0.196230
chess_set_pieces_black.001
0  0.173195 -0.300150 0.049774  0.493409 -0.864308 -0.097563  0.379399 0.604473
0  0.164413 -0.284861 0.141199  0.491576 -0.862247 0.122000  0.379680 0.587239
0  -0.000162 -0.341653 0.089494  -0.008763 -0.998830 0.047555  0.004277 0.595994
chess_set_pieces_black.001
0  0.162206 -0.280948 0.000044  0.261397 -0.453634 -0.851990  0.815613 0.589584
0  0.173195 -0.300150 0.049774  0.493409 -0.864308 -0.097563  0.379399 0.604473
0  -0.000135 -0.341027 0.007269  -0.005627 -0.786890 -0.617067  0.004158 0.612231
chess_set_pieces_black.001
0  -0.055156 -0.212323 1.146781  0.041296 0.593627 0.803680  0.902781 0.267544
0  -0.097485 -0.196339 1.075498  -0.272155 0.949046 0.158882  0.452723 0.144753
0  -0.118114 -0.235569 1.148991  -0.841865 -0.094496 0.531352  0.460575 0.530532
chess_set_pieces_black.001
0  0.223681 -0.129127 0.923453  0.700297 -0.462101 -0.544102  0.865292 0.730817
0  0.233036 -0.134497 0.946439  0.832696 -0.475447 -0.283844  0.413547 0.456118
0  0.133468 -0.231253 0.946566  0.464614 -0.804022 -0.371057  0.416865 0.482956
chess_set_pieces_black.001
0  0.194523 0.194343 0.964431  0.688190 0.675150 -0.265643  0.416019 0.712947
0  0.235318 0.135890 0.946228  0.825445 0.455458 -0.333466  0.409920 0.725478
0  0.136554 0.236301 0.946020  0.480536 0.787055 -0.386820  0.414914 0.698986
chess_set_pieces_black.001
0  0.262057 0.070251 0.964611  0.942657 0.239785 -0.232164  0.410408 0.415046
0  0.269806 -0.000004 0.946375  0.922549 -0.015198 -0.385580  0.409428 0.429219
0  0.235318 0.135890 0.946228  0.825445 0.455458 -0.333466  0.409920 0.725478
chess_set_pieces_black.001
0  -0.123764 -0.234791 1.028497  -0.487971 -0.872852 0.003670  0.437174 0.533452
0  -0.149831 -0.222719 1.012180  -0.526372 -0.848858 0.048698  0.434247 0.539195
0  -0.133705 -0.231695 0.979299  -0.477512 -0.877698 -0.040354  0.427729 0.535983
chess_set_pieces_black.001
0  0.099279 -0.172018 0.863841  0.421927 -0.786938 -0.450229  0.768042 0.245297
0  0.133468 -0.231253 0.946566  0.464614 -0.804022 -0.371057  0.416865 0.482956
0  0.000081 -0.256674 0.924772  0.081290 -0.873258 -0.480430  0.896900 0.690511
chess_set_pieces_black.001
0  0.122983 0.182064 1.057859  -0.018055 0.021106 0.999614  0.686327 0.914266
0  0.078432 0.111147 1.059332  0.003077 -0.003803 0.999988  0.689657 0.930074
0  0.160710 0.145570 1.061382  -0.385501 -0.370852 0.844901  0.324286 0.252519
chess_set_pieces_black.001
0  -0.162610 0.227323 1.070796  -0.595977 0.792782 0.127705  0.445566 0.641452
0  -0.187939 0.206716 1.050840  -0.712512 0.696249 0.086971  0.442126 0.634965
0  -0.203359 0.182117 1.073052  -0.965130 -0.047656 0.257397  0.446738 0.629608
chess_set_pieces_black.001
0  -0.160490 0.228159 1.028455  -0.573536 0.819043 -0.015001  0.437459 0.641392
0  -0.187939 0.206716 1.050840  -0.712512 0.696249 0.086971  0.442126 0.634965
0  -0.162610 0.227323 1.070796  -0.595977 0.792782 0.127705  0.445566 0.641452
chess_set_pieces_black.001
0  0.033246 0.279126 1.028447  0.138546 0.990006 0.026322  0.433672 0.680288
0  0.003039 0.282179 1.051082  -0.015892 0.991993 0.125287  0.438788 0.675180
0  0.035207 0.275577 1.070889  0.148356 0.973131 0.176085  0.441684 0.681929
chess_set_pieces_black.001
0  0.231894 0.142559 1.148495  0.580049 0.427504 0.693386  0.448046 0.731856
0  0.217439 0.170574 1.132848  0.625191 0.663332 0.411250  0.446232 0.725393
0  0.198044 0.154240 1.153713  -0.169987 0.097043 0.980656  0.518364 0.087888
chess_set_pieces_black.001
0  0.213373 0.079175 1.075450  -0.446587 -0.806329 0.387806  0.736183 0.287161
0  0.238739 0.076170 1.058881  0.388028 -0.398678 0.830957  0.731679 0.290852
0  0.254420 0.093418 1.072932  0.916309 -0.373852 0.143568  0.727561 0.287607
chess_set_pieces_black.001
0  0.074037 -0.230092 1.074597  -0.725015 -0.438081 0.531450  0.777589 0.186662
0  0.078835 -0.228979 1.150146  -0.776369 -0.312975 0.547081  0.776878 0.097567
0  0.092116 -0.191488 1.079347  -0.712048 0.662339 0.233013  0.884953 0.263869
chess_set_pieces_black.001
0  -0.099245 -0.250842 1.050918  -0.415298 -0.909650 0.008110  0.441216 0.527535
0  -0.069154 -0.259406 1.028445  -0.242861 -0.969328 -0.037701  0.436390 0.521808
0  -0.069048 -0.259928 1.070826  -0.252595 -0.958691 0.130796  0.444587 0.521158
chess_set_pieces_black.001
0  -0.151257 -0.162312 1.075773  0.913250 0.134740 0.384473  0.669158 0.299968
0  -0.157029 -0.147664 1.066472  0.748293 0.503440 0.431980  0.671117 0.302933
0  -0.170465 -0.133231 1.081293  0.816628 0.562705 0.128382  0.668215 0.306759
chess_set_pieces_black.001
0  0.064949 0.272808 1.012183  0.225545 0.972635 -0.055774  0.429755 0.685930
0  0.033246 0.279126 1.028447  0.138546 0.990006 0.026322  0.433672 0.680288
0  0.096171 0.264509 1.028456  0.377411 0.924275 0.057238  0.431906 0.692431
chess_set_pieces_black.001
0  0.198044 0.154240 1.153713  -0.169987 0.097043 0.980656  0.518364 0.087888
0  0.162528 0.151570 1.078129  -0.899835 -0.339876 0.273462  0.325208 0.249059
0  0.193219 0.118179 1.150137  -0.580294 -0.433652 0.689351  0.523684 0.083215
chess_set_pieces_black.001
0  0.149878 -0.216071 1.148304  0.380381 -0.616515 0.689361  0.455382 0.474215
0  0.190867 -0.185459 1.148180  0.756019 0.116759 0.644051  0.782378 0.120146
0  0.126200 -0.177541 1.150036  -0.336310 0.591042 0.733188  0.773772 0.110749
chess_set_pieces_black.001
0  -0.237744 -0.122850 1.151393  -0.716504 0.002070 0.697580  0.462278 0.564456
0  -0.242266 -0.123977 1.070879  -0.888453 -0.458749 0.014153  0.446717 0.565195
0  -0.212242 -0.168869 1.070969  -0.766398 -0.635991 0.090277  0.446422 0.554771
chess_set_pieces_black.001
0  0.126200 -0.177541 1.150036  -0.336310 0.591042 0.733188  0.878604 0.277977
0  0.078835 -0.228979 1.150146  -0.776369 -0.312975 0.547081  0.776878 0.097567
0  0.119011 -0.210618 1.155533  -0.181695 -0.024642 0.983046  0.778309 0.105949
chess_set_pieces_black.001
0  -0.120590 -0.235754 1.073192  -0.888340 -0.428810 0.164239  0.445892 0.532317
0  -0.069048 -0.259928 1.070826  -0.252595 -0.958691 0.130796  0.444587 0.521158
0  -0.118114 -0.235569 1.148991  -0.841865 -0.094496 0.531352  0.443597 0.130782
chess_set_pieces_black.001
0  -0.101582 -0.194191 1.064008  -0.131091 0.684954 0.716696  0.452631 0.147101
0  -0.118810 -0.211273 1.062563  -0.584595 0.120842 0.802276  0.447993 0.147764
0  -0.097485 -0.196339 1.075498  -0.272155 0.949046 0.158882  0.452723 0.144753
chess_set_pieces_black.001
0  -0.145887 -0.165584 1.061154  0.560347 -0.114850 0.820257  0.315439 0.265187
0  -0.155324 -0.186316 1.059562  0.326992 -0.451605 0.830138  0.314692 0.269472
0  -0.125141 -0.183375 1.058016  -0.047832 0.006859 0.998832  0.310174 0.265764
chess_set_pieces_black.001
0  -0.123764 -0.234791 1.028497  -0.487971 -0.872852 0.003670  0.437174 0.533452
0  -0.125349 -0.233955 1.054968  -0.753101 -0.591354 0.288338  0.442372 0.533526
0  -0.148244 -0.218451 1.052128  -0.466549 -0.606021 0.644260  0.442089 0.538981
chess_set_pieces_black.001
0  -0.120590 -0.235754 1.073192  -0.888340 -0.428810 0.164239  0.445892 0.532317
0  -0.125349 -0.233955 1.054968  -0.753101 -0.591354 0.288338  0.442372 0.533526
0  -0.099245 -0.250842 1.050918  -0.415298 -0.909650 0.008110  0.441216 0.527535
chess_set_pieces_black.001
0  -0.192348 -0.100602 1.081369  0.806850 0.553431 0.206657  0.668306 0.314306
0  -0.200867 -0.082911 1.067030  0.772701 0.503805 0.386152  0.671238 0.318076
0  -0.212968 -0.070377 1.075985  0.505188 0.817324 0.277069  0.669377 0.321430
chess_set_pieces_black.001
0  -0.151257 -0.162312 1.075773  0.913250 0.134740 0.384473  0.669158 0.299968
0  -0.145887 -0.165584 1.061154  0.560347 -0.114850 0.820257  0.671952 0.298792
0  -0.157029 -0.147664 1.066472  0.748293 0.503440 0.431980  0.671117 0.302933
chess_set_pieces_black.001
0  -0.254516 -0.099668 1.051151  -0.939413 -0.342078 -0.022040  0.443069 0.570552
0  -0.258844 -0.073230 1.054876  -0.967779 0.022969 0.250750  0.443866 0.575757
0  -0.258782 -0.072897 1.028498  -0.959448 -0.281638 -0.011803  0.438686 0.575846
chess_set_pieces_black.001
0  -0.273636 -0.000089 0.979026  -0.998987 -0.019232 -0.040673  0.429149 0.590445
0  -0.269836 0.029302 1.028496  -0.989341 0.111581 -0.093565  0.438786 0.596146
0  -0.260834 0.069962 0.979184  -0.966666 0.239133 0.091504  0.429079 0.604306
chess_set_pieces_black.001
0  -0.167890 0.155276 1.075339  0.287447 -0.914702 0.284068  0.957682 0.159442
0  -0.149969 0.165993 1.065910  0.461547 -0.631272 0.623274  0.953607 0.161134
0  -0.131554 0.182332 1.079988  0.564036 -0.808130 0.169675  0.949012 0.158203
chess_set_pieces_black.001
0  -0.208586 -0.166498 1.028498  -0.791507 -0.610810 -0.020661  0.438148 0.554886
0  -0.190945 -0.186635 1.012235  -0.702539 -0.710576 0.038986  0.434825 0.549805
0  -0.170603 -0.204131 1.028501  -0.604990 -0.794177 0.057178  0.437756 0.544437
chess_set_pieces_black.001
0  -0.125141 -0.183375 1.058016  -0.047832 0.006859 0.998832  0.310174 0.265764
0  -0.155324 -0.186316 1.059562  0.326992 -0.451605 0.830138  0.314692 0.269472
0  -0.148244 -0.218451 1.052128  -0.466549 -0.606021 0.644260  0.310125 0.274035
chess_set_pieces_black.001
0  -0.263501 -0.046933 1.052166  -0.778888 -0.159902 0.606436  0.062192 0.010172
0  -0.237513 -0.063063 1.062621  -0.265043 0.394079 0.880031  0.066840 0.006072
0  -0.222040 -0.040706 1.058038  0.014469 0.042887 0.998975  0.070537 0.009867
chess_set_pieces_black.001
0  -0.192348 -0.100602 1.081369  0.806850 0.553431 0.206657  0.668306 0.314306
0  -0.170465 -0.133231 1.081293  0.816628 0.562705 0.128382  0.668215 0.306759
0  -0.166645 -0.131230 1.060172  0.357386 0.546242 0.757559  0.717814 0.990275
chess_set_pieces_black.001
0  -0.267883 -0.047558 1.012182  -0.978338 -0.206893 0.007119  0.435491 0.581127
0  -0.258782 -0.072897 1.028498  -0.959448 -0.281638 -0.011803  0.438686 0.575846
0  -0.263501 -0.046933 1.052166  -0.778888 -0.159902 0.606436  0.443358 0.581001
chess_set_pieces_black.001
0  -0.261285 0.069985 1.151008  -0.547462 0.413650 0.727447  0.462512 0.604546
0  -0.274361 0.028363 1.071216  -0.992128 0.080144 0.096218  0.447104 0.595982
0  -0.268438 -0.013708 1.148967  -0.509240 -0.658114 0.554582  0.904513 0.224783
chess_set_pieces_black.001
0  0.223023 -0.016289 1.150130  -0.452714 0.510924 0.730758  0.825537 0.353311
0  0.209140 -0.056626 1.081630  -0.959214 0.185496 0.213305  0.812132 0.345321
0  0.204345 -0.091811 1.148479  -0.641775 -0.550210 0.534222  0.439421 0.176538
chess_set_pieces_black.001
0  -0.267883 -0.047558 1.012182  -0.978338 -0.206893 0.007119  0.435491 0.581127
0  -0.269212 -0.020763 1.028501  -0.993404 -0.113883 0.013352  0.438794 0.586332
0  -0.271222 0.004557 1.012233  -0.999337 0.031887 -0.017565  0.435643 0.591315
chess_set_pieces_black.001
0  -0.164061 -0.284320 0.141226  -0.495130 -0.859950 0.123827  0.038218 0.585902
0  0.000136 -0.330836 0.221625  0.009524 -0.963690 0.266854  0.411738 0.572238
0  -0.160436 -0.277824 0.282979  -0.413864 -0.844698 0.339414  0.576837 0.597040
chess_set_pieces_black.001
0  -0.269836 0.029302 1.028496  -0.989341 0.111581 -0.093565  0.438786 0.596146
0  -0.271222 0.004557 1.012233  -0.999337 0.031887 -0.017565  0.435643 0.591315
0  -0.269212 -0.020763 1.028501  -0.993404 -0.113883 0.013352  0.438794 0.586332
chess_set_pieces_black.001
0  -0.134371 0.186154 1.147161  0.170978 -0.448224 0.877418  0.949490 0.145173
0  -0.108021 0.253391 1.151756  0.350708 0.567382 0.745038  0.460408 0.653952
0  -0.162610 0.227323 1.070796  -0.595977 0.792782 0.127705  0.445566 0.641452
chess_set_pieces_black.001
0  -0.160490 0.228159 1.028455  -0.573536 0.819043 -0.015001  0.437459 0.641392
0  -0.186528 0.207207 1.012168  -0.661633 0.744838 -0.086365  0.434723 0.634855
0  -0.212137 0.179167 1.028459  -0.801167 0.595925 0.054817  0.438145 0.627755
chess_set_pieces_black.001
0  -0.128934 0.177296 1.059186  0.123800 -0.583365 0.802720  0.949011 0.162407
0  -0.149969 0.165993 1.065910  0.461547 -0.631272 0.623274  0.953607 0.161134
0  -0.165987 0.138084 1.056736  0.148565 -0.109738 0.982795  0.735691 0.941509
chess_set_pieces_black.001
0  -0.073047 0.266592 1.054462  -0.137452 0.868794 0.475715  0.995204 0.201582
0  -0.075460 0.241763 1.074234  0.508456 0.092611 0.856093  0.990720 0.205968
0  -0.064002 0.221373 1.061153  0.187842 -0.008297 0.982164  0.122499 0.012995
chess_set_pieces_black.001
0  -0.070801 0.270872 1.012184  -0.264837 0.963714 -0.033416  0.432858 0.660100
0  -0.102769 0.257379 1.028497  -0.366279 0.928420 0.062259  0.436604 0.653822
0  -0.073047 0.266592 1.054462  -0.137452 0.868794 0.475715  0.441027 0.660284
chess_set_pieces_black.001
0  -0.101186 0.175042 0.861644  -0.474398 0.749563 -0.461630  0.944472 0.760027
0  0.000035 0.259692 0.921875  -0.026686 0.853458 -0.520478  0.936198 0.786237
0  0.101565 0.175840 0.861110  0.464851 0.753513 -0.464899  0.762786 0.172451
chess_set_pieces_black.001
0  0.032359 0.227902 1.150518  -0.150394 -0.438063 0.886275  0.315933 0.194710
0  0.097193 0.257040 1.148065  0.681508 0.129699 0.720226  0.454715 0.696223
0  0.035207 0.275577 1.070889  0.148356 0.973131 0.176085  0.441684 0.681929
chess_set_pieces_black.001
0  0.033246 0.279126 1.028447  0.138546 0.990006 0.026322  0.433672 0.680288
0  0.001022 0.281329 1.012153  -0.007213 0.996298 -0.085666  0.431336 0.673800
0  -0.033590 0.278548 1.028456  -0.169466 0.984136 0.052520  0.435191 0.667596
chess_set_pieces_black.001
0  0.009324 0.221708 1.066513  -0.201696 -0.704879 0.680047  0.312322 0.178147
0  -0.021664 0.217087 1.056714  -0.035394 -0.323289 0.945638  0.714874 0.917559
0  0.007845 0.199203 1.059396  -0.043488 -0.098447 0.994192  0.708306 0.918846
chess_set_pieces_black.001
0  0.123976 0.243545 1.054035  0.524463 0.591085 0.612827  0.924171 0.283529
0  0.113468 0.227338 1.073914  0.697932 -0.322142 0.639621  0.920315 0.287379
0  0.104494 0.207967 1.061347  0.237174 -0.230265 0.943783  0.986117 0.015229
chess_set_pieces_black.001
0  0.172498 0.212896 1.052677  0.333711 0.797225 0.503059  0.433616 0.710651
0  0.151191 0.235821 1.028461  0.571643 0.802884 0.169119  0.429990 0.704001
0  0.123976 0.243545 1.054035  0.524463 0.591085 0.612827  0.993962 0.016100
chess_set_pieces_black.001
0  0.195260 0.196714 1.028486  0.700412 0.713442 -0.020589  0.428022 0.714999
0  0.196759 0.195766 1.071664  0.563667 0.813406 0.143702  0.436068 0.716964
0  0.233558 0.146116 1.070721  0.865267 0.499484 0.042767  0.433538 0.728522
chess_set_pieces_black.001
0  0.156054 -0.148238 1.078718  -0.216072 0.923298 0.317543  0.870016 0.264419
0  0.126200 -0.177541 1.150036  -0.336310 0.591042 0.733188  0.773772 0.110749
0  0.190867 -0.185459 1.148180  0.756019 0.116759 0.644051  0.454178 0.464277
chess_set_pieces_black.001
0  0.158945 0.196593 1.074009  -0.378751 0.573378 0.726488  0.694552 0.008476
0  0.172498 0.212896 1.052677  0.333711 0.797225 0.503059  0.994763 0.005052
0  0.139225 0.212447 1.057345  0.173295 0.312255 0.934059  0.990723 0.010178
chess_set_pieces_black.001
0  0.262415 0.060237 1.049654  0.771437 0.144073 0.619781  0.669567 0.289463
0  0.238739 0.076170 1.058881  0.388028 -0.398678 0.830957  0.665686 0.285256
0  0.224109 0.049617 1.057960  0.055608 0.052196 0.997087  0.670107 0.281483
chess_set_pieces_black.001
0  0.268834 0.065125 1.012178  0.982993 0.183577 0.004969  0.419034 0.742774
0  0.262804 0.090752 1.028461  0.947347 0.304997 0.097526  0.423133 0.738551
0  0.262415 0.060237 1.049654  0.771437 0.144073 0.619781  0.427494 0.414057
chess_set_pieces_black.001
0  0.258746 -0.069947 1.148475  0.437350 -0.469459 0.767029  0.450509 0.436867
0  0.272359 -0.017090 1.070749  0.989565 -0.086875 0.114951  0.433870 0.428651
0  0.268672 0.023050 1.147753  0.517362 0.655093 0.550627  0.935003 0.172714
chess_set_pieces_black.001
0  0.203616 -0.139508 1.055355  0.263655 0.048382 0.963403  0.262839 0.315356
0  0.229091 -0.134211 1.050058  0.580789 -0.541716 0.607641  0.266556 0.318887
0  0.219663 -0.111864 1.062176  -0.162870 -0.646934 0.744950  0.262220 0.321728
chess_set_pieces_black.001
0  0.235434 -0.136545 1.012170  0.855170 -0.517350 0.032139  0.426150 0.454508
0  0.229091 -0.134211 1.050058  0.580789 -0.541716 0.607641  0.266556 0.318887
0  0.206144 -0.168251 1.053705  0.845910 -0.440124 0.301211  0.435328 0.461729
chess_set_pieces_black.001
0  0.171618 -0.209234 1.012161  0.631086 -0.775545 -0.016120  0.428464 0.473102
0  0.206773 -0.171114 1.012241  0.779851 -0.623344 0.057214  0.427294 0.463114
0  0.206144 -0.168251 1.053705  0.845910 -0.440124 0.301211  0.435328 0.461729
chess_set_pieces_black.001
0  0.156054 -0.148238 1.078718  -0.216072 0.923298 0.317543  0.870016 0.264419
0  0.130648 -0.164272 1.062101  -0.407645 0.736842 0.539341  0.661815 0.976440
0  0.092116 -0.191488 1.079347  -0.712048 0.662339 0.233013  0.884953 0.263869
chess_set_pieces_black.001
0  -0.055156 -0.212323 1.146781  0.041296 0.593627 0.803680  0.902781 0.267544
0  -0.118114 -0.235569 1.148991  -0.841865 -0.094496 0.531352  0.443597 0.130782
0  -0.069048 -0.259928 1.070826  -0.252595 -0.958691 0.130796  0.444587 0.521158
chess_set_pieces_black.001
0  0.126536 -0.235216 1.049741  0.459113 -0.888172 0.019137  0.436900 0.482241
0  0.170731 -0.205992 1.049632  0.656134 -0.753158 0.047344  0.435714 0.471967
0  0.173056 -0.204843 1.133008  0.623317 -0.758669 0.189464  0.451754 0.469658
chess_set_pieces_black.001
0  -0.006043 -0.215281 1.078305  0.425043 0.836989 0.344655  0.915660 0.257480
0  -0.055156 -0.212323 1.146781  0.041296 0.593627 0.803680  0.171610 0.122738
0  -0.005988 -0.264310 1.150601  0.472604 -0.439894 0.763636  0.459122 0.507878
chess_set_pieces_black.001
0  0.173056 -0.204843 1.133008  0.623317 -0.758669 0.189464  0.451754 0.469658
0  0.170731 -0.205992 1.049632  0.656134 -0.753158 0.047344  0.435714 0.471967
0  0.206144 -0.168251 1.053705  0.845910 -0.440124 0.301211  0.145137 0.208546
chess_set_pieces_black.001
0  0.324433 0.000000 0.000000  0.527220 -0.001168 -0.849728  0.765975 0.627640
0  0.299642 0.173000 0.005664  0.575378 0.327046 -0.749654  0.279425 0.611371
0  0.350020 0.000025 0.049549  0.992577 -0.006517 -0.121441  0.313305 0.603597
chess_set_pieces_black.001
0  0.272359 -0.017090 1.070749  0.989565 -0.086875 0.114951  0.433870 0.428651
0  0.262293 -0.069086 1.070738  0.960753 -0.275902 0.028848  0.435445 0.438864
0  0.262422 -0.066292 1.028496  0.970149 -0.242302 -0.010048  0.427238 0.439588
chess_set_pieces_black.001
0  0.173203 -0.139210 1.063753  0.081812 0.428761 0.899706  0.153693 0.210445
0  0.189694 -0.154952 1.074086  0.485862 0.802322 0.346724  0.149278 0.212462
0  0.206144 -0.168251 1.053705  0.845910 -0.440124 0.301211  0.266335 0.311005
chess_set_pieces_black.001
0  -0.008005 -0.265352 1.028478  -0.014948 -0.999665 -0.021109  0.435494 0.509840
0  -0.006092 -0.269478 1.071688  0.239327 -0.968944 0.062211  0.443907 0.508854
0  -0.069048 -0.259928 1.070826  -0.252595 -0.958691 0.130796  0.444587 0.521158
chess_set_pieces_black.001
0  0.049550 -0.237216 1.055460  -0.000070 -0.345361 0.938470  0.114261 0.313828
0  0.024084 -0.260354 1.054176  0.399758 -0.812716 0.423894  0.440025 0.502939
0  0.050885 -0.263643 1.028454  0.149004 -0.963010 0.224522  0.434316 0.498407
chess_set_pieces_black.001
0  0.020320 -0.241116 1.074011  0.689699 -0.154425 0.707438  0.506448 0.301879
0  0.024084 -0.260354 1.054176  0.399758 -0.812716 0.423894  0.117610 0.308081
0  0.049550 -0.237216 1.055460  -0.000070 -0.345361 0.938470  0.114261 0.313828
chess_set_pieces_black.001
0  0.078923 -0.253054 1.056012  0.029733 -0.836207 0.547607  0.439254 0.492067
0  0.102113 -0.246797 1.028481  0.363260 -0.931654 0.007923  0.433374 0.487958
0  0.126536 -0.235216 1.049741  0.459113 -0.888172 0.019137  0.436900 0.482241
chess_set_pieces_black.001
0  0.129634 -0.233823 1.132889  0.307327 -0.903447 0.298888  0.452881 0.479721
0  0.078835 -0.228979 1.150146  -0.776369 -0.312975 0.547081  0.778014 0.201330
0  0.074037 -0.230092 1.074597  -0.725015 -0.438081 0.531450  0.777589 0.186662
chess_set_pieces_black.001
0  -0.095511 -0.184264 1.058515  -0.032747 0.263455 0.964116  0.701400 0.995109
0  -0.106447 -0.156891 1.059403  -0.025940 -0.010064 0.999613  0.705204 0.990891
0  -0.136915 -0.158398 1.056765  0.112633 0.019733 0.993441  0.314696 0.262962
chess_set_pieces_black.001
0  -0.066364 -0.177248 1.059397  0.023312 0.078973 0.996604  0.696602 0.991893
0  -0.095511 -0.184264 1.058515  -0.032747 0.263455 0.964116  0.921579 0.275340
0  -0.074754 -0.200093 1.065990  0.167132 0.763615 0.623666  0.918744 0.270920
chess_set_pieces_black.001
0  -0.203086 -0.061860 1.056955  0.196971 0.095642 0.975733  0.729065 0.980171
0  -0.188610 -0.037546 1.059390  -0.010675 0.012821 0.999861  0.728041 0.974797
0  -0.212660 -0.018109 1.056547  0.116551 -0.014615 0.993077  0.073152 0.013788
chess_set_pieces_black.001
0  0.297808 -0.171771 0.090108  0.860198 -0.507675 0.048223  0.346698 0.596595
0  0.173195 -0.300150 0.049774  0.493409 -0.864308 -0.097563  0.379399 0.604473
0  0.297498 -0.171651 0.006545  0.690381 -0.385131 -0.612413  0.346504 0.612122
chess_set_pieces_black.001
0  -0.108118 0.259883 1.071741  -0.175900 0.978290 0.109577  0.445010 0.653608
0  -0.102769 0.257379 1.028497  -0.366279 0.928420 0.062259  0.436604 0.653822
0  -0.160490 0.228159 1.028455  -0.573536 0.819043 -0.015001  0.437459 0.641392
chess_set_pieces_black.001
0  -0.085417 0.201773 1.058533  0.330138 -0.554147 0.764153  0.939397 0.162574
0  -0.090794 0.207806 1.078651  0.665988 -0.594903 0.450055  0.939746 0.158225
0  -0.131554 0.182332 1.079988  0.564036 -0.808130 0.169675  0.949012 0.158203
chess_set_pieces_black.001
0  -0.050362 0.192417 1.059422  0.026042 -0.015031 0.999548  0.718382 0.923971
0  -0.021664 0.217087 1.056714  -0.035394 -0.323289 0.945638  0.114729 0.015781
0  -0.064002 0.221373 1.061153  0.187842 -0.008297 0.982164  0.933876 0.161562
chess_set_pieces_black.001
0  0.097692 0.260314 1.071549  0.550347 0.826365 0.119329  0.440103 0.694185
0  0.096171 0.264509 1.028456  0.377411 0.924275 0.057238  0.431906 0.692431
0  0.033246 0.279126 1.028447  0.138546 0.990006 0.026322  0.433672 0.680288
chess_set_pieces_black.001
0  0.078702 0.201949 1.061432  -0.000614 -0.430562 0.902561  0.326136 0.176903
0  0.079015 0.209702 1.077700  0.136429 -0.926778 0.349956  0.325932 0.180658
0  0.033815 0.220179 1.079331  -0.266615 -0.939870 0.213451  0.316921 0.180845
chess_set_pieces_black.001
0  0.158945 0.196593 1.074009  -0.378751 0.573378 0.726488  0.694552 0.008476
0  0.163156 0.193312 1.150308  -0.442210 0.648952 0.619121  0.508373 0.086516
0  0.217439 0.170574 1.132848  0.625191 0.663332 0.411250  0.446232 0.725393
chess_set_pieces_black.001
0  0.139225 0.212447 1.057345  0.173295 0.312255 0.934059  0.990723 0.010178
0  0.104494 0.207967 1.061347  0.237174 -0.230265 0.943783  0.986117 0.015229
0  0.122983 0.182064 1.057859  -0.018055 0.021106 0.999614  0.984061 0.009443
chess_set_pieces_black.001
0  0.214183 0.022649 1.060406  -0.135006 0.162592 0.977414  0.674770 0.278368
0  0.224109 0.049617 1.057960  0.055608 0.052196 0.997087  0.670107 0.281483
0  0.204526 0.068297 1.060259  -0.055880 -0.139569 0.988634  0.663999 0.929417
chess_set_pieces_black.001
0  0.197612 -0.113209 1.057762  -0.012370 -0.143370 0.989592  0.258957 0.318906
0  0.193582 -0.090413 1.060493  -0.177623 -0.041392 0.983228  0.655364 0.958827
0  0.168094 -0.094115 1.059386  -0.003190 -0.018148 0.999830  0.659724 0.961212
chess_set_pieces_black.001
0  -0.209577 0.093310 1.147102  0.651539 0.557868 0.514082  0.120031 0.076064
0  -0.261285 0.069985 1.151008  -0.547462 0.413650 0.727447  0.462512 0.604546
0  -0.225082 0.022625 1.147116  0.516307 -0.534439 0.669181  0.313530 0.209036
chess_set_pieces_black.001
0  -0.006043 -0.215281 1.078305  0.425043 0.836989 0.344655  0.915660 0.257480
0  -0.003617 -0.208171 1.058511  0.128453 0.407429 0.904158  0.683196 0.993306
0  -0.049993 -0.202400 1.059077  0.138150 0.428898 0.892727  0.919927 0.266070
chess_set_pieces_black.001
0  0.019052 -0.220017 1.061432  0.321266 0.203304 0.924908  0.109714 0.308671
0  0.049550 -0.237216 1.055460  -0.000070 -0.345361 0.938470  0.114261 0.313828
0  0.070865 -0.207303 1.064176  -0.437062 0.270267 0.857865  0.109213 0.319121
chess_set_pieces_black.001
0  -0.238588 -0.121696 1.028498  -0.874479 -0.480633 -0.065410  0.438468 0.565497
0  -0.208586 -0.166498 1.028498  -0.791507 -0.610810 -0.020661  0.438148 0.554886
0  -0.212242 -0.168869 1.070969  -0.766398 -0.635991 0.090277  0.446422 0.554771
chess_set_pieces_black.001
0  -0.252348 0.118199 1.072085  -0.711938 0.652359 0.259945  0.447073 0.613866
0  -0.261285 0.069985 1.151008  -0.547462 0.413650 0.727447  0.129131 0.082430
0  -0.209577 0.093310 1.147102  0.651539 0.557868 0.514082  0.313814 0.222950
chess_set_pieces_black.001
0  -0.287719 -0.165989 0.221516  -0.848979 -0.483938 0.212222  0.072157 0.568795
0  -0.160436 -0.277824 0.282979  -0.413864 -0.844698 0.339414  0.576837 0.597040
0  -0.203098 -0.117257 0.396693  -0.772266 -0.455246 0.443120  0.673998 0.069209
chess_set_pieces_black.001
0  -0.196632 0.112386 1.060854  0.409237 0.148682 0.900233  0.330704 0.226832
0  -0.197325 0.086864 1.058524  0.520488 0.062204 0.851600  0.737919 0.952866
0  -0.168007 0.100927 1.059411  -0.000920 0.023013 0.999735  0.733548 0.948368
chess_set_pieces_black.001
0  -0.212242 -0.168869 1.070969  -0.766398 -0.635991 0.090277  0.446422 0.554771
0  -0.176127 -0.197807 1.149010  0.231417 -0.729392 0.643766  0.774866 0.228192
0  -0.173785 -0.136373 1.147435  0.723338 -0.017562 0.690270  0.655391 0.306781
chess_set_pieces_black.001
0  -0.264241 0.079062 1.028441  -0.963524 0.260790 -0.060090  0.438714 0.605898
0  -0.274361 0.028363 1.071216  -0.992128 0.080144 0.096218  0.447104 0.595982
0  -0.261285 0.069985 1.151008  -0.547462 0.413650 0.727447  0.129131 0.082430
chess_set_pieces_black.001
0  -0.220376 0.020570 1.079726  0.961159 -0.217757 0.169575  0.326631 0.208625
0  -0.215196 0.016993 1.059039  0.389086 -0.098664 0.915902  0.736491 0.966695
0  -0.210801 0.051034 1.059822  0.546620 -0.374499 0.748971  0.330622 0.214660
chess_set_pieces_black.001
0  0.216784 -0.018358 1.081303  -0.975368 0.188636 0.114343  0.812145 0.352838
0  0.214214 -0.019072 1.062649  -0.708264 -0.149148 0.690012  0.656377 0.944553
0  0.206315 -0.056688 1.063263  -0.460188 0.067730 0.885234  0.808544 0.345264
chess_set_pieces_black.001
0  0.045801 -0.204380 1.057924  -0.017850 -0.004864 0.999829  0.107802 0.314347
0  0.054588 -0.115710 1.059332  -0.011973 0.003126 0.999923  0.678832 0.972699
0  0.001022 0.004601 1.059330  -0.000424 0.000265 1.000000  0.696551 0.954514
chess_set_pieces_black.001
0  -0.149831 -0.222719 1.012180  -0.526372 -0.848858 0.048698  0.434247 0.539195
0  -0.123764 -0.234791 1.028497  -0.487971 -0.872852 0.003670  0.437174 0.533452
0  -0.148244 -0.218451 1.052128  -0.466549 -0.606021 0.644260  0.442089 0.538981
chess_set_pieces_black.001
0  0.162528 0.151570 1.078129  -0.899835 -0.339876 0.273462  0.325208 0.249059
0  0.160710 0.145570 1.061382  -0.385501 -0.370852 0.844901  0.677050 0.918356
0  0.187181 0.107558 1.062024  -0.417314 -0.216687 0.882551  0.315406 0.251983
chess_set_pieces_black.001
0  0.254420 0.093418 1.072932  0.916309 -0.373852 0.143568  0.431803 0.739371
0  0.233558 0.146116 1.070721  0.865267 0.499484 0.042767  0.433538 0.728522
0  0.231894 0.142559 1.148495  0.580049 0.427504 0.693386  0.523907 0.092260
chess_set_pieces_black.001
0  0.078432 0.111147 1.059332  0.003077 -0.003803 0.999988  0.689657 0.930074
0  0.001022 0.004601 1.059330  -0.000424 0.000265 1.000000  0.696551 0.954514
0  0.115076 0.070450 1.059330  -0.008865 -0.011634 0.999893  0.680317 0.934994
chess_set_pieces_black.001
0  -0.203315 0.117375 0.396837  -0.778855 0.450993 0.435878  0.586912 0.521275
0  -0.323411 0.000013 0.284316  -0.937764 0.063445 0.341429  0.616119 0.544646
0  -0.203098 -0.117257 0.396693  -0.772266 -0.455246 0.443120  0.673998 0.069209
chess_set_pieces_black.001
0  0.130648 -0.164272 1.062101  -0.407645 0.736842 0.539341  0.875698 0.260986
0  0.098893 -0.083521 1.059330  -0.000616 0.010477 0.999945  0.672965 0.963920
0  0.001022 0.004601 1.059330  -0.000424 0.000265 1.000000  0.696551 0.954514
chess_set_pieces_black.001
0  0.178491 -0.120141 1.057803  0.024699 0.037737 0.998982  0.256688 0.315748
0  0.173203 -0.139210 1.063753  0.081812 0.428761 0.899706  0.257795 0.311981
0  0.203616 -0.139508 1.055355  0.263655 0.048382 0.963403  0.262839 0.315356
chess_set_pieces_black.001
0  -0.197325 0.086864 1.058524  0.520488 0.062204 0.851600  0.331452 0.221960
0  -0.205262 0.088911 1.078251  0.962281 -0.029195 0.270486  0.327154 0.222105
0  -0.214156 0.053878 1.080937  0.948155 -0.196510 0.249770  0.326475 0.215134
chess_set_pieces_black.001
0  0.223681 -0.129127 0.923453  0.700297 -0.462101 -0.544102  0.865292 0.730817
0  0.199917 -0.000010 0.863004  0.881150 -0.034839 -0.471552  0.765088 0.208905
0  0.223959 0.129305 0.923135  0.721162 0.411805 -0.557083  0.884405 0.779196
chess_set_pieces_black.001
0  -0.215196 0.016993 1.059039  0.389086 -0.098664 0.915902  0.736491 0.966695
0  -0.129955 0.018367 1.059330  -0.003711 -0.010943 0.999933  0.721160 0.960764
0  -0.189206 0.044839 1.059372  0.007078 -0.005365 0.999961  0.733647 0.959927
chess_set_pieces_black.001
0  0.122983 0.182064 1.057859  -0.018055 0.021106 0.999614  0.984061 0.009443
0  0.078702 0.201949 1.061432  -0.000614 -0.430562 0.902561  0.695683 0.913599
0  0.054588 0.124913 1.059331  0.007554 -0.007019 0.999947  0.694889 0.929173
chess_set_pieces_black.001
0  0.115076 0.070450 1.059330  -0.008865 -0.011634 0.999893  0.680317 0.934994
0  0.126275 0.045298 1.059330  -0.003394 -0.010533 0.999939  0.676614 0.938793
0  0.204526 0.068297 1.060259  -0.055880 -0.139569 0.988634  0.307288 0.253419
chess_set_pieces_black.001
0  0.131999 0.018368 1.059330  -0.007573 0.010124 0.999920  0.673782 0.943282
0  0.131999 -0.009165 1.059330  -0.017783 0.013538 0.999750  0.671945 0.948260
0  0.214214 -0.019072 1.062649  -0.708264 -0.149148 0.690012  0.808505 0.352616
chess_set_pieces_black.001
0  0.131999 -0.009165 1.059330  -0.017783 0.013538 0.999750  0.671945 0.948260
0  0.126275 -0.036095 1.059330  -0.016367 -0.000545 0.999866  0.671179 0.953514
0  0.206315 -0.056688 1.063263  -0.460188 0.067730 0.885234  0.808544 0.345264
chess_set_pieces_black.001
0  0.206315 -0.056688 1.063263  -0.460188 0.067730 0.885234  0.655269 0.951870
0  0.126275 -0.036095 1.059330  -0.016367 -0.000545 0.999866  0.671179 0.953514
0  0.175136 -0.081150 1.059384  -0.027819 -0.013479 0.999522  0.659323 0.958390
chess_set_pieces_black.001
0  -0.076389 0.111147 1.059331  0.001539 0.002709 0.999995  0.717662 0.940408
0  -0.052545 0.124913 1.059332  -0.000517 0.002178 0.999997  0.714270 0.936325
0  -0.085417 0.201773 1.058533  0.330138 -0.554147 0.764153  0.939397 0.162574
chess_set_pieces_black.001
0  0.000035 0.259692 0.921875  -0.026686 0.853458 -0.520478  0.936198 0.786237
0  -0.101186 0.175042 0.861644  -0.474398 0.749563 -0.461630  0.763051 0.135300
0  -0.223404 0.128961 0.923927  -0.763696 0.432892 -0.478928  0.967484 0.744571
chess_set_pieces_black.001
0  0.155153 -0.141780 1.061532  -0.157294 0.381597 0.910847  0.869330 0.260749
0  0.178491 -0.120141 1.057803  0.024699 0.037737 0.998982  0.656102 0.965231
0  0.160356 -0.106130 1.059386  0.027592 0.001265 0.999619  0.660327 0.963907
chess_set_pieces_black.001
0  -0.176151 0.304992 0.049423  -0.501343 0.854016 -0.138967  0.176082 0.602556
0  -0.000032 0.349203 0.092329  0.012614 0.998448 0.054239  0.210659 0.594122
0  0.176540 0.305695 0.049417  0.498272 0.854743 -0.145391  0.245241 0.602534
chess_set_pieces_black.001
0  0.299969 0.173181 0.090972  0.867956 0.494431 0.046813  0.279694 0.595134
0  0.350020 0.000025 0.049549  0.992577 -0.006517 -0.121441  0.313305 0.603597
0  0.299642 0.173000 0.005664  0.575378 0.327046 -0.749654  0.279425 0.611371
chess_set_pieces_black.001
0  0.001022 -0.127095 1.059332  0.003482 -0.005718 0.999978  0.687763 0.978331
0  -0.026360 -0.124218 1.059330  0.002442 -0.002336 0.999994  0.692907 0.979637
0  -0.049993 -0.202400 1.059077  0.138150 0.428898 0.892727  0.919927 0.266070
chess_set_pieces_black.001
0  -0.166645 -0.131230 1.060172  0.357386 0.546242 0.757559  0.672387 0.306617
0  -0.136915 -0.158398 1.056765  0.112633 0.019733 0.993441  0.710617 0.993232
0  -0.123499 -0.144182 1.059393  -0.006634 -0.026050 0.999639  0.709135 0.989735
chess_set_pieces_black.001
0  -0.096849 -0.083521 1.059330  0.003342 -0.002207 0.999992  0.708370 0.976983
0  -0.113032 -0.061247 1.059330  -0.003917 0.012288 0.999917  0.712785 0.974037
0  -0.188865 -0.099235 1.060369  0.359090 0.255395 0.897679  0.672423 0.314067
chess_set_pieces_black.001
0  -0.113032 -0.061247 1.059330  -0.003917 0.012288 0.999917  0.712785 0.974037
0  -0.124231 -0.036095 1.059330  -0.006737 0.006921 0.999953  0.716491 0.970234
0  -0.203086 -0.061860 1.056955  0.196971 0.095642 0.975733  0.674222 0.321543
chess_set_pieces_black.001
0  -0.129955 -0.009165 1.059330  -0.006397 -0.005700 0.999963  0.719323 0.965745
0  -0.129955 0.018367 1.059330  -0.003711 -0.010943 0.999933  0.721160 0.960764
0  -0.215196 0.016993 1.059039  0.389086 -0.098664 0.915902  0.330824 0.208084
chess_set_pieces_black.001
0  0.162216 0.280964 0.000000  0.250235 0.437442 -0.863729  0.774132 0.689656
0  -0.000029 0.347550 0.004279  -0.145366 0.731648 -0.666003  0.210664 0.611056
0  0.176540 0.305695 0.049417  0.498272 0.854743 -0.145391  0.245241 0.602534
chess_set_pieces_black.001
0  -0.172627 -0.299364 0.049860  -0.494274 -0.864442 -0.091832  0.038261 0.603996
0  -0.000162 -0.341653 0.089494  -0.008763 -0.998830 0.047555  0.411933 0.597322
0  -0.164061 -0.284320 0.141226  -0.495130 -0.859950 0.123827  0.038218 0.585902
chess_set_pieces_black.001
0  -0.297561 -0.171578 0.089829  -0.845420 -0.530827 0.059066  0.072589 0.596172
0  -0.351873 -0.000000 0.049439  -0.993121 -0.004812 -0.116995  0.107296 0.603749
0  -0.296248 -0.170842 0.006880  -0.671052 -0.394795 -0.627555  0.072645 0.612309
chess_set_pieces_black.001
0  -0.351873 -0.000000 0.049439  -0.993121 -0.004812 -0.116995  0.107296 0.603749
0  -0.297561 -0.171578 0.089829  -0.845420 -0.530827 0.059066  0.072589 0.596172
0  -0.330372 0.000008 0.141153  -0.991995 -0.007384 0.126060  0.107029 0.585070
chess_set_pieces_black.001
0  -0.298673 0.172387 0.090438  -0.868210 0.489562 0.080875  0.141499 0.595003
0  -0.176151 0.304992 0.049423  -0.501343 0.854016 -0.138967  0.176082 0.602556
0  -0.298239 0.172162 0.006398  -0.705822 0.419646 -0.570711  0.141816 0.611427
chess_set_pieces_black.001
0  -0.176151 0.304992 0.049423  -0.501343 0.854016 -0.138967  0.176082 0.602556
0  -0.298673 0.172387 0.090438  -0.868210 0.489562 0.080875  0.141499 0.595003
0  -0.167507 0.289968 0.141755  -0.509571 0.851207 0.125636  0.175839 0.584263
chess_set_pieces_black.001
0  -0.000162 -0.341653 0.089494  -0.008763 -0.998830 0.047555  0.004277 0.595994
0  -0.172627 -0.299364 0.049860  -0.494274 -0.864442 -0.091832  0.038261 0.603996
0  -0.000135 -0.341027 0.007269  -0.005627 -0.786890 -0.617067  0.411801 0.612737
chess_set_pieces_black.001
0  0.000000 0.000000 0.000000  -0.000490 -0.001920 -0.999998  0.823759 0.651584
0  -0.162167 -0.280884 0.000110  -0.314668 -0.460129 -0.830220  0.873349 0.613528
0  -0.296248 -0.170842 0.006880  -0.671052 -0.394795 -0.627555  0.072645 0.612309
chess_set_pieces_black.001
0  0.000000 0.000000 0.000000  -0.000490 -0.001920 -0.999998  0.823759 0.651584
0  -0.324433 -0.000000 0.000000  -0.516233 -0.000463 -0.856448  0.881545 0.675523
0  -0.298239 0.172162 0.006398  -0.705822 0.419646 -0.570711  0.141816 0.611427
chess_set_pieces_black.001
0  0.000000 0.000000 0.000000  -0.000490 -0.001920 -0.999998  0.823759 0.651584
0  0.162216 0.280964 0.000000  0.250235 0.437442 -0.863729  0.774132 0.689656
0  0.299642 0.173000 0.005664  0.575378 0.327046 -0.749654  0.279425 0.611371
chess_set_pieces_black.001
0  0.000000 0.000000 0.000000  -0.000490 -0.001920 -0.999998  0.823759 0.651584
0  0.324433 0.000000 0.000000  0.527220 -0.001168 -0.849728  0.765975 0.627640
0  0.297498 -0.171651 0.006545  0.690381 -0.385131 -0.612413  0.346504 0.612122
chess_set_pieces_black.001
0  0.350020 0.000025 0.049549  0.992577 -0.006517 -0.121441  0.313305 0.603597
0  0.299969 0.173181 0.090972  0.867956 0.494431 0.046813  0.279694 0.595134
0  0.332289 -0.000001 0.141561  0.993157 -0.005046 0.116675  0.313685 0.585789
chess_set_pieces_black.001
0  0.000000 0.000000 0.000000  -0.000490 -0.001920 -0.999998  0.823759 0.651584
0  0.162206 -0.280948 0.000044  0.261397 -0.453634 -0.851990  0.815613 0.589584
0  -0.000135 -0.341027 0.007269  -0.005627 -0.786890 -0.617067  0.004158 0.612231
chess_set_pieces_black.001
0  -0.000029 0.347550 0.004279  -0.145366 0.731648 -0.666003  0.210664 0.611056
0  0.162216 0.280964 0.000000  0.250235 0.437442 -0.863729  0.774132 0.689656
0  0.000000 0.000000 0.000000  -0.000490 -0.001920 -0.999998  0.823759 0.651584
chess_set_pieces_black.001
0  -0.296248 -0.170842 0.006880  -0.671052 -0.394795 -0.627555  0.072645 0.612309
0  -0.162167 -0.280884 0.000110  -0.314668 -0.460129 -0.830220  0.873349 0.613528
0  -0.000135 -0.341027 0.007269  -0.005627 -0.786890 -0.617067  0.411801 0.612737
chess_set_pieces_black.001
0  0.176540 0.305695 0.049417  0.498272 0.854743 -0.145391  0.245241 0.602534
0  -0.000032 0.349203 0.092329  0.012614 0.998448 0.054239  0.210659 0.594122
0  0.168010 0.290852 0.142287  0.509121 0.851578 0.124943  0.245497 0.584154
chess_set_pieces_black.001
0  -0.324433 -0.000000 0.000000  -0.516233 -0.000463 -0.856448  0.881545 0.675523
0  -0.296248 -0.170842 0.006880  -0.671052 -0.394795 -0.627555  0.072645 0.612309
0  -0.351873 -0.000000 0.049439  -0.993121 -0.004812 -0.116995  0.107296 0.603749
chess_set_pieces_black.001
0  -0.162216 0.280964 0.000000  -0.257570 0.432757 -0.863933  0.831919 0.713598
0  -0.298239 0.172162 0.006398  -0.705822 0.419646 -0.570711  0.141816 0.611427
0  -0.176151 0.304992 0.049423  -0.501343 0.854016 -0.138967  0.176082 0.602556
chess_set_pieces_black.001
0  0.160973 -0.278808 0.283542  0.477465 -0.793148 0.378077  0.511248 0.588688
0  0.288974 -0.166809 0.221307  0.852533 -0.480296 0.206162  0.347326 0.570551
0  0.321999 0.000018 0.283558  0.956676 0.027633 0.289842  0.485667 0.527756
chess_set_pieces_black.001
0  0.168010 0.290852 0.142287  0.509121 0.851578 0.124943  0.245497 0.584154
0  -0.000047 0.338842 0.220231  -0.033445 0.970896 0.237154  0.210625 0.567455
0  0.161965 0.280478 0.284534  0.479387 0.789317 0.383623  0.525785 0.475545
chess_set_pieces_black.001
0  -0.000047 0.338842 0.220231  -0.033445 0.970896 0.237154  0.210625 0.567455
0  -0.167507 0.289968 0.141755  -0.509571 0.851207 0.125636  0.175839 0.584263
0  -0.288775 0.166727 0.221380  -0.862358 0.450422 0.231211  0.141229 0.568336
chess_set_pieces_black.001
0  -0.000006 0.237281 0.398248  -0.008629 0.898867 0.438137  0.669137 0.154330
0  0.161965 0.280478 0.284534  0.479387 0.789317 0.383623  0.525785 0.475545
0  -0.000047 0.338842 0.220231  -0.033445 0.970896 0.237154  0.210625 0.567455
chess_set_pieces_black.001
0  0.332289 -0.000001 0.141561  0.993157 -0.005046 0.116675  0.313685 0.585789
0  0.291224 0.168260 0.220712  0.854228 0.471853 0.218288  0.280346 0.568816
0  0.321999 0.000018 0.283558  0.956676 0.027633 0.289842  0.485667 0.527756
chess_set_pieces_black.001
0  -0.000032 0.349203 0.092329  0.012614 0.998448 0.054239  0.210659 0.594122
0  -0.167507 0.289968 0.141755  -0.509571 0.851207 0.125636  0.175839 0.584263
0  -0.000047 0.338842 0.220231  -0.033445 0.970896 0.237154  0.210625 0.567455
chess_set_pieces_black.001
0  -0.093549 0.162004 0.563847  -0.498567 0.844759 0.194459  0.702927 0.133654
0  0.000047 0.184473 0.761177  -0.011246 0.992154 -0.124514  0.743210 0.153819
0  0.094499 0.163589 0.564047  0.495564 0.846297 0.195441  0.703033 0.174146
chess_set_pieces_black.001
0  0.091574 -0.158550 0.563387  0.481550 -0.852929 0.201547  0.711134 0.251528
0  0.204145 -0.117908 0.397361  0.773141 -0.453489 0.443397  0.514864 0.551639
0  0.184841 0.000019 0.563592  0.979924 -0.013087 0.198943  0.705700 0.213778
chess_set_pieces_black.001
0  -0.186542 -0.000007 0.563788  -0.979561 -0.008983 0.200945  0.705136 0.093885
0  -0.203098 -0.117257 0.396693  -0.772266 -0.455246 0.443120  0.582434 0.560243
0  -0.091155 -0.157887 0.563292  -0.483373 -0.851970 0.201241  0.710529 0.055849
chess_set_pieces_black.001
0  0.000047 0.184473 0.761177  -0.011246 0.992154 -0.124514  0.743210 0.153819
0  0.101565 0.175840 0.861110  0.464851 0.753513 -0.464899  0.911560 0.773904
0  0.157549 0.090945 0.761356  0.863790 0.487844 -0.125997  0.744232 0.191806
chess_set_pieces_black.001
0  -0.091155 -0.157887 0.563292  -0.483373 -0.851970 0.201241  0.710529 0.055849
0  -0.000027 -0.175933 0.761765  -0.010218 -0.990313 -0.138475  0.749610 0.263280
0  -0.098959 -0.171384 0.864325  -0.432014 -0.785565 -0.443002  0.921144 0.703052
chess_set_pieces_black.001
0  -0.000027 -0.175933 0.761765  -0.010218 -0.990313 -0.138475  0.749392 0.044034
0  0.091574 -0.158550 0.563387  0.481550 -0.852929 0.201547  0.711134 0.251528
0  0.155171 -0.089532 0.761540  0.855491 -0.499788 -0.135452  0.746952 0.228708
chess_set_pieces_black.001
0  -0.156138 0.090146 0.761465  -0.870536 0.476248 -0.123917  0.744132 0.115820
0  -0.186542 -0.000007 0.563788  -0.979561 -0.008983 0.200945  0.705136 0.093885
0  -0.153843 -0.088654 0.761638  -0.849593 -0.510855 -0.131222  0.746790 0.078693
chess_set_pieces_black.001
0  -0.330372 0.000008 0.141153  -0.991995 -0.007384 0.126060  0.107029 0.585070
0  -0.297561 -0.171578 0.089829  -0.845420 -0.530827 0.059066  0.072589 0.596172
0  -0.164061 -0.284320 0.141226  -0.495130 -0.859950 0.123827  0.038218 0.585902
chess_set_pieces_black.001
0  -0.223404 0.128961 0.923927  -0.763696 0.432892 -0.478928  0.967484 0.744571
0  -0.198477 0.000102 0.863871  -0.902330 -0.034560 -0.429658  0.764979 0.098596
0  -0.222866 -0.128582 0.924268  -0.781033 -0.456376 -0.426272  0.947623 0.697156
chess_set_pieces_black.001
0  0.000035 0.259692 0.921875  -0.026686 0.853458 -0.520478  0.936198 0.786237
0  0.136554 0.236301 0.946020  0.480536 0.787055 -0.386820  0.414914 0.698986
0  0.223959 0.129305 0.923135  0.721162 0.411805 -0.557083  0.884405 0.779196
chess_set_pieces_black.001
0  -0.222866 -0.128582 0.924268  -0.781033 -0.456376 -0.426272  0.947623 0.697156
0  -0.098959 -0.171384 0.864325  -0.432014 -0.785565 -0.443002  0.768111 0.062055
0  0.000081 -0.256674 0.924772  0.081290 -0.873258 -0.480430  0.896900 0.690511
chess_set_pieces_black.001
0  -0.233684 0.141164 1.055129  -0.579505 0.657991 0.480855  0.771252 0.176654
0  -0.219673 0.118889 1.074166  0.032237 0.570088 0.820951  0.775873 0.172313
0  -0.196632 0.112386 1.060854  0.409237 0.148682 0.900233  0.930296 0.215524
chess_set_pieces_black.001
0  0.078923 -0.253054 1.056012  0.029733 -0.836207 0.547607  0.782150 0.183003
0  0.074037 -0.230092 1.074597  -0.725015 -0.438081 0.531450  0.777589 0.186662
0  0.070865 -0.207303 1.064176  -0.437062 0.270267 0.857865  0.109213 0.319121
chess_set_pieces_black.001
0  0.233036 -0.134497 0.946439  0.832696 -0.475447 -0.283844  0.413547 0.456118
0  0.263112 -0.070482 0.964552  0.929464 -0.252404 -0.269051  0.415111 0.442120
0  0.234766 -0.135485 0.979141  0.864039 -0.501512 -0.043848  0.419822 0.455270
chess_set_pieces_black.001
0  -0.071011 0.265084 0.964445  -0.264737 0.933357 -0.242401  0.423727 0.658882
0  0.000132 0.276368 0.978912  -0.009694 0.995242 -0.096953  0.425018 0.672867
0  0.071050 0.265605 0.964403  0.258354 0.933683 -0.247968  0.420479 0.686082
chess_set_pieces_black.001
0  -0.231619 -0.133559 0.946577  -0.835809 -0.474652 -0.275913  0.422527 0.563222
0  -0.190247 -0.190010 0.964708  -0.674485 -0.691421 -0.258858  0.425595 0.549633
0  -0.233290 -0.134515 0.979222  -0.867632 -0.496916 -0.016984  0.428842 0.563071
chess_set_pieces_black.001
0  0.136554 0.236301 0.946020  0.480536 0.787055 -0.386820  0.414914 0.698986
0  0.071050 0.265605 0.964403  0.258354 0.933683 -0.247968  0.420479 0.686082
0  0.137731 0.238301 0.978951  0.538692 0.837570 -0.091036  0.421093 0.700018
chess_set_pieces_black.001
0  0.133468 -0.231253 0.946566  0.464614 -0.804022 -0.371057  0.416865 0.482956
0  0.191215 -0.191190 0.964651  0.672121 -0.693506 -0.259428  0.418784 0.469119
0  0.134338 -0.232763 0.979247  0.472922 -0.880647 -0.028398  0.423138 0.482257
chess_set_pieces_black.001
0  -0.268360 0.000069 0.946459  -0.905108 0.012393 -0.425000  0.422650 0.590459
0  -0.261197 -0.070045 0.964651  -0.926496 -0.268250 -0.263908  0.426267 0.576671
0  -0.273636 -0.000089 0.979026  -0.998987 -0.019232 -0.040673  0.429149 0.590445
chess_set_pieces_black.001
0  0.235318 0.135890 0.946228  0.825445 0.455458 -0.333466  0.409920 0.725478
0  0.194523 0.194343 0.964431  0.688190 0.675150 -0.265643  0.416019 0.712947
0  0.237077 0.136874 0.979013  0.883047 0.462116 -0.081711  0.416023 0.726784
chess_set_pieces_black.001
0  0.000127 -0.266368 0.946645  -0.021828 -0.963884 -0.265426  0.419535 0.509607
0  0.069331 -0.257728 0.964832  0.246877 -0.943162 -0.222481  0.421776 0.495882
0  0.000096 -0.268103 0.979263  -0.017351 -0.999579 -0.023239  0.425821 0.509058
chess_set_pieces_black.001
0  -0.233915 0.135050 0.946350  -0.828721 0.465834 -0.310194  0.422563 0.617933
0  -0.263851 0.070619 0.964512  -0.947806 0.249361 -0.198705  0.426162 0.604245
0  -0.235489 0.135960 0.979101  -0.859802 0.506624 -0.063814  0.428878 0.618043
chess_set_pieces_black.001
0  -0.069058 -0.257306 0.964863  -0.254581 -0.939678 -0.228460  0.424110 0.522758
0  -0.133705 -0.231695 0.979299  -0.477512 -0.877698 -0.040354  0.427729 0.535983
0  -0.190247 -0.190010 0.964708  -0.674485 -0.691421 -0.258858  0.425595 0.549633
chess_set_pieces_black.001
0  0.269806 -0.000004 0.946375  0.922549 -0.015198 -0.385580  0.409428 0.429219
0  0.262057 0.070251 0.964611  0.942657 0.239785 -0.232164  0.410408 0.415046
0  0.271745 0.000008 0.979108  0.997939 -0.039758 -0.050365  0.415693 0.428121
chess_set_pieces_black.001
0  -0.193196 0.193106 0.964514  -0.693665 0.673527 -0.255326  0.425668 0.631644
0  -0.137102 0.237333 0.979001  -0.520212 0.848004 -0.101333  0.427640 0.645455
0  -0.071011 0.265084 0.964445  -0.264737 0.933357 -0.242401  0.423727 0.658882
chess_set_pieces_black.001
0  -0.123764 -0.234791 1.028497  -0.487971 -0.872852 0.003670  0.437174 0.533452
0  -0.133705 -0.231695 0.979299  -0.477512 -0.877698 -0.040354  0.427729 0.535983
0  -0.069203 -0.257960 0.979318  -0.259184 -0.965522 -0.024315  0.426899 0.522558
chess_set_pieces_black.001
0  -0.069154 -0.259406 1.028445  -0.242861 -0.969328 -0.037701  0.436390 0.521808
0  -0.069203 -0.257960 0.979318  -0.259184 -0.965522 -0.024315  0.426899 0.522558
0  0.000096 -0.268103 0.979263  -0.017351 -0.999579 -0.023239  0.425821 0.509058
chess_set_pieces_black.001
0  0.050885 -0.263643 1.028454  0.149004 -0.963010 0.224522  0.434316 0.498407
0  -0.008005 -0.265352 1.028478  -0.014948 -0.999665 -0.021109  0.435494 0.509840
0  0.000096 -0.268103 0.979263  -0.017351 -0.999579 -0.023239  0.425821 0.509058
chess_set_pieces_black.001
0  0.050885 -0.263643 1.028454  0.149004 -0.963010 0.224522  0.434316 0.498407
0  0.069452 -0.258395 0.979302  0.242615 -0.969571 -0.032714  0.424557 0.495620
0  0.101898 -0.246421 1.012237  0.370528 -0.928809 0.004880  0.430231 0.488320
chess_set_pieces_black.001
0  0.271745 0.000008 0.979108  0.997939 -0.039758 -0.050365  0.415693 0.428121
0  0.274437 0.034341 1.012152  0.999349 0.028752 -0.021782  0.420941 0.420498
0  0.271046 0.033848 1.028502  0.990016 0.113002 0.084256  0.424150 0.420024
chess_set_pieces_black.001
0  0.234883 0.150189 1.028451  0.844166 0.535711 -0.019914  0.425716 0.726358
0  0.262804 0.090752 1.028461  0.947347 0.304997 0.097526  0.423133 0.738551
0  0.262581 0.090697 1.012163  0.929814 0.359289 -0.079730  0.420129 0.737879
chess_set_pieces_black.001
0  0.137731 0.238301 0.978951  0.538692 0.837570 -0.091036  0.421093 0.700018
0  0.096180 0.264160 1.012163  0.376194 0.915265 -0.144114  0.428858 0.691983
0  0.096171 0.264509 1.028456  0.377411 0.924275 0.057238  0.431906 0.692431
chess_set_pieces_black.001
0  -0.243821 0.124771 1.028524  -0.871038 0.485902 -0.072064  0.438592 0.615599
0  -0.235489 0.135960 0.979101  -0.859802 0.506624 -0.063814  0.428878 0.618043
0  -0.260834 0.069962 0.979184  -0.966666 0.239133 0.091504  0.429079 0.604306
chess_set_pieces_black.001
0  -0.243821 0.124771 1.028524  -0.871038 0.485902 -0.072064  0.438592 0.615599
0  -0.212137 0.179167 1.028459  -0.801167 0.595925 0.054817  0.438145 0.627755
0  -0.211982 0.179046 1.012179  -0.817112 0.572519 -0.067446  0.435027 0.627631
chess_set_pieces_black.001
0  -0.000006 0.237281 0.398248  -0.008629 0.898867 0.438137  0.555798 0.497070
0  -0.160367 0.277859 0.282882  -0.515545 0.780580 0.353423  0.590522 0.484012
0  -0.203315 0.117375 0.396837  -0.778855 0.450993 0.435878  0.669904 0.111869
chess_set_pieces_black.001
0  -0.238588 -0.121696 1.028498  -0.874479 -0.480633 -0.065410  0.438468 0.565497
0  -0.258782 -0.072897 1.028498  -0.959448 -0.281638 -0.011803  0.438686 0.575846
0  -0.261843 -0.070190 0.979138  -0.954447 -0.297463 -0.023395  0.429073 0.576645
chess_set_pieces_black.001
0  -0.233290 -0.134515 0.979222  -0.867632 -0.496916 -0.016984  0.428842 0.563071
0  -0.211336 -0.168566 1.012159  -0.779482 -0.625436 0.035193  0.434944 0.555073
0  -0.208586 -0.166498 1.028498  -0.791507 -0.610810 -0.020661  0.438148 0.554886
chess_set_pieces_black.001
0  0.149792 -0.224596 1.028445  0.520033 -0.851741 0.064053  0.432186 0.477821
0  0.102113 -0.246797 1.028481  0.363260 -0.931654 0.007923  0.433374 0.487958
0  0.101898 -0.246421 1.012237  0.370528 -0.928809 0.004880  0.430231 0.488320
chess_set_pieces_black.001
0  0.262422 -0.066292 1.028496  0.970149 -0.242302 -0.010048  0.427238 0.439588
0  0.244468 -0.115052 1.028488  0.899140 -0.432016 0.070072  0.428683 0.449626
0  0.244210 -0.114898 1.012240  0.924396 -0.381431 -0.001808  0.425558 0.450038
chess_set_pieces_black.001
0  0.263779 -0.070643 0.979050  0.964340 -0.263700 -0.022588  0.417874 0.441695
0  0.271745 0.000008 0.979108  0.997939 -0.039758 -0.050365  0.415693 0.428121
0  0.272107 -0.014380 1.028490  0.994583 -0.103765 -0.006054  0.425624 0.429376
chess_set_pieces_black.001
0  0.237077 0.136874 0.979013  0.883047 0.462116 -0.081711  0.416023 0.726784
0  0.195015 0.194768 0.978947  0.711390 0.696871 -0.091077  0.418718 0.713469
0  0.195260 0.196714 1.028486  0.700412 0.713442 -0.020589  0.428022 0.714999
chess_set_pieces_black.001
0  0.195015 0.194768 0.978947  0.711390 0.696871 -0.091077  0.418718 0.713469
0  0.137731 0.238301 0.978951  0.538692 0.837570 -0.091036  0.421093 0.700018
0  0.151191 0.235821 1.028461  0.571643 0.802884 0.169119  0.429990 0.704001
chess_set_pieces_black.001
0  0.155171 -0.089532 0.761540  0.855491 -0.499788 -0.135452  0.746952 0.228708
0  0.199917 -0.000010 0.863004  0.881150 -0.034839 -0.471552  0.883580 0.751586
0  0.223681 -0.129127 0.923453  0.700297 -0.462101 -0.544102  0.865292 0.730817
chess_set_pieces_black.001
0  -0.153843 -0.088654 0.761638  -0.849593 -0.510855 -0.131222  0.746790 0.078693
0  -0.098959 -0.171384 0.864325  -0.432014 -0.785565 -0.443002  0.921144 0.703052
0  -0.222866 -0.128582 0.924268  -0.781033 -0.456376 -0.426272  0.947623 0.697156
chess_set_pieces_black.001
0  0.184841 0.000019 0.563592  0.979924 -0.013087 0.198943  0.705700 0.213778
0  0.157549 0.090945 0.761356  0.863790 0.487844 -0.125997  0.744232 0.191806
0  0.199917 -0.000010 0.863004  0.881150 -0.034839 -0.471552  0.883580 0.751586
chess_set_pieces_black.001
0  0.000023 -0.233049 0.395908  -0.003998 -0.896634 0.442755  0.546430 0.575168
0  0.160973 -0.278808 0.283542  0.477465 -0.793148 0.378077  0.511248 0.588688
0  0.204145 -0.117908 0.397361  0.773141 -0.453489 0.443397  0.675072 0.238031
chess_set_pieces_black.001
0  -0.203098 -0.117257 0.396693  -0.772266 -0.455246 0.443120  0.582434 0.560243
0  -0.160436 -0.277824 0.282979  -0.413864 -0.844698 0.339414  0.576837 0.597040
0  0.000023 -0.233049 0.395908  -0.003998 -0.896634 0.442755  0.685971 0.279719
chess_set_pieces_black.001
0  0.161965 0.280478 0.284534  0.479387 0.789317 0.383623  0.525785 0.475545
0  -0.000006 0.237281 0.398248  -0.008629 0.898867 0.438137  0.669137 0.154330
0  0.094499 0.163589 0.564047  0.495564 0.846297 0.195441  0.703033 0.174146
chess_set_pieces_black.001
0  -0.101186 0.175042 0.861644  -0.474398 0.749563 -0.461630  0.763051 0.135300
0  -0.156138 0.090146 0.761465  -0.870536 0.476248 -0.123917  0.744132 0.115820
0  -0.198477 0.000102 0.863871  -0.902330 -0.034560 -0.429658  0.948820 0.724320
chess_set_pieces_black.001
0  -0.098959 -0.171384 0.864325  -0.432014 -0.785565 -0.443002  0.768111 0.062055
0  -0.000027 -0.175933 0.761765  -0.010218 -0.990313 -0.138475  0.749610 0.263280
0  0.099279 -0.172018 0.863841  0.421927 -0.786938 -0.450229  0.888466 0.716300
chess_set_pieces_black.001
0  0.199917 -0.000010 0.863004  0.881150 -0.034839 -0.471552  0.765088 0.208905
0  0.157549 0.090945 0.761356  0.863790 0.487844 -0.125997  0.744232 0.191806
0  0.101565 0.175840 0.861110  0.464851 0.753513 -0.464899  0.911560 0.773904
chess_set_pieces_black.001
0  0.204145 -0.117908 0.397361  0.773141 -0.453489 0.443397  0.514864 0.551639
0  0.321999 0.000018 0.283558  0.956676 0.027633 0.289842  0.485667 0.527756
0  0.204885 0.118210 0.397818  0.782601 0.442246 0.438126  0.670891 0.196230
chess_set_pieces_black.001
0  0.000047 0.184473 0.761177  -0.011246 0.992154 -0.124514  0.743210 0.153819
0  -0.093549 0.162004 0.563847  -0.498567 0.844759 0.194459  0.702927 0.133654
0  -0.156138 0.090146 0.761465  -0.870536 0.476248 -0.123917  0.744132 0.115820
chess_set_pieces_black.001
0  0.164413 -0.284861 0.141199  0.491576 -0.862247 0.122000  0.379680 0.587239
0  0.297808 -0.171771 0.090108  0.860198 -0.507675 0.048223  0.346698 0.596595
0  0.332289 -0.000001 0.141561  0.993157 -0.005046 0.116675  0.313685 0.585789
chess_set_pieces_black.001
0  -0.000162 -0.341653 0.089494  -0.008763 -0.998830 0.047555  0.411933 0.597322
0  0.164413 -0.284861 0.141199  0.491576 -0.862247 0.122000  0.379680 0.587239
0  0.000136 -0.330836 0.221625  0.009524 -0.963690 0.266854  0.004805 0.569875
chess_set_pieces_black.001
0  0.299969 0.173181 0.090972  0.867956 0.494431 0.046813  0.279694 0.595134
0  0.168010 0.290852 0.142287  0.509121 0.851578 0.124943  0.245497 0.584154
0  0.291224 0.168260 0.220712  0.854228 0.471853 0.218288  0.280346 0.568816
chess_set_pieces_black.001
0  -0.298673 0.172387 0.090438  -0.868210 0.489562 0.080875  0.141499 0.595003
0  -0.330372 0.000008 0.141153  -0.991995 -0.007384 0.126060  0.107029 0.585070
0  -0.288775 0.166727 0.221380  -0.862358 0.450422 0.231211  0.141229 0.568336
chess_set_pieces_black.001
0  0.000023 -0.233049 0.395908  -0.003998 -0.896634 0.442755  0.546430 0.575168
0  0.091574 -0.158550 0.563387  0.481550 -0.852929 0.201547  0.711134 0.251528
0  -0.000027 -0.175933 0.761765  -0.010218 -0.990313 -0.138475  0.749392 0.044034
chess_set_pieces_black.001
0  -0.203315 0.117375 0.396837  -0.778855 0.450993 0.435878  0.586912 0.521275
0  -0.186542 -0.000007 0.563788  -0.979561 -0.008983 0.200945  0.705136 0.093885
0  -0.156138 0.090146 0.761465  -0.870536 0.476248 -0.123917  0.744132 0.115820
chess_set_pieces_black.001
0  0.204885 0.118210 0.397818  0.782601 0.442246 0.438126  0.519812 0.512269
0  0.094499 0.163589 0.564047  0.495564 0.846297 0.195441  0.703033 0.174146
0  0.157549 0.090945 0.761356  0.863790 0.487844 -0.125997  0.744232 0.191806
chess_set_pieces_black.001
0  -0.160367 0.277859 0.282882  -0.515545 0.780580 0.353423  0.590522 0.484012
0  -0.288775 0.166727 0.221380  -0.862358 0.450422 0.231211  0.141229 0.568336
0  -0.323411 0.000013 0.284316  -0.937764 0.063445 0.341429  0.616119 0.544646
chess_set_pieces_black.001
0  -0.330372 0.000008 0.141153  -0.991995 -0.007384 0.126060  0.107029 0.585070
0  -0.287719 -0.165989 0.221516  -0.848979 -0.483938 0.212222  0.072157 0.568795
0  -0.323411 0.000013 0.284316  -0.937764 0.063445 0.341429  0.616119 0.544646
chess_set_pieces_black.001
0  0.164413 -0.284861 0.141199  0.491576 -0.862247 0.122000  0.379680 0.587239
0  0.288974 -0.166809 0.221307  0.852533 -0.480296 0.206162  0.347326 0.570551
0  0.160973 -0.278808 0.283542  0.477465 -0.793148 0.378077  0.511248 0.588688
chess_set_pieces_black.001
0  -0.173785 -0.136373 1.147435  0.723338 -0.017562 0.690270  0.655391 0.306781
0  -0.192348 -0.100602 1.081369  0.806850 0.553431 0.206657  0.668306 0.314306
0  -0.214178 -0.067996 1.148261  0.091078 0.829576 0.550917  0.776890 0.150373
chess_set_pieces_black.001
0  -0.160436 -0.277824 0.282979  -0.413864 -0.844698 0.339414  0.576837 0.597040
0  0.000136 -0.330836 0.221625  0.009524 -0.963690 0.266854  0.411738 0.572238
0  0.160973 -0.278808 0.283542  0.477465 -0.793148 0.378077  0.511248 0.588688
chess_set_pieces_black.001
0  0.321999 0.000018 0.283558  0.956676 0.027633 0.289842  0.485667 0.527756
0  0.291224 0.168260 0.220712  0.854228 0.471853 0.218288  0.280346 0.568816
0  0.161965 0.280478 0.284534  0.479387 0.789317 0.383623  0.525785 0.475545
chess_set_pieces_black.001
0  0.173195 -0.300150 0.049774  0.493409 -0.864308 -0.097563  0.379399 0.604473
0  0.297808 -0.171771 0.090108  0.860198 -0.507675 0.048223  0.346698 0.596595
0  0.164413 -0.284861 0.141199  0.491576 -0.862247 0.122000  0.379680 0.587239
chess_set_pieces_black.001
0  0.162206 -0.280948 0.000044  0.261397 -0.453634 -0.851990  0.815613 0.589584
0  0.297498 -0.171651 0.006545  0.690381 -0.385131 -0.612413  0.346504 0.612122
0  0.173195 -0.300150 0.049774  0.493409 -0.864308 -0.097563  0.379399 0.604473
chess_set_pieces_black.001
0  0.099279 -0.172018 0.863841  0.421927 -0.786938 -0.450229  0.768042 0.245297
0  0.223681 -0.129127 0.923453  0.700297 -0.462101 -0.544102  0.865292 0.730817
0  0.133468 -0.231253 0.946566  0.464614 -0.804022 -0.371057  0.416865 0.482956
chess_set_pieces_black.001
0  0.198044 0.154240 1.153713  -0.169987 0.097043 0.980656  0.518364 0.087888
0  0.163156 0.193312 1.150308  -0.442210 0.648952 0.619121  0.679701 0.008781
0  0.162528 0.151570 1.078129  -0.899835 -0.339876 0.273462  0.325208 0.249059
chess_set_pieces_black.001
0  0.126200 -0.177541 1.150036  -0.336310 0.591042 0.733188  0.878604 0.277977
0  0.092116 -0.191488 1.079347  -0.712048 0.662339 0.233013  0.884953 0.263869
0  0.078835 -0.228979 1.150146  -0.776369 -0.312975 0.547081  0.776878 0.097567
chess_set_pieces_black.001
0  -0.273636 -0.000089 0.979026  -0.998987 -0.019232 -0.040673  0.429149 0.590445
0  -0.271222 0.004557 1.012233  -0.999337 0.031887 -0.017565  0.435643 0.591315
0  -0.269836 0.029302 1.028496  -0.989341 0.111581 -0.093565  0.438786 0.596146
end
