version 1
nodes
0 "Implicit" -1
end
skeleton
time 0
0  0.000000 0.000000 0.000000  0.000000 0.000000 0.000000
end
triangles
no_material
0  -6.545880 1.098194 0.692917  -0.578261 -0.634695 -0.512617  0.100000 0.000000
0  -5.889544 0.326442 0.488084  -0.373583 -0.617489 0.692202  0.000000 0.846154
0  -6.500599 1.037735 0.936883  -0.222261 -0.752925 0.619438  0.100000 0.846154
no_material
0  -7.489315 1.357444 0.856492  0.001454 -0.809838 -0.586651  0.200000 0.000000
0  -6.500599 1.037735 0.936883  -0.222261 -0.752925 0.619438  0.100000 0.846154
0  -7.489315 1.309428 1.108307  -0.000002 -0.807403 0.590001  0.200000 0.846154
no_material
0  -8.478026 1.037735 0.936883  0.243068 -0.770029 0.589893  0.300000 0.846154
0  -7.489315 1.357444 0.856492  0.001454 -0.809838 -0.586651  0.200000 1.000000
0  -7.489315 1.309428 1.108307  -0.000002 -0.807403 0.590001  0.200000 0.846154
no_material
0  -8.639353 1.361468 0.808568  -0.552486 0.823803 0.126917  0.300000 0.461538
0  -8.639353 1.315917 0.880757  -0.551927 0.428324 0.715482  0.300000 0.538462
0  -8.093923 1.596503 0.956865  -0.307604 0.722887 0.618720  0.250000 0.461538
no_material
0  -9.085324 0.383683 0.381453  0.368517 -0.595459 0.713880  0.400000 0.846154
0  -8.432746 1.098194 0.692917  0.583293 -0.661033 -0.472023  0.300000 1.000000
0  -8.478026 1.037735 0.936883  0.243068 -0.770029 0.589893  0.300000 0.846154
no_material
0  -7.489315 -1.650735 -0.844381  0.000004 -0.944418 0.328747  0.700000 0.692308
0  -8.478023 -1.264066 -0.515462  0.105925 -0.435636 0.893869  0.600000 0.846154
0  -8.574746 -1.352467 -0.656186  -0.378316 -0.827863 0.414150  0.600000 0.692308
no_material
0  -9.015821 -0.419472 -0.264670  0.942574 0.318608 0.100210  0.500000 0.000000
0  -9.085324 0.383683 0.381453  0.368517 -0.595459 0.713880  0.400000 0.846154
0  -9.089082 -0.552768 -0.066663  0.444999 -0.337958 0.829313  0.500000 0.846154
no_material
0  -8.432746 -1.098194 -0.692917  0.580037 0.745592 0.328100  0.600000 0.000000
0  -9.089082 -0.552768 -0.066663  0.444999 -0.337958 0.829313  0.500000 0.846154
0  -8.478023 -1.264066 -0.515462  0.105925 -0.435636 0.893869  0.600000 0.846154
no_material
0  -9.350114 -0.534110 -0.286535  -0.881857 -0.437934 0.174762  0.500000 0.538462
0  -9.350114 -0.488559 -0.358728  -0.933414 -0.156913 -0.322670  0.500000 0.461538
0  -9.072206 -0.949843 -0.649777  -0.802234 -0.564785 -0.193492  0.550000 0.461538
no_material
0  -7.489315 -1.535754 -0.686890  -0.161979 -0.181952 0.969874  0.700000 0.846154
0  -8.432746 -1.098194 -0.692917  0.580037 0.745592 0.328100  0.600000 1.000000
0  -8.478023 -1.264066 -0.515462  0.105925 -0.435636 0.893869  0.600000 0.846154
no_material
0  -6.500603 -1.264066 -0.515462  -0.275751 -0.153772 0.948850  0.800000 0.846154
0  -7.489315 -1.357444 -0.856492  0.000001 0.906546 0.422106  0.700000 1.000000
0  -7.489315 -1.535754 -0.686890  -0.161979 -0.181952 0.969874  0.700000 0.846154
no_material
0  -5.733048 -0.571589 -0.163483  0.578023 -0.605350 0.547211  0.900000 0.692308
0  -5.889544 0.326442 0.488084  -0.373583 -0.617489 0.692202  1.000000 0.846154
0  -5.889544 -0.552768 -0.066663  -0.136407 -0.520550 0.842864  0.900000 0.846154
no_material
0  -9.089082 -0.361286 -0.401500  0.678477 0.551796 -0.484964  0.500000 0.153846
0  -8.432746 -1.098194 -0.692917  0.580037 0.745592 0.328100  0.600000 0.000000
0  -8.478023 -1.072579 -0.850300  0.393501 0.848068 -0.354877  0.600000 0.153846
no_material
0  -7.489315 -1.344272 -1.021727  -0.022665 0.948053 -0.317303  0.700000 0.153846
0  -8.432746 -1.098194 -0.692917  0.580037 0.745592 0.328100  0.600000 1.000000
0  -7.489315 -1.357444 -0.856492  0.000001 0.906546 0.422106  0.700000 0.000000
no_material
0  -9.212573 0.404047 0.429018  -0.528020 -0.300548 0.794270  0.400000 0.692308
0  -8.478026 1.037735 0.936883  0.243068 -0.770029 0.589893  0.300000 0.846154
0  -8.574746 1.174504 0.938234  -0.312198 -0.040630 0.949148  0.300000 0.692308
no_material
0  -9.089082 -0.552768 -0.066663  0.444999 -0.337958 0.829313  0.500000 0.846154
0  -9.212573 0.404047 0.429018  -0.528020 -0.300548 0.794270  0.400000 0.692308
0  -9.245578 -0.571589 -0.163483  -0.557946 -0.590004 0.583602  0.500000 0.692308
no_material
0  -6.339273 1.315917 0.880757  0.543914 0.430840 0.720093  0.100000 0.538462
0  -6.339273 1.361468 0.808568  0.553064 0.823500 0.126365  0.100000 0.461538
0  -6.884703 1.596503 0.956865  0.307679 0.722710 0.618889  0.150000 0.461538
no_material
0  -5.889544 -0.552768 -0.066663  -0.136407 -0.520550 0.842864  0.900000 0.846154
0  -6.403883 -1.352467 -0.656186  0.337560 -0.853512 0.396951  0.800000 0.692308
0  -5.733048 -0.571589 -0.163483  0.578023 -0.605350 0.547211  0.900000 0.692308
no_material
0  -6.403883 -1.352467 -0.656186  0.337560 -0.853512 0.396951  0.800000 0.692308
0  -7.489315 -1.535754 -0.686890  -0.161979 -0.181952 0.969874  0.700000 0.846154
0  -7.489315 -1.650735 -0.844381  0.000004 -0.944418 0.328747  0.700000 0.692308
no_material
0  -5.784174 -0.312448 -0.485218  -0.289700 0.674686 -0.678876  0.900000 0.153846
0  -6.545880 -1.098194 -0.692917  -0.573211 0.757519 0.312400  0.800000 1.000000
0  -5.962805 -0.419472 -0.264670  -0.931808 0.361436 0.033124  0.900000 0.000000
no_material
0  -7.489315 1.472772 1.126433  -0.034826 0.124515 0.991606  0.200000 0.692308
0  -6.339273 1.315917 0.880757  0.543914 0.430840 0.720093  0.100000 0.538462
0  -7.489315 1.631941 1.080157  -0.000001 0.583040 0.812444  0.200000 0.538462
no_material
0  -5.628508 0.534110 0.286535  0.896918 0.423938 -0.125756  1.000000 0.461538
0  -5.628508 0.488559 0.358728  0.880104 0.039533 0.473132  1.000000 0.538462
0  -5.532749 0.022775 -0.036094  0.990497 -0.072078 0.117133  0.950000 0.461538
no_material
0  -8.478026 1.229222 0.602046  0.354539 0.056319 -0.933344  0.300000 0.153846
0  -9.025756 0.419897 0.263995  0.956319 -0.224990 -0.186637  0.400000 0.000000
0  -9.085324 0.509556 0.166512  0.684532 0.174928 -0.707683  0.400000 0.153846
no_material
0  -9.089082 -0.361286 -0.401500  0.678477 0.551796 -0.484964  0.500000 0.153846
0  -9.025756 0.419897 0.263995  0.956319 -0.224990 -0.186637  0.400000 1.000000
0  -9.015821 -0.419472 -0.264670  0.942574 0.318608 0.100210  0.500000 0.000000
no_material
0  -7.489315 -1.344272 -1.021727  -0.022665 0.948053 -0.317303  0.700000 0.153846
0  -6.545880 -1.098194 -0.692917  -0.573211 0.757519 0.312400  0.800000 0.000000
0  -6.500603 -1.072579 -0.850300  -0.351920 0.854196 -0.382754  0.800000 0.153846
no_material
0  -5.864674 -2.406545 -0.289942  -0.046396 -0.168869 0.984546  0.396739 0.300000
0  -5.888884 -1.575915 -0.272757  -0.356745 0.280079 0.891229  0.385870 0.350000
0  -6.351928 -2.162359 -0.273811  -0.119877 0.006010 0.992771  0.385352 0.300000
no_material
0  -5.906420 0.995390 0.577589  0.802207 0.417978 0.426331  0.050000 0.461538
0  -5.628508 0.534110 0.286535  0.896918 0.423938 -0.125756  0.000000 0.461538
0  -5.938513 1.016005 0.501225  0.542415 0.729206 -0.417186  0.050000 0.384615
no_material
0  -6.403880 1.174504 0.938238  0.353884 -0.020833 0.935057  0.100000 0.692308
0  -5.628508 0.488559 0.358728  0.880104 0.039533 0.473132  0.000000 0.538462
0  -6.339273 1.315917 0.880757  0.543914 0.430840 0.720093  0.100000 0.538462
no_material
0  -8.639353 1.315917 0.880757  -0.551927 0.428324 0.715482  0.300000 0.538462
0  -7.489315 1.472772 1.126433  -0.034826 0.124515 0.991606  0.200000 0.692308
0  -7.489315 1.631941 1.080157  -0.000001 0.583040 0.812444  0.200000 0.538462
no_material
0  -7.489315 -1.677488 -1.007964  -0.000000 -0.984297 -0.176520  0.700000 0.538462
0  -8.574746 -1.352467 -0.656186  -0.378316 -0.827863 0.414150  0.600000 0.692308
0  -8.639353 -1.361468 -0.808568  -0.545651 -0.834168 -0.080176  0.600000 0.538462
no_material
0  -6.339273 -1.361468 -0.808568  0.544645 -0.834649 -0.082000  0.800000 0.538462
0  -7.489315 -1.650735 -0.844381  0.000004 -0.944418 0.328747  0.700000 0.692308
0  -7.489315 -1.677488 -1.007964  -0.000000 -0.984297 -0.176520  0.700000 0.538462
no_material
0  -5.628508 0.534110 0.286535  0.896918 0.423938 -0.125756  1.000000 0.461538
0  -5.532749 0.022775 -0.036094  0.990497 -0.072078 0.117133  0.950000 0.461538
0  -5.572416 0.063106 -0.100018  0.816049 0.357083 -0.454483  0.950000 0.384615
no_material
0  -8.639353 1.315917 0.880757  -0.551927 0.428324 0.715482  0.300000 0.538462
0  -9.071604 0.993261 0.580968  -0.811711 0.349455 0.467981  0.350000 0.461538
0  -9.297579 0.491545 0.354001  -0.876772 0.036600 0.479511  0.400000 0.538462
no_material
0  -5.906420 0.995390 0.577589  0.802207 0.417978 0.426331  0.050000 0.461538
0  -6.339273 1.315917 0.880757  0.543914 0.430840 0.720093  0.100000 0.538462
0  -5.628508 0.488559 0.358728  0.880104 0.039533 0.473132  0.000000 0.538462
no_material
0  -6.884703 1.596503 0.956865  0.307679 0.722710 0.618889  0.150000 0.461538
0  -7.489315 1.631941 1.080157  -0.000001 0.583040 0.812444  0.200000 0.538462
0  -6.339273 1.315917 0.880757  0.543914 0.430840 0.720093  0.100000 0.538462
no_material
0  -7.489315 -1.631941 -1.080157  -0.001537 -0.752019 -0.659139  0.700000 0.461538
0  -8.093923 -1.550952 -1.029054  -0.306145 -0.869437 -0.387756  0.650000 0.461538
0  -8.081666 -1.478714 -1.072845  -0.237775 -0.349574 -0.906235  0.650000 0.384615
no_material
0  -7.489315 -1.631941 -1.080157  -0.001537 -0.752019 -0.659139  0.700000 0.461538
0  -7.489315 -1.677488 -1.007964  -0.000000 -0.984297 -0.176520  0.700000 0.538462
0  -8.093923 -1.550952 -1.029054  -0.306145 -0.869437 -0.387756  0.650000 0.461538
no_material
0  -9.245578 -0.571589 -0.163483  -0.557946 -0.590004 0.583602  0.500000 0.692308
0  -9.297579 0.491545 0.354001  -0.876772 0.036600 0.479511  0.400000 0.538462
0  -9.350114 -0.534110 -0.286535  -0.881857 -0.437934 0.174762  0.500000 0.538462
no_material
0  -8.574746 -1.352467 -0.656186  -0.378316 -0.827863 0.414150  0.600000 0.692308
0  -9.350114 -0.534110 -0.286535  -0.881857 -0.437934 0.174762  0.500000 0.538462
0  -8.639353 -1.361468 -0.808568  -0.545651 -0.834168 -0.080176  0.600000 0.538462
no_material
0  -8.639353 -1.361468 -0.808568  -0.545651 -0.834168 -0.080176  0.600000 0.538462
0  -8.639353 -1.315917 -0.880757  -0.575130 -0.567160 -0.589538  0.600000 0.461538
0  -8.093923 -1.550952 -1.029054  -0.306145 -0.869437 -0.387756  0.650000 0.461538
no_material
0  -8.639353 1.361468 0.808568  -0.552486 0.823803 0.126917  0.300000 0.461538
0  -8.093923 1.596503 0.956865  -0.307604 0.722887 0.618720  0.250000 0.461538
0  -8.081666 1.604930 0.872813  -0.210449 0.933008 -0.291902  0.250000 0.384615
no_material
0  -5.733048 -0.571589 -0.163483  0.578023 -0.605350 0.547211  0.900000 0.692308
0  -6.339273 -1.361468 -0.808568  0.544645 -0.834649 -0.082000  0.800000 0.538462
0  -5.628511 -0.534110 -0.286535  0.881271 -0.442803 0.165189  0.900000 0.538462
no_material
0  -5.628511 -0.534110 -0.286535  0.881271 -0.442803 0.165189  0.900000 0.538462
0  -5.733048 0.393626 0.445531  0.585349 -0.229365 0.777662  1.000000 0.692308
0  -5.733048 -0.571589 -0.163483  0.578023 -0.605350 0.547211  0.900000 0.692308
no_material
0  -6.418097 1.368953 0.504416  -0.014767 0.350834 -0.936321  0.100000 0.153846
0  -5.733048 0.571589 0.163483  0.580557 0.739795 -0.340083  1.000000 0.307692
0  -5.784170 0.617009 0.061837  -0.166060 0.528296 -0.832663  0.000000 0.153846
no_material
0  -7.489315 1.631941 1.080157  -0.000001 0.583040 0.812444  0.200000 0.538462
0  -8.093923 1.596503 0.956865  -0.307604 0.722887 0.618720  0.250000 0.461538
0  -8.639353 1.315917 0.880757  -0.551927 0.428324 0.715482  0.300000 0.538462
no_material
0  -8.639353 -1.361468 -0.808568  -0.545651 -0.834168 -0.080176  0.600000 0.538462
0  -8.093923 -1.550952 -1.029054  -0.306145 -0.869437 -0.387756  0.650000 0.461538
0  -7.489315 -1.677488 -1.007964  -0.000000 -0.984297 -0.176520  0.700000 0.538462
no_material
0  -7.489315 -1.677488 -1.007964  -0.000000 -0.984297 -0.176520  0.700000 0.538462
0  -6.884703 -1.550952 -1.029054  0.307576 -0.869754 -0.385907  0.750000 0.461538
0  -6.339273 -1.361468 -0.808568  0.544645 -0.834649 -0.082000  0.800000 0.538462
no_material
0  -6.339273 -1.315917 -0.880757  0.585816 -0.638339 -0.499343  0.800000 0.461538
0  -6.339273 -1.361468 -0.808568  0.544645 -0.834649 -0.082000  0.800000 0.538462
0  -6.884703 -1.550952 -1.029054  0.307576 -0.869754 -0.385907  0.750000 0.461538
no_material
0  -8.574746 1.352467 0.656186  -0.102058 0.804467 -0.585164  0.300000 0.307692
0  -8.081666 1.604930 0.872813  -0.210449 0.933008 -0.291902  0.250000 0.384615
0  -7.489315 1.650735 0.844381  -0.005708 0.879248 -0.476330  0.200000 0.307692
no_material
0  -5.938513 1.016005 0.501225  0.542415 0.729206 -0.417186  0.050000 0.384615
0  -5.733048 0.571589 0.163483  0.580557 0.739795 -0.340083  0.000000 0.307692
0  -6.403880 1.352467 0.656186  0.554758 0.714366 -0.426527  0.100000 0.307692
no_material
0  -6.339273 1.361468 0.808568  0.553064 0.823500 0.126365  0.100000 0.461538
0  -6.339273 1.315917 0.880757  0.543914 0.430840 0.720093  0.100000 0.538462
0  -5.906420 0.995390 0.577589  0.802207 0.417978 0.426331  0.050000 0.461538
no_material
0  -5.628508 0.488559 0.358728  0.880104 0.039533 0.473132  0.000000 0.538462
0  -5.628508 0.534110 0.286535  0.896918 0.423938 -0.125756  0.000000 0.461538
0  -5.906420 0.995390 0.577589  0.802207 0.417978 0.426331  0.050000 0.461538
no_material
0  -7.489315 1.677488 1.007964  -0.000000 0.974695 0.223539  0.200000 0.461538
0  -7.489315 1.631941 1.080157  -0.000001 0.583040 0.812444  0.200000 0.538462
0  -6.884703 1.596503 0.956865  0.307679 0.722710 0.618889  0.150000 0.461538
no_material
0  -9.297579 0.531976 0.289915  -0.944161 0.325313 0.052265  0.400000 0.461538
0  -9.297579 0.491545 0.354001  -0.876772 0.036600 0.479511  0.400000 0.538462
0  -9.071604 0.993261 0.580968  -0.811711 0.349455 0.467981  0.350000 0.461538
no_material
0  -9.445877 0.022775 -0.036094  -0.981201 -0.066765 0.181072  0.450000 0.461538
0  -9.350114 -0.534110 -0.286535  -0.881857 -0.437934 0.174762  0.500000 0.538462
0  -9.297579 0.491545 0.354001  -0.876772 0.036600 0.479511  0.400000 0.538462
no_material
0  -5.532749 0.022775 -0.036094  0.990497 -0.072078 0.117133  0.950000 0.461538
0  -5.628511 -0.488559 -0.358728  0.951185 -0.246037 -0.186314  0.900000 0.461538
0  -5.572416 0.063106 -0.100018  0.816049 0.357083 -0.454483  0.950000 0.384615
no_material
0  -9.072206 -0.949843 -0.649777  -0.802234 -0.564785 -0.193492  0.550000 0.461538
0  -8.639353 -1.361468 -0.808568  -0.545651 -0.834168 -0.080176  0.600000 0.538462
0  -9.350114 -0.534110 -0.286535  -0.881857 -0.437934 0.174762  0.500000 0.538462
no_material
0  -6.339273 -1.315917 -0.880757  0.585816 -0.638339 -0.499343  0.800000 0.461538
0  -6.884703 -1.550952 -1.029054  0.307576 -0.869754 -0.385907  0.750000 0.461538
0  -6.896960 -1.478714 -1.072845  0.284875 -0.391078 -0.875159  0.750000 0.384615
no_material
0  -8.639353 1.315917 0.880757  -0.551927 0.428324 0.715482  0.300000 0.538462
0  -8.639353 1.361468 0.808568  -0.552486 0.823803 0.126917  0.300000 0.461538
0  -9.071604 0.993261 0.580968  -0.811711 0.349455 0.467981  0.350000 0.461538
no_material
0  -9.350114 -0.488559 -0.358728  -0.933414 -0.156913 -0.322670  0.500000 0.461538
0  -9.350114 -0.534110 -0.286535  -0.881857 -0.437934 0.174762  0.500000 0.538462
0  -9.445877 0.022775 -0.036094  -0.981201 -0.066765 0.181072  0.450000 0.461538
no_material
0  -9.297579 0.491545 0.354001  -0.876772 0.036600 0.479511  0.400000 0.538462
0  -9.297579 0.531976 0.289915  -0.944161 0.325313 0.052265  0.400000 0.461538
0  -9.445877 0.022775 -0.036094  -0.981201 -0.066765 0.181072  0.450000 0.461538
no_material
0  -8.639353 -1.315917 -0.880757  -0.575130 -0.567160 -0.589538  0.600000 0.461538
0  -8.639353 -1.361468 -0.808568  -0.545651 -0.834168 -0.080176  0.600000 0.538462
0  -9.072206 -0.949843 -0.649777  -0.802234 -0.564785 -0.193492  0.550000 0.461538
no_material
0  -5.906420 -0.949843 -0.649777  0.802298 -0.564714 -0.193430  0.850000 0.461538
0  -5.628511 -0.534110 -0.286535  0.881271 -0.442803 0.165189  0.900000 0.538462
0  -6.339273 -1.361468 -0.808568  0.544645 -0.834649 -0.082000  0.800000 0.538462
no_material
0  -9.072206 -0.949843 -0.649777  -0.802234 -0.564785 -0.193492  0.550000 0.461538
0  -9.350114 -0.488559 -0.358728  -0.933414 -0.156913 -0.322670  0.500000 0.461538
0  -9.040112 -0.889789 -0.701258  -0.669326 -0.110184 -0.734753  0.550000 0.384615
no_material
0  -5.532749 0.022775 -0.036094  0.990497 -0.072078 0.117133  0.950000 0.461538
0  -5.628508 0.488559 0.358728  0.880104 0.039533 0.473132  1.000000 0.538462
0  -5.628511 -0.534110 -0.286535  0.881271 -0.442803 0.165189  0.900000 0.538462
no_material
0  -9.297579 0.531976 0.289915  -0.944161 0.325313 0.052265  0.400000 0.461538
0  -9.071604 0.993261 0.580968  -0.811711 0.349455 0.467981  0.350000 0.461538
0  -9.045506 1.009342 0.511782  -0.660021 0.684984 -0.308494  0.350000 0.384615
no_material
0  -7.489315 -1.677488 -1.007964  -0.000000 -0.984297 -0.176520  0.700000 0.538462
0  -7.489315 -1.631941 -1.080157  -0.001537 -0.752019 -0.659139  0.700000 0.461538
0  -6.884703 -1.550952 -1.029054  0.307576 -0.869754 -0.385907  0.750000 0.461538
no_material
0  -5.628511 -0.488559 -0.358728  0.951185 -0.246037 -0.186314  0.900000 0.461538
0  -5.628511 -0.534110 -0.286535  0.881271 -0.442803 0.165189  0.900000 0.538462
0  -5.906420 -0.949843 -0.649777  0.802298 -0.564714 -0.193430  0.850000 0.461538
no_material
0  -6.339273 -1.361468 -0.808568  0.544645 -0.834649 -0.082000  0.800000 0.538462
0  -6.339273 -1.315917 -0.880757  0.585816 -0.638339 -0.499343  0.800000 0.461538
0  -5.906420 -0.949843 -0.649777  0.802298 -0.564714 -0.193430  0.850000 0.461538
no_material
0  -5.628511 -0.534110 -0.286535  0.881271 -0.442803 0.165189  0.900000 0.538462
0  -5.628511 -0.488559 -0.358728  0.951185 -0.246037 -0.186314  0.900000 0.461538
0  -5.532749 0.022775 -0.036094  0.990497 -0.072078 0.117133  0.950000 0.461538
no_material
0  -6.884703 1.596503 0.956865  0.307679 0.722710 0.618889  0.150000 0.461538
0  -6.339273 1.361468 0.808568  0.553064 0.823500 0.126365  0.100000 0.461538
0  -6.896960 1.604930 0.872813  0.207196 0.935191 -0.287205  0.150000 0.384615
no_material
0  -8.093923 1.596503 0.956865  -0.307604 0.722887 0.618720  0.250000 0.461538
0  -7.489315 1.677488 1.007964  -0.000000 0.974695 0.223539  0.200000 0.461538
0  -8.081666 1.604930 0.872813  -0.210449 0.933008 -0.291902  0.250000 0.384615
no_material
0  0.755745 -5.259332 -0.784273  -0.228074 -0.399905 -0.887726  0.614130 0.000000
0  0.438895 -4.490604 -0.761574  -0.023062 0.020017 -0.999534  0.592391 0.900000
0  0.999472 -4.769215 -0.780086  -0.023070 0.020005 -0.999534  0.614130 0.900000
no_material
0  -7.489315 1.650735 0.844381  -0.005708 0.879248 -0.476330  0.200000 0.307692
0  -7.489315 1.677488 1.007964  -0.000000 0.974695 0.223539  0.200000 0.461538
0  -6.896960 1.604930 0.872813  0.207196 0.935191 -0.287205  0.150000 0.384615
no_material
0  -8.639353 1.361468 0.808568  -0.552486 0.823803 0.126917  0.300000 0.461538
0  -8.574746 1.352467 0.656186  -0.102058 0.804467 -0.585164  0.300000 0.307692
0  -9.045506 1.009342 0.511782  -0.660021 0.684984 -0.308494  0.350000 0.384615
no_material
0  -9.445877 0.022775 -0.036094  -0.981201 -0.066765 0.181072  0.450000 0.461538
0  -9.297579 0.531976 0.289915  -0.944161 0.325313 0.052265  0.400000 0.461538
0  -9.406210 0.063106 -0.100018  -0.852328 0.300369 -0.428153  0.450000 0.384615
no_material
0  -8.478023 -1.072579 -0.850300  0.393501 0.848068 -0.354877  0.600000 0.153846
0  -9.265802 -0.347396 -0.529839  -0.199678 0.428448 -0.881227  0.500000 0.307692
0  -9.089082 -0.361286 -0.401500  0.678477 0.551796 -0.484964  0.500000 0.153846
no_material
0  -8.093923 -1.550952 -1.029054  -0.306145 -0.869437 -0.387756  0.650000 0.461538
0  -8.639353 -1.315917 -0.880757  -0.575130 -0.567160 -0.589538  0.600000 0.461538
0  -8.081666 -1.478714 -1.072845  -0.237775 -0.349574 -0.906235  0.650000 0.384615
no_material
0  -8.569864 -1.172902 -1.015712  -0.322895 0.242984 -0.914712  0.600000 0.307692
0  -8.639353 -1.315917 -0.880757  -0.575130 -0.567160 -0.589538  0.600000 0.461538
0  -9.040112 -0.889789 -0.701258  -0.669326 -0.110184 -0.734753  0.550000 0.384615
no_material
0  -7.489315 -1.631941 -1.080157  -0.001537 -0.752019 -0.659139  0.700000 0.461538
0  -7.443810 -1.488217 -1.201299  0.062188 0.076697 -0.995113  0.700000 0.307692
0  -6.896960 -1.478714 -1.072845  0.284875 -0.391078 -0.875159  0.750000 0.384615
no_material
0  -5.906420 -0.949843 -0.649777  0.802298 -0.564714 -0.193430  0.850000 0.461538
0  -6.339273 -1.315917 -0.880757  0.585816 -0.638339 -0.499343  0.800000 0.461538
0  -5.938513 -0.889789 -0.701258  0.755984 -0.275839 -0.593633  0.850000 0.384615
no_material
0  -5.784174 -0.312448 -0.485218  -0.289700 0.674686 -0.678876  0.900000 0.153846
0  -5.733048 0.571589 0.163483  0.580557 0.739795 -0.340083  1.000000 0.307692
0  -5.621822 -0.347396 -0.529839  0.670791 0.287854 -0.683505  0.900000 0.307692
no_material
0  -1.333623 -3.162093 -0.276349  0.200324 0.419647 0.885306  0.516304 0.393867
0  -0.773296 -3.441217 -0.294865  0.023067 -0.020007 0.999534  0.538043 0.393867
0  -1.032291 -3.259094 -0.285243  0.156355 0.395871 0.904897  0.527174 0.400000
no_material
0  -7.489315 1.500910 0.773470  -0.003474 0.102395 -0.994738  0.200000 0.153846
0  -6.403880 1.352467 0.656186  0.554758 0.714366 -0.426527  0.100000 0.307692
0  -6.418097 1.368953 0.504416  -0.014767 0.350834 -0.936321  0.100000 0.153846
no_material
0  -5.572416 0.063106 -0.100018  0.816049 0.357083 -0.454483  0.950000 0.384615
0  -5.938513 1.016005 0.501225  0.542415 0.729206 -0.417186  0.050000 0.384615
0  -5.628508 0.534110 0.286535  0.896918 0.423938 -0.125756  1.000000 0.461538
no_material
0  -6.896960 1.604930 0.872813  0.207196 0.935191 -0.287205  0.150000 0.384615
0  -5.938513 1.016005 0.501225  0.542415 0.729206 -0.417186  0.050000 0.384615
0  -6.403880 1.352467 0.656186  0.554758 0.714366 -0.426527  0.100000 0.307692
no_material
0  -7.489315 1.677488 1.007964  -0.000000 0.974695 0.223539  0.200000 0.461538
0  -6.884703 1.596503 0.956865  0.307679 0.722710 0.618889  0.150000 0.461538
0  -6.896960 1.604930 0.872813  0.207196 0.935191 -0.287205  0.150000 0.384615
no_material
0  -9.071604 0.993261 0.580968  -0.811711 0.349455 0.467981  0.350000 0.461538
0  -8.639353 1.361468 0.808568  -0.552486 0.823803 0.126917  0.300000 0.461538
0  -9.045506 1.009342 0.511782  -0.660021 0.684984 -0.308494  0.350000 0.384615
no_material
0  -9.089082 -0.361286 -0.401500  0.678477 0.551796 -0.484964  0.500000 0.153846
0  -9.231568 0.663547 0.086765  -0.210763 0.459658 -0.862724  0.400000 0.307692
0  -9.085324 0.509556 0.166512  0.684532 0.174928 -0.707683  0.400000 0.153846
no_material
0  -9.231568 0.663547 0.086765  -0.210763 0.459658 -0.862724  0.400000 0.307692
0  -9.297579 0.531976 0.289915  -0.944161 0.325313 0.052265  0.400000 0.461538
0  -9.045506 1.009342 0.511782  -0.660021 0.684984 -0.308494  0.350000 0.384615
no_material
0  -9.350114 -0.488559 -0.358728  -0.933414 -0.156913 -0.322670  0.500000 0.461538
0  -9.445877 0.022775 -0.036094  -0.981201 -0.066765 0.181072  0.450000 0.461538
0  -9.406210 0.063106 -0.100018  -0.852328 0.300369 -0.428153  0.450000 0.384615
no_material
0  -9.040112 -0.889789 -0.701258  -0.669326 -0.110184 -0.734753  0.550000 0.384615
0  -9.406210 0.063106 -0.100018  -0.852328 0.300369 -0.428153  0.450000 0.384615
0  -9.265802 -0.347396 -0.529839  -0.199678 0.428448 -0.881227  0.500000 0.307692
no_material
0  -8.639353 -1.315917 -0.880757  -0.575130 -0.567160 -0.589538  0.600000 0.461538
0  -9.072206 -0.949843 -0.649777  -0.802234 -0.564785 -0.193492  0.550000 0.461538
0  -9.040112 -0.889789 -0.701258  -0.669326 -0.110184 -0.734753  0.550000 0.384615
no_material
0  -6.884703 -1.550952 -1.029054  0.307576 -0.869754 -0.385907  0.750000 0.461538
0  -7.489315 -1.631941 -1.080157  -0.001537 -0.752019 -0.659139  0.700000 0.461538
0  -6.896960 -1.478714 -1.072845  0.284875 -0.391078 -0.875159  0.750000 0.384615
no_material
0  -5.784174 -0.312448 -0.485218  -0.289700 0.674686 -0.678876  0.900000 0.153846
0  -6.317759 -1.172902 -1.015712  0.199659 0.038181 -0.979121  0.800000 0.307692
0  -6.500603 -1.072579 -0.850300  -0.351920 0.854196 -0.382754  0.800000 0.153846
no_material
0  -6.317759 -1.172902 -1.015712  0.199659 0.038181 -0.979121  0.800000 0.307692
0  -6.339273 -1.315917 -0.880757  0.585816 -0.638339 -0.499343  0.800000 0.461538
0  -6.896960 -1.478714 -1.072845  0.284875 -0.391078 -0.875159  0.750000 0.384615
no_material
0  -5.628511 -0.488559 -0.358728  0.951185 -0.246037 -0.186314  0.900000 0.461538
0  -5.906420 -0.949843 -0.649777  0.802298 -0.564714 -0.193430  0.850000 0.461538
0  -5.938513 -0.889789 -0.701258  0.755984 -0.275839 -0.593633  0.850000 0.384615
no_material
0  -5.572416 0.063106 -0.100018  0.816049 0.357083 -0.454483  0.950000 0.384615
0  -5.938513 -0.889789 -0.701258  0.755984 -0.275839 -0.593633  0.850000 0.384615
0  -5.621822 -0.347396 -0.529839  0.670791 0.287854 -0.683505  0.900000 0.307692
no_material
0  -6.339273 1.361468 0.808568  0.553064 0.823500 0.126365  0.100000 0.461538
0  -5.906420 0.995390 0.577589  0.802207 0.417978 0.426331  0.050000 0.461538
0  -5.938513 1.016005 0.501225  0.542415 0.729206 -0.417186  0.050000 0.384615
no_material
0  -0.857742 -2.880366 -0.699414  0.600150 0.413043 -0.684993  0.527174 0.750000
0  -0.973051 -2.428179 -0.403260  0.705332 0.588243 0.395570  0.516304 0.500000
0  -0.985563 -3.154080 -0.450666  0.299596 0.437164 0.848015  0.527174 0.450000
no_material
0  -8.574746 1.352467 0.656186  -0.102058 0.804467 -0.585164  0.300000 0.307692
0  -7.489315 1.500910 0.773470  -0.003474 0.102395 -0.994738  0.200000 0.153846
0  -8.478026 1.229222 0.602046  0.354539 0.056319 -0.933344  0.300000 0.153846
no_material
0  -9.231568 0.663547 0.086765  -0.210763 0.459658 -0.862724  0.400000 0.307692
0  -8.478026 1.229222 0.602046  0.354539 0.056319 -0.933344  0.300000 0.153846
0  -9.085324 0.509556 0.166512  0.684532 0.174928 -0.707683  0.400000 0.153846
no_material
0  -1.893027 -2.881126 -0.257814  0.236060 0.429705 0.871567  0.494565 0.393867
0  -2.706496 -2.444673 -0.319921  0.291467 0.419403 0.859737  0.472826 0.400000
0  -2.727277 -2.492408 -0.230779  0.249706 0.363346 0.897567  0.472826 0.393867
no_material
0  -6.721127 -2.926441 -0.565026  -0.575965 -0.809878 -0.111184  0.385352 1.000000
0  -6.321698 -2.176974 -0.559242  -0.882331 0.469946 0.025356  0.385870 0.950000
0  -6.262701 -3.188064 -0.580845  -0.420907 -0.892471 -0.162275  0.396739 0.000000
no_material
0  -2.842713 -0.946224 0.235506  0.039390 0.000404 0.999224  0.440217 0.300000
0  -3.271152 -0.357817 0.219922  0.028662 0.138113 0.990002  0.429348 0.350000
0  -3.774407 -1.121383 0.331369  0.067648 -0.011839 0.997639  0.418478 0.300000
no_material
0  -7.443810 -1.488217 -1.201299  0.062188 0.076697 -0.995113  0.700000 0.307692
0  -8.478023 -1.072579 -0.850300  0.393501 0.848068 -0.354877  0.600000 0.153846
0  -7.489315 -1.344272 -1.021727  -0.022665 0.948053 -0.317303  0.700000 0.153846
no_material
0  -6.317759 -1.172902 -1.015712  0.199659 0.038181 -0.979121  0.800000 0.307692
0  -7.489315 -1.344272 -1.021727  -0.022665 0.948053 -0.317303  0.700000 0.153846
0  -6.500603 -1.072579 -0.850300  -0.351920 0.854196 -0.382754  0.800000 0.153846
no_material
0  -9.231568 0.663547 0.086765  -0.210763 0.459658 -0.862724  0.400000 0.307692
0  -9.045506 1.009342 0.511782  -0.660021 0.684984 -0.308494  0.350000 0.384615
0  -8.574746 1.352467 0.656186  -0.102058 0.804467 -0.585164  0.300000 0.307692
no_material
0  -9.406210 0.063106 -0.100018  -0.852328 0.300369 -0.428153  0.450000 0.384615
0  -9.231568 0.663547 0.086765  -0.210763 0.459658 -0.862724  0.400000 0.307692
0  -9.265802 -0.347396 -0.529839  -0.199678 0.428448 -0.881227  0.500000 0.307692
no_material
0  -6.896960 1.604930 0.872813  0.207196 0.935191 -0.287205  0.150000 0.384615
0  -6.403880 1.352467 0.656186  0.554758 0.714366 -0.426527  0.100000 0.307692
0  -7.489315 1.650735 0.844381  -0.005708 0.879248 -0.476330  0.200000 0.307692
no_material
0  -6.317759 -1.172902 -1.015712  0.199659 0.038181 -0.979121  0.800000 0.307692
0  -6.896960 -1.478714 -1.072845  0.284875 -0.391078 -0.875159  0.750000 0.384615
0  -7.443810 -1.488217 -1.201299  0.062188 0.076697 -0.995113  0.700000 0.307692
no_material
0  -5.938513 -0.889789 -0.701258  0.755984 -0.275839 -0.593633  0.850000 0.384615
0  -6.317759 -1.172902 -1.015712  0.199659 0.038181 -0.979121  0.800000 0.307692
0  -5.621822 -0.347396 -0.529839  0.670791 0.287854 -0.683505  0.900000 0.307692
no_material
0  0.202078 -3.577615 -0.486552  0.217214 0.496316 0.840529  0.570652 0.450000
0  0.643534 -4.106813 -0.340887  0.109327 0.160126 0.981024  0.592391 0.400000
0  0.857121 -3.666267 -0.503444  0.224785 0.501651 0.835355  0.592391 0.450000
no_material
0  -0.665318 -3.927029 -0.307084  -0.221778 -0.501782 0.836080  0.548913 0.350000
0  -1.294836 -3.766713 -0.595691  0.002504 -0.061290 0.998117  0.527174 0.350000
0  -0.734258 -4.045324 -0.614207  0.002502 -0.061291 0.998117  0.548913 0.350000
no_material
0  -4.589110 -3.397113 -0.623649  -0.078325 -0.962247 -0.260666  0.440217 0.000000
0  -4.626717 -2.157706 -0.597972  -0.023065 0.020011 -0.999534  0.418478 0.900000
0  -4.102361 -2.418313 -0.615288  -0.023067 0.020006 -0.999534  0.440217 0.900000
no_material
0  -5.289670 -3.490842 -0.609357  -0.078478 -0.972052 -0.221258  0.418478 0.000000
0  -5.527645 -1.709936 -0.568217  -0.023065 0.020012 -0.999534  0.396739 0.900000
0  -4.626717 -2.157706 -0.597972  -0.023065 0.020011 -0.999534  0.418478 0.900000
no_material
0  -5.572416 0.063106 -0.100018  0.816049 0.357083 -0.454483  0.950000 0.384615
0  -5.621822 -0.347396 -0.529839  0.670791 0.287854 -0.683505  0.900000 0.307692
0  -5.733048 0.571589 0.163483  0.580557 0.739795 -0.340083  1.000000 0.307692
no_material
0  -6.756407 -1.937093 -0.544407  -0.023014 0.020001 -0.999535  0.379760 0.950000
0  -7.115748 -2.644007 -0.550264  -0.962135 -0.206301 -0.178148  0.375000 0.000000
0  -7.244040 -0.856878 -0.511527  -0.864199 0.297289 -0.405930  0.375000 0.900000
no_material
0  -9.040112 -0.889789 -0.701258  -0.669326 -0.110184 -0.734753  0.550000 0.384615
0  -9.265802 -0.347396 -0.529839  -0.199678 0.428448 -0.881227  0.500000 0.307692
0  -8.569864 -1.172902 -1.015712  -0.322895 0.242984 -0.914712  0.600000 0.307692
no_material
0  -7.443810 -1.488217 -1.201299  0.062188 0.076697 -0.995113  0.700000 0.307692
0  -8.081666 -1.478714 -1.072845  -0.237775 -0.349574 -0.906235  0.650000 0.384615
0  -8.569864 -1.172902 -1.015712  -0.322895 0.242984 -0.914712  0.600000 0.307692
no_material
0  -2.347059 -3.091194 -0.251540  -0.234872 -0.500835 0.833066  0.483696 0.350000
0  -2.891987 -2.819875 -0.289988  -0.446823 -0.802491 0.395421  0.472826 0.350000
0  -2.415994 -3.209488 -0.558664  -0.047665 -0.093341 0.994493  0.483696 0.350000
no_material
0  -2.607732 -3.587662 -0.673189  -0.180724 -0.300533 -0.936493  0.483696 0.000000
0  -3.414653 -2.568624 -0.634166  -0.023071 0.019999 -0.999534  0.461957 0.900000
0  -2.364000 -3.097544 -0.669003  -0.023062 0.020016 -0.999534  0.483696 0.900000
no_material
0  -3.821810 -3.946016 -0.652346  -0.120844 -0.103037 -0.987309  0.461957 0.000000
0  -4.102361 -2.418313 -0.615288  -0.023067 0.020006 -0.999534  0.440217 0.900000
0  -3.414653 -2.568624 -0.634166  -0.023071 0.019999 -0.999534  0.461957 0.900000
no_material
0  -5.486773 -1.646626 -0.283452  -0.139503 0.087130 0.986381  0.396739 0.354994
0  -4.432070 -1.785169 -0.310565  -0.005168 -0.030735 0.999514  0.418478 0.377371
0  -5.333002 -1.337400 -0.280810  -0.181352 0.114696 0.976707  0.396739 0.377371
no_material
0  1.735428 -5.128247 -0.804259  0.643224 -0.481969 -0.594953  0.725000 0.000000
0  1.750580 -5.121753 -0.443204  0.536524 -0.838830 0.092230  0.725000 0.250000
0  1.460630 -5.247842 -0.515871  0.343293 -0.938355 -0.040503  0.675000 0.250000
no_material
0  -1.486573 -4.144886 -0.710217  -0.228071 -0.399902 -0.887729  0.527174 0.000000
0  -1.803423 -3.376155 -0.687515  -0.023064 0.020013 -0.999534  0.505435 0.900000
0  -1.242845 -3.654769 -0.706031  -0.023070 0.020004 -0.999534  0.527174 0.900000
no_material
0  -5.962805 -0.419472 -0.264670  -0.931808 0.361436 0.033124  0.900000 1.000000
0  -5.784170 0.617009 0.061837  -0.166060 0.528296 -0.832663  1.000000 0.153846
0  -5.784174 -0.312448 -0.485218  -0.289700 0.674686 -0.678876  0.900000 0.153846
no_material
0  -6.500603 -1.264066 -0.515462  -0.275751 -0.153772 0.948850  0.800000 0.846154
0  -5.962805 -0.419472 -0.264670  -0.931808 0.361436 0.033124  0.900000 0.000000
0  -6.545880 -1.098194 -0.692917  -0.573211 0.757519 0.312400  0.800000 1.000000
no_material
0  -5.962805 0.419472 0.264670  -0.940720 -0.179673 -0.287687  1.000000 0.000000
0  -5.889544 -0.552768 -0.066663  -0.136407 -0.520550 0.842864  0.900000 0.846154
0  -5.889544 0.326442 0.488084  -0.373583 -0.617489 0.692202  0.000000 0.846154
no_material
0  -4.424623 -2.912663 -0.402897  0.021358 -0.177003 0.983979  0.440217 0.300000
0  -4.546268 -2.200119 -0.316236  0.076620 -0.012195 0.996986  0.429348 0.350000
0  -4.963745 -2.854315 -0.319697  0.030797 -0.242878 0.969568  0.418478 0.300000
no_material
0  -2.047154 -3.866272 -0.691705  -0.228066 -0.399899 -0.887731  0.505435 0.000000
0  -2.364000 -3.097544 -0.669003  -0.023062 0.020016 -0.999534  0.483696 0.900000
0  -1.803423 -3.376155 -0.687515  -0.023064 0.020013 -0.999534  0.505435 0.900000
no_material
0  -4.963745 -2.854315 -0.319697  0.030797 -0.242878 0.969568  0.418478 0.300000
0  -4.589110 -3.397113 -0.623649  -0.078325 -0.962247 -0.260666  0.440217 0.000000
0  -4.424623 -2.912663 -0.402897  0.021358 -0.177003 0.983979  0.440217 0.300000
no_material
0  -4.424623 -2.912663 -0.402897  0.021358 -0.177003 0.983979  0.440217 0.300000
0  -3.821810 -3.946016 -0.652346  -0.120844 -0.103037 -0.987309  0.461957 0.000000
0  -3.557374 -2.874497 -0.352558  0.093780 0.318550 0.943256  0.461957 0.300000
no_material
0  -0.925991 -4.423497 -0.728733  -0.228065 -0.399898 -0.887732  0.548913 0.000000
0  -1.242845 -3.654769 -0.706031  -0.023070 0.020004 -0.999534  0.527174 0.900000
0  -0.682264 -3.933379 -0.724543  -0.023067 0.020006 -0.999534  0.548913 0.900000
no_material
0  -3.620176 -0.133651 -0.580679  0.536596 0.824543 -0.179423  0.418478 0.750000
0  -4.833918 -0.333792 -0.272236  0.100123 0.125093 0.987080  0.396739 0.450000
0  -3.932986 -0.781561 -0.301992  0.151380 0.156367 0.976029  0.418478 0.450000
no_material
0  -5.493009 -0.839701 -0.267155  -0.994214 0.055850 0.091759  0.385870 0.400000
0  -5.517498 -0.810216 -0.550438  -0.994214 0.055850 0.091759  0.385870 0.850000
0  -5.525870 -0.954840 -0.553139  -0.994214 0.055850 0.091759  0.385870 0.856133
no_material
0  -1.334773 -3.858510 -0.423546  0.254009 0.454332 0.853851  0.527174 0.300000
0  -0.925991 -4.423497 -0.728733  -0.228065 -0.399898 -0.887732  0.548913 0.000000
0  -0.774195 -4.137120 -0.442062  0.254008 0.454334 0.853850  0.548913 0.300000
no_material
0  -0.774195 -4.137120 -0.442062  -0.275166 -0.603384 0.748473  0.548913 0.300000
0  -0.365414 -4.702107 -0.747245  -0.275166 -0.603384 0.748473  0.570652 0.000000
0  -0.213614 -4.415730 -0.460574  -0.275166 -0.603384 0.748473  0.570652 0.300000
no_material
0  0.937987 -5.349909 -0.790291  -0.272134 -0.492593 -0.826617  0.621198 0.000000
0  0.907541 -4.972955 -0.497602  -0.275165 -0.603383 0.748474  0.614130 0.300000
0  0.755745 -5.259332 -0.784273  -0.228074 -0.399905 -0.887726  0.614130 1.000000
no_material
0  0.346964 -4.694345 -0.479090  -0.275168 -0.603384 0.748471  0.592391 0.300000
0  0.755745 -5.259332 -0.784273  -0.275168 -0.603384 0.748471  0.614130 0.000000
0  0.907541 -4.972955 -0.497602  -0.275168 -0.603384 0.748471  0.614130 0.300000
no_material
0  -3.855917 -1.922736 -0.611055  -0.023065 0.020015 -0.999534  0.440217 0.864136
0  -3.357430 -2.453555 -0.633186  -0.023069 0.020001 -0.999534  0.461957 0.885011
0  -3.999360 -2.211189 -0.613521  -0.023069 0.020007 -0.999534  0.440217 0.885011
no_material
0  1.036034 -5.398639 -0.793532  -0.275151 -0.603391 0.748472  0.625000 0.000000
0  1.197927 -5.117278 -0.507194  -0.275151 -0.603391 0.748472  0.621198 0.300000
0  0.937987 -5.349909 -0.790291  -0.275151 -0.603391 0.748472  0.621198 1.000000
no_material
0  -4.585842 -2.094395 -0.313207  0.016115 -0.027261 0.999498  0.418478 0.354994
0  -5.864674 -2.406545 -0.289942  -0.046396 -0.168869 0.984546  0.396739 0.300000
0  -4.963745 -2.854315 -0.319697  0.030797 -0.242878 0.969568  0.418478 0.300000
no_material
0  -3.467939 -2.683169 -0.523850  -0.132809 -0.418381 0.898510  0.461957 0.350000
0  -4.424623 -2.912663 -0.402897  0.021358 -0.177003 0.983979  0.440217 0.300000
0  -3.557374 -2.874497 -0.352558  0.093780 0.318550 0.943256  0.461957 0.300000
no_material
0  -1.855417 -3.488103 -0.577179  0.002508 -0.061279 0.998118  0.505435 0.350000
0  -2.455931 -3.301285 -0.386519  0.207565 0.393606 0.895540  0.483696 0.300000
0  -1.895354 -3.579895 -0.405034  0.254012 0.454345 0.853843  0.505435 0.300000
no_material
0  -0.734258 -4.045324 -0.614207  0.002502 -0.061291 0.998117  0.548913 0.350000
0  -1.334773 -3.858510 -0.423546  0.254009 0.454332 0.853851  0.527174 0.300000
0  -0.774195 -4.137120 -0.442062  0.254008 0.454334 0.853850  0.548913 0.300000
no_material
0  0.386901 -4.602548 -0.651235  0.002506 -0.061288 0.998117  0.592391 0.350000
0  -0.213614 -4.415730 -0.460574  0.254009 0.454344 0.853845  0.570652 0.300000
0  0.346964 -4.694345 -0.479090  0.254008 0.454332 0.853852  0.592391 0.300000
no_material
0  -7.136386 -0.659276 -0.225617  0.513080 0.015729 0.858196  0.375000 0.354994
0  -6.638348 -0.706930 -0.522504  0.513090 0.015728 0.858191  0.379760 0.872629
0  -7.248998 -0.385138 -0.217530  0.513079 0.015729 0.858197  0.247629 0.250000
no_material
0  -4.142305 -2.348787 -0.340304  0.028052 -0.126297 0.991596  0.440217 0.350000
0  -3.622830 -2.607728 -0.268876  -0.403033 -0.444183 0.800166  0.451087 0.350000
0  -4.103213 -2.287413 -0.333027  -0.095041 -0.050597 0.994187  0.440217 0.354994
no_material
0  -5.527645 -1.709936 -0.568217  -0.023065 0.020012 -0.999534  0.396739 0.900000
0  -5.792994 -1.492001 -0.557730  -0.023068 0.020010 -0.999534  0.385870 0.895007
0  -5.424648 -1.502816 -0.566446  -0.023063 0.020014 -0.999534  0.396739 0.885011
no_material
0  -3.622830 -2.607728 -0.268876  -0.327973 -0.860902 0.388950  0.451087 0.350000
0  -3.467939 -2.683169 -0.523850  -0.132809 -0.418381 0.898510  0.461957 0.350000
0  -2.891987 -2.819875 -0.289988  -0.446823 -0.802491 0.395421  0.472826 0.350000
no_material
0  -5.333002 -1.337400 -0.280810  -0.181352 0.114696 0.976707  0.396739 0.377371
0  -5.792994 -1.492001 -0.557730  -0.567273 0.370005 0.735729  0.385870 0.895007
0  -5.486773 -1.646626 -0.283452  -0.139503 0.087130 0.986381  0.396739 0.354994
no_material
0  -2.872086 -2.783600 -0.233268  -0.140905 -0.376287 0.915726  0.472826 0.354994
0  -1.958360 -3.012504 -0.258937  0.023068 -0.020004 0.999534  0.494565 0.377371
0  -2.788724 -2.615973 -0.231836  0.023065 -0.020013 0.999534  0.472826 0.377371
no_material
0  -1.225900 -3.648414 -0.288568  -0.221774 -0.501778 0.836083  0.527174 0.350000
0  -1.855417 -3.488103 -0.577179  0.002508 -0.061279 0.998118  0.505435 0.350000
0  -1.294836 -3.766713 -0.595691  0.002504 -0.061290 0.998117  0.527174 0.350000
no_material
0  1.750580 -5.121753 -0.443204  -0.369268 -0.814004 0.448373  0.625000 0.350000
0  1.529763 -5.017514 -0.436024  -0.356247 -0.839966 0.409324  0.623055 0.350000
0  1.575665 -5.189871 -0.690428  -0.362447 -0.800659 0.477050  0.625000 0.350000
no_material
0  -3.622830 -2.607728 -0.268876  -0.446656 -0.770707 0.454433  0.451087 0.350000
0  -4.142305 -2.348787 -0.340304  -0.446656 -0.770707 0.454433  0.440217 0.350000
0  -4.118944 -2.459049 -0.504343  -0.446656 -0.770707 0.454433  0.440217 0.350000
no_material
0  -0.104741 -4.205639 -0.325596  -0.221777 -0.501783 0.836079  0.570652 0.350000
0  0.512106 -4.371101 -0.343144  0.023064 -0.020017 0.999534  0.592391 0.364989
0  -0.046581 -4.088687 -0.324597  0.023066 -0.020003 0.999534  0.570652 0.364989
no_material
0  -0.665318 -3.927029 -0.307084  -0.221778 -0.501782 0.836080  0.548913 0.350000
0  -0.046581 -4.088687 -0.324597  0.023066 -0.020003 0.999534  0.570652 0.364989
0  -0.606418 -3.808587 -0.306073  0.023065 -0.020012 0.999534  0.548913 0.364989
no_material
0  -4.585842 -2.094395 -0.313207  0.016115 -0.027261 0.999498  0.418478 0.354994
0  -3.928032 -2.012368 -0.300417  -0.102895 -0.001144 0.994691  0.440217 0.377371
0  -4.432070 -1.785169 -0.310565  -0.005168 -0.030735 0.999514  0.418478 0.377371
no_material
0  -4.546268 -2.200119 -0.316236  0.076620 -0.012195 0.996986  0.429348 0.350000
0  -4.142305 -2.348787 -0.340304  0.028052 -0.126297 0.991596  0.440217 0.350000
0  -4.103213 -2.287413 -0.333027  -0.095041 -0.050597 0.994187  0.440217 0.354994
no_material
0  -1.333623 -3.162093 -0.276349  0.200324 0.419647 0.885306  0.516304 0.393867
0  -1.032291 -3.259094 -0.285243  0.156355 0.395871 0.904897  0.527174 0.400000
0  -1.311561 -3.111781 -0.365464  0.269223 0.482783 0.833330  0.516304 0.400000
no_material
0  -0.665318 -3.927029 -0.307084  -0.221778 -0.501782 0.836080  0.548913 0.350000
0  -0.173677 -4.323938 -0.632719  0.002505 -0.061282 0.998117  0.570652 0.350000
0  -0.104741 -4.205639 -0.325596  -0.221777 -0.501783 0.836079  0.570652 0.350000
no_material
0  -7.002824 -0.390693 -0.223321  -0.307686 0.496172 -0.811876  0.231133 0.250000
0  -6.638348 -0.706930 -0.522504  -0.243135 0.503911 -0.828830  0.379760 0.872629
0  -7.248998 -0.385138 -0.217530  -0.243135 0.503899 -0.828837  0.375000 0.377371
no_material
0  -0.104741 -4.205639 -0.325596  -0.221777 -0.501783 0.836079  0.570652 0.350000
0  0.386901 -4.602548 -0.651235  0.002506 -0.061288 0.998117  0.592391 0.350000
0  0.455841 -4.484250 -0.344112  -0.221778 -0.501786 0.836077  0.592391 0.350000
no_material
0  -4.833918 -0.333792 -0.272236  0.100123 0.125093 0.987080  0.396739 0.450000
0  -5.493009 -0.839701 -0.267155  -0.405932 0.079580 0.910432  0.385870 0.400000
0  -5.219650 -1.109461 -0.278861  0.023065 -0.020009 0.999534  0.396739 0.393867
no_material
0  1.809361 -4.697493 -0.469232  0.499230 0.621449 0.603797  0.623055 0.400000
0  2.155178 -4.659473 -0.553281  0.335966 0.409157 0.848362  0.625000 0.450000
0  1.842997 -4.433413 -0.541552  0.368280 0.425461 0.826652  0.621198 0.450000
no_material
0  -6.057723 0.316834 -0.230968  -0.347383 0.786820 0.510137  0.175000 0.250000
0  -7.002824 -0.390693 -0.223321  -0.880558 -0.130743 0.455548  0.375000 0.393867
0  -6.326784 -0.410425 -0.239318  -0.200535 0.278009 0.939413  0.379760 0.400000
no_material
0  -0.177616 -2.918582 -0.715877  0.336621 0.907156 -0.252496  0.548913 0.750000
0  -0.985563 -3.154080 -0.450666  0.299596 0.437164 0.848015  0.527174 0.450000
0  -0.362702 -3.307450 -0.468110  0.203010 0.549743 0.810290  0.548913 0.450000
no_material
0  -4.449004 0.459105 -0.549686  0.460124 0.875543 -0.147345  0.396739 0.750000
0  -5.290939 -0.104220 -0.541533  0.906268 -0.421109 -0.036668  0.385870 0.800000
0  -4.934372 0.666549 -0.534334  0.317893 0.943325 -0.095300  0.385352 0.750000
no_material
0  -3.300745 -1.957843 -0.296459  0.204466 0.337443 0.918872  0.451087 0.400000
0  -2.249969 -1.628021 -0.357774  0.430350 0.272893 0.860424  0.472826 0.500000
0  -2.725498 -0.854042 -0.331307  0.298124 0.727594 0.617842  0.451087 0.500000
no_material
0  -5.152539 0.717602 -0.528276  0.406231 0.897232 -0.173064  0.380640 0.750000
0  -5.725648 0.135661 -0.526698  -0.155839 0.224884 -0.961843  0.379760 0.800000
0  -5.397821 0.810583 -0.520752  0.120634 0.986126 -0.114028  0.375000 0.750000
no_material
0  -0.251629 0.227492 0.269127  -0.003493 0.615450 0.788168  0.494565 0.393867
0  -1.730956 0.242370 0.176435  0.072505 0.635031 0.769076  0.472826 0.400000
0  -1.730956 0.204535 0.272480  0.052447 0.560999 0.826153  0.472826 0.393867
no_material
0  -1.870804 -2.830486 -0.346929  0.244160 0.447406 0.860357  0.494565 0.400000
0  -0.973051 -2.428179 -0.403260  0.705332 0.588243 0.395570  0.516304 0.500000
0  -1.693118 -2.274280 -0.383563  0.364333 0.442032 0.819677  0.494565 0.500000
no_material
0  0.972287 -3.417998 -0.752411  0.334375 0.893819 -0.298800  0.592391 0.750000
0  0.202078 -3.577615 -0.486552  0.217214 0.496316 0.840529  0.570652 0.450000
0  0.857121 -3.666267 -0.503444  0.224785 0.501651 0.835355  0.592391 0.450000
no_material
0  1.677836 -4.633966 -0.375310  0.251605 0.222113 0.941998  0.621198 0.400000
0  1.340240 -4.100644 -0.523287  0.334242 0.391683 0.857244  0.614130 0.450000
0  1.203128 -4.387407 -0.359418  0.144134 0.174983 0.973964  0.614130 0.400000
no_material
0  0.089265 -3.815516 -0.322267  0.116811 0.209111 0.970890  0.570652 0.400000
0  -0.524391 -3.643638 -0.304661  0.023067 -0.020013 0.999534  0.548913 0.385864
0  0.034416 -3.925813 -0.323208  0.023069 -0.020001 0.999534  0.570652 0.385864
no_material
0  -2.725498 -0.854042 -0.331307  0.298124 0.727594 0.617842  0.451087 0.500000
0  -3.408634 -1.042168 -0.319307  0.057278 0.221975 0.973369  0.440217 0.450000
0  -3.300745 -1.957843 -0.296459  0.204466 0.337443 0.918872  0.451087 0.400000
no_material
0  -2.348841 -1.039876 -0.628159  0.655156 0.635662 -0.408295  0.461957 0.750000
0  -2.725498 -0.854042 -0.331307  0.298124 0.727594 0.617842  0.451087 0.500000
0  -2.249969 -1.628021 -0.357774  0.430350 0.272893 0.860424  0.472826 0.500000
no_material
0  1.203128 -4.387407 -0.359418  0.144134 0.174983 0.973964  0.614130 0.400000
0  0.590468 -4.213525 -0.341797  0.023068 -0.020006 0.999534  0.592391 0.385864
0  1.150339 -4.493556 -0.360325  0.023069 -0.020010 0.999534  0.614130 0.385864
no_material
0  -5.656434 0.095396 -0.244661  0.131489 0.213727 0.968004  0.380640 0.450000
0  -5.397821 0.810583 -0.520752  0.120634 0.986126 -0.114028  0.125000 0.000000
0  -6.057723 0.316834 -0.230968  -0.347383 0.786820 0.510137  0.375000 0.450000
no_material
0  -0.488694 -3.544133 -0.721221  -0.023071 0.020001 -0.999534  0.548913 0.850000
0  -0.857742 -2.880366 -0.699414  0.600150 0.413043 -0.684993  0.527174 0.750000
0  -0.177616 -2.918582 -0.715877  0.336621 0.907156 -0.252496  0.548913 0.750000
no_material
0  -1.341235 -2.446741 -0.679574  0.230760 0.525957 -0.818608  0.505435 0.750000
0  -1.693118 -2.274280 -0.383563  0.364333 0.442032 0.819677  0.494565 0.500000
0  -0.973051 -2.428179 -0.403260  0.705332 0.588243 0.395570  0.516304 0.500000
no_material
0  -1.693118 -2.274280 -0.383563  0.364333 0.442032 0.819677  0.494565 0.500000
0  -1.905806 -1.926710 -0.656135  0.582702 0.514579 -0.629020  0.483696 0.750000
0  -2.249969 -1.628021 -0.357774  0.430350 0.272893 0.860424  0.472826 0.500000
no_material
0  0.079635 -3.807160 -0.739601  -0.023068 0.020005 -0.999534  0.570652 0.850000
0  -0.177616 -2.918582 -0.715877  0.336621 0.907156 -0.252496  0.548913 0.750000
0  0.312934 -3.338020 -0.735593  0.284033 0.868708 -0.405798  0.570652 0.750000
no_material
0  -3.272031 -0.748595 -0.601024  0.193614 0.849585 -0.490631  0.440217 0.750000
0  -3.865655 -0.812593 -0.588608  -0.023066 0.020010 -0.999534  0.429348 0.800000
0  -3.620176 -0.133651 -0.580679  0.536596 0.824543 -0.179423  0.418478 0.750000
no_material
0  -1.678800 -3.125552 -0.685373  -0.023072 0.020000 -0.999534  0.505435 0.864136
0  -2.170434 -2.708298 -0.665677  -0.023064 0.020013 -0.999534  0.483696 0.850000
0  -1.629676 -3.026768 -0.684532  -0.023072 0.020001 -0.999534  0.505435 0.850000
no_material
0  -2.249969 -1.628021 -0.357774  0.430350 0.272893 0.860424  0.472826 0.500000
0  -1.905806 -1.926710 -0.656135  0.582702 0.514579 -0.629020  0.483696 0.750000
0  -2.348841 -1.039876 -0.628159  0.655156 0.635662 -0.408295  0.461957 0.750000
no_material
0  -6.704725 -1.170437 -0.245811  -0.500992 -0.167457 0.849097  0.379760 0.350000
0  -7.244040 -0.856878 -0.511527  -0.864199 0.297289 -0.405930  0.375000 0.900000
0  -7.115748 -2.644007 -0.550264  -0.962135 -0.206301 -0.178148  0.375000 0.000000
no_material
0  -5.281201 -1.214363 -0.563980  -0.023069 0.020006 -0.999534  0.396739 0.864136
0  -4.523716 -1.950585 -0.596201  -0.023065 0.020013 -0.999534  0.418478 0.885011
0  -5.424648 -1.502816 -0.566446  -0.023063 0.020014 -0.999534  0.396739 0.885011
no_material
0  2.155178 -4.659473 -0.553281  0.335966 0.409157 0.848362  0.625000 0.450000
0  1.960216 -4.181019 -0.790484  0.578907 0.739354 -0.343834  0.621198 0.750000
0  1.842997 -4.433413 -0.541552  0.368280 0.425461 0.826652  0.621198 0.450000
no_material
0  -3.620176 -0.133651 -0.580679  0.536596 0.824543 -0.179423  0.418478 0.750000
0  -4.390011 -0.551985 -0.571288  -0.023067 0.020011 -0.999534  0.407609 0.800000
0  -4.449004 0.459105 -0.549686  0.460124 0.875543 -0.147345  0.396739 0.750000
no_material
0  0.613741 -4.139007 -0.758569  -0.023067 0.020008 -0.999534  0.592391 0.850000
0  0.312934 -3.338020 -0.735593  0.284033 0.868708 -0.405798  0.570652 0.750000
0  0.972287 -3.417998 -0.752411  0.334375 0.893819 -0.298800  0.592391 0.750000
no_material
0  -3.223772 -2.184783 -0.630887  -0.023060 0.020019 -0.999534  0.461957 0.850000
0  -3.272031 -0.748595 -0.601024  0.193614 0.849585 -0.490631  0.440217 0.750000
0  -2.348841 -1.039876 -0.628159  0.655156 0.635662 -0.408295  0.461957 0.750000
no_material
0  -2.170434 -2.708298 -0.665677  -0.023064 0.020013 -0.999534  0.483696 0.850000
0  -2.348841 -1.039876 -0.628159  0.655156 0.635662 -0.408295  0.461957 0.750000
0  -1.905806 -1.926710 -0.656135  0.582702 0.514579 -0.629020  0.483696 0.750000
no_material
0  -1.629676 -3.026768 -0.684532  -0.023072 0.020001 -0.999534  0.505435 0.850000
0  -1.905806 -1.926710 -0.656135  0.582702 0.514579 -0.629020  0.483696 0.750000
0  -1.341235 -2.446741 -0.679574  0.230760 0.525957 -0.818608  0.505435 0.750000
no_material
0  -1.124975 -3.417747 -0.704005  -0.023071 0.020000 -0.999534  0.527174 0.850000
0  -1.341235 -2.446741 -0.679574  0.230760 0.525957 -0.818608  0.505435 0.750000
0  -0.857742 -2.880366 -0.699414  0.600150 0.413043 -0.684993  0.527174 0.750000
no_material
0  -3.758777 -1.727395 -0.609385  -0.023064 0.020012 -0.999534  0.440217 0.850000
0  -3.865655 -0.812593 -0.588608  -0.023066 0.020010 -0.999534  0.429348 0.800000
0  -3.272031 -0.748595 -0.601024  0.193614 0.849585 -0.490631  0.440217 0.750000
no_material
0  1.842997 -4.433413 -0.541552  0.368280 0.425461 0.826652  0.621198 0.450000
0  1.525325 -3.711775 -0.771054  0.566321 0.768761 -0.297132  0.614130 0.750000
0  1.340240 -4.100644 -0.523287  0.334242 0.391683 0.857244  0.614130 0.450000
no_material
0  -3.277738 -2.293305 -0.631817  -0.023059 0.020019 -0.999534  0.461957 0.864136
0  -3.758777 -1.727395 -0.609385  -0.023064 0.020012 -0.999534  0.440217 0.850000
0  -3.223772 -2.184783 -0.630887  -0.023060 0.020019 -0.999534  0.461957 0.850000
no_material
0  -2.725498 -0.854042 -0.331307  0.298124 0.727594 0.617842  0.451087 0.500000
0  -2.348841 -1.039876 -0.628159  0.655156 0.635662 -0.408295  0.461957 0.750000
0  -3.272031 -0.748595 -0.601024  0.193614 0.849585 -0.490631  0.440217 0.750000
no_material
0  1.193042 -4.379968 -0.776761  -0.023065 0.020012 -0.999534  0.614130 0.850000
0  1.566277 -4.779952 -0.793382  -0.023061 0.020013 -0.999534  0.621198 0.864136
0  1.138317 -4.490018 -0.777702  -0.023063 0.020016 -0.999534  0.614130 0.864136
no_material
0  1.960216 -4.181019 -0.790484  0.578907 0.739354 -0.343834  0.621198 0.750000
0  1.901635 -4.839821 -0.802318  0.532300 -0.536312 -0.655001  0.625000 0.850000
0  1.629051 -4.704345 -0.793316  -0.023064 0.020009 -0.999534  0.621198 0.850000
no_material
0  -6.900456 -0.165960 -0.505628  -0.935372 0.114599 -0.334585  0.225000 0.000000
0  -5.397821 0.810583 -0.520752  0.120634 0.986126 -0.114028  0.375000 0.750000
0  -5.725648 0.135661 -0.526698  -0.155839 0.224884 -0.961843  0.379760 0.800000
no_material
0  -4.390011 -0.551985 -0.571288  -0.023067 0.020011 -0.999534  0.407609 0.800000
0  -4.251387 -1.588266 -0.595232  -0.023068 0.020005 -0.999534  0.429348 0.856133
0  -4.775743 -1.327658 -0.577916  -0.023072 0.020000 -0.999534  0.407609 0.856133
no_material
0  -0.973051 -2.428179 -0.403260  0.705332 0.588243 0.395570  0.516304 0.500000
0  -0.857742 -2.880366 -0.699414  0.600150 0.413043 -0.684993  0.527174 0.750000
0  -1.341235 -2.446741 -0.679574  0.230760 0.525957 -0.818608  0.505435 0.750000
no_material
0  -1.693118 -2.274280 -0.383563  0.364333 0.442032 0.819677  0.494565 0.500000
0  -1.341235 -2.446741 -0.679574  0.230760 0.525957 -0.818608  0.505435 0.750000
0  -1.905806 -1.926710 -0.656135  0.582702 0.514579 -0.629020  0.483696 0.750000
no_material
0  -1.678800 -3.125552 -0.685373  -0.023072 0.020000 -0.999534  0.505435 0.864136
0  -1.207507 -3.583715 -0.705425  -0.023064 0.020015 -0.999534  0.527174 0.885011
0  -1.751336 -3.271418 -0.686620  -0.023067 0.020011 -0.999534  0.505435 0.885011
no_material
0  0.564305 -4.238411 -0.759418  -0.023068 0.020008 -0.999534  0.592391 0.864136
0  0.079635 -3.807160 -0.739601  -0.023068 0.020005 -0.999534  0.570652 0.850000
0  0.613741 -4.139007 -0.758569  -0.023067 0.020008 -0.999534  0.592391 0.850000
no_material
0  -4.380272 -1.662129 -0.593735  -0.023069 0.020006 -0.999534  0.418478 0.864136
0  -4.775743 -1.327658 -0.577916  -0.023072 0.020000 -0.999534  0.407609 0.856133
0  -4.251387 -1.588266 -0.595232  -0.023068 0.020005 -0.999534  0.429348 0.856133
no_material
0  -4.626717 -2.157706 -0.597972  -0.023065 0.020011 -0.999534  0.418478 0.900000
0  -5.424648 -1.502816 -0.566446  -0.023063 0.020014 -0.999534  0.396739 0.885011
0  -4.523716 -1.950585 -0.596201  -0.023065 0.020013 -0.999534  0.418478 0.885011
no_material
0  -6.893534 -2.783372 -0.558185  -0.774970 -0.595878 -0.210597  0.380640 1.000000
0  -6.756407 -1.937093 -0.544407  -0.023014 0.020001 -0.999535  0.379760 0.950000
0  -6.643031 -1.295742 -0.534183  0.080362 0.148371 -0.985661  0.380640 0.900000
no_material
0  -5.725648 0.135661 -0.526698  -0.155839 0.224884 -0.961843  0.379760 0.800000
0  -6.333339 -0.404738 -0.523495  -0.023064 0.020012 -0.999534  0.379760 0.850000
0  -6.900456 -0.165960 -0.505628  -0.935372 0.114599 -0.334585  0.375000 0.850000
no_material
0  -5.517498 -0.810216 -0.550438  -0.023065 0.020006 -0.999534  0.385870 0.850000
0  -5.290939 -0.104220 -0.541533  0.906268 -0.421109 -0.036668  0.385870 0.800000
0  -5.184061 -1.019019 -0.562314  -0.023071 0.020007 -0.999534  0.396739 0.850000
no_material
0  -6.262701 -3.188064 -0.580845  -0.420907 -0.892471 -0.162275  0.396739 1.000000
0  -6.321698 -2.176974 -0.559242  -0.882331 0.469946 0.025356  0.385870 0.950000
0  -5.527645 -1.709936 -0.568217  -0.023065 0.020012 -0.999534  0.396739 0.900000
no_material
0  1.138317 -4.490018 -0.777702  -0.023063 0.020016 -0.999534  0.614130 0.864136
0  0.613741 -4.139007 -0.758569  -0.023067 0.020008 -0.999534  0.592391 0.850000
0  1.193042 -4.379968 -0.776761  -0.023065 0.020012 -0.999534  0.614130 0.850000
no_material
0  -4.775743 -1.327658 -0.577916  -0.023072 0.020000 -0.999534  0.407609 0.856133
0  -5.184061 -1.019019 -0.562314  -0.023071 0.020007 -0.999534  0.396739 0.850000
0  -4.390011 -0.551985 -0.571288  -0.023067 0.020011 -0.999534  0.407609 0.800000
no_material
0  1.575665 -5.189871 -0.690428  -0.368927 -0.799044 0.474785  0.625000 0.350000
0  1.529763 -5.017514 -0.436024  -0.347303 -0.821410 0.452401  0.623055 0.350000
0  1.355017 -5.083707 -0.683209  -0.363896 -0.825678 0.431086  0.621198 0.350000
no_material
0  1.864573 -4.853626 -0.384014  0.491590 -0.455701 0.742076  0.625000 0.385864
0  1.500061 -4.866050 -0.375854  0.023069 -0.020006 0.999534  0.621198 0.364989
0  1.737002 -4.979545 -0.383594  0.491793 -0.238571 0.837391  0.625000 0.364989
no_material
0  1.750580 -5.121753 -0.443204  0.536524 -0.838830 0.092230  0.725000 0.250000
0  1.735428 -5.128247 -0.804259  0.643224 -0.481969 -0.594953  0.725000 0.000000
0  1.770388 -5.086280 -0.446264  0.961351 -0.232163 0.148000  0.729993 0.250000
no_material
0  1.948895 -4.766560 -0.473835  0.639454 -0.767943 0.036912  0.775000 0.250000
0  1.901635 -4.839821 -0.802318  0.532300 -0.536312 -0.655001  0.775000 0.000000
0  2.155178 -4.659473 -0.553281  0.653163 -0.744769 -0.136737  0.825000 0.250000
no_material
0  -0.524391 -3.643638 -0.304661  0.023067 -0.020013 0.999534  0.548913 0.385864
0  -1.167859 -3.531705 -0.287573  0.023067 -0.020005 0.999534  0.527174 0.364989
0  -0.606418 -3.808587 -0.306073  0.023065 -0.020012 0.999534  0.548913 0.364989
no_material
0  -7.248998 -0.385138 -0.217530  -0.513077 -0.015701 -0.858199  0.247629 0.250000
0  -6.710744 -1.035875 -0.527419  -0.513097 -0.015727 -0.858187  0.379760 0.895007
0  -7.136386 -0.659276 -0.225617  -0.513072 -0.015707 -0.858202  0.375000 0.354994
no_material
0  -4.380272 -1.662129 -0.593735  -0.023069 0.020006 -0.999534  0.418478 0.864136
0  -3.999360 -2.211189 -0.613521  -0.023069 0.020007 -0.999534  0.440217 0.885011
0  -4.523716 -1.950585 -0.596201  -0.023065 0.020013 -0.999534  0.418478 0.885011
no_material
0  -4.102361 -2.418313 -0.615288  -0.023067 0.020006 -0.999534  0.440217 0.900000
0  -4.523716 -1.950585 -0.596201  -0.023065 0.020013 -0.999534  0.418478 0.885011
0  -3.999360 -2.211189 -0.613521  -0.023069 0.020007 -0.999534  0.440217 0.885011
no_material
0  -3.414653 -2.568624 -0.634166  -0.023071 0.019999 -0.999534  0.461957 0.900000
0  -3.999360 -2.211189 -0.613521  -0.023069 0.020007 -0.999534  0.440217 0.885011
0  -3.357430 -2.453555 -0.633186  -0.023069 0.020001 -0.999534  0.461957 0.885011
no_material
0  -2.364000 -3.097544 -0.669003  -0.023062 0.020016 -0.999534  0.483696 0.900000
0  -3.357430 -2.453555 -0.633186  -0.023069 0.020001 -0.999534  0.461957 0.885011
0  -2.305975 -2.980855 -0.668003  -0.023065 0.020009 -0.999534  0.483696 0.885011
no_material
0  -2.305975 -2.980855 -0.668003  -0.023065 0.020009 -0.999534  0.483696 0.885011
0  -1.803423 -3.376155 -0.687515  -0.023064 0.020013 -0.999534  0.505435 0.900000
0  -2.364000 -3.097544 -0.669003  -0.023062 0.020016 -0.999534  0.483696 0.900000
no_material
0  -0.682264 -3.933379 -0.724543  -0.023067 0.020006 -0.999534  0.548913 0.900000
0  -1.207507 -3.583715 -0.705425  -0.023064 0.020015 -0.999534  0.527174 0.885011
0  -0.624235 -3.816690 -0.723547  -0.023067 0.020008 -0.999534  0.548913 0.885011
no_material
0  -0.624235 -3.816690 -0.723547  -0.023067 0.020008 -0.999534  0.548913 0.885011
0  -0.121682 -4.211990 -0.743059  -0.023067 0.020013 -0.999534  0.570652 0.900000
0  -0.682264 -3.933379 -0.724543  -0.023067 0.020006 -0.999534  0.548913 0.900000
no_material
0  -3.589286 -2.544016 -0.211920  -0.208692 -0.315673 0.925634  0.451087 0.354994
0  -2.788724 -2.615973 -0.231836  0.023065 -0.020013 0.999534  0.472826 0.377371
0  -3.444794 -2.253456 -0.209439  -0.074033 0.007662 0.997226  0.451087 0.377371
no_material
0  0.491310 -4.385200 -0.760671  -0.023063 0.020017 -0.999534  0.592391 0.885011
0  0.999472 -4.769215 -0.780086  -0.023070 0.020005 -0.999534  0.614130 0.900000
0  0.438895 -4.490604 -0.761574  -0.023062 0.020017 -0.999534  0.592391 0.900000
no_material
0  1.473574 -4.891595 -0.793478  -0.023062 0.020014 -0.999534  0.621198 0.885011
0  1.735428 -5.128247 -0.804259  0.643224 -0.481969 -0.594953  0.625000 0.900000
0  1.407011 -4.971763 -0.793548  -0.023066 0.020009 -0.999534  0.621198 0.900000
no_material
0  -7.244040 -0.856878 -0.511527  -0.864199 0.297289 -0.405930  0.375000 0.900000
0  -6.711285 -1.164746 -0.529985  -0.023068 0.020008 -0.999534  0.379760 0.900000
0  -6.756407 -1.937093 -0.544407  -0.023014 0.020001 -0.999535  0.379760 0.950000
no_material
0  -6.817708 -2.841177 -0.561090  -0.212077 -0.522702 0.825716  0.382663 0.000000
0  -6.687190 -1.977358 -0.262371  -0.127676 -0.010247 0.991763  0.380640 0.300000
0  -6.893534 -2.783372 -0.558185  -0.774970 -0.595878 -0.210597  0.380640 1.000000
no_material
0  -4.546268 -2.200119 -0.316236  0.076620 -0.012195 0.996986  0.429348 0.350000
0  -4.585842 -2.094395 -0.313207  0.016115 -0.027261 0.999498  0.418478 0.354994
0  -4.963745 -2.854315 -0.319697  0.030797 -0.242878 0.969568  0.418478 0.300000
no_material
0  2.272401 -4.407084 -0.802214  0.883989 0.327033 -0.334084  0.875000 0.000000
0  2.155178 -4.659473 -0.553281  0.653163 -0.744769 -0.136737  0.825000 0.250000
0  1.901635 -4.839821 -0.802318  0.532300 -0.536312 -0.655001  0.625000 0.850000
no_material
0  -1.242845 -3.654769 -0.706031  -0.023070 0.020004 -0.999534  0.527174 0.900000
0  -1.751336 -3.271418 -0.686620  -0.023067 0.020011 -0.999534  0.505435 0.885011
0  -1.207507 -3.583715 -0.705425  -0.023064 0.020015 -0.999534  0.527174 0.885011
no_material
0  0.491310 -4.385200 -0.760671  -0.023063 0.020017 -0.999534  0.592391 0.885011
0  0.022714 -3.921619 -0.740578  -0.023071 0.020002 -0.999534  0.570652 0.864136
0  0.564305 -4.238411 -0.759418  -0.023068 0.020008 -0.999534  0.592391 0.864136
no_material
0  0.438895 -4.490604 -0.761574  -0.023062 0.020017 -0.999534  0.592391 0.900000
0  -0.061335 -4.090631 -0.742021  -0.023066 0.020012 -0.999534  0.570652 0.885011
0  0.491310 -4.385200 -0.760671  -0.023063 0.020017 -0.999534  0.592391 0.885011
no_material
0  -3.622830 -2.607728 -0.268876  -0.327973 -0.860902 0.388950  0.451087 0.350000
0  -4.118944 -2.459049 -0.504343  -0.055388 0.146190 0.987705  0.440217 0.350000
0  -3.467939 -2.683169 -0.523850  -0.132809 -0.418381 0.898510  0.461957 0.350000
no_material
0  1.809361 -4.697493 -0.469232  0.499230 0.621449 0.603797  0.623055 0.400000
0  1.948895 -4.766560 -0.473835  0.190005 0.322053 0.927459  0.625000 0.400000
0  2.155178 -4.659473 -0.553281  0.335966 0.409157 0.848362  0.625000 0.450000
no_material
0  -5.864674 -2.406545 -0.289942  -0.046396 -0.168869 0.984546  0.396739 0.300000
0  -5.289670 -3.490842 -0.609357  -0.078478 -0.972052 -0.221258  0.418478 0.000000
0  -4.963745 -2.854315 -0.319697  0.030797 -0.242878 0.969568  0.418478 0.300000
no_material
0  -0.365414 -4.702107 -0.747245  -0.228075 -0.399900 -0.887728  0.570652 0.000000
0  -0.682264 -3.933379 -0.724543  -0.023067 0.020006 -0.999534  0.548913 0.900000
0  -0.121682 -4.211990 -0.743059  -0.023067 0.020013 -0.999534  0.570652 0.900000
no_material
0  -3.557374 -2.874497 -0.352558  0.009946 -0.399030 0.916884  0.461957 0.300000
0  -2.607732 -3.587662 -0.673189  0.010081 -0.398676 0.917036  0.483696 0.000000
0  -2.455931 -3.301285 -0.386519  0.009924 -0.399013 0.916891  0.483696 0.300000
no_material
0  0.312934 -3.338020 -0.735593  0.284033 0.868708 -0.405798  0.570652 0.750000
0  -0.362702 -3.307450 -0.468110  0.203010 0.549743 0.810290  0.548913 0.450000
0  0.202078 -3.577615 -0.486552  0.217214 0.496316 0.840529  0.570652 0.450000
no_material
0  -2.455931 -3.301285 -0.386519  0.207565 0.393606 0.895540  0.483696 0.300000
0  -2.047154 -3.866272 -0.691705  -0.228066 -0.399899 -0.887731  0.505435 0.000000
0  -1.895354 -3.579895 -0.405034  0.254012 0.454345 0.853843  0.505435 0.300000
no_material
0  0.195163 -4.980722 -0.765761  -0.228074 -0.399903 -0.887728  0.592391 0.000000
0  -0.121682 -4.211990 -0.743059  -0.023067 0.020013 -0.999534  0.570652 0.900000
0  0.438895 -4.490604 -0.761574  -0.023062 0.020017 -0.999534  0.592391 0.900000
no_material
0  -1.895354 -3.579895 -0.405034  -0.275170 -0.603381 0.748474  0.505435 0.300000
0  -1.486573 -4.144886 -0.710217  -0.275170 -0.603381 0.748474  0.527174 0.000000
0  -1.334773 -3.858510 -0.423546  -0.275170 -0.603381 0.748474  0.527174 0.300000
no_material
0  -7.136386 -0.659276 -0.225617  -0.960003 0.153918 0.233888  0.270006 0.250000
0  -7.244040 -0.856878 -0.511527  -0.864199 0.297289 -0.405930  0.275000 0.000000
0  -6.704725 -1.170437 -0.245811  -0.500992 -0.167457 0.849097  0.379760 0.350000
no_material
0  -0.213614 -4.415730 -0.460574  0.254009 0.454344 0.853845  0.570652 0.300000
0  0.195163 -4.980722 -0.765761  -0.228074 -0.399903 -0.887728  0.592391 0.000000
0  0.346964 -4.694345 -0.479090  0.254008 0.454332 0.853852  0.592391 0.300000
no_material
0  -5.990704 -1.599740 -0.555322  -0.385485 0.492965 -0.779991  0.385352 0.900000
0  -6.747194 -2.847277 -0.562842  -0.379796 -0.549821 0.743943  0.384086 1.000000
0  -6.231376 -1.594219 -0.549658  0.153265 0.956743 -0.247292  0.384086 0.900000
no_material
0  -3.774407 -2.121615 0.190036  0.283845 -0.958861 0.004114  0.418478 0.000000
0  -4.780913 -0.398877 -0.061405  0.000002 -0.144424 -0.989516  0.396739 0.900000
0  -3.774407 -0.398877 -0.061405  -0.000000 -0.144424 -0.989516  0.418478 0.900000
no_material
0  1.770388 -5.086280 -0.446264  0.961351 -0.232163 0.148000  0.625000 0.354994
0  1.737002 -4.979545 -0.383594  0.491793 -0.238571 0.837391  0.625000 0.364989
0  1.645403 -5.069960 -0.383289  -0.141549 -0.675265 0.723866  0.625000 0.350000
no_material
0  0.937987 -5.349909 -0.790291  -0.272134 -0.492593 -0.826617  0.621198 1.000000
0  1.735428 -5.128247 -0.804259  0.643224 -0.481969 -0.594953  0.725000 0.000000
0  1.036034 -5.398639 -0.793532  0.063052 -0.201861 -0.977383  0.625000 0.000000
no_material
0  -2.767897 -1.480596 0.096476  0.282347 -0.956001 -0.079644  0.440217 0.000000
0  -3.774407 -0.398877 -0.061405  -0.000000 -0.144424 -0.989516  0.418478 0.900000
0  -2.767897 -0.398877 -0.061405  -0.000001 -0.144424 -0.989516  0.440217 0.900000
no_material
0  -4.449004 0.459105 -0.549686  0.460124 0.875543 -0.147345  0.396739 0.750000
0  -5.321173 -0.089605 -0.256101  -0.085876 0.068978 0.993915  0.385352 0.450000
0  -4.833918 -0.333792 -0.272236  0.100123 0.125093 0.987080  0.396739 0.450000
no_material
0  -5.486773 -1.646626 -0.283452  -0.139503 0.087130 0.986381  0.396739 0.354994
0  -5.888884 -1.575915 -0.272757  -0.356745 0.280079 0.891229  0.385870 0.350000
0  -5.864674 -2.406545 -0.289942  -0.046396 -0.168869 0.984546  0.396739 0.300000
no_material
0  -3.272031 -0.748595 -0.601024  0.193614 0.849585 -0.490631  0.440217 0.750000
0  -3.932986 -0.781561 -0.301992  0.151380 0.156367 0.976029  0.418478 0.450000
0  -3.408634 -1.042168 -0.319307  0.057278 0.221975 0.973369  0.440217 0.450000
no_material
0  -4.142305 -2.348787 -0.340304  0.795712 -0.444108 0.411838  0.440217 0.350000
0  -4.424623 -2.912663 -0.402897  0.795712 -0.444108 0.411838  0.440217 0.300000
0  -4.118944 -2.459049 -0.504343  0.795712 -0.444108 0.411838  0.440217 0.350000
no_material
0  0.907541 -4.972955 -0.497602  0.398202 0.767853 0.501835  0.614130 0.300000
0  1.355017 -5.083707 -0.683209  0.398202 0.767853 0.501835  0.621198 0.350000
0  0.947478 -4.881159 -0.669747  0.398202 0.767853 0.501835  0.614130 0.350000
no_material
0  1.735428 -5.128247 -0.804259  0.643224 -0.481969 -0.594953  0.725000 0.000000
0  1.460630 -5.247842 -0.515871  0.420418 -0.907096 0.020635  0.675000 0.250000
0  1.036034 -5.398639 -0.793532  0.063052 -0.201861 -0.977383  0.625000 1.000000
no_material
0  1.016418 -4.762864 -0.362624  -0.221775 -0.501782 0.836081  0.614130 0.350000
0  1.500061 -4.866050 -0.375854  0.023069 -0.020006 0.999534  0.621198 0.364989
0  1.072390 -4.650306 -0.361663  0.023070 -0.020007 0.999534  0.614130 0.364989
no_material
0  -2.347059 -3.091194 -0.251540  -0.234872 -0.500835 0.833066  0.483696 0.350000
0  -2.872086 -2.783600 -0.233268  -0.140905 -0.376287 0.915726  0.472826 0.354994
0  -2.891987 -2.819875 -0.289988  -0.446823 -0.802491 0.395421  0.472826 0.350000
no_material
0  1.677836 -4.633966 -0.375310  0.251605 0.222113 0.941998  0.621198 0.400000
0  1.150339 -4.493556 -0.360325  0.023069 -0.020010 0.999534  0.614130 0.385864
0  1.606056 -4.727676 -0.375530  0.023065 -0.020009 0.999534  0.621198 0.385864
no_material
0  -5.493009 -0.839701 -0.267155  -0.651300 -0.675033 0.346610  0.385870 0.400000
0  -5.525870 -0.954840 -0.553139  -0.651300 -0.675033 0.346610  0.385870 0.856133
0  -5.219650 -1.109461 -0.278861  -0.651300 -0.675033 0.346610  0.396739 0.393867
no_material
0  1.355017 -5.083707 -0.683209  -0.363896 -0.825678 0.431086  0.621198 0.350000
0  1.529763 -5.017514 -0.436024  -0.347303 -0.821410 0.452401  0.623055 0.350000
0  1.423957 -4.965412 -0.376086  -0.191851 -0.541675 0.818402  0.621198 0.350000
no_material
0  1.629051 -4.704345 -0.793316  -0.023064 0.020009 -0.999534  0.621198 0.850000
0  1.854645 -4.921366 -0.802866  0.584802 -0.422336 -0.692560  0.625000 0.864136
0  1.566277 -4.779952 -0.793382  -0.023061 0.020013 -0.999534  0.621198 0.864136
no_material
0  -4.390011 -0.551985 -0.571288  -0.023067 0.020011 -0.999534  0.407609 0.800000
0  -5.290939 -0.104220 -0.541533  0.906268 -0.421109 -0.036668  0.385870 0.800000
0  -4.449004 0.459105 -0.549686  0.460124 0.875543 -0.147345  0.396739 0.750000
no_material
0  -6.704725 -1.170437 -0.245811  -0.500992 -0.167457 0.849097  0.379760 0.350000
0  -6.893534 -2.783372 -0.558185  -0.774970 -0.595878 -0.210597  0.380640 0.000000
0  -6.687190 -1.977358 -0.262371  -0.127676 -0.010247 0.991763  0.380640 0.300000
no_material
0  -5.574372 -1.235734 -0.557645  -0.648194 0.196849 0.735592  0.385870 0.872629
0  -5.219650 -1.109461 -0.278861  -0.648192 0.196849 0.735593  0.396739 0.393867
0  -5.525870 -0.954840 -0.553139  -0.648199 0.196847 0.735588  0.385870 0.856133
no_material
0  1.948895 -4.766560 -0.473835  0.443802 0.896092 0.007681  0.625000 0.400000
0  1.809361 -4.697493 -0.469232  0.499230 0.621449 0.603797  0.623055 0.400000
0  1.950959 -4.768351 -0.384304  0.804727 0.155922 0.572802  0.625000 0.400000
no_material
0  -2.415994 -3.209488 -0.558664  -0.047665 -0.093341 0.994493  0.483696 0.350000
0  -3.557374 -2.874497 -0.352558  0.093780 0.318550 0.943256  0.461957 0.300000
0  -2.455931 -3.301285 -0.386519  0.207565 0.393606 0.895540  0.483696 0.300000
no_material
0  -3.589286 -2.544016 -0.211920  -0.208692 -0.315673 0.925634  0.451087 0.354994
0  -2.891987 -2.819875 -0.289988  -0.446823 -0.802491 0.395421  0.472826 0.350000
0  -2.872086 -2.783600 -0.233268  -0.140905 -0.376287 0.915726  0.472826 0.354994
no_material
0  -1.294836 -3.766713 -0.595691  0.002504 -0.061290 0.998117  0.527174 0.350000
0  -1.895354 -3.579895 -0.405034  0.254012 0.454345 0.853843  0.505435 0.300000
0  -1.334773 -3.858510 -0.423546  0.254009 0.454332 0.853851  0.527174 0.300000
no_material
0  -7.248998 -0.385138 -0.217530  0.243084 -0.503911 0.828845  0.375000 0.377371
0  -6.443620 -0.498710 -0.522832  0.243130 -0.503917 0.828828  0.379760 0.856133
0  -7.002824 -0.390693 -0.223321  0.316324 -0.519901 0.793500  0.231133 0.250000
no_material
0  -1.786477 -3.369804 -0.270056  -0.221777 -0.501791 0.836075  0.505435 0.350000
0  -1.167859 -3.531705 -0.287573  0.023067 -0.020005 0.999534  0.527174 0.364989
0  -1.727141 -3.250479 -0.269034  0.023070 -0.020007 0.999534  0.505435 0.364989
no_material
0  -1.225900 -3.648414 -0.288568  -0.221774 -0.501778 0.836083  0.527174 0.350000
0  -0.606418 -3.808587 -0.306073  0.023065 -0.020012 0.999534  0.548913 0.364989
0  -1.167859 -3.531705 -0.287573  0.023067 -0.020005 0.999534  0.527174 0.364989
no_material
0  -0.173677 -4.323938 -0.632719  0.002505 -0.061282 0.998117  0.570652 0.350000
0  -0.774195 -4.137120 -0.442062  0.254008 0.454334 0.853850  0.548913 0.300000
0  -0.213614 -4.415730 -0.460574  0.254009 0.454344 0.853845  0.570652 0.300000
no_material
0  1.423957 -4.965412 -0.376086  -0.191851 -0.541675 0.818402  0.621198 0.350000
0  0.947478 -4.881159 -0.669747  -0.241590 -0.539681 0.806461  0.614130 0.350000
0  1.355017 -5.083707 -0.683209  -0.363896 -0.825678 0.431086  0.621198 0.350000
no_material
0  -3.932986 -0.781561 -0.301992  0.151380 0.156367 0.976029  0.418478 0.450000
0  -3.798899 -1.809627 -0.276380  -0.035024 0.039230 0.998616  0.440217 0.393867
0  -3.408634 -1.042168 -0.319307  0.057278 0.221975 0.973369  0.440217 0.450000
no_material
0  0.947478 -4.881159 -0.669747  -0.241590 -0.539681 0.806461  0.614130 0.350000
0  0.346964 -4.694345 -0.479090  0.254008 0.454332 0.853852  0.592391 0.300000
0  0.907541 -4.972955 -0.497602  0.398198 0.767850 0.501841  0.614130 0.300000
no_material
0  -5.895443 -1.570224 -0.556931  -0.606442 0.794565 0.029909  0.385870 0.900000
0  -5.888884 -1.575915 -0.272757  -0.606442 0.794565 0.029909  0.385870 0.350000
0  -5.792994 -1.492001 -0.557730  -0.606442 0.794565 0.029909  0.385870 0.895007
no_material
0  0.455841 -4.484250 -0.344112  -0.221778 -0.501786 0.836077  0.592391 0.350000
0  1.072390 -4.650306 -0.361663  0.023070 -0.020007 0.999534  0.614130 0.364989
0  0.512106 -4.371101 -0.343144  0.023064 -0.020017 0.999534  0.592391 0.364989
no_material
0  -5.895443 -1.570224 -0.556931  -0.023072 0.020014 -0.999533  0.385870 0.900000
0  -5.527645 -1.709936 -0.568217  -0.023065 0.020012 -0.999534  0.396739 0.900000
0  -6.321698 -2.176974 -0.559242  -0.882331 0.469946 0.025356  0.385870 0.950000
no_material
0  1.460630 -5.247842 -0.515871  -0.406041 0.913159 0.035672  0.625000 0.300000
0  1.750580 -5.121753 -0.443204  -0.406041 0.913159 0.035672  0.625000 0.350000
0  1.575665 -5.189871 -0.690428  -0.406041 0.913159 0.035672  0.625000 0.350000
no_material
0  1.575665 -5.189871 -0.690428  0.392856 0.768176 0.505540  0.625000 0.350000
0  1.197927 -5.117278 -0.507194  0.392856 0.768175 0.505540  0.621198 0.300000
0  1.460630 -5.247842 -0.515871  0.392856 0.768175 0.505540  0.625000 0.300000
no_material
0  1.677836 -4.633966 -0.375310  0.251605 0.222113 0.941998  0.621198 0.400000
0  1.809361 -4.697493 -0.469232  0.499230 0.621449 0.603797  0.623055 0.400000
0  1.842997 -4.433413 -0.541552  0.368280 0.425461 0.826652  0.621198 0.450000
no_material
0  -2.415994 -3.209488 -0.558664  -0.047665 -0.093341 0.994493  0.483696 0.350000
0  -2.891987 -2.819875 -0.289988  -0.446823 -0.802491 0.395421  0.472826 0.350000
0  -3.467939 -2.683169 -0.523850  -0.132809 -0.418381 0.898510  0.461957 0.350000
no_material
0  -6.326784 -0.410425 -0.239318  -0.200535 0.278009 0.939413  0.379760 0.400000
0  -5.656434 0.095396 -0.244661  0.131489 0.213727 0.968004  0.380640 0.450000
0  -6.057723 0.316834 -0.230968  -0.347383 0.786820 0.510137  0.375000 0.450000
no_material
0  -0.985563 -3.154080 -0.450666  0.299596 0.437164 0.848015  0.527174 0.450000
0  -0.973051 -2.428179 -0.403260  0.705332 0.588243 0.395570  0.516304 0.500000
0  -1.311561 -3.111781 -0.365464  0.269223 0.482783 0.833330  0.516304 0.400000
no_material
0  -2.347059 -3.091194 -0.251540  -0.234872 -0.500835 0.833066  0.483696 0.350000
0  -1.855417 -3.488103 -0.577179  0.002508 -0.061279 0.998118  0.505435 0.350000
0  -1.786477 -3.369804 -0.270056  -0.221777 -0.501791 0.836075  0.505435 0.350000
no_material
0  -2.249969 -1.628021 -0.357774  0.430350 0.272893 0.860424  0.472826 0.500000
0  -1.870804 -2.830486 -0.346929  0.244160 0.447406 0.860357  0.494565 0.400000
0  -1.693118 -2.274280 -0.383563  0.364333 0.442032 0.819677  0.494565 0.500000
no_material
0  -1.333623 -3.162093 -0.276349  0.200324 0.419647 0.885306  0.516304 0.393867
0  -1.958360 -3.012504 -0.258937  0.023068 -0.020004 0.999534  0.494565 0.377371
0  -1.398511 -3.292584 -0.277464  0.023071 -0.020002 0.999534  0.516304 0.377371
no_material
0  0.857121 -3.666267 -0.503444  0.224785 0.501651 0.835355  0.592391 0.450000
0  1.203128 -4.387407 -0.359418  0.144134 0.174983 0.973964  0.614130 0.400000
0  1.340240 -4.100644 -0.523287  0.334242 0.391683 0.857244  0.614130 0.450000
no_material
0  1.016418 -4.762864 -0.362624  -0.221775 -0.501782 0.836081  0.614130 0.350000
0  0.386901 -4.602548 -0.651235  0.002506 -0.061288 0.998117  0.592391 0.350000
0  0.947478 -4.881159 -0.669747  -0.241590 -0.539681 0.806461  0.614130 0.350000
no_material
0  -0.985563 -3.154080 -0.450666  0.299596 0.437164 0.848015  0.527174 0.450000
0  -0.468843 -3.531933 -0.303708  0.147676 0.282481 0.947838  0.548913 0.400000
0  -0.362702 -3.307450 -0.468110  0.203010 0.549743 0.810290  0.548913 0.450000
no_material
0  -5.321173 -0.089605 -0.256101  -0.085876 0.068978 0.993915  0.385352 0.450000
0  -5.013239 0.639541 -0.533053  0.304735 0.928218 -0.213420  0.384086 0.750000
0  -5.411248 -0.039902 -0.253030  -0.050288 -0.044352 0.997749  0.384086 0.450000
no_material
0  -3.338282 -2.039272 -0.207606  0.176999 0.368891 0.912464  0.451087 0.393867
0  -2.706496 -2.444673 -0.319921  0.291467 0.419403 0.859737  0.472826 0.400000
0  -3.300745 -1.957843 -0.296459  0.204466 0.337443 0.918872  0.451087 0.400000
no_material
0  0.643534 -4.106813 -0.340887  0.109327 0.160126 0.981024  0.592391 0.400000
0  0.034416 -3.925813 -0.323208  0.023069 -0.020001 0.999534  0.570652 0.385864
0  0.590468 -4.213525 -0.341797  0.023068 -0.020006 0.999534  0.592391 0.385864
no_material
0  1.529763 -5.017514 -0.436024  -0.347303 -0.821410 0.452401  0.623055 0.350000
0  1.750580 -5.121753 -0.443204  -0.370570 -0.807153 0.459545  0.625000 0.350000
0  1.645403 -5.069960 -0.383289  -0.141549 -0.675265 0.723866  0.625000 0.350000
no_material
0  -5.493009 -0.839701 -0.267155  -0.405932 0.079580 0.910432  0.385870 0.400000
0  -4.833918 -0.333792 -0.272236  0.100123 0.125093 0.987080  0.396739 0.450000
0  -5.321173 -0.089605 -0.256101  -0.085876 0.068978 0.993915  0.385352 0.450000
no_material
0  -2.725498 -0.854042 -0.331307  0.298124 0.727594 0.617842  0.451087 0.500000
0  -3.272031 -0.748595 -0.601024  0.193614 0.849585 -0.490631  0.440217 0.750000
0  -3.408634 -1.042168 -0.319307  0.057278 0.221975 0.973369  0.440217 0.450000
no_material
0  1.606056 -4.727676 -0.375530  0.023065 -0.020009 0.999534  0.621198 0.385864
0  1.072390 -4.650306 -0.361663  0.023070 -0.020007 0.999534  0.614130 0.364989
0  1.500061 -4.866050 -0.375854  0.023069 -0.020006 0.999534  0.621198 0.364989
no_material
0  -6.187673 -0.380064 -0.526362  -0.023063 0.020010 -0.999534  0.380640 0.850000
0  -5.725648 0.135661 -0.526698  -0.155839 0.224884 -0.961843  0.379760 0.800000
0  -5.152539 0.717602 -0.528276  0.406231 0.897232 -0.173064  0.380640 0.750000
no_material
0  -3.277738 -2.293305 -0.631817  -0.023059 0.020019 -0.999534  0.461957 0.864136
0  -2.305975 -2.980855 -0.668003  -0.023065 0.020009 -0.999534  0.483696 0.885011
0  -3.357430 -2.453555 -0.633186  -0.023069 0.020001 -0.999534  0.461957 0.885011
no_material
0  -5.517498 -0.810216 -0.550438  -0.023065 0.020006 -0.999534  0.385870 0.850000
0  -5.551466 -0.716475 -0.547780  -0.649755 0.011494 -0.760057  0.385352 0.850000
0  -5.290939 -0.104220 -0.541533  0.906268 -0.421109 -0.036668  0.385870 0.800000
no_material
0  4.277658 0.458487 0.067281  -0.035146 0.679867 0.732493  0.592391 0.450000
0  3.271152 0.272530 0.262556  0.013564 0.399080 0.916816  0.570652 0.400000
0  4.277658 0.258509 0.264601  -0.006893 0.399253 0.916815  0.592391 0.400000
no_material
0  5.284168 -0.034227 0.307328  -0.000000 0.144416 0.989517  0.614130 0.364989
0  6.107853 0.132250 0.283028  0.000000 0.144427 0.989515  0.621198 0.385864
0  5.284168 0.139006 0.282044  0.000000 0.144424 0.989516  0.614130 0.385864
no_material
0  -5.888884 -1.575915 -0.272757  -0.356745 0.280079 0.891229  0.385870 0.350000
0  -5.990704 -1.599740 -0.555322  -0.385485 0.492965 -0.779991  0.385352 0.900000
0  -6.351928 -2.162359 -0.273811  -0.119877 0.006010 0.992771  0.385352 0.300000
no_material
0  -6.321698 -2.176974 -0.559242  -0.882331 0.469946 0.025356  0.385870 0.950000
0  -6.721127 -2.926441 -0.565026  -0.575965 -0.809878 -0.111184  0.385352 1.000000
0  -5.990704 -1.599740 -0.555322  -0.385485 0.492965 -0.779991  0.385352 0.900000
no_material
0  -6.704725 -1.170437 -0.245811  0.999725 -0.003724 -0.023151  0.379760 0.350000
0  -6.711285 -1.164746 -0.529985  0.999725 -0.003724 -0.023151  0.379760 0.900000
0  -6.710744 -1.035875 -0.527419  0.999725 -0.003724 -0.023151  0.379760 0.895007
no_material
0  6.624249 0.006632 -0.120591  0.733340 -0.288476 -0.615625  0.625000 0.864136
0  6.144105 0.099590 -0.134156  0.000001 -0.144419 -0.989517  0.621198 0.850000
0  6.633521 0.099590 -0.134156  0.784655 -0.137330 -0.604530  0.775000 0.000000
no_material
0  -5.895443 -1.570224 -0.556931  -0.023072 0.020014 -0.999533  0.385870 0.900000
0  -5.792994 -1.492001 -0.557730  -0.023068 0.020010 -0.999534  0.385870 0.895007
0  -5.527645 -1.709936 -0.568217  -0.023065 0.020012 -0.999534  0.396739 0.900000
no_material
0  -1.158299 -3.484758 -0.704576  -0.023062 0.020015 -0.999534  0.527174 0.864136
0  -0.624235 -3.816690 -0.723547  -0.023067 0.020008 -0.999534  0.548913 0.885011
0  -1.207507 -3.583715 -0.705425  -0.023064 0.020015 -0.999534  0.527174 0.885011
no_material
0  -2.225160 -2.818348 -0.666618  -0.023067 0.020007 -0.999534  0.483696 0.864136
0  -1.751336 -3.271418 -0.686620  -0.023067 0.020011 -0.999534  0.505435 0.885011
0  -2.305975 -2.980855 -0.668003  -0.023065 0.020009 -0.999534  0.483696 0.885011
no_material
0  1.901635 -4.839821 -0.802318  0.532300 -0.536312 -0.655001  0.775000 0.000000
0  1.924569 -4.810128 -0.470077  0.813825 -0.576650 0.071859  0.768867 0.250000
0  1.854645 -4.921366 -0.802866  0.584802 -0.422336 -0.692560  0.625000 0.864136
no_material
0  1.138317 -4.490018 -0.777702  -0.023063 0.020016 -0.999534  0.614130 0.864136
0  1.473574 -4.891595 -0.793478  -0.023062 0.020014 -0.999534  0.621198 0.885011
0  1.057501 -4.652525 -0.779091  -0.023069 0.020008 -0.999534  0.614130 0.885011
no_material
0  -4.934372 0.666549 -0.534334  0.317893 0.943325 -0.095300  0.385352 0.750000
0  -5.701152 -0.527987 -0.540549  -0.585536 -0.767908 -0.259740  0.384086 0.850000
0  -5.013239 0.639541 -0.533053  0.304735 0.928218 -0.213420  0.384086 0.750000
no_material
0  1.529763 -5.017514 -0.436024  -0.347303 -0.821410 0.452401  0.623055 0.350000
0  1.645403 -5.069960 -0.383289  -0.141549 -0.675265 0.723866  0.625000 0.350000
0  1.423957 -4.965412 -0.376086  -0.191851 -0.541675 0.818402  0.621198 0.350000
no_material
0  -0.468843 -3.531933 -0.303708  0.147676 0.282481 0.947838  0.548913 0.400000
0  -0.773296 -3.441217 -0.294865  0.023067 -0.020007 0.999534  0.538043 0.393867
0  -0.524391 -3.643638 -0.304661  0.023067 -0.020013 0.999534  0.548913 0.385864
no_material
0  1.854645 -4.921366 -0.802866  0.584802 -0.422336 -0.692560  0.760864 0.000000
0  1.737002 -4.979545 -0.383594  0.491793 -0.238571 0.837391  0.625000 0.364989
0  1.785254 -5.041783 -0.803676  0.617270 -0.358033 -0.700564  0.625000 0.885011
no_material
0  1.770388 -5.086280 -0.446264  0.961351 -0.232163 0.148000  0.729993 0.250000
0  1.735428 -5.128247 -0.804259  0.643224 -0.481969 -0.594953  0.625000 0.900000
0  1.785254 -5.041783 -0.803676  0.617270 -0.358033 -0.700564  0.739989 0.000000
no_material
0  1.750580 -5.121753 -0.443204  0.536524 -0.838830 0.092230  0.625000 0.350000
0  1.770388 -5.086280 -0.446264  0.961351 -0.232163 0.148000  0.625000 0.354994
0  1.645403 -5.069960 -0.383289  -0.141549 -0.675265 0.723866  0.625000 0.350000
no_material
0  -0.773296 -3.441217 -0.294865  0.023067 -0.020007 0.999534  0.538043 0.393867
0  -1.087032 -3.369164 -0.286184  0.023062 -0.020010 0.999534  0.527174 0.385864
0  -0.524391 -3.643638 -0.304661  0.023067 -0.020013 0.999534  0.548913 0.385864
no_material
0  -6.326784 -0.410425 -0.239318  -0.020574 -0.952139 0.304972  0.379760 0.400000
0  -7.002824 -0.390693 -0.223321  -0.020574 -0.952139 0.304972  0.375000 0.393867
0  -6.443620 -0.498710 -0.522832  -0.020574 -0.952139 0.304972  0.379760 0.856133
no_material
0  -1.727141 -3.250479 -0.269034  0.023070 -0.020007 0.999534  0.505435 0.364989
0  -1.958360 -3.012504 -0.258937  0.023068 -0.020004 0.999534  0.494565 0.377371
0  -2.046992 -3.190730 -0.260457  0.023061 -0.020021 0.999534  0.494565 0.354994
no_material
0  -7.136386 -0.659276 -0.225617  0.739425 0.613465 0.277330  0.375000 0.354994
0  -6.704725 -1.170437 -0.245811  0.739425 0.613465 0.277330  0.379760 0.350000
0  -6.710744 -1.035875 -0.527419  0.739425 0.613465 0.277330  0.379760 0.895007
no_material
0  -3.338282 -2.039272 -0.207606  0.176999 0.368891 0.912464  0.451087 0.393867
0  -3.300745 -1.957843 -0.296459  0.204466 0.337443 0.918872  0.451087 0.400000
0  -3.798899 -1.809627 -0.276380  -0.035024 0.039230 0.998616  0.440217 0.393867
no_material
0  -2.727277 -2.492408 -0.230779  0.249706 0.363346 0.897567  0.472826 0.393867
0  -3.444794 -2.253456 -0.209439  -0.074033 0.007662 0.997226  0.451087 0.377371
0  -2.788724 -2.615973 -0.231836  0.023065 -0.020013 0.999534  0.472826 0.377371
no_material
0  -4.251387 -1.588266 -0.595232  -0.023068 0.020005 -0.999534  0.429348 0.856133
0  -3.758777 -1.727395 -0.609385  -0.023064 0.020012 -0.999534  0.440217 0.850000
0  -3.855917 -1.922736 -0.611055  -0.023065 0.020015 -0.999534  0.440217 0.864136
no_material
0  -3.798899 -1.809627 -0.276380  -0.035024 0.039230 0.998616  0.440217 0.393867
0  -4.432070 -1.785169 -0.310565  -0.005168 -0.030735 0.999514  0.418478 0.377371
0  -3.928032 -2.012368 -0.300417  -0.102895 -0.001144 0.994691  0.440217 0.377371
no_material
0  -6.756407 -1.937093 -0.544407  -0.023014 0.020001 -0.999535  0.379760 0.950000
0  -6.893534 -2.783372 -0.558185  -0.774970 -0.595878 -0.210597  0.380640 0.000000
0  -7.115748 -2.644007 -0.550264  -0.962135 -0.206301 -0.178148  0.375000 1.000000
no_material
0  -4.251387 -1.588266 -0.595232  -0.023068 0.020005 -0.999534  0.429348 0.856133
0  -3.855917 -1.922736 -0.611055  -0.023065 0.020015 -0.999534  0.440217 0.864136
0  -4.380272 -1.662129 -0.593735  -0.023069 0.020006 -0.999534  0.418478 0.864136
no_material
0  -4.103213 -2.287413 -0.333027  -0.095041 -0.050597 0.994187  0.440217 0.354994
0  -3.444794 -2.253456 -0.209439  -0.074033 0.007662 0.997226  0.451087 0.377371
0  -3.928032 -2.012368 -0.300417  -0.102895 -0.001144 0.994691  0.440217 0.377371
no_material
0  -1.786477 -3.369804 -0.270056  -0.221777 -0.501791 0.836075  0.505435 0.350000
0  -2.046992 -3.190730 -0.260457  0.023061 -0.020021 0.999534  0.494565 0.354994
0  -2.347059 -3.091194 -0.251540  -0.234872 -0.500835 0.833066  0.483696 0.350000
no_material
0  -4.585842 -2.094395 -0.313207  0.016115 -0.027261 0.999498  0.418478 0.354994
0  -4.546268 -2.200119 -0.316236  0.076620 -0.012195 0.996986  0.429348 0.350000
0  -4.103213 -2.287413 -0.333027  -0.095041 -0.050597 0.994187  0.440217 0.354994
no_material
0  0.590468 -4.213525 -0.341797  0.023068 -0.020006 0.999534  0.592391 0.385864
0  -0.046581 -4.088687 -0.324597  0.023066 -0.020003 0.999534  0.570652 0.364989
0  0.512106 -4.371101 -0.343144  0.023064 -0.020017 0.999534  0.592391 0.364989
no_material
0  -0.543424 -3.654183 -0.722158  -0.023070 0.020001 -0.999534  0.548913 0.864136
0  -0.061335 -4.090631 -0.742021  -0.023066 0.020012 -0.999534  0.570652 0.885011
0  -0.624235 -3.816690 -0.723547  -0.023067 0.020008 -0.999534  0.548913 0.885011
no_material
0  1.737002 -4.979545 -0.383594  0.491793 -0.238571 0.837391  0.625000 0.364989
0  1.770388 -5.086280 -0.446264  0.961351 -0.232163 0.148000  0.729993 0.250000
0  1.785254 -5.041783 -0.803676  0.617270 -0.358033 -0.700564  0.739989 0.000000
no_material
0  0.564305 -4.238411 -0.759418  -0.023068 0.020008 -0.999534  0.592391 0.864136
0  1.057501 -4.652525 -0.779091  -0.023069 0.020008 -0.999534  0.614130 0.885011
0  0.491310 -4.385200 -0.760671  -0.023063 0.020017 -0.999534  0.592391 0.885011
no_material
0  1.864573 -4.853626 -0.384014  0.491590 -0.455701 0.742076  0.625000 0.385864
0  1.924569 -4.810128 -0.470077  0.813825 -0.576650 0.071859  0.625000 0.393867
0  1.950959 -4.768351 -0.384304  0.804727 0.155922 0.572802  0.625000 0.400000
no_material
0  1.566277 -4.779952 -0.793382  -0.023061 0.020013 -0.999534  0.621198 0.864136
0  1.785254 -5.041783 -0.803676  0.617270 -0.358033 -0.700564  0.625000 0.885011
0  1.473574 -4.891595 -0.793478  -0.023062 0.020014 -0.999534  0.621198 0.885011
no_material
0  0.034416 -3.925813 -0.323208  0.023069 -0.020001 0.999534  0.570652 0.385864
0  -0.606418 -3.808587 -0.306073  0.023065 -0.020012 0.999534  0.548913 0.364989
0  -0.046581 -4.088687 -0.324597  0.023066 -0.020003 0.999534  0.570652 0.364989
no_material
0  -6.643031 -1.295742 -0.534183  0.979225 0.017132 0.202050  0.380640 0.900000
0  -6.704725 -1.170437 -0.245811  0.979225 0.017132 0.202050  0.379760 0.350000
0  -6.687190 -1.977358 -0.262371  0.979225 0.017132 0.202050  0.380640 0.300000
no_material
0  -1.398511 -3.292584 -0.277464  0.023071 -0.020002 0.999534  0.516304 0.377371
0  -1.727141 -3.250479 -0.269034  0.023070 -0.020007 0.999534  0.505435 0.364989
0  -1.167859 -3.531705 -0.287573  0.023067 -0.020005 0.999534  0.527174 0.364989
no_material
0  -5.512486 0.015966 -0.249573  0.057733 0.027976 0.997940  0.382663 0.450000
0  -5.152539 0.717602 -0.528276  0.406231 0.897232 -0.173064  0.380640 0.750000
0  -5.656434 0.095396 -0.244661  0.131489 0.213727 0.968004  0.380640 0.450000
no_material
0  -1.727141 -3.250479 -0.269034  0.023070 -0.020007 0.999534  0.505435 0.364989
0  -2.046992 -3.190730 -0.260457  0.023061 -0.020021 0.999534  0.494565 0.354994
0  -1.786477 -3.369804 -0.270056  -0.221777 -0.501791 0.836075  0.505435 0.350000
no_material
0  -3.622830 -2.607728 -0.268876  -0.403033 -0.444183 0.800166  0.451087 0.350000
0  -3.589286 -2.544016 -0.211920  -0.208692 -0.315673 0.925634  0.451087 0.354994
0  -4.103213 -2.287413 -0.333027  -0.095041 -0.050597 0.994187  0.440217 0.354994
no_material
0  -0.362702 -3.307450 -0.468110  0.203010 0.549743 0.810290  0.548913 0.450000
0  0.089265 -3.815516 -0.322267  0.116811 0.209111 0.970890  0.570652 0.400000
0  0.202078 -3.577615 -0.486552  0.217214 0.496316 0.840529  0.570652 0.450000
no_material
0  1.950959 -4.768351 -0.384304  0.804727 0.155922 0.572802  0.625000 0.400000
0  1.809361 -4.697493 -0.469232  0.499230 0.621449 0.603797  0.623055 0.400000
0  1.677836 -4.633966 -0.375310  0.251605 0.222113 0.941998  0.621198 0.400000
no_material
0  -5.517498 -0.810216 -0.550438  -0.023065 0.020006 -0.999534  0.385870 0.850000
0  -5.184061 -1.019019 -0.562314  -0.023071 0.020007 -0.999534  0.396739 0.850000
0  -5.525870 -0.954840 -0.553139  -0.023074 0.020002 -0.999534  0.385870 0.856133
no_material
0  -1.087032 -3.369164 -0.286184  0.023062 -0.020010 0.999534  0.527174 0.385864
0  -1.333623 -3.162093 -0.276349  0.200324 0.419647 0.885306  0.516304 0.393867
0  -1.398511 -3.292584 -0.277464  0.023071 -0.020002 0.999534  0.516304 0.377371
no_material
0  -5.574372 -1.235734 -0.557645  -0.023058 0.020010 -0.999534  0.385870 0.872629
0  -5.281201 -1.214363 -0.563980  -0.023069 0.020006 -0.999534  0.396739 0.864136
0  -5.424648 -1.502816 -0.566446  -0.023063 0.020014 -0.999534  0.396739 0.885011
no_material
0  -2.788724 -2.615973 -0.231836  0.023065 -0.020013 0.999534  0.472826 0.377371
0  -1.893027 -2.881126 -0.257814  0.236060 0.429705 0.871567  0.494565 0.393867
0  -2.727277 -2.492408 -0.230779  0.249706 0.363346 0.897567  0.472826 0.393867
no_material
0  1.948895 -4.766560 -0.473835  0.639454 -0.767943 0.036912  0.775000 0.250000
0  1.924569 -4.810128 -0.470077  0.813825 -0.576650 0.071859  0.768867 0.250000
0  1.901635 -4.839821 -0.802318  0.532300 -0.536312 -0.655001  0.775000 0.000000
no_material
0  -1.958360 -3.012504 -0.258937  0.023068 -0.020004 0.999534  0.494565 0.377371
0  -1.727141 -3.250479 -0.269034  0.023070 -0.020007 0.999534  0.505435 0.364989
0  -1.398511 -3.292584 -0.277464  0.023071 -0.020002 0.999534  0.516304 0.377371
no_material
0  -5.525870 -0.954840 -0.553139  -0.023058 0.020017 -0.999534  0.385870 0.856133
0  -5.281201 -1.214363 -0.563980  -0.023058 0.020017 -0.999534  0.396739 0.864136
0  -5.574372 -1.235734 -0.557645  -0.023058 0.020017 -0.999534  0.385870 0.872629
no_material
0  -3.798899 -1.809627 -0.276380  -0.035024 0.039230 0.998616  0.440217 0.393867
0  -3.444794 -2.253456 -0.209439  -0.074033 0.007662 0.997226  0.451087 0.377371
0  -3.338282 -2.039272 -0.207606  0.176999 0.368891 0.912464  0.451087 0.393867
no_material
0  -5.574372 -1.235734 -0.557645  -0.023064 0.020007 -0.999534  0.385870 0.872629
0  -5.424648 -1.502816 -0.566446  -0.023064 0.020007 -0.999534  0.396739 0.885011
0  -5.792994 -1.492001 -0.557730  -0.023064 0.020007 -0.999534  0.385870 0.895007
no_material
0  -5.792994 -1.492001 -0.557730  0.171960 0.927806 0.331068  0.385870 0.895007
0  -5.888884 -1.575915 -0.272757  0.171960 0.927806 0.331068  0.385870 0.350000
0  -5.486773 -1.646626 -0.283452  0.171960 0.927806 0.331068  0.396739 0.354994
no_material
0  -5.184061 -1.019019 -0.562314  -0.023071 0.020007 -0.999534  0.396739 0.850000
0  -5.281201 -1.214363 -0.563980  -0.023069 0.020006 -0.999534  0.396739 0.864136
0  -5.525870 -0.954840 -0.553139  -0.023074 0.020002 -0.999534  0.385870 0.856133
no_material
0  1.924569 -4.810128 -0.470077  0.813825 -0.576650 0.071859  0.625000 0.393867
0  1.948895 -4.766560 -0.473835  0.639454 -0.767943 0.036912  0.625000 0.400000
0  1.950959 -4.768351 -0.384304  0.804727 0.155922 0.572802  0.625000 0.400000
no_material
0  1.924569 -4.810128 -0.470077  0.813825 -0.576650 0.071859  0.625000 0.393867
0  1.864573 -4.853626 -0.384014  0.491590 -0.455701 0.742076  0.625000 0.385864
0  1.854645 -4.921366 -0.802866  0.584802 -0.422336 -0.692560  0.760864 0.000000
no_material
0  -6.711285 -1.164746 -0.529985  0.886638 0.462329 -0.011207  0.379760 0.900000
0  -6.704725 -1.170437 -0.245811  0.886638 0.462329 -0.011207  0.379760 0.350000
0  -6.643031 -1.295742 -0.534183  0.886638 0.462329 -0.011207  0.380640 0.900000
no_material
0  -6.326784 -0.410425 -0.239318  0.166510 -0.985758 -0.023568  0.379760 0.400000
0  -6.333339 -0.404738 -0.523495  0.166510 -0.985758 -0.023568  0.379760 0.850000
0  -6.187673 -0.380064 -0.526362  0.166510 -0.985758 -0.023568  0.380640 0.850000
no_material
0  -0.985563 -3.154080 -0.450666  0.299596 0.437164 0.848015  0.527174 0.450000
0  -1.311561 -3.111781 -0.365464  0.269223 0.482783 0.833330  0.516304 0.400000
0  -1.032291 -3.259094 -0.285243  0.156355 0.395871 0.904897  0.527174 0.400000
no_material
0  1.150339 -4.493556 -0.360325  0.023069 -0.020010 0.999534  0.614130 0.385864
0  0.512106 -4.371101 -0.343144  0.023064 -0.020017 0.999534  0.592391 0.364989
0  1.072390 -4.650306 -0.361663  0.023070 -0.020007 0.999534  0.614130 0.364989
no_material
0  -1.158299 -3.484758 -0.704576  -0.023062 0.020015 -0.999534  0.527174 0.864136
0  -1.629676 -3.026768 -0.684532  -0.023072 0.020001 -0.999534  0.505435 0.850000
0  -1.124975 -3.417747 -0.704005  -0.023071 0.020000 -0.999534  0.527174 0.850000
no_material
0  -0.543424 -3.654183 -0.722158  -0.023070 0.020001 -0.999534  0.548913 0.864136
0  -1.124975 -3.417747 -0.704005  -0.023071 0.020000 -0.999534  0.527174 0.850000
0  -0.488694 -3.544133 -0.721221  -0.023071 0.020001 -0.999534  0.548913 0.850000
no_material
0  0.022714 -3.921619 -0.740578  -0.023071 0.020002 -0.999534  0.570652 0.864136
0  -0.488694 -3.544133 -0.721221  -0.023071 0.020001 -0.999534  0.548913 0.850000
0  0.079635 -3.807160 -0.739601  -0.023068 0.020005 -0.999534  0.570652 0.850000
no_material
0  -3.758777 -1.727395 -0.609385  -0.023064 0.020012 -0.999534  0.440217 0.850000
0  -4.251387 -1.588266 -0.595232  -0.023068 0.020005 -0.999534  0.429348 0.856133
0  -3.865655 -0.812593 -0.588608  -0.023066 0.020010 -0.999534  0.429348 0.800000
no_material
0  1.960216 -4.181019 -0.790484  0.578907 0.739354 -0.343834  0.621198 0.750000
0  1.193042 -4.379968 -0.776761  -0.023065 0.020012 -0.999534  0.614130 0.850000
0  1.525325 -3.711775 -0.771054  0.566321 0.768761 -0.297132  0.614130 0.750000
no_material
0  -4.390011 -0.551985 -0.571288  -0.023067 0.020011 -0.999534  0.407609 0.800000
0  -3.620176 -0.133651 -0.580679  0.536596 0.824543 -0.179423  0.418478 0.750000
0  -3.865655 -0.812593 -0.588608  -0.023066 0.020010 -0.999534  0.429348 0.800000
no_material
0  1.057501 -4.652525 -0.779091  -0.023069 0.020008 -0.999534  0.614130 0.885011
0  1.407011 -4.971763 -0.793548  -0.023066 0.020009 -0.999534  0.621198 0.900000
0  0.999472 -4.769215 -0.780086  -0.023070 0.020005 -0.999534  0.614130 0.900000
no_material
0  1.423957 -4.965412 -0.376086  -0.191851 -0.541675 0.818402  0.621198 0.350000
0  1.737002 -4.979545 -0.383594  0.491793 -0.238571 0.837391  0.625000 0.364989
0  1.500061 -4.866050 -0.375854  0.023069 -0.020006 0.999534  0.621198 0.364989
no_material
0  1.950959 -4.768351 -0.384304  0.804727 0.155922 0.572802  0.625000 0.400000
0  1.606056 -4.727676 -0.375530  0.023065 -0.020009 0.999534  0.621198 0.385864
0  1.864573 -4.853626 -0.384014  0.491590 -0.455701 0.742076  0.625000 0.385864
no_material
0  -5.517498 -0.810216 -0.550438  -0.938784 -0.341473 0.045613  0.385870 0.850000
0  -5.493009 -0.839701 -0.267155  -0.938784 -0.341473 0.045613  0.385870 0.400000
0  -5.551466 -0.716475 -0.547780  -0.938784 -0.341473 0.045613  0.385352 0.850000
no_material
0  1.525325 -3.711775 -0.771054  0.566321 0.768761 -0.297132  0.614130 0.750000
0  0.857121 -3.666267 -0.503444  0.224785 0.501651 0.835355  0.592391 0.450000
0  1.340240 -4.100644 -0.523287  0.334242 0.391683 0.857244  0.614130 0.450000
no_material
0  -1.398511 -3.292584 -0.277464  0.023071 -0.020002 0.999534  0.516304 0.377371
0  -1.167859 -3.531705 -0.287573  0.023067 -0.020005 0.999534  0.527174 0.364989
0  -1.087032 -3.369164 -0.286184  0.023062 -0.020010 0.999534  0.527174 0.385864
no_material
0  -5.333002 -1.337400 -0.280810  -0.181352 0.114696 0.976707  0.396739 0.377371
0  -4.318717 -1.557230 -0.308616  -0.002858 -0.011251 0.999933  0.418478 0.393867
0  -5.219650 -1.109461 -0.278861  0.023065 -0.020009 0.999534  0.396739 0.393867
no_material
0  -6.333339 -0.404738 -0.523495  0.648178 -0.760891 -0.030179  0.379760 0.850000
0  -6.326784 -0.410425 -0.239318  0.648178 -0.760891 -0.030179  0.379760 0.400000
0  -6.443620 -0.498710 -0.522832  0.648178 -0.760891 -0.030179  0.379760 0.856133
no_material
0  -1.032291 -3.259094 -0.285243  0.156355 0.395871 0.904897  0.527174 0.400000
0  -0.773296 -3.441217 -0.294865  0.023067 -0.020007 0.999534  0.538043 0.393867
0  -0.468843 -3.531933 -0.303708  0.147676 0.282481 0.947838  0.548913 0.400000
no_material
0  -1.893027 -2.881126 -0.257814  0.236060 0.429705 0.871567  0.494565 0.393867
0  -1.311561 -3.111781 -0.365464  0.269223 0.482783 0.833330  0.516304 0.400000
0  -1.870804 -2.830486 -0.346929  0.244160 0.447406 0.860357  0.494565 0.400000
no_material
0  -4.833918 -0.333792 -0.272236  0.100123 0.125093 0.987080  0.396739 0.450000
0  -4.318717 -1.557230 -0.308616  -0.002858 -0.011251 0.999933  0.418478 0.393867
0  -3.932986 -0.781561 -0.301992  0.151380 0.156367 0.976029  0.418478 0.450000
no_material
0  -5.913970 -0.420086 -0.533481  -0.102236 -0.446874 0.888736  0.382663 0.850000
0  -5.656434 0.095396 -0.244661  -0.102237 -0.446876 0.888735  0.380640 0.450000
0  -6.187673 -0.380064 -0.526362  -0.102234 -0.446869 0.888738  0.380640 0.850000
no_material
0  -6.756407 -1.937093 -0.544407  -0.023014 0.020001 -0.999535  0.379760 0.950000
0  -6.711285 -1.164746 -0.529985  -0.023068 0.020008 -0.999534  0.379760 0.900000
0  -6.643031 -1.295742 -0.534183  0.080362 0.148371 -0.985661  0.380640 0.900000
no_material
0  -6.187673 -0.380064 -0.526362  -0.023063 0.020010 -0.999534  0.380640 0.850000
0  -5.060669 0.692060 -0.530907  0.484856 0.864710 -0.131115  0.382663 0.750000
0  -5.913970 -0.420086 -0.533481  -0.139705 -0.205676 -0.968597  0.382663 0.850000
no_material
0  -6.445892 -1.489729 -0.542617  0.603708 0.764194 -0.227034  0.382663 0.900000
0  -6.893534 -2.783372 -0.558185  -0.774970 -0.595878 -0.210597  0.380640 1.000000
0  -6.643031 -1.295742 -0.534183  0.080362 0.148371 -0.985661  0.380640 0.900000
no_material
0  -6.543241 -2.056788 -0.267282  0.002263 -0.129867 0.991529  0.382663 0.300000
0  -6.643031 -1.295742 -0.534183  0.080362 0.148371 -0.985661  0.380640 0.900000
0  -6.687190 -1.977358 -0.262371  -0.127676 -0.010247 0.991763  0.380640 0.300000
no_material
0  -5.321173 -0.089605 -0.256101  -0.085876 0.068978 0.993915  0.385352 0.450000
0  -5.701152 -0.527987 -0.540549  -0.585536 -0.767908 -0.259740  0.384086 0.850000
0  -5.551466 -0.716475 -0.547780  -0.649755 0.011494 -0.760057  0.385352 0.850000
no_material
0  -6.326784 -0.410425 -0.239318  0.590732 -0.780730 0.203709  0.379760 0.400000
0  -6.187673 -0.380064 -0.526362  0.590732 -0.780730 0.203709  0.380640 0.850000
0  -5.656434 0.095396 -0.244661  0.590732 -0.780730 0.203709  0.380640 0.450000
no_material
0  -6.351928 -2.162359 -0.273811  -0.119877 0.006010 0.992771  0.385352 0.300000
0  -6.231376 -1.594219 -0.549658  0.153265 0.956743 -0.247292  0.384086 0.900000
0  -6.442004 -2.112656 -0.270736  -0.077712 -0.051321 0.995654  0.384086 0.300000
no_material
0  -6.721127 -2.926441 -0.565026  -0.575965 -0.809878 -0.111184  0.385352 0.000000
0  -6.442004 -2.112656 -0.270736  -0.077712 -0.051321 0.995654  0.384086 0.300000
0  -6.747194 -2.847277 -0.562842  -0.379796 -0.549821 0.743943  0.384086 1.000000
no_material
0  -6.698448 -0.281558 0.208791  -0.731957 -0.624980 0.271365  0.270006 0.250000
0  -6.698448 -0.398877 -0.061405  -0.915294 0.168163 -0.366002  0.275000 0.000000
0  -6.084067 -0.395995 0.225493  0.022908 -0.049687 0.998502  0.379760 0.350000
no_material
0  -5.060669 0.692060 -0.530907  0.484856 0.864710 -0.131115  0.382663 0.750000
0  -5.411248 -0.039902 -0.253030  -0.050288 -0.044352 0.997749  0.384086 0.450000
0  -5.013239 0.639541 -0.533053  0.304735 0.928218 -0.213420  0.384086 0.750000
no_material
0  -8.478026 1.229222 0.602046  0.354539 0.056319 -0.933344  0.300000 0.153846
0  -7.489315 1.357444 0.856492  0.001454 -0.809838 -0.586651  0.200000 1.000000
0  -8.432746 1.098194 0.692917  0.583293 -0.661033 -0.472023  0.300000 0.000000
no_material
0  -5.913970 -0.420086 -0.533481  -0.139705 -0.205676 -0.968597  0.382663 0.850000
0  -5.013239 0.639541 -0.533053  0.304735 0.928218 -0.213420  0.384086 0.750000
0  -5.701152 -0.527987 -0.540549  -0.585536 -0.767908 -0.259740  0.384086 0.850000
no_material
0  -5.172617 -0.395995 0.225493  -0.470268 0.224368 0.853526  0.385870 0.350000
0  -5.326165 -1.119596 0.331106  -0.129323 0.145253 0.980906  0.385352 0.300000
0  -4.780913 -1.121383 0.331369  0.000437 0.025195 0.999682  0.396739 0.300000
no_material
0  -6.445892 -1.489729 -0.542617  -0.023099 0.020018 -0.999533  0.382663 0.900000
0  -6.747194 -2.847277 -0.562842  -0.062413 0.023405 -0.997776  0.384086 0.000000
0  -6.817708 -2.841177 -0.561090  -0.023099 0.020018 -0.999533  0.382663 1.000000
no_material
0  4.277658 -0.340347 0.042557  0.000000 0.098640 0.995123  0.592391 0.350000
0  3.271152 -0.412983 0.227974  0.000000 0.307662 0.951496  0.570652 0.300000
0  4.277658 -0.412983 0.227974  0.000000 0.307662 0.951496  0.592391 0.300000
no_material
0  -6.747194 -2.847277 -0.562842  -0.379796 -0.549821 0.743943  0.384086 0.000000
0  -6.543241 -2.056788 -0.267282  0.002263 -0.129867 0.991529  0.382663 0.300000
0  -6.817708 -2.841177 -0.561090  -0.212077 -0.522702 0.825716  0.382663 1.000000
no_material
0  -6.710744 -1.035875 -0.527419  0.042109 0.212140 -0.976332  0.379760 0.895007
0  -7.244040 -0.856878 -0.511527  -0.864199 0.297289 -0.405930  0.275000 0.000000
0  -7.136386 -0.659276 -0.225617  -0.960003 0.153918 0.233888  0.270006 0.250000
no_material
0  2.264642 -0.340347 0.042557  0.000000 0.098640 0.995123  0.548913 0.350000
0  1.258136 -0.412983 0.227974  0.000000 0.643716 0.765264  0.527174 0.300000
0  2.264642 -0.412983 0.227974  0.000000 0.307662 0.951496  0.548913 0.300000
no_material
0  -5.290939 -0.104220 -0.541533  0.906268 -0.421109 -0.036668  0.385870 0.800000
0  -5.551466 -0.716475 -0.547780  -0.649755 0.011494 -0.760057  0.385352 0.850000
0  -4.934372 0.666549 -0.534334  0.317893 0.943325 -0.095300  0.385352 0.750000
no_material
0  0.251626 -0.158614 0.325481  0.000001 -0.414557 0.910023  0.505435 0.350000
0  1.258136 -0.029632 0.306656  -0.000001 0.144419 0.989517  0.527174 0.364989
0  0.251626 -0.026742 0.306236  0.000001 0.144419 0.989517  0.505435 0.364989
no_material
0  -5.284168 -1.162446 0.050042  0.993891 -0.109665 0.012400  0.385870 0.950000
0  -4.780913 -2.437882 0.236196  0.005498 -0.998796 0.048750  0.396739 0.000000
0  -5.308108 -2.269430 0.211608  -0.201137 -0.978882 0.036520  0.385352 1.000000
no_material
0  -5.888884 -1.575915 -0.272757  -0.295459 0.955003 0.025946  0.385870 0.350000
0  -5.895443 -1.570224 -0.556931  -0.295459 0.955003 0.025946  0.385870 0.900000
0  -5.990704 -1.599740 -0.555322  -0.295459 0.955003 0.025946  0.385352 0.900000
no_material
0  1.193042 -4.379968 -0.776761  -0.023065 0.020012 -0.999534  0.614130 0.850000
0  0.972287 -3.417998 -0.752411  0.334375 0.893819 -0.298800  0.592391 0.750000
0  1.525325 -3.711775 -0.771054  0.566321 0.768761 -0.297132  0.614130 0.750000
no_material
0  -2.225160 -2.818348 -0.666618  -0.023067 0.020007 -0.999534  0.483696 0.864136
0  -3.223772 -2.184783 -0.630887  -0.023060 0.020019 -0.999534  0.461957 0.850000
0  -2.170434 -2.708298 -0.665677  -0.023064 0.020013 -0.999534  0.483696 0.850000
no_material
0  -6.351928 -2.162359 -0.273811  -0.119877 0.006010 0.992771  0.385352 0.300000
0  -6.262701 -3.188064 -0.580845  -0.420907 -0.892471 -0.162275  0.396739 0.000000
0  -5.864674 -2.406545 -0.289942  -0.046396 -0.168869 0.984546  0.396739 0.300000
no_material
0  -4.424623 -2.912663 -0.402897  0.021358 -0.177003 0.983979  0.440217 0.300000
0  -4.142305 -2.348787 -0.340304  0.028052 -0.126297 0.991596  0.440217 0.350000
0  -4.546268 -2.200119 -0.316236  0.076620 -0.012195 0.996986  0.429348 0.350000
no_material
0  -6.710744 -1.035875 -0.527419  0.042109 0.212140 -0.976332  0.379760 0.895007
0  -6.711285 -1.164746 -0.529985  -0.023068 0.020008 -0.999534  0.379760 0.900000
0  -7.244040 -0.856878 -0.511527  -0.864199 0.297289 -0.405930  0.375000 0.900000
no_material
0  -4.775743 -1.327658 -0.577916  -0.023072 0.020000 -0.999534  0.407609 0.856133
0  -4.380272 -1.662129 -0.593735  -0.023069 0.020006 -0.999534  0.418478 0.864136
0  -5.281201 -1.214363 -0.563980  -0.023069 0.020006 -0.999534  0.396739 0.864136
no_material
0  -6.442004 -2.112656 -0.270736  0.228067 0.390670 0.891831  0.384086 0.300000
0  -6.445892 -1.489729 -0.542617  0.228067 0.390669 0.891831  0.382663 0.900000
0  -6.543241 -2.056788 -0.267282  0.228067 0.390671 0.891830  0.382663 0.300000
no_material
0  -2.872086 -2.783600 -0.233268  -0.140905 -0.376287 0.915726  0.472826 0.354994
0  -2.347059 -3.091194 -0.251540  -0.234872 -0.500835 0.833066  0.483696 0.350000
0  -2.046992 -3.190730 -0.260457  0.023061 -0.020021 0.999534  0.494565 0.354994
no_material
0  -7.002824 -0.390693 -0.223321  -0.880558 -0.130743 0.455548  0.231133 0.250000
0  -6.900456 -0.165960 -0.505628  -0.935372 0.114599 -0.334585  0.375000 0.850000
0  -6.443620 -0.498710 -0.522832  -0.145558 -0.149273 -0.978024  0.379760 0.856133
no_material
0  1.258136 0.620663 -0.210211  0.311316 0.665426 -0.678447  0.527174 0.750000
0  0.754881 1.084474 0.009414  0.260813 0.944669 0.198941  0.516304 0.500000
0  1.258136 0.359989 0.081657  0.022899 0.654040 0.756113  0.527174 0.450000
no_material
0  -5.551466 -0.716475 -0.547780  -0.649755 0.011494 -0.760057  0.385352 0.850000
0  -5.493009 -0.839701 -0.267155  -0.405932 0.079580 0.910432  0.385870 0.400000
0  -5.321173 -0.089605 -0.256101  -0.085876 0.068978 0.993915  0.385352 0.450000
no_material
0  -5.701152 -0.527987 -0.540549  -0.585536 -0.767908 -0.259740  0.384086 0.850000
0  -5.512486 0.015966 -0.249573  0.057733 0.027976 0.997940  0.382663 0.450000
0  -5.913970 -0.420086 -0.533481  -0.139705 -0.205676 -0.968597  0.382663 0.850000
no_material
0  -5.990704 -1.599740 -0.555322  -0.385485 0.492965 -0.779991  0.385352 0.900000
0  -5.895443 -1.570224 -0.556931  -0.023072 0.020014 -0.999533  0.385870 0.900000
0  -6.321698 -2.176974 -0.559242  -0.882331 0.469946 0.025356  0.385870 0.950000
no_material
0  -6.333339 -0.404738 -0.523495  -0.023064 0.020012 -0.999534  0.379760 0.850000
0  -5.725648 0.135661 -0.526698  -0.155839 0.224884 -0.961843  0.379760 0.800000
0  -6.187673 -0.380064 -0.526362  -0.023063 0.020010 -0.999534  0.380640 0.850000
no_material
0  -6.900456 -0.165960 -0.505628  -0.935372 0.114599 -0.334585  0.375000 0.850000
0  -6.333339 -0.404738 -0.523495  -0.023064 0.020012 -0.999534  0.379760 0.850000
0  -6.443620 -0.498710 -0.522832  -0.145558 -0.149273 -0.978024  0.379760 0.856133
no_material
0  0.937987 -5.349909 -0.790291  -0.272134 -0.492593 -0.826617  0.621198 0.000000
0  0.999472 -4.769215 -0.780086  -0.023070 0.020005 -0.999534  0.614130 0.900000
0  1.407011 -4.971763 -0.793548  -0.023066 0.020009 -0.999534  0.621198 0.900000
no_material
0  -3.774407 -1.121383 0.331369  0.067648 -0.011839 0.997639  0.418478 0.300000
0  -4.780913 -2.437882 0.236196  0.005498 -0.998796 0.048750  0.396739 1.000000
0  -3.774407 -2.121615 0.190036  0.283845 -0.958861 0.004114  0.418478 0.000000
no_material
0  -2.842713 -0.946224 0.235506  0.039390 0.000404 0.999224  0.440217 0.300000
0  -3.774407 -2.121615 0.190036  0.283845 -0.958861 0.004114  0.418478 1.000000
0  -2.767897 -1.480596 0.096476  0.282347 -0.956001 -0.079644  0.440217 0.000000
no_material
0  0.251626 -0.776823 -0.006243  0.000000 -0.589264 -0.807941  0.505435 0.000000
0  -0.754881 -0.235170 -0.085299  -0.000000 -0.144418 -0.989517  0.483696 0.900000
0  0.251626 -0.235170 -0.085299  -0.000001 -0.144427 -0.989515  0.505435 0.900000
no_material
0  1.258136 -0.340347 0.042557  0.000000 0.098641 0.995123  0.527174 0.350000
0  0.251626 -0.412983 0.227974  0.000000 0.643716 0.765264  0.505435 0.300000
0  1.258136 -0.412983 0.227974  0.000000 0.643716 0.765264  0.527174 0.300000
no_material
0  1.258136 0.359989 0.081657  0.022899 0.654040 0.756113  0.527174 0.450000
0  0.754881 1.084474 0.009414  0.260813 0.944669 0.198941  0.516304 0.500000
0  0.754881 0.265573 0.173048  0.009666 0.661353 0.750012  0.516304 0.400000
no_material
0  -5.172617 -0.437058 -0.055833  -0.000004 -0.144425 -0.989516  0.385870 0.900000
0  -5.115692 -0.322622 -0.072536  0.000004 -0.144425 -0.989516  0.385870 0.895007
0  -4.780913 -0.398877 -0.061405  0.000002 -0.144424 -0.989516  0.396739 0.900000
no_material
0  4.277658 -0.412983 0.227974  0.000000 0.307662 0.951496  0.592391 0.300000
0  3.271152 -0.776823 -0.006243  0.000000 -0.977292 -0.211896  0.570652 1.000000
0  4.277658 -0.776823 -0.006243  0.000000 -0.977292 -0.211896  0.592391 0.000000
no_material
0  5.284168 0.195005 -0.148085  0.000001 -0.144427 -0.989515  0.614130 0.850000
0  6.107853 0.004946 -0.120344  0.000001 -0.144420 -0.989517  0.621198 0.864136
0  5.284168 0.073385 -0.130333  -0.000000 -0.144429 -0.989515  0.614130 0.864136
no_material
0  5.284168 -0.412983 0.227974  0.000000 -0.073808 0.997272  0.614130 0.300000
0  4.277658 -0.776823 -0.006243  0.000000 -0.977292 -0.211896  0.592391 1.000000
0  5.284168 -0.776823 -0.006243  0.000000 -0.977292 -0.211896  0.614130 0.000000
no_material
0  -4.780913 0.148806 -0.141340  0.000002 -0.144427 -0.989515  0.396739 0.864136
0  -3.774407 -0.169977 -0.094813  0.000000 -0.144423 -0.989516  0.418478 0.885011
0  -4.780913 -0.169977 -0.094813  0.000003 -0.144423 -0.989516  0.396739 0.885011
no_material
0  5.787423 -0.776823 -0.006243  0.000000 -0.541282 0.840841  0.625000 0.000000
0  5.805545 -0.412983 0.227974  0.000000 -0.541282 0.840841  0.621198 0.300000
0  5.611381 -0.776823 -0.006243  0.000000 -0.541282 0.840841  0.621198 1.000000
no_material
0  1.258136 -0.776823 -0.006243  0.000000 -0.589264 -0.807941  0.527174 0.000000
0  0.251626 -0.235170 -0.085299  -0.000001 -0.144427 -0.989515  0.505435 0.900000
0  1.258136 -0.235170 -0.085299  0.000001 -0.144410 -0.989518  0.527174 0.900000
no_material
0  -0.754881 -0.776823 -0.006243  0.151027 -0.958767 -0.240741  0.483696 0.000000
0  -2.084900 -0.229197 -0.086171  -0.000000 -0.144414 -0.989517  0.461957 0.900000
0  -0.754881 -0.235170 -0.085299  -0.000000 -0.144418 -0.989517  0.483696 0.900000
no_material
0  5.284168 -0.776823 -0.006243  0.000000 -0.977292 -0.211896  0.614130 0.000000
0  4.277658 -0.235170 -0.085299  0.000001 -0.144416 -0.989517  0.592391 0.900000
0  5.284168 -0.235170 -0.085299  -0.000000 -0.144418 -0.989517  0.614130 0.900000
no_material
0  -5.526283 2.078923 -0.423049  -0.226346 0.928176 -0.295393  0.380640 0.750000
0  -5.780432 1.149367 -0.287376  -0.926263 0.164648 0.339010  0.379760 0.800000
0  -5.787423 1.891820 -0.395740  -0.433666 0.846080 -0.309972  0.375000 0.750000
no_material
0  -6.698448 -0.281558 0.208791  0.482118 0.184223 0.856518  0.375000 0.354994
0  -6.222672 0.000752 -0.119734  0.482119 0.184223 0.856518  0.379760 0.872629
0  -6.698448 0.060178 0.158915  0.482115 0.184221 0.856521  0.247629 0.250000
no_material
0  -5.172617 -0.437058 -0.055833  -0.000004 -0.144425 -0.989516  0.385870 0.900000
0  -4.780913 -0.398877 -0.061405  0.000002 -0.144424 -0.989516  0.396739 0.900000
0  -5.284168 -1.162446 0.050042  0.993891 -0.109665 0.012400  0.385870 0.950000
no_material
0  -2.264645 -0.300645 0.289186  0.110642 -0.840567 0.530288  0.451087 0.350000
0  -2.084900 -0.337245 0.042105  0.061282 -0.263260 0.962777  0.461957 0.350000
0  -1.730956 -0.166763 0.269648  0.032632 -0.615936 0.787120  0.472826 0.350000
no_material
0  -2.842713 -0.313435 0.201557  0.897638 0.023612 0.440101  0.440217 0.350000
0  -2.842713 -0.946224 0.235506  0.897638 0.023612 0.440101  0.440217 0.300000
0  -2.767897 -0.425356 0.054965  0.897638 0.023612 0.440101  0.440217 0.350000
no_material
0  -4.780913 0.060178 0.158915  -0.694138 0.186717 0.695204  0.396739 0.377371
0  -5.115692 -0.322622 -0.072536  -0.694141 0.186714 0.695202  0.385870 0.895007
0  -4.780913 -0.281558 0.208791  -0.694136 0.186720 0.695206  0.396739 0.354994
no_material
0  0.754881 1.084474 0.009414  0.260813 0.944669 0.198941  0.516304 0.500000
0  0.251626 0.791974 -0.235213  -0.057836 0.415525 -0.907741  0.505435 0.750000
0  -0.251629 0.833034 0.046114  0.092172 0.675333 0.731731  0.494565 0.500000
no_material
0  2.264642 -0.776823 -0.006243  0.000000 -0.977292 -0.211896  0.548913 0.000000
0  1.258136 -0.235170 -0.085299  0.000001 -0.144410 -0.989518  0.527174 0.900000
0  2.264642 -0.235170 -0.085299  -0.000000 -0.144418 -0.989517  0.548913 0.900000
no_material
0  -2.264645 -0.300645 0.289186  -0.070367 -0.809851 0.582400  0.451087 0.350000
0  -2.842713 -0.313435 0.201557  -0.070367 -0.809851 0.582400  0.440217 0.350000
0  -2.767897 -0.425356 0.054965  -0.070367 -0.809851 0.582400  0.440217 0.350000
no_material
0  3.271152 -0.158614 0.325481  0.000000 -0.414554 0.910025  0.570652 0.350000
0  2.264642 -0.340347 0.042557  0.000000 0.098640 0.995123  0.548913 0.350000
0  3.271152 -0.340347 0.042557  0.000000 0.098641 0.995123  0.570652 0.350000
no_material
0  -4.780913 -0.281558 0.208791  -0.000000 0.144424 0.989516  0.396739 0.354994
0  -5.172617 -0.395995 0.225493  -0.470268 0.224368 0.853526  0.385870 0.350000
0  -4.780913 -1.121383 0.331369  0.000437 0.025195 0.999682  0.396739 0.300000
no_material
0  0.251626 -0.158614 0.325481  0.000001 -0.414557 0.910023  0.505435 0.350000
0  -0.251629 -0.114664 0.319068  -0.000000 0.144401 0.989519  0.494565 0.354994
0  -0.754881 -0.158614 0.325481  -0.007352 -0.417971 0.908431  0.483696 0.350000
no_material
0  -1.730956 -0.117276 0.319446  0.030128 -0.252663 0.967085  0.472826 0.354994
0  -0.251629 0.082301 0.290320  -0.000001 0.144431 0.989515  0.494565 0.377371
0  -1.730956 0.067975 0.292411  0.000001 0.144418 0.989517  0.472826 0.377371
no_material
0  -3.774407 -0.281558 0.208791  -0.002229 0.134153 0.990958  0.418478 0.354994
0  -2.801757 0.084832 0.181906  -0.111551 0.104065 0.988295  0.440217 0.377371
0  -3.774407 0.060178 0.158915  -0.011754 0.121967 0.992465  0.418478 0.377371
no_material
0  -3.271152 -0.357817 0.219922  0.028662 0.138113 0.990002  0.429348 0.350000
0  -2.842713 -0.313435 0.201557  0.051981 0.051569 0.997316  0.440217 0.350000
0  -2.835239 -0.240776 0.197972  -0.085390 0.075516 0.993482  0.440217 0.354994
no_material
0  1.258136 0.271646 0.262683  -0.047234 0.511692 0.857870  0.527174 0.400000
0  0.754881 0.265573 0.173048  0.009666 0.661353 0.750012  0.516304 0.400000
0  0.754881 0.224892 0.269509  -0.021435 0.600653 0.799223  0.516304 0.393867
no_material
0  2.264642 -0.158614 0.325481  0.000000 -0.414558 0.910023  0.548913 0.350000
0  1.258136 -0.340347 0.042557  0.000000 0.098641 0.995123  0.527174 0.350000
0  2.264642 -0.340347 0.042557  0.000000 0.098640 0.995123  0.548913 0.350000
no_material
0  -5.145957 0.430735 0.104829  -0.917480 -0.378105 0.123557  0.385870 0.400000
0  -5.172617 0.402866 -0.178422  -0.917480 -0.378105 0.123557  0.385870 0.850000
0  -5.115692 0.271025 -0.159181  -0.917480 -0.378105 0.123557  0.385870 0.856133
no_material
0  -2.767897 1.446408 -0.330732  -0.228024 0.757610 -0.611582  0.440217 0.750000
0  -3.774407 1.169314 -0.002967  0.036257 0.311223 0.949645  0.418478 0.450000
0  -2.767897 1.169314 -0.002967  -0.054752 0.365154 0.929336  0.440217 0.450000
no_material
0  2.264642 1.043414 -0.271912  -0.046356 0.914948 -0.400901  0.548913 0.750000
0  1.258136 0.359989 0.081657  0.022899 0.654040 0.756113  0.527174 0.450000
0  2.264642 0.655483 0.038529  -0.034182 0.655707 0.754241  0.548913 0.450000
no_material
0  -6.698448 0.312085 0.122149  -0.479784 -0.052768 -0.875799  0.231133 0.250000
0  -6.222672 0.000752 -0.119734  -0.479794 -0.052790 -0.875792  0.379760 0.872629
0  -6.698448 0.060178 0.158915  -0.479785 -0.052773 -0.875797  0.375000 0.377371
no_material
0  -2.767897 1.446408 -0.330732  -0.228024 0.757610 -0.611582  0.440217 0.750000
0  -3.271152 1.128254 -0.284294  -0.000002 -0.144422 -0.989516  0.429348 0.800000
0  -3.774407 2.087427 -0.424288  0.222087 0.926784 -0.302900  0.418478 0.750000
no_material
0  -0.251629 0.833034 0.046114  0.092172 0.675333 0.731731  0.494565 0.500000
0  0.754881 0.265573 0.173048  0.009666 0.661353 0.750012  0.516304 0.400000
0  0.754881 1.084474 0.009414  0.260813 0.944669 0.198941  0.516304 0.500000
no_material
0  2.264642 0.655483 0.038529  -0.034182 0.655707 0.754241  0.548913 0.450000
0  1.258136 0.271646 0.262683  -0.047234 0.511692 0.857870  0.527174 0.400000
0  2.264642 0.278024 0.261754  -0.012277 0.392549 0.919649  0.548913 0.400000
no_material
0  5.284168 0.655483 0.038529  0.019533 0.645193 0.763770  0.614130 0.450000
0  6.144105 0.246903 0.266295  0.069671 0.435963 0.897264  0.621198 0.400000
0  6.246203 0.409240 0.074469  0.163089 0.645288 0.746328  0.621198 0.450000
no_material
0  0.754881 0.080681 0.290556  0.000001 0.144423 0.989516  0.516304 0.377371
0  1.258136 -0.029632 0.306656  -0.000001 0.144419 0.989517  0.527174 0.364989
0  1.258136 0.149998 0.280439  0.000000 0.144425 0.989516  0.527174 0.385864
no_material
0  5.284168 1.043414 -0.271912  0.052382 0.915617 -0.398624  0.614130 0.750000
0  4.277658 0.458487 0.067281  -0.035146 0.679867 0.732493  0.592391 0.450000
0  5.284168 0.655483 0.038529  0.019533 0.645193 0.763770  0.614130 0.450000
no_material
0  4.277658 0.691034 -0.220482  -0.102607 0.852206 -0.513046  0.592391 0.750000
0  3.271152 0.507738 0.060093  0.052961 0.683089 0.728412  0.570652 0.450000
0  4.277658 0.458487 0.067281  -0.035146 0.679867 0.732493  0.592391 0.450000
no_material
0  5.284168 0.256321 0.264921  0.006388 0.375041 0.926986  0.614130 0.400000
0  4.277658 0.140577 0.281813  -0.000000 0.144423 0.989516  0.592391 0.385864
0  5.284168 0.139006 0.282044  0.000000 0.144424 0.989516  0.614130 0.385864
no_material
0  -3.774407 2.087427 -0.424288  0.222087 0.926784 -0.302900  0.418478 0.750000
0  -4.277662 1.128254 -0.284294  -0.000000 -0.144421 -0.989516  0.407609 0.800000
0  -4.780913 2.403694 -0.470448  0.007994 0.970561 -0.240723  0.396739 0.750000
no_material
0  -7.489315 1.309428 1.108307  -0.000002 -0.807403 0.590001  0.200000 0.846154
0  -6.403880 1.174504 0.938238  0.353884 -0.020833 0.935057  0.100000 0.692308
0  -7.489315 1.472772 1.126433  -0.034826 0.124515 0.991606  0.200000 0.692308
no_material
0  -2.239759 1.636880 -0.071212  -0.061837 0.859641 0.507142  0.451087 0.500000
0  -2.767897 1.446408 -0.330732  -0.228024 0.757610 -0.611582  0.440217 0.750000
0  -2.767897 1.169314 -0.002967  -0.054752 0.365154 0.929336  0.440217 0.450000
no_material
0  1.258136 0.359989 0.081657  0.022899 0.654040 0.756113  0.527174 0.450000
0  0.754881 0.265573 0.173048  0.009666 0.661353 0.750012  0.516304 0.400000
0  1.258136 0.271646 0.262683  -0.047234 0.511692 0.857870  0.527174 0.400000
no_material
0  -0.251629 0.227492 0.269127  -0.003493 0.615450 0.788168  0.494565 0.393867
0  0.754881 0.265573 0.173048  0.009666 0.661353 0.750012  0.516304 0.400000
0  -0.251629 0.268540 0.172616  -0.006058 0.634671 0.772759  0.494565 0.400000
no_material
0  -3.774407 0.148806 -0.141340  0.000000 -0.144432 -0.989515  0.418478 0.864136
0  -4.277662 0.271025 -0.159181  -0.000000 -0.144431 -0.989515  0.407609 0.856133
0  -3.271152 0.271025 -0.159181  0.000000 -0.144431 -0.989515  0.429348 0.856133
no_material
0  -2.084900 0.075074 -0.130580  -0.000001 -0.144431 -0.989515  0.461957 0.864136
0  -2.767897 0.364689 -0.172851  0.000000 -0.144426 -0.989516  0.440217 0.850000
0  -2.084900 0.195005 -0.148085  0.000000 -0.144426 -0.989516  0.461957 0.850000
no_material
0  -1.656299 1.160463 -0.001675  0.309309 0.366744 0.877398  0.472826 0.500000
0  -0.754881 1.043414 -0.271912  0.189724 0.736142 -0.649692  0.483696 0.750000
0  -1.811162 1.594879 -0.352400  0.347366 0.795850 -0.495943  0.461957 0.750000
no_material
0  4.277658 0.043537 -0.125977  -0.000001 -0.144430 -0.989515  0.592391 0.864136
0  5.284168 -0.106211 -0.104120  -0.000000 -0.144420 -0.989516  0.614130 0.885011
0  4.277658 -0.118685 -0.102298  0.000000 -0.144419 -0.989517  0.592391 0.885011
no_material
0  -6.084067 -0.395995 0.225493  0.022908 -0.049687 0.998502  0.379760 0.350000
0  -6.698448 -0.398877 -0.061405  -0.915294 0.168163 -0.366002  0.375000 0.900000
0  -5.787423 -1.926012 0.161485  -0.802035 -0.578642 -0.148033  0.375000 0.000000
no_material
0  -5.115692 -0.322622 -0.072536  0.000004 -0.144425 -0.989516  0.385870 0.895007
0  -4.780913 -0.169977 -0.094813  0.000003 -0.144423 -0.989516  0.396739 0.885011
0  -4.780913 -0.398877 -0.061405  0.000002 -0.144424 -0.989516  0.396739 0.900000
no_material
0  2.264642 0.195005 -0.148085  0.000001 -0.144427 -0.989515  0.548913 0.850000
0  1.258136 0.620663 -0.210211  0.311316 0.665426 -0.678447  0.527174 0.750000
0  2.264642 1.043414 -0.271912  -0.046356 0.914948 -0.400901  0.548913 0.750000
no_material
0  4.277658 0.153398 -0.142012  -0.000001 -0.144425 -0.989516  0.592391 0.850000
0  3.271152 0.730701 -0.226269  0.126206 0.856002 -0.501330  0.570652 0.750000
0  4.277658 0.691034 -0.220482  -0.102607 0.852206 -0.513046  0.592391 0.750000
no_material
0  -2.084900 0.195005 -0.148085  0.000000 -0.144426 -0.989516  0.461957 0.850000
0  -2.767897 1.446408 -0.330732  -0.228024 0.757610 -0.611582  0.440217 0.750000
0  -1.811162 1.594879 -0.352400  0.347366 0.795850 -0.495943  0.461957 0.750000
no_material
0  -0.754881 0.195005 -0.148085  0.000000 -0.144426 -0.989515  0.483696 0.850000
0  -1.811162 1.594879 -0.352400  0.347366 0.795850 -0.495943  0.461957 0.750000
0  -0.754881 1.043414 -0.271912  0.189724 0.736142 -0.649692  0.483696 0.750000
no_material
0  0.251626 0.150955 -0.141653  0.000002 -0.144412 -0.989518  0.505435 0.850000
0  -0.754881 1.043414 -0.271912  0.189724 0.736142 -0.649692  0.483696 0.750000
0  0.251626 0.791974 -0.235213  -0.057836 0.415525 -0.907741  0.505435 0.750000
no_material
0  -2.767897 0.364689 -0.172851  0.000000 -0.144426 -0.989516  0.440217 0.850000
0  -3.271152 1.128254 -0.284294  -0.000002 -0.144422 -0.989516  0.429348 0.800000
0  -2.767897 1.446408 -0.330732  -0.228024 0.757610 -0.611582  0.440217 0.750000
no_material
0  -4.277662 0.271025 -0.159181  -0.000000 -0.144431 -0.989515  0.407609 0.856133
0  -4.780913 0.364689 -0.172851  -0.000000 -0.144425 -0.989516  0.396739 0.850000
0  -4.277662 1.128254 -0.284294  -0.000000 -0.144421 -0.989516  0.407609 0.800000
no_material
0  3.271152 0.212229 -0.150596  -0.000000 -0.144424 -0.989516  0.570652 0.850000
0  2.264642 1.043414 -0.271912  -0.046356 0.914948 -0.400901  0.548913 0.750000
0  3.271152 0.730701 -0.226269  0.126206 0.856002 -0.501330  0.570652 0.750000
no_material
0  -5.780432 1.149367 -0.287376  -0.926263 0.164648 0.339010  0.379760 0.800000
0  -6.084067 0.402866 -0.178422  0.000001 -0.144420 -0.989516  0.379760 0.850000
0  -6.698448 0.364689 -0.172851  -0.709073 -0.705107 -0.006252  0.375000 0.850000
no_material
0  0.251626 0.041785 -0.125722  0.000002 -0.144410 -0.989518  0.505435 0.864136
0  -0.754881 0.195005 -0.148085  0.000000 -0.144426 -0.989515  0.483696 0.850000
0  0.251626 0.150955 -0.141653  0.000002 -0.144412 -0.989518  0.505435 0.850000
no_material
0  6.857486 0.409240 0.074469  0.043080 0.682053 0.730032  0.825000 0.250000
0  6.246203 0.646343 -0.213957  0.154101 0.846218 -0.510066  0.621198 0.750000
0  6.246203 0.409240 0.074469  0.163089 0.645288 0.746328  0.621198 0.450000
no_material
0  -6.698448 0.364689 -0.172851  -0.709073 -0.705107 -0.006252  0.225000 0.000000
0  -5.787423 1.891820 -0.395740  -0.433666 0.846080 -0.309972  0.375000 0.750000
0  -5.780432 1.149367 -0.287376  -0.926263 0.164648 0.339010  0.379760 0.800000
no_material
0  -4.277662 1.128254 -0.284294  -0.000000 -0.144421 -0.989516  0.407609 0.800000
0  -3.271152 0.271025 -0.159181  0.000000 -0.144431 -0.989515  0.429348 0.856133
0  -4.277662 0.271025 -0.159181  -0.000000 -0.144431 -0.989515  0.407609 0.856133
no_material
0  0.754881 1.084474 0.009414  0.260813 0.944669 0.198941  0.516304 0.500000
0  1.258136 0.620663 -0.210211  0.311316 0.665426 -0.678447  0.527174 0.750000
0  0.251626 0.791974 -0.235213  -0.057836 0.415525 -0.907741  0.505435 0.750000
no_material
0  4.277658 0.043537 -0.125977  -0.000001 -0.144430 -0.989515  0.592391 0.864136
0  3.271152 0.212229 -0.150596  -0.000000 -0.144424 -0.989516  0.570652 0.850000
0  4.277658 0.153398 -0.142012  -0.000001 -0.144425 -0.989516  0.592391 0.850000
no_material
0  0.251626 0.041785 -0.125722  0.000002 -0.144410 -0.989518  0.505435 0.864136
0  1.258136 -0.156642 -0.096758  0.000001 -0.144411 -0.989518  0.527174 0.885011
0  0.251626 -0.119418 -0.102194  -0.000000 -0.144426 -0.989516  0.505435 0.885011
no_material
0  1.258136 0.026776 -0.123531  -0.000001 -0.144435 -0.989514  0.527174 0.850000
0  0.251626 0.791974 -0.235213  -0.057836 0.415525 -0.907741  0.505435 0.750000
0  1.258136 0.620663 -0.210211  0.311316 0.665426 -0.678447  0.527174 0.750000
no_material
0  6.246203 0.409240 0.074469  0.163089 0.645288 0.746328  0.621198 0.450000
0  5.284168 1.043414 -0.271912  0.052382 0.915617 -0.398624  0.614130 0.750000
0  5.284168 0.655483 0.038529  0.019533 0.645193 0.763770  0.614130 0.450000
no_material
0  -2.239759 1.636880 -0.071212  -0.061837 0.859641 0.507142  0.451087 0.500000
0  -1.811162 1.594879 -0.352400  0.347366 0.795850 -0.495943  0.461957 0.750000
0  -2.767897 1.446408 -0.330732  -0.228024 0.757610 -0.611582  0.440217 0.750000
no_material
0  -5.172617 0.402866 -0.178422  -0.000005 -0.144420 -0.989516  0.385870 0.850000
0  -5.284168 1.128254 -0.284294  0.988361 0.150843 0.019697  0.385870 0.800000
0  -4.780913 0.364689 -0.172851  -0.000000 -0.144425 -0.989516  0.396739 0.850000
no_material
0  -4.780913 -2.437882 0.236196  0.005498 -0.998796 0.048750  0.396739 1.000000
0  -5.284168 -1.162446 0.050042  0.993891 -0.109665 0.012400  0.385870 0.950000
0  -4.780913 -0.398877 -0.061405  0.000002 -0.144424 -0.989516  0.396739 0.900000
no_material
0  -0.251629 0.833034 0.046114  0.092172 0.675333 0.731731  0.494565 0.500000
0  0.251626 0.791974 -0.235213  -0.057836 0.415525 -0.907741  0.505435 0.750000
0  -0.754881 1.043414 -0.271912  0.189724 0.736142 -0.649692  0.483696 0.750000
no_material
0  5.284168 0.073385 -0.130333  -0.000000 -0.144429 -0.989515  0.614130 0.864136
0  4.277658 0.153398 -0.142012  -0.000001 -0.144425 -0.989516  0.592391 0.850000
0  5.284168 0.195005 -0.148085  0.000001 -0.144427 -0.989515  0.614130 0.850000
no_material
0  5.284168 0.195005 -0.148085  0.000001 -0.144427 -0.989515  0.614130 0.850000
0  6.246203 0.646343 -0.213957  0.154101 0.846218 -0.510066  0.621198 0.750000
0  6.144105 0.099590 -0.134156  0.000001 -0.144419 -0.989517  0.621198 0.850000
no_material
0  -3.774407 2.087427 -0.424288  0.222087 0.926784 -0.302900  0.418478 0.750000
0  -3.271152 1.128254 -0.284294  -0.000002 -0.144422 -0.989516  0.429348 0.800000
0  -4.277662 1.128254 -0.284294  -0.000000 -0.144421 -0.989516  0.407609 0.800000
no_material
0  -4.780913 -0.169977 -0.094813  0.000003 -0.144423 -0.989516  0.396739 0.885011
0  -3.774407 -0.398877 -0.061405  -0.000000 -0.144424 -0.989516  0.418478 0.900000
0  -4.780913 -0.398877 -0.061405  0.000002 -0.144424 -0.989516  0.396739 0.900000
no_material
0  6.633521 0.235170 0.177485  0.824104 -0.540900 0.168168  0.775000 0.250000
0  6.633521 0.099590 -0.134156  0.784655 -0.137330 -0.604530  0.775000 0.000000
0  6.857486 0.409240 0.074469  0.815640 -0.568791 -0.105865  0.825000 0.250000
no_material
0  -6.698448 0.060178 0.158915  -0.482111 -0.184200 -0.856528  0.247629 0.250000
0  -6.140992 -0.322622 -0.072536  -0.482120 -0.184214 -0.856520  0.379760 0.895007
0  -6.698448 -0.281558 0.208791  -0.482120 -0.184217 -0.856519  0.375000 0.354994
no_material
0  -0.754881 0.073385 -0.130333  -0.000001 -0.144429 -0.989515  0.483696 0.864136
0  0.251626 -0.119418 -0.102194  -0.000000 -0.144426 -0.989516  0.505435 0.885011
0  -0.754881 -0.106211 -0.104120  -0.000001 -0.144420 -0.989516  0.483696 0.885011
no_material
0  1.258136 -0.235170 -0.085299  0.000001 -0.144410 -0.989518  0.527174 0.900000
0  0.251626 -0.119418 -0.102194  -0.000000 -0.144426 -0.989516  0.505435 0.885011
0  1.258136 -0.156642 -0.096758  0.000001 -0.144411 -0.989518  0.527174 0.885011
no_material
0  2.264642 -0.235170 -0.085299  -0.000000 -0.144418 -0.989517  0.548913 0.900000
0  1.258136 -0.156642 -0.096758  0.000001 -0.144411 -0.989518  0.527174 0.885011
0  2.264642 -0.106211 -0.104120  -0.000001 -0.144420 -0.989516  0.548913 0.885011
no_material
0  2.264642 -0.106211 -0.104120  -0.000001 -0.144420 -0.989516  0.548913 0.885011
0  3.271152 -0.235170 -0.085299  -0.000001 -0.144428 -0.989515  0.570652 0.900000
0  2.264642 -0.235170 -0.085299  -0.000000 -0.144418 -0.989517  0.548913 0.900000
no_material
0  6.277224 -0.412983 0.227974  0.606157 -0.780273 0.154103  0.675000 0.250000
0  5.787423 -0.776823 -0.006243  0.097654 -0.284238 -0.953767  0.625000 1.000000
0  6.600733 -0.229197 -0.086171  0.839282 -0.311409 -0.445680  0.725000 0.000000
no_material
0  6.015891 -0.235170 -0.085299  -0.000000 -0.144419 -0.989517  0.621198 0.900000
0  5.284168 -0.106211 -0.104120  -0.000000 -0.144420 -0.989516  0.614130 0.885011
0  6.054327 -0.134816 -0.099945  0.000000 -0.144418 -0.989517  0.621198 0.885011
no_material
0  6.277224 -0.412983 0.227974  -0.601378 0.791978 -0.105429  0.625000 0.300000
0  6.600733 -0.161878 0.268934  -0.601378 0.791978 -0.105429  0.625000 0.350000
0  6.409552 -0.337245 0.042105  -0.601378 0.791978 -0.105429  0.625000 0.350000
no_material
0  -3.774407 -1.121383 0.331369  0.067648 -0.011839 0.997639  0.418478 0.300000
0  -3.271152 -0.357817 0.219922  0.028662 0.138113 0.990002  0.429348 0.350000
0  -3.774407 -0.281558 0.208791  -0.002229 0.134153 0.990958  0.418478 0.354994
no_material
0  -3.774407 -0.169977 -0.094813  0.000000 -0.144423 -0.989516  0.418478 0.885011
0  -2.767897 -0.398877 -0.061405  -0.000001 -0.144424 -0.989516  0.440217 0.900000
0  -3.774407 -0.398877 -0.061405  -0.000000 -0.144424 -0.989516  0.418478 0.900000
no_material
0  -2.767897 -0.169977 -0.094813  0.000000 -0.144422 -0.989516  0.440217 0.885011
0  -2.084900 -0.229197 -0.086171  -0.000000 -0.144414 -0.989517  0.461957 0.900000
0  -2.767897 -0.398877 -0.061405  -0.000001 -0.144424 -0.989516  0.440217 0.900000
no_material
0  -2.084900 -0.102028 -0.104729  -0.000000 -0.144419 -0.989517  0.461957 0.885011
0  -0.754881 -0.235170 -0.085299  -0.000000 -0.144418 -0.989517  0.483696 0.900000
0  -2.084900 -0.229197 -0.086171  -0.000000 -0.144414 -0.989517  0.461957 0.900000
no_material
0  0.251626 -0.235170 -0.085299  -0.000001 -0.144427 -0.989515  0.505435 0.900000
0  -0.754881 -0.106211 -0.104120  -0.000001 -0.144420 -0.989516  0.483696 0.885011
0  0.251626 -0.119418 -0.102194  -0.000000 -0.144426 -0.989516  0.505435 0.885011
no_material
0  3.271152 -0.101048 -0.104876  0.000000 -0.144419 -0.989516  0.570652 0.885011
0  4.277658 -0.235170 -0.085299  0.000001 -0.144416 -0.989517  0.592391 0.900000
0  3.271152 -0.235170 -0.085299  -0.000001 -0.144428 -0.989515  0.570652 0.900000
no_material
0  -2.264645 -0.220840 0.334563  -0.059720 -0.236713 0.969742  0.451087 0.354994
0  -1.730956 0.067975 0.292411  0.000001 0.144418 0.989517  0.472826 0.377371
0  -2.264645 0.100273 0.287697  -0.099164 0.125389 0.987139  0.451087 0.377371
no_material
0  5.284168 -0.235170 -0.085299  -0.000000 -0.144418 -0.989517  0.614130 0.900000
0  4.277658 -0.118685 -0.102298  0.000000 -0.144419 -0.989517  0.592391 0.885011
0  5.284168 -0.106211 -0.104120  -0.000000 -0.144420 -0.989516  0.614130 0.885011
no_material
0  -6.698448 -0.398877 -0.061405  -0.915294 0.168163 -0.366002  0.375000 0.900000
0  -6.084067 -0.437058 -0.055833  -0.000002 -0.144425 -0.989516  0.379760 0.900000
0  -5.780432 -1.141330 0.046959  -0.940256 -0.339154 0.029898  0.379760 0.950000
no_material
0  -4.780913 -1.121383 0.331369  0.000437 0.025195 0.999682  0.396739 0.300000
0  -5.308108 -2.269430 0.211608  -0.201137 -0.978882 0.036520  0.385352 1.000000
0  -4.780913 -2.437882 0.236196  0.005498 -0.998796 0.048750  0.396739 0.000000
no_material
0  -2.084900 -0.519884 0.243577  -0.028911 0.311196 0.949906  0.461957 0.300000
0  -2.767897 -1.480596 0.096476  0.282347 -0.956001 -0.079644  0.440217 1.000000
0  -1.836044 -1.629067 0.118145  0.268579 -0.944753 -0.187900  0.461957 0.000000
no_material
0  -2.084900 -0.519884 0.243577  -0.028911 0.311196 0.949906  0.461957 0.300000
0  -0.754881 -0.776823 -0.006243  0.151027 -0.958767 -0.240741  0.483696 0.000000
0  -0.754881 -0.412983 0.227974  0.036260 0.359667 0.932376  0.483696 0.300000
no_material
0  -0.754881 -0.412983 0.227974  0.036260 0.359667 0.932376  0.483696 0.300000
0  0.251626 -0.776823 -0.006243  0.000000 -0.589264 -0.807941  0.505435 0.000000
0  0.251626 -0.412983 0.227974  0.000000 0.643716 0.765264  0.505435 0.300000
no_material
0  3.271152 -0.776823 -0.006243  0.000000 -0.977292 -0.211896  0.570652 0.000000
0  2.264642 -0.235170 -0.085299  -0.000000 -0.144418 -0.989517  0.548913 0.900000
0  3.271152 -0.235170 -0.085299  -0.000001 -0.144428 -0.989515  0.570652 0.900000
no_material
0  1.258136 -0.412983 0.227974  0.000000 -0.541281 0.840842  0.527174 0.300000
0  0.251626 -0.776823 -0.006243  0.000000 -0.541281 0.840842  0.505435 1.000000
0  1.258136 -0.776823 -0.006243  0.000000 -0.541281 0.840842  0.527174 0.000000
no_material
0  4.277658 -0.776823 -0.006243  0.000000 -0.977292 -0.211896  0.592391 0.000000
0  3.271152 -0.235170 -0.085299  -0.000001 -0.144428 -0.989515  0.570652 0.900000
0  4.277658 -0.235170 -0.085299  0.000001 -0.144416 -0.989517  0.592391 0.900000
no_material
0  2.264642 -0.412983 0.227974  0.000000 0.307662 0.951496  0.548913 0.300000
0  1.258136 -0.776823 -0.006243  0.000000 -0.589264 -0.807941  0.527174 1.000000
0  2.264642 -0.776823 -0.006243  0.000000 -0.977292 -0.211896  0.548913 0.000000
no_material
0  -4.780913 2.403694 -0.470448  0.007994 0.970561 -0.240723  0.396739 0.750000
0  -5.284168 1.128254 -0.284294  0.988361 0.150843 0.019697  0.385870 0.800000
0  -5.308108 2.235241 -0.445863  -0.180870 0.952565 -0.244756  0.385352 0.750000
no_material
0  2.264642 -0.412983 0.227974  0.000000 0.307662 0.951496  0.548913 0.300000
0  3.271152 -0.776823 -0.006243  0.000000 -0.977292 -0.211896  0.570652 0.000000
0  3.271152 -0.412983 0.227974  0.000000 0.307662 0.951496  0.570652 0.300000
no_material
0  6.600733 -0.229197 -0.086171  0.839282 -0.311409 -0.445680  0.725000 0.000000
0  6.600733 -0.161878 0.268934  0.707688 -0.658988 0.254779  0.725000 0.250000
0  6.277224 -0.412983 0.227974  0.548576 -0.829229 0.106975  0.675000 0.250000
no_material
0  -4.780913 -0.281558 0.208791  -0.000000 0.144424 0.989516  0.396739 0.354994
0  -3.774407 0.060178 0.158915  -0.011754 0.121967 0.992465  0.418478 0.377371
0  -4.780913 0.060178 0.158915  0.000000 0.144419 0.989517  0.396739 0.377371
no_material
0  0.251626 -0.158614 0.325481  0.000001 -0.414557 0.910023  0.505435 0.350000
0  1.258136 -0.340347 0.042557  0.000000 0.098641 0.995123  0.527174 0.350000
0  1.258136 -0.158614 0.325481  -0.000000 -0.414553 0.910025  0.527174 0.350000
no_material
0  -0.754881 -0.158614 0.325481  -0.007352 -0.417971 0.908431  0.483696 0.350000
0  -1.730956 -0.117276 0.319446  0.030128 -0.252663 0.967085  0.472826 0.354994
0  -1.730956 -0.166763 0.269648  0.032632 -0.615936 0.787120  0.472826 0.350000
no_material
0  6.857486 0.646343 -0.213957  0.637897 0.655229 -0.404676  0.875000 0.000000
0  6.144105 0.099590 -0.134156  0.000001 -0.144419 -0.989517  0.621198 0.850000
0  6.246203 0.646343 -0.213957  0.154101 0.846218 -0.510066  0.621198 0.750000
no_material
0  -5.462857 0.572075 -0.203119  0.000001 -0.144423 -0.989516  0.384086 0.850000
0  -5.308108 2.235241 -0.445863  -0.180870 0.952565 -0.244756  0.385352 0.750000
0  -5.244805 0.470973 -0.188361  -0.000012 -0.144424 -0.989516  0.385352 0.850000
no_material
0  5.611381 -0.776823 -0.006243  -0.000000 -0.730319 -0.683106  0.621198 1.000000
0  6.600733 -0.229197 -0.086171  0.839282 -0.311409 -0.445680  0.725000 0.000000
0  5.787423 -0.776823 -0.006243  0.097654 -0.284238 -0.953767  0.625000 0.000000
no_material
0  -6.500599 1.037735 0.936883  -0.222261 -0.752925 0.619438  0.100000 0.846154
0  -5.733048 0.393626 0.445531  0.585349 -0.229365 0.777662  0.000000 0.692308
0  -6.403880 1.174504 0.938238  0.353884 -0.020833 0.935057  0.100000 0.692308
no_material
0  2.264642 0.655483 0.038529  -0.034182 0.655707 0.754241  0.548913 0.450000
0  3.271152 0.272530 0.262556  0.013564 0.399080 0.916816  0.570652 0.400000
0  3.271152 0.507738 0.060093  0.052961 0.683089 0.728412  0.570652 0.450000
no_material
0  4.277658 -0.158614 0.325481  -0.000000 -0.414553 0.910025  0.592391 0.350000
0  3.271152 -0.340347 0.042557  0.000000 0.098641 0.995123  0.570652 0.350000
0  4.277658 -0.340347 0.042557  0.000000 0.098640 0.995123  0.592391 0.350000
no_material
0  -4.780913 0.364689 -0.172851  -0.000000 -0.144425 -0.989516  0.396739 0.850000
0  -4.780913 0.148806 -0.141340  0.000002 -0.144427 -0.989515  0.396739 0.864136
0  -5.115692 0.271025 -0.159181  0.000000 -0.144418 -0.989517  0.385870 0.856133
no_material
0  -3.774407 -0.281558 0.208791  -0.002229 0.134153 0.990958  0.418478 0.354994
0  -4.780913 -1.121383 0.331369  0.000437 0.025195 0.999682  0.396739 0.300000
0  -3.774407 -1.121383 0.331369  0.067648 -0.011839 0.997639  0.418478 0.300000
no_material
0  6.600733 -0.229197 -0.086171  0.839282 -0.311409 -0.445680  0.625000 0.900000
0  6.054327 -0.134816 -0.099945  0.000000 -0.144418 -0.989517  0.621198 0.885011
0  6.610560 -0.130634 -0.100555  0.741947 -0.176959 -0.646685  0.739989 0.000000
no_material
0  4.277658 0.140577 0.281813  -0.000000 0.144423 0.989516  0.592391 0.385864
0  3.271152 -0.029365 0.306618  0.000001 0.144417 0.989517  0.570652 0.364989
0  4.277658 -0.033571 0.307231  -0.000001 0.144423 0.989516  0.592391 0.364989
no_material
0  5.284168 -0.412983 0.227974  0.000000 0.931104 0.364753  0.614130 0.300000
0  6.015891 -0.340347 0.042557  0.000000 0.931104 0.364753  0.621198 0.350000
0  5.284168 -0.340347 0.042557  0.000000 0.931104 0.364753  0.614130 0.350000
no_material
0  6.409552 -0.337245 0.042105  0.009217 -0.796329 0.604793  0.625000 0.350000
0  6.208200 -0.166763 0.269648  0.033349 -0.828874 0.558440  0.623055 0.350000
0  6.015891 -0.340347 0.042557  0.025080 -0.827960 0.560226  0.621198 0.350000
no_material
0  5.284168 -0.158614 0.325481  -0.000000 -0.414556 0.910024  0.614130 0.350000
0  6.054327 -0.037047 0.307740  -0.000000 0.144421 0.989516  0.621198 0.364989
0  5.284168 -0.034227 0.307328  -0.000000 0.144416 0.989517  0.614130 0.364989
no_material
0  6.208200 -0.166763 0.269648  0.033349 -0.828874 0.558440  0.623055 0.350000
0  6.600733 -0.161878 0.268934  0.008490 -0.802864 0.596102  0.625000 0.350000
0  6.409552 -0.153729 0.324767  0.086086 -0.565335 0.820357  0.625000 0.350000
no_material
0  6.144105 0.246903 0.266295  0.069671 0.435963 0.897264  0.621198 0.400000
0  6.383192 0.234919 0.177520  0.064211 0.894235 0.442968  0.623055 0.400000
0  6.246203 0.409240 0.074469  0.163089 0.645288 0.746328  0.621198 0.450000
no_material
0  6.208200 -0.166763 0.269648  0.033349 -0.828874 0.558440  0.623055 0.350000
0  6.015891 -0.158614 0.325481  0.030969 -0.430787 0.901922  0.621198 0.350000
0  6.015891 -0.340347 0.042557  0.025080 -0.827960 0.560226  0.621198 0.350000
no_material
0  -5.432608 -2.180230 0.198590  -0.101839 -0.212731 0.971789  0.382663 0.000000
0  -5.708903 -1.103314 0.328730  -0.208856 -0.099199 0.972902  0.380640 0.300000
0  -5.526283 -2.113115 0.188794  -0.488518 -0.869786 -0.069442  0.380640 1.000000
no_material
0  6.476694 -0.033266 0.307189  0.426479 0.126651 0.895587  0.625000 0.364989
0  6.015891 -0.158614 0.325481  0.030969 -0.430787 0.901922  0.621198 0.350000
0  6.409552 -0.153729 0.324767  0.086086 -0.565335 0.820357  0.625000 0.350000
no_material
0  6.383192 0.234919 0.177520  0.064211 0.894235 0.442968  0.623055 0.400000
0  6.633521 0.235170 0.177485  -0.000391 0.509676 0.860366  0.625000 0.400000
0  6.857486 0.409240 0.074469  0.043080 0.682053 0.730032  0.625000 0.450000
no_material
0  -4.277662 1.128254 -0.284294  -0.000000 -0.144421 -0.989516  0.407609 0.800000
0  -5.284168 1.128254 -0.284294  0.988361 0.150843 0.019697  0.385870 0.800000
0  -4.780913 2.403694 -0.470448  0.007994 0.970561 -0.240723  0.396739 0.750000
no_material
0  -6.084067 -0.395995 0.225493  0.022908 -0.049687 0.998502  0.379760 0.350000
0  -5.526283 -2.113115 0.188794  -0.488518 -0.869786 -0.069442  0.380640 0.000000
0  -5.708903 -1.103314 0.328730  -0.208856 -0.099199 0.972902  0.380640 0.300000
no_material
0  6.409552 -0.337245 0.042105  -0.003144 0.929593 0.368574  0.625000 0.350000
0  5.805545 -0.412983 0.227974  -0.003145 0.929593 0.368575  0.621198 0.300000
0  6.277224 -0.412983 0.227974  -0.003145 0.929593 0.368574  0.625000 0.300000
no_material
0  -4.780913 0.312085 0.122149  -0.689523 -0.002147 0.724261  0.396739 0.393867
0  -5.034012 0.000752 -0.119734  -0.689518 -0.002142 0.724265  0.385870 0.872629
0  -4.780913 0.060178 0.158915  -0.689526 -0.002151 0.724258  0.396739 0.377371
no_material
0  -4.277662 0.271025 -0.159181  -0.000000 -0.144431 -0.989515  0.407609 0.856133
0  -3.774407 0.148806 -0.141340  0.000000 -0.144432 -0.989515  0.418478 0.864136
0  -4.780913 0.148806 -0.141340  0.000002 -0.144427 -0.989515  0.396739 0.864136
no_material
0  -0.754881 -0.340347 0.042557  -0.024565 0.045407 0.998667  0.483696 0.350000
0  -2.084900 -0.519884 0.243577  -0.028911 0.311196 0.949906  0.461957 0.300000
0  -0.754881 -0.412983 0.227974  0.036260 0.359667 0.932376  0.483696 0.300000
no_material
0  6.600733 -0.161878 0.268934  0.011333 -0.810679 0.585381  0.625000 0.350000
0  6.208200 -0.166763 0.269648  0.033349 -0.828874 0.558440  0.623055 0.350000
0  6.409552 -0.337245 0.042105  0.009217 -0.796329 0.604793  0.625000 0.350000
no_material
0  0.251626 -0.340347 0.042557  0.000000 0.098640 0.995123  0.505435 0.350000
0  -0.754881 -0.412983 0.227974  0.036260 0.359667 0.932376  0.483696 0.300000
0  0.251626 -0.412983 0.227974  0.000000 0.643716 0.765264  0.505435 0.300000
no_material
0  -6.084067 0.443926 0.102904  -0.320977 0.320699 0.891137  0.379760 0.400000
0  -5.708903 1.187386 -0.005606  -0.055521 0.373426 0.925997  0.380640 0.450000
0  -6.167016 1.206878 -0.008450  -0.693260 0.607794 0.387269  0.375000 0.450000
no_material
0  0.251626 -0.158614 0.325481  0.000001 -0.414557 0.910023  0.505435 0.350000
0  -0.754881 -0.340347 0.042557  -0.024565 0.045407 0.998667  0.483696 0.350000
0  0.251626 -0.340347 0.042557  0.000000 0.098640 0.995123  0.505435 0.350000
no_material
0  5.284168 -0.340347 0.042557  0.000000 -0.461310 0.887239  0.614130 0.350000
0  4.277658 -0.412983 0.227974  0.000000 0.307662 0.951496  0.592391 0.300000
0  5.284168 -0.412983 0.227974  0.000000 -0.073808 0.997272  0.614130 0.300000
no_material
0  -3.774407 2.087427 -0.424288  0.222087 0.926784 -0.302900  0.418478 0.750000
0  -4.780913 1.169314 -0.002967  0.000683 0.261455 0.965215  0.396739 0.450000
0  -3.774407 1.169314 -0.002967  0.036257 0.311223 0.949645  0.418478 0.450000
no_material
0  1.258136 -0.158614 0.325481  -0.000000 -0.414553 0.910025  0.527174 0.350000
0  2.264642 -0.027718 0.306378  -0.000000 0.144416 0.989517  0.548913 0.364989
0  1.258136 -0.029632 0.306656  -0.000001 0.144419 0.989517  0.527174 0.364989
no_material
0  3.271152 -0.340347 0.042557  0.000000 0.098641 0.995123  0.570652 0.350000
0  2.264642 -0.412983 0.227974  0.000000 0.307662 0.951496  0.548913 0.300000
0  3.271152 -0.412983 0.227974  0.000000 0.307662 0.951496  0.570652 0.300000
no_material
0  -5.780432 -1.141330 0.046959  -0.940256 -0.339154 0.029898  0.379760 0.950000
0  -5.787423 -1.926012 0.161485  -0.802035 -0.578642 -0.148033  0.375000 0.000000
0  -6.698448 -0.398877 -0.061405  -0.915294 0.168163 -0.366002  0.375000 0.900000
no_material
0  -5.308108 2.235241 -0.445863  -0.180870 0.952565 -0.244756  0.385352 0.750000
0  -5.428996 1.175476 -0.003866  -0.061285 0.396726 0.915889  0.384086 0.450000
0  -5.326165 1.171100 -0.003229  -0.033681 0.310664 0.949923  0.385352 0.450000
no_material
0  3.271152 -0.158614 0.325481  0.000000 -0.414554 0.910025  0.570652 0.350000
0  4.277658 -0.033571 0.307231  -0.000001 0.144423 0.989516  0.592391 0.364989
0  3.271152 -0.029365 0.306618  0.000001 0.144417 0.989517  0.570652 0.364989
no_material
0  5.611381 -0.776823 -0.006243  -0.000000 -0.730319 -0.683106  0.621198 0.000000
0  5.284168 -0.412983 0.227974  0.000000 -0.073808 0.997272  0.614130 0.300000
0  5.284168 -0.776823 -0.006243  0.000000 -0.977292 -0.211896  0.614130 1.000000
no_material
0  -5.172617 -0.437058 -0.055833  -0.897201 0.436993 -0.063785  0.385870 0.900000
0  -5.172617 -0.395995 0.225493  -0.897201 0.436993 -0.063785  0.385870 0.350000
0  -5.115692 -0.322622 -0.072536  -0.897201 0.436993 -0.063785  0.385870 0.895007
no_material
0  4.277658 -0.158614 0.325481  -0.000000 -0.414553 0.910025  0.592391 0.350000
0  5.284168 -0.034227 0.307328  -0.000000 0.144416 0.989517  0.614130 0.364989
0  4.277658 -0.033571 0.307231  -0.000001 0.144423 0.989516  0.592391 0.364989
no_material
0  6.600733 -0.161878 0.268934  0.707688 -0.658988 0.254779  0.625000 0.350000
0  6.604009 -0.122226 0.259801  0.855920 0.169672 0.488479  0.625000 0.354994
0  6.409552 -0.153729 0.324767  0.086086 -0.565335 0.820357  0.625000 0.350000
no_material
0  6.144105 0.246903 0.266295  0.069671 0.435963 0.897264  0.621198 0.400000
0  5.284168 0.139006 0.282044  0.000000 0.144424 0.989516  0.614130 0.385864
0  6.107853 0.132250 0.283028  0.000000 0.144427 0.989515  0.621198 0.385864
no_material
0  -0.754881 -0.340347 0.042557  -0.024565 0.045407 0.998667  0.483696 0.350000
0  -1.730956 -0.166763 0.269648  0.032632 -0.615936 0.787120  0.472826 0.350000
0  -2.084900 -0.337245 0.042105  0.061282 -0.263260 0.962777  0.461957 0.350000
no_material
0  -2.264645 -0.220840 0.334563  -0.059720 -0.236713 0.969742  0.451087 0.354994
0  -1.730956 -0.166763 0.269648  0.032632 -0.615936 0.787120  0.472826 0.350000
0  -1.730956 -0.117276 0.319446  0.030128 -0.252663 0.967085  0.472826 0.354994
no_material
0  -1.656299 1.160463 -0.001675  0.309309 0.366744 0.877398  0.472826 0.500000
0  -2.264645 0.412053 0.151669  0.021383 0.518980 0.854519  0.451087 0.400000
0  -1.730956 0.242370 0.176435  0.072505 0.635031 0.769076  0.472826 0.400000
no_material
0  -1.656299 1.160463 -0.001675  0.309309 0.366744 0.877398  0.472826 0.500000
0  -0.251629 0.268540 0.172616  -0.006058 0.634671 0.772759  0.494565 0.400000
0  -0.251629 0.833034 0.046114  0.092172 0.675333 0.731731  0.494565 0.500000
no_material
0  -6.698448 0.060178 0.158915  0.479781 0.052780 0.875799  0.375000 0.377371
0  -6.140992 0.271025 -0.159181  0.479779 0.052779 0.875801  0.379760 0.856133
0  -6.698448 0.312085 0.122149  0.479785 0.052782 0.875797  0.231133 0.250000
no_material
0  0.754881 0.224892 0.269509  -0.021435 0.600653 0.799223  0.516304 0.393867
0  1.761390 0.224324 0.269590  -0.000001 0.144425 0.989516  0.538043 0.393867
0  1.258136 0.271646 0.262683  -0.047234 0.511692 0.857870  0.527174 0.400000
no_material
0  3.271152 0.730701 -0.226269  0.126206 0.856002 -0.501330  0.570652 0.750000
0  2.264642 0.655483 0.038529  -0.034182 0.655707 0.754241  0.548913 0.450000
0  3.271152 0.507738 0.060093  0.052961 0.683089 0.728412  0.570652 0.450000
no_material
0  -4.780913 1.169314 -0.002967  0.000683 0.261455 0.965215  0.396739 0.450000
0  -5.145957 0.430735 0.104829  -0.000005 0.144424 0.989516  0.385870 0.400000
0  -4.780913 0.312085 0.122149  -0.000002 0.144422 0.989516  0.396739 0.393867
no_material
0  2.264642 0.154574 0.279772  -0.000001 0.144426 0.989516  0.548913 0.385864
0  1.258136 -0.029632 0.306656  -0.000001 0.144419 0.989517  0.527174 0.364989
0  2.264642 -0.027718 0.306378  -0.000000 0.144416 0.989517  0.548913 0.364989
no_material
0  5.284168 -0.158614 0.325481  -0.000000 -0.414556 0.910024  0.614130 0.350000
0  4.277658 -0.340347 0.042557  0.000000 0.098640 0.995123  0.592391 0.350000
0  5.284168 -0.340347 0.042557  0.000000 -0.461310 0.887239  0.614130 0.350000
no_material
0  4.277658 0.258509 0.264601  -0.006893 0.399253 0.916815  0.592391 0.400000
0  3.271152 0.150635 0.280347  0.000001 0.144420 0.989516  0.570652 0.385864
0  4.277658 0.140577 0.281813  -0.000000 0.144423 0.989516  0.592391 0.385864
no_material
0  6.015891 -0.158614 0.325481  0.030969 -0.430787 0.901922  0.621198 0.350000
0  5.284168 -0.340347 0.042557  0.000000 -0.461310 0.887239  0.614130 0.350000
0  6.015891 -0.340347 0.042557  0.025080 -0.827960 0.560226  0.621198 0.350000
no_material
0  3.271152 -0.029365 0.306618  0.000001 0.144417 0.989517  0.570652 0.364989
0  2.264642 -0.158614 0.325481  0.000000 -0.414558 0.910023  0.548913 0.350000
0  3.271152 -0.158614 0.325481  0.000000 -0.414554 0.910025  0.570652 0.350000
no_material
0  3.271152 0.272530 0.262556  0.013564 0.399080 0.916816  0.570652 0.400000
0  2.264642 0.154574 0.279772  -0.000001 0.144426 0.989516  0.548913 0.385864
0  3.271152 0.150635 0.280347  0.000001 0.144420 0.989516  0.570652 0.385864
no_material
0  -4.780913 0.312085 0.122149  -0.292922 -0.832595 0.470089  0.396739 0.393867
0  -5.145957 0.430735 0.104829  -0.292922 -0.832595 0.470089  0.385870 0.400000
0  -5.115692 0.271025 -0.159181  -0.292922 -0.832595 0.470089  0.385870 0.856133
no_material
0  -2.767897 1.169314 -0.002967  -0.054752 0.365154 0.929336  0.440217 0.450000
0  -3.774407 0.312085 0.122149  -0.015606 0.140415 0.989970  0.418478 0.393867
0  -2.777076 0.324852 0.170069  -0.067333 0.170432 0.983066  0.440217 0.393867
no_material
0  -2.264645 0.336978 0.253150  -0.011893 0.549542 0.835382  0.451087 0.393867
0  -1.730956 0.242370 0.176435  0.072505 0.635031 0.769076  0.472826 0.400000
0  -2.264645 0.412053 0.151669  0.021383 0.518980 0.854519  0.451087 0.400000
no_material
0  -5.145957 0.430735 0.104829  -0.000005 0.144424 0.989516  0.385870 0.400000
0  -4.780913 1.169314 -0.002967  0.000683 0.261455 0.965215  0.396739 0.450000
0  -5.326165 1.171100 -0.003229  -0.033681 0.310664 0.949923  0.385352 0.450000
no_material
0  6.383192 0.234919 0.177520  0.064211 0.894235 0.442968  0.623055 0.400000
0  6.857486 0.409240 0.074469  0.043080 0.682053 0.730032  0.625000 0.450000
0  6.246203 0.409240 0.074469  0.163089 0.645288 0.746328  0.621198 0.450000
no_material
0  -5.708903 1.187386 -0.005606  -0.055521 0.373426 0.925997  0.380640 0.450000
0  -5.787423 1.891820 -0.395740  -0.433666 0.846080 -0.309972  0.125000 0.000000
0  -6.167016 1.206878 -0.008450  -0.693260 0.607794 0.387269  0.375000 0.450000
no_material
0  -2.239759 1.636880 -0.071212  -0.061837 0.859641 0.507142  0.451087 0.500000
0  -2.767897 1.169314 -0.002967  -0.054752 0.365154 0.929336  0.440217 0.450000
0  -2.264645 0.412053 0.151669  0.021383 0.518980 0.854519  0.451087 0.400000
no_material
0  6.633521 0.235170 0.177485  -0.001011 0.989515 -0.144424  0.625000 0.400000
0  6.383192 0.234919 0.177520  0.064211 0.894235 0.442968  0.623055 0.400000
0  6.633521 0.248107 0.266121  0.657968 0.540280 0.524573  0.625000 0.400000
no_material
0  -3.774407 0.148806 -0.141340  0.000000 -0.144432 -0.989515  0.418478 0.864136
0  -2.767897 -0.169977 -0.094813  0.000000 -0.144422 -0.989516  0.440217 0.885011
0  -3.774407 -0.169977 -0.094813  0.000000 -0.144423 -0.989516  0.418478 0.885011
no_material
0  -5.244805 -0.505165 -0.045890  -0.541342 0.145700 -0.828082  0.385352 0.900000
0  -5.172617 -0.437058 -0.055833  -0.000004 -0.144425 -0.989516  0.385870 0.900000
0  -5.284168 -1.162446 0.050042  0.993891 -0.109665 0.012400  0.385870 0.950000
no_material
0  -5.326165 1.171100 -0.003229  -0.139105 -0.284745 0.948457  0.385352 0.450000
0  -5.462857 0.572075 -0.203119  -0.139106 -0.284748 0.948456  0.384086 0.850000
0  -5.244805 0.470973 -0.188361  -0.139105 -0.284746 0.948456  0.385352 0.850000
no_material
0  -5.462857 -0.606267 -0.031136  -0.280109 0.869976 -0.405809  0.384086 0.900000
0  -5.326165 -1.119596 0.331106  -0.129323 0.145253 0.980906  0.385352 0.300000
0  -5.244805 -0.505165 -0.045890  -0.541342 0.145700 -0.828082  0.385352 0.900000
no_material
0  -5.701564 0.573962 -0.203393  -0.008628 -0.311304 0.950271  0.382663 0.850000
0  -5.428996 1.175476 -0.003866  -0.008628 -0.311304 0.950271  0.384086 0.450000
0  -5.544571 1.180395 -0.004584  -0.008628 -0.311304 0.950271  0.382663 0.450000
no_material
0  -5.432608 2.146042 -0.432845  -0.226914 0.932976 -0.279401  0.382663 0.750000
0  -5.428996 1.175476 -0.003866  -0.061285 0.396726 0.915889  0.384086 0.450000
0  -5.366727 2.193244 -0.439732  -0.227156 0.935297 -0.271329  0.384086 0.750000
no_material
0  -5.244805 0.470973 -0.188361  -0.938506 -0.185980 0.290892  0.385352 0.850000
0  -5.145957 0.430735 0.104829  -0.938506 -0.185980 0.290892  0.385870 0.400000
0  -5.326165 1.171100 -0.003229  -0.938506 -0.185980 0.290892  0.385352 0.450000
no_material
0  -5.701564 0.573962 -0.203393  0.000001 -0.144424 -0.989516  0.382663 0.850000
0  -5.366727 2.193244 -0.439732  -0.227156 0.935297 -0.271329  0.384086 0.750000
0  -5.462857 0.572075 -0.203119  0.000001 -0.144423 -0.989516  0.384086 0.850000
no_material
0  -5.284168 -1.162446 0.050042  0.993891 -0.109665 0.012400  0.385870 0.950000
0  -5.308108 -2.269430 0.211608  -0.201137 -0.978882 0.036520  0.385352 1.000000
0  -5.244805 -0.505165 -0.045890  -0.541342 0.145700 -0.828082  0.385352 0.900000
no_material
0  -5.366727 -2.227432 0.205481  -0.204597 -0.599532 0.773758  0.384086 0.000000
0  -5.544571 -1.110305 0.329752  -0.079367 -0.132064 0.988059  0.382663 0.300000
0  -5.432608 -2.180230 0.198590  -0.101839 -0.212731 0.971789  0.382663 1.000000
no_material
0  -2.767897 0.148806 -0.141340  0.000000 -0.144428 -0.989515  0.440217 0.864136
0  -2.084900 -0.102028 -0.104729  -0.000000 -0.144419 -0.989517  0.461957 0.885011
0  -2.767897 -0.169977 -0.094813  0.000000 -0.144422 -0.989516  0.440217 0.885011
no_material
0  1.258136 -0.047283 -0.112720  -0.000000 -0.144434 -0.989514  0.527174 0.864136
0  2.264642 -0.106211 -0.104120  -0.000001 -0.144420 -0.989516  0.548913 0.885011
0  1.258136 -0.156642 -0.096758  0.000001 -0.144411 -0.989518  0.527174 0.885011
no_material
0  6.633521 0.099590 -0.134156  0.784655 -0.137330 -0.604530  0.775000 0.000000
0  6.629497 0.186467 0.188701  0.960522 -0.207321 0.185514  0.768867 0.250000
0  6.624249 0.006632 -0.120591  0.733340 -0.288476 -0.615625  0.625000 0.864136
no_material
0  3.271152 0.085739 -0.132135  0.000001 -0.144416 -0.989517  0.570652 0.864136
0  4.277658 -0.118685 -0.102298  0.000000 -0.144419 -0.989517  0.592391 0.885011
0  3.271152 -0.101048 -0.104876  0.000000 -0.144419 -0.989516  0.570652 0.885011
no_material
0  6.476694 -0.033266 0.307189  0.426479 0.126651 0.895587  0.625000 0.364989
0  6.604009 -0.122226 0.259801  0.855920 0.169672 0.488479  0.729993 0.250000
0  6.610560 -0.130634 -0.100555  0.741947 -0.176959 -0.646685  0.739989 0.000000
no_material
0  5.284168 0.139006 0.282044  0.000000 0.144424 0.989516  0.614130 0.385864
0  4.277658 -0.033571 0.307231  -0.000001 0.144423 0.989516  0.592391 0.364989
0  5.284168 -0.034227 0.307328  -0.000000 0.144416 0.989517  0.614130 0.364989
no_material
0  6.208200 -0.166763 0.269648  0.033349 -0.828874 0.558440  0.623055 0.350000
0  6.409552 -0.153729 0.324767  0.086086 -0.565335 0.820357  0.625000 0.350000
0  6.015891 -0.158614 0.325481  0.030969 -0.430787 0.901922  0.621198 0.350000
no_material
0  2.264642 0.278024 0.261754  -0.012277 0.392549 0.919649  0.548913 0.400000
0  1.761390 0.224324 0.269590  -0.000001 0.144425 0.989516  0.538043 0.393867
0  2.264642 0.154574 0.279772  -0.000001 0.144426 0.989516  0.548913 0.385864
no_material
0  6.624249 0.006632 -0.120591  0.733340 -0.288476 -0.615625  0.760864 0.000000
0  6.476694 -0.033266 0.307189  0.426479 0.126651 0.895587  0.625000 0.364989
0  6.610560 -0.130634 -0.100555  0.741947 -0.176959 -0.646685  0.625000 0.885011
no_material
0  6.600733 -0.161878 0.268934  0.707688 -0.658988 0.254779  0.725000 0.250000
0  6.600733 -0.229197 -0.086171  0.839282 -0.311409 -0.445680  0.725000 0.000000
0  6.604009 -0.122226 0.259801  0.855920 0.169672 0.488479  0.729993 0.250000
no_material
0  6.570199 0.134496 0.282700  0.557079 -0.153563 0.816138  0.625000 0.385864
0  6.054327 -0.037047 0.307740  -0.000000 0.144421 0.989516  0.621198 0.364989
0  6.476694 -0.033266 0.307189  0.426479 0.126651 0.895587  0.625000 0.364989
no_material
0  -6.084067 0.443926 0.102904  0.195715 -0.837580 0.510054  0.379760 0.400000
0  -6.698448 0.312085 0.122149  0.195715 -0.837580 0.510054  0.375000 0.393867
0  -6.140992 0.271025 -0.159181  0.195715 -0.837580 0.510054  0.379760 0.856133
no_material
0  0.251626 -0.026742 0.306236  0.000001 0.144419 0.989517  0.505435 0.364989
0  -0.251629 0.082301 0.290320  -0.000001 0.144431 0.989515  0.494565 0.377371
0  -0.251629 -0.114664 0.319068  -0.000000 0.144401 0.989519  0.494565 0.354994
no_material
0  -2.264645 0.412053 0.151669  0.021383 0.518980 0.854519  0.451087 0.400000
0  -2.777076 0.324852 0.170069  -0.067333 0.170432 0.983066  0.440217 0.393867
0  -2.264645 0.336978 0.253150  -0.011893 0.549542 0.835382  0.451087 0.393867
no_material
0  -6.084067 -0.395995 0.225493  0.173902 0.963408 0.203969  0.379760 0.350000
0  -6.140992 -0.322622 -0.072536  0.173902 0.963408 0.203969  0.379760 0.895007
0  -6.698448 -0.281558 0.208791  0.173902 0.963408 0.203969  0.375000 0.354994
no_material
0  -2.264645 0.336978 0.253150  -0.011893 0.549542 0.835382  0.451087 0.393867
0  -1.730956 0.067975 0.292411  0.000001 0.144418 0.989517  0.472826 0.377371
0  -1.730956 0.204535 0.272480  0.052447 0.560999 0.826153  0.472826 0.393867
no_material
0  -2.264645 0.412053 0.151669  0.021383 0.518980 0.854519  0.451087 0.400000
0  -2.767897 1.169314 -0.002967  -0.054752 0.365154 0.929336  0.440217 0.450000
0  -2.777076 0.324852 0.170069  -0.067333 0.170432 0.983066  0.440217 0.393867
no_material
0  -2.777076 0.324852 0.170069  -0.067333 0.170432 0.983066  0.440217 0.393867
0  -3.774407 0.060178 0.158915  -0.011754 0.121967 0.992465  0.418478 0.377371
0  -2.801757 0.084832 0.181906  -0.111551 0.104065 0.988295  0.440217 0.377371
no_material
0  -2.842713 -0.313435 0.201557  0.051981 0.051569 0.997316  0.440217 0.350000
0  -2.264645 -0.300645 0.289186  -0.186806 -0.449605 0.873475  0.451087 0.350000
0  -2.835239 -0.240776 0.197972  -0.085390 0.075516 0.993482  0.440217 0.354994
no_material
0  -5.780432 -1.141330 0.046959  -0.940256 -0.339154 0.029898  0.379760 0.950000
0  -5.526283 -2.113115 0.188794  -0.488518 -0.869786 -0.069442  0.380640 0.000000
0  -5.787423 -1.926012 0.161485  -0.802035 -0.578642 -0.148033  0.375000 1.000000
no_material
0  -5.172617 0.402866 -0.178422  -0.000005 -0.144420 -0.989516  0.385870 0.850000
0  -4.780913 0.364689 -0.172851  -0.000000 -0.144425 -0.989516  0.396739 0.850000
0  -5.115692 0.271025 -0.159181  0.000000 -0.144418 -0.989517  0.385870 0.856133
no_material
0  -2.835239 -0.240776 0.197972  -0.085390 0.075516 0.993482  0.440217 0.354994
0  -2.264645 0.100273 0.287697  -0.099164 0.125389 0.987139  0.451087 0.377371
0  -2.801757 0.084832 0.181906  -0.111551 0.104065 0.988295  0.440217 0.377371
no_material
0  -0.754881 -0.158614 0.325481  -0.007352 -0.417971 0.908431  0.483696 0.350000
0  -1.730956 -0.166763 0.269648  0.032632 -0.615936 0.787120  0.472826 0.350000
0  -0.754881 -0.340347 0.042557  -0.024565 0.045407 0.998667  0.483696 0.350000
no_material
0  -3.774407 -0.281558 0.208791  -0.002229 0.134153 0.990958  0.418478 0.354994
0  -3.271152 -0.357817 0.219922  0.028662 0.138113 0.990002  0.429348 0.350000
0  -2.835239 -0.240776 0.197972  -0.085390 0.075516 0.993482  0.440217 0.354994
no_material
0  -2.084900 0.075074 -0.130580  -0.000001 -0.144431 -0.989515  0.461957 0.864136
0  -0.754881 -0.106211 -0.104120  -0.000001 -0.144420 -0.989516  0.483696 0.885011
0  -2.084900 -0.102028 -0.104729  -0.000000 -0.144419 -0.989517  0.461957 0.885011
no_material
0  2.264642 0.073385 -0.130333  -0.000000 -0.144428 -0.989515  0.548913 0.864136
0  3.271152 -0.101048 -0.104876  0.000000 -0.144419 -0.989516  0.570652 0.885011
0  2.264642 -0.106211 -0.104120  -0.000001 -0.144420 -0.989516  0.548913 0.885011
no_material
0  6.107853 0.004946 -0.120344  0.000001 -0.144420 -0.989517  0.621198 0.864136
0  6.610560 -0.130634 -0.100555  0.741947 -0.176959 -0.646685  0.625000 0.885011
0  6.054327 -0.134816 -0.099945  0.000000 -0.144418 -0.989517  0.621198 0.885011
no_material
0  6.604009 -0.122226 0.259801  0.855920 0.169672 0.488479  0.729993 0.250000
0  6.600733 -0.229197 -0.086171  0.839282 -0.311409 -0.445680  0.625000 0.900000
0  6.610560 -0.130634 -0.100555  0.741947 -0.176959 -0.646685  0.739989 0.000000
no_material
0  6.409552 -0.153729 0.324767  0.086086 -0.565335 0.820357  0.625000 0.350000
0  6.604009 -0.122226 0.259801  0.855920 0.169672 0.488479  0.625000 0.354994
0  6.476694 -0.033266 0.307189  0.426479 0.126651 0.895587  0.625000 0.364989
no_material
0  1.761390 0.224324 0.269590  -0.000001 0.144425 0.989516  0.538043 0.393867
0  1.258136 0.149998 0.280439  0.000000 0.144425 0.989516  0.527174 0.385864
0  2.264642 0.154574 0.279772  -0.000001 0.144426 0.989516  0.548913 0.385864
no_material
0  0.754881 0.080681 0.290556  0.000001 0.144423 0.989516  0.516304 0.377371
0  0.251626 -0.026742 0.306236  0.000001 0.144419 0.989517  0.505435 0.364989
0  1.258136 -0.029632 0.306656  -0.000001 0.144419 0.989517  0.527174 0.364989
no_material
0  -6.084067 -0.395995 0.225493  0.022908 -0.049687 0.998502  0.379760 0.350000
0  -5.708903 -1.103314 0.328730  -0.208856 -0.099199 0.972902  0.380640 0.300000
0  -5.964572 -0.523075 -0.043278  0.862913 0.480525 0.156447  0.380640 0.900000
no_material
0  3.271152 0.150635 0.280347  0.000001 0.144420 0.989516  0.570652 0.385864
0  2.264642 -0.027718 0.306378  -0.000000 0.144416 0.989517  0.548913 0.364989
0  3.271152 -0.029365 0.306618  0.000001 0.144417 0.989517  0.570652 0.364989
no_material
0  -5.544571 1.180395 -0.004584  -0.065427 0.413219 0.908278  0.382663 0.450000
0  -5.526283 2.078923 -0.423049  -0.226346 0.928176 -0.295393  0.380640 0.750000
0  -5.708903 1.187386 -0.005606  -0.055521 0.373426 0.925997  0.380640 0.450000
no_material
0  0.251626 -0.026742 0.306236  0.000001 0.144419 0.989517  0.505435 0.364989
0  -0.251629 -0.114664 0.319068  -0.000000 0.144401 0.989519  0.494565 0.354994
0  0.251626 -0.158614 0.325481  0.000001 -0.414557 0.910023  0.505435 0.350000
no_material
0  -2.264645 -0.300645 0.289186  -0.186806 -0.449605 0.873475  0.451087 0.350000
0  -2.264645 -0.220840 0.334563  -0.059720 -0.236713 0.969742  0.451087 0.354994
0  -2.835239 -0.240776 0.197972  -0.085390 0.075516 0.993482  0.440217 0.354994
no_material
0  1.761390 0.224324 0.269590  -0.000001 0.144425 0.989516  0.538043 0.393867
0  2.264642 0.278024 0.261754  -0.012277 0.392549 0.919649  0.548913 0.400000
0  1.258136 0.271646 0.262683  -0.047234 0.511692 0.857870  0.527174 0.400000
no_material
0  6.633521 0.248107 0.266121  0.657968 0.540280 0.524573  0.625000 0.400000
0  6.383192 0.234919 0.177520  0.064211 0.894235 0.442968  0.623055 0.400000
0  6.144105 0.246903 0.266295  0.069671 0.435963 0.897264  0.621198 0.400000
no_material
0  -3.271152 0.271025 -0.159181  0.000000 -0.144431 -0.989515  0.429348 0.856133
0  -2.767897 0.148806 -0.141340  0.000000 -0.144428 -0.989515  0.440217 0.864136
0  -3.774407 0.148806 -0.141340  0.000000 -0.144432 -0.989515  0.418478 0.864136
no_material
0  1.258136 0.149998 0.280439  0.000000 0.144425 0.989516  0.527174 0.385864
0  0.754881 0.224892 0.269509  -0.021435 0.600653 0.799223  0.516304 0.393867
0  0.754881 0.080681 0.290556  0.000001 0.144423 0.989516  0.516304 0.377371
no_material
0  -5.034012 0.000752 -0.119734  0.000009 -0.144422 -0.989516  0.385870 0.872629
0  -4.780913 0.148806 -0.141340  0.000002 -0.144427 -0.989515  0.396739 0.864136
0  -4.780913 -0.169977 -0.094813  0.000003 -0.144423 -0.989516  0.396739 0.885011
no_material
0  -1.730956 0.067975 0.292411  0.000001 0.144418 0.989517  0.472826 0.377371
0  -0.251629 0.227492 0.269127  -0.003493 0.615450 0.788168  0.494565 0.393867
0  -1.730956 0.204535 0.272480  0.052447 0.560999 0.826153  0.472826 0.393867
no_material
0  6.633521 0.235170 0.177485  0.824104 -0.540900 0.168168  0.775000 0.250000
0  6.629497 0.186467 0.188701  0.960522 -0.207321 0.185514  0.768867 0.250000
0  6.633521 0.099590 -0.134156  0.784655 -0.137330 -0.604530  0.775000 0.000000
no_material
0  -0.251629 0.082301 0.290320  -0.000001 0.144431 0.989515  0.494565 0.377371
0  0.251626 -0.026742 0.306236  0.000001 0.144419 0.989517  0.505435 0.364989
0  0.754881 0.080681 0.290556  0.000001 0.144423 0.989516  0.516304 0.377371
no_material
0  -4.780913 0.148806 -0.141340  0.000008 -0.144420 -0.989516  0.396739 0.864136
0  -5.034012 0.000752 -0.119734  0.000008 -0.144420 -0.989516  0.385870 0.872629
0  -5.115692 0.271025 -0.159181  0.000008 -0.144420 -0.989516  0.385870 0.856133
no_material
0  -2.801757 0.084832 0.181906  -0.111551 0.104065 0.988295  0.440217 0.377371
0  -2.264645 0.336978 0.253150  -0.011893 0.549542 0.835382  0.451087 0.393867
0  -2.777076 0.324852 0.170069  -0.067333 0.170432 0.983066  0.440217 0.393867
no_material
0  -5.034012 0.000752 -0.119734  0.000006 -0.144427 -0.989515  0.385870 0.872629
0  -4.780913 -0.169977 -0.094813  0.000006 -0.144427 -0.989515  0.396739 0.885011
0  -5.115692 -0.322622 -0.072536  0.000006 -0.144427 -0.989515  0.385870 0.895007
no_material
0  -5.115692 -0.322622 -0.072536  -0.268624 0.945975 0.181585  0.385870 0.895007
0  -5.172617 -0.395995 0.225493  -0.268624 0.945975 0.181585  0.385870 0.350000
0  -4.780913 -0.281558 0.208791  -0.268624 0.945975 0.181585  0.396739 0.354994
no_material
0  -3.271152 0.271025 -0.159181  0.000000 -0.144431 -0.989515  0.429348 0.856133
0  -2.767897 0.364689 -0.172851  0.000000 -0.144426 -0.989516  0.440217 0.850000
0  -2.767897 0.148806 -0.141340  0.000000 -0.144428 -0.989515  0.440217 0.864136
no_material
0  6.570199 0.134496 0.282700  0.557079 -0.153563 0.816138  0.625000 0.385864
0  6.629497 0.186467 0.188701  0.960522 -0.207321 0.185514  0.625000 0.393867
0  6.633521 0.248107 0.266121  0.657968 0.540280 0.524573  0.625000 0.400000
no_material
0  6.629497 0.186467 0.188701  0.960522 -0.207321 0.185514  0.625000 0.393867
0  6.633521 0.235170 0.177485  0.824104 -0.540900 0.168168  0.625000 0.400000
0  6.633521 0.248107 0.266121  0.657968 0.540280 0.524573  0.625000 0.400000
no_material
0  6.629497 0.186467 0.188701  0.960522 -0.207321 0.185514  0.625000 0.393867
0  6.570199 0.134496 0.282700  0.557079 -0.153563 0.816138  0.625000 0.385864
0  6.624249 0.006632 -0.120591  0.733340 -0.288476 -0.615625  0.760864 0.000000
no_material
0  -6.084067 -0.437058 -0.055833  0.588275 0.800181 -0.116799  0.379760 0.900000
0  -6.084067 -0.395995 0.225493  0.588275 0.800181 -0.116799  0.379760 0.350000
0  -5.964572 -0.523075 -0.043278  0.588275 0.800181 -0.116799  0.380640 0.900000
no_material
0  -6.698448 0.312085 0.122149  -0.565850 -0.374975 0.734308  0.375000 0.393867
0  -6.167016 1.206878 -0.008450  -0.693260 0.607794 0.387269  0.175000 0.250000
0  -6.698448 0.364689 -0.172851  -0.709073 -0.705107 -0.006252  0.225000 0.000000
no_material
0  -5.308108 2.235241 -0.445863  -0.180870 0.952565 -0.244756  0.385352 0.750000
0  -4.780913 1.169314 -0.002967  0.000683 0.261455 0.965215  0.396739 0.450000
0  -4.780913 2.403694 -0.470448  0.007994 0.970561 -0.240723  0.396739 0.750000
no_material
0  1.258136 -0.047283 -0.112720  -0.000000 -0.144434 -0.989514  0.527174 0.864136
0  0.251626 0.150955 -0.141653  0.000002 -0.144412 -0.989518  0.505435 0.850000
0  1.258136 0.026776 -0.123531  -0.000001 -0.144435 -0.989514  0.527174 0.850000
no_material
0  5.284168 0.073385 -0.130333  -0.000000 -0.144429 -0.989515  0.614130 0.864136
0  6.054327 -0.134816 -0.099945  0.000000 -0.144418 -0.989517  0.621198 0.885011
0  5.284168 -0.106211 -0.104120  -0.000000 -0.144420 -0.989516  0.614130 0.885011
no_material
0  2.264642 0.073385 -0.130333  -0.000000 -0.144428 -0.989515  0.548913 0.864136
0  1.258136 0.026776 -0.123531  -0.000001 -0.144435 -0.989514  0.527174 0.850000
0  2.264642 0.195005 -0.148085  0.000001 -0.144427 -0.989515  0.548913 0.850000
no_material
0  2.264642 0.073385 -0.130333  -0.000000 -0.144428 -0.989515  0.548913 0.864136
0  3.271152 0.212229 -0.150596  -0.000000 -0.144424 -0.989516  0.570652 0.850000
0  3.271152 0.085739 -0.132135  0.000001 -0.144416 -0.989517  0.570652 0.864136
no_material
0  -2.767897 0.364689 -0.172851  0.000000 -0.144426 -0.989516  0.440217 0.850000
0  -3.271152 0.271025 -0.159181  0.000000 -0.144431 -0.989515  0.429348 0.856133
0  -3.271152 1.128254 -0.284294  -0.000002 -0.144422 -0.989516  0.429348 0.800000
no_material
0  -2.264645 -0.300645 0.289186  0.110642 -0.840567 0.530288  0.451087 0.350000
0  -2.767897 -0.425356 0.054965  -0.143835 0.254590 0.956293  0.440217 0.350000
0  -2.084900 -0.337245 0.042105  0.061282 -0.263260 0.962777  0.461957 0.350000
no_material
0  6.633521 0.248107 0.266121  0.657968 0.540280 0.524573  0.625000 0.400000
0  6.107853 0.132250 0.283028  0.000000 0.144427 0.989515  0.621198 0.385864
0  6.570199 0.134496 0.282700  0.557079 -0.153563 0.816138  0.625000 0.385864
no_material
0  -5.172617 0.402866 -0.178422  -0.689723 -0.711394 0.134909  0.385870 0.850000
0  -5.145957 0.430735 0.104829  -0.689723 -0.711394 0.134909  0.385870 0.400000
0  -5.244805 0.470973 -0.188361  -0.689723 -0.711394 0.134909  0.385352 0.850000
no_material
0  6.857486 0.646343 -0.213957  0.637897 0.655229 -0.404676  0.875000 0.000000
0  6.857486 0.409240 0.074469  0.815640 -0.568791 -0.105865  0.825000 0.250000
0  6.633521 0.099590 -0.134156  0.784655 -0.137330 -0.604530  0.625000 0.850000
no_material
0  -1.811162 1.594879 -0.352400  0.347366 0.795850 -0.495943  0.461957 0.750000
0  -2.239759 1.636880 -0.071212  -0.061837 0.859641 0.507142  0.451087 0.500000
0  -1.656299 1.160463 -0.001675  0.309309 0.366744 0.877398  0.472826 0.500000
no_material
0  4.277658 0.458487 0.067281  -0.035146 0.679867 0.732493  0.592391 0.450000
0  5.284168 0.256321 0.264921  0.006388 0.375041 0.926986  0.614130 0.400000
0  5.284168 0.655483 0.038529  0.019533 0.645193 0.763770  0.614130 0.450000
no_material
0  0.754881 0.224892 0.269509  -0.021435 0.600653 0.799223  0.516304 0.393867
0  -0.251629 0.082301 0.290320  -0.000001 0.144431 0.989515  0.494565 0.377371
0  0.754881 0.080681 0.290556  0.000001 0.144423 0.989516  0.516304 0.377371
no_material
0  -4.780913 0.312085 0.122149  -0.000002 0.144422 0.989516  0.396739 0.393867
0  -3.774407 0.060178 0.158915  -0.011754 0.121967 0.992465  0.418478 0.377371
0  -3.774407 0.312085 0.122149  -0.015606 0.140415 0.989970  0.418478 0.393867
no_material
0  -6.084067 0.402866 -0.178422  0.919586 -0.388769 0.056741  0.379760 0.850000
0  -6.084067 0.443926 0.102904  0.919586 -0.388769 0.056741  0.379760 0.400000
0  -6.140992 0.271025 -0.159181  0.919586 -0.388769 0.056741  0.379760 0.856133
no_material
0  -0.251629 0.833034 0.046114  0.092172 0.675333 0.731731  0.494565 0.500000
0  -0.754881 1.043414 -0.271912  0.189724 0.736142 -0.649692  0.483696 0.750000
0  -1.656299 1.160463 -0.001675  0.309309 0.366744 0.877398  0.472826 0.500000
no_material
0  -4.780913 1.169314 -0.002967  0.000683 0.261455 0.965215  0.396739 0.450000
0  -3.774407 0.312085 0.122149  -0.015606 0.140415 0.989970  0.418478 0.393867
0  -3.774407 1.169314 -0.002967  0.036257 0.311223 0.949645  0.418478 0.450000
no_material
0  -5.701564 0.573962 -0.203393  0.081003 -0.304988 0.948905  0.382663 0.850000
0  -5.708903 1.187386 -0.005606  0.081003 -0.304990 0.948904  0.380640 0.450000
0  -5.964572 0.488887 -0.190977  0.081003 -0.304982 0.948907  0.380640 0.850000
no_material
0  -5.780432 -1.141330 0.046959  -0.940256 -0.339154 0.029898  0.379760 0.950000
0  -6.084067 -0.437058 -0.055833  -0.000002 -0.144425 -0.989516  0.379760 0.900000
0  -5.964572 -0.523075 -0.043278  0.000001 -0.144422 -0.989516  0.380640 0.900000
no_material
0  -5.701564 0.573962 -0.203393  0.000001 -0.144424 -0.989516  0.382663 0.850000
0  -5.526283 2.078923 -0.423049  -0.226346 0.928176 -0.295393  0.380640 0.750000
0  -5.432608 2.146042 -0.432845  -0.226914 0.932976 -0.279401  0.382663 0.750000
no_material
0  -5.701564 -0.608150 -0.030862  -0.000004 -0.144424 -0.989516  0.382663 0.900000
0  -5.526283 -2.113115 0.188794  -0.488518 -0.869786 -0.069442  0.380640 1.000000
0  -5.964572 -0.523075 -0.043278  0.000001 -0.144422 -0.989516  0.380640 0.900000
no_material
0  -6.084067 0.443926 0.102904  0.588290 -0.800173 0.116786  0.379760 0.400000
0  -6.084067 0.402866 -0.178422  0.588290 -0.800173 0.116786  0.379760 0.850000
0  -5.964572 0.488887 -0.190977  0.588290 -0.800173 0.116786  0.380640 0.850000
no_material
0  -5.308108 -2.269430 0.211608  -0.201137 -0.978882 0.036520  0.385352 0.000000
0  -5.428996 -1.115221 0.330470  -0.099125 0.120403 0.987764  0.384086 0.300000
0  -5.366727 -2.227432 0.205481  -0.204597 -0.599532 0.773758  0.384086 1.000000
no_material
0  -5.284168 1.128254 -0.284294  0.988361 0.150843 0.019697  0.385870 0.800000
0  -5.244805 0.470973 -0.188361  -0.000012 -0.144424 -0.989516  0.385352 0.850000
0  -5.308108 2.235241 -0.445863  -0.180870 0.952565 -0.244756  0.385352 0.750000
no_material
0  -5.964572 0.488887 -0.190977  0.000002 -0.144423 -0.989516  0.380640 0.850000
0  -5.780432 1.149367 -0.287376  -0.926263 0.164648 0.339010  0.379760 0.800000
0  -5.526283 2.078923 -0.423049  -0.226346 0.928176 -0.295393  0.380640 0.750000
no_material
0  -5.172617 0.402866 -0.178422  -0.000005 -0.144420 -0.989516  0.385870 0.850000
0  -5.244805 0.470973 -0.188361  -0.000012 -0.144424 -0.989516  0.385352 0.850000
0  -5.284168 1.128254 -0.284294  0.988361 0.150843 0.019697  0.385870 0.800000
no_material
0  -5.244805 -0.505165 -0.045890  -0.541342 0.145700 -0.828082  0.385352 0.900000
0  -5.366727 -2.227432 0.205481  -0.204597 -0.599532 0.773758  0.384086 1.000000
0  -5.462857 -0.606267 -0.031136  -0.280109 0.869976 -0.405809  0.384086 0.900000
no_material
0  -5.526283 -2.113115 0.188794  -0.488518 -0.869786 -0.069442  0.380640 1.000000
0  -5.780432 -1.141330 0.046959  -0.940256 -0.339154 0.029898  0.379760 0.950000
0  -5.964572 -0.523075 -0.043278  0.000001 -0.144422 -0.989516  0.380640 0.900000
no_material
0  -5.172617 -0.395995 0.225493  -0.470268 0.224368 0.853526  0.385870 0.350000
0  -5.244805 -0.505165 -0.045890  -0.541342 0.145700 -0.828082  0.385352 0.900000
0  -5.326165 -1.119596 0.331106  -0.129323 0.145253 0.980906  0.385352 0.300000
no_material
0  -6.084067 0.443926 0.102904  0.870074 -0.396270 0.293156  0.379760 0.400000
0  -5.964572 0.488887 -0.190977  0.870074 -0.396270 0.293156  0.380640 0.850000
0  -5.708903 1.187386 -0.005606  0.870074 -0.396270 0.293156  0.380640 0.450000
no_material
0  -6.418097 1.368953 0.504416  -0.014767 0.350834 -0.936321  0.100000 0.153846
0  -5.962805 0.419472 0.264670  -0.940720 -0.179673 -0.287687  0.000000 1.000000
0  -6.545880 1.098194 0.692917  -0.578261 -0.634695 -0.512617  0.100000 0.000000
no_material
0  -5.701564 -0.608150 -0.030862  0.000026 -0.144419 -0.989517  0.382663 0.900000
0  -5.366727 -2.227432 0.205481  0.000026 -0.144419 -0.989517  0.384086 0.000000
0  -5.432608 -2.180230 0.198590  0.000026 -0.144419 -0.989517  0.382663 1.000000
no_material
0  -6.084067 -0.395995 0.225493  0.897200 0.436994 -0.063785  0.379760 0.350000
0  -6.084067 -0.437058 -0.055833  0.897200 0.436994 -0.063785  0.379760 0.900000
0  -6.140992 -0.322622 -0.072536  0.897200 0.436994 -0.063785  0.379760 0.895007
no_material
0  -6.140992 -0.322622 -0.072536  -0.031256 0.083096 -0.996051  0.379760 0.895007
0  -6.698448 -0.398877 -0.061405  -0.915294 0.168163 -0.366002  0.275000 0.000000
0  -6.698448 -0.281558 0.208791  -0.731957 -0.624980 0.271365  0.270006 0.250000
no_material
0  -2.084900 -0.337245 0.042105  0.061282 -0.263260 0.962777  0.461957 0.350000
0  -2.842713 -0.946224 0.235506  0.039390 0.000404 0.999224  0.440217 0.300000
0  -2.084900 -0.519884 0.243577  -0.028911 0.311196 0.949906  0.461957 0.300000
no_material
0  -5.172617 -0.395995 0.225493  -0.690063 0.716161 -0.104534  0.385870 0.350000
0  -5.172617 -0.437058 -0.055833  -0.690063 0.716161 -0.104534  0.385870 0.900000
0  -5.244805 -0.505165 -0.045890  -0.690063 0.716161 -0.104534  0.385352 0.900000
no_material
0  5.284168 0.195005 -0.148085  0.000001 -0.144427 -0.989515  0.614130 0.850000
0  4.277658 0.691034 -0.220482  -0.102607 0.852206 -0.513046  0.592391 0.750000
0  5.284168 1.043414 -0.271912  0.052382 0.915617 -0.398624  0.614130 0.750000
no_material
0  -2.084900 0.075074 -0.130580  -0.000001 -0.144431 -0.989515  0.461957 0.864136
0  -0.754881 0.195005 -0.148085  0.000000 -0.144426 -0.989515  0.483696 0.850000
0  -0.754881 0.073385 -0.130333  -0.000001 -0.144429 -0.989515  0.483696 0.864136
no_material
0  -1.836044 -1.629067 0.118145  0.268579 -0.944753 -0.187900  0.461957 0.000000
0  -2.767897 -0.398877 -0.061405  -0.000001 -0.144424 -0.989516  0.440217 0.900000
0  -2.084900 -0.229197 -0.086171  -0.000000 -0.144414 -0.989517  0.461957 0.900000
no_material
0  -2.842713 -0.946224 0.235506  0.039390 0.000404 0.999224  0.440217 0.300000
0  -2.842713 -0.313435 0.201557  0.051981 0.051569 0.997316  0.440217 0.350000
0  -3.271152 -0.357817 0.219922  0.028662 0.138113 0.990002  0.429348 0.350000
no_material
0  -6.140992 -0.322622 -0.072536  -0.031256 0.083096 -0.996051  0.379760 0.895007
0  -6.084067 -0.437058 -0.055833  -0.000002 -0.144425 -0.989516  0.379760 0.900000
0  -6.698448 -0.398877 -0.061405  -0.915294 0.168163 -0.366002  0.375000 0.900000
no_material
0  -5.544571 -1.110305 0.329752  0.100404 0.583666 0.805762  0.382663 0.300000
0  -5.964572 -0.523075 -0.043278  0.100409 0.583659 0.805767  0.380640 0.900000
0  -5.708903 -1.103314 0.328730  0.100405 0.583664 0.805764  0.380640 0.300000
no_material
0  -5.428996 -1.115221 0.330470  0.003972 0.581730 0.813372  0.384086 0.300000
0  -5.701564 -0.608150 -0.030862  0.003972 0.581730 0.813372  0.382663 0.900000
0  -5.544571 -1.110305 0.329752  0.003972 0.581732 0.813371  0.382663 0.300000
no_material
0  -9.297579 0.491545 0.354001  -0.876772 0.036600 0.479511  0.400000 0.538462
0  -8.574746 1.174504 0.938234  -0.312198 -0.040630 0.949148  0.300000 0.692308
0  -8.639353 1.315917 0.880757  -0.551927 0.428324 0.715482  0.300000 0.538462
no_material
0  -1.730956 -0.117276 0.319446  0.030128 -0.252663 0.967085  0.472826 0.354994
0  -0.754881 -0.158614 0.325481  -0.007352 -0.417971 0.908431  0.483696 0.350000
0  -0.251629 -0.114664 0.319068  -0.000000 0.144401 0.989519  0.494565 0.354994
no_material
0  -6.698448 0.312085 0.122149  -0.565850 -0.374975 0.734308  0.231133 0.250000
0  -6.698448 0.364689 -0.172851  -0.709073 -0.705107 -0.006252  0.375000 0.850000
0  -6.140992 0.271025 -0.159181  -0.039292 -0.369360 -0.928455  0.379760 0.856133
no_material
0  -6.084067 0.402866 -0.178422  0.000001 -0.144420 -0.989516  0.379760 0.850000
0  -5.780432 1.149367 -0.287376  -0.926263 0.164648 0.339010  0.379760 0.800000
0  -5.964572 0.488887 -0.190977  0.000002 -0.144423 -0.989516  0.380640 0.850000
no_material
0  -6.698448 0.364689 -0.172851  -0.709073 -0.705107 -0.006252  0.375000 0.850000
0  -6.084067 0.402866 -0.178422  0.000001 -0.144420 -0.989516  0.379760 0.850000
0  -6.140992 0.271025 -0.159181  -0.039292 -0.369360 -0.928455  0.379760 0.856133
no_material
0  5.284168 -0.776823 -0.006243  0.000000 -0.977292 -0.211896  0.614130 1.000000
0  6.015891 -0.235170 -0.085299  -0.000000 -0.144419 -0.989517  0.621198 0.900000
0  5.611381 -0.776823 -0.006243  -0.000000 -0.730319 -0.683106  0.621198 0.000000
no_material
0  -6.418097 1.368953 0.504416  -0.014767 0.350834 -0.936321  0.100000 0.153846
0  -7.489315 1.357444 0.856492  0.001454 -0.809838 -0.586651  0.200000 0.000000
0  -7.489315 1.500910 0.773470  -0.003474 0.102395 -0.994738  0.200000 0.153846
no_material
0  -8.574746 1.174504 0.938234  -0.312198 -0.040630 0.949148  0.300000 0.692308
0  -7.489315 1.309428 1.108307  -0.000002 -0.807403 0.590001  0.200000 0.846154
0  -7.489315 1.472772 1.126433  -0.034826 0.124515 0.991606  0.200000 0.692308
no_material
0  -8.478023 -1.264066 -0.515462  0.105925 -0.435636 0.893869  0.600000 0.846154
0  -9.245578 -0.571589 -0.163483  -0.557946 -0.590004 0.583602  0.500000 0.692308
0  -8.574746 -1.352467 -0.656186  -0.378316 -0.827863 0.414150  0.600000 0.692308
no_material
0  -7.489315 1.631941 1.080157  -0.000001 0.583040 0.812444  0.200000 0.538462
0  -7.489315 1.677488 1.007964  -0.000000 0.974695 0.223539  0.200000 0.461538
0  -8.093923 1.596503 0.956865  -0.307604 0.722887 0.618720  0.250000 0.461538
no_material
0  -3.300745 -1.957843 -0.296459  0.204466 0.337443 0.918872  0.451087 0.400000
0  -3.408634 -1.042168 -0.319307  0.057278 0.221975 0.973369  0.440217 0.450000
0  -3.798899 -1.809627 -0.276380  -0.035024 0.039230 0.998616  0.440217 0.393867
no_material
0  -6.545880 1.098194 0.692917  -0.578261 -0.634695 -0.512617  0.100000 0.000000
0  -5.962805 0.419472 0.264670  -0.940720 -0.179673 -0.287687  1.000000 1.000000
0  -5.889544 0.326442 0.488084  -0.373583 -0.617489 0.692202  0.000000 0.846154
no_material
0  -7.489315 1.357444 0.856492  0.001454 -0.809838 -0.586651  0.200000 0.000000
0  -6.545880 1.098194 0.692917  -0.578261 -0.634695 -0.512617  0.100000 1.000000
0  -6.500599 1.037735 0.936883  -0.222261 -0.752925 0.619438  0.100000 0.846154
no_material
0  -8.478026 1.037735 0.936883  0.243068 -0.770029 0.589893  0.300000 0.846154
0  -8.432746 1.098194 0.692917  0.583293 -0.661033 -0.472023  0.300000 0.000000
0  -7.489315 1.357444 0.856492  0.001454 -0.809838 -0.586651  0.200000 1.000000
no_material
0  -9.085324 0.383683 0.381453  0.368517 -0.595459 0.713880  0.400000 0.846154
0  -9.025756 0.419897 0.263995  0.956319 -0.224990 -0.186637  0.400000 0.000000
0  -8.432746 1.098194 0.692917  0.583293 -0.661033 -0.472023  0.300000 1.000000
no_material
0  -7.489315 -1.650735 -0.844381  0.000004 -0.944418 0.328747  0.700000 0.692308
0  -7.489315 -1.535754 -0.686890  -0.161979 -0.181952 0.969874  0.700000 0.846154
0  -8.478023 -1.264066 -0.515462  0.105925 -0.435636 0.893869  0.600000 0.846154
no_material
0  -9.015821 -0.419472 -0.264670  0.942574 0.318608 0.100210  0.500000 0.000000
0  -9.025756 0.419897 0.263995  0.956319 -0.224990 -0.186637  0.400000 1.000000
0  -9.085324 0.383683 0.381453  0.368517 -0.595459 0.713880  0.400000 0.846154
no_material
0  -8.432746 -1.098194 -0.692917  0.580037 0.745592 0.328100  0.600000 0.000000
0  -9.015821 -0.419472 -0.264670  0.942574 0.318608 0.100210  0.500000 1.000000
0  -9.089082 -0.552768 -0.066663  0.444999 -0.337958 0.829313  0.500000 0.846154
no_material
0  -7.489315 -1.535754 -0.686890  -0.161979 -0.181952 0.969874  0.700000 0.846154
0  -7.489315 -1.357444 -0.856492  0.000001 0.906546 0.422106  0.700000 0.000000
0  -8.432746 -1.098194 -0.692917  0.580037 0.745592 0.328100  0.600000 1.000000
no_material
0  -6.500603 -1.264066 -0.515462  -0.275751 -0.153772 0.948850  0.800000 0.846154
0  -6.545880 -1.098194 -0.692917  -0.573211 0.757519 0.312400  0.800000 0.000000
0  -7.489315 -1.357444 -0.856492  0.000001 0.906546 0.422106  0.700000 1.000000
no_material
0  -5.733048 -0.571589 -0.163483  0.578023 -0.605350 0.547211  0.900000 0.692308
0  -5.733048 0.393626 0.445531  0.585349 -0.229365 0.777662  0.000000 0.692308
0  -5.889544 0.326442 0.488084  -0.373583 -0.617489 0.692202  1.000000 0.846154
no_material
0  -9.089082 -0.361286 -0.401500  0.678477 0.551796 -0.484964  0.500000 0.153846
0  -9.015821 -0.419472 -0.264670  0.942574 0.318608 0.100210  0.500000 1.000000
0  -8.432746 -1.098194 -0.692917  0.580037 0.745592 0.328100  0.600000 0.000000
no_material
0  -7.489315 -1.344272 -1.021727  -0.022665 0.948053 -0.317303  0.700000 0.153846
0  -8.478023 -1.072579 -0.850300  0.393501 0.848068 -0.354877  0.600000 0.153846
0  -8.432746 -1.098194 -0.692917  0.580037 0.745592 0.328100  0.600000 1.000000
no_material
0  -9.212573 0.404047 0.429018  -0.528020 -0.300548 0.794270  0.400000 0.692308
0  -9.085324 0.383683 0.381453  0.368517 -0.595459 0.713880  0.400000 0.846154
0  -8.478026 1.037735 0.936883  0.243068 -0.770029 0.589893  0.300000 0.846154
no_material
0  -9.089082 -0.552768 -0.066663  0.444999 -0.337958 0.829313  0.500000 0.846154
0  -9.085324 0.383683 0.381453  0.368517 -0.595459 0.713880  0.400000 0.846154
0  -9.212573 0.404047 0.429018  -0.528020 -0.300548 0.794270  0.400000 0.692308
no_material
0  -5.889544 -0.552768 -0.066663  -0.136407 -0.520550 0.842864  0.900000 0.846154
0  -6.500603 -1.264066 -0.515462  -0.275751 -0.153772 0.948850  0.800000 0.846154
0  -6.403883 -1.352467 -0.656186  0.337560 -0.853512 0.396951  0.800000 0.692308
no_material
0  -6.403883 -1.352467 -0.656186  0.337560 -0.853512 0.396951  0.800000 0.692308
0  -6.500603 -1.264066 -0.515462  -0.275751 -0.153772 0.948850  0.800000 0.846154
0  -7.489315 -1.535754 -0.686890  -0.161979 -0.181952 0.969874  0.700000 0.846154
no_material
0  -5.784174 -0.312448 -0.485218  -0.289700 0.674686 -0.678876  0.900000 0.153846
0  -6.500603 -1.072579 -0.850300  -0.351920 0.854196 -0.382754  0.800000 0.153846
0  -6.545880 -1.098194 -0.692917  -0.573211 0.757519 0.312400  0.800000 1.000000
no_material
0  -7.489315 1.472772 1.126433  -0.034826 0.124515 0.991606  0.200000 0.692308
0  -6.403880 1.174504 0.938238  0.353884 -0.020833 0.935057  0.100000 0.692308
0  -6.339273 1.315917 0.880757  0.543914 0.430840 0.720093  0.100000 0.538462
no_material
0  -8.478026 1.229222 0.602046  0.354539 0.056319 -0.933344  0.300000 0.153846
0  -8.432746 1.098194 0.692917  0.583293 -0.661033 -0.472023  0.300000 1.000000
0  -9.025756 0.419897 0.263995  0.956319 -0.224990 -0.186637  0.400000 0.000000
no_material
0  -9.089082 -0.361286 -0.401500  0.678477 0.551796 -0.484964  0.500000 0.153846
0  -9.085324 0.509556 0.166512  0.684532 0.174928 -0.707683  0.400000 0.153846
0  -9.025756 0.419897 0.263995  0.956319 -0.224990 -0.186637  0.400000 1.000000
no_material
0  -7.489315 -1.344272 -1.021727  -0.022665 0.948053 -0.317303  0.700000 0.153846
0  -7.489315 -1.357444 -0.856492  0.000001 0.906546 0.422106  0.700000 1.000000
0  -6.545880 -1.098194 -0.692917  -0.573211 0.757519 0.312400  0.800000 0.000000
no_material
0  -6.403880 1.174504 0.938238  0.353884 -0.020833 0.935057  0.100000 0.692308
0  -5.733048 0.393626 0.445531  0.585349 -0.229365 0.777662  1.000000 0.692308
0  -5.628508 0.488559 0.358728  0.880104 0.039533 0.473132  0.000000 0.538462
no_material
0  -8.639353 1.315917 0.880757  -0.551927 0.428324 0.715482  0.300000 0.538462
0  -8.574746 1.174504 0.938234  -0.312198 -0.040630 0.949148  0.300000 0.692308
0  -7.489315 1.472772 1.126433  -0.034826 0.124515 0.991606  0.200000 0.692308
no_material
0  -7.489315 -1.677488 -1.007964  -0.000000 -0.984297 -0.176520  0.700000 0.538462
0  -7.489315 -1.650735 -0.844381  0.000004 -0.944418 0.328747  0.700000 0.692308
0  -8.574746 -1.352467 -0.656186  -0.378316 -0.827863 0.414150  0.600000 0.692308
no_material
0  -6.339273 -1.361468 -0.808568  0.544645 -0.834649 -0.082000  0.800000 0.538462
0  -6.403883 -1.352467 -0.656186  0.337560 -0.853512 0.396951  0.800000 0.692308
0  -7.489315 -1.650735 -0.844381  0.000004 -0.944418 0.328747  0.700000 0.692308
no_material
0  -9.245578 -0.571589 -0.163483  -0.557946 -0.590004 0.583602  0.500000 0.692308
0  -9.212573 0.404047 0.429018  -0.528020 -0.300548 0.794270  0.400000 0.692308
0  -9.297579 0.491545 0.354001  -0.876772 0.036600 0.479511  0.400000 0.538462
no_material
0  -8.574746 -1.352467 -0.656186  -0.378316 -0.827863 0.414150  0.600000 0.692308
0  -9.245578 -0.571589 -0.163483  -0.557946 -0.590004 0.583602  0.500000 0.692308
0  -9.350114 -0.534110 -0.286535  -0.881857 -0.437934 0.174762  0.500000 0.538462
no_material
0  -5.733048 -0.571589 -0.163483  0.578023 -0.605350 0.547211  0.900000 0.692308
0  -6.403883 -1.352467 -0.656186  0.337560 -0.853512 0.396951  0.800000 0.692308
0  -6.339273 -1.361468 -0.808568  0.544645 -0.834649 -0.082000  0.800000 0.538462
no_material
0  -5.628511 -0.534110 -0.286535  0.881271 -0.442803 0.165189  0.900000 0.538462
0  -5.628508 0.488559 0.358728  0.880104 0.039533 0.473132  0.000000 0.538462
0  -5.733048 0.393626 0.445531  0.585349 -0.229365 0.777662  1.000000 0.692308
no_material
0  -6.418097 1.368953 0.504416  -0.014767 0.350834 -0.936321  0.100000 0.153846
0  -6.403880 1.352467 0.656186  0.554758 0.714366 -0.426527  0.100000 0.307692
0  -5.733048 0.571589 0.163483  0.580557 0.739795 -0.340083  1.000000 0.307692
no_material
0  0.755745 -5.259332 -0.784273  -0.228074 -0.399905 -0.887726  0.614130 0.000000
0  0.195163 -4.980722 -0.765761  -0.228074 -0.399903 -0.887728  0.592391 1.000000
0  0.438895 -4.490604 -0.761574  -0.023062 0.020017 -0.999534  0.592391 0.900000
no_material
0  -7.489315 1.650735 0.844381  -0.005708 0.879248 -0.476330  0.200000 0.307692
0  -8.081666 1.604930 0.872813  -0.210449 0.933008 -0.291902  0.250000 0.384615
0  -7.489315 1.677488 1.007964  -0.000000 0.974695 0.223539  0.200000 0.461538
no_material
0  -8.639353 1.361468 0.808568  -0.552486 0.823803 0.126917  0.300000 0.461538
0  -8.081666 1.604930 0.872813  -0.210449 0.933008 -0.291902  0.250000 0.384615
0  -8.574746 1.352467 0.656186  -0.102058 0.804467 -0.585164  0.300000 0.307692
no_material
0  -8.478023 -1.072579 -0.850300  0.393501 0.848068 -0.354877  0.600000 0.153846
0  -8.569864 -1.172902 -1.015712  -0.322895 0.242984 -0.914712  0.600000 0.307692
0  -9.265802 -0.347396 -0.529839  -0.199678 0.428448 -0.881227  0.500000 0.307692
no_material
0  -8.569864 -1.172902 -1.015712  -0.322895 0.242984 -0.914712  0.600000 0.307692
0  -8.081666 -1.478714 -1.072845  -0.237775 -0.349574 -0.906235  0.650000 0.384615
0  -8.639353 -1.315917 -0.880757  -0.575130 -0.567160 -0.589538  0.600000 0.461538
no_material
0  -7.489315 -1.631941 -1.080157  -0.001537 -0.752019 -0.659139  0.700000 0.461538
0  -8.081666 -1.478714 -1.072845  -0.237775 -0.349574 -0.906235  0.650000 0.384615
0  -7.443810 -1.488217 -1.201299  0.062188 0.076697 -0.995113  0.700000 0.307692
no_material
0  -5.784174 -0.312448 -0.485218  -0.289700 0.674686 -0.678876  0.900000 0.153846
0  -5.784170 0.617009 0.061837  -0.166060 0.528296 -0.832663  0.000000 0.153846
0  -5.733048 0.571589 0.163483  0.580557 0.739795 -0.340083  1.000000 0.307692
no_material
0  -1.333623 -3.162093 -0.276349  0.200324 0.419647 0.885306  0.516304 0.393867
0  -1.087032 -3.369164 -0.286184  0.023062 -0.020010 0.999534  0.527174 0.385864
0  -0.773296 -3.441217 -0.294865  0.023067 -0.020007 0.999534  0.538043 0.393867
no_material
0  -7.489315 1.500910 0.773470  -0.003474 0.102395 -0.994738  0.200000 0.153846
0  -7.489315 1.650735 0.844381  -0.005708 0.879248 -0.476330  0.200000 0.307692
0  -6.403880 1.352467 0.656186  0.554758 0.714366 -0.426527  0.100000 0.307692
no_material
0  -5.572416 0.063106 -0.100018  0.816049 0.357083 -0.454483  0.950000 0.384615
0  -5.733048 0.571589 0.163483  0.580557 0.739795 -0.340083  0.000000 0.307692
0  -5.938513 1.016005 0.501225  0.542415 0.729206 -0.417186  0.050000 0.384615
no_material
0  -6.896960 1.604930 0.872813  0.207196 0.935191 -0.287205  0.150000 0.384615
0  -6.339273 1.361468 0.808568  0.553064 0.823500 0.126365  0.100000 0.461538
0  -5.938513 1.016005 0.501225  0.542415 0.729206 -0.417186  0.050000 0.384615
no_material
0  -9.089082 -0.361286 -0.401500  0.678477 0.551796 -0.484964  0.500000 0.153846
0  -9.265802 -0.347396 -0.529839  -0.199678 0.428448 -0.881227  0.500000 0.307692
0  -9.231568 0.663547 0.086765  -0.210763 0.459658 -0.862724  0.400000 0.307692
no_material
0  -9.231568 0.663547 0.086765  -0.210763 0.459658 -0.862724  0.400000 0.307692
0  -9.406210 0.063106 -0.100018  -0.852328 0.300369 -0.428153  0.450000 0.384615
0  -9.297579 0.531976 0.289915  -0.944161 0.325313 0.052265  0.400000 0.461538
no_material
0  -9.040112 -0.889789 -0.701258  -0.669326 -0.110184 -0.734753  0.550000 0.384615
0  -9.350114 -0.488559 -0.358728  -0.933414 -0.156913 -0.322670  0.500000 0.461538
0  -9.406210 0.063106 -0.100018  -0.852328 0.300369 -0.428153  0.450000 0.384615
no_material
0  -5.784174 -0.312448 -0.485218  -0.289700 0.674686 -0.678876  0.900000 0.153846
0  -5.621822 -0.347396 -0.529839  0.670791 0.287854 -0.683505  0.900000 0.307692
0  -6.317759 -1.172902 -1.015712  0.199659 0.038181 -0.979121  0.800000 0.307692
no_material
0  -6.317759 -1.172902 -1.015712  0.199659 0.038181 -0.979121  0.800000 0.307692
0  -5.938513 -0.889789 -0.701258  0.755984 -0.275839 -0.593633  0.850000 0.384615
0  -6.339273 -1.315917 -0.880757  0.585816 -0.638339 -0.499343  0.800000 0.461538
no_material
0  -5.572416 0.063106 -0.100018  0.816049 0.357083 -0.454483  0.950000 0.384615
0  -5.628511 -0.488559 -0.358728  0.951185 -0.246037 -0.186314  0.900000 0.461538
0  -5.938513 -0.889789 -0.701258  0.755984 -0.275839 -0.593633  0.850000 0.384615
no_material
0  -8.574746 1.352467 0.656186  -0.102058 0.804467 -0.585164  0.300000 0.307692
0  -7.489315 1.650735 0.844381  -0.005708 0.879248 -0.476330  0.200000 0.307692
0  -7.489315 1.500910 0.773470  -0.003474 0.102395 -0.994738  0.200000 0.153846
no_material
0  -9.231568 0.663547 0.086765  -0.210763 0.459658 -0.862724  0.400000 0.307692
0  -8.574746 1.352467 0.656186  -0.102058 0.804467 -0.585164  0.300000 0.307692
0  -8.478026 1.229222 0.602046  0.354539 0.056319 -0.933344  0.300000 0.153846
no_material
0  -1.893027 -2.881126 -0.257814  0.236060 0.429705 0.871567  0.494565 0.393867
0  -1.870804 -2.830486 -0.346929  0.244160 0.447406 0.860357  0.494565 0.400000
0  -2.706496 -2.444673 -0.319921  0.291467 0.419403 0.859737  0.472826 0.400000
no_material
0  -7.443810 -1.488217 -1.201299  0.062188 0.076697 -0.995113  0.700000 0.307692
0  -8.569864 -1.172902 -1.015712  -0.322895 0.242984 -0.914712  0.600000 0.307692
0  -8.478023 -1.072579 -0.850300  0.393501 0.848068 -0.354877  0.600000 0.153846
no_material
0  -6.317759 -1.172902 -1.015712  0.199659 0.038181 -0.979121  0.800000 0.307692
0  -7.443810 -1.488217 -1.201299  0.062188 0.076697 -0.995113  0.700000 0.307692
0  -7.489315 -1.344272 -1.021727  -0.022665 0.948053 -0.317303  0.700000 0.153846
no_material
0  0.202078 -3.577615 -0.486552  0.217214 0.496316 0.840529  0.570652 0.450000
0  0.089265 -3.815516 -0.322267  0.116811 0.209111 0.970890  0.570652 0.400000
0  0.643534 -4.106813 -0.340887  0.109327 0.160126 0.981024  0.592391 0.400000
no_material
0  -0.665318 -3.927029 -0.307084  -0.221778 -0.501782 0.836080  0.548913 0.350000
0  -1.225900 -3.648414 -0.288568  -0.221774 -0.501778 0.836083  0.527174 0.350000
0  -1.294836 -3.766713 -0.595691  0.002504 -0.061290 0.998117  0.527174 0.350000
no_material
0  -4.589110 -3.397113 -0.623649  -0.078325 -0.962247 -0.260666  0.440217 0.000000
0  -5.289670 -3.490842 -0.609357  -0.078478 -0.972052 -0.221258  0.418478 1.000000
0  -4.626717 -2.157706 -0.597972  -0.023065 0.020011 -0.999534  0.418478 0.900000
no_material
0  -5.289670 -3.490842 -0.609357  -0.078478 -0.972052 -0.221258  0.418478 0.000000
0  -6.262701 -3.188064 -0.580845  -0.420907 -0.892471 -0.162275  0.396739 1.000000
0  -5.527645 -1.709936 -0.568217  -0.023065 0.020012 -0.999534  0.396739 0.900000
no_material
0  -2.607732 -3.587662 -0.673189  -0.180724 -0.300533 -0.936493  0.483696 0.000000
0  -3.821810 -3.946016 -0.652346  -0.120844 -0.103037 -0.987309  0.461957 1.000000
0  -3.414653 -2.568624 -0.634166  -0.023071 0.019999 -0.999534  0.461957 0.900000
no_material
0  -3.821810 -3.946016 -0.652346  -0.120844 -0.103037 -0.987309  0.461957 0.000000
0  -4.589110 -3.397113 -0.623649  -0.078325 -0.962247 -0.260666  0.440217 1.000000
0  -4.102361 -2.418313 -0.615288  -0.023067 0.020006 -0.999534  0.440217 0.900000
no_material
0  -5.486773 -1.646626 -0.283452  -0.139503 0.087130 0.986381  0.396739 0.354994
0  -4.585842 -2.094395 -0.313207  0.016115 -0.027261 0.999498  0.418478 0.354994
0  -4.432070 -1.785169 -0.310565  -0.005168 -0.030735 0.999514  0.418478 0.377371
no_material
0  -1.486573 -4.144886 -0.710217  -0.228071 -0.399902 -0.887729  0.527174 0.000000
0  -2.047154 -3.866272 -0.691705  -0.228066 -0.399899 -0.887731  0.505435 1.000000
0  -1.803423 -3.376155 -0.687515  -0.023064 0.020013 -0.999534  0.505435 0.900000
no_material
0  -5.962805 -0.419472 -0.264670  -0.931808 0.361436 0.033124  0.900000 1.000000
0  -5.962805 0.419472 0.264670  -0.940720 -0.179673 -0.287687  0.000000 0.000000
0  -5.784170 0.617009 0.061837  -0.166060 0.528296 -0.832663  1.000000 0.153846
no_material
0  -6.500603 -1.264066 -0.515462  -0.275751 -0.153772 0.948850  0.800000 0.846154
0  -5.889544 -0.552768 -0.066663  -0.136407 -0.520550 0.842864  0.900000 0.846154
0  -5.962805 -0.419472 -0.264670  -0.931808 0.361436 0.033124  0.900000 0.000000
no_material
0  -5.962805 0.419472 0.264670  -0.940720 -0.179673 -0.287687  1.000000 0.000000
0  -5.962805 -0.419472 -0.264670  -0.931808 0.361436 0.033124  0.900000 1.000000
0  -5.889544 -0.552768 -0.066663  -0.136407 -0.520550 0.842864  0.900000 0.846154
no_material
0  -2.047154 -3.866272 -0.691705  -0.228066 -0.399899 -0.887731  0.505435 0.000000
0  -2.607732 -3.587662 -0.673189  -0.180724 -0.300533 -0.936493  0.483696 1.000000
0  -2.364000 -3.097544 -0.669003  -0.023062 0.020016 -0.999534  0.483696 0.900000
no_material
0  -4.963745 -2.854315 -0.319697  0.030797 -0.242878 0.969568  0.418478 0.300000
0  -5.289670 -3.490842 -0.609357  -0.078478 -0.972052 -0.221258  0.418478 1.000000
0  -4.589110 -3.397113 -0.623649  -0.078325 -0.962247 -0.260666  0.440217 0.000000
no_material
0  -4.424623 -2.912663 -0.402897  0.021358 -0.177003 0.983979  0.440217 0.300000
0  -4.589110 -3.397113 -0.623649  -0.078325 -0.962247 -0.260666  0.440217 1.000000
0  -3.821810 -3.946016 -0.652346  -0.120844 -0.103037 -0.987309  0.461957 0.000000
no_material
0  -0.925991 -4.423497 -0.728733  -0.228065 -0.399898 -0.887732  0.548913 0.000000
0  -1.486573 -4.144886 -0.710217  -0.228071 -0.399902 -0.887729  0.527174 1.000000
0  -1.242845 -3.654769 -0.706031  -0.023070 0.020004 -0.999534  0.527174 0.900000
no_material
0  -3.620176 -0.133651 -0.580679  0.536596 0.824543 -0.179423  0.418478 0.750000
0  -4.449004 0.459105 -0.549686  0.460124 0.875543 -0.147345  0.396739 0.750000
0  -4.833918 -0.333792 -0.272236  0.100123 0.125093 0.987080  0.396739 0.450000
no_material
0  -1.334773 -3.858510 -0.423546  0.254009 0.454332 0.853851  0.527174 0.300000
0  -1.486573 -4.144886 -0.710217  -0.228071 -0.399902 -0.887729  0.527174 1.000000
0  -0.925991 -4.423497 -0.728733  -0.228065 -0.399898 -0.887732  0.548913 0.000000
no_material
0  -0.774195 -4.137120 -0.442062  -0.275168 -0.603384 0.748472  0.548913 0.300000
0  -0.925991 -4.423497 -0.728733  -0.275168 -0.603384 0.748472  0.548913 1.000000
0  -0.365414 -4.702107 -0.747245  -0.275168 -0.603384 0.748472  0.570652 0.000000
no_material
0  0.937987 -5.349909 -0.790291  -0.272134 -0.492593 -0.826617  0.621198 0.000000
0  1.197927 -5.117278 -0.507194  -0.275163 -0.603384 0.748474  0.621198 0.300000
0  0.907541 -4.972955 -0.497602  -0.275165 -0.603383 0.748474  0.614130 0.300000
no_material
0  0.346964 -4.694345 -0.479090  -0.275165 -0.603383 0.748474  0.592391 0.300000
0  0.195163 -4.980722 -0.765761  -0.275165 -0.603383 0.748474  0.592391 1.000000
0  0.755745 -5.259332 -0.784273  -0.275165 -0.603383 0.748474  0.614130 0.000000
no_material
0  -3.855917 -1.922736 -0.611055  -0.023065 0.020015 -0.999534  0.440217 0.864136
0  -3.277738 -2.293305 -0.631817  -0.023059 0.020019 -0.999534  0.461957 0.864136
0  -3.357430 -2.453555 -0.633186  -0.023069 0.020001 -0.999534  0.461957 0.885011
no_material
0  1.036034 -5.398639 -0.793532  -0.275162 -0.603387 0.748472  0.625000 0.000000
0  1.460630 -5.247842 -0.515871  -0.275162 -0.603387 0.748472  0.625000 0.300000
0  1.197927 -5.117278 -0.507194  -0.275162 -0.603387 0.748472  0.621198 0.300000
no_material
0  -4.585842 -2.094395 -0.313207  0.016115 -0.027261 0.999498  0.418478 0.354994
0  -5.486773 -1.646626 -0.283452  -0.139503 0.087130 0.986381  0.396739 0.354994
0  -5.864674 -2.406545 -0.289942  -0.046396 -0.168869 0.984546  0.396739 0.300000
no_material
0  -3.467939 -2.683169 -0.523850  -0.132809 -0.418381 0.898510  0.461957 0.350000
0  -4.118944 -2.459049 -0.504343  -0.055388 0.146190 0.987705  0.440217 0.350000
0  -4.424623 -2.912663 -0.402897  0.021358 -0.177003 0.983979  0.440217 0.300000
no_material
0  -1.855417 -3.488103 -0.577179  0.002508 -0.061279 0.998118  0.505435 0.350000
0  -2.415994 -3.209488 -0.558664  -0.047665 -0.093341 0.994493  0.483696 0.350000
0  -2.455931 -3.301285 -0.386519  0.207565 0.393606 0.895540  0.483696 0.300000
no_material
0  -0.734258 -4.045324 -0.614207  0.002502 -0.061291 0.998117  0.548913 0.350000
0  -1.294836 -3.766713 -0.595691  0.002504 -0.061290 0.998117  0.527174 0.350000
0  -1.334773 -3.858510 -0.423546  0.254009 0.454332 0.853851  0.527174 0.300000
no_material
0  0.386901 -4.602548 -0.651235  0.002506 -0.061288 0.998117  0.592391 0.350000
0  -0.173677 -4.323938 -0.632719  0.002505 -0.061282 0.998117  0.570652 0.350000
0  -0.213614 -4.415730 -0.460574  0.254009 0.454344 0.853845  0.570652 0.300000
no_material
0  -7.136386 -0.659276 -0.225617  0.513074 0.015692 0.858201  0.375000 0.354994
0  -6.710744 -1.035875 -0.527419  0.513081 0.015691 0.858197  0.379760 0.895007
0  -6.638348 -0.706930 -0.522504  0.513088 0.015691 0.858193  0.379760 0.872629
no_material
0  -5.333002 -1.337400 -0.280810  -0.181352 0.114696 0.976707  0.396739 0.377371
0  -5.574372 -1.235734 -0.557645  -0.567276 0.370015 0.735722  0.385870 0.872629
0  -5.792994 -1.492001 -0.557730  -0.567273 0.370005 0.735729  0.385870 0.895007
no_material
0  -2.872086 -2.783600 -0.233268  -0.140905 -0.376287 0.915726  0.472826 0.354994
0  -2.046992 -3.190730 -0.260457  0.023061 -0.020021 0.999534  0.494565 0.354994
0  -1.958360 -3.012504 -0.258937  0.023068 -0.020004 0.999534  0.494565 0.377371
no_material
0  -1.225900 -3.648414 -0.288568  -0.221774 -0.501778 0.836083  0.527174 0.350000
0  -1.786477 -3.369804 -0.270056  -0.221777 -0.501791 0.836075  0.505435 0.350000
0  -1.855417 -3.488103 -0.577179  0.002508 -0.061279 0.998118  0.505435 0.350000
no_material
0  -0.104741 -4.205639 -0.325596  -0.221777 -0.501783 0.836079  0.570652 0.350000
0  0.455841 -4.484250 -0.344112  -0.221778 -0.501786 0.836077  0.592391 0.350000
0  0.512106 -4.371101 -0.343144  0.023064 -0.020017 0.999534  0.592391 0.364989
no_material
0  -0.665318 -3.927029 -0.307084  -0.221778 -0.501782 0.836080  0.548913 0.350000
0  -0.104741 -4.205639 -0.325596  -0.221777 -0.501783 0.836079  0.570652 0.350000
0  -0.046581 -4.088687 -0.324597  0.023066 -0.020003 0.999534  0.570652 0.364989
no_material
0  -4.585842 -2.094395 -0.313207  0.016115 -0.027261 0.999498  0.418478 0.354994
0  -4.103213 -2.287413 -0.333027  -0.095041 -0.050597 0.994187  0.440217 0.354994
0  -3.928032 -2.012368 -0.300417  -0.102895 -0.001144 0.994691  0.440217 0.377371
no_material
0  -0.665318 -3.927029 -0.307084  -0.221778 -0.501782 0.836080  0.548913 0.350000
0  -0.734258 -4.045324 -0.614207  0.002502 -0.061291 0.998117  0.548913 0.350000
0  -0.173677 -4.323938 -0.632719  0.002505 -0.061282 0.998117  0.570652 0.350000
no_material
0  -7.002824 -0.390693 -0.223321  -0.307686 0.496172 -0.811876  0.231133 0.250000
0  -6.443620 -0.498710 -0.522832  -0.243137 0.503922 -0.828823  0.379760 0.856133
0  -6.638348 -0.706930 -0.522504  -0.243135 0.503911 -0.828830  0.379760 0.872629
no_material
0  -0.104741 -4.205639 -0.325596  -0.221777 -0.501783 0.836079  0.570652 0.350000
0  -0.173677 -4.323938 -0.632719  0.002505 -0.061282 0.998117  0.570652 0.350000
0  0.386901 -4.602548 -0.651235  0.002506 -0.061288 0.998117  0.592391 0.350000
no_material
0  -6.057723 0.316834 -0.230968  -0.347383 0.786820 0.510137  0.175000 0.250000
0  -6.900456 -0.165960 -0.505628  -0.935372 0.114599 -0.334585  0.225000 0.000000
0  -7.002824 -0.390693 -0.223321  -0.880558 -0.130743 0.455548  0.375000 0.393867
no_material
0  -0.177616 -2.918582 -0.715877  0.336621 0.907156 -0.252496  0.548913 0.750000
0  -0.857742 -2.880366 -0.699414  0.600150 0.413043 -0.684993  0.527174 0.750000
0  -0.985563 -3.154080 -0.450666  0.299596 0.437164 0.848015  0.527174 0.450000
no_material
0  -3.300745 -1.957843 -0.296459  0.204466 0.337443 0.918872  0.451087 0.400000
0  -2.706496 -2.444673 -0.319921  0.291467 0.419403 0.859737  0.472826 0.400000
0  -2.249969 -1.628021 -0.357774  0.430350 0.272893 0.860424  0.472826 0.500000
no_material
0  -0.251629 0.227492 0.269127  -0.003493 0.615450 0.788168  0.494565 0.393867
0  -0.251629 0.268540 0.172616  -0.006058 0.634671 0.772759  0.494565 0.400000
0  -1.730956 0.242370 0.176435  0.072505 0.635031 0.769076  0.472826 0.400000
no_material
0  -1.870804 -2.830486 -0.346929  0.244160 0.447406 0.860357  0.494565 0.400000
0  -1.311561 -3.111781 -0.365464  0.269223 0.482783 0.833330  0.516304 0.400000
0  -0.973051 -2.428179 -0.403260  0.705332 0.588243 0.395570  0.516304 0.500000
no_material
0  0.972287 -3.417998 -0.752411  0.334375 0.893819 -0.298800  0.592391 0.750000
0  0.312934 -3.338020 -0.735593  0.284033 0.868708 -0.405798  0.570652 0.750000
0  0.202078 -3.577615 -0.486552  0.217214 0.496316 0.840529  0.570652 0.450000
no_material
0  1.677836 -4.633966 -0.375310  0.251605 0.222113 0.941998  0.621198 0.400000
0  1.842997 -4.433413 -0.541552  0.368280 0.425461 0.826652  0.621198 0.450000
0  1.340240 -4.100644 -0.523287  0.334242 0.391683 0.857244  0.614130 0.450000
no_material
0  0.089265 -3.815516 -0.322267  0.116811 0.209111 0.970890  0.570652 0.400000
0  -0.468843 -3.531933 -0.303708  0.147676 0.282481 0.947838  0.548913 0.400000
0  -0.524391 -3.643638 -0.304661  0.023067 -0.020013 0.999534  0.548913 0.385864
no_material
0  1.203128 -4.387407 -0.359418  0.144134 0.174983 0.973964  0.614130 0.400000
0  0.643534 -4.106813 -0.340887  0.109327 0.160126 0.981024  0.592391 0.400000
0  0.590468 -4.213525 -0.341797  0.023068 -0.020006 0.999534  0.592391 0.385864
no_material
0  -5.656434 0.095396 -0.244661  0.131489 0.213727 0.968004  0.380640 0.450000
0  -5.152539 0.717602 -0.528276  0.406231 0.897232 -0.173064  0.380640 0.750000
0  -5.397821 0.810583 -0.520752  0.120634 0.986126 -0.114028  0.125000 0.000000
no_material
0  -0.488694 -3.544133 -0.721221  -0.023071 0.020001 -0.999534  0.548913 0.850000
0  -1.124975 -3.417747 -0.704005  -0.023071 0.020000 -0.999534  0.527174 0.850000
0  -0.857742 -2.880366 -0.699414  0.600150 0.413043 -0.684993  0.527174 0.750000
no_material
0  0.079635 -3.807160 -0.739601  -0.023068 0.020005 -0.999534  0.570652 0.850000
0  -0.488694 -3.544133 -0.721221  -0.023071 0.020001 -0.999534  0.548913 0.850000
0  -0.177616 -2.918582 -0.715877  0.336621 0.907156 -0.252496  0.548913 0.750000
no_material
0  -1.678800 -3.125552 -0.685373  -0.023072 0.020000 -0.999534  0.505435 0.864136
0  -2.225160 -2.818348 -0.666618  -0.023067 0.020007 -0.999534  0.483696 0.864136
0  -2.170434 -2.708298 -0.665677  -0.023064 0.020013 -0.999534  0.483696 0.850000
no_material
0  -5.281201 -1.214363 -0.563980  -0.023069 0.020006 -0.999534  0.396739 0.864136
0  -4.380272 -1.662129 -0.593735  -0.023069 0.020006 -0.999534  0.418478 0.864136
0  -4.523716 -1.950585 -0.596201  -0.023065 0.020013 -0.999534  0.418478 0.885011
no_material
0  2.155178 -4.659473 -0.553281  0.335966 0.409157 0.848362  0.625000 0.450000
0  2.272401 -4.407084 -0.802214  0.883989 0.327033 -0.334084  0.625000 0.750000
0  1.960216 -4.181019 -0.790484  0.578907 0.739354 -0.343834  0.621198 0.750000
no_material
0  0.613741 -4.139007 -0.758569  -0.023067 0.020008 -0.999534  0.592391 0.850000
0  0.079635 -3.807160 -0.739601  -0.023068 0.020005 -0.999534  0.570652 0.850000
0  0.312934 -3.338020 -0.735593  0.284033 0.868708 -0.405798  0.570652 0.750000
no_material
0  -3.223772 -2.184783 -0.630887  -0.023060 0.020019 -0.999534  0.461957 0.850000
0  -3.758777 -1.727395 -0.609385  -0.023064 0.020012 -0.999534  0.440217 0.850000
0  -3.272031 -0.748595 -0.601024  0.193614 0.849585 -0.490631  0.440217 0.750000
no_material
0  -2.170434 -2.708298 -0.665677  -0.023064 0.020013 -0.999534  0.483696 0.850000
0  -3.223772 -2.184783 -0.630887  -0.023060 0.020019 -0.999534  0.461957 0.850000
0  -2.348841 -1.039876 -0.628159  0.655156 0.635662 -0.408295  0.461957 0.750000
no_material
0  -1.629676 -3.026768 -0.684532  -0.023072 0.020001 -0.999534  0.505435 0.850000
0  -2.170434 -2.708298 -0.665677  -0.023064 0.020013 -0.999534  0.483696 0.850000
0  -1.905806 -1.926710 -0.656135  0.582702 0.514579 -0.629020  0.483696 0.750000
no_material
0  -1.124975 -3.417747 -0.704005  -0.023071 0.020000 -0.999534  0.527174 0.850000
0  -1.629676 -3.026768 -0.684532  -0.023072 0.020001 -0.999534  0.505435 0.850000
0  -1.341235 -2.446741 -0.679574  0.230760 0.525957 -0.818608  0.505435 0.750000
no_material
0  1.842997 -4.433413 -0.541552  0.368280 0.425461 0.826652  0.621198 0.450000
0  1.960216 -4.181019 -0.790484  0.578907 0.739354 -0.343834  0.621198 0.750000
0  1.525325 -3.711775 -0.771054  0.566321 0.768761 -0.297132  0.614130 0.750000
no_material
0  -3.277738 -2.293305 -0.631817  -0.023059 0.020019 -0.999534  0.461957 0.864136
0  -3.855917 -1.922736 -0.611055  -0.023065 0.020015 -0.999534  0.440217 0.864136
0  -3.758777 -1.727395 -0.609385  -0.023064 0.020012 -0.999534  0.440217 0.850000
no_material
0  1.193042 -4.379968 -0.776761  -0.023065 0.020012 -0.999534  0.614130 0.850000
0  1.629051 -4.704345 -0.793316  -0.023064 0.020009 -0.999534  0.621198 0.850000
0  1.566277 -4.779952 -0.793382  -0.023061 0.020013 -0.999534  0.621198 0.864136
no_material
0  1.960216 -4.181019 -0.790484  0.578907 0.739354 -0.343834  0.621198 0.750000
0  2.272401 -4.407084 -0.802214  0.883989 0.327033 -0.334084  0.875000 0.000000
0  1.901635 -4.839821 -0.802318  0.532300 -0.536312 -0.655001  0.625000 0.850000
no_material
0  -6.900456 -0.165960 -0.505628  -0.935372 0.114599 -0.334585  0.225000 0.000000
0  -6.057723 0.316834 -0.230968  -0.347383 0.786820 0.510137  0.175000 0.250000
0  -5.397821 0.810583 -0.520752  0.120634 0.986126 -0.114028  0.375000 0.750000
no_material
0  -4.390011 -0.551985 -0.571288  -0.023067 0.020011 -0.999534  0.407609 0.800000
0  -3.865655 -0.812593 -0.588608  -0.023066 0.020010 -0.999534  0.429348 0.800000
0  -4.251387 -1.588266 -0.595232  -0.023068 0.020005 -0.999534  0.429348 0.856133
no_material
0  -1.678800 -3.125552 -0.685373  -0.023072 0.020000 -0.999534  0.505435 0.864136
0  -1.158299 -3.484758 -0.704576  -0.023062 0.020015 -0.999534  0.527174 0.864136
0  -1.207507 -3.583715 -0.705425  -0.023064 0.020015 -0.999534  0.527174 0.885011
no_material
0  0.564305 -4.238411 -0.759418  -0.023068 0.020008 -0.999534  0.592391 0.864136
0  0.022714 -3.921619 -0.740578  -0.023071 0.020002 -0.999534  0.570652 0.864136
0  0.079635 -3.807160 -0.739601  -0.023068 0.020005 -0.999534  0.570652 0.850000
no_material
0  -4.626717 -2.157706 -0.597972  -0.023065 0.020011 -0.999534  0.418478 0.900000
0  -5.527645 -1.709936 -0.568217  -0.023065 0.020012 -0.999534  0.396739 0.900000
0  -5.424648 -1.502816 -0.566446  -0.023063 0.020014 -0.999534  0.396739 0.885011
no_material
0  1.138317 -4.490018 -0.777702  -0.023063 0.020016 -0.999534  0.614130 0.864136
0  0.564305 -4.238411 -0.759418  -0.023068 0.020008 -0.999534  0.592391 0.864136
0  0.613741 -4.139007 -0.758569  -0.023067 0.020008 -0.999534  0.592391 0.850000
no_material
0  1.864573 -4.853626 -0.384014  0.491590 -0.455701 0.742076  0.625000 0.385864
0  1.606056 -4.727676 -0.375530  0.023065 -0.020009 0.999534  0.621198 0.385864
0  1.500061 -4.866050 -0.375854  0.023069 -0.020006 0.999534  0.621198 0.364989
no_material
0  -0.524391 -3.643638 -0.304661  0.023067 -0.020013 0.999534  0.548913 0.385864
0  -1.087032 -3.369164 -0.286184  0.023062 -0.020010 0.999534  0.527174 0.385864
0  -1.167859 -3.531705 -0.287573  0.023067 -0.020005 0.999534  0.527174 0.364989
no_material
0  -7.248998 -0.385138 -0.217530  -0.513077 -0.015701 -0.858199  0.247629 0.250000
0  -6.638348 -0.706930 -0.522504  -0.513069 -0.015698 -0.858204  0.379760 0.872629
0  -6.710744 -1.035875 -0.527419  -0.513097 -0.015727 -0.858187  0.379760 0.895007
no_material
0  -4.380272 -1.662129 -0.593735  -0.023069 0.020006 -0.999534  0.418478 0.864136
0  -3.855917 -1.922736 -0.611055  -0.023065 0.020015 -0.999534  0.440217 0.864136
0  -3.999360 -2.211189 -0.613521  -0.023069 0.020007 -0.999534  0.440217 0.885011
no_material
0  -4.102361 -2.418313 -0.615288  -0.023067 0.020006 -0.999534  0.440217 0.900000
0  -4.626717 -2.157706 -0.597972  -0.023065 0.020011 -0.999534  0.418478 0.900000
0  -4.523716 -1.950585 -0.596201  -0.023065 0.020013 -0.999534  0.418478 0.885011
no_material
0  -3.414653 -2.568624 -0.634166  -0.023071 0.019999 -0.999534  0.461957 0.900000
0  -4.102361 -2.418313 -0.615288  -0.023067 0.020006 -0.999534  0.440217 0.900000
0  -3.999360 -2.211189 -0.613521  -0.023069 0.020007 -0.999534  0.440217 0.885011
no_material
0  -2.364000 -3.097544 -0.669003  -0.023062 0.020016 -0.999534  0.483696 0.900000
0  -3.414653 -2.568624 -0.634166  -0.023071 0.019999 -0.999534  0.461957 0.900000
0  -3.357430 -2.453555 -0.633186  -0.023069 0.020001 -0.999534  0.461957 0.885011
no_material
0  -2.305975 -2.980855 -0.668003  -0.023065 0.020009 -0.999534  0.483696 0.885011
0  -1.751336 -3.271418 -0.686620  -0.023067 0.020011 -0.999534  0.505435 0.885011
0  -1.803423 -3.376155 -0.687515  -0.023064 0.020013 -0.999534  0.505435 0.900000
no_material
0  -0.682264 -3.933379 -0.724543  -0.023067 0.020006 -0.999534  0.548913 0.900000
0  -1.242845 -3.654769 -0.706031  -0.023070 0.020004 -0.999534  0.527174 0.900000
0  -1.207507 -3.583715 -0.705425  -0.023064 0.020015 -0.999534  0.527174 0.885011
no_material
0  -0.624235 -3.816690 -0.723547  -0.023067 0.020008 -0.999534  0.548913 0.885011
0  -0.061335 -4.090631 -0.742021  -0.023066 0.020012 -0.999534  0.570652 0.885011
0  -0.121682 -4.211990 -0.743059  -0.023067 0.020013 -0.999534  0.570652 0.900000
no_material
0  -3.589286 -2.544016 -0.211920  -0.208692 -0.315673 0.925634  0.451087 0.354994
0  -2.872086 -2.783600 -0.233268  -0.140905 -0.376287 0.915726  0.472826 0.354994
0  -2.788724 -2.615973 -0.231836  0.023065 -0.020013 0.999534  0.472826 0.377371
no_material
0  0.491310 -4.385200 -0.760671  -0.023063 0.020017 -0.999534  0.592391 0.885011
0  1.057501 -4.652525 -0.779091  -0.023069 0.020008 -0.999534  0.614130 0.885011
0  0.999472 -4.769215 -0.780086  -0.023070 0.020005 -0.999534  0.614130 0.900000
no_material
0  1.473574 -4.891595 -0.793478  -0.023062 0.020014 -0.999534  0.621198 0.885011
0  1.785254 -5.041783 -0.803676  0.617270 -0.358033 -0.700564  0.739989 0.000000
0  1.735428 -5.128247 -0.804259  0.643224 -0.481969 -0.594953  0.625000 0.900000
no_material
0  -6.817708 -2.841177 -0.561090  -0.212077 -0.522702 0.825716  0.382663 0.000000
0  -6.543241 -2.056788 -0.267282  0.002263 -0.129867 0.991529  0.382663 0.300000
0  -6.687190 -1.977358 -0.262371  -0.127676 -0.010247 0.991763  0.380640 0.300000
no_material
0  -1.242845 -3.654769 -0.706031  -0.023070 0.020004 -0.999534  0.527174 0.900000
0  -1.803423 -3.376155 -0.687515  -0.023064 0.020013 -0.999534  0.505435 0.900000
0  -1.751336 -3.271418 -0.686620  -0.023067 0.020011 -0.999534  0.505435 0.885011
no_material
0  0.491310 -4.385200 -0.760671  -0.023063 0.020017 -0.999534  0.592391 0.885011
0  -0.061335 -4.090631 -0.742021  -0.023066 0.020012 -0.999534  0.570652 0.885011
0  0.022714 -3.921619 -0.740578  -0.023071 0.020002 -0.999534  0.570652 0.864136
no_material
0  0.438895 -4.490604 -0.761574  -0.023062 0.020017 -0.999534  0.592391 0.900000
0  -0.121682 -4.211990 -0.743059  -0.023067 0.020013 -0.999534  0.570652 0.900000
0  -0.061335 -4.090631 -0.742021  -0.023066 0.020012 -0.999534  0.570652 0.885011
no_material
0  -5.864674 -2.406545 -0.289942  -0.046396 -0.168869 0.984546  0.396739 0.300000
0  -6.262701 -3.188064 -0.580845  -0.420907 -0.892471 -0.162275  0.396739 1.000000
0  -5.289670 -3.490842 -0.609357  -0.078478 -0.972052 -0.221258  0.418478 0.000000
no_material
0  -0.365414 -4.702107 -0.747245  -0.228075 -0.399900 -0.887728  0.570652 0.000000
0  -0.925991 -4.423497 -0.728733  -0.228065 -0.399898 -0.887732  0.548913 1.000000
0  -0.682264 -3.933379 -0.724543  -0.023067 0.020006 -0.999534  0.548913 0.900000
no_material
0  -3.557374 -2.874497 -0.352558  0.009890 -0.399036 0.916882  0.461957 0.300000
0  -3.821810 -3.946016 -0.652346  0.009892 -0.399038 0.916881  0.461957 1.000000
0  -2.607732 -3.587662 -0.673189  0.010044 -0.398697 0.917028  0.483696 0.000000
no_material
0  0.312934 -3.338020 -0.735593  0.284033 0.868708 -0.405798  0.570652 0.750000
0  -0.177616 -2.918582 -0.715877  0.336621 0.907156 -0.252496  0.548913 0.750000
0  -0.362702 -3.307450 -0.468110  0.203010 0.549743 0.810290  0.548913 0.450000
no_material
0  -2.455931 -3.301285 -0.386519  0.207565 0.393606 0.895540  0.483696 0.300000
0  -2.607732 -3.587662 -0.673189  -0.180724 -0.300533 -0.936493  0.483696 1.000000
0  -2.047154 -3.866272 -0.691705  -0.228066 -0.399899 -0.887731  0.505435 0.000000
no_material
0  0.195163 -4.980722 -0.765761  -0.228074 -0.399903 -0.887728  0.592391 0.000000
0  -0.365414 -4.702107 -0.747245  -0.228075 -0.399900 -0.887728  0.570652 1.000000
0  -0.121682 -4.211990 -0.743059  -0.023067 0.020013 -0.999534  0.570652 0.900000
no_material
0  -1.895354 -3.579895 -0.405034  -0.275169 -0.603380 0.748475  0.505435 0.300000
0  -2.047154 -3.866272 -0.691705  -0.275169 -0.603380 0.748475  0.505435 1.000000
0  -1.486573 -4.144886 -0.710217  -0.275169 -0.603380 0.748475  0.527174 0.000000
no_material
0  -0.213614 -4.415730 -0.460574  0.254009 0.454344 0.853845  0.570652 0.300000
0  -0.365414 -4.702107 -0.747245  -0.228075 -0.399900 -0.887728  0.570652 1.000000
0  0.195163 -4.980722 -0.765761  -0.228074 -0.399903 -0.887728  0.592391 0.000000
no_material
0  -5.990704 -1.599740 -0.555322  -0.385485 0.492965 -0.779991  0.385352 0.900000
0  -6.721127 -2.926441 -0.565026  -0.575965 -0.809878 -0.111184  0.385352 0.000000
0  -6.747194 -2.847277 -0.562842  -0.379796 -0.549821 0.743943  0.384086 1.000000
no_material
0  -3.774407 -2.121615 0.190036  0.283845 -0.958861 0.004114  0.418478 0.000000
0  -4.780913 -2.437882 0.236196  0.005498 -0.998796 0.048750  0.396739 1.000000
0  -4.780913 -0.398877 -0.061405  0.000002 -0.144424 -0.989516  0.396739 0.900000
no_material
0  0.937987 -5.349909 -0.790291  -0.272134 -0.492593 -0.826617  0.621198 1.000000
0  1.407011 -4.971763 -0.793548  -0.023066 0.020009 -0.999534  0.621198 0.900000
0  1.735428 -5.128247 -0.804259  0.643224 -0.481969 -0.594953  0.725000 0.000000
no_material
0  -2.767897 -1.480596 0.096476  0.282347 -0.956001 -0.079644  0.440217 0.000000
0  -3.774407 -2.121615 0.190036  0.283845 -0.958861 0.004114  0.418478 1.000000
0  -3.774407 -0.398877 -0.061405  -0.000000 -0.144424 -0.989516  0.418478 0.900000
no_material
0  -4.449004 0.459105 -0.549686  0.460124 0.875543 -0.147345  0.396739 0.750000
0  -4.934372 0.666549 -0.534334  0.317893 0.943325 -0.095300  0.385352 0.750000
0  -5.321173 -0.089605 -0.256101  -0.085876 0.068978 0.993915  0.385352 0.450000
no_material
0  -3.272031 -0.748595 -0.601024  0.193614 0.849585 -0.490631  0.440217 0.750000
0  -3.620176 -0.133651 -0.580679  0.536596 0.824543 -0.179423  0.418478 0.750000
0  -3.932986 -0.781561 -0.301992  0.151380 0.156367 0.976029  0.418478 0.450000
no_material
0  0.907541 -4.972955 -0.497602  0.398201 0.767849 0.501841  0.614130 0.300000
0  1.197927 -5.117278 -0.507194  0.398201 0.767849 0.501841  0.621198 0.300000
0  1.355017 -5.083707 -0.683209  0.398201 0.767849 0.501841  0.621198 0.350000
no_material
0  1.016418 -4.762864 -0.362624  -0.221775 -0.501782 0.836081  0.614130 0.350000
0  1.423957 -4.965412 -0.376086  -0.191851 -0.541675 0.818402  0.621198 0.350000
0  1.500061 -4.866050 -0.375854  0.023069 -0.020006 0.999534  0.621198 0.364989
no_material
0  1.677836 -4.633966 -0.375310  0.251605 0.222113 0.941998  0.621198 0.400000
0  1.203128 -4.387407 -0.359418  0.144134 0.174983 0.973964  0.614130 0.400000
0  1.150339 -4.493556 -0.360325  0.023069 -0.020010 0.999534  0.614130 0.385864
no_material
0  1.629051 -4.704345 -0.793316  -0.023064 0.020009 -0.999534  0.621198 0.850000
0  1.901635 -4.839821 -0.802318  0.532300 -0.536312 -0.655001  0.775000 0.000000
0  1.854645 -4.921366 -0.802866  0.584802 -0.422336 -0.692560  0.625000 0.864136
no_material
0  -4.390011 -0.551985 -0.571288  -0.023067 0.020011 -0.999534  0.407609 0.800000
0  -5.184061 -1.019019 -0.562314  -0.023071 0.020007 -0.999534  0.396739 0.850000
0  -5.290939 -0.104220 -0.541533  0.906268 -0.421109 -0.036668  0.385870 0.800000
no_material
0  -6.704725 -1.170437 -0.245811  -0.500992 -0.167457 0.849097  0.379760 0.350000
0  -7.115748 -2.644007 -0.550264  -0.962135 -0.206301 -0.178148  0.375000 1.000000
0  -6.893534 -2.783372 -0.558185  -0.774970 -0.595878 -0.210597  0.380640 0.000000
no_material
0  -5.574372 -1.235734 -0.557645  -0.648186 0.196864 0.735594  0.385870 0.872629
0  -5.333002 -1.337400 -0.280810  -0.648197 0.196861 0.735586  0.396739 0.377371
0  -5.219650 -1.109461 -0.278861  -0.648193 0.196862 0.735589  0.396739 0.393867
no_material
0  -2.415994 -3.209488 -0.558664  -0.047665 -0.093341 0.994493  0.483696 0.350000
0  -3.467939 -2.683169 -0.523850  -0.132809 -0.418381 0.898510  0.461957 0.350000
0  -3.557374 -2.874497 -0.352558  0.093780 0.318550 0.943256  0.461957 0.300000
no_material
0  -3.589286 -2.544016 -0.211920  -0.208692 -0.315673 0.925634  0.451087 0.354994
0  -3.622830 -2.607728 -0.268876  -0.327973 -0.860902 0.388950  0.451087 0.350000
0  -2.891987 -2.819875 -0.289988  -0.446823 -0.802491 0.395421  0.472826 0.350000
no_material
0  -1.294836 -3.766713 -0.595691  0.002504 -0.061290 0.998117  0.527174 0.350000
0  -1.855417 -3.488103 -0.577179  0.002508 -0.061279 0.998118  0.505435 0.350000
0  -1.895354 -3.579895 -0.405034  0.254012 0.454345 0.853843  0.505435 0.300000
no_material
0  -7.248998 -0.385138 -0.217530  0.243147 -0.503910 0.828827  0.375000 0.377371
0  -6.638348 -0.706930 -0.522504  0.243144 -0.503910 0.828828  0.379760 0.872629
0  -6.443620 -0.498710 -0.522832  0.243136 -0.503908 0.828831  0.379760 0.856133
no_material
0  -1.786477 -3.369804 -0.270056  -0.221777 -0.501791 0.836075  0.505435 0.350000
0  -1.225900 -3.648414 -0.288568  -0.221774 -0.501778 0.836083  0.527174 0.350000
0  -1.167859 -3.531705 -0.287573  0.023067 -0.020005 0.999534  0.527174 0.364989
no_material
0  -1.225900 -3.648414 -0.288568  -0.221774 -0.501778 0.836083  0.527174 0.350000
0  -0.665318 -3.927029 -0.307084  -0.221778 -0.501782 0.836080  0.548913 0.350000
0  -0.606418 -3.808587 -0.306073  0.023065 -0.020012 0.999534  0.548913 0.364989
no_material
0  -0.173677 -4.323938 -0.632719  0.002505 -0.061282 0.998117  0.570652 0.350000
0  -0.734258 -4.045324 -0.614207  0.002502 -0.061291 0.998117  0.548913 0.350000
0  -0.774195 -4.137120 -0.442062  0.254008 0.454334 0.853850  0.548913 0.300000
no_material
0  1.423957 -4.965412 -0.376086  -0.191851 -0.541675 0.818402  0.621198 0.350000
0  1.016418 -4.762864 -0.362624  -0.221775 -0.501782 0.836081  0.614130 0.350000
0  0.947478 -4.881159 -0.669747  -0.241590 -0.539681 0.806461  0.614130 0.350000
no_material
0  -3.932986 -0.781561 -0.301992  0.151380 0.156367 0.976029  0.418478 0.450000
0  -4.318717 -1.557230 -0.308616  -0.002858 -0.011251 0.999933  0.418478 0.393867
0  -3.798899 -1.809627 -0.276380  -0.035024 0.039230 0.998616  0.440217 0.393867
no_material
0  0.947478 -4.881159 -0.669747  -0.241590 -0.539681 0.806461  0.614130 0.350000
0  0.386901 -4.602548 -0.651235  0.002506 -0.061288 0.998117  0.592391 0.350000
0  0.346964 -4.694345 -0.479090  0.254008 0.454332 0.853852  0.592391 0.300000
no_material
0  0.455841 -4.484250 -0.344112  -0.221778 -0.501786 0.836077  0.592391 0.350000
0  1.016418 -4.762864 -0.362624  -0.221775 -0.501782 0.836081  0.614130 0.350000
0  1.072390 -4.650306 -0.361663  0.023070 -0.020007 0.999534  0.614130 0.364989
no_material
0  1.575665 -5.189871 -0.690428  0.392860 0.768169 0.505547  0.625000 0.350000
0  1.355017 -5.083707 -0.683209  0.392859 0.768169 0.505548  0.621198 0.350000
0  1.197927 -5.117278 -0.507194  0.392860 0.768169 0.505548  0.621198 0.300000
no_material
0  -2.347059 -3.091194 -0.251540  -0.234872 -0.500835 0.833066  0.483696 0.350000
0  -2.415994 -3.209488 -0.558664  -0.047665 -0.093341 0.994493  0.483696 0.350000
0  -1.855417 -3.488103 -0.577179  0.002508 -0.061279 0.998118  0.505435 0.350000
no_material
0  -2.249969 -1.628021 -0.357774  0.430350 0.272893 0.860424  0.472826 0.500000
0  -2.706496 -2.444673 -0.319921  0.291467 0.419403 0.859737  0.472826 0.400000
0  -1.870804 -2.830486 -0.346929  0.244160 0.447406 0.860357  0.494565 0.400000
no_material
0  -1.333623 -3.162093 -0.276349  0.200324 0.419647 0.885306  0.516304 0.393867
0  -1.893027 -2.881126 -0.257814  0.236060 0.429705 0.871567  0.494565 0.393867
0  -1.958360 -3.012504 -0.258937  0.023068 -0.020004 0.999534  0.494565 0.377371
no_material
0  0.857121 -3.666267 -0.503444  0.224785 0.501651 0.835355  0.592391 0.450000
0  0.643534 -4.106813 -0.340887  0.109327 0.160126 0.981024  0.592391 0.400000
0  1.203128 -4.387407 -0.359418  0.144134 0.174983 0.973964  0.614130 0.400000
no_material
0  1.016418 -4.762864 -0.362624  -0.221775 -0.501782 0.836081  0.614130 0.350000
0  0.455841 -4.484250 -0.344112  -0.221778 -0.501786 0.836077  0.592391 0.350000
0  0.386901 -4.602548 -0.651235  0.002506 -0.061288 0.998117  0.592391 0.350000
no_material
0  -0.985563 -3.154080 -0.450666  0.299596 0.437164 0.848015  0.527174 0.450000
0  -1.032291 -3.259094 -0.285243  0.156355 0.395871 0.904897  0.527174 0.400000
0  -0.468843 -3.531933 -0.303708  0.147676 0.282481 0.947838  0.548913 0.400000
no_material
0  -5.321173 -0.089605 -0.256101  -0.085876 0.068978 0.993915  0.385352 0.450000
0  -4.934372 0.666549 -0.534334  0.317893 0.943325 -0.095300  0.385352 0.750000
0  -5.013239 0.639541 -0.533053  0.304735 0.928218 -0.213420  0.384086 0.750000
no_material
0  -3.338282 -2.039272 -0.207606  0.176999 0.368891 0.912464  0.451087 0.393867
0  -2.727277 -2.492408 -0.230779  0.249706 0.363346 0.897567  0.472826 0.393867
0  -2.706496 -2.444673 -0.319921  0.291467 0.419403 0.859737  0.472826 0.400000
no_material
0  0.643534 -4.106813 -0.340887  0.109327 0.160126 0.981024  0.592391 0.400000
0  0.089265 -3.815516 -0.322267  0.116811 0.209111 0.970890  0.570652 0.400000
0  0.034416 -3.925813 -0.323208  0.023069 -0.020001 0.999534  0.570652 0.385864
no_material
0  1.606056 -4.727676 -0.375530  0.023065 -0.020009 0.999534  0.621198 0.385864
0  1.150339 -4.493556 -0.360325  0.023069 -0.020010 0.999534  0.614130 0.385864
0  1.072390 -4.650306 -0.361663  0.023070 -0.020007 0.999534  0.614130 0.364989
no_material
0  -3.277738 -2.293305 -0.631817  -0.023059 0.020019 -0.999534  0.461957 0.864136
0  -2.225160 -2.818348 -0.666618  -0.023067 0.020007 -0.999534  0.483696 0.864136
0  -2.305975 -2.980855 -0.668003  -0.023065 0.020009 -0.999534  0.483696 0.885011
no_material
0  4.277658 0.458487 0.067281  -0.035146 0.679867 0.732493  0.592391 0.450000
0  3.271152 0.507738 0.060093  0.052961 0.683089 0.728412  0.570652 0.450000
0  3.271152 0.272530 0.262556  0.013564 0.399080 0.916816  0.570652 0.400000
no_material
0  5.284168 -0.034227 0.307328  -0.000000 0.144416 0.989517  0.614130 0.364989
0  6.054327 -0.037047 0.307740  -0.000000 0.144421 0.989516  0.621198 0.364989
0  6.107853 0.132250 0.283028  0.000000 0.144427 0.989515  0.621198 0.385864
no_material
0  6.624249 0.006632 -0.120591  0.733340 -0.288476 -0.615625  0.625000 0.864136
0  6.107853 0.004946 -0.120344  0.000001 -0.144420 -0.989517  0.621198 0.864136
0  6.144105 0.099590 -0.134156  0.000001 -0.144419 -0.989517  0.621198 0.850000
no_material
0  -1.158299 -3.484758 -0.704576  -0.023062 0.020015 -0.999534  0.527174 0.864136
0  -0.543424 -3.654183 -0.722158  -0.023070 0.020001 -0.999534  0.548913 0.864136
0  -0.624235 -3.816690 -0.723547  -0.023067 0.020008 -0.999534  0.548913 0.885011
no_material
0  -2.225160 -2.818348 -0.666618  -0.023067 0.020007 -0.999534  0.483696 0.864136
0  -1.678800 -3.125552 -0.685373  -0.023072 0.020000 -0.999534  0.505435 0.864136
0  -1.751336 -3.271418 -0.686620  -0.023067 0.020011 -0.999534  0.505435 0.885011
no_material
0  1.138317 -4.490018 -0.777702  -0.023063 0.020016 -0.999534  0.614130 0.864136
0  1.566277 -4.779952 -0.793382  -0.023061 0.020013 -0.999534  0.621198 0.864136
0  1.473574 -4.891595 -0.793478  -0.023062 0.020014 -0.999534  0.621198 0.885011
no_material
0  -4.934372 0.666549 -0.534334  0.317893 0.943325 -0.095300  0.385352 0.750000
0  -5.551466 -0.716475 -0.547780  -0.649755 0.011494 -0.760057  0.385352 0.850000
0  -5.701152 -0.527987 -0.540549  -0.585536 -0.767908 -0.259740  0.384086 0.850000
no_material
0  1.854645 -4.921366 -0.802866  0.584802 -0.422336 -0.692560  0.760864 0.000000
0  1.864573 -4.853626 -0.384014  0.491590 -0.455701 0.742076  0.625000 0.385864
0  1.737002 -4.979545 -0.383594  0.491793 -0.238571 0.837391  0.625000 0.364989
no_material
0  -2.727277 -2.492408 -0.230779  0.249706 0.363346 0.897567  0.472826 0.393867
0  -3.338282 -2.039272 -0.207606  0.176999 0.368891 0.912464  0.451087 0.393867
0  -3.444794 -2.253456 -0.209439  -0.074033 0.007662 0.997226  0.451087 0.377371
no_material
0  -3.798899 -1.809627 -0.276380  -0.035024 0.039230 0.998616  0.440217 0.393867
0  -4.318717 -1.557230 -0.308616  -0.002858 -0.011251 0.999933  0.418478 0.393867
0  -4.432070 -1.785169 -0.310565  -0.005168 -0.030735 0.999514  0.418478 0.377371
no_material
0  -4.103213 -2.287413 -0.333027  -0.095041 -0.050597 0.994187  0.440217 0.354994
0  -3.589286 -2.544016 -0.211920  -0.208692 -0.315673 0.925634  0.451087 0.354994
0  -3.444794 -2.253456 -0.209439  -0.074033 0.007662 0.997226  0.451087 0.377371
no_material
0  0.590468 -4.213525 -0.341797  0.023068 -0.020006 0.999534  0.592391 0.385864
0  0.034416 -3.925813 -0.323208  0.023069 -0.020001 0.999534  0.570652 0.385864
0  -0.046581 -4.088687 -0.324597  0.023066 -0.020003 0.999534  0.570652 0.364989
no_material
0  -0.543424 -3.654183 -0.722158  -0.023070 0.020001 -0.999534  0.548913 0.864136
0  0.022714 -3.921619 -0.740578  -0.023071 0.020002 -0.999534  0.570652 0.864136
0  -0.061335 -4.090631 -0.742021  -0.023066 0.020012 -0.999534  0.570652 0.885011
no_material
0  0.564305 -4.238411 -0.759418  -0.023068 0.020008 -0.999534  0.592391 0.864136
0  1.138317 -4.490018 -0.777702  -0.023063 0.020016 -0.999534  0.614130 0.864136
0  1.057501 -4.652525 -0.779091  -0.023069 0.020008 -0.999534  0.614130 0.885011
no_material
0  1.566277 -4.779952 -0.793382  -0.023061 0.020013 -0.999534  0.621198 0.864136
0  1.854645 -4.921366 -0.802866  0.584802 -0.422336 -0.692560  0.760864 0.000000
0  1.785254 -5.041783 -0.803676  0.617270 -0.358033 -0.700564  0.625000 0.885011
no_material
0  0.034416 -3.925813 -0.323208  0.023069 -0.020001 0.999534  0.570652 0.385864
0  -0.524391 -3.643638 -0.304661  0.023067 -0.020013 0.999534  0.548913 0.385864
0  -0.606418 -3.808587 -0.306073  0.023065 -0.020012 0.999534  0.548913 0.364989
no_material
0  -5.512486 0.015966 -0.249573  0.057733 0.027976 0.997940  0.382663 0.450000
0  -5.060669 0.692060 -0.530907  0.484856 0.864710 -0.131115  0.382663 0.750000
0  -5.152539 0.717602 -0.528276  0.406231 0.897232 -0.173064  0.380640 0.750000
no_material
0  -0.362702 -3.307450 -0.468110  0.203010 0.549743 0.810290  0.548913 0.450000
0  -0.468843 -3.531933 -0.303708  0.147676 0.282481 0.947838  0.548913 0.400000
0  0.089265 -3.815516 -0.322267  0.116811 0.209111 0.970890  0.570652 0.400000
no_material
0  -2.788724 -2.615973 -0.231836  0.023065 -0.020013 0.999534  0.472826 0.377371
0  -1.958360 -3.012504 -0.258937  0.023068 -0.020004 0.999534  0.494565 0.377371
0  -1.893027 -2.881126 -0.257814  0.236060 0.429705 0.871567  0.494565 0.393867
no_material
0  -3.798899 -1.809627 -0.276380  -0.035024 0.039230 0.998616  0.440217 0.393867
0  -3.928032 -2.012368 -0.300417  -0.102895 -0.001144 0.994691  0.440217 0.377371
0  -3.444794 -2.253456 -0.209439  -0.074033 0.007662 0.997226  0.451087 0.377371
no_material
0  -5.184061 -1.019019 -0.562314  -0.023071 0.020007 -0.999534  0.396739 0.850000
0  -4.775743 -1.327658 -0.577916  -0.023072 0.020000 -0.999534  0.407609 0.856133
0  -5.281201 -1.214363 -0.563980  -0.023069 0.020006 -0.999534  0.396739 0.864136
no_material
0  1.150339 -4.493556 -0.360325  0.023069 -0.020010 0.999534  0.614130 0.385864
0  0.590468 -4.213525 -0.341797  0.023068 -0.020006 0.999534  0.592391 0.385864
0  0.512106 -4.371101 -0.343144  0.023064 -0.020017 0.999534  0.592391 0.364989
no_material
0  -1.158299 -3.484758 -0.704576  -0.023062 0.020015 -0.999534  0.527174 0.864136
0  -1.678800 -3.125552 -0.685373  -0.023072 0.020000 -0.999534  0.505435 0.864136
0  -1.629676 -3.026768 -0.684532  -0.023072 0.020001 -0.999534  0.505435 0.850000
no_material
0  -0.543424 -3.654183 -0.722158  -0.023070 0.020001 -0.999534  0.548913 0.864136
0  -1.158299 -3.484758 -0.704576  -0.023062 0.020015 -0.999534  0.527174 0.864136
0  -1.124975 -3.417747 -0.704005  -0.023071 0.020000 -0.999534  0.527174 0.850000
no_material
0  0.022714 -3.921619 -0.740578  -0.023071 0.020002 -0.999534  0.570652 0.864136
0  -0.543424 -3.654183 -0.722158  -0.023070 0.020001 -0.999534  0.548913 0.864136
0  -0.488694 -3.544133 -0.721221  -0.023071 0.020001 -0.999534  0.548913 0.850000
no_material
0  1.960216 -4.181019 -0.790484  0.578907 0.739354 -0.343834  0.621198 0.750000
0  1.629051 -4.704345 -0.793316  -0.023064 0.020009 -0.999534  0.621198 0.850000
0  1.193042 -4.379968 -0.776761  -0.023065 0.020012 -0.999534  0.614130 0.850000
no_material
0  1.057501 -4.652525 -0.779091  -0.023069 0.020008 -0.999534  0.614130 0.885011
0  1.473574 -4.891595 -0.793478  -0.023062 0.020014 -0.999534  0.621198 0.885011
0  1.407011 -4.971763 -0.793548  -0.023066 0.020009 -0.999534  0.621198 0.900000
no_material
0  1.423957 -4.965412 -0.376086  -0.191851 -0.541675 0.818402  0.621198 0.350000
0  1.645403 -5.069960 -0.383289  -0.141549 -0.675265 0.723866  0.625000 0.350000
0  1.737002 -4.979545 -0.383594  0.491793 -0.238571 0.837391  0.625000 0.364989
no_material
0  1.950959 -4.768351 -0.384304  0.804727 0.155922 0.572802  0.625000 0.400000
0  1.677836 -4.633966 -0.375310  0.251605 0.222113 0.941998  0.621198 0.400000
0  1.606056 -4.727676 -0.375530  0.023065 -0.020009 0.999534  0.621198 0.385864
no_material
0  1.525325 -3.711775 -0.771054  0.566321 0.768761 -0.297132  0.614130 0.750000
0  0.972287 -3.417998 -0.752411  0.334375 0.893819 -0.298800  0.592391 0.750000
0  0.857121 -3.666267 -0.503444  0.224785 0.501651 0.835355  0.592391 0.450000
no_material
0  -5.333002 -1.337400 -0.280810  -0.181352 0.114696 0.976707  0.396739 0.377371
0  -4.432070 -1.785169 -0.310565  -0.005168 -0.030735 0.999514  0.418478 0.377371
0  -4.318717 -1.557230 -0.308616  -0.002858 -0.011251 0.999933  0.418478 0.393867
no_material
0  -1.893027 -2.881126 -0.257814  0.236060 0.429705 0.871567  0.494565 0.393867
0  -1.333623 -3.162093 -0.276349  0.200324 0.419647 0.885306  0.516304 0.393867
0  -1.311561 -3.111781 -0.365464  0.269223 0.482783 0.833330  0.516304 0.400000
no_material
0  -4.833918 -0.333792 -0.272236  0.100123 0.125093 0.987080  0.396739 0.450000
0  -5.219650 -1.109461 -0.278861  0.023065 -0.020009 0.999534  0.396739 0.393867
0  -4.318717 -1.557230 -0.308616  -0.002858 -0.011251 0.999933  0.418478 0.393867
no_material
0  -5.913970 -0.420086 -0.533481  -0.102221 -0.446873 0.888738  0.382663 0.850000
0  -5.512486 0.015966 -0.249573  -0.102223 -0.446877 0.888736  0.382663 0.450000
0  -5.656434 0.095396 -0.244661  -0.102219 -0.446871 0.888739  0.380640 0.450000
no_material
0  -6.187673 -0.380064 -0.526362  -0.023063 0.020010 -0.999534  0.380640 0.850000
0  -5.152539 0.717602 -0.528276  0.406231 0.897232 -0.173064  0.380640 0.750000
0  -5.060669 0.692060 -0.530907  0.484856 0.864710 -0.131115  0.382663 0.750000
no_material
0  -6.445892 -1.489729 -0.542617  0.603708 0.764194 -0.227034  0.382663 0.900000
0  -6.817708 -2.841177 -0.561090  -0.212077 -0.522702 0.825716  0.382663 0.000000
0  -6.893534 -2.783372 -0.558185  -0.774970 -0.595878 -0.210597  0.380640 1.000000
no_material
0  -6.543241 -2.056788 -0.267282  0.002263 -0.129867 0.991529  0.382663 0.300000
0  -6.445892 -1.489729 -0.542617  0.603708 0.764194 -0.227034  0.382663 0.900000
0  -6.643031 -1.295742 -0.534183  0.080362 0.148371 -0.985661  0.380640 0.900000
no_material
0  -5.321173 -0.089605 -0.256101  -0.085876 0.068978 0.993915  0.385352 0.450000
0  -5.411248 -0.039902 -0.253030  -0.050288 -0.044352 0.997749  0.384086 0.450000
0  -5.701152 -0.527987 -0.540549  -0.585536 -0.767908 -0.259740  0.384086 0.850000
no_material
0  -6.351928 -2.162359 -0.273811  -0.119877 0.006010 0.992771  0.385352 0.300000
0  -5.990704 -1.599740 -0.555322  -0.385485 0.492965 -0.779991  0.385352 0.900000
0  -6.231376 -1.594219 -0.549658  0.153265 0.956743 -0.247292  0.384086 0.900000
no_material
0  -6.721127 -2.926441 -0.565026  -0.575965 -0.809878 -0.111184  0.385352 0.000000
0  -6.351928 -2.162359 -0.273811  -0.119877 0.006010 0.992771  0.385352 0.300000
0  -6.442004 -2.112656 -0.270736  -0.077712 -0.051321 0.995654  0.384086 0.300000
no_material
0  -5.060669 0.692060 -0.530907  0.484856 0.864710 -0.131115  0.382663 0.750000
0  -5.512486 0.015966 -0.249573  0.057733 0.027976 0.997940  0.382663 0.450000
0  -5.411248 -0.039902 -0.253030  -0.050288 -0.044352 0.997749  0.384086 0.450000
no_material
0  -8.478026 1.229222 0.602046  0.354539 0.056319 -0.933344  0.300000 0.153846
0  -7.489315 1.500910 0.773470  -0.003474 0.102395 -0.994738  0.200000 0.153846
0  -7.489315 1.357444 0.856492  0.001454 -0.809838 -0.586651  0.200000 1.000000
no_material
0  -5.913970 -0.420086 -0.533481  -0.139705 -0.205676 -0.968597  0.382663 0.850000
0  -5.060669 0.692060 -0.530907  0.484856 0.864710 -0.131115  0.382663 0.750000
0  -5.013239 0.639541 -0.533053  0.304735 0.928218 -0.213420  0.384086 0.750000
no_material
0  -6.445892 -1.489729 -0.542617  -0.023062 0.020010 -0.999534  0.382663 0.900000
0  -6.231376 -1.594219 -0.549658  -0.023062 0.020010 -0.999534  0.384086 0.900000
0  -6.747194 -2.847277 -0.562842  -0.062376 0.023402 -0.997778  0.384086 0.000000
no_material
0  4.277658 -0.340347 0.042557  0.000000 0.098640 0.995123  0.592391 0.350000
0  3.271152 -0.340347 0.042557  0.000000 0.098641 0.995123  0.570652 0.350000
0  3.271152 -0.412983 0.227974  0.000000 0.307662 0.951496  0.570652 0.300000
no_material
0  -6.747194 -2.847277 -0.562842  -0.379796 -0.549821 0.743943  0.384086 0.000000
0  -6.442004 -2.112656 -0.270736  -0.077712 -0.051321 0.995654  0.384086 0.300000
0  -6.543241 -2.056788 -0.267282  0.002263 -0.129867 0.991529  0.382663 0.300000
no_material
0  2.264642 -0.340347 0.042557  0.000000 0.098640 0.995123  0.548913 0.350000
0  1.258136 -0.340347 0.042557  0.000000 0.098641 0.995123  0.527174 0.350000
0  1.258136 -0.412983 0.227974  0.000000 0.643716 0.765264  0.527174 0.300000
no_material
0  0.251626 -0.158614 0.325481  0.000001 -0.414557 0.910023  0.505435 0.350000
0  1.258136 -0.158614 0.325481  -0.000000 -0.414553 0.910025  0.527174 0.350000
0  1.258136 -0.029632 0.306656  -0.000001 0.144419 0.989517  0.527174 0.364989
no_material
0  1.193042 -4.379968 -0.776761  -0.023065 0.020012 -0.999534  0.614130 0.850000
0  0.613741 -4.139007 -0.758569  -0.023067 0.020008 -0.999534  0.592391 0.850000
0  0.972287 -3.417998 -0.752411  0.334375 0.893819 -0.298800  0.592391 0.750000
no_material
0  -2.225160 -2.818348 -0.666618  -0.023067 0.020007 -0.999534  0.483696 0.864136
0  -3.277738 -2.293305 -0.631817  -0.023059 0.020019 -0.999534  0.461957 0.864136
0  -3.223772 -2.184783 -0.630887  -0.023060 0.020019 -0.999534  0.461957 0.850000
no_material
0  -6.351928 -2.162359 -0.273811  -0.119877 0.006010 0.992771  0.385352 0.300000
0  -6.721127 -2.926441 -0.565026  -0.575965 -0.809878 -0.111184  0.385352 1.000000
0  -6.262701 -3.188064 -0.580845  -0.420907 -0.892471 -0.162275  0.396739 0.000000
no_material
0  -6.442004 -2.112656 -0.270736  0.228049 0.390671 0.891835  0.384086 0.300000
0  -6.231376 -1.594219 -0.549658  0.228049 0.390671 0.891835  0.384086 0.900000
0  -6.445892 -1.489729 -0.542617  0.228049 0.390671 0.891835  0.382663 0.900000
no_material
0  -5.701152 -0.527987 -0.540549  -0.585536 -0.767908 -0.259740  0.384086 0.850000
0  -5.411248 -0.039902 -0.253030  -0.050288 -0.044352 0.997749  0.384086 0.450000
0  -5.512486 0.015966 -0.249573  0.057733 0.027976 0.997940  0.382663 0.450000
no_material
0  0.937987 -5.349909 -0.790291  -0.272134 -0.492593 -0.826617  0.621198 0.000000
0  0.755745 -5.259332 -0.784273  -0.228074 -0.399905 -0.887726  0.614130 1.000000
0  0.999472 -4.769215 -0.780086  -0.023070 0.020005 -0.999534  0.614130 0.900000
no_material
0  -3.774407 -1.121383 0.331369  0.067648 -0.011839 0.997639  0.418478 0.300000
0  -4.780913 -1.121383 0.331369  0.000437 0.025195 0.999682  0.396739 0.300000
0  -4.780913 -2.437882 0.236196  0.005498 -0.998796 0.048750  0.396739 1.000000
no_material
0  -2.842713 -0.946224 0.235506  0.039390 0.000404 0.999224  0.440217 0.300000
0  -3.774407 -1.121383 0.331369  0.067648 -0.011839 0.997639  0.418478 0.300000
0  -3.774407 -2.121615 0.190036  0.283845 -0.958861 0.004114  0.418478 1.000000
no_material
0  0.251626 -0.776823 -0.006243  0.000000 -0.589264 -0.807941  0.505435 0.000000
0  -0.754881 -0.776823 -0.006243  0.151027 -0.958767 -0.240741  0.483696 1.000000
0  -0.754881 -0.235170 -0.085299  -0.000000 -0.144418 -0.989517  0.483696 0.900000
no_material
0  1.258136 -0.340347 0.042557  0.000000 0.098641 0.995123  0.527174 0.350000
0  0.251626 -0.340347 0.042557  0.000000 0.098640 0.995123  0.505435 0.350000
0  0.251626 -0.412983 0.227974  0.000000 0.643716 0.765264  0.505435 0.300000
no_material
0  4.277658 -0.412983 0.227974  0.000000 0.307662 0.951496  0.592391 0.300000
0  3.271152 -0.412983 0.227974  0.000000 0.307662 0.951496  0.570652 0.300000
0  3.271152 -0.776823 -0.006243  0.000000 -0.977292 -0.211896  0.570652 1.000000
no_material
0  5.284168 0.195005 -0.148085  0.000001 -0.144427 -0.989515  0.614130 0.850000
0  6.144105 0.099590 -0.134156  0.000001 -0.144419 -0.989517  0.621198 0.850000
0  6.107853 0.004946 -0.120344  0.000001 -0.144420 -0.989517  0.621198 0.864136
no_material
0  5.284168 -0.412983 0.227974  0.000000 -0.073808 0.997272  0.614130 0.300000
0  4.277658 -0.412983 0.227974  0.000000 0.307662 0.951496  0.592391 0.300000
0  4.277658 -0.776823 -0.006243  0.000000 -0.977292 -0.211896  0.592391 1.000000
no_material
0  -4.780913 0.148806 -0.141340  0.000002 -0.144427 -0.989515  0.396739 0.864136
0  -3.774407 0.148806 -0.141340  0.000000 -0.144432 -0.989515  0.418478 0.864136
0  -3.774407 -0.169977 -0.094813  0.000000 -0.144423 -0.989516  0.418478 0.885011
no_material
0  5.787423 -0.776823 -0.006243  0.000000 -0.541281 0.840842  0.625000 0.000000
0  6.277224 -0.412983 0.227974  0.000000 -0.541281 0.840842  0.625000 0.300000
0  5.805545 -0.412983 0.227974  0.000000 -0.541281 0.840842  0.621198 0.300000
no_material
0  1.258136 -0.776823 -0.006243  0.000000 -0.589264 -0.807941  0.527174 0.000000
0  0.251626 -0.776823 -0.006243  0.000000 -0.589264 -0.807941  0.505435 1.000000
0  0.251626 -0.235170 -0.085299  -0.000001 -0.144427 -0.989515  0.505435 0.900000
no_material
0  -0.754881 -0.776823 -0.006243  0.151027 -0.958767 -0.240741  0.483696 0.000000
0  -1.836044 -1.629067 0.118145  0.268579 -0.944753 -0.187900  0.461957 1.000000
0  -2.084900 -0.229197 -0.086171  -0.000000 -0.144414 -0.989517  0.461957 0.900000
no_material
0  5.284168 -0.776823 -0.006243  0.000000 -0.977292 -0.211896  0.614130 0.000000
0  4.277658 -0.776823 -0.006243  0.000000 -0.977292 -0.211896  0.592391 1.000000
0  4.277658 -0.235170 -0.085299  0.000001 -0.144416 -0.989517  0.592391 0.900000
no_material
0  -6.698448 -0.281558 0.208791  0.482112 0.184236 0.856519  0.375000 0.354994
0  -6.140992 -0.322622 -0.072536  0.482110 0.184234 0.856521  0.379760 0.895007
0  -6.222672 0.000752 -0.119734  0.482107 0.184233 0.856523  0.379760 0.872629
no_material
0  -4.780913 0.060178 0.158915  -0.694124 0.186710 0.695221  0.396739 0.377371
0  -5.034012 0.000752 -0.119734  -0.694129 0.186704 0.695217  0.385870 0.872629
0  -5.115692 -0.322622 -0.072536  -0.694125 0.186708 0.695219  0.385870 0.895007
no_material
0  2.264642 -0.776823 -0.006243  0.000000 -0.977292 -0.211896  0.548913 0.000000
0  1.258136 -0.776823 -0.006243  0.000000 -0.589264 -0.807941  0.527174 1.000000
0  1.258136 -0.235170 -0.085299  0.000001 -0.144410 -0.989518  0.527174 0.900000
no_material
0  3.271152 -0.158614 0.325481  0.000000 -0.414554 0.910025  0.570652 0.350000
0  2.264642 -0.158614 0.325481  0.000000 -0.414558 0.910023  0.548913 0.350000
0  2.264642 -0.340347 0.042557  0.000000 0.098640 0.995123  0.548913 0.350000
no_material
0  -1.730956 -0.117276 0.319446  0.030128 -0.252663 0.967085  0.472826 0.354994
0  -0.251629 -0.114664 0.319068  -0.000000 0.144401 0.989519  0.494565 0.354994
0  -0.251629 0.082301 0.290320  -0.000001 0.144431 0.989515  0.494565 0.377371
no_material
0  -3.774407 -0.281558 0.208791  -0.002229 0.134153 0.990958  0.418478 0.354994
0  -2.835239 -0.240776 0.197972  -0.085390 0.075516 0.993482  0.440217 0.354994
0  -2.801757 0.084832 0.181906  -0.111551 0.104065 0.988295  0.440217 0.377371
no_material
0  2.264642 -0.158614 0.325481  0.000000 -0.414558 0.910023  0.548913 0.350000
0  1.258136 -0.158614 0.325481  -0.000000 -0.414553 0.910025  0.527174 0.350000
0  1.258136 -0.340347 0.042557  0.000000 0.098641 0.995123  0.527174 0.350000
no_material
0  -2.767897 1.446408 -0.330732  -0.228024 0.757610 -0.611582  0.440217 0.750000
0  -3.774407 2.087427 -0.424288  0.222087 0.926784 -0.302900  0.418478 0.750000
0  -3.774407 1.169314 -0.002967  0.036257 0.311223 0.949645  0.418478 0.450000
no_material
0  2.264642 1.043414 -0.271912  -0.046356 0.914948 -0.400901  0.548913 0.750000
0  1.258136 0.620663 -0.210211  0.311316 0.665426 -0.678447  0.527174 0.750000
0  1.258136 0.359989 0.081657  0.022899 0.654040 0.756113  0.527174 0.450000
no_material
0  -6.698448 0.312085 0.122149  -0.479784 -0.052768 -0.875799  0.231133 0.250000
0  -6.140992 0.271025 -0.159181  -0.479792 -0.052785 -0.875793  0.379760 0.856133
0  -6.222672 0.000752 -0.119734  -0.479794 -0.052790 -0.875792  0.379760 0.872629
no_material
0  -0.251629 0.833034 0.046114  0.092172 0.675333 0.731731  0.494565 0.500000
0  -0.251629 0.268540 0.172616  -0.006058 0.634671 0.772759  0.494565 0.400000
0  0.754881 0.265573 0.173048  0.009666 0.661353 0.750012  0.516304 0.400000
no_material
0  2.264642 0.655483 0.038529  -0.034182 0.655707 0.754241  0.548913 0.450000
0  1.258136 0.359989 0.081657  0.022899 0.654040 0.756113  0.527174 0.450000
0  1.258136 0.271646 0.262683  -0.047234 0.511692 0.857870  0.527174 0.400000
no_material
0  5.284168 0.655483 0.038529  0.019533 0.645193 0.763770  0.614130 0.450000
0  5.284168 0.256321 0.264921  0.006388 0.375041 0.926986  0.614130 0.400000
0  6.144105 0.246903 0.266295  0.069671 0.435963 0.897264  0.621198 0.400000
no_material
0  5.284168 1.043414 -0.271912  0.052382 0.915617 -0.398624  0.614130 0.750000
0  4.277658 0.691034 -0.220482  -0.102607 0.852206 -0.513046  0.592391 0.750000
0  4.277658 0.458487 0.067281  -0.035146 0.679867 0.732493  0.592391 0.450000
no_material
0  4.277658 0.691034 -0.220482  -0.102607 0.852206 -0.513046  0.592391 0.750000
0  3.271152 0.730701 -0.226269  0.126206 0.856002 -0.501330  0.570652 0.750000
0  3.271152 0.507738 0.060093  0.052961 0.683089 0.728412  0.570652 0.450000
no_material
0  5.284168 0.256321 0.264921  0.006388 0.375041 0.926986  0.614130 0.400000
0  4.277658 0.258509 0.264601  -0.006893 0.399253 0.916815  0.592391 0.400000
0  4.277658 0.140577 0.281813  -0.000000 0.144423 0.989516  0.592391 0.385864
no_material
0  -7.489315 1.309428 1.108307  -0.000002 -0.807403 0.590001  0.200000 0.846154
0  -6.500599 1.037735 0.936883  -0.222261 -0.752925 0.619438  0.100000 0.846154
0  -6.403880 1.174504 0.938238  0.353884 -0.020833 0.935057  0.100000 0.692308
no_material
0  -0.251629 0.227492 0.269127  -0.003493 0.615450 0.788168  0.494565 0.393867
0  0.754881 0.224892 0.269509  -0.021435 0.600653 0.799223  0.516304 0.393867
0  0.754881 0.265573 0.173048  0.009666 0.661353 0.750012  0.516304 0.400000
no_material
0  -2.084900 0.075074 -0.130580  -0.000001 -0.144431 -0.989515  0.461957 0.864136
0  -2.767897 0.148806 -0.141340  0.000000 -0.144428 -0.989515  0.440217 0.864136
0  -2.767897 0.364689 -0.172851  0.000000 -0.144426 -0.989516  0.440217 0.850000
no_material
0  4.277658 0.043537 -0.125977  -0.000001 -0.144430 -0.989515  0.592391 0.864136
0  5.284168 0.073385 -0.130333  -0.000000 -0.144429 -0.989515  0.614130 0.864136
0  5.284168 -0.106211 -0.104120  -0.000000 -0.144420 -0.989516  0.614130 0.885011
no_material
0  2.264642 0.195005 -0.148085  0.000001 -0.144427 -0.989515  0.548913 0.850000
0  1.258136 0.026776 -0.123531  -0.000001 -0.144435 -0.989514  0.527174 0.850000
0  1.258136 0.620663 -0.210211  0.311316 0.665426 -0.678447  0.527174 0.750000
no_material
0  4.277658 0.153398 -0.142012  -0.000001 -0.144425 -0.989516  0.592391 0.850000
0  3.271152 0.212229 -0.150596  -0.000000 -0.144424 -0.989516  0.570652 0.850000
0  3.271152 0.730701 -0.226269  0.126206 0.856002 -0.501330  0.570652 0.750000
no_material
0  -2.084900 0.195005 -0.148085  0.000000 -0.144426 -0.989516  0.461957 0.850000
0  -2.767897 0.364689 -0.172851  0.000000 -0.144426 -0.989516  0.440217 0.850000
0  -2.767897 1.446408 -0.330732  -0.228024 0.757610 -0.611582  0.440217 0.750000
no_material
0  -0.754881 0.195005 -0.148085  0.000000 -0.144426 -0.989515  0.483696 0.850000
0  -2.084900 0.195005 -0.148085  0.000000 -0.144426 -0.989516  0.461957 0.850000
0  -1.811162 1.594879 -0.352400  0.347366 0.795850 -0.495943  0.461957 0.750000
no_material
0  0.251626 0.150955 -0.141653  0.000002 -0.144412 -0.989518  0.505435 0.850000
0  -0.754881 0.195005 -0.148085  0.000000 -0.144426 -0.989515  0.483696 0.850000
0  -0.754881 1.043414 -0.271912  0.189724 0.736142 -0.649692  0.483696 0.750000
no_material
0  3.271152 0.212229 -0.150596  -0.000000 -0.144424 -0.989516  0.570652 0.850000
0  2.264642 0.195005 -0.148085  0.000001 -0.144427 -0.989515  0.548913 0.850000
0  2.264642 1.043414 -0.271912  -0.046356 0.914948 -0.400901  0.548913 0.750000
no_material
0  0.251626 0.041785 -0.125722  0.000002 -0.144410 -0.989518  0.505435 0.864136
0  -0.754881 0.073385 -0.130333  -0.000001 -0.144429 -0.989515  0.483696 0.864136
0  -0.754881 0.195005 -0.148085  0.000000 -0.144426 -0.989515  0.483696 0.850000
no_material
0  6.857486 0.409240 0.074469  0.043080 0.682053 0.730032  0.825000 0.250000
0  6.857486 0.646343 -0.213957  0.637897 0.655229 -0.404676  0.625000 0.750000
0  6.246203 0.646343 -0.213957  0.154101 0.846218 -0.510066  0.621198 0.750000
no_material
0  -6.698448 0.364689 -0.172851  -0.709073 -0.705107 -0.006252  0.225000 0.000000
0  -6.167016 1.206878 -0.008450  -0.693260 0.607794 0.387269  0.175000 0.250000
0  -5.787423 1.891820 -0.395740  -0.433666 0.846080 -0.309972  0.375000 0.750000
no_material
0  -4.277662 1.128254 -0.284294  -0.000000 -0.144421 -0.989516  0.407609 0.800000
0  -3.271152 1.128254 -0.284294  -0.000002 -0.144422 -0.989516  0.429348 0.800000
0  -3.271152 0.271025 -0.159181  0.000000 -0.144431 -0.989515  0.429348 0.856133
no_material
0  4.277658 0.043537 -0.125977  -0.000001 -0.144430 -0.989515  0.592391 0.864136
0  3.271152 0.085739 -0.132135  0.000001 -0.144416 -0.989517  0.570652 0.864136
0  3.271152 0.212229 -0.150596  -0.000000 -0.144424 -0.989516  0.570652 0.850000
no_material
0  0.251626 0.041785 -0.125722  0.000002 -0.144410 -0.989518  0.505435 0.864136
0  1.258136 -0.047283 -0.112720  -0.000000 -0.144434 -0.989514  0.527174 0.864136
0  1.258136 -0.156642 -0.096758  0.000001 -0.144411 -0.989518  0.527174 0.885011
no_material
0  1.258136 0.026776 -0.123531  -0.000001 -0.144435 -0.989514  0.527174 0.850000
0  0.251626 0.150955 -0.141653  0.000002 -0.144412 -0.989518  0.505435 0.850000
0  0.251626 0.791974 -0.235213  -0.057836 0.415525 -0.907741  0.505435 0.750000
no_material
0  6.246203 0.409240 0.074469  0.163089 0.645288 0.746328  0.621198 0.450000
0  6.246203 0.646343 -0.213957  0.154101 0.846218 -0.510066  0.621198 0.750000
0  5.284168 1.043414 -0.271912  0.052382 0.915617 -0.398624  0.614130 0.750000
no_material
0  5.284168 0.073385 -0.130333  -0.000000 -0.144429 -0.989515  0.614130 0.864136
0  4.277658 0.043537 -0.125977  -0.000001 -0.144430 -0.989515  0.592391 0.864136
0  4.277658 0.153398 -0.142012  -0.000001 -0.144425 -0.989516  0.592391 0.850000
no_material
0  5.284168 0.195005 -0.148085  0.000001 -0.144427 -0.989515  0.614130 0.850000
0  5.284168 1.043414 -0.271912  0.052382 0.915617 -0.398624  0.614130 0.750000
0  6.246203 0.646343 -0.213957  0.154101 0.846218 -0.510066  0.621198 0.750000
no_material
0  -4.780913 -0.169977 -0.094813  0.000003 -0.144423 -0.989516  0.396739 0.885011
0  -3.774407 -0.169977 -0.094813  0.000000 -0.144423 -0.989516  0.418478 0.885011
0  -3.774407 -0.398877 -0.061405  -0.000000 -0.144424 -0.989516  0.418478 0.900000
no_material
0  -6.698448 0.060178 0.158915  -0.482111 -0.184200 -0.856528  0.247629 0.250000
0  -6.222672 0.000752 -0.119734  -0.482113 -0.184199 -0.856527  0.379760 0.872629
0  -6.140992 -0.322622 -0.072536  -0.482120 -0.184214 -0.856520  0.379760 0.895007
no_material
0  -0.754881 0.073385 -0.130333  -0.000001 -0.144429 -0.989515  0.483696 0.864136
0  0.251626 0.041785 -0.125722  0.000002 -0.144410 -0.989518  0.505435 0.864136
0  0.251626 -0.119418 -0.102194  -0.000000 -0.144426 -0.989516  0.505435 0.885011
no_material
0  1.258136 -0.235170 -0.085299  0.000001 -0.144410 -0.989518  0.527174 0.900000
0  0.251626 -0.235170 -0.085299  -0.000001 -0.144427 -0.989515  0.505435 0.900000
0  0.251626 -0.119418 -0.102194  -0.000000 -0.144426 -0.989516  0.505435 0.885011
no_material
0  2.264642 -0.235170 -0.085299  -0.000000 -0.144418 -0.989517  0.548913 0.900000
0  1.258136 -0.235170 -0.085299  0.000001 -0.144410 -0.989518  0.527174 0.900000
0  1.258136 -0.156642 -0.096758  0.000001 -0.144411 -0.989518  0.527174 0.885011
no_material
0  2.264642 -0.106211 -0.104120  -0.000001 -0.144420 -0.989516  0.548913 0.885011
0  3.271152 -0.101048 -0.104876  0.000000 -0.144419 -0.989516  0.570652 0.885011
0  3.271152 -0.235170 -0.085299  -0.000001 -0.144428 -0.989515  0.570652 0.900000
no_material
0  6.015891 -0.235170 -0.085299  -0.000000 -0.144419 -0.989517  0.621198 0.900000
0  5.284168 -0.235170 -0.085299  -0.000000 -0.144418 -0.989517  0.614130 0.900000
0  5.284168 -0.106211 -0.104120  -0.000000 -0.144420 -0.989516  0.614130 0.885011
no_material
0  -3.774407 -0.169977 -0.094813  0.000000 -0.144423 -0.989516  0.418478 0.885011
0  -2.767897 -0.169977 -0.094813  0.000000 -0.144422 -0.989516  0.440217 0.885011
0  -2.767897 -0.398877 -0.061405  -0.000001 -0.144424 -0.989516  0.440217 0.900000
no_material
0  -2.767897 -0.169977 -0.094813  0.000000 -0.144422 -0.989516  0.440217 0.885011
0  -2.084900 -0.102028 -0.104729  -0.000000 -0.144419 -0.989517  0.461957 0.885011
0  -2.084900 -0.229197 -0.086171  -0.000000 -0.144414 -0.989517  0.461957 0.900000
no_material
0  -2.084900 -0.102028 -0.104729  -0.000000 -0.144419 -0.989517  0.461957 0.885011
0  -0.754881 -0.106211 -0.104120  -0.000001 -0.144420 -0.989516  0.483696 0.885011
0  -0.754881 -0.235170 -0.085299  -0.000000 -0.144418 -0.989517  0.483696 0.900000
no_material
0  0.251626 -0.235170 -0.085299  -0.000001 -0.144427 -0.989515  0.505435 0.900000
0  -0.754881 -0.235170 -0.085299  -0.000000 -0.144418 -0.989517  0.483696 0.900000
0  -0.754881 -0.106211 -0.104120  -0.000001 -0.144420 -0.989516  0.483696 0.885011
no_material
0  3.271152 -0.101048 -0.104876  0.000000 -0.144419 -0.989516  0.570652 0.885011
0  4.277658 -0.118685 -0.102298  0.000000 -0.144419 -0.989517  0.592391 0.885011
0  4.277658 -0.235170 -0.085299  0.000001 -0.144416 -0.989517  0.592391 0.900000
no_material
0  -2.264645 -0.220840 0.334563  -0.059720 -0.236713 0.969742  0.451087 0.354994
0  -1.730956 -0.117276 0.319446  0.030128 -0.252663 0.967085  0.472826 0.354994
0  -1.730956 0.067975 0.292411  0.000001 0.144418 0.989517  0.472826 0.377371
no_material
0  5.284168 -0.235170 -0.085299  -0.000000 -0.144418 -0.989517  0.614130 0.900000
0  4.277658 -0.235170 -0.085299  0.000001 -0.144416 -0.989517  0.592391 0.900000
0  4.277658 -0.118685 -0.102298  0.000000 -0.144419 -0.989517  0.592391 0.885011
no_material
0  -4.780913 -1.121383 0.331369  0.000437 0.025195 0.999682  0.396739 0.300000
0  -5.326165 -1.119596 0.331106  -0.129323 0.145253 0.980906  0.385352 0.300000
0  -5.308108 -2.269430 0.211608  -0.201137 -0.978882 0.036520  0.385352 1.000000
no_material
0  -2.084900 -0.519884 0.243577  -0.028911 0.311196 0.949906  0.461957 0.300000
0  -2.842713 -0.946224 0.235506  0.039390 0.000404 0.999224  0.440217 0.300000
0  -2.767897 -1.480596 0.096476  0.282347 -0.956001 -0.079644  0.440217 1.000000
no_material
0  -2.084900 -0.519884 0.243577  -0.028911 0.311196 0.949906  0.461957 0.300000
0  -1.836044 -1.629067 0.118145  0.268579 -0.944753 -0.187900  0.461957 1.000000
0  -0.754881 -0.776823 -0.006243  0.151027 -0.958767 -0.240741  0.483696 0.000000
no_material
0  -0.754881 -0.412983 0.227974  0.036260 0.359667 0.932376  0.483696 0.300000
0  -0.754881 -0.776823 -0.006243  0.151027 -0.958767 -0.240741  0.483696 1.000000
0  0.251626 -0.776823 -0.006243  0.000000 -0.589264 -0.807941  0.505435 0.000000
no_material
0  3.271152 -0.776823 -0.006243  0.000000 -0.977292 -0.211896  0.570652 0.000000
0  2.264642 -0.776823 -0.006243  0.000000 -0.977292 -0.211896  0.548913 1.000000
0  2.264642 -0.235170 -0.085299  -0.000000 -0.144418 -0.989517  0.548913 0.900000
no_material
0  1.258136 -0.412983 0.227974  0.000000 -0.541281 0.840842  0.527174 0.300000
0  0.251626 -0.412983 0.227974  0.000000 -0.541281 0.840842  0.505435 0.300000
0  0.251626 -0.776823 -0.006243  0.000000 -0.541281 0.840842  0.505435 1.000000
no_material
0  4.277658 -0.776823 -0.006243  0.000000 -0.977292 -0.211896  0.592391 0.000000
0  3.271152 -0.776823 -0.006243  0.000000 -0.977292 -0.211896  0.570652 1.000000
0  3.271152 -0.235170 -0.085299  -0.000001 -0.144428 -0.989515  0.570652 0.900000
no_material
0  2.264642 -0.412983 0.227974  0.000000 0.307662 0.951496  0.548913 0.300000
0  1.258136 -0.412983 0.227974  0.000000 0.643716 0.765264  0.527174 0.300000
0  1.258136 -0.776823 -0.006243  0.000000 -0.589264 -0.807941  0.527174 1.000000
no_material
0  2.264642 -0.412983 0.227974  0.000000 0.307662 0.951496  0.548913 0.300000
0  2.264642 -0.776823 -0.006243  0.000000 -0.977292 -0.211896  0.548913 1.000000
0  3.271152 -0.776823 -0.006243  0.000000 -0.977292 -0.211896  0.570652 0.000000
no_material
0  -4.780913 -0.281558 0.208791  -0.000000 0.144424 0.989516  0.396739 0.354994
0  -3.774407 -0.281558 0.208791  -0.002229 0.134153 0.990958  0.418478 0.354994
0  -3.774407 0.060178 0.158915  -0.011754 0.121967 0.992465  0.418478 0.377371
no_material
0  0.251626 -0.158614 0.325481  0.000001 -0.414557 0.910023  0.505435 0.350000
0  0.251626 -0.340347 0.042557  0.000000 0.098640 0.995123  0.505435 0.350000
0  1.258136 -0.340347 0.042557  0.000000 0.098641 0.995123  0.527174 0.350000
no_material
0  6.857486 0.646343 -0.213957  0.637897 0.655229 -0.404676  0.875000 0.000000
0  6.633521 0.099590 -0.134156  0.784655 -0.137330 -0.604530  0.625000 0.850000
0  6.144105 0.099590 -0.134156  0.000001 -0.144419 -0.989517  0.621198 0.850000
no_material
0  -5.462857 0.572075 -0.203119  0.000001 -0.144423 -0.989516  0.384086 0.850000
0  -5.366727 2.193244 -0.439732  -0.227156 0.935297 -0.271329  0.384086 0.750000
0  -5.308108 2.235241 -0.445863  -0.180870 0.952565 -0.244756  0.385352 0.750000
no_material
0  5.611381 -0.776823 -0.006243  -0.000000 -0.730319 -0.683106  0.621198 1.000000
0  6.015891 -0.235170 -0.085299  -0.000000 -0.144419 -0.989517  0.621198 0.900000
0  6.600733 -0.229197 -0.086171  0.839282 -0.311409 -0.445680  0.725000 0.000000
no_material
0  -6.500599 1.037735 0.936883  -0.222261 -0.752925 0.619438  0.100000 0.846154
0  -5.889544 0.326442 0.488084  -0.373583 -0.617489 0.692202  1.000000 0.846154
0  -5.733048 0.393626 0.445531  0.585349 -0.229365 0.777662  0.000000 0.692308
no_material
0  2.264642 0.655483 0.038529  -0.034182 0.655707 0.754241  0.548913 0.450000
0  2.264642 0.278024 0.261754  -0.012277 0.392549 0.919649  0.548913 0.400000
0  3.271152 0.272530 0.262556  0.013564 0.399080 0.916816  0.570652 0.400000
no_material
0  4.277658 -0.158614 0.325481  -0.000000 -0.414553 0.910025  0.592391 0.350000
0  3.271152 -0.158614 0.325481  0.000000 -0.414554 0.910025  0.570652 0.350000
0  3.271152 -0.340347 0.042557  0.000000 0.098641 0.995123  0.570652 0.350000
no_material
0  -4.780913 0.364689 -0.172851  -0.000000 -0.144425 -0.989516  0.396739 0.850000
0  -4.277662 0.271025 -0.159181  -0.000000 -0.144431 -0.989515  0.407609 0.856133
0  -4.780913 0.148806 -0.141340  0.000002 -0.144427 -0.989515  0.396739 0.864136
no_material
0  -3.774407 -0.281558 0.208791  -0.002229 0.134153 0.990958  0.418478 0.354994
0  -4.780913 -0.281558 0.208791  -0.000000 0.144424 0.989516  0.396739 0.354994
0  -4.780913 -1.121383 0.331369  0.000437 0.025195 0.999682  0.396739 0.300000
no_material
0  6.600733 -0.229197 -0.086171  0.839282 -0.311409 -0.445680  0.625000 0.900000
0  6.015891 -0.235170 -0.085299  -0.000000 -0.144419 -0.989517  0.621198 0.900000
0  6.054327 -0.134816 -0.099945  0.000000 -0.144418 -0.989517  0.621198 0.885011
no_material
0  4.277658 0.140577 0.281813  -0.000000 0.144423 0.989516  0.592391 0.385864
0  3.271152 0.150635 0.280347  0.000001 0.144420 0.989516  0.570652 0.385864
0  3.271152 -0.029365 0.306618  0.000001 0.144417 0.989517  0.570652 0.364989
no_material
0  5.284168 -0.412983 0.227974  0.000000 0.931104 0.364753  0.614130 0.300000
0  5.805545 -0.412983 0.227974  0.000000 0.931104 0.364753  0.621198 0.300000
0  6.015891 -0.340347 0.042557  0.000000 0.931104 0.364753  0.621198 0.350000
no_material
0  5.284168 -0.158614 0.325481  -0.000000 -0.414556 0.910024  0.614130 0.350000
0  6.015891 -0.158614 0.325481  0.030969 -0.430787 0.901922  0.621198 0.350000
0  6.054327 -0.037047 0.307740  -0.000000 0.144421 0.989516  0.621198 0.364989
no_material
0  -5.432608 -2.180230 0.198590  -0.101839 -0.212731 0.971789  0.382663 0.000000
0  -5.544571 -1.110305 0.329752  -0.079367 -0.132064 0.988059  0.382663 0.300000
0  -5.708903 -1.103314 0.328730  -0.208856 -0.099199 0.972902  0.380640 0.300000
no_material
0  6.476694 -0.033266 0.307189  0.426479 0.126651 0.895587  0.625000 0.364989
0  6.054327 -0.037047 0.307740  -0.000000 0.144421 0.989516  0.621198 0.364989
0  6.015891 -0.158614 0.325481  0.030969 -0.430787 0.901922  0.621198 0.350000
no_material
0  -4.277662 1.128254 -0.284294  -0.000000 -0.144421 -0.989516  0.407609 0.800000
0  -4.780913 0.364689 -0.172851  -0.000000 -0.144425 -0.989516  0.396739 0.850000
0  -5.284168 1.128254 -0.284294  0.988361 0.150843 0.019697  0.385870 0.800000
no_material
0  -6.084067 -0.395995 0.225493  0.022908 -0.049687 0.998502  0.379760 0.350000
0  -5.787423 -1.926012 0.161485  -0.802035 -0.578642 -0.148033  0.375000 1.000000
0  -5.526283 -2.113115 0.188794  -0.488518 -0.869786 -0.069442  0.380640 0.000000
no_material
0  6.409552 -0.337245 0.042105  -0.003138 0.929586 0.368591  0.625000 0.350000
0  6.015891 -0.340347 0.042557  -0.003139 0.929586 0.368591  0.621198 0.350000
0  5.805545 -0.412983 0.227974  -0.003138 0.929586 0.368591  0.621198 0.300000
no_material
0  -4.780913 0.312085 0.122149  -0.689523 -0.002147 0.724260  0.396739 0.393867
0  -5.115692 0.271025 -0.159181  -0.689519 -0.002142 0.724264  0.385870 0.856133
0  -5.034012 0.000752 -0.119734  -0.689524 -0.002149 0.724259  0.385870 0.872629
no_material
0  -0.754881 -0.340347 0.042557  -0.024565 0.045407 0.998667  0.483696 0.350000
0  -2.084900 -0.337245 0.042105  0.061282 -0.263260 0.962777  0.461957 0.350000
0  -2.084900 -0.519884 0.243577  -0.028911 0.311196 0.949906  0.461957 0.300000
no_material
0  0.251626 -0.340347 0.042557  0.000000 0.098640 0.995123  0.505435 0.350000
0  -0.754881 -0.340347 0.042557  -0.024565 0.045407 0.998667  0.483696 0.350000
0  -0.754881 -0.412983 0.227974  0.036260 0.359667 0.932376  0.483696 0.300000
no_material
0  0.251626 -0.158614 0.325481  0.000001 -0.414557 0.910023  0.505435 0.350000
0  -0.754881 -0.158614 0.325481  -0.007352 -0.417971 0.908431  0.483696 0.350000
0  -0.754881 -0.340347 0.042557  -0.024565 0.045407 0.998667  0.483696 0.350000
no_material
0  5.284168 -0.340347 0.042557  0.000000 -0.461310 0.887239  0.614130 0.350000
0  4.277658 -0.340347 0.042557  0.000000 0.098640 0.995123  0.592391 0.350000
0  4.277658 -0.412983 0.227974  0.000000 0.307662 0.951496  0.592391 0.300000
no_material
0  -3.774407 2.087427 -0.424288  0.222087 0.926784 -0.302900  0.418478 0.750000
0  -4.780913 2.403694 -0.470448  0.007994 0.970561 -0.240723  0.396739 0.750000
0  -4.780913 1.169314 -0.002967  0.000683 0.261455 0.965215  0.396739 0.450000
no_material
0  1.258136 -0.158614 0.325481  -0.000000 -0.414553 0.910025  0.527174 0.350000
0  2.264642 -0.158614 0.325481  0.000000 -0.414558 0.910023  0.548913 0.350000
0  2.264642 -0.027718 0.306378  -0.000000 0.144416 0.989517  0.548913 0.364989
no_material
0  3.271152 -0.340347 0.042557  0.000000 0.098641 0.995123  0.570652 0.350000
0  2.264642 -0.340347 0.042557  0.000000 0.098640 0.995123  0.548913 0.350000
0  2.264642 -0.412983 0.227974  0.000000 0.307662 0.951496  0.548913 0.300000
no_material
0  -5.308108 2.235241 -0.445863  -0.180870 0.952565 -0.244756  0.385352 0.750000
0  -5.366727 2.193244 -0.439732  -0.227156 0.935297 -0.271329  0.384086 0.750000
0  -5.428996 1.175476 -0.003866  -0.061285 0.396726 0.915889  0.384086 0.450000
no_material
0  3.271152 -0.158614 0.325481  0.000000 -0.414554 0.910025  0.570652 0.350000
0  4.277658 -0.158614 0.325481  -0.000000 -0.414553 0.910025  0.592391 0.350000
0  4.277658 -0.033571 0.307231  -0.000001 0.144423 0.989516  0.592391 0.364989
no_material
0  5.611381 -0.776823 -0.006243  -0.000000 -0.730319 -0.683106  0.621198 0.000000
0  5.805545 -0.412983 0.227974  0.000000 -0.541280 0.840842  0.621198 0.300000
0  5.284168 -0.412983 0.227974  0.000000 -0.073808 0.997272  0.614130 0.300000
no_material
0  4.277658 -0.158614 0.325481  -0.000000 -0.414553 0.910025  0.592391 0.350000
0  5.284168 -0.158614 0.325481  -0.000000 -0.414556 0.910024  0.614130 0.350000
0  5.284168 -0.034227 0.307328  -0.000000 0.144416 0.989517  0.614130 0.364989
no_material
0  6.144105 0.246903 0.266295  0.069671 0.435963 0.897264  0.621198 0.400000
0  5.284168 0.256321 0.264921  0.006388 0.375041 0.926986  0.614130 0.400000
0  5.284168 0.139006 0.282044  0.000000 0.144424 0.989516  0.614130 0.385864
no_material
0  -2.264645 -0.220840 0.334563  -0.059720 -0.236713 0.969742  0.451087 0.354994
0  -2.264645 -0.300645 0.289186  0.110642 -0.840567 0.530288  0.451087 0.350000
0  -1.730956 -0.166763 0.269648  0.032632 -0.615936 0.787120  0.472826 0.350000
no_material
0  -1.656299 1.160463 -0.001675  0.309309 0.366744 0.877398  0.472826 0.500000
0  -2.239759 1.636880 -0.071212  -0.061837 0.859641 0.507142  0.451087 0.500000
0  -2.264645 0.412053 0.151669  0.021383 0.518980 0.854519  0.451087 0.400000
no_material
0  -1.656299 1.160463 -0.001675  0.309309 0.366744 0.877398  0.472826 0.500000
0  -1.730956 0.242370 0.176435  0.072505 0.635031 0.769076  0.472826 0.400000
0  -0.251629 0.268540 0.172616  -0.006058 0.634671 0.772759  0.494565 0.400000
no_material
0  -6.698448 0.060178 0.158915  0.479785 0.052779 0.875797  0.375000 0.377371
0  -6.222672 0.000752 -0.119734  0.479787 0.052779 0.875796  0.379760 0.872629
0  -6.140992 0.271025 -0.159181  0.479789 0.052780 0.875795  0.379760 0.856133
no_material
0  0.754881 0.224892 0.269509  -0.021435 0.600653 0.799223  0.516304 0.393867
0  1.258136 0.149998 0.280439  0.000000 0.144425 0.989516  0.527174 0.385864
0  1.761390 0.224324 0.269590  -0.000001 0.144425 0.989516  0.538043 0.393867
no_material
0  3.271152 0.730701 -0.226269  0.126206 0.856002 -0.501330  0.570652 0.750000
0  2.264642 1.043414 -0.271912  -0.046356 0.914948 -0.400901  0.548913 0.750000
0  2.264642 0.655483 0.038529  -0.034182 0.655707 0.754241  0.548913 0.450000
no_material
0  2.264642 0.154574 0.279772  -0.000001 0.144426 0.989516  0.548913 0.385864
0  1.258136 0.149998 0.280439  0.000000 0.144425 0.989516  0.527174 0.385864
0  1.258136 -0.029632 0.306656  -0.000001 0.144419 0.989517  0.527174 0.364989
no_material
0  5.284168 -0.158614 0.325481  -0.000000 -0.414556 0.910024  0.614130 0.350000
0  4.277658 -0.158614 0.325481  -0.000000 -0.414553 0.910025  0.592391 0.350000
0  4.277658 -0.340347 0.042557  0.000000 0.098640 0.995123  0.592391 0.350000
no_material
0  4.277658 0.258509 0.264601  -0.006893 0.399253 0.916815  0.592391 0.400000
0  3.271152 0.272530 0.262556  0.013564 0.399080 0.916816  0.570652 0.400000
0  3.271152 0.150635 0.280347  0.000001 0.144420 0.989516  0.570652 0.385864
no_material
0  6.015891 -0.158614 0.325481  0.030969 -0.430787 0.901922  0.621198 0.350000
0  5.284168 -0.158614 0.325481  -0.000000 -0.414556 0.910024  0.614130 0.350000
0  5.284168 -0.340347 0.042557  0.000000 -0.461310 0.887239  0.614130 0.350000
no_material
0  3.271152 -0.029365 0.306618  0.000001 0.144417 0.989517  0.570652 0.364989
0  2.264642 -0.027718 0.306378  -0.000000 0.144416 0.989517  0.548913 0.364989
0  2.264642 -0.158614 0.325481  0.000000 -0.414558 0.910023  0.548913 0.350000
no_material
0  3.271152 0.272530 0.262556  0.013564 0.399080 0.916816  0.570652 0.400000
0  2.264642 0.278024 0.261754  -0.012277 0.392549 0.919649  0.548913 0.400000
0  2.264642 0.154574 0.279772  -0.000001 0.144426 0.989516  0.548913 0.385864
no_material
0  -2.767897 1.169314 -0.002967  -0.054752 0.365154 0.929336  0.440217 0.450000
0  -3.774407 1.169314 -0.002967  0.036257 0.311223 0.949645  0.418478 0.450000
0  -3.774407 0.312085 0.122149  -0.015606 0.140415 0.989970  0.418478 0.393867
no_material
0  -2.264645 0.336978 0.253150  -0.011893 0.549542 0.835382  0.451087 0.393867
0  -1.730956 0.204535 0.272480  0.052447 0.560999 0.826153  0.472826 0.393867
0  -1.730956 0.242370 0.176435  0.072505 0.635031 0.769076  0.472826 0.400000
no_material
0  -5.708903 1.187386 -0.005606  -0.055521 0.373426 0.925997  0.380640 0.450000
0  -5.526283 2.078923 -0.423049  -0.226346 0.928176 -0.295393  0.380640 0.750000
0  -5.787423 1.891820 -0.395740  -0.433666 0.846080 -0.309972  0.125000 0.000000
no_material
0  -3.774407 0.148806 -0.141340  0.000000 -0.144432 -0.989515  0.418478 0.864136
0  -2.767897 0.148806 -0.141340  0.000000 -0.144428 -0.989515  0.440217 0.864136
0  -2.767897 -0.169977 -0.094813  0.000000 -0.144422 -0.989516  0.440217 0.885011
no_material
0  -5.326165 1.171100 -0.003229  -0.139117 -0.284740 0.948457  0.385352 0.450000
0  -5.428996 1.175476 -0.003866  -0.139116 -0.284737 0.948457  0.384086 0.450000
0  -5.462857 0.572075 -0.203119  -0.139119 -0.284751 0.948453  0.384086 0.850000
no_material
0  -5.462857 -0.606267 -0.031136  -0.280109 0.869976 -0.405809  0.384086 0.900000
0  -5.428996 -1.115221 0.330470  -0.099125 0.120403 0.987764  0.384086 0.300000
0  -5.326165 -1.119596 0.331106  -0.129323 0.145253 0.980906  0.385352 0.300000
no_material
0  -5.701564 0.573962 -0.203393  -0.008631 -0.311302 0.950272  0.382663 0.850000
0  -5.462857 0.572075 -0.203119  -0.008631 -0.311302 0.950272  0.384086 0.850000
0  -5.428996 1.175476 -0.003866  -0.008631 -0.311302 0.950272  0.384086 0.450000
no_material
0  -5.432608 2.146042 -0.432845  -0.226914 0.932976 -0.279401  0.382663 0.750000
0  -5.544571 1.180395 -0.004584  -0.065427 0.413219 0.908278  0.382663 0.450000
0  -5.428996 1.175476 -0.003866  -0.061285 0.396726 0.915889  0.384086 0.450000
no_material
0  -5.701564 0.573962 -0.203393  0.000001 -0.144424 -0.989516  0.382663 0.850000
0  -5.432608 2.146042 -0.432845  -0.226914 0.932976 -0.279401  0.382663 0.750000
0  -5.366727 2.193244 -0.439732  -0.227156 0.935297 -0.271329  0.384086 0.750000
no_material
0  -5.366727 -2.227432 0.205481  -0.204597 -0.599532 0.773758  0.384086 0.000000
0  -5.428996 -1.115221 0.330470  -0.099125 0.120403 0.987764  0.384086 0.300000
0  -5.544571 -1.110305 0.329752  -0.079367 -0.132064 0.988059  0.382663 0.300000
no_material
0  -2.767897 0.148806 -0.141340  0.000000 -0.144428 -0.989515  0.440217 0.864136
0  -2.084900 0.075074 -0.130580  -0.000001 -0.144431 -0.989515  0.461957 0.864136
0  -2.084900 -0.102028 -0.104729  -0.000000 -0.144419 -0.989517  0.461957 0.885011
no_material
0  1.258136 -0.047283 -0.112720  -0.000000 -0.144434 -0.989514  0.527174 0.864136
0  2.264642 0.073385 -0.130333  -0.000000 -0.144428 -0.989515  0.548913 0.864136
0  2.264642 -0.106211 -0.104120  -0.000001 -0.144420 -0.989516  0.548913 0.885011
no_material
0  3.271152 0.085739 -0.132135  0.000001 -0.144416 -0.989517  0.570652 0.864136
0  4.277658 0.043537 -0.125977  -0.000001 -0.144430 -0.989515  0.592391 0.864136
0  4.277658 -0.118685 -0.102298  0.000000 -0.144419 -0.989517  0.592391 0.885011
no_material
0  5.284168 0.139006 0.282044  0.000000 0.144424 0.989516  0.614130 0.385864
0  4.277658 0.140577 0.281813  -0.000000 0.144423 0.989516  0.592391 0.385864
0  4.277658 -0.033571 0.307231  -0.000001 0.144423 0.989516  0.592391 0.364989
no_material
0  6.624249 0.006632 -0.120591  0.733340 -0.288476 -0.615625  0.760864 0.000000
0  6.570199 0.134496 0.282700  0.557079 -0.153563 0.816138  0.625000 0.385864
0  6.476694 -0.033266 0.307189  0.426479 0.126651 0.895587  0.625000 0.364989
no_material
0  6.570199 0.134496 0.282700  0.557079 -0.153563 0.816138  0.625000 0.385864
0  6.107853 0.132250 0.283028  0.000000 0.144427 0.989515  0.621198 0.385864
0  6.054327 -0.037047 0.307740  -0.000000 0.144421 0.989516  0.621198 0.364989
no_material
0  -2.264645 0.336978 0.253150  -0.011893 0.549542 0.835382  0.451087 0.393867
0  -2.264645 0.100273 0.287697  -0.099164 0.125389 0.987139  0.451087 0.377371
0  -1.730956 0.067975 0.292411  0.000001 0.144418 0.989517  0.472826 0.377371
no_material
0  -2.777076 0.324852 0.170069  -0.067333 0.170432 0.983066  0.440217 0.393867
0  -3.774407 0.312085 0.122149  -0.015606 0.140415 0.989970  0.418478 0.393867
0  -3.774407 0.060178 0.158915  -0.011754 0.121967 0.992465  0.418478 0.377371
no_material
0  -2.835239 -0.240776 0.197972  -0.085390 0.075516 0.993482  0.440217 0.354994
0  -2.264645 -0.220840 0.334563  -0.059720 -0.236713 0.969742  0.451087 0.354994
0  -2.264645 0.100273 0.287697  -0.099164 0.125389 0.987139  0.451087 0.377371
no_material
0  -2.084900 0.075074 -0.130580  -0.000001 -0.144431 -0.989515  0.461957 0.864136
0  -0.754881 0.073385 -0.130333  -0.000001 -0.144429 -0.989515  0.483696 0.864136
0  -0.754881 -0.106211 -0.104120  -0.000001 -0.144420 -0.989516  0.483696 0.885011
no_material
0  2.264642 0.073385 -0.130333  -0.000000 -0.144428 -0.989515  0.548913 0.864136
0  3.271152 0.085739 -0.132135  0.000001 -0.144416 -0.989517  0.570652 0.864136
0  3.271152 -0.101048 -0.104876  0.000000 -0.144419 -0.989516  0.570652 0.885011
no_material
0  6.107853 0.004946 -0.120344  0.000001 -0.144420 -0.989517  0.621198 0.864136
0  6.624249 0.006632 -0.120591  0.733340 -0.288476 -0.615625  0.760864 0.000000
0  6.610560 -0.130634 -0.100555  0.741947 -0.176959 -0.646685  0.625000 0.885011
no_material
0  3.271152 0.150635 0.280347  0.000001 0.144420 0.989516  0.570652 0.385864
0  2.264642 0.154574 0.279772  -0.000001 0.144426 0.989516  0.548913 0.385864
0  2.264642 -0.027718 0.306378  -0.000000 0.144416 0.989517  0.548913 0.364989
no_material
0  -5.544571 1.180395 -0.004584  -0.065427 0.413219 0.908278  0.382663 0.450000
0  -5.432608 2.146042 -0.432845  -0.226914 0.932976 -0.279401  0.382663 0.750000
0  -5.526283 2.078923 -0.423049  -0.226346 0.928176 -0.295393  0.380640 0.750000
no_material
0  -1.730956 0.067975 0.292411  0.000001 0.144418 0.989517  0.472826 0.377371
0  -0.251629 0.082301 0.290320  -0.000001 0.144431 0.989515  0.494565 0.377371
0  -0.251629 0.227492 0.269127  -0.003493 0.615450 0.788168  0.494565 0.393867
no_material
0  -2.801757 0.084832 0.181906  -0.111551 0.104065 0.988295  0.440217 0.377371
0  -2.264645 0.100273 0.287697  -0.099164 0.125389 0.987139  0.451087 0.377371
0  -2.264645 0.336978 0.253150  -0.011893 0.549542 0.835382  0.451087 0.393867
no_material
0  -6.698448 0.312085 0.122149  -0.565850 -0.374975 0.734308  0.375000 0.393867
0  -6.084067 0.443926 0.102904  -0.320977 0.320699 0.891137  0.379760 0.400000
0  -6.167016 1.206878 -0.008450  -0.693260 0.607794 0.387269  0.175000 0.250000
no_material
0  -5.308108 2.235241 -0.445863  -0.180870 0.952565 -0.244756  0.385352 0.750000
0  -5.326165 1.171100 -0.003229  -0.033681 0.310664 0.949923  0.385352 0.450000
0  -4.780913 1.169314 -0.002967  0.000683 0.261455 0.965215  0.396739 0.450000
no_material
0  1.258136 -0.047283 -0.112720  -0.000000 -0.144434 -0.989514  0.527174 0.864136
0  0.251626 0.041785 -0.125722  0.000002 -0.144410 -0.989518  0.505435 0.864136
0  0.251626 0.150955 -0.141653  0.000002 -0.144412 -0.989518  0.505435 0.850000
no_material
0  5.284168 0.073385 -0.130333  -0.000000 -0.144429 -0.989515  0.614130 0.864136
0  6.107853 0.004946 -0.120344  0.000001 -0.144420 -0.989517  0.621198 0.864136
0  6.054327 -0.134816 -0.099945  0.000000 -0.144418 -0.989517  0.621198 0.885011
no_material
0  2.264642 0.073385 -0.130333  -0.000000 -0.144428 -0.989515  0.548913 0.864136
0  1.258136 -0.047283 -0.112720  -0.000000 -0.144434 -0.989514  0.527174 0.864136
0  1.258136 0.026776 -0.123531  -0.000001 -0.144435 -0.989514  0.527174 0.850000
no_material
0  2.264642 0.073385 -0.130333  -0.000000 -0.144428 -0.989515  0.548913 0.864136
0  2.264642 0.195005 -0.148085  0.000001 -0.144427 -0.989515  0.548913 0.850000
0  3.271152 0.212229 -0.150596  -0.000000 -0.144424 -0.989516  0.570652 0.850000
no_material
0  6.633521 0.248107 0.266121  0.657968 0.540280 0.524573  0.625000 0.400000
0  6.144105 0.246903 0.266295  0.069671 0.435963 0.897264  0.621198 0.400000
0  6.107853 0.132250 0.283028  0.000000 0.144427 0.989515  0.621198 0.385864
no_material
0  4.277658 0.458487 0.067281  -0.035146 0.679867 0.732493  0.592391 0.450000
0  4.277658 0.258509 0.264601  -0.006893 0.399253 0.916815  0.592391 0.400000
0  5.284168 0.256321 0.264921  0.006388 0.375041 0.926986  0.614130 0.400000
no_material
0  0.754881 0.224892 0.269509  -0.021435 0.600653 0.799223  0.516304 0.393867
0  -0.251629 0.227492 0.269127  -0.003493 0.615450 0.788168  0.494565 0.393867
0  -0.251629 0.082301 0.290320  -0.000001 0.144431 0.989515  0.494565 0.377371
no_material
0  -4.780913 0.312085 0.122149  -0.000002 0.144422 0.989516  0.396739 0.393867
0  -4.780913 0.060178 0.158915  0.000000 0.144419 0.989517  0.396739 0.377371
0  -3.774407 0.060178 0.158915  -0.011754 0.121967 0.992465  0.418478 0.377371
no_material
0  -4.780913 1.169314 -0.002967  0.000683 0.261455 0.965215  0.396739 0.450000
0  -4.780913 0.312085 0.122149  -0.000002 0.144422 0.989516  0.396739 0.393867
0  -3.774407 0.312085 0.122149  -0.015606 0.140415 0.989970  0.418478 0.393867
no_material
0  -5.701564 0.573962 -0.203393  0.081017 -0.304984 0.948905  0.382663 0.850000
0  -5.544571 1.180395 -0.004584  0.081017 -0.304989 0.948904  0.382663 0.450000
0  -5.708903 1.187386 -0.005606  0.081017 -0.304982 0.948906  0.380640 0.450000
no_material
0  -5.701564 0.573962 -0.203393  0.000001 -0.144424 -0.989516  0.382663 0.850000
0  -5.964572 0.488887 -0.190977  0.000002 -0.144423 -0.989516  0.380640 0.850000
0  -5.526283 2.078923 -0.423049  -0.226346 0.928176 -0.295393  0.380640 0.750000
no_material
0  -5.701564 -0.608150 -0.030862  -0.000004 -0.144424 -0.989516  0.382663 0.900000
0  -5.432608 -2.180230 0.198590  -0.101839 -0.212731 0.971789  0.382663 0.000000
0  -5.526283 -2.113115 0.188794  -0.488518 -0.869786 -0.069442  0.380640 1.000000
no_material
0  -5.308108 -2.269430 0.211608  -0.201137 -0.978882 0.036520  0.385352 0.000000
0  -5.326165 -1.119596 0.331106  -0.129323 0.145253 0.980906  0.385352 0.300000
0  -5.428996 -1.115221 0.330470  -0.099125 0.120403 0.987764  0.384086 0.300000
no_material
0  -5.244805 -0.505165 -0.045890  -0.541342 0.145700 -0.828082  0.385352 0.900000
0  -5.308108 -2.269430 0.211608  -0.201137 -0.978882 0.036520  0.385352 0.000000
0  -5.366727 -2.227432 0.205481  -0.204597 -0.599532 0.773758  0.384086 1.000000
no_material
0  -6.418097 1.368953 0.504416  -0.014767 0.350834 -0.936321  0.100000 0.153846
0  -5.784170 0.617009 0.061837  -0.166060 0.528296 -0.832663  1.000000 0.153846
0  -5.962805 0.419472 0.264670  -0.940720 -0.179673 -0.287687  0.000000 1.000000
no_material
0  -5.701564 -0.608150 -0.030862  0.000004 -0.144425 -0.989516  0.382663 0.900000
0  -5.462857 -0.606267 -0.031136  0.000004 -0.144425 -0.989516  0.384086 0.900000
0  -5.366727 -2.227432 0.205481  0.000004 -0.144425 -0.989516  0.384086 0.000000
no_material
0  -2.084900 -0.337245 0.042105  0.061282 -0.263260 0.962777  0.461957 0.350000
0  -2.767897 -0.425356 0.054965  -0.143835 0.254590 0.956293  0.440217 0.350000
0  -2.842713 -0.946224 0.235506  0.039390 0.000404 0.999224  0.440217 0.300000
no_material
0  5.284168 0.195005 -0.148085  0.000001 -0.144427 -0.989515  0.614130 0.850000
0  4.277658 0.153398 -0.142012  -0.000001 -0.144425 -0.989516  0.592391 0.850000
0  4.277658 0.691034 -0.220482  -0.102607 0.852206 -0.513046  0.592391 0.750000
no_material
0  -2.084900 0.075074 -0.130580  -0.000001 -0.144431 -0.989515  0.461957 0.864136
0  -2.084900 0.195005 -0.148085  0.000000 -0.144426 -0.989516  0.461957 0.850000
0  -0.754881 0.195005 -0.148085  0.000000 -0.144426 -0.989515  0.483696 0.850000
no_material
0  -1.836044 -1.629067 0.118145  0.268579 -0.944753 -0.187900  0.461957 0.000000
0  -2.767897 -1.480596 0.096476  0.282347 -0.956001 -0.079644  0.440217 1.000000
0  -2.767897 -0.398877 -0.061405  -0.000001 -0.144424 -0.989516  0.440217 0.900000
no_material
0  -5.544571 -1.110305 0.329752  0.100419 0.583669 0.805758  0.382663 0.300000
0  -5.701564 -0.608150 -0.030862  0.100419 0.583669 0.805758  0.382663 0.900000
0  -5.964572 -0.523075 -0.043278  0.100422 0.583665 0.805761  0.380640 0.900000
no_material
0  -5.428996 -1.115221 0.330470  0.003966 0.581730 0.813373  0.384086 0.300000
0  -5.462857 -0.606267 -0.031136  0.003965 0.581730 0.813372  0.384086 0.900000
0  -5.701564 -0.608150 -0.030862  0.003966 0.581730 0.813372  0.382663 0.900000
no_material
0  -9.297579 0.491545 0.354001  -0.876772 0.036600 0.479511  0.400000 0.538462
0  -9.212573 0.404047 0.429018  -0.528020 -0.300548 0.794270  0.400000 0.692308
0  -8.574746 1.174504 0.938234  -0.312198 -0.040630 0.949148  0.300000 0.692308
no_material
0  5.284168 -0.776823 -0.006243  0.000000 -0.977292 -0.211896  0.614130 1.000000
0  5.284168 -0.235170 -0.085299  -0.000000 -0.144418 -0.989517  0.614130 0.900000
0  6.015891 -0.235170 -0.085299  -0.000000 -0.144419 -0.989517  0.621198 0.900000
no_material
0  -6.418097 1.368953 0.504416  -0.014767 0.350834 -0.936321  0.100000 0.153846
0  -6.545880 1.098194 0.692917  -0.578261 -0.634695 -0.512617  0.100000 1.000000
0  -7.489315 1.357444 0.856492  0.001454 -0.809838 -0.586651  0.200000 0.000000
no_material
0  -8.574746 1.174504 0.938234  -0.312198 -0.040630 0.949148  0.300000 0.692308
0  -8.478026 1.037735 0.936883  0.243068 -0.770029 0.589893  0.300000 0.846154
0  -7.489315 1.309428 1.108307  -0.000002 -0.807403 0.590001  0.200000 0.846154
no_material
0  -8.478023 -1.264066 -0.515462  0.105925 -0.435636 0.893869  0.600000 0.846154
0  -9.089082 -0.552768 -0.066663  0.444999 -0.337958 0.829313  0.500000 0.846154
0  -9.245578 -0.571589 -0.163483  -0.557946 -0.590004 0.583602  0.500000 0.692308
end
