version 1
nodes
0 "Implicit" -1
end
skeleton
time 0
0  0.000000 0.000000 0.000000  0.000000 0.000000 0.000000
end
triangles
no_material
0  -0.716291 -1.552178 25.984724  -0.570898 0.739007 -0.357692  0.613384 0.132017
0  -5.346918 -4.967248 26.318871  -0.570880 0.739020 -0.357694  0.613461 0.864695
0  -5.488240 -2.260951 27.241096  -0.570863 0.739033 -0.357695  0.624769 0.013037
no_material
0  -3.463442 -9.720830 39.164703  -0.963013 -0.260286 -0.069699  0.625000 0.708678
0  -2.379885 -13.587290 38.632675  -0.963009 -0.260300 -0.069701  0.625000 0.708652
0  -4.424990 -10.989165 43.383690  -0.963011 -0.260292 -0.069700  0.625000 0.739863
no_material
0  2.336108 -2.621602 22.459696  0.568115 0.793782 -0.217153  0.573837 0.249958
0  3.427079 -2.117202 27.156662  0.568107 0.793778 -0.217186  0.622159 0.247915
0  3.853559 -4.677495 26.293732  0.568107 0.793778 -0.217190  0.612386 0.371482
no_material
0  3.907178 -4.698053 26.337132  0.922179 -0.187425 -0.338317  0.612748 0.373883
0  5.748917 -3.509966 30.698919  0.922164 -0.187435 -0.338353  0.624725 0.352909
0  2.918999 -7.105446 28.553701  0.922166 -0.187433 -0.338348  0.622393 0.494768
no_material
0  -0.031482 -9.110621 2.087526  -0.702494 -0.706332 -0.087161  0.376625 0.627598
0  -2.873799 -6.270641 1.982316  -0.702508 -0.706318 -0.087162  0.379229 0.872400
0  -1.655467 -7.963365 0.607179  -0.702520 -0.706306 -0.087162  0.375132 0.749982
no_material
0  2.217179 -7.197269 22.629967  0.596784 -0.799765 -0.064995  0.573787 0.499964
0  2.901278 -7.164956 28.512449  0.596780 -0.799765 -0.065030  0.622241 0.497053
0  -0.771389 -8.203928 26.539444  0.596784 -0.799765 -0.064992  0.612351 0.623033
no_material
0  -0.812970 -8.235368 26.587561  0.053765 -0.998529 -0.007029  0.612673 0.624900
0  -1.037412 -8.285262 31.955025  0.053766 -0.998529 -0.007035  0.624640 0.625005
0  -5.173469 -7.599601 28.607470  0.053766 -0.998529 -0.007034  0.622417 0.750865
no_material
0  -2.806921 -7.314013 22.617105  -0.549148 -0.793770 -0.261470  0.573815 0.749851
0  -5.220391 -7.599396 28.553444  -0.549163 -0.793772 -0.261433  0.622268 0.753123
0  -5.349584 -5.021314 26.323881  -0.549165 -0.793772 -0.261426  0.613204 0.873539
no_material
0  0.039820 -6.334261 -0.127224  0.591963 -0.029953 -0.805409  0.249904 0.618455
0  2.856933 -6.241549 1.939800  0.591946 -0.029953 -0.805421  0.379495 0.375517
0  1.652742 -7.915108 0.564514  0.591951 -0.029953 -0.805417  0.373577 0.499365
no_material
0  -5.402057 -4.990416 26.352238  -0.878904 -0.154997 -0.451114  0.613549 0.866872
0  -7.976852 -3.741166 30.939732  -0.878922 -0.154988 -0.451082  0.624785 0.888993
0  -5.507633 -2.295910 27.302275  -0.878918 -0.154990 -0.451089  0.624885 0.015174
no_material
0  -1.282842 -14.890816 26.245394  -0.556253 -0.178932 -0.811521  0.625000 0.687255
0  -1.282588 -12.396094 25.695129  -0.556253 -0.178955 -0.811516  0.625000 0.687244
0  -0.040970 -13.757476 25.452486  -0.556253 -0.178930 -0.811522  0.625000 0.627176
no_material
0  -7.965886 -3.750117 31.003788  -0.550423 -0.834348 0.029966  0.624798 0.894687
0  -1.078704 -8.257878 32.000835  -0.550404 -0.834360 0.029969  0.624674 0.626518
0  -5.847121 -6.911063 36.644932  -0.550425 -0.834347 0.029966  0.624996 0.752847
no_material
0  -0.004375 -3.333766 1.940670  0.000273 0.996975 -0.077723  0.379368 0.133144
0  -0.115054 -2.358663 14.447952  0.000273 0.996975 -0.077723  0.491111 0.132898
0  2.140631 -3.750384 6.477000  0.000273 0.996974 -0.077732  0.414057 0.251960
no_material
0  -1.652754 -7.915121 0.564520  -0.591114 -0.030007 -0.806029  0.373568 0.747862
0  -1.652930 -4.706107 0.445121  -0.591114 -0.030018 -0.806029  0.373574 0.018971
0  -0.039859 -6.334262 -0.127260  -0.591114 -0.030017 -0.806029  0.249902 0.619602
no_material
0  -0.000002 -6.294361 -0.128826  -0.000060 0.558887 -0.829244  0.249900 0.623861
0  -0.003940 -3.382934 1.833337  -0.000060 0.558877 -0.829250  0.378704 0.137807
0  1.605667 -4.658990 0.443322  -0.000060 0.558873 -0.829254  0.373572 0.255015
no_material
0  6.176825 -3.726385 42.483372  0.997932 -0.000001 0.064276  0.625000 0.384182
0  6.176826 3.726383 42.483372  0.997932 -0.000001 0.064276  0.625000 0.384182
0  5.770255 -0.000001 47.907314  0.997932 -0.000000 0.064276  0.625000 0.333840
no_material
0  1.289599 -14.935724 26.293018  0.686739 -0.713674 -0.138051  0.625000 0.562616
0  1.978598 -14.973460 29.915178  0.686733 -0.713674 -0.138083  0.625000 0.542319
0  0.033227 -15.818702 27.533937  0.686737 -0.713674 -0.138064  0.625000 0.623118
no_material
0  6.163888 -3.766912 42.542553  0.948874 -0.234866 0.210893  0.625000 0.384921
0  4.227624 -3.447553 51.610004  0.948874 -0.234866 0.210892  0.625000 0.380559
0  4.061285 -7.313562 47.495327  0.948874 -0.234866 0.210895  0.625000 0.498737
no_material
0  4.211331 -6.806766 36.745064  0.480024 -0.876446 -0.037672  0.625000 0.497236
0  4.046988 -7.356147 47.441311  0.480024 -0.876446 -0.037672  0.625000 0.500009
0  -0.809475 -7.589435 42.382088  0.480023 -0.876448 -0.037629  0.625000 0.623743
no_material
0  -0.865862 -8.310079 44.019344  0.469160 0.821194 -0.324853  0.625000 0.623794
0  3.393960 -10.957707 43.478432  0.469121 0.821218 -0.324848  0.625000 0.510140
0  2.357152 -9.662120 39.224117  0.469139 0.821207 -0.324850  0.625000 0.541918
no_material
0  -6.245144 -0.034702 28.337490  -0.542980 0.206426 -0.813979  0.624998 0.011689
0  -5.510239 -2.222566 27.292425  -0.542980 0.206428 -0.813978  0.624997 0.981825
0  -7.918037 -3.664160 30.947498  -0.542985 0.206441 -0.813972  0.624815 0.885549
no_material
0  3.277529 9.401129 50.382278  0.919404 0.378765 0.105988  0.625000 0.506057
0  3.421686 10.966835 43.536167  0.919404 0.378766 0.105981  0.625000 0.509791
0  2.171580 12.172920 46.584713  0.919404 0.378764 0.105991  0.625000 0.541133
no_material
0  -0.000266 -9.136298 2.156174  -0.000108 -0.998625 0.052419  0.377076 0.624999
0  -0.038222 -8.480832 14.649981  -0.000108 -0.998626 0.052410  0.491465 0.625001
0  -2.163010 -8.164698 6.624848  -0.000108 -0.998628 0.052372  0.414206 0.747928
no_material
0  1.655411 -7.963341 0.607202  0.703073 -0.705915 -0.085864  0.375141 0.500017
0  2.180722 -8.161997 6.541065  0.703072 -0.705914 -0.085880  0.413489 0.499988
0  0.031071 -9.110620 2.087552  0.703073 -0.705915 -0.085869  0.376627 0.622402
no_material
0  -2.904363 -6.235777 2.047354  -0.999772 -0.008258 -0.019701  0.379370 0.866924
0  -3.156797 -5.426088 14.533905  -0.999772 -0.008256 -0.019677  0.491111 0.867076
0  -2.232516 -3.786648 6.466909  -0.999772 -0.008257 -0.019687  0.375573 0.010388
no_material
0  -0.849719 7.628682 42.424721  0.008894 0.924363 -0.381410  0.625000 0.625002
0  -0.903689 8.272733 43.984398  0.008894 0.924359 -0.381421  0.625000 0.625069
0  3.814710 7.292030 47.334618  0.008893 0.924369 -0.381397  0.625000 0.505950
no_material
0  2.899260 -6.235689 2.049023  0.999962 0.002172 -0.008447  0.380487 0.375024
0  3.003213 -5.413345 14.564902  0.999962 0.002172 -0.008455  0.491473 0.374984
0  2.188088 -8.128345 6.626775  0.999962 0.002171 -0.008464  0.414213 0.497948
no_material
0  4.206004 -6.804811 36.630219  0.568129 -0.821109 -0.054861  0.624996 0.497129
0  2.913562 -7.162291 28.595755  0.568134 -0.821108 -0.054830  0.622499 0.497113
0  5.734209 -3.518467 30.767548  0.568128 -0.821109 -0.054865  0.624760 0.354423
no_material
0  -3.134218 -5.442273 14.666547  -0.699886 -0.714147 0.012379  0.492708 0.872939
0  -0.064093 -8.449139 14.778721  -0.699897 -0.714137 0.012378  0.492734 0.626999
0  -2.787137 -7.313661 22.435608  -0.699888 -0.714146 0.012379  0.571913 0.750025
no_material
0  -2.755666 -7.305243 22.560627  0.022229 -0.999517 0.021702  0.573189 0.748029
0  2.177405 -7.195303 22.567289  0.022261 -0.999517 0.021702  0.573142 0.501784
0  -0.805594 -8.236303 26.485134  0.022234 -0.999517 0.021702  0.611885 0.625104
no_material
0  -0.013796 -8.448868 14.779357  0.710087 -0.702887 0.041544  0.492741 0.622947
0  2.979346 -5.429926 14.697051  0.710079 -0.702895 0.041544  0.492757 0.377045
0  2.215167 -7.201804 22.446428  0.710099 -0.702875 0.041544  0.571902 0.499988
no_material
0  2.979044 -5.380111 14.694142  0.699653 0.712220 -0.056810  0.492742 0.372941
0  -0.091005 -2.373283 14.580482  0.699654 0.712220 -0.056810  0.492700 0.126999
0  2.330264 -2.641524 22.279163  0.699652 0.712222 -0.056810  0.571915 0.249996
no_material
0  -2.965646 -2.708082 22.369654  -0.981576 -0.044747 -0.185756  0.609322 0.010224
0  -2.793362 -7.269485 22.557724  -0.981578 -0.044710 -0.185758  0.573291 0.748373
0  -5.370599 -4.997334 26.248707  -0.981576 -0.044755 -0.185756  0.612948 0.867920
no_material
0  -1.289476 -12.335923 25.720255  -0.689202 0.600888 -0.404888  0.625000 0.687331
0  -2.217303 -11.008701 29.269163  -0.689197 0.600881 -0.404907  0.625000 0.707742
0  -0.049253 -11.040862 26.518448  -0.689198 0.600883 -0.404901  0.625000 0.626825
no_material
0  -8.466020 -0.038742 36.422001  -0.934659 -0.355308 0.012969  0.624999 0.921625
0  -5.866351 -6.867454 36.698124  -0.934660 -0.355305 0.012969  0.624999 0.754074
0  -7.835980 -3.777884 41.749294  -0.934667 -0.355289 0.012969  0.625000 0.865119
no_material
0  0.040883 -13.757451 25.452599  0.558770 -0.178554 -0.809873  0.625000 0.622822
0  2.366017 -13.437523 26.986233  0.558761 -0.178555 -0.809879  0.625000 0.516905
0  1.282779 -14.890737 26.245333  0.558750 -0.178557 -0.809886  0.625000 0.562743
no_material
0  -8.008106 -3.677650 30.997627  -0.963949 0.000010 -0.266087  0.624812 0.891461
0  -8.008105 3.677653 30.997627  -0.963949 0.000003 -0.266087  0.625000 0.890936
0  -6.264907 0.000001 28.394060  -0.963949 0.000005 -0.266087  0.624999 0.011187
no_material
0  4.167345 -6.802230 36.687996  0.010403 -0.997852 0.064678  0.624999 0.498419
0  -5.804621 -6.905560 36.700363  0.010422 -0.997852 0.064678  0.624999 0.751556
0  -1.035733 -8.282486 32.046749  0.010418 -0.997852 0.064678  0.624687 0.625023
no_material
0  -2.996943 -6.299035 53.091625  -0.840016 -0.275439 0.467447  0.625000 0.750714
0  -5.870285 -7.345933 47.311100  -0.840027 -0.275443 0.467425  0.625000 0.750646
0  -4.019103 -9.357115 50.402897  -0.840021 -0.275441 0.467437  0.625000 0.744404
no_material
0  -4.406507 -10.955060 43.475101  -0.523664 0.764463 -0.375994  0.625000 0.739755
0  -0.938908 -8.312339 44.018459  -0.523699 0.764437 -0.375999  0.625000 0.626295
0  -3.481941 -9.658995 39.228168  -0.523684 0.764448 -0.375997  0.625000 0.708023
no_material
0  -4.013790 -9.402906 50.351021  -0.801316 -0.570661 0.179554  0.625000 0.743946
0  -4.430011 -10.966106 43.525295  -0.801315 -0.570659 0.179560  0.625000 0.740248
0  -2.612340 -12.176023 46.586414  -0.801316 -0.570661 0.179555  0.625000 0.708829
no_material
0  2.162133 -6.293294 53.207069  0.914477 -0.215472 0.342497  0.625000 0.499123
0  4.033075 -7.350044 47.547009  0.914480 -0.215473 0.342489  0.625000 0.499419
0  4.207434 -3.498868 51.651432  0.914475 -0.215471 0.342502  0.625000 0.381959
no_material
0  -2.369075 -13.613025 38.707424  -0.508279 -0.850187 0.137237  0.625000 0.707850
0  -2.591251 -12.217186 46.531345  -0.508279 -0.850189 0.137224  0.625000 0.708068
0  -4.399532 -10.997516 43.470345  -0.508279 -0.850188 0.137232  0.625000 0.739816
no_material
0  2.315222 -9.686205 39.158226  0.000011 0.992074 -0.125658  0.625000 0.542781
0  -3.433490 -9.685790 39.161510  -0.000001 0.992074 -0.125658  0.625000 0.707197
0  -0.900819 -8.296182 43.953068  0.000009 0.992074 -0.125658  0.625000 0.625032
no_material
0  2.142348 -12.187277 46.653522  0.462290 -0.801877 0.378526  0.625000 0.542302
0  1.553498 -10.304731 51.360825  0.462292 -0.801883 0.378510  0.625000 0.562224
0  -0.030210 -11.820004 49.341290  0.462291 -0.801881 0.378516  0.625000 0.623488
no_material
0  -1.605539 7.962362 0.566309  0.000012 0.622843 -0.782347  0.373564 0.746481
0  1.605541 7.962359 0.566307  -0.000002 0.622843 -0.782347  0.373564 0.503519
0  0.000001 6.373994 -0.125684  0.000012 0.622843 -0.782347  0.253275 0.625000
no_material
0  -5.849457 -6.909898 36.756332  -0.478202 -0.877372 -0.039261  0.625000 0.752811
0  -5.886497 -7.357378 47.208839  -0.478202 -0.877374 -0.039220  0.625000 0.749954
0  -7.799862 -3.796739 41.808983  -0.478202 -0.877373 -0.039237  0.625000 0.864074
no_material
0  -0.757796 -3.169320 54.330799  -0.076363 -0.000011 0.997080  0.751775 0.624851
0  -0.757794 3.169322 54.330799  -0.076363 -0.000016 0.997080  0.748357 0.624851
0  -3.882409 0.000001 53.380722  -0.076363 0.000008 0.997080  0.626570 0.994303
no_material
0  5.675798 3.434251 30.708185  0.521908 -0.258814 -0.812790  0.625000 0.349858
0  -1.039816 0.813831 27.230299  0.521951 -0.258797 -0.812768  0.625000 0.127353
0  3.440121 2.081140 27.207813  0.521920 -0.258809 -0.812784  0.625000 0.249636
no_material
0  3.231961 -9.384807 50.471066  0.483517 -0.426838 0.764212  0.625006 0.506821
0  -0.067275 -8.592044 53.001263  0.483515 -0.426837 0.764214  0.628401 0.623010
0  1.552971 -10.259025 51.410431  0.483528 -0.426840 0.764205  0.625030 0.562111
no_material
0  2.040094 -13.612909 38.715405  0.584169 -0.800487 0.134038  0.625000 0.542202
0  2.158516 -12.218735 46.525505  0.584169 -0.800489 0.134028  0.625000 0.541952
0  -0.078188 -13.667939 42.668690  0.584169 -0.800489 0.134032  0.625000 0.623688
no_material
0  -7.835581 -3.734351 41.806667  -0.992670 0.000000 0.120855  0.625000 0.865871
0  -7.835580 3.734355 41.806671  -0.992670 0.000000 0.120855  0.625000 0.865871
0  -8.473508 0.000002 36.481812  -0.992670 0.000000 0.120855  0.625000 0.921655
no_material
0  4.061288 7.313561 47.495331  0.948877 0.234844 0.210904  0.625000 0.498737
0  5.756903 0.042409 47.963055  0.948878 0.234841 0.210904  0.625000 0.334004
0  6.163890 3.766910 42.542553  0.948878 0.234843 0.210904  0.625000 0.384921
no_material
0  2.171574 -12.172918 46.584705  0.919431 -0.378707 0.105961  0.625000 0.541133
0  4.033293 -7.397381 47.498714  0.919426 -0.378719 0.105958  0.625000 0.500172
0  3.277524 -9.401129 50.382278  0.919427 -0.378718 0.105959  0.625000 0.506057
no_material
0  -8.005722 3.723256 31.053186  -0.934649 0.355334 0.013000  0.625000 0.895259
0  -7.835979 3.777887 41.749298  -0.934649 0.355334 0.013002  0.625000 0.865119
0  -5.866349 6.867459 36.698124  -0.934649 0.355334 0.013024  0.625000 0.754072
no_material
0  -2.574493 -12.188032 46.647259  -0.402981 -0.823037 0.400270  0.625000 0.707786
0  -1.736113 -10.305566 51.362015  -0.402979 -0.823033 0.400281  0.625000 0.687638
0  -3.963864 -9.426031 50.387836  -0.402981 -0.823036 0.400273  0.625000 0.743085
no_material
0  -5.776093 -3.400419 50.728302  -0.904568 -0.000002 0.426329  0.626433 0.869331
0  -5.776092 3.400423 50.728294  -0.904568 0.000005 0.426329  0.626433 0.869332
0  -7.257105 0.000002 46.320282  -0.904568 0.000005 0.426329  0.625201 0.916018
no_material
0  -0.070003 -11.853335 49.296463  0.000030 -0.963622 0.267267  0.625000 0.624970
0  -0.111269 -13.671957 42.739346  0.000030 -0.963626 0.267254  0.625000 0.624990
0  2.114842 -12.211154 46.585056  0.000030 -0.963624 0.267261  0.625000 0.543164
no_material
0  -0.107718 -8.638459 52.978336  -0.000036 -0.750169 0.661247  0.628388 0.625006
0  -0.068789 -11.797219 49.394772  -0.000036 -0.750167 0.661248  0.625004 0.624994
0  1.498781 -10.295381 51.398014  -0.000036 -0.750168 0.661248  0.625032 0.564075
no_material
0  -2.965646 2.708085 22.369652  -0.981584 0.044745 -0.185718  0.609309 0.010220
0  -2.793359 7.269487 22.557724  -0.981584 0.044736 -0.185718  0.573278 0.748369
0  -3.181473 5.412313 14.779715  -0.981583 0.044759 -0.185717  0.490180 0.867490
no_material
0  2.348118 -9.695028 39.068466  0.637890 0.760599 -0.120774  0.625000 0.542091
0  2.042341 -10.972306 29.409649  0.637889 0.760594 -0.120807  0.625000 0.542069
0  -0.305433 -9.602890 33.828217  0.637890 0.760599 -0.120769  0.625000 0.623815
no_material
0  2.960027 -12.372861 33.941452  0.671567 -0.732696 0.110242  0.625000 0.511188
0  -0.023656 -15.091711 34.046841  0.671560 -0.732703 0.110243  0.625000 0.623658
0  1.990409 -14.962996 30.055727  0.671563 -0.732700 0.110242  0.625000 0.542159
no_material
0  2.414019 -13.422418 27.070124  0.996518 -0.025858 -0.079268  0.625000 0.515732
0  2.981277 -12.360083 33.856544  0.996519 -0.025856 -0.079252  0.625000 0.510973
0  1.991708 -14.934391 29.977448  0.996520 -0.025854 -0.079241  0.625000 0.541289
no_material
0  -2.755663 7.305245 22.560625  0.022244 0.999515 0.021775  0.573175 0.748029
0  2.177409 7.195303 22.567289  0.022246 0.999515 0.021775  0.573127 0.501784
0  -0.041700 8.471583 14.893094  0.022251 0.999515 0.021775  0.489064 0.624981
no_material
0  -0.110953 -8.554392 53.034081  -0.021678 -0.238648 0.970864  0.628626 0.624844
0  -0.752088 -3.273493 54.317799  -0.021679 -0.238638 0.970867  0.751399 0.625105
0  -2.927531 -6.290193 53.137268  -0.021680 -0.238633 0.970868  0.625954 0.747738
no_material
0  2.114848 12.211155 46.585064  0.000009 0.963628 0.267246  0.625000 0.543164
0  -2.545168 12.211321 46.584465  -0.000015 0.963628 0.267246  0.625000 0.706902
0  -0.069998 11.853337 49.296459  -0.000002 0.963628 0.267246  0.625000 0.624970
no_material
0  -1.736399 -10.260426 51.411575  -0.424418 -0.469163 0.774439  0.625031 0.687711
0  -2.956253 -6.347154 53.113724  -0.424420 -0.469157 0.774441  0.625030 0.748784
0  -3.964752 -9.382366 50.435108  -0.424419 -0.469161 0.774440  0.625005 0.743348
no_material
0  -0.002488 -15.845545 27.583071  -0.000022 -0.993714 0.111952  0.625000 0.624991
0  -0.051310 -15.125490 33.973812  -0.000023 -0.993712 0.111965  0.625000 0.625004
0  -2.009253 -14.973604 29.983747  -0.000023 -0.993712 0.111965  0.625000 0.706671
no_material
0  1.288465 -12.336576 25.720800  0.693742 0.614857 -0.375064  0.625000 0.562646
0  2.029849 -11.008407 29.269451  0.693745 0.614863 -0.375050  0.625000 0.542277
0  2.379354 -13.394747 27.019678  0.693743 0.614860 -0.375057  0.625000 0.516374
no_material
0  0.000003 -13.799268 25.461840  0.000025 -0.709559 -0.704646  0.625000 0.625000
0  -0.002084 -15.813882 27.490494  0.000025 -0.709560 -0.704645  0.625000 0.625001
0  -1.236403 -14.936686 26.255238  0.000025 -0.709548 -0.704657  0.625000 0.685294
no_material
0  -1.289897 -14.935997 26.292910  -0.683024 -0.715212 -0.148159  0.625000 0.687376
0  -2.036491 -14.973372 29.915241  -0.683028 -0.715212 -0.148139  0.625000 0.707690
0  -2.393867 -13.465217 27.033863  -0.683024 -0.715212 -0.148159  0.625000 0.733615
no_material
0  -2.051254 -14.963583 30.052614  -0.639221 -0.763091 0.095337  0.625000 0.707852
0  -2.368747 -13.634940 38.557281  -0.639221 -0.763091 0.095337  0.625000 0.707938
0  -3.345205 -12.371787 33.942074  -0.639221 -0.763089 0.095351  0.625000 0.738852
no_material
0  2.215649 7.157674 22.567831  0.996808 0.028423 -0.074609  0.573144 0.497980
0  2.331379 2.670835 22.404106  0.996807 0.028434 -0.074609  0.573160 0.252030
0  3.013502 5.397943 14.815997  0.996808 0.028429 -0.074609  0.489174 0.375013
no_material
0  1.656060 4.654111 0.483697  0.700103 -0.694564 -0.165640  0.130756 0.494267
0  2.169641 3.763298 6.389557  0.700102 -0.694562 -0.165653  0.374844 0.250140
0  0.027099 3.368011 1.875823  0.700103 -0.694564 -0.165641  0.372495 0.130102
no_material
0  -3.457025 -9.695781 39.063091  -0.666090 0.723921 -0.179620  0.625000 0.707909
0  -2.239650 -10.970989 29.411537  -0.666081 0.723912 -0.179690  0.625000 0.707887
0  -3.347985 -12.323153 33.938416  -0.666089 0.723920 -0.179628  0.625000 0.738752
no_material
0  4.167349 6.802231 36.687996  0.010425 0.997856 0.064615  0.625000 0.498419
0  -5.804618 6.905564 36.700363  0.010397 0.997856 0.064615  0.625000 0.751557
0  -0.848728 7.614357 42.330799  0.010431 0.997856 0.064615  0.625000 0.625000
no_material
0  -0.014493 -11.000689 26.556227  0.000045 0.981400 -0.191974  0.625000 0.624973
0  -0.331359 -9.594585 33.743896  0.000046 0.981396 -0.191996  0.625000 0.625027
0  2.002647 -10.984363 29.334860  0.000045 0.981400 -0.191971  0.625000 0.543204
no_material
0  -2.331799 -13.623724 38.636143  0.000012 -0.986598 0.163167  0.625000 0.706907
0  2.005411 -13.623779 38.635826  -0.000003 -0.986598 0.163167  0.625000 0.543136
0  -0.110666 -13.701933 42.603245  0.000011 -0.986598 0.163167  0.625000 0.624995
no_material
0  -2.432480 -13.422902 27.069567  -0.989904 -0.065910 -0.125483  0.625000 0.734268
0  -3.363402 -12.360396 33.856182  -0.989905 -0.065909 -0.125476  0.625000 0.739028
0  -2.232136 -11.023435 29.342491  -0.989907 -0.065906 -0.125461  0.625000 0.708708
no_material
0  -6.028417 0.000001 28.347464  -0.018699 -0.000031 -0.999825  0.624994 0.961659
0  3.672963 -0.000002 28.165991  -0.018723 -0.000031 -0.999825  0.624994 0.226003
0  -1.154219 -0.753361 27.165108  -0.018699 -0.000031 -0.999825  0.624744 0.129329
no_material
0  0.000003 -13.716035 25.444206  -0.000061 0.363991 -0.931403  0.625000 0.624998
0  -0.013178 -11.061353 26.481636  -0.000061 0.364000 -0.931399  0.625000 0.625008
0  1.236230 -12.350138 25.684841  -0.000061 0.363989 -0.931403  0.625000 0.564705
no_material
0  4.228459 -6.763996 36.685738  0.946048 -0.321519 -0.040225  0.624999 0.495942
0  6.500546 -0.038025 36.363377  0.946049 -0.321517 -0.040225  0.624999 0.328382
0  6.174198 -3.766372 42.417908  0.946053 -0.321504 -0.040226  0.625000 0.384888
no_material
0  -7.274946 -0.043156 46.268051  -0.961961 -0.150806 0.227791  0.625000 0.915988
0  -5.900360 -7.312586 47.260239  -0.961960 -0.150808 0.227791  0.625000 0.751298
0  -5.784888 -3.451680 50.683548  -0.961961 -0.150807 0.227791  0.625000 0.869344
no_material
0  2.294447 2.634476 22.399012  -0.006523 -0.997311 -0.072990  0.573243 0.250915
0  -2.929897 2.670959 22.368031  -0.006532 -0.997311 -0.072990  0.609352 0.989877
0  -0.119011 2.340716 14.684817  -0.006536 -0.997311 -0.072990  0.489998 0.131586
no_material
0  6.174200 3.766371 42.417908  0.946037 0.321557 -0.040195  0.625000 0.384889
0  5.774815 3.491543 30.816498  0.946037 0.321557 -0.040175  0.625000 0.353882
0  4.228463 6.763997 36.685738  0.946037 0.321557 -0.040189  0.625000 0.495944
no_material
0  3.814705 -7.292031 47.334614  0.008867 -0.924371 -0.381391  0.625000 0.505950
0  -5.649370 -7.290695 47.110775  0.008889 -0.924371 -0.381390  0.625000 0.743922
0  -0.849723 -7.628682 42.424721  0.008892 -0.924371 -0.381390  0.625000 0.625002
no_material
0  -0.714857 -3.217259 54.309353  0.469495 -0.073350 0.879883  0.753267 0.622992
0  4.177061 -3.445169 51.680069  0.469504 -0.073350 0.879878  0.626700 0.382192
0  2.031174 -0.053298 53.829926  0.469494 -0.073350 0.879884  0.872217 0.500117
no_material
0  -1.656290 4.653961 0.483629  -0.699899 -0.693163 -0.172240  0.130763 0.745240
0  -2.224540 3.763320 6.377124  -0.699900 -0.693164 -0.172231  0.374843 0.991121
0  -2.873723 6.208184 1.979575  -0.699900 -0.693164 -0.172234  0.372448 0.872562
no_material
0  2.046037 -13.586793 38.633095  0.996635 -0.074116 -0.034997  0.625000 0.541340
0  2.352092 -9.722326 39.163883  0.996635 -0.074120 -0.034998  0.625000 0.541327
0  3.420837 -10.986745 43.387207  0.996633 -0.074149 -0.035002  0.625000 0.510147
no_material
0  1.655415 7.963340 0.607204  0.703133 0.705853 -0.085882  0.375000 0.500017
0  2.180727 8.161997 6.541065  0.703134 0.705853 -0.085868  0.375000 0.499988
0  2.869624 6.270654 1.983706  0.703134 0.705853 -0.085871  0.375000 0.377600
no_material
0  -2.981058 2.657483 22.420872  -0.570777 -0.739075 -0.357745  0.609905 0.007391
0  -5.488239 2.260955 27.241096  -0.570832 -0.739084 -0.357639  0.624773 0.991784
0  -5.346916 4.967251 26.318871  -0.570803 -0.739079 -0.357695  0.613720 0.870455
no_material
0  3.427081 2.117201 27.156662  0.568114 -0.793781 -0.217159  0.624639 0.250644
0  2.336109 2.621602 22.459692  0.568113 -0.793781 -0.217164  0.573845 0.249967
0  3.853561 4.677493 26.293732  0.568112 -0.793781 -0.217164  0.612727 0.372281
no_material
0  2.357157 9.662121 39.224125  0.469168 -0.821205 -0.324815  0.625000 0.541918
0  4.023829 7.368304 47.429729  0.469160 -0.821194 -0.324854  0.625000 0.500951
0  -0.865858 8.310081 44.019348  0.469164 -0.821200 -0.324833  0.625000 0.623794
no_material
0  -1.289471 12.335925 25.720255  -0.689264 -0.600812 -0.404894  0.625000 0.687331
0  -2.217299 11.008702 29.269163  -0.689263 -0.600811 -0.404898  0.625000 0.707742
0  -2.396140 13.394786 27.020376  -0.689265 -0.600814 -0.404891  0.625000 0.733626
no_material
0  2.901283 7.164955 28.512449  0.596780 0.799765 -0.065031  0.624732 0.499791
0  2.217183 7.197269 22.629967  0.596783 0.799765 -0.065010  0.573794 0.499972
0  -0.771385 8.203930 26.539444  0.596782 0.799765 -0.065022  0.612680 0.623053
no_material
0  -3.926215 0.050778 53.372818  -0.575126 0.118583 0.809424  0.872323 0.749974
0  -2.981386 6.250166 53.135998  -0.575131 0.118552 0.809426  0.626230 0.749840
0  -5.734212 3.440829 50.761456  -0.575126 0.118582 0.809425  0.626723 0.867990
no_material
0  2.046044 13.586793 38.633095  0.996636 0.074147 -0.034920  0.625000 0.541340
0  2.352096 9.722327 39.163887  0.996638 0.074119 -0.034916  0.625000 0.541327
0  2.991918 12.339433 34.030613  0.996636 0.074143 -0.034920  0.625000 0.510991
no_material
0  5.748918 3.509962 30.698919  0.922182 0.187422 -0.338310  0.624986 0.353504
0  3.907180 4.698051 26.337132  0.922163 0.187435 -0.338356  0.613105 0.374701
0  2.919003 7.105445 28.553701  0.922167 0.187432 -0.338345  0.624883 0.497512
no_material
0  -5.220387 7.599399 28.553444  -0.549156 0.793771 -0.261446  0.624759 0.750384
0  -2.806918 7.314015 22.617104  -0.549179 0.793774 -0.261390  0.573821 0.749844
0  -5.349582 5.021317 26.323881  -0.549152 0.793771 -0.261457  0.613485 0.872789
no_material
0  -1.037409 8.285262 31.955029  0.053766 0.998529 -0.007038  0.624978 0.625005
0  -0.812966 8.235370 26.587561  0.053766 0.998529 -0.007021  0.613014 0.624902
0  -5.173466 7.599604 28.607470  0.053766 0.998529 -0.007041  0.624914 0.748128
no_material
0  1.652746 7.915107 0.564515  0.591904 0.029985 -0.805451  0.373563 0.499365
0  1.652921 4.706122 0.445116  0.591904 0.029997 -0.805450  0.373568 0.256384
0  0.039823 6.334261 -0.127225  0.591904 0.029984 -0.805451  0.253274 0.618454
no_material
0  -7.976851 3.741169 30.939732  -0.878921 0.154988 -0.451084  0.624988 0.888451
0  -5.402055 4.990419 26.352238  -0.878906 0.154995 -0.451111  0.613827 0.866125
0  -5.507631 2.295914 27.302275  -0.878916 0.154990 -0.451093  0.624893 0.015159
no_material
0  -2.196435 3.750359 6.465013  0.000219 -0.996975 -0.077726  0.375374 0.989595
0  2.140633 3.750385 6.477000  0.000216 -0.996975 -0.077726  0.375370 0.251960
0  -0.115053 2.358665 14.447952  0.000218 -0.996975 -0.077726  0.486790 0.132898
no_material
0  -0.039856 6.334262 -0.127261  -0.591126 0.029975 -0.806022  0.253274 0.619602
0  -2.861052 6.241552 1.938390  -0.591154 0.029974 -0.806002  0.374736 0.862670
0  -1.652750 7.915121 0.564520  -0.591123 0.029975 -0.806024  0.373563 0.747862
no_material
0  -0.003939 3.382934 1.833338  -0.000059 -0.558887 -0.829244  0.374738 0.137806
0  0.000001 6.294361 -0.128827  -0.000059 -0.558860 -0.829262  0.253272 0.623861
0  1.605669 4.658990 0.443323  -0.000059 -0.558895 -0.829238  0.373567 0.255015
no_material
0  3.218039 2.117022 27.194855  -0.018504 -0.845215 -0.534105  0.624700 0.243853
0  -5.272639 2.249503 27.279137  -0.018509 -0.845215 -0.534105  0.624730 0.956164
0  -0.677352 1.497649 26.025593  -0.018557 -0.845215 -0.534105  0.613966 0.130579
no_material
0  4.046992 7.356146 47.441311  0.480023 0.876449 -0.037624  0.625000 0.500009
0  4.211335 6.806767 36.745064  0.480023 0.876449 -0.037622  0.625000 0.497236
0  -0.809472 7.589435 42.382088  0.480024 0.876447 -0.037650  0.625000 0.623743
no_material
0  5.734210 3.518464 30.767548  0.568095 0.821131 -0.054884  0.625000 0.354995
0  -0.994653 8.256423 32.000523  0.568121 0.821112 -0.054888  0.625000 0.623512
0  4.206008 6.804813 36.630219  0.568129 0.821107 -0.054890  0.625000 0.497134
no_material
0  2.151823 8.164705 6.628845  -0.000054 0.998629 0.052348  0.375371 0.502066
0  -2.163006 8.164700 6.624848  -0.000041 0.998629 0.052348  0.375373 0.747928
0  -0.038218 8.480832 14.649983  -0.000052 0.998629 0.052348  0.486030 0.625001
no_material
0  -3.134645 5.392589 14.663840  -0.708942 -0.700675 -0.080345  0.488641 0.868706
0  -0.141495 2.373768 14.579625  -0.708948 -0.700669 -0.080345  0.488636 0.130991
0  -2.959730 2.677554 22.243139  -0.708948 -0.700669 -0.080345  0.607845 0.991830
no_material
0  -2.199620 8.128333 6.622635  -0.999772 0.008274 -0.019705  0.375367 0.748066
0  -2.232515 3.786649 6.466910  -0.999772 0.008281 -0.019704  0.375380 0.010388
0  -3.156794 5.426090 14.533905  -0.999772 0.008277 -0.019705  0.486792 0.867076
no_material
0  -6.245144 0.034704 28.337490  -0.542961 -0.206460 -0.813983  0.625000 0.989199
0  -5.510238 2.222570 27.292425  -0.542954 -0.206439 -0.813992  0.625000 0.017681
0  -1.258113 0.812053 27.228329  -0.542953 -0.206435 -0.813994  0.625000 0.133561
no_material
0  2.177155 3.786642 6.479436  0.999961 -0.002236 -0.008481  0.375378 0.252063
0  2.188092 8.128346 6.626775  0.999961 -0.002229 -0.008481  0.375363 0.497948
0  3.003216 5.413344 14.564902  0.999961 -0.002232 -0.008481  0.486041 0.374984
no_material
0  -2.202904 8.159050 6.753035  -0.699867 0.714166 0.012389  0.376832 0.749985
0  -2.787134 7.313663 22.435606  -0.699869 0.714163 0.012446  0.571836 0.750025
0  -0.064089 8.449139 14.778722  -0.699867 0.714165 0.012408  0.487747 0.626999
no_material
0  2.188371 8.156770 6.759135  0.710100 0.702873 0.041571  0.376844 0.500013
0  2.215171 7.201804 22.446428  0.710100 0.702871 0.041603  0.571817 0.499988
0  2.979349 5.429925 14.697051  0.710100 0.702873 0.041560  0.487771 0.377045
no_material
0  -1.655463 7.963365 0.607179  -0.702468 0.706355 -0.087184  0.375000 0.749982
0  -2.191708 8.161995 6.536981  -0.702469 0.706356 -0.087172  0.375000 0.750013
0  -0.031478 9.110622 2.087527  -0.702468 0.706355 -0.087182  0.375000 0.627598
no_material
0  2.177404 3.740537 6.605243  0.699631 -0.712246 -0.056762  0.376832 0.250012
0  2.330265 2.641524 22.279161  0.699631 -0.712249 -0.056719  0.571837 0.249997
0  -0.091004 2.373285 14.580482  0.699631 -0.712245 -0.056773  0.488519 0.126999
no_material
0  -0.038359 8.456368 63.218685  -0.706982 0.707002 -0.018040  0.499996 0.130360
0  -8.456352 0.038379 63.218689  -0.706995 0.706988 -0.018040  0.499996 0.873584
0  -5.120862 5.120882 68.047623  -0.706982 0.707002 -0.018040  0.871617 0.748259
no_material
0  -7.965885 3.750119 31.003788  -0.550448 0.834329 0.030023  0.625000 0.894147
0  -1.078700 8.257878 32.000839  -0.550428 0.834343 0.030026  0.625000 0.626502
0  -5.240343 7.599354 28.641022  -0.550452 0.834327 0.030022  0.625000 0.750128
no_material
0  -3.481937 9.658996 39.228165  -0.523673 -0.764439 -0.376030  0.625000 0.708023
0  -5.857914 7.369462 47.191635  -0.523672 -0.764438 -0.376035  0.625000 0.748928
0  -4.406503 10.955064 43.475101  -0.523674 -0.764440 -0.376026  0.625000 0.739755
no_material
0  -5.759499 3.494714 50.730076  -0.840026 0.275468 0.467411  0.625000 0.868214
0  -4.019099 9.357117 50.402893  -0.840028 0.275464 0.467411  0.625000 0.744404
0  -5.870282 7.345937 47.311100  -0.840024 0.275474 0.467411  0.625000 0.750646
no_material
0  1.289606 14.935728 26.293018  0.686808 0.713601 -0.138090  0.625000 0.562616
0  1.978605 14.973462 29.915178  0.686813 0.713601 -0.138062  0.625000 0.542319
0  2.378043 13.465381 27.033642  0.686811 0.713601 -0.138075  0.625000 0.516389
no_material
0  4.033079 7.350043 47.547009  0.914470 0.215468 0.342516  0.625000 0.499419
0  2.162136 6.293294 53.207077  0.914474 0.215470 0.342504  0.625000 0.499123
0  4.207437 3.498868 51.651428  0.914475 0.215470 0.342504  0.625000 0.381958
no_material
0  1.553502 10.304730 51.360828  0.462288 0.801877 0.378528  0.625000 0.562224
0  2.142354 12.187278 46.653530  0.462289 0.801878 0.378524  0.625000 0.542302
0  -0.030205 11.820007 49.341286  0.462290 0.801882 0.378515  0.625000 0.623488
no_material
0  2.315226 9.686207 39.158234  0.000009 -0.992081 -0.125597  0.625000 0.542781
0  -3.433487 9.685791 39.161507  -0.000007 -0.992081 -0.125597  0.625000 0.707197
0  -0.337149 9.569878 33.894981  -0.000010 -0.992081 -0.125597  0.625000 0.624978
no_material
0  1.282786 14.890739 26.245333  0.558745 0.178570 -0.809887  0.625000 0.562743
0  1.282531 12.396194 25.695107  0.558745 0.178596 -0.809881  0.625000 0.562754
0  0.040889 13.757454 25.452599  0.558745 0.178569 -0.809887  0.625000 0.622822
no_material
0  -0.888882 7.589224 42.381058  -0.478223 0.877358 -0.039311  0.625000 0.626268
0  -7.799861 3.796743 41.808990  -0.478202 0.877370 -0.039309  0.625000 0.864074
0  -5.886494 7.357383 47.208843  -0.478190 0.877376 -0.039308  0.625000 0.749954
no_material
0  -4.399528 10.997519 43.470345  -0.508215 0.850216 0.137293  0.625000 0.739816
0  -0.144307 13.670519 42.668827  -0.508222 0.850212 0.137295  0.625000 0.626228
0  -2.369070 13.613028 38.707420  -0.508225 0.850210 0.137295  0.625000 0.707850
no_material
0  -0.108854 11.821433 49.343044  -0.402944 0.823059 0.400263  0.625000 0.626425
0  -3.963860 9.426033 50.387833  -0.402949 0.823056 0.400264  0.625000 0.743085
0  -1.736109 10.305568 51.362015  -0.402950 0.823055 0.400265  0.625000 0.687638
no_material
0  -0.068783 11.797221 49.394768  -0.000040 0.750168 0.661247  0.625000 0.624994
0  -0.107714 8.638460 52.978333  -0.000040 0.750170 0.661245  0.625000 0.625006
0  1.498786 10.295380 51.398022  -0.000040 0.750171 0.661244  0.625000 0.564075
no_material
0  -2.331794 13.623727 38.636143  0.000012 0.986586 0.163242  0.625000 0.706907
0  2.005418 13.623779 38.635826  -0.000010 0.986586 0.163242  0.625000 0.543136
0  -0.053213 15.103656 34.129982  0.000015 0.986586 0.163242  0.625000 0.624990
no_material
0  2.042346 10.972307 29.409655  0.637889 -0.760595 -0.120806  0.625000 0.542069
0  2.348123 9.695030 39.068470  0.637890 -0.760598 -0.120780  0.625000 0.542091
0  -0.305429 9.602892 33.828213  0.637889 -0.760596 -0.120794  0.625000 0.623815
no_material
0  2.981282 12.360087 33.856541  0.996520 0.025854 -0.079246  0.625000 0.510973
0  2.414025 13.422416 27.070127  0.996521 0.025851 -0.079229  0.625000 0.515732
0  1.991715 14.934393 29.977448  0.996521 0.025852 -0.079233  0.625000 0.541289
no_material
0  -0.023649 15.091713 34.046841  0.671566 0.732697 0.110243  0.625000 0.623658
0  2.960033 12.372865 33.941444  0.671570 0.732694 0.110243  0.625000 0.511188
0  1.990416 14.962996 30.055727  0.671559 0.732704 0.110243  0.625000 0.542159
no_material
0  -5.784886 3.451684 50.683540  -0.961961 0.150814 0.227785  0.625000 0.869344
0  -7.822688 3.773315 41.864750  -0.961960 0.150814 0.227788  0.625000 0.865154
0  -7.274946 0.043159 46.268051  -0.961961 0.150814 0.227785  0.625000 0.915988
no_material
0  2.098894 6.295564 53.248005  -0.021635 0.238666 0.970861  0.625801 0.502313
0  -2.927529 6.290193 53.137268  -0.021640 0.238666 0.970860  0.625904 0.747738
0  -0.752086 3.273495 54.317799  -0.021635 0.238666 0.970861  0.747979 0.625105
no_material
0  -1.736395 10.260427 51.411575  -0.424399 0.469161 0.774450  0.625000 0.687711
0  -2.956250 6.347155 53.113724  -0.424398 0.469165 0.774448  0.625000 0.748784
0  -0.152164 8.595651 53.000977  -0.424402 0.469153 0.774454  0.625000 0.626835
no_material
0  1.950470 14.973656 29.983301  0.000004 0.993718 0.111916  0.625000 0.543335
0  -2.009247 14.973606 29.983747  -0.000006 0.993718 0.111916  0.625000 0.706671
0  -0.051304 15.125492 33.973812  0.000003 0.993718 0.111916  0.625000 0.625004
no_material
0  -0.002076 15.813883 27.490490  0.000026 0.709567 -0.704638  0.625000 0.625001
0  0.000009 13.799271 25.461840  0.000026 0.709542 -0.704663  0.625000 0.625000
0  -1.236397 14.936686 26.255238  0.000026 0.709563 -0.704642  0.625000 0.685294
no_material
0  1.288470 12.336577 25.720800  0.693673 -0.614928 -0.375075  0.625000 0.562646
0  2.029854 11.008408 29.269457  0.693675 -0.614932 -0.375064  0.625000 0.542277
0  0.021818 11.040454 26.518843  0.693673 -0.614928 -0.375073  0.625000 0.623170
no_material
0  4.997321 -4.952476 58.345428  0.693747 -0.000015 -0.720219  0.375000 0.499758
0  4.997322 4.952472 58.345432  0.693747 -0.000009 -0.720219  0.375000 0.252000
0  8.456657 -0.000002 63.181866  0.693747 0.000005 -0.720219  0.498879 0.375152
no_material
0  -2.368742 13.634943 38.557278  -0.639221 0.763090 0.095340  0.625000 0.707938
0  -2.051248 14.963585 30.052614  -0.639221 0.763090 0.095340  0.625000 0.707852
0  -3.345200 12.371787 33.942070  -0.639222 0.763088 0.095354  0.625000 0.738852
no_material
0  -2.239645 10.970990 29.411537  -0.666079 -0.723910 -0.179703  0.625000 0.707887
0  -3.457021 9.695782 39.063087  -0.666087 -0.723918 -0.179640  0.625000 0.707909
0  -3.347979 12.323153 33.938412  -0.666081 -0.723912 -0.179688  0.625000 0.738752
no_material
0  -0.331355 9.594587 33.743896  0.000046 -0.981396 -0.191991  0.625000 0.625027
0  -0.014488 11.000690 26.556223  0.000046 -0.981398 -0.191984  0.625000 0.624973
0  2.002652 10.984364 29.334866  0.000045 -0.981399 -0.191981  0.625000 0.543204
no_material
0  -3.463439 9.720832 39.164700  -0.963012 0.260317 -0.069594  0.625000 0.708678
0  -2.379879 13.587293 38.632675  -0.963019 0.260290 -0.069590  0.625000 0.708652
0  -3.382369 12.342779 34.027020  -0.963012 0.260318 -0.069594  0.625000 0.739030
no_material
0  -3.363396 12.360396 33.856178  -0.989906 0.065908 -0.125470  0.625000 0.739028
0  -2.432475 13.422900 27.069567  -0.989909 0.065904 -0.125443  0.625000 0.734268
0  -2.232132 11.023435 29.342491  -0.989908 0.065905 -0.125454  0.625000 0.708708
no_material
0  -1.236426 12.349927 25.684925  -0.000015 -0.364025 -0.931389  0.625000 0.685288
0  1.236236 12.350140 25.684841  0.000005 -0.364025 -0.931389  0.625000 0.564704
0  -0.013173 11.061355 26.481632  0.000006 -0.364025 -0.931389  0.625000 0.625008
no_material
0  -2.612334 12.176023 46.586422  -0.801319 0.570654 0.179559  0.625000 0.708829
0  -5.865075 7.394542 47.266464  -0.801319 0.570654 0.179559  0.625000 0.749849
0  -4.013786 9.402908 50.351021  -0.801315 0.570660 0.179559  0.625000 0.743946
no_material
0  0.000020 8.457497 63.254448  -0.000057 0.693720 0.720244  0.501110 0.129125
0  0.000020 0.037878 71.364174  -0.000057 0.693724 0.720241  0.748899 0.624693
0  5.076170 5.121203 68.091957  -0.000057 0.693741 0.720225  0.624994 0.251557
no_material
0  -1.289890 14.935997 26.292910  -0.682960 0.715274 -0.148153  0.625000 0.687376
0  -2.036484 14.973372 29.915241  -0.682965 0.715274 -0.148127  0.625000 0.707690
0  -0.037796 15.818696 27.533760  -0.682962 0.715274 -0.148142  0.625000 0.626878
no_material
0  5.120902 5.120880 68.047623  0.706963 0.707021 -0.018018  0.871617 0.498259
0  4.997876 4.997856 58.389381  0.706964 0.707021 -0.017999  0.128394 0.498256
0  0.038398 8.456368 63.218685  0.706963 0.707021 -0.018019  0.499996 0.128101
no_material
0  4.177063 3.445169 51.680061  0.469511 0.073351 0.879874  0.625209 0.380707
0  -0.714856 3.217261 54.309353  0.469499 0.073351 0.879881  0.748187 0.621334
0  2.031174 0.053299 53.829926  0.469496 0.073350 0.879883  0.625897 0.253822
no_material
0  1.552975 10.259024 51.410435  0.483525 0.426882 0.764183  0.625000 0.562111
0  2.132185 6.352013 53.226479  0.483525 0.426879 0.764184  0.625000 0.501440
0  3.231966 9.384808 50.471066  0.483523 0.426893 0.764178  0.625000 0.506821
no_material
0  -0.078182 13.667938 42.668686  0.584192 0.800465 0.134073  0.625000 0.623688
0  3.393186 10.999322 43.475609  0.584200 0.800459 0.134074  0.625000 0.510294
0  2.040100 13.612911 38.715405  0.584191 0.800466 0.134072  0.625000 0.542202
no_material
0  -0.040964 13.757479 25.452486  -0.556287 0.178879 -0.811509  0.625000 0.627176
0  -2.381307 13.437520 26.986231  -0.556276 0.178880 -0.811516  0.625000 0.733100
0  -1.282836 14.890816 26.245394  -0.556265 0.178882 -0.811523  0.625000 0.687255
no_material
0  5.120900 -5.120883 68.047623  0.707020 -0.706963 -0.018018  0.623872 0.500000
0  4.997874 -4.997859 58.389381  0.707021 -0.706964 -0.017998  0.376131 0.500000
0  8.456388 -0.038381 63.218681  0.707020 -0.706963 -0.018019  0.499999 0.376129
no_material
0  -5.120863 -5.120881 68.047623  -0.706963 -0.707021 -0.018018  0.623872 0.750000
0  -4.997842 -4.997857 58.389381  -0.706964 -0.707021 -0.017998  0.376131 0.750000
0  -0.038362 -8.456370 63.218685  -0.706963 -0.707021 -0.018019  0.499999 0.626129
no_material
0  -4.952456 4.997304 58.345432  -0.000005 0.693705 -0.720259  0.375000 0.994880
0  4.952492 4.997302 58.345432  -0.000018 0.693706 -0.720259  0.375000 0.251607
0  0.000016 0.038087 55.073177  0.000006 0.693705 -0.720259  0.251121 0.624695
no_material
0  8.457516 -0.000002 63.254444  0.693721 0.000060 0.720244  0.501110 0.375158
0  0.037899 -0.000001 71.364174  0.693724 0.000060 0.720241  0.748899 0.622952
0  5.121223 -5.076151 68.091957  0.693741 0.000060 0.720225  0.624994 0.499762
no_material
0  5.774224 -3.446636 30.758278  0.952591 0.000002 -0.304254  0.624775 0.351919
0  5.774225 3.446632 30.758278  0.952591 -0.000003 -0.304254  0.625000 0.352475
0  6.493852 -0.000001 36.301502  0.952591 0.000000 -0.304254  0.624999 0.327984
no_material
0  -0.000002 -6.373994 -0.125683  0.000029 -0.622891 -0.782308  0.249897 0.625000
0  -0.000173 -9.100126 2.044851  0.000029 -0.622875 -0.782322  0.376110 0.625000
0  -1.605543 -7.962363 0.566309  0.000029 -0.622864 -0.782330  0.373540 0.746481
no_material
0  -4.952458 -4.997303 58.345428  -0.000015 -0.693747 -0.720219  0.375000 0.748879
0  4.952491 -4.997305 58.345428  -0.000009 -0.693747 -0.720219  0.375000 0.501121
0  0.000016 -8.456639 63.181870  0.000005 -0.693747 -0.720219  0.498879 0.625000
no_material
0  2.294446 -2.634476 22.399015  -0.006534 0.997307 -0.073049  0.573256 0.250915
0  -2.929898 -2.670956 22.368032  -0.006544 0.997307 -0.073049  0.609364 0.989876
0  -0.673036 -1.520383 25.937864  -0.006506 0.997307 -0.073048  0.612974 0.132294
no_material
0  -5.734213 -3.440825 50.761463  -0.575082 -0.118621 0.809451  0.625166 0.869552
0  -0.792825 -3.221093 54.304379  -0.575071 -0.118621 0.809458  0.751611 0.628490
0  -3.926215 -0.050775 53.372818  -0.575090 -0.118622 0.809444  0.625810 0.996508
no_material
0  -0.038072 -0.000001 55.073177  -0.693733 -0.000056 -0.720233  0.251121 0.623214
0  -8.456621 0.000001 63.181873  -0.693743 -0.000055 -0.720223  0.498879 0.870972
0  -4.997286 4.952474 58.345432  -0.693731 -0.000056 -0.720234  0.375000 0.005999
no_material
0  0.027097 -3.368011 1.875822  0.700145 0.694534 -0.165586  0.376732 0.130102
0  2.869372 -6.208191 1.980867  0.700145 0.694534 -0.165586  0.377475 0.374963
0  1.656057 -4.654111 0.483696  0.700143 0.694537 -0.165587  0.130925 0.494267
no_material
0  -5.121185 5.076150 68.091957  -0.693706 -0.000015 0.720258  0.624994 0.005944
0  -5.121187 -5.076149 68.091957  -0.693706 0.000009 0.720258  0.624994 0.749311
0  -0.037859 -0.000001 71.364174  -0.693706 -0.000006 0.720258  0.748899 0.623259
no_material
0  0.000016 -8.457498 63.254448  0.000060 -0.693720 0.720244  0.501110 0.625000
0  0.000020 -0.037880 71.364174  0.000060 -0.693724 0.720241  0.748899 0.625000
0  -5.076131 -5.121204 68.091957  0.000060 -0.693741 0.720225  0.624994 0.748894
no_material
0  5.675797 -3.434255 30.708185  0.521877 0.258887 -0.812787  0.624741 0.349270
0  -1.039817 -0.813829 27.230301  0.521904 0.258877 -0.812773  0.624705 0.127267
0  3.887220 -0.033837 28.146851  0.521963 0.258854 -0.812742  0.624980 0.230841
no_material
0  -1.656292 -4.653960 0.483629  -0.699841 0.693223 -0.172235  0.130849 0.743331
0  -2.224541 -3.763318 6.377123  -0.699843 0.693226 -0.172211  0.374914 0.009124
0  -0.035232 -3.368087 1.875702  -0.699842 0.693223 -0.172231  0.376497 0.132480
no_material
0  2.215645 -7.157674 22.567831  0.996803 -0.028424 -0.074669  0.573159 0.497976
0  2.331378 -2.670835 22.404110  0.996803 -0.028428 -0.074669  0.573175 0.252026
0  3.888218 -4.707386 26.234848  0.996803 -0.028449 -0.074668  0.611842 0.374206
no_material
0  -0.677353 -1.497647 26.025591  -0.018432 0.845217 -0.534105  0.613685 0.130514
0  -1.154047 -0.806446 27.135862  -0.018431 0.845216 -0.534107  0.624515 0.131255
0  3.218038 -2.117023 27.194855  -0.018437 0.845223 -0.534095  0.622286 0.241212
no_material
0  4.218939 -3.397852 51.655819  0.843582 -0.000005 0.537000  0.626522 0.380681
0  4.218942 3.397851 51.655815  0.843582 -0.000023 0.537000  0.626522 0.380681
0  2.057112 0.000000 53.795242  0.843582 0.000013 0.537000  0.871675 0.498343
no_material
0  -2.959731 -2.677551 22.243141  -0.708929 0.700694 -0.080300  0.607911 0.008240
0  -2.236670 -3.739507 6.593453  -0.708926 0.700690 -0.080354  0.376928 0.991830
0  -3.134647 -5.392587 14.663840  -0.708929 0.700694 -0.080291  0.492690 0.868605
no_material
0  -0.676893 -1.516127 25.996330  -0.410120 0.911639 -0.026749  0.613340 0.124957
0  -2.981058 -2.657480 22.420872  -0.410105 0.911647 -0.026716  0.609901 0.991188
0  -0.716291 -1.552178 25.984724  -0.410122 0.911638 -0.026746  0.613384 0.132017
no_material
0  -2.967762 -2.670922 22.371883  -0.791487 0.597284 -0.129616  0.609833 1.000000
0  -5.346918 -4.967248 26.318871  -0.791510 0.597262 -0.129576  0.613461 0.864695
0  -2.981058 -2.657480 22.420872  -0.791489 0.597283 -0.129611  0.609901 0.991188
no_material
0  -5.383926 -4.995875 26.318787  -0.638652 0.223912 -0.736198  0.613340 0.875738
0  -5.488240 -2.260951 27.241096  -0.638658 0.223925 -0.736189  0.624769 0.013037
0  -5.346918 -4.967248 26.318871  -0.638623 0.223911 -0.736223  0.613461 0.864695
no_material
0  -5.503620 -2.253980 27.280043  -0.264760 0.792864 -0.548879  0.625000 0.000000
0  -0.716291 -1.552178 25.984724  -0.264746 0.792837 -0.548925  0.613384 0.132017
0  -5.488240 -2.260951 27.241096  -0.264768 0.792834 -0.548919  0.624769 0.013037
no_material
0  -3.472556 -9.685941 39.160316  -0.999318 -0.036898 0.001531  0.625000 0.708333
0  -3.382374 -12.342779 34.027023  -0.999318 -0.036900 0.001529  0.625000 0.739030
0  -3.463442 -9.720830 39.164703  -0.999318 -0.036890 0.001548  0.625000 0.708678
no_material
0  -3.374502 -12.347861 33.937176  -0.873137 -0.484107 0.057201  0.625000 0.739583
0  -2.379885 -13.587290 38.632675  -0.873141 -0.484102 0.057176  0.625000 0.708652
0  -3.382374 -12.342779 34.027023  -0.873139 -0.484105 0.057186  0.625000 0.739030
no_material
0  -2.370434 -13.623519 38.637386  -0.876561 -0.465850 -0.120935  0.625000 0.708333
0  -4.424990 -10.989165 43.383690  -0.876562 -0.465846 -0.120938  0.625000 0.739863
0  -2.379885 -13.587290 38.632675  -0.876561 -0.465849 -0.120935  0.625000 0.708652
no_material
0  -4.434855 -10.976196 43.471611  -0.975386 -0.001825 -0.220498  0.625000 0.740451
0  -3.463442 -9.720830 39.164703  -0.975381 -0.001818 -0.220517  0.625000 0.708678
0  -4.424990 -10.989165 43.383690  -0.975381 -0.001818 -0.220520  0.625000 0.739863
no_material
0  2.332607 -2.633687 22.406374  0.399289 0.915230 0.054055  0.573222 0.250000
0  -0.631130 -1.552153 25.984383  0.399280 0.915233 0.054063  0.613109 0.127124
0  2.336108 -2.621602 22.459696  0.399279 0.915234 0.054065  0.573837 0.249958
no_material
0  -0.676893 -1.516127 25.996330  0.259564 0.834803 -0.485521  0.613340 0.124957
0  3.427079 -2.117202 27.156662  0.259560 0.834804 -0.485522  0.622159 0.247915
0  -0.631130 -1.552153 25.984383  0.259552 0.834805 -0.485524  0.613109 0.127124
no_material
0  3.434965 -2.112486 27.194523  0.731983 0.328987 -0.596631  0.622472 0.247222
0  3.853559 -4.677495 26.293732  0.731987 0.328959 -0.596642  0.612386 0.371482
0  3.427079 -2.117202 27.156662  0.731984 0.328978 -0.596635  0.622159 0.247915
no_material
0  3.893404 -4.703575 26.302645  0.752222 0.656928 0.051065  0.612524 0.374219
0  2.336108 -2.621602 22.459696  0.752236 0.656910 0.051100  0.573837 0.249958
0  3.853559 -4.677495 26.293732  0.752220 0.656932 0.051057  0.612386 0.371482
no_material
0  3.893404 -4.703575 26.302645  0.971066 0.213099 -0.107791  0.612524 0.374219
0  3.435671 -2.153958 27.219418  0.971064 0.213113 -0.107786  0.622383 0.249720
0  3.907178 -4.698053 26.337132  0.971065 0.213108 -0.107784  0.612748 0.373883
no_material
0  3.434965 -2.112486 27.194523  0.825055 -0.046066 -0.563171  0.622472 0.247222
0  5.748917 -3.509966 30.698919  0.825082 -0.046034 -0.563134  0.624725 0.352909
0  3.435671 -2.153958 27.219418  0.825086 -0.046032 -0.563128  0.622383 0.249720
no_material
0  5.772214 -3.491132 30.751987  0.814145 -0.371194 -0.446523  0.624772 0.352719
0  2.918999 -7.105446 28.553701  0.814144 -0.371185 -0.446532  0.622393 0.494768
0  5.748917 -3.509966 30.698919  0.814139 -0.371197 -0.446531  0.624725 0.352909
no_material
0  2.907776 -7.163593 28.555319  0.929326 -0.369164 0.008376  0.622472 0.497222
0  3.907178 -4.698053 26.337132  0.929325 -0.369167 0.008369  0.612748 0.373883
0  2.918999 -7.105446 28.553701  0.929335 -0.369144 0.008355  0.622393 0.494768
no_material
0  -0.000176 -9.140454 2.076960  -0.625647 -0.767611 -0.139066  0.376420 0.625000
0  -2.191711 -8.161993 6.536981  -0.625649 -0.767608 -0.139072  0.413482 0.750013
0  -0.031482 -9.110621 2.087526  -0.625646 -0.767611 -0.139070  0.376625 0.627598
no_material
0  -2.199297 -8.164874 6.621447  -0.761763 -0.630980 -0.146906  0.414139 0.750000
0  -2.873799 -6.270641 1.982316  -0.761761 -0.630984 -0.146896  0.379229 0.872400
0  -2.191711 -8.161993 6.536981  -0.761762 -0.630981 -0.146904  0.413482 0.750013
no_material
0  -2.902784 -6.240161 1.968943  -0.801268 -0.597877 0.022640  0.379077 0.875000
0  -1.655467 -7.963365 0.607179  -0.801265 -0.597881 0.022635  0.375132 0.749982
0  -2.873799 -6.270641 1.982316  -0.801260 -0.597888 0.022630  0.379229 0.872400
no_material
0  -1.652052 -7.961646 0.565739  -0.598538 -0.800412 0.033059  0.375000 0.750000
0  -0.031482 -9.110621 2.087526  -0.598529 -0.800418 0.033070  0.376625 0.627598
0  -1.655467 -7.963365 0.607179  -0.598536 -0.800414 0.033063  0.375132 0.749982
no_material
0  2.215092 -7.194310 22.574404  0.743768 -0.659587 0.108415  0.573222 0.500000
0  3.857093 -4.730472 26.300180  0.743759 -0.659600 0.108398  0.612369 0.376393
0  2.217179 -7.197269 22.629967  0.743767 -0.659588 0.108414  0.573787 0.499964
no_material
0  3.893404 -4.703575 26.302645  0.737133 -0.591093 -0.327481  0.612524 0.374219
0  2.901278 -7.164956 28.512449  0.737138 -0.591075 -0.327503  0.622241 0.497053
0  3.857093 -4.730472 26.300180  0.737129 -0.591098 -0.327482  0.612369 0.376393
no_material
0  2.907776 -7.163593 28.555319  0.387617 -0.887417 -0.249489  0.622472 0.497222
0  -0.771389 -8.203928 26.539444  0.387627 -0.887411 -0.249493  0.612351 0.623033
0  2.901278 -7.164956 28.512449  0.387629 -0.887412 -0.249486  0.622241 0.497053
no_material
0  -0.812007 -8.235047 26.549377  0.455426 -0.882368 0.118380  0.612524 0.625000
0  2.217179 -7.197269 22.629967  0.455428 -0.882368 0.118378  0.573787 0.499964
0  -0.771389 -8.203928 26.539444  0.455435 -0.882365 0.118369  0.612351 0.623033
no_material
0  -0.812007 -8.235047 26.549377  0.186006 -0.966845 0.174965  0.612524 0.625000
0  2.847656 -7.166882 28.562105  0.185983 -0.966851 0.174955  0.622410 0.499198
0  -0.812970 -8.235368 26.587561  0.185990 -0.966849 0.174958  0.612673 0.624900
no_material
0  2.907776 -7.163593 28.555319  0.144785 -0.977329 -0.154483  0.622472 0.497222
0  -1.037412 -8.285262 31.955025  0.144786 -0.977327 -0.154495  0.624640 0.625005
0  2.847656 -7.166882 28.562105  0.144794 -0.977325 -0.154499  0.622410 0.499198
no_material
0  -1.036828 -8.285545 31.999701  -0.034378 -0.986903 -0.157612  0.624684 0.625000
0  -5.173469 -7.599601 28.607470  -0.034375 -0.986903 -0.157607  0.622417 0.750865
0  -1.037412 -8.285262 31.955025  -0.034385 -0.986902 -0.157617  0.624640 0.625005
no_material
0  -5.237119 -7.602975 28.599453  -0.068716 -0.984967 0.158488  0.622472 0.752778
0  -0.812970 -8.235368 26.587561  -0.068740 -0.984964 0.158498  0.612673 0.624900
0  -5.173469 -7.599601 28.607470  -0.068729 -0.984965 0.158493  0.622417 0.750865
no_material
0  -2.792677 -7.306017 22.562906  -0.391797 -0.919900 -0.016683  0.573222 0.750000
0  -0.848177 -8.206359 26.538258  -0.391806 -0.919896 -0.016708  0.612317 0.626964
0  -2.806921 -7.314013 22.617105  -0.391814 -0.919893 -0.016716  0.573815 0.749851
no_material
0  -0.812007 -8.235047 26.549377  -0.302239 -0.870331 -0.388812  0.612524 0.625000
0  -5.220391 -7.599396 28.553444  -0.302259 -0.870327 -0.388806  0.622268 0.753123
0  -0.848177 -8.206359 26.538258  -0.302259 -0.870328 -0.388805  0.612317 0.626964
no_material
0  -5.237119 -7.602975 28.599453  -0.659587 -0.512974 -0.549366  0.622472 0.752778
0  -5.349584 -5.021314 26.323881  -0.659582 -0.512950 -0.549394  0.613204 0.873539
0  -5.220391 -7.599396 28.553444  -0.659576 -0.512993 -0.549361  0.622268 0.753123
no_material
0  -5.383926 -4.995875 26.318787  -0.749647 -0.652026 -0.113541  0.613340 0.875738
0  -2.806921 -7.314013 22.617105  -0.749638 -0.652036 -0.113544  0.573815 0.749851
0  -5.349584 -5.021314 26.323881  -0.749635 -0.652037 -0.113551  0.613204 0.873539
no_material
0  -0.000002 -6.335350 -0.156452  0.480144 -0.169336 -0.860690  0.246528 0.625000
0  1.652919 -4.706122 0.445115  0.480147 -0.169337 -0.860688  0.373582 0.256384
0  0.039820 -6.334261 -0.127224  0.480146 -0.169337 -0.860689  0.249904 0.618455
no_material
0  1.652049 -4.659835 0.442752  0.680359 -0.158872 -0.715452  0.375000 0.250000
0  2.856933 -6.241549 1.939800  0.680357 -0.158866 -0.715455  0.379495 0.375517
0  1.652919 -4.706122 0.445115  0.680353 -0.158863 -0.715460  0.373582 0.256384
no_material
0  2.898606 -6.240163 1.970376  0.679080 0.104729 -0.726555  0.379892 0.375000
0  1.652742 -7.915108 0.564514  0.679077 0.104724 -0.726558  0.373577 0.499365
0  2.856933 -6.241549 1.939800  0.679075 0.104720 -0.726561  0.379495 0.375517
no_material
0  1.652048 -7.961646 0.565737  0.479656 0.104191 -0.871249  0.375000 0.500000
0  0.039820 -6.334261 -0.127224  0.479647 0.104200 -0.871253  0.249904 0.618455
0  1.652742 -7.915108 0.564514  0.479659 0.104187 -0.871248  0.373577 0.499365
no_material
0  -5.383926 -4.995875 26.318787  -0.926149 -0.277862 -0.255031  0.613340 0.875738
0  -5.245839 -7.547788 28.597473  -0.926148 -0.277882 -0.255012  0.622409 0.753825
0  -5.402057 -4.990416 26.352238  -0.926146 -0.277877 -0.255025  0.613549 0.866872
no_material
0  -5.237119 -7.602975 28.599453  -0.816921 -0.270989 -0.509122  0.622472 0.752778
0  -7.976852 -3.741166 30.939732  -0.816915 -0.270994 -0.509128  0.624785 0.888993
0  -5.245839 -7.547788 28.597473  -0.816921 -0.270989 -0.509122  0.622409 0.753825
no_material
0  -8.006350 -3.723873 30.991261  -0.814326 -0.065029 -0.576754  0.624810 0.896375
0  -5.507633 -2.295910 27.302275  -0.814310 -0.065023 -0.576777  0.624885 0.015174
0  -7.976852 -3.741166 30.939732  -0.814319 -0.065025 -0.576764  0.624785 0.888993
no_material
0  -5.503620 -2.253980 27.280043  -0.942574 0.075359 -0.325384  0.625000 0.000000
0  -5.402057 -4.990416 26.352238  -0.942574 0.075358 -0.325384  0.613549 0.866872
0  -5.507633 -2.295910 27.302275  -0.942574 0.075344 -0.325390  0.624885 0.015174
no_material
0  -1.281611 -14.935954 26.254501  -0.622304 -0.076280 -0.779050  0.625000 0.687500
0  -2.381313 -13.437522 26.986231  -0.622307 -0.076275 -0.779049  0.625000 0.733100
0  -1.282842 -14.890816 26.245394  -0.622304 -0.076280 -0.779050  0.625000 0.687255
no_material
0  -2.424967 -13.431578 27.014845  -0.620996 -0.258190 -0.740069  0.625000 0.734761
0  -1.282588 -12.396094 25.695129  -0.620991 -0.258188 -0.740073  0.625000 0.687244
0  -2.381313 -13.437522 26.986231  -0.620993 -0.258189 -0.740071  0.625000 0.733100
no_material
0  -1.281610 -12.350987 25.684511  -0.476970 -0.283433 -0.831965  0.625000 0.687500
0  -0.040970 -13.757476 25.452486  -0.476945 -0.283403 -0.831989  0.625000 0.627176
0  -1.282588 -12.396094 25.695129  -0.476972 -0.283431 -0.831964  0.625000 0.687244
no_material
0  0.000003 -13.763383 25.425703  -0.477432 -0.092113 -0.873827  0.625000 0.625000
0  -1.282842 -14.890816 26.245394  -0.477419 -0.092108 -0.873835  0.625000 0.687255
0  -0.040970 -13.757476 25.452486  -0.477429 -0.092114 -0.873829  0.625000 0.627176
no_material
0  -8.006350 -3.723873 30.991261  -0.723291 -0.652826 0.225097  0.624810 0.896375
0  -5.240346 -7.599350 28.641022  -0.723321 -0.652805 0.225059  0.622499 0.752876
0  -7.965886 -3.750117 31.003788  -0.723285 -0.652834 0.225091  0.624798 0.894687
no_material
0  -5.237119 -7.602975 28.599453  -0.362097 -0.891858 0.271062  0.622472 0.752778
0  -1.078704 -8.257878 32.000835  -0.362092 -0.891855 0.271079  0.624674 0.626518
0  -5.240346 -7.599350 28.641022  -0.362113 -0.891853 0.271059  0.622499 0.752876
no_material
0  -1.036828 -8.285545 31.999701  -0.381758 -0.915863 -0.124319  0.624684 0.625000
0  -5.847121 -6.911063 36.644932  -0.381724 -0.915873 -0.124353  0.624996 0.752847
0  -1.078704 -8.257878 32.000835  -0.381749 -0.915866 -0.124328  0.624674 0.626518
no_material
0  -5.851633 -6.906143 36.698936  -0.658875 -0.734503 -0.162445  0.625000 0.752778
0  -7.965886 -3.750117 31.003788  -0.658868 -0.734511 -0.162440  0.624798 0.894687
0  -5.847121 -6.911063 36.644932  -0.658870 -0.734512 -0.162426  0.624996 0.752847
no_material
0  -0.004003 -3.339871 1.862359  -0.179772 0.983706 0.002096  0.379077 0.125000
0  -2.196437 -3.750358 6.465012  -0.179770 0.983706 0.002092  0.375567 0.989595
0  -0.004375 -3.333766 1.940670  -0.179776 0.983705 0.002104  0.379368 0.133144
no_material
0  -2.232704 -3.750636 6.461334  -0.168029 0.977717 -0.125843  0.375000 1.000000
0  -0.115054 -2.358663 14.447952  -0.168031 0.977715 -0.125854  0.491111 0.132898
0  -2.196437 -3.750358 6.465012  -0.168030 0.977715 -0.125851  0.375567 0.989595
no_material
0  -0.116408 -2.348431 14.579193  0.168565 0.978077 -0.122278  0.492680 0.125000
0  2.140631 -3.750384 6.477000  0.168569 0.978074 -0.122294  0.414057 0.251960
0  -0.115054 -2.358663 14.447952  0.168568 0.978075 -0.122290  0.491111 0.132898
no_material
0  2.177025 -3.750637 6.473862  0.179289 0.983788 0.004181  0.414139 0.250000
0  -0.004375 -3.333766 1.940670  0.179296 0.983786 0.004198  0.379368 0.133144
0  2.140631 -3.750384 6.477000  0.179297 0.983786 0.004198  0.414057 0.251960
no_material
0  -1.652052 -7.961646 0.565739  -0.678043 0.104063 -0.727618  0.375000 0.750000
0  -2.861054 -6.241549 1.938389  -0.678049 0.104071 -0.727612  0.378701 0.862670
0  -1.652754 -7.915121 0.564520  -0.678044 0.104064 -0.727618  0.373568 0.747862
no_material
0  -2.902784 -6.240161 1.968943  -0.679238 -0.158442 -0.716611  0.379077 0.875000
0  -1.652930 -4.706107 0.445121  -0.679230 -0.158432 -0.716621  0.373574 0.018971
0  -2.861054 -6.241549 1.938389  -0.679235 -0.158437 -0.716616  0.378701 0.862670
no_material
0  -1.652051 -4.659835 0.442753  -0.479739 -0.168780 -0.861025  0.375000 0.000000
0  -0.039859 -6.334262 -0.127260  -0.479727 -0.168792 -0.861029  0.249902 0.619602
0  -1.652930 -4.706107 0.445121  -0.479737 -0.168781 -0.861026  0.373574 0.018971
no_material
0  -0.000002 -6.335350 -0.156452  -0.479299 0.103728 -0.871500  0.246528 0.625000
0  -1.652754 -7.915121 0.564520  -0.479311 0.103719 -0.871495  0.373568 0.747862
0  -0.039859 -6.334262 -0.127260  -0.479307 0.103723 -0.871497  0.249902 0.619602
no_material
0  -0.000002 -6.335350 -0.156452  0.135513 0.446276 -0.884575  0.246528 0.625000
0  -1.605722 -4.658944 0.443353  0.135503 0.446288 -0.884571  0.373574 0.983960
0  -0.000002 -6.294361 -0.128826  0.135502 0.446289 -0.884571  0.249900 0.623861
no_material
0  -1.652051 -4.659835 0.442753  0.130162 0.648640 -0.749882  0.375000 1.000000
0  -0.003940 -3.382934 1.833337  0.130168 0.648646 -0.749876  0.378704 0.137807
0  -1.605722 -4.658944 0.443353  0.130155 0.648636 -0.749888  0.373574 0.983960
no_material
0  -0.004003 -3.339871 1.862359  -0.130094 0.648288 -0.750198  0.379077 0.125000
0  1.605667 -4.658990 0.443322  -0.130091 0.648286 -0.750201  0.373572 0.255015
0  -0.003940 -3.382934 1.833337  -0.130084 0.648280 -0.750208  0.378704 0.137807
no_material
0  1.652049 -4.659835 0.442752  -0.135327 0.446134 -0.884676  0.375000 0.250000
0  -0.000002 -6.294361 -0.128826  -0.135325 0.446135 -0.884675  0.249900 0.623861
0  1.605667 -4.658990 0.443322  -0.135312 0.446148 -0.884671  0.373572 0.255015
no_material
0  6.176759 -3.767144 42.484383  0.998201 0.007505 0.059483  0.625000 0.384592
0  6.509249 -0.000001 36.428024  0.998201 0.007505 0.059483  0.625000 0.328337
0  6.176825 -3.726385 42.483372  0.998201 0.007505 0.059483  0.625000 0.384182
no_material
0  6.513445 -0.000001 36.362839  0.998202 -0.007551 0.059469  0.625000 0.327778
0  6.176826 3.726383 42.483372  0.998202 -0.007551 0.059468  0.625000 0.384182
0  6.509249 -0.000001 36.428024  0.998202 -0.007551 0.059468  0.625000 0.328337
no_material
0  6.176761 3.767143 42.484383  0.997560 -0.007799 0.069376  0.625000 0.384592
0  5.770255 -0.000001 47.907314  0.997560 -0.007800 0.069376  0.625000 0.333840
0  6.176826 3.726383 42.483372  0.997560 -0.007799 0.069376  0.625000 0.384182
no_material
0  5.766367 -0.000001 47.967693  0.997559 0.007741 0.069399  0.625000 0.333333
0  6.176825 -3.726385 42.483372  0.997559 0.007741 0.069399  0.625000 0.384182
0  5.770255 -0.000001 47.907314  0.997559 0.007741 0.069398  0.625000 0.333840
no_material
0  1.281617 -14.935954 26.254501  0.806096 -0.591512 -0.017968  0.625000 0.562500
0  2.378037 -13.465383 27.033640  0.806097 -0.591511 -0.017965  0.625000 0.516389
0  1.289599 -14.935724 26.293018  0.806096 -0.591512 -0.017968  0.625000 0.562616
no_material
0  2.409385 -13.431578 27.014843  0.730675 -0.641840 -0.232711  0.625000 0.515239
0  1.978598 -14.973460 29.915178  0.730673 -0.641849 -0.232693  0.625000 0.542319
0  2.378037 -13.465383 27.033640  0.730674 -0.641845 -0.232701  0.625000 0.516389
no_material
0  1.990829 -14.974102 29.979332  0.595780 -0.775428 -0.209181  0.625000 0.541667
0  0.033227 -15.818702 27.533937  0.595791 -0.775422 -0.209175  0.625000 0.623118
0  1.978598 -14.973460 29.915178  0.595784 -0.775426 -0.209179  0.625000 0.542319
no_material
0  -0.002127 -15.851686 27.528563  0.593190 -0.804720 0.023468  0.625000 0.625000
0  1.289599 -14.935724 26.293018  0.593170 -0.804735 0.023477  0.625000 0.562616
0  0.033227 -15.818702 27.533937  0.593181 -0.804727 0.023470  0.625000 0.623118
no_material
0  6.176759 -3.767144 42.484383  0.949687 -0.220348 0.222578  0.625000 0.384592
0  5.756903 -0.042412 47.963055  0.949687 -0.220347 0.222578  0.625000 0.334004
0  6.163888 -3.766912 42.542553  0.949687 -0.220349 0.222576  0.625000 0.384921
no_material
0  5.766367 -0.000001 47.967693  0.955762 -0.218155 0.197302  0.625000 0.333333
0  4.227624 -3.447553 51.610004  0.955762 -0.218154 0.197301  0.625000 0.380559
0  5.756903 -0.042412 47.963055  0.955762 -0.218155 0.197302  0.625000 0.334004
no_material
0  4.217184 -3.446111 51.658581  0.947778 -0.250583 0.197297  0.625000 0.380208
0  4.061285 -7.313562 47.495327  0.947778 -0.250584 0.197295  0.625000 0.498737
0  4.227624 -3.447553 51.610004  0.947778 -0.250582 0.197297  0.625000 0.380559
no_material
0  4.050219 -7.356769 47.497005  0.942762 -0.249116 0.221676  0.625000 0.500000
0  6.163888 -3.766912 42.542553  0.942764 -0.249114 0.221674  0.625000 0.384921
0  4.061285 -7.313562 47.495327  0.942763 -0.249115 0.221675  0.625000 0.498737
no_material
0  4.215573 -6.801886 36.685535  0.668870 -0.726858 0.155853  0.625000 0.497222
0  6.141365 -3.786438 42.482204  0.668875 -0.726851 0.155867  0.625000 0.385904
0  4.211331 -6.806766 36.745064  0.668873 -0.726854 0.155860  0.625000 0.497236
no_material
0  6.176759 -3.767144 42.484383  0.673091 -0.705565 -0.221647  0.625000 0.384592
0  4.046988 -7.356147 47.441311  0.673106 -0.705543 -0.221672  0.625000 0.500009
0  6.141365 -3.786438 42.482204  0.673089 -0.705569 -0.221639  0.625000 0.385904
no_material
0  4.050219 -7.356769 47.497005  0.262099 -0.942772 -0.206119  0.625000 0.500000
0  -0.809475 -7.589435 42.382088  0.262088 -0.942772 -0.206131  0.625000 0.623743
0  4.046988 -7.356147 47.441311  0.262085 -0.942773 -0.206134  0.625000 0.500009
no_material
0  -0.848932 -7.611043 42.381992  0.271990 -0.956257 0.107677  0.625000 0.625000
0  4.211331 -6.806766 36.745064  0.271988 -0.956258 0.107669  0.625000 0.497236
0  -0.809475 -7.589435 42.382088  0.271996 -0.956256 0.107669  0.625000 0.623743
no_material
0  -0.904329 -8.287641 44.020512  0.125366 0.897281 -0.423284  0.625000 0.625000
0  4.023826 -7.368305 47.429726  0.125376 0.897272 -0.423301  0.625000 0.500951
0  -0.865862 -8.310079 44.019344  0.125390 0.897282 -0.423275  0.625000 0.623794
no_material
0  4.050219 -7.356769 47.497005  0.681161 0.486458 -0.547156  0.625000 0.500000
0  3.393960 -10.957707 43.478432  0.681163 0.486462 -0.547148  0.625000 0.510140
0  4.023826 -7.368305 47.429726  0.681161 0.486445 -0.547167  0.625000 0.500951
no_material
0  3.424742 -10.976196 43.476147  0.812971 0.581797 -0.024293  0.625000 0.509549
0  2.357152 -9.662120 39.224117  0.812945 0.581833 -0.024304  0.625000 0.541918
0  3.393960 -10.957707 43.478432  0.812953 0.581824 -0.024272  0.625000 0.510140
no_material
0  2.354673 -9.685941 39.160316  0.192382 0.970215 -0.147214  0.625000 0.541667
0  -0.865862 -8.310079 44.019344  0.192402 0.970206 -0.147249  0.625000 0.623794
0  2.357152 -9.662120 39.224117  0.192392 0.970211 -0.147228  0.625000 0.541918
no_material
0  -6.253207 0.000001 28.351671  -0.258217 -0.334870 -0.906193  0.625000 0.000000
0  -1.258114 -0.812051 27.228333  -0.258205 -0.334864 -0.906199  0.624744 0.135550
0  -6.245144 -0.034702 28.337490  -0.258235 -0.334867 -0.906189  0.624998 0.011689
no_material
0  -1.154172 -0.787967 27.165108  -0.284711 0.820442 -0.495796  0.624737 0.123741
0  -5.510239 -2.222566 27.292425  -0.284715 0.820439 -0.495800  0.624997 0.981825
0  -1.258114 -0.812051 27.228333  -0.284688 0.820449 -0.495798  0.624744 0.135550
no_material
0  -5.503620 -2.253980 27.280043  -0.761031 0.587524 -0.275040  0.625000 1.000000
0  -7.918037 -3.664160 30.947498  -0.761003 0.587547 -0.275069  0.624815 0.885549
0  -5.510239 -2.222566 27.292425  -0.761021 0.587535 -0.275046  0.624997 0.981825
no_material
0  -8.006350 -3.723873 30.991261  -0.390567 -0.407363 -0.825538  0.624810 0.896375
0  -6.245144 -0.034702 28.337490  -0.390626 -0.407387 -0.825498  0.624998 0.011689
0  -7.918037 -3.664160 30.947498  -0.390608 -0.407350 -0.825525  0.624815 0.885549
no_material
0  3.272308 9.398193 50.438065  0.951729 0.304426 0.039196  0.625000 0.505884
0  4.033297 7.397380 47.498718  0.951730 0.304424 0.039194  0.625000 0.500172
0  3.277529 9.401129 50.382278  0.951729 0.304427 0.039199  0.625000 0.506057
no_material
0  4.050222 7.356768 47.497009  0.937130 0.318822 0.141917  0.625000 0.500000
0  3.421686 10.966835 43.536167  0.937130 0.318817 0.141925  0.625000 0.509791
0  4.033297 7.397380 47.498718  0.937130 0.318819 0.141923  0.625000 0.500172
no_material
0  3.424747 10.976198 43.476147  0.873661 0.452850 0.177888  0.625000 0.509549
0  2.171580 12.172920 46.584713  0.873661 0.452848 0.177891  0.625000 0.541133
0  3.421686 10.966835 43.536167  0.873662 0.452848 0.177884  0.625000 0.509791
no_material
0  2.155787 12.210162 46.588642  0.895368 0.441022 0.061774  0.625000 0.541667
0  3.277529 9.401129 50.382278  0.895367 0.441025 0.061762  0.625000 0.506057
0  2.171580 12.172920 46.584713  0.895369 0.441021 0.061770  0.625000 0.541133
no_material
0  -0.000176 -9.140454 2.076960  0.172860 -0.976644 0.127619  0.376420 0.625000
0  2.151819 -8.164704 6.628845  0.172870 -0.976640 0.127633  0.414205 0.502066
0  -0.000266 -9.136298 2.156174  0.172864 -0.976642 0.127624  0.377076 0.624999
no_material
0  2.188160 -8.164875 6.625622  0.162406 -0.986705 0.006211  0.414139 0.500000
0  -0.038222 -8.480832 14.649981  0.162453 -0.986697 0.006224  0.491465 0.625001
0  2.151819 -8.164704 6.628845  0.162406 -0.986705 0.006212  0.414205 0.502066
no_material
0  -0.038729 -8.473955 14.781070  -0.162580 -0.986683 0.004951  0.492733 0.625000
0  -2.163010 -8.164698 6.624848  -0.162589 -0.986682 0.004924  0.414206 0.747928
0  -0.038222 -8.480832 14.649981  -0.162586 -0.986682 0.004933  0.491465 0.625001
no_material
0  -2.199297 -8.164874 6.621447  -0.173225 -0.976637 0.127173  0.414139 0.750000
0  -0.000266 -9.136298 2.156174  -0.173222 -0.976638 0.127169  0.377076 0.624999
0  -2.163010 -8.164698 6.624848  -0.173227 -0.976636 0.127176  0.414206 0.747928
no_material
0  1.652048 -7.961646 0.565737  0.801649 -0.597315 0.023942  0.375000 0.500000
0  2.869621 -6.270654 1.983705  0.801661 -0.597298 0.023954  0.380030 0.377600
0  1.655411 -7.963341 0.607202  0.801649 -0.597316 0.023940  0.375141 0.500017
no_material
0  2.898606 -6.240163 1.970376  0.762354 -0.630609 -0.145425  0.379892 0.375000
0  2.180722 -8.161997 6.541065  0.762354 -0.630608 -0.145427  0.413489 0.499988
0  2.869621 -6.270654 1.983705  0.762351 -0.630617 -0.145407  0.380030 0.377600
no_material
0  2.188160 -8.164875 6.625622  0.626257 -0.767349 -0.137760  0.414139 0.500000
0  0.031071 -9.110620 2.087552  0.626259 -0.767348 -0.137752  0.376627 0.622402
0  2.180722 -8.161997 6.541065  0.626253 -0.767351 -0.137766  0.413489 0.499988
no_material
0  -0.000176 -9.140454 2.076960  0.599084 -0.799957 0.034179  0.376420 0.625000
0  1.655411 -7.963341 0.607202  0.599079 -0.799959 0.034184  0.375141 0.500017
0  0.031071 -9.110620 2.087552  0.599092 -0.799950 0.034172  0.376627 0.622402
no_material
0  -2.902784 -6.240161 1.968943  -0.979795 -0.186440 0.072402  0.379077 0.875000
0  -2.199623 -8.128330 6.622635  -0.979795 -0.186441 0.072401  0.414054 0.748066
0  -2.904363 -6.235777 2.047354  -0.979794 -0.186442 0.072407  0.379370 0.866924
no_material
0  -2.199297 -8.164874 6.621447  -0.982061 -0.179883 -0.056556  0.414139 0.750000
0  -3.156797 -5.426088 14.533905  -0.982060 -0.179888 -0.056563  0.491111 0.867076
0  -2.199623 -8.128330 6.622635  -0.982058 -0.179891 -0.056576  0.414054 0.748066
no_material
0  -3.159437 -5.417592 14.664518  -0.983856 0.160416 -0.079341  0.492680 0.875000
0  -2.232516 -3.786648 6.466909  -0.983858 0.160412 -0.079320  0.375573 0.010388
0  -3.156797 -5.426088 14.533905  -0.983857 0.160414 -0.079330  0.491111 0.867076
no_material
0  -2.232704 -3.750636 6.461334  -0.983026 0.176455 0.050233  0.375000 0.000000
0  -2.904363 -6.235777 2.047354  -0.983028 0.176449 0.050215  0.379370 0.866924
0  -2.232516 -3.786648 6.466909  -0.983026 0.176458 0.050231  0.375573 0.010388
no_material
0  -0.848929 7.611043 42.381992  0.361607 0.830700 0.423294  0.625000 0.625000
0  -5.649368 7.290699 47.110775  0.361580 0.830716 0.423285  0.625000 0.743922
0  -0.849719 7.628682 42.424721  0.361589 0.830721 0.423268  0.625000 0.625002
no_material
0  -5.892246 7.356771 47.265247  -0.563675 0.194360 -0.802804  0.625000 0.750000
0  -0.903689 8.272733 43.984398  -0.563705 0.194349 -0.802786  0.625000 0.625069
0  -5.649368 7.290699 47.110775  -0.563698 0.194353 -0.802790  0.625000 0.743922
no_material
0  -0.904325 8.287642 44.020515  0.591064 0.202699 -0.780741  0.625000 0.625000
0  3.814710 7.292030 47.334618  0.591079 0.202669 -0.780737  0.625000 0.505950
0  -0.903689 8.272733 43.984398  0.591071 0.202671 -0.780743  0.625000 0.625069
no_material
0  4.050222 7.356768 47.497009  -0.370925 0.836587 0.403158  0.625000 0.500000
0  -0.849719 7.628682 42.424721  -0.370908 0.836588 0.403174  0.625000 0.625002
0  3.814710 7.292030 47.334618  -0.370923 0.836588 0.403160  0.625000 0.505950
no_material
0  2.898606 -6.240163 1.970376  0.981739 0.180982 0.058596  0.379892 0.375000
0  2.177152 -3.786641 6.479436  0.981737 0.180988 0.058608  0.414230 0.252063
0  2.899260 -6.235689 2.049023  0.981738 0.180986 0.058603  0.380487 0.375024
no_material
0  2.177025 -3.750637 6.473862  0.983950 0.165615 -0.066433  0.414139 0.250000
0  3.003213 -5.413345 14.564902  0.983949 0.165616 -0.066454  0.491473 0.374984
0  2.177152 -3.786641 6.479436  0.983949 0.165615 -0.066451  0.414230 0.252063
no_material
0  3.004300 -5.404794 14.695745  0.985415 -0.164324 -0.044220  0.492733 0.375000
0  2.188088 -8.128345 6.626775  0.985414 -0.164326 -0.044226  0.414213 0.497948
0  3.003213 -5.413345 14.564902  0.985414 -0.164326 -0.044226  0.491473 0.374984
no_material
0  2.188160 -8.164875 6.625622  0.982014 -0.170731 0.080614  0.414139 0.500000
0  2.899260 -6.235689 2.049023  0.982014 -0.170735 0.080616  0.380487 0.375024
0  2.188088 -8.128345 6.626775  0.982014 -0.170734 0.080615  0.414213 0.497948
no_material
0  4.215573 -6.801886 36.685535  0.412774 -0.892460 -0.182024  0.625000 0.497222
0  -0.994657 -8.256423 32.000519  0.412748 -0.892466 -0.182055  0.624673 0.623496
0  4.206004 -6.804811 36.630219  0.412761 -0.892464 -0.182036  0.624996 0.497129
no_material
0  -1.036828 -8.285545 31.999701  0.410661 -0.893504 0.181679  0.624684 0.625000
0  2.913562 -7.162291 28.595755  0.410664 -0.893507 0.181660  0.622499 0.497113
0  -0.994657 -8.256423 32.000519  0.410661 -0.893506 0.181671  0.624673 0.623496
no_material
0  2.907776 -7.163593 28.555319  0.745916 -0.654206 0.124993  0.622472 0.497222
0  5.734209 -3.518467 30.767548  0.745923 -0.654197 0.124999  0.624760 0.354423
0  2.913562 -7.162291 28.595755  0.745924 -0.654197 0.125000  0.622499 0.497113
no_material
0  5.772214 -3.491132 30.751987  0.652769 -0.720988 -0.232527  0.624772 0.352719
0  4.206004 -6.804811 36.630219  0.652768 -0.720991 -0.232519  0.624996 0.497129
0  5.734209 -3.518467 30.767548  0.652768 -0.720994 -0.232514  0.624760 0.354423
no_material
0  -3.159437 -5.417592 14.664518  -0.863087 -0.500319 0.069006  0.492680 0.875000
0  -2.202908 -8.159047 6.753035  -0.863088 -0.500316 0.069012  0.415413 0.749985
0  -3.134218 -5.442273 14.666547  -0.863090 -0.500311 0.069026  0.492708 0.872939
no_material
0  -2.199297 -8.164874 6.621447  -0.486037 -0.868541 0.096976  0.414139 0.750000
0  -0.064093 -8.449139 14.778721  -0.486040 -0.868539 0.096983  0.492734 0.626999
0  -2.202908 -8.159047 6.753035  -0.486037 -0.868540 0.096986  0.415413 0.749985
no_material
0  -0.038729 -8.473955 14.781070  -0.484757 -0.873659 -0.041598  0.492733 0.625000
0  -2.787137 -7.313661 22.435608  -0.484742 -0.873666 -0.041630  0.571913 0.750025
0  -0.064093 -8.449139 14.778721  -0.484743 -0.873665 -0.041634  0.492734 0.626999
no_material
0  -2.792677 -7.306017 22.562906  -0.860465 -0.502952 -0.081479  0.573222 0.750000
0  -3.134218 -5.442273 14.666547  -0.860466 -0.502948 -0.081499  0.492708 0.872939
0  -2.787137 -7.313661 22.435608  -0.860466 -0.502945 -0.081510  0.571913 0.750025
no_material
0  -2.792677 -7.306017 22.562906  -0.180635 -0.979947 0.084115  0.573222 0.750000
0  -0.041704 -8.471583 14.893093  -0.180631 -0.979949 0.084095  0.493887 0.624981
0  -2.755666 -7.305243 22.560627  -0.180638 -0.979946 0.084122  0.573189 0.748029
no_material
0  -0.038729 -8.473955 14.781070  0.218277 -0.971022 0.097318  0.492733 0.625000
0  2.177405 -7.195303 22.567289  0.218278 -0.971022 0.097318  0.573142 0.501784
0  -0.041704 -8.471583 14.893093  0.218282 -0.971019 0.097337  0.493887 0.624981
no_material
0  2.215092 -7.194310 22.574404  0.238353 -0.968355 -0.074005  0.573222 0.500000
0  -0.805594 -8.236303 26.485134  0.238346 -0.968356 -0.074008  0.611885 0.625104
0  2.177405 -7.195303 22.567289  0.238337 -0.968360 -0.073993  0.573142 0.501784
no_material
0  -0.812007 -8.235047 26.549377  -0.204640 -0.970623 -0.126543  0.612524 0.625000
0  -2.755666 -7.305243 22.560627  -0.204644 -0.970622 -0.126547  0.573189 0.748029
0  -0.805594 -8.236303 26.485134  -0.204644 -0.970621 -0.126551  0.611885 0.625104
no_material
0  -0.038729 -8.473955 14.781070  0.524943 -0.843687 0.112371  0.492733 0.625000
0  2.188367 -8.156769 6.759135  0.524939 -0.843688 0.112382  0.415426 0.500013
0  -0.013796 -8.448868 14.779357  0.524938 -0.843688 0.112390  0.492741 0.622947
no_material
0  2.188160 -8.164875 6.625622  0.851901 -0.515694 0.091237  0.414139 0.500000
0  2.979346 -5.429926 14.697051  0.851901 -0.515693 0.091239  0.492757 0.377045
0  2.188367 -8.156769 6.759135  0.851902 -0.515691 0.091246  0.415426 0.500013
no_material
0  3.004300 -5.404794 14.695745  0.853449 -0.520086 -0.033689  0.492733 0.375000
0  2.215167 -7.201804 22.446428  0.853450 -0.520086 -0.033690  0.571902 0.499988
0  2.979346 -5.429926 14.697051  0.853450 -0.520084 -0.033698  0.492757 0.377045
no_material
0  2.215092 -7.194310 22.574404  0.526538 -0.850041 -0.013748  0.573222 0.500000
0  -0.013796 -8.448868 14.779357  0.526536 -0.850042 -0.013759  0.492741 0.622947
0  2.215167 -7.201804 22.446428  0.526535 -0.850042 -0.013759  0.571902 0.499988
no_material
0  3.004300 -5.404794 14.695745  0.849528 0.527102 0.021600  0.492733 0.375000
0  2.177402 -3.740536 6.605243  0.849529 0.527099 0.021610  0.415413 0.250012
0  2.979044 -5.380111 14.694142  0.849528 0.527100 0.021610  0.492742 0.372941
no_material
0  2.177025 -3.750637 6.473862  0.509952 0.860196 -0.003467  0.414139 0.250000
0  -0.091005 -2.373283 14.580482  0.509951 0.860196 -0.003461  0.492700 0.126999
0  2.177402 -3.740536 6.605243  0.509953 0.860195 -0.003468  0.415413 0.250012
no_material
0  -0.116408 -2.348431 14.579193  0.506665 0.852509 -0.128527  0.492680 0.125000
0  2.330264 -2.641524 22.279163  0.506663 0.852509 -0.128533  0.571915 0.249996
0  -0.091005 -2.373283 14.580482  0.506655 0.852510 -0.128559  0.492700 0.126999
no_material
0  2.332607 -2.633687 22.406374  0.847377 0.518679 -0.113681  0.573222 0.250000
0  2.979044 -5.380111 14.694142  0.847378 0.518675 -0.113697  0.492742 0.372941
0  2.330264 -2.641524 22.279163  0.847378 0.518676 -0.113691  0.571915 0.249996
no_material
0  -2.967762 -2.670922 22.371883  -0.949781 0.301906 -0.082271  0.609833 0.000000
0  -3.181476 -5.412310 14.779715  -0.949781 0.301904 -0.082284  0.494194 0.867490
0  -2.965646 -2.708082 22.369654  -0.949780 0.301908 -0.082274  0.609322 0.010224
no_material
0  -3.159437 -5.417592 14.664518  -0.923769 -0.380135 -0.046349  0.492680 0.875000
0  -2.793362 -7.269485 22.557724  -0.923768 -0.380140 -0.046329  0.573291 0.748373
0  -3.181476 -5.412310 14.779715  -0.923768 -0.380139 -0.046330  0.494194 0.867490
no_material
0  -2.792677 -7.306017 22.562906  -0.847464 -0.412236 -0.334463  0.573222 0.750000
0  -5.370599 -4.997334 26.248707  -0.847474 -0.412231 -0.334445  0.612948 0.867920
0  -2.793362 -7.269485 22.557724  -0.847452 -0.412246 -0.334483  0.573291 0.748373
no_material
0  -5.383926 -4.995875 26.318787  -0.879711 0.315078 -0.356138  0.613340 0.875738
0  -2.965646 -2.708082 22.369654  -0.879696 0.315088 -0.356167  0.609322 0.010224
0  -5.370599 -4.997334 26.248707  -0.879705 0.315082 -0.356149  0.612948 0.867920
no_material
0  -1.281610 -12.350987 25.684511  -0.806917 0.531359 -0.257958  0.625000 0.687500
0  -2.396145 -13.394787 27.020376  -0.806911 0.531388 -0.257918  0.625000 0.733626
0  -1.289476 -12.335923 25.720255  -0.806908 0.531367 -0.257969  0.625000 0.687331
no_material
0  -2.424967 -13.431578 27.014845  -0.734045 0.495242 -0.464665  0.625000 0.734761
0  -2.217303 -11.008701 29.269163  -0.734050 0.495233 -0.464666  0.625000 0.707742
0  -2.396145 -13.394787 27.020376  -0.734051 0.495249 -0.464648  0.625000 0.733626
no_material
0  -2.233315 -10.985003 29.331585  -0.604322 0.634567 -0.481787  0.625000 0.708333
0  -0.049253 -11.040862 26.518448  -0.604324 0.634564 -0.481789  0.625000 0.626825
0  -2.217303 -11.008701 29.269163  -0.604312 0.634565 -0.481803  0.625000 0.707742
no_material
0  -0.013455 -11.011467 26.501131  -0.598002 0.747128 -0.290160  0.625000 0.625000
0  -1.289476 -12.335923 25.720255  -0.597989 0.747120 -0.290209  0.625000 0.687331
0  -0.049253 -11.040862 26.518448  -0.598013 0.747115 -0.290171  0.625000 0.626825
no_material
0  -8.480742 0.000002 36.422405  -0.964778 -0.248317 0.086840  0.625000 0.922222
0  -8.005723 -3.723253 31.053186  -0.964779 -0.248316 0.086841  0.624812 0.895785
0  -8.466020 -0.038742 36.422001  -0.964778 -0.248320 0.086834  0.624999 0.921625
no_material
0  -8.006350 -3.723873 30.991261  -0.888609 -0.450728 0.084959  0.624810 0.896375
0  -5.866351 -6.867454 36.698124  -0.888615 -0.450719 0.084946  0.624999 0.754074
0  -8.005723 -3.723253 31.053186  -0.888612 -0.450724 0.084953  0.624812 0.895785
no_material
0  -5.851633 -6.906143 36.698936  -0.886516 -0.458169 -0.064587  0.625000 0.752778
0  -7.835980 -3.777884 41.749294  -0.886515 -0.458168 -0.064604  0.625000 0.865119
0  -5.866351 -6.867454 36.698124  -0.886514 -0.458170 -0.064601  0.624999 0.754074
no_material
0  -7.835344 -3.777382 41.808605  -0.965672 -0.252259 -0.061998  0.625000 0.865408
0  -8.466020 -0.038742 36.422001  -0.965671 -0.252263 -0.061986  0.624999 0.921625
0  -7.835980 -3.777884 41.749294  -0.965671 -0.252262 -0.061993  0.625000 0.865119
no_material
0  0.000003 -13.763383 25.425703  0.477938 -0.284653 -0.830992  0.625000 0.625000
0  1.282525 -12.396194 25.695107  0.477929 -0.284666 -0.830993  0.625000 0.562754
0  0.040883 -13.757451 25.452599  0.477939 -0.284654 -0.830991  0.625000 0.622822
no_material
0  1.281618 -12.350987 25.684511  0.624665 -0.259088 -0.736659  0.625000 0.562500
0  2.366017 -13.437523 26.986233  0.624662 -0.259084 -0.736663  0.625000 0.516905
0  1.282525 -12.396194 25.695107  0.624659 -0.259082 -0.736666  0.625000 0.562754
no_material
0  2.409385 -13.431578 27.014843  0.625998 -0.073944 -0.776311  0.625000 0.515239
0  1.282779 -14.890737 26.245333  0.626002 -0.073927 -0.776309  0.625000 0.562743
0  2.366017 -13.437523 26.986233  0.625994 -0.073942 -0.776315  0.625000 0.516905
no_material
0  1.281617 -14.935954 26.254501  0.478467 -0.090574 -0.873422  0.625000 0.562500
0  0.040883 -13.757451 25.452599  0.478460 -0.090568 -0.873426  0.625000 0.622822
0  1.282779 -14.890737 26.245333  0.478467 -0.090574 -0.873422  0.625000 0.562743
no_material
0  -8.006350 -3.723873 30.991261  -0.979324 0.117284 -0.164832  0.624810 0.896375
0  -8.464792 0.000002 36.364620  -0.979323 0.117289 -0.164831  0.624999 0.921302
0  -8.008106 -3.677650 30.997627  -0.979323 0.117283 -0.164837  0.624812 0.891461
no_material
0  -8.480742 0.000002 36.422405  -0.979298 -0.117426 -0.164883  0.625000 0.922222
0  -8.008105 3.677653 30.997627  -0.979298 -0.117434 -0.164879  0.625000 0.890936
0  -8.464792 0.000002 36.364620  -0.979299 -0.117431 -0.164875  0.624999 0.921302
no_material
0  -8.006349 3.723875 30.991261  -0.907264 -0.150287 -0.392792  0.625000 0.895844
0  -6.264907 0.000001 28.394060  -0.907256 -0.150255 -0.392823  0.624999 0.011187
0  -8.008105 3.677653 30.997627  -0.907265 -0.150286 -0.392790  0.625000 0.890936
no_material
0  -6.253207 0.000001 28.351671  -0.907246 0.150281 -0.392837  0.625000 0.000000
0  -8.008106 -3.677650 30.997627  -0.907250 0.150269 -0.392832  0.624812 0.891461
0  -6.264907 0.000001 28.394060  -0.907250 0.150270 -0.392830  0.624999 0.011187
no_material
0  4.215573 -6.801886 36.685535  0.115384 -0.992546 -0.039228  0.625000 0.497222
0  -0.848732 -7.614357 42.330799  0.115402 -0.992544 -0.039236  0.625000 0.625000
0  4.167345 -6.802230 36.687996  0.115379 -0.992547 -0.039219  0.624999 0.498419
no_material
0  -0.848932 -7.611043 42.381992  -0.097827 -0.994472 -0.038161  0.625000 0.625000
0  -5.804621 -6.905560 36.700363  -0.097816 -0.994473 -0.038153  0.624999 0.751556
0  -0.848732 -7.614357 42.330799  -0.097822 -0.994472 -0.038157  0.625000 0.625000
no_material
0  -5.851633 -6.906143 36.698936  -0.106446 -0.978034 0.179216  0.625000 0.752778
0  -1.035733 -8.282486 32.046749  -0.106447 -0.978031 0.179231  0.624687 0.625023
0  -5.804621 -6.905560 36.700363  -0.106439 -0.978035 0.179217  0.624999 0.751556
no_material
0  -1.036828 -8.285545 31.999701  0.123948 -0.977343 0.171575  0.624684 0.625000
0  4.167345 -6.802230 36.687996  0.123956 -0.977343 0.171570  0.624999 0.498419
0  -1.035733 -8.282486 32.046749  0.123951 -0.977343 0.171574  0.624687 0.625023
no_material
0  -2.973737 -6.296893 53.134590  -0.785248 -0.333122 0.521934  0.625000 0.750000
0  -5.759500 -3.494710 50.730083  -0.785250 -0.333131 0.521926  0.625000 0.868214
0  -2.996943 -6.299035 53.091625  -0.785254 -0.333121 0.521926  0.625000 0.750714
no_material
0  -5.774226 -3.446109 50.732262  -0.843985 -0.341809 0.413346  0.625000 0.869792
0  -5.870285 -7.345933 47.311100  -0.843986 -0.341809 0.413346  0.625000 0.750646
0  -5.759500 -3.494710 50.730083  -0.843985 -0.341805 0.413350  0.625000 0.868214
no_material
0  -5.892248 -7.356767 47.265244  -0.892517 -0.208086 0.400141  0.625000 0.750000
0  -4.019103 -9.357115 50.402897  -0.892514 -0.208087 0.400149  0.625000 0.744404
0  -5.870285 -7.345933 47.311100  -0.892512 -0.208090 0.400151  0.625000 0.750646
no_material
0  -4.005452 -9.398190 50.403217  -0.825693 -0.191621 0.530577  0.625000 0.744117
0  -2.996943 -6.299035 53.091625  -0.825695 -0.191626 0.530573  0.625000 0.750714
0  -4.019103 -9.357115 50.402897  -0.825694 -0.191625 0.530574  0.625000 0.744404
no_material
0  -4.434855 -10.976196 43.471611  -0.721531 0.338388 -0.604059  0.625000 0.740451
0  -5.857917 -7.369457 47.191631  -0.721516 0.338360 -0.604091  0.625000 0.748928
0  -4.406507 -10.955060 43.475101  -0.721486 0.338390 -0.604111  0.625000 0.739755
no_material
0  -5.892248 -7.356767 47.265244  -0.116331 0.890595 -0.439667  0.625000 0.750000
0  -0.938908 -8.312339 44.018459  -0.116302 0.890586 -0.439693  0.625000 0.626295
0  -5.857917 -7.369457 47.191631  -0.116317 0.890592 -0.439677  0.625000 0.748928
no_material
0  -0.904329 -8.287641 44.020512  -0.201616 0.964996 -0.167732  0.625000 0.625000
0  -3.481941 -9.658995 39.228168  -0.201614 0.964990 -0.167767  0.625000 0.708023
0  -0.938908 -8.312339 44.018459  -0.201622 0.964993 -0.167742  0.625000 0.626295
no_material
0  -3.472556 -9.685941 39.160316  -0.893366 0.444968 -0.062460  0.625000 0.708333
0  -4.406507 -10.955060 43.475101  -0.893361 0.444974 -0.062482  0.625000 0.739755
0  -3.481941 -9.658995 39.228168  -0.893355 0.444981 -0.062514  0.625000 0.708023
no_material
0  -4.005452 -9.398190 50.403217  -0.828210 -0.541285 0.145184  0.625000 0.744117
0  -5.865077 -7.394537 47.266460  -0.828210 -0.541286 0.145180  0.625000 0.749849
0  -4.013790 -9.402906 50.351021  -0.828210 -0.541285 0.145183  0.625000 0.743946
no_material
0  -5.892248 -7.356767 47.265244  -0.816130 -0.541014 0.203068  0.625000 0.750000
0  -4.430011 -10.966106 43.525295  -0.816129 -0.541015 0.203068  0.625000 0.740248
0  -5.865077 -7.394537 47.266460  -0.816128 -0.541016 0.203067  0.625000 0.749849
no_material
0  -4.434855 -10.976196 43.471611  -0.768764 -0.601110 0.218331  0.625000 0.740451
0  -2.612340 -12.176023 46.586414  -0.768762 -0.601110 0.218337  0.625000 0.708829
0  -4.430011 -10.966106 43.525295  -0.768763 -0.601111 0.218335  0.625000 0.740248
no_material
0  -2.587531 -12.210160 46.588634  -0.783809 -0.602102 0.152043  0.625000 0.708333
0  -4.013790 -9.402906 50.351021  -0.783810 -0.602101 0.152040  0.625000 0.743946
0  -2.612340 -12.176023 46.586414  -0.783810 -0.602102 0.152040  0.625000 0.708829
no_material
0  2.145688 -6.296894 53.248718  0.884622 -0.091497 0.457244  0.625000 0.500000
0  3.282745 -9.355662 50.436932  0.884630 -0.091473 0.457233  0.625000 0.505589
0  2.162133 -6.293294 53.207069  0.884638 -0.091481 0.457216  0.625000 0.499123
no_material
0  3.272303 -9.398192 50.438065  0.975905 -0.071755 0.206058  0.625000 0.505884
0  4.033075 -7.350044 47.547009  0.975907 -0.071758 0.206049  0.625000 0.499419
0  3.282745 -9.355662 50.436932  0.975907 -0.071755 0.206052  0.625000 0.505589
no_material
0  4.050219 -7.356769 47.497005  0.919160 -0.305356 0.248803  0.625000 0.500000
0  4.207434 -3.498868 51.651432  0.919159 -0.305373 0.248784  0.625000 0.381959
0  4.033075 -7.350044 47.547009  0.919159 -0.305358 0.248803  0.625000 0.499419
no_material
0  4.217184 -3.446111 51.658581  0.820205 -0.342898 0.457913  0.625000 0.380208
0  2.162133 -6.293294 53.207069  0.820204 -0.342897 0.457916  0.625000 0.499123
0  4.207434 -3.498868 51.651432  0.820215 -0.342884 0.457906  0.625000 0.381959
no_material
0  -2.370434 -13.623519 38.637386  -0.399947 -0.892055 0.210429  0.625000 0.708333
0  -0.144314 -13.670520 42.668831  -0.399947 -0.892056 0.210424  0.625000 0.626228
0  -2.369075 -13.613025 38.707424  -0.399950 -0.892056 0.210419  0.625000 0.707850
no_material
0  -0.109941 -13.690444 42.672691  -0.422896 -0.903241 0.072897  0.625000 0.625000
0  -2.591251 -12.217186 46.531345  -0.422891 -0.903244 0.072887  0.625000 0.708068
0  -0.144314 -13.670520 42.668831  -0.422895 -0.903242 0.072894  0.625000 0.626228
no_material
0  -2.587531 -12.210160 46.588634  -0.613700 -0.787938 0.050266  0.625000 0.708333
0  -4.399532 -10.997516 43.470345  -0.613703 -0.787934 0.050278  0.625000 0.739816
0  -2.591251 -12.217186 46.531345  -0.613705 -0.787934 0.050265  0.625000 0.708068
no_material
0  -4.434855 -10.976196 43.471611  -0.582056 -0.791634 0.185815  0.625000 0.740451
0  -2.369075 -13.613025 38.707424  -0.582052 -0.791636 0.185817  0.625000 0.707850
0  -4.399532 -10.997516 43.470345  -0.582055 -0.791633 0.185819  0.625000 0.739816
no_material
0  2.354673 -9.685941 39.160316  0.130984 0.990357 -0.045127  0.625000 0.541667
0  -0.337153 -9.569876 33.894985  0.130982 0.990357 -0.045128  0.625000 0.624978
0  2.315222 -9.686205 39.158226  0.130983 0.990357 -0.045129  0.625000 0.542781
no_material
0  -0.334848 -9.578773 33.824730  -0.132576 0.989523 -0.057167  0.625000 0.625000
0  -3.433490 -9.685790 39.161510  -0.132587 0.989522 -0.057151  0.625000 0.707197
0  -0.337153 -9.569876 33.894985  -0.132577 0.989523 -0.057168  0.625000 0.624978
no_material
0  -3.472556 -9.685941 39.160316  -0.134153 0.968687 -0.208921  0.625000 0.708333
0  -0.900819 -8.296182 43.953068  -0.134156 0.968685 -0.208931  0.625000 0.625032
0  -3.433490 -9.685790 39.161510  -0.134157 0.968684 -0.208935  0.625000 0.707197
no_material
0  -0.904329 -8.287641 44.020512  0.132761 0.972431 -0.191709  0.625000 0.625000
0  2.315222 -9.686205 39.158226  0.132811 0.972428 -0.191689  0.625000 0.542781
0  -0.900819 -8.296182 43.953068  0.132811 0.972427 -0.191693  0.625000 0.625032
no_material
0  2.155781 -12.210160 46.588634  0.494143 -0.763757 0.415328  0.625000 0.541667
0  3.233961 -9.426982 50.423908  0.494143 -0.763758 0.415326  0.625000 0.507069
0  2.142348 -12.187277 46.653522  0.494144 -0.763757 0.415328  0.625000 0.542302
no_material
0  3.272303 -9.398192 50.438065  0.566742 -0.766290 0.302661  0.625000 0.505884
0  1.553498 -10.304731 51.360825  0.566758 -0.766280 0.302656  0.625000 0.562224
0  3.233961 -9.426982 50.423908  0.566746 -0.766288 0.302658  0.625000 0.507069
no_material
0  1.539843 -10.294664 51.398827  0.416772 -0.853000 0.314153  0.625000 0.562500
0  -0.030210 -11.820004 49.341290  0.416772 -0.853004 0.314143  0.625000 0.623488
0  1.553498 -10.304731 51.360825  0.416768 -0.853002 0.314152  0.625000 0.562224
no_material
0  -0.068389 -11.839314 49.347019  0.386367 -0.819633 0.422991  0.625000 0.625000
0  2.142348 -12.187277 46.653522  0.386369 -0.819634 0.422987  0.625000 0.542302
0  -0.030210 -11.820004 49.341290  0.386367 -0.819633 0.422992  0.625000 0.623488
no_material
0  -1.652049 7.961645 0.565739  0.132823 0.708168 -0.693438  0.375000 0.750000
0  -0.000169 9.100128 2.044852  0.132829 0.708171 -0.693433  0.374733 0.625000
0  -1.605539 7.962362 0.566309  0.132819 0.708165 -0.693442  0.373564 0.746481
no_material
0  -0.000172 9.140455 2.076961  -0.132909 0.708131 -0.693459  0.375000 0.625000
0  1.605541 7.962359 0.566307  -0.132897 0.708117 -0.693476  0.373564 0.503519
0  -0.000169 9.100128 2.044852  -0.132895 0.708118 -0.693475  0.374733 0.625000
no_material
0  1.652052 7.961645 0.565738  -0.137549 0.512318 -0.847709  0.375000 0.500000
0  0.000001 6.373994 -0.125684  -0.137551 0.512313 -0.847711  0.253275 0.625000
0  1.605541 7.962359 0.566307  -0.137545 0.512321 -0.847708  0.373564 0.503519
no_material
0  0.000001 6.335350 -0.156452  0.137618 0.512363 -0.847670  0.250000 0.625000
0  -1.605539 7.962362 0.566309  0.137612 0.512369 -0.847668  0.373564 0.746481
0  0.000001 6.373994 -0.125684  0.137611 0.512370 -0.847668  0.253275 0.625000
no_material
0  -5.851633 -6.906143 36.698936  -0.272257 -0.954323 0.123056  0.625000 0.752778
0  -0.888886 -7.589224 42.381058  -0.272252 -0.954326 0.123048  0.625000 0.626268
0  -5.849457 -6.909898 36.756332  -0.272272 -0.954323 0.123028  0.625000 0.752811
no_material
0  -0.848932 -7.611043 42.381992  -0.244135 -0.947820 -0.205025  0.625000 0.625000
0  -5.886497 -7.357378 47.208839  -0.244143 -0.947818 -0.205023  0.625000 0.749954
0  -0.888886 -7.589224 42.381058  -0.244159 -0.947819 -0.205001  0.625000 0.626268
no_material
0  -5.892248 -7.356767 47.265244  -0.661938 -0.712325 -0.233305  0.625000 0.750000
0  -7.799862 -3.796739 41.808983  -0.661937 -0.712330 -0.233294  0.625000 0.864074
0  -5.886497 -7.357378 47.208839  -0.661929 -0.712340 -0.233283  0.625000 0.749954
no_material
0  -7.835344 -3.777382 41.808605  -0.688674 -0.705635 0.166755  0.625000 0.865408
0  -5.849457 -6.909898 36.756332  -0.688685 -0.705624 0.166755  0.625000 0.752811
0  -7.799862 -3.796739 41.808983  -0.688685 -0.705624 0.166757  0.625000 0.864074
no_material
0  -0.755718 -3.219611 54.330963  0.046642 0.114486 0.992329  0.753472 0.625000
0  1.987951 0.000000 53.830105  0.046641 0.114482 0.992330  0.626627 0.256032
0  -0.757796 -3.169320 54.330799  0.046638 0.114481 0.992330  0.751775 0.624851
no_material
0  2.032740 0.000000 53.833530  0.047140 -0.114436 0.992312  0.625000 0.250000
0  -0.757794 3.169322 54.330799  0.047131 -0.114462 0.992309  0.748357 0.624851
0  1.987951 0.000000 53.830105  0.047129 -0.114448 0.992311  0.626627 0.256032
no_material
0  -0.755716 3.219613 54.330963  -0.188790 -0.104946 0.976394  0.750000 0.625000
0  -3.882409 0.000001 53.380722  -0.188798 -0.104964 0.976390  0.626570 0.994303
0  -0.757794 3.169322 54.330799  -0.188792 -0.104948 0.976393  0.748357 0.624851
no_material
0  -3.930771 0.000001 53.377022  -0.188240 0.105011 0.976493  0.625000 1.000000
0  -0.757796 -3.169320 54.330799  -0.188280 0.104996 0.976487  0.751775 0.624851
0  -3.882409 0.000001 53.380722  -0.188258 0.104993 0.976491  0.626570 0.994303
no_material
0  5.772216 3.491129 30.751987  0.378747 0.416326 -0.826573  0.625000 0.353281
0  3.887220 0.033833 28.146851  0.378756 0.416346 -0.826559  0.625000 0.230863
0  5.675798 3.434251 30.708185  0.378758 0.416351 -0.826556  0.625000 0.349858
no_material
0  3.893814 -0.000002 28.161860  0.229221 0.349869 -0.908323  0.625000 0.230556
0  -1.039816 0.813831 27.230299  0.229227 0.349877 -0.908318  0.625000 0.127353
0  3.887220 0.033833 28.146851  0.229248 0.349865 -0.908317  0.625000 0.230863
no_material
0  -1.154171 0.787969 27.165104  0.247425 -0.864680 -0.437160  0.625000 0.123785
0  3.440121 2.081140 27.207813  0.247458 -0.864670 -0.437162  0.625000 0.249636
0  -1.039816 0.813831 27.230299  0.247427 -0.864679 -0.437161  0.625000 0.127353
no_material
0  3.434967 2.112485 27.194523  0.714818 -0.668811 -0.204274  0.625000 0.250000
0  5.675798 3.434251 30.708185  0.714824 -0.668807 -0.204266  0.625000 0.349858
0  3.440121 2.081140 27.207813  0.714820 -0.668806 -0.204282  0.625000 0.249636
no_material
0  3.272303 -9.398192 50.438065  0.508364 -0.470135 0.721484  0.625000 0.505884
0  2.132182 -6.352013 53.226471  0.508362 -0.470131 0.721488  0.625036 0.501440
0  3.231961 -9.384807 50.471066  0.508362 -0.470130 0.721489  0.625006 0.506821
no_material
0  2.145688 -6.296894 53.248718  0.410100 -0.479133 0.776047  0.625000 0.500000
0  -0.067275 -8.592044 53.001263  0.410094 -0.479132 0.776051  0.628401 0.623010
0  2.132182 -6.352013 53.226471  0.410097 -0.479134 0.776048  0.625036 0.501440
no_material
0  -0.108011 -8.598913 53.023201  0.440857 -0.358425 0.822908  0.628472 0.625000
0  1.552971 -10.259025 51.410431  0.440862 -0.358420 0.822907  0.625030 0.562111
0  -0.067275 -8.592044 53.001263  0.440864 -0.358424 0.822904  0.628401 0.623010
no_material
0  1.539843 -10.294664 51.398827  0.586487 -0.342353 0.734049  0.625000 0.562500
0  3.231961 -9.384807 50.471066  0.586484 -0.342341 0.734057  0.625006 0.506821
0  1.552971 -10.259025 51.410431  0.586493 -0.342348 0.734046  0.625030 0.562111
no_material
0  2.043456 -13.623520 38.637386  0.681217 -0.706183 0.193001  0.625000 0.541667
0  3.393181 -10.999321 43.475609  0.681219 -0.706175 0.193020  0.625000 0.510294
0  2.040094 -13.612909 38.715405  0.681217 -0.706180 0.193010  0.625000 0.542202
no_material
0  3.424742 -10.976196 43.476147  0.721707 -0.691971 0.017766  0.625000 0.509549
0  2.158516 -12.218735 46.525505  0.721721 -0.691956 0.017756  0.625000 0.541952
0  3.393181 -10.999321 43.475609  0.721710 -0.691967 0.017776  0.625000 0.510294
no_material
0  2.155781 -12.210160 46.588634  0.470613 -0.880356 0.059136  0.625000 0.541667
0  -0.078188 -13.667939 42.668690  0.470613 -0.880356 0.059129  0.625000 0.623688
0  2.158516 -12.218735 46.525505  0.470612 -0.880356 0.059133  0.625000 0.541952
no_material
0  -0.109941 -13.690444 42.672691  0.438847 -0.870871 0.221352  0.625000 0.625000
0  2.040094 -13.612909 38.715405  0.438855 -0.870873 0.221330  0.625000 0.542202
0  -0.078188 -13.667939 42.668690  0.438845 -0.870872 0.221354  0.625000 0.623688
no_material
0  -7.835344 -3.777382 41.808605  -0.992525 0.001396 0.122031  0.625000 0.865408
0  -7.288123 0.000002 46.215355  -0.992525 0.001396 0.122031  0.625000 0.916146
0  -7.835581 -3.734351 41.806667  -0.992525 0.001396 0.122031  0.625000 0.865871
no_material
0  -7.281698 0.000002 46.268108  -0.992532 -0.001473 0.121973  0.625000 0.916667
0  -7.835580 3.734355 41.806671  -0.992532 -0.001473 0.121973  0.625000 0.865871
0  -7.288123 0.000002 46.215355  -0.992532 -0.001473 0.121973  0.625000 0.916146
no_material
0  -7.835343 3.777386 41.808613  -0.992787 -0.001299 0.119881  0.625000 0.865408
0  -8.473508 0.000002 36.481812  -0.992787 -0.001299 0.119881  0.625000 0.921655
0  -7.835580 3.734355 41.806671  -0.992787 -0.001299 0.119881  0.625000 0.865871
no_material
0  -8.480742 0.000002 36.422405  -0.992793 0.001216 0.119839  0.625000 0.922222
0  -7.835581 -3.734351 41.806667  -0.992793 0.001216 0.119838  0.625000 0.865871
0  -8.473508 0.000002 36.481812  -0.992793 0.001216 0.119838  0.625000 0.921655
no_material
0  4.050222 7.356768 47.497009  0.947772 0.250592 0.197311  0.625000 0.500000
0  4.227626 3.447553 51.609997  0.947772 0.250593 0.197311  0.625000 0.380559
0  4.061288 7.313561 47.495331  0.947772 0.250592 0.197312  0.625000 0.498737
no_material
0  4.217186 3.446110 51.658573  0.955763 0.218161 0.197291  0.625000 0.380208
0  5.756903 0.042409 47.963055  0.955763 0.218160 0.197289  0.625000 0.334004
0  4.227626 3.447553 51.609997  0.955763 0.218161 0.197291  0.625000 0.380559
no_material
0  5.766367 -0.000001 47.967693  0.949680 0.220351 0.222605  0.625000 0.333333
0  6.163890 3.766910 42.542553  0.949680 0.220349 0.222608  0.625000 0.384921
0  5.756903 0.042409 47.963055  0.949680 0.220351 0.222605  0.625000 0.334004
no_material
0  6.176761 3.767143 42.484383  0.942757 0.249154 0.221654  0.625000 0.384592
0  4.061288 7.313561 47.495331  0.942757 0.249155 0.221656  0.625000 0.498737
0  6.163890 3.766910 42.542553  0.942757 0.249155 0.221656  0.625000 0.384921
no_material
0  2.155781 -12.210160 46.588634  0.873710 -0.452744 0.177914  0.625000 0.541667
0  3.421680 -10.966833 43.536167  0.873710 -0.452744 0.177914  0.625000 0.509791
0  2.171574 -12.172918 46.584705  0.873711 -0.452743 0.177910  0.625000 0.541133
no_material
0  3.424742 -10.976196 43.476147  0.937095 -0.318910 0.141947  0.625000 0.509549
0  4.033293 -7.397381 47.498714  0.937096 -0.318906 0.141951  0.625000 0.500172
0  3.421680 -10.966833 43.536167  0.937095 -0.318910 0.141948  0.625000 0.509791
no_material
0  4.050219 -7.356769 47.497005  0.951718 -0.304466 0.039160  0.625000 0.500000
0  3.277524 -9.401129 50.382278  0.951716 -0.304472 0.039170  0.625000 0.506057
0  4.033293 -7.397381 47.498714  0.951714 -0.304475 0.039174  0.625000 0.500172
no_material
0  3.272303 -9.398192 50.438065  0.895399 -0.440959 0.061764  0.625000 0.505884
0  2.171574 -12.172918 46.584705  0.895399 -0.440961 0.061761  0.625000 0.541133
0  3.277524 -9.401129 50.382278  0.895401 -0.440956 0.061770  0.625000 0.506057
no_material
0  -8.006349 3.723875 30.991261  -0.964805 0.248223 0.086809  0.625000 0.895844
0  -8.466020 0.038745 36.422001  -0.964805 0.248226 0.086806  0.625000 0.921622
0  -8.005722 3.723256 31.053186  -0.964804 0.248232 0.086795  0.625000 0.895259
no_material
0  -8.480742 0.000002 36.422405  -0.965669 0.252261 -0.062026  0.625000 0.922222
0  -7.835979 3.777887 41.749298  -0.965669 0.252264 -0.062021  0.625000 0.865119
0  -8.466020 0.038745 36.422001  -0.965669 0.252261 -0.062026  0.625000 0.921622
no_material
0  -7.835343 3.777386 41.808613  -0.886538 0.458130 -0.064552  0.625000 0.865408
0  -5.866349 6.867459 36.698124  -0.886542 0.458124 -0.064544  0.625000 0.754072
0  -7.835979 3.777887 41.749298  -0.886542 0.458125 -0.064543  0.625000 0.865119
no_material
0  -5.851631 6.906147 36.698936  -0.888643 0.450654 0.084996  0.625000 0.752778
0  -8.005722 3.723256 31.053186  -0.888644 0.450654 0.084987  0.625000 0.895259
0  -5.866349 6.867459 36.698124  -0.888646 0.450650 0.084983  0.625000 0.754072
no_material
0  -2.587531 -12.210160 46.588634  -0.350244 -0.830869 0.432419  0.625000 0.708333
0  -0.108860 -11.821431 49.343052  -0.350242 -0.830869 0.432420  0.625000 0.626425
0  -2.574493 -12.188032 46.647259  -0.350244 -0.830869 0.432419  0.625000 0.707786
no_material
0  -0.068389 -11.839314 49.347019  -0.369725 -0.860994 0.349274  0.625000 0.625000
0  -1.736113 -10.305566 51.362015  -0.369731 -0.860994 0.349268  0.625000 0.687638
0  -0.108860 -11.821431 49.343052  -0.369730 -0.860993 0.349271  0.625000 0.626425
no_material
0  -1.721816 -10.294664 51.398827  -0.472030 -0.807895 0.352837  0.625000 0.687500
0  -3.963864 -9.426031 50.387836  -0.472031 -0.807895 0.352836  0.625000 0.743085
0  -1.736113 -10.305566 51.362015  -0.472031 -0.807894 0.352837  0.625000 0.687638
no_material
0  -4.005452 -9.398190 50.403217  -0.423977 -0.796894 0.430353  0.625000 0.744117
0  -2.574493 -12.188032 46.647259  -0.423975 -0.796893 0.430357  0.625000 0.707786
0  -3.963864 -9.426031 50.387836  -0.423973 -0.796897 0.430351  0.625000 0.743085
no_material
0  -5.774226 -3.446109 50.732262  -0.865684 0.085684 0.493203  0.625000 0.869792
0  -3.950606 0.000001 53.334942  -0.865676 0.085645 0.493224  0.871765 0.751604
0  -5.776093 -3.400419 50.728302  -0.865689 0.085674 0.493197  0.626433 0.869331
no_material
0  -3.930771 0.000001 53.377022  -0.865727 -0.085739 0.493119  0.875000 0.750000
0  -5.776092 3.400423 50.728294  -0.865713 -0.085702 0.493149  0.626433 0.869332
0  -3.950606 0.000001 53.334942  -0.865712 -0.085704 0.493150  0.871765 0.751604
no_material
0  -5.774224 3.446112 50.732258  -0.926941 -0.072455 0.368146  0.625000 0.869792
0  -7.257105 0.000002 46.320282  -0.926940 -0.072449 0.368149  0.625201 0.916018
0  -5.776092 3.400423 50.728294  -0.926937 -0.072443 0.368158  0.626433 0.869332
no_material
0  -7.281698 0.000002 46.268108  -0.926874 0.072554 0.368293  0.625000 0.916667
0  -5.776093 -3.400419 50.728302  -0.926878 0.072558 0.368283  0.626433 0.869331
0  -7.257105 0.000002 46.320282  -0.926876 0.072554 0.368290  0.625201 0.916018
no_material
0  -0.068389 -11.839314 49.347019  -0.084783 -0.974611 0.207234  0.625000 0.625000
0  -2.545174 -12.211321 46.584457  -0.084782 -0.974612 0.207230  0.625000 0.706902
0  -0.070003 -11.853335 49.296463  -0.084785 -0.974611 0.207230  0.625000 0.624970
no_material
0  -2.587531 -12.210160 46.588634  -0.074595 -0.947236 0.311737  0.625000 0.708333
0  -0.111269 -13.671957 42.739346  -0.074641 -0.947236 0.311726  0.625000 0.624990
0  -2.545174 -12.211321 46.584457  -0.074635 -0.947240 0.311715  0.625000 0.706902
no_material
0  -0.109941 -13.690444 42.672691  0.076944 -0.946289 0.314033  0.625000 0.625000
0  2.114842 -12.211154 46.585056  0.076944 -0.946289 0.314032  0.625000 0.543164
0  -0.111269 -13.671957 42.739346  0.076942 -0.946289 0.314032  0.625000 0.624990
no_material
0  2.155781 -12.210160 46.588634  0.088302 -0.975571 0.201158  0.625000 0.541667
0  -0.070003 -11.853335 49.296463  0.088301 -0.975570 0.201160  0.625000 0.624970
0  2.114842 -12.211154 46.585056  0.088304 -0.975571 0.201157  0.625000 0.543164
no_material
0  -0.108011 -8.598913 53.023201  0.062275 -0.719885 0.691294  0.628472 0.625000
0  -1.680707 -10.295077 51.398354  0.062271 -0.719883 0.691297  0.625032 0.685926
0  -0.107718 -8.638459 52.978336  0.062279 -0.719881 0.691298  0.628388 0.625006
no_material
0  -1.721816 -10.294664 51.398827  0.060382 -0.774009 0.630289  0.625000 0.687500
0  -0.068789 -11.797219 49.394772  0.060378 -0.774012 0.630286  0.625004 0.624994
0  -1.680707 -10.295077 51.398354  0.060384 -0.774013 0.630284  0.625032 0.685926
no_material
0  -0.068389 -11.839314 49.347019  -0.060476 -0.774707 0.629421  0.625000 0.625000
0  1.498781 -10.295381 51.398014  -0.060478 -0.774708 0.629420  0.625032 0.564075
0  -0.068789 -11.797219 49.394772  -0.060479 -0.774708 0.629420  0.625004 0.624994
no_material
0  1.539843 -10.294664 51.398827  -0.062437 -0.720512 0.690626  0.625000 0.562500
0  -0.107718 -8.638459 52.978336  -0.062440 -0.720520 0.690617  0.628388 0.625006
0  1.498781 -10.295381 51.398014  -0.062441 -0.720517 0.690620  0.625032 0.564075
no_material
0  -2.967761 2.670925 22.371881  -0.879715 -0.315021 -0.356179  0.609833 0.000000
0  -5.370597 4.997338 26.248707  -0.879719 -0.315027 -0.356162  0.613206 0.867194
0  -2.965646 2.708085 22.369652  -0.879716 -0.315025 -0.356173  0.609309 0.010220
no_material
0  -5.383925 4.995878 26.318787  -0.847394 0.412339 -0.334514  0.613603 0.875000
0  -2.793359 7.269487 22.557724  -0.847414 0.412321 -0.334487  0.573278 0.748369
0  -5.370597 4.997338 26.248707  -0.847405 0.412329 -0.334499  0.613206 0.867194
no_material
0  -2.792674 7.306019 22.562904  -0.923796 0.380071 -0.046341  0.573222 0.750000
0  -3.181473 5.412313 14.779715  -0.923796 0.380074 -0.046320  0.490180 0.867490
0  -2.793359 7.269487 22.557724  -0.923795 0.380074 -0.046321  0.573278 0.748369
no_material
0  -3.159435 5.417595 14.664518  -0.949746 -0.302011 -0.082286  0.488603 0.875000
0  -2.965646 2.708085 22.369652  -0.949762 -0.301959 -0.082298  0.609309 0.010220
0  -3.181473 5.412313 14.779715  -0.949747 -0.302008 -0.082293  0.490180 0.867490
no_material
0  2.354673 -9.685941 39.160316  0.786238 0.583421 -0.203591  0.625000 0.541667
0  2.959911 -12.324430 33.936325  0.786238 0.583422 -0.203590  0.625000 0.511199
0  2.348118 -9.695028 39.068466  0.786238 0.583420 -0.203593  0.625000 0.542091
no_material
0  2.988006 -12.347859 33.937180  0.800600 0.599016 0.014804  0.625000 0.510417
0  2.042341 -10.972306 29.409649  0.800591 0.599028 0.014778  0.625000 0.542069
0  2.959911 -12.324430 33.936325  0.800598 0.599019 0.014809  0.625000 0.511199
no_material
0  2.042699 -10.985003 29.331585  0.453512 0.890486 -0.036891  0.625000 0.541667
0  -0.305433 -9.602890 33.828217  0.453513 0.890486 -0.036891  0.625000 0.623815
0  2.042341 -10.972306 29.409649  0.453503 0.890492 -0.036871  0.625000 0.542069
no_material
0  -0.334848 -9.578773 33.824730  0.448717 0.868569 -0.210336  0.625000 0.625000
0  2.348118 -9.695028 39.068466  0.448716 0.868569 -0.210339  0.625000 0.542091
0  -0.305433 -9.602890 33.828217  0.448714 0.868569 -0.210342  0.625000 0.623815
no_material
0  2.988006 -12.347859 33.937180  0.804122 -0.594462 -0.001362  0.625000 0.510417
0  2.043820 -13.635697 38.554207  0.804127 -0.594456 -0.001388  0.625000 0.542089
0  2.960027 -12.372861 33.941452  0.804126 -0.594458 -0.001380  0.625000 0.511188
no_material
0  2.043456 -13.623520 38.637386  0.517041 -0.854995 0.040651  0.625000 0.541667
0  -0.023656 -15.091711 34.046841  0.517037 -0.854997 0.040660  0.625000 0.623658
0  2.043820 -13.635697 38.554207  0.517037 -0.854998 0.040647  0.625000 0.542089
no_material
0  -0.051647 -15.116948 34.049622  0.501917 -0.835283 0.224458  0.625000 0.625000
0  1.990409 -14.962996 30.055727  0.501911 -0.835282 0.224475  0.625000 0.542159
0  -0.023656 -15.091711 34.046841  0.501912 -0.835284 0.224466  0.625000 0.623658
no_material
0  1.990829 -14.974102 29.979332  0.798015 -0.574508 0.181972  0.625000 0.541667
0  2.960027 -12.372861 33.941452  0.798016 -0.574508 0.181965  0.625000 0.511188
0  1.990409 -14.962996 30.055727  0.798012 -0.574516 0.181958  0.625000 0.542159
no_material
0  2.409385 -13.431578 27.014843  0.988605 0.150530 0.000083  0.625000 0.515239
0  2.042546 -11.023652 29.342255  0.988607 0.150522 0.000074  0.625000 0.541292
0  2.414019 -13.422418 27.070124  0.988606 0.150529 0.000080  0.625000 0.515732
no_material
0  2.042699 -10.985003 29.331585  0.979682 0.103589 -0.171735  0.625000 0.541667
0  2.981277 -12.360083 33.856544  0.979683 0.103586 -0.171733  0.625000 0.510973
0  2.042546 -11.023652 29.342255  0.979682 0.103588 -0.171734  0.625000 0.541292
no_material
0  2.988006 -12.347859 33.937180  0.975446 -0.178753 -0.128654  0.625000 0.510417
0  1.991708 -14.934391 29.977448  0.975447 -0.178752 -0.128652  0.625000 0.541289
0  2.981277 -12.360083 33.856544  0.975446 -0.178754 -0.128654  0.625000 0.510973
no_material
0  1.990829 -14.974102 29.979332  0.984202 -0.168917 0.053046  0.625000 0.541667
0  2.414019 -13.422418 27.070124  0.984195 -0.168962 0.053024  0.625000 0.515732
0  1.991708 -14.934391 29.977448  0.984202 -0.168917 0.053045  0.625000 0.541289
no_material
0  -2.792674 7.306019 22.562904  -0.204579 0.970633 -0.126565  0.573222 0.750000
0  -0.805589 8.236304 26.485134  -0.204594 0.970628 -0.126582  0.612194 0.625103
0  -2.755663 7.305245 22.560625  -0.204594 0.970627 -0.126585  0.573175 0.748029
no_material
0  -0.812003 8.235048 26.549377  0.238381 0.968357 -0.073888  0.612840 0.625000
0  2.177409 7.195303 22.567289  0.238372 0.968359 -0.073886  0.573127 0.501784
0  -0.805589 8.236304 26.485134  0.238385 0.968355 -0.073896  0.612194 0.625103
no_material
0  2.215096 7.194310 22.574404  0.218207 0.971033 0.097369  0.573222 0.500000
0  -0.041700 8.471583 14.893094  0.218201 0.971035 0.097361  0.489064 0.624981
0  2.177409 7.195303 22.567289  0.218208 0.971032 0.097376  0.573127 0.501784
no_material
0  -0.038725 8.473955 14.781071  -0.180702 0.979936 0.084095  0.487840 0.625000
0  -2.755663 7.305245 22.560625  -0.180696 0.979939 0.084080  0.573175 0.748029
0  -0.041700 8.471583 14.893094  -0.180704 0.979935 0.084102  0.489064 0.624981
no_material
0  -0.108011 -8.598913 53.023201  0.059902 -0.153657 0.986307  0.628472 0.625000
0  2.098891 -6.295564 53.248001  0.059901 -0.153651 0.986308  0.625853 0.502313
0  -0.110953 -8.554392 53.034081  0.059897 -0.153664 0.986306  0.628626 0.624844
no_material
0  2.145688 -6.296894 53.248718  0.047927 -0.291735 0.955298  0.625000 0.500000
0  -0.752088 -3.273493 54.317799  0.047896 -0.291760 0.955292  0.751399 0.625105
0  2.098891 -6.295564 53.248001  0.047894 -0.291762 0.955291  0.625853 0.502313
no_material
0  -0.755718 -3.219611 54.330963  -0.089013 -0.305249 0.948103  0.753472 0.625000
0  -2.927531 -6.290193 53.137268  -0.089029 -0.305250 0.948101  0.625954 0.747738
0  -0.752088 -3.273493 54.317799  -0.089014 -0.305252 0.948102  0.751399 0.625105
no_material
0  -2.973737 -6.296893 53.134590  -0.102006 -0.173036 0.979619  0.625000 0.750000
0  -0.110953 -8.554392 53.034081  -0.102017 -0.173028 0.979619  0.628626 0.624844
0  -2.927531 -6.290193 53.137268  -0.102007 -0.173036 0.979619  0.625954 0.747738
no_material
0  2.155787 12.210162 46.588642  0.076926 0.946287 0.314042  0.625000 0.541667
0  -0.111262 13.671956 42.739338  0.076928 0.946289 0.314037  0.625000 0.624990
0  2.114848 12.211155 46.585064  0.076930 0.946287 0.314042  0.625000 0.543164
no_material
0  -0.109934 13.690443 42.672684  -0.074674 0.947244 0.311693  0.625000 0.625000
0  -2.545168 12.211321 46.584465  -0.074673 0.947246 0.311689  0.625000 0.706902
0  -0.111262 13.671956 42.739338  -0.074673 0.947245 0.311690  0.625000 0.624990
no_material
0  -2.587525 12.210160 46.588646  -0.084750 0.974621 0.207197  0.625000 0.708333
0  -0.069998 11.853337 49.296459  -0.084750 0.974622 0.207196  0.625000 0.624970
0  -2.545168 12.211321 46.584465  -0.084751 0.974622 0.207195  0.625000 0.706902
no_material
0  -0.068384 11.839315 49.347012  0.088384 0.975551 0.201220  0.625000 0.625000
0  2.114848 12.211155 46.585064  0.088378 0.975550 0.201225  0.625000 0.543164
0  -0.069998 11.853337 49.296459  0.088381 0.975550 0.201223  0.625000 0.624970
no_material
0  -1.721816 -10.294664 51.398827  -0.394599 -0.410586 0.822016  0.625000 0.687500
0  -0.152168 -8.595650 53.000980  -0.394595 -0.410584 0.822019  0.628404 0.626835
0  -1.736399 -10.260426 51.411575  -0.394602 -0.410587 0.822014  0.625031 0.687711
no_material
0  -0.108011 -8.598913 53.023201  -0.373033 -0.503096 0.779577  0.628472 0.625000
0  -2.956253 -6.347154 53.113724  -0.373025 -0.503098 0.779580  0.625030 0.748784
0  -0.152168 -8.595650 53.000980  -0.373032 -0.503094 0.779579  0.628404 0.626835
no_material
0  -2.973737 -6.296893 53.134590  -0.440500 -0.506854 0.740985  0.625000 0.750000
0  -3.964752 -9.382366 50.435108  -0.440500 -0.506852 0.740986  0.625005 0.743348
0  -2.956253 -6.347154 53.113724  -0.440500 -0.506856 0.740983  0.625030 0.748784
no_material
0  -4.005452 -9.398190 50.403217  -0.496958 -0.418582 0.760146  0.625000 0.744117
0  -1.736399 -10.260426 51.411575  -0.496955 -0.418579 0.760150  0.625031 0.687711
0  -3.964752 -9.382366 50.435108  -0.496956 -0.418580 0.760148  0.625005 0.743348
no_material
0  -0.002127 -15.851686 27.528563  0.158216 -0.962895 0.218634  0.625000 0.625000
0  1.950463 -14.973655 29.983301  0.158205 -0.962898 0.218629  0.625000 0.543335
0  -0.002488 -15.845545 27.583071  0.158210 -0.962897 0.218631  0.625000 0.624991
no_material
0  1.990829 -14.974102 29.979332  0.139434 -0.989657 0.033706  0.625000 0.541667
0  -0.051310 -15.125490 33.973812  0.139434 -0.989658 0.033702  0.625000 0.625004
0  1.950463 -14.973655 29.983301  0.139427 -0.989658 0.033720  0.625000 0.543335
no_material
0  -0.051647 -15.116948 34.049622  -0.139255 -0.989735 0.032122  0.625000 0.625000
0  -2.009253 -14.973604 29.983747  -0.139250 -0.989736 0.032121  0.625000 0.706671
0  -0.051310 -15.125490 33.973812  -0.139257 -0.989735 0.032113  0.625000 0.625004
no_material
0  -2.049628 -14.974102 29.979332  -0.157734 -0.963616 0.215789  0.625000 0.708333
0  -0.002488 -15.845545 27.583071  -0.157714 -0.963622 0.215775  0.625000 0.624991
0  -2.009253 -14.973604 29.983747  -0.157724 -0.963619 0.215781  0.625000 0.706671
no_material
0  1.281618 -12.350987 25.684511  0.603569 0.750884 -0.268100  0.625000 0.562500
0  0.021813 -11.040452 26.518845  0.603570 0.750881 -0.268106  0.625000 0.623170
0  1.288465 -12.336576 25.720800  0.603576 0.750877 -0.268104  0.625000 0.562646
no_material
0  -0.013455 -11.011467 26.501131  0.613296 0.646809 -0.453328  0.625000 0.625000
0  2.029849 -11.008407 29.269451  0.613296 0.646812 -0.453324  0.625000 0.542277
0  0.021813 -11.040452 26.518845  0.613294 0.646810 -0.453329  0.625000 0.623170
no_material
0  2.042699 -10.985003 29.331585  0.738886 0.517389 -0.431691  0.625000 0.541667
0  2.379354 -13.394747 27.019678  0.738916 0.517376 -0.431654  0.625000 0.516374
0  2.029849 -11.008407 29.269451  0.738886 0.517393 -0.431685  0.625000 0.542277
no_material
0  2.409385 -13.431578 27.014843  0.803249 0.548970 -0.231136  0.625000 0.515239
0  1.288465 -12.336576 25.720800  0.803245 0.548976 -0.231133  0.625000 0.562646
0  2.379354 -13.394747 27.019678  0.803248 0.548972 -0.231134  0.625000 0.516374
no_material
0  0.000003 -13.763383 25.425703  -0.099579 -0.642228 -0.760018  0.625000 0.625000
0  1.236377 -14.936660 26.255211  -0.099609 -0.642244 -0.760001  0.625000 0.564705
0  0.000003 -13.799268 25.461840  -0.099569 -0.642235 -0.760014  0.625000 0.625000
no_material
0  1.281617 -14.935954 26.254501  -0.095776 -0.761826 -0.640662  0.625000 0.562500
0  -0.002084 -15.813882 27.490494  -0.095780 -0.761829 -0.640658  0.625000 0.625001
0  1.236377 -14.936660 26.255211  -0.095779 -0.761826 -0.640662  0.625000 0.564705
no_material
0  -0.002127 -15.851686 27.528563  0.095963 -0.761945 -0.640493  0.625000 0.625000
0  -1.236403 -14.936686 26.255238  0.095953 -0.761934 -0.640508  0.625000 0.685294
0  -0.002084 -15.813882 27.490494  0.095954 -0.761937 -0.640503  0.625000 0.625001
no_material
0  -1.281611 -14.935954 26.254501  0.099685 -0.642229 -0.760003  0.625000 0.687500
0  0.000003 -13.799268 25.461840  0.099702 -0.642221 -0.760007  0.625000 0.625000
0  -1.236403 -14.936686 26.255238  0.099683 -0.642234 -0.759999  0.625000 0.685294
no_material
0  -1.281611 -14.935954 26.254501  -0.589536 -0.807586 0.015912  0.625000 0.687500
0  -0.037803 -15.818695 27.533764  -0.589528 -0.807591 0.015922  0.625000 0.626878
0  -1.289897 -14.935997 26.292910  -0.589566 -0.807563 0.015947  0.625000 0.687376
no_material
0  -0.002127 -15.851686 27.528563  -0.591280 -0.776350 -0.218332  0.625000 0.625000
0  -2.036491 -14.973372 29.915241  -0.591273 -0.776352 -0.218342  0.625000 0.707690
0  -0.037803 -15.818695 27.533764  -0.591285 -0.776348 -0.218327  0.625000 0.626878
no_material
0  -2.049628 -14.974102 29.979332  -0.726541 -0.642298 -0.244115  0.625000 0.708333
0  -2.393867 -13.465217 27.033863  -0.726540 -0.642293 -0.244129  0.625000 0.733615
0  -2.036491 -14.973372 29.915241  -0.726541 -0.642290 -0.244133  0.625000 0.707690
no_material
0  -2.424967 -13.431578 27.014845  -0.804480 -0.593303 -0.028337  0.625000 0.734761
0  -1.289897 -14.935997 26.292910  -0.804486 -0.593294 -0.028375  0.625000 0.687376
0  -2.393867 -13.465217 27.033863  -0.804468 -0.593319 -0.028338  0.625000 0.733615
no_material
0  -2.049628 -14.974102 29.979332  -0.481847 -0.851124 0.208354  0.625000 0.708333
0  -0.080959 -15.092802 34.046375  -0.481849 -0.851124 0.208351  0.625000 0.626301
0  -2.051254 -14.963583 30.052614  -0.481837 -0.851124 0.208374  0.625000 0.707852
no_material
0  -0.051647 -15.116948 34.049622  -0.494710 -0.868495 0.031278  0.625000 0.625000
0  -2.368747 -13.634940 38.557281  -0.494702 -0.868500 0.031269  0.625000 0.707938
0  -0.080959 -15.092802 34.046375  -0.494704 -0.868499 0.031276  0.625000 0.626301
no_material
0  -2.370434 -13.623519 38.637386  -0.765246 -0.643613 -0.012697  0.625000 0.708333
0  -3.345205 -12.371787 33.942074  -0.765250 -0.643608 -0.012704  0.625000 0.738852
0  -2.368747 -13.634940 38.557281  -0.765247 -0.643611 -0.012701  0.625000 0.707938
no_material
0  -3.374502 -12.347861 33.937176  -0.762228 -0.626624 0.162331  0.625000 0.739583
0  -2.051254 -14.963583 30.052614  -0.762228 -0.626620 0.162345  0.625000 0.707852
0  -3.345205 -12.371787 33.942074  -0.762230 -0.626617 0.162346  0.625000 0.738852
no_material
0  2.215096 7.194310 22.574404  0.923912 0.325408 -0.201239  0.573222 0.500000
0  3.888221 4.707385 26.234848  0.923898 0.325426 -0.201273  0.612150 0.374974
0  2.215649 7.157674 22.567831  0.923902 0.325422 -0.201257  0.573144 0.497980
no_material
0  3.893406 4.703574 26.302645  0.935295 -0.261465 -0.238453  0.612840 0.375000
0  2.331379 2.670835 22.404106  0.935291 -0.261471 -0.238461  0.573160 0.252030
0  3.888221 4.707385 26.234848  0.935298 -0.261461 -0.238444  0.612150 0.374974
no_material
0  2.332609 2.633687 22.406370  0.969410 -0.245435 -0.002431  0.573222 0.250000
0  3.013502 5.397943 14.815997  0.969410 -0.245434 -0.002434  0.489174 0.375013
0  2.331379 2.670835 22.404106  0.969409 -0.245439 -0.002419  0.573160 0.252030
no_material
0  3.004303 5.404793 14.695745  0.955422 0.293683 0.030325  0.487840 0.375000
0  2.215649 7.157674 22.567831  0.955433 0.293643 0.030365  0.573144 0.497980
0  3.013502 5.397943 14.815997  0.955432 0.293644 0.030363  0.489174 0.375013
no_material
0  1.652051 4.659835 0.442753  0.804415 -0.592722 -0.039972  0.125000 0.500000
0  2.869375 6.208191 1.980868  0.804415 -0.592721 -0.039972  0.372444 0.374963
0  1.656060 4.654111 0.483697  0.804415 -0.592722 -0.039972  0.130756 0.494267
no_material
0  2.898608 6.240163 1.970377  0.760654 -0.611683 -0.217370  0.375000 0.375000
0  2.169641 3.763298 6.389557  0.760652 -0.611689 -0.217361  0.374844 0.250140
0  2.869375 6.208191 1.980868  0.760653 -0.611687 -0.217364  0.372444 0.374963
no_material
0  2.177027 3.750638 6.473862  0.618297 -0.752611 -0.226463  0.375000 0.250000
0  0.027099 3.368011 1.875823  0.618293 -0.752612 -0.226469  0.372495 0.130102
0  2.169641 3.763298 6.389557  0.618290 -0.752613 -0.226477  0.374844 0.250140
no_material
0  -0.004001 3.339871 1.862360  0.593140 -0.803437 -0.051715  0.375000 0.125000
0  1.656060 4.654111 0.483697  0.593127 -0.803447 -0.051704  0.130756 0.494267
0  0.027099 3.368011 1.875823  0.593136 -0.803440 -0.051711  0.372495 0.130102
no_material
0  -3.472556 -9.685941 39.160316  -0.458317 0.851682 -0.254132  0.625000 0.708333
0  -0.362935 -9.604193 33.826439  -0.458315 0.851687 -0.254118  0.625000 0.626223
0  -3.457025 -9.695781 39.063091  -0.458321 0.851685 -0.254116  0.625000 0.707909
no_material
0  -0.334848 -9.578773 33.824730  -0.469362 0.879820 -0.074944  0.625000 0.625000
0  -2.239650 -10.970989 29.411537  -0.469360 0.879822 -0.074928  0.625000 0.707887
0  -0.362935 -9.604193 33.826439  -0.469359 0.879823 -0.074924  0.625000 0.626223
no_material
0  -2.233315 -10.985003 29.331585  -0.841657 0.537930 -0.047377  0.625000 0.708333
0  -3.347985 -12.323153 33.938416  -0.841657 0.537931 -0.047368  0.625000 0.738752
0  -2.239650 -10.970989 29.411537  -0.841655 0.537933 -0.047385  0.625000 0.707887
no_material
0  -3.374502 -12.347861 33.937176  -0.813723 0.510807 -0.277365  0.625000 0.739583
0  -3.457025 -9.695781 39.063091  -0.813726 0.510803 -0.277363  0.625000 0.707909
0  -3.347985 -12.323153 33.938416  -0.813728 0.510789 -0.277383  0.625000 0.738752
no_material
0  4.215578 6.801887 36.685535  0.123905 0.977340 0.171623  0.625000 0.497222
0  -1.035729 8.282486 32.046749  0.123913 0.977339 0.171623  0.625000 0.625023
0  4.167349 6.802231 36.687996  0.123903 0.977341 0.171619  0.625000 0.498419
no_material
0  -1.036824 8.285545 31.999702  -0.106527 0.978045 0.179110  0.625000 0.625000
0  -5.804618 6.905564 36.700363  -0.106523 0.978045 0.179112  0.625000 0.751557
0  -1.035729 8.282486 32.046749  -0.106530 0.978044 0.179113  0.625000 0.625023
no_material
0  -5.851631 6.906147 36.698936  -0.097766 0.994476 -0.038199  0.625000 0.752778
0  -0.848728 7.614357 42.330799  -0.097761 0.994477 -0.038195  0.625000 0.625000
0  -5.804618 6.905564 36.700363  -0.097758 0.994477 -0.038193  0.625000 0.751557
no_material
0  -0.848929 7.611043 42.381992  0.115493 0.992532 -0.039272  0.625000 0.625000
0  4.167349 6.802231 36.687996  0.115484 0.992533 -0.039266  0.625000 0.498419
0  -0.848728 7.614357 42.330799  0.115478 0.992534 -0.039257  0.625000 0.625000
no_material
0  -0.013455 -11.011467 26.501131  -0.131043 0.985218 -0.110335  0.625000 0.625000
0  -2.194105 -10.983912 29.337164  -0.131043 0.985218 -0.110335  0.625000 0.706777
0  -0.014493 -11.000689 26.556227  -0.131043 0.985218 -0.110335  0.625000 0.624973
no_material
0  -2.233315 -10.985003 29.331585  -0.114885 0.960579 -0.253159  0.625000 0.708333
0  -0.331359 -9.594585 33.743896  -0.114890 0.960580 -0.253154  0.625000 0.625027
0  -2.194105 -10.983912 29.337164  -0.114892 0.960577 -0.253163  0.625000 0.706777
no_material
0  -0.334848 -9.578773 33.824730  0.114055 0.963487 -0.242250  0.625000 0.625000
0  2.002647 -10.984363 29.334860  0.114052 0.963485 -0.242256  0.625000 0.543204
0  -0.331359 -9.594585 33.743896  0.114056 0.963485 -0.242255  0.625000 0.625027
no_material
0  2.042699 -10.985003 29.331585  0.129601 0.986344 -0.101630  0.625000 0.541667
0  -0.014493 -11.000689 26.556227  0.129604 0.986344 -0.101628  0.625000 0.624973
0  2.002647 -10.984363 29.334860  0.129602 0.986344 -0.101629  0.625000 0.543204
no_material
0  -2.370434 -13.623519 38.637386  -0.159148 -0.959307 0.233243  0.625000 0.708333
0  -0.053220 -15.103654 34.129982  -0.159133 -0.959311 0.233238  0.625000 0.624990
0  -2.331799 -13.623724 38.636143  -0.159139 -0.959307 0.233248  0.625000 0.706907
no_material
0  -0.051647 -15.116948 34.049622  0.161226 -0.957447 0.239378  0.625000 0.625000
0  2.005411 -13.623779 38.635826  0.161231 -0.957445 0.239382  0.625000 0.543136
0  -0.053220 -15.103654 34.129982  0.161230 -0.957445 0.239384  0.625000 0.624990
no_material
0  2.043456 -13.623520 38.637386  0.167200 -0.983338 0.071345  0.625000 0.541667
0  -0.110666 -13.701933 42.603245  0.167196 -0.983338 0.071348  0.625000 0.624995
0  2.005411 -13.623779 38.635826  0.167196 -0.983338 0.071353  0.625000 0.543136
no_material
0  -0.109941 -13.690444 42.672691  -0.164705 -0.983531 0.074428  0.625000 0.625000
0  -2.331799 -13.623724 38.636143  -0.164721 -0.983530 0.074404  0.625000 0.706907
0  -0.110666 -13.701933 42.603245  -0.164713 -0.983530 0.074417  0.625000 0.624995
no_material
0  -2.424967 -13.431578 27.014845  -0.976473 -0.215200 0.013749  0.625000 0.734761
0  -2.052043 -14.934340 29.977482  -0.976472 -0.215205 0.013758  0.625000 0.708709
0  -2.432480 -13.422902 27.069567  -0.976475 -0.215193 0.013737  0.625000 0.734268
no_material
0  -2.049628 -14.974102 29.979332  -0.958962 -0.223770 -0.174125  0.625000 0.708333
0  -3.363402 -12.360396 33.856182  -0.958960 -0.223773 -0.174128  0.625000 0.739028
0  -2.052043 -14.934340 29.977482  -0.958962 -0.223769 -0.174123  0.625000 0.708709
no_material
0  -3.374502 -12.347861 33.937176  -0.972610 0.070369 -0.221533  0.625000 0.739583
0  -2.232136 -11.023435 29.342491  -0.972611 0.070369 -0.221531  0.625000 0.708708
0  -3.363402 -12.360396 33.856182  -0.972608 0.070372 -0.221542  0.625000 0.739028
no_material
0  -2.233315 -10.985003 29.331585  -0.991964 0.119523 -0.041482  0.625000 0.708333
0  -2.432480 -13.422902 27.069567  -0.991965 0.119515 -0.041491  0.625000 0.734268
0  -2.232136 -11.023435 29.342491  -0.991965 0.119518 -0.041489  0.625000 0.708708
no_material
0  -6.253207 0.000001 28.351671  -0.103796 -0.575387 -0.811268  0.625000 1.000000
0  -1.154219 0.753362 27.165104  -0.103768 -0.575387 -0.811271  0.624996 0.129370
0  -6.028417 0.000001 28.347464  -0.103782 -0.575387 -0.811270  0.624994 0.961659
no_material
0  -1.154171 0.787969 27.165104  0.074939 -0.575511 -0.814353  0.625000 0.123785
0  3.672963 -0.000002 28.165991  0.074922 -0.575468 -0.814385  0.624994 0.226003
0  -1.154219 0.753362 27.165104  0.074953 -0.575513 -0.814351  0.624996 0.129370
no_material
0  3.893814 -0.000002 28.161860  0.074906 0.575477 -0.814380  0.625000 0.230556
0  -1.154219 -0.753361 27.165108  0.074893 0.575474 -0.814383  0.624744 0.129329
0  3.672963 -0.000002 28.165991  0.074926 0.575480 -0.814376  0.624994 0.226003
no_material
0  -1.154172 -0.787967 27.165108  -0.103828 0.575379 -0.811270  0.624737 0.123741
0  -6.028417 0.000001 28.347464  -0.103833 0.575390 -0.811262  0.624994 0.961659
0  -1.154219 -0.753361 27.165108  -0.103796 0.575374 -0.811277  0.624744 0.129329
no_material
0  0.000003 -13.763383 25.425703  0.109810 0.271351 -0.956196  0.625000 0.625000
0  -1.236431 -12.349925 25.684925  0.109828 0.271341 -0.956197  0.625000 0.685288
0  0.000003 -13.716035 25.444206  0.109809 0.271350 -0.956196  0.625000 0.624998
no_material
0  -1.281610 -12.350987 25.684511  0.105464 0.445682 -0.888957  0.625000 0.687500
0  -0.013178 -11.061353 26.481636  0.105480 0.445698 -0.888947  0.625000 0.625008
0  -1.236431 -12.349925 25.684925  0.105470 0.445687 -0.888954  0.625000 0.685288
no_material
0  -0.013455 -11.011467 26.501131  -0.105064 0.444350 -0.889671  0.625000 0.625000
0  1.236230 -12.350138 25.684841  -0.105069 0.444363 -0.889664  0.625000 0.564705
0  -0.013178 -11.061353 26.481636  -0.105063 0.444347 -0.889673  0.625000 0.625008
no_material
0  1.281618 -12.350987 25.684511  -0.109253 0.270868 -0.956397  0.625000 0.562500
0  0.000003 -13.716035 25.444206  -0.109258 0.270877 -0.956393  0.625000 0.624998
0  1.236230 -12.350138 25.684841  -0.109247 0.270885 -0.956392  0.625000 0.564705
no_material
0  4.215573 -6.801886 36.685535  0.914638 -0.403992 0.015133  0.625000 0.497222
0  5.774814 -3.491547 30.816498  0.914637 -0.403994 0.015135  0.624775 0.353326
0  4.228459 -6.763996 36.685738  0.914638 -0.403990 0.015129  0.624999 0.495942
no_material
0  5.772214 -3.491132 30.751987  0.972514 -0.232245 0.016682  0.624772 0.352719
0  6.500546 -0.038025 36.363377  0.972516 -0.232237 0.016694  0.624999 0.328382
0  5.774814 -3.491547 30.816498  0.972515 -0.232243 0.016685  0.624775 0.353326
no_material
0  6.513445 -0.000001 36.362839  0.967123 -0.236681 -0.093034  0.625000 0.327778
0  6.174198 -3.766372 42.417908  0.967123 -0.236683 -0.093032  0.625000 0.384888
0  6.500546 -0.038025 36.363377  0.967123 -0.236682 -0.093037  0.624999 0.328382
no_material
0  6.176759 -3.767144 42.484383  0.908816 -0.406146 -0.095393  0.625000 0.384592
0  4.228459 -6.763996 36.685738  0.908816 -0.406147 -0.095389  0.624999 0.495942
0  6.174198 -3.766372 42.417908  0.908815 -0.406147 -0.095394  0.625000 0.384888
no_material
0  -7.281698 0.000002 46.268108  -0.961736 -0.138176 0.236581  0.625000 0.916667
0  -7.822689 -3.773311 41.864746  -0.961736 -0.138176 0.236581  0.625000 0.865154
0  -7.274946 -0.043156 46.268051  -0.961736 -0.138176 0.236581  0.625000 0.915988
no_material
0  -7.835344 -3.777382 41.808605  -0.958395 -0.160170 0.236272  0.625000 0.865408
0  -5.900360 -7.312586 47.260239  -0.958395 -0.160169 0.236271  0.625000 0.751298
0  -7.822689 -3.773311 41.864746  -0.958396 -0.160169 0.236271  0.625000 0.865154
no_material
0  -5.892248 -7.356767 47.265244  -0.961984 -0.164438 0.218055  0.625000 0.750000
0  -5.784888 -3.451680 50.683548  -0.961984 -0.164439 0.218053  0.625000 0.869344
0  -5.900360 -7.312586 47.260239  -0.961984 -0.164438 0.218055  0.625000 0.751298
no_material
0  -5.774226 -3.446109 50.732262  -0.965854 -0.140413 0.217740  0.625000 0.869792
0  -7.274946 -0.043156 46.268051  -0.965854 -0.140412 0.217739  0.625000 0.915988
0  -5.784888 -3.451680 50.683548  -0.965854 -0.140413 0.217740  0.625000 0.869344
no_material
0  2.332609 2.633687 22.406370  0.169075 -0.972099 -0.162597  0.573222 0.250000
0  -0.673036 1.520385 25.937866  0.169072 -0.972098 -0.162603  0.613231 0.132337
0  2.294447 2.634476 22.399012  0.169066 -0.972101 -0.162592  0.573243 0.250915
no_material
0  -0.676892 1.516130 25.996334  -0.186358 -0.963733 -0.191023  0.613603 0.125000
0  -2.929897 2.670959 22.368031  -0.186361 -0.963731 -0.191030  0.609352 0.989877
0  -0.673036 1.520385 25.937866  -0.186358 -0.963733 -0.191023  0.613231 0.132337
no_material
0  -2.967761 2.670925 22.371881  -0.162918 -0.986475 -0.018002  0.609833 1.000000
0  -0.119011 2.340716 14.684817  -0.162912 -0.986476 -0.018019  0.489998 0.131586
0  -2.929897 2.670959 22.368031  -0.162917 -0.986476 -0.018004  0.609352 0.989877
no_material
0  -0.116407 2.348433 14.579193  0.146507 -0.989169 -0.009001  0.488603 0.125000
0  2.294447 2.634476 22.399012  0.146513 -0.989168 -0.008989  0.573243 0.250915
0  -0.119011 2.340716 14.684817  0.146515 -0.989168 -0.008978  0.489998 0.131586
no_material
0  6.176761 3.767143 42.484383  0.967135 0.236640 -0.093016  0.625000 0.384592
0  6.500546 0.038023 36.363377  0.967135 0.236637 -0.093021  0.625000 0.328384
0  6.174200 3.766371 42.417908  0.967135 0.236636 -0.093022  0.625000 0.384889
no_material
0  6.513445 -0.000001 36.362839  0.972487 0.232356 0.016754  0.625000 0.327778
0  5.774815 3.491543 30.816498  0.972487 0.232352 0.016759  0.625000 0.353882
0  6.500546 0.038023 36.363377  0.972486 0.232358 0.016749  0.625000 0.328384
no_material
0  5.772216 3.491129 30.751987  0.914593 0.404092 0.015105  0.625000 0.353281
0  4.228463 6.763997 36.685738  0.914597 0.404085 0.015095  0.625000 0.495944
0  5.774815 3.491543 30.816498  0.914596 0.404087 0.015094  0.625000 0.353882
no_material
0  4.215578 6.801887 36.685535  0.908790 0.406199 -0.095414  0.625000 0.497222
0  6.174200 3.766371 42.417908  0.908789 0.406199 -0.095421  0.625000 0.384889
0  4.228463 6.763997 36.685738  0.908788 0.406201 -0.095422  0.625000 0.495944
no_material
0  4.050219 -7.356769 47.497005  0.591081 -0.202779 -0.780707  0.625000 0.500000
0  -0.903692 -8.272731 43.984394  0.591100 -0.202725 -0.780707  0.625000 0.625069
0  3.814705 -7.292031 47.334614  0.591083 -0.202777 -0.780706  0.625000 0.505950
no_material
0  -0.904329 -8.287641 44.020512  -0.563626 -0.194328 -0.802847  0.625000 0.625000
0  -5.649370 -7.290695 47.110775  -0.563641 -0.194346 -0.802832  0.625000 0.743922
0  -0.903692 -8.272731 43.984394  -0.563619 -0.194268 -0.802866  0.625000 0.625069
no_material
0  -5.892248 -7.356767 47.265244  0.361578 -0.830666 0.423385  0.625000 0.750000
0  -0.849723 -7.628682 42.424721  0.361610 -0.830637 0.423415  0.625000 0.625002
0  -5.649370 -7.290695 47.110775  0.361606 -0.830639 0.423415  0.625000 0.743922
no_material
0  -0.848932 -7.611043 42.381992  -0.370877 -0.836619 0.403136  0.625000 0.625000
0  3.814705 -7.292031 47.334614  -0.370825 -0.836613 0.403198  0.625000 0.505950
0  -0.849723 -7.628682 42.424721  -0.370891 -0.836620 0.403122  0.625000 0.625002
no_material
0  -0.755718 -3.219611 54.330963  0.370026 0.023845 0.928715  0.753472 0.625000
0  2.146330 -6.247715 53.252472  0.370024 0.023862 0.928716  0.626166 0.499917
0  -0.714857 -3.217259 54.309353  0.370034 0.023846 0.928712  0.753267 0.622992
no_material
0  2.145688 -6.296894 53.248718  0.574323 0.040582 0.817622  0.625000 0.500000
0  4.177061 -3.445169 51.680069  0.574326 0.040597 0.817620  0.626700 0.382192
0  2.146330 -6.247715 53.252472  0.574330 0.040590 0.817617  0.626166 0.499917
no_material
0  4.217184 -3.446111 51.658581  0.555278 -0.163896 0.815356  0.625000 0.380208
0  2.031174 -0.053298 53.829926  0.555288 -0.163878 0.815352  0.872217 0.500117
0  4.177061 -3.445169 51.680069  0.555289 -0.163887 0.815350  0.626700 0.382192
no_material
0  2.032740 0.000000 53.833530  0.361968 -0.173846 0.915837  0.875000 0.500000
0  -0.714857 -3.217259 54.309353  0.361977 -0.173866 0.915829  0.753267 0.622992
0  2.031174 -0.053298 53.829926  0.361969 -0.173846 0.915836  0.872217 0.500117
no_material
0  -1.652050 4.659836 0.442754  -0.592272 -0.803769 -0.056304  0.125000 0.750000
0  -0.035230 3.368087 1.875703  -0.592277 -0.803764 -0.056310  0.372484 0.138144
0  -1.656290 4.653961 0.483629  -0.592273 -0.803768 -0.056306  0.130763 0.745240
no_material
0  -0.004001 3.339871 1.862360  -0.617032 -0.751661 -0.232975  0.375000 0.125000
0  -2.224540 3.763320 6.377124  -0.617028 -0.751662 -0.232982  0.374843 0.991121
0  -0.035230 3.368087 1.875703  -0.617034 -0.751661 -0.232972  0.372484 0.138144
no_material
0  -2.232703 3.750638 6.461334  -0.760669 -0.608871 -0.225076  0.375000 1.000000
0  -2.873723 6.208184 1.979575  -0.760667 -0.608877 -0.225064  0.372448 0.872562
0  -2.224540 3.763320 6.377124  -0.760670 -0.608868 -0.225082  0.374843 0.991121
no_material
0  -2.902782 6.240165 1.968944  -0.805774 -0.590462 -0.045649  0.375000 0.875000
0  -1.656290 4.653961 0.483629  -0.805775 -0.590460 -0.045647  0.130763 0.745240
0  -2.873723 6.208184 1.979575  -0.805775 -0.590460 -0.045647  0.372448 0.872562
no_material
0  2.043456 -13.623520 38.637386  0.937679 -0.332697 0.100351  0.625000 0.541667
0  2.991912 -12.339428 34.030617  0.937680 -0.332695 0.100354  0.625000 0.510990
0  2.046037 -13.586793 38.633095  0.937683 -0.332692 0.100336  0.625000 0.541340
no_material
0  2.988006 -12.347859 33.937180  0.985051 0.168644 0.035123  0.625000 0.510417
0  2.352092 -9.722326 39.163883  0.985049 0.168654 0.035139  0.625000 0.541327
0  2.991912 -12.339428 34.030617  0.985048 0.168655 0.035146  0.625000 0.510990
no_material
0  2.354673 -9.685941 39.160316  0.963173 0.197893 -0.182031  0.625000 0.541667
0  3.420837 -10.986745 43.387207  0.963169 0.197899 -0.182048  0.625000 0.510147
0  2.352092 -9.722326 39.163883  0.963167 0.197902 -0.182053  0.625000 0.541327
no_material
0  3.424742 -10.976196 43.476147  0.944783 -0.311767 -0.100927  0.625000 0.509549
0  2.046037 -13.586793 38.633095  0.944788 -0.311755 -0.100917  0.625000 0.541340
0  3.420837 -10.986745 43.387207  0.944783 -0.311767 -0.100928  0.625000 0.510147
no_material
0  1.652052 7.961645 0.565738  0.599048 0.799986 0.034114  0.375000 0.500000
0  0.031075 9.110621 2.087554  0.599051 0.799984 0.034113  0.375000 0.622402
0  1.655415 7.963340 0.607204  0.599045 0.799989 0.034118  0.375000 0.500017
no_material
0  -0.000172 9.140455 2.076961  0.626278 0.767321 -0.137816  0.375000 0.625000
0  2.180727 8.161997 6.541065  0.626283 0.767318 -0.137814  0.375000 0.499988
0  0.031075 9.110621 2.087554  0.626281 0.767320 -0.137811  0.375000 0.622402
no_material
0  2.188164 8.164876 6.625622  0.762421 0.630541 -0.145369  0.375000 0.500000
0  2.869624 6.270654 1.983706  0.762423 0.630536 -0.145383  0.375000 0.377600
0  2.180727 8.161997 6.541065  0.762421 0.630540 -0.145373  0.375000 0.499988
no_material
0  2.898608 6.240163 1.970377  0.801629 0.597341 0.023989  0.375000 0.375000
0  1.655415 7.963340 0.607204  0.801640 0.597325 0.024002  0.375000 0.500017
0  2.869624 6.270654 1.983706  0.801632 0.597336 0.023993  0.375000 0.377600
no_material
0  -2.967761 2.670925 22.371881  -0.410145 -0.911629 -0.026711  0.609833 0.000000
0  -0.716290 1.552180 25.984726  -0.410142 -0.911630 -0.026714  0.613643 0.130289
0  -2.981058 2.657483 22.420872  -0.410156 -0.911624 -0.026725  0.609905 0.007391
no_material
0  -0.676892 1.516130 25.996334  -0.264772 -0.792813 -0.548948  0.613603 0.125000
0  -5.488239 2.260955 27.241096  -0.264741 -0.792822 -0.548950  0.624773 0.991784
0  -0.716290 1.552180 25.984726  -0.264773 -0.792815 -0.548945  0.613643 0.130289
no_material
0  -5.503619 2.253984 27.280043  -0.638696 -0.223895 -0.736165  0.625000 1.000000
0  -5.346916 4.967251 26.318871  -0.638739 -0.223879 -0.736133  0.613720 0.870455
0  -5.488239 2.260955 27.241096  -0.638742 -0.223866 -0.736134  0.624773 0.991784
no_material
0  -5.383925 4.995878 26.318787  -0.791485 -0.597299 -0.129554  0.613603 0.875000
0  -2.981058 2.657483 22.420872  -0.791476 -0.597307 -0.129576  0.609905 0.007391
0  -5.346916 4.967251 26.318871  -0.791479 -0.597305 -0.129568  0.613720 0.870455
no_material
0  3.434967 2.112485 27.194523  0.259548 -0.834847 -0.485455  0.625000 0.250000
0  -0.631129 1.552155 25.984385  0.259544 -0.834848 -0.485455  0.613388 0.127189
0  3.427081 2.117201 27.156662  0.259543 -0.834847 -0.485457  0.624639 0.250644
no_material
0  -0.676892 1.516130 25.996334  0.399375 -0.915189 0.054124  0.613603 0.125000
0  2.336109 2.621602 22.459692  0.399342 -0.915201 0.054155  0.573845 0.249967
0  -0.631129 1.552155 25.984385  0.399364 -0.915193 0.054131  0.613388 0.127189
no_material
0  2.332609 2.633687 22.406370  0.752255 -0.656892 0.051035  0.573222 0.250000
0  3.853561 4.677493 26.293732  0.752259 -0.656887 0.051048  0.612727 0.372281
0  2.336109 2.621602 22.459692  0.752256 -0.656891 0.051038  0.573845 0.249967
no_material
0  3.893406 4.703574 26.302645  0.731821 -0.329035 -0.596803  0.612840 0.375000
0  3.427081 2.117201 27.156662  0.731849 -0.329001 -0.596788  0.624639 0.250644
0  3.853561 4.677493 26.293732  0.731848 -0.329038 -0.596768  0.612727 0.372281
no_material
0  2.354677 9.685942 39.160324  0.812989 -0.581769 -0.024366  0.625000 0.541667
0  3.393966 10.957708 43.478432  0.813001 -0.581755 -0.024322  0.625000 0.510140
0  2.357157 9.662121 39.224125  0.812992 -0.581765 -0.024355  0.625000 0.541918
no_material
0  3.424747 10.976198 43.476147  0.681160 -0.486466 -0.547149  0.625000 0.509549
0  4.023829 7.368304 47.429729  0.681157 -0.486456 -0.547161  0.625000 0.500951
0  3.393966 10.957708 43.478432  0.681163 -0.486452 -0.547157  0.625000 0.510140
no_material
0  4.050222 7.356768 47.497009  0.125423 -0.897317 -0.423193  0.625000 0.500000
0  -0.865858 8.310081 44.019348  0.125418 -0.897320 -0.423187  0.625000 0.623794
0  4.023829 7.368304 47.429729  0.125412 -0.897316 -0.423197  0.625000 0.500951
no_material
0  -0.904325 8.287642 44.020515  0.192412 -0.970215 -0.147177  0.625000 0.625000
0  2.357157 9.662121 39.224125  0.192427 -0.970214 -0.147162  0.625000 0.541918
0  -0.865858 8.310081 44.019348  0.192421 -0.970215 -0.147166  0.625000 0.623794
no_material
0  -1.281605 12.350989 25.684511  -0.597903 -0.747171 -0.290254  0.625000 0.687500
0  -0.049248 11.040864 26.518446  -0.597912 -0.747161 -0.290261  0.625000 0.626825
0  -1.289471 12.335925 25.720255  -0.597911 -0.747166 -0.290251  0.625000 0.687331
no_material
0  -0.013450 11.011469 26.501129  -0.604410 -0.634518 -0.481743  0.625000 0.625000
0  -2.217299 11.008702 29.269163  -0.604372 -0.634562 -0.481732  0.625000 0.707742
0  -0.049248 11.040864 26.518446  -0.604409 -0.634519 -0.481742  0.625000 0.626825
no_material
0  -2.233310 10.985003 29.331585  -0.734115 -0.495195 -0.464604  0.625000 0.708333
0  -2.396140 13.394786 27.020376  -0.734114 -0.495205 -0.464596  0.625000 0.733626
0  -2.217299 11.008702 29.269163  -0.734113 -0.495201 -0.464600  0.625000 0.707742
no_material
0  -2.424962 13.431576 27.014845  -0.806858 -0.531441 -0.257974  0.625000 0.734761
0  -1.289471 12.335925 25.720255  -0.806872 -0.531427 -0.257960  0.625000 0.687331
0  -2.396140 13.394786 27.020376  -0.806861 -0.531438 -0.257970  0.625000 0.733626
no_material
0  2.907780 7.163591 28.555319  0.737151 0.591071 -0.327480  0.625000 0.500000
0  3.857095 4.730470 26.300180  0.737156 0.591050 -0.327507  0.612701 0.377184
0  2.901283 7.164955 28.512449  0.737150 0.591077 -0.327473  0.624732 0.499791
no_material
0  3.893406 4.703574 26.302645  0.743680 0.659677 0.108473  0.612840 0.375000
0  2.217183 7.197269 22.629967  0.743690 0.659663 0.108490  0.573794 0.499972
0  3.857095 4.730470 26.300180  0.743681 0.659676 0.108473  0.612701 0.377184
no_material
0  2.215096 7.194310 22.574404  0.455423 0.882377 0.118322  0.573222 0.500000
0  -0.771385 8.203930 26.539444  0.455414 0.882382 0.118325  0.612680 0.623053
0  2.217183 7.197269 22.629967  0.455424 0.882377 0.118318  0.573794 0.499972
no_material
0  -0.812003 8.235048 26.549377  0.387649 0.887371 -0.249601  0.612840 0.625000
0  2.901283 7.164955 28.512449  0.387661 0.887367 -0.249597  0.624732 0.499791
0  -0.771385 8.203930 26.539444  0.387660 0.887368 -0.249596  0.612680 0.623053
no_material
0  -3.930771 0.000001 53.377022  -0.470350 0.211645 0.856725  0.875000 0.750000
0  -0.792823 3.221095 54.304379  -0.470347 0.211664 0.856722  0.749687 0.626993
0  -3.926215 0.050778 53.372818  -0.470354 0.211642 0.856723  0.872323 0.749974
no_material
0  -0.755716 3.219613 54.330963  -0.483203 -0.009485 0.875457  0.750000 0.625000
0  -2.981386 6.250166 53.135998  -0.483187 -0.009460 0.875466  0.626230 0.749840
0  -0.792823 3.221095 54.304379  -0.483198 -0.009462 0.875460  0.749687 0.626993
no_material
0  -2.973735 6.296894 53.134590  -0.666131 0.024312 0.745438  0.625000 0.750000
0  -5.734212 3.440829 50.761456  -0.666131 0.024301 0.745438  0.626723 0.867990
0  -2.981386 6.250166 53.135998  -0.666135 0.024307 0.745435  0.626230 0.749840
no_material
0  -5.774224 3.446112 50.732258  -0.640299 0.223244 0.734969  0.625000 0.869792
0  -3.926215 0.050778 53.372818  -0.640275 0.223260 0.734985  0.872323 0.749974
0  -5.734212 3.440829 50.761456  -0.640276 0.223250 0.734987  0.626723 0.867990
no_material
0  2.043463 13.623520 38.637386  0.944816 0.311653 -0.100966  0.625000 0.541667
0  3.420842 10.986747 43.387207  0.944822 0.311645 -0.100944  0.625000 0.510147
0  2.046044 13.586793 38.633095  0.944817 0.311653 -0.100965  0.625000 0.541340
no_material
0  3.424747 10.976198 43.476147  0.963142 -0.198060 -0.182017  0.625000 0.509549
0  2.352096 9.722327 39.163887  0.963143 -0.198054 -0.182016  0.625000 0.541327
0  3.420842 10.986747 43.387207  0.963146 -0.198054 -0.182001  0.625000 0.510147
no_material
0  2.354677 9.685942 39.160324  0.985055 -0.168619 0.035138  0.625000 0.541667
0  2.991918 12.339433 34.030613  0.985058 -0.168608 0.035114  0.625000 0.510991
0  2.352096 9.722327 39.163887  0.985053 -0.168625 0.035155  0.625000 0.541327
no_material
0  2.988012 12.347864 33.937172  0.937662 0.332760 0.100305  0.625000 0.510417
0  2.046044 13.586793 38.633095  0.937677 0.332715 0.100310  0.625000 0.541340
0  2.991918 12.339433 34.030613  0.937658 0.332766 0.100326  0.625000 0.510991
no_material
0  5.772216 3.491129 30.751987  0.825086 0.045999 -0.563132  0.625000 0.353281
0  3.435673 2.153957 27.219418  0.825116 0.045956 -0.563092  0.624871 0.252461
0  5.748918 3.509962 30.698919  0.825111 0.045958 -0.563099  0.624986 0.353504
no_material
0  3.434967 2.112485 27.194523  0.971070 -0.213098 -0.107762  0.625000 0.250000
0  3.907180 4.698051 26.337132  0.971069 -0.213102 -0.107760  0.613105 0.374701
0  3.435673 2.153957 27.219418  0.971074 -0.213074 -0.107768  0.624871 0.252461
no_material
0  3.893406 4.703574 26.302645  0.929293 0.369250 0.008332  0.612840 0.375000
0  2.919003 7.105445 28.553701  0.929303 0.369224 0.008313  0.624883 0.497512
0  3.907180 4.698051 26.337132  0.929293 0.369249 0.008328  0.613105 0.374701
no_material
0  2.907780 7.163591 28.555319  0.814126 0.371100 -0.446636  0.625000 0.500000
0  5.748918 3.509962 30.698919  0.814126 0.371099 -0.446637  0.624986 0.353504
0  2.919003 7.105445 28.553701  0.814146 0.371073 -0.446622  0.624883 0.497512
no_material
0  -5.237116 7.602978 28.599453  -0.302226 0.870385 -0.388703  0.625000 0.750000
0  -0.848173 8.206361 26.538258  -0.302206 0.870389 -0.388709  0.612643 0.626946
0  -5.220387 7.599399 28.553444  -0.302221 0.870406 -0.388658  0.624759 0.750384
no_material
0  -0.812003 8.235048 26.549377  -0.391865 0.919872 -0.016669  0.612840 0.625000
0  -2.806918 7.314015 22.617104  -0.391858 0.919875 -0.016663  0.573821 0.749844
0  -0.848173 8.206361 26.538258  -0.391865 0.919872 -0.016672  0.612643 0.626946
no_material
0  -2.792674 7.306019 22.562904  -0.749695 0.651960 -0.113602  0.573222 0.750000
0  -5.349582 5.021317 26.323881  -0.749700 0.651956 -0.113594  0.613485 0.872789
0  -2.806918 7.314015 22.617104  -0.749695 0.651960 -0.113605  0.573821 0.749844
no_material
0  -5.383925 4.995878 26.318787  -0.659478 0.513055 -0.549421  0.613603 0.875000
0  -5.220387 7.599399 28.553444  -0.659495 0.513021 -0.549433  0.624759 0.750384
0  -5.349582 5.021317 26.323881  -0.659501 0.513037 -0.549410  0.613485 0.872789
no_material
0  -1.036824 8.285545 31.999702  0.144785 0.977331 -0.154471  0.625000 0.625000
0  2.847660 7.166880 28.562105  0.144789 0.977331 -0.154470  0.624907 0.501933
0  -1.037409 8.285262 31.955029  0.144766 0.977336 -0.154455  0.624978 0.625005
no_material
0  2.907780 7.163591 28.555319  0.185931 0.966849 0.175023  0.625000 0.500000
0  -0.812966 8.235370 26.587561  0.185921 0.966852 0.175015  0.613014 0.624902
0  2.847660 7.166880 28.562105  0.185925 0.966850 0.175020  0.624907 0.501933
no_material
0  -0.812003 8.235048 26.549377  -0.068778 0.984986 0.158345  0.612840 0.625000
0  -5.173466 7.599604 28.607470  -0.068790 0.984984 0.158351  0.624914 0.748128
0  -0.812966 8.235370 26.587561  -0.068800 0.984982 0.158355  0.613014 0.624902
no_material
0  -5.237116 7.602978 28.599453  -0.034360 0.986885 -0.157727  0.625000 0.750000
0  -1.037409 8.285262 31.955029  -0.034372 0.986881 -0.157746  0.624978 0.625005
0  -5.173466 7.599604 28.607470  -0.034370 0.986883 -0.157737  0.624914 0.748128
no_material
0  1.652052 7.961645 0.565738  0.679130 -0.104644 -0.726521  0.375000 0.500000
0  2.856936 6.241549 1.939801  0.679136 -0.104651 -0.726514  0.374735 0.375517
0  1.652746 7.915107 0.564515  0.679127 -0.104639 -0.726524  0.373563 0.499365
no_material
0  2.898608 6.240163 1.970377  0.680334 0.158925 -0.715464  0.375000 0.375000
0  1.652921 4.706122 0.445116  0.680328 0.158920 -0.715471  0.373568 0.256384
0  2.856936 6.241549 1.939801  0.680332 0.158924 -0.715466  0.374735 0.375517
no_material
0  1.652051 4.659835 0.442753  0.480135 0.169289 -0.860704  0.375000 0.250000
0  0.039823 6.334261 -0.127225  0.480125 0.169299 -0.860708  0.253274 0.618454
0  1.652921 4.706122 0.445116  0.480125 0.169300 -0.860707  0.373568 0.256384
no_material
0  0.000001 6.335350 -0.156452  0.479690 -0.104233 -0.871225  0.250000 0.625000
0  1.652746 7.915107 0.564515  0.479691 -0.104232 -0.871225  0.373563 0.499365
0  0.039823 6.334261 -0.127225  0.479691 -0.104232 -0.871224  0.253274 0.618454
no_material
0  -8.006349 3.723875 30.991261  -0.816907 0.271047 -0.509113  0.625000 0.895844
0  -5.245836 7.547791 28.597473  -0.816912 0.271037 -0.509111  0.624899 0.751082
0  -7.976851 3.741169 30.939732  -0.816906 0.271047 -0.509115  0.624988 0.888451
no_material
0  -5.237116 7.602978 28.599453  -0.926224 0.277731 -0.254900  0.625000 0.750000
0  -5.402055 4.990419 26.352238  -0.926223 0.277741 -0.254895  0.613827 0.866125
0  -5.245836 7.547791 28.597473  -0.926224 0.277726 -0.254907  0.624899 0.751082
no_material
0  -5.383925 4.995878 26.318787  -0.942490 -0.075417 -0.325614  0.613603 0.875000
0  -5.507631 2.295914 27.302275  -0.942488 -0.075414 -0.325622  0.624893 0.015159
0  -5.402055 4.990419 26.352238  -0.942487 -0.075420 -0.325623  0.613827 0.866125
no_material
0  -5.503619 2.253984 27.280043  -0.814309 0.065153 -0.576763  0.625000 0.000000
0  -7.976851 3.741169 30.939732  -0.814304 0.065151 -0.576771  0.624988 0.888451
0  -5.507631 2.295914 27.302275  -0.814310 0.065152 -0.576762  0.624893 0.015159
no_material
0  -2.232703 3.750638 6.461334  -0.179709 -0.983718 0.002116  0.375000 1.000000
0  -0.004374 3.333766 1.940670  -0.179716 -0.983716 0.002131  0.375037 0.133144
0  -2.196435 3.750359 6.465013  -0.179716 -0.983716 0.002132  0.375374 0.989595
no_material
0  -0.004001 3.339871 1.862360  0.179365 -0.983774 0.004139  0.375000 0.125000
0  2.140633 3.750385 6.477000  0.179369 -0.983773 0.004145  0.375370 0.251960
0  -0.004374 3.333766 1.940670  0.179372 -0.983773 0.004152  0.375037 0.133144
no_material
0  2.177027 3.750638 6.473862  0.168463 -0.978091 -0.122302  0.375000 0.250000
0  -0.115053 2.358665 14.447952  0.168466 -0.978090 -0.122310  0.486790 0.132898
0  2.140633 3.750385 6.477000  0.168466 -0.978090 -0.122310  0.375370 0.251960
no_material
0  -0.116407 2.348433 14.579193  -0.168088 -0.977706 -0.125849  0.488603 0.125000
0  -2.196435 3.750359 6.465013  -0.168088 -0.977705 -0.125851  0.375374 0.989595
0  -0.115053 2.358665 14.447952  -0.168085 -0.977708 -0.125838  0.486790 0.132898
no_material
0  0.000001 6.335350 -0.156452  -0.479794 0.168871 -0.860976  0.250000 0.625000
0  -1.652928 4.706108 0.445121  -0.479805 0.168859 -0.860973  0.373568 0.018971
0  -0.039856 6.334262 -0.127261  -0.479808 0.168856 -0.860971  0.253274 0.619602
no_material
0  -1.652050 4.659836 0.442754  -0.679273 0.158377 -0.716593  0.375000 0.000000
0  -2.861052 6.241552 1.938390  -0.679271 0.158373 -0.716596  0.374736 0.862670
0  -1.652928 4.706108 0.445121  -0.679271 0.158374 -0.716596  0.373568 0.018971
no_material
0  -2.902782 6.240165 1.968944  -0.678011 -0.104117 -0.727641  0.375000 0.875000
0  -1.652750 7.915121 0.564520  -0.678005 -0.104107 -0.727647  0.373563 0.747862
0  -2.861052 6.241552 1.938390  -0.678010 -0.104115 -0.727642  0.374736 0.862670
no_material
0  -1.652049 7.961645 0.565739  -0.479295 -0.103702 -0.871505  0.375000 0.750000
0  -0.039856 6.334262 -0.127261  -0.479288 -0.103712 -0.871509  0.253274 0.619602
0  -1.652750 7.915121 0.564520  -0.479294 -0.103704 -0.871506  0.373563 0.747862
no_material
0  -0.004001 3.339871 1.862360  0.130234 -0.648588 -0.749915  0.375000 0.125000
0  -1.605720 4.658945 0.443354  0.130235 -0.648589 -0.749914  0.373569 0.983960
0  -0.003939 3.382934 1.833338  0.130231 -0.648586 -0.749918  0.374738 0.137806
no_material
0  -1.652050 4.659836 0.442754  0.135475 -0.446259 -0.884590  0.375000 1.000000
0  0.000001 6.294361 -0.128827  0.135474 -0.446260 -0.884590  0.253272 0.623861
0  -1.605720 4.658945 0.443354  0.135464 -0.446270 -0.884586  0.373569 0.983960
no_material
0  0.000001 6.335350 -0.156452  -0.135379 -0.446167 -0.884651  0.250000 0.625000
0  1.605669 4.658990 0.443323  -0.135370 -0.446179 -0.884647  0.373567 0.255015
0  0.000001 6.294361 -0.128827  -0.135368 -0.446180 -0.884646  0.253272 0.623861
no_material
0  1.652051 4.659835 0.442753  -0.130036 -0.648335 -0.750168  0.375000 0.250000
0  -0.003939 3.382934 1.833338  -0.130036 -0.648334 -0.750169  0.374738 0.137806
0  1.605669 4.658990 0.443323  -0.130022 -0.648324 -0.750180  0.373567 0.255015
no_material
0  3.434967 2.112485 27.194523  0.095658 -0.293456 -0.951174  0.625000 0.250000
0  -1.154046 0.806448 27.135859  0.095652 -0.293459 -0.951174  0.624789 0.131313
0  3.218039 2.117022 27.194855  0.095693 -0.293447 -0.951174  0.624700 0.243853
no_material
0  -1.154171 0.787969 27.165104  -0.111400 -0.238606 -0.964706  0.625000 0.123785
0  -5.272639 2.249503 27.279137  -0.111405 -0.238590 -0.964709  0.624730 0.956164
0  -1.154046 0.806448 27.135859  -0.111455 -0.238584 -0.964705  0.624789 0.131313
no_material
0  -5.503619 2.253984 27.280043  -0.115855 -0.982396 0.146547  0.625000 1.000000
0  -0.677352 1.497649 26.025593  -0.115876 -0.982392 0.146554  0.613966 0.130579
0  -5.272639 2.249503 27.279137  -0.115857 -0.982395 0.146549  0.624730 0.956164
no_material
0  -0.676892 1.516130 25.996334  0.089536 -0.976056 0.198239  0.613603 0.125000
0  3.218039 2.117022 27.194855  0.089648 -0.976038 0.198273  0.624700 0.243853
0  -0.677352 1.497649 26.025593  0.089648 -0.976038 0.198277  0.613966 0.130579
no_material
0  4.050222 7.356768 47.497009  0.673166 0.705508 -0.221600  0.625000 0.500000
0  6.141366 3.786437 42.482204  0.673157 0.705523 -0.221580  0.625000 0.385904
0  4.046992 7.356146 47.441311  0.673156 0.705524 -0.221578  0.625000 0.500009
no_material
0  6.176761 3.767143 42.484383  0.668847 0.726865 0.155922  0.625000 0.384592
0  4.211335 6.806767 36.745064  0.668821 0.726885 0.155937  0.625000 0.497236
0  6.141366 3.786437 42.482204  0.668824 0.726881 0.155945  0.625000 0.385904
no_material
0  4.215578 6.801887 36.685535  0.271894 0.956288 0.107643  0.625000 0.497222
0  -0.809472 7.589435 42.382088  0.271890 0.956289 0.107647  0.625000 0.623743
0  4.211335 6.806767 36.745064  0.271889 0.956289 0.107644  0.625000 0.497236
no_material
0  -0.848929 7.611043 42.381992  0.262172 0.942743 -0.206161  0.625000 0.625000
0  4.046992 7.356146 47.441311  0.262178 0.942746 -0.206138  0.625000 0.500009
0  -0.809472 7.589435 42.382088  0.262179 0.942742 -0.206153  0.625000 0.623743
no_material
0  5.772216 3.491129 30.751987  0.745867 0.654246 0.125079  0.625000 0.353281
0  2.913566 7.162290 28.595755  0.745874 0.654245 0.125041  0.625000 0.499860
0  5.734210 3.518464 30.767548  0.745872 0.654249 0.125035  0.625000 0.354995
no_material
0  2.907780 7.163591 28.555319  0.410576 0.893564 0.181580  0.625000 0.500000
0  -0.994653 8.256423 32.000523  0.410582 0.893563 0.181572  0.625000 0.623512
0  2.913566 7.162290 28.595755  0.410567 0.893566 0.181587  0.625000 0.499860
no_material
0  -1.036824 8.285545 31.999702  0.412877 0.892410 -0.182034  0.625000 0.625000
0  4.206008 6.804813 36.630219  0.412865 0.892414 -0.182043  0.625000 0.497134
0  -0.994653 8.256423 32.000523  0.412879 0.892410 -0.182029  0.625000 0.623512
no_material
0  4.215578 6.801887 36.685535  0.652858 0.720933 -0.232448  0.625000 0.497222
0  5.734210 3.518464 30.767548  0.652859 0.720931 -0.232451  0.625000 0.354995
0  4.206008 6.804813 36.630219  0.652851 0.720947 -0.232425  0.625000 0.497134
no_material
0  2.188164 8.164876 6.625622  0.172801 0.976654 0.127619  0.375000 0.500000
0  -0.000262 9.136300 2.156175  0.172810 0.976651 0.127627  0.375037 0.624999
0  2.151823 8.164705 6.628845  0.172803 0.976653 0.127622  0.375371 0.502066
no_material
0  -0.000172 9.140455 2.076961  -0.173309 0.976628 0.127125  0.375000 0.625000
0  -2.163006 8.164700 6.624848  -0.173301 0.976632 0.127111  0.375373 0.747928
0  -0.000262 9.136300 2.156175  -0.173303 0.976631 0.127114  0.375037 0.624999
no_material
0  -2.199294 8.164877 6.621447  -0.162512 0.986694 0.004878  0.375000 0.750000
0  -0.038218 8.480832 14.649983  -0.162506 0.986695 0.004892  0.486030 0.625001
0  -2.163006 8.164700 6.624848  -0.162512 0.986694 0.004880  0.375373 0.747928
no_material
0  -0.038725 8.473955 14.781071  0.162498 0.986689 0.006253  0.487840 0.625000
0  2.151823 8.164705 6.628845  0.162507 0.986688 0.006231  0.375371 0.502066
0  -0.038218 8.480832 14.649983  0.162504 0.986688 0.006238  0.486030 0.625001
no_material
0  -3.159435 5.417595 14.664518  -0.870661 -0.491876 0.002745  0.488603 0.875000
0  -2.236669 3.739509 6.593453  -0.870660 -0.491877 0.002741  0.376862 0.008212
0  -3.134645 5.392589 14.663840  -0.870661 -0.491877 0.002740  0.488641 0.868706
no_material
0  -2.232703 3.750638 6.461334  -0.501928 -0.864735 -0.017346  0.375000 0.000000
0  -0.141495 2.373768 14.579625  -0.501934 -0.864732 -0.017371  0.488636 0.130991
0  -2.236669 3.739509 6.593453  -0.501928 -0.864735 -0.017347  0.376862 0.008212
no_material
0  -0.116407 2.348433 14.579193  -0.495987 -0.855753 -0.147253  0.488603 0.125000
0  -2.959730 2.677554 22.243139  -0.495992 -0.855752 -0.147242  0.607845 0.991830
0  -0.141495 2.373768 14.579625  -0.495978 -0.855754 -0.147277  0.488636 0.130991
no_material
0  -2.967761 2.670925 22.371881  -0.864018 -0.480317 -0.150890  0.609833 1.000000
0  -3.134645 5.392589 14.663840  -0.864018 -0.480318 -0.150885  0.488641 0.868706
0  -2.959730 2.677554 22.243139  -0.864018 -0.480318 -0.150887  0.607845 0.991830
no_material
0  -2.199294 8.164877 6.621447  -0.979805 0.186378 0.072430  0.375000 0.750000
0  -2.904361 6.235781 2.047355  -0.979803 0.186382 0.072438  0.375038 0.866924
0  -2.199620 8.128333 6.622635  -0.979804 0.186380 0.072433  0.375367 0.748066
no_material
0  -2.902782 6.240165 1.968944  -0.983004 -0.176591 0.050191  0.375000 0.875000
0  -2.232515 3.786649 6.466910  -0.983005 -0.176587 0.050186  0.375380 0.010388
0  -2.904361 6.235781 2.047355  -0.983004 -0.176590 0.050188  0.375038 0.866924
no_material
0  -2.232703 3.750638 6.461334  -0.983868 -0.160341 -0.079338  0.375000 0.000000
0  -3.156794 5.426090 14.533905  -0.983865 -0.160345 -0.079360  0.486792 0.867076
0  -2.232515 3.786649 6.466910  -0.983866 -0.160344 -0.079355  0.375380 0.010388
no_material
0  -3.159435 5.417595 14.664518  -0.982049 0.179947 -0.056559  0.488603 0.875000
0  -2.199620 8.128333 6.622635  -0.982048 0.179949 -0.056567  0.375367 0.748066
0  -3.156794 5.426090 14.533905  -0.982049 0.179948 -0.056563  0.486792 0.867076
no_material
0  -6.253207 0.000001 28.351671  -0.390589 0.407363 -0.825527  0.625000 1.000000
0  -7.918036 3.664163 30.947498  -0.390606 0.407387 -0.825508  0.625000 0.884842
0  -6.245144 0.034704 28.337490  -0.390600 0.407382 -0.825513  0.625000 0.989199
no_material
0  -8.006349 3.723875 30.991261  -0.760973 -0.587577 -0.275086  0.625000 0.895844
0  -5.510238 2.222570 27.292425  -0.760991 -0.587564 -0.275064  0.625000 0.017681
0  -7.918036 3.664163 30.947498  -0.760990 -0.587566 -0.275065  0.625000 0.884842
no_material
0  -5.503619 2.253984 27.280043  -0.284644 -0.820468 -0.495791  0.625000 0.000000
0  -1.258113 0.812053 27.228329  -0.284674 -0.820436 -0.495828  0.625000 0.133561
0  -5.510238 2.222570 27.292425  -0.284668 -0.820460 -0.495792  0.625000 0.017681
no_material
0  -1.154171 0.787969 27.165104  -0.258254 0.334898 -0.906172  0.625000 0.123785
0  -6.245144 0.034704 28.337490  -0.258248 0.334896 -0.906175  0.625000 0.989199
0  -1.258113 0.812053 27.228329  -0.258216 0.334902 -0.906182  0.625000 0.133561
no_material
0  2.177027 3.750638 6.473862  0.981751 -0.180905 0.058632  0.375000 0.250000
0  2.899263 6.235689 2.049023  0.981752 -0.180903 0.058626  0.375037 0.375024
0  2.177155 3.786642 6.479436  0.981749 -0.180913 0.058644  0.375378 0.252063
no_material
0  2.898608 6.240163 1.970377  0.982002 0.170816 0.080589  0.375000 0.375000
0  2.188092 8.128346 6.626775  0.982002 0.170814 0.080586  0.375363 0.497948
0  2.899263 6.235689 2.049023  0.982000 0.170819 0.080598  0.375037 0.375024
no_material
0  2.188164 8.164876 6.625622  0.985429 0.164229 -0.044252  0.375000 0.500000
0  3.003216 5.413344 14.564902  0.985430 0.164226 -0.044239  0.486041 0.374984
0  2.188092 8.128346 6.626775  0.985429 0.164231 -0.044256  0.375363 0.497948
no_material
0  3.004303 5.404793 14.695745  0.983942 -0.165663 -0.066438  0.487840 0.375000
0  2.177155 3.786642 6.479436  0.983944 -0.165658 -0.066416  0.375378 0.252063
0  3.003216 5.413344 14.564902  0.983943 -0.165661 -0.066429  0.486041 0.374984
no_material
0  -2.199294 8.164877 6.621447  -0.863135 0.500241 0.068965  0.375000 0.750000
0  -3.134215 5.442276 14.666547  -0.863136 0.500237 0.068980  0.488527 0.872939
0  -2.202904 8.159050 6.753035  -0.863139 0.500229 0.069001  0.376832 0.749985
no_material
0  -3.159435 5.417595 14.664518  -0.860434 0.503003 -0.081495  0.488603 0.875000
0  -2.787134 7.313663 22.435606  -0.860434 0.503001 -0.081512  0.571836 0.750025
0  -3.134215 5.442276 14.666547  -0.860434 0.503000 -0.081517  0.488527 0.872939
no_material
0  -2.792674 7.306019 22.562904  -0.484678 0.873704 -0.041583  0.573222 0.750000
0  -0.064089 8.449139 14.778722  -0.484685 0.873700 -0.041568  0.487747 0.626999
0  -2.787134 7.313663 22.435606  -0.484675 0.873705 -0.041595  0.571836 0.750025
no_material
0  -0.038725 8.473955 14.781071  -0.486091 0.868514 0.096945  0.487840 0.625000
0  -2.202904 8.159050 6.753035  -0.486082 0.868517 0.096963  0.376832 0.749985
0  -0.064089 8.449139 14.778722  -0.486084 0.868515 0.096969  0.487747 0.626999
no_material
0  2.188164 8.164876 6.625622  0.524875 0.843733 0.112341  0.375000 0.500000
0  -0.013792 8.448868 14.779359  0.524876 0.843733 0.112340  0.487750 0.622947
0  2.188371 8.156770 6.759135  0.524869 0.843734 0.112367  0.376844 0.500013
no_material
0  -0.038725 8.473955 14.781071  0.526631 0.849982 -0.013784  0.487840 0.625000
0  2.215171 7.201804 22.446428  0.526633 0.849981 -0.013780  0.571817 0.499988
0  -0.013792 8.448868 14.779359  0.526625 0.849985 -0.013805  0.487750 0.622947
no_material
0  2.215096 7.194310 22.574404  0.853503 0.519998 -0.033689  0.573222 0.500000
0  2.979349 5.429925 14.697051  0.853502 0.519999 -0.033692  0.487771 0.377045
0  2.215171 7.201804 22.446428  0.853501 0.520002 -0.033675  0.571817 0.499988
no_material
0  3.004303 5.404793 14.695745  0.851864 0.515751 0.091261  0.487840 0.375000
0  2.188371 8.156770 6.759135  0.851863 0.515754 0.091253  0.376844 0.500013
0  2.979349 5.429925 14.697051  0.851865 0.515746 0.091278  0.487771 0.377045
no_material
0  -1.652049 7.961645 0.565739  -0.801284 0.597858 0.022580  0.375000 0.750000
0  -2.873796 6.270645 1.982317  -0.801293 0.597846 0.022589  0.375000 0.872400
0  -1.655463 7.963365 0.607179  -0.801288 0.597853 0.022584  0.375000 0.749982
no_material
0  -2.902782 6.240165 1.968944  -0.761717 0.631036 -0.146904  0.375000 0.875000
0  -2.191708 8.161995 6.536981  -0.761716 0.631039 -0.146897  0.375000 0.750013
0  -2.873796 6.270645 1.982317  -0.761718 0.631034 -0.146907  0.375000 0.872400
no_material
0  -2.199294 8.164877 6.621447  -0.625611 0.767649 -0.139019  0.375000 0.750000
0  -0.031478 9.110622 2.087527  -0.625606 0.767651 -0.139032  0.375000 0.627598
0  -2.191708 8.161995 6.536981  -0.625608 0.767650 -0.139027  0.375000 0.750013
no_material
0  -0.000172 9.140455 2.076961  -0.598562 0.800391 0.033120  0.375000 0.625000
0  -1.655463 7.963365 0.607179  -0.598569 0.800387 0.033115  0.375000 0.749982
0  -0.031478 9.110622 2.087527  -0.598564 0.800390 0.033118  0.375000 0.627598
no_material
0  2.177027 3.750638 6.473862  0.849565 -0.527042 0.021600  0.375000 0.250000
0  2.979047 5.380110 14.694142  0.849562 -0.527047 0.021575  0.487754 0.372941
0  2.177404 3.740537 6.605243  0.849565 -0.527041 0.021604  0.376832 0.250012
no_material
0  3.004303 5.404793 14.695745  0.847333 -0.518746 -0.113704  0.487840 0.375000
0  2.330265 2.641524 22.279161  0.847332 -0.518749 -0.113699  0.571837 0.249997
0  2.979047 5.380110 14.694142  0.847334 -0.518742 -0.113719  0.487754 0.372941
no_material
0  2.332609 2.633687 22.406370  0.506584 -0.852556 -0.128538  0.573222 0.250000
0  -0.091004 2.373285 14.580482  0.506585 -0.852555 -0.128533  0.488519 0.126999
0  2.330265 2.641524 22.279161  0.506583 -0.852556 -0.128539  0.571837 0.249997
no_material
0  -0.116407 2.348433 14.579193  0.510035 -0.860147 -0.003459  0.488603 0.125000
0  2.177404 3.740537 6.605243  0.510033 -0.860148 -0.003449  0.376832 0.250012
0  -0.091004 2.373285 14.580482  0.510031 -0.860149 -0.003442  0.488519 0.126999
no_material
0  0.000020 8.494744 63.218571  -0.633063 0.767693 0.099396  0.500000 0.125000
0  -4.997840 4.997858 58.389381  -0.633073 0.767684 0.099401  0.128394 0.748256
0  -0.038359 8.456368 63.218685  -0.633067 0.767689 0.099399  0.499996 0.130360
no_material
0  -4.997280 4.997298 58.345428  -0.767714 0.633049 0.099320  0.125000 0.750000
0  -8.456352 0.038379 63.218689  -0.767729 0.633037 0.099279  0.499996 0.873584
0  -4.997840 4.997858 58.389381  -0.767711 0.633053 0.099316  0.128394 0.748256
no_material
0  -8.494727 0.000001 63.218575  -0.764495 0.630441 -0.134505  0.500000 0.875000
0  -5.120862 5.120882 68.047623  -0.764465 0.630465 -0.134562  0.871617 0.748259
0  -8.456352 0.038379 63.218689  -0.764460 0.630475 -0.134547  0.499996 0.873584
no_material
0  -5.121423 5.121444 68.091728  -0.630458 0.764472 -0.134552  0.875000 0.750000
0  -0.038359 8.456368 63.218685  -0.630468 0.764465 -0.134550  0.499996 0.130360
0  -5.120862 5.120882 68.047623  -0.630462 0.764470 -0.134550  0.871617 0.748259
no_material
0  -8.006349 3.723875 30.991261  -0.658732 0.734609 -0.162550  0.625000 0.895844
0  -5.847118 6.911067 36.644932  -0.658727 0.734615 -0.162542  0.625000 0.752842
0  -7.965885 3.750119 31.003788  -0.658733 0.734607 -0.162552  0.625000 0.894147
no_material
0  -5.851631 6.906147 36.698936  -0.381637 0.915919 -0.124282  0.625000 0.752778
0  -1.078700 8.257878 32.000839  -0.381653 0.915913 -0.124275  0.625000 0.626502
0  -5.847118 6.911067 36.644932  -0.381662 0.915911 -0.124261  0.625000 0.752842
no_material
0  -1.036824 8.285545 31.999702  -0.362162 0.891837 0.271046  0.625000 0.625000
0  -5.240343 7.599354 28.641022  -0.362185 0.891833 0.271027  0.625000 0.750128
0  -1.078700 8.257878 32.000839  -0.362175 0.891835 0.271035  0.625000 0.626502
no_material
0  -5.237116 7.602978 28.599453  -0.723396 0.652756 0.224960  0.625000 0.750000
0  -7.965885 3.750119 31.003788  -0.723398 0.652754 0.224961  0.625000 0.894147
0  -5.240343 7.599354 28.641022  -0.723393 0.652760 0.224959  0.625000 0.750128
no_material
0  -3.472552 9.685942 39.160313  -0.201628 -0.964998 -0.167706  0.625000 0.708333
0  -0.938905 8.312340 44.018463  -0.201620 -0.964998 -0.167714  0.625000 0.626296
0  -3.481937 9.658996 39.228165  -0.201641 -0.964990 -0.167733  0.625000 0.708023
no_material
0  -0.904325 8.287642 44.020515  -0.116385 -0.890557 -0.439731  0.625000 0.625000
0  -5.857914 7.369462 47.191635  -0.116437 -0.890567 -0.439696  0.625000 0.748928
0  -0.938905 8.312340 44.018463  -0.116421 -0.890565 -0.439705  0.625000 0.626296
no_material
0  -5.892246 7.356771 47.265247  -0.721463 -0.338451 -0.604104  0.625000 0.750000
0  -4.406503 10.955064 43.475101  -0.721478 -0.338430 -0.604098  0.625000 0.739755
0  -5.857914 7.369462 47.191635  -0.721473 -0.338435 -0.604101  0.625000 0.748928
no_material
0  -4.434851 10.976200 43.471611  -0.893288 -0.445127 -0.062433  0.625000 0.740451
0  -3.481937 9.658996 39.228165  -0.893301 -0.445102 -0.062429  0.625000 0.708023
0  -4.406503 10.955064 43.475101  -0.893296 -0.445108 -0.062451  0.625000 0.739755
no_material
0  -5.774224 3.446112 50.732258  -0.785321 0.333018 0.521891  0.625000 0.869792
0  -2.996940 6.299036 53.091625  -0.785313 0.333031 0.521894  0.625000 0.750714
0  -5.759499 3.494714 50.730076  -0.785319 0.333021 0.521891  0.625000 0.868214
no_material
0  -2.973735 6.296894 53.134590  -0.825649 0.191603 0.530652  0.625000 0.750000
0  -4.019099 9.357117 50.402893  -0.825645 0.191596 0.530661  0.625000 0.744404
0  -2.996940 6.299036 53.091625  -0.825648 0.191605 0.530652  0.625000 0.750714
no_material
0  -4.005448 9.398193 50.403214  -0.892530 0.208085 0.400113  0.625000 0.744117
0  -5.870282 7.345937 47.311100  -0.892528 0.208086 0.400117  0.625000 0.750646
0  -4.019099 9.357117 50.402893  -0.892526 0.208090 0.400121  0.625000 0.744404
no_material
0  -5.892246 7.356771 47.265247  -0.844057 0.341739 0.413258  0.625000 0.750000
0  -5.759499 3.494714 50.730076  -0.844057 0.341738 0.413259  0.625000 0.868214
0  -5.870282 7.345937 47.311100  -0.844056 0.341735 0.413263  0.625000 0.750646
no_material
0  1.281624 14.935957 26.254501  0.593111 0.804780 0.023408  0.625000 0.562500
0  0.033234 15.818704 27.533936  0.593110 0.804781 0.023410  0.625000 0.623118
0  1.289606 14.935728 26.293018  0.593112 0.804780 0.023409  0.625000 0.562616
no_material
0  -0.002120 15.851687 27.528559  0.595851 0.775365 -0.209214  0.625000 0.625000
0  1.978605 14.973462 29.915178  0.595847 0.775367 -0.209219  0.625000 0.542319
0  0.033234 15.818704 27.533936  0.595856 0.775363 -0.209207  0.625000 0.623118
no_material
0  1.990836 14.974103 29.979332  0.730662 0.641864 -0.232687  0.625000 0.541667
0  2.378043 13.465381 27.033642  0.730663 0.641861 -0.232692  0.625000 0.516389
0  1.978605 14.973462 29.915178  0.730663 0.641859 -0.232697  0.625000 0.542319
no_material
0  2.409391 13.431576 27.014845  0.806087 0.591530 -0.017800  0.625000 0.515239
0  1.289606 14.935728 26.293018  0.806085 0.591533 -0.017802  0.625000 0.562616
0  2.378043 13.465381 27.033642  0.806078 0.591541 -0.017808  0.625000 0.516389
no_material
0  4.050222 7.356768 47.497009  0.975911 0.071596 0.206088  0.625000 0.500000
0  3.282750 9.355663 50.436932  0.975911 0.071599 0.206087  0.625000 0.505589
0  4.033079 7.350043 47.547009  0.975911 0.071596 0.206085  0.625000 0.499419
no_material
0  3.272308 9.398193 50.438065  0.884573 0.091551 0.457328  0.625000 0.505884
0  2.162136 6.293294 53.207077  0.884575 0.091557 0.457323  0.625000 0.499123
0  3.282750 9.355663 50.436932  0.884578 0.091567 0.457316  0.625000 0.505589
no_material
0  2.145691 6.296894 53.248726  0.820109 0.342997 0.458011  0.625000 0.500000
0  4.207437 3.498868 51.651428  0.820107 0.342966 0.458039  0.625000 0.381958
0  2.162136 6.293294 53.207077  0.820121 0.342983 0.458000  0.625000 0.499123
no_material
0  4.217186 3.446110 51.658573  0.919166 0.305364 0.248770  0.625000 0.380208
0  4.033079 7.350043 47.547009  0.919166 0.305360 0.248774  0.625000 0.499419
0  4.207437 3.498868 51.651428  0.919166 0.305359 0.248774  0.625000 0.381958
no_material
0  1.539848 10.294663 51.398830  0.566704 0.766318 0.302661  0.625000 0.562500
0  3.233966 9.426983 50.423908  0.566704 0.766316 0.302666  0.625000 0.507069
0  1.553502 10.304730 51.360828  0.566701 0.766318 0.302665  0.625000 0.562224
no_material
0  3.272308 9.398193 50.438065  0.494320 0.763654 0.415307  0.625000 0.505884
0  2.142354 12.187278 46.653530  0.494315 0.763656 0.415309  0.625000 0.542302
0  3.233966 9.426983 50.423908  0.494316 0.763656 0.415309  0.625000 0.507069
no_material
0  2.155787 12.210162 46.588642  0.386315 0.819664 0.422981  0.625000 0.541667
0  -0.030205 11.820007 49.341286  0.386310 0.819663 0.422986  0.625000 0.623488
0  2.142354 12.187278 46.653530  0.386311 0.819663 0.422985  0.625000 0.542302
no_material
0  -0.068384 11.839315 49.347012  0.416983 0.852922 0.314085  0.625000 0.625000
0  1.553502 10.304730 51.360828  0.416990 0.852921 0.314078  0.625000 0.562224
0  -0.030205 11.820007 49.341286  0.416988 0.852920 0.314082  0.625000 0.623488
no_material
0  2.354677 9.685942 39.160324  0.132724 -0.972418 -0.191800  0.625000 0.541667
0  -0.900816 8.296183 43.953072  0.132736 -0.972414 -0.191813  0.625000 0.625032
0  2.315226 9.686207 39.158234  0.132724 -0.972418 -0.191800  0.625000 0.542781
no_material
0  -0.904325 8.287642 44.020515  -0.134244 -0.968682 -0.208886  0.625000 0.625000
0  -3.433487 9.685791 39.161507  -0.134247 -0.968680 -0.208896  0.625000 0.707197
0  -0.900816 8.296183 43.953072  -0.134251 -0.968678 -0.208899  0.625000 0.625032
no_material
0  -3.472552 9.685942 39.160313  -0.132513 -0.989535 -0.057099  0.625000 0.708333
0  -0.337149 9.569878 33.894981  -0.132515 -0.989535 -0.057096  0.625000 0.624978
0  -3.433487 9.685791 39.161507  -0.132517 -0.989535 -0.057094  0.625000 0.707197
no_material
0  -0.334844 9.578774 33.824726  0.131069 -0.990344 -0.045156  0.625000 0.625000
0  2.315226 9.686207 39.158234  0.131065 -0.990345 -0.045159  0.625000 0.542781
0  -0.337149 9.569878 33.894981  0.131069 -0.990344 -0.045154  0.625000 0.624978
no_material
0  1.281624 14.935957 26.254501  0.626045 0.073994 -0.776268  0.625000 0.562500
0  2.366023 13.437522 26.986237  0.626042 0.073993 -0.776271  0.625000 0.516905
0  1.282786 14.890739 26.245333  0.626041 0.074000 -0.776271  0.625000 0.562743
no_material
0  2.409391 13.431576 27.014845  0.624596 0.259149 -0.736696  0.625000 0.515239
0  1.282531 12.396194 25.695107  0.624604 0.259153 -0.736689  0.625000 0.562754
0  2.366023 13.437522 26.986237  0.624593 0.259145 -0.736700  0.625000 0.516905
no_material
0  1.281623 12.350989 25.684511  0.478025 0.284632 -0.830949  0.625000 0.562500
0  0.040889 13.757454 25.452599  0.478021 0.284628 -0.830953  0.625000 0.622822
0  1.282531 12.396194 25.695107  0.478023 0.284636 -0.830949  0.625000 0.562754
no_material
0  0.000009 13.763386 25.425703  0.478431 0.090536 -0.873445  0.625000 0.625000
0  1.282786 14.890739 26.245333  0.478436 0.090537 -0.873443  0.625000 0.562743
0  0.040889 13.757454 25.452599  0.478443 0.090544 -0.873438  0.625000 0.622822
no_material
0  -0.848929 7.611043 42.381992  -0.272326 0.954295 0.123125  0.625000 0.625000
0  -5.849454 6.909903 36.756332  -0.272324 0.954295 0.123127  0.625000 0.752812
0  -0.888882 7.589224 42.381058  -0.272340 0.954293 0.123108  0.625000 0.626268
no_material
0  -5.851631 6.906147 36.698936  -0.688807 0.705518 0.166701  0.625000 0.752778
0  -7.799861 3.796743 41.808990  -0.688805 0.705523 0.166689  0.625000 0.864074
0  -5.849454 6.909903 36.756332  -0.688796 0.705535 0.166672  0.625000 0.752812
no_material
0  -7.835343 3.777386 41.808613  -0.661844 0.712382 -0.233396  0.625000 0.865408
0  -5.886494 7.357383 47.208843  -0.661861 0.712371 -0.233383  0.625000 0.749954
0  -7.799861 3.796743 41.808990  -0.661857 0.712376 -0.233377  0.625000 0.864074
no_material
0  -5.892246 7.356771 47.265247  -0.244045 0.947875 -0.204877  0.625000 0.750000
0  -0.888882 7.589224 42.381058  -0.244098 0.947862 -0.204876  0.625000 0.626268
0  -5.886494 7.357383 47.208843  -0.244056 0.947877 -0.204856  0.625000 0.749954
no_material
0  -4.434851 10.976200 43.471611  -0.613697 0.787946 0.050176  0.625000 0.740451
0  -2.591245 12.217186 46.531353  -0.613691 0.787951 0.050174  0.625000 0.708068
0  -4.399528 10.997519 43.470345  -0.613698 0.787945 0.050166  0.625000 0.739816
no_material
0  -2.587525 12.210160 46.588646  -0.422930 0.903224 0.072911  0.625000 0.708333
0  -0.144307 13.670519 42.668827  -0.422921 0.903230 0.072897  0.625000 0.626228
0  -2.591245 12.217186 46.531353  -0.422930 0.903225 0.072907  0.625000 0.708068
no_material
0  -0.109934 13.690443 42.672684  -0.400019 0.892012 0.210475  0.625000 0.625000
0  -2.369070 13.613028 38.707420  -0.400013 0.892012 0.210486  0.625000 0.707850
0  -0.144307 13.670519 42.668827  -0.400016 0.892012 0.210480  0.625000 0.626228
no_material
0  -2.370428 13.623522 38.637383  -0.582032 0.791649 0.185823  0.625000 0.708333
0  -4.399528 10.997519 43.470345  -0.582026 0.791656 0.185814  0.625000 0.739816
0  -2.369070 13.613028 38.707420  -0.582031 0.791650 0.185823  0.625000 0.707850
no_material
0  -0.068384 11.839315 49.347012  -0.350213 0.830847 0.432486  0.625000 0.625000
0  -2.574487 12.188032 46.647266  -0.350216 0.830846 0.432486  0.625000 0.707786
0  -0.108854 11.821433 49.343044  -0.350217 0.830847 0.432482  0.625000 0.626425
no_material
0  -2.587525 12.210160 46.588646  -0.424001 0.796871 0.430371  0.625000 0.708333
0  -3.963860 9.426033 50.387833  -0.424004 0.796867 0.430376  0.625000 0.743085
0  -2.574487 12.188032 46.647266  -0.424002 0.796869 0.430374  0.625000 0.707786
no_material
0  -4.005448 9.398193 50.403214  -0.472009 0.807900 0.352853  0.625000 0.744117
0  -1.736109 10.305568 51.362015  -0.472006 0.807901 0.352855  0.625000 0.687638
0  -3.963860 9.426033 50.387833  -0.472006 0.807902 0.352853  0.625000 0.743085
no_material
0  -1.721812 10.294665 51.398827  -0.369438 0.861080 0.349365  0.625000 0.687500
0  -0.108854 11.821433 49.343044  -0.369439 0.861083 0.349359  0.625000 0.626425
0  -1.736109 10.305568 51.362015  -0.369436 0.861081 0.349367  0.625000 0.687638
no_material
0  -0.068384 11.839315 49.347012  0.060252 0.774047 0.630254  0.625000 0.625000
0  -1.680702 10.295079 51.398354  0.060252 0.774054 0.630246  0.625000 0.685926
0  -0.068783 11.797221 49.394768  0.060257 0.774052 0.630248  0.625000 0.624994
no_material
0  -1.721812 10.294665 51.398827  0.062048 0.719875 0.691325  0.625000 0.687500
0  -0.107714 8.638460 52.978333  0.062046 0.719872 0.691328  0.625000 0.625006
0  -1.680702 10.295079 51.398354  0.062046 0.719872 0.691328  0.625000 0.685926
no_material
0  -0.108007 8.598914 53.023193  -0.062113 0.720500 0.690667  0.625000 0.625000
0  1.498786 10.295380 51.398022  -0.062109 0.720498 0.690670  0.625000 0.564075
0  -0.107714 8.638460 52.978333  -0.062109 0.720503 0.690664  0.625000 0.625006
no_material
0  1.539848 10.294663 51.398830  -0.060562 0.774740 0.629373  0.625000 0.562500
0  -0.068783 11.797221 49.394768  -0.060570 0.774741 0.629371  0.625000 0.624994
0  1.498786 10.295380 51.398022  -0.060566 0.774741 0.629372  0.625000 0.564075
no_material
0  -2.370428 13.623522 38.637383  -0.164651 0.983545 0.074355  0.625000 0.708333
0  -0.110660 13.701931 42.603241  -0.164652 0.983546 0.074344  0.625000 0.624995
0  -2.331794 13.623727 38.636143  -0.164652 0.983545 0.074354  0.625000 0.706907
no_material
0  -0.109934 13.690443 42.672684  0.167214 0.983332 0.071399  0.625000 0.625000
0  2.005418 13.623779 38.635826  0.167261 0.983323 0.071414  0.625000 0.543136
0  -0.110660 13.701931 42.603241  0.167219 0.983332 0.071391  0.625000 0.624995
no_material
0  2.043463 13.623520 38.637386  0.161210 0.957429 0.239460  0.625000 0.541667
0  -0.053213 15.103656 34.129982  0.161201 0.957433 0.239452  0.625000 0.624990
0  2.005418 13.623779 38.635826  0.161205 0.957431 0.239454  0.625000 0.543136
no_material
0  -0.051640 15.116950 34.049622  -0.159185 0.959307 0.233216  0.625000 0.625000
0  -2.331794 13.623727 38.636143  -0.159181 0.959308 0.233216  0.625000 0.706907
0  -0.053213 15.103656 34.129982  -0.159186 0.959307 0.233216  0.625000 0.624990
no_material
0  2.042704 10.985003 29.331591  0.800639 -0.598965 0.014761  0.625000 0.541667
0  2.959917 12.324435 33.936317  0.800637 -0.598968 0.014762  0.625000 0.511199
0  2.042346 10.972307 29.409655  0.800640 -0.598964 0.014770  0.625000 0.542069
no_material
0  2.988012 12.347864 33.937172  0.786231 -0.583428 -0.203601  0.625000 0.510417
0  2.348123 9.695030 39.068470  0.786229 -0.583425 -0.203614  0.625000 0.542091
0  2.959917 12.324435 33.936317  0.786226 -0.583433 -0.203602  0.625000 0.511199
no_material
0  2.354677 9.685942 39.160324  0.448664 -0.868609 -0.210284  0.625000 0.541667
0  -0.305429 9.602892 33.828213  0.448664 -0.868610 -0.210282  0.625000 0.623815
0  2.348123 9.695030 39.068470  0.448657 -0.868609 -0.210298  0.625000 0.542091
no_material
0  -0.334844 9.578774 33.824726  0.453557 -0.890464 -0.036879  0.625000 0.625000
0  2.042346 10.972307 29.409655  0.453548 -0.890469 -0.036869  0.625000 0.542069
0  -0.305429 9.602892 33.828213  0.453549 -0.890469 -0.036858  0.625000 0.623815
no_material
0  2.988012 12.347864 33.937172  0.979681 -0.103636 -0.171714  0.625000 0.510417
0  2.042551 11.023653 29.342260  0.979682 -0.103637 -0.171703  0.625000 0.541292
0  2.981282 12.360087 33.856541  0.979681 -0.103637 -0.171714  0.625000 0.510973
no_material
0  2.042704 10.985003 29.331591  0.988617 -0.150455 0.000161  0.625000 0.541667
0  2.414025 13.422416 27.070127  0.988614 -0.150471 0.000177  0.625000 0.515732
0  2.042551 11.023653 29.342260  0.988617 -0.150457 0.000162  0.625000 0.541292
no_material
0  2.409391 13.431576 27.014845  0.984191 0.168984 0.053041  0.625000 0.515239
0  1.991715 14.934393 29.977448  0.984191 0.168983 0.053043  0.625000 0.541289
0  2.414025 13.422416 27.070127  0.984189 0.168987 0.053051  0.625000 0.515732
no_material
0  1.990836 14.974103 29.979332  0.975447 0.178687 -0.128737  0.625000 0.541667
0  2.981282 12.360087 33.856541  0.975443 0.178699 -0.128756  0.625000 0.510973
0  1.991715 14.934393 29.977448  0.975446 0.178691 -0.128743  0.625000 0.541289
no_material
0  -0.051640 15.116950 34.049622  0.517046 0.854994 0.040611  0.625000 0.625000
0  2.043827 13.635697 38.554207  0.517045 0.854995 0.040606  0.625000 0.542089
0  -0.023649 15.091713 34.046841  0.517042 0.854997 0.040606  0.625000 0.623658
no_material
0  2.043463 13.623520 38.637386  0.804185 0.594378 -0.001331  0.625000 0.541667
0  2.960033 12.372865 33.941444  0.804183 0.594380 -0.001308  0.625000 0.511188
0  2.043827 13.635697 38.554207  0.804187 0.594375 -0.001336  0.625000 0.542089
no_material
0  2.988012 12.347864 33.937172  0.797988 0.574530 0.182015  0.625000 0.510417
0  1.990416 14.962996 30.055727  0.797986 0.574535 0.182011  0.625000 0.542159
0  2.960033 12.372865 33.941444  0.797987 0.574532 0.182016  0.625000 0.511188
no_material
0  1.990836 14.974103 29.979332  0.501868 0.835328 0.224398  0.625000 0.541667
0  -0.023649 15.091713 34.046841  0.501865 0.835329 0.224401  0.625000 0.623658
0  1.990416 14.962996 30.055727  0.501862 0.835329 0.224410  0.625000 0.542159
no_material
0  -5.774224 3.446112 50.732258  -0.961997 0.164387 0.218035  0.625000 0.869792
0  -5.900357 7.312591 47.260242  -0.961996 0.164388 0.218035  0.625000 0.751298
0  -5.784886 3.451684 50.683540  -0.961996 0.164388 0.218035  0.625000 0.869344
no_material
0  -5.892246 7.356771 47.265247  -0.958368 0.160206 0.236355  0.625000 0.750000
0  -7.822688 3.773315 41.864750  -0.958369 0.160205 0.236354  0.625000 0.865154
0  -5.900357 7.312591 47.260242  -0.958369 0.160205 0.236354  0.625000 0.751298
no_material
0  -7.835343 3.777386 41.808613  -0.961757 0.138130 0.236523  0.625000 0.865408
0  -7.274946 0.043159 46.268051  -0.961757 0.138129 0.236524  0.625000 0.915988
0  -7.822688 3.773315 41.864750  -0.961757 0.138129 0.236523  0.625000 0.865154
no_material
0  -7.281698 0.000002 46.268108  -0.965863 0.140367 0.217728  0.625000 0.916667
0  -5.784886 3.451684 50.683540  -0.965863 0.140367 0.217729  0.625000 0.869344
0  -7.274946 0.043159 46.268051  -0.965863 0.140367 0.217729  0.625000 0.915988
no_material
0  2.145691 6.296894 53.248726  0.059599 0.153546 0.986343  0.625000 0.500000
0  -0.110949 8.554394 53.034073  0.059609 0.153571 0.986338  0.625209 0.624844
0  2.098894 6.295564 53.248005  0.059606 0.153562 0.986340  0.625801 0.502313
no_material
0  -0.108007 8.598914 53.023193  -0.102241 0.173117 0.979580  0.625000 0.625000
0  -2.927529 6.290193 53.137268  -0.102240 0.173121 0.979580  0.625904 0.747738
0  -0.110949 8.554394 53.034073  -0.102236 0.173121 0.979580  0.625209 0.624844
no_material
0  -2.973735 6.296894 53.134590  -0.089104 0.305306 0.948076  0.625000 0.750000
0  -0.752086 3.273495 54.317799  -0.089133 0.305294 0.948077  0.747979 0.625105
0  -2.927529 6.290193 53.137268  -0.089116 0.305284 0.948082  0.625904 0.747738
no_material
0  -0.755716 3.219613 54.330963  0.048242 0.291767 0.955272  0.750000 0.625000
0  2.098894 6.295564 53.248005  0.048202 0.291809 0.955261  0.625801 0.502313
0  -0.752086 3.273495 54.317799  0.048246 0.291772 0.955270  0.747979 0.625105
no_material
0  -1.721812 10.294665 51.398827  -0.496964 0.418649 0.760106  0.625000 0.687500
0  -3.964748 9.382368 50.435104  -0.496960 0.418651 0.760107  0.625000 0.743348
0  -1.736395 10.260427 51.411575  -0.496965 0.418650 0.760104  0.625000 0.687711
no_material
0  -4.005448 9.398193 50.403214  -0.440641 0.506810 0.740932  0.625000 0.744117
0  -2.956250 6.347155 53.113724  -0.440639 0.506810 0.740933  0.625000 0.748784
0  -3.964748 9.382368 50.435104  -0.440637 0.506805 0.740937  0.625000 0.743348
no_material
0  -2.973735 6.296894 53.134590  -0.373129 0.503021 0.779580  0.625000 0.750000
0  -0.152164 8.595651 53.000977  -0.373101 0.502991 0.779613  0.625000 0.626835
0  -2.956250 6.347155 53.113724  -0.373128 0.503020 0.779581  0.625000 0.748784
no_material
0  -0.108007 8.598914 53.023193  -0.394482 0.410613 0.822059  0.625000 0.625000
0  -1.736395 10.260427 51.411575  -0.394482 0.410605 0.822063  0.625000 0.687711
0  -0.152164 8.595651 53.000977  -0.394484 0.410608 0.822060  0.625000 0.626835
no_material
0  1.990836 14.974103 29.979332  0.158090 0.962907 0.218671  0.625000 0.541667
0  -0.002481 15.845546 27.583067  0.158089 0.962909 0.218663  0.625000 0.624991
0  1.950470 14.973656 29.983301  0.158091 0.962908 0.218667  0.625000 0.543335
no_material
0  -0.002120 15.851687 27.528559  -0.157782 0.963631 0.215684  0.625000 0.625000
0  -2.009247 14.973606 29.983747  -0.157789 0.963628 0.215693  0.625000 0.706671
0  -0.002481 15.845546 27.583067  -0.157780 0.963632 0.215680  0.625000 0.624991
no_material
0  -2.049622 14.974103 29.979332  -0.139217 0.989741 0.032099  0.625000 0.708333
0  -0.051304 15.125492 33.973812  -0.139218 0.989742 0.032092  0.625000 0.625004
0  -2.009247 14.973606 29.983747  -0.139212 0.989742 0.032107  0.625000 0.706671
no_material
0  -0.051640 15.116950 34.049622  0.139523 0.989640 0.033843  0.625000 0.625000
0  1.950470 14.973656 29.983301  0.139521 0.989641 0.033838  0.625000 0.543335
0  -0.051304 15.125492 33.973812  0.139530 0.989640 0.033824  0.625000 0.625004
no_material
0  -0.002120 15.851687 27.528559  -0.095887 0.761846 -0.640622  0.625000 0.625000
0  1.236384 14.936663 26.255211  -0.095896 0.761844 -0.640623  0.625000 0.564705
0  -0.002076 15.813883 27.490490  -0.095884 0.761842 -0.640627  0.625000 0.625001
no_material
0  1.281624 14.935957 26.254501  -0.099569 0.642189 -0.760052  0.625000 0.562500
0  0.000009 13.799271 25.461840  -0.099611 0.642209 -0.760030  0.625000 0.625000
0  1.236384 14.936663 26.255211  -0.099596 0.642220 -0.760023  0.625000 0.564705
no_material
0  0.000009 13.763386 25.425703  0.099657 0.642272 -0.759970  0.625000 0.625000
0  -1.236397 14.936686 26.255238  0.099655 0.642280 -0.759964  0.625000 0.685294
0  0.000009 13.799271 25.461840  0.099651 0.642279 -0.759966  0.625000 0.625000
no_material
0  -1.281604 14.935954 26.254501  0.095868 0.762044 -0.640389  0.625000 0.687500
0  -0.002076 15.813883 27.490490  0.095871 0.762038 -0.640395  0.625000 0.625001
0  -1.236397 14.936686 26.255238  0.095868 0.762041 -0.640393  0.625000 0.685294
no_material
0  1.281623 12.350989 25.684511  0.803183 -0.549004 -0.231281  0.625000 0.562500
0  2.379361 13.394747 27.019682  0.803189 -0.548976 -0.231327  0.625000 0.516374
0  1.288470 12.336577 25.720800  0.803176 -0.549010 -0.231292  0.625000 0.562646
no_material
0  2.409391 13.431576 27.014845  0.738761 -0.517474 -0.431801  0.625000 0.515239
0  2.029854 11.008408 29.269457  0.738761 -0.517484 -0.431789  0.625000 0.542277
0  2.379361 13.394747 27.019682  0.738764 -0.517476 -0.431794  0.625000 0.516374
no_material
0  2.042704 10.985003 29.331591  0.613244 -0.646850 -0.453339  0.625000 0.541667
0  0.021818 11.040454 26.518843  0.613242 -0.646849 -0.453343  0.625000 0.623170
0  2.029854 11.008408 29.269457  0.613246 -0.646850 -0.453337  0.625000 0.542277
no_material
0  -0.013450 11.011469 26.501129  0.603535 -0.750917 -0.268084  0.625000 0.625000
0  1.288470 12.336577 25.720800  0.603537 -0.750922 -0.268066  0.625000 0.562646
0  0.021818 11.040454 26.518843  0.603539 -0.750917 -0.268075  0.625000 0.623170
no_material
0  4.997314 -4.997299 58.345421  0.620973 0.107828 -0.776380  0.375000 0.500000
0  0.038103 -0.000001 55.073177  0.620975 0.107818 -0.776379  0.251121 0.622910
0  4.997321 -4.952476 58.345428  0.620973 0.107827 -0.776380  0.375000 0.499758
no_material
0  0.000016 -0.000001 55.036491  0.620970 -0.107848 -0.776380  0.250000 0.625000
0  4.997322 4.952472 58.345432  0.620966 -0.107843 -0.776383  0.375000 0.252000
0  0.038103 -0.000001 55.073177  0.620974 -0.107840 -0.776378  0.251121 0.622910
no_material
0  4.997316 4.997296 58.345428  0.752606 -0.107766 -0.649593  0.375000 0.250000
0  8.456657 -0.000002 63.181866  0.752610 -0.107783 -0.649585  0.498879 0.375152
0  4.997322 4.952472 58.345432  0.752609 -0.107771 -0.649589  0.375000 0.252000
no_material
0  8.494763 -0.000002 63.218567  0.752551 0.107850 -0.649642  0.500000 0.375000
0  4.997321 -4.952476 58.345428  0.752556 0.107857 -0.649635  0.375000 0.499758
0  8.456657 -0.000002 63.181866  0.752552 0.107851 -0.649641  0.498879 0.375152
no_material
0  -2.370428 13.623522 38.637383  -0.494627 0.868542 0.031293  0.625000 0.708333
0  -0.080952 15.092804 34.046375  -0.494625 0.868543 0.031284  0.625000 0.626300
0  -2.368742 13.634943 38.557278  -0.494624 0.868544 0.031282  0.625000 0.707938
no_material
0  -0.051640 15.116950 34.049622  -0.481878 0.851077 0.208473  0.625000 0.625000
0  -2.051248 14.963585 30.052614  -0.481884 0.851076 0.208462  0.625000 0.707852
0  -0.080952 15.092804 34.046375  -0.481885 0.851077 0.208458  0.625000 0.626300
no_material
0  -2.049622 14.974103 29.979332  -0.762259 0.626593 0.162306  0.625000 0.708333
0  -3.345200 12.371787 33.942070  -0.762256 0.626594 0.162313  0.625000 0.738852
0  -2.051248 14.963585 30.052614  -0.762257 0.626594 0.162307  0.625000 0.707852
no_material
0  -3.374497 12.347861 33.937172  -0.765167 0.643706 -0.012751  0.625000 0.739583
0  -2.368742 13.634943 38.557278  -0.765170 0.643702 -0.012757  0.625000 0.707938
0  -3.345200 12.371787 33.942070  -0.765165 0.643708 -0.012738  0.625000 0.738852
no_material
0  -2.233310 10.985003 29.331585  -0.469332 -0.879834 -0.074956  0.625000 0.708333
0  -0.362931 9.604196 33.826439  -0.469342 -0.879828 -0.074976  0.625000 0.626223
0  -2.239645 10.970990 29.411537  -0.469335 -0.879832 -0.074963  0.625000 0.707887
no_material
0  -0.334844 9.578774 33.824726  -0.458393 -0.851625 -0.254188  0.625000 0.625000
0  -3.457021 9.695782 39.063087  -0.458388 -0.851624 -0.254197  0.625000 0.707909
0  -0.362931 9.604196 33.826439  -0.458379 -0.851626 -0.254210  0.625000 0.626223
no_material
0  -3.472552 9.685942 39.160313  -0.813753 -0.510762 -0.277358  0.625000 0.708333
0  -3.347979 12.323153 33.938412  -0.813755 -0.510756 -0.277364  0.625000 0.738752
0  -3.457021 9.695782 39.063087  -0.813754 -0.510762 -0.277355  0.625000 0.707909
no_material
0  -3.374497 12.347861 33.937172  -0.841614 -0.537998 -0.047363  0.625000 0.739583
0  -2.239645 10.970990 29.411537  -0.841621 -0.537990 -0.047328  0.625000 0.707887
0  -3.347979 12.323153 33.938412  -0.841619 -0.537992 -0.047343  0.625000 0.738752
no_material
0  -0.334844 9.578774 33.824726  -0.114940 -0.960591 -0.253090  0.625000 0.625000
0  -2.194101 10.983912 29.337164  -0.114948 -0.960589 -0.253094  0.625000 0.706777
0  -0.331355 9.594587 33.743896  -0.114946 -0.960587 -0.253100  0.625000 0.625027
no_material
0  -2.233310 10.985003 29.331585  -0.130979 -0.985231 -0.110288  0.625000 0.708333
0  -0.014488 11.000690 26.556223  -0.130981 -0.985231 -0.110286  0.625000 0.624973
0  -2.194101 10.983912 29.337164  -0.130975 -0.985231 -0.110292  0.625000 0.706777
no_material
0  -0.013450 11.011469 26.501129  0.129677 -0.986328 -0.101686  0.625000 0.625000
0  2.002652 10.984364 29.334866  0.129675 -0.986329 -0.101682  0.625000 0.543204
0  -0.014488 11.000690 26.556223  0.129679 -0.986329 -0.101679  0.625000 0.624973
no_material
0  2.042704 10.985003 29.331591  0.113956 -0.963485 -0.242303  0.625000 0.541667
0  -0.331355 9.594587 33.743896  0.113954 -0.963488 -0.242290  0.625000 0.625027
0  2.002652 10.984364 29.334866  0.113956 -0.963487 -0.242294  0.625000 0.543204
no_material
0  -3.472552 9.685942 39.160313  -0.975377 0.001901 -0.220536  0.625000 0.708333
0  -4.424986 10.989169 43.383690  -0.975372 0.001895 -0.220558  0.625000 0.739863
0  -3.463439 9.720832 39.164700  -0.975368 0.001892 -0.220577  0.625000 0.708678
no_material
0  -4.434851 10.976200 43.471611  -0.876547 0.465892 -0.120875  0.625000 0.740451
0  -2.379879 13.587293 38.632675  -0.876550 0.465886 -0.120871  0.625000 0.708652
0  -4.424986 10.989169 43.383690  -0.876552 0.465884 -0.120863  0.625000 0.739863
no_material
0  -2.370428 13.623522 38.637383  -0.873200 0.483998 0.057167  0.625000 0.708333
0  -3.382369 12.342779 34.027020  -0.873188 0.484014 0.057203  0.625000 0.739030
0  -2.379879 13.587293 38.632675  -0.873195 0.484005 0.057181  0.625000 0.708652
no_material
0  -3.374497 12.347861 33.937172  -0.999320 0.036833 0.001487  0.625000 0.739583
0  -3.463439 9.720832 39.164700  -0.999321 0.036823 0.001507  0.625000 0.708678
0  -3.382369 12.342779 34.027020  -0.999321 0.036820 0.001516  0.625000 0.739030
no_material
0  -3.374497 12.347861 33.937172  -0.958960 0.223809 -0.174084  0.625000 0.739583
0  -2.052037 14.934341 29.977482  -0.958959 0.223811 -0.174090  0.625000 0.708709
0  -3.363396 12.360396 33.856178  -0.958957 0.223815 -0.174095  0.625000 0.739028
no_material
0  -2.049622 14.974103 29.979332  -0.976486 0.215138 0.013800  0.625000 0.708333
0  -2.432475 13.422900 27.069567  -0.976488 0.215130 0.013784  0.625000 0.734268
0  -2.052037 14.934341 29.977482  -0.976487 0.215135 0.013794  0.625000 0.708709
no_material
0  -2.424962 13.431576 27.014845  -0.991941 -0.119666 -0.041623  0.625000 0.734761
0  -2.232132 11.023435 29.342491  -0.991941 -0.119676 -0.041611  0.625000 0.708708
0  -2.432475 13.422900 27.069567  -0.991941 -0.119671 -0.041623  0.625000 0.734268
no_material
0  -2.233310 10.985003 29.331585  -0.972609 -0.070305 -0.221561  0.625000 0.708333
0  -3.363396 12.360396 33.856178  -0.972607 -0.070308 -0.221567  0.625000 0.739028
0  -2.232132 11.023435 29.342491  -0.972610 -0.070303 -0.221557  0.625000 0.708708
no_material
0  -1.281605 12.350989 25.684511  0.109703 -0.271296 -0.956224  0.625000 0.687500
0  0.000009 13.716036 25.444206  0.109677 -0.271266 -0.956235  0.625000 0.624998
0  -1.236426 12.349927 25.684925  0.109673 -0.271266 -0.956236  0.625000 0.685288
no_material
0  0.000009 13.763386 25.425703  -0.109173 -0.270886 -0.956400  0.625000 0.625000
0  1.236236 12.350140 25.684841  -0.109185 -0.270871 -0.956403  0.625000 0.564704
0  0.000009 13.716036 25.444206  -0.109174 -0.270886 -0.956400  0.625000 0.624998
no_material
0  1.281623 12.350989 25.684511  -0.104980 -0.444407 -0.889652  0.625000 0.562500
0  -0.013173 11.061355 26.481632  -0.104993 -0.444421 -0.889644  0.625000 0.625008
0  1.236236 12.350140 25.684841  -0.104979 -0.444406 -0.889653  0.625000 0.564704
no_material
0  -0.013450 11.011469 26.501129  0.105455 -0.445690 -0.888955  0.625000 0.625000
0  -1.236426 12.349927 25.684925  0.105449 -0.445688 -0.888956  0.625000 0.685288
0  -0.013173 11.061355 26.481632  0.105444 -0.445677 -0.888962  0.625000 0.625008
no_material
0  -2.587525 12.210160 46.588646  -0.768862 0.600993 0.218309  0.625000 0.708333
0  -4.430007 10.966110 43.525295  -0.768864 0.600992 0.218303  0.625000 0.740248
0  -2.612334 12.176023 46.586422  -0.768863 0.600993 0.218307  0.625000 0.708829
no_material
0  -4.434851 10.976200 43.471611  -0.816143 0.540998 0.203058  0.625000 0.740451
0  -5.865075 7.394542 47.266464  -0.816145 0.540992 0.203063  0.625000 0.749849
0  -4.430007 10.966110 43.525295  -0.816143 0.540997 0.203058  0.625000 0.740248
no_material
0  -5.892246 7.356771 47.265247  -0.828189 0.541311 0.145210  0.625000 0.750000
0  -4.013786 9.402908 50.351021  -0.828187 0.541313 0.145215  0.625000 0.743946
0  -5.865075 7.394542 47.266464  -0.828188 0.541312 0.145213  0.625000 0.749849
no_material
0  -4.005448 9.398193 50.403214  -0.783856 0.602047 0.152017  0.625000 0.744117
0  -2.612334 12.176023 46.586422  -0.783856 0.602047 0.152016  0.625000 0.708829
0  -4.013786 9.402908 50.351021  -0.783856 0.602047 0.152016  0.625000 0.743946
no_material
0  0.000020 8.494744 63.218571  0.114181 0.757260 0.643055  0.500000 0.125000
0  -5.076129 5.121205 68.091957  0.114187 0.757258 0.643057  0.624994 0.994924
0  0.000020 8.457497 63.254448  0.114173 0.757256 0.643061  0.501110 0.129125
no_material
0  -5.121423 5.121444 68.091728  0.112781 0.615593 0.779952  0.625000 1.000000
0  0.000020 0.037878 71.364174  0.112787 0.615598 0.779948  0.748899 0.624693
0  -5.076129 5.121205 68.091957  0.112774 0.615607 0.779942  0.624994 0.994924
no_material
0  0.000020 -0.000001 71.400658  -0.112710 0.615615 0.779946  0.750000 0.625000
0  5.076170 5.121203 68.091957  -0.112719 0.615610 0.779948  0.624994 0.251557
0  0.000020 0.037878 71.364174  -0.112709 0.615616 0.779945  0.748899 0.624693
no_material
0  5.121464 5.121442 68.091728  -0.114152 0.757235 0.643090  0.625000 0.250000
0  0.000020 8.457497 63.254448  -0.114161 0.757239 0.643083  0.501110 0.129125
0  5.076170 5.121203 68.091957  -0.114158 0.757236 0.643087  0.624994 0.251557
no_material
0  -1.281604 14.935954 26.254501  -0.804458 0.593326 -0.028506  0.625000 0.687500
0  -2.393861 13.465216 27.033863  -0.804467 0.593310 -0.028558  0.625000 0.733615
0  -1.289890 14.935997 26.292910  -0.804459 0.593324 -0.028509  0.625000 0.687376
no_material
0  -2.424962 13.431576 27.014845  -0.726518 0.642319 -0.244128  0.625000 0.734761
0  -2.036484 14.973372 29.915241  -0.726519 0.642313 -0.244139  0.625000 0.707690
0  -2.393861 13.465216 27.033863  -0.726518 0.642319 -0.244127  0.625000 0.733615
no_material
0  -2.049622 14.974103 29.979332  -0.591257 0.776381 -0.218285  0.625000 0.708333
0  -0.037796 15.818696 27.533760  -0.591247 0.776384 -0.218298  0.625000 0.626878
0  -2.036484 14.973372 29.915241  -0.591250 0.776383 -0.218294  0.625000 0.707690
no_material
0  -0.002120 15.851687 27.528559  -0.589527 0.807593 0.015865  0.625000 0.625000
0  -1.289890 14.935997 26.292910  -0.589528 0.807592 0.015876  0.625000 0.687376
0  -0.037796 15.818696 27.533760  -0.589538 0.807585 0.015860  0.625000 0.626878
no_material
0  5.121464 5.121442 68.091728  0.764510 0.630411 -0.134557  0.875000 0.500000
0  8.456388 0.038376 63.218681  0.764479 0.630440 -0.134597  0.499996 0.375842
0  5.120902 5.120880 68.047623  0.764506 0.630418 -0.134550  0.871617 0.498259
no_material
0  8.494763 -0.000002 63.218567  0.767550 0.633233 0.099415  0.500000 0.375000
0  4.997876 4.997856 58.389381  0.767575 0.633208 0.099383  0.128394 0.498256
0  8.456388 0.038376 63.218681  0.767544 0.633242 0.099408  0.499996 0.375842
no_material
0  4.997316 4.997296 58.345428  0.632980 0.767770 0.099326  0.125000 0.500000
0  0.038398 8.456368 63.218685  0.632997 0.767755 0.099330  0.499996 0.128101
0  4.997876 4.997856 58.389381  0.632992 0.767761 0.099315  0.128394 0.498256
no_material
0  0.000020 8.494744 63.218571  0.630444 0.764472 -0.134621  0.500000 0.125000
0  5.120902 5.120880 68.047623  0.630458 0.764460 -0.134623  0.871617 0.498259
0  0.038398 8.456368 63.218685  0.630454 0.764465 -0.134619  0.499996 0.128101
no_material
0  4.217186 3.446110 51.658573  0.574206 -0.040685 0.817699  0.625000 0.380208
0  2.146333 6.247715 53.252480  0.574217 -0.040664 0.817693  0.625821 0.499595
0  4.177063 3.445169 51.680061  0.574211 -0.040665 0.817697  0.625209 0.380707
no_material
0  2.145691 6.296894 53.248726  0.370258 -0.023813 0.928624  0.625000 0.500000
0  -0.714856 3.217261 54.309353  0.370249 -0.023806 0.928628  0.748187 0.621334
0  2.146333 6.247715 53.252480  0.370266 -0.023804 0.928621  0.625821 0.499595
no_material
0  -0.755716 3.219613 54.330963  0.362330 0.173902 0.915683  0.750000 0.625000
0  2.031174 0.053299 53.829926  0.362302 0.173889 0.915696  0.625897 0.253822
0  -0.714856 3.217261 54.309353  0.362306 0.173877 0.915697  0.748187 0.621334
no_material
0  2.032740 0.000000 53.833530  0.555431 0.163804 0.815270  0.625000 0.250000
0  4.177063 3.445169 51.680061  0.555435 0.163788 0.815270  0.625209 0.380707
0  2.031174 0.053299 53.829926  0.555424 0.163794 0.815277  0.625897 0.253822
no_material
0  1.539848 10.294663 51.398830  0.440766 0.358500 0.822924  0.625000 0.562500
0  -0.067272 8.592046 53.001259  0.440766 0.358502 0.822922  0.625000 0.623010
0  1.552975 10.259024 51.410435  0.440769 0.358504 0.822920  0.625000 0.562111
no_material
0  -0.108007 8.598914 53.023193  0.410127 0.479123 0.776039  0.625000 0.625000
0  2.132185 6.352013 53.226479  0.410133 0.479123 0.776036  0.625000 0.501440
0  -0.067272 8.592046 53.001259  0.410136 0.479118 0.776038  0.625000 0.623010
no_material
0  2.145691 6.296894 53.248726  0.508435 0.470106 0.721453  0.625000 0.500000
0  3.231966 9.384808 50.471066  0.508434 0.470104 0.721455  0.625000 0.506821
0  2.132185 6.352013 53.226479  0.508436 0.470108 0.721451  0.625000 0.501440
no_material
0  3.272308 9.398193 50.438065  0.586421 0.342263 0.734143  0.625000 0.505884
0  1.552975 10.259024 51.410435  0.586430 0.342298 0.734120  0.625000 0.562111
0  3.231966 9.384808 50.471066  0.586423 0.342260 0.734143  0.625000 0.506821
no_material
0  -0.109934 13.690443 42.672684  0.470697 0.880311 0.059132  0.625000 0.625000
0  2.158522 12.218737 46.525513  0.470696 0.880312 0.059128  0.625000 0.541952
0  -0.078182 13.667938 42.668686  0.470692 0.880314 0.059124  0.625000 0.623688
no_material
0  2.155787 12.210162 46.588642  0.721749 0.691926 0.017784  0.625000 0.541667
0  3.393186 10.999322 43.475609  0.721763 0.691913 0.017754  0.625000 0.510294
0  2.158522 12.218737 46.525513  0.721757 0.691919 0.017768  0.625000 0.541952
no_material
0  3.424747 10.976198 43.476147  0.681181 0.706209 0.193032  0.625000 0.509549
0  2.040100 13.612911 38.715405  0.681181 0.706211 0.193025  0.625000 0.542202
0  3.393186 10.999322 43.475609  0.681181 0.706211 0.193022  0.625000 0.510294
no_material
0  2.043463 13.623520 38.637386  0.438736 0.870937 0.221311  0.625000 0.541667
0  -0.078182 13.667938 42.668686  0.438737 0.870938 0.221305  0.625000 0.623688
0  2.040100 13.612911 38.715405  0.438742 0.870938 0.221298  0.625000 0.542202
no_material
0  0.000009 13.763386 25.425703  -0.476758 0.283437 -0.832085  0.625000 0.625000
0  -1.282583 12.396095 25.695129  -0.476757 0.283460 -0.832078  0.625000 0.687244
0  -0.040964 13.757479 25.452486  -0.476769 0.283439 -0.832078  0.625000 0.627176
no_material
0  -1.281605 12.350989 25.684511  -0.621004 0.258151 -0.740076  0.625000 0.687500
0  -2.381307 13.437520 26.986231  -0.621003 0.258153 -0.740076  0.625000 0.733100
0  -1.282583 12.396095 25.695129  -0.620997 0.258145 -0.740084  0.625000 0.687244
no_material
0  -2.424962 13.431576 27.014845  -0.622239 0.076223 -0.779107  0.625000 0.734761
0  -1.282836 14.890816 26.245394  -0.622255 0.076209 -0.779096  0.625000 0.687255
0  -2.381307 13.437520 26.986231  -0.622245 0.076220 -0.779103  0.625000 0.733100
no_material
0  -1.281604 14.935954 26.254501  -0.477445 0.092146 -0.873817  0.625000 0.687500
0  -0.040964 13.757479 25.452486  -0.477432 0.092141 -0.873824  0.625000 0.627176
0  -1.282836 14.890816 26.245394  -0.477445 0.092147 -0.873817  0.625000 0.687255
no_material
0  5.121461 -5.121445 68.091728  0.630461 -0.764470 -0.134552  0.625000 0.500000
0  0.038394 -8.456370 63.218685  0.630452 -0.764475 -0.134568  0.499999 0.623871
0  5.120900 -5.120883 68.047623  0.630464 -0.764468 -0.134550  0.623872 0.500000
no_material
0  0.000016 -8.494745 63.218571  0.633032 -0.767724 0.099350  0.500000 0.625000
0  4.997874 -4.997859 58.389381  0.633039 -0.767718 0.099354  0.376131 0.500000
0  0.038394 -8.456370 63.218685  0.633031 -0.767724 0.099357  0.499999 0.623871
no_material
0  4.997314 -4.997299 58.345421  0.767674 -0.633101 0.099294  0.375000 0.500000
0  8.456388 -0.038381 63.218681  0.767685 -0.633088 0.099300  0.499999 0.376129
0  4.997874 -4.997859 58.389381  0.767679 -0.633094 0.099302  0.376131 0.500000
no_material
0  8.494763 -0.000002 63.218567  0.764495 -0.630440 -0.134512  0.500000 0.375000
0  5.120900 -5.120883 68.047623  0.764464 -0.630464 -0.134570  0.623872 0.500000
0  8.456388 -0.038381 63.218681  0.764459 -0.630474 -0.134554  0.499999 0.376129
no_material
0  -5.121425 -5.121442 68.091728  -0.764451 -0.630482 -0.134563  0.625000 0.750000
0  -8.456352 -0.038377 63.218689  -0.764453 -0.630476 -0.134577  0.499999 0.873871
0  -5.120863 -5.120881 68.047623  -0.764452 -0.630481 -0.134564  0.623872 0.750000
no_material
0  -8.494727 0.000001 63.218575  -0.767540 -0.633249 0.099386  0.500000 0.875000
0  -4.997842 -4.997857 58.389381  -0.767539 -0.633250 0.099391  0.376131 0.750000
0  -8.456352 -0.038377 63.218689  -0.767536 -0.633254 0.099384  0.499999 0.873871
no_material
0  -4.997282 -4.997297 58.345421  -0.633130 -0.767650 0.099296  0.375000 0.750000
0  -0.038362 -8.456370 63.218685  -0.633130 -0.767649 0.099301  0.499999 0.626129
0  -4.997842 -4.997857 58.389381  -0.633130 -0.767650 0.099296  0.376131 0.750000
no_material
0  0.000016 -8.494745 63.218571  -0.630454 -0.764473 -0.134570  0.500000 0.625000
0  -5.120863 -5.120881 68.047623  -0.630446 -0.764476 -0.134586  0.623872 0.750000
0  -0.038362 -8.456370 63.218685  -0.630455 -0.764471 -0.134574  0.499999 0.626129
no_material
0  -4.997280 4.997298 58.345428  0.107678 0.752585 -0.649632  0.375000 1.000000
0  0.000020 8.456638 63.181870  0.107684 0.752596 -0.649618  0.498879 0.129180
0  -4.952456 4.997304 58.345432  0.107679 0.752590 -0.649625  0.375000 0.994880
no_material
0  0.000020 8.494744 63.218571  -0.107807 0.752526 -0.649678  0.500000 0.125000
0  4.952492 4.997302 58.345432  -0.107807 0.752535 -0.649668  0.375000 0.251607
0  0.000020 8.456638 63.181870  -0.107807 0.752527 -0.649677  0.498879 0.129180
no_material
0  4.997316 4.997296 58.345428  -0.107876 0.620904 -0.776428  0.375000 0.250000
0  0.000016 0.038087 55.073177  -0.107872 0.620909 -0.776425  0.251121 0.624695
0  4.952492 4.997302 58.345432  -0.107866 0.620915 -0.776421  0.375000 0.251607
no_material
0  0.000016 -0.000001 55.036491  0.107790 0.620972 -0.776386  0.250000 0.625000
0  -4.952456 4.997304 58.345432  0.107801 0.620964 -0.776391  0.375000 0.994880
0  0.000016 0.038087 55.073177  0.107792 0.620970 -0.776387  0.251121 0.624695
no_material
0  8.494763 -0.000002 63.218567  0.757467 -0.114059 0.642833  0.500000 0.375000
0  5.121226 5.076148 68.091957  0.757446 -0.114069 0.642856  0.624994 0.251973
0  8.457516 -0.000002 63.254444  0.757454 -0.114067 0.642847  0.501110 0.375158
no_material
0  5.121464 5.121442 68.091728  0.615481 -0.112673 0.780056  0.625000 0.250000
0  0.037899 -0.000001 71.364174  0.615479 -0.112682 0.780057  0.748899 0.622952
0  5.121226 5.076148 68.091957  0.615477 -0.112677 0.780059  0.624994 0.251973
no_material
0  0.000020 -0.000001 71.400658  0.615711 0.112721 0.779868  0.750000 0.625000
0  5.121223 -5.076151 68.091957  0.615695 0.112689 0.779885  0.624994 0.499762
0  0.037899 -0.000001 71.364174  0.615691 0.112688 0.779888  0.748899 0.622952
no_material
0  5.121461 -5.121445 68.091728  0.757293 0.114105 0.643030  0.625000 0.500000
0  8.457516 -0.000002 63.254444  0.757287 0.114097 0.643038  0.501110 0.375158
0  5.121223 -5.076151 68.091957  0.757261 0.114128 0.643063  0.624994 0.499762
no_material
0  5.772214 -3.491132 30.751987  0.888697 0.161522 -0.429101  0.624772 0.352719
0  3.907609 -0.000002 28.205046  0.888699 0.161508 -0.429104  0.624999 0.232106
0  5.774224 -3.446636 30.758278  0.888702 0.161513 -0.429094  0.624775 0.351919
no_material
0  3.893814 -0.000002 28.161860  0.888683 -0.161542 -0.429124  0.625000 0.230556
0  5.774225 3.446632 30.758278  0.888684 -0.161529 -0.429126  0.625000 0.352475
0  3.907609 -0.000002 28.205046  0.888688 -0.161529 -0.429118  0.624999 0.232106
no_material
0  5.772216 3.491129 30.751987  0.970054 -0.127822 -0.206535  0.625000 0.353281
0  6.493852 -0.000001 36.301502  0.970054 -0.127822 -0.206536  0.624999 0.327984
0  5.774225 3.446632 30.758278  0.970051 -0.127812 -0.206555  0.625000 0.352475
no_material
0  6.513445 -0.000001 36.362839  0.970043 0.127848 -0.206573  0.625000 0.327778
0  5.774224 -3.446636 30.758278  0.970044 0.127848 -0.206566  0.624775 0.351919
0  6.493852 -0.000001 36.301502  0.970041 0.127840 -0.206584  0.624999 0.327984
no_material
0  -0.000002 -6.335350 -0.156452  -0.137615 -0.512349 -0.847679  0.246528 0.625000
0  1.605537 -7.962360 0.566306  -0.137610 -0.512356 -0.847676  0.373540 0.503519
0  -0.000002 -6.373994 -0.125683  -0.137609 -0.512357 -0.847676  0.249897 0.625000
no_material
0  1.652048 -7.961646 0.565737  -0.132858 -0.708164 -0.693435  0.375000 0.500000
0  -0.000173 -9.100126 2.044851  -0.132863 -0.708166 -0.693432  0.376110 0.625000
0  1.605537 -7.962360 0.566306  -0.132846 -0.708156 -0.693446  0.373540 0.503519
no_material
0  -0.000176 -9.140454 2.076960  0.132890 -0.708112 -0.693482  0.376420 0.625000
0  -1.605543 -7.962363 0.566309  0.132891 -0.708121 -0.693473  0.373540 0.746481
0  -0.000173 -9.100126 2.044851  0.132880 -0.708108 -0.693488  0.376110 0.625000
no_material
0  -1.652052 -7.961646 0.565739  0.137550 -0.512315 -0.847711  0.375000 0.750000
0  -0.000002 -6.373994 -0.125683  0.137561 -0.512305 -0.847715  0.249897 0.625000
0  -1.605543 -7.962363 0.566309  0.137550 -0.512315 -0.847711  0.373540 0.746481
no_material
0  -4.997282 -4.997297 58.345421  0.107678 -0.620974 -0.776400  0.375000 0.750000
0  0.000016 -0.038089 55.073177  0.107673 -0.620969 -0.776405  0.251121 0.625000
0  -4.952458 -4.997303 58.345428  0.107677 -0.620967 -0.776405  0.375000 0.748879
no_material
0  0.000016 -0.000001 55.036491  -0.108189 -0.620937 -0.776358  0.250000 0.625000
0  4.952491 -4.997305 58.345428  -0.108209 -0.620945 -0.776349  0.375000 0.501121
0  0.000016 -0.038089 55.073177  -0.108195 -0.620931 -0.776362  0.251121 0.625000
no_material
0  4.997314 -4.997299 58.345421  -0.107741 -0.752586 -0.649621  0.375000 0.500000
0  0.000016 -8.456639 63.181870  -0.107748 -0.752586 -0.649619  0.498879 0.625000
0  4.952491 -4.997305 58.345428  -0.107737 -0.752581 -0.649627  0.375000 0.501121
no_material
0  0.000016 -8.494745 63.218571  0.107779 -0.752527 -0.649683  0.500000 0.625000
0  -4.952458 -4.997303 58.345428  0.107780 -0.752525 -0.649684  0.375000 0.748879
0  0.000016 -8.456639 63.181870  0.107781 -0.752528 -0.649681  0.498879 0.625000
no_material
0  2.332607 -2.633687 22.406374  0.146444 0.989178 -0.008965  0.573222 0.250000
0  -0.119012 -2.340714 14.684817  0.146442 0.989178 -0.008974  0.494019 0.131586
0  2.294446 -2.634476 22.399015  0.146445 0.989178 -0.008965  0.573256 0.250915
no_material
0  -0.116408 -2.348431 14.579193  -0.162976 0.986466 -0.018016  0.492680 0.125000
0  -2.929898 -2.670956 22.368032  -0.162971 0.986466 -0.018028  0.609364 0.989876
0  -0.119012 -2.340714 14.684817  -0.162973 0.986466 -0.018023  0.494019 0.131586
no_material
0  -2.967762 -2.670922 22.371883  -0.186272 0.963741 -0.191064  0.609833 1.000000
0  -0.673036 -1.520383 25.937864  -0.186288 0.963734 -0.191086  0.612974 0.132294
0  -2.929898 -2.670956 22.368032  -0.186282 0.963737 -0.191076  0.609364 0.989876
no_material
0  -0.676893 -1.516127 25.996330  0.169082 0.972105 -0.162549  0.613340 0.124957
0  2.294446 -2.634476 22.399015  0.169081 0.972106 -0.162550  0.573256 0.250915
0  -0.673036 -1.520383 25.937864  0.169088 0.972103 -0.162556  0.612974 0.132294
no_material
0  -5.774226 -3.446109 50.732262  -0.665971 -0.024287 0.745582  0.625000 0.869792
0  -2.981388 -6.250165 53.135998  -0.665979 -0.024287 0.745575  0.625912 0.750183
0  -5.734213 -3.440825 50.761463  -0.665971 -0.024292 0.745582  0.625166 0.869552
no_material
0  -2.973737 -6.296893 53.134590  -0.482797 0.009396 0.875682  0.625000 0.750000
0  -0.792825 -3.221093 54.304379  -0.482841 0.009418 0.875657  0.751611 0.628490
0  -2.981388 -6.250165 53.135998  -0.482802 0.009388 0.875679  0.625912 0.750183
no_material
0  -0.755718 -3.219611 54.330963  -0.470418 -0.211702 0.856674  0.753472 0.625000
0  -3.926215 -0.050775 53.372818  -0.470430 -0.211721 0.856662  0.625810 0.996508
0  -0.792825 -3.221093 54.304379  -0.470433 -0.211704 0.856665  0.751611 0.628490
no_material
0  -3.930771 0.000001 53.377022  -0.640150 -0.223240 0.735100  0.625000 1.000000
0  -5.734213 -3.440825 50.761463  -0.640159 -0.223237 0.735093  0.625166 0.869552
0  -3.926215 -0.050775 53.372818  -0.640150 -0.223241 0.735099  0.625810 0.996508
no_material
0  0.000016 -0.000001 55.036491  -0.620966 0.107840 -0.776383  0.250000 0.625000
0  -4.997288 -4.952473 58.345428  -0.620985 0.107872 -0.776364  0.375000 0.749272
0  -0.038072 -0.000001 55.073177  -0.620970 0.107832 -0.776381  0.251121 0.623214
no_material
0  -4.997282 -4.997297 58.345421  -0.752678 0.107757 -0.649510  0.375000 0.750000
0  -8.456621 0.000001 63.181873  -0.752669 0.107758 -0.649521  0.498879 0.870972
0  -4.997288 -4.952473 58.345428  -0.752674 0.107750 -0.649516  0.375000 0.749272
no_material
0  -8.494727 0.000001 63.218575  -0.752517 -0.107832 -0.649684  0.500000 0.875000
0  -4.997286 4.952474 58.345432  -0.752494 -0.107871 -0.649705  0.375000 0.005999
0  -8.456621 0.000001 63.181873  -0.752494 -0.107868 -0.649705  0.498879 0.870972
no_material
0  -4.997280 4.997298 58.345428  -0.620819 -0.107764 -0.776512  0.375000 0.000000
0  -0.038072 -0.000001 55.073177  -0.620832 -0.107761 -0.776502  0.251121 0.623214
0  -4.997286 4.952474 58.345432  -0.620821 -0.107762 -0.776510  0.375000 0.005999
no_material
0  -0.004003 -3.339871 1.862359  0.618326 0.752583 -0.226477  0.379077 0.125000
0  2.169639 -3.763298 6.389557  0.618322 0.752585 -0.226483  0.413356 0.250140
0  0.027097 -3.368011 1.875822  0.618325 0.752583 -0.226480  0.376732 0.130102
no_material
0  2.177025 -3.750637 6.473862  0.760671 0.611673 -0.217339  0.414139 0.250000
0  2.869372 -6.208191 1.980867  0.760675 0.611662 -0.217357  0.377475 0.374963
0  2.169639 -3.763298 6.389557  0.760672 0.611669 -0.217344  0.413356 0.250140
no_material
0  2.898606 -6.240163 1.970376  0.804383 0.592770 -0.039902  0.379892 0.375000
0  1.656057 -4.654111 0.483696  0.804384 0.592768 -0.039898  0.130925 0.494267
0  2.869372 -6.208191 1.980867  0.804383 0.592770 -0.039900  0.377475 0.374963
no_material
0  1.652049 -4.659835 0.442752  0.593121 0.803450 -0.051728  0.125000 0.500000
0  0.027097 -3.368011 1.875822  0.593110 0.803459 -0.051718  0.376732 0.130102
0  1.656057 -4.654111 0.483696  0.593119 0.803452 -0.051726  0.130925 0.494267
no_material
0  -5.121423 5.121444 68.091728  -0.757294 -0.114078 0.643033  0.625000 0.000000
0  -8.457479 0.000001 63.254452  -0.757290 -0.114068 0.643040  0.501110 0.871033
0  -5.121185 5.076150 68.091957  -0.757288 -0.114064 0.643043  0.624994 0.005944
no_material
0  -8.494727 0.000001 63.218575  -0.757228 0.114079 0.643110  0.500000 0.875000
0  -5.121187 -5.076149 68.091957  -0.757226 0.114076 0.643113  0.624994 0.749311
0  -8.457479 0.000001 63.254452  -0.757230 0.114085 0.643107  0.501110 0.871033
no_material
0  -5.121425 -5.121442 68.091728  -0.615486 0.112687 0.780051  0.625000 0.750000
0  -0.037859 -0.000001 71.364174  -0.615484 0.112696 0.780051  0.748899 0.623259
0  -5.121187 -5.076149 68.091957  -0.615482 0.112692 0.780053  0.624994 0.749311
no_material
0  0.000020 -0.000001 71.400658  -0.615535 -0.112727 0.780006  0.750000 0.625000
0  -5.121185 5.076150 68.091957  -0.615545 -0.112726 0.779998  0.624994 0.005944
0  -0.037859 -0.000001 71.364174  -0.615545 -0.112722 0.779999  0.748899 0.623259
no_material
0  0.000016 -8.494745 63.218571  -0.114183 -0.757274 0.643039  0.500000 0.625000
0  5.076168 -5.121207 68.091957  -0.114192 -0.757269 0.643043  0.624994 0.501105
0  0.000016 -8.457498 63.254448  -0.114177 -0.757269 0.643046  0.501110 0.625000
no_material
0  5.121461 -5.121445 68.091728  -0.112571 -0.615613 0.779967  0.625000 0.500000
0  0.000020 -0.037880 71.364174  -0.112555 -0.615603 0.779978  0.748899 0.625000
0  5.076168 -5.121207 68.091957  -0.112549 -0.615616 0.779967  0.624994 0.501105
no_material
0  0.000020 -0.000001 71.400658  0.112710 -0.615614 0.779946  0.750000 0.625000
0  -5.076131 -5.121204 68.091957  0.112719 -0.615610 0.779948  0.624994 0.748894
0  0.000020 -0.037880 71.364174  0.112709 -0.615616 0.779945  0.748899 0.625000
no_material
0  -5.121425 -5.121442 68.091728  0.114151 -0.757240 0.643084  0.625000 0.750000
0  0.000016 -8.457498 63.254448  0.114142 -0.757232 0.643095  0.501110 0.625000
0  -5.076131 -5.121204 68.091957  0.114145 -0.757234 0.643092  0.624994 0.748894
no_material
0  5.772214 -3.491132 30.751987  0.714798 0.668845 -0.204230  0.624772 0.352719
0  3.440119 -2.081141 27.207813  0.714800 0.668844 -0.204226  0.622535 0.246926
0  5.675797 -3.434255 30.708185  0.714788 0.668851 -0.204244  0.624741 0.349270
no_material
0  3.434965 -2.112486 27.194523  0.247455 0.864677 -0.437150  0.622472 0.247222
0  -1.039817 -0.813829 27.230301  0.247522 0.864648 -0.437170  0.624705 0.127267
0  3.440119 -2.081141 27.207813  0.247499 0.864665 -0.437148  0.622535 0.246926
no_material
0  -1.154172 -0.787967 27.165108  0.229259 -0.349861 -0.908316  0.624737 0.123741
0  3.887220 -0.033837 28.146851  0.229217 -0.349861 -0.908326  0.624980 0.230841
0  -1.039817 -0.813829 27.230301  0.229204 -0.349867 -0.908328  0.624705 0.127267
no_material
0  3.893814 -0.000002 28.161860  0.378711 -0.416316 -0.826595  0.625000 0.230556
0  5.675797 -3.434255 30.708185  0.378754 -0.416392 -0.826537  0.624741 0.349270
0  3.887220 -0.033837 28.146851  0.378731 -0.416365 -0.826561  0.624980 0.230841
no_material
0  -1.652051 -4.659835 0.442753  -0.805806 0.590413 -0.045706  0.125000 0.750000
0  -2.873725 -6.208180 1.979574  -0.805802 0.590418 -0.045712  0.376461 0.866962
0  -1.656292 -4.653960 0.483629  -0.805801 0.590420 -0.045713  0.130849 0.743331
no_material
0  -2.902784 -6.240161 1.968943  -0.760607 0.608936 -0.225108  0.379077 0.875000
0  -2.224541 -3.763318 6.377123  -0.760608 0.608933 -0.225115  0.374914 0.009124
0  -2.873725 -6.208180 1.979574  -0.760608 0.608934 -0.225110  0.376461 0.866962
no_material
0  -2.232704 -3.750636 6.461334  -0.617001 0.751694 -0.232950  0.375000 0.000000
0  -0.035232 -3.368087 1.875702  -0.616996 0.751695 -0.232962  0.376497 0.132480
0  -2.224541 -3.763318 6.377123  -0.616993 0.751695 -0.232968  0.374914 0.009124
no_material
0  -0.004003 -3.339871 1.862359  -0.592299 0.803753 -0.056251  0.379077 0.125000
0  -1.656292 -4.653960 0.483629  -0.592287 0.803762 -0.056240  0.130849 0.743331
0  -0.035232 -3.368087 1.875702  -0.592299 0.803752 -0.056252  0.376497 0.132480
no_material
0  2.215092 -7.194310 22.574404  0.955467 -0.293533 0.030369  0.573222 0.500000
0  3.013499 -5.397944 14.815997  0.955466 -0.293534 0.030367  0.493990 0.375013
0  2.215645 -7.157674 22.567831  0.955466 -0.293535 0.030363  0.573159 0.497976
no_material
0  3.004300 -5.404794 14.695745  0.969388 0.245521 -0.002447  0.492733 0.375000
0  2.331378 -2.670835 22.404110  0.969389 0.245520 -0.002449  0.573175 0.252026
0  3.013499 -5.397944 14.815997  0.969388 0.245524 -0.002438  0.493990 0.375013
no_material
0  2.332607 -2.633687 22.406374  0.935311 0.261395 -0.238465  0.573222 0.250000
0  3.888218 -4.707386 26.234848  0.935319 0.261382 -0.238449  0.611842 0.374206
0  2.331378 -2.670835 22.404110  0.935312 0.261393 -0.238466  0.573175 0.252026
no_material
0  3.893404 -4.703575 26.302645  0.923897 -0.325506 -0.201145  0.612524 0.374219
0  2.215645 -7.157674 22.567831  0.923901 -0.325502 -0.201136  0.573159 0.497976
0  3.888218 -4.707386 26.234848  0.923896 -0.325509 -0.201146  0.611842 0.374206
no_material
0  -0.676893 -1.516127 25.996330  -0.115799 0.982403 0.146547  0.613340 0.124957
0  -5.272641 -2.249500 27.279137  -0.115884 0.982389 0.146571  0.624716 0.956162
0  -0.677353 -1.497647 26.025591  -0.115848 0.982395 0.146560  0.613685 0.130514
no_material
0  -5.503620 -2.253980 27.280043  -0.111392 0.238609 -0.964706  0.625000 1.000000
0  -1.154047 -0.806446 27.135862  -0.111410 0.238605 -0.964705  0.624515 0.131255
0  -5.272641 -2.249500 27.279137  -0.111408 0.238605 -0.964705  0.624716 0.956162
no_material
0  -1.154172 -0.787967 27.165108  0.095710 0.293449 -0.951172  0.624737 0.123741
0  3.218038 -2.117023 27.194855  0.095722 0.293433 -0.951175  0.622286 0.241212
0  -1.154047 -0.806446 27.135862  0.095730 0.293441 -0.951172  0.624515 0.131255
no_material
0  3.434965 -2.112486 27.194523  0.089581 0.976045 0.198270  0.622472 0.247222
0  -0.677353 -1.497647 26.025591  0.089538 0.976053 0.198251  0.613685 0.130514
0  3.218038 -2.117023 27.194855  0.089580 0.976046 0.198266  0.622286 0.241212
no_material
0  4.217184 -3.446111 51.658581  0.885303 0.091674 0.455890  0.625000 0.380208
0  5.738454 -0.000001 48.011547  0.885302 0.091672 0.455892  0.625267 0.334041
0  4.218939 -3.397852 51.655819  0.885300 0.091671 0.455895  0.626522 0.380681
no_material
0  5.766367 -0.000001 47.967693  0.885208 -0.091788 0.456051  0.625000 0.333333
0  4.218942 3.397851 51.655815  0.885231 -0.091757 0.456012  0.626522 0.380681
0  5.738454 -0.000001 48.011547  0.885228 -0.091749 0.456020  0.625267 0.334041
no_material
0  4.217186 3.446110 51.658573  0.778611 -0.104533 0.618739  0.625000 0.380208
0  2.057112 0.000000 53.795242  0.778615 -0.104529 0.618735  0.871675 0.498343
0  4.218942 3.397851 51.655815  0.778615 -0.104524 0.618735  0.626522 0.380681
no_material
0  2.032740 0.000000 53.833530  0.778744 0.104566 0.618566  0.875000 0.500000
0  4.218939 -3.397852 51.655819  0.778753 0.104553 0.618556  0.626522 0.380681
0  2.057112 0.000000 53.795242  0.778751 0.104556 0.618559  0.871675 0.498343
no_material
0  -2.967762 -2.670922 22.371883  -0.495939 0.855784 -0.147237  0.609833 0.000000
0  -0.141497 -2.373766 14.579625  -0.495945 0.855783 -0.147218  0.492686 0.130929
0  -2.959731 -2.677551 22.243141  -0.495934 0.855784 -0.147251  0.607911 0.008240
no_material
0  -0.116408 -2.348431 14.579193  -0.502016 0.864684 -0.017353  0.492680 0.125000
0  -2.236670 -3.739507 6.593453  -0.502011 0.864687 -0.017339  0.376928 0.991830
0  -0.141497 -2.373766 14.579625  -0.502010 0.864688 -0.017333  0.492686 0.130929
no_material
0  -2.232704 -3.750636 6.461334  -0.870682 0.491839 0.002710  0.375000 1.000000
0  -3.134647 -5.392587 14.663840  -0.870684 0.491836 0.002723  0.492690 0.868605
0  -2.236670 -3.739507 6.593453  -0.870684 0.491836 0.002726  0.376928 0.991830
no_material
0  -3.159437 -5.417592 14.664518  -0.863963 0.480402 -0.150939  0.492680 0.875000
0  -2.959731 -2.677551 22.243141  -0.863962 0.480409 -0.150917  0.607911 0.008240
0  -3.134647 -5.392587 14.663840  -0.863963 0.480402 -0.150938  0.492690 0.868605
no_material
0  -0.716291 -1.552178 25.984724  -0.570874 0.739017 -0.357710  0.613384 0.132017
0  -2.981058 -2.657480 22.420872  -0.570852 0.739034 -0.357712  0.609901 0.991188
0  -5.346918 -4.967248 26.318871  -0.570819 0.739057 -0.357714  0.613461 0.864695
no_material
0  -3.463442 -9.720830 39.164703  -0.963020 -0.260287 -0.069590  0.625000 0.708678
0  -3.382374 -12.342779 34.027023  -0.963018 -0.260294 -0.069591  0.625000 0.739030
0  -2.379885 -13.587290 38.632675  -0.963019 -0.260292 -0.069590  0.625000 0.708652
no_material
0  2.336108 -2.621602 22.459696  0.568143 0.793754 -0.217182  0.573837 0.249958
0  -0.631130 -1.552153 25.984383  0.568139 0.793752 -0.217200  0.613109 0.127124
0  3.427079 -2.117202 27.156662  0.568132 0.793748 -0.217230  0.622159 0.247915
no_material
0  3.907178 -4.698053 26.337132  0.922162 -0.187404 -0.338374  0.612748 0.373883
0  3.435671 -2.153958 27.219418  0.922175 -0.187396 -0.338344  0.622383 0.249720
0  5.748917 -3.509966 30.698919  0.922188 -0.187387 -0.338313  0.624725 0.352909
no_material
0  -0.031482 -9.110621 2.087526  -0.702506 -0.706317 -0.087192  0.376625 0.627598
0  -2.191711 -8.161993 6.536981  -0.702500 -0.706322 -0.087192  0.413482 0.750013
0  -2.873799 -6.270641 1.982316  -0.702508 -0.706314 -0.087192  0.379229 0.872400
no_material
0  2.217179 -7.197269 22.629967  0.596811 -0.799741 -0.065038  0.573787 0.499964
0  3.857093 -4.730472 26.300180  0.596812 -0.799741 -0.065032  0.612369 0.376393
0  2.901278 -7.164956 28.512449  0.596814 -0.799741 -0.065014  0.622241 0.497053
no_material
0  -0.812970 -8.235368 26.587561  0.053856 -0.998524 -0.007053  0.612673 0.624900
0  2.847656 -7.166882 28.562105  0.053855 -0.998524 -0.007041  0.622410 0.499198
0  -1.037412 -8.285262 31.955025  0.053855 -0.998524 -0.007045  0.624640 0.625005
no_material
0  -2.806921 -7.314013 22.617105  -0.549175 -0.793760 -0.261443  0.573815 0.749851
0  -0.848177 -8.206359 26.538258  -0.549173 -0.793760 -0.261447  0.612317 0.626964
0  -5.220391 -7.599396 28.553444  -0.549173 -0.793760 -0.261447  0.622268 0.753123
no_material
0  0.039820 -6.334261 -0.127224  0.591945 -0.030030 -0.805419  0.249904 0.618455
0  1.652919 -4.706122 0.445115  0.591950 -0.030030 -0.805415  0.373582 0.256384
0  2.856933 -6.241549 1.939800  0.591943 -0.030030 -0.805420  0.379495 0.375517
no_material
0  -5.402057 -4.990416 26.352238  -0.878903 -0.155085 -0.451086  0.613549 0.866872
0  -5.245839 -7.547788 28.597473  -0.878907 -0.155083 -0.451078  0.622409 0.753825
0  -7.976852 -3.741166 30.939732  -0.878906 -0.155084 -0.451081  0.624785 0.888993
no_material
0  -1.282842 -14.890816 26.245394  -0.556293 -0.178929 -0.811494  0.625000 0.687255
0  -2.381313 -13.437522 26.986231  -0.556293 -0.178942 -0.811491  0.625000 0.733100
0  -1.282588 -12.396094 25.695129  -0.556293 -0.178942 -0.811491  0.625000 0.687244
no_material
0  -7.965886 -3.750117 31.003788  -0.550433 -0.834340 0.030025  0.624798 0.894687
0  -5.240346 -7.599350 28.641022  -0.550396 -0.834364 0.030030  0.622499 0.752876
0  -1.078704 -8.257878 32.000835  -0.550413 -0.834352 0.030028  0.624674 0.626518
no_material
0  -0.004375 -3.333766 1.940670  0.000167 0.996976 -0.077711  0.379368 0.133144
0  -2.196437 -3.750358 6.465012  0.000167 0.996975 -0.077720  0.375567 0.989595
0  -0.115054 -2.358663 14.447952  0.000167 0.996975 -0.077723  0.491111 0.132898
no_material
0  -1.652754 -7.915121 0.564520  -0.591161 -0.030011 -0.805995  0.373568 0.747862
0  -2.861054 -6.241549 1.938389  -0.591161 -0.030033 -0.805994  0.378701 0.862670
0  -1.652930 -4.706107 0.445121  -0.591161 -0.030040 -0.805994  0.373574 0.018971
no_material
0  -0.000002 -6.294361 -0.128826  0.000025 0.558862 -0.829261  0.249900 0.623861
0  -1.605722 -4.658944 0.443353  0.000025 0.558872 -0.829254  0.373574 0.983960
0  -0.003940 -3.382934 1.833337  0.000024 0.558873 -0.829253  0.378704 0.137807
no_material
0  6.176825 -3.726385 42.483372  0.997934 -0.000000 0.064242  0.625000 0.384182
0  6.509249 -0.000001 36.428024  0.997934 -0.000000 0.064242  0.625000 0.328337
0  6.176826 3.726383 42.483372  0.997934 -0.000000 0.064242  0.625000 0.384182
no_material
0  1.289599 -14.935724 26.293018  0.686807 -0.713603 -0.138082  0.625000 0.562616
0  2.378037 -13.465383 27.033640  0.686809 -0.713603 -0.138075  0.625000 0.516389
0  1.978598 -14.973460 29.915178  0.686811 -0.713603 -0.138063  0.625000 0.542319
no_material
0  6.163888 -3.766912 42.542553  0.948877 -0.234852 0.210895  0.625000 0.384921
0  5.756903 -0.042412 47.963055  0.948877 -0.234852 0.210893  0.625000 0.334004
0  4.227624 -3.447553 51.610004  0.948877 -0.234852 0.210897  0.625000 0.380559
no_material
0  4.211331 -6.806766 36.745064  0.480046 -0.876434 -0.037675  0.625000 0.497236
0  6.141365 -3.786438 42.482204  0.480046 -0.876435 -0.037646  0.625000 0.385904
0  4.046988 -7.356147 47.441311  0.480045 -0.876437 -0.037604  0.625000 0.500009
no_material
0  -0.865862 -8.310079 44.019344  0.469138 0.821192 -0.324890  0.625000 0.623794
0  4.023826 -7.368305 47.429726  0.469153 0.821183 -0.324892  0.625000 0.500951
0  3.393960 -10.957707 43.478432  0.469138 0.821192 -0.324890  0.625000 0.510140
no_material
0  -6.245144 -0.034702 28.337490  -0.542957 0.206454 -0.813987  0.624998 0.011689
0  -1.258114 -0.812051 27.228333  -0.544121 0.209977 -0.812307  0.624744 0.135550
0  -5.510239 -2.222566 27.292425  -0.542951 0.206436 -0.813995  0.624997 0.981825
no_material
0  3.277529 9.401129 50.382278  0.919447 0.378672 0.105951  0.625000 0.506057
0  4.033297 7.397380 47.498718  0.919446 0.378671 0.105956  0.625000 0.500172
0  3.421686 10.966835 43.536167  0.919446 0.378671 0.105955  0.625000 0.509791
no_material
0  -0.000266 -9.136298 2.156174  -0.000004 -0.998626 0.052394  0.377076 0.624999
0  2.151819 -8.164704 6.628845  -0.000004 -0.998626 0.052409  0.414205 0.502066
0  -0.038222 -8.480832 14.649981  -0.000004 -0.998625 0.052414  0.491465 0.625001
no_material
0  1.655411 -7.963341 0.607202  0.703132 -0.705853 -0.085884  0.375141 0.500017
0  2.869621 -6.270654 1.983705  0.703134 -0.705854 -0.085868  0.380030 0.377600
0  2.180722 -8.161997 6.541065  0.703134 -0.705854 -0.085863  0.413489 0.499988
no_material
0  -2.904363 -6.235777 2.047354  -0.999771 -0.008325 -0.019698  0.379370 0.866924
0  -2.199623 -8.128330 6.622635  -0.999772 -0.008322 -0.019652  0.414054 0.748066
0  -3.156797 -5.426088 14.533905  -0.999772 -0.008321 -0.019648  0.491111 0.867076
no_material
0  -0.849719 7.628682 42.424721  0.008878 0.924378 -0.381375  0.625000 0.625002
0  -5.649368 7.290699 47.110775  0.008879 0.924357 -0.381425  0.625000 0.743922
0  -0.903689 8.272733 43.984398  0.008879 0.924360 -0.381417  0.625000 0.625069
no_material
0  2.899260 -6.235689 2.049023  0.999961 0.002286 -0.008493  0.380487 0.375024
0  2.177152 -3.786641 6.479436  0.999962 0.002290 -0.008434  0.414230 0.252063
0  3.003213 -5.413345 14.564902  0.999961 0.002287 -0.008485  0.491473 0.374984
no_material
0  4.206004 -6.804811 36.630219  0.568064 -0.821155 -0.054848  0.624996 0.497129
0  -0.994657 -8.256423 32.000519  0.568065 -0.821154 -0.054845  0.624673 0.623496
0  2.913562 -7.162291 28.595755  0.568066 -0.821154 -0.054839  0.622499 0.497113
no_material
0  -3.134218 -5.442273 14.666547  -0.699877 -0.714154 0.012475  0.492708 0.872939
0  -2.202908 -8.159047 6.753035  -0.699883 -0.714148 0.012475  0.415413 0.749985
0  -0.064093 -8.449139 14.778721  -0.699889 -0.714142 0.012475  0.492734 0.626999
no_material
0  -2.755666 -7.305243 22.560627  0.022259 -0.999515 0.021776  0.573189 0.748029
0  -0.041704 -8.471583 14.893093  0.022231 -0.999516 0.021776  0.493887 0.624981
0  2.177405 -7.195303 22.567289  0.022242 -0.999516 0.021776  0.573142 0.501784
no_material
0  -0.013796 -8.448868 14.779357  0.710086 -0.702884 0.041620  0.492741 0.622947
0  2.188367 -8.156769 6.759135  0.710081 -0.702888 0.041620  0.415426 0.500013
0  2.979346 -5.429926 14.697051  0.710085 -0.702885 0.041620  0.492757 0.377045
no_material
0  2.979044 -5.380111 14.694142  0.699652 0.712228 -0.056726  0.492742 0.372941
0  2.177402 -3.740536 6.605243  0.699653 0.712227 -0.056726  0.415413 0.250012
0  -0.091005 -2.373283 14.580482  0.699657 0.712223 -0.056726  0.492700 0.126999
no_material
0  -2.965646 -2.708082 22.369654  -0.981584 -0.044736 -0.185718  0.609322 0.010224
0  -3.181476 -5.412310 14.779715  -0.981585 -0.044722 -0.185718  0.494194 0.867490
0  -2.793362 -7.269485 22.557724  -0.981585 -0.044729 -0.185718  0.573291 0.748373
no_material
0  -1.289476 -12.335923 25.720255  -0.689264 0.600813 -0.404893  0.625000 0.687331
0  -2.396145 -13.394787 27.020376  -0.689264 0.600812 -0.404895  0.625000 0.733626
0  -2.217303 -11.008701 29.269163  -0.689263 0.600811 -0.404899  0.625000 0.707742
no_material
0  -8.466020 -0.038742 36.422001  -0.934667 -0.355285 0.013054  0.624999 0.921625
0  -8.005723 -3.723253 31.053186  -0.934660 -0.355304 0.013055  0.624812 0.895785
0  -5.866351 -6.867454 36.698124  -0.934664 -0.355294 0.013055  0.624999 0.754074
no_material
0  0.040883 -13.757451 25.452599  0.558763 -0.178612 -0.809865  0.625000 0.622822
0  1.282525 -12.396194 25.695107  0.558759 -0.178613 -0.809868  0.625000 0.562754
0  2.366017 -13.437523 26.986233  0.558744 -0.178615 -0.809878  0.625000 0.516905
no_material
0  -8.008106 -3.677650 30.997627  -0.963968 0.000012 -0.266016  0.624812 0.891461
0  -8.464792 0.000002 36.364620  -0.963969 -0.000006 -0.266016  0.624999 0.921302
0  -8.008105 3.677653 30.997627  -0.963969 -0.000013 -0.266016  0.625000 0.890936
no_material
0  4.167345 -6.802230 36.687996  0.010418 -0.997856 0.064615  0.624999 0.498419
0  -0.848732 -7.614357 42.330799  0.010424 -0.997856 0.064615  0.625000 0.625000
0  -5.804621 -6.905560 36.700363  0.010423 -0.997856 0.064615  0.624999 0.751556
no_material
0  -2.996943 -6.299035 53.091625  -0.839994 -0.275502 0.467449  0.625000 0.750714
0  -5.759500 -3.494710 50.730083  -0.840002 -0.275505 0.467432  0.625000 0.868214
0  -5.870285 -7.345933 47.311100  -0.839999 -0.275504 0.467438  0.625000 0.750646
no_material
0  -4.406507 -10.955060 43.475101  -0.523630 0.764467 -0.376034  0.625000 0.739755
0  -5.857917 -7.369457 47.191631  -0.523657 0.764446 -0.376038  0.625000 0.748928
0  -0.938908 -8.312339 44.018459  -0.523666 0.764440 -0.376040  0.625000 0.626295
no_material
0  -4.013790 -9.402906 50.351021  -0.801338 -0.570633 0.179545  0.625000 0.743946
0  -5.865077 -7.394537 47.266460  -0.801337 -0.570632 0.179550  0.625000 0.749849
0  -4.430011 -10.966106 43.525295  -0.801338 -0.570633 0.179544  0.625000 0.740248
no_material
0  2.162133 -6.293294 53.207069  0.914501 -0.215342 0.342515  0.625000 0.499123
0  3.282745 -9.355662 50.436932  0.914510 -0.215347 0.342487  0.625000 0.505589
0  4.033075 -7.350044 47.547009  0.914506 -0.215345 0.342498  0.625000 0.499419
no_material
0  -2.369075 -13.613025 38.707424  -0.508170 -0.850251 0.137243  0.625000 0.707850
0  -0.144314 -13.670520 42.668831  -0.508171 -0.850248 0.137264  0.625000 0.626228
0  -2.591251 -12.217186 46.531345  -0.508171 -0.850248 0.137259  0.625000 0.708068
no_material
0  2.315222 -9.686205 39.158226  -0.000010 0.992081 -0.125598  0.625000 0.542781
0  -0.337153 -9.569876 33.894985  -0.000010 0.992081 -0.125598  0.625000 0.624978
0  -3.433490 -9.685790 39.161510  -0.000005 0.992081 -0.125598  0.625000 0.707197
no_material
0  2.142348 -12.187277 46.653522  0.462346 -0.801853 0.378507  0.625000 0.542302
0  3.233961 -9.426982 50.423908  0.462345 -0.801848 0.378519  0.625000 0.507069
0  1.553498 -10.304731 51.360825  0.462345 -0.801850 0.378515  0.625000 0.562224
no_material
0  -1.605539 7.962362 0.566309  0.000002 0.622902 -0.782300  0.373564 0.746481
0  -0.000169 9.100128 2.044852  -0.000006 0.622902 -0.782300  0.374733 0.625000
0  1.605541 7.962359 0.566307  -0.000003 0.622902 -0.782300  0.373564 0.503519
no_material
0  -5.849457 -6.909898 36.756332  -0.478170 -0.877389 -0.039263  0.625000 0.752811
0  -0.888886 -7.589224 42.381058  -0.478170 -0.877389 -0.039273  0.625000 0.626268
0  -5.886497 -7.357378 47.208839  -0.478170 -0.877388 -0.039281  0.625000 0.749954
no_material
0  -0.757796 -3.169320 54.330799  -0.076266 0.000005 0.997088  0.751775 0.624851
0  1.987951 0.000000 53.830105  -0.076266 -0.000015 0.997088  0.626627 0.256032
0  -0.757794 3.169322 54.330799  -0.076266 -0.000016 0.997088  0.748357 0.624851
no_material
0  5.675798 3.434251 30.708185  0.521966 -0.258853 -0.812740  0.625000 0.349858
0  3.887220 0.033833 28.146851  0.521935 -0.258865 -0.812756  0.625000 0.230863
0  -1.039816 0.813831 27.230299  0.521896 -0.258881 -0.812777  0.625000 0.127353
no_material
0  3.231961 -9.384807 50.471066  0.483493 -0.426902 0.764191  0.625006 0.506821
0  2.132182 -6.352013 53.226471  0.483483 -0.426900 0.764199  0.625036 0.501440
0  -0.067275 -8.592044 53.001263  0.483483 -0.426900 0.764200  0.628401 0.623010
no_material
0  2.040094 -13.612909 38.715405  0.584235 -0.800443 0.134016  0.625000 0.542202
0  3.393181 -10.999321 43.475609  0.584235 -0.800444 0.134014  0.625000 0.510294
0  2.158516 -12.218735 46.525505  0.584235 -0.800444 0.134011  0.625000 0.541952
no_material
0  -7.835581 -3.734351 41.806667  -0.992665 0.000000 0.120899  0.625000 0.865871
0  -7.288123 0.000002 46.215355  -0.992665 0.000000 0.120899  0.625000 0.916146
0  -7.835580 3.734355 41.806671  -0.992665 0.000000 0.120899  0.625000 0.865871
no_material
0  4.061288 7.313561 47.495331  0.948881 0.234841 0.210891  0.625000 0.498737
0  4.227626 3.447553 51.609997  0.948881 0.234841 0.210891  0.625000 0.380559
0  5.756903 0.042409 47.963055  0.948881 0.234841 0.210891  0.625000 0.334004
no_material
0  2.171574 -12.172918 46.584705  0.919426 -0.378709 0.105999  0.625000 0.541133
0  3.421680 -10.966833 43.536167  0.919425 -0.378711 0.105999  0.625000 0.509791
0  4.033293 -7.397381 47.498714  0.919422 -0.378718 0.105998  0.625000 0.500172
no_material
0  -8.005722 3.723256 31.053186  -0.934674 0.355266 0.013022  0.625000 0.895259
0  -8.466020 0.038745 36.422001  -0.934675 0.355266 0.013011  0.625000 0.921622
0  -7.835979 3.777887 41.749298  -0.934675 0.355266 0.013007  0.625000 0.865119
no_material
0  -2.574493 -12.188032 46.647259  -0.402908 -0.823071 0.400275  0.625000 0.707786
0  -0.108860 -11.821431 49.343052  -0.402909 -0.823073 0.400270  0.625000 0.626425
0  -1.736113 -10.305566 51.362015  -0.402907 -0.823069 0.400280  0.625000 0.687638
no_material
0  -5.776093 -3.400419 50.728302  -0.904530 0.000022 0.426410  0.626433 0.869331
0  -3.950606 0.000001 53.334942  -0.904530 -0.000008 0.426410  0.871765 0.751604
0  -5.776092 3.400423 50.728294  -0.904530 0.000001 0.426410  0.626433 0.869332
no_material
0  -0.070003 -11.853335 49.296463  -0.000024 -0.963626 0.267254  0.625000 0.624970
0  -2.545174 -12.211321 46.584457  -0.000024 -0.963625 0.267258  0.625000 0.706902
0  -0.111269 -13.671957 42.739346  -0.000024 -0.963626 0.267254  0.625000 0.624990
no_material
0  -0.107718 -8.638459 52.978336  0.000039 -0.750167 0.661248  0.628388 0.625006
0  -1.680707 -10.295077 51.398354  0.000039 -0.750173 0.661241  0.625032 0.685926
0  -0.068789 -11.797219 49.394772  0.000039 -0.750170 0.661244  0.625004 0.624994
no_material
0  -2.965646 2.708085 22.369652  -0.981577 0.044736 -0.185757  0.609309 0.010220
0  -5.370597 4.997338 26.248707  -0.981578 0.044700 -0.185758  0.613206 0.867194
0  -2.793359 7.269487 22.557724  -0.981576 0.044757 -0.185756  0.573278 0.748369
no_material
0  2.348118 -9.695028 39.068466  0.637908 0.760590 -0.120730  0.625000 0.542091
0  2.959911 -12.324430 33.936325  0.637906 0.760581 -0.120799  0.625000 0.511199
0  2.042341 -10.972306 29.409649  0.637907 0.760585 -0.120764  0.625000 0.542069
no_material
0  2.960027 -12.372861 33.941452  0.671557 -0.732715 0.110181  0.625000 0.511188
0  2.043820 -13.635697 38.554207  0.671556 -0.732716 0.110181  0.625000 0.542089
0  -0.023656 -15.091711 34.046841  0.671564 -0.732709 0.110180  0.625000 0.623658
no_material
0  2.414019 -13.422418 27.070124  0.996519 -0.025794 -0.079270  0.625000 0.515732
0  2.042546 -11.023652 29.342255  0.996521 -0.025790 -0.079248  0.625000 0.541292
0  2.981277 -12.360083 33.856544  0.996518 -0.025796 -0.079281  0.625000 0.510973
no_material
0  -2.755663 7.305245 22.560625  0.022261 0.999517 0.021702  0.573175 0.748029
0  -0.805589 8.236304 26.485134  0.022269 0.999516 0.021702  0.612194 0.625103
0  2.177409 7.195303 22.567289  0.022266 0.999516 0.021702  0.573127 0.501784
no_material
0  -0.110953 -8.554392 53.034081  -0.021596 -0.238615 0.970874  0.628626 0.624844
0  2.098891 -6.295564 53.248001  -0.021594 -0.238633 0.970870  0.625853 0.502313
0  -0.752088 -3.273493 54.317799  -0.021593 -0.238638 0.970868  0.751399 0.625105
no_material
0  2.114848 12.211155 46.585064  -0.000003 0.963611 0.267307  0.625000 0.543164
0  -0.111262 13.671956 42.739338  0.000003 0.963611 0.267307  0.625000 0.624990
0  -2.545168 12.211321 46.584465  0.000004 0.963611 0.267308  0.625000 0.706902
no_material
0  -1.736399 -10.260426 51.411575  -0.424362 -0.469146 0.774480  0.625031 0.687711
0  -0.152168 -8.595650 53.000980  -0.424358 -0.469158 0.774475  0.628404 0.626835
0  -2.956253 -6.347154 53.113724  -0.424360 -0.469151 0.774478  0.625030 0.748784
no_material
0  -0.002488 -15.845545 27.583071  0.000021 -0.993710 0.111985  0.625000 0.624991
0  1.950463 -14.973655 29.983301  0.000021 -0.993711 0.111976  0.625000 0.543335
0  -0.051310 -15.125490 33.973812  0.000021 -0.993714 0.111945  0.625000 0.625004
no_material
0  1.288465 -12.336576 25.720800  0.693674 0.614930 -0.375070  0.625000 0.562646
0  0.021813 -11.040452 26.518845  0.693673 0.614929 -0.375073  0.625000 0.623170
0  2.029849 -11.008407 29.269451  0.693675 0.614932 -0.375065  0.625000 0.542277
no_material
0  0.000003 -13.799268 25.461840  -0.000057 -0.709561 -0.704644  0.625000 0.625000
0  1.236377 -14.936660 26.255211  -0.000057 -0.709571 -0.704633  0.625000 0.564705
0  -0.002084 -15.813882 27.490494  -0.000057 -0.709560 -0.704645  0.625000 0.625001
no_material
0  -1.289897 -14.935997 26.292910  -0.682960 -0.715275 -0.148148  0.625000 0.687376
0  -0.037803 -15.818695 27.533764  -0.682961 -0.715275 -0.148140  0.625000 0.626878
0  -2.036491 -14.973372 29.915241  -0.682963 -0.715275 -0.148130  0.625000 0.707690
no_material
0  -2.051254 -14.963583 30.052614  -0.639154 -0.763145 0.095348  0.625000 0.707852
0  -0.080959 -15.092802 34.046375  -0.639155 -0.763142 0.095365  0.625000 0.626301
0  -2.368747 -13.634940 38.557281  -0.639155 -0.763145 0.095351  0.625000 0.707938
no_material
0  2.215649 7.157674 22.567831  0.996803 0.028430 -0.074669  0.573144 0.497980
0  3.888221 4.707385 26.234848  0.996803 0.028450 -0.074668  0.612150 0.374974
0  2.331379 2.670835 22.404106  0.996803 0.028438 -0.074669  0.573160 0.252030
no_material
0  1.656060 4.654111 0.483697  0.700172 -0.694495 -0.165639  0.130756 0.494267
0  2.869375 6.208191 1.980868  0.700172 -0.694495 -0.165637  0.372444 0.374963
0  2.169641 3.763298 6.389557  0.700172 -0.694495 -0.165637  0.374844 0.250140
no_material
0  -3.457025 -9.695781 39.063091  -0.666098 0.723900 -0.179673  0.625000 0.707909
0  -0.362935 -9.604193 33.826439  -0.666097 0.723899 -0.179679  0.625000 0.626223
0  -2.239650 -10.970989 29.411537  -0.666101 0.723904 -0.179647  0.625000 0.707887
no_material
0  4.167349 6.802231 36.687996  0.010432 0.997852 0.064677  0.625000 0.498419
0  -1.035729 8.282486 32.046749  0.010424 0.997852 0.064677  0.625000 0.625023
0  -5.804618 6.905564 36.700363  0.010412 0.997852 0.064678  0.625000 0.751557
no_material
0  -0.014493 -11.000689 26.556227  -0.000040 0.981399 -0.191978  0.625000 0.624973
0  -2.194105 -10.983912 29.337164  -0.000040 0.981399 -0.191981  0.625000 0.706777
0  -0.331359 -9.594585 33.743896  -0.000040 0.981396 -0.191993  0.625000 0.625027
no_material
0  -2.331799 -13.623724 38.636143  0.000006 -0.986586 0.163242  0.625000 0.706907
0  -0.053220 -15.103654 34.129982  -0.000006 -0.986586 0.163242  0.625000 0.624990
0  2.005411 -13.623779 38.635826  0.000006 -0.986586 0.163242  0.625000 0.543136
no_material
0  -2.432480 -13.422902 27.069567  -0.989899 -0.066016 -0.125463  0.625000 0.734268
0  -2.052043 -14.934340 29.977482  -0.989902 -0.066014 -0.125445  0.625000 0.708709
0  -3.363402 -12.360396 33.856182  -0.989900 -0.066016 -0.125458  0.625000 0.739028
no_material
0  -6.028417 0.000001 28.347464  -0.018737 -0.000018 -0.999824  0.624994 0.961659
0  -1.154219 0.753362 27.165104  -0.018702 -0.000017 -0.999825  0.624996 0.129370
0  3.672963 -0.000002 28.165991  -0.018759 -0.000017 -0.999824  0.624994 0.226003
no_material
0  0.000003 -13.716035 25.444206  0.000059 0.363986 -0.931404  0.625000 0.624998
0  -1.236431 -12.349925 25.684925  0.000059 0.364006 -0.931397  0.625000 0.685288
0  -0.013178 -11.061353 26.481636  0.000059 0.364003 -0.931398  0.625000 0.625008
no_material
0  4.228459 -6.763996 36.685738  0.946051 -0.321518 -0.040172  0.624999 0.495942
0  5.774814 -3.491547 30.816498  0.946052 -0.321514 -0.040172  0.624775 0.353326
0  6.500546 -0.038025 36.363377  0.946054 -0.321510 -0.040173  0.624999 0.328382
no_material
0  -7.274946 -0.043156 46.268051  -0.961960 -0.150806 0.227795  0.625000 0.915988
0  -7.822689 -3.773311 41.864746  -0.961960 -0.150807 0.227795  0.625000 0.865154
0  -5.900360 -7.312586 47.260239  -0.961960 -0.150807 0.227795  0.625000 0.751298
no_material
0  2.294447 2.634476 22.399012  -0.006540 -0.997307 -0.073048  0.573243 0.250915
0  -0.673036 1.520385 25.937866  -0.006532 -0.997307 -0.073048  0.613231 0.132337
0  -2.929897 2.670959 22.368031  -0.006542 -0.997307 -0.073048  0.609352 0.989877
no_material
0  6.174200 3.766371 42.417908  0.946073 0.321451 -0.040181  0.625000 0.384889
0  6.500546 0.038023 36.363377  0.946073 0.321451 -0.040185  0.625000 0.328384
0  5.774815 3.491543 30.816498  0.946073 0.321451 -0.040186  0.625000 0.353882
no_material
0  3.814705 -7.292031 47.334614  0.008942 -0.924356 -0.381427  0.625000 0.505950
0  -0.903692 -8.272731 43.984394  0.008842 -0.924356 -0.381430  0.625000 0.625069
0  -5.649370 -7.290695 47.110775  0.008883 -0.924356 -0.381429  0.625000 0.743922
no_material
0  -0.714857 -3.217259 54.309353  0.469485 -0.073235 0.879898  0.753267 0.622992
0  2.146330 -6.247715 53.252472  0.469516 -0.073237 0.879882  0.626166 0.499917
0  4.177061 -3.445169 51.680069  0.469495 -0.073236 0.879892  0.626700 0.382192
no_material
0  -1.656290 4.653961 0.483629  -0.699841 -0.693222 -0.172236  0.130763 0.745240
0  -0.035230 3.368087 1.875703  -0.699842 -0.693223 -0.172227  0.372484 0.138144
0  -2.224540 3.763320 6.377124  -0.699840 -0.693220 -0.172246  0.374843 0.991121
no_material
0  2.046037 -13.586793 38.633095  0.996636 -0.074141 -0.034919  0.625000 0.541340
0  2.991912 -12.339428 34.030617  0.996637 -0.074134 -0.034918  0.625000 0.510990
0  2.352092 -9.722326 39.163883  0.996638 -0.074118 -0.034916  0.625000 0.541327
no_material
0  1.655415 7.963340 0.607204  0.703074 0.705914 -0.085864  0.375000 0.500017
0  0.031075 9.110621 2.087554  0.703074 0.705914 -0.085864  0.375000 0.622402
0  2.180727 8.161997 6.541065  0.703073 0.705914 -0.085874  0.375000 0.499988
no_material
0  -2.981058 2.657483 22.420872  -0.570843 -0.739027 -0.357740  0.609905 0.007391
0  -0.716290 1.552180 25.984726  -0.570847 -0.739028 -0.357732  0.613643 0.130289
0  -5.488239 2.260955 27.241096  -0.570849 -0.739028 -0.357727  0.624773 0.991784
no_material
0  3.427081 2.117201 27.156662  0.568144 -0.793755 -0.217176  0.624639 0.250644
0  -0.631129 1.552155 25.984385  0.568141 -0.793754 -0.217188  0.613388 0.127189
0  2.336109 2.621602 22.459692  0.568145 -0.793755 -0.217173  0.573845 0.249967
no_material
0  2.357157 9.662121 39.224125  0.469148 -0.821177 -0.324912  0.625000 0.541918
0  3.393966 10.957708 43.478432  0.469167 -0.821203 -0.324822  0.625000 0.510140
0  4.023829 7.368304 47.429729  0.469166 -0.821202 -0.324825  0.625000 0.500951
no_material
0  -1.289471 12.335925 25.720255  -0.689194 -0.600879 -0.404915  0.625000 0.687331
0  -0.049248 11.040864 26.518446  -0.689198 -0.600883 -0.404902  0.625000 0.626825
0  -2.217299 11.008702 29.269163  -0.689196 -0.600881 -0.404909  0.625000 0.707742
no_material
0  2.901283 7.164955 28.512449  0.596816 0.799741 -0.065004  0.624732 0.499791
0  3.857095 4.730470 26.300180  0.596816 0.799741 -0.065003  0.612701 0.377184
0  2.217183 7.197269 22.629967  0.596813 0.799741 -0.065027  0.573794 0.499972
no_material
0  -3.926215 0.050778 53.372818  -0.575039 0.118558 0.809490  0.872323 0.749974
0  -0.792823 3.221095 54.304379  -0.575041 0.118547 0.809490  0.749687 0.626993
0  -2.981386 6.250166 53.135998  -0.575036 0.118573 0.809489  0.626230 0.749840
no_material
0  2.046044 13.586793 38.633095  0.996633 0.074147 -0.035002  0.625000 0.541340
0  3.420842 10.986747 43.387207  0.996634 0.074138 -0.035000  0.625000 0.510147
0  2.352096 9.722327 39.163887  0.996636 0.074112 -0.034997  0.625000 0.541327
no_material
0  5.748918 3.509962 30.698919  0.922192 0.187385 -0.338304  0.624986 0.353504
0  3.435673 2.153957 27.219418  0.922174 0.187397 -0.338347  0.624871 0.252461
0  3.907180 4.698051 26.337132  0.922185 0.187389 -0.338319  0.613105 0.374701
no_material
0  -5.220387 7.599399 28.553444  -0.549180 0.793761 -0.261430  0.624759 0.750384
0  -0.848173 8.206361 26.538258  -0.549187 0.793761 -0.261413  0.612643 0.626946
0  -2.806918 7.314015 22.617104  -0.549180 0.793761 -0.261429  0.573821 0.749844
no_material
0  -1.037409 8.285262 31.955029  0.053856 0.998524 -0.007035  0.624978 0.625005
0  2.847660 7.166880 28.562105  0.053856 0.998524 -0.007034  0.624907 0.501933
0  -0.812966 8.235370 26.587561  0.053856 0.998524 -0.007026  0.613014 0.624902
no_material
0  1.652746 7.915107 0.564515  0.591978 0.029977 -0.805396  0.373563 0.499365
0  2.856936 6.241549 1.939801  0.591978 0.030007 -0.805395  0.374735 0.375517
0  1.652921 4.706122 0.445116  0.591978 0.029989 -0.805396  0.373568 0.256384
no_material
0  -7.976851 3.741169 30.939732  -0.878909 0.155083 -0.451074  0.624988 0.888451
0  -5.245836 7.547791 28.597473  -0.878908 0.155083 -0.451076  0.624899 0.751082
0  -5.402055 4.990419 26.352238  -0.878915 0.155080 -0.451063  0.613827 0.866125
no_material
0  -2.196435 3.750359 6.465013  0.000234 -0.996978 -0.077683  0.375374 0.989595
0  -0.004374 3.333766 1.940670  0.000209 -0.996978 -0.077683  0.375037 0.133144
0  2.140633 3.750385 6.477000  0.000224 -0.996978 -0.077683  0.375370 0.251960
no_material
0  -0.039856 6.334262 -0.127261  -0.591112 0.030052 -0.806029  0.253274 0.619602
0  -1.652928 4.706108 0.445121  -0.591154 0.030050 -0.805999  0.373568 0.018971
0  -2.861052 6.241552 1.938390  -0.591150 0.030050 -0.806002  0.374736 0.862670
no_material
0  -0.003939 3.382934 1.833338  0.000024 -0.558900 -0.829235  0.374738 0.137806
0  -1.605720 4.658945 0.443354  0.000024 -0.558881 -0.829248  0.373569 0.983960
0  0.000001 6.294361 -0.128827  0.000024 -0.558889 -0.829242  0.253272 0.623861
no_material
0  3.218039 2.117022 27.194855  -0.018540 -0.845190 -0.534144  0.624700 0.243853
0  -1.154046 0.806448 27.135859  -0.018408 -0.845192 -0.534145  0.624789 0.131313
0  -5.272639 2.249503 27.279137  -0.018512 -0.845191 -0.534144  0.624730 0.956164
no_material
0  4.046992 7.356146 47.441311  0.480047 0.876433 -0.037674  0.625000 0.500009
0  6.141366 3.786437 42.482204  0.480047 0.876436 -0.037626  0.625000 0.385904
0  4.211335 6.806767 36.745064  0.480047 0.876434 -0.037663  0.625000 0.497236
no_material
0  5.734210 3.518464 30.767548  0.568114 0.821120 -0.054852  0.625000 0.354995
0  2.913566 7.162290 28.595755  0.568106 0.821125 -0.054851  0.625000 0.499860
0  -0.994653 8.256423 32.000523  0.568119 0.821117 -0.054853  0.625000 0.623512
no_material
0  2.151823 8.164705 6.628845  -0.000042 0.998625 0.052423  0.375371 0.502066
0  -0.000262 9.136300 2.156175  -0.000058 0.998625 0.052423  0.375037 0.624999
0  -2.163006 8.164700 6.624848  -0.000040 0.998625 0.052423  0.375373 0.747928
no_material
0  -3.134645 5.392589 14.663840  -0.708937 -0.700690 -0.080264  0.488641 0.868706
0  -2.236669 3.739509 6.593453  -0.708953 -0.700674 -0.080263  0.376862 0.008212
0  -0.141495 2.373768 14.579625  -0.708941 -0.700685 -0.080263  0.488636 0.130991
no_material
0  -2.199620 8.128333 6.622635  -0.999773 0.008284 -0.019613  0.375367 0.748066
0  -2.904361 6.235781 2.047355  -0.999773 0.008271 -0.019614  0.375038 0.866924
0  -2.232515 3.786649 6.466910  -0.999773 0.008276 -0.019614  0.375380 0.010388
no_material
0  -6.245144 0.034704 28.337490  -0.542975 -0.206410 -0.813986  0.625000 0.989199
0  -7.918036 3.664163 30.947498  -0.542973 -0.206406 -0.813988  0.625000 0.884842
0  -5.510238 2.222570 27.292425  -0.542981 -0.206427 -0.813978  0.625000 0.017681
no_material
0  2.177155 3.786642 6.479436  0.999962 -0.002241 -0.008417  0.375378 0.252063
0  2.899263 6.235689 2.049023  0.999962 -0.002250 -0.008418  0.375037 0.375024
0  2.188092 8.128346 6.626775  0.999962 -0.002243 -0.008418  0.375363 0.497948
no_material
0  -2.202904 8.159050 6.753035  -0.699892 0.714141 0.012436  0.376832 0.749985
0  -3.134215 5.442276 14.666547  -0.699892 0.714140 0.012445  0.488527 0.872939
0  -2.787134 7.313663 22.435606  -0.699891 0.714142 0.012418  0.571836 0.750025
no_material
0  2.188371 8.156770 6.759135  0.710075 0.702899 0.041555  0.376844 0.500013
0  -0.013792 8.448868 14.779359  0.710075 0.702896 0.041590  0.487750 0.622947
0  2.215171 7.201804 22.446428  0.710075 0.702898 0.041569  0.571817 0.499988
no_material
0  -1.655463 7.963365 0.607179  -0.702534 0.706291 -0.087171  0.375000 0.749982
0  -2.873796 6.270645 1.982317  -0.702533 0.706290 -0.087181  0.375000 0.872400
0  -2.191708 8.161995 6.536981  -0.702531 0.706290 -0.087205  0.375000 0.750013
no_material
0  2.177404 3.740537 6.605243  0.699658 -0.712218 -0.056793  0.376832 0.250012
0  2.979047 5.380110 14.694142  0.699658 -0.712220 -0.056755  0.487754 0.372941
0  2.330265 2.641524 22.279161  0.699658 -0.712221 -0.056746  0.571837 0.249997
no_material
0  -0.038359 8.456368 63.218685  -0.706976 0.707009 -0.017989  0.499996 0.130360
0  -4.997840 4.997858 58.389381  -0.707003 0.706982 -0.017989  0.128394 0.748256
0  -8.456352 0.038379 63.218689  -0.706987 0.706997 -0.017989  0.499996 0.873584
no_material
0  -7.965885 3.750119 31.003788  -0.550458 0.834325 0.029960  0.625000 0.894147
0  -5.847118 6.911067 36.644932  -0.550430 0.834343 0.029964  0.625000 0.752842
0  -1.078700 8.257878 32.000839  -0.550440 0.834337 0.029963  0.625000 0.626502
no_material
0  -3.481937 9.658996 39.228165  -0.523683 -0.764428 -0.376039  0.625000 0.708023
0  -0.938905 8.312340 44.018463  -0.523685 -0.764429 -0.376034  0.625000 0.626296
0  -5.857914 7.369462 47.191635  -0.523698 -0.764442 -0.375990  0.625000 0.748928
no_material
0  -5.759499 3.494714 50.730076  -0.839994 0.275467 0.467469  0.625000 0.868214
0  -2.996940 6.299036 53.091625  -0.839997 0.275459 0.467470  0.625000 0.750714
0  -4.019099 9.357117 50.402893  -0.839995 0.275464 0.467469  0.625000 0.744404
no_material
0  1.289606 14.935728 26.293018  0.686739 0.713675 -0.138046  0.625000 0.562616
0  0.033234 15.818704 27.533936  0.686737 0.713675 -0.138060  0.625000 0.623118
0  1.978605 14.973462 29.915178  0.686740 0.713675 -0.138044  0.625000 0.542319
no_material
0  4.033079 7.350043 47.547009  0.914518 0.215351 0.342463  0.625000 0.499419
0  3.282750 9.355663 50.436932  0.914511 0.215348 0.342482  0.625000 0.505589
0  2.162136 6.293294 53.207077  0.914514 0.215349 0.342474  0.625000 0.499123
no_material
0  1.553502 10.304730 51.360828  0.462345 0.801853 0.378510  0.625000 0.562224
0  3.233966 9.426983 50.423908  0.462345 0.801853 0.378508  0.625000 0.507069
0  2.142354 12.187278 46.653530  0.462346 0.801855 0.378504  0.625000 0.542302
no_material
0  2.315226 9.686207 39.158234  0.000012 -0.992074 -0.125659  0.625000 0.542781
0  -0.900816 8.296183 43.953072  0.000012 -0.992074 -0.125659  0.625000 0.625032
0  -3.433487 9.685791 39.161507  0.000005 -0.992074 -0.125659  0.625000 0.707197
no_material
0  1.282786 14.890739 26.245333  0.558798 0.178574 -0.809849  0.625000 0.562743
0  2.366023 13.437522 26.986237  0.558798 0.178578 -0.809849  0.625000 0.516905
0  1.282531 12.396194 25.695107  0.558798 0.178573 -0.809850  0.625000 0.562754
no_material
0  -0.888882 7.589224 42.381058  -0.478192 0.877380 -0.039211  0.625000 0.626268
0  -5.849454 6.909903 36.756332  -0.478198 0.877376 -0.039212  0.625000 0.752812
0  -7.799861 3.796743 41.808990  -0.478205 0.877373 -0.039213  0.625000 0.864074
no_material
0  -4.399528 10.997519 43.470345  -0.508226 0.850226 0.137195  0.625000 0.739816
0  -2.591245 12.217186 46.531353  -0.508240 0.850217 0.137197  0.625000 0.708068
0  -0.144307 13.670519 42.668827  -0.508241 0.850216 0.137198  0.625000 0.626228
no_material
0  -0.108854 11.821433 49.343044  -0.402933 0.823042 0.400308  0.625000 0.626425
0  -2.574487 12.188032 46.647266  -0.402928 0.823045 0.400307  0.625000 0.707786
0  -3.963860 9.426033 50.387833  -0.402926 0.823047 0.400306  0.625000 0.743085
no_material
0  -0.068783 11.797221 49.394768  0.000042 0.750169 0.661246  0.625000 0.624994
0  -1.680702 10.295079 51.398354  0.000043 0.750169 0.661246  0.625000 0.685926
0  -0.107714 8.638460 52.978333  0.000042 0.750165 0.661251  0.625000 0.625006
no_material
0  -2.331794 13.623727 38.636143  0.000009 0.986598 0.163168  0.625000 0.706907
0  -0.110660 13.701931 42.603241  0.000011 0.986598 0.163168  0.625000 0.624995
0  2.005418 13.623779 38.635826  -0.000007 0.986598 0.163168  0.625000 0.543136
no_material
0  2.042346 10.972307 29.409655  0.637908 -0.760587 -0.120755  0.625000 0.542069
0  2.959917 12.324435 33.936317  0.637908 -0.760588 -0.120745  0.625000 0.511199
0  2.348123 9.695030 39.068470  0.637906 -0.760581 -0.120798  0.625000 0.542091
no_material
0  2.981282 12.360087 33.856541  0.996522 0.025787 -0.079236  0.625000 0.510973
0  2.042551 11.023653 29.342260  0.996521 0.025790 -0.079254  0.625000 0.541292
0  2.414025 13.422416 27.070127  0.996520 0.025791 -0.079259  0.625000 0.515732
no_material
0  -0.023649 15.091713 34.046841  0.671560 0.732713 0.110181  0.625000 0.623658
0  2.043827 13.635697 38.554207  0.671561 0.732711 0.110181  0.625000 0.542089
0  2.960033 12.372865 33.941444  0.671572 0.732701 0.110181  0.625000 0.511188
no_material
0  -5.784886 3.451684 50.683540  -0.961962 0.150808 0.227784  0.625000 0.869344
0  -5.900357 7.312591 47.260242  -0.961962 0.150808 0.227786  0.625000 0.751298
0  -7.822688 3.773315 41.864750  -0.961962 0.150808 0.227786  0.625000 0.865154
no_material
0  2.098894 6.295564 53.248005  -0.021629 0.238585 0.970881  0.625801 0.502313
0  -0.110949 8.554394 53.034073  -0.021660 0.238585 0.970880  0.625209 0.624844
0  -2.927529 6.290193 53.137268  -0.021653 0.238585 0.970880  0.625904 0.747738
no_material
0  -1.736395 10.260427 51.411575  -0.424418 0.469160 0.774441  0.625000 0.687711
0  -3.964748 9.382368 50.435104  -0.424418 0.469161 0.774440  0.625000 0.743348
0  -2.956250 6.347155 53.113724  -0.424419 0.469159 0.774441  0.625000 0.748784
no_material
0  1.950470 14.973656 29.983301  0.000011 0.993705 0.112032  0.625000 0.543335
0  -0.002481 15.845546 27.583067  -0.000019 0.993705 0.112032  0.625000 0.624991
0  -2.009247 14.973606 29.983747  -0.000010 0.993705 0.112032  0.625000 0.706671
no_material
0  -0.002076 15.813883 27.490490  -0.000059 0.709554 -0.704651  0.625000 0.625001
0  1.236384 14.936663 26.255211  -0.000059 0.709557 -0.704648  0.625000 0.564705
0  0.000009 13.799271 25.461840  -0.000059 0.709554 -0.704651  0.625000 0.625000
no_material
0  1.288470 12.336577 25.720800  0.693743 -0.614858 -0.375061  0.625000 0.562646
0  2.379361 13.394747 27.019682  0.693744 -0.614860 -0.375055  0.625000 0.516374
0  2.029854 11.008408 29.269457  0.693745 -0.614862 -0.375050  0.625000 0.542277
no_material
0  4.997321 -4.952476 58.345428  0.693704 0.000019 -0.720260  0.375000 0.499758
0  0.038103 -0.000001 55.073177  0.693704 -0.000005 -0.720260  0.251121 0.622910
0  4.997322 4.952472 58.345432  0.693704 0.000006 -0.720260  0.375000 0.252000
no_material
0  -2.368742 13.634943 38.557278  -0.639156 0.763136 0.095405  0.625000 0.707938
0  -0.080952 15.092804 34.046375  -0.639155 0.763143 0.095362  0.625000 0.626300
0  -2.051248 14.963585 30.052614  -0.639154 0.763145 0.095348  0.625000 0.707852
no_material
0  -2.239645 10.970990 29.411537  -0.666100 -0.723904 -0.179649  0.625000 0.707887
0  -0.362931 9.604196 33.826439  -0.666100 -0.723904 -0.179649  0.625000 0.626223
0  -3.457021 9.695782 39.063087  -0.666098 -0.723902 -0.179663  0.625000 0.707909
no_material
0  -0.331355 9.594587 33.743896  -0.000039 -0.981395 -0.191998  0.625000 0.625027
0  -2.194101 10.983912 29.337164  -0.000039 -0.981397 -0.191989  0.625000 0.706777
0  -0.014488 11.000690 26.556223  -0.000040 -0.981401 -0.191970  0.625000 0.624973
no_material
0  -3.463439 9.720832 39.164700  -0.963010 0.260295 -0.069700  0.625000 0.708678
0  -4.424986 10.989169 43.383690  -0.963008 0.260302 -0.069701  0.625000 0.739863
0  -2.379879 13.587293 38.632675  -0.963016 0.260273 -0.069697  0.625000 0.708652
no_material
0  -3.363396 12.360396 33.856178  -0.989899 0.066016 -0.125465  0.625000 0.739028
0  -2.052037 14.934341 29.977482  -0.989903 0.066012 -0.125434  0.625000 0.708709
0  -2.432475 13.422900 27.069567  -0.989901 0.066014 -0.125452  0.625000 0.734268
no_material
0  -1.236426 12.349927 25.684925  0.000014 -0.363928 -0.931427  0.625000 0.685288
0  0.000009 13.716036 25.444206  -0.000009 -0.363928 -0.931427  0.625000 0.624998
0  1.236236 12.350140 25.684841  0.000001 -0.363928 -0.931427  0.625000 0.564704
no_material
0  -2.612334 12.176023 46.586422  -0.801315 0.570653 0.179581  0.625000 0.708829
0  -4.430007 10.966110 43.525295  -0.801312 0.570657 0.179580  0.625000 0.740248
0  -5.865075 7.394542 47.266464  -0.801314 0.570654 0.179580  0.625000 0.749849
no_material
0  0.000020 8.457497 63.254448  0.000057 0.693741 0.720225  0.501110 0.129125
0  -5.076129 5.121205 68.091957  0.000057 0.693725 0.720240  0.624994 0.994924
0  0.000020 0.037878 71.364174  0.000057 0.693717 0.720248  0.748899 0.624693
no_material
0  -1.289890 14.935997 26.292910  -0.683025 0.715212 -0.148153  0.625000 0.687376
0  -2.393861 13.465216 27.033863  -0.683024 0.715211 -0.148160  0.625000 0.733615
0  -2.036484 14.973372 29.915241  -0.683027 0.715212 -0.148143  0.625000 0.707690
no_material
0  5.120902 5.120880 68.047623  0.707021 0.706963 -0.018013  0.871617 0.498259
0  8.456388 0.038376 63.218681  0.707021 0.706963 -0.018005  0.499996 0.375842
0  4.997876 4.997856 58.389381  0.707021 0.706963 -0.018024  0.128394 0.498256
no_material
0  4.177063 3.445169 51.680061  0.469521 0.073233 0.879879  0.625209 0.380707
0  2.146333 6.247715 53.252480  0.469507 0.073233 0.879886  0.625821 0.499595
0  -0.714856 3.217261 54.309353  0.469509 0.073233 0.879885  0.748187 0.621334
no_material
0  1.552975 10.259024 51.410435  0.483457 0.426894 0.764219  0.625000 0.562111
0  -0.067272 8.592046 53.001259  0.483457 0.426899 0.764217  0.625000 0.623010
0  2.132185 6.352013 53.226479  0.483459 0.426883 0.764224  0.625000 0.501440
no_material
0  -0.078182 13.667938 42.668686  0.584203 0.800470 0.133995  0.625000 0.623688
0  2.158522 12.218737 46.525513  0.584194 0.800477 0.133993  0.625000 0.541952
0  3.393186 10.999322 43.475609  0.584199 0.800473 0.133994  0.625000 0.510294
no_material
0  -0.040964 13.757479 25.452486  -0.556260 0.178960 -0.811510  0.625000 0.627176
0  -1.282583 12.396095 25.695129  -0.556282 0.178957 -0.811495  0.625000 0.687244
0  -2.381307 13.437520 26.986231  -0.556266 0.178960 -0.811506  0.625000 0.733100
no_material
0  5.120900 -5.120883 68.047623  0.706963 -0.707021 -0.018013  0.623872 0.500000
0  0.038394 -8.456370 63.218685  0.706963 -0.707021 -0.018005  0.499999 0.623871
0  4.997874 -4.997859 58.389381  0.706963 -0.707021 -0.018024  0.376131 0.500000
no_material
0  -5.120863 -5.120881 68.047623  -0.707021 -0.706963 -0.018013  0.623872 0.750000
0  -8.456352 -0.038377 63.218689  -0.707021 -0.706963 -0.018005  0.499999 0.873871
0  -4.997842 -4.997857 58.389381  -0.707021 -0.706963 -0.018024  0.376131 0.750000
no_material
0  -4.952456 4.997304 58.345432  0.000009 0.693747 -0.720219  0.375000 0.994880
0  0.000020 8.456638 63.181870  -0.000005 0.693747 -0.720219  0.498879 0.129180
0  4.952492 4.997302 58.345432  -0.000015 0.693747 -0.720219  0.375000 0.251607
no_material
0  8.457516 -0.000002 63.254444  0.693740 -0.000060 0.720225  0.501110 0.375158
0  5.121226 5.076148 68.091957  0.693724 -0.000060 0.720241  0.624994 0.251973
0  0.037899 -0.000001 71.364174  0.693717 -0.000060 0.720248  0.748899 0.622952
no_material
0  5.774224 -3.446636 30.758278  0.952568 0.000016 -0.304327  0.624775 0.351919
0  3.907609 -0.000002 28.205046  0.952568 -0.000017 -0.304327  0.624999 0.232106
0  5.774225 3.446632 30.758278  0.952568 0.000024 -0.304327  0.625000 0.352475
no_material
0  -0.000002 -6.373994 -0.125683  -0.000051 -0.622883 -0.782315  0.249897 0.625000
0  1.605537 -7.962360 0.566306  -0.000051 -0.622876 -0.782320  0.373540 0.503519
0  -0.000173 -9.100126 2.044851  -0.000051 -0.622884 -0.782314  0.376110 0.625000
no_material
0  -4.952458 -4.997303 58.345428  0.000019 -0.693705 -0.720259  0.375000 0.748879
0  0.000016 -0.038089 55.073177  -0.000005 -0.693705 -0.720259  0.251121 0.625000
0  4.952491 -4.997305 58.345428  0.000006 -0.693705 -0.720259  0.375000 0.501121
no_material
0  2.294446 -2.634476 22.399015  -0.006536 0.997311 -0.072990  0.573256 0.250915
0  -0.119012 -2.340714 14.684817  -0.006520 0.997311 -0.072990  0.494019 0.131586
0  -2.929898 -2.670956 22.368032  -0.006527 0.997311 -0.072990  0.609364 0.989876
no_material
0  -5.734213 -3.440825 50.761463  -0.575110 -0.118529 0.809444  0.625166 0.869552
0  -2.981388 -6.250165 53.135998  -0.575093 -0.118528 0.809456  0.625912 0.750183
0  -0.792825 -3.221093 54.304379  -0.575096 -0.118528 0.809454  0.751611 0.628490
no_material
0  -0.038072 -0.000001 55.073177  -0.693712 0.000057 -0.720253  0.251121 0.623214
0  -4.997288 -4.952473 58.345428  -0.693726 0.000057 -0.720239  0.375000 0.749272
0  -8.456621 0.000001 63.181873  -0.693722 0.000057 -0.720243  0.498879 0.870972
no_material
0  0.027097 -3.368011 1.875822  0.700138 0.694522 -0.165666  0.376732 0.130102
0  2.169639 -3.763298 6.389557  0.700130 0.694531 -0.165667  0.413356 0.250140
0  2.869372 -6.208191 1.980867  0.700137 0.694523 -0.165666  0.377475 0.374963
no_material
0  -5.121185 5.076150 68.091957  -0.693763 -0.000024 0.720203  0.624994 0.005944
0  -8.457479 0.000001 63.254452  -0.693763 0.000007 0.720203  0.501110 0.871033
0  -5.121187 -5.076149 68.091957  -0.693763 -0.000002 0.720203  0.624994 0.749311
no_material
0  0.000016 -8.457498 63.254448  -0.000061 -0.693741 0.720225  0.501110 0.625000
0  5.076168 -5.121207 68.091957  -0.000061 -0.693725 0.720240  0.624994 0.501105
0  0.000020 -0.037880 71.364174  -0.000061 -0.693717 0.720248  0.748899 0.625000
no_material
0  5.675797 -3.434255 30.708185  0.521913 0.258811 -0.812787  0.624741 0.349270
0  3.440119 -2.081141 27.207813  0.521929 0.258806 -0.812779  0.622535 0.246926
0  -1.039817 -0.813829 27.230301  0.521963 0.258792 -0.812761  0.624705 0.127267
no_material
0  -1.656292 -4.653960 0.483629  -0.699899 0.693163 -0.172240  0.130849 0.743331
0  -2.873725 -6.208180 1.979574  -0.699900 0.693165 -0.172228  0.376461 0.866962
0  -2.224541 -3.763318 6.377123  -0.699900 0.693165 -0.172225  0.374914 0.009124
no_material
0  2.215645 -7.157674 22.567831  0.996808 -0.028428 -0.074609  0.573159 0.497976
0  3.013499 -5.397944 14.815997  0.996808 -0.028428 -0.074609  0.493990 0.375013
0  2.331378 -2.670835 22.404110  0.996807 -0.028441 -0.074609  0.573175 0.252026
no_material
0  -0.677353 -1.497647 26.025591  -0.018534 0.845187 -0.534149  0.613685 0.130514
0  -5.272641 -2.249500 27.279137  -0.018533 0.845186 -0.534151  0.624716 0.956162
0  -1.154047 -0.806446 27.135862  -0.018546 0.845204 -0.534121  0.624515 0.131255
no_material
0  4.218939 -3.397852 51.655819  0.843621 -0.000001 0.536939  0.626522 0.380681
0  5.738454 -0.000001 48.011547  0.843621 -0.000006 0.536939  0.625267 0.334041
0  4.218942 3.397851 51.655815  0.843621 -0.000005 0.536939  0.626522 0.380681
no_material
0  -2.959731 -2.677551 22.243141  -0.708943 0.700683 -0.080270  0.607911 0.008240
0  -0.141497 -2.373766 14.579625  -0.708941 0.700679 -0.080319  0.492686 0.130929
0  -2.236670 -3.739507 6.593453  -0.708941 0.700680 -0.080308  0.376928 0.991830
no_material
0  -0.676893 -1.516127 25.996330  -0.410082 0.911655 -0.026779  0.613340 0.124957
0  -2.967762 -2.670922 22.371883  -0.410060 0.911666 -0.026744  0.609833 1.000000
0  -2.981058 -2.657480 22.420872  -0.410067 0.911663 -0.026753  0.609901 0.991188
no_material
0  -2.967762 -2.670922 22.371883  -0.791469 0.597308 -0.129613  0.609833 1.000000
0  -5.383926 -4.995875 26.318787  -0.791484 0.597293 -0.129591  0.613340 0.875738
0  -5.346918 -4.967248 26.318871  -0.791486 0.597292 -0.129587  0.613461 0.864695
no_material
0  -5.383926 -4.995875 26.318787  -0.638707 0.223933 -0.736143  0.613340 0.875738
0  -5.503620 -2.253980 27.280043  -0.638694 0.223897 -0.736166  0.625000 0.000000
0  -5.488240 -2.260951 27.241096  -0.638708 0.223938 -0.736141  0.624769 0.013037
no_material
0  -5.503620 -2.253980 27.280043  -0.264764 0.792788 -0.548988  0.625000 0.000000
0  -0.676893 -1.516127 25.996330  -0.264767 0.792787 -0.548988  0.613340 0.124957
0  -0.716291 -1.552178 25.984724  -0.264775 0.792786 -0.548985  0.613384 0.132017
no_material
0  -3.472556 -9.685941 39.160316  -0.999321 -0.036809 0.001495  0.625000 0.708333
0  -3.374502 -12.347861 33.937176  -0.999321 -0.036807 0.001497  0.625000 0.739583
0  -3.382374 -12.342779 34.027023  -0.999321 -0.036807 0.001499  0.625000 0.739030
no_material
0  -3.374502 -12.347861 33.937176  -0.873205 -0.483985 0.057192  0.625000 0.739583
0  -2.370434 -13.623519 38.637386  -0.873207 -0.483983 0.057183  0.625000 0.708333
0  -2.379885 -13.587290 38.632675  -0.873203 -0.483988 0.057204  0.625000 0.708652
no_material
0  -2.370434 -13.623519 38.637386  -0.876584 -0.465828 -0.120852  0.625000 0.708333
0  -4.434855 -10.976196 43.471611  -0.876573 -0.465841 -0.120879  0.625000 0.740451
0  -4.424990 -10.989165 43.383690  -0.876584 -0.465827 -0.120855  0.625000 0.739863
no_material
0  -4.434855 -10.976196 43.471611  -0.975376 -0.001890 -0.220539  0.625000 0.740451
0  -3.472556 -9.685941 39.160316  -0.975370 -0.001879 -0.220569  0.625000 0.708333
0  -3.463442 -9.720830 39.164703  -0.975370 -0.001880 -0.220566  0.625000 0.708678
no_material
0  2.332607 -2.633687 22.406374  0.399341 0.915206 0.054089  0.573222 0.250000
0  -0.676893 -1.516127 25.996330  0.399318 0.915214 0.054109  0.613340 0.124957
0  -0.631130 -1.552153 25.984383  0.399312 0.915217 0.054121  0.613109 0.127124
no_material
0  -0.676893 -1.516127 25.996330  0.259531 0.834840 -0.485475  0.613340 0.124957
0  3.434965 -2.112486 27.194523  0.259536 0.834839 -0.485473  0.622472 0.247222
0  3.427079 -2.117202 27.156662  0.259512 0.834842 -0.485481  0.622159 0.247915
no_material
0  3.434965 -2.112486 27.194523  0.732006 0.328999 -0.596596  0.622472 0.247222
0  3.893404 -4.703575 26.302645  0.732029 0.328951 -0.596594  0.612524 0.374219
0  3.853559 -4.677495 26.293732  0.732006 0.328975 -0.596609  0.612386 0.371482
no_material
0  3.893404 -4.703575 26.302645  0.752251 0.656893 0.051074  0.612524 0.374219
0  2.332607 -2.633687 22.406374  0.752235 0.656915 0.051036  0.573222 0.250000
0  2.336108 -2.621602 22.459696  0.752246 0.656900 0.051064  0.573837 0.249958
no_material
0  3.893404 -4.703575 26.302645  0.971070 0.213096 -0.107765  0.612524 0.374219
0  3.434965 -2.112486 27.194523  0.971070 0.213095 -0.107769  0.622472 0.247222
0  3.435671 -2.153958 27.219418  0.971072 0.213084 -0.107773  0.622383 0.249720
no_material
0  3.434965 -2.112486 27.194523  0.825095 -0.045974 -0.563121  0.622472 0.247222
0  5.772214 -3.491132 30.751987  0.825089 -0.045975 -0.563130  0.624772 0.352719
0  5.748917 -3.509966 30.698919  0.825078 -0.045967 -0.563146  0.624725 0.352909
no_material
0  5.772214 -3.491132 30.751987  0.814201 -0.371014 -0.446571  0.624772 0.352719
0  2.907776 -7.163593 28.555319  0.814171 -0.371045 -0.446599  0.622472 0.497222
0  2.918999 -7.105446 28.553701  0.814180 -0.371037 -0.446591  0.622393 0.494768
no_material
0  2.907776 -7.163593 28.555319  0.929314 -0.369196 0.008355  0.622472 0.497222
0  3.893404 -4.703575 26.302645  0.929321 -0.369179 0.008339  0.612524 0.374219
0  3.907178 -4.698053 26.337132  0.929321 -0.369178 0.008336  0.612748 0.373883
no_material
0  -0.000176 -9.140454 2.076960  -0.625618 -0.767654 -0.138960  0.376420 0.625000
0  -2.199297 -8.164874 6.621447  -0.625615 -0.767654 -0.138972  0.414139 0.750000
0  -2.191711 -8.161993 6.536981  -0.625615 -0.767655 -0.138968  0.413482 0.750013
no_material
0  -2.199297 -8.164874 6.621447  -0.761733 -0.631022 -0.146885  0.414139 0.750000
0  -2.902784 -6.240161 1.968943  -0.761734 -0.631017 -0.146897  0.379077 0.875000
0  -2.873799 -6.270641 1.982316  -0.761733 -0.631019 -0.146891  0.379229 0.872400
no_material
0  -2.902784 -6.240161 1.968943  -0.801303 -0.597833 0.022548  0.379077 0.875000
0  -1.652052 -7.961646 0.565739  -0.801297 -0.597843 0.022542  0.375000 0.750000
0  -1.655467 -7.963365 0.607179  -0.801299 -0.597840 0.022543  0.375132 0.749982
no_material
0  -1.652052 -7.961646 0.565739  -0.598571 -0.800385 0.033109  0.375000 0.750000
0  -0.000176 -9.140454 2.076960  -0.598566 -0.800389 0.033114  0.376420 0.625000
0  -0.031482 -9.110621 2.087526  -0.598563 -0.800391 0.033116  0.376625 0.627598
no_material
0  2.215092 -7.194310 22.574404  0.743646 -0.659714 0.108481  0.573222 0.500000
0  3.893404 -4.703575 26.302645  0.743653 -0.659702 0.108501  0.612524 0.374219
0  3.857093 -4.730472 26.300180  0.743650 -0.659707 0.108493  0.612369 0.376393
no_material
0  3.893404 -4.703575 26.302645  0.737072 -0.591154 -0.327508  0.612524 0.374219
0  2.907776 -7.163593 28.555319  0.737061 -0.591181 -0.327484  0.622472 0.497222
0  2.901278 -7.164956 28.512449  0.737070 -0.591159 -0.327504  0.622241 0.497053
no_material
0  2.907776 -7.163593 28.555319  0.387687 -0.887351 -0.249613  0.622472 0.497222
0  -0.812007 -8.235047 26.549377  0.387684 -0.887350 -0.249622  0.612524 0.625000
0  -0.771389 -8.203928 26.539444  0.387695 -0.887347 -0.249615  0.612351 0.623033
no_material
0  -0.812007 -8.235047 26.549377  0.455362 -0.882407 0.118337  0.612524 0.625000
0  2.215092 -7.194310 22.574404  0.455380 -0.882402 0.118305  0.573222 0.500000
0  2.217179 -7.197269 22.629967  0.455379 -0.882401 0.118312  0.573787 0.499964
no_material
0  -0.812007 -8.235047 26.549377  0.185891 -0.966856 0.175028  0.612524 0.625000
0  2.907776 -7.163593 28.555319  0.185884 -0.966856 0.175031  0.622472 0.497222
0  2.847656 -7.166882 28.562105  0.185896 -0.966853 0.175034  0.622410 0.499198
no_material
0  2.907776 -7.163593 28.555319  0.144794 -0.977340 -0.154407  0.622472 0.497222
0  -1.036828 -8.285545 31.999701  0.144800 -0.977339 -0.154409  0.624684 0.625000
0  -1.037412 -8.285262 31.955025  0.144808 -0.977336 -0.154419  0.624640 0.625005
no_material
0  -1.036828 -8.285545 31.999701  -0.034369 -0.986898 -0.157643  0.624684 0.625000
0  -5.237119 -7.602975 28.599453  -0.034390 -0.986895 -0.157658  0.622472 0.752778
0  -5.173469 -7.599601 28.607470  -0.034381 -0.986896 -0.157651  0.622417 0.750865
no_material
0  -5.237119 -7.602975 28.599453  -0.068779 -0.984983 0.158360  0.622472 0.752778
0  -0.812007 -8.235047 26.549377  -0.068777 -0.984984 0.158358  0.612524 0.625000
0  -0.812970 -8.235368 26.587561  -0.068797 -0.984981 0.158366  0.612673 0.624900
no_material
0  -2.792677 -7.306017 22.562906  -0.391860 -0.919873 -0.016704  0.573222 0.750000
0  -0.812007 -8.235047 26.549377  -0.391866 -0.919870 -0.016707  0.612524 0.625000
0  -0.848177 -8.206359 26.538258  -0.391849 -0.919878 -0.016677  0.612317 0.626964
no_material
0  -0.812007 -8.235047 26.549377  -0.302204 -0.870382 -0.388727  0.612524 0.625000
0  -5.237119 -7.602975 28.599453  -0.302189 -0.870384 -0.388734  0.622472 0.752778
0  -5.220391 -7.599396 28.553444  -0.302202 -0.870382 -0.388727  0.622268 0.753123
no_material
0  -5.237119 -7.602975 28.599453  -0.659664 -0.512956 -0.549291  0.622472 0.752778
0  -5.383926 -4.995875 26.318787  -0.659666 -0.512924 -0.549317  0.613340 0.875738
0  -5.349584 -5.021314 26.323881  -0.659657 -0.512949 -0.549305  0.613204 0.873539
no_material
0  -5.383926 -4.995875 26.318787  -0.749664 -0.651995 -0.113609  0.613340 0.875738
0  -2.792677 -7.306017 22.562906  -0.749659 -0.652000 -0.113611  0.573222 0.750000
0  -2.806921 -7.314013 22.617105  -0.749677 -0.651983 -0.113587  0.573815 0.749851
no_material
0  -0.000002 -6.335350 -0.156452  0.480113 -0.169294 -0.860715  0.246528 0.625000
0  1.652049 -4.659835 0.442752  0.480127 -0.169283 -0.860710  0.375000 0.250000
0  1.652919 -4.706122 0.445115  0.480124 -0.169286 -0.860711  0.373582 0.256384
no_material
0  1.652049 -4.659835 0.442752  0.680333 -0.158901 -0.715470  0.375000 0.250000
0  2.898606 -6.240163 1.970376  0.680334 -0.158903 -0.715469  0.379892 0.375000
0  2.856933 -6.241549 1.939800  0.680340 -0.158911 -0.715461  0.379495 0.375517
no_material
0  2.898606 -6.240163 1.970376  0.679151 0.104640 -0.726502  0.379892 0.375000
0  1.652048 -7.961646 0.565737  0.679138 0.104625 -0.726516  0.375000 0.500000
0  1.652742 -7.915108 0.564514  0.679139 0.104625 -0.726515  0.373577 0.499365
no_material
0  1.652048 -7.961646 0.565737  0.479714 0.104249 -0.871210  0.375000 0.500000
0  -0.000002 -6.335350 -0.156452  0.479719 0.104246 -0.871207  0.246528 0.625000
0  0.039820 -6.334261 -0.127224  0.479710 0.104253 -0.871212  0.249904 0.618455
no_material
0  -5.383926 -4.995875 26.318787  -0.926226 -0.277710 -0.254919  0.613340 0.875738
0  -5.237119 -7.602975 28.599453  -0.926227 -0.277706 -0.254917  0.622472 0.752778
0  -5.245839 -7.547788 28.597473  -0.926226 -0.277705 -0.254921  0.622409 0.753825
no_material
0  -5.237119 -7.602975 28.599453  -0.816906 -0.271053 -0.509111  0.622472 0.752778
0  -8.006350 -3.723873 30.991261  -0.816903 -0.271056 -0.509114  0.624810 0.896375
0  -7.976852 -3.741166 30.939732  -0.816912 -0.271044 -0.509107  0.624785 0.888993
no_material
0  -8.006350 -3.723873 30.991261  -0.814310 -0.065126 -0.576766  0.624810 0.896375
0  -5.503620 -2.253980 27.280043  -0.814310 -0.065132 -0.576765  0.625000 0.000000
0  -5.507633 -2.295910 27.302275  -0.814308 -0.065127 -0.576769  0.624885 0.015174
no_material
0  -5.503620 -2.253980 27.280043  -0.942479 0.075417 -0.325646  0.625000 0.000000
0  -5.383926 -4.995875 26.318787  -0.942499 0.075412 -0.325591  0.613340 0.875738
0  -5.402057 -4.990416 26.352238  -0.942478 0.075413 -0.325650  0.613549 0.866872
no_material
0  -1.281611 -14.935954 26.254501  -0.622334 -0.076228 -0.779031  0.625000 0.687500
0  -2.424967 -13.431578 27.014845  -0.622330 -0.076243 -0.779033  0.625000 0.734761
0  -2.381313 -13.437522 26.986231  -0.622329 -0.076238 -0.779034  0.625000 0.733100
no_material
0  -2.424967 -13.431578 27.014845  -0.620945 -0.258198 -0.740109  0.625000 0.734761
0  -1.281610 -12.350987 25.684511  -0.620941 -0.258191 -0.740115  0.625000 0.687500
0  -1.282588 -12.396094 25.695129  -0.620944 -0.258195 -0.740110  0.625000 0.687244
no_material
0  -1.281610 -12.350987 25.684511  -0.476841 -0.283464 -0.832028  0.625000 0.687500
0  0.000003 -13.763383 25.425703  -0.476830 -0.283470 -0.832033  0.625000 0.625000
0  -0.040970 -13.757476 25.452486  -0.476835 -0.283468 -0.832030  0.625000 0.627176
no_material
0  0.000003 -13.763383 25.425703  -0.477352 -0.092152 -0.873866  0.625000 0.625000
0  -1.281611 -14.935954 26.254501  -0.477344 -0.092150 -0.873872  0.625000 0.687500
0  -1.282842 -14.890816 26.245394  -0.477345 -0.092150 -0.873871  0.625000 0.687255
no_material
0  -8.006350 -3.723873 30.991261  -0.723452 -0.652682 0.224995  0.624810 0.896375
0  -5.237119 -7.602975 28.599453  -0.723490 -0.652653 0.224956  0.622472 0.752778
0  -5.240346 -7.599350 28.641022  -0.723496 -0.652646 0.224961  0.622499 0.752876
no_material
0  -5.237119 -7.602975 28.599453  -0.362169 -0.891824 0.271078  0.622472 0.752778
0  -1.036828 -8.285545 31.999701  -0.362203 -0.891819 0.271048  0.624684 0.625000
0  -1.078704 -8.257878 32.000835  -0.362183 -0.891822 0.271067  0.624674 0.626518
no_material
0  -1.036828 -8.285545 31.999701  -0.381739 -0.915890 -0.124177  0.624684 0.625000
0  -5.851633 -6.906143 36.698936  -0.381759 -0.915874 -0.124235  0.625000 0.752778
0  -5.847121 -6.911063 36.644932  -0.381725 -0.915893 -0.124199  0.624996 0.752847
no_material
0  -5.851633 -6.906143 36.698936  -0.658762 -0.734590 -0.162515  0.625000 0.752778
0  -8.006350 -3.723873 30.991261  -0.658759 -0.734593 -0.162513  0.624810 0.896375
0  -7.965886 -3.750117 31.003788  -0.658769 -0.734579 -0.162531  0.624798 0.894687
no_material
0  -0.004003 -3.339871 1.862359  -0.179709 0.983718 0.002125  0.379077 0.125000
0  -2.232704 -3.750636 6.461334  -0.179719 0.983716 0.002145  0.375000 1.000000
0  -2.196437 -3.750358 6.465012  -0.179711 0.983717 0.002129  0.375567 0.989595
no_material
0  -2.232704 -3.750636 6.461334  -0.168062 0.977712 -0.125835  0.375000 1.000000
0  -0.116408 -2.348431 14.579193  -0.168068 0.977708 -0.125857  0.492680 0.125000
0  -0.115054 -2.358663 14.447952  -0.168063 0.977711 -0.125840  0.491111 0.132898
no_material
0  -0.116408 -2.348431 14.579193  0.168498 0.978086 -0.122296  0.492680 0.125000
0  2.177025 -3.750637 6.473862  0.168503 0.978083 -0.122313  0.414139 0.250000
0  2.140631 -3.750384 6.477000  0.168502 0.978084 -0.122308  0.414057 0.251960
no_material
0  2.177025 -3.750637 6.473862  0.179386 0.983770 0.004152  0.414139 0.250000
0  -0.004003 -3.339871 1.862359  0.179393 0.983769 0.004168  0.379077 0.125000
0  -0.004375 -3.333766 1.940670  0.179387 0.983770 0.004156  0.379368 0.133144
no_material
0  -1.652052 -7.961646 0.565739  -0.677998 0.104116 -0.727652  0.375000 0.750000
0  -2.902784 -6.240161 1.968943  -0.678012 0.104131 -0.727638  0.379077 0.875000
0  -2.861054 -6.241549 1.938389  -0.678011 0.104132 -0.727638  0.378701 0.862670
no_material
0  -2.902784 -6.240161 1.968943  -0.679268 -0.158384 -0.716596  0.379077 0.875000
0  -1.652051 -4.659835 0.442753  -0.679260 -0.158375 -0.716605  0.375000 0.000000
0  -1.652930 -4.706107 0.445121  -0.679267 -0.158384 -0.716596  0.373574 0.018971
no_material
0  -1.652051 -4.659835 0.442753  -0.479808 -0.168865 -0.860970  0.375000 0.000000
0  -0.000002 -6.335350 -0.156452  -0.479804 -0.168870 -0.860971  0.246528 0.625000
0  -0.039859 -6.334262 -0.127260  -0.479799 -0.168874 -0.860973  0.249902 0.619602
no_material
0  -0.000002 -6.335350 -0.156452  -0.479306 0.103678 -0.871502  0.246528 0.625000
0  -1.652052 -7.961646 0.565739  -0.479291 0.103693 -0.871509  0.375000 0.750000
0  -1.652754 -7.915121 0.564520  -0.479289 0.103695 -0.871510  0.373568 0.747862
no_material
0  -0.000002 -6.335350 -0.156452  0.135466 0.446243 -0.884600  0.246528 0.625000
0  -1.652051 -4.659835 0.442753  0.135462 0.446246 -0.884598  0.375000 1.000000
0  -1.605722 -4.658944 0.443353  0.135460 0.446248 -0.884597  0.373574 0.983960
no_material
0  -1.652051 -4.659835 0.442753  0.130251 0.648587 -0.749913  0.375000 1.000000
0  -0.004003 -3.339871 1.862359  0.130238 0.648578 -0.749923  0.379077 0.125000
0  -0.003940 -3.382934 1.833337  0.130248 0.648586 -0.749915  0.378704 0.137807
no_material
0  -0.004003 -3.339871 1.862359  -0.130017 0.648326 -0.750179  0.379077 0.125000
0  1.652049 -4.659835 0.442752  -0.130025 0.648333 -0.750172  0.375000 0.250000
0  1.605667 -4.658990 0.443322  -0.130022 0.648330 -0.750175  0.373572 0.255015
no_material
0  1.652049 -4.659835 0.442752  -0.135366 0.446177 -0.884648  0.375000 0.250000
0  -0.000002 -6.335350 -0.156452  -0.135369 0.446171 -0.884650  0.246528 0.625000
0  -0.000002 -6.294361 -0.128826  -0.135369 0.446174 -0.884649  0.249900 0.623861
no_material
0  6.176759 -3.767144 42.484383  0.998201 0.007547 0.059483  0.625000 0.384592
0  6.513445 -0.000001 36.362839  0.998201 0.007548 0.059482  0.625000 0.327778
0  6.509249 -0.000001 36.428024  0.998201 0.007548 0.059483  0.625000 0.328337
no_material
0  6.513445 -0.000001 36.362839  0.998201 -0.007486 0.059494  0.625000 0.327778
0  6.176761 3.767143 42.484383  0.998201 -0.007487 0.059493  0.625000 0.384592
0  6.176826 3.726383 42.483372  0.998201 -0.007486 0.059493  0.625000 0.384182
no_material
0  6.176761 3.767143 42.484383  0.997559 -0.007753 0.069394  0.625000 0.384592
0  5.766367 -0.000001 47.967693  0.997559 -0.007753 0.069394  0.625000 0.333333
0  5.770255 -0.000001 47.907314  0.997559 -0.007752 0.069393  0.625000 0.333840
no_material
0  5.766367 -0.000001 47.967693  0.997560 0.007809 0.069380  0.625000 0.333333
0  6.176759 -3.767144 42.484383  0.997560 0.007809 0.069380  0.625000 0.384592
0  6.176825 -3.726385 42.483372  0.997560 0.007809 0.069380  0.625000 0.384182
no_material
0  1.281617 -14.935954 26.254501  0.806100 -0.591511 -0.017827  0.625000 0.562500
0  2.409385 -13.431578 27.014843  0.806109 -0.591497 -0.017867  0.625000 0.515239
0  2.378037 -13.465383 27.033640  0.806101 -0.591510 -0.017824  0.625000 0.516389
no_material
0  2.409385 -13.431578 27.014843  0.730657 -0.641868 -0.232691  0.625000 0.515239
0  1.990829 -14.974102 29.979332  0.730661 -0.641856 -0.232712  0.625000 0.541667
0  1.978598 -14.973460 29.915178  0.730659 -0.641864 -0.232698  0.625000 0.542319
no_material
0  1.990829 -14.974102 29.979332  0.595867 -0.775372 -0.209142  0.625000 0.541667
0  -0.002127 -15.851686 27.528563  0.595886 -0.775346 -0.209186  0.625000 0.625000
0  0.033227 -15.818702 27.533937  0.595862 -0.775373 -0.209154  0.625000 0.623118
no_material
0  -0.002127 -15.851686 27.528563  0.592993 -0.804869 0.023339  0.625000 0.625000
0  1.281617 -14.935954 26.254501  0.592979 -0.804879 0.023351  0.625000 0.562500
0  1.289599 -14.935724 26.293018  0.592978 -0.804880 0.023348  0.625000 0.562616
no_material
0  6.176759 -3.767144 42.484383  0.949670 -0.220385 0.222614  0.625000 0.384592
0  5.766367 -0.000001 47.967693  0.949670 -0.220383 0.222615  0.625000 0.333333
0  5.756903 -0.042412 47.963055  0.949670 -0.220384 0.222615  0.625000 0.334004
no_material
0  5.766367 -0.000001 47.967693  0.955778 -0.218132 0.197248  0.625000 0.333333
0  4.217184 -3.446111 51.658581  0.955777 -0.218133 0.197250  0.625000 0.380208
0  4.227624 -3.447553 51.610004  0.955778 -0.218132 0.197249  0.625000 0.380559
no_material
0  4.217184 -3.446111 51.658581  0.947756 -0.250634 0.197335  0.625000 0.380208
0  4.050219 -7.356769 47.497005  0.947756 -0.250632 0.197336  0.625000 0.500000
0  4.061285 -7.313562 47.495327  0.947756 -0.250633 0.197336  0.625000 0.498737
no_material
0  4.050219 -7.356769 47.497005  0.942762 -0.249146 0.221643  0.625000 0.500000
0  6.176759 -3.767144 42.484383  0.942762 -0.249146 0.221644  0.625000 0.384592
0  6.163888 -3.766912 42.542553  0.942762 -0.249147 0.221644  0.625000 0.384921
no_material
0  4.215573 -6.801886 36.685535  0.668816 -0.726892 0.155924  0.625000 0.497222
0  6.176759 -3.767144 42.484383  0.668841 -0.726874 0.155903  0.625000 0.384592
0  6.141365 -3.786438 42.482204  0.668825 -0.726878 0.155950  0.625000 0.385904
no_material
0  6.176759 -3.767144 42.484383  0.673181 -0.705501 -0.221574  0.625000 0.384592
0  4.050219 -7.356769 47.497005  0.673194 -0.705482 -0.221597  0.625000 0.500000
0  4.046988 -7.356147 47.441311  0.673190 -0.705488 -0.221589  0.625000 0.500009
no_material
0  4.050219 -7.356769 47.497005  0.262127 -0.942763 -0.206124  0.625000 0.500000
0  -0.848932 -7.611043 42.381992  0.262175 -0.942745 -0.206146  0.625000 0.625000
0  -0.809475 -7.589435 42.382088  0.262163 -0.942745 -0.206159  0.625000 0.623743
no_material
0  -0.848932 -7.611043 42.381992  0.271898 -0.956286 0.107646  0.625000 0.625000
0  4.215573 -6.801886 36.685535  0.271928 -0.956281 0.107619  0.625000 0.497222
0  4.211331 -6.806766 36.745064  0.271915 -0.956283 0.107630  0.625000 0.497236
no_material
0  -0.904329 -8.287641 44.020512  0.125425 0.897293 -0.423243  0.625000 0.625000
0  4.050219 -7.356769 47.497005  0.125432 0.897293 -0.423240  0.625000 0.500000
0  4.023826 -7.368305 47.429726  0.125402 0.897286 -0.423263  0.625000 0.500951
no_material
0  4.050219 -7.356769 47.497005  0.681250 0.486410 -0.547086  0.625000 0.500000
0  3.424742 -10.976196 43.476147  0.681282 0.486358 -0.547093  0.625000 0.509549
0  3.393960 -10.957707 43.478432  0.681249 0.486410 -0.547087  0.625000 0.510140
no_material
0  3.424742 -10.976196 43.476147  0.812992 0.581767 -0.024309  0.625000 0.509549
0  2.354673 -9.685941 39.160316  0.812989 0.581771 -0.024342  0.625000 0.541667
0  2.357152 -9.662120 39.224117  0.812986 0.581774 -0.024345  0.625000 0.541918
no_material
0  2.354673 -9.685941 39.160316  0.192379 0.970220 -0.147187  0.625000 0.541667
0  -0.904329 -8.287641 44.020512  0.192382 0.970213 -0.147228  0.625000 0.625000
0  -0.865862 -8.310079 44.019344  0.192374 0.970220 -0.147192  0.625000 0.623794
no_material
0  -6.253207 0.000001 28.351671  -0.258201 -0.334884 -0.906192  0.625000 0.000000
0  -1.154172 -0.787967 27.165108  -0.258211 -0.334885 -0.906189  0.624737 0.123741
0  -1.258114 -0.812051 27.228333  -0.258239 -0.334880 -0.906183  0.624744 0.135550
no_material
0  -1.154172 -0.787967 27.165108  -0.284648 0.820461 -0.495802  0.624737 0.123741
0  -5.503620 -2.253980 27.280043  -0.284692 0.820444 -0.495805  0.625000 1.000000
0  -5.510239 -2.222566 27.292425  -0.284683 0.820447 -0.495805  0.624997 0.981825
no_material
0  -5.503620 -2.253980 27.280043  -0.760983 0.587574 -0.275067  0.625000 1.000000
0  -8.006350 -3.723873 30.991261  -0.760972 0.587584 -0.275076  0.624810 0.896375
0  -7.918037 -3.664160 30.947498  -0.760972 0.587582 -0.275080  0.624815 0.885549
no_material
0  -8.006350 -3.723873 30.991261  -0.390645 -0.407322 -0.825521  0.624810 0.896375
0  -6.253207 0.000001 28.351671  -0.390657 -0.407344 -0.825505  0.625000 0.000000
0  -6.245144 -0.034702 28.337490  -0.390647 -0.407327 -0.825517  0.624998 0.011689
no_material
0  3.272308 9.398193 50.438065  0.951719 0.304462 0.039176  0.625000 0.505884
0  4.050222 7.356768 47.497009  0.951717 0.304467 0.039181  0.625000 0.500000
0  4.033297 7.397380 47.498718  0.951720 0.304459 0.039171  0.625000 0.500172
no_material
0  4.050222 7.356768 47.497009  0.937069 0.318972 0.141978  0.625000 0.500000
0  3.424747 10.976198 43.476147  0.937070 0.318968 0.141985  0.625000 0.509549
0  3.421686 10.966835 43.536167  0.937068 0.318974 0.141979  0.625000 0.509791
no_material
0  3.424747 10.976198 43.476147  0.873700 0.452766 0.177905  0.625000 0.509549
0  2.155787 12.210162 46.588642  0.873700 0.452766 0.177910  0.625000 0.541667
0  2.171580 12.172920 46.584713  0.873703 0.452763 0.177901  0.625000 0.541133
no_material
0  2.155787 12.210162 46.588642  0.895386 0.440986 0.061760  0.625000 0.541667
0  3.272308 9.398193 50.438065  0.895389 0.440980 0.061769  0.625000 0.505884
0  3.277529 9.401129 50.382278  0.895387 0.440985 0.061761  0.625000 0.506057
no_material
0  -0.000176 -9.140454 2.076960  0.172828 -0.976647 0.127634  0.376420 0.625000
0  2.188160 -8.164875 6.625622  0.172825 -0.976648 0.127632  0.414139 0.500000
0  2.151819 -8.164704 6.628845  0.172824 -0.976649 0.127631  0.414205 0.502066
no_material
0  2.188160 -8.164875 6.625622  0.162467 -0.986694 0.006231  0.414139 0.500000
0  -0.038729 -8.473955 14.781070  0.162467 -0.986694 0.006233  0.492733 0.625000
0  -0.038222 -8.480832 14.649981  0.162469 -0.986694 0.006222  0.491465 0.625001
no_material
0  -0.038729 -8.473955 14.781070  -0.162534 -0.986691 0.004937  0.492733 0.625000
0  -2.199297 -8.164874 6.621447  -0.162537 -0.986690 0.004920  0.414139 0.750000
0  -2.163010 -8.164698 6.624848  -0.162536 -0.986690 0.004927  0.414206 0.747928
no_material
0  -2.199297 -8.164874 6.621447  -0.173278 -0.976630 0.127155  0.414139 0.750000
0  -0.000176 -9.140454 2.076960  -0.173280 -0.976629 0.127158  0.376420 0.625000
0  -0.000266 -9.136298 2.156174  -0.173281 -0.976629 0.127160  0.377076 0.624999
no_material
0  1.652048 -7.961646 0.565737  0.801640 -0.597325 0.024010  0.375000 0.500000
0  2.898606 -6.240163 1.970376  0.801633 -0.597335 0.024001  0.379892 0.375000
0  2.869621 -6.270654 1.983705  0.801635 -0.597332 0.024004  0.380030 0.377600
no_material
0  2.898606 -6.240163 1.970376  0.762403 -0.630559 -0.145384  0.379892 0.375000
0  2.188160 -8.164875 6.625622  0.762404 -0.630556 -0.145392  0.414139 0.500000
0  2.180722 -8.161997 6.541065  0.762403 -0.630559 -0.145385  0.413489 0.499988
no_material
0  2.188160 -8.164875 6.625622  0.626322 -0.767294 -0.137774  0.414139 0.500000
0  -0.000176 -9.140454 2.076960  0.626320 -0.767293 -0.137783  0.376420 0.625000
0  0.031071 -9.110620 2.087552  0.626321 -0.767293 -0.137781  0.376627 0.622402
no_material
0  -0.000176 -9.140454 2.076960  0.599059 -0.799978 0.034112  0.376420 0.625000
0  1.652048 -7.961646 0.565737  0.599069 -0.799971 0.034100  0.375000 0.500000
0  1.655411 -7.963341 0.607202  0.599065 -0.799974 0.034107  0.375141 0.500017
no_material
0  -2.902784 -6.240161 1.968943  -0.979806 -0.186378 0.072409  0.379077 0.875000
0  -2.199297 -8.164874 6.621447  -0.979805 -0.186383 0.072420  0.414139 0.750000
0  -2.199623 -8.128330 6.622635  -0.979805 -0.186382 0.072420  0.414054 0.748066
no_material
0  -2.199297 -8.164874 6.621447  -0.982042 -0.179989 -0.056542  0.414139 0.750000
0  -3.159437 -5.417592 14.664518  -0.982040 -0.179996 -0.056557  0.492680 0.875000
0  -3.156797 -5.426088 14.533905  -0.982041 -0.179995 -0.056555  0.491111 0.867076
no_material
0  -3.159437 -5.417592 14.664518  -0.983868 0.160343 -0.079332  0.492680 0.875000
0  -2.232704 -3.750636 6.461334  -0.983867 0.160347 -0.079341  0.375000 0.000000
0  -2.232516 -3.786648 6.466909  -0.983867 0.160346 -0.079345  0.375573 0.010388
no_material
0  -2.232704 -3.750636 6.461334  -0.983010 0.176561 0.050166  0.375000 0.000000
0  -2.902784 -6.240161 1.968943  -0.983010 0.176562 0.050167  0.379077 0.875000
0  -2.904363 -6.235777 2.047354  -0.983010 0.176562 0.050165  0.379370 0.866924
no_material
0  -0.848929 7.611043 42.381992  0.361613 0.830657 0.423373  0.625000 0.625000
0  -5.892246 7.356771 47.265247  0.361598 0.830656 0.423387  0.625000 0.750000
0  -5.649368 7.290699 47.110775  0.361615 0.830657 0.423371  0.625000 0.743922
no_material
0  -5.892246 7.356771 47.265247  -0.563687 0.194341 -0.802800  0.625000 0.750000
0  -0.904325 8.287642 44.020515  -0.563639 0.194348 -0.802832  0.625000 0.625000
0  -0.903689 8.272733 43.984398  -0.563629 0.194296 -0.802852  0.625000 0.625069
no_material
0  -0.904325 8.287642 44.020515  0.591060 0.202758 -0.780728  0.625000 0.625000
0  4.050222 7.356768 47.497009  0.591069 0.202758 -0.780722  0.625000 0.500000
0  3.814710 7.292030 47.334618  0.591072 0.202756 -0.780720  0.625000 0.505950
no_material
0  4.050222 7.356768 47.497009  -0.370901 0.836592 0.403169  0.625000 0.500000
0  -0.848929 7.611043 42.381992  -0.370881 0.836636 0.403097  0.625000 0.625000
0  -0.849719 7.628682 42.424721  -0.370835 0.836625 0.403162  0.625000 0.625002
no_material
0  2.898606 -6.240163 1.970376  0.981750 0.180906 0.058650  0.379892 0.375000
0  2.177025 -3.750637 6.473862  0.981750 0.180907 0.058654  0.414139 0.250000
0  2.177152 -3.786641 6.479436  0.981751 0.180903 0.058645  0.414230 0.252063
no_material
0  2.177025 -3.750637 6.473862  0.983946 0.165646 -0.066415  0.414139 0.250000
0  3.004300 -5.404794 14.695745  0.983945 0.165648 -0.066429  0.492733 0.375000
0  3.003213 -5.413345 14.564902  0.983945 0.165649 -0.066434  0.491473 0.374984
no_material
0  3.004300 -5.404794 14.695745  0.985432 -0.164212 -0.044250  0.492733 0.375000
0  2.188160 -8.164875 6.625622  0.985431 -0.164215 -0.044259  0.414139 0.500000
0  2.188088 -8.128345 6.626775  0.985431 -0.164215 -0.044259  0.414213 0.497948
no_material
0  2.188160 -8.164875 6.625622  0.982000 -0.170829 0.080581  0.414139 0.500000
0  2.898606 -6.240163 1.970376  0.982000 -0.170829 0.080579  0.379892 0.375000
0  2.899260 -6.235689 2.049023  0.982001 -0.170827 0.080573  0.380487 0.375024
no_material
0  4.215573 -6.801886 36.685535  0.412870 -0.892420 -0.182002  0.625000 0.497222
0  -1.036828 -8.285545 31.999701  0.412853 -0.892424 -0.182025  0.624684 0.625000
0  -0.994657 -8.256423 32.000519  0.412862 -0.892422 -0.182012  0.624673 0.623496
no_material
0  -1.036828 -8.285545 31.999701  0.410578 -0.893542 0.181681  0.624684 0.625000
0  2.907776 -7.163593 28.555319  0.410591 -0.893540 0.181663  0.622472 0.497222
0  2.913562 -7.162291 28.595755  0.410592 -0.893539 0.181663  0.622499 0.497113
no_material
0  2.907776 -7.163593 28.555319  0.745889 -0.654228 0.125042  0.622472 0.497222
0  5.772214 -3.491132 30.751987  0.745869 -0.654254 0.125024  0.624772 0.352719
0  5.734209 -3.518467 30.767548  0.745876 -0.654245 0.125032  0.624760 0.354423
no_material
0  5.772214 -3.491132 30.751987  0.652914 -0.720885 -0.232441  0.624772 0.352719
0  4.215573 -6.801886 36.685535  0.652910 -0.720891 -0.232431  0.625000 0.497222
0  4.206004 -6.804811 36.630219  0.652909 -0.720895 -0.232423  0.624996 0.497129
no_material
0  -3.159437 -5.417592 14.664518  -0.863141 -0.500227 0.068999  0.492680 0.875000
0  -2.199297 -8.164874 6.621447  -0.863140 -0.500230 0.068991  0.414139 0.750000
0  -2.202908 -8.159047 6.753035  -0.863140 -0.500229 0.068995  0.415413 0.749985
no_material
0  -2.199297 -8.164874 6.621447  -0.486094 -0.868506 0.097002  0.414139 0.750000
0  -0.038729 -8.473955 14.781070  -0.486096 -0.868506 0.096998  0.492733 0.625000
0  -0.064093 -8.449139 14.778721  -0.486100 -0.868505 0.096979  0.492734 0.626999
no_material
0  -0.038729 -8.473955 14.781070  -0.484682 -0.873701 -0.041584  0.492733 0.625000
0  -2.792677 -7.306017 22.562906  -0.484673 -0.873705 -0.041608  0.573222 0.750000
0  -2.787137 -7.313661 22.435608  -0.484681 -0.873702 -0.041586  0.571913 0.750025
no_material
0  -2.792677 -7.306017 22.562906  -0.860431 -0.503008 -0.081495  0.573222 0.750000
0  -3.159437 -5.417592 14.664518  -0.860432 -0.503005 -0.081505  0.492680 0.875000
0  -3.134218 -5.442273 14.666547  -0.860432 -0.503005 -0.081507  0.492708 0.872939
no_material
0  -2.792677 -7.306017 22.562906  -0.180714 -0.979933 0.084108  0.573222 0.750000
0  -0.038729 -8.473955 14.781070  -0.180724 -0.979929 0.084130  0.492733 0.625000
0  -0.041704 -8.471583 14.893093  -0.180719 -0.979931 0.084119  0.493887 0.624981
no_material
0  -0.038729 -8.473955 14.781070  0.218194 -0.971038 0.097350  0.492733 0.625000
0  2.215092 -7.194310 22.574404  0.218198 -0.971035 0.097370  0.573222 0.500000
0  2.177405 -7.195303 22.567289  0.218192 -0.971038 0.097349  0.573142 0.501784
no_material
0  2.215092 -7.194310 22.574404  0.238338 -0.968369 -0.073868  0.573222 0.500000
0  -0.812007 -8.235047 26.549377  0.238342 -0.968368 -0.073873  0.612524 0.625000
0  -0.805594 -8.236303 26.485134  0.238348 -0.968365 -0.073883  0.611885 0.625104
no_material
0  -0.812007 -8.235047 26.549377  -0.204626 -0.970624 -0.126558  0.612524 0.625000
0  -2.792677 -7.306017 22.562906  -0.204618 -0.970628 -0.126541  0.573222 0.750000
0  -2.755666 -7.305243 22.560627  -0.204618 -0.970628 -0.126542  0.573189 0.748029
no_material
0  -0.038729 -8.473955 14.781070  0.524879 -0.843730 0.112347  0.492733 0.625000
0  2.188160 -8.164875 6.625622  0.524875 -0.843730 0.112363  0.414139 0.500000
0  2.188367 -8.156769 6.759135  0.524876 -0.843730 0.112359  0.415426 0.500013
no_material
0  2.188160 -8.164875 6.625622  0.851867 -0.515748 0.091250  0.414139 0.500000
0  3.004300 -5.404794 14.695745  0.851869 -0.515742 0.091265  0.492733 0.375000
0  2.979346 -5.429926 14.697051  0.851868 -0.515746 0.091258  0.492757 0.377045
no_material
0  3.004300 -5.404794 14.695745  0.853476 -0.520044 -0.033667  0.492733 0.375000
0  2.215092 -7.194310 22.574404  0.853478 -0.520039 -0.033686  0.573222 0.500000
0  2.215167 -7.201804 22.446428  0.853476 -0.520043 -0.033671  0.571902 0.499988
no_material
0  2.215092 -7.194310 22.574404  0.526617 -0.849991 -0.013777  0.573222 0.500000
0  -0.038729 -8.473955 14.781070  0.526612 -0.849994 -0.013796  0.492733 0.625000
0  -0.013796 -8.448868 14.779357  0.526619 -0.849990 -0.013771  0.492741 0.622947
no_material
0  3.004300 -5.404794 14.695745  0.849568 0.527038 0.021561  0.492733 0.375000
0  2.177025 -3.750637 6.473862  0.849569 0.527036 0.021570  0.414139 0.250000
0  2.177402 -3.740536 6.605243  0.849571 0.527033 0.021588  0.415413 0.250012
no_material
0  2.177025 -3.750637 6.473862  0.510051 0.860137 -0.003454  0.414139 0.250000
0  -0.116408 -2.348431 14.579193  0.510052 0.860137 -0.003450  0.492680 0.125000
0  -0.091005 -2.373283 14.580482  0.510049 0.860139 -0.003446  0.492700 0.126999
no_material
0  -0.116408 -2.348431 14.579193  0.506611 0.852542 -0.128523  0.492680 0.125000
0  2.332607 -2.633687 22.406374  0.506601 0.852543 -0.128552  0.573222 0.250000
0  2.330264 -2.641524 22.279163  0.506609 0.852542 -0.128527  0.571915 0.249996
no_material
0  2.332607 -2.633687 22.406374  0.847305 0.518788 -0.113725  0.573222 0.250000
0  3.004300 -5.404794 14.695745  0.847306 0.518783 -0.113744  0.492733 0.375000
0  2.979044 -5.380111 14.694142  0.847304 0.518790 -0.113721  0.492742 0.372941
no_material
0  -2.967762 -2.670922 22.371883  -0.949743 0.302019 -0.082298  0.609833 0.000000
0  -3.159437 -5.417592 14.664518  -0.949742 0.302025 -0.082281  0.492680 0.875000
0  -3.181476 -5.412310 14.779715  -0.949743 0.302019 -0.082299  0.494194 0.867490
no_material
0  -3.159437 -5.417592 14.664518  -0.923807 -0.380044 -0.046345  0.492680 0.875000
0  -2.792677 -7.306017 22.562906  -0.923805 -0.380053 -0.046301  0.573222 0.750000
0  -2.793362 -7.269485 22.557724  -0.923805 -0.380054 -0.046301  0.573291 0.748373
no_material
0  -2.792677 -7.306017 22.562906  -0.847435 -0.412315 -0.334440  0.573222 0.750000
0  -5.383926 -4.995875 26.318787  -0.847431 -0.412321 -0.334443  0.613340 0.875738
0  -5.370599 -4.997334 26.248707  -0.847429 -0.412323 -0.334446  0.612948 0.867920
no_material
0  -5.383926 -4.995875 26.318787  -0.879716 0.315026 -0.356172  0.613340 0.875738
0  -2.967762 -2.670922 22.371883  -0.879682 0.315090 -0.356199  0.609833 0.000000
0  -2.965646 -2.708082 22.369654  -0.879703 0.315072 -0.356164  0.609322 0.010224
no_material
0  -1.281610 -12.350987 25.684511  -0.806845 0.531453 -0.257989  0.625000 0.687500
0  -2.424967 -13.431578 27.014845  -0.806832 0.531469 -0.257999  0.625000 0.734761
0  -2.396145 -13.394787 27.020376  -0.806837 0.531463 -0.257994  0.625000 0.733626
no_material
0  -2.424967 -13.431578 27.014845  -0.734134 0.495200 -0.464569  0.625000 0.734761
0  -2.233315 -10.985003 29.331585  -0.734134 0.495193 -0.464576  0.625000 0.708333
0  -2.217303 -11.008701 29.269163  -0.734134 0.495195 -0.464574  0.625000 0.707742
no_material
0  -2.233315 -10.985003 29.331585  -0.604356 0.634528 -0.481797  0.625000 0.708333
0  -0.013455 -11.011467 26.501131  -0.604351 0.634525 -0.481808  0.625000 0.625000
0  -0.049253 -11.040862 26.518448  -0.604352 0.634526 -0.481805  0.625000 0.626825
no_material
0  -0.013455 -11.011467 26.501131  -0.597909 0.747178 -0.290223  0.625000 0.625000
0  -1.281610 -12.350987 25.684511  -0.597899 0.747192 -0.290210  0.625000 0.687500
0  -1.289476 -12.335923 25.720255  -0.597902 0.747188 -0.290212  0.625000 0.687331
no_material
0  -8.480742 0.000002 36.422405  -0.964800 -0.248241 0.086817  0.625000 0.922222
0  -8.006350 -3.723873 30.991261  -0.964801 -0.248240 0.086816  0.624810 0.896375
0  -8.005723 -3.723253 31.053186  -0.964800 -0.248244 0.086810  0.624812 0.895785
no_material
0  -8.006350 -3.723873 30.991261  -0.888633 -0.450671 0.085009  0.624810 0.896375
0  -5.851633 -6.906143 36.698936  -0.888633 -0.450671 0.085006  0.625000 0.752778
0  -5.866351 -6.867454 36.698124  -0.888638 -0.450664 0.084996  0.624999 0.754074
no_material
0  -5.851633 -6.906143 36.698936  -0.886550 -0.458108 -0.064539  0.625000 0.752778
0  -7.835344 -3.777382 41.808605  -0.886553 -0.458105 -0.064536  0.625000 0.865408
0  -7.835980 -3.777884 41.749294  -0.886550 -0.458108 -0.064542  0.625000 0.865119
no_material
0  -7.835344 -3.777382 41.808605  -0.965662 -0.252280 -0.062061  0.625000 0.865408
0  -8.480742 0.000002 36.422405  -0.965664 -0.252272 -0.062064  0.625000 0.922222
0  -8.466020 -0.038742 36.422001  -0.965663 -0.252275 -0.062065  0.624999 0.921625
no_material
0  0.000003 -13.763383 25.425703  0.478053 -0.284648 -0.830928  0.625000 0.625000
0  1.281618 -12.350987 25.684511  0.478054 -0.284648 -0.830927  0.625000 0.562500
0  1.282525 -12.396194 25.695107  0.478050 -0.284653 -0.830928  0.625000 0.562754
no_material
0  1.281618 -12.350987 25.684511  0.624688 -0.259121 -0.736628  0.625000 0.562500
0  2.409385 -13.431578 27.014843  0.624689 -0.259117 -0.736629  0.625000 0.515239
0  2.366017 -13.437523 26.986233  0.624687 -0.259117 -0.736631  0.625000 0.516905
no_material
0  2.409385 -13.431578 27.014843  0.626044 -0.073999 -0.776269  0.625000 0.515239
0  1.281617 -14.935954 26.254501  0.626046 -0.073991 -0.776268  0.625000 0.562500
0  1.282779 -14.890737 26.245333  0.626051 -0.073985 -0.776265  0.625000 0.562743
no_material
0  1.281617 -14.935954 26.254501  0.478454 -0.090543 -0.873432  0.625000 0.562500
0  0.000003 -13.763383 25.425703  0.478453 -0.090551 -0.873432  0.625000 0.625000
0  0.040883 -13.757451 25.452599  0.478456 -0.090549 -0.873430  0.625000 0.622822
no_material
0  -8.006350 -3.723873 30.991261  -0.979308 0.117335 -0.164889  0.624810 0.896375
0  -8.480742 0.000002 36.422405  -0.979307 0.117333 -0.164895  0.625000 0.922222
0  -8.464792 0.000002 36.364620  -0.979307 0.117336 -0.164892  0.624999 0.921302
no_material
0  -8.480742 0.000002 36.422405  -0.979326 -0.117233 -0.164852  0.625000 0.922222
0  -8.006349 3.723875 30.991261  -0.979327 -0.117243 -0.164840  0.625000 0.895844
0  -8.008105 3.677653 30.997627  -0.979328 -0.117244 -0.164835  0.625000 0.890936
no_material
0  -8.006349 3.723875 30.991261  -0.907228 -0.150260 -0.392885  0.625000 0.895844
0  -6.253207 0.000001 28.351671  -0.907224 -0.150271 -0.392892  0.625000 0.000000
0  -6.264907 0.000001 28.394060  -0.907226 -0.150266 -0.392888  0.624999 0.011187
no_material
0  -6.253207 0.000001 28.351671  -0.907227 0.150258 -0.392889  0.625000 0.000000
0  -8.006350 -3.723873 30.991261  -0.907238 0.150232 -0.392874  0.624810 0.896375
0  -8.008106 -3.677650 30.997627  -0.907232 0.150242 -0.392882  0.624812 0.891461
no_material
0  4.215573 -6.801886 36.685535  0.115503 -0.992530 -0.039293  0.625000 0.497222
0  -0.848932 -7.611043 42.381992  0.115491 -0.992532 -0.039279  0.625000 0.625000
0  -0.848732 -7.614357 42.330799  0.115496 -0.992531 -0.039284  0.625000 0.625000
no_material
0  -0.848932 -7.611043 42.381992  -0.097797 -0.994472 -0.038232  0.625000 0.625000
0  -5.851633 -6.906143 36.698936  -0.097782 -0.994474 -0.038211  0.625000 0.752778
0  -5.804621 -6.905560 36.700363  -0.097789 -0.994473 -0.038222  0.624999 0.751556
no_material
0  -5.851633 -6.906143 36.698936  -0.106462 -0.978058 0.179075  0.625000 0.752778
0  -1.036828 -8.285545 31.999701  -0.106451 -0.978059 0.179075  0.624684 0.625000
0  -1.035733 -8.282486 32.046749  -0.106459 -0.978058 0.179080  0.624687 0.625023
no_material
0  -1.036828 -8.285545 31.999701  0.123964 -0.977329 0.171643  0.624684 0.625000
0  4.215573 -6.801886 36.685535  0.123964 -0.977331 0.171634  0.625000 0.497222
0  4.167345 -6.802230 36.687996  0.123971 -0.977328 0.171644  0.624999 0.498419
no_material
0  -2.973737 -6.296893 53.134590  -0.785391 -0.332957 0.521824  0.625000 0.750000
0  -5.774226 -3.446109 50.732262  -0.785397 -0.332950 0.521820  0.625000 0.869792
0  -5.759500 -3.494710 50.730083  -0.785392 -0.332955 0.521824  0.625000 0.868214
no_material
0  -5.774226 -3.446109 50.732262  -0.843969 -0.341832 0.413360  0.625000 0.869792
0  -5.892248 -7.356767 47.265244  -0.843969 -0.341827 0.413365  0.625000 0.750000
0  -5.870285 -7.345933 47.311100  -0.843969 -0.341838 0.413356  0.625000 0.750646
no_material
0  -5.892248 -7.356767 47.265244  -0.892529 -0.208093 0.400112  0.625000 0.750000
0  -4.005452 -9.398190 50.403217  -0.892528 -0.208097 0.400112  0.625000 0.744117
0  -4.019103 -9.357115 50.402897  -0.892534 -0.208089 0.400102  0.625000 0.744404
no_material
0  -4.005452 -9.398190 50.403217  -0.825608 -0.191642 0.530702  0.625000 0.744117
0  -2.973737 -6.296893 53.134590  -0.825610 -0.191648 0.530696  0.625000 0.750000
0  -2.996943 -6.299035 53.091625  -0.825608 -0.191642 0.530702  0.625000 0.750714
no_material
0  -4.434855 -10.976196 43.471611  -0.721449 0.338451 -0.604121  0.625000 0.740451
0  -5.892248 -7.356767 47.265244  -0.721447 0.338436 -0.604132  0.625000 0.750000
0  -5.857917 -7.369457 47.191631  -0.721443 0.338432 -0.604139  0.625000 0.748928
no_material
0  -5.892248 -7.356767 47.265244  -0.116440 0.890574 -0.439681  0.625000 0.750000
0  -0.904329 -8.287641 44.020512  -0.116460 0.890563 -0.439698  0.625000 0.625000
0  -0.938908 -8.312339 44.018459  -0.116480 0.890572 -0.439674  0.625000 0.626295
no_material
0  -0.904329 -8.287641 44.020512  -0.201600 0.965013 -0.167650  0.625000 0.625000
0  -3.472556 -9.685941 39.160316  -0.201593 0.965012 -0.167664  0.625000 0.708333
0  -3.481941 -9.658995 39.228168  -0.201610 0.965005 -0.167687  0.625000 0.708023
no_material
0  -3.472556 -9.685941 39.160316  -0.893343 0.445009 -0.062494  0.625000 0.708333
0  -4.434855 -10.976196 43.471611  -0.893365 0.444975 -0.062422  0.625000 0.740451
0  -4.406507 -10.955060 43.475101  -0.893357 0.444988 -0.062444  0.625000 0.739755
no_material
0  -4.005452 -9.398190 50.403217  -0.828141 -0.541383 0.145215  0.625000 0.744117
0  -5.892248 -7.356767 47.265244  -0.828140 -0.541386 0.145211  0.625000 0.750000
0  -5.865077 -7.394537 47.266460  -0.828142 -0.541383 0.145210  0.625000 0.749849
no_material
0  -5.892248 -7.356767 47.265244  -0.816131 -0.541015 0.203056  0.625000 0.750000
0  -4.434855 -10.976196 43.471611  -0.816132 -0.541014 0.203056  0.625000 0.740451
0  -4.430011 -10.966106 43.525295  -0.816134 -0.541011 0.203059  0.625000 0.740248
no_material
0  -4.434855 -10.976196 43.471611  -0.768855 -0.601016 0.218269  0.625000 0.740451
0  -2.587531 -12.210160 46.588634  -0.768859 -0.601013 0.218266  0.625000 0.708333
0  -2.612340 -12.176023 46.586414  -0.768859 -0.601013 0.218265  0.625000 0.708829
no_material
0  -2.587531 -12.210160 46.588634  -0.783956 -0.601922 0.151998  0.625000 0.708333
0  -4.005452 -9.398190 50.403217  -0.783955 -0.601924 0.151994  0.625000 0.744117
0  -4.013790 -9.402906 50.351021  -0.783955 -0.601924 0.151994  0.625000 0.743946
no_material
0  2.145688 -6.296894 53.248718  0.884612 -0.091520 0.457259  0.625000 0.500000
0  3.272303 -9.398192 50.438065  0.884613 -0.091530 0.457255  0.625000 0.505884
0  3.282745 -9.355662 50.436932  0.884613 -0.091537 0.457254  0.625000 0.505589
no_material
0  3.272303 -9.398192 50.438065  0.975919 -0.071624 0.206038  0.625000 0.505884
0  4.050219 -7.356769 47.497005  0.975917 -0.071635 0.206044  0.625000 0.500000
0  4.033075 -7.350044 47.547009  0.975923 -0.071616 0.206023  0.625000 0.499419
no_material
0  4.050219 -7.356769 47.497005  0.919176 -0.305336 0.248769  0.625000 0.500000
0  4.217184 -3.446111 51.658581  0.919177 -0.305336 0.248765  0.625000 0.380208
0  4.207434 -3.498868 51.651432  0.919176 -0.305342 0.248761  0.625000 0.381959
no_material
0  4.217184 -3.446111 51.658581  0.820117 -0.342953 0.458030  0.625000 0.380208
0  2.145688 -6.296894 53.248718  0.820117 -0.342956 0.458028  0.625000 0.500000
0  2.162133 -6.293294 53.207069  0.820118 -0.342955 0.458027  0.625000 0.499123
no_material
0  -2.370434 -13.623519 38.637386  -0.400029 -0.892003 0.210492  0.625000 0.708333
0  -0.109941 -13.690444 42.672691  -0.400025 -0.892003 0.210499  0.625000 0.625000
0  -0.144314 -13.670520 42.668831  -0.400024 -0.892003 0.210500  0.625000 0.626228
no_material
0  -0.109941 -13.690444 42.672691  -0.422837 -0.903264 0.072955  0.625000 0.625000
0  -2.587531 -12.210160 46.588634  -0.422835 -0.903265 0.072958  0.625000 0.708333
0  -2.591251 -12.217186 46.531345  -0.422831 -0.903267 0.072952  0.625000 0.708068
no_material
0  -2.587531 -12.210160 46.588634  -0.613697 -0.787947 0.050159  0.625000 0.708333
0  -4.434855 -10.976196 43.471611  -0.613692 -0.787950 0.050173  0.625000 0.740451
0  -4.399532 -10.997516 43.470345  -0.613695 -0.787948 0.050163  0.625000 0.739816
no_material
0  -4.434855 -10.976196 43.471611  -0.581971 -0.791702 0.185787  0.625000 0.740451
0  -2.370434 -13.623519 38.637386  -0.581972 -0.791700 0.185795  0.625000 0.708333
0  -2.369075 -13.613025 38.707424  -0.581971 -0.791701 0.185792  0.625000 0.707850
no_material
0  2.354673 -9.685941 39.160316  0.131049 0.990345 -0.045194  0.625000 0.541667
0  -0.334848 -9.578773 33.824730  0.131058 0.990345 -0.045176  0.625000 0.625000
0  -0.337153 -9.569876 33.894985  0.131054 0.990345 -0.045184  0.625000 0.624978
no_material
0  -0.334848 -9.578773 33.824730  -0.132483 0.989543 -0.057042  0.625000 0.625000
0  -3.472556 -9.685941 39.160316  -0.132530 0.989535 -0.057058  0.625000 0.708333
0  -3.433490 -9.685790 39.161510  -0.132522 0.989536 -0.057072  0.625000 0.707197
no_material
0  -3.472556 -9.685941 39.160316  -0.134210 0.968686 -0.208889  0.625000 0.708333
0  -0.904329 -8.287641 44.020512  -0.134214 0.968686 -0.208888  0.625000 0.625000
0  -0.900819 -8.296182 43.953068  -0.134210 0.968688 -0.208883  0.625000 0.625032
no_material
0  -0.904329 -8.287641 44.020512  0.132812 0.972398 -0.191841  0.625000 0.625000
0  2.354673 -9.685941 39.160316  0.132826 0.972395 -0.191847  0.625000 0.541667
0  2.315222 -9.686205 39.158226  0.132820 0.972396 -0.191844  0.625000 0.542781
no_material
0  2.155781 -12.210160 46.588634  0.493994 -0.763826 0.415379  0.625000 0.541667
0  3.272303 -9.398192 50.438065  0.493991 -0.763827 0.415380  0.625000 0.505884
0  3.233961 -9.426982 50.423908  0.493995 -0.763824 0.415382  0.625000 0.507069
no_material
0  3.272303 -9.398192 50.438065  0.566643 -0.766356 0.302679  0.625000 0.505884
0  1.539843 -10.294664 51.398827  0.566645 -0.766352 0.302684  0.625000 0.562500
0  1.553498 -10.304731 51.360825  0.566654 -0.766349 0.302675  0.625000 0.562224
no_material
0  1.539843 -10.294664 51.398827  0.417247 -0.852827 0.313991  0.625000 0.562500
0  -0.068389 -11.839314 49.347019  0.417248 -0.852830 0.313983  0.625000 0.625000
0  -0.030210 -11.820004 49.341290  0.417247 -0.852829 0.313987  0.625000 0.623488
no_material
0  -0.068389 -11.839314 49.347019  0.386300 -0.819690 0.422942  0.625000 0.625000
0  2.155781 -12.210160 46.588634  0.386302 -0.819688 0.422945  0.625000 0.541667
0  2.142348 -12.187277 46.653522  0.386307 -0.819690 0.422937  0.625000 0.542302
no_material
0  -1.652049 7.961645 0.565739  0.132899 0.708123 -0.693470  0.375000 0.750000
0  -0.000172 9.140455 2.076961  0.132906 0.708129 -0.693462  0.375000 0.625000
0  -0.000169 9.100128 2.044852  0.132899 0.708123 -0.693469  0.374733 0.625000
no_material
0  -0.000172 9.140455 2.076961  -0.132837 0.708135 -0.693469  0.375000 0.625000
0  1.652052 7.961645 0.565738  -0.132829 0.708127 -0.693479  0.375000 0.500000
0  1.605541 7.962359 0.566307  -0.132843 0.708137 -0.693466  0.373564 0.503519
no_material
0  1.652052 7.961645 0.565738  -0.137601 0.512351 -0.847681  0.375000 0.500000
0  0.000001 6.335350 -0.156452  -0.137600 0.512349 -0.847682  0.250000 0.625000
0  0.000001 6.373994 -0.125684  -0.137613 0.512339 -0.847686  0.253275 0.625000
no_material
0  0.000001 6.335350 -0.156452  0.137575 0.512314 -0.847707  0.250000 0.625000
0  -1.652049 7.961645 0.565739  0.137567 0.512322 -0.847704  0.375000 0.750000
0  -1.605539 7.962362 0.566309  0.137568 0.512320 -0.847704  0.373564 0.746481
no_material
0  -5.851633 -6.906143 36.698936  -0.272342 -0.954290 0.123130  0.625000 0.752778
0  -0.848932 -7.611043 42.381992  -0.272328 -0.954292 0.123141  0.625000 0.625000
0  -0.888886 -7.589224 42.381058  -0.272322 -0.954293 0.123148  0.625000 0.626268
no_material
0  -0.848932 -7.611043 42.381992  -0.244056 -0.947873 -0.204873  0.625000 0.625000
0  -5.892248 -7.356767 47.265244  -0.244051 -0.947872 -0.204886  0.625000 0.750000
0  -5.886497 -7.357378 47.208839  -0.244048 -0.947873 -0.204882  0.625000 0.749954
no_material
0  -5.892248 -7.356767 47.265244  -0.662021 -0.712252 -0.233294  0.625000 0.750000
0  -7.835344 -3.777382 41.808605  -0.662028 -0.712248 -0.233286  0.625000 0.865408
0  -7.799862 -3.796739 41.808983  -0.662026 -0.712243 -0.233306  0.625000 0.864074
no_material
0  -7.835344 -3.777382 41.808605  -0.688857 -0.705470 0.166697  0.625000 0.865408
0  -5.851633 -6.906143 36.698936  -0.688860 -0.705469 0.166688  0.625000 0.752778
0  -5.849457 -6.909898 36.756332  -0.688856 -0.705477 0.166674  0.625000 0.752811
no_material
0  -0.755718 -3.219611 54.330963  0.047054 0.114433 0.992316  0.753472 0.625000
0  2.032740 0.000000 53.833530  0.047073 0.114438 0.992314  0.625000 0.250000
0  1.987951 0.000000 53.830105  0.047068 0.114444 0.992314  0.626627 0.256032
no_material
0  2.032740 0.000000 53.833530  0.046735 -0.114474 0.992326  0.625000 0.250000
0  -0.755716 3.219613 54.330963  0.046689 -0.114484 0.992327  0.750000 0.625000
0  -0.757794 3.169322 54.330799  0.046695 -0.114490 0.992326  0.748357 0.624851
no_material
0  -0.755716 3.219613 54.330963  -0.188485 -0.105002 0.976446  0.750000 0.625000
0  -3.930771 0.000001 53.377022  -0.188473 -0.105007 0.976448  0.625000 1.000000
0  -3.882409 0.000001 53.380722  -0.188488 -0.105010 0.976445  0.626570 0.994303
no_material
0  -3.930771 0.000001 53.377022  -0.188945 0.104943 0.976364  0.625000 1.000000
0  -0.755718 -3.219611 54.330963  -0.188965 0.104933 0.976361  0.753472 0.625000
0  -0.757796 -3.169320 54.330799  -0.188970 0.104940 0.976360  0.751775 0.624851
no_material
0  5.772216 3.491129 30.751987  0.378710 0.416320 -0.826593  0.625000 0.353281
0  3.893814 -0.000002 28.161860  0.378727 0.416365 -0.826562  0.625000 0.230556
0  3.887220 0.033833 28.146851  0.378712 0.416338 -0.826583  0.625000 0.230863
no_material
0  3.893814 -0.000002 28.161860  0.229198 0.349873 -0.908327  0.625000 0.230556
0  -1.154171 0.787969 27.165104  0.229161 0.349874 -0.908336  0.625000 0.123785
0  -1.039816 0.813831 27.230299  0.229218 0.349867 -0.908324  0.625000 0.127353
no_material
0  -1.154171 0.787969 27.165104  0.247480 -0.864664 -0.437160  0.625000 0.123785
0  3.434967 2.112485 27.194523  0.247461 -0.864675 -0.437150  0.625000 0.250000
0  3.440121 2.081140 27.207813  0.247439 -0.864683 -0.437148  0.625000 0.249636
no_material
0  3.434967 2.112485 27.194523  0.714781 -0.668855 -0.204260  0.625000 0.250000
0  5.772216 3.491129 30.751987  0.714783 -0.668853 -0.204257  0.625000 0.353281
0  5.675798 3.434251 30.708185  0.714787 -0.668851 -0.204251  0.625000 0.349858
no_material
0  3.272303 -9.398192 50.438065  0.508644 -0.470039 0.721349  0.625000 0.505884
0  2.145688 -6.296894 53.248718  0.508643 -0.470035 0.721353  0.625000 0.500000
0  2.132182 -6.352013 53.226471  0.508646 -0.470037 0.721349  0.625036 0.501440
no_material
0  2.145688 -6.296894 53.248718  0.410358 -0.479139 0.775907  0.625000 0.500000
0  -0.108011 -8.598913 53.023201  0.410359 -0.479136 0.775909  0.628472 0.625000
0  -0.067275 -8.592044 53.001263  0.410359 -0.479137 0.775908  0.628401 0.623010
no_material
0  -0.108011 -8.598913 53.023201  0.440615 -0.358514 0.822998  0.628472 0.625000
0  1.539843 -10.294664 51.398827  0.440609 -0.358507 0.823005  0.625000 0.562500
0  1.552971 -10.259025 51.410431  0.440612 -0.358509 0.823002  0.625030 0.562111
no_material
0  1.539843 -10.294664 51.398827  0.586586 -0.342245 0.734020  0.625000 0.562500
0  3.272303 -9.398192 50.438065  0.586579 -0.342242 0.734027  0.625000 0.505884
0  3.231961 -9.384807 50.471066  0.586580 -0.342245 0.734025  0.625006 0.506821
no_material
0  2.043456 -13.623520 38.637386  0.681153 -0.706245 0.193000  0.625000 0.541667
0  3.424742 -10.976196 43.476147  0.681154 -0.706241 0.193012  0.625000 0.509549
0  3.393181 -10.999321 43.475609  0.681157 -0.706237 0.193015  0.625000 0.510294
no_material
0  3.424742 -10.976196 43.476147  0.721737 -0.691940 0.017748  0.625000 0.509549
0  2.155781 -12.210160 46.588634  0.721731 -0.691946 0.017767  0.625000 0.541667
0  2.158516 -12.218735 46.525505  0.721736 -0.691941 0.017758  0.625000 0.541952
no_material
0  2.155781 -12.210160 46.588634  0.470677 -0.880322 0.059134  0.625000 0.541667
0  -0.109941 -13.690444 42.672691  0.470667 -0.880328 0.059129  0.625000 0.625000
0  -0.078188 -13.667939 42.668690  0.470671 -0.880325 0.059129  0.625000 0.623688
no_material
0  -0.109941 -13.690444 42.672691  0.438750 -0.870928 0.221322  0.625000 0.625000
0  2.043456 -13.623520 38.637386  0.438753 -0.870929 0.221312  0.625000 0.541667
0  2.040094 -13.612909 38.715405  0.438748 -0.870928 0.221323  0.625000 0.542202
no_material
0  -7.835344 -3.777382 41.808605  -0.992530 0.001449 0.121990  0.625000 0.865408
0  -7.281698 0.000002 46.268108  -0.992530 0.001450 0.121990  0.625000 0.916667
0  -7.288123 0.000002 46.215355  -0.992530 0.001450 0.121990  0.625000 0.916146
no_material
0  -7.281698 0.000002 46.268108  -0.992521 -0.001420 0.122066  0.625000 0.916667
0  -7.835343 3.777386 41.808613  -0.992521 -0.001420 0.122066  0.625000 0.865408
0  -7.835580 3.734355 41.806671  -0.992521 -0.001420 0.122066  0.625000 0.865871
no_material
0  -7.835343 3.777386 41.808613  -0.992786 -0.001392 0.119890  0.625000 0.865408
0  -8.480742 0.000002 36.422405  -0.992786 -0.001392 0.119890  0.625000 0.922222
0  -8.473508 0.000002 36.481812  -0.992786 -0.001392 0.119890  0.625000 0.921655
no_material
0  -8.480742 0.000002 36.422405  -0.992785 0.001348 0.119900  0.625000 0.922222
0  -7.835344 -3.777382 41.808605  -0.992785 0.001348 0.119900  0.625000 0.865408
0  -7.835581 -3.734351 41.806667  -0.992785 0.001348 0.119900  0.625000 0.865871
no_material
0  4.050222 7.356768 47.497009  0.947738 0.250673 0.197371  0.625000 0.500000
0  4.217186 3.446110 51.658573  0.947738 0.250673 0.197371  0.625000 0.380208
0  4.227626 3.447553 51.609997  0.947738 0.250674 0.197370  0.625000 0.380559
no_material
0  4.217186 3.446110 51.658573  0.955754 0.218176 0.197318  0.625000 0.380208
0  5.766367 -0.000001 47.967693  0.955754 0.218177 0.197317  0.625000 0.333333
0  5.756903 0.042409 47.963055  0.955754 0.218176 0.197316  0.625000 0.334004
no_material
0  5.766367 -0.000001 47.967693  0.949687 0.220350 0.222575  0.625000 0.333333
0  6.176761 3.767143 42.484383  0.949687 0.220350 0.222576  0.625000 0.384592
0  6.163890 3.766910 42.542553  0.949687 0.220349 0.222576  0.625000 0.384921
no_material
0  6.176761 3.767143 42.484383  0.942765 0.249100 0.221683  0.625000 0.384592
0  4.050222 7.356768 47.497009  0.942766 0.249098 0.221682  0.625000 0.500000
0  4.061288 7.313561 47.495331  0.942765 0.249099 0.221683  0.625000 0.498737
no_material
0  2.155781 -12.210160 46.588634  0.873677 -0.452823 0.177876  0.625000 0.541667
0  3.424742 -10.976196 43.476147  0.873676 -0.452824 0.177881  0.625000 0.509549
0  3.421680 -10.966833 43.536167  0.873672 -0.452828 0.177889  0.625000 0.509791
no_material
0  3.424742 -10.976196 43.476147  0.937069 -0.318966 0.141995  0.625000 0.509549
0  4.050219 -7.356769 47.497005  0.937070 -0.318962 0.141999  0.625000 0.500000
0  4.033293 -7.397381 47.498714  0.937070 -0.318961 0.141999  0.625000 0.500172
no_material
0  4.050219 -7.356769 47.497005  0.951741 -0.304391 0.039193  0.625000 0.500000
0  3.272303 -9.398192 50.438065  0.951742 -0.304386 0.039185  0.625000 0.505884
0  3.277524 -9.401129 50.382278  0.951741 -0.304390 0.039191  0.625000 0.506057
no_material
0  3.272303 -9.398192 50.438065  0.895409 -0.440942 0.061751  0.625000 0.505884
0  2.155781 -12.210160 46.588634  0.895408 -0.440944 0.061743  0.625000 0.541667
0  2.171574 -12.172918 46.584705  0.895408 -0.440944 0.061747  0.625000 0.541133
no_material
0  -8.006349 3.723875 30.991261  -0.964767 0.248358 0.086852  0.625000 0.895844
0  -8.480742 0.000002 36.422405  -0.964767 0.248357 0.086853  0.625000 0.922222
0  -8.466020 0.038745 36.422001  -0.964767 0.248357 0.086854  0.625000 0.921622
no_material
0  -8.480742 0.000002 36.422405  -0.965669 0.252267 -0.062001  0.625000 0.922222
0  -7.835343 3.777386 41.808613  -0.965669 0.252270 -0.062000  0.625000 0.865408
0  -7.835979 3.777887 41.749298  -0.965669 0.252267 -0.062004  0.625000 0.865119
no_material
0  -7.835343 3.777386 41.808613  -0.886552 0.458097 -0.064595  0.625000 0.865408
0  -5.851631 6.906147 36.698936  -0.886552 0.458097 -0.064595  0.625000 0.752778
0  -5.866349 6.867459 36.698124  -0.886549 0.458102 -0.064604  0.625000 0.754072
no_material
0  -5.851631 6.906147 36.698936  -0.888602 0.450744 0.084948  0.625000 0.752778
0  -8.006349 3.723875 30.991261  -0.888614 0.450714 0.084981  0.625000 0.895844
0  -8.005722 3.723256 31.053186  -0.888617 0.450710 0.084973  0.625000 0.895259
no_material
0  -2.587531 -12.210160 46.588634  -0.350273 -0.830848 0.432435  0.625000 0.708333
0  -0.068389 -11.839314 49.347019  -0.350275 -0.830848 0.432434  0.625000 0.625000
0  -0.108860 -11.821431 49.343052  -0.350274 -0.830848 0.432435  0.625000 0.626425
no_material
0  -0.068389 -11.839314 49.347019  -0.369907 -0.860935 0.349228  0.625000 0.625000
0  -1.721816 -10.294664 51.398827  -0.369910 -0.860935 0.349225  0.625000 0.687500
0  -1.736113 -10.305566 51.362015  -0.369911 -0.860935 0.349223  0.625000 0.687638
no_material
0  -1.721816 -10.294664 51.398827  -0.472164 -0.807853 0.352753  0.625000 0.687500
0  -4.005452 -9.398190 50.403217  -0.472161 -0.807852 0.352759  0.625000 0.744117
0  -3.963864 -9.426031 50.387836  -0.472168 -0.807850 0.352755  0.625000 0.743085
no_material
0  -4.005452 -9.398190 50.403217  -0.424120 -0.796820 0.430349  0.625000 0.744117
0  -2.587531 -12.210160 46.588634  -0.424117 -0.796825 0.430344  0.625000 0.708333
0  -2.574493 -12.188032 46.647259  -0.424118 -0.796822 0.430347  0.625000 0.707786
no_material
0  -5.774226 -3.446109 50.732262  -0.865748 0.085693 0.493088  0.625000 0.869792
0  -3.930771 0.000001 53.377022  -0.865750 0.085693 0.493086  0.875000 0.750000
0  -3.950606 0.000001 53.334942  -0.865746 0.085700 0.493092  0.871765 0.751604
no_material
0  -3.930771 0.000001 53.377022  -0.865802 -0.085675 0.492998  0.875000 0.750000
0  -5.774224 3.446112 50.732258  -0.865804 -0.085677 0.492994  0.625000 0.869792
0  -5.776092 3.400423 50.728294  -0.865798 -0.085688 0.493002  0.626433 0.869332
no_material
0  -5.774224 3.446112 50.732258  -0.926891 -0.072565 0.368248  0.625000 0.869792
0  -7.281698 0.000002 46.268108  -0.926888 -0.072562 0.368258  0.625000 0.916667
0  -7.257105 0.000002 46.320282  -0.926891 -0.072566 0.368250  0.625201 0.916018
no_material
0  -7.281698 0.000002 46.268108  -0.926954 0.072507 0.368101  0.625000 0.916667
0  -5.774226 -3.446109 50.732262  -0.926953 0.072502 0.368106  0.625000 0.869792
0  -5.776093 -3.400419 50.728302  -0.926953 0.072502 0.368105  0.626433 0.869331
no_material
0  -0.068389 -11.839314 49.347019  -0.084724 -0.974608 0.207272  0.625000 0.625000
0  -2.587531 -12.210160 46.588634  -0.084718 -0.974608 0.207271  0.625000 0.708333
0  -2.545174 -12.211321 46.584457  -0.084720 -0.974608 0.207272  0.625000 0.706902
no_material
0  -2.587531 -12.210160 46.588634  -0.074700 -0.947246 0.311680  0.625000 0.708333
0  -0.109941 -13.690444 42.672691  -0.074708 -0.947242 0.311691  0.625000 0.625000
0  -0.111269 -13.671957 42.739346  -0.074704 -0.947244 0.311685  0.625000 0.624990
no_material
0  -0.109941 -13.690444 42.672691  0.077030 -0.946285 0.314023  0.625000 0.625000
0  2.155781 -12.210160 46.588634  0.077032 -0.946289 0.314011  0.625000 0.541667
0  2.114842 -12.211154 46.585056  0.077028 -0.946288 0.314017  0.625000 0.543164
no_material
0  2.155781 -12.210160 46.588634  0.088294 -0.975566 0.201183  0.625000 0.541667
0  -0.068389 -11.839314 49.347019  0.088335 -0.975559 0.201203  0.625000 0.625000
0  -0.070003 -11.853335 49.296463  0.088295 -0.975567 0.201179  0.625000 0.624970
no_material
0  -0.108011 -8.598913 53.023201  0.062020 -0.719911 0.691290  0.628472 0.625000
0  -1.721816 -10.294664 51.398827  0.062062 -0.719922 0.691274  0.625000 0.687500
0  -1.680707 -10.295077 51.398354  0.062026 -0.719905 0.691296  0.625032 0.685926
no_material
0  -1.721816 -10.294664 51.398827  0.060767 -0.774015 0.630245  0.625000 0.687500
0  -0.068389 -11.839314 49.347019  0.060764 -0.774020 0.630239  0.625000 0.625000
0  -0.068789 -11.797219 49.394772  0.060765 -0.774020 0.630239  0.625004 0.624994
no_material
0  -0.068389 -11.839314 49.347019  -0.060480 -0.774709 0.629419  0.625000 0.625000
0  1.539843 -10.294664 51.398827  -0.060478 -0.774706 0.629423  0.625000 0.562500
0  1.498781 -10.295381 51.398014  -0.060481 -0.774709 0.629419  0.625032 0.564075
no_material
0  1.539843 -10.294664 51.398827  -0.061962 -0.720543 0.690637  0.625000 0.562500
0  -0.108011 -8.598913 53.023201  -0.061967 -0.720544 0.690635  0.628472 0.625000
0  -0.107718 -8.638459 52.978336  -0.061964 -0.720547 0.690632  0.628388 0.625006
no_material
0  -2.967761 2.670925 22.371881  -0.879674 -0.315179 -0.356141  0.609833 0.000000
0  -5.383925 4.995878 26.318787  -0.879687 -0.315173 -0.356115  0.613603 0.875000
0  -5.370597 4.997338 26.248707  -0.879684 -0.315174 -0.356119  0.613206 0.867194
no_material
0  -5.383925 4.995878 26.318787  -0.847460 0.412239 -0.334470  0.613603 0.875000
0  -2.792674 7.306019 22.562904  -0.847457 0.412242 -0.334475  0.573222 0.750000
0  -2.793359 7.269487 22.557724  -0.847466 0.412237 -0.334459  0.573278 0.748369
no_material
0  -2.792674 7.306019 22.562904  -0.923773 0.380126 -0.046341  0.573222 0.750000
0  -3.159435 5.417595 14.664518  -0.923772 0.380133 -0.046309  0.488603 0.875000
0  -3.181473 5.412313 14.779715  -0.923774 0.380123 -0.046351  0.490180 0.867490
no_material
0  -3.159435 5.417595 14.664518  -0.949765 -0.301949 -0.082301  0.488603 0.875000
0  -2.967761 2.670925 22.371881  -0.949763 -0.301960 -0.082282  0.609833 0.000000
0  -2.965646 2.708085 22.369652  -0.949765 -0.301950 -0.082298  0.609309 0.010220
no_material
0  2.354673 -9.685941 39.160316  0.786179 0.583483 -0.203643  0.625000 0.541667
0  2.988006 -12.347859 33.937180  0.786179 0.583489 -0.203624  0.625000 0.510417
0  2.959911 -12.324430 33.936325  0.786205 0.583459 -0.203608  0.625000 0.511199
no_material
0  2.988006 -12.347859 33.937180  0.800633 0.598973 0.014754  0.625000 0.510417
0  2.042699 -10.985003 29.331585  0.800630 0.598978 0.014742  0.625000 0.541667
0  2.042341 -10.972306 29.409649  0.800632 0.598975 0.014751  0.625000 0.542069
no_material
0  2.042699 -10.985003 29.331585  0.453573 0.890456 -0.036858  0.625000 0.541667
0  -0.334848 -9.578773 33.824730  0.453567 0.890460 -0.036844  0.625000 0.625000
0  -0.305433 -9.602890 33.828217  0.453564 0.890462 -0.036843  0.625000 0.623815
no_material
0  -0.334848 -9.578773 33.824730  0.448645 0.868627 -0.210250  0.625000 0.625000
0  2.354673 -9.685941 39.160316  0.448644 0.868625 -0.210261  0.625000 0.541667
0  2.348118 -9.695028 39.068466  0.448635 0.868626 -0.210273  0.625000 0.542091
no_material
0  2.988006 -12.347859 33.937180  0.804188 -0.594374 -0.001347  0.625000 0.510417
0  2.043456 -13.623520 38.637386  0.804184 -0.594379 -0.001328  0.625000 0.541667
0  2.043820 -13.635697 38.554207  0.804187 -0.594375 -0.001340  0.625000 0.542089
no_material
0  2.043456 -13.623520 38.637386  0.517052 -0.854988 0.040662  0.625000 0.541667
0  -0.051647 -15.116948 34.049622  0.517053 -0.854988 0.040652  0.625000 0.625000
0  -0.023656 -15.091711 34.046841  0.517059 -0.854983 0.040669  0.625000 0.623658
no_material
0  -0.051647 -15.116948 34.049622  0.501870 -0.835335 0.224372  0.625000 0.625000
0  1.990829 -14.974102 29.979332  0.501881 -0.835330 0.224364  0.625000 0.541667
0  1.990409 -14.962996 30.055727  0.501879 -0.835332 0.224360  0.625000 0.542159
no_material
0  1.990829 -14.974102 29.979332  0.797998 -0.574531 0.181971  0.625000 0.541667
0  2.988006 -12.347859 33.937180  0.798001 -0.574520 0.181992  0.625000 0.510417
0  2.960027 -12.372861 33.941452  0.797999 -0.574527 0.181979  0.625000 0.511188
no_material
0  2.409385 -13.431578 27.014843  0.988617 0.150452 0.000144  0.625000 0.515239
0  2.042699 -10.985003 29.331585  0.988617 0.150453 0.000145  0.625000 0.541667
0  2.042546 -11.023652 29.342255  0.988616 0.150462 0.000154  0.625000 0.541292
no_material
0  2.042699 -10.985003 29.331585  0.979683 0.103639 -0.171701  0.625000 0.541667
0  2.988006 -12.347859 33.937180  0.979681 0.103639 -0.171709  0.625000 0.510417
0  2.981277 -12.360083 33.856544  0.979682 0.103638 -0.171703  0.625000 0.510973
no_material
0  2.988006 -12.347859 33.937180  0.975460 -0.178639 -0.128710  0.625000 0.510417
0  1.990829 -14.974102 29.979332  0.975458 -0.178641 -0.128721  0.625000 0.541667
0  1.991708 -14.934391 29.977448  0.975459 -0.178640 -0.128716  0.625000 0.541289
no_material
0  1.990829 -14.974102 29.979332  0.984182 -0.169038 0.053020  0.625000 0.541667
0  2.409385 -13.431578 27.014843  0.984183 -0.169038 0.053016  0.625000 0.515239
0  2.414019 -13.422418 27.070124  0.984181 -0.169044 0.053028  0.625000 0.515732
no_material
0  -2.792674 7.306019 22.562904  -0.204671 0.970620 -0.126515  0.573222 0.750000
0  -0.812003 8.235048 26.549377  -0.204672 0.970620 -0.126519  0.612840 0.625000
0  -0.805589 8.236304 26.485134  -0.204670 0.970621 -0.126513  0.612194 0.625103
no_material
0  -0.812003 8.235048 26.549377  0.238285 0.968375 -0.073963  0.612840 0.625000
0  2.215096 7.194310 22.574404  0.238289 0.968373 -0.073979  0.573222 0.500000
0  2.177409 7.195303 22.567289  0.238283 0.968375 -0.073964  0.573127 0.501784
no_material
0  2.215096 7.194310 22.574404  0.218268 0.971021 0.097349  0.573222 0.500000
0  -0.038725 8.473955 14.781071  0.218260 0.971025 0.097330  0.487840 0.625000
0  -0.041700 8.471583 14.893094  0.218261 0.971025 0.097331  0.489064 0.624981
no_material
0  -0.038725 8.473955 14.781071  -0.180629 0.979945 0.084145  0.487840 0.625000
0  -2.792674 7.306019 22.562904  -0.180628 0.979946 0.084140  0.573222 0.750000
0  -2.755663 7.305245 22.560625  -0.180629 0.979945 0.084148  0.573175 0.748029
no_material
0  -0.108011 -8.598913 53.023201  0.059794 -0.153622 0.986319  0.628472 0.625000
0  2.145688 -6.296894 53.248718  0.059827 -0.153643 0.986314  0.625000 0.500000
0  2.098891 -6.295564 53.248001  0.059827 -0.153652 0.986312  0.625853 0.502313
no_material
0  2.145688 -6.296894 53.248718  0.048030 -0.291795 0.955274  0.625000 0.500000
0  -0.755718 -3.219611 54.330963  0.048018 -0.291788 0.955277  0.753472 0.625000
0  -0.752088 -3.273493 54.317799  0.048021 -0.291790 0.955276  0.751399 0.625105
no_material
0  -0.755718 -3.219611 54.330963  -0.089768 -0.305239 0.948035  0.753472 0.625000
0  -2.973737 -6.296893 53.134590  -0.089811 -0.305209 0.948041  0.625000 0.750000
0  -2.927531 -6.290193 53.137268  -0.089774 -0.305246 0.948032  0.625954 0.747738
no_material
0  -2.973737 -6.296893 53.134590  -0.102155 -0.173111 0.979590  0.625000 0.750000
0  -0.108011 -8.598913 53.023201  -0.102153 -0.173116 0.979590  0.628472 0.625000
0  -0.110953 -8.554392 53.034081  -0.102156 -0.173113 0.979590  0.628626 0.624844
no_material
0  2.155787 12.210162 46.588642  0.077034 0.946293 0.313999  0.625000 0.541667
0  -0.109934 13.690443 42.672684  0.077036 0.946294 0.313995  0.625000 0.625000
0  -0.111262 13.671956 42.739338  0.077039 0.946292 0.313999  0.625000 0.624990
no_material
0  -0.109934 13.690443 42.672684  -0.074655 0.947236 0.311722  0.625000 0.625000
0  -2.587525 12.210160 46.588646  -0.074655 0.947239 0.311712  0.625000 0.708333
0  -2.545168 12.211321 46.584465  -0.074655 0.947236 0.311721  0.625000 0.706902
no_material
0  -2.587525 12.210160 46.588646  -0.084766 0.974606 0.207264  0.625000 0.708333
0  -0.068384 11.839315 49.347012  -0.084768 0.974606 0.207262  0.625000 0.625000
0  -0.069998 11.853337 49.296459  -0.084764 0.974606 0.207264  0.625000 0.624970
no_material
0  -0.068384 11.839315 49.347012  0.088281 0.975578 0.201131  0.625000 0.625000
0  2.155787 12.210162 46.588642  0.088275 0.975578 0.201134  0.625000 0.541667
0  2.114848 12.211155 46.585064  0.088276 0.975578 0.201133  0.625000 0.543164
no_material
0  -1.721816 -10.294664 51.398827  -0.394619 -0.410517 0.822041  0.625000 0.687500
0  -0.108011 -8.598913 53.023201  -0.394612 -0.410519 0.822043  0.628472 0.625000
0  -0.152168 -8.595650 53.000980  -0.394615 -0.410516 0.822044  0.628404 0.626835
no_material
0  -0.108011 -8.598913 53.023201  -0.372879 -0.503082 0.779661  0.628472 0.625000
0  -2.973737 -6.296893 53.134590  -0.372883 -0.503075 0.779663  0.625000 0.750000
0  -2.956253 -6.347154 53.113724  -0.372880 -0.503078 0.779662  0.625030 0.748784
no_material
0  -2.973737 -6.296893 53.134590  -0.440383 -0.506881 0.741037  0.625000 0.750000
0  -4.005452 -9.398190 50.403217  -0.440382 -0.506872 0.741043  0.625000 0.744117
0  -3.964752 -9.382366 50.435108  -0.440381 -0.506877 0.741040  0.625005 0.743348
no_material
0  -4.005452 -9.398190 50.403217  -0.496797 -0.418619 0.760231  0.625000 0.744117
0  -1.721816 -10.294664 51.398827  -0.496795 -0.418614 0.760235  0.625000 0.687500
0  -1.736399 -10.260426 51.411575  -0.496799 -0.418613 0.760233  0.625031 0.687711
no_material
0  -0.002127 -15.851686 27.528563  0.158104 -0.962919 0.218608  0.625000 0.625000
0  1.990829 -14.974102 29.979332  0.158105 -0.962917 0.218618  0.625000 0.541667
0  1.950463 -14.973655 29.983301  0.158105 -0.962917 0.218616  0.625000 0.543335
no_material
0  1.990829 -14.974102 29.979332  0.139488 -0.989645 0.033845  0.625000 0.541667
0  -0.051647 -15.116948 34.049622  0.139492 -0.989645 0.033833  0.625000 0.625000
0  -0.051310 -15.125490 33.973812  0.139494 -0.989645 0.033831  0.625000 0.625004
no_material
0  -0.051647 -15.116948 34.049622  -0.139169 -0.989746 0.032168  0.625000 0.625000
0  -2.049628 -14.974102 29.979332  -0.139175 -0.989746 0.032146  0.625000 0.708333
0  -2.009253 -14.973604 29.983747  -0.139172 -0.989746 0.032154  0.625000 0.706671
no_material
0  -2.049628 -14.974102 29.979332  -0.157763 -0.963650 0.215614  0.625000 0.708333
0  -0.002127 -15.851686 27.528563  -0.157760 -0.963650 0.215616  0.625000 0.625000
0  -0.002488 -15.845545 27.583071  -0.157756 -0.963652 0.215610  0.625000 0.624991
no_material
0  1.281618 -12.350987 25.684511  0.603627 0.750870 -0.268009  0.625000 0.562500
0  -0.013455 -11.011467 26.501131  0.603639 0.750857 -0.268017  0.625000 0.625000
0  0.021813 -11.040452 26.518845  0.603632 0.750864 -0.268014  0.625000 0.623170
no_material
0  -0.013455 -11.011467 26.501131  0.613224 0.646838 -0.453385  0.625000 0.625000
0  2.042699 -10.985003 29.331585  0.613224 0.646841 -0.453379  0.625000 0.541667
0  2.029849 -11.008407 29.269451  0.613228 0.646839 -0.453376  0.625000 0.542277
no_material
0  2.042699 -10.985003 29.331585  0.738815 0.517438 -0.431753  0.625000 0.541667
0  2.409385 -13.431578 27.014843  0.738811 0.517447 -0.431749  0.625000 0.515239
0  2.379354 -13.394747 27.019678  0.738815 0.517440 -0.431749  0.625000 0.516374
no_material
0  2.409385 -13.431578 27.014843  0.803182 0.548986 -0.231330  0.625000 0.515239
0  1.281618 -12.350987 25.684511  0.803187 0.548985 -0.231312  0.625000 0.562500
0  1.288465 -12.336576 25.720800  0.803177 0.548994 -0.231327  0.625000 0.562646
no_material
0  0.000003 -13.763383 25.425703  -0.099441 -0.642232 -0.760032  0.625000 0.625000
0  1.281617 -14.935954 26.254501  -0.099432 -0.642242 -0.760026  0.625000 0.562500
0  1.236377 -14.936660 26.255211  -0.099438 -0.642235 -0.760031  0.625000 0.564705
no_material
0  1.281617 -14.935954 26.254501  -0.095792 -0.761843 -0.640639  0.625000 0.562500
0  -0.002127 -15.851686 27.528563  -0.095786 -0.761837 -0.640648  0.625000 0.625000
0  -0.002084 -15.813882 27.490494  -0.095795 -0.761843 -0.640639  0.625000 0.625001
no_material
0  -0.002127 -15.851686 27.528563  0.095775 -0.762016 -0.640437  0.625000 0.625000
0  -1.281611 -14.935954 26.254501  0.095772 -0.762008 -0.640446  0.625000 0.687500
0  -1.236403 -14.936686 26.255238  0.095770 -0.762009 -0.640445  0.625000 0.685294
no_material
0  -1.281611 -14.935954 26.254501  0.099524 -0.642345 -0.759926  0.625000 0.687500
0  0.000003 -13.763383 25.425703  0.099529 -0.642347 -0.759924  0.625000 0.625000
0  0.000003 -13.799268 25.461840  0.099526 -0.642350 -0.759922  0.625000 0.625000
no_material
0  -1.281611 -14.935954 26.254501  -0.589503 -0.807610 0.015890  0.625000 0.687500
0  -0.002127 -15.851686 27.528563  -0.589506 -0.807608 0.015885  0.625000 0.625000
0  -0.037803 -15.818695 27.533764  -0.589495 -0.807615 0.015897  0.625000 0.626878
no_material
0  -0.002127 -15.851686 27.528563  -0.591246 -0.776416 -0.218189  0.625000 0.625000
0  -2.049628 -14.974102 29.979332  -0.591253 -0.776412 -0.218187  0.625000 0.708333
0  -2.036491 -14.973372 29.915241  -0.591255 -0.776411 -0.218181  0.625000 0.707690
no_material
0  -2.049628 -14.974102 29.979332  -0.726530 -0.642310 -0.244117  0.625000 0.708333
0  -2.424967 -13.431578 27.014845  -0.726530 -0.642311 -0.244113  0.625000 0.734761
0  -2.393867 -13.465217 27.033863  -0.726529 -0.642309 -0.244120  0.625000 0.733615
no_material
0  -2.424967 -13.431578 27.014845  -0.804478 -0.593301 -0.028446  0.625000 0.734761
0  -1.281611 -14.935954 26.254501  -0.804488 -0.593288 -0.028437  0.625000 0.687500
0  -1.289897 -14.935997 26.292910  -0.804481 -0.593297 -0.028442  0.625000 0.687376
no_material
0  -2.049628 -14.974102 29.979332  -0.481877 -0.851086 0.208440  0.625000 0.708333
0  -0.051647 -15.116948 34.049622  -0.481877 -0.851084 0.208448  0.625000 0.625000
0  -0.080959 -15.092802 34.046375  -0.481886 -0.851083 0.208431  0.625000 0.626301
no_material
0  -0.051647 -15.116948 34.049622  -0.494499 -0.868613 0.031356  0.625000 0.625000
0  -2.370434 -13.623519 38.637386  -0.494503 -0.868610 0.031363  0.625000 0.708333
0  -2.368747 -13.634940 38.557281  -0.494506 -0.868608 0.031369  0.625000 0.707938
no_material
0  -2.370434 -13.623519 38.637386  -0.765198 -0.643669 -0.012731  0.625000 0.708333
0  -3.374502 -12.347861 33.937176  -0.765202 -0.643664 -0.012740  0.625000 0.739583
0  -3.345205 -12.371787 33.942074  -0.765200 -0.643666 -0.012744  0.625000 0.738852
no_material
0  -3.374502 -12.347861 33.937176  -0.762220 -0.626636 0.162321  0.625000 0.739583
0  -2.049628 -14.974102 29.979332  -0.762218 -0.626642 0.162309  0.625000 0.708333
0  -2.051254 -14.963583 30.052614  -0.762218 -0.626640 0.162313  0.625000 0.707852
no_material
0  2.215096 7.194310 22.574404  0.923916 0.325461 -0.201131  0.573222 0.500000
0  3.893406 4.703574 26.302645  0.923908 0.325470 -0.201153  0.612840 0.375000
0  3.888221 4.707385 26.234848  0.923915 0.325462 -0.201138  0.612150 0.374974
no_material
0  3.893406 4.703574 26.302645  0.935309 -0.261409 -0.238458  0.612840 0.375000
0  2.332609 2.633687 22.406370  0.935325 -0.261353 -0.238457  0.573222 0.250000
0  2.331379 2.670835 22.404106  0.935324 -0.261353 -0.238459  0.573160 0.252030
no_material
0  2.332609 2.633687 22.406370  0.969382 -0.245547 -0.002451  0.573222 0.250000
0  3.004303 5.404793 14.695745  0.969381 -0.245548 -0.002450  0.487840 0.375000
0  3.013502 5.397943 14.815997  0.969382 -0.245544 -0.002463  0.489174 0.375013
no_material
0  3.004303 5.404793 14.695745  0.955455 0.293575 0.030332  0.487840 0.375000
0  2.215096 7.194310 22.574404  0.955454 0.293576 0.030335  0.573222 0.500000
0  2.215649 7.157674 22.567831  0.955455 0.293575 0.030331  0.573144 0.497980
no_material
0  1.652051 4.659835 0.442753  0.804387 -0.592763 -0.039920  0.125000 0.500000
0  2.898608 6.240163 1.970377  0.804387 -0.592763 -0.039921  0.375000 0.375000
0  2.869375 6.208191 1.980868  0.804392 -0.592757 -0.039915  0.372444 0.374963
no_material
0  2.898608 6.240163 1.970377  0.760671 -0.611674 -0.217335  0.375000 0.375000
0  2.177027 3.750638 6.473862  0.760671 -0.611672 -0.217341  0.375000 0.250000
0  2.169641 3.763298 6.389557  0.760672 -0.611670 -0.217343  0.374844 0.250140
no_material
0  2.177027 3.750638 6.473862  0.618326 -0.752582 -0.226479  0.375000 0.250000
0  -0.004001 3.339871 1.862360  0.618327 -0.752582 -0.226475  0.375000 0.125000
0  0.027099 3.368011 1.875823  0.618324 -0.752583 -0.226483  0.372495 0.130102
no_material
0  -0.004001 3.339871 1.862360  0.593106 -0.803460 -0.051755  0.375000 0.125000
0  1.652051 4.659835 0.442753  0.593100 -0.803464 -0.051749  0.125000 0.500000
0  1.656060 4.654111 0.483697  0.593100 -0.803464 -0.051749  0.130756 0.494267
no_material
0  -3.472556 -9.685941 39.160316  -0.458353 0.851646 -0.254189  0.625000 0.708333
0  -0.334848 -9.578773 33.824730  -0.458326 0.851651 -0.254221  0.625000 0.625000
0  -0.362935 -9.604193 33.826439  -0.458338 0.851650 -0.254200  0.625000 0.626223
no_material
0  -0.334848 -9.578773 33.824730  -0.469388 0.879807 -0.074936  0.625000 0.625000
0  -2.233315 -10.985003 29.331585  -0.469384 0.879808 -0.074937  0.625000 0.708333
0  -2.239650 -10.970989 29.411537  -0.469389 0.879805 -0.074941  0.625000 0.707887
no_material
0  -2.233315 -10.985003 29.331585  -0.841612 0.538003 -0.047345  0.625000 0.708333
0  -3.374502 -12.347861 33.937176  -0.841611 0.538006 -0.047343  0.625000 0.739583
0  -3.347985 -12.323153 33.938416  -0.841606 0.538011 -0.047372  0.625000 0.738752
no_material
0  -3.374502 -12.347861 33.937176  -0.813783 0.510725 -0.277339  0.625000 0.739583
0  -3.472556 -9.685941 39.160316  -0.813783 0.510709 -0.277369  0.625000 0.708333
0  -3.457025 -9.695781 39.063091  -0.813783 0.510725 -0.277340  0.625000 0.707909
no_material
0  4.215578 6.801887 36.685535  0.123942 0.977339 0.171600  0.625000 0.497222
0  -1.036824 8.285545 31.999702  0.123934 0.977341 0.171598  0.625000 0.625000
0  -1.035729 8.282486 32.046749  0.123929 0.977342 0.171593  0.625000 0.625023
no_material
0  -1.036824 8.285545 31.999702  -0.106409 0.978041 0.179201  0.625000 0.625000
0  -5.851631 6.906147 36.698936  -0.106404 0.978042 0.179199  0.625000 0.752778
0  -5.804618 6.905564 36.700363  -0.106418 0.978038 0.179210  0.625000 0.751557
no_material
0  -5.851631 6.906147 36.698936  -0.097809 0.994473 -0.038161  0.625000 0.752778
0  -0.848929 7.611043 42.381992  -0.097821 0.994472 -0.038170  0.625000 0.625000
0  -0.848728 7.614357 42.330799  -0.097824 0.994471 -0.038175  0.625000 0.625000
no_material
0  -0.848929 7.611043 42.381992  0.115422 0.992539 -0.039291  0.625000 0.625000
0  4.215578 6.801887 36.685535  0.115408 0.992541 -0.039278  0.625000 0.497222
0  4.167349 6.802231 36.687996  0.115413 0.992541 -0.039282  0.625000 0.498419
no_material
0  -0.013455 -11.011467 26.501131  -0.130993 0.985227 -0.110311  0.625000 0.625000
0  -2.233315 -10.985003 29.331585  -0.130986 0.985227 -0.110319  0.625000 0.708333
0  -2.194105 -10.983912 29.337164  -0.130992 0.985227 -0.110311  0.625000 0.706777
no_material
0  -2.233315 -10.985003 29.331585  -0.115036 0.960572 -0.253116  0.625000 0.708333
0  -0.334848 -9.578773 33.824730  -0.115044 0.960568 -0.253128  0.625000 0.625000
0  -0.331359 -9.594585 33.743896  -0.115038 0.960572 -0.253118  0.625000 0.625027
no_material
0  -0.334848 -9.578773 33.824730  0.113988 0.963483 -0.242296  0.625000 0.625000
0  2.042699 -10.985003 29.331585  0.113986 0.963482 -0.242299  0.625000 0.541667
0  2.002647 -10.984363 29.334860  0.113986 0.963484 -0.242291  0.625000 0.543204
no_material
0  2.042699 -10.985003 29.331585  0.129662 0.986329 -0.101696  0.625000 0.541667
0  -0.013455 -11.011467 26.501131  0.129658 0.986329 -0.101701  0.625000 0.625000
0  -0.014493 -11.000689 26.556227  0.129660 0.986329 -0.101698  0.625000 0.624973
no_material
0  -2.370434 -13.623519 38.637386  -0.159097 -0.959316 0.233241  0.625000 0.708333
0  -0.051647 -15.116948 34.049622  -0.159111 -0.959309 0.233261  0.625000 0.625000
0  -0.053220 -15.103654 34.129982  -0.159099 -0.959314 0.233246  0.625000 0.624990
no_material
0  -0.051647 -15.116948 34.049622  0.161194 -0.957437 0.239437  0.625000 0.625000
0  2.043456 -13.623520 38.637386  0.161189 -0.957440 0.239431  0.625000 0.541667
0  2.005411 -13.623779 38.635826  0.161193 -0.957438 0.239437  0.625000 0.543136
no_material
0  2.043456 -13.623520 38.637386  0.167256 -0.983325 0.071402  0.625000 0.541667
0  -0.109941 -13.690444 42.672691  0.167253 -0.983325 0.071406  0.625000 0.625000
0  -0.110666 -13.701933 42.603245  0.167245 -0.983325 0.071421  0.625000 0.624995
no_material
0  -0.109941 -13.690444 42.672691  -0.164632 -0.983549 0.074350  0.625000 0.625000
0  -2.370434 -13.623519 38.637386  -0.164625 -0.983549 0.074366  0.625000 0.708333
0  -2.331799 -13.623724 38.636143  -0.164632 -0.983548 0.074355  0.625000 0.706907
no_material
0  -2.424967 -13.431578 27.014845  -0.976484 -0.215146 0.013795  0.625000 0.734761
0  -2.049628 -14.974102 29.979332  -0.976483 -0.215151 0.013802  0.625000 0.708333
0  -2.052043 -14.934340 29.977482  -0.976483 -0.215153 0.013806  0.625000 0.708709
no_material
0  -2.049628 -14.974102 29.979332  -0.958958 -0.223832 -0.174065  0.625000 0.708333
0  -3.374502 -12.347861 33.937176  -0.958958 -0.223833 -0.174065  0.625000 0.739583
0  -3.363402 -12.360396 33.856182  -0.958958 -0.223831 -0.174064  0.625000 0.739028
no_material
0  -3.374502 -12.347861 33.937176  -0.972614 0.070307 -0.221537  0.625000 0.739583
0  -2.233315 -10.985003 29.331585  -0.972609 0.070315 -0.221558  0.625000 0.708333
0  -2.232136 -11.023435 29.342491  -0.972610 0.070312 -0.221554  0.625000 0.708708
no_material
0  -2.233315 -10.985003 29.331585  -0.991952 0.119598 -0.041558  0.625000 0.708333
0  -2.424967 -13.431578 27.014845  -0.991953 0.119589 -0.041566  0.625000 0.734761
0  -2.432480 -13.422902 27.069567  -0.991952 0.119597 -0.041558  0.625000 0.734268
no_material
0  -6.253207 0.000001 28.351671  -0.103716 -0.575377 -0.811285  0.625000 1.000000
0  -1.154171 0.787969 27.165104  -0.103766 -0.575390 -0.811270  0.625000 0.123785
0  -1.154219 0.753362 27.165104  -0.103781 -0.575392 -0.811267  0.624996 0.129370
no_material
0  -1.154171 0.787969 27.165104  0.074931 -0.575484 -0.814373  0.625000 0.123785
0  3.893814 -0.000002 28.161860  0.074930 -0.575481 -0.814375  0.625000 0.230556
0  3.672963 -0.000002 28.165991  0.074923 -0.575481 -0.814376  0.624994 0.226003
no_material
0  3.893814 -0.000002 28.161860  0.074897 0.575493 -0.814370  0.625000 0.230556
0  -1.154172 -0.787967 27.165108  0.074943 0.575506 -0.814356  0.624737 0.123741
0  -1.154219 -0.753361 27.165108  0.074872 0.575496 -0.814370  0.624744 0.129329
no_material
0  -1.154172 -0.787967 27.165108  -0.103760 0.575403 -0.811261  0.624737 0.123741
0  -6.253207 0.000001 28.351671  -0.103726 0.575402 -0.811266  0.625000 1.000000
0  -6.028417 0.000001 28.347464  -0.103732 0.575401 -0.811266  0.624994 0.961659
no_material
0  0.000003 -13.763383 25.425703  0.109581 0.271284 -0.956241  0.625000 0.625000
0  -1.281610 -12.350987 25.684511  0.109588 0.271292 -0.956238  0.625000 0.687500
0  -1.236431 -12.349925 25.684925  0.109579 0.271291 -0.956239  0.625000 0.685288
no_material
0  -1.281610 -12.350987 25.684511  0.105526 0.445628 -0.888977  0.625000 0.687500
0  -0.013455 -11.011467 26.501131  0.105540 0.445634 -0.888973  0.625000 0.625000
0  -0.013178 -11.061353 26.481636  0.105534 0.445629 -0.888975  0.625000 0.625008
no_material
0  -0.013455 -11.011467 26.501131  -0.105052 0.444419 -0.889638  0.625000 0.625000
0  1.281618 -12.350987 25.684511  -0.105039 0.444409 -0.889645  0.625000 0.562500
0  1.236230 -12.350138 25.684841  -0.105049 0.444416 -0.889640  0.625000 0.564705
no_material
0  1.281618 -12.350987 25.684511  -0.109133 0.270894 -0.956403  0.625000 0.562500
0  0.000003 -13.763383 25.425703  -0.109130 0.270904 -0.956400  0.625000 0.625000
0  0.000003 -13.716035 25.444206  -0.109141 0.270894 -0.956402  0.625000 0.624998
no_material
0  4.215573 -6.801886 36.685535  0.914613 -0.404048 0.015092  0.625000 0.497222
0  5.772214 -3.491132 30.751987  0.914616 -0.404042 0.015083  0.624772 0.352719
0  5.774814 -3.491547 30.816498  0.914614 -0.404046 0.015090  0.624775 0.353326
no_material
0  5.772214 -3.491132 30.751987  0.972510 -0.232262 0.016712  0.624772 0.352719
0  6.513445 -0.000001 36.362839  0.972510 -0.232261 0.016710  0.625000 0.327778
0  6.500546 -0.038025 36.363377  0.972510 -0.232262 0.016712  0.624999 0.328382
no_material
0  6.513445 -0.000001 36.362839  0.967123 -0.236684 -0.093027  0.625000 0.327778
0  6.176759 -3.767144 42.484383  0.967123 -0.236679 -0.093036  0.625000 0.384592
0  6.174198 -3.766372 42.417908  0.967123 -0.236683 -0.093029  0.625000 0.384888
no_material
0  6.176759 -3.767144 42.484383  0.908780 -0.406217 -0.095428  0.625000 0.384592
0  4.215573 -6.801886 36.685535  0.908780 -0.406216 -0.095430  0.625000 0.497222
0  4.228459 -6.763996 36.685738  0.908781 -0.406215 -0.095427  0.624999 0.495942
no_material
0  -7.281698 0.000002 46.268108  -0.961762 -0.138120 0.236509  0.625000 0.916667
0  -7.835344 -3.777382 41.808605  -0.961762 -0.138121 0.236509  0.625000 0.865408
0  -7.822689 -3.773311 41.864746  -0.961762 -0.138120 0.236510  0.625000 0.865154
no_material
0  -7.835344 -3.777382 41.808605  -0.958376 -0.160208 0.236324  0.625000 0.865408
0  -5.892248 -7.356767 47.265244  -0.958376 -0.160208 0.236324  0.625000 0.750000
0  -5.900360 -7.312586 47.260239  -0.958375 -0.160208 0.236325  0.625000 0.751298
no_material
0  -5.892248 -7.356767 47.265244  -0.961994 -0.164398 0.218040  0.625000 0.750000
0  -5.774226 -3.446109 50.732262  -0.961993 -0.164397 0.218041  0.625000 0.869792
0  -5.784888 -3.451680 50.683548  -0.961994 -0.164399 0.218040  0.625000 0.869344
no_material
0  -5.774226 -3.446109 50.732262  -0.965888 -0.140320 0.217647  0.625000 0.869792
0  -7.281698 0.000002 46.268108  -0.965888 -0.140321 0.217648  0.625000 0.916667
0  -7.274946 -0.043156 46.268051  -0.965888 -0.140320 0.217647  0.625000 0.915988
no_material
0  2.332609 2.633687 22.406370  0.169041 -0.972113 -0.162548  0.573222 0.250000
0  -0.676892 1.516130 25.996334  0.169047 -0.972110 -0.162560  0.613603 0.125000
0  -0.673036 1.520385 25.937866  0.169040 -0.972112 -0.162552  0.613231 0.132337
no_material
0  -0.676892 1.516130 25.996334  -0.186235 -0.963744 -0.191084  0.613603 0.125000
0  -2.967761 2.670925 22.371881  -0.186244 -0.963741 -0.191093  0.609833 1.000000
0  -2.929897 2.670959 22.368031  -0.186244 -0.963741 -0.191095  0.609352 0.989877
no_material
0  -2.967761 2.670925 22.371881  -0.162960 -0.986468 -0.018026  0.609833 1.000000
0  -0.116407 2.348433 14.579193  -0.162966 -0.986467 -0.018014  0.488603 0.125000
0  -0.119011 2.340716 14.684817  -0.162967 -0.986467 -0.018010  0.489998 0.131586
no_material
0  -0.116407 2.348433 14.579193  0.146452 -0.989177 -0.008969  0.488603 0.125000
0  2.332609 2.633687 22.406370  0.146450 -0.989177 -0.008976  0.573222 0.250000
0  2.294447 2.634476 22.399012  0.146453 -0.989177 -0.008969  0.573243 0.250915
no_material
0  6.176761 3.767143 42.484383  0.967097 0.236768 -0.093077  0.625000 0.384592
0  6.513445 -0.000001 36.362839  0.967097 0.236774 -0.093070  0.625000 0.327778
0  6.500546 0.038023 36.363377  0.967098 0.236766 -0.093078  0.625000 0.328384
no_material
0  6.513445 -0.000001 36.362839  0.972511 0.232255 0.016724  0.625000 0.327778
0  5.772216 3.491129 30.751987  0.972511 0.232254 0.016723  0.625000 0.353281
0  5.774815 3.491543 30.816498  0.972510 0.232260 0.016716  0.625000 0.353882
no_material
0  5.772216 3.491129 30.751987  0.914655 0.403952 0.015108  0.625000 0.353281
0  4.215578 6.801887 36.685535  0.914654 0.403956 0.015120  0.625000 0.497222
0  4.228463 6.763997 36.685738  0.914655 0.403954 0.015113  0.625000 0.495944
no_material
0  4.215578 6.801887 36.685535  0.908771 0.406251 -0.095369  0.625000 0.497222
0  6.176761 3.767143 42.484383  0.908772 0.406249 -0.095370  0.625000 0.384592
0  6.174200 3.766371 42.417908  0.908770 0.406251 -0.095374  0.625000 0.384889
no_material
0  4.050219 -7.356769 47.497005  0.591036 -0.202755 -0.780748  0.625000 0.500000
0  -0.904329 -8.287641 44.020512  0.591080 -0.202746 -0.780716  0.625000 0.625000
0  -0.903692 -8.272731 43.984394  0.591028 -0.202771 -0.780749  0.625000 0.625069
no_material
0  -0.904329 -8.287641 44.020512  -0.563657 -0.194333 -0.802823  0.625000 0.625000
0  -5.892248 -7.356767 47.265244  -0.563675 -0.194327 -0.802812  0.625000 0.750000
0  -5.649370 -7.290695 47.110775  -0.563679 -0.194327 -0.802810  0.625000 0.743922
no_material
0  -5.892248 -7.356767 47.265244  0.361559 -0.830740 0.423256  0.625000 0.750000
0  -0.848932 -7.611043 42.381992  0.361625 -0.830706 0.423268  0.625000 0.625000
0  -0.849723 -7.628682 42.424721  0.361575 -0.830710 0.423302  0.625000 0.625002
no_material
0  -0.848932 -7.611043 42.381992  -0.370966 -0.836574 0.403147  0.625000 0.625000
0  4.050219 -7.356769 47.497005  -0.370954 -0.836572 0.403163  0.625000 0.500000
0  3.814705 -7.292031 47.334614  -0.370945 -0.836572 0.403171  0.625000 0.505950
no_material
0  -0.755718 -3.219611 54.330963  0.369780 0.023798 0.928814  0.753472 0.625000
0  2.145688 -6.296894 53.248718  0.369736 0.023757 0.928833  0.625000 0.500000
0  2.146330 -6.247715 53.252472  0.369736 0.023756 0.928833  0.626166 0.499917
no_material
0  2.145688 -6.296894 53.248718  0.574246 0.040679 0.817672  0.625000 0.500000
0  4.217184 -3.446111 51.658581  0.574237 0.040689 0.817677  0.625000 0.380208
0  4.177061 -3.445169 51.680069  0.574243 0.040681 0.817673  0.626700 0.382192
no_material
0  4.217184 -3.446111 51.658581  0.555491 -0.163822 0.815225  0.625000 0.380208
0  2.032740 0.000000 53.833530  0.555485 -0.163812 0.815231  0.875000 0.500000
0  2.031174 -0.053298 53.829926  0.555495 -0.163827 0.815221  0.872217 0.500117
no_material
0  2.032740 0.000000 53.833530  0.362180 -0.173909 0.915741  0.875000 0.500000
0  -0.755718 -3.219611 54.330963  0.362185 -0.173917 0.915737  0.753472 0.625000
0  -0.714857 -3.217259 54.309353  0.362177 -0.173918 0.915741  0.753267 0.622992
no_material
0  -1.652050 4.659836 0.442754  -0.592296 -0.803754 -0.056254  0.125000 0.750000
0  -0.004001 3.339871 1.862360  -0.592299 -0.803752 -0.056257  0.375000 0.125000
0  -0.035230 3.368087 1.875703  -0.592295 -0.803755 -0.056253  0.372484 0.138144
no_material
0  -0.004001 3.339871 1.862360  -0.616995 -0.751696 -0.232962  0.375000 0.125000
0  -2.232703 3.750638 6.461334  -0.616987 -0.751697 -0.232976  0.375000 1.000000
0  -2.224540 3.763320 6.377124  -0.616994 -0.751696 -0.232963  0.374843 0.991121
no_material
0  -2.232703 3.750638 6.461334  -0.760637 -0.608903 -0.225099  0.375000 1.000000
0  -2.902782 6.240165 1.968944  -0.760636 -0.608906 -0.225093  0.375000 0.875000
0  -2.873723 6.208184 1.979575  -0.760636 -0.608905 -0.225094  0.372448 0.872562
no_material
0  -2.902782 6.240165 1.968944  -0.805798 -0.590421 -0.045743  0.375000 0.875000
0  -1.652050 4.659836 0.442754  -0.805804 -0.590414 -0.045735  0.125000 0.750000
0  -1.656290 4.653961 0.483629  -0.805801 -0.590418 -0.045739  0.130763 0.745240
no_material
0  2.043456 -13.623520 38.637386  0.937657 -0.332776 0.100301  0.625000 0.541667
0  2.988006 -12.347859 33.937180  0.937659 -0.332774 0.100284  0.625000 0.510417
0  2.991912 -12.339428 34.030617  0.937658 -0.332775 0.100289  0.625000 0.510990
no_material
0  2.988006 -12.347859 33.937180  0.985059 0.168587 0.035187  0.625000 0.510417
0  2.354673 -9.685941 39.160316  0.985062 0.168571 0.035158  0.625000 0.541667
0  2.352092 -9.722326 39.163883  0.985062 0.168575 0.035157  0.625000 0.541327
no_material
0  2.354673 -9.685941 39.160316  0.963150 0.198029 -0.182005  0.625000 0.541667
0  3.424742 -10.976196 43.476147  0.963147 0.198036 -0.182014  0.625000 0.509549
0  3.420837 -10.986745 43.387207  0.963150 0.198033 -0.182006  0.625000 0.510147
no_material
0  3.424742 -10.976196 43.476147  0.944811 -0.311669 -0.100969  0.625000 0.509549
0  2.043456 -13.623520 38.637386  0.944810 -0.311670 -0.100976  0.625000 0.541667
0  2.046037 -13.586793 38.633095  0.944811 -0.311668 -0.100970  0.625000 0.541340
no_material
0  1.652052 7.961645 0.565738  0.599098 0.799946 0.034176  0.375000 0.500000
0  -0.000172 9.140455 2.076961  0.599101 0.799944 0.034172  0.375000 0.625000
0  0.031075 9.110621 2.087554  0.599091 0.799951 0.034182  0.375000 0.622402
no_material
0  -0.000172 9.140455 2.076961  0.626253 0.767347 -0.137789  0.375000 0.625000
0  2.188164 8.164876 6.625622  0.626249 0.767350 -0.137791  0.375000 0.500000
0  2.180727 8.161997 6.541065  0.626256 0.767346 -0.137781  0.375000 0.499988
no_material
0  2.188164 8.164876 6.625622  0.762357 0.630607 -0.145416  0.375000 0.500000
0  2.898608 6.240163 1.970377  0.762353 0.630616 -0.145398  0.375000 0.375000
0  2.869624 6.270654 1.983706  0.762356 0.630610 -0.145410  0.375000 0.377600
no_material
0  2.898608 6.240163 1.970377  0.801654 0.597307 0.023977  0.375000 0.375000
0  1.652052 7.961645 0.565738  0.801655 0.597306 0.023976  0.375000 0.500000
0  1.655415 7.963340 0.607204  0.801658 0.597301 0.023981  0.375000 0.500017
no_material
0  -2.967761 2.670925 22.371881  -0.410101 -0.911648 -0.026747  0.609833 0.000000
0  -0.676892 1.516130 25.996334  -0.410065 -0.911665 -0.026710  0.613603 0.125000
0  -0.716290 1.552180 25.984726  -0.410078 -0.911659 -0.026719  0.613643 0.130289
no_material
0  -0.676892 1.516130 25.996334  -0.264757 -0.792856 -0.548892  0.613603 0.125000
0  -5.503619 2.253984 27.280043  -0.264734 -0.792862 -0.548895  0.625000 1.000000
0  -5.488239 2.260955 27.241096  -0.264742 -0.792861 -0.548893  0.624773 0.991784
no_material
0  -5.503619 2.253984 27.280043  -0.638478 -0.223992 -0.736324  0.625000 1.000000
0  -5.383925 4.995878 26.318787  -0.638467 -0.223942 -0.736350  0.613603 0.875000
0  -5.346916 4.967251 26.318871  -0.638482 -0.223969 -0.736328  0.613720 0.870455
no_material
0  -5.383925 4.995878 26.318787  -0.791494 -0.597277 -0.129602  0.613603 0.875000
0  -2.967761 2.670925 22.371881  -0.791471 -0.597300 -0.129643  0.609833 0.000000
0  -2.981058 2.657483 22.420872  -0.791487 -0.597284 -0.129616  0.609905 0.007391
no_material
0  3.434967 2.112485 27.194523  0.259552 -0.834814 -0.485508  0.625000 0.250000
0  -0.676892 1.516130 25.996334  0.259512 -0.834821 -0.485517  0.613603 0.125000
0  -0.631129 1.552155 25.984385  0.259518 -0.834820 -0.485516  0.613388 0.127189
no_material
0  -0.676892 1.516130 25.996334  0.399312 -0.915219 0.054081  0.613603 0.125000
0  2.332609 2.633687 22.406370  0.399328 -0.915212 0.054068  0.573222 0.250000
0  2.336109 2.621602 22.459692  0.399308 -0.915220 0.054091  0.573845 0.249967
no_material
0  2.332609 2.633687 22.406370  0.752239 -0.656907 0.051078  0.573222 0.250000
0  3.893406 4.703574 26.302645  0.752236 -0.656912 0.051061  0.612840 0.375000
0  3.853561 4.677493 26.293732  0.752233 -0.656916 0.051060  0.612727 0.372281
no_material
0  3.893406 4.703574 26.302645  0.731962 -0.329007 -0.596646  0.612840 0.375000
0  3.434967 2.112485 27.194523  0.731965 -0.329003 -0.596644  0.625000 0.250000
0  3.427081 2.117201 27.156662  0.731972 -0.328984 -0.596646  0.624639 0.250644
no_material
0  2.354677 9.685942 39.160324  0.812943 -0.581835 -0.024321  0.625000 0.541667
0  3.424747 10.976198 43.476147  0.812980 -0.581785 -0.024280  0.625000 0.509549
0  3.393966 10.957708 43.478432  0.812950 -0.581826 -0.024294  0.625000 0.510140
no_material
0  3.424747 10.976198 43.476147  0.681228 -0.486417 -0.547108  0.625000 0.509549
0  4.050222 7.356768 47.497009  0.681220 -0.486420 -0.547115  0.625000 0.500000
0  4.023829 7.368304 47.429729  0.681229 -0.486421 -0.547104  0.625000 0.500951
no_material
0  4.050222 7.356768 47.497009  0.125375 -0.897261 -0.423325  0.625000 0.500000
0  -0.904325 8.287642 44.020515  0.125408 -0.897278 -0.423279  0.625000 0.625000
0  -0.865858 8.310081 44.019348  0.125401 -0.897274 -0.423290  0.625000 0.623794
no_material
0  -0.904325 8.287642 44.020515  0.192365 -0.970214 -0.147242  0.625000 0.625000
0  2.354677 9.685942 39.160324  0.192405 -0.970212 -0.147207  0.625000 0.541667
0  2.357157 9.662121 39.224125  0.192369 -0.970213 -0.147242  0.625000 0.541918
no_material
0  -1.281605 12.350989 25.684511  -0.597978 -0.747148 -0.290158  0.625000 0.687500
0  -0.013450 11.011469 26.501129  -0.597982 -0.747145 -0.290159  0.625000 0.625000
0  -0.049248 11.040864 26.518446  -0.597981 -0.747145 -0.290159  0.625000 0.626825
no_material
0  -0.013450 11.011469 26.501129  -0.604317 -0.634515 -0.481863  0.625000 0.625000
0  -2.233310 10.985003 29.331585  -0.604309 -0.634521 -0.481864  0.625000 0.708333
0  -2.217299 11.008702 29.269163  -0.604308 -0.634518 -0.481871  0.625000 0.707742
no_material
0  -2.233310 10.985003 29.331585  -0.734079 -0.495225 -0.464630  0.625000 0.708333
0  -2.424962 13.431576 27.014845  -0.734078 -0.495227 -0.464629  0.625000 0.734761
0  -2.396140 13.394786 27.020376  -0.734079 -0.495226 -0.464628  0.625000 0.733626
no_material
0  -2.424962 13.431576 27.014845  -0.806882 -0.531398 -0.257987  0.625000 0.734761
0  -1.281605 12.350989 25.684511  -0.806876 -0.531405 -0.257992  0.625000 0.687500
0  -1.289471 12.335925 25.720255  -0.806876 -0.531405 -0.257993  0.625000 0.687331
no_material
0  2.907780 7.163591 28.555319  0.737013 0.591201 -0.327558  0.625000 0.500000
0  3.893406 4.703574 26.302645  0.736981 0.591215 -0.327603  0.612840 0.375000
0  3.857095 4.730470 26.300180  0.737010 0.591205 -0.327555  0.612701 0.377184
no_material
0  3.893406 4.703574 26.302645  0.743737 0.659624 0.108402  0.612840 0.375000
0  2.215096 7.194310 22.574404  0.743737 0.659624 0.108405  0.573222 0.500000
0  2.217183 7.197269 22.629967  0.743736 0.659626 0.108402  0.573794 0.499972
no_material
0  2.215096 7.194310 22.574404  0.455380 0.882399 0.118327  0.573222 0.500000
0  -0.812003 8.235048 26.549377  0.455438 0.882370 0.118321  0.612840 0.625000
0  -0.771385 8.203930 26.539444  0.455428 0.882373 0.118334  0.612680 0.623053
no_material
0  -0.812003 8.235048 26.549377  0.387636 0.887408 -0.249490  0.612840 0.625000
0  2.907780 7.163591 28.555319  0.387662 0.887399 -0.249481  0.625000 0.500000
0  2.901283 7.164955 28.512449  0.387644 0.887405 -0.249487  0.624732 0.499791
no_material
0  -3.930771 0.000001 53.377022  -0.470481 0.211721 0.856634  0.875000 0.750000
0  -0.755716 3.219613 54.330963  -0.470461 0.211691 0.856653  0.750000 0.625000
0  -0.792823 3.221095 54.304379  -0.470481 0.211725 0.856633  0.749687 0.626993
no_material
0  -0.755716 3.219613 54.330963  -0.482885 -0.009418 0.875633  0.750000 0.625000
0  -2.973735 6.296894 53.134590  -0.482897 -0.009391 0.875627  0.625000 0.750000
0  -2.981386 6.250166 53.135998  -0.482884 -0.009406 0.875634  0.626230 0.749840
no_material
0  -2.973735 6.296894 53.134590  -0.665940 0.024273 0.745611  0.625000 0.750000
0  -5.774224 3.446112 50.732258  -0.665913 0.024239 0.745636  0.625000 0.869792
0  -5.734212 3.440829 50.761456  -0.665938 0.024274 0.745612  0.626723 0.867990
no_material
0  -5.774224 3.446112 50.732258  -0.640010 0.223255 0.735217  0.625000 0.869792
0  -3.930771 0.000001 53.377022  -0.639989 0.223255 0.735236  0.875000 0.750000
0  -3.926215 0.050778 53.372818  -0.639987 0.223257 0.735237  0.872323 0.749974
no_material
0  2.043463 13.623520 38.637386  0.944773 0.311793 -0.100936  0.625000 0.541667
0  3.424747 10.976198 43.476147  0.944774 0.311794 -0.100930  0.625000 0.509549
0  3.420842 10.986747 43.387207  0.944779 0.311783 -0.100911  0.625000 0.510147
no_material
0  3.424747 10.976198 43.476147  0.963168 -0.197940 -0.182010  0.625000 0.509549
0  2.354677 9.685942 39.160324  0.963169 -0.197934 -0.182009  0.625000 0.541667
0  2.352096 9.722327 39.163887  0.963168 -0.197936 -0.182015  0.625000 0.541327
no_material
0  2.354677 9.685942 39.160324  0.985046 -0.168675 0.035112  0.625000 0.541667
0  2.988012 12.347864 33.937172  0.985045 -0.168681 0.035118  0.625000 0.510417
0  2.991918 12.339433 34.030613  0.985044 -0.168685 0.035128  0.625000 0.510991
no_material
0  2.988012 12.347864 33.937172  0.937689 0.332693 0.100278  0.625000 0.510417
0  2.043463 13.623520 38.637386  0.937690 0.332689 0.100280  0.625000 0.541667
0  2.046044 13.586793 38.633095  0.937689 0.332690 0.100283  0.625000 0.541340
no_material
0  5.772216 3.491129 30.751987  0.825063 0.046031 -0.563162  0.625000 0.353281
0  3.434967 2.112485 27.194523  0.825068 0.046031 -0.563155  0.625000 0.250000
0  3.435673 2.153957 27.219418  0.825054 0.046024 -0.563176  0.624871 0.252461
no_material
0  3.434967 2.112485 27.194523  0.971071 -0.213062 -0.107825  0.625000 0.250000
0  3.893406 4.703574 26.302645  0.971060 -0.213121 -0.107803  0.612840 0.375000
0  3.907180 4.698051 26.337132  0.971069 -0.213077 -0.107815  0.613105 0.374701
no_material
0  3.893406 4.703574 26.302645  0.929329 0.369158 0.008348  0.612840 0.375000
0  2.907780 7.163591 28.555319  0.929327 0.369163 0.008359  0.625000 0.500000
0  2.919003 7.105445 28.553701  0.929331 0.369154 0.008348  0.624883 0.497512
no_material
0  2.907780 7.163591 28.555319  0.814176 0.371120 -0.446527  0.625000 0.500000
0  5.772216 3.491129 30.751987  0.814173 0.371135 -0.446522  0.625000 0.353281
0  5.748918 3.509962 30.698919  0.814155 0.371153 -0.446538  0.624986 0.353504
no_material
0  -5.237116 7.602978 28.599453  -0.302242 0.870336 -0.388800  0.625000 0.750000
0  -0.812003 8.235048 26.549377  -0.302245 0.870336 -0.388797  0.612840 0.625000
0  -0.848173 8.206361 26.538258  -0.302232 0.870338 -0.388803  0.612643 0.626946
no_material
0  -0.812003 8.235048 26.549377  -0.391783 0.919905 -0.016728  0.612840 0.625000
0  -2.792674 7.306019 22.562904  -0.391771 0.919911 -0.016711  0.573222 0.750000
0  -2.806918 7.314015 22.617104  -0.391781 0.919906 -0.016729  0.573821 0.749844
no_material
0  -2.792674 7.306019 22.562904  -0.749636 0.652044 -0.113505  0.573222 0.750000
0  -5.383925 4.995878 26.318787  -0.749638 0.652041 -0.113517  0.613603 0.875000
0  -5.349582 5.021317 26.323881  -0.749644 0.652036 -0.113500  0.613485 0.872789
no_material
0  -5.383925 4.995878 26.318787  -0.659690 0.512905 -0.549307  0.613603 0.875000
0  -5.237116 7.602978 28.599453  -0.659692 0.512899 -0.549310  0.625000 0.750000
0  -5.220387 7.599399 28.553444  -0.659691 0.512905 -0.549305  0.624759 0.750384
no_material
0  -1.036824 8.285545 31.999702  0.144782 0.977337 -0.154436  0.625000 0.625000
0  2.907780 7.163591 28.555319  0.144787 0.977337 -0.154431  0.625000 0.500000
0  2.847660 7.166880 28.562105  0.144782 0.977337 -0.154434  0.624907 0.501933
no_material
0  2.907780 7.163591 28.555319  0.185993 0.966861 0.174892  0.625000 0.500000
0  -0.812003 8.235048 26.549377  0.185965 0.966858 0.174936  0.612840 0.625000
0  -0.812966 8.235370 26.587561  0.185958 0.966860 0.174930  0.613014 0.624902
no_material
0  -0.812003 8.235048 26.549377  -0.068718 0.984973 0.158447  0.612840 0.625000
0  -5.237116 7.602978 28.599453  -0.068717 0.984973 0.158448  0.625000 0.750000
0  -5.173466 7.599604 28.607470  -0.068720 0.984973 0.158448  0.624914 0.748128
no_material
0  -5.237116 7.602978 28.599453  -0.034414 0.986910 -0.157560  0.625000 0.750000
0  -1.036824 8.285545 31.999702  -0.034390 0.986912 -0.157550  0.625000 0.625000
0  -1.037409 8.285262 31.955029  -0.034403 0.986911 -0.157554  0.624978 0.625005
no_material
0  1.652052 7.961645 0.565738  0.679103 -0.104684 -0.726540  0.375000 0.500000
0  2.898608 6.240163 1.970377  0.679095 -0.104677 -0.726549  0.375000 0.375000
0  2.856936 6.241549 1.939801  0.679097 -0.104678 -0.726546  0.374735 0.375517
no_material
0  2.898608 6.240163 1.970377  0.680361 0.158861 -0.715453  0.375000 0.375000
0  1.652051 4.659835 0.442753  0.680354 0.158855 -0.715461  0.375000 0.250000
0  1.652921 4.706122 0.445116  0.680368 0.158872 -0.715444  0.373568 0.256384
no_material
0  1.652051 4.659835 0.442753  0.480164 0.169337 -0.860678  0.375000 0.250000
0  0.000001 6.335350 -0.156452  0.480168 0.169333 -0.860677  0.250000 0.625000
0  0.039823 6.334261 -0.127225  0.480159 0.169342 -0.860680  0.253274 0.618454
no_material
0  0.000001 6.335350 -0.156452  0.479654 -0.104204 -0.871248  0.250000 0.625000
0  1.652052 7.961645 0.565738  0.479661 -0.104198 -0.871245  0.375000 0.500000
0  1.652746 7.915107 0.564515  0.479664 -0.104194 -0.871244  0.373563 0.499365
no_material
0  -8.006349 3.723875 30.991261  -0.816911 0.270960 -0.509154  0.625000 0.895844
0  -5.237116 7.602978 28.599453  -0.816908 0.270962 -0.509158  0.625000 0.750000
0  -5.245836 7.547791 28.597473  -0.816903 0.270969 -0.509162  0.624899 0.751082
no_material
0  -5.237116 7.602978 28.599453  -0.926197 0.277762 -0.254966  0.625000 0.750000
0  -5.383925 4.995878 26.318787  -0.926196 0.277766 -0.254965  0.613603 0.875000
0  -5.402055 4.990419 26.352238  -0.926196 0.277769 -0.254963  0.613827 0.866125
no_material
0  -5.383925 4.995878 26.318787  -0.942577 -0.075329 -0.325383  0.613603 0.875000
0  -5.503619 2.253984 27.280043  -0.942578 -0.075331 -0.325381  0.625000 0.000000
0  -5.507631 2.295914 27.302275  -0.942578 -0.075346 -0.325377  0.624893 0.015159
no_material
0  -5.503619 2.253984 27.280043  -0.814295 0.065080 -0.576791  0.625000 0.000000
0  -8.006349 3.723875 30.991261  -0.814302 0.065084 -0.576781  0.625000 0.895844
0  -7.976851 3.741169 30.939732  -0.814300 0.065084 -0.576783  0.624988 0.888451
no_material
0  -2.232703 3.750638 6.461334  -0.179815 -0.983698 0.002087  0.375000 1.000000
0  -0.004001 3.339871 1.862360  -0.179813 -0.983699 0.002085  0.375000 0.125000
0  -0.004374 3.333766 1.940670  -0.179810 -0.983699 0.002078  0.375037 0.133144
no_material
0  -0.004001 3.339871 1.862360  0.179298 -0.983786 0.004181  0.375000 0.125000
0  2.177027 3.750638 6.473862  0.179308 -0.983784 0.004202  0.375000 0.250000
0  2.140633 3.750385 6.477000  0.179303 -0.983785 0.004191  0.375370 0.251960
no_material
0  2.177027 3.750638 6.473862  0.168569 -0.978077 -0.122273  0.375000 0.250000
0  -0.116407 2.348433 14.579193  0.168570 -0.978076 -0.122280  0.488603 0.125000
0  -0.115053 2.358665 14.447952  0.168572 -0.978075 -0.122284  0.486790 0.132898
no_material
0  -0.116407 2.348433 14.579193  -0.167997 -0.977721 -0.125852  0.488603 0.125000
0  -2.232703 3.750638 6.461334  -0.168002 -0.977718 -0.125868  0.375000 1.000000
0  -2.196435 3.750359 6.465013  -0.167999 -0.977720 -0.125858  0.375374 0.989595
no_material
0  0.000001 6.335350 -0.156452  -0.479735 0.168809 -0.861021  0.250000 0.625000
0  -1.652050 4.659836 0.442754  -0.479749 0.168795 -0.861016  0.375000 0.000000
0  -1.652928 4.706108 0.445121  -0.479739 0.168804 -0.861020  0.373568 0.018971
no_material
0  -1.652050 4.659836 0.442754  -0.679230 0.158431 -0.716621  0.375000 0.000000
0  -2.902782 6.240165 1.968944  -0.679233 0.158435 -0.716617  0.375000 0.875000
0  -2.861052 6.241552 1.938390  -0.679238 0.158441 -0.716612  0.374736 0.862670
no_material
0  -2.902782 6.240165 1.968944  -0.678025 -0.104069 -0.727634  0.375000 0.875000
0  -1.652049 7.961645 0.565739  -0.678030 -0.104074 -0.727629  0.375000 0.750000
0  -1.652750 7.915121 0.564520  -0.678023 -0.104066 -0.727637  0.373563 0.747862
no_material
0  -1.652049 7.961645 0.565739  -0.479345 -0.103750 -0.871473  0.375000 0.750000
0  0.000001 6.335350 -0.156452  -0.479340 -0.103754 -0.871475  0.250000 0.625000
0  -0.039856 6.334262 -0.127261  -0.479337 -0.103758 -0.871476  0.253274 0.619602
no_material
0  -0.004001 3.339871 1.862360  0.130147 -0.648632 -0.749892  0.375000 0.125000
0  -1.652050 4.659836 0.442754  0.130148 -0.648633 -0.749891  0.375000 1.000000
0  -1.605720 4.658945 0.443354  0.130155 -0.648639 -0.749885  0.373569 0.983960
no_material
0  -1.652050 4.659836 0.442754  0.135506 -0.446298 -0.884565  0.375000 1.000000
0  0.000001 6.335350 -0.156452  0.135510 -0.446294 -0.884567  0.250000 0.625000
0  0.000001 6.294361 -0.128827  0.135517 -0.446287 -0.884569  0.253272 0.623861
no_material
0  0.000001 6.335350 -0.156452  -0.135328 -0.446128 -0.884679  0.250000 0.625000
0  1.652051 4.659835 0.442753  -0.135307 -0.446149 -0.884671  0.375000 0.250000
0  1.605669 4.658990 0.443323  -0.135319 -0.446137 -0.884676  0.373567 0.255015
no_material
0  1.652051 4.659835 0.442753  -0.130113 -0.648282 -0.750201  0.375000 0.250000
0  -0.004001 3.339871 1.862360  -0.130103 -0.648274 -0.750209  0.375000 0.125000
0  -0.003939 3.382934 1.833338  -0.130106 -0.648276 -0.750207  0.374738 0.137806
no_material
0  3.434967 2.112485 27.194523  0.095637 -0.293479 -0.951170  0.625000 0.250000
0  -1.154171 0.787969 27.165104  0.095682 -0.293444 -0.951176  0.625000 0.123785
0  -1.154046 0.806448 27.135859  0.095655 -0.293450 -0.951177  0.624789 0.131313
no_material
0  -1.154171 0.787969 27.165104  -0.111398 -0.238606 -0.964706  0.625000 0.123785
0  -5.503619 2.253984 27.280043  -0.111369 -0.238615 -0.964707  0.625000 1.000000
0  -5.272639 2.249503 27.279137  -0.111373 -0.238614 -0.964707  0.624730 0.956164
no_material
0  -5.503619 2.253984 27.280043  -0.115844 -0.982400 0.146528  0.625000 1.000000
0  -0.676892 1.516130 25.996334  -0.115903 -0.982390 0.146549  0.613603 0.125000
0  -0.677352 1.497649 26.025593  -0.115868 -0.982395 0.146542  0.613966 0.130579
no_material
0  -0.676892 1.516130 25.996334  0.089546 -0.976049 0.198267  0.613603 0.125000
0  3.434967 2.112485 27.194523  0.089584 -0.976043 0.198278  0.625000 0.250000
0  3.218039 2.117022 27.194855  0.089560 -0.976047 0.198271  0.624700 0.243853
no_material
0  4.050222 7.356768 47.497009  0.673041 0.705610 -0.221655  0.625000 0.500000
0  6.176761 3.767143 42.484383  0.673025 0.705624 -0.221658  0.625000 0.384592
0  6.141366 3.786437 42.482204  0.673045 0.705602 -0.221667  0.625000 0.385904
no_material
0  6.176761 3.767143 42.484383  0.668866 0.726855 0.155884  0.625000 0.384592
0  4.215578 6.801887 36.685535  0.668861 0.726862 0.155873  0.625000 0.497222
0  4.211335 6.806767 36.745064  0.668864 0.726858 0.155881  0.625000 0.497236
no_material
0  4.215578 6.801887 36.685535  0.271964 0.956263 0.107688  0.625000 0.497222
0  -0.848929 7.611043 42.381992  0.271962 0.956263 0.107694  0.625000 0.625000
0  -0.809472 7.589435 42.382088  0.271965 0.956263 0.107686  0.625000 0.623743
no_material
0  -0.848929 7.611043 42.381992  0.262093 0.942776 -0.206110  0.625000 0.625000
0  4.050222 7.356768 47.497009  0.262072 0.942779 -0.206123  0.625000 0.500000
0  4.046992 7.356146 47.441311  0.262081 0.942777 -0.206119  0.625000 0.500009
no_material
0  5.772216 3.491129 30.751987  0.745903 0.654228 0.124956  0.625000 0.353281
0  2.907780 7.163591 28.555319  0.745904 0.654226 0.124959  0.625000 0.500000
0  2.913566 7.162290 28.595755  0.745914 0.654214 0.124965  0.625000 0.499860
no_material
0  2.907780 7.163591 28.555319  0.410600 0.893523 0.181723  0.625000 0.500000
0  -1.036824 8.285545 31.999702  0.410633 0.893515 0.181690  0.625000 0.625000
0  -0.994653 8.256423 32.000523  0.410610 0.893521 0.181713  0.625000 0.623512
no_material
0  -1.036824 8.285545 31.999702  0.412829 0.892434 -0.182029  0.625000 0.625000
0  4.215578 6.801887 36.685535  0.412838 0.892429 -0.182030  0.625000 0.497222
0  4.206008 6.804813 36.630219  0.412823 0.892434 -0.182041  0.625000 0.497134
no_material
0  4.215578 6.801887 36.685535  0.652813 0.720956 -0.232503  0.625000 0.497222
0  5.772216 3.491129 30.751987  0.652808 0.720968 -0.232479  0.625000 0.353281
0  5.734210 3.518464 30.767548  0.652812 0.720958 -0.232500  0.625000 0.354995
no_material
0  2.188164 8.164876 6.625622  0.172868 0.976636 0.127670  0.375000 0.500000
0  -0.000172 9.140455 2.076961  0.172873 0.976635 0.127671  0.375000 0.625000
0  -0.000262 9.136300 2.156175  0.172864 0.976638 0.127658  0.375037 0.624999
no_material
0  -0.000172 9.140455 2.076961  -0.173204 0.976641 0.127174  0.375000 0.625000
0  -2.199294 8.164877 6.621447  -0.173210 0.976638 0.127184  0.375000 0.750000
0  -2.163006 8.164700 6.624848  -0.173204 0.976641 0.127171  0.375373 0.747928
no_material
0  -2.199294 8.164877 6.621447  -0.162588 0.986682 0.004941  0.375000 0.750000
0  -0.038725 8.473955 14.781071  -0.162587 0.986682 0.004948  0.487840 0.625000
0  -0.038218 8.480832 14.649983  -0.162590 0.986681 0.004935  0.486030 0.625001
no_material
0  -0.038725 8.473955 14.781071  0.162411 0.986704 0.006223  0.487840 0.625000
0  2.188164 8.164876 6.625622  0.162418 0.986703 0.006195  0.375000 0.500000
0  2.151823 8.164705 6.628845  0.162413 0.986703 0.006214  0.375371 0.502066
no_material
0  -3.159435 5.417595 14.664518  -0.870687 -0.491831 0.002712  0.488603 0.875000
0  -2.232703 3.750638 6.461334  -0.870686 -0.491831 0.002714  0.375000 0.000000
0  -2.236669 3.739509 6.593453  -0.870685 -0.491833 0.002700  0.376862 0.008212
no_material
0  -2.232703 3.750638 6.461334  -0.502017 -0.864684 -0.017351  0.375000 0.000000
0  -0.116407 2.348433 14.579193  -0.502015 -0.864685 -0.017343  0.488603 0.125000
0  -0.141495 2.373768 14.579625  -0.502014 -0.864686 -0.017338  0.488636 0.130991
no_material
0  -0.116407 2.348433 14.579193  -0.495931 -0.855790 -0.147228  0.488603 0.125000
0  -2.967761 2.670925 22.371881  -0.495920 -0.855791 -0.147260  0.609833 1.000000
0  -2.959730 2.677554 22.243139  -0.495928 -0.855790 -0.147236  0.607845 0.991830
no_material
0  -2.967761 2.670925 22.371881  -0.863973 -0.480391 -0.150914  0.609833 1.000000
0  -3.159435 5.417595 14.664518  -0.863973 -0.480390 -0.150914  0.488603 0.875000
0  -3.134645 5.392589 14.663840  -0.863974 -0.480385 -0.150931  0.488641 0.868706
no_material
0  -2.199294 8.164877 6.621447  -0.979790 0.186469 0.072387  0.375000 0.750000
0  -2.902782 6.240165 1.968944  -0.979790 0.186471 0.072388  0.375000 0.875000
0  -2.904361 6.235781 2.047355  -0.979791 0.186467 0.072381  0.375038 0.866924
no_material
0  -2.902782 6.240165 1.968944  -0.983024 -0.176480 0.050184  0.375000 0.875000
0  -2.232703 3.750638 6.461334  -0.983021 -0.176491 0.050208  0.375000 0.000000
0  -2.232515 3.786649 6.466910  -0.983022 -0.176488 0.050201  0.375380 0.010388
no_material
0  -2.232703 3.750638 6.461334  -0.983853 -0.160427 -0.079345  0.375000 0.000000
0  -3.159435 5.417595 14.664518  -0.983855 -0.160424 -0.079331  0.488603 0.875000
0  -3.156794 5.426090 14.533905  -0.983855 -0.160424 -0.079333  0.486792 0.867076
no_material
0  -3.159435 5.417595 14.664518  -0.982055 0.179910 -0.056565  0.488603 0.875000
0  -2.199294 8.164877 6.621447  -0.982053 0.179918 -0.056581  0.375000 0.750000
0  -2.199620 8.128333 6.622635  -0.982055 0.179912 -0.056572  0.375367 0.748066
no_material
0  -6.253207 0.000001 28.351671  -0.390547 0.407381 -0.825538  0.625000 1.000000
0  -8.006349 3.723875 30.991261  -0.390540 0.407369 -0.825547  0.625000 0.895844
0  -7.918036 3.664163 30.947498  -0.390549 0.407384 -0.825536  0.625000 0.884842
no_material
0  -8.006349 3.723875 30.991261  -0.761043 -0.587490 -0.275081  0.625000 0.895844
0  -5.503619 2.253984 27.280043  -0.761028 -0.587497 -0.275107  0.625000 0.000000
0  -5.510238 2.222570 27.292425  -0.761016 -0.587510 -0.275114  0.625000 0.017681
no_material
0  -5.503619 2.253984 27.280043  -0.284677 -0.820462 -0.495782  0.625000 0.000000
0  -1.154171 0.787969 27.165104  -0.284693 -0.820457 -0.495782  0.625000 0.123785
0  -1.258113 0.812053 27.228329  -0.284689 -0.820458 -0.495782  0.625000 0.133561
no_material
0  -1.154171 0.787969 27.165104  -0.258244 0.334853 -0.906192  0.625000 0.123785
0  -6.253207 0.000001 28.351671  -0.258173 0.334862 -0.906209  0.625000 1.000000
0  -6.245144 0.034704 28.337490  -0.258261 0.334850 -0.906188  0.625000 0.989199
no_material
0  2.177027 3.750638 6.473862  0.981738 -0.180989 0.058595  0.375000 0.250000
0  2.898608 6.240163 1.970377  0.981737 -0.180992 0.058600  0.375000 0.375000
0  2.899263 6.235689 2.049023  0.981738 -0.180990 0.058596  0.375037 0.375024
no_material
0  2.898608 6.240163 1.970377  0.982016 0.170734 0.080588  0.375000 0.375000
0  2.188164 8.164876 6.625622  0.982014 0.170737 0.080603  0.375000 0.500000
0  2.188092 8.128346 6.626775  0.982014 0.170738 0.080600  0.375363 0.497948
no_material
0  2.188164 8.164876 6.625622  0.985416 0.164314 -0.044220  0.375000 0.500000
0  3.004303 5.404793 14.695745  0.985415 0.164319 -0.044232  0.487840 0.375000
0  3.003216 5.413344 14.564902  0.985417 0.164313 -0.044215  0.486041 0.374984
no_material
0  3.004303 5.404793 14.695745  0.983957 -0.165577 -0.066436  0.487840 0.375000
0  2.177027 3.750638 6.473862  0.983955 -0.165580 -0.066446  0.375000 0.250000
0  2.177155 3.786642 6.479436  0.983955 -0.165580 -0.066451  0.375378 0.252063
no_material
0  -2.199294 8.164877 6.621447  -0.863095 0.500304 0.069007  0.375000 0.750000
0  -3.159435 5.417595 14.664518  -0.863097 0.500301 0.069009  0.488603 0.875000
0  -3.134215 5.442276 14.666547  -0.863096 0.500301 0.069018  0.488527 0.872939
no_material
0  -3.159435 5.417595 14.664518  -0.860490 0.502909 -0.081482  0.488603 0.875000
0  -2.792674 7.306019 22.562904  -0.860490 0.502907 -0.081489  0.573222 0.750000
0  -2.787134 7.313663 22.435606  -0.860490 0.502911 -0.081473  0.571836 0.750025
no_material
0  -2.792674 7.306019 22.562904  -0.484757 0.873657 -0.041630  0.573222 0.750000
0  -0.038725 8.473955 14.781071  -0.484763 0.873655 -0.041620  0.487840 0.625000
0  -0.064089 8.449139 14.778722  -0.484763 0.873655 -0.041623  0.487747 0.626999
no_material
0  -0.038725 8.473955 14.781071  -0.486022 0.868551 0.096962  0.487840 0.625000
0  -2.199294 8.164877 6.621447  -0.486016 0.868553 0.096973  0.375000 0.750000
0  -2.202904 8.159050 6.753035  -0.486023 0.868552 0.096953  0.376832 0.749985
no_material
0  2.188164 8.164876 6.625622  0.524933 0.843694 0.112363  0.375000 0.500000
0  -0.038725 8.473955 14.781071  0.524922 0.843696 0.112401  0.487840 0.625000
0  -0.013792 8.448868 14.779359  0.524926 0.843695 0.112384  0.487750 0.622947
no_material
0  -0.038725 8.473955 14.781071  0.526538 0.850041 -0.013744  0.487840 0.625000
0  2.215096 7.194310 22.574404  0.526538 0.850041 -0.013749  0.573222 0.500000
0  2.215171 7.201804 22.446428  0.526542 0.850038 -0.013733  0.571817 0.499988
no_material
0  2.215096 7.194310 22.574404  0.853444 0.520096 -0.033678  0.573222 0.500000
0  3.004303 5.404793 14.695745  0.853446 0.520090 -0.033703  0.487840 0.375000
0  2.979349 5.429925 14.697051  0.853443 0.520096 -0.033679  0.487771 0.377045
no_material
0  3.004303 5.404793 14.695745  0.851921 0.515662 0.091225  0.487840 0.375000
0  2.188164 8.164876 6.625622  0.851922 0.515660 0.091232  0.375000 0.500000
0  2.188371 8.156770 6.759135  0.851922 0.515662 0.091225  0.376844 0.500013
no_material
0  -1.652049 7.961645 0.565739  -0.801284 0.597856 0.022610  0.375000 0.750000
0  -2.902782 6.240165 1.968944  -0.801280 0.597862 0.022605  0.375000 0.875000
0  -2.873796 6.270645 1.982317  -0.801282 0.597859 0.022607  0.375000 0.872400
no_material
0  -2.902782 6.240165 1.968944  -0.761751 0.631001 -0.146880  0.375000 0.875000
0  -2.199294 8.164877 6.621447  -0.761752 0.630997 -0.146892  0.375000 0.750000
0  -2.191708 8.161995 6.536981  -0.761751 0.630999 -0.146886  0.375000 0.750013
no_material
0  -2.199294 8.164877 6.621447  -0.625639 0.767626 -0.139019  0.375000 0.750000
0  -0.000172 9.140455 2.076961  -0.625638 0.767627 -0.139018  0.375000 0.625000
0  -0.031478 9.110622 2.087527  -0.625634 0.767629 -0.139027  0.375000 0.627598
no_material
0  -0.000172 9.140455 2.076961  -0.598544 0.800408 0.033045  0.375000 0.625000
0  -1.652049 7.961645 0.565739  -0.598538 0.800412 0.033053  0.375000 0.750000
0  -1.655463 7.963365 0.607179  -0.598539 0.800411 0.033050  0.375000 0.749982
no_material
0  2.177027 3.750638 6.473862  0.849515 -0.527124 0.021586  0.375000 0.250000
0  3.004303 5.404793 14.695745  0.849519 -0.527114 0.021630  0.487840 0.375000
0  2.979047 5.380110 14.694142  0.849517 -0.527119 0.021611  0.487754 0.372941
no_material
0  3.004303 5.404793 14.695745  0.847353 -0.518717 -0.113693  0.487840 0.375000
0  2.332609 2.633687 22.406370  0.847353 -0.518715 -0.113701  0.573222 0.250000
0  2.330265 2.641524 22.279161  0.847352 -0.518720 -0.113685  0.571837 0.249997
no_material
0  2.332609 2.633687 22.406370  0.506679 -0.852498 -0.128546  0.573222 0.250000
0  -0.116407 2.348433 14.579193  0.506675 -0.852498 -0.128562  0.488603 0.125000
0  -0.091004 2.373285 14.580482  0.506680 -0.852498 -0.128543  0.488519 0.126999
no_material
0  -0.116407 2.348433 14.579193  0.509985 -0.860176 -0.003474  0.488603 0.125000
0  2.177027 3.750638 6.473862  0.509944 -0.860201 -0.003479  0.375000 0.250000
0  2.177404 3.740537 6.605243  0.509986 -0.860175 -0.003476  0.376832 0.250012
no_material
0  0.000020 8.494744 63.218571  -0.633120 0.767655 0.099318  0.500000 0.125000
0  -4.997280 4.997298 58.345428  -0.633120 0.767655 0.099323  0.125000 0.750000
0  -4.997840 4.997858 58.389381  -0.633123 0.767653 0.099322  0.128394 0.748256
no_material
0  -4.997280 4.997298 58.345428  -0.767628 0.633146 0.099361  0.125000 0.750000
0  -8.494727 0.000001 63.218575  -0.767623 0.633151 0.099367  0.500000 0.875000
0  -8.456352 0.038379 63.218689  -0.767630 0.633143 0.099368  0.499996 0.873584
no_material
0  -8.494727 0.000001 63.218575  -0.764426 0.630509 -0.134578  0.500000 0.875000
0  -5.121423 5.121444 68.091728  -0.764452 0.630485 -0.134542  0.875000 0.750000
0  -5.120862 5.120882 68.047623  -0.764457 0.630477 -0.134550  0.871617 0.748259
no_material
0  -5.121423 5.121444 68.091728  -0.630579 0.764369 -0.134572  0.875000 0.750000
0  0.000020 8.494744 63.218571  -0.630581 0.764365 -0.134584  0.500000 0.125000
0  -0.038359 8.456368 63.218685  -0.630583 0.764366 -0.134575  0.499996 0.130360
no_material
0  -8.006349 3.723875 30.991261  -0.658861 0.734516 -0.162445  0.625000 0.895844
0  -5.851631 6.906147 36.698936  -0.658860 0.734516 -0.162447  0.625000 0.752778
0  -5.847118 6.911067 36.644932  -0.658857 0.734522 -0.162435  0.625000 0.752842
no_material
0  -5.851631 6.906147 36.698936  -0.381783 0.915856 -0.124297  0.625000 0.752778
0  -1.036824 8.285545 31.999702  -0.381790 0.915852 -0.124301  0.625000 0.625000
0  -1.078700 8.257878 32.000839  -0.381785 0.915854 -0.124304  0.625000 0.626502
no_material
0  -1.036824 8.285545 31.999702  -0.362103 0.891878 0.270988  0.625000 0.625000
0  -5.237116 7.602978 28.599453  -0.362124 0.891872 0.270983  0.625000 0.750000
0  -5.240343 7.599354 28.641022  -0.362103 0.891878 0.270991  0.625000 0.750128
no_material
0  -5.237116 7.602978 28.599453  -0.723402 0.652732 0.225010  0.625000 0.750000
0  -8.006349 3.723875 30.991261  -0.723406 0.652727 0.225011  0.625000 0.895844
0  -7.965885 3.750119 31.003788  -0.723408 0.652724 0.225016  0.625000 0.894147
no_material
0  -3.472552 9.685942 39.160313  -0.201620 -0.965010 -0.167645  0.625000 0.708333
0  -0.904325 8.287642 44.020515  -0.201603 -0.965006 -0.167687  0.625000 0.625000
0  -0.938905 8.312340 44.018463  -0.201614 -0.965009 -0.167662  0.625000 0.626296
no_material
0  -0.904325 8.287642 44.020515  -0.116418 -0.890588 -0.439658  0.625000 0.625000
0  -5.892246 7.356771 47.265247  -0.116383 -0.890581 -0.439683  0.625000 0.750000
0  -5.857914 7.369462 47.191635  -0.116378 -0.890582 -0.439682  0.625000 0.748928
no_material
0  -5.892246 7.356771 47.265247  -0.721519 -0.338400 -0.604066  0.625000 0.750000
0  -4.434851 10.976200 43.471611  -0.721514 -0.338407 -0.604068  0.625000 0.740451
0  -4.406503 10.955064 43.475101  -0.721492 -0.338435 -0.604078  0.625000 0.739755
no_material
0  -4.434851 10.976200 43.471611  -0.893370 -0.444956 -0.062485  0.625000 0.740451
0  -3.472552 9.685942 39.160313  -0.893369 -0.444957 -0.062485  0.625000 0.708333
0  -3.481937 9.658996 39.228165  -0.893366 -0.444962 -0.062504  0.625000 0.708023
no_material
0  -5.774224 3.446112 50.732258  -0.785415 0.332993 0.521765  0.625000 0.869792
0  -2.973735 6.296894 53.134590  -0.785424 0.332986 0.521756  0.625000 0.750000
0  -2.996940 6.299036 53.091625  -0.785417 0.332992 0.521763  0.625000 0.750714
no_material
0  -2.973735 6.296894 53.134590  -0.825654 0.191652 0.530627  0.625000 0.750000
0  -4.005448 9.398193 50.403214  -0.825656 0.191655 0.530623  0.625000 0.744117
0  -4.019099 9.357117 50.402893  -0.825656 0.191658 0.530621  0.625000 0.744404
no_material
0  -4.005448 9.398193 50.403214  -0.892499 0.208037 0.400209  0.625000 0.744117
0  -5.892246 7.356771 47.265247  -0.892505 0.208032 0.400197  0.625000 0.750000
0  -5.870282 7.345937 47.311100  -0.892503 0.208033 0.400202  0.625000 0.750646
no_material
0  -5.892246 7.356771 47.265247  -0.843896 0.341910 0.413446  0.625000 0.750000
0  -5.774224 3.446112 50.732258  -0.843922 0.341881 0.413417  0.625000 0.869792
0  -5.759499 3.494714 50.730076  -0.843896 0.341914 0.413442  0.625000 0.868214
no_material
0  1.281624 14.935957 26.254501  0.593067 0.804812 0.023440  0.625000 0.562500
0  -0.002120 15.851687 27.528559  0.593066 0.804812 0.023442  0.625000 0.625000
0  0.033234 15.818704 27.533936  0.593062 0.804816 0.023447  0.625000 0.623118
no_material
0  -0.002120 15.851687 27.528559  0.595789 0.775437 -0.209123  0.625000 0.625000
0  1.990836 14.974103 29.979332  0.595818 0.775409 -0.209146  0.625000 0.541667
0  1.978605 14.973462 29.915178  0.595797 0.775434 -0.209112  0.625000 0.542319
no_material
0  1.990836 14.974103 29.979332  0.730666 0.641859 -0.232691  0.625000 0.541667
0  2.409391 13.431576 27.014845  0.730665 0.641859 -0.232691  0.625000 0.515239
0  2.378043 13.465381 27.033642  0.730666 0.641857 -0.232696  0.625000 0.516389
no_material
0  2.409391 13.431576 27.014845  0.806079 0.591535 -0.017983  0.625000 0.515239
0  1.281624 14.935957 26.254501  0.806092 0.591517 -0.017965  0.625000 0.562500
0  1.289606 14.935728 26.293018  0.806083 0.591529 -0.017974  0.625000 0.562616
no_material
0  4.050222 7.356768 47.497009  0.975921 0.071685 0.206009  0.625000 0.500000
0  3.272308 9.398193 50.438065  0.975915 0.071661 0.206043  0.625000 0.505884
0  3.282750 9.355663 50.436932  0.975918 0.071650 0.206035  0.625000 0.505589
no_material
0  3.272308 9.398193 50.438065  0.884620 0.091494 0.457249  0.625000 0.505884
0  2.145691 6.296894 53.248726  0.884618 0.091494 0.457253  0.625000 0.500000
0  2.162136 6.293294 53.207077  0.884617 0.091489 0.457255  0.625000 0.499123
no_material
0  2.145691 6.296894 53.248726  0.820175 0.342834 0.458016  0.625000 0.500000
0  4.217186 3.446110 51.658573  0.820192 0.342861 0.457964  0.625000 0.380208
0  4.207437 3.498868 51.651428  0.820188 0.342863 0.457970  0.625000 0.381958
no_material
0  4.217186 3.446110 51.658573  0.919165 0.305361 0.248776  0.625000 0.380208
0  4.050222 7.356768 47.497009  0.919167 0.305351 0.248782  0.625000 0.500000
0  4.033079 7.350043 47.547009  0.919165 0.305356 0.248783  0.625000 0.499419
no_material
0  1.539848 10.294663 51.398830  0.566691 0.766324 0.302669  0.625000 0.562500
0  3.272308 9.398193 50.438065  0.566676 0.766348 0.302638  0.625000 0.505884
0  3.233966 9.426983 50.423908  0.566686 0.766343 0.302629  0.625000 0.507069
no_material
0  3.272308 9.398193 50.438065  0.494054 0.763808 0.415341  0.625000 0.505884
0  2.155787 12.210162 46.588642  0.494057 0.763801 0.415350  0.625000 0.541667
0  2.142354 12.187278 46.653530  0.494057 0.763804 0.415345  0.625000 0.542302
no_material
0  2.155787 12.210162 46.588642  0.386353 0.819682 0.422910  0.625000 0.541667
0  -0.068384 11.839315 49.347012  0.386359 0.819681 0.422908  0.625000 0.625000
0  -0.030205 11.820007 49.341286  0.386355 0.819680 0.422913  0.625000 0.623488
no_material
0  -0.068384 11.839315 49.347012  0.416984 0.852931 0.314058  0.625000 0.625000
0  1.539848 10.294663 51.398830  0.416944 0.852941 0.314084  0.625000 0.562500
0  1.553502 10.304730 51.360828  0.416945 0.852940 0.314085  0.625000 0.562224
no_material
0  2.354677 9.685942 39.160324  0.132842 -0.972416 -0.191728  0.625000 0.541667
0  -0.904325 8.287642 44.020515  0.132835 -0.972419 -0.191719  0.625000 0.625000
0  -0.900816 8.296183 43.953072  0.132841 -0.972417 -0.191726  0.625000 0.625032
no_material
0  -0.904325 8.287642 44.020515  -0.134167 -0.968693 -0.208887  0.625000 0.625000
0  -3.472552 9.685942 39.160313  -0.134180 -0.968688 -0.208902  0.625000 0.708333
0  -3.433487 9.685791 39.161507  -0.134173 -0.968689 -0.208899  0.625000 0.707197
no_material
0  -3.472552 9.685942 39.160313  -0.132580 -0.989524 -0.057142  0.625000 0.708333
0  -0.334844 9.578774 33.824726  -0.132571 -0.989525 -0.057151  0.625000 0.625000
0  -0.337149 9.569878 33.894981  -0.132575 -0.989524 -0.057148  0.625000 0.624978
no_material
0  -0.334844 9.578774 33.824726  0.130976 -0.990357 -0.045155  0.625000 0.625000
0  2.354677 9.685942 39.160324  0.130970 -0.990357 -0.045164  0.625000 0.541667
0  2.315226 9.686207 39.158234  0.130974 -0.990357 -0.045156  0.625000 0.542781
no_material
0  1.281624 14.935957 26.254501  0.626094 0.073909 -0.776237  0.625000 0.562500
0  2.409391 13.431576 27.014845  0.626096 0.073913 -0.776235  0.625000 0.515239
0  2.366023 13.437522 26.986237  0.626092 0.073914 -0.776238  0.625000 0.516905
no_material
0  2.409391 13.431576 27.014845  0.624684 0.259084 -0.736645  0.625000 0.515239
0  1.281623 12.350989 25.684511  0.624673 0.259078 -0.736656  0.625000 0.562500
0  1.282531 12.396194 25.695107  0.624677 0.259081 -0.736652  0.625000 0.562754
no_material
0  1.281623 12.350989 25.684511  0.477992 0.284622 -0.830971  0.625000 0.562500
0  0.000009 13.763386 25.425703  0.477991 0.284622 -0.830972  0.625000 0.625000
0  0.040889 13.757454 25.452599  0.477983 0.284633 -0.830973  0.625000 0.622822
no_material
0  0.000009 13.763386 25.425703  0.478486 0.090592 -0.873410  0.625000 0.625000
0  1.281624 14.935957 26.254501  0.478484 0.090593 -0.873410  0.625000 0.562500
0  1.282786 14.890739 26.245333  0.478476 0.090585 -0.873416  0.625000 0.562743
no_material
0  -0.848929 7.611043 42.381992  -0.272259 0.954317 0.123098  0.625000 0.625000
0  -5.851631 6.906147 36.698936  -0.272254 0.954319 0.123098  0.625000 0.752778
0  -5.849454 6.909903 36.756332  -0.272255 0.954319 0.123098  0.625000 0.752812
no_material
0  -5.851631 6.906147 36.698936  -0.688732 0.705580 0.166746  0.625000 0.752778
0  -7.835343 3.777386 41.808613  -0.688762 0.705560 0.166712  0.625000 0.865408
0  -7.799861 3.796743 41.808990  -0.688735 0.705576 0.166752  0.625000 0.864074
no_material
0  -7.835343 3.777386 41.808613  -0.662037 0.712240 -0.233285  0.625000 0.865408
0  -5.892246 7.356771 47.265247  -0.662002 0.712270 -0.233289  0.625000 0.750000
0  -5.886494 7.357383 47.208843  -0.662010 0.712258 -0.233308  0.625000 0.749954
no_material
0  -5.892246 7.356771 47.265247  -0.244135 0.947819 -0.205029  0.625000 0.750000
0  -0.848929 7.611043 42.381992  -0.244145 0.947819 -0.205019  0.625000 0.625000
0  -0.888882 7.589224 42.381058  -0.244143 0.947820 -0.205018  0.625000 0.626268
no_material
0  -4.434851 10.976200 43.471611  -0.613734 0.787913 0.050227  0.625000 0.740451
0  -2.587525 12.210160 46.588646  -0.613731 0.787916 0.050232  0.625000 0.708333
0  -2.591245 12.217186 46.531353  -0.613732 0.787915 0.050231  0.625000 0.708068
no_material
0  -2.587525 12.210160 46.588646  -0.422866 0.903255 0.072899  0.625000 0.708333
0  -0.109934 13.690443 42.672684  -0.422866 0.903254 0.072911  0.625000 0.625000
0  -0.144307 13.670519 42.668827  -0.422866 0.903255 0.072902  0.625000 0.626228
no_material
0  -0.109934 13.690443 42.672684  -0.399943 0.892051 0.210452  0.625000 0.625000
0  -2.370428 13.623522 38.637383  -0.399943 0.892051 0.210452  0.625000 0.708333
0  -2.369070 13.613028 38.707420  -0.399950 0.892051 0.210440  0.625000 0.707850
no_material
0  -2.370428 13.623522 38.637383  -0.581956 0.791708 0.185810  0.625000 0.708333
0  -4.434851 10.976200 43.471611  -0.581958 0.791704 0.185822  0.625000 0.740451
0  -4.399528 10.997519 43.470345  -0.581958 0.791705 0.185817  0.625000 0.739816
no_material
0  -0.068384 11.839315 49.347012  -0.350236 0.830855 0.432452  0.625000 0.625000
0  -2.587525 12.210160 46.588646  -0.350233 0.830855 0.432454  0.625000 0.708333
0  -2.574487 12.188032 46.647266  -0.350237 0.830855 0.432450  0.625000 0.707786
no_material
0  -2.587525 12.210160 46.588646  -0.423974 0.796892 0.430358  0.625000 0.708333
0  -4.005448 9.398193 50.403214  -0.423974 0.796893 0.430358  0.625000 0.744117
0  -3.963860 9.426033 50.387833  -0.423974 0.796893 0.430358  0.625000 0.743085
no_material
0  -4.005448 9.398193 50.403214  -0.472091 0.807859 0.352837  0.625000 0.744117
0  -1.721812 10.294665 51.398827  -0.472093 0.807860 0.352832  0.625000 0.687500
0  -1.736109 10.305568 51.362015  -0.472095 0.807859 0.352831  0.625000 0.687638
no_material
0  -1.721812 10.294665 51.398827  -0.369882 0.860936 0.349252  0.625000 0.687500
0  -0.068384 11.839315 49.347012  -0.369922 0.860930 0.349223  0.625000 0.625000
0  -0.108854 11.821433 49.343044  -0.369883 0.860935 0.349253  0.625000 0.626425
no_material
0  -0.068384 11.839315 49.347012  0.060600 0.774056 0.630210  0.625000 0.625000
0  -1.721812 10.294665 51.398827  0.060598 0.774059 0.630206  0.625000 0.687500
0  -1.680702 10.295079 51.398354  0.060601 0.774059 0.630206  0.625000 0.685926
no_material
0  -1.721812 10.294665 51.398827  0.062122 0.719882 0.691311  0.625000 0.687500
0  -0.108007 8.598914 53.023193  0.062127 0.719881 0.691311  0.625000 0.625000
0  -0.107714 8.638460 52.978333  0.062128 0.719881 0.691312  0.625000 0.625006
no_material
0  -0.108007 8.598914 53.023193  -0.062192 0.720481 0.690680  0.625000 0.625000
0  1.539848 10.294663 51.398830  -0.062190 0.720478 0.690683  0.625000 0.562500
0  1.498786 10.295380 51.398022  -0.062193 0.720479 0.690683  0.625000 0.564075
no_material
0  1.539848 10.294663 51.398830  -0.060540 0.774725 0.629394  0.625000 0.562500
0  -0.068384 11.839315 49.347012  -0.060534 0.774724 0.629395  0.625000 0.625000
0  -0.068783 11.797221 49.394768  -0.060539 0.774727 0.629391  0.625000 0.624994
no_material
0  -2.370428 13.623522 38.637383  -0.164711 0.983532 0.074400  0.625000 0.708333
0  -0.109934 13.690443 42.672684  -0.164710 0.983532 0.074395  0.625000 0.625000
0  -0.110660 13.701931 42.603241  -0.164712 0.983532 0.074394  0.625000 0.624995
no_material
0  -0.109934 13.690443 42.672684  0.167186 0.983341 0.071335  0.625000 0.625000
0  2.043463 13.623520 38.637386  0.167185 0.983341 0.071342  0.625000 0.541667
0  2.005418 13.623779 38.635826  0.167188 0.983341 0.071336  0.625000 0.543136
no_material
0  2.043463 13.623520 38.637386  0.161197 0.957438 0.239433  0.625000 0.541667
0  -0.051640 15.116950 34.049622  0.161193 0.957441 0.239422  0.625000 0.625000
0  -0.053213 15.103656 34.129982  0.161192 0.957441 0.239425  0.625000 0.624990
no_material
0  -0.051640 15.116950 34.049622  -0.159041 0.959330 0.233220  0.625000 0.625000
0  -2.370428 13.623522 38.637383  -0.159028 0.959333 0.233216  0.625000 0.708333
0  -2.331794 13.623727 38.636143  -0.159026 0.959337 0.233202  0.625000 0.706907
no_material
0  2.042704 10.985003 29.331591  0.800581 -0.599043 0.014784  0.625000 0.541667
0  2.988012 12.347864 33.937172  0.800580 -0.599044 0.014785  0.625000 0.510417
0  2.959917 12.324435 33.936317  0.800581 -0.599042 0.014786  0.625000 0.511199
no_material
0  2.988012 12.347864 33.937172  0.786236 -0.583431 -0.203572  0.625000 0.510417
0  2.354677 9.685942 39.160324  0.786237 -0.583426 -0.203582  0.625000 0.541667
0  2.348123 9.695030 39.068470  0.786236 -0.583430 -0.203577  0.625000 0.542091
no_material
0  2.354677 9.685942 39.160324  0.448739 -0.868560 -0.210324  0.625000 0.541667
0  -0.334844 9.578774 33.824726  0.448724 -0.868561 -0.210356  0.625000 0.625000
0  -0.305429 9.602892 33.828213  0.448737 -0.868560 -0.210331  0.625000 0.623815
no_material
0  -0.334844 9.578774 33.824726  0.453493 -0.890495 -0.036905  0.625000 0.625000
0  2.042704 10.985003 29.331591  0.453477 -0.890504 -0.036886  0.625000 0.541667
0  2.042346 10.972307 29.409655  0.453489 -0.890498 -0.036901  0.625000 0.542069
no_material
0  2.988012 12.347864 33.937172  0.979679 -0.103608 -0.171739  0.625000 0.510417
0  2.042704 10.985003 29.331591  0.979679 -0.103611 -0.171738  0.625000 0.541667
0  2.042551 11.023653 29.342260  0.979680 -0.103608 -0.171733  0.625000 0.541292
no_material
0  2.042704 10.985003 29.331591  0.988606 -0.150528 0.000093  0.625000 0.541667
0  2.409391 13.431576 27.014845  0.988608 -0.150511 0.000079  0.625000 0.515239
0  2.414025 13.422416 27.070127  0.988608 -0.150515 0.000083  0.625000 0.515732
no_material
0  2.409391 13.431576 27.014845  0.984197 0.168937 0.053065  0.625000 0.515239
0  1.990836 14.974103 29.979332  0.984200 0.168929 0.053049  0.625000 0.541667
0  1.991715 14.934393 29.977448  0.984198 0.168934 0.053060  0.625000 0.541289
no_material
0  1.990836 14.974103 29.979332  0.975451 0.178700 -0.128694  0.625000 0.541667
0  2.988012 12.347864 33.937172  0.975450 0.178702 -0.128695  0.625000 0.510417
0  2.981282 12.360087 33.856541  0.975453 0.178694 -0.128685  0.625000 0.510973
no_material
0  -0.051640 15.116950 34.049622  0.517019 0.855009 0.040636  0.625000 0.625000
0  2.043463 13.623520 38.637386  0.517012 0.855013 0.040630  0.625000 0.541667
0  2.043827 13.635697 38.554207  0.517015 0.855011 0.040632  0.625000 0.542089
no_material
0  2.043463 13.623520 38.637386  0.804078 0.594522 -0.001385  0.625000 0.541667
0  2.988012 12.347864 33.937172  0.804083 0.594516 -0.001404  0.625000 0.510417
0  2.960033 12.372865 33.941444  0.804083 0.594515 -0.001403  0.625000 0.511188
no_material
0  2.988012 12.347864 33.937172  0.798048 0.574470 0.181945  0.625000 0.510417
0  1.990836 14.974103 29.979332  0.798049 0.574468 0.181944  0.625000 0.541667
0  1.990416 14.962996 30.055727  0.798049 0.574467 0.181946  0.625000 0.542159
no_material
0  1.990836 14.974103 29.979332  0.501934 0.835279 0.224436  0.625000 0.541667
0  -0.051640 15.116950 34.049622  0.501923 0.835283 0.224446  0.625000 0.625000
0  -0.023649 15.091713 34.046841  0.501928 0.835282 0.224438  0.625000 0.623658
no_material
0  -5.774224 3.446112 50.732258  -0.961992 0.164410 0.218037  0.625000 0.869792
0  -5.892246 7.356771 47.265247  -0.961992 0.164409 0.218038  0.625000 0.750000
0  -5.900357 7.312591 47.260242  -0.961992 0.164409 0.218038  0.625000 0.751298
no_material
0  -5.892246 7.356771 47.265247  -0.958397 0.160128 0.236294  0.625000 0.750000
0  -7.835343 3.777386 41.808613  -0.958397 0.160128 0.236294  0.625000 0.865408
0  -7.822688 3.773315 41.864750  -0.958397 0.160128 0.236294  0.625000 0.865154
no_material
0  -7.835343 3.777386 41.808613  -0.961740 0.138185 0.236561  0.625000 0.865408
0  -7.281698 0.000002 46.268108  -0.961740 0.138185 0.236562  0.625000 0.916667
0  -7.274946 0.043159 46.268051  -0.961740 0.138184 0.236562  0.625000 0.915988
no_material
0  -7.281698 0.000002 46.268108  -0.965888 0.140344 0.217633  0.625000 0.916667
0  -5.774224 3.446112 50.732258  -0.965888 0.140343 0.217634  0.625000 0.869792
0  -5.784886 3.451684 50.683540  -0.965888 0.140342 0.217632  0.625000 0.869344
no_material
0  2.145691 6.296894 53.248726  0.059914 0.153669 0.986304  0.625000 0.500000
0  -0.108007 8.598914 53.023193  0.059926 0.153665 0.986304  0.625000 0.625000
0  -0.110949 8.554394 53.034073  0.059925 0.153667 0.986304  0.625209 0.624844
no_material
0  -0.108007 8.598914 53.023193  -0.101987 0.173038 0.979621  0.625000 0.625000
0  -2.973735 6.296894 53.134590  -0.101996 0.173035 0.979620  0.625000 0.750000
0  -2.927529 6.290193 53.137268  -0.101993 0.173035 0.979621  0.625904 0.747738
no_material
0  -2.973735 6.296894 53.134590  -0.089619 0.305242 0.948048  0.625000 0.750000
0  -0.755716 3.219613 54.330963  -0.089622 0.305243 0.948048  0.750000 0.625000
0  -0.752086 3.273495 54.317799  -0.089624 0.305244 0.948047  0.747979 0.625105
no_material
0  -0.755716 3.219613 54.330963  0.047625 0.291822 0.955286  0.750000 0.625000
0  2.145691 6.296894 53.248726  0.047608 0.291827 0.955285  0.625000 0.500000
0  2.098894 6.295564 53.248005  0.047622 0.291826 0.955285  0.625801 0.502313
no_material
0  -1.721812 10.294665 51.398827  -0.496818 0.418559 0.760250  0.625000 0.687500
0  -4.005448 9.398193 50.403214  -0.496810 0.418566 0.760252  0.625000 0.744117
0  -3.964748 9.382368 50.435104  -0.496817 0.418561 0.760249  0.625000 0.743348
no_material
0  -4.005448 9.398193 50.403214  -0.440153 0.506938 0.741133  0.625000 0.744117
0  -2.973735 6.296894 53.134590  -0.440153 0.506938 0.741134  0.625000 0.750000
0  -2.956250 6.347155 53.113724  -0.440153 0.506943 0.741130  0.625000 0.748784
no_material
0  -2.973735 6.296894 53.134590  -0.372795 0.503097 0.779691  0.625000 0.750000
0  -0.108007 8.598914 53.023193  -0.372797 0.503091 0.779693  0.625000 0.625000
0  -0.152164 8.595651 53.000977  -0.372795 0.503095 0.779692  0.625000 0.626835
no_material
0  -0.108007 8.598914 53.023193  -0.394672 0.410555 0.821997  0.625000 0.625000
0  -1.721812 10.294665 51.398827  -0.394672 0.410554 0.821997  0.625000 0.687500
0  -1.736395 10.260427 51.411575  -0.394676 0.410557 0.821994  0.625000 0.687711
no_material
0  1.990836 14.974103 29.979332  0.158179 0.962920 0.218550  0.625000 0.541667
0  -0.002120 15.851687 27.528559  0.158178 0.962920 0.218549  0.625000 0.625000
0  -0.002481 15.845546 27.583067  0.158178 0.962921 0.218546  0.625000 0.624991
no_material
0  -0.002120 15.851687 27.528559  -0.157706 0.963646 0.215673  0.625000 0.625000
0  -2.049622 14.974103 29.979332  -0.157704 0.963647 0.215671  0.625000 0.708333
0  -2.009247 14.973606 29.983747  -0.157712 0.963643 0.215683  0.625000 0.706671
no_material
0  -2.049622 14.974103 29.979332  -0.139238 0.989736 0.032180  0.625000 0.708333
0  -0.051640 15.116950 34.049622  -0.139248 0.989735 0.032161  0.625000 0.625000
0  -0.051304 15.125492 33.973812  -0.139242 0.989736 0.032173  0.625000 0.625004
no_material
0  -0.051640 15.116950 34.049622  0.139417 0.989659 0.033745  0.625000 0.625000
0  1.990836 14.974103 29.979332  0.139409 0.989660 0.033755  0.625000 0.541667
0  1.950470 14.973656 29.983301  0.139412 0.989659 0.033749  0.625000 0.543335
no_material
0  -0.002120 15.851687 27.528559  -0.095753 0.761875 -0.640608  0.625000 0.625000
0  1.281624 14.935957 26.254501  -0.095740 0.761863 -0.640624  0.625000 0.562500
0  1.236384 14.936663 26.255211  -0.095753 0.761874 -0.640609  0.625000 0.564705
no_material
0  1.281624 14.935957 26.254501  -0.099435 0.642262 -0.760008  0.625000 0.562500
0  0.000009 13.763386 25.425703  -0.099438 0.642267 -0.760004  0.625000 0.625000
0  0.000009 13.799271 25.461840  -0.099439 0.642265 -0.760005  0.625000 0.625000
no_material
0  0.000009 13.763386 25.425703  0.099523 0.642273 -0.759987  0.625000 0.625000
0  -1.281604 14.935954 26.254501  0.099524 0.642281 -0.759980  0.625000 0.687500
0  -1.236397 14.936686 26.255238  0.099525 0.642274 -0.759986  0.625000 0.685294
no_material
0  -1.281604 14.935954 26.254501  0.095923 0.761897 -0.640556  0.625000 0.687500
0  -0.002120 15.851687 27.528559  0.095920 0.761892 -0.640562  0.625000 0.625000
0  -0.002076 15.813883 27.490490  0.095929 0.761902 -0.640549  0.625000 0.625001
no_material
0  1.281623 12.350989 25.684511  0.803242 -0.548972 -0.231155  0.625000 0.562500
0  2.409391 13.431576 27.014845  0.803255 -0.548938 -0.231187  0.625000 0.515239
0  2.379361 13.394747 27.019682  0.803253 -0.548941 -0.231188  0.625000 0.516374
no_material
0  2.409391 13.431576 27.014845  0.738904 -0.517382 -0.431668  0.625000 0.515239
0  2.042704 10.985003 29.331591  0.738906 -0.517368 -0.431681  0.625000 0.541667
0  2.029854 11.008408 29.269457  0.738906 -0.517369 -0.431680  0.625000 0.542277
no_material
0  2.042704 10.985003 29.331591  0.613267 -0.646776 -0.453414  0.625000 0.541667
0  -0.013450 11.011469 26.501129  0.613268 -0.646781 -0.453405  0.625000 0.625000
0  0.021818 11.040454 26.518843  0.613261 -0.646779 -0.453417  0.625000 0.623170
no_material
0  -0.013450 11.011469 26.501129  0.603582 -0.750866 -0.268122  0.625000 0.625000
0  1.281623 12.350989 25.684511  0.603577 -0.750874 -0.268111  0.625000 0.562500
0  1.288470 12.336577 25.720800  0.603585 -0.750866 -0.268114  0.625000 0.562646
no_material
0  4.997314 -4.997299 58.345421  0.621014 0.107830 -0.776347  0.375000 0.500000
0  0.000016 -0.000001 55.036491  0.621023 0.107832 -0.776339  0.250000 0.625000
0  0.038103 -0.000001 55.073177  0.621015 0.107833 -0.776345  0.251121 0.622910
no_material
0  0.000016 -0.000001 55.036491  0.620956 -0.107768 -0.776402  0.250000 0.625000
0  4.997316 4.997296 58.345428  0.620964 -0.107767 -0.776396  0.375000 0.250000
0  4.997322 4.952472 58.345432  0.620959 -0.107771 -0.776399  0.375000 0.252000
no_material
0  4.997316 4.997296 58.345428  0.752437 -0.107800 -0.649783  0.375000 0.250000
0  8.494763 -0.000002 63.218567  0.752429 -0.107822 -0.649789  0.500000 0.375000
0  8.456657 -0.000002 63.181866  0.752440 -0.107817 -0.649777  0.498879 0.375152
no_material
0  8.494763 -0.000002 63.218567  0.752542 0.107751 -0.649669  0.500000 0.375000
0  4.997314 -4.997299 58.345421  0.752542 0.107750 -0.649669  0.375000 0.500000
0  4.997321 -4.952476 58.345428  0.752551 0.107761 -0.649657  0.375000 0.499758
no_material
0  -2.370428 13.623522 38.637383  -0.494562 0.868577 0.031362  0.625000 0.708333
0  -0.051640 15.116950 34.049622  -0.494556 0.868580 0.031344  0.625000 0.625000
0  -0.080952 15.092804 34.046375  -0.494566 0.868574 0.031358  0.625000 0.626300
no_material
0  -0.051640 15.116950 34.049622  -0.481824 0.851141 0.208337  0.625000 0.625000
0  -2.049622 14.974103 29.979332  -0.481832 0.851139 0.208331  0.625000 0.708333
0  -2.051248 14.963585 30.052614  -0.481828 0.851140 0.208332  0.625000 0.707852
no_material
0  -2.049622 14.974103 29.979332  -0.762169 0.626698 0.162318  0.625000 0.708333
0  -3.374497 12.347861 33.937172  -0.762169 0.626696 0.162328  0.625000 0.739583
0  -3.345200 12.371787 33.942070  -0.762174 0.626687 0.162338  0.625000 0.738852
no_material
0  -3.374497 12.347861 33.937172  -0.765242 0.643617 -0.012712  0.625000 0.739583
0  -2.370428 13.623522 38.637383  -0.765248 0.643610 -0.012736  0.625000 0.708333
0  -2.368742 13.634943 38.557278  -0.765247 0.643611 -0.012732  0.625000 0.707938
no_material
0  -2.233310 10.985003 29.331585  -0.469429 -0.879788 -0.074898  0.625000 0.708333
0  -0.334844 9.578774 33.824726  -0.469431 -0.879785 -0.074912  0.625000 0.625000
0  -0.362931 9.604196 33.826439  -0.469439 -0.879780 -0.074929  0.625000 0.626223
no_material
0  -0.334844 9.578774 33.824726  -0.458287 -0.851704 -0.254112  0.625000 0.625000
0  -3.472552 9.685942 39.160313  -0.458281 -0.851702 -0.254129  0.625000 0.708333
0  -3.457021 9.695782 39.063087  -0.458295 -0.851703 -0.254101  0.625000 0.707909
no_material
0  -3.472552 9.685942 39.160313  -0.813801 -0.510693 -0.277345  0.625000 0.708333
0  -3.374497 12.347861 33.937172  -0.813804 -0.510680 -0.277362  0.625000 0.739583
0  -3.347979 12.323153 33.938412  -0.813800 -0.510695 -0.277346  0.625000 0.738752
no_material
0  -3.374497 12.347861 33.937172  -0.841650 -0.537940 -0.047396  0.625000 0.739583
0  -2.233310 10.985003 29.331585  -0.841656 -0.537933 -0.047373  0.625000 0.708333
0  -2.239645 10.970990 29.411537  -0.841654 -0.537934 -0.047379  0.625000 0.707887
no_material
0  -0.334844 9.578774 33.824726  -0.115012 -0.960562 -0.253165  0.625000 0.625000
0  -2.233310 10.985003 29.331585  -0.115018 -0.960562 -0.253164  0.625000 0.708333
0  -2.194101 10.983912 29.337164  -0.115014 -0.960562 -0.253166  0.625000 0.706777
no_material
0  -2.233310 10.985003 29.331585  -0.131031 -0.985218 -0.110348  0.625000 0.708333
0  -0.013450 11.011469 26.501129  -0.131028 -0.985218 -0.110353  0.625000 0.625000
0  -0.014488 11.000690 26.556223  -0.131035 -0.985218 -0.110344  0.625000 0.624973
no_material
0  -0.013450 11.011469 26.501129  0.129623 -0.986343 -0.101611  0.625000 0.625000
0  2.042704 10.985003 29.331591  0.129622 -0.986343 -0.101619  0.625000 0.541667
0  2.002652 10.984364 29.334866  0.129617 -0.986342 -0.101627  0.625000 0.543204
no_material
0  2.042704 10.985003 29.331591  0.114140 -0.963484 -0.242219  0.625000 0.541667
0  -0.334844 9.578774 33.824726  0.114146 -0.963482 -0.242227  0.625000 0.625000
0  -0.331355 9.594587 33.743896  0.114140 -0.963485 -0.242216  0.625000 0.625027
no_material
0  -3.472552 9.685942 39.160313  -0.975382 0.001788 -0.220514  0.625000 0.708333
0  -4.434851 10.976200 43.471611  -0.975383 0.001790 -0.220511  0.625000 0.740451
0  -4.424986 10.989169 43.383690  -0.975384 0.001791 -0.220506  0.625000 0.739863
no_material
0  -4.434851 10.976200 43.471611  -0.876588 0.465796 -0.120946  0.625000 0.740451
0  -2.370428 13.623522 38.637383  -0.876588 0.465797 -0.120944  0.625000 0.708333
0  -2.379879 13.587293 38.632675  -0.876590 0.465793 -0.120938  0.625000 0.708652
no_material
0  -2.370428 13.623522 38.637383  -0.873171 0.484049 0.057174  0.625000 0.708333
0  -3.374497 12.347861 33.937172  -0.873167 0.484053 0.057199  0.625000 0.739583
0  -3.382369 12.342779 34.027020  -0.873168 0.484053 0.057191  0.625000 0.739030
no_material
0  -3.374497 12.347861 33.937172  -0.999317 0.036915 0.001555  0.625000 0.739583
0  -3.472552 9.685942 39.160313  -0.999319 0.036883 0.001519  0.625000 0.708333
0  -3.463439 9.720832 39.164700  -0.999317 0.036924 0.001534  0.625000 0.708678
no_material
0  -3.374497 12.347861 33.937172  -0.958970 0.223788 -0.174053  0.625000 0.739583
0  -2.049622 14.974103 29.979332  -0.958968 0.223759 -0.174102  0.625000 0.708333
0  -2.052037 14.934341 29.977482  -0.958973 0.223750 -0.174087  0.625000 0.708709
no_material
0  -2.049622 14.974103 29.979332  -0.976469 0.215219 0.013739  0.625000 0.708333
0  -2.424962 13.431576 27.014845  -0.976470 0.215216 0.013735  0.625000 0.734761
0  -2.432475 13.422900 27.069567  -0.976468 0.215225 0.013750  0.625000 0.734268
no_material
0  -2.424962 13.431576 27.014845  -0.991959 -0.119556 -0.041525  0.625000 0.734761
0  -2.233310 10.985003 29.331585  -0.991959 -0.119555 -0.041522  0.625000 0.708333
0  -2.232132 11.023435 29.342491  -0.991960 -0.119545 -0.041532  0.625000 0.708708
no_material
0  -2.233310 10.985003 29.331585  -0.972616 -0.070342 -0.221519  0.625000 0.708333
0  -3.374497 12.347861 33.937172  -0.972613 -0.070347 -0.221529  0.625000 0.739583
0  -3.363396 12.360396 33.856178  -0.972612 -0.070347 -0.221534  0.625000 0.739028
no_material
0  -1.281605 12.350989 25.684511  0.109721 -0.271300 -0.956221  0.625000 0.687500
0  0.000009 13.763386 25.425703  0.109711 -0.271308 -0.956219  0.625000 0.625000
0  0.000009 13.716036 25.444206  0.109712 -0.271306 -0.956220  0.625000 0.624998
no_material
0  0.000009 13.763386 25.425703  -0.109250 -0.270873 -0.956396  0.625000 0.625000
0  1.281623 12.350989 25.684511  -0.109239 -0.270875 -0.956396  0.625000 0.562500
0  1.236236 12.350140 25.684841  -0.109244 -0.270876 -0.956395  0.625000 0.564704
no_material
0  1.281623 12.350989 25.684511  -0.105119 -0.444379 -0.889650  0.625000 0.562500
0  -0.013450 11.011469 26.501129  -0.105121 -0.444381 -0.889649  0.625000 0.625000
0  -0.013173 11.061355 26.481632  -0.105127 -0.444386 -0.889646  0.625000 0.625008
no_material
0  -0.013450 11.011469 26.501129  0.105541 -0.445685 -0.888947  0.625000 0.625000
0  -1.281605 12.350989 25.684511  0.105524 -0.445669 -0.888956  0.625000 0.687500
0  -1.236426 12.349927 25.684925  0.105535 -0.445678 -0.888951  0.625000 0.685288
no_material
0  -2.587525 12.210160 46.588646  -0.768778 0.601097 0.218318  0.625000 0.708333
0  -4.434851 10.976200 43.471611  -0.768780 0.601097 0.218312  0.625000 0.740451
0  -4.430007 10.966110 43.525295  -0.768779 0.601097 0.218316  0.625000 0.740248
no_material
0  -4.434851 10.976200 43.471611  -0.816082 0.541081 0.203081  0.625000 0.740451
0  -5.892246 7.356771 47.265247  -0.816056 0.541109 0.203110  0.625000 0.750000
0  -5.865075 7.394542 47.266464  -0.816081 0.541083 0.203079  0.625000 0.749849
no_material
0  -5.892246 7.356771 47.265247  -0.828117 0.541410 0.145248  0.625000 0.750000
0  -4.005448 9.398193 50.403214  -0.828114 0.541415 0.145248  0.625000 0.744117
0  -4.013786 9.402908 50.351021  -0.828117 0.541411 0.145245  0.625000 0.743946
no_material
0  -4.005448 9.398193 50.403214  -0.783878 0.602022 0.152003  0.625000 0.744117
0  -2.587525 12.210160 46.588646  -0.783878 0.602020 0.152010  0.625000 0.708333
0  -2.612334 12.176023 46.586422  -0.783879 0.602020 0.152007  0.625000 0.708829
no_material
0  0.000020 8.494744 63.218571  0.114160 0.757255 0.643065  0.500000 0.125000
0  -5.121423 5.121444 68.091728  0.114117 0.757278 0.643045  0.625000 1.000000
0  -5.076129 5.121205 68.091957  0.114156 0.757255 0.643066  0.624994 0.994924
no_material
0  -5.121423 5.121444 68.091728  0.112711 0.615637 0.779928  0.625000 1.000000
0  0.000020 -0.000001 71.400658  0.112708 0.615637 0.779928  0.750000 0.625000
0  0.000020 0.037878 71.364174  0.112711 0.615634 0.779930  0.748899 0.624693
no_material
0  0.000020 -0.000001 71.400658  -0.112782 0.615599 0.779948  0.750000 0.625000
0  5.121464 5.121442 68.091728  -0.112764 0.615604 0.779946  0.625000 0.250000
0  5.076170 5.121203 68.091957  -0.112772 0.615604 0.779945  0.624994 0.251557
no_material
0  5.121464 5.121442 68.091728  -0.114209 0.757258 0.643053  0.625000 0.250000
0  0.000020 8.494744 63.218571  -0.114205 0.757264 0.643047  0.500000 0.125000
0  0.000020 8.457497 63.254448  -0.114207 0.757264 0.643047  0.501110 0.129125
no_material
0  -1.281604 14.935954 26.254501  -0.804456 0.593338 -0.028291  0.625000 0.687500
0  -2.424962 13.431576 27.014845  -0.804446 0.593354 -0.028244  0.625000 0.734761
0  -2.393861 13.465216 27.033863  -0.804458 0.593336 -0.028291  0.625000 0.733615
no_material
0  -2.424962 13.431576 27.014845  -0.726596 0.642243 -0.244094  0.625000 0.734761
0  -2.049622 14.974103 29.979332  -0.726594 0.642249 -0.244084  0.625000 0.708333
0  -2.036484 14.973372 29.915241  -0.726597 0.642243 -0.244091  0.625000 0.707690
no_material
0  -2.049622 14.974103 29.979332  -0.591295 0.776338 -0.218335  0.625000 0.708333
0  -0.002120 15.851687 27.528559  -0.591291 0.776341 -0.218335  0.625000 0.625000
0  -0.037796 15.818696 27.533760  -0.591295 0.776338 -0.218331  0.625000 0.626878
no_material
0  -0.002120 15.851687 27.528559  -0.589476 0.807628 0.015958  0.625000 0.625000
0  -1.281604 14.935954 26.254501  -0.589477 0.807628 0.015960  0.625000 0.687500
0  -1.289890 14.935997 26.292910  -0.589480 0.807625 0.015957  0.625000 0.687376
no_material
0  5.121464 5.121442 68.091728  0.764466 0.630465 -0.134556  0.875000 0.500000
0  8.494763 -0.000002 63.218567  0.764475 0.630460 -0.134527  0.500000 0.375000
0  8.456388 0.038376 63.218681  0.764468 0.630465 -0.134547  0.499996 0.375842
no_material
0  8.494763 -0.000002 63.218567  0.767729 0.633026 0.099345  0.500000 0.375000
0  4.997316 4.997296 58.345428  0.767750 0.633007 0.099302  0.125000 0.500000
0  4.997876 4.997856 58.389381  0.767752 0.633006 0.099303  0.128394 0.498256
no_material
0  4.997316 4.997296 58.345428  0.633188 0.767591 0.099388  0.125000 0.500000
0  0.000020 8.494744 63.218571  0.633190 0.767588 0.099395  0.500000 0.125000
0  0.038398 8.456368 63.218685  0.633188 0.767590 0.099391  0.499996 0.128101
no_material
0  0.000020 8.494744 63.218571  0.630639 0.764323 -0.134553  0.500000 0.125000
0  5.121464 5.121442 68.091728  0.630651 0.764313 -0.134554  0.875000 0.500000
0  5.120902 5.120880 68.047623  0.630655 0.764311 -0.134550  0.871617 0.498259
no_material
0  4.217186 3.446110 51.658573  0.574362 -0.040594 0.817594  0.625000 0.380208
0  2.145691 6.296894 53.248726  0.574340 -0.040632 0.817608  0.625000 0.500000
0  2.146333 6.247715 53.252480  0.574343 -0.040635 0.817606  0.625821 0.499595
no_material
0  2.145691 6.296894 53.248726  0.370076 -0.023845 0.928695  0.625000 0.500000
0  -0.755716 3.219613 54.330963  0.370086 -0.023856 0.928691  0.750000 0.625000
0  -0.714856 3.217261 54.309353  0.370072 -0.023857 0.928697  0.748187 0.621334
no_material
0  -0.755716 3.219613 54.330963  0.361888 0.173869 0.915864  0.750000 0.625000
0  2.032740 0.000000 53.833530  0.361894 0.173848 0.915865  0.625000 0.250000
0  2.031174 0.053299 53.829926  0.361880 0.173864 0.915868  0.625897 0.253822
no_material
0  2.032740 0.000000 53.833530  0.555595 0.163836 0.815151  0.625000 0.250000
0  4.217186 3.446110 51.658573  0.555580 0.163867 0.815156  0.625000 0.380208
0  4.177063 3.445169 51.680061  0.555603 0.163841 0.815145  0.625209 0.380707
no_material
0  1.539848 10.294663 51.398830  0.440733 0.358489 0.822946  0.625000 0.562500
0  -0.108007 8.598914 53.023193  0.440740 0.358490 0.822942  0.625000 0.625000
0  -0.067272 8.592046 53.001259  0.440734 0.358488 0.822946  0.625000 0.623010
no_material
0  -0.108007 8.598914 53.023193  0.410108 0.479117 0.776053  0.625000 0.625000
0  2.145691 6.296894 53.248726  0.410101 0.479124 0.776052  0.625000 0.500000
0  2.132185 6.352013 53.226479  0.410107 0.479118 0.776053  0.625000 0.501440
no_material
0  2.145691 6.296894 53.248726  0.508410 0.470132 0.721454  0.625000 0.500000
0  3.272308 9.398193 50.438065  0.508406 0.470132 0.721457  0.625000 0.505884
0  3.231966 9.384808 50.471066  0.508409 0.470128 0.721457  0.625000 0.506821
no_material
0  3.272308 9.398193 50.438065  0.586587 0.342296 0.733995  0.625000 0.505884
0  1.539848 10.294663 51.398830  0.586594 0.342328 0.733975  0.625000 0.562500
0  1.552975 10.259024 51.410435  0.586585 0.342292 0.733998  0.625000 0.562111
no_material
0  -0.109934 13.690443 42.672684  0.470584 0.880368 0.059182  0.625000 0.625000
0  2.155787 12.210162 46.588642  0.470583 0.880368 0.059190  0.625000 0.541667
0  2.158522 12.218737 46.525513  0.470579 0.880371 0.059185  0.625000 0.541952
no_material
0  2.155787 12.210162 46.588642  0.721718 0.691960 0.017740  0.625000 0.541667
0  3.424747 10.976198 43.476147  0.721715 0.691963 0.017735  0.625000 0.509549
0  3.393186 10.999322 43.475609  0.721711 0.691967 0.017753  0.625000 0.510294
no_material
0  3.424747 10.976198 43.476147  0.681234 0.706176 0.192962  0.625000 0.509549
0  2.043463 13.623520 38.637386  0.681239 0.706168 0.192977  0.625000 0.541667
0  2.040100 13.612911 38.715405  0.681233 0.706178 0.192959  0.625000 0.542202
no_material
0  2.043463 13.623520 38.637386  0.438821 0.870885 0.221350  0.625000 0.541667
0  -0.109934 13.690443 42.672684  0.438816 0.870887 0.221352  0.625000 0.625000
0  -0.078182 13.667938 42.668686  0.438817 0.870887 0.221351  0.625000 0.623688
no_material
0  0.000009 13.763386 25.425703  -0.477036 0.283418 -0.831932  0.625000 0.625000
0  -1.281605 12.350989 25.684511  -0.477051 0.283414 -0.831925  0.625000 0.687500
0  -1.282583 12.396095 25.695129  -0.477042 0.283424 -0.831926  0.625000 0.687244
no_material
0  -1.281605 12.350989 25.684511  -0.620928 0.258240 -0.740108  0.625000 0.687500
0  -2.424962 13.431576 27.014845  -0.620932 0.258242 -0.740105  0.625000 0.734761
0  -2.381307 13.437520 26.986231  -0.620932 0.258242 -0.740105  0.625000 0.733100
no_material
0  -2.424962 13.431576 27.014845  -0.622321 0.076295 -0.779035  0.625000 0.734761
0  -1.281604 14.935954 26.254501  -0.622333 0.076285 -0.779026  0.625000 0.687500
0  -1.282836 14.890816 26.245394  -0.622328 0.076291 -0.779030  0.625000 0.687255
no_material
0  -1.281604 14.935954 26.254501  -0.477359 0.092123 -0.873866  0.625000 0.687500
0  0.000009 13.763386 25.425703  -0.477355 0.092131 -0.873867  0.625000 0.625000
0  -0.040964 13.757479 25.452486  -0.477349 0.092118 -0.873872  0.625000 0.627176
no_material
0  5.121461 -5.121445 68.091728  0.630578 -0.764375 -0.134545  0.625000 0.500000
0  0.000016 -8.494745 63.218571  0.630598 -0.764359 -0.134544  0.500000 0.625000
0  0.038394 -8.456370 63.218685  0.630590 -0.764366 -0.134543  0.499999 0.623871
no_material
0  0.000016 -8.494745 63.218571  0.633078 -0.767691 0.099307  0.500000 0.625000
0  4.997314 -4.997299 58.345421  0.633072 -0.767697 0.099307  0.375000 0.500000
0  4.997874 -4.997859 58.389381  0.633071 -0.767697 0.099310  0.376131 0.500000
no_material
0  4.997314 -4.997299 58.345421  0.767622 -0.633153 0.099363  0.375000 0.500000
0  8.494763 -0.000002 63.218567  0.767617 -0.633159 0.099370  0.500000 0.375000
0  8.456388 -0.038381 63.218681  0.767619 -0.633157 0.099363  0.499999 0.376129
no_material
0  8.494763 -0.000002 63.218567  0.764509 -0.630409 -0.134576  0.500000 0.375000
0  5.121461 -5.121445 68.091728  0.764542 -0.630379 -0.134529  0.625000 0.500000
0  5.120900 -5.120883 68.047623  0.764548 -0.630370 -0.134536  0.623872 0.500000
no_material
0  -5.121425 -5.121442 68.091728  -0.764414 -0.630524 -0.134577  0.625000 0.750000
0  -8.494727 0.000001 63.218575  -0.764424 -0.630512 -0.134575  0.500000 0.875000
0  -8.456352 -0.038377 63.218689  -0.764421 -0.630515 -0.134581  0.499999 0.873871
no_material
0  -8.494727 0.000001 63.218575  -0.767779 -0.632970 0.099320  0.500000 0.875000
0  -4.997282 -4.997297 58.345421  -0.767811 -0.632936 0.099289  0.375000 0.750000
0  -4.997842 -4.997857 58.389381  -0.767785 -0.632963 0.099320  0.376131 0.750000
no_material
0  -4.997282 -4.997297 58.345421  -0.633021 -0.767730 0.099370  0.375000 0.750000
0  0.000016 -8.494745 63.218571  -0.633019 -0.767734 0.099357  0.500000 0.625000
0  -0.038362 -8.456370 63.218685  -0.633018 -0.767733 0.099367  0.499999 0.626129
no_material
0  0.000016 -8.494745 63.218571  -0.630639 -0.764328 -0.134528  0.500000 0.625000
0  -5.121425 -5.121442 68.091728  -0.630667 -0.764298 -0.134566  0.625000 0.750000
0  -5.120863 -5.120881 68.047623  -0.630655 -0.764305 -0.134578  0.623872 0.750000
no_material
0  -4.997280 4.997298 58.345428  0.107900 0.752525 -0.649665  0.375000 1.000000
0  0.000020 8.494744 63.218571  0.107920 0.752498 -0.649692  0.500000 0.125000
0  0.000020 8.456638 63.181870  0.107920 0.752499 -0.649691  0.498879 0.129180
no_material
0  0.000020 8.494744 63.218571  -0.107726 0.752580 -0.649630  0.500000 0.125000
0  4.997316 4.997296 58.345428  -0.107752 0.752551 -0.649658  0.375000 0.250000
0  4.952492 4.997302 58.345432  -0.107765 0.752558 -0.649648  0.375000 0.251607
no_material
0  4.997316 4.997296 58.345428  -0.107920 0.620972 -0.776368  0.375000 0.250000
0  0.000016 -0.000001 55.036491  -0.107908 0.620964 -0.776376  0.250000 0.625000
0  0.000016 0.038087 55.073177  -0.107919 0.620952 -0.776384  0.251121 0.624695
no_material
0  0.000016 -0.000001 55.036491  0.107867 0.620917 -0.776420  0.250000 0.625000
0  -4.997280 4.997298 58.345428  0.107870 0.620907 -0.776427  0.375000 1.000000
0  -4.952456 4.997304 58.345432  0.107869 0.620912 -0.776423  0.375000 0.994880
no_material
0  8.494763 -0.000002 63.218567  0.757102 -0.114051 0.643265  0.500000 0.375000
0  5.121464 5.121442 68.091728  0.757094 -0.114073 0.643270  0.625000 0.250000
0  5.121226 5.076148 68.091957  0.757095 -0.114073 0.643268  0.624994 0.251973
no_material
0  5.121464 5.121442 68.091728  0.615778 -0.112660 0.779824  0.625000 0.250000
0  0.000020 -0.000001 71.400658  0.615806 -0.112713 0.779794  0.750000 0.625000
0  0.037899 -0.000001 71.364174  0.615779 -0.112670 0.779822  0.748899 0.622952
no_material
0  0.000020 -0.000001 71.400658  0.615463 0.112693 0.780068  0.750000 0.625000
0  5.121461 -5.121445 68.091728  0.615462 0.112687 0.780069  0.625000 0.500000
0  5.121223 -5.076151 68.091957  0.615464 0.112685 0.780068  0.624994 0.499762
no_material
0  5.121461 -5.121445 68.091728  0.757224 0.114083 0.643115  0.625000 0.500000
0  8.494763 -0.000002 63.218567  0.757222 0.114096 0.643115  0.500000 0.375000
0  8.457516 -0.000002 63.254444  0.757223 0.114086 0.643116  0.501110 0.375158
no_material
0  5.772214 -3.491132 30.751987  0.888659 0.161588 -0.429156  0.624772 0.352719
0  3.893814 -0.000002 28.161860  0.888661 0.161577 -0.429155  0.625000 0.230556
0  3.907609 -0.000002 28.205046  0.888658 0.161587 -0.429159  0.624999 0.232106
no_material
0  3.893814 -0.000002 28.161860  0.888649 -0.161535 -0.429196  0.625000 0.230556
0  5.772216 3.491129 30.751987  0.888645 -0.161537 -0.429203  0.625000 0.353281
0  5.774225 3.446632 30.758278  0.888643 -0.161541 -0.429207  0.625000 0.352475
no_material
0  5.772216 3.491129 30.751987  0.970036 -0.127875 -0.206585  0.625000 0.353281
0  6.513445 -0.000001 36.362839  0.970026 -0.127918 -0.206605  0.625000 0.327778
0  6.493852 -0.000001 36.301502  0.970036 -0.127870 -0.206592  0.624999 0.327984
no_material
0  6.513445 -0.000001 36.362839  0.970066 0.127752 -0.206521  0.625000 0.327778
0  5.772214 -3.491132 30.751987  0.970066 0.127752 -0.206524  0.624772 0.352719
0  5.774224 -3.446636 30.758278  0.970066 0.127752 -0.206523  0.624775 0.351919
no_material
0  -0.000002 -6.335350 -0.156452  -0.137566 -0.512307 -0.847713  0.246528 0.625000
0  1.652048 -7.961646 0.565737  -0.137544 -0.512328 -0.847703  0.375000 0.500000
0  1.605537 -7.962360 0.566306  -0.137562 -0.512310 -0.847712  0.373540 0.503519
no_material
0  1.652048 -7.961646 0.565737  -0.132903 -0.708095 -0.693497  0.375000 0.500000
0  -0.000176 -9.140454 2.076960  -0.132891 -0.708087 -0.693508  0.376420 0.625000
0  -0.000173 -9.100126 2.044851  -0.132904 -0.708095 -0.693497  0.376110 0.625000
no_material
0  -0.000176 -9.140454 2.076960  0.132829 -0.708179 -0.693426  0.376420 0.625000
0  -1.652052 -7.961646 0.565739  0.132833 -0.708183 -0.693420  0.375000 0.750000
0  -1.605543 -7.962363 0.566309  0.132831 -0.708181 -0.693423  0.373540 0.746481
no_material
0  -1.652052 -7.961646 0.565739  0.137612 -0.512374 -0.847665  0.375000 0.750000
0  -0.000002 -6.335350 -0.156452  0.137613 -0.512375 -0.847664  0.246528 0.625000
0  -0.000002 -6.373994 -0.125683  0.137624 -0.512363 -0.847670  0.249897 0.625000
no_material
0  -4.997282 -4.997297 58.345421  0.107876 -0.620960 -0.776383  0.375000 0.750000
0  0.000016 -0.000001 55.036491  0.107884 -0.620956 -0.776386  0.250000 0.625000
0  0.000016 -0.038089 55.073177  0.107884 -0.620956 -0.776386  0.251121 0.625000
no_material
0  0.000016 -0.000001 55.036491  -0.107707 -0.620957 -0.776410  0.250000 0.625000
0  4.997314 -4.997299 58.345421  -0.107705 -0.620959 -0.776408  0.375000 0.500000
0  4.952491 -4.997305 58.345428  -0.107700 -0.620963 -0.776406  0.375000 0.501121
no_material
0  4.997314 -4.997299 58.345421  -0.107876 -0.752500 -0.649698  0.375000 0.500000
0  0.000016 -8.494745 63.218571  -0.107880 -0.752501 -0.649696  0.500000 0.625000
0  0.000016 -8.456639 63.181870  -0.107876 -0.752499 -0.649698  0.498879 0.625000
no_material
0  0.000016 -8.494745 63.218571  0.107769 -0.752552 -0.649655  0.500000 0.625000
0  -4.997282 -4.997297 58.345421  0.107749 -0.752570 -0.649637  0.375000 0.750000
0  -4.952458 -4.997303 58.345428  0.107744 -0.752579 -0.649628  0.375000 0.748879
no_material
0  2.332607 -2.633687 22.406374  0.146537 0.989164 -0.008985  0.573222 0.250000
0  -0.116408 -2.348431 14.579193  0.146535 0.989165 -0.008993  0.492680 0.125000
0  -0.119012 -2.340714 14.684817  0.146537 0.989164 -0.008988  0.494019 0.131586
no_material
0  -0.116408 -2.348431 14.579193  -0.162927 0.986474 -0.017998  0.492680 0.125000
0  -2.967762 -2.670922 22.371883  -0.162932 0.986473 -0.017986  0.609833 1.000000
0  -2.929898 -2.670956 22.368032  -0.162927 0.986474 -0.017997  0.609364 0.989876
no_material
0  -2.967762 -2.670922 22.371883  -0.186330 0.963734 -0.191045  0.609833 1.000000
0  -0.676893 -1.516127 25.996330  -0.186324 0.963736 -0.191037  0.613340 0.124957
0  -0.673036 -1.520383 25.937864  -0.186327 0.963735 -0.191040  0.612974 0.132294
no_material
0  -0.676893 -1.516127 25.996330  0.169013 0.972108 -0.162605  0.613340 0.124957
0  2.332607 -2.633687 22.406374  0.168997 0.972113 -0.162592  0.573222 0.250000
0  2.294446 -2.634476 22.399015  0.169004 0.972111 -0.162598  0.573256 0.250915
no_material
0  -5.774226 -3.446109 50.732262  -0.666070 -0.024324 0.745492  0.625000 0.869792
0  -2.973737 -6.296893 53.134590  -0.666074 -0.024321 0.745489  0.625000 0.750000
0  -2.981388 -6.250165 53.135998  -0.666067 -0.024328 0.745495  0.625912 0.750183
no_material
0  -2.973737 -6.296893 53.134590  -0.483125 0.009493 0.875500  0.625000 0.750000
0  -0.755718 -3.219611 54.330963  -0.483133 0.009488 0.875495  0.753472 0.625000
0  -0.792825 -3.221093 54.304379  -0.483131 0.009486 0.875496  0.751611 0.628490
no_material
0  -0.755718 -3.219611 54.330963  -0.470309 -0.211663 0.856743  0.753472 0.625000
0  -3.930771 0.000001 53.377022  -0.470274 -0.211628 0.856771  0.625000 1.000000
0  -3.926215 -0.050775 53.372818  -0.470271 -0.211632 0.856771  0.625810 0.996508
no_material
0  -3.930771 0.000001 53.377022  -0.640278 -0.223195 0.735002  0.625000 1.000000
0  -5.774226 -3.446109 50.732262  -0.640289 -0.223180 0.734997  0.625000 0.869792
0  -5.734213 -3.440825 50.761463  -0.640281 -0.223197 0.734999  0.625166 0.869552
no_material
0  0.000016 -0.000001 55.036491  -0.620965 0.107824 -0.776387  0.250000 0.625000
0  -4.997282 -4.997297 58.345421  -0.620957 0.107831 -0.776392  0.375000 0.750000
0  -4.997288 -4.952473 58.345428  -0.620961 0.107827 -0.776389  0.375000 0.749272
no_material
0  -4.997282 -4.997297 58.345421  -0.752382 0.107866 -0.649835  0.375000 0.750000
0  -8.494727 0.000001 63.218575  -0.752343 0.107910 -0.649873  0.500000 0.875000
0  -8.456621 0.000001 63.181873  -0.752375 0.107866 -0.649844  0.498879 0.870972
no_material
0  -8.494727 0.000001 63.218575  -0.752588 -0.107744 -0.649617  0.500000 0.875000
0  -4.997280 4.997298 58.345428  -0.752577 -0.107734 -0.649631  0.375000 0.000000
0  -4.997286 4.952474 58.345432  -0.752588 -0.107747 -0.649616  0.375000 0.005999
no_material
0  -4.997280 4.997298 58.345428  -0.621007 -0.107818 -0.776354  0.375000 0.000000
0  0.000016 -0.000001 55.036491  -0.621017 -0.107819 -0.776346  0.250000 0.625000
0  -0.038072 -0.000001 55.073177  -0.621009 -0.107821 -0.776352  0.251121 0.623214
no_material
0  -0.004003 -3.339871 1.862359  0.618298 0.752605 -0.226479  0.379077 0.125000
0  2.177025 -3.750637 6.473862  0.618300 0.752605 -0.226475  0.414139 0.250000
0  2.169639 -3.763298 6.389557  0.618297 0.752606 -0.226482  0.413356 0.250140
no_material
0  2.177025 -3.750637 6.473862  0.760659 0.611678 -0.217366  0.414139 0.250000
0  2.898606 -6.240163 1.970376  0.760657 0.611685 -0.217354  0.379892 0.375000
0  2.869372 -6.208191 1.980867  0.760658 0.611681 -0.217360  0.377475 0.374963
no_material
0  2.898606 -6.240163 1.970376  0.804411 0.592728 -0.039943  0.379892 0.375000
0  1.652049 -4.659835 0.442752  0.804411 0.592728 -0.039944  0.125000 0.500000
0  1.656057 -4.654111 0.483696  0.804411 0.592729 -0.039944  0.130925 0.494267
no_material
0  1.652049 -4.659835 0.442752  0.593138 0.803440 -0.051683  0.125000 0.500000
0  -0.004003 -3.339871 1.862359  0.593146 0.803434 -0.051690  0.379077 0.125000
0  0.027097 -3.368011 1.875822  0.593145 0.803434 -0.051690  0.376732 0.130102
no_material
0  -5.121423 5.121444 68.091728  -0.757221 -0.114091 0.643117  0.625000 0.000000
0  -8.494727 0.000001 63.218575  -0.757219 -0.114104 0.643117  0.500000 0.875000
0  -8.457479 0.000001 63.254452  -0.757220 -0.114094 0.643118  0.501110 0.871033
no_material
0  -8.494727 0.000001 63.218575  -0.757271 0.114089 0.643059  0.500000 0.875000
0  -5.121425 -5.121442 68.091728  -0.757264 0.114087 0.643067  0.625000 0.750000
0  -5.121187 -5.076149 68.091957  -0.757270 0.114096 0.643059  0.624994 0.749311
no_material
0  -5.121425 -5.121442 68.091728  -0.615782 0.112658 0.779821  0.625000 0.750000
0  0.000020 -0.000001 71.400658  -0.615788 0.112676 0.779814  0.750000 0.625000
0  -0.037859 -0.000001 71.364174  -0.615783 0.112668 0.779819  0.748899 0.623259
no_material
0  0.000020 -0.000001 71.400658  -0.615638 -0.112693 0.779929  0.750000 0.625000
0  -5.121423 5.121444 68.091728  -0.615638 -0.112687 0.779931  0.625000 0.000000
0  -5.121185 5.076150 68.091957  -0.615634 -0.112690 0.779933  0.624994 0.005944
no_material
0  0.000016 -8.494745 63.218571  -0.114145 -0.757257 0.643065  0.500000 0.625000
0  5.121461 -5.121445 68.091728  -0.114140 -0.757256 0.643067  0.625000 0.500000
0  5.076168 -5.121207 68.091957  -0.114142 -0.757256 0.643067  0.624994 0.501105
no_material
0  5.121461 -5.121445 68.091728  -0.112711 -0.615638 0.779927  0.625000 0.500000
0  0.000020 -0.000001 71.400658  -0.112708 -0.615639 0.779927  0.750000 0.625000
0  0.000020 -0.037880 71.364174  -0.112711 -0.615636 0.779929  0.748899 0.625000
no_material
0  0.000020 -0.000001 71.400658  0.112781 -0.615602 0.779945  0.750000 0.625000
0  -5.121425 -5.121442 68.091728  0.112765 -0.615607 0.779944  0.625000 0.750000
0  -5.076131 -5.121204 68.091957  0.112772 -0.615607 0.779942  0.624994 0.748894
no_material
0  -5.121425 -5.121442 68.091728  0.114222 -0.757259 0.643049  0.625000 0.750000
0  0.000016 -8.494745 63.218571  0.114202 -0.757251 0.643062  0.500000 0.625000
0  0.000016 -8.457498 63.254448  0.114209 -0.757256 0.643055  0.501110 0.625000
no_material
0  5.772214 -3.491132 30.751987  0.714818 0.668823 -0.204231  0.624772 0.352719
0  3.434965 -2.112486 27.194523  0.714779 0.668846 -0.204293  0.622472 0.247222
0  3.440119 -2.081141 27.207813  0.714799 0.668836 -0.204254  0.622535 0.246926
no_material
0  3.434965 -2.112486 27.194523  0.247411 0.864688 -0.437153  0.622472 0.247222
0  -1.154172 -0.787967 27.165108  0.247406 0.864684 -0.437164  0.624737 0.123741
0  -1.039817 -0.813829 27.230301  0.247443 0.864675 -0.437159  0.624705 0.127267
no_material
0  -1.154172 -0.787967 27.165108  0.229181 -0.349865 -0.908334  0.624737 0.123741
0  3.893814 -0.000002 28.161860  0.229231 -0.349866 -0.908321  0.625000 0.230556
0  3.887220 -0.033837 28.146851  0.229214 -0.349868 -0.908324  0.624980 0.230841
no_material
0  3.893814 -0.000002 28.161860  0.378768 -0.416336 -0.826558  0.625000 0.230556
0  5.772214 -3.491132 30.751987  0.378784 -0.416357 -0.826541  0.624772 0.352719
0  5.675797 -3.434255 30.708185  0.378763 -0.416325 -0.826566  0.624741 0.349270
no_material
0  -1.652051 -4.659835 0.442753  -0.805776 0.590456 -0.045672  0.125000 0.750000
0  -2.902784 -6.240161 1.968943  -0.805776 0.590456 -0.045673  0.379077 0.875000
0  -2.873725 -6.208180 1.979574  -0.805781 0.590450 -0.045668  0.376461 0.866962
no_material
0  -2.902784 -6.240161 1.968943  -0.760658 0.608889 -0.225062  0.379077 0.875000
0  -2.232704 -3.750636 6.461334  -0.760660 0.608882 -0.225076  0.375000 0.000000
0  -2.224541 -3.763318 6.377123  -0.760661 0.608880 -0.225079  0.374914 0.009124
no_material
0  -2.232704 -3.750636 6.461334  -0.617051 0.751642 -0.232986  0.375000 0.000000
0  -0.004003 -3.339871 1.862359  -0.617053 0.751642 -0.232983  0.379077 0.125000
0  -0.035232 -3.368087 1.875702  -0.617046 0.751643 -0.232996  0.376497 0.132480
no_material
0  -0.004003 -3.339871 1.862359  -0.592258 0.803777 -0.056325  0.379077 0.125000
0  -1.652051 -4.659835 0.442753  -0.592252 0.803782 -0.056320  0.125000 0.750000
0  -1.656292 -4.653960 0.483629  -0.592254 0.803780 -0.056321  0.130849 0.743331
no_material
0  2.215092 -7.194310 22.574404  0.955433 -0.293646 0.030325  0.573222 0.500000
0  3.004300 -5.404794 14.695745  0.955430 -0.293653 0.030355  0.492733 0.375000
0  3.013499 -5.397944 14.815997  0.955431 -0.293651 0.030343  0.493990 0.375013
no_material
0  3.004300 -5.404794 14.695745  0.969401 0.245469 -0.002439  0.492733 0.375000
0  2.332607 -2.633687 22.406374  0.969402 0.245465 -0.002445  0.573222 0.250000
0  2.331378 -2.670835 22.404110  0.969402 0.245468 -0.002443  0.573175 0.252026
no_material
0  2.332607 -2.633687 22.406374  0.935310 0.261416 -0.238448  0.573222 0.250000
0  3.893404 -4.703575 26.302645  0.935317 0.261404 -0.238435  0.612524 0.374219
0  3.888218 -4.707386 26.234848  0.935317 0.261404 -0.238434  0.611842 0.374206
no_material
0  3.893404 -4.703575 26.302645  0.923912 -0.325406 -0.201239  0.612524 0.374219
0  2.215092 -7.194310 22.574404  0.923914 -0.325405 -0.201231  0.573222 0.500000
0  2.215645 -7.157674 22.567831  0.923913 -0.325406 -0.201236  0.573159 0.497976
no_material
0  -0.676893 -1.516127 25.996330  -0.115891 0.982391 0.146553  0.613340 0.124957
0  -5.503620 -2.253980 27.280043  -0.115878 0.982392 0.146552  0.625000 1.000000
0  -5.272641 -2.249500 27.279137  -0.115861 0.982395 0.146546  0.624716 0.956162
no_material
0  -5.503620 -2.253980 27.280043  -0.111464 0.238581 -0.964705  0.625000 1.000000
0  -1.154172 -0.787967 27.165108  -0.111491 0.238610 -0.964694  0.624737 0.123741
0  -1.154047 -0.806446 27.135862  -0.111460 0.238621 -0.964695  0.624515 0.131255
no_material
0  -1.154172 -0.787967 27.165108  0.095671 0.293455 -0.951174  0.624737 0.123741
0  3.434965 -2.112486 27.194523  0.095669 0.293451 -0.951175  0.622472 0.247222
0  3.218038 -2.117023 27.194855  0.095658 0.293457 -0.951174  0.622286 0.241212
no_material
0  3.434965 -2.112486 27.194523  0.089567 0.976045 0.198276  0.622472 0.247222
0  -0.676893 -1.516127 25.996330  0.089642 0.976036 0.198288  0.613340 0.124957
0  -0.677353 -1.497647 26.025591  0.089590 0.976044 0.198274  0.613685 0.130514
no_material
0  4.217184 -3.446111 51.658581  0.885292 0.091632 0.455919  0.625000 0.380208
0  5.766367 -0.000001 47.967693  0.885290 0.091634 0.455921  0.625000 0.333333
0  5.738454 -0.000001 48.011547  0.885294 0.091641 0.455912  0.625267 0.334041
no_material
0  5.766367 -0.000001 47.967693  0.885344 -0.091620 0.455820  0.625000 0.333333
0  4.217186 3.446110 51.658573  0.885337 -0.091601 0.455838  0.625000 0.380208
0  4.218942 3.397851 51.655815  0.885343 -0.091615 0.455823  0.626522 0.380681
no_material
0  4.217186 3.446110 51.658573  0.778802 -0.104553 0.618495  0.625000 0.380208
0  2.032740 0.000000 53.833530  0.778812 -0.104547 0.618484  0.875000 0.500000
0  2.057112 0.000000 53.795242  0.778804 -0.104553 0.618493  0.871675 0.498343
no_material
0  2.032740 0.000000 53.833530  0.778758 0.104571 0.618548  0.875000 0.500000
0  4.217184 -3.446111 51.658581  0.778758 0.104577 0.618546  0.625000 0.380208
0  4.218939 -3.397852 51.655819  0.778755 0.104583 0.618550  0.626522 0.380681
no_material
0  -2.967762 -2.670922 22.371883  -0.496011 0.855734 -0.147281  0.609833 0.000000
0  -0.116408 -2.348431 14.579193  -0.496015 0.855734 -0.147272  0.492680 0.125000
0  -0.141497 -2.373766 14.579625  -0.496015 0.855734 -0.147272  0.492686 0.130929
no_material
0  -0.116408 -2.348431 14.579193  -0.501899 0.864752 -0.017361  0.492680 0.125000
0  -2.232704 -3.750636 6.461334  -0.501901 0.864751 -0.017371  0.375000 1.000000
0  -2.236670 -3.739507 6.593453  -0.501905 0.864748 -0.017385  0.376928 0.991830
no_material
0  -2.232704 -3.750636 6.461334  -0.870640 0.491913 0.002712  0.375000 1.000000
0  -3.159437 -5.417592 14.664518  -0.870620 0.491949 0.002743  0.492680 0.875000
0  -3.134647 -5.392587 14.663840  -0.870642 0.491909 0.002728  0.492690 0.868605
no_material
0  -3.159437 -5.417592 14.664518  -0.864018 0.480314 -0.150905  0.492680 0.875000
0  -2.967762 -2.670922 22.371883  -0.864017 0.480320 -0.150888  0.609833 0.000000
0  -2.959731 -2.677551 22.243141  -0.864018 0.480315 -0.150901  0.607911 0.008240
end
